PING: 26 bytes transmitted, received: b'ABCDEFGHIJKLMNOPQRSTUVWXYZ' (0.003593 seconds)
PING: 26 bytes transmitted, received: b'ABCDEFGHIJKLMNOPQRSTUVWXYZ' (0.003668 seconds)
PING: 26 bytes transmitted, received: b'ABCDEFGHIJKLMNOPQRSTUVWXYZ' (0.003644 seconds)
PING: 26 bytes transmitted, received: b'ABCDEFGHIJKLMNOPQRSTUVWXYZ' (0.003276 seconds)
PING: 26 bytes transmitted, received: b'ABCDEFGHIJKLMNOPQRSTUVWXYZ' (0.003228 seconds)
PING: 26 bytes transmitted, received: b'ABCDEFGHIJKLMNOPQRSTUVWXYZ' (0.003083 seconds)
PING: 26 bytes transmitted, received: b'ABCDEFGHIJKLMNOPQRSTUVWXYZ' (0.003068 seconds)
PING: 26 bytes transmitted, received: b'ABCDEFGHIJKLMNOPQRSTUVWXYZ' (0.003117 seconds)
PING: 26 bytes transmitted, received: b'ABCDEFGHIJKLMNOPQRSTUVWXYZ' (0.003104 seconds)
PING: 26 bytes transmitted, received: b'ABCDEFGHIJKLMNOPQRSTUVWXYZ' (0.003046 seconds)
ping: (10, 0, 0.03292393684387207)
Configured: D7A-like Normal Rate (55.555k GFSK)
>>> Capturing 'D7A-like Normal Rate (55.555k GFSK)' for 45s -- toggle the vent now <<<
  ...heartbeat: 20000 iters, 4.9s elapsed, 0 hits so far
  ...heartbeat: 40000 iters, 9.7s elapsed, 0 hits so far
  ...heartbeat: 60000 iters, 14.5s elapsed, 0 hits so far
  ...heartbeat: 80000 iters, 19.3s elapsed, 0 hits so far
1787431794.816677 sweep:D7A-like Normal Rate (55.555k GFSK) RSSI spike: -43.0
  -> 255 105c8a57969cb1031f21bd2def21fe01dfe8017e9594d7e4956ec4b0ca76228d5d8bcf0935f655e5b25452e60d807449e40a6b4cbdcdca69385fe96a09ac008f82e1ea2cefd5c82d117c64bc1f9c7036319b4e068c071137c2c156318934785849979d2eb3bbb82416edfce5f9a19813d1988018f79551bffa97dc15e23dcbe807c9a29a2d2dd291da7fb510d5bd27da52c780af1817c5b28a9c43f8d753d4dadbc9053cb36db3d4e98879157d825a573c50e31021467111ce7af2e9f5ca1e34dae7382bc0d2f0707cd987a1c8056747799fbbf572037f21a5170cef6057b4fe3cf91e3bc31ae593bd7cfc66e39580343599953a681ab058fd63e0381dca70
1787431794.8170502 sweep:D7A-like Normal Rate (55.555k GFSK) RSSI spike: -42.0
  -> 255 d0dd6a013ea85fe1cd817e8d53dd666976f5bd5c72be50dd482de6494ca9f3abc73e5b5cef31bfc814b4a3dacfd898326960074efd2d7e55d8cab0d16638348cf42187f1c4f771691a49a1a70bcb81c03cf70639317e7fcc40aa6d91e9043df33c1520335baf536bef2b4a80e119b08535a686655dca31bd8d3ff980d95aadf5f66c25bf54ab566534c03107aae9f394f760810e4fdd84285407f496271a0c4acaedbdbe138b5689d2d2f8b2594d9d18ba9cc36dedc9e9101d7274eacdc94143d8880f8f3e40e91e8015367f676468e1fb74553ae397bcfd007591bfa15a5a5ac9e93909207551848d88997fc2dafe08585aa50bdedf6744f77fb75164db1f
1787431794.817329 sweep:D7A-like Normal Rate (55.555k GFSK) RSSI spike: -43.0
  -> 255 8151e2786f281c98507832db080802efb7e615e9ebbf3e9812a0dee37a478af97191ec9496287fd6c50131492addd7a74975069122b9df8fe9dd303496de28010fc1f3735ca49ae0928d93474db0ea4a5f03068866a4664f0ec7240af6b98140b8c5e116c4e12656ceecab9d9f9961c3e295f0b0bf57ddd9e03a9ed12ed66d582be4c0f051362d8e2222b5b07dc0ca5b016dc33b450e6deba827047cdb22fdd4f28277134a9a6aa6b69b9b1cebc57b05077a042787217351e8ebd0cd7f2931c6f64a6936e0f664c60a9e67a6bcc70b121651d739e674619ea8eaf6bc237ffe73dc06c96fb182201cf654688a3884ee2c4e004774a99f8258c6c8cd3582564d
1787431794.817618 sweep:D7A-like Normal Rate (55.555k GFSK) RSSI spike: -43.5
  -> 255 c9e60587898cf7bf91bef080106cc19d3fe59e03f977acf68c6496a850a43380668b421c6f7dbe5e03539323a9edec5e161256b0fd5453fcd7014f1309fe877ed67cedfd9a582d1c82a7c598176bf306969d55f7762b31c287adc96d5de17bf0f67cdfe7abe67c69e172c11bd2ba91300016a0b0a842f065a999d0b01f3615132a76e76cf06ef70baf1973e9d5f2e232cebe2fc20c30204d3850ed319897ba72dd1019e5b4ad78bfd208785ffacb11008e1e8f629403b0e03af38ff7fb8123ad9041d4cc3f097086c92b3ed4a08be1b9e286ed66492285d9a4e30b9c27404638a03bb6283b7098dda13de595b72b6cb81f06813fb387f163a0abac63f444f6
1787431794.817855 sweep:D7A-like Normal Rate (55.555k GFSK) RSSI spike: -42.0
  -> 255 007a8d825b510448631c206be447dc4f376a11a5bb196874656be443277fd19c5a0e552fd5394ac46105c0b3a541cea7365544dc1566266a4adf8203dd542872e0fa7664745dc7e52bbdcd130890da850697415b83ed438fc888f64fd6de32e231d84e7e9b5cd95c98e3cdc2e6553ac87c9e36554826df3ccf00684f5f235e004edcf84474c76284080488d63bb952470e877c93d9daa7e2118976ecba072dce9b3ec756be1295023aa56c25abb6c1fecfb47c2606ddd5b70197dcd2ca4227a9417ff9e0dd3650e0c7859ab84d004ff58cd1250709ed00b205b987d420f01b9d2d6274034b265de29fbc58ff295fffc35dad1eceeec36d0c38fe04404b01d9
1787431794.818103 sweep:D7A-like Normal Rate (55.555k GFSK) RSSI spike: -43.0
  -> 255 f20585b852d8902ce370b359dc3886d300a2825518fdadd86bc38836ee4c451d3112e3e1883b352fc877701cd4c856ab6c4c3124c30ff0a63a69461d7d38b8042f1c6aa62df3a4d1465d6857a02ed3d12bb743bc3a61b1a44c2bfef81809d1943971b976cfc88dc94a7a064e846940372dfc1c34100f1e7493ca1f577a009652dfc0dfbc1a0bc2010f2619127771f8f23ad0e144d093b95500f2b8d77fdf842db71b635e132f238866f90dee2380a4e565edc0bf163c3bf252ea341500bbc57dad9c2b7e89e4462b073d69df88d529fe9796d4018850dcea76c93cf56268da4dd7d635014d558e4f3ba41e8c860b901bf9e6d8bf7314c28bc943f26e6e5970
1787431794.818356 sweep:D7A-like Normal Rate (55.555k GFSK) RSSI spike: -41.5
  -> 255 f23c715883deb84712b0f6cd1310f8a651a66a60165ccb0e27861dadd9ab69692261f825280f556e24cc261f72774d51f44a521ca03aac9bd967782a73f1bf8f2a549a65c30a128c4557e9d3a5536e319c04f04a2cfddc00f72e94f4c61a32bd3063dd45c416637a3dd66cee57500ace515400ba802478948ed6edfae2b2bd7bf63b9d7a55a329cee7a1dac678e618d7cb5e5f910fd72dcf1079316c96203bcb6f51d3e8271f8bad63d62b1ede22a7db015dfa50f822d02eae389afdf20b2337faa46d055f22946f6022663c383442f5b3ca8fc9250db21b0c8103b8f17d48ba368a7abc6d9143058aa638d6d6e1491f0696308175c58eb308cb82a14659b0
1787431794.818588 sweep:D7A-like Normal Rate (55.555k GFSK) RSSI spike: -42.5
  -> 255 37e106178441ba32f5a6ba27a37e2cef1793b06eecb27c3c0727e49458af06e59ecc560ab67a0d690e3d6b77edd3c74532243e7d9b19c2e3a49b9258e7ef54128368ca3b34d4db1370e7f4a7cac5098814d7fd7638363f404a2638f66f2e9024afec9fc76aac695565d15e0995e61fdfcf84662601136019ffc86d700d0600437a1d2897fe053d4aa29c7bc138fd1f21c1e5fcc0e321fce5505bb4761d69c2d0cb69f529ffbf42c59268202be5c890fd3c1494e0cf0dc41871386dcef756ff28ccd9ae56737b571af6c1903ace8428681396f89f8fcacc705d71664572a3ce18150ec2eacfacc96e8411870e30ee0c9ebb84a0b8dbf36b8837d90bcacd98e7
1787431794.818836 sweep:D7A-like Normal Rate (55.555k GFSK) RSSI spike: -42.5
  -> 255 a4ffd746d7a1606ec98d50c31523a0582e8f34ee75305bf94b5f0f22cef15e06f7fe323df591d483ab113a609a00a11559ba5cef200b5dbcbeb357bc506a14e8965508cc772223b1666763c4205c8283d3329958d630dd949dadfcc616e2170884acd7c1419dc0b6d97a09fb75f8a913bab217888b76a7a8802f76927d7e85b9759e79f143a6adb0e48a03b771740017dd6f188a80d19907df48abefe362cdb3314cd9f72f211be89deab6fb364a178de4dce12a2c8f786d6b1eeb7e36cb3d07d4a7ccc3a717a820bbd2c0aa1c896feb1930284307f9077039aae7e1fde0033c784a43d029e3c7cb21adccc3078bc7c9828f330c6b54319a1f7fcc367246cd
1787431794.819103 sweep:D7A-like Normal Rate (55.555k GFSK) RSSI spike: -42.0
  -> 255 10381846664683b5bf72d40532c6f4eb53f4b5b7e21df3f4bbb7122aeaa24ba6df8180d0bada4127fec03da3558d2acdb9bd6ae248eb1e982e2151927ac4418028dfcc8244dcb6dd32e00113effd67599c89d19295a827f8a2b04a094b0d63957f0cafb66b1b4b8db90b5ff99ab0005ee91c50d1318ea057147b62d01c3cd70b05318b2beba6ecee6671b0c751941544bce9d30da299238046d5af149c91ca7d9b88245d8226e0b1b1669a449f0ccfdd290b356f2e162906a6cf79ec070d8ac1dbc39358f7ede1e5a11d31a598761d23be965c2703b9f7be0a10ff1e1f22b00f8df2f7efa79863dd82589f59bcf4634b93507424e5c8a7e187683c5455ef7a
1787431794.819448 sweep:D7A-like Normal Rate (55.555k GFSK) RSSI spike: -44.5
  -> 255 b9ed3ce9818064eb2783e3ab211bf9fe0fef4125437a0ab7a337bb46b94196d10eba05e6c6f6e471a86f6819c440908c0a1bb5ea0b7b5bedd93827113498c3d3f9db98d81029b45358d484385c641399f6e51ee0d0245378773925c6249fe51a6a14f3db3d2f2443c41c0b1c7f70b30fa3c5b1e4f872c1828974bf436562cf0c9ea92fee7276d78b24738a44d4cfc3eadca0572ace0ce9f3de5ea353a8d990aa7ad0ff2d17e48ebbb7fada269f8eefa62ac6b5f40f66cef23f80c5095cc9566fee90e00bf697c5497461d3a1d03e471af32e3bde7a75d29efcd41b09cfbad761f100bcb18577c239a9fbc522392bb1302059d83b783e2e8f39bcaff819ba78
1787431794.819686 sweep:D7A-like Normal Rate (55.555k GFSK) RSSI spike: -43.5
  -> 255 717836b5e99ab1ae931fdd827c8eb21de6234cf04c71fbe5aef566d5368f64efd3f2ced9455397db6f5e17e5c4be95f6592110798ea60df4868c728804a58563534bacd4747b3d80db7e2f4cff7227f3a9208986ba4710f1fb8607f61f237c29f5e71c85e0a08555431b515229c97f30d71b940817435e57b7be2c3d76aa6359025d923cf5aa20d3792c0b1940c7bac86d62abe792df1e5f341cef1e670bff7970ade1e59891cbce919ce1bc6c709ceda57e2cc19c49c6007d77bf1cd3b48bb15f6d6f29ed5a21cb1a3d25aa8c051f1b44b895857343b6ac94a98d937e74046fd2a084efc934444045fa7cac25b36ce10328a71f772c57e4fa967ea0310b9c
1787431794.8199391 sweep:D7A-like Normal Rate (55.555k GFSK) RSSI spike: -44.5
  -> 255 33e7d608b2fdde7656d5bc99dab0fcab1f185cc4874c20498df0510149e8e868475517cdc96e4b5dfba7fc3482e2388f3858aaec32f778813b52e5b4609d5c29f3f087e380359e7339894fd255c26ee5c1895b01b0795e1832f9360a6d94f496e89fecf2691b79ce8ae838e844c0fc82d9a5294c045f289dcb6bf5d3e2bb46cf7876f9915233c1d1e6b58acbed48120c313239e19fa0d558cc49cc884ed67502fbd70e9fa2a624105fd2f0df90bba5f91b6e6b3eedb3e07f84ec02d711ab400df515b92ea35d9c1cc9236d523a0b7281c7ddb2947dfe1c574d8308c0fe25eb9570d85fa32c223f08aa042375ec58dc1ca09c51e3e0e90cc8ee25fbc98d62f0
1787431794.82018 sweep:D7A-like Normal Rate (55.555k GFSK) RSSI spike: -44.5
  -> 255 fe6bb8b34d29af3ea8c4bf5b3b3a8e02eddcd850240e52fe9577fbd88c4981782b0082b233713fc9bb5148ca99bbdfc094edd4742413907859c89de8207844f7ccc906a41a914bca4c8973e9eb07d7a4bc3bb9082678b05bb9b9c594758bd2a610aad08474252dd28fd6e8286fc9dd88adca555fe235d8e3738c5292819fe7031a532b753ab30a150a4d3ba878364bd0976eb2c56f288b0aa4ca033c228e3a3b64efbd5ce8ccd877ded7496f3480995c65f300b49dc6dd8867073ea1a5338e2b1da16e1ae62d88bd91c2d9a7e3b6afc6ebe0ffa480794dcba172330a9a3eea8925467fbb8cfcb965ae932687604e8f9f6935b0d46e4404ac3c042974da95c3
1787431794.820425 sweep:D7A-like Normal Rate (55.555k GFSK) RSSI spike: -43.5
  -> 255 38ab96600eb10d54a4183c6e4c3c3cf42622166be57cab823f503d37d367e09fe6881bb79599b3d32fe78dec2a4c32f97e67e4de4e01e577ca7bca5082eb7bcf4e45671e7c605ab33b50a5a9d59fb5086e50f6f2cbaa0af5a9a0efed962745b2d12a3c872c96d9455e087829abd75d19e3042d091574535021ed2cd59a87188d191ed6c951bf8f0a55947cd14c3815105976a49eec8a2c56c292077123f0649985a94a9b780df0ed2be1e2fc703c6fc817952b723e81ee577150257a62eb78c6ce9ceaa9e18ab0dfe93701630b512f6d80da9903e17f358fea099c8e5dc92430097afd6721dff8d15c71d0360e55d9c6281e50a164616d2d9bd3b363c97301
1787431794.820673 sweep:D7A-like Normal Rate (55.555k GFSK) RSSI spike: -43.5
  -> 255 846615a590154101d9a185e0c37a723e3cab69a6340e3110fbba878edb7e495abb5091891af885b824bf975aa4b996d140ed4dd87e99b0d4cd4dba6b6dbda7e9891f23a99ec1fd98c5fe6f17e946fcb25d3063fa1e621d5e3e62b3456cf4b6f6d476ab3a08a29664c8c80a47296b2cff588f8542855f2065547597a53992dfe1055208a2fd485f02b3d85096e7bc78d20678e9ba18d4d07d59f804dee7e3e354b253e426867f41da18e82a5fb47421bf3aebf0b4287308e8b85574691468e7db1e6e50dab0eeea31289022d8afc0b1ee339ae9a4bf7cc3b2ba672ce79e71bb52d3917114da48ad2fa7660bb38e1ffec16831579d0e74e88b1f778759de0301
1787431794.820881 sweep:D7A-like Normal Rate (55.555k GFSK) RSSI spike: -44.5
  -> 255 61a5dccd05e98e997fd565ea7003b6c3c069963c1ce3391ba4af70f2547fd41622c6a1ead7c6bb1ca8f8043b9b1483a313e35a1548878db51dcb9938773c1c45321c4ba3a083444691ac0c2b6b47f0f4267a2c7f0e56a06ac67e65f7cc2f062b593e39ae6ff4c2ca7edda77078792f2a5ae2d76f95d76d567529c5c3c0f1db39384af1ad10c5600cf2c4f39c16ea63762024ea79dd69a445740a9f4cab23c56590222bff29dd214112afdaf5210508190df32eb5599c253dd09895208700d35a88f8a8d829bd3c64172b930b70ba4d8dd0855a67b229255e5c341ff8f2e4ff898bc0d7b5dedae736293483aaf70372bcae16525c763e058adebfc7aa404a80
1787431794.8211808 sweep:D7A-like Normal Rate (55.555k GFSK) RSSI spike: -45.0
  -> 255 87d63a190fc3d4cd84466683f9da3166b2b6d200c8d53460ec0333fc363ab251dd01affa24d2d1dc3f1b051b7c94b4e478db242de033a442e574c2f73d371ef30471aa41fb1014320381c165a2da74c82d6d21b4c7c7612b0eef184afd7123435abcfe6fd6299621f025f09c52d773c7a626ef446d99b90354b98c50c7e5d552749c6f79cbbc9a0d3dcb38811465f3a1605139fb4c175b71d61d10a137ac5d4190217c4caf00c6d7f04f29f2e424efc9948186d91b9ab9ff524fded4b57b2a3dade14afea3ba1abb2f11d7d84d8008abfb85d6eaaf2bb3910e5d26c2fd1c89455a770b98e88e8a14426192a935151c1b5fbe41c38299d5b56203733c89b39a
1787431794.821419 sweep:D7A-like Normal Rate (55.555k GFSK) RSSI spike: -44.0
  -> 255 17a7c456e4e1ddeba4db6c5962f324fb8c43d2028c25f4d69afe5ae96f40e830c5d05719e7a6ed61cc0588a5fadfcbc902775d1dcab7959092307a428e90ec1d021677f696f29e112a758294bd25cdc9045465cd67e4741ac05b616da33a8817bf4bd9f75a310f6716fcb83ab79cf8f3fde5196ddc9f70571bee32e1663c5a5a0d1bbefc5fc7611af67561d14213ec24112b4873e3ffe15ca028ae27094a10741b3ae2292859e9b9cf864023d3823a9f201a3026356c4eea433c16f8015904bbafb8e0fe0683640ffbd0569b8050bd7daf5f7c56a33038780160ae487ac45411ee442299b9b198749fe710410c2b80d53fe274182e86bcf5b9255303b78524
1787431794.8216279 sweep:D7A-like Normal Rate (55.555k GFSK) RSSI spike: -41.5
  -> 255 fd9ca16feb4061a7a689b8953e11699e5966633957091a45fa2d2d6e4c9b79cffda094a5480bf0754208558e92025507fa461abfcfa3685712bdedaff2acdf00b84dc8590c5574fd897adbd961791bdd8d94727b166984c0c9861aa233653a18922756a7ff79e9b44de8de7165bc0197b9b32d3fc1661ba9277cd66cc5be05575532a9c468243841b0126094461e5af0162f80e990dbef538e3d6cf679c85c9eb028483349acb84bbe9357bf9e257a413251099f7fe5cedc291de4e955f5c6930beaa8fad68fb5eedcc527a8d49abe6815e4801ac5ba3a18348a09cf924494a625718637c904660c59001536d12b142cabf4482349bee0b8c083e9a9687b5a
1787431794.821858 sweep:D7A-like Normal Rate (55.555k GFSK) RSSI spike: -42.5
  -> 255 c1915860e8a0a49cbbefc650ebeea7f7fe2317ecbb9f6fffddec12a2cd6e18f7ee436c51005d1f28afb18fbbd8fb3f928f08deaec75c9ba7c9a2acd9729aed998df11a127b14dbcc841306ff18b268a91c3d03a1d29c86b80a91f9d222c57bf9faf72004d9ea2671aa4ceeb7daa6ee774ae7f16952a16f09270d56d0cd900f44c4664c0cd884e77c6e5956ca712ef0e685706674aeaf8edb0db3a45e54c1f9dbb42685af66ec4c423377e0a0c9100da39ca770add6cb3d2dd247c9b60d3bff1ad7f213c1fa4655722fb7cf6706cc5b43c13f98796d3e3b8ed6d42e06318dc3f6866a66c7b0c471f5c10d7b7998efa6ecf32dc493c1d1dbe835f8b1d6d59b8e
1787431794.822119 sweep:D7A-like Normal Rate (55.555k GFSK) RSSI spike: -45.0
  -> 255 9090dfa9b158d1f723bad9fe79b0d5d3a8add4051995d023c78826af76637dfe4575a8d26788a8c8b1a980cd89b91f080225205c473fc731f7e219f5ce51f8ce0259bea81054dc1186066ca9b130a55bae2de81d465e24358e34322751ccc7f9578a6999af5be988bb4798cabcb43401efdf3563050a3b91d6b34e09a7fa2e12c0f7f83e34840c171676a9c94abb1a515ef033c79211770e56a648e8a9a54548e91c4efdf15877f58a9046ce45fe0c69493a5e785064988707b3fb6531b8e562a5a64c6f4fae94a9600de815ba699099d1234dee49b906f1a4abf73388e777a99f7840fc15bc929b6a47c7ae3725e3ae52f81bb6c8a462408d9b5aec0d69b1
1787431794.822353 sweep:D7A-like Normal Rate (55.555k GFSK) RSSI spike: -42.0
  -> 255 f44970a1936f8850c416bf5fb96ff4e96676ebc04c54af97877866e6e7ed1412fd30d7bcbbf154ac0dc5d2db2cefa2333cbc7c085596287ae6edeb73fbd9060e11924866fe4f54bc900b35f572c5cc00b9bbc55f9c349afbdd606268573b66260518735ae23dec93d12482bd9cabc81f575d719abd2104cd91db5444b93cd0f8a93c820b2fe03e0f70cefae7c0d249d56d13bcae5ca16e94ae955c39dcf4a823a7aaa5af81f8d8f4ccafe691a0b7e0b2a4f32d91a083584a5ba29310b750606b04a34b80cc0156b678a65547212f81ca8b288f86c86c91ea45c70d7403a4da913acf9fb88f146c2b5084ddeaa40c495fb04c2169b5532b6a5f398ef5847abe
1787431794.822617 sweep:D7A-like Normal Rate (55.555k GFSK) RSSI spike: -42.5
  -> 255 4ffd7486321117caabf1c0c9de23df3596712fc3dfe27f67a4e336bde10b0e05b3ae058defe43a37aeeac6e3e72a4a202f31531bb637719b16e11ba172cbbb40b41d98ad91b88a8d92996d277186e73f6cfc4785c4660ac94df8257e4cf48acf6956d3607d5f9b19fd7f1e30a405f3a4a1996994402fadc30db3da06aca135a90838627a7a22fab12a9acf5aa6d51e6adefb1a670d08ab6475898d502aa414257295e627bf878936432a695c9f39cc46f3b4f8648efaa40d2eceb3b87f166f211409b48a7a36e3b5537bce4da1545475732ee8d4fd59e11a3839f318bc03d26ebe3cfb09a6ec38f9b32c22054d2f5bc2d206c966ca492061929f6396ad8864
1787431794.822876 sweep:D7A-like Normal Rate (55.555k GFSK) RSSI spike: -42.0
  -> 255 077461d2c04e9c378d613ba37f0d20867d1af0cb628f3c227885b0ff47dcaa28210847244c9c216ec391ac74f5b2d48065ee588b1d80d59a71c991f09219f7a0bc19ca3f1ced367f51a0100d24020737f8cd3418af2023ff6123d3170e5953c7924e9c84b47bea8d5687fe01cd8b152169aedb5656b11dd5da23de35c64dc9ecda2fb15719d3ff043e42d781e8994604fd808814321d993b0b39fd34c3b21d6f7a8dbd413ba256bc5b5d4267ebb74f6d74c244d612a099c8e509e3f551091f7b2fc9f3d7ed1adaa3509524e1ccbe682598154c99a72f188b66157d43e6e340e3a72a5af71a9924b6f1838cae507fb0d5458ee9f843eb41ac60e35dd48daf74
1787431794.8231192 sweep:D7A-like Normal Rate (55.555k GFSK) RSSI spike: -43.0
  -> 255 39bfb05f9635a51caf3528f44a0eaecc18c5202e6125d3a79e29ad6b2fee48a5c7d75471d971f72080dc672b5129bc46f25490cecf5dbfdff9222368be1e62e7e673f36f6e3ff86484089f08fa5ee82bbfba9e612f0e127c8b213844c9742744bf67a40d64e9f34388a93997672b65d086766b056527cbfd4edc5672b58e08f9ce6c2bd886ab3eb9d18a2c0193b43faf7914192867cc5c6567850738722b0421600b21f3e2101d0d3f9ae18b68a79424f6239550cd3751e80a70bfce8bd81951c368b993a50ffe51a0dd80140439febb08c9e69832e11455cddaafc327fc11e5ee01ec0b4ebe7dc92a67c92448f95dd89828a2f1ffcbd90e9887c4560c59e7
1787431794.8233442 sweep:D7A-like Normal Rate (55.555k GFSK) RSSI spike: -43.0
  -> 255 d5da81b714c72814bfc86afccea4d08e6e53af39008353a288ea05c320b603212d812322fd3c64ab5332f2681f241adef58548754097e60699ed4634257aee0331d0872cc2ba51cfef8de18c4f6a7e0d4375d80f73cba664197922e5d9786543cf9fb0701c87cc1a8a0571443279935f442d0d187d1d1bf4950fadb864dd96af2d93c40fb52d3fbde34bb241493570129ea61f4711d01257252d86f204466af8b24ae6a0ccf9e7c64b87e7e7baccca27e71e052c26e1317b8f3348011570370cf8773ea01ef0f67ed41e17c088a6729d9d555f6977c100fe720b96b4ba31aa568246d9bacaa3cd122214010c2d7b952eac60d15cf60ee20b0392c3157962c9
1787431794.823624 sweep:D7A-like Normal Rate (55.555k GFSK) RSSI spike: -44.0
  -> 255 e7c847e1338c605e52db873e71f9c2911e37f834f3158514d453f34812a6b1079147b6a2bc124730026886f5ee2322ada43b1edbd4055555561664554d17d3f873b4511842bbd18feb17dba5811288f8de5bf708216c904733e1c48ff2903b39900ca95e1c5a16cc2b79c0c0a5d4b116bfe8875b00216d82f3dfb4fe3f62f4f193fc8f74b3a8913e7289863c0e3305d044e67b198abb1a53aa76c46a10c6308980f17975b634b0dc84343a59a6c5130aa89960741362f85000631781e6037a5258cc9070c6acf5cd01d42752db1658d8da646d982501bcc2d80571df0685ca3b0d3787ae73a55b63e77d15f2ea271a180706195f11e39e27eb43f4a962a3be
1787431794.82387 sweep:D7A-like Normal Rate (55.555k GFSK) RSSI spike: -43.5
  -> 255 e7d011377003554d9091cf4906697edc006d4aff651c12e38b573758d6200570979240f4f647fb33280084d8b0860660d4fe0ed5c6ee266255cfde6ed6cd0efdac80a8f8c9d80e823bc7dd9c274990546581334ea75d36983bd0e5b80791532ab570005a876241b1c73ed1f0b535125e79af65a5a2635936f20f0bf8e415468e09813d2b241ddeaa01fc710e2f8cce5ee1937b762f8c778d437943447647186ec964c5e1aee257dcde16c250e9bfb85017bd2192ed94024326eb47061bc3169fb869b61f004ade16722087caf65e84bb63cf60d2153217ba9ca7ad9171ca361d7d457225648763f0e97d396551031ce875c3ee163a05bdde946d517300208a
1787431794.824097 sweep:D7A-like Normal Rate (55.555k GFSK) RSSI spike: -43.5
  -> 255 b0432f898681765828340e6084d55cffc2af70478c9b9e92645e17b938ae72b55fe086508b10b421251be6303c79db6ec8b0d2112c7de21a6da370bbeffed3a8164a4e028dfbb9f6450fa136faaa6e7a84463e7e9238aeae0df224cdc018c0e480c97beaf4437d78d7a37eca6ff753dd6bb0df99a5f3c6fb17c4ef9a8e35df9cd99a45ee2881afa038a8b6f1a0537a81b94d9ed4a9db55e2082736cf65fc25e1138e78dbccda593a3a215d5312b36b7243b141551a78844f6049aaceb3fed5f79fd893272cedfa7f82ea068c915fadb9e5ace009c456a257602d6c7e17e702652b1e19183ef377c3de544a1c5cc445f15daf793fe00dc6afc91a3e7d0e21ce
1787431794.824398 sweep:D7A-like Normal Rate (55.555k GFSK) RSSI spike: -43.5
  -> 255 a40e5a0250390c96201ff9fae4caf06825ea3d15c3784585d931a0a7d822f77072f4defdca25e7e5ca9f32f59144245c32b3f89d0c2780b6d38694b7c562fff16dd56964bdad700578c155d5afd9afed57594787fe3387e5cc0268d45b26bc9a61605eb2f7c280838a90c90b08f88e44482366169e0b2d668c60dd1227b99fa9aac36b488aea64eb8200ad178034ef629e479e9216921dc524466201deb83f6deefa9df436d6dd0c85f74714c3cf4be3a9bd7786cc830f03e747454fb2ab1bdd8e518cb2033295a2922855be2d198029421a95bfa96409293a31814c9ba3786c1949e79f42a2f6998a6c5cf343bbcc575539f858477e92be1219512e994e7c
1787431794.824683 sweep:D7A-like Normal Rate (55.555k GFSK) RSSI spike: -43.0
  -> 255 298fa03532465068f01a913cce04e345707ff958b87640903716458ffde3575c55c4de9260cac14e0e32c7e3975cdd98340e5401ce4f380e2323c40b8de2292ff8da5f1eba8e3af1491ca93ee68c525729bbaed8e0eaa97d641755c2cdea8f14fb03871713f11acc00ee4a402116b128042577d3da20d34c6d9ffd1fbc413629e0cc8ee14752a76a3452fc5c39876de06707f40c70dd24e717610390306cb930c78f937453ee82a3d8d0c131f3105d7926607e182f4b1ee0595f4bed59cd746de4f89828c8f010e2c31a607da75baebb80c8dcf72211fd325d14b0e3192918645e87ce9eb64f402d9fe2f0471ad8acedc9415969a4dda14696f56d89b94418
1787431794.824926 sweep:D7A-like Normal Rate (55.555k GFSK) RSSI spike: -44.0
  -> 255 cd61bfe5641ee7d3434827a0b8c3ceab4d7f18b975f64cee10f7ec71e8e3b47cfdb2a0e879fee17a328ae1f419755e87ed4afc548d8e1e092d71a9d755b242fa4b22af700809b79ec18abdda4ac25c39bb9cf246709e404507d06ac17d3668bce3970b420e71fcc02b4eb2a1652c156a940c5ed99fe1190cc967882b7887a27960595cf6ecc3837c5d2fed5404fde70769523ffaabaa0ece3c2057c90f8f9bc831299aaf01e726c6d28e763a7ddd5ed71dfa4bb262f8ca5a2ddc9f4913d4410929cf10c6472ce3e670517ee7b56700b1b342d54f77cbd66c97990b859b56f0014d72d92d8e723639056fccf890078c9b469c1361d8d6864ead81448d15e796
1787431794.825194 sweep:D7A-like Normal Rate (55.555k GFSK) RSSI spike: -43.5
  -> 255 1e7f0281f6f6d6aff6832afc8f18b10e82fa14e5990b76624e95bd8b0d2c4058d3c0c10415046ec35d47da9f7eb940c2affb5b2d548f75c915098b9e2b3c01c6d2db08162bda27fc223ebf4ed613a60c97f7aa7d634623e9cc0068e9706885914a6278a0e5a769f03ad461def94d86b2dc820d2a39f1b98de2d8fca4ecf98bae9c94be3e61051c78b430396970f8b3251f36f2f8571355c8a0b5c4b7e5a1c23720eac661d4b5d927046170e8d7243739b9887378fb2a9256a0dad5305ec9a4375c119283e993bc72f3a7740c849c0b040ebe2ea1a6be751c29c925647f73eac9c64dc21cba993fb2e94370a08da2ca282165d46abf5aee8e00312e90b969e6
1787431794.8254552 sweep:D7A-like Normal Rate (55.555k GFSK) RSSI spike: -42.5
  -> 255 c8aba71cf40707f008049da25a3e0b7f669b371fa005e5e5183eb1c3ea30883d35f629149d8615049da7ca9abeffd84933c18906ce83d942d3f501cbc4f627e8b8a802903e601f941af62250bb9bd884c7fef3b3cac16c327d5c7a6476be04ded1f08640434d6337bb4380fad56139e3dd9ed8290b662a8efe09044c210b6d8bd526c37c3932e2eec15ce69e3b02043683ede1ff0ce22bebd7c0569ddb324dec5560b6288d9db11ef271e0fc27975588a1a4a7f04c8396c62f1cb8f4d440283d85c0813897f071dc79b92a4718d1847d0271db4ede867958381ac1b9bd3466e2299e934885bf11be87d128a20ea9a663467c1d78802844bc22d110820ca1e9
1787431794.825702 sweep:D7A-like Normal Rate (55.555k GFSK) RSSI spike: -43.0
  -> 255 93ce981c5642d4388e2d306d3aa79e6e9174cc128b016483a333b52fb75ead9412bff0ad61596c39b1936f185661a896abb1fb61f14d7050545a433c9bfe6c148db2fa03828277f3e8d628dd9c65d4abc4ebfd664652138915b5def3b1b37ca422df3bc8f4b1b847698077f921687a25f679536c4cb5b1cb0f7c3e29e14d77b9c97998fbd1b9ea1dbb7d4f0ac29226095009da9be4e47e98c0b5d31da1129233455469a3997f1cf8740e9bfee8b2bcad891487104f28529e304d81b666f9a1bd6cd7fa7938e7cf4dfd393bdb170255a7d65f048778dff1a4eb80d6aacd05c4322cb74fca0d53678b1a0e3f60adf531542b2663b00215ffc90ac704fa42e9ae
1787431794.8259661 sweep:D7A-like Normal Rate (55.555k GFSK) RSSI spike: -43.5
  -> 255 a643d43047af427f1caf198bd18a1fba82cffad964f7a070118b9cb30f69cdfa90bd37bfd8d5158e4f54ec17c8c317177b74e26d7452dbe3dadf5b1fa9e0622cf37c2bc69e135f7ed0f2f03d34a19ca3488b12e90f34b1c2c7065285a24bb25a177edabd8d06f255bba712bc1730564efe156a8d3cb2c44e8ac2c581d1067970725ce8c733c8eac85afac05583290813abd968d67cc818f965f3a900f35ee65394ea59c1755f439b30398e9a331c822ca0f46d0d83dbf524d7e26084146bdecf9e971695ee16b61f3fbddb097af8291d406292729eeaa43f3d8208a38c4dc08d9788df71e4ccc911bd3d36acef4d7a6cc6c75938df16648977eb7b074fc20f
1787431794.826242 sweep:D7A-like Normal Rate (55.555k GFSK) RSSI spike: -41.5
  -> 255 3ca9c20e6b9c536a97466d6f6498c2190df04fdb998d679f6fbf2e37af05b33fef4e4608f023e77d128d36bd57eac71283d7e94dddbf3c4854d2793da9e3d3c6f8e8a63fc4bedac2b757e7d7feae443f52eb5dcd76ce8c51f63c4b88c1f8b5c6e60853b3efca4be1ead8b17cdae162bd81b056f637f996ae26e5711df1113d7ebb1aff155f27413dc0e81ebeafbda64893a2bf30fd3edae496e1a8a2de2b940e9ad95c96923ffec1d6accf3f4db8c09583359cd092886c35c8ad59d2ff3142c060926eece6b42afd4671607287634353f6e3f171bfd23958eb4e64c750600ec4933f042d58d2dd2332b6d92002fc624d0a684b69bd2fc1834281412e5d19b0
1787431794.8265338 sweep:D7A-like Normal Rate (55.555k GFSK) RSSI spike: -42.5
  -> 255 1cfd9308346d498636253ab302548496d5d22061c422f623bcf0a460f1b1950ec8a686e80940e682d731bc63e5f00e4441494b5e10530f75e92b03e202d9c1daf7323b1c3090dd645742b93d2f36bf850e6c71df72de70666ab23241217e18f741230d835c17bef8660f3527217da97dd6f14fbd1a2de5cbf3ff58ddb30f52c62343d0fd5bc5b5114d9bb969196e180c9664a608dd070ccf255fb078ab04ff463ba5835f397a42601fe59dfcf24240867ab0e761ae76eea1230cd62e4de2104acd44428ea8e4d7c2472968f642c2452bf68089989daedbfd3668c2598532b39de1b8ee312dd13136482a0fc2195ab8a7dacb9ec8e6556e30a8a0bb3255795b
1787431794.826773 sweep:D7A-like Normal Rate (55.555k GFSK) RSSI spike: -43.0
  -> 255 c51c308e6a41ff65d3b7ac5f50ec90a68d365452914a0a2b3052151c99d260de1e41f0e7a77afc678a48cbfd30e0d74c4155c19757cb166a0abde15879e6df14efdc45e4c85c8339d76b3c5589bd5801254f3fe6ba70ddddec99410c43cf934e8f61067379d56c975a6c7fe956ea606091e6e75f584874c31ee20b77abaf9ce5c4e003f0fc434bd40ef7a447e82dff4c198eb63015f91a1a6de972a143fc9f1daeec62a248fe87571bf99ffc214e25d1e0b1bb24593c11da2fddd276b84ed50c670ceaadb889c300a99783da562986336c53a4ac219a315d3747dcbfe68eec75801440ea95bdb3596b42e462c66a0922fdf310bbc41044185a4b18dc9c2990
1787431794.827067 sweep:D7A-like Normal Rate (55.555k GFSK) RSSI spike: -44.0
  -> 255 e0b3d662acc4676be5ee7e7e387caf057541441026521805bf5f15b8413fe1872754e65c115289a0ad4ed8f73cefec312410f8d89cb55ce7c8aa3ffdae0c63a28b99a2aa334f9c3c897657214ea37361da81bcb96fd61dfc536e7110b2ceccf2ad478464d2a5835c52d09adb4556b2203a05c467e7c4907eb202d7a4d502650fe90dde7effd443fbf52e7894235838a216f5ea442b9ab425e7e59806c9f8e6391df5ce601c58365c5300b2529dda00f7f285effb6ad8bafee45658e9e3808a0def039b840224fced766da18945d3c0bd347210427a906d5ebc2e25c99bf343b202e54e734838cdba9d1971bd2671a0c63ffbc2986f1c45e9abf56c2ea48075
1787431794.82732 sweep:D7A-like Normal Rate (55.555k GFSK) RSSI spike: -43.5
  -> 255 63272a8c4a34253967436d8785e3055092002fa89cb59e3605c8f7ab7ef82bbc747ad623b774a6b76ecc242d2f08e366b72c39a1e6ba99b4113f7076866766e4180e713c2eb84fd2c744aa22143a85abfafe129ecd5e4b64bd3d92491c90d687e331c97c642ea22c9d14f739de274358090578bda186f737aa69cabc05d1e7f92371a7f90e95642d4e58019136f13e5dfc1e8b990272fd4fd8957436b05f1c1c275856003a0aa2df9b5d91ab6d4392dc2bcf0c0d9718d7e11c3469a6c3dc1ab33bc3aae8149d050d33a252bfd313547a4ff94427ba236cf2acf9f331957d1d32dceeb0d544df371800cd4aefdec1e94b40cebc34fdd1c8f1277f65ef0a5349
1787431794.827622 sweep:D7A-like Normal Rate (55.555k GFSK) RSSI spike: -42.5
  -> 255 3bb97f681305413ac78118f8ae5ec5ef5ecd5c4741730fe0422712223faec19d31923847611244a621bf27beb088327aad87fc8381c0157354f95e0803ae08563735cca0080bb7475771b9c277f02198855e238edac72472ce1076353510f97e9fe53477d682b9bf1a7cdb3c263b1412195561ed6dd3b82c203b8725be9eeeaaa85c285fedf14389aa4a7adbc685036a83585c37ab78d445ad422e562a7a52872f46ab5a799c003b142532e38e9df438f6701022942fdfce2bc183bc6b456d856e21f4d178f5e4081bd817090959b731ff951bdb2b389f5c6f9c140e70b69a35e31b9477331d50eafdf8e51db83810da3cca583c5fb8b7862b6aa87c54d162
1787431794.827868 sweep:D7A-like Normal Rate (55.555k GFSK) RSSI spike: -41.5
  -> 255 e3fdc6a4186508cf6e019a35ff7c5259c5b7584a0af86532bd8f58f3072f822695ea6c2511d724a6a9eeb73a6208213db76b01b50599e1f02c144f645bac497eb26c9bec5edc5bb27052f8ea996ea7e9de040861e36d625e331c41709fc6cb0320935e9acbf3ef1185a9f3f35ca8213abd52297854836f858dd21c9c43551f03bd9e9de37def63428b6ffeef5b574c9add0a47197468c6764d82b0928018e6a013faa6fdf8e1d6dd5728198643c9237f44d71c8d2ef6e72f590ff53a24f5fbbf3f19957919247c8cfd8860a1781f90f4d324718eed6bef9e997627b0257b37fdb4c3d265233033a453f37dec464ce3b116765777d2d5d8e39e2255105619be
1787431794.8281028 sweep:D7A-like Normal Rate (55.555k GFSK) RSSI spike: -41.5
  -> 255 bd12092a478ca004d65ef86ef03266be468a2c72e6ecad8a651ff08906bc9b8be355586aef3ef6fdf77a16f86fe8133a6ae7481e77687ee043ba6bbac1485b6a2163f090ce57b06aa7167626fe207c191cb96f299d226baecad0626aa036d13ab151caded2a73f5370c7c3de9f1802782ead9007e781dcaa0f0dfb753b22897c617245170e6d8f7cbcf02f8d7a092d5782d591c3d89371bbaf74ee7d67331a2e6f27341e9e45114db6091b42220ed5a31f654787fee56ce3354c1067a8f7a578459496fc8fbe3c3dfb1a0e8a024b8646eee043e0ef2649e16c16c27e2e407e17d91d4fd694a467a49d08f67723cd320d912c107e6f93df5107fa1e6d3d7a37
1787431794.8283641 sweep:D7A-like Normal Rate (55.555k GFSK) RSSI spike: -42.5
  -> 255 7a4df6ef26b178effab8b9b9c642881283c558508fa92313c586ff99f2d25799fb750c2add0db40075dcaeb736456f0761406bdabc1811f8d51725e12e2946711ae6efc48f456aff12387aae427af86f28f92087e2c30aa18c00fd864d2b07996d1fe435b62f32b1c593b5627089e68830ad0cabc1652f239fada9cae79f6042806be61125a0188d6805aacb65b5b41c1f00fe7d7fc3710a1f4c3e636044e19174669cc97f70cecb6a2d4cc0bdcc338edb4471e6b819e974b00a45c282a518c042f0fb10ca427d3883c8f7cfe44d2f53cf9e5cb251d5a99dc6eea96d36fe3dc31fb010113f42aabd3b7ce7966f191673e357fce911297c4f5a1f342d062e1d
1787431794.828614 sweep:D7A-like Normal Rate (55.555k GFSK) RSSI spike: -42.5
  -> 255 b0a7fc511e814617d5222eddbab2e827989b286a2be7a7f2c0836af11f3757bf05115efa33fb59b63ac8862daa40720c3dc66046315d3661e705f5f2cd64a5657d48e0fba3789d77c42bc096205983e7c2999c5f0fe93c60ef632dc0730cd8499f4329ea62149e29f4e36dfc491fdf2e27aeeb4bc5be603637c6c104c076ce01a6fdef62631dad9d21357e4d233b4d94db220fbacae5d663755a291eb89dff46b7feb757af3f8dfbe67149aee70b4850b68bb47240e2283b1fdf2f831536dd696985ef9225458bdd6209374640c57e63318492881fc44d65f1f008ad67066c3c63a7b6998df451b1119a9f9c2ffd7953d317fee7976a6156fefa7abcb115b2
1787431794.828886 sweep:D7A-like Normal Rate (55.555k GFSK) RSSI spike: -45.0
  -> 255 502e980c820b21c014c048fa93a9c3a400b666d3746c6acdba601857da87594fce944e10af73015069241f66f8232d491113808acb8c6659ee57041ca5c0984ab04eba95db448f0b7dc41d62138c3008608706de7b83cd08a0407655fc2f13c0c7edf7ffe9b7bedd5476ef97584cad713a6c0ee1b33a69c1d423a7ce2430d9f1ddaef01f280a044bb7e8f1533111691b45cdcec3649fc6c25697dd27bd90db83147d706da037e4d0f87a9cb1067f8c37b7a6d6ba8b9784b436beb5cb359442539477a0c230fce9ce0530729a05074fb390236ae5281f418cf5e0f0721c71ca5aae84de302e1386249039618b88a2687b44929e18d14ed2bb1ee4a952f9df44
1787431794.829212 sweep:D7A-like Normal Rate (55.555k GFSK) RSSI spike: -42.5
  -> 255 5050c9e0d0bd90b1269ff3f7359c5f5d0a20fbbb60a15e6f758f8d9bc8548dea938936aad61e0cbe40379177dbb23481073c76faf02eed9f16c141a6a0e4946cb06451702398f63cf54e18ebd6e06a829099153074c99e8a23d371f9fe5b4d2419cead8ccac0a30c46f0d79d014f26f3f7b0e10ee14bf2e64ccade3a796425aa8c491a29c63b4f0d21c098bfdfe68c08002854764de23b6d16f4bf9861a8e075361cd42439ce560d6469744604ddc68f52a5fe594a2252d9a5c10f411507b651f078974405c3e39c25c86f1024ff54a2b378a34adc8ed8fbe6418bfa8190be46cc99e85563771356f3bf1ece1ce85cfeb009bfb8885138f2fd1d5c442149eb
1787431794.829443 sweep:D7A-like Normal Rate (55.555k GFSK) RSSI spike: -42.0
  -> 255 a4476c235bae96831b8e3fc20e61bac0e482ccf63ca93296b0422333618543ac86f5d6990e1388fe27e628bf2784411ed5db6b02101d76be6191249ae842bb8dc12bfe58cfd57b3bede001165bd54856a27c8f67c7cc29100a175222103a973a357045c8950d3231572ef3730dad3680f13f381f64ecab6eac2a259973c70979edf2bfb95f655c1ea8af964e8bbf0cec64d8323c0e40e8c800fb0276da2c6f33ef64382153a2878b4ca795f96b59f6f2f4fdec2d54d6456cda7bf03458dbf1fb873d93648f007d53082d55e61d7f64b9f2737dc351848c7fe5b414e8fa7cf6664d4371e78816d0cecf1f89e8a20231025a6453da510aff0d1c6937300f43d7
1787431794.829698 sweep:D7A-like Normal Rate (55.555k GFSK) RSSI spike: -42.5
  -> 255 2f83da2933680bae33191ac0320bc6a4926d20e760fce10781a8f5482e3d63fb68613442c6315c728a4166028e199da00a2f66d8600c3e85f41502d9f6e8c8770e77f172a721d9c35ef4b69016b7c24205ad6c24026e59fa4b9a91ea05e99b41933e63fb684106e4888f2173e93488a892dc39d42b3db8df795f3dc2f424c5c0c8baa6694b54e4758657de3c110e0594add014f5278c7d93c092f4c794d22cb5e21bb3f2af8e0601d30f4c6b7fd915276f84aeb9f047516f7a0372c3e49d4bdf698a606038eaf823a3d929e3a9508e066f12ce3aadf2315607dde8a67cad40d04110f260190615992f4fbc8db456e77ae9445e205b7dc7f8201be9d0e62959
1787431794.829974 sweep:D7A-like Normal Rate (55.555k GFSK) RSSI spike: -42.0
  -> 255 ecb75185edc40ceeab195d50e74bdcbd4a5f5af14b1073da44ee5987dcfa0ff5a29c0c83a9ab18ed551d270ea3954c327e9814444b59a46175ef60e5c4c29f798a973805f722e21dbbad9532217c28306bff56171428f2e0be41f6ad741cbcab7a8996f9c3ce6f8e870badb0cc42a6d946bdbae5249c586186d3a15cf7a38bbe5ae099843f1c1c2ef479ba49d8030e68fe377173b1318e58e9009220d8572c7ea6279c9dfcdba67b7d262e6c68ff492115a8a43ca336f669284db69d7365da7e6b016983811584c0c447edc0b8b5d6a47c92e94c09c1257258e088946d59a730b64c09d2f213ccf9dfde62ea42e9f194c514a21c96a9f52f3ecb5cc63e128f
1787431794.83039 sweep:D7A-like Normal Rate (55.555k GFSK) RSSI spike: -45.0
  -> 255 eb0a27f8fa8898c825be319998931a4704f17e17589341b65689d0110935e4e52079aec2b9eb6eb2ab67682042bedf4825a820cfa1ea9b45b9b5cd537cdf41f5eb9c83a5348dd9aeb49298f78431e7725628bd5abb0d85460b7b7e9b5bbd9f428fb09d61e5ec15a35fb63b137538bf21d6b7c2a227d41168088005be306d32544d5ccea7acfeaf7fefa78ffddffbf3309c20244df42c514b061bde795aa60d9b7661ff3c2689a03a924038dcc740b12b457d0fb33d8a3bace17c9ead2766cf3d66d8b50895016c11fa5341115e2951f3e6dae86961cf9fb8c365ddf9a99169b00a825686ba1568507ed35925bfbd59542796ee5c8116de017ea0a9bbebf319
1787431794.830747 sweep:D7A-like Normal Rate (55.555k GFSK) RSSI spike: -43.0
  -> 255 b9b599c4379f6e98c5e0c2635bcb9a63b625018c9fc9ca14b7c8d8382b3a820a8d139fb0c01935ac0c982799f1023e07a629a8d6022104642d93132363b49f6b69edead809836d82e63fabe05cfd922f94ddd4251009a3044b1f81eaa9a3c6e699091b35a353d67613edbf59c5e63360d686870a668e482be26183c746184bd12b210c3f49dfa4707c5398248a979a3d393d402ab130f580bb61b0bea2e0af8cbf68959e959ebc2840e4ae856a225b30c7409d6208bde55373f1557a656efe6e32d55337784cd9ee70064d73bf83c296623f347be50c42dcaaae0c6267573c103a29ed827f4039a50615f99ac9a6c6f4716f2a60129bfb8b704b804292605c
1787431794.83107 sweep:D7A-like Normal Rate (55.555k GFSK) RSSI spike: -42.5
  -> 255 209f43e8147e17446f1f71f4e64fb39c8c34c0b9d04f7a46f8067dbb2c1b9995867b2740b5bd47f7469f1c9dc13550d3288e27199280a41c4d5eafa297236575d06f9b04b4974cd16f6326c939b1deaaa6fe0ba6d17bcce4216b96dca8f6d50930fc30652aec5db56fd3281fdea82f5d473f0c84a2d026447e20f1785cdbceeb72ee038c6fe8ba0f6d292be6a160a2185cf0dd93a0b821aa1bda0709b4e3546c78da111388ac9577665336182b3e0330a860985d01bd07f8b3959b035df5eff72b36382f3090fdc31f4bd6bc0b3ddaee4e216d2b154d3d2657b7ff5024a1905ef5081c68923c68e7b9dd9467b6d6c92b5e2988085e74c4d14dd84af48304c9
1787431794.831326 sweep:D7A-like Normal Rate (55.555k GFSK) RSSI spike: -43.5
  -> 255 8e6c41faa64c3db0c9727efd50552e5d2d82c45a24a3ac60ebfcc21152b77bb73a8775cdcae5f135d662e3e024a167c2f5f4f9322e3889e9636de78ce6d97311cc21d03b144cf734af87e5e79d8056d359138572513656149e4cc8fd88e8c4014f0596fd5be62bd2087fb39f514d7626eb18d8f71c7a16318d7e9ba1c9fc75b21295df9b7800098f8b7b80e27eaa1818b02a7024de2572e58fee98701fd3ebf708109c419b9168891bd6acc5ef73f679afdda681aa0beb5563b634c2adf9cf1a97e40f9603c7e2ebadda04e107640ac94e174e99825098646a1ecf4f0c7265bdeffb0aee4891af1a8141f936e2e47f0a99242baaa88bbfb944eec5e381bc97
1787431794.831593 sweep:D7A-like Normal Rate (55.555k GFSK) RSSI spike: -70.0
  -> 255 d9e9bb5a4348a30e082aa386a5efe5ebee5d467d4a1c562ad73ccc4b17d62a2a916a487784d6ab01fd98d39b1b9492e8391fc20832e5af00dccced80167cfad3c140e58f1539a7fe09acd1a1d2d907cb0253b6ea101254a01cc1d60cac05d1eb1e136654dbd87de481d3c611b9db47155f67972d0e4a8ffcbdaf3daf0284d1a0ae364bfe9dd66dfc1972664c371d65639ef51da123ce46f25d95e962fc2e8eddcc17ae6f2e9c98b8d66a2303404f3c68402ec6b42d1b92c9dc8ab43a43e491b79500b21a225c8749b313f924e6393a950b71fbc589c83fca222c5289c7d370320588ba0669db62b9706cae0aa5a3fa58e3d38003a9a84e7930bc5d0d12b278
1787431794.833428 sweep:D7A-like Normal Rate (55.555k GFSK) RSSI spike: -48.0
  -> 255 548503dcb3a363649187243091838cd0022a2584bf1ef721f2c57c6af95a8482429f7894b22604f5da4fb6112e9b2fc674ed1f1a743c64b4396905982a6d597599ac5c017777d3b78105e8c7ae0ecb163b6bcb94e246258c7bd2213fea6fa9f6fe32428b795d33ab09ac703901cc14a1f41868cc1e1bc6ec58f852e343fc46e452388dbfe5fd6fb0e48f364d89b7319fc01b94ab7705ef133e788a7837663f4110660e7c251bda2d3118eefdfe3e6a5d9c8151163a62cc5f6ae6f68326826f8c7bb311d25a89ab6be9c8fd1f052e0dca8c8b69a5f20d106086ceeb845df8edc6179444447ced12ff422417cd1858b39bcc2f0d399a7c4def2ed3574fc797db
1787431794.833643 sweep:D7A-like Normal Rate (55.555k GFSK) RSSI spike: -48.0
  -> 255 689f5d4ca5470e7ec70cd96218c58fd1802b17ee0883573c6724f3d116b59aa3a561a30880263151af18d9c1032b7b11cde4e09688a42ea8413e5428a26fc328c5d1fdd06cf592d0f3da74965909ca67348d18ff9089e0958eb17c9cad19f601ed8c62c68c7b26b13491a658297abe63a01103725fb03a4cc5455290905533908606264a10d4808a64759e98c66866fedb4001aafc246c4f6141ef2845ea25d80158e4d716314c72150392e64e4c6b2b23a8da7e7212c7f94a7a64ab6aeeccf852e9e89a37c0924e867f8ceffb4b664198e11378275d4760dae0952e9421326befd19945025401105686f9a37c8d28d55a09670a760c2c5bc23fa6b8fffd5e
1787431794.83392 sweep:D7A-like Normal Rate (55.555k GFSK) RSSI spike: -48.0
  -> 255 632183bc3ac38af3a8f00ebbd757a9fb2fd2290e027c9a20baa0b7497b8c318f3917d1a78abe07db04d487584c9ac5066e8129dbfc220cb6096ed1b2284e7453c1666fe76e6a08602ed326fa7707654e47df3c0e23805eee0fa13411ef260c3259d00f27db1e825753291d4c4cddc1b62286063e6c3207a7e3cfefbd6917ec98f9b1736c7ab645ac341f8d41d43dd9cadbbd363b6c7c913ce2207b978fc5c5c80b07d814026dfd22f8c20c1f3f0ad8dc3856be3efa56202443e9fd2d409195a999415de9b32f06e80c5f630e0a4ae47ee1f8bc368619be5ecf10d73285caf24f990812481af9ef1d1a270e5d255c88d89f0c4117bf597852b1e39be93eace6
1787431794.834177 sweep:D7A-like Normal Rate (55.555k GFSK) RSSI spike: -48.0
  -> 255 ee8cb43c78e7d45ba45fc8937653b67513630e7526298e112458593cae9a8b9d28de0598e85f431e3188000aa68c83fa7bec9e6975a955a334718d14f241a9523fdc17190a74bf9243cbbaf4e17a7eafe4207895c6a7fdbfac935102ecd83066d4dd16332dd06812462adb677b42e7fbf98e5d8d1752335feb8fb2e4653370047668ee3e065b92fb64eefdf688c564ab3df80978b2e9f52140858ef170b85e60c63fd1c4d61cf07d2f795ec7a11c1a7361621a9b28ce74b2c873885f4001da9cdd0dc2998508de8ab8ccd339797f9e3309e94c0a04d9ec9334415172d5b43b59ee5bf5dfff13b8be719a9c46b31f8207c273ef1a5542bce018a4b33f98fb9c
1787431794.834412 sweep:D7A-like Normal Rate (55.555k GFSK) RSSI spike: -48.0
  -> 255 79b6a825f539ce70c7bf8a3d74c311189c439b0bf2955acf7c3fca3ee4fe152549d4df028fbabb1ebf328d74381989ce9d691b024ead0cca14d39c4ddd4dbc3b241ef14f82d8e2d424480276e50fd919b09d04a19fa950f63303fd0a85ee2b4bfea3d463783551955b89c279e17af6c13e2bc346d639c566c78f63c43651b3cedf9e05190faf0996c7281f21cbf477ab13c082f6e883068dcd99b93e9e4ddb1e70874a52c4fd371cd435c905c56375d9f8bdea7dcf4665940771b13ca84b9ab7d7ecac1a71922a27fadae13fb678f2181157e3174290ad6cf7fc186b83c5788037b89cf4545683abc4141d4b0d0f5e42ec55fea52bf04ab7c03eeffc51a45f
1787431794.834662 sweep:D7A-like Normal Rate (55.555k GFSK) RSSI spike: -48.0
  -> 255 aa047ef61ffab4c8fcfb2a579d79efa91cac3d94ffad1455f3c1a01219f2b6999bc3b4ea76e75b2d0e4b10e87b2a2672fd0ecdc2acde3a42c4d976f1c1c4001a80f676e30838274021d74726cbf5aa9e909ea76c7fd5f377469b903290fa0d9621f3cd29641a11c5e5c7d7936156e8536dd1402b0110b2cbff32c0b9acc7e674e1291f57eea7cfb9332c8b05444551342f30baee52fd8934860305a6dc9569382f031fb5ce772366b37850f42beea6eb5538ac9b24333864eb79e7c143ce424377027fe75135de2bbf2425fdd3ae9bd28e637fefcfb5262a4163235618fb30593be82edcc50a74e14fc7fdeb973686d3c1a4480a3712f063f7448e493bb6bd
1787431794.8348968 sweep:D7A-like Normal Rate (55.555k GFSK) RSSI spike: -48.0
  -> 255 88d6830d02de427cb43f429815663dd3171ebefb4ba233c2c6274b9052e0a2e389cf91fd042858158c1cec83ae7155dff1032e138ed5bbe2597a63e844deee034bc4ba936f65f8b0da53194796d3c439ac2af12b7da421e9502ade57524bc13126c5b0e0c8e55e824b6ef4135249ca3765ab471070df02008546aea3a4e695ea70aa4f4acffe6bee1dde76a838670a502508f2f1ef67d33e39fe783cb13ed22457a3faa9217f5cb681928fb90af0d6a1ff0edd67af45cd10281b32bbb912b02ee90dc3b681151bd65901fb4e4f5b61749a0e74a476acd9000f15b775774f33c0960bae77d744ee41413465c5a7d23ab8b6bcc34d1691ef4e4c3d07ebce72ff
1787431794.835197 sweep:D7A-like Normal Rate (55.555k GFSK) RSSI spike: -47.5
  -> 255 9fc0f74a23b5171310a2db3564823a41e6984c3af1130f03ac369b15b0de0875101673d81a2664bf579fa1336f6615e3c4e1ef98f152fe37ad40d5f0b48f1c3fb2863640b43b826d7c6063937291d5da2156c8caefe5543db7384936784178ab9a072efc5a15e1c0ade5e0187cc9a47df6de2569d3407be219c8ab81dad2c3b3fa66f665d901cc790bfe431da57d70a9ffe6df7e88b64c4beac97f432a6cfd6587f9a40022046ddb254210e8a57340c38e30a3c8ad677de79ffcf83e17f91e1fb68ec93c15d2c1ac2b0e4960bf1959f0c2a394ae781ddd0ffc2875ec10651ea496d888288101b5bbbe18096981d8c78ad87fc098d07eafe70d175e0317f545
1787431794.835454 sweep:D7A-like Normal Rate (55.555k GFSK) RSSI spike: -48.0
  -> 255 2069f17277307174e1c4cb8ad2c92400325905885935d91d1f671a2cd0ae5c103c0e78ce18a87206f0ff0bae98c303a3873c631dd8ec47ae9c3872c937d065e6c660f5036c4532c9e4a7d136d6e0839d5a5bad6e86de44db8accae20eac7946d9b334e6924ed8ef653ac65082aaceffd0b6eb80330859beaa1ae08dff6bfb99f079a338721ac457c7664f68c597e6b14e53bac499afa9780e92d26b5d8bbd391f4d0300adf09d779bbcccf32b26259cec2100ef16e56deaace3bb0608d9f03190fc9d53c9a1cb5d3eede20550326db0460f7c1808dc4a2f18c6804835dbacac2783b6863ac8e19f576cdf2e6d9f99cf0c1d813e08e6eda1266e48247f9bfb6
1787431794.835679 sweep:D7A-like Normal Rate (55.555k GFSK) RSSI spike: -48.0
  -> 255 0dfbd95f48f332494a7f98475fba9670e4e078cbda622c27196509210223b7b200716de0c6503b38f7f86b62d676336935266e497524dd1e81f76e21d78a2f8de4100638ed095b96842d803d0ddcd0dee0bfaa7ea40d0e633a973889f160428a04cc935878ed98c1f246dda380ef317183a0d0fb93c4561efff37524c752b61332147ed03ea99954ea44d66414fe2dd5c8a66bd63a15e708e996bb21ebb82ba742a847c8d245c471d610c525046a6b2443856ca172386158efeb60d9932232db464bf609186fa0c7d7db4bccbe40677a4cc6a7552f0dde6f05caa9e392428fbdebf3a8801bbe69a19f90f928cc86e90cebae67261f7fa75cec07315b6e575c
1787431794.836426 sweep:D7A-like Normal Rate (55.555k GFSK) RSSI spike: -52.5
  -> 255 fc89a555b97fa5c27bfec2900d0214c6c332e66f84bc334c783cec8166e626ee9e03d77d354999363bd91c8725fd987b2b43201f4ed8f67a3a39ca1c39274ac288dc21c31591aedce635a9c4970b286ad8988b214d02eb2d7271b7f0ad1044707c6f06c4f4fa08813900d51fe1dd9bc09d7c21afa594ecd20c83d1e284cf2cccb95505175ec879d861f3d14800012d63624b6c0593d00cd707df1e82a6ed21cbe6a9017bee723db994eede3d735c8784aa44291bad9ab2af7b0a776f9e2e31701f272c443242a87e1a5ad5b330551d2b4414aba7102b478ce9aab9370534abaac60ff11ff16bab4ca8735efd7c28a1deac077498faa9a06d00eea464ab8c77
1787431794.8366878 sweep:D7A-like Normal Rate (55.555k GFSK) RSSI spike: -48.0
  -> 255 6cee59054d495b3ff6bea93a80be85609a9cf6726968f87d12fda2e5deafd11f7e876ac4fc6dea2220a4c0c43bfdabcbd39375ec6cb62dd22873fd6b946a64da0ed2383ce397c013032798cb47f5679172aeb85e893484141021e7ff130093cd167fa181a4602890accc3023e1301a1b3c6458222be37638ae1bd17273d8d79a29e1bf4a6c42f288338080741d6841c3ae57dcac90d2212cae41153ce8dc62d6c95a98d7d78aa21861df0a8ffde256633f869ddc79a2ed7d5518656c14f0a1d346263f027faa6c818bcc1645462deb160cd057249bf64a361a9b2282faa90bfcfc854ed28e2abe61248435d8858ac8500022c1e164615173874098204ab787
1787431794.8369431 sweep:D7A-like Normal Rate (55.555k GFSK) RSSI spike: -47.5
  -> 255 bed17262a6801fc159c9d1d7ea693105fe17064f5a130ed63ca82c4032ce78b4792bb1710332fff8822a043b8a20b0cf2876e5be8a2717e037680b64af066a6b0d34b413c1d6adc240e2bdc934514cc73f308407195657d0014e373e4c8e2353fe993f0e5bacb8828835875c81224508d57c27f46b94bc5e75a30d44867a4c1fbf7b657757bf0e20cea5362630550c1faded8ef64f4ccb7fc262f2097d4537d645287400f2822a284f7d3ca06ee05b63a79893eb4afc0f70369225d936d313efef7c3462c0cc39895275d9f4a49a15b5748c5736a0def78697258130f9697fcf7f1cb78828950c76bcd0645e3f0f9829dcfa76eabee611c5fc3ac775a3ab03
1787431794.837197 sweep:D7A-like Normal Rate (55.555k GFSK) RSSI spike: -47.5
  -> 255 f5a2059b47a65e30a9626602aac3516366f4cbdab60ca5e6ced63cd13f3e88f212cb4a3ab6da482075aed11b37af65b5cbae31ee02ab599ae23319c8dad79740d36c1200dd5b6506ee6d7373d81b8dee2f92e0229c8f8e6bcc463d46eae4b411608f9d527bbfad8ffc496af110f0086c50ef9701ba7c87c5cc80ddabb55b33c708bf52e39d117a505fc3da4eed0683461a73624b019c9c858d9b4d00d1bddd6917cf210de37f0bed0c827bd22137c19d91125bf6658e615f8e8bf1c393cd2ccdc03c154a7a1e9228e28d144f484920f931c74fafbf1589c63be7d168e1a9008a71a6611b6d34b030829557e45a747e160adf4e57f65088b99365019f15e5c3
1787431794.8374882 sweep:D7A-like Normal Rate (55.555k GFSK) RSSI spike: -47.5
  -> 255 d1b3f5d4930d15bdf4fc1d3b1c618785243d6bd0583374dfabf6ef118ab91e3bc54ee267f63327efb4926b1f626910f6e6262138d4455769bc3fe23d42f33135e9e97dcead790300905acf58f7a0ae998a15b312fd8a3118609c6a53c324f12a8baa40c6b7af1ab1c4ef32100ef86e929c1389d0d69f0065c43889584272a98645caa7e27fbf6039b9fe7b3f4f65604ada696797f41b3341e387e607428fd9cab390204bdeaf8544fbf3e427141bac2eeb905da079ec2006bbb4dceec351199e9af4c1c89618e83680023b9c33b6b90b19a6b676b70f27b7e0723f83b48fccdbda93e43735dc4da343891beb77ce8d79a7d166cd8fe76ff1d364144a6d88b0
1787431794.837706 sweep:D7A-like Normal Rate (55.555k GFSK) RSSI spike: -47.5
  -> 255 32004c114be98e4b657484fd31d6bd2b1deae71c594d36b10ebcf202ebe54586a7c1719e2782829f91063e93466896908ef358c890f91a1717fb254b03813c79ad249ef2d2dfbebfb558b8ca4962a90312cce51b36c62191b59a818908dbd9a0b636a15e83a69091f027ef77ccf02d67e745fb2ba498778d98745aefa27a4763425805f53769b1c36a9cba19da6df3e81a50c466cbddc2dd5bd1e211479a0a0a6108e5f94684a015e9b05099b62452f58191c9c069b791a29109fe2035b179a798a0f3011eb2d2f3808c1502c7c12d8c44f7786623c5fc4865425396280818373d2e26bd5818600e4f53cfdf6b64fe00f8c5ae416743905eed3b394b02f7ae
1787431794.837986 sweep:D7A-like Normal Rate (55.555k GFSK) RSSI spike: -47.5
  -> 255 de238f2f1a07f5ce654a882b004be15669b51c9dadfa1b8846c41cf827976392c23f8daf9f4d7337cfb2e7b1010e5290f08488dc89e7a6303cdf7d37f64135dd3c7491b9b4eb9ddc14584b3382ea62d57b424c26b2cddcc63a09cb6fff458eb586eda4b8ae42882a83e83c17cd1c29cc1d35f562613e313188a86b3068225af7ec149ffe698a52ea0f7d0411d4b05de47778df69bd3bbd2dd2a2af5cc292358d9bb4b2d1b6a2ba0591e4908c24cff1e90b5c2d5cecea1f11996814bddc2984b6c79fd3c9eca62d428658399b10187b015a8cb013c5b3105feb75665e33d331e68c720ccc0276dcca583fb0782c45d3e8ecc393d9e3ed18fcd89fd91ee4833c
1787431794.838243 sweep:D7A-like Normal Rate (55.555k GFSK) RSSI spike: -47.5
  -> 255 4d0c709f3d750bcde45a30674ac4eed80c3432d83cbc847e56115950d99832bf317ee1168bb431aa52e8d8721b9652662ae290a85a4aa49cc0a3f52050a3e2e7a3145861327cbe0f4b98b9f46e2f8e1c8021ea08deecb04a2a201e7e14d21f4ed74bfa7143a7b84f21ce018fff93f5a8127af80d38a75351e9271a975f7079f6a5a6144772cdc417963704ad03d11dc0380aa8ae10beb2c16a0c3a3d091dbeceb9fc2eef9e2ef9936e084a9e9c1d296e39bed7190433f40e6e013a424b314e322e5a01556159d3898103eb338d114dfad0b9deec330c75c8eba0eb67c36e98788420b94e718031533e7c8aed0e4086da8b21e68183f19eed883f8c238d78df
1787431794.8385 sweep:D7A-like Normal Rate (55.555k GFSK) RSSI spike: -47.5
  -> 255 688a3cbff8910dac699e71780fd639af88c46f61ebe94cf4411f9d92d0dc275316e6a86a447f336269eb3f078d964932003f9a89aca6f24179025c5f9fe894e8e96298fd3ab7c0685cf2cce9a6e0dd2916e045b76002fd268a837d2fe1a8d2bd80691f194118f9f87a2121d3a5c7e3e7ae7410bf4ecc5f1b9bf173a9892d60ecbc894a822b168b7dee3fe8711305d7a755f2e004a22d1a495b2187619c728a1ff712234aaf35cd94811d768debca5615c23574c5e7d0479150e9e21f11675ac78e5068ec48e1d3a159f8643ee9302714bc835ecb63257644d90174a253c082b72bfedfba6fc095d414c382c0ffecf48a55ad19fee3f265b7b1c449271a03b2
1787431794.838737 sweep:D7A-like Normal Rate (55.555k GFSK) RSSI spike: -48.0
  -> 255 5ce313abef212de260cd3197af47034331bc43439a3a2a54d2dfcacf7829c2a5e17b45cf32c51a7e0e9ad6dd24cdd889c0cc570c0106f131f30cff48b0e6034ecc668212d3002af2f2265dd466ac091845a9dbf57185da11ea00e51197d602e7e0405b2c8a5a73f850e4d8722359d54eb882978ed294e2cfcd7ab43ce340b112ccc54582f5ed0ec496e839c607727a054ae8ef444521fd7aaabb2c2f0e3e97779816a6311ccda8ccd323af969b00ded34afa4d0784d1a23f759b2b4fd58bfba35811d805e67f903ea724073dd7cb3f76d72317bf79f2c168f7c4ac0f4a4005a4f4c48804a4bbc4dbf6acfc7f60ebabed5b4982cb6f3df9b6fd502911d97e60
1787431794.8389702 sweep:D7A-like Normal Rate (55.555k GFSK) RSSI spike: -47.5
  -> 255 6307f8e4db69db91f88fbf28fe5b2aba1fbdd3ec7b7d4fc06ca0bbdc8af8d8418de0b012e561e2be89fa0e55838a84dcc76f3eac9a63d6e9befe112ae3c9fae0a17c51bd96b934d50e771d528adfaecdb9190187f629140127963f8e6f30f7ee1b2ff8b4647b1698c4383f2ee3f7af4dd6265058f5616d52f44b3abf1cae4f6c787b4f566d3a8a4538c4630fdea58d216c5f48854b512fe48eaae7843ba3c17daaa3f6f373fc45ac4f61a66e71120b49e7c98c1a4a866ad72e016f351991ee11ffaeab2754076c5d3baf25bc41ec76b0b2a96bcb11dc9a9b02c9410ce21610e016312946115a318f5f01b2ce0326a8aaa3c251b3d4b0e79b7d2c24bbb5577c
1787431794.839246 sweep:D7A-like Normal Rate (55.555k GFSK) RSSI spike: -47.5
  -> 255 c031225ff3f099e0b4c64c8559c31b43c80a48912ddcc39d99f3ee07c15dca715ce20f6b440323a9f14c8a41ad8ecaf2162af7f44435e7412f2d68802c9be7b150be167da5bfddbdeda3198a3f3a0503ebbe5d32a20d461d7ccc607c698a5dbd23c5baa7a8323046610ba656da312710bf60b1c59494d7f1b476809b49f35ef2c2db455ae5a38fd339a9b0a02ac2b767a26f6828cf9134eea713f67a0f5362f9021483572ce8c560fb12a3d38369262dc88b1971bea75528df7ae65e0e7771d6d0b561bb5e34332dca2c287537d25903e2a53a6283041547bf6a57dfd67208be7afec8285ad34674aa315a47c365e1b4addeb608e168426ae5888f47414fda
1787431794.839467 sweep:D7A-like Normal Rate (55.555k GFSK) RSSI spike: -47.5
  -> 255 16fa3cc27b1e2a0d9bca9f3afe6e71af1dc1c67633fb0494a5ce866c0ec07a4cfb4afd0fd4374ff89b79b470d7e4415e963577983b7a2de1e532611f7c16f4ecd045c2fc1c86b4c5e4d7eb9961d6a131103f0f57c079211eb29ad2342ab3a716a5089a9d129b767fb0278e0e0395865c6c03b1abdb5f989316e40d9b034e90517eb4d8bcfd394f109841816c49c44d8963eb59c9cebcda0bd4e045846006751bf95785168f24e6dc4f3fa10af1d167c2a118951c064c836961dace9aeebd1e321da49bc1fc598b8ccaf980c7618b36d2caf09491c796d2c10243a55f622f40cf4b1507759a67b6227bfade7f2393f26fab58b5ab61676a5d14d5eae5def457
1787431794.839725 sweep:D7A-like Normal Rate (55.555k GFSK) RSSI spike: -48.0
  -> 255 553d2ccbcfc95c063d3f46105a7a98df2b8650fc10f3063a5d7886c1d6a1a3dcd5cb59aff5a6b58eae7abe951734c6939629026b1af1ab14762aac67a0d79a2ff54f19d25be649a0d8a0c3d582fb9c8679279764b0fd9e471520bb77a12552ec6b26940dd32741b4977eb3bf3da08552654927f3747281d04525eb6877046616b38f0918b6df4f772eef67683dddc8227a69ea7a1fb5fb3b836604eb008bfc1279e9e38378ea42527a632603517d3b25a781c6b015c573baeda32586d3e1596bcdee20bc0d206acae50cbd08d78a184f0f3e6388fb8b916cf65c082c25a6bfbd1c13423ed9494d3bdceb43f5943db369fc6e71cdd3e3f01ba643d6dfbc2b2b
1787431794.839946 sweep:D7A-like Normal Rate (55.555k GFSK) RSSI spike: -48.0
  -> 255 34381c714b0bac4cfeddd78efbee6de1e0c85c0b8431841439a532cdf4a766fe4f350fa1cc6bbabcf524874fe99269c1afb0b58179800f0353b1f0b02b1c8a913431fa8433f0aa2761812291421ef26b7f9744b24b2f261061e85bdf9b6d7ddb7fb0be3e4eaccdf7860797a181cab72b1c030a6e50a46e87049fe7b132ec45e7203528e3753880bdaf47c6fadf99d5a64f208a5e064465b1f7a292805de362143d3879579640b8a8c11a9c13d1a7b4b7d42cb3cff3e8b36276f45e3231b796fb90b87cbe70380c0aac04f4cb23bb5d0a16cf94c0c2d1a2f99c3254b8e86b85a13fc07a69cb03cf29117836a4e2849a3f1e2cb813ff491f2d8820ab990dec57
1787431794.840172 sweep:D7A-like Normal Rate (55.555k GFSK) RSSI spike: -76.5
  -> 255 54fe7bdebf4d53bdf796e0cbacd88878a5cf62adf23026a570cd2310cfd5859566a25b54d5c95c3df4d3134db894f4f5526a066f87a84e4282816cd010575c5a025cd105ddad1f04c8d84acb704a66cf8340aaad4375688b77b7ef5e054a2760298cf7ace69db075410f5df59bd61b8017c4390a6f3dbab8c5d4edc69a28a151c5b828e6836adee9c752c1e8d552b9e165341a639c257d900b5c4e8cffb3a5e61c2f382e5b3cf32f7c2950165081a4cbf15e28bea001ed75f1efa3042bb81bd6ba00868ef666cc103c2fbec145e6f179d9e86a52d0bebf5250fff1f66c4d63f0fb268102ec3ea03fa4d14682c841cf87f1b47f7c3b5d00125af96704c11458
1787431794.9022038 sweep:D7A-like Normal Rate (55.555k GFSK) RSSI spike: -53.0
  -> 255 6159815ad3369d0b0ad26c7b1ca344637eed1d385d28782382375052772bd3b48edcf3775e3c4e745248980adfebe71b6d69f1ea755a6c9302b996251a43b3dfc8718482780bdab0bad3ea6aa659f529b6166c80a9fcb5dd035d1c2cd50ec54f28056423ed8bf18e5ce39f3445ae89760b0804906281910fb2b6d349216e32399a978fc1a3d0f3e839dc2b3bd9d602ea188b612dd241120278527536fd7231661791359daf3e9e370d9ff7f988746b17511667f074b00e82c8fcc93c7b160005f2259b65e88bf663675e18a727e306553f81edf8e98dd307e02361a40e832978d372f3ea60d168b849277e9a115c7cac520df783dacf89efebcd794fbcdbd9
1787431794.902455 sweep:D7A-like Normal Rate (55.555k GFSK) RSSI spike: -49.5
  -> 255 b7771a26b606fa3fcf2ef22a7b0e0db2ba8cfb34b967731604e0aa1681fbb4da6cc5657411ca087740bd47c3703a2d26f20f40a8cc4c5fbd0c76c3736897e36be9f6edceefd1acf7068b80e9e2f9e1faf14aae1daad8ebb1f58dbbcb3e454191967c44d5bbeefc66b653f4f6c5d33ef0c0169846229c5c7cf6312e5cf791fffcec3f0155c4ca0cfd6587b86c45b89ad975ca1ef20b647b7eff40cb25e72fc2f02da06ff48fb1264d1b2a2685ff11bedb4f1df28de3dc8620d0fbf8c3e119ba5463754e4304ebc936a13e6a662493e344035148b86f14ac21ae7cfa337887231b10f8e090fe8296bfd2f29dac33443b68984abc09cbf7f54efeb2bfe76c3ab3
1787431794.9027112 sweep:D7A-like Normal Rate (55.555k GFSK) RSSI spike: -49.5
  -> 255 b5b281ca34287753c783050275ec9b5222f9cb8f4dd39e42cf68b0a976e4f189576f6112e856df34bdd9f8e9fdd339c96797dc8f756cede64f7735f56ea3bea8c1b023509ca0b831bd167731c6133c89d46d2c2bf5b373ad3b39a20a30baa190de6d96da64073ba52af98c58b34ba0aa97e664e84c41fd41c90588adde6a125441941974125d792db0ce95a476189db903b2cf3417a81c927a48a0378388ef59033fdb46f790738319a79d15df56a717ad8e085bdfe6fe9027c8e4a275abe2bfd1c4a6691a79fb2d2e2c0c23d568d35bce73682ba85c8fb8ef4cf7ef92aec12814a088f790774bf7e41ea1df9ab9238c6019375319f12675ef28abce7dc83c
1787431794.902975 sweep:D7A-like Normal Rate (55.555k GFSK) RSSI spike: -48.5
  -> 255 8252dc3dcce38388746668ce8630cc4b03352910f321169123ef03fc81c8e84ce34627d9ab3916bc707b2e167d8ce68899b2118eb75eaf557985d789fbac03ecaf7e36d1f66776437e28b822bfd7d007848eecb360d07ca71ec26ac6e47723163cffe6d4e1ff5e3514e1ff47e61cac95659d9a4e3f0908dce39d5aa0f41f54851a51c8e1c5bd1986b32a035b8ee2a2c78284470c1b355af77ef7dd07c3112a6ed46adc29eb02d2e935a988dda76888fdf25862c45c9a5192aebe0e695674014997f71a81eb825c237a15242e3096baf546492f90348cd82afc50420902d488b3a1e698b456043cc08f2d3860702480e4723be0b4d008e5fe041b7449a3bcd3
1787431794.903202 sweep:D7A-like Normal Rate (55.555k GFSK) RSSI spike: -48.0
  -> 255 40e41dda7fea65d36861e1773a13863a07e67961652be761eb886d2f51d18ab3dbc5590689c8439eb2dbc1faff8a1a4a776599b243625cf64b37e4e9897072e6eba5662f1299e0fdcc292f6c0fab0c2120ffb5083d3725c77df96a5d8376908362004b79ef8d4d07cc7e19d57b247725ff1ef0d564da1f3cb43f97a2b450bc6193548b964d8a5cd8b56718b9280b61690a9de57009987d8e1a8016e1ee9ade3e772c54a7540bb8507d422f0c966460b778657c18cee8a39cf41a649e9dbf478eb9202ad704111a00c6dcfbb58a3e49d2aa4e0f8256a953d507335f346fcdc1e39f77f088b9c68cfb68ad28ed1c394c4ec3c0ddfa53da7b22c218de14d3dec2
1787431794.9034922 sweep:D7A-like Normal Rate (55.555k GFSK) RSSI spike: -52.0
  -> 255 184e9da2f5acf7f68ed11ae422b70cc3b70c887ba69dc9f517539456e8569efb607912404e2017e9119920356b0c6cdb4104690f08eeaef94a00662e4b209d08c4252230783cc8014ed72a2c5186633444898205e2521cf52f788c2cb3e52a39f6fb3cd71c2eef766b8d8b45970ec5d87d977e35bd6c356688145a12506e9f8c25a2bfd3a714a7c0a1bf07e2370a1fe98c9f8eb9f2041d616d948f88739707cd7229b0dac586a6331459905b78b68f3265beb3558316406b18159af388c25b246e62dcdffe2f69143821f67069c3a622999ea8a10391cc8e9532457b5c38298277c119f066ef3b902e13e785c74b7e012bc0d4f2e731267dda2f76ba7d9825
1787431794.903754 sweep:D7A-like Normal Rate (55.555k GFSK) RSSI spike: -49.0
  -> 255 fc411fe52ae24be3034abaf2efb1be4f3a33531ed8fc0bbf1e3c644cc58e626f865992666d5f9c360f51ba3f0dd54d870a7d511b041cec38efda6bab81d9a72f34255aafab74100c94010186c1574575f7b41782adb29fe4a67f3603e63df4a0e982d482a7b05372f07be5d7894085ce8207d59405709fc10ca6ab9bf7ddf5ba3a92acca6174118522ae3589e4b2694f6b26a13a42d17a6ecd48e576f44f1b43d92efc8c08046055ce83d69636e9e8cfb1764efc5daedaf54a2309a4fcd449bb6f22dfbed7fd263f0f3805c3e2c069989d4ec53113e90e3a7c499abe433beb552c678eaff66cc6eeaf15d083e29562aa58e89582d28ca334d127c38710dbe8
1787431794.904056 sweep:D7A-like Normal Rate (55.555k GFSK) RSSI spike: -47.5
  -> 255 6e82265f1a546d2826830433d1c278225d97ce17e320c487a84b323d2eefadecf7dbd4cc71324723b4b82cc63dae2348286161f8489a7ee27b5a3cc5387d4d79d233163a0ccb114c79154ac9b8dbe8acd64838de779c5e31b9c38f1cfa7d2f1cb1cae940644d791f4efc183cb2c5d15a3dffa4f5395decd884eca4c8c761fbf71f26847ee50ddf34892628a4242b176091d7f8c84cc917c173199e3e225a9d2fe2800ac66bcc70cf7c8a9cd980ebf21bac3160153a5824f8a21067aa758e36cffbbd4b7b4f47b48e99c7a46d94d6bb8d80bdf13cb686268a95e0cce9aec18080972925326cf3f82fba02e4056128f68700b0e3b0723bc36c4d7de8652bb9a2
1787431794.904327 sweep:D7A-like Normal Rate (55.555k GFSK) RSSI spike: -49.0
  -> 255 b8eba35f919ea4655c87d35b8e648810c8eb15a82630906f8e185f14e86c81c033cea4eb966ffadd71e9d92a4bae9ba667d932b8e6c4fca78d9c6f2b13adf2367fd38bd414e64911039930d08396157600efbf16ee8ba29c872c5043efc5ce1f7fa481d36af5b5a905a273bb1f2f93547e690190f56c7a26a5c5095b9aca8cb1594b02631add822032558973d416feb8b998d4e37022028bf710efbec806bc1ad9d4bcf2d4beec1fd3c19eb0a45c67181f6dc1277cd98e1f5f8b5a74db17ce670a7512be83869c244d4bb69355dcbe0cbd47266b2fe8808f2ad04dd932870ac295b8d5768a17a7af484dc41c21724230883236a21dacc36591bf5c6ccb8a3c
1787431794.904586 sweep:D7A-like Normal Rate (55.555k GFSK) RSSI spike: -47.5
  -> 255 55947f6c983984937cc503f0c2802b40910efbd4252e28ec0e2d0d35c64e79265591245ef74e425447af66d311a0a87925459fa0c09baed75e15ddd0eb564b9fd64f45854bc014263a979ceb1c0b2cc03d37ab4fff5bac3e280b5c2ea8f992895ecb723e061fa8bf5ea780ba970f63973271fc1b9677cd79cfac26286939c1701393f6d6046c5a250545a04003fac0774fece99083d4b82c2ead2472a227b543c767dd2514eefcd1cd7c20e665771341ded808ee2241bd8fb4562ccf785bd77865d59046cc71ad6c81cb2fc21335006394391bf5f9b86ecf99e3f44c49c8c6f20bec819c2dc958a72e3c369ffa4506d281f696fe797dd5c7943197e4a7b5fc
1787431794.904896 sweep:D7A-like Normal Rate (55.555k GFSK) RSSI spike: -47.5
  -> 255 0e19cdeed80c010c467ebdd04288795a06d6738de3bf1bb244ac6fbe68b297b4c5b5b649b54f0588fc825cc88c8e233bdfd99a81df0a6328a6759a72bb3cc6ff59d447628fe891e34ae31e1ba633bbabd7146fa7003f0b0ce952cefd04a077e4b74bd50bf27b26b210972acaf114a94c98d7da9b4ddb3606342771df301c32dbe2d501e3a63d97c256ee99b4853602ae374b516894cb571d8c7acf841bff28cd238c4dd1373896646331ceddc6f4a1bf3d97efa055e5f683b52e82c7809f62a801290b36103e4c834fa3a97f5951bb2c923663257121866235bc7a6b4816f76607d43a223be8644d4a0056e3d47e8338ebf90df728cfdcb3d5ed078f847fc1
1787431794.905191 sweep:D7A-like Normal Rate (55.555k GFSK) RSSI spike: -48.5
  -> 255 8d10712f393ee6a9afc3e42a2cf33069e24b05582c4add247ca376e3d665cb8e1d87595a0083612bf8888c3c47e227c98791c41d06842b5fd609ad6abcf43fbc7ea9e5b8dcb6e17f548131ef6e2c09403e73c64c2d3d587e8a5b582fabcb4a45be93c6dbdb8a6db07530f54d98f6e69e2bc7e276de75c804b868127a95fdce2680911bd104f18a8eb4a8363f6a57991d0f320168f5dca4969d12632a011cba5059ff0e34f398c23c551ef8c5508a39bafb3d553be2e916dc63ffe489dd2c31c519206cdb219f5cb79ade643f2041adb220df7fd59206937f529da93d72b6c6dc775f9ad5f40d915bc4b08a12de1cb80a251bdde9f667376d09cb1534cda06d
1787431794.905453 sweep:D7A-like Normal Rate (55.555k GFSK) RSSI spike: -53.5
  -> 255 21fdeb43142e4001e64f8b68c602f03f48aa38dc3207a56560f1f712b2ab03fa7251a57083faa2aa30b4c54d05808931bf1479bf49c3777fad533e7885784dc2b21cf3f5557ec900ddbfc6b91633b376ae573aff25d37f9df4611bbfd3eb77b772c438d5500fca3a40e8797498feb959c5ee6484322a8b5f4e5015d23bb97f0201e7a2dc07858fc553bd39df234586269a050f1966c1fb7a2a64695185a3c418422d2a51de8c2514c289a7cbbeed870f197241bf50a9be9ca296823f1ca6ee806deaf70d63d497b4e06d01ca548c2efb0cd40ed0d5c5af5f43d033220616bb38ba3667ec44faed4fc683036ac0b2dffbaa564870c6c76c677f71f01971d8c2
1787431794.9057941 sweep:D7A-like Normal Rate (55.555k GFSK) RSSI spike: -50.0
  -> 255 55acb5d2cec37cfb504ec16fa5b09bd58cb0bc58cea17dc21ff7172d1a8cb402b73aede7f9b4ca81ba84b80de3abf88f842b07917563a710605246d74881021430f6a061ebec931c319db79fa7e4cd69b89308dcff2ffab6f6884909c1d90a94aa8193daf8d6ef7de452e0362a4468fa2d04843d9f7f34d328cacd273b56b2cc63bafdb971ca6712fd2399ee191091015f519e21e0b8e60639f15f1bac5eabd12697e0398c4fb30bbacc438edca1365e82bbb13d2f4b6203ee5fde3601a97edfb200b3dbe21bbf38598223f2723e6dfc022aa599142516890e0594709b1d8fc676f0695f085925bcd3889eee22c83dc92a434fcabf68079b9fc282b9becab8
1787431794.906087 sweep:D7A-like Normal Rate (55.555k GFSK) RSSI spike: -49.5
  -> 255 b4181e4b93ce2f268641898a2d23dafd621a29bf8c0e4fc964fdac4c95e2e43f4727ab40bb981e14232b74b88633a08a4a2c38a4b7ac3a43e0360491fac2dee58dbc6513499a0daf51ca516a0095d89401814d07f564c4ecfb978c68fca21b9ce07ea3f2198dba9661e544c987c21faf0315440e063bc993467011cfee61d74d99c4b469c6475a16b2e9302f70e627df95612f6b3d183f693d0f0f1810c1e2becfce0859c385700bd4926e78ad7c27100fdb3dfc3cc4414bf0fb4803319a8879c489aeee7379f0424767e5c0f6c190b21f6aeb665dc1d3b7da5bcbeaf74decdeb1e21461f3cb825539a567ff9a1d03d4b8b8212387e03c0aac0b1c7fec0611
1787431794.906354 sweep:D7A-like Normal Rate (55.555k GFSK) RSSI spike: -50.0
  -> 255 07ade23d9a7b9646be1f0aee90128a01af562a1f8d2f57cd16a055ad2456c3246fdc855bcd8a4d162ac00c44404923c7470f8f1a7739bd82918bcfd2a9da11a1b19b28296225aecb06c0ff16fc7a91f4e8e13da3ac4d19798a3e44fc03cc76f59978e88faee38e55d24efd52910289380b045f73ad0597a43b2e3c4148547c66b5e2ad48d9549377bd4a8d50a684b26471fd5ae918f3bed662e3f91dbb9b080ee4db9af5dae85e9fd3b9af4110485f36f77a44a22224f0a8f9994f4f2b526ba383570218d43541a9c646934f81f2b62e600afb571ac1971bf6614afc3f915488675c743af03b80410637175192a3fbf1305d6dbfb79de8b331c541f0a11ae9
1787431794.9066062 sweep:D7A-like Normal Rate (55.555k GFSK) RSSI spike: -47.5
  -> 255 f2b553b9762a9585d6eda36771e97b44e8c68c0331c3d0c3b5df87ab6660918ac7cb5bfb2e4576f48d17f82cbb02702fb20ccabc390d94fdaf5d27d70c908c7aec87f9903599b0069b133f93ca02a9cdbfb11f0314d67bf7e1659c8715d0f4171a867d74594791490e7b4fdef554b32a3c608d76c30cbad70feac13e1e66286bc1c3a50db34a8fdfaa8e03206f3e2f4acb999bbd7882b337e98c350b49ad8584dd3c455cfaa2c8b1d127eb332979ab3c2703116ece07a16cd84ee0d8e04a2bad84a9180775b7909b37c3e2a2d8d33313aeef21e01da524f9e9615820db6325475fc65ceef749e1fc5e180054836660677b9bc94c40a301c8805af7dc48f397
1787431794.906827 sweep:D7A-like Normal Rate (55.555k GFSK) RSSI spike: -47.5
  -> 255 36af97398d3ba2117c07a9ed5ffa87d9fe6018d04377bdfd46d25410cef8e2774468784c916bb60803a0066d86c2a190695281780b7250c8dba676307044d31367027a2eb6f39f51c405310fe7ab690b0381df7446eed35dff2e91e70b9977e40ba5265619fb7582341f9e9501e0b6e108d6fc854aa1863c5895b121dbdbcdb0ded43512b546c273406f69673ef93f8dcb2ad9df24f15d59dd63dc659ef630074c9396344cbb927b1f01f4bfe412b7206ce6a8469272d4bff5f85998cd7fb2a0786eaab2a909d1ab5a2b915e1c4518032c638fe0045b147628ffbe692a498ac7ecbb7847727a57dec74d9e72fe3abd6eef746c2e15bf762fd16bd07a4d6c3d
1787431794.9071 sweep:D7A-like Normal Rate (55.555k GFSK) RSSI spike: -50.0
  -> 255 6e3aa080edb8a418c257fb9ba6c00ba8fb88a06cf68f82c1cc1e5b128d679e3403f41572561d4ae3e291c72bf141d1e0007e8fd8915514b6eebc0744c3a4b01dae6004c360bca18e5ea0dcfcd3794c29ceaea40fde1999aa0243dbfc269f1bf0a117254a3c5ba2c0bed89f0695928198b6eb495a84398567b3a1d051f81b6d33e2fcdb8c6587269c8a9f95f361442dbf6f12b87c8b28752c95dc043a0a9217a7fd05ce4f568f16be6fd33fec88dcd2df2845a59b678099f4ffac5d7e2e19a73b3e96bc482295a78fb65f015a3734a060f4ebcb5d10935b93150221315f736bf62135bb5a7f8a83fa29be633be2c7fe5408109d01421b96ba81f37a5ecf921e
1787431794.9073448 sweep:D7A-like Normal Rate (55.555k GFSK) RSSI spike: -51.0
  -> 255 fb8c375d6aa17ade987d3a065fe7f222b8d1d61e5cca5a49b0d328dd07fcb14f4ad86aa0c013373df67153cdb07c9f3ddbc0e8a6473554d9bf9830f1c17ddabdeb4a2637af61dc3f7ff0e1be28602b7d5d33b650698326ed162ad04a0a7604ad40501cd3c2720076a8f1907ac229d86bcb993f69f2bbaaaa39648889d658802e5b7e00a9d1ae50382449dd99879f4d7b44488b1dff15cf27f710603bbaa7eae235fc99b691ebe843317756e49c330df4bc0fcf89552f2a11a55f9888629c13acdde254711df424c72826a21c678135102ce602070d5004e3cd33775b25428fdcb90f07d73e247a88f5872fe3cfa6ec69c7ef05e1ecbec12d8756bd13bb07bd
1787431794.907614 sweep:D7A-like Normal Rate (55.555k GFSK) RSSI spike: -53.0
  -> 255 1a242353c59c84a51aeb52e19dbea12b9ba431a3dc7e3f16ecbabeded818234a3caa804fa42ca573afcaa9378da4adfe3f3f1bf4f777d2c89c46ec21f9a29f3b0e9f1b34cfabe25e8a27f29f677664811d81afc4a5308c772b789ebfd8c1c7483931ce2b1a0631ade4ae787d9a328d97e616b62ee883967930fe8f0cd7be8816742c0bd5ded5b10eda6a7db95047ca946025f1ea37f028fbdf2931d2ca300a00cd4aac174f79cb09ce58e52700a87a23f633d283f51d39587ac730938cdcfd45d2dc2ed3a081cfff2f4c8c7b7ebf53197ca52c6d36b7a810eb5a179918a454df4ece0962598187ce6d5490bccb324088f8ce21c04e534a2d2feab1be488711
1787431794.907872 sweep:D7A-like Normal Rate (55.555k GFSK) RSSI spike: -48.5
  -> 255 ca7c994c761ee3d04f5c62c8a3c815907771c9107d727f3fa2655af00a8b61f4fbf7d1baa8d792583f925b44a63d84a0a681881883500cd13c0a29248796330fd97233d82a1b6a66e0f0d0ea99f1b859f6f862ce4b6d37d9313a06d7c4cfc8d857cb164ee24a5030ddff0e51e57a371edd2f4531daf22f54321371518c080b9a530ec650d3aa2afd7792d24c45e62b874e8b029f54ee5af81f79a882816f2e9d543aa53412798ecd192fb3a6f910658635344ca616a1122e3da228f98f1dcf3603b1b108d7611202ebe1b69d5bb0f4081260491bc58e71ceef7937c378ff906795def4354024379f9b089679790e3ef96f2c85b18fe4315950e88ecf99a630
1787431794.908184 sweep:D7A-like Normal Rate (55.555k GFSK) RSSI spike: -49.5
  -> 255 a6295c423d6074dcccf4f1508e72c58f1ab9389e4b831d3af059fa0c4301cd5f42f9f89c8d31ed8c91c7cc3b61a2d9653ce92deb94f1d033be81148b607121b700f2db75d1325483eabf5657d746b46adbdffbaa7df6ffd35872ac35c66001ca3eb662d0009b76936947f3337806038c6d080e258c9f070f9f306df005fa3e86e8d031c8a07dfab233396558af850ee81e32869e71806199a0c2c33b8051c20925ca301fb80fffbae0f19daa57065bad8697811976983f440b04855529753b4424ec186bb5999234ef7726f340a802a59b9d34e5293d1071c3624b494665278505183e6364d1a4254c4b4dfa517d67f2aca02ff06540d1851bac89c7cd78d8
1787431794.908448 sweep:D7A-like Normal Rate (55.555k GFSK) RSSI spike: -48.5
  -> 255 58692caed001c7dae380724628c7a97bd9e0f3689be3d7b233c782995193a132bee7064927ecb161877fdee1a335e31c494654d2c88eef89f0c1cf4b87126ad9b1cc43e6c3802812c9ec1df27dcc53fde45f0b0c195726676370b81b5f5fc8297acdb99e82f690b3a37a7c9d9ed81fe45d825aa597b4b74b471d8af45cb5ba68b22d91c25a9bd9bc10429ef737bd5b8f4d80be6a4d0ec9de3db7a3e8789473aa1c77888618d21e9c8382ff75df079744fdb7575f84f4143341c9b92719dd775fd1da701a4eae622b8835e8bfcd83fbc220d97df0b616b029f3b8dbef99bd887d3d01986741a677127bea4524071b8b13e3fb00df0a1fca413f5f092b4f72ba
1787431794.9086878 sweep:D7A-like Normal Rate (55.555k GFSK) RSSI spike: -50.5
  -> 255 08b17d450b22274632b057cb8a4cba98f9a8bccbd63a8cf44ebd3677da2429c617469eb69397608dc689e7f51124fe401e8249ebf2bd6f562d40c6fc886ab38dc1f801f811a9ff9c99434306432f48ee33a562b8fe199fa18dd294e7f1983b2cd32779989dacb667874f7c920ccbe42c70ab8803f4f674ea37edf1c57c24c323a02d61fdd98c8f2ec18b97463f70a752ec65bba33ba4562e4178a6da4f67cb0cf7df00d3f4cc2ff60a76f9444bf2d692279b20a5256a6454136706135b97ce7eb755f1d795c0408ee753c9a19e211fb89f74c7e78ef3443f8cf87cd02d382362b2c0dbf52c1054aeb69cd4ecfe12459c3db375b7867bb9e67bbe703634750e
1787431794.90893 sweep:D7A-like Normal Rate (55.555k GFSK) RSSI spike: -50.5
  -> 255 a0607ae7e75e9db361c03dea5d6aa40411e5d59ac661511fcaf9f9487bdbef29ce1fd7fda78cb35d11a074efb738c26452a3d43fa233b2df6e5df595e30b028394967130220a26c39f98a91fcef3b11c9fe148be1fd76f5e09456bdb3fd73a158e77d2eb0e1ea4c1f20cbfabcadebeec12a5afc1b691e008902c0093270db3f4e9fbb3124c51e604ee1da30a71accfd81811ba8152f003f0cc61034445ca23ab041109db8c3476b05ed461d14607a77c1bb8f1b24590b3c4884b533105e03a311ec60d1dfcda44cf6c5ae4007613d8a9ba6e551845f007cdadef3a5ad5b7ebe789bc8823987679914430e96574f2ed6407b655f7a3326072a738c076abce9b
1787431794.909268 sweep:D7A-like Normal Rate (55.555k GFSK) RSSI spike: -48.5
  -> 255 f3266b30d1f6dcd26240af3c9fbd703d764099fef29ae6c9b9a4d2952ef9d3dc81ccf0059123ac254bb8102bbe71f23eac1454580a1c994e16c8c171ab199c51bbf050e80e21e24b3924134f3360f38f82261a7f9ba9fb1a3f61a4bfcf602fd93bf8a42e94b30194a12104dcf9489e508791f01e35f5e8d3788d6555cf44160141e3c67cea0f742c0cd127b949b49817dd51cb588027c5253fcfaa977cc30f03c9664bcb98c3c7674d0077a907303e2217a8946e4c00079df37ebf0b2b9ce2903040fbf35341f85e1719f6e082b8a22eca1bf3f9e900e1c12e2369f9cf5acb243651f8009c0e6afd17f024337ee873f126082c4df49bab7688811c5a41a227
1787431794.9095092 sweep:D7A-like Normal Rate (55.555k GFSK) RSSI spike: -52.5
  -> 255 347d870f29f4abe7716c07c6dd2aec10b1e546b9800d8ab23a54818e69f7cd127757e95ffe3b86b16cd74d8716e5fb2c6bf19803d8346681c9681bffcdb72c9ceae392e3773c83762dd833ab4ac2f9051e15df9a6bb9dede036d03f4a3b5e89c33489d15f1b6df8e3c0e6a35d9b4a5efd5dc751d3a18d2953b6c20454190bcf3de69c54483991c82aa70e28de8721e5e4fe591ba1d179af388abd1dd3549b947c594caa014d91189eee5fc6f48f76f251e51b47da7063205e4e21ed091e6889705f1834bb083b16524f284456b924ef643404b75860de7a6ace2750b5bcb0cfddfd3868cb04ca7d9964d69132fb915df39e9095f4243c4af0df23e35a6fb0d
1787431794.9098098 sweep:D7A-like Normal Rate (55.555k GFSK) RSSI spike: -53.0
  -> 255 5b6c8b26703b114e7c4e52e4b922a4f2da42b6b638d7bfd1977fadd6448c4d7f37323ae2030f3681f3b0dc29010ea0abcb2bb00a55eedc8cb1f5b8542897c46bbc108e70b29490c7931d269b5c0d25b66e4c36f15ef3deb4a8622a3aee3e04de23f87e64cdaadd9d04696418ae0c2902200d5154de044045c16e0fb1c98ad360f8136b45e1364c371b7c1dd610a705f3a2517069f4a4dfcbc8f2746743f1f08af3f1fb4e2104ebf29f6785a26868c6dbdf70296e5f01c42a513f15ad268f1437f306d7ffcb5316d3f6884840199fc29eb5f57552cdfd29f26a657cdda10bb68f889fa99bb4eecbfc00588c18f6f9517acca6c03d09e2ac376303b0b6d16e71
1787431794.91007 sweep:D7A-like Normal Rate (55.555k GFSK) RSSI spike: -50.5
  -> 255 31ee7120e1c9168a60e7bded3a45fc9e77e4ad62c3cc06c2968ece9dc44f4e9172ab0cbeacba56b56edd49eb0b949bc300f30b7513cce86bb7baa50c1ceadeadd7786f909ee3077e51745bc64d24952abebd08af1f8bbc0823195d72e9049632074f79fc8e7428ec11103cb7b3d819c92f4cc3e10269b97aeb75b94602c01de654a090cf7997984b4ee2757a264d0d44aade4fcf4ac1575ad76612113e07f1dbd1d895eb9b23be9523b9490e3e0f107621528cae5e01073ddc0c6e08eabf5b6d115c3f6b83d9ab9b7a5829a4092232518b3b3d73e06c1853d6e3080ff17769a2de8d256737540e83a2e8de11b74efef2129517e107972162ab3ffe92fc26d2
1787431794.91032 sweep:D7A-like Normal Rate (55.555k GFSK) RSSI spike: -52.0
  -> 255 c705616ec3f72f9b9bc822b2399ac6c288532bc132bc1d3e27810c8a3c5a87136d624b34ebd506b5423fe3539e703000ff247b2d32f88734c170365db41ef6cd57765e050e2bae2fd51ff0146102985b1479bf3a27d64e71c1df7351a9ee61b0191ff9d211929b4e5ac59605216109dea26b2f7297130f37775aa6d72bfa1e4cf140e5884bc3c25c0e2380894e613ecd16f943a72c5f9bb3b08db2ec8dbb05219b1750af459ff4192356d55076344ddeb4588dd52b134f2680cd036b2efa6f8e6b8d9d243ed5923d1919fadb12a75bc8e498fda4f859c12febfd93da12088d3a87f2b7bccc25e3e60e79533d511672358fff2c409b1b66e35ef7e0001c75b7
1787431794.9105868 sweep:D7A-like Normal Rate (55.555k GFSK) RSSI spike: -50.5
  -> 255 ad93e27ad6fcd62410b9f79db4e522b23e45016de4a5dc6219a73cc0d6674014287dc7f1c30926112a4e5e6f37c2ed527f26bf4451ba4d5d0eb6372743104dfa277711d3e4925b565a2823813744f27a8ce3ff7c1e689b033a4c7874809f66c3888d8370e149edd8b09d3adcf2f4d127b41ed573d35a5f00e0d1790732da41ed2231cbf1df9bf2dc5dac157bb1637c3ee66f5d7d3fe70ae8b564f6b88680aab532e29e426c2938a64e48240ccc3a7e5cfcd8cc484caf37e9a95e8d2cde2ba0806ba87bf6361091b71b7604a7f01d60be547bec7c233af764f4572dc0eb5a6527ab50275f0e3f228a995037819a7dfe9a5dd8ec8620faf82fec5b4d93242bf9
1787431794.9108522 sweep:D7A-like Normal Rate (55.555k GFSK) RSSI spike: -50.0
  -> 255 571b81367115e42b16fc8b049981a78a184f10de01e40ab604acf9a4649fa1d2ffe3d652493a69534a4bd1bd41daa3b4f1e638a91bc832e16cefacb0006a60ce14b4ca5bddba9ac212b339129eee9a1dbee4494aaaf9c5895f3059f731c226958d4329186e5937e802656e8970856b3f54504cf30900a535d520fe3926590d64b0c89ba05ba8ae170f0d7a462d7aa0c739530b468d5f04d777c3219e25073d4cb23c109159916e0c4048dec9c301602e9db3bce3508d37a743d14689111a0f0ea4c48fcc1e4c0963f0641670a4abf78a689e309b160c519a01ba105f69ffe22db219b7baf518ca3c9c78e6d87f27e7f09da77b1e120b086fea384118d55751
1787431794.911117 sweep:D7A-like Normal Rate (55.555k GFSK) RSSI spike: -49.0
  -> 255 f5beb84636f57227143b490b4c7107f0e5e2bab591aa0fb9819ff0d75c1fec900dcd43aed1dbb1e70a35aefe87cca0bb134d209902c128b2483643362c31319f8f701e0b9e44e88c7e71233b23f3d411c3182a6aeca1b2990be0f72c51c82d17e28c7796d6fbc0fb3544099f9a721617864005efd8728ad89ec180578c36e152059d6c85aedda1341376348b9b85008e62b61a4161a6cc9571f140c4795e4d2b555bb53a1dcc970d3b4ca49d262ed4d4afe56889bdc43f999b9dfc37712202905ceac1096112ccd52af5cc70a10acdee75d26030197a58d09b7b3fb5c6d4de287cc1a96cdbec97b538fac1602e73fd6a97f26cff97d435bb170d6ab5f0b5ed
1787431794.9114392 sweep:D7A-like Normal Rate (55.555k GFSK) RSSI spike: -52.0
  -> 255 a6ff144ad507f4652f12987b1fbfab563867e372abd51539cb0167b17d8abc72fc96bf3c3bffa3c1cea3adc0a7fcd22bff39d6aee875c21ea6ffd8dd7e66316fa248ca0fef4aad8bf7e6a42fe613b6919b1f0801a54373ce9a1749140e03b169aeccfec478698c0c2467c58f5e80b9d1d1ec54e7e888401d0adc3decd1c79ea8b7142840bfd4968afa33653b9774d2b6d38df840c457c7db69da01c0c95aa36bb361b21d40eb18b478fdf435d98b277fda7d04c7778f9b21bece9583f162dccfeb17a97f67f057ad836c40b58aa2b059bb1b54641f0f4cc3ed3582fded68d0f3a9b7526c0dcee17a0f9fa5c6b1e53d8d042d3e43a20fc51ce81c495ad3073c
1787431794.911679 sweep:D7A-like Normal Rate (55.555k GFSK) RSSI spike: -50.5
  -> 255 f2facee65b8a153166e7d77ee2e6fde94911a0c286fadca3a6a6c6a28c12a24eea9f88e3ee74fbd3daaa1dd843077f186b50105f1be22d833c2aaf115adabdfc651b353231076954070957aed38b1d83173fdbb82cf94e6f8f90ebdb1342b810bf22844190ab750aed83db4ce9ed76a77045e7344e9d51fc95264c537d1585e2c8f409ec67260e439339411b56107bba33d846af34def997511a0585df3e8fbbfada430c5f6f2a4c34bf634e2554fb2257205d6a25670a70df501ddd2bafd4f9b2608197620e63021f8b318b23f40cb182ba03a381b44aab9922626705650627e4bfced8e990e0dbc01d54bae74351d3d1edccac8f62b58cc5657cdfbabe00
1787431794.911904 sweep:D7A-like Normal Rate (55.555k GFSK) RSSI spike: -50.5
  -> 255 4cf2427b35db997404f872430811dc7b2522997463dcfee5e967e51c2ee51c4247d85608a518618f42328110c2bf87af0793bf20363d4a0232b37460ac8e189ee2bc8d41944bc4a7182ef8bb36c0da3122d8ec7a57fd4e44c304757ae4b159514ddbc8b8a399f779ab28316c518433fd0561a64a7dae6d9b08c19df83e12b9c915214b8daf4b4c71827c3f7c423301d35d58cbd61bc49acecc30b49571021c440f0e41ef987c42828508276cad7a71d8556b2feaa9b3a009445f1edd207ff4fc7d2a9d3d5c632f96837c65c64e9de47db3684a11974687604407e0ff7936cf76978dc46c894aec492adf0cb6a6cd4526406663b9f88690e036fe85c35c8d0b
1787431794.912184 sweep:D7A-like Normal Rate (55.555k GFSK) RSSI spike: -50.0
  -> 255 c5b0969a3766a89894b67e4979a75307269234e0a187d81ddb9672fdd6dff62b8b6003114c67b88abb2a48604c6efb1feb398cc101dcf73836e250c7d7d55a6b3ebf1914382bdab7a2fbaa5745837cc314e05c801e0c7f4fcdc4ac9aa46dad39e465375a2c8f693d7e3705f9d19a225ffcabac0f76aaa3988718ae69a77e0ff455e3afacb824c5702bc4a8e986050941fda272815d19e3fb8ab7dd3004d13ae8542a7299e5ade7b71994bcc536761f19c6287a734948d0a59a330260cc8da7c649b009378590b81a113ea7c389d4d3882a961f54af6d89c9c28ee313f43ad3fd055c937629fb5906c8b29ec5027e9cce30d12f47356b164c7c8c690e1defa3
1787431794.912436 sweep:D7A-like Normal Rate (55.555k GFSK) RSSI spike: -51.5
  -> 255 c13ab29da8e4c93f2187372d5f90100c343d42b57c113486e5b558cac462c7a280df40bb0bbc6e1040090df41309c201dfbbc4e880c6b56c9b17873c71b8e528444f49a8feac470a3ca9f32e1a6035f78b170bc7f50b2a6986e2cfa7e5df5939e4f37253b73819bc2921b50e8c1996e1e3c21be8bac26608d0d0e3d6539e14c3e6df4e83059652368da2c29c7f779859e70f0bef0c62635b78bae659df055590a6179356093e0c89faab1cb4ad40bf103cd91ee42050111fe16fe32b89b02c854b8457311ef62e89f731cb84bb08bd4966929a7780fea0c2247c659428b213b7b58b456b00e4f3db455297eca33de4f283d7cc479c9fd3d663d2b6b1e1bb92
1787431794.9127429 sweep:D7A-like Normal Rate (55.555k GFSK) RSSI spike: -48.0
  -> 255 08740a87ecc5df9794a2a07ccf657897974eac94297e27e1bd956c89047874faddedc506101036160085464945784b53ee1b6caac04c4770fdeef1a5588add76d24129fcb9f7589713a2e406bc5f737fb57ef8afbff2131ad2c97cd2c78a801fbef105ea573e9f37d7837591e732f099a7754c274482707bb03a1b295344a4506913fe9fe825eb64667d96f5d0e91e8e39d53d6d0c0aceac88024182c4d3ffb86acffb63437877c27f8e1e290dddea956f19cd9609f6b8335377fed73958195a453b66e2f7a96afe197b3f069453501ff87d4edf5cb02264611db78611b8ea0fc5ab082f393678cefed3204b14e91fd8476f63f3a1b6c0e1bf51efcd5b26a1
1787431794.91298 sweep:D7A-like Normal Rate (55.555k GFSK) RSSI spike: -53.5
  -> 255 79084de0c898dd2b02fa507031dcdc7207a2e518c4115c29cfd6fc6965fbe561caa5695fb18fc5bcd31ffcc760b5692f6fff3f4c8ca85ae9ff23b8915b104616d4a8d46d02700c8b23691fe0a6bb2f1c5206aa245a0e584fd8c3d825eef06829bb1abade4d64f839d4daf6ff80adaef7868571d695479a2c061d5304d14974175020a11fc2a7ab5f6469b263fb8bb386ca0b5d85d2c57686f8a5fa1203c73c4dafb4a622fd66184e7264e2fd7e7282536cf15f08b94c6518dba47c192a0b41b1a5b4cfcfed17a3f1f38008e9d2a0ce2f40be49d64ffc3ac6ac46ca82c0897e54d7281fd3eeca44304501b3b27dc3ac8162bf606bfea793641c1189da4ff957
1787431794.913363 sweep:D7A-like Normal Rate (55.555k GFSK) RSSI spike: -50.0
  -> 255 e3cef74736b8cb9aca2cee9204c143a4490c395da2c3b49c405b8b529dd80ff30024db5ec4e32dc1cbfb9a453e0fc42a392dd9a437e5ec8bb7c7e26f44375b40c3965dac044837aac3ac37892b68c49a2398c3b55501ea338e33ea41393d289ffe4c2e20c5b45b9f720c20e06967d48ebb894347da3c71f53d561e72c564a5a7ed8cac2719b76d5c9a654f90b72392c8e34801e47eee49297baba04a4b27f82fbf72f252ee0488f63f99436e386379cb2e8b0a49b6d482203ca362815477f1db0cd847725a63b1a4b5bdd5539d7c7af107ece94e287d2e6ce3f89edbfb5dff7d6fc421fa93c79b5c77532058ba1ec087456d30a831f66b7d0e4209c62bcae7
1787431794.9136178 sweep:D7A-like Normal Rate (55.555k GFSK) RSSI spike: -50.0
  -> 255 ddcec581db907290082b8d59d53015de9f8ac4eef245bcf2775e2279f87c4ecddc1b91ca41cf1bfe4a42e4cad4698c372f49239521bc043913921b61577e2e4f3533a569031d4c8d00096d1bcde5cace9eaad84c62831d58217e234a7eee41ad7fb37a07e3175cb579c434e601e65026263e3c83f4506315782fd67eca38077aeb12ca43bd82078b2306c8d2f5f6b4901c55c75c1b6b79e73f1e278a48a5967ef4b28bcb637b3a7f680e68efc814f746eddbc59047c4dcac7ea21ffff4cfef38d7f31ce63d8404fab8c72d87195fa9a15038479b9d9fedfe3dd86937c36d62b674740b817e099f5e7943e5be8d918e12db5d1317b4a64a9a0a1f2ebd744edd
1787431794.9138958 sweep:D7A-like Normal Rate (55.555k GFSK) RSSI spike: -47.5
  -> 255 4a3a45e0c5e2187e59d6a38ee34d4b57885130e96ad00085c690ad15f132c75d6581175b9a59d431630fe0d4003f881f3478deb2fb1e6a82a88e12c03ba1dd2bde8b5e87cb831c97b12269a395a0eb3c2cac77bfea004988381fd96eb2c448509283076bec2b9b6cc1d8703bae0077be8217385971e78dc614a1bfad3233f7a9154da0bc115dde8a5bdcbc3aa46bf22dd8f5a7f381636213dbdcf164aab2785c44953f366438e18187083f8f50052d6474c3f1843dba5c97d06156474d3ce9b9755850461f26554372f41def02a7666dc7096164e094354551b302acd96836e31d2c3d2c6d503f939a710293b93636fff1ee781531a3d7193dd666e4ca0bf7
1787431794.914203 sweep:D7A-like Normal Rate (55.555k GFSK) RSSI spike: -48.5
  -> 255 76cc583cdc342ad84c0e27b7a3b1e509530d1fec02713cc8893ec7d5a079802c4875fb7f1214e616131124df6c036485e2cb78d762a3595dd6f19967f6bdfcd4b77aae3f6f5a6b7b9979f1137f1199d7d5b26440d493db76ecb0ed7ab4df977551ae25c68b84c2c2bc2207a417861daa2c6ca3e3c1974e9aeccc11a094461de389ebc08bec45b3ae412bf740314c5d72e5f95b157b717956c50a708ed2db492bc40362991b8d4e83a787ecbb4956dc476cfed5fa62f06672a8d8c97b146f23cb8403df09f2296674ca68b899bef2e8511dd4768f134165020cee14a813b4f2064ec4f4e05bc2426d89e02a844f7500ef0f4afb5cec4ca282f7a3e188033a36
1787431794.914479 sweep:D7A-like Normal Rate (55.555k GFSK) RSSI spike: -50.0
  -> 255 bdd6f7da1044cb0c122f58b478d367158cd39211a000474be3d94aecbf24c4a77429828f7e8d673e4a69f0066f41ee2f85f20ef0f775814776043b75fa7d00f04af257301e638ee213e02c3fd53e29ec10541a680dc735a4316ac70953008b26308f07b674a08db83a87ee3cf61d7ceb7efb39ee26c75b7747f8fd7f6c44f2021207260bea794b42cd9204395cdf8e53c5939c83fc5c2cfa00e09e065f0980f3a2b9d5afc959d3a6717179f872fd5b881c2f3869955fd94e057047a45378dd66491af00211e22751c6252ef7d2ece3a4be126e59bac3dbba56a0fecc8bd5ca45c14d984c6060b9c3418343b172e0ce020538ac6b3e11ebb6f9fcdb443a231a
1787431794.914727 sweep:D7A-like Normal Rate (55.555k GFSK) RSSI spike: -50.5
  -> 255 bae55f6a0e5658e80ab09c7267077e3c86dff9b9479a66f8dc55925f9c1fcdd64a8684eff45d30920488c0de2c77ec947d0c92ed9785371881fbb14a920e1742ffa0028741257266c68c597db8a436a6cd19c2cd5dbe966e14b8e750a49184ad3dde1c10cf540cd40bb84740f3c54a9aed61d30ebaac7a50ed5a7b42602d77a37d398bd06805adf7a73e7e37e0e743350cafabd64b52299be6d989b4b8c44e5491dd74988db2230144f9373fb48ef31c0d41bbc67f74f01eda37d2ebdbf2f2a3a5783f691eba2d427539095529a563d7ddc0f446cc93ae9cde79e943c832a1997398ac61bb26ecc509aa2c40dcfc575b365266d9935bbb46d86df30901c3e9
1787431794.914997 sweep:D7A-like Normal Rate (55.555k GFSK) RSSI spike: -48.5
  -> 255 00427eddb6fa155b9cb93d9dc29dcec0f7c2424b085b7595e0a170b2594412ba149f38fcd2b99dbcadb70f64a0a7bdcf1f5b59f24b923f689314bf2a9ca278d3054158507233464cc111894b8b4ce5918b864f10ce9ac8808c1979614880b0374b15bc82ec2811218a4dd50f4999ba269e986a233892e057c697f21ebc31f4c97c0135087b4fd54fd1e0ec44e400503373f3f0e90f3e2e2530c44e731754bf2ba5224168ecf668c2bbabe1db9e5345bcc18a7a7c1f5c1add2809b36176ecaa92ad1bea749ab287df36d7a08dfa07a3b16c3880af8c36666bf856f4b6fb61b9cdbdc522da0c4f0d1cd01aa0af91a47588e9e4d2ed63b2523079a4da86b9ad6a
1787431794.9152179 sweep:D7A-like Normal Rate (55.555k GFSK) RSSI spike: -50.5
  -> 255 82e3c91ef9808458b945a634fc2e30b5a5a00a191a20ae45bb32ecd7882b59fde6fe1f933f6f7b196f7bb2e1becd9695f46ad876a4a6a56cd6fc195df8466333db85a30ab5526bbd1d6320d7a2570d41cd932595c74e228bb78fcbbd0f07c44dd72518879b4667b28dee2aa0adbc516b2936480e862d87e80a4bd937d104722ba1c1a1eae4e3d3ff105affa7325c431adcdb3807a8597fb1fafd944ca90c6b5f0a2a9c95f1dfd39c579ec6ad136dfca565fc4045e66cb9e2fcd9a239842e70e2aa52e97a949f8950250b1ec18a7cf404306947435251f834ae03ac41fb6699da92b05f54bccdb451035159000931a61de266cfd8387504fed8492b199fe630
1787431794.915485 sweep:D7A-like Normal Rate (55.555k GFSK) RSSI spike: -49.0
  -> 255 b646d107c6ce5bd41ecb197dad030467aafde7eaa9b6494bb226c56646a13b0980e685baebfc942b5cacecd6fe219be98211fc299a9292952b7d7d188d44593fcabb0ee3870e21df42fff9a210275edf5d539285a674aee23c93c37f9550c5e32f9b09f19b1079e55447095bf3aa60003ce8df0c019cc4cd44ae66284eabefc292c869e5fa623c8f774c595fe2e625dff878afae8965b6363fb06de2e46502f7c1e46e1e55fd714d8860e1d04bab2417b22df43d9611fd3d9d254f0403ce1e4f0ea9c497f0cf2a834153163c9c427b98e5f6027ff4ca94a1d77654c7e6ad2810e8aa89134e9330af00ce0d60782fb91ed37650667df60a6ae4eb2cd0b510bf
1787431794.915749 sweep:D7A-like Normal Rate (55.555k GFSK) RSSI spike: -49.5
  -> 255 41f20135099985eb10b53db2b3f7bb60fe2a80f5731aad887adb5e94836b7f45f72dbe50e048c8f7062ba7e3cac5f020ce128e2dead8f5290a382c51487ccc6a4302920379264b8597447e1d8890a30856c26fac34dfb04b80e1089d2128bbbc1689b822527cca0338d0afc7e07229dc260f404b93cdd5e39d65a50de52e02e581ca725ef8e8d65726969bab7927abf9ed0c29af7fcafb7ec921fd51295e5fe850833a490054f4991c19bb8a568415e443f069066b60c5cf96812c10928bc92180250853041189719ca87e71e103e53eae293c9ba0e992d996b16d012c9b6223f66230aa37abb9a6c9154a81624d70c8b5eac420417c2c9298319b1a4cfc17
1787431794.9160728 sweep:D7A-like Normal Rate (55.555k GFSK) RSSI spike: -49.0
  -> 255 aee1a57c0060726ebddc203b75c080d6df166a8e3ba871df9396fc143ccbfb275abfec3b3656d9f3a3c0a12ba0efa42979e0d7bfa77f1d9d55d09f686e15323fd2846a06d1c36a2a7f63a3612ce20b083270fad532e0264f7dd4ac80af3b15bb636881782bf9139151e69fcb13179856dcdf98d315220be960932f0f6295445caf271618151de59ff21cb60b0a0585a38aca6102d388843a7b655073a6f342a2e7d869d1f614176d0a083ff5dbe8bd7445ec4f87ccf1ab8474aa148eeab67832f15f8792dfabf3b4d406a88f088ee12922b2e32fabd00e3b281a85caa76d14516f5bd41af59e8420fe74ddbf8e62f0a596122aca3566025d9810094911cdc2
1787431794.916333 sweep:D7A-like Normal Rate (55.555k GFSK) RSSI spike: -50.0
  -> 255 099f06cb12f64ff7beceac007bb20e586202219866d682862d5bf874a840d738b655f428ce444680686f8f6762b25dc14b36f87141e20e3583f0379c90a9e53598c1be1c251cbfdd24c024f10afd75a035aef66321aae91ddac0e11888412a3e608aec75226bcafb4b1800a170a8456fccb78df0e6d7ba9a2faa064fe90e3c6a1edb47ec018fe4cfe24bdcb680507bd64edbd339c673e0a875d14532391e7dd4ad22d983a108ff84655b2ec5c9968eb4f180c2ecadf7705ee7d1e29aa94580c4efb90c6b58fbb8c7bbc564372bf2f892cb72b993b995c640368b82d10ff44fc2e697ea4637a329577c1f157d082de0e3e70c52e319aa3e258418cf89a2d322
1787431794.916613 sweep:D7A-like Normal Rate (55.555k GFSK) RSSI spike: -49.0
  -> 255 744c77482a44fad4420a40b4897508c47ed96ecebe70cc487bb258b9f5ec289962d5ee09e5d3607f9c9854c71916346bef4f608a1edaa2af76f22f723c3752ea9c33f04c97599bb48d9afebe073c0749658bcd825fb36f17e397966180617d93b30daaf6c3fdba661dd66cc3b979d6c1becea451e86fcdea8d48f5c778105f20b42027128f856314a449dab8e3a5d96fe3f58db66e87c2201dd532c877b9fbd3eef3d46e5c8312fa5f29588549a573da6a3c7a4c1fd36e3d56ab30067a599b9d9c693668e2709bc83f9f5ce5c5dc2893e4b2895d0f796ac28d24dedae866fae5605822571c39606a568d644714f9913329827879466cdc56b1d3eb936701c3
1787431794.916857 sweep:D7A-like Normal Rate (55.555k GFSK) RSSI spike: -70.0
  -> 255 d44bdcd6863e5d721fe92863db2de1141b3a29a647c575b28a3b9185e90eec5147aecbff9da14c013ca199bcf5280dd5028379b3bd545615b266163f9a8989867efd21ceb4e2750023dc10e9483d3f3a39bf40ee45105c4a7f3e9328d5d8527c98e9078c94f7fff76092de51640c4b469cdc24e6f14b8cec21db04792f690fd1009f97d6aca4795c0c38b194984e93e41fec80e5df4e6e85aa6043169b827590c68fbf6cdeae056a0831dbf7d4092a405890868b686579661be9a0b265076dcad4cf1aeafe983b0d1dfbb5e4a04b54d383bcb5cd449e38d6bc1f12f10f57d47464a71c56c64c307c69fa43c4c887e6086793a7893f672d9516243025b9c368
1787431794.924706 sweep:D7A-like Normal Rate (55.555k GFSK) RSSI spike: -42.0
  -> 255 8abac9ae919cfdf738817ff31d854b293ce2ba24e848006b6aad8ab64834f41e0dc4d25fb08ef427b2e7b0afdfde0b2844b1b3e04a8d99d5b305bf468d7d96c8215e1dd678260e0223ad58dcfa461e361f796286081d1881e7d0c630eb9acef06228bfa13f91f5235e51d3b27b61b1b7ed1a2ee2cd23d1f0678dea4b38deed16ede662ccb87bbb5c92bc6780d7d90409d430bdeabfd5d03c22fbb413da748bdde288b7709c7cd0e5404ab8a4c21f1e35f463d8579823449319d0045c7164262403449f16fc17e25e8200e99053f09032029cecfa45d24f0c2b2ecbd1c6644f19f4b6b9f086c260d39f1802bcfbae747c4f4f5cfc362da2d0b7f6079465170e
1787431794.9249542 sweep:D7A-like Normal Rate (55.555k GFSK) RSSI spike: -42.0
  -> 255 331e34ea7adf8f84f663fec4a22f0b3f4115d4093283f513da924ac084d2108dce322a6ccedf0ec0175eaf770f71cbf7acbd5b541cf23d75941cea81e68317c7996444e771a33c14cb4c5a7c72701d37ff4b683c1d65f17a8d9c2aaffee3929d08a492ce81836fcea2e4d22f9f8442139cd8daa3df02d14c7e89744d3a93693b8fd27a42fdd9144bce61f66f8eca6eb1f9bbf22504afe165d10badcbd2ec93e2fb9e08ebadae24b8c4e8b1c09489a08367287075f68f158e896441fd8c4c74230a905a28131a0421c7db19f969039d747c36f138dbf0f9099f17d70c983f749d0313ca4b1c84f893e272c548325f9e4ec89ce1dc6a2192663bcfe45e29f2f0
1787431794.925208 sweep:D7A-like Normal Rate (55.555k GFSK) RSSI spike: -42.0
  -> 255 a704ee990ab885d21258c4e8c9597edfb0cf5f9384c8369ba68379ffc0f1efad442b0335c8a6ad3b0c01815bf777a10514f20e127f0bbe4020e74b70a9fb1c8f315bc5998e939fd90f5803526e84eded22079a7cfd66100a0ecd6a78dc2e3957f0afc291a705cc3ca2f9869effba0e18a3357e75c936ee2708a4dc3383d98347524936425b14208fbf8b436bdf60b430054b49c35f28171d630ccf48729bbb68159bdb884737e22abdb49a2c988bdd19b9f19840e5dfff879c383a3423001bc40447d31e6af150cb9c855a18b0dbe1432bb82c96b7e848b78f0b39df73601a77eab3db52ddb87b3b7f54875238a69404d4257d10de8bdc6f13b8810a8d18c0
1787431794.925469 sweep:D7A-like Normal Rate (55.555k GFSK) RSSI spike: -42.0
  -> 255 d7e4e4896aeac1731799ee653a4c5f4c7e69c740ddc58e337dbf78e4c14e11b34f8e63c63884d006218c8ae25e0ad079dd58b5408e2f719ef0e0f4f1ca92825888ef74bd6f9fd362775e2846786e3c2240119a46ac934773eb25ac88fca3826883489b5d2865f0ebf848f9aa4f98105fed3f0f33fd3ee38bdbbb738c055a1d3d9c9c8d57a9fd7d3f17c5a090ff5b6063b1f7f82dea2404ab9b8d2caa6a58f4219c4e041233f0c785402439cb6e7dc641484ead24561b5f491425dcea79a750c493b2d65d62a2bcdbb74a25c07a45b472e08ed35da7c1f19be2160a360bfa3ccdcb7e8880b326fd35cf7e4233f019f69a723da4c01608edae9259e760f64aff
1787431794.9257212 sweep:D7A-like Normal Rate (55.555k GFSK) RSSI spike: -42.0
  -> 255 ee69b116c0dd1bbbd25fa514f7f6439af384086f29724589206dcc3cf167d7a8023d681d6c2887567f990a3956d8c10d943b646235f084eddd1a80b513df992bf43c2d52140d008f838d17f3c9e2e2c3e287a7e7025a792db7779cf4b586c5506d5a10baccfbceff1afd3d61d4ee1d4db12d7252cc233cda042ccb629368c58da1af34ecab959a5c980ea7188b2a927b5023e9aaec3e8c3a96524d2a3bafa9fc32f1a981ef84f609a5ec7b1316d3e5648b61d66841a884ea88638ccde66a09eff91af01a3aa197c4314498f48bda67c18c2256a1c9a3a075e76875ddb6903b7949920d5c654fe873050c45bfba45982df9ee92a8d54e4cd5913a4fd5a6409d
1787431794.9259899 sweep:D7A-like Normal Rate (55.555k GFSK) RSSI spike: -42.5
  -> 255 9ead7b1ca4a3f50c9f4b3f8fc6ab19ba0ad731d9447b9a432074cf513a85aa6c4b9028cef1d755331b4c9f45dcb2d532b933e1d6c609fc46ae53297a3e4dc41e731835be87c2162d178a067e68077fc95b06567fdfb3283c8ae561724324d19fde35fb3e8319c8b9c043901c06cf3f08c826d13a73293f5cc79853a30a132a5c273f70c112e69953d2fb2d4a942e2da0809bc4ae055cc916b92e769fe46958cd8424cb896f5077ff07eee120055372b81f459167a375a88628e417f4cb7c0b4024984037468b3b8bcc9f7988dd960b81cf71f0bc6055edf578658b805361bdf9d5c80bb3ae224b542aec4333a903084b6fa20df51b51b354b1356d3c386c28
1787431794.926246 sweep:D7A-like Normal Rate (55.555k GFSK) RSSI spike: -42.0
  -> 255 2f7b06baa0543d5f2952363a68aa672d9d80658e624753063f4cf8fd6c3dabc40fa93b5c61e2b88072e7a6301f8bb4957d4ac3d8d43646092ae238dfd8426e95aef85db1ad46e6c7659cd95e7023e5de37c765b0f617df96d4613c873ea898396069b35f2cbd635083306e9a29615884843c2632471f7b15022bdec6465bedc13be4c0fdafec145e3cb0fc80b4dcfebcc76d6d48d30d532a58192c605c6c6f28e0fc7989422f90ee365bfc06d90990f570b9af93c1104e2ef6632e991af4249a3869eb6cab484b72f3d5474ef0607d40f52c44a6404655c8cfbe0032420469c6150b6bb3385f716accb2de1c8069ec6be23ff84873e1cf9e7cabfdc2be3b1f
1787431794.926465 sweep:D7A-like Normal Rate (55.555k GFSK) RSSI spike: -42.0
  -> 255 aec84c9b3817411520e334f5252f7c4117cd5222ce2a1b5cfa6538e256ce3ebf17065061e0da2570c275863a6999ca29da9976b257f4d995b545d8ed1a2d1e690550c05e003b866d8a27880303a487403821fee31348ef7969604647d59f8aa6bebbf055cf97dcb6547b66176e40507fe738cc411c392a02df43424923c57ece4f671e6b156f8110a33c33eb9c6fda3ffe133ee90b7014779fc8edda441fe443aae5bde01fd8fdfc28b2355c8350ec441a0e2a453f1ba4f2e83a4e6c38fc667d7b223b0b04b3c01db33e6d5bad8683f5f5e0b7948c51b88715227f262648b56f195c84aa92e1c0f1f5b50553b3cc91eb0300756eb76b7e1b04397b2c47d651
1787431794.926719 sweep:D7A-like Normal Rate (55.555k GFSK) RSSI spike: -42.0
  -> 255 7f003eea86a8bcb29450905f16199cff53266f83b98ab19b20d874de47b71b53207f59a713770b42e9fa5d3eb178111649ba970a408c9613d416ac378e98a2f9e7d42cf66a076f2bcb53519d31b0146cb6fce7441b9c89acef43e6e040c203e2f91feefe7c80ff5dd1733152701392b873f27d3e977e1e07ffcd113f9b0ecba038efc6889111f8353e14574637ccee602a2656566333185f485ca79b0097c1b06742984de69ca4b80e31b831dec4fe0970867978f863008d494b0b8439f123f06fdac562ce7807b91a3a71e9a8e12fb37d06eb32156cd24cce232bef542d11459955c0be895e62f93c82718da76efecb71b026a50a8db9510f55cede196aaf
1787431794.927084 sweep:D7A-like Normal Rate (55.555k GFSK) RSSI spike: -41.5
  -> 255 425265e354c31d518c3603a825533bc6e331f16a3798ab8cd75279e05cc189a964fdda35581e53d5fc9f81aa81972e8a334e9af1e54534d0651fcb4e9e80584ec3883f1e1b7f0de03c78c43a5846ae1d731da3449cdd194efa2fcbdc6bc17153146fcba9d02fbe44ed03294fdc5a16146f03ee8596c398cc24ac58c22658d704acfaeae8ddeaebb137eb178ca29075a788af405f946733e5231229c002a091c14da05d7bb0eefc0a8b3906fb0c6a317ed2e3963471be5d22e7aa2e24cf385565bcda21c513fb757ae0d08a89a7225a62eb4a4f1e8b83bb0647c358cbb8747330336e0da385e0fcca811361ac957ca0738c9057c120d474e201f1ceea27105b
1787431794.927346 sweep:D7A-like Normal Rate (55.555k GFSK) RSSI spike: -43.0
  -> 255 afa799d02e12180bf64955b043cf424ea5a5aa2da1d54afe4a9099ba2b57d85d3a76132e3a7068dbc3008993906c4442c1ea2e9af1d84bd4a1de3fae12d5da9a0781f72b1ef8c29c87cfd1b1d6a4b62ca317387989d406413f2a1f6f8615f511501bccd176e64fe0ecdd269ea34e58b6d29286ffa675e4ab81101385cb771b025d20706297750067861b5d21c261e51cbe80b118ca47ac0bdc58177ca8a459c993a7f3dd0b552b6b065c1f791b6d55fc9ff0defa7c81bdfd3cb340edcfe67f9bacec4254aaffbe7b041b0056c84077562d1e8f31a01351931a925153eb8fc193897fcb1149b84511bec7fc8b877e538592613ade88e8be844e2fac675cf04f
1787431794.927615 sweep:D7A-like Normal Rate (55.555k GFSK) RSSI spike: -42.5
  -> 255 cbdb8c3c8866c38312d6a263d67c22705f596eb6b0cbf544fa37b09dc315db45a6a9dbc28d50c86d081a36d665f06a20e729c436682fd3d556fdf178faa44c29978a695d3337212bcd0fda7f1ed73f60d830d1f88777976a87957a3108f39fab901164c25855dd276e31760923be7f029d7a42db3eac7ddd29eac4721c4d55046b1fc3beb3a887abcec2bb6fdc95eb3dcff67f7f2126e799d1a8b73934bb654369df015a00807309c46e966fc14ca8579ab1477473d0e5a74d738b272e60aebaf0b902c3ba6ecbf4b392063ff3c48fd4c82c603bbc44093af08827c01fd9f3c42e05ca079f6a668eaf1dd1912f52e42f7d1d57781c8ac27be476da9de453c6
1787431794.927851 sweep:D7A-like Normal Rate (55.555k GFSK) RSSI spike: -43.0
  -> 255 807a1bc2cff7494bc5c43f54f4c8a004f401f28edc02ddeb5b85b4d8e7984291b0403657945bf63f3b8ef2ae7574376eab7005d7981af2fea3b61fa850e5e4a55493963b5408faac684d86b90aa230e123b39ae628f81a627b76fc0feb1a67c88e2fd3377ea8a69c5d734f5b0183c3bb00185624b31819968277ddde5dca852040086bd467752066800e3401190d3cf815ef22dfa37f3290fb61180bed2605dcc3fe3cc3a3d04978e569e4c547b8b78f1d2660f12bfd003b4a725fa107b6698198a4a8f4251a907ecba6074405453a52f268c12ab37ee9b41826ae38195a490e555c9fb384c2557992bbcf8186c1c4f0ff32ef8346bc2575a7370029205241
1787431794.928103 sweep:D7A-like Normal Rate (55.555k GFSK) RSSI spike: -42.5
  -> 255 74c1b781f614272388e79f6069ed51743c9879fb97dfd03c9de3bf6a6283b47e7aebab5a7f4201a707bc29514af97410cb0eedf71586a39e6f4acfd6db23856645b2d97246e7f1a463f35f6e81a62ea57d1662bdae44c5c2af04aca8ed9df0733f4646c16f8eac2892897c9242ce2677be4b91d345354b8cf41ab86d443786aa25586e11b34011a304fbb27b9c07ceac15a7b98f3e2a4c6f1a028737e8d8f5f5c7b9dd0c04025731c1379dce094f44ba10ee66460b9207ea0914d453720c52c4c2040fac3dcd2be2937c0c46456b3c738d7cc4eac5a935206e78f0013086e8fab3035aed1eeb9a6f97e774a8f4366433b93d0a1124b5d1aa1ec6713c4b5d0c
1787431794.928341 sweep:D7A-like Normal Rate (55.555k GFSK) RSSI spike: -42.5
  -> 255 570d8d66e435cd8ebc7529de21a56d6dfefc04024ec239e7d82ae2c95f2abb9c4594005910d52dc68fb820ca17bf777f65288be2103c49d277d54849866876679b51f75065dbe64030da0a40f72c39b3e008cbc275f71ea8431d710f87e000a722f637466dd550776c1a432627ede18a107640f43b4dfd2a5499fd45e6551baaead46a7f1188b4f4efc9c1dd4af1af5945a505a844f442486a61005d9147195d127dc8ee45594d153e245f3e98b8664f8ebe85f442c01b7bec481acbc4f7c4e76bfce8e79cf6cd60e8087f4c2f38a0132786799738825557ea7414b1677887099b693a23566a95f5584f5783ea7c01294b7a141a19716ace7ac1058b475284
1787431794.928697 sweep:D7A-like Normal Rate (55.555k GFSK) RSSI spike: -43.0
  -> 255 86cbd6ba33b813c0d89dd7a3d18bbce09d2d75aaf80406fce45066aa619cef41a54c971fcbf0b0c48a03774b3431818574017ffc66ddfa42972a8b411aeb2c1a9b44134090d35db4c3ed6dee70add49c94575b2bb8771b32663145d82695e75ada40fffe62b53e2b54c844fc0d7e5631e6f95bf2da1e364e0459c314406cb5e105303dc3b333aad3bd3f1996bb0c3ac4229c383d98d693194b44bb1b4d8dc0885f01ca7a7eea4edaa4a379afbc17d211a310ff6fe7f08b10dc41c6446a517a547b03181503110258aeb92e4abca7b259b0e0a341acbfdf3933dfe9967c338a09f7c60736056738fa0b86bd936165e923d71a3edf1e71d151f0a12ddeecda41
1787431794.928986 sweep:D7A-like Normal Rate (55.555k GFSK) RSSI spike: -42.0
  -> 255 05c5b014cd70bc7a4bf284b6443ef1a0607e50c7f2cf4f2bfd5dd55e6d7a38ec48b60266f1f21c116fa278294bc5d91f60a02f83bb9d225de3367c63640446122014bd00769b4325e449c080fedcfad96f5998485c9f4c213196010dc5d3a4b20636ddc2a834bcfc3e25a7062bfed22c17d0a5cc17d68e5bc8dd572b262284f0fe328e2a46419101761267e1ed17037fb1bd50b3c36413e04972bf31140a700d8be139d7d9a9fe07346d2847a56c9dc7bccfe66a0ce34077155137ab4bd89070f1e6dd08ac1e787cf3b86f29498a375750955432402de092d14712427c864ca89faa0b2665bbd2232062827ab504701b82bf0a2161aeef8d5709b18acdc6f9
1787431794.929236 sweep:D7A-like Normal Rate (55.555k GFSK) RSSI spike: -42.0
  -> 255 cceb374c9413df21fb7ba9bb1c8ab1cb64264ec3b8f6553ba4d6be4dff3a78d4e3fcd04f1b82771def7097ce86332ae30ab3a2b2474f4b11afc7ab88986f2e8cc5871cb2f8849264f863e4df2108190a3168d986f222bface209dfd0e8d177da1bc5b0501832fb6fb351a70600f715979ff6de763062d1240719fe4b67cc8d16dfcaa36bdb0d59b2e938788e962c0e1b865697d034275fa9e95e59bdf9e15c3ec30db57de8eee7aaa9f3b293cb2fa42818accdcec190d84571a354505e05097cfd1e90db4accf05d027e216e7543d79eac2758532fcd8c83c03212a83e9af74b1d350f7176c1f8b106991fa3ebbd2272eeca4ff0fa664a70e2d461b97729ee
1787431794.9294999 sweep:D7A-like Normal Rate (55.555k GFSK) RSSI spike: -42.0
  -> 255 29e87de295d3fbf0ade270a09ec206fc3a2cbfd71ef389bfbf1d4068a7f42b7c9838f7bf19b4d3bb6684a5d8aa9530565b1634e3fe45494cc7a81bc38b41b080557475fef9c5a0e243c72dab53781e1ca1ebf258a65a0702d9bb19ce387ba90f4941c0ce4ac4683571d4ae2c2f33e1f16c5efabc4a4aca733b82ed9451ab9c964b72baf9d70f1ee12eecb3fa1063cb585eed95fa28501b081978fc244bec90dd5815da8e19f319ad30a7f85bcc94e922808de3b9250fbbf7ebe3a8f6e85a01f13dd36fda0c2546eabeb72db651c41d5e7e8964690849fcb5f26a06382d47d696de56b234533ba5fd228d6fc7a10fa0ee811c67dbc46d1f7f0b17424bfe6006
1787431794.929748 sweep:D7A-like Normal Rate (55.555k GFSK) RSSI spike: -42.0
  -> 255 1348140850a5c1104700f3802099cbb46a482cf3d8028d9d8ddb3f2603aa7e48fcf08d807033b783ebc31c34943e18ee02dbee25ce84198502e5e9d1752983f502ca1d21943aae529d8ed5b60258f0341c3ffd850280817f6b390a3407acefa22b49b77406ce1ff8de574872c602c5af7e6ed8662d8249181a693cac01e0721f5cb244dfc6b902a6d2488f379bc6b253565a1322201adf366d46e5a7fd9794d683f361ce92d7fe1c4f181dcede45fbf4c89b45425e297355fe8f38802a1bf24ce24a840e10295463b42ea6186bae827ab8bd63d779dc70450a7c9c869cac7d885bf33683908053d3e99554cd25a72a8c8a7e4671c66a8ec34907ced6e5c284
1787431794.9301188 sweep:D7A-like Normal Rate (55.555k GFSK) RSSI spike: -42.0
  -> 255 ea9425f79693b5137292243836de18ea9fee988011ee575a20f3e45b99cd894b983257dfc87f444d06987e136cd0b1df720ca1f119c1575b8f8180f7f1d61705af620b7be2e823da075d82a1e96a4212df5f495f1afc819338dce9823c46d1fa76763e9abd880a3b7ffc45bf087957949efe5f0e005a374f3587fa0f3b17794714e4409d8508877e35dcefdbd10974cb774fc2fad026af7953f8b4f79f6e2ba67e9c4c73bedc5e1d362288722dee8451667ae498e7bbe98c276898e9696b272c6cc96b724ab787d5b3ffc1326338b0277be0d094ab594b13592702ab2650af12f2eddc41922da35ad0741eac7ad34a3997847f84cc983c6d3ef86f90d5298e
1787431794.9303958 sweep:D7A-like Normal Rate (55.555k GFSK) RSSI spike: -42.0
  -> 255 d3dba9f817e7a43f7cc1c33b0bd5945c13b1a24b3b5840a83cbc7b32f6270ddc3e49859cbda1a0c5951f8d13ce6edc152f2150dff095fb2aa29e9980edb34e0d71c68df926c938e1086b200f90148a59608e5b821fbb95a458b75fdd499c0cb7a7623f0e361e54ac3ead741a3f1e6482766bfb1b2a64dfefd7fc0bc05d7c90ae4b8ac06e97189a0c9baf09f2da4001513b2f10847de7e0cc70844d888afcaf434268ae40671afbcb54422182dd7afa7c428d3d08fb1c18a3bfa859484530b080176a774d6e5184839a707b6ec5d8a209b8507d00ec207bfafbbdc815ab812cb2b745bab45f40846eaa48e8415b65c2ce1481d6ba1c05faae6d7cbb5981d907
1787431794.930675 sweep:D7A-like Normal Rate (55.555k GFSK) RSSI spike: -42.0
  -> 255 6ae579813d27ca96beb45144bda8171d3ff0c543e831c53b1e18df0f48e80959336840d631ec7bc4dfac610eed73d896c6827571da5cfb310128442130ee1064bd8210f2a9bda9dec7efe6e2f9f7d6d355067f34acfe6e73eed8c64ef3645fae991d7d5705e61727570fac7b605ad9be51f3a6ffc251b00e5110fe86389addd53e6e63a92f42f35f747db9e9764a6cf2f495b744971e0c8e2ec7cf96f51d736cfd2d9dae35fd976bfc5132d297b44d8b53a693b0666468be854d2a1a723852e13022e337e253768fa8b8d0dac89abcc572cd7d071cc2db192fcad5713c88160141dba366880ac4d4232ead7b9e6eedef6bb4c9e2afe377d184f7f6899adf85
1787431794.930945 sweep:D7A-like Normal Rate (55.555k GFSK) RSSI spike: -42.0
  -> 255 e1cb786bd42b2aff5e504a6be115e69de9de69b0df3d232627d45da81c7ac8ec77e0d86bb76f182c5de12d8f6e2bfbe667a62252fc48fe4e09e2827591e7e26673e4beb0f51df8718894aa41b2464a374b4189642540588e89f211744f5c75b4e322c33428cffa1fe5a81899d635b5b08c898d97588440602e5f058ee8f2fde777db45526aefd4390fc2dc12f5c2befb074da7273364bed21b0ed07bf5b41afa34ada8fe924de4b83a25eaea706df8b020540faff15785f6ad54f0b6df2b3748533d8654f79099db47516284d864721b929d396d859edf7847a0727a81c50cf58c96477df78fbc7bc6d0d061712ed027a4b8e03f7ec07ba35dddcfa32da187
1787431794.9312341 sweep:D7A-like Normal Rate (55.555k GFSK) RSSI spike: -42.5
  -> 255 78a7d01fa3e9aece48bd5de359d120c7888bdc02a82b37c9419d0ef4e01383d30aba5897634f527c38af1b7b7e0789c521a8372b74cb26991f112a0c039cf83c3b62e15a5d001054839101b23f0bb7c409f5cf4d8da70e8ccd219b857a8031a7ea2a8d3987b65dc1c3099e14e5563fb54b937b1ffb37bda32f7960fad08cc2c8230cff3ba8d76225eed10137c0e15fbf06b1b9f821038a453114147c07a206868a100940c181e165b59ce157998513c82d1d9836913e1e111924ccfd29609abd49e8179f06676b822e110fac0c50b9ddab27c4770a37d92c7d38597ff17840e3ae44e82e5a42ffab3a2d8771bddc75296459c240f6253ea59e10b37a658d02
1787431794.93151 sweep:D7A-like Normal Rate (55.555k GFSK) RSSI spike: -67.5
  -> 255 02a616ee338ce97f7c94306338e919c6341b6ae9bfb1224aa3212b44a1a542ddebbebb4b82369aa7e888cd624051bcf2ea3777ddaaf60849c65a2e6c235c98ea4bd3d893be0c20ae1aeb90d235f7782ce071b9515f8ac2f691138c328e94433e4f8e5544aef2ec9c99e0c210069bd1a294caab21bdf38d4d21e70e8eddddb4a3c0608c9e6bfbe7d579812a1c48ca10ccae2bb8cca2ed635383d90eee2cb44c6aadb219e1d1a06e39c916b119e62c2f39bca764e1e478f76336ef4b547da1c5dc1a32da96f3ec3eeb7a68235ddb2f399f4deceb2a148ec7fd8a6b7f301552c12b49fbf9bf47252272ccdc6e5b9cba07c0718e4a9de6436ff81a590a25fe6f3b
  ...heartbeat: 100000 iters, 24.2s elapsed, 164 hits so far
  ...heartbeat: 120000 iters, 28.7s elapsed, 164 hits so far
  ...heartbeat: 140000 iters, 33.3s elapsed, 164 hits so far
  ...heartbeat: 160000 iters, 37.8s elapsed, 164 hits so far
  ...heartbeat: 180000 iters, 42.4s elapsed, 164 hits so far
Done. 164 captures out of 190302 iterations in 45.0s.
(this config's captures are in the combined stdout log; see analyze_sweep.py for per-config breakdown)
Traceback (most recent call last):
  File "/Users/andrewsnodgrass/GitHub/flair-vent-rf/sweep_configs.py", line 30, in <module>
    c.configure(d, label, mod, datarate, deviation, bw, freq_mhz)
    ~~~~~~~~~~~^^^^^^^^^^^^^^^^^^^^^^^^^^^^^^^^^^^^^^^^^^^^^^^^^^
  File "/Users/andrewsnodgrass/GitHub/flair-vent-rf/capture.py", line 26, in configure
    d.setMdmChanBW(bw)
    ~~~~~~~~~~~~~~^^^^
  File "/opt/homebrew/lib/python3.14/site-packages/rflib/chipcon_nic.py", line 764, in setMdmChanBW
    raise Exception("ChanBW does not translate into acceptable parameters.  Should you be changing this?")
Exception: ChanBW does not translate into acceptable parameters.  Should you be changing this?
===== RESETUP set from recv thread
Error in resetup():Exception('No Dongle Found.  Please insert a RFCAT dongle.')
