Listening on /dev/cu.usbserial-1460 at 115200 baud. Ctrl-C to stop.
[   62.121s] TEXT: '...............'
[   62.121s] TEXT: '.....'
[   62.121s] TEXT: '.....'
[   62.121s] TEXT: '.....'
[   62.121s] TEXT: '.....'
[   62.121s] TEXT: '.....'
[   62.121s] FRAME (len=12): 0C 00 11 00 04 00 00 00 01 00 C0 70
[   62.121s] FRAME (len=20): 14 00 11 00 07 00 00 00 01 00 98 00 9F 00 01 00 00 00 D6 EB
[   62.121s] FRAME (len=20): 14 00 11 00 0E 00 00 00 01 00 06 00 04 40 96 F3 00 00 26 14
[   62.121s] FRAME (len=16): 10 00 11 00 08 00 00 00 01 00 04 00 00 00 34 99
[   62.121s] FRAME (len=20): 14 00 11 00 0E 00 00 00 01 00 0A 00 00 01 00 00 84 21 12 00
[   62.121s] FRAME (len=20): 14 00 11 00 0E 00 00 00 01 00 07 00 0C FE 00 01 00 00 15 D3
[   62.324s] TEXT: '.....'
[   62.324s] TEXT: '...;.'
[   62.324s] TEXT: '...;.'
[   62.324s] TEXT: '.....'
[   62.324s] FRAME (len=18): 12 00 11 00 18 00 00 00 01 00 00 13 00 00 2C CC FF 14
[   62.324s] FRAME (len=56): 38 00 11 00 05 00 00 00 01 00 46 81 9E E3 00 1D 00 0F 01 01 00 00 98 00 9F 00 01 00 00 00 61 07 73 62 00 00 00 00 FF 0F 04 40 0C FE 00 00 00 01 00 13 00 00 2C CC A8 86
[   62.324s] FRAME (len=56): 38 00 11 00 01 00 00 00 01 00 46 81 9E E3 00 1D 00 0F 20 00 F2 08 56 27 56 CD 00 00 00 00 00 00 61 07 73 62 32 00 B4 00 00 88 00 00 98 00 9F 00 01 00 00 00 B4 09 49 01
[   62.324s] FRAME (len=16): 10 00 11 00 08 00 00 00 01 00 04 00 00 00 34 99
[   67.827s] TEXT: '...;.'
[   67.827s] TEXT: '.....'
[   67.827s] FRAME (len=56): 38 00 11 00 01 00 00 00 01 00 46 81 9E E3 00 1D 00 0F 20 00 F2 08 56 27 56 CD 00 00 00 00 00 00 61 07 00 00 32 00 B4 00 00 88 00 00 98 00 9F 00 01 00 00 00 B4 09 D5 52
[   67.827s] FRAME (len=12): 0C 00 11 00 00 00 00 00 01 00 61 76
[   69.463s] TEXT: '...;.'
[   69.463s] FRAME (len=56): 38 00 11 00 05 00 00 00 01 00 46 81 9E E3 00 1D 00 0F 00 01 00 00 00 00 00 00 09 00 16 25 61 07 73 62 00 00 FF 04 FF 0F 04 40 0C FE 00 00 00 01 00 13 00 00 2C CC 40 49
[   73.541s] TEXT: '...;.'
[   73.541s] FRAME (len=56): 38 00 11 00 01 00 00 00 01 00 46 81 9E E3 00 1D 00 0F 20 00 F2 08 56 27 56 CD 00 00 00 00 00 00 61 07 73 62 32 00 B4 00 00 88 00 00 98 00 9F 00 09 00 00 00 B4 09 0B 0C
[   73.746s] TEXT: '.....'
[   73.746s] FRAME (len=10): 8C 11 00 00 00 00 01 00 61 76
[   76.998s] TEXT: '...\nPeer added...;.'
[   76.998s] FRAME (len=56): 38 00 11 00 01 00 00 00 01 00 00 12 4B 00 38 0D 16 FD 03 00 95 06 58 27 2F 65 D4 FF 64 00 F8 02 00 00 00 00 00 00 0A 04 00 00 00 00 00 00 06 01 00 00 00 00 00 00 E1 4F
[   79.851s] TEXT: '...;.'
[   79.851s] TEXT: '.....'
[   79.851s] FRAME (len=56): 38 00 11 00 01 00 00 00 01 00 46 81 9E E3 00 1D 00 0F 20 00 F2 08 56 27 56 CD 00 00 00 00 00 00 61 07 73 62 32 00 B4 00 00 88 00 00 98 00 9F 00 09 00 00 00 B4 09 0B 0C
[   79.851s] FRAME (len=12): 0C 00 11 00 00 00 00 00 01 00 61 76
[   86.164s] TEXT: '...;.'
[   86.164s] TEXT: '.....'
[   86.164s] TEXT: '.....'
[   86.164s] TEXT: '.....'
[   86.164s] TEXT: '.....'
[   86.164s] FRAME (len=56): 38 00 11 00 01 00 00 00 01 00 46 81 9E E3 00 1D 00 0F 20 00 0A 09 57 27 56 A1 00 00 00 00 00 00 61 07 73 62 2C 00 C1 00 00 88 00 00 98 00 9F 00 09 00 00 00 0C 0B E7 3A
[   86.164s] FRAME (len=12): 0C 00 11 00 00 00 00 00 01 00 61 76
[   86.164s] FRAME (len=12): 0C 00 11 00 0B 00 00 00 01 00 C3 B5
[   86.164s] FRAME (len=16): 10 00 11 00 0F 00 00 00 01 00 02 F1 00 00 35 76
[   86.164s] FRAME (len=16): 10 00 11 00 0F 00 00 00 01 00 05 F1 00 00 18 27
[   92.273s] TEXT: '...;.'
[   92.273s] TEXT: '.....'
[   92.273s] FRAME (len=56): 38 00 11 00 01 00 00 00 01 00 46 81 9E E3 00 1D 00 0F 20 00 0A 09 57 27 56 A1 00 00 00 00 00 00 61 07 73 62 2C 00 C1 00 00 88 00 00 98 00 9F 00 09 00 00 00 0C 0B E7 3A
[   92.273s] FRAME (len=12): 0C 00 11 00 00 00 00 00 01 00 61 76
[   98.598s] TEXT: '....ERR: Uart framing error....ERR: Uart overrun error....ERR: Uart unknown error...;.'
[   98.598s] TEXT: '.....'
[   98.598s] FRAME (len=56): 38 00 11 00 01 00 00 00 01 00 46 81 9E E3 00 1D 00 0F 20 00 0A 09 57 27 56 A1 00 00 00 00 00 00 61 07 73 62 2C 00 C1 00 00 88 00 00 98 00 9F 00 09 00 00 00 0C 0B E7 3A
[   98.598s] FRAME (len=12): 0C 00 11 00 00 00 00 00 01 00 61 76
[  102.665s] TEXT: '....ERR: Uart fV.....error....ERR: Uart unknown error...;.'
[  102.665s] FRAME (len=56): 38 00 11 00 01 00 00 00 01 00 00 12 4B 00 38 0D 16 FD 03 00 9F 06 58 27 31 0D D3 FF 64 00 F8 02 00 00 00 00 00 00 0A 04 00 00 00 00 00 00 06 01 00 00 00 00 00 00 37 00
[  104.702s] TEXT: '....TX succeeded...;.'
[  104.702s] TEXT: '.....'
[  104.702s] FRAME (len=56): 38 00 11 00 01 00 00 00 01 00 46 81 9E E3 00 1D 00 0F 20 00 0A 09 57 27 56 A1 00 00 00 00 00 00 61 07 73 62 2C 00 C1 00 00 88 00 00 98 00 9F 00 09 00 00 00 0C 0B E7 3A
[  104.702s] FRAME (len=12): 0C 00 11 00 00 00 00 00 01 00 61 76
[  111.020s] TEXT: '...;.'
[  111.020s] TEXT: '.....'
[  111.020s] TEXT: '.....'
[  111.020s] TEXT: '.....'
[  111.020s] TEXT: '.....'
[  111.020s] TEXT: '.....'
[  111.020s] FRAME (len=56): 38 00 11 00 01 00 00 00 01 00 46 81 9E E3 00 1D 00 0F 20 00 37 09 57 27 56 85 00 00 00 00 00 00 61 07 73 62 2B 00 A9 00 00 88 00 00 98 00 9F 00 09 00 00 00 6B 0B 26 07
[  111.020s] FRAME (len=16): 10 00 11 00 08 00 00 00 01 00 04 00 00 00 34 99
[  111.020s] FRAME (len=12): 0C 00 11 00 00 00 00 00 01 00 61 76
[  111.020s] FRAME (len=12): 0C 00 11 00 0B 00 00 00 01 00 C3 B5
[  111.020s] FRAME (len=16): 10 00 11 00 0F 00 00 00 01 00 02 F1 00 00 35 76
[  111.020s] FRAME (len=16): 10 00 11 00 0F 00 00 00 01 00 05 F1 00 00 18 27
[  117.136s] TEXT: '...;.'
[  117.136s] TEXT: '.....'
[  117.136s] FRAME (len=56): 38 00 11 00 01 00 00 00 01 00 46 81 9E E3 00 1D 00 0F 20 00 37 09 57 27 56 85 00 00 00 00 00 00 61 07 73 62 2B 00 A9 00 00 88 00 00 98 00 9F 00 09 00 00 00 6B 0B 26 07
[  117.136s] FRAME (len=12): 0C 00 11 00 00 00 00 00 01 00 61 76
[  123.461s] TEXT: '....ERR: Uart framing error...;.'
[  123.461s] TEXT: '.....'
[  123.461s] FRAME (len=56): 38 00 11 00 01 00 00 00 01 00 46 81 9E E3 00 1D 00 0F 20 00 37 09 57 27 56 85 00 00 00 00 00 00 61 07 73 62 2B 00 A9 00 00 88 00 00 98 00 9F 00 09 00 00 00 6B 0B 26 07
[  123.461s] FRAME (len=12): 0C 00 11 00 00 00 00 00 01 00 61 76
[  129.380s] TEXT: '...;.'
[  129.380s] FRAME (len=56): 38 00 11 00 01 00 00 00 01 00 00 12 4B 00 38 0D 16 FD 03 00 A9 06 58 27 31 71 D3 FF 64 00 F8 02 00 00 00 00 00 00 0A 04 00 00 00 00 00 00 06 01 00 00 00 00 00 00 C2 57
[  129.581s] TEXT: '....TX succeeded...;.'
[  129.581s] TEXT: '.....'
[  129.581s] FRAME (len=54): 38 00 11 00 01 00 00 00 01 00 46 81 9E E3 00 1D 00 0F 20 00 37 09 57 27 56 85 00 80 80 00 61 07 73 62 2B 00 A9 00 00 88 00 00 98 00 9F 00 09 00 00 00 6B 0B 26 07
[  129.581s] FRAME (len=12): 0C 00 11 00 00 00 00 00 01 00 61 76
[  135.901s] TEXT: '...;.'
[  135.901s] TEXT: '.....'
[  135.901s] TEXT: '.....'
[  135.901s] TEXT: '.....'
[  135.901s] FRAME (len=56): 38 00 11 00 01 00 00 00 01 00 46 81 9E E3 00 1D 00 0F 20 00 6E 09 57 27 56 B3 00 00 00 00 00 00 61 07 73 62 2A 00 9E 00 00 88 00 00 98 00 9F 00 09 00 00 00 04 0C F6 B0
[  135.901s] FRAME (len=16): 10 00 11 00 08 00 00 00 01 00 04 00 00 00 34 99
[  135.901s] FRAME (len=12): 0C 00 11 00 00 00 00 00 01 00 61 76
[  135.901s] FRAME (len=12): 0C 00 11 00 0B 00 00 00 01 00 C3 B5
[  142.011s] TEXT: '...;.'
[  142.011s] TEXT: '.....'
[  142.011s] FRAME (len=56): 38 00 11 00 01 00 00 00 01 00 46 81 9E E3 00 1D 00 0F 20 00 6E 09 57 27 56 B3 00 00 00 00 00 00 61 07 73 62 2A 00 9E 00 00 88 00 00 98 00 9F 00 09 00 00 00 04 0C F6 B0
[  142.011s] FRAME (len=12): 0C 00 11 00 00 00 00 00 01 00 61 76
[  148.336s] TEXT: '...;.'
[  148.336s] TEXT: '.....'
[  148.336s] FRAME (len=56): 38 00 11 00 01 00 00 00 01 00 46 81 9E E3 00 1D 00 0F 20 00 6E 09 57 27 56 B3 00 00 00 00 00 00 61 07 73 62 2A 00 9E 00 00 88 00 00 98 00 9F 00 09 00 00 00 04 0C F6 B0
[  148.336s] FRAME (len=12): 0C 00 11 00 00 00 00 00 01 00 61 76
[  154.450s] TEXT: '...;.'
[  154.450s] TEXT: '.....'
[  154.450s] FRAME (len=56): 38 00 11 00 01 00 00 00 01 00 46 81 9E E3 00 1D 00 0F 20 00 6E 09 57 27 56 B3 00 00 00 00 00 00 61 07 73 62 2A 00 9E 00 00 88 00 00 98 00 9F 00 09 00 00 00 04 0C F6 B0
[  154.450s] FRAME (len=12): 0C 00 11 00 00 00 00 00 01 00 61 76
[  155.060s] TEXT: '...;.'
[  155.060s] FRAME (len=56): 38 00 11 00 01 00 00 00 01 00 00 12 4B 00 38 0D 16 FD 03 00 B4 06 58 27 31 6D D4 FF 64 00 F8 02 00 00 00 00 00 00 0A 04 00 00 00 00 00 00 06 01 00 00 00 00 00 00 AB 6D
[  160.773s] TEXT: '....TX succeeded...;.'
[  160.773s] TEXT: '.....'
[  160.773s] TEXT: '.....'
[  160.773s] TEXT: '.....'
[  160.773s] FRAME (len=56): 38 00 11 00 01 00 00 00 01 00 46 81 9E E3 00 1D 00 0F 20 00 98 09 56 27 55 AF 00 00 00 00 00 00 61 07 73 62 29 00 8C 00 00 88 00 00 98 00 9F 00 09 00 00 00 3D 0C 57 BE
[  160.773s] FRAME (len=16): 10 00 11 00 08 00 00 00 01 00 04 00 00 00 34 99
[  160.773s] FRAME (len=12): 0C 00 11 00 00 00 00 00 01 00 61 76
[  160.773s] FRAME (len=12): 0C 00 11 00 0B 00 00 00 01 00 C3 B5
[  166.877s] TEXT: '...;.'
[  166.877s] TEXT: '.....'
[  166.877s] FRAME (len=56): 38 00 11 00 01 00 00 00 01 00 46 81 9E E3 00 1D 00 0F 20 00 98 09 56 27 55 AF 00 00 00 00 00 00 61 07 73 62 29 00 8C 00 00 88 00 00 98 00 9F 00 09 00 00 00 3D 0C 57 BE
[  166.877s] FRAME (len=12): 0C 00 11 00 00 00 00 00 01 00 61 76
[  173.197s] TEXT: '...;.'
[  173.197s] TEXT: '.....'
[  173.197s] FRAME (len=56): 38 00 11 00 01 00 00 00 01 00 46 81 9E E3 00 1D 00 0F 20 00 98 09 56 27 55 AF 00 00 00 00 00 00 61 07 73 62 29 00 8C 00 00 88 00 00 98 00 9F 00 09 00 00 00 3D 0C 57 BE
[  173.197s] FRAME (len=12): 0C 00 11 00 00 00 00 00 01 00 61 76
[  179.327s] TEXT: '...;.'
[  179.327s] TEXT: '.....'
[  179.327s] FRAME (len=56): 38 00 11 00 01 00 00 00 01 00 46 81 9E E3 00 1D 00 0F 20 00 98 09 56 27 55 AF 00 00 00 00 00 00 61 07 73 62 29 00 8C 00 00 88 00 00 98 00 9F 00 09 00 00 00 3D 0C 57 BE
[  179.327s] FRAME (len=12): 0C 00 11 00 00 00 00 00 01 00 61 76
[  181.979s] TEXT: '...;.'
[  181.979s] FRAME (len=56): 38 00 11 00 01 00 00 00 01 00 00 12 4B 00 38 0D 16 FD 03 00 BF 06 58 27 31 71 DA FF 00 00 EE 02 00 00 00 00 00 00 0A 04 00 00 00 00 00 00 06 01 00 00 00 00 00 00 71 4C
[  185.652s] TEXT: '....TX succeeded...;.'
[  185.652s] TEXT: '.....'
[  185.652s] TEXT: '.....'
[  185.652s] TEXT: '.....'
[  185.652s] FRAME (len=56): 38 00 11 00 01 00 00 00 01 00 46 81 9E E3 00 1D 00 0F 20 00 C8 09 56 27 56 CF 00 00 00 00 00 00 61 07 73 62 28 00 7F 00 00 88 00 00 98 00 9F 00 09 00 00 00 77 0C 96 91
[  185.652s] FRAME (len=16): 10 00 11 00 08 00 00 00 01 00 04 00 00 00 34 99
[  185.652s] FRAME (len=12): 0C 00 11 00 00 00 00 00 01 00 61 76
[  185.652s] FRAME (len=12): 0C 00 11 00 0B 00 00 00 01 00 C3 B5
[  191.777s] TEXT: '...;.'
[  191.777s] TEXT: '.....'
[  191.777s] FRAME (len=56): 38 00 11 00 01 00 00 00 01 00 46 81 9E E3 00 1D 00 0F 20 00 C8 09 56 27 56 CF 00 00 00 00 00 00 61 07 73 62 28 00 7F 00 00 88 00 00 98 00 9F 00 09 00 00 00 77 0C 96 91
[  191.777s] FRAME (len=12): 0C 00 11 00 00 00 00 00 01 00 61 76
[  198.098s] TEXT: '...;.'
[  198.098s] TEXT: '.....'
[  198.098s] FRAME (len=56): 38 00 11 00 01 00 00 00 01 00 46 81 9E E3 00 1D 00 0F 20 00 C8 09 56 27 56 CF 00 00 00 00 00 00 61 07 73 62 28 00 7F 00 00 88 00 00 98 00 9F 00 09 00 00 00 77 0C 96 91
[  198.098s] FRAME (len=12): 0C 00 11 00 00 00 00 00 01 00 61 76
[  204.235s] TEXT: '...;.'
[  204.235s] TEXT: '.....'
[  204.235s] FRAME (len=56): 38 00 11 00 01 00 00 00 01 00 46 81 9E E3 00 1D 00 0F 20 00 C8 09 56 27 56 CF 00 00 00 00 00 00 61 07 73 62 28 00 7F 00 00 88 00 00 98 00 9F 00 09 00 00 00 77 0C 96 91
[  204.235s] FRAME (len=12): 0C 00 11 00 00 00 00 00 01 00 61 76
[  207.507s] TEXT: '...;.'
[  207.507s] FRAME (len=56): 38 00 11 00 01 00 00 00 01 00 00 12 4B 00 38 0D 16 FD 03 00 C9 06 58 27 31 15 D9 FF 00 00 EE 02 00 00 00 00 00 00 0A 04 00 00 00 00 00 00 06 01 00 00 00 00 00 00 A5 23
[  210.569s] TEXT: '....TX succeeded...;.'
[  210.569s] TEXT: '.....'
[  210.569s] TEXT: '.....'
[  210.569s] FRAME (len=56): 38 00 11 00 01 00 00 00 01 00 46 81 9E E3 00 1D 00 0F 20 00 E6 09 56 27 56 BD 00 00 00 00 00 00 61 07 73 62 27 00 85 00 00 88 00 00 98 00 9F 00 09 00 00 00 B0 0C A5 FF
[  210.569s] FRAME (len=12): 0C 00 11 00 00 00 00 00 01 00 61 76
[  210.569s] FRAME (len=12): 0C 00 11 00 0B 00 00 00 01 00 C3 B5
[  216.691s] TEXT: '...;.'
[  216.691s] TEXT: '.....'
[  216.691s] FRAME (len=56): 38 00 11 00 01 00 00 00 01 00 46 81 9E E3 00 1D 00 0F 20 00 E6 09 56 27 56 BD 00 00 00 00 00 00 61 07 73 62 27 00 85 00 00 88 00 00 98 00 9F 00 09 00 00 00 B0 0C A5 FF
[  216.691s] FRAME (len=12): 0C 00 11 00 00 00 00 00 01 00 61 76
[  222.789s] TEXT: '...;.'
[  222.789s] TEXT: '.....'
[  222.789s] FRAME (len=56): 38 00 11 00 01 00 00 00 01 00 46 81 9E E3 00 1D 00 0F 20 00 E6 09 56 27 56 BD 00 00 00 00 00 00 61 07 73 62 27 00 85 00 00 88 00 00 98 00 9F 00 09 00 00 00 B0 0C A5 FF
[  222.789s] FRAME (len=12): 0C 00 11 00 00 00 00 00 01 00 61 76
[  229.116s] TEXT: '...;.'
[  229.116s] TEXT: '.....'
[  229.116s] FRAME (len=56): 38 00 11 00 01 00 00 00 01 00 46 81 9E E3 00 1D 00 0F 20 00 E6 09 56 27 56 BD 00 00 00 00 00 00 61 07 73 62 27 00 85 00 00 88 00 00 98 00 9F 00 09 00 00 00 B0 0C A5 FF
[  229.116s] FRAME (len=12): 0C 00 11 00 00 00 00 00 01 00 61 76
[  234.430s] TEXT: '...;.'
[  234.430s] FRAME (len=56): 38 00 11 00 01 00 00 00 01 00 00 12 4B 00 38 0D 16 FD 03 00 D2 06 58 27 31 71 D4 FF 64 00 EE 02 00 00 00 00 00 00 0A 04 00 00 00 00 00 00 06 01 00 00 00 00 00 00 DB E7
[  235.451s] TEXT: '....TX succeeded...;.'
[  235.451s] TEXT: '.....'
[  235.451s] TEXT: '.....'
[  235.451s] TEXT: '.....'
[  235.451s] FRAME (len=56): 38 00 11 00 01 00 00 00 01 00 46 81 9E E3 00 1D 00 0F 20 00 03 0A 57 27 56 89 00 00 00 00 00 00 61 07 73 62 27 00 81 00 00 88 00 00 98 00 9F 00 09 00 00 00 C3 0C 7B 92
[  235.451s] FRAME (len=16): 10 00 11 00 08 00 00 00 01 00 04 00 00 00 34 99
[  235.451s] FRAME (len=12): 0C 00 11 00 00 00 00 00 01 00 61 76
[  235.451s] FRAME (len=12): 0C 00 11 00 0B 00 00 00 01 00 C3 B5
[  241.569s] TEXT: '...;.'
[  241.569s] TEXT: '.....'
[  241.569s] FRAME (len=56): 38 00 11 00 01 00 00 00 01 00 46 81 9E E3 00 1D 00 0F 20 00 03 0A 57 27 56 89 00 00 00 00 00 00 61 07 73 62 27 00 81 00 00 88 00 00 98 00 9F 00 09 00 00 00 C3 0C 7B 92
[  241.569s] FRAME (len=12): 0C 00 11 00 00 00 00 00 01 00 61 76
[  247.671s] TEXT: '...;.'
[  247.671s] TEXT: '.....'
[  247.671s] FRAME (len=56): 38 00 11 00 01 00 00 00 01 00 46 81 9E E3 00 1D 00 0F 20 00 03 0A 57 27 56 89 00 00 00 00 00 00 61 07 73 62 27 00 81 00 00 88 00 00 98 00 9F 00 09 00 00 00 C3 0C 7B 92
[  247.671s] FRAME (len=12): 0C 00 11 00 00 00 00 00 01 00 61 76
[  254.001s] TEXT: '...;.'
[  254.001s] TEXT: '.....'
[  254.001s] FRAME (len=56): 38 00 11 00 01 00 00 00 01 00 46 81 9E E3 00 1D 00 0F 20 00 03 0A 57 27 56 89 00 00 00 00 00 00 61 07 73 62 27 00 81 00 00 88 00 00 98 00 9F 00 09 00 00 00 C3 0C 7B 92
[  254.001s] FRAME (len=12): 0C 00 11 00 00 00 00 00 01 00 61 76
[  260.119s] TEXT: '...;.'
[  260.119s] FRAME (len=56): 38 00 11 00 01 00 00 00 01 00 00 12 4B 00 38 0D 16 FD 03 00 DC 06 58 27 31 75 D4 FF 64 00 EE 02 00 00 00 00 00 00 0A 04 00 00 00 00 00 00 06 01 00 00 00 00 00 00 31 CD
[  260.320s] TEXT: '....TX failed: 0xc....TX failed: 0xc...;.'
[  260.525s] TEXT: '.....'
[  260.525s] TEXT: '.....'
[  260.525s] FRAME (len=56): 38 00 11 00 01 00 00 00 01 00 46 81 9E E3 00 1D 00 0F 20 00 1B 0A 56 27 56 C9 00 00 00 00 00 00 61 07 73 62 26 00 84 00 00 88 00 00 98 00 9F 00 09 00 00 00 E9 0C 5D C6
[  260.525s] FRAME (len=12): 0C 00 11 00 00 00 00 00 01 00 61 76
[  260.525s] FRAME (len=12): 0C 00 11 00 0B 00 00 00 01 00 C3 B5
[  266.446s] TEXT: '...;.'
[  266.446s] TEXT: '.....'
[  266.446s] FRAME (len=56): 38 00 11 00 01 00 00 00 01 00 46 81 9E E3 00 1D 00 0F 20 00 1B 0A 56 27 56 C9 00 00 00 00 00 00 61 07 73 62 26 00 84 00 00 88 00 00 98 00 9F 00 09 00 00 00 E9 0C 5D C6
[  266.446s] FRAME (len=12): 0C 00 11 00 00 00 00 00 01 00 61 76
[  272.552s] TEXT: '...;.'
[  272.552s] TEXT: '.....'
[  272.552s] FRAME (len=56): 38 00 11 00 01 00 00 00 01 00 46 81 9E E3 00 1D 00 0F 20 00 1B 0A 56 27 56 C9 00 00 00 00 00 00 61 07 73 62 26 00 84 00 00 88 00 00 98 00 9F 00 09 00 00 00 E9 0C 5D C6
[  272.552s] FRAME (len=12): 0C 00 11 00 00 00 00 00 01 00 61 76
[  278.872s] TEXT: '...;.'
[  278.872s] TEXT: '.....'
[  278.872s] FRAME (len=56): 38 00 11 00 01 00 00 00 01 00 46 81 9E E3 00 1D 00 0F 20 00 1B 0A 56 27 56 C9 00 00 00 00 00 00 61 07 73 62 26 00 84 00 00 88 00 00 98 00 9F 00 09 00 00 00 E9 0C 5D C6
[  278.872s] FRAME (len=12): 0C 00 11 00 00 00 00 00 01 00 61 76
[  285.188s] TEXT: '...;.'
[  285.188s] TEXT: '.}.....'
[  285.188s] TEXT: '.....'
[  285.188s] TEXT: '.....'
[  285.188s] FRAME (len=54): 38 00 11 00 01 00 00 00 01 00 46 81 9E E3 00 1D 00 0F 20 00 2A 0A 57 27 56 95 00 00 00 00 00 00 61 07 73 62 26 00 79 00 00 88 00 00 98 00 9F 00 09 00 00 00 E9 0C
[  285.188s] FRAME (len=16): 10 00 11 00 08 00 00 00 01 00 04 00 00 00 34 99
[  285.188s] FRAME (len=12): 0C 00 11 00 00 00 00 00 01 00 61 76
[  285.188s] FRAME (len=12): 0C 00 11 00 0B 00 00 00 01 00 C3 B5
[  286.815s] TEXT: '...;.'
[  286.815s] FRAME (len=56): 38 00 11 00 01 00 00 00 01 00 00 12 4B 00 38 0D 16 FD 03 00 E5 06 58 27 31 09 D4 FF 64 00 EE 02 00 00 00 00 00 00 0A 04 00 00 00 00 00 00 06 01 00 00 00 00 00 00 F0 DF
[  291.292s] TEXT: '....TX succeeded...;.'
[  291.292s] TEXT: '.}.....'
[  291.292s] FRAME (len=54): 38 00 11 00 01 00 00 00 01 00 46 81 9E E3 00 1D 00 0F 20 00 2A 0A 57 27 56 95 00 00 00 00 00 00 61 07 73 62 26 00 79 00 00 88 00 00 98 00 9F 00 09 00 00 00 E9 0C
[  291.292s] FRAME (len=12): 0C 00 11 00 00 00 00 00 01 00 61 76
[  297.397s] TEXT: '...;.'
[  297.397s] TEXT: '.}.....'
[  297.397s] FRAME (len=54): 38 00 11 00 01 00 00 00 01 00 46 81 9E E3 00 1D 00 0F 20 00 2A 0A 57 27 56 95 00 00 00 00 00 00 61 07 73 62 26 00 79 00 00 88 00 00 98 00 9F 00 09 00 00 00 E9 0C
[  297.397s] FRAME (len=12): 0C 00 11 00 00 00 00 00 01 00 61 76
[  303.721s] TEXT: '...;.'
[  303.721s] TEXT: '.}.....'
[  303.721s] FRAME (len=54): 38 00 11 00 01 00 00 00 01 00 46 81 9E E3 00 1D 00 0F 20 00 2A 0A 57 27 56 95 00 00 00 00 00 00 61 07 73 62 26 00 79 00 00 88 00 00 98 00 9F 00 09 00 00 00 E9 0C
[  303.721s] FRAME (len=12): 0C 00 11 00 00 00 00 00 01 00 61 76
[  310.036s] TEXT: '...;.'
[  310.036s] TEXT: '.....'
[  310.036s] TEXT: '.....'
[  310.036s] FRAME (len=56): 38 00 11 00 01 00 00 00 01 00 46 81 9E E3 00 1D 00 0F 20 00 39 0A 57 27 56 81 00 00 00 00 00 00 61 07 73 62 26 00 70 00 00 88 00 00 98 00 9F 00 09 00 00 00 49 0D C0 44
[  310.036s] FRAME (len=12): 0C 00 11 00 00 00 00 00 01 00 61 76
[  310.036s] FRAME (len=12): 0C 00 11 00 0B 00 00 00 01 00 C3 B5
[  312.478s] TEXT: '...;.'
[  312.478s] FRAME (len=56): 38 00 11 00 01 00 00 00 01 00 00 12 4B 00 38 0D 16 FD 03 00 ED 06 58 27 31 65 D4 FF 64 00 EE 02 00 00 00 00 00 00 0A 04 00 00 00 00 00 00 06 01 00 00 00 00 00 00 10 5B
[  316.152s] TEXT: '....TX succeeded...;.'
[  316.152s] TEXT: '.....'
[  316.152s] FRAME (len=56): 38 00 11 00 01 00 00 00 01 00 46 81 9E E3 00 1D 00 0F 20 00 39 0A 57 27 56 81 00 00 00 00 00 00 61 07 73 62 26 00 70 00 00 88 00 00 98 00 9F 00 09 00 00 00 49 0D C0 44
[  316.152s] FRAME (len=12): 0C 00 11 00 00 00 00 00 01 00 61 76
[  322.241s] TEXT: '...;.'
[  322.241s] TEXT: '.....'
[  322.241s] FRAME (len=56): 38 00 11 00 01 00 00 00 01 00 46 81 9E E3 00 1D 00 0F 20 00 39 0A 57 27 56 81 00 00 00 00 00 00 61 07 73 62 26 00 70 00 00 88 00 00 98 00 9F 00 09 00 00 00 49 0D C0 44
[  322.241s] FRAME (len=12): 0C 00 11 00 00 00 00 00 01 00 61 76
[  328.548s] TEXT: '...;.'
[  328.548s] TEXT: '.....'
[  328.548s] FRAME (len=56): 38 00 11 00 01 00 00 00 01 00 46 81 9E E3 00 1D 00 0F 20 00 39 0A 57 27 56 81 00 00 00 00 00 00 61 07 73 62 26 00 70 00 00 88 00 00 98 00 9F 00 09 00 00 00 49 0D C0 44
[  328.548s] FRAME (len=12): 0C 00 11 00 00 00 00 00 01 00 61 76
[  334.864s] TEXT: '...;.'
[  334.864s] TEXT: '.....'
[  334.864s] TEXT: '.....'
[  334.864s] FRAME (len=56): 38 00 11 00 01 00 00 00 01 00 46 81 9E E3 00 1D 00 0F 20 00 52 0A 56 27 56 CF 00 00 00 00 00 00 61 07 73 62 25 00 83 00 00 88 00 00 98 00 9F 00 09 00 00 00 49 0D B5 C1
[  334.864s] FRAME (len=12): 0C 00 11 00 00 00 00 00 01 00 61 76
[  334.864s] FRAME (len=12): 0C 00 11 00 0B 00 00 00 01 00 C3 B5
[  338.133s] TEXT: '....ERR: Uart framing error....ERR: Uart unknown error...;.'
[  338.133s] FRAME (len=56): 38 00 11 00 01 00 00 00 01 00 00 12 4B 00 38 0D 16 FD 03 00 F5 06 58 27 31 6D D4 FF 64 00 EE 02 00 00 00 00 00 00 0A 04 00 00 00 00 00 00 06 01 00 00 00 00 00 00 12 5E
[  340.983s] TEXT: '....TX succeeded...;.'
[  340.983s] TEXT: '.....'
[  340.983s] FRAME (len=56): 38 00 11 00 01 00 00 00 01 00 46 81 9E E3 00 1D 00 0F 20 00 52 0A 56 27 56 CF 00 00 00 00 00 00 61 07 73 62 25 00 83 00 00 88 00 00 98 00 9F 00 09 00 00 00 49 0D B5 C1
[  340.983s] FRAME (len=12): 0C 00 11 00 00 00 00 00 01 00 61 76
[  347.085s] TEXT: '...;.'
[  347.287s] TEXT: '.....'
[  347.287s] FRAME (len=56): 38 00 11 00 01 00 00 00 01 00 46 81 9E E3 00 1D 00 0F 20 00 52 0A 56 27 56 CF 00 00 00 00 00 00 61 07 73 62 25 00 83 00 00 88 00 00 98 00 9F 00 09 00 00 00 49 0D B5 C1
[  347.287s] FRAME (len=12): 0C 00 11 00 00 00 00 00 01 00 61 76
[  353.394s] TEXT: '...;.'
[  353.394s] TEXT: '.....'
[  353.394s] FRAME (len=56): 38 00 11 00 01 00 00 00 01 00 46 81 9E E3 00 1D 00 0F 20 00 52 0A 56 27 56 CF 00 00 00 00 00 00 61 07 73 62 25 00 83 00 00 88 00 00 98 00 9F 00 09 00 00 00 49 0D B5 C1
[  353.394s] FRAME (len=12): 0C 00 11 00 00 00 00 00 01 00 61 76
[  359.708s] TEXT: '...;.'
[  359.708s] FRAME (len=56): 38 00 11 00 01 00 00 00 01 00 46 81 9E E3 00 1D 00 0F 20 00 56 0A 57 27 56 9B 00 00 00 00 00 00 61 07 73 62 25 00 85 00 00 88 00 00 98 00 9F 00 09 00 00 00 5C 0D 33 36
[  359.910s] TEXT: '.....'
[  359.910s] TEXT: '.....'
[  359.910s] FRAME (len=12): 0C 00 11 00 00 00 00 00 01 00 61 76
[  359.910s] FRAME (len=12): 0C 00 11 00 0B 00 00 00 01 00 C3 B5
[  363.789s] TEXT: '...;.'
[  363.789s] FRAME (len=56): 38 00 11 00 01 00 00 00 01 00 00 12 4B 00 38 0D 16 FD 03 00 FD 06 58 27 31 0D D4 FF 64 00 EE 02 00 00 00 00 00 00 0A 04 00 00 00 00 00 00 06 01 00 00 00 00 00 00 DE DE
[  365.818s] TEXT: '....TX succeeded...;.'
[  365.818s] TEXT: '.....'
[  365.818s] FRAME (len=56): 38 00 11 00 01 00 00 00 01 00 46 81 9E E3 00 1D 00 0F 20 00 56 0A 57 27 56 9B 00 00 00 00 00 00 61 07 73 62 25 00 85 00 00 88 00 00 98 00 9F 00 09 00 00 00 5C 0D 33 36
[  365.818s] FRAME (len=12): 0C 00 11 00 00 00 00 00 01 00 61 76
[  372.129s] TEXT: '...;.'
[  372.129s] TEXT: '.....'
[  372.129s] FRAME (len=56): 38 00 11 00 01 00 00 00 01 00 46 81 9E E3 00 1D 00 0F 20 00 56 0A 57 27 56 9B 00 00 00 00 00 00 61 07 73 62 25 00 85 00 00 88 00 00 98 00 9F 00 09 00 00 00 5C 0D 33 36
[  372.129s] FRAME (len=12): 0C 00 11 00 00 00 00 00 01 00 61 76
[  378.242s] TEXT: '....ERR: Uart overrun error....ERR: Uart unknown error...;.'
[  378.242s] TEXT: '.....'
[  378.242s] FRAME (len=56): 38 00 11 00 01 00 00 00 01 00 46 81 9E E3 00 1D 00 0F 20 00 56 0A 57 27 56 9B 00 00 00 00 00 00 61 07 73 62 25 00 85 00 00 88 00 00 98 00 9F 00 09 00 00 00 5C 0D 33 36
[  378.242s] FRAME (len=12): 0C 00 11 00 00 00 00 00 01 00 61 76
[  384.774s] TEXT: '...;.'
[  384.774s] TEXT: '.....'
[  384.774s] TEXT: '.....'
[  384.774s] TEXT: '.....'
[  384.774s] FRAME (len=56): 38 00 11 00 01 00 00 00 01 00 46 81 9E E3 00 1D 00 0F 20 00 7F 0A 56 27 56 97 00 00 00 00 00 00 61 07 73 62 24 00 6E 00 00 88 00 00 98 00 9F 00 09 00 00 00 5C 0D 96 3B
[  384.774s] FRAME (len=16): 10 00 11 00 08 00 00 00 01 00 04 00 00 00 34 99
[  384.774s] FRAME (len=12): 0C 00 11 00 00 00 00 00 01 00 61 76
[  384.774s] FRAME (len=12): 0C 00 11 00 0B 00 00 00 01 00 C3 B5
[  389.463s] TEXT: '...;.'
[  389.463s] FRAME (len=56): 38 00 11 00 01 00 00 00 01 00 00 12 4B 00 38 0D 16 FD 03 00 04 07 58 27 31 69 D4 FF 64 00 EE 02 00 00 00 00 00 00 0A 04 00 00 00 00 00 00 06 01 00 00 00 00 00 00 D4 AF
[  390.687s] TEXT: '....TX succeeded...;.'
[  390.687s] TEXT: '.....'
[  390.687s] FRAME (len=56): 38 00 11 00 01 00 00 00 01 00 46 81 9E E3 00 1D 00 0F 20 00 7F 0A 56 27 56 97 00 00 00 00 00 00 61 07 73 62 24 00 6E 00 00 88 00 00 98 00 9F 00 09 00 00 00 5C 0D 96 3B
[  390.687s] FRAME (len=12): 0C 00 11 00 00 00 00 00 01 00 61 76
[  397.007s] TEXT: '...;.'
[  397.007s] TEXT: '.....'
[  397.007s] FRAME (len=55): 38 00 11 00 01 00 00 00 01 00 46 81 9E E3 00 1D 00 0F 20 00 7F 0A 56 27 56 97 00 00 00 00 00 00 61 87 9E 91 00 6E 00 00 88 00 00 98 00 9F 00 09 00 00 00 5C 0D 96 3B
[  397.007s] FRAME (len=12): 0C 00 11 00 00 00 00 00 01 00 61 76
[  403.092s] TEXT: '...;.'
[  403.292s] TEXT: '.....'
[  403.292s] FRAME (len=56): 38 00 11 00 01 00 00 00 01 00 46 81 9E E3 00 1D 00 0F 20 00 7F 0A 56 27 56 97 00 00 00 00 00 00 61 07 73 62 24 00 6E 00 00 88 00 00 98 00 9F 00 09 00 00 00 5C 0D 96 3B
[  403.292s] FRAME (len=12): 0C 00 11 00 00 00 00 00 01 00 61 76
[  409.597s] TEXT: '...;.'
[  409.597s] TEXT: '.....'
[  409.597s] TEXT: '.....'
[  409.597s] FRAME (len=56): 38 00 11 00 01 00 00 00 01 00 46 81 9E E3 00 1D 00 0F 20 00 88 0A 56 27 55 B1 00 00 00 00 00 00 61 07 73 62 24 00 6B 00 00 88 00 00 98 00 9F 00 09 00 00 00 49 0D B2 EE
[  409.597s] FRAME (len=12): 0C 00 11 00 00 00 00 00 01 00 61 76
[  409.597s] FRAME (len=12): 0C 00 11 00 0B 00 00 00 01 00 C3 B5
[  415.707s] TEXT: '...;.'
[  415.707s] TEXT: '.....'
[  415.707s] FRAME (len=56): 38 00 11 00 01 00 00 00 01 00 46 81 9E E3 00 1D 00 0F 20 00 88 0A 56 27 55 B1 00 00 00 00 00 00 61 07 73 62 24 00 6B 00 00 88 00 00 98 00 9F 00 09 00 00 00 49 0D B2 EE
[  415.707s] FRAME (len=12): 0C 00 11 00 00 00 00 00 01 00 61 76
[  416.114s] TEXT: '...;.'
[  416.114s] FRAME (len=56): 38 00 11 00 01 00 00 00 01 00 00 12 4B 00 38 0D 16 FD 03 00 0B 07 58 27 31 41 D4 FF 64 00 EE 02 00 00 00 00 00 00 0A 04 00 00 00 00 00 00 06 01 00 00 00 00 00 00 08 F2
[  421.843s] TEXT: '....TX succeeded...;.'
[  421.843s] TEXT: '.....'
[  421.843s] FRAME (len=56): 38 00 11 00 01 00 00 00 01 00 46 81 9E E3 00 1D 00 0F 20 00 88 0A 56 27 55 B1 00 00 00 00 00 00 61 07 73 62 24 00 6B 00 00 88 00 00 98 00 9F 00 09 00 00 00 49 0D B2 EE
[  421.843s] FRAME (len=12): 0C 00 11 00 00 00 00 00 01 00 61 76
[  427.956s] TEXT: '...;.'
[  427.956s] TEXT: '.....'
[  427.956s] FRAME (len=56): 38 00 11 00 01 00 00 00 01 00 46 81 9E E3 00 1D 00 0F 20 00 88 0A 56 27 55 B1 00 00 00 00 00 00 61 07 73 62 24 00 6B 00 00 88 00 00 98 00 9F 00 09 00 00 00 49 0D B2 EE
[  427.956s] FRAME (len=12): 0C 00 11 00 00 00 00 00 01 00 61 76
[  434.476s] TEXT: '...;.'
[  434.476s] TEXT: '.....'
[  434.476s] TEXT: '.....'
[  434.476s] FRAME (len=56): 38 00 11 00 01 00 00 00 01 00 46 81 9E E3 00 1D 00 0F 20 00 91 0A 56 27 56 BB 00 00 00 00 00 00 61 07 73 62 24 00 89 00 00 88 00 00 98 00 9F 00 09 00 00 00 6F 0D 3D B3
[  434.476s] FRAME (len=12): 0C 00 11 00 00 00 00 00 01 00 61 76
[  434.476s] FRAME (len=12): 0C 00 11 00 0B 00 00 00 01 00 C3 B5
[  440.588s] TEXT: '...;.'
[  440.588s] TEXT: '.....'
[  440.588s] FRAME (len=56): 38 00 11 00 01 00 00 00 01 00 46 81 9E E3 00 1D 00 0F 20 00 91 0A 56 27 56 BB 00 00 00 00 00 00 61 07 73 62 24 00 89 00 00 88 00 00 98 00 9F 00 09 00 00 00 6F 0D 3D B3
[  440.588s] FRAME (len=12): 0C 00 11 00 00 00 00 00 01 00 61 76
[  441.816s] TEXT: '...;.'
[  441.816s] FRAME (len=56): 38 00 11 00 01 00 00 00 01 00 00 12 4B 00 38 0D 16 FD 03 00 13 07 58 27 31 11 D4 FF 64 00 EE 02 00 00 00 00 00 00 0A 04 00 00 00 00 00 00 06 01 00 00 00 00 00 00 0D 31
[  446.713s] TEXT: '....TX succeeded...;.'
[  446.713s] TEXT: '.....'
[  446.713s] FRAME (len=56): 38 00 11 00 01 00 00 00 01 00 46 81 9E E3 00 1D 00 0F 20 00 91 0A 56 27 56 BB 00 00 00 00 00 00 61 07 73 62 24 00 89 00 00 88 00 00 98 00 9F 00 09 00 00 00 6F 0D 3D B3
[  446.713s] FRAME (len=12): 0C 00 11 00 00 00 00 00 01 00 61 76
[  452.828s] TEXT: '...;.'
[  452.828s] TEXT: '.....'
[  452.828s] FRAME (len=56): 38 00 11 00 01 00 00 00 01 00 46 81 9E E3 00 1D 00 0F 20 00 91 0A 56 27 56 BB 00 00 00 00 00 00 61 07 73 62 24 00 89 00 00 88 00 00 98 00 9F 00 09 00 00 00 6F 0D 3D B3
[  452.828s] FRAME (len=12): 0C 00 11 00 00 00 00 00 01 00 61 76
[  459.340s] TEXT: '...;.'
[  459.340s] TEXT: '.....'
[  459.340s] TEXT: '.....'
[  459.340s] TEXT: '.....'
[  459.340s] FRAME (len=56): 38 00 11 00 01 00 00 00 01 00 46 81 9E E3 00 1D 00 0F 20 00 A5 0A 56 27 56 A3 00 00 00 00 00 00 61 07 73 62 24 00 89 00 00 88 00 00 98 00 9F 00 09 00 00 00 6F 0D 38 1E
[  459.340s] FRAME (len=16): 10 00 11 00 08 00 00 00 01 00 04 00 00 00 34 99
[  459.340s] FRAME (len=12): 0C 00 11 00 00 00 00 00 01 00 61 76
[  459.340s] FRAME (len=12): 0C 00 11 00 0B 00 00 00 01 00 C3 B5
[  465.454s] TEXT: '...;.'
[  465.454s] TEXT: '.....'
[  465.454s] FRAME (len=56): 38 00 11 00 01 00 00 00 01 00 46 81 9E E3 00 1D 00 0F 20 00 A5 0A 56 27 56 A3 00 00 00 00 00 00 61 07 73 62 24 00 89 00 00 88 00 00 98 00 9F 00 09 00 00 00 6F 0D 38 1E
[  465.454s] FRAME (len=12): 0C 00 11 00 00 00 00 00 01 00 61 76
[  467.497s] TEXT: '....ERR: Uart framing error....ERR: Uart unknown error...;.'
[  467.497s] FRAME (len=56): 38 00 11 00 01 00 00 00 01 00 00 12 4B 00 38 0D 16 FD 03 00 19 07 58 27 31 2D D4 FF 64 00 EE 02 00 00 00 00 00 00 0A 04 00 00 00 00 00 00 06 01 00 00 00 00 00 00 56 AC
[  471.577s] TEXT: '....TX succeeded...;.'
[  471.577s] TEXT: '.....'
[  471.577s] FRAME (len=56): 38 00 11 00 01 00 00 00 01 00 46 81 9E E3 00 1D 00 0F 20 00 A5 0A 56 27 56 A3 00 00 00 00 00 00 61 07 73 62 24 00 89 00 00 88 00 00 98 00 9F 00 09 00 00 00 6F 0D 38 1E
[  471.577s] FRAME (len=12): 0C 00 11 00 00 00 00 00 01 00 61 76
[  477.690s] TEXT: '...;.'
[  477.690s] TEXT: '.....'
[  477.690s] FRAME (len=56): 38 00 11 00 01 00 00 00 01 00 46 81 9E E3 00 1D 00 0F 20 00 A5 0A 56 27 56 A3 00 00 00 00 00 00 61 07 73 62 24 00 89 00 00 88 00 00 98 00 9F 00 09 00 00 00 6F 0D 38 1E
[  477.690s] FRAME (len=12): 0C 00 11 00 00 00 00 00 01 00 61 76
[  484.227s] TEXT: '...;.'
[  484.227s] TEXT: '.....'
[  484.227s] TEXT: '.....'
[  484.227s] FRAME (len=56): 38 00 11 00 01 00 00 00 01 00 46 81 9E E3 00 1D 00 0F 20 00 9C 0A 56 27 56 A7 00 00 00 00 00 00 61 07 73 62 24 00 66 00 00 88 00 00 98 00 9F 00 09 00 00 00 82 0D 78 F8
[  484.227s] FRAME (len=12): 0C 00 11 00 00 00 00 00 01 00 61 76
[  484.227s] FRAME (len=12): 0C 00 11 00 0B 00 00 00 01 00 C3 B5
[  490.327s] TEXT: '...;.'
[  490.327s] TEXT: '.....'
[  490.327s] FRAME (len=56): 38 00 11 00 01 00 00 00 01 00 46 81 9E E3 00 1D 00 0F 20 00 9C 0A 56 27 56 A7 00 00 00 00 00 00 61 07 73 62 24 00 66 00 00 88 00 00 98 00 9F 00 09 00 00 00 82 0D 78 F8
[  490.327s] FRAME (len=12): 0C 00 11 00 00 00 00 00 01 00 61 76
[  493.180s] TEXT: '...;.'
[  493.180s] FRAME (len=56): 38 00 11 00 01 00 00 00 01 00 00 12 4B 00 38 0D 16 FD 03 00 1F 07 58 27 31 55 D4 FF 64 00 EE 02 00 00 00 00 00 00 0A 04 00 00 00 00 00 00 06 01 00 00 00 00 00 00 D3 FD
[  496.434s] TEXT: '....TX succeeded...;.'
[  496.434s] TEXT: '.....'
[  496.434s] FRAME (len=56): 38 00 11 00 01 00 00 00 01 00 46 81 9E E3 00 1D 00 0F 20 00 9C 0A 56 27 56 A7 00 00 00 00 00 00 61 07 73 62 24 00 66 00 00 88 00 00 98 00 9F 00 09 00 00 00 82 0D 78 F8
[  496.434s] FRAME (len=12): 0C 00 11 00 00 00 00 00 01 00 61 76
[  502.551s] TEXT: '...;.'
[  502.551s] TEXT: '.....'
[  502.551s] FRAME (len=56): 38 00 11 00 01 00 00 00 01 00 46 81 9E E3 00 1D 00 0F 20 00 9C 0A 56 27 56 A7 00 00 00 00 00 00 61 07 73 62 24 00 66 00 00 88 00 00 98 00 9F 00 09 00 00 00 82 0D 78 F8
[  502.551s] FRAME (len=12): 0C 00 11 00 00 00 00 00 01 00 61 76
[  509.056s] TEXT: '...;.'
[  509.056s] TEXT: '.....'
[  509.056s] TEXT: '.....'
[  509.056s] FRAME (len=56): 38 00 11 00 01 00 00 00 01 00 46 81 9E E3 00 1D 00 0F 20 00 AA 0A 56 27 56 A7 00 00 00 00 00 00 61 07 73 62 24 00 5D 00 00 88 00 00 98 00 9F 00 09 00 00 00 95 0D 7C 73
[  509.056s] FRAME (len=12): 0C 00 11 00 00 00 00 00 01 00 61 76
[  509.056s] FRAME (len=12): 0C 00 11 00 0B 00 00 00 01 00 C3 B5
[  515.007s] TEXT: '...;.'
[  515.215s] TEXT: '.....'
[  515.215s] FRAME (len=56): 38 00 11 00 01 00 00 00 01 00 46 81 9E E3 00 1D 00 0F 20 00 AA 0A 56 27 56 A7 00 00 00 00 00 00 61 07 73 62 24 00 5D 00 00 88 00 00 98 00 9F 00 09 00 00 00 95 0D 7C 73
[  515.215s] FRAME (len=12): 0C 00 11 00 00 00 00 00 01 00 61 76
[  518.756s] TEXT: '...;.'
[  518.756s] FRAME (len=56): 38 00 11 00 01 00 00 00 01 00 00 12 4B 00 38 0D 16 FD 03 00 26 07 58 27 31 49 D4 FF 64 00 EE 02 00 00 00 00 00 00 0A 04 00 00 00 00 00 00 06 01 00 00 00 00 00 00 72 CE
[  521.238s] TEXT: '....TX succeeded...;.'
[  521.238s] TEXT: '.....'
[  521.238s] FRAME (len=56): 38 00 11 00 01 00 00 00 01 00 46 81 9E E3 00 1D 00 0F 20 00 AA 0A 56 27 56 A7 00 00 00 00 00 00 61 07 73 62 24 00 5D 00 00 88 00 00 98 00 9F 00 09 00 00 00 95 0D 7C 73
[  521.238s] FRAME (len=12): 0C 00 11 00 00 00 00 00 01 00 61 76
[  527.469s] TEXT: '...;.'
[  527.469s] TEXT: '.....'
[  527.469s] FRAME (len=56): 38 00 11 00 01 00 00 00 01 00 46 81 9E E3 00 1D 00 0F 20 00 AA 0A 56 27 56 A7 00 00 00 00 00 00 61 07 73 62 24 00 5D 00 00 88 00 00 98 00 9F 00 09 00 00 00 95 0D 7C 73
[  527.469s] FRAME (len=12): 0C 00 11 00 00 00 00 00 01 00 61 76
[  533.890s] TEXT: '...;.'
[  533.890s] TEXT: '.....'
[  533.890s] TEXT: '.....'
[  533.890s] FRAME (len=56): 38 00 11 00 01 00 00 00 01 00 46 81 9E E3 00 1D 00 0F 20 00 97 0A 56 27 56 B1 00 00 00 00 00 00 61 07 73 62 24 00 58 00 00 88 00 00 98 00 9F 00 09 00 00 00 BB 0D 2E 1B
[  533.890s] FRAME (len=12): 0C 00 11 00 00 00 00 00 01 00 61 76
[  533.890s] FRAME (len=12): 0C 00 11 00 0B 00 00 00 01 00 C3 B5
[  539.884s] TEXT: '...;.'
[  539.884s] TEXT: '.....'
[  539.884s] FRAME (len=56): 38 00 11 00 01 00 00 00 01 00 46 81 9E E3 00 1D 00 0F 20 00 97 0A 56 27 56 B1 00 00 00 00 00 00 61 07 73 62 24 00 58 00 00 88 00 00 98 00 9F 00 09 00 00 00 BB 0D 2E 1B
[  539.884s] FRAME (len=12): 0C 00 11 00 00 00 00 00 01 00 61 76
[  544.448s] TEXT: '...;.'
[  544.448s] FRAME (len=56): 38 00 11 00 01 00 00 00 01 00 00 12 4B 00 38 0D 16 FD 03 00 2C 07 58 27 31 75 D4 FF 64 00 EE 02 00 00 00 00 00 00 0A 04 00 00 00 00 00 00 06 01 00 00 00 00 00 00 29 53
[  546.102s] TEXT: '....TX failed: 0xc....TX failed: 0xc...;.'
[  546.102s] TEXT: '.....'
[  546.102s] FRAME (len=56): 38 00 11 00 01 00 00 00 01 00 46 81 9E E3 00 1D 00 0F 20 00 97 0A 56 27 56 B1 00 00 00 00 00 00 61 07 73 62 24 00 58 00 00 88 00 00 98 00 9F 00 09 00 00 00 BB 0D 2E 1B
[  546.102s] FRAME (len=12): 0C 00 11 00 00 00 00 00 01 00 61 76
[  552.315s] TEXT: '...;.'
[  552.315s] TEXT: '.....'
[  552.315s] FRAME (len=56): 38 00 11 00 01 00 00 00 01 00 46 81 9E E3 00 1D 00 0F 20 00 97 0A 56 27 56 B1 00 00 00 00 00 00 61 07 73 62 24 00 58 00 00 88 00 00 98 00 9F 00 09 00 00 00 BB 0D 2E 1B
[  552.315s] FRAME (len=12): 0C 00 11 00 00 00 00 00 01 00 61 76
[  558.748s] TEXT: '...;.'
[  558.748s] TEXT: '.....'
[  558.748s] TEXT: '.....'
[  558.748s] FRAME (len=56): 38 00 11 00 01 00 00 00 01 00 46 81 9E E3 00 1D 00 0F 20 00 AB 0A 56 27 56 AD 00 00 00 00 00 00 61 07 73 62 24 00 55 00 00 88 00 00 98 00 9F 00 09 00 00 00 E1 0D 7B 3C
[  558.748s] FRAME (len=12): 0C 00 11 00 00 00 00 00 01 00 61 76
[  558.748s] FRAME (len=12): 0C 00 11 00 0B 00 00 00 01 00 C3 B5
[  564.757s] TEXT: '...;.'
[  564.757s] TEXT: '.....'
[  564.757s] FRAME (len=56): 38 00 11 00 01 00 00 00 01 00 46 81 9E E3 00 1D 00 0F 20 00 AB 0A 56 27 56 AD 00 00 00 00 00 00 61 07 73 62 24 00 55 00 00 88 00 00 98 00 9F 00 09 00 00 00 E1 0D 7B 3C
[  564.757s] FRAME (len=12): 0C 00 11 00 00 00 00 00 01 00 61 76
[  570.975s] TEXT: '...;.'
[  571.185s] TEXT: '...;.'
[  571.185s] TEXT: '....TX succeeded.....'
[  571.185s] FRAME (len=56): 38 00 11 00 01 00 00 00 01 00 46 81 9E E3 00 1D 00 0F 20 00 AB 0A 56 27 56 AD 00 00 00 00 00 00 61 07 73 62 24 00 55 00 00 88 00 00 98 00 9F 00 09 00 00 00 E1 0D 7B 3C
[  571.185s] FRAME (len=56): 38 00 11 00 01 00 00 00 01 00 00 12 4B 00 38 0D 16 FD 03 00 32 07 58 27 31 71 D4 FF 64 00 EE 02 00 00 00 00 00 00 0A 04 00 00 00 00 00 00 06 01 00 00 00 00 00 00 BA 2A
[  571.185s] FRAME (len=12): 0C 00 11 00 00 00 00 00 01 00 61 76
[  577.187s] TEXT: '...;.'
[  577.187s] TEXT: '.....'
[  577.187s] FRAME (len=56): 38 00 11 00 01 00 00 00 01 00 46 81 9E E3 00 1D 00 0F 20 00 AB 0A 56 27 56 AD 00 00 00 00 00 00 61 07 73 62 24 00 55 00 00 88 00 00 98 00 9F 00 09 00 00 00 E1 0D 7B 3C
[  577.187s] FRAME (len=12): 0C 00 11 00 00 00 00 00 01 00 61 76
[  583.580s] TEXT: '...;.'
[  583.580s] TEXT: '.....'
[  583.580s] TEXT: '.....'
[  583.580s] FRAME (len=56): 38 00 11 00 01 00 00 00 01 00 46 81 9E E3 00 1D 00 0F 20 00 B9 0A 56 27 56 C5 00 00 00 00 00 00 61 07 73 62 24 00 66 00 00 88 00 00 98 00 9F 00 09 00 00 00 BB 0D F9 FD
[  583.580s] FRAME (len=12): 0C 00 11 00 00 00 00 00 01 00 61 76
[  583.580s] FRAME (len=12): 0C 00 11 00 0B 00 00 00 01 00 C3 B5
[  589.798s] TEXT: '...;.'
[  589.798s] TEXT: '.....'
[  589.798s] FRAME (len=56): 38 00 11 00 01 00 00 00 01 00 46 81 9E E3 00 1D 00 0F 20 00 B9 0A 56 27 56 C5 00 00 00 00 00 00 61 07 73 62 24 00 66 00 00 88 00 00 98 00 9F 00 09 00 00 00 BB 0D F9 FD
[  589.798s] FRAME (len=12): 0C 00 11 00 00 00 00 00 01 00 61 76
[  596.031s] TEXT: '...;.'
[  596.031s] TEXT: '.....'
[  596.031s] FRAME (len=56): 38 00 11 00 01 00 00 00 01 00 46 81 9E E3 00 1D 00 0F 20 00 B9 0A 56 27 56 C5 00 00 00 00 00 00 61 07 73 62 24 00 66 00 00 88 00 00 98 00 9F 00 09 00 00 00 BB 0D F9 FD
[  596.031s] FRAME (len=12): 0C 00 11 00 00 00 00 00 01 00 61 76
[  596.865s] TEXT: '...;.'
[  596.865s] FRAME (len=56): 38 00 11 00 01 00 00 00 01 00 00 12 4B 00 38 0D 16 FD 03 00 38 07 58 27 31 6D D4 FF 64 00 EE 02 00 00 00 00 00 00 0A 04 00 00 00 00 00 00 06 01 00 00 00 00 00 00 DE 58
[  602.044s] TEXT: '....TX succeeded...;.'
[  602.044s] FRAME (len=56): 38 00 11 00 01 00 00 00 01 00 46 81 9E E3 00 1D 00 0F 20 00 B9 0A 56 27 56 C5 00 00 00 00 00 00 61 07 73 62 24 00 66 00 00 88 00 00 98 00 9F 00 09 00 00 00 BB 0D F9 FD
[  602.254s] TEXT: '.....'
[  602.254s] FRAME (len=12): 0C 00 11 00 00 00 00 00 01 00 61 76
[  608.482s] TEXT: '...;.'
[  608.482s] TEXT: '.....'
[  608.482s] TEXT: '.....'
[  608.482s] FRAME (len=56): 38 00 11 00 01 00 00 00 01 00 46 81 9E E3 00 1D 00 0F 20 00 A4 0A 56 27 56 CD 00 00 00 00 00 00 61 07 73 62 24 00 56 00 00 88 00 00 98 00 9F 00 09 00 00 00 CE 0D BA A6
[  608.482s] FRAME (len=12): 0C 00 11 00 00 00 00 00 01 00 61 76
[  608.482s] FRAME (len=12): 0C 00 11 00 0B 00 00 00 01 00 C3 B5
[  614.690s] TEXT: '...;.'
[  614.690s] TEXT: '.....'
[  614.690s] FRAME (len=56): 38 00 11 00 01 00 00 00 01 00 46 81 9E E3 00 1D 00 0F 20 00 A4 0A 56 27 56 CD 00 00 00 00 00 00 61 07 73 62 24 00 56 00 00 88 00 00 98 00 9F 00 09 00 00 00 CE 0D BA A6
[  614.690s] FRAME (len=12): 0C 00 11 00 00 00 00 00 01 00 61 76
[  620.902s] TEXT: '...;.'
[  620.902s] TEXT: '.....'
[  620.902s] FRAME (len=56): 38 00 11 00 01 00 00 00 01 00 46 81 9E E3 00 1D 00 0F 20 00 A4 0A 56 27 56 CD 00 00 00 00 00 00 61 07 73 62 24 00 56 00 00 88 00 00 98 00 9F 00 09 00 00 00 CE 0D BA A6
[  620.902s] FRAME (len=12): 0C 00 11 00 00 00 00 00 01 00 61 76
[  622.349s] TEXT: '...;.'
[  622.349s] FRAME (len=56): 38 00 11 00 01 00 00 00 01 00 00 12 4B 00 38 0D 16 FD 03 00 3D 07 58 27 31 55 D4 FF 64 00 EE 02 00 00 00 00 00 00 0A 04 00 00 00 00 00 00 06 01 00 00 00 00 00 00 4A 73
[  626.907s] TEXT: '....TX succeeded...;.'
[  626.907s] FRAME (len=56): 38 00 11 00 01 00 00 00 01 00 46 81 9E E3 00 1D 00 0F 20 00 A4 0A 56 27 56 CD 00 00 00 00 00 00 61 07 73 62 24 00 56 00 00 88 00 00 98 00 9F 00 09 00 00 00 CE 0D BA A6
[  627.114s] TEXT: '.....'
[  627.114s] FRAME (len=12): 0C 00 11 00 00 00 00 00 01 00 61 76
[  633.327s] TEXT: '...;.'
[  633.327s] TEXT: '.....'
[  633.327s] TEXT: '.....'
[  633.327s] FRAME (len=56): 38 00 11 00 01 00 00 00 01 00 46 81 9E E3 00 1D 00 0F 20 00 98 0A 56 27 56 A9 00 00 00 00 00 00 61 07 73 62 24 00 59 00 00 88 00 00 98 00 9F 00 09 00 00 00 E1 0D 12 1F
[  633.327s] FRAME (len=12): 0C 00 11 00 00 00 00 00 01 00 61 76
[  633.327s] FRAME (len=12): 0C 00 11 00 0B 00 00 00 01 00 C3 B5
[  639.559s] TEXT: '...;.'
[  639.559s] TEXT: '.....'
[  639.559s] FRAME (len=56): 38 00 11 00 01 00 00 00 01 00 46 81 9E E3 00 1D 00 0F 20 00 98 0A 56 27 56 A9 00 00 00 00 00 00 61 07 73 62 24 00 59 00 00 88 00 00 98 00 9F 00 09 00 00 00 E1 0D 12 1F
[  639.559s] FRAME (len=12): 0C 00 11 00 00 00 00 00 01 00 61 76
[  645.758s] TEXT: '...;.'
[  645.758s] TEXT: '.....'
[  645.758s] FRAME (len=56): 38 00 11 00 01 00 00 00 01 00 46 81 9E E3 00 1D 00 0F 20 00 98 0A 56 27 56 A9 00 00 00 00 00 00 61 07 73 62 24 00 59 00 00 88 00 00 98 00 9F 00 09 00 00 00 E1 0D 12 1F
[  645.758s] FRAME (len=12): 0C 00 11 00 00 00 00 00 01 00 61 76
[  648.043s] TEXT: '...;.'
[  648.043s] FRAME (len=56): 38 00 11 00 01 00 00 00 01 00 00 12 4B 00 38 0D 16 FD 03 00 43 07 58 27 31 05 D4 FF 64 00 EE 02 00 00 00 00 00 00 0A 04 00 00 00 00 00 00 06 01 00 00 00 00 00 00 C5 33
[  651.768s] TEXT: '....TX succeeded...;.'
[  651.768s] FRAME (len=56): 38 00 11 00 01 00 00 00 01 00 46 81 9E E3 00 1D 00 0F 20 00 98 0A 56 27 56 A9 00 00 00 00 00 00 61 07 73 62 24 00 59 00 00 88 00 00 98 00 9F 00 09 00 00 00 E1 0D 12 1F
[  651.969s] TEXT: '.....'
[  651.969s] FRAME (len=12): 0C 00 11 00 00 00 00 00 01 00 61 76
[  658.163s] TEXT: '...;.'
[  658.163s] TEXT: '.....'
[  658.163s] TEXT: '.....'
[  658.163s] FRAME (len=56): 38 00 11 00 01 00 00 00 01 00 46 81 9E E3 00 1D 00 0F 20 00 AF 0A 56 27 56 BB 00 00 00 00 00 00 61 07 73 62 24 00 55 00 00 88 00 00 98 00 9F 00 09 00 00 00 E1 0D 34 91
[  658.163s] FRAME (len=12): 0C 00 11 00 00 00 00 00 01 00 61 76
[  658.163s] FRAME (len=12): 0C 00 11 00 0B 00 00 00 01 00 C3 B5
[  664.374s] TEXT: '...;.'
[  664.374s] TEXT: '.....'
[  664.374s] FRAME (len=56): 38 00 11 00 01 00 00 00 01 00 46 81 9E E3 00 1D 00 0F 20 00 AF 0A 56 27 56 BB 00 00 00 00 00 00 61 07 73 62 24 00 55 00 00 88 00 00 98 00 9F 00 09 00 00 00 E1 0D 34 91
[  664.374s] FRAME (len=12): 0C 00 11 00 00 00 00 00 01 00 61 76
[  670.590s] TEXT: '...;.'
[  670.590s] TEXT: '.....'
[  670.590s] FRAME (len=56): 38 00 11 00 01 00 00 00 01 00 46 81 9E E3 00 1D 00 0F 20 00 AF 0A 56 27 56 BB 00 00 00 00 00 00 61 07 73 62 24 00 55 00 00 88 00 00 98 00 9F 00 09 00 00 00 E1 0D 34 91
[  670.590s] FRAME (len=12): 0C 00 11 00 00 00 00 00 01 00 61 76
[  673.698s] TEXT: '...;.'
[  673.698s] FRAME (len=56): 38 00 11 00 01 00 00 00 01 00 00 12 4B 00 38 0D 16 FD 03 00 48 07 58 27 31 1D D4 FF 64 00 EE 02 00 00 00 00 00 00 0A 04 00 00 00 00 00 00 06 01 00 00 00 00 00 00 7F 2E
[  676.816s] TEXT: '....TX succeeded...;.'
[  676.816s] TEXT: '.....'
[  676.816s] FRAME (len=56): 38 00 11 00 01 00 00 00 01 00 46 81 9E E3 00 1D 00 0F 20 00 AF 0A 56 27 56 BB 00 00 00 00 00 00 61 07 73 62 24 00 55 00 00 88 00 00 98 00 9F 00 09 00 00 00 E1 0D 34 91
[  676.816s] FRAME (len=12): 0C 00 11 00 00 00 00 00 01 00 61 76
[  683.036s] TEXT: '...;.'
[  683.036s] TEXT: '.....'
[  683.036s] TEXT: '.....'
[  683.036s] FRAME (len=56): 38 00 11 00 01 00 00 00 01 00 46 81 9E E3 00 1D 00 0F 20 00 AD 0A 57 27 55 85 00 00 00 00 00 00 61 07 73 62 24 00 57 00 00 88 00 00 98 00 9F 00 09 00 00 00 CE 0D F8 48
[  683.036s] FRAME (len=12): 0C 00 11 00 00 00 00 00 01 00 61 76
[  683.036s] FRAME (len=12): 0C 00 11 00 0B 00 00 00 01 00 C3 B5
[  689.267s] TEXT: '...;.'
[  689.267s] TEXT: '.....'
[  689.267s] FRAME (len=56): 38 00 11 00 01 00 00 00 01 00 46 81 9E E3 00 1D 00 0F 20 00 AD 0A 57 27 55 85 00 00 00 00 00 00 61 07 73 62 24 00 57 00 00 88 00 00 98 00 9F 00 09 00 00 00 CE 0D F8 48
[  689.267s] FRAME (len=12): 0C 00 11 00 00 00 00 00 01 00 61 76
[  695.482s] TEXT: '...;.'
[  695.482s] TEXT: '.....'
[  695.482s] FRAME (len=56): 38 00 11 00 01 00 00 00 01 00 46 81 9E E3 00 1D 00 0F 20 00 AD 0A 57 27 55 85 00 00 00 00 00 00 61 07 73 62 24 00 57 00 00 88 00 00 98 00 9F 00 09 00 00 00 CE 0D F8 48
[  695.482s] FRAME (len=12): 0C 00 11 00 00 00 00 00 01 00 61 76
[  700.448s] TEXT: '...;.'
[  700.448s] FRAME (len=56): 38 00 11 00 01 00 00 00 01 00 00 12 4B 00 38 0D 16 FD 03 00 4D 07 58 27 31 09 D4 FF 64 00 EE 02 00 00 00 00 00 00 0A 04 00 00 00 00 00 00 06 01 00 00 00 00 00 00 F8 EE
[  701.479s] TEXT: '....TX succeeded...;.'
[  701.689s] TEXT: '.....'
[  701.689s] FRAME (len=56): 38 00 11 00 01 00 00 00 01 00 46 81 9E E3 00 1D 00 0F 20 00 AD 0A 57 27 55 85 00 00 00 00 00 00 61 07 73 62 24 00 57 00 00 88 00 00 98 00 9F 00 09 00 00 00 CE 0D F8 48
[  701.689s] FRAME (len=12): 0C 00 11 00 00 00 00 00 01 00 61 76
[  707.907s] TEXT: '...;.'
[  707.907s] TEXT: '.....'
[  707.907s] TEXT: '.....'
[  707.907s] TEXT: '.....'
[  707.907s] FRAME (len=56): 38 00 11 00 01 00 00 00 01 00 46 81 9E E3 00 1D 00 0F 20 00 84 0A 56 27 56 C3 00 00 00 00 00 00 61 07 73 62 25 00 5F 00 00 88 00 00 98 00 9F 00 09 00 00 00 E1 0D C1 AA
[  707.907s] FRAME (len=16): 10 00 11 00 08 00 00 00 01 00 04 00 00 00 34 99
[  707.907s] FRAME (len=12): 0C 00 11 00 00 00 00 00 01 00 61 76
[  707.907s] FRAME (len=12): 0C 00 11 00 0B 00 00 00 01 00 C3 B5
[  714.097s] TEXT: '...;.'
[  714.097s] TEXT: '.....'
[  714.097s] FRAME (len=56): 38 00 11 00 01 00 00 00 01 00 46 81 9E E3 00 1D 00 0F 20 00 84 0A 56 27 56 C3 00 00 00 00 00 00 61 07 73 62 25 00 5F 00 00 88 00 00 98 00 9F 00 09 00 00 00 E1 0D C1 AA
[  714.097s] FRAME (len=12): 0C 00 11 00 00 00 00 00 01 00 61 76
[  720.302s] TEXT: '...;.'
[  720.302s] TEXT: '.....'
[  720.302s] FRAME (len=56): 38 00 11 00 01 00 00 00 01 00 46 81 9E E3 00 1D 00 0F 20 00 84 0A 56 27 56 C3 00 00 00 00 00 00 61 07 73 62 25 00 5F 00 00 88 00 00 98 00 9F 00 09 00 00 00 E1 0D C1 AA
[  720.302s] FRAME (len=12): 0C 00 11 00 00 00 00 00 01 00 61 76
[  726.085s] TEXT: '...;.'
[  726.085s] FRAME (len=56): 38 00 11 00 01 00 00 00 01 00 00 12 4B 00 38 0D 16 FD 03 00 53 07 58 27 31 19 D4 FF 64 00 EE 02 00 00 00 00 00 00 0A 04 00 00 00 00 00 00 06 01 00 00 00 00 00 00 1F 9B
[  726.499s] TEXT: '....TX succeeded...;.'
[  726.499s] TEXT: '.....'
[  726.499s] FRAME (len=56): 38 00 11 00 01 00 00 00 01 00 46 81 9E E3 00 1D 00 0F 20 00 84 0A 56 27 56 C3 00 00 00 00 00 00 61 07 73 62 25 00 5F 00 00 88 00 00 98 00 9F 00 09 00 00 00 E1 0D C1 AA
[  726.499s] FRAME (len=12): 0C 00 11 00 00 00 00 00 01 00 61 76
[  732.729s] TEXT: '...;.'
[  732.729s] TEXT: '.....'
[  732.729s] TEXT: '.....'
[  732.729s] TEXT: '.....'
[  732.729s] FRAME (len=56): 38 00 11 00 01 00 00 00 01 00 46 81 9E E3 00 1D 00 0F 20 00 AB 0A 56 27 56 B3 00 00 00 00 00 00 61 07 73 62 24 00 54 00 00 88 00 00 98 00 9F 00 09 00 00 00 CE 0D C9 88
[  732.729s] FRAME (len=16): 10 00 11 00 08 00 00 00 01 00 04 00 00 00 34 99
[  732.729s] FRAME (len=12): 0C 00 11 00 00 00 00 00 01 00 61 76
[  732.729s] FRAME (len=12): 0C 00 11 00 0B 00 00 00 01 00 C3 B5
[  738.940s] TEXT: '...;.'
[  738.940s] TEXT: '.....'
[  738.940s] FRAME (len=56): 38 00 11 00 01 00 00 00 01 00 46 81 9E E3 00 1D 00 0F 20 00 AB 0A 56 27 56 B3 00 00 00 00 00 00 61 07 73 62 24 00 54 00 00 88 00 00 98 00 9F 00 09 00 00 00 CE 0D C9 88
[  738.940s] FRAME (len=12): 0C 00 11 00 00 00 00 00 01 00 61 76
[  745.128s] TEXT: '...;.'
[  745.128s] TEXT: '.....'
[  745.128s] FRAME (len=56): 38 00 11 00 01 00 00 00 01 00 46 81 9E E3 00 1D 00 0F 20 00 AB 0A 56 27 56 B3 00 00 00 00 00 00 61 07 73 62 24 00 54 00 00 88 00 00 98 00 9F 00 09 00 00 00 CE 0D C9 88
[  745.128s] FRAME (len=12): 0C 00 11 00 00 00 00 00 01 00 61 76
[  751.314s] TEXT: '...;.'
[  751.314s] TEXT: '.....'
[  751.314s] FRAME (len=56): 38 00 11 00 01 00 00 00 01 00 46 81 9E E3 00 1D 00 0F 20 00 AB 0A 56 27 56 B3 00 00 00 00 00 00 61 07 73 62 24 00 54 00 00 88 00 00 98 00 9F 00 09 00 00 00 CE 0D C9 88
[  751.314s] FRAME (len=12): 0C 00 11 00 00 00 00 00 01 00 61 76
[  751.731s] TEXT: '...;.'
[  751.731s] FRAME (len=56): 38 00 11 00 01 00 00 00 01 00 00 12 4B 00 38 0D 16 FD 03 00 57 07 58 27 31 1D D4 FF 64 00 EE 02 00 00 00 00 00 00 0A 04 00 00 00 00 00 00 06 01 00 00 00 00 00 00 32 38
[  757.748s] TEXT: '....TX succeeded...;.'
[  757.748s] TEXT: '.....'
[  757.748s] TEXT: '.....'
[  757.748s] FRAME (len=56): 38 00 11 00 01 00 00 00 01 00 46 81 9E E3 00 1D 00 0F 20 00 C1 0A 56 27 56 CF 00 00 00 00 00 00 61 07 73 62 24 00 5A 00 00 88 00 00 98 00 9F 00 09 00 00 00 E1 0D 1C E7
[  757.748s] FRAME (len=12): 0C 00 11 00 00 00 00 00 01 00 61 76
[  757.748s] FRAME (len=12): 0C 00 11 00 0B 00 00 00 01 00 C3 B5
[  763.770s] TEXT: '...;.'
[  763.770s] TEXT: '.....'
[  763.770s] FRAME (len=56): 38 00 11 00 01 00 00 00 01 00 46 81 9E E3 00 1D 00 0F 20 00 C1 0A 56 27 56 CF 00 00 00 00 00 00 61 07 73 62 24 00 5A 00 00 88 00 00 98 00 9F 00 09 00 00 00 E1 0D 1C E7
[  763.770s] FRAME (len=12): 0C 00 11 00 00 00 00 00 01 00 61 76
[  769.946s] TEXT: '...;.'
[  769.946s] TEXT: '.....'
[  769.946s] FRAME (len=56): 38 00 11 00 01 00 00 00 01 00 46 81 9E E3 00 1D 00 0F 20 00 C1 0A 56 27 56 CF 00 00 00 00 00 00 61 07 73 62 24 00 5A 00 00 88 00 00 98 00 9F 00 09 00 00 00 E1 0D 1C E7
[  769.946s] FRAME (len=12): 0C 00 11 00 00 00 00 00 01 00 61 76
[  776.156s] TEXT: '...;.'
[  776.156s] TEXT: '.....'
[  776.156s] FRAME (len=56): 38 00 11 00 01 00 00 00 01 00 46 81 9E E3 00 1D 00 0F 20 00 C1 0A 56 27 56 CF 00 00 00 00 00 00 61 07 73 62 24 00 5A 00 00 88 00 00 98 00 9F 00 09 00 00 00 E1 0D 1C E7
[  776.156s] FRAME (len=12): 0C 00 11 00 00 00 00 00 01 00 61 76
[  777.405s] TEXT: '...;.'
[  777.405s] FRAME (len=25): 38 00 11 00 01 00 00 00 01 00 00 12 4B 00 38 0D 16 FD 03 00 5B 07 58 27 31
[  782.575s] TEXT: '..d.........\n...............(.}....TX succeeded...;.'
[  782.575s] TEXT: '.....'
[  782.575s] TEXT: '.....'
[  782.575s] TEXT: '.....'
[  782.575s] FRAME (len=56): 38 00 11 00 01 00 00 00 01 00 46 81 9E E3 00 1D 00 0F 20 00 CF 0A 57 27 56 91 00 00 00 00 00 00 61 07 73 62 24 00 57 00 00 88 00 00 98 00 9F 00 09 00 00 00 08 0E 60 00
[  782.575s] FRAME (len=16): 10 00 11 00 08 00 00 00 01 00 04 00 00 00 34 99
[  782.575s] FRAME (len=12): 0C 00 11 00 00 00 00 00 01 00 61 76
[  782.575s] FRAME (len=12): 0C 00 11 00 0B 00 00 00 01 00 C3 B5
[  788.585s] TEXT: '...;.'
[  788.585s] TEXT: '.....'
[  788.585s] FRAME (len=56): 38 00 11 00 01 00 00 00 01 00 46 81 9E E3 00 1D 00 0F 20 00 CF 0A 57 27 56 91 00 00 00 00 00 00 61 07 73 62 24 00 57 00 00 88 00 00 98 00 9F 00 09 00 00 00 08 0E 60 00
[  788.585s] FRAME (len=12): 0C 00 11 00 00 00 00 00 01 00 61 76
[  794.797s] TEXT: '...;.'
[  794.797s] TEXT: '.....'
[  794.797s] FRAME (len=56): 38 00 11 00 01 00 00 00 01 00 46 81 9E E3 00 1D 00 0F 20 00 CF 0A 57 27 56 91 00 00 00 00 00 00 61 07 73 62 24 00 57 00 00 88 00 00 98 00 9F 00 09 00 00 00 08 0E 60 00
[  794.797s] FRAME (len=12): 0C 00 11 00 00 00 00 00 01 00 61 76
[  801.022s] TEXT: '...;.'
[  801.022s] TEXT: '.....'
[  801.022s] FRAME (len=56): 38 00 11 00 01 00 00 00 01 00 46 81 9E E3 00 1D 00 0F 20 00 CF 0A 57 27 56 91 00 00 00 00 00 00 61 07 73 62 24 00 57 00 00 88 00 00 98 00 9F 00 09 00 00 00 08 0E 60 00
[  801.022s] FRAME (len=12): 0C 00 11 00 00 00 00 00 01 00 61 76
[  803.087s] TEXT: '...;.'
[  803.087s] FRAME (len=56): 38 00 11 00 01 00 00 00 01 00 00 12 4B 00 38 0D 16 FD 03 00 61 07 59 27 31 15 D4 FF 64 00 EE 02 00 00 00 00 00 00 0A 04 00 00 00 00 00 00 06 01 00 00 00 00 00 00 95 1B
[  807.433s] TEXT: '....TX succeeded...;.'
[  807.433s] TEXT: '.....'
[  807.433s] TEXT: '.....'
[  807.433s] TEXT: '.....'
[  807.433s] FRAME (len=56): 38 00 11 00 01 00 00 00 01 00 46 81 9E E3 00 1D 00 0F 20 00 C3 0A 56 27 56 CF 00 00 00 00 00 00 61 07 73 62 24 00 55 00 00 88 00 00 98 00 9F 00 09 00 00 00 E1 0D 6D B6
[  807.433s] FRAME (len=16): 10 00 11 00 08 00 00 00 01 00 04 00 00 00 34 99
[  807.433s] FRAME (len=12): 0C 00 11 00 00 00 00 00 01 00 61 76
[  807.433s] FRAME (len=12): 0C 00 11 00 0B 00 00 00 01 00 C3 B5
[  813.472s] TEXT: '...;.'
[  813.472s] TEXT: '.....'
[  813.472s] FRAME (len=56): 38 00 11 00 01 00 00 00 01 00 46 81 9E E3 00 1D 00 0F 20 00 C3 0A 56 27 56 CF 00 00 00 00 00 00 61 07 73 62 24 00 55 00 00 88 00 00 98 00 9F 00 09 00 00 00 E1 0D 6D B6
[  813.472s] FRAME (len=12): 0C 00 11 00 00 00 00 00 01 00 61 76
[  819.681s] TEXT: '...;.'
[  819.681s] TEXT: '.....'
[  819.681s] FRAME (len=56): 38 00 11 00 01 00 00 00 01 00 46 81 9E E3 00 1D 00 0F 20 00 C3 0A 56 27 56 CF 00 00 00 00 00 00 61 07 73 62 24 00 55 00 00 88 00 00 98 00 9F 00 09 00 00 00 E1 0D 6D B6
[  819.681s] FRAME (len=12): 0C 00 11 00 00 00 00 00 01 00 61 76
[  825.884s] TEXT: '...;.'
[  825.884s] TEXT: '.....'
[  825.884s] FRAME (len=56): 38 00 11 00 01 00 00 00 01 00 46 81 9E E3 00 1D 00 0F 20 00 C3 0A 56 27 56 CF 00 00 00 00 00 00 61 07 73 62 24 00 55 00 00 88 00 00 98 00 9F 00 09 00 00 00 E1 0D 6D B6
[  825.884s] FRAME (len=12): 0C 00 11 00 00 00 00 00 01 00 61 76
[  828.795s] TEXT: '...;.'
[  828.795s] FRAME (len=56): 38 00 11 00 01 00 00 00 01 00 00 12 4B 00 38 0D 16 FD 03 00 65 07 58 27 31 0D D4 FF 64 00 EE 02 00 00 00 00 00 00 0A 04 00 00 00 00 00 00 06 01 00 00 00 00 00 00 5D 1A
[  832.330s] TEXT: '....TX failed: 0xc....TX failed: 0xc...;.'
[  832.330s] TEXT: '.....'
[  832.330s] TEXT: '.....'
[  832.330s] FRAME (len=56): 38 00 11 00 01 00 00 00 01 00 46 81 9E E3 00 1D 00 0F 20 00 B8 0A 56 27 55 C9 00 00 00 00 00 00 61 07 73 62 24 00 54 00 00 88 00 00 98 00 9F 00 09 00 00 00 E1 0D D2 BA
[  832.330s] FRAME (len=12): 0C 00 11 00 00 00 00 00 01 00 61 76
[  832.330s] FRAME (len=12): 0C 00 11 00 0B 00 00 00 01 00 C3 B5
[  838.318s] TEXT: '...;.'
[  838.318s] TEXT: '.....'
[  838.318s] FRAME (len=56): 38 00 11 00 01 00 00 00 01 00 46 81 9E E3 00 1D 00 0F 20 00 B8 0A 56 27 55 C9 00 00 00 00 00 00 61 07 73 62 24 00 54 00 00 88 00 00 98 00 9F 00 09 00 00 00 E1 0D D2 BA
[  838.318s] FRAME (len=12): 0C 00 11 00 00 00 00 00 01 00 61 76
[  844.740s] TEXT: '...;.'
[  844.740s] TEXT: '.....'
[  844.740s] FRAME (len=56): 38 00 11 00 01 00 00 00 01 00 46 81 9E E3 00 1D 00 0F 20 00 B8 0A 56 27 55 C9 00 00 00 00 00 00 61 07 73 62 24 00 54 00 00 88 00 00 98 00 9F 00 09 00 00 00 E1 0D D2 BA
[  844.740s] FRAME (len=12): 0C 00 11 00 00 00 00 00 01 00 61 76
[  850.767s] TEXT: '...;.'
[  850.767s] TEXT: '.....'
[  850.767s] FRAME (len=56): 38 00 11 00 01 00 00 00 01 00 46 81 9E E3 00 1D 00 0F 20 00 B8 0A 56 27 55 C9 00 00 00 00 00 00 61 07 73 62 24 00 54 00 00 88 00 00 98 00 9F 00 09 00 00 00 E1 0D D2 BA
[  850.767s] FRAME (len=12): 0C 00 11 00 00 00 00 00 01 00 61 76
[  855.535s] TEXT: '...;.'
[  855.535s] FRAME (len=56): 38 00 11 00 01 00 00 00 01 00 00 12 4B 00 38 0D 16 FD 03 00 6A 07 58 27 31 09 D4 FF 64 00 EE 02 00 00 00 00 00 00 0A 04 00 00 00 00 00 00 06 01 00 00 00 00 00 00 92 AC
[  857.189s] TEXT: '....TX succeeded...;.'
[  857.189s] TEXT: '.....'
[  857.189s] TEXT: '.....'
[  857.189s] FRAME (len=56): 38 00 11 00 01 00 00 00 01 00 46 81 9E E3 00 1D 00 0F 20 00 A7 0A 57 27 56 91 00 00 00 00 00 00 61 07 73 62 24 00 50 00 00 88 00 00 98 00 9F 00 09 00 00 00 F5 0D 9A 67
[  857.189s] FRAME (len=12): 0C 00 11 00 00 00 00 00 01 00 61 76
[  857.189s] FRAME (len=12): 0C 00 11 00 0B 00 00 00 01 00 C3 B5
[  863.181s] TEXT: '...;.'
[  863.181s] TEXT: '.....'
[  863.181s] FRAME (len=56): 38 00 11 00 01 00 00 00 01 00 46 81 9E E3 00 1D 00 0F 20 00 A7 0A 57 27 56 91 00 00 00 00 00 00 61 07 73 62 24 00 50 00 00 88 00 00 98 00 9F 00 09 00 00 00 F5 0D 9A 67
[  863.181s] FRAME (len=12): 0C 00 11 00 00 00 00 00 01 00 61 76
[  869.599s] TEXT: '...;.'
[  869.599s] TEXT: '.....'
[  869.599s] FRAME (len=56): 38 00 11 00 01 00 00 00 01 00 46 81 9E E3 00 1D 00 0F 20 00 A7 0A 57 27 56 91 00 00 00 00 00 00 61 07 73 62 24 00 50 00 00 88 00 00 98 00 9F 00 09 00 00 00 F5 0D 9A 67
[  869.599s] FRAME (len=12): 0C 00 11 00 00 00 00 00 01 00 61 76
[  875.617s] TEXT: '...;.'
[  875.824s] TEXT: '.....'
[  875.824s] FRAME (len=56): 38 00 11 00 01 00 00 00 01 00 46 81 9E E3 00 1D 00 0F 20 00 A7 0A 57 27 56 91 00 00 00 00 00 00 61 07 73 62 24 00 50 00 00 88 00 00 98 00 9F 00 09 00 00 00 F5 0D 9A 67
[  875.824s] FRAME (len=12): 0C 00 11 00 00 00 00 00 01 00 61 76
[  881.217s] TEXT: '...;.'
[  881.217s] FRAME (len=56): 38 00 11 00 01 00 00 00 01 00 00 12 4B 00 38 0D 16 FD 03 00 6E 07 58 27 31 01 D4 FF 64 00 EE 02 00 00 00 00 00 00 0A 04 00 00 00 00 00 00 06 01 00 00 00 00 00 00 93 0B
[  882.041s] TEXT: '....TX succeeded...;.'
[  882.041s] TEXT: '.....'
[  882.041s] TEXT: '.....'
[  882.041s] FRAME (len=56): 38 00 11 00 01 00 00 00 01 00 46 81 9E E3 00 1D 00 0F 20 00 B3 0A 57 27 56 81 00 00 00 00 00 00 61 07 73 62 25 00 54 00 00 88 00 00 98 00 9F 00 09 00 00 00 1B 0E 87 E8
[  882.041s] FRAME (len=12): 0C 00 11 00 00 00 00 00 01 00 61 76
[  882.041s] FRAME (len=12): 0C 00 11 00 0B 00 00 00 01 00 C3 B5
[  888.058s] TEXT: '...;.'
[  888.058s] TEXT: '.....'
[  888.058s] FRAME (len=56): 38 00 11 00 01 00 00 00 01 00 46 81 9E E3 00 1D 00 0F 20 00 B3 0A 57 27 56 81 00 00 00 00 00 00 61 07 73 62 25 00 54 00 00 88 00 00 98 00 9F 00 09 00 00 00 1B 0E 87 E8
[  888.058s] FRAME (len=12): 0C 00 11 00 00 00 00 00 01 00 61 76
[  894.471s] TEXT: '...;.'
[  894.471s] TEXT: '.....'
[  894.471s] FRAME (len=56): 38 00 11 00 01 00 00 00 01 00 46 81 9E E3 00 1D 00 0F 20 00 B3 0A 57 27 56 81 00 00 00 00 00 00 61 07 73 62 25 00 54 00 00 88 00 00 98 00 9F 00 09 00 00 00 1B 0E 87 E8
[  894.471s] FRAME (len=12): 0C 00 11 00 00 00 00 00 01 00 61 76
[  900.656s] TEXT: '...;.'
[  900.656s] TEXT: '.....'
[  900.656s] FRAME (len=56): 38 00 11 00 01 00 00 00 01 00 46 81 9E E3 00 1D 00 0F 20 00 B3 0A 57 27 56 81 00 00 00 00 00 00 61 07 73 62 25 00 54 00 00 88 00 00 98 00 9F 00 09 00 00 00 1B 0E 87 E8
[  900.656s] FRAME (len=12): 0C 00 11 00 00 00 00 00 01 00 61 76
[  906.874s] TEXT: '...;.'
[  906.874s] TEXT: '.....'
[  906.874s] FRAME (len=56): 38 00 11 00 01 00 00 00 01 00 46 81 9E E3 00 1D 00 0F 20 00 D0 0A 56 27 55 CF 00 00 00 00 00 00 61 07 73 62 24 00 4C 00 00 88 00 00 98 00 9F 00 09 00 00 00 08 0E 99 4A
[  906.874s] FRAME (len=16): 10 00 11 00 08 00 00 00 01 00 04 00 00 00 34 99
[  907.084s] TEXT: '...;.'
[  907.084s] FRAME (len=56): 38 00 11 00 01 00 00 00 01 00 00 12 4B 00 38 0D 16 FD 03 00 73 07 58 27 31 05 D4 FF 64 00 EE 02 00 00 00 00 00 00 0A 04 00 00 00 00 00 00 06 01 00 00 00 00 00 00 4E C6
[  907.294s] TEXT: '....TX failed: 0xc....TX failed: 0xc.....'
[  907.294s] TEXT: '.....'
[  907.294s] FRAME (len=12): 0C 00 11 00 00 00 00 00 01 00 61 76
[  907.294s] FRAME (len=12): 0C 00 11 00 0B 00 00 00 01 00 C3 B5
[  913.097s] TEXT: '...;.'
[  913.097s] TEXT: '.....'
[  913.097s] FRAME (len=56): 38 00 11 00 01 00 00 00 01 00 46 81 9E E3 00 1D 00 0F 20 00 D0 0A 56 27 55 CF 00 00 00 00 00 00 61 07 73 62 24 00 4C 00 00 88 00 00 98 00 9F 00 09 00 00 00 08 0E 99 4A
[  913.097s] FRAME (len=12): 0C 00 11 00 00 00 00 00 01 00 61 76
[  919.302s] TEXT: '...;.'
[  919.302s] TEXT: '.....'
[  919.302s] FRAME (len=56): 38 00 11 00 01 00 00 00 01 00 46 81 9E E3 00 1D 00 0F 20 00 D0 0A 56 27 55 CF 00 00 00 00 00 00 61 07 73 62 24 00 4C 00 00 88 00 00 98 00 9F 00 09 00 00 00 08 0E 99 4A
[  919.302s] FRAME (len=12): 0C 00 11 00 00 00 00 00 01 00 61 76
[  925.518s] TEXT: '...;.'
[  925.518s] TEXT: '.....'
[  925.518s] FRAME (len=56): 38 00 11 00 01 00 00 00 01 00 46 81 9E E3 00 1D 00 0F 20 00 D0 0A 56 27 55 CF 00 00 00 00 00 00 61 07 73 62 24 00 4C 00 00 88 00 00 98 00 9F 00 09 00 00 00 08 0E 99 4A
[  925.518s] FRAME (len=12): 0C 00 11 00 00 00 00 00 01 00 61 76
[  931.731s] TEXT: '...;.'
[  931.731s] TEXT: '.....'
[  931.731s] TEXT: '.....'
[  931.731s] FRAME (len=56): 38 00 11 00 01 00 00 00 01 00 46 81 9E E3 00 1D 00 0F 20 00 CA 0A 56 27 56 C5 00 00 00 00 00 00 61 07 73 62 24 00 4C 00 00 88 00 00 98 00 9F 00 09 00 00 00 08 0E 3C 8D
[  931.731s] FRAME (len=12): 0C 00 11 00 00 00 00 00 01 00 61 76
[  931.731s] FRAME (len=12): 0C 00 11 00 0B 00 00 00 01 00 C3 B5
[  932.561s] TEXT: '...;.'
[  932.561s] FRAME (len=56): 38 00 11 00 01 00 00 00 01 00 00 12 4B 00 38 0D 16 FD 03 00 77 07 58 27 31 01 D4 FF 64 00 EE 02 00 00 00 00 00 00 0A 04 00 00 00 00 00 00 06 01 00 00 00 00 00 00 63 65
[  937.739s] TEXT: '....TX succeeded...;.'
[  937.943s] TEXT: '.....'
[  937.943s] FRAME (len=56): 38 00 11 00 01 00 00 00 01 00 46 81 9E E3 00 1D 00 0F 20 00 CA 0A 56 27 56 C5 00 00 00 00 00 00 61 07 73 62 24 00 4C 00 00 88 00 00 98 00 9F 00 09 00 00 00 08 0E 3C 8D
[  937.943s] FRAME (len=12): 0C 00 11 00 00 00 00 00 01 00 61 76
[  944.148s] TEXT: '...;.'
[  944.148s] TEXT: '.....'
[  944.148s] FRAME (len=56): 38 00 11 00 01 00 00 00 01 00 46 81 9E E3 00 1D 00 0F 20 00 CA 0A 56 27 56 C5 00 00 00 00 00 00 61 07 73 62 24 00 4C 00 00 88 00 00 98 00 9F 00 09 00 00 00 08 0E 3C 8D
[  944.148s] FRAME (len=12): 0C 00 11 00 00 00 00 00 01 00 61 76
[  950.373s] TEXT: '...;.'
[  950.373s] TEXT: '.....'
[  950.373s] FRAME (len=56): 38 00 11 00 01 00 00 00 01 00 46 81 9E E3 00 1D 00 0F 20 00 CA 0A 56 27 56 C5 00 00 00 00 00 00 61 07 73 62 24 00 4C 00 00 88 00 00 98 00 9F 00 09 00 00 00 08 0E 3C 8D
[  950.373s] FRAME (len=12): 0C 00 11 00 00 00 00 00 01 00 61 76
[  956.577s] TEXT: '...;.'
[  956.781s] TEXT: '.....'
[  956.781s] TEXT: '.....'
[  956.781s] TEXT: '.....'
[  956.781s] FRAME (len=56): 38 00 11 00 01 00 00 00 01 00 46 81 9E E3 00 1D 00 0F 20 00 BC 0A 57 27 56 85 00 00 00 00 00 00 61 07 73 62 25 00 51 00 00 88 00 00 98 00 9F 00 09 00 00 00 08 0E 9E 20
[  956.781s] FRAME (len=16): 10 00 11 00 08 00 00 00 01 00 04 00 00 00 34 99
[  956.781s] FRAME (len=12): 0C 00 11 00 00 00 00 00 01 00 61 76
[  956.781s] FRAME (len=12): 0C 00 11 00 0B 00 00 00 01 00 C3 B5
[  958.231s] TEXT: '...;.'
[  958.231s] FRAME (len=56): 38 00 11 00 01 00 00 00 01 00 00 12 4B 00 38 0D 16 FD 03 00 7B 07 58 27 31 79 D4 FF 64 00 EE 02 00 00 00 00 00 00 0A 04 00 00 00 00 00 00 06 01 00 00 00 00 00 00 21 BD
[  962.798s] TEXT: '....TX succeeded...;.'
[  962.798s] TEXT: '.....'
[  962.798s] FRAME (len=56): 38 00 11 00 01 00 00 00 01 00 46 81 9E E3 00 1D 00 0F 20 00 BC 0A 57 27 56 85 00 00 00 00 00 00 61 07 73 62 25 00 51 00 00 88 00 00 98 00 9F 00 09 00 00 00 08 0E 9E 20
[  962.798s] FRAME (len=12): 0C 00 11 00 00 00 00 00 01 00 61 76
[  969.009s] TEXT: '...;.'
[  969.009s] TEXT: '.....'
[  969.009s] FRAME (len=56): 38 00 11 00 01 00 00 00 01 00 46 81 9E E3 00 1D 00 0F 20 00 BC 0A 57 27 56 85 00 00 00 00 00 00 61 07 73 62 25 00 51 00 00 88 00 00 98 00 9F 00 09 00 00 00 08 0E 9E 20
[  969.009s] FRAME (len=12): 0C 00 11 00 00 00 00 00 01 00 61 76
[  975.227s] TEXT: '...;.'
[  975.227s] TEXT: '.....'
[  975.227s] FRAME (len=56): 38 00 11 00 01 00 00 00 01 00 46 81 9E E3 00 1D 00 0F 20 00 BC 0A 57 27 56 85 00 00 00 00 00 00 61 07 73 62 25 00 51 00 00 88 00 00 98 00 9F 00 09 00 00 00 08 0E 9E 20
[  975.227s] FRAME (len=12): 0C 00 11 00 00 00 00 00 01 00 61 76
[  981.639s] TEXT: '...;.'
[  981.639s] TEXT: '.....'
[  981.639s] TEXT: '.....'
[  981.639s] TEXT: '.....'
[  981.639s] FRAME (len=56): 38 00 11 00 01 00 00 00 01 00 46 81 9E E3 00 1D 00 0F 20 00 E5 0A 57 27 55 A1 00 00 00 00 00 00 61 07 73 62 24 00 4D 00 00 88 00 00 98 00 9F 00 09 00 00 00 08 0E 22 56
[  981.639s] FRAME (len=16): 10 00 11 00 08 00 00 00 01 00 04 00 00 00 34 99
[  981.639s] FRAME (len=12): 0C 00 11 00 00 00 00 00 01 00 61 76
[  981.639s] FRAME (len=12): 0C 00 11 00 0B 00 00 00 01 00 C3 B5
[  983.906s] TEXT: '...;.'
[  983.906s] FRAME (len=56): 38 00 11 00 01 00 00 00 01 00 00 12 4B 00 38 0D 16 FD 03 00 7F 07 58 27 31 15 D4 FF 64 00 EE 02 00 00 00 00 00 00 0A 04 00 00 00 00 00 00 06 01 00 00 00 00 00 00 BB C8
[  987.649s] TEXT: '....TX failed: 0xc....TX failed: 0xc...;.'
[  987.649s] TEXT: '.....'
[  987.649s] FRAME (len=56): 38 00 11 00 01 00 00 00 01 00 46 81 9E E3 00 1D 00 0F 20 00 E5 0A 57 27 55 A1 00 00 00 00 00 00 61 07 73 62 24 00 4D 00 00 88 00 00 98 00 9F 00 09 00 00 00 08 0E 22 56
[  987.649s] FRAME (len=12): 0C 00 11 00 00 00 00 00 01 00 61 76
[  993.856s] TEXT: '...;.'
[  993.856s] TEXT: '.....'
[  993.856s] FRAME (len=56): 38 00 11 00 01 00 00 00 01 00 46 81 9E E3 00 1D 00 0F 20 00 E5 0A 57 27 55 A1 00 00 00 00 00 00 61 07 73 62 24 00 4D 00 00 88 00 00 98 00 9F 00 09 00 00 00 08 0E 22 56
[  993.856s] FRAME (len=12): 0C 00 11 00 00 00 00 00 01 00 61 76
[ 1000.062s] TEXT: '...;.'
[ 1000.062s] TEXT: '.....'
[ 1000.062s] FRAME (len=56): 38 00 11 00 01 00 00 00 01 00 46 81 9E E3 00 1D 00 0F 20 00 E5 0A 57 27 55 A1 00 00 00 00 00 00 61 07 73 62 24 00 4D 00 00 88 00 00 98 00 9F 00 09 00 00 00 08 0E 22 56
[ 1000.062s] FRAME (len=12): 0C 00 11 00 00 00 00 00 01 00 61 76
[ 1006.488s] TEXT: '...;.'
[ 1006.488s] TEXT: '.....'
[ 1006.488s] TEXT: '.....'
[ 1006.488s] FRAME (len=56): 38 00 11 00 01 00 00 00 01 00 46 81 9E E3 00 1D 00 0F 20 00 DD 0A 57 27 56 95 00 00 00 00 00 00 61 07 73 62 24 00 52 00 00 88 00 00 98 00 9F 00 09 00 00 00 E1 0D 36 3A
[ 1006.488s] FRAME (len=12): 0C 00 11 00 00 00 00 00 01 00 61 76
[ 1006.488s] FRAME (len=12): 0C 00 11 00 0B 00 00 00 01 00 C3 B5
[ 1010.650s] TEXT: '...;.'
[ 1010.650s] FRAME (len=56): 38 00 11 00 01 00 00 00 01 00 00 12 4B 00 38 0D 16 FD 03 00 83 07 58 27 31 0D D4 FF 64 00 EE 02 00 00 00 00 00 00 0A 04 00 00 00 00 00 00 06 01 00 00 00 00 00 00 5D 22
[ 1012.523s] TEXT: '....TX succeeded...;.'
[ 1012.523s] TEXT: '.....'
[ 1012.523s] FRAME (len=56): 38 00 11 00 01 00 00 00 01 00 46 81 9E E3 00 1D 00 0F 20 00 DD 0A 57 27 56 95 00 00 00 00 00 00 61 07 73 62 24 00 52 00 00 88 00 00 98 00 9F 00 09 00 00 00 E1 0D 36 3A
[ 1012.523s] FRAME (len=12): 0C 00 11 00 00 00 00 00 01 00 61 76
[ 1018.739s] TEXT: '...;.'
[ 1018.739s] TEXT: '.....'
[ 1018.739s] FRAME (len=56): 38 00 11 00 01 00 00 00 01 00 46 81 9E E3 00 1D 00 0F 20 00 DD 0A 57 27 56 95 00 00 00 00 00 00 61 07 73 62 24 00 52 00 00 88 00 00 98 00 9F 00 09 00 00 00 E1 0D 36 3A
[ 1018.739s] FRAME (len=12): 0C 00 11 00 00 00 00 00 01 00 61 76
[ 1024.949s] TEXT: '...;.'
[ 1024.949s] TEXT: '.....'
[ 1024.949s] FRAME (len=56): 38 00 11 00 01 00 00 00 01 00 46 81 9E E3 00 1D 00 0F 20 00 DD 0A 57 27 56 95 00 00 00 00 00 00 61 07 73 62 24 00 52 00 00 88 00 00 98 00 9F 00 09 00 00 00 E1 0D 36 3A
[ 1024.949s] FRAME (len=12): 0C 00 11 00 00 00 00 00 01 00 61 76
[ 1031.381s] TEXT: '...;.'
[ 1031.381s] TEXT: '.....'
[ 1031.381s] TEXT: '.....'
[ 1031.381s] FRAME (len=56): 38 00 11 00 01 00 00 00 01 00 46 81 9E E3 00 1D 00 0F 20 00 D7 0A 57 27 56 85 00 00 00 00 00 00 61 07 73 62 24 00 57 00 00 88 00 00 98 00 9F 00 09 00 00 00 F5 0D 3F AB
[ 1031.381s] FRAME (len=12): 0C 00 11 00 00 00 00 00 01 00 61 76
[ 1031.381s] FRAME (len=12): 0C 00 11 00 0B 00 00 00 01 00 C3 B5
[ 1036.351s] TEXT: '...;.'
[ 1036.351s] FRAME (len=25): 38 00 11 00 01 00 00 00 01 00 00 12 4B 00 38 0D 16 FD 03 00 87 07 58 27 31
[ 1037.389s] TEXT: '..d.........\n...............d.}....TX succeeded...;.'
[ 1037.389s] TEXT: '.....'
[ 1037.389s] FRAME (len=56): 38 00 11 00 01 00 00 00 01 00 46 81 9E E3 00 1D 00 0F 20 00 D7 0A 57 27 56 85 00 00 00 00 00 00 61 07 73 62 24 00 57 00 00 88 00 00 98 00 9F 00 09 00 00 00 F5 0D 3F AB
[ 1037.389s] FRAME (len=12): 0C 00 11 00 00 00 00 00 01 00 61 76
[ 1043.601s] TEXT: '...;.'
[ 1043.601s] TEXT: '.....'
[ 1043.601s] FRAME (len=56): 38 00 11 00 01 00 00 00 01 00 46 81 9E E3 00 1D 00 0F 20 00 D7 0A 57 27 56 85 00 00 00 00 00 00 61 07 73 62 24 00 57 00 00 88 00 00 98 00 9F 00 09 00 00 00 F5 0D 3F AB
[ 1043.601s] FRAME (len=12): 0C 00 11 00 00 00 00 00 01 00 61 76
[ 1049.836s] TEXT: '...;.'
[ 1049.836s] TEXT: '.....'
[ 1049.836s] FRAME (len=56): 38 00 11 00 01 00 00 00 01 00 46 81 9E E3 00 1D 00 0F 20 00 D7 0A 57 27 56 85 00 00 00 00 00 00 61 07 73 62 24 00 57 00 00 88 00 00 98 00 9F 00 09 00 00 00 F5 0D 3F AB
[ 1049.836s] FRAME (len=12): 0C 00 11 00 00 00 00 00 01 00 61 76
[ 1056.052s] TEXT: '...;.'
[ 1056.254s] TEXT: '.....'
[ 1056.254s] TEXT: '.....'
[ 1056.254s] TEXT: '.....'
[ 1056.254s] FRAME (len=56): 38 00 11 00 01 00 00 00 01 00 46 81 9E E3 00 1D 00 0F 20 00 C6 0A 57 27 56 8D 00 00 00 00 00 00 61 07 73 62 25 00 4F 00 00 88 00 00 98 00 9F 00 09 00 00 00 08 0E F4 04
[ 1056.254s] FRAME (len=16): 10 00 11 00 08 00 00 00 01 00 04 00 00 00 34 99
[ 1056.254s] FRAME (len=12): 0C 00 11 00 00 00 00 00 01 00 61 76
[ 1056.254s] FRAME (len=12): 0C 00 11 00 0B 00 00 00 01 00 C3 B5
[ 1062.031s] TEXT: '...;.'
[ 1062.031s] FRAME (len=56): 38 00 11 00 01 00 00 00 01 00 00 12 4B 00 38 0D 16 FD 03 00 8B 07 58 27 31 1D D4 FF 64 00 EE 02 00 00 00 00 00 00 0A 04 00 00 00 00 00 00 06 01 00 00 00 00 00 00 7E 7C
[ 1062.239s] TEXT: '....TX succeeded...;.'
[ 1062.239s] TEXT: '.....'
[ 1062.239s] FRAME (len=56): 38 00 11 00 01 00 00 00 01 00 46 81 9E E3 00 1D 00 0F 20 00 C6 0A 57 27 56 8D 00 00 00 00 00 00 61 07 73 62 25 00 4F 00 00 88 00 00 98 00 9F 00 09 00 00 00 08 0E F4 04
[ 1062.239s] FRAME (len=12): 0C 00 11 00 00 00 00 00 01 00 61 76
[ 1068.447s] TEXT: '...;.'
[ 1068.447s] TEXT: '.....'
[ 1068.447s] FRAME (len=56): 38 00 11 00 01 00 00 00 01 00 46 81 9E E3 00 1D 00 0F 20 00 C6 0A 57 27 56 8D 00 00 00 00 00 00 61 07 73 62 25 00 4F 00 00 88 00 00 98 00 9F 00 09 00 00 00 08 0E F4 04
[ 1068.447s] FRAME (len=12): 0C 00 11 00 00 00 00 00 01 00 61 76
[ 1074.652s] TEXT: '...;.'
[ 1074.652s] TEXT: '.....'
[ 1074.652s] FRAME (len=56): 38 00 11 00 01 00 00 00 01 00 46 81 9E E3 00 1D 00 0F 20 00 C6 0A 57 27 56 8D 00 00 00 00 00 00 61 07 73 62 25 00 4F 00 00 88 00 00 98 00 9F 00 09 00 00 00 08 0E F4 04
[ 1074.652s] FRAME (len=12): 0C 00 11 00 00 00 00 00 01 00 61 76
[ 1081.060s] TEXT: '...;.'
[ 1081.060s] TEXT: '.....'
[ 1081.060s] TEXT: '.....'
[ 1081.060s] FRAME (len=56): 38 00 11 00 01 00 00 00 01 00 46 81 9E E3 00 1D 00 0F 20 00 C3 0A 57 27 55 B7 00 00 00 00 00 00 61 07 73 62 25 00 4D 00 00 88 00 00 98 00 9F 00 09 00 00 00 1B 0E E5 D3
[ 1081.060s] FRAME (len=12): 0C 00 11 00 00 00 00 00 01 00 61 76
[ 1081.060s] FRAME (len=12): 0C 00 11 00 0B 00 00 00 01 00 C3 B5
[ 1087.081s] TEXT: '...;.'
[ 1087.081s] TEXT: '.....'
[ 1087.081s] FRAME (len=56): 38 00 11 00 01 00 00 00 01 00 46 81 9E E3 00 1D 00 0F 20 00 C3 0A 57 27 55 B7 00 00 00 00 00 00 61 07 73 62 25 00 4D 00 00 88 00 00 98 00 9F 00 09 00 00 00 1B 0E E5 D3
[ 1087.081s] FRAME (len=12): 0C 00 11 00 00 00 00 00 01 00 61 76
[ 1087.697s] TEXT: '...;.'
[ 1087.697s] FRAME (len=55): 38 00 11 00 01 00 00 00 01 00 00 12 4B 00 38 0D 16 FD 03 00 8F 07 59 27 31 05 D4 FF 64 00 EE 02 00 00 00 00 00 00 0A 04 00 00 00 00 00 00 06 01 00 00 00 00 00 00 B6
[ 1093.264s] TEXT: '}....TX succeeded...;.'
[ 1093.264s] TEXT: '.....'
[ 1093.264s] FRAME (len=56): 38 00 11 00 01 00 00 00 01 00 46 81 9E E3 00 1D 00 0F 20 00 C3 0A 57 27 55 B7 00 00 00 00 00 00 61 07 73 62 25 00 4D 00 00 88 00 00 98 00 9F 00 09 00 00 00 1B 0E E5 D3
[ 1093.264s] FRAME (len=12): 0C 00 11 00 00 00 00 00 01 00 61 76
[ 1099.481s] TEXT: '...;.'
[ 1099.481s] TEXT: '.....'
[ 1099.481s] FRAME (len=56): 38 00 11 00 01 00 00 00 01 00 46 81 9E E3 00 1D 00 0F 20 00 C3 0A 57 27 55 B7 00 00 00 00 00 00 61 07 73 62 25 00 4D 00 00 88 00 00 98 00 9F 00 09 00 00 00 1B 0E E5 D3
[ 1099.481s] FRAME (len=12): 0C 00 11 00 00 00 00 00 01 00 61 76
[ 1105.892s] TEXT: '...;.'
[ 1105.892s] TEXT: '.....'
[ 1105.892s] TEXT: '.....'
[ 1105.892s] TEXT: '.....'
[ 1105.892s] FRAME (len=56): 38 00 11 00 01 00 00 00 01 00 46 81 9E E3 00 1D 00 0F 20 00 D5 0A 57 27 56 95 00 00 00 00 00 00 61 07 73 62 25 00 4B 00 00 88 00 00 98 00 9F 00 09 00 00 00 08 0E 49 6B
[ 1105.892s] FRAME (len=16): 10 00 11 00 08 00 00 00 01 00 04 00 00 00 34 99
[ 1105.892s] FRAME (len=12): 0C 00 11 00 00 00 00 00 01 00 61 76
[ 1105.892s] FRAME (len=12): 0C 00 11 00 0B 00 00 00 01 00 C3 B5
[ 1111.903s] TEXT: '...;.'
[ 1111.903s] TEXT: '.....'
[ 1111.903s] FRAME (len=56): 38 00 11 00 01 00 00 00 01 00 46 81 9E E3 00 1D 00 0F 20 00 D5 0A 57 27 56 95 00 00 00 00 00 00 61 07 73 62 25 00 4B 00 00 88 00 00 98 00 9F 00 09 00 00 00 08 0E 49 6B
[ 1111.903s] FRAME (len=12): 0C 00 11 00 00 00 00 00 01 00 61 76
[ 1113.354s] TEXT: '...;.'
[ 1113.354s] FRAME (len=56): 38 00 11 00 01 00 00 00 01 00 00 12 4B 00 38 0D 16 FD 03 00 92 07 58 27 31 19 D4 FF 64 00 EE 02 00 00 00 00 00 00 0A 04 00 00 00 00 00 00 06 01 00 00 00 00 00 00 75 E1
[ 1118.120s] TEXT: '....TX succeeded...;.'
[ 1118.120s] TEXT: '.....'
[ 1118.120s] FRAME (len=56): 38 00 11 00 01 00 00 00 01 00 46 81 9E E3 00 1D 00 0F 20 00 D5 0A 57 27 56 95 00 00 00 00 00 00 61 07 73 62 25 00 4B 00 00 88 00 00 98 00 9F 00 09 00 00 00 08 0E 49 6B
[ 1118.120s] FRAME (len=12): 0C 00 11 00 00 00 00 00 01 00 61 76
[ 1124.347s] TEXT: '...;.'
[ 1124.347s] TEXT: '.....'
[ 1124.347s] FRAME (len=56): 38 00 11 00 01 00 00 00 01 00 46 81 9E E3 00 1D 00 0F 20 00 D5 0A 57 27 56 95 00 00 00 00 00 00 61 07 73 62 25 00 4B 00 00 88 00 00 98 00 9F 00 09 00 00 00 08 0E 49 6B
[ 1124.347s] FRAME (len=12): 0C 00 11 00 00 00 00 00 01 00 61 76
[ 1130.781s] TEXT: '...;.'
[ 1130.781s] TEXT: '.....'
[ 1130.781s] TEXT: '.....'
[ 1130.781s] FRAME (len=56): 38 00 11 00 01 00 00 00 01 00 46 81 9E E3 00 1D 00 0F 20 00 DD 0A 57 27 56 B5 00 00 00 00 00 00 61 07 73 62 25 00 4E 00 00 88 00 00 98 00 9F 00 09 00 00 00 08 0E 2C 0D
[ 1130.781s] FRAME (len=12): 0C 00 11 00 00 00 00 00 01 00 61 76
[ 1130.781s] FRAME (len=12): 0C 00 11 00 0B 00 00 00 01 00 C3 B5
[ 1136.777s] TEXT: '...;.'
[ 1136.777s] TEXT: '.....'
[ 1136.777s] FRAME (len=56): 38 00 11 00 01 00 00 00 01 00 46 81 9E E3 00 1D 00 0F 20 00 DD 0A 57 27 56 B5 00 00 00 00 00 00 61 07 73 62 25 00 4E 00 00 88 00 00 98 00 9F 00 09 00 00 00 08 0E 2C 0D
[ 1136.777s] FRAME (len=12): 0C 00 11 00 00 00 00 00 01 00 61 76
[ 1139.882s] TEXT: '...;.'
[ 1140.092s] FRAME (len=56): 38 00 11 00 01 00 00 00 01 00 00 12 4B 00 38 0D 16 FD 03 00 97 07 59 27 31 11 D4 FF 64 00 EE 02 00 00 00 00 00 00 0A 04 00 00 00 00 00 00 06 01 00 00 00 00 00 00 17 83
[ 1142.981s] TEXT: '....TX succeeded...;.'
[ 1142.981s] TEXT: '.....'
[ 1142.981s] FRAME (len=56): 38 00 11 00 01 00 00 00 01 00 46 81 9E E3 00 1D 00 0F 20 00 DD 0A 57 27 56 B5 00 00 00 00 00 00 61 07 73 62 25 00 4E 00 00 88 00 00 98 00 9F 00 09 00 00 00 08 0E 2C 0D
[ 1142.981s] FRAME (len=12): 0C 00 11 00 00 00 00 00 01 00 61 76
[ 1149.199s] TEXT: '...;.'
[ 1149.199s] TEXT: '.....'
[ 1149.199s] FRAME (len=56): 38 00 11 00 01 00 00 00 01 00 46 81 9E E3 00 1D 00 0F 20 00 DD 0A 57 27 56 B5 00 00 00 00 00 00 61 07 73 62 25 00 4E 00 00 88 00 00 98 00 9F 00 09 00 00 00 08 0E 2C 0D
[ 1149.199s] FRAME (len=12): 0C 00 11 00 00 00 00 00 01 00 61 76
[ 1155.623s] TEXT: '...;.'
[ 1155.623s] TEXT: '.....'
[ 1155.623s] TEXT: '.....'
[ 1155.623s] FRAME (len=56): 38 00 11 00 01 00 00 00 01 00 46 81 9E E3 00 1D 00 0F 20 00 D6 0A 57 27 56 8B 00 00 00 00 00 00 61 07 73 62 25 00 49 00 00 88 00 00 98 00 9F 00 09 00 00 00 F5 0D DE C0
[ 1155.623s] FRAME (len=12): 0C 00 11 00 00 00 00 00 01 00 61 76
[ 1155.623s] FRAME (len=12): 0C 00 11 00 0B 00 00 00 01 00 C3 B5
[ 1161.638s] TEXT: '...;.'
[ 1161.638s] TEXT: '.....'
[ 1161.638s] FRAME (len=56): 38 00 11 00 01 00 00 00 01 00 46 81 9E E3 00 1D 00 0F 20 00 D6 0A 57 27 56 8B 00 00 00 00 00 00 61 07 73 62 25 00 49 00 00 88 00 00 98 00 9F 00 09 00 00 00 F5 0D DE C0
[ 1161.638s] FRAME (len=12): 0C 00 11 00 00 00 00 00 01 00 61 76
[ 1165.589s] TEXT: '...;.'
[ 1165.589s] FRAME (len=56): 38 00 11 00 01 00 00 00 01 00 00 12 4B 00 38 0D 16 FD 03 00 9A 07 59 27 31 29 D4 FF 64 00 EE 02 00 00 00 00 00 00 0A 04 00 00 00 00 00 00 06 01 00 00 00 00 00 00 2F 09
[ 1167.865s] TEXT: '....TX succeeded...;.'
[ 1167.865s] TEXT: '.....'
[ 1167.865s] FRAME (len=56): 38 00 11 00 01 00 00 00 01 00 46 81 9E E3 00 1D 00 0F 20 00 D6 0A 57 27 56 8B 00 00 00 00 00 00 61 07 73 62 25 00 49 00 00 88 00 00 98 00 9F 00 09 00 00 00 F5 0D DE C0
[ 1167.865s] FRAME (len=12): 0C 00 11 00 00 00 00 00 01 00 61 76
[ 1174.094s] TEXT: '...;.'
[ 1174.094s] TEXT: '.....'
[ 1174.094s] FRAME (len=56): 38 00 11 00 01 00 00 00 01 00 46 81 9E E3 00 1D 00 0F 20 00 D6 0A 57 27 56 8B 00 00 00 00 00 00 61 07 73 62 25 00 49 00 00 88 00 00 98 00 9F 00 09 00 00 00 F5 0D DE C0
[ 1174.094s] FRAME (len=12): 0C 00 11 00 00 00 00 00 01 00 61 76
[ 1180.508s] TEXT: '...;.'
[ 1180.508s] TEXT: '.....'
[ 1180.508s] TEXT: '.....'
[ 1180.508s] FRAME (len=56): 38 00 11 00 01 00 00 00 01 00 46 81 9E E3 00 1D 00 0F 20 00 DB 0A 57 27 56 B9 00 00 00 00 00 00 61 07 73 62 25 00 3F 00 00 88 00 00 98 00 9F 00 09 00 00 00 1B 0E 8F 66
[ 1180.508s] FRAME (len=12): 0C 00 11 00 00 00 00 00 01 00 61 76
[ 1180.508s] FRAME (len=12): 0C 00 11 00 0B 00 00 00 01 00 C3 B5
[ 1186.525s] TEXT: '...;.'
[ 1186.525s] TEXT: '.....'
[ 1186.525s] FRAME (len=56): 38 00 11 00 01 00 00 00 01 00 46 81 9E E3 00 1D 00 0F 20 00 DB 0A 57 27 56 B9 00 00 00 00 00 00 61 07 73 62 25 00 3F 00 00 88 00 00 98 00 9F 00 09 00 00 00 1B 0E 8F 66
[ 1186.525s] FRAME (len=12): 0C 00 11 00 00 00 00 00 01 00 61 76
[ 1191.304s] TEXT: '...;.'
[ 1191.304s] FRAME (len=56): 38 00 11 00 01 00 00 00 01 00 00 12 4B 00 38 0D 16 FD 03 00 9E 07 59 27 31 3D D4 FF 64 00 EE 02 00 00 00 00 00 00 0A 04 00 00 00 00 00 00 06 01 00 00 00 00 00 00 8D 55
[ 1192.760s] TEXT: '....TX succeeded...;.'
[ 1192.760s] TEXT: '.....'
[ 1192.760s] FRAME (len=56): 38 00 11 00 01 00 00 00 01 00 46 81 9E E3 00 1D 00 0F 20 00 DB 0A 57 27 56 B9 00 00 00 00 00 00 61 07 73 62 25 00 3F 00 00 88 00 00 98 00 9F 00 09 00 00 00 1B 0E 8F 66
[ 1192.760s] FRAME (len=12): 0C 00 11 00 00 00 00 00 01 00 61 76
[ 1198.981s] TEXT: '...;.'
[ 1198.981s] TEXT: '.....'
[ 1198.981s] FRAME (len=56): 38 00 11 00 01 00 00 00 01 00 46 81 9E E3 00 1D 00 0F 20 00 DB 0A 57 27 56 B9 00 00 00 00 00 00 61 07 73 62 25 00 3F 00 00 88 00 00 98 00 9F 00 09 00 00 00 1B 0E 8F 66
[ 1198.981s] FRAME (len=12): 0C 00 11 00 00 00 00 00 01 00 61 76
[ 1205.399s] TEXT: '...;.'
[ 1205.399s] TEXT: '.....'
[ 1205.399s] TEXT: '.....'
[ 1205.399s] FRAME (len=56): 38 00 11 00 01 00 00 00 01 00 46 81 9E E3 00 1D 00 0F 20 00 D3 0A 57 27 56 B7 00 00 00 00 00 00 61 07 73 62 25 00 3C 00 00 88 00 00 98 00 9F 00 09 00 00 00 08 0E 8F 8C
[ 1205.399s] FRAME (len=12): 0C 00 11 00 00 00 00 00 01 00 61 76
[ 1205.399s] FRAME (len=12): 0C 00 11 00 0B 00 00 00 01 00 C3 B5
[ 1211.423s] TEXT: '...;.'
[ 1211.423s] TEXT: '.....'
[ 1211.423s] FRAME (len=56): 38 00 11 00 01 00 00 00 01 00 46 81 9E E3 00 1D 00 0F 20 00 D3 0A 57 27 56 B7 00 00 00 00 00 00 61 07 73 62 25 00 3C 00 00 88 00 00 98 00 9F 00 09 00 00 00 08 0E 8F 8C
[ 1211.423s] FRAME (len=12): 0C 00 11 00 00 00 00 00 01 00 61 76
[ 1217.015s] TEXT: '...;.'
[ 1217.015s] FRAME (len=56): 38 00 11 00 01 00 00 00 01 00 00 12 4B 00 38 0D 16 FD 03 00 A1 07 59 27 31 39 D4 FF 64 00 EE 02 00 00 00 00 00 00 0A 04 00 00 00 00 00 00 06 01 00 00 00 00 00 00 C9 16
[ 1217.635s] TEXT: '....TX succeeded...;.'
[ 1217.635s] TEXT: '.....'
[ 1217.635s] FRAME (len=56): 38 00 11 00 01 00 00 00 01 00 46 81 9E E3 00 1D 00 0F 20 00 D3 0A 57 27 56 B7 00 00 00 00 00 00 61 07 73 62 25 00 3C 00 00 88 00 00 98 00 9F 00 09 00 00 00 08 0E 8F 8C
[ 1217.635s] FRAME (len=12): 0C 00 11 00 00 00 00 00 01 00 61 76
[ 1223.860s] TEXT: '...;.'
[ 1223.860s] TEXT: '.....'
[ 1223.860s] FRAME (len=56): 38 00 11 00 01 00 00 00 01 00 46 81 9E E3 00 1D 00 0F 20 00 D3 0A 57 27 56 B7 00 00 00 00 00 00 61 07 73 62 25 00 3C 00 00 88 00 00 98 00 9F 00 09 00 00 00 08 0E 8F 8C
[ 1223.860s] FRAME (len=12): 0C 00 11 00 00 00 00 00 01 00 61 76
[ 1230.270s] TEXT: '...;.'
[ 1230.270s] TEXT: '.....'
[ 1230.270s] TEXT: '.....'
[ 1230.270s] FRAME (len=56): 38 00 11 00 01 00 00 00 01 00 46 81 9E E3 00 1D 00 0F 20 00 D3 0A 57 27 56 A9 00 00 00 00 00 00 61 07 73 62 25 00 38 00 00 88 00 00 98 00 9F 00 09 00 00 00 08 0E 13 06
[ 1230.270s] FRAME (len=12): 0C 00 11 00 00 00 00 00 01 00 61 76
[ 1230.270s] FRAME (len=12): 0C 00 11 00 0B 00 00 00 01 00 C3 B5
[ 1236.273s] TEXT: '...;.'
[ 1236.273s] TEXT: '.....'
[ 1236.273s] FRAME (len=56): 38 00 11 00 01 00 00 00 01 00 46 81 9E E3 00 1D 00 0F 20 00 D3 0A 57 27 56 A9 00 00 00 00 00 00 61 07 73 62 25 00 38 00 00 88 00 00 98 00 9F 00 09 00 00 00 08 0E 13 06
[ 1236.273s] FRAME (len=12): 0C 00 11 00 00 00 00 00 01 00 61 76
[ 1242.486s] TEXT: '...;.'
[ 1242.486s] TEXT: '.....'
[ 1242.486s] FRAME (len=56): 38 00 11 00 01 00 00 00 01 00 46 81 9E E3 00 1D 00 0F 20 00 D3 0A 57 27 56 A9 00 00 00 00 00 00 61 07 73 62 25 00 38 00 00 88 00 00 98 00 9F 00 09 00 00 00 08 0E 13 06
[ 1242.486s] FRAME (len=12): 0C 00 11 00 00 00 00 00 01 00 61 76
[ 1242.687s] TEXT: '...;.'
[ 1242.687s] FRAME (len=56): 38 00 11 00 01 00 00 00 01 00 00 12 4B 00 38 0D 16 FD 03 00 A4 07 59 27 31 45 D4 FF 64 00 EE 02 00 00 00 00 00 00 0A 04 00 00 00 00 00 00 06 01 00 00 00 00 00 00 F9 00
[ 1248.691s] TEXT: '....TX succeeded...;.'
[ 1248.691s] TEXT: '.....'
[ 1248.691s] FRAME (len=56): 38 00 11 00 01 00 00 00 01 00 46 81 9E E3 00 1D 00 0F 20 00 D3 0A 57 27 56 A9 00 00 00 00 00 00 61 07 73 62 25 00 38 00 00 88 00 00 98 00 9F 00 09 00 00 00 08 0E 13 06
[ 1248.691s] FRAME (len=12): 0C 00 11 00 00 00 00 00 01 00 61 76
[ 1255.106s] TEXT: '...;.'
[ 1255.106s] TEXT: '.....'
[ 1255.106s] TEXT: '.....'
[ 1255.106s] FRAME (len=56): 38 00 11 00 01 00 00 00 01 00 46 81 9E E3 00 1D 00 0F 20 00 CF 0A 57 27 56 9D 00 00 00 00 00 00 61 07 73 62 25 00 36 00 00 88 00 00 98 00 9F 00 09 00 00 00 1B 0E 45 C0
[ 1255.106s] FRAME (len=12): 0C 00 11 00 00 00 00 00 01 00 61 76
[ 1255.106s] FRAME (len=12): 0C 00 11 00 0B 00 00 00 01 00 C3 B5
[ 1261.090s] TEXT: '...;.'
[ 1261.300s] TEXT: '.....'
[ 1261.300s] FRAME (len=56): 38 00 11 00 01 00 00 00 01 00 46 81 9E E3 00 1D 00 0F 20 00 CF 0A 57 27 56 9D 00 00 00 00 00 00 61 07 73 62 25 00 36 00 00 88 00 00 98 00 9F 00 09 00 00 00 1B 0E 45 C0
[ 1261.300s] FRAME (len=12): 0C 00 11 00 00 00 00 00 01 00 61 76
[ 1267.505s] TEXT: '...;.'
[ 1267.505s] TEXT: '.....'
[ 1267.505s] FRAME (len=56): 38 00 11 00 01 00 00 00 01 00 46 81 9E E3 00 1D 00 0F 20 00 CF 0A 57 27 56 9D 00 00 00 00 00 00 61 07 73 62 25 00 36 00 00 88 00 00 98 00 9F 00 09 00 00 00 1B 0E 45 C0
[ 1267.505s] FRAME (len=12): 0C 00 11 00 00 00 00 00 01 00 61 76
[ 1268.341s] TEXT: '...;.'
[ 1268.341s] FRAME (len=56): 38 00 11 00 01 00 00 00 01 00 00 12 4B 00 38 0D 16 FD 03 00 A8 07 59 27 31 5D D4 FF 64 00 EE 02 00 00 00 00 00 00 0A 04 00 00 00 00 00 00 06 01 00 00 00 00 00 00 DB F9
[ 1273.522s] TEXT: '....TX failed: 0xc....TX failed: 0xc...;.'
[ 1273.522s] FRAME (len=56): 38 00 11 00 01 00 00 00 01 00 46 81 9E E3 00 1D 00 0F 20 00 CF 0A 57 27 56 9D 00 00 00 00 00 00 61 07 73 62 25 00 36 00 00 88 00 00 98 00 9F 00 09 00 00 00 1B 0E 45 C0
[ 1273.731s] TEXT: '.....'
[ 1273.731s] FRAME (len=12): 0C 00 11 00 00 00 00 00 01 00 61 76
[ 1279.972s] TEXT: '...;.'
[ 1279.972s] TEXT: '.....'
[ 1279.972s] TEXT: '.....'
[ 1279.972s] FRAME (len=56): 38 00 11 00 01 00 00 00 01 00 46 81 9E E3 00 1D 00 0F 20 00 CA 0A 57 27 56 9D 00 00 00 00 00 00 61 07 73 62 25 00 33 00 00 88 00 00 98 00 9F 00 09 00 00 00 1B 0E 40 24
[ 1279.972s] FRAME (len=12): 0C 00 11 00 00 00 00 00 01 00 61 76
[ 1279.972s] FRAME (len=12): 0C 00 11 00 0B 00 00 00 01 00 C3 B5
[ 1285.972s] TEXT: '...;.'
[ 1285.972s] TEXT: '.....'
[ 1285.972s] FRAME (len=56): 38 00 11 00 01 00 00 00 01 00 46 81 9E E3 00 1D 00 0F 20 00 CA 0A 57 27 56 9D 00 00 00 00 00 00 61 07 73 62 25 00 33 00 00 88 00 00 98 00 9F 00 09 00 00 00 1B 0E 40 24
[ 1285.972s] FRAME (len=12): 0C 00 11 00 00 00 00 00 01 00 61 76
[ 1292.192s] TEXT: '...;.'
[ 1292.192s] TEXT: '.....'
[ 1292.192s] FRAME (len=56): 38 00 11 00 01 00 00 00 01 00 46 81 9E E3 00 1D 00 0F 20 00 CA 0A 57 27 56 9D 00 00 00 00 00 00 61 07 73 62 25 00 33 00 00 88 00 00 98 00 9F 00 09 00 00 00 1B 0E 40 24
[ 1292.192s] FRAME (len=12): 0C 00 11 00 00 00 00 00 01 00 61 76
[ 1295.097s] TEXT: '...;.'
[ 1295.097s] FRAME (len=56): 38 00 11 00 01 00 00 00 01 00 00 12 4B 00 38 0D 16 FD 03 00 AB 07 59 27 31 49 D4 FF 64 00 EE 02 00 00 00 00 00 00 0A 04 00 00 00 00 00 00 06 01 00 00 00 00 00 00 E1 41
[ 1298.420s] TEXT: '....TX succeeded...;.'
[ 1298.420s] TEXT: '.....'
[ 1298.420s] FRAME (len=56): 38 00 11 00 01 00 00 00 01 00 46 81 9E E3 00 1D 00 0F 20 00 CA 0A 57 27 56 9D 00 00 00 00 00 00 61 07 73 62 25 00 33 00 00 88 00 00 98 00 9F 00 09 00 00 00 1B 0E 40 24
[ 1298.420s] FRAME (len=12): 0C 00 11 00 00 00 00 00 01 00 61 76
[ 1304.860s] TEXT: '...;.'
[ 1304.860s] TEXT: '.....'
[ 1304.860s] TEXT: '.....'
[ 1304.860s] TEXT: '.....'
[ 1304.860s] FRAME (len=56): 38 00 11 00 01 00 00 00 01 00 46 81 9E E3 00 1D 00 0F 20 00 C9 0A 57 27 56 A3 00 00 00 00 00 00 61 07 73 62 25 00 33 00 00 88 00 00 98 00 9F 00 09 00 00 00 F5 0D A1 76
[ 1304.860s] FRAME (len=16): 10 00 11 00 08 00 00 00 01 00 04 00 00 00 34 99
[ 1304.860s] FRAME (len=12): 0C 00 11 00 00 00 00 00 01 00 61 76
[ 1304.860s] FRAME (len=12): 0C 00 11 00 0B 00 00 00 01 00 C3 B5
[ 1310.860s] TEXT: '...;.'
[ 1310.860s] TEXT: '.....'
[ 1310.860s] FRAME (len=56): 38 00 11 00 01 00 00 00 01 00 46 81 9E E3 00 1D 00 0F 20 00 C9 0A 57 27 56 A3 00 00 00 00 00 00 61 07 73 62 25 00 33 00 00 88 00 00 98 00 9F 00 09 00 00 00 F5 0D A1 76
[ 1310.860s] FRAME (len=12): 0C 00 11 00 00 00 00 00 01 00 61 76
[ 1317.077s] TEXT: '...;.'
[ 1317.077s] TEXT: '.....'
[ 1317.077s] FRAME (len=56): 38 00 11 00 01 00 00 00 01 00 46 81 9E E3 00 1D 00 0F 20 00 C9 0A 57 27 56 A3 00 00 00 00 00 00 61 07 73 62 25 00 33 00 00 88 00 00 98 00 9F 00 09 00 00 00 F5 0D A1 76
[ 1317.077s] FRAME (len=12): 0C 00 11 00 00 00 00 00 01 00 61 76
[ 1320.790s] TEXT: '...;.'
[ 1320.790s] FRAME (len=56): 38 00 11 00 01 00 00 00 01 00 00 12 4B 00 38 0D 16 FD 03 00 AE 07 59 27 31 35 D4 FF 64 00 EE 02 00 00 00 00 00 00 0A 04 00 00 00 00 00 00 06 01 00 00 00 00 00 00 D1 57
[ 1323.272s] TEXT: '....TX succeeded...;.'
[ 1323.272s] TEXT: '.....'
[ 1323.272s] FRAME (len=56): 38 00 11 00 01 00 00 00 01 00 46 81 9E E3 00 1D 00 0F 20 00 C9 0A 57 27 56 A3 00 00 00 00 00 00 61 07 73 62 25 00 33 00 00 88 00 00 98 00 9F 00 09 00 00 00 F5 0D A1 76
[ 1323.272s] FRAME (len=12): 0C 00 11 00 00 00 00 00 01 00 61 76
[ 1329.697s] TEXT: '...;.'
[ 1329.697s] TEXT: '.....'
[ 1329.697s] TEXT: '.....'
[ 1329.697s] TEXT: '.....'
[ 1329.697s] FRAME (len=56): 38 00 11 00 01 00 00 00 01 00 46 81 9E E3 00 1D 00 0F 20 00 D5 0A 58 27 56 85 00 00 00 00 00 00 61 07 73 62 25 00 2F 00 00 88 00 00 98 00 9F 00 09 00 00 00 F5 0D 57 FF
[ 1329.697s] FRAME (len=16): 10 00 11 00 08 00 00 00 01 00 04 00 00 00 34 99
[ 1329.697s] FRAME (len=12): 0C 00 11 00 00 00 00 00 01 00 61 76
[ 1329.697s] FRAME (len=12): 0C 00 11 00 0B 00 00 00 01 00 C3 B5
[ 1335.702s] TEXT: '...;.'
[ 1335.702s] FRAME (len=56): 38 00 11 00 01 00 00 00 01 00 46 81 9E E3 00 1D 00 0F 20 00 D5 0A 58 27 56 85 00 00 00 00 00 00 61 07 73 62 25 00 2F 00 00 88 00 00 98 00 9F 00 09 00 00 00 F5 0D 57 FF
[ 1335.912s] TEXT: '.....'
[ 1335.912s] FRAME (len=12): 0C 00 11 00 00 00 00 00 01 00 61 76
[ 1342.104s] TEXT: '...;.'
[ 1342.104s] TEXT: '.....'
[ 1342.104s] FRAME (len=56): 38 00 11 00 01 00 00 00 01 00 46 81 9E E3 00 1D 00 0F 20 00 D5 0A 58 27 56 85 00 00 00 00 00 00 61 07 73 62 25 00 2F 00 00 88 00 00 98 00 9F 00 09 00 00 00 F5 0D 57 FF
[ 1342.104s] FRAME (len=12): 0C 00 11 00 00 00 00 00 01 00 61 76
[ 1346.453s] TEXT: '...;.'
[ 1346.453s] FRAME (len=56): 38 00 11 00 01 00 00 00 01 00 00 12 4B 00 38 0D 16 FD 03 00 B2 07 59 27 31 79 D4 FF 64 00 EE 02 00 00 00 00 00 00 0A 04 00 00 00 00 00 00 06 01 00 00 00 00 00 00 A1 3F
[ 1348.102s] TEXT: '....TX succeeded...;.'
[ 1348.102s] FRAME (len=56): 38 00 11 00 01 00 00 00 01 00 46 81 9E E3 00 1D 00 0F 20 00 D5 0A 58 27 56 85 00 00 00 00 00 00 61 07 73 62 25 00 2F 00 00 88 00 00 98 00 9F 00 09 00 00 00 F5 0D 57 FF
[ 1348.310s] TEXT: '.....'
[ 1348.310s] FRAME (len=12): 0C 00 11 00 00 00 00 00 01 00 61 76
[ 1354.552s] TEXT: '...;.'
[ 1354.552s] TEXT: '.....'
[ 1354.552s] TEXT: '.....'
[ 1354.552s] TEXT: '.....'
[ 1354.552s] FRAME (len=56): 38 00 11 00 01 00 00 00 01 00 46 81 9E E3 00 1D 00 0F 20 00 C7 0A 57 27 56 BF 00 00 00 00 00 00 61 07 73 62 25 00 2E 00 00 88 00 00 98 00 9F 00 09 00 00 00 F5 0D 6A 4E
[ 1354.552s] FRAME (len=16): 10 00 11 00 08 00 00 00 01 00 04 00 00 00 34 99
[ 1354.552s] FRAME (len=12): 0C 00 11 00 00 00 00 00 01 00 61 76
[ 1354.552s] FRAME (len=12): 0C 00 11 00 0B 00 00 00 01 00 C3 B5
[ 1360.768s] TEXT: '...;.'
[ 1360.768s] TEXT: '.....'
[ 1360.768s] FRAME (len=56): 38 00 11 00 01 00 00 00 01 00 46 81 9E E3 00 1D 00 0F 20 00 C7 0A 57 27 56 BF 00 00 00 00 00 00 61 07 73 62 25 00 2E 00 00 88 00 00 98 00 9F 00 09 00 00 00 F5 0D 6A 4E
[ 1360.768s] FRAME (len=12): 0C 00 11 00 00 00 00 00 01 00 61 76
[ 1366.985s] TEXT: '...;.'
[ 1366.985s] TEXT: '.....'
[ 1366.985s] FRAME (len=56): 38 00 11 00 01 00 00 00 01 00 46 81 9E E3 00 1D 00 0F 20 00 C7 0A 57 27 56 BF 00 00 00 00 00 00 61 07 73 62 25 00 2E 00 00 88 00 00 98 00 9F 00 09 00 00 00 F5 0D 6A 4E
[ 1366.985s] FRAME (len=12): 0C 00 11 00 00 00 00 00 01 00 61 76
[ 1371.954s] TEXT: '...;.'
[ 1371.954s] FRAME (len=56): 38 00 11 00 01 00 00 00 01 00 00 12 4B 00 38 0D 16 FD 03 00 B4 07 59 27 31 61 D4 FF 64 00 EE 02 00 00 00 00 00 00 0A 04 00 00 00 00 00 00 06 01 00 00 00 00 00 00 44 4F
[ 1372.989s] TEXT: '....TX succeeded...;.'
[ 1372.989s] FRAME (len=56): 38 00 11 00 01 00 00 00 01 00 46 81 9E E3 00 1D 00 0F 20 00 C7 0A 57 27 56 BF 00 00 00 00 00 00 61 07 73 62 25 00 2E 00 00 88 00 00 98 00 9F 00 09 00 00 00 F5 0D 6A 4E
[ 1373.192s] TEXT: '.....'
[ 1373.192s] FRAME (len=12): 0C 00 11 00 00 00 00 00 01 00 61 76
[ 1379.417s] TEXT: '...;.'
[ 1379.417s] TEXT: '.....'
[ 1379.417s] TEXT: '.....'
[ 1379.417s] FRAME (len=56): 38 00 11 00 01 00 00 00 01 00 46 81 9E E3 00 1D 00 0F 20 00 C8 0A 57 27 55 B7 00 00 00 00 00 00 61 07 73 62 25 00 2C 00 00 88 00 00 98 00 9F 00 09 00 00 00 2E 0E 7F 5E
[ 1379.417s] FRAME (len=12): 0C 00 11 00 00 00 00 00 01 00 61 76
[ 1379.417s] FRAME (len=12): 0C 00 11 00 0B 00 00 00 01 00 C3 B5
[ 1385.637s] TEXT: '...;.'
[ 1385.637s] TEXT: '.....'
[ 1385.637s] FRAME (len=56): 38 00 11 00 01 00 00 00 01 00 46 81 9E E3 00 1D 00 0F 20 00 C8 0A 57 27 55 B7 00 00 00 00 00 00 61 07 73 62 25 00 2C 00 00 88 00 00 98 00 9F 00 09 00 00 00 2E 0E 7F 5E
[ 1385.637s] FRAME (len=12): 0C 00 11 00 00 00 00 00 01 00 61 76
[ 1391.667s] TEXT: '...;.'
[ 1391.667s] TEXT: '.....'
[ 1391.667s] FRAME (len=56): 38 00 11 00 01 00 00 00 01 00 46 81 9E E3 00 1D 00 0F 20 00 C8 0A 57 27 55 B7 00 00 00 00 00 00 61 07 73 62 25 00 2C 00 00 88 00 00 98 00 9F 00 09 00 00 00 2E 0E 7F 5E
[ 1391.667s] FRAME (len=12): 0C 00 11 00 00 00 00 00 01 00 61 76
[ 1397.693s] TEXT: '...;.'
[ 1397.693s] FRAME (len=56): 38 00 11 00 01 00 00 00 01 00 00 12 4B 00 38 0D 16 FD 03 00 B7 07 59 27 31 61 D4 FF 64 00 EE 02 00 00 00 00 00 00 0A 04 00 00 00 00 00 00 06 01 00 00 00 00 00 00 0A FB
[ 1397.897s] TEXT: '....TX succeeded...;.'
[ 1397.897s] TEXT: '.....'
[ 1397.897s] FRAME (len=56): 38 00 11 00 01 00 00 00 01 00 46 81 9E E3 00 1D 00 0F 20 00 C8 0A 57 27 55 B7 00 00 00 00 00 00 61 07 73 62 25 00 2C 00 00 88 00 00 98 00 9F 00 09 00 00 00 2E 0E 7F 5E
[ 1397.897s] FRAME (len=12): 0C 00 11 00 00 00 00 00 01 00 61 76
[ 1404.324s] TEXT: '...;.'
[ 1404.324s] TEXT: '.....'
[ 1404.324s] TEXT: '.....'
[ 1404.324s] TEXT: '.....'
[ 1404.324s] FRAME (len=56): 38 00 11 00 01 00 00 00 01 00 46 81 9E E3 00 1D 00 0F 20 00 CC 0A 57 27 56 B1 00 00 00 00 00 00 61 07 73 62 25 00 2D 00 00 88 00 00 98 00 9F 00 09 00 00 00 2E 0E BA BF
[ 1404.324s] FRAME (len=16): 10 00 11 00 08 00 00 00 01 00 04 00 00 00 34 99
[ 1404.324s] FRAME (len=12): 0C 00 11 00 00 00 00 00 01 00 61 76
[ 1404.324s] FRAME (len=12): 0C 00 11 00 0B 00 00 00 01 00 C3 B5
[ 1410.344s] TEXT: '...;.'
[ 1410.344s] TEXT: '.....'
[ 1410.344s] FRAME (len=56): 38 00 11 00 01 00 00 00 01 00 46 81 9E E3 00 1D 00 0F 20 00 CC 0A 57 27 56 B1 00 00 00 00 00 00 61 07 73 62 25 00 2D 00 00 88 00 00 98 00 9F 00 09 00 00 00 2E 0E BA BF
[ 1410.344s] FRAME (len=12): 0C 00 11 00 00 00 00 00 01 00 61 76
[ 1416.572s] TEXT: '...;.'
[ 1416.572s] TEXT: '.....'
[ 1416.572s] FRAME (len=56): 38 00 11 00 01 00 00 00 01 00 46 81 9E E3 00 1D 00 0F 20 00 CC 0A 57 27 56 B1 00 00 00 00 00 00 61 07 73 62 25 00 2D 00 00 88 00 00 98 00 9F 00 09 00 00 00 2E 0E BA BF
[ 1416.572s] FRAME (len=12): 0C 00 11 00 00 00 00 00 01 00 61 76
[ 1422.783s] TEXT: '...;.'
[ 1422.783s] TEXT: '.....'
[ 1422.783s] FRAME (len=56): 38 00 11 00 01 00 00 00 01 00 46 81 9E E3 00 1D 00 0F 20 00 CC 0A 57 27 56 B1 00 00 00 00 00 00 61 07 73 62 25 00 2D 00 00 88 00 00 98 00 9F 00 09 00 00 00 2E 0E BA BF
[ 1422.783s] FRAME (len=12): 0C 00 11 00 00 00 00 00 01 00 61 76
[ 1424.439s] TEXT: '...;.'
[ 1424.439s] FRAME (len=56): 38 00 11 00 01 00 00 00 01 00 00 12 4B 00 38 0D 16 FD 03 00 BB 07 59 27 31 0D D4 FF 64 00 EE 02 00 00 00 00 00 00 0A 04 00 00 00 00 00 00 06 01 00 00 00 00 00 00 3C 2F
[ 1429.196s] TEXT: '....TX succeeded...;.'
[ 1429.196s] TEXT: '.....'
[ 1429.196s] TEXT: '.....'
[ 1429.196s] TEXT: '.....'
[ 1429.196s] FRAME (len=56): 38 00 11 00 01 00 00 00 01 00 46 81 9E E3 00 1D 00 0F 20 00 C6 0A 57 27 56 C9 00 00 00 00 00 00 61 07 73 62 25 00 2C 00 00 88 00 00 98 00 9F 00 09 00 00 00 08 0E 21 1B
[ 1429.196s] FRAME (len=16): 10 00 11 00 08 00 00 00 01 00 04 00 00 00 34 99
[ 1429.196s] FRAME (len=12): 0C 00 11 00 00 00 00 00 01 00 61 76
[ 1429.196s] FRAME (len=12): 0C 00 11 00 0B 00 00 00 01 00 C3 B5
[ 1435.197s] TEXT: '...;.'
[ 1435.197s] TEXT: '.....'
[ 1435.197s] FRAME (len=56): 38 00 11 00 01 00 00 00 01 00 46 81 9E E3 00 1D 00 0F 20 00 C6 0A 57 27 56 C9 00 00 00 00 00 00 61 07 73 62 25 00 2C 00 00 88 00 00 98 00 9F 00 09 00 00 00 08 0E 21 1B
[ 1435.197s] FRAME (len=12): 0C 00 11 00 00 00 00 00 01 00 61 76
[ 1441.399s] TEXT: '...;.'
[ 1441.399s] TEXT: '.....'
[ 1441.399s] FRAME (len=56): 38 00 11 00 01 00 00 00 01 00 46 81 9E E3 00 1D 00 0F 20 00 C6 0A 57 27 56 C9 00 00 00 00 00 00 61 07 73 62 25 00 2C 00 00 88 00 00 98 00 9F 00 09 00 00 00 08 0E 21 1B
[ 1441.399s] FRAME (len=12): 0C 00 11 00 00 00 00 00 01 00 61 76
[ 1447.808s] TEXT: '...;.'
[ 1447.808s] TEXT: '.....'
[ 1447.808s] FRAME (len=56): 38 00 11 00 01 00 00 00 01 00 46 81 9E E3 00 1D 00 0F 20 00 C6 0A 57 27 56 C9 00 00 00 00 00 00 61 07 73 62 25 00 2C 00 00 88 00 00 98 00 9F 00 09 00 00 00 08 0E 21 1B
[ 1447.808s] FRAME (len=12): 0C 00 11 00 00 00 00 00 01 00 61 76
[ 1450.074s] TEXT: '...;.'
[ 1450.074s] FRAME (len=56): 38 00 11 00 01 00 00 00 01 00 00 12 4B 00 38 0D 16 FD 03 00 BE 07 59 27 31 09 D4 FF 64 00 EE 02 00 00 00 00 00 00 0A 04 00 00 00 00 00 00 06 01 00 00 00 00 00 00 34 10
[ 1454.021s] TEXT: '....TX succeeded...;.'
[ 1454.021s] TEXT: '.....'
[ 1454.021s] TEXT: '.....'
[ 1454.021s] TEXT: '.....'
[ 1454.021s] FRAME (len=56): 38 00 11 00 01 00 00 00 01 00 46 81 9E E3 00 1D 00 0F 20 00 D1 0A 57 27 55 C3 00 00 00 00 00 00 61 07 73 62 25 00 2C 00 00 88 00 00 98 00 9F 00 09 00 00 00 08 0E DB B1
[ 1454.021s] FRAME (len=16): 10 00 11 00 08 00 00 00 01 00 04 00 00 00 34 99
[ 1454.021s] FRAME (len=12): 0C 00 11 00 00 00 00 00 01 00 61 76
[ 1454.021s] FRAME (len=12): 0C 00 11 00 0B 00 00 00 01 00 C3 B5
[ 1460.045s] TEXT: '...;.'
[ 1460.045s] TEXT: '.....'
[ 1460.045s] FRAME (len=56): 38 00 11 00 01 00 00 00 01 00 46 81 9E E3 00 1D 00 0F 20 00 D1 0A 57 27 55 C3 00 00 00 00 00 00 61 07 73 62 25 00 2C 00 00 88 00 00 98 00 9F 00 09 00 00 00 08 0E DB B1
[ 1460.045s] FRAME (len=12): 0C 00 11 00 00 00 00 00 01 00 61 76
[ 1466.282s] TEXT: '...;.'
[ 1466.282s] TEXT: '.....'
[ 1466.282s] FRAME (len=56): 38 00 11 00 01 00 00 00 01 00 46 81 9E E3 00 1D 00 0F 20 00 D1 0A 57 27 55 C3 00 00 00 00 00 00 61 07 73 62 25 00 2C 00 00 88 00 00 98 00 9F 00 09 00 00 00 08 0E DB B1
[ 1466.282s] FRAME (len=12): 0C 00 11 00 00 00 00 00 01 00 61 76
[ 1472.504s] TEXT: '....ERR: Uart framing error....ERR: Uart unknown error...;.'
[ 1472.504s] TEXT: '.....'
[ 1472.504s] FRAME (len=56): 38 00 11 00 01 00 00 00 01 00 46 81 9E E3 00 1D 00 0F 20 00 D1 0A 57 27 55 C3 00 00 00 00 00 00 61 07 73 62 25 00 2C 00 00 88 00 00 98 00 9F 00 09 00 00 00 08 0E DB B1
[ 1472.504s] FRAME (len=12): 0C 00 11 00 00 00 00 00 01 00 61 76
[ 1475.826s] TEXT: '...;.'
[ 1475.826s] FRAME (len=56): 38 00 11 00 01 00 00 00 01 00 00 12 4B 00 38 0D 16 FD 03 00 C0 07 59 27 31 11 D4 FF 64 00 EE 02 00 00 00 00 00 00 0A 04 00 00 00 00 00 00 06 01 00 00 00 00 00 00 33 69
[ 1478.951s] TEXT: '....TX succeeded...;.'
[ 1478.951s] TEXT: '.....'
[ 1478.951s] TEXT: '.....'
[ 1478.951s] FRAME (len=56): 38 00 11 00 01 00 00 00 01 00 46 81 9E E3 00 1D 00 0F 20 00 CF 0A 58 27 55 83 00 00 00 00 00 00 61 07 73 62 25 00 2D 00 00 88 00 00 98 00 9F 00 09 00 00 00 1B 0E 69 7F
[ 1478.951s] FRAME (len=12): 0C 00 11 00 00 00 00 00 01 00 61 76
[ 1478.951s] FRAME (len=12): 0C 00 11 00 0B 00 00 00 01 00 C3 B5
[ 1484.976s] TEXT: '...;.'
[ 1484.976s] TEXT: '.....'
[ 1484.976s] FRAME (len=56): 38 00 11 00 01 00 00 00 01 00 46 81 9E E3 00 1D 00 0F 20 00 CF 0A 58 27 55 83 00 00 00 00 00 00 61 07 73 62 25 00 2D 00 00 88 00 00 98 00 9F 00 09 00 00 00 1B 0E 69 7F
[ 1484.976s] FRAME (len=12): 0C 00 11 00 00 00 00 00 01 00 61 76
[ 1491.164s] TEXT: '...;.'
[ 1491.164s] TEXT: '.....'
[ 1491.164s] FRAME (len=56): 38 00 11 00 01 00 00 00 01 00 46 81 9E E3 00 1D 00 0F 20 00 CF 0A 58 27 55 83 00 00 00 00 00 00 61 07 73 62 25 00 2D 00 00 88 00 00 98 00 9F 00 09 00 00 00 1B 0E 69 7F
[ 1491.164s] FRAME (len=12): 0C 00 11 00 00 00 00 00 01 00 61 76
[ 1497.371s] TEXT: '...;.'
[ 1497.371s] TEXT: '.....'
[ 1497.371s] FRAME (len=56): 38 00 11 00 01 00 00 00 01 00 46 81 9E E3 00 1D 00 0F 20 00 CF 0A 58 27 55 83 00 00 00 00 00 00 61 07 73 62 25 00 2D 00 00 88 00 00 98 00 9F 00 09 00 00 00 1B 0E 69 7F
[ 1497.371s] FRAME (len=12): 0C 00 11 00 00 00 00 00 01 00 61 76
[ 1501.501s] TEXT: '...;.'
[ 1501.501s] FRAME (len=56): 38 00 11 00 01 00 00 00 01 00 00 12 4B 00 38 0D 16 FD 03 00 C4 07 5A 27 31 01 D4 FF 64 00 EE 02 00 00 00 00 00 00 0A 04 00 00 00 00 00 00 06 01 00 00 00 00 00 00 A0 2D
[ 1503.777s] TEXT: '....TX succeeded...;.'
[ 1503.777s] TEXT: '.....'
[ 1503.777s] TEXT: '.....'
[ 1503.777s] TEXT: '.....'
[ 1503.777s] FRAME (len=56): 38 00 11 00 01 00 00 00 01 00 46 81 9E E3 00 1D 00 0F 20 00 C9 0A 58 27 56 87 00 00 00 00 00 00 61 07 73 62 25 00 2E 00 00 88 00 00 98 00 9F 00 09 00 00 00 08 0E 63 51
[ 1503.777s] FRAME (len=16): 10 00 11 00 08 00 00 00 01 00 04 00 00 00 34 99
[ 1503.777s] FRAME (len=12): 0C 00 11 00 00 00 00 00 01 00 61 76
[ 1503.777s] FRAME (len=12): 0C 00 11 00 0B 00 00 00 01 00 C3 B5
[ 1509.771s] TEXT: '...;.'
[ 1509.771s] TEXT: '.....'
[ 1509.771s] FRAME (len=56): 38 00 11 00 01 00 00 00 01 00 46 81 9E E3 00 1D 00 0F 20 00 C9 0A 58 27 56 87 00 00 00 00 00 00 61 07 73 62 25 00 2E 00 00 88 00 00 98 00 9F 00 09 00 00 00 08 0E 63 51
[ 1509.771s] FRAME (len=12): 0C 00 11 00 00 00 00 00 01 00 61 76
[ 1516.005s] TEXT: '...;.'
[ 1516.215s] TEXT: '.....'
[ 1516.215s] FRAME (len=56): 38 00 11 00 01 00 00 00 01 00 46 81 9E E3 00 1D 00 0F 20 00 C9 0A 58 27 56 87 00 00 00 00 00 00 61 07 73 62 25 00 2E 00 00 88 00 00 98 00 9F 00 09 00 00 00 08 0E 63 51
[ 1516.215s] FRAME (len=12): 0C 00 11 00 00 00 00 00 01 00 61 76
[ 1522.221s] TEXT: '...;.'
[ 1522.426s] TEXT: '.....'
[ 1522.426s] FRAME (len=56): 38 00 11 00 01 00 00 00 01 00 46 81 9E E3 00 1D 00 0F 20 00 C9 0A 58 27 56 87 00 00 00 00 00 00 61 07 73 62 25 00 2E 00 00 88 00 00 98 00 9F 00 09 00 00 00 08 0E 63 51
[ 1522.426s] FRAME (len=12): 0C 00 11 00 00 00 00 00 01 00 61 76
[ 1527.183s] TEXT: '...;.'
[ 1527.183s] FRAME (len=56): 38 00 11 00 01 00 00 00 01 00 00 12 4B 00 38 0D 16 FD 03 00 C6 07 5A 27 31 1D D4 FF 64 00 EE 02 00 00 00 00 00 00 0A 04 00 00 00 00 00 00 06 01 00 00 00 00 00 00 68 FE
[ 1528.634s] TEXT: '....TX succeeded...;.'
[ 1528.634s] TEXT: '.....'
[ 1528.634s] TEXT: '.....'
[ 1528.634s] FRAME (len=56): 38 00 11 00 01 00 00 00 01 00 46 81 9E E3 00 1D 00 0F 20 00 C9 0A 58 27 55 9B 00 00 00 00 00 00 61 07 73 62 26 00 2E 00 00 88 00 00 98 00 9F 00 09 00 00 00 08 0E 93 B1
[ 1528.634s] FRAME (len=12): 0C 00 11 00 00 00 00 00 01 00 61 76
[ 1528.634s] FRAME (len=12): 0C 00 11 00 0B 00 00 00 01 00 C3 B5
[ 1534.645s] TEXT: '...;.'
[ 1534.645s] TEXT: '.....'
[ 1534.645s] FRAME (len=56): 38 00 11 00 01 00 00 00 01 00 46 81 9E E3 00 1D 00 0F 20 00 C9 0A 58 27 55 9B 00 00 00 00 00 00 61 07 73 62 26 00 2E 00 00 88 00 00 98 00 9F 00 09 00 00 00 08 0E 93 B1
[ 1534.645s] FRAME (len=12): 0C 00 11 00 00 00 00 00 01 00 61 76
[ 1540.874s] TEXT: '...;.'
[ 1541.084s] TEXT: '.....'
[ 1541.084s] FRAME (len=56): 38 00 11 00 01 00 00 00 01 00 46 81 9E E3 00 1D 00 0F 20 00 C9 0A 58 27 55 9B 00 00 00 00 00 00 61 07 73 62 26 00 2E 00 00 88 00 00 98 00 9F 00 09 00 00 00 08 0E 93 B1
[ 1541.084s] FRAME (len=12): 0C 00 11 00 00 00 00 00 01 00 61 76
[ 1547.284s] TEXT: '...;.'
[ 1547.284s] TEXT: '.....'
[ 1547.284s] FRAME (len=56): 38 00 11 00 01 00 00 00 01 00 46 81 9E E3 00 1D 00 0F 20 00 C9 0A 58 27 55 9B 00 00 00 00 00 00 61 07 73 62 26 00 2E 00 00 88 00 00 98 00 9F 00 09 00 00 00 08 0E 93 B1
[ 1547.284s] FRAME (len=12): 0C 00 11 00 00 00 00 00 01 00 61 76
[ 1552.675s] TEXT: '...;.'
[ 1552.675s] FRAME (len=56): 38 00 11 00 01 00 00 00 01 00 00 12 4B 00 38 0D 16 FD 03 00 C9 07 59 27 31 79 D4 FF 64 00 EE 02 00 00 00 00 00 00 0A 04 00 00 00 00 00 00 06 01 00 00 00 00 00 00 0D 82
[ 1553.497s] TEXT: '....TX failed: 0xc....TX failed: 0xc...;.'
[ 1553.497s] TEXT: '.....'
[ 1553.497s] TEXT: '.....'
[ 1553.497s] TEXT: '.....'
[ 1553.497s] FRAME (len=56): 38 00 11 00 01 00 00 00 01 00 46 81 9E E3 00 1D 00 0F 20 00 E5 0A 58 27 55 8F 00 00 00 00 00 00 61 07 73 62 25 00 2E 00 00 88 00 00 98 00 9F 00 09 00 00 00 1B 0E 3D BC
[ 1553.497s] FRAME (len=16): 10 00 11 00 08 00 00 00 01 00 04 00 00 00 34 99
[ 1553.497s] FRAME (len=12): 0C 00 11 00 00 00 00 00 01 00 61 76
[ 1553.497s] FRAME (len=12): 0C 00 11 00 0B 00 00 00 01 00 C3 B5
[ 1559.497s] TEXT: '...;.'
[ 1559.497s] TEXT: '.....'
[ 1559.497s] FRAME (len=56): 38 00 11 00 01 00 00 00 01 00 46 81 9E E3 00 1D 00 0F 20 00 E5 0A 58 27 55 8F 00 00 00 00 00 00 61 07 73 62 25 00 2E 00 00 88 00 00 98 00 9F 00 09 00 00 00 1B 0E 3D BC
[ 1559.497s] FRAME (len=12): 0C 00 11 00 00 00 00 00 01 00 61 76
[ 1565.900s] TEXT: '...;.'
[ 1565.900s] TEXT: '.....'
[ 1565.900s] FRAME (len=56): 38 00 11 00 01 00 00 00 01 00 46 81 9E E3 00 1D 00 0F 20 00 E5 0A 58 27 55 8F 00 00 00 00 00 00 61 07 73 62 25 00 2E 00 00 88 00 00 98 00 9F 00 09 00 00 00 1B 0E 3D BC
[ 1565.900s] FRAME (len=12): 0C 00 11 00 00 00 00 00 01 00 61 76
[ 1572.129s] TEXT: '...;.'
[ 1572.129s] TEXT: '.....'
[ 1572.129s] FRAME (len=56): 38 00 11 00 01 00 00 00 01 00 46 81 9E E3 00 1D 00 0F 20 00 E5 0A 58 27 55 8F 00 00 00 00 00 00 61 07 73 62 25 00 2E 00 00 88 00 00 98 00 9F 00 09 00 00 00 1B 0E 3D BC
[ 1572.129s] FRAME (len=12): 0C 00 11 00 00 00 00 00 01 00 61 76
[ 1578.335s] TEXT: '...;.'
[ 1578.335s] TEXT: '.....'
[ 1578.335s] TEXT: '.....'
[ 1578.335s] FRAME (len=56): 38 00 11 00 01 00 00 00 01 00 46 81 9E E3 00 1D 00 0F 20 00 D8 0A 58 27 56 85 00 00 00 00 00 00 61 07 73 62 25 00 31 00 00 88 00 00 98 00 9F 00 09 00 00 00 1B 0E E2 63
[ 1578.335s] FRAME (len=12): 0C 00 11 00 00 00 00 00 01 00 61 76
[ 1578.335s] FRAME (len=12): 0C 00 11 00 0B 00 00 00 01 00 C3 B5
[ 1579.368s] TEXT: '...;.'
[ 1579.368s] FRAME (len=56): 38 00 11 00 01 00 00 00 01 00 00 12 4B 00 38 0D 16 FD 03 00 CC 07 5A 27 31 05 D4 FF 64 00 EE 02 00 00 00 00 00 00 0A 04 00 00 00 00 00 00 06 01 00 00 00 00 00 00 F7 7F
[ 1584.540s] TEXT: '....TX succeeded...;.'
[ 1584.540s] TEXT: '.....'
[ 1584.540s] FRAME (len=56): 38 00 11 00 01 00 00 00 01 00 46 81 9E E3 00 1D 00 0F 20 00 D8 0A 58 27 56 85 00 00 00 00 00 00 61 07 73 62 25 00 31 00 00 88 00 00 98 00 9F 00 09 00 00 00 1B 0E E2 63
[ 1584.540s] FRAME (len=12): 0C 00 11 00 00 00 00 00 01 00 61 76
[ 1590.730s] TEXT: '...;.'
[ 1590.730s] TEXT: '.....'
[ 1590.730s] FRAME (len=56): 38 00 11 00 01 00 00 00 01 00 46 81 9E E3 00 1D 00 0F 20 00 D8 0A 58 27 56 85 00 00 00 00 00 00 61 07 73 62 25 00 31 00 00 88 00 00 98 00 9F 00 09 00 00 00 1B 0E E2 63
[ 1590.730s] FRAME (len=12): 0C 00 11 00 00 00 00 00 01 00 61 76
[ 1596.968s] TEXT: '...;.'
[ 1596.968s] TEXT: '.....'
[ 1596.968s] FRAME (len=56): 38 00 11 00 01 00 00 00 01 00 46 81 9E E3 00 1D 00 0F 20 00 D8 0A 58 27 56 85 00 00 00 00 00 00 61 07 73 62 25 00 31 00 00 88 00 00 98 00 9F 00 09 00 00 00 1B 0E E2 63
[ 1596.968s] FRAME (len=12): 0C 00 11 00 00 00 00 00 01 00 61 76
[ 1603.198s] TEXT: '...;.'
[ 1603.198s] TEXT: '.....'
[ 1603.198s] TEXT: '.....'
[ 1603.198s] FRAME (len=56): 38 00 11 00 01 00 00 00 01 00 46 81 9E E3 00 1D 00 0F 20 00 DB 0A 58 27 55 83 00 00 00 00 00 00 61 07 73 62 25 00 30 00 00 88 00 00 98 00 9F 00 09 00 00 00 1B 0E BF 66
[ 1603.198s] FRAME (len=12): 0C 00 11 00 00 00 00 00 01 00 61 76
[ 1603.198s] FRAME (len=12): 0C 00 11 00 0B 00 00 00 01 00 C3 B5
[ 1605.047s] TEXT: '...;.'
[ 1605.047s] FRAME (len=56): 38 00 11 00 01 00 00 00 01 00 00 12 4B 00 38 0D 16 FD 03 00 CE 07 5A 27 31 19 D4 FF 64 00 EE 02 00 00 00 00 00 00 0A 04 00 00 00 00 00 00 06 01 00 00 00 00 00 00 3F AC
[ 1609.384s] TEXT: '....TX succeeded...;.'
[ 1609.384s] TEXT: '.....'
[ 1609.384s] FRAME (len=56): 38 00 11 00 01 00 00 00 01 00 46 81 9E E3 00 1D 00 0F 20 00 DB 0A 58 27 55 83 00 00 00 00 00 00 61 07 73 62 25 00 30 00 00 88 00 00 98 00 9F 00 09 00 00 00 1B 0E BF 66
[ 1609.384s] FRAME (len=12): 0C 00 11 00 00 00 00 00 01 00 61 76
[ 1615.609s] TEXT: '...;.'
[ 1615.609s] TEXT: '.....'
[ 1615.609s] FRAME (len=56): 38 00 11 00 01 00 00 00 01 00 46 81 9E E3 00 1D 00 0F 20 00 DB 0A 58 27 55 83 00 00 00 00 00 00 61 07 73 62 25 00 30 00 00 88 00 00 98 00 9F 00 09 00 00 00 1B 0E BF 66
[ 1615.609s] FRAME (len=12): 0C 00 11 00 00 00 00 00 01 00 61 76
[ 1621.845s] TEXT: '...;.'
[ 1621.845s] TEXT: '.....'
[ 1621.845s] FRAME (len=56): 38 00 11 00 01 00 00 00 01 00 46 81 9E E3 00 1D 00 0F 20 00 DB 0A 58 27 55 83 00 00 00 00 00 00 61 07 73 62 25 00 30 00 00 88 00 00 98 00 9F 00 09 00 00 00 1B 0E BF 66
[ 1621.845s] FRAME (len=12): 0C 00 11 00 00 00 00 00 01 00 61 76
[ 1628.067s] TEXT: '...;.'
[ 1628.067s] TEXT: '.....'
[ 1628.067s] TEXT: '.....'
[ 1628.067s] FRAME (len=56): 38 00 11 00 01 00 00 00 01 00 46 81 9E E3 00 1D 00 0F 20 00 CD 0A 58 27 55 93 00 00 00 00 00 00 61 07 73 62 26 00 32 00 00 88 00 00 98 00 9F 00 09 00 00 00 F5 0D 31 F1
[ 1628.067s] FRAME (len=12): 0C 00 11 00 00 00 00 00 01 00 61 76
[ 1628.067s] FRAME (len=12): 0C 00 11 00 0B 00 00 00 01 00 C3 B5
[ 1630.774s] TEXT: '...;.'
[ 1630.774s] FRAME (len=56): 38 00 11 00 01 00 00 00 01 00 00 12 4B 00 38 0D 16 FD 03 00 D1 07 5A 27 31 1D D4 FF 64 00 EE 02 00 00 00 00 00 00 0A 04 00 00 00 00 00 00 06 01 00 00 00 00 00 00 89 49
[ 1634.280s] TEXT: '....TX succeeded...;.'
[ 1634.280s] TEXT: '.....'
[ 1634.280s] FRAME (len=56): 38 00 11 00 01 00 00 00 01 00 46 81 9E E3 00 1D 00 0F 20 00 CD 0A 58 27 55 93 00 00 00 00 00 00 61 07 73 62 26 00 32 00 00 88 00 00 98 00 9F 00 09 00 00 00 F5 0D 31 F1
[ 1634.280s] FRAME (len=12): 0C 00 11 00 00 00 00 00 01 00 61 76
[ 1640.493s] TEXT: '...;.'
[ 1640.493s] TEXT: '.....'
[ 1640.493s] FRAME (len=56): 38 00 11 00 01 00 00 00 01 00 46 81 9E E3 00 1D 00 0F 20 00 CD 0A 58 27 55 93 00 00 00 00 00 00 61 07 73 62 26 00 32 00 00 88 00 00 98 00 9F 00 09 00 00 00 F5 0D 31 F1
[ 1640.493s] FRAME (len=12): 0C 00 11 00 00 00 00 00 01 00 61 76
[ 1646.720s] TEXT: '...;.'
[ 1646.720s] TEXT: '.....'
[ 1646.720s] FRAME (len=56): 38 00 11 00 01 00 00 00 01 00 46 81 9E E3 00 1D 00 0F 20 00 CD 0A 58 27 55 93 00 00 00 00 00 00 61 07 73 62 26 00 32 00 00 88 00 00 98 00 9F 00 09 00 00 00 F5 0D 31 F1
[ 1646.720s] FRAME (len=12): 0C 00 11 00 00 00 00 00 01 00 61 76
[ 1652.929s] TEXT: '...;.'
[ 1653.139s] TEXT: '.....'
[ 1653.139s] TEXT: '.....'
[ 1653.139s] FRAME (len=56): 38 00 11 00 01 00 00 00 01 00 46 81 9E E3 00 1D 00 0F 20 00 F3 0A 58 27 55 9F 00 00 00 00 00 00 61 07 73 62 25 00 31 00 00 88 00 00 98 00 9F 00 09 00 00 00 1B 0E 66 32
[ 1653.139s] FRAME (len=12): 0C 00 11 00 00 00 00 00 01 00 61 76
[ 1653.139s] FRAME (len=12): 0C 00 11 00 0B 00 00 00 01 00 C3 B5
[ 1656.446s] TEXT: '...;.'
[ 1656.446s] FRAME (len=56): 38 00 11 00 01 00 00 00 01 00 00 12 4B 00 38 0D 16 FD 03 00 D4 07 5A 27 31 41 D4 FF 64 00 EE 02 00 00 00 00 00 00 0A 04 00 00 00 00 00 00 06 01 00 00 00 00 00 00 86 B0
[ 1659.134s] TEXT: '....TX succeeded...;.'
[ 1659.134s] TEXT: '.....'
[ 1659.134s] FRAME (len=56): 38 00 11 00 01 00 00 00 01 00 46 81 9E E3 00 1D 00 0F 20 00 F3 0A 58 27 55 9F 00 00 00 00 00 00 61 07 73 62 25 00 31 00 00 88 00 00 98 00 9F 00 09 00 00 00 1B 0E 66 32
[ 1659.134s] FRAME (len=12): 0C 00 11 00 00 00 00 00 01 00 61 76
[ 1665.326s] TEXT: '...;.'
[ 1665.326s] TEXT: '.....'
[ 1665.326s] FRAME (len=56): 38 00 11 00 01 00 00 00 01 00 46 81 9E E3 00 1D 00 0F 20 00 F3 0A 58 27 55 9F 00 00 00 00 00 00 61 07 73 62 25 00 31 00 00 88 00 00 98 00 9F 00 09 00 00 00 1B 0E 66 32
[ 1665.326s] FRAME (len=12): 0C 00 11 00 00 00 00 00 01 00 61 76
[ 1671.523s] TEXT: '...;.'
[ 1671.523s] TEXT: '.....'
[ 1671.523s] FRAME (len=56): 38 00 11 00 01 00 00 00 01 00 46 81 9E E3 00 1D 00 0F 20 00 F3 0A 58 27 55 9F 00 00 00 00 00 00 61 07 73 62 25 00 31 00 00 88 00 00 98 00 9F 00 09 00 00 00 1B 0E 66 32
[ 1671.523s] FRAME (len=12): 0C 00 11 00 00 00 00 00 01 00 61 76
[ 1677.951s] TEXT: '...;.'
[ 1677.951s] TEXT: '.....'
[ 1677.951s] TEXT: '.....'
[ 1677.951s] FRAME (len=56): 38 00 11 00 01 00 00 00 01 00 46 81 9E E3 00 1D 00 0F 20 00 EA 0A 58 27 56 BF 00 00 00 00 00 00 61 07 73 62 25 00 32 00 00 88 00 00 98 00 9F 00 09 00 00 00 1B 0E C5 40
[ 1677.951s] FRAME (len=12): 0C 00 11 00 00 00 00 00 01 00 61 76
[ 1677.951s] FRAME (len=12): 0C 00 11 00 0B 00 00 00 01 00 C3 B5
[ 1682.107s] TEXT: '...;.'
[ 1682.107s] FRAME (len=56): 38 00 11 00 01 00 00 00 01 00 00 12 4B 00 38 0D 16 FD 03 00 D6 07 5A 27 31 29 D4 FF 64 00 EE 02 00 00 00 00 00 00 0A 04 00 00 00 00 00 00 06 01 00 00 00 00 00 00 5A 4E
[ 1683.968s] TEXT: '....TX succeeded...;.'
[ 1683.968s] TEXT: '.....'
[ 1683.968s] FRAME (len=56): 38 00 11 00 01 00 00 00 01 00 46 81 9E E3 00 1D 00 0F 20 00 EA 0A 58 27 56 BF 00 00 00 00 00 00 61 07 73 62 25 00 32 00 00 88 00 00 98 00 9F 00 09 00 00 00 1B 0E C5 40
[ 1683.968s] FRAME (len=12): 0C 00 11 00 00 00 00 00 01 00 61 76
[ 1690.177s] TEXT: '...;.'
[ 1690.177s] TEXT: '.....'
[ 1690.177s] FRAME (len=56): 38 00 11 00 01 00 00 00 01 00 46 81 9E E3 00 1D 00 0F 20 00 EA 0A 58 27 56 BF 00 00 00 00 00 00 61 07 73 62 25 00 32 00 00 88 00 00 98 00 9F 00 09 00 00 00 1B 0E C5 40
[ 1690.177s] FRAME (len=12): 0C 00 11 00 00 00 00 00 01 00 61 76
[ 1696.401s] TEXT: '...;.'
[ 1696.401s] TEXT: '.....'
[ 1696.401s] FRAME (len=56): 38 00 11 00 01 00 00 00 01 00 46 81 9E E3 00 1D 00 0F 20 00 EA 0A 58 27 56 BF 00 00 00 00 00 00 61 07 73 62 25 00 32 00 00 88 00 00 98 00 9F 00 09 00 00 00 1B 0E C5 40
[ 1696.401s] FRAME (len=12): 0C 00 11 00 00 00 00 00 01 00 61 76
[ 1702.833s] TEXT: '...;.'
[ 1702.833s] TEXT: '.....'
[ 1702.833s] TEXT: '.....'
[ 1702.833s] FRAME (len=56): 38 00 11 00 01 00 00 00 01 00 46 81 9E E3 00 1D 00 0F 20 00 EC 0A 58 27 56 B7 00 00 00 00 00 00 61 07 73 62 25 00 33 00 00 88 00 00 98 00 9F 00 09 00 00 00 F5 0D 55 64
[ 1702.833s] FRAME (len=12): 0C 00 11 00 00 00 00 00 01 00 61 76
[ 1702.833s] FRAME (len=12): 0C 00 11 00 0B 00 00 00 01 00 C3 B5
[ 1708.857s] TEXT: '...;.'
[ 1708.857s] TEXT: '....TX succeeded...;.'
[ 1708.857s] TEXT: '.....'
[ 1708.857s] FRAME (len=56): 38 00 11 00 01 00 00 00 01 00 00 12 4B 00 38 0D 16 FD 03 00 D9 07 5A 27 31 15 D4 FF 64 00 EE 02 00 00 00 00 00 00 0A 04 00 00 00 00 00 00 06 01 00 00 00 00 00 00 F2 1F
[ 1708.857s] FRAME (len=56): 38 00 11 00 01 00 00 00 01 00 46 81 9E E3 00 1D 00 0F 20 00 EC 0A 58 27 56 B7 00 00 00 00 00 00 61 07 73 62 25 00 33 00 00 88 00 00 98 00 9F 00 09 00 00 00 F5 0D 55 64
[ 1708.857s] FRAME (len=12): 0C 00 11 00 00 00 00 00 01 00 61 76
[ 1715.055s] TEXT: '...;.'
[ 1715.055s] TEXT: '.....'
[ 1715.055s] FRAME (len=56): 38 00 11 00 01 00 00 00 01 00 46 81 9E E3 00 1D 00 0F 20 00 EC 0A 58 27 56 B7 00 00 00 00 00 00 61 07 73 62 25 00 33 00 00 88 00 00 98 00 9F 00 09 00 00 00 F5 0D 55 64
[ 1715.055s] FRAME (len=12): 0C 00 11 00 00 00 00 00 01 00 61 76
[ 1721.276s] TEXT: '...;.'
[ 1721.276s] TEXT: '.....'
[ 1721.276s] FRAME (len=56): 38 00 11 00 01 00 00 00 01 00 46 81 9E E3 00 1D 00 0F 20 00 EC 0A 58 27 56 B7 00 00 00 00 00 00 61 07 73 62 25 00 33 00 00 88 00 00 98 00 9F 00 09 00 00 00 F5 0D 55 64
[ 1721.276s] FRAME (len=12): 0C 00 11 00 00 00 00 00 01 00 61 76
[ 1727.680s] TEXT: '...;.'
[ 1727.680s] TEXT: '.....'
[ 1727.680s] TEXT: '.....'
[ 1727.680s] FRAME (len=56): 38 00 11 00 01 00 00 00 01 00 46 81 9E E3 00 1D 00 0F 20 00 E9 0A 58 27 56 CF 00 00 00 00 00 00 61 07 73 62 25 00 33 00 00 88 00 00 98 00 9F 00 09 00 00 00 08 0E 60 D4
[ 1727.680s] FRAME (len=12): 0C 00 11 00 00 00 00 00 01 00 61 76
[ 1727.680s] FRAME (len=12): 0C 00 11 00 0B 00 00 00 01 00 C3 B5
[ 1733.688s] TEXT: '...;.'
[ 1733.688s] TEXT: '.....'
[ 1733.688s] FRAME (len=56): 38 00 11 00 01 00 00 00 01 00 46 81 9E E3 00 1D 00 0F 20 00 E9 0A 58 27 56 CF 00 00 00 00 00 00 61 07 73 62 25 00 33 00 00 88 00 00 98 00 9F 00 09 00 00 00 08 0E 60 D4
[ 1733.688s] FRAME (len=12): 0C 00 11 00 00 00 00 00 01 00 61 76
[ 1734.514s] TEXT: '...;.'
[ 1734.514s] FRAME (len=56): 38 00 11 00 01 00 00 00 01 00 00 12 4B 00 38 0D 16 FD 03 00 DC 07 5A 27 31 31 D4 FF 64 00 EE 02 00 00 00 00 00 00 0A 04 00 00 00 00 00 00 06 01 00 00 00 00 00 00 C5 CF
[ 1739.907s] TEXT: '....TX succeeded...;.'
[ 1739.907s] TEXT: '.....'
[ 1739.907s] FRAME (len=56): 38 00 11 00 01 00 00 00 01 00 46 81 9E E3 00 1D 00 0F 20 00 E9 0A 58 27 56 CF 00 00 00 00 00 00 61 07 73 62 25 00 33 00 00 88 00 00 98 00 9F 00 09 00 00 00 08 0E 60 D4
[ 1739.907s] FRAME (len=12): 0C 00 11 00 00 00 00 00 01 00 61 76
[ 1746.133s] TEXT: '...;.'
[ 1746.133s] TEXT: '.....'
[ 1746.133s] FRAME (len=56): 38 00 11 00 01 00 00 00 01 00 46 81 9E E3 00 1D 00 0F 20 00 E9 0A 58 27 56 CF 00 00 00 00 00 00 61 07 73 62 25 00 33 00 00 88 00 00 98 00 9F 00 09 00 00 00 08 0E 60 D4
[ 1746.133s] FRAME (len=12): 0C 00 11 00 00 00 00 00 01 00 61 76
[ 1752.526s] TEXT: '...;.'
[ 1752.526s] TEXT: '.....'
[ 1752.526s] TEXT: '.....'
[ 1752.526s] FRAME (len=56): 38 00 11 00 01 00 00 00 01 00 46 81 9E E3 00 1D 00 0F 20 00 F3 0A 59 27 56 8B 00 00 00 00 00 00 61 07 73 62 25 00 30 00 00 88 00 00 98 00 9F 00 09 00 00 00 2E 0E 31 2E
[ 1752.526s] FRAME (len=12): 0C 00 11 00 00 00 00 00 01 00 61 76
[ 1752.526s] FRAME (len=12): 0C 00 11 00 0B 00 00 00 01 00 C3 B5
[ 1758.499s] TEXT: '...;.'
[ 1758.499s] TEXT: '.....'
[ 1758.499s] FRAME (len=56): 38 00 11 00 01 00 00 00 01 00 46 81 9E E3 00 1D 00 0F 20 00 F3 0A 59 27 56 8B 00 00 00 00 00 00 61 07 73 62 25 00 30 00 00 88 00 00 98 00 9F 00 09 00 00 00 2E 0E 31 2E
[ 1758.499s] FRAME (len=12): 0C 00 11 00 00 00 00 00 01 00 61 76
[ 1760.147s] TEXT: '...;.'
[ 1760.147s] FRAME (len=56): 38 00 11 00 01 00 00 00 01 00 00 12 4B 00 38 0D 16 FD 03 00 DE 07 5A 27 31 19 D4 FF 64 00 EE 02 00 00 00 00 00 00 0A 04 00 00 00 00 00 00 06 01 00 00 00 00 00 00 46 FF
[ 1764.682s] TEXT: '....TX succeeded...;.'
[ 1764.682s] FRAME (len=56): 38 00 11 00 01 00 00 00 01 00 46 81 9E E3 00 1D 00 0F 20 00 F3 0A 59 27 56 8B 00 00 00 00 00 00 61 07 73 62 25 00 30 00 00 88 00 00 98 00 9F 00 09 00 00 00 2E 0E 31 2E
[ 1764.892s] TEXT: '.....'
[ 1764.892s] FRAME (len=12): 0C 00 11 00 00 00 00 00 01 00 61 76
[ 1770.910s] TEXT: '...;.'
[ 1770.910s] TEXT: '.....'
[ 1770.910s] FRAME (len=56): 38 00 11 00 01 00 00 00 01 00 46 81 9E E3 00 1D 00 0F 20 00 F3 0A 59 27 56 8B 00 00 00 00 00 00 61 07 73 62 25 00 30 00 00 88 00 00 98 00 9F 00 09 00 00 00 2E 0E 31 2E
[ 1770.910s] FRAME (len=12): 0C 00 11 00 00 00 00 00 01 00 61 76
[ 1777.339s] TEXT: '...;.'
[ 1777.339s] TEXT: '.....'
[ 1777.339s] TEXT: '.....'
[ 1777.339s] FRAME (len=56): 38 00 11 00 01 00 00 00 01 00 46 81 9E E3 00 1D 00 0F 20 00 F3 0A 58 27 56 AB 00 00 00 00 00 00 61 07 73 62 25 00 30 00 00 88 00 00 98 00 9F 00 09 00 00 00 1B 0E 28 62
[ 1777.339s] FRAME (len=12): 0C 00 11 00 00 00 00 00 01 00 61 76
[ 1777.339s] FRAME (len=12): 0C 00 11 00 0B 00 00 00 01 00 C3 B5
[ 1783.363s] TEXT: '...;.'
[ 1783.363s] TEXT: '.....'
[ 1783.363s] FRAME (len=56): 38 00 11 00 01 00 00 00 01 00 46 81 9E E3 00 1D 00 0F 20 00 F3 0A 58 27 56 AB 00 00 00 00 00 00 61 07 73 62 25 00 30 00 00 88 00 00 98 00 9F 00 09 00 00 00 1B 0E 28 62
[ 1783.363s] FRAME (len=12): 0C 00 11 00 00 00 00 00 01 00 61 76
[ 1785.854s] TEXT: '...;.'
[ 1785.854s] FRAME (len=56): 38 00 11 00 01 00 00 00 01 00 00 12 4B 00 38 0D 16 FD 03 00 E1 07 5A 27 31 49 D4 FF 64 00 EE 02 00 00 00 00 00 00 0A 04 00 00 00 00 00 00 06 01 00 00 00 00 00 00 29 7E
[ 1789.578s] TEXT: '....TX succeeded...;.'
[ 1789.578s] TEXT: '.....'
[ 1789.578s] FRAME (len=56): 38 00 11 00 01 00 00 00 01 00 46 81 9E E3 00 1D 00 0F 20 00 F3 0A 58 27 56 AB 00 00 00 00 00 00 61 07 73 62 25 00 30 00 00 88 00 00 98 00 9F 00 09 00 00 00 1B 0E 28 62
[ 1789.578s] FRAME (len=12): 0C 00 11 00 00 00 00 00 01 00 61 76
[ 1795.780s] TEXT: '...;.'
[ 1795.780s] TEXT: '.....'
[ 1795.780s] FRAME (len=56): 38 00 11 00 01 00 00 00 01 00 46 81 9E E3 00 1D 00 0F 20 00 F3 0A 58 27 56 AB 00 00 00 00 00 00 61 07 73 62 25 00 30 00 00 88 00 00 98 00 9F 00 09 00 00 00 1B 0E 28 62
[ 1795.780s] FRAME (len=12): 0C 00 11 00 00 00 00 00 01 00 61 76
[ 1802.205s] TEXT: '...;.'
[ 1802.205s] TEXT: '.....'
[ 1802.205s] TEXT: '.....'
[ 1802.205s] FRAME (len=56): 38 00 11 00 01 00 00 00 01 00 46 81 9E E3 00 1D 00 0F 20 00 EA 0A 59 27 56 97 00 00 00 00 00 00 61 07 73 62 25 00 31 00 00 88 00 00 98 00 9F 00 09 00 00 00 1B 0E 26 E9
[ 1802.205s] FRAME (len=12): 0C 00 11 00 00 00 00 00 01 00 61 76
[ 1802.205s] FRAME (len=12): 0C 00 11 00 0B 00 00 00 01 00 C3 B5
[ 1808.409s] TEXT: '...;.'
[ 1808.409s] TEXT: '.....'
[ 1808.409s] FRAME (len=56): 38 00 11 00 01 00 00 00 01 00 46 81 9E E3 00 1D 00 0F 20 00 EA 0A 59 27 56 97 00 00 00 00 00 00 61 07 73 62 25 00 31 00 00 88 00 00 98 00 9F 00 09 00 00 00 1B 0E 26 E9
[ 1808.409s] FRAME (len=12): 0C 00 11 00 00 00 00 00 01 00 61 76
[ 1811.518s] TEXT: '...;.'
[ 1811.518s] FRAME (len=56): 38 00 11 00 01 00 00 00 01 00 00 12 4B 00 38 0D 16 FD 03 00 E3 07 5A 27 31 79 D4 FF 64 00 EE 02 00 00 00 00 00 00 0A 04 00 00 00 00 00 00 06 01 00 00 00 00 00 00 F2 46
[ 1814.420s] TEXT: '....TX succeeded...;.'
[ 1814.420s] FRAME (len=56): 38 00 11 00 01 00 00 00 01 00 46 81 9E E3 00 1D 00 0F 20 00 EA 0A 59 27 56 97 00 00 00 00 00 00 61 07 73 62 25 00 31 00 00 88 00 00 98 00 9F 00 09 00 00 00 1B 0E 26 E9
[ 1814.626s] TEXT: '.....'
[ 1814.626s] FRAME (len=12): 0C 00 11 00 00 00 00 00 01 00 61 76
[ 1820.612s] TEXT: '...;.'
[ 1820.612s] FRAME (len=56): 38 00 11 00 01 00 00 00 01 00 46 81 9E E3 00 1D 00 0F 20 00 EA 0A 59 27 56 97 00 00 00 00 00 00 61 07 73 62 25 00 31 00 00 88 00 00 98 00 9F 00 09 00 00 00 1B 0E 26 E9
[ 1820.817s] TEXT: '.....'
[ 1820.817s] FRAME (len=12): 0C 00 11 00 00 00 00 00 01 00 61 76
[ 1827.014s] TEXT: '...;.'
[ 1827.014s] FRAME (len=56): 38 00 11 00 01 00 00 00 01 00 46 81 9E E3 00 1D 00 0F 20 00 E7 0A 59 27 56 99 00 00 00 00 00 00 61 07 73 62 25 00 30 00 00 88 00 00 98 00 9F 00 09 00 00 00 F5 0D 42 DA
[ 1827.217s] TEXT: '.....'
[ 1827.217s] TEXT: '.....'
[ 1827.217s] FRAME (len=12): 0C 00 11 00 00 00 00 00 01 00 61 76
[ 1827.217s] FRAME (len=12): 0C 00 11 00 0B 00 00 00 01 00 C3 B5
[ 1833.224s] TEXT: '...;.'
[ 1833.224s] TEXT: '.....'
[ 1833.224s] FRAME (len=56): 38 00 11 00 01 00 00 00 01 00 46 81 9E E3 00 1D 00 0F 20 00 E7 0A 59 27 56 99 00 00 00 00 00 00 61 07 73 62 25 00 30 00 00 88 00 00 98 00 9F 00 09 00 00 00 F5 0D 42 DA
[ 1833.224s] FRAME (len=12): 0C 00 11 00 00 00 00 00 01 00 61 76
[ 1837.152s] TEXT: '...;.'
[ 1837.152s] FRAME (len=56): 38 00 11 00 01 00 00 00 01 00 00 12 4B 00 38 0D 16 FD 03 00 E6 07 5B 27 31 01 D4 FF 64 00 EE 02 00 00 00 00 00 00 0A 04 00 00 00 00 00 00 06 01 00 00 00 00 00 00 7F FA
[ 1839.429s] TEXT: '....TX failed: 0xc....TX failed: 0xc...;.'
[ 1839.429s] TEXT: '.....'
[ 1839.429s] FRAME (len=56): 38 00 11 00 01 00 00 00 01 00 46 81 9E E3 00 1D 00 0F 20 00 E7 0A 59 27 56 99 00 00 00 00 00 00 61 07 73 62 25 00 30 00 00 88 00 00 98 00 9F 00 09 00 00 00 F5 0D 42 DA
[ 1839.429s] FRAME (len=12): 0C 00 11 00 00 00 00 00 01 00 61 76
[ 1845.633s] TEXT: '...;.'
[ 1845.633s] TEXT: '.....'
[ 1845.633s] FRAME (len=56): 38 00 11 00 01 00 00 00 01 00 46 81 9E E3 00 1D 00 0F 20 00 E7 0A 59 27 56 99 00 00 00 00 00 00 61 07 73 62 25 00 30 00 00 88 00 00 98 00 9F 00 09 00 00 00 F5 0D 42 DA
[ 1845.633s] FRAME (len=12): 0C 00 11 00 00 00 00 00 01 00 61 76
[ 1852.042s] TEXT: '...;.'
[ 1852.042s] TEXT: '.....'
[ 1852.042s] TEXT: '.....'
[ 1852.042s] FRAME (len=56): 38 00 11 00 01 00 00 00 01 00 46 81 9E E3 00 1D 00 0F 20 00 E7 0A 58 27 56 C5 00 00 00 00 00 00 61 07 73 62 25 00 31 00 00 88 00 00 98 00 9F 00 09 00 00 00 E1 0D 6B D1
[ 1852.042s] FRAME (len=12): 0C 00 11 00 00 00 00 00 01 00 61 76
[ 1852.042s] FRAME (len=12): 0C 00 11 00 0B 00 00 00 01 00 C3 B5
[ 1858.033s] TEXT: '...;.'
[ 1858.033s] TEXT: '.....'
[ 1858.033s] FRAME (len=56): 38 00 11 00 01 00 00 00 01 00 46 81 9E E3 00 1D 00 0F 20 00 E7 0A 58 27 56 C5 00 00 00 00 00 00 61 07 73 62 25 00 31 00 00 88 00 00 98 00 9F 00 09 00 00 00 E1 0D 6B D1
[ 1858.033s] FRAME (len=12): 0C 00 11 00 00 00 00 00 01 00 61 76
[ 1863.837s] TEXT: '...;.'
[ 1863.837s] FRAME (len=56): 38 00 11 00 01 00 00 00 01 00 00 12 4B 00 38 0D 16 FD 03 00 E8 07 5A 27 31 69 D4 FF 64 00 EE 02 00 00 00 00 00 00 0A 04 00 00 00 00 00 00 06 01 00 00 00 00 00 00 9F AC
[ 1864.247s] TEXT: '....TX succeeded...;.'
[ 1864.247s] TEXT: '.....'
[ 1864.247s] FRAME (len=56): 38 00 11 00 01 00 00 00 01 00 46 81 9E E3 00 1D 00 0F 20 00 E7 0A 58 27 56 C5 00 00 00 00 00 00 61 07 73 62 25 00 31 00 00 88 00 00 98 00 9F 00 09 00 00 00 E1 0D 6B D1
[ 1864.247s] FRAME (len=12): 0C 00 11 00 00 00 00 00 01 00 61 76
[ 1870.469s] TEXT: '...;.'
[ 1870.469s] TEXT: '.....'
[ 1870.469s] FRAME (len=56): 38 00 11 00 01 00 00 00 01 00 46 81 9E E3 00 1D 00 0F 20 00 E7 0A 58 27 56 C5 00 00 00 00 00 00 61 07 73 62 25 00 31 00 00 88 00 00 98 00 9F 00 09 00 00 00 E1 0D 6B D1
[ 1870.469s] FRAME (len=12): 0C 00 11 00 00 00 00 00 01 00 61 76
[ 1876.868s] TEXT: '...;.'
[ 1876.868s] TEXT: '.....'
[ 1876.868s] TEXT: '.....'
[ 1876.868s] FRAME (len=56): 38 00 11 00 01 00 00 00 01 00 46 81 9E E3 00 1D 00 0F 20 00 F1 0A 58 27 56 C5 00 00 00 00 00 00 61 07 73 62 25 00 34 00 00 88 00 00 98 00 9F 00 09 00 00 00 1B 0E 30 1E
[ 1876.868s] FRAME (len=12): 0C 00 11 00 00 00 00 00 01 00 61 76
[ 1876.868s] FRAME (len=12): 0C 00 11 00 0B 00 00 00 01 00 C3 B5
[ 1882.881s] TEXT: '...;.'
[ 1882.881s] TEXT: '.....'
[ 1882.881s] FRAME (len=56): 38 00 11 00 01 00 00 00 01 00 46 81 9E E3 00 1D 00 0F 20 00 F1 0A 58 27 56 C5 00 00 00 00 00 00 61 07 73 62 25 00 34 00 00 88 00 00 98 00 9F 00 09 00 00 00 1B 0E 30 1E
[ 1882.881s] FRAME (len=12): 0C 00 11 00 00 00 00 00 01 00 61 76
[ 1889.081s] TEXT: '...;.'
[ 1889.081s] TEXT: '.....'
[ 1889.081s] FRAME (len=56): 38 00 11 00 01 00 00 00 01 00 46 81 9E E3 00 1D 00 0F 20 00 F1 0A 58 27 56 C5 00 00 00 00 00 00 61 07 73 62 25 00 34 00 00 88 00 00 98 00 9F 00 09 00 00 00 1B 0E 30 1E
[ 1889.081s] FRAME (len=12): 0C 00 11 00 00 00 00 00 01 00 61 76
[ 1889.500s] TEXT: '...;.'
[ 1889.500s] FRAME (len=56): 38 00 11 00 01 00 00 00 01 00 00 12 4B 00 38 0D 16 FD 03 00 EA 07 5A 27 31 65 D4 FF 64 00 EE 02 00 00 00 00 00 00 0A 04 00 00 00 00 00 00 06 01 00 00 00 00 00 00 D8 80
[ 1895.300s] TEXT: '....TX succeeded...;.'
[ 1895.300s] TEXT: '.....'
[ 1895.300s] FRAME (len=56): 38 00 11 00 01 00 00 00 01 00 46 81 9E E3 00 1D 00 0F 20 00 F1 0A 58 27 56 C5 00 00 00 00 00 00 61 07 73 62 25 00 34 00 00 88 00 00 98 00 9F 00 09 00 00 00 1B 0E 30 1E
[ 1895.300s] FRAME (len=12): 0C 00 11 00 00 00 00 00 01 00 61 76
[ 1901.703s] TEXT: '...;.'
[ 1901.703s] TEXT: '.....'
[ 1901.703s] TEXT: '.....'
[ 1901.703s] FRAME (len=56): 38 00 11 00 01 00 00 00 01 00 46 81 9E E3 00 1D 00 0F 20 00 EE 0A 58 27 56 C5 00 00 00 00 00 00 61 07 73 62 25 00 35 00 00 88 00 00 98 00 9F 00 09 00 00 00 08 0E 79 F6
[ 1901.703s] FRAME (len=12): 0C 00 11 00 00 00 00 00 01 00 61 76
[ 1901.703s] FRAME (len=12): 0C 00 11 00 0B 00 00 00 01 00 C3 B5
[ 1907.727s] TEXT: '...;.'
[ 1907.727s] TEXT: '.....'
[ 1907.727s] FRAME (len=56): 38 00 11 00 01 00 00 00 01 00 46 81 9E E3 00 1D 00 0F 20 00 EE 0A 58 27 56 C5 00 00 00 00 00 00 61 07 73 62 25 00 35 00 00 88 00 00 98 00 9F 00 09 00 00 00 08 0E 79 F6
[ 1907.727s] FRAME (len=12): 0C 00 11 00 00 00 00 00 01 00 61 76
[ 1913.963s] TEXT: '...;.'
[ 1913.963s] TEXT: '.....'
[ 1913.963s] FRAME (len=56): 38 00 11 00 01 00 00 00 01 00 46 81 9E E3 00 1D 00 0F 20 00 EE 0A 58 27 56 C5 00 00 00 00 00 00 61 07 73 62 25 00 35 00 00 88 00 00 98 00 9F 00 09 00 00 00 08 0E 79 F6
[ 1913.963s] FRAME (len=12): 0C 00 11 00 00 00 00 00 01 00 61 76
[ 1915.203s] TEXT: '...;.'
[ 1915.203s] FRAME (len=56): 38 00 11 00 01 00 00 00 01 00 00 12 4B 00 38 0D 16 FD 03 00 ED 07 5A 27 31 71 D4 FF 64 00 EE 02 00 00 00 00 00 00 0A 04 00 00 00 00 00 00 06 01 00 00 00 00 00 00 34 68
[ 1920.147s] TEXT: '....TX succeeded...;.'
[ 1920.147s] TEXT: '.....'
[ 1920.147s] FRAME (len=56): 38 00 11 00 01 00 00 00 01 00 46 81 9E E3 00 1D 00 0F 20 00 EE 0A 58 27 56 C5 00 00 00 00 00 00 61 07 73 62 25 00 35 00 00 88 00 00 98 00 9F 00 09 00 00 00 08 0E 79 F6
[ 1920.147s] FRAME (len=12): 0C 00 11 00 00 00 00 00 01 00 61 76
[ 1926.545s] TEXT: '...;.'
[ 1926.545s] TEXT: '.....'
[ 1926.545s] TEXT: '.....'
[ 1926.545s] FRAME (len=56): 38 00 11 00 01 00 00 00 01 00 46 81 9E E3 00 1D 00 0F 20 00 E3 0A 58 27 56 C5 00 00 00 00 00 00 61 07 73 62 25 00 37 00 00 88 00 00 98 00 9F 00 09 00 00 00 08 0E 4F DB
[ 1926.545s] FRAME (len=12): 0C 00 11 00 00 00 00 00 01 00 61 76
[ 1926.545s] FRAME (len=12): 0C 00 11 00 0B 00 00 00 01 00 C3 B5
[ 1932.767s] TEXT: '...;.'
[ 1932.767s] TEXT: '.....'
[ 1932.767s] FRAME (len=56): 38 00 11 00 01 00 00 00 01 00 46 81 9E E3 00 1D 00 0F 20 00 E3 0A 58 27 56 C5 00 00 00 00 00 00 61 07 73 62 25 00 37 00 00 88 00 00 98 00 9F 00 09 00 00 00 08 0E 4F DB
[ 1932.767s] FRAME (len=12): 0C 00 11 00 00 00 00 00 01 00 61 76
[ 1938.966s] TEXT: '...;.'
[ 1938.966s] TEXT: '.....'
[ 1938.966s] FRAME (len=56): 38 00 11 00 01 00 00 00 01 00 46 81 9E E3 00 1D 00 0F 20 00 E3 0A 58 27 56 C5 00 00 00 00 00 00 61 07 73 62 25 00 37 00 00 88 00 00 98 00 9F 00 09 00 00 00 08 0E 4F DB
[ 1938.966s] FRAME (len=12): 0C 00 11 00 00 00 00 00 01 00 61 76
[ 1940.839s] TEXT: '...;.'
[ 1940.839s] FRAME (len=56): 38 00 11 00 01 00 00 00 01 00 00 12 4B 00 38 0D 16 FD 03 00 EF 07 5B 27 31 05 D4 FF 64 00 EE 02 00 00 00 00 00 00 0A 04 00 00 00 00 00 00 06 01 00 00 00 00 00 00 0D 34
[ 1944.992s] TEXT: '....TX succeeded...;.'
[ 1944.992s] FRAME (len=56): 38 00 11 00 01 00 00 00 01 00 46 81 9E E3 00 1D 00 0F 20 00 E3 0A 58 27 56 C5 00 00 00 00 00 00 61 07 73 62 25 00 37 00 00 88 00 00 98 00 9F 00 09 00 00 00 08 0E 4F DB
[ 1945.201s] TEXT: '.....'
[ 1945.201s] FRAME (len=12): 0C 00 11 00 00 00 00 00 01 00 61 76
[ 1951.384s] TEXT: '...;.'
[ 1951.384s] TEXT: '.....'
[ 1951.384s] TEXT: '.....'
[ 1951.384s] FRAME (len=56): 38 00 11 00 01 00 00 00 01 00 46 81 9E E3 00 1D 00 0F 20 00 E9 0A 59 27 55 85 00 00 00 00 00 00 61 07 73 62 25 00 39 00 00 88 00 00 98 00 9F 00 09 00 00 00 2E 0E CE A3
[ 1951.384s] FRAME (len=12): 0C 00 11 00 00 00 00 00 01 00 61 76
[ 1951.384s] FRAME (len=12): 0C 00 11 00 0B 00 00 00 01 00 C3 B5
[ 1957.591s] TEXT: '...;.'
[ 1957.591s] TEXT: '.....'
[ 1957.591s] FRAME (len=56): 38 00 11 00 01 00 00 00 01 00 46 81 9E E3 00 1D 00 0F 20 00 E9 0A 59 27 55 85 00 00 00 00 00 00 61 07 73 62 25 00 39 00 00 88 00 00 98 00 9F 00 09 00 00 00 2E 0E CE A3
[ 1957.591s] FRAME (len=12): 0C 00 11 00 00 00 00 00 01 00 61 76
[ 1963.824s] TEXT: '...;.'
[ 1963.824s] TEXT: '.....'
[ 1963.824s] FRAME (len=56): 38 00 11 00 01 00 00 00 01 00 46 81 9E E3 00 1D 00 0F 20 00 E9 0A 59 27 55 85 00 00 00 00 00 00 61 07 73 62 25 00 39 00 00 88 00 00 98 00 9F 00 09 00 00 00 2E 0E CE A3
[ 1963.824s] FRAME (len=12): 0C 00 11 00 00 00 00 00 01 00 61 76
[ 1966.518s] TEXT: '...;.'
[ 1966.518s] FRAME (len=56): 38 00 11 00 01 00 00 00 01 00 00 12 4B 00 38 0D 16 FD 03 00 F1 07 5A 27 31 1D D4 FF 64 00 EE 02 00 00 00 00 00 00 0A 04 00 00 00 00 00 00 06 01 00 00 00 00 00 00 7B EF
[ 1969.824s] TEXT: '....TX succeeded...;.'
[ 1970.025s] TEXT: '.....'
[ 1970.025s] FRAME (len=56): 38 00 11 00 01 00 00 00 01 00 46 81 9E E3 00 1D 00 0F 20 00 E9 0A 59 27 55 85 00 00 00 00 00 00 61 07 73 62 25 00 39 00 00 88 00 00 98 00 9F 00 09 00 00 00 2E 0E CE A3
[ 1970.025s] FRAME (len=12): 0C 00 11 00 00 00 00 00 01 00 61 76
[ 1976.238s] TEXT: '...;.'
[ 1976.238s] TEXT: '.....'
[ 1976.238s] TEXT: '.....'
[ 1976.238s] FRAME (len=56): 38 00 11 00 01 00 00 00 01 00 46 81 9E E3 00 1D 00 0F 20 00 E7 0A 59 27 56 8F 00 00 00 00 00 00 61 07 73 62 25 00 39 00 00 88 00 00 98 00 9F 00 09 00 00 00 08 0E 84 CB
[ 1976.238s] FRAME (len=12): 0C 00 11 00 00 00 00 00 01 00 61 76
[ 1976.238s] FRAME (len=12): 0C 00 11 00 0B 00 00 00 01 00 C3 B5
[ 1982.462s] TEXT: '...;.'
[ 1982.462s] TEXT: '.....'
[ 1982.462s] FRAME (len=56): 38 00 11 00 01 00 00 00 01 00 46 81 9E E3 00 1D 00 0F 20 00 E7 0A 59 27 56 8F 00 00 00 00 00 00 61 07 73 62 25 00 39 00 00 88 00 00 98 00 9F 00 09 00 00 00 08 0E 84 CB
[ 1982.462s] FRAME (len=12): 0C 00 11 00 00 00 00 00 01 00 61 76
[ 1988.668s] TEXT: '...;.'
[ 1988.668s] TEXT: '.....'
[ 1988.668s] FRAME (len=56): 38 00 11 00 01 00 00 00 01 00 46 81 9E E3 00 1D 00 0F 20 00 E7 0A 59 27 56 8F 00 00 00 00 00 00 61 07 73 62 25 00 39 00 00 88 00 00 98 00 9F 00 09 00 00 00 08 0E 84 CB
[ 1988.668s] FRAME (len=12): 0C 00 11 00 00 00 00 00 01 00 61 76
[ 1993.227s] TEXT: '...;.'
[ 1993.227s] FRAME (len=56): 38 00 11 00 01 00 00 00 01 00 00 12 4B 00 38 0D 16 FD 03 00 F3 07 5A 27 31 11 D4 FF 64 00 EE 02 00 00 00 00 00 00 0A 04 00 00 00 00 00 00 06 01 00 00 00 00 00 00 3C C3
[ 1994.884s] TEXT: '....TX succeeded...;.'
[ 1994.884s] TEXT: '.....'
[ 1994.884s] FRAME (len=56): 38 00 11 00 01 00 00 00 01 00 46 81 9E E3 00 1D 00 0F 20 00 E7 0A 59 27 56 8F 00 00 00 00 00 00 61 07 73 62 25 00 39 00 00 88 00 00 98 00 9F 00 09 00 00 00 08 0E 84 CB
[ 1994.884s] FRAME (len=12): 0C 00 11 00 00 00 00 00 01 00 61 76
[ 2001.114s] TEXT: '...;.'
[ 2001.114s] TEXT: '.....'
[ 2001.114s] TEXT: '.....'
[ 2001.114s] FRAME (len=56): 38 00 11 00 01 00 00 00 01 00 46 81 9E E3 00 1D 00 0F 20 00 CB 0A 59 27 56 87 00 00 00 00 00 00 61 07 73 62 26 00 38 00 00 88 00 00 98 00 9F 00 09 00 00 00 F5 0D 73 96
[ 2001.114s] FRAME (len=12): 0C 00 11 00 00 00 00 00 01 00 61 76
[ 2001.114s] FRAME (len=12): 0C 00 11 00 0B 00 00 00 01 00 C3 B5
[ 2007.338s] TEXT: '...;.'
[ 2007.338s] TEXT: '.....'
[ 2007.338s] FRAME (len=56): 38 00 11 00 01 00 00 00 01 00 46 81 9E E3 00 1D 00 0F 20 00 CB 0A 59 27 56 87 00 00 00 00 00 00 61 07 73 62 26 00 38 00 00 88 00 00 98 00 9F 00 09 00 00 00 F5 0D 73 96
[ 2007.338s] FRAME (len=12): 0C 00 11 00 00 00 00 00 01 00 61 76
[ 2013.557s] TEXT: '...;.'
[ 2013.557s] TEXT: '.....'
[ 2013.557s] FRAME (len=56): 38 00 11 00 01 00 00 00 01 00 46 81 9E E3 00 1D 00 0F 20 00 CB 0A 59 27 56 87 00 00 00 00 00 00 61 07 73 62 26 00 38 00 00 88 00 00 98 00 9F 00 09 00 00 00 F5 0D 73 96
[ 2013.557s] FRAME (len=12): 0C 00 11 00 00 00 00 00 01 00 61 76
[ 2018.941s] TEXT: '...;.'
[ 2018.941s] FRAME (len=56): 38 00 11 00 01 00 00 00 01 00 00 12 4B 00 38 0D 16 FD 03 00 F6 07 5B 27 31 0D D4 FF 64 00 EE 02 00 00 00 00 00 00 0A 04 00 00 00 00 00 00 06 01 00 00 00 00 00 00 2A AD
[ 2019.562s] TEXT: '....TX succeeded...;.'
[ 2019.772s] TEXT: '.....'
[ 2019.772s] FRAME (len=56): 38 00 11 00 01 00 00 00 01 00 46 81 9E E3 00 1D 00 0F 20 00 CB 0A 59 27 56 87 00 00 00 00 00 00 61 07 73 62 26 00 38 00 00 88 00 00 98 00 9F 00 09 00 00 00 F5 0D 73 96
[ 2019.772s] FRAME (len=12): 0C 00 11 00 00 00 00 00 01 00 61 76
[ 2025.945s] TEXT: '...;.'
[ 2025.945s] TEXT: '.....'
[ 2025.945s] TEXT: '.....'
[ 2025.945s] FRAME (len=56): 38 00 11 00 01 00 00 00 01 00 46 81 9E E3 00 1D 00 0F 20 00 DD 0A 59 27 56 9D 00 00 00 00 00 00 61 07 73 62 25 00 3B 00 00 88 00 00 98 00 9F 00 09 00 00 00 08 0E C3 F9
[ 2025.945s] FRAME (len=12): 0C 00 11 00 00 00 00 00 01 00 61 76
[ 2025.945s] FRAME (len=12): 0C 00 11 00 0B 00 00 00 01 00 C3 B5
[ 2032.180s] TEXT: '...;.'
[ 2032.180s] TEXT: '.....'
[ 2032.180s] FRAME (len=56): 38 00 11 00 01 00 00 00 01 00 46 81 9E E3 00 1D 00 0F 20 00 DD 0A 59 27 56 9D 00 00 00 00 00 00 61 07 73 62 25 00 3B 00 00 88 00 00 98 00 9F 00 09 00 00 00 08 0E C3 F9
[ 2032.180s] FRAME (len=12): 0C 00 11 00 00 00 00 00 01 00 61 76
[ 2038.362s] TEXT: '...;.'
[ 2038.362s] TEXT: '.....'
[ 2038.362s] FRAME (len=56): 38 00 11 00 01 00 00 00 01 00 46 81 9E E3 00 1D 00 0F 20 00 DD 0A 59 27 56 9D 00 00 00 00 00 00 61 07 73 62 25 00 3B 00 00 88 00 00 98 00 9F 00 09 00 00 00 08 0E C3 F9
[ 2038.362s] FRAME (len=12): 0C 00 11 00 00 00 00 00 01 00 61 76
[ 2044.580s] TEXT: '...;.'
[ 2044.580s] TEXT: '....TX succeeded...;.'
[ 2044.580s] TEXT: '.....'
[ 2044.580s] FRAME (len=56): 38 00 11 00 01 00 00 00 01 00 00 12 4B 00 38 0D 16 FD 03 00 F7 07 5A 27 31 1D D4 FF 64 00 EE 02 00 00 00 00 00 00 0A 04 00 00 00 00 00 00 06 01 00 00 00 00 00 00 C6 97
[ 2044.580s] FRAME (len=56): 38 00 11 00 01 00 00 00 01 00 46 81 9E E3 00 1D 00 0F 20 00 DD 0A 59 27 56 9D 00 00 00 00 00 00 61 07 73 62 25 00 3B 00 00 88 00 00 98 00 9F 00 09 00 00 00 08 0E C3 F9
[ 2044.580s] FRAME (len=12): 0C 00 11 00 00 00 00 00 01 00 61 76
[ 2050.984s] TEXT: '...;.'
[ 2050.984s] TEXT: '.....'
[ 2050.984s] TEXT: '.....'
[ 2050.984s] FRAME (len=56): 38 00 11 00 01 00 00 00 01 00 46 81 9E E3 00 1D 00 0F 20 00 E8 0A 59 27 56 A5 00 00 00 00 00 00 61 07 73 62 25 00 3D 00 00 88 00 00 98 00 9F 00 09 00 00 00 08 0E 67 E7
[ 2050.984s] FRAME (len=12): 0C 00 11 00 00 00 00 00 01 00 61 76
[ 2050.984s] FRAME (len=12): 0C 00 11 00 0B 00 00 00 01 00 C3 B5
[ 2056.982s] TEXT: '...;.'
[ 2056.982s] TEXT: '.....'
[ 2056.982s] FRAME (len=56): 38 00 11 00 01 00 00 00 01 00 46 81 9E E3 00 1D 00 0F 20 00 E8 0A 59 27 56 A5 00 00 00 00 00 00 61 07 73 62 25 00 3D 00 00 88 00 00 98 00 9F 00 09 00 00 00 08 0E 67 E7
[ 2056.982s] FRAME (len=12): 0C 00 11 00 00 00 00 00 01 00 61 76
[ 2063.191s] TEXT: '...;.'
[ 2063.191s] TEXT: '.....'
[ 2063.191s] FRAME (len=56): 38 00 11 00 01 00 00 00 01 00 46 81 9E E3 00 1D 00 0F 20 00 E8 0A 59 27 56 A5 00 00 00 00 00 00 61 07 73 62 25 00 3D 00 00 88 00 00 98 00 9F 00 09 00 00 00 08 0E 67 E7
[ 2063.191s] FRAME (len=12): 0C 00 11 00 00 00 00 00 01 00 61 76
[ 2069.392s] TEXT: '...;.'
[ 2069.392s] TEXT: '.....'
[ 2069.392s] FRAME (len=56): 38 00 11 00 01 00 00 00 01 00 46 81 9E E3 00 1D 00 0F 20 00 E8 0A 59 27 56 A5 00 00 00 00 00 00 61 07 73 62 25 00 3D 00 00 88 00 00 98 00 9F 00 09 00 00 00 08 0E 67 E7
[ 2069.392s] FRAME (len=12): 0C 00 11 00 00 00 00 00 01 00 61 76
[ 2070.217s] TEXT: '...;.'
[ 2070.217s] FRAME (len=56): 38 00 11 00 01 00 00 00 01 00 00 12 4B 00 38 0D 16 FD 03 00 FA 07 5B 27 31 15 D4 FF 64 00 EE 02 00 00 00 00 00 00 0A 04 00 00 00 00 00 00 06 01 00 00 00 00 00 00 08 54
[ 2075.810s] TEXT: '....TX succeeded...;.'
[ 2075.810s] TEXT: '.....'
[ 2075.810s] TEXT: '.....'
[ 2075.810s] FRAME (len=56): 38 00 11 00 01 00 00 00 01 00 46 81 9E E3 00 1D 00 0F 20 00 E9 0A 59 27 56 BD 00 00 00 00 00 00 61 07 73 62 25 00 3F 00 00 88 00 00 98 00 9F 00 09 00 00 00 1B 0E 53 65
[ 2075.810s] FRAME (len=12): 0C 00 11 00 00 00 00 00 01 00 61 76
[ 2075.810s] FRAME (len=12): 0C 00 11 00 0B 00 00 00 01 00 C3 B5
[ 2081.840s] TEXT: '...;.'
[ 2081.840s] TEXT: '.....'
[ 2081.840s] FRAME (len=56): 38 00 11 00 01 00 00 00 01 00 46 81 9E E3 00 1D 00 0F 20 00 E9 0A 59 27 56 BD 00 00 00 00 00 00 61 07 73 62 25 00 3F 00 00 88 00 00 98 00 9F 00 09 00 00 00 1B 0E 53 65
[ 2081.840s] FRAME (len=12): 0C 00 11 00 00 00 00 00 01 00 61 76
[ 2088.059s] TEXT: '...;.'
[ 2088.059s] TEXT: '.....'
[ 2088.059s] FRAME (len=56): 38 00 11 00 01 00 00 00 01 00 46 81 9E E3 00 1D 00 0F 20 00 E9 0A 59 27 56 BD 00 00 00 00 00 00 61 07 73 62 25 00 3F 00 00 88 00 00 98 00 9F 00 09 00 00 00 1B 0E 53 65
[ 2088.059s] FRAME (len=12): 0C 00 11 00 00 00 00 00 01 00 61 76
[ 2094.264s] TEXT: '...;.'
[ 2094.264s] TEXT: '.....'
[ 2094.264s] FRAME (len=56): 38 00 11 00 01 00 00 00 01 00 46 81 9E E3 00 1D 00 0F 20 00 E9 0A 59 27 56 BD 00 00 00 00 00 00 61 07 73 62 25 00 3F 00 00 88 00 00 98 00 9F 00 09 00 00 00 1B 0E 53 65
[ 2094.264s] FRAME (len=12): 0C 00 11 00 00 00 00 00 01 00 61 76
[ 2095.929s] TEXT: '...;.'
[ 2095.929s] FRAME (len=56): 38 00 11 00 01 00 00 00 01 00 00 12 4B 00 38 0D 16 FD 03 00 FD 07 5B 27 31 09 D4 FF 64 00 EE 02 00 00 00 00 00 00 0A 04 00 00 00 00 00 00 06 01 00 00 00 00 00 00 33 4B
[ 2100.705s] TEXT: '....TX succeeded...;.'
[ 2100.705s] TEXT: '.....'
[ 2100.705s] TEXT: '.....'
[ 2100.705s] FRAME (len=56): 38 00 11 00 01 00 00 00 01 00 46 81 9E E3 00 1D 00 0F 20 00 DA 0A 59 27 55 93 00 00 00 00 00 00 61 07 73 62 25 00 44 00 00 88 00 00 98 00 9F 00 09 00 00 00 08 0E 97 63
[ 2100.705s] FRAME (len=12): 0C 00 11 00 00 00 00 00 01 00 61 76
[ 2100.705s] FRAME (len=12): 0C 00 11 00 0B 00 00 00 01 00 C3 B5
[ 2106.730s] TEXT: '...;.'
[ 2106.730s] TEXT: '.....'
[ 2106.730s] FRAME (len=56): 38 00 11 00 01 00 00 00 01 00 46 81 9E E3 00 1D 00 0F 20 00 DA 0A 59 27 55 93 00 00 00 00 00 00 61 07 73 62 25 00 44 00 00 88 00 00 98 00 9F 00 09 00 00 00 08 0E 97 63
[ 2106.730s] FRAME (len=12): 0C 00 11 00 00 00 00 00 01 00 61 76
[ 2112.957s] TEXT: '...;.'
[ 2112.957s] TEXT: '.....'
[ 2112.957s] FRAME (len=56): 38 00 11 00 01 00 00 00 01 00 46 81 9E E3 00 1D 00 0F 20 00 DA 0A 59 27 55 93 00 00 00 00 00 00 61 07 73 62 25 00 44 00 00 88 00 00 98 00 9F 00 09 00 00 00 08 0E 97 63
[ 2112.957s] FRAME (len=12): 0C 00 11 00 00 00 00 00 01 00 61 76
[ 2119.193s] TEXT: '...;.'
[ 2119.193s] TEXT: '.....'
[ 2119.193s] FRAME (len=56): 38 00 11 00 01 00 00 00 01 00 46 81 9E E3 00 1D 00 0F 20 00 DA 0A 59 27 55 93 00 00 00 00 00 00 61 07 73 62 25 00 44 00 00 88 00 00 98 00 9F 00 09 00 00 00 08 0E 97 63
[ 2119.193s] FRAME (len=12): 0C 00 11 00 00 00 00 00 01 00 61 76
[ 2121.472s] TEXT: '...;.'
[ 2121.680s] FRAME (len=56): 38 00 11 00 01 00 00 00 01 00 00 12 4B 00 38 0D 16 FD 03 00 FE 07 5B 27 31 0D D4 FF 64 00 EE 02 00 00 00 00 00 00 0A 04 00 00 00 00 00 00 06 01 00 00 00 00 00 00 86 0C
[ 2125.418s] TEXT: '....TX failed: 0xc....TX failed: 0xc...;.'
[ 2125.418s] FRAME (len=56): 38 00 11 00 01 00 00 00 01 00 46 81 9E E3 00 1D 00 0F 20 00 CD 0A 59 27 55 A9 00 00 00 00 00 00 61 07 73 62 26 00 47 00 00 88 00 00 98 00 9F 00 09 00 00 00 1B 0E E3 7C
[ 2125.629s] TEXT: '.....'
[ 2125.629s] TEXT: '.....'
[ 2125.629s] FRAME (len=12): 0C 00 11 00 00 00 00 00 01 00 61 76
[ 2125.629s] FRAME (len=12): 0C 00 11 00 0B 00 00 00 01 00 C3 B5
[ 2131.651s] TEXT: '...;.'
[ 2131.651s] TEXT: '.....'
[ 2131.651s] FRAME (len=56): 38 00 11 00 01 00 00 00 01 00 46 81 9E E3 00 1D 00 0F 20 00 CD 0A 59 27 55 A9 00 00 00 00 00 00 61 07 73 62 26 00 47 00 00 88 00 00 98 00 9F 00 09 00 00 00 1B 0E E3 7C
[ 2131.651s] FRAME (len=12): 0C 00 11 00 00 00 00 00 01 00 61 76
[ 2137.880s] TEXT: '...;.'
[ 2137.880s] TEXT: '.....'
[ 2137.880s] FRAME (len=56): 38 00 11 00 01 00 00 00 01 00 46 81 9E E3 00 1D 00 0F 20 00 CD 0A 59 27 55 A9 00 00 00 00 00 00 61 07 73 62 26 00 47 00 00 88 00 00 98 00 9F 00 09 00 00 00 1B 0E E3 7C
[ 2137.880s] FRAME (len=12): 0C 00 11 00 00 00 00 00 01 00 61 76
[ 2144.088s] TEXT: '...;.'
[ 2144.088s] TEXT: '.....'
[ 2144.088s] FRAME (len=56): 38 00 11 00 01 00 00 00 01 00 46 81 9E E3 00 1D 00 0F 20 00 CD 0A 59 27 55 A9 00 00 00 00 00 00 61 07 73 62 26 00 47 00 00 88 00 00 98 00 9F 00 09 00 00 00 1B 0E E3 7C
[ 2144.088s] FRAME (len=12): 0C 00 11 00 00 00 00 00 01 00 61 76
[ 2148.230s] TEXT: '...;.'
[ 2148.230s] FRAME (len=56): 38 00 11 00 01 00 00 00 01 00 00 12 4B 00 38 0D 16 FD 03 00 01 08 5B 27 31 3D D4 FF 64 00 EE 02 00 00 00 00 00 00 0A 04 00 00 00 00 00 00 06 01 00 00 00 00 00 00 D5 F5
[ 2150.305s] TEXT: '....TX succeeded...;.'
[ 2150.305s] FRAME (len=56): 38 00 11 00 01 00 00 00 01 00 46 81 9E E3 00 1D 00 0F 20 00 E9 0A 59 27 56 A9 00 00 00 00 00 00 61 07 73 62 25 00 46 00 00 88 00 00 98 00 9F 00 09 00 00 00 08 0E 90 6F
[ 2150.510s] TEXT: '.....'
[ 2150.510s] TEXT: '.....'
[ 2150.510s] FRAME (len=12): 0C 00 11 00 00 00 00 00 01 00 61 76
[ 2150.510s] FRAME (len=12): 0C 00 11 00 0B 00 00 00 01 00 C3 B5
[ 2156.513s] TEXT: '...;.'
[ 2156.513s] TEXT: '.....'
[ 2156.513s] FRAME (len=56): 38 00 11 00 01 00 00 00 01 00 46 81 9E E3 00 1D 00 0F 20 00 E9 0A 59 27 56 A9 00 00 00 00 00 00 61 07 73 62 25 00 46 00 00 88 00 00 98 00 9F 00 09 00 00 00 08 0E 90 6F
[ 2156.513s] FRAME (len=12): 0C 00 11 00 00 00 00 00 01 00 61 76
[ 2162.716s] TEXT: '...;.'
[ 2162.716s] TEXT: '.....'
[ 2162.716s] FRAME (len=56): 38 00 11 00 01 00 00 00 01 00 46 81 9E E3 00 1D 00 0F 20 00 E9 0A 59 27 56 A9 00 00 00 00 00 00 61 07 73 62 25 00 46 00 00 88 00 00 98 00 9F 00 09 00 00 00 08 0E 90 6F
[ 2162.716s] FRAME (len=12): 0C 00 11 00 00 00 00 00 01 00 61 76
[ 2168.929s] TEXT: '...;.'
[ 2168.929s] TEXT: '.....'
[ 2168.929s] FRAME (len=56): 38 00 11 00 01 00 00 00 01 00 46 81 9E E3 00 1D 00 0F 20 00 E9 0A 59 27 56 A9 00 00 00 00 00 00 61 07 73 62 25 00 46 00 00 88 00 00 98 00 9F 00 09 00 00 00 08 0E 90 6F
[ 2168.929s] FRAME (len=12): 0C 00 11 00 00 00 00 00 01 00 61 76
[ 2173.904s] TEXT: '...;.'
[ 2173.904s] FRAME (len=56): 38 00 11 00 01 00 00 00 01 00 00 12 4B 00 38 0D 16 FD 03 00 03 08 5B 27 31 2D D4 FF 64 00 EE 02 00 00 00 00 00 00 0A 04 00 00 00 00 00 00 06 01 00 00 00 00 00 00 31 22
[ 2175.144s] TEXT: '....TX succeeded...;.'
[ 2175.144s] FRAME (len=56): 38 00 11 00 01 00 00 00 01 00 46 81 9E E3 00 1D 00 0F 20 00 E9 0A 59 27 56 AB 00 00 00 00 00 00 61 07 73 62 25 00 4A 00 00 88 00 00 98 00 9F 00 09 00 00 00 F5 0D D4 5A
[ 2175.353s] TEXT: '.....'
[ 2175.353s] TEXT: '.....'
[ 2175.353s] FRAME (len=12): 0C 00 11 00 00 00 00 00 01 00 61 76
[ 2175.353s] FRAME (len=12): 0C 00 11 00 0B 00 00 00 01 00 C3 B5
[ 2181.345s] TEXT: '...;.'
[ 2181.345s] TEXT: '.....'
[ 2181.345s] FRAME (len=56): 38 00 11 00 01 00 00 00 01 00 46 81 9E E3 00 1D 00 0F 20 00 E9 0A 59 27 56 AB 00 00 00 00 00 00 61 07 73 62 25 00 4A 00 00 88 00 00 98 00 9F 00 09 00 00 00 F5 0D D4 5A
[ 2181.345s] FRAME (len=12): 0C 00 11 00 00 00 00 00 01 00 61 76
[ 2187.555s] TEXT: '...;.'
[ 2187.555s] TEXT: '.....'
[ 2187.555s] FRAME (len=56): 38 00 11 00 01 00 00 00 01 00 46 81 9E E3 00 1D 00 0F 20 00 E9 0A 59 27 56 AB 00 00 00 00 00 00 61 07 73 62 25 00 4A 00 00 88 00 00 98 00 9F 00 09 00 00 00 F5 0D D4 5A
[ 2187.555s] FRAME (len=12): 0C 00 11 00 00 00 00 00 01 00 61 76
[ 2193.792s] TEXT: '...;.'
[ 2193.792s] TEXT: '.....'
[ 2193.792s] FRAME (len=56): 38 00 11 00 01 00 00 00 01 00 46 81 9E E3 00 1D 00 0F 20 00 E9 0A 59 27 56 AB 00 00 00 00 00 00 61 07 73 62 25 00 4A 00 00 88 00 00 98 00 9F 00 09 00 00 00 F5 0D D4 5A
[ 2193.792s] FRAME (len=12): 0C 00 11 00 00 00 00 00 01 00 61 76
[ 2199.617s] TEXT: '...;.'
[ 2199.617s] FRAME (len=56): 38 00 11 00 01 00 00 00 01 00 00 12 4B 00 38 0D 16 FD 03 00 06 08 5B 27 31 69 D4 FF 64 00 EE 02 00 00 00 00 00 00 0A 04 00 00 00 00 00 00 06 01 00 00 00 00 00 00 66 D3
[ 2200.034s] TEXT: '....TX succeeded...;.'
[ 2200.034s] FRAME (len=56): 38 00 11 00 01 00 00 00 01 00 46 81 9E E3 00 1D 00 0F 20 00 D4 0A 59 27 56 97 00 00 00 00 00 00 61 07 73 62 25 00 4C 00 00 88 00 00 98 00 9F 00 09 00 00 00 08 0E D9 43
[ 2200.242s] TEXT: '.....'
[ 2200.242s] TEXT: '.....'
[ 2200.242s] FRAME (len=12): 0C 00 11 00 00 00 00 00 01 00 61 76
[ 2200.242s] FRAME (len=12): 0C 00 11 00 0B 00 00 00 01 00 C3 B5
[ 2206.258s] TEXT: '...;.'
[ 2206.258s] TEXT: '.....'
[ 2206.258s] FRAME (len=56): 38 00 11 00 01 00 00 00 01 00 46 81 9E E3 00 1D 00 0F 20 00 D4 0A 59 27 56 97 00 00 00 00 00 00 61 07 73 62 25 00 4C 00 00 88 00 00 98 00 9F 00 09 00 00 00 08 0E D9 43
[ 2206.258s] FRAME (len=12): 0C 00 11 00 00 00 00 00 01 00 61 76
[ 2212.480s] TEXT: '...;.'
[ 2212.480s] TEXT: '.....'
[ 2212.480s] FRAME (len=56): 38 00 11 00 01 00 00 00 01 00 46 81 9E E3 00 1D 00 0F 20 00 D4 0A 59 27 56 97 00 00 00 00 00 00 61 07 73 62 25 00 4C 00 00 88 00 00 98 00 9F 00 09 00 00 00 08 0E D9 43
[ 2212.480s] FRAME (len=12): 0C 00 11 00 00 00 00 00 01 00 61 76
[ 2218.690s] TEXT: '...;.'
[ 2218.690s] TEXT: '.....'
[ 2218.690s] FRAME (len=56): 38 00 11 00 01 00 00 00 01 00 46 81 9E E3 00 1D 00 0F 20 00 D4 0A 59 27 56 97 00 00 00 00 00 00 61 07 73 62 25 00 4C 00 00 88 00 00 98 00 9F 00 09 00 00 00 08 0E D9 43
[ 2218.690s] FRAME (len=12): 0C 00 11 00 00 00 00 00 01 00 61 76
[ 2224.917s] TEXT: '...;.'
[ 2224.917s] FRAME (len=56): 38 00 11 00 01 00 00 00 01 00 46 81 9E E3 00 1D 00 0F 20 00 D9 0A 59 27 56 91 00 00 00 00 00 00 61 07 73 62 25 00 4F 00 00 88 00 00 98 00 9F 00 09 00 00 00 08 0E DD C4
[ 2225.124s] TEXT: '.....'
[ 2225.124s] TEXT: '.....'
[ 2225.124s] FRAME (len=12): 0C 00 11 00 00 00 00 00 01 00 61 76
[ 2225.124s] FRAME (len=12): 0C 00 11 00 0B 00 00 00 01 00 C3 B5
[ 2225.330s] TEXT: '...;.'
[ 2225.330s] FRAME (len=56): 38 00 11 00 01 00 00 00 01 00 00 12 4B 00 38 0D 16 FD 03 00 07 08 5B 27 31 41 D4 FF 64 00 EE 02 00 00 00 00 00 00 0A 04 00 00 00 00 00 00 06 01 00 00 00 00 00 00 AB 57
[ 2231.129s] TEXT: '....TX succeeded...;.'
[ 2231.129s] TEXT: '.....'
[ 2231.129s] FRAME (len=56): 38 00 11 00 01 00 00 00 01 00 46 81 9E E3 00 1D 00 0F 20 00 D9 0A 59 27 56 91 00 00 00 00 00 00 61 07 73 62 25 00 4F 00 00 88 00 00 98 00 9F 00 09 00 00 00 08 0E DD C4
[ 2231.129s] FRAME (len=12): 0C 00 11 00 00 00 00 00 01 00 61 76
[ 2237.351s] TEXT: '...;.'
[ 2237.351s] TEXT: '.....'
[ 2237.351s] FRAME (len=56): 38 00 11 00 01 00 00 00 01 00 46 81 9E E3 00 1D 00 0F 20 00 D9 0A 59 27 56 91 00 00 00 00 00 00 61 07 73 62 25 00 4F 00 00 88 00 00 98 00 9F 00 09 00 00 00 08 0E DD C4
[ 2237.351s] FRAME (len=12): 0C 00 11 00 00 00 00 00 01 00 61 76
[ 2243.571s] TEXT: '...;.'
[ 2243.571s] TEXT: '.....'
[ 2243.571s] FRAME (len=56): 38 00 11 00 01 00 00 00 01 00 46 81 9E E3 00 1D 00 0F 20 00 D9 0A 59 27 56 91 00 00 00 00 00 00 61 07 73 62 25 00 4F 00 00 88 00 00 98 00 9F 00 09 00 00 00 08 0E DD C4
[ 2243.571s] FRAME (len=12): 0C 00 11 00 00 00 00 00 01 00 61 76
[ 2249.980s] TEXT: '...;.'
[ 2249.980s] TEXT: '.....'
[ 2249.980s] TEXT: '.....'
[ 2249.980s] FRAME (len=56): 38 00 11 00 01 00 00 00 01 00 46 81 9E E3 00 1D 00 0F 20 00 E0 0A 59 27 56 C5 00 00 00 00 00 00 61 07 73 62 25 00 4E 00 00 88 00 00 98 00 9F 00 09 00 00 00 08 0E D0 66
[ 2249.980s] FRAME (len=12): 0C 00 11 00 00 00 00 00 01 00 61 76
[ 2249.980s] FRAME (len=12): 0C 00 11 00 0B 00 00 00 01 00 C3 B5
[ 2251.013s] TEXT: '...;.'
[ 2251.013s] FRAME (len=56): 38 00 11 00 01 00 00 00 01 00 00 12 4B 00 38 0D 16 FD 03 00 09 08 5B 27 31 41 D4 FF 64 00 EE 02 00 00 00 00 00 00 0A 04 00 00 00 00 00 00 06 01 00 00 00 00 00 00 BA 8E
[ 2255.990s] TEXT: '....TX succeeded...;.'
[ 2255.990s] TEXT: '.....'
[ 2255.990s] FRAME (len=56): 38 00 11 00 01 00 00 00 01 00 46 81 9E E3 00 1D 00 0F 20 00 E0 0A 59 27 56 C5 00 00 00 00 00 00 61 07 73 62 25 00 4E 00 00 88 00 00 98 00 9F 00 09 00 00 00 08 0E D0 66
[ 2255.990s] FRAME (len=12): 0C 00 11 00 00 00 00 00 01 00 61 76
[ 2262.184s] TEXT: '...;.'
[ 2262.184s] TEXT: '.....'
[ 2262.184s] FRAME (len=56): 38 00 11 00 01 00 00 00 01 00 46 81 9E E3 00 1D 00 0F 20 00 E0 0A 59 27 56 C5 00 00 00 00 00 00 61 07 73 62 25 00 4E 00 00 88 00 00 98 00 9F 00 09 00 00 00 08 0E D0 66
[ 2262.184s] FRAME (len=12): 0C 00 11 00 00 00 00 00 01 00 61 76
[ 2268.391s] TEXT: '...;.'
[ 2268.391s] TEXT: '.....'
[ 2268.391s] FRAME (len=56): 38 00 11 00 01 00 00 00 01 00 46 81 9E E3 00 1D 00 0F 20 00 E0 0A 59 27 56 C5 00 00 00 00 00 00 61 07 73 62 25 00 4E 00 00 88 00 00 98 00 9F 00 09 00 00 00 08 0E D0 66
[ 2268.391s] FRAME (len=12): 0C 00 11 00 00 00 00 00 01 00 61 76
[ 2274.830s] TEXT: '...;.'
[ 2274.830s] TEXT: '.....'
[ 2274.830s] TEXT: '.....'
[ 2274.830s] FRAME (len=56): 38 00 11 00 01 00 00 00 01 00 46 81 9E E3 00 1D 00 0F 20 00 D8 0A 59 27 56 AF 00 00 00 00 00 00 61 07 73 62 25 00 50 00 00 88 00 00 98 00 9F 00 09 00 00 00 1B 0E B9 B1
[ 2274.830s] FRAME (len=12): 0C 00 11 00 00 00 00 00 01 00 61 76
[ 2274.830s] FRAME (len=12): 0C 00 11 00 0B 00 00 00 01 00 C3 B5
[ 2277.522s] TEXT: '...;.'
[ 2277.522s] FRAME (len=56): 38 00 11 00 01 00 00 00 01 00 00 12 4B 00 38 0D 16 FD 03 00 0B 08 5B 27 31 29 D4 FF 64 00 EE 02 00 00 00 00 00 00 0A 04 00 00 00 00 00 00 06 01 00 00 00 00 00 00 66 70
[ 2280.853s] TEXT: '....TX succeeded...;.'
[ 2280.853s] TEXT: '.....'
[ 2280.853s] FRAME (len=56): 38 00 11 00 01 00 00 00 01 00 46 81 9E E3 00 1D 00 0F 20 00 D8 0A 59 27 56 AF 00 00 00 00 00 00 61 07 73 62 25 00 50 00 00 88 00 00 98 00 9F 00 09 00 00 00 1B 0E B9 B1
[ 2280.853s] FRAME (len=12): 0C 00 11 00 00 00 00 00 01 00 61 76
[ 2287.084s] TEXT: '...;.'
[ 2287.084s] TEXT: '.....'
[ 2287.084s] FRAME (len=56): 38 00 11 00 01 00 00 00 01 00 46 81 9E E3 00 1D 00 0F 20 00 D8 0A 59 27 56 AF 00 00 00 00 00 00 61 07 73 62 25 00 50 00 00 88 00 00 98 00 9F 00 09 00 00 00 1B 0E B9 B1
[ 2287.084s] FRAME (len=12): 0C 00 11 00 00 00 00 00 01 00 61 76
[ 2293.305s] TEXT: '...;.'
[ 2293.305s] TEXT: '.....'
[ 2293.305s] FRAME (len=56): 38 00 11 00 01 00 00 00 01 00 46 81 9E E3 00 1D 00 0F 20 00 D8 0A 59 27 56 AF 00 00 00 00 00 00 61 07 73 62 25 00 50 00 00 88 00 00 98 00 9F 00 09 00 00 00 1B 0E B9 B1
[ 2293.305s] FRAME (len=12): 0C 00 11 00 00 00 00 00 01 00 61 76
[ 2299.521s] TEXT: '...;.'
[ 2299.725s] TEXT: '.....'
[ 2299.725s] TEXT: '.....'
[ 2299.725s] FRAME (len=56): 38 00 11 00 01 00 00 00 01 00 46 81 9E E3 00 1D 00 0F 20 00 D7 0A 59 27 56 B1 00 00 00 00 00 00 61 07 73 62 26 00 51 00 00 88 00 00 98 00 9F 00 09 00 00 00 08 0E B5 00
[ 2299.725s] FRAME (len=12): 0C 00 11 00 00 00 00 00 01 00 61 76
[ 2299.725s] FRAME (len=12): 0C 00 11 00 0B 00 00 00 01 00 C3 B5
[ 2303.242s] TEXT: '...;.'
[ 2303.242s] FRAME (len=56): 38 00 11 00 01 00 00 00 01 00 00 12 4B 00 38 0D 16 FD 03 00 0D 08 5B 27 31 55 D4 FF 64 00 EE 02 00 00 00 00 00 00 0A 04 00 00 00 00 00 00 06 01 00 00 00 00 00 00 18 D2
[ 2305.746s] TEXT: '....TX succeeded...;.'
[ 2305.746s] TEXT: '.....'
[ 2305.746s] FRAME (len=56): 38 00 11 00 01 00 00 00 01 00 46 81 9E E3 00 1D 00 0F 20 00 D7 0A 59 27 56 B1 00 00 00 00 00 00 61 07 73 62 26 00 51 00 00 88 00 00 98 00 9F 00 09 00 00 00 08 0E B5 00
[ 2305.746s] FRAME (len=12): 0C 00 11 00 00 00 00 00 01 00 61 76
[ 2311.967s] TEXT: '...;.'
[ 2311.967s] TEXT: '.....'
[ 2311.967s] FRAME (len=56): 38 00 11 00 01 00 00 00 01 00 46 81 9E E3 00 1D 00 0F 20 00 D7 0A 59 27 56 B1 00 00 00 00 00 00 61 07 73 62 26 00 51 00 00 88 00 00 98 00 9F 00 09 00 00 00 08 0E B5 00
[ 2311.967s] FRAME (len=12): 0C 00 11 00 00 00 00 00 01 00 61 76
[ 2318.192s] TEXT: '...;.'
[ 2318.192s] TEXT: '.....'
[ 2318.192s] FRAME (len=56): 38 00 11 00 01 00 00 00 01 00 46 81 9E E3 00 1D 00 0F 20 00 D7 0A 59 27 56 B1 00 00 00 00 00 00 61 07 73 62 26 00 51 00 00 88 00 00 98 00 9F 00 09 00 00 00 08 0E B5 00
[ 2318.192s] FRAME (len=12): 0C 00 11 00 00 00 00 00 01 00 61 76
[ 2324.426s] TEXT: '...;.'
[ 2324.426s] TEXT: '.....'
[ 2324.426s] TEXT: '.....'
[ 2324.426s] FRAME (len=56): 38 00 11 00 01 00 00 00 01 00 46 81 9E E3 00 1D 00 0F 20 00 DD 0A 59 27 55 BB 00 00 00 00 00 00 61 07 73 62 25 00 51 00 00 88 00 00 98 00 9F 00 09 00 00 00 08 0E 1B 94
[ 2324.426s] FRAME (len=12): 0C 00 11 00 00 00 00 00 01 00 61 76
[ 2324.426s] FRAME (len=12): 0C 00 11 00 0B 00 00 00 01 00 C3 B5
[ 2328.989s] TEXT: '...;.'
[ 2328.989s] FRAME (len=56): 38 00 11 00 01 00 00 00 01 00 00 12 4B 00 38 0D 16 FD 03 00 0F 08 5B 27 31 49 D4 FF 64 00 EE 02 00 00 00 00 00 00 0A 04 00 00 00 00 00 00 06 01 00 00 00 00 00 00 D0 01
[ 2330.440s] TEXT: '....TX succeeded...;.'
[ 2330.440s] FRAME (len=56): 38 00 11 00 01 00 00 00 01 00 46 81 9E E3 00 1D 00 0F 20 00 DD 0A 59 27 55 BB 00 00 00 00 00 00 61 07 73 62 25 00 51 00 00 88 00 00 98 00 9F 00 09 00 00 00 08 0E 1B 94
[ 2330.647s] TEXT: '.....'
[ 2330.647s] FRAME (len=12): 0C 00 11 00 00 00 00 00 01 00 61 76
[ 2336.640s] TEXT: '...;.'
[ 2336.847s] TEXT: '.....'
[ 2336.847s] FRAME (len=56): 38 00 11 00 01 00 00 00 01 00 46 81 9E E3 00 1D 00 0F 20 00 DD 0A 59 27 55 BB 00 00 00 00 00 00 61 07 73 62 25 00 51 00 00 88 00 00 98 00 9F 00 09 00 00 00 08 0E 1B 94
[ 2336.847s] FRAME (len=12): 0C 00 11 00 00 00 00 00 01 00 61 76
[ 2343.055s] TEXT: '...;.'
[ 2343.055s] TEXT: '.....'
[ 2343.055s] FRAME (len=56): 38 00 11 00 01 00 00 00 01 00 46 81 9E E3 00 1D 00 0F 20 00 DD 0A 59 27 55 BB 00 00 00 00 00 00 61 07 73 62 25 00 51 00 00 88 00 00 98 00 9F 00 09 00 00 00 08 0E 1B 94
[ 2343.055s] FRAME (len=12): 0C 00 11 00 00 00 00 00 01 00 61 76
[ 2349.301s] TEXT: '...;.'
[ 2349.301s] TEXT: '.....'
[ 2349.301s] TEXT: '.....'
[ 2349.301s] FRAME (len=56): 38 00 11 00 01 00 00 00 01 00 46 81 9E E3 00 1D 00 0F 20 00 E3 0A 59 27 56 B9 00 00 00 00 00 00 61 07 73 62 25 00 55 00 00 88 00 00 98 00 9F 00 09 00 00 00 08 0E 9F D2
[ 2349.301s] FRAME (len=12): 0C 00 11 00 00 00 00 00 01 00 61 76
[ 2349.301s] FRAME (len=12): 0C 00 11 00 0B 00 00 00 01 00 C3 B5
[ 2354.676s] TEXT: '...;.'
[ 2354.676s] FRAME (len=56): 38 00 11 00 01 00 00 00 01 00 00 12 4B 00 38 0D 16 FD 03 00 11 08 5B 27 31 75 D4 FF 64 00 EE 02 00 00 00 00 00 00 0A 04 00 00 00 00 00 00 06 01 00 00 00 00 00 00 24 9F
[ 2355.291s] TEXT: '....TX succeeded...;.'
[ 2355.501s] TEXT: '.....'
[ 2355.501s] FRAME (len=56): 38 00 11 00 01 00 00 00 01 00 46 81 9E E3 00 1D 00 0F 20 00 E3 0A 59 27 56 B9 00 00 00 00 00 00 61 07 73 62 25 00 55 00 00 88 00 00 98 00 9F 00 09 00 00 00 08 0E 9F D2
[ 2355.501s] FRAME (len=12): 0C 00 11 00 00 00 00 00 01 00 61 76
[ 2361.701s] TEXT: '...;.'
[ 2361.701s] TEXT: '.....'
[ 2361.701s] FRAME (len=56): 38 00 11 00 01 00 00 00 01 00 46 81 9E E3 00 1D 00 0F 20 00 E3 0A 59 27 56 B9 00 00 00 00 00 00 61 07 73 62 25 00 55 00 00 88 00 00 98 00 9F 00 09 00 00 00 08 0E 9F D2
[ 2361.701s] FRAME (len=12): 0C 00 11 00 00 00 00 00 01 00 61 76
[ 2367.920s] TEXT: '...;.'
[ 2367.920s] TEXT: '.....'
[ 2367.920s] FRAME (len=56): 38 00 11 00 01 00 00 00 01 00 46 81 9E E3 00 1D 00 0F 20 00 E3 0A 59 27 56 B9 00 00 00 00 00 00 61 07 73 62 25 00 55 00 00 88 00 00 98 00 9F 00 09 00 00 00 08 0E 9F D2
[ 2367.920s] FRAME (len=12): 0C 00 11 00 00 00 00 00 01 00 61 76
[ 2374.134s] TEXT: '...;.'
[ 2374.134s] TEXT: '.....'
[ 2374.134s] TEXT: '.....'
[ 2374.134s] FRAME (len=56): 38 00 11 00 01 00 00 00 01 00 46 81 9E E3 00 1D 00 0F 20 00 DC 0A 5A 27 56 81 00 00 00 00 00 00 61 07 73 62 26 00 54 00 00 88 00 00 98 00 9F 00 09 00 00 00 2E 0E 9B 6A
[ 2374.134s] FRAME (len=12): 0C 00 11 00 00 00 00 00 01 00 61 76
[ 2374.134s] FRAME (len=12): 0C 00 11 00 0B 00 00 00 01 00 C3 B5
[ 2380.347s] TEXT: '...;.'
[ 2380.347s] TEXT: '....TX succeeded...;.'
[ 2380.347s] TEXT: '.....'
[ 2380.347s] FRAME (len=56): 38 00 11 00 01 00 00 00 01 00 00 12 4B 00 38 0D 16 FD 03 00 13 08 5B 27 31 79 D4 FF 64 00 EE 02 00 00 00 00 00 00 0A 04 00 00 00 00 00 00 06 01 00 00 00 00 00 00 63 B3
[ 2380.347s] FRAME (len=56): 38 00 11 00 01 00 00 00 01 00 46 81 9E E3 00 1D 00 0F 20 00 DC 0A 5A 27 56 81 00 00 00 00 00 00 61 07 73 62 26 00 54 00 00 88 00 00 98 00 9F 00 09 00 00 00 2E 0E 9B 6A
[ 2380.347s] FRAME (len=12): 0C 00 11 00 00 00 00 00 01 00 61 76
[ 2386.527s] TEXT: '...;.'
[ 2386.527s] TEXT: '.....'
[ 2386.527s] FRAME (len=56): 38 00 11 00 01 00 00 00 01 00 46 81 9E E3 00 1D 00 0F 20 00 DC 0A 5A 27 56 81 00 00 00 00 00 00 61 07 73 62 26 00 54 00 00 88 00 00 98 00 9F 00 09 00 00 00 2E 0E 9B 6A
[ 2386.527s] FRAME (len=12): 0C 00 11 00 00 00 00 00 01 00 61 76
[ 2392.774s] TEXT: '...;.'
[ 2392.774s] TEXT: '.....'
[ 2392.774s] FRAME (len=56): 38 00 11 00 01 00 00 00 01 00 46 81 9E E3 00 1D 00 0F 20 00 DC 0A 5A 27 56 81 00 00 00 00 00 00 61 07 73 62 26 00 54 00 00 88 00 00 98 00 9F 00 09 00 00 00 2E 0E 9B 6A
[ 2392.774s] FRAME (len=12): 0C 00 11 00 00 00 00 00 01 00 61 76
[ 2399.186s] TEXT: '...;.'
[ 2399.186s] TEXT: '.....'
[ 2399.186s] TEXT: '.....'
[ 2399.186s] FRAME (len=56): 38 00 11 00 01 00 00 00 01 00 46 81 9E E3 00 1D 00 0F 20 00 E7 0A 59 27 56 C5 00 00 00 00 00 00 61 07 73 62 25 00 55 00 00 88 00 00 98 00 9F 00 09 00 00 00 08 0E 8A 58
[ 2399.186s] FRAME (len=12): 0C 00 11 00 00 00 00 00 01 00 61 76
[ 2399.186s] FRAME (len=12): 0C 00 11 00 0B 00 00 00 01 00 C3 B5
[ 2405.176s] TEXT: '...;.'
[ 2405.176s] TEXT: '.....'
[ 2405.176s] FRAME (len=56): 38 00 11 00 01 00 00 00 01 00 46 81 9E E3 00 1D 00 0F 20 00 E7 0A 59 27 56 C5 00 00 00 00 00 00 61 07 73 62 25 00 55 00 00 88 00 00 98 00 9F 00 09 00 00 00 08 0E 8A 58
[ 2405.176s] FRAME (len=12): 0C 00 11 00 00 00 00 00 01 00 61 76
[ 2405.998s] TEXT: '...;.'
[ 2405.998s] FRAME (len=56): 38 00 11 00 01 00 00 00 01 00 00 12 4B 00 38 0D 16 FD 03 00 15 08 5B 27 31 71 D4 FF 64 00 EE 02 00 00 00 00 00 00 0A 04 00 00 00 00 00 00 06 01 00 00 00 00 00 00 09 3C
[ 2411.355s] TEXT: '....TX failed: 0xc....TX failed: 0xc...;.'
[ 2411.355s] TEXT: '.....'
[ 2411.355s] FRAME (len=56): 38 00 11 00 01 00 00 00 01 00 46 81 9E E3 00 1D 00 0F 20 00 E7 0A 59 27 56 C5 00 00 00 00 00 00 61 07 73 62 25 00 55 00 00 88 00 00 98 00 9F 00 09 00 00 00 08 0E 8A 58
[ 2411.355s] FRAME (len=12): 0C 00 11 00 00 00 00 00 01 00 61 76
[ 2417.575s] TEXT: '...;.'
[ 2417.575s] TEXT: '.....'
[ 2417.575s] FRAME (len=56): 38 00 11 00 01 00 00 00 01 00 46 81 9E E3 00 1D 00 0F 20 00 E7 0A 59 27 56 C5 00 00 00 00 00 00 61 07 73 62 25 00 55 00 00 88 00 00 98 00 9F 00 09 00 00 00 08 0E 8A 58
[ 2417.575s] FRAME (len=12): 0C 00 11 00 00 00 00 00 01 00 61 76
[ 2423.986s] TEXT: '...;.'
[ 2423.986s] TEXT: '.....'
[ 2423.986s] TEXT: '.....'
[ 2423.986s] FRAME (len=56): 38 00 11 00 01 00 00 00 01 00 46 81 9E E3 00 1D 00 0F 20 00 D4 0A 59 27 56 CB 00 00 00 00 00 00 61 07 73 62 25 00 55 00 00 88 00 00 98 00 9F 00 09 00 00 00 1B 0E AE BA
[ 2423.986s] FRAME (len=12): 0C 00 11 00 00 00 00 00 01 00 61 76
[ 2423.986s] FRAME (len=12): 0C 00 11 00 0B 00 00 00 01 00 C3 B5
[ 2430.019s] TEXT: '...;.'
[ 2430.019s] TEXT: '.....'
[ 2430.019s] FRAME (len=56): 38 00 11 00 01 00 00 00 01 00 46 81 9E E3 00 1D 00 0F 20 00 D4 0A 59 27 56 CB 00 00 00 00 00 00 61 07 73 62 25 00 55 00 00 88 00 00 98 00 9F 00 09 00 00 00 1B 0E AE BA
[ 2430.019s] FRAME (len=12): 0C 00 11 00 00 00 00 00 01 00 61 76
[ 2432.711s] TEXT: '...;.'
[ 2432.711s] FRAME (len=56): 38 00 11 00 01 00 00 00 01 00 00 12 4B 00 38 0D 16 FD 03 00 18 08 5B 27 31 05 D4 FF 64 00 EE 02 00 00 00 00 00 00 0A 04 00 00 00 00 00 00 06 01 00 00 00 00 00 00 42 7C
[ 2436.241s] TEXT: '....TX succeeded...;.'
[ 2436.241s] TEXT: '.....'
[ 2436.241s] FRAME (len=56): 38 00 11 00 01 00 00 00 01 00 46 81 9E E3 00 1D 00 0F 20 00 D4 0A 59 27 56 CB 00 00 00 00 00 00 61 07 73 62 25 00 55 00 00 88 00 00 98 00 9F 00 09 00 00 00 1B 0E AE BA
[ 2436.241s] FRAME (len=12): 0C 00 11 00 00 00 00 00 01 00 61 76
[ 2442.467s] TEXT: '...;.'
[ 2442.467s] TEXT: '.....'
[ 2442.467s] FRAME (len=56): 38 00 11 00 01 00 00 00 01 00 46 81 9E E3 00 1D 00 0F 20 00 D4 0A 59 27 56 CB 00 00 00 00 00 00 61 07 73 62 25 00 55 00 00 88 00 00 98 00 9F 00 09 00 00 00 1B 0E AE BA
[ 2442.467s] FRAME (len=12): 0C 00 11 00 00 00 00 00 01 00 61 76
[ 2448.885s] TEXT: '...;.'
[ 2448.885s] TEXT: '.....'
[ 2448.885s] TEXT: '.....'
[ 2448.885s] FRAME (len=56): 38 00 11 00 01 00 00 00 01 00 46 81 9E E3 00 1D 00 0F 20 00 D8 0A 5A 27 56 8B 00 00 00 00 00 00 61 07 73 62 26 00 54 00 00 88 00 00 98 00 9F 00 09 00 00 00 1B 0E 17 C6
[ 2448.885s] FRAME (len=12): 0C 00 11 00 00 00 00 00 01 00 61 76
[ 2448.885s] FRAME (len=12): 0C 00 11 00 0B 00 00 00 01 00 C3 B5
[ 2454.901s] TEXT: '...;.'
[ 2454.901s] TEXT: '.....'
[ 2454.901s] FRAME (len=56): 38 00 11 00 01 00 00 00 01 00 46 81 9E E3 00 1D 00 0F 20 00 D8 0A 5A 27 56 8B 00 00 00 00 00 00 61 07 73 62 26 00 54 00 00 88 00 00 98 00 9F 00 09 00 00 00 1B 0E 17 C6
[ 2454.901s] FRAME (len=12): 0C 00 11 00 00 00 00 00 01 00 61 76
[ 2458.226s] TEXT: '...;.'
[ 2458.436s] FRAME (len=56): 38 00 11 00 01 00 00 00 01 00 00 12 4B 00 38 0D 16 FD 03 00 19 08 5B 27 31 71 D4 FF 64 00 EE 02 00 00 00 00 00 00 0A 04 00 00 00 00 00 00 06 01 00 00 00 00 00 00 73 CD
[ 2461.134s] TEXT: '....TX succeeded...;.'
[ 2461.134s] TEXT: '.....'
[ 2461.134s] FRAME (len=56): 38 00 11 00 01 00 00 00 01 00 46 81 9E E3 00 1D 00 0F 20 00 D8 0A 5A 27 56 8B 00 00 00 00 00 00 61 07 73 62 26 00 54 00 00 88 00 00 98 00 9F 00 09 00 00 00 1B 0E 17 C6
[ 2461.134s] FRAME (len=12): 0C 00 11 00 00 00 00 00 01 00 61 76
[ 2467.369s] TEXT: '...;.'
[ 2467.369s] TEXT: '.....'
[ 2467.369s] FRAME (len=56): 38 00 11 00 01 00 00 00 01 00 46 81 9E E3 00 1D 00 0F 20 00 D8 0A 5A 27 56 8B 00 00 00 00 00 00 61 07 73 62 26 00 54 00 00 88 00 00 98 00 9F 00 09 00 00 00 1B 0E 17 C6
[ 2467.369s] FRAME (len=12): 0C 00 11 00 00 00 00 00 01 00 61 76
[ 2473.800s] TEXT: '...;.'
[ 2473.800s] TEXT: '.....'
[ 2473.800s] TEXT: '.....'
[ 2473.800s] FRAME (len=56): 38 00 11 00 01 00 00 00 01 00 46 81 9E E3 00 1D 00 0F 20 00 DD 0A 5A 27 56 8B 00 00 00 00 00 00 61 07 73 62 25 00 53 00 00 88 00 00 98 00 9F 00 09 00 00 00 1B 0E 09 62
[ 2473.800s] FRAME (len=12): 0C 00 11 00 00 00 00 00 01 00 61 76
[ 2473.800s] FRAME (len=12): 0C 00 11 00 0B 00 00 00 01 00 C3 B5
[ 2479.775s] TEXT: '...;.'
[ 2479.775s] TEXT: '.....'
[ 2479.775s] FRAME (len=56): 38 00 11 00 01 00 00 00 01 00 46 81 9E E3 00 1D 00 0F 20 00 DD 0A 5A 27 56 8B 00 00 00 00 00 00 61 07 73 62 25 00 53 00 00 88 00 00 98 00 9F 00 09 00 00 00 1B 0E 09 62
[ 2479.775s] FRAME (len=12): 0C 00 11 00 00 00 00 00 01 00 61 76
[ 2483.938s] TEXT: '...;.'
[ 2483.938s] FRAME (len=56): 38 00 11 00 01 00 00 00 01 00 00 12 4B 00 38 0D 16 FD 03 00 1B 08 5B 27 31 0D D4 FF 64 00 EE 02 00 00 00 00 00 00 0A 04 00 00 00 00 00 00 06 01 00 00 00 00 00 00 DB 3F
[ 2486.011s] TEXT: '....TX succeeded...;.'
[ 2486.011s] TEXT: '.....'
[ 2486.011s] FRAME (len=56): 38 00 11 00 01 00 00 00 01 00 46 81 9E E3 00 1D 00 0F 20 00 DD 0A 5A 27 56 8B 00 00 00 00 00 00 61 07 73 62 25 00 53 00 00 88 00 00 98 00 9F 00 09 00 00 00 1B 0E 09 62
[ 2486.011s] FRAME (len=12): 0C 00 11 00 00 00 00 00 01 00 61 76
[ 2492.235s] TEXT: '...;.'
[ 2492.235s] TEXT: '.....'
[ 2492.235s] FRAME (len=56): 38 00 11 00 01 00 00 00 01 00 46 81 9E E3 00 1D 00 0F 20 00 DD 0A 5A 27 56 8B 00 00 00 00 00 00 61 07 73 62 25 00 53 00 00 88 00 00 98 00 9F 00 09 00 00 00 1B 0E 09 62
[ 2492.235s] FRAME (len=12): 0C 00 11 00 00 00 00 00 01 00 61 76
[ 2498.467s] TEXT: '...;.'
[ 2498.675s] TEXT: '.....'
[ 2498.675s] TEXT: '.....'
[ 2498.675s] FRAME (len=56): 38 00 11 00 01 00 00 00 01 00 46 81 9E E3 00 1D 00 0F 20 00 E7 0A 5A 27 56 A7 00 00 00 00 00 00 61 07 73 62 25 00 51 00 00 88 00 00 98 00 9F 00 09 00 00 00 1B 0E 3F B5
[ 2498.675s] FRAME (len=12): 0C 00 11 00 00 00 00 00 01 00 61 76
[ 2498.675s] FRAME (len=12): 0C 00 11 00 0B 00 00 00 01 00 C3 B5
[ 2504.678s] TEXT: '...;.'
[ 2504.678s] TEXT: '.....'
[ 2504.678s] FRAME (len=56): 38 00 11 00 01 00 00 00 01 00 46 81 9E E3 00 1D 00 0F 20 00 E7 0A 5A 27 56 A7 00 00 00 00 00 00 61 07 73 62 25 00 51 00 00 88 00 00 98 00 9F 00 09 00 00 00 1B 0E 3F B5
[ 2504.678s] FRAME (len=12): 0C 00 11 00 00 00 00 00 01 00 61 76
[ 2509.652s] TEXT: '...;.'
[ 2509.652s] FRAME (len=56): 38 00 11 00 01 00 00 00 01 00 00 12 4B 00 38 0D 16 FD 03 00 1D 08 5B 27 31 05 D4 FF 64 00 EE 02 00 00 00 00 00 00 0A 04 00 00 00 00 00 00 06 01 00 00 00 00 00 00 B1 B0
[ 2510.900s] TEXT: '....TX succeeded...;.'
[ 2510.900s] TEXT: '.....'
[ 2510.900s] FRAME (len=56): 38 00 11 00 01 00 00 00 01 00 46 81 9E E3 00 1D 00 0F 20 00 E7 0A 5A 27 56 A7 00 00 00 00 00 00 61 07 73 62 25 00 51 00 00 88 00 00 98 00 9F 00 09 00 00 00 1B 0E 3F B5
[ 2510.900s] FRAME (len=12): 0C 00 11 00 00 00 00 00 01 00 61 76
[ 2517.126s] TEXT: '...;.'
[ 2517.126s] TEXT: '.....'
[ 2517.126s] FRAME (len=56): 38 00 11 00 01 00 00 00 01 00 46 81 9E E3 00 1D 00 0F 20 00 E7 0A 5A 27 56 A7 00 00 00 00 00 00 61 07 73 62 25 00 51 00 00 88 00 00 98 00 9F 00 09 00 00 00 1B 0E 3F B5
[ 2517.126s] FRAME (len=12): 0C 00 11 00 00 00 00 00 01 00 61 76
[ 2523.542s] TEXT: '...;.'
[ 2523.542s] TEXT: '.....'
[ 2523.542s] TEXT: '.....'
[ 2523.542s] FRAME (len=56): 38 00 11 00 01 00 00 00 01 00 46 81 9E E3 00 1D 00 0F 20 00 D7 0A 59 27 56 C5 00 00 00 00 00 00 61 07 73 62 25 00 50 00 00 88 00 00 98 00 9F 00 09 00 00 00 2E 0E B7 29
[ 2523.542s] FRAME (len=12): 0C 00 11 00 00 00 00 00 01 00 61 76
[ 2523.542s] FRAME (len=12): 0C 00 11 00 0B 00 00 00 01 00 C3 B5
[ 2529.556s] TEXT: '...;.'
[ 2529.556s] TEXT: '.....'
[ 2529.556s] FRAME (len=56): 38 00 11 00 01 00 00 00 01 00 46 81 9E E3 00 1D 00 0F 20 00 D7 0A 59 27 56 C5 00 00 00 00 00 00 61 07 73 62 25 00 50 00 00 88 00 00 98 00 9F 00 09 00 00 00 2E 0E B7 29
[ 2529.556s] FRAME (len=12): 0C 00 11 00 00 00 00 00 01 00 61 76
[ 2535.384s] TEXT: '...;.'
[ 2535.384s] FRAME (len=56): 38 00 11 00 01 00 00 00 01 00 00 12 4B 00 38 0D 16 FD 03 00 1F 08 5C 27 31 1D D4 FF 64 00 EE 02 00 00 00 00 00 00 0A 04 00 00 00 00 00 00 06 01 00 00 00 00 00 00 71 0E
[ 2535.586s] TEXT: '....TX succeeded...;.'
[ 2535.792s] TEXT: '.....'
[ 2535.792s] FRAME (len=56): 38 00 11 00 01 00 00 00 01 00 46 81 9E E3 00 1D 00 0F 20 00 D7 0A 59 27 56 C5 00 00 00 00 00 00 61 07 73 62 25 00 50 00 00 88 00 00 98 00 9F 00 09 00 00 00 2E 0E B7 29
[ 2535.792s] FRAME (len=12): 0C 00 11 00 00 00 00 00 01 00 61 76
[ 2542.011s] TEXT: '...;.'
[ 2542.011s] TEXT: '.....'
[ 2542.011s] FRAME (len=56): 38 00 11 00 01 00 00 00 01 00 46 81 9E E3 00 1D 00 0F 20 00 D7 0A 59 27 56 C5 00 00 00 00 00 00 61 07 73 62 25 00 50 00 00 88 00 00 98 00 9F 00 09 00 00 00 2E 0E B7 29
[ 2542.011s] FRAME (len=12): 0C 00 11 00 00 00 00 00 01 00 61 76
[ 2548.223s] TEXT: '...;.'
[ 2548.223s] TEXT: '.....'
[ 2548.223s] TEXT: '.....'
[ 2548.223s] FRAME (len=56): 38 00 11 00 01 00 00 00 01 00 46 81 9E E3 00 1D 00 0F 20 00 E9 0A 5A 27 56 B1 00 00 00 00 00 00 61 07 73 62 25 00 4F 00 00 88 00 00 98 00 9F 00 09 00 00 00 2E 0E E3 99
[ 2548.223s] FRAME (len=12): 0C 00 11 00 00 00 00 00 01 00 61 76
[ 2548.223s] FRAME (len=12): 0C 00 11 00 0B 00 00 00 01 00 C3 B5
[ 2554.434s] TEXT: '...;.'
[ 2554.434s] TEXT: '.....'
[ 2554.434s] FRAME (len=56): 38 00 11 00 01 00 00 00 01 00 46 81 9E E3 00 1D 00 0F 20 00 E9 0A 5A 27 56 B1 00 00 00 00 00 00 61 07 73 62 25 00 4F 00 00 88 00 00 98 00 9F 00 09 00 00 00 2E 0E E3 99
[ 2554.434s] FRAME (len=12): 0C 00 11 00 00 00 00 00 01 00 61 76
[ 2560.649s] TEXT: '...;.'
[ 2560.649s] TEXT: '.....'
[ 2560.649s] FRAME (len=56): 38 00 11 00 01 00 00 00 01 00 46 81 9E E3 00 1D 00 0F 20 00 E9 0A 5A 27 56 B1 00 00 00 00 00 00 61 07 73 62 25 00 4F 00 00 88 00 00 98 00 9F 00 09 00 00 00 2E 0E E3 99
[ 2560.649s] FRAME (len=12): 0C 00 11 00 00 00 00 00 01 00 61 76
[ 2562.109s] TEXT: '...;.'
[ 2562.109s] FRAME (len=56): 38 00 11 00 01 00 00 00 01 00 00 12 4B 00 38 0D 16 FD 03 00 21 08 5C 27 31 1D D4 FF 64 00 EE 02 00 00 00 00 00 00 0A 04 00 00 00 00 00 00 06 01 00 00 00 00 00 00 EB 22
[ 2566.875s] TEXT: '....TX succeeded...;.'
[ 2566.875s] TEXT: '.....'
[ 2566.875s] FRAME (len=56): 38 00 11 00 01 00 00 00 01 00 46 81 9E E3 00 1D 00 0F 20 00 E9 0A 5A 27 56 B1 00 00 00 00 00 00 61 07 73 62 25 00 4F 00 00 88 00 00 98 00 9F 00 09 00 00 00 2E 0E E3 99
[ 2566.875s] FRAME (len=12): 0C 00 11 00 00 00 00 00 01 00 61 76
[ 2573.096s] TEXT: '...;.'
[ 2573.096s] TEXT: '.....'
[ 2573.096s] TEXT: '.....'
[ 2573.096s] FRAME (len=56): 38 00 11 00 01 00 00 00 01 00 46 81 9E E3 00 1D 00 0F 20 00 E2 0A 5A 27 56 AB 00 00 00 00 00 00 61 07 73 62 25 00 4C 00 00 88 00 00 98 00 9F 00 09 00 00 00 2E 0E F9 9D
[ 2573.096s] FRAME (len=12): 0C 00 11 00 00 00 00 00 01 00 61 76
[ 2573.096s] FRAME (len=12): 0C 00 11 00 0B 00 00 00 01 00 C3 B5
[ 2579.313s] TEXT: '...;.'
[ 2579.313s] TEXT: '.....'
[ 2579.313s] FRAME (len=54): 38 00 11 00 01 00 00 00 01 00 46 81 9E E3 00 1D 00 0F 20 00 E2 0A 5A 27 56 AB 00 00 00 00 00 00 61 07 73 62 25 00 4C 00 00 88 00 00 98 00 9F 00 22 80 2E 0E F9 9D
[ 2579.313s] FRAME (len=12): 0C 00 11 00 00 00 00 00 01 00 61 76
[ 2585.555s] TEXT: '...;.'
[ 2585.555s] TEXT: '.....'
[ 2585.555s] FRAME (len=56): 38 00 11 00 01 00 00 00 01 00 46 81 9E E3 00 1D 00 0F 20 00 E2 0A 5A 27 56 AB 00 00 00 00 00 00 61 07 73 62 25 00 4C 00 00 88 00 00 98 00 9F 00 09 00 00 00 2E 0E F9 9D
[ 2585.555s] FRAME (len=12): 0C 00 11 00 00 00 00 00 01 00 61 76
[ 2587.612s] TEXT: '...;.'
[ 2587.612s] FRAME (len=56): 38 00 11 00 01 00 00 00 01 00 00 12 4B 00 38 0D 16 FD 03 00 23 08 5C 27 31 39 D4 FF 64 00 EE 02 00 00 00 00 00 00 0A 04 00 00 00 00 00 00 06 01 00 00 00 00 00 00 44 16
[ 2591.733s] TEXT: '....TX succeeded...;.'
[ 2591.733s] TEXT: '.....'
[ 2591.733s] FRAME (len=56): 38 00 11 00 01 00 00 00 01 00 46 81 9E E3 00 1D 00 0F 20 00 E2 0A 5A 27 56 AB 00 00 00 00 00 00 61 07 73 62 25 00 4C 00 00 88 00 00 98 00 9F 00 09 00 00 00 2E 0E F9 9D
[ 2591.733s] FRAME (len=12): 0C 00 11 00 00 00 00 00 01 00 61 76
[ 2597.937s] TEXT: '...;.'
[ 2597.937s] TEXT: '.....'
[ 2597.937s] TEXT: '.....'
[ 2597.937s] FRAME (len=56): 38 00 11 00 01 00 00 00 01 00 46 81 9E E3 00 1D 00 0F 20 00 DE 0A 5A 27 56 93 00 00 00 00 00 00 61 07 73 62 25 00 4A 00 00 88 00 00 98 00 9F 00 09 00 00 00 2E 0E D4 BE
[ 2597.937s] FRAME (len=12): 0C 00 11 00 00 00 00 00 01 00 61 76
[ 2597.937s] FRAME (len=12): 0C 00 11 00 0B 00 00 00 01 00 C3 B5
[ 2604.144s] TEXT: '...;.'
[ 2604.144s] TEXT: '.....'
[ 2604.144s] FRAME (len=56): 38 00 11 00 01 00 00 00 01 00 46 81 9E E3 00 1D 00 0F 20 00 DE 0A 5A 27 56 93 00 00 00 00 00 00 61 07 73 62 25 00 4A 00 00 88 00 00 98 00 9F 00 09 00 00 00 2E 0E D4 BE
[ 2604.144s] FRAME (len=12): 0C 00 11 00 00 00 00 00 01 00 61 76
[ 2610.375s] TEXT: '...;.'
[ 2610.375s] TEXT: '.....'
[ 2610.375s] FRAME (len=56): 38 00 11 00 01 00 00 00 01 00 46 81 9E E3 00 1D 00 0F 20 00 DE 0A 5A 27 56 93 00 00 00 00 00 00 61 07 73 62 25 00 4A 00 00 88 00 00 98 00 9F 00 09 00 00 00 2E 0E D4 BE
[ 2610.375s] FRAME (len=12): 0C 00 11 00 00 00 00 00 01 00 61 76
[ 2613.265s] TEXT: '...;.'
[ 2613.469s] FRAME (len=56): 38 00 11 00 01 00 00 00 01 00 00 12 4B 00 38 0D 16 FD 03 00 25 08 5C 27 31 4D D4 FF 64 00 EE 02 00 00 00 00 00 00 0A 04 00 00 00 00 00 00 06 01 00 00 00 00 00 00 ED 43
[ 2616.567s] TEXT: '....TX succeeded...;.'
[ 2616.567s] TEXT: '.....'
[ 2616.567s] FRAME (len=56): 38 00 11 00 01 00 00 00 01 00 46 81 9E E3 00 1D 00 0F 20 00 DE 0A 5A 27 56 93 00 00 00 00 00 00 61 07 73 62 25 00 4A 00 00 88 00 00 98 00 9F 00 09 00 00 00 2E 0E D4 BE
[ 2616.567s] FRAME (len=12): 0C 00 11 00 00 00 00 00 01 00 61 76
[ 2622.767s] TEXT: '...;.'
[ 2622.978s] TEXT: '.....'
[ 2622.978s] TEXT: '.....'
[ 2622.978s] FRAME (len=56): 38 00 11 00 01 00 00 00 01 00 46 81 9E E3 00 1D 00 0F 20 00 EA 0A 5A 27 56 BD 00 00 00 00 00 00 61 07 73 62 25 00 46 00 00 88 00 00 98 00 9F 00 09 00 00 00 1B 0E 40 6A
[ 2622.978s] FRAME (len=12): 0C 00 11 00 00 00 00 00 01 00 61 76
[ 2622.978s] FRAME (len=12): 0C 00 11 00 0B 00 00 00 01 00 C3 B5
[ 2628.989s] TEXT: '...;.'
[ 2628.989s] TEXT: '.....'
[ 2628.989s] FRAME (len=56): 38 00 11 00 01 00 00 00 01 00 46 81 9E E3 00 1D 00 0F 20 00 EA 0A 5A 27 56 BD 00 00 00 00 00 00 61 07 73 62 25 00 46 00 00 88 00 00 98 00 9F 00 09 00 00 00 1B 0E 40 6A
[ 2628.989s] FRAME (len=12): 0C 00 11 00 00 00 00 00 01 00 61 76
[ 2635.214s] TEXT: '...;.'
[ 2635.214s] TEXT: '.....'
[ 2635.214s] FRAME (len=56): 38 00 11 00 01 00 00 00 01 00 46 81 9E E3 00 1D 00 0F 20 00 EA 0A 5A 27 56 BD 00 00 00 00 00 00 61 07 73 62 25 00 46 00 00 88 00 00 98 00 9F 00 09 00 00 00 1B 0E 40 6A
[ 2635.214s] FRAME (len=12): 0C 00 11 00 00 00 00 00 01 00 61 76
[ 2639.133s] TEXT: '...;.'
[ 2639.133s] FRAME (len=56): 38 00 11 00 01 00 00 00 01 00 00 12 4B 00 38 0D 16 FD 03 00 27 08 5C 27 31 5D D4 FF 64 00 EE 02 00 00 00 00 00 00 0A 04 00 00 00 00 00 00 06 01 00 00 00 00 00 00 09 94
[ 2641.413s] TEXT: '....TX succeeded...;.'
[ 2641.413s] TEXT: '.....'
[ 2641.413s] FRAME (len=56): 38 00 11 00 01 00 00 00 01 00 46 81 9E E3 00 1D 00 0F 20 00 EA 0A 5A 27 56 BD 00 00 00 00 00 00 61 07 73 62 25 00 46 00 00 88 00 00 98 00 9F 00 09 00 00 00 1B 0E 40 6A
[ 2641.413s] FRAME (len=12): 0C 00 11 00 00 00 00 00 01 00 61 76
[ 2647.636s] TEXT: '...;.'
[ 2647.844s] TEXT: '.....'
[ 2647.844s] TEXT: '.....'
[ 2647.844s] FRAME (len=56): 38 00 11 00 01 00 00 00 01 00 46 81 9E E3 00 1D 00 0F 20 00 F7 0A 5A 27 56 C9 00 00 00 00 00 00 61 07 73 62 25 00 43 00 00 88 00 00 98 00 9F 00 09 00 00 00 41 0E F0 B0
[ 2647.844s] FRAME (len=12): 0C 00 11 00 00 00 00 00 01 00 61 76
[ 2647.844s] FRAME (len=12): 0C 00 11 00 0B 00 00 00 01 00 C3 B5
[ 2653.846s] TEXT: '...;.'
[ 2653.846s] TEXT: '.....'
[ 2653.846s] FRAME (len=56): 38 00 11 00 01 00 00 00 01 00 46 81 9E E3 00 1D 00 0F 20 00 F7 0A 5A 27 56 C9 00 00 00 00 00 00 61 07 73 62 25 00 43 00 00 88 00 00 98 00 9F 00 09 00 00 00 41 0E F0 B0
[ 2653.846s] FRAME (len=12): 0C 00 11 00 00 00 00 00 01 00 61 76
[ 2660.038s] TEXT: '...;.'
[ 2660.038s] TEXT: '.....'
[ 2660.038s] FRAME (len=56): 38 00 11 00 01 00 00 00 01 00 46 81 9E E3 00 1D 00 0F 20 00 F7 0A 5A 27 56 C9 00 00 00 00 00 00 61 07 73 62 25 00 43 00 00 88 00 00 98 00 9F 00 09 00 00 00 41 0E F0 B0
[ 2660.038s] FRAME (len=12): 0C 00 11 00 00 00 00 00 01 00 61 76
[ 2664.612s] TEXT: '...;.'
[ 2664.821s] FRAME (len=56): 38 00 11 00 01 00 00 00 01 00 00 12 4B 00 38 0D 16 FD 03 00 29 08 5C 27 31 6D D4 FF 64 00 EE 02 00 00 00 00 00 00 0A 04 00 00 00 00 00 00 06 01 00 00 00 00 00 00 A8 5D
[ 2666.272s] TEXT: '....TX succeeded...;.'
[ 2666.272s] TEXT: '.....'
[ 2666.272s] FRAME (len=56): 38 00 11 00 01 00 00 00 01 00 46 81 9E E3 00 1D 00 0F 20 00 F7 0A 5A 27 56 C9 00 00 00 00 00 00 61 07 73 62 25 00 43 00 00 88 00 00 98 00 9F 00 09 00 00 00 41 0E F0 B0
[ 2666.272s] FRAME (len=12): 0C 00 11 00 00 00 00 00 01 00 61 76
[ 2672.697s] TEXT: '...;.'
[ 2672.697s] TEXT: '.....'
[ 2672.697s] TEXT: '.....'
[ 2672.697s] FRAME (len=56): 38 00 11 00 01 00 00 00 01 00 46 81 9E E3 00 1D 00 0F 20 00 F2 0A 5A 27 55 C5 00 00 00 00 00 00 61 07 73 62 25 00 3F 00 00 88 00 00 98 00 9F 00 09 00 00 00 08 0E 3B AC
[ 2672.697s] FRAME (len=12): 0C 00 11 00 00 00 00 00 01 00 61 76
[ 2672.697s] FRAME (len=12): 0C 00 11 00 0B 00 00 00 01 00 C3 B5
[ 2678.705s] TEXT: '...;.'
[ 2678.705s] TEXT: '.....'
[ 2678.705s] FRAME (len=56): 38 00 11 00 01 00 00 00 01 00 46 81 9E E3 00 1D 00 0F 20 00 F2 0A 5A 27 55 C5 00 00 00 00 00 00 61 07 73 62 25 00 3F 00 00 88 00 00 98 00 9F 00 09 00 00 00 08 0E 3B AC
[ 2678.705s] FRAME (len=12): 0C 00 11 00 00 00 00 00 01 00 61 76
[ 2684.907s] TEXT: '...;.'
[ 2684.907s] TEXT: '.....'
[ 2684.907s] FRAME (len=56): 38 00 11 00 01 00 00 00 01 00 46 81 9E E3 00 1D 00 0F 20 00 F2 0A 5A 27 55 C5 00 00 00 00 00 00 61 07 73 62 25 00 3F 00 00 88 00 00 98 00 9F 00 09 00 00 00 08 0E 3B AC
[ 2684.907s] FRAME (len=12): 0C 00 11 00 00 00 00 00 01 00 61 76
[ 2690.304s] TEXT: '...;.'
[ 2690.304s] FRAME (len=56): 38 00 11 00 01 00 00 00 01 00 00 12 4B 00 38 0D 16 FD 03 00 2B 08 5C 27 31 55 D4 FF 64 00 EE 02 00 00 00 00 00 00 0A 04 00 00 00 00 00 00 06 01 00 00 00 00 00 00 A4 92
[ 2691.138s] TEXT: '....TX failed: 0xc....TX failed: 0xc...;.'
[ 2691.138s] TEXT: '.....'
[ 2691.138s] FRAME (len=56): 38 00 11 00 01 00 00 00 01 00 46 81 9E E3 00 1D 00 0F 20 00 F2 0A 5A 27 55 C5 00 00 00 00 00 00 61 07 73 62 25 00 3F 00 00 88 00 00 98 00 9F 00 09 00 00 00 08 0E 3B AC
[ 2691.138s] FRAME (len=12): 0C 00 11 00 00 00 00 00 01 00 61 76
[ 2697.560s] TEXT: '...;.'
[ 2697.560s] TEXT: '.....'
[ 2697.560s] TEXT: '.....'
[ 2697.560s] TEXT: '.....'
[ 2697.560s] FRAME (len=56): 38 00 11 00 01 00 00 00 01 00 46 81 9E E3 00 1D 00 0F 20 00 03 0B 5A 27 56 B1 00 00 00 00 00 00 61 07 73 62 25 00 3B 00 00 88 00 00 98 00 9F 00 09 00 00 00 1B 0E C1 4E
[ 2697.560s] FRAME (len=16): 10 00 11 00 08 00 00 00 01 00 04 00 00 00 34 99
[ 2697.560s] FRAME (len=12): 0C 00 11 00 00 00 00 00 01 00 61 76
[ 2697.560s] FRAME (len=12): 0C 00 11 00 0B 00 00 00 01 00 C3 B5
[ 2703.561s] TEXT: '...;.'
[ 2703.561s] TEXT: '.....'
[ 2703.561s] FRAME (len=56): 38 00 11 00 01 00 00 00 01 00 46 81 9E E3 00 1D 00 0F 20 00 03 0B 5A 27 56 B1 00 00 00 00 00 00 61 07 73 62 25 00 3B 00 00 88 00 00 98 00 9F 00 09 00 00 00 1B 0E C1 4E
[ 2703.561s] FRAME (len=12): 0C 00 11 00 00 00 00 00 01 00 61 76
[ 2709.771s] TEXT: '...;.'
[ 2709.771s] TEXT: '.....'
[ 2709.771s] FRAME (len=56): 38 00 11 00 01 00 00 00 01 00 46 81 9E E3 00 1D 00 0F 20 00 03 0B 5A 27 56 B1 00 00 00 00 00 00 61 07 73 62 25 00 3B 00 00 88 00 00 98 00 9F 00 09 00 00 00 1B 0E C1 4E
[ 2709.771s] FRAME (len=12): 0C 00 11 00 00 00 00 00 01 00 61 76
[ 2716.004s] TEXT: '...;.'
[ 2716.004s] TEXT: '.....'
[ 2716.004s] FRAME (len=56): 38 00 11 00 01 00 00 00 01 00 46 81 9E E3 00 1D 00 0F 20 00 03 0B 5A 27 56 B1 00 00 00 00 00 00 61 07 73 62 25 00 3B 00 00 88 00 00 98 00 9F 00 09 00 00 00 1B 0E C1 4E
[ 2716.004s] FRAME (len=12): 0C 00 11 00 00 00 00 00 01 00 61 76
[ 2717.037s] TEXT: '...;.'
[ 2717.037s] FRAME (len=56): 38 00 11 00 01 00 00 00 01 00 00 12 4B 00 38 0D 16 FD 03 00 2D 08 5C 27 31 71 D4 FF 64 00 EE 02 00 00 00 00 00 00 0A 04 00 00 00 00 00 00 06 01 00 00 00 00 00 00 DD F6
[ 2722.421s] TEXT: '....TX succeeded...;.'
[ 2722.421s] TEXT: '.....'
[ 2722.421s] TEXT: '.....'
[ 2722.421s] TEXT: '.....'
[ 2722.421s] FRAME (len=56): 38 00 11 00 01 00 00 00 01 00 46 81 9E E3 00 1D 00 0F 20 00 F1 0A 5A 27 56 CF 00 00 00 00 00 00 61 07 73 62 25 00 36 00 00 88 00 00 98 00 9F 00 09 00 00 00 2E 0E 8F 10
[ 2722.421s] FRAME (len=16): 10 00 11 00 08 00 00 00 01 00 04 00 00 00 34 99
[ 2722.421s] FRAME (len=12): 0C 00 11 00 00 00 00 00 01 00 61 76
[ 2722.421s] FRAME (len=12): 0C 00 11 00 0B 00 00 00 01 00 C3 B5
[ 2728.414s] TEXT: '...;.'
[ 2728.414s] TEXT: '.....'
[ 2728.414s] FRAME (len=56): 38 00 11 00 01 00 00 00 01 00 46 81 9E E3 00 1D 00 0F 20 00 F1 0A 5A 27 56 CF 00 00 00 00 00 00 61 07 73 62 25 00 36 00 00 88 00 00 98 00 9F 00 09 00 00 00 2E 0E 8F 10
[ 2728.414s] FRAME (len=12): 0C 00 11 00 00 00 00 00 01 00 61 76
[ 2734.636s] TEXT: '...;.'
[ 2734.636s] TEXT: '.....'
[ 2734.636s] FRAME (len=56): 38 00 11 00 01 00 00 00 01 00 46 81 9E E3 00 1D 00 0F 20 00 F1 0A 5A 27 56 CF 00 00 00 00 00 00 61 07 73 62 25 00 36 00 00 88 00 00 98 00 9F 00 09 00 00 00 2E 0E 8F 10
[ 2734.636s] FRAME (len=12): 0C 00 11 00 00 00 00 00 01 00 61 76
[ 2740.859s] TEXT: '...;.'
[ 2740.859s] TEXT: '.....'
[ 2740.859s] FRAME (len=56): 38 00 11 00 01 00 00 00 01 00 46 81 9E E3 00 1D 00 0F 20 00 F1 0A 5A 27 56 CF 00 00 00 00 00 00 61 07 73 62 25 00 36 00 00 88 00 00 98 00 9F 00 09 00 00 00 2E 0E 8F 10
[ 2740.859s] FRAME (len=12): 0C 00 11 00 00 00 00 00 01 00 61 76
[ 2742.724s] TEXT: '...;.'
[ 2742.724s] FRAME (len=56): 38 00 11 00 01 00 00 00 01 00 00 12 4B 00 38 0D 16 FD 03 00 2F 08 5C 27 31 0D D4 FF 64 00 EE 02 00 00 00 00 00 00 0A 04 00 00 00 00 00 00 06 01 00 00 00 00 00 00 75 04
[ 2747.294s] TEXT: '....TX succeeded...;.'
[ 2747.294s] TEXT: '.....'
[ 2747.294s] TEXT: '.....'
[ 2747.294s] FRAME (len=56): 38 00 11 00 01 00 00 00 01 00 46 81 9E E3 00 1D 00 0F 20 00 F0 0A 5B 27 56 91 00 00 00 00 00 00 61 07 73 62 25 00 31 00 00 88 00 00 98 00 9F 00 09 00 00 00 2E 0E 62 79
[ 2747.294s] FRAME (len=12): 0C 00 11 00 00 00 00 00 01 00 61 76
[ 2747.294s] FRAME (len=12): 0C 00 11 00 0B 00 00 00 01 00 C3 B5
[ 2753.284s] TEXT: '...;.'
[ 2753.284s] TEXT: '.....'
[ 2753.284s] FRAME (len=56): 38 00 11 00 01 00 00 00 01 00 46 81 9E E3 00 1D 00 0F 20 00 F0 0A 5B 27 56 91 00 00 00 00 00 00 61 07 73 62 25 00 31 00 00 88 00 00 98 00 9F 00 09 00 00 00 2E 0E 62 79
[ 2753.284s] FRAME (len=12): 0C 00 11 00 00 00 00 00 01 00 61 76
[ 2759.492s] TEXT: '...;.'
[ 2759.492s] TEXT: '.....'
[ 2759.492s] FRAME (len=56): 38 00 11 00 01 00 00 00 01 00 46 81 9E E3 00 1D 00 0F 20 00 F0 0A 5B 27 56 91 00 00 00 00 00 00 61 07 73 62 25 00 31 00 00 88 00 00 98 00 9F 00 09 00 00 00 2E 0E 62 79
[ 2759.492s] FRAME (len=12): 0C 00 11 00 00 00 00 00 01 00 61 76
[ 2765.716s] TEXT: '...;.'
[ 2765.716s] TEXT: '.....'
[ 2765.716s] FRAME (len=56): 38 00 11 00 01 00 00 00 01 00 46 81 9E E3 00 1D 00 0F 20 00 F0 0A 5B 27 56 91 00 00 00 00 00 00 61 07 73 62 25 00 31 00 00 88 00 00 98 00 9F 00 09 00 00 00 2E 0E 62 79
[ 2765.716s] FRAME (len=12): 0C 00 11 00 00 00 00 00 01 00 61 76
[ 2768.417s] TEXT: '...;.'
[ 2768.417s] FRAME (len=56): 38 00 11 00 01 00 00 00 01 00 00 12 4B 00 38 0D 16 FD 03 00 31 08 5C 27 31 15 D4 FF 64 00 EE 02 00 00 00 00 00 00 0A 04 00 00 00 00 00 00 06 01 00 00 00 00 00 00 45 86
[ 2772.144s] TEXT: '....TX succeeded...;.'
[ 2772.144s] TEXT: '.....'
[ 2772.144s] TEXT: '.....'
[ 2772.144s] FRAME (len=56): 38 00 11 00 01 00 00 00 01 00 46 81 9E E3 00 1D 00 0F 20 00 ED 0A 5B 27 55 91 00 00 00 00 00 00 61 07 73 62 25 00 2C 00 00 88 00 00 98 00 9F 00 09 00 00 00 2E 0E 1C 46
[ 2772.144s] FRAME (len=12): 0C 00 11 00 00 00 00 00 01 00 61 76
[ 2772.144s] FRAME (len=12): 0C 00 11 00 0B 00 00 00 01 00 C3 B5
[ 2778.154s] TEXT: '...;.'
[ 2778.154s] TEXT: '.....'
[ 2778.154s] FRAME (len=56): 38 00 11 00 01 00 00 00 01 00 46 81 9E E3 00 1D 00 0F 20 00 ED 0A 5B 27 55 91 00 00 00 00 00 00 61 07 73 62 25 00 2C 00 00 88 00 00 98 00 9F 00 09 00 00 00 2E 0E 1C 46
[ 2778.154s] FRAME (len=12): 0C 00 11 00 00 00 00 00 01 00 61 76
[ 2784.350s] TEXT: '...;.'
[ 2784.350s] TEXT: '.....'
[ 2784.350s] FRAME (len=56): 38 00 11 00 01 00 00 00 01 00 46 81 9E E3 00 1D 00 0F 20 00 ED 0A 5B 27 55 91 00 00 00 00 00 00 61 07 73 62 25 00 2C 00 00 88 00 00 98 00 9F 00 09 00 00 00 2E 0E 1C 46
[ 2784.350s] FRAME (len=12): 0C 00 11 00 00 00 00 00 01 00 61 76
[ 2790.755s] TEXT: '...;.'
[ 2790.755s] TEXT: '.....'
[ 2790.755s] FRAME (len=56): 38 00 11 00 01 00 00 00 01 00 46 81 9E E3 00 1D 00 0F 20 00 ED 0A 5B 27 55 91 00 00 00 00 00 00 61 07 73 62 25 00 2C 00 00 88 00 00 98 00 9F 00 09 00 00 00 2E 0E 1C 46
[ 2790.755s] FRAME (len=12): 0C 00 11 00 00 00 00 00 01 00 61 76
[ 2794.075s] TEXT: '...;.'
[ 2794.075s] FRAME (len=56): 38 00 11 00 01 00 00 00 01 00 00 12 4B 00 38 0D 16 FD 03 00 32 08 5D 27 31 09 D4 FF 64 00 EE 02 00 00 00 00 00 00 0A 04 00 00 00 00 00 00 06 01 00 00 00 00 00 00 EE 90
[ 2796.963s] TEXT: '....TX succeeded...;.'
[ 2796.963s] TEXT: '.....'
[ 2796.963s] TEXT: '.....'
[ 2796.963s] FRAME (len=56): 38 00 11 00 01 00 00 00 01 00 46 81 9E E3 00 1D 00 0F 20 00 EC 0A 5B 27 56 9F 00 00 00 00 00 00 61 07 73 62 25 00 27 00 00 88 00 00 98 00 9F 00 09 00 00 00 2E 0E 11 CD
[ 2796.963s] FRAME (len=12): 0C 00 11 00 00 00 00 00 01 00 61 76
[ 2796.963s] FRAME (len=12): 0C 00 11 00 0B 00 00 00 01 00 C3 B5
[ 2802.970s] TEXT: '...;.'
[ 2802.970s] TEXT: '.....'
[ 2802.970s] FRAME (len=56): 38 00 11 00 01 00 00 00 01 00 46 81 9E E3 00 1D 00 0F 20 00 EC 0A 5B 27 56 9F 00 00 00 00 00 00 61 07 73 62 25 00 27 00 00 88 00 00 98 00 9F 00 09 00 00 00 2E 0E 11 CD
[ 2802.970s] FRAME (len=12): 0C 00 11 00 00 00 00 00 01 00 61 76
[ 2809.201s] TEXT: '...;.'
[ 2809.409s] TEXT: '.....'
[ 2809.409s] FRAME (len=56): 38 00 11 00 01 00 00 00 01 00 46 81 9E E3 00 1D 00 0F 20 00 EC 0A 5B 27 56 9F 00 00 00 00 00 00 61 07 73 62 25 00 27 00 00 88 00 00 98 00 9F 00 09 00 00 00 2E 0E 11 CD
[ 2809.409s] FRAME (len=12): 0C 00 11 00 00 00 00 00 01 00 61 76
[ 2815.625s] TEXT: '...;.'
[ 2815.625s] TEXT: '.....'
[ 2815.625s] FRAME (len=56): 38 00 11 00 01 00 00 00 01 00 46 81 9E E3 00 1D 00 0F 20 00 EC 0A 5B 27 56 9F 00 00 00 00 00 00 61 07 73 62 25 00 27 00 00 88 00 00 98 00 9F 00 09 00 00 00 2E 0E 11 CD
[ 2815.625s] FRAME (len=12): 0C 00 11 00 00 00 00 00 01 00 61 76
[ 2819.765s] TEXT: '...;.'
[ 2819.765s] FRAME (len=56): 38 00 11 00 01 00 00 00 01 00 00 12 4B 00 38 0D 16 FD 03 00 34 08 5D 27 31 01 D4 FF 64 00 EE 02 00 00 00 00 00 00 0A 04 00 00 00 00 00 00 06 01 00 00 00 00 00 00 84 1F
[ 2821.842s] TEXT: '....TX succeeded...;.'
[ 2821.842s] TEXT: '.....'
[ 2821.842s] TEXT: '.....'
[ 2821.842s] FRAME (len=56): 38 00 11 00 01 00 00 00 01 00 46 81 9E E3 00 1D 00 0F 20 00 FE 0A 5B 27 56 BB 00 00 00 00 00 00 61 07 73 62 25 00 23 00 00 88 00 00 98 00 9F 00 09 00 00 00 2E 0E 15 2A
[ 2821.842s] FRAME (len=12): 0C 00 11 00 00 00 00 00 01 00 61 76
[ 2821.842s] FRAME (len=12): 0C 00 11 00 0B 00 00 00 01 00 C3 B5
[ 2827.868s] TEXT: '...;.'
[ 2827.868s] TEXT: '.....'
[ 2827.868s] FRAME (len=56): 38 00 11 00 01 00 00 00 01 00 46 81 9E E3 00 1D 00 0F 20 00 FE 0A 5B 27 56 BB 00 00 00 00 00 00 61 07 73 62 25 00 23 00 00 88 00 00 98 00 9F 00 09 00 00 00 2E 0E 15 2A
[ 2827.868s] FRAME (len=12): 0C 00 11 00 00 00 00 00 01 00 61 76
[ 2834.278s] TEXT: '...;.'
[ 2834.278s] TEXT: '.....'
[ 2834.278s] FRAME (len=56): 38 00 11 00 01 00 00 00 01 00 46 81 9E E3 00 1D 00 0F 20 00 FE 0A 5B 27 56 BB 00 00 00 00 00 00 61 07 73 62 25 00 23 00 00 88 00 00 98 00 9F 00 09 00 00 00 2E 0E 15 2A
[ 2834.278s] FRAME (len=12): 0C 00 11 00 00 00 00 00 01 00 61 76
[ 2840.494s] TEXT: '...;.'
[ 2840.494s] TEXT: '.....'
[ 2840.494s] FRAME (len=56): 38 00 11 00 01 00 00 00 01 00 46 81 9E E3 00 1D 00 0F 20 00 FE 0A 5B 27 56 BB 00 00 00 00 00 00 61 07 73 62 25 00 23 00 00 88 00 00 98 00 9F 00 09 00 00 00 2E 0E 15 2A
[ 2840.494s] FRAME (len=12): 0C 00 11 00 00 00 00 00 01 00 61 76
[ 2846.494s] TEXT: '...;.'
[ 2846.494s] FRAME (len=56): 38 00 11 00 01 00 00 00 01 00 00 12 4B 00 38 0D 16 FD 03 00 36 08 5D 27 31 01 D4 FF 64 00 EE 02 00 00 00 00 00 00 0A 04 00 00 00 00 00 00 06 01 00 00 00 00 00 00 EF 37
[ 2846.698s] TEXT: '....TX succeeded...;.'
[ 2846.698s] TEXT: '.....'
[ 2846.698s] TEXT: '.....'
[ 2846.698s] TEXT: '.....'
[ 2846.698s] FRAME (len=56): 38 00 11 00 01 00 00 00 01 00 46 81 9E E3 00 1D 00 0F 20 00 0C 0B 5B 27 56 85 00 00 00 00 00 00 61 07 73 62 25 00 20 00 00 88 00 00 98 00 9F 00 09 00 00 00 2E 0E 5A 91
[ 2846.698s] FRAME (len=16): 10 00 11 00 08 00 00 00 01 00 04 00 00 00 34 99
[ 2846.698s] FRAME (len=12): 0C 00 11 00 00 00 00 00 01 00 61 76
[ 2846.698s] FRAME (len=12): 0C 00 11 00 0B 00 00 00 01 00 C3 B5
[ 2852.696s] TEXT: '...;.'
[ 2852.696s] TEXT: '.....'
[ 2852.696s] FRAME (len=56): 38 00 11 00 01 00 00 00 01 00 46 81 9E E3 00 1D 00 0F 20 00 0C 0B 5B 27 56 85 00 00 00 00 00 00 61 07 73 62 25 00 20 00 00 88 00 00 98 00 9F 00 09 00 00 00 2E 0E 5A 91
[ 2852.696s] FRAME (len=12): 0C 00 11 00 00 00 00 00 01 00 61 76
[ 2859.125s] TEXT: '...;.'
[ 2859.125s] TEXT: '.....'
[ 2859.125s] FRAME (len=56): 38 00 11 00 01 00 00 00 01 00 46 81 9E E3 00 1D 00 0F 20 00 0C 0B 5B 27 56 85 00 00 00 00 00 00 61 07 73 62 25 00 20 00 00 88 00 00 98 00 9F 00 09 00 00 00 2E 0E 5A 91
[ 2859.125s] FRAME (len=12): 0C 00 11 00 00 00 00 00 01 00 61 76
[ 2865.307s] TEXT: '...;.'
[ 2865.307s] TEXT: '.....'
[ 2865.307s] FRAME (len=56): 38 00 11 00 01 00 00 00 01 00 46 81 9E E3 00 1D 00 0F 20 00 0C 0B 5B 27 56 85 00 00 00 00 00 00 61 07 73 62 25 00 20 00 00 88 00 00 98 00 9F 00 09 00 00 00 2E 0E 5A 91
[ 2865.307s] FRAME (len=12): 0C 00 11 00 00 00 00 00 01 00 61 76
[ 2871.508s] TEXT: '...;.'
[ 2871.712s] TEXT: '.....'
[ 2871.712s] TEXT: '.....'
[ 2871.712s] FRAME (len=56): 38 00 11 00 01 00 00 00 01 00 46 81 9E E3 00 1D 00 0F 20 00 03 0B 5B 27 56 87 00 00 00 00 00 00 61 07 73 62 25 00 1D 00 00 88 00 00 98 00 9F 00 09 00 00 00 1B 0E 8E 83
[ 2871.712s] FRAME (len=12): 0C 00 11 00 00 00 00 00 01 00 61 76
[ 2871.712s] FRAME (len=12): 0C 00 11 00 0B 00 00 00 01 00 C3 B5
[ 2872.129s] TEXT: '...;.'
[ 2872.129s] FRAME (len=56): 38 00 11 00 01 00 00 00 01 00 00 12 4B 00 38 0D 16 FD 03 00 38 08 5D 27 31 21 D4 FF 64 00 EE 02 00 00 00 00 00 00 0A 04 00 00 00 00 00 00 06 01 00 00 00 00 00 00 C1 01
[ 2877.713s] TEXT: '....TX succeeded...;.'
[ 2877.713s] TEXT: '.....'
[ 2877.713s] FRAME (len=56): 38 00 11 00 01 00 00 00 01 00 46 81 9E E3 00 1D 00 0F 20 00 03 0B 5B 27 56 87 00 00 00 00 00 00 61 07 73 62 25 00 1D 00 00 88 00 00 98 00 9F 00 09 00 00 00 1B 0E 8E 83
[ 2877.713s] FRAME (len=12): 0C 00 11 00 00 00 00 00 01 00 61 76
[ 2883.934s] TEXT: '...;.'
[ 2883.934s] TEXT: '.....'
[ 2883.934s] FRAME (len=56): 38 00 11 00 01 00 00 00 01 00 46 81 9E E3 00 1D 00 0F 20 00 03 0B 5B 27 56 87 00 00 00 00 00 00 61 07 73 62 25 00 1D 00 00 88 00 00 98 00 9F 00 09 00 00 00 1B 0E 8E 83
[ 2883.934s] FRAME (len=12): 0C 00 11 00 00 00 00 00 01 00 61 76
[ 2890.126s] TEXT: '...;.'
[ 2890.126s] TEXT: '.....'
[ 2890.126s] FRAME (len=56): 38 00 11 00 01 00 00 00 01 00 46 81 9E E3 00 1D 00 0F 20 00 03 0B 5B 27 56 87 00 00 00 00 00 00 61 07 73 62 25 00 1D 00 00 88 00 00 98 00 9F 00 09 00 00 00 1B 0E 8E 83
[ 2890.126s] FRAME (len=12): 0C 00 11 00 00 00 00 00 01 00 61 76
[ 2896.546s] TEXT: '...;.'
[ 2896.546s] TEXT: '.....'
[ 2896.546s] TEXT: '.....'
[ 2896.546s] FRAME (len=56): 38 00 11 00 01 00 00 00 01 00 46 81 9E E3 00 1D 00 0F 20 00 06 0B 5B 27 56 87 00 00 00 00 00 00 61 07 73 62 25 00 1B 00 00 88 00 00 98 00 9F 00 09 00 00 00 1B 0E C6 8F
[ 2896.546s] FRAME (len=12): 0C 00 11 00 00 00 00 00 01 00 61 76
[ 2896.546s] FRAME (len=12): 0C 00 11 00 0B 00 00 00 01 00 C3 B5
[ 2897.788s] TEXT: '...;.'
[ 2897.788s] FRAME (len=56): 38 00 11 00 01 00 00 00 01 00 00 12 4B 00 38 0D 16 FD 03 00 39 08 5D 27 31 05 D4 FF 64 00 EE 02 00 00 00 00 00 00 0A 04 00 00 00 00 00 00 06 01 00 00 00 00 00 00 20 81
[ 2902.546s] TEXT: '....TX succeeded...;.'
[ 2902.546s] TEXT: '.....'
[ 2902.546s] FRAME (len=56): 38 00 11 00 01 00 00 00 01 00 46 81 9E E3 00 1D 00 0F 20 00 06 0B 5B 27 56 87 00 00 00 00 00 00 61 07 73 62 25 00 1B 00 00 88 00 00 98 00 9F 00 09 00 00 00 1B 0E C6 8F
[ 2902.546s] FRAME (len=12): 0C 00 11 00 00 00 00 00 01 00 61 76
[ 2908.763s] TEXT: '...;.'
[ 2908.763s] TEXT: '.....'
[ 2908.763s] FRAME (len=56): 38 00 11 00 01 00 00 00 01 00 46 81 9E E3 00 1D 00 0F 20 00 06 0B 5B 27 56 87 00 00 00 00 00 00 61 07 73 62 25 00 1B 00 00 88 00 00 98 00 9F 00 09 00 00 00 1B 0E C6 8F
[ 2908.763s] FRAME (len=12): 0C 00 11 00 00 00 00 00 01 00 61 76
[ 2914.985s] TEXT: '...;.'
[ 2914.985s] TEXT: '.....'
[ 2914.985s] FRAME (len=56): 38 00 11 00 01 00 00 00 01 00 46 81 9E E3 00 1D 00 0F 20 00 06 0B 5B 27 56 87 00 00 00 00 00 00 61 07 73 62 25 00 1B 00 00 88 00 00 98 00 9F 00 09 00 00 00 1B 0E C6 8F
[ 2914.985s] FRAME (len=12): 0C 00 11 00 00 00 00 00 01 00 61 76
[ 2921.421s] TEXT: '...;.'
[ 2921.421s] TEXT: '.....'
[ 2921.421s] TEXT: '.....'
[ 2921.421s] TEXT: '.....'
[ 2921.421s] FRAME (len=56): 38 00 11 00 01 00 00 00 01 00 46 81 9E E3 00 1D 00 0F 20 00 F9 0A 5B 27 56 A1 00 00 00 00 00 00 61 07 73 62 25 00 1A 00 00 88 00 00 98 00 9F 00 09 00 00 00 2E 0E 87 EB
[ 2921.421s] FRAME (len=16): 10 00 11 00 08 00 00 00 01 00 04 00 00 00 34 99
[ 2921.421s] FRAME (len=12): 0C 00 11 00 00 00 00 00 01 00 61 76
[ 2921.421s] FRAME (len=12): 0C 00 11 00 0B 00 00 00 01 00 C3 B5
[ 2923.496s] TEXT: '...;.'
[ 2923.496s] FRAME (len=56): 38 00 11 00 01 00 00 00 01 00 00 12 4B 00 38 0D 16 FD 03 00 3C 08 5D 27 31 25 D4 FF 64 00 EE 02 00 00 00 00 00 00 0A 04 00 00 00 00 00 00 06 01 00 00 00 00 00 00 EC A2
[ 2927.434s] TEXT: '....TX succeeded...;.'
[ 2927.434s] TEXT: '.....'
[ 2927.434s] FRAME (len=56): 38 00 11 00 01 00 00 00 01 00 46 81 9E E3 00 1D 00 0F 20 00 F9 0A 5B 27 56 A1 00 00 00 00 00 00 61 07 73 62 25 00 1A 00 00 88 00 00 98 00 9F 00 09 00 00 00 2E 0E 87 EB
[ 2927.434s] FRAME (len=12): 0C 00 11 00 00 00 00 00 01 00 61 76
[ 2933.647s] TEXT: '...;.'
[ 2933.647s] TEXT: '.....'
[ 2933.647s] FRAME (len=56): 38 00 11 00 01 00 00 00 01 00 46 81 9E E3 00 1D 00 0F 20 00 F9 0A 5B 27 56 A1 00 00 00 00 00 00 61 07 73 62 25 00 1A 00 00 88 00 00 98 00 9F 00 09 00 00 00 2E 0E 87 EB
[ 2933.647s] FRAME (len=12): 0C 00 11 00 00 00 00 00 01 00 61 76
[ 2939.835s] TEXT: '...;.'
[ 2939.835s] TEXT: '.....'
[ 2939.835s] FRAME (len=56): 38 00 11 00 01 00 00 00 01 00 46 81 9E E3 00 1D 00 0F 20 00 F9 0A 5B 27 56 A1 00 00 00 00 00 00 61 07 73 62 25 00 1A 00 00 88 00 00 98 00 9F 00 09 00 00 00 2E 0E 87 EB
[ 2939.835s] FRAME (len=12): 0C 00 11 00 00 00 00 00 01 00 61 76
[ 2946.258s] TEXT: '...;.'
[ 2946.258s] TEXT: '.....'
[ 2946.258s] TEXT: '.....'
[ 2946.258s] FRAME (len=56): 38 00 11 00 01 00 00 00 01 00 46 81 9E E3 00 1D 00 0F 20 00 E4 0A 5B 27 56 A7 00 00 00 00 00 00 61 07 73 62 25 00 18 00 00 88 00 00 98 00 9F 00 09 00 00 00 1B 0E BE 6D
[ 2946.258s] FRAME (len=12): 0C 00 11 00 00 00 00 00 01 00 61 76
[ 2946.258s] FRAME (len=12): 0C 00 11 00 0B 00 00 00 01 00 C3 B5
[ 2949.158s] TEXT: '...;.'
[ 2949.158s] FRAME (len=56): 38 00 11 00 01 00 00 00 01 00 00 12 4B 00 38 0D 16 FD 03 00 3D 08 5D 27 31 11 D4 FF 64 00 EE 02 00 00 00 00 00 00 0A 04 00 00 00 00 00 00 06 01 00 00 00 00 00 00 82 DD
[ 2952.268s] TEXT: '....TX succeeded...;.'
[ 2952.268s] TEXT: '.....'
[ 2952.268s] FRAME (len=56): 38 00 11 00 01 00 00 00 01 00 46 81 9E E3 00 1D 00 0F 20 00 E4 0A 5B 27 56 A7 00 00 00 00 00 00 61 07 73 62 25 00 18 00 00 88 00 00 98 00 9F 00 09 00 00 00 1B 0E BE 6D
[ 2952.268s] FRAME (len=12): 0C 00 11 00 00 00 00 00 01 00 61 76
[ 2958.479s] TEXT: '...;.'
[ 2958.479s] TEXT: '.....'
[ 2958.479s] FRAME (len=56): 38 00 11 00 01 00 00 00 01 00 46 81 9E E3 00 1D 00 0F 20 00 E4 0A 5B 27 56 A7 00 00 00 00 00 00 61 07 73 62 25 00 18 00 00 88 00 00 98 00 9F 00 09 00 00 00 1B 0E BE 6D
[ 2958.479s] FRAME (len=12): 0C 00 11 00 00 00 00 00 01 00 61 76
[ 2964.686s] TEXT: '...;.'
[ 2964.686s] TEXT: '.....'
[ 2964.686s] FRAME (len=56): 38 00 11 00 01 00 00 00 01 00 46 81 9E E3 00 1D 00 0F 20 00 E4 0A 5B 27 56 A7 00 00 00 00 00 00 61 07 73 62 25 00 18 00 00 88 00 00 98 00 9F 00 09 00 00 00 1B 0E BE 6D
[ 2964.686s] FRAME (len=12): 0C 00 11 00 00 00 00 00 01 00 61 76
[ 2971.125s] TEXT: '...;.'
[ 2971.125s] TEXT: '.....'
[ 2971.125s] TEXT: '.....'
[ 2971.125s] FRAME (len=56): 38 00 11 00 01 00 00 00 01 00 46 81 9E E3 00 1D 00 0F 20 00 E3 0A 5B 27 56 9F 00 00 00 00 00 00 61 07 73 62 25 00 17 00 00 88 00 00 98 00 9F 00 09 00 00 00 2E 0E 3B ED
[ 2971.125s] FRAME (len=12): 0C 00 11 00 00 00 00 00 01 00 61 76
[ 2971.125s] FRAME (len=12): 0C 00 11 00 0B 00 00 00 01 00 C3 B5
[ 2974.869s] TEXT: '...;.'
[ 2974.869s] FRAME (len=56): 38 00 11 00 01 00 00 00 01 00 00 12 4B 00 38 0D 16 FD 03 00 3E 08 5D 27 31 15 D4 FF 64 00 EE 02 00 00 00 00 00 00 0A 04 00 00 00 00 00 00 06 01 00 00 00 00 00 00 37 9A
[ 2977.152s] TEXT: '....TX failed: 0xc....TX failed: 0xc...;.'
[ 2977.152s] TEXT: '.....'
[ 2977.152s] FRAME (len=56): 38 00 11 00 01 00 00 00 01 00 46 81 9E E3 00 1D 00 0F 20 00 E3 0A 5B 27 56 9F 00 00 00 00 00 00 61 07 73 62 25 00 17 00 00 88 00 00 98 00 9F 00 09 00 00 00 2E 0E 3B ED
[ 2977.152s] FRAME (len=12): 0C 00 11 00 00 00 00 00 01 00 61 76
[ 2983.354s] TEXT: '...;.'
[ 2983.354s] TEXT: '.....'
[ 2983.354s] FRAME (len=56): 38 00 11 00 01 00 00 00 01 00 46 81 9E E3 00 1D 00 0F 20 00 E3 0A 5B 27 56 9F 00 00 00 00 00 00 61 07 73 62 25 00 17 00 00 88 00 00 98 00 9F 00 09 00 00 00 2E 0E 3B ED
[ 2983.354s] FRAME (len=12): 0C 00 11 00 00 00 00 00 01 00 61 76
[ 2989.575s] TEXT: '...;.'
[ 2989.575s] TEXT: '.....'
[ 2989.575s] FRAME (len=56): 38 00 11 00 01 00 00 00 01 00 46 81 9E E3 00 1D 00 0F 20 00 E3 0A 5B 27 56 9F 00 00 00 00 00 00 61 07 73 62 25 00 17 00 00 88 00 00 98 00 9F 00 09 00 00 00 2E 0E 3B ED
[ 2989.575s] FRAME (len=12): 0C 00 11 00 00 00 00 00 01 00 61 76
[ 2995.982s] TEXT: '...;.'
[ 2995.982s] TEXT: '.....'
[ 2995.982s] TEXT: '.....'
[ 2995.982s] FRAME (len=56): 38 00 11 00 01 00 00 00 01 00 46 81 9E E3 00 1D 00 0F 20 00 EE 0A 5B 27 56 8D 00 00 00 00 00 00 61 07 73 62 25 00 16 00 00 88 00 00 98 00 9F 00 09 00 00 00 08 0E 62 8A
[ 2995.982s] FRAME (len=12): 0C 00 11 00 00 00 00 00 01 00 61 76
[ 2995.982s] FRAME (len=12): 0C 00 11 00 0B 00 00 00 01 00 C3 B5
[ 3001.366s] TEXT: '...;.'
[ 3001.577s] FRAME (len=56): 38 00 11 00 01 00 00 00 01 00 00 12 4B 00 38 0D 16 FD 03 00 41 08 5D 27 31 25 D4 FF 64 00 EE 02 00 00 00 00 00 00 0A 04 00 00 00 00 00 00 06 01 00 00 00 00 00 00 FD 67
[ 3001.996s] TEXT: '....TX succeeded...;.'
[ 3001.996s] TEXT: '.....'
[ 3001.996s] FRAME (len=56): 38 00 11 00 01 00 00 00 01 00 46 81 9E E3 00 1D 00 0F 20 00 EE 0A 5B 27 56 8D 00 00 00 00 00 00 61 07 73 62 25 00 16 00 00 88 00 00 98 00 9F 00 09 00 00 00 08 0E 62 8A
[ 3001.996s] FRAME (len=12): 0C 00 11 00 00 00 00 00 01 00 61 76
[ 3008.215s] TEXT: '...;.'
[ 3008.215s] TEXT: '.....'
[ 3008.215s] FRAME (len=56): 38 00 11 00 01 00 00 00 01 00 46 81 9E E3 00 1D 00 0F 20 00 EE 0A 5B 27 56 8D 00 00 00 00 00 00 61 07 73 62 25 00 16 00 00 88 00 00 98 00 9F 00 09 00 00 00 08 0E 62 8A
[ 3008.215s] FRAME (len=12): 0C 00 11 00 00 00 00 00 01 00 61 76
[ 3014.449s] TEXT: '...;.'
[ 3014.449s] TEXT: '.....'
[ 3014.449s] FRAME (len=56): 38 00 11 00 01 00 00 00 01 00 46 81 9E E3 00 1D 00 0F 20 00 EE 0A 5B 27 56 8D 00 00 00 00 00 00 61 07 73 62 25 00 16 00 00 88 00 00 98 00 9F 00 09 00 00 00 08 0E 62 8A
[ 3014.449s] FRAME (len=12): 0C 00 11 00 00 00 00 00 01 00 61 76
[ 3020.871s] TEXT: '...;.'
[ 3020.871s] TEXT: '.....'
[ 3020.871s] TEXT: '.....'
[ 3020.871s] FRAME (len=56): 38 00 11 00 01 00 00 00 01 00 46 81 9E E3 00 1D 00 0F 20 00 E2 0A 5B 27 56 B1 00 00 00 00 00 00 61 07 73 62 25 00 15 00 00 88 00 00 98 00 9F 00 09 00 00 00 08 0E C9 87
[ 3020.871s] FRAME (len=12): 0C 00 11 00 00 00 00 00 01 00 61 76
[ 3020.871s] FRAME (len=12): 0C 00 11 00 0B 00 00 00 01 00 C3 B5
[ 3026.891s] TEXT: '...;.'
[ 3026.891s] TEXT: '.....'
[ 3026.891s] FRAME (len=56): 38 00 11 00 01 00 00 00 01 00 46 81 9E E3 00 1D 00 0F 20 00 E2 0A 5B 27 56 B1 00 00 00 00 00 00 61 07 73 62 25 00 15 00 00 88 00 00 98 00 9F 00 09 00 00 00 08 0E C9 87
[ 3026.891s] FRAME (len=12): 0C 00 11 00 00 00 00 00 01 00 61 76
[ 3027.096s] TEXT: '...;.'
[ 3027.096s] FRAME (len=56): 38 00 11 00 01 00 00 00 01 00 00 12 4B 00 38 0D 16 FD 03 00 42 08 5D 27 31 31 D4 FF 64 00 EE 02 00 00 00 00 00 00 0A 04 00 00 00 00 00 00 06 01 00 00 00 00 00 00 C7 DF
[ 3033.104s] TEXT: '....TX succeeded...;.'
[ 3033.104s] TEXT: '.....'
[ 3033.104s] FRAME (len=56): 38 00 11 00 01 00 00 00 01 00 46 81 9E E3 00 1D 00 0F 20 00 E2 0A 5B 27 56 B1 00 00 00 00 00 00 61 07 73 62 25 00 15 00 00 88 00 00 98 00 9F 00 09 00 00 00 08 0E C9 87
[ 3033.104s] FRAME (len=12): 0C 00 11 00 00 00 00 00 01 00 61 76
[ 3039.312s] TEXT: '...;.'
[ 3039.312s] TEXT: '.....'
[ 3039.312s] FRAME (len=56): 38 00 11 00 01 00 00 00 01 00 46 81 9E E3 00 1D 00 0F 20 00 E2 0A 5B 27 56 B1 00 00 00 00 00 00 61 07 73 62 25 00 15 00 00 88 00 00 98 00 9F 00 09 00 00 00 08 0E C9 87
[ 3039.312s] FRAME (len=12): 0C 00 11 00 00 00 00 00 01 00 61 76
[ 3045.723s] TEXT: '...;.'
[ 3045.723s] TEXT: '.....'
[ 3045.723s] TEXT: '.....'
[ 3045.723s] FRAME (len=56): 38 00 11 00 01 00 00 00 01 00 46 81 9E E3 00 1D 00 0F 20 00 E6 0A 5B 27 55 BF 00 00 00 00 00 00 61 07 73 62 25 00 15 00 00 88 00 00 98 00 9F 00 09 00 00 00 2E 0E BF 95
[ 3045.723s] FRAME (len=12): 0C 00 11 00 00 00 00 00 01 00 61 76
[ 3045.723s] FRAME (len=12): 0C 00 11 00 0B 00 00 00 01 00 C3 B5
[ 3051.739s] TEXT: '...;.'
[ 3051.739s] TEXT: '.....'
[ 3051.739s] FRAME (len=56): 38 00 11 00 01 00 00 00 01 00 46 81 9E E3 00 1D 00 0F 20 00 E6 0A 5B 27 55 BF 00 00 00 00 00 00 61 07 73 62 25 00 15 00 00 88 00 00 98 00 9F 00 09 00 00 00 2E 0E BF 95
[ 3051.739s] FRAME (len=12): 0C 00 11 00 00 00 00 00 01 00 61 76
[ 3052.757s] TEXT: '...;.'
[ 3052.757s] FRAME (len=56): 38 00 11 00 01 00 00 00 01 00 00 12 4B 00 38 0D 16 FD 03 00 44 08 5D 27 31 35 D4 FF 64 00 EE 02 00 00 00 00 00 00 0A 04 00 00 00 00 00 00 06 01 00 00 00 00 00 00 81 54
[ 3057.944s] TEXT: '....TX succeeded...;.'
[ 3057.944s] TEXT: '.....'
[ 3057.944s] FRAME (len=56): 38 00 11 00 01 00 00 00 01 00 46 81 9E E3 00 1D 00 0F 20 00 E6 0A 5B 27 55 BF 00 00 00 00 00 00 61 07 73 62 25 00 15 00 00 88 00 00 98 00 9F 00 09 00 00 00 2E 0E BF 95
[ 3057.944s] FRAME (len=12): 0C 00 11 00 00 00 00 00 01 00 61 76
[ 3064.141s] TEXT: '...;.'
[ 3064.141s] TEXT: '.....'
[ 3064.141s] FRAME (len=56): 38 00 11 00 01 00 00 00 01 00 46 81 9E E3 00 1D 00 0F 20 00 E6 0A 5B 27 55 BF 00 00 00 00 00 00 61 07 73 62 25 00 15 00 00 88 00 00 98 00 9F 00 09 00 00 00 2E 0E BF 95
[ 3064.141s] FRAME (len=12): 0C 00 11 00 00 00 00 00 01 00 61 76
[ 3070.568s] TEXT: '...;.'
[ 3070.568s] TEXT: '.....'
[ 3070.568s] TEXT: '.....'
[ 3070.568s] FRAME (len=56): 38 00 11 00 01 00 00 00 01 00 46 81 9E E3 00 1D 00 0F 20 00 FF 0A 5B 27 56 C7 00 00 00 00 00 00 61 07 73 62 25 00 14 00 00 88 00 00 98 00 9F 00 09 00 00 00 41 0E 66 7A
[ 3070.568s] FRAME (len=12): 0C 00 11 00 00 00 00 00 01 00 61 76
[ 3070.568s] FRAME (len=12): 0C 00 11 00 0B 00 00 00 01 00 C3 B5
[ 3076.560s] TEXT: '...;.'
[ 3076.560s] TEXT: '.....'
[ 3076.560s] FRAME (len=56): 38 00 11 00 01 00 00 00 01 00 46 81 9E E3 00 1D 00 0F 20 00 FF 0A 5B 27 56 C7 00 00 00 00 00 00 61 07 73 62 25 00 14 00 00 88 00 00 98 00 9F 00 09 00 00 00 41 0E 66 7A
[ 3076.560s] FRAME (len=12): 0C 00 11 00 00 00 00 00 01 00 61 76
[ 3078.424s] TEXT: '...;.'
[ 3078.424s] FRAME (len=56): 38 00 11 00 01 00 00 00 01 00 00 12 4B 00 38 0D 16 FD 03 00 46 08 5D 27 31 65 D4 FF 64 00 EE 02 00 00 00 00 00 00 0A 04 00 00 00 00 00 00 06 01 00 00 00 00 00 00 3A 4D
[ 3082.794s] TEXT: '....TX succeeded...;.'
[ 3082.794s] TEXT: '.....'
[ 3082.794s] FRAME (len=56): 38 00 11 00 01 00 00 00 01 00 46 81 9E E3 00 1D 00 0F 20 00 FF 0A 5B 27 56 C7 00 00 00 00 00 00 61 07 73 62 25 00 14 00 00 88 00 00 98 00 9F 00 09 00 00 00 41 0E 66 7A
[ 3082.794s] FRAME (len=12): 0C 00 11 00 00 00 00 00 01 00 61 76
[ 3089.007s] TEXT: '...;.'
[ 3089.007s] TEXT: '.....'
[ 3089.007s] FRAME (len=56): 38 00 11 00 01 00 00 00 01 00 46 81 9E E3 00 1D 00 0F 20 00 FF 0A 5B 27 56 C7 00 00 00 00 00 00 61 07 73 62 25 00 14 00 00 88 00 00 98 00 9F 00 09 00 00 00 41 0E 66 7A
[ 3089.007s] FRAME (len=12): 0C 00 11 00 00 00 00 00 01 00 61 76
[ 3095.441s] TEXT: '...;.'
[ 3095.441s] TEXT: '.....'
[ 3095.441s] TEXT: '.....'
[ 3095.441s] FRAME (len=56): 38 00 11 00 01 00 00 00 01 00 46 81 9E E3 00 1D 00 0F 20 00 FB 0A 5B 27 56 CB 00 00 00 00 00 00 61 07 73 62 25 00 14 00 00 88 00 00 98 00 9F 00 09 00 00 00 1B 0E E8 CF
[ 3095.441s] FRAME (len=12): 0C 00 11 00 00 00 00 00 01 00 61 76
[ 3095.441s] FRAME (len=12): 0C 00 11 00 0B 00 00 00 01 00 C3 B5
[ 3101.417s] TEXT: '...;.'
[ 3101.620s] TEXT: '.....'
[ 3101.620s] FRAME (len=56): 38 00 11 00 01 00 00 00 01 00 46 81 9E E3 00 1D 00 0F 20 00 FB 0A 5B 27 56 CB 00 00 00 00 00 00 61 07 73 62 25 00 14 00 00 88 00 00 98 00 9F 00 09 00 00 00 1B 0E E8 CF
[ 3101.620s] FRAME (len=12): 0C 00 11 00 00 00 00 00 01 00 61 76
[ 3104.100s] TEXT: '...;.'
[ 3104.100s] FRAME (len=56): 38 00 11 00 01 00 00 00 01 00 00 12 4B 00 38 0D 16 FD 03 00 47 08 5D 27 31 75 D4 FF 64 00 EE 02 00 00 00 00 00 00 0A 04 00 00 00 00 00 00 06 01 00 00 00 00 00 00 90 2E
[ 3107.595s] TEXT: '....TX succeeded...;.'
[ 3107.595s] FRAME (len=56): 38 00 11 00 01 00 00 00 01 00 46 81 9E E3 00 1D 00 0F 20 00 FB 0A 5B 27 56 CB 00 00 00 00 00 00 61 07 73 62 25 00 14 00 00 88 00 00 98 00 9F 00 09 00 00 00 1B 0E E8 CF
[ 3107.806s] TEXT: '.....'
[ 3107.806s] FRAME (len=12): 0C 00 11 00 00 00 00 00 01 00 61 76
[ 3113.802s] TEXT: '...;.'
[ 3114.004s] TEXT: '.....'
[ 3114.004s] FRAME (len=56): 38 00 11 00 01 00 00 00 01 00 46 81 9E E3 00 1D 00 0F 20 00 FB 0A 5B 27 56 CB 00 00 00 00 00 00 61 07 73 62 25 00 14 00 00 88 00 00 98 00 9F 00 09 00 00 00 1B 0E E8 CF
[ 3114.004s] FRAME (len=12): 0C 00 11 00 00 00 00 00 01 00 61 76
[ 3120.208s] TEXT: '...;.'
[ 3120.208s] FRAME (len=56): 38 00 11 00 01 00 00 00 01 00 46 81 9E E3 00 1D 00 0F 20 00 EC 0A 5B 27 56 BB 00 00 00 00 00 00 61 07 73 62 25 00 14 00 00 88 00 00 98 00 9F 00 09 00 00 00 1B 0E E6 A6
[ 3120.413s] TEXT: '.....'
[ 3120.413s] TEXT: '.....'
[ 3120.413s] FRAME (len=12): 0C 00 11 00 00 00 00 00 01 00 61 76
[ 3120.413s] FRAME (len=12): 0C 00 11 00 0B 00 00 00 01 00 C3 B5
[ 3126.436s] TEXT: '...;.'
[ 3126.436s] TEXT: '.....'
[ 3126.436s] FRAME (len=56): 38 00 11 00 01 00 00 00 01 00 46 81 9E E3 00 1D 00 0F 20 00 EC 0A 5B 27 56 BB 00 00 00 00 00 00 61 07 73 62 25 00 14 00 00 88 00 00 98 00 9F 00 09 00 00 00 1B 0E E6 A6
[ 3126.436s] FRAME (len=12): 0C 00 11 00 00 00 00 00 01 00 61 76
[ 3130.792s] TEXT: '...;.'
[ 3130.792s] FRAME (len=56): 38 00 11 00 01 00 00 00 01 00 00 12 4B 00 38 0D 16 FD 03 00 49 08 5D 27 31 49 D4 FF 64 00 EE 02 00 00 00 00 00 00 0A 04 00 00 00 00 00 00 06 01 00 00 00 00 00 00 1D E3
[ 3132.655s] TEXT: '....TX succeeded...;.'
[ 3132.655s] TEXT: '.....'
[ 3132.655s] FRAME (len=56): 38 00 11 00 01 00 00 00 01 00 46 81 9E E3 00 1D 00 0F 20 00 EC 0A 5B 27 56 BB 00 00 00 00 00 00 61 07 73 62 25 00 14 00 00 88 00 00 98 00 9F 00 09 00 00 00 1B 0E E6 A6
[ 3132.655s] FRAME (len=12): 0C 00 11 00 00 00 00 00 01 00 61 76
[ 3138.875s] TEXT: '...;.'
[ 3138.875s] TEXT: '.....'
[ 3138.875s] FRAME (len=56): 38 00 11 00 01 00 00 00 01 00 46 81 9E E3 00 1D 00 0F 20 00 EC 0A 5B 27 56 BB 00 00 00 00 00 00 61 07 73 62 25 00 14 00 00 88 00 00 98 00 9F 00 09 00 00 00 1B 0E E6 A6
[ 3138.875s] FRAME (len=12): 0C 00 11 00 00 00 00 00 01 00 61 76
[ 3145.094s] TEXT: '...;.'
[ 3145.094s] TEXT: '.....'
[ 3145.094s] TEXT: '.....'
[ 3145.094s] FRAME (len=56): 38 00 11 00 01 00 00 00 01 00 46 81 9E E3 00 1D 00 0F 20 00 E6 0A 5B 27 56 B1 00 00 00 00 00 00 61 07 73 62 25 00 13 00 00 88 00 00 98 00 9F 00 09 00 00 00 41 0E F0 A0
[ 3145.094s] FRAME (len=12): 0C 00 11 00 00 00 00 00 01 00 61 76
[ 3145.094s] FRAME (len=12): 0C 00 11 00 0B 00 00 00 01 00 C3 B5
[ 3151.329s] TEXT: '...;.'
[ 3151.329s] TEXT: '.....'
[ 3151.329s] FRAME (len=56): 38 00 11 00 01 00 00 00 01 00 46 81 9E E3 00 1D 00 0F 20 00 E6 0A 5B 27 56 B1 00 00 00 00 00 00 61 07 73 62 25 00 13 00 00 88 00 00 98 00 9F 00 09 00 00 00 41 0E F0 A0
[ 3151.329s] FRAME (len=12): 0C 00 11 00 00 00 00 00 01 00 61 76
[ 3156.506s] TEXT: '...;.'
[ 3156.506s] FRAME (len=56): 38 00 11 00 01 00 00 00 01 00 00 12 4B 00 38 0D 16 FD 03 00 4B 08 5D 27 31 11 D4 FF 64 00 EE 02 00 00 00 00 00 00 0A 04 00 00 00 00 00 00 06 01 00 00 00 00 00 00 71 0D
[ 3157.331s] TEXT: '....TX succeeded...;.'
[ 3157.541s] TEXT: '.....'
[ 3157.541s] FRAME (len=56): 38 00 11 00 01 00 00 00 01 00 46 81 9E E3 00 1D 00 0F 20 00 E6 0A 5B 27 56 B1 00 00 00 00 00 00 61 07 73 62 25 00 13 00 00 88 00 00 98 00 9F 00 09 00 00 00 41 0E F0 A0
[ 3157.541s] FRAME (len=12): 0C 00 11 00 00 00 00 00 01 00 61 76
[ 3163.568s] TEXT: '...;.'
[ 3163.568s] TEXT: '.....'
[ 3163.568s] FRAME (len=56): 38 00 11 00 01 00 00 00 01 00 46 81 9E E3 00 1D 00 0F 20 00 E6 0A 5B 27 56 B1 00 00 00 00 00 00 61 07 73 62 25 00 13 00 00 88 00 00 98 00 9F 00 09 00 00 00 41 0E F0 A0
[ 3163.568s] FRAME (len=12): 0C 00 11 00 00 00 00 00 01 00 61 76
[ 3170.004s] TEXT: '...;.'
[ 3170.004s] TEXT: '.....'
[ 3170.004s] TEXT: '.....'
[ 3170.004s] FRAME (len=56): 38 00 11 00 01 00 00 00 01 00 46 81 9E E3 00 1D 00 0F 20 00 FC 0A 5B 27 55 CD 00 00 00 00 00 00 61 07 73 62 24 00 13 00 00 88 00 00 98 00 9F 00 09 00 00 00 2E 0E 89 50
[ 3170.004s] FRAME (len=12): 0C 00 11 00 00 00 00 00 01 00 61 76
[ 3170.004s] FRAME (len=12): 0C 00 11 00 0B 00 00 00 01 00 C3 B5
[ 3176.036s] TEXT: '...;.'
[ 3176.036s] TEXT: '.....'
[ 3176.036s] FRAME (len=56): 38 00 11 00 01 00 00 00 01 00 46 81 9E E3 00 1D 00 0F 20 00 FC 0A 5B 27 55 CD 00 00 00 00 00 00 61 07 73 62 24 00 13 00 00 88 00 00 98 00 9F 00 09 00 00 00 2E 0E 89 50
[ 3176.036s] FRAME (len=12): 0C 00 11 00 00 00 00 00 01 00 61 76
[ 3182.254s] TEXT: '...;.'
[ 3182.254s] TEXT: '....TX succeeded...;.'
[ 3182.254s] TEXT: '.....'
[ 3182.254s] FRAME (len=56): 38 00 11 00 01 00 00 00 01 00 00 12 4B 00 38 0D 16 FD 03 00 4D 08 5D 27 31 11 D4 FF 64 00 EE 02 00 00 00 00 00 00 0A 04 00 00 00 00 00 00 06 01 00 00 00 00 00 00 CC 75
[ 3182.254s] FRAME (len=56): 38 00 11 00 01 00 00 00 01 00 46 81 9E E3 00 1D 00 0F 20 00 FC 0A 5B 27 55 CD 00 00 00 00 00 00 61 07 73 62 24 00 13 00 00 88 00 00 98 00 9F 00 09 00 00 00 2E 0E 89 50
[ 3182.254s] FRAME (len=12): 0C 00 11 00 00 00 00 00 01 00 61 76
[ 3188.495s] TEXT: '...;.'
[ 3188.495s] TEXT: '.....'
[ 3188.495s] FRAME (len=56): 38 00 11 00 01 00 00 00 01 00 46 81 9E E3 00 1D 00 0F 20 00 FC 0A 5B 27 55 CD 00 00 00 00 00 00 61 07 73 62 24 00 13 00 00 88 00 00 98 00 9F 00 09 00 00 00 2E 0E 89 50
[ 3188.495s] FRAME (len=12): 0C 00 11 00 00 00 00 00 01 00 61 76
[ 3194.911s] TEXT: '...;.'
[ 3194.911s] TEXT: '.....'
[ 3194.911s] TEXT: '.....'
[ 3194.911s] FRAME (len=56): 38 00 11 00 01 00 00 00 01 00 46 81 9E E3 00 1D 00 0F 20 00 F6 0A 5C 27 56 83 00 00 00 00 00 00 61 07 73 62 24 00 13 00 00 88 00 00 98 00 9F 00 09 00 00 00 41 0E 16 7C
[ 3194.911s] FRAME (len=12): 0C 00 11 00 00 00 00 00 01 00 61 76
[ 3194.911s] FRAME (len=12): 0C 00 11 00 0B 00 00 00 01 00 C3 B5
[ 3200.901s] TEXT: '...;.'
[ 3201.107s] TEXT: '.....'
[ 3201.107s] FRAME (len=56): 38 00 11 00 01 00 00 00 01 00 46 81 9E E3 00 1D 00 0F 20 00 F6 0A 5C 27 56 83 00 00 00 00 00 00 61 07 73 62 24 00 13 00 00 88 00 00 98 00 9F 00 09 00 00 00 41 0E 16 7C
[ 3201.107s] FRAME (len=12): 0C 00 11 00 00 00 00 00 01 00 61 76
[ 3207.121s] TEXT: '...;.'
[ 3207.121s] FRAME (len=56): 38 00 11 00 01 00 00 00 01 00 46 81 9E E3 00 1D 00 0F 20 00 F6 0A 5C 27 56 83 00 00 00 00 00 00 61 07 73 62 24 00 13 00 00 88 00 00 98 00 9F 00 09 00 00 00 41 0E 16 7C
[ 3207.323s] TEXT: '.....'
[ 3207.323s] FRAME (len=12): 0C 00 11 00 00 00 00 00 01 00 61 76
[ 3207.945s] TEXT: '...;.'
[ 3207.945s] FRAME (len=56): 38 00 11 00 01 00 00 00 01 00 00 12 4B 00 38 0D 16 FD 03 00 4E 08 5D 27 31 09 D4 FF 64 00 EE 02 00 00 00 00 00 00 0A 04 00 00 00 00 00 00 06 01 00 00 00 00 00 00 DA C9
[ 3213.350s] TEXT: '....TX succeeded...;.'
[ 3213.350s] TEXT: '.....'
[ 3213.350s] FRAME (len=56): 38 00 11 00 01 00 00 00 01 00 46 81 9E E3 00 1D 00 0F 20 00 F6 0A 5C 27 56 83 00 00 00 00 00 00 61 07 73 62 24 00 13 00 00 88 00 00 98 00 9F 00 09 00 00 00 41 0E 16 7C
[ 3213.350s] FRAME (len=12): 0C 00 11 00 00 00 00 00 01 00 61 76
[ 3219.777s] TEXT: '...;.'
[ 3219.777s] TEXT: '.....'
[ 3219.777s] TEXT: '.....'
[ 3219.777s] FRAME (len=56): 38 00 11 00 01 00 00 00 01 00 46 81 9E E3 00 1D 00 0F 20 00 F0 0A 5C 27 56 83 00 00 00 00 00 00 61 07 73 62 24 00 13 00 00 88 00 00 98 00 9F 00 09 00 00 00 2E 0E BF 1F
[ 3219.777s] FRAME (len=12): 0C 00 11 00 00 00 00 00 01 00 61 76
[ 3219.777s] FRAME (len=12): 0C 00 11 00 0B 00 00 00 01 00 C3 B5
[ 3225.791s] TEXT: '...;.'
[ 3225.791s] TEXT: '.....'
[ 3225.791s] FRAME (len=56): 38 00 11 00 01 00 00 00 01 00 46 81 9E E3 00 1D 00 0F 20 00 F0 0A 5C 27 56 83 00 00 00 00 00 00 61 07 73 62 24 00 13 00 00 88 00 00 98 00 9F 00 09 00 00 00 2E 0E BF 1F
[ 3225.791s] FRAME (len=12): 0C 00 11 00 00 00 00 00 01 00 61 76
[ 3232.186s] TEXT: '...;.'
[ 3232.186s] TEXT: '.....'
[ 3232.186s] FRAME (len=56): 38 00 11 00 01 00 00 00 01 00 46 81 9E E3 00 1D 00 0F 20 00 F0 0A 5C 27 56 83 00 00 00 00 00 00 61 07 73 62 24 00 13 00 00 88 00 00 98 00 9F 00 09 00 00 00 2E 0E BF 1F
[ 3232.186s] FRAME (len=12): 0C 00 11 00 00 00 00 00 01 00 61 76
[ 3233.427s] TEXT: '...;.'
[ 3233.636s] FRAME (len=56): 38 00 11 00 01 00 00 00 01 00 00 12 4B 00 38 0D 16 FD 03 00 50 08 5D 27 31 01 D4 FF 64 00 EE 02 00 00 00 00 00 00 0A 04 00 00 00 00 00 00 06 01 00 00 00 00 00 00 65 B4
[ 3238.173s] TEXT: '....TX succeeded...;.'
[ 3238.173s] FRAME (len=56): 38 00 11 00 01 00 00 00 01 00 46 81 9E E3 00 1D 00 0F 20 00 F0 0A 5C 27 56 83 00 00 00 00 00 00 61 07 73 62 24 00 13 00 00 88 00 00 98 00 9F 00 09 00 00 00 2E 0E BF 1F
[ 3238.375s] TEXT: '.....'
[ 3238.375s] FRAME (len=12): 0C 00 11 00 00 00 00 00 01 00 61 76
[ 3244.595s] TEXT: '...;.'
[ 3244.595s] TEXT: '.....'
[ 3244.595s] TEXT: '.....'
[ 3244.595s] FRAME (len=56): 38 00 11 00 01 00 00 00 01 00 46 81 9E E3 00 1D 00 0F 20 00 EC 0A 5B 27 56 C7 00 00 00 00 00 00 61 07 73 62 25 00 13 00 00 88 00 00 98 00 9F 00 09 00 00 00 1B 0E BA 14
[ 3244.595s] FRAME (len=12): 0C 00 11 00 00 00 00 00 01 00 61 76
[ 3244.595s] FRAME (len=12): 0C 00 11 00 0B 00 00 00 01 00 C3 B5
[ 3250.787s] TEXT: '...;.'
[ 3250.787s] TEXT: '.....'
[ 3250.787s] FRAME (len=56): 38 00 11 00 01 00 00 00 01 00 46 81 9E E3 00 1D 00 0F 20 00 EC 0A 5B 27 56 C7 00 00 00 00 00 00 61 07 73 62 25 00 13 00 00 88 00 00 98 00 9F 00 09 00 00 00 1B 0E BA 14
[ 3250.787s] FRAME (len=12): 0C 00 11 00 00 00 00 00 01 00 61 76
[ 3257.019s] TEXT: '...;.'
[ 3257.019s] TEXT: '.....'
[ 3257.019s] FRAME (len=56): 38 00 11 00 01 00 00 00 01 00 46 81 9E E3 00 1D 00 0F 20 00 EC 0A 5B 27 56 C7 00 00 00 00 00 00 61 07 73 62 25 00 13 00 00 88 00 00 98 00 9F 00 09 00 00 00 1B 0E BA 14
[ 3257.019s] FRAME (len=12): 0C 00 11 00 00 00 00 00 01 00 61 76
[ 3259.291s] TEXT: '...;.'
[ 3259.291s] FRAME (len=56): 38 00 11 00 01 00 00 00 01 00 00 12 4B 00 38 0D 16 FD 03 00 51 08 5E 27 31 19 D4 FF 64 00 EE 02 00 00 00 00 00 00 0A 04 00 00 00 00 00 00 06 01 00 00 00 00 00 00 D2 CB
[ 3263.220s] TEXT: '....TX failed: 0xc....TX failed: 0xc...;.'
[ 3263.220s] TEXT: '.....'
[ 3263.220s] FRAME (len=56): 38 00 11 00 01 00 00 00 01 00 46 81 9E E3 00 1D 00 0F 20 00 EC 0A 5B 27 56 C7 00 00 00 00 00 00 61 07 73 62 25 00 13 00 00 88 00 00 98 00 9F 00 09 00 00 00 1B 0E BA 14
[ 3263.220s] FRAME (len=12): 0C 00 11 00 00 00 00 00 01 00 61 76
[ 3269.437s] TEXT: '...;.'
[ 3269.437s] TEXT: '.....'
[ 3269.437s] TEXT: '.....'
[ 3269.437s] TEXT: '.....'
[ 3269.437s] FRAME (len=56): 38 00 11 00 01 00 00 00 01 00 46 81 9E E3 00 1D 00 0F 20 00 02 0B 5C 27 55 93 00 00 00 00 00 00 61 07 73 62 24 00 13 00 00 88 00 00 98 00 9F 00 09 00 00 00 1B 0E 02 B7
[ 3269.437s] FRAME (len=16): 10 00 11 00 08 00 00 00 01 00 04 00 00 00 34 99
[ 3269.437s] FRAME (len=12): 0C 00 11 00 00 00 00 00 01 00 61 76
[ 3269.437s] FRAME (len=12): 0C 00 11 00 0B 00 00 00 01 00 C3 B5
[ 3275.628s] TEXT: '...;.'
[ 3275.628s] TEXT: '.....'
[ 3275.628s] FRAME (len=56): 38 00 11 00 01 00 00 00 01 00 46 81 9E E3 00 1D 00 0F 20 00 02 0B 5C 27 55 93 00 00 00 00 00 00 61 07 73 62 24 00 13 00 00 88 00 00 98 00 9F 00 09 00 00 00 1B 0E 02 B7
[ 3275.628s] FRAME (len=12): 0C 00 11 00 00 00 00 00 01 00 61 76
[ 3281.839s] TEXT: '...;.'
[ 3281.839s] TEXT: '.....'
[ 3281.839s] FRAME (len=56): 38 00 11 00 01 00 00 00 01 00 46 81 9E E3 00 1D 00 0F 20 00 02 0B 5C 27 55 93 00 00 00 00 00 00 61 07 73 62 24 00 13 00 00 88 00 00 98 00 9F 00 09 00 00 00 1B 0E 02 B7
[ 3281.839s] FRAME (len=12): 0C 00 11 00 00 00 00 00 01 00 61 76
[ 3285.779s] TEXT: '...;.'
[ 3285.779s] FRAME (len=56): 38 00 11 00 01 00 00 00 01 00 00 12 4B 00 38 0D 16 FD 03 00 53 08 5D 27 31 09 D4 FF 64 00 EE 02 00 00 00 00 00 00 0A 04 00 00 00 00 00 00 06 01 00 00 00 00 00 00 FC F7
[ 3288.045s] TEXT: '....TX succeeded...;.'
[ 3288.045s] TEXT: '.....'
[ 3288.045s] FRAME (len=56): 38 00 11 00 01 00 00 00 01 00 46 81 9E E3 00 1D 00 0F 20 00 02 0B 5C 27 55 93 00 00 00 00 00 00 61 07 73 62 24 00 13 00 00 88 00 00 98 00 9F 00 09 00 00 00 1B 0E 02 B7
[ 3288.045s] FRAME (len=12): 0C 00 11 00 00 00 00 00 01 00 61 76
[ 3294.457s] TEXT: '...;.'
[ 3294.457s] TEXT: '.....'
[ 3294.457s] TEXT: '.....'
[ 3294.457s] TEXT: '.....'
[ 3294.457s] FRAME (len=56): 38 00 11 00 01 00 00 00 01 00 46 81 9E E3 00 1D 00 0F 20 00 00 0B 5C 27 56 A9 00 00 00 00 00 00 61 07 73 62 24 00 12 00 00 88 00 00 98 00 9F 00 09 00 00 00 41 0E 92 DB
[ 3294.457s] FRAME (len=16): 10 00 11 00 08 00 00 00 01 00 04 00 00 00 34 99
[ 3294.457s] FRAME (len=12): 0C 00 11 00 00 00 00 00 01 00 61 76
[ 3294.457s] FRAME (len=12): 0C 00 11 00 0B 00 00 00 01 00 C3 B5
[ 3300.495s] TEXT: '...;.'
[ 3300.495s] TEXT: '.....'
[ 3300.495s] FRAME (len=56): 38 00 11 00 01 00 00 00 01 00 46 81 9E E3 00 1D 00 0F 20 00 00 0B 5C 27 56 A9 00 00 00 00 00 00 61 07 73 62 24 00 12 00 00 88 00 00 98 00 9F 00 09 00 00 00 41 0E 92 DB
[ 3300.495s] FRAME (len=12): 0C 00 11 00 00 00 00 00 01 00 61 76
[ 3306.703s] TEXT: '...;.'
[ 3306.703s] TEXT: '.....'
[ 3306.703s] FRAME (len=56): 38 00 11 00 01 00 00 00 01 00 46 81 9E E3 00 1D 00 0F 20 00 00 0B 5C 27 56 A9 00 00 00 00 00 00 61 07 73 62 24 00 12 00 00 88 00 00 98 00 9F 00 09 00 00 00 41 0E 92 DB
[ 3306.703s] FRAME (len=12): 0C 00 11 00 00 00 00 00 01 00 61 76
[ 3311.487s] TEXT: '...;.'
[ 3311.487s] FRAME (len=56): 38 00 11 00 01 00 00 00 01 00 00 12 4B 00 38 0D 16 FD 03 00 54 08 5E 27 31 09 D4 FF 64 00 EE 02 00 00 00 00 00 00 0A 04 00 00 00 00 00 00 06 01 00 00 00 00 00 00 AE F8
[ 3312.945s] TEXT: '....TX succeeded...;.'
[ 3312.945s] TEXT: '.....'
[ 3312.945s] FRAME (len=56): 38 00 11 00 01 00 00 00 01 00 46 81 9E E3 00 1D 00 0F 20 00 00 0B 5C 27 56 A9 00 00 00 00 00 00 61 07 73 62 24 00 12 00 00 88 00 00 98 00 9F 00 09 00 00 00 41 0E 92 DB
[ 3312.945s] FRAME (len=12): 0C 00 11 00 00 00 00 00 01 00 61 76
[ 3319.178s] TEXT: '...;.'
[ 3319.178s] TEXT: '.....'
[ 3319.178s] TEXT: '.....'
[ 3319.178s] FRAME (len=56): 38 00 11 00 01 00 00 00 01 00 46 81 9E E3 00 1D 00 0F 20 00 EC 0A 5C 27 56 9D 00 00 00 00 00 00 61 07 73 62 24 00 12 00 00 88 00 00 98 00 9F 00 09 00 00 00 2E 0E D6 1F
[ 3319.178s] FRAME (len=12): 0C 00 11 00 00 00 00 00 01 00 61 76
[ 3319.178s] FRAME (len=12): 0C 00 11 00 0B 00 00 00 01 00 C3 B5
[ 3325.403s] TEXT: '...;.'
[ 3325.403s] TEXT: '.....'
[ 3325.403s] FRAME (len=56): 38 00 11 00 01 00 00 00 01 00 46 81 9E E3 00 1D 00 0F 20 00 EC 0A 5C 27 56 9D 00 00 00 00 00 00 61 07 73 62 24 00 12 00 00 88 00 00 98 00 9F 00 09 00 00 00 2E 0E D6 1F
[ 3325.403s] FRAME (len=12): 0C 00 11 00 00 00 00 00 01 00 61 76
[ 3331.595s] TEXT: '...;.'
[ 3331.595s] TEXT: '.....'
[ 3331.595s] FRAME (len=56): 38 00 11 00 01 00 00 00 01 00 46 81 9E E3 00 1D 00 0F 20 00 EC 0A 5C 27 56 9D 00 00 00 00 00 00 61 07 73 62 24 00 12 00 00 88 00 00 98 00 9F 00 09 00 00 00 2E 0E D6 1F
[ 3331.595s] FRAME (len=12): 0C 00 11 00 00 00 00 00 01 00 61 76
[ 3337.195s] TEXT: '...;.'
[ 3337.195s] FRAME (len=56): 38 00 11 00 01 00 00 00 01 00 00 12 4B 00 38 0D 16 FD 03 00 56 08 5D 27 31 1D D4 FF 64 00 EE 02 00 00 00 00 00 00 0A 04 00 00 00 00 00 00 06 01 00 00 00 00 00 00 7B 37
[ 3337.816s] TEXT: '....TX succeeded...;.'
[ 3337.816s] TEXT: '.....'
[ 3337.816s] FRAME (len=56): 38 00 11 00 01 00 00 00 01 00 46 81 9E E3 00 1D 00 0F 20 00 EC 0A 5C 27 56 9D 00 00 00 00 00 00 61 07 73 62 24 00 12 00 00 88 00 00 98 00 9F 00 09 00 00 00 2E 0E D6 1F
[ 3337.816s] FRAME (len=12): 0C 00 11 00 00 00 00 00 01 00 61 76
[ 3344.036s] TEXT: '...;.'
[ 3344.036s] TEXT: '.....'
[ 3344.036s] TEXT: '.....'
[ 3344.036s] FRAME (len=56): 38 00 11 00 01 00 00 00 01 00 46 81 9E E3 00 1D 00 0F 20 00 F9 0A 5C 27 56 8D 00 00 00 00 00 00 61 07 73 62 24 00 12 00 00 88 00 00 98 00 9F 00 09 00 00 00 41 0E C7 64
[ 3344.036s] FRAME (len=12): 0C 00 11 00 00 00 00 00 01 00 61 76
[ 3344.036s] FRAME (len=12): 0C 00 11 00 0B 00 00 00 01 00 C3 B5
[ 3350.268s] TEXT: '...;.'
[ 3350.268s] TEXT: '.....'
[ 3350.268s] FRAME (len=56): 38 00 11 00 01 00 00 00 01 00 46 81 9E E3 00 1D 00 0F 20 00 F9 0A 5C 27 56 8D 00 00 00 00 00 00 61 07 73 62 24 00 12 00 00 88 00 00 98 00 9F 00 09 00 00 00 41 0E C7 64
[ 3350.268s] FRAME (len=12): 0C 00 11 00 00 00 00 00 01 00 61 76
[ 3356.505s] TEXT: '...;.'
[ 3356.505s] TEXT: '.....'
[ 3356.505s] FRAME (len=56): 38 00 11 00 01 00 00 00 01 00 46 81 9E E3 00 1D 00 0F 20 00 F9 0A 5C 27 56 8D 00 00 00 00 00 00 61 07 73 62 24 00 12 00 00 88 00 00 98 00 9F 00 09 00 00 00 41 0E C7 64
[ 3356.505s] FRAME (len=12): 0C 00 11 00 00 00 00 00 01 00 61 76
[ 3362.735s] TEXT: '...;.'
[ 3362.735s] TEXT: '.....'
[ 3362.735s] FRAME (len=56): 38 00 11 00 01 00 00 00 01 00 46 81 9E E3 00 1D 00 0F 20 00 F9 0A 5C 27 56 8D 00 00 00 00 00 00 61 07 73 62 24 00 12 00 00 88 00 00 98 00 9F 00 09 00 00 00 41 0E C7 64
[ 3362.735s] FRAME (len=12): 0C 00 11 00 00 00 00 00 01 00 61 76
[ 3362.945s] TEXT: '...;.'
[ 3362.945s] FRAME (len=56): 38 00 11 00 01 00 00 00 01 00 00 12 4B 00 38 0D 16 FD 03 00 57 08 5E 27 31 15 D4 FF 64 00 EE 02 00 00 00 00 00 00 0A 04 00 00 00 00 00 00 06 01 00 00 00 00 00 00 43 B7
[ 3368.935s] TEXT: '....TX succeeded...;.'
[ 3368.935s] TEXT: '.....'
[ 3368.935s] TEXT: '.....'
[ 3368.935s] TEXT: '.....'
[ 3368.935s] FRAME (len=56): 38 00 11 00 01 00 00 00 01 00 46 81 9E E3 00 1D 00 0F 20 00 04 0B 5C 27 56 97 00 00 00 00 00 00 61 07 73 62 24 00 12 00 00 88 00 00 98 00 9F 00 09 00 00 00 41 0E 35 6E
[ 3368.935s] FRAME (len=16): 10 00 11 00 08 00 00 00 01 00 04 00 00 00 34 99
[ 3368.935s] FRAME (len=12): 0C 00 11 00 00 00 00 00 01 00 61 76
[ 3368.935s] FRAME (len=12): 0C 00 11 00 0B 00 00 00 01 00 C3 B5
[ 3374.957s] TEXT: '...;.'
[ 3374.957s] TEXT: '.....'
[ 3374.957s] FRAME (len=56): 38 00 11 00 01 00 00 00 01 00 46 81 9E E3 00 1D 00 0F 20 00 04 0B 5C 27 56 97 00 00 00 00 00 00 61 07 73 62 24 00 12 00 00 88 00 00 98 00 9F 00 09 00 00 00 41 0E 35 6E
[ 3374.957s] FRAME (len=12): 0C 00 11 00 00 00 00 00 01 00 61 76
[ 3381.395s] TEXT: '...;.'
[ 3381.395s] TEXT: '.....'
[ 3381.395s] FRAME (len=56): 38 00 11 00 01 00 00 00 01 00 46 81 9E E3 00 1D 00 0F 20 00 04 0B 5C 27 56 97 00 00 00 00 00 00 61 07 73 62 24 00 12 00 00 88 00 00 98 00 9F 00 09 00 00 00 41 0E 35 6E
[ 3381.395s] FRAME (len=12): 0C 00 11 00 00 00 00 00 01 00 61 76
[ 3387.629s] TEXT: '...;.'
[ 3387.629s] TEXT: '.....'
[ 3387.629s] FRAME (len=56): 38 00 11 00 01 00 00 00 01 00 46 81 9E E3 00 1D 00 0F 20 00 04 0B 5C 27 56 97 00 00 00 00 00 00 61 07 73 62 24 00 12 00 00 88 00 00 98 00 9F 00 09 00 00 00 41 0E 35 6E
[ 3387.629s] FRAME (len=12): 0C 00 11 00 00 00 00 00 01 00 61 76
[ 3388.671s] TEXT: '...;.'
[ 3388.671s] FRAME (len=56): 38 00 11 00 01 00 00 00 01 00 00 12 4B 00 38 0D 16 FD 03 00 58 08 5D 27 31 19 D4 FF 64 00 EE 02 00 00 00 00 00 00 0A 04 00 00 00 00 00 00 06 01 00 00 00 00 00 00 91 1D
[ 3393.860s] TEXT: '....TX succeeded...;.'
[ 3393.860s] TEXT: '.....'
[ 3393.860s] TEXT: '.....'
[ 3393.860s] FRAME (len=56): 38 00 11 00 01 00 00 00 01 00 46 81 9E E3 00 1D 00 0F 20 00 02 0B 5C 27 56 85 00 00 00 00 00 00 61 07 73 62 24 00 11 00 00 88 00 00 98 00 9F 00 09 00 00 00 1B 0E D3 11
[ 3393.860s] FRAME (len=12): 0C 00 11 00 00 00 00 00 01 00 61 76
[ 3393.860s] FRAME (len=12): 0C 00 11 00 0B 00 00 00 01 00 C3 B5
[ 3399.839s] TEXT: '...;.'
[ 3399.839s] TEXT: '.....'
[ 3399.839s] FRAME (len=56): 38 00 11 00 01 00 00 00 01 00 46 81 9E E3 00 1D 00 0F 20 00 02 0B 5C 27 56 85 00 00 00 00 00 00 61 07 73 62 24 00 11 00 00 88 00 00 98 00 9F 00 09 00 00 00 1B 0E D3 11
[ 3399.839s] FRAME (len=12): 0C 00 11 00 00 00 00 00 01 00 61 76
[ 3406.077s] TEXT: '...;.'
[ 3406.288s] TEXT: '.....'
[ 3406.288s] FRAME (len=56): 38 00 11 00 01 00 00 00 01 00 46 81 9E E3 00 1D 00 0F 20 00 02 0B 5C 27 56 85 00 00 00 00 00 00 61 07 73 62 24 00 11 00 00 88 00 00 98 00 9F 00 09 00 00 00 1B 0E D3 11
[ 3406.288s] FRAME (len=12): 0C 00 11 00 00 00 00 00 01 00 61 76
[ 3412.322s] TEXT: '...;.'
[ 3412.322s] TEXT: '.....'
[ 3412.322s] FRAME (len=56): 38 00 11 00 01 00 00 00 01 00 46 81 9E E3 00 1D 00 0F 20 00 02 0B 5C 27 56 85 00 00 00 00 00 00 61 07 73 62 24 00 11 00 00 88 00 00 98 00 9F 00 09 00 00 00 1B 0E D3 11
[ 3412.322s] FRAME (len=12): 0C 00 11 00 00 00 00 00 01 00 61 76
[ 3415.203s] TEXT: '...;.'
[ 3415.203s] FRAME (len=56): 38 00 11 00 01 00 00 00 01 00 00 12 4B 00 38 0D 16 FD 03 00 5A 08 5D 27 31 19 D4 FF 64 00 EE 02 00 00 00 00 00 00 0A 04 00 00 00 00 00 00 06 01 00 00 00 00 00 00 FA 35
[ 3418.744s] TEXT: '....TX succeeded...;.'
[ 3418.744s] TEXT: '.....'
[ 3418.744s] TEXT: '.....'
[ 3418.744s] TEXT: '.....'
[ 3418.744s] FRAME (len=56): 38 00 11 00 01 00 00 00 01 00 46 81 9E E3 00 1D 00 0F 20 00 F4 0A 5C 27 56 95 00 00 00 00 00 00 61 07 73 62 24 00 12 00 00 88 00 00 98 00 9F 00 09 00 00 00 41 0E C0 01
[ 3418.744s] FRAME (len=16): 10 00 11 00 08 00 00 00 01 00 04 00 00 00 34 99
[ 3418.744s] FRAME (len=12): 0C 00 11 00 00 00 00 00 01 00 61 76
[ 3418.744s] FRAME (len=12): 0C 00 11 00 0B 00 00 00 01 00 C3 B5
[ 3424.742s] TEXT: '...;.'
[ 3424.742s] TEXT: '.....'
[ 3424.742s] FRAME (len=56): 38 00 11 00 01 00 00 00 01 00 46 81 9E E3 00 1D 00 0F 20 00 F4 0A 5C 27 56 95 00 00 00 00 00 00 61 07 73 62 24 00 12 00 00 88 00 00 98 00 9F 00 09 00 00 00 41 0E C0 01
[ 3424.742s] FRAME (len=12): 0C 00 11 00 00 00 00 00 01 00 61 76
[ 3430.950s] TEXT: '...;.'
[ 3430.950s] FRAME (len=56): 38 00 11 00 01 00 00 00 01 00 46 81 9E E3 00 1D 00 0F 20 00 F4 0A 5C 27 56 95 00 00 00 00 00 00 61 07 73 62 24 00 12 00 00 88 00 00 98 00 9F 00 09 00 00 00 41 0E C0 01
[ 3431.157s] TEXT: '.....'
[ 3431.157s] FRAME (len=12): 0C 00 11 00 00 00 00 00 01 00 61 76
[ 3437.358s] TEXT: '...;.'
[ 3437.358s] TEXT: '.....'
[ 3437.358s] FRAME (len=56): 38 00 11 00 01 00 00 00 01 00 46 81 9E E3 00 1D 00 0F 20 00 F4 0A 5C 27 56 95 00 00 00 00 00 00 61 07 73 62 24 00 12 00 00 88 00 00 98 00 9F 00 09 00 00 00 41 0E C0 01
[ 3437.358s] FRAME (len=12): 0C 00 11 00 00 00 00 00 01 00 61 76
[ 3440.876s] TEXT: '...;.'
[ 3440.876s] FRAME (len=56): 38 00 11 00 01 00 00 00 01 00 00 12 4B 00 38 0D 16 FD 03 00 5C 08 5E 27 31 05 D4 FF 64 00 EE 02 00 00 00 00 00 00 0A 04 00 00 00 00 00 00 06 01 00 00 00 00 00 00 2E 5D
[ 3443.545s] TEXT: '....TX succeeded...;.'
[ 3443.545s] TEXT: '.....'
[ 3443.545s] TEXT: '.....'
[ 3443.545s] FRAME (len=56): 38 00 11 00 01 00 00 00 01 00 46 81 9E E3 00 1D 00 0F 20 00 FA 0A 5C 27 56 9D 00 00 00 00 00 00 61 07 73 62 24 00 11 00 00 88 00 00 98 00 9F 00 09 00 00 00 41 0E 4B C7
[ 3443.545s] FRAME (len=12): 0C 00 11 00 00 00 00 00 01 00 61 76
[ 3443.545s] FRAME (len=12): 0C 00 11 00 0B 00 00 00 01 00 C3 B5
[ 3449.573s] TEXT: '...;.'
[ 3449.573s] TEXT: '.....'
[ 3449.573s] FRAME (len=56): 38 00 11 00 01 00 00 00 01 00 46 81 9E E3 00 1D 00 0F 20 00 FA 0A 5C 27 56 9D 00 00 00 00 00 00 61 07 73 62 24 00 11 00 00 88 00 00 98 00 9F 00 09 00 00 00 41 0E 4B C7
[ 3449.573s] FRAME (len=12): 0C 00 11 00 00 00 00 00 01 00 61 76
[ 3456.008s] TEXT: '...;.'
[ 3456.008s] TEXT: '.....'
[ 3456.008s] FRAME (len=56): 38 00 11 00 01 00 00 00 01 00 46 81 9E E3 00 1D 00 0F 20 00 FA 0A 5C 27 56 9D 00 00 00 00 00 00 61 07 73 62 24 00 11 00 00 88 00 00 98 00 9F 00 09 00 00 00 41 0E 4B C7
[ 3456.008s] FRAME (len=12): 0C 00 11 00 00 00 00 00 01 00 61 76
[ 3462.224s] TEXT: '...;.'
[ 3462.224s] TEXT: '.....'
[ 3462.224s] FRAME (len=56): 38 00 11 00 01 00 00 00 01 00 46 81 9E E3 00 1D 00 0F 20 00 FA 0A 5C 27 56 9D 00 00 00 00 00 00 61 07 73 62 24 00 11 00 00 88 00 00 98 00 9F 00 09 00 00 00 41 0E 4B C7
[ 3462.224s] FRAME (len=12): 0C 00 11 00 00 00 00 00 01 00 61 76
[ 3466.552s] TEXT: '...;.'
[ 3466.552s] FRAME (len=56): 38 00 11 00 01 00 00 00 01 00 00 12 4B 00 38 0D 16 FD 03 00 5E 08 5E 27 31 29 D4 FF 64 00 EE 02 00 00 00 00 00 00 0A 04 00 00 00 00 00 00 06 01 00 00 00 00 00 00 56 9E
[ 3468.411s] TEXT: '....TX succeeded...;.'
[ 3468.411s] TEXT: '.....'
[ 3468.411s] TEXT: '.....'
[ 3468.411s] TEXT: '.....'
[ 3468.411s] FRAME (len=56): 38 00 11 00 01 00 00 00 01 00 46 81 9E E3 00 1D 00 0F 20 00 02 0B 5C 27 56 B3 00 00 00 00 00 00 61 07 73 62 24 00 11 00 00 88 00 00 98 00 9F 00 09 00 00 00 54 0E 87 1E
[ 3468.411s] FRAME (len=16): 10 00 11 00 08 00 00 00 01 00 04 00 00 00 34 99
[ 3468.411s] FRAME (len=12): 0C 00 11 00 00 00 00 00 01 00 61 76
[ 3468.411s] FRAME (len=12): 0C 00 11 00 0B 00 00 00 01 00 C3 B5
[ 3474.427s] TEXT: '...;.'
[ 3474.427s] TEXT: '.....'
[ 3474.427s] FRAME (len=56): 38 00 11 00 01 00 00 00 01 00 46 81 9E E3 00 1D 00 0F 20 00 02 0B 5C 27 56 B3 00 00 00 00 00 00 61 07 73 62 24 00 11 00 00 88 00 00 98 00 9F 00 09 00 00 00 54 0E 87 1E
[ 3474.427s] FRAME (len=12): 0C 00 11 00 00 00 00 00 01 00 61 76
[ 3480.858s] TEXT: '...;.'
[ 3480.858s] TEXT: '.....'
[ 3480.858s] FRAME (len=56): 38 00 11 00 01 00 00 00 01 00 46 81 9E E3 00 1D 00 0F 20 00 02 0B 5C 27 56 B3 00 00 00 00 00 00 61 07 73 62 24 00 11 00 00 88 00 00 98 00 9F 00 09 00 00 00 54 0E 87 1E
[ 3480.858s] FRAME (len=12): 0C 00 11 00 00 00 00 00 01 00 61 76
[ 3486.905s] TEXT: '...;.'
[ 3487.112s] TEXT: '.....'
[ 3487.112s] FRAME (len=56): 38 00 11 00 01 00 00 00 01 00 46 81 9E E3 00 1D 00 0F 20 00 02 0B 5C 27 56 B3 00 00 00 00 00 00 61 07 73 62 24 00 11 00 00 88 00 00 98 00 9F 00 09 00 00 00 54 0E 87 1E
[ 3487.112s] FRAME (len=12): 0C 00 11 00 00 00 00 00 01 00 61 76
[ 3492.295s] TEXT: '...;.'
[ 3492.295s] FRAME (len=56): 38 00 11 00 01 00 00 00 01 00 00 12 4B 00 38 0D 16 FD 03 00 5E 08 5E 27 31 2D D4 FF 64 00 EE 02 00 00 00 00 00 00 0A 04 00 00 00 00 00 00 06 01 00 00 00 00 00 00 AD 6D
[ 3493.333s] TEXT: '....TX succeeded...;.'
[ 3493.333s] TEXT: '.....'
[ 3493.333s] TEXT: '.....'
[ 3493.333s] TEXT: '.....'
[ 3493.333s] FRAME (len=56): 38 00 11 00 01 00 00 00 01 00 46 81 9E E3 00 1D 00 0F 20 00 F3 0A 5C 27 56 9D 00 00 00 00 00 00 61 07 73 62 24 00 11 00 00 88 00 00 98 00 9F 00 09 00 00 00 1B 0E B6 1B
[ 3493.333s] FRAME (len=16): 10 00 11 00 08 00 00 00 01 00 04 00 00 00 34 99
[ 3493.333s] FRAME (len=12): 0C 00 11 00 00 00 00 00 01 00 61 76
[ 3493.333s] FRAME (len=12): 0C 00 11 00 0B 00 00 00 01 00 C3 B5
[ 3499.338s] TEXT: '...;.'
[ 3499.338s] TEXT: '.....'
[ 3499.338s] FRAME (len=56): 38 00 11 00 01 00 00 00 01 00 46 81 9E E3 00 1D 00 0F 20 00 F3 0A 5C 27 56 9D 00 00 00 00 00 00 61 07 73 62 24 00 11 00 00 88 00 00 98 00 9F 00 09 00 00 00 1B 0E B6 1B
[ 3499.338s] FRAME (len=12): 0C 00 11 00 00 00 00 00 01 00 61 76
[ 3505.565s] TEXT: '...;.'
[ 3505.565s] TEXT: '.....'
[ 3505.565s] FRAME (len=56): 38 00 11 00 01 00 00 00 01 00 46 81 9E E3 00 1D 00 0F 20 00 F3 0A 5C 27 56 9D 00 00 00 00 00 00 61 07 73 62 24 00 11 00 00 88 00 00 98 00 9F 00 09 00 00 00 1B 0E B6 1B
[ 3505.565s] FRAME (len=12): 0C 00 11 00 00 00 00 00 01 00 61 76
[ 3511.807s] TEXT: '...;.'
[ 3511.807s] TEXT: '.....'
[ 3511.807s] FRAME (len=56): 38 00 11 00 01 00 00 00 01 00 46 81 9E E3 00 1D 00 0F 20 00 F3 0A 5C 27 56 9D 00 00 00 00 00 00 61 07 73 62 24 00 11 00 00 88 00 00 98 00 9F 00 09 00 00 00 1B 0E B6 1B
[ 3511.807s] FRAME (len=12): 0C 00 11 00 00 00 00 00 01 00 61 76
[ 3517.998s] TEXT: '...;.'
[ 3517.998s] FRAME (len=56): 38 00 11 00 01 00 00 00 01 00 00 12 4B 00 38 0D 16 FD 03 00 60 08 5E 27 31 11 D4 FF 64 00 EE 02 00 00 00 00 00 00 0A 04 00 00 00 00 00 00 06 01 00 00 00 00 00 00 AB 55
[ 3518.208s] TEXT: '....TX succeeded...;.'
[ 3518.208s] TEXT: '.....'
[ 3518.208s] TEXT: '.....'
[ 3518.208s] FRAME (len=56): 38 00 11 00 01 00 00 00 01 00 46 81 9E E3 00 1D 00 0F 20 00 F9 0A 5C 27 56 91 00 00 00 00 00 00 61 07 73 62 24 00 10 00 00 88 00 00 98 00 9F 00 09 00 00 00 54 0E 8B 23
[ 3518.208s] FRAME (len=12): 0C 00 11 00 00 00 00 00 01 00 61 76
[ 3518.208s] FRAME (len=12): 0C 00 11 00 0B 00 00 00 01 00 C3 B5
[ 3524.221s] TEXT: '...;.'
[ 3524.221s] TEXT: '.....'
[ 3524.221s] FRAME (len=56): 38 00 11 00 01 00 00 00 01 00 46 81 9E E3 00 1D 00 0F 20 00 F9 0A 5C 27 56 91 00 00 00 00 00 00 61 07 73 62 24 00 10 00 00 88 00 00 98 00 9F 00 09 00 00 00 54 0E 8B 23
[ 3524.221s] FRAME (len=12): 0C 00 11 00 00 00 00 00 01 00 61 76
[ 3530.611s] TEXT: '...;.'
[ 3530.611s] TEXT: '.....'
[ 3530.611s] FRAME (len=56): 38 00 11 00 01 00 00 00 01 00 46 81 9E E3 00 1D 00 0F 20 00 F9 0A 5C 27 56 91 00 00 00 00 00 00 61 07 73 62 24 00 10 00 00 88 00 00 98 00 9F 00 09 00 00 00 54 0E 8B 23
[ 3530.611s] FRAME (len=12): 0C 00 11 00 00 00 00 00 01 00 61 76
[ 3536.824s] TEXT: '...;.'
[ 3536.824s] TEXT: '.....'
[ 3536.824s] FRAME (len=56): 38 00 11 00 01 00 00 00 01 00 46 81 9E E3 00 1D 00 0F 20 00 F9 0A 5C 27 56 91 00 00 00 00 00 00 61 07 73 62 24 00 10 00 00 88 00 00 98 00 9F 00 09 00 00 00 54 0E 8B 23
[ 3536.824s] FRAME (len=12): 0C 00 11 00 00 00 00 00 01 00 61 76
[ 3543.039s] TEXT: '...;.'
[ 3543.039s] TEXT: '.....'
[ 3543.039s] TEXT: '.....'
[ 3543.039s] FRAME (len=56): 38 00 11 00 01 00 00 00 01 00 46 81 9E E3 00 1D 00 0F 20 00 EC 0A 5C 27 56 93 00 00 00 00 00 00 61 07 73 62 25 00 10 00 00 88 00 00 98 00 9F 00 09 00 00 00 2E 0E 4F 5A
[ 3543.039s] FRAME (len=12): 0C 00 11 00 00 00 00 00 01 00 61 76
[ 3543.039s] FRAME (len=12): 0C 00 11 00 0B 00 00 00 01 00 C3 B5
[ 3543.659s] TEXT: '...;.'
[ 3543.659s] FRAME (len=56): 38 00 11 00 01 00 00 00 01 00 00 12 4B 00 38 0D 16 FD 03 00 61 08 5E 27 31 25 D4 FF 64 00 EE 02 00 00 00 00 00 00 0A 04 00 00 00 00 00 00 06 01 00 00 00 00 00 00 C5 2A
[ 3549.036s] TEXT: '....TX failed: 0xc....TX failed: 0xc...;.'
[ 3549.036s] FRAME (len=56): 38 00 11 00 01 00 00 00 01 00 46 81 9E E3 00 1D 00 0F 20 00 EC 0A 5C 27 56 93 00 00 00 00 00 00 61 07 73 62 25 00 10 00 00 88 00 00 98 00 9F 00 09 00 00 00 2E 0E 4F 5A
[ 3549.244s] TEXT: '.....'
[ 3549.244s] FRAME (len=12): 0C 00 11 00 00 00 00 00 01 00 61 76
[ 3555.250s] TEXT: '...;.'
[ 3555.457s] TEXT: '.....'
[ 3555.457s] FRAME (len=56): 38 00 11 00 01 00 00 00 01 00 46 81 9E E3 00 1D 00 0F 20 00 EC 0A 5C 27 56 93 00 00 00 00 00 00 61 07 73 62 25 00 10 00 00 88 00 00 98 00 9F 00 09 00 00 00 2E 0E 4F 5A
[ 3555.457s] FRAME (len=12): 0C 00 11 00 00 00 00 00 01 00 61 76
[ 3561.645s] TEXT: '...;.'
[ 3561.645s] TEXT: '.....'
[ 3561.645s] FRAME (len=56): 38 00 11 00 01 00 00 00 01 00 46 81 9E E3 00 1D 00 0F 20 00 EC 0A 5C 27 56 93 00 00 00 00 00 00 61 07 73 62 25 00 10 00 00 88 00 00 98 00 9F 00 09 00 00 00 2E 0E 4F 5A
[ 3561.645s] FRAME (len=12): 0C 00 11 00 00 00 00 00 01 00 61 76
[ 3568.075s] TEXT: '...;.'
[ 3568.075s] TEXT: '.....'
[ 3568.075s] TEXT: '.....'
[ 3568.075s] FRAME (len=56): 38 00 11 00 01 00 00 00 01 00 46 81 9E E3 00 1D 00 0F 20 00 F0 0A 5C 27 56 9F 00 00 00 00 00 00 61 07 73 62 24 00 10 00 00 88 00 00 98 00 9F 00 09 00 00 00 2E 0E 51 0C
[ 3568.075s] FRAME (len=12): 0C 00 11 00 00 00 00 00 01 00 61 76
[ 3568.075s] FRAME (len=12): 0C 00 11 00 0B 00 00 00 01 00 C3 B5
[ 3570.340s] TEXT: '...;.'
[ 3570.340s] FRAME (len=56): 38 00 11 00 01 00 00 00 01 00 00 12 4B 00 38 0D 16 FD 03 00 63 08 5E 27 31 25 D4 FF 64 00 EE 02 00 00 00 00 00 00 0A 04 00 00 00 00 00 00 06 01 00 00 00 00 00 00 AE 02
[ 3574.049s] TEXT: '....TX succeeded...;.'
[ 3574.049s] TEXT: '.....'
[ 3574.049s] FRAME (len=56): 38 00 11 00 01 00 00 00 01 00 46 81 9E E3 00 1D 00 0F 20 00 F0 0A 5C 27 56 9F 00 00 00 00 00 00 61 07 73 62 24 00 10 00 00 88 00 00 98 00 9F 00 09 00 00 00 2E 0E 51 0C
[ 3574.049s] FRAME (len=12): 0C 00 11 00 00 00 00 00 01 00 61 76
[ 3580.284s] TEXT: '...;.'
[ 3580.284s] TEXT: '.....'
[ 3580.284s] FRAME (len=56): 38 00 11 00 01 00 00 00 01 00 46 81 9E E3 00 1D 00 0F 20 00 F0 0A 5C 27 56 9F 00 00 00 00 00 00 61 07 73 62 24 00 10 00 00 88 00 00 98 00 9F 00 09 00 00 00 2E 0E 51 0C
[ 3580.284s] FRAME (len=12): 0C 00 11 00 00 00 00 00 01 00 61 76
[ 3586.500s] TEXT: '...;.'
[ 3586.500s] TEXT: '.....'
[ 3586.500s] FRAME (len=56): 38 00 11 00 01 00 00 00 01 00 46 81 9E E3 00 1D 00 0F 20 00 F0 0A 5C 27 56 9F 00 00 00 00 00 00 61 07 73 62 24 00 10 00 00 88 00 00 98 00 9F 00 09 00 00 00 2E 0E 51 0C
[ 3586.500s] FRAME (len=12): 0C 00 11 00 00 00 00 00 01 00 61 76
[ 3592.923s] TEXT: '...;.'
[ 3592.923s] TEXT: '.....'
[ 3592.923s] TEXT: '.....'
[ 3592.923s] FRAME (len=56): 38 00 11 00 01 00 00 00 01 00 46 81 9E E3 00 1D 00 0F 20 00 FB 0A 5C 27 56 B1 00 00 00 00 00 00 61 07 73 62 24 00 10 00 00 88 00 00 98 00 9F 00 09 00 00 00 41 0E 59 18
[ 3592.923s] FRAME (len=12): 0C 00 11 00 00 00 00 00 01 00 61 76
[ 3592.923s] FRAME (len=12): 0C 00 11 00 0B 00 00 00 01 00 C3 B5
[ 3596.024s] TEXT: '...;.'
[ 3596.024s] FRAME (len=56): 38 00 11 00 01 00 00 00 01 00 00 12 4B 00 38 0D 16 FD 03 00 65 08 5E 27 31 3D D4 FF 64 00 EE 02 00 00 00 00 00 00 0A 04 00 00 00 00 00 00 06 01 00 00 00 00 00 00 4B 72
[ 3598.949s] TEXT: '....TX succeeded...;.'
[ 3598.949s] TEXT: '.....'
[ 3598.949s] FRAME (len=56): 38 00 11 00 01 00 00 00 01 00 46 81 9E E3 00 1D 00 0F 20 00 FB 0A 5C 27 56 B1 00 00 00 00 00 00 61 07 73 62 24 00 10 00 00 88 00 00 98 00 9F 00 09 00 00 00 41 0E 59 18
[ 3598.949s] FRAME (len=12): 0C 00 11 00 00 00 00 00 01 00 61 76
[ 3605.141s] TEXT: '...;.'
[ 3605.141s] TEXT: '.....'
[ 3605.141s] FRAME (len=56): 38 00 11 00 01 00 00 00 01 00 46 81 9E E3 00 1D 00 0F 20 00 FB 0A 5C 27 56 B1 00 00 00 00 00 00 61 07 73 62 24 00 10 00 00 88 00 00 98 00 9F 00 09 00 00 00 41 0E 59 18
[ 3605.141s] FRAME (len=12): 0C 00 11 00 00 00 00 00 01 00 61 76
[ 3611.326s] TEXT: '...;.'
[ 3611.326s] TEXT: '.....'
[ 3611.326s] FRAME (len=56): 38 00 11 00 01 00 00 00 01 00 46 81 9E E3 00 1D 00 0F 20 00 FB 0A 5C 27 56 B1 00 00 00 00 00 00 61 07 73 62 24 00 10 00 00 88 00 00 98 00 9F 00 09 00 00 00 41 0E 59 18
[ 3611.326s] FRAME (len=12): 0C 00 11 00 00 00 00 00 01 00 61 76
[ 3617.748s] TEXT: '...;.'
[ 3617.748s] TEXT: '.....'
[ 3617.748s] TEXT: '.....'
[ 3617.748s] TEXT: '.....'
[ 3617.748s] FRAME (len=56): 38 00 11 00 01 00 00 00 01 00 46 81 9E E3 00 1D 00 0F 20 00 02 0B 5C 27 56 B9 00 00 00 00 00 00 61 07 73 62 24 00 0F 00 00 88 00 00 98 00 9F 00 09 00 00 00 2E 0E 1B 0D
[ 3617.748s] FRAME (len=16): 10 00 11 00 08 00 00 00 01 00 04 00 00 00 34 99
[ 3617.748s] FRAME (len=12): 0C 00 11 00 00 00 00 00 01 00 61 76
[ 3617.748s] FRAME (len=12): 0C 00 11 00 0B 00 00 00 01 00 C3 B5
[ 3621.682s] TEXT: '...;.'
[ 3621.682s] FRAME (len=56): 38 00 11 00 01 00 00 00 01 00 00 12 4B 00 38 0D 16 FD 03 00 66 08 5E 27 31 4D D4 FF 64 00 EE 02 00 00 00 00 00 00 0A 04 00 00 00 00 00 00 06 01 00 00 00 00 00 00 EA 18
[ 3623.757s] TEXT: '....TX succeeded...;.'
[ 3623.757s] TEXT: '.....'
[ 3623.757s] FRAME (len=56): 38 00 11 00 01 00 00 00 01 00 46 81 9E E3 00 1D 00 0F 20 00 02 0B 5C 27 56 B9 00 00 00 00 00 00 61 07 73 62 24 00 0F 00 00 88 00 00 98 00 9F 00 09 00 00 00 2E 0E 1B 0D
[ 3623.757s] FRAME (len=12): 0C 00 11 00 00 00 00 00 01 00 61 76
[ 3629.943s] TEXT: '...;.'
[ 3629.943s] TEXT: '.....'
[ 3629.943s] FRAME (len=56): 38 00 11 00 01 00 00 00 01 00 46 81 9E E3 00 1D 00 0F 20 00 02 0B 5C 27 56 B9 00 00 00 00 00 00 61 07 73 62 24 00 0F 00 00 88 00 00 98 00 9F 00 09 00 00 00 2E 0E 1B 0D
[ 3629.943s] FRAME (len=12): 0C 00 11 00 00 00 00 00 01 00 61 76
[ 3636.130s] TEXT: '...;.'
[ 3636.130s] FRAME (len=56): 38 00 11 00 01 00 00 00 01 00 46 81 9E E3 00 1D 00 0F 20 00 02 0B 5C 27 56 B9 00 00 00 00 00 00 61 07 73 62 24 00 0F 00 00 88 00 00 98 00 9F 00 09 00 00 00 2E 0E 1B 0D
[ 3636.332s] TEXT: '.....'
[ 3636.332s] FRAME (len=12): 0C 00 11 00 00 00 00 00 01 00 61 76
[ 3642.509s] TEXT: '...;.'
[ 3642.509s] TEXT: '.....'
[ 3642.509s] TEXT: '.....'
[ 3642.509s] TEXT: '.....'
[ 3642.509s] FRAME (len=56): 38 00 11 00 01 00 00 00 01 00 46 81 9E E3 00 1D 00 0F 20 00 F9 0A 5C 27 56 BD 00 00 00 00 00 00 61 07 73 62 24 00 0F 00 00 88 00 00 98 00 9F 00 09 00 00 00 2E 0E 1A 75
[ 3642.509s] FRAME (len=16): 10 00 11 00 08 00 00 00 01 00 04 00 00 00 34 99
[ 3642.509s] FRAME (len=12): 0C 00 11 00 00 00 00 00 01 00 61 76
[ 3642.509s] FRAME (len=12): 0C 00 11 00 0B 00 00 00 01 00 C3 B5
[ 3647.282s] TEXT: '...;.'
[ 3647.282s] FRAME (len=56): 38 00 11 00 01 00 00 00 01 00 00 12 4B 00 38 0D 16 FD 03 00 67 08 5E 27 31 45 D4 FF 64 00 EE 02 00 00 00 00 00 00 0A 04 00 00 00 00 00 00 06 01 00 00 00 00 00 00 18 73
[ 3648.519s] TEXT: '....TX succeeded...;.'
[ 3648.519s] FRAME (len=56): 38 00 11 00 01 00 00 00 01 00 46 81 9E E3 00 1D 00 0F 20 00 F9 0A 5C 27 56 BD 00 00 00 00 00 00 61 07 73 62 24 00 0F 00 00 88 00 00 98 00 9F 00 09 00 00 00 2E 0E 1A 75
[ 3648.726s] TEXT: '.....'
[ 3648.726s] FRAME (len=12): 0C 00 11 00 00 00 00 00 01 00 61 76
[ 3654.729s] TEXT: '...;.'
[ 3654.940s] TEXT: '.....'
[ 3654.940s] FRAME (len=56): 38 00 11 00 01 00 00 00 01 00 46 81 9E E3 00 1D 00 0F 20 00 F9 0A 5C 27 56 BD 00 00 00 00 00 00 61 07 73 62 24 00 0F 00 00 88 00 00 98 00 9F 00 09 00 00 00 2E 0E 1A 75
[ 3654.940s] FRAME (len=12): 0C 00 11 00 00 00 00 00 01 00 61 76
[ 3661.158s] TEXT: '...;.'
[ 3661.158s] TEXT: '.....'
[ 3661.158s] FRAME (len=56): 38 00 11 00 01 00 00 00 01 00 46 81 9E E3 00 1D 00 0F 20 00 F9 0A 5C 27 56 BD 00 00 00 00 00 00 61 07 73 62 24 00 0F 00 00 88 00 00 98 00 9F 00 09 00 00 00 2E 0E 1A 75
[ 3661.158s] FRAME (len=12): 0C 00 11 00 00 00 00 00 01 00 61 76
[ 3667.552s] TEXT: '...;.'
[ 3667.552s] TEXT: '.....'
[ 3667.552s] TEXT: '.....'
[ 3667.552s] FRAME (len=56): 38 00 11 00 01 00 00 00 01 00 46 81 9E E3 00 1D 00 0F 20 00 F0 0A 5C 27 56 A9 00 00 00 00 00 00 61 07 73 62 24 00 0F 00 00 88 00 00 98 00 9F 00 09 00 00 00 41 0E F3 5F
[ 3667.552s] FRAME (len=12): 0C 00 11 00 00 00 00 00 01 00 61 76
[ 3667.552s] FRAME (len=12): 0C 00 11 00 0B 00 00 00 01 00 C3 B5
[ 3672.955s] TEXT: '...;.'
[ 3672.955s] FRAME (len=56): 38 00 11 00 01 00 00 00 01 00 00 12 4B 00 38 0D 16 FD 03 00 69 08 5E 27 31 71 D4 FF 64 00 EE 02 00 00 00 00 00 00 0A 04 00 00 00 00 00 00 06 01 00 00 00 00 00 00 42 49
[ 3673.570s] TEXT: '....TX succeeded...;.'
[ 3673.570s] TEXT: '.....'
[ 3673.570s] FRAME (len=56): 38 00 11 00 01 00 00 00 01 00 46 81 9E E3 00 1D 00 0F 20 00 F0 0A 5C 27 56 A9 00 00 00 00 00 00 61 07 73 62 24 00 0F 00 00 88 00 00 98 00 9F 00 09 00 00 00 41 0E F3 5F
[ 3673.570s] FRAME (len=12): 0C 00 11 00 00 00 00 00 01 00 61 76
[ 3679.762s] TEXT: '...;.'
[ 3679.762s] TEXT: '.....'
[ 3679.762s] FRAME (len=56): 38 00 11 00 01 00 00 00 01 00 46 81 9E E3 00 1D 00 0F 20 00 F0 0A 5C 27 56 A9 00 00 00 00 00 00 61 07 73 62 24 00 0F 00 00 88 00 00 98 00 9F 00 09 00 00 00 41 0E F3 5F
[ 3679.762s] FRAME (len=12): 0C 00 11 00 00 00 00 00 01 00 61 76
[ 3686.004s] TEXT: '...;.'
[ 3686.004s] TEXT: '.....'
[ 3686.004s] FRAME (len=56): 38 00 11 00 01 00 00 00 01 00 46 81 9E E3 00 1D 00 0F 20 00 F0 0A 5C 27 56 A9 00 00 00 00 00 00 61 07 73 62 24 00 0F 00 00 88 00 00 98 00 9F 00 09 00 00 00 41 0E F3 5F
[ 3686.004s] FRAME (len=12): 0C 00 11 00 00 00 00 00 01 00 61 76
[ 3692.405s] TEXT: '...;.'
[ 3692.405s] TEXT: '.....'
[ 3692.405s] TEXT: '.....'
[ 3692.405s] FRAME (len=56): 38 00 11 00 01 00 00 00 01 00 46 81 9E E3 00 1D 00 0F 20 00 FB 0A 5C 27 56 BF 00 00 00 00 00 00 61 07 73 62 24 00 0F 00 00 88 00 00 98 00 9F 00 09 00 00 00 2E 0E 9C AC
[ 3692.405s] FRAME (len=12): 0C 00 11 00 00 00 00 00 01 00 61 76
[ 3692.405s] FRAME (len=12): 0C 00 11 00 0B 00 00 00 01 00 C3 B5
[ 3698.419s] TEXT: '...;.'
[ 3698.419s] TEXT: '.....'
[ 3698.419s] FRAME (len=56): 38 00 11 00 01 00 00 00 01 00 46 81 9E E3 00 1D 00 0F 20 00 FB 0A 5C 27 56 BF 00 00 00 00 00 00 61 07 73 62 24 00 0F 00 00 88 00 00 98 00 9F 00 09 00 00 00 2E 0E 9C AC
[ 3698.419s] FRAME (len=12): 0C 00 11 00 00 00 00 00 01 00 61 76
[ 3699.647s] TEXT: '...;.'
[ 3699.647s] FRAME (len=56): 38 00 11 00 01 00 00 00 01 00 00 12 4B 00 38 0D 16 FD 03 00 6A 08 5E 27 31 51 D4 FF 64 00 EE 02 00 00 00 00 00 00 0A 04 00 00 00 00 00 00 06 01 00 00 00 00 00 00 33 12
[ 3704.591s] TEXT: '....TX succeeded...;.'
[ 3704.591s] TEXT: '.....'
[ 3704.591s] FRAME (len=56): 38 00 11 00 01 00 00 00 01 00 46 81 9E E3 00 1D 00 0F 20 00 FB 0A 5C 27 56 BF 00 00 00 00 00 00 61 07 73 62 24 00 0F 00 00 88 00 00 98 00 9F 00 09 00 00 00 2E 0E 9C AC
[ 3704.591s] FRAME (len=12): 0C 00 11 00 00 00 00 00 01 00 61 76
[ 3710.816s] TEXT: '...;.'
[ 3710.816s] TEXT: '.....'
[ 3710.816s] FRAME (len=56): 38 00 11 00 01 00 00 00 01 00 46 81 9E E3 00 1D 00 0F 20 00 FB 0A 5C 27 56 BF 00 00 00 00 00 00 61 07 73 62 24 00 0F 00 00 88 00 00 98 00 9F 00 09 00 00 00 2E 0E 9C AC
[ 3710.816s] FRAME (len=12): 0C 00 11 00 00 00 00 00 01 00 61 76
[ 3717.253s] TEXT: '...;.'
[ 3717.253s] TEXT: '.....'
[ 3717.253s] TEXT: '.....'
[ 3717.253s] FRAME (len=56): 38 00 11 00 01 00 00 00 01 00 46 81 9E E3 00 1D 00 0F 20 00 FB 0A 5C 27 56 C5 00 00 00 00 00 00 61 07 73 62 24 00 0E 00 00 88 00 00 98 00 9F 00 09 00 00 00 41 0E 79 C7
[ 3717.253s] FRAME (len=12): 0C 00 11 00 00 00 00 00 01 00 61 76
[ 3717.253s] FRAME (len=12): 0C 00 11 00 0B 00 00 00 01 00 C3 B5
[ 3723.262s] TEXT: '...;.'
[ 3723.262s] TEXT: '.....'
[ 3723.262s] FRAME (len=56): 38 00 11 00 01 00 00 00 01 00 46 81 9E E3 00 1D 00 0F 20 00 FB 0A 5C 27 56 C5 00 00 00 00 00 00 61 07 73 62 24 00 0E 00 00 88 00 00 98 00 9F 00 09 00 00 00 41 0E 79 C7
[ 3723.262s] FRAME (len=12): 0C 00 11 00 00 00 00 00 01 00 61 76
[ 3725.328s] TEXT: '...;.'
[ 3725.328s] FRAME (len=56): 38 00 11 00 01 00 00 00 01 00 00 12 4B 00 38 0D 16 FD 03 00 6B 08 5E 27 31 5D D4 FF 64 00 EE 02 00 00 00 00 00 00 0A 04 00 00 00 00 00 00 06 01 00 00 00 00 00 00 3A 8A
[ 3729.470s] TEXT: '....TX succeeded...;.'
[ 3729.470s] TEXT: '.....'
[ 3729.470s] FRAME (len=56): 38 00 11 00 01 00 00 00 01 00 46 81 9E E3 00 1D 00 0F 20 00 FB 0A 5C 27 56 C5 00 00 00 00 00 00 61 07 73 62 24 00 0E 00 00 88 00 00 98 00 9F 00 09 00 00 00 41 0E 79 C7
[ 3729.470s] FRAME (len=12): 0C 00 11 00 00 00 00 00 01 00 61 76
[ 3735.656s] TEXT: '...;.'
[ 3735.656s] TEXT: '.....'
[ 3735.656s] FRAME (len=56): 38 00 11 00 01 00 00 00 01 00 46 81 9E E3 00 1D 00 0F 20 00 FB 0A 5C 27 56 C5 00 00 00 00 00 00 61 07 73 62 24 00 0E 00 00 88 00 00 98 00 9F 00 09 00 00 00 41 0E 79 C7
[ 3735.656s] FRAME (len=12): 0C 00 11 00 00 00 00 00 01 00 61 76
[ 3742.075s] TEXT: '...;.'
[ 3742.075s] TEXT: '.....'
[ 3742.075s] TEXT: '.....'
[ 3742.075s] FRAME (len=56): 38 00 11 00 01 00 00 00 01 00 46 81 9E E3 00 1D 00 0F 20 00 F7 0A 5C 27 56 B7 00 00 00 00 00 00 61 07 73 62 24 00 0E 00 00 88 00 00 98 00 9F 00 09 00 00 00 41 0E 01 19
[ 3742.075s] FRAME (len=12): 0C 00 11 00 00 00 00 00 01 00 61 76
[ 3742.075s] FRAME (len=12): 0C 00 11 00 0B 00 00 00 01 00 C3 B5
[ 3748.091s] TEXT: '...;.'
[ 3748.091s] TEXT: '.....'
[ 3748.091s] FRAME (len=56): 38 00 11 00 01 00 00 00 01 00 46 81 9E E3 00 1D 00 0F 20 00 F7 0A 5C 27 56 B7 00 00 00 00 00 00 61 07 73 62 24 00 0E 00 00 88 00 00 98 00 9F 00 09 00 00 00 41 0E 01 19
[ 3748.091s] FRAME (len=12): 0C 00 11 00 00 00 00 00 01 00 61 76
[ 3750.990s] TEXT: '...;.'
[ 3750.990s] FRAME (len=56): 38 00 11 00 01 00 00 00 01 00 00 12 4B 00 38 0D 16 FD 03 00 6C 08 5E 27 31 59 D4 FF 64 00 EE 02 00 00 00 00 00 00 0A 04 00 00 00 00 00 00 06 01 00 00 00 00 00 00 59 9D
[ 3754.293s] TEXT: '....TX succeeded...;.'
[ 3754.293s] TEXT: '.....'
[ 3754.293s] FRAME (len=56): 38 00 11 00 01 00 00 00 01 00 46 81 9E E3 00 1D 00 0F 20 00 F7 0A 5C 27 56 B7 00 00 00 00 00 00 61 07 73 62 24 00 0E 00 00 88 00 00 98 00 9F 00 09 00 00 00 41 0E 01 19
[ 3754.293s] FRAME (len=12): 0C 00 11 00 00 00 00 00 01 00 61 76
[ 3760.499s] TEXT: '...;.'
[ 3760.499s] TEXT: '.....'
[ 3760.499s] FRAME (len=56): 38 00 11 00 01 00 00 00 01 00 46 81 9E E3 00 1D 00 0F 20 00 F7 0A 5C 27 56 B7 00 00 00 00 00 00 61 07 73 62 24 00 0E 00 00 88 00 00 98 00 9F 00 09 00 00 00 41 0E 01 19
[ 3760.499s] FRAME (len=12): 0C 00 11 00 00 00 00 00 01 00 61 76
[ 3766.915s] TEXT: '...;.'
[ 3766.915s] TEXT: '.....'
[ 3766.915s] TEXT: '.....'
[ 3766.915s] FRAME (len=56): 38 00 11 00 01 00 00 00 01 00 46 81 9E E3 00 1D 00 0F 20 00 F5 0A 5C 27 56 CD 00 00 00 00 00 00 61 07 73 62 24 00 0E 00 00 88 00 00 98 00 9F 00 09 00 00 00 1B 0E CB 08
[ 3766.915s] FRAME (len=12): 0C 00 11 00 00 00 00 00 01 00 61 76
[ 3766.915s] FRAME (len=12): 0C 00 11 00 0B 00 00 00 01 00 C3 B5
[ 3773.115s] TEXT: '...;.'
[ 3773.115s] TEXT: '.....'
[ 3773.115s] FRAME (len=56): 38 00 11 00 01 00 00 00 01 00 46 81 9E E3 00 1D 00 0F 20 00 F5 0A 5C 27 56 CD 00 00 00 00 00 00 61 07 73 62 24 00 0E 00 00 88 00 00 98 00 9F 00 09 00 00 00 1B 0E CB 08
[ 3773.115s] FRAME (len=12): 0C 00 11 00 00 00 00 00 01 00 61 76
[ 3776.614s] TEXT: '...;.'
[ 3776.614s] FRAME (len=56): 38 00 11 00 01 00 00 00 01 00 00 12 4B 00 38 0D 16 FD 03 00 6E 08 5E 27 31 5D D4 FF 64 00 EE 02 00 00 00 00 00 00 0A 04 00 00 00 00 00 00 06 01 00 00 00 00 00 00 C9 46
[ 3779.089s] TEXT: '....TX succeeded...;.'
[ 3779.089s] FRAME (len=56): 38 00 11 00 01 00 00 00 01 00 46 81 9E E3 00 1D 00 0F 20 00 F5 0A 5C 27 56 CD 00 00 00 00 00 00 61 07 73 62 24 00 0E 00 00 88 00 00 98 00 9F 00 09 00 00 00 1B 0E CB 08
[ 3779.295s] TEXT: '.....'
[ 3779.295s] FRAME (len=12): 0C 00 11 00 00 00 00 00 01 00 61 76
[ 3785.491s] TEXT: '...;.'
[ 3785.491s] TEXT: '.....'
[ 3785.491s] FRAME (len=56): 38 00 11 00 01 00 00 00 01 00 46 81 9E E3 00 1D 00 0F 20 00 F5 0A 5C 27 56 CD 00 00 00 00 00 00 61 07 73 62 24 00 0E 00 00 88 00 00 98 00 9F 00 09 00 00 00 1B 0E CB 08
[ 3785.491s] FRAME (len=12): 0C 00 11 00 00 00 00 00 01 00 61 76
[ 3791.703s] TEXT: '...;.'
[ 3791.703s] FRAME (len=56): 38 00 11 00 01 00 00 00 01 00 46 81 9E E3 00 1D 00 0F 20 00 0D 0B 5C 27 56 B3 00 00 00 00 00 00 61 07 73 62 24 00 0E 00 00 88 00 00 98 00 9F 00 09 00 00 00 41 0E 25 FD
[ 3791.909s] TEXT: '.....'
[ 3791.909s] TEXT: '.....'
[ 3791.909s] TEXT: '.....'
[ 3791.909s] FRAME (len=16): 10 00 11 00 08 00 00 00 01 00 04 00 00 00 34 99
[ 3791.909s] FRAME (len=12): 0C 00 11 00 00 00 00 00 01 00 61 76
[ 3791.909s] FRAME (len=12): 0C 00 11 00 0B 00 00 00 01 00 C3 B5
[ 3797.881s] TEXT: '...;.'
[ 3797.881s] TEXT: '.....'
[ 3797.881s] FRAME (len=56): 38 00 11 00 01 00 00 00 01 00 46 81 9E E3 00 1D 00 0F 20 00 0D 0B 5C 27 56 B3 00 00 00 00 00 00 61 07 73 62 24 00 0E 00 00 88 00 00 98 00 9F 00 09 00 00 00 41 0E 25 FD
[ 3797.881s] FRAME (len=12): 0C 00 11 00 00 00 00 00 01 00 61 76
[ 3802.439s] TEXT: '...;.'
[ 3802.439s] FRAME (len=56): 38 00 11 00 01 00 00 00 01 00 00 12 4B 00 38 0D 16 FD 03 00 6F 08 5E 27 31 01 D4 FF 64 00 EE 02 00 00 00 00 00 00 0A 04 00 00 00 00 00 00 06 01 00 00 00 00 00 00 10 EF
[ 3804.110s] TEXT: '....TX succeeded...;.'
[ 3804.110s] TEXT: '.....'
[ 3804.110s] FRAME (len=56): 38 00 11 00 01 00 00 00 01 00 46 81 9E E3 00 1D 00 0F 20 00 0D 0B 5C 27 56 B3 00 00 00 00 00 00 61 07 73 62 24 00 0E 00 00 88 00 00 98 00 9F 00 09 00 00 00 41 0E 25 FD
[ 3804.110s] FRAME (len=12): 0C 00 11 00 00 00 00 00 01 00 61 76
[ 3810.343s] TEXT: '...;.'
[ 3810.343s] TEXT: '.....'
[ 3810.343s] FRAME (len=56): 38 00 11 00 01 00 00 00 01 00 46 81 9E E3 00 1D 00 0F 20 00 0D 0B 5C 27 56 B3 00 00 00 00 00 00 61 07 73 62 24 00 0E 00 00 88 00 00 98 00 9F 00 09 00 00 00 41 0E 25 FD
[ 3810.343s] FRAME (len=12): 0C 00 11 00 00 00 00 00 01 00 61 76
[ 3816.745s] TEXT: '...;.'
[ 3816.745s] TEXT: '.....'
[ 3816.745s] TEXT: '.....'
[ 3816.745s] TEXT: '.....'
[ 3816.745s] FRAME (len=56): 38 00 11 00 01 00 00 00 01 00 46 81 9E E3 00 1D 00 0F 20 00 F9 0A 5C 27 56 C5 00 00 00 00 00 00 61 07 73 62 24 00 0D 00 00 88 00 00 98 00 9F 00 09 00 00 00 41 0E 5F 07
[ 3816.745s] FRAME (len=16): 10 00 11 00 08 00 00 00 01 00 04 00 00 00 34 99
[ 3816.745s] FRAME (len=12): 0C 00 11 00 00 00 00 00 01 00 61 76
[ 3816.745s] FRAME (len=12): 0C 00 11 00 0B 00 00 00 01 00 C3 B5
[ 3822.757s] TEXT: '...;.'
[ 3822.757s] TEXT: '.....'
[ 3822.757s] FRAME (len=56): 38 00 11 00 01 00 00 00 01 00 46 81 9E E3 00 1D 00 0F 20 00 F9 0A 5C 27 56 C5 00 00 00 00 00 00 61 07 73 62 24 00 0D 00 00 88 00 00 98 00 9F 00 09 00 00 00 41 0E 5F 07
[ 3822.757s] FRAME (len=12): 0C 00 11 00 00 00 00 00 01 00 61 76
[ 3827.925s] TEXT: '...;.'
[ 3827.925s] FRAME (len=56): 38 00 11 00 01 00 00 00 01 00 00 12 4B 00 38 0D 16 FD 03 00 70 08 5E 27 31 79 D4 FF 64 00 EE 02 00 00 00 00 00 00 0A 04 00 00 00 00 00 00 06 01 00 00 00 00 00 00 65 D0
[ 3828.961s] TEXT: '....TX failed: 0xc....TX failed: 0xc...;.'
[ 3828.961s] TEXT: '.....'
[ 3828.961s] FRAME (len=56): 38 00 11 00 01 00 00 00 01 00 46 81 9E E3 00 1D 00 0F 20 00 F9 0A 5C 27 56 C5 00 00 00 00 00 00 61 07 73 62 24 00 0D 00 00 88 00 00 98 00 9F 00 09 00 00 00 41 0E 5F 07
[ 3828.961s] FRAME (len=12): 0C 00 11 00 00 00 00 00 01 00 61 76
[ 3835.195s] TEXT: '...;.'
[ 3835.195s] TEXT: '.....'
[ 3835.195s] FRAME (len=56): 38 00 11 00 01 00 00 00 01 00 46 81 9E E3 00 1D 00 0F 20 00 F9 0A 5C 27 56 C5 00 00 00 00 00 00 61 07 73 62 24 00 0D 00 00 88 00 00 98 00 9F 00 09 00 00 00 41 0E 5F 07
[ 3835.195s] FRAME (len=12): 0C 00 11 00 00 00 00 00 01 00 61 76
[ 3841.629s] TEXT: '...;.'
[ 3841.629s] TEXT: '.....'
[ 3841.629s] TEXT: '.....'
[ 3841.629s] FRAME (len=56): 38 00 11 00 01 00 00 00 01 00 46 81 9E E3 00 1D 00 0F 20 00 F4 0A 5D 27 56 9D 00 00 00 00 00 00 61 07 73 62 24 00 0E 00 00 88 00 00 98 00 9F 00 09 00 00 00 2E 0E 18 06
[ 3841.629s] FRAME (len=12): 0C 00 11 00 00 00 00 00 01 00 61 76
[ 3841.629s] FRAME (len=12): 0C 00 11 00 0B 00 00 00 01 00 C3 B5
[ 3847.606s] TEXT: '...;.'
[ 3847.606s] TEXT: '.....'
[ 3847.606s] FRAME (len=56): 38 00 11 00 01 00 00 00 01 00 46 81 9E E3 00 1D 00 0F 20 00 F4 0A 5D 27 56 9D 00 00 00 00 00 00 61 07 73 62 24 00 0E 00 00 88 00 00 98 00 9F 00 09 00 00 00 2E 0E 18 06
[ 3847.606s] FRAME (len=12): 0C 00 11 00 00 00 00 00 01 00 61 76
[ 3853.813s] TEXT: '...;.'
[ 3853.813s] TEXT: '.....'
[ 3853.813s] FRAME (len=56): 38 00 11 00 01 00 00 00 01 00 46 81 9E E3 00 1D 00 0F 20 00 F4 0A 5D 27 56 9D 00 00 00 00 00 00 61 07 73 62 24 00 0E 00 00 88 00 00 98 00 9F 00 09 00 00 00 2E 0E 18 06
[ 3853.813s] FRAME (len=12): 0C 00 11 00 00 00 00 00 01 00 61 76
[ 3854.629s] TEXT: '...;.'
[ 3854.629s] FRAME (len=56): 38 00 11 00 01 00 00 00 01 00 00 12 4B 00 38 0D 16 FD 03 00 72 08 5F 27 31 01 D4 FF 64 00 EE 02 00 00 00 00 00 00 0A 04 00 00 00 00 00 00 06 01 00 00 00 00 00 00 70 88
[ 3859.995s] TEXT: '....TX succeeded...;.'
[ 3859.995s] TEXT: '.....'
[ 3859.995s] FRAME (len=56): 38 00 11 00 01 00 00 00 01 00 46 81 9E E3 00 1D 00 0F 20 00 F4 0A 5D 27 56 9D 00 00 00 00 00 00 61 07 73 62 24 00 0E 00 00 88 00 00 98 00 9F 00 09 00 00 00 2E 0E 18 06
[ 3859.995s] FRAME (len=12): 0C 00 11 00 00 00 00 00 01 00 61 76
[ 3866.407s] TEXT: '...;.'
[ 3866.407s] TEXT: '.....'
[ 3866.407s] TEXT: '.....'
[ 3866.407s] FRAME (len=56): 38 00 11 00 01 00 00 00 01 00 46 81 9E E3 00 1D 00 0F 20 00 FA 0A 5C 27 56 CF 00 00 00 00 00 00 61 07 73 62 24 00 0D 00 00 88 00 00 98 00 9F 00 09 00 00 00 41 0E 2B B5
[ 3866.407s] FRAME (len=12): 0C 00 11 00 00 00 00 00 01 00 61 76
[ 3866.407s] FRAME (len=12): 0C 00 11 00 0B 00 00 00 01 00 C3 B5
[ 3872.402s] TEXT: '...;.'
[ 3872.402s] TEXT: '.....'
[ 3872.402s] FRAME (len=56): 38 00 11 00 01 00 00 00 01 00 46 81 9E E3 00 1D 00 0F 20 00 FA 0A 5C 27 56 CF 00 00 00 00 00 00 61 07 73 62 24 00 0D 00 00 88 00 00 98 00 9F 00 09 00 00 00 41 0E 2B B5
[ 3872.402s] FRAME (len=12): 0C 00 11 00 00 00 00 00 01 00 61 76
[ 3878.612s] TEXT: '...;.'
[ 3878.817s] TEXT: '.....'
[ 3878.817s] FRAME (len=56): 38 00 11 00 01 00 00 00 01 00 46 81 9E E3 00 1D 00 0F 20 00 FA 0A 5C 27 56 CF 00 00 00 00 00 00 61 07 73 62 24 00 0D 00 00 88 00 00 98 00 9F 00 09 00 00 00 41 0E 2B B5
[ 3878.817s] FRAME (len=12): 0C 00 11 00 00 00 00 00 01 00 61 76
[ 3880.464s] TEXT: '...;.'
[ 3880.464s] FRAME (len=56): 38 00 11 00 01 00 00 00 01 00 00 12 4B 00 38 0D 16 FD 03 00 73 08 5E 27 31 69 D4 FF 64 00 EE 02 00 00 00 00 00 00 0A 04 00 00 00 00 00 00 06 01 00 00 00 00 00 00 A4 9B
[ 3884.822s] TEXT: '....TX succeeded...;.'
[ 3884.822s] FRAME (len=56): 38 00 11 00 01 00 00 00 01 00 46 81 9E E3 00 1D 00 0F 20 00 FA 0A 5C 27 56 CF 00 00 00 00 00 00 61 07 73 62 24 00 0D 00 00 88 00 00 98 00 9F 00 09 00 00 00 41 0E 2B B5
[ 3885.032s] TEXT: '.....'
[ 3885.032s] FRAME (len=12): 0C 00 11 00 00 00 00 00 01 00 61 76
[ 3891.245s] TEXT: '...;.'
[ 3891.245s] TEXT: '.....'
[ 3891.245s] TEXT: '.....'
[ 3891.245s] FRAME (len=56): 38 00 11 00 01 00 00 00 01 00 46 81 9E E3 00 1D 00 0F 20 00 F8 0A 5C 27 56 C9 00 00 00 00 00 00 61 07 73 62 24 00 0D 00 00 88 00 00 98 00 9F 00 09 00 00 00 2E 0E 42 84
[ 3891.245s] FRAME (len=12): 0C 00 11 00 00 00 00 00 01 00 61 76
[ 3891.245s] FRAME (len=12): 0C 00 11 00 0B 00 00 00 01 00 C3 B5
[ 3897.449s] TEXT: '...;.'
[ 3897.449s] TEXT: '.....'
[ 3897.449s] FRAME (len=56): 38 00 11 00 01 00 00 00 01 00 46 81 9E E3 00 1D 00 0F 20 00 F8 0A 5C 27 56 C9 00 00 00 00 00 00 61 07 73 62 24 00 0D 00 00 88 00 00 98 00 9F 00 09 00 00 00 2E 0E 42 84
[ 3897.449s] FRAME (len=12): 0C 00 11 00 00 00 00 00 01 00 61 76
[ 3903.656s] TEXT: '...;.'
[ 3903.656s] TEXT: '.....'
[ 3903.656s] FRAME (len=56): 38 00 11 00 01 00 00 00 01 00 46 81 9E E3 00 1D 00 0F 20 00 F8 0A 5C 27 56 C9 00 00 00 00 00 00 61 07 73 62 24 00 0D 00 00 88 00 00 98 00 9F 00 09 00 00 00 2E 0E 42 84
[ 3903.656s] FRAME (len=12): 0C 00 11 00 00 00 00 00 01 00 61 76
[ 3906.116s] TEXT: '...;.'
[ 3906.116s] FRAME (len=56): 38 00 11 00 01 00 00 00 01 00 00 12 4B 00 38 0D 16 FD 03 00 74 08 5E 27 31 09 D4 FF 64 00 EE 02 00 00 00 00 00 00 0A 04 00 00 00 00 00 00 06 01 00 00 00 00 00 00 5C 5E
[ 3909.844s] TEXT: '....TX succeeded...;.'
[ 3909.844s] TEXT: '.....'
[ 3909.844s] FRAME (len=56): 38 00 11 00 01 00 00 00 01 00 46 81 9E E3 00 1D 00 0F 20 00 F8 0A 5C 27 56 C9 00 00 00 00 00 00 61 07 73 62 24 00 0D 00 00 88 00 00 98 00 9F 00 09 00 00 00 2E 0E 42 84
[ 3909.844s] FRAME (len=12): 0C 00 11 00 00 00 00 00 01 00 61 76
[ 3916.098s] TEXT: '...;.'
[ 3916.098s] TEXT: 'P}.....'
[ 3916.098s] TEXT: '.....'
[ 3916.098s] FRAME (len=54): 38 00 11 00 01 00 00 00 01 00 46 81 9E E3 00 1D 00 0F 20 00 01 0B 5D 27 56 95 00 00 00 00 00 00 61 07 73 62 24 00 0D 00 00 88 00 00 98 00 9F 00 09 00 00 00 41 0E
[ 3916.098s] FRAME (len=12): 0C 00 11 00 00 00 00 00 01 00 61 76
[ 3916.098s] FRAME (len=12): 0C 00 11 00 0B 00 00 00 01 00 C3 B5
[ 3922.274s] TEXT: '...;.'
[ 3922.274s] TEXT: 'P}.....'
[ 3922.274s] FRAME (len=54): 38 00 11 00 01 00 00 00 01 00 46 81 9E E3 00 1D 00 0F 20 00 01 0B 5D 27 56 95 00 00 00 00 00 00 61 07 73 62 24 00 0D 00 00 88 00 00 98 00 9F 00 09 00 00 00 41 0E
[ 3922.274s] FRAME (len=12): 0C 00 11 00 00 00 00 00 01 00 61 76
[ 3928.503s] TEXT: '...;.'
[ 3928.503s] TEXT: 'P}.....'
[ 3928.503s] FRAME (len=54): 38 00 11 00 01 00 00 00 01 00 46 81 9E E3 00 1D 00 0F 20 00 01 0B 5D 27 56 95 00 00 00 00 00 00 61 07 73 62 24 00 0D 00 00 88 00 00 98 00 9F 00 09 00 00 00 41 0E
[ 3928.503s] FRAME (len=12): 0C 00 11 00 00 00 00 00 01 00 61 76
[ 3931.799s] TEXT: '...;.'
[ 3931.799s] FRAME (len=56): 38 00 11 00 01 00 00 00 01 00 00 12 4B 00 38 0D 16 FD 03 00 75 08 5E 27 31 19 D4 FF 64 00 EE 02 00 00 00 00 00 00 0A 04 00 00 00 00 00 00 06 01 00 00 00 00 00 00 F6 3D
[ 3934.701s] TEXT: '....TX succeeded...;.'
[ 3934.701s] TEXT: 'P}.....'
[ 3934.701s] FRAME (len=54): 38 00 11 00 01 00 00 00 01 00 46 81 9E E3 00 1D 00 0F 20 00 01 0B 5D 27 56 95 00 00 00 00 00 00 61 07 73 62 24 00 0D 00 00 88 00 00 98 00 9F 00 09 00 00 00 41 0E
[ 3934.701s] FRAME (len=12): 0C 00 11 00 00 00 00 00 01 00 61 76
[ 3940.923s] TEXT: '...;.'
[ 3940.923s] TEXT: '.....'
[ 3940.923s] TEXT: '.....'
[ 3940.923s] TEXT: '.....'
[ 3940.923s] FRAME (len=56): 38 00 11 00 01 00 00 00 01 00 46 81 9E E3 00 1D 00 0F 20 00 06 0B 5D 27 56 A1 00 00 00 00 00 00 61 07 73 62 24 00 0D 00 00 88 00 00 98 00 9F 00 09 00 00 00 2E 0E BA 4C
[ 3940.923s] FRAME (len=16): 10 00 11 00 08 00 00 00 01 00 04 00 00 00 34 99
[ 3940.923s] FRAME (len=12): 0C 00 11 00 00 00 00 00 01 00 61 76
[ 3940.923s] FRAME (len=12): 0C 00 11 00 0B 00 00 00 01 00 C3 B5
[ 3947.111s] TEXT: '...;.'
[ 3947.111s] TEXT: '.....'
[ 3947.111s] FRAME (len=56): 38 00 11 00 01 00 00 00 01 00 46 81 9E E3 00 1D 00 0F 20 00 06 0B 5D 27 56 A1 00 00 00 00 00 00 61 07 73 62 24 00 0D 00 00 88 00 00 98 00 9F 00 09 00 00 00 2E 0E BA 4C
[ 3947.111s] FRAME (len=12): 0C 00 11 00 00 00 00 00 01 00 61 76
[ 3953.315s] TEXT: '...;.'
[ 3953.315s] TEXT: '.....'
[ 3953.315s] FRAME (len=56): 38 00 11 00 01 00 00 00 01 00 46 81 9E E3 00 1D 00 0F 20 00 06 0B 5D 27 56 A1 00 00 00 00 00 00 61 07 73 62 24 00 0D 00 00 88 00 00 98 00 9F 00 09 00 00 00 2E 0E BA 4C
[ 3953.315s] FRAME (len=12): 0C 00 11 00 00 00 00 00 01 00 61 76
[ 3957.482s] TEXT: '...;.'
[ 3957.482s] FRAME (len=56): 38 00 11 00 01 00 00 00 01 00 00 12 4B 00 38 0D 16 FD 03 00 77 08 5F 27 31 25 D4 FF 64 00 EE 02 00 00 00 00 00 00 0A 04 00 00 00 00 00 00 06 01 00 00 00 00 00 00 47 58
[ 3959.560s] TEXT: '....TX succeeded...;.'
[ 3959.560s] TEXT: '.....'
[ 3959.560s] FRAME (len=56): 38 00 11 00 01 00 00 00 01 00 46 81 9E E3 00 1D 00 0F 20 00 06 0B 5D 27 56 A1 00 00 00 00 00 00 61 07 73 62 24 00 0D 00 00 88 00 00 98 00 9F 00 09 00 00 00 2E 0E BA 4C
[ 3959.560s] FRAME (len=12): 0C 00 11 00 00 00 00 00 01 00 61 76
[ 3965.774s] TEXT: '...;.'
[ 3965.774s] TEXT: '.....'
[ 3965.774s] TEXT: '.....'
[ 3965.774s] TEXT: '.....'
[ 3965.774s] FRAME (len=56): 38 00 11 00 01 00 00 00 01 00 46 81 9E E3 00 1D 00 0F 20 00 FD 0A 5C 27 56 C7 00 00 00 00 00 00 61 07 73 62 24 00 0D 00 00 88 00 00 98 00 9F 00 09 00 00 00 41 0E 64 A6
[ 3965.774s] FRAME (len=16): 10 00 11 00 08 00 00 00 01 00 04 00 00 00 34 99
[ 3965.774s] FRAME (len=12): 0C 00 11 00 00 00 00 00 01 00 61 76
[ 3965.774s] FRAME (len=12): 0C 00 11 00 0B 00 00 00 01 00 C3 B5
[ 3971.985s] TEXT: '...;.'
[ 3971.985s] TEXT: '.....'
[ 3971.985s] FRAME (len=56): 38 00 11 00 01 00 00 00 01 00 46 81 9E E3 00 1D 00 0F 20 00 FD 0A 5C 27 56 C7 00 00 00 00 00 00 61 07 73 62 24 00 0D 00 00 88 00 00 98 00 9F 00 09 00 00 00 41 0E 64 A6
[ 3971.985s] FRAME (len=12): 0C 00 11 00 00 00 00 00 01 00 61 76
[ 3978.199s] TEXT: '...;.'
[ 3978.199s] TEXT: '.....'
[ 3978.199s] FRAME (len=56): 38 00 11 00 01 00 00 00 01 00 46 81 9E E3 00 1D 00 0F 20 00 FD 0A 5C 27 56 C7 00 00 00 00 00 00 61 07 73 62 24 00 0D 00 00 88 00 00 98 00 9F 00 09 00 00 00 41 0E 64 A6
[ 3978.199s] FRAME (len=12): 0C 00 11 00 00 00 00 00 01 00 61 76
[ 3984.026s] TEXT: '...;.'
[ 3984.026s] FRAME (len=56): 38 00 11 00 01 00 00 00 01 00 00 12 4B 00 38 0D 16 FD 03 00 78 08 5F 27 31 19 D4 FF 64 00 EE 02 00 00 00 00 00 00 0A 04 00 00 00 00 00 00 06 01 00 00 00 00 00 00 EF 09
[ 3984.439s] TEXT: '....TX succeeded...;.'
[ 3984.439s] TEXT: '.....'
[ 3984.439s] FRAME (len=56): 38 00 11 00 01 00 00 00 01 00 46 81 9E E3 00 1D 00 0F 20 00 FD 0A 5C 27 56 C7 00 00 00 00 00 00 61 07 73 62 24 00 0D 00 00 88 00 00 98 00 9F 00 09 00 00 00 41 0E 64 A6
[ 3984.439s] FRAME (len=12): 0C 00 11 00 00 00 00 00 01 00 61 76
[ 3990.657s] TEXT: '...;.'
[ 3990.657s] TEXT: '.....'
[ 3990.657s] TEXT: '.....'
[ 3990.657s] TEXT: '.....'
[ 3990.657s] FRAME (len=56): 38 00 11 00 01 00 00 00 01 00 46 81 9E E3 00 1D 00 0F 20 00 08 0B 5D 27 56 A3 00 00 00 00 00 00 61 07 73 62 24 00 0D 00 00 88 00 00 98 00 9F 00 09 00 00 00 54 0E D4 83
[ 3990.657s] FRAME (len=16): 10 00 11 00 08 00 00 00 01 00 04 00 00 00 34 99
[ 3990.657s] FRAME (len=12): 0C 00 11 00 00 00 00 00 01 00 61 76
[ 3990.657s] FRAME (len=12): 0C 00 11 00 0B 00 00 00 01 00 C3 B5
[ 3996.868s] TEXT: '...;.'
[ 3996.868s] TEXT: '.....'
[ 3996.868s] FRAME (len=56): 38 00 11 00 01 00 00 00 01 00 46 81 9E E3 00 1D 00 0F 20 00 08 0B 5D 27 56 A3 00 00 00 00 00 00 61 07 73 62 24 00 0D 00 00 88 00 00 98 00 9F 00 09 00 00 00 54 0E D4 83
[ 3996.868s] FRAME (len=12): 0C 00 11 00 00 00 00 00 01 00 61 76
[ 4003.107s] TEXT: '...;.'
[ 4003.107s] TEXT: '.....'
[ 4003.107s] FRAME (len=56): 38 00 11 00 01 00 00 00 01 00 46 81 9E E3 00 1D 00 0F 20 00 08 0B 5D 27 56 A3 00 00 00 00 00 00 61 07 73 62 24 00 0D 00 00 88 00 00 98 00 9F 00 09 00 00 00 54 0E D4 83
[ 4003.107s] FRAME (len=12): 0C 00 11 00 00 00 00 00 01 00 61 76
[ 4009.302s] TEXT: '...;.'
[ 4009.302s] TEXT: '.....'
[ 4009.302s] FRAME (len=56): 38 00 11 00 01 00 00 00 01 00 46 81 9E E3 00 1D 00 0F 20 00 08 0B 5D 27 56 A3 00 00 00 00 00 00 61 07 73 62 24 00 0D 00 00 88 00 00 98 00 9F 00 09 00 00 00 54 0E D4 83
[ 4009.302s] FRAME (len=12): 0C 00 11 00 00 00 00 00 01 00 61 76
[ 4009.721s] TEXT: '...;.'
[ 4009.721s] FRAME (len=56): 38 00 11 00 01 00 00 00 01 00 00 12 4B 00 38 0D 16 FD 03 00 79 08 5E 27 31 15 D4 FF 64 00 EE 02 00 00 00 00 00 00 0A 04 00 00 00 00 00 00 06 01 00 00 00 00 00 00 A0 C8
[ 4015.533s] TEXT: '....TX succeeded...;.'
[ 4015.533s] TEXT: '.....'
[ 4015.533s] TEXT: '.....'
[ 4015.533s] FRAME (len=56): 38 00 11 00 01 00 00 00 01 00 46 81 9E E3 00 1D 00 0F 20 00 F1 0A 5D 27 56 89 00 00 00 00 00 00 61 07 73 62 24 00 0C 00 00 88 00 00 98 00 9F 00 09 00 00 00 2E 0E F6 86
[ 4015.533s] FRAME (len=16): 10 00 11 00 08 00 00 00 01 00 04 00 00 00 34 99
[ 4015.740s] TEXT: '.....'
[ 4015.740s] FRAME (len=12): 0C 00 11 00 00 00 00 00 01 00 61 76
[ 4015.740s] FRAME (len=12): 0C 00 11 00 0B 00 00 00 01 00 C3 B5
[ 4021.747s] TEXT: '...;.'
[ 4021.747s] TEXT: '.....'
[ 4021.747s] FRAME (len=56): 38 00 11 00 01 00 00 00 01 00 46 81 9E E3 00 1D 00 0F 20 00 F1 0A 5D 27 56 89 00 00 00 00 00 00 61 07 73 62 24 00 0C 00 00 88 00 00 98 00 9F 00 09 00 00 00 2E 0E F6 86
[ 4021.747s] FRAME (len=12): 0C 00 11 00 00 00 00 00 01 00 61 76
[ 4027.950s] TEXT: '...;.'
[ 4027.950s] TEXT: '.....'
[ 4027.950s] FRAME (len=56): 38 00 11 00 01 00 00 00 01 00 46 81 9E E3 00 1D 00 0F 20 00 F1 0A 5D 27 56 89 00 00 00 00 00 00 61 07 73 62 24 00 0C 00 00 88 00 00 98 00 9F 00 09 00 00 00 2E 0E F6 86
[ 4027.950s] FRAME (len=12): 0C 00 11 00 00 00 00 00 01 00 61 76
[ 4034.167s] TEXT: '...;.'
[ 4034.167s] TEXT: '.....'
[ 4034.167s] FRAME (len=56): 38 00 11 00 01 00 00 00 01 00 46 81 9E E3 00 1D 00 0F 20 00 F1 0A 5D 27 56 89 00 00 00 00 00 00 61 07 73 62 24 00 0C 00 00 88 00 00 98 00 9F 00 09 00 00 00 2E 0E F6 86
[ 4034.167s] FRAME (len=12): 0C 00 11 00 00 00 00 00 01 00 61 76
[ 4035.404s] TEXT: '...;.'
[ 4035.404s] FRAME (len=56): 38 00 11 00 01 00 00 00 01 00 00 12 4B 00 38 0D 16 FD 03 00 7A 08 5F 27 31 0D D4 FF 64 00 EE 02 00 00 00 00 00 00 0A 04 00 00 00 00 00 00 06 01 00 00 00 00 00 00 F0 2D
[ 4040.394s] TEXT: '....TX succeeded...;.'
[ 4040.394s] FRAME (len=56): 38 00 11 00 01 00 00 00 01 00 46 81 9E E3 00 1D 00 0F 20 00 E9 0A 5D 27 56 9D 00 00 00 00 00 00 61 07 73 62 24 00 0C 00 00 88 00 00 98 00 9F 00 09 00 00 00 1B 0E 37 82
[ 4040.597s] TEXT: '.....'
[ 4040.597s] TEXT: '.....'
[ 4040.597s] FRAME (len=12): 0C 00 11 00 00 00 00 00 01 00 61 76
[ 4040.597s] FRAME (len=12): 0C 00 11 00 0B 00 00 00 01 00 C3 B5
[ 4046.605s] TEXT: '...;.'
[ 4046.605s] TEXT: '.....'
[ 4046.605s] FRAME (len=56): 38 00 11 00 01 00 00 00 01 00 46 81 9E E3 00 1D 00 0F 20 00 E9 0A 5D 27 56 9D 00 00 00 00 00 00 61 07 73 62 24 00 0C 00 00 88 00 00 98 00 9F 00 09 00 00 00 1B 0E 37 82
[ 4046.605s] FRAME (len=12): 0C 00 11 00 00 00 00 00 01 00 61 76
[ 4052.819s] TEXT: '...;.'
[ 4052.819s] TEXT: '.....'
[ 4052.819s] FRAME (len=56): 38 00 11 00 01 00 00 00 01 00 46 81 9E E3 00 1D 00 0F 20 00 E9 0A 5D 27 56 9D 00 00 00 00 00 00 61 07 73 62 24 00 0C 00 00 88 00 00 98 00 9F 00 09 00 00 00 1B 0E 37 82
[ 4052.819s] FRAME (len=12): 0C 00 11 00 00 00 00 00 01 00 61 76
[ 4059.039s] TEXT: '...;.'
[ 4059.039s] TEXT: '.....'
[ 4059.039s] FRAME (len=56): 38 00 11 00 01 00 00 00 01 00 46 81 9E E3 00 1D 00 0F 20 00 E9 0A 5D 27 56 9D 00 00 00 00 00 00 61 07 73 62 24 00 0C 00 00 88 00 00 98 00 9F 00 09 00 00 00 1B 0E 37 82
[ 4059.039s] FRAME (len=12): 0C 00 11 00 00 00 00 00 01 00 61 76
[ 4061.119s] TEXT: '...;.'
[ 4061.119s] FRAME (len=56): 38 00 11 00 01 00 00 00 01 00 00 12 4B 00 38 0D 16 FD 03 00 7C 08 5F 27 31 25 D4 FF 64 00 EE 02 00 00 00 00 00 00 0A 04 00 00 00 00 00 00 06 01 00 00 00 00 00 00 A5 4D
[ 4065.266s] TEXT: '....TX succeeded...;.'
[ 4065.266s] TEXT: '.....'
[ 4065.266s] TEXT: '.....'
[ 4065.266s] FRAME (len=56): 38 00 11 00 01 00 00 00 01 00 46 81 9E E3 00 1D 00 0F 20 00 F7 0A 5D 27 56 87 00 00 00 00 00 00 61 07 73 62 24 00 0C 00 00 88 00 00 98 00 9F 00 09 00 00 00 41 0E 9E 10
[ 4065.266s] FRAME (len=12): 0C 00 11 00 00 00 00 00 01 00 61 76
[ 4065.467s] FRAME (len=12): 0C 00 11 00 0B 00 00 00 01 00 C3 B5
[ 4071.488s] TEXT: '...;.'
[ 4071.488s] TEXT: '.....'
[ 4071.488s] FRAME (len=56): 38 00 11 00 01 00 00 00 01 00 46 81 9E E3 00 1D 00 0F 20 00 F7 0A 5D 27 56 87 00 00 00 00 00 00 61 07 73 62 24 00 0C 00 00 88 00 00 98 00 9F 00 09 00 00 00 41 0E 9E 10
[ 4071.488s] FRAME (len=12): 0C 00 11 00 00 00 00 00 01 00 61 76
[ 4077.698s] TEXT: '...;.'
[ 4077.698s] TEXT: '.....'
[ 4077.698s] FRAME (len=56): 38 00 11 00 01 00 00 00 01 00 46 81 9E E3 00 1D 00 0F 20 00 F7 0A 5D 27 56 87 00 00 00 00 00 00 61 07 73 62 24 00 0C 00 00 88 00 00 98 00 9F 00 09 00 00 00 41 0E 9E 10
[ 4077.698s] FRAME (len=12): 0C 00 11 00 00 00 00 00 01 00 61 76
[ 4083.933s] TEXT: '...;.'
[ 4083.933s] TEXT: '.....'
[ 4083.933s] FRAME (len=56): 38 00 11 00 01 00 00 00 01 00 46 81 9E E3 00 1D 00 0F 20 00 F7 0A 5D 27 56 87 00 00 00 00 00 00 61 07 73 62 24 00 0C 00 00 88 00 00 98 00 9F 00 09 00 00 00 41 0E 9E 10
[ 4083.933s] FRAME (len=12): 0C 00 11 00 00 00 00 00 01 00 61 76
[ 4086.853s] TEXT: '...;.'
[ 4086.853s] FRAME (len=20): 38 00 11 00 01 00 00 00 01 00 00 12 4B 00 38 0D 16 FD 03 00
[ 4090.138s] TEXT: "._'1...d.........\n.................}....TX succeeded...;."
[ 4090.138s] TEXT: '.....'
[ 4090.138s] TEXT: '.....'
[ 4090.138s] FRAME (len=56): 38 00 11 00 01 00 00 00 01 00 46 81 9E E3 00 1D 00 0F 20 00 01 0B 5D 27 56 A5 00 00 00 00 00 00 61 07 73 62 24 00 0C 00 00 88 00 00 98 00 9F 00 09 00 00 00 1B 0E 9D 09
[ 4090.138s] FRAME (len=12): 0C 00 11 00 00 00 00 00 01 00 61 76
[ 4090.138s] FRAME (len=12): 0C 00 11 00 0B 00 00 00 01 00 C3 B5
[ 4096.347s] TEXT: '...;.'
[ 4096.347s] TEXT: '.....'
[ 4096.347s] FRAME (len=56): 38 00 11 00 01 00 00 00 01 00 46 81 9E E3 00 1D 00 0F 20 00 01 0B 5D 27 56 A5 00 00 00 00 00 00 61 07 73 62 24 00 0C 00 00 88 00 00 98 00 9F 00 09 00 00 00 1B 0E 9D 09
[ 4096.347s] FRAME (len=12): 0C 00 11 00 00 00 00 00 01 00 61 76
[ 4102.561s] TEXT: '...;.'
[ 4102.561s] TEXT: '.....'
[ 4102.561s] FRAME (len=56): 38 00 11 00 01 00 00 00 01 00 46 81 9E E3 00 1D 00 0F 20 00 01 0B 5D 27 56 A5 00 00 00 00 00 00 61 07 73 62 24 00 0C 00 00 88 00 00 98 00 9F 00 09 00 00 00 1B 0E 9D 09
[ 4102.561s] FRAME (len=12): 0C 00 11 00 00 00 00 00 01 00 61 76
[ 4108.769s] TEXT: '...;.'
[ 4108.769s] TEXT: '.....'
[ 4108.769s] FRAME (len=56): 38 00 11 00 01 00 00 00 01 00 46 81 9E E3 00 1D 00 0F 20 00 01 0B 5D 27 56 A5 00 00 00 00 00 00 61 07 73 62 24 00 0C 00 00 88 00 00 98 00 9F 00 09 00 00 00 1B 0E 9D 09
[ 4108.769s] FRAME (len=12): 0C 00 11 00 00 00 00 00 01 00 61 76
[ 4112.492s] TEXT: '...;.'
[ 4112.492s] FRAME (len=55): 38 00 11 00 01 00 00 00 01 00 00 12 4B 00 38 0D 16 FD 03 00 7E 08 5F 27 31 0D D4 FF 64 00 EE 02 00 00 00 00 00 00 0A 04 00 00 00 00 00 00 06 01 00 00 00 00 00 00 26
[ 4114.995s] TEXT: '}....TX failed: 0xc....TX failed: 0xc...;.'
[ 4114.995s] FRAME (len=56): 38 00 11 00 01 00 00 00 01 00 46 81 9E E3 00 1D 00 0F 20 00 07 0B 5D 27 56 95 00 00 00 00 00 00 61 07 73 62 24 00 0C 00 00 88 00 00 98 00 9F 00 09 00 00 00 41 0E E4 80
[ 4115.205s] TEXT: '.....'
[ 4115.205s] TEXT: '.....'
[ 4115.205s] TEXT: '.....'
[ 4115.205s] FRAME (len=16): 10 00 11 00 08 00 00 00 01 00 04 00 00 00 34 99
[ 4115.205s] FRAME (len=12): 0C 00 11 00 00 00 00 00 01 00 61 76
[ 4115.205s] FRAME (len=12): 0C 00 11 00 0B 00 00 00 01 00 C3 B5
[ 4121.228s] TEXT: '...;.'
[ 4121.228s] TEXT: '.....'
[ 4121.228s] FRAME (len=56): 38 00 11 00 01 00 00 00 01 00 46 81 9E E3 00 1D 00 0F 20 00 07 0B 5D 27 56 95 00 00 00 00 00 00 61 07 73 62 24 00 0C 00 00 88 00 00 98 00 9F 00 09 00 00 00 41 0E E4 80
[ 4121.228s] FRAME (len=12): 0C 00 11 00 00 00 00 00 01 00 61 76
[ 4127.452s] TEXT: '...;.'
[ 4127.452s] TEXT: '.....'
[ 4127.452s] FRAME (len=56): 38 00 11 00 01 00 00 00 01 00 46 81 9E E3 00 1D 00 0F 20 00 07 0B 5D 27 56 95 00 00 00 00 00 00 61 07 73 62 24 00 0C 00 00 88 00 00 98 00 9F 00 09 00 00 00 41 0E E4 80
[ 4127.452s] FRAME (len=12): 0C 00 11 00 00 00 00 00 01 00 61 76
[ 4133.652s] TEXT: '...;.'
[ 4133.652s] TEXT: '.....'
[ 4133.652s] FRAME (len=56): 38 00 11 00 01 00 00 00 01 00 46 81 9E E3 00 1D 00 0F 20 00 07 0B 5D 27 56 95 00 00 00 00 00 00 61 07 73 62 24 00 0C 00 00 88 00 00 98 00 9F 00 09 00 00 00 41 0E E4 80
[ 4133.652s] FRAME (len=12): 0C 00 11 00 00 00 00 00 01 00 61 76
[ 4139.017s] TEXT: '...;.'
[ 4139.017s] FRAME (len=56): 38 00 11 00 01 00 00 00 01 00 00 12 4B 00 38 0D 16 FD 03 00 7F 08 5F 27 31 19 D4 FF 64 00 EE 02 00 00 00 00 00 00 0A 04 00 00 00 00 00 00 06 01 00 00 00 00 00 00 77 ED
[ 4139.843s] TEXT: '....TX succeeded...;.'
[ 4139.843s] FRAME (len=56): 38 00 11 00 01 00 00 00 01 00 46 81 9E E3 00 1D 00 0F 20 00 06 0B 5D 27 56 97 00 00 00 00 00 00 61 07 73 62 24 00 0C 00 00 88 00 00 98 00 9F 00 09 00 00 00 2E 0E 38 F6
[ 4140.049s] TEXT: '.....'
[ 4140.049s] TEXT: '.....'
[ 4140.049s] FRAME (len=12): 0C 00 11 00 00 00 00 00 01 00 61 76
[ 4140.049s] FRAME (len=12): 0C 00 11 00 0B 00 00 00 01 00 C3 B5
[ 4146.039s] TEXT: '...;.'
[ 4146.039s] TEXT: '.....'
[ 4146.039s] FRAME (len=56): 38 00 11 00 01 00 00 00 01 00 46 81 9E E3 00 1D 00 0F 20 00 06 0B 5D 27 56 97 00 00 00 00 00 00 61 07 73 62 24 00 0C 00 00 88 00 00 98 00 9F 00 09 00 00 00 2E 0E 38 F6
[ 4146.039s] FRAME (len=12): 0C 00 11 00 00 00 00 00 01 00 61 76
[ 4152.257s] TEXT: '...;.'
[ 4152.257s] TEXT: '.....'
[ 4152.257s] FRAME (len=56): 38 00 11 00 01 00 00 00 01 00 46 81 9E E3 00 1D 00 0F 20 00 06 0B 5D 27 56 97 00 00 00 00 00 00 61 07 73 62 24 00 0C 00 00 88 00 00 98 00 9F 00 09 00 00 00 2E 0E 38 F6
[ 4152.257s] FRAME (len=12): 0C 00 11 00 00 00 00 00 01 00 61 76
[ 4158.493s] TEXT: '...;.'
[ 4158.493s] TEXT: '.....'
[ 4158.493s] FRAME (len=56): 38 00 11 00 01 00 00 00 01 00 46 81 9E E3 00 1D 00 0F 20 00 06 0B 5D 27 56 97 00 00 00 00 00 00 61 07 73 62 24 00 0C 00 00 88 00 00 98 00 9F 00 09 00 00 00 2E 0E 38 F6
[ 4158.493s] FRAME (len=12): 0C 00 11 00 00 00 00 00 01 00 61 76
[ 4164.889s] TEXT: '...;.'
[ 4164.889s] TEXT: '...;.'
[ 4164.889s] TEXT: '....TX succeeded.....'
[ 4164.889s] TEXT: '.....'
[ 4164.889s] FRAME (len=56): 38 00 11 00 01 00 00 00 01 00 46 81 9E E3 00 1D 00 0F 20 00 05 0B 5D 27 56 9D 00 00 00 00 00 00 61 07 73 62 24 00 0B 00 00 88 00 00 98 00 9F 00 09 00 00 00 54 0E 41 CB
[ 4164.889s] FRAME (len=56): 38 00 11 00 01 00 00 00 01 00 00 12 4B 00 38 0D 16 FD 03 00 81 08 5F 27 31 21 D4 FF 64 00 EE 02 00 00 00 00 00 00 0A 04 00 00 00 00 00 00 06 01 00 00 00 00 00 00 C5 C0
[ 4164.889s] FRAME (len=12): 0C 00 11 00 00 00 00 00 01 00 61 76
[ 4164.889s] FRAME (len=12): 0C 00 11 00 0B 00 00 00 01 00 C3 B5
[ 4170.893s] TEXT: '...;.'
[ 4170.893s] TEXT: '.....'
[ 4170.893s] FRAME (len=56): 38 00 11 00 01 00 00 00 01 00 46 81 9E E3 00 1D 00 0F 20 00 05 0B 5D 27 56 9D 00 00 00 00 00 00 61 07 73 62 24 00 0B 00 00 88 00 00 98 00 9F 00 09 00 00 00 54 0E 41 CB
[ 4170.893s] FRAME (len=12): 0C 00 11 00 00 00 00 00 01 00 61 76
[ 4177.108s] TEXT: '...;.'
[ 4177.108s] TEXT: '.....'
[ 4177.108s] FRAME (len=56): 38 00 11 00 01 00 00 00 01 00 46 81 9E E3 00 1D 00 0F 20 00 05 0B 5D 27 56 9D 00 00 00 00 00 00 61 07 73 62 24 00 0B 00 00 88 00 00 98 00 9F 00 09 00 00 00 54 0E 41 CB
[ 4177.108s] FRAME (len=12): 0C 00 11 00 00 00 00 00 01 00 61 76
[ 4183.323s] TEXT: '...;.'
[ 4183.323s] TEXT: '.....'
[ 4183.323s] FRAME (len=56): 38 00 11 00 01 00 00 00 01 00 46 81 9E E3 00 1D 00 0F 20 00 05 0B 5D 27 56 9D 00 00 00 00 00 00 61 07 73 62 24 00 0B 00 00 88 00 00 98 00 9F 00 09 00 00 00 54 0E 41 CB
[ 4183.323s] FRAME (len=12): 0C 00 11 00 00 00 00 00 01 00 61 76
[ 4189.749s] TEXT: '...;.'
[ 4189.749s] TEXT: '.....'
[ 4189.749s] TEXT: '.....'
[ 4189.749s] FRAME (len=56): 38 00 11 00 01 00 00 00 01 00 46 81 9E E3 00 1D 00 0F 20 00 08 0B 5D 27 56 BD 00 00 00 00 00 00 61 07 73 62 24 00 0B 00 00 88 00 00 98 00 9F 00 09 00 00 00 54 0E 21 49
[ 4189.749s] FRAME (len=12): 0C 00 11 00 00 00 00 00 01 00 61 76
[ 4189.749s] FRAME (len=12): 0C 00 11 00 0B 00 00 00 01 00 C3 B5
[ 4190.583s] TEXT: '...;.'
[ 4190.583s] FRAME (len=56): 38 00 11 00 01 00 00 00 01 00 00 12 4B 00 38 0D 16 FD 03 00 82 08 5F 27 31 1D D4 FF 64 00 EE 02 00 00 00 00 00 00 0A 04 00 00 00 00 00 00 06 01 00 00 00 00 00 00 17 60
[ 4195.766s] TEXT: '....TX succeeded...;.'
[ 4195.766s] TEXT: '.....'
[ 4195.766s] FRAME (len=56): 38 00 11 00 01 00 00 00 01 00 46 81 9E E3 00 1D 00 0F 20 00 08 0B 5D 27 56 BD 00 00 00 00 00 00 61 07 73 62 24 00 0B 00 00 88 00 00 98 00 9F 00 09 00 00 00 54 0E 21 49
[ 4195.766s] FRAME (len=12): 0C 00 11 00 00 00 00 00 01 00 61 76
[ 4201.982s] TEXT: '...;.'
[ 4201.982s] TEXT: '.....'
[ 4201.982s] FRAME (len=56): 38 00 11 00 01 00 00 00 01 00 46 81 9E E3 00 1D 00 0F 20 00 08 0B 5D 27 56 BD 00 00 00 00 00 00 61 07 73 62 24 00 0B 00 00 88 00 00 98 00 9F 00 09 00 00 00 54 0E 21 49
[ 4201.982s] FRAME (len=12): 0C 00 11 00 00 00 00 00 01 00 61 76
[ 4208.190s] TEXT: '...;.'
[ 4208.190s] TEXT: '.....'
[ 4208.190s] FRAME (len=56): 38 00 11 00 01 00 00 00 01 00 46 81 9E E3 00 1D 00 0F 20 00 08 0B 5D 27 56 BD 00 00 00 00 00 00 61 07 73 62 24 00 0B 00 00 88 00 00 98 00 9F 00 09 00 00 00 54 0E 21 49
[ 4208.190s] FRAME (len=12): 0C 00 11 00 00 00 00 00 01 00 61 76
[ 4214.601s] TEXT: '...;.'
[ 4214.601s] TEXT: '.....'
[ 4214.601s] TEXT: '.....'
[ 4214.601s] FRAME (len=56): 38 00 11 00 01 00 00 00 01 00 46 81 9E E3 00 1D 00 0F 20 00 07 0B 5D 27 55 93 00 00 00 00 00 00 61 07 73 62 24 00 0B 00 00 88 00 00 98 00 9F 00 09 00 00 00 54 0E CA 0D
[ 4214.601s] FRAME (len=12): 0C 00 11 00 00 00 00 00 01 00 61 76
[ 4214.601s] FRAME (len=12): 0C 00 11 00 0B 00 00 00 01 00 C3 B5
[ 4216.257s] TEXT: '...;.'
[ 4216.257s] FRAME (len=56): 38 00 11 00 01 00 00 00 01 00 00 12 4B 00 38 0D 16 FD 03 00 82 08 5F 27 31 1D D4 FF 64 00 EE 02 00 00 00 00 00 00 0A 04 00 00 00 00 00 00 06 01 00 00 00 00 00 00 17 60
[ 4220.607s] TEXT: '....TX succeeded...;.'
[ 4220.607s] TEXT: '.....'
[ 4220.607s] FRAME (len=56): 38 00 11 00 01 00 00 00 01 00 46 81 9E E3 00 1D 00 0F 20 00 07 0B 5D 27 55 93 00 00 00 00 00 00 61 07 73 62 24 00 0B 00 00 88 00 00 98 00 9F 00 09 00 00 00 54 0E CA 0D
[ 4220.607s] FRAME (len=12): 0C 00 11 00 00 00 00 00 01 00 61 76
[ 4226.836s] TEXT: '...;.'
[ 4226.836s] TEXT: '.....'
[ 4226.836s] FRAME (len=56): 38 00 11 00 01 00 00 00 01 00 46 81 9E E3 00 1D 00 0F 20 00 07 0B 5D 27 55 93 00 00 00 00 00 00 61 07 73 62 24 00 0B 00 00 88 00 00 98 00 9F 00 09 00 00 00 54 0E CA 0D
[ 4226.836s] FRAME (len=12): 0C 00 11 00 00 00 00 00 01 00 61 76
[ 4233.046s] TEXT: '...;.'
[ 4233.046s] TEXT: '.....'
[ 4233.046s] FRAME (len=56): 38 00 11 00 01 00 00 00 01 00 46 81 9E E3 00 1D 00 0F 20 00 07 0B 5D 27 55 93 00 00 00 00 00 00 61 07 73 62 24 00 0B 00 00 88 00 00 98 00 9F 00 09 00 00 00 54 0E CA 0D
[ 4233.046s] FRAME (len=12): 0C 00 11 00 00 00 00 00 01 00 61 76
[ 4239.486s] TEXT: '...;.'
[ 4239.486s] TEXT: '.....'
[ 4239.486s] TEXT: '.....'
[ 4239.486s] FRAME (len=56): 38 00 11 00 01 00 00 00 01 00 46 81 9E E3 00 1D 00 0F 20 00 09 0B 5D 27 56 B7 00 00 00 00 00 00 61 07 73 62 24 00 0B 00 00 88 00 00 98 00 9F 00 09 00 00 00 41 0E B8 2F
[ 4239.486s] FRAME (len=12): 0C 00 11 00 00 00 00 00 01 00 61 76
[ 4239.486s] FRAME (len=12): 0C 00 11 00 0B 00 00 00 01 00 C3 B5
[ 4241.774s] TEXT: '...;.'
[ 4241.976s] FRAME (len=56): 38 00 11 00 01 00 00 00 01 00 00 12 4B 00 38 0D 16 FD 03 00 84 08 5F 27 31 49 D4 FF 64 00 EE 02 00 00 00 00 00 00 0A 04 00 00 00 00 00 00 06 01 00 00 00 00 00 00 81 DA
[ 4245.509s] TEXT: '....TX succeeded...;.'
[ 4245.509s] TEXT: '.....'
[ 4245.509s] FRAME (len=56): 38 00 11 00 01 00 00 00 01 00 46 81 9E E3 00 1D 00 0F 20 00 09 0B 5D 27 56 B7 00 00 00 00 00 00 61 07 73 62 24 00 0B 00 00 88 00 00 98 00 9F 00 09 00 00 00 41 0E B8 2F
[ 4245.509s] FRAME (len=12): 0C 00 11 00 00 00 00 00 01 00 61 76
[ 4251.734s] TEXT: '...;.'
[ 4251.734s] TEXT: '.....'
[ 4251.734s] FRAME (len=56): 38 00 11 00 01 00 00 00 01 00 46 81 9E E3 00 1D 00 0F 20 00 09 0B 5D 27 56 B7 00 00 00 00 00 00 61 07 73 62 24 00 0B 00 00 88 00 00 98 00 9F 00 09 00 00 00 41 0E B8 2F
[ 4251.734s] FRAME (len=12): 0C 00 11 00 00 00 00 00 01 00 61 76
[ 4257.948s] TEXT: '...;.'
[ 4257.948s] TEXT: '.....'
[ 4257.948s] FRAME (len=56): 38 00 11 00 01 00 00 00 01 00 46 81 9E E3 00 1D 00 0F 20 00 09 0B 5D 27 56 B7 00 00 00 00 00 00 61 07 73 62 24 00 0B 00 00 88 00 00 98 00 9F 00 09 00 00 00 41 0E B8 2F
[ 4257.948s] FRAME (len=12): 0C 00 11 00 00 00 00 00 01 00 61 76
[ 4264.334s] TEXT: '...;.'
[ 4264.334s] TEXT: '.....'
[ 4264.334s] TEXT: '.....'
[ 4264.334s] FRAME (len=56): 38 00 11 00 01 00 00 00 01 00 46 81 9E E3 00 1D 00 0F 20 00 02 0B 5D 27 56 93 00 00 00 00 00 00 61 07 73 62 24 00 0B 00 00 88 00 00 98 00 9F 00 09 00 00 00 41 0E 9E 26
[ 4264.334s] FRAME (len=12): 0C 00 11 00 00 00 00 00 01 00 61 76
[ 4264.334s] FRAME (len=12): 0C 00 11 00 0B 00 00 00 01 00 C3 B5
[ 4268.472s] TEXT: '...;.'
[ 4268.472s] FRAME (len=56): 38 00 11 00 01 00 00 00 01 00 00 12 4B 00 38 0D 16 FD 03 00 84 08 5E 27 31 1D D4 FF 64 00 EE 02 00 00 00 00 00 00 0A 04 00 00 00 00 00 00 06 01 00 00 00 00 00 00 EC 41
[ 4270.345s] TEXT: '....TX succeeded...;.'
[ 4270.345s] TEXT: '.....'
[ 4270.345s] FRAME (len=56): 38 00 11 00 01 00 00 00 01 00 46 81 9E E3 00 1D 00 0F 20 00 02 0B 5D 27 56 93 00 00 00 00 00 00 61 07 73 62 24 00 0B 00 00 88 00 00 98 00 9F 00 09 00 00 00 41 0E 9E 26
[ 4270.345s] FRAME (len=12): 0C 00 11 00 00 00 00 00 01 00 61 76
[ 4276.577s] TEXT: '...;.'
[ 4276.577s] TEXT: '.....'
[ 4276.577s] FRAME (len=56): 38 00 11 00 01 00 00 00 01 00 46 81 9E E3 00 1D 00 0F 20 00 02 0B 5D 27 56 93 00 00 00 00 00 00 61 07 73 62 24 00 0B 00 00 88 00 00 98 00 9F 00 09 00 00 00 41 0E 9E 26
[ 4276.577s] FRAME (len=12): 0C 00 11 00 00 00 00 00 01 00 61 76
[ 4282.800s] TEXT: '...;.'
[ 4282.800s] TEXT: '.....'
[ 4282.800s] FRAME (len=56): 38 00 11 00 01 00 00 00 01 00 46 81 9E E3 00 1D 00 0F 20 00 02 0B 5D 27 56 93 00 00 00 00 00 00 61 07 73 62 24 00 0B 00 00 88 00 00 98 00 9F 00 09 00 00 00 41 0E 9E 26
[ 4282.800s] FRAME (len=12): 0C 00 11 00 00 00 00 00 01 00 61 76
[ 4289.226s] TEXT: '...;.'
[ 4289.226s] TEXT: '.....'
[ 4289.226s] TEXT: '.....'
[ 4289.226s] FRAME (len=56): 38 00 11 00 01 00 00 00 01 00 46 81 9E E3 00 1D 00 0F 20 00 02 0B 5D 27 55 A5 00 00 00 00 00 00 61 07 73 62 24 00 0B 00 00 88 00 00 98 00 9F 00 09 00 00 00 2E 0E 0D 34
[ 4289.226s] FRAME (len=12): 0C 00 11 00 00 00 00 00 01 00 61 76
[ 4289.226s] FRAME (len=12): 0C 00 11 00 0B 00 00 00 01 00 C3 B5
[ 4294.188s] TEXT: '...;.'
[ 4294.188s] FRAME (len=56): 38 00 11 00 01 00 00 00 01 00 00 12 4B 00 38 0D 16 FD 03 00 86 08 5F 27 31 41 D4 FF 64 00 EE 02 00 00 00 00 00 00 0A 04 00 00 00 00 00 00 06 01 00 00 00 00 00 00 3D 05
[ 4295.232s] TEXT: '....TX succeeded...;.'
[ 4295.232s] TEXT: '.....'
[ 4295.232s] FRAME (len=56): 38 00 11 00 01 00 00 00 01 00 46 81 9E E3 00 1D 00 0F 20 00 02 0B 5D 27 55 A5 00 00 00 00 00 00 61 07 73 62 24 00 0B 00 00 88 00 00 98 00 9F 00 09 00 00 00 2E 0E 0D 34
[ 4295.232s] FRAME (len=12): 0C 00 11 00 00 00 00 00 01 00 61 76
[ 4301.440s] TEXT: '...;.'
[ 4301.440s] TEXT: '.....'
[ 4301.440s] FRAME (len=56): 38 00 11 00 01 00 00 00 01 00 46 81 9E E3 00 1D 00 0F 20 00 02 0B 5D 27 55 A5 00 00 00 00 00 00 61 07 73 62 24 00 0B 00 00 88 00 00 98 00 9F 00 09 00 00 00 2E 0E 0D 34
[ 4301.440s] FRAME (len=12): 0C 00 11 00 00 00 00 00 01 00 61 76
[ 4307.661s] TEXT: '...;.'
[ 4307.661s] TEXT: '.....'
[ 4307.661s] FRAME (len=56): 38 00 11 00 01 00 00 00 01 00 46 81 9E E3 00 1D 00 0F 20 00 02 0B 5D 27 55 A5 00 00 00 00 00 00 61 07 73 62 24 00 0B 00 00 88 00 00 98 00 9F 00 09 00 00 00 2E 0E 0D 34
[ 4307.661s] FRAME (len=12): 0C 00 11 00 00 00 00 00 01 00 61 76
[ 4314.083s] TEXT: '...;.'
[ 4314.083s] TEXT: '.....'
[ 4314.083s] TEXT: '.....'
[ 4314.083s] FRAME (len=56): 38 00 11 00 01 00 00 00 01 00 46 81 9E E3 00 1D 00 0F 20 00 0A 0B 5D 27 56 9B 00 00 00 00 00 00 61 07 73 62 24 00 0B 00 00 88 00 00 98 00 9F 00 09 00 00 00 54 0E 63 8C
[ 4314.083s] FRAME (len=12): 0C 00 11 00 00 00 00 00 01 00 61 76
[ 4314.083s] FRAME (len=12): 0C 00 11 00 0B 00 00 00 01 00 C3 B5
[ 4319.907s] TEXT: '...;.'
[ 4319.907s] FRAME (len=56): 38 00 11 00 01 00 00 00 01 00 00 12 4B 00 38 0D 16 FD 03 00 87 08 5F 27 31 3D D4 FF 64 00 EE 02 00 00 00 00 00 00 0A 04 00 00 00 00 00 00 06 01 00 00 00 00 00 00 DB 43
[ 4320.110s] TEXT: '....TX succeeded...;.'
[ 4320.110s] TEXT: '.....'
[ 4320.110s] FRAME (len=56): 38 00 11 00 01 00 00 00 01 00 46 81 9E E3 00 1D 00 0F 20 00 0A 0B 5D 27 56 9B 00 00 00 00 00 00 61 07 73 62 24 00 0B 00 00 88 00 00 98 00 9F 00 09 00 00 00 54 0E 63 8C
[ 4320.110s] FRAME (len=12): 0C 00 11 00 00 00 00 00 01 00 61 76
[ 4326.328s] TEXT: '...;.'
[ 4326.328s] TEXT: '.....'
[ 4326.328s] FRAME (len=56): 38 00 11 00 01 00 00 00 01 00 46 81 9E E3 00 1D 00 0F 20 00 0A 0B 5D 27 56 9B 00 00 00 00 00 00 61 07 73 62 24 00 0B 00 00 88 00 00 98 00 9F 00 09 00 00 00 54 0E 63 8C
[ 4326.328s] FRAME (len=12): 0C 00 11 00 00 00 00 00 01 00 61 76
[ 4332.522s] TEXT: '...;.'
[ 4332.522s] TEXT: '.....'
[ 4332.522s] FRAME (len=56): 38 00 11 00 01 00 00 00 01 00 46 81 9E E3 00 1D 00 0F 20 00 0A 0B 5D 27 56 9B 00 00 00 00 00 00 61 07 73 62 24 00 0B 00 00 88 00 00 98 00 9F 00 09 00 00 00 54 0E 63 8C
[ 4332.522s] FRAME (len=12): 0C 00 11 00 00 00 00 00 01 00 61 76
[ 4338.916s] TEXT: '...;.'
[ 4338.916s] TEXT: '.....'
[ 4338.916s] TEXT: '.....'
[ 4338.916s] FRAME (len=56): 38 00 11 00 01 00 00 00 01 00 46 81 9E E3 00 1D 00 0F 20 00 03 0B 5D 27 55 B5 00 00 00 00 00 00 61 07 73 62 24 00 0B 00 00 88 00 00 98 00 9F 00 09 00 00 00 2E 0E A7 57
[ 4338.916s] FRAME (len=12): 0C 00 11 00 00 00 00 00 01 00 61 76
[ 4338.916s] FRAME (len=12): 0C 00 11 00 0B 00 00 00 01 00 C3 B5
[ 4344.927s] TEXT: '...;.'
[ 4344.927s] TEXT: '.....'
[ 4344.927s] FRAME (len=56): 38 00 11 00 01 00 00 00 01 00 46 81 9E E3 00 1D 00 0F 20 00 03 0B 5D 27 55 B5 00 00 00 00 00 00 61 07 73 62 24 00 0B 00 00 88 00 00 98 00 9F 00 09 00 00 00 2E 0E A7 57
[ 4344.927s] FRAME (len=12): 0C 00 11 00 00 00 00 00 01 00 61 76
[ 4345.544s] TEXT: '...;.'
[ 4345.544s] FRAME (len=56): 38 00 11 00 01 00 00 00 01 00 00 12 4B 00 38 0D 16 FD 03 00 87 08 5F 27 31 45 D4 FF 64 00 EE 02 00 00 00 00 00 00 0A 04 00 00 00 00 00 00 06 01 00 00 00 00 00 00 E3 6A
[ 4351.121s] TEXT: '....TX succeeded...;.'
[ 4351.121s] FRAME (len=56): 38 00 11 00 01 00 00 00 01 00 46 81 9E E3 00 1D 00 0F 20 00 03 0B 5D 27 55 B5 00 00 00 00 00 00 61 07 73 62 24 00 0B 00 00 88 00 00 98 00 9F 00 09 00 00 00 2E 0E A7 57
[ 4351.327s] TEXT: '.....'
[ 4351.327s] FRAME (len=12): 0C 00 11 00 00 00 00 00 01 00 61 76
[ 4357.328s] TEXT: '...;.'
[ 4357.328s] TEXT: '.....'
[ 4357.328s] FRAME (len=56): 38 00 11 00 01 00 00 00 01 00 46 81 9E E3 00 1D 00 0F 20 00 03 0B 5D 27 55 B5 00 00 00 00 00 00 61 07 73 62 24 00 0B 00 00 88 00 00 98 00 9F 00 09 00 00 00 2E 0E A7 57
[ 4357.328s] FRAME (len=12): 0C 00 11 00 00 00 00 00 01 00 61 76
[ 4363.761s] TEXT: '...;.'
[ 4363.761s] TEXT: '.....'
[ 4363.761s] TEXT: '.....'
[ 4363.761s] FRAME (len=56): 38 00 11 00 01 00 00 00 01 00 46 81 9E E3 00 1D 00 0F 20 00 04 0B 5D 27 56 B9 00 00 00 00 00 00 61 07 73 62 24 00 0B 00 00 88 00 00 98 00 9F 00 09 00 00 00 2E 0E 32 AC
[ 4363.761s] FRAME (len=12): 0C 00 11 00 00 00 00 00 01 00 61 76
[ 4363.761s] FRAME (len=12): 0C 00 11 00 0B 00 00 00 01 00 C3 B5
[ 4369.956s] TEXT: '...;.'
[ 4369.956s] TEXT: '.....'
[ 4369.956s] FRAME (len=56): 38 00 11 00 01 00 00 00 01 00 46 81 9E E3 00 1D 00 0F 20 00 04 0B 5D 27 56 B9 00 00 00 00 00 00 61 07 73 62 24 00 0B 00 00 88 00 00 98 00 9F 00 09 00 00 00 2E 0E 32 AC
[ 4369.956s] FRAME (len=12): 0C 00 11 00 00 00 00 00 01 00 61 76
[ 4371.207s] TEXT: '...;.'
[ 4371.207s] FRAME (len=56): 38 00 11 00 01 00 00 00 01 00 00 12 4B 00 38 0D 16 FD 03 00 89 08 5F 27 31 3D D4 FF 64 00 EE 02 00 00 00 00 00 00 0A 04 00 00 00 00 00 00 06 01 00 00 00 00 00 00 CA 9A
[ 4375.953s] TEXT: '....TX succeeded...;.'
[ 4375.953s] FRAME (len=56): 38 00 11 00 01 00 00 00 01 00 46 81 9E E3 00 1D 00 0F 20 00 04 0B 5D 27 56 B9 00 00 00 00 00 00 61 07 73 62 24 00 0B 00 00 88 00 00 98 00 9F 00 09 00 00 00 2E 0E 32 AC
[ 4376.163s] TEXT: '.....'
[ 4376.163s] FRAME (len=12): 0C 00 11 00 00 00 00 00 01 00 61 76
[ 4382.177s] TEXT: '...;.'
[ 4382.177s] TEXT: '.....'
[ 4382.177s] FRAME (len=56): 38 00 11 00 01 00 00 00 01 00 46 81 9E E3 00 1D 00 0F 20 00 04 0B 5D 27 56 B9 00 00 00 00 00 00 61 07 73 62 24 00 0B 00 00 88 00 00 98 00 9F 00 09 00 00 00 2E 0E 32 AC
[ 4382.177s] FRAME (len=12): 0C 00 11 00 00 00 00 00 01 00 61 76
[ 4388.587s] TEXT: '...;.'
[ 4388.587s] TEXT: '.....'
[ 4388.587s] TEXT: '.....'
[ 4388.587s] TEXT: '.....'
[ 4388.587s] FRAME (len=56): 38 00 11 00 01 00 00 00 01 00 46 81 9E E3 00 1D 00 0F 20 00 F6 0A 5D 27 56 97 00 00 00 00 00 00 61 07 73 62 24 00 0A 00 00 88 00 00 98 00 9F 00 09 00 00 00 54 0E 09 4F
[ 4388.587s] FRAME (len=16): 10 00 11 00 08 00 00 00 01 00 04 00 00 00 34 99
[ 4388.587s] FRAME (len=12): 0C 00 11 00 00 00 00 00 01 00 61 76
[ 4388.587s] FRAME (len=12): 0C 00 11 00 0B 00 00 00 01 00 C3 B5
[ 4394.820s] TEXT: '...;.'
[ 4394.820s] TEXT: '.....'
[ 4394.820s] FRAME (len=56): 38 00 11 00 01 00 00 00 01 00 46 81 9E E3 00 1D 00 0F 20 00 F6 0A 5D 27 56 97 00 00 00 00 00 00 61 07 73 62 24 00 0A 00 00 88 00 00 98 00 9F 00 09 00 00 00 54 0E 09 4F
[ 4394.820s] FRAME (len=12): 0C 00 11 00 00 00 00 00 01 00 61 76
[ 4396.890s] TEXT: '...;.'
[ 4396.890s] FRAME (len=56): 38 00 11 00 01 00 00 00 01 00 00 12 4B 00 38 0D 16 FD 03 00 89 08 5F 27 31 39 D4 FF 64 00 EE 02 00 00 00 00 00 00 0A 04 00 00 00 00 00 00 06 01 00 00 00 00 00 00 31 69
[ 4400.824s] TEXT: '....TX failed: 0xc....TX failed: 0xc...;.'
[ 4400.824s] FRAME (len=56): 38 00 11 00 01 00 00 00 01 00 46 81 9E E3 00 1D 00 0F 20 00 F6 0A 5D 27 56 97 00 00 00 00 00 00 61 07 73 62 24 00 0A 00 00 88 00 00 98 00 9F 00 09 00 00 00 54 0E 09 4F
[ 4401.033s] TEXT: '.....'
[ 4401.033s] FRAME (len=12): 0C 00 11 00 00 00 00 00 01 00 61 76
[ 4407.040s] TEXT: '...;.'
[ 4407.040s] TEXT: '.....'
[ 4407.040s] FRAME (len=56): 38 00 11 00 01 00 00 00 01 00 46 81 9E E3 00 1D 00 0F 20 00 F6 0A 5D 27 56 97 00 00 00 00 00 00 61 07 73 62 24 00 0A 00 00 88 00 00 98 00 9F 00 09 00 00 00 54 0E 09 4F
[ 4407.040s] FRAME (len=12): 0C 00 11 00 00 00 00 00 01 00 61 76
[ 4413.473s] TEXT: '...;.'
[ 4413.473s] TEXT: '.....'
[ 4413.473s] TEXT: '.....'
[ 4413.473s] TEXT: '.....'
[ 4413.473s] FRAME (len=56): 38 00 11 00 01 00 00 00 01 00 46 81 9E E3 00 1D 00 0F 20 00 03 0B 5D 27 56 95 00 00 00 00 00 00 61 07 73 62 24 00 0A 00 00 88 00 00 98 00 9F 00 09 00 00 00 54 0E 0F EC
[ 4413.473s] FRAME (len=16): 10 00 11 00 08 00 00 00 01 00 04 00 00 00 34 99
[ 4413.473s] FRAME (len=12): 0C 00 11 00 00 00 00 00 01 00 61 76
[ 4413.473s] FRAME (len=12): 0C 00 11 00 0B 00 00 00 01 00 C3 B5
[ 4419.698s] TEXT: '...;.'
[ 4419.698s] TEXT: '.....'
[ 4419.698s] FRAME (len=56): 38 00 11 00 01 00 00 00 01 00 46 81 9E E3 00 1D 00 0F 20 00 03 0B 5D 27 56 95 00 00 00 00 00 00 61 07 73 62 24 00 0A 00 00 88 00 00 98 00 9F 00 09 00 00 00 54 0E 0F EC
[ 4419.698s] FRAME (len=12): 0C 00 11 00 00 00 00 00 01 00 61 76
[ 4423.623s] TEXT: '...;.'
[ 4423.623s] FRAME (len=56): 38 00 11 00 01 00 00 00 01 00 00 12 4B 00 38 0D 16 FD 03 00 8A 08 5F 27 31 21 D4 FF 64 00 EE 02 00 00 00 00 00 00 0A 04 00 00 00 00 00 00 06 01 00 00 00 00 00 00 27 D5
[ 4425.686s] TEXT: '....TX succeeded...;.'
[ 4425.894s] TEXT: '.....'
[ 4425.894s] FRAME (len=56): 38 00 11 00 01 00 00 00 01 00 46 81 9E E3 00 1D 00 0F 20 00 03 0B 5D 27 56 95 00 00 00 00 00 00 61 07 73 62 24 00 0A 00 00 88 00 00 98 00 9F 00 09 00 00 00 54 0E 0F EC
[ 4425.894s] FRAME (len=12): 0C 00 11 00 00 00 00 00 01 00 61 76
[ 4432.096s] TEXT: '...;.'
[ 4432.096s] TEXT: '.....'
[ 4432.096s] FRAME (len=56): 38 00 11 00 01 00 00 00 01 00 46 81 9E E3 00 1D 00 0F 20 00 03 0B 5D 27 56 95 00 00 00 00 00 00 61 07 73 62 24 00 0A 00 00 88 00 00 98 00 9F 00 09 00 00 00 54 0E 0F EC
[ 4432.096s] FRAME (len=12): 0C 00 11 00 00 00 00 00 01 00 61 76
[ 4438.313s] TEXT: '...;.'
[ 4438.313s] TEXT: '.....'
[ 4438.313s] TEXT: '.....'
[ 4438.313s] FRAME (len=56): 38 00 11 00 01 00 00 00 01 00 46 81 9E E3 00 1D 00 0F 20 00 01 0B 5D 27 56 9F 00 00 00 00 00 00 61 07 73 62 24 00 0A 00 00 88 00 00 98 00 9F 00 09 00 00 00 54 0E 5E C2
[ 4438.313s] FRAME (len=16): 10 00 11 00 08 00 00 00 01 00 04 00 00 00 34 99
[ 4438.521s] TEXT: '.....'
[ 4438.521s] FRAME (len=12): 0C 00 11 00 00 00 00 00 01 00 61 76
[ 4438.521s] FRAME (len=12): 0C 00 11 00 0B 00 00 00 01 00 C3 B5
[ 4444.519s] TEXT: '...;.'
[ 4444.519s] TEXT: '.....'
[ 4444.519s] FRAME (len=56): 38 00 11 00 01 00 00 00 01 00 46 81 9E E3 00 1D 00 0F 20 00 01 0B 5D 27 56 9F 00 00 00 00 00 00 61 07 73 62 24 00 0A 00 00 88 00 00 98 00 9F 00 09 00 00 00 54 0E 5E C2
[ 4444.519s] FRAME (len=12): 0C 00 11 00 00 00 00 00 01 00 61 76
[ 4449.272s] TEXT: '...;.'
[ 4449.272s] FRAME (len=56): 38 00 11 00 01 00 00 00 01 00 00 12 4B 00 38 0D 16 FD 03 00 8C 08 5F 27 31 39 D4 FF 64 00 EE 02 00 00 00 00 00 00 0A 04 00 00 00 00 00 00 06 01 00 00 00 00 00 00 C2 A5
[ 4450.711s] TEXT: '....TX succeeded...;.'
[ 4450.711s] TEXT: '.....'
[ 4450.711s] FRAME (len=56): 38 00 11 00 01 00 00 00 01 00 46 81 9E E3 00 1D 00 0F 20 00 01 0B 5D 27 56 9F 00 00 00 00 00 00 61 07 73 62 24 00 0A 00 00 88 00 00 98 00 9F 00 09 00 00 00 54 0E 5E C2
[ 4450.711s] FRAME (len=12): 0C 00 11 00 00 00 00 00 01 00 61 76
[ 4456.928s] TEXT: '...;.'
[ 4456.928s] TEXT: '.....'
[ 4456.928s] FRAME (len=56): 38 00 11 00 01 00 00 00 01 00 46 81 9E E3 00 1D 00 0F 20 00 01 0B 5D 27 56 9F 00 00 00 00 00 00 61 07 73 62 24 00 0A 00 00 88 00 00 98 00 9F 00 09 00 00 00 54 0E 5E C2
[ 4456.928s] FRAME (len=12): 0C 00 11 00 00 00 00 00 01 00 61 76
[ 4463.363s] TEXT: '...;.'
[ 4463.363s] TEXT: '.....'
[ 4463.363s] TEXT: '.....'
[ 4463.363s] TEXT: '.....'
[ 4463.363s] FRAME (len=56): 38 00 11 00 01 00 00 00 01 00 46 81 9E E3 00 1D 00 0F 20 00 04 0B 5D 27 55 A9 00 00 00 00 00 00 61 07 73 62 24 00 0A 00 00 88 00 00 98 00 9F 00 09 00 00 00 54 0E 2A 07
[ 4463.363s] FRAME (len=16): 10 00 11 00 08 00 00 00 01 00 04 00 00 00 34 99
[ 4463.363s] FRAME (len=12): 0C 00 11 00 00 00 00 00 01 00 61 76
[ 4463.363s] FRAME (len=12): 0C 00 11 00 0B 00 00 00 01 00 C3 B5
[ 4469.343s] TEXT: '...;.'
[ 4469.343s] TEXT: '.....'
[ 4469.343s] FRAME (len=56): 38 00 11 00 01 00 00 00 01 00 46 81 9E E3 00 1D 00 0F 20 00 04 0B 5D 27 55 A9 00 00 00 00 00 00 61 07 73 62 24 00 0A 00 00 88 00 00 98 00 9F 00 09 00 00 00 54 0E 2A 07
[ 4469.343s] FRAME (len=12): 0C 00 11 00 00 00 00 00 01 00 61 76
[ 4474.929s] TEXT: '...;.'
[ 4474.929s] FRAME (len=56): 38 00 11 00 01 00 00 00 01 00 00 12 4B 00 38 0D 16 FD 03 00 8D 08 5F 27 31 31 D4 FF 64 00 EE 02 00 00 00 00 00 00 0A 04 00 00 00 00 00 00 06 01 00 00 00 00 00 00 30 CE
[ 4475.553s] TEXT: '....TX succeeded...;.'
[ 4475.553s] TEXT: '.....'
[ 4475.553s] FRAME (len=56): 38 00 11 00 01 00 00 00 01 00 46 81 9E E3 00 1D 00 0F 20 00 04 0B 5D 27 55 A9 00 00 00 00 00 00 61 07 73 62 24 00 0A 00 00 88 00 00 98 00 9F 00 09 00 00 00 54 0E 2A 07
[ 4475.553s] FRAME (len=12): 0C 00 11 00 00 00 00 00 01 00 61 76
[ 4481.749s] TEXT: '...;.'
[ 4481.749s] TEXT: '.....'
[ 4481.749s] FRAME (len=56): 38 00 11 00 01 00 00 00 01 00 46 81 9E E3 00 1D 00 0F 20 00 04 0B 5D 27 55 A9 00 00 00 00 00 00 61 07 73 62 24 00 0A 00 00 88 00 00 98 00 9F 00 09 00 00 00 54 0E 2A 07
[ 4481.749s] FRAME (len=12): 0C 00 11 00 00 00 00 00 01 00 61 76
[ 4488.135s] TEXT: '...;.'
[ 4488.135s] TEXT: 'T}.....'
[ 4488.135s] TEXT: '.....'
[ 4488.135s] FRAME (len=54): 38 00 11 00 01 00 00 00 01 00 46 81 9E E3 00 1D 00 0F 20 00 0B 0B 5D 27 56 99 00 00 00 00 00 00 61 07 73 62 24 00 0A 00 00 88 00 00 98 00 9F 00 09 00 00 00 1B 0E
[ 4488.135s] FRAME (len=12): 0C 00 11 00 00 00 00 00 01 00 61 76
[ 4488.135s] FRAME (len=12): 0C 00 11 00 0B 00 00 00 01 00 C3 B5
[ 4494.133s] TEXT: '...;.'
[ 4494.133s] TEXT: 'T}.....'
[ 4494.133s] FRAME (len=54): 38 00 11 00 01 00 00 00 01 00 46 81 9E E3 00 1D 00 0F 20 00 0B 0B 5D 27 56 99 00 00 00 00 00 00 61 07 73 62 24 00 0A 00 00 88 00 00 98 00 9F 00 09 00 00 00 1B 0E
[ 4494.133s] FRAME (len=12): 0C 00 11 00 00 00 00 00 01 00 61 76
[ 4500.540s] TEXT: '...;.'
[ 4500.540s] TEXT: 'T}.....'
[ 4500.540s] TEXT: '...;.'
[ 4500.540s] FRAME (len=54): 38 00 11 00 01 00 00 00 01 00 46 81 9E E3 00 1D 00 0F 20 00 0B 0B 5D 27 56 99 00 00 00 00 00 00 61 07 73 62 24 00 0A 00 00 88 00 00 98 00 9F 00 09 00 00 00 1B 0E
[ 4500.540s] FRAME (len=12): 0C 00 11 00 00 00 00 00 01 00 61 76
[ 4500.540s] FRAME (len=56): 38 00 11 00 01 00 00 00 01 00 00 12 4B 00 38 0D 16 FD 03 00 8E 08 5F 27 31 35 D4 FF 64 00 EE 02 00 00 00 00 00 00 0A 04 00 00 00 00 00 00 06 01 00 00 00 00 00 00 85 89
[ 4506.528s] TEXT: '....TX succeeded...;.'
[ 4506.528s] FRAME (len=54): 38 00 11 00 01 00 00 00 01 00 46 81 9E E3 00 1D 00 0F 20 00 0B 0B 5D 27 56 99 00 00 00 00 00 00 61 07 73 62 24 00 0A 00 00 88 00 00 98 00 9F 00 09 00 00 00 1B 0E
[ 4506.738s] TEXT: 'T}.....'
[ 4506.738s] FRAME (len=12): 0C 00 11 00 00 00 00 00 01 00 61 76
[ 4512.962s] TEXT: '...;.'
[ 4512.962s] TEXT: '.....'
[ 4512.962s] TEXT: '.....'
[ 4512.962s] FRAME (len=56): 38 00 11 00 01 00 00 00 01 00 46 81 9E E3 00 1D 00 0F 20 00 03 0B 5D 27 56 B9 00 00 00 00 00 00 61 07 73 62 24 00 0A 00 00 88 00 00 98 00 9F 00 09 00 00 00 41 0E 9A FB
[ 4512.962s] FRAME (len=12): 0C 00 11 00 00 00 00 00 01 00 61 76
[ 4512.962s] FRAME (len=12): 0C 00 11 00 0B 00 00 00 01 00 C3 B5
[ 4519.194s] TEXT: '...;.'
[ 4519.194s] TEXT: '.....'
[ 4519.194s] FRAME (len=56): 38 00 11 00 01 00 00 00 01 00 46 81 9E E3 00 1D 00 0F 20 00 03 0B 5D 27 56 B9 00 00 00 00 00 00 61 07 73 62 24 00 0A 00 00 88 00 00 98 00 9F 00 09 00 00 00 41 0E 9A FB
[ 4519.194s] FRAME (len=12): 0C 00 11 00 00 00 00 00 01 00 61 76
[ 4525.223s] TEXT: '...;.'
[ 4525.223s] TEXT: '.....'
[ 4525.223s] FRAME (len=56): 38 00 11 00 01 00 00 00 01 00 46 81 9E E3 00 1D 00 0F 20 00 03 0B 5D 27 56 B9 00 00 00 00 00 00 61 07 73 62 24 00 0A 00 00 88 00 00 98 00 9F 00 09 00 00 00 41 0E 9A FB
[ 4525.223s] FRAME (len=12): 0C 00 11 00 00 00 00 00 01 00 61 76
[ 4526.261s] TEXT: '...;.'
[ 4526.261s] FRAME (len=56): 38 00 11 00 01 00 00 00 01 00 00 12 4B 00 38 0D 16 FD 03 00 8E 08 5F 27 31 35 D4 FF 64 00 EE 02 00 00 00 00 00 00 0A 04 00 00 00 00 00 00 06 01 00 00 00 00 00 00 85 89
[ 4531.426s] TEXT: '....TX succeeded...;.'
[ 4531.426s] FRAME (len=56): 38 00 11 00 01 00 00 00 01 00 46 81 9E E3 00 1D 00 0F 20 00 03 0B 5D 27 56 B9 00 00 00 00 00 00 61 07 73 62 24 00 0A 00 00 88 00 00 98 00 9F 00 09 00 00 00 41 0E 9A FB
[ 4531.628s] TEXT: '.....'
[ 4531.628s] FRAME (len=12): 0C 00 11 00 00 00 00 00 01 00 61 76
[ 4537.847s] TEXT: '...;.'
[ 4537.847s] TEXT: '.....'
[ 4537.847s] TEXT: '.....'
[ 4537.847s] FRAME (len=56): 38 00 11 00 01 00 00 00 01 00 46 81 9E E3 00 1D 00 0F 20 00 0A 0B 5D 27 56 B7 00 00 00 00 00 00 61 07 73 62 24 00 09 00 00 88 00 00 98 00 9F 00 09 00 00 00 41 0E 9F DB
[ 4537.847s] FRAME (len=12): 0C 00 11 00 00 00 00 00 01 00 61 76
[ 4537.847s] FRAME (len=12): 0C 00 11 00 0B 00 00 00 01 00 C3 B5
[ 4544.067s] TEXT: '...;.'
[ 4544.067s] TEXT: '.....'
[ 4544.067s] FRAME (len=56): 38 00 11 00 01 00 00 00 01 00 46 81 9E E3 00 1D 00 0F 20 00 0A 0B 5D 27 56 B7 00 00 00 00 00 00 61 07 73 62 24 00 09 00 00 88 00 00 98 00 9F 00 09 00 00 00 41 0E 9F DB
[ 4544.067s] FRAME (len=12): 0C 00 11 00 00 00 00 00 01 00 61 76
[ 4550.082s] TEXT: '...;.'
[ 4550.292s] TEXT: '.....'
[ 4550.292s] FRAME (len=56): 38 00 11 00 01 00 00 00 01 00 46 81 9E E3 00 1D 00 0F 20 00 0A 0B 5D 27 56 B7 00 00 00 00 00 00 61 07 73 62 24 00 09 00 00 88 00 00 98 00 9F 00 09 00 00 00 41 0E 9F DB
[ 4550.292s] FRAME (len=12): 0C 00 11 00 00 00 00 00 01 00 61 76
[ 4552.980s] TEXT: '...;.'
[ 4552.980s] FRAME (len=56): 38 00 11 00 01 00 00 00 01 00 00 12 4B 00 38 0D 16 FD 03 00 8F 08 5F 27 31 4D D4 FF 64 00 EE 02 00 00 00 00 00 00 0A 04 00 00 00 00 00 00 06 01 00 00 00 00 00 00 98 3C
[ 4556.304s] TEXT: '....TX succeeded...;.'
[ 4556.304s] FRAME (len=56): 38 00 11 00 01 00 00 00 01 00 46 81 9E E3 00 1D 00 0F 20 00 0A 0B 5D 27 56 B7 00 00 00 00 00 00 61 07 73 62 24 00 09 00 00 88 00 00 98 00 9F 00 09 00 00 00 41 0E 9F DB
[ 4556.513s] TEXT: '.....'
[ 4556.513s] FRAME (len=12): 0C 00 11 00 00 00 00 00 01 00 61 76
[ 4562.719s] TEXT: '...;.'
[ 4562.719s] TEXT: '.....'
[ 4562.719s] TEXT: '.....'
[ 4562.719s] TEXT: '.....'
[ 4562.719s] FRAME (len=56): 38 00 11 00 01 00 00 00 01 00 46 81 9E E3 00 1D 00 0F 20 00 F4 0A 5D 27 55 A5 00 00 00 00 00 00 61 07 73 62 24 00 10 00 00 88 00 00 98 00 9F 00 09 00 00 00 54 0E F8 EF
[ 4562.719s] FRAME (len=16): 10 00 11 00 08 00 00 00 01 00 04 00 00 00 34 99
[ 4562.719s] FRAME (len=12): 0C 00 11 00 00 00 00 00 01 00 61 76
[ 4562.719s] FRAME (len=12): 0C 00 11 00 0B 00 00 00 01 00 C3 B5
[ 4568.942s] TEXT: '...;.'
[ 4568.942s] TEXT: '.....'
[ 4568.942s] FRAME (len=56): 38 00 11 00 01 00 00 00 01 00 46 81 9E E3 00 1D 00 0F 20 00 F4 0A 5D 27 55 A5 00 00 00 00 00 00 61 07 73 62 24 00 10 00 00 88 00 00 98 00 9F 00 09 00 00 00 54 0E F8 EF
[ 4568.942s] FRAME (len=12): 0C 00 11 00 00 00 00 00 01 00 61 76
[ 4575.144s] TEXT: '...;.'
[ 4575.144s] TEXT: '.....'
[ 4575.144s] FRAME (len=56): 38 00 11 00 01 00 00 00 01 00 46 81 9E E3 00 1D 00 0F 20 00 F4 0A 5D 27 55 A5 00 00 00 00 00 00 61 07 73 62 24 00 10 00 00 88 00 00 98 00 9F 00 09 00 00 00 54 0E F8 EF
[ 4575.144s] FRAME (len=12): 0C 00 11 00 00 00 00 00 01 00 61 76
[ 4578.673s] TEXT: '...;.'
[ 4578.673s] FRAME (len=56): 38 00 11 00 01 00 00 00 01 00 00 12 4B 00 38 0D 16 FD 03 00 90 08 5F 27 31 4D D4 FF 64 00 EE 02 00 00 00 00 00 00 0A 04 00 00 00 00 00 00 06 01 00 00 00 00 00 00 D5 2A
[ 4581.169s] TEXT: '....TX succeeded...;.'
[ 4581.169s] FRAME (len=56): 38 00 11 00 01 00 00 00 01 00 46 81 9E E3 00 1D 00 0F 20 00 F4 0A 5D 27 55 A5 00 00 00 00 00 00 61 07 73 62 24 00 10 00 00 88 00 00 98 00 9F 00 09 00 00 00 54 0E F8 EF
[ 4581.377s] TEXT: '.....'
[ 4581.377s] FRAME (len=12): 0C 00 11 00 00 00 00 00 01 00 61 76
[ 4587.583s] TEXT: '...;.'
[ 4587.583s] TEXT: '.....'
[ 4587.583s] TEXT: '.....'
[ 4587.583s] TEXT: '.....'
[ 4587.583s] FRAME (len=56): 38 00 11 00 01 00 00 00 01 00 46 81 9E E3 00 1D 00 0F 20 00 04 0B 5D 27 56 BB 00 00 00 00 00 00 61 07 73 62 24 00 09 00 00 88 00 00 98 00 9F 00 09 00 00 00 41 0E A2 06
[ 4587.583s] FRAME (len=16): 10 00 11 00 08 00 00 00 01 00 04 00 00 00 34 99
[ 4587.583s] FRAME (len=12): 0C 00 11 00 00 00 00 00 01 00 61 76
[ 4587.583s] FRAME (len=12): 0C 00 11 00 0B 00 00 00 01 00 C3 B5
[ 4593.785s] TEXT: '...;.'
[ 4593.785s] TEXT: '.....'
[ 4593.785s] FRAME (len=56): 38 00 11 00 01 00 00 00 01 00 46 81 9E E3 00 1D 00 0F 20 00 04 0B 5D 27 56 BB 00 00 00 00 00 00 61 07 73 62 24 00 09 00 00 88 00 00 98 00 9F 00 09 00 00 00 41 0E A2 06
[ 4593.785s] FRAME (len=12): 0C 00 11 00 00 00 00 00 01 00 61 76
[ 4599.999s] TEXT: '...;.'
[ 4599.999s] TEXT: '.....'
[ 4599.999s] FRAME (len=56): 38 00 11 00 01 00 00 00 01 00 46 81 9E E3 00 1D 00 0F 20 00 04 0B 5D 27 56 BB 00 00 00 00 00 00 61 07 73 62 24 00 09 00 00 88 00 00 98 00 9F 00 09 00 00 00 41 0E A2 06
[ 4599.999s] FRAME (len=12): 0C 00 11 00 00 00 00 00 01 00 61 76
[ 4604.337s] TEXT: '...;.'
[ 4604.337s] FRAME (len=56): 38 00 11 00 01 00 00 00 01 00 00 12 4B 00 38 0D 16 FD 03 00 91 08 5F 27 31 05 D4 FF 64 00 EE 02 00 00 00 00 00 00 0A 04 00 00 00 00 00 00 06 01 00 00 00 00 00 00 78 8F
[ 4606.192s] TEXT: '....TX succeeded...;.'
[ 4606.192s] TEXT: '.....'
[ 4606.192s] FRAME (len=56): 38 00 11 00 01 00 00 00 01 00 46 81 9E E3 00 1D 00 0F 20 00 04 0B 5D 27 56 BB 00 00 00 00 00 00 61 07 73 62 24 00 09 00 00 88 00 00 98 00 9F 00 09 00 00 00 41 0E A2 06
[ 4606.192s] FRAME (len=12): 0C 00 11 00 00 00 00 00 01 00 61 76
[ 4612.423s] TEXT: '...;.'
[ 4612.423s] TEXT: '.....'
[ 4612.423s] TEXT: '.....'
[ 4612.423s] FRAME (len=56): 38 00 11 00 01 00 00 00 01 00 46 81 9E E3 00 1D 00 0F 20 00 0A 0B 5D 27 56 C9 00 00 00 00 00 00 61 07 73 62 24 00 09 00 00 88 00 00 98 00 9F 00 09 00 00 00 41 0E B1 F0
[ 4612.423s] FRAME (len=12): 0C 00 11 00 00 00 00 00 01 00 61 76
[ 4612.423s] FRAME (len=12): 0C 00 11 00 0B 00 00 00 01 00 C3 B5
[ 4618.655s] TEXT: '...;.'
[ 4618.655s] TEXT: '.....'
[ 4618.655s] FRAME (len=56): 38 00 11 00 01 00 00 00 01 00 46 81 9E E3 00 1D 00 0F 20 00 0A 0B 5D 27 56 C9 00 00 00 00 00 00 61 07 73 62 24 00 09 00 00 88 00 00 98 00 9F 00 09 00 00 00 41 0E B1 F0
[ 4618.655s] FRAME (len=12): 0C 00 11 00 00 00 00 00 01 00 61 76
[ 4624.893s] TEXT: '...;.'
[ 4624.893s] TEXT: '.....'
[ 4624.893s] FRAME (len=56): 38 00 11 00 01 00 00 00 01 00 46 81 9E E3 00 1D 00 0F 20 00 0A 0B 5D 27 56 C9 00 00 00 00 00 00 61 07 73 62 24 00 09 00 00 88 00 00 98 00 9F 00 09 00 00 00 41 0E B1 F0
[ 4624.893s] FRAME (len=12): 0C 00 11 00 00 00 00 00 01 00 61 76
[ 4630.042s] TEXT: '...;.'
[ 4630.042s] FRAME (len=56): 38 00 11 00 01 00 00 00 01 00 00 12 4B 00 38 0D 16 FD 03 00 91 08 5F 27 31 69 D4 FF 64 00 EE 02 00 00 00 00 00 00 0A 04 00 00 00 00 00 00 06 01 00 00 00 00 00 00 34 AA
[ 4630.869s] TEXT: '....TX succeeded...;.'
[ 4630.869s] FRAME (len=56): 38 00 11 00 01 00 00 00 01 00 46 81 9E E3 00 1D 00 0F 20 00 0A 0B 5D 27 56 C9 00 00 00 00 00 00 61 07 73 62 24 00 09 00 00 88 00 00 98 00 9F 00 09 00 00 00 41 0E B1 F0
[ 4631.077s] TEXT: '.....'
[ 4631.077s] FRAME (len=12): 0C 00 11 00 00 00 00 00 01 00 61 76
[ 4637.273s] TEXT: '...;.'
[ 4637.273s] TEXT: '.....'
[ 4637.273s] TEXT: '.....'
[ 4637.273s] FRAME (len=56): 38 00 11 00 01 00 00 00 01 00 46 81 9E E3 00 1D 00 0F 20 00 03 0B 5D 27 54 B7 00 00 00 00 00 00 61 07 73 62 24 00 09 00 00 88 00 00 98 00 9F 00 09 00 00 00 41 0E 28 F4
[ 4637.273s] FRAME (len=12): 0C 00 11 00 00 00 00 00 01 00 61 76
[ 4637.273s] FRAME (len=12): 0C 00 11 00 0B 00 00 00 01 00 C3 B5
[ 4643.480s] TEXT: '...;.'
[ 4643.480s] TEXT: '.....'
[ 4643.480s] FRAME (len=56): 38 00 11 00 01 00 00 00 01 00 46 81 9E E3 00 1D 00 0F 20 00 03 0B 5D 27 54 B7 00 00 00 00 00 00 61 07 73 62 24 00 09 00 00 88 00 00 98 00 9F 00 09 00 00 00 41 0E 28 F4
[ 4643.480s] FRAME (len=12): 0C 00 11 00 00 00 00 00 01 00 61 76
[ 4649.678s] TEXT: '...;.'
[ 4649.678s] TEXT: '.....'
[ 4649.678s] FRAME (len=56): 38 00 11 00 01 00 00 00 01 00 46 81 9E E3 00 1D 00 0F 20 00 03 0B 5D 27 54 B7 00 00 00 00 00 00 61 07 73 62 24 00 09 00 00 88 00 00 98 00 9F 00 09 00 00 00 41 0E 28 F4
[ 4649.678s] FRAME (len=12): 0C 00 11 00 00 00 00 00 01 00 61 76
[ 4655.701s] TEXT: '...;.'
[ 4655.701s] FRAME (len=25): 38 00 11 00 01 00 00 00 01 00 00 12 4B 00 38 0D 16 FD 03 00 92 08 5F 27 31
[ 4655.909s] TEXT: '..d.........\n.................}....TX succeeded...;.'
[ 4655.909s] TEXT: '.....'
[ 4655.909s] FRAME (len=56): 38 00 11 00 01 00 00 00 01 00 46 81 9E E3 00 1D 00 0F 20 00 03 0B 5D 27 54 B7 00 00 00 00 00 00 61 07 73 62 24 00 09 00 00 88 00 00 98 00 9F 00 09 00 00 00 41 0E 28 F4
[ 4655.909s] FRAME (len=12): 0C 00 11 00 00 00 00 00 01 00 61 76
[ 4662.113s] TEXT: '...;.'
[ 4662.113s] TEXT: '.....'
[ 4662.113s] TEXT: '.....'
[ 4662.113s] FRAME (len=56): 38 00 11 00 01 00 00 00 01 00 46 81 9E E3 00 1D 00 0F 20 00 10 0B 5E 27 56 8B 00 00 00 00 00 00 61 07 73 62 24 00 08 00 00 88 00 00 98 00 9F 00 09 00 00 00 41 0E 53 56
[ 4662.113s] FRAME (len=12): 0C 00 11 00 00 00 00 00 01 00 61 76
[ 4662.113s] FRAME (len=12): 0C 00 11 00 0B 00 00 00 01 00 C3 B5
[ 4668.310s] TEXT: '...;.'
[ 4668.310s] TEXT: '.....'
[ 4668.310s] FRAME (len=56): 38 00 11 00 01 00 00 00 01 00 46 81 9E E3 00 1D 00 0F 20 00 10 0B 5E 27 56 8B 00 00 00 00 00 00 61 07 73 62 24 00 08 00 00 88 00 00 98 00 9F 00 09 00 00 00 41 0E 53 56
[ 4668.310s] FRAME (len=12): 0C 00 11 00 00 00 00 00 01 00 61 76
[ 4674.491s] TEXT: '...;.'
[ 4674.491s] TEXT: '.....'
[ 4674.491s] FRAME (len=56): 38 00 11 00 01 00 00 00 01 00 46 81 9E E3 00 1D 00 0F 20 00 10 0B 5E 27 56 8B 00 00 00 00 00 00 61 07 73 62 24 00 08 00 00 88 00 00 98 00 9F 00 09 00 00 00 41 0E 53 56
[ 4674.491s] FRAME (len=12): 0C 00 11 00 00 00 00 00 01 00 61 76
[ 4680.703s] TEXT: '...;.'
[ 4680.703s] TEXT: '.....'
[ 4680.703s] FRAME (len=56): 38 00 11 00 01 00 00 00 01 00 46 81 9E E3 00 1D 00 0F 20 00 10 0B 5E 27 56 8B 00 00 00 00 00 00 61 07 73 62 24 00 08 00 00 88 00 00 98 00 9F 00 09 00 00 00 41 0E 53 56
[ 4680.703s] FRAME (len=12): 0C 00 11 00 00 00 00 00 01 00 61 76
[ 4681.309s] TEXT: '...;.'
[ 4681.309s] FRAME (len=25): 38 00 11 00 01 00 00 00 01 00 00 12 4B 00 38 0D 16 FD 03 00 93 08 5F 27 31
[ 4687.100s] TEXT: '..d.........\n...............+.}....TX failed: 0xc....TX failed: 0xc...;.'
[ 4687.100s] TEXT: '.....'
[ 4687.100s] TEXT: '.....'
[ 4687.100s] FRAME (len=56): 38 00 11 00 01 00 00 00 01 00 46 81 9E E3 00 1D 00 0F 20 00 14 0B 5D 27 56 BB 00 00 00 00 00 00 61 07 73 62 24 00 09 00 00 88 00 00 98 00 9F 00 09 00 00 00 67 0E 9B F9
[ 4687.100s] FRAME (len=12): 0C 00 11 00 00 00 00 00 01 00 61 76
[ 4687.100s] FRAME (len=12): 0C 00 11 00 0B 00 00 00 01 00 C3 B5
[ 4693.125s] TEXT: '...;.'
[ 4693.125s] TEXT: '.....'
[ 4693.125s] FRAME (len=56): 38 00 11 00 01 00 00 00 01 00 46 81 9E E3 00 1D 00 0F 20 00 14 0B 5D 27 56 BB 00 00 00 00 00 00 61 07 73 62 24 00 09 00 00 88 00 00 98 00 9F 00 09 00 00 00 67 0E 9B F9
[ 4693.125s] FRAME (len=12): 0C 00 11 00 00 00 00 00 01 00 61 76
[ 4699.354s] TEXT: '...;.'
[ 4699.354s] TEXT: '.....'
[ 4699.354s] FRAME (len=56): 38 00 11 00 01 00 00 00 01 00 46 81 9E E3 00 1D 00 0F 20 00 14 0B 5D 27 56 BB 00 00 00 00 00 00 61 07 73 62 24 00 09 00 00 88 00 00 98 00 9F 00 09 00 00 00 67 0E 9B F9
[ 4699.354s] FRAME (len=12): 0C 00 11 00 00 00 00 00 01 00 61 76
[ 4705.561s] TEXT: '...;.'
[ 4705.561s] TEXT: '.....'
[ 4705.561s] FRAME (len=56): 38 00 11 00 01 00 00 00 01 00 46 81 9E E3 00 1D 00 0F 20 00 14 0B 5D 27 56 BB 00 00 00 00 00 00 61 07 73 62 24 00 09 00 00 88 00 00 98 00 9F 00 09 00 00 00 67 0E 9B F9
[ 4705.561s] FRAME (len=12): 0C 00 11 00 00 00 00 00 01 00 61 76
[ 4708.034s] TEXT: '...;.'
[ 4708.034s] FRAME (len=56): 38 00 11 00 01 00 00 00 01 00 00 12 4B 00 38 0D 16 FD 03 00 94 08 5F 27 31 79 D4 FF 64 00 EE 02 00 00 00 00 00 00 0A 04 00 00 00 00 00 00 06 01 00 00 00 00 00 00 48 99
[ 4711.966s] TEXT: '....TX succeeded...;.'
[ 4711.966s] TEXT: '.....'
[ 4711.966s] TEXT: '.....'
[ 4711.966s] FRAME (len=56): 38 00 11 00 01 00 00 00 01 00 46 81 9E E3 00 1D 00 0F 20 00 1A 0B 5D 27 56 B3 00 00 00 00 00 00 61 07 73 62 24 00 09 00 00 88 00 00 98 00 9F 00 09 00 00 00 2E 0E 09 60
[ 4711.966s] FRAME (len=12): 0C 00 11 00 00 00 00 00 01 00 61 76
[ 4711.966s] FRAME (len=12): 0C 00 11 00 0B 00 00 00 01 00 C3 B5
[ 4717.993s] TEXT: '...;.'
[ 4717.993s] TEXT: '.....'
[ 4717.993s] FRAME (len=56): 38 00 11 00 01 00 00 00 01 00 46 81 9E E3 00 1D 00 0F 20 00 1A 0B 5D 27 56 B3 00 00 00 00 00 00 61 07 73 62 24 00 09 00 00 88 00 00 98 00 9F 00 09 00 00 00 2E 0E 09 60
[ 4717.993s] FRAME (len=12): 0C 00 11 00 00 00 00 00 01 00 61 76
[ 4724.208s] TEXT: '...;.'
[ 4724.208s] TEXT: '.....'
[ 4724.208s] FRAME (len=56): 38 00 11 00 01 00 00 00 01 00 46 81 9E E3 00 1D 00 0F 20 00 1A 0B 5D 27 56 B3 00 00 00 00 00 00 61 07 73 62 24 00 09 00 00 88 00 00 98 00 9F 00 09 00 00 00 2E 0E 09 60
[ 4724.208s] FRAME (len=12): 0C 00 11 00 00 00 00 00 01 00 61 76
[ 4730.410s] TEXT: '...;.'
[ 4730.410s] TEXT: '.....'
[ 4730.410s] FRAME (len=56): 38 00 11 00 01 00 00 00 01 00 46 81 9E E3 00 1D 00 0F 20 00 1A 0B 5D 27 56 B3 00 00 00 00 00 00 61 07 73 62 24 00 09 00 00 88 00 00 98 00 9F 00 09 00 00 00 2E 0E 09 60
[ 4730.410s] FRAME (len=12): 0C 00 11 00 00 00 00 00 01 00 61 76
[ 4733.748s] TEXT: '...;.'
[ 4733.748s] FRAME (len=56): 38 00 11 00 01 00 00 00 01 00 00 12 4B 00 38 0D 16 FD 03 00 95 08 5F 27 31 15 D4 FF 64 00 EE 02 00 00 00 00 00 00 0A 04 00 00 00 00 00 00 06 01 00 00 00 00 00 00 21 20
[ 4736.850s] TEXT: '....TX succeeded...;.'
[ 4736.850s] TEXT: '.....'
[ 4736.850s] TEXT: '.....'
[ 4736.850s] FRAME (len=56): 38 00 11 00 01 00 00 00 01 00 46 81 9E E3 00 1D 00 0F 20 00 0E 0B 5E 27 56 8F 00 00 00 00 00 00 61 07 73 62 24 00 08 00 00 88 00 00 98 00 9F 00 09 00 00 00 54 0E 46 D3
[ 4736.850s] FRAME (len=12): 0C 00 11 00 00 00 00 00 01 00 61 76
[ 4736.850s] FRAME (len=12): 0C 00 11 00 0B 00 00 00 01 00 C3 B5
[ 4742.839s] TEXT: '...;.'
[ 4742.839s] TEXT: '.....'
[ 4742.839s] FRAME (len=56): 38 00 11 00 01 00 00 00 01 00 46 81 9E E3 00 1D 00 0F 20 00 0E 0B 5E 27 56 8F 00 00 00 00 00 00 61 07 73 62 24 00 08 00 00 88 00 00 98 00 9F 00 09 00 00 00 54 0E 46 D3
[ 4742.839s] FRAME (len=12): 0C 00 11 00 00 00 00 00 01 00 61 76
[ 4749.064s] TEXT: '...;.'
[ 4749.064s] TEXT: '.....'
[ 4749.064s] FRAME (len=56): 38 00 11 00 01 00 00 00 01 00 46 81 9E E3 00 1D 00 0F 20 00 0E 0B 5E 27 56 8F 00 00 00 00 00 00 61 07 73 62 24 00 08 00 00 88 00 00 98 00 9F 00 09 00 00 00 54 0E 46 D3
[ 4749.064s] FRAME (len=12): 0C 00 11 00 00 00 00 00 01 00 61 76
[ 4755.273s] TEXT: '...;.'
[ 4755.273s] TEXT: '.....'
[ 4755.273s] FRAME (len=56): 38 00 11 00 01 00 00 00 01 00 46 81 9E E3 00 1D 00 0F 20 00 0E 0B 5E 27 56 8F 00 00 00 00 00 00 61 07 73 62 24 00 08 00 00 88 00 00 98 00 9F 00 09 00 00 00 54 0E 46 D3
[ 4755.273s] FRAME (len=12): 0C 00 11 00 00 00 00 00 01 00 61 76
[ 4759.420s] TEXT: '...;.'
[ 4759.420s] FRAME (len=56): 38 00 11 00 01 00 00 00 01 00 00 12 4B 00 38 0D 16 FD 03 00 95 08 5F 27 31 1D D4 FF 64 00 EE 02 00 00 00 00 00 00 0A 04 00 00 00 00 00 00 06 01 00 00 00 00 00 00 F6 D7
[ 4761.705s] TEXT: '....TX succeeded...;.'
[ 4761.705s] TEXT: '.....'
[ 4761.705s] TEXT: '.....'
[ 4761.705s] FRAME (len=56): 38 00 11 00 01 00 00 00 01 00 46 81 9E E3 00 1D 00 0F 20 00 05 0B 5E 27 55 AD 00 00 00 00 00 00 61 07 73 62 24 00 08 00 00 88 00 00 98 00 9F 00 09 00 00 00 41 0E D1 3F
[ 4761.705s] FRAME (len=12): 0C 00 11 00 00 00 00 00 01 00 61 76
[ 4761.705s] FRAME (len=12): 0C 00 11 00 0B 00 00 00 01 00 C3 B5
[ 4767.727s] TEXT: '...;.'
[ 4767.727s] TEXT: '.....'
[ 4767.727s] FRAME (len=56): 38 00 11 00 01 00 00 00 01 00 46 81 9E E3 00 1D 00 0F 20 00 05 0B 5E 27 55 AD 00 00 00 00 00 00 61 07 73 62 24 00 08 00 00 88 00 00 98 00 9F 00 09 00 00 00 41 0E D1 3F
[ 4767.727s] FRAME (len=12): 0C 00 11 00 00 00 00 00 01 00 61 76
[ 4773.937s] TEXT: '...;.'
[ 4773.937s] TEXT: '.....'
[ 4773.937s] FRAME (len=56): 38 00 11 00 01 00 00 00 01 00 46 81 9E E3 00 1D 00 0F 20 00 05 0B 5E 27 55 AD 00 00 00 00 00 00 61 07 73 62 24 00 08 00 00 88 00 00 98 00 9F 00 09 00 00 00 41 0E D1 3F
[ 4773.937s] FRAME (len=12): 0C 00 11 00 00 00 00 00 01 00 61 76
[ 4780.149s] TEXT: '...;.'
[ 4780.149s] TEXT: '.....'
[ 4780.149s] FRAME (len=56): 38 00 11 00 01 00 00 00 01 00 46 81 9E E3 00 1D 00 0F 20 00 05 0B 5E 27 55 AD 00 00 00 00 00 00 61 07 73 62 24 00 08 00 00 88 00 00 98 00 9F 00 09 00 00 00 41 0E D1 3F
[ 4780.149s] FRAME (len=12): 0C 00 11 00 00 00 00 00 01 00 61 76
[ 4784.914s] TEXT: '...;.'
[ 4785.121s] FRAME (len=56): 38 00 11 00 01 00 00 00 01 00 00 12 4B 00 38 0D 16 FD 03 00 96 08 5F 27 31 1D D4 FF 64 00 EE 02 00 00 00 00 00 00 0A 04 00 00 00 00 00 00 06 01 00 00 00 00 00 00 B8 63
[ 4786.574s] TEXT: '....TX succeeded...;.'
[ 4786.574s] TEXT: '.....'
[ 4786.574s] TEXT: '.....'
[ 4786.574s] FRAME (len=56): 38 00 11 00 01 00 00 00 01 00 46 81 9E E3 00 1D 00 0F 20 00 07 0B 5E 27 56 8D 00 00 00 00 00 00 61 07 73 62 24 00 08 00 00 88 00 00 98 00 9F 00 09 00 00 00 41 0E A4 E3
[ 4786.574s] FRAME (len=12): 0C 00 11 00 00 00 00 00 01 00 61 76
[ 4786.574s] FRAME (len=12): 0C 00 11 00 0B 00 00 00 01 00 C3 B5
[ 4792.585s] TEXT: '...;.'
[ 4792.585s] TEXT: '.....'
[ 4792.585s] FRAME (len=56): 38 00 11 00 01 00 00 00 01 00 46 81 9E E3 00 1D 00 0F 20 00 07 0B 5E 27 56 8D 00 00 00 00 00 00 61 07 73 62 24 00 08 00 00 88 00 00 98 00 9F 00 09 00 00 00 41 0E A4 E3
[ 4792.585s] FRAME (len=12): 0C 00 11 00 00 00 00 00 01 00 61 76
[ 4798.791s] TEXT: '...;.'
[ 4798.791s] TEXT: '.....'
[ 4798.791s] FRAME (len=56): 38 00 11 00 01 00 00 00 01 00 46 81 9E E3 00 1D 00 0F 20 00 07 0B 5E 27 56 8D 00 00 00 00 00 00 61 07 73 62 24 00 08 00 00 88 00 00 98 00 9F 00 09 00 00 00 41 0E A4 E3
[ 4798.791s] FRAME (len=12): 0C 00 11 00 00 00 00 00 01 00 61 76
[ 4804.996s] TEXT: '...;.'
[ 4805.204s] TEXT: '.....'
[ 4805.204s] FRAME (len=56): 38 00 11 00 01 00 00 00 01 00 46 81 9E E3 00 1D 00 0F 20 00 07 0B 5E 27 56 8D 00 00 00 00 00 00 61 07 73 62 24 00 08 00 00 88 00 00 98 00 9F 00 09 00 00 00 41 0E A4 E3
[ 4805.204s] FRAME (len=12): 0C 00 11 00 00 00 00 00 01 00 61 76
[ 4810.586s] TEXT: '...;.'
[ 4810.787s] FRAME (len=56): 38 00 11 00 01 00 00 00 01 00 00 12 4B 00 38 0D 16 FD 03 00 97 08 60 27 31 11 D4 FF 64 00 EE 02 00 00 00 00 00 00 0A 04 00 00 00 00 00 00 06 01 00 00 00 00 00 00 5E D2
[ 4811.401s] TEXT: '....TX succeeded...;.'
[ 4811.401s] TEXT: '.....'
[ 4811.401s] TEXT: '.....'
[ 4811.401s] FRAME (len=56): 38 00 11 00 01 00 00 00 01 00 46 81 9E E3 00 1D 00 0F 20 00 13 0B 5E 27 56 97 00 00 00 00 00 00 61 07 73 62 24 00 08 00 00 88 00 00 98 00 9F 00 09 00 00 00 2E 0E AA 02
[ 4811.401s] FRAME (len=12): 0C 00 11 00 00 00 00 00 01 00 61 76
[ 4811.401s] FRAME (len=12): 0C 00 11 00 0B 00 00 00 01 00 C3 B5
[ 4817.421s] TEXT: '...;.'
[ 4817.421s] TEXT: '.....'
[ 4817.421s] FRAME (len=56): 38 00 11 00 01 00 00 00 01 00 46 81 9E E3 00 1D 00 0F 20 00 13 0B 5E 27 56 97 00 00 00 00 00 00 61 07 73 62 24 00 08 00 00 88 00 00 98 00 9F 00 09 00 00 00 2E 0E AA 02
[ 4817.421s] FRAME (len=12): 0C 00 11 00 00 00 00 00 01 00 61 76
[ 4823.855s] TEXT: '...;.'
[ 4823.855s] TEXT: '.....'
[ 4823.855s] FRAME (len=56): 38 00 11 00 01 00 00 00 01 00 46 81 9E E3 00 1D 00 0F 20 00 13 0B 5E 27 56 97 00 00 00 00 00 00 61 07 73 62 24 00 08 00 00 88 00 00 98 00 9F 00 09 00 00 00 2E 0E AA 02
[ 4823.855s] FRAME (len=12): 0C 00 11 00 00 00 00 00 01 00 61 76
[ 4830.067s] TEXT: '...;.'
[ 4830.067s] TEXT: '.....'
[ 4830.067s] FRAME (len=56): 38 00 11 00 01 00 00 00 01 00 46 81 9E E3 00 1D 00 0F 20 00 13 0B 5E 27 56 97 00 00 00 00 00 00 61 07 73 62 24 00 08 00 00 88 00 00 98 00 9F 00 09 00 00 00 2E 0E AA 02
[ 4830.067s] FRAME (len=12): 0C 00 11 00 00 00 00 00 01 00 61 76
[ 4836.309s] TEXT: '...;.'
[ 4836.309s] TEXT: '.....'
[ 4836.309s] TEXT: '.....'
[ 4836.309s] FRAME (len=56): 38 00 11 00 01 00 00 00 01 00 46 81 9E E3 00 1D 00 0F 20 00 10 0B 5E 27 56 8B 00 00 00 00 00 00 61 07 73 62 24 00 08 00 00 88 00 00 98 00 9F 00 09 00 00 00 41 0E 53 56
[ 4836.309s] FRAME (len=12): 0C 00 11 00 00 00 00 00 01 00 61 76
[ 4836.309s] FRAME (len=12): 0C 00 11 00 0B 00 00 00 01 00 C3 B5
[ 4837.342s] TEXT: '...;.'
[ 4837.342s] FRAME (len=56): 38 00 11 00 01 00 00 00 01 00 00 12 4B 00 38 0D 16 FD 03 00 98 08 5F 27 31 1D D4 FF 64 00 EE 02 00 00 00 00 00 00 0A 04 00 00 00 00 00 00 06 01 00 00 00 00 00 00 A9 BA
[ 4842.318s] TEXT: '....TX succeeded...;.'
[ 4842.318s] TEXT: '.....'
[ 4842.318s] FRAME (len=56): 38 00 11 00 01 00 00 00 01 00 46 81 9E E3 00 1D 00 0F 20 00 10 0B 5E 27 56 8B 00 00 00 00 00 00 61 07 73 62 24 00 08 00 00 88 00 00 98 00 9F 00 09 00 00 00 41 0E 53 56
[ 4842.318s] FRAME (len=12): 0C 00 11 00 00 00 00 00 01 00 61 76
[ 4848.535s] TEXT: '...;.'
[ 4848.535s] TEXT: '.....'
[ 4848.535s] FRAME (len=56): 38 00 11 00 01 00 00 00 01 00 46 81 9E E3 00 1D 00 0F 20 00 10 0B 5E 27 56 8B 00 00 00 00 00 00 61 07 73 62 24 00 08 00 00 88 00 00 98 00 9F 00 09 00 00 00 41 0E 53 56
[ 4848.535s] FRAME (len=12): 0C 00 11 00 00 00 00 00 01 00 61 76
[ 4854.768s] TEXT: '...;.'
[ 4854.768s] TEXT: '.....'
[ 4854.768s] FRAME (len=56): 38 00 11 00 01 00 00 00 01 00 46 81 9E E3 00 1D 00 0F 20 00 10 0B 5E 27 56 8B 00 00 00 00 00 00 61 07 73 62 24 00 08 00 00 88 00 00 98 00 9F 00 09 00 00 00 41 0E 53 56
[ 4854.768s] FRAME (len=12): 0C 00 11 00 00 00 00 00 01 00 61 76
[ 4861.202s] TEXT: '...;.'
[ 4861.202s] TEXT: '.....'
[ 4861.202s] TEXT: '.....'
[ 4861.202s] FRAME (len=56): 38 00 11 00 01 00 00 00 01 00 46 81 9E E3 00 1D 00 0F 20 00 0F 0B 5E 27 56 9F 00 00 00 00 00 00 61 07 73 62 24 00 08 00 00 88 00 00 98 00 9F 00 09 00 00 00 41 0E 6A 4C
[ 4861.202s] FRAME (len=12): 0C 00 11 00 00 00 00 00 01 00 61 76
[ 4861.202s] FRAME (len=12): 0C 00 11 00 0B 00 00 00 01 00 C3 B5
[ 4863.072s] TEXT: '...;.'
[ 4863.072s] FRAME (len=56): 38 00 11 00 01 00 00 00 01 00 00 12 4B 00 38 0D 16 FD 03 00 99 08 60 27 31 09 D4 FF 64 00 EE 02 00 00 00 00 00 00 0A 04 00 00 00 00 00 00 06 01 00 00 00 00 00 00 17 03
[ 4867.213s] TEXT: '....TX succeeded...;.'
[ 4867.213s] TEXT: '.....'
[ 4867.213s] FRAME (len=56): 38 00 11 00 01 00 00 00 01 00 46 81 9E E3 00 1D 00 0F 20 00 0F 0B 5E 27 56 9F 00 00 00 00 00 00 61 07 73 62 24 00 08 00 00 88 00 00 98 00 9F 00 09 00 00 00 41 0E 6A 4C
[ 4867.213s] FRAME (len=12): 0C 00 11 00 00 00 00 00 01 00 61 76
[ 4873.435s] TEXT: '...;.'
[ 4873.435s] TEXT: '.....'
[ 4873.435s] FRAME (len=56): 38 00 11 00 01 00 00 00 01 00 46 81 9E E3 00 1D 00 0F 20 00 0F 0B 5E 27 56 9F 00 00 00 00 00 00 61 07 73 62 24 00 08 00 00 88 00 00 98 00 9F 00 09 00 00 00 41 0E 6A 4C
[ 4873.435s] FRAME (len=12): 0C 00 11 00 00 00 00 00 01 00 61 76
[ 4879.665s] TEXT: '...;.'
[ 4879.665s] TEXT: '.....'
[ 4879.665s] FRAME (len=56): 38 00 11 00 01 00 00 00 01 00 46 81 9E E3 00 1D 00 0F 20 00 0F 0B 5E 27 56 9F 00 00 00 00 00 00 61 07 73 62 24 00 08 00 00 88 00 00 98 00 9F 00 09 00 00 00 41 0E 6A 4C
[ 4879.665s] FRAME (len=12): 0C 00 11 00 00 00 00 00 01 00 61 76
[ 4886.110s] TEXT: '...;.'
[ 4886.110s] TEXT: '.....'
[ 4886.110s] TEXT: '.....'
[ 4886.110s] FRAME (len=56): 38 00 11 00 01 00 00 00 01 00 46 81 9E E3 00 1D 00 0F 20 00 04 0B 5E 27 56 9F 00 00 00 00 00 00 61 07 73 62 24 00 08 00 00 88 00 00 98 00 9F 00 09 00 00 00 41 0E 88 59
[ 4886.110s] FRAME (len=12): 0C 00 11 00 00 00 00 00 01 00 61 76
[ 4886.110s] FRAME (len=12): 0C 00 11 00 0B 00 00 00 01 00 C3 B5
[ 4888.793s] TEXT: '...;.'
[ 4888.793s] FRAME (len=56): 38 00 11 00 01 00 00 00 01 00 00 12 4B 00 38 0D 16 FD 03 00 99 08 60 27 31 05 D4 FF 64 00 EE 02 00 00 00 00 00 00 0A 04 00 00 00 00 00 00 06 01 00 00 00 00 00 00 3B 07
[ 4892.113s] TEXT: '....TX succeeded...;.'
[ 4892.113s] TEXT: '.....'
[ 4892.113s] FRAME (len=56): 38 00 11 00 01 00 00 00 01 00 46 81 9E E3 00 1D 00 0F 20 00 04 0B 5E 27 56 9F 00 00 00 00 00 00 61 07 73 62 24 00 08 00 00 88 00 00 98 00 9F 00 09 00 00 00 41 0E 88 59
[ 4892.113s] FRAME (len=12): 0C 00 11 00 00 00 00 00 01 00 61 76
[ 4898.334s] TEXT: '...;.'
[ 4898.334s] TEXT: '.....'
[ 4898.334s] FRAME (len=56): 38 00 11 00 01 00 00 00 01 00 46 81 9E E3 00 1D 00 0F 20 00 04 0B 5E 27 56 9F 00 00 00 00 00 00 61 07 73 62 24 00 08 00 00 88 00 00 98 00 9F 00 09 00 00 00 41 0E 88 59
[ 4898.334s] FRAME (len=12): 0C 00 11 00 00 00 00 00 01 00 61 76
[ 4904.551s] TEXT: '...;.'
[ 4904.551s] TEXT: '.....'
[ 4904.551s] FRAME (len=56): 38 00 11 00 01 00 00 00 01 00 46 81 9E E3 00 1D 00 0F 20 00 04 0B 5E 27 56 9F 00 00 00 00 00 00 61 07 73 62 24 00 08 00 00 88 00 00 98 00 9F 00 09 00 00 00 41 0E 88 59
[ 4904.551s] FRAME (len=12): 0C 00 11 00 00 00 00 00 01 00 61 76
[ 4910.976s] TEXT: '...;.'
[ 4910.976s] TEXT: '.....'
[ 4910.976s] TEXT: '.....'
[ 4910.976s] TEXT: '.....'
[ 4910.976s] FRAME (len=56): 38 00 11 00 01 00 00 00 01 00 46 81 9E E3 00 1D 00 0F 20 00 FF 0A 5E 27 56 95 00 00 00 00 00 00 61 07 73 62 24 00 07 00 00 88 00 00 98 00 9F 00 09 00 00 00 2E 0E 46 B6
[ 4910.976s] FRAME (len=16): 10 00 11 00 08 00 00 00 01 00 04 00 00 00 34 99
[ 4910.976s] FRAME (len=12): 0C 00 11 00 00 00 00 00 01 00 61 76
[ 4910.976s] FRAME (len=12): 0C 00 11 00 0B 00 00 00 01 00 C3 B5
[ 4914.293s] TEXT: '...;.'
[ 4914.293s] FRAME (len=56): 38 00 11 00 01 00 00 00 01 00 00 12 4B 00 38 0D 16 FD 03 00 9A 08 5F 27 31 0D D4 FF 64 00 EE 02 00 00 00 00 00 00 0A 04 00 00 00 00 00 00 06 01 00 00 00 00 00 00 4D 6D
[ 4916.980s] TEXT: '....TX succeeded...;.'
[ 4916.980s] TEXT: '.....'
[ 4916.980s] FRAME (len=56): 38 00 11 00 01 00 00 00 01 00 46 81 9E E3 00 1D 00 0F 20 00 FF 0A 5E 27 56 95 00 00 00 00 00 00 61 07 73 62 24 00 07 00 00 88 00 00 98 00 9F 00 09 00 00 00 2E 0E 46 B6
[ 4916.980s] FRAME (len=12): 0C 00 11 00 00 00 00 00 01 00 61 76
[ 4923.200s] TEXT: '...;.'
[ 4923.200s] TEXT: '.....'
[ 4923.200s] FRAME (len=56): 38 00 11 00 01 00 00 00 01 00 46 81 9E E3 00 1D 00 0F 20 00 FF 0A 5E 27 56 95 00 00 00 00 00 00 61 07 73 62 24 00 07 00 00 88 00 00 98 00 9F 00 09 00 00 00 2E 0E 46 B6
[ 4923.200s] FRAME (len=12): 0C 00 11 00 00 00 00 00 01 00 61 76
[ 4929.434s] TEXT: '...;.'
[ 4929.434s] TEXT: '.....'
[ 4929.434s] FRAME (len=56): 38 00 11 00 01 00 00 00 01 00 46 81 9E E3 00 1D 00 0F 20 00 FF 0A 5E 27 56 95 00 00 00 00 00 00 61 07 73 62 24 00 07 00 00 88 00 00 98 00 9F 00 09 00 00 00 2E 0E 46 B6
[ 4929.434s] FRAME (len=12): 0C 00 11 00 00 00 00 00 01 00 61 76
[ 4935.873s] TEXT: '...;.'
[ 4935.873s] TEXT: '.....'
[ 4935.873s] TEXT: '.....'
[ 4935.873s] TEXT: '.....'
[ 4935.873s] FRAME (len=56): 38 00 11 00 01 00 00 00 01 00 46 81 9E E3 00 1D 00 0F 20 00 0E 0B 5E 27 56 A3 00 00 00 00 00 00 61 07 73 62 24 00 08 00 00 88 00 00 98 00 9F 00 09 00 00 00 2E 0E C7 DF
[ 4935.873s] FRAME (len=16): 10 00 11 00 08 00 00 00 01 00 04 00 00 00 34 99
[ 4935.873s] FRAME (len=12): 0C 00 11 00 00 00 00 00 01 00 61 76
[ 4935.873s] FRAME (len=12): 0C 00 11 00 0B 00 00 00 01 00 C3 B5
[ 4940.005s] TEXT: '...;.'
[ 4940.005s] FRAME (len=56): 38 00 11 00 01 00 00 00 01 00 00 12 4B 00 38 0D 16 FD 03 00 9B 08 60 27 31 15 D4 FF 64 00 EE 02 00 00 00 00 00 00 0A 04 00 00 00 00 00 00 06 01 00 00 00 00 00 00 DF D0
[ 4941.876s] TEXT: '....TX succeeded...;.'
[ 4941.876s] TEXT: '.....'
[ 4941.876s] FRAME (len=56): 38 00 11 00 01 00 00 00 01 00 46 81 9E E3 00 1D 00 0F 20 00 0E 0B 5E 27 56 A3 00 00 00 00 00 00 61 07 73 62 24 00 08 00 00 88 00 00 98 00 9F 00 09 00 00 00 2E 0E C7 DF
[ 4941.876s] FRAME (len=12): 0C 00 11 00 00 00 00 00 01 00 61 76
[ 4948.094s] TEXT: '...;.'
[ 4948.094s] TEXT: '.....'
[ 4948.094s] FRAME (len=56): 38 00 11 00 01 00 00 00 01 00 46 81 9E E3 00 1D 00 0F 20 00 0E 0B 5E 27 56 A3 00 00 00 00 00 00 61 07 73 62 24 00 08 00 00 88 00 00 98 00 9F 00 09 00 00 00 2E 0E C7 DF
[ 4948.094s] FRAME (len=12): 0C 00 11 00 00 00 00 00 01 00 61 76
[ 4954.314s] TEXT: '...;.'
[ 4954.314s] TEXT: '.....'
[ 4954.314s] FRAME (len=56): 38 00 11 00 01 00 00 00 01 00 46 81 9E E3 00 1D 00 0F 20 00 0E 0B 5E 27 56 A3 00 00 00 00 00 00 61 07 73 62 24 00 08 00 00 88 00 00 98 00 9F 00 09 00 00 00 2E 0E C7 DF
[ 4954.314s] FRAME (len=12): 0C 00 11 00 00 00 00 00 01 00 61 76
[ 4960.743s] TEXT: '...;.'
[ 4960.743s] TEXT: '.....'
[ 4960.743s] TEXT: '.....'
[ 4960.743s] FRAME (len=56): 38 00 11 00 01 00 00 00 01 00 46 81 9E E3 00 1D 00 0F 20 00 02 0B 5E 27 56 95 00 00 00 00 00 00 61 07 73 62 24 00 07 00 00 88 00 00 98 00 9F 00 09 00 00 00 41 0E 15 5E
[ 4960.743s] FRAME (len=12): 0C 00 11 00 00 00 00 00 01 00 61 76
[ 4960.743s] FRAME (len=12): 0C 00 11 00 0B 00 00 00 01 00 C3 B5
[ 4965.721s] TEXT: '...;.'
[ 4965.721s] FRAME (len=56): 38 00 11 00 01 00 00 00 01 00 00 12 4B 00 38 0D 16 FD 03 00 9C 08 60 27 31 25 D4 FF 64 00 EE 02 00 00 00 00 00 00 0A 04 00 00 00 00 00 00 06 01 00 00 00 00 00 00 F7 24
[ 4966.758s] TEXT: '....TX failed: 0xc....TX failed: 0xc...;.'
[ 4966.758s] TEXT: '.....'
[ 4966.758s] FRAME (len=56): 38 00 11 00 01 00 00 00 01 00 46 81 9E E3 00 1D 00 0F 20 00 02 0B 5E 27 56 95 00 00 00 00 00 00 61 07 73 62 24 00 07 00 00 88 00 00 98 00 9F 00 09 00 00 00 41 0E 15 5E
[ 4966.758s] FRAME (len=12): 0C 00 11 00 00 00 00 00 01 00 61 76
[ 4972.977s] TEXT: '...;.'
[ 4972.977s] TEXT: '.....'
[ 4972.977s] FRAME (len=56): 38 00 11 00 01 00 00 00 01 00 46 81 9E E3 00 1D 00 0F 20 00 02 0B 5E 27 56 95 00 00 00 00 00 00 61 07 73 62 24 00 07 00 00 88 00 00 98 00 9F 00 09 00 00 00 41 0E 15 5E
[ 4972.977s] FRAME (len=12): 0C 00 11 00 00 00 00 00 01 00 61 76
[ 4979.231s] TEXT: '....ERR: Uart overrun error....ERR: Uart unknown error...;.'
[ 4979.231s] TEXT: '.....'
[ 4979.231s] FRAME (len=56): 38 00 11 00 01 00 00 00 01 00 46 81 9E E3 00 1D 00 0F 20 00 02 0B 5E 27 56 95 00 00 00 00 00 00 61 07 73 62 24 00 07 00 00 88 00 00 98 00 9F 00 09 00 00 00 41 0E 15 5E
[ 4979.231s] FRAME (len=12): 0C 00 11 00 00 00 00 00 01 00 61 76
[ 4985.635s] TEXT: '...;.'
[ 4985.635s] TEXT: '.....'
[ 4985.635s] TEXT: '.....'
[ 4985.635s] FRAME (len=56): 38 00 11 00 01 00 00 00 01 00 46 81 9E E3 00 1D 00 0F 20 00 11 0B 5E 27 56 99 00 00 00 00 00 00 61 07 73 62 24 00 07 00 00 88 00 00 98 00 9F 00 09 00 00 00 2E 0E 1A A6
[ 4985.635s] FRAME (len=12): 0C 00 11 00 00 00 00 00 01 00 61 76
[ 4985.635s] FRAME (len=12): 0C 00 11 00 0B 00 00 00 01 00 C3 B5
[ 4991.620s] TEXT: '...;.'
[ 4991.620s] TEXT: '.....'
[ 4991.620s] FRAME (len=56): 38 00 11 00 01 00 00 00 01 00 46 81 9E E3 00 1D 00 0F 20 00 11 0B 5E 27 56 99 00 00 00 00 00 00 61 07 73 62 24 00 07 00 00 88 00 00 98 00 9F 00 09 00 00 00 2E 0E 1A A6
[ 4991.620s] FRAME (len=12): 0C 00 11 00 00 00 00 00 01 00 61 76
[ 4992.447s] TEXT: '...;.'
[ 4992.447s] FRAME (len=56): 38 00 11 00 01 00 00 00 01 00 00 12 4B 00 38 0D 16 FD 03 00 9D 08 60 27 31 21 D4 FF 64 00 EE 02 00 00 00 00 00 00 0A 04 00 00 00 00 00 00 06 01 00 00 00 00 00 00 29 4B
[ 4997.836s] TEXT: '....TX succeeded...;.'
[ 4997.836s] TEXT: '.....'
[ 4997.836s] FRAME (len=56): 38 00 11 00 01 00 00 00 01 00 46 81 9E E3 00 1D 00 0F 20 00 11 0B 5E 27 56 99 00 00 00 00 00 00 61 07 73 62 24 00 07 00 00 88 00 00 98 00 9F 00 09 00 00 00 2E 0E 1A A6
[ 4997.836s] FRAME (len=12): 0C 00 11 00 00 00 00 00 01 00 61 76
[ 5004.043s] TEXT: '...;.'
[ 5004.043s] TEXT: '.....'
[ 5004.043s] FRAME (len=56): 38 00 11 00 01 00 00 00 01 00 46 81 9E E3 00 1D 00 0F 20 00 11 0B 5E 27 56 99 00 00 00 00 00 00 61 07 73 62 24 00 07 00 00 88 00 00 98 00 9F 00 09 00 00 00 2E 0E 1A A6
[ 5004.043s] FRAME (len=12): 0C 00 11 00 00 00 00 00 01 00 61 76
[ 5010.467s] TEXT: '...;.'
[ 5010.467s] TEXT: '.....'
[ 5010.467s] TEXT: '.....'
[ 5010.467s] FRAME (len=56): 38 00 11 00 01 00 00 00 01 00 46 81 9E E3 00 1D 00 0F 20 00 06 0B 5E 27 56 87 00 00 00 00 00 00 61 07 73 62 24 00 07 00 00 88 00 00 98 00 9F 00 09 00 00 00 1B 0E D5 E1
[ 5010.467s] FRAME (len=12): 0C 00 11 00 00 00 00 00 01 00 61 76
[ 5010.467s] FRAME (len=12): 0C 00 11 00 0B 00 00 00 01 00 C3 B5
[ 5016.491s] TEXT: '...;.'
[ 5016.491s] TEXT: '.....'
[ 5016.491s] FRAME (len=56): 38 00 11 00 01 00 00 00 01 00 46 81 9E E3 00 1D 00 0F 20 00 06 0B 5E 27 56 87 00 00 00 00 00 00 61 07 73 62 24 00 07 00 00 88 00 00 98 00 9F 00 09 00 00 00 1B 0E D5 E1
[ 5016.491s] FRAME (len=12): 0C 00 11 00 00 00 00 00 01 00 61 76
[ 5018.151s] TEXT: '...;.'
[ 5018.151s] FRAME (len=56): 38 00 11 00 01 00 00 00 01 00 00 12 4B 00 38 0D 16 FD 03 00 9D 08 60 27 31 15 D4 FF 64 00 EE 02 00 00 00 00 00 00 0A 04 00 00 00 00 00 00 06 01 00 00 00 00 00 00 62 A8
[ 5022.708s] TEXT: '....TX succeeded...;.'
[ 5022.708s] TEXT: '.....'
[ 5022.708s] FRAME (len=56): 38 00 11 00 01 00 00 00 01 00 46 81 9E E3 00 1D 00 0F 20 00 06 0B 5E 27 56 87 00 00 00 00 00 00 61 07 73 62 24 00 07 00 00 88 00 00 98 00 9F 00 09 00 00 00 1B 0E D5 E1
[ 5022.708s] FRAME (len=12): 0C 00 11 00 00 00 00 00 01 00 61 76
[ 5028.918s] TEXT: '...;.'
[ 5028.918s] TEXT: '.....'
[ 5028.918s] FRAME (len=56): 38 00 11 00 01 00 00 00 01 00 46 81 9E E3 00 1D 00 0F 20 00 06 0B 5E 27 56 87 00 00 00 00 00 00 61 07 73 62 24 00 07 00 00 88 00 00 98 00 9F 00 09 00 00 00 1B 0E D5 E1
[ 5028.918s] FRAME (len=12): 0C 00 11 00 00 00 00 00 01 00 61 76
[ 5035.351s] TEXT: '...;.'
[ 5035.351s] TEXT: '.....'
[ 5035.351s] TEXT: '.....'
[ 5035.351s] FRAME (len=56): 38 00 11 00 01 00 00 00 01 00 46 81 9E E3 00 1D 00 0F 20 00 0B 0B 5E 27 56 A7 00 00 00 00 00 00 61 07 73 62 24 00 08 00 00 88 00 00 98 00 9F 00 09 00 00 00 41 0E DB FB
[ 5035.351s] FRAME (len=12): 0C 00 11 00 00 00 00 00 01 00 61 76
[ 5035.351s] FRAME (len=12): 0C 00 11 00 0B 00 00 00 01 00 C3 B5
[ 5041.382s] TEXT: '...;.'
[ 5041.382s] TEXT: '.....'
[ 5041.382s] FRAME (len=56): 38 00 11 00 01 00 00 00 01 00 46 81 9E E3 00 1D 00 0F 20 00 0B 0B 5E 27 56 A7 00 00 00 00 00 00 61 07 73 62 24 00 08 00 00 88 00 00 98 00 9F 00 09 00 00 00 41 0E DB FB
[ 5041.382s] FRAME (len=12): 0C 00 11 00 00 00 00 00 01 00 61 76
[ 5043.843s] TEXT: '...;.'
[ 5043.843s] FRAME (len=56): 38 00 11 00 01 00 00 00 01 00 00 12 4B 00 38 0D 16 FD 03 00 9D 08 5F 27 31 15 D4 FF 64 00 EE 02 00 00 00 00 00 00 0A 04 00 00 00 00 00 00 06 01 00 00 00 00 00 00 8D 81
[ 5047.585s] TEXT: '....TX succeeded...;.'
[ 5047.585s] TEXT: '.....'
[ 5047.585s] FRAME (len=56): 38 00 11 00 01 00 00 00 01 00 46 81 9E E3 00 1D 00 0F 20 00 0B 0B 5E 27 56 A7 00 00 00 00 00 00 61 07 73 62 24 00 08 00 00 88 00 00 98 00 9F 00 09 00 00 00 41 0E DB FB
[ 5047.585s] FRAME (len=12): 0C 00 11 00 00 00 00 00 01 00 61 76
[ 5053.810s] TEXT: '...;.'
[ 5053.810s] TEXT: '.....'
[ 5053.810s] FRAME (len=56): 38 00 11 00 01 00 00 00 01 00 46 81 9E E3 00 1D 00 0F 20 00 0B 0B 5E 27 56 A7 00 00 00 00 00 00 61 07 73 62 24 00 08 00 00 88 00 00 98 00 9F 00 09 00 00 00 41 0E DB FB
[ 5053.810s] FRAME (len=12): 0C 00 11 00 00 00 00 00 01 00 61 76
[ 5060.040s] TEXT: '...;.'
[ 5060.242s] TEXT: '.....'
[ 5060.242s] TEXT: '.....'
[ 5060.242s] FRAME (len=56): 38 00 11 00 01 00 00 00 01 00 46 81 9E E3 00 1D 00 0F 20 00 0A 0B 5E 27 55 A1 00 00 00 00 00 00 61 07 73 62 24 00 07 00 00 88 00 00 98 00 9F 00 09 00 00 00 54 0E 55 FB
[ 5060.242s] FRAME (len=12): 0C 00 11 00 00 00 00 00 01 00 61 76
[ 5060.242s] FRAME (len=12): 0C 00 11 00 0B 00 00 00 01 00 C3 B5
[ 5066.234s] TEXT: '...;.'
[ 5066.234s] TEXT: '.....'
[ 5066.234s] FRAME (len=56): 38 00 11 00 01 00 00 00 01 00 46 81 9E E3 00 1D 00 0F 20 00 0A 0B 5E 27 55 A1 00 00 00 00 00 00 61 07 73 62 24 00 07 00 00 88 00 00 98 00 9F 00 09 00 00 00 54 0E 55 FB
[ 5066.234s] FRAME (len=12): 0C 00 11 00 00 00 00 00 01 00 61 76
[ 5069.349s] TEXT: '...;.'
[ 5069.349s] FRAME (len=56): 38 00 11 00 01 00 00 00 01 00 00 12 4B 00 38 0D 16 FD 03 00 9F 08 60 27 31 05 D4 FF 64 00 EE 02 00 00 00 00 00 00 0A 04 00 00 00 00 00 00 06 01 00 00 00 00 00 00 86 7F
[ 5072.443s] TEXT: '....TX succeeded...;.'
[ 5072.443s] TEXT: '.....'
[ 5072.443s] FRAME (len=56): 38 00 11 00 01 00 00 00 01 00 46 81 9E E3 00 1D 00 0F 20 00 0A 0B 5E 27 55 A1 00 00 00 00 00 00 61 07 73 62 24 00 07 00 00 88 00 00 98 00 9F 00 09 00 00 00 54 0E 55 FB
[ 5072.443s] FRAME (len=12): 0C 00 11 00 00 00 00 00 01 00 61 76
[ 5078.668s] TEXT: '...;.'
[ 5078.668s] TEXT: '.....'
[ 5078.668s] FRAME (len=56): 38 00 11 00 01 00 00 00 01 00 46 81 9E E3 00 1D 00 0F 20 00 0A 0B 5E 27 55 A1 00 00 00 00 00 00 61 07 73 62 24 00 07 00 00 88 00 00 98 00 9F 00 09 00 00 00 54 0E 55 FB
[ 5078.668s] FRAME (len=12): 0C 00 11 00 00 00 00 00 01 00 61 76
[ 5085.084s] TEXT: '...;.'
[ 5085.084s] TEXT: '.....'
[ 5085.084s] TEXT: '.....'
[ 5085.084s] FRAME (len=56): 38 00 11 00 01 00 00 00 01 00 46 81 9E E3 00 1D 00 0F 20 00 06 0B 5E 27 55 A9 00 00 00 00 00 00 61 07 73 62 24 00 07 00 00 88 00 00 98 00 9F 00 09 00 00 00 1B 0E 0A E0
[ 5085.084s] FRAME (len=12): 0C 00 11 00 00 00 00 00 01 00 61 76
[ 5085.084s] FRAME (len=12): 0C 00 11 00 0B 00 00 00 01 00 C3 B5
[ 5091.093s] TEXT: '...;.'
[ 5091.093s] TEXT: '.....'
[ 5091.093s] FRAME (len=56): 38 00 11 00 01 00 00 00 01 00 46 81 9E E3 00 1D 00 0F 20 00 06 0B 5E 27 55 A9 00 00 00 00 00 00 61 07 73 62 24 00 07 00 00 88 00 00 98 00 9F 00 09 00 00 00 1B 0E 0A E0
[ 5091.093s] FRAME (len=12): 0C 00 11 00 00 00 00 00 01 00 61 76
[ 5095.032s] TEXT: '...;.'
[ 5095.032s] FRAME (len=56): 38 00 11 00 01 00 00 00 01 00 00 12 4B 00 38 0D 16 FD 03 00 9F 08 60 27 31 0D D4 FF 64 00 EE 02 00 00 00 00 00 00 0A 04 00 00 00 00 00 00 06 01 00 00 00 00 00 00 51 88
[ 5097.308s] TEXT: '....TX succeeded...;.'
[ 5097.308s] TEXT: '.....'
[ 5097.308s] FRAME (len=56): 38 00 11 00 01 00 00 00 01 00 46 81 9E E3 00 1D 00 0F 20 00 06 0B 5E 27 55 A9 00 00 00 00 00 00 61 07 73 62 24 00 07 00 00 88 00 00 98 00 9F 00 09 00 00 00 1B 0E 0A E0
[ 5097.308s] FRAME (len=12): 0C 00 11 00 00 00 00 00 01 00 61 76
[ 5103.505s] TEXT: '...;.'
[ 5103.505s] FRAME (len=74): 38 00 11 00 01 00 00 00 01 00 46 81 9E E3 00 1D 00 0F 20 00 06 0B 5E 27 55 A9 00 00 00 00 00 00 61 07 73 62 24 00 07 00 00 88 00 00 98 00 9F 00 09 00 00 00 1B 0E 0A E0 9F 27 00 0F 00 7B 0C 00 11 00 00 00 00 00 01 00 61 76
[ 5109.923s] TEXT: '...;.'
[ 5109.923s] TEXT: '.....'
[ 5109.923s] TEXT: '.....'
[ 5109.923s] FRAME (len=56): 38 00 11 00 01 00 00 00 01 00 46 81 9E E3 00 1D 00 0F 20 00 09 0B 5E 27 55 97 00 00 00 00 00 00 61 07 73 62 24 00 07 00 00 88 00 00 98 00 9F 00 09 00 00 00 54 0E BD 5D
[ 5109.923s] FRAME (len=12): 0C 00 11 00 00 00 00 00 01 00 61 76
[ 5109.923s] FRAME (len=12): 0C 00 11 00 0B 00 00 00 01 00 C3 B5
[ 5115.910s] TEXT: '...;.'
[ 5115.910s] TEXT: '.....'
[ 5115.910s] FRAME (len=56): 38 00 11 00 01 00 00 00 01 00 46 81 9E E3 00 1D 00 0F 20 00 09 0B 5E 27 55 97 00 00 00 00 00 00 61 07 73 62 24 00 07 00 00 88 00 00 98 00 9F 00 09 00 00 00 54 0E BD 5D
[ 5115.910s] FRAME (len=12): 0C 00 11 00 00 00 00 00 01 00 61 76
[ 5121.736s] TEXT: '...;.'
[ 5121.736s] FRAME (len=56): 38 00 11 00 01 00 00 00 01 00 00 12 4B 00 38 0D 16 FD 03 00 A1 08 60 27 31 25 D4 FF 64 00 EE 02 00 00 00 00 00 00 0A 04 00 00 00 00 00 00 06 01 00 00 00 00 00 00 23 BC
[ 5122.157s] TEXT: '....TX succeeded...;.'
[ 5122.157s] TEXT: '.....'
[ 5122.157s] FRAME (len=56): 38 00 11 00 01 00 00 00 01 00 46 81 9E E3 00 1D 00 0F 20 00 09 0B 5E 27 55 97 00 00 00 00 00 00 61 07 73 62 24 00 07 00 00 88 00 00 98 00 9F 00 09 00 00 00 54 0E BD 5D
[ 5122.157s] FRAME (len=12): 0C 00 11 00 00 00 00 00 01 00 61 76
[ 5128.363s] TEXT: '...;.'
[ 5128.363s] TEXT: '.....'
[ 5128.363s] FRAME (len=56): 38 00 11 00 01 00 00 00 01 00 46 81 9E E3 00 1D 00 0F 20 00 09 0B 5E 27 55 97 00 00 00 00 00 00 61 07 73 62 24 00 07 00 00 88 00 00 98 00 9F 00 09 00 00 00 54 0E BD 5D
[ 5128.363s] FRAME (len=12): 0C 00 11 00 00 00 00 00 01 00 61 76
[ 5134.776s] TEXT: '....ERR: Uart overrun error....ERR: Uart unknown error...;.'
[ 5134.776s] TEXT: '.....'
[ 5134.776s] TEXT: '.....'
[ 5134.776s] FRAME (len=56): 38 00 11 00 01 00 00 00 01 00 46 81 9E E3 00 1D 00 0F 20 00 0A 0B 5E 27 56 AD 00 00 00 00 00 00 61 07 73 62 24 00 07 00 00 88 00 00 98 00 9F 00 09 00 00 00 41 0E DE 18
[ 5134.776s] FRAME (len=12): 0C 00 11 00 00 00 00 00 01 00 61 76
[ 5134.776s] FRAME (len=12): 0C 00 11 00 0B 00 00 00 01 00 C3 B5
[ 5140.772s] TEXT: '...;.'
[ 5140.772s] TEXT: '.....'
[ 5140.772s] FRAME (len=56): 38 00 11 00 01 00 00 00 01 00 46 81 9E E3 00 1D 00 0F 20 00 0A 0B 5E 27 56 AD 00 00 00 00 00 00 61 07 73 62 24 00 07 00 00 88 00 00 98 00 9F 00 09 00 00 00 41 0E DE 18
[ 5140.772s] FRAME (len=12): 0C 00 11 00 00 00 00 00 01 00 61 76
[ 5146.961s] TEXT: '...;.'
[ 5146.961s] TEXT: '.....'
[ 5146.961s] FRAME (len=56): 38 00 11 00 01 00 00 00 01 00 46 81 9E E3 00 1D 00 0F 20 00 0A 0B 5E 27 56 AD 00 00 00 00 00 00 61 07 73 62 24 00 07 00 00 88 00 00 98 00 9F 00 09 00 00 00 41 0E DE 18
[ 5146.961s] FRAME (len=12): 0C 00 11 00 00 00 00 00 01 00 61 76
[ 5147.375s] TEXT: '...;.'
[ 5147.375s] FRAME (len=56): 38 00 11 00 01 00 00 00 01 00 00 12 4B 00 38 0D 16 FD 03 00 A1 08 60 27 31 29 D4 FF 64 00 EE 02 00 00 00 00 00 00 0A 04 00 00 00 00 00 00 06 01 00 00 00 00 00 00 0F B8
[ 5153.173s] TEXT: '....TX succeeded...;.'
[ 5153.173s] TEXT: '.....'
[ 5153.173s] FRAME (len=56): 38 00 11 00 01 00 00 00 01 00 46 81 9E E3 00 1D 00 0F 20 00 0A 0B 5E 27 56 AD 00 00 00 00 00 00 61 07 73 62 24 00 07 00 00 88 00 00 98 00 9F 00 09 00 00 00 41 0E DE 18
[ 5153.173s] FRAME (len=12): 0C 00 11 00 00 00 00 00 01 00 61 76
[ 5159.588s] TEXT: '...;.'
[ 5159.588s] TEXT: '.....'
[ 5159.588s] TEXT: '.....'
[ 5159.588s] FRAME (len=56): 38 00 11 00 01 00 00 00 01 00 46 81 9E E3 00 1D 00 0F 20 00 11 0B 5E 27 56 99 00 00 00 00 00 00 61 07 73 62 24 00 07 00 00 88 00 00 98 00 9F 00 09 00 00 00 2E 0E 1A A6
[ 5159.588s] FRAME (len=12): 0C 00 11 00 00 00 00 00 01 00 61 76
[ 5159.588s] FRAME (len=12): 0C 00 11 00 0B 00 00 00 01 00 C3 B5
[ 5165.621s] TEXT: '...;.'
[ 5165.621s] TEXT: '.....'
[ 5165.621s] FRAME (len=56): 38 00 11 00 01 00 00 00 01 00 46 81 9E E3 00 1D 00 0F 20 00 11 0B 5E 27 56 99 00 00 00 00 00 00 61 07 73 62 24 00 07 00 00 88 00 00 98 00 9F 00 09 00 00 00 2E 0E 1A A6
[ 5165.621s] FRAME (len=12): 0C 00 11 00 00 00 00 00 01 00 61 76
[ 5171.823s] TEXT: '...;.'
[ 5171.823s] TEXT: '.....'
[ 5171.823s] FRAME (len=56): 38 00 11 00 01 00 00 00 01 00 46 81 9E E3 00 1D 00 0F 20 00 11 0B 5E 27 56 99 00 00 00 00 00 00 61 07 73 62 24 00 07 00 00 88 00 00 98 00 9F 00 09 00 00 00 2E 0E 1A A6
[ 5171.823s] FRAME (len=12): 0C 00 11 00 00 00 00 00 01 00 61 76
[ 5173.058s] TEXT: '...;.'
[ 5173.058s] FRAME (len=56): 38 00 11 00 01 00 00 00 01 00 00 12 4B 00 38 0D 16 FD 03 00 A1 08 5F 27 31 15 D4 FF 64 00 EE 02 00 00 00 00 00 00 0A 04 00 00 00 00 00 00 06 01 00 00 00 00 00 00 7C 85
[ 5178.020s] TEXT: '....TX succeeded...;.'
[ 5178.020s] FRAME (len=56): 38 00 11 00 01 00 00 00 01 00 46 81 9E E3 00 1D 00 0F 20 00 11 0B 5E 27 56 99 00 00 00 00 00 00 61 07 73 62 24 00 07 00 00 88 00 00 98 00 9F 00 09 00 00 00 2E 0E 1A A6
[ 5178.230s] TEXT: '.....'
[ 5178.230s] FRAME (len=12): 0C 00 11 00 00 00 00 00 01 00 61 76
[ 5184.438s] TEXT: '...;.'
[ 5184.438s] TEXT: '.....'
[ 5184.438s] TEXT: '.....'
[ 5184.438s] FRAME (len=56): 38 00 11 00 01 00 00 00 01 00 46 81 9E E3 00 1D 00 0F 20 00 09 0B 5E 27 56 9F 00 00 00 00 00 00 61 07 73 62 24 00 07 00 00 88 00 00 98 00 9F 00 09 00 00 00 41 0E CD 4D
[ 5184.438s] FRAME (len=12): 0C 00 11 00 00 00 00 00 01 00 61 76
[ 5184.438s] FRAME (len=12): 0C 00 11 00 0B 00 00 00 01 00 C3 B5
[ 5190.647s] TEXT: '...;.'
[ 5190.647s] TEXT: '.....'
[ 5190.647s] FRAME (len=56): 38 00 11 00 01 00 00 00 01 00 46 81 9E E3 00 1D 00 0F 20 00 09 0B 5E 27 56 9F 00 00 00 00 00 00 61 07 73 62 24 00 07 00 00 88 00 00 98 00 9F 00 09 00 00 00 41 0E CD 4D
[ 5190.647s] FRAME (len=12): 0C 00 11 00 00 00 00 00 01 00 61 76
[ 5196.863s] TEXT: '...;.'
[ 5196.863s] TEXT: '.....'
[ 5196.863s] FRAME (len=56): 38 00 11 00 01 00 00 00 01 00 46 81 9E E3 00 1D 00 0F 20 00 09 0B 5E 27 56 9F 00 00 00 00 00 00 61 07 73 62 24 00 07 00 00 88 00 00 98 00 9F 00 09 00 00 00 41 0E CD 4D
[ 5196.863s] FRAME (len=12): 0C 00 11 00 00 00 00 00 01 00 61 76
[ 5198.732s] TEXT: '...;.'
[ 5198.732s] FRAME (len=56): 38 00 11 00 01 00 00 00 01 00 00 12 4B 00 38 0D 16 FD 03 00 A2 08 60 27 31 1D D4 FF 64 00 EE 02 00 00 00 00 00 00 0A 04 00 00 00 00 00 00 06 01 00 00 00 00 00 00 0A EF
[ 5202.850s] TEXT: '....TX succeeded...;.'
[ 5203.060s] TEXT: '.....'
[ 5203.060s] FRAME (len=56): 38 00 11 00 01 00 00 00 01 00 46 81 9E E3 00 1D 00 0F 20 00 09 0B 5E 27 56 9F 00 00 00 00 00 00 61 07 73 62 24 00 07 00 00 88 00 00 98 00 9F 00 09 00 00 00 41 0E CD 4D
[ 5203.060s] FRAME (len=12): 0C 00 11 00 00 00 00 00 01 00 61 76
[ 5209.255s] TEXT: '...;.'
[ 5209.255s] TEXT: '.....'
[ 5209.255s] TEXT: '.....'
[ 5209.255s] FRAME (len=56): 38 00 11 00 01 00 00 00 01 00 46 81 9E E3 00 1D 00 0F 20 00 13 0B 5E 27 56 8F 00 00 00 00 00 00 61 07 73 62 24 00 07 00 00 88 00 00 98 00 9F 00 09 00 00 00 41 0E FC 68
[ 5209.255s] FRAME (len=12): 0C 00 11 00 00 00 00 00 01 00 61 76
[ 5209.255s] FRAME (len=12): 0C 00 11 00 0B 00 00 00 01 00 C3 B5
[ 5215.497s] TEXT: '...;.'
[ 5215.497s] TEXT: '.....'
[ 5215.497s] FRAME (len=56): 38 00 11 00 01 00 00 00 01 00 46 81 9E E3 00 1D 00 0F 20 00 13 0B 5E 27 56 8F 00 00 00 00 00 00 61 07 73 62 24 00 07 00 00 88 00 00 98 00 9F 00 09 00 00 00 41 0E FC 68
[ 5215.497s] FRAME (len=12): 0C 00 11 00 00 00 00 00 01 00 61 76
[ 5221.704s] TEXT: '...;.'
[ 5221.704s] TEXT: '.....'
[ 5221.704s] FRAME (len=56): 38 00 11 00 01 00 00 00 01 00 46 81 9E E3 00 1D 00 0F 20 00 13 0B 5E 27 56 8F 00 00 00 00 00 00 61 07 73 62 24 00 07 00 00 88 00 00 98 00 9F 00 09 00 00 00 41 0E FC 68
[ 5221.704s] FRAME (len=12): 0C 00 11 00 00 00 00 00 01 00 61 76
[ 5224.397s] TEXT: '...;.'
[ 5224.397s] FRAME (len=56): 38 00 11 00 01 00 00 00 01 00 00 12 4B 00 38 0D 16 FD 03 00 A3 08 60 27 31 0D D4 FF 64 00 EE 02 00 00 00 00 00 00 0A 04 00 00 00 00 00 00 06 01 00 00 00 00 00 00 A0 8C
[ 5227.913s] TEXT: '....TX succeeded...;.'
[ 5227.913s] TEXT: '.....'
[ 5227.913s] FRAME (len=56): 38 00 11 00 01 00 00 00 01 00 46 81 9E E3 00 1D 00 0F 20 00 13 0B 5E 27 56 8F 00 00 00 00 00 00 61 07 73 62 24 00 07 00 00 88 00 00 98 00 9F 00 09 00 00 00 41 0E FC 68
[ 5227.913s] FRAME (len=12): 0C 00 11 00 00 00 00 00 01 00 61 76
[ 5234.113s] TEXT: '...;.'
[ 5234.113s] TEXT: '.....'
[ 5234.113s] TEXT: '.....'
[ 5234.113s] FRAME (len=56): 38 00 11 00 01 00 00 00 01 00 46 81 9E E3 00 1D 00 0F 20 00 0B 0B 5E 27 56 A1 00 00 00 00 00 00 61 07 73 62 24 00 07 00 00 88 00 00 98 00 9F 00 09 00 00 00 41 0E D7 80
[ 5234.113s] FRAME (len=12): 0C 00 11 00 00 00 00 00 01 00 61 76
[ 5234.113s] FRAME (len=12): 0C 00 11 00 0B 00 00 00 01 00 C3 B5
[ 5240.289s] TEXT: '...;.'
[ 5240.289s] TEXT: '.....'
[ 5240.289s] FRAME (len=56): 38 00 11 00 01 00 00 00 01 00 46 81 9E E3 00 1D 00 0F 20 00 0B 0B 5E 27 56 A1 00 00 00 00 00 00 61 07 73 62 24 00 07 00 00 88 00 00 98 00 9F 00 09 00 00 00 41 0E D7 80
[ 5240.289s] FRAME (len=12): 0C 00 11 00 00 00 00 00 01 00 61 76
[ 5246.508s] TEXT: '...;.'
[ 5246.508s] TEXT: '.....'
[ 5246.508s] FRAME (len=56): 38 00 11 00 01 00 00 00 01 00 46 81 9E E3 00 1D 00 0F 20 00 0B 0B 5E 27 56 A1 00 00 00 00 00 00 61 07 73 62 24 00 07 00 00 88 00 00 98 00 9F 00 09 00 00 00 41 0E D7 80
[ 5246.508s] FRAME (len=12): 0C 00 11 00 00 00 00 00 01 00 61 76
[ 5250.230s] TEXT: '...;.'
[ 5250.230s] FRAME (len=56): 38 00 11 00 01 00 00 00 01 00 00 12 4B 00 38 0D 16 FD 03 00 A4 08 60 27 31 29 D4 FF 64 00 EE 02 00 00 00 00 00 00 0A 04 00 00 00 00 00 00 06 01 00 00 00 00 00 00 FC 74
[ 5252.728s] TEXT: '....TX failed: 0xc....TX failed: 0xc...;.'
[ 5252.728s] TEXT: '.....'
[ 5252.728s] FRAME (len=56): 38 00 11 00 01 00 00 00 01 00 46 81 9E E3 00 1D 00 0F 20 00 0B 0B 5E 27 56 A1 00 00 00 00 00 00 61 07 73 62 24 00 07 00 00 88 00 00 98 00 9F 00 09 00 00 00 41 0E D7 80
[ 5252.728s] FRAME (len=12): 0C 00 11 00 00 00 00 00 01 00 61 76
[ 5259.123s] TEXT: '...;.'
[ 5259.123s] TEXT: '.....'
[ 5259.123s] TEXT: '.....'
[ 5259.123s] FRAME (len=56): 38 00 11 00 01 00 00 00 01 00 46 81 9E E3 00 1D 00 0F 20 00 0A 0B 5E 27 55 A9 00 00 00 00 00 00 61 07 73 62 24 00 07 00 00 88 00 00 98 00 9F 00 09 00 00 00 41 0E 04 F0
[ 5259.123s] FRAME (len=12): 0C 00 11 00 00 00 00 00 01 00 61 76
[ 5259.123s] FRAME (len=12): 0C 00 11 00 0B 00 00 00 01 00 C3 B5
[ 5265.097s] TEXT: '...;.'
[ 5265.097s] TEXT: '.....'
[ 5265.097s] FRAME (len=56): 38 00 11 00 01 00 00 00 01 00 46 81 9E E3 00 1D 00 0F 20 00 0A 0B 5E 27 55 A9 00 00 00 00 00 00 61 07 73 62 24 00 07 00 00 88 00 00 98 00 9F 00 09 00 00 00 41 0E 04 F0
[ 5265.097s] FRAME (len=12): 0C 00 11 00 00 00 00 00 01 00 61 76
[ 5271.285s] TEXT: '...;.'
[ 5271.492s] TEXT: '.....'
[ 5271.492s] FRAME (len=56): 38 00 11 00 01 00 00 00 01 00 46 81 9E E3 00 1D 00 0F 20 00 0A 0B 5E 27 55 A9 00 00 00 00 00 00 61 07 73 62 24 00 07 00 00 88 00 00 98 00 9F 00 09 00 00 00 41 0E 04 F0
[ 5271.492s] FRAME (len=12): 0C 00 11 00 00 00 00 00 01 00 61 76
[ 5276.847s] TEXT: '...;.'
[ 5276.847s] FRAME (len=56): 38 00 11 00 01 00 00 00 01 00 00 12 4B 00 38 0D 16 FD 03 00 A4 08 60 27 31 19 D4 FF 64 00 EE 02 00 00 00 00 00 00 0A 04 00 00 00 00 00 00 06 01 00 00 00 00 00 00 4C 64
[ 5277.459s] TEXT: '....TX succeeded...;.'
[ 5277.459s] FRAME (len=56): 38 00 11 00 01 00 00 00 01 00 46 81 9E E3 00 1D 00 0F 20 00 0A 0B 5E 27 55 A9 00 00 00 00 00 00 61 07 73 62 24 00 07 00 00 88 00 00 98 00 9F 00 09 00 00 00 41 0E 04 F0
[ 5277.669s] TEXT: '.....'
[ 5277.669s] FRAME (len=12): 0C 00 11 00 00 00 00 00 01 00 61 76
[ 5283.880s] TEXT: '...;.'
[ 5283.880s] TEXT: '.....'
[ 5283.880s] TEXT: '.....'
[ 5283.880s] FRAME (len=56): 38 00 11 00 01 00 00 00 01 00 46 81 9E E3 00 1D 00 0F 20 00 12 0B 5E 27 56 A5 00 00 00 00 00 00 61 07 73 62 24 00 07 00 00 88 00 00 98 00 9F 00 09 00 00 00 67 0E 9C B1
[ 5283.880s] FRAME (len=12): 0C 00 11 00 00 00 00 00 01 00 61 76
[ 5283.880s] FRAME (len=12): 0C 00 11 00 0B 00 00 00 01 00 C3 B5
[ 5290.092s] TEXT: '...;.'
[ 5290.092s] TEXT: '.....'
[ 5290.092s] FRAME (len=56): 38 00 11 00 01 00 00 00 01 00 46 81 9E E3 00 1D 00 0F 20 00 12 0B 5E 27 56 A5 00 00 00 00 00 00 61 07 73 62 24 00 07 00 00 88 00 00 98 00 9F 00 09 00 00 00 67 0E 9C B1
[ 5290.092s] FRAME (len=12): 0C 00 11 00 00 00 00 00 01 00 61 76
[ 5296.308s] TEXT: '...;.'
[ 5296.308s] TEXT: '.....'
[ 5296.308s] FRAME (len=56): 38 00 11 00 01 00 00 00 01 00 46 81 9E E3 00 1D 00 0F 20 00 12 0B 5E 27 56 A5 00 00 00 00 00 00 61 07 73 62 24 00 07 00 00 88 00 00 98 00 9F 00 09 00 00 00 67 0E 9C B1
[ 5296.308s] FRAME (len=12): 0C 00 11 00 00 00 00 00 01 00 61 76
[ 5302.493s] TEXT: '...;.'
[ 5302.493s] TEXT: '...;.'
[ 5302.493s] TEXT: '....TX succeeded.....'
[ 5302.493s] FRAME (len=56): 38 00 11 00 01 00 00 00 01 00 46 81 9E E3 00 1D 00 0F 20 00 12 0B 5E 27 56 A5 00 00 00 00 00 00 61 07 73 62 24 00 07 00 00 88 00 00 98 00 9F 00 09 00 00 00 67 0E 9C B1
[ 5302.493s] FRAME (len=56): 38 00 11 00 01 00 00 00 01 00 00 12 4B 00 38 0D 16 FD 03 00 A5 08 60 27 31 41 D4 FF 64 00 EE 02 00 00 00 00 00 00 0A 04 00 00 00 00 00 00 06 01 00 00 00 00 00 00 6E 3E
[ 5302.493s] FRAME (len=12): 0C 00 11 00 00 00 00 00 01 00 61 76
[ 5308.683s] TEXT: '...;.'
[ 5308.683s] FRAME (len=56): 38 00 11 00 01 00 00 00 01 00 46 81 9E E3 00 1D 00 0F 20 00 0F 0B 5E 27 56 AD 00 00 00 00 00 00 61 07 73 62 24 00 07 00 00 88 00 00 98 00 9F 00 09 00 00 00 41 0E 2D D4
[ 5308.892s] TEXT: '.....'
[ 5308.892s] TEXT: '.....'
[ 5308.892s] FRAME (len=12): 0C 00 11 00 00 00 00 00 01 00 61 76
[ 5308.892s] FRAME (len=12): 0C 00 11 00 0B 00 00 00 01 00 C3 B5
[ 5314.893s] TEXT: '...;.'
[ 5314.893s] TEXT: '.....'
[ 5314.893s] FRAME (len=56): 38 00 11 00 01 00 00 00 01 00 46 81 9E E3 00 1D 00 0F 20 00 0F 0B 5E 27 56 AD 00 00 00 00 00 00 61 07 73 62 24 00 07 00 00 88 00 00 98 00 9F 00 09 00 00 00 41 0E 2D D4
[ 5314.893s] FRAME (len=12): 0C 00 11 00 00 00 00 00 01 00 61 76
[ 5321.116s] TEXT: '...;.'
[ 5321.116s] TEXT: '.....'
[ 5321.116s] FRAME (len=56): 38 00 11 00 01 00 00 00 01 00 46 81 9E E3 00 1D 00 0F 20 00 0F 0B 5E 27 56 AD 00 00 00 00 00 00 61 07 73 62 24 00 07 00 00 88 00 00 98 00 9F 00 09 00 00 00 41 0E 2D D4
[ 5321.116s] FRAME (len=12): 0C 00 11 00 00 00 00 00 01 00 61 76
[ 5327.305s] TEXT: '...;.'
[ 5327.305s] TEXT: '.....'
[ 5327.305s] FRAME (len=56): 38 00 11 00 01 00 00 00 01 00 46 81 9E E3 00 1D 00 0F 20 00 0F 0B 5E 27 56 AD 00 00 00 00 00 00 61 07 73 62 24 00 07 00 00 88 00 00 98 00 9F 00 09 00 00 00 41 0E 2D D4
[ 5327.305s] FRAME (len=12): 0C 00 11 00 00 00 00 00 01 00 61 76
[ 5328.132s] TEXT: '...;.'
[ 5328.132s] FRAME (len=56): 38 00 11 00 01 00 00 00 01 00 00 12 4B 00 38 0D 16 FD 03 00 A5 08 60 27 31 25 D4 FF 64 00 EE 02 00 00 00 00 00 00 0A 04 00 00 00 00 00 00 06 01 00 00 00 00 00 00 F5 EC
[ 5333.679s] TEXT: '....TX succeeded...;.'
[ 5333.679s] TEXT: '.....'
[ 5333.679s] TEXT: '.....'
[ 5333.679s] FRAME (len=56): 38 00 11 00 01 00 00 00 01 00 46 81 9E E3 00 1D 00 0F 20 00 15 0B 5E 27 56 A5 00 00 00 00 00 00 61 07 73 62 24 00 07 00 00 88 00 00 98 00 9F 00 09 00 00 00 41 0E 44 F9
[ 5333.679s] FRAME (len=12): 0C 00 11 00 00 00 00 00 01 00 61 76
[ 5333.679s] FRAME (len=12): 0C 00 11 00 0B 00 00 00 01 00 C3 B5
[ 5339.668s] TEXT: '...;.'
[ 5339.668s] TEXT: '.....'
[ 5339.668s] FRAME (len=56): 38 00 11 00 01 00 00 00 01 00 46 81 9E E3 00 1D 00 0F 20 00 15 0B 5E 27 56 A5 00 00 00 00 00 00 61 07 73 62 24 00 07 00 00 88 00 00 98 00 9F 00 09 00 00 00 41 0E 44 F9
[ 5339.668s] FRAME (len=12): 0C 00 11 00 00 00 00 00 01 00 61 76
[ 5346.093s] TEXT: '...;.'
[ 5346.093s] TEXT: '.....'
[ 5346.093s] FRAME (len=56): 38 00 11 00 01 00 00 00 01 00 46 81 9E E3 00 1D 00 0F 20 00 15 0B 5E 27 56 A5 00 00 00 00 00 00 61 07 73 62 24 00 07 00 00 88 00 00 98 00 9F 00 09 00 00 00 41 0E 44 F9
[ 5346.093s] FRAME (len=12): 0C 00 11 00 00 00 00 00 01 00 61 76
[ 5352.308s] TEXT: '...;.'
[ 5352.308s] TEXT: '.....'
[ 5352.308s] FRAME (len=56): 38 00 11 00 01 00 00 00 01 00 46 81 9E E3 00 1D 00 0F 20 00 15 0B 5E 27 56 A5 00 00 00 00 00 00 61 07 73 62 24 00 07 00 00 88 00 00 98 00 9F 00 09 00 00 00 41 0E 44 F9
[ 5352.308s] FRAME (len=12): 0C 00 11 00 00 00 00 00 01 00 61 76
[ 5353.756s] TEXT: '...;.'
[ 5353.756s] FRAME (len=56): 38 00 11 00 01 00 00 00 01 00 00 12 4B 00 38 0D 16 FD 03 00 A6 08 60 27 31 39 D4 FF 64 00 EE 02 00 00 00 00 00 00 0A 04 00 00 00 00 00 00 06 01 00 00 00 00 00 00 18 A3
[ 5358.545s] TEXT: '....TX succeeded...;.'
[ 5358.545s] TEXT: '.....'
[ 5358.545s] TEXT: '.....'
[ 5358.545s] FRAME (len=56): 38 00 11 00 01 00 00 00 01 00 46 81 9E E3 00 1D 00 0F 20 00 17 0B 5E 27 56 8B 00 00 00 00 00 00 61 07 73 62 24 00 07 00 00 88 00 00 98 00 9F 00 09 00 00 00 2E 0E C5 D0
[ 5358.545s] FRAME (len=12): 0C 00 11 00 00 00 00 00 01 00 61 76
[ 5358.545s] FRAME (len=12): 0C 00 11 00 0B 00 00 00 01 00 C3 B5
[ 5364.551s] TEXT: '...;.'
[ 5364.551s] TEXT: '.....'
[ 5364.551s] FRAME (len=56): 38 00 11 00 01 00 00 00 01 00 46 81 9E E3 00 1D 00 0F 20 00 17 0B 5E 27 56 8B 00 00 00 00 00 00 61 07 73 62 24 00 07 00 00 88 00 00 98 00 9F 00 09 00 00 00 2E 0E C5 D0
[ 5364.551s] FRAME (len=12): 0C 00 11 00 00 00 00 00 01 00 61 76
[ 5370.971s] TEXT: '...;.'
[ 5370.971s] TEXT: '.....'
[ 5370.971s] FRAME (len=56): 38 00 11 00 01 00 00 00 01 00 46 81 9E E3 00 1D 00 0F 20 00 17 0B 5E 27 56 8B 00 00 00 00 00 00 61 07 73 62 24 00 07 00 00 88 00 00 98 00 9F 00 09 00 00 00 2E 0E C5 D0
[ 5370.971s] FRAME (len=12): 0C 00 11 00 00 00 00 00 01 00 61 76
[ 5377.163s] TEXT: '...;.'
[ 5377.163s] TEXT: '.....'
[ 5377.163s] FRAME (len=56): 38 00 11 00 01 00 00 00 01 00 46 81 9E E3 00 1D 00 0F 20 00 17 0B 5E 27 56 8B 00 00 00 00 00 00 61 07 73 62 24 00 07 00 00 88 00 00 98 00 9F 00 09 00 00 00 2E 0E C5 D0
[ 5377.163s] FRAME (len=12): 0C 00 11 00 00 00 00 00 01 00 61 76
[ 5379.432s] TEXT: '...;.'
[ 5379.432s] FRAME (len=56): 38 00 11 00 01 00 00 00 01 00 00 12 4B 00 38 0D 16 FD 03 00 A7 08 60 27 31 31 D4 FF 64 00 EE 02 00 00 00 00 00 00 0A 04 00 00 00 00 00 00 06 01 00 00 00 00 00 00 EA C8
[ 5383.368s] TEXT: '....TX succeeded...;.'
[ 5383.368s] TEXT: '.....'
[ 5383.368s] TEXT: '.....'
[ 5383.368s] FRAME (len=56): 38 00 11 00 01 00 00 00 01 00 46 81 9E E3 00 1D 00 0F 20 00 0D 0B 5E 27 56 A5 00 00 00 00 00 00 61 07 73 62 24 00 07 00 00 88 00 00 98 00 9F 00 09 00 00 00 41 0E 91 0B
[ 5383.368s] FRAME (len=12): 0C 00 11 00 00 00 00 00 01 00 61 76
[ 5383.368s] FRAME (len=12): 0C 00 11 00 0B 00 00 00 01 00 C3 B5
[ 5389.370s] TEXT: '...;.'
[ 5389.576s] TEXT: '.....'
[ 5389.576s] FRAME (len=56): 38 00 11 00 01 00 00 00 01 00 46 81 9E E3 00 1D 00 0F 20 00 0D 0B 5E 27 56 A5 00 00 00 00 00 00 61 07 73 62 24 00 07 00 00 88 00 00 98 00 9F 00 09 00 00 00 41 0E 91 0B
[ 5389.576s] FRAME (len=12): 0C 00 11 00 00 00 00 00 01 00 61 76
[ 5395.796s] TEXT: '...;.'
[ 5395.796s] TEXT: '.....'
[ 5395.796s] FRAME (len=56): 38 00 11 00 01 00 00 00 01 00 46 81 9E E3 00 1D 00 0F 20 00 0D 0B 5E 27 56 A5 00 00 00 00 00 00 61 07 73 62 24 00 07 00 00 88 00 00 98 00 9F 00 09 00 00 00 41 0E 91 0B
[ 5395.796s] FRAME (len=12): 0C 00 11 00 00 00 00 00 01 00 61 76
[ 5402.002s] TEXT: '...;.'
[ 5402.002s] TEXT: '.....'
[ 5402.002s] FRAME (len=56): 38 00 11 00 01 00 00 00 01 00 46 81 9E E3 00 1D 00 0F 20 00 0D 0B 5E 27 56 A5 00 00 00 00 00 00 61 07 73 62 24 00 07 00 00 88 00 00 98 00 9F 00 09 00 00 00 41 0E 91 0B
[ 5402.002s] FRAME (len=12): 0C 00 11 00 00 00 00 00 01 00 61 76
[ 5406.141s] TEXT: '...;.'
[ 5406.141s] FRAME (len=56): 38 00 11 00 01 00 00 00 01 00 00 12 4B 00 38 0D 16 FD 03 00 A7 08 60 27 31 21 D4 FF 64 00 EE 02 00 00 00 00 00 00 0A 04 00 00 00 00 00 00 06 01 00 00 00 00 00 00 65 37
[ 5408.213s] TEXT: '....TX succeeded...;.'
[ 5408.213s] TEXT: '.....'
[ 5408.213s] TEXT: '.....'
[ 5408.213s] FRAME (len=56): 38 00 11 00 01 00 00 00 01 00 46 81 9E E3 00 1D 00 0F 20 00 06 0B 5E 27 56 A9 00 00 00 00 00 00 61 07 73 62 24 00 07 00 00 88 00 00 98 00 9F 00 09 00 00 00 41 0E 5F 1A
[ 5408.213s] FRAME (len=12): 0C 00 11 00 00 00 00 00 01 00 61 76
[ 5408.213s] FRAME (len=12): 0C 00 11 00 0B 00 00 00 01 00 C3 B5
[ 5414.426s] TEXT: '...;.'
[ 5414.426s] TEXT: '.....'
[ 5414.426s] FRAME (len=56): 38 00 11 00 01 00 00 00 01 00 46 81 9E E3 00 1D 00 0F 20 00 06 0B 5E 27 56 A9 00 00 00 00 00 00 61 07 73 62 24 00 07 00 00 88 00 00 98 00 9F 00 09 00 00 00 41 0E 5F 1A
[ 5414.426s] FRAME (len=12): 0C 00 11 00 00 00 00 00 01 00 61 76
[ 5420.634s] TEXT: '...;.'
[ 5420.634s] TEXT: '.....'
[ 5420.634s] FRAME (len=56): 38 00 11 00 01 00 00 00 01 00 46 81 9E E3 00 1D 00 0F 20 00 06 0B 5E 27 56 A9 00 00 00 00 00 00 61 07 73 62 24 00 07 00 00 88 00 00 98 00 9F 00 09 00 00 00 41 0E 5F 1A
[ 5420.634s] FRAME (len=12): 0C 00 11 00 00 00 00 00 01 00 61 76
[ 5426.858s] TEXT: '...;.'
[ 5426.858s] TEXT: '.....'
[ 5426.858s] FRAME (len=56): 38 00 11 00 01 00 00 00 01 00 46 81 9E E3 00 1D 00 0F 20 00 06 0B 5E 27 56 A9 00 00 00 00 00 00 61 07 73 62 24 00 07 00 00 88 00 00 98 00 9F 00 09 00 00 00 41 0E 5F 1A
[ 5426.858s] FRAME (len=12): 0C 00 11 00 00 00 00 00 01 00 61 76
[ 5431.823s] TEXT: '...;.'
[ 5431.823s] FRAME (len=56): 38 00 11 00 01 00 00 00 01 00 00 12 4B 00 38 0D 16 FD 03 00 A8 08 60 27 31 35 D4 FF 64 00 EE 02 00 00 00 00 00 00 0A 04 00 00 00 00 00 00 06 01 00 00 00 00 00 00 25 7E
[ 5433.075s] TEXT: '....TX succeeded...;.'
[ 5433.075s] FRAME (len=56): 38 00 11 00 01 00 00 00 01 00 46 81 9E E3 00 1D 00 0F 20 00 12 0B 5E 27 56 A3 00 00 00 00 00 00 61 07 73 62 24 00 06 00 00 88 00 00 98 00 9F 00 09 00 00 00 2E 0E FA AC
[ 5433.285s] TEXT: '.....'
[ 5433.285s] TEXT: '.....'
[ 5433.285s] FRAME (len=12): 0C 00 11 00 00 00 00 00 01 00 61 76
[ 5433.285s] FRAME (len=12): 0C 00 11 00 0B 00 00 00 01 00 C3 B5
[ 5439.292s] TEXT: '...;.'
[ 5439.292s] TEXT: '.....'
[ 5439.292s] FRAME (len=56): 38 00 11 00 01 00 00 00 01 00 46 81 9E E3 00 1D 00 0F 20 00 12 0B 5E 27 56 A3 00 00 00 00 00 00 61 07 73 62 24 00 06 00 00 88 00 00 98 00 9F 00 09 00 00 00 2E 0E FA AC
[ 5439.292s] FRAME (len=12): 0C 00 11 00 00 00 00 00 01 00 61 76
[ 5445.515s] TEXT: '...;.'
[ 5445.515s] TEXT: '.....'
[ 5445.515s] FRAME (len=56): 38 00 11 00 01 00 00 00 01 00 46 81 9E E3 00 1D 00 0F 20 00 12 0B 5E 27 56 A3 00 00 00 00 00 00 61 07 73 62 24 00 06 00 00 88 00 00 98 00 9F 00 09 00 00 00 2E 0E FA AC
[ 5445.515s] FRAME (len=12): 0C 00 11 00 00 00 00 00 01 00 61 76
[ 5451.725s] TEXT: '...;.'
[ 5451.725s] TEXT: '.....'
[ 5451.725s] FRAME (len=56): 38 00 11 00 01 00 00 00 01 00 46 81 9E E3 00 1D 00 0F 20 00 12 0B 5E 27 56 A3 00 00 00 00 00 00 61 07 73 62 24 00 06 00 00 88 00 00 98 00 9F 00 09 00 00 00 2E 0E FA AC
[ 5451.725s] FRAME (len=12): 0C 00 11 00 00 00 00 00 01 00 61 76
[ 5457.536s] TEXT: '...;.'
[ 5457.536s] FRAME (len=56): 38 00 11 00 01 00 00 00 01 00 00 12 4B 00 38 0D 16 FD 03 00 A9 08 60 27 31 39 D4 FF 64 00 EE 02 00 00 00 00 00 00 0A 04 00 00 00 00 00 00 06 01 00 00 00 00 00 00 2C E6
[ 5457.946s] TEXT: '....TX succeeded...;.'
[ 5457.946s] TEXT: '.....'
[ 5457.946s] TEXT: '.....'
[ 5457.946s] FRAME (len=56): 38 00 11 00 01 00 00 00 01 00 46 81 9E E3 00 1D 00 0F 20 00 0E 0B 5E 27 56 AF 00 00 00 00 00 00 61 07 73 62 24 00 06 00 00 88 00 00 98 00 9F 00 09 00 00 00 41 0E C1 11
[ 5457.946s] FRAME (len=12): 0C 00 11 00 00 00 00 00 01 00 61 76
[ 5458.156s] FRAME (len=12): 0C 00 11 00 0B 00 00 00 01 00 C3 B5
[ 5464.155s] TEXT: '...;.'
[ 5464.155s] TEXT: '.....'
[ 5464.155s] FRAME (len=56): 38 00 11 00 01 00 00 00 01 00 46 81 9E E3 00 1D 00 0F 20 00 0E 0B 5E 27 56 AF 00 00 00 00 00 00 61 07 73 62 24 00 06 00 00 88 00 00 98 00 9F 00 09 00 00 00 41 0E C1 11
[ 5464.155s] FRAME (len=12): 0C 00 11 00 00 00 00 00 01 00 61 76
[ 5470.375s] TEXT: '...;.'
[ 5470.375s] TEXT: '.....'
[ 5470.375s] FRAME (len=56): 38 00 11 00 01 00 00 00 01 00 46 81 9E E3 00 1D 00 0F 20 00 0E 0B 5E 27 56 AF 00 00 00 00 00 00 61 07 73 62 24 00 06 00 00 88 00 00 98 00 9F 00 09 00 00 00 41 0E C1 11
[ 5470.375s] FRAME (len=12): 0C 00 11 00 00 00 00 00 01 00 61 76
[ 5476.594s] TEXT: '...;.'
[ 5476.594s] TEXT: '.....'
[ 5476.594s] FRAME (len=56): 38 00 11 00 01 00 00 00 01 00 46 81 9E E3 00 1D 00 0F 20 00 0E 0B 5E 27 56 AF 00 00 00 00 00 00 61 07 73 62 24 00 06 00 00 88 00 00 98 00 9F 00 09 00 00 00 41 0E C1 11
[ 5476.594s] FRAME (len=12): 0C 00 11 00 00 00 00 00 01 00 61 76
[ 5482.995s] TEXT: '...;.'
[ 5482.995s] TEXT: '.....'
[ 5482.995s] TEXT: '.....'
[ 5482.995s] FRAME (len=56): 38 00 11 00 01 00 00 00 01 00 46 81 9E E3 00 1D 00 0F 20 00 0B 0B 5E 27 56 99 00 00 00 00 00 00 61 07 73 62 24 00 06 00 00 88 00 00 98 00 9F 00 09 00 00 00 41 0E 94 CF
[ 5482.995s] FRAME (len=12): 0C 00 11 00 00 00 00 00 01 00 61 76
[ 5482.995s] FRAME (len=12): 0C 00 11 00 0B 00 00 00 01 00 C3 B5
[ 5483.204s] TEXT: '...;.'
[ 5483.204s] FRAME (len=56): 38 00 11 00 01 00 00 00 01 00 00 12 4B 00 38 0D 16 FD 03 00 AA 08 60 27 31 45 D4 FF 64 00 EE 02 00 00 00 00 00 00 0A 04 00 00 00 00 00 00 06 01 00 00 00 00 00 00 A1 88
[ 5489.034s] TEXT: '....TX succeeded...;.'
[ 5489.034s] TEXT: '.....'
[ 5489.034s] FRAME (len=56): 38 00 11 00 01 00 00 00 01 00 46 81 9E E3 00 1D 00 0F 20 00 0B 0B 5E 27 56 99 00 00 00 00 00 00 61 07 73 62 24 00 06 00 00 88 00 00 98 00 9F 00 09 00 00 00 41 0E 94 CF
[ 5489.034s] FRAME (len=12): 0C 00 11 00 00 00 00 00 01 00 61 76
[ 5495.259s] TEXT: '...;.'
[ 5495.259s] TEXT: '.....'
[ 5495.259s] FRAME (len=56): 38 00 11 00 01 00 00 00 01 00 46 81 9E E3 00 1D 00 0F 20 00 0B 0B 5E 27 56 99 00 00 00 00 00 00 61 07 73 62 24 00 06 00 00 88 00 00 98 00 9F 00 09 00 00 00 41 0E 94 CF
[ 5495.259s] FRAME (len=12): 0C 00 11 00 00 00 00 00 01 00 61 76
[ 5501.501s] TEXT: '...;.'
[ 5501.501s] TEXT: '.....'
[ 5501.501s] FRAME (len=56): 38 00 11 00 01 00 00 00 01 00 46 81 9E E3 00 1D 00 0F 20 00 0B 0B 5E 27 56 99 00 00 00 00 00 00 61 07 73 62 24 00 06 00 00 88 00 00 98 00 9F 00 09 00 00 00 41 0E 94 CF
[ 5501.501s] FRAME (len=12): 0C 00 11 00 00 00 00 00 01 00 61 76
[ 5507.734s] TEXT: '...;.'
[ 5507.734s] TEXT: '.....'
[ 5507.734s] TEXT: '.....'
[ 5507.734s] FRAME (len=56): 38 00 11 00 01 00 00 00 01 00 46 81 9E E3 00 1D 00 0F 20 00 07 0B 5E 27 56 B5 00 00 00 00 00 00 61 07 73 62 24 00 06 00 00 88 00 00 98 00 9F 00 09 00 00 00 41 0E FD D5
[ 5507.734s] FRAME (len=12): 0C 00 11 00 00 00 00 00 01 00 61 76
[ 5507.734s] FRAME (len=12): 0C 00 11 00 0B 00 00 00 01 00 C3 B5
[ 5508.975s] TEXT: '...;.'
[ 5508.975s] FRAME (len=56): 38 00 11 00 01 00 00 00 01 00 00 12 4B 00 38 0D 16 FD 03 00 AA 08 60 27 31 45 D4 FF 64 00 EE 02 00 00 00 00 00 00 0A 04 00 00 00 00 00 00 06 01 00 00 00 00 00 00 A1 88
[ 5513.743s] TEXT: '....TX succeeded...;.'
[ 5513.743s] FRAME (len=56): 38 00 11 00 01 00 00 00 01 00 46 81 9E E3 00 1D 00 0F 20 00 07 0B 5E 27 56 B5 00 00 00 00 00 00 61 07 73 62 24 00 06 00 00 88 00 00 98 00 9F 00 09 00 00 00 41 0E FD D5
[ 5513.950s] TEXT: '.....'
[ 5513.950s] FRAME (len=12): 0C 00 11 00 00 00 00 00 01 00 61 76
[ 5519.980s] TEXT: '...;.'
[ 5519.980s] TEXT: '.....'
[ 5519.980s] FRAME (len=56): 38 00 11 00 01 00 00 00 01 00 46 81 9E E3 00 1D 00 0F 20 00 07 0B 5E 27 56 B5 00 00 00 00 00 00 61 07 73 62 24 00 06 00 00 88 00 00 98 00 9F 00 09 00 00 00 41 0E FD D5
[ 5519.980s] FRAME (len=12): 0C 00 11 00 00 00 00 00 01 00 61 76
[ 5526.372s] TEXT: '...;.'
[ 5526.372s] TEXT: '.....'
[ 5526.372s] FRAME (len=56): 38 00 11 00 01 00 00 00 01 00 46 81 9E E3 00 1D 00 0F 20 00 07 0B 5E 27 56 B5 00 00 00 00 00 00 61 07 73 62 24 00 06 00 00 88 00 00 98 00 9F 00 09 00 00 00 41 0E FD D5
[ 5526.372s] FRAME (len=12): 0C 00 11 00 00 00 00 00 01 00 61 76
[ 5532.588s] TEXT: '...;.'
[ 5532.588s] TEXT: '.....'
[ 5532.588s] TEXT: '.....'
[ 5532.588s] FRAME (len=56): 38 00 11 00 01 00 00 00 01 00 46 81 9E E3 00 1D 00 0F 20 00 17 0B 5E 27 56 CD 00 00 00 00 00 00 61 07 73 62 24 00 06 00 00 88 00 00 98 00 9F 00 09 00 00 00 2E 0E A8 B4
[ 5532.588s] FRAME (len=12): 0C 00 11 00 00 00 00 00 01 00 61 76
[ 5532.588s] FRAME (len=12): 0C 00 11 00 0B 00 00 00 01 00 C3 B5
[ 5534.649s] TEXT: '...;.'
[ 5534.649s] FRAME (len=56): 38 00 11 00 01 00 00 00 01 00 00 12 4B 00 38 0D 16 FD 03 00 AA 08 60 27 31 71 D4 FF 64 00 EE 02 00 00 00 00 00 00 0A 04 00 00 00 00 00 00 06 01 00 00 00 00 00 00 EA 6B
[ 5538.774s] TEXT: '....TX failed: 0xc....TX failed: 0xc...;.'
[ 5538.774s] TEXT: '.....'
[ 5538.774s] FRAME (len=56): 38 00 11 00 01 00 00 00 01 00 46 81 9E E3 00 1D 00 0F 20 00 17 0B 5E 27 56 CD 00 00 00 00 00 00 61 07 73 62 24 00 06 00 00 88 00 00 98 00 9F 00 09 00 00 00 2E 0E A8 B4
[ 5538.774s] FRAME (len=12): 0C 00 11 00 00 00 00 00 01 00 61 76
[ 5544.978s] TEXT: '...;.'
[ 5544.978s] TEXT: '.....'
[ 5544.978s] FRAME (len=56): 38 00 11 00 01 00 00 00 01 00 46 81 9E E3 00 1D 00 0F 20 00 17 0B 5E 27 56 CD 00 00 00 00 00 00 61 07 73 62 24 00 06 00 00 88 00 00 98 00 9F 00 09 00 00 00 2E 0E A8 B4
[ 5544.978s] FRAME (len=12): 0C 00 11 00 00 00 00 00 01 00 61 76
[ 5551.230s] TEXT: '...;.'
[ 5551.230s] TEXT: '.....'
[ 5551.230s] FRAME (len=56): 38 00 11 00 01 00 00 00 01 00 46 81 9E E3 00 1D 00 0F 20 00 17 0B 5E 27 56 CD 00 00 00 00 00 00 61 07 73 62 24 00 06 00 00 88 00 00 98 00 9F 00 09 00 00 00 2E 0E A8 B4
[ 5551.230s] FRAME (len=12): 0C 00 11 00 00 00 00 00 01 00 61 76
[ 5557.438s] TEXT: '...;.'
[ 5557.438s] TEXT: '.....'
[ 5557.438s] TEXT: '.....'
[ 5557.438s] FRAME (len=56): 38 00 11 00 01 00 00 00 01 00 46 81 9E E3 00 1D 00 0F 20 00 08 0B 5E 27 56 BD 00 00 00 00 00 00 61 07 73 62 24 00 06 00 00 88 00 00 98 00 9F 00 09 00 00 00 54 0E 98 9B
[ 5557.438s] FRAME (len=12): 0C 00 11 00 00 00 00 00 01 00 61 76
[ 5557.438s] FRAME (len=12): 0C 00 11 00 0B 00 00 00 01 00 C3 B5
[ 5561.157s] TEXT: '...;.'
[ 5561.157s] FRAME (len=25): 38 00 11 00 01 00 00 00 01 00 00 12 4B 00 38 0D 16 FD 03 00 AB 08 60 27 31
[ 5563.627s] TEXT: '..d.........\n.................}....TX succeeded...;.'
[ 5563.627s] TEXT: '.....'
[ 5563.627s] FRAME (len=56): 38 00 11 00 01 00 00 00 01 00 46 81 9E E3 00 1D 00 0F 20 00 08 0B 5E 27 56 BD 00 00 00 00 00 00 61 07 73 62 24 00 06 00 00 88 00 00 98 00 9F 00 09 00 00 00 54 0E 98 9B
[ 5563.627s] FRAME (len=12): 0C 00 11 00 00 00 00 00 01 00 61 76
[ 5569.853s] TEXT: '...;.'
[ 5569.853s] TEXT: '.....'
[ 5569.853s] FRAME (len=56): 38 00 11 00 01 00 00 00 01 00 46 81 9E E3 00 1D 00 0F 20 00 08 0B 5E 27 56 BD 00 00 00 00 00 00 61 07 73 62 24 00 06 00 00 88 00 00 98 00 9F 00 09 00 00 00 54 0E 98 9B
[ 5569.853s] FRAME (len=12): 0C 00 11 00 00 00 00 00 01 00 61 76
[ 5576.062s] TEXT: '...;.'
[ 5576.062s] TEXT: '.....'
[ 5576.062s] FRAME (len=56): 38 00 11 00 01 00 00 00 01 00 46 81 9E E3 00 1D 00 0F 20 00 08 0B 5E 27 56 BD 00 00 00 00 00 00 61 07 73 62 24 00 06 00 00 88 00 00 98 00 9F 00 09 00 00 00 54 0E 98 9B
[ 5576.062s] FRAME (len=12): 0C 00 11 00 00 00 00 00 01 00 61 76
[ 5582.470s] TEXT: '...;.'
[ 5582.470s] TEXT: '.....'
[ 5582.470s] TEXT: '.....'
[ 5582.470s] FRAME (len=56): 38 00 11 00 01 00 00 00 01 00 46 81 9E E3 00 1D 00 0F 20 00 11 0B 5E 27 56 C7 00 00 00 00 00 00 61 07 73 62 24 00 06 00 00 88 00 00 98 00 9F 00 09 00 00 00 2E 0E 2F CA
[ 5582.470s] FRAME (len=12): 0C 00 11 00 00 00 00 00 01 00 61 76
[ 5582.470s] FRAME (len=12): 0C 00 11 00 0B 00 00 00 01 00 C3 B5
[ 5586.830s] TEXT: '...;.'
[ 5586.830s] FRAME (len=56): 38 00 11 00 01 00 00 00 01 00 00 12 4B 00 38 0D 16 FD 03 00 AB 08 60 27 31 6D D4 FF 64 00 EE 02 00 00 00 00 00 00 0A 04 00 00 00 00 00 00 06 01 00 00 00 00 00 00 6C 0C
[ 5588.483s] TEXT: '....TX succeeded...;.'
[ 5588.483s] TEXT: '.....'
[ 5588.483s] FRAME (len=56): 38 00 11 00 01 00 00 00 01 00 46 81 9E E3 00 1D 00 0F 20 00 11 0B 5E 27 56 C7 00 00 00 00 00 00 61 07 73 62 24 00 06 00 00 88 00 00 98 00 9F 00 09 00 00 00 2E 0E 2F CA
[ 5588.483s] FRAME (len=12): 0C 00 11 00 00 00 00 00 01 00 61 76
[ 5594.704s] TEXT: '...;.'
[ 5594.704s] TEXT: '.....'
[ 5594.704s] FRAME (len=56): 38 00 11 00 01 00 00 00 01 00 46 81 9E E3 00 1D 00 0F 20 00 11 0B 5E 27 56 C7 00 00 00 00 00 00 61 07 73 62 24 00 06 00 00 88 00 00 98 00 9F 00 09 00 00 00 2E 0E 2F CA
[ 5594.704s] FRAME (len=12): 0C 00 11 00 00 00 00 00 01 00 61 76
[ 5600.938s] TEXT: '...;.'
[ 5600.938s] TEXT: '.....'
[ 5600.938s] FRAME (len=56): 38 00 11 00 01 00 00 00 01 00 46 81 9E E3 00 1D 00 0F 20 00 11 0B 5E 27 56 C7 00 00 00 00 00 00 61 07 73 62 24 00 06 00 00 88 00 00 98 00 9F 00 09 00 00 00 2E 0E 2F CA
[ 5600.938s] FRAME (len=12): 0C 00 11 00 00 00 00 00 01 00 61 76
[ 5607.357s] TEXT: '...;.'
[ 5607.357s] TEXT: '.....'
[ 5607.357s] TEXT: '.....'
[ 5607.357s] FRAME (len=56): 38 00 11 00 01 00 00 00 01 00 46 81 9E E3 00 1D 00 0F 20 00 0D 0B 5F 27 55 89 00 00 00 00 00 00 61 07 73 62 24 00 06 00 00 88 00 00 98 00 9F 00 09 00 00 00 41 0E C1 0A
[ 5607.357s] FRAME (len=12): 0C 00 11 00 00 00 00 00 01 00 61 76
[ 5607.357s] FRAME (len=12): 0C 00 11 00 0B 00 00 00 01 00 C3 B5
[ 5612.504s] TEXT: '...;.'
[ 5612.504s] FRAME (len=56): 38 00 11 00 01 00 00 00 01 00 00 12 4B 00 38 0D 16 FD 03 00 AC 08 60 27 31 79 D4 FF 64 00 EE 02 00 00 00 00 00 00 0A 04 00 00 00 00 00 00 06 01 00 00 00 00 00 00 80 E4
[ 5613.328s] TEXT: '....TX succeeded...;.'
[ 5613.328s] TEXT: '.....'
[ 5613.328s] FRAME (len=56): 38 00 11 00 01 00 00 00 01 00 46 81 9E E3 00 1D 00 0F 20 00 0D 0B 5F 27 55 89 00 00 00 00 00 00 61 07 73 62 24 00 06 00 00 88 00 00 98 00 9F 00 09 00 00 00 41 0E C1 0A
[ 5613.328s] FRAME (len=12): 0C 00 11 00 00 00 00 00 01 00 61 76
[ 5619.554s] TEXT: '...;.'
[ 5619.554s] TEXT: '.....'
[ 5619.554s] FRAME (len=56): 38 00 11 00 01 00 00 00 01 00 46 81 9E E3 00 1D 00 0F 20 00 0D 0B 5F 27 55 89 00 00 00 00 00 00 61 07 73 62 24 00 06 00 00 88 00 00 98 00 9F 00 09 00 00 00 41 0E C1 0A
[ 5619.554s] FRAME (len=12): 0C 00 11 00 00 00 00 00 01 00 61 76
[ 5625.776s] TEXT: '...;.'
[ 5625.776s] TEXT: '.....'
[ 5625.776s] FRAME (len=56): 38 00 11 00 01 00 00 00 01 00 46 81 9E E3 00 1D 00 0F 20 00 0D 0B 5F 27 55 89 00 00 00 00 00 00 61 07 73 62 24 00 06 00 00 88 00 00 98 00 9F 00 09 00 00 00 41 0E C1 0A
[ 5625.776s] FRAME (len=12): 0C 00 11 00 00 00 00 00 01 00 61 76
[ 5632.196s] TEXT: '...;.'
[ 5632.196s] TEXT: '.....'
[ 5632.196s] TEXT: '.....'
[ 5632.196s] TEXT: '.....'
[ 5632.196s] FRAME (len=56): 38 00 11 00 01 00 00 00 01 00 46 81 9E E3 00 1D 00 0F 20 00 01 0B 5E 27 56 CB 00 00 00 00 00 00 61 07 73 62 24 00 06 00 00 88 00 00 98 00 9F 00 09 00 00 00 2E 0E 7A 9D
[ 5632.196s] FRAME (len=16): 10 00 11 00 08 00 00 00 01 00 04 00 00 00 34 99
[ 5632.196s] FRAME (len=12): 0C 00 11 00 00 00 00 00 01 00 61 76
[ 5632.196s] FRAME (len=12): 0C 00 11 00 0B 00 00 00 01 00 C3 B5
[ 5638.199s] TEXT: '...;.'
[ 5638.199s] TEXT: '...;.'
[ 5638.199s] FRAME (len=56): 38 00 11 00 01 00 00 00 01 00 46 81 9E E3 00 1D 00 0F 20 00 01 0B 5E 27 56 CB 00 00 00 00 00 00 61 07 73 62 24 00 06 00 00 88 00 00 98 00 9F 00 09 00 00 00 2E 0E 7A 9D
[ 5638.199s] FRAME (len=56): 38 00 11 00 01 00 00 00 01 00 00 12 4B 00 38 0D 16 FD 03 00 AC 08 60 27 31 05 D4 FF 64 00 EE 02 00 00 00 00 00 00 0A 04 00 00 00 00 00 00 06 01 00 00 00 00 00 00 43 3E
[ 5638.404s] TEXT: '....TX succeeded.....'
[ 5638.404s] FRAME (len=12): 0C 00 11 00 00 00 00 00 01 00 61 76
[ 5644.404s] TEXT: '...;.'
[ 5644.404s] TEXT: '.....'
[ 5644.404s] FRAME (len=56): 38 00 11 00 01 00 00 00 01 00 46 81 9E E3 00 1D 00 0F 20 00 01 0B 5E 27 56 CB 00 00 00 00 00 00 61 07 73 62 24 00 06 00 00 88 00 00 98 00 9F 00 09 00 00 00 2E 0E 7A 9D
[ 5644.404s] FRAME (len=12): 0C 00 11 00 00 00 00 00 01 00 61 76
[ 5650.619s] TEXT: '...;.'
[ 5650.619s] TEXT: '.....'
[ 5650.619s] FRAME (len=56): 38 00 11 00 01 00 00 00 01 00 46 81 9E E3 00 1D 00 0F 20 00 01 0B 5E 27 56 CB 00 00 00 00 00 00 61 07 73 62 24 00 06 00 00 88 00 00 98 00 9F 00 09 00 00 00 2E 0E 7A 9D
[ 5650.619s] FRAME (len=12): 0C 00 11 00 00 00 00 00 01 00 61 76
[ 5657.048s] TEXT: '...;.'
[ 5657.048s] TEXT: '.....'
[ 5657.048s] TEXT: '.....'
[ 5657.048s] TEXT: '.....'
[ 5657.048s] FRAME (len=56): 38 00 11 00 01 00 00 00 01 00 46 81 9E E3 00 1D 00 0F 20 00 07 0B 5E 27 56 C7 00 00 00 00 00 00 61 07 73 62 24 00 06 00 00 88 00 00 98 00 9F 00 09 00 00 00 41 0E FF FA
[ 5657.048s] FRAME (len=16): 10 00 11 00 08 00 00 00 01 00 04 00 00 00 34 99
[ 5657.048s] FRAME (len=12): 0C 00 11 00 00 00 00 00 01 00 61 76
[ 5657.048s] FRAME (len=12): 0C 00 11 00 0B 00 00 00 01 00 C3 B5
[ 5663.046s] TEXT: '...;.'
[ 5663.046s] TEXT: '.....'
[ 5663.046s] FRAME (len=56): 38 00 11 00 01 00 00 00 01 00 46 81 9E E3 00 1D 00 0F 20 00 07 0B 5E 27 56 C7 00 00 00 00 00 00 61 07 73 62 24 00 06 00 00 88 00 00 98 00 9F 00 09 00 00 00 41 0E FF FA
[ 5663.046s] FRAME (len=12): 0C 00 11 00 00 00 00 00 01 00 61 76
[ 5663.871s] TEXT: '...;.'
[ 5663.871s] FRAME (len=56): 38 00 11 00 01 00 00 00 01 00 00 12 4B 00 38 0D 16 FD 03 00 AD 08 61 27 31 05 D4 FF 64 00 EE 02 00 00 00 00 00 00 0A 04 00 00 00 00 00 00 06 01 00 00 00 00 00 00 20 FB
[ 5669.248s] TEXT: '....TX succeeded...;.'
[ 5669.248s] TEXT: '.....'
[ 5669.248s] FRAME (len=56): 38 00 11 00 01 00 00 00 01 00 46 81 9E E3 00 1D 00 0F 20 00 07 0B 5E 27 56 C7 00 00 00 00 00 00 61 07 73 62 24 00 06 00 00 88 00 00 98 00 9F 00 09 00 00 00 41 0E FF FA
[ 5669.248s] FRAME (len=12): 0C 00 11 00 00 00 00 00 01 00 61 76
[ 5675.461s] TEXT: '...;.'
[ 5675.461s] TEXT: '.....'
[ 5675.461s] FRAME (len=56): 38 00 11 00 01 00 00 00 01 00 46 81 9E E3 00 1D 00 0F 20 00 07 0B 5E 27 56 C7 00 00 00 00 00 00 61 07 73 62 24 00 06 00 00 88 00 00 98 00 9F 00 09 00 00 00 41 0E FF FA
[ 5675.461s] FRAME (len=12): 0C 00 11 00 00 00 00 00 01 00 61 76
[ 5681.874s] TEXT: '...;.'
[ 5681.874s] TEXT: '.....'
[ 5681.874s] TEXT: '.....'
[ 5681.874s] FRAME (len=56): 38 00 11 00 01 00 00 00 01 00 46 81 9E E3 00 1D 00 0F 20 00 11 0B 5F 27 56 8D 00 00 00 00 00 00 61 07 73 62 24 00 06 00 00 88 00 00 98 00 9F 00 09 00 00 00 41 0E 18 40
[ 5681.874s] FRAME (len=12): 0C 00 11 00 00 00 00 00 01 00 61 76
[ 5681.874s] FRAME (len=12): 0C 00 11 00 0B 00 00 00 01 00 C3 B5
[ 5687.891s] TEXT: '...;.'
[ 5687.891s] TEXT: '.....'
[ 5687.891s] FRAME (len=56): 38 00 11 00 01 00 00 00 01 00 46 81 9E E3 00 1D 00 0F 20 00 11 0B 5F 27 56 8D 00 00 00 00 00 00 61 07 73 62 24 00 06 00 00 88 00 00 98 00 9F 00 09 00 00 00 41 0E 18 40
[ 5687.891s] FRAME (len=12): 0C 00 11 00 00 00 00 00 01 00 61 76
[ 5690.571s] TEXT: '...;.'
[ 5690.571s] FRAME (len=56): 38 00 11 00 01 00 00 00 01 00 00 12 4B 00 38 0D 16 FD 03 00 AD 08 61 27 31 19 D4 FF 64 00 EE 02 00 00 00 00 00 00 0A 04 00 00 00 00 00 00 06 01 00 00 00 00 00 00 83 00
[ 5694.065s] TEXT: '....TX succeeded...;.'
[ 5694.065s] FRAME (len=56): 38 00 11 00 01 00 00 00 01 00 46 81 9E E3 00 1D 00 0F 20 00 11 0B 5F 27 56 8D 00 00 00 00 00 00 61 07 73 62 24 00 06 00 00 88 00 00 98 00 9F 00 09 00 00 00 41 0E 18 40
[ 5694.271s] TEXT: '.....'
[ 5694.271s] FRAME (len=12): 0C 00 11 00 00 00 00 00 01 00 61 76
[ 5700.285s] TEXT: '...;.'
[ 5700.285s] TEXT: '.....'
[ 5700.285s] FRAME (len=56): 38 00 11 00 01 00 00 00 01 00 46 81 9E E3 00 1D 00 0F 20 00 11 0B 5F 27 56 8D 00 00 00 00 00 00 61 07 73 62 24 00 06 00 00 88 00 00 98 00 9F 00 09 00 00 00 41 0E 18 40
[ 5700.285s] FRAME (len=12): 0C 00 11 00 00 00 00 00 01 00 61 76
[ 5706.702s] TEXT: '...;.'
[ 5706.702s] TEXT: '.....'
[ 5706.702s] TEXT: '.....'
[ 5706.702s] FRAME (len=56): 38 00 11 00 01 00 00 00 01 00 46 81 9E E3 00 1D 00 0F 20 00 18 0B 5F 27 55 9D 00 00 00 00 00 00 61 07 73 62 24 00 06 00 00 88 00 00 98 00 9F 00 09 00 00 00 2E 0E 2B 82
[ 5706.702s] FRAME (len=12): 0C 00 11 00 00 00 00 00 01 00 61 76
[ 5706.702s] FRAME (len=12): 0C 00 11 00 0B 00 00 00 01 00 C3 B5
[ 5712.885s] TEXT: '...;.'
[ 5712.885s] TEXT: '.....'
[ 5712.885s] FRAME (len=56): 38 00 11 00 01 00 00 00 01 00 46 81 9E E3 00 1D 00 0F 20 00 18 0B 5F 27 55 9D 00 00 00 00 00 00 61 07 73 62 24 00 06 00 00 88 00 00 98 00 9F 00 09 00 00 00 2E 0E 2B 82
[ 5712.885s] FRAME (len=12): 0C 00 11 00 00 00 00 00 01 00 61 76
[ 5716.187s] TEXT: '...;.'
[ 5716.187s] FRAME (len=56): 38 00 11 00 01 00 00 00 01 00 00 12 4B 00 38 0D 16 FD 03 00 AE 08 61 27 31 0D D4 FF 64 00 EE 02 00 00 00 00 00 00 0A 04 00 00 00 00 00 00 06 01 00 00 00 00 00 00 B9 B8
[ 5719.086s] TEXT: '....TX succeeded...;.'
[ 5719.086s] TEXT: '.....'
[ 5719.086s] FRAME (len=56): 38 00 11 00 01 00 00 00 01 00 46 81 9E E3 00 1D 00 0F 20 00 18 0B 5F 27 55 9D 00 00 00 00 00 00 61 07 73 62 24 00 06 00 00 88 00 00 98 00 9F 00 09 00 00 00 2E 0E 2B 82
[ 5719.086s] FRAME (len=12): 0C 00 11 00 00 00 00 00 01 00 61 76
[ 5725.291s] TEXT: '...;.'
[ 5725.291s] TEXT: '.....'
[ 5725.291s] FRAME (len=56): 38 00 11 00 01 00 00 00 01 00 46 81 9E E3 00 1D 00 0F 20 00 18 0B 5F 27 55 9D 00 00 00 00 00 00 61 07 73 62 24 00 06 00 00 88 00 00 98 00 9F 00 09 00 00 00 2E 0E 2B 82
[ 5725.291s] FRAME (len=12): 0C 00 11 00 00 00 00 00 01 00 61 76
[ 5731.501s] TEXT: '...;.'
[ 5731.709s] TEXT: '.....'
[ 5731.709s] TEXT: '.....'
[ 5731.709s] FRAME (len=56): 38 00 11 00 01 00 00 00 01 00 46 81 9E E3 00 1D 00 0F 20 00 25 0B 5F 27 56 87 00 00 00 00 00 00 61 07 73 62 24 00 06 00 00 88 00 00 98 00 9F 00 09 00 00 00 2E 0E 6B F8
[ 5731.709s] FRAME (len=12): 0C 00 11 00 00 00 00 00 01 00 61 76
[ 5731.709s] FRAME (len=12): 0C 00 11 00 0B 00 00 00 01 00 C3 B5
[ 5737.738s] TEXT: '...;.'
[ 5737.738s] TEXT: '.....'
[ 5737.738s] FRAME (len=56): 38 00 11 00 01 00 00 00 01 00 46 81 9E E3 00 1D 00 0F 20 00 25 0B 5F 27 56 87 00 00 00 00 00 00 61 07 73 62 24 00 06 00 00 88 00 00 98 00 9F 00 09 00 00 00 2E 0E 6B F8
[ 5737.738s] FRAME (len=12): 0C 00 11 00 00 00 00 00 01 00 61 76
[ 5741.894s] TEXT: '...;.'
[ 5741.894s] FRAME (len=56): 38 00 11 00 01 00 00 00 01 00 00 12 4B 00 38 0D 16 FD 03 00 AE 08 61 27 31 19 D4 FF 64 00 EE 02 00 00 00 00 00 00 0A 04 00 00 00 00 00 00 06 01 00 00 00 00 00 00 CD B4
[ 5743.946s] TEXT: '....TX succeeded...;.'
[ 5743.946s] TEXT: '.....'
[ 5743.946s] FRAME (len=56): 38 00 11 00 01 00 00 00 01 00 46 81 9E E3 00 1D 00 0F 20 00 25 0B 5F 27 56 87 00 00 00 00 00 00 61 07 73 62 24 00 06 00 00 88 00 00 98 00 9F 00 09 00 00 00 2E 0E 6B F8
[ 5743.946s] FRAME (len=12): 0C 00 11 00 00 00 00 00 01 00 61 76
[ 5750.140s] TEXT: '...;.'
[ 5750.140s] TEXT: '.....'
[ 5750.140s] FRAME (len=56): 38 00 11 00 01 00 00 00 01 00 46 81 9E E3 00 1D 00 0F 20 00 25 0B 5F 27 56 87 00 00 00 00 00 00 61 07 73 62 24 00 06 00 00 88 00 00 98 00 9F 00 09 00 00 00 2E 0E 6B F8
[ 5750.140s] FRAME (len=12): 0C 00 11 00 00 00 00 00 01 00 61 76
[ 5756.573s] TEXT: '...;.'
[ 5756.573s] TEXT: '.....'
[ 5756.573s] TEXT: '.....'
[ 5756.573s] FRAME (len=56): 38 00 11 00 01 00 00 00 01 00 46 81 9E E3 00 1D 00 0F 20 00 14 0B 5F 27 55 99 00 00 00 00 00 00 61 07 73 62 24 00 06 00 00 88 00 00 98 00 9F 00 09 00 00 00 41 0E BE 9B
[ 5756.573s] FRAME (len=12): 0C 00 11 00 00 00 00 00 01 00 61 76
[ 5756.573s] FRAME (len=12): 0C 00 11 00 0B 00 00 00 01 00 C3 B5
[ 5762.584s] TEXT: '...;.'
[ 5762.584s] TEXT: '.....'
[ 5762.584s] FRAME (len=56): 38 00 11 00 01 00 00 00 01 00 46 81 9E E3 00 1D 00 0F 20 00 14 0B 5F 27 55 99 00 00 00 00 00 00 61 07 73 62 24 00 06 00 00 88 00 00 98 00 9F 00 09 00 00 00 41 0E BE 9B
[ 5762.584s] FRAME (len=12): 0C 00 11 00 00 00 00 00 01 00 61 76
[ 5767.578s] TEXT: '...;.'
[ 5767.578s] FRAME (len=56): 38 00 11 00 01 00 00 00 01 00 00 12 4B 00 38 0D 16 FD 03 00 AE 08 61 27 31 09 D4 FF 64 00 EE 02 00 00 00 00 00 00 0A 04 00 00 00 00 00 00 06 01 00 00 00 00 00 00 42 4B
[ 5768.820s] TEXT: '....TX succeeded...;.'
[ 5768.820s] TEXT: '.....'
[ 5768.820s] FRAME (len=56): 38 00 11 00 01 00 00 00 01 00 46 81 9E E3 00 1D 00 0F 20 00 14 0B 5F 27 55 99 00 00 00 00 00 00 61 07 73 62 24 00 06 00 00 88 00 00 98 00 9F 00 09 00 00 00 41 0E BE 9B
[ 5768.820s] FRAME (len=12): 0C 00 11 00 00 00 00 00 01 00 61 76
[ 5775.020s] TEXT: '...;.'
[ 5775.020s] TEXT: '.....'
[ 5775.020s] FRAME (len=56): 38 00 11 00 01 00 00 00 01 00 46 81 9E E3 00 1D 00 0F 20 00 14 0B 5F 27 55 99 00 00 00 00 00 00 61 07 73 62 24 00 06 00 00 88 00 00 98 00 9F 00 09 00 00 00 41 0E BE 9B
[ 5775.020s] FRAME (len=12): 0C 00 11 00 00 00 00 00 01 00 61 76
[ 5781.237s] TEXT: '...;.'
[ 5781.442s] TEXT: '.....'
[ 5781.442s] TEXT: '.....'
[ 5781.442s] FRAME (len=56): 38 00 11 00 01 00 00 00 01 00 46 81 9E E3 00 1D 00 0F 20 00 07 0B 5F 27 55 9F 00 00 00 00 00 00 61 07 73 62 24 00 05 00 00 88 00 00 98 00 9F 00 09 00 00 00 1B 0E A6 77
[ 5781.442s] FRAME (len=12): 0C 00 11 00 00 00 00 00 01 00 61 76
[ 5781.442s] FRAME (len=12): 0C 00 11 00 0B 00 00 00 01 00 C3 B5
[ 5787.471s] TEXT: '...;.'
[ 5787.471s] TEXT: '.....'
[ 5787.471s] FRAME (len=56): 38 00 11 00 01 00 00 00 01 00 46 81 9E E3 00 1D 00 0F 20 00 07 0B 5F 27 55 9F 00 00 00 00 00 00 61 07 73 62 24 00 05 00 00 88 00 00 98 00 9F 00 09 00 00 00 1B 0E A6 77
[ 5787.471s] FRAME (len=12): 0C 00 11 00 00 00 00 00 01 00 61 76
[ 5793.278s] TEXT: '...;.'
[ 5793.278s] FRAME (len=56): 38 00 11 00 01 00 00 00 01 00 00 12 4B 00 38 0D 16 FD 03 00 B0 08 61 27 31 49 D4 FF 64 00 EE 02 00 00 00 00 00 00 0A 04 00 00 00 00 00 00 06 01 00 00 00 00 00 00 75 0F
[ 5793.485s] TEXT: '....TX succeeded...;.'
[ 5793.695s] TEXT: '.....'
[ 5793.695s] FRAME (len=56): 38 00 11 00 01 00 00 00 01 00 46 81 9E E3 00 1D 00 0F 20 00 07 0B 5F 27 55 9F 00 00 00 00 00 00 61 07 73 62 24 00 05 00 00 88 00 00 98 00 9F 00 09 00 00 00 1B 0E A6 77
[ 5793.695s] FRAME (len=12): 0C 00 11 00 00 00 00 00 01 00 61 76
[ 5799.909s] TEXT: '...;.'
[ 5799.909s] TEXT: '.....'
[ 5799.909s] FRAME (len=56): 38 00 11 00 01 00 00 00 01 00 46 81 9E E3 00 1D 00 0F 20 00 07 0B 5F 27 55 9F 00 00 00 00 00 00 61 07 73 62 24 00 05 00 00 88 00 00 98 00 9F 00 09 00 00 00 1B 0E A6 77
[ 5799.909s] FRAME (len=12): 0C 00 11 00 00 00 00 00 01 00 61 76
[ 5806.119s] TEXT: '...;.'
[ 5806.119s] TEXT: '.....'
[ 5806.119s] TEXT: '.....'
[ 5806.119s] FRAME (len=56): 38 00 11 00 01 00 00 00 01 00 46 81 9E E3 00 1D 00 0F 20 00 10 0B 5F 27 56 9D 00 00 00 00 00 00 61 07 73 62 24 00 06 00 00 88 00 00 98 00 9F 00 09 00 00 00 41 0E B2 23
[ 5806.119s] FRAME (len=12): 0C 00 11 00 00 00 00 00 01 00 61 76
[ 5806.119s] FRAME (len=12): 0C 00 11 00 0B 00 00 00 01 00 C3 B5
[ 5812.332s] TEXT: '...;.'
[ 5812.332s] TEXT: '.....'
[ 5812.332s] FRAME (len=56): 38 00 11 00 01 00 00 00 01 00 46 81 9E E3 00 1D 00 0F 20 00 10 0B 5F 27 56 9D 00 00 00 00 00 00 61 07 73 62 24 00 06 00 00 88 00 00 98 00 9F 00 09 00 00 00 41 0E B2 23
[ 5812.332s] FRAME (len=12): 0C 00 11 00 00 00 00 00 01 00 61 76
[ 5818.566s] TEXT: '...;.'
[ 5818.566s] TEXT: '.....'
[ 5818.566s] FRAME (len=56): 38 00 11 00 01 00 00 00 01 00 46 81 9E E3 00 1D 00 0F 20 00 10 0B 5F 27 56 9D 00 00 00 00 00 00 61 07 73 62 24 00 06 00 00 88 00 00 98 00 9F 00 09 00 00 00 41 0E B2 23
[ 5818.566s] FRAME (len=12): 0C 00 11 00 00 00 00 00 01 00 61 76
[ 5818.978s] TEXT: '...;.'
[ 5818.978s] FRAME (len=56): 38 00 11 00 01 00 00 00 01 00 00 12 4B 00 38 0D 16 FD 03 00 B0 08 61 27 31 4D D4 FF 64 00 EE 02 00 00 00 00 00 00 0A 04 00 00 00 00 00 00 06 01 00 00 00 00 00 00 8E FC
[ 5824.570s] TEXT: '....TX failed: 0xc....TX failed: 0xc...;.'
[ 5824.775s] TEXT: '.....'
[ 5824.775s] FRAME (len=56): 38 00 11 00 01 00 00 00 01 00 46 81 9E E3 00 1D 00 0F 20 00 10 0B 5F 27 56 9D 00 00 00 00 00 00 61 07 73 62 24 00 06 00 00 88 00 00 98 00 9F 00 09 00 00 00 41 0E B2 23
[ 5824.775s] FRAME (len=12): 0C 00 11 00 00 00 00 00 01 00 61 76
[ 5830.992s] TEXT: '...;.'
[ 5830.992s] TEXT: '.....'
[ 5830.992s] TEXT: '.....'
[ 5830.992s] FRAME (len=56): 38 00 11 00 01 00 00 00 01 00 46 81 9E E3 00 1D 00 0F 20 00 10 0B 5F 27 56 A3 00 00 00 00 00 00 61 07 73 62 24 00 05 00 00 88 00 00 98 00 9F 00 09 00 00 00 2E 0E 9A 35
[ 5830.992s] FRAME (len=12): 0C 00 11 00 00 00 00 00 01 00 61 76
[ 5830.992s] FRAME (len=12): 0C 00 11 00 0B 00 00 00 01 00 C3 B5
[ 5837.192s] TEXT: '...;.'
[ 5837.192s] TEXT: '.....'
[ 5837.192s] FRAME (len=56): 38 00 11 00 01 00 00 00 01 00 46 81 9E E3 00 1D 00 0F 20 00 10 0B 5F 27 56 A3 00 00 00 00 00 00 61 07 73 62 24 00 05 00 00 88 00 00 98 00 9F 00 09 00 00 00 2E 0E 9A 35
[ 5837.192s] FRAME (len=12): 0C 00 11 00 00 00 00 00 01 00 61 76
[ 5843.394s] TEXT: '...;.'
[ 5843.394s] TEXT: '.....'
[ 5843.394s] FRAME (len=56): 38 00 11 00 01 00 00 00 01 00 46 81 9E E3 00 1D 00 0F 20 00 10 0B 5F 27 56 A3 00 00 00 00 00 00 61 07 73 62 24 00 05 00 00 88 00 00 98 00 9F 00 09 00 00 00 2E 0E 9A 35
[ 5843.394s] FRAME (len=12): 0C 00 11 00 00 00 00 00 01 00 61 76
[ 5845.677s] TEXT: '...;.'
[ 5845.677s] FRAME (len=56): 38 00 11 00 01 00 00 00 01 00 00 12 4B 00 38 0D 16 FD 03 00 B0 08 61 27 31 45 D4 FF 64 00 EE 02 00 00 00 00 00 00 0A 04 00 00 00 00 00 00 06 01 00 00 00 00 00 00 59 0B
[ 5849.583s] TEXT: '....TX succeeded...;.'
[ 5849.583s] TEXT: '.....'
[ 5849.583s] FRAME (len=56): 38 00 11 00 01 00 00 00 01 00 46 81 9E E3 00 1D 00 0F 20 00 10 0B 5F 27 56 A3 00 00 00 00 00 00 61 07 73 62 24 00 05 00 00 88 00 00 98 00 9F 00 09 00 00 00 2E 0E 9A 35
[ 5849.583s] FRAME (len=12): 0C 00 11 00 00 00 00 00 01 00 61 76
[ 5855.981s] TEXT: '...;.'
[ 5855.981s] TEXT: '.....'
[ 5855.981s] TEXT: '.....'
[ 5855.981s] FRAME (len=56): 38 00 11 00 01 00 00 00 01 00 46 81 9E E3 00 1D 00 0F 20 00 06 0B 5F 27 55 9D 00 00 00 00 00 00 61 07 73 62 24 00 06 00 00 88 00 00 98 00 9F 00 09 00 00 00 54 0E D1 EF
[ 5855.981s] FRAME (len=12): 0C 00 11 00 00 00 00 00 01 00 61 76
[ 5855.981s] FRAME (len=12): 0C 00 11 00 0B 00 00 00 01 00 C3 B5
[ 5862.001s] TEXT: '...;.'
[ 5862.001s] TEXT: '.....'
[ 5862.001s] FRAME (len=56): 38 00 11 00 01 00 00 00 01 00 46 81 9E E3 00 1D 00 0F 20 00 06 0B 5F 27 55 9D 00 00 00 00 00 00 61 07 73 62 24 00 06 00 00 88 00 00 98 00 9F 00 09 00 00 00 54 0E D1 EF
[ 5862.001s] FRAME (len=12): 0C 00 11 00 00 00 00 00 01 00 61 76
[ 5868.214s] TEXT: '...;.'
[ 5868.214s] TEXT: '.....'
[ 5868.214s] FRAME (len=56): 38 00 11 00 01 00 00 00 01 00 46 81 9E E3 00 1D 00 0F 20 00 06 0B 5F 27 55 9D 00 00 00 00 00 00 61 07 73 62 24 00 06 00 00 88 00 00 98 00 9F 00 09 00 00 00 54 0E D1 EF
[ 5868.214s] FRAME (len=12): 0C 00 11 00 00 00 00 00 01 00 61 76
[ 5871.308s] TEXT: '...;.'
[ 5871.308s] FRAME (len=56): 38 00 11 00 01 00 00 00 01 00 00 12 4B 00 38 0D 16 FD 03 00 B0 08 61 27 31 55 D4 FF 64 00 EE 02 00 00 00 00 00 00 0A 04 00 00 00 00 00 00 06 01 00 00 00 00 00 00 D6 F4
[ 5874.425s] TEXT: '....TX succeeded...;.'
[ 5874.425s] TEXT: '.....'
[ 5874.425s] FRAME (len=56): 38 00 11 00 01 00 00 00 01 00 46 81 9E E3 00 1D 00 0F 20 00 06 0B 5F 27 55 9D 00 00 00 00 00 00 61 07 73 62 24 00 06 00 00 88 00 00 98 00 9F 00 09 00 00 00 54 0E D1 EF
[ 5874.425s] FRAME (len=12): 0C 00 11 00 00 00 00 00 01 00 61 76
[ 5880.825s] TEXT: '...;.'
[ 5880.825s] TEXT: '.....'
[ 5880.825s] TEXT: '.....'
[ 5880.825s] FRAME (len=56): 38 00 11 00 01 00 00 00 01 00 46 81 9E E3 00 1D 00 0F 20 00 05 0B 5F 27 56 AD 00 00 00 00 00 00 61 07 73 62 24 00 06 00 00 88 00 00 98 00 9F 00 09 00 00 00 41 0E 88 AC
[ 5880.825s] FRAME (len=12): 0C 00 11 00 00 00 00 00 01 00 61 76
[ 5880.825s] FRAME (len=12): 0C 00 11 00 0B 00 00 00 01 00 C3 B5
[ 5886.847s] TEXT: '...;.'
[ 5886.847s] TEXT: '.....'
[ 5886.847s] FRAME (len=56): 38 00 11 00 01 00 00 00 01 00 46 81 9E E3 00 1D 00 0F 20 00 05 0B 5F 27 56 AD 00 00 00 00 00 00 61 07 73 62 24 00 06 00 00 88 00 00 98 00 9F 00 09 00 00 00 41 0E 88 AC
[ 5886.847s] FRAME (len=12): 0C 00 11 00 00 00 00 00 01 00 61 76
[ 5893.073s] TEXT: '...;.'
[ 5893.073s] TEXT: '.....'
[ 5893.073s] FRAME (len=56): 38 00 11 00 01 00 00 00 01 00 46 81 9E E3 00 1D 00 0F 20 00 05 0B 5F 27 56 AD 00 00 00 00 00 00 61 07 73 62 24 00 06 00 00 88 00 00 98 00 9F 00 09 00 00 00 41 0E 88 AC
[ 5893.073s] FRAME (len=12): 0C 00 11 00 00 00 00 00 01 00 61 76
[ 5896.999s] TEXT: '...;.'
[ 5896.999s] FRAME (len=56): 38 00 11 00 01 00 00 00 01 00 00 12 4B 00 38 0D 16 FD 03 00 B1 08 61 27 31 6D D4 FF 64 00 EE 02 00 00 00 00 00 00 0A 04 00 00 00 00 00 00 06 01 00 00 00 00 00 00 94 8F
[ 5899.260s] TEXT: '....TX succeeded...;.'
[ 5899.260s] TEXT: '.....'
[ 5899.260s] FRAME (len=56): 38 00 11 00 01 00 00 00 01 00 46 81 9E E3 00 1D 00 0F 20 00 05 0B 5F 27 56 AD 00 00 00 00 00 00 61 07 73 62 24 00 06 00 00 88 00 00 98 00 9F 00 09 00 00 00 41 0E 88 AC
[ 5899.260s] FRAME (len=12): 0C 00 11 00 00 00 00 00 01 00 61 76
[ 5905.657s] TEXT: '...;.'
[ 5905.657s] TEXT: '.....'
[ 5905.657s] TEXT: '.....'
[ 5905.657s] FRAME (len=56): 38 00 11 00 01 00 00 00 01 00 46 81 9E E3 00 1D 00 0F 20 00 10 0B 5F 27 55 BD 00 00 00 00 00 00 61 07 73 62 24 00 06 00 00 88 00 00 98 00 9F 00 09 00 00 00 41 0E AC D7
[ 5905.657s] FRAME (len=12): 0C 00 11 00 00 00 00 00 01 00 61 76
[ 5905.657s] FRAME (len=12): 0C 00 11 00 0B 00 00 00 01 00 C3 B5
[ 5911.664s] TEXT: '...;.'
[ 5911.664s] TEXT: '.....'
[ 5911.664s] FRAME (len=56): 38 00 11 00 01 00 00 00 01 00 46 81 9E E3 00 1D 00 0F 20 00 10 0B 5F 27 55 BD 00 00 00 00 00 00 61 07 73 62 24 00 06 00 00 88 00 00 98 00 9F 00 09 00 00 00 41 0E AC D7
[ 5911.664s] FRAME (len=12): 0C 00 11 00 00 00 00 00 01 00 61 76
[ 5917.916s] TEXT: '...;.'
[ 5917.916s] TEXT: '.....'
[ 5917.916s] FRAME (len=56): 38 00 11 00 01 00 00 00 01 00 46 81 9E E3 00 1D 00 0F 20 00 10 0B 5F 27 55 BD 00 00 00 00 00 00 61 07 73 62 24 00 06 00 00 88 00 00 98 00 9F 00 09 00 00 00 41 0E AC D7
[ 5917.916s] FRAME (len=12): 0C 00 11 00 00 00 00 00 01 00 61 76
[ 5922.700s] TEXT: '...;.'
[ 5922.700s] FRAME (len=56): 38 00 11 00 01 00 00 00 01 00 00 12 4B 00 38 0D 16 FD 03 00 B1 08 61 27 31 69 D4 FF 64 00 EE 02 00 00 00 00 00 00 0A 04 00 00 00 00 00 00 06 01 00 00 00 00 00 00 6F 7C
[ 5924.159s] TEXT: '....TX succeeded...;.'
[ 5924.159s] TEXT: '.....'
[ 5924.159s] FRAME (len=56): 38 00 11 00 01 00 00 00 01 00 46 81 9E E3 00 1D 00 0F 20 00 10 0B 5F 27 55 BD 00 00 00 00 00 00 61 07 73 62 24 00 06 00 00 88 00 00 98 00 9F 00 09 00 00 00 41 0E AC D7
[ 5924.159s] FRAME (len=12): 0C 00 11 00 00 00 00 00 01 00 61 76
[ 5930.583s] TEXT: '...;.'
[ 5930.583s] TEXT: '.....'
[ 5930.583s] TEXT: '.....'
[ 5930.583s] FRAME (len=56): 38 00 11 00 01 00 00 00 01 00 46 81 9E E3 00 1D 00 0F 20 00 08 0B 5F 27 55 CB 00 00 00 00 00 00 61 07 73 62 24 00 06 00 00 88 00 00 98 00 9F 00 09 00 00 00 41 0E 80 F9
[ 5930.583s] FRAME (len=12): 0C 00 11 00 00 00 00 00 01 00 61 76
[ 5930.583s] FRAME (len=12): 0C 00 11 00 0B 00 00 00 01 00 C3 B5
[ 5936.592s] TEXT: '...;.'
[ 5936.592s] TEXT: '.....'
[ 5936.592s] FRAME (len=56): 38 00 11 00 01 00 00 00 01 00 46 81 9E E3 00 1D 00 0F 20 00 08 0B 5F 27 55 CB 00 00 00 00 00 00 61 07 73 62 24 00 06 00 00 88 00 00 98 00 9F 00 09 00 00 00 41 0E 80 F9
[ 5936.592s] FRAME (len=12): 0C 00 11 00 00 00 00 00 01 00 61 76
[ 5942.817s] TEXT: '...;.'
[ 5942.817s] TEXT: '.....'
[ 5942.817s] FRAME (len=56): 38 00 11 00 01 00 00 00 01 00 46 81 9E E3 00 1D 00 0F 20 00 08 0B 5F 27 55 CB 00 00 00 00 00 00 61 07 73 62 24 00 06 00 00 88 00 00 98 00 9F 00 09 00 00 00 41 0E 80 F9
[ 5942.817s] FRAME (len=12): 0C 00 11 00 00 00 00 00 01 00 61 76
[ 5948.400s] TEXT: '...;.'
[ 5948.400s] FRAME (len=56): 38 00 11 00 01 00 00 00 01 00 00 12 4B 00 38 0D 16 FD 03 00 B2 08 61 27 31 01 D4 FF 64 00 EE 02 00 00 00 00 00 00 0A 04 00 00 00 00 00 00 06 01 00 00 00 00 00 00 96 1E
[ 5949.019s] TEXT: '....TX succeeded...;.'
[ 5949.019s] TEXT: '.....'
[ 5949.019s] FRAME (len=56): 38 00 11 00 01 00 00 00 01 00 46 81 9E E3 00 1D 00 0F 20 00 08 0B 5F 27 55 CB 00 00 00 00 00 00 61 07 73 62 24 00 06 00 00 88 00 00 98 00 9F 00 09 00 00 00 41 0E 80 F9
[ 5949.019s] FRAME (len=12): 0C 00 11 00 00 00 00 00 01 00 61 76
[ 5955.450s] TEXT: '...;.'
[ 5955.450s] TEXT: '.....'
[ 5955.450s] TEXT: '.....'
[ 5955.450s] FRAME (len=56): 38 00 11 00 01 00 00 00 01 00 46 81 9E E3 00 1D 00 0F 20 00 16 0B 60 27 55 85 00 00 00 00 00 00 61 07 73 62 24 00 06 00 00 88 00 00 98 00 9F 00 09 00 00 00 1B 0E ED 80
[ 5955.450s] FRAME (len=12): 0C 00 11 00 00 00 00 00 01 00 61 76
[ 5955.450s] FRAME (len=12): 0C 00 11 00 0B 00 00 00 01 00 C3 B5
[ 5961.459s] TEXT: '...;.'
[ 5961.459s] TEXT: '.....'
[ 5961.459s] FRAME (len=56): 38 00 11 00 01 00 00 00 01 00 46 81 9E E3 00 1D 00 0F 20 00 16 0B 60 27 55 85 00 00 00 00 00 00 61 07 73 62 24 00 06 00 00 88 00 00 98 00 9F 00 09 00 00 00 1B 0E ED 80
[ 5961.459s] FRAME (len=12): 0C 00 11 00 00 00 00 00 01 00 61 76
[ 5967.659s] TEXT: '...;.'
[ 5967.659s] TEXT: '.....'
[ 5967.659s] FRAME (len=56): 38 00 11 00 01 00 00 00 01 00 46 81 9E E3 00 1D 00 0F 20 00 16 0B 60 27 55 85 00 00 00 00 00 00 61 07 73 62 24 00 06 00 00 88 00 00 98 00 9F 00 09 00 00 00 1B 0E ED 80
[ 5967.659s] FRAME (len=12): 0C 00 11 00 00 00 00 00 01 00 61 76
[ 5973.857s] TEXT: '...;.'
[ 5973.857s] TEXT: '.....'
[ 5973.857s] FRAME (len=56): 38 00 11 00 01 00 00 00 01 00 46 81 9E E3 00 1D 00 0F 20 00 16 0B 60 27 55 85 00 00 00 00 00 00 61 07 73 62 24 00 06 00 00 88 00 00 98 00 9F 00 09 00 00 00 1B 0E ED 80
[ 5973.857s] FRAME (len=12): 0C 00 11 00 00 00 00 00 01 00 61 76
[ 5974.893s] TEXT: '...;.'
[ 5974.893s] FRAME (len=25): 38 00 11 00 01 00 00 00 01 00 00 12 4B 00 38 0D 16 FD 03 00 B2 08 61 27 31
[ 5980.304s] TEXT: '..d.........\n...............U.}....TX succeeded...;.'
[ 5980.304s] TEXT: '.....'
[ 5980.304s] TEXT: '.....'
[ 5980.304s] FRAME (len=56): 38 00 11 00 01 00 00 00 01 00 46 81 9E E3 00 1D 00 0F 20 00 1E 0B 5F 27 55 B1 00 00 00 00 00 00 61 07 73 62 24 00 06 00 00 88 00 00 98 00 9F 00 09 00 00 00 41 0E 91 0A
[ 5980.304s] FRAME (len=12): 0C 00 11 00 00 00 00 00 01 00 61 76
[ 5980.304s] FRAME (len=12): 0C 00 11 00 0B 00 00 00 01 00 C3 B5
[ 5986.292s] TEXT: '...;.'
[ 5986.292s] TEXT: '.....'
[ 5986.292s] FRAME (len=56): 38 00 11 00 01 00 00 00 01 00 46 81 9E E3 00 1D 00 0F 20 00 1E 0B 5F 27 55 B1 00 00 00 00 00 00 61 07 73 62 24 00 06 00 00 88 00 00 98 00 9F 00 09 00 00 00 41 0E 91 0A
[ 5986.292s] FRAME (len=12): 0C 00 11 00 00 00 00 00 01 00 61 76
[ 5992.542s] TEXT: '...;.'
[ 5992.542s] TEXT: '.....'
[ 5992.542s] FRAME (len=56): 38 00 11 00 01 00 00 00 01 00 46 81 9E E3 00 1D 00 0F 20 00 1E 0B 5F 27 55 B1 00 00 00 00 00 00 61 07 73 62 24 00 06 00 00 88 00 00 98 00 9F 00 09 00 00 00 41 0E 91 0A
[ 5992.542s] FRAME (len=12): 0C 00 11 00 00 00 00 00 01 00 61 76
[ 5998.771s] TEXT: '...;.'
[ 5998.771s] TEXT: '.....'
[ 5998.771s] FRAME (len=56): 38 00 11 00 01 00 00 00 01 00 46 81 9E E3 00 1D 00 0F 20 00 1E 0B 5F 27 55 B1 00 00 00 00 00 00 61 07 73 62 24 00 06 00 00 88 00 00 98 00 9F 00 09 00 00 00 41 0E 91 0A
[ 5998.771s] FRAME (len=12): 0C 00 11 00 00 00 00 00 01 00 61 76
[ 6000.609s] TEXT: '...;.'
[ 6000.609s] FRAME (len=56): 38 00 11 00 01 00 00 00 01 00 00 12 4B 00 38 0D 16 FD 03 00 B2 08 61 27 31 71 D4 FF 64 00 EE 02 00 00 00 00 00 00 0A 04 00 00 00 00 00 00 06 01 00 00 00 00 00 00 79 C0
[ 6005.161s] TEXT: '....TX succeeded...;.'
[ 6005.161s] TEXT: '.....'
[ 6005.161s] TEXT: '.....'
[ 6005.161s] FRAME (len=56): 38 00 11 00 01 00 00 00 01 00 46 81 9E E3 00 1D 00 0F 20 00 15 0B 5F 27 55 CD 00 00 00 00 00 00 61 07 73 62 24 00 05 00 00 88 00 00 98 00 9F 00 09 00 00 00 41 0E FD 2D
[ 6005.161s] FRAME (len=12): 0C 00 11 00 00 00 00 00 01 00 61 76
[ 6005.161s] FRAME (len=12): 0C 00 11 00 0B 00 00 00 01 00 C3 B5
[ 6011.173s] TEXT: '...;.'
[ 6011.173s] TEXT: '.....'
[ 6011.173s] FRAME (len=56): 38 00 11 00 01 00 00 00 01 00 46 81 9E E3 00 1D 00 0F 20 00 15 0B 5F 27 55 CD 00 00 00 00 00 00 61 07 73 62 24 00 05 00 00 88 00 00 98 00 9F 00 09 00 00 00 41 0E FD 2D
[ 6011.173s] FRAME (len=12): 0C 00 11 00 00 00 00 00 01 00 61 76
[ 6017.375s] TEXT: '...;.'
[ 6017.375s] TEXT: '.....'
[ 6017.375s] FRAME (len=56): 38 00 11 00 01 00 00 00 01 00 46 81 9E E3 00 1D 00 0F 20 00 15 0B 5F 27 55 CD 00 00 00 00 00 00 61 07 73 62 24 00 05 00 00 88 00 00 98 00 9F 00 09 00 00 00 41 0E FD 2D
[ 6017.375s] FRAME (len=12): 0C 00 11 00 00 00 00 00 01 00 61 76
[ 6023.576s] TEXT: '...;.'
[ 6023.576s] TEXT: '.....'
[ 6023.576s] FRAME (len=56): 38 00 11 00 01 00 00 00 01 00 46 81 9E E3 00 1D 00 0F 20 00 15 0B 5F 27 55 CD 00 00 00 00 00 00 61 07 73 62 24 00 05 00 00 88 00 00 98 00 9F 00 09 00 00 00 41 0E FD 2D
[ 6023.576s] FRAME (len=12): 0C 00 11 00 00 00 00 00 01 00 61 76
[ 6026.259s] TEXT: '...;.'
[ 6026.259s] FRAME (len=56): 38 00 11 00 01 00 00 00 01 00 00 12 4B 00 38 0D 16 FD 03 00 B3 08 61 27 31 19 D4 FF 64 00 EE 02 00 00 00 00 00 00 0A 04 00 00 00 00 00 00 06 01 00 00 00 00 00 00 EB 8A
[ 6029.995s] TEXT: '....TX succeeded...;.'
[ 6029.995s] TEXT: '.....'
[ 6029.995s] TEXT: '.....'
[ 6029.995s] FRAME (len=56): 38 00 11 00 01 00 00 00 01 00 46 81 9E E3 00 1D 00 0F 20 00 10 0B 5F 27 56 BF 00 00 00 00 00 00 61 07 73 62 24 00 06 00 00 88 00 00 98 00 9F 00 09 00 00 00 2E 0E 74 26
[ 6029.995s] FRAME (len=12): 0C 00 11 00 00 00 00 00 01 00 61 76
[ 6029.995s] FRAME (len=12): 0C 00 11 00 0B 00 00 00 01 00 C3 B5
[ 6036.000s] TEXT: '...;.'
[ 6036.000s] TEXT: '.....'
[ 6036.000s] FRAME (len=56): 38 00 11 00 01 00 00 00 01 00 46 81 9E E3 00 1D 00 0F 20 00 10 0B 5F 27 56 BF 00 00 00 00 00 00 61 07 73 62 24 00 06 00 00 88 00 00 98 00 9F 00 09 00 00 00 2E 0E 74 26
[ 6036.000s] FRAME (len=12): 0C 00 11 00 00 00 00 00 01 00 61 76
[ 6042.412s] TEXT: '...;.'
[ 6042.412s] TEXT: '.....'
[ 6042.412s] FRAME (len=56): 38 00 11 00 01 00 00 00 01 00 46 81 9E E3 00 1D 00 0F 20 00 10 0B 5F 27 56 BF 00 00 00 00 00 00 61 07 73 62 24 00 06 00 00 88 00 00 98 00 9F 00 09 00 00 00 2E 0E 74 26
[ 6042.412s] FRAME (len=12): 0C 00 11 00 00 00 00 00 01 00 61 76
[ 6048.623s] TEXT: '...;.'
[ 6048.623s] TEXT: '.....'
[ 6048.623s] FRAME (len=56): 38 00 11 00 01 00 00 00 01 00 46 81 9E E3 00 1D 00 0F 20 00 10 0B 5F 27 56 BF 00 00 00 00 00 00 61 07 73 62 24 00 06 00 00 88 00 00 98 00 9F 00 09 00 00 00 2E 0E 74 26
[ 6048.623s] FRAME (len=12): 0C 00 11 00 00 00 00 00 01 00 61 76
[ 6051.917s] TEXT: '...;.'
[ 6051.917s] FRAME (len=56): 38 00 11 00 01 00 00 00 01 00 00 12 4B 00 38 0D 16 FD 03 00 B4 08 62 27 31 15 D4 FF 64 00 EE 02 00 00 00 00 00 00 0A 04 00 00 00 00 00 00 06 01 00 00 00 00 00 00 95 81
[ 6054.821s] TEXT: '....TX succeeded...;.'
[ 6054.821s] TEXT: '.....'
[ 6054.821s] TEXT: '.....'
[ 6054.821s] FRAME (len=56): 38 00 11 00 01 00 00 00 01 00 46 81 9E E3 00 1D 00 0F 20 00 0E 0B 60 27 56 91 00 00 00 00 00 00 61 07 73 62 24 00 06 00 00 88 00 00 98 00 9F 00 09 00 00 00 54 0E 9F 78
[ 6054.821s] FRAME (len=12): 0C 00 11 00 00 00 00 00 01 00 61 76
[ 6054.821s] FRAME (len=12): 0C 00 11 00 0B 00 00 00 01 00 C3 B5
[ 6060.839s] TEXT: '...;.'
[ 6060.839s] TEXT: '.....'
[ 6060.839s] FRAME (len=56): 38 00 11 00 01 00 00 00 01 00 46 81 9E E3 00 1D 00 0F 20 00 0E 0B 60 27 56 91 00 00 00 00 00 00 61 07 73 62 24 00 06 00 00 88 00 00 98 00 9F 00 09 00 00 00 54 0E 9F 78
[ 6060.839s] FRAME (len=12): 0C 00 11 00 00 00 00 00 01 00 61 76
[ 6067.267s] TEXT: '...;.'
[ 6067.267s] TEXT: '.....'
[ 6067.267s] FRAME (len=56): 38 00 11 00 01 00 00 00 01 00 46 81 9E E3 00 1D 00 0F 20 00 0E 0B 60 27 56 91 00 00 00 00 00 00 61 07 73 62 24 00 06 00 00 88 00 00 98 00 9F 00 09 00 00 00 54 0E 9F 78
[ 6067.267s] FRAME (len=12): 0C 00 11 00 00 00 00 00 01 00 61 76
[ 6073.500s] TEXT: '...;.'
[ 6073.500s] TEXT: '.....'
[ 6073.500s] FRAME (len=56): 38 00 11 00 01 00 00 00 01 00 46 81 9E E3 00 1D 00 0F 20 00 0E 0B 60 27 56 91 00 00 00 00 00 00 61 07 73 62 24 00 06 00 00 88 00 00 98 00 9F 00 09 00 00 00 54 0E 9F 78
[ 6073.500s] FRAME (len=12): 0C 00 11 00 00 00 00 00 01 00 61 76
[ 6077.652s] TEXT: '...;.'
[ 6077.652s] FRAME (len=56): 38 00 11 00 01 00 00 00 01 00 00 12 4B 00 38 0D 16 FD 03 00 B4 08 62 27 31 15 D4 FF 64 00 EE 02 00 00 00 00 00 00 0A 04 00 00 00 00 00 00 06 01 00 00 00 00 00 00 95 81
[ 6079.725s] TEXT: '....TX succeeded...;.'
[ 6079.725s] TEXT: '.....'
[ 6079.725s] TEXT: '.....'
[ 6079.725s] FRAME (len=56): 38 00 11 00 01 00 00 00 01 00 46 81 9E E3 00 1D 00 0F 20 00 13 0B 60 27 56 89 00 00 00 00 00 00 61 07 73 62 24 00 06 00 00 88 00 00 98 00 9F 00 09 00 00 00 41 0E 67 B2
[ 6079.725s] FRAME (len=12): 0C 00 11 00 00 00 00 00 01 00 61 76
[ 6079.725s] FRAME (len=12): 0C 00 11 00 0B 00 00 00 01 00 C3 B5
[ 6085.747s] TEXT: '...;.'
[ 6085.747s] TEXT: '.....'
[ 6085.747s] FRAME (len=56): 38 00 11 00 01 00 00 00 01 00 46 81 9E E3 00 1D 00 0F 20 00 13 0B 60 27 56 89 00 00 00 00 00 00 61 07 73 62 24 00 06 00 00 88 00 00 98 00 9F 00 09 00 00 00 41 0E 67 B2
[ 6085.747s] FRAME (len=12): 0C 00 11 00 00 00 00 00 01 00 61 76
[ 6091.949s] TEXT: '...;.'
[ 6092.159s] TEXT: '.....'
[ 6092.159s] FRAME (len=56): 38 00 11 00 01 00 00 00 01 00 46 81 9E E3 00 1D 00 0F 20 00 13 0B 60 27 56 89 00 00 00 00 00 00 61 07 73 62 24 00 06 00 00 88 00 00 98 00 9F 00 09 00 00 00 41 0E 67 B2
[ 6092.159s] FRAME (len=12): 0C 00 11 00 00 00 00 00 01 00 61 76
[ 6098.350s] TEXT: '...;.'
[ 6098.350s] TEXT: '.....'
[ 6098.350s] FRAME (len=56): 38 00 11 00 01 00 00 00 01 00 46 81 9E E3 00 1D 00 0F 20 00 13 0B 60 27 56 89 00 00 00 00 00 00 61 07 73 62 24 00 06 00 00 88 00 00 98 00 9F 00 09 00 00 00 41 0E 67 B2
[ 6098.350s] FRAME (len=12): 0C 00 11 00 00 00 00 00 01 00 61 76
[ 6103.329s] TEXT: '...;.'
[ 6103.329s] FRAME (len=56): 38 00 11 00 01 00 00 00 01 00 00 12 4B 00 38 0D 16 FD 03 00 B4 08 62 27 31 39 D4 FF 64 00 EE 02 00 00 00 00 00 00 0A 04 00 00 00 00 00 00 06 01 00 00 00 00 00 00 86 6A
[ 6104.568s] TEXT: '....TX failed: 0xc....TX failed: 0xc...;.'
[ 6104.568s] TEXT: '.....'
[ 6104.568s] TEXT: '.....'
[ 6104.568s] FRAME (len=56): 38 00 11 00 01 00 00 00 01 00 46 81 9E E3 00 1D 00 0F 20 00 1D 0B 60 27 55 93 00 00 00 00 00 00 61 07 73 62 24 00 06 00 00 88 00 00 98 00 9F 00 09 00 00 00 54 0E 64 75
[ 6104.568s] FRAME (len=12): 0C 00 11 00 00 00 00 00 01 00 61 76
[ 6104.568s] FRAME (len=12): 0C 00 11 00 0B 00 00 00 01 00 C3 B5
[ 6110.746s] TEXT: '...;.'
[ 6110.746s] TEXT: '.....'
[ 6110.746s] FRAME (len=56): 38 00 11 00 01 00 00 00 01 00 46 81 9E E3 00 1D 00 0F 20 00 1D 0B 60 27 55 93 00 00 00 00 00 00 61 07 73 62 24 00 06 00 00 88 00 00 98 00 9F 00 09 00 00 00 54 0E 64 75
[ 6110.746s] FRAME (len=12): 0C 00 11 00 00 00 00 00 01 00 61 76
[ 6116.950s] TEXT: '...;.'
[ 6116.950s] TEXT: '.....'
[ 6116.950s] FRAME (len=56): 38 00 11 00 01 00 00 00 01 00 46 81 9E E3 00 1D 00 0F 20 00 1D 0B 60 27 55 93 00 00 00 00 00 00 61 07 73 62 24 00 06 00 00 88 00 00 98 00 9F 00 09 00 00 00 54 0E 64 75
[ 6116.950s] FRAME (len=12): 0C 00 11 00 00 00 00 00 01 00 61 76
[ 6123.171s] TEXT: '...;.'
[ 6123.171s] TEXT: '.....'
[ 6123.171s] FRAME (len=56): 38 00 11 00 01 00 00 00 01 00 46 81 9E E3 00 1D 00 0F 20 00 1D 0B 60 27 55 93 00 00 00 00 00 00 61 07 73 62 24 00 06 00 00 88 00 00 98 00 9F 00 09 00 00 00 54 0E 64 75
[ 6123.171s] FRAME (len=12): 0C 00 11 00 00 00 00 00 01 00 61 76
[ 6129.578s] TEXT: '...;.'
[ 6129.578s] TEXT: '.....'
[ 6129.578s] TEXT: '.....'
[ 6129.578s] FRAME (len=56): 38 00 11 00 01 00 00 00 01 00 46 81 9E E3 00 1D 00 0F 20 00 19 0B 60 27 56 95 00 00 00 00 00 00 61 07 73 62 24 00 06 00 00 88 00 00 98 00 9F 00 09 00 00 00 41 0E 03 C0
[ 6129.578s] FRAME (len=12): 0C 00 11 00 00 00 00 00 01 00 61 76
[ 6129.578s] FRAME (len=12): 0C 00 11 00 0B 00 00 00 01 00 C3 B5
[ 6129.996s] TEXT: '...;.'
[ 6129.996s] FRAME (len=56): 38 00 11 00 01 00 00 00 01 00 00 12 4B 00 38 0D 16 FD 03 00 B5 08 62 27 31 39 D4 FF 64 00 EE 02 00 00 00 00 00 00 0A 04 00 00 00 00 00 00 06 01 00 00 00 00 00 00 A3 F6
[ 6135.565s] TEXT: '....TX succeeded...;.'
[ 6135.565s] TEXT: '.....'
[ 6135.565s] FRAME (len=56): 38 00 11 00 01 00 00 00 01 00 46 81 9E E3 00 1D 00 0F 20 00 19 0B 60 27 56 95 00 00 00 00 00 00 61 07 73 62 24 00 06 00 00 88 00 00 98 00 9F 00 09 00 00 00 41 0E 03 C0
[ 6135.565s] FRAME (len=12): 0C 00 11 00 00 00 00 00 01 00 61 76
[ 6141.770s] TEXT: '...;.'
[ 6141.770s] TEXT: '.....'
[ 6141.770s] FRAME (len=56): 38 00 11 00 01 00 00 00 01 00 46 81 9E E3 00 1D 00 0F 20 00 19 0B 60 27 56 95 00 00 00 00 00 00 61 07 73 62 24 00 06 00 00 88 00 00 98 00 9F 00 09 00 00 00 41 0E 03 C0
[ 6141.770s] FRAME (len=12): 0C 00 11 00 00 00 00 00 01 00 61 76
[ 6147.975s] TEXT: '...;.'
[ 6147.975s] TEXT: '.....'
[ 6147.975s] FRAME (len=56): 38 00 11 00 01 00 00 00 01 00 46 81 9E E3 00 1D 00 0F 20 00 19 0B 60 27 56 95 00 00 00 00 00 00 61 07 73 62 24 00 06 00 00 88 00 00 98 00 9F 00 09 00 00 00 41 0E 03 C0
[ 6147.975s] FRAME (len=12): 0C 00 11 00 00 00 00 00 01 00 61 76
[ 6154.371s] TEXT: '...;.'
[ 6154.371s] TEXT: '.....'
[ 6154.371s] TEXT: '.....'
[ 6154.371s] FRAME (len=56): 38 00 11 00 01 00 00 00 01 00 46 81 9E E3 00 1D 00 0F 20 00 05 0B 60 27 56 AD 00 00 00 00 00 00 61 07 73 62 24 00 06 00 00 88 00 00 98 00 9F 00 09 00 00 00 41 0E 67 85
[ 6154.371s] FRAME (len=12): 0C 00 11 00 00 00 00 00 01 00 61 76
[ 6154.371s] FRAME (len=12): 0C 00 11 00 0B 00 00 00 01 00 C3 B5
[ 6155.616s] TEXT: '...;.'
[ 6155.616s] FRAME (len=56): 38 00 11 00 01 00 00 00 01 00 00 12 4B 00 38 0D 16 FD 03 00 B5 08 62 27 31 45 D4 FF 64 00 EE 02 00 00 00 00 00 00 0A 04 00 00 00 00 00 00 06 01 00 00 00 00 00 00 60 2C
[ 6160.379s] TEXT: '....TX succeeded...;.'
[ 6160.379s] TEXT: '.....'
[ 6160.379s] FRAME (len=56): 38 00 11 00 01 00 00 00 01 00 46 81 9E E3 00 1D 00 0F 20 00 05 0B 60 27 56 AD 00 00 00 00 00 00 61 07 73 62 24 00 06 00 00 88 00 00 98 00 9F 00 09 00 00 00 41 0E 67 85
[ 6160.379s] FRAME (len=12): 0C 00 11 00 00 00 00 00 01 00 61 76
[ 6166.562s] TEXT: '...;.'
[ 6166.562s] TEXT: '.....'
[ 6166.562s] FRAME (len=56): 38 00 11 00 01 00 00 00 01 00 46 81 9E E3 00 1D 00 0F 20 00 05 0B 60 27 56 AD 00 00 00 00 00 00 61 07 73 62 24 00 06 00 00 88 00 00 98 00 9F 00 09 00 00 00 41 0E 67 85
[ 6166.562s] FRAME (len=12): 0C 00 11 00 00 00 00 00 01 00 61 76
[ 6172.792s] TEXT: '...;.'
[ 6172.792s] TEXT: '.....'
[ 6172.792s] FRAME (len=56): 38 00 11 00 01 00 00 00 01 00 46 81 9E E3 00 1D 00 0F 20 00 05 0B 60 27 56 AD 00 00 00 00 00 00 61 07 73 62 24 00 06 00 00 88 00 00 98 00 9F 00 09 00 00 00 41 0E 67 85
[ 6172.792s] FRAME (len=12): 0C 00 11 00 00 00 00 00 01 00 61 76
[ 6179.204s] TEXT: '...;.'
[ 6179.204s] TEXT: '.....'
[ 6179.204s] TEXT: '.....'
[ 6179.204s] FRAME (len=56): 38 00 11 00 01 00 00 00 01 00 46 81 9E E3 00 1D 00 0F 20 00 11 0B 60 27 55 AB 00 00 00 00 00 00 61 07 73 62 24 00 06 00 00 88 00 00 98 00 9F 00 09 00 00 00 2E 0E EB 84
[ 6179.204s] FRAME (len=12): 0C 00 11 00 00 00 00 00 01 00 61 76
[ 6179.204s] FRAME (len=12): 0C 00 11 00 0B 00 00 00 01 00 C3 B5
[ 6181.285s] TEXT: '...;.'
[ 6181.285s] FRAME (len=56): 38 00 11 00 01 00 00 00 01 00 00 12 4B 00 38 0D 16 FD 03 00 B5 08 62 27 31 39 D4 FF 64 00 EE 02 00 00 00 00 00 00 0A 04 00 00 00 00 00 00 06 01 00 00 00 00 00 00 A3 F6
[ 6185.207s] TEXT: '....TX succeeded...;.'
[ 6185.207s] TEXT: '.....'
[ 6185.207s] FRAME (len=56): 38 00 11 00 01 00 00 00 01 00 46 81 9E E3 00 1D 00 0F 20 00 11 0B 60 27 55 AB 00 00 00 00 00 00 61 07 73 62 24 00 06 00 00 88 00 00 98 00 9F 00 09 00 00 00 2E 0E EB 84
[ 6185.207s] FRAME (len=12): 0C 00 11 00 00 00 00 00 01 00 61 76
[ 6191.414s] TEXT: '...;.'
[ 6191.414s] TEXT: '.....'
[ 6191.414s] FRAME (len=56): 38 00 11 00 01 00 00 00 01 00 46 81 9E E3 00 1D 00 0F 20 00 11 0B 60 27 55 AB 00 00 00 00 00 00 61 07 73 62 24 00 06 00 00 88 00 00 98 00 9F 00 09 00 00 00 2E 0E EB 84
[ 6191.414s] FRAME (len=12): 0C 00 11 00 00 00 00 00 01 00 61 76
[ 6197.819s] TEXT: '...;.'
[ 6197.819s] TEXT: '.....'
[ 6197.819s] FRAME (len=56): 38 00 11 00 01 00 00 00 01 00 46 81 9E E3 00 1D 00 0F 20 00 11 0B 60 27 55 AB 00 00 00 00 00 00 61 07 73 62 24 00 06 00 00 88 00 00 98 00 9F 00 09 00 00 00 2E 0E EB 84
[ 6197.819s] FRAME (len=12): 0C 00 11 00 00 00 00 00 01 00 61 76
[ 6203.987s] TEXT: '...;.'
[ 6204.196s] TEXT: '.....'
[ 6204.196s] TEXT: '.....'
[ 6204.196s] FRAME (len=56): 38 00 11 00 01 00 00 00 01 00 46 81 9E E3 00 1D 00 0F 20 00 0D 0B 60 27 56 B3 00 00 00 00 00 00 61 07 73 62 24 00 06 00 00 88 00 00 98 00 9F 00 09 00 00 00 54 0E 03 D2
[ 6204.196s] FRAME (len=12): 0C 00 11 00 00 00 00 00 01 00 61 76
[ 6204.196s] FRAME (len=12): 0C 00 11 00 0B 00 00 00 01 00 C3 B5
[ 6207.106s] TEXT: '...;.'
[ 6207.106s] FRAME (len=56): 38 00 11 00 01 00 00 00 01 00 00 12 4B 00 38 0D 16 FD 03 00 B5 08 62 27 31 55 D4 FF 64 00 EE 02 00 00 00 00 00 00 0A 04 00 00 00 00 00 00 06 01 00 00 00 00 00 00 EF D3
[ 6210.203s] TEXT: '....TX succeeded...;.'
[ 6210.203s] TEXT: '.....'
[ 6210.203s] FRAME (len=56): 38 00 11 00 01 00 00 00 01 00 46 81 9E E3 00 1D 00 0F 20 00 0D 0B 60 27 56 B3 00 00 00 00 00 00 61 07 73 62 24 00 06 00 00 88 00 00 98 00 9F 00 09 00 00 00 54 0E 03 D2
[ 6210.203s] FRAME (len=12): 0C 00 11 00 00 00 00 00 01 00 61 76
[ 6216.410s] TEXT: '...;.'
[ 6216.410s] TEXT: '.....'
[ 6216.410s] FRAME (len=56): 38 00 11 00 01 00 00 00 01 00 46 81 9E E3 00 1D 00 0F 20 00 0D 0B 60 27 56 B3 00 00 00 00 00 00 61 07 73 62 24 00 06 00 00 88 00 00 98 00 9F 00 09 00 00 00 54 0E 03 D2
[ 6216.410s] FRAME (len=12): 0C 00 11 00 00 00 00 00 01 00 61 76
[ 6222.616s] TEXT: '...;.'
[ 6222.616s] TEXT: '.....'
[ 6222.616s] FRAME (len=56): 38 00 11 00 01 00 00 00 01 00 46 81 9E E3 00 1D 00 0F 20 00 0D 0B 60 27 56 B3 00 00 00 00 00 00 61 07 73 62 24 00 06 00 00 88 00 00 98 00 9F 00 09 00 00 00 54 0E 03 D2
[ 6222.616s] FRAME (len=12): 0C 00 11 00 00 00 00 00 01 00 61 76
[ 6229.036s] TEXT: '...;.'
[ 6229.036s] TEXT: '.....'
[ 6229.036s] TEXT: '.....'
[ 6229.036s] FRAME (len=56): 38 00 11 00 01 00 00 00 01 00 46 81 9E E3 00 1D 00 0F 20 00 16 0B 60 27 56 B5 00 00 00 00 00 00 61 07 73 62 24 00 05 00 00 88 00 00 98 00 9F 00 09 00 00 00 54 0E C3 7E
[ 6229.036s] FRAME (len=12): 0C 00 11 00 00 00 00 00 01 00 61 76
[ 6229.036s] FRAME (len=12): 0C 00 11 00 0B 00 00 00 01 00 C3 B5
[ 6232.746s] TEXT: '...;.'
[ 6232.746s] FRAME (len=56): 38 00 11 00 01 00 00 00 01 00 00 12 4B 00 38 0D 16 FD 03 00 B6 08 62 27 31 5D D4 FF 64 00 EE 02 00 00 00 00 00 00 0A 04 00 00 00 00 00 00 06 01 00 00 00 00 00 00 76 90
[ 6235.002s] TEXT: '....TX succeeded...;.'
[ 6235.002s] TEXT: '.....'
[ 6235.002s] FRAME (len=56): 38 00 11 00 01 00 00 00 01 00 46 81 9E E3 00 1D 00 0F 20 00 16 0B 60 27 56 B5 00 00 00 00 00 00 61 07 73 62 24 00 05 00 00 88 00 00 98 00 9F 00 09 00 00 00 54 0E C3 7E
[ 6235.002s] FRAME (len=12): 0C 00 11 00 00 00 00 00 01 00 61 76
[ 6241.228s] TEXT: '...;.'
[ 6241.228s] TEXT: '.....'
[ 6241.228s] FRAME (len=56): 38 00 11 00 01 00 00 00 01 00 46 81 9E E3 00 1D 00 0F 20 00 16 0B 60 27 56 B5 00 00 00 00 00 00 61 07 73 62 24 00 05 00 00 88 00 00 98 00 9F 00 09 00 00 00 54 0E C3 7E
[ 6241.228s] FRAME (len=12): 0C 00 11 00 00 00 00 00 01 00 61 76
[ 6247.459s] TEXT: '...;.'
[ 6247.459s] TEXT: '.....'
[ 6247.459s] FRAME (len=56): 38 00 11 00 01 00 00 00 01 00 46 81 9E E3 00 1D 00 0F 20 00 16 0B 60 27 56 B5 00 00 00 00 00 00 61 07 73 62 24 00 05 00 00 88 00 00 98 00 9F 00 09 00 00 00 54 0E C3 7E
[ 6247.459s] FRAME (len=12): 0C 00 11 00 00 00 00 00 01 00 61 76
[ 6253.879s] TEXT: '...;.'
[ 6253.879s] TEXT: '.....'
[ 6253.879s] TEXT: '.....'
[ 6253.879s] FRAME (len=56): 38 00 11 00 01 00 00 00 01 00 46 81 9E E3 00 1D 00 0F 20 00 19 0B 61 27 56 95 00 00 00 00 00 00 61 07 73 62 24 00 05 00 00 88 00 00 98 00 9F 00 09 00 00 00 1B 0E 7C 90
[ 6253.879s] FRAME (len=12): 0C 00 11 00 00 00 00 00 01 00 61 76
[ 6253.879s] FRAME (len=12): 0C 00 11 00 0B 00 00 00 01 00 C3 B5
[ 6259.453s] TEXT: '...;.'
[ 6259.453s] FRAME (len=56): 38 00 11 00 01 00 00 00 01 00 00 12 4B 00 38 0D 16 FD 03 00 B7 08 62 27 31 0D D4 FF 64 00 EE 02 00 00 00 00 00 00 0A 04 00 00 00 00 00 00 06 01 00 00 00 00 00 00 83 3D
[ 6259.858s] TEXT: '....TX succeeded...;.'
[ 6259.858s] TEXT: '.....'
[ 6259.858s] FRAME (len=56): 38 00 11 00 01 00 00 00 01 00 46 81 9E E3 00 1D 00 0F 20 00 19 0B 61 27 56 95 00 00 00 00 00 00 61 07 73 62 24 00 05 00 00 88 00 00 98 00 9F 00 09 00 00 00 1B 0E 7C 90
[ 6259.858s] FRAME (len=12): 0C 00 11 00 00 00 00 00 01 00 61 76
[ 6266.048s] TEXT: '...;.'
[ 6266.048s] TEXT: '.....'
[ 6266.048s] FRAME (len=56): 38 00 11 00 01 00 00 00 01 00 46 81 9E E3 00 1D 00 0F 20 00 19 0B 61 27 56 95 00 00 00 00 00 00 61 07 73 62 24 00 05 00 00 88 00 00 98 00 9F 00 09 00 00 00 1B 0E 7C 90
[ 6266.048s] FRAME (len=12): 0C 00 11 00 00 00 00 00 01 00 61 76
[ 6272.244s] TEXT: '...;.'
[ 6272.244s] TEXT: '.....'
[ 6272.244s] FRAME (len=56): 38 00 11 00 01 00 00 00 01 00 46 81 9E E3 00 1D 00 0F 20 00 19 0B 61 27 56 95 00 00 00 00 00 00 61 07 73 62 24 00 05 00 00 88 00 00 98 00 9F 00 09 00 00 00 1B 0E 7C 90
[ 6272.244s] FRAME (len=12): 0C 00 11 00 00 00 00 00 01 00 61 76
[ 6278.648s] TEXT: '...;.'
[ 6278.648s] TEXT: '.....'
[ 6278.648s] TEXT: '.....'
[ 6278.648s] FRAME (len=56): 38 00 11 00 01 00 00 00 01 00 46 81 9E E3 00 1D 00 0F 20 00 0F 0B 60 27 56 CD 00 00 00 00 00 00 61 07 73 62 24 00 05 00 00 88 00 00 98 00 9F 00 09 00 00 00 67 0E CD 69
[ 6278.648s] FRAME (len=12): 0C 00 11 00 00 00 00 00 01 00 61 76
[ 6278.648s] FRAME (len=12): 0C 00 11 00 0B 00 00 00 01 00 C3 B5
[ 6284.857s] TEXT: '...;.'
[ 6284.857s] TEXT: '.....'
[ 6284.857s] FRAME (len=56): 38 00 11 00 01 00 00 00 01 00 46 81 9E E3 00 1D 00 0F 20 00 0F 0B 60 27 56 CD 00 00 00 00 00 00 61 07 73 62 24 00 05 00 00 88 00 00 98 00 9F 00 09 00 00 00 67 0E CD 69
[ 6284.857s] FRAME (len=12): 0C 00 11 00 00 00 00 00 01 00 61 76
[ 6285.060s] TEXT: '...;.'
[ 6285.060s] FRAME (len=56): 38 00 11 00 01 00 00 00 01 00 00 12 4B 00 38 0D 16 FD 03 00 B7 08 62 27 31 19 D4 FF 64 00 EE 02 00 00 00 00 00 00 0A 04 00 00 00 00 00 00 06 01 00 00 00 00 00 00 F7 31
[ 6290.865s] TEXT: '....TX succeeded...;.'
[ 6290.865s] FRAME (len=56): 38 00 11 00 01 00 00 00 01 00 46 81 9E E3 00 1D 00 0F 20 00 0F 0B 60 27 56 CD 00 00 00 00 00 00 61 07 73 62 24 00 05 00 00 88 00 00 98 00 9F 00 09 00 00 00 67 0E CD 69
[ 6291.074s] TEXT: '.....'
[ 6291.074s] FRAME (len=12): 0C 00 11 00 00 00 00 00 01 00 61 76
[ 6297.094s] TEXT: '...;.'
[ 6297.094s] TEXT: '.....'
[ 6297.094s] FRAME (len=56): 38 00 11 00 01 00 00 00 01 00 46 81 9E E3 00 1D 00 0F 20 00 0F 0B 60 27 56 CD 00 00 00 00 00 00 61 07 73 62 24 00 05 00 00 88 00 00 98 00 9F 00 09 00 00 00 67 0E CD 69
[ 6297.094s] FRAME (len=12): 0C 00 11 00 00 00 00 00 01 00 61 76
[ 6303.517s] TEXT: '...;.'
[ 6303.517s] TEXT: '.....'
[ 6303.517s] TEXT: '.....'
[ 6303.517s] FRAME (len=56): 38 00 11 00 01 00 00 00 01 00 46 81 9E E3 00 1D 00 0F 20 00 0A 0B 60 27 56 AF 00 00 00 00 00 00 61 07 73 62 24 00 05 00 00 88 00 00 98 00 9F 00 09 00 00 00 5F 0F AE E9
[ 6303.517s] FRAME (len=12): 0C 00 11 00 00 00 00 00 01 00 61 76
[ 6303.517s] FRAME (len=12): 0C 00 11 00 0B 00 00 00 01 00 C3 B5
[ 6309.741s] TEXT: '....ERR: Uart framing error....ERR: Uart unknown error...;.'
[ 6309.741s] TEXT: '.....'
[ 6309.741s] FRAME (len=56): 38 00 11 00 01 00 00 00 01 00 46 81 9E E3 00 1D 00 0F 20 00 0A 0B 60 27 56 AF 00 00 00 00 00 00 61 07 73 62 24 00 05 00 00 88 00 00 98 00 9F 00 09 00 00 00 5F 0F AE E9
[ 6309.741s] FRAME (len=12): 0C 00 11 00 00 00 00 00 01 00 61 76
[ 6310.780s] TEXT: '...;.'
[ 6310.780s] FRAME (len=56): 38 00 11 00 01 00 00 00 01 00 00 12 4B 00 38 0D 16 FD 03 00 B7 08 62 27 31 1D D4 FF 64 00 EE 02 00 00 00 00 00 00 0A 04 00 00 00 00 00 00 06 01 00 00 00 00 00 00 0C C2
[ 6315.742s] TEXT: '....TX succeeded...;.'
[ 6315.742s] FRAME (len=56): 38 00 11 00 01 00 00 00 01 00 46 81 9E E3 00 1D 00 0F 20 00 0A 0B 60 27 56 AF 00 00 00 00 00 00 61 07 73 62 24 00 05 00 00 88 00 00 98 00 9F 00 09 00 00 00 5F 0F AE E9
[ 6315.950s] TEXT: '.....'
[ 6315.950s] FRAME (len=12): 0C 00 11 00 00 00 00 00 01 00 61 76
[ 6321.974s] TEXT: '...;.'
[ 6321.974s] TEXT: '.....'
[ 6321.974s] FRAME (len=56): 38 00 11 00 01 00 00 00 01 00 46 81 9E E3 00 1D 00 0F 20 00 0A 0B 60 27 56 AF 00 00 00 00 00 00 61 07 73 62 24 00 05 00 00 88 00 00 98 00 9F 00 09 00 00 00 5F 0F AE E9
[ 6321.974s] FRAME (len=12): 0C 00 11 00 00 00 00 00 01 00 61 76
[ 6328.398s] TEXT: '...;.'
[ 6328.398s] TEXT: '.....'
[ 6328.398s] TEXT: '.....'
[ 6328.398s] FRAME (len=56): 38 00 11 00 01 00 00 00 01 00 46 81 9E E3 00 1D 00 0F 20 00 13 0B 61 27 56 A3 00 00 00 00 00 00 61 07 73 62 24 00 05 00 00 88 00 00 98 00 9F 00 09 00 00 00 67 0E 29 46
[ 6328.398s] FRAME (len=12): 0C 00 11 00 00 00 00 00 01 00 61 76
[ 6328.398s] FRAME (len=12): 0C 00 11 00 0B 00 00 00 01 00 C3 B5
[ 6334.422s] TEXT: '...;.'
[ 6334.422s] TEXT: '.....'
[ 6334.422s] FRAME (len=56): 38 00 11 00 01 00 00 00 01 00 46 81 9E E3 00 1D 00 0F 20 00 13 0B 61 27 56 A3 00 00 00 00 00 00 61 07 73 62 24 00 05 00 00 88 00 00 98 00 9F 00 09 00 00 00 67 0E 29 46
[ 6334.422s] FRAME (len=12): 0C 00 11 00 00 00 00 00 01 00 61 76
[ 6336.491s] TEXT: '...;.'
[ 6336.491s] FRAME (len=56): 38 00 11 00 01 00 00 00 01 00 00 12 4B 00 38 0D 16 FD 03 00 B8 08 63 27 31 3D D4 FF 64 00 EE 02 00 00 00 00 00 00 0A 04 00 00 00 00 00 00 06 01 00 00 00 00 00 00 41 31
[ 6340.628s] TEXT: '....TX succeeded...;.'
[ 6340.628s] TEXT: '.....'
[ 6340.628s] FRAME (len=56): 38 00 11 00 01 00 00 00 01 00 46 81 9E E3 00 1D 00 0F 20 00 13 0B 61 27 56 A3 00 00 00 00 00 00 61 07 73 62 24 00 05 00 00 88 00 00 98 00 9F 00 09 00 00 00 67 0E 29 46
[ 6340.628s] FRAME (len=12): 0C 00 11 00 00 00 00 00 01 00 61 76
[ 6346.865s] TEXT: '...;.'
[ 6346.865s] TEXT: '.....'
[ 6346.865s] FRAME (len=56): 38 00 11 00 01 00 00 00 01 00 46 81 9E E3 00 1D 00 0F 20 00 13 0B 61 27 56 A3 00 00 00 00 00 00 61 07 73 62 24 00 05 00 00 88 00 00 98 00 9F 00 09 00 00 00 67 0E 29 46
[ 6346.865s] FRAME (len=12): 0C 00 11 00 00 00 00 00 01 00 61 76
[ 6353.286s] TEXT: '...;.'
[ 6353.286s] TEXT: '.....'
[ 6353.286s] TEXT: '.....'
[ 6353.286s] FRAME (len=56): 38 00 11 00 01 00 00 00 01 00 46 81 9E E3 00 1D 00 0F 20 00 0A 0B 61 27 56 85 00 00 00 00 00 00 61 07 73 62 24 00 06 00 00 88 00 00 98 00 9F 00 09 00 00 00 41 0E FD 81
[ 6353.286s] FRAME (len=12): 0C 00 11 00 00 00 00 00 01 00 61 76
[ 6353.286s] FRAME (len=12): 0C 00 11 00 0B 00 00 00 01 00 C3 B5
[ 6359.317s] TEXT: '...;.'
[ 6359.317s] TEXT: '.....'
[ 6359.317s] FRAME (len=56): 38 00 11 00 01 00 00 00 01 00 46 81 9E E3 00 1D 00 0F 20 00 0A 0B 61 27 56 85 00 00 00 00 00 00 61 07 73 62 24 00 06 00 00 88 00 00 98 00 9F 00 09 00 00 00 41 0E FD 81
[ 6359.317s] FRAME (len=12): 0C 00 11 00 00 00 00 00 01 00 61 76
[ 6362.008s] TEXT: '...;.'
[ 6362.008s] FRAME (len=56): 38 00 11 00 01 00 00 00 01 00 00 12 4B 00 38 0D 16 FD 03 00 B8 08 63 27 31 31 D4 FF 64 00 EE 02 00 00 00 00 00 00 0A 04 00 00 00 00 00 00 06 01 00 00 00 00 00 00 6D 35
[ 6365.523s] TEXT: '....TX succeeded...;.'
[ 6365.523s] TEXT: '.....'
[ 6365.523s] FRAME (len=56): 38 00 11 00 01 00 00 00 01 00 46 81 9E E3 00 1D 00 0F 20 00 0A 0B 61 27 56 85 00 00 00 00 00 00 61 07 73 62 24 00 06 00 00 88 00 00 98 00 9F 00 09 00 00 00 41 0E FD 81
[ 6365.523s] FRAME (len=12): 0C 00 11 00 00 00 00 00 01 00 61 76
[ 6371.757s] TEXT: '...;.'
[ 6371.757s] TEXT: '.....'
[ 6371.757s] FRAME (len=56): 38 00 11 00 01 00 00 00 01 00 46 81 9E E3 00 1D 00 0F 20 00 0A 0B 61 27 56 85 00 00 00 00 00 00 61 07 73 62 24 00 06 00 00 88 00 00 98 00 9F 00 09 00 00 00 41 0E FD 81
[ 6371.757s] FRAME (len=12): 0C 00 11 00 00 00 00 00 01 00 61 76
[ 6378.174s] TEXT: '....ERR: Uart framing error....ERR: Uart unknown error...;.'
[ 6378.174s] TEXT: '.....'
[ 6378.174s] TEXT: '.....'
[ 6378.174s] FRAME (len=56): 38 00 11 00 01 00 00 00 01 00 46 81 9E E3 00 1D 00 0F 20 00 07 0B 61 27 56 B1 00 00 00 00 00 00 61 07 73 62 24 00 06 00 00 88 00 00 98 00 9F 00 09 00 00 00 2E 0E FD 14
[ 6378.174s] FRAME (len=12): 0C 00 11 00 00 00 00 00 01 00 61 76
[ 6378.174s] FRAME (len=12): 0C 00 11 00 0B 00 00 00 01 00 C3 B5
[ 6384.212s] TEXT: '...;.'
[ 6384.212s] TEXT: '.....'
[ 6384.212s] FRAME (len=56): 38 00 11 00 01 00 00 00 01 00 46 81 9E E3 00 1D 00 0F 20 00 07 0B 61 27 56 B1 00 00 00 00 00 00 61 07 73 62 24 00 06 00 00 88 00 00 98 00 9F 00 09 00 00 00 2E 0E FD 14
[ 6384.212s] FRAME (len=12): 0C 00 11 00 00 00 00 00 01 00 61 76
[ 6387.728s] TEXT: '...;.'
[ 6387.728s] FRAME (len=56): 38 00 11 00 01 00 00 00 01 00 00 12 4B 00 38 0D 16 FD 03 00 B8 08 63 27 31 25 D4 FF 64 00 EE 02 00 00 00 00 00 00 0A 04 00 00 00 00 00 00 06 01 00 00 00 00 00 00 19 39
[ 6390.416s] TEXT: '....TX failed: 0xc....TX failed: 0xc...;.'
[ 6390.416s] TEXT: '.....'
[ 6390.416s] FRAME (len=56): 38 00 11 00 01 00 00 00 01 00 46 81 9E E3 00 1D 00 0F 20 00 07 0B 61 27 56 B1 00 00 00 00 00 00 61 07 73 62 24 00 06 00 00 88 00 00 98 00 9F 00 09 00 00 00 2E 0E FD 14
[ 6390.416s] FRAME (len=12): 0C 00 11 00 00 00 00 00 01 00 61 76
[ 6396.658s] TEXT: '...;.'
[ 6396.658s] TEXT: '.....'
[ 6396.658s] FRAME (len=56): 38 00 11 00 01 00 00 00 01 00 46 81 9E E3 00 1D 00 0F 20 00 07 0B 61 27 56 B1 00 00 00 00 00 00 61 07 73 62 24 00 06 00 00 88 00 00 98 00 9F 00 09 00 00 00 2E 0E FD 14
[ 6396.658s] FRAME (len=12): 0C 00 11 00 00 00 00 00 01 00 61 76
[ 6403.057s] TEXT: '...;.'
[ 6403.057s] TEXT: '.}.....'
[ 6403.057s] TEXT: '.....'
[ 6403.057s] FRAME (len=54): 38 00 11 00 01 00 00 00 01 00 46 81 9E E3 00 1D 00 0F 20 00 0B 0B 61 27 56 AD 00 00 00 00 00 00 61 07 73 62 24 00 05 00 00 88 00 00 98 00 9F 00 09 00 00 00 41 0E
[ 6403.057s] FRAME (len=12): 0C 00 11 00 00 00 00 00 01 00 61 76
[ 6403.057s] FRAME (len=12): 0C 00 11 00 0B 00 00 00 01 00 C3 B5
[ 6409.008s] TEXT: '...;.'
[ 6409.208s] TEXT: '.}.....'
[ 6409.208s] FRAME (len=54): 38 00 11 00 01 00 00 00 01 00 46 81 9E E3 00 1D 00 0F 20 00 0B 0B 61 27 56 AD 00 00 00 00 00 00 61 07 73 62 24 00 05 00 00 88 00 00 98 00 9F 00 09 00 00 00 41 0E
[ 6409.208s] FRAME (len=12): 0C 00 11 00 00 00 00 00 01 00 61 76
[ 6414.395s] TEXT: '...;.'
[ 6414.395s] FRAME (len=56): 38 00 11 00 01 00 00 00 01 00 00 12 4B 00 38 0D 16 FD 03 00 B9 08 63 27 31 59 D4 FF 64 00 EE 02 00 00 00 00 00 00 0A 04 00 00 00 00 00 00 06 01 00 00 00 00 00 00 FF 7F
[ 6415.220s] TEXT: '....TX succeeded...;.'
[ 6415.220s] FRAME (len=54): 38 00 11 00 01 00 00 00 01 00 46 81 9E E3 00 1D 00 0F 20 00 0B 0B 61 27 56 AD 00 00 00 00 00 00 61 07 73 62 24 00 05 00 00 88 00 00 98 00 9F 00 09 00 00 00 41 0E
[ 6415.424s] TEXT: '.}.....'
[ 6415.424s] FRAME (len=12): 0C 00 11 00 00 00 00 00 01 00 61 76
[ 6421.411s] TEXT: '...;.'
[ 6421.411s] TEXT: '.}.....'
[ 6421.411s] FRAME (len=54): 38 00 11 00 01 00 00 00 01 00 46 81 9E E3 00 1D 00 0F 20 00 0B 0B 61 27 56 AD 00 00 00 00 00 00 61 07 73 62 24 00 05 00 00 88 00 00 98 00 9F 00 09 00 00 00 41 0E
[ 6421.411s] FRAME (len=12): 0C 00 11 00 00 00 00 00 01 00 61 76
[ 6427.801s] TEXT: '...;.'
[ 6427.801s] TEXT: '.....'
[ 6427.801s] TEXT: '.....'
[ 6427.801s] FRAME (len=56): 38 00 11 00 01 00 00 00 01 00 46 81 9E E3 00 1D 00 0F 20 00 10 0B 61 27 55 A1 00 00 00 00 00 00 61 07 73 62 24 00 05 00 00 88 00 00 98 00 9F 00 09 00 00 00 41 0E EB B4
[ 6427.801s] FRAME (len=12): 0C 00 11 00 00 00 00 00 01 00 61 76
[ 6427.801s] FRAME (len=12): 0C 00 11 00 0B 00 00 00 01 00 C3 B5
[ 6434.018s] TEXT: '...;.'
[ 6434.018s] TEXT: '.....'
[ 6434.018s] FRAME (len=56): 38 00 11 00 01 00 00 00 01 00 46 81 9E E3 00 1D 00 0F 20 00 10 0B 61 27 55 A1 00 00 00 00 00 00 61 07 73 62 24 00 05 00 00 88 00 00 98 00 9F 00 09 00 00 00 41 0E EB B4
[ 6434.018s] FRAME (len=12): 0C 00 11 00 00 00 00 00 01 00 61 76
[ 6440.035s] TEXT: '...;.'
[ 6440.035s] FRAME (len=56): 38 00 11 00 01 00 00 00 01 00 00 12 4B 00 38 0D 16 FD 03 00 B9 08 63 27 31 6D D4 FF 64 00 EE 02 00 00 00 00 00 00 0A 04 00 00 00 00 00 00 06 01 00 00 00 00 00 00 B4 9C
[ 6440.241s] TEXT: '....TX succeeded...;.'
[ 6440.241s] TEXT: '.....'
[ 6440.241s] FRAME (len=56): 38 00 11 00 01 00 00 00 01 00 46 81 9E E3 00 1D 00 0F 20 00 10 0B 61 27 55 A1 00 00 00 00 00 00 61 07 73 62 24 00 05 00 00 88 00 00 98 00 9F 00 09 00 00 00 41 0E EB B4
[ 6440.241s] FRAME (len=12): 0C 00 11 00 00 00 00 00 01 00 61 76
[ 6446.257s] TEXT: '...;.'
[ 6446.466s] TEXT: '.....'
[ 6446.466s] FRAME (len=56): 38 00 11 00 01 00 00 00 01 00 46 81 9E E3 00 1D 00 0F 20 00 10 0B 61 27 55 A1 00 00 00 00 00 00 61 07 73 62 24 00 05 00 00 88 00 00 98 00 9F 00 09 00 00 00 41 0E EB B4
[ 6446.466s] FRAME (len=12): 0C 00 11 00 00 00 00 00 01 00 61 76
[ 6452.866s] TEXT: '...;.'
[ 6452.866s] TEXT: '.....'
[ 6452.866s] TEXT: '.....'
[ 6452.866s] FRAME (len=56): 38 00 11 00 01 00 00 00 01 00 46 81 9E E3 00 1D 00 0F 20 00 12 0B 61 27 55 A3 00 00 00 00 00 00 61 07 73 62 24 00 06 00 00 88 00 00 98 00 9F 00 09 00 00 00 41 0E 20 85
[ 6452.866s] FRAME (len=12): 0C 00 11 00 00 00 00 00 01 00 61 76
[ 6452.866s] FRAME (len=12): 0C 00 11 00 0B 00 00 00 01 00 C3 B5
[ 6458.873s] TEXT: '...;.'
[ 6458.873s] TEXT: '.....'
[ 6458.873s] FRAME (len=56): 38 00 11 00 01 00 00 00 01 00 46 81 9E E3 00 1D 00 0F 20 00 12 0B 61 27 55 A3 00 00 00 00 00 00 61 07 73 62 24 00 06 00 00 88 00 00 98 00 9F 00 09 00 00 00 41 0E 20 85
[ 6458.873s] FRAME (len=12): 0C 00 11 00 00 00 00 00 01 00 61 76
[ 6465.083s] TEXT: '...;.'
[ 6465.083s] TEXT: '.....'
[ 6465.083s] FRAME (len=56): 38 00 11 00 01 00 00 00 01 00 46 81 9E E3 00 1D 00 0F 20 00 12 0B 61 27 55 A3 00 00 00 00 00 00 61 07 73 62 24 00 06 00 00 88 00 00 98 00 9F 00 09 00 00 00 41 0E 20 85
[ 6465.083s] FRAME (len=12): 0C 00 11 00 00 00 00 00 01 00 61 76
[ 6465.695s] TEXT: '...;.'
[ 6465.695s] FRAME (len=56): 38 00 11 00 01 00 00 00 01 00 00 12 4B 00 38 0D 16 FD 03 00 B9 08 63 27 31 75 D4 FF 64 00 EE 02 00 00 00 00 00 00 0A 04 00 00 00 00 00 00 06 01 00 00 00 00 00 00 EC 94
[ 6471.282s] TEXT: '....TX succeeded...;.'
[ 6471.282s] TEXT: '.....'
[ 6471.282s] FRAME (len=56): 38 00 11 00 01 00 00 00 01 00 46 81 9E E3 00 1D 00 0F 20 00 12 0B 61 27 55 A3 00 00 00 00 00 00 61 07 73 62 24 00 06 00 00 88 00 00 98 00 9F 00 09 00 00 00 41 0E 20 85
[ 6471.282s] FRAME (len=12): 0C 00 11 00 00 00 00 00 01 00 61 76
[ 6477.502s] TEXT: '...;.'
[ 6477.502s] TEXT: '.....'
[ 6477.502s] TEXT: '.....'
[ 6477.502s] FRAME (len=56): 38 00 11 00 01 00 00 00 01 00 46 81 9E E3 00 1D 00 0F 20 00 0C 0B 61 27 56 AF 00 00 00 00 00 00 61 07 73 62 24 00 05 00 00 88 00 00 98 00 9F 00 09 00 00 00 41 0E 08 F8
[ 6477.502s] FRAME (len=12): 0C 00 11 00 00 00 00 00 01 00 61 76
[ 6477.502s] FRAME (len=12): 0C 00 11 00 0B 00 00 00 01 00 C3 B5
[ 6483.725s] TEXT: '...;.'
[ 6483.725s] TEXT: '.....'
[ 6483.725s] FRAME (len=56): 38 00 11 00 01 00 00 00 01 00 46 81 9E E3 00 1D 00 0F 20 00 0C 0B 61 27 56 AF 00 00 00 00 00 00 61 07 73 62 24 00 05 00 00 88 00 00 98 00 9F 00 09 00 00 00 41 0E 08 F8
[ 6483.725s] FRAME (len=12): 0C 00 11 00 00 00 00 00 01 00 61 76
[ 6489.958s] TEXT: '...;.'
[ 6489.958s] TEXT: '.....'
[ 6489.958s] FRAME (len=56): 38 00 11 00 01 00 00 00 01 00 46 81 9E E3 00 1D 00 0F 20 00 0C 0B 61 27 56 AF 00 00 00 00 00 00 61 07 73 62 24 00 05 00 00 88 00 00 98 00 9F 00 09 00 00 00 41 0E 08 F8
[ 6489.958s] FRAME (len=12): 0C 00 11 00 00 00 00 00 01 00 61 76
[ 6491.395s] TEXT: '...;.'
[ 6491.395s] FRAME (len=56): 38 00 11 00 01 00 00 00 01 00 00 12 4B 00 38 0D 16 FD 03 00 B9 08 63 27 31 6D D4 FF 64 00 EE 02 00 00 00 00 00 00 0A 04 00 00 00 00 00 00 06 01 00 00 00 00 00 00 B4 9C
[ 6496.165s] TEXT: '....TX succeeded...;.'
[ 6496.165s] TEXT: '.....'
[ 6496.165s] FRAME (len=56): 38 00 11 00 01 00 00 00 01 00 46 81 9E E3 00 1D 00 0F 20 00 0C 0B 61 27 56 AF 00 00 00 00 00 00 61 07 73 62 24 00 05 00 00 88 00 00 98 00 9F 00 09 00 00 00 41 0E 08 F8
[ 6496.165s] FRAME (len=12): 0C 00 11 00 00 00 00 00 01 00 61 76
[ 6502.348s] TEXT: '...;.'
[ 6502.348s] FRAME (len=56): 38 00 11 00 01 00 00 00 01 00 46 81 9E E3 00 1D 00 0F 20 00 0E 0B 61 27 56 B1 00 00 00 00 00 00 61 07 73 62 24 00 05 00 00 88 00 00 98 00 9F 00 09 00 00 00 41 0E 2D DA
[ 6502.558s] TEXT: '.....'
[ 6502.558s] TEXT: '.....'
[ 6502.558s] FRAME (len=12): 0C 00 11 00 00 00 00 00 01 00 61 76
[ 6502.558s] FRAME (len=12): 0C 00 11 00 0B 00 00 00 01 00 C3 B5
[ 6508.572s] TEXT: '...;.'
[ 6508.572s] TEXT: '.....'
[ 6508.572s] FRAME (len=56): 38 00 11 00 01 00 00 00 01 00 46 81 9E E3 00 1D 00 0F 20 00 0E 0B 61 27 56 B1 00 00 00 00 00 00 61 07 73 62 24 00 05 00 00 88 00 00 98 00 9F 00 09 00 00 00 41 0E 2D DA
[ 6508.572s] FRAME (len=12): 0C 00 11 00 00 00 00 00 01 00 61 76
[ 6514.790s] TEXT: '...;.'
[ 6514.790s] TEXT: '.....'
[ 6514.790s] FRAME (len=56): 38 00 11 00 01 00 00 00 01 00 46 81 9E E3 00 1D 00 0F 20 00 0E 0B 61 27 56 B1 00 00 00 00 00 00 61 07 73 62 24 00 05 00 00 88 00 00 98 00 9F 00 09 00 00 00 41 0E 2D DA
[ 6514.790s] FRAME (len=12): 0C 00 11 00 00 00 00 00 01 00 61 76
[ 6517.057s] TEXT: '...;.'
[ 6517.057s] FRAME (len=56): 38 00 11 00 01 00 00 00 01 00 00 12 4B 00 38 0D 16 FD 03 00 BA 08 63 27 31 79 D4 FF 64 00 EE 02 00 00 00 00 00 00 0A 04 00 00 00 00 00 00 06 01 00 00 00 00 00 00 8E 24
[ 6520.983s] TEXT: '....TX succeeded...;.'
[ 6520.983s] TEXT: '.....'
[ 6520.983s] FRAME (len=56): 38 00 11 00 01 00 00 00 01 00 46 81 9E E3 00 1D 00 0F 20 00 0E 0B 61 27 56 B1 00 00 00 00 00 00 61 07 73 62 24 00 05 00 00 88 00 00 98 00 9F 00 09 00 00 00 41 0E 2D DA
[ 6520.983s] FRAME (len=12): 0C 00 11 00 00 00 00 00 01 00 61 76
[ 6527.381s] TEXT: '...;.'
[ 6527.381s] TEXT: '.....'
[ 6527.381s] TEXT: '.....'
[ 6527.381s] FRAME (len=56): 38 00 11 00 01 00 00 00 01 00 46 81 9E E3 00 1D 00 0F 20 00 0F 0B 61 27 56 C3 00 00 00 00 00 00 61 07 73 62 24 00 06 00 00 88 00 00 98 00 9F 00 09 00 00 00 2E 0E 53 9A
[ 6527.381s] FRAME (len=12): 0C 00 11 00 00 00 00 00 01 00 61 76
[ 6527.381s] FRAME (len=12): 0C 00 11 00 0B 00 00 00 01 00 C3 B5
[ 6533.381s] TEXT: '...;.'
[ 6533.381s] TEXT: '.....'
[ 6533.381s] FRAME (len=56): 38 00 11 00 01 00 00 00 01 00 46 81 9E E3 00 1D 00 0F 20 00 0F 0B 61 27 56 C3 00 00 00 00 00 00 61 07 73 62 24 00 06 00 00 88 00 00 98 00 9F 00 09 00 00 00 2E 0E 53 9A
[ 6533.381s] FRAME (len=12): 0C 00 11 00 00 00 00 00 01 00 61 76
[ 6539.566s] TEXT: '...;.'
[ 6539.566s] TEXT: '.....'
[ 6539.566s] FRAME (len=56): 38 00 11 00 01 00 00 00 01 00 46 81 9E E3 00 1D 00 0F 20 00 0F 0B 61 27 56 C3 00 00 00 00 00 00 61 07 73 62 24 00 06 00 00 88 00 00 98 00 9F 00 09 00 00 00 2E 0E 53 9A
[ 6539.566s] FRAME (len=12): 0C 00 11 00 00 00 00 00 01 00 61 76
[ 6543.690s] TEXT: '...;.'
[ 6543.891s] FRAME (len=56): 38 00 11 00 01 00 00 00 01 00 00 12 4B 00 38 0D 16 FD 03 00 BA 08 63 27 31 11 D4 FF 64 00 EE 02 00 00 00 00 00 00 0A 04 00 00 00 00 00 00 06 01 00 00 00 00 00 00 39 F2
[ 6545.762s] TEXT: '....TX succeeded...;.'
[ 6545.762s] FRAME (len=56): 38 00 11 00 01 00 00 00 01 00 46 81 9E E3 00 1D 00 0F 20 00 0F 0B 61 27 56 C3 00 00 00 00 00 00 61 07 73 62 24 00 06 00 00 88 00 00 98 00 9F 00 09 00 00 00 2E 0E 53 9A
[ 6545.967s] TEXT: '.....'
[ 6545.967s] FRAME (len=12): 0C 00 11 00 00 00 00 00 01 00 61 76
[ 6552.181s] TEXT: '...;.'
[ 6552.181s] TEXT: '.....'
[ 6552.181s] TEXT: '.....'
[ 6552.181s] FRAME (len=56): 38 00 11 00 01 00 00 00 01 00 46 81 9E E3 00 1D 00 0F 20 00 0B 0B 61 27 56 C7 00 00 00 00 00 00 61 07 73 62 24 00 05 00 00 88 00 00 98 00 9F 00 09 00 00 00 41 0E 27 CA
[ 6552.181s] FRAME (len=12): 0C 00 11 00 00 00 00 00 01 00 61 76
[ 6552.181s] FRAME (len=12): 0C 00 11 00 0B 00 00 00 01 00 C3 B5
[ 6558.395s] TEXT: '...;.'
[ 6558.395s] TEXT: '.....'
[ 6558.395s] FRAME (len=56): 38 00 11 00 01 00 00 00 01 00 46 81 9E E3 00 1D 00 0F 20 00 0B 0B 61 27 56 C7 00 00 00 00 00 00 61 07 73 62 24 00 05 00 00 88 00 00 98 00 9F 00 09 00 00 00 41 0E 27 CA
[ 6558.395s] FRAME (len=12): 0C 00 11 00 00 00 00 00 01 00 61 76
[ 6564.614s] TEXT: '...;.'
[ 6564.614s] TEXT: '.....'
[ 6564.614s] FRAME (len=56): 38 00 11 00 01 00 00 00 01 00 46 81 9E E3 00 1D 00 0F 20 00 0B 0B 61 27 56 C7 00 00 00 00 00 00 61 07 73 62 24 00 05 00 00 88 00 00 98 00 9F 00 09 00 00 00 41 0E 27 CA
[ 6564.614s] FRAME (len=12): 0C 00 11 00 00 00 00 00 01 00 61 76
[ 6569.372s] TEXT: '....ERR: Uart overrun error....ERR: Uart unknown error...;.'
[ 6569.372s] FRAME (len=56): 38 00 11 00 01 00 00 00 01 00 00 12 4B 00 38 0D 16 FD 03 00 BB 08 63 27 31 19 D4 FF 64 00 EE 02 00 00 00 00 00 00 0A 04 00 00 00 00 00 00 06 01 00 00 00 00 00 00 CB 99
[ 6570.608s] TEXT: '....TX succeeded...;.'
[ 6570.608s] FRAME (len=56): 38 00 11 00 01 00 00 00 01 00 46 81 9E E3 00 1D 00 0F 20 00 0B 0B 61 27 56 C7 00 00 00 00 00 00 61 07 73 62 24 00 05 00 00 88 00 00 98 00 9F 00 09 00 00 00 41 0E 27 CA
[ 6570.812s] TEXT: '.....'
[ 6570.812s] FRAME (len=12): 0C 00 11 00 00 00 00 00 01 00 61 76
[ 6577.014s] TEXT: '...;.'
[ 6577.014s] TEXT: '.....'
[ 6577.014s] TEXT: '.....'
[ 6577.014s] FRAME (len=56): 38 00 11 00 01 00 00 00 01 00 46 81 9E E3 00 1D 00 0F 20 00 16 0B 61 27 56 B7 00 00 00 00 00 00 61 07 73 62 24 00 05 00 00 88 00 00 98 00 9F 00 09 00 00 00 41 0E EE 2A
[ 6577.014s] FRAME (len=12): 0C 00 11 00 00 00 00 00 01 00 61 76
[ 6577.014s] FRAME (len=12): 0C 00 11 00 0B 00 00 00 01 00 C3 B5
[ 6583.207s] TEXT: '...;.'
[ 6583.207s] TEXT: '.....'
[ 6583.207s] FRAME (len=56): 38 00 11 00 01 00 00 00 01 00 46 81 9E E3 00 1D 00 0F 20 00 16 0B 61 27 56 B7 00 00 00 00 00 00 61 07 73 62 24 00 05 00 00 88 00 00 98 00 9F 00 09 00 00 00 41 0E EE 2A
[ 6583.207s] FRAME (len=12): 0C 00 11 00 00 00 00 00 01 00 61 76
[ 6589.411s] TEXT: '...;.'
[ 6589.411s] TEXT: '.....'
[ 6589.411s] FRAME (len=56): 38 00 11 00 01 00 00 00 01 00 46 81 9E E3 00 1D 00 0F 20 00 16 0B 61 27 56 B7 00 00 00 00 00 00 61 07 73 62 24 00 05 00 00 88 00 00 98 00 9F 00 09 00 00 00 41 0E EE 2A
[ 6589.411s] FRAME (len=12): 0C 00 11 00 00 00 00 00 01 00 61 76
[ 6595.218s] TEXT: '...;.'
[ 6595.218s] FRAME (len=56): 38 00 11 00 01 00 00 00 01 00 00 12 4B 00 38 0D 16 FD 03 00 BB 08 64 27 31 05 D4 FF 64 00 EE 02 00 00 00 00 00 00 0A 04 00 00 00 00 00 00 06 01 00 00 00 00 00 00 9B FC
[ 6595.633s] TEXT: '....TX succeeded...;.'
[ 6595.633s] TEXT: '.....'
[ 6595.633s] FRAME (len=56): 38 00 11 00 01 00 00 00 01 00 46 81 9E E3 00 1D 00 0F 20 00 16 0B 61 27 56 B7 00 00 00 00 00 00 61 07 73 62 24 00 05 00 00 88 00 00 98 00 9F 00 09 00 00 00 41 0E EE 2A
[ 6595.633s] FRAME (len=12): 0C 00 11 00 00 00 00 00 01 00 61 76
[ 6601.848s] TEXT: '....ERR: Uart overrun error....ERR: Uart unknown error...;.'
[ 6601.848s] TEXT: '.....'
[ 6601.848s] TEXT: '.....'
[ 6601.848s] FRAME (len=56): 38 00 11 00 01 00 00 00 01 00 46 81 9E E3 00 1D 00 0F 20 00 10 0B 62 27 56 83 00 00 00 00 00 00 61 07 73 62 24 00 06 00 00 88 00 00 98 00 9F 00 09 00 00 00 54 0E 19 4E
[ 6601.848s] FRAME (len=12): 0C 00 11 00 00 00 00 00 01 00 61 76
[ 6601.848s] FRAME (len=12): 0C 00 11 00 0B 00 00 00 01 00 C3 B5
[ 6608.072s] TEXT: '...;.'
[ 6608.072s] TEXT: '.....'
[ 6608.072s] FRAME (len=56): 38 00 11 00 01 00 00 00 01 00 46 81 9E E3 00 1D 00 0F 20 00 10 0B 62 27 56 83 00 00 00 00 00 00 61 07 73 62 24 00 06 00 00 88 00 00 98 00 9F 00 09 00 00 00 54 0E 19 4E
[ 6608.072s] FRAME (len=12): 0C 00 11 00 00 00 00 00 01 00 61 76
[ 6614.269s] TEXT: '...;.'
[ 6614.269s] TEXT: '.....'
[ 6614.269s] FRAME (len=56): 38 00 11 00 01 00 00 00 01 00 46 81 9E E3 00 1D 00 0F 20 00 10 0B 62 27 56 83 00 00 00 00 00 00 61 07 73 62 24 00 06 00 00 88 00 00 98 00 9F 00 09 00 00 00 54 0E 19 4E
[ 6614.269s] FRAME (len=12): 0C 00 11 00 00 00 00 00 01 00 61 76
[ 6620.481s] TEXT: '...;.'
[ 6620.481s] TEXT: '.....'
[ 6620.481s] FRAME (len=56): 38 00 11 00 01 00 00 00 01 00 46 81 9E E3 00 1D 00 0F 20 00 10 0B 62 27 56 83 00 00 00 00 00 00 61 07 73 62 24 00 06 00 00 88 00 00 98 00 9F 00 09 00 00 00 54 0E 19 4E
[ 6620.481s] FRAME (len=12): 0C 00 11 00 00 00 00 00 01 00 61 76
[ 6620.901s] TEXT: '...;.'
[ 6620.901s] FRAME (len=56): 38 00 11 00 01 00 00 00 01 00 00 12 4B 00 38 0D 16 FD 03 00 BB 08 64 27 31 01 D4 FF 64 00 EE 02 00 00 00 00 00 00 0A 04 00 00 00 00 00 00 06 01 00 00 00 00 00 00 60 0F
[ 6626.687s] TEXT: '....TX succeeded...;.'
[ 6626.687s] FRAME (len=56): 38 00 11 00 01 00 00 00 01 00 46 81 9E E3 00 1D 00 0F 20 00 00 0B 62 27 56 87 00 00 00 00 00 00 61 07 73 62 25 00 05 00 00 88 00 00 98 00 9F 00 09 00 00 00 2E 0E 75 11
[ 6626.890s] TEXT: '.....'
[ 6626.890s] TEXT: '.....'
[ 6626.890s] TEXT: '.....'
[ 6626.890s] FRAME (len=16): 10 00 11 00 08 00 00 00 01 00 04 00 00 00 34 99
[ 6626.890s] FRAME (len=12): 0C 00 11 00 00 00 00 00 01 00 61 76
[ 6626.890s] FRAME (len=12): 0C 00 11 00 0B 00 00 00 01 00 C3 B5
[ 6632.890s] TEXT: '...;.'
[ 6632.890s] TEXT: '.....'
[ 6632.890s] FRAME (len=56): 38 00 11 00 01 00 00 00 01 00 46 81 9E E3 00 1D 00 0F 20 00 00 0B 62 27 56 87 00 00 00 00 00 00 61 07 73 62 25 00 05 00 00 88 00 00 98 00 9F 00 09 00 00 00 2E 0E 75 11
[ 6632.890s] FRAME (len=12): 0C 00 11 00 00 00 00 00 01 00 61 76
[ 6639.113s] TEXT: '...;.'
[ 6639.113s] TEXT: '.....'
[ 6639.113s] FRAME (len=56): 38 00 11 00 01 00 00 00 01 00 46 81 9E E3 00 1D 00 0F 20 00 00 0B 62 27 56 87 00 00 00 00 00 00 61 07 73 62 25 00 05 00 00 88 00 00 98 00 9F 00 09 00 00 00 2E 0E 75 11
[ 6639.113s] FRAME (len=12): 0C 00 11 00 00 00 00 00 01 00 61 76
[ 6645.328s] TEXT: '...;.'
[ 6645.328s] TEXT: '.....'
[ 6645.328s] FRAME (len=56): 38 00 11 00 01 00 00 00 01 00 46 81 9E E3 00 1D 00 0F 20 00 00 0B 62 27 56 87 00 00 00 00 00 00 61 07 73 62 25 00 05 00 00 88 00 00 98 00 9F 00 09 00 00 00 2E 0E 75 11
[ 6645.328s] FRAME (len=12): 0C 00 11 00 00 00 00 00 01 00 61 76
[ 6646.569s] TEXT: '...;.'
[ 6646.569s] FRAME (len=56): 38 00 11 00 01 00 00 00 01 00 00 12 4B 00 38 0D 16 FD 03 00 BC 08 64 27 31 29 D4 FF 64 00 EE 02 00 00 00 00 00 00 0A 04 00 00 00 00 00 00 06 01 00 00 00 00 00 00 10 F3
[ 6651.741s] TEXT: '....TX succeeded...;.'
[ 6651.741s] TEXT: '.....'
[ 6651.741s] TEXT: '.....'
[ 6651.741s] FRAME (len=56): 38 00 11 00 01 00 00 00 01 00 46 81 9E E3 00 1D 00 0F 20 00 00 0B 62 27 55 A3 00 00 00 00 00 00 61 07 73 62 25 00 05 00 00 88 00 00 98 00 9F 00 09 00 00 00 2E 0E 90 16
[ 6651.741s] FRAME (len=12): 0C 00 11 00 00 00 00 00 01 00 61 76
[ 6651.741s] FRAME (len=12): 0C 00 11 00 0B 00 00 00 01 00 C3 B5
[ 6657.752s] TEXT: '...;.'
[ 6657.752s] TEXT: '.....'
[ 6657.752s] FRAME (len=56): 38 00 11 00 01 00 00 00 01 00 46 81 9E E3 00 1D 00 0F 20 00 00 0B 62 27 55 A3 00 00 00 00 00 00 61 07 73 62 25 00 05 00 00 88 00 00 98 00 9F 00 09 00 00 00 2E 0E 90 16
[ 6657.752s] FRAME (len=12): 0C 00 11 00 00 00 00 00 01 00 61 76
[ 6663.954s] TEXT: '...;.'
[ 6663.954s] TEXT: '.....'
[ 6663.954s] FRAME (len=56): 38 00 11 00 01 00 00 00 01 00 46 81 9E E3 00 1D 00 0F 20 00 00 0B 62 27 55 A3 00 00 00 00 00 00 61 07 73 62 25 00 05 00 00 88 00 00 98 00 9F 00 09 00 00 00 2E 0E 90 16
[ 6663.954s] FRAME (len=12): 0C 00 11 00 00 00 00 00 01 00 61 76
[ 6670.161s] TEXT: '...;.'
[ 6670.161s] TEXT: '.....'
[ 6670.161s] FRAME (len=56): 38 00 11 00 01 00 00 00 01 00 46 81 9E E3 00 1D 00 0F 20 00 00 0B 62 27 55 A3 00 00 00 00 00 00 61 07 73 62 25 00 05 00 00 88 00 00 98 00 9F 00 09 00 00 00 2E 0E 90 16
[ 6670.161s] FRAME (len=12): 0C 00 11 00 00 00 00 00 01 00 61 76
[ 6672.227s] TEXT: '...;.'
[ 6672.227s] FRAME (len=56): 38 00 11 00 01 00 00 00 01 00 00 12 4B 00 38 0D 16 FD 03 00 BC 08 64 27 31 35 D4 FF 64 00 EE 02 00 00 00 00 00 00 0A 04 00 00 00 00 00 00 06 01 00 00 00 00 00 00 B3 08
[ 6676.569s] TEXT: '....TX failed: 0xc....TX failed: 0xc...;.'
[ 6676.569s] TEXT: '.....'
[ 6676.569s] TEXT: '.....'
[ 6676.569s] FRAME (len=56): 38 00 11 00 01 00 00 00 01 00 46 81 9E E3 00 1D 00 0F 20 00 FF 0A 62 27 56 A5 00 00 00 00 00 00 61 07 73 62 25 00 06 00 00 88 00 00 98 00 9F 00 09 00 00 00 41 0E D2 27
[ 6676.569s] FRAME (len=12): 0C 00 11 00 00 00 00 00 01 00 61 76
[ 6676.569s] FRAME (len=12): 0C 00 11 00 0B 00 00 00 01 00 C3 B5
[ 6682.578s] TEXT: '...;.'
[ 6682.578s] TEXT: '.....'
[ 6682.578s] FRAME (len=56): 38 00 11 00 01 00 00 00 01 00 46 81 9E E3 00 1D 00 0F 20 00 FF 0A 62 27 56 A5 00 00 00 00 00 00 61 07 73 62 25 00 06 00 00 88 00 00 98 00 9F 00 09 00 00 00 41 0E D2 27
[ 6682.578s] FRAME (len=12): 0C 00 11 00 00 00 00 00 01 00 61 76
[ 6688.812s] TEXT: '...;.'
[ 6688.812s] TEXT: '.....'
[ 6688.812s] FRAME (len=56): 38 00 11 00 01 00 00 00 01 00 46 81 9E E3 00 1D 00 0F 20 00 FF 0A 62 27 56 A5 00 00 00 00 00 00 61 07 73 62 25 00 06 00 00 88 00 00 98 00 9F 00 09 00 00 00 41 0E D2 27
[ 6688.812s] FRAME (len=12): 0C 00 11 00 00 00 00 00 01 00 61 76
[ 6695.002s] TEXT: '...;.'
[ 6695.002s] TEXT: '.....'
[ 6695.002s] FRAME (len=56): 38 00 11 00 01 00 00 00 01 00 46 81 9E E3 00 1D 00 0F 20 00 FF 0A 62 27 56 A5 00 00 00 00 00 00 61 07 73 62 25 00 06 00 00 88 00 00 98 00 9F 00 09 00 00 00 41 0E D2 27
[ 6695.002s] FRAME (len=12): 0C 00 11 00 00 00 00 00 01 00 61 76
[ 6698.730s] TEXT: '...;.'
[ 6698.940s] FRAME (len=56): 38 00 11 00 01 00 00 00 01 00 00 12 4B 00 38 0D 16 FD 03 00 BC 08 64 27 31 2D D4 FF 64 00 EE 02 00 00 00 00 00 00 0A 04 00 00 00 00 00 00 06 01 00 00 00 00 00 00 EB 00
[ 6701.416s] TEXT: '....TX succeeded...;.'
[ 6701.416s] TEXT: '.....'
[ 6701.416s] TEXT: '.....'
[ 6701.416s] TEXT: '.....'
[ 6701.416s] FRAME (len=56): 38 00 11 00 01 00 00 00 01 00 46 81 9E E3 00 1D 00 0F 20 00 10 0B 62 27 56 9F 00 00 00 00 00 00 61 07 73 62 24 00 05 00 00 88 00 00 98 00 9F 00 09 00 00 00 2E 0E 65 BA
[ 6701.416s] FRAME (len=16): 10 00 11 00 08 00 00 00 01 00 04 00 00 00 34 99
[ 6701.416s] FRAME (len=12): 0C 00 11 00 00 00 00 00 01 00 61 76
[ 6701.416s] FRAME (len=12): 0C 00 11 00 0B 00 00 00 01 00 C3 B5
[ 6707.444s] TEXT: '...;.'
[ 6707.444s] TEXT: '.....'
[ 6707.444s] FRAME (len=56): 38 00 11 00 01 00 00 00 01 00 46 81 9E E3 00 1D 00 0F 20 00 10 0B 62 27 56 9F 00 00 00 00 00 00 61 07 73 62 24 00 05 00 00 88 00 00 98 00 9F 00 09 00 00 00 2E 0E 65 BA
[ 6707.444s] FRAME (len=12): 0C 00 11 00 00 00 00 00 01 00 61 76
[ 6713.844s] TEXT: '...;.'
[ 6713.844s] TEXT: '.....'
[ 6713.844s] FRAME (len=56): 38 00 11 00 01 00 00 00 01 00 46 81 9E E3 00 1D 00 0F 20 00 10 0B 62 27 56 9F 00 00 00 00 00 00 61 07 73 62 24 00 05 00 00 88 00 00 98 00 9F 00 09 00 00 00 2E 0E 65 BA
[ 6713.844s] FRAME (len=12): 0C 00 11 00 00 00 00 00 01 00 61 76
[ 6719.855s] TEXT: '...;.'
[ 6720.061s] TEXT: '.....'
[ 6720.061s] FRAME (len=56): 38 00 11 00 01 00 00 00 01 00 46 81 9E E3 00 1D 00 0F 20 00 10 0B 62 27 56 9F 00 00 00 00 00 00 61 07 73 62 24 00 05 00 00 88 00 00 98 00 9F 00 09 00 00 00 2E 0E 65 BA
[ 6720.061s] FRAME (len=12): 0C 00 11 00 00 00 00 00 01 00 61 76
[ 6724.595s] TEXT: '...;.'
[ 6724.595s] FRAME (len=56): 38 00 11 00 01 00 00 00 01 00 00 12 4B 00 38 0D 16 FD 03 00 BC 08 64 27 31 2D D4 FF 64 00 EE 02 00 00 00 00 00 00 0A 04 00 00 00 00 00 00 06 01 00 00 00 00 00 00 EB 00
[ 6726.261s] TEXT: '....TX succeeded...;.'
[ 6726.261s] TEXT: '.....'
[ 6726.261s] TEXT: '.....'
[ 6726.261s] FRAME (len=56): 38 00 11 00 01 00 00 00 01 00 46 81 9E E3 00 1D 00 0F 20 00 0F 0B 62 27 56 9F 00 00 00 00 00 00 61 07 73 62 24 00 05 00 00 88 00 00 98 00 9F 00 09 00 00 00 41 0E 3C B7
[ 6726.261s] FRAME (len=12): 0C 00 11 00 00 00 00 00 01 00 61 76
[ 6726.261s] FRAME (len=12): 0C 00 11 00 0B 00 00 00 01 00 C3 B5
[ 6732.257s] TEXT: '...;.'
[ 6732.257s] TEXT: '.....'
[ 6732.257s] FRAME (len=56): 38 00 11 00 01 00 00 00 01 00 46 81 9E E3 00 1D 00 0F 20 00 0F 0B 62 27 56 9F 00 00 00 00 00 00 61 07 73 62 24 00 05 00 00 88 00 00 98 00 9F 00 09 00 00 00 41 0E 3C B7
[ 6732.257s] FRAME (len=12): 0C 00 11 00 00 00 00 00 01 00 61 76
[ 6738.690s] TEXT: '...;.'
[ 6738.690s] TEXT: '.....'
[ 6738.690s] FRAME (len=56): 38 00 11 00 01 00 00 00 01 00 46 81 9E E3 00 1D 00 0F 20 00 0F 0B 62 27 56 9F 00 00 00 00 00 00 61 07 73 62 24 00 05 00 00 88 00 00 98 00 9F 00 09 00 00 00 41 0E 3C B7
[ 6738.690s] FRAME (len=12): 0C 00 11 00 00 00 00 00 01 00 61 76
[ 6744.896s] TEXT: '...;.'
[ 6744.896s] TEXT: '.....'
[ 6744.896s] FRAME (len=56): 38 00 11 00 01 00 00 00 01 00 46 81 9E E3 00 1D 00 0F 20 00 0F 0B 62 27 56 9F 00 00 00 00 00 00 61 07 73 62 24 00 05 00 00 88 00 00 98 00 9F 00 09 00 00 00 41 0E 3C B7
[ 6744.896s] FRAME (len=12): 0C 00 11 00 00 00 00 00 01 00 61 76
[ 6750.275s] TEXT: '...;.'
[ 6750.275s] FRAME (len=56): 38 00 11 00 01 00 00 00 01 00 00 12 4B 00 38 0D 16 FD 03 00 BC 08 64 27 31 45 D4 FF 64 00 EE 02 00 00 00 00 00 00 0A 04 00 00 00 00 00 00 06 01 00 00 00 00 00 00 5C D6
[ 6751.094s] TEXT: '....TX succeeded...;.'
[ 6751.094s] TEXT: '.....'
[ 6751.094s] TEXT: '.....'
[ 6751.094s] FRAME (len=56): 38 00 11 00 01 00 00 00 01 00 46 81 9E E3 00 1D 00 0F 20 00 10 0B 62 27 56 95 00 00 00 00 00 00 61 07 73 62 24 00 05 00 00 88 00 00 98 00 9F 00 09 00 00 00 41 0E 4B A7
[ 6751.094s] FRAME (len=12): 0C 00 11 00 00 00 00 00 01 00 61 76
[ 6751.094s] FRAME (len=12): 0C 00 11 00 0B 00 00 00 01 00 C3 B5
[ 6757.293s] TEXT: '...;.'
[ 6757.293s] TEXT: '.....'
[ 6757.293s] FRAME (len=56): 38 00 11 00 01 00 00 00 01 00 46 81 9E E3 00 1D 00 0F 20 00 10 0B 62 27 56 95 00 00 00 00 00 00 61 07 73 62 24 00 05 00 00 88 00 00 98 00 9F 00 09 00 00 00 41 0E 4B A7
[ 6757.293s] FRAME (len=12): 0C 00 11 00 00 00 00 00 01 00 61 76
[ 6763.482s] TEXT: '...;.'
[ 6763.482s] TEXT: '.....'
[ 6763.482s] FRAME (len=56): 38 00 11 00 01 00 00 00 01 00 46 81 9E E3 00 1D 00 0F 20 00 10 0B 62 27 56 95 00 00 00 00 00 00 61 07 73 62 24 00 05 00 00 88 00 00 98 00 9F 00 09 00 00 00 41 0E 4B A7
[ 6763.482s] FRAME (len=12): 0C 00 11 00 00 00 00 00 01 00 61 76
[ 6769.676s] TEXT: '...;.'
[ 6769.676s] TEXT: '.....'
[ 6769.676s] FRAME (len=56): 38 00 11 00 01 00 00 00 01 00 46 81 9E E3 00 1D 00 0F 20 00 10 0B 62 27 56 95 00 00 00 00 00 00 61 07 73 62 24 00 05 00 00 88 00 00 98 00 9F 00 09 00 00 00 41 0E 4B A7
[ 6769.676s] FRAME (len=12): 0C 00 11 00 00 00 00 00 01 00 61 76
[ 6775.891s] TEXT: '....ERR: Uart framing error....ERR: Uart unknown error...;.'
[ 6775.891s] FRAME (len=56): 38 00 11 00 01 00 00 00 01 00 00 12 4B 00 38 0D 16 FD 03 00 BD 08 64 27 31 65 D4 FF 64 00 EE 02 00 00 00 00 00 00 0A 04 00 00 00 00 00 00 06 01 00 00 00 00 00 00 46 A5
[ 6776.099s] TEXT: '....TX succeeded...;.'
[ 6776.099s] TEXT: '.....'
[ 6776.099s] TEXT: '.....'
[ 6776.099s] FRAME (len=56): 38 00 11 00 01 00 00 00 01 00 46 81 9E E3 00 1D 00 0F 20 00 10 0B 62 27 56 97 00 00 00 00 00 00 61 07 73 62 24 00 05 00 00 88 00 00 98 00 9F 00 09 00 00 00 54 0E 20 AA
[ 6776.099s] FRAME (len=12): 0C 00 11 00 00 00 00 00 01 00 61 76
[ 6776.099s] FRAME (len=12): 0C 00 11 00 0B 00 00 00 01 00 C3 B5
[ 6782.113s] TEXT: '...;.'
[ 6782.113s] TEXT: '.....'
[ 6782.113s] FRAME (len=56): 38 00 11 00 01 00 00 00 01 00 46 81 9E E3 00 1D 00 0F 20 00 10 0B 62 27 56 97 00 00 00 00 00 00 61 07 73 62 24 00 05 00 00 88 00 00 98 00 9F 00 09 00 00 00 54 0E 20 AA
[ 6782.113s] FRAME (len=12): 0C 00 11 00 00 00 00 00 01 00 61 76
[ 6788.340s] TEXT: '...;.'
[ 6788.340s] TEXT: '.....'
[ 6788.340s] FRAME (len=56): 38 00 11 00 01 00 00 00 01 00 46 81 9E E3 00 1D 00 0F 20 00 10 0B 62 27 56 97 00 00 00 00 00 00 61 07 73 62 24 00 05 00 00 88 00 00 98 00 9F 00 09 00 00 00 54 0E 20 AA
[ 6788.340s] FRAME (len=12): 0C 00 11 00 00 00 00 00 01 00 61 76
[ 6794.555s] TEXT: '...;.'
[ 6794.555s] TEXT: '.....'
[ 6794.555s] FRAME (len=56): 38 00 11 00 01 00 00 00 01 00 46 81 9E E3 00 1D 00 0F 20 00 10 0B 62 27 56 97 00 00 00 00 00 00 61 07 73 62 24 00 05 00 00 88 00 00 98 00 9F 00 09 00 00 00 54 0E 20 AA
[ 6794.555s] FRAME (len=12): 0C 00 11 00 00 00 00 00 01 00 61 76
[ 6800.961s] TEXT: '...;.'
[ 6800.961s] TEXT: '.....'
[ 6800.961s] TEXT: '.....'
[ 6800.961s] FRAME (len=56): 38 00 11 00 01 00 00 00 01 00 46 81 9E E3 00 1D 00 0F 20 00 09 0B 62 27 56 95 00 00 00 00 00 00 61 07 73 62 24 00 0C 00 00 88 00 00 98 00 9F 00 09 00 00 00 1B 0E 6E 91
[ 6800.961s] FRAME (len=12): 0C 00 11 00 00 00 00 00 01 00 61 76
[ 6800.961s] FRAME (len=12): 0C 00 11 00 0B 00 00 00 01 00 C3 B5
[ 6801.586s] TEXT: '...;.'
[ 6801.586s] FRAME (len=56): 38 00 11 00 01 00 00 00 01 00 00 12 4B 00 38 0D 16 FD 03 00 BD 08 64 27 31 3D D4 FF 64 00 EE 02 00 00 00 00 00 00 0A 04 00 00 00 00 00 00 06 01 00 00 00 00 00 00 41 63
[ 6806.986s] TEXT: '....TX succeeded...;.'
[ 6806.986s] TEXT: '.....'
[ 6806.986s] FRAME (len=56): 38 00 11 00 01 00 00 00 01 00 46 81 9E E3 00 1D 00 0F 20 00 09 0B 62 27 56 95 00 00 00 00 00 00 61 07 73 62 24 00 0C 00 00 88 00 00 98 00 9F 00 09 00 00 00 1B 0E 6E 91
[ 6806.986s] FRAME (len=12): 0C 00 11 00 00 00 00 00 01 00 61 76
[ 6813.206s] TEXT: '...;.'
[ 6813.206s] TEXT: '.....'
[ 6813.206s] FRAME (len=56): 38 00 11 00 01 00 00 00 01 00 46 81 9E E3 00 1D 00 0F 20 00 09 0B 62 27 56 95 00 00 00 00 00 00 61 07 73 62 24 00 0C 00 00 88 00 00 98 00 9F 00 09 00 00 00 1B 0E 6E 91
[ 6813.206s] FRAME (len=12): 0C 00 11 00 00 00 00 00 01 00 61 76
[ 6819.413s] TEXT: '...;.'
[ 6819.413s] TEXT: '.....'
[ 6819.413s] FRAME (len=56): 38 00 11 00 01 00 00 00 01 00 46 81 9E E3 00 1D 00 0F 20 00 09 0B 62 27 56 95 00 00 00 00 00 00 61 07 73 62 24 00 0C 00 00 88 00 00 98 00 9F 00 09 00 00 00 1B 0E 6E 91
[ 6819.413s] FRAME (len=12): 0C 00 11 00 00 00 00 00 01 00 61 76
[ 6825.820s] TEXT: '...;.'
[ 6825.820s] TEXT: '.....'
[ 6825.820s] TEXT: '.....'
[ 6825.820s] FRAME (len=56): 38 00 11 00 01 00 00 00 01 00 46 81 9E E3 00 1D 00 0F 20 00 02 0B 62 27 56 A7 00 00 00 00 00 00 61 07 73 62 24 00 05 00 00 88 00 00 98 00 9F 00 09 00 00 00 1B 0E 70 DC
[ 6825.820s] FRAME (len=12): 0C 00 11 00 00 00 00 00 01 00 61 76
[ 6825.820s] FRAME (len=12): 0C 00 11 00 0B 00 00 00 01 00 C3 B5
[ 6828.101s] TEXT: '...;.'
[ 6828.101s] FRAME (len=56): 38 00 11 00 01 00 00 00 01 00 00 12 4B 00 38 0D 16 FD 03 00 BE 08 64 27 31 49 D4 FF 64 00 EE 02 00 00 00 00 00 00 0A 04 00 00 00 00 00 00 06 01 00 00 00 00 00 00 1B FA
[ 6831.840s] TEXT: '....TX succeeded...;.'
[ 6831.840s] TEXT: '.....'
[ 6831.840s] FRAME (len=56): 38 00 11 00 01 00 00 00 01 00 46 81 9E E3 00 1D 00 0F 20 00 02 0B 62 27 56 A7 00 00 00 00 00 00 61 07 73 62 24 00 05 00 00 88 00 00 98 00 9F 00 09 00 00 00 1B 0E 70 DC
[ 6831.840s] FRAME (len=12): 0C 00 11 00 00 00 00 00 01 00 61 76
[ 6838.070s] TEXT: '...;.'
[ 6838.070s] TEXT: '.....'
[ 6838.070s] FRAME (len=56): 38 00 11 00 01 00 00 00 01 00 46 81 9E E3 00 1D 00 0F 20 00 02 0B 62 27 56 A7 00 00 00 00 00 00 61 07 73 62 24 00 05 00 00 88 00 00 98 00 9F 00 09 00 00 00 1B 0E 70 DC
[ 6838.070s] FRAME (len=12): 0C 00 11 00 00 00 00 00 01 00 61 76
[ 6844.287s] TEXT: '...;.'
[ 6844.287s] TEXT: '.....'
[ 6844.287s] FRAME (len=56): 38 00 11 00 01 00 00 00 01 00 46 81 9E E3 00 1D 00 0F 20 00 02 0B 62 27 56 A7 00 00 00 00 00 00 61 07 73 62 24 00 05 00 00 88 00 00 98 00 9F 00 09 00 00 00 1B 0E 70 DC
[ 6844.287s] FRAME (len=12): 0C 00 11 00 00 00 00 00 01 00 61 76
[ 6850.702s] TEXT: '...;.'
[ 6850.702s] TEXT: '.....'
[ 6850.702s] TEXT: '.....'
[ 6850.702s] TEXT: '.....'
[ 6850.702s] FRAME (len=56): 38 00 11 00 01 00 00 00 01 00 46 81 9E E3 00 1D 00 0F 20 00 FA 0A 62 27 53 AB 00 00 00 00 00 00 61 07 73 62 24 00 06 00 00 88 00 00 98 00 9F 00 09 00 00 00 2E 0E A6 D8
[ 6850.702s] FRAME (len=16): 10 00 11 00 08 00 00 00 01 00 04 00 00 00 34 99
[ 6850.702s] FRAME (len=12): 0C 00 11 00 00 00 00 00 01 00 61 76
[ 6850.702s] FRAME (len=12): 0C 00 11 00 0B 00 00 00 01 00 C3 B5
[ 6853.790s] TEXT: '...;.'
[ 6853.790s] FRAME (len=56): 38 00 11 00 01 00 00 00 01 00 00 12 4B 00 38 0D 16 FD 03 00 BE 08 64 27 31 69 D4 FF 64 00 EE 02 00 00 00 00 00 00 0A 04 00 00 00 00 00 00 06 01 00 00 00 00 00 00 24 15
[ 6856.696s] TEXT: '....TX succeeded...;.'
[ 6856.696s] TEXT: '.....'
[ 6856.696s] FRAME (len=56): 38 00 11 00 01 00 00 00 01 00 46 81 9E E3 00 1D 00 0F 20 00 FA 0A 62 27 53 AB 00 00 00 00 00 00 61 07 73 62 24 00 06 00 00 88 00 00 98 00 9F 00 09 00 00 00 2E 0E A6 D8
[ 6856.696s] FRAME (len=12): 0C 00 11 00 00 00 00 00 01 00 61 76
[ 6862.914s] TEXT: '...;.'
[ 6862.914s] TEXT: '.....'
[ 6862.914s] FRAME (len=56): 38 00 11 00 01 00 00 00 01 00 46 81 9E E3 00 1D 00 0F 20 00 FA 0A 62 27 53 AB 00 00 00 00 00 00 61 07 73 62 24 00 06 00 00 88 00 00 98 00 9F 00 09 00 00 00 2E 0E A6 D8
[ 6862.914s] FRAME (len=12): 0C 00 11 00 00 00 00 00 01 00 61 76
[ 6869.094s] TEXT: '...;.'
[ 6869.094s] TEXT: '.....'
[ 6869.094s] FRAME (len=56): 38 00 11 00 01 00 00 00 01 00 46 81 9E E3 00 1D 00 0F 20 00 FA 0A 62 27 53 AB 00 00 00 00 00 00 61 07 73 62 24 00 06 00 00 88 00 00 98 00 9F 00 09 00 00 00 2E 0E A6 D8
[ 6869.094s] FRAME (len=12): 0C 00 11 00 00 00 00 00 01 00 61 76
[ 6875.510s] TEXT: '...;.'
[ 6875.510s] TEXT: '.....'
[ 6875.510s] TEXT: '.....'
[ 6875.510s] TEXT: '.....'
[ 6875.510s] FRAME (len=56): 38 00 11 00 01 00 00 00 01 00 46 81 9E E3 00 1D 00 0F 20 00 02 0B 62 27 56 B9 00 00 00 00 00 00 61 07 73 62 24 00 05 00 00 88 00 00 98 00 9F 00 09 00 00 00 41 0E 4A 37
[ 6875.510s] FRAME (len=16): 10 00 11 00 08 00 00 00 01 00 04 00 00 00 34 99
[ 6875.510s] FRAME (len=12): 0C 00 11 00 00 00 00 00 01 00 61 76
[ 6875.510s] FRAME (len=12): 0C 00 11 00 0B 00 00 00 01 00 C3 B5
[ 6879.444s] TEXT: '...;.'
[ 6879.654s] FRAME (len=56): 38 00 11 00 01 00 00 00 01 00 00 12 4B 00 38 0D 16 FD 03 00 BE 08 64 27 31 51 D4 FF 64 00 EE 02 00 00 00 00 00 00 0A 04 00 00 00 00 00 00 06 01 00 00 00 00 00 00 43 F2
[ 6881.502s] TEXT: '....TX succeeded...;.'
[ 6881.502s] TEXT: '.....'
[ 6881.502s] FRAME (len=56): 38 00 11 00 01 00 00 00 01 00 46 81 9E E3 00 1D 00 0F 20 00 02 0B 62 27 56 B9 00 00 00 00 00 00 61 07 73 62 24 00 05 00 00 88 00 00 98 00 9F 00 09 00 00 00 41 0E 4A 37
[ 6881.502s] FRAME (len=12): 0C 00 11 00 00 00 00 00 01 00 61 76
[ 6887.716s] TEXT: '...;.'
[ 6887.716s] TEXT: '.....'
[ 6887.716s] FRAME (len=56): 38 00 11 00 01 00 00 00 01 00 46 81 9E E3 00 1D 00 0F 20 00 02 0B 62 27 56 B9 00 00 00 00 00 00 61 07 73 62 24 00 05 00 00 88 00 00 98 00 9F 00 09 00 00 00 41 0E 4A 37
[ 6887.716s] FRAME (len=12): 0C 00 11 00 00 00 00 00 01 00 61 76
[ 6894.131s] TEXT: '...;.'
[ 6894.131s] TEXT: '.....'
[ 6894.131s] FRAME (len=56): 38 00 11 00 01 00 00 00 01 00 46 81 9E E3 00 1D 00 0F 20 00 02 0B 62 27 56 B9 00 00 00 00 00 00 61 07 73 62 24 00 05 00 00 88 00 00 98 00 9F 00 09 00 00 00 41 0E 4A 37
[ 6894.131s] FRAME (len=12): 0C 00 11 00 00 00 00 00 01 00 61 76
[ 6900.349s] TEXT: '...;.'
[ 6900.349s] TEXT: '.....'
[ 6900.349s] TEXT: '.....'
[ 6900.349s] FRAME (len=56): 38 00 11 00 01 00 00 00 01 00 46 81 9E E3 00 1D 00 0F 20 00 02 0B 62 27 56 BF 00 00 00 00 00 00 61 07 73 62 24 00 06 00 00 88 00 00 98 00 9F 00 09 00 00 00 41 0E 11 DD
[ 6900.349s] FRAME (len=12): 0C 00 11 00 00 00 00 00 01 00 61 76
[ 6900.349s] FRAME (len=12): 0C 00 11 00 0B 00 00 00 01 00 C3 B5
[ 6905.125s] TEXT: '...;.'
[ 6905.125s] FRAME (len=56): 38 00 11 00 01 00 00 00 01 00 00 12 4B 00 38 0D 16 FD 03 00 BE 08 64 27 31 5D D4 FF 64 00 EE 02 00 00 00 00 00 00 0A 04 00 00 00 00 00 00 06 01 00 00 00 00 00 00 6F F6
[ 6906.370s] TEXT: '....TX succeeded...;.'
[ 6906.370s] TEXT: '.....'
[ 6906.370s] FRAME (len=56): 38 00 11 00 01 00 00 00 01 00 46 81 9E E3 00 1D 00 0F 20 00 02 0B 62 27 56 BF 00 00 00 00 00 00 61 07 73 62 24 00 06 00 00 88 00 00 98 00 9F 00 09 00 00 00 41 0E 11 DD
[ 6906.370s] FRAME (len=12): 0C 00 11 00 00 00 00 00 01 00 61 76
[ 6912.583s] TEXT: '...;.'
[ 6912.583s] TEXT: '.....'
[ 6912.583s] FRAME (len=56): 38 00 11 00 01 00 00 00 01 00 46 81 9E E3 00 1D 00 0F 20 00 02 0B 62 27 56 BF 00 00 00 00 00 00 61 07 73 62 24 00 06 00 00 88 00 00 98 00 9F 00 09 00 00 00 41 0E 11 DD
[ 6912.583s] FRAME (len=12): 0C 00 11 00 00 00 00 00 01 00 61 76
[ 6918.996s] TEXT: '...;.'
[ 6918.996s] TEXT: '.....'
[ 6918.996s] FRAME (len=56): 38 00 11 00 01 00 00 00 01 00 46 81 9E E3 00 1D 00 0F 20 00 02 0B 62 27 56 BF 00 00 00 00 00 00 61 07 73 62 24 00 06 00 00 88 00 00 98 00 9F 00 09 00 00 00 41 0E 11 DD
[ 6918.996s] FRAME (len=12): 0C 00 11 00 00 00 00 00 01 00 61 76
[ 6925.202s] TEXT: '...;.'
[ 6925.202s] TEXT: '.....'
[ 6925.202s] TEXT: '.....'
[ 6925.202s] FRAME (len=56): 38 00 11 00 01 00 00 00 01 00 46 81 9E E3 00 1D 00 0F 20 00 09 0B 62 27 55 C5 00 00 00 00 00 00 61 07 73 62 24 00 05 00 00 88 00 00 98 00 9F 00 09 00 00 00 54 0E CC 1F
[ 6925.202s] FRAME (len=12): 0C 00 11 00 00 00 00 00 01 00 61 76
[ 6925.202s] FRAME (len=12): 0C 00 11 00 0B 00 00 00 01 00 C3 B5
[ 6930.989s] TEXT: '...;.'
[ 6930.989s] FRAME (len=56): 38 00 11 00 01 00 00 00 01 00 00 12 4B 00 38 0D 16 FD 03 00 BE 08 64 27 31 01 D4 FF 64 00 EE 02 00 00 00 00 00 00 0A 04 00 00 00 00 00 00 06 01 00 00 00 00 00 00 93 C3
[ 6931.190s] TEXT: '....TX succeeded...;.'
[ 6931.190s] FRAME (len=56): 38 00 11 00 01 00 00 00 01 00 46 81 9E E3 00 1D 00 0F 20 00 09 0B 62 27 55 C5 00 00 00 00 00 00 61 07 73 62 24 00 05 00 00 88 00 00 98 00 9F 00 09 00 00 00 54 0E CC 1F
[ 6931.393s] TEXT: '.....'
[ 6931.393s] FRAME (len=12): 0C 00 11 00 00 00 00 00 01 00 61 76
[ 6937.595s] TEXT: '...;.'
[ 6937.595s] TEXT: '.....'
[ 6937.595s] FRAME (len=56): 38 00 11 00 01 00 00 00 01 00 46 81 9E E3 00 1D 00 0F 20 00 09 0B 62 27 55 C5 00 00 00 00 00 00 61 07 73 62 24 00 05 00 00 88 00 00 98 00 9F 00 09 00 00 00 54 0E CC 1F
[ 6937.595s] FRAME (len=12): 0C 00 11 00 00 00 00 00 01 00 61 76
[ 6943.777s] TEXT: '...;.'
[ 6943.777s] TEXT: '.....'
[ 6943.777s] FRAME (len=56): 38 00 11 00 01 00 00 00 01 00 46 81 9E E3 00 1D 00 0F 20 00 09 0B 62 27 55 C5 00 00 00 00 00 00 61 07 73 62 24 00 05 00 00 88 00 00 98 00 9F 00 09 00 00 00 54 0E CC 1F
[ 6943.777s] FRAME (len=12): 0C 00 11 00 00 00 00 00 01 00 61 76
[ 6950.202s] TEXT: '...;.'
[ 6950.202s] TEXT: '.....'
[ 6950.202s] TEXT: '.....'
[ 6950.202s] FRAME (len=56): 38 00 11 00 01 00 00 00 01 00 46 81 9E E3 00 1D 00 0F 20 00 13 0B 63 27 56 8B 00 00 00 00 00 00 61 07 73 62 24 00 05 00 00 88 00 00 98 00 9F 00 09 00 00 00 41 0E 0D 40
[ 6950.202s] FRAME (len=12): 0C 00 11 00 00 00 00 00 01 00 61 76
[ 6950.202s] FRAME (len=12): 0C 00 11 00 0B 00 00 00 01 00 C3 B5
[ 6956.184s] TEXT: '....ERR: Uart framing error....ERR: Uart unknown error...;.'
[ 6956.184s] TEXT: '.....'
[ 6956.184s] FRAME (len=56): 38 00 11 00 01 00 00 00 01 00 46 81 9E E3 00 1D 00 0F 20 00 13 0B 63 27 56 8B 00 00 00 00 00 00 61 07 73 62 24 00 05 00 00 88 00 00 98 00 9F 00 09 00 00 00 41 0E 0D 40
[ 6956.184s] FRAME (len=12): 0C 00 11 00 00 00 00 00 01 00 61 76
[ 6956.596s] TEXT: '...;.'
[ 6956.596s] FRAME (len=56): 38 00 11 00 01 00 00 00 01 00 00 12 4B 00 38 0D 16 FD 03 00 BF 08 64 27 31 09 D4 FF 64 00 EE 02 00 00 00 00 00 00 0A 04 00 00 00 00 00 00 06 01 00 00 00 00 00 00 61 A8
[ 6962.411s] TEXT: '....TX failed: 0xc....TX failed: 0xc...;.'
[ 6962.411s] TEXT: '.....'
[ 6962.411s] FRAME (len=56): 38 00 11 00 01 00 00 00 01 00 46 81 9E E3 00 1D 00 0F 20 00 13 0B 63 27 56 8B 00 00 00 00 00 00 61 07 73 62 24 00 05 00 00 88 00 00 98 00 9F 00 09 00 00 00 41 0E 0D 40
[ 6962.411s] FRAME (len=12): 0C 00 11 00 00 00 00 00 01 00 61 76
[ 6968.627s] TEXT: '...;.'
[ 6968.627s] TEXT: '.....'
[ 6968.627s] FRAME (len=56): 38 00 11 00 01 00 00 00 01 00 46 81 9E E3 00 1D 00 0F 20 00 13 0B 63 27 56 8B 00 00 00 00 00 00 61 07 73 62 24 00 05 00 00 88 00 00 98 00 9F 00 09 00 00 00 41 0E 0D 40
[ 6968.627s] FRAME (len=12): 0C 00 11 00 00 00 00 00 01 00 61 76
[ 6975.028s] TEXT: '...;.'
[ 6975.028s] TEXT: '.....'
[ 6975.028s] TEXT: '.....'
[ 6975.028s] FRAME (len=56): 38 00 11 00 01 00 00 00 01 00 46 81 9E E3 00 1D 00 0F 20 00 0F 0B 62 27 55 CD 00 00 00 00 00 00 61 07 73 62 24 00 05 00 00 88 00 00 98 00 9F 00 09 00 00 00 41 0E 20 6C
[ 6975.028s] FRAME (len=12): 0C 00 11 00 00 00 00 00 01 00 61 76
[ 6975.028s] FRAME (len=12): 0C 00 11 00 0B 00 00 00 01 00 C3 B5
[ 6981.042s] TEXT: '...;.'
[ 6981.042s] TEXT: '.....'
[ 6981.042s] FRAME (len=56): 38 00 11 00 01 00 00 00 01 00 46 81 9E E3 00 1D 00 0F 20 00 0F 0B 62 27 55 CD 00 00 00 00 00 00 61 07 73 62 24 00 05 00 00 88 00 00 98 00 9F 00 09 00 00 00 41 0E 20 6C
[ 6981.042s] FRAME (len=12): 0C 00 11 00 00 00 00 00 01 00 61 76
[ 6983.324s] TEXT: '...;.'
[ 6983.324s] FRAME (len=56): 38 00 11 00 01 00 00 00 01 00 00 12 4B 00 38 0D 16 FD 03 00 BE 08 64 27 31 71 D4 FF 64 00 EE 02 00 00 00 00 00 00 0A 04 00 00 00 00 00 00 06 01 00 00 00 00 00 00 7C 1D
[ 6987.256s] TEXT: '....TX succeeded...;.'
[ 6987.256s] TEXT: '.....'
[ 6987.256s] FRAME (len=56): 38 00 11 00 01 00 00 00 01 00 46 81 9E E3 00 1D 00 0F 20 00 0F 0B 62 27 55 CD 00 00 00 00 00 00 61 07 73 62 24 00 05 00 00 88 00 00 98 00 9F 00 09 00 00 00 41 0E 20 6C
[ 6987.256s] FRAME (len=12): 0C 00 11 00 00 00 00 00 01 00 61 76
[ 6993.456s] TEXT: '...;.'
[ 6993.456s] TEXT: '.....'
[ 6993.456s] FRAME (len=56): 38 00 11 00 01 00 00 00 01 00 46 81 9E E3 00 1D 00 0F 20 00 0F 0B 62 27 55 CD 00 00 00 00 00 00 61 07 73 62 24 00 05 00 00 88 00 00 98 00 9F 00 09 00 00 00 41 0E 20 6C
[ 6993.456s] FRAME (len=12): 0C 00 11 00 00 00 00 00 01 00 61 76
[ 6999.854s] TEXT: '...;.'
[ 6999.854s] TEXT: '.....'
[ 6999.854s] TEXT: '.....'
[ 6999.854s] FRAME (len=56): 38 00 11 00 01 00 00 00 01 00 46 81 9E E3 00 1D 00 0F 20 00 0B 0B 63 27 56 85 00 00 00 00 00 00 61 07 73 62 24 00 05 00 00 88 00 00 98 00 9F 00 09 00 00 00 54 0E 9F BB
[ 6999.854s] FRAME (len=12): 0C 00 11 00 00 00 00 00 01 00 61 76
[ 6999.854s] FRAME (len=12): 0C 00 11 00 0B 00 00 00 01 00 C3 B5
[ 7005.841s] TEXT: '...;.'
[ 7005.841s] TEXT: '.....'
[ 7005.841s] FRAME (len=56): 38 00 11 00 01 00 00 00 01 00 46 81 9E E3 00 1D 00 0F 20 00 0B 0B 63 27 56 85 00 00 00 00 00 00 61 07 73 62 24 00 05 00 00 88 00 00 98 00 9F 00 09 00 00 00 54 0E 9F BB
[ 7005.841s] FRAME (len=12): 0C 00 11 00 00 00 00 00 01 00 61 76
[ 7008.928s] TEXT: '...;.'
[ 7008.928s] FRAME (len=56): 38 00 11 00 01 00 00 00 01 00 00 12 4B 00 38 0D 16 FD 03 00 BF 08 64 27 31 1D D4 FF 64 00 EE 02 00 00 00 00 00 00 0A 04 00 00 00 00 00 00 06 01 00 00 00 00 00 00 15 A4
[ 7012.040s] TEXT: '....TX succeeded...;.'
[ 7012.040s] FRAME (len=56): 38 00 11 00 01 00 00 00 01 00 46 81 9E E3 00 1D 00 0F 20 00 0B 0B 63 27 56 85 00 00 00 00 00 00 61 07 73 62 24 00 05 00 00 88 00 00 98 00 9F 00 09 00 00 00 54 0E 9F BB
[ 7012.244s] TEXT: '.....'
[ 7012.244s] FRAME (len=12): 0C 00 11 00 00 00 00 00 01 00 61 76
[ 7018.257s] TEXT: '...;.'
[ 7018.257s] TEXT: '.....'
[ 7018.257s] FRAME (len=56): 38 00 11 00 01 00 00 00 01 00 46 81 9E E3 00 1D 00 0F 20 00 0B 0B 63 27 56 85 00 00 00 00 00 00 61 07 73 62 24 00 05 00 00 88 00 00 98 00 9F 00 09 00 00 00 54 0E 9F BB
[ 7018.257s] FRAME (len=12): 0C 00 11 00 00 00 00 00 01 00 61 76
[ 7024.699s] TEXT: '...;.'
[ 7024.699s] TEXT: '.....'
[ 7024.699s] TEXT: '.....'
[ 7024.699s] FRAME (len=56): 38 00 11 00 01 00 00 00 01 00 46 81 9E E3 00 1D 00 0F 20 00 0C 0B 63 27 55 85 00 00 00 00 00 00 61 07 73 62 24 00 05 00 00 88 00 00 98 00 9F 00 09 00 00 00 54 0E 26 44
[ 7024.699s] FRAME (len=12): 0C 00 11 00 00 00 00 00 01 00 61 76
[ 7024.699s] FRAME (len=12): 0C 00 11 00 0B 00 00 00 01 00 C3 B5
[ 7030.902s] TEXT: '...;.'
[ 7030.902s] TEXT: '.....'
[ 7030.902s] FRAME (len=56): 38 00 11 00 01 00 00 00 01 00 46 81 9E E3 00 1D 00 0F 20 00 0C 0B 63 27 55 85 00 00 00 00 00 00 61 07 73 62 24 00 05 00 00 88 00 00 98 00 9F 00 09 00 00 00 54 0E 26 44
[ 7030.902s] FRAME (len=12): 0C 00 11 00 00 00 00 00 01 00 61 76
[ 7034.631s] TEXT: '...;.'
[ 7034.631s] FRAME (len=56): 38 00 11 00 01 00 00 00 01 00 00 12 4B 00 38 0D 16 FD 03 00 BF 08 64 27 31 0D D4 FF 64 00 EE 02 00 00 00 00 00 00 0A 04 00 00 00 00 00 00 06 01 00 00 00 00 00 00 9A 5B
[ 7036.891s] TEXT: '....TX succeeded...;.'
[ 7036.891s] FRAME (len=56): 38 00 11 00 01 00 00 00 01 00 46 81 9E E3 00 1D 00 0F 20 00 0C 0B 63 27 55 85 00 00 00 00 00 00 61 07 73 62 24 00 05 00 00 88 00 00 98 00 9F 00 09 00 00 00 54 0E 26 44
[ 7037.101s] TEXT: '.....'
[ 7037.101s] FRAME (len=12): 0C 00 11 00 00 00 00 00 01 00 61 76
[ 7043.293s] TEXT: '...;.'
[ 7043.293s] TEXT: '.....'
[ 7043.293s] FRAME (len=56): 38 00 11 00 01 00 00 00 01 00 46 81 9E E3 00 1D 00 0F 20 00 0C 0B 63 27 55 85 00 00 00 00 00 00 61 07 73 62 24 00 05 00 00 88 00 00 98 00 9F 00 09 00 00 00 54 0E 26 44
[ 7043.293s] FRAME (len=12): 0C 00 11 00 00 00 00 00 01 00 61 76
[ 7049.498s] TEXT: '...;.'
[ 7049.498s] TEXT: '.....'
[ 7049.498s] TEXT: '.....'
[ 7049.498s] FRAME (len=56): 38 00 11 00 01 00 00 00 01 00 46 81 9E E3 00 1D 00 0F 20 00 13 0B 63 27 56 87 00 00 00 00 00 00 61 07 73 62 24 00 05 00 00 88 00 00 98 00 9F 00 09 00 00 00 41 0E 21 44
[ 7049.498s] FRAME (len=12): 0C 00 11 00 00 00 00 00 01 00 61 76
[ 7049.498s] FRAME (len=12): 0C 00 11 00 0B 00 00 00 01 00 C3 B5
[ 7055.714s] TEXT: '...;.'
[ 7055.714s] TEXT: '.....'
[ 7055.714s] FRAME (len=56): 38 00 11 00 01 00 00 00 01 00 46 81 9E E3 00 1D 00 0F 20 00 13 0B 63 27 56 87 00 00 00 00 00 00 61 07 73 62 24 00 05 00 00 88 00 00 98 00 9F 00 09 00 00 00 41 0E 21 44
[ 7055.714s] FRAME (len=12): 0C 00 11 00 00 00 00 00 01 00 61 76
[ 7060.278s] TEXT: '...;.'
[ 7060.278s] FRAME (len=56): 38 00 11 00 01 00 00 00 01 00 00 12 4B 00 38 0D 16 FD 03 00 C0 08 65 27 31 21 D4 FF 64 00 EE 02 00 00 00 00 00 00 0A 04 00 00 00 00 00 00 06 01 00 00 00 00 00 00 B5 04
[ 7061.940s] TEXT: '....TX succeeded...;.'
[ 7061.940s] TEXT: '.....'
[ 7061.940s] FRAME (len=56): 38 00 11 00 01 00 00 00 01 00 46 81 9E E3 00 1D 00 0F 20 00 13 0B 63 27 56 87 00 00 00 00 00 00 61 07 73 62 24 00 05 00 00 88 00 00 98 00 9F 00 09 00 00 00 41 0E 21 44
[ 7061.940s] FRAME (len=12): 0C 00 11 00 00 00 00 00 01 00 61 76
[ 7068.128s] TEXT: '...;.'
[ 7068.128s] TEXT: '.....'
[ 7068.128s] FRAME (len=56): 38 00 11 00 01 00 00 00 01 00 46 81 9E E3 00 1D 00 0F 20 00 13 0B 63 27 56 87 00 00 00 00 00 00 61 07 73 62 24 00 05 00 00 88 00 00 98 00 9F 00 09 00 00 00 41 0E 21 44
[ 7068.128s] FRAME (len=12): 0C 00 11 00 00 00 00 00 01 00 61 76
[ 7074.565s] TEXT: '...;.'
[ 7074.565s] TEXT: '.....'
[ 7074.565s] TEXT: '.....'
[ 7074.565s] FRAME (len=56): 38 00 11 00 01 00 00 00 01 00 46 81 9E E3 00 1D 00 0F 20 00 0C 0B 62 27 56 BB 00 00 00 00 00 00 61 07 73 62 24 00 05 00 00 88 00 00 98 00 9F 00 09 00 00 00 2E 0E A2 04
[ 7074.565s] FRAME (len=12): 0C 00 11 00 00 00 00 00 01 00 61 76
[ 7074.565s] FRAME (len=12): 0C 00 11 00 0B 00 00 00 01 00 C3 B5
[ 7080.582s] TEXT: '...;.'
[ 7080.582s] TEXT: '.....'
[ 7080.582s] FRAME (len=56): 38 00 11 00 01 00 00 00 01 00 46 81 9E E3 00 1D 00 0F 20 00 0C 0B 62 27 56 BB 00 00 00 00 00 00 61 07 73 62 24 00 05 00 00 88 00 00 98 00 9F 00 09 00 00 00 2E 0E A2 04
[ 7080.582s] FRAME (len=12): 0C 00 11 00 00 00 00 00 01 00 61 76
[ 7085.973s] TEXT: '...;.'
[ 7085.973s] FRAME (len=56): 38 00 11 00 01 00 00 00 01 00 00 12 4B 00 38 0D 16 FD 03 00 BF 08 65 27 31 05 D4 FF 64 00 EE 02 00 00 00 00 00 00 0A 04 00 00 00 00 00 00 06 01 00 00 00 00 00 00 0B F5
[ 7086.799s] TEXT: '....TX succeeded...;.'
[ 7086.799s] TEXT: '.....'
[ 7086.799s] FRAME (len=56): 38 00 11 00 01 00 00 00 01 00 46 81 9E E3 00 1D 00 0F 20 00 0C 0B 62 27 56 BB 00 00 00 00 00 00 61 07 73 62 24 00 05 00 00 88 00 00 98 00 9F 00 09 00 00 00 2E 0E A2 04
[ 7086.799s] FRAME (len=12): 0C 00 11 00 00 00 00 00 01 00 61 76
[ 7093.004s] TEXT: '...;.'
[ 7093.004s] TEXT: '.....'
[ 7093.004s] FRAME (len=56): 38 00 11 00 01 00 00 00 01 00 46 81 9E E3 00 1D 00 0F 20 00 0C 0B 62 27 56 BB 00 00 00 00 00 00 61 07 73 62 24 00 05 00 00 88 00 00 98 00 9F 00 09 00 00 00 2E 0E A2 04
[ 7093.004s] FRAME (len=12): 0C 00 11 00 00 00 00 00 01 00 61 76
[ 7099.407s] TEXT: '...;.'
[ 7099.407s] TEXT: '.....'
[ 7099.407s] TEXT: '.....'
[ 7099.407s] FRAME (len=56): 38 00 11 00 01 00 00 00 01 00 46 81 9E E3 00 1D 00 0F 20 00 07 0B 63 27 55 8D 00 00 00 00 00 00 61 07 73 62 24 00 05 00 00 88 00 00 98 00 9F 00 09 00 00 00 41 0E 95 5A
[ 7099.407s] FRAME (len=12): 0C 00 11 00 00 00 00 00 01 00 61 76
[ 7099.407s] FRAME (len=12): 0C 00 11 00 0B 00 00 00 01 00 C3 B5
[ 7105.423s] TEXT: '...;.'
[ 7105.423s] TEXT: '.....'
[ 7105.423s] FRAME (len=56): 38 00 11 00 01 00 00 00 01 00 46 81 9E E3 00 1D 00 0F 20 00 07 0B 63 27 55 8D 00 00 00 00 00 00 61 07 73 62 24 00 05 00 00 88 00 00 98 00 9F 00 09 00 00 00 41 0E 95 5A
[ 7105.423s] FRAME (len=12): 0C 00 11 00 00 00 00 00 01 00 61 76
[ 7111.632s] TEXT: '...;.'
[ 7111.632s] TEXT: '.....'
[ 7111.632s] FRAME (len=56): 38 00 11 00 01 00 00 00 01 00 46 81 9E E3 00 1D 00 0F 20 00 07 0B 63 27 55 8D 00 00 00 00 00 00 61 07 73 62 24 00 05 00 00 88 00 00 98 00 9F 00 09 00 00 00 41 0E 95 5A
[ 7111.632s] FRAME (len=12): 0C 00 11 00 00 00 00 00 01 00 61 76
[ 7112.675s] TEXT: '...;.'
[ 7112.675s] FRAME (len=56): 38 00 11 00 01 00 00 00 01 00 00 12 4B 00 38 0D 16 FD 03 00 C0 08 65 27 31 21 D4 FF 64 00 EE 02 00 00 00 00 00 00 0A 04 00 00 00 00 00 00 06 01 00 00 00 00 00 00 B5 04
[ 7117.859s] TEXT: '....TX succeeded...;.'
[ 7117.859s] TEXT: '.....'
[ 7117.859s] FRAME (len=56): 38 00 11 00 01 00 00 00 01 00 46 81 9E E3 00 1D 00 0F 20 00 07 0B 63 27 55 8D 00 00 00 00 00 00 61 07 73 62 24 00 05 00 00 88 00 00 98 00 9F 00 09 00 00 00 41 0E 95 5A
[ 7117.859s] FRAME (len=12): 0C 00 11 00 00 00 00 00 01 00 61 76
[ 7124.072s] TEXT: '...;.'
[ 7124.072s] TEXT: '.....'
[ 7124.072s] TEXT: '.....'
[ 7124.072s] TEXT: '.....'
[ 7124.072s] FRAME (len=56): 38 00 11 00 01 00 00 00 01 00 46 81 9E E3 00 1D 00 0F 20 00 01 0B 63 27 55 91 00 00 00 00 00 00 61 07 73 62 24 00 05 00 00 88 00 00 98 00 9F 00 09 00 00 00 41 0E 8B D9
[ 7124.072s] FRAME (len=16): 10 00 11 00 08 00 00 00 01 00 04 00 00 00 34 99
[ 7124.072s] FRAME (len=12): 0C 00 11 00 00 00 00 00 01 00 61 76
[ 7124.072s] FRAME (len=12): 0C 00 11 00 0B 00 00 00 01 00 C3 B5
[ 7130.307s] TEXT: '...;.'
[ 7130.307s] TEXT: '.....'
[ 7130.307s] FRAME (len=56): 38 00 11 00 01 00 00 00 01 00 46 81 9E E3 00 1D 00 0F 20 00 01 0B 63 27 55 91 00 00 00 00 00 00 61 07 73 62 24 00 05 00 00 88 00 00 98 00 9F 00 09 00 00 00 41 0E 8B D9
[ 7130.307s] FRAME (len=12): 0C 00 11 00 00 00 00 00 01 00 61 76
[ 7136.518s] TEXT: '...;.'
[ 7136.518s] TEXT: '.....'
[ 7136.518s] FRAME (len=56): 38 00 11 00 01 00 00 00 01 00 46 81 9E E3 00 1D 00 0F 20 00 01 0B 63 27 55 91 00 00 00 00 00 00 61 07 73 62 24 00 05 00 00 88 00 00 98 00 9F 00 09 00 00 00 41 0E 8B D9
[ 7136.518s] FRAME (len=12): 0C 00 11 00 00 00 00 00 01 00 61 76
[ 7138.177s] TEXT: '...;.'
[ 7138.381s] FRAME (len=56): 38 00 11 00 01 00 00 00 01 00 00 12 4B 00 38 0D 16 FD 03 00 C0 08 65 27 31 05 D4 FF 64 00 EE 02 00 00 00 00 00 00 0A 04 00 00 00 00 00 00 06 01 00 00 00 00 00 00 71 18
[ 7142.715s] TEXT: '....TX succeeded...;.'
[ 7142.715s] TEXT: '.....'
[ 7142.715s] FRAME (len=56): 38 00 11 00 01 00 00 00 01 00 46 81 9E E3 00 1D 00 0F 20 00 01 0B 63 27 55 91 00 00 00 00 00 00 61 07 73 62 24 00 05 00 00 88 00 00 98 00 9F 00 09 00 00 00 41 0E 8B D9
[ 7142.715s] FRAME (len=12): 0C 00 11 00 00 00 00 00 01 00 61 76
[ 7148.936s] TEXT: '...;.'
[ 7148.936s] TEXT: '.....'
[ 7148.936s] TEXT: '.....'
[ 7148.936s] TEXT: '.....'
[ 7148.936s] FRAME (len=56): 38 00 11 00 01 00 00 00 01 00 46 81 9E E3 00 1D 00 0F 20 00 08 0B 63 27 55 99 00 00 00 00 00 00 61 07 73 62 24 00 05 00 00 88 00 00 98 00 9F 00 09 00 00 00 54 0E 53 EF
[ 7148.936s] FRAME (len=16): 10 00 11 00 08 00 00 00 01 00 04 00 00 00 34 99
[ 7148.936s] FRAME (len=12): 0C 00 11 00 00 00 00 00 01 00 61 76
[ 7148.936s] FRAME (len=12): 0C 00 11 00 0B 00 00 00 01 00 C3 B5
[ 7155.152s] TEXT: '...;.'
[ 7155.152s] TEXT: '.....'
[ 7155.152s] FRAME (len=56): 38 00 11 00 01 00 00 00 01 00 46 81 9E E3 00 1D 00 0F 20 00 08 0B 63 27 55 99 00 00 00 00 00 00 61 07 73 62 24 00 05 00 00 88 00 00 98 00 9F 00 09 00 00 00 54 0E 53 EF
[ 7155.152s] FRAME (len=12): 0C 00 11 00 00 00 00 00 01 00 61 76
[ 7161.365s] TEXT: '...;.'
[ 7161.365s] TEXT: '.....'
[ 7161.365s] FRAME (len=56): 38 00 11 00 01 00 00 00 01 00 46 81 9E E3 00 1D 00 0F 20 00 08 0B 63 27 55 99 00 00 00 00 00 00 61 07 73 62 24 00 05 00 00 88 00 00 98 00 9F 00 09 00 00 00 54 0E 53 EF
[ 7161.365s] FRAME (len=12): 0C 00 11 00 00 00 00 00 01 00 61 76
[ 7163.853s] TEXT: '...;.'
[ 7164.063s] FRAME (len=56): 38 00 11 00 01 00 00 00 01 00 00 12 4B 00 38 0D 16 FD 03 00 C1 08 65 27 31 1D D4 FF 64 00 EE 02 00 00 00 00 00 00 0A 04 00 00 00 00 00 00 06 01 00 00 00 00 00 00 0C 8C
[ 7167.593s] TEXT: '....TX succeeded...;.'
[ 7167.593s] TEXT: '.....'
[ 7167.593s] FRAME (len=56): 38 00 11 00 01 00 00 00 01 00 46 81 9E E3 00 1D 00 0F 20 00 08 0B 63 27 55 99 00 00 00 00 00 00 61 07 73 62 24 00 05 00 00 88 00 00 98 00 9F 00 09 00 00 00 54 0E 53 EF
[ 7167.593s] FRAME (len=12): 0C 00 11 00 00 00 00 00 01 00 61 76
[ 7173.783s] TEXT: '...;.'
[ 7173.993s] TEXT: '.....'
[ 7173.993s] TEXT: '.....'
[ 7173.993s] FRAME (len=56): 38 00 11 00 01 00 00 00 01 00 46 81 9E E3 00 1D 00 0F 20 00 11 0B 63 27 56 95 00 00 00 00 00 00 61 07 73 62 24 00 05 00 00 88 00 00 98 00 9F 00 09 00 00 00 2E 0E 3C 79
[ 7173.993s] FRAME (len=12): 0C 00 11 00 00 00 00 00 01 00 61 76
[ 7173.993s] FRAME (len=12): 0C 00 11 00 0B 00 00 00 01 00 C3 B5
[ 7179.957s] TEXT: '...;.'
[ 7179.957s] TEXT: '.....'
[ 7179.957s] FRAME (len=56): 38 00 11 00 01 00 00 00 01 00 46 81 9E E3 00 1D 00 0F 20 00 11 0B 63 27 56 95 00 00 00 00 00 00 61 07 73 62 24 00 05 00 00 88 00 00 98 00 9F 00 09 00 00 00 2E 0E 3C 79
[ 7179.957s] FRAME (len=12): 0C 00 11 00 00 00 00 00 01 00 61 76
[ 7186.183s] TEXT: '...;.'
[ 7186.183s] TEXT: '.....'
[ 7186.183s] FRAME (len=56): 38 00 11 00 01 00 00 00 01 00 46 81 9E E3 00 1D 00 0F 20 00 11 0B 63 27 56 95 00 00 00 00 00 00 61 07 73 62 24 00 05 00 00 88 00 00 98 00 9F 00 09 00 00 00 2E 0E 3C 79
[ 7186.183s] FRAME (len=12): 0C 00 11 00 00 00 00 00 01 00 61 76
[ 7189.699s] TEXT: '...;.'
[ 7189.699s] FRAME (len=56): 38 00 11 00 01 00 00 00 01 00 00 12 4B 00 38 0D 16 FD 03 00 C1 08 65 27 31 25 D4 FF 64 00 EE 02 00 00 00 00 00 00 0A 04 00 00 00 00 00 00 06 01 00 00 00 00 00 00 6B 6B
[ 7192.374s] TEXT: '....TX succeeded...;.'
[ 7192.374s] TEXT: '.....'
[ 7192.374s] FRAME (len=56): 38 00 11 00 01 00 00 00 01 00 46 81 9E E3 00 1D 00 0F 20 00 11 0B 63 27 56 95 00 00 00 00 00 00 61 07 73 62 24 00 05 00 00 88 00 00 98 00 9F 00 09 00 00 00 2E 0E 3C 79
[ 7192.374s] FRAME (len=12): 0C 00 11 00 00 00 00 00 01 00 61 76
[ 7198.807s] TEXT: '...;.'
[ 7198.807s] TEXT: '.....'
[ 7198.807s] TEXT: '.....'
[ 7198.807s] FRAME (len=56): 38 00 11 00 01 00 00 00 01 00 46 81 9E E3 00 1D 00 0F 20 00 11 0B 62 27 56 CD 00 00 00 00 00 00 61 07 73 62 24 00 05 00 00 88 00 00 98 00 9F 00 09 00 00 00 41 0E 69 FD
[ 7198.807s] FRAME (len=12): 0C 00 11 00 00 00 00 00 01 00 61 76
[ 7198.807s] FRAME (len=12): 0C 00 11 00 0B 00 00 00 01 00 C3 B5
[ 7204.822s] TEXT: '...;.'
[ 7204.822s] TEXT: '.....'
[ 7204.822s] FRAME (len=56): 38 00 11 00 01 00 00 00 01 00 46 81 9E E3 00 1D 00 0F 20 00 11 0B 62 27 56 CD 00 00 00 00 00 00 61 07 73 62 24 00 05 00 00 88 00 00 98 00 9F 00 09 00 00 00 41 0E 69 FD
[ 7204.822s] FRAME (len=12): 0C 00 11 00 00 00 00 00 01 00 61 76
[ 7211.028s] TEXT: '...;.'
[ 7211.028s] TEXT: '.....'
[ 7211.028s] FRAME (len=56): 38 00 11 00 01 00 00 00 01 00 46 81 9E E3 00 1D 00 0F 20 00 11 0B 62 27 56 CD 00 00 00 00 00 00 61 07 73 62 24 00 05 00 00 88 00 00 98 00 9F 00 09 00 00 00 41 0E 69 FD
[ 7211.028s] FRAME (len=12): 0C 00 11 00 00 00 00 00 01 00 61 76
[ 7215.357s] TEXT: '...;.'
[ 7215.357s] FRAME (len=56): 38 00 11 00 01 00 00 00 01 00 00 12 4B 00 38 0D 16 FD 03 00 C1 08 65 27 31 05 D4 FF 64 00 EE 02 00 00 00 00 00 00 0A 04 00 00 00 00 00 00 06 01 00 00 00 00 00 00 54 84
[ 7217.222s] TEXT: '....TX succeeded...;.'
[ 7217.222s] TEXT: '.....'
[ 7217.222s] FRAME (len=56): 38 00 11 00 01 00 00 00 01 00 46 81 9E E3 00 1D 00 0F 20 00 11 0B 62 27 56 CD 00 00 00 00 00 00 61 07 73 62 24 00 05 00 00 88 00 00 98 00 9F 00 09 00 00 00 41 0E 69 FD
[ 7217.222s] FRAME (len=12): 0C 00 11 00 00 00 00 00 01 00 61 76
[ 7223.611s] TEXT: '...;.'
[ 7223.611s] TEXT: '.....'
[ 7223.611s] TEXT: '.....'
[ 7223.611s] FRAME (len=56): 38 00 11 00 01 00 00 00 01 00 46 81 9E E3 00 1D 00 0F 20 00 13 0B 63 27 56 85 00 00 00 00 00 00 61 07 73 62 24 00 05 00 00 88 00 00 98 00 9F 00 09 00 00 00 54 0E 4A 49
[ 7223.611s] FRAME (len=12): 0C 00 11 00 00 00 00 00 01 00 61 76
[ 7223.611s] FRAME (len=12): 0C 00 11 00 0B 00 00 00 01 00 C3 B5
[ 7229.814s] TEXT: '...;.'
[ 7229.814s] TEXT: '.....'
[ 7229.814s] FRAME (len=56): 38 00 11 00 01 00 00 00 01 00 46 81 9E E3 00 1D 00 0F 20 00 13 0B 63 27 56 85 00 00 00 00 00 00 61 07 73 62 24 00 05 00 00 88 00 00 98 00 9F 00 09 00 00 00 54 0E 4A 49
[ 7229.814s] FRAME (len=12): 0C 00 11 00 00 00 00 00 01 00 61 76
[ 7236.019s] TEXT: '...;.'
[ 7236.019s] TEXT: '.....'
[ 7236.019s] FRAME (len=56): 38 00 11 00 01 00 00 00 01 00 46 81 9E E3 00 1D 00 0F 20 00 13 0B 63 27 56 85 00 00 00 00 00 00 61 07 73 62 24 00 05 00 00 88 00 00 98 00 9F 00 09 00 00 00 54 0E 4A 49
[ 7236.019s] FRAME (len=12): 0C 00 11 00 00 00 00 00 01 00 61 76
[ 7240.990s] TEXT: '...;.'
[ 7240.990s] FRAME (len=56): 38 00 11 00 01 00 00 00 01 00 00 12 4B 00 38 0D 16 FD 03 00 C1 08 65 27 31 31 D4 FF 64 00 EE 02 00 00 00 00 00 00 0A 04 00 00 00 00 00 00 06 01 00 00 00 00 00 00 1F 67
[ 7242.227s] TEXT: '....TX failed: 0xc....TX failed: 0xc...;.'
[ 7242.227s] TEXT: '.....'
[ 7242.227s] FRAME (len=56): 38 00 11 00 01 00 00 00 01 00 46 81 9E E3 00 1D 00 0F 20 00 13 0B 63 27 56 85 00 00 00 00 00 00 61 07 73 62 24 00 05 00 00 88 00 00 98 00 9F 00 09 00 00 00 54 0E 4A 49
[ 7242.227s] FRAME (len=12): 0C 00 11 00 00 00 00 00 01 00 61 76
[ 7248.430s] TEXT: '...;.'
[ 7248.430s] TEXT: '.....'
[ 7248.430s] TEXT: '.....'
[ 7248.430s] FRAME (len=56): 38 00 11 00 01 00 00 00 01 00 46 81 9E E3 00 1D 00 0F 20 00 07 0B 63 27 56 8F 00 00 00 00 00 00 61 07 73 62 24 00 06 00 00 88 00 00 98 00 9F 00 09 00 00 00 41 0E 14 58
[ 7248.430s] FRAME (len=12): 0C 00 11 00 00 00 00 00 01 00 61 76
[ 7248.430s] FRAME (len=12): 0C 00 11 00 0B 00 00 00 01 00 C3 B5
[ 7254.670s] TEXT: '...;.'
[ 7254.670s] TEXT: '.....'
[ 7254.670s] FRAME (len=56): 38 00 11 00 01 00 00 00 01 00 46 81 9E E3 00 1D 00 0F 20 00 07 0B 63 27 56 8F 00 00 00 00 00 00 61 07 73 62 24 00 06 00 00 88 00 00 98 00 9F 00 09 00 00 00 41 0E 14 58
[ 7254.670s] FRAME (len=12): 0C 00 11 00 00 00 00 00 01 00 61 76
[ 7260.877s] TEXT: '...;.'
[ 7260.877s] TEXT: '.....'
[ 7260.877s] FRAME (len=56): 38 00 11 00 01 00 00 00 01 00 46 81 9E E3 00 1D 00 0F 20 00 07 0B 63 27 56 8F 00 00 00 00 00 00 61 07 73 62 24 00 06 00 00 88 00 00 98 00 9F 00 09 00 00 00 41 0E 14 58
[ 7260.877s] FRAME (len=12): 0C 00 11 00 00 00 00 00 01 00 61 76
[ 7267.102s] TEXT: '...;.'
[ 7267.102s] TEXT: '.....'
[ 7267.102s] FRAME (len=56): 38 00 11 00 01 00 00 00 01 00 46 81 9E E3 00 1D 00 0F 20 00 07 0B 63 27 56 8F 00 00 00 00 00 00 61 07 73 62 24 00 06 00 00 88 00 00 98 00 9F 00 09 00 00 00 41 0E 14 58
[ 7267.102s] FRAME (len=12): 0C 00 11 00 00 00 00 00 01 00 61 76
[ 7267.724s] TEXT: '...;.'
[ 7267.724s] FRAME (len=56): 38 00 11 00 01 00 00 00 01 00 00 12 4B 00 38 0D 16 FD 03 00 C2 08 65 27 31 21 D4 FF 64 00 EE 02 00 00 00 00 00 00 0A 04 00 00 00 00 00 00 06 01 00 00 00 00 00 00 DE 2C
[ 7273.296s] TEXT: '....TX succeeded...;.'
[ 7273.296s] FRAME (len=56): 38 00 11 00 01 00 00 00 01 00 46 81 9E E3 00 1D 00 0F 20 00 04 0B 63 27 56 9D 00 00 00 00 00 00 61 07 73 62 24 00 06 00 00 88 00 00 98 00 9F 00 09 00 00 00 2E 0E 2C F9
[ 7273.506s] TEXT: '.....'
[ 7273.506s] TEXT: '.....'
[ 7273.506s] FRAME (len=12): 0C 00 11 00 00 00 00 00 01 00 61 76
[ 7273.506s] FRAME (len=12): 0C 00 11 00 0B 00 00 00 01 00 C3 B5
[ 7279.490s] TEXT: '...;.'
[ 7279.490s] TEXT: '.....'
[ 7279.490s] FRAME (len=56): 38 00 11 00 01 00 00 00 01 00 46 81 9E E3 00 1D 00 0F 20 00 04 0B 63 27 56 9D 00 00 00 00 00 00 61 07 73 62 24 00 06 00 00 88 00 00 98 00 9F 00 09 00 00 00 2E 0E 2C F9
[ 7279.490s] FRAME (len=12): 0C 00 11 00 00 00 00 00 01 00 61 76
[ 7285.699s] TEXT: '...;.'
[ 7285.699s] TEXT: '.....'
[ 7285.699s] FRAME (len=56): 38 00 11 00 01 00 00 00 01 00 46 81 9E E3 00 1D 00 0F 20 00 04 0B 63 27 56 9D 00 00 00 00 00 00 61 07 73 62 24 00 06 00 00 88 00 00 98 00 9F 00 09 00 00 00 2E 0E 2C F9
[ 7285.699s] FRAME (len=12): 0C 00 11 00 00 00 00 00 01 00 61 76
[ 7291.894s] TEXT: '...;.'
[ 7291.894s] TEXT: '.....'
[ 7291.894s] FRAME (len=56): 38 00 11 00 01 00 00 00 01 00 46 81 9E E3 00 1D 00 0F 20 00 04 0B 63 27 56 9D 00 00 00 00 00 00 61 07 73 62 24 00 06 00 00 88 00 00 98 00 9F 00 09 00 00 00 2E 0E 2C F9
[ 7291.894s] FRAME (len=12): 0C 00 11 00 00 00 00 00 01 00 61 76
[ 7293.343s] TEXT: '...;.'
[ 7293.343s] FRAME (len=56): 38 00 11 00 01 00 00 00 01 00 00 12 4B 00 38 0D 16 FD 03 00 C2 08 65 27 31 65 D4 FF 64 00 EE 02 00 00 00 00 00 00 0A 04 00 00 00 00 00 00 06 01 00 00 00 00 00 00 7A 11
[ 7298.311s] TEXT: '....TX succeeded...;.'
[ 7298.311s] TEXT: '.....'
[ 7298.311s] TEXT: '.....'
[ 7298.311s] FRAME (len=56): 38 00 11 00 01 00 00 00 01 00 46 81 9E E3 00 1D 00 0F 20 00 15 0B 63 27 56 91 00 00 00 00 00 00 61 07 73 62 24 00 0C 00 00 88 00 00 98 00 9F 00 09 00 00 00 54 0E 22 84
[ 7298.311s] FRAME (len=12): 0C 00 11 00 00 00 00 00 01 00 61 76
[ 7298.311s] FRAME (len=12): 0C 00 11 00 0B 00 00 00 01 00 C3 B5
[ 7304.310s] TEXT: '...;.'
[ 7304.310s] TEXT: '.....'
[ 7304.310s] FRAME (len=56): 38 00 11 00 01 00 00 00 01 00 46 81 9E E3 00 1D 00 0F 20 00 15 0B 63 27 56 91 00 00 00 00 00 00 61 07 73 62 24 00 0C 00 00 88 00 00 98 00 9F 00 09 00 00 00 54 0E 22 84
[ 7304.310s] FRAME (len=12): 0C 00 11 00 00 00 00 00 01 00 61 76
[ 7310.504s] TEXT: '...;.'
[ 7310.504s] TEXT: '.....'
[ 7310.504s] FRAME (len=56): 38 00 11 00 01 00 00 00 01 00 46 81 9E E3 00 1D 00 0F 20 00 15 0B 63 27 56 91 00 00 00 00 00 00 61 07 73 62 24 00 0C 00 00 88 00 00 98 00 9F 00 09 00 00 00 54 0E 22 84
[ 7310.504s] FRAME (len=12): 0C 00 11 00 00 00 00 00 01 00 61 76
[ 7316.704s] TEXT: '...;.'
[ 7316.704s] TEXT: '.....'
[ 7316.704s] FRAME (len=56): 38 00 11 00 01 00 00 00 01 00 46 81 9E E3 00 1D 00 0F 20 00 15 0B 63 27 56 91 00 00 00 00 00 00 61 07 73 62 24 00 0C 00 00 88 00 00 98 00 9F 00 09 00 00 00 54 0E 22 84
[ 7316.704s] FRAME (len=12): 0C 00 11 00 00 00 00 00 01 00 61 76
[ 7318.971s] TEXT: '...;.'
[ 7318.971s] FRAME (len=56): 38 00 11 00 01 00 00 00 01 00 00 12 4B 00 38 0D 16 FD 03 00 C2 08 65 27 31 59 D4 FF 64 00 EE 02 00 00 00 00 00 00 0A 04 00 00 00 00 00 00 06 01 00 00 00 00 00 00 E6 05
[ 7323.140s] TEXT: '....TX succeeded...;.'
[ 7323.140s] TEXT: '.....'
[ 7323.140s] TEXT: '.....'
[ 7323.140s] FRAME (len=56): 38 00 11 00 01 00 00 00 01 00 46 81 9E E3 00 1D 00 0F 20 00 0E 0B 63 27 55 A5 00 00 00 00 00 00 61 07 73 62 24 00 05 00 00 88 00 00 98 00 9F 00 09 00 00 00 2E 0E E0 64
[ 7323.140s] FRAME (len=12): 0C 00 11 00 00 00 00 00 01 00 61 76
[ 7323.140s] FRAME (len=12): 0C 00 11 00 0B 00 00 00 01 00 C3 B5
[ 7329.163s] TEXT: '...;.'
[ 7329.163s] TEXT: '.....'
[ 7329.163s] FRAME (len=56): 38 00 11 00 01 00 00 00 01 00 46 81 9E E3 00 1D 00 0F 20 00 0E 0B 63 27 55 A5 00 00 00 00 00 00 61 07 73 62 24 00 05 00 00 88 00 00 98 00 9F 00 09 00 00 00 2E 0E E0 64
[ 7329.163s] FRAME (len=12): 0C 00 11 00 00 00 00 00 01 00 61 76
[ 7335.359s] TEXT: '...;.'
[ 7335.359s] TEXT: '.....'
[ 7335.359s] FRAME (len=56): 38 00 11 00 01 00 00 00 01 00 46 81 9E E3 00 1D 00 0F 20 00 0E 0B 63 27 55 A5 00 00 00 00 00 00 61 07 73 62 24 00 05 00 00 88 00 00 98 00 9F 00 09 00 00 00 2E 0E E0 64
[ 7335.359s] FRAME (len=12): 0C 00 11 00 00 00 00 00 01 00 61 76
[ 7341.755s] TEXT: '...;.'
[ 7341.755s] TEXT: '.....'
[ 7341.755s] FRAME (len=56): 38 00 11 00 01 00 00 00 01 00 46 81 9E E3 00 1D 00 0F 20 00 0E 0B 63 27 55 A5 00 00 00 00 00 00 61 07 73 62 24 00 05 00 00 88 00 00 98 00 9F 00 09 00 00 00 2E 0E E0 64
[ 7341.755s] FRAME (len=12): 0C 00 11 00 00 00 00 00 01 00 61 76
[ 7344.652s] TEXT: '...;.'
[ 7344.652s] FRAME (len=54): 38 00 11 00 01 00 00 00 01 00 00 12 4B 00 38 0D 16 FD 03 00 C2 08 65 27 31 3D D4 FF 64 00 EE 02 00 00 00 00 00 00 0A 04 00 00 00 00 00 00 06 01 00 00 00 00 00 00
[ 7347.964s] TEXT: '.}....TX succeeded...;.'
[ 7347.964s] TEXT: '.....'
[ 7347.964s] TEXT: '.....'
[ 7347.964s] TEXT: '.....'
[ 7347.964s] FRAME (len=56): 38 00 11 00 01 00 00 00 01 00 46 81 9E E3 00 1D 00 0F 20 00 F7 0A 63 27 55 91 00 00 00 00 00 00 61 07 73 62 25 00 05 00 00 88 00 00 98 00 9F 00 09 00 00 00 2E 0E 0B D4
[ 7347.964s] FRAME (len=16): 10 00 11 00 08 00 00 00 01 00 04 00 00 00 34 99
[ 7347.964s] FRAME (len=12): 0C 00 11 00 00 00 00 00 01 00 61 76
[ 7347.964s] FRAME (len=12): 0C 00 11 00 0B 00 00 00 01 00 C3 B5
[ 7353.941s] TEXT: '...;.'
[ 7353.941s] FRAME (len=56): 38 00 11 00 01 00 00 00 01 00 46 81 9E E3 00 1D 00 0F 20 00 F7 0A 63 27 55 91 00 00 00 00 00 00 61 07 73 62 25 00 05 00 00 88 00 00 98 00 9F 00 09 00 00 00 2E 0E 0B D4
[ 7354.147s] TEXT: '.....'
[ 7354.147s] FRAME (len=12): 0C 00 11 00 00 00 00 00 01 00 61 76
[ 7360.373s] TEXT: '...;.'
[ 7360.373s] TEXT: '.....'
[ 7360.373s] FRAME (len=56): 38 00 11 00 01 00 00 00 01 00 46 81 9E E3 00 1D 00 0F 20 00 F7 0A 63 27 55 91 00 00 00 00 00 00 61 07 73 62 25 00 05 00 00 88 00 00 98 00 9F 00 09 00 00 00 2E 0E 0B D4
[ 7360.373s] FRAME (len=12): 0C 00 11 00 00 00 00 00 01 00 61 76
[ 7366.570s] TEXT: '...;.'
[ 7366.570s] TEXT: '.....'
[ 7366.570s] FRAME (len=56): 38 00 11 00 01 00 00 00 01 00 46 81 9E E3 00 1D 00 0F 20 00 F7 0A 63 27 55 91 00 00 00 00 00 00 61 07 73 62 25 00 05 00 00 88 00 00 98 00 9F 00 09 00 00 00 2E 0E 0B D4
[ 7366.570s] FRAME (len=12): 0C 00 11 00 00 00 00 00 01 00 61 76
[ 7370.307s] TEXT: '...;.'
[ 7370.307s] FRAME (len=56): 38 00 11 00 01 00 00 00 01 00 00 12 4B 00 38 0D 16 FD 03 00 C3 08 65 27 31 75 D4 FF 64 00 EE 02 00 00 00 00 00 00 0A 04 00 00 00 00 00 00 06 01 00 00 00 00 00 00 D0 72
[ 7372.813s] TEXT: '....TX succeeded...;.'
[ 7372.813s] TEXT: '.....'
[ 7372.813s] TEXT: '.....'
[ 7372.813s] FRAME (len=56): 38 00 11 00 01 00 00 00 01 00 46 81 9E E3 00 1D 00 0F 20 00 FC 0A 63 27 56 99 00 00 00 00 00 00 61 07 73 62 25 00 06 00 00 88 00 00 98 00 9F 00 09 00 00 00 54 0E C0 22
[ 7372.813s] FRAME (len=12): 0C 00 11 00 00 00 00 00 01 00 61 76
[ 7372.813s] FRAME (len=12): 0C 00 11 00 0B 00 00 00 01 00 C3 B5
[ 7378.826s] TEXT: '...;.'
[ 7378.826s] TEXT: '.....'
[ 7378.826s] FRAME (len=56): 38 00 11 00 01 00 00 00 01 00 46 81 9E E3 00 1D 00 0F 20 00 FC 0A 63 27 56 99 00 00 00 00 00 00 61 07 73 62 25 00 06 00 00 88 00 00 98 00 9F 00 09 00 00 00 54 0E C0 22
[ 7378.826s] FRAME (len=12): 0C 00 11 00 00 00 00 00 01 00 61 76
[ 7385.246s] TEXT: '...;.'
[ 7385.246s] TEXT: '.....'
[ 7385.246s] FRAME (len=56): 38 00 11 00 01 00 00 00 01 00 46 81 9E E3 00 1D 00 0F 20 00 FC 0A 63 27 56 99 00 00 00 00 00 00 61 07 73 62 25 00 06 00 00 88 00 00 98 00 9F 00 09 00 00 00 54 0E C0 22
[ 7385.246s] FRAME (len=12): 0C 00 11 00 00 00 00 00 01 00 61 76
[ 7391.456s] TEXT: '...;.'
[ 7391.456s] TEXT: '.....'
[ 7391.456s] FRAME (len=56): 38 00 11 00 01 00 00 00 01 00 46 81 9E E3 00 1D 00 0F 20 00 FC 0A 63 27 56 99 00 00 00 00 00 00 61 07 73 62 25 00 06 00 00 88 00 00 98 00 9F 00 09 00 00 00 54 0E C0 22
[ 7391.456s] FRAME (len=12): 0C 00 11 00 00 00 00 00 01 00 61 76
[ 7397.032s] TEXT: '...;.'
[ 7397.032s] FRAME (len=56): 38 00 11 00 01 00 00 00 01 00 00 12 4B 00 38 0D 16 FD 03 00 C3 08 65 27 31 11 D4 FF 64 00 EE 02 00 00 00 00 00 00 0A 04 00 00 00 00 00 00 06 01 00 00 00 00 00 00 4B A0
[ 7397.640s] TEXT: '....TX succeeded...;.'
[ 7397.640s] FRAME (len=56): 38 00 11 00 01 00 00 00 01 00 46 81 9E E3 00 1D 00 0F 20 00 03 0B 63 27 56 B1 00 00 00 00 00 00 61 07 73 62 24 00 05 00 00 88 00 00 98 00 9F 00 09 00 00 00 41 0E FE 05
[ 7397.846s] TEXT: '.....'
[ 7397.846s] TEXT: '.....'
[ 7397.846s] TEXT: '.....'
[ 7397.846s] FRAME (len=16): 10 00 11 00 08 00 00 00 01 00 04 00 00 00 34 99
[ 7397.846s] FRAME (len=12): 0C 00 11 00 00 00 00 00 01 00 61 76
[ 7397.846s] FRAME (len=12): 0C 00 11 00 0B 00 00 00 01 00 C3 B5
[ 7403.852s] TEXT: '...;.'
[ 7403.852s] TEXT: '.....'
[ 7403.852s] FRAME (len=56): 38 00 11 00 01 00 00 00 01 00 46 81 9E E3 00 1D 00 0F 20 00 03 0B 63 27 56 B1 00 00 00 00 00 00 61 07 73 62 24 00 05 00 00 88 00 00 98 00 9F 00 09 00 00 00 41 0E FE 05
[ 7403.852s] FRAME (len=12): 0C 00 11 00 00 00 00 00 01 00 61 76
[ 7410.060s] TEXT: '...;.'
[ 7410.060s] TEXT: '.....'
[ 7410.060s] FRAME (len=56): 38 00 11 00 01 00 00 00 01 00 46 81 9E E3 00 1D 00 0F 20 00 03 0B 63 27 56 B1 00 00 00 00 00 00 61 07 73 62 24 00 05 00 00 88 00 00 98 00 9F 00 09 00 00 00 41 0E FE 05
[ 7410.060s] FRAME (len=12): 0C 00 11 00 00 00 00 00 01 00 61 76
[ 7416.277s] TEXT: '...;.'
[ 7416.277s] TEXT: '.....'
[ 7416.277s] FRAME (len=56): 38 00 11 00 01 00 00 00 01 00 46 81 9E E3 00 1D 00 0F 20 00 03 0B 63 27 56 B1 00 00 00 00 00 00 61 07 73 62 24 00 05 00 00 88 00 00 98 00 9F 00 09 00 00 00 41 0E FE 05
[ 7416.277s] FRAME (len=12): 0C 00 11 00 00 00 00 00 01 00 61 76
[ 7422.685s] TEXT: '...;.'
[ 7422.685s] TEXT: '.....'
[ 7422.685s] TEXT: '.....'
[ 7422.685s] TEXT: '...;.'
[ 7422.685s] FRAME (len=56): 38 00 11 00 01 00 00 00 01 00 46 81 9E E3 00 1D 00 0F 20 00 0D 0B 63 27 56 A1 00 00 00 00 00 00 61 07 73 62 24 00 05 00 00 88 00 00 98 00 9F 00 09 00 00 00 2E 0E 74 38
[ 7422.685s] FRAME (len=12): 0C 00 11 00 00 00 00 00 01 00 61 76
[ 7422.685s] FRAME (len=12): 0C 00 11 00 0B 00 00 00 01 00 C3 B5
[ 7422.685s] FRAME (len=56): 38 00 11 00 01 00 00 00 01 00 00 12 4B 00 38 0D 16 FD 03 00 C3 08 65 27 31 75 D4 FF 64 00 EE 02 00 00 00 00 00 00 0A 04 00 00 00 00 00 00 06 01 00 00 00 00 00 00 D0 72
[ 7428.713s] TEXT: '....TX succeeded...;.'
[ 7428.713s] TEXT: '.....'
[ 7428.713s] FRAME (len=56): 38 00 11 00 01 00 00 00 01 00 46 81 9E E3 00 1D 00 0F 20 00 0D 0B 63 27 56 A1 00 00 00 00 00 00 61 07 73 62 24 00 05 00 00 88 00 00 98 00 9F 00 09 00 00 00 2E 0E 74 38
[ 7428.713s] FRAME (len=12): 0C 00 11 00 00 00 00 00 01 00 61 76
[ 7434.923s] TEXT: '...;.'
[ 7434.923s] TEXT: '.....'
[ 7434.923s] FRAME (len=56): 38 00 11 00 01 00 00 00 01 00 46 81 9E E3 00 1D 00 0F 20 00 0D 0B 63 27 56 A1 00 00 00 00 00 00 61 07 73 62 24 00 05 00 00 88 00 00 98 00 9F 00 09 00 00 00 2E 0E 74 38
[ 7434.923s] FRAME (len=12): 0C 00 11 00 00 00 00 00 01 00 61 76
[ 7441.134s] TEXT: '...;.'
[ 7441.134s] TEXT: '.....'
[ 7441.134s] FRAME (len=56): 38 00 11 00 01 00 00 00 01 00 46 81 9E E3 00 1D 00 0F 20 00 0D 0B 63 27 56 A1 00 00 00 00 00 00 61 07 73 62 24 00 05 00 00 88 00 00 98 00 9F 00 09 00 00 00 2E 0E 74 38
[ 7441.134s] FRAME (len=12): 0C 00 11 00 00 00 00 00 01 00 61 76
[ 7447.540s] TEXT: '...;.'
[ 7447.540s] TEXT: '.....'
[ 7447.540s] TEXT: '.....'
[ 7447.540s] TEXT: '.....'
[ 7447.540s] FRAME (len=56): 38 00 11 00 01 00 00 00 01 00 46 81 9E E3 00 1D 00 0F 20 00 FE 0A 63 27 55 9D 00 00 00 00 00 00 61 07 73 62 24 00 05 00 00 88 00 00 98 00 9F 00 09 00 00 00 54 0E 0D FA
[ 7447.540s] FRAME (len=16): 10 00 11 00 08 00 00 00 01 00 04 00 00 00 34 99
[ 7447.540s] FRAME (len=12): 0C 00 11 00 00 00 00 00 01 00 61 76
[ 7447.540s] FRAME (len=12): 0C 00 11 00 0B 00 00 00 01 00 C3 B5
[ 7448.375s] TEXT: '...;.'
[ 7448.375s] FRAME (len=56): 38 00 11 00 01 00 00 00 01 00 00 12 4B 00 38 0D 16 FD 03 00 C3 08 65 27 31 05 D4 FF 64 00 EE 02 00 00 00 00 00 00 0A 04 00 00 00 00 00 00 06 01 00 00 00 00 00 00 3F AC
[ 7453.556s] TEXT: '....TX succeeded...;.'
[ 7453.556s] TEXT: '.....'
[ 7453.556s] FRAME (len=56): 38 00 11 00 01 00 00 00 01 00 46 81 9E E3 00 1D 00 0F 20 00 FE 0A 63 27 55 9D 00 00 00 00 00 00 61 07 73 62 24 00 05 00 00 88 00 00 98 00 9F 00 09 00 00 00 54 0E 0D FA
[ 7453.556s] FRAME (len=12): 0C 00 11 00 00 00 00 00 01 00 61 76
[ 7459.762s] TEXT: '...;.'
[ 7459.762s] TEXT: '.....'
[ 7459.762s] FRAME (len=56): 38 00 11 00 01 00 00 00 01 00 46 81 9E E3 00 1D 00 0F 20 00 FE 0A 63 27 55 9D 00 00 00 00 00 00 61 07 73 62 24 00 05 00 00 88 00 00 98 00 9F 00 09 00 00 00 54 0E 0D FA
[ 7459.762s] FRAME (len=12): 0C 00 11 00 00 00 00 00 01 00 61 76
[ 7465.974s] TEXT: '...;.'
[ 7465.974s] TEXT: '.....'
[ 7465.974s] FRAME (len=56): 38 00 11 00 01 00 00 00 01 00 46 81 9E E3 00 1D 00 0F 20 00 FE 0A 63 27 55 9D 00 00 00 00 00 00 61 07 73 62 24 00 05 00 00 88 00 00 98 00 9F 00 09 00 00 00 54 0E 0D FA
[ 7465.974s] FRAME (len=12): 0C 00 11 00 00 00 00 00 01 00 61 76
[ 7472.368s] TEXT: '...;.'
[ 7472.368s] TEXT: '.....'
[ 7472.368s] TEXT: '.....'
[ 7472.368s] TEXT: '.....'
[ 7472.368s] FRAME (len=56): 38 00 11 00 01 00 00 00 01 00 46 81 9E E3 00 1D 00 0F 20 00 09 0B 63 27 55 BD 00 00 00 00 00 00 61 07 73 62 24 00 05 00 00 88 00 00 98 00 9F 00 09 00 00 00 2E 0E 20 88
[ 7472.368s] FRAME (len=16): 10 00 11 00 08 00 00 00 01 00 04 00 00 00 34 99
[ 7472.368s] FRAME (len=12): 0C 00 11 00 00 00 00 00 01 00 61 76
[ 7472.368s] FRAME (len=12): 0C 00 11 00 0B 00 00 00 01 00 C3 B5
[ 7474.027s] TEXT: '...;.'
[ 7474.027s] FRAME (len=56): 38 00 11 00 01 00 00 00 01 00 00 12 4B 00 38 0D 16 FD 03 00 C3 08 66 27 31 09 D4 FF 64 00 EE 02 00 00 00 00 00 00 0A 04 00 00 00 00 00 00 06 01 00 00 00 00 00 00 D9 43
[ 7478.376s] TEXT: '....TX succeeded...;.'
[ 7478.376s] TEXT: '.....'
[ 7478.376s] FRAME (len=56): 38 00 11 00 01 00 00 00 01 00 46 81 9E E3 00 1D 00 0F 20 00 09 0B 63 27 55 BD 00 00 00 00 00 00 61 07 73 62 24 00 05 00 00 88 00 00 98 00 9F 00 09 00 00 00 2E 0E 20 88
[ 7478.376s] FRAME (len=12): 0C 00 11 00 00 00 00 00 01 00 61 76
[ 7484.587s] TEXT: '...;.'
[ 7484.587s] TEXT: '.....'
[ 7484.587s] FRAME (len=56): 38 00 11 00 01 00 00 00 01 00 46 81 9E E3 00 1D 00 0F 20 00 09 0B 63 27 55 BD 00 00 00 00 00 00 61 07 73 62 24 00 05 00 00 88 00 00 98 00 9F 00 09 00 00 00 2E 0E 20 88
[ 7484.587s] FRAME (len=12): 0C 00 11 00 00 00 00 00 01 00 61 76
[ 7490.784s] TEXT: '...;.'
[ 7490.784s] TEXT: '.....'
[ 7490.784s] FRAME (len=56): 38 00 11 00 01 00 00 00 01 00 46 81 9E E3 00 1D 00 0F 20 00 09 0B 63 27 55 BD 00 00 00 00 00 00 61 07 73 62 24 00 05 00 00 88 00 00 98 00 9F 00 09 00 00 00 2E 0E 20 88
[ 7490.784s] FRAME (len=12): 0C 00 11 00 00 00 00 00 01 00 61 76
[ 7497.190s] TEXT: '...;.'
[ 7497.190s] TEXT: '.....'
[ 7497.190s] TEXT: '.....'
[ 7497.190s] FRAME (len=56): 38 00 11 00 01 00 00 00 01 00 46 81 9E E3 00 1D 00 0F 20 00 16 0B 63 27 56 CB 00 00 00 00 00 00 61 07 73 62 24 00 05 00 00 88 00 00 98 00 9F 00 09 00 00 00 54 0E 27 BE
[ 7497.190s] FRAME (len=12): 0C 00 11 00 00 00 00 00 01 00 61 76
[ 7497.190s] FRAME (len=12): 0C 00 11 00 0B 00 00 00 01 00 C3 B5
[ 7499.668s] TEXT: '...;.'
[ 7499.668s] FRAME (len=56): 38 00 11 00 01 00 00 00 01 00 00 12 4B 00 38 0D 16 FD 03 00 C3 08 66 27 31 09 D4 FF 64 00 EE 02 00 00 00 00 00 00 0A 04 00 00 00 00 00 00 06 01 00 00 00 00 00 00 D9 43
[ 7503.193s] TEXT: '....TX succeeded...;.'
[ 7503.193s] TEXT: '.....'
[ 7503.193s] FRAME (len=56): 38 00 11 00 01 00 00 00 01 00 46 81 9E E3 00 1D 00 0F 20 00 16 0B 63 27 56 CB 00 00 00 00 00 00 61 07 73 62 24 00 05 00 00 88 00 00 98 00 9F 00 09 00 00 00 54 0E 27 BE
[ 7503.193s] FRAME (len=12): 0C 00 11 00 00 00 00 00 01 00 61 76
[ 7509.414s] TEXT: '...;.'
[ 7509.414s] TEXT: '.....'
[ 7509.414s] FRAME (len=56): 38 00 11 00 01 00 00 00 01 00 46 81 9E E3 00 1D 00 0F 20 00 16 0B 63 27 56 CB 00 00 00 00 00 00 61 07 73 62 24 00 05 00 00 88 00 00 98 00 9F 00 09 00 00 00 54 0E 27 BE
[ 7509.414s] FRAME (len=12): 0C 00 11 00 00 00 00 00 01 00 61 76
[ 7515.792s] TEXT: '...;.'
[ 7515.792s] TEXT: '.....'
[ 7515.792s] FRAME (len=56): 38 00 11 00 01 00 00 00 01 00 46 81 9E E3 00 1D 00 0F 20 00 16 0B 63 27 56 CB 00 00 00 00 00 00 61 07 73 62 24 00 05 00 00 88 00 00 98 00 9F 00 09 00 00 00 54 0E 27 BE
[ 7515.792s] FRAME (len=12): 0C 00 11 00 00 00 00 00 01 00 61 76
[ 7522.171s] TEXT: '...;.'
[ 7522.171s] TEXT: '.....'
[ 7522.171s] TEXT: '.....'
[ 7522.171s] FRAME (len=56): 38 00 11 00 01 00 00 00 01 00 46 81 9E E3 00 1D 00 0F 20 00 13 0B 63 27 55 BF 00 00 00 00 00 00 61 07 73 62 24 00 05 00 00 88 00 00 98 00 9F 00 09 00 00 00 41 0E 67 B8
[ 7522.171s] FRAME (len=12): 0C 00 11 00 00 00 00 00 01 00 61 76
[ 7522.171s] FRAME (len=12): 0C 00 11 00 0B 00 00 00 01 00 C3 B5
[ 7525.485s] TEXT: '...;.'
[ 7525.485s] FRAME (len=56): 38 00 11 00 01 00 00 00 01 00 00 12 4B 00 38 0D 16 FD 03 00 C4 08 65 27 31 15 D4 FF 64 00 EE 02 00 00 00 00 00 00 0A 04 00 00 00 00 00 00 06 01 00 00 00 00 00 00 28 B7
[ 7528.190s] TEXT: '....TX failed: 0xc....TX failed: 0xc...;.'
[ 7528.190s] TEXT: '.....'
[ 7528.190s] FRAME (len=56): 38 00 11 00 01 00 00 00 01 00 46 81 9E E3 00 1D 00 0F 20 00 13 0B 63 27 55 BF 00 00 00 00 00 00 61 07 73 62 24 00 05 00 00 88 00 00 98 00 9F 00 09 00 00 00 41 0E 67 B8
[ 7528.190s] FRAME (len=12): 0C 00 11 00 00 00 00 00 01 00 61 76
[ 7534.387s] TEXT: '...;.'
[ 7534.387s] TEXT: '.....'
[ 7534.387s] FRAME (len=56): 38 00 11 00 01 00 00 00 01 00 46 81 9E E3 00 1D 00 0F 20 00 13 0B 63 27 55 BF 00 00 00 00 00 00 61 07 73 62 24 00 05 00 00 88 00 00 98 00 9F 00 09 00 00 00 41 0E 67 B8
[ 7534.387s] FRAME (len=12): 0C 00 11 00 00 00 00 00 01 00 61 76
[ 7540.603s] TEXT: '...;.'
[ 7540.603s] TEXT: '.....'
[ 7540.603s] FRAME (len=56): 38 00 11 00 01 00 00 00 01 00 46 81 9E E3 00 1D 00 0F 20 00 13 0B 63 27 55 BF 00 00 00 00 00 00 61 07 73 62 24 00 05 00 00 88 00 00 98 00 9F 00 09 00 00 00 41 0E 67 B8
[ 7540.603s] FRAME (len=12): 0C 00 11 00 00 00 00 00 01 00 61 76
[ 7547.029s] TEXT: '...;.'
[ 7547.029s] TEXT: '.....'
[ 7547.029s] TEXT: '.....'
[ 7547.029s] FRAME (len=56): 38 00 11 00 01 00 00 00 01 00 46 81 9E E3 00 1D 00 0F 20 00 13 0B 63 27 56 CD 00 00 00 00 00 00 61 07 73 62 24 00 05 00 00 88 00 00 98 00 9F 00 09 00 00 00 54 0E C2 70
[ 7547.029s] FRAME (len=12): 0C 00 11 00 00 00 00 00 01 00 61 76
[ 7547.029s] FRAME (len=12): 0C 00 11 00 0B 00 00 00 01 00 C3 B5
[ 7551.982s] TEXT: '...;.'
[ 7551.982s] FRAME (len=56): 38 00 11 00 01 00 00 00 01 00 00 12 4B 00 38 0D 16 FD 03 00 C4 08 66 27 31 25 D4 FF 64 00 EE 02 00 00 00 00 00 00 0A 04 00 00 00 00 00 00 06 01 00 00 00 00 00 00 52 4C
[ 7553.014s] TEXT: '....TX succeeded...;.'
[ 7553.014s] TEXT: '.....'
[ 7553.014s] FRAME (len=56): 38 00 11 00 01 00 00 00 01 00 46 81 9E E3 00 1D 00 0F 20 00 13 0B 63 27 56 CD 00 00 00 00 00 00 61 07 73 62 24 00 05 00 00 88 00 00 98 00 9F 00 09 00 00 00 54 0E C2 70
[ 7553.014s] FRAME (len=12): 0C 00 11 00 00 00 00 00 01 00 61 76
[ 7559.244s] TEXT: '...;.'
[ 7559.244s] TEXT: '.....'
[ 7559.244s] FRAME (len=56): 38 00 11 00 01 00 00 00 01 00 46 81 9E E3 00 1D 00 0F 20 00 13 0B 63 27 56 CD 00 00 00 00 00 00 61 07 73 62 24 00 05 00 00 88 00 00 98 00 9F 00 09 00 00 00 54 0E C2 70
[ 7559.244s] FRAME (len=12): 0C 00 11 00 00 00 00 00 01 00 61 76
[ 7565.469s] TEXT: '...;.'
[ 7565.469s] TEXT: '.....'
[ 7565.469s] FRAME (len=56): 38 00 11 00 01 00 00 00 01 00 46 81 9E E3 00 1D 00 0F 20 00 13 0B 63 27 56 CD 00 00 00 00 00 00 61 07 73 62 24 00 05 00 00 88 00 00 98 00 9F 00 09 00 00 00 54 0E C2 70
[ 7565.469s] FRAME (len=12): 0C 00 11 00 00 00 00 00 01 00 61 76
[ 7571.838s] TEXT: '...;.'
[ 7571.838s] TEXT: '.....'
[ 7571.838s] TEXT: '.....'
[ 7571.838s] FRAME (len=56): 38 00 11 00 01 00 00 00 01 00 46 81 9E E3 00 1D 00 0F 20 00 16 0B 64 27 56 8B 00 00 00 00 00 00 61 07 73 62 24 00 06 00 00 88 00 00 98 00 9F 00 09 00 00 00 2E 0E 54 E1
[ 7571.838s] FRAME (len=12): 0C 00 11 00 00 00 00 00 01 00 61 76
[ 7571.838s] FRAME (len=12): 0C 00 11 00 0B 00 00 00 01 00 C3 B5
[ 7577.624s] TEXT: '...;.'
[ 7577.828s] TEXT: '....TX succeeded...;.'
[ 7577.828s] TEXT: '.....'
[ 7577.828s] FRAME (len=56): 38 00 11 00 01 00 00 00 01 00 00 12 4B 00 38 0D 16 FD 03 00 C4 08 66 27 31 29 D4 FF 64 00 EE 02 00 00 00 00 00 00 0A 04 00 00 00 00 00 00 06 01 00 00 00 00 00 00 7E 48
[ 7577.828s] FRAME (len=56): 38 00 11 00 01 00 00 00 01 00 46 81 9E E3 00 1D 00 0F 20 00 16 0B 64 27 56 8B 00 00 00 00 00 00 61 07 73 62 24 00 06 00 00 88 00 00 98 00 9F 00 09 00 00 00 2E 0E 54 E1
[ 7577.828s] FRAME (len=12): 0C 00 11 00 00 00 00 00 01 00 61 76
[ 7584.042s] TEXT: '...;.'
[ 7584.042s] TEXT: '.....'
[ 7584.042s] FRAME (len=56): 38 00 11 00 01 00 00 00 01 00 46 81 9E E3 00 1D 00 0F 20 00 16 0B 64 27 56 8B 00 00 00 00 00 00 61 07 73 62 24 00 06 00 00 88 00 00 98 00 9F 00 09 00 00 00 2E 0E 54 E1
[ 7584.042s] FRAME (len=12): 0C 00 11 00 00 00 00 00 01 00 61 76
[ 7590.290s] TEXT: '...;.'
[ 7590.290s] TEXT: '.....'
[ 7590.290s] FRAME (len=56): 38 00 11 00 01 00 00 00 01 00 46 81 9E E3 00 1D 00 0F 20 00 16 0B 64 27 56 8B 00 00 00 00 00 00 61 07 73 62 24 00 06 00 00 88 00 00 98 00 9F 00 09 00 00 00 2E 0E 54 E1
[ 7590.290s] FRAME (len=12): 0C 00 11 00 00 00 00 00 01 00 61 76
[ 7596.701s] TEXT: '...;.'
[ 7596.701s] TEXT: '.....'
[ 7596.701s] TEXT: '.....'
[ 7596.701s] FRAME (len=56): 38 00 11 00 01 00 00 00 01 00 46 81 9E E3 00 1D 00 0F 20 00 02 0B 64 27 56 8F 00 00 00 00 00 00 61 07 73 62 24 00 06 00 00 88 00 00 98 00 9F 00 09 00 00 00 41 0E 14 0A
[ 7596.701s] FRAME (len=12): 0C 00 11 00 00 00 00 00 01 00 61 76
[ 7596.701s] FRAME (len=12): 0C 00 11 00 0B 00 00 00 01 00 C3 B5
[ 7602.701s] TEXT: '...;.'
[ 7602.701s] TEXT: '.....'
[ 7602.701s] FRAME (len=56): 38 00 11 00 01 00 00 00 01 00 46 81 9E E3 00 1D 00 0F 20 00 02 0B 64 27 56 8F 00 00 00 00 00 00 61 07 73 62 24 00 06 00 00 88 00 00 98 00 9F 00 09 00 00 00 41 0E 14 0A
[ 7602.701s] FRAME (len=12): 0C 00 11 00 00 00 00 00 01 00 61 76
[ 7603.309s] TEXT: '...;.'
[ 7603.309s] FRAME (len=56): 38 00 11 00 01 00 00 00 01 00 00 12 4B 00 38 0D 16 FD 03 00 C4 08 66 27 31 3D D4 FF 64 00 EE 02 00 00 00 00 00 00 0A 04 00 00 00 00 00 00 06 01 00 00 00 00 00 00 0A 44
[ 7608.908s] TEXT: '....TX succeeded...;.'
[ 7608.908s] TEXT: '.....'
[ 7608.908s] FRAME (len=56): 38 00 11 00 01 00 00 00 01 00 46 81 9E E3 00 1D 00 0F 20 00 02 0B 64 27 56 8F 00 00 00 00 00 00 61 07 73 62 24 00 06 00 00 88 00 00 98 00 9F 00 09 00 00 00 41 0E 14 0A
[ 7608.908s] FRAME (len=12): 0C 00 11 00 00 00 00 00 01 00 61 76
[ 7615.117s] TEXT: '...;.'
[ 7615.117s] TEXT: '.....'
[ 7615.117s] FRAME (len=56): 38 00 11 00 01 00 00 00 01 00 46 81 9E E3 00 1D 00 0F 20 00 02 0B 64 27 56 8F 00 00 00 00 00 00 61 07 73 62 24 00 06 00 00 88 00 00 98 00 9F 00 09 00 00 00 41 0E 14 0A
[ 7615.117s] FRAME (len=12): 0C 00 11 00 00 00 00 00 01 00 61 76
[ 7621.529s] TEXT: '...;.'
[ 7621.529s] TEXT: '.....'
[ 7621.529s] TEXT: '.....'
[ 7621.529s] FRAME (len=56): 38 00 11 00 01 00 00 00 01 00 46 81 9E E3 00 1D 00 0F 20 00 0A 0B 64 27 56 9B 00 00 00 00 00 00 61 07 73 62 24 00 05 00 00 88 00 00 98 00 9F 00 09 00 00 00 2E 0E 95 54
[ 7621.529s] FRAME (len=12): 0C 00 11 00 00 00 00 00 01 00 61 76
[ 7621.529s] FRAME (len=12): 0C 00 11 00 0B 00 00 00 01 00 C3 B5
[ 7627.720s] TEXT: '...;.'
[ 7627.720s] TEXT: '.....'
[ 7627.720s] FRAME (len=56): 38 00 11 00 01 00 00 00 01 00 46 81 9E E3 00 1D 00 0F 20 00 0A 0B 64 27 56 9B 00 00 00 00 00 00 61 07 73 62 24 00 05 00 00 88 00 00 98 00 9F 00 09 00 00 00 2E 0E 95 54
[ 7627.720s] FRAME (len=12): 0C 00 11 00 00 00 00 00 01 00 61 76
[ 7629.170s] TEXT: '...;.'
[ 7629.170s] FRAME (len=56): 38 00 11 00 01 00 00 00 01 00 00 12 4B 00 38 0D 16 FD 03 00 C4 08 66 27 31 4D D4 FF 64 00 EE 02 00 00 00 00 00 00 0A 04 00 00 00 00 00 00 06 01 00 00 00 00 00 00 E5 9A
[ 7633.698s] TEXT: '....TX succeeded...;.'
[ 7633.905s] TEXT: '.....'
[ 7633.905s] FRAME (len=56): 38 00 11 00 01 00 00 00 01 00 46 81 9E E3 00 1D 00 0F 20 00 0A 0B 64 27 56 9B 00 00 00 00 00 00 61 07 73 62 24 00 05 00 00 88 00 00 98 00 9F 00 09 00 00 00 2E 0E 95 54
[ 7633.905s] FRAME (len=12): 0C 00 11 00 00 00 00 00 01 00 61 76
[ 7640.094s] TEXT: '...;.'
[ 7640.094s] TEXT: '.....'
[ 7640.094s] FRAME (len=56): 38 00 11 00 01 00 00 00 01 00 46 81 9E E3 00 1D 00 0F 20 00 0A 0B 64 27 56 9B 00 00 00 00 00 00 61 07 73 62 24 00 05 00 00 88 00 00 98 00 9F 00 09 00 00 00 2E 0E 95 54
[ 7640.094s] FRAME (len=12): 0C 00 11 00 00 00 00 00 01 00 61 76
[ 7646.329s] TEXT: '...;.'
[ 7646.329s] TEXT: '.....'
[ 7646.329s] TEXT: '....'
[ 7646.329s] FRAME (len=56): 38 00 11 00 01 00 00 00 01 00 46 81 9E E3 00 1D 00 0F 20 00 09 0B 64 27 56 AF 00 00 00 00 00 00 61 07 73 62 24 00 05 00 00 88 00 00 98 00 9F 00 09 00 00 00 2E 0E 90 03
[ 7646.329s] FRAME (len=12): 0C 00 11 00 00 00 00 00 01 00 61 76
[ 7646.329s] FRAME (len=12): 0C 00 11 00 0B 00 00 00 01 00 C3 B5
[ 7652.523s] TEXT: '...;.'
[ 7652.523s] TEXT: '.....'
[ 7652.523s] FRAME (len=56): 38 00 11 00 01 00 00 00 01 00 46 81 9E E3 00 1D 00 0F 20 00 09 0B 64 27 56 AF 00 00 00 00 00 00 61 07 73 62 24 00 05 00 00 88 00 00 98 00 9F 00 09 00 00 00 2E 0E 90 03
[ 7652.523s] FRAME (len=12): 0C 00 11 00 00 00 00 00 01 00 61 76
[ 7654.791s] TEXT: '...;.'
[ 7654.791s] FRAME (len=56): 38 00 11 00 01 00 00 00 01 00 00 12 4B 00 38 0D 16 FD 03 00 C4 08 66 27 31 6D D4 FF 64 00 EE 02 00 00 00 00 00 00 0A 04 00 00 00 00 00 00 06 01 00 00 00 00 00 00 DA 75
[ 7658.727s] TEXT: '....TX succeeded...;.'
[ 7658.727s] TEXT: '.....'
[ 7658.727s] FRAME (len=56): 38 00 11 00 01 00 00 00 01 00 46 81 9E E3 00 1D 00 0F 20 00 09 0B 64 27 56 AF 00 00 00 00 00 00 61 07 73 62 24 00 05 00 00 88 00 00 98 00 9F 00 09 00 00 00 2E 0E 90 03
[ 7658.727s] FRAME (len=12): 0C 00 11 00 00 00 00 00 01 00 61 76
[ 7664.918s] TEXT: '...;.'
[ 7664.918s] TEXT: '.....'
[ 7664.918s] FRAME (len=56): 38 00 11 00 01 00 00 00 01 00 46 81 9E E3 00 1D 00 0F 20 00 09 0B 64 27 56 AF 00 00 00 00 00 00 61 07 73 62 24 00 05 00 00 88 00 00 98 00 9F 00 09 00 00 00 2E 0E 90 03
[ 7664.918s] FRAME (len=12): 0C 00 11 00 00 00 00 00 01 00 61 76
[ 7671.340s] TEXT: '...;.'
[ 7671.340s] TEXT: '.....'
[ 7671.340s] TEXT: '.....'
[ 7671.340s] FRAME (len=56): 38 00 11 00 01 00 00 00 01 00 46 81 9E E3 00 1D 00 0F 20 00 07 0B 64 27 55 A1 00 00 00 00 00 00 61 07 73 62 24 00 06 00 00 88 00 00 98 00 9F 00 09 00 00 00 54 0E BE 3B
[ 7671.340s] FRAME (len=12): 0C 00 11 00 00 00 00 00 01 00 61 76
[ 7671.340s] FRAME (len=12): 0C 00 11 00 0B 00 00 00 01 00 C3 B5
[ 7677.331s] TEXT: '...;.'
[ 7677.331s] TEXT: '.....'
[ 7677.331s] FRAME (len=56): 38 00 11 00 01 00 00 00 01 00 46 81 9E E3 00 1D 00 0F 20 00 07 0B 64 27 55 A1 00 00 00 00 00 00 61 07 73 62 24 00 06 00 00 88 00 00 98 00 9F 00 09 00 00 00 54 0E BE 3B
[ 7677.331s] FRAME (len=12): 0C 00 11 00 00 00 00 00 01 00 61 76
[ 7681.486s] TEXT: '...;.'
[ 7681.486s] FRAME (len=56): 38 00 11 00 01 00 00 00 01 00 00 12 4B 00 38 0D 16 FD 03 00 C4 08 66 27 31 69 D4 FF 64 00 EE 02 00 00 00 00 00 00 0A 04 00 00 00 00 00 00 06 01 00 00 00 00 00 00 21 86
[ 7683.544s] TEXT: '....TX succeeded...;.'
[ 7683.544s] TEXT: '.....'
[ 7683.544s] FRAME (len=56): 38 00 11 00 01 00 00 00 01 00 46 81 9E E3 00 1D 00 0F 20 00 07 0B 64 27 55 A1 00 00 00 00 00 00 61 07 73 62 24 00 06 00 00 88 00 00 98 00 9F 00 09 00 00 00 54 0E BE 3B
[ 7683.544s] FRAME (len=12): 0C 00 11 00 00 00 00 00 01 00 61 76
[ 7689.744s] TEXT: '...;.'
[ 7689.744s] TEXT: '.....'
[ 7689.744s] FRAME (len=56): 38 00 11 00 01 00 00 00 01 00 46 81 9E E3 00 1D 00 0F 20 00 07 0B 64 27 55 A1 00 00 00 00 00 00 61 07 73 62 24 00 06 00 00 88 00 00 98 00 9F 00 09 00 00 00 54 0E BE 3B
[ 7689.744s] FRAME (len=12): 0C 00 11 00 00 00 00 00 01 00 61 76
[ 7696.152s] TEXT: '...;.'
[ 7696.152s] TEXT: '.....'
[ 7696.152s] TEXT: '.....'
[ 7696.152s] FRAME (len=56): 38 00 11 00 01 00 00 00 01 00 46 81 9E E3 00 1D 00 0F 20 00 11 0B 64 27 55 A7 00 00 00 00 00 00 61 07 73 62 24 00 05 00 00 88 00 00 98 00 9F 00 09 00 00 00 54 0E 21 FA
[ 7696.152s] FRAME (len=12): 0C 00 11 00 00 00 00 00 01 00 61 76
[ 7696.152s] FRAME (len=12): 0C 00 11 00 0B 00 00 00 01 00 C3 B5
[ 7702.158s] TEXT: '...;.'
[ 7702.158s] TEXT: '.....'
[ 7702.158s] FRAME (len=56): 38 00 11 00 01 00 00 00 01 00 46 81 9E E3 00 1D 00 0F 20 00 11 0B 64 27 55 A7 00 00 00 00 00 00 61 07 73 62 24 00 05 00 00 88 00 00 98 00 9F 00 09 00 00 00 54 0E 21 FA
[ 7702.158s] FRAME (len=12): 0C 00 11 00 00 00 00 00 01 00 61 76
[ 7707.110s] TEXT: '...;.'
[ 7707.110s] FRAME (len=56): 38 00 11 00 01 00 00 00 01 00 00 12 4B 00 38 0D 16 FD 03 00 C5 08 66 27 31 59 D4 FF 64 00 EE 02 00 00 00 00 00 00 0A 04 00 00 00 00 00 00 06 01 00 00 00 00 00 00 B4 0A
[ 7708.352s] TEXT: '....TX succeeded...;.'
[ 7708.352s] TEXT: '.....'
[ 7708.352s] FRAME (len=56): 38 00 11 00 01 00 00 00 01 00 46 81 9E E3 00 1D 00 0F 20 00 11 0B 64 27 55 A7 00 00 00 00 00 00 61 07 73 62 24 00 05 00 00 88 00 00 98 00 9F 00 09 00 00 00 54 0E 21 FA
[ 7708.352s] FRAME (len=12): 0C 00 11 00 00 00 00 00 01 00 61 76
[ 7714.563s] TEXT: '...;.'
[ 7714.563s] TEXT: '.....'
[ 7714.563s] FRAME (len=56): 38 00 11 00 01 00 00 00 01 00 46 81 9E E3 00 1D 00 0F 20 00 11 0B 64 27 55 A7 00 00 00 00 00 00 61 07 73 62 24 00 05 00 00 88 00 00 98 00 9F 00 09 00 00 00 54 0E 21 FA
[ 7714.563s] FRAME (len=12): 0C 00 11 00 00 00 00 00 01 00 61 76
[ 7720.973s] TEXT: '...;.'
[ 7720.973s] TEXT: '.....'
[ 7720.973s] TEXT: '.....'
[ 7720.973s] FRAME (len=56): 38 00 11 00 01 00 00 00 01 00 46 81 9E E3 00 1D 00 0F 20 00 09 0B 64 27 56 CB 00 00 00 00 00 00 61 07 73 62 24 00 05 00 00 88 00 00 98 00 9F 00 09 00 00 00 54 0E 99 36
[ 7720.973s] FRAME (len=12): 0C 00 11 00 00 00 00 00 01 00 61 76
[ 7720.973s] FRAME (len=12): 0C 00 11 00 0B 00 00 00 01 00 C3 B5
[ 7727.189s] TEXT: '...;.'
[ 7727.189s] TEXT: '.....'
[ 7727.189s] FRAME (len=56): 38 00 11 00 01 00 00 00 01 00 46 81 9E E3 00 1D 00 0F 20 00 09 0B 64 27 56 CB 00 00 00 00 00 00 61 07 73 62 24 00 05 00 00 88 00 00 98 00 9F 00 09 00 00 00 54 0E 99 36
[ 7727.189s] FRAME (len=12): 0C 00 11 00 00 00 00 00 01 00 61 76
[ 7732.787s] TEXT: '...;.'
[ 7732.787s] FRAME (len=56): 38 00 11 00 01 00 00 00 01 00 00 12 4B 00 38 0D 16 FD 03 00 C5 08 66 27 31 71 D4 FF 64 00 EE 02 00 00 00 00 00 00 0A 04 00 00 00 00 00 00 06 01 00 00 00 00 00 00 5C 12
[ 7733.194s] TEXT: '....TX succeeded...;.'
[ 7733.194s] FRAME (len=56): 38 00 11 00 01 00 00 00 01 00 46 81 9E E3 00 1D 00 0F 20 00 09 0B 64 27 56 CB 00 00 00 00 00 00 61 07 73 62 24 00 05 00 00 88 00 00 98 00 9F 00 09 00 00 00 54 0E 99 36
[ 7733.404s] TEXT: '.....'
[ 7733.404s] FRAME (len=12): 0C 00 11 00 00 00 00 00 01 00 61 76
[ 7739.391s] TEXT: '...;.'
[ 7739.391s] TEXT: '.....'
[ 7739.391s] FRAME (len=56): 38 00 11 00 01 00 00 00 01 00 46 81 9E E3 00 1D 00 0F 20 00 09 0B 64 27 56 CB 00 00 00 00 00 00 61 07 73 62 24 00 05 00 00 88 00 00 98 00 9F 00 09 00 00 00 54 0E 99 36
[ 7739.391s] FRAME (len=12): 0C 00 11 00 00 00 00 00 01 00 61 76
[ 7745.806s] TEXT: '...;.'
[ 7745.806s] TEXT: '.....'
[ 7745.806s] TEXT: '.....'
[ 7745.806s] FRAME (len=56): 38 00 11 00 01 00 00 00 01 00 46 81 9E E3 00 1D 00 0F 20 00 08 0B 64 27 56 A5 00 00 00 00 00 00 61 07 73 62 24 00 05 00 00 88 00 00 98 00 9F 00 09 00 00 00 67 0E DB 2E
[ 7745.806s] FRAME (len=12): 0C 00 11 00 00 00 00 00 01 00 61 76
[ 7745.806s] FRAME (len=12): 0C 00 11 00 0B 00 00 00 01 00 C3 B5
[ 7752.013s] TEXT: '...;.'
[ 7752.013s] TEXT: '.....'
[ 7752.013s] FRAME (len=56): 38 00 11 00 01 00 00 00 01 00 46 81 9E E3 00 1D 00 0F 20 00 08 0B 64 27 56 A5 00 00 00 00 00 00 61 07 73 62 24 00 05 00 00 88 00 00 98 00 9F 00 09 00 00 00 67 0E DB 2E
[ 7752.013s] FRAME (len=12): 0C 00 11 00 00 00 00 00 01 00 61 76
[ 7758.243s] TEXT: '...;.'
[ 7758.243s] TEXT: '.....'
[ 7758.243s] FRAME (len=56): 38 00 11 00 01 00 00 00 01 00 46 81 9E E3 00 1D 00 0F 20 00 08 0B 64 27 56 A5 00 00 00 00 00 00 61 07 73 62 24 00 05 00 00 88 00 00 98 00 9F 00 09 00 00 00 67 0E DB 2E
[ 7758.243s] FRAME (len=12): 0C 00 11 00 00 00 00 00 01 00 61 76
[ 7758.450s] TEXT: '...;.'
[ 7758.450s] FRAME (len=56): 38 00 11 00 01 00 00 00 01 00 00 12 4B 00 38 0D 16 FD 03 00 C5 08 66 27 31 71 D4 FF 64 00 EE 02 00 00 00 00 00 00 0A 04 00 00 00 00 00 00 06 01 00 00 00 00 00 00 5C 12
[ 7764.447s] TEXT: '....TX succeeded...;.'
[ 7764.447s] TEXT: '.....'
[ 7764.447s] FRAME (len=56): 38 00 11 00 01 00 00 00 01 00 46 81 9E E3 00 1D 00 0F 20 00 08 0B 64 27 56 A5 00 00 00 00 00 00 61 07 73 62 24 00 05 00 00 88 00 00 98 00 9F 00 09 00 00 00 67 0E DB 2E
[ 7764.447s] FRAME (len=12): 0C 00 11 00 00 00 00 00 01 00 61 76
[ 7770.662s] TEXT: '...;.'
[ 7770.662s] TEXT: '.....'
[ 7770.662s] TEXT: '.....'
[ 7770.662s] FRAME (len=56): 38 00 11 00 01 00 00 00 01 00 46 81 9E E3 00 1D 00 0F 20 00 07 0B 64 27 56 B7 00 00 00 00 00 00 61 07 73 62 24 00 05 00 00 88 00 00 98 00 9F 00 09 00 00 00 54 0E 4B 35
[ 7770.662s] FRAME (len=12): 0C 00 11 00 00 00 00 00 01 00 61 76
[ 7770.662s] FRAME (len=12): 0C 00 11 00 0B 00 00 00 01 00 C3 B5
[ 7776.880s] TEXT: '...;.'
[ 7776.880s] TEXT: '.....'
[ 7776.880s] FRAME (len=56): 38 00 11 00 01 00 00 00 01 00 46 81 9E E3 00 1D 00 0F 20 00 07 0B 64 27 56 B7 00 00 00 00 00 00 61 07 73 62 24 00 05 00 00 88 00 00 98 00 9F 00 09 00 00 00 54 0E 4B 35
[ 7776.880s] FRAME (len=12): 0C 00 11 00 00 00 00 00 01 00 61 76
[ 7783.066s] TEXT: '...;.'
[ 7783.066s] TEXT: '.....'
[ 7783.066s] FRAME (len=56): 38 00 11 00 01 00 00 00 01 00 46 81 9E E3 00 1D 00 0F 20 00 07 0B 64 27 56 B7 00 00 00 00 00 00 61 07 73 62 24 00 05 00 00 88 00 00 98 00 9F 00 09 00 00 00 54 0E 4B 35
[ 7783.066s] FRAME (len=12): 0C 00 11 00 00 00 00 00 01 00 61 76
[ 7784.104s] TEXT: '...;.'
[ 7784.104s] FRAME (len=56): 38 00 11 00 01 00 00 00 01 00 00 12 4B 00 38 0D 16 FD 03 00 C5 08 66 27 31 75 D4 FF 64 00 EE 02 00 00 00 00 00 00 0A 04 00 00 00 00 00 00 06 01 00 00 00 00 00 00 A7 E1
[ 7789.303s] TEXT: '....TX succeeded...;.'
[ 7789.303s] TEXT: '.....'
[ 7789.303s] FRAME (len=56): 38 00 11 00 01 00 00 00 01 00 46 81 9E E3 00 1D 00 0F 20 00 07 0B 64 27 56 B7 00 00 00 00 00 00 61 07 73 62 24 00 05 00 00 88 00 00 98 00 9F 00 09 00 00 00 54 0E 4B 35
[ 7789.303s] FRAME (len=12): 0C 00 11 00 00 00 00 00 01 00 61 76
[ 7795.529s] TEXT: '...;.'
[ 7795.529s] TEXT: '.....'
[ 7795.529s] TEXT: '.....'
[ 7795.529s] TEXT: '.....'
[ 7795.529s] FRAME (len=56): 38 00 11 00 01 00 00 00 01 00 46 81 9E E3 00 1D 00 0F 20 00 FC 0A 64 27 56 AB 00 00 00 00 00 00 61 07 73 62 25 00 05 00 00 88 00 00 98 00 9F 00 09 00 00 00 54 0E 23 B5
[ 7795.529s] FRAME (len=16): 10 00 11 00 08 00 00 00 01 00 04 00 00 00 34 99
[ 7795.529s] FRAME (len=12): 0C 00 11 00 00 00 00 00 01 00 61 76
[ 7795.529s] FRAME (len=12): 0C 00 11 00 0B 00 00 00 01 00 C3 B5
[ 7801.750s] TEXT: '...;.'
[ 7801.750s] TEXT: '.....'
[ 7801.750s] FRAME (len=56): 38 00 11 00 01 00 00 00 01 00 46 81 9E E3 00 1D 00 0F 20 00 FC 0A 64 27 56 AB 00 00 00 00 00 00 61 07 73 62 25 00 05 00 00 88 00 00 98 00 9F 00 09 00 00 00 54 0E 23 B5
[ 7801.750s] FRAME (len=12): 0C 00 11 00 00 00 00 00 01 00 61 76
[ 7807.943s] TEXT: '...;.'
[ 7807.943s] TEXT: '.....'
[ 7807.943s] FRAME (len=56): 38 00 11 00 01 00 00 00 01 00 46 81 9E E3 00 1D 00 0F 20 00 FC 0A 64 27 56 AB 00 00 00 00 00 00 61 07 73 62 25 00 05 00 00 88 00 00 98 00 9F 00 09 00 00 00 54 0E 23 B5
[ 7807.943s] FRAME (len=12): 0C 00 11 00 00 00 00 00 01 00 61 76
[ 7809.803s] TEXT: '...;.'
[ 7809.803s] FRAME (len=25): 38 00 11 00 01 00 00 00 01 00 00 12 4B 00 38 0D 16 FD 03 00 C5 08 66 27 31
[ 7814.150s] TEXT: '..d.........\n...............p.}....TX failed: 0xc....TX failed: 0xc...;.'
[ 7814.150s] TEXT: '.....'
[ 7814.150s] FRAME (len=56): 38 00 11 00 01 00 00 00 01 00 46 81 9E E3 00 1D 00 0F 20 00 FC 0A 64 27 56 AB 00 00 00 00 00 00 61 07 73 62 25 00 05 00 00 88 00 00 98 00 9F 00 09 00 00 00 54 0E 23 B5
[ 7814.150s] FRAME (len=12): 0C 00 11 00 00 00 00 00 01 00 61 76
[ 7820.362s] TEXT: '...;.'
[ 7820.362s] TEXT: '.....'
[ 7820.362s] TEXT: '.....'
[ 7820.362s] TEXT: '.....'
[ 7820.362s] FRAME (len=56): 38 00 11 00 01 00 00 00 01 00 46 81 9E E3 00 1D 00 0F 20 00 05 0B 65 27 55 89 00 00 00 00 00 00 61 07 73 62 24 00 05 00 00 88 00 00 98 00 9F 00 09 00 00 00 41 0E B0 46
[ 7820.362s] FRAME (len=16): 10 00 11 00 08 00 00 00 01 00 04 00 00 00 34 99
[ 7820.362s] FRAME (len=12): 0C 00 11 00 00 00 00 00 01 00 61 76
[ 7820.362s] FRAME (len=12): 0C 00 11 00 0B 00 00 00 01 00 C3 B5
[ 7826.582s] TEXT: '...;.'
[ 7826.582s] TEXT: '.....'
[ 7826.582s] FRAME (len=56): 38 00 11 00 01 00 00 00 01 00 46 81 9E E3 00 1D 00 0F 20 00 05 0B 65 27 55 89 00 00 00 00 00 00 61 07 73 62 24 00 05 00 00 88 00 00 98 00 9F 00 09 00 00 00 41 0E B0 46
[ 7826.582s] FRAME (len=12): 0C 00 11 00 00 00 00 00 01 00 61 76
[ 7832.814s] TEXT: '...;.'
[ 7832.814s] TEXT: '.....'
[ 7832.814s] FRAME (len=56): 38 00 11 00 01 00 00 00 01 00 46 81 9E E3 00 1D 00 0F 20 00 05 0B 65 27 55 89 00 00 00 00 00 00 61 07 73 62 24 00 05 00 00 88 00 00 98 00 9F 00 09 00 00 00 41 0E B0 46
[ 7832.814s] FRAME (len=12): 0C 00 11 00 00 00 00 00 01 00 61 76
[ 7836.547s] TEXT: '...;.'
[ 7836.547s] FRAME (len=56): 38 00 11 00 01 00 00 00 01 00 00 12 4B 00 38 0D 16 FD 03 00 C5 08 67 27 31 0D D4 FF 64 00 EE 02 00 00 00 00 00 00 0A 04 00 00 00 00 00 00 06 01 00 00 00 00 00 00 D9 91
[ 7839.037s] TEXT: '....TX succeeded...;.'
[ 7839.037s] TEXT: '.....'
[ 7839.037s] FRAME (len=56): 38 00 11 00 01 00 00 00 01 00 46 81 9E E3 00 1D 00 0F 20 00 05 0B 65 27 55 89 00 00 00 00 00 00 61 07 73 62 24 00 05 00 00 88 00 00 98 00 9F 00 09 00 00 00 41 0E B0 46
[ 7839.037s] FRAME (len=12): 0C 00 11 00 00 00 00 00 01 00 61 76
[ 7845.238s] TEXT: '...;.'
[ 7845.238s] TEXT: '.....'
[ 7845.238s] TEXT: '.....'
[ 7845.238s] FRAME (len=56): 38 00 11 00 01 00 00 00 01 00 46 81 9E E3 00 1D 00 0F 20 00 02 0B 64 27 56 BF 00 00 00 00 00 00 61 07 73 62 25 00 05 00 00 88 00 00 98 00 9F 00 09 00 00 00 41 0E D8 02
[ 7845.238s] FRAME (len=12): 0C 00 11 00 00 00 00 00 01 00 61 76
[ 7845.238s] FRAME (len=12): 0C 00 11 00 0B 00 00 00 01 00 C3 B5
[ 7851.472s] TEXT: '...;.'
[ 7851.472s] TEXT: '.....'
[ 7851.472s] FRAME (len=56): 38 00 11 00 01 00 00 00 01 00 46 81 9E E3 00 1D 00 0F 20 00 02 0B 64 27 56 BF 00 00 00 00 00 00 61 07 73 62 25 00 05 00 00 88 00 00 98 00 9F 00 09 00 00 00 41 0E D8 02
[ 7851.472s] FRAME (len=12): 0C 00 11 00 00 00 00 00 01 00 61 76
[ 7857.689s] TEXT: '...;.'
[ 7857.689s] TEXT: '.....'
[ 7857.689s] FRAME (len=56): 38 00 11 00 01 00 00 00 01 00 46 81 9E E3 00 1D 00 0F 20 00 02 0B 64 27 56 BF 00 00 00 00 00 00 61 07 73 62 25 00 05 00 00 88 00 00 98 00 9F 00 09 00 00 00 41 0E D8 02
[ 7857.689s] FRAME (len=12): 0C 00 11 00 00 00 00 00 01 00 61 76
[ 7862.064s] TEXT: '...;.'
[ 7862.064s] FRAME (len=56): 38 00 11 00 01 00 00 00 01 00 00 12 4B 00 38 0D 16 FD 03 00 C6 08 67 27 31 2D D4 FF 64 00 EE 02 00 00 00 00 00 00 0A 04 00 00 00 00 00 00 06 01 00 00 00 00 00 00 A8 CA
[ 7863.717s] TEXT: '....TX succeeded...;.'
[ 7863.717s] FRAME (len=56): 38 00 11 00 01 00 00 00 01 00 46 81 9E E3 00 1D 00 0F 20 00 02 0B 64 27 56 BF 00 00 00 00 00 00 61 07 73 62 25 00 05 00 00 88 00 00 98 00 9F 00 09 00 00 00 41 0E D8 02
[ 7863.927s] TEXT: '.....'
[ 7863.927s] FRAME (len=12): 0C 00 11 00 00 00 00 00 01 00 61 76
[ 7870.142s] TEXT: '...;.'
[ 7870.142s] TEXT: '.....'
[ 7870.142s] TEXT: '.....'
[ 7870.142s] TEXT: '.....'
[ 7870.142s] FRAME (len=56): 38 00 11 00 01 00 00 00 01 00 46 81 9E E3 00 1D 00 0F 20 00 EB 0A 65 27 56 99 00 00 00 00 00 00 61 07 73 62 25 00 05 00 00 88 00 00 98 00 9F 00 09 00 00 00 41 0E 5F 46
[ 7870.142s] FRAME (len=16): 10 00 11 00 08 00 00 00 01 00 04 00 00 00 34 99
[ 7870.142s] FRAME (len=12): 0C 00 11 00 00 00 00 00 01 00 61 76
[ 7870.142s] FRAME (len=12): 0C 00 11 00 0B 00 00 00 01 00 C3 B5
[ 7876.348s] TEXT: '...;.'
[ 7876.348s] TEXT: '.....'
[ 7876.348s] FRAME (len=56): 38 00 11 00 01 00 00 00 01 00 46 81 9E E3 00 1D 00 0F 20 00 EB 0A 65 27 56 99 00 00 00 00 00 00 61 07 73 62 25 00 05 00 00 88 00 00 98 00 9F 00 09 00 00 00 41 0E 5F 46
[ 7876.348s] FRAME (len=12): 0C 00 11 00 00 00 00 00 01 00 61 76
[ 7882.587s] TEXT: '...;.'
[ 7882.587s] TEXT: '.....'
[ 7882.587s] FRAME (len=56): 38 00 11 00 01 00 00 00 01 00 46 81 9E E3 00 1D 00 0F 20 00 EB 0A 65 27 56 99 00 00 00 00 00 00 61 07 73 62 25 00 05 00 00 88 00 00 98 00 9F 00 09 00 00 00 41 0E 5F 46
[ 7882.587s] FRAME (len=12): 0C 00 11 00 00 00 00 00 01 00 61 76
[ 7887.783s] TEXT: '...;.'
[ 7887.783s] FRAME (len=56): 38 00 11 00 01 00 00 00 01 00 00 12 4B 00 38 0D 16 FD 03 00 C6 08 67 27 31 15 D4 FF 64 00 EE 02 00 00 00 00 00 00 0A 04 00 00 00 00 00 00 06 01 00 00 00 00 00 00 CF 2D
[ 7888.615s] TEXT: '....TX succeeded...;.'
[ 7888.615s] FRAME (len=56): 38 00 11 00 01 00 00 00 01 00 46 81 9E E3 00 1D 00 0F 20 00 EB 0A 65 27 56 99 00 00 00 00 00 00 61 07 73 62 25 00 05 00 00 88 00 00 98 00 9F 00 09 00 00 00 41 0E 5F 46
[ 7888.822s] TEXT: '.....'
[ 7888.822s] FRAME (len=12): 0C 00 11 00 00 00 00 00 01 00 61 76
[ 7895.040s] TEXT: '...;.'
[ 7895.040s] TEXT: '.....'
[ 7895.040s] TEXT: '.....'
[ 7895.040s] FRAME (len=56): 38 00 11 00 01 00 00 00 01 00 46 81 9E E3 00 1D 00 0F 20 00 FD 0A 65 27 55 91 00 00 00 00 00 00 61 07 73 62 25 00 05 00 00 88 00 00 98 00 9F 00 09 00 00 00 41 0E 6D 81
[ 7895.040s] FRAME (len=12): 0C 00 11 00 00 00 00 00 01 00 61 76
[ 7895.040s] FRAME (len=12): 0C 00 11 00 0B 00 00 00 01 00 C3 B5
[ 7901.241s] TEXT: '...;.'
[ 7901.241s] TEXT: '.....'
[ 7901.241s] FRAME (len=56): 38 00 11 00 01 00 00 00 01 00 46 81 9E E3 00 1D 00 0F 20 00 FD 0A 65 27 55 91 00 00 00 00 00 00 61 07 73 62 25 00 05 00 00 88 00 00 98 00 9F 00 09 00 00 00 41 0E 6D 81
[ 7901.241s] FRAME (len=12): 0C 00 11 00 00 00 00 00 01 00 61 76
[ 7907.277s] TEXT: '...;.'
[ 7907.487s] TEXT: '.....'
[ 7907.487s] FRAME (len=56): 38 00 11 00 01 00 00 00 01 00 46 81 9E E3 00 1D 00 0F 20 00 FD 0A 65 27 55 91 00 00 00 00 00 00 61 07 73 62 25 00 05 00 00 88 00 00 98 00 9F 00 09 00 00 00 41 0E 6D 81
[ 7907.487s] FRAME (len=12): 0C 00 11 00 00 00 00 00 01 00 61 76
[ 7913.499s] TEXT: '...;.'
[ 7913.499s] TEXT: '....TX succeeded...;.'
[ 7913.499s] TEXT: '.....'
[ 7913.499s] FRAME (len=56): 38 00 11 00 01 00 00 00 01 00 00 12 4B 00 38 0D 16 FD 03 00 C6 08 67 27 31 3D D4 FF 64 00 EE 02 00 00 00 00 00 00 0A 04 00 00 00 00 00 00 06 01 00 00 00 00 00 00 27 35
[ 7913.499s] FRAME (len=56): 38 00 11 00 01 00 00 00 01 00 46 81 9E E3 00 1D 00 0F 20 00 FD 0A 65 27 55 91 00 00 00 00 00 00 61 07 73 62 25 00 05 00 00 88 00 00 98 00 9F 00 09 00 00 00 41 0E 6D 81
[ 7913.499s] FRAME (len=12): 0C 00 11 00 00 00 00 00 01 00 61 76
[ 7919.921s] TEXT: '...;.'
[ 7919.921s] TEXT: '.....'
[ 7919.921s] TEXT: '.....'
[ 7919.921s] TEXT: '.....'
[ 7919.921s] FRAME (len=56): 38 00 11 00 01 00 00 00 01 00 46 81 9E E3 00 1D 00 0F 20 00 04 0B 65 27 56 A5 00 00 00 00 00 00 61 07 73 62 24 00 0D 00 00 88 00 00 98 00 9F 00 09 00 00 00 54 0E A4 C7
[ 7919.921s] FRAME (len=16): 10 00 11 00 08 00 00 00 01 00 04 00 00 00 34 99
[ 7919.921s] FRAME (len=12): 0C 00 11 00 00 00 00 00 01 00 61 76
[ 7919.921s] FRAME (len=12): 0C 00 11 00 0B 00 00 00 01 00 C3 B5
[ 7925.930s] TEXT: '...;.'
[ 7925.930s] FRAME (len=56): 38 00 11 00 01 00 00 00 01 00 46 81 9E E3 00 1D 00 0F 20 00 04 0B 65 27 56 A5 00 00 00 00 00 00 61 07 73 62 24 00 0D 00 00 88 00 00 98 00 9F 00 09 00 00 00 54 0E A4 C7
[ 7926.138s] TEXT: '.....'
[ 7926.138s] FRAME (len=12): 0C 00 11 00 00 00 00 00 01 00 61 76
[ 7932.144s] TEXT: '...;.'
[ 7932.347s] TEXT: '.....'
[ 7932.347s] FRAME (len=56): 38 00 11 00 01 00 00 00 01 00 46 81 9E E3 00 1D 00 0F 20 00 04 0B 65 27 56 A5 00 00 00 00 00 00 61 07 73 62 24 00 0D 00 00 88 00 00 98 00 9F 00 09 00 00 00 54 0E A4 C7
[ 7932.347s] FRAME (len=12): 0C 00 11 00 00 00 00 00 01 00 61 76
[ 7938.563s] TEXT: '...;.'
[ 7938.563s] TEXT: '.....'
[ 7938.563s] FRAME (len=56): 38 00 11 00 01 00 00 00 01 00 46 81 9E E3 00 1D 00 0F 20 00 04 0B 65 27 56 A5 00 00 00 00 00 00 61 07 73 62 24 00 0D 00 00 88 00 00 98 00 9F 00 09 00 00 00 54 0E A4 C7
[ 7938.563s] FRAME (len=12): 0C 00 11 00 00 00 00 00 01 00 61 76
[ 7939.193s] TEXT: '...;.'
[ 7939.193s] FRAME (len=56): 38 00 11 00 01 00 00 00 01 00 00 12 4B 00 38 0D 16 FD 03 00 C6 08 67 27 31 41 D4 FF 64 00 EE 02 00 00 00 00 00 00 0A 04 00 00 00 00 00 00 06 01 00 00 00 00 00 00 E4 EF
[ 7944.792s] TEXT: '....TX succeeded...;.'
[ 7944.792s] TEXT: '.....'
[ 7944.792s] TEXT: '.....'
[ 7944.792s] FRAME (len=56): 38 00 11 00 01 00 00 00 01 00 46 81 9E E3 00 1D 00 0F 20 00 03 0B 64 27 55 CD 00 00 00 00 00 00 61 07 73 62 24 00 05 00 00 88 00 00 98 00 9F 00 09 00 00 00 54 0E 69 A6
[ 7944.792s] FRAME (len=12): 0C 00 11 00 00 00 00 00 01 00 61 76
[ 7944.792s] FRAME (len=12): 0C 00 11 00 0B 00 00 00 01 00 C3 B5
[ 7950.812s] TEXT: '...;.'
[ 7950.812s] TEXT: '.....'
[ 7950.812s] FRAME (len=56): 38 00 11 00 01 00 00 00 01 00 46 81 9E E3 00 1D 00 0F 20 00 03 0B 64 27 55 CD 00 00 00 00 00 00 61 07 73 62 24 00 05 00 00 88 00 00 98 00 9F 00 09 00 00 00 54 0E 69 A6
[ 7950.812s] FRAME (len=12): 0C 00 11 00 00 00 00 00 01 00 61 76
[ 7957.012s] TEXT: '...;.'
[ 7957.217s] TEXT: '.....'
[ 7957.217s] FRAME (len=56): 38 00 11 00 01 00 00 00 01 00 46 81 9E E3 00 1D 00 0F 20 00 03 0B 64 27 55 CD 00 00 00 00 00 00 61 07 73 62 24 00 05 00 00 88 00 00 98 00 9F 00 09 00 00 00 54 0E 69 A6
[ 7957.217s] FRAME (len=12): 0C 00 11 00 00 00 00 00 01 00 61 76
[ 7963.429s] TEXT: '...;.'
[ 7963.429s] TEXT: '.....'
[ 7963.429s] FRAME (len=56): 38 00 11 00 01 00 00 00 01 00 46 81 9E E3 00 1D 00 0F 20 00 03 0B 64 27 55 CD 00 00 00 00 00 00 61 07 73 62 24 00 05 00 00 88 00 00 98 00 9F 00 09 00 00 00 54 0E 69 A6
[ 7963.429s] FRAME (len=12): 0C 00 11 00 00 00 00 00 01 00 61 76
[ 7965.909s] TEXT: '...;.'
[ 7965.909s] FRAME (len=56): 38 00 11 00 01 00 00 00 01 00 00 12 4B 00 38 0D 16 FD 03 00 C6 08 67 27 31 51 D4 FF 64 00 EE 02 00 00 00 00 00 00 0A 04 00 00 00 00 00 00 06 01 00 00 00 00 00 00 6B 10
[ 7969.613s] TEXT: '....TX succeeded...;.'
[ 7969.613s] TEXT: '.....'
[ 7969.613s] TEXT: '.....'
[ 7969.613s] TEXT: '.....'
[ 7969.613s] FRAME (len=56): 38 00 11 00 01 00 00 00 01 00 46 81 9E E3 00 1D 00 0F 20 00 01 0B 65 27 56 95 00 00 00 00 00 00 61 07 73 62 24 00 06 00 00 88 00 00 98 00 9F 00 09 00 00 00 41 0E A9 1E
[ 7969.613s] FRAME (len=16): 10 00 11 00 08 00 00 00 01 00 04 00 00 00 34 99
[ 7969.613s] FRAME (len=12): 0C 00 11 00 00 00 00 00 01 00 61 76
[ 7969.613s] FRAME (len=12): 0C 00 11 00 0B 00 00 00 01 00 C3 B5
[ 7975.789s] TEXT: '...;.'
[ 7975.789s] TEXT: '.....'
[ 7975.789s] FRAME (len=56): 38 00 11 00 01 00 00 00 01 00 46 81 9E E3 00 1D 00 0F 20 00 01 0B 65 27 56 95 00 00 00 00 00 00 61 07 73 62 24 00 06 00 00 88 00 00 98 00 9F 00 09 00 00 00 41 0E A9 1E
[ 7975.789s] FRAME (len=12): 0C 00 11 00 00 00 00 00 01 00 61 76
[ 7982.015s] TEXT: '...;.'
[ 7982.015s] TEXT: '.....'
[ 7982.015s] FRAME (len=56): 38 00 11 00 01 00 00 00 01 00 46 81 9E E3 00 1D 00 0F 20 00 01 0B 65 27 56 95 00 00 00 00 00 00 61 07 73 62 24 00 06 00 00 88 00 00 98 00 9F 00 09 00 00 00 41 0E A9 1E
[ 7982.015s] FRAME (len=12): 0C 00 11 00 00 00 00 00 01 00 61 76
[ 7988.192s] TEXT: '...;.'
[ 7988.192s] FRAME (len=56): 38 00 11 00 01 00 00 00 01 00 46 81 9E E3 00 1D 00 0F 20 00 01 0B 65 27 56 95 00 00 00 00 00 00 61 07 73 62 24 00 06 00 00 88 00 00 98 00 9F 00 09 00 00 00 41 0E A9 1E
[ 7991.523s] TEXT: '...............av}...;.'
[ 7991.523s] FRAME (len=56): 38 00 11 00 01 00 00 00 01 00 00 12 4B 00 38 0D 16 FD 03 00 C6 08 67 27 31 41 D4 FF 64 00 EE 02 00 00 00 00 00 00 0A 04 00 00 00 00 00 00 06 01 00 00 00 00 00 00 E4 EF
[ 7994.439s] TEXT: '....TX succeeded...;.'
[ 7994.439s] FRAME (len=56): 38 00 11 00 01 00 00 00 01 00 46 81 9E E3 00 1D 00 0F 20 00 F8 0A 65 27 55 99 00 00 00 00 00 00 61 07 73 62 24 00 06 00 00 88 00 00 98 00 9F 00 09 00 00 00 54 0E B3 5E
[ 7994.649s] TEXT: '.....'
[ 7994.649s] TEXT: '.....'
[ 7994.649s] FRAME (len=12): 0C 00 11 00 00 00 00 00 01 00 61 76
[ 7994.649s] FRAME (len=12): 0C 00 11 00 0B 00 00 00 01 00 C3 B5
[ 8000.645s] TEXT: '...;.'
[ 8000.645s] TEXT: '.....'
[ 8000.645s] FRAME (len=56): 38 00 11 00 01 00 00 00 01 00 46 81 9E E3 00 1D 00 0F 20 00 F8 0A 65 27 55 99 00 00 00 00 00 00 61 07 73 62 24 00 06 00 00 88 00 00 98 00 9F 00 09 00 00 00 54 0E B3 5E
[ 8000.645s] FRAME (len=12): 0C 00 11 00 00 00 00 00 01 00 61 76
[ 8006.856s] TEXT: '...;.'
[ 8006.856s] TEXT: '.....'
[ 8006.856s] FRAME (len=56): 38 00 11 00 01 00 00 00 01 00 46 81 9E E3 00 1D 00 0F 20 00 F8 0A 65 27 55 99 00 00 00 00 00 00 61 07 73 62 24 00 06 00 00 88 00 00 98 00 9F 00 09 00 00 00 54 0E B3 5E
[ 8006.856s] FRAME (len=12): 0C 00 11 00 00 00 00 00 01 00 61 76
[ 8013.090s] TEXT: '...;.'
[ 8013.090s] TEXT: '.....'
[ 8013.090s] FRAME (len=56): 38 00 11 00 01 00 00 00 01 00 46 81 9E E3 00 1D 00 0F 20 00 F8 0A 65 27 55 99 00 00 00 00 00 00 61 07 73 62 24 00 06 00 00 88 00 00 98 00 9F 00 09 00 00 00 54 0E B3 5E
[ 8013.090s] FRAME (len=12): 0C 00 11 00 00 00 00 00 01 00 61 76
[ 8017.212s] TEXT: '...;.'
[ 8017.212s] FRAME (len=56): 38 00 11 00 01 00 00 00 01 00 00 12 4B 00 38 0D 16 FD 03 00 C6 08 67 27 31 5D D4 FF 64 00 EE 02 00 00 00 00 00 00 0A 04 00 00 00 00 00 00 06 01 00 00 00 00 00 00 47 14
[ 8019.264s] TEXT: '....TX succeeded...;.'
[ 8019.473s] TEXT: '.....'
[ 8019.473s] TEXT: '.....'
[ 8019.473s] FRAME (len=56): 38 00 11 00 01 00 00 00 01 00 46 81 9E E3 00 1D 00 0F 20 00 F7 0A 65 27 56 9B 00 00 00 00 00 00 61 07 73 62 24 00 06 00 00 88 00 00 98 00 9F 00 09 00 00 00 41 0E CD 0D
[ 8019.473s] FRAME (len=12): 0C 00 11 00 00 00 00 00 01 00 61 76
[ 8019.473s] FRAME (len=12): 0C 00 11 00 0B 00 00 00 01 00 C3 B5
[ 8025.476s] TEXT: '...;.'
[ 8025.476s] TEXT: '.....'
[ 8025.476s] FRAME (len=56): 38 00 11 00 01 00 00 00 01 00 46 81 9E E3 00 1D 00 0F 20 00 F7 0A 65 27 56 9B 00 00 00 00 00 00 61 07 73 62 24 00 06 00 00 88 00 00 98 00 9F 00 09 00 00 00 41 0E CD 0D
[ 8025.476s] FRAME (len=12): 0C 00 11 00 00 00 00 00 01 00 61 76
[ 8031.685s] TEXT: '...;.'
[ 8031.685s] TEXT: '.....'
[ 8031.685s] FRAME (len=56): 38 00 11 00 01 00 00 00 01 00 46 81 9E E3 00 1D 00 0F 20 00 F7 0A 65 27 56 9B 00 00 00 00 00 00 61 07 73 62 24 00 06 00 00 88 00 00 98 00 9F 00 09 00 00 00 41 0E CD 0D
[ 8031.685s] FRAME (len=12): 0C 00 11 00 00 00 00 00 01 00 61 76
[ 8037.899s] TEXT: '...;.'
[ 8037.899s] TEXT: '.....'
[ 8037.899s] FRAME (len=56): 38 00 11 00 01 00 00 00 01 00 46 81 9E E3 00 1D 00 0F 20 00 F7 0A 65 27 56 9B 00 00 00 00 00 00 61 07 73 62 24 00 06 00 00 88 00 00 98 00 9F 00 09 00 00 00 41 0E CD 0D
[ 8037.899s] FRAME (len=12): 0C 00 11 00 00 00 00 00 01 00 61 76
[ 8042.877s] TEXT: '...;.'
[ 8042.877s] FRAME (len=56): 38 00 11 00 01 00 00 00 01 00 00 12 4B 00 38 0D 16 FD 03 00 C7 08 67 27 31 6D D4 FF 64 00 EE 02 00 00 00 00 00 00 0A 04 00 00 00 00 00 00 06 01 00 00 00 00 00 00 D2 98
[ 8044.333s] TEXT: '....TX succeeded...;.'
[ 8044.333s] TEXT: '.....'
[ 8044.333s] TEXT: '.....'
[ 8044.333s] FRAME (len=56): 38 00 11 00 01 00 00 00 01 00 46 81 9E E3 00 1D 00 0F 20 00 FE 0A 65 27 55 A1 00 00 00 00 00 00 61 07 73 62 24 00 05 00 00 88 00 00 98 00 9F 00 09 00 00 00 41 0E A2 D5
[ 8044.333s] FRAME (len=12): 0C 00 11 00 00 00 00 00 01 00 61 76
[ 8044.333s] FRAME (len=12): 0C 00 11 00 0B 00 00 00 01 00 C3 B5
[ 8050.341s] TEXT: '....ERR: Uart overrun error....ERR: Uart unknown error...;.'
[ 8050.341s] TEXT: '.....'
[ 8050.341s] FRAME (len=56): 38 00 11 00 01 00 00 00 01 00 46 81 9E E3 00 1D 00 0F 20 00 FE 0A 65 27 55 A1 00 00 00 00 00 00 61 07 73 62 24 00 05 00 00 88 00 00 98 00 9F 00 09 00 00 00 41 0E A2 D5
[ 8050.341s] FRAME (len=12): 0C 00 11 00 00 00 00 00 01 00 61 76
[ 8056.571s] TEXT: '...;.'
[ 8056.571s] TEXT: '.....'
[ 8056.571s] FRAME (len=56): 38 00 11 00 01 00 00 00 01 00 46 81 9E E3 00 1D 00 0F 20 00 FE 0A 65 27 55 A1 00 00 00 00 00 00 61 07 73 62 24 00 05 00 00 88 00 00 98 00 9F 00 09 00 00 00 41 0E A2 D5
[ 8056.571s] FRAME (len=12): 0C 00 11 00 00 00 00 00 01 00 61 76
[ 8062.754s] TEXT: '...;.'
[ 8062.754s] TEXT: '.....'
[ 8062.754s] FRAME (len=56): 38 00 11 00 01 00 00 00 01 00 46 81 9E E3 00 1D 00 0F 20 00 FE 0A 65 27 55 A1 00 00 00 00 00 00 61 07 73 62 24 00 05 00 00 88 00 00 98 00 9F 00 09 00 00 00 41 0E A2 D5
[ 8062.754s] FRAME (len=12): 0C 00 11 00 00 00 00 00 01 00 61 76
[ 8068.551s] TEXT: '...;.'
[ 8068.551s] FRAME (len=56): 38 00 11 00 01 00 00 00 01 00 00 12 4B 00 38 0D 16 FD 03 00 C6 08 67 27 31 61 D4 FF 64 00 EE 02 00 00 00 00 00 00 0A 04 00 00 00 00 00 00 06 01 00 00 00 00 00 00 DB 00
[ 8069.169s] TEXT: '....TX succeeded...;.'
[ 8069.169s] TEXT: '.....'
[ 8069.169s] TEXT: '.....'
[ 8069.169s] FRAME (len=56): 38 00 11 00 01 00 00 00 01 00 46 81 9E E3 00 1D 00 0F 20 00 FB 0A 65 27 56 B9 00 00 00 00 00 00 61 07 73 62 24 00 05 00 00 88 00 00 98 00 9F 00 09 00 00 00 41 0E 28 0A
[ 8069.169s] FRAME (len=12): 0C 00 11 00 00 00 00 00 01 00 61 76
[ 8069.169s] FRAME (len=12): 0C 00 11 00 0B 00 00 00 01 00 C3 B5
[ 8075.172s] TEXT: '...;.'
[ 8075.172s] TEXT: '.....'
[ 8075.172s] FRAME (len=56): 38 00 11 00 01 00 00 00 01 00 46 81 9E E3 00 1D 00 0F 20 00 FB 0A 65 27 56 B9 00 00 00 00 00 00 61 07 73 62 24 00 05 00 00 88 00 00 98 00 9F 00 09 00 00 00 41 0E 28 0A
[ 8075.172s] FRAME (len=12): 0C 00 11 00 00 00 00 00 01 00 61 76
[ 8081.376s] TEXT: '...;.'
[ 8081.376s] TEXT: '.....'
[ 8081.376s] FRAME (len=56): 38 00 11 00 01 00 00 00 01 00 46 81 9E E3 00 1D 00 0F 20 00 FB 0A 65 27 56 B9 00 00 00 00 00 00 61 07 73 62 24 00 05 00 00 88 00 00 98 00 9F 00 09 00 00 00 41 0E 28 0A
[ 8081.376s] FRAME (len=12): 0C 00 11 00 00 00 00 00 01 00 61 76
[ 8087.589s] TEXT: '...;.'
[ 8087.589s] TEXT: '.....'
[ 8087.589s] FRAME (len=56): 38 00 11 00 01 00 00 00 01 00 46 81 9E E3 00 1D 00 0F 20 00 FB 0A 65 27 56 B9 00 00 00 00 00 00 61 07 73 62 24 00 05 00 00 88 00 00 98 00 9F 00 09 00 00 00 41 0E 28 0A
[ 8087.589s] FRAME (len=12): 0C 00 11 00 00 00 00 00 01 00 61 76
[ 8094.031s] TEXT: '...;.'
[ 8094.031s] TEXT: '.....'
[ 8094.031s] TEXT: '.....'
[ 8094.031s] FRAME (len=56): 38 00 11 00 01 00 00 00 01 00 46 81 9E E3 00 1D 00 0F 20 00 F9 0A 65 27 55 B1 00 00 00 00 00 00 61 07 73 62 24 00 05 00 00 88 00 00 98 00 9F 00 09 00 00 00 41 0E B5 CE
[ 8094.031s] FRAME (len=12): 0C 00 11 00 00 00 00 00 01 00 61 76
[ 8094.031s] FRAME (len=12): 0C 00 11 00 0B 00 00 00 01 00 C3 B5
[ 8094.240s] TEXT: '...;.'
[ 8094.240s] FRAME (len=56): 38 00 11 00 01 00 00 00 01 00 00 12 4B 00 38 0D 16 FD 03 00 C6 08 67 27 31 69 D4 FF 64 00 EE 02 00 00 00 00 00 00 0A 04 00 00 00 00 00 00 06 01 00 00 00 00 00 00 0C F7
[ 8100.047s] TEXT: '....TX failed: 0xc....TX failed: 0xc...;.'
[ 8100.047s] TEXT: '.....'
[ 8100.047s] FRAME (len=56): 38 00 11 00 01 00 00 00 01 00 46 81 9E E3 00 1D 00 0F 20 00 F9 0A 65 27 55 B1 00 00 00 00 00 00 61 07 73 62 24 00 05 00 00 88 00 00 98 00 9F 00 09 00 00 00 41 0E B5 CE
[ 8100.047s] FRAME (len=12): 0C 00 11 00 00 00 00 00 01 00 61 76
[ 8106.279s] TEXT: '...;.'
[ 8106.279s] TEXT: '.....'
[ 8106.279s] FRAME (len=56): 38 00 11 00 01 00 00 00 01 00 46 81 9E E3 00 1D 00 0F 20 00 F9 0A 65 27 55 B1 00 00 00 00 00 00 61 07 73 62 24 00 05 00 00 88 00 00 98 00 9F 00 09 00 00 00 41 0E B5 CE
[ 8106.279s] FRAME (len=12): 0C 00 11 00 00 00 00 00 01 00 61 76
[ 8112.490s] TEXT: '...;.'
[ 8112.490s] TEXT: '.....'
[ 8112.490s] FRAME (len=56): 38 00 11 00 01 00 00 00 01 00 46 81 9E E3 00 1D 00 0F 20 00 F9 0A 65 27 55 B1 00 00 00 00 00 00 61 07 73 62 24 00 05 00 00 88 00 00 98 00 9F 00 09 00 00 00 41 0E B5 CE
[ 8112.490s] FRAME (len=12): 0C 00 11 00 00 00 00 00 01 00 61 76
[ 8118.900s] TEXT: '...;.'
[ 8118.900s] TEXT: '.....'
[ 8118.900s] TEXT: '.....'
[ 8118.900s] FRAME (len=56): 38 00 11 00 01 00 00 00 01 00 46 81 9E E3 00 1D 00 0F 20 00 F7 0A 65 27 56 BB 00 00 00 00 00 00 61 07 73 62 24 00 05 00 00 88 00 00 98 00 9F 00 09 00 00 00 2E 0E AB 11
[ 8118.900s] FRAME (len=12): 0C 00 11 00 00 00 00 00 01 00 61 76
[ 8118.900s] FRAME (len=12): 0C 00 11 00 0B 00 00 00 01 00 C3 B5
[ 8120.764s] TEXT: '...;.'
[ 8120.972s] FRAME (len=56): 38 00 11 00 01 00 00 00 01 00 00 12 4B 00 38 0D 16 FD 03 00 C6 08 67 27 31 5D D4 FF 64 00 EE 02 00 00 00 00 00 00 0A 04 00 00 00 00 00 00 06 01 00 00 00 00 00 00 47 14
[ 8124.904s] TEXT: '....TX succeeded...;.'
[ 8124.904s] TEXT: '.....'
[ 8124.904s] FRAME (len=56): 38 00 11 00 01 00 00 00 01 00 46 81 9E E3 00 1D 00 0F 20 00 F7 0A 65 27 56 BB 00 00 00 00 00 00 61 07 73 62 24 00 05 00 00 88 00 00 98 00 9F 00 09 00 00 00 2E 0E AB 11
[ 8124.904s] FRAME (len=12): 0C 00 11 00 00 00 00 00 01 00 61 76
[ 8131.133s] TEXT: '...;.'
[ 8131.133s] TEXT: '.....'
[ 8131.133s] FRAME (len=56): 38 00 11 00 01 00 00 00 01 00 46 81 9E E3 00 1D 00 0F 20 00 F7 0A 65 27 56 BB 00 00 00 00 00 00 61 07 73 62 24 00 05 00 00 88 00 00 98 00 9F 00 09 00 00 00 2E 0E AB 11
[ 8131.133s] FRAME (len=12): 0C 00 11 00 00 00 00 00 01 00 61 76
[ 8137.342s] TEXT: '...;.'
[ 8137.342s] TEXT: '.....'
[ 8137.342s] FRAME (len=56): 38 00 11 00 01 00 00 00 01 00 46 81 9E E3 00 1D 00 0F 20 00 F7 0A 65 27 56 BB 00 00 00 00 00 00 61 07 73 62 24 00 05 00 00 88 00 00 98 00 9F 00 09 00 00 00 2E 0E AB 11
[ 8137.342s] FRAME (len=12): 0C 00 11 00 00 00 00 00 01 00 61 76
[ 8143.762s] TEXT: '...;.'
[ 8143.762s] TEXT: '.....'
[ 8143.762s] TEXT: '.....'
[ 8143.762s] FRAME (len=56): 38 00 11 00 01 00 00 00 01 00 46 81 9E E3 00 1D 00 0F 20 00 FA 0A 65 27 56 AB 00 00 00 00 00 00 61 07 73 62 24 00 05 00 00 88 00 00 98 00 9F 00 09 00 00 00 54 0E E9 64
[ 8143.762s] FRAME (len=12): 0C 00 11 00 00 00 00 00 01 00 61 76
[ 8143.762s] FRAME (len=12): 0C 00 11 00 0B 00 00 00 01 00 C3 B5
[ 8146.438s] TEXT: '...;.'
[ 8146.642s] FRAME (len=56): 38 00 11 00 01 00 00 00 01 00 00 12 4B 00 38 0D 16 FD 03 00 C7 08 67 27 31 79 D4 FF 64 00 EE 02 00 00 00 00 00 00 0A 04 00 00 00 00 00 00 06 01 00 00 00 00 00 00 A6 94
[ 8149.746s] TEXT: '....TX succeeded...;.'
[ 8149.746s] TEXT: '.....'
[ 8149.746s] FRAME (len=56): 38 00 11 00 01 00 00 00 01 00 46 81 9E E3 00 1D 00 0F 20 00 FA 0A 65 27 56 AB 00 00 00 00 00 00 61 07 73 62 24 00 05 00 00 88 00 00 98 00 9F 00 09 00 00 00 54 0E E9 64
[ 8149.746s] FRAME (len=12): 0C 00 11 00 00 00 00 00 01 00 61 76
[ 8155.956s] TEXT: '...;.'
[ 8155.956s] TEXT: '.....'
[ 8155.956s] FRAME (len=56): 38 00 11 00 01 00 00 00 01 00 46 81 9E E3 00 1D 00 0F 20 00 FA 0A 65 27 56 AB 00 00 00 00 00 00 61 07 73 62 24 00 05 00 00 88 00 00 98 00 9F 00 09 00 00 00 54 0E E9 64
[ 8155.956s] FRAME (len=12): 0C 00 11 00 00 00 00 00 01 00 61 76
[ 8162.200s] TEXT: '...;.'
[ 8162.200s] TEXT: '.....'
[ 8162.200s] FRAME (len=56): 38 00 11 00 01 00 00 00 01 00 46 81 9E E3 00 1D 00 0F 20 00 FA 0A 65 27 56 AB 00 00 00 00 00 00 61 07 73 62 24 00 05 00 00 88 00 00 98 00 9F 00 09 00 00 00 54 0E E9 64
[ 8162.200s] FRAME (len=12): 0C 00 11 00 00 00 00 00 01 00 61 76
[ 8168.614s] TEXT: '...;.'
[ 8168.614s] TEXT: '.....'
[ 8168.614s] TEXT: '.....'
[ 8168.614s] FRAME (len=56): 38 00 11 00 01 00 00 00 01 00 46 81 9E E3 00 1D 00 0F 20 00 FB 0A 65 27 56 CB 00 00 00 00 00 00 61 07 73 62 24 00 05 00 00 88 00 00 98 00 9F 00 09 00 00 00 41 0E 2A 25
[ 8168.614s] FRAME (len=12): 0C 00 11 00 00 00 00 00 01 00 61 76
[ 8168.614s] FRAME (len=12): 0C 00 11 00 0B 00 00 00 01 00 C3 B5
[ 8172.112s] TEXT: '...;.'
[ 8172.319s] FRAME (len=56): 38 00 11 00 01 00 00 00 01 00 00 12 4B 00 38 0D 16 FD 03 00 C6 08 68 27 31 05 D4 FF 64 00 EE 02 00 00 00 00 00 00 0A 04 00 00 00 00 00 00 06 01 00 00 00 00 00 00 C1 A6
[ 8174.585s] TEXT: '....TX succeeded...;.'
[ 8174.585s] FRAME (len=56): 38 00 11 00 01 00 00 00 01 00 46 81 9E E3 00 1D 00 0F 20 00 FB 0A 65 27 56 CB 00 00 00 00 00 00 61 07 73 62 24 00 05 00 00 88 00 00 98 00 9F 00 09 00 00 00 41 0E 2A 25
[ 8174.788s] TEXT: '.....'
[ 8174.788s] FRAME (len=12): 0C 00 11 00 00 00 00 00 01 00 61 76
[ 8180.793s] TEXT: '...;.'
[ 8180.793s] TEXT: '.....'
[ 8180.793s] FRAME (len=56): 38 00 11 00 01 00 00 00 01 00 46 81 9E E3 00 1D 00 0F 20 00 FB 0A 65 27 56 CB 00 00 00 00 00 00 61 07 73 62 24 00 05 00 00 88 00 00 98 00 9F 00 09 00 00 00 41 0E 2A 25
[ 8180.793s] FRAME (len=12): 0C 00 11 00 00 00 00 00 01 00 61 76
[ 8187.196s] TEXT: '...;.'
[ 8187.196s] TEXT: '.....'
[ 8187.196s] FRAME (len=56): 38 00 11 00 01 00 00 00 01 00 46 81 9E E3 00 1D 00 0F 20 00 FB 0A 65 27 56 CB 00 00 00 00 00 00 61 07 73 62 24 00 05 00 00 88 00 00 98 00 9F 00 09 00 00 00 41 0E 2A 25
[ 8187.196s] FRAME (len=12): 0C 00 11 00 00 00 00 00 01 00 61 76
[ 8193.426s] TEXT: '...;.'
[ 8193.426s] TEXT: '.....'
[ 8193.426s] TEXT: '.....'
[ 8193.426s] FRAME (len=56): 38 00 11 00 01 00 00 00 01 00 46 81 9E E3 00 1D 00 0F 20 00 FE 0A 65 27 56 C3 00 00 00 00 00 00 61 07 73 62 24 00 05 00 00 88 00 00 98 00 9F 00 09 00 00 00 54 0E 88 E2
[ 8193.426s] FRAME (len=12): 0C 00 11 00 00 00 00 00 01 00 61 76
[ 8193.426s] FRAME (len=12): 0C 00 11 00 0B 00 00 00 01 00 C3 B5
[ 8197.995s] TEXT: '...;.'
[ 8197.995s] FRAME (len=56): 38 00 11 00 01 00 00 00 01 00 00 12 4B 00 38 0D 16 FD 03 00 C7 08 68 27 31 05 D4 FF 64 00 EE 02 00 00 00 00 00 00 0A 04 00 00 00 00 00 00 06 01 00 00 00 00 00 00 E4 3A
[ 8199.445s] TEXT: '....TX succeeded...;.'
[ 8199.445s] FRAME (len=56): 38 00 11 00 01 00 00 00 01 00 46 81 9E E3 00 1D 00 0F 20 00 FE 0A 65 27 56 C3 00 00 00 00 00 00 61 07 73 62 24 00 05 00 00 88 00 00 98 00 9F 00 09 00 00 00 54 0E 88 E2
[ 8199.654s] TEXT: '.....'
[ 8199.654s] FRAME (len=12): 0C 00 11 00 00 00 00 00 01 00 61 76
[ 8205.672s] TEXT: '...;.'
[ 8205.672s] TEXT: '.....'
[ 8205.672s] FRAME (len=56): 38 00 11 00 01 00 00 00 01 00 46 81 9E E3 00 1D 00 0F 20 00 FE 0A 65 27 56 C3 00 00 00 00 00 00 61 07 73 62 24 00 05 00 00 88 00 00 98 00 9F 00 09 00 00 00 54 0E 88 E2
[ 8205.672s] FRAME (len=12): 0C 00 11 00 00 00 00 00 01 00 61 76
[ 8211.896s] TEXT: '...;.'
[ 8212.105s] TEXT: '.....'
[ 8212.105s] FRAME (len=56): 38 00 11 00 01 00 00 00 01 00 46 81 9E E3 00 1D 00 0F 20 00 FE 0A 65 27 56 C3 00 00 00 00 00 00 61 07 73 62 24 00 05 00 00 88 00 00 98 00 9F 00 09 00 00 00 54 0E 88 E2
[ 8212.105s] FRAME (len=12): 0C 00 11 00 00 00 00 00 01 00 61 76
[ 8218.318s] TEXT: '...;.'
[ 8218.318s] TEXT: '.....'
[ 8218.318s] TEXT: '.....'
[ 8218.318s] FRAME (len=56): 38 00 11 00 01 00 00 00 01 00 46 81 9E E3 00 1D 00 0F 20 00 FC 0A 66 27 56 85 00 00 00 00 00 00 61 07 73 62 24 00 05 00 00 88 00 00 98 00 9F 00 09 00 00 00 1B 0E 92 F0
[ 8218.318s] FRAME (len=12): 0C 00 11 00 00 00 00 00 01 00 61 76
[ 8218.318s] FRAME (len=12): 0C 00 11 00 0B 00 00 00 01 00 C3 B5
[ 8223.498s] TEXT: '...;.'
[ 8223.498s] FRAME (len=56): 38 00 11 00 01 00 00 00 01 00 00 12 4B 00 38 0D 16 FD 03 00 C7 08 68 27 31 09 D4 FF 64 00 EE 02 00 00 00 00 00 00 0A 04 00 00 00 00 00 00 06 01 00 00 00 00 00 00 C8 3E
[ 8224.335s] TEXT: '....TX succeeded...;.'
[ 8224.335s] FRAME (len=56): 38 00 11 00 01 00 00 00 01 00 46 81 9E E3 00 1D 00 0F 20 00 FC 0A 66 27 56 85 00 00 00 00 00 00 61 07 73 62 24 00 05 00 00 88 00 00 98 00 9F 00 09 00 00 00 1B 0E 92 F0
[ 8224.543s] TEXT: '.....'
[ 8224.543s] FRAME (len=12): 0C 00 11 00 00 00 00 00 01 00 61 76
[ 8230.568s] TEXT: '...;.'
[ 8230.568s] TEXT: '.....'
[ 8230.568s] FRAME (len=56): 38 00 11 00 01 00 00 00 01 00 46 81 9E E3 00 1D 00 0F 20 00 FC 0A 66 27 56 85 00 00 00 00 00 00 61 07 73 62 24 00 05 00 00 88 00 00 98 00 9F 00 09 00 00 00 1B 0E 92 F0
[ 8230.568s] FRAME (len=12): 0C 00 11 00 00 00 00 00 01 00 61 76
[ 8236.779s] TEXT: '...;.'
[ 8236.779s] TEXT: '.....'
[ 8236.779s] FRAME (len=56): 38 00 11 00 01 00 00 00 01 00 46 81 9E E3 00 1D 00 0F 20 00 FC 0A 66 27 56 85 00 00 00 00 00 00 61 07 73 62 24 00 05 00 00 88 00 00 98 00 9F 00 09 00 00 00 1B 0E 92 F0
[ 8236.779s] FRAME (len=12): 0C 00 11 00 00 00 00 00 01 00 61 76
[ 8243.171s] TEXT: '...;.'
[ 8243.171s] TEXT: '.....'
[ 8243.171s] TEXT: '.....'
[ 8243.171s] TEXT: '.....'
[ 8243.171s] FRAME (len=56): 38 00 11 00 01 00 00 00 01 00 46 81 9E E3 00 1D 00 0F 20 00 08 0B 65 27 56 C1 00 00 00 00 00 00 61 07 73 62 24 00 05 00 00 88 00 00 98 00 9F 00 09 00 00 00 1B 0E 32 E8
[ 8243.171s] FRAME (len=16): 10 00 11 00 08 00 00 00 01 00 04 00 00 00 34 99
[ 8243.171s] FRAME (len=12): 0C 00 11 00 00 00 00 00 01 00 61 76
[ 8243.171s] FRAME (len=12): 0C 00 11 00 0B 00 00 00 01 00 C3 B5
[ 8249.380s] TEXT: '...;.'
[ 8249.380s] TEXT: '.....'
[ 8249.380s] FRAME (len=56): 38 00 11 00 01 00 00 00 01 00 46 81 9E E3 00 1D 00 0F 20 00 08 0B 65 27 56 C1 00 00 00 00 00 00 61 07 73 62 24 00 05 00 00 88 00 00 98 00 9F 00 09 00 00 00 1B 0E 32 E8
[ 8249.380s] FRAME (len=12): 0C 00 11 00 00 00 00 00 01 00 61 76
[ 8250.201s] TEXT: '...;.'
[ 8250.201s] FRAME (len=56): 38 00 11 00 01 00 00 00 01 00 00 12 4B 00 38 0D 16 FD 03 00 C8 08 68 27 31 31 D4 FF 64 00 EE 02 00 00 00 00 00 00 0A 04 00 00 00 00 00 00 06 01 00 00 00 00 00 00 9B 9C
[ 8255.367s] TEXT: '....TX succeeded...;.'
[ 8255.367s] FRAME (len=56): 38 00 11 00 01 00 00 00 01 00 46 81 9E E3 00 1D 00 0F 20 00 08 0B 65 27 56 C1 00 00 00 00 00 00 61 07 73 62 24 00 05 00 00 88 00 00 98 00 9F 00 09 00 00 00 1B 0E 32 E8
[ 8255.572s] TEXT: '.....'
[ 8255.572s] FRAME (len=12): 0C 00 11 00 00 00 00 00 01 00 61 76
[ 8261.779s] TEXT: '...;.'
[ 8261.779s] TEXT: '.....'
[ 8261.779s] FRAME (len=56): 38 00 11 00 01 00 00 00 01 00 46 81 9E E3 00 1D 00 0F 20 00 08 0B 65 27 56 C1 00 00 00 00 00 00 61 07 73 62 24 00 05 00 00 88 00 00 98 00 9F 00 09 00 00 00 1B 0E 32 E8
[ 8261.779s] FRAME (len=12): 0C 00 11 00 00 00 00 00 01 00 61 76
[ 8268.027s] TEXT: '...;.'
[ 8268.027s] TEXT: '.....'
[ 8268.027s] TEXT: '.....'
[ 8268.027s] FRAME (len=56): 38 00 11 00 01 00 00 00 01 00 46 81 9E E3 00 1D 00 0F 20 00 08 0B 66 27 56 87 00 00 00 00 00 00 61 07 73 62 24 00 05 00 00 88 00 00 98 00 9F 00 09 00 00 00 2E 0E D1 35
[ 8268.027s] FRAME (len=12): 0C 00 11 00 00 00 00 00 01 00 61 76
[ 8268.027s] FRAME (len=12): 0C 00 11 00 0B 00 00 00 01 00 C3 B5
[ 8274.243s] TEXT: '...;.'
[ 8274.243s] TEXT: '.....'
[ 8274.243s] FRAME (len=56): 38 00 11 00 01 00 00 00 01 00 46 81 9E E3 00 1D 00 0F 20 00 08 0B 66 27 56 87 00 00 00 00 00 00 61 07 73 62 24 00 05 00 00 88 00 00 98 00 9F 00 09 00 00 00 2E 0E D1 35
[ 8274.243s] FRAME (len=12): 0C 00 11 00 00 00 00 00 01 00 61 76
[ 8275.912s] TEXT: '....ERR: Uart framing error....ERR: Uart unknown error...;.'
[ 8275.912s] FRAME (len=56): 38 00 11 00 01 00 00 00 01 00 00 12 4B 00 38 0D 16 FD 03 00 C7 08 68 27 31 11 D4 FF 64 00 EE 02 00 00 00 00 00 00 0A 04 00 00 00 00 00 00 06 01 00 00 00 00 00 00 90 36
[ 8280.282s] TEXT: '....TX succeeded...;.'
[ 8280.282s] FRAME (len=56): 38 00 11 00 01 00 00 00 01 00 46 81 9E E3 00 1D 00 0F 20 00 08 0B 66 27 56 87 00 00 00 00 00 00 61 07 73 62 24 00 05 00 00 88 00 00 98 00 9F 00 09 00 00 00 2E 0E D1 35
[ 8280.485s] TEXT: '.....'
[ 8280.485s] FRAME (len=12): 0C 00 11 00 00 00 00 00 01 00 61 76
[ 8286.477s] TEXT: '...;.'
[ 8286.477s] TEXT: '.....'
[ 8286.477s] FRAME (len=56): 38 00 11 00 01 00 00 00 01 00 46 81 9E E3 00 1D 00 0F 20 00 08 0B 66 27 56 87 00 00 00 00 00 00 61 07 73 62 24 00 05 00 00 88 00 00 98 00 9F 00 09 00 00 00 2E 0E D1 35
[ 8286.477s] FRAME (len=12): 0C 00 11 00 00 00 00 00 01 00 61 76
[ 8292.892s] TEXT: '...;.'
[ 8292.892s] TEXT: '.....'
[ 8292.892s] TEXT: '.....'
[ 8292.892s] FRAME (len=56): 38 00 11 00 01 00 00 00 01 00 46 81 9E E3 00 1D 00 0F 20 00 04 0B 65 27 56 A9 00 00 00 00 00 00 61 07 73 62 24 00 05 00 00 88 00 00 98 00 9F 00 09 00 00 00 2E 0E 9F 35
[ 8292.892s] FRAME (len=12): 0C 00 11 00 00 00 00 00 01 00 61 76
[ 8292.892s] FRAME (len=12): 0C 00 11 00 0B 00 00 00 01 00 C3 B5
[ 8299.088s] TEXT: '...;.'
[ 8299.088s] TEXT: '.....'
[ 8299.088s] FRAME (len=56): 38 00 11 00 01 00 00 00 01 00 46 81 9E E3 00 1D 00 0F 20 00 04 0B 65 27 56 A9 00 00 00 00 00 00 61 07 73 62 24 00 05 00 00 88 00 00 98 00 9F 00 09 00 00 00 2E 0E 9F 35
[ 8299.088s] FRAME (len=12): 0C 00 11 00 00 00 00 00 01 00 61 76
[ 8301.579s] TEXT: '...;.'
[ 8301.579s] FRAME (len=56): 38 00 11 00 01 00 00 00 01 00 00 12 4B 00 38 0D 16 FD 03 00 C7 08 68 27 31 15 D4 FF 64 00 EE 02 00 00 00 00 00 00 0A 04 00 00 00 00 00 00 06 01 00 00 00 00 00 00 6B C5
[ 8305.109s] TEXT: '....TX succeeded...;.'
[ 8305.109s] FRAME (len=56): 38 00 11 00 01 00 00 00 01 00 46 81 9E E3 00 1D 00 0F 20 00 04 0B 65 27 56 A9 00 00 00 00 00 00 61 07 73 62 24 00 05 00 00 88 00 00 98 00 9F 00 09 00 00 00 2E 0E 9F 35
[ 8305.319s] TEXT: '.....'
[ 8305.319s] FRAME (len=12): 0C 00 11 00 00 00 00 00 01 00 61 76
[ 8311.509s] TEXT: '...;.'
[ 8311.509s] TEXT: '.....'
[ 8311.509s] FRAME (len=56): 38 00 11 00 01 00 00 00 01 00 46 81 9E E3 00 1D 00 0F 20 00 04 0B 65 27 56 A9 00 00 00 00 00 00 61 07 73 62 24 00 05 00 00 88 00 00 98 00 9F 00 09 00 00 00 2E 0E 9F 35
[ 8311.509s] FRAME (len=12): 0C 00 11 00 00 00 00 00 01 00 61 76
[ 8317.720s] TEXT: '...;.'
[ 8317.720s] TEXT: '.....'
[ 8317.720s] TEXT: '.....'
[ 8317.720s] FRAME (len=56): 38 00 11 00 01 00 00 00 01 00 46 81 9E E3 00 1D 00 0F 20 00 F7 0A 66 27 56 97 00 00 00 00 00 00 61 07 73 62 24 00 05 00 00 88 00 00 98 00 9F 00 09 00 00 00 2E 0E 72 11
[ 8317.720s] FRAME (len=16): 10 00 11 00 08 00 00 00 01 00 04 00 00 00 34 99
[ 8317.929s] TEXT: '.....'
[ 8317.929s] FRAME (len=12): 0C 00 11 00 00 00 00 00 01 00 61 76
[ 8317.929s] FRAME (len=12): 0C 00 11 00 0B 00 00 00 01 00 C3 B5
[ 8323.936s] TEXT: '...;.'
[ 8323.936s] TEXT: '.....'
[ 8323.936s] FRAME (len=56): 38 00 11 00 01 00 00 00 01 00 46 81 9E E3 00 1D 00 0F 20 00 F7 0A 66 27 56 97 00 00 00 00 00 00 61 07 73 62 24 00 05 00 00 88 00 00 98 00 9F 00 09 00 00 00 2E 0E 72 11
[ 8323.936s] FRAME (len=12): 0C 00 11 00 00 00 00 00 01 00 61 76
[ 8327.253s] TEXT: '...;.'
[ 8327.253s] FRAME (len=56): 38 00 11 00 01 00 00 00 01 00 00 12 4B 00 38 0D 16 FD 03 00 C7 08 68 27 31 29 D4 FF 64 00 EE 02 00 00 00 00 00 00 0A 04 00 00 00 00 00 00 06 01 00 00 00 00 00 00 F7 D1
[ 8330.151s] TEXT: '....TX succeeded...;.'
[ 8330.151s] TEXT: '.....'
[ 8330.151s] FRAME (len=56): 38 00 11 00 01 00 00 00 01 00 46 81 9E E3 00 1D 00 0F 20 00 F7 0A 66 27 56 97 00 00 00 00 00 00 61 07 73 62 24 00 05 00 00 88 00 00 98 00 9F 00 09 00 00 00 2E 0E 72 11
[ 8330.151s] FRAME (len=12): 0C 00 11 00 00 00 00 00 01 00 61 76
[ 8336.365s] TEXT: '...;.'
[ 8336.365s] TEXT: '.....'
[ 8336.365s] FRAME (len=56): 38 00 11 00 01 00 00 00 01 00 46 81 9E E3 00 1D 00 0F 20 00 F7 0A 66 27 56 97 00 00 00 00 00 00 61 07 73 62 24 00 05 00 00 88 00 00 98 00 9F 00 09 00 00 00 2E 0E 72 11
[ 8336.365s] FRAME (len=12): 0C 00 11 00 00 00 00 00 01 00 61 76
[ 8342.586s] TEXT: '...;.'
[ 8342.586s] TEXT: '.....'
[ 8342.586s] TEXT: '.....'
[ 8342.586s] FRAME (len=56): 38 00 11 00 01 00 00 00 01 00 46 81 9E E3 00 1D 00 0F 20 00 F0 0A 66 27 56 AB 00 00 00 00 00 00 61 07 73 62 24 00 06 00 00 88 00 00 98 00 9F 00 09 00 00 00 41 0E 2F 12
[ 8342.586s] FRAME (len=12): 0C 00 11 00 00 00 00 00 01 00 61 76
[ 8342.796s] FRAME (len=12): 0C 00 11 00 0B 00 00 00 01 00 C3 B5
[ 8348.829s] TEXT: '...;.'
[ 8348.829s] TEXT: '.....'
[ 8348.829s] FRAME (len=56): 38 00 11 00 01 00 00 00 01 00 46 81 9E E3 00 1D 00 0F 20 00 F0 0A 66 27 56 AB 00 00 00 00 00 00 61 07 73 62 24 00 06 00 00 88 00 00 98 00 9F 00 09 00 00 00 41 0E 2F 12
[ 8348.829s] FRAME (len=12): 0C 00 11 00 00 00 00 00 01 00 61 76
[ 8352.951s] TEXT: '...;.'
[ 8352.951s] FRAME (len=56): 38 00 11 00 01 00 00 00 01 00 00 12 4B 00 38 0D 16 FD 03 00 C8 08 68 27 31 45 D4 FF 64 00 EE 02 00 00 00 00 00 00 0A 04 00 00 00 00 00 00 06 01 00 00 00 00 00 00 8F B1
[ 8355.015s] TEXT: '....TX succeeded...;.'
[ 8355.015s] TEXT: '.....'
[ 8355.015s] FRAME (len=56): 38 00 11 00 01 00 00 00 01 00 46 81 9E E3 00 1D 00 0F 20 00 F0 0A 66 27 56 AB 00 00 00 00 00 00 61 07 73 62 24 00 06 00 00 88 00 00 98 00 9F 00 09 00 00 00 41 0E 2F 12
[ 8355.015s] FRAME (len=12): 0C 00 11 00 00 00 00 00 01 00 61 76
[ 8361.248s] TEXT: '...;.'
[ 8361.248s] TEXT: '.....'
[ 8361.248s] FRAME (len=56): 38 00 11 00 01 00 00 00 01 00 46 81 9E E3 00 1D 00 0F 20 00 F0 0A 66 27 56 AB 00 00 00 00 00 00 61 07 73 62 24 00 06 00 00 88 00 00 98 00 9F 00 09 00 00 00 41 0E 2F 12
[ 8361.248s] FRAME (len=12): 0C 00 11 00 00 00 00 00 01 00 61 76
[ 8367.459s] TEXT: '...;.'
[ 8367.459s] TEXT: '.....'
[ 8367.459s] TEXT: '.....'
[ 8367.459s] FRAME (len=56): 38 00 11 00 01 00 00 00 01 00 46 81 9E E3 00 1D 00 0F 20 00 FB 0A 66 27 56 8F 00 00 00 00 00 00 61 07 73 62 24 00 05 00 00 88 00 00 98 00 9F 00 09 00 00 00 41 0E 44 F3
[ 8367.459s] FRAME (len=12): 0C 00 11 00 00 00 00 00 01 00 61 76
[ 8367.459s] FRAME (len=12): 0C 00 11 00 0B 00 00 00 01 00 C3 B5
[ 8373.668s] TEXT: '...;.'
[ 8373.668s] TEXT: '.....'
[ 8373.668s] FRAME (len=56): 38 00 11 00 01 00 00 00 01 00 46 81 9E E3 00 1D 00 0F 20 00 FB 0A 66 27 56 8F 00 00 00 00 00 00 61 07 73 62 24 00 05 00 00 88 00 00 98 00 9F 00 09 00 00 00 41 0E 44 F3
[ 8373.668s] FRAME (len=12): 0C 00 11 00 00 00 00 00 01 00 61 76
[ 8378.652s] TEXT: '...;.'
[ 8378.652s] FRAME (len=56): 38 00 11 00 01 00 00 00 01 00 00 12 4B 00 38 0D 16 FD 03 00 C8 08 68 27 31 55 D4 FF 64 00 EE 02 00 00 00 00 00 00 0A 04 00 00 00 00 00 00 06 01 00 00 00 00 00 00 00 4E
[ 8379.896s] TEXT: '....TX failed: 0xc....TX failed: 0xc....'
[ 8379.896s] TEXT: '.....'
[ 8379.896s] FRAME (len=55): 02 11 00 01 00 00 00 01 00 46 81 9E E3 00 1D 00 0F 20 00 FB 0A 66 27 56 8F 00 00 00 00 00 00 61 07 73 62 24 00 05 00 00 88 00 00 98 00 9F 00 09 00 00 00 41 0E 44 F3
[ 8379.896s] FRAME (len=12): 0C 00 11 00 00 00 00 00 01 00 61 76
[ 8385.909s] TEXT: '...;.'
[ 8386.119s] TEXT: '.....'
[ 8386.119s] FRAME (len=56): 38 00 11 00 01 00 00 00 01 00 46 81 9E E3 00 1D 00 0F 20 00 FB 0A 66 27 56 8F 00 00 00 00 00 00 61 07 73 62 24 00 05 00 00 88 00 00 98 00 9F 00 09 00 00 00 41 0E 44 F3
[ 8386.119s] FRAME (len=12): 0C 00 11 00 00 00 00 00 01 00 61 76
[ 8392.509s] TEXT: '...;.'
[ 8392.509s] TEXT: '.....'
[ 8392.509s] TEXT: '.....'
[ 8392.509s] FRAME (len=56): 38 00 11 00 01 00 00 00 01 00 46 81 9E E3 00 1D 00 0F 20 00 F7 0A 66 27 56 9F 00 00 00 00 00 00 61 07 73 62 24 00 05 00 00 88 00 00 98 00 9F 00 09 00 00 00 41 0E B1 FD
[ 8392.509s] FRAME (len=12): 0C 00 11 00 00 00 00 00 01 00 61 76
[ 8392.509s] FRAME (len=12): 0C 00 11 00 0B 00 00 00 01 00 C3 B5
[ 8398.481s] TEXT: '....ERR: Uart framing error...;.'
[ 8398.481s] TEXT: '.....'
[ 8398.481s] FRAME (len=56): 38 00 11 00 01 00 00 00 01 00 46 81 9E E3 00 1D 00 0F 20 00 F7 0A 66 27 56 9F 00 00 00 00 00 00 61 07 73 62 24 00 05 00 00 88 00 00 98 00 9F 00 09 00 00 00 41 0E B1 FD
[ 8398.481s] FRAME (len=12): 0C 00 11 00 00 00 00 00 01 00 61 76
[ 8404.683s] TEXT: '...;.'
[ 8404.683s] TEXT: '.....'
[ 8404.683s] FRAME (len=56): 38 00 11 00 01 00 00 00 01 00 46 81 9E E3 00 1D 00 0F 20 00 F7 0A 66 27 56 9F 00 00 00 00 00 00 61 07 73 62 24 00 05 00 00 88 00 00 98 00 9F 00 09 00 00 00 41 0E B1 FD
[ 8404.683s] FRAME (len=12): 0C 00 11 00 00 00 00 00 01 00 61 76
[ 8405.305s] TEXT: '...;.'
[ 8405.305s] FRAME (len=56): 38 00 11 00 01 00 00 00 01 00 00 12 4B 00 38 0D 16 FD 03 00 C8 08 68 27 31 55 D4 FF 64 00 EE 02 00 00 00 00 00 00 0A 04 00 00 00 00 00 00 06 01 00 00 00 00 00 00 00 4E
[ 8410.912s] TEXT: '....TX succeeded...;.'
[ 8410.912s] TEXT: '.....'
[ 8410.912s] FRAME (len=56): 38 00 11 00 01 00 00 00 01 00 46 81 9E E3 00 1D 00 0F 20 00 F7 0A 66 27 56 9F 00 00 00 00 00 00 61 07 73 62 24 00 05 00 00 88 00 00 98 00 9F 00 09 00 00 00 41 0E B1 FD
[ 8410.912s] FRAME (len=12): 0C 00 11 00 00 00 00 00 01 00 61 76
[ 8417.140s] TEXT: '...;.'
[ 8417.140s] TEXT: '.....'
[ 8417.140s] TEXT: '.....'
[ 8417.140s] FRAME (len=56): 38 00 11 00 01 00 00 00 01 00 46 81 9E E3 00 1D 00 0F 20 00 F5 0A 66 27 56 89 00 00 00 00 00 00 61 07 73 62 24 00 05 00 00 88 00 00 98 00 9F 00 09 00 00 00 54 0E C5 D4
[ 8417.140s] FRAME (len=12): 0C 00 11 00 00 00 00 00 01 00 61 76
[ 8417.140s] FRAME (len=12): 0C 00 11 00 0B 00 00 00 01 00 C3 B5
[ 8423.356s] TEXT: '...;.'
[ 8423.356s] TEXT: '.....'
[ 8423.356s] FRAME (len=56): 38 00 11 00 01 00 00 00 01 00 46 81 9E E3 00 1D 00 0F 20 00 F5 0A 66 27 56 89 00 00 00 00 00 00 61 07 73 62 24 00 05 00 00 88 00 00 98 00 9F 00 09 00 00 00 54 0E C5 D4
[ 8423.356s] FRAME (len=12): 0C 00 11 00 00 00 00 00 01 00 61 76
[ 8429.550s] TEXT: '...;.'
[ 8429.550s] TEXT: '.....'
[ 8429.550s] FRAME (len=56): 38 00 11 00 01 00 00 00 01 00 46 81 9E E3 00 1D 00 0F 20 00 F5 0A 66 27 56 89 00 00 00 00 00 00 61 07 73 62 24 00 05 00 00 88 00 00 98 00 9F 00 09 00 00 00 54 0E C5 D4
[ 8429.550s] FRAME (len=12): 0C 00 11 00 00 00 00 00 01 00 61 76
[ 8431.007s] TEXT: '...;.'
[ 8431.007s] FRAME (len=56): 38 00 11 00 01 00 00 00 01 00 00 12 4B 00 38 0D 16 FD 03 00 C8 08 68 27 31 65 D4 FF 64 00 EE 02 00 00 00 00 00 00 0A 04 00 00 00 00 00 00 06 01 00 00 00 00 00 00 B0 5E
[ 8435.783s] TEXT: '....TX succeeded...;.'
[ 8435.783s] TEXT: '.....'
[ 8435.783s] FRAME (len=56): 38 00 11 00 01 00 00 00 01 00 46 81 9E E3 00 1D 00 0F 20 00 F5 0A 66 27 56 89 00 00 00 00 00 00 61 07 73 62 24 00 05 00 00 88 00 00 98 00 9F 00 09 00 00 00 54 0E C5 D4
[ 8435.783s] FRAME (len=12): 0C 00 11 00 00 00 00 00 01 00 61 76
[ 8442.001s] TEXT: '...;.'
[ 8442.001s] TEXT: '.....'
[ 8442.001s] TEXT: '.....'
[ 8442.001s] FRAME (len=56): 38 00 11 00 01 00 00 00 01 00 46 81 9E E3 00 1D 00 0F 20 00 05 0B 66 27 56 AB 00 00 00 00 00 00 61 07 73 62 24 00 05 00 00 88 00 00 98 00 9F 00 09 00 00 00 2E 0E 9D B3
[ 8442.001s] FRAME (len=16): 10 00 11 00 08 00 00 00 01 00 04 00 00 00 34 99
[ 8442.205s] TEXT: '.....'
[ 8442.205s] FRAME (len=12): 0C 00 11 00 00 00 00 00 01 00 61 76
[ 8442.205s] FRAME (len=12): 0C 00 11 00 0B 00 00 00 01 00 C3 B5
[ 8448.189s] TEXT: '...;.'
[ 8448.189s] TEXT: '.....'
[ 8448.189s] FRAME (len=56): 38 00 11 00 01 00 00 00 01 00 46 81 9E E3 00 1D 00 0F 20 00 05 0B 66 27 56 AB 00 00 00 00 00 00 61 07 73 62 24 00 05 00 00 88 00 00 98 00 9F 00 09 00 00 00 2E 0E 9D B3
[ 8448.189s] FRAME (len=12): 0C 00 11 00 00 00 00 00 01 00 61 76
[ 8454.400s] TEXT: '...;.'
[ 8454.400s] TEXT: '.....'
[ 8454.400s] FRAME (len=56): 38 00 11 00 01 00 00 00 01 00 46 81 9E E3 00 1D 00 0F 20 00 05 0B 66 27 56 AB 00 00 00 00 00 00 61 07 73 62 24 00 05 00 00 88 00 00 98 00 9F 00 09 00 00 00 2E 0E 9D B3
[ 8454.400s] FRAME (len=12): 0C 00 11 00 00 00 00 00 01 00 61 76
[ 8456.675s] TEXT: '...;.'
[ 8456.675s] FRAME (len=56): 38 00 11 00 01 00 00 00 01 00 00 12 4B 00 38 0D 16 FD 03 00 C8 08 68 27 31 69 D4 FF 64 00 EE 02 00 00 00 00 00 00 0A 04 00 00 00 00 00 00 06 01 00 00 00 00 00 00 9C 5A
[ 8460.601s] TEXT: '....TX succeeded...;.'
[ 8460.601s] TEXT: '.....'
[ 8460.601s] FRAME (len=56): 38 00 11 00 01 00 00 00 01 00 46 81 9E E3 00 1D 00 0F 20 00 05 0B 66 27 56 AB 00 00 00 00 00 00 61 07 73 62 24 00 05 00 00 88 00 00 98 00 9F 00 09 00 00 00 2E 0E 9D B3
[ 8460.601s] FRAME (len=12): 0C 00 11 00 00 00 00 00 01 00 61 76
[ 8467.042s] TEXT: '...;.'
[ 8467.042s] TEXT: '.....'
[ 8467.042s] TEXT: '.....'
[ 8467.042s] FRAME (len=56): 38 00 11 00 01 00 00 00 01 00 46 81 9E E3 00 1D 00 0F 20 00 08 0B 66 27 56 BB 00 00 00 00 00 00 61 07 73 62 24 00 05 00 00 88 00 00 98 00 9F 00 09 00 00 00 08 0E 0D 8D
[ 8467.042s] FRAME (len=12): 0C 00 11 00 00 00 00 00 01 00 61 76
[ 8467.042s] FRAME (len=12): 0C 00 11 00 0B 00 00 00 01 00 C3 B5
[ 8473.063s] TEXT: '...;.'
[ 8473.063s] TEXT: '.....'
[ 8473.063s] FRAME (len=56): 38 00 11 00 01 00 00 00 01 00 46 81 9E E3 00 1D 00 0F 20 00 08 0B 66 27 56 BB 00 00 00 00 00 00 61 07 73 62 24 00 05 00 00 88 00 00 98 00 9F 00 09 00 00 00 08 0E 0D 8D
[ 8473.063s] FRAME (len=12): 0C 00 11 00 00 00 00 00 01 00 61 76
[ 8479.263s] TEXT: '...;.'
[ 8479.263s] TEXT: '.....'
[ 8479.263s] FRAME (len=56): 38 00 11 00 01 00 00 00 01 00 46 81 9E E3 00 1D 00 0F 20 00 08 0B 66 27 56 BB 00 00 00 00 00 00 61 07 73 62 24 00 05 00 00 88 00 00 98 00 9F 00 09 00 00 00 08 0E 0D 8D
[ 8479.263s] FRAME (len=12): 0C 00 11 00 00 00 00 00 01 00 61 76
[ 8482.379s] TEXT: '...;.'
[ 8482.379s] FRAME (len=25): 38 00 11 00 01 00 00 00 01 00 00 12 4B 00 38 0D 16 FD 03 00 C8 08 68 27 31
[ 8485.492s] TEXT: '..d.........\n................V}....TX succeeded...;.'
[ 8485.492s] TEXT: '.....'
[ 8485.492s] FRAME (len=56): 38 00 11 00 01 00 00 00 01 00 46 81 9E E3 00 1D 00 0F 20 00 08 0B 66 27 56 BB 00 00 00 00 00 00 61 07 73 62 24 00 05 00 00 88 00 00 98 00 9F 00 09 00 00 00 08 0E 0D 8D
[ 8485.492s] FRAME (len=12): 0C 00 11 00 00 00 00 00 01 00 61 76
[ 8491.905s] TEXT: '...;.'
[ 8491.905s] TEXT: '.....'
[ 8491.905s] TEXT: '.....'
[ 8491.905s] FRAME (len=56): 38 00 11 00 01 00 00 00 01 00 46 81 9E E3 00 1D 00 0F 20 00 02 0B 66 27 55 AD 00 00 00 00 00 00 61 07 73 62 24 00 06 00 00 88 00 00 98 00 9F 00 09 00 00 00 1B 0E 1F 5C
[ 8491.905s] FRAME (len=12): 0C 00 11 00 00 00 00 00 01 00 61 76
[ 8491.905s] FRAME (len=12): 0C 00 11 00 0B 00 00 00 01 00 C3 B5
[ 8497.920s] TEXT: '...;.'
[ 8497.920s] TEXT: '.....'
[ 8497.920s] FRAME (len=56): 38 00 11 00 01 00 00 00 01 00 46 81 9E E3 00 1D 00 0F 20 00 02 0B 66 27 55 AD 00 00 00 00 00 00 61 07 73 62 24 00 06 00 00 88 00 00 98 00 9F 00 09 00 00 00 1B 0E 1F 5C
[ 8497.920s] FRAME (len=12): 0C 00 11 00 00 00 00 00 01 00 61 76
[ 8504.157s] TEXT: '...;.'
[ 8504.157s] TEXT: '.....'
[ 8504.157s] FRAME (len=56): 38 00 11 00 01 00 00 00 01 00 46 81 9E E3 00 1D 00 0F 20 00 02 0B 66 27 55 AD 00 00 00 00 00 00 61 07 73 62 24 00 06 00 00 88 00 00 98 00 9F 00 09 00 00 00 1B 0E 1F 5C
[ 8504.157s] FRAME (len=12): 0C 00 11 00 00 00 00 00 01 00 61 76
[ 8507.875s] TEXT: '...;.'
[ 8507.875s] FRAME (len=56): 38 00 11 00 01 00 00 00 01 00 00 12 4B 00 38 0D 16 FD 03 00 C9 08 68 27 31 15 D4 FF 64 00 EE 02 00 00 00 00 00 00 0A 04 00 00 00 00 00 00 06 01 00 00 00 00 00 00 7A 1C
[ 8510.372s] TEXT: '....TX succeeded...;.'
[ 8510.372s] TEXT: '.....'
[ 8510.372s] FRAME (len=56): 38 00 11 00 01 00 00 00 01 00 46 81 9E E3 00 1D 00 0F 20 00 02 0B 66 27 55 AD 00 00 00 00 00 00 61 07 73 62 24 00 06 00 00 88 00 00 98 00 9F 00 09 00 00 00 1B 0E 1F 5C
[ 8510.372s] FRAME (len=12): 0C 00 11 00 00 00 00 00 01 00 61 76
[ 8516.796s] TEXT: '....ERR: Uart overrun error....ERR: Uart unknown error...;.'
[ 8516.796s] TEXT: '.....'
[ 8516.796s] TEXT: '.....'
[ 8516.796s] TEXT: '.....'
[ 8516.796s] FRAME (len=56): 38 00 11 00 01 00 00 00 01 00 46 81 9E E3 00 1D 00 0F 20 00 F1 0A 66 27 56 AD 00 00 00 00 00 00 61 07 73 62 24 00 05 00 00 88 00 00 98 00 9F 00 09 00 00 00 54 0E D7 98
[ 8516.796s] FRAME (len=16): 10 00 11 00 08 00 00 00 01 00 04 00 00 00 34 99
[ 8516.796s] FRAME (len=12): 0C 00 11 00 00 00 00 00 01 00 61 76
[ 8516.796s] FRAME (len=12): 0C 00 11 00 0B 00 00 00 01 00 C3 B5
[ 8522.813s] TEXT: '...;.'
[ 8522.813s] TEXT: '.....'
[ 8522.813s] FRAME (len=56): 38 00 11 00 01 00 00 00 01 00 46 81 9E E3 00 1D 00 0F 20 00 F1 0A 66 27 56 AD 00 00 00 00 00 00 61 07 73 62 24 00 05 00 00 88 00 00 98 00 9F 00 09 00 00 00 54 0E D7 98
[ 8522.813s] FRAME (len=12): 0C 00 11 00 00 00 00 00 01 00 61 76
[ 8529.047s] TEXT: '...;.'
[ 8529.047s] TEXT: '.....'
[ 8529.047s] FRAME (len=56): 38 00 11 00 01 00 00 00 01 00 46 81 9E E3 00 1D 00 0F 20 00 F1 0A 66 27 56 AD 00 00 00 00 00 00 61 07 73 62 24 00 05 00 00 88 00 00 98 00 9F 00 09 00 00 00 54 0E D7 98
[ 8529.047s] FRAME (len=12): 0C 00 11 00 00 00 00 00 01 00 61 76
[ 8534.639s] TEXT: '...;.'
[ 8534.639s] FRAME (len=56): 38 00 11 00 01 00 00 00 01 00 00 12 4B 00 38 0D 16 FD 03 00 C9 08 69 27 31 19 D4 FF 64 00 EE 02 00 00 00 00 00 00 0A 04 00 00 00 00 00 00 06 01 00 00 00 00 00 00 10 41
[ 8535.266s] TEXT: '....TX succeeded...;.'
[ 8535.266s] TEXT: '.....'
[ 8535.266s] FRAME (len=56): 38 00 11 00 01 00 00 00 01 00 46 81 9E E3 00 1D 00 0F 20 00 F1 0A 66 27 56 AD 00 00 00 00 00 00 61 07 73 62 24 00 05 00 00 88 00 00 98 00 9F 00 09 00 00 00 54 0E D7 98
[ 8535.266s] FRAME (len=12): 0C 00 11 00 00 00 00 00 01 00 61 76
[ 8541.479s] TEXT: '...;.'
[ 8541.479s] TEXT: '.....'
[ 8541.479s] TEXT: '.....'
[ 8541.479s] FRAME (len=56): 38 00 11 00 01 00 00 00 01 00 46 81 9E E3 00 1D 00 0F 20 00 00 0B 66 27 56 B5 00 00 00 00 00 00 61 07 73 62 24 00 05 00 00 88 00 00 98 00 9F 00 09 00 00 00 2E 0E 20 75
[ 8541.479s] FRAME (len=12): 0C 00 11 00 00 00 00 00 01 00 61 76
[ 8541.479s] FRAME (len=12): 0C 00 11 00 0B 00 00 00 01 00 C3 B5
[ 8547.709s] TEXT: '...;.'
[ 8547.709s] TEXT: '.....'
[ 8547.709s] FRAME (len=56): 38 00 11 00 01 00 00 00 01 00 46 81 9E E3 00 1D 00 0F 20 00 00 0B 66 27 56 B5 00 00 00 00 00 00 61 07 73 62 24 00 05 00 00 88 00 00 98 00 9F 00 09 00 00 00 2E 0E 20 75
[ 8547.709s] FRAME (len=12): 0C 00 11 00 00 00 00 00 01 00 61 76
[ 8553.939s] TEXT: '...;.'
[ 8553.939s] TEXT: '.....'
[ 8553.939s] FRAME (len=56): 38 00 11 00 01 00 00 00 01 00 46 81 9E E3 00 1D 00 0F 20 00 00 0B 66 27 56 B5 00 00 00 00 00 00 61 07 73 62 24 00 05 00 00 88 00 00 98 00 9F 00 09 00 00 00 2E 0E 20 75
[ 8553.939s] FRAME (len=12): 0C 00 11 00 00 00 00 00 01 00 61 76
[ 8560.183s] TEXT: '...;.'
[ 8560.183s] TEXT: '.....'
[ 8560.183s] FRAME (len=56): 38 00 11 00 01 00 00 00 01 00 46 81 9E E3 00 1D 00 0F 20 00 00 0B 66 27 56 B5 00 00 00 00 00 00 61 07 73 62 24 00 05 00 00 88 00 00 98 00 9F 00 09 00 00 00 2E 0E 20 75
[ 8560.183s] FRAME (len=12): 0C 00 11 00 00 00 00 00 01 00 61 76
[ 8560.390s] TEXT: '...;.'
[ 8560.390s] FRAME (len=56): 38 00 11 00 01 00 00 00 01 00 00 12 4B 00 38 0D 16 FD 03 00 C9 08 69 27 31 09 D4 FF 64 00 EE 02 00 00 00 00 00 00 0A 04 00 00 00 00 00 00 06 01 00 00 00 00 00 00 9F BE
[ 8566.404s] TEXT: '....TX succeeded...;.'
[ 8566.404s] TEXT: '.....'
[ 8566.404s] TEXT: '.....'
[ 8566.404s] FRAME (len=56): 38 00 11 00 01 00 00 00 01 00 46 81 9E E3 00 1D 00 0F 20 00 01 0B 67 27 56 83 00 00 00 00 00 00 61 07 73 62 24 00 05 00 00 88 00 00 98 00 9F 00 09 00 00 00 41 0E F1 B9
[ 8566.404s] FRAME (len=12): 0C 00 11 00 00 00 00 00 01 00 61 76
[ 8566.404s] FRAME (len=12): 0C 00 11 00 0B 00 00 00 01 00 C3 B5
[ 8572.598s] TEXT: '...;.'
[ 8572.598s] TEXT: '.....'
[ 8572.598s] FRAME (len=56): 38 00 11 00 01 00 00 00 01 00 46 81 9E E3 00 1D 00 0F 20 00 01 0B 67 27 56 83 00 00 00 00 00 00 61 07 73 62 24 00 05 00 00 88 00 00 98 00 9F 00 09 00 00 00 41 0E F1 B9
[ 8572.598s] FRAME (len=12): 0C 00 11 00 00 00 00 00 01 00 61 76
[ 8578.847s] TEXT: '...;.'
[ 8578.847s] TEXT: '.....'
[ 8578.847s] FRAME (len=56): 38 00 11 00 01 00 00 00 01 00 46 81 9E E3 00 1D 00 0F 20 00 01 0B 67 27 56 83 00 00 00 00 00 00 61 07 73 62 24 00 05 00 00 88 00 00 98 00 9F 00 09 00 00 00 41 0E F1 B9
[ 8578.847s] FRAME (len=12): 0C 00 11 00 00 00 00 00 01 00 61 76
[ 8585.054s] TEXT: '...;.'
[ 8585.054s] TEXT: '.....'
[ 8585.054s] FRAME (len=56): 38 00 11 00 01 00 00 00 01 00 46 81 9E E3 00 1D 00 0F 20 00 01 0B 67 27 56 83 00 00 00 00 00 00 61 07 73 62 24 00 05 00 00 88 00 00 98 00 9F 00 09 00 00 00 41 0E F1 B9
[ 8585.054s] FRAME (len=12): 0C 00 11 00 00 00 00 00 01 00 61 76
[ 8586.088s] TEXT: '...;.'
[ 8586.088s] FRAME (len=56): 38 00 11 00 01 00 00 00 01 00 00 12 4B 00 38 0D 16 FD 03 00 C9 08 69 27 31 05 D4 FF 64 00 EE 02 00 00 00 00 00 00 0A 04 00 00 00 00 00 00 06 01 00 00 00 00 00 00 B3 BA
[ 8591.279s] TEXT: '....TX succeeded...;.'
[ 8591.279s] TEXT: '.....'
[ 8591.279s] TEXT: '.....'
[ 8591.279s] FRAME (len=56): 38 00 11 00 01 00 00 00 01 00 46 81 9E E3 00 1D 00 0F 20 00 FD 0A 67 27 56 87 00 00 00 00 00 00 61 07 73 62 24 00 05 00 00 88 00 00 98 00 9F 00 09 00 00 00 1B 0E 1C C4
[ 8591.279s] FRAME (len=12): 0C 00 11 00 00 00 00 00 01 00 61 76
[ 8591.279s] FRAME (len=12): 0C 00 11 00 0B 00 00 00 01 00 C3 B5
[ 8597.476s] TEXT: '...;.'
[ 8597.476s] TEXT: '.....'
[ 8597.476s] FRAME (len=56): 38 00 11 00 01 00 00 00 01 00 46 81 9E E3 00 1D 00 0F 20 00 FD 0A 67 27 56 87 00 00 00 00 00 00 61 07 73 62 24 00 05 00 00 88 00 00 98 00 9F 00 09 00 00 00 1B 0E 1C C4
[ 8597.476s] FRAME (len=12): 0C 00 11 00 00 00 00 00 01 00 61 76
[ 8603.699s] TEXT: '...;.'
[ 8603.699s] TEXT: '.....'
[ 8603.699s] FRAME (len=56): 38 00 11 00 01 00 00 00 01 00 46 81 9E E3 00 1D 00 0F 20 00 FD 0A 67 27 56 87 00 00 00 00 00 00 61 07 73 62 24 00 05 00 00 88 00 00 98 00 9F 00 09 00 00 00 1B 0E 1C C4
[ 8603.699s] FRAME (len=12): 0C 00 11 00 00 00 00 00 01 00 61 76
[ 8609.915s] TEXT: '...;.'
[ 8609.915s] TEXT: '.....'
[ 8609.915s] FRAME (len=56): 38 00 11 00 01 00 00 00 01 00 46 81 9E E3 00 1D 00 0F 20 00 FD 0A 67 27 56 87 00 00 00 00 00 00 61 07 73 62 24 00 05 00 00 88 00 00 98 00 9F 00 09 00 00 00 1B 0E 1C C4
[ 8609.915s] FRAME (len=12): 0C 00 11 00 00 00 00 00 01 00 61 76
[ 8611.570s] TEXT: '...;.'
[ 8611.570s] FRAME (len=56): 38 00 11 00 01 00 00 00 01 00 00 12 4B 00 38 0D 16 FD 03 00 C9 08 69 27 31 15 D4 FF 64 00 EE 02 00 00 00 00 00 00 0A 04 00 00 00 00 00 00 06 01 00 00 00 00 00 00 3C 45
[ 8616.111s] TEXT: '....TX succeeded...;.'
[ 8616.111s] TEXT: '.....'
[ 8616.111s] TEXT: '.....'
[ 8616.111s] FRAME (len=56): 38 00 11 00 01 00 00 00 01 00 46 81 9E E3 00 1D 00 0F 20 00 FD 0A 67 27 56 91 00 00 00 00 00 00 61 07 73 62 24 00 06 00 00 88 00 00 98 00 9F 00 09 00 00 00 2E 0E A8 2B
[ 8616.111s] FRAME (len=12): 0C 00 11 00 00 00 00 00 01 00 61 76
[ 8616.313s] FRAME (len=12): 0C 00 11 00 0B 00 00 00 01 00 C3 B5
[ 8622.137s] TEXT: '...;.'
[ 8622.347s] TEXT: '.....'
[ 8622.347s] FRAME (len=56): 38 00 11 00 01 00 00 00 01 00 46 81 9E E3 00 1D 00 0F 20 00 FD 0A 67 27 56 91 00 00 00 00 00 00 61 07 73 62 24 00 06 00 00 88 00 00 98 00 9F 00 09 00 00 00 2E 0E A8 2B
[ 8622.347s] FRAME (len=12): 0C 00 11 00 00 00 00 00 01 00 61 76
[ 8628.551s] TEXT: '...;.'
[ 8628.551s] TEXT: '.....'
[ 8628.551s] FRAME (len=56): 38 00 11 00 01 00 00 00 01 00 46 81 9E E3 00 1D 00 0F 20 00 FD 0A 67 27 56 91 00 00 00 00 00 00 61 07 73 62 24 00 06 00 00 88 00 00 98 00 9F 00 09 00 00 00 2E 0E A8 2B
[ 8628.551s] FRAME (len=12): 0C 00 11 00 00 00 00 00 01 00 61 76
[ 8634.783s] TEXT: '...;.'
[ 8634.783s] TEXT: '.....'
[ 8634.783s] FRAME (len=56): 38 00 11 00 01 00 00 00 01 00 46 81 9E E3 00 1D 00 0F 20 00 FD 0A 67 27 56 91 00 00 00 00 00 00 61 07 73 62 24 00 06 00 00 88 00 00 98 00 9F 00 09 00 00 00 2E 0E A8 2B
[ 8634.783s] FRAME (len=12): 0C 00 11 00 00 00 00 00 01 00 61 76
[ 8637.254s] TEXT: '...;.'
[ 8637.254s] FRAME (len=56): 38 00 11 00 01 00 00 00 01 00 00 12 4B 00 38 0D 16 FD 03 00 C9 08 69 27 31 39 D4 FF 64 00 EE 02 00 00 00 00 00 00 0A 04 00 00 00 00 00 00 06 01 00 00 00 00 00 00 2F AE
[ 8640.987s] TEXT: '....TX succeeded...;.'
[ 8640.987s] TEXT: '.....'
[ 8640.987s] TEXT: '.....'
[ 8640.987s] FRAME (len=56): 38 00 11 00 01 00 00 00 01 00 46 81 9E E3 00 1D 00 0F 20 00 FA 0A 67 27 55 A3 00 00 00 00 00 00 61 07 73 62 24 00 06 00 00 88 00 00 98 00 9F 00 09 00 00 00 41 0E 58 2E
[ 8640.987s] FRAME (len=12): 0C 00 11 00 00 00 00 00 01 00 61 76
[ 8640.987s] FRAME (len=12): 0C 00 11 00 0B 00 00 00 01 00 C3 B5
[ 8647.196s] TEXT: '...;.'
[ 8647.196s] TEXT: '.....'
[ 8647.196s] FRAME (len=56): 38 00 11 00 01 00 00 00 01 00 46 81 9E E3 00 1D 00 0F 20 00 FA 0A 67 27 55 A3 00 00 00 00 00 00 61 07 73 62 24 00 06 00 00 88 00 00 98 00 9F 00 09 00 00 00 41 0E 58 2E
[ 8647.196s] FRAME (len=12): 0C 00 11 00 00 00 00 00 01 00 61 76
[ 8653.412s] TEXT: '...;.'
[ 8653.412s] TEXT: '.....'
[ 8653.412s] FRAME (len=56): 38 00 11 00 01 00 00 00 01 00 46 81 9E E3 00 1D 00 0F 20 00 FA 0A 67 27 55 A3 00 00 00 00 00 00 61 07 73 62 24 00 06 00 00 88 00 00 98 00 9F 00 09 00 00 00 41 0E 58 2E
[ 8653.412s] FRAME (len=12): 0C 00 11 00 00 00 00 00 01 00 61 76
[ 8659.630s] TEXT: '...;.'
[ 8659.630s] TEXT: '.....'
[ 8659.630s] FRAME (len=56): 38 00 11 00 01 00 00 00 01 00 46 81 9E E3 00 1D 00 0F 20 00 FA 0A 67 27 55 A3 00 00 00 00 00 00 61 07 73 62 24 00 06 00 00 88 00 00 98 00 9F 00 09 00 00 00 41 0E 58 2E
[ 8659.630s] FRAME (len=12): 0C 00 11 00 00 00 00 00 01 00 61 76
[ 8662.964s] TEXT: '...;.'
[ 8662.964s] FRAME (len=56): 38 00 11 00 01 00 00 00 01 00 00 12 4B 00 38 0D 16 FD 03 00 C9 08 69 27 31 21 D4 FF 64 00 EE 02 00 00 00 00 00 00 0A 04 00 00 00 00 00 00 06 01 00 00 00 00 00 00 77 A6
[ 8665.860s] TEXT: '....TX failed: 0xc....TX failed: 0xc...;.'
[ 8665.860s] TEXT: '.....'
[ 8665.860s] TEXT: '.....'
[ 8665.860s] TEXT: '.....'
[ 8665.860s] FRAME (len=56): 38 00 11 00 01 00 00 00 01 00 46 81 9E E3 00 1D 00 0F 20 00 02 0B 67 27 55 87 00 00 00 00 00 00 61 07 73 62 24 00 05 00 00 88 00 00 98 00 9F 00 09 00 00 00 41 0E 65 E5
[ 8665.860s] FRAME (len=16): 10 00 11 00 08 00 00 00 01 00 04 00 00 00 34 99
[ 8665.860s] FRAME (len=12): 0C 00 11 00 00 00 00 00 01 00 61 76
[ 8665.860s] FRAME (len=12): 0C 00 11 00 0B 00 00 00 01 00 C3 B5
[ 8672.059s] TEXT: '...;.'
[ 8672.059s] TEXT: '.....'
[ 8672.059s] FRAME (len=56): 38 00 11 00 01 00 00 00 01 00 46 81 9E E3 00 1D 00 0F 20 00 02 0B 67 27 55 87 00 00 00 00 00 00 61 07 73 62 24 00 05 00 00 88 00 00 98 00 9F 00 09 00 00 00 41 0E 65 E5
[ 8672.059s] FRAME (len=12): 0C 00 11 00 00 00 00 00 01 00 61 76
[ 8678.291s] TEXT: '...;.'
[ 8678.291s] TEXT: '.....'
[ 8678.291s] FRAME (len=56): 38 00 11 00 01 00 00 00 01 00 46 81 9E E3 00 1D 00 0F 20 00 02 0B 67 27 55 87 00 00 00 00 00 00 61 07 73 62 24 00 05 00 00 88 00 00 98 00 9F 00 09 00 00 00 41 0E 65 E5
[ 8678.291s] FRAME (len=12): 0C 00 11 00 00 00 00 00 01 00 61 76
[ 8684.505s] TEXT: '...;.'
[ 8684.505s] TEXT: '.....'
[ 8684.505s] FRAME (len=56): 38 00 11 00 01 00 00 00 01 00 46 81 9E E3 00 1D 00 0F 20 00 02 0B 67 27 55 87 00 00 00 00 00 00 61 07 73 62 24 00 05 00 00 88 00 00 98 00 9F 00 09 00 00 00 41 0E 65 E5
[ 8684.505s] FRAME (len=12): 0C 00 11 00 00 00 00 00 01 00 61 76
[ 8689.685s] TEXT: '...;.'
[ 8689.685s] FRAME (len=56): 38 00 11 00 01 00 00 00 01 00 00 12 4B 00 38 0D 16 FD 03 00 C9 08 69 27 31 29 D4 FF 64 00 EE 02 00 00 00 00 00 00 0A 04 00 00 00 00 00 00 06 01 00 00 00 00 00 00 A0 51
[ 8690.724s] TEXT: '....TX succeeded...;.'
[ 8690.724s] TEXT: '.....'
[ 8690.724s] TEXT: '.....'
[ 8690.724s] TEXT: '.....'
[ 8690.724s] FRAME (len=56): 38 00 11 00 01 00 00 00 01 00 46 81 9E E3 00 1D 00 0F 20 00 00 0B 67 27 56 8B 00 00 00 00 00 00 61 07 73 62 24 00 05 00 00 88 00 00 98 00 9F 00 09 00 00 00 41 0E 03 D2
[ 8690.724s] FRAME (len=16): 10 00 11 00 08 00 00 00 01 00 04 00 00 00 34 99
[ 8690.724s] FRAME (len=12): 0C 00 11 00 00 00 00 00 01 00 61 76
[ 8690.724s] FRAME (len=12): 0C 00 11 00 0B 00 00 00 01 00 C3 B5
[ 8696.934s] TEXT: '...;.'
[ 8696.934s] TEXT: '.....'
[ 8696.934s] FRAME (len=56): 38 00 11 00 01 00 00 00 01 00 46 81 9E E3 00 1D 00 0F 20 00 00 0B 67 27 56 8B 00 00 00 00 00 00 61 07 73 62 24 00 05 00 00 88 00 00 98 00 9F 00 09 00 00 00 41 0E 03 D2
[ 8696.934s] FRAME (len=12): 0C 00 11 00 00 00 00 00 01 00 61 76
[ 8703.142s] TEXT: '...;.'
[ 8703.142s] TEXT: '.....'
[ 8703.142s] FRAME (len=56): 38 00 11 00 01 00 00 00 01 00 46 81 9E E3 00 1D 00 0F 20 00 00 0B 67 27 56 8B 00 00 00 00 00 00 61 07 73 62 24 00 05 00 00 88 00 00 98 00 9F 00 09 00 00 00 41 0E 03 D2
[ 8703.142s] FRAME (len=12): 0C 00 11 00 00 00 00 00 01 00 61 76
[ 8709.344s] TEXT: '...;.'
[ 8709.344s] TEXT: '.....'
[ 8709.344s] FRAME (len=56): 38 00 11 00 01 00 00 00 01 00 46 81 9E E3 00 1D 00 0F 20 00 00 0B 67 27 56 8B 00 00 00 00 00 00 61 07 73 62 24 00 05 00 00 88 00 00 98 00 9F 00 09 00 00 00 41 0E 03 D2
[ 8709.344s] FRAME (len=12): 0C 00 11 00 00 00 00 00 01 00 61 76
[ 8715.376s] TEXT: '...;.'
[ 8715.376s] FRAME (len=56): 38 00 11 00 01 00 00 00 01 00 00 12 4B 00 38 0D 16 FD 03 00 C9 08 69 27 31 3D D4 FF 64 00 EE 02 00 00 00 00 00 00 0A 04 00 00 00 00 00 00 06 01 00 00 00 00 00 00 D4 5D
[ 8715.577s] TEXT: '....TX succeeded...;.'
[ 8715.577s] TEXT: '.....'
[ 8715.577s] TEXT: '.....'
[ 8715.577s] FRAME (len=56): 38 00 11 00 01 00 00 00 01 00 46 81 9E E3 00 1D 00 0F 20 00 00 0B 67 27 56 B5 00 00 00 00 00 00 61 07 73 62 24 00 06 00 00 88 00 00 98 00 9F 00 09 00 00 00 2E 0E 2B C4
[ 8715.577s] FRAME (len=12): 0C 00 11 00 00 00 00 00 01 00 61 76
[ 8715.787s] FRAME (len=12): 0C 00 11 00 0B 00 00 00 01 00 C3 B5
[ 8721.794s] TEXT: '...;.'
[ 8721.794s] TEXT: '.....'
[ 8721.794s] FRAME (len=56): 38 00 11 00 01 00 00 00 01 00 46 81 9E E3 00 1D 00 0F 20 00 00 0B 67 27 56 B5 00 00 00 00 00 00 61 07 73 62 24 00 06 00 00 88 00 00 98 00 9F 00 09 00 00 00 2E 0E 2B C4
[ 8721.794s] FRAME (len=12): 0C 00 11 00 00 00 00 00 01 00 61 76
[ 8727.983s] TEXT: '...;.'
[ 8727.983s] TEXT: '.....'
[ 8727.983s] FRAME (len=56): 38 00 11 00 01 00 00 00 01 00 46 81 9E E3 00 1D 00 0F 20 00 00 0B 67 27 56 B5 00 00 00 00 00 00 61 07 73 62 24 00 06 00 00 88 00 00 98 00 9F 00 09 00 00 00 2E 0E 2B C4
[ 8727.983s] FRAME (len=12): 0C 00 11 00 00 00 00 00 01 00 61 76
[ 8734.189s] TEXT: '...;.'
[ 8734.189s] TEXT: '.....'
[ 8734.189s] FRAME (len=56): 38 00 11 00 01 00 00 00 01 00 46 81 9E E3 00 1D 00 0F 20 00 00 0B 67 27 56 B5 00 00 00 00 00 00 61 07 73 62 24 00 06 00 00 88 00 00 98 00 9F 00 09 00 00 00 2E 0E 2B C4
[ 8734.189s] FRAME (len=12): 0C 00 11 00 00 00 00 00 01 00 61 76
[ 8740.624s] TEXT: '...;.'
[ 8740.624s] TEXT: '.....'
[ 8740.624s] TEXT: '.....'
[ 8740.624s] FRAME (len=56): 38 00 11 00 01 00 00 00 01 00 46 81 9E E3 00 1D 00 0F 20 00 FF 0A 67 27 56 A1 00 00 00 00 00 00 61 07 73 62 24 00 05 00 00 88 00 00 98 00 9F 00 09 00 00 00 41 0E 2A E0
[ 8740.624s] FRAME (len=12): 0C 00 11 00 00 00 00 00 01 00 61 76
[ 8740.624s] FRAME (len=12): 0C 00 11 00 0B 00 00 00 01 00 C3 B5
[ 8741.034s] TEXT: '...;.'
[ 8741.034s] FRAME (len=56): 38 00 11 00 01 00 00 00 01 00 00 12 4B 00 38 0D 16 FD 03 00 CA 08 69 27 31 41 D4 FF 64 00 EE 02 00 00 00 00 00 00 0A 04 00 00 00 00 00 00 06 01 00 00 00 00 00 00 59 33
[ 8746.596s] TEXT: '....TX succeeded...;.'
[ 8746.596s] TEXT: '.....'
[ 8746.596s] FRAME (len=55): 38 00 11 00 01 00 00 00 01 00 46 81 9E E3 00 1D 00 0F 20 00 FF A1 D6 92 55 03 00 00 00 00 00 61 07 73 62 24 00 05 00 00 88 00 00 98 00 9F 00 09 00 00 00 41 0E 2A E0
[ 8746.596s] FRAME (len=12): 0C 00 11 00 00 00 00 00 01 00 61 76
[ 8752.822s] TEXT: '...;.'
[ 8752.822s] TEXT: '.....'
[ 8752.822s] FRAME (len=56): 38 00 11 00 01 00 00 00 01 00 46 81 9E E3 00 1D 00 0F 20 00 FF 0A 67 27 56 A1 00 00 00 00 00 00 61 07 73 62 24 00 05 00 00 88 00 00 98 00 9F 00 09 00 00 00 41 0E 2A E0
[ 8752.822s] FRAME (len=12): 0C 00 11 00 00 00 00 00 01 00 61 76
[ 8759.042s] TEXT: '...;.'
[ 8759.042s] TEXT: '.....'
[ 8759.042s] FRAME (len=56): 38 00 11 00 01 00 00 00 01 00 46 81 9E E3 00 1D 00 0F 20 00 FF 0A 67 27 56 A1 00 00 00 00 00 00 61 07 73 62 24 00 05 00 00 88 00 00 98 00 9F 00 09 00 00 00 41 0E 2A E0
[ 8759.042s] FRAME (len=12): 0C 00 11 00 00 00 00 00 01 00 61 76
[ 8765.480s] TEXT: '...;.'
[ 8765.480s] TEXT: '.....'
[ 8765.480s] TEXT: '.....'
[ 8765.480s] TEXT: '.....'
[ 8765.480s] FRAME (len=56): 38 00 11 00 01 00 00 00 01 00 46 81 9E E3 00 1D 00 0F 20 00 07 0B 67 27 55 AF 00 00 00 00 00 00 61 07 73 62 24 00 05 00 00 88 00 00 98 00 9F 00 09 00 00 00 54 0E F8 CD
[ 8765.480s] FRAME (len=16): 10 00 11 00 08 00 00 00 01 00 04 00 00 00 34 99
[ 8765.480s] FRAME (len=12): 0C 00 11 00 00 00 00 00 01 00 61 76
[ 8765.480s] FRAME (len=12): 0C 00 11 00 0B 00 00 00 01 00 C3 B5
[ 8766.717s] TEXT: '...;.'
[ 8766.717s] FRAME (len=56): 38 00 11 00 01 00 00 00 01 00 00 12 4B 00 38 0D 16 FD 03 00 CA 08 69 27 31 79 D4 FF 64 00 EE 02 00 00 00 00 00 00 0A 04 00 00 00 00 00 00 06 01 00 00 00 00 00 00 3E D4
[ 8771.466s] TEXT: '....TX succeeded...;.'
[ 8771.466s] TEXT: '.....'
[ 8771.466s] FRAME (len=56): 38 00 11 00 01 00 00 00 01 00 46 81 9E E3 00 1D 00 0F 20 00 07 0B 67 27 55 AF 00 00 00 00 00 00 61 07 73 62 24 00 05 00 00 88 00 00 98 00 9F 00 09 00 00 00 54 0E F8 CD
[ 8771.466s] FRAME (len=12): 0C 00 11 00 00 00 00 00 01 00 61 76
[ 8777.683s] TEXT: '...;.'
[ 8777.683s] TEXT: '.....'
[ 8777.683s] FRAME (len=56): 38 00 11 00 01 00 00 00 01 00 46 81 9E E3 00 1D 00 0F 20 00 07 0B 67 27 55 AF 00 00 00 00 00 00 61 07 73 62 24 00 05 00 00 88 00 00 98 00 9F 00 09 00 00 00 54 0E F8 CD
[ 8777.683s] FRAME (len=12): 0C 00 11 00 00 00 00 00 01 00 61 76
[ 8783.888s] TEXT: '...;.'
[ 8783.888s] TEXT: '.....'
[ 8783.888s] FRAME (len=56): 38 00 11 00 01 00 00 00 01 00 46 81 9E E3 00 1D 00 0F 20 00 07 0B 67 27 55 AF 00 00 00 00 00 00 61 07 73 62 24 00 05 00 00 88 00 00 98 00 9F 00 09 00 00 00 54 0E F8 CD
[ 8783.888s] FRAME (len=12): 0C 00 11 00 00 00 00 00 01 00 61 76
[ 8790.322s] TEXT: '...;.'
[ 8790.322s] TEXT: '.....'
[ 8790.322s] TEXT: '.....'
[ 8790.322s] FRAME (len=56): 38 00 11 00 01 00 00 00 01 00 46 81 9E E3 00 1D 00 0F 20 00 13 0B 67 27 56 91 00 00 00 00 00 00 61 07 73 62 24 00 05 00 00 88 00 00 98 00 9F 00 09 00 00 00 41 0E 81 CC
[ 8790.322s] FRAME (len=12): 0C 00 11 00 00 00 00 00 01 00 61 76
[ 8790.322s] FRAME (len=12): 0C 00 11 00 0B 00 00 00 01 00 C3 B5
[ 8792.399s] TEXT: '...;.'
[ 8792.399s] FRAME (len=56): 38 00 11 00 01 00 00 00 01 00 00 12 4B 00 38 0D 16 FD 03 00 CA 08 69 27 31 55 D4 FF 64 00 EE 02 00 00 00 00 00 00 0A 04 00 00 00 00 00 00 06 01 00 00 00 00 00 00 2D 3F
[ 8796.322s] TEXT: '....TX succeeded...;.'
[ 8796.322s] TEXT: '.....'
[ 8796.322s] FRAME (len=56): 38 00 11 00 01 00 00 00 01 00 46 81 9E E3 00 1D 00 0F 20 00 13 0B 67 27 56 91 00 00 00 00 00 00 61 07 73 62 24 00 05 00 00 88 00 00 98 00 9F 00 09 00 00 00 41 0E 81 CC
[ 8796.322s] FRAME (len=12): 0C 00 11 00 00 00 00 00 01 00 61 76
[ 8802.508s] TEXT: '...;.'
[ 8802.508s] TEXT: '.....'
[ 8802.508s] FRAME (len=56): 38 00 11 00 01 00 00 00 01 00 46 81 9E E3 00 1D 00 0F 20 00 13 0B 67 27 56 91 00 00 00 00 00 00 61 07 73 62 24 00 05 00 00 88 00 00 98 00 9F 00 09 00 00 00 41 0E 81 CC
[ 8802.508s] FRAME (len=12): 0C 00 11 00 00 00 00 00 01 00 61 76
[ 8808.740s] TEXT: '...;.'
[ 8808.740s] TEXT: '.....'
[ 8808.740s] FRAME (len=56): 38 00 11 00 01 00 00 00 01 00 46 81 9E E3 00 1D 00 0F 20 00 13 0B 67 27 56 91 00 00 00 00 00 00 61 07 73 62 24 00 05 00 00 88 00 00 98 00 9F 00 09 00 00 00 41 0E 81 CC
[ 8808.740s] FRAME (len=12): 0C 00 11 00 00 00 00 00 01 00 61 76
[ 8815.155s] TEXT: '...;.'
[ 8815.155s] TEXT: '.....'
[ 8815.155s] TEXT: '.....'
[ 8815.155s] FRAME (len=56): 38 00 11 00 01 00 00 00 01 00 46 81 9E E3 00 1D 00 0F 20 00 08 0B 67 27 55 B7 00 00 00 00 00 00 61 07 73 62 24 00 05 00 00 88 00 00 98 00 9F 00 09 00 00 00 54 0E 94 80
[ 8815.155s] FRAME (len=12): 0C 00 11 00 00 00 00 00 01 00 61 76
[ 8815.155s] FRAME (len=12): 0C 00 11 00 0B 00 00 00 01 00 C3 B5
[ 8819.089s] TEXT: '...;.'
[ 8819.089s] FRAME (len=56): 38 00 11 00 01 00 00 00 01 00 00 12 4B 00 38 0D 16 FD 03 00 C9 08 69 27 31 4D D4 FF 64 00 EE 02 00 00 00 00 00 00 0A 04 00 00 00 00 00 00 06 01 00 00 00 00 00 00 3B 83
[ 8821.162s] TEXT: '....TX succeeded...;.'
[ 8821.162s] TEXT: '.....'
[ 8821.162s] FRAME (len=56): 38 00 11 00 01 00 00 00 01 00 46 81 9E E3 00 1D 00 0F 20 00 08 0B 67 27 55 B7 00 00 00 00 00 00 61 07 73 62 24 00 05 00 00 88 00 00 98 00 9F 00 09 00 00 00 54 0E 94 80
[ 8821.162s] FRAME (len=12): 0C 00 11 00 00 00 00 00 01 00 61 76
[ 8827.367s] TEXT: '...;.'
[ 8827.367s] TEXT: '.....'
[ 8827.367s] FRAME (len=56): 38 00 11 00 01 00 00 00 01 00 46 81 9E E3 00 1D 00 0F 20 00 08 0B 67 27 55 B7 00 00 00 00 00 00 61 07 73 62 24 00 05 00 00 88 00 00 98 00 9F 00 09 00 00 00 54 0E 94 80
[ 8827.367s] FRAME (len=12): 0C 00 11 00 00 00 00 00 01 00 61 76
[ 8833.562s] TEXT: '...;.'
[ 8833.562s] TEXT: '.....'
[ 8833.562s] FRAME (len=56): 38 00 11 00 01 00 00 00 01 00 46 81 9E E3 00 1D 00 0F 20 00 08 0B 67 27 55 B7 00 00 00 00 00 00 61 07 73 62 24 00 05 00 00 88 00 00 98 00 9F 00 09 00 00 00 54 0E 94 80
[ 8833.562s] FRAME (len=12): 0C 00 11 00 00 00 00 00 01 00 61 76
[ 8839.988s] TEXT: '...;.'
[ 8839.988s] TEXT: '.....'
[ 8839.988s] TEXT: '.....'
[ 8839.988s] FRAME (len=56): 38 00 11 00 01 00 00 00 01 00 46 81 9E E3 00 1D 00 0F 20 00 0B 0B 67 27 55 97 00 00 00 00 00 00 61 07 73 62 24 00 06 00 00 88 00 00 98 00 9F 00 09 00 00 00 2E 0E 3A D4
[ 8839.988s] FRAME (len=12): 0C 00 11 00 00 00 00 00 01 00 61 76
[ 8839.988s] FRAME (len=12): 0C 00 11 00 0B 00 00 00 01 00 C3 B5
[ 8844.777s] TEXT: '...;.'
[ 8844.777s] FRAME (len=56): 38 00 11 00 01 00 00 00 01 00 00 12 4B 00 38 0D 16 FD 03 00 CA 08 69 27 31 5D D4 FF 64 00 EE 02 00 00 00 00 00 00 0A 04 00 00 00 00 00 00 06 01 00 00 00 00 00 00 FA C8
[ 8846.028s] TEXT: '....TX succeeded...;.'
[ 8846.028s] TEXT: '.....'
[ 8846.028s] FRAME (len=56): 38 00 11 00 01 00 00 00 01 00 46 81 9E E3 00 1D 00 0F 20 00 0B 0B 67 27 55 97 00 00 00 00 00 00 61 07 73 62 24 00 06 00 00 88 00 00 98 00 9F 00 09 00 00 00 2E 0E 3A D4
[ 8846.028s] FRAME (len=12): 0C 00 11 00 00 00 00 00 01 00 61 76
[ 8852.230s] TEXT: '...;.'
[ 8852.230s] TEXT: '.....'
[ 8852.230s] FRAME (len=56): 38 00 11 00 01 00 00 00 01 00 46 81 9E E3 00 1D 00 0F 20 00 0B 0B 67 27 55 97 00 00 00 00 00 00 61 07 73 62 24 00 06 00 00 88 00 00 98 00 9F 00 09 00 00 00 2E 0E 3A D4
[ 8852.230s] FRAME (len=12): 0C 00 11 00 00 00 00 00 01 00 61 76
[ 8858.431s] TEXT: '...;.'
[ 8858.431s] TEXT: '.....'
[ 8858.431s] FRAME (len=56): 38 00 11 00 01 00 00 00 01 00 46 81 9E E3 00 1D 00 0F 20 00 0B 0B 67 27 55 97 00 00 00 00 00 00 61 07 73 62 24 00 06 00 00 88 00 00 98 00 9F 00 09 00 00 00 2E 0E 3A D4
[ 8858.431s] FRAME (len=12): 0C 00 11 00 00 00 00 00 01 00 61 76
[ 8864.830s] TEXT: '...;.'
[ 8864.830s] TEXT: '.....'
[ 8864.830s] TEXT: '.....'
[ 8864.830s] FRAME (len=56): 38 00 11 00 01 00 00 00 01 00 46 81 9E E3 00 1D 00 0F 20 00 05 0B 67 27 56 BD 00 00 00 00 00 00 61 07 73 62 24 00 06 00 00 88 00 00 98 00 9F 00 09 00 00 00 41 0E 1B E4
[ 8864.830s] FRAME (len=12): 0C 00 11 00 00 00 00 00 01 00 61 76
[ 8864.830s] FRAME (len=12): 0C 00 11 00 0B 00 00 00 01 00 C3 B5
[ 8870.449s] TEXT: '...;.'
[ 8870.449s] FRAME (len=56): 38 00 11 00 01 00 00 00 01 00 00 12 4B 00 38 0D 16 FD 03 00 CB 08 69 27 31 71 D4 FF 64 00 EE 02 00 00 00 00 00 00 0A 04 00 00 00 00 00 00 06 01 00 00 00 00 00 00 CC BF
[ 8870.862s] TEXT: '....TX succeeded...;.'
[ 8870.862s] TEXT: '.....'
[ 8870.862s] FRAME (len=56): 38 00 11 00 01 00 00 00 01 00 46 81 9E E3 00 1D 00 0F 20 00 05 0B 67 27 56 BD 00 00 00 00 00 00 61 07 73 62 24 00 06 00 00 88 00 00 98 00 9F 00 09 00 00 00 41 0E 1B E4
[ 8870.862s] FRAME (len=12): 0C 00 11 00 00 00 00 00 01 00 61 76
[ 8877.082s] TEXT: '...;.'
[ 8877.082s] TEXT: '.....'
[ 8877.082s] FRAME (len=56): 38 00 11 00 01 00 00 00 01 00 46 81 9E E3 00 1D 00 0F 20 00 05 0B 67 27 56 BD 00 00 00 00 00 00 61 07 73 62 24 00 06 00 00 88 00 00 98 00 9F 00 09 00 00 00 41 0E 1B E4
[ 8877.082s] FRAME (len=12): 0C 00 11 00 00 00 00 00 01 00 61 76
[ 8883.288s] TEXT: '...;.'
[ 8883.288s] TEXT: '.....'
[ 8883.288s] FRAME (len=56): 38 00 11 00 01 00 00 00 01 00 46 81 9E E3 00 1D 00 0F 20 00 05 0B 67 27 56 BD 00 00 00 00 00 00 61 07 73 62 24 00 06 00 00 88 00 00 98 00 9F 00 09 00 00 00 41 0E 1B E4
[ 8883.288s] FRAME (len=12): 0C 00 11 00 00 00 00 00 01 00 61 76
[ 8889.722s] TEXT: '...;.'
[ 8889.722s] TEXT: '.....'
[ 8889.722s] TEXT: '.....'
[ 8889.722s] TEXT: '.....'
[ 8889.722s] FRAME (len=56): 38 00 11 00 01 00 00 00 01 00 46 81 9E E3 00 1D 00 0F 20 00 01 0B 67 27 55 C9 00 00 00 00 00 00 61 07 73 62 24 00 05 00 00 88 00 00 98 00 9F 00 09 00 00 00 54 0E 33 96
[ 8889.722s] FRAME (len=16): 10 00 11 00 08 00 00 00 01 00 04 00 00 00 34 99
[ 8889.722s] FRAME (len=12): 0C 00 11 00 00 00 00 00 01 00 61 76
[ 8889.722s] FRAME (len=12): 0C 00 11 00 0B 00 00 00 01 00 C3 B5
[ 8895.715s] TEXT: '...;.'
[ 8895.715s] FRAME (len=56): 38 00 11 00 01 00 00 00 01 00 46 81 9E E3 00 1D 00 0F 20 00 01 0B 67 27 55 C9 00 00 00 00 00 00 61 07 73 62 24 00 05 00 00 88 00 00 98 00 9F 00 09 00 00 00 54 0E 33 96
[ 8895.919s] TEXT: '.....'
[ 8895.919s] FRAME (len=12): 0C 00 11 00 00 00 00 00 01 00 61 76
[ 8896.122s] TEXT: '...;.'
[ 8896.122s] FRAME (len=56): 38 00 11 00 01 00 00 00 01 00 00 12 4B 00 38 0D 16 FD 03 00 CB 08 69 27 31 05 D4 FF 64 00 EE 02 00 00 00 00 00 00 0A 04 00 00 00 00 00 00 06 01 00 00 00 00 00 00 D8 92
[ 8901.945s] TEXT: '....TX succeeded...;.'
[ 8901.945s] TEXT: '.....'
[ 8901.945s] FRAME (len=56): 38 00 11 00 01 00 00 00 01 00 46 81 9E E3 00 1D 00 0F 20 00 01 0B 67 27 55 C9 00 00 00 00 00 00 61 07 73 62 24 00 05 00 00 88 00 00 98 00 9F 00 09 00 00 00 54 0E 33 96
[ 8901.945s] FRAME (len=12): 0C 00 11 00 00 00 00 00 01 00 61 76
[ 8908.163s] TEXT: '...;.'
[ 8908.163s] TEXT: '.....'
[ 8908.163s] FRAME (len=56): 38 00 11 00 01 00 00 00 01 00 46 81 9E E3 00 1D 00 0F 20 00 01 0B 67 27 55 C9 00 00 00 00 00 00 61 07 73 62 24 00 05 00 00 88 00 00 98 00 9F 00 09 00 00 00 54 0E 33 96
[ 8908.163s] FRAME (len=12): 0C 00 11 00 00 00 00 00 01 00 61 76
[ 8914.594s] TEXT: '...;.'
[ 8914.594s] TEXT: '.....'
[ 8914.594s] TEXT: '.....'
[ 8914.594s] TEXT: '.....'
[ 8914.594s] FRAME (len=56): 38 00 11 00 01 00 00 00 01 00 46 81 9E E3 00 1D 00 0F 20 00 04 0B 67 27 56 CD 00 00 00 00 00 00 61 07 73 62 24 00 05 00 00 88 00 00 98 00 9F 00 09 00 00 00 1B 0E E8 AF
[ 8914.594s] FRAME (len=16): 10 00 11 00 08 00 00 00 01 00 04 00 00 00 34 99
[ 8914.594s] FRAME (len=12): 0C 00 11 00 00 00 00 00 01 00 61 76
[ 8914.594s] FRAME (len=12): 0C 00 11 00 0B 00 00 00 01 00 C3 B5
[ 8920.609s] TEXT: '...;.'
[ 8920.609s] TEXT: '.....'
[ 8920.609s] FRAME (len=56): 38 00 11 00 01 00 00 00 01 00 46 81 9E E3 00 1D 00 0F 20 00 04 0B 67 27 56 CD 00 00 00 00 00 00 61 07 73 62 24 00 05 00 00 88 00 00 98 00 9F 00 09 00 00 00 1B 0E E8 AF
[ 8920.609s] FRAME (len=12): 0C 00 11 00 00 00 00 00 01 00 61 76
[ 8921.639s] TEXT: '...;.'
[ 8921.845s] FRAME (len=56): 38 00 11 00 01 00 00 00 01 00 00 12 4B 00 38 0D 16 FD 03 00 CA 08 69 27 31 1D D4 FF 64 00 EE 02 00 00 00 00 00 00 0A 04 00 00 00 00 00 00 06 01 00 00 00 00 00 00 A5 06
[ 8926.815s] TEXT: '....TX succeeded...;.'
[ 8926.815s] TEXT: '.....'
[ 8926.815s] FRAME (len=56): 38 00 11 00 01 00 00 00 01 00 46 81 9E E3 00 1D 00 0F 20 00 04 0B 67 27 56 CD 00 00 00 00 00 00 61 07 73 62 24 00 05 00 00 88 00 00 98 00 9F 00 09 00 00 00 1B 0E E8 AF
[ 8926.815s] FRAME (len=12): 0C 00 11 00 00 00 00 00 01 00 61 76
[ 8933.032s] TEXT: '...;.'
[ 8933.032s] TEXT: '.....'
[ 8933.032s] FRAME (len=56): 38 00 11 00 01 00 00 00 01 00 46 81 9E E3 00 1D 00 0F 20 00 04 0B 67 27 56 CD 00 00 00 00 00 00 61 07 73 62 24 00 05 00 00 88 00 00 98 00 9F 00 09 00 00 00 1B 0E E8 AF
[ 8933.032s] FRAME (len=12): 0C 00 11 00 00 00 00 00 01 00 61 76
[ 8939.417s] TEXT: '...;.'
[ 8939.417s] TEXT: '.....'
[ 8939.417s] TEXT: '.....'
[ 8939.417s] TEXT: '.....'
[ 8939.417s] FRAME (len=56): 38 00 11 00 01 00 00 00 01 00 46 81 9E E3 00 1D 00 0F 20 00 00 0B 67 27 56 BD 00 00 00 00 00 00 61 07 73 62 24 00 06 00 00 88 00 00 98 00 9F 00 09 00 00 00 1B 0E 9C C9
[ 8939.417s] FRAME (len=16): 10 00 11 00 08 00 00 00 01 00 04 00 00 00 34 99
[ 8939.417s] FRAME (len=12): 0C 00 11 00 00 00 00 00 01 00 61 76
[ 8939.417s] FRAME (len=12): 0C 00 11 00 0B 00 00 00 01 00 C3 B5
[ 8945.625s] TEXT: '...;.'
[ 8945.625s] TEXT: '.....'
[ 8945.625s] FRAME (len=56): 38 00 11 00 01 00 00 00 01 00 46 81 9E E3 00 1D 00 0F 20 00 00 0B 67 27 56 BD 00 00 00 00 00 00 61 07 73 62 24 00 06 00 00 88 00 00 98 00 9F 00 09 00 00 00 1B 0E 9C C9
[ 8945.625s] FRAME (len=12): 0C 00 11 00 00 00 00 00 01 00 61 76
[ 8947.504s] TEXT: '...;.'
[ 8947.504s] FRAME (len=56): 38 00 11 00 01 00 00 00 01 00 00 12 4B 00 38 0D 16 FD 03 00 CB 08 69 27 31 1D D4 FF 64 00 EE 02 00 00 00 00 00 00 0A 04 00 00 00 00 00 00 06 01 00 00 00 00 00 00 80 9A
[ 8951.638s] TEXT: '....TX failed: 0xc....TX failed: 0xc...;.'
[ 8951.638s] FRAME (len=56): 38 00 11 00 01 00 00 00 01 00 46 81 9E E3 00 1D 00 0F 20 00 00 0B 67 27 56 BD 00 00 00 00 00 00 61 07 73 62 24 00 06 00 00 88 00 00 98 00 9F 00 09 00 00 00 1B 0E 9C C9
[ 8951.845s] TEXT: '.....'
[ 8951.845s] FRAME (len=12): 0C 00 11 00 00 00 00 00 01 00 61 76
[ 8957.851s] TEXT: '...;.'
[ 8957.851s] TEXT: '.....'
[ 8957.851s] FRAME (len=56): 38 00 11 00 01 00 00 00 01 00 46 81 9E E3 00 1D 00 0F 20 00 00 0B 67 27 56 BD 00 00 00 00 00 00 61 07 73 62 24 00 06 00 00 88 00 00 98 00 9F 00 09 00 00 00 1B 0E 9C C9
[ 8957.851s] FRAME (len=12): 0C 00 11 00 00 00 00 00 01 00 61 76
[ 8964.268s] TEXT: '...;.'
[ 8964.268s] TEXT: '.....'
[ 8964.268s] TEXT: '.....'
[ 8964.268s] TEXT: '.....'
[ 8964.268s] FRAME (len=56): 38 00 11 00 01 00 00 00 01 00 46 81 9E E3 00 1D 00 0F 20 00 07 0B 68 27 56 81 00 00 00 00 00 00 61 07 73 62 24 00 06 00 00 88 00 00 98 00 9F 00 09 00 00 00 1B 0E 19 4D
[ 8964.268s] FRAME (len=16): 10 00 11 00 08 00 00 00 01 00 04 00 00 00 34 99
[ 8964.268s] FRAME (len=12): 0C 00 11 00 00 00 00 00 01 00 61 76
[ 8964.268s] FRAME (len=12): 0C 00 11 00 0B 00 00 00 01 00 C3 B5
[ 8970.450s] TEXT: '...;.'
[ 8970.450s] TEXT: '.....'
[ 8970.450s] FRAME (len=56): 38 00 11 00 01 00 00 00 01 00 46 81 9E E3 00 1D 00 0F 20 00 07 0B 68 27 56 81 00 00 00 00 00 00 61 07 73 62 24 00 06 00 00 88 00 00 98 00 9F 00 09 00 00 00 1B 0E 19 4D
[ 8970.450s] FRAME (len=12): 0C 00 11 00 00 00 00 00 01 00 61 76
[ 8974.180s] TEXT: '...;.'
[ 8974.180s] FRAME (len=56): 38 00 11 00 01 00 00 00 01 00 00 12 4B 00 38 0D 16 FD 03 00 CB 08 6A 27 31 0D D4 FF 64 00 EE 02 00 00 00 00 00 00 0A 04 00 00 00 00 00 00 06 01 00 00 00 00 00 00 C5 8E
[ 8976.679s] TEXT: '....TX succeeded...;.'
[ 8976.679s] TEXT: '.....'
[ 8976.679s] FRAME (len=56): 38 00 11 00 01 00 00 00 01 00 46 81 9E E3 00 1D 00 0F 20 00 07 0B 68 27 56 81 00 00 00 00 00 00 61 07 73 62 24 00 06 00 00 88 00 00 98 00 9F 00 09 00 00 00 1B 0E 19 4D
[ 8976.679s] FRAME (len=12): 0C 00 11 00 00 00 00 00 01 00 61 76
[ 8982.868s] TEXT: '...;.'
[ 8982.868s] TEXT: '.....'
[ 8982.868s] FRAME (len=56): 38 00 11 00 01 00 00 00 01 00 46 81 9E E3 00 1D 00 0F 20 00 07 0B 68 27 56 81 00 00 00 00 00 00 61 07 73 62 24 00 06 00 00 88 00 00 98 00 9F 00 09 00 00 00 1B 0E 19 4D
[ 8982.868s] FRAME (len=12): 0C 00 11 00 00 00 00 00 01 00 61 76
[ 8989.093s] TEXT: '...;.'
[ 8989.303s] TEXT: '.....'
[ 8989.303s] TEXT: '.....'
[ 8989.303s] TEXT: '.....'
[ 8989.303s] FRAME (len=56): 38 00 11 00 01 00 00 00 01 00 46 81 9E E3 00 1D 00 0F 20 00 F9 0A 67 27 56 B5 00 00 00 00 00 00 61 07 73 62 24 00 05 00 00 88 00 00 98 00 9F 00 09 00 00 00 41 0E E3 94
[ 8989.303s] FRAME (len=16): 10 00 11 00 08 00 00 00 01 00 04 00 00 00 34 99
[ 8989.303s] FRAME (len=12): 0C 00 11 00 00 00 00 00 01 00 61 76
[ 8989.303s] FRAME (len=12): 0C 00 11 00 0B 00 00 00 01 00 C3 B5
[ 8995.318s] TEXT: '...;.'
[ 8995.318s] TEXT: '.....'
[ 8995.318s] FRAME (len=56): 38 00 11 00 01 00 00 00 01 00 46 81 9E E3 00 1D 00 0F 20 00 F9 0A 67 27 56 B5 00 00 00 00 00 00 61 07 73 62 24 00 05 00 00 88 00 00 98 00 9F 00 09 00 00 00 41 0E E3 94
[ 8995.318s] FRAME (len=12): 0C 00 11 00 00 00 00 00 01 00 61 76
[ 8999.861s] TEXT: '...;.'
[ 8999.861s] FRAME (len=56): 38 00 11 00 01 00 00 00 01 00 00 12 4B 00 38 0D 16 FD 03 00 CB 08 69 27 31 19 D4 FF 64 00 EE 02 00 00 00 00 00 00 0A 04 00 00 00 00 00 00 06 01 00 00 00 00 00 00 7B 69
[ 9001.517s] TEXT: '....TX succeeded...;.'
[ 9001.517s] TEXT: '.....'
[ 9001.517s] FRAME (len=56): 38 00 11 00 01 00 00 00 01 00 46 81 9E E3 00 1D 00 0F 20 00 F9 0A 67 27 56 B5 00 00 00 00 00 00 61 07 73 62 24 00 05 00 00 88 00 00 98 00 9F 00 09 00 00 00 41 0E E3 94
[ 9001.517s] FRAME (len=12): 0C 00 11 00 00 00 00 00 01 00 61 76
[ 9007.738s] TEXT: '...;.'
[ 9007.738s] TEXT: '.....'
[ 9007.738s] FRAME (len=56): 38 00 11 00 01 00 00 00 01 00 46 81 9E E3 00 1D 00 0F 20 00 F9 0A 67 27 56 B5 00 00 00 00 00 00 61 07 73 62 24 00 05 00 00 88 00 00 98 00 9F 00 09 00 00 00 41 0E E3 94
[ 9007.738s] FRAME (len=12): 0C 00 11 00 00 00 00 00 01 00 61 76
[ 9013.958s] TEXT: '...;.'
[ 9014.166s] TEXT: '.....'
[ 9014.166s] TEXT: '.....'
[ 9014.166s] TEXT: '.....'
[ 9014.166s] FRAME (len=56): 38 00 11 00 01 00 00 00 01 00 46 81 9E E3 00 1D 00 0F 20 00 02 0B 68 27 56 95 00 00 00 00 00 00 61 07 73 62 24 00 06 00 00 88 00 00 98 00 9F 00 09 00 00 00 2E 0E FE 77
[ 9014.166s] FRAME (len=16): 10 00 11 00 08 00 00 00 01 00 04 00 00 00 34 99
[ 9014.166s] FRAME (len=12): 0C 00 11 00 00 00 00 00 01 00 61 76
[ 9014.166s] FRAME (len=12): 0C 00 11 00 0B 00 00 00 01 00 C3 B5
[ 9020.151s] TEXT: '...;.'
[ 9020.151s] TEXT: '.....'
[ 9020.151s] FRAME (len=56): 38 00 11 00 01 00 00 00 01 00 46 81 9E E3 00 1D 00 0F 20 00 02 0B 68 27 56 95 00 00 00 00 00 00 61 07 73 62 24 00 06 00 00 88 00 00 98 00 9F 00 09 00 00 00 2E 0E FE 77
[ 9020.151s] FRAME (len=12): 0C 00 11 00 00 00 00 00 01 00 61 76
[ 9025.519s] TEXT: '...;.'
[ 9025.519s] FRAME (len=56): 38 00 11 00 01 00 00 00 01 00 00 12 4B 00 38 0D 16 FD 03 00 CB 08 6A 27 31 25 D4 FF 64 00 EE 02 00 00 00 00 00 00 0A 04 00 00 00 00 00 00 06 01 00 00 00 00 00 00 2D 96
[ 9026.351s] TEXT: '....TX succeeded...;.'
[ 9026.351s] TEXT: '.....'
[ 9026.351s] FRAME (len=56): 38 00 11 00 01 00 00 00 01 00 46 81 9E E3 00 1D 00 0F 20 00 02 0B 68 27 56 95 00 00 00 00 00 00 61 07 73 62 24 00 06 00 00 88 00 00 98 00 9F 00 09 00 00 00 2E 0E FE 77
[ 9026.351s] FRAME (len=12): 0C 00 11 00 00 00 00 00 01 00 61 76
[ 9032.567s] TEXT: '...;.'
[ 9032.567s] TEXT: '.....'
[ 9032.567s] FRAME (len=56): 38 00 11 00 01 00 00 00 01 00 46 81 9E E3 00 1D 00 0F 20 00 02 0B 68 27 56 95 00 00 00 00 00 00 61 07 73 62 24 00 06 00 00 88 00 00 98 00 9F 00 09 00 00 00 2E 0E FE 77
[ 9032.567s] FRAME (len=12): 0C 00 11 00 00 00 00 00 01 00 61 76
[ 9038.989s] TEXT: '...;.'
[ 9038.989s] TEXT: '.....'
[ 9038.989s] TEXT: '.....'
[ 9038.989s] TEXT: '.....'
[ 9038.989s] FRAME (len=56): 38 00 11 00 01 00 00 00 01 00 46 81 9E E3 00 1D 00 0F 20 00 FA 0A 68 27 56 83 00 00 00 00 00 00 61 07 73 62 24 00 06 00 00 88 00 00 98 00 9F 00 09 00 00 00 41 0E C7 AE
[ 9038.989s] FRAME (len=16): 10 00 11 00 08 00 00 00 01 00 04 00 00 00 34 99
[ 9038.989s] FRAME (len=12): 0C 00 11 00 00 00 00 00 01 00 61 76
[ 9038.989s] FRAME (len=12): 0C 00 11 00 0B 00 00 00 01 00 C3 B5
[ 9045.003s] TEXT: '...;.'
[ 9045.003s] TEXT: '.....'
[ 9045.003s] FRAME (len=56): 38 00 11 00 01 00 00 00 01 00 46 81 9E E3 00 1D 00 0F 20 00 FA 0A 68 27 56 83 00 00 00 00 00 00 61 07 73 62 24 00 06 00 00 88 00 00 98 00 9F 00 09 00 00 00 41 0E C7 AE
[ 9045.003s] FRAME (len=12): 0C 00 11 00 00 00 00 00 01 00 61 76
[ 9051.025s] TEXT: '...;.'
[ 9051.025s] FRAME (len=56): 38 00 11 00 01 00 00 00 01 00 00 12 4B 00 38 0D 16 FD 03 00 CC 08 6A 27 31 3D D4 FF 64 00 EE 02 00 00 00 00 00 00 0A 04 00 00 00 00 00 00 06 01 00 00 00 00 00 00 ED 7A
[ 9051.233s] TEXT: '....TX succeeded...;.'
[ 9051.233s] TEXT: '.....'
[ 9051.233s] FRAME (len=56): 38 00 11 00 01 00 00 00 01 00 46 81 9E E3 00 1D 00 0F 20 00 FA 0A 68 27 56 83 00 00 00 00 00 00 61 07 73 62 24 00 06 00 00 88 00 00 98 00 9F 00 09 00 00 00 41 0E C7 AE
[ 9051.233s] FRAME (len=12): 0C 00 11 00 00 00 00 00 01 00 61 76
[ 9057.459s] TEXT: '...;.'
[ 9057.459s] TEXT: '.....'
[ 9057.459s] FRAME (len=56): 38 00 11 00 01 00 00 00 01 00 46 81 9E E3 00 1D 00 0F 20 00 FA 0A 68 27 56 83 00 00 00 00 00 00 61 07 73 62 24 00 06 00 00 88 00 00 98 00 9F 00 09 00 00 00 41 0E C7 AE
[ 9057.459s] FRAME (len=12): 0C 00 11 00 00 00 00 00 01 00 61 76
[ 9063.872s] TEXT: '...;.'
[ 9063.872s] TEXT: '.....'
[ 9063.872s] TEXT: '.....'
[ 9063.872s] FRAME (len=56): 38 00 11 00 01 00 00 00 01 00 46 81 9E E3 00 1D 00 0F 20 00 FA 0A 67 27 56 BF 00 00 00 00 00 00 61 07 73 62 24 00 05 00 00 88 00 00 98 00 9F 00 09 00 00 00 41 0E 97 26
[ 9063.872s] FRAME (len=12): 0C 00 11 00 00 00 00 00 01 00 61 76
[ 9063.872s] FRAME (len=12): 0C 00 11 00 0B 00 00 00 01 00 C3 B5
[ 9069.863s] TEXT: '...;.'
[ 9069.863s] TEXT: '.....'
[ 9069.863s] FRAME (len=56): 38 00 11 00 01 00 00 00 01 00 46 81 9E E3 00 1D 00 0F 20 00 FA 0A 67 27 56 BF 00 00 00 00 00 00 61 07 73 62 24 00 05 00 00 88 00 00 98 00 9F 00 09 00 00 00 41 0E 97 26
[ 9069.863s] FRAME (len=12): 0C 00 11 00 00 00 00 00 01 00 61 76
[ 9076.042s] TEXT: '...;.'
[ 9076.042s] TEXT: '.....'
[ 9076.042s] FRAME (len=56): 38 00 11 00 01 00 00 00 01 00 46 81 9E E3 00 1D 00 0F 20 00 FA 0A 67 27 56 BF 00 00 00 00 00 00 61 07 73 62 24 00 05 00 00 88 00 00 98 00 9F 00 09 00 00 00 41 0E 97 26
[ 9076.042s] FRAME (len=12): 0C 00 11 00 00 00 00 00 01 00 61 76
[ 9076.866s] TEXT: '...;.'
[ 9076.866s] FRAME (len=56): 38 00 11 00 01 00 00 00 01 00 00 12 4B 00 38 0D 16 FD 03 00 CB 08 6A 27 31 41 D4 FF 64 00 EE 02 00 00 00 00 00 00 0A 04 00 00 00 00 00 00 06 01 00 00 00 00 00 00 B6 44
[ 9082.227s] TEXT: '....TX succeeded...;.'
[ 9082.227s] TEXT: '.....'
[ 9082.227s] FRAME (len=56): 38 00 11 00 01 00 00 00 01 00 46 81 9E E3 00 1D 00 0F 20 00 FA 0A 67 27 56 BF 00 00 00 00 00 00 61 07 73 62 24 00 05 00 00 88 00 00 98 00 9F 00 09 00 00 00 41 0E 97 26
[ 9082.227s] FRAME (len=12): 0C 00 11 00 00 00 00 00 01 00 61 76
[ 9088.636s] TEXT: '...;.'
[ 9088.636s] TEXT: '.....'
[ 9088.636s] TEXT: '.....'
[ 9088.636s] FRAME (len=56): 38 00 11 00 01 00 00 00 01 00 46 81 9E E3 00 1D 00 0F 20 00 FE 0A 67 27 55 C5 00 00 00 00 00 00 61 07 73 62 24 00 05 00 00 88 00 00 98 00 9F 00 09 00 00 00 1B 0E C1 54
[ 9088.636s] FRAME (len=12): 0C 00 11 00 00 00 00 00 01 00 61 76
[ 9088.636s] FRAME (len=12): 0C 00 11 00 0B 00 00 00 01 00 C3 B5
[ 9094.827s] TEXT: '...;.'
[ 9094.827s] TEXT: '.....'
[ 9094.827s] FRAME (len=56): 38 00 11 00 01 00 00 00 01 00 46 81 9E E3 00 1D 00 0F 20 00 FE 0A 67 27 55 C5 00 00 00 00 00 00 61 07 73 62 24 00 05 00 00 88 00 00 98 00 9F 00 09 00 00 00 1B 0E C1 54
[ 9094.827s] FRAME (len=12): 0C 00 11 00 00 00 00 00 01 00 61 76
[ 9101.045s] TEXT: '...;.'
[ 9101.045s] TEXT: '.....'
[ 9101.045s] FRAME (len=56): 38 00 11 00 01 00 00 00 01 00 46 81 9E E3 00 1D 00 0F 20 00 FE 0A 67 27 55 C5 00 00 00 00 00 00 61 07 73 62 24 00 05 00 00 88 00 00 98 00 9F 00 09 00 00 00 1B 0E C1 54
[ 9101.045s] FRAME (len=12): 0C 00 11 00 00 00 00 00 01 00 61 76
[ 9103.524s] TEXT: '...;.'
[ 9103.524s] FRAME (len=56): 38 00 11 00 01 00 00 00 01 00 00 12 4B 00 38 0D 16 FD 03 00 CB 08 6A 27 31 41 D4 FF 64 00 EE 02 00 00 00 00 00 00 0A 04 00 00 00 00 00 00 06 01 00 00 00 00 00 00 B6 44
[ 9107.023s] TEXT: '....TX succeeded...;.'
[ 9107.023s] FRAME (len=56): 38 00 11 00 01 00 00 00 01 00 46 81 9E E3 00 1D 00 0F 20 00 FE 0A 67 27 55 C5 00 00 00 00 00 00 61 07 73 62 24 00 05 00 00 88 00 00 98 00 9F 00 09 00 00 00 1B 0E C1 54
[ 9107.234s] TEXT: '.....'
[ 9107.234s] FRAME (len=12): 0C 00 11 00 00 00 00 00 01 00 61 76
[ 9113.443s] TEXT: '...;.'
[ 9113.443s] TEXT: '.....'
[ 9113.443s] TEXT: '.....'
[ 9113.443s] FRAME (len=56): 38 00 11 00 01 00 00 00 01 00 46 81 9E E3 00 1D 00 0F 20 00 FC 0A 67 27 56 BD 00 00 00 00 00 00 61 07 73 62 24 00 0C 00 00 88 00 00 98 00 9F 00 09 00 00 00 2E 0E 72 0D
[ 9113.443s] FRAME (len=12): 0C 00 11 00 00 00 00 00 01 00 61 76
[ 9113.443s] FRAME (len=12): 0C 00 11 00 0B 00 00 00 01 00 C3 B5
[ 9119.656s] TEXT: '...;.'
[ 9119.656s] TEXT: '.....'
[ 9119.656s] FRAME (len=56): 38 00 11 00 01 00 00 00 01 00 46 81 9E E3 00 1D 00 0F 20 00 FC 0A 67 27 56 BD 00 00 00 00 00 00 61 07 73 62 24 00 0C 00 00 88 00 00 98 00 9F 00 09 00 00 00 2E 0E 72 0D
[ 9119.656s] FRAME (len=12): 0C 00 11 00 00 00 00 00 01 00 61 76
[ 9125.850s] TEXT: '...;.'
[ 9125.850s] TEXT: '.....'
[ 9125.850s] FRAME (len=56): 38 00 11 00 01 00 00 00 01 00 46 81 9E E3 00 1D 00 0F 20 00 FC 0A 67 27 56 BD 00 00 00 00 00 00 61 07 73 62 24 00 0C 00 00 88 00 00 98 00 9F 00 09 00 00 00 2E 0E 72 0D
[ 9125.850s] FRAME (len=12): 0C 00 11 00 00 00 00 00 01 00 61 76
[ 9129.175s] TEXT: '...;.'
[ 9129.175s] FRAME (len=56): 38 00 11 00 01 00 00 00 01 00 00 12 4B 00 38 0D 16 FD 03 00 CC 08 6A 27 31 35 D4 FF 64 00 EE 02 00 00 00 00 00 00 0A 04 00 00 00 00 00 00 06 01 00 00 00 00 00 00 3A 8D
[ 9132.053s] TEXT: '....TX succeeded...;.'
[ 9132.053s] TEXT: '.....'
[ 9132.053s] FRAME (len=56): 38 00 11 00 01 00 00 00 01 00 46 81 9E E3 00 1D 00 0F 20 00 FC 0A 67 27 56 BD 00 00 00 00 00 00 61 07 73 62 24 00 0C 00 00 88 00 00 98 00 9F 00 09 00 00 00 2E 0E 72 0D
[ 9132.053s] FRAME (len=12): 0C 00 11 00 00 00 00 00 01 00 61 76
[ 9138.234s] TEXT: '...;.'
[ 9138.438s] TEXT: '.....'
[ 9138.438s] TEXT: '.....'
[ 9138.438s] FRAME (len=56): 38 00 11 00 01 00 00 00 01 00 46 81 9E E3 00 1D 00 0F 20 00 F9 0A 68 27 56 A1 00 00 00 00 00 00 61 07 73 62 24 00 05 00 00 88 00 00 98 00 9F 00 09 00 00 00 41 0E 16 EC
[ 9138.438s] FRAME (len=12): 0C 00 11 00 00 00 00 00 01 00 61 76
[ 9138.438s] FRAME (len=12): 0C 00 11 00 0B 00 00 00 01 00 C3 B5
[ 9144.459s] TEXT: '...;.'
[ 9144.459s] TEXT: '.....'
[ 9144.459s] FRAME (len=56): 38 00 11 00 01 00 00 00 01 00 46 81 9E E3 00 1D 00 0F 20 00 F9 0A 68 27 56 A1 00 00 00 00 00 00 61 07 73 62 24 00 05 00 00 88 00 00 98 00 9F 00 09 00 00 00 41 0E 16 EC
[ 9144.459s] FRAME (len=12): 0C 00 11 00 00 00 00 00 01 00 61 76
[ 9150.675s] TEXT: '...;.'
[ 9150.675s] TEXT: '.....'
[ 9150.675s] FRAME (len=56): 38 00 11 00 01 00 00 00 01 00 46 81 9E E3 00 1D 00 0F 20 00 F9 0A 68 27 56 A1 00 00 00 00 00 00 61 07 73 62 24 00 05 00 00 88 00 00 98 00 9F 00 09 00 00 00 41 0E 16 EC
[ 9150.675s] FRAME (len=12): 0C 00 11 00 00 00 00 00 01 00 61 76
[ 9154.818s] TEXT: '...;.'
[ 9154.818s] FRAME (len=56): 38 00 11 00 01 00 00 00 01 00 00 12 4B 00 38 0D 16 FD 03 00 CC 08 6A 27 31 71 D4 FF 64 00 EE 02 00 00 00 00 00 00 0A 04 00 00 00 00 00 00 06 01 00 00 00 00 00 00 9E B0
[ 9156.886s] TEXT: '....TX succeeded...;.'
[ 9156.886s] TEXT: '.....'
[ 9156.886s] FRAME (len=56): 38 00 11 00 01 00 00 00 01 00 46 81 9E E3 00 1D 00 0F 20 00 F9 0A 68 27 56 A1 00 00 00 00 00 00 61 07 73 62 24 00 05 00 00 88 00 00 98 00 9F 00 09 00 00 00 41 0E 16 EC
[ 9156.886s] FRAME (len=12): 0C 00 11 00 00 00 00 00 01 00 61 76
[ 9163.299s] TEXT: '...;.'
[ 9163.299s] TEXT: '.....'
[ 9163.299s] TEXT: '.....'
[ 9163.299s] FRAME (len=56): 38 00 11 00 01 00 00 00 01 00 46 81 9E E3 00 1D 00 0F 20 00 F8 0A 68 27 55 A1 00 00 00 00 00 00 61 07 73 62 24 00 06 00 00 88 00 00 98 00 9F 00 09 00 00 00 54 0E D9 7F
[ 9163.299s] FRAME (len=12): 0C 00 11 00 00 00 00 00 01 00 61 76
[ 9163.299s] FRAME (len=12): 0C 00 11 00 0B 00 00 00 01 00 C3 B5
[ 9169.336s] TEXT: '...;.'
[ 9169.336s] TEXT: '.....'
[ 9169.336s] FRAME (len=56): 38 00 11 00 01 00 00 00 01 00 46 81 9E E3 00 1D 00 0F 20 00 F8 0A 68 27 55 A1 00 00 00 00 00 00 61 07 73 62 24 00 06 00 00 88 00 00 98 00 9F 00 09 00 00 00 54 0E D9 7F
[ 9169.336s] FRAME (len=12): 0C 00 11 00 00 00 00 00 01 00 61 76
[ 9175.541s] TEXT: '...;.'
[ 9175.541s] TEXT: '.....'
[ 9175.541s] FRAME (len=56): 38 00 11 00 01 00 00 00 01 00 46 81 9E E3 00 1D 00 0F 20 00 F8 0A 68 27 55 A1 00 00 00 00 00 00 61 07 73 62 24 00 06 00 00 88 00 00 98 00 9F 00 09 00 00 00 54 0E D9 7F
[ 9175.541s] FRAME (len=12): 0C 00 11 00 00 00 00 00 01 00 61 76
[ 9180.507s] TEXT: '...;.'
[ 9180.507s] FRAME (len=25): 38 00 11 00 01 00 00 00 01 00 00 12 4B 00 38 0D 16 FD 03 00 CC 08 6A 27 31
[ 9181.741s] TEXT: '..d.........\n.................}....TX succeeded...;.'
[ 9181.741s] TEXT: '.....'
[ 9181.741s] FRAME (len=56): 38 00 11 00 01 00 00 00 01 00 46 81 9E E3 00 1D 00 0F 20 00 F8 0A 68 27 55 A1 00 00 00 00 00 00 61 07 73 62 24 00 06 00 00 88 00 00 98 00 9F 00 09 00 00 00 54 0E D9 7F
[ 9181.741s] FRAME (len=12): 0C 00 11 00 00 00 00 00 01 00 61 76
[ 9187.968s] TEXT: '...;.'
[ 9188.173s] TEXT: '.....'
[ 9188.173s] TEXT: '.....'
[ 9188.173s] FRAME (len=56): 38 00 11 00 01 00 00 00 01 00 46 81 9E E3 00 1D 00 0F 20 00 FA 0A 68 27 55 87 00 00 00 00 00 00 61 07 73 62 24 00 06 00 00 88 00 00 98 00 9F 00 09 00 00 00 1B 0E 69 A7
[ 9188.173s] FRAME (len=12): 0C 00 11 00 00 00 00 00 01 00 61 76
[ 9188.173s] FRAME (len=12): 0C 00 11 00 0B 00 00 00 01 00 C3 B5
[ 9194.174s] TEXT: '...;.'
[ 9194.174s] TEXT: '.....'
[ 9194.174s] FRAME (len=56): 38 00 11 00 01 00 00 00 01 00 46 81 9E E3 00 1D 00 0F 20 00 FA 0A 68 27 55 87 00 00 00 00 00 00 61 07 73 62 24 00 06 00 00 88 00 00 98 00 9F 00 09 00 00 00 1B 0E 69 A7
[ 9194.174s] FRAME (len=12): 0C 00 11 00 00 00 00 00 01 00 61 76
[ 9200.370s] TEXT: '...;.'
[ 9200.370s] TEXT: '.....'
[ 9200.370s] FRAME (len=56): 38 00 11 00 01 00 00 00 01 00 46 81 9E E3 00 1D 00 0F 20 00 FA 0A 68 27 55 87 00 00 00 00 00 00 61 07 73 62 24 00 06 00 00 88 00 00 98 00 9F 00 09 00 00 00 1B 0E 69 A7
[ 9200.370s] FRAME (len=12): 0C 00 11 00 00 00 00 00 01 00 61 76
[ 9206.168s] TEXT: '...;.'
[ 9206.168s] FRAME (len=56): 38 00 11 00 01 00 00 00 01 00 00 12 4B 00 38 0D 16 FD 03 00 CC 08 6A 27 31 79 D4 FF 64 00 EE 02 00 00 00 00 00 00 0A 04 00 00 00 00 00 00 06 01 00 00 00 00 00 00 49 47
[ 9206.583s] TEXT: '....TX succeeded...;.'
[ 9206.583s] TEXT: '.....'
[ 9206.583s] FRAME (len=56): 38 00 11 00 01 00 00 00 01 00 46 81 9E E3 00 1D 00 0F 20 00 FA 0A 68 27 55 87 00 00 00 00 00 00 61 07 73 62 24 00 06 00 00 88 00 00 98 00 9F 00 09 00 00 00 1B 0E 69 A7
[ 9206.583s] FRAME (len=12): 0C 00 11 00 00 00 00 00 01 00 61 76
[ 9213.018s] TEXT: '...;.'
[ 9213.018s] TEXT: '.....'
[ 9213.018s] TEXT: '.....'
[ 9213.018s] FRAME (len=56): 38 00 11 00 01 00 00 00 01 00 46 81 9E E3 00 1D 00 0F 20 00 F0 0A 68 27 56 AB 00 00 00 00 00 00 61 07 73 62 24 00 06 00 00 88 00 00 98 00 9F 00 09 00 00 00 2E 0E FC 24
[ 9213.018s] FRAME (len=12): 0C 00 11 00 00 00 00 00 01 00 61 76
[ 9213.018s] FRAME (len=12): 0C 00 11 00 0B 00 00 00 01 00 C3 B5
[ 9219.025s] TEXT: '...;.'
[ 9219.025s] TEXT: '.....'
[ 9219.025s] FRAME (len=56): 38 00 11 00 01 00 00 00 01 00 46 81 9E E3 00 1D 00 0F 20 00 F0 0A 68 27 56 AB 00 00 00 00 00 00 61 07 73 62 24 00 06 00 00 88 00 00 98 00 9F 00 09 00 00 00 2E 0E FC 24
[ 9219.025s] FRAME (len=12): 0C 00 11 00 00 00 00 00 01 00 61 76
[ 9225.258s] TEXT: '...;.'
[ 9225.258s] TEXT: '.....'
[ 9225.258s] FRAME (len=56): 38 00 11 00 01 00 00 00 01 00 46 81 9E E3 00 1D 00 0F 20 00 F0 0A 68 27 56 AB 00 00 00 00 00 00 61 07 73 62 24 00 06 00 00 88 00 00 98 00 9F 00 09 00 00 00 2E 0E FC 24
[ 9225.258s] FRAME (len=12): 0C 00 11 00 00 00 00 00 01 00 61 76
[ 9231.486s] TEXT: '...;.'
[ 9231.486s] TEXT: '.....'
[ 9231.486s] FRAME (len=56): 38 00 11 00 01 00 00 00 01 00 46 81 9E E3 00 1D 00 0F 20 00 F0 0A 68 27 56 AB 00 00 00 00 00 00 61 07 73 62 24 00 06 00 00 88 00 00 98 00 9F 00 09 00 00 00 2E 0E FC 24
[ 9231.486s] FRAME (len=12): 0C 00 11 00 00 00 00 00 01 00 61 76
[ 9231.899s] TEXT: '...;.'
[ 9231.899s] FRAME (len=56): 38 00 11 00 01 00 00 00 01 00 00 12 4B 00 38 0D 16 FD 03 00 CC 08 6B 27 31 09 D4 FF 64 00 EE 02 00 00 00 00 00 00 0A 04 00 00 00 00 00 00 06 01 00 00 00 00 00 00 E0 C0
[ 9237.711s] TEXT: '....TX failed: 0xc....TX failed: 0xc...;.'
[ 9237.711s] FRAME (len=56): 38 00 11 00 01 00 00 00 01 00 46 81 9E E3 00 1D 00 0F 20 00 EB 0A 68 27 56 8B 00 00 00 00 00 00 61 07 73 62 24 00 06 00 00 88 00 00 98 00 9F 00 09 00 00 00 41 0E 4C 96
[ 9237.920s] TEXT: '.....'
[ 9237.920s] TEXT: '.....'
[ 9237.920s] FRAME (len=12): 0C 00 11 00 00 00 00 00 01 00 61 76
[ 9237.920s] FRAME (len=12): 0C 00 11 00 0B 00 00 00 01 00 C3 B5
[ 9243.950s] TEXT: '....ERR: Uart overrun error...;.'
[ 9243.950s] TEXT: '.....'
[ 9243.950s] FRAME (len=56): 38 00 11 00 01 00 00 00 01 00 46 81 9E E3 00 1D 00 0F 20 00 EB 0A 68 27 56 8B 00 00 00 00 00 00 61 07 73 62 24 00 06 00 00 88 00 00 98 00 9F 00 09 00 00 00 41 0E 4C 96
[ 9243.950s] FRAME (len=12): 0C 00 11 00 00 00 00 00 01 00 61 76
[ 9250.140s] TEXT: '...;.'
[ 9250.140s] TEXT: '.....'
[ 9250.140s] FRAME (len=56): 38 00 11 00 01 00 00 00 01 00 46 81 9E E3 00 1D 00 0F 20 00 EB 0A 68 27 56 8B 00 00 00 00 00 00 61 07 73 62 24 00 06 00 00 88 00 00 98 00 9F 00 09 00 00 00 41 0E 4C 96
[ 9250.140s] FRAME (len=12): 0C 00 11 00 00 00 00 00 01 00 61 76
[ 9256.350s] TEXT: '...;.'
[ 9256.350s] TEXT: '.....'
[ 9256.350s] FRAME (len=56): 38 00 11 00 01 00 00 00 01 00 46 81 9E E3 00 1D 00 0F 20 00 EB 0A 68 27 56 8B 00 00 00 00 00 00 61 07 73 62 24 00 06 00 00 88 00 00 98 00 9F 00 09 00 00 00 41 0E 4C 96
[ 9256.350s] FRAME (len=12): 0C 00 11 00 00 00 00 00 01 00 61 76
[ 9258.411s] TEXT: '...;.'
[ 9258.411s] FRAME (len=56): 38 00 11 00 01 00 00 00 01 00 00 12 4B 00 38 0D 16 FD 03 00 CD 08 6A 27 31 15 D4 FF 64 00 EE 02 00 00 00 00 00 00 0A 04 00 00 00 00 00 00 06 01 00 00 00 00 00 00 20 FE
[ 9262.758s] TEXT: '....TX succeeded...;.'
[ 9262.758s] TEXT: '.....'
[ 9262.758s] TEXT: '.....'
[ 9262.758s] FRAME (len=56): 38 00 11 00 01 00 00 00 01 00 46 81 9E E3 00 1D 00 0F 20 00 ED 0A 68 27 56 B9 00 00 00 00 00 00 61 07 73 62 23 00 05 00 00 88 00 00 98 00 9F 00 09 00 00 00 2E 0E 20 0C
[ 9262.758s] FRAME (len=12): 0C 00 11 00 00 00 00 00 01 00 61 76
[ 9262.758s] FRAME (len=12): 0C 00 11 00 0B 00 00 00 01 00 C3 B5
[ 9268.766s] TEXT: '...;.'
[ 9268.766s] TEXT: '.....'
[ 9268.766s] FRAME (len=56): 38 00 11 00 01 00 00 00 01 00 46 81 9E E3 00 1D 00 0F 20 00 ED 0A 68 27 56 B9 00 00 00 00 00 00 61 07 73 62 23 00 05 00 00 88 00 00 98 00 9F 00 09 00 00 00 2E 0E 20 0C
[ 9268.766s] FRAME (len=12): 0C 00 11 00 00 00 00 00 01 00 61 76
[ 9274.997s] TEXT: '...;.'
[ 9274.997s] TEXT: '.....'
[ 9274.997s] FRAME (len=56): 38 00 11 00 01 00 00 00 01 00 46 81 9E E3 00 1D 00 0F 20 00 ED 0A 68 27 56 B9 00 00 00 00 00 00 61 07 73 62 23 00 05 00 00 88 00 00 98 00 9F 00 09 00 00 00 2E 0E 20 0C
[ 9274.997s] FRAME (len=12): 0C 00 11 00 00 00 00 00 01 00 61 76
[ 9281.228s] TEXT: '...;.'
[ 9281.228s] TEXT: '.....'
[ 9281.228s] FRAME (len=56): 38 00 11 00 01 00 00 00 01 00 46 81 9E E3 00 1D 00 0F 20 00 ED 0A 68 27 56 B9 00 00 00 00 00 00 61 07 73 62 23 00 05 00 00 88 00 00 98 00 9F 00 09 00 00 00 2E 0E 20 0C
[ 9281.228s] FRAME (len=12): 0C 00 11 00 00 00 00 00 01 00 61 76
[ 9284.125s] TEXT: '...;.'
[ 9284.125s] FRAME (len=56): 38 00 11 00 01 00 00 00 01 00 00 12 4B 00 38 0D 16 FD 03 00 CD 08 6B 27 31 09 D4 FF 64 00 EE 02 00 00 00 00 00 00 0A 04 00 00 00 00 00 00 06 01 00 00 00 00 00 00 C5 5C
[ 9287.433s] TEXT: '....TX succeeded...;.'
[ 9287.641s] TEXT: '.....'
[ 9287.641s] TEXT: '.....'
[ 9287.641s] FRAME (len=56): 38 00 11 00 01 00 00 00 01 00 46 81 9E E3 00 1D 00 0F 20 00 F6 0A 68 27 56 A3 00 00 00 00 00 00 61 07 73 62 23 00 06 00 00 88 00 00 98 00 9F 00 09 00 00 00 2E 0E 43 5B
[ 9287.641s] FRAME (len=12): 0C 00 11 00 00 00 00 00 01 00 61 76
[ 9287.641s] FRAME (len=12): 0C 00 11 00 0B 00 00 00 01 00 C3 B5
[ 9293.639s] TEXT: '...;.'
[ 9293.639s] TEXT: '.....'
[ 9293.639s] FRAME (len=56): 38 00 11 00 01 00 00 00 01 00 46 81 9E E3 00 1D 00 0F 20 00 F6 0A 68 27 56 A3 00 00 00 00 00 00 61 07 73 62 23 00 06 00 00 88 00 00 98 00 9F 00 09 00 00 00 2E 0E 43 5B
[ 9293.639s] FRAME (len=12): 0C 00 11 00 00 00 00 00 01 00 61 76
[ 9299.837s] TEXT: '...;.'
[ 9299.837s] TEXT: '.....'
[ 9299.837s] FRAME (len=56): 38 00 11 00 01 00 00 00 01 00 46 81 9E E3 00 1D 00 0F 20 00 F6 0A 68 27 56 A3 00 00 00 00 00 00 61 07 73 62 23 00 06 00 00 88 00 00 98 00 9F 00 09 00 00 00 2E 0E 43 5B
[ 9299.837s] FRAME (len=12): 0C 00 11 00 00 00 00 00 01 00 61 76
[ 9306.054s] TEXT: '...;.'
[ 9306.054s] TEXT: '.....'
[ 9306.054s] FRAME (len=56): 38 00 11 00 01 00 00 00 01 00 46 81 9E E3 00 1D 00 0F 20 00 F6 0A 68 27 56 A3 00 00 00 00 00 00 61 07 73 62 23 00 06 00 00 88 00 00 98 00 9F 00 09 00 00 00 2E 0E 43 5B
[ 9306.054s] FRAME (len=12): 0C 00 11 00 00 00 00 00 01 00 61 76
[ 9309.777s] TEXT: '...;.'
[ 9309.777s] FRAME (len=56): 38 00 11 00 01 00 00 00 01 00 00 12 4B 00 38 0D 16 FD 03 00 CC 08 6A 27 31 11 D4 FF 64 00 EE 02 00 00 00 00 00 00 0A 04 00 00 00 00 00 00 06 01 00 00 00 00 00 00 FE 91
[ 9312.474s] TEXT: '....TX succeeded...;.'
[ 9312.474s] TEXT: '.....'
[ 9312.474s] TEXT: '.....'
[ 9312.474s] FRAME (len=56): 38 00 11 00 01 00 00 00 01 00 46 81 9E E3 00 1D 00 0F 20 00 F5 0A 68 27 56 C7 00 00 00 00 00 00 61 07 73 62 23 00 05 00 00 88 00 00 98 00 9F 00 09 00 00 00 54 0E 49 32
[ 9312.474s] FRAME (len=12): 0C 00 11 00 00 00 00 00 01 00 61 76
[ 9312.474s] FRAME (len=12): 0C 00 11 00 0B 00 00 00 01 00 C3 B5
[ 9318.474s] TEXT: '...;.'
[ 9318.474s] TEXT: '.....'
[ 9318.474s] FRAME (len=56): 38 00 11 00 01 00 00 00 01 00 46 81 9E E3 00 1D 00 0F 20 00 F5 0A 68 27 56 C7 00 00 00 00 00 00 61 07 73 62 23 00 05 00 00 88 00 00 98 00 9F 00 09 00 00 00 54 0E 49 32
[ 9318.474s] FRAME (len=12): 0C 00 11 00 00 00 00 00 01 00 61 76
[ 9324.680s] TEXT: '...;.'
[ 9324.680s] TEXT: '.....'
[ 9324.680s] FRAME (len=56): 38 00 11 00 01 00 00 00 01 00 46 81 9E E3 00 1D 00 0F 20 00 F5 0A 68 27 56 C7 00 00 00 00 00 00 61 07 73 62 23 00 05 00 00 88 00 00 98 00 9F 00 09 00 00 00 54 0E 49 32
[ 9324.680s] FRAME (len=12): 0C 00 11 00 00 00 00 00 01 00 61 76
[ 9330.879s] TEXT: '...;.'
[ 9330.879s] TEXT: '.....'
[ 9330.879s] FRAME (len=56): 38 00 11 00 01 00 00 00 01 00 46 81 9E E3 00 1D 00 0F 20 00 F5 0A 68 27 56 C7 00 00 00 00 00 00 61 07 73 62 23 00 05 00 00 88 00 00 98 00 9F 00 09 00 00 00 54 0E 49 32
[ 9330.879s] FRAME (len=12): 0C 00 11 00 00 00 00 00 01 00 61 76
[ 9335.425s] TEXT: '...;.'
[ 9335.425s] FRAME (len=56): 38 00 11 00 01 00 00 00 01 00 00 12 4B 00 38 0D 16 FD 03 00 CC 08 6A 27 31 1D D4 FF 64 00 EE 02 00 00 00 00 00 00 0A 04 00 00 00 00 00 00 06 01 00 00 00 00 00 00 D2 95
[ 9337.285s] TEXT: '....TX succeeded...;.'
[ 9337.285s] TEXT: '.....'
[ 9337.285s] TEXT: '.....'
[ 9337.285s] FRAME (len=56): 38 00 11 00 01 00 00 00 01 00 46 81 9E E3 00 1D 00 0F 20 00 F8 0A 68 27 56 BD 00 00 00 00 00 00 61 07 73 62 23 00 05 00 00 88 00 00 98 00 9F 00 09 00 00 00 41 0E 45 7B
[ 9337.285s] FRAME (len=12): 0C 00 11 00 00 00 00 00 01 00 61 76
[ 9337.285s] FRAME (len=12): 0C 00 11 00 0B 00 00 00 01 00 C3 B5
[ 9343.261s] TEXT: '...;.'
[ 9343.261s] TEXT: '.....'
[ 9343.261s] FRAME (len=56): 38 00 11 00 01 00 00 00 01 00 46 81 9E E3 00 1D 00 0F 20 00 F8 0A 68 27 56 BD 00 00 00 00 00 00 61 07 73 62 23 00 05 00 00 88 00 00 98 00 9F 00 09 00 00 00 41 0E 45 7B
[ 9343.261s] FRAME (len=12): 0C 00 11 00 00 00 00 00 01 00 61 76
[ 9349.666s] TEXT: '...;.'
[ 9349.666s] TEXT: '.....'
[ 9349.666s] FRAME (len=56): 38 00 11 00 01 00 00 00 01 00 46 81 9E E3 00 1D 00 0F 20 00 F8 0A 68 27 56 BD 00 00 00 00 00 00 61 07 73 62 23 00 05 00 00 88 00 00 98 00 9F 00 09 00 00 00 41 0E 45 7B
[ 9349.666s] FRAME (len=12): 0C 00 11 00 00 00 00 00 01 00 61 76
[ 9355.872s] TEXT: '...;.'
[ 9355.872s] TEXT: '.....'
[ 9355.872s] FRAME (len=56): 38 00 11 00 01 00 00 00 01 00 46 81 9E E3 00 1D 00 0F 20 00 F8 0A 68 27 56 BD 00 00 00 00 00 00 61 07 73 62 23 00 05 00 00 88 00 00 98 00 9F 00 09 00 00 00 41 0E 45 7B
[ 9355.872s] FRAME (len=12): 0C 00 11 00 00 00 00 00 01 00 61 76
[ 9361.233s] TEXT: '...;.'
[ 9361.233s] FRAME (len=56): 38 00 11 00 01 00 00 00 01 00 00 12 4B 00 38 0D 16 FD 03 00 CD 08 6B 27 31 29 D4 FF 64 00 EE 02 00 00 00 00 00 00 0A 04 00 00 00 00 00 00 06 01 00 00 00 00 00 00 FA B3
[ 9362.061s] TEXT: '....TX succeeded...;.'
[ 9362.061s] FRAME (len=56): 38 00 11 00 01 00 00 00 01 00 46 81 9E E3 00 1D 00 0F 20 00 F6 0A 68 27 56 AF 00 00 00 00 00 00 61 07 73 62 24 00 05 00 00 88 00 00 98 00 9F 00 09 00 00 00 54 0E 65 A0
[ 9362.267s] TEXT: '.....'
[ 9362.267s] TEXT: '.....'
[ 9362.267s] FRAME (len=12): 0C 00 11 00 00 00 00 00 01 00 61 76
[ 9362.267s] FRAME (len=12): 0C 00 11 00 0B 00 00 00 01 00 C3 B5
[ 9368.221s] TEXT: '...;.'
[ 9368.221s] TEXT: '.....'
[ 9368.221s] FRAME (len=56): 38 00 11 00 01 00 00 00 01 00 46 81 9E E3 00 1D 00 0F 20 00 F6 0A 68 27 56 AF 00 00 00 00 00 00 61 07 73 62 24 00 05 00 00 88 00 00 98 00 9F 00 09 00 00 00 54 0E 65 A0
[ 9368.221s] FRAME (len=12): 0C 00 11 00 00 00 00 00 01 00 61 76
[ 9374.426s] TEXT: '...;.'
[ 9374.426s] TEXT: '.....'
[ 9374.426s] FRAME (len=56): 38 00 11 00 01 00 00 00 01 00 46 81 9E E3 00 1D 00 0F 20 00 F6 0A 68 27 56 AF 00 00 00 00 00 00 61 07 73 62 24 00 05 00 00 88 00 00 98 00 9F 00 09 00 00 00 54 0E 65 A0
[ 9374.426s] FRAME (len=12): 0C 00 11 00 00 00 00 00 01 00 61 76
[ 9380.631s] TEXT: '...;.'
[ 9380.631s] TEXT: '.....'
[ 9380.631s] FRAME (len=56): 38 00 11 00 01 00 00 00 01 00 46 81 9E E3 00 1D 00 0F 20 00 F6 0A 68 27 56 AF 00 00 00 00 00 00 61 07 73 62 24 00 05 00 00 88 00 00 98 00 9F 00 09 00 00 00 54 0E 65 A0
[ 9380.631s] FRAME (len=12): 0C 00 11 00 00 00 00 00 01 00 61 76
[ 9387.050s] TEXT: '...;.'
[ 9387.050s] TEXT: '.....'
[ 9387.050s] TEXT: '.....'
[ 9387.050s] FRAME (len=56): 38 00 11 00 01 00 00 00 01 00 46 81 9E E3 00 1D 00 0F 20 00 F2 0A 68 27 55 BB 00 00 00 00 00 00 61 07 73 62 24 00 05 00 00 88 00 00 98 00 9F 00 09 00 00 00 41 0E 60 1B
[ 9387.050s] FRAME (len=12): 0C 00 11 00 00 00 00 00 01 00 61 76
[ 9387.050s] FRAME (len=12): 0C 00 11 00 0B 00 00 00 01 00 C3 B5
[ 9387.872s] TEXT: '...;.'
[ 9387.872s] FRAME (len=56): 38 00 11 00 01 00 00 00 01 00 00 12 4B 00 38 0D 16 FD 03 00 CD 08 6B 27 31 2D D4 FF 64 00 EE 02 00 00 00 00 00 00 0A 04 00 00 00 00 00 00 06 01 00 00 00 00 00 00 01 40
[ 9393.075s] TEXT: '....TX succeeded...;.'
[ 9393.075s] TEXT: '.....'
[ 9393.075s] FRAME (len=56): 38 00 11 00 01 00 00 00 01 00 46 81 9E E3 00 1D 00 0F 20 00 F2 0A 68 27 55 BB 00 00 00 00 00 00 61 07 73 62 24 00 05 00 00 88 00 00 98 00 9F 00 09 00 00 00 41 0E 60 1B
[ 9393.075s] FRAME (len=12): 0C 00 11 00 00 00 00 00 01 00 61 76
[ 9399.281s] TEXT: '...;.'
[ 9399.281s] TEXT: '.....'
[ 9399.281s] FRAME (len=56): 38 00 11 00 01 00 00 00 01 00 46 81 9E E3 00 1D 00 0F 20 00 F2 0A 68 27 55 BB 00 00 00 00 00 00 61 07 73 62 24 00 05 00 00 88 00 00 98 00 9F 00 09 00 00 00 41 0E 60 1B
[ 9399.281s] FRAME (len=12): 0C 00 11 00 00 00 00 00 01 00 61 76
[ 9405.658s] TEXT: '...;.'
[ 9405.658s] TEXT: '.....'
[ 9405.658s] FRAME (len=56): 38 00 11 00 01 00 00 00 01 00 46 81 9E E3 00 1D 00 0F 20 00 F2 0A 68 27 55 BB 00 00 00 00 00 00 61 07 73 62 24 00 05 00 00 88 00 00 98 00 9F 00 09 00 00 00 41 0E 60 1B
[ 9405.658s] FRAME (len=12): 0C 00 11 00 00 00 00 00 01 00 61 76
[ 9411.871s] TEXT: '...;.'
[ 9411.871s] TEXT: '.....'
[ 9411.871s] TEXT: '.....'
[ 9411.871s] FRAME (len=56): 38 00 11 00 01 00 00 00 01 00 46 81 9E E3 00 1D 00 0F 20 00 FE 0A 69 27 55 85 00 00 00 00 00 00 61 07 73 62 23 00 05 00 00 88 00 00 98 00 9F 00 09 00 00 00 08 0E AC 11
[ 9411.871s] FRAME (len=12): 0C 00 11 00 00 00 00 00 01 00 61 76
[ 9411.871s] FRAME (len=12): 0C 00 11 00 0B 00 00 00 01 00 C3 B5
[ 9413.529s] TEXT: '...;.'
[ 9413.529s] FRAME (len=56): 38 00 11 00 01 00 00 00 01 00 00 12 4B 00 38 0D 16 FD 03 00 CC 08 6B 27 31 39 D4 FF 64 00 EE 02 00 00 00 00 00 00 0A 04 00 00 00 00 00 00 06 01 00 00 00 00 00 00 50 D0
[ 9417.888s] TEXT: '....TX succeeded...;.'
[ 9417.888s] FRAME (len=56): 38 00 11 00 01 00 00 00 01 00 46 81 9E E3 00 1D 00 0F 20 00 FE 0A 69 27 55 85 00 00 00 00 00 00 61 07 73 62 23 00 05 00 00 88 00 00 98 00 9F 00 09 00 00 00 08 0E AC 11
[ 9418.094s] TEXT: '.....'
[ 9418.094s] FRAME (len=12): 0C 00 11 00 00 00 00 00 01 00 61 76
[ 9424.119s] TEXT: '...;.'
[ 9424.119s] TEXT: '.....'
[ 9424.119s] FRAME (len=56): 38 00 11 00 01 00 00 00 01 00 46 81 9E E3 00 1D 00 0F 20 00 FE 0A 69 27 55 85 00 00 00 00 00 00 61 07 73 62 23 00 05 00 00 88 00 00 98 00 9F 00 09 00 00 00 08 0E AC 11
[ 9424.119s] FRAME (len=12): 0C 00 11 00 00 00 00 00 01 00 61 76
[ 9430.526s] TEXT: '...;.'
[ 9430.526s] TEXT: '.....'
[ 9430.526s] FRAME (len=56): 38 00 11 00 01 00 00 00 01 00 46 81 9E E3 00 1D 00 0F 20 00 FE 0A 69 27 55 85 00 00 00 00 00 00 61 07 73 62 23 00 05 00 00 88 00 00 98 00 9F 00 09 00 00 00 08 0E AC 11
[ 9430.526s] FRAME (len=12): 0C 00 11 00 00 00 00 00 01 00 61 76
[ 9436.721s] TEXT: '...;.'
[ 9436.721s] TEXT: '.....'
[ 9436.721s] TEXT: '.....'
[ 9436.721s] FRAME (len=56): 38 00 11 00 01 00 00 00 01 00 46 81 9E E3 00 1D 00 0F 20 00 FD 0A 69 27 56 8D 00 00 00 00 00 00 61 07 73 62 24 00 05 00 00 88 00 00 98 00 9F 00 09 00 00 00 2E 0E 81 15
[ 9436.721s] FRAME (len=12): 0C 00 11 00 00 00 00 00 01 00 61 76
[ 9436.721s] FRAME (len=12): 0C 00 11 00 0B 00 00 00 01 00 C3 B5
[ 9439.203s] TEXT: '...;.'
[ 9439.203s] FRAME (len=56): 38 00 11 00 01 00 00 00 01 00 00 12 4B 00 38 0D 16 FD 03 00 CD 08 6B 27 31 3D D4 FF 64 00 EE 02 00 00 00 00 00 00 0A 04 00 00 00 00 00 00 06 01 00 00 00 00 00 00 8E BF
[ 9442.714s] TEXT: '....TX succeeded...;.'
[ 9442.921s] TEXT: '.....'
[ 9442.921s] FRAME (len=56): 38 00 11 00 01 00 00 00 01 00 46 81 9E E3 00 1D 00 0F 20 00 FD 0A 69 27 56 8D 00 00 00 00 00 00 61 07 73 62 24 00 05 00 00 88 00 00 98 00 9F 00 09 00 00 00 2E 0E 81 15
[ 9442.921s] FRAME (len=12): 0C 00 11 00 00 00 00 00 01 00 61 76
[ 9448.926s] TEXT: '...;.'
[ 9449.130s] TEXT: '.....'
[ 9449.130s] FRAME (len=56): 38 00 11 00 01 00 00 00 01 00 46 81 9E E3 00 1D 00 0F 20 00 FD 0A 69 27 56 8D 00 00 00 00 00 00 61 07 73 62 24 00 05 00 00 88 00 00 98 00 9F 00 09 00 00 00 2E 0E 81 15
[ 9449.130s] FRAME (len=12): 0C 00 11 00 00 00 00 00 01 00 61 76
[ 9455.342s] TEXT: '...;.'
[ 9455.342s] TEXT: '.....'
[ 9455.342s] FRAME (len=56): 38 00 11 00 01 00 00 00 01 00 46 81 9E E3 00 1D 00 0F 20 00 FD 0A 69 27 56 8D 00 00 00 00 00 00 61 07 73 62 24 00 05 00 00 88 00 00 98 00 9F 00 09 00 00 00 2E 0E 81 15
[ 9455.342s] FRAME (len=12): 0C 00 11 00 00 00 00 00 01 00 61 76
[ 9461.545s] TEXT: '...;.'
[ 9461.755s] TEXT: '.....'
[ 9461.755s] TEXT: '.....'
[ 9461.755s] FRAME (len=56): 38 00 11 00 01 00 00 00 01 00 46 81 9E E3 00 1D 00 0F 20 00 FF 0A 69 27 56 99 00 00 00 00 00 00 61 07 73 62 23 00 06 00 00 88 00 00 98 00 9F 00 09 00 00 00 67 0E 52 9E
[ 9461.755s] FRAME (len=12): 0C 00 11 00 00 00 00 00 01 00 61 76
[ 9461.755s] FRAME (len=12): 0C 00 11 00 0B 00 00 00 01 00 C3 B5
[ 9464.872s] TEXT: '...;.'
[ 9464.872s] FRAME (len=56): 38 00 11 00 01 00 00 00 01 00 00 12 4B 00 38 0D 16 FD 03 00 CD 08 6B 27 31 35 D4 FF 64 00 EE 02 00 00 00 00 00 00 0A 04 00 00 00 00 00 00 06 01 00 00 00 00 00 00 59 48
[ 9467.779s] TEXT: '....TX succeeded...;.'
[ 9467.779s] TEXT: '.....'
[ 9467.779s] FRAME (len=56): 38 00 11 00 01 00 00 00 01 00 46 81 9E E3 00 1D 00 0F 20 00 FF 0A 69 27 56 99 00 00 00 00 00 00 61 07 73 62 23 00 06 00 00 88 00 00 98 00 9F 00 09 00 00 00 67 0E 52 9E
[ 9467.779s] FRAME (len=12): 0C 00 11 00 00 00 00 00 01 00 61 76
[ 9473.996s] TEXT: '...;.'
[ 9473.996s] TEXT: '.....'
[ 9473.996s] FRAME (len=56): 38 00 11 00 01 00 00 00 01 00 46 81 9E E3 00 1D 00 0F 20 00 FF 0A 69 27 56 99 00 00 00 00 00 00 61 07 73 62 23 00 06 00 00 88 00 00 98 00 9F 00 09 00 00 00 67 0E 52 9E
[ 9473.996s] FRAME (len=12): 0C 00 11 00 00 00 00 00 01 00 61 76
[ 9480.206s] TEXT: '...;.'
[ 9480.206s] TEXT: '.....'
[ 9480.206s] FRAME (len=56): 38 00 11 00 01 00 00 00 01 00 46 81 9E E3 00 1D 00 0F 20 00 FF 0A 69 27 56 99 00 00 00 00 00 00 61 07 73 62 23 00 06 00 00 88 00 00 98 00 9F 00 09 00 00 00 67 0E 52 9E
[ 9480.206s] FRAME (len=12): 0C 00 11 00 00 00 00 00 01 00 61 76
[ 9486.445s] TEXT: '...;.'
[ 9486.445s] TEXT: '.....'
[ 9486.445s] TEXT: '.....'
[ 9486.445s] FRAME (len=56): 38 00 11 00 01 00 00 00 01 00 46 81 9E E3 00 1D 00 0F 20 00 F8 0A 68 27 56 CF 00 00 00 00 00 00 61 07 73 62 23 00 05 00 00 88 00 00 98 00 9F 00 09 00 00 00 2E 0E 53 4F
[ 9486.445s] FRAME (len=12): 0C 00 11 00 00 00 00 00 01 00 61 76
[ 9486.445s] FRAME (len=12): 0C 00 11 00 0B 00 00 00 01 00 C3 B5
[ 9490.599s] TEXT: '...;.'
[ 9490.599s] FRAME (len=56): 38 00 11 00 01 00 00 00 01 00 00 12 4B 00 38 0D 16 FD 03 00 CD 08 6B 27 31 5D D4 FF 64 00 EE 02 00 00 00 00 00 00 0A 04 00 00 00 00 00 00 06 01 00 00 00 00 00 00 EE 9E
[ 9492.475s] TEXT: '....TX succeeded...;.'
[ 9492.475s] FRAME (len=56): 38 00 11 00 01 00 00 00 01 00 46 81 9E E3 00 1D 00 0F 20 00 F8 0A 68 27 56 CF 00 00 00 00 00 00 61 07 73 62 23 00 05 00 00 88 00 00 98 00 9F 00 09 00 00 00 2E 0E 53 4F
[ 9492.686s] TEXT: '.....'
[ 9492.686s] FRAME (len=12): 0C 00 11 00 00 00 00 00 01 00 61 76
[ 9498.705s] TEXT: '...;.'
[ 9498.705s] TEXT: '.....'
[ 9498.705s] FRAME (len=56): 38 00 11 00 01 00 00 00 01 00 46 81 9E E3 00 1D 00 0F 20 00 F8 0A 68 27 56 CF 00 00 00 00 00 00 61 07 73 62 23 00 05 00 00 88 00 00 98 00 9F 00 09 00 00 00 2E 0E 53 4F
[ 9498.705s] FRAME (len=12): 0C 00 11 00 00 00 00 00 01 00 61 76
[ 9504.931s] TEXT: '...;.'
[ 9504.931s] TEXT: '.....'
[ 9504.931s] FRAME (len=56): 38 00 11 00 01 00 00 00 01 00 46 81 9E E3 00 1D 00 0F 20 00 F8 0A 68 27 56 CF 00 00 00 00 00 00 61 07 73 62 23 00 05 00 00 88 00 00 98 00 9F 00 09 00 00 00 2E 0E 53 4F
[ 9504.931s] FRAME (len=12): 0C 00 11 00 00 00 00 00 01 00 61 76
[ 9511.362s] TEXT: '...;.'
[ 9511.362s] TEXT: '.....'
[ 9511.362s] TEXT: '.....'
[ 9511.362s] FRAME (len=56): 38 00 11 00 01 00 00 00 01 00 46 81 9E E3 00 1D 00 0F 20 00 F9 0A 69 27 56 83 00 00 00 00 00 00 61 07 73 62 23 00 05 00 00 88 00 00 98 00 9F 00 09 00 00 00 08 0E 03 EC
[ 9511.362s] FRAME (len=12): 0C 00 11 00 00 00 00 00 01 00 61 76
[ 9511.362s] FRAME (len=12): 0C 00 11 00 0B 00 00 00 01 00 C3 B5
[ 9516.325s] TEXT: '...;.'
[ 9516.325s] FRAME (len=56): 38 00 11 00 01 00 00 00 01 00 00 12 4B 00 38 0D 16 FD 03 00 CD 08 6B 27 31 65 D4 FF 64 00 EE 02 00 00 00 00 00 00 0A 04 00 00 00 00 00 00 06 01 00 00 00 00 00 00 89 79
[ 9517.356s] TEXT: '....TX failed: 0xc....TX failed: 0xc...;.'
[ 9517.356s] FRAME (len=56): 38 00 11 00 01 00 00 00 01 00 46 81 9E E3 00 1D 00 0F 20 00 F9 0A 69 27 56 83 00 00 00 00 00 00 61 07 73 62 23 00 05 00 00 88 00 00 98 00 9F 00 09 00 00 00 08 0E 03 EC
[ 9517.562s] TEXT: '.....'
[ 9517.562s] FRAME (len=12): 0C 00 11 00 00 00 00 00 01 00 61 76
[ 9523.571s] TEXT: '...;.'
[ 9523.571s] TEXT: '.....'
[ 9523.571s] FRAME (len=56): 38 00 11 00 01 00 00 00 01 00 46 81 9E E3 00 1D 00 0F 20 00 F9 0A 69 27 56 83 00 00 00 00 00 00 61 07 73 62 23 00 05 00 00 88 00 00 98 00 9F 00 09 00 00 00 08 0E 03 EC
[ 9523.571s] FRAME (len=12): 0C 00 11 00 00 00 00 00 01 00 61 76
[ 9529.985s] TEXT: '...;.'
[ 9529.985s] TEXT: '.....'
[ 9529.985s] FRAME (len=56): 38 00 11 00 01 00 00 00 01 00 46 81 9E E3 00 1D 00 0F 20 00 F9 0A 69 27 56 83 00 00 00 00 00 00 61 07 73 62 23 00 05 00 00 88 00 00 98 00 9F 00 09 00 00 00 08 0E 03 EC
[ 9529.985s] FRAME (len=12): 0C 00 11 00 00 00 00 00 01 00 61 76
[ 9536.201s] TEXT: '...;.'
[ 9536.201s] TEXT: '.....'
[ 9536.201s] TEXT: '.....'
[ 9536.201s] TEXT: '.....'
[ 9536.201s] FRAME (len=56): 38 00 11 00 01 00 00 00 01 00 46 81 9E E3 00 1D 00 0F 20 00 04 0B 69 27 56 A3 00 00 00 00 00 00 61 07 73 62 23 00 06 00 00 88 00 00 98 00 9F 00 09 00 00 00 41 0E 62 AF
[ 9536.201s] FRAME (len=16): 10 00 11 00 08 00 00 00 01 00 04 00 00 00 34 99
[ 9536.201s] FRAME (len=12): 0C 00 11 00 00 00 00 00 01 00 61 76
[ 9536.201s] FRAME (len=12): 0C 00 11 00 0B 00 00 00 01 00 C3 B5
[ 9542.418s] TEXT: '...;.'
[ 9542.418s] TEXT: '.....'
[ 9542.418s] FRAME (len=56): 38 00 11 00 01 00 00 00 01 00 46 81 9E E3 00 1D 00 0F 20 00 04 0B 69 27 56 A3 00 00 00 00 00 00 61 07 73 62 23 00 06 00 00 88 00 00 98 00 9F 00 09 00 00 00 41 0E 62 AF
[ 9542.418s] FRAME (len=12): 0C 00 11 00 00 00 00 00 01 00 61 76
[ 9542.826s] TEXT: '...;.'
[ 9542.826s] FRAME (len=25): 38 00 11 00 01 00 00 00 01 00 00 12 4B 00 38 0D 16 FD 03 00 CD 08 6B 27 31
[ 9548.433s] TEXT: '..d.........\n................q}....TX succeeded...;.'
[ 9548.433s] FRAME (len=56): 38 00 11 00 01 00 00 00 01 00 46 81 9E E3 00 1D 00 0F 20 00 04 0B 69 27 56 A3 00 00 00 00 00 00 61 07 73 62 23 00 06 00 00 88 00 00 98 00 9F 00 09 00 00 00 41 0E 62 AF
[ 9548.643s] TEXT: '.....'
[ 9548.643s] FRAME (len=12): 0C 00 11 00 00 00 00 00 01 00 61 76
[ 9554.641s] TEXT: '...;.'
[ 9554.641s] TEXT: '.....'
[ 9554.641s] FRAME (len=56): 38 00 11 00 01 00 00 00 01 00 46 81 9E E3 00 1D 00 0F 20 00 04 0B 69 27 56 A3 00 00 00 00 00 00 61 07 73 62 23 00 06 00 00 88 00 00 98 00 9F 00 09 00 00 00 41 0E 62 AF
[ 9554.641s] FRAME (len=12): 0C 00 11 00 00 00 00 00 01 00 61 76
[ 9561.066s] TEXT: '...;.'
[ 9561.066s] TEXT: '.....'
[ 9561.066s] TEXT: '.....'
[ 9561.066s] FRAME (len=56): 38 00 11 00 01 00 00 00 01 00 46 81 9E E3 00 1D 00 0F 20 00 02 0B 69 27 56 B3 00 00 00 00 00 00 61 07 73 62 23 00 05 00 00 88 00 00 98 00 9F 00 09 00 00 00 1B 0E 69 21
[ 9561.066s] FRAME (len=12): 0C 00 11 00 00 00 00 00 01 00 61 76
[ 9561.066s] FRAME (len=12): 0C 00 11 00 0B 00 00 00 01 00 C3 B5
[ 9567.271s] TEXT: '...;.'
[ 9567.271s] TEXT: '.....'
[ 9567.271s] FRAME (len=56): 38 00 11 00 01 00 00 00 01 00 46 81 9E E3 00 1D 00 0F 20 00 02 0B 69 27 56 B3 00 00 00 00 00 00 61 07 73 62 23 00 05 00 00 88 00 00 98 00 9F 00 09 00 00 00 1B 0E 69 21
[ 9567.271s] FRAME (len=12): 0C 00 11 00 00 00 00 00 01 00 61 76
[ 9568.507s] TEXT: '...;.'
[ 9568.507s] FRAME (len=56): 38 00 11 00 01 00 00 00 01 00 00 12 4B 00 38 0D 16 FD 03 00 CD 08 6B 27 31 75 D4 FF 64 00 EE 02 00 00 00 00 00 00 0A 04 00 00 00 00 00 00 06 01 00 00 00 00 00 00 06 86
[ 9573.278s] TEXT: '....TX succeeded...;.'
[ 9573.278s] FRAME (len=56): 38 00 11 00 01 00 00 00 01 00 46 81 9E E3 00 1D 00 0F 20 00 02 0B 69 27 56 B3 00 00 00 00 00 00 61 07 73 62 23 00 05 00 00 88 00 00 98 00 9F 00 09 00 00 00 1B 0E 69 21
[ 9573.481s] TEXT: '.....'
[ 9573.481s] FRAME (len=12): 0C 00 11 00 00 00 00 00 01 00 61 76
[ 9579.487s] TEXT: '...;.'
[ 9579.487s] TEXT: '.....'
[ 9579.487s] FRAME (len=56): 38 00 11 00 01 00 00 00 01 00 46 81 9E E3 00 1D 00 0F 20 00 02 0B 69 27 56 B3 00 00 00 00 00 00 61 07 73 62 23 00 05 00 00 88 00 00 98 00 9F 00 09 00 00 00 1B 0E 69 21
[ 9579.487s] FRAME (len=12): 0C 00 11 00 00 00 00 00 01 00 61 76
[ 9585.905s] TEXT: '....ERR: Uart framing error....ERR: Uart unknown error...;.'
[ 9585.905s] TEXT: '.....'
[ 9585.905s] TEXT: '.....'
[ 9585.905s] TEXT: '.....'
[ 9585.905s] FRAME (len=56): 38 00 11 00 01 00 00 00 01 00 46 81 9E E3 00 1D 00 0F 20 00 FE 0A 69 27 56 B5 00 00 00 00 00 00 61 07 73 62 23 00 05 00 00 88 00 00 98 00 9F 00 09 00 00 00 41 0E 69 AD
[ 9585.905s] FRAME (len=16): 10 00 11 00 08 00 00 00 01 00 04 00 00 00 34 99
[ 9585.905s] FRAME (len=12): 0C 00 11 00 00 00 00 00 01 00 61 76
[ 9585.905s] FRAME (len=12): 0C 00 11 00 0B 00 00 00 01 00 C3 B5
[ 9592.097s] TEXT: '...;.'
[ 9592.097s] TEXT: '.....'
[ 9592.097s] FRAME (len=56): 38 00 11 00 01 00 00 00 01 00 46 81 9E E3 00 1D 00 0F 20 00 FE 0A 69 27 56 B5 00 00 00 00 00 00 61 07 73 62 23 00 05 00 00 88 00 00 98 00 9F 00 09 00 00 00 41 0E 69 AD
[ 9592.097s] FRAME (len=12): 0C 00 11 00 00 00 00 00 01 00 61 76
[ 9594.145s] TEXT: '...;.'
[ 9594.350s] FRAME (len=56): 38 00 11 00 01 00 00 00 01 00 00 12 4B 00 38 0D 16 FD 03 00 CD 08 6B 27 31 11 D4 FF 64 00 EE 02 00 00 00 00 00 00 0A 04 00 00 00 00 00 00 06 01 00 00 00 00 00 00 9D 54
[ 9598.275s] TEXT: '....TX succeeded...;.'
[ 9598.275s] TEXT: '.....'
[ 9598.275s] FRAME (len=56): 38 00 11 00 01 00 00 00 01 00 46 81 9E E3 00 1D 00 0F 20 00 FE 0A 69 27 56 B5 00 00 00 00 00 00 61 07 73 62 23 00 05 00 00 88 00 00 98 00 9F 00 09 00 00 00 41 0E 69 AD
[ 9598.275s] FRAME (len=12): 0C 00 11 00 00 00 00 00 01 00 61 76
[ 9604.513s] TEXT: '...;.'
[ 9604.513s] TEXT: '.....'
[ 9604.513s] FRAME (len=56): 38 00 11 00 01 00 00 00 01 00 46 81 9E E3 00 1D 00 0F 20 00 FE 0A 69 27 56 B5 00 00 00 00 00 00 61 07 73 62 23 00 05 00 00 88 00 00 98 00 9F 00 09 00 00 00 41 0E 69 AD
[ 9604.513s] FRAME (len=12): 0C 00 11 00 00 00 00 00 01 00 61 76
[ 9610.948s] TEXT: '...;.'
[ 9610.948s] TEXT: '.....'
[ 9610.948s] TEXT: '.....'
[ 9610.948s] FRAME (len=56): 38 00 11 00 01 00 00 00 01 00 46 81 9E E3 00 1D 00 0F 20 00 EE 0A 69 27 56 9F 00 00 00 00 00 00 61 07 73 62 24 00 05 00 00 88 00 00 98 00 9F 00 09 00 00 00 41 0E C0 E7
[ 9610.948s] FRAME (len=12): 0C 00 11 00 00 00 00 00 01 00 61 76
[ 9610.948s] FRAME (len=12): 0C 00 11 00 0B 00 00 00 01 00 C3 B5
[ 9616.949s] TEXT: '...;.'
[ 9616.949s] TEXT: '.....'
[ 9616.949s] FRAME (len=56): 38 00 11 00 01 00 00 00 01 00 46 81 9E E3 00 1D 00 0F 20 00 EE 0A 69 27 56 9F 00 00 00 00 00 00 61 07 73 62 24 00 05 00 00 88 00 00 98 00 9F 00 09 00 00 00 41 0E C0 E7
[ 9616.949s] FRAME (len=12): 0C 00 11 00 00 00 00 00 01 00 61 76
[ 9619.854s] TEXT: '...;.'
[ 9619.854s] FRAME (len=56): 38 00 11 00 01 00 00 00 01 00 00 12 4B 00 38 0D 16 FD 03 00 CD 08 6B 27 31 15 D4 FF 64 00 EE 02 00 00 00 00 00 00 0A 04 00 00 00 00 00 00 06 01 00 00 00 00 00 00 66 A7
[ 9623.175s] TEXT: '....TX succeeded...;.'
[ 9623.175s] TEXT: '.....'
[ 9623.175s] FRAME (len=56): 38 00 11 00 01 00 00 00 01 00 46 81 9E E3 00 1D 00 0F 20 00 EE 0A 69 27 56 9F 00 00 00 00 00 00 61 07 73 62 24 00 05 00 00 88 00 00 98 00 9F 00 09 00 00 00 41 0E C0 E7
[ 9623.175s] FRAME (len=12): 0C 00 11 00 00 00 00 00 01 00 61 76
[ 9629.404s] TEXT: '...;.'
[ 9629.404s] TEXT: '.....'
[ 9629.404s] FRAME (len=56): 38 00 11 00 01 00 00 00 01 00 46 81 9E E3 00 1D 00 0F 20 00 EE 0A 69 27 56 9F 00 00 00 00 00 00 61 07 73 62 24 00 05 00 00 88 00 00 98 00 9F 00 09 00 00 00 41 0E C0 E7
[ 9629.404s] FRAME (len=12): 0C 00 11 00 00 00 00 00 01 00 61 76
[ 9635.654s] TEXT: '...;.'
[ 9635.654s] TEXT: '.....'
[ 9635.654s] TEXT: '.....'
[ 9635.654s] FRAME (len=56): 38 00 11 00 01 00 00 00 01 00 46 81 9E E3 00 1D 00 0F 20 00 F1 0A 69 27 56 93 00 00 00 00 00 00 61 07 73 62 24 00 06 00 00 88 00 00 98 00 9F 00 09 00 00 00 54 0E 6A E1
[ 9635.654s] FRAME (len=12): 0C 00 11 00 00 00 00 00 01 00 61 76
[ 9635.654s] FRAME (len=12): 0C 00 11 00 0B 00 00 00 01 00 C3 B5
[ 9641.883s] TEXT: '...;.'
[ 9641.883s] TEXT: '.....'
[ 9641.883s] FRAME (len=56): 38 00 11 00 01 00 00 00 01 00 46 81 9E E3 00 1D 00 0F 20 00 F1 0A 69 27 56 93 00 00 00 00 00 00 61 07 73 62 24 00 06 00 00 88 00 00 98 00 9F 00 09 00 00 00 54 0E 6A E1
[ 9641.883s] FRAME (len=12): 0C 00 11 00 00 00 00 00 01 00 61 76
[ 9645.612s] TEXT: '...;.'
[ 9645.612s] FRAME (len=56): 38 00 11 00 01 00 00 00 01 00 00 12 4B 00 38 0D 16 FD 03 00 CD 08 6C 27 31 05 D4 FF 64 00 EE 02 00 00 00 00 00 00 0A 04 00 00 00 00 00 00 06 01 00 00 00 00 00 00 1A C6
[ 9647.902s] TEXT: '....TX succeeded...;.'
[ 9647.902s] FRAME (len=56): 38 00 11 00 01 00 00 00 01 00 46 81 9E E3 00 1D 00 0F 20 00 F1 0A 69 27 56 93 00 00 00 00 00 00 61 07 73 62 24 00 06 00 00 88 00 00 98 00 9F 00 09 00 00 00 54 0E 6A E1
[ 9648.105s] TEXT: '.....'
[ 9648.105s] FRAME (len=12): 0C 00 11 00 00 00 00 00 01 00 61 76
[ 9654.138s] TEXT: '...;.'
[ 9654.138s] TEXT: '.....'
[ 9654.138s] FRAME (len=56): 38 00 11 00 01 00 00 00 01 00 46 81 9E E3 00 1D 00 0F 20 00 F1 0A 69 27 56 93 00 00 00 00 00 00 61 07 73 62 24 00 06 00 00 88 00 00 98 00 9F 00 09 00 00 00 54 0E 6A E1
[ 9654.138s] FRAME (len=12): 0C 00 11 00 00 00 00 00 01 00 61 76
[ 9660.571s] TEXT: '...;.'
[ 9660.571s] TEXT: '.....'
[ 9660.571s] TEXT: '.....'
[ 9660.571s] FRAME (len=56): 38 00 11 00 01 00 00 00 01 00 46 81 9E E3 00 1D 00 0F 20 00 FF 0A 69 27 56 AD 00 00 00 00 00 00 61 07 73 62 23 00 06 00 00 88 00 00 98 00 9F 00 09 00 00 00 2E 0E 4D CA
[ 9660.571s] FRAME (len=12): 0C 00 11 00 00 00 00 00 01 00 61 76
[ 9660.571s] FRAME (len=12): 0C 00 11 00 0B 00 00 00 01 00 C3 B5
[ 9666.574s] TEXT: '...;.'
[ 9666.574s] TEXT: '.....'
[ 9666.574s] FRAME (len=56): 38 00 11 00 01 00 00 00 01 00 46 81 9E E3 00 1D 00 0F 20 00 FF 0A 69 27 56 AD 00 00 00 00 00 00 61 07 73 62 23 00 06 00 00 88 00 00 98 00 9F 00 09 00 00 00 2E 0E 4D CA
[ 9666.574s] FRAME (len=12): 0C 00 11 00 00 00 00 00 01 00 61 76
[ 9672.165s] TEXT: '...;.'
[ 9672.374s] FRAME (len=56): 38 00 11 00 01 00 00 00 01 00 00 12 4B 00 38 0D 16 FD 03 00 CD 08 6C 27 31 1D D4 FF 64 00 EE 02 00 00 00 00 00 00 0A 04 00 00 00 00 00 00 06 01 00 00 00 00 00 00 42 CE
[ 9672.780s] TEXT: '....TX succeeded...;.'
[ 9672.780s] TEXT: '.....'
[ 9672.780s] FRAME (len=56): 38 00 11 00 01 00 00 00 01 00 46 81 9E E3 00 1D 00 0F 20 00 FF 0A 69 27 56 AD 00 00 00 00 00 00 61 07 73 62 23 00 06 00 00 88 00 00 98 00 9F 00 09 00 00 00 2E 0E 4D CA
[ 9672.780s] FRAME (len=12): 0C 00 11 00 00 00 00 00 01 00 61 76
[ 9678.997s] TEXT: '...;.'
[ 9678.997s] TEXT: '.....'
[ 9678.997s] FRAME (len=56): 38 00 11 00 01 00 00 00 01 00 46 81 9E E3 00 1D 00 0F 20 00 FF 0A 69 27 56 AD 00 00 00 00 00 00 61 07 73 62 23 00 06 00 00 88 00 00 98 00 9F 00 09 00 00 00 2E 0E 4D CA
[ 9678.997s] FRAME (len=12): 0C 00 11 00 00 00 00 00 01 00 61 76
[ 9685.394s] TEXT: '...;.'
[ 9685.394s] TEXT: '.....'
[ 9685.394s] TEXT: '.....'
[ 9685.394s] FRAME (len=56): 38 00 11 00 01 00 00 00 01 00 46 81 9E E3 00 1D 00 0F 20 00 FF 0A 69 27 56 BF 00 00 00 00 00 00 61 07 73 62 23 00 05 00 00 88 00 00 98 00 9F 00 09 00 00 00 2E 0E 62 2C
[ 9685.394s] FRAME (len=12): 0C 00 11 00 00 00 00 00 01 00 61 76
[ 9685.394s] FRAME (len=12): 0C 00 11 00 0B 00 00 00 01 00 C3 B5
[ 9691.607s] TEXT: '...;.'
[ 9691.607s] TEXT: '.....'
[ 9691.607s] FRAME (len=56): 38 00 11 00 01 00 00 00 01 00 46 81 9E E3 00 1D 00 0F 20 00 FF 0A 69 27 56 BF 00 00 00 00 00 00 61 07 73 62 23 00 05 00 00 88 00 00 98 00 9F 00 09 00 00 00 2E 0E 62 2C
[ 9691.607s] FRAME (len=12): 0C 00 11 00 00 00 00 00 01 00 61 76
[ 9697.831s] TEXT: '....ERR: Uart framing error...;.'
[ 9697.831s] TEXT: '.....'
[ 9697.831s] FRAME (len=56): 38 00 11 00 01 00 00 00 01 00 46 81 9E E3 00 1D 00 0F 20 00 FF 0A 69 27 56 BF 00 00 00 00 00 00 61 07 73 62 23 00 05 00 00 88 00 00 98 00 9F 00 09 00 00 00 2E 0E 62 2C
[ 9697.831s] FRAME (len=12): 0C 00 11 00 00 00 00 00 01 00 61 76
[ 9698.038s] TEXT: '...;.'
[ 9698.038s] FRAME (len=56): 38 00 11 00 01 00 00 00 01 00 00 12 4B 00 38 0D 16 FD 03 00 CD 08 6C 27 31 1D D4 FF 64 00 EE 02 00 00 00 00 00 00 0A 04 00 00 00 00 00 00 06 01 00 00 00 00 00 00 42 CE
[ 9703.844s] TEXT: '....TX succeeded...;.'
[ 9703.844s] FRAME (len=56): 38 00 11 00 01 00 00 00 01 00 46 81 9E E3 00 1D 00 0F 20 00 FF 0A 69 27 56 BF 00 00 00 00 00 00 61 07 73 62 23 00 05 00 00 88 00 00 98 00 9F 00 09 00 00 00 2E 0E 62 2C
[ 9704.052s] TEXT: '.....'
[ 9704.052s] FRAME (len=12): 0C 00 11 00 00 00 00 00 01 00 61 76
[ 9710.275s] TEXT: '...;.'
[ 9710.275s] TEXT: '.....'
[ 9710.275s] TEXT: '.....'
[ 9710.275s] FRAME (len=56): 38 00 11 00 01 00 00 00 01 00 46 81 9E E3 00 1D 00 0F 20 00 FD 0A 6A 27 56 85 00 00 00 00 00 00 61 07 73 62 24 00 05 00 00 88 00 00 98 00 9F 00 09 00 00 00 41 0E 88 12
[ 9710.275s] FRAME (len=12): 0C 00 11 00 00 00 00 00 01 00 61 76
[ 9710.275s] FRAME (len=12): 0C 00 11 00 0B 00 00 00 01 00 C3 B5
[ 9716.468s] TEXT: '...;.'
[ 9716.468s] TEXT: '.....'
[ 9716.468s] FRAME (len=56): 38 00 11 00 01 00 00 00 01 00 46 81 9E E3 00 1D 00 0F 20 00 FD 0A 6A 27 56 85 00 00 00 00 00 00 61 07 73 62 24 00 05 00 00 88 00 00 98 00 9F 00 09 00 00 00 41 0E 88 12
[ 9716.468s] FRAME (len=12): 0C 00 11 00 00 00 00 00 01 00 61 76
[ 9722.684s] TEXT: '...;.'
[ 9722.684s] TEXT: '.....'
[ 9722.684s] FRAME (len=56): 38 00 11 00 01 00 00 00 01 00 46 81 9E E3 00 1D 00 0F 20 00 FD 0A 6A 27 56 85 00 00 00 00 00 00 61 07 73 62 24 00 05 00 00 88 00 00 98 00 9F 00 09 00 00 00 41 0E 88 12
[ 9722.684s] FRAME (len=12): 0C 00 11 00 00 00 00 00 01 00 61 76
[ 9723.511s] TEXT: '...;.'
[ 9723.718s] FRAME (len=56): 38 00 11 00 01 00 00 00 01 00 00 12 4B 00 38 0D 16 FD 03 00 CE 08 6C 27 31 35 D4 FF 64 00 EE 02 00 00 00 00 00 00 0A 04 00 00 00 00 00 00 06 01 00 00 00 00 00 00 E4 62
[ 9728.675s] TEXT: '....TX succeeded...;.'
[ 9728.877s] TEXT: '.....'
[ 9728.877s] FRAME (len=56): 38 00 11 00 01 00 00 00 01 00 46 81 9E E3 00 1D 00 0F 20 00 FD 0A 6A 27 56 85 00 00 00 00 00 00 61 07 73 62 24 00 05 00 00 88 00 00 98 00 9F 00 09 00 00 00 41 0E 88 12
[ 9728.877s] FRAME (len=12): 0C 00 11 00 00 00 00 00 01 00 61 76
[ 9735.097s] TEXT: '...;.'
[ 9735.097s] TEXT: '.....'
[ 9735.097s] TEXT: '.....'
[ 9735.097s] TEXT: '.....'
[ 9735.097s] FRAME (len=56): 38 00 11 00 01 00 00 00 01 00 46 81 9E E3 00 1D 00 0F 20 00 05 0B 69 27 56 AB 00 00 00 00 00 00 61 07 73 62 23 00 05 00 00 88 00 00 98 00 9F 00 09 00 00 00 2E 0E C9 37
[ 9735.097s] FRAME (len=16): 10 00 11 00 08 00 00 00 01 00 04 00 00 00 34 99
[ 9735.097s] FRAME (len=12): 0C 00 11 00 00 00 00 00 01 00 61 76
[ 9735.097s] FRAME (len=12): 0C 00 11 00 0B 00 00 00 01 00 C3 B5
[ 9741.328s] TEXT: '...;.'
[ 9741.328s] TEXT: '.....'
[ 9741.328s] FRAME (len=56): 38 00 11 00 01 00 00 00 01 00 46 81 9E E3 00 1D 00 0F 20 00 05 0B 69 27 56 AB 00 00 00 00 00 00 61 07 73 62 23 00 05 00 00 88 00 00 98 00 9F 00 09 00 00 00 2E 0E C9 37
[ 9741.328s] FRAME (len=12): 0C 00 11 00 00 00 00 00 01 00 61 76
[ 9747.545s] TEXT: '...;.'
[ 9747.545s] TEXT: '.....'
[ 9747.545s] FRAME (len=56): 38 00 11 00 01 00 00 00 01 00 46 81 9E E3 00 1D 00 0F 20 00 05 0B 69 27 56 AB 00 00 00 00 00 00 61 07 73 62 23 00 05 00 00 88 00 00 98 00 9F 00 09 00 00 00 2E 0E C9 37
[ 9747.545s] FRAME (len=12): 0C 00 11 00 00 00 00 00 01 00 61 76
[ 9749.211s] TEXT: '...;.'
[ 9749.211s] FRAME (len=56): 38 00 11 00 01 00 00 00 01 00 00 12 4B 00 38 0D 16 FD 03 00 CD 08 6C 27 31 2D D4 FF 64 00 EE 02 00 00 00 00 00 00 0A 04 00 00 00 00 00 00 06 01 00 00 00 00 00 00 F2 DE
[ 9753.567s] TEXT: '....TX succeeded...;.'
[ 9753.567s] FRAME (len=56): 38 00 11 00 01 00 00 00 01 00 46 81 9E E3 00 1D 00 0F 20 00 05 0B 69 27 56 AB 00 00 00 00 00 00 61 07 73 62 23 00 05 00 00 88 00 00 98 00 9F 00 09 00 00 00 2E 0E C9 37
[ 9753.770s] TEXT: '.....'
[ 9753.770s] FRAME (len=12): 0C 00 11 00 00 00 00 00 01 00 61 76
[ 9759.970s] TEXT: '...;.'
[ 9759.970s] TEXT: '.....'
[ 9759.970s] TEXT: '.....'
[ 9759.970s] FRAME (len=56): 38 00 11 00 01 00 00 00 01 00 46 81 9E E3 00 1D 00 0F 20 00 02 0B 6A 27 56 89 00 00 00 00 00 00 61 07 73 62 23 00 05 00 00 88 00 00 98 00 9F 00 09 00 00 00 2E 0E 49 26
[ 9759.970s] FRAME (len=12): 0C 00 11 00 00 00 00 00 01 00 61 76
[ 9759.970s] FRAME (len=12): 0C 00 11 00 0B 00 00 00 01 00 C3 B5
[ 9766.195s] TEXT: '...;.'
[ 9766.195s] TEXT: '.....'
[ 9766.195s] FRAME (len=56): 38 00 11 00 01 00 00 00 01 00 46 81 9E E3 00 1D 00 0F 20 00 02 0B 6A 27 56 89 00 00 00 00 00 00 61 07 73 62 23 00 05 00 00 88 00 00 98 00 9F 00 09 00 00 00 2E 0E 49 26
[ 9766.195s] FRAME (len=12): 0C 00 11 00 00 00 00 00 01 00 61 76
[ 9772.412s] TEXT: '...;.'
[ 9772.412s] TEXT: '.....'
[ 9772.412s] FRAME (len=56): 38 00 11 00 01 00 00 00 01 00 46 81 9E E3 00 1D 00 0F 20 00 02 0B 6A 27 56 89 00 00 00 00 00 00 61 07 73 62 23 00 05 00 00 88 00 00 98 00 9F 00 09 00 00 00 2E 0E 49 26
[ 9772.412s] FRAME (len=12): 0C 00 11 00 00 00 00 00 01 00 61 76
[ 9774.892s] TEXT: '...;.'
[ 9774.892s] FRAME (len=56): 38 00 11 00 01 00 00 00 01 00 00 12 4B 00 38 0D 16 FD 03 00 CD 08 6C 27 31 41 D4 FF 64 00 EE 02 00 00 00 00 00 00 0A 04 00 00 00 00 00 00 06 01 00 00 00 00 00 00 BE FB
[ 9778.411s] TEXT: '....TX succeeded...;.'
[ 9778.411s] FRAME (len=56): 38 00 11 00 01 00 00 00 01 00 46 81 9E E3 00 1D 00 0F 20 00 02 0B 6A 27 56 89 00 00 00 00 00 00 61 07 73 62 23 00 05 00 00 88 00 00 98 00 9F 00 09 00 00 00 2E 0E 49 26
[ 9778.622s] TEXT: '.....'
[ 9778.622s] FRAME (len=12): 0C 00 11 00 00 00 00 00 01 00 61 76
[ 9784.822s] TEXT: '...;.'
[ 9784.822s] TEXT: '.....'
[ 9784.822s] TEXT: '.....'
[ 9784.822s] TEXT: '.....'
[ 9784.822s] FRAME (len=56): 38 00 11 00 01 00 00 00 01 00 46 81 9E E3 00 1D 00 0F 20 00 00 0B 69 27 55 BB 00 00 00 00 00 00 61 07 73 62 23 00 06 00 00 88 00 00 98 00 9F 00 09 00 00 00 41 0E CD EC
[ 9784.822s] FRAME (len=16): 10 00 11 00 08 00 00 00 01 00 04 00 00 00 34 99
[ 9784.822s] FRAME (len=12): 0C 00 11 00 00 00 00 00 01 00 61 76
[ 9784.822s] FRAME (len=12): 0C 00 11 00 0B 00 00 00 01 00 C3 B5
[ 9791.028s] TEXT: '...;.'
[ 9791.028s] TEXT: '.....'
[ 9791.028s] FRAME (len=56): 38 00 11 00 01 00 00 00 01 00 46 81 9E E3 00 1D 00 0F 20 00 00 0B 69 27 55 BB 00 00 00 00 00 00 61 07 73 62 23 00 06 00 00 88 00 00 98 00 9F 00 09 00 00 00 41 0E CD EC
[ 9791.028s] FRAME (len=12): 0C 00 11 00 00 00 00 00 01 00 61 76
[ 9797.264s] TEXT: '...;.'
[ 9797.264s] TEXT: '.....'
[ 9797.264s] FRAME (len=56): 38 00 11 00 01 00 00 00 01 00 46 81 9E E3 00 1D 00 0F 20 00 00 0B 69 27 55 BB 00 00 00 00 00 00 61 07 73 62 23 00 06 00 00 88 00 00 98 00 9F 00 09 00 00 00 41 0E CD EC
[ 9797.264s] FRAME (len=12): 0C 00 11 00 00 00 00 00 01 00 61 76
[ 9800.579s] TEXT: '...;.'
[ 9800.579s] FRAME (len=56): 38 00 11 00 01 00 00 00 01 00 00 12 4B 00 38 0D 16 FD 03 00 CD 08 6C 27 31 39 D4 FF 64 00 EE 02 00 00 00 00 00 00 0A 04 00 00 00 00 00 00 06 01 00 00 00 00 00 00 86 D2
[ 9803.270s] TEXT: '....TX failed: 0xc....TX failed: 0xc...;.'
[ 9803.474s] TEXT: '.....'
[ 9803.474s] FRAME (len=56): 38 00 11 00 01 00 00 00 01 00 46 81 9E E3 00 1D 00 0F 20 00 00 0B 69 27 55 BB 00 00 00 00 00 00 61 07 73 62 23 00 06 00 00 88 00 00 98 00 9F 00 09 00 00 00 41 0E CD EC
[ 9803.474s] FRAME (len=12): 0C 00 11 00 00 00 00 00 01 00 61 76
[ 9809.695s] TEXT: '...;.'
[ 9809.695s] TEXT: '.....'
[ 9809.695s] TEXT: '.....'
[ 9809.695s] FRAME (len=56): 38 00 11 00 01 00 00 00 01 00 46 81 9E E3 00 1D 00 0F 20 00 FF 0A 6A 27 56 A1 00 00 00 00 00 00 61 07 73 62 23 00 05 00 00 88 00 00 98 00 9F 00 09 00 00 00 2E 0E E6 CD
[ 9809.695s] FRAME (len=12): 0C 00 11 00 00 00 00 00 01 00 61 76
[ 9809.695s] FRAME (len=12): 0C 00 11 00 0B 00 00 00 01 00 C3 B5
[ 9815.921s] TEXT: '...;.'
[ 9815.921s] TEXT: '.....'
[ 9815.921s] FRAME (len=56): 38 00 11 00 01 00 00 00 01 00 46 81 9E E3 00 1D 00 0F 20 00 FF 0A 6A 27 56 A1 00 00 00 00 00 00 61 07 73 62 23 00 05 00 00 88 00 00 98 00 9F 00 09 00 00 00 2E 0E E6 CD
[ 9815.921s] FRAME (len=12): 0C 00 11 00 00 00 00 00 01 00 61 76
[ 9822.153s] TEXT: '...;.'
[ 9822.153s] TEXT: '.....'
[ 9822.153s] FRAME (len=56): 38 00 11 00 01 00 00 00 01 00 46 81 9E E3 00 1D 00 0F 20 00 FF 0A 6A 27 56 A1 00 00 00 00 00 00 61 07 73 62 23 00 05 00 00 88 00 00 98 00 9F 00 09 00 00 00 2E 0E E6 CD
[ 9822.153s] FRAME (len=12): 0C 00 11 00 00 00 00 00 01 00 61 76
[ 9827.362s] TEXT: '...;.'
[ 9827.362s] FRAME (len=56): 38 00 11 00 01 00 00 00 01 00 00 12 4B 00 38 0D 16 FD 03 00 CD 08 6C 27 31 19 D4 FF 64 00 EE 02 00 00 00 00 00 00 0A 04 00 00 00 00 00 00 06 01 00 00 00 00 00 00 B9 3D
[ 9828.190s] TEXT: '....TX succeeded...;.'
[ 9828.190s] TEXT: '.....'
[ 9828.190s] FRAME (len=56): 38 00 11 00 01 00 00 00 01 00 46 81 9E E3 00 1D 00 0F 20 00 FF 0A 6A 27 56 A1 00 00 00 00 00 00 61 07 73 62 23 00 05 00 00 88 00 00 98 00 9F 00 09 00 00 00 2E 0E E6 CD
[ 9828.190s] FRAME (len=12): 0C 00 11 00 00 00 00 00 01 00 61 76
[ 9834.607s] TEXT: '...;.'
[ 9834.607s] TEXT: '.....'
[ 9834.607s] TEXT: '.....'
[ 9834.607s] FRAME (len=56): 38 00 11 00 01 00 00 00 01 00 46 81 9E E3 00 1D 00 0F 20 00 F8 0A 69 27 56 CF 00 00 00 00 00 00 61 07 73 62 23 00 05 00 00 88 00 00 98 00 9F 00 09 00 00 00 1B 0E 75 EC
[ 9834.607s] FRAME (len=12): 0C 00 11 00 00 00 00 00 01 00 61 76
[ 9834.607s] FRAME (len=12): 0C 00 11 00 0B 00 00 00 01 00 C3 B5
[ 9840.625s] TEXT: '...;.'
[ 9840.625s] TEXT: '.....'
[ 9840.625s] FRAME (len=56): 38 00 11 00 01 00 00 00 01 00 46 81 9E E3 00 1D 00 0F 20 00 F8 0A 69 27 56 CF 00 00 00 00 00 00 61 07 73 62 23 00 05 00 00 88 00 00 98 00 9F 00 09 00 00 00 1B 0E 75 EC
[ 9840.625s] FRAME (len=12): 0C 00 11 00 00 00 00 00 01 00 61 76
[ 9846.851s] TEXT: '...;.'
[ 9846.851s] TEXT: '.....'
[ 9846.851s] FRAME (len=56): 38 00 11 00 01 00 00 00 01 00 46 81 9E E3 00 1D 00 0F 20 00 F8 0A 69 27 56 CF 00 00 00 00 00 00 61 07 73 62 23 00 05 00 00 88 00 00 98 00 9F 00 09 00 00 00 1B 0E 75 EC
[ 9846.851s] FRAME (len=12): 0C 00 11 00 00 00 00 00 01 00 61 76
[ 9853.054s] TEXT: '...;.'
[ 9853.054s] TEXT: '....TX succeeded...;.'
[ 9853.054s] TEXT: '.....'
[ 9853.054s] FRAME (len=56): 38 00 11 00 01 00 00 00 01 00 00 12 4B 00 38 0D 16 FD 03 00 CD 08 6C 27 31 29 D4 FF 64 00 EE 02 00 00 00 00 00 00 0A 04 00 00 00 00 00 00 06 01 00 00 00 00 00 00 09 2D
[ 9853.054s] FRAME (len=56): 38 00 11 00 01 00 00 00 01 00 46 81 9E E3 00 1D 00 0F 20 00 F8 0A 69 27 56 CF 00 00 00 00 00 00 61 07 73 62 23 00 05 00 00 88 00 00 98 00 9F 00 09 00 00 00 1B 0E 75 EC
[ 9853.054s] FRAME (len=12): 0C 00 11 00 00 00 00 00 01 00 61 76
[ 9859.491s] TEXT: '...;.'
[ 9859.491s] TEXT: '.....'
[ 9859.491s] TEXT: '.....'
[ 9859.491s] FRAME (len=56): 38 00 11 00 01 00 00 00 01 00 46 81 9E E3 00 1D 00 0F 20 00 F8 0A 6A 27 56 85 00 00 00 00 00 00 61 07 73 62 24 00 05 00 00 88 00 00 98 00 9F 00 09 00 00 00 2E 0E 6F C5
[ 9859.491s] FRAME (len=12): 0C 00 11 00 00 00 00 00 01 00 61 76
[ 9859.491s] FRAME (len=12): 0C 00 11 00 0B 00 00 00 01 00 C3 B5
[ 9865.502s] TEXT: '...;.'
[ 9865.502s] TEXT: '.....'
[ 9865.502s] FRAME (len=56): 38 00 11 00 01 00 00 00 01 00 46 81 9E E3 00 1D 00 0F 20 00 F8 0A 6A 27 56 85 00 00 00 00 00 00 61 07 73 62 24 00 05 00 00 88 00 00 98 00 9F 00 09 00 00 00 2E 0E 6F C5
[ 9865.502s] FRAME (len=12): 0C 00 11 00 00 00 00 00 01 00 61 76
[ 9871.898s] TEXT: '...;.'
[ 9871.898s] TEXT: '.....'
[ 9871.898s] FRAME (len=56): 38 00 11 00 01 00 00 00 01 00 46 81 9E E3 00 1D 00 0F 20 00 F8 0A 6A 27 56 85 00 00 00 00 00 00 61 07 73 62 24 00 05 00 00 88 00 00 98 00 9F 00 09 00 00 00 2E 0E 6F C5
[ 9871.898s] FRAME (len=12): 0C 00 11 00 00 00 00 00 01 00 61 76
[ 9878.111s] TEXT: '...;.'
[ 9878.111s] TEXT: '.....'
[ 9878.111s] FRAME (len=56): 38 00 11 00 01 00 00 00 01 00 46 81 9E E3 00 1D 00 0F 20 00 F8 0A 6A 27 56 85 00 00 00 00 00 00 61 07 73 62 24 00 05 00 00 88 00 00 98 00 9F 00 09 00 00 00 2E 0E 6F C5
[ 9878.111s] FRAME (len=12): 0C 00 11 00 00 00 00 00 01 00 61 76
[ 9878.738s] TEXT: '...;.'
[ 9878.738s] FRAME (len=56): 38 00 11 00 01 00 00 00 01 00 00 12 4B 00 38 0D 16 FD 03 00 CD 08 6C 27 31 2D D4 FF 64 00 EE 02 00 00 00 00 00 00 0A 04 00 00 00 00 00 00 06 01 00 00 00 00 00 00 F2 DE
[ 9884.329s] TEXT: '....TX succeeded...;.'
[ 9884.329s] TEXT: '.....'
[ 9884.329s] TEXT: '.....'
[ 9884.329s] FRAME (len=56): 38 00 11 00 01 00 00 00 01 00 46 81 9E E3 00 1D 00 0F 20 00 E8 0A 6A 27 56 83 00 00 00 00 00 00 61 07 73 62 24 00 05 00 00 88 00 00 98 00 9F 00 09 00 00 00 67 0E 54 23
[ 9884.329s] FRAME (len=12): 0C 00 11 00 00 00 00 00 01 00 61 76
[ 9884.329s] FRAME (len=12): 0C 00 11 00 0B 00 00 00 01 00 C3 B5
[ 9890.345s] TEXT: '...;.'
[ 9890.345s] TEXT: '.....'
[ 9890.345s] FRAME (len=56): 38 00 11 00 01 00 00 00 01 00 46 81 9E E3 00 1D 00 0F 20 00 E8 0A 6A 27 56 83 00 00 00 00 00 00 61 07 73 62 24 00 05 00 00 88 00 00 98 00 9F 00 09 00 00 00 67 0E 54 23
[ 9890.345s] FRAME (len=12): 0C 00 11 00 00 00 00 00 01 00 61 76
[ 9896.561s] TEXT: '...;.'
[ 9896.772s] TEXT: '.....'
[ 9896.772s] FRAME (len=56): 38 00 11 00 01 00 00 00 01 00 46 81 9E E3 00 1D 00 0F 20 00 E8 0A 6A 27 56 83 00 00 00 00 00 00 61 07 73 62 24 00 05 00 00 88 00 00 98 00 9F 00 09 00 00 00 67 0E 54 23
[ 9896.772s] FRAME (len=12): 0C 00 11 00 00 00 00 00 01 00 61 76
[ 9902.795s] TEXT: '...;.'
[ 9902.795s] TEXT: '.....'
[ 9902.795s] FRAME (len=56): 38 00 11 00 01 00 00 00 01 00 46 81 9E E3 00 1D 00 0F 20 00 E8 0A 6A 27 56 83 00 00 00 00 00 00 61 07 73 62 24 00 05 00 00 88 00 00 98 00 9F 00 09 00 00 00 67 0E 54 23
[ 9902.795s] FRAME (len=12): 0C 00 11 00 00 00 00 00 01 00 61 76
[ 9904.237s] TEXT: '...;.'
[ 9904.237s] FRAME (len=54): 38 00 11 00 01 00 00 00 01 00 00 12 4B 00 38 0D 16 FD 03 00 CD 08 6C 27 31 3D D4 FF 64 00 EE 02 00 00 00 00 00 00 0A 04 00 00 00 00 00 00 06 01 00 00 00 00 00 00
[ 9909.204s] TEXT: '!}....TX succeeded...;.'
[ 9909.204s] TEXT: '.....'
[ 9909.204s] TEXT: '.....'
[ 9909.204s] FRAME (len=56): 38 00 11 00 01 00 00 00 01 00 46 81 9E E3 00 1D 00 0F 20 00 01 0B 6A 27 55 89 00 00 00 00 00 00 61 07 73 62 23 00 05 00 00 88 00 00 98 00 9F 00 09 00 00 00 2E 0E 26 89
[ 9909.204s] FRAME (len=12): 0C 00 11 00 00 00 00 00 01 00 61 76
[ 9909.204s] FRAME (len=12): 0C 00 11 00 0B 00 00 00 01 00 C3 B5
[ 9915.203s] TEXT: '...;.'
[ 9915.203s] TEXT: '.....'
[ 9915.203s] FRAME (len=56): 38 00 11 00 01 00 00 00 01 00 46 81 9E E3 00 1D 00 0F 20 00 01 0B 6A 27 55 89 00 00 00 00 00 00 61 07 73 62 23 00 05 00 00 88 00 00 98 00 9F 00 09 00 00 00 2E 0E 26 89
[ 9915.203s] FRAME (len=12): 0C 00 11 00 00 00 00 00 01 00 61 76
[ 9921.429s] TEXT: '...;.'
[ 9921.639s] TEXT: '.....'
[ 9921.639s] FRAME (len=56): 38 00 11 00 01 00 00 00 01 00 46 81 9E E3 00 1D 00 0F 20 00 01 0B 6A 27 55 89 00 00 00 00 00 00 61 07 73 62 23 00 05 00 00 88 00 00 98 00 9F 00 09 00 00 00 2E 0E 26 89
[ 9921.639s] FRAME (len=12): 0C 00 11 00 00 00 00 00 01 00 61 76
[ 9927.649s] TEXT: '...;.'
[ 9927.649s] TEXT: '.....'
[ 9927.649s] FRAME (len=56): 38 00 11 00 01 00 00 00 01 00 46 81 9E E3 00 1D 00 0F 20 00 01 0B 6A 27 55 89 00 00 00 00 00 00 61 07 73 62 23 00 05 00 00 88 00 00 98 00 9F 00 09 00 00 00 2E 0E 26 89
[ 9927.649s] FRAME (len=12): 0C 00 11 00 00 00 00 00 01 00 61 76
[ 9929.912s] TEXT: '...;.'
[ 9929.912s] FRAME (len=56): 38 00 11 00 01 00 00 00 01 00 00 12 4B 00 38 0D 16 FD 03 00 CE 08 6C 27 31 59 D4 FF 64 00 EE 02 00 00 00 00 00 00 0A 04 00 00 00 00 00 00 06 01 00 00 00 00 00 00 A8 47
[ 9934.038s] TEXT: '....TX succeeded...;.'
[ 9934.038s] TEXT: '.....'
[ 9934.038s] TEXT: '.....'
[ 9934.038s] FRAME (len=56): 38 00 11 00 01 00 00 00 01 00 46 81 9E E3 00 1D 00 0F 20 00 F6 0A 69 27 56 CB 00 00 00 00 00 00 61 07 73 62 24 00 05 00 00 88 00 00 98 00 9F 00 09 00 00 00 2E 0E 2A CC
[ 9934.038s] FRAME (len=12): 0C 00 11 00 00 00 00 00 01 00 61 76
[ 9934.038s] FRAME (len=12): 0C 00 11 00 0B 00 00 00 01 00 C3 B5
[ 9940.028s] TEXT: '...;.'
[ 9940.028s] FRAME (len=56): 38 00 11 00 01 00 00 00 01 00 46 81 9E E3 00 1D 00 0F 20 00 F6 0A 69 27 56 CB 00 00 00 00 00 00 61 07 73 62 24 00 05 00 00 88 00 00 98 00 9F 00 09 00 00 00 2E 0E 2A CC
[ 9940.238s] TEXT: '.....'
[ 9940.238s] FRAME (len=12): 0C 00 11 00 00 00 00 00 01 00 61 76
[ 9946.471s] TEXT: '...;.'
[ 9946.471s] TEXT: '.....'
[ 9946.471s] FRAME (len=56): 38 00 11 00 01 00 00 00 01 00 46 81 9E E3 00 1D 00 0F 20 00 F6 0A 69 27 56 CB 00 00 00 00 00 00 61 07 73 62 24 00 05 00 00 88 00 00 98 00 9F 00 09 00 00 00 2E 0E 2A CC
[ 9946.471s] FRAME (len=12): 0C 00 11 00 00 00 00 00 01 00 61 76
[ 9952.694s] TEXT: '...;.'
[ 9952.694s] TEXT: '.....'
[ 9952.694s] FRAME (len=56): 38 00 11 00 01 00 00 00 01 00 46 81 9E E3 00 1D 00 0F 20 00 F6 0A 69 27 56 CB 00 00 00 00 00 00 61 07 73 62 24 00 05 00 00 88 00 00 98 00 9F 00 09 00 00 00 2E 0E 2A CC
[ 9952.694s] FRAME (len=12): 0C 00 11 00 00 00 00 00 01 00 61 76
[ 9956.603s] TEXT: '...;.'
[ 9956.603s] FRAME (len=56): 38 00 11 00 01 00 00 00 01 00 00 12 4B 00 38 0D 16 FD 03 00 CE 08 6C 27 31 71 D4 FF 64 00 EE 02 00 00 00 00 00 00 0A 04 00 00 00 00 00 00 06 01 00 00 00 00 00 00 40 5F
[ 9958.874s] TEXT: '....TX succeeded...;.'
[ 9958.874s] TEXT: '.....'
[ 9958.874s] TEXT: '.....'
[ 9958.874s] FRAME (len=56): 38 00 11 00 01 00 00 00 01 00 46 81 9E E3 00 1D 00 0F 20 00 F2 0A 69 27 56 B7 00 00 00 00 00 00 61 07 73 62 24 00 05 00 00 88 00 00 98 00 9F 00 09 00 00 00 41 0E 2B 5D
[ 9958.874s] FRAME (len=12): 0C 00 11 00 00 00 00 00 01 00 61 76
[ 9958.874s] FRAME (len=12): 0C 00 11 00 0B 00 00 00 01 00 C3 B5
[ 9965.081s] TEXT: '...;.'
[ 9965.081s] TEXT: '.....'
[ 9965.081s] FRAME (len=56): 38 00 11 00 01 00 00 00 01 00 46 81 9E E3 00 1D 00 0F 20 00 F2 0A 69 27 56 B7 00 00 00 00 00 00 61 07 73 62 24 00 05 00 00 88 00 00 98 00 9F 00 09 00 00 00 41 0E 2B 5D
[ 9965.081s] FRAME (len=12): 0C 00 11 00 00 00 00 00 01 00 61 76
[ 9971.312s] TEXT: '....ERR: Uart framing error....ERR: Uart unknown error...;.'
[ 9971.312s] TEXT: '.....'
[ 9971.312s] FRAME (len=56): 38 00 11 00 01 00 00 00 01 00 46 81 9E E3 00 1D 00 0F 20 00 F2 0A 69 27 56 B7 00 00 00 00 00 00 61 07 73 62 24 00 05 00 00 88 00 00 98 00 9F 00 09 00 00 00 41 0E 2B 5D
[ 9971.312s] FRAME (len=12): 0C 00 11 00 00 00 00 00 01 00 61 76
[ 9977.504s] TEXT: '...;.'
[ 9977.504s] TEXT: '.....'
[ 9977.504s] FRAME (len=56): 38 00 11 00 01 00 00 00 01 00 46 81 9E E3 00 1D 00 0F 20 00 F2 0A 69 27 56 B7 00 00 00 00 00 00 61 07 73 62 24 00 05 00 00 88 00 00 98 00 9F 00 09 00 00 00 41 0E 2B 5D
[ 9977.504s] FRAME (len=12): 0C 00 11 00 00 00 00 00 01 00 61 76
[ 9982.277s] TEXT: '...;.'
[ 9982.277s] FRAME (len=56): 38 00 11 00 01 00 00 00 01 00 00 12 4B 00 38 0D 16 FD 03 00 CE 08 6C 27 31 6D D4 FF 64 00 EE 02 00 00 00 00 00 00 0A 04 00 00 00 00 00 00 06 01 00 00 00 00 00 00 E3 A4
[ 9983.726s] TEXT: '....TX succeeded...;.'
[ 9983.726s] FRAME (len=56): 38 00 11 00 01 00 00 00 01 00 46 81 9E E3 00 1D 00 0F 20 00 EE 0A 69 27 55 CF 00 00 00 00 00 00 61 07 73 62 24 00 05 00 00 88 00 00 98 00 9F 00 09 00 00 00 41 0E 31 CD
[ 9983.937s] TEXT: '.....'
[ 9983.937s] TEXT: '.....'
[ 9983.937s] FRAME (len=12): 0C 00 11 00 00 00 00 00 01 00 61 76
[ 9983.937s] FRAME (len=12): 0C 00 11 00 0B 00 00 00 01 00 C3 B5
[ 9989.957s] TEXT: '...;.'
[ 9989.957s] TEXT: '.....'
[ 9989.957s] FRAME (len=56): 38 00 11 00 01 00 00 00 01 00 46 81 9E E3 00 1D 00 0F 20 00 EE 0A 69 27 55 CF 00 00 00 00 00 00 61 07 73 62 24 00 05 00 00 88 00 00 98 00 9F 00 09 00 00 00 41 0E 31 CD
[ 9989.957s] FRAME (len=12): 0C 00 11 00 00 00 00 00 01 00 61 76
[ 9996.188s] TEXT: '...;.'
[ 9996.188s] TEXT: '.....'
[ 9996.188s] FRAME (len=56): 38 00 11 00 01 00 00 00 01 00 46 81 9E E3 00 1D 00 0F 20 00 EE 0A 69 27 55 CF 00 00 00 00 00 00 61 07 73 62 24 00 05 00 00 88 00 00 98 00 9F 00 09 00 00 00 41 0E 31 CD
[ 9996.188s] FRAME (len=12): 0C 00 11 00 00 00 00 00 01 00 61 76
[10002.411s] TEXT: '...;.'
[10002.411s] TEXT: '.....'
[10002.411s] FRAME (len=56): 38 00 11 00 01 00 00 00 01 00 46 81 9E E3 00 1D 00 0F 20 00 EE 0A 69 27 55 CF 00 00 00 00 00 00 61 07 73 62 24 00 05 00 00 88 00 00 98 00 9F 00 09 00 00 00 41 0E 31 CD
[10002.411s] FRAME (len=12): 0C 00 11 00 00 00 00 00 01 00 61 76
[10008.011s] TEXT: '...;.'
[10008.011s] FRAME (len=56): 38 00 11 00 01 00 00 00 01 00 00 12 4B 00 38 0D 16 FD 03 00 CE 08 6C 27 31 01 D4 FF 64 00 EE 02 00 00 00 00 00 00 0A 04 00 00 00 00 00 00 06 01 00 00 00 00 00 00 AF 81
[10008.631s] TEXT: '....TX succeeded...;.'
[10008.631s] TEXT: '.....'
[10008.631s] TEXT: '.....'
[10008.631s] FRAME (len=56): 38 00 11 00 01 00 00 00 01 00 46 81 9E E3 00 1D 00 0F 20 00 F8 0A 69 27 56 CB 00 00 00 00 00 00 61 07 73 62 24 00 05 00 00 88 00 00 98 00 9F 00 09 00 00 00 41 0E 2F 0E
[10008.631s] FRAME (len=12): 0C 00 11 00 00 00 00 00 01 00 61 76
[10008.631s] FRAME (len=12): 0C 00 11 00 0B 00 00 00 01 00 C3 B5
[10014.643s] TEXT: '...;.'
[10014.643s] TEXT: '.....'
[10014.643s] FRAME (len=56): 38 00 11 00 01 00 00 00 01 00 46 81 9E E3 00 1D 00 0F 20 00 F8 0A 69 27 56 CB 00 00 00 00 00 00 61 07 73 62 24 00 05 00 00 88 00 00 98 00 9F 00 09 00 00 00 41 0E 2F 0E
[10014.643s] FRAME (len=12): 0C 00 11 00 00 00 00 00 01 00 61 76
[10021.063s] TEXT: '...;.'
[10021.063s] TEXT: '.....'
[10021.063s] FRAME (len=56): 38 00 11 00 01 00 00 00 01 00 46 81 9E E3 00 1D 00 0F 20 00 F8 0A 69 27 56 CB 00 00 00 00 00 00 61 07 73 62 24 00 05 00 00 88 00 00 98 00 9F 00 09 00 00 00 41 0E 2F 0E
[10021.063s] FRAME (len=12): 0C 00 11 00 00 00 00 00 01 00 61 76
[10027.287s] TEXT: '...;.'
[10027.287s] TEXT: '.....'
[10027.287s] FRAME (len=56): 38 00 11 00 01 00 00 00 01 00 46 81 9E E3 00 1D 00 0F 20 00 F8 0A 69 27 56 CB 00 00 00 00 00 00 61 07 73 62 24 00 05 00 00 88 00 00 98 00 9F 00 09 00 00 00 41 0E 2F 0E
[10027.287s] FRAME (len=12): 0C 00 11 00 00 00 00 00 01 00 61 76
[10033.536s] TEXT: '...;.'
[10033.536s] TEXT: '.....'
[10033.536s] TEXT: '.....'
[10033.536s] FRAME (len=56): 38 00 11 00 01 00 00 00 01 00 46 81 9E E3 00 1D 00 0F 20 00 F7 0A 6A 27 55 85 00 00 00 00 00 00 61 07 73 62 24 00 05 00 00 88 00 00 98 00 9F 00 09 00 00 00 2E 0E 7A 9B
[10033.536s] FRAME (len=12): 0C 00 11 00 00 00 00 00 01 00 61 76
[10033.536s] FRAME (len=12): 0C 00 11 00 0B 00 00 00 01 00 C3 B5
[10033.737s] TEXT: '...;.'
[10033.737s] FRAME (len=56): 38 00 11 00 01 00 00 00 01 00 00 12 4B 00 38 0D 16 FD 03 00 CE 08 6C 27 31 79 D4 FF 64 00 EE 02 00 00 00 00 00 00 0A 04 00 00 00 00 00 00 06 01 00 00 00 00 00 00 97 A8
[10039.538s] TEXT: '....TX succeeded...;.'
[10039.538s] TEXT: '.....'
[10039.538s] FRAME (len=56): 38 00 11 00 01 00 00 00 01 00 46 81 9E E3 00 1D 00 0F 20 00 F7 0A 6A 27 55 85 00 00 00 00 00 00 61 07 73 62 24 00 05 00 00 88 00 00 98 00 9F 00 09 00 00 00 2E 0E 7A 9B
[10039.538s] FRAME (len=12): 0C 00 11 00 00 00 00 00 01 00 61 76
[10045.741s] TEXT: '...;.'
[10045.741s] TEXT: '.....'
[10045.741s] FRAME (len=56): 38 00 11 00 01 00 00 00 01 00 46 81 9E E3 00 1D 00 0F 20 00 F7 0A 6A 27 55 85 00 00 00 00 00 00 61 07 73 62 24 00 05 00 00 88 00 00 98 00 9F 00 09 00 00 00 2E 0E 7A 9B
[10045.741s] FRAME (len=12): 0C 00 11 00 00 00 00 00 01 00 61 76
[10052.140s] TEXT: '...;.'
[10052.140s] TEXT: '.....'
[10052.140s] FRAME (len=56): 38 00 11 00 01 00 00 00 01 00 46 81 9E E3 00 1D 00 0F 20 00 F7 0A 6A 27 55 85 00 00 00 00 00 00 61 07 73 62 24 00 05 00 00 88 00 00 98 00 9F 00 09 00 00 00 2E 0E 7A 9B
[10052.140s] FRAME (len=12): 0C 00 11 00 00 00 00 00 01 00 61 76
[10058.337s] TEXT: '...;.'
[10058.337s] TEXT: '.....'
[10058.337s] TEXT: '.....'
[10058.337s] FRAME (len=56): 38 00 11 00 01 00 00 00 01 00 46 81 9E E3 00 1D 00 0F 20 00 F4 0A 6A 27 56 8D 00 00 00 00 00 00 61 07 73 62 24 00 05 00 00 88 00 00 98 00 9F 00 09 00 00 00 08 0E 82 6F
[10058.337s] FRAME (len=12): 0C 00 11 00 00 00 00 00 01 00 61 76
[10058.337s] FRAME (len=12): 0C 00 11 00 0B 00 00 00 01 00 C3 B5
[10059.370s] TEXT: '...;.'
[10059.370s] FRAME (len=25): 38 00 11 00 01 00 00 00 01 00 00 12 4B 00 38 0D 16 FD 03 00 CE 08 6C 27 31
[10064.348s] TEXT: '..d.........\n...............l[}....TX succeeded...;.'
[10064.553s] TEXT: '.....'
[10064.553s] FRAME (len=56): 38 00 11 00 01 00 00 00 01 00 46 81 9E E3 00 1D 00 0F 20 00 F4 0A 6A 27 56 8D 00 00 00 00 00 00 61 07 73 62 24 00 05 00 00 88 00 00 98 00 9F 00 09 00 00 00 08 0E 82 6F
[10064.553s] FRAME (len=12): 0C 00 11 00 00 00 00 00 01 00 61 76
[10070.572s] TEXT: '...;.'
[10070.572s] TEXT: '.....'
[10070.572s] FRAME (len=56): 38 00 11 00 01 00 00 00 01 00 46 81 9E E3 00 1D 00 0F 20 00 F4 0A 6A 27 56 8D 00 00 00 00 00 00 61 07 73 62 24 00 05 00 00 88 00 00 98 00 9F 00 09 00 00 00 08 0E 82 6F
[10070.572s] FRAME (len=12): 0C 00 11 00 00 00 00 00 01 00 61 76
[10077.013s] TEXT: '...;.'
[10077.013s] TEXT: '.....'
[10077.013s] FRAME (len=56): 38 00 11 00 01 00 00 00 01 00 46 81 9E E3 00 1D 00 0F 20 00 F4 0A 6A 27 56 8D 00 00 00 00 00 00 61 07 73 62 24 00 05 00 00 88 00 00 98 00 9F 00 09 00 00 00 08 0E 82 6F
[10077.013s] FRAME (len=12): 0C 00 11 00 00 00 00 00 01 00 61 76
[10083.244s] TEXT: '...;.'
[10083.244s] TEXT: '.}.....'
[10083.244s] TEXT: '.....'
[10083.244s] FRAME (len=54): 38 00 11 00 01 00 00 00 01 00 46 81 9E E3 00 1D 00 0F 20 00 EA 0A 6A 27 56 85 00 00 00 00 00 00 61 07 73 62 24 00 05 00 00 88 00 00 98 00 9F 00 09 00 00 00 2E 0E
[10083.244s] FRAME (len=12): 0C 00 11 00 00 00 00 00 01 00 61 76
[10083.244s] FRAME (len=12): 0C 00 11 00 0B 00 00 00 01 00 C3 B5
[10085.104s] TEXT: '....ERR: Uart framing error...;.'
[10085.104s] FRAME (len=56): 38 00 11 00 01 00 00 00 01 00 00 12 4B 00 38 0D 16 FD 03 00 CE 08 6D 27 31 09 D4 FF 64 00 EE 02 00 00 00 00 00 00 0A 04 00 00 00 00 00 00 06 01 00 00 00 00 00 00 3E 2F
[10089.234s] TEXT: '....TX failed: 0xc....TX failed: 0xc...;.'
[10089.234s] FRAME (len=54): 38 00 11 00 01 00 00 00 01 00 46 81 9E E3 00 1D 00 0F 20 00 EA 0A 6A 27 56 85 00 00 00 00 00 00 61 07 73 62 24 00 05 00 00 88 00 00 98 00 9F 00 09 00 00 00 2E 0E
[10089.442s] TEXT: '.}.....'
[10089.442s] FRAME (len=12): 0C 00 11 00 00 00 00 00 01 00 61 76
[10095.466s] TEXT: '...;.'
[10095.466s] TEXT: '.}.....'
[10095.466s] FRAME (len=54): 38 00 11 00 01 00 00 00 01 00 46 81 9E E3 00 1D 00 0F 20 00 EA 0A 6A 27 56 85 00 00 00 00 00 00 61 07 73 62 24 00 05 00 00 88 00 00 98 00 9F 00 09 00 00 00 2E 0E
[10095.466s] FRAME (len=12): 0C 00 11 00 00 00 00 00 01 00 61 76
[10101.885s] TEXT: '...;.'
[10101.885s] TEXT: '.}.....'
[10101.885s] FRAME (len=54): 38 00 11 00 01 00 00 00 01 00 46 81 9E E3 00 1D 00 0F 20 00 EA 0A 6A 27 56 85 00 00 00 00 00 00 61 07 73 62 24 00 05 00 00 88 00 00 98 00 9F 00 09 00 00 00 2E 0E
[10101.885s] FRAME (len=12): 0C 00 11 00 00 00 00 00 01 00 61 76
[10108.102s] TEXT: '...;.'
[10108.102s] TEXT: '.....'
[10108.102s] TEXT: '.....'
[10108.102s] FRAME (len=56): 38 00 11 00 01 00 00 00 01 00 46 81 9E E3 00 1D 00 0F 20 00 F3 0A 6A 27 56 9F 00 00 00 00 00 00 61 07 73 62 24 00 05 00 00 88 00 00 98 00 9F 00 09 00 00 00 1B 0E 58 D3
[10108.102s] FRAME (len=12): 0C 00 11 00 00 00 00 00 01 00 61 76
[10108.102s] FRAME (len=12): 0C 00 11 00 0B 00 00 00 01 00 C3 B5
[10111.641s] TEXT: '...;.'
[10111.641s] FRAME (len=56): 38 00 11 00 01 00 00 00 01 00 00 12 4B 00 38 0D 16 FD 03 00 CE 08 6C 27 31 75 D4 FF 64 00 EE 02 00 00 00 00 00 00 0A 04 00 00 00 00 00 00 06 01 00 00 00 00 00 00 BB AC
[10114.132s] TEXT: '....TX succeeded...;.'
[10114.132s] TEXT: '.....'
[10114.132s] FRAME (len=56): 38 00 11 00 01 00 00 00 01 00 46 81 9E E3 00 1D 00 0F 20 00 F3 0A 6A 27 56 9F 00 00 00 00 00 00 61 07 73 62 24 00 05 00 00 88 00 00 98 00 9F 00 09 00 00 00 1B 0E 58 D3
[10114.132s] FRAME (len=12): 0C 00 11 00 00 00 00 00 01 00 61 76
[10120.366s] TEXT: '...;.'
[10120.366s] TEXT: '.....'
[10120.366s] FRAME (len=56): 38 00 11 00 01 00 00 00 01 00 46 81 9E E3 00 1D 00 0F 20 00 F3 0A 6A 27 56 9F 00 00 00 00 00 00 61 07 73 62 24 00 05 00 00 88 00 00 98 00 9F 00 09 00 00 00 1B 0E 58 D3
[10120.366s] FRAME (len=12): 0C 00 11 00 00 00 00 00 01 00 61 76
[10126.582s] TEXT: '...;.'
[10126.582s] TEXT: '.....'
[10126.582s] FRAME (len=56): 38 00 11 00 01 00 00 00 01 00 46 81 9E E3 00 1D 00 0F 20 00 F3 0A 6A 27 56 9F 00 00 00 00 00 00 61 07 73 62 24 00 05 00 00 88 00 00 98 00 9F 00 09 00 00 00 1B 0E 58 D3
[10126.582s] FRAME (len=12): 0C 00 11 00 00 00 00 00 01 00 61 76
[10133.022s] TEXT: '...;.'
[10133.022s] TEXT: '.....'
[10133.022s] TEXT: '.....'
[10133.022s] FRAME (len=56): 38 00 11 00 01 00 00 00 01 00 46 81 9E E3 00 1D 00 0F 20 00 F2 0A 6A 27 55 99 00 00 00 00 00 00 61 07 73 62 24 00 05 00 00 88 00 00 98 00 9F 00 09 00 00 00 54 0E B8 4B
[10133.022s] FRAME (len=12): 0C 00 11 00 00 00 00 00 01 00 61 76
[10133.022s] FRAME (len=12): 0C 00 11 00 0B 00 00 00 01 00 C3 B5
[10137.377s] TEXT: '...;.'
[10137.377s] FRAME (len=56): 38 00 11 00 01 00 00 00 01 00 00 12 4B 00 38 0D 16 FD 03 00 CE 08 6C 27 31 19 D4 FF 64 00 EE 02 00 00 00 00 00 00 0A 04 00 00 00 00 00 00 06 01 00 00 00 00 00 00 F7 89
[10139.048s] TEXT: '....TX succeeded...;.'
[10139.048s] TEXT: '.....'
[10139.048s] FRAME (len=56): 38 00 11 00 01 00 00 00 01 00 46 81 9E E3 00 1D 00 0F 20 00 F2 0A 6A 27 55 99 00 00 00 00 00 00 61 07 73 62 24 00 05 00 00 88 00 00 98 00 9F 00 09 00 00 00 54 0E B8 4B
[10139.048s] FRAME (len=12): 0C 00 11 00 00 00 00 00 01 00 61 76
[10145.276s] TEXT: '...;.'
[10145.276s] TEXT: '.....'
[10145.276s] FRAME (len=56): 38 00 11 00 01 00 00 00 01 00 46 81 9E E3 00 1D 00 0F 20 00 F2 0A 6A 27 55 99 00 00 00 00 00 00 61 07 73 62 24 00 05 00 00 88 00 00 98 00 9F 00 09 00 00 00 54 0E B8 4B
[10145.276s] FRAME (len=12): 0C 00 11 00 00 00 00 00 01 00 61 76
[10151.471s] TEXT: '...;.'
[10151.471s] TEXT: '.....'
[10151.471s] FRAME (len=56): 38 00 11 00 01 00 00 00 01 00 46 81 9E E3 00 1D 00 0F 20 00 F2 0A 6A 27 55 99 00 00 00 00 00 00 61 07 73 62 24 00 05 00 00 88 00 00 98 00 9F 00 09 00 00 00 54 0E B8 4B
[10151.471s] FRAME (len=12): 0C 00 11 00 00 00 00 00 01 00 61 76
[10157.920s] TEXT: '...;.'
[10157.920s] TEXT: '.....'
[10157.920s] TEXT: '.....'
[10157.920s] FRAME (len=56): 38 00 11 00 01 00 00 00 01 00 46 81 9E E3 00 1D 00 0F 20 00 FF 0A 6A 27 56 B3 00 00 00 00 00 00 61 07 73 62 24 00 06 00 00 88 00 00 98 00 9F 00 09 00 00 00 2E 0E 1C DB
[10157.920s] FRAME (len=12): 0C 00 11 00 00 00 00 00 01 00 61 76
[10157.920s] FRAME (len=12): 0C 00 11 00 0B 00 00 00 01 00 C3 B5
[10163.099s] TEXT: '...;.'
[10163.099s] FRAME (len=56): 38 00 11 00 01 00 00 00 01 00 00 12 4B 00 38 0D 16 FD 03 00 CE 08 6C 27 31 1D D4 FF 64 00 EE 02 00 00 00 00 00 00 0A 04 00 00 00 00 00 00 06 01 00 00 00 00 00 00 0C 7A
[10163.935s] TEXT: '....TX succeeded...;.'
[10163.935s] TEXT: '.....'
[10163.935s] FRAME (len=56): 38 00 11 00 01 00 00 00 01 00 46 81 9E E3 00 1D 00 0F 20 00 FF 0A 6A 27 56 B3 00 00 00 00 00 00 61 07 73 62 24 00 06 00 00 88 00 00 98 00 9F 00 09 00 00 00 2E 0E 1C DB
[10163.935s] FRAME (len=12): 0C 00 11 00 00 00 00 00 01 00 61 76
[10170.160s] TEXT: '...;.'
[10170.160s] TEXT: '.....'
[10170.160s] FRAME (len=56): 38 00 11 00 01 00 00 00 01 00 46 81 9E E3 00 1D 00 0F 20 00 FF 0A 6A 27 56 B3 00 00 00 00 00 00 61 07 73 62 24 00 06 00 00 88 00 00 98 00 9F 00 09 00 00 00 2E 0E 1C DB
[10170.160s] FRAME (len=12): 0C 00 11 00 00 00 00 00 01 00 61 76
[10176.390s] TEXT: '...;.'
[10176.390s] TEXT: '.....'
[10176.390s] FRAME (len=56): 38 00 11 00 01 00 00 00 01 00 46 81 9E E3 00 1D 00 0F 20 00 FF 0A 6A 27 56 B3 00 00 00 00 00 00 61 07 73 62 24 00 06 00 00 88 00 00 98 00 9F 00 09 00 00 00 2E 0E 1C DB
[10176.390s] FRAME (len=12): 0C 00 11 00 00 00 00 00 01 00 61 76
[10182.794s] TEXT: '...;.'
[10182.794s] TEXT: '.....'
[10182.794s] TEXT: '.....'
[10182.794s] FRAME (len=56): 38 00 11 00 01 00 00 00 01 00 46 81 9E E3 00 1D 00 0F 20 00 FF 0A 6A 27 56 C9 00 00 00 00 00 00 61 07 73 62 23 00 05 00 00 88 00 00 98 00 9F 00 09 00 00 00 1B 0E 31 E1
[10182.794s] FRAME (len=12): 0C 00 11 00 00 00 00 00 01 00 61 76
[10182.794s] FRAME (len=12): 0C 00 11 00 0B 00 00 00 01 00 C3 B5
[10188.804s] TEXT: '...;.'
[10188.804s] TEXT: '....TX succeeded...;.'
[10188.804s] TEXT: '.....'
[10188.804s] FRAME (len=56): 38 00 11 00 01 00 00 00 01 00 00 12 4B 00 38 0D 16 FD 03 00 CE 08 6C 27 31 75 D4 FF 64 00 EE 02 00 00 00 00 00 00 0A 04 00 00 00 00 00 00 06 01 00 00 00 00 00 00 BB AC
[10188.804s] FRAME (len=56): 38 00 11 00 01 00 00 00 01 00 46 81 9E E3 00 1D 00 0F 20 00 FF 0A 6A 27 56 C9 00 00 00 00 00 00 61 07 73 62 23 00 05 00 00 88 00 00 98 00 9F 00 09 00 00 00 1B 0E 31 E1
[10188.804s] FRAME (len=12): 0C 00 11 00 00 00 00 00 01 00 61 76
[10194.996s] TEXT: '...;.'
[10194.996s] TEXT: '.....'
[10194.996s] FRAME (len=56): 38 00 11 00 01 00 00 00 01 00 46 81 9E E3 00 1D 00 0F 20 00 FF 0A 6A 27 56 C9 00 00 00 00 00 00 61 07 73 62 23 00 05 00 00 88 00 00 98 00 9F 00 09 00 00 00 1B 0E 31 E1
[10194.996s] FRAME (len=12): 0C 00 11 00 00 00 00 00 01 00 61 76
[10201.224s] TEXT: '...;.'
[10201.224s] TEXT: '.....'
[10201.224s] FRAME (len=56): 38 00 11 00 01 00 00 00 01 00 46 81 9E E3 00 1D 00 0F 20 00 FF 0A 6A 27 56 C9 00 00 00 00 00 00 61 07 73 62 23 00 05 00 00 88 00 00 98 00 9F 00 09 00 00 00 1B 0E 31 E1
[10201.224s] FRAME (len=12): 0C 00 11 00 00 00 00 00 01 00 61 76
[10207.674s] TEXT: '...;.'
[10207.674s] TEXT: '.....'
[10207.674s] TEXT: '.....'
[10207.674s] FRAME (len=56): 38 00 11 00 01 00 00 00 01 00 46 81 9E E3 00 1D 00 0F 20 00 FA 0A 6A 27 56 A3 00 00 00 00 00 00 61 07 73 62 24 00 06 00 00 88 00 00 98 00 9F 00 09 00 00 00 41 0E 74 F3
[10207.674s] FRAME (len=12): 0C 00 11 00 00 00 00 00 01 00 61 76
[10207.674s] FRAME (len=12): 0C 00 11 00 0B 00 00 00 01 00 C3 B5
[10213.685s] TEXT: '...;.'
[10213.685s] TEXT: '.....'
[10213.685s] FRAME (len=56): 38 00 11 00 01 00 00 00 01 00 46 81 9E E3 00 1D 00 0F 20 00 FA 0A 6A 27 56 A3 00 00 00 00 00 00 61 07 73 62 24 00 06 00 00 88 00 00 98 00 9F 00 09 00 00 00 41 0E 74 F3
[10213.685s] FRAME (len=12): 0C 00 11 00 00 00 00 00 01 00 61 76
[10214.305s] TEXT: '...;.'
[10214.511s] FRAME (len=56): 38 00 11 00 01 00 00 00 01 00 00 12 4B 00 38 0D 16 FD 03 00 CF 08 6D 27 31 15 D4 FF 64 00 EE 02 00 00 00 00 00 00 0A 04 00 00 00 00 00 00 06 01 00 00 00 00 00 00 B8 48
[10219.908s] TEXT: '....TX succeeded...;.'
[10219.908s] TEXT: '.....'
[10219.908s] FRAME (len=56): 38 00 11 00 01 00 00 00 01 00 46 81 9E E3 00 1D 00 0F 20 00 FA 0A 6A 27 56 A3 00 00 00 00 00 00 61 07 73 62 24 00 06 00 00 88 00 00 98 00 9F 00 09 00 00 00 41 0E 74 F3
[10219.908s] FRAME (len=12): 0C 00 11 00 00 00 00 00 01 00 61 76
[10226.115s] TEXT: '...;.'
[10226.115s] TEXT: '.....'
[10226.115s] FRAME (len=56): 38 00 11 00 01 00 00 00 01 00 46 81 9E E3 00 1D 00 0F 20 00 FA 0A 6A 27 56 A3 00 00 00 00 00 00 61 07 73 62 24 00 06 00 00 88 00 00 98 00 9F 00 09 00 00 00 41 0E 74 F3
[10226.115s] FRAME (len=12): 0C 00 11 00 00 00 00 00 01 00 61 76
[10232.551s] TEXT: '...;.'
[10232.551s] TEXT: '.....'
[10232.551s] TEXT: '.....'
[10232.551s] FRAME (len=56): 38 00 11 00 01 00 00 00 01 00 46 81 9E E3 00 1D 00 0F 20 00 FD 0A 6A 27 55 C1 00 00 00 00 00 00 61 07 73 62 24 00 06 00 00 88 00 00 98 00 9F 00 09 00 00 00 54 0E C6 20
[10232.551s] FRAME (len=12): 0C 00 11 00 00 00 00 00 01 00 61 76
[10232.551s] FRAME (len=12): 0C 00 11 00 0B 00 00 00 01 00 C3 B5
[10238.554s] TEXT: '...;.'
[10238.554s] TEXT: '.....'
[10238.554s] FRAME (len=56): 38 00 11 00 01 00 00 00 01 00 46 81 9E E3 00 1D 00 0F 20 00 FD 0A 6A 27 55 C1 00 00 00 00 00 00 61 07 73 62 24 00 06 00 00 88 00 00 98 00 9F 00 09 00 00 00 54 0E C6 20
[10238.554s] FRAME (len=12): 0C 00 11 00 00 00 00 00 01 00 61 76
[10241.037s] TEXT: '...;.'
[10241.037s] FRAME (len=56): 38 00 11 00 01 00 00 00 01 00 00 12 4B 00 38 0D 16 FD 03 00 CF 08 6D 27 31 2D D4 FF 64 00 EE 02 00 00 00 00 00 00 0A 04 00 00 00 00 00 00 06 01 00 00 00 00 00 00 DF AF
[10244.780s] TEXT: '....TX succeeded...;.'
[10244.780s] TEXT: '.....'
[10244.780s] FRAME (len=56): 38 00 11 00 01 00 00 00 01 00 46 81 9E E3 00 1D 00 0F 20 00 FD 0A 6A 27 55 C1 00 00 00 00 00 00 61 07 73 62 24 00 06 00 00 88 00 00 98 00 9F 00 09 00 00 00 54 0E C6 20
[10244.780s] FRAME (len=12): 0C 00 11 00 00 00 00 00 01 00 61 76
[10250.993s] TEXT: '...;.'
[10250.993s] TEXT: '.....'
[10250.993s] FRAME (len=56): 38 00 11 00 01 00 00 00 01 00 46 81 9E E3 00 1D 00 0F 20 00 FD 0A 6A 27 55 C1 00 00 00 00 00 00 61 07 73 62 24 00 06 00 00 88 00 00 98 00 9F 00 09 00 00 00 54 0E C6 20
[10250.993s] FRAME (len=12): 0C 00 11 00 00 00 00 00 01 00 61 76
[10257.428s] TEXT: '...;.'
[10257.428s] TEXT: '.....'
[10257.428s] TEXT: '.....'
[10257.428s] FRAME (len=56): 38 00 11 00 01 00 00 00 01 00 46 81 9E E3 00 1D 00 0F 20 00 FF 0A 6A 27 56 CB 00 00 00 00 00 00 61 07 73 62 23 00 06 00 00 88 00 00 98 00 9F 00 09 00 00 00 41 0E E5 19
[10257.428s] FRAME (len=12): 0C 00 11 00 00 00 00 00 01 00 61 76
[10257.428s] FRAME (len=12): 0C 00 11 00 0B 00 00 00 01 00 C3 B5
[10263.449s] TEXT: '...;.'
[10263.449s] TEXT: '.....'
[10263.449s] FRAME (len=56): 38 00 11 00 01 00 00 00 01 00 46 81 9E E3 00 1D 00 0F 20 00 FF 0A 6A 27 56 CB 00 00 00 00 00 00 61 07 73 62 23 00 06 00 00 88 00 00 98 00 9F 00 09 00 00 00 41 0E E5 19
[10263.449s] FRAME (len=12): 0C 00 11 00 00 00 00 00 01 00 61 76
[10266.776s] TEXT: '...;.'
[10266.776s] FRAME (len=56): 38 00 11 00 01 00 00 00 01 00 00 12 4B 00 38 0D 16 FD 03 00 CF 08 6D 27 31 21 D4 FF 64 00 EE 02 00 00 00 00 00 00 0A 04 00 00 00 00 00 00 06 01 00 00 00 00 00 00 F3 AB
[10269.487s] TEXT: '....TX succeeded...;.'
[10269.487s] FRAME (len=56): 38 00 11 00 01 00 00 00 01 00 46 81 9E E3 00 1D 00 0F 20 00 FF 0A 6A 27 56 CB 00 00 00 00 00 00 61 07 73 62 23 00 06 00 00 88 00 00 98 00 9F 00 09 00 00 00 41 0E E5 19
[10269.687s] TEXT: '.....'
[10269.687s] FRAME (len=12): 0C 00 11 00 00 00 00 00 01 00 61 76
[10275.894s] TEXT: '...;.'
[10275.894s] TEXT: '.....'
[10275.894s] FRAME (len=56): 38 00 11 00 01 00 00 00 01 00 46 81 9E E3 00 1D 00 0F 20 00 FF 0A 6A 27 56 CB 00 00 00 00 00 00 61 07 73 62 23 00 06 00 00 88 00 00 98 00 9F 00 09 00 00 00 41 0E E5 19
[10275.894s] FRAME (len=12): 0C 00 11 00 00 00 00 00 01 00 61 76
[10282.293s] TEXT: '...;.'
[10282.293s] TEXT: '.....'
[10282.293s] TEXT: '.....'
[10282.293s] FRAME (len=56): 38 00 11 00 01 00 00 00 01 00 46 81 9E E3 00 1D 00 0F 20 00 F9 0A 6A 27 56 B7 00 00 00 00 00 00 61 07 73 62 23 00 06 00 00 88 00 00 98 00 9F 00 09 00 00 00 41 0E 9B BB
[10282.293s] FRAME (len=12): 0C 00 11 00 00 00 00 00 01 00 61 76
[10282.293s] FRAME (len=12): 0C 00 11 00 0B 00 00 00 01 00 C3 B5
[10288.274s] TEXT: '...;.'
[10288.274s] TEXT: '.....'
[10288.274s] FRAME (len=56): 38 00 11 00 01 00 00 00 01 00 46 81 9E E3 00 1D 00 0F 20 00 F9 0A 6A 27 56 B7 00 00 00 00 00 00 61 07 73 62 23 00 06 00 00 88 00 00 98 00 9F 00 09 00 00 00 41 0E 9B BB
[10288.274s] FRAME (len=12): 0C 00 11 00 00 00 00 00 01 00 61 76
[10292.403s] TEXT: '...;.'
[10292.403s] FRAME (len=56): 38 00 11 00 01 00 00 00 01 00 00 12 4B 00 38 0D 16 FD 03 00 CF 08 6D 27 31 3D D4 FF 64 00 EE 02 00 00 00 00 00 00 0A 04 00 00 00 00 00 00 06 01 00 00 00 00 00 00 50 50
[10294.481s] TEXT: '....TX succeeded...;.'
[10294.481s] TEXT: '.....'
[10294.481s] FRAME (len=56): 38 00 11 00 01 00 00 00 01 00 46 81 9E E3 00 1D 00 0F 20 00 F9 0A 6A 27 56 B7 00 00 00 00 00 00 61 07 73 62 23 00 06 00 00 88 00 00 98 00 9F 00 09 00 00 00 41 0E 9B BB
[10294.481s] FRAME (len=12): 0C 00 11 00 00 00 00 00 01 00 61 76
[10300.656s] TEXT: '...;.'
[10300.656s] TEXT: '.....'
[10300.656s] FRAME (len=56): 38 00 11 00 01 00 00 00 01 00 46 81 9E E3 00 1D 00 0F 20 00 F9 0A 6A 27 56 B7 00 00 00 00 00 00 61 07 73 62 23 00 06 00 00 88 00 00 98 00 9F 00 09 00 00 00 41 0E 9B BB
[10300.656s] FRAME (len=12): 0C 00 11 00 00 00 00 00 01 00 61 76
[10307.087s] TEXT: '...;.'
[10307.087s] TEXT: '.....'
[10307.087s] TEXT: '.....'
[10307.087s] FRAME (len=56): 38 00 11 00 01 00 00 00 01 00 46 81 9E E3 00 1D 00 0F 20 00 F2 0A 6A 27 54 B1 00 00 00 00 00 00 61 07 73 62 24 00 06 00 00 88 00 00 98 00 9F 00 09 00 00 00 1B 0E F0 AF
[10307.087s] FRAME (len=12): 0C 00 11 00 00 00 00 00 01 00 61 76
[10307.087s] FRAME (len=12): 0C 00 11 00 0B 00 00 00 01 00 C3 B5
[10313.094s] TEXT: '...;.'
[10313.094s] TEXT: '.....'
[10313.094s] FRAME (len=56): 38 00 11 00 01 00 00 00 01 00 46 81 9E E3 00 1D 00 0F 20 00 F2 0A 6A 27 54 B1 00 00 00 00 00 00 61 07 73 62 24 00 06 00 00 88 00 00 98 00 9F 00 09 00 00 00 1B 0E F0 AF
[10313.094s] FRAME (len=12): 0C 00 11 00 00 00 00 00 01 00 61 76
[10318.070s] TEXT: '...;.'
[10318.070s] FRAME (len=56): 38 00 11 00 01 00 00 00 01 00 00 12 4B 00 38 0D 16 FD 03 00 CF 08 6D 27 31 31 D4 FF 64 00 EE 02 00 00 00 00 00 00 0A 04 00 00 00 00 00 00 06 01 00 00 00 00 00 00 7C 54
[10319.302s] TEXT: '....TX succeeded...;.'
[10319.302s] TEXT: '.....'
[10319.302s] FRAME (len=56): 38 00 11 00 01 00 00 00 01 00 46 81 9E E3 00 1D 00 0F 20 00 F2 0A 6A 27 54 B1 00 00 00 00 00 00 61 07 73 62 24 00 06 00 00 88 00 00 98 00 9F 00 09 00 00 00 1B 0E F0 AF
[10319.302s] FRAME (len=12): 0C 00 11 00 00 00 00 00 01 00 61 76
[10325.515s] TEXT: '...;.'
[10325.515s] TEXT: '.....'
[10325.515s] FRAME (len=56): 38 00 11 00 01 00 00 00 01 00 46 81 9E E3 00 1D 00 0F 20 00 F2 0A 6A 27 54 B1 00 00 00 00 00 00 61 07 73 62 24 00 06 00 00 88 00 00 98 00 9F 00 09 00 00 00 1B 0E F0 AF
[10325.515s] FRAME (len=12): 0C 00 11 00 00 00 00 00 01 00 61 76
[10331.916s] TEXT: '...;.'
[10331.916s] TEXT: '.....'
[10331.916s] TEXT: '.....'
[10331.916s] FRAME (len=56): 38 00 11 00 01 00 00 00 01 00 46 81 9E E3 00 1D 00 0F 20 00 F5 0A 6A 27 56 B7 00 00 00 00 00 00 61 07 73 62 24 00 05 00 00 88 00 00 98 00 9F 00 09 00 00 00 41 0E 79 52
[10331.916s] FRAME (len=12): 0C 00 11 00 00 00 00 00 01 00 61 76
[10331.916s] FRAME (len=12): 0C 00 11 00 0B 00 00 00 01 00 C3 B5
[10337.928s] TEXT: '...;.'
[10337.928s] TEXT: '.....'
[10337.928s] FRAME (len=56): 38 00 11 00 01 00 00 00 01 00 46 81 9E E3 00 1D 00 0F 20 00 F5 0A 6A 27 56 B7 00 00 00 00 00 00 61 07 73 62 24 00 05 00 00 88 00 00 98 00 9F 00 09 00 00 00 41 0E 79 52
[10337.928s] FRAME (len=12): 0C 00 11 00 00 00 00 00 01 00 61 76
[10343.733s] TEXT: '...;.'
[10343.733s] FRAME (len=56): 38 00 11 00 01 00 00 00 01 00 00 12 4B 00 38 0D 16 FD 03 00 CF 08 6D 27 31 45 D4 FF 64 00 EE 02 00 00 00 00 00 00 0A 04 00 00 00 00 00 00 06 01 00 00 00 00 00 00 68 79
[10344.141s] TEXT: '....TX succeeded...;.'
[10344.141s] TEXT: '.....'
[10344.141s] FRAME (len=56): 38 00 11 00 01 00 00 00 01 00 46 81 9E E3 00 1D 00 0F 20 00 F5 0A 6A 27 56 B7 00 00 00 00 00 00 61 07 73 62 24 00 05 00 00 88 00 00 98 00 9F 00 09 00 00 00 41 0E 79 52
[10344.141s] FRAME (len=12): 0C 00 11 00 00 00 00 00 01 00 61 76
[10350.356s] TEXT: '...;.'
[10350.356s] TEXT: '.....'
[10350.356s] FRAME (len=56): 38 00 11 00 01 00 00 00 01 00 46 81 9E E3 00 1D 00 0F 20 00 F5 0A 6A 27 56 B7 00 00 00 00 00 00 61 07 73 62 24 00 05 00 00 88 00 00 98 00 9F 00 09 00 00 00 41 0E 79 52
[10350.356s] FRAME (len=12): 0C 00 11 00 00 00 00 00 01 00 61 76
[10356.767s] TEXT: '...;.'
[10356.767s] TEXT: '.....'
[10356.767s] TEXT: '.....'
[10356.767s] TEXT: '.....'
[10356.767s] FRAME (len=56): 38 00 11 00 01 00 00 00 01 00 46 81 9E E3 00 1D 00 0F 20 00 04 0B 6B 27 56 93 00 00 00 00 00 00 61 07 73 62 23 00 05 00 00 88 00 00 98 00 9F 00 09 00 00 00 41 0E 13 E5
[10356.767s] FRAME (len=16): 10 00 11 00 08 00 00 00 01 00 04 00 00 00 34 99
[10356.767s] FRAME (len=12): 0C 00 11 00 00 00 00 00 01 00 61 76
[10356.767s] FRAME (len=12): 0C 00 11 00 0B 00 00 00 01 00 C3 B5
[10362.779s] TEXT: '...;.'
[10362.779s] FRAME (len=56): 38 00 11 00 01 00 00 00 01 00 46 81 9E E3 00 1D 00 0F 20 00 04 0B 6B 27 56 93 00 00 00 00 00 00 61 07 73 62 23 00 05 00 00 88 00 00 98 00 9F 00 09 00 00 00 41 0E 13 E5
[10362.989s] TEXT: '.....'
[10362.989s] FRAME (len=12): 0C 00 11 00 00 00 00 00 01 00 61 76
[10369.000s] TEXT: '...;.'
[10369.000s] TEXT: '.....'
[10369.000s] FRAME (len=56): 38 00 11 00 01 00 00 00 01 00 46 81 9E E3 00 1D 00 0F 20 00 04 0B 6B 27 56 93 00 00 00 00 00 00 61 07 73 62 23 00 05 00 00 88 00 00 98 00 9F 00 09 00 00 00 41 0E 13 E5
[10369.000s] FRAME (len=12): 0C 00 11 00 00 00 00 00 01 00 61 76
[10369.414s] TEXT: '...;.'
[10369.414s] FRAME (len=54): 38 00 11 00 01 00 00 00 01 00 00 12 4B 00 38 0D 16 FD 03 00 D0 08 6D 27 31 5D D4 FF 64 00 EE 02 00 00 00 00 00 00 0A 04 00 00 00 00 00 00 06 01 00 00 00 00 00 00
[10375.214s] TEXT: 'g}....TX failed: 0xc....TX failed: 0xc...;.'
[10375.214s] FRAME (len=56): 38 00 11 00 01 00 00 00 01 00 46 81 9E E3 00 1D 00 0F 20 00 04 0B 6B 27 56 93 00 00 00 00 00 00 61 07 73 62 23 00 05 00 00 88 00 00 98 00 9F 00 09 00 00 00 41 0E 13 E5
[10375.424s] TEXT: '.....'
[10375.424s] FRAME (len=12): 0C 00 11 00 00 00 00 00 01 00 61 76
[10381.635s] TEXT: '...;.'
[10381.635s] TEXT: '.....'
[10381.635s] TEXT: '.....'
[10381.635s] FRAME (len=56): 38 00 11 00 01 00 00 00 01 00 46 81 9E E3 00 1D 00 0F 20 00 03 0B 6B 27 56 83 00 00 00 00 00 00 61 07 73 62 23 00 05 00 00 88 00 00 98 00 9F 00 09 00 00 00 41 0E 04 FE
[10381.635s] FRAME (len=12): 0C 00 11 00 00 00 00 00 01 00 61 76
[10381.635s] FRAME (len=12): 0C 00 11 00 0B 00 00 00 01 00 C3 B5
[10387.642s] TEXT: '...;.'
[10387.843s] TEXT: '.....'
[10387.843s] FRAME (len=56): 38 00 11 00 01 00 00 00 01 00 46 81 9E E3 00 1D 00 0F 20 00 03 0B 6B 27 56 83 00 00 00 00 00 00 61 07 73 62 23 00 05 00 00 88 00 00 98 00 9F 00 09 00 00 00 41 0E 04 FE
[10387.843s] FRAME (len=12): 0C 00 11 00 00 00 00 00 01 00 61 76
[10393.885s] TEXT: '...;.'
[10393.885s] TEXT: '.....'
[10393.885s] FRAME (len=56): 38 00 11 00 01 00 00 00 01 00 46 81 9E E3 00 1D 00 0F 20 00 03 0B 6B 27 56 83 00 00 00 00 00 00 61 07 73 62 23 00 05 00 00 88 00 00 98 00 9F 00 09 00 00 00 41 0E 04 FE
[10393.885s] FRAME (len=12): 0C 00 11 00 00 00 00 00 01 00 61 76
[10396.148s] TEXT: '...;.'
[10396.148s] FRAME (len=54): 38 00 11 00 01 00 00 00 01 00 00 12 4B 00 38 0D 16 FD 03 00 D0 08 6D 27 31 79 D4 FF 64 00 EE 02 00 00 00 00 80 21 10 00 00 00 00 00 06 01 00 00 00 00 00 00 B9 7B
[10400.086s] TEXT: '....TX succeeded...;.'
[10400.086s] TEXT: '.....'
[10400.086s] FRAME (len=56): 38 00 11 00 01 00 00 00 01 00 46 81 9E E3 00 1D 00 0F 20 00 03 0B 6B 27 56 83 00 00 00 00 00 00 61 07 73 62 23 00 05 00 00 88 00 00 98 00 9F 00 09 00 00 00 41 0E 04 FE
[10400.086s] FRAME (len=12): 0C 00 11 00 00 00 00 00 01 00 61 76
[10406.537s] TEXT: '...;.'
[10406.537s] TEXT: '.....'
[10406.537s] TEXT: '.....'
[10406.537s] TEXT: '.....'
[10406.537s] FRAME (len=56): 38 00 11 00 01 00 00 00 01 00 46 81 9E E3 00 1D 00 0F 20 00 FC 0A 6A 27 56 CB 00 00 00 00 00 00 61 07 73 62 23 00 05 00 00 88 00 00 98 00 9F 00 09 00 00 00 2E 0E F2 5E
[10406.537s] FRAME (len=16): 10 00 11 00 08 00 00 00 01 00 04 00 00 00 34 99
[10406.537s] FRAME (len=12): 0C 00 11 00 00 00 00 00 01 00 61 76
[10406.537s] FRAME (len=12): 0C 00 11 00 0B 00 00 00 01 00 C3 B5
[10412.510s] TEXT: '...;.'
[10412.720s] TEXT: '.....'
[10412.720s] FRAME (len=56): 38 00 11 00 01 00 00 00 01 00 46 81 9E E3 00 1D 00 0F 20 00 FC 0A 6A 27 56 CB 00 00 00 00 00 00 61 07 73 62 23 00 05 00 00 88 00 00 98 00 9F 00 09 00 00 00 2E 0E F2 5E
[10412.720s] FRAME (len=12): 0C 00 11 00 00 00 00 00 01 00 61 76
[10418.933s] TEXT: '...;.'
[10418.933s] TEXT: '.....'
[10418.933s] FRAME (len=56): 38 00 11 00 01 00 00 00 01 00 46 81 9E E3 00 1D 00 0F 20 00 FC 0A 6A 27 56 CB 00 00 00 00 00 00 61 07 73 62 23 00 05 00 00 88 00 00 98 00 9F 00 09 00 00 00 2E 0E F2 5E
[10418.933s] FRAME (len=12): 0C 00 11 00 00 00 00 00 01 00 61 76
[10421.836s] TEXT: '...;.'
[10421.836s] FRAME (len=56): 38 00 11 00 01 00 00 00 01 00 00 12 4B 00 38 0D 16 FD 03 00 CF 08 6D 27 31 45 D4 FF 64 00 EE 02 00 00 00 00 00 00 0A 04 00 00 00 00 00 00 06 01 00 00 00 00 00 00 68 79
[10424.949s] TEXT: '....TX succeeded...;.'
[10424.949s] FRAME (len=56): 38 00 11 00 01 00 00 00 01 00 46 81 9E E3 00 1D 00 0F 20 00 FC 0A 6A 27 56 CB 00 00 00 00 00 00 61 07 73 62 23 00 05 00 00 88 00 00 98 00 9F 00 09 00 00 00 2E 0E F2 5E
[10425.156s] TEXT: '.....'
[10425.156s] FRAME (len=12): 0C 00 11 00 00 00 00 00 01 00 61 76
[10431.338s] TEXT: '...;.'
[10431.338s] TEXT: '.....'
[10431.338s] TEXT: '.....'
[10431.338s] FRAME (len=56): 38 00 11 00 01 00 00 00 01 00 46 81 9E E3 00 1D 00 0F 20 00 FF 0A 6B 27 56 95 00 00 00 00 00 00 61 07 73 62 23 00 06 00 00 88 00 00 98 00 9F 00 09 00 00 00 41 0E B2 84
[10431.338s] FRAME (len=12): 0C 00 11 00 00 00 00 00 01 00 61 76
[10431.338s] FRAME (len=12): 0C 00 11 00 0B 00 00 00 01 00 C3 B5
[10437.549s] TEXT: '...;.'
[10437.549s] TEXT: '.....'
[10437.549s] FRAME (len=56): 38 00 11 00 01 00 00 00 01 00 46 81 9E E3 00 1D 00 0F 20 00 FF 0A 6B 27 56 95 00 00 00 00 00 00 61 07 73 62 23 00 06 00 00 88 00 00 98 00 9F 00 09 00 00 00 41 0E B2 84
[10437.549s] FRAME (len=12): 0C 00 11 00 00 00 00 00 01 00 61 76
[10443.769s] TEXT: '...;.'
[10443.769s] TEXT: '.....'
[10443.769s] FRAME (len=56): 38 00 11 00 01 00 00 00 01 00 46 81 9E E3 00 1D 00 0F 20 00 FF 0A 6B 27 56 95 00 00 00 00 00 00 61 07 73 62 23 00 06 00 00 88 00 00 98 00 9F 00 09 00 00 00 41 0E B2 84
[10443.769s] FRAME (len=12): 0C 00 11 00 00 00 00 00 01 00 61 76
[10447.499s] TEXT: '...;.'
[10447.499s] FRAME (len=56): 38 00 11 00 01 00 00 00 01 00 00 12 4B 00 38 0D 16 FD 03 00 D0 08 6D 27 31 61 D4 FF 64 00 EE 02 00 00 00 00 00 00 0A 04 00 00 00 00 00 00 06 01 00 00 00 00 00 00 E1 73
[10449.769s] TEXT: '....TX succeeded...;.'
[10449.769s] FRAME (len=56): 38 00 11 00 01 00 00 00 01 00 46 81 9E E3 00 1D 00 0F 20 00 FF 0A 6B 27 56 95 00 00 00 00 00 00 61 07 73 62 23 00 06 00 00 88 00 00 98 00 9F 00 09 00 00 00 41 0E B2 84
[10449.977s] TEXT: '.....'
[10449.977s] FRAME (len=12): 0C 00 11 00 00 00 00 00 01 00 61 76
[10456.177s] TEXT: '...;.'
[10456.177s] TEXT: '.....'
[10456.177s] TEXT: '.....'
[10456.177s] FRAME (len=56): 38 00 11 00 01 00 00 00 01 00 46 81 9E E3 00 1D 00 0F 20 00 FE 0A 6B 27 56 95 00 00 00 00 00 00 61 07 73 62 23 00 06 00 00 88 00 00 98 00 9F 00 09 00 00 00 2E 0E 83 03
[10456.177s] FRAME (len=12): 0C 00 11 00 00 00 00 00 01 00 61 76
[10456.177s] FRAME (len=12): 0C 00 11 00 0B 00 00 00 01 00 C3 B5
[10462.394s] TEXT: '...;.'
[10462.394s] TEXT: '.....'
[10462.394s] FRAME (len=56): 38 00 11 00 01 00 00 00 01 00 46 81 9E E3 00 1D 00 0F 20 00 FE 0A 6B 27 56 95 00 00 00 00 00 00 61 07 73 62 23 00 06 00 00 88 00 00 98 00 9F 00 09 00 00 00 2E 0E 83 03
[10462.394s] FRAME (len=12): 0C 00 11 00 00 00 00 00 01 00 61 76
[10468.587s] TEXT: '...;.'
[10468.587s] TEXT: '.....'
[10468.587s] FRAME (len=56): 38 00 11 00 01 00 00 00 01 00 46 81 9E E3 00 1D 00 0F 20 00 FE 0A 6B 27 56 95 00 00 00 00 00 00 61 07 73 62 23 00 06 00 00 88 00 00 98 00 9F 00 09 00 00 00 2E 0E 83 03
[10468.587s] FRAME (len=12): 0C 00 11 00 00 00 00 00 01 00 61 76
[10473.132s] TEXT: '...;.'
[10473.132s] FRAME (len=56): 38 00 11 00 01 00 00 00 01 00 00 12 4B 00 38 0D 16 FD 03 00 D0 08 6D 27 31 69 D4 FF 64 00 EE 02 00 00 00 00 00 00 0A 04 00 00 00 00 00 00 06 01 00 00 00 00 00 00 36 84
[10474.790s] TEXT: '....TX succeeded...;.'
[10474.790s] TEXT: '.....'
[10474.790s] FRAME (len=56): 38 00 11 00 01 00 00 00 01 00 46 81 9E E3 00 1D 00 0F 20 00 FE 0A 6B 27 56 95 00 00 00 00 00 00 61 07 73 62 23 00 06 00 00 88 00 00 98 00 9F 00 09 00 00 00 2E 0E 83 03
[10474.790s] FRAME (len=12): 0C 00 11 00 00 00 00 00 01 00 61 76
[10480.992s] TEXT: '...;.'
[10480.992s] TEXT: '.....'
[10480.992s] TEXT: '.....'
[10480.992s] FRAME (len=56): 38 00 11 00 01 00 00 00 01 00 46 81 9E E3 00 1D 00 0F 20 00 F4 0A 6A 27 55 CF 00 00 00 00 00 00 61 07 73 62 23 00 06 00 00 88 00 00 98 00 9F 00 09 00 00 00 1B 0E A9 05
[10480.992s] FRAME (len=12): 0C 00 11 00 00 00 00 00 01 00 61 76
[10480.992s] FRAME (len=12): 0C 00 11 00 0B 00 00 00 01 00 C3 B5
[10487.200s] TEXT: '...;.'
[10487.200s] TEXT: '.....'
[10487.200s] FRAME (len=56): 38 00 11 00 01 00 00 00 01 00 46 81 9E E3 00 1D 00 0F 20 00 F4 0A 6A 27 55 CF 00 00 00 00 00 00 61 07 73 62 23 00 06 00 00 88 00 00 98 00 9F 00 09 00 00 00 1B 0E A9 05
[10487.200s] FRAME (len=12): 0C 00 11 00 00 00 00 00 01 00 61 76
[10493.407s] TEXT: '...;.'
[10493.407s] TEXT: '.....'
[10493.407s] FRAME (len=56): 38 00 11 00 01 00 00 00 01 00 46 81 9E E3 00 1D 00 0F 20 00 F4 0A 6A 27 55 CF 00 00 00 00 00 00 61 07 73 62 23 00 06 00 00 88 00 00 98 00 9F 00 09 00 00 00 1B 0E A9 05
[10493.407s] FRAME (len=12): 0C 00 11 00 00 00 00 00 01 00 61 76
[10498.804s] TEXT: '...;.'
[10498.804s] FRAME (len=56): 38 00 11 00 01 00 00 00 01 00 00 12 4B 00 38 0D 16 FD 03 00 D0 08 6D 27 31 79 D4 FF 64 00 EE 02 00 00 00 00 00 00 0A 04 00 00 00 00 00 00 06 01 00 00 00 00 00 00 B9 7B
[10499.624s] TEXT: '....TX succeeded...;.'
[10499.624s] TEXT: '.....'
[10499.624s] FRAME (len=56): 38 00 11 00 01 00 00 00 01 00 46 81 9E E3 00 1D 00 0F 20 00 F4 0A 6A 27 55 CF 00 00 00 00 00 00 61 07 73 62 23 00 06 00 00 88 00 00 98 00 9F 00 09 00 00 00 1B 0E A9 05
[10499.624s] FRAME (len=12): 0C 00 11 00 00 00 00 00 01 00 61 76
[10505.846s] TEXT: '...;.'
[10506.052s] TEXT: '.....'
[10506.052s] TEXT: '.....'
[10506.052s] FRAME (len=56): 38 00 11 00 01 00 00 00 01 00 46 81 9E E3 00 1D 00 0F 20 00 FE 0A 6B 27 56 8D 00 00 00 00 00 00 61 07 73 62 23 00 06 00 00 88 00 00 98 00 9F 00 09 00 00 00 41 0E CF 10
[10506.052s] FRAME (len=12): 0C 00 11 00 00 00 00 00 01 00 61 76
[10506.052s] FRAME (len=12): 0C 00 11 00 0B 00 00 00 01 00 C3 B5
[10512.040s] TEXT: '...;.'
[10512.040s] TEXT: '.....'
[10512.040s] FRAME (len=56): 38 00 11 00 01 00 00 00 01 00 46 81 9E E3 00 1D 00 0F 20 00 FE 0A 6B 27 56 8D 00 00 00 00 00 00 61 07 73 62 23 00 06 00 00 88 00 00 98 00 9F 00 09 00 00 00 41 0E CF 10
[10512.040s] FRAME (len=12): 0C 00 11 00 00 00 00 00 01 00 61 76
[10518.257s] TEXT: '...;.'
[10518.257s] TEXT: '.....'
[10518.257s] FRAME (len=56): 38 00 11 00 01 00 00 00 01 00 46 81 9E E3 00 1D 00 0F 20 00 FE 0A 6B 27 56 8D 00 00 00 00 00 00 61 07 73 62 23 00 06 00 00 88 00 00 98 00 9F 00 09 00 00 00 41 0E CF 10
[10518.257s] FRAME (len=12): 0C 00 11 00 00 00 00 00 01 00 61 76
[10524.473s] TEXT: '...;.'
[10524.473s] TEXT: '.....'
[10524.473s] FRAME (len=56): 38 00 11 00 01 00 00 00 01 00 46 81 9E E3 00 1D 00 0F 20 00 FE 0A 6B 27 56 8D 00 00 00 00 00 00 61 07 73 62 23 00 06 00 00 88 00 00 98 00 9F 00 09 00 00 00 41 0E CF 10
[10524.473s] FRAME (len=12): 0C 00 11 00 00 00 00 00 01 00 61 76
[10525.507s] TEXT: '...;.'
[10525.507s] FRAME (len=56): 38 00 11 00 01 00 00 00 01 00 00 12 4B 00 38 0D 16 FD 03 00 D1 08 6D 27 31 11 D4 FF 64 00 EE 02 00 00 00 00 00 00 0A 04 00 00 00 00 00 00 06 01 00 00 00 00 00 00 2B 31
[10530.896s] TEXT: '....TX succeeded...;.'
[10530.896s] TEXT: '.....'
[10530.896s] TEXT: '.....'
[10530.896s] TEXT: '.....'
[10530.896s] FRAME (len=56): 38 00 11 00 01 00 00 00 01 00 46 81 9E E3 00 1D 00 0F 20 00 03 0B 6B 27 56 AB 00 00 00 00 00 00 61 07 73 62 23 00 05 00 00 88 00 00 98 00 9F 00 09 00 00 00 41 0E EC E6
[10530.896s] FRAME (len=16): 10 00 11 00 08 00 00 00 01 00 04 00 00 00 34 99
[10530.896s] FRAME (len=12): 0C 00 11 00 00 00 00 00 01 00 61 76
[10530.896s] FRAME (len=12): 0C 00 11 00 0B 00 00 00 01 00 C3 B5
[10536.887s] TEXT: '...;.'
[10536.887s] TEXT: '.....'
[10536.887s] FRAME (len=56): 38 00 11 00 01 00 00 00 01 00 46 81 9E E3 00 1D 00 0F 20 00 03 0B 6B 27 56 AB 00 00 00 00 00 00 61 07 73 62 23 00 05 00 00 88 00 00 98 00 9F 00 09 00 00 00 41 0E EC E6
[10536.887s] FRAME (len=12): 0C 00 11 00 00 00 00 00 01 00 61 76
[10543.132s] TEXT: '...;.'
[10543.132s] TEXT: '.....'
[10543.132s] FRAME (len=56): 38 00 11 00 01 00 00 00 01 00 46 81 9E E3 00 1D 00 0F 20 00 03 0B 6B 27 56 AB 00 00 00 00 00 00 61 07 73 62 23 00 05 00 00 88 00 00 98 00 9F 00 09 00 00 00 41 0E EC E6
[10543.132s] FRAME (len=12): 0C 00 11 00 00 00 00 00 01 00 61 76
[10549.350s] TEXT: '...;.'
[10549.350s] TEXT: '.....'
[10549.350s] FRAME (len=56): 38 00 11 00 01 00 00 00 01 00 46 81 9E E3 00 1D 00 0F 20 00 03 0B 6B 27 56 AB 00 00 00 00 00 00 61 07 73 62 23 00 05 00 00 88 00 00 98 00 9F 00 09 00 00 00 41 0E EC E6
[10549.350s] FRAME (len=12): 0C 00 11 00 00 00 00 00 01 00 61 76
[10551.206s] TEXT: '...;.'
[10551.206s] FRAME (len=56): 38 00 11 00 01 00 00 00 01 00 00 12 4B 00 38 0D 16 FD 03 00 D0 08 6D 27 31 6D D4 FF 64 00 EE 02 00 00 00 00 00 00 0A 04 00 00 00 00 00 00 06 01 00 00 00 00 00 00 CD 77
[10555.757s] TEXT: '....TX succeeded...;.'
[10555.757s] TEXT: '.....'
[10555.757s] TEXT: '.....'
[10555.757s] TEXT: '.....'
[10555.757s] FRAME (len=56): 38 00 11 00 01 00 00 00 01 00 46 81 9E E3 00 1D 00 0F 20 00 FA 0A 6B 27 56 91 00 00 00 00 00 00 61 07 73 62 23 00 05 00 00 88 00 00 98 00 9F 00 09 00 00 00 41 0E F7 53
[10555.757s] FRAME (len=16): 10 00 11 00 08 00 00 00 01 00 04 00 00 00 34 99
[10555.757s] FRAME (len=12): 0C 00 11 00 00 00 00 00 01 00 61 76
[10555.757s] FRAME (len=12): 0C 00 11 00 0B 00 00 00 01 00 C3 B5
[10561.784s] TEXT: '...;.'
[10561.784s] TEXT: '.....'
[10561.784s] FRAME (len=56): 38 00 11 00 01 00 00 00 01 00 46 81 9E E3 00 1D 00 0F 20 00 FA 0A 6B 27 56 91 00 00 00 00 00 00 61 07 73 62 23 00 05 00 00 88 00 00 98 00 9F 00 09 00 00 00 41 0E F7 53
[10561.784s] FRAME (len=12): 0C 00 11 00 00 00 00 00 01 00 61 76
[10567.995s] TEXT: '...;.'
[10567.995s] TEXT: '.....'
[10567.995s] FRAME (len=56): 38 00 11 00 01 00 00 00 01 00 46 81 9E E3 00 1D 00 0F 20 00 FA 0A 6B 27 56 91 00 00 00 00 00 00 61 07 73 62 23 00 05 00 00 88 00 00 98 00 9F 00 09 00 00 00 41 0E F7 53
[10567.995s] FRAME (len=12): 0C 00 11 00 00 00 00 00 01 00 61 76
[10574.227s] TEXT: '...;.'
[10574.227s] TEXT: '.....'
[10574.227s] FRAME (len=56): 38 00 11 00 01 00 00 00 01 00 46 81 9E E3 00 1D 00 0F 20 00 FA 0A 6B 27 56 91 00 00 00 00 00 00 61 07 73 62 23 00 05 00 00 88 00 00 98 00 9F 00 09 00 00 00 41 0E F7 53
[10574.227s] FRAME (len=12): 0C 00 11 00 00 00 00 00 01 00 61 76
[10576.919s] TEXT: '...;.'
[10576.919s] FRAME (len=56): 38 00 11 00 01 00 00 00 01 00 00 12 4B 00 38 0D 16 FD 03 00 D1 08 6D 27 31 19 D4 FF 64 00 EE 02 00 00 00 00 00 00 0A 04 00 00 00 00 00 00 06 01 00 00 00 00 00 00 FC C6
[10580.459s] TEXT: '....TX succeeded...;.'
[10580.459s] FRAME (len=56): 38 00 11 00 01 00 00 00 01 00 46 81 9E E3 00 1D 00 0F 20 00 F5 0A 6B 27 56 AF 00 00 00 00 00 00 61 07 73 62 23 00 05 00 00 88 00 00 98 00 9F 00 09 00 00 00 1B 0E C6 12
[10580.670s] TEXT: '.....'
[10580.670s] TEXT: '.....'
[10580.670s] FRAME (len=12): 0C 00 11 00 00 00 00 00 01 00 61 76
[10580.670s] FRAME (len=12): 0C 00 11 00 0B 00 00 00 01 00 C3 B5
[10586.675s] TEXT: '...;.'
[10586.675s] TEXT: '.....'
[10586.675s] FRAME (len=56): 38 00 11 00 01 00 00 00 01 00 46 81 9E E3 00 1D 00 0F 20 00 F5 0A 6B 27 56 AF 00 00 00 00 00 00 61 07 73 62 23 00 05 00 00 88 00 00 98 00 9F 00 09 00 00 00 1B 0E C6 12
[10586.675s] FRAME (len=12): 0C 00 11 00 00 00 00 00 01 00 61 76
[10592.860s] TEXT: '...;.'
[10592.860s] TEXT: '.....'
[10592.860s] FRAME (len=56): 38 00 11 00 01 00 00 00 01 00 46 81 9E E3 00 1D 00 0F 20 00 F5 0A 6B 27 56 AF 00 00 00 00 00 00 61 07 73 62 23 00 05 00 00 88 00 00 98 00 9F 00 09 00 00 00 1B 0E C6 12
[10592.860s] FRAME (len=12): 0C 00 11 00 00 00 00 00 01 00 61 76
[10599.060s] TEXT: '...;.'
[10599.060s] TEXT: '.....'
[10599.060s] FRAME (len=56): 38 00 11 00 01 00 00 00 01 00 46 81 9E E3 00 1D 00 0F 20 00 F5 0A 6B 27 56 AF 00 00 00 00 00 00 61 07 73 62 23 00 05 00 00 88 00 00 98 00 9F 00 09 00 00 00 1B 0E C6 12
[10599.060s] FRAME (len=12): 0C 00 11 00 00 00 00 00 01 00 61 76
[10602.604s] TEXT: '...;.'
[10602.604s] FRAME (len=56): 38 00 11 00 01 00 00 00 01 00 00 12 4B 00 38 0D 16 FD 03 00 D1 08 6E 27 31 11 D4 FF 64 00 EE 02 00 00 00 00 00 00 0A 04 00 00 00 00 00 00 06 01 00 00 00 00 00 00 E1 DA
[10605.498s] TEXT: '....TX succeeded...;.'
[10605.498s] TEXT: '.....'
[10605.498s] TEXT: '.....'
[10605.498s] FRAME (len=56): 38 00 11 00 01 00 00 00 01 00 46 81 9E E3 00 1D 00 0F 20 00 F6 0A 6B 27 56 97 00 00 00 00 00 00 61 07 73 62 23 00 05 00 00 88 00 00 98 00 9F 00 09 00 00 00 41 0E 9B A0
[10605.498s] FRAME (len=12): 0C 00 11 00 00 00 00 00 01 00 61 76
[10605.498s] FRAME (len=12): 0C 00 11 00 0B 00 00 00 01 00 C3 B5
[10611.494s] TEXT: '...;.'
[10611.494s] TEXT: '.....'
[10611.494s] FRAME (len=56): 38 00 11 00 01 00 00 00 01 00 46 81 9E E3 00 1D 00 0F 20 00 F6 0A 6B 27 56 97 00 00 00 00 00 00 61 07 73 62 23 00 05 00 00 88 00 00 98 00 9F 00 09 00 00 00 41 0E 9B A0
[10611.494s] FRAME (len=12): 0C 00 11 00 00 00 00 00 01 00 61 76
[10617.736s] TEXT: '...;.'
[10617.736s] TEXT: '.....'
[10617.736s] FRAME (len=56): 38 00 11 00 01 00 00 00 01 00 46 81 9E E3 00 1D 00 0F 20 00 F6 0A 6B 27 56 97 00 00 00 00 00 00 61 07 73 62 23 00 05 00 00 88 00 00 98 00 9F 00 09 00 00 00 41 0E 9B A0
[10617.736s] FRAME (len=12): 0C 00 11 00 00 00 00 00 01 00 61 76
[10623.949s] TEXT: '...;.'
[10623.949s] TEXT: '.....'
[10623.949s] FRAME (len=56): 38 00 11 00 01 00 00 00 01 00 46 81 9E E3 00 1D 00 0F 20 00 F6 0A 6B 27 56 97 00 00 00 00 00 00 61 07 73 62 23 00 05 00 00 88 00 00 98 00 9F 00 09 00 00 00 41 0E 9B A0
[10623.949s] FRAME (len=12): 0C 00 11 00 00 00 00 00 01 00 61 76
[10628.092s] TEXT: '...;.'
[10628.092s] FRAME (len=56): 38 00 11 00 01 00 00 00 01 00 00 12 4B 00 38 0D 16 FD 03 00 D0 08 6D 27 31 6D D4 FF 64 00 EE 02 00 00 00 00 00 00 0A 04 00 00 00 00 00 00 06 01 00 00 00 00 00 00 CD 77
[10630.378s] TEXT: '....TX succeeded...;.'
[10630.378s] TEXT: '.....'
[10630.378s] TEXT: '.....'
[10630.378s] FRAME (len=56): 38 00 11 00 01 00 00 00 01 00 46 81 9E E3 00 1D 00 0F 20 00 F9 0A 6B 27 55 9D 00 00 00 00 00 00 61 07 73 62 23 00 05 00 00 88 00 00 98 00 9F 00 09 00 00 00 1B 0E C0 19
[10630.378s] FRAME (len=12): 0C 00 11 00 00 00 00 00 01 00 61 76
[10630.378s] FRAME (len=12): 0C 00 11 00 0B 00 00 00 01 00 C3 B5
[10636.419s] TEXT: '...;.'
[10636.419s] TEXT: '.....'
[10636.419s] FRAME (len=56): 38 00 11 00 01 00 00 00 01 00 46 81 9E E3 00 1D 00 0F 20 00 F9 0A 6B 27 55 9D 00 00 00 00 00 00 61 07 73 62 23 00 05 00 00 88 00 00 98 00 9F 00 09 00 00 00 1B 0E C0 19
[10636.419s] FRAME (len=12): 0C 00 11 00 00 00 00 00 01 00 61 76
[10642.644s] TEXT: '...;.'
[10642.644s] TEXT: '.....'
[10642.644s] FRAME (len=56): 38 00 11 00 01 00 00 00 01 00 46 81 9E E3 00 1D 00 0F 20 00 F9 0A 6B 27 55 9D 00 00 00 00 00 00 61 07 73 62 23 00 05 00 00 88 00 00 98 00 9F 00 09 00 00 00 1B 0E C0 19
[10642.644s] FRAME (len=12): 0C 00 11 00 00 00 00 00 01 00 61 76
[10648.844s] TEXT: '...;.'
[10648.844s] TEXT: '.....'
[10648.844s] FRAME (len=56): 38 00 11 00 01 00 00 00 01 00 46 81 9E E3 00 1D 00 0F 20 00 F9 0A 6B 27 55 9D 00 00 00 00 00 00 61 07 73 62 23 00 05 00 00 88 00 00 98 00 9F 00 09 00 00 00 1B 0E C0 19
[10648.844s] FRAME (len=12): 0C 00 11 00 00 00 00 00 01 00 61 76
[10653.836s] TEXT: '...;.'
[10653.836s] FRAME (len=56): 38 00 11 00 01 00 00 00 01 00 00 12 4B 00 38 0D 16 FD 03 00 D0 08 6E 27 31 0D D4 FF 64 00 EE 02 00 00 00 00 00 00 0A 04 00 00 00 00 00 00 06 01 00 00 00 00 00 00 67 BD
[10655.078s] TEXT: '....TX failed: 0xc....TX failed: 0xc...;.'
[10655.078s] FRAME (len=56): 38 00 11 00 01 00 00 00 01 00 46 81 9E E3 00 1D 00 0F 20 00 FE 0A 6B 27 55 9D 00 00 00 00 00 00 61 07 73 62 23 00 06 00 00 88 00 00 98 00 9F 00 09 00 00 00 2E 0E 75 EF
[10655.287s] TEXT: '.....'
[10655.287s] TEXT: '.....'
[10655.287s] FRAME (len=12): 0C 00 11 00 00 00 00 00 01 00 61 76
[10655.287s] FRAME (len=12): 0C 00 11 00 0B 00 00 00 01 00 C3 B5
[10661.303s] TEXT: '...;.'
[10661.303s] TEXT: '.....'
[10661.303s] FRAME (len=56): 38 00 11 00 01 00 00 00 01 00 46 81 9E E3 00 1D 00 0F 20 00 FE 0A 6B 27 55 9D 00 00 00 00 00 00 61 07 73 62 23 00 06 00 00 88 00 00 98 00 9F 00 09 00 00 00 2E 0E 75 EF
[10661.303s] FRAME (len=12): 0C 00 11 00 00 00 00 00 01 00 61 76
[10667.550s] TEXT: '...;.'
[10667.550s] TEXT: '.....'
[10667.550s] FRAME (len=56): 38 00 11 00 01 00 00 00 01 00 46 81 9E E3 00 1D 00 0F 20 00 FE 0A 6B 27 55 9D 00 00 00 00 00 00 61 07 73 62 23 00 06 00 00 88 00 00 98 00 9F 00 09 00 00 00 2E 0E 75 EF
[10667.550s] FRAME (len=12): 0C 00 11 00 00 00 00 00 01 00 61 76
[10673.761s] TEXT: '...;.'
[10673.761s] TEXT: '.....'
[10673.761s] FRAME (len=56): 38 00 11 00 01 00 00 00 01 00 46 81 9E E3 00 1D 00 0F 20 00 FE 0A 6B 27 55 9D 00 00 00 00 00 00 61 07 73 62 23 00 06 00 00 88 00 00 98 00 9F 00 09 00 00 00 2E 0E 75 EF
[10673.761s] FRAME (len=12): 0C 00 11 00 00 00 00 00 01 00 61 76
[10679.978s] TEXT: '...;.'
[10679.978s] TEXT: '.....'
[10679.978s] TEXT: '.....'
[10679.978s] TEXT: '.....'
[10679.978s] FRAME (len=56): 38 00 11 00 01 00 00 00 01 00 46 81 9E E3 00 1D 00 0F 20 00 08 0B 6B 27 55 A1 00 00 00 00 00 00 61 07 73 62 23 00 05 00 00 88 00 00 98 00 9F 00 09 00 00 00 2E 0E 01 F5
[10679.978s] FRAME (len=16): 10 00 11 00 08 00 00 00 01 00 04 00 00 00 34 99
[10679.978s] FRAME (len=12): 0C 00 11 00 00 00 00 00 01 00 61 76
[10679.978s] FRAME (len=12): 0C 00 11 00 0B 00 00 00 01 00 C3 B5
[10680.601s] TEXT: '...;.'
[10680.601s] FRAME (len=56): 38 00 11 00 01 00 00 00 01 00 00 12 4B 00 38 0D 16 FD 03 00 D1 08 6E 27 31 05 D4 FF 64 00 EE 02 00 00 00 00 00 00 0A 04 00 00 00 00 00 00 06 01 00 00 00 00 00 00 95 D6
[10686.007s] TEXT: '....TX succeeded...;.'
[10686.007s] FRAME (len=56): 38 00 11 00 01 00 00 00 01 00 46 81 9E E3 00 1D 00 0F 20 00 08 0B 6B 27 55 A1 00 00 00 00 00 00 61 07 73 62 23 00 05 00 00 88 00 00 98 00 9F 00 09 00 00 00 2E 0E 01 F5
[10686.215s] TEXT: '.....'
[10686.215s] FRAME (len=12): 0C 00 11 00 00 00 00 00 01 00 61 76
[10692.244s] TEXT: '...;.'
[10692.244s] TEXT: '.....'
[10692.244s] FRAME (len=56): 38 00 11 00 01 00 00 00 01 00 46 81 9E E3 00 1D 00 0F 20 00 08 0B 6B 27 55 A1 00 00 00 00 00 00 61 07 73 62 23 00 05 00 00 88 00 00 98 00 9F 00 09 00 00 00 2E 0E 01 F5
[10692.244s] FRAME (len=12): 0C 00 11 00 00 00 00 00 01 00 61 76
[10698.665s] TEXT: '...;.'
[10698.665s] TEXT: '.....'
[10698.665s] FRAME (len=56): 38 00 11 00 01 00 00 00 01 00 46 81 9E E3 00 1D 00 0F 20 00 08 0B 6B 27 55 A1 00 00 00 00 00 00 61 07 73 62 23 00 05 00 00 88 00 00 98 00 9F 00 09 00 00 00 2E 0E 01 F5
[10698.665s] FRAME (len=12): 0C 00 11 00 00 00 00 00 01 00 61 76
[10704.870s] TEXT: '...;.'
[10704.870s] TEXT: '.....'
[10704.870s] TEXT: '.....'
[10704.870s] FRAME (len=56): 38 00 11 00 01 00 00 00 01 00 46 81 9E E3 00 1D 00 0F 20 00 02 0B 6B 27 56 AF 00 00 00 00 00 00 61 07 73 62 23 00 05 00 00 88 00 00 98 00 9F 00 09 00 00 00 41 0E 32 89
[10704.870s] FRAME (len=12): 0C 00 11 00 00 00 00 00 01 00 61 76
[10704.870s] FRAME (len=12): 0C 00 11 00 0B 00 00 00 01 00 C3 B5
[10706.097s] TEXT: '...;.'
[10706.307s] FRAME (len=56): 38 00 11 00 01 00 00 00 01 00 00 12 4B 00 38 0D 16 FD 03 00 D1 08 6D 27 31 0D D4 FF 64 00 EE 02 00 00 00 00 00 00 0A 04 00 00 00 00 00 00 06 01 00 00 00 00 00 00 88 CA
[10710.862s] TEXT: '....TX succeeded...;.'
[10711.065s] TEXT: '.....'
[10711.065s] FRAME (len=56): 38 00 11 00 01 00 00 00 01 00 46 81 9E E3 00 1D 00 0F 20 00 02 0B 6B 27 56 AF 00 00 00 00 00 00 61 07 73 62 23 00 05 00 00 88 00 00 98 00 9F 00 09 00 00 00 41 0E 32 89
[10711.065s] FRAME (len=12): 0C 00 11 00 00 00 00 00 01 00 61 76
[10717.081s] TEXT: '...;.'
[10717.290s] TEXT: '.....'
[10717.290s] FRAME (len=56): 38 00 11 00 01 00 00 00 01 00 46 81 9E E3 00 1D 00 0F 20 00 02 0B 6B 27 56 AF 00 00 00 00 00 00 61 07 73 62 23 00 05 00 00 88 00 00 98 00 9F 00 09 00 00 00 41 0E 32 89
[10717.290s] FRAME (len=12): 0C 00 11 00 00 00 00 00 01 00 61 76
[10723.478s] TEXT: '...;.'
[10723.478s] TEXT: '.....'
[10723.478s] FRAME (len=56): 38 00 11 00 01 00 00 00 01 00 46 81 9E E3 00 1D 00 0F 20 00 02 0B 6B 27 56 AF 00 00 00 00 00 00 61 07 73 62 23 00 05 00 00 88 00 00 98 00 9F 00 09 00 00 00 41 0E 32 89
[10723.478s] FRAME (len=12): 0C 00 11 00 00 00 00 00 01 00 61 76
[10729.707s] TEXT: '...;.'
[10729.707s] TEXT: '.....'
[10729.707s] TEXT: '.....'
[10729.707s] FRAME (len=56): 38 00 11 00 01 00 00 00 01 00 46 81 9E E3 00 1D 00 0F 20 00 01 0B 6B 27 56 A3 00 00 00 00 00 00 61 07 73 62 23 00 05 00 00 88 00 00 98 00 9F 00 09 00 00 00 2E 0E 44 22
[10729.707s] FRAME (len=16): 10 00 11 00 08 00 00 00 01 00 04 00 00 00 34 99
[10729.917s] TEXT: '.....'
[10729.917s] FRAME (len=12): 0C 00 11 00 00 00 00 00 01 00 61 76
[10729.917s] FRAME (len=12): 0C 00 11 00 0B 00 00 00 01 00 C3 B5
[10731.776s] TEXT: '...;.'
[10731.776s] FRAME (len=56): 38 00 11 00 01 00 00 00 01 00 00 12 4B 00 38 0D 16 FD 03 00 D0 08 6D 27 31 11 D4 FF 64 00 EE 02 00 00 00 00 00 00 0A 04 00 00 00 00 00 00 06 01 00 00 00 00 00 00 0E AD
[10735.902s] TEXT: '....TX succeeded...;.'
[10735.902s] TEXT: '.....'
[10735.902s] FRAME (len=56): 38 00 11 00 01 00 00 00 01 00 46 81 9E E3 00 1D 00 0F 20 00 01 0B 6B 27 56 A3 00 00 00 00 00 00 61 07 73 62 23 00 05 00 00 88 00 00 98 00 9F 00 09 00 00 00 2E 0E 44 22
[10735.902s] FRAME (len=12): 0C 00 11 00 00 00 00 00 01 00 61 76
[10742.126s] TEXT: '...;.'
[10742.126s] TEXT: '.....'
[10742.126s] FRAME (len=56): 38 00 11 00 01 00 00 00 01 00 46 81 9E E3 00 1D 00 0F 20 00 01 0B 6B 27 56 A3 00 00 00 00 00 00 61 07 73 62 23 00 05 00 00 88 00 00 98 00 9F 00 09 00 00 00 2E 0E 44 22
[10742.126s] FRAME (len=12): 0C 00 11 00 00 00 00 00 01 00 61 76
[10748.328s] TEXT: '...;.'
[10748.328s] TEXT: '.....'
[10748.328s] FRAME (len=56): 38 00 11 00 01 00 00 00 01 00 46 81 9E E3 00 1D 00 0F 20 00 01 0B 6B 27 56 A3 00 00 00 00 00 00 61 07 73 62 23 00 05 00 00 88 00 00 98 00 9F 00 09 00 00 00 2E 0E 44 22
[10748.328s] FRAME (len=12): 0C 00 11 00 00 00 00 00 01 00 61 76
[10754.740s] TEXT: '...;.'
[10754.740s] TEXT: '.....'
[10754.740s] TEXT: '.....'
[10754.740s] FRAME (len=56): 38 00 11 00 01 00 00 00 01 00 46 81 9E E3 00 1D 00 0F 20 00 FB 0A 6B 27 56 AF 00 00 00 00 00 00 61 07 73 62 23 00 05 00 00 88 00 00 98 00 9F 00 09 00 00 00 2E 0E B7 31
[10754.740s] FRAME (len=12): 0C 00 11 00 00 00 00 00 01 00 61 76
[10754.740s] FRAME (len=12): 0C 00 11 00 0B 00 00 00 01 00 C3 B5
[10757.640s] TEXT: '...;.'
[10757.640s] FRAME (len=56): 38 00 11 00 01 00 00 00 01 00 00 12 4B 00 38 0D 16 FD 03 00 D1 08 6E 27 31 11 D4 FF 64 00 EE 02 00 00 00 00 00 00 0A 04 00 00 00 00 00 00 06 01 00 00 00 00 00 00 E1 DA
[10760.740s] TEXT: '....TX succeeded...;.'
[10760.740s] TEXT: '.....'
[10760.740s] FRAME (len=56): 38 00 11 00 01 00 00 00 01 00 46 81 9E E3 00 1D 00 0F 20 00 FB 0A 6B 27 56 AF 00 00 00 00 00 00 61 07 73 62 23 00 05 00 00 88 00 00 98 00 9F 00 09 00 00 00 2E 0E B7 31
[10760.740s] FRAME (len=12): 0C 00 11 00 00 00 00 00 01 00 61 76
[10766.963s] TEXT: '...;.'
[10766.963s] TEXT: '.....'
[10766.963s] FRAME (len=56): 38 00 11 00 01 00 00 00 01 00 46 81 9E E3 00 1D 00 0F 20 00 FB 0A 6B 27 56 AF 00 00 00 00 00 00 61 07 73 62 23 00 05 00 00 88 00 00 98 00 9F 00 09 00 00 00 2E 0E B7 31
[10766.963s] FRAME (len=12): 0C 00 11 00 00 00 00 00 01 00 61 76
[10773.182s] TEXT: '...;.'
[10773.182s] TEXT: '.....'
[10773.182s] FRAME (len=56): 38 00 11 00 01 00 00 00 01 00 46 81 9E E3 00 1D 00 0F 20 00 FB 0A 6B 27 56 AF 00 00 00 00 00 00 61 07 73 62 23 00 05 00 00 88 00 00 98 00 9F 00 09 00 00 00 2E 0E B7 31
[10773.182s] FRAME (len=12): 0C 00 11 00 00 00 00 00 01 00 61 76
[10779.598s] TEXT: '...;.'
[10779.598s] TEXT: '.....'
[10779.598s] TEXT: '.....'
[10779.598s] TEXT: '.....'
[10779.598s] FRAME (len=56): 38 00 11 00 01 00 00 00 01 00 46 81 9E E3 00 1D 00 0F 20 00 0C 0B 6B 27 56 CB 00 00 00 00 00 00 61 07 73 62 23 00 05 00 00 88 00 00 98 00 9F 00 09 00 00 00 41 0E B8 82
[10779.598s] FRAME (len=16): 10 00 11 00 08 00 00 00 01 00 04 00 00 00 34 99
[10779.598s] FRAME (len=12): 0C 00 11 00 00 00 00 00 01 00 61 76
[10779.598s] FRAME (len=12): 0C 00 11 00 0B 00 00 00 01 00 C3 B5
[10783.320s] TEXT: '...;.'
[10783.320s] FRAME (len=56): 38 00 11 00 01 00 00 00 01 00 00 12 4B 00 38 0D 16 FD 03 00 D1 08 6E 27 31 11 D4 FF 64 00 EE 02 00 00 00 00 00 00 0A 04 00 00 00 00 00 00 06 01 00 00 00 00 00 00 E1 DA
[10785.606s] TEXT: '....TX succeeded...;.'
[10785.606s] TEXT: '.....'
[10785.606s] FRAME (len=56): 38 00 11 00 01 00 00 00 01 00 46 81 9E E3 00 1D 00 0F 20 00 0C 0B 6B 27 56 CB 00 00 00 00 00 00 61 07 73 62 23 00 05 00 00 88 00 00 98 00 9F 00 09 00 00 00 41 0E B8 82
[10785.606s] FRAME (len=12): 0C 00 11 00 00 00 00 00 01 00 61 76
[10791.822s] TEXT: '...;.'
[10791.822s] TEXT: '.....'
[10791.822s] FRAME (len=56): 38 00 11 00 01 00 00 00 01 00 46 81 9E E3 00 1D 00 0F 20 00 0C 0B 6B 27 56 CB 00 00 00 00 00 00 61 07 73 62 23 00 05 00 00 88 00 00 98 00 9F 00 09 00 00 00 41 0E B8 82
[10791.822s] FRAME (len=12): 0C 00 11 00 00 00 00 00 01 00 61 76
[10798.015s] TEXT: '...;.'
[10798.015s] TEXT: '.....'
[10798.015s] FRAME (len=56): 38 00 11 00 01 00 00 00 01 00 46 81 9E E3 00 1D 00 0F 20 00 0C 0B 6B 27 56 CB 00 00 00 00 00 00 61 07 73 62 23 00 05 00 00 88 00 00 98 00 9F 00 09 00 00 00 41 0E B8 82
[10798.015s] FRAME (len=12): 0C 00 11 00 00 00 00 00 01 00 61 76
[10804.415s] TEXT: '...;.'
[10804.415s] TEXT: '.....'
[10804.415s] TEXT: '.....'
[10804.415s] FRAME (len=56): 38 00 11 00 01 00 00 00 01 00 46 81 9E E3 00 1D 00 0F 20 00 0E 0B 6B 27 56 AD 00 00 00 00 00 00 61 07 73 62 23 00 05 00 00 88 00 00 98 00 9F 00 09 00 00 00 2E 0E B1 92
[10804.415s] FRAME (len=12): 0C 00 11 00 00 00 00 00 01 00 61 76
[10804.415s] FRAME (len=12): 0C 00 11 00 0B 00 00 00 01 00 C3 B5
[10809.791s] TEXT: '...;.'
[10810.001s] FRAME (len=56): 38 00 11 00 01 00 00 00 01 00 00 12 4B 00 38 0D 16 FD 03 00 D1 08 6E 27 31 35 D4 FF 64 00 EE 02 00 00 00 00 00 00 0A 04 00 00 00 00 00 00 06 01 00 00 00 00 00 00 25 C6
[10810.414s] TEXT: '....TX succeeded...;.'
[10810.414s] TEXT: '.....'
[10810.414s] FRAME (len=56): 38 00 11 00 01 00 00 00 01 00 46 81 9E E3 00 1D 00 0F 20 00 0E 0B 6B 27 56 AD 00 00 00 00 00 00 61 07 73 62 23 00 05 00 00 88 00 00 98 00 9F 00 09 00 00 00 2E 0E B1 92
[10810.414s] FRAME (len=12): 0C 00 11 00 00 00 00 00 01 00 61 76
[10816.603s] TEXT: '...;.'
[10816.603s] TEXT: '.....'
[10816.603s] FRAME (len=56): 38 00 11 00 01 00 00 00 01 00 46 81 9E E3 00 1D 00 0F 20 00 0E 0B 6B 27 56 AD 00 00 00 00 00 00 61 07 73 62 23 00 05 00 00 88 00 00 98 00 9F 00 09 00 00 00 2E 0E B1 92
[10816.603s] FRAME (len=12): 0C 00 11 00 00 00 00 00 01 00 61 76
[10822.833s] TEXT: '...;.'
[10822.833s] TEXT: '.....'
[10822.833s] FRAME (len=56): 38 00 11 00 01 00 00 00 01 00 46 81 9E E3 00 1D 00 0F 20 00 0E 0B 6B 27 56 AD 00 00 00 00 00 00 61 07 73 62 23 00 05 00 00 88 00 00 98 00 9F 00 09 00 00 00 2E 0E B1 92
[10822.833s] FRAME (len=12): 0C 00 11 00 00 00 00 00 01 00 61 76
[10829.262s] TEXT: '...;.'
[10829.262s] TEXT: '.....'
[10829.262s] TEXT: '.....'
[10829.262s] FRAME (len=56): 38 00 11 00 01 00 00 00 01 00 46 81 9E E3 00 1D 00 0F 20 00 03 0B 6C 27 56 85 00 00 00 00 00 00 61 07 73 62 23 00 06 00 00 88 00 00 98 00 9F 00 09 00 00 00 2E 0E B8 91
[10829.262s] FRAME (len=12): 0C 00 11 00 00 00 00 00 01 00 61 76
[10829.262s] FRAME (len=12): 0C 00 11 00 0B 00 00 00 01 00 C3 B5
[10835.276s] TEXT: '...;.'
[10835.276s] TEXT: '.....'
[10835.276s] FRAME (len=56): 38 00 11 00 01 00 00 00 01 00 46 81 9E E3 00 1D 00 0F 20 00 03 0B 6C 27 56 85 00 00 00 00 00 00 61 07 73 62 23 00 06 00 00 88 00 00 98 00 9F 00 09 00 00 00 2E 0E B8 91
[10835.276s] FRAME (len=12): 0C 00 11 00 00 00 00 00 01 00 61 76
[10835.481s] TEXT: '...;.'
[10835.481s] FRAME (len=56): 38 00 11 00 01 00 00 00 01 00 00 12 4B 00 38 0D 16 FD 03 00 D1 08 6E 27 31 21 D4 FF 64 00 EE 02 00 00 00 00 00 00 0A 04 00 00 00 00 00 00 06 01 00 00 00 00 00 00 51 CA
[10841.496s] TEXT: '....TX succeeded...;.'
[10841.496s] TEXT: '.....'
[10841.496s] FRAME (len=56): 38 00 11 00 01 00 00 00 01 00 46 81 9E E3 00 1D 00 0F 20 00 03 0B 6C 27 56 85 00 00 00 00 00 00 61 07 73 62 23 00 06 00 00 88 00 00 98 00 9F 00 09 00 00 00 2E 0E B8 91
[10841.496s] FRAME (len=12): 0C 00 11 00 00 00 00 00 01 00 61 76
[10847.676s] TEXT: '...;.'
[10847.676s] TEXT: '.....'
[10847.676s] FRAME (len=56): 38 00 11 00 01 00 00 00 01 00 46 81 9E E3 00 1D 00 0F 20 00 03 0B 6C 27 56 85 00 00 00 00 00 00 61 07 73 62 23 00 06 00 00 88 00 00 98 00 9F 00 09 00 00 00 2E 0E B8 91
[10847.676s] FRAME (len=12): 0C 00 11 00 00 00 00 00 01 00 61 76
[10854.102s] TEXT: '...;.'
[10854.102s] TEXT: '.....'
[10854.102s] TEXT: '.....'
[10854.102s] TEXT: '.....'
[10854.102s] FRAME (len=56): 38 00 11 00 01 00 00 00 01 00 46 81 9E E3 00 1D 00 0F 20 00 F0 0A 6B 27 56 CB 00 00 00 00 00 00 61 07 73 62 23 00 05 00 00 88 00 00 98 00 9F 00 09 00 00 00 1B 0E AE 0C
[10854.102s] FRAME (len=16): 10 00 11 00 08 00 00 00 01 00 04 00 00 00 34 99
[10854.102s] FRAME (len=12): 0C 00 11 00 00 00 00 00 01 00 61 76
[10854.102s] FRAME (len=12): 0C 00 11 00 0B 00 00 00 01 00 C3 B5
[10860.124s] TEXT: '...;.'
[10860.124s] FRAME (len=56): 38 00 11 00 01 00 00 00 01 00 46 81 9E E3 00 1D 00 0F 20 00 F0 0A 6B 27 56 CB 00 00 00 00 00 00 61 07 73 62 23 00 05 00 00 88 00 00 98 00 9F 00 09 00 00 00 1B 0E AE 0C
[10860.332s] TEXT: '.....'
[10860.332s] FRAME (len=12): 0C 00 11 00 00 00 00 00 01 00 61 76
[10861.165s] TEXT: '...;.'
[10861.165s] FRAME (len=56): 38 00 11 00 01 00 00 00 01 00 00 12 4B 00 38 0D 16 FD 03 00 D1 08 6E 27 31 05 D4 FF 64 00 EE 02 00 00 00 00 00 00 0A 04 00 00 00 00 00 00 06 01 00 00 00 00 00 00 95 D6
[10866.357s] TEXT: '....TX succeeded...;.'
[10866.357s] TEXT: '.....'
[10866.357s] FRAME (len=56): 38 00 11 00 01 00 00 00 01 00 46 81 9E E3 00 1D 00 0F 20 00 F0 0A 6B 27 56 CB 00 00 00 00 00 00 61 07 73 62 23 00 05 00 00 88 00 00 98 00 9F 00 09 00 00 00 1B 0E AE 0C
[10866.357s] FRAME (len=12): 0C 00 11 00 00 00 00 00 01 00 61 76
[10872.582s] TEXT: '...;.'
[10872.582s] TEXT: '.....'
[10872.582s] FRAME (len=56): 38 00 11 00 01 00 00 00 01 00 46 81 9E E3 00 1D 00 0F 20 00 F0 0A 6B 27 56 CB 00 00 00 00 00 00 61 07 73 62 23 00 05 00 00 88 00 00 98 00 9F 00 09 00 00 00 1B 0E AE 0C
[10872.582s] FRAME (len=12): 0C 00 11 00 00 00 00 00 01 00 61 76
[10878.973s] TEXT: '...;.'
[10878.973s] TEXT: '.....'
[10878.973s] TEXT: '.....'
[10878.973s] FRAME (len=56): 38 00 11 00 01 00 00 00 01 00 46 81 9E E3 00 1D 00 0F 20 00 F5 0A 6B 27 56 A5 00 00 00 00 00 00 61 07 73 62 23 00 06 00 00 88 00 00 98 00 9F 00 09 00 00 00 2E 0E D1 06
[10878.973s] FRAME (len=12): 0C 00 11 00 00 00 00 00 01 00 61 76
[10878.973s] FRAME (len=12): 0C 00 11 00 0B 00 00 00 01 00 C3 B5
[10884.986s] TEXT: '...;.'
[10885.196s] TEXT: '.....'
[10885.196s] FRAME (len=56): 38 00 11 00 01 00 00 00 01 00 46 81 9E E3 00 1D 00 0F 20 00 F5 0A 6B 27 56 A5 00 00 00 00 00 00 61 07 73 62 23 00 06 00 00 88 00 00 98 00 9F 00 09 00 00 00 2E 0E D1 06
[10885.196s] FRAME (len=12): 0C 00 11 00 00 00 00 00 01 00 61 76
[10886.850s] TEXT: '...;.'
[10886.850s] FRAME (len=56): 38 00 11 00 01 00 00 00 01 00 00 12 4B 00 38 0D 16 FD 03 00 D1 08 6E 27 31 11 D4 FF 64 00 EE 02 00 00 00 00 00 00 0A 04 00 00 00 00 00 00 06 01 00 00 00 00 00 00 E1 DA
[10891.215s] TEXT: '....TX succeeded...;.'
[10891.215s] TEXT: '.....'
[10891.215s] FRAME (len=56): 38 00 11 00 01 00 00 00 01 00 46 81 9E E3 00 1D 00 0F 20 00 F5 0A 6B 27 56 A5 00 00 00 00 00 00 61 07 73 62 23 00 06 00 00 88 00 00 98 00 9F 00 09 00 00 00 2E 0E D1 06
[10891.215s] FRAME (len=12): 0C 00 11 00 00 00 00 00 01 00 61 76
[10897.430s] TEXT: '...;.'
[10897.430s] TEXT: '.....'
[10897.430s] FRAME (len=56): 38 00 11 00 01 00 00 00 01 00 46 81 9E E3 00 1D 00 0F 20 00 F5 0A 6B 27 56 A5 00 00 00 00 00 00 61 07 73 62 23 00 06 00 00 88 00 00 98 00 9F 00 09 00 00 00 2E 0E D1 06
[10897.430s] FRAME (len=12): 0C 00 11 00 00 00 00 00 01 00 61 76
[10903.869s] TEXT: '...;.'
[10903.869s] TEXT: '.....'
[10903.869s] TEXT: '.....'
[10903.869s] FRAME (len=56): 38 00 11 00 01 00 00 00 01 00 46 81 9E E3 00 1D 00 0F 20 00 01 0B 6B 27 56 C3 00 00 00 00 00 00 61 07 73 62 23 00 05 00 00 88 00 00 98 00 9F 00 09 00 00 00 2E 0E 24 03
[10903.869s] FRAME (len=12): 0C 00 11 00 00 00 00 00 01 00 61 76
[10903.869s] FRAME (len=12): 0C 00 11 00 0B 00 00 00 01 00 C3 B5
[10909.876s] TEXT: '...;.'
[10909.876s] TEXT: '.....'
[10909.876s] FRAME (len=56): 38 00 11 00 01 00 00 00 01 00 46 81 9E E3 00 1D 00 0F 20 00 01 0B 6B 27 56 C3 00 00 00 00 00 00 61 07 73 62 23 00 05 00 00 88 00 00 98 00 9F 00 09 00 00 00 2E 0E 24 03
[10909.876s] FRAME (len=12): 0C 00 11 00 00 00 00 00 01 00 61 76
[10912.561s] TEXT: '...;.'
[10912.561s] FRAME (len=56): 38 00 11 00 01 00 00 00 01 00 00 12 4B 00 38 0D 16 FD 03 00 D2 08 6E 27 31 41 D4 FF 64 00 EE 02 00 00 00 00 00 00 0A 04 00 00 00 00 00 00 06 01 00 00 00 00 00 00 7F 5F
[10916.073s] TEXT: '....TX succeeded...;.'
[10916.073s] FRAME (len=56): 38 00 11 00 01 00 00 00 01 00 46 81 9E E3 00 1D 00 0F 20 00 01 0B 6B 27 56 C3 00 00 00 00 00 00 61 07 73 62 23 00 05 00 00 88 00 00 98 00 9F 00 09 00 00 00 2E 0E 24 03
[10916.282s] TEXT: '.....'
[10916.282s] FRAME (len=12): 0C 00 11 00 00 00 00 00 01 00 61 76
[10922.273s] TEXT: '...;.'
[10922.273s] TEXT: '.....'
[10922.273s] FRAME (len=56): 38 00 11 00 01 00 00 00 01 00 46 81 9E E3 00 1D 00 0F 20 00 01 0B 6B 27 56 C3 00 00 00 00 00 00 61 07 73 62 23 00 05 00 00 88 00 00 98 00 9F 00 09 00 00 00 2E 0E 24 03
[10922.273s] FRAME (len=12): 0C 00 11 00 00 00 00 00 01 00 61 76
[10928.660s] TEXT: '...;.'
[10928.660s] TEXT: '.....'
[10928.660s] TEXT: '.....'
[10928.660s] TEXT: '.....'
[10928.660s] FRAME (len=56): 38 00 11 00 01 00 00 00 01 00 46 81 9E E3 00 1D 00 0F 20 00 03 0B 6B 27 56 C9 00 00 00 00 00 00 61 07 73 62 23 00 05 00 00 88 00 00 98 00 9F 00 09 00 00 00 41 0E 61 36
[10928.660s] FRAME (len=16): 10 00 11 00 08 00 00 00 01 00 04 00 00 00 34 99
[10928.660s] FRAME (len=12): 0C 00 11 00 00 00 00 00 01 00 61 76
[10928.660s] FRAME (len=12): 0C 00 11 00 0B 00 00 00 01 00 C3 B5
[10934.900s] TEXT: '...;.'
[10934.900s] TEXT: '.....'
[10934.900s] FRAME (len=56): 38 00 11 00 01 00 00 00 01 00 46 81 9E E3 00 1D 00 0F 20 00 03 0B 6B 27 56 C9 00 00 00 00 00 00 61 07 73 62 23 00 05 00 00 88 00 00 98 00 9F 00 09 00 00 00 41 0E 61 36
[10934.900s] FRAME (len=12): 0C 00 11 00 00 00 00 00 01 00 61 76
[10938.222s] TEXT: '...;.'
[10938.222s] FRAME (len=56): 38 00 11 00 01 00 00 00 01 00 00 12 4B 00 38 0D 16 FD 03 00 D1 08 6E 27 31 0D D4 FF 64 00 EE 02 00 00 00 00 00 00 0A 04 00 00 00 00 00 00 06 01 00 00 00 00 00 00 42 21
[10940.923s] TEXT: '....TX failed: 0xc....TX failed: 0xc...;.'
[10940.923s] FRAME (len=56): 38 00 11 00 01 00 00 00 01 00 46 81 9E E3 00 1D 00 0F 20 00 03 0B 6B 27 56 C9 00 00 00 00 00 00 61 07 73 62 23 00 05 00 00 88 00 00 98 00 9F 00 09 00 00 00 41 0E 61 36
[10941.132s] TEXT: '.....'
[10941.132s] FRAME (len=12): 0C 00 11 00 00 00 00 00 01 00 61 76
[10947.140s] TEXT: '...;.'
[10947.140s] TEXT: '.....'
[10947.140s] FRAME (len=56): 38 00 11 00 01 00 00 00 01 00 46 81 9E E3 00 1D 00 0F 20 00 03 0B 6B 27 56 C9 00 00 00 00 00 00 61 07 73 62 23 00 05 00 00 88 00 00 98 00 9F 00 09 00 00 00 41 0E 61 36
[10947.140s] FRAME (len=12): 0C 00 11 00 00 00 00 00 01 00 61 76
[10953.549s] TEXT: '...;.'
[10953.549s] TEXT: '.....'
[10953.549s] TEXT: '.....'
[10953.549s] TEXT: '.....'
[10953.549s] FRAME (len=56): 38 00 11 00 01 00 00 00 01 00 46 81 9E E3 00 1D 00 0F 20 00 FB 0A 6B 27 56 A5 00 00 00 00 00 00 61 07 73 62 23 00 06 00 00 88 00 00 98 00 9F 00 09 00 00 00 1B 0E A0 25
[10953.549s] FRAME (len=16): 10 00 11 00 08 00 00 00 01 00 04 00 00 00 34 99
[10953.549s] FRAME (len=12): 0C 00 11 00 00 00 00 00 01 00 61 76
[10953.549s] FRAME (len=12): 0C 00 11 00 0B 00 00 00 01 00 C3 B5
[10959.780s] TEXT: '...;.'
[10959.780s] TEXT: '.....'
[10959.780s] FRAME (len=56): 38 00 11 00 01 00 00 00 01 00 46 81 9E E3 00 1D 00 0F 20 00 FB 0A 6B 27 56 A5 00 00 00 00 00 00 61 07 73 62 23 00 06 00 00 88 00 00 98 00 9F 00 09 00 00 00 1B 0E A0 25
[10959.780s] FRAME (len=12): 0C 00 11 00 00 00 00 00 01 00 61 76
[10964.956s] TEXT: '...;.'
[10964.956s] FRAME (len=54): 38 00 11 00 01 00 00 00 01 00 00 12 4B 00 38 0D 16 FD 03 00 D1 08 6E 27 31 2D D4 FF 64 00 EE 02 00 00 00 00 00 00 0A 04 00 00 00 00 00 00 06 01 00 00 00 00 00 00
[10965.783s] TEXT: '.}....TX succeeded...;.'
[10965.783s] FRAME (len=56): 38 00 11 00 01 00 00 00 01 00 46 81 9E E3 00 1D 00 0F 20 00 FB 0A 6B 27 56 A5 00 00 00 00 00 00 61 07 73 62 23 00 06 00 00 88 00 00 98 00 9F 00 09 00 00 00 1B 0E A0 25
[10965.989s] TEXT: '.....'
[10965.989s] FRAME (len=12): 0C 00 11 00 00 00 00 00 01 00 61 76
[10972.021s] TEXT: '...;.'
[10972.021s] TEXT: '.....'
[10972.021s] FRAME (len=56): 38 00 11 00 01 00 00 00 01 00 46 81 9E E3 00 1D 00 0F 20 00 FB 0A 6B 27 56 A5 00 00 00 00 00 00 61 07 73 62 23 00 06 00 00 88 00 00 98 00 9F 00 09 00 00 00 1B 0E A0 25
[10972.021s] FRAME (len=12): 0C 00 11 00 00 00 00 00 01 00 61 76
[10978.444s] TEXT: '...;.'
[10978.444s] TEXT: '.....'
[10978.444s] TEXT: '.....'
[10978.444s] FRAME (len=56): 38 00 11 00 01 00 00 00 01 00 46 81 9E E3 00 1D 00 0F 20 00 FF 0A 6B 27 56 C3 00 00 00 00 00 00 61 07 73 62 23 00 05 00 00 88 00 00 98 00 9F 00 09 00 00 00 41 0E 39 5F
[10978.444s] FRAME (len=12): 0C 00 11 00 00 00 00 00 01 00 61 76
[10978.444s] FRAME (len=12): 0C 00 11 00 0B 00 00 00 01 00 C3 B5
[10984.466s] TEXT: '...;.'
[10984.466s] TEXT: '.....'
[10984.466s] FRAME (len=56): 38 00 11 00 01 00 00 00 01 00 46 81 9E E3 00 1D 00 0F 20 00 FF 0A 6B 27 56 C3 00 00 00 00 00 00 61 07 73 62 23 00 05 00 00 88 00 00 98 00 9F 00 09 00 00 00 41 0E 39 5F
[10984.466s] FRAME (len=12): 0C 00 11 00 00 00 00 00 01 00 61 76
[10990.666s] TEXT: '...;.'
[10990.666s] TEXT: '.}....TX succeeded...;.'
[10990.666s] FRAME (len=54): 38 00 11 00 01 00 00 00 01 00 00 12 4B 00 38 0D 16 FD 03 00 D1 08 6E 27 31 2D D4 FF 64 00 EE 02 00 00 00 00 00 00 0A 04 00 00 00 00 00 00 06 01 00 00 00 00 00 00
[10990.666s] FRAME (len=56): 38 00 11 00 01 00 00 00 01 00 46 81 9E E3 00 1D 00 0F 20 00 FF 0A 6B 27 56 C3 00 00 00 00 00 00 61 07 73 62 23 00 05 00 00 88 00 00 98 00 9F 00 09 00 00 00 41 0E 39 5F
[10990.873s] TEXT: '.....'
[10990.873s] FRAME (len=12): 0C 00 11 00 00 00 00 00 01 00 61 76
[10996.874s] TEXT: '...;.'
[10996.874s] TEXT: '.....'
[10996.874s] FRAME (len=56): 38 00 11 00 01 00 00 00 01 00 46 81 9E E3 00 1D 00 0F 20 00 FF 0A 6B 27 56 C3 00 00 00 00 00 00 61 07 73 62 23 00 05 00 00 88 00 00 98 00 9F 00 09 00 00 00 41 0E 39 5F
[10996.874s] FRAME (len=12): 0C 00 11 00 00 00 00 00 01 00 61 76
[11003.308s] TEXT: '...;.'
[11003.308s] TEXT: '.....'
[11003.308s] TEXT: '.....'
[11003.308s] FRAME (len=56): 38 00 11 00 01 00 00 00 01 00 46 81 9E E3 00 1D 00 0F 20 00 F5 0A 6B 27 56 C5 00 00 00 00 00 00 61 07 73 62 23 00 06 00 00 88 00 00 98 00 9F 00 09 00 00 00 41 0E A5 3C
[11003.308s] FRAME (len=12): 0C 00 11 00 00 00 00 00 01 00 61 76
[11003.308s] FRAME (len=12): 0C 00 11 00 0B 00 00 00 01 00 C3 B5
[11009.521s] TEXT: '...;.'
[11009.521s] TEXT: '.....'
[11009.521s] FRAME (len=56): 38 00 11 00 01 00 00 00 01 00 46 81 9E E3 00 1D 00 0F 20 00 F5 0A 6B 27 56 C5 00 00 00 00 00 00 61 07 73 62 23 00 06 00 00 88 00 00 98 00 9F 00 09 00 00 00 41 0E A5 3C
[11009.521s] FRAME (len=12): 0C 00 11 00 00 00 00 00 01 00 61 76
[11015.742s] TEXT: '...;.'
[11015.742s] TEXT: '.....'
[11015.742s] FRAME (len=56): 38 00 11 00 01 00 00 00 01 00 46 81 9E E3 00 1D 00 0F 20 00 F5 0A 6B 27 56 C5 00 00 00 00 00 00 61 07 73 62 23 00 06 00 00 88 00 00 98 00 9F 00 09 00 00 00 41 0E A5 3C
[11015.742s] FRAME (len=12): 0C 00 11 00 00 00 00 00 01 00 61 76
[11016.364s] TEXT: '...;.'
[11016.364s] FRAME (len=56): 38 00 11 00 01 00 00 00 01 00 00 12 4B 00 38 0D 16 FD 03 00 D2 08 6E 27 31 4D D4 FF 64 00 EE 02 00 00 00 00 00 00 0A 04 00 00 00 00 00 00 06 01 00 00 00 00 00 00 53 5B
[11021.750s] TEXT: '....TX succeeded...;.'
[11021.750s] FRAME (len=56): 38 00 11 00 01 00 00 00 01 00 46 81 9E E3 00 1D 00 0F 20 00 F5 0A 6B 27 56 C5 00 00 00 00 00 00 61 07 73 62 23 00 06 00 00 88 00 00 98 00 9F 00 09 00 00 00 41 0E A5 3C
[11021.954s] TEXT: '.....'
[11021.954s] FRAME (len=12): 0C 00 11 00 00 00 00 00 01 00 61 76
[11028.175s] TEXT: '...;.'
[11028.175s] TEXT: '.....'
[11028.175s] TEXT: '.....'
[11028.175s] FRAME (len=56): 38 00 11 00 01 00 00 00 01 00 46 81 9E E3 00 1D 00 0F 20 00 F7 0A 6B 27 56 BF 00 00 00 00 00 00 61 07 73 62 23 00 05 00 00 88 00 00 98 00 9F 00 09 00 00 00 41 0E 56 24
[11028.175s] FRAME (len=12): 0C 00 11 00 00 00 00 00 01 00 61 76
[11028.175s] FRAME (len=12): 0C 00 11 00 0B 00 00 00 01 00 C3 B5
[11034.389s] TEXT: '...;.'
[11034.389s] TEXT: '.....'
[11034.389s] FRAME (len=56): 38 00 11 00 01 00 00 00 01 00 46 81 9E E3 00 1D 00 0F 20 00 F7 0A 6B 27 56 BF 00 00 00 00 00 00 61 07 73 62 23 00 05 00 00 88 00 00 98 00 9F 00 09 00 00 00 41 0E 56 24
[11034.389s] FRAME (len=12): 0C 00 11 00 00 00 00 00 01 00 61 76
[11040.402s] TEXT: '...;.'
[11040.606s] TEXT: '.....'
[11040.606s] FRAME (len=56): 38 00 11 00 01 00 00 00 01 00 46 81 9E E3 00 1D 00 0F 20 00 F7 0A 6B 27 56 BF 00 00 00 00 00 00 61 07 73 62 23 00 05 00 00 88 00 00 98 00 9F 00 09 00 00 00 41 0E 56 24
[11040.606s] FRAME (len=12): 0C 00 11 00 00 00 00 00 01 00 61 76
[11042.057s] TEXT: '...;.'
[11042.057s] FRAME (len=56): 38 00 11 00 01 00 00 00 01 00 00 12 4B 00 38 0D 16 FD 03 00 D2 08 6E 27 31 31 D4 FF 64 00 EE 02 00 00 00 00 00 00 0A 04 00 00 00 00 00 00 06 01 00 00 00 00 00 00 90 81
[11046.598s] TEXT: '....TX succeeded...;.'
[11046.598s] FRAME (len=56): 38 00 11 00 01 00 00 00 01 00 46 81 9E E3 00 1D 00 0F 20 00 F7 0A 6B 27 56 BF 00 00 00 00 00 00 61 07 73 62 23 00 05 00 00 88 00 00 98 00 9F 00 09 00 00 00 41 0E 56 24
[11046.806s] TEXT: '.....'
[11046.806s] FRAME (len=12): 0C 00 11 00 00 00 00 00 01 00 61 76
[11053.006s] TEXT: '...;.'
[11053.006s] TEXT: '.....'
[11053.006s] TEXT: '.....'
[11053.006s] FRAME (len=56): 38 00 11 00 01 00 00 00 01 00 46 81 9E E3 00 1D 00 0F 20 00 F7 0A 6B 27 56 BF 00 00 00 00 00 00 61 07 73 62 23 00 05 00 00 88 00 00 98 00 9F 00 09 00 00 00 41 0E 56 24
[11053.006s] FRAME (len=12): 0C 00 11 00 00 00 00 00 01 00 61 76
[11053.006s] FRAME (len=12): 0C 00 11 00 0B 00 00 00 01 00 C3 B5
[11059.243s] TEXT: '...;.'
[11059.243s] TEXT: '.....'
[11059.243s] FRAME (len=56): 38 00 11 00 01 00 00 00 01 00 46 81 9E E3 00 1D 00 0F 20 00 F7 0A 6B 27 56 BF 00 00 00 00 00 00 61 07 73 62 23 00 05 00 00 88 00 00 98 00 9F 00 09 00 00 00 41 0E 56 24
[11059.243s] FRAME (len=12): 0C 00 11 00 00 00 00 00 01 00 61 76
[11065.476s] TEXT: '...;.'
[11065.476s] TEXT: '.....'
[11065.476s] FRAME (len=56): 38 00 11 00 01 00 00 00 01 00 46 81 9E E3 00 1D 00 0F 20 00 F7 0A 6B 27 56 BF 00 00 00 00 00 00 61 07 73 62 23 00 05 00 00 88 00 00 98 00 9F 00 09 00 00 00 41 0E 56 24
[11065.476s] FRAME (len=12): 0C 00 11 00 00 00 00 00 01 00 61 76
[11067.547s] TEXT: '...;.'
[11067.547s] FRAME (len=56): 38 00 11 00 01 00 00 00 01 00 00 12 4B 00 38 0D 16 FD 03 00 D2 08 6E 27 31 3D D4 FF 64 00 EE 02 00 00 00 00 00 00 0A 04 00 00 00 00 00 00 06 01 00 00 00 00 00 00 BC 85
[11071.473s] TEXT: '....TX succeeded...;.'
[11071.473s] FRAME (len=56): 38 00 11 00 01 00 00 00 01 00 46 81 9E E3 00 1D 00 0F 20 00 F7 0A 6B 27 56 BF 00 00 00 00 00 00 61 07 73 62 23 00 05 00 00 88 00 00 98 00 9F 00 09 00 00 00 41 0E 56 24
[11071.682s] TEXT: '.....'
[11071.682s] FRAME (len=12): 0C 00 11 00 00 00 00 00 01 00 61 76
[11077.893s] TEXT: '...;.'
[11077.893s] TEXT: '.....'
[11077.893s] TEXT: '.....'
[11077.893s] FRAME (len=56): 38 00 11 00 01 00 00 00 01 00 46 81 9E E3 00 1D 00 0F 20 00 FA 0A 6C 27 55 A3 00 00 00 00 00 00 61 07 73 62 23 00 05 00 00 88 00 00 98 00 9F 00 09 00 00 00 1B 0E 0C D6
[11077.893s] FRAME (len=12): 0C 00 11 00 00 00 00 00 01 00 61 76
[11077.893s] FRAME (len=12): 0C 00 11 00 0B 00 00 00 01 00 C3 B5
[11084.096s] TEXT: '...;.'
[11084.096s] TEXT: '.....'
[11084.096s] FRAME (len=56): 38 00 11 00 01 00 00 00 01 00 46 81 9E E3 00 1D 00 0F 20 00 FA 0A 6C 27 55 A3 00 00 00 00 00 00 61 07 73 62 23 00 05 00 00 88 00 00 98 00 9F 00 09 00 00 00 1B 0E 0C D6
[11084.096s] FRAME (len=12): 0C 00 11 00 00 00 00 00 01 00 61 76
[11090.319s] TEXT: '...;.'
[11090.319s] TEXT: '.....'
[11090.319s] FRAME (len=56): 38 00 11 00 01 00 00 00 01 00 46 81 9E E3 00 1D 00 0F 20 00 FA 0A 6C 27 55 A3 00 00 00 00 00 00 61 07 73 62 23 00 05 00 00 88 00 00 98 00 9F 00 09 00 00 00 1B 0E 0C D6
[11090.319s] FRAME (len=12): 0C 00 11 00 00 00 00 00 01 00 61 76
[11094.236s] TEXT: '...;.'
[11094.236s] FRAME (len=56): 38 00 11 00 01 00 00 00 01 00 00 12 4B 00 38 0D 16 FD 03 00 D2 08 6E 27 31 5D D4 FF 64 00 EE 02 00 00 00 00 00 00 0A 04 00 00 00 00 00 00 06 01 00 00 00 00 00 00 DC A4
[11096.313s] TEXT: '....TX succeeded...;.'
[11096.313s] FRAME (len=56): 38 00 11 00 01 00 00 00 01 00 46 81 9E E3 00 1D 00 0F 20 00 FA 0A 6C 27 55 A3 00 00 00 00 00 00 61 07 73 62 23 00 05 00 00 88 00 00 98 00 9F 00 09 00 00 00 1B 0E 0C D6
[11096.521s] TEXT: '.....'
[11096.521s] FRAME (len=12): 0C 00 11 00 00 00 00 00 01 00 61 76
[11102.743s] TEXT: '...;.'
[11102.743s] TEXT: '.....'
[11102.743s] TEXT: '.....'
[11102.743s] FRAME (len=56): 38 00 11 00 01 00 00 00 01 00 46 81 9E E3 00 1D 00 0F 20 00 F8 0A 6B 27 55 C3 00 00 00 00 00 00 61 07 73 62 23 00 06 00 00 88 00 00 98 00 9F 00 09 00 00 00 2E 0E D9 53
[11102.743s] FRAME (len=12): 0C 00 11 00 00 00 00 00 01 00 61 76
[11102.743s] FRAME (len=12): 0C 00 11 00 0B 00 00 00 01 00 C3 B5
[11108.952s] TEXT: '...;.'
[11108.952s] TEXT: '.....'
[11108.952s] FRAME (len=56): 38 00 11 00 01 00 00 00 01 00 46 81 9E E3 00 1D 00 0F 20 00 F8 0A 6B 27 55 C3 00 00 00 00 00 00 61 07 73 62 23 00 06 00 00 88 00 00 98 00 9F 00 09 00 00 00 2E 0E D9 53
[11108.952s] FRAME (len=12): 0C 00 11 00 00 00 00 00 01 00 61 76
[11115.145s] TEXT: '...;.'
[11115.145s] TEXT: '.....'
[11115.145s] FRAME (len=56): 38 00 11 00 01 00 00 00 01 00 46 81 9E E3 00 1D 00 0F 20 00 F8 0A 6B 27 55 C3 00 00 00 00 00 00 61 07 73 62 23 00 06 00 00 88 00 00 98 00 9F 00 09 00 00 00 2E 0E D9 53
[11115.145s] FRAME (len=12): 0C 00 11 00 00 00 00 00 01 00 61 76
[11119.919s] TEXT: '...;.'
[11119.919s] FRAME (len=56): 38 00 11 00 01 00 00 00 01 00 00 12 4B 00 38 0D 16 FD 03 00 D3 08 6E 27 31 0D D4 FF 64 00 EE 02 00 00 00 00 00 00 0A 04 00 00 00 00 00 00 06 01 00 00 00 00 00 00 29 09
[11121.370s] TEXT: '....TX succeeded...;.'
[11121.370s] TEXT: '.....'
[11121.370s] FRAME (len=56): 38 00 11 00 01 00 00 00 01 00 46 81 9E E3 00 1D 00 0F 20 00 F8 0A 6B 27 55 C3 00 00 00 00 00 00 61 07 73 62 23 00 06 00 00 88 00 00 98 00 9F 00 09 00 00 00 2E 0E D9 53
[11121.370s] FRAME (len=12): 0C 00 11 00 00 00 00 00 01 00 61 76
[11127.574s] TEXT: '...;.'
[11127.574s] TEXT: '.....'
[11127.574s] TEXT: '.....'
[11127.574s] FRAME (len=56): 38 00 11 00 01 00 00 00 01 00 46 81 9E E3 00 1D 00 0F 20 00 EE 0A 6C 27 56 8D 00 00 00 00 00 00 61 07 73 62 23 00 06 00 00 88 00 00 98 00 9F 00 09 00 00 00 41 0E 45 DD
[11127.574s] FRAME (len=12): 0C 00 11 00 00 00 00 00 01 00 61 76
[11127.574s] FRAME (len=12): 0C 00 11 00 0B 00 00 00 01 00 C3 B5
[11133.761s] TEXT: '...;.'
[11133.761s] TEXT: '.....'
[11133.761s] FRAME (len=56): 38 00 11 00 01 00 00 00 01 00 46 81 9E E3 00 1D 00 0F 20 00 EE 0A 6C 27 56 8D 00 00 00 00 00 00 61 07 73 62 23 00 06 00 00 88 00 00 98 00 9F 00 09 00 00 00 41 0E 45 DD
[11133.761s] FRAME (len=12): 0C 00 11 00 00 00 00 00 01 00 61 76
[11139.985s] TEXT: '...;.'
[11139.985s] TEXT: '.....'
[11139.985s] FRAME (len=56): 38 00 11 00 01 00 00 00 01 00 46 81 9E E3 00 1D 00 0F 20 00 EE 0A 6C 27 56 8D 00 00 00 00 00 00 61 07 73 62 23 00 06 00 00 88 00 00 98 00 9F 00 09 00 00 00 41 0E 45 DD
[11139.985s] FRAME (len=12): 0C 00 11 00 00 00 00 00 01 00 61 76
[11145.576s] TEXT: '...;.'
[11145.576s] FRAME (len=56): 38 00 11 00 01 00 00 00 01 00 00 12 4B 00 38 0D 16 FD 03 00 D2 08 6E 27 31 5D D4 FF 64 00 EE 02 00 00 00 00 00 00 0A 04 00 00 00 00 00 00 06 01 00 00 00 00 00 00 DC A4
[11146.197s] TEXT: '....TX succeeded...;.'
[11146.197s] TEXT: '.....'
[11146.197s] FRAME (len=56): 38 00 11 00 01 00 00 00 01 00 46 81 9E E3 00 1D 00 0F 20 00 EE 0A 6C 27 56 8D 00 00 00 00 00 00 61 07 73 62 23 00 06 00 00 88 00 00 98 00 9F 00 09 00 00 00 41 0E 45 DD
[11146.197s] FRAME (len=12): 0C 00 11 00 00 00 00 00 01 00 61 76
[11152.414s] TEXT: '...;.'
[11152.414s] TEXT: '.....'
[11152.414s] TEXT: '.....'
[11152.414s] FRAME (len=56): 38 00 11 00 01 00 00 00 01 00 46 81 9E E3 00 1D 00 0F 20 00 F4 0A 6C 27 56 8F 00 00 00 00 00 00 61 07 73 62 23 00 06 00 00 88 00 00 98 00 9F 00 09 00 00 00 2E 0E 02 ED
[11152.414s] FRAME (len=12): 0C 00 11 00 00 00 00 00 01 00 61 76
[11152.414s] FRAME (len=12): 0C 00 11 00 0B 00 00 00 01 00 C3 B5
[11158.639s] TEXT: '...;.'
[11158.639s] TEXT: '.....'
[11158.639s] FRAME (len=56): 38 00 11 00 01 00 00 00 01 00 46 81 9E E3 00 1D 00 0F 20 00 F4 0A 6C 27 56 8F 00 00 00 00 00 00 61 07 73 62 23 00 06 00 00 88 00 00 98 00 9F 00 09 00 00 00 2E 0E 02 ED
[11158.639s] FRAME (len=12): 0C 00 11 00 00 00 00 00 01 00 61 76
[11164.848s] TEXT: '...;.'
[11164.848s] TEXT: '.....'
[11164.848s] FRAME (len=56): 38 00 11 00 01 00 00 00 01 00 46 81 9E E3 00 1D 00 0F 20 00 F4 0A 6C 27 56 8F 00 00 00 00 00 00 61 07 73 62 23 00 06 00 00 88 00 00 98 00 9F 00 09 00 00 00 2E 0E 02 ED
[11164.848s] FRAME (len=12): 0C 00 11 00 00 00 00 00 01 00 61 76
[11171.072s] TEXT: '...;.'
[11171.072s] TEXT: '.....'
[11171.072s] FRAME (len=56): 38 00 11 00 01 00 00 00 01 00 46 81 9E E3 00 1D 00 0F 20 00 F4 0A 6C 27 56 8F 00 00 00 00 00 00 61 07 73 62 23 00 06 00 00 88 00 00 98 00 9F 00 09 00 00 00 2E 0E 02 ED
[11171.072s] FRAME (len=12): 0C 00 11 00 00 00 00 00 01 00 61 76
[11171.275s] TEXT: '...;.'
[11171.275s] FRAME (len=56): 38 00 11 00 01 00 00 00 01 00 00 12 4B 00 38 0D 16 FD 03 00 D2 08 6E 27 31 5D D4 FF 64 00 EE 02 00 00 00 00 00 00 0A 04 00 00 00 00 00 00 06 01 00 00 00 00 00 00 DC A4
[11177.296s] TEXT: '....TX succeeded...;.'
[11177.296s] FRAME (len=56): 38 00 11 00 01 00 00 00 01 00 46 81 9E E3 00 1D 00 0F 20 00 FC 0A 6C 27 56 99 00 00 00 00 00 00 61 07 73 62 23 00 06 00 00 88 00 00 98 00 9F 00 09 00 00 00 2E 0E 37 B1
[11177.507s] TEXT: '.....'
[11177.507s] TEXT: '.....'
[11177.507s] FRAME (len=12): 0C 00 11 00 00 00 00 00 01 00 61 76
[11177.507s] FRAME (len=12): 0C 00 11 00 0B 00 00 00 01 00 C3 B5
[11183.514s] TEXT: '...;.'
[11183.514s] TEXT: '.....'
[11183.514s] FRAME (len=56): 38 00 11 00 01 00 00 00 01 00 46 81 9E E3 00 1D 00 0F 20 00 FC 0A 6C 27 56 99 00 00 00 00 00 00 61 07 73 62 23 00 06 00 00 88 00 00 98 00 9F 00 09 00 00 00 2E 0E 37 B1
[11183.514s] FRAME (len=12): 0C 00 11 00 00 00 00 00 01 00 61 76
[11189.724s] TEXT: '...;.'
[11189.724s] TEXT: '.....'
[11189.724s] FRAME (len=56): 38 00 11 00 01 00 00 00 01 00 46 81 9E E3 00 1D 00 0F 20 00 FC 0A 6C 27 56 99 00 00 00 00 00 00 61 07 73 62 23 00 06 00 00 88 00 00 98 00 9F 00 09 00 00 00 2E 0E 37 B1
[11189.724s] FRAME (len=12): 0C 00 11 00 00 00 00 00 01 00 61 76
[11195.931s] TEXT: '...;.'
[11195.931s] TEXT: '.....'
[11195.931s] FRAME (len=56): 38 00 11 00 01 00 00 00 01 00 46 81 9E E3 00 1D 00 0F 20 00 FC 0A 6C 27 56 99 00 00 00 00 00 00 61 07 73 62 23 00 06 00 00 88 00 00 98 00 9F 00 09 00 00 00 2E 0E 37 B1
[11195.931s] FRAME (len=12): 0C 00 11 00 00 00 00 00 01 00 61 76
[11196.969s] TEXT: '...;.'
[11196.969s] FRAME (len=56): 38 00 11 00 01 00 00 00 01 00 00 12 4B 00 38 0D 16 FD 03 00 D2 08 6E 27 31 75 D4 FF 64 00 EE 02 00 00 00 00 00 00 0A 04 00 00 00 00 00 00 06 01 00 00 00 00 00 00 34 BC
[11202.166s] TEXT: '....TX succeeded...;.'
[11202.166s] FRAME (len=56): 38 00 11 00 01 00 00 00 01 00 46 81 9E E3 00 1D 00 0F 20 00 F6 0A 6C 27 56 95 00 00 00 00 00 00 61 07 73 62 23 00 06 00 00 88 00 00 98 00 9F 00 09 00 00 00 2E 0E DC 3C
[11202.376s] TEXT: '.....'
[11202.376s] TEXT: '.....'
[11202.376s] FRAME (len=12): 0C 00 11 00 00 00 00 00 01 00 61 76
[11202.376s] FRAME (len=12): 0C 00 11 00 0B 00 00 00 01 00 C3 B5
[11208.364s] TEXT: '...;.'
[11208.364s] TEXT: '.....'
[11208.364s] FRAME (len=56): 38 00 11 00 01 00 00 00 01 00 46 81 9E E3 00 1D 00 0F 20 00 F6 0A 6C 27 56 95 00 00 00 00 00 00 61 07 73 62 23 00 06 00 00 88 00 00 98 00 9F 00 09 00 00 00 2E 0E DC 3C
[11208.364s] FRAME (len=12): 0C 00 11 00 00 00 00 00 01 00 61 76
[11214.581s] TEXT: '...;.'
[11214.581s] TEXT: '.....'
[11214.581s] FRAME (len=56): 38 00 11 00 01 00 00 00 01 00 46 81 9E E3 00 1D 00 0F 20 00 F6 0A 6C 27 56 95 00 00 00 00 00 00 61 07 73 62 23 00 06 00 00 88 00 00 98 00 9F 00 09 00 00 00 2E 0E DC 3C
[11214.581s] FRAME (len=12): 0C 00 11 00 00 00 00 00 01 00 61 76
[11220.795s] TEXT: '...;.'
[11220.795s] TEXT: '.....'
[11220.795s] FRAME (len=56): 38 00 11 00 01 00 00 00 01 00 46 81 9E E3 00 1D 00 0F 20 00 F6 0A 6C 27 56 95 00 00 00 00 00 00 61 07 73 62 23 00 06 00 00 88 00 00 98 00 9F 00 09 00 00 00 2E 0E DC 3C
[11220.795s] FRAME (len=12): 0C 00 11 00 00 00 00 00 01 00 61 76
[11222.664s] TEXT: '...;.'
[11222.664s] FRAME (len=56): 38 00 11 00 01 00 00 00 01 00 00 12 4B 00 38 0D 16 FD 03 00 D3 08 6E 27 31 11 D4 FF 64 00 EE 02 00 00 00 00 00 00 0A 04 00 00 00 00 00 00 06 01 00 00 00 00 00 00 8A F2
[11226.998s] TEXT: '....TX failed: 0xc....TX failed: 0xc...;.'
[11226.998s] FRAME (len=56): 38 00 11 00 01 00 00 00 01 00 46 81 9E E3 00 1D 00 0F 20 00 F1 0A 6C 27 55 91 00 00 00 00 00 00 61 07 73 62 23 00 06 00 00 88 00 00 98 00 9F 00 09 00 00 00 41 0E 8A 2B
[11227.206s] TEXT: '.....'
[11227.206s] TEXT: '.....'
[11227.206s] FRAME (len=12): 0C 00 11 00 00 00 00 00 01 00 61 76
[11227.206s] FRAME (len=12): 0C 00 11 00 0B 00 00 00 01 00 C3 B5
[11233.209s] TEXT: '...;.'
[11233.209s] TEXT: '.....'
[11233.209s] FRAME (len=56): 38 00 11 00 01 00 00 00 01 00 46 81 9E E3 00 1D 00 0F 20 00 F1 0A 6C 27 55 91 00 00 00 00 00 00 61 07 73 62 23 00 06 00 00 88 00 00 98 00 9F 00 09 00 00 00 41 0E 8A 2B
[11233.209s] FRAME (len=12): 0C 00 11 00 00 00 00 00 01 00 61 76
[11239.423s] TEXT: '...;.'
[11239.423s] TEXT: '.....'
[11239.423s] FRAME (len=56): 38 00 11 00 01 00 00 00 01 00 46 81 9E E3 00 1D 00 0F 20 00 F1 0A 6C 27 55 91 00 00 00 00 00 00 61 07 73 62 23 00 06 00 00 88 00 00 98 00 9F 00 09 00 00 00 41 0E 8A 2B
[11239.423s] FRAME (len=12): 0C 00 11 00 00 00 00 00 01 00 61 76
[11245.623s] TEXT: '...;.'
[11245.623s] TEXT: '.....'
[11245.623s] FRAME (len=56): 38 00 11 00 01 00 00 00 01 00 46 81 9E E3 00 1D 00 0F 20 00 F1 0A 6C 27 55 91 00 00 00 00 00 00 61 07 73 62 23 00 06 00 00 88 00 00 98 00 9F 00 09 00 00 00 41 0E 8A 2B
[11245.623s] FRAME (len=12): 0C 00 11 00 00 00 00 00 01 00 61 76
[11249.336s] TEXT: '...;.'
[11249.336s] FRAME (len=56): 38 00 11 00 01 00 00 00 01 00 00 12 4B 00 38 0D 16 FD 03 00 D2 08 6E 27 31 0D D4 FF 64 00 EE 02 00 00 00 00 00 00 0A 04 00 00 00 00 00 00 06 01 00 00 00 00 00 00 0C 95
[11252.034s] TEXT: '....TX succeeded...;.'
[11252.034s] TEXT: '.....'
[11252.034s] TEXT: '.....'
[11252.034s] FRAME (len=56): 38 00 11 00 01 00 00 00 01 00 46 81 9E E3 00 1D 00 0F 20 00 F3 0A 6B 27 56 C9 00 00 00 00 00 00 61 07 73 62 23 00 06 00 00 88 00 00 98 00 9F 00 09 00 00 00 2E 0E 20 5B
[11252.034s] FRAME (len=12): 0C 00 11 00 00 00 00 00 01 00 61 76
[11252.034s] FRAME (len=12): 0C 00 11 00 0B 00 00 00 01 00 C3 B5
[11258.018s] TEXT: '...;.'
[11258.018s] TEXT: '.....'
[11258.018s] FRAME (len=56): 38 00 11 00 01 00 00 00 01 00 46 81 9E E3 00 1D 00 0F 20 00 F3 0A 6B 27 56 C9 00 00 00 00 00 00 61 07 73 62 23 00 06 00 00 88 00 00 98 00 9F 00 09 00 00 00 2E 0E 20 5B
[11258.018s] FRAME (len=12): 0C 00 11 00 00 00 00 00 01 00 61 76
[11264.226s] TEXT: '...;.'
[11264.226s] TEXT: '.....'
[11264.226s] FRAME (len=56): 38 00 11 00 01 00 00 00 01 00 46 81 9E E3 00 1D 00 0F 20 00 F3 0A 6B 27 56 C9 00 00 00 00 00 00 61 07 73 62 23 00 06 00 00 88 00 00 98 00 9F 00 09 00 00 00 2E 0E 20 5B
[11264.226s] FRAME (len=12): 0C 00 11 00 00 00 00 00 01 00 61 76
[11270.455s] TEXT: '...;.'
[11270.455s] TEXT: '.....'
[11270.455s] FRAME (len=56): 38 00 11 00 01 00 00 00 01 00 46 81 9E E3 00 1D 00 0F 20 00 F3 0A 6B 27 56 C9 00 00 00 00 00 00 61 07 73 62 23 00 06 00 00 88 00 00 98 00 9F 00 09 00 00 00 2E 0E 20 5B
[11270.455s] FRAME (len=12): 0C 00 11 00 00 00 00 00 01 00 61 76
[11275.025s] TEXT: '...;.'
[11275.025s] FRAME (len=56): 38 00 11 00 01 00 00 00 01 00 00 12 4B 00 38 0D 16 FD 03 00 D2 08 6E 27 31 01 D4 FF 64 00 EE 02 00 00 00 00 00 00 0A 04 00 00 00 00 00 00 06 01 00 00 00 00 00 00 20 91
[11276.889s] TEXT: '....TX succeeded...;.'
[11276.889s] TEXT: '.....'
[11276.889s] TEXT: '.....'
[11276.889s] FRAME (len=56): 38 00 11 00 01 00 00 00 01 00 46 81 9E E3 00 1D 00 0F 20 00 F4 0A 6B 27 56 CD 00 00 00 00 00 00 61 07 73 62 23 00 06 00 00 88 00 00 98 00 9F 00 09 00 00 00 2E 0E 43 4C
[11276.889s] FRAME (len=12): 0C 00 11 00 00 00 00 00 01 00 61 76
[11276.889s] FRAME (len=12): 0C 00 11 00 0B 00 00 00 01 00 C3 B5
[11282.881s] TEXT: '...;.'
[11282.881s] TEXT: '.....'
[11282.881s] FRAME (len=56): 38 00 11 00 01 00 00 00 01 00 46 81 9E E3 00 1D 00 0F 20 00 F4 0A 6B 27 56 CD 00 00 00 00 00 00 61 07 73 62 23 00 06 00 00 88 00 00 98 00 9F 00 09 00 00 00 2E 0E 43 4C
[11282.881s] FRAME (len=12): 0C 00 11 00 00 00 00 00 01 00 61 76
[11289.249s] TEXT: '...;.'
[11289.249s] TEXT: '.....'
[11289.249s] FRAME (len=56): 38 00 11 00 01 00 00 00 01 00 46 81 9E E3 00 1D 00 0F 20 00 F4 0A 6B 27 56 CD 00 00 00 00 00 00 61 07 73 62 23 00 06 00 00 88 00 00 98 00 9F 00 09 00 00 00 2E 0E 43 4C
[11289.249s] FRAME (len=12): 0C 00 11 00 00 00 00 00 01 00 61 76
[11295.481s] TEXT: '...;.'
[11295.481s] TEXT: '.....'
[11295.481s] FRAME (len=56): 38 00 11 00 01 00 00 00 01 00 46 81 9E E3 00 1D 00 0F 20 00 F4 0A 6B 27 56 CD 00 00 00 00 00 00 61 07 73 62 23 00 06 00 00 88 00 00 98 00 9F 00 09 00 00 00 2E 0E 43 4C
[11295.481s] FRAME (len=12): 0C 00 11 00 00 00 00 00 01 00 61 76
[11300.661s] TEXT: '...;.'
[11300.661s] FRAME (len=56): 38 00 11 00 01 00 00 00 01 00 00 12 4B 00 38 0D 16 FD 03 00 D2 08 6E 27 31 75 D4 FF 64 00 EE 02 00 00 00 00 00 00 0A 04 00 00 00 00 00 00 06 01 00 00 00 00 00 00 34 BC
[11301.698s] TEXT: '....TX succeeded...;.'
[11301.698s] TEXT: '.....'
[11301.698s] TEXT: '.....'
[11301.698s] TEXT: '.....'
[11301.698s] FRAME (len=56): 38 00 11 00 01 00 00 00 01 00 46 81 9E E3 00 1D 00 0F 20 00 02 0B 6C 27 56 A5 00 00 00 00 00 00 61 07 73 62 23 00 06 00 00 88 00 00 98 00 9F 00 09 00 00 00 2E 0E A2 E2
[11301.698s] FRAME (len=16): 10 00 11 00 08 00 00 00 01 00 04 00 00 00 34 99
[11301.698s] FRAME (len=12): 0C 00 11 00 00 00 00 00 01 00 61 76
[11301.698s] FRAME (len=12): 0C 00 11 00 0B 00 00 00 01 00 C3 B5
[11307.715s] TEXT: '...;.'
[11307.715s] TEXT: '.....'
[11307.715s] FRAME (len=56): 38 00 11 00 01 00 00 00 01 00 46 81 9E E3 00 1D 00 0F 20 00 02 0B 6C 27 56 A5 00 00 00 00 00 00 61 07 73 62 23 00 06 00 00 88 00 00 98 00 9F 00 09 00 00 00 2E 0E A2 E2
[11307.715s] FRAME (len=12): 0C 00 11 00 00 00 00 00 01 00 61 76
[11313.931s] TEXT: '...;.'
[11313.931s] FRAME (len=56): 38 00 11 00 01 00 00 00 01 00 46 81 9E E3 00 1D 00 0F 20 00 02 0B 6C 27 56 A5 00 00 00 00 00 00 61 07 73 62 23 00 06 00 00 88 00 00 98 00 9F 00 09 00 00 00 2E 0E A2 E2
[11314.140s] TEXT: '.....'
[11314.140s] FRAME (len=12): 0C 00 11 00 00 00 00 00 01 00 61 76
[11320.331s] TEXT: '...;.'
[11320.331s] TEXT: '.....'
[11320.331s] FRAME (len=56): 38 00 11 00 01 00 00 00 01 00 46 81 9E E3 00 1D 00 0F 20 00 02 0B 6C 27 56 A5 00 00 00 00 00 00 61 07 73 62 23 00 06 00 00 88 00 00 98 00 9F 00 09 00 00 00 2E 0E A2 E2
[11320.331s] FRAME (len=12): 0C 00 11 00 00 00 00 00 01 00 61 76
[11326.456s] TEXT: '...;.'
[11326.456s] TEXT: '....TX succeeded...;.'
[11326.456s] FRAME (len=56): 38 00 11 00 01 00 00 00 01 00 00 12 4B 00 38 0D 16 FD 03 00 D2 08 6E 27 31 19 D4 FF 64 00 EE 02 00 00 00 00 00 00 0A 04 00 00 00 00 00 00 06 01 00 00 00 00 00 00 78 99
[11326.456s] FRAME (len=56): 38 00 11 00 01 00 00 00 01 00 46 81 9E E3 00 1D 00 0F 20 00 EB 0A 6C 27 56 A5 00 00 00 00 00 00 61 07 73 62 23 00 1A 00 00 88 00 00 98 00 9F 00 09 00 00 00 41 0E 03 BB
[11326.661s] TEXT: '.....'
[11326.661s] TEXT: '.....'
[11326.661s] TEXT: '.....'
[11326.661s] FRAME (len=16): 10 00 11 00 08 00 00 00 01 00 04 00 00 00 34 99
[11326.661s] FRAME (len=12): 0C 00 11 00 00 00 00 00 01 00 61 76
[11326.661s] FRAME (len=12): 0C 00 11 00 0B 00 00 00 01 00 C3 B5
[11332.554s] TEXT: '...;.'
[11332.554s] TEXT: '.....'
[11332.554s] FRAME (len=56): 38 00 11 00 01 00 00 00 01 00 46 81 9E E3 00 1D 00 0F 20 00 EB 0A 6C 27 56 A5 00 00 00 00 00 00 61 07 73 62 23 00 1A 00 00 88 00 00 98 00 9F 00 09 00 00 00 41 0E 03 BB
[11332.554s] FRAME (len=12): 0C 00 11 00 00 00 00 00 01 00 61 76
[11338.866s] TEXT: '...;.'
[11338.866s] TEXT: '.....'
[11338.866s] FRAME (len=56): 38 00 11 00 01 00 00 00 01 00 46 81 9E E3 00 1D 00 0F 20 00 EB 0A 6C 27 56 A5 00 00 00 00 00 00 61 07 73 62 23 00 1A 00 00 88 00 00 98 00 9F 00 09 00 00 00 41 0E 03 BB
[11338.866s] FRAME (len=12): 0C 00 11 00 00 00 00 00 01 00 61 76
[11345.174s] TEXT: '...;.'
[11345.174s] TEXT: '.....'
[11345.174s] FRAME (len=56): 38 00 11 00 01 00 00 00 01 00 46 81 9E E3 00 1D 00 0F 20 00 EB 0A 6C 27 56 A5 00 00 00 00 00 00 61 07 73 62 23 00 1A 00 00 88 00 00 98 00 9F 00 09 00 00 00 41 0E 03 BB
[11345.174s] FRAME (len=12): 0C 00 11 00 00 00 00 00 01 00 61 76
[11351.473s] TEXT: '...;.'
[11351.473s] TEXT: '.....'
[11351.473s] TEXT: '.....'
[11351.473s] TEXT: '.....'
[11351.473s] FRAME (len=56): 38 00 11 00 01 00 00 00 01 00 46 81 9E E3 00 1D 00 0F 20 00 C3 0A 6D 27 56 99 00 00 00 00 00 00 61 07 73 62 24 00 22 00 00 88 00 00 98 00 9F 00 09 00 00 00 1B 0E BD 94
[11351.473s] FRAME (len=16): 10 00 11 00 08 00 00 00 01 00 04 00 00 00 34 99
[11351.473s] FRAME (len=12): 0C 00 11 00 00 00 00 00 01 00 61 76
[11351.473s] FRAME (len=12): 0C 00 11 00 0B 00 00 00 01 00 C3 B5
[11352.085s] TEXT: '...;.'
[11352.085s] FRAME (len=56): 38 00 11 00 01 00 00 00 01 00 00 12 4B 00 38 0D 16 FD 03 00 D3 08 6F 27 31 25 D4 FF 64 00 EE 02 00 00 00 00 00 00 0A 04 00 00 00 00 00 00 06 01 00 00 00 00 00 00 87 48
[11357.585s] TEXT: '....TX succeeded...;.'
[11357.585s] TEXT: '.....'
[11357.585s] FRAME (len=56): 38 00 11 00 01 00 00 00 01 00 46 81 9E E3 00 1D 00 0F 20 00 C3 0A 6D 27 56 99 00 00 00 00 00 00 61 07 73 62 24 00 22 00 00 88 00 00 98 00 9F 00 09 00 00 00 1B 0E BD 94
[11357.585s] FRAME (len=12): 0C 00 11 00 00 00 00 00 01 00 61 76
[11363.692s] TEXT: '...;.'
[11363.692s] TEXT: '.....'
[11363.692s] FRAME (len=56): 38 00 11 00 01 00 00 00 01 00 46 81 9E E3 00 1D 00 0F 20 00 C3 0A 6D 27 56 99 00 00 00 00 00 00 61 07 73 62 24 00 22 00 00 88 00 00 98 00 9F 00 09 00 00 00 1B 0E BD 94
[11363.692s] FRAME (len=12): 0C 00 11 00 00 00 00 00 01 00 61 76
[11370.010s] TEXT: '...;.'
[11370.010s] TEXT: '.....'
[11370.010s] FRAME (len=56): 38 00 11 00 01 00 00 00 01 00 46 81 9E E3 00 1D 00 0F 20 00 C3 0A 6D 27 56 99 00 00 00 00 00 00 61 07 73 62 24 00 22 00 00 88 00 00 98 00 9F 00 09 00 00 00 1B 0E BD 94
[11370.010s] FRAME (len=12): 0C 00 11 00 00 00 00 00 01 00 61 76
[11376.327s] TEXT: '...;.'
[11376.327s] TEXT: '.....'
[11376.327s] TEXT: '.....'
[11376.327s] TEXT: '.....'
[11376.327s] FRAME (len=56): 38 00 11 00 01 00 00 00 01 00 46 81 9E E3 00 1D 00 0F 20 00 F3 0A 6C 27 56 B3 00 00 00 00 00 00 61 07 73 62 24 00 50 00 00 88 00 00 98 00 9F 00 09 00 00 00 41 0E 5E 99
[11376.327s] FRAME (len=16): 10 00 11 00 08 00 00 00 01 00 04 00 00 00 34 99
[11376.327s] FRAME (len=12): 0C 00 11 00 00 00 00 00 01 00 61 76
[11376.327s] FRAME (len=12): 0C 00 11 00 0B 00 00 00 01 00 C3 B5
[11378.772s] TEXT: '...;.'
[11378.772s] FRAME (len=56): 38 00 11 00 01 00 00 00 01 00 00 12 4B 00 38 0D 16 FD 03 00 D3 08 6F 27 31 29 D4 FF 64 00 EE 02 00 00 00 00 00 00 0A 04 00 00 00 00 00 00 06 01 00 00 00 00 00 00 AB 4C
[11382.443s] TEXT: '....TX succeeded...;.'
[11382.443s] TEXT: '.....'
[11382.443s] FRAME (len=56): 38 00 11 00 01 00 00 00 01 00 46 81 9E E3 00 1D 00 0F 20 00 F3 0A 6C 27 56 B3 00 00 00 00 00 00 61 07 73 62 24 00 50 00 00 88 00 00 98 00 9F 00 09 00 00 00 41 0E 5E 99
[11382.443s] FRAME (len=12): 0C 00 11 00 00 00 00 00 01 00 61 76
[11388.552s] TEXT: '...;.'
[11388.552s] TEXT: '.....'
[11388.552s] FRAME (len=56): 38 00 11 00 01 00 00 00 01 00 46 81 9E E3 00 1D 00 0F 20 00 F3 0A 6C 27 56 B3 00 00 00 00 00 00 61 07 73 62 24 00 50 00 00 88 00 00 98 00 9F 00 09 00 00 00 41 0E 5E 99
[11388.552s] FRAME (len=12): 0C 00 11 00 00 00 00 00 01 00 61 76
[11394.878s] TEXT: '...;.'
[11394.878s] TEXT: '.....'
[11394.878s] FRAME (len=56): 38 00 11 00 01 00 00 00 01 00 46 81 9E E3 00 1D 00 0F 20 00 F3 0A 6C 27 56 B3 00 00 00 00 00 00 61 07 73 62 24 00 50 00 00 88 00 00 98 00 9F 00 09 00 00 00 41 0E 5E 99
[11394.878s] FRAME (len=12): 0C 00 11 00 00 00 00 00 01 00 61 76
[11401.208s] TEXT: '...;.'
[11401.208s] TEXT: '.....'
[11401.208s] TEXT: '.....'
[11401.208s] FRAME (len=56): 38 00 11 00 01 00 00 00 01 00 46 81 9E E3 00 1D 00 0F 20 00 E9 0A 6C 27 56 B1 00 00 00 00 00 00 61 07 73 62 24 00 56 00 00 88 00 00 98 00 9F 00 09 00 00 00 41 0E B6 72
[11401.208s] FRAME (len=12): 0C 00 11 00 00 00 00 00 01 00 61 76
[11401.208s] FRAME (len=12): 0C 00 11 00 0B 00 00 00 01 00 C3 B5
[11404.473s] TEXT: '...;.'
[11404.473s] FRAME (len=56): 38 00 11 00 01 00 00 00 01 00 00 12 4B 00 38 0D 16 FD 03 00 D3 08 6F 27 31 25 D4 FF 64 00 EE 02 00 00 00 00 00 00 0A 04 00 00 00 00 00 00 06 01 00 00 00 00 00 00 87 48
[11407.121s] TEXT: '....TX succeeded...;.'
[11407.325s] TEXT: '.....'
[11407.325s] FRAME (len=56): 38 00 11 00 01 00 00 00 01 00 46 81 9E E3 00 1D 00 0F 20 00 E9 0A 6C 27 56 B1 00 00 00 00 00 00 61 07 73 62 24 00 56 00 00 88 00 00 98 00 9F 00 09 00 00 00 41 0E B6 72
[11407.325s] FRAME (len=12): 0C 00 11 00 00 00 00 00 01 00 61 76
[11413.439s] TEXT: '...;.'
[11413.439s] TEXT: '.....'
[11413.439s] FRAME (len=56): 38 00 11 00 01 00 00 00 01 00 46 81 9E E3 00 1D 00 0F 20 00 E9 0A 6C 27 56 B1 00 00 00 00 00 00 61 07 73 62 24 00 56 00 00 88 00 00 98 00 9F 00 09 00 00 00 41 0E B6 72
[11413.439s] FRAME (len=12): 0C 00 11 00 00 00 00 00 01 00 61 76
[11419.763s] TEXT: '...;.'
[11419.763s] TEXT: '.....'
[11419.763s] FRAME (len=54): 38 00 11 00 01 00 00 00 01 00 46 81 9E E3 00 1D 00 0F 20 00 E9 0A 6C 27 56 B1 00 00 00 00 00 00 61 07 73 62 24 00 56 00 00 88 80 06 9F 00 09 00 00 00 41 0E B6 72
[11419.763s] FRAME (len=12): 0C 00 11 00 00 00 00 00 01 00 61 76
[11426.084s] TEXT: '...;.'
[11426.084s] TEXT: '.....'
[11426.084s] TEXT: '.....'
[11426.084s] FRAME (len=56): 38 00 11 00 01 00 00 00 01 00 46 81 9E E3 00 1D 00 0F 20 00 F3 0A 6C 27 56 B7 00 00 00 00 00 00 61 07 73 62 23 00 53 00 00 88 00 00 98 00 9F 00 09 00 00 00 41 0E 3D 72
[11426.084s] FRAME (len=12): 0C 00 11 00 00 00 00 00 01 00 61 76
[11426.084s] FRAME (len=12): 0C 00 11 00 0B 00 00 00 01 00 C3 B5
[11429.951s] TEXT: '...;.'
[11430.155s] FRAME (len=56): 38 00 11 00 01 00 00 00 01 00 00 12 4B 00 38 0D 16 FD 03 00 D3 08 6F 27 31 31 D6 FF 64 00 EE 02 00 00 00 00 00 00 0A 04 00 00 00 00 00 00 06 01 00 00 00 00 00 00 DB 0D
[11431.989s] TEXT: '....TX succeeded...;.'
[11432.195s] TEXT: '.....'
[11432.195s] FRAME (len=56): 38 00 11 00 01 00 00 00 01 00 46 81 9E E3 00 1D 00 0F 20 00 F3 0A 6C 27 56 B7 00 00 00 00 00 00 61 07 73 62 23 00 53 00 00 88 00 00 98 00 9F 00 09 00 00 00 41 0E 3D 72
[11432.195s] FRAME (len=12): 0C 00 11 00 00 00 00 00 01 00 61 76
[11438.326s] TEXT: '...;.'
[11438.326s] TEXT: '.....'
[11438.326s] FRAME (len=56): 38 00 11 00 01 00 00 00 01 00 46 81 9E E3 00 1D 00 0F 20 00 F3 0A 6C 27 56 B7 00 00 00 00 00 00 61 07 73 62 23 00 53 00 00 88 00 00 98 00 9F 00 09 00 00 00 41 0E 3D 72
[11438.326s] FRAME (len=12): 0C 00 11 00 00 00 00 00 01 00 61 76
[11444.656s] TEXT: '...;.'
[11444.656s] TEXT: '.....'
[11444.656s] FRAME (len=56): 38 00 11 00 01 00 00 00 01 00 46 81 9E E3 00 1D 00 0F 20 00 F3 0A 6C 27 56 B7 00 00 00 00 00 00 61 07 73 62 23 00 53 00 00 88 00 00 98 00 9F 00 09 00 00 00 41 0E 3D 72
[11444.656s] FRAME (len=12): 0C 00 11 00 00 00 00 00 01 00 61 76
[11450.989s] TEXT: '...;.'
[11450.989s] TEXT: '.....'
[11450.989s] TEXT: '.....'
[11450.989s] TEXT: '.....'
[11450.989s] FRAME (len=56): 38 00 11 00 01 00 00 00 01 00 46 81 9E E3 00 1D 00 0F 20 00 1F 0B 6D 27 56 91 00 00 00 00 00 00 61 07 73 62 23 00 50 00 00 88 00 00 98 00 9F 00 09 00 00 00 41 0E 04 12
[11450.989s] FRAME (len=16): 10 00 11 00 08 00 00 00 01 00 04 00 00 00 34 99
[11450.989s] FRAME (len=12): 0C 00 11 00 00 00 00 00 01 00 61 76
[11450.989s] FRAME (len=12): 0C 00 11 00 0B 00 00 00 01 00 C3 B5
[11455.680s] TEXT: '....ERR: Uart framing error...;.'
[11455.680s] FRAME (len=56): 38 00 11 00 01 00 00 00 01 00 00 12 4B 00 38 0D 16 FD 03 00 D4 08 6F 27 31 49 D7 FF 64 00 EE 02 00 00 00 00 00 00 0A 04 00 00 00 00 00 00 06 01 00 00 00 00 00 00 EF E4
[11456.905s] TEXT: '....TX succeeded...;.'
[11456.905s] FRAME (len=56): 38 00 11 00 01 00 00 00 01 00 46 81 9E E3 00 1D 00 0F 20 00 1F 0B 6D 27 56 91 00 00 00 00 00 00 61 07 73 62 23 00 50 00 00 88 00 00 98 00 9F 00 09 00 00 00 41 0E 04 12
[11457.109s] TEXT: '.....'
[11457.109s] FRAME (len=12): 0C 00 11 00 00 00 00 00 01 00 61 76
[11463.225s] TEXT: '...;.'
[11463.225s] TEXT: '.....'
[11463.225s] FRAME (len=56): 38 00 11 00 01 00 00 00 01 00 46 81 9E E3 00 1D 00 0F 20 00 1F 0B 6D 27 56 91 00 00 00 00 00 00 61 07 73 62 23 00 50 00 00 88 00 00 98 00 9F 00 09 00 00 00 41 0E 04 12
[11463.225s] FRAME (len=12): 0C 00 11 00 00 00 00 00 01 00 61 76
[11469.350s] TEXT: '...;.'
[11469.350s] TEXT: '.....'
[11469.350s] FRAME (len=56): 38 00 11 00 01 00 00 00 01 00 46 81 9E E3 00 1D 00 0F 20 00 1F 0B 6D 27 56 91 00 00 00 00 00 00 61 07 73 62 23 00 50 00 00 88 00 00 98 00 9F 00 09 00 00 00 41 0E 04 12
[11469.350s] FRAME (len=12): 0C 00 11 00 00 00 00 00 01 00 61 76
[11475.874s] TEXT: '...;.'
[11475.874s] TEXT: '.....'
[11475.874s] TEXT: '.....'
[11475.874s] TEXT: '.....'
[11475.874s] FRAME (len=56): 38 00 11 00 01 00 00 00 01 00 46 81 9E E3 00 1D 00 0F 20 00 FB 0A 6C 27 55 CF 00 00 00 00 00 00 61 07 73 62 23 00 52 00 00 88 00 00 98 00 9F 00 09 00 00 00 2E 0E B8 52
[11475.874s] FRAME (len=16): 10 00 11 00 08 00 00 00 01 00 04 00 00 00 34 99
[11475.874s] FRAME (len=12): 0C 00 11 00 00 00 00 00 01 00 61 76
[11475.874s] FRAME (len=12): 0C 00 11 00 0B 00 00 00 01 00 C3 B5
[11481.397s] TEXT: '...;.'
[11481.397s] FRAME (len=56): 38 00 11 00 01 00 00 00 01 00 00 12 4B 00 38 0D 16 FD 03 00 D4 08 6F 27 31 51 D6 FF 64 00 EE 02 00 00 00 00 00 00 0A 04 00 00 00 00 00 00 06 01 00 00 00 00 00 00 23 C8
[11481.801s] TEXT: '....TX succeeded...;.'
[11481.801s] TEXT: '.....'
[11481.801s] FRAME (len=56): 38 00 11 00 01 00 00 00 01 00 46 81 9E E3 00 1D 00 0F 20 00 FB 0A 6C 27 55 CF 00 00 00 00 00 00 61 07 73 62 23 00 52 00 00 88 00 00 98 00 9F 00 09 00 00 00 2E 0E B8 52
[11481.801s] FRAME (len=12): 0C 00 11 00 00 00 00 00 01 00 61 76
[11488.125s] TEXT: '...;.'
[11488.125s] TEXT: '.....'
[11488.125s] FRAME (len=56): 38 00 11 00 01 00 00 00 01 00 46 81 9E E3 00 1D 00 0F 20 00 FB 0A 6C 27 55 CF 00 00 00 00 00 00 61 07 73 62 23 00 52 00 00 88 00 00 98 00 9F 00 09 00 00 00 2E 0E B8 52
[11488.125s] FRAME (len=12): 0C 00 11 00 00 00 00 00 01 00 61 76
[11494.223s] TEXT: '...;.'
[11494.223s] TEXT: '.....'
[11494.223s] FRAME (len=56): 38 00 11 00 01 00 00 00 01 00 46 81 9E E3 00 1D 00 0F 20 00 FB 0A 6C 27 55 CF 00 00 00 00 00 00 61 07 73 62 23 00 52 00 00 88 00 00 98 00 9F 00 09 00 00 00 2E 0E B8 52
[11494.223s] FRAME (len=12): 0C 00 11 00 00 00 00 00 01 00 61 76
[11500.751s] TEXT: '...;.'
[11500.751s] TEXT: '.....'
[11500.751s] TEXT: '.....'
[11500.751s] TEXT: '.....'
[11500.751s] FRAME (len=56): 38 00 11 00 01 00 00 00 01 00 46 81 9E E3 00 1D 00 0F 20 00 04 0B 6D 27 55 AF 00 00 00 00 00 00 61 07 73 62 23 00 50 00 00 88 00 00 98 00 9F 00 09 00 00 00 41 0E CF AA
[11500.751s] FRAME (len=16): 10 00 11 00 08 00 00 00 01 00 04 00 00 00 34 99
[11500.751s] FRAME (len=12): 0C 00 11 00 00 00 00 00 01 00 61 76
[11500.751s] FRAME (len=12): 0C 00 11 00 0B 00 00 00 01 00 C3 B5
[11506.664s] TEXT: '...;.'
[11506.664s] TEXT: '.....'
[11506.664s] FRAME (len=56): 38 00 11 00 01 00 00 00 01 00 46 81 9E E3 00 1D 00 0F 20 00 04 0B 6D 27 55 AF 00 00 00 00 00 00 61 07 73 62 23 00 50 00 00 88 00 00 98 00 9F 00 09 00 00 00 41 0E CF AA
[11506.664s] FRAME (len=12): 0C 00 11 00 00 00 00 00 01 00 61 76
[11507.072s] TEXT: '...;.'
[11507.072s] FRAME (len=56): 38 00 11 00 01 00 00 00 01 00 00 12 4B 00 38 0D 16 FD 03 00 D5 08 6F 27 31 5D D6 FF 64 00 EE 02 00 00 00 00 00 00 0A 04 00 00 00 00 00 00 06 01 00 00 00 00 00 00 2A 50
[11512.969s] TEXT: '....TX failed: 0xc....TX failed: 0xc...;.'
[11512.969s] TEXT: '.....'
[11512.969s] FRAME (len=56): 38 00 11 00 01 00 00 00 01 00 46 81 9E E3 00 1D 00 0F 20 00 04 0B 6D 27 55 AF 00 00 00 00 00 00 61 07 73 62 23 00 50 00 00 88 00 00 98 00 9F 00 09 00 00 00 41 0E CF AA
[11512.969s] FRAME (len=12): 0C 00 11 00 00 00 00 00 01 00 61 76
[11519.090s] TEXT: '...;.'
[11519.090s] TEXT: '.....'
[11519.090s] FRAME (len=56): 38 00 11 00 01 00 00 00 01 00 46 81 9E E3 00 1D 00 0F 20 00 04 0B 6D 27 55 AF 00 00 00 00 00 00 61 07 73 62 23 00 50 00 00 88 00 00 98 00 9F 00 09 00 00 00 41 0E CF AA
[11519.090s] FRAME (len=12): 0C 00 11 00 00 00 00 00 01 00 61 76
[11525.609s] TEXT: '...;.'
[11525.609s] TEXT: '.....'
[11525.609s] TEXT: '.....'
[11525.609s] FRAME (len=56): 38 00 11 00 01 00 00 00 01 00 46 81 9E E3 00 1D 00 0F 20 00 18 0B 6D 27 56 9D 00 00 00 00 00 00 61 07 73 62 23 00 53 00 00 88 00 00 98 00 9F 00 09 00 00 00 2E 0E E9 01
[11525.609s] FRAME (len=12): 0C 00 11 00 00 00 00 00 01 00 61 76
[11525.609s] FRAME (len=12): 0C 00 11 00 0B 00 00 00 01 00 C3 B5
[11531.509s] TEXT: '...;.'
[11531.509s] TEXT: '.....'
[11531.509s] FRAME (len=56): 38 00 11 00 01 00 00 00 01 00 46 81 9E E3 00 1D 00 0F 20 00 18 0B 6D 27 56 9D 00 00 00 00 00 00 61 07 73 62 23 00 53 00 00 88 00 00 98 00 9F 00 09 00 00 00 2E 0E E9 01
[11531.509s] FRAME (len=12): 0C 00 11 00 00 00 00 00 01 00 61 76
[11533.750s] TEXT: '...;.'
[11533.750s] FRAME (len=56): 38 00 11 00 01 00 00 00 01 00 00 12 4B 00 38 0D 16 FD 03 00 D7 08 6F 27 31 01 D7 FF 64 00 EE 02 00 00 00 00 00 00 0A 04 00 00 00 00 00 00 06 01 00 00 00 00 00 00 29 69
[11537.835s] TEXT: '....TX succeeded...;.'
[11537.835s] TEXT: '.....'
[11537.835s] FRAME (len=56): 38 00 11 00 01 00 00 00 01 00 46 81 9E E3 00 1D 00 0F 20 00 18 0B 6D 27 56 9D 00 00 00 00 00 00 61 07 73 62 23 00 53 00 00 88 00 00 98 00 9F 00 09 00 00 00 2E 0E E9 01
[11537.835s] FRAME (len=12): 0C 00 11 00 00 00 00 00 01 00 61 76
[11543.944s] TEXT: '...;.'
[11543.944s] TEXT: '.....'
[11543.944s] FRAME (len=56): 38 00 11 00 01 00 00 00 01 00 46 81 9E E3 00 1D 00 0F 20 00 18 0B 6D 27 56 9D 00 00 00 00 00 00 61 07 73 62 23 00 53 00 00 88 00 00 98 00 9F 00 09 00 00 00 2E 0E E9 01
[11543.944s] FRAME (len=12): 0C 00 11 00 00 00 00 00 01 00 61 76
[11550.474s] TEXT: '...;.'
[11550.474s] TEXT: '.....'
[11550.474s] TEXT: '.....'
[11550.474s] FRAME (len=56): 38 00 11 00 01 00 00 00 01 00 46 81 9E E3 00 1D 00 0F 20 00 22 0B 6D 27 56 8F 00 00 00 00 00 00 61 07 73 62 23 00 50 00 00 88 00 00 98 00 9F 00 09 00 00 00 41 0E 9E 80
[11550.474s] FRAME (len=12): 0C 00 11 00 00 00 00 00 01 00 61 76
[11550.474s] FRAME (len=12): 0C 00 11 00 0B 00 00 00 01 00 C3 B5
[11556.368s] TEXT: '...;.'
[11556.368s] TEXT: '.....'
[11556.368s] FRAME (len=56): 38 00 11 00 01 00 00 00 01 00 46 81 9E E3 00 1D 00 0F 20 00 22 0B 6D 27 56 8F 00 00 00 00 00 00 61 07 73 62 23 00 50 00 00 88 00 00 98 00 9F 00 09 00 00 00 41 0E 9E 80
[11556.368s] FRAME (len=12): 0C 00 11 00 00 00 00 00 01 00 61 76
[11559.418s] TEXT: '...;.'
[11559.418s] FRAME (len=25): 38 00 11 00 01 00 00 00 01 00 00 12 4B 00 38 0D 16 FD 03 00 D7 08 6F 27 31
[11562.674s] TEXT: '..d.........\n...............~.}....TX succeeded...;.'
[11562.674s] TEXT: '.....'
[11562.674s] FRAME (len=56): 38 00 11 00 01 00 00 00 01 00 46 81 9E E3 00 1D 00 0F 20 00 22 0B 6D 27 56 8F 00 00 00 00 00 00 61 07 73 62 23 00 50 00 00 88 00 00 98 00 9F 00 09 00 00 00 41 0E 9E 80
[11562.674s] FRAME (len=12): 0C 00 11 00 00 00 00 00 01 00 61 76
[11568.792s] TEXT: '....ERR: Uart framing error....ERR: Uart unknown error...;.'
[11568.792s] TEXT: '.....'
[11568.792s] FRAME (len=56): 38 00 11 00 01 00 00 00 01 00 46 81 9E E3 00 1D 00 0F 20 00 22 0B 6D 27 56 8F 00 00 00 00 00 00 61 07 73 62 23 00 50 00 00 88 00 00 98 00 9F 00 09 00 00 00 41 0E 9E 80
[11568.792s] FRAME (len=12): 0C 00 11 00 00 00 00 00 01 00 61 76
[11575.303s] TEXT: '...;.'
[11575.303s] TEXT: '.....'
[11575.303s] TEXT: '.....'
[11575.303s] FRAME (len=56): 38 00 11 00 01 00 00 00 01 00 46 81 9E E3 00 1D 00 0F 20 00 1F 0B 6D 27 56 9F 00 00 00 00 00 00 61 07 73 62 23 00 53 00 00 88 00 00 98 00 9F 00 09 00 00 00 2E 0E 9C 14
[11575.303s] FRAME (len=12): 0C 00 11 00 00 00 00 00 01 00 61 76
[11575.303s] FRAME (len=12): 0C 00 11 00 0B 00 00 00 01 00 C3 B5
[11581.418s] TEXT: '...;.'
[11581.418s] TEXT: '.....'
[11581.418s] FRAME (len=56): 38 00 11 00 01 00 00 00 01 00 46 81 9E E3 00 1D 00 0F 20 00 1F 0B 6D 27 56 9F 00 00 00 00 00 00 61 07 73 62 23 00 53 00 00 88 00 00 98 00 9F 00 09 00 00 00 2E 0E 9C 14
[11581.418s] FRAME (len=12): 0C 00 11 00 00 00 00 00 01 00 61 76
[11585.085s] TEXT: '...;.'
[11585.085s] FRAME (len=56): 38 00 11 00 01 00 00 00 01 00 00 12 4B 00 38 0D 16 FD 03 00 D7 08 6F 27 31 0D D6 FF 64 00 EE 02 00 00 00 00 00 00 0A 04 00 00 00 00 00 00 06 01 00 00 00 00 00 00 91 49
[11587.530s] TEXT: '....TX succeeded...;.'
[11587.530s] TEXT: '.....'
[11587.530s] FRAME (len=56): 38 00 11 00 01 00 00 00 01 00 46 81 9E E3 00 1D 00 0F 20 00 1F 0B 6D 27 56 9F 00 00 00 00 00 00 61 07 73 62 23 00 53 00 00 88 00 00 98 00 9F 00 09 00 00 00 2E 0E 9C 14
[11587.530s] FRAME (len=12): 0C 00 11 00 00 00 00 00 01 00 61 76
[11593.649s] TEXT: '...;.'
[11593.649s] TEXT: '.....'
[11593.649s] FRAME (len=56): 38 00 11 00 01 00 00 00 01 00 46 81 9E E3 00 1D 00 0F 20 00 1F 0B 6D 27 56 9F 00 00 00 00 00 00 61 07 73 62 23 00 53 00 00 88 00 00 98 00 9F 00 09 00 00 00 2E 0E 9C 14
[11593.649s] FRAME (len=12): 0C 00 11 00 00 00 00 00 01 00 61 76
[11600.170s] TEXT: '...;.'
[11600.170s] TEXT: '.....'
[11600.170s] TEXT: '.....'
[11600.170s] FRAME (len=56): 38 00 11 00 01 00 00 00 01 00 46 81 9E E3 00 1D 00 0F 20 00 20 0B 6D 27 56 9B 00 00 00 00 00 00 61 07 73 62 23 00 4D 00 00 88 00 00 98 00 9F 00 09 00 00 00 54 0E 7E 42
[11600.170s] FRAME (len=12): 0C 00 11 00 00 00 00 00 01 00 61 76
[11600.170s] FRAME (len=12): 0C 00 11 00 0B 00 00 00 01 00 C3 B5
[11606.285s] TEXT: '...;.'
[11606.285s] TEXT: '.....'
[11606.285s] FRAME (len=56): 38 00 11 00 01 00 00 00 01 00 46 81 9E E3 00 1D 00 0F 20 00 20 0B 6D 27 56 9B 00 00 00 00 00 00 61 07 73 62 23 00 4D 00 00 88 00 00 98 00 9F 00 09 00 00 00 54 0E 7E 42
[11606.285s] FRAME (len=12): 0C 00 11 00 00 00 00 00 01 00 61 76
[11610.767s] TEXT: '...;.'
[11610.767s] FRAME (len=56): 38 00 11 00 01 00 00 00 01 00 00 12 4B 00 38 0D 16 FD 03 00 D8 08 70 27 31 05 D6 FF 64 00 EE 02 00 00 00 00 00 00 0A 04 00 00 00 00 00 00 06 01 00 00 00 00 00 00 36 4B
[11612.398s] TEXT: '....TX succeeded...;.'
[11612.398s] TEXT: '.....'
[11612.398s] FRAME (len=56): 38 00 11 00 01 00 00 00 01 00 46 81 9E E3 00 1D 00 0F 20 00 20 0B 6D 27 56 9B 00 00 00 00 00 00 61 07 73 62 23 00 4D 00 00 88 00 00 98 00 9F 00 09 00 00 00 54 0E 7E 42
[11612.398s] FRAME (len=12): 0C 00 11 00 00 00 00 00 01 00 61 76
[11618.518s] TEXT: '...;.'
[11618.518s] TEXT: '.....'
[11618.518s] FRAME (len=56): 38 00 11 00 01 00 00 00 01 00 46 81 9E E3 00 1D 00 0F 20 00 20 0B 6D 27 56 9B 00 00 00 00 00 00 61 07 73 62 23 00 4D 00 00 88 00 00 98 00 9F 00 09 00 00 00 54 0E 7E 42
[11618.518s] FRAME (len=12): 0C 00 11 00 00 00 00 00 01 00 61 76
[11625.040s] TEXT: '...;.'
[11625.040s] TEXT: '.....'
[11625.040s] TEXT: '.....'
[11625.040s] FRAME (len=56): 38 00 11 00 01 00 00 00 01 00 46 81 9E E3 00 1D 00 0F 20 00 19 0B 6D 27 55 B5 00 00 00 00 00 00 61 07 73 62 23 00 53 00 00 88 00 00 98 00 9F 00 09 00 00 00 41 0E 11 85
[11625.040s] FRAME (len=12): 0C 00 11 00 00 00 00 00 01 00 61 76
[11625.040s] FRAME (len=12): 0C 00 11 00 0B 00 00 00 01 00 C3 B5
[11631.145s] TEXT: '...;.'
[11631.145s] TEXT: '.....'
[11631.145s] FRAME (len=56): 38 00 11 00 01 00 00 00 01 00 46 81 9E E3 00 1D 00 0F 20 00 19 0B 6D 27 55 B5 00 00 00 00 00 00 61 07 73 62 23 00 53 00 00 88 00 00 98 00 9F 00 09 00 00 00 41 0E 11 85
[11631.145s] FRAME (len=12): 0C 00 11 00 00 00 00 00 01 00 61 76
[11636.436s] TEXT: '...;.'
[11636.436s] FRAME (len=56): 38 00 11 00 01 00 00 00 01 00 00 12 4B 00 38 0D 16 FD 03 00 D9 08 6F 27 31 19 D6 FF 64 00 EE 02 00 00 00 00 00 00 0A 04 00 00 00 00 00 00 06 01 00 00 00 00 00 00 F4 9C
[11637.250s] TEXT: '....TX succeeded...;.'
[11637.250s] TEXT: '.....'
[11637.250s] FRAME (len=56): 38 00 11 00 01 00 00 00 01 00 46 81 9E E3 00 1D 00 0F 20 00 19 0B 6D 27 55 B5 00 00 00 00 00 00 61 07 73 62 23 00 53 00 00 88 00 00 98 00 9F 00 09 00 00 00 41 0E 11 85
[11637.250s] FRAME (len=12): 0C 00 11 00 00 00 00 00 01 00 61 76
[11643.347s] TEXT: '...;.'
[11643.347s] TEXT: '.....'
[11643.347s] FRAME (len=56): 38 00 11 00 01 00 00 00 01 00 46 81 9E E3 00 1D 00 0F 20 00 19 0B 6D 27 55 B5 00 00 00 00 00 00 61 07 73 62 23 00 53 00 00 88 00 00 98 00 9F 00 09 00 00 00 41 0E 11 85
[11643.347s] FRAME (len=12): 0C 00 11 00 00 00 00 00 01 00 61 76
[11649.872s] TEXT: '...;.'
[11649.872s] TEXT: '.....'
[11649.872s] TEXT: '.....'
[11649.872s] FRAME (len=56): 38 00 11 00 01 00 00 00 01 00 46 81 9E E3 00 1D 00 0F 20 00 11 0B 6D 27 56 8D 00 00 00 00 00 00 61 07 73 62 22 00 4E 00 00 88 00 00 98 00 9F 00 09 00 00 00 41 0E B3 32
[11649.872s] FRAME (len=12): 0C 00 11 00 00 00 00 00 01 00 61 76
[11649.872s] FRAME (len=12): 0C 00 11 00 0B 00 00 00 01 00 C3 B5
[11655.986s] TEXT: '...;.'
[11655.986s] TEXT: '.....'
[11655.986s] FRAME (len=56): 38 00 11 00 01 00 00 00 01 00 46 81 9E E3 00 1D 00 0F 20 00 11 0B 6D 27 56 8D 00 00 00 00 00 00 61 07 73 62 22 00 4E 00 00 88 00 00 98 00 9F 00 09 00 00 00 41 0E B3 32
[11655.986s] FRAME (len=12): 0C 00 11 00 00 00 00 00 01 00 61 76
[11662.101s] TEXT: '...;.'
[11662.101s] TEXT: '.....'
[11662.101s] FRAME (len=56): 38 00 11 00 01 00 00 00 01 00 46 81 9E E3 00 1D 00 0F 20 00 11 0B 6D 27 56 8D 00 00 00 00 00 00 61 07 73 62 22 00 4E 00 00 88 00 00 98 00 9F 00 09 00 00 00 41 0E B3 32
[11662.101s] FRAME (len=12): 0C 00 11 00 00 00 00 00 01 00 61 76
[11663.126s] TEXT: '...;.'
[11663.126s] FRAME (len=56): 38 00 11 00 01 00 00 00 01 00 00 12 4B 00 38 0D 16 FD 03 00 DA 08 70 27 31 01 D5 FF 64 00 EE 02 00 00 00 00 00 00 0A 04 00 00 00 00 00 00 06 01 00 00 00 00 00 00 1A FD
[11668.225s] TEXT: '....TX succeeded...;.'
[11668.225s] FRAME (len=56): 38 00 11 00 01 00 00 00 01 00 46 81 9E E3 00 1D 00 0F 20 00 11 0B 6D 27 56 8D 00 00 00 00 00 00 61 07 73 62 22 00 4E 00 00 88 00 00 98 00 9F 00 09 00 00 00 41 0E B3 32
[11668.429s] TEXT: '.....'
[11668.429s] FRAME (len=12): 0C 00 11 00 00 00 00 00 01 00 61 76
[11674.755s] TEXT: '...;.'
[11674.755s] TEXT: '.....'
[11674.755s] TEXT: '.....'
[11674.755s] FRAME (len=56): 38 00 11 00 01 00 00 00 01 00 46 81 9E E3 00 1D 00 0F 20 00 1C 0B 6D 27 56 B5 00 00 00 00 00 00 61 07 73 62 22 00 51 00 00 88 00 00 98 00 9F 00 09 00 00 00 54 0E 1D 1E
[11674.755s] FRAME (len=12): 0C 00 11 00 00 00 00 00 01 00 61 76
[11674.755s] FRAME (len=12): 0C 00 11 00 0B 00 00 00 01 00 C3 B5
[11680.865s] TEXT: '...;.'
[11680.865s] TEXT: '.....'
[11680.865s] FRAME (len=56): 38 00 11 00 01 00 00 00 01 00 46 81 9E E3 00 1D 00 0F 20 00 1C 0B 6D 27 56 B5 00 00 00 00 00 00 61 07 73 62 22 00 51 00 00 88 00 00 98 00 9F 00 09 00 00 00 54 0E 1D 1E
[11680.865s] FRAME (len=12): 0C 00 11 00 00 00 00 00 01 00 61 76
[11686.972s] TEXT: '...;.'
[11686.972s] TEXT: '.....'
[11686.972s] FRAME (len=56): 38 00 11 00 01 00 00 00 01 00 46 81 9E E3 00 1D 00 0F 20 00 1C 0B 6D 27 56 B5 00 00 00 00 00 00 61 07 73 62 22 00 51 00 00 88 00 00 98 00 9F 00 09 00 00 00 54 0E 1D 1E
[11686.972s] FRAME (len=12): 0C 00 11 00 00 00 00 00 01 00 61 76
[11688.806s] TEXT: '...;.'
[11688.806s] FRAME (len=56): 38 00 11 00 01 00 00 00 01 00 00 12 4B 00 38 0D 16 FD 03 00 DA 08 6F 27 31 1D D6 FF 64 00 EE 02 00 00 00 00 00 00 0A 04 00 00 00 00 00 00 06 01 00 00 00 00 00 00 41 DB
[11693.086s] TEXT: '....TX succeeded...;.'
[11693.086s] FRAME (len=56): 38 00 11 00 01 00 00 00 01 00 46 81 9E E3 00 1D 00 0F 20 00 1C 0B 6D 27 56 B5 00 00 00 00 00 00 61 07 73 62 22 00 51 00 00 88 00 00 98 00 9F 00 09 00 00 00 54 0E 1D 1E
[11693.292s] TEXT: '.....'
[11693.292s] FRAME (len=12): 0C 00 11 00 00 00 00 00 01 00 61 76
[11699.609s] TEXT: '...;.'
[11699.609s] TEXT: '.....'
[11699.609s] TEXT: '.....'
[11699.609s] FRAME (len=56): 38 00 11 00 01 00 00 00 01 00 46 81 9E E3 00 1D 00 0F 20 00 10 0B 6D 27 56 9D 00 00 00 00 00 00 61 07 73 62 22 00 4F 00 00 88 00 00 98 00 9F 00 09 00 00 00 54 0E BB 05
[11699.609s] FRAME (len=12): 0C 00 11 00 00 00 00 00 01 00 61 76
[11699.609s] FRAME (len=12): 0C 00 11 00 0B 00 00 00 01 00 C3 B5
[11705.722s] TEXT: '...;.'
[11705.722s] TEXT: '.....'
[11705.722s] FRAME (len=56): 38 00 11 00 01 00 00 00 01 00 46 81 9E E3 00 1D 00 0F 20 00 10 0B 6D 27 56 9D 00 00 00 00 00 00 61 07 73 62 22 00 4F 00 00 88 00 00 98 00 9F 00 09 00 00 00 54 0E BB 05
[11705.722s] FRAME (len=12): 0C 00 11 00 00 00 00 00 01 00 61 76
[11711.826s] TEXT: '...;.'
[11711.826s] TEXT: '.....'
[11711.826s] FRAME (len=56): 38 00 11 00 01 00 00 00 01 00 46 81 9E E3 00 1D 00 0F 20 00 10 0B 6D 27 56 9D 00 00 00 00 00 00 61 07 73 62 22 00 4F 00 00 88 00 00 98 00 9F 00 09 00 00 00 54 0E BB 05
[11711.826s] FRAME (len=12): 0C 00 11 00 00 00 00 00 01 00 61 76
[11714.478s] TEXT: '...;.'
[11714.478s] FRAME (len=56): 38 00 11 00 01 00 00 00 01 00 00 12 4B 00 38 0D 16 FD 03 00 DA 08 70 27 31 01 D6 FF 64 00 EE 02 00 00 00 00 00 00 0A 04 00 00 00 00 00 00 06 01 00 00 00 00 00 00 A6 90
[11718.134s] TEXT: '....TX succeeded...;.'
[11718.134s] TEXT: '.....'
[11718.134s] FRAME (len=56): 38 00 11 00 01 00 00 00 01 00 46 81 9E E3 00 1D 00 0F 20 00 10 0B 6D 27 56 9D 00 00 00 00 00 00 61 07 73 62 22 00 4F 00 00 88 00 00 98 00 9F 00 09 00 00 00 54 0E BB 05
[11718.134s] FRAME (len=12): 0C 00 11 00 00 00 00 00 01 00 61 76
[11724.457s] TEXT: '...;.'
[11724.457s] TEXT: '.....'
[11724.457s] TEXT: '.....'
[11724.457s] FRAME (len=56): 38 00 11 00 01 00 00 00 01 00 46 81 9E E3 00 1D 00 0F 20 00 20 0B 6D 27 56 B9 00 00 00 00 00 00 61 07 73 62 22 00 4E 00 00 88 00 00 98 00 9F 00 09 00 00 00 41 0E 56 B8
[11724.457s] FRAME (len=12): 0C 00 11 00 00 00 00 00 01 00 61 76
[11724.457s] FRAME (len=12): 0C 00 11 00 0B 00 00 00 01 00 C3 B5
[11730.571s] TEXT: '...;.'
[11730.571s] TEXT: '.....'
[11730.571s] FRAME (len=56): 38 00 11 00 01 00 00 00 01 00 46 81 9E E3 00 1D 00 0F 20 00 20 0B 6D 27 56 B9 00 00 00 00 00 00 61 07 73 62 22 00 4E 00 00 88 00 00 98 00 9F 00 09 00 00 00 41 0E 56 B8
[11730.571s] FRAME (len=12): 0C 00 11 00 00 00 00 00 01 00 61 76
[11736.684s] TEXT: '...;.'
[11736.684s] TEXT: '.....'
[11736.684s] FRAME (len=56): 38 00 11 00 01 00 00 00 01 00 46 81 9E E3 00 1D 00 0F 20 00 20 0B 6D 27 56 B9 00 00 00 00 00 00 61 07 73 62 22 00 4E 00 00 88 00 00 98 00 9F 00 09 00 00 00 41 0E 56 B8
[11736.684s] FRAME (len=12): 0C 00 11 00 00 00 00 00 01 00 61 76
[11740.146s] TEXT: '...;.'
[11740.146s] FRAME (len=56): 38 00 11 00 01 00 00 00 01 00 00 12 4B 00 38 0D 16 FD 03 00 DC 08 70 27 31 11 D7 FF 64 00 EE 02 00 00 00 00 00 00 0A 04 00 00 00 00 00 00 06 01 00 00 00 00 00 00 00 33
[11743.001s] TEXT: '....TX succeeded...;.'
[11743.001s] TEXT: '.....'
[11743.001s] FRAME (len=56): 38 00 11 00 01 00 00 00 01 00 46 81 9E E3 00 1D 00 0F 20 00 20 0B 6D 27 56 B9 00 00 00 00 00 00 61 07 73 62 22 00 4E 00 00 88 00 00 98 00 9F 00 09 00 00 00 41 0E 56 B8
[11743.001s] FRAME (len=12): 0C 00 11 00 00 00 00 00 01 00 61 76
[11749.322s] TEXT: '...;.'
[11749.322s] TEXT: '.....'
[11749.322s] TEXT: '.....'
[11749.322s] FRAME (len=56): 38 00 11 00 01 00 00 00 01 00 46 81 9E E3 00 1D 00 0F 20 00 0E 0B 6D 27 56 C9 00 00 00 00 00 00 61 07 73 62 23 00 48 00 00 88 00 00 98 00 9F 00 09 00 00 00 41 0E D0 29
[11749.322s] FRAME (len=12): 0C 00 11 00 00 00 00 00 01 00 61 76
[11749.322s] FRAME (len=12): 0C 00 11 00 0B 00 00 00 01 00 C3 B5
[11776.824s] TEXT: '.........'
[11776.824s] FRAME (len=12): 0C 00 11 00 04 00 00 00 01 00 C0 70
Traceback (most recent call last):
  File "/opt/homebrew/lib/python3.14/site-packages/serial/serialposix.py", line 575, in read
    buf = os.read(self.fd, size - len(read))
OSError: [Errno 6] Device not configured

During handling of the above exception, another exception occurred:

Traceback (most recent call last):
  File "/Users/andrewsnodgrass/GitHub/flair-vent-rf/uart_monitor.py", line 59, in <module>
    chunk = ser.read(256)
  File "/opt/homebrew/lib/python3.14/site-packages/serial/serialposix.py", line 581, in read
    raise SerialException('read failed: {}'.format(e))
serial.serialutil.SerialException: read failed: [Errno 6] Device not configured
