PING: 26 bytes transmitted, received: b'ABCDEFGHIJKLMNOPQRSTUVWXYZ' (0.003058 seconds)
PING: 26 bytes transmitted, received: b'ABCDEFGHIJKLMNOPQRSTUVWXYZ' (0.003044 seconds)
PING: 26 bytes transmitted, received: b'ABCDEFGHIJKLMNOPQRSTUVWXYZ' (0.003078 seconds)
PING: 26 bytes transmitted, received: b'ABCDEFGHIJKLMNOPQRSTUVWXYZ' (0.003194 seconds)
PING: 26 bytes transmitted, received: b'ABCDEFGHIJKLMNOPQRSTUVWXYZ' (0.003041 seconds)
PING: 26 bytes transmitted, received: b'ABCDEFGHIJKLMNOPQRSTUVWXYZ' (0.003112 seconds)
PING: 26 bytes transmitted, received: b'ABCDEFGHIJKLMNOPQRSTUVWXYZ' (0.003057 seconds)
PING: 26 bytes transmitted, received: b'ABCDEFGHIJKLMNOPQRSTUVWXYZ' (0.003093 seconds)
PING: 26 bytes transmitted, received: b'ABCDEFGHIJKLMNOPQRSTUVWXYZ' (0.003070 seconds)
PING: 26 bytes transmitted, received: b'ABCDEFGHIJKLMNOPQRSTUVWXYZ' (0.003058 seconds)
ping: (10, 0, 0.030875205993652344)
Configured: FCC-derived: 38.4kbps GFSK, 20kHz dev, 94kHz BW @ 915.0MHz
  ...heartbeat: 20000 iters, 4.7s elapsed, 0 hits so far
  ...heartbeat: 40000 iters, 9.3s elapsed, 0 hits so far
  ...heartbeat: 60000 iters, 14.0s elapsed, 0 hits so far
1787460102.6410089 fcc_derived_config RSSI spike: -45.5
  -> 255 83c7d661b5dca3c24315bf22472a3df419460eb6a049de01aab71d343993033b27f98296e95d39dd4afd19a1c7450be89f216f6b4f7b01f08e43fa38e3abece13eed40a5e837d8b2401461ef587f4e26f2a969d8a0f7830046ea82996938adcafde4862bc574f1b7862d85b2e26aae9c4b95a4390b7fc0d89cb9e69d40fe9a245652a4fddced92ddc952072d2e83daa8d2cf595464902c4640eaab246e71fc94796cd839d4f5ea7dfdb42eb976e4a27d88965912123a89c837fd1a6e7cf6e94ad15af6bb5517ec39acef5140b2ee5d3e0bff6e6f3f2e6c10b556bc6cbffb33e4661183c80d0d4c5200ba1d66ea6a55c1e4b0453c1aece9753a6dececb6425d
1787460102.6412768 fcc_derived_config RSSI spike: -44.0
  -> 255 179dbaf21f5bf51947ea36b75bb15a58843dcba15a5d58e16d31c095505566cdafffe1866e0c293ca85fee04a4c425bc51f5e9cf6bf5bf1dfd9f553263a20caa783ece597e1dea53711ca06924a50dd80d8599653c342bad829b3abda0376218e812e2d33cadedd9679d755204453fd2fdb672c37d3bf85a78989cdbd6dfeb0e3bc283eeade1015cf48e3f37a713377ee65df82c24a4531f049d816ffbd51cd509689197ae73308c37f78858547985c1e88a8dfe5de17cce844eecea065b247830bbbaf4a6bd2a4f9572eb4fb58ec299351b35b06ecb96538a7e061ed8666064a8777f8bbec6adabbe122d0ab6c55adbe2630e2857a67831b72681343eaa2f
1787460102.641508 fcc_derived_config RSSI spike: -44.0
  -> 255 285e20d369ea9b0769d65f8fcc92fe160f01891719e813fb5f7de79817d32ee890bfac9c93d3e9bfb2d3e68c2b42aeb209f4b420c52bfd763a64024b9b4b9bad6eb3f18c99e57785f7439c17ccd5dfd51425ed706b0d6ae3dceb5dffec13da7819c6539964fb141399dbecaaf884a85bfbf6a87a0244b793c848549de01aa02d800ee33cc42ac31744dec08e2dc06a010c15e5ffda9778d5dba829e706bab4f355c291ab37bcdbcc5670f009ec08a159d8c9355c09f9ea55f6103b4c7554d091c6d69b8163fec4eb0b1a34198454ab4fd059deda1aac9a592368360549f7e30de2ec6ff2dfea397252daf36e4e8644327dff4c05fa3dafa230e165dde84f98
1787460102.641763 fcc_derived_config RSSI spike: -44.0
  -> 255 c0b2ef0c523b0c53b4eb77f29a1b9302938f214083acf1db526eed09e4f48a3c2eec840d95472e87310a3462d93d1c9185acf1ee6606c24a6395d94379fed6e2dcc34574e9a776190806af837049968a17f2e6f085b3bdbcf7d2242091c45f6e7230e79c3cb6a6bcf30103cbec669b06f5879b18f7e38ea6069ef2251ed94ec1ec58da82c1b2daa2c4de5837149bcfd3b34cc3f944f773da2dbe51278b650e2a00b7282efc152bae4320b93052704f6c49a0705de61e8fb544171437e6e11dd35f366ca477bd7b4e19cb815b745910f86dc8ab05467599155a02e99dad9d79a8b18c87fd40a5cd62dd2b8c218b29b6738c15eea85bb70e1780bd34890e0506
1787460102.642012 fcc_derived_config RSSI spike: -43.5
  -> 255 54f99d87b0c3d2b758b652bc6c3e6a8044aa8f719b8774c403a96d6158e237189832796908836fd555ca93243f43412328616aa15f81dd0dbb4b49e7d02e61fe0bee0826857e52ca339f19be7841182ad74fab157608fae37d6a14148d4dae8c3fe4f0f0a271e6365695d00bba679f8e43acdbe1c77d803f5da08456c7cbf33edd2f8c5117b11df46e733aedef4bc8c8a671d2134bf6fafd16ad32344a0f5fba708a8cae53ba62f43ed76d863b17dde89c3587370c054a971930b7c942ccbcca1ee13f6bb601cd1ce7748f25b1908c9a0ad718aa6f9a3bad03e929b39e159c21631d1f065491c632270916a1b95f679f4999252bad62db8c1250d93db49ba7
1787460102.64225 fcc_derived_config RSSI spike: -44.0
  -> 255 886a7e3fcbc1e61ada7cf7b99815c9e5da277a8e3b27143e1addd46fb71f941da52a0ca5225447d42a5db6f80e5aba5d77eddf4a8cf2c7367ebf8ce29d80b4b60715e9b41215b3139da15cf6aa3719dcac63b9b938edd7422dbba06cb152dbcfa41e641820801931602939d00a2da152275c9879b43e559af5b62ea5e4b154da07a011d5f902f98bd911e440596943c9e01008664330d3725b23634a82707eddeceb9838799215dc8c4d5f2bde7dddcaff898ff9a5a9a9ebc832707840cccc3a7b89589e3387ee403b49fc99b92ef06580ca0a256725a5af1c74e5d4f84ddcc23969af4e6943c470bcf162de232f583983f8dd05c0aa65116b1a42502aef80
1787460102.642518 fcc_derived_config RSSI spike: -44.0
  -> 255 f944e51e90245500908169b163ef942589fff157bf583435873a3f2d6c05462f3f07c8d3554153a6c0a6c59ba4bface7bc2eb5ab9a8cb37ec8d33b2f30accfd92662d6348e1555e1d369698d01013b7530fd97477473e6e8e6b8a8109fcb11bd55bff0b048904c52860e5c7daf27711379581c04f18b7790a745a4a1930369de4bbf0d1a59496e92793c61a15dcb6d3c59d5d855b007a3008cd55dbb27b6c621fdf6c423824ed9e2d2e996ac5ee46ccf81cfb6ead44758460ac76e7b57a3e029cadbd760f7f428f13815739f4f1d54d673678c3c86549e363b3eecc2fad064c704cc744bc96c3f231e9732d99649039bc99faa7e86fe5ceb7222f292bc0b04
1787460102.642771 fcc_derived_config RSSI spike: -43.5
  -> 255 f8eeb49c842a6cb4b268b4a726ed713e04ba1c1591ff203f14cc5bdeb7c77784ef35cd7e883130a10c1acd892afc8acd40db0ea4edca93ad63ac48781d25e9ffacd3bbb53ed0761de994863a7304a029e6b7c7cade3fdd302181942ad62af9500a226c08eea3b3abd3ddae10626193ad8bacbc0d872c2217e643d6031fabeb75b7a8e164880e2ea723b00017e670b42a7db24d7d01535e8da8db483a00500cf73bf069c7ffd8903593b612aa59301a6a96cf167aae8910e7bb3a8e56b0a0936a0200aeecb51f7df1c341ef45dc0e2f7489d3c37dfcf180e3316b730f7b6c10d05e8ef176e06b983dc90ed694411c836b28c2aaa3df915c2e6019e795236a71
1787460102.643023 fcc_derived_config RSSI spike: -44.0
  -> 255 277faa585e18aca2a7de9519e8dd57a0a77630e6c095f4b62529a83f658bace0d6888be82db49784a7833e8a4534d1b91b829fe6e5de17815578d4a9e831e7596342d43c561763fa3e9c4a6be36c22869f058d05c0346e5b7e361dde8e92bf08dc0f3e07257f0afb6a18f11144806d263ae860e2fb7a9ea2066875698741e5a8539cb6b52eb73628027ac600f98a4fe22aebece0b2528d00adcc91e5e0045f564ef8e0569b80595e85af57815c3873fa6ef24cb30c4a0189a378264a2a8617d48f53e609021b126844271990a6652a911eceb1e524eba01dd835439b1cfced151d22169b25a1f050d2ccb471b124bc2a75edf1b637c9dde0e08b3d7db429a8
1787460102.643255 fcc_derived_config RSSI spike: -44.0
  -> 255 25b66925688b62d6f1b756e5b56e84734a35225305136d7194b9874f7c1f10ad8d00e80039e23ce164e67a4d0385a8345a9eeeef212cb79ade19b94ddcb6c98d080b6b4500c6e93c19ee31c46644e9f5cde8e495b7072beb8486df9d763c238c72332e3dba00a82e19099e79a022ef1f03ab6733417f9abea13c8763f8946cffd19e99b71a6baed7356e88644003a5484b02e4953a56b55066b6517f21f6035eeba62e501fd9055e598c347d4bdde29ebd2cf69f705cfcbeca7eb72266bebc2abfc81b851a0ae5843777f66ff18e873ee36f7836df3538f54ec6dfa4f78071fb418f61c669c0b866225ede4a56e5e549379b92301e3276a70b132b0409b9d0
1787460102.6434839 fcc_derived_config RSSI spike: -43.5
  -> 255 e14c202b8798d8c785e287afcf0825c8cabc3dc109c82974a11b4ce2a0f4814a38fb79a120a3cc300c40e99688b3ee263b9c0e923d5e6f548b30dc94544449d57e0703e6b5a3d833d4ff4ee8ff98367f57f9ceb25936b08bccb8c25e7fbf77fbc4521c08e7f16f1701853afeaa09e5e566fa27d37921596d897f6ad3a2cf6bfafcd923cda8f1c7cc239728fe64a0964c4fb366bd8a6f2e7c6d27196911cb43d6c4ab58f4214de17347870f234f484fc68ce17b4e497b3f15d83d1452a52ff22592decba56c28aa06a1800dc55beef708c1389173901a48f55d66737682a8b9a46bbaef1ccfe2d47c286bceb8840ce0ef3e807bbe1e4b498a9da3c104f5d6ff
1787460102.643741 fcc_derived_config RSSI spike: -44.0
  -> 255 09cb7b760afb130b3eb4872e3c7fa0ad7622f73a7745815d9b252f5246197c4baac9aae863e1fa6289c6cd0ba66fb3ba3afeac2fec30df7f99515eea213a72ba86101c90a43e6e680a363589133abe477ced322c543f8b3bea03d84d654ef97113e1dec6e3f14e05b55d757eed5a96f62e1db717c2b256998f26ab49479ef3a5efef5d223c1fb346c3db68cf5871b45566aeda32772a8f8ac1cfe4acc4334158a91ce555f069a7c229bafcf619f8c0a2698b9fa5cb2bdd1c9da0639717a74670469e844cbebab78800b95ec393352a42ae506a9d1871000fe0f490a39c6802672987fbe78e0a5556f3fd6fd5d53593d2bd0e9abda3dfa909612122d7791697
1787460102.643991 fcc_derived_config RSSI spike: -44.0
  -> 255 d3564074f059e2fccf622c9e3626e4d5dea86e4e157d0163e30e8f0bb07a97cad4c62e0681e1336bd31285c8ba796d739a2827cf029ba99dceaf6476c331b7a7f1784cc2823b5585ea51e5b155fe7b9c6a859ffadf4b3b33115dcf5b1f9b701dc9f0193487264f860637b5ec3a8f5d9d7cfdaa0eb19c072bf46cd6f217816bab5114fd41eb94d4dd63c02238f5850a0ce63bcb44e3534c5912a6d674d1a318157eaa93f2cc5ea88a0d0aa00b8a8a627b6fceb5076dd34aeb6e3ab77c2ec3a1ca78e60f2ba275f61a4319ccb9db74d3f1c4ac4f1342403de8a3eaae8274e95bffc7414323e4f51d231195ec1ac627a145e2d66893e449412f05df43cf1bd4ba
1787460102.644288 fcc_derived_config RSSI spike: -44.0
  -> 255 2270ea83217472ddea7c422d7adbcbcee9692e5eee5b8de146c19c58a832393099ec6cb5ebedfd5cef14569638cedfe79b3bb8da3534b7778a47afb823e1f74f8956bcd8e5bff95531874487ca872454f6e32e38d0d33b988a324fccdefd396b13e77908557ad9dd087c67be12991f87683986d39b584dac1928d5b7e4b882372ec8a2d82d6dba639ba63a5fd1284a9c280331517eff6f08a696a185f5e2d01d9197fd603961352ec8f5c64d876e7aaeef70183ec035ad566c421cd257b4edaf4bdbab64fbdf7799dcf611121ae88613eb36df7fa32160cd9baacb17d3c98a52be6a47e27d344969c583fcaf4ef047fce1357dbfc577f04f66b31e44efc27f
1787460102.6445591 fcc_derived_config RSSI spike: -44.0
  -> 255 8a4e5f084f256c78f509fa360ef5cadc322ef9c85a8c66df78ae75af6563cd0052311d07963e30f88e707bbf796c2546797c0b6179310479ce1f32b661417218d7033c5f6dccd18a3aefbc4ec4e62c9c0175125c6887eb5c7f2ba8bc356c492993ca4c7f9679d68516078f7481e610709b522312ac48a0b7da7ae48570e07484ee5367ba38b0752e61a695a40817953f31aad4fc6428dcdba9b35da28060cb446c3c3e3a7d3f53a1abd77606516b73b40ced4b2f1f8bd0612605a3fae9b6d541fb328e2bcc5bb0c1463241a0ff8188089aa9a5418e177c9709e1ca8dca734bd1273a6b1fc705b97c09f6acf78a17c93a946f85fdf9faa88ac21e4274ff16c7
1787460102.644786 fcc_derived_config RSSI spike: -44.0
  -> 255 9f89f5cd5e37670740fc04d21b106cbad9ddabdc44db5ec26e911fdb7a08aa562592830c29005b023fb39126e9799ddd71649be2cabc88340b677410ee86697049ccb6f850efc708acd858071f84fa6c8c6469107856dd668a3b918853416690ae429ee51007029c2b083caed227859c17c6af37cd8219e777b6aea006096ca4a6bf97e4998f9c4cc61930d1ce7b49ac565a7e2b03d99c0e1a2657427c0913d01895c19206871aa69e04e9fb9a49089b28fd7ba07532b3968e7e3732c9bfbe80f7243fee9d0fffa24c02fe4c2301b3c591a3318f5b443208fd53a457f868698e2f4fdd2d91993a4cb56577edcbecf973e296dd23996e3b25cc29d906e8f8a5
1787460102.645066 fcc_derived_config RSSI spike: -44.0
  -> 255 503d961f20e1bb31c9f780e906bfd22d0f7c7fb054d37cf76d97ef98938c6a042f195cf22cfe98207e00e96c7532ebf3dd3559fd460db2e109283ee6598ed58effbdd838e4e09b16d8f6d24322b2d43574faa4d731496561840c62a2b7abe9c7dae167ce103b22201ed562e173ce997c82d9102669df1a63648ac73db19840bd751c7ab3febf3e371fbe406a52bcb9d15f05b6fb15213fd78750bcd9d2e842e023d1681767d4e755615c011c9e5eeab980557f81a1e38515abd94b3d1a198ffb3414fb91322bcb21de8c36b300b46a2886b712b389c6818a479158c62cbdba27caec31c08485b8fd0283d7e8575542aa05759194bf21492e875a748c5f9d18
1787460102.645324 fcc_derived_config RSSI spike: -44.0
  -> 255 dcaebe644622aa923e05791351a8c091b82d93af53c0c889ea5e399dc71fc774eea2cf5e41508f0b90383635a68dd30872c06120bddc04d417f0eb9249418a85b6d3b2ae5aad1a620cf7ef3956f4358a771168d3c785ed5074f13502e694638cdc93187ae8ad94eac84ee278b376416e088e792ab4303295c4a71ad921900b3e04c1011164cb57d302e3c29555dd84d2e416fedaef7629193fa97db3aab9f3ea59e1f88734983bf90e4769e76252dc319eaf1f843d2a9e333db752960951067433b201c31fcf48a993186c937dce72d354228eb68bd2f565131d7bf9067e11c0688105472e607c673c55aab212b75b32376113f7824ca981dddce771af0885
1787460102.645581 fcc_derived_config RSSI spike: -43.5
  -> 255 153e41b519aef2659aa135c56494207ed192c052d0958257f9dc73430162fd0fd62e13c6e2da7358324179ad44a7a06647e02bd1adc358a564e67c5710900431d33a785747c616e83fef516e0d2b907119d956a0759a07404753f4064cd002f75b1a9f196cabd6dff704791f4314eeb7235224d81530e15836101c993d8b12978640edf37c5cfc6bab3959fc64dc0f17e48fba3d2d77119cbb5dde7258aa85745ca44a55cd0fc4a83e12991f751eb0a1c4f384cd756b0c9421f9fd74f319014e844c634130a1f815bbd5b25d235f24b8610feec88971137f191384e2b7c6a3588115204edebc1cdb382eb678761a3b9c2b13874812e412287cb81fc2eb9727
1787460102.645872 fcc_derived_config RSSI spike: -44.0
  -> 255 b567fbb26a7acb76d035b7503669f9311c1b5bdf96e7fc44865bd1a52d83b33a81e19790a8393f165a12cbd81d8e2143ac646c8eecdd12a623a56208bf28b2347d27caf565b24488c84a4ef81d003976cc37171f49defb8e2ab571e9d31a280c6a5290cd817c4541dc26f54316a05c662bbf09df40b3eee7588bdb7599c51a8335cd12286c4d3005d121357dde939419c87f1ea96b6197a0a2d102c6e380486c19008ebefa81cb3baca587655dcd2f9911d11c36e8bed170db2103afce621fb3d5e3d9150c111068896197268a46b8e4628b64c0c2d2bad328f83e8852f5a11f1a8a562dab7e126bb2690ab5e710cc6337870157e69cc39194e39717d05c51
1787460102.6461709 fcc_derived_config RSSI spike: -44.0
  -> 255 bd3f817c3c7c13d9915666f3cbeaea235d3714718a8009f91d50382174b0e402bce6e1ceb2ba111f1f74c602c291d5c60906a5a796f8992cf434713cb9bfe4522749586bba3d583657672bc4bf51a7821ce243be0d05b0fef0b530cdd62165ad2a571a3ad1707cb30590497389f9c373c7ae845b1f53e0cfbe7ee1a8ef85794dc21c6f729e77339a0ed832615e65a35b38c68db226720f6b72622d9fdd77d093aed61228e60ed7ee9049effd2ab53706a6b3eaf79d132d4d3277993c3f6f9d0627befe9ea8fb188575d46744405eb8aef3dca6376cc1f0b45cc2faa287dc53b8b64ba8e24ec72c791365f2a049c0fbb9bb592a53412b59f39b34ebb9854709
1787460102.646399 fcc_derived_config RSSI spike: -44.0
  -> 255 e713473263549628d76e53a48a8bbe7aacdc78863af74c4a5211bcd5771835cde268e8c6caaddc2aab8f1dd59ebf5e75fc49680a7b2692e0d864c82c5b88f56e7702012d855d2a340bac72819c2d4d76c5eb30facaacd999239981d69acd378381961c98fd679ff327582c97eeae44c28ab65a7b4ceadce3bebffa6e125caa6a50dcd1273593f400ec3beba8b251cf3244653bf9d60bbbfd2ab4c1c8b11a1b39d1f4efeea3163eab2ccb994531a09a94ca822f6d0508941f810426efae7b532e4972a539c5da0ab1b768d0d2f28e568206bf6ed66b7a54d7ff7f0539f823b4ecf6b02915f67a382b362a047c23017998b2b3a71e02a25f3654c0b0e37cd382
1787460102.6466408 fcc_derived_config RSSI spike: -43.5
  -> 255 2266ee2485f65056eae6193cea806c86a19c958e732c53a943817908006ee90781368699469de241b0b5c4fca233cf8d28dd1c66467fff74a9025bee7939346cc21cebe4b094b7bf93439eca24f89b512fb39b0a9575d7877183d756d4bf3e0c00153a485c27382cd6c72d1642c2a88102017ddf5aa1b125575f4f61c817d573957919e4fa2afaedb5d8c1ccda426c3b5f94e5e3187fa7824d4ac99450bd410b05fc7e5ae7785524d873a0abd39b068c1f40a2a1379a683ba9e28f7ddc9e28b08d69cdc449193e68e4f36b9e267dbdda82c4ff32c47e11ac0ce0b2c3fe1cd2d879ffcd61785842fd3a719e9cb25d018ac21cbbc9732a537616529eeef2ace6
1787460102.646901 fcc_derived_config RSSI spike: -44.0
  -> 255 ce37aca2de67c8a98e9adeb5af65450f556443d957447d4b02e201c8126e6922364f443ad09f1bc6588396e195bb3a511f29e4cf9a4a10f0676f1e4e1b227db4a308825ef3e6122756d8eae3b1d8023999ffe2957701de0375d3721c0d059039826b9b8273a672ce0b201ab64c83205a0d855c36e5920b0709521ee74deae177899b6cf1aa64546b6f69b86a1e1f81b0e80b79eeff5cb97ed7b05edb11ab0e84901f9d82678c5d161ac25f7a459514f1014ea80fbae4ea6438abb429449251faf27db8f2b04244746aa1696be00f4394690e62f5bb316406e1ebc8dfb018c3e177a0a0c54bb6ac7c11d2e701015eac4932fe72ea1e5028be84875c81e9afd8
1787460102.647184 fcc_derived_config RSSI spike: -44.0
  -> 255 d05f9334cf1ed6bfcb043ca30818c3d7459fa162b9c019647947ec9100f231407bc96ed46d38252769d82bb9e15d8b81bbcc4dfb04b25121c8291d83fdfd81bfdd41e9673ac95feb127b728a311b71b98ba5c9fbb4c51290c82582c64366b196eae967ea9fb7a16f80aab990e19dab464439b4a2eea24fbd2c1a67cce20581d532c28f4c0a5ac0184c8b79d46381cc9aec05edeef9dd33e8380da6ea850c3e984ac4fcb8213a60d2dcf1d984ab6694e92a84e793719c38cf41934831a3cbfdfdda630fe4fb84d77d5aee6c6c0792811ff80425b473874d49cef0e6aa932a0529462174645cc5a5ae08debaccf2e5e60f73491b03f13ab1229da72b3889dc61
1787460102.64746 fcc_derived_config RSSI spike: -43.5
  -> 255 308034446eadf4722b459b24abaf99fa430de1865ab6a0adb648c00846b2f03176ffdef565fa44f7c9fd95d5deda1e8eedf8fa9cd74fabb95aad381cf1f18dfbab4b99bcc305d965559b988daefde844c8dc53d669dd687f814a5bef88f6d05d82208a5e298eacf06ce9205de91e452f58f2d34e69806264881fe729bc534b20b834df765e10c9830af86717beea84a308f6d2ed0e1a651cff0ba3c70a4ee6fee125b82b27ac08b8050e558d9d91ce9a467ad0245f4af649c65a47d480d1f26c526fab5ecb17196fb0d041cdaee94ebdc08c54136c2773160eda14da24f40ddbd940bcaf275afc6f1facc4f576ecdd1a6d31e7aa248f3412e3521df129f62b
1787460102.647757 fcc_derived_config RSSI spike: -44.0
  -> 255 d69e048907a1e5bd5d014262894fd59d215779371c69aa2004351ed4b2640eb8f8d41a73dcc43c2c8a89c235a3ed6f7d25b316e6106553a6ebcbba750f6567128f4be2494fbe2610ea4bebbdbe606974447cfd90ecfca3804a82257d3afaa96e5a15296761576d4e5cbc41ce2b36625f94155051d4b5059a233732b33dba76eea9edb33f5b9a7a10139f0b20adb99d39299e93b687be26ec1252af6294f903cd9761dcbf5aeb21ee2bcf8892083580ff8845265b52fd7a5ddbd1fd549180824b13ff9596cd7da25221affa46310b869ba9c7de4f5bc576f596805c7b949244a5baafd5bab3450b3516575446c57403abf7c3fae87df21d5f76431304299946
1787460102.64801 fcc_derived_config RSSI spike: -43.5
  -> 255 96245d1aa1b91a75d096fcf79e92eef92e076d1d2de232630ee39002b2c43304161c70be81fdbf8515e0cedd1a668b3e21eece9487820cf46d729928eb68a41746906512c6f992be76ac9bab93e8f10b215dc412751fff88948b30edd323b371d71e33504e7304ac28de5c762e7909989662c2f34dd24eff8e7f8496861784459dbeeec434b9eb2478826aa479cb5eff0a868be70e77370ff37f3b6ca520130d03ee0f00919d870bd677a24654dd108a31870ee1091e30ab73169ce4972314f238afda446cadb9a5b0e6ff677c5b10605bb47cdfffa1532cb505e3a7de44aa9b56e3f3127e440549468e3d925035840e5cf1128e5b615f4b3dd54b600d4876
1787460102.648267 fcc_derived_config RSSI spike: -44.0
  -> 255 2df68ea28b8363e87b6337f9235af2fe81ce680d0e53748dbba977c67ff4111f46d4e958647e42bcdde8390ae6026d65f687f07cafcd5e5f8c29f25d28db9dc9603f189b1c9f20f3d17d48da18084d261c6a1639b23d659e7d0f9310da91052fdf69bb94739f072455a5f2e2d8f8b0ff58215599b5d52c76c328acc147d8521a0b034f9c67ff71b9ea2f9ac13990683467c500c97b9ddb05391b893e5a770c61cdc3ce9d1c9542a7874d2503899276cd4f780ca039147ff649b589a7f78bb10467a8ae0953f4fa22e79d0a70c306e85dd890a7126cf1a1dc28dd77610ef18f0828575e4268a0d3a98c185436f1bd419c20f27defe77723d68a101d0879d0eb
1787460102.648492 fcc_derived_config RSSI spike: -44.0
  -> 255 abd227b398fe732671b47c4c2fa2e0e404e47c1f3473c2092941652e5f4beffbcb67947727f0a177c594d4dc8b2848d53ffe2e34c6e2c0a05484b3cfaa4f36eec9249e7aef405cb8cfbade240d41d7be9fedc934bb3e1796b0117595ed02b1ae8ed7af19be8561b3fd5769fb4ad327ca75bc10709c046757614f4a9a5c487b9078642995d78998a18039c938bc35e333c846046076e281abb1b14b497055d50aa6722ffb666160e9962e2cc73b5641398eda8eedbcbd85a6ae30e3cc3e1ac8c3b602f25b8f4919f6b6b6ccf3765a82e600566fabb1daae51a0ef1efc24ac7a0d58df9f42b45028e212850a90d6c7e4061f36370b4b661056a81adef151a8b5
1787460102.648751 fcc_derived_config RSSI spike: -44.0
  -> 255 d3b08552352d4e8b8e06c7addee1d2e5e7696f0ab7c9a026035f7d285942bf53d54757e1c6e262a9760f5d1cfe3bc896d16a248b33296ec84b4d45eaf006b0ed377790cc9ca09cce514fdd12da4b737a5dd64534db7836c9a73378e34f449b0c68c46035a506620be4b339421d9a09a03f0b4991811a880f2af31a145703e1209b6321a1e6b44208567ad010c7a00adccd928990a69df105c23d97e740cf7f46cc1f6e71bd0aa69f6dfec0ebefafc9b77b53d3c8739f4be2d4ed8a14199911a1adaf45c59e5cdf04863847ec11e292d0beb5eabef2e33ecbba3c881cbc6e63ecac9d6d70bf72f7369a2095606474aae911dd662a5371cbe9878126cbee7b00
1787460102.648982 fcc_derived_config RSSI spike: -44.0
  -> 255 a0bbfb415421109ddca16123f69ffbbcc918547295ba2f1e24fb547df85c5dc6aa6425a086fdaf99df8630127306363686c85567973467dceffb92a365fc4e07f43c35631189e0dc0c10f34d1bd200543a35c685dbaa16aa0dbb41cb0820f11599cbb58fe7c4d025975135f6bd62ed1232ad2e92c83de59e0c578718ae38a3bf074ec08843cd79e06f235edf7b4cba2db77a01d3fb7e13e812c222ac6d0d5938947337571d304bd6927d78f280d245466e56bc328f19af3910521bfbc708e514f981f87b97e43e4b727f801c25b000ceb7050643da6467c01caab464a73d42cc013794cab68d5c0e3a5c2411478fe27627d0f32896044f3da0e6d94f2b6409
1787460102.649203 fcc_derived_config RSSI spike: -44.0
  -> 255 ac2ed2232bff895ffe208414082c074422d44f914d03fb463773ecf8e9668defc19886390883bc558bb9c38a8f0d35108d229241a30b9a0046ed46665f9105937443ad9694fca5fe6bfa46eb37794ab1d1a0e6eaa2d7b1299161ea8babe050165023f1e9e3a2a18843edbb56cc01c1f9a69febe70af7edcf1730fa5427f166ca2da9f1b38a4ab69a6e993a944ad6a194b7bc1dd11610a0a26e84dbad726b0d261135c821d67ebd8bba4cd1fcf6a92604321c8e94a1f54118c847a470db8a91dcf592a62cdee6ba6f7aa12d7d4928b053d9fadc6aea25997992b76aa6093c2f53d692b24ace8725c24b5189003533e74b6eff1aab536ab04c6301694842e95e
1787460102.649488 fcc_derived_config RSSI spike: -44.0
  -> 255 443028768f6f8c4126cb92e025a9e96956136091b2a73b0ab7cf25968a7e5450d0871ee0b3345e328b38023e0392d33dc138ce8fdc2d42b563891663c5f8722c6af53225b24c027bc7c54781793128186e19eef1f59f62f181301706a1c75741859c9f6c9e33fb6cb6e99c81f8fc7dd04241124b8ec2dd177a6dd5d1e26c4678d2564927f07e682fe4767a2217cf9ead1e605367d1d0f670d2880ba1cb01454e81ac02d553c3077b73fdecb8732cffcc6da41dcd7e414c461fb996f99218fcf588cedad00e26dbdb4ca4dbb9c2f2d06f0ae32df7f7a44ba9f467c34903daa4ec862260c57c32244a5e104b02287837469acab0c7f5a6ef4e8b5d79680c628d
1787460102.6497521 fcc_derived_config RSSI spike: -44.0
  -> 255 61de583e5e31da5187a808c3572e2d51c729711212cc4f7fb1f52aa5d6448f39fb8ad5ee87ae2debc25ce98e60746e4bc7ef2ef8801df8c54819aacddc2dafc6dd524de00a2a49921300edfd5fe8e7ebc9614cd962d83127ade1bf4f759825c91b7049fd82486c197ddee824224a95a3f0c31c36aa26ba51a5e1a4925e216852e53765a590e8d8e7ea861c62bfd2ec806d21b639ed4b12a48b9d803f1388d3781086864c19906c3a1481c903fe4c74564534616c9dacaa577ec03b731dc4fb7076ea631af78feeb38feba1ff64d1335ac4af01969c075ca6eeeb2efd76db28c1e42708b633200f57d16679ac102b7f8d8b96de88d1f198e729c0360c0e5d71
1787460102.649958 fcc_derived_config RSSI spike: -44.0
  -> 255 1f1c59d21ac1e8bcaa5926f4c93d6c1cddbe09bc76ec6ee3a8a7273342ec422e70cd58a340898f9fee84e8a793bb8e4d3350c71aeb790babb05c9730fbc949847b73c787be36bdc25bc85d0181d8367c9014217fa8c6443b43d0619b64a3bd87c67b51763754af68b240f4b9ad65945493b3d5801f9642fb54cc75081bdf4fed12d400f3e751f62d6b3a32f5be330095a70872dffc97933ca9fd33104fad57388bfeae3a89fc3b7fdf461c53f874186f31441c6850b1633b3c78b901deabe72e22d417fe84e9bd3ddbba103eef45019ace1916d047aa5cec01cb5f36e7a5c47f251a8139e73a8265238b7575c601cdd8399ab42daa532cfd9a87bb441e497e
1787460102.6501849 fcc_derived_config RSSI spike: -44.0
  -> 255 4555c38274f658f22071435a6c828762077168e85952c15b0f42a5e881a3c70cf8dd5da8e6c99d08ebb531d59f4b73b090f04226e93994bf8171471efbb30ba0c356db962de994ab709fda46c5fa1504bf948e07c4664b8132467f0912ecfd51805d71a3d2aff59a8ff3a37b50f687599ef939f72a94181a6ea266bde32f6a891b0894cd5cb489b0c0d6d73b2b8db06fbb7ec6d2cef3967567cfd6447a77de90671d326ec9518d2194f9ff3332a78c2b0ee73c95a04960d293c28a115a4f17bc6b56b9cd2e432897a4daff97c09556d59c703db29169f3c901225903d0090aeaf078e0513a4078c7f2862f9e93afa1398ff1cc00a6dc681e52df4a59849ef6
1787460102.6504 fcc_derived_config RSSI spike: -44.0
  -> 255 a10fc88bf18f2c0f7fe9d997df4a00d9b04403a1e014e06512042b06804073f2caf020b0343cd845ac9875d91927411c6f289bc4ac1a1296e999c6f8f4d8aeceaca3e67afa2d4ff1d5fe65ad660dd3f63e6b3e210056ca9329ccc2b9369e848cfa6becf0baca2b7f38c718cb398b2f59199172710b4719e607ffeefa92c28557afb3a7ac65b3d7fa9cba204bb3ddf9a76ef2edc3c787d98c5798c900734a7a0df1fa13f5cbecae9317069cf6779003c5d4286ea0c7552b565361796cb1dd088e8641b32fc98a0861d2b5c7d10a19f625b1e2673a411914fa7519d7ee0f1347171733c8276f17064ebaf9faab3ca8a44c2642a5f73b6d9e738c281b2a4b9501
1787460102.650622 fcc_derived_config RSSI spike: -44.0
  -> 255 49e6ecb1b115f8ae80c677052256266720b73cb9139a7f3e7b607701f7a25c45967df75c6e3e3b65425028cdc7c6a30189170114a384aaa029d3a1d10fca389480ab9a70ee5066880af58b150fb046f0c543ddbfe3cccb3ec66c688184d3a0c936d8630a48c180b95e976adfa05e5ecd5b44bbdf800da1e6b7580426c1dc9c41a29535fe11191d4ad15e0cc95eeb6e55ce3f52512fb9186664061931cf1f5fd2f71b03f416c84a84fcabf29d74dcc30fd629422fecce4201ca104ac960b34768cbc3405307f29b1291b8c9180901408bb190d1f63e51a088087f2b8516327023502d371326cfe272166d353859df17dac632761024e487173b3a5dfbdf36f8
1787460102.650857 fcc_derived_config RSSI spike: -44.0
  -> 255 41343df44c7a6e356f68a3a2db5c98ecb1d11462d721506abced3be1d24a4c5157e8f0f99be91618637e5c7e4f509ddb79eeddd969d2c1d01e2802ab698783325d0f544a498ed8272bb02880fa079764fef1a3fedcbb5bd412a10ca1627194033884268924624db24666a55a606a7f356c89f44c2b4727920eeeb231e15a783f373519ea4dc4e6a81e473953729a9f9fbb1e8854728faf07b655da04ede0d8614736cd784cd449c2743db2f4e93ed12660dff5917deb2d2c929b488ed663f21d96588d6dec2cd03d1451a641c61b755421e23f343ba3daff4e43c33894934a933b2d95522a280800d783362cfb641158066d8893fdaa1a245ced1fb6507edf
1787460102.6511402 fcc_derived_config RSSI spike: -44.0
  -> 255 51f31901f63c0ab18e265bcf3c0734e6d4037dc59d01547b488937b15a85c49e0f42e0ba7d78d62348335bc9e4dc1f04201e830166566e2e5fffa42321a137a4b6358570362d2ab9fb9bfdefae955ac9f19a98dcaf1448a478a365b727e2e45ff624623c55e0405cdb7716ea0557e4ce3353bd898cf1b04a44e235052707f1afffcaeac14147647794eac3e5c668359f06f10e757bbc48feb54e04bd2b9770f1ee11055827a331222e21fdef9a1df1ce793ef726c8ec126bbc03aaaad8796ead6b237d834d0bf26f0e9777f4ccaea7c84e4b18c3dbd9094f03938e041e681e15661c5574c8c2b823d1c34944219d5e29d2366956e6bc3572456442e9c2136f
1787460102.651382 fcc_derived_config RSSI spike: -44.0
  -> 255 9e571b0c53b76b3031b8c47b5c878f52e921bf9a9544b1ba6cdf2f996ee521f177ef8c556cb5728ecfb84c50e6aa950278e69b35083e5d28e64650b354e32900b883947f59d210ecaf3d8701854982f25a4be54c7dd22e49f95f0c00b65daace21365a40fa645b1b0227992e7af0f4f5fa1ddf804c3bbaf032b112a932c7f7d8177ac6097de70c26d1761d5a844455b6c933fd790e975f246f15215e616936d91ca6d9cca501f46b5f7c00bcb42195f0440e628b6be9eb3e1a6db63fce94d12245dde58cfb02ca7cd3b96f1fa4de72c319174311061420b45517265554fb27c6a4bdaa923879c9b114dfc872c0cb0480960c3ff4b9e00f139ad2a522c2e903
1787460102.651614 fcc_derived_config RSSI spike: -44.0
  -> 255 d05d4b034d54b4d0ae9d4c4dbd8a8ac779bd4e724f77210d323e094575dbcf644efa8e831a15d357a9894b44da0e210f43a782bacdccdfbc5c0e67bd6c43e6413ebe272baa7c620526c859d3f6fe36bdef77ee48454908004df58b794c1300de9dacb105ec832f644d49eee4693af20c7865bc9fc90747df3fcbb196cc3b86bf277f2de4076d355d6b1d384d2b10ace4e8295efbaacda442c530b09a4512d854fa7a719b871637d3a5d5d93b508f066b3a3c6fe7526acc5df6e588b9fb71b643d1fdb40047b3fa545ebcb2cc9baf74ed0cd15c91e5428bbac05899b57417866612706934d2517708554964698acde2cb041c1af1092a0b543e15d6cd5d1de4
1787460102.651911 fcc_derived_config RSSI spike: -44.0
  -> 255 9e39bb12550cdb667e8f2ad4c71f70623bc7121d2aeaa710669cb6a3e18254de141418a324f405f1b5a12726f4e8d1f49bca72d006eefc9c58ff0baeeff37fde42e029384053bcaeaac36c28623f7160b8097cf6f275998d8178e040d6ae8ab0d48f57b5f655866ab531db65a3bd3320d1626ca34cabf6024686f89ce084952406d8d0788c8453aef5bd3412b7ce0a370109f7e78d049f7435a14061c27497cd3b421befa2295820de27e6becce134971fe0ce9fa27dd44bf3b212d5d27d1e9551c8dcd028c7603b955b2030131769b1bc55e121dd07177907a70ef2143101e7a972ff12f8d219c07378a88242873fe07bd3a4202ca702917b19e59c4e51d7
1787460102.652179 fcc_derived_config RSSI spike: -44.0
  -> 255 b941d94bbc4a3a97fb6a7e714ddf94deb135a55b46c2e9758237827c564f1022d660a6420c78300a8602109c1d827d7d8e1490e3e92d778201d3768fa197441de9f1b141da11ce30a82eaece639cf4f20317b2210690721b2ce87da4b6c616740ee596e855b56f947aefb2451416d125eb1d4ceb7c39eb9f6082257a5cd96e14ea6ac425ad1f07b51b3964b5a11d931ed26ec37e78e26cf1105d4f6fe427ad2a14db5a1f412edeed3791306a7e2dca8bf5d924f854e328de7a43346df61935d1b92d0eb9fdf6c0b436c10aa2870ea154566bbc44b896d4d5c5eaf6569eeb4fce0c6bc27b6e51333a4d1451b06a333a9662cc0d6404f75af78853fe3106c34c
1787460102.652437 fcc_derived_config RSSI spike: -44.5
  -> 255 fa1eb2a846f0fb450d7fc67c2b89df4a1db1fe6f5bb03fac4f99cf09d5cd7e9e92b313faa51500407a17dddb09d5798ea1db285e7101ac5294ba17757df7eab9202323f865a431a2334d50cf38755b3a738b2eb90d2e102cee28a1e6b89f6ed2f69f6bd8dea2ed9331591f7e972a74deee5d37624340d38bba8daacaa8f1d51ff61ed4da6bb8b67d890b539357e360774b666e74939e824f9d919cc43445fd7c86225fec776cbfffa92e184bf45abab4cfbd2ef0099c5d43fb5b410a60bbc607187edab9b0af3b305afb05dc8203f5a02c4c7f94976f217bcf7d39973ac4647b7bbe117e8759bb74481a3c0123c106e958f44a6de1073cde5a4a9dc2fe2882
1787460102.65266 fcc_derived_config RSSI spike: -44.0
  -> 255 6807b587bf01a50d738b81771fd394a6d1b97506129727ff0b37605eb31eb1da478a9cd248d860cb36eb0323791adce533ab9170b7394afea2ff10ca6958e76734688a29fc12077c72b2ac93978ce7679175ed6f59db7ff5d5c4c73dd75dfc063b48a2209ce387bb635117cf98e8ab81d677b175f73168c2ddd71fa8e4a403431cb1fd6a91366b5366dbeeb9862fec200579e3d5755b8fad2d864787122480b90edbe0a1c7c1a4978bacf6ac7a6739feac7910b688626b12255b5241859fb5befc31d0ab9dc72cde0d6490da5ed12ca3dd92906712588dd4cda9733eae636304834f1c3db7793deecebd34ed605bb42724c45bfa711ba525fc81bcb9bab7b8
1787460102.6529012 fcc_derived_config RSSI spike: -44.0
  -> 255 959f6212c12720f09f6f2aba630e9ab2b8d8f8863f378cb5144b4b269bcb697f564d6d9fcc2c684d1f33afd9181812148386acc1e15ee216cd5ebbb6b8890508d290f0b14ebe568435b7929866f5fa88f5cd59049b2af44fefa8133f5e12c927df508992f5c01f0957d2b2f001f9cd8fa3ffb87d58149f7ca83bb6581ed965ec6334eb8ae96dbe74c1ec9c92627e25626c6569788ef9e5b767a785df6b815384344f864671afebfbd2d86ef463b97d006217b56356106e9a29ad00b156f1f26f42c3dd0434cf650343c2837f7d2be0bee5e715fefc9d7de629b0578b2bae0bbc69c0265b1c9d12f41836ae5693cc9ffdf3589b5a873fbcc7dde10605d79716
1787460102.653149 fcc_derived_config RSSI spike: -44.0
  -> 255 caf5d3879d632ac7a466d71987eb0fa3ad4dc6c8f104eecc1e69fad95ab8209a7ec7264a2306391144ccfb5bdd2c0e7fd4437ff7cba814326d7c634b1cc44bbc019b63609915373cb870b7ee876b9162c1514af565cc3744b46f56142602b57a95f4242df05c71b7e855b81aed3ff986e31aae8e22461102444fc9ea327f999b8fceb1809613e367c0ab380f30ed809f3be7c673c0324b12bfc00c85e2da5d5ee41771ce22fe25e2c25f56398668a63bfe35cf2f240435e3f5c1ad65f13cc92afa2cc05d755b9d290f47265eca710b61d41123f0c25b2f2e8ead4b83814d70f9b7140de22105126634b44b26936e2d05e9f030bad884a760cf4c94f8113bc8
1787460102.6534028 fcc_derived_config RSSI spike: -44.0
  -> 255 555cd085efd35e94cbbf87158f6a1acffc50e7a0f4dbf962c0443ba664c624ce6ccf173503ad17f9a0c2f771258663134bac328520d5083e243b6cde2d3cb782ddfea92271fb64ea277a0537109c5371986effbf1cd564e46a14570d58c2a9ab061b70261cd01fc764025ab4e2608ecfeef9bce96f2939fe43f3caaffd9dac8bd6fc3401a7d474947cd0c39fb29de073605461d571ed05e421cf2099a8bdf60f61fb51f88603d50ffca7e0d734d89ef060bc6417bb7d608435907fe9ffd49b9133e0f4711b392ee239d4a0b7093c2f469258770bffb8affa427ea5008b562398fca8f8594b25d9862de657f6902ee97ead7f4ca5353540cac4c9b87ebe688f
1787460102.653688 fcc_derived_config RSSI spike: -44.0
  -> 255 0237b42d8cc9a99dc5618b1cd108dd33658f9c886131c40dd85bd23aa5603b13633db8ad7889a3ec93579701ff77cdd8e891b9717d1a58a2ff750a53bffb607398c0b57014de3af8a4cf1d80006a687f0187387f9b51fef6036a7fef9a8094544ab4fc2b63bb9c24f118f8426892b6d0cfbfe96e31daf39fc221339c87440fc8b073a19e0f705ff608e99f0d01c0f66257825dbae08c17e4387bc37c9b7d74e17426e815f05832b82a27bb12bdf378f0a40c766eaf925d4afdde94f39d91a45e7a6689fa22946997c5e90df88616443bf309b6a3964bfbcbf81cb11440f132667ffee6445bfec151dceb5bbac8e6ed5b979895b92ee7dcad6a97c7811e2b64
1787460102.653926 fcc_derived_config RSSI spike: -44.0
  -> 255 857d512e9409291b3640ae7d30ed2b89ca7de415ecdc4b114d3f4f04d50e887dfcf982b30f29124164a597bc6f0a0ee11ce78ac908cbcfe03900fbdbbda26245dff97713646c4be1e1c0a7c38915cc01f776c368a0c3b953b7a979ef08970726cfc2f47e54335077f1ade3c1cb9c9a97201cb7a06a022eb1acf873096c590ae779c41c2ac9c77273e9f31cb9e111ea4fe96e7177148869cb9e76946cca2aa4530a171fd494a527567e395139260f5bf5f28c29acdfeb53bc23ed82bee7014e203bff2391700f26e4d40f081db98427e9abffcc243e2600f7873b92b2046def7c1601f7c0db604f3129aff716eb199581b7dc5ee7ac073c819c96abb3a3b77b
1787460102.654189 fcc_derived_config RSSI spike: -44.0
  -> 255 bcf91dcaf593dcd28df62f90596f03a544974ae5aca1ff7c94f7e2b4ff1a2303816458f7a3e332afe1b4fa327c34a64befd341371773deb3f17d9b5cb9bfda54e1f281e51eed68536d3cb4d059c0e7ff9c1cdf364860497e2a5bb9d68e7bda25aa197a46b2cb5abec9df4dfa445ae7ba33ce421142f373c83eb421aeb893cb06e65f65d204cef0cd7df623f25d256e968e221bc1f311712581fe2d67bbf5ad05a3fb7009fc526e92c5f4b8f319556b640b7863e20964b25c7aa2c54466063821ecce453c048b54c1c9f150c7bdf960159a697c88a7fc03102e07f4f47e4c42ef176446a4f0b3a3af787ea4ad434288bc7f9d6a39fb180343c2432b7f0b7f95
1787460102.654484 fcc_derived_config RSSI spike: -44.0
  -> 255 ff98eaf577a7af70680bc15462d51a760049a219f785ac653d6a34de0320f21b31070b7213f76ddc6f0f27175d418f12427e99c740b2d66365e2f2e8269d7185c3410e802ad53fc40cf4166fc48bad4221372730ab8a999070cd6a3f13a3909a631882786cf1f8523877ff21d5fdee7b10e7f438d39cd7c39afaf03cbe3a2916f2bdd1a58d9a3d54e2d33dacbead35e62be5d5db5b2d157312d2551dbadcbfc9e67987780d95891fedda2dcde0f3bebd4f16226cbf828aee7c3100df4b183d112c305f3d35c14e0ede96cdbf2876d3df7d771df194b18cbe5ce6e471132ee788ac741cf050c71ac99c5ee15a9739378bdbecba19b353a8ddbcd0724920cdd5
1787460102.654774 fcc_derived_config RSSI spike: -44.0
  -> 255 ca45491337333fe96874830de8031e1b4915e585e3d45d34df609bcaff66169078be8148c58ed35c7f759a2d9a45c8c97bc67a568c16c61227d4b560b7ce07000ccdc9dcc8d009d78054062ba5c3aca2f7acecc5185d6176acfe227c71ccfc5f8ee7088bb13ad89edc6c6f0b77bab0879e1de12f3e3740b8244fef4f690e3549a570caa24856f970c801b51692bfeb12884340306caaf1b9c2db4f69fa002918b8a99c2be5d474ccd066ebda150879e59f087459d9592a363fe003b5a618f3f871707050401fc9855c71c3b0467f485731a4cfd277b71b804b7ea98388c29f6648a76a2a9ccc30cda450ac636f3d497fe83b11c1f73f8069a0bd03fc5bf059
1787460102.655036 fcc_derived_config RSSI spike: -44.0
  -> 255 59431e3738e5aa8f24688a7fa87c6241fc4e709bb6039d20d3db890003bc0bd6e4ca336e1aa00812723c21045f675832477c0d4041797c560cf5e8450fe0553ddd9838cdc4e3b8229cf6bd9fd6179a793a173c6bc6e4c8ce2bfb9e6b17a7d3be139a801ec5356e510c202d60c2cdff179ad43186387cffc2b50c0a95226ef7c0f5458db9a8b6ef867e07466f4a96df46e450ec5c6c0ecf09d38c8c20daec2681b7ca8f7230d862b2e2f9b6a9e7ca55775319823c43774df35e756fa7b2763918d5dcffca71633cd07abe3a9786573fed600a4dbb614c085c3239f92c2d33ff7d679dee1c6a453368eaa6db6c8618165fe1bdca17bae362528dc4c66577318a
1787460102.655295 fcc_derived_config RSSI spike: -44.0
  -> 255 074d31f27ff8bdf5f02b7ad810371d424ecc3d86130aca070b5b0abc95ff854f2f055330a00b5098d1d4db1ff29db0cc3adf16e10f7c7a9bbea16bdfe0b6ceb7a311429e91c541d44c35979cce009a8078f121f9c1b861c6415dd90d4c7a45076efaad2138bf03495f3ccf593d830a992a76eee4cd95212a0610a2800f9da32e27ca1f66fbb37fd268a5d8330260ef51d6c7e1140214232ea3172a159f967f809d87f393ed4b365f71304c913c779126c6aa194ca93725c6a1aa738eaa2ff00bcb4efcb72f3446289e7269227c1fd50f30b1383785616609a8ce3e1e8a4299539da86c7b63b10e433986465a96d931f33e6aca0498f1107bb060f689491b0a
1787460102.655564 fcc_derived_config RSSI spike: -44.0
  -> 255 af1e1c65d692ed6da78c5b2debfa26031ac2bb4116a4335598348b10960ab94990cc1f0724b43af981a8dcb5d2309f4a797c4296eea4a13b5c061767b87013393045dc3d7e17a5cd1e2344ca8b056940446f4d0eae4d16d382d5b4570f0054ba2fc5673b892c1c529517d1761cb3bc51330221f6b2c3eb8bd6f5c482a28a05202b593922af09bc15c7609fd5bbb6eb07d8e8b981c3fadfcd4f9d1be4caddd7ebf567ef36390dd78530aac59ac90a2a7c4b9aec681d829b14d07c906abc7fa6cd1f1544add84b2cf3d6e946aaaa77a2f5f456112404d2dbbe3bb3544aff32a55528491242a2a6abc2531b0714fc9bce32bb918a08d58147a9f9b97c22c7bff8
1787460102.655775 fcc_derived_config RSSI spike: -71.5
  -> 255 96d8c0563c82827b7892991f8dd2150637149396b7fb4aa3cb9e2e912f50c601e4113d6634d626014784d169ef4cc98af5d53493b77f7dc7aaef1c433c0c2d3dd43e0af5a841947d2571e56912306cad202f39edba8a9cf6fad47f14baab9a193bb60f703bd875d7393e25e238cea50b974edc45c2903becaa8f910c2565c576c882f458824cc2af7556f3c725591bf91e832f02ec0d82dee5b9708f1808e3e49f051564604c40674e1d1b4c4470f33f7d1c27a215c0d021ff0d95d27266f28be00b6998f0eee633e053a46cd281e1316bd6e9f7e7dbfdb156579267f268eeb1c19346832da043b068d8a022404ae7e46e16fa83a24c021c79664a3f1f8865
1787460102.65777 fcc_derived_config RSSI spike: -44.5
  -> 255 2aa32aeac1379dc5e6d7ed237ddb1f2cc2460e7831b7a731006e9bbe879a6a3679224c55a1f0472efdb7aec2f2131cd4f656c0fbfd180fa7708c019ff0a0a4c0a0de1e984aadd127d2e03469006bd8046cca7ee9d0c6a33985c883b285b4682dcf17961a6eda62abd2b1fdb9ebfd0d88f8e2ece44776adcf2571395ff9bbd9b754a513ebc6dd2efe06e1fa6f521ca6ff0277688d02dade0ec4beab6a55636a834c325394a68386990a9c2691733ff9ad48d51bdc7c86955b40c2c8e0d98061bf6c2b29bb340d108ad35e3b9caad5e596d90438b7e0d5a7d99de215fe436bf8027db0d891329f670adf7f444405cdeed1a29d8d5026e2840e80beba2b86c68f
1787460102.658035 fcc_derived_config RSSI spike: -44.0
  -> 255 f927c18d999c7223fc3e11a45578dd64af764283489760839f05d08352f5878365509eb6f715fd50c90c05c75197c9fa907a9edec2a0bd3bd600eda012c370b6faee28afb290a70e2dd09b5443f9fa8510c98b118f663da2d3ed039a822faed4fcc2b477ef9b18af80052b6c7a89e87752c2b36650f477f9cd3c33118e7f79591ed10ddf8a076f1eb57fa4d5a134808cf2cb08845814feabe6498856ce1d372f31a677958855f4b2d738d1a43fb7a61823282e985b43bf029500ff10c7f6d85d6c4ec6d94a5d77c439043e6db3425ebb8849f19ce967e19dd5615d8a053df69c68b048da67e442a0afb56943faeb800f636ae62e064981038f2854a205d790
1787460102.658299 fcc_derived_config RSSI spike: -44.0
  -> 255 56cb9585f8eb29f4e39bb54f0b9d0086154750fa2c016484e2e58fa3e90ae82045e98d5d5249aa19d4c7a80675ddbdf83ddc169ef148982c60f576a91cebe3fbba40f99caafcfc04636be567b4909db0f427410696d4bcbc5257f78e9f08b6922eb4e47f69eceff2f46470126d40d94e1b89e36dc417ed9ae6b2a50a749cab1483e55a0153cb1994dd81db8e8c2534c19e2fb4c7c20d38f7b8028cf5834939e50f77cfdaf4f78a4e6966c2ba281cf8d1dcd8aef2190742fcfb236ab93d3a2b695e063f037438c7d84ead54a60f106930cad566747607fdc5bb5de70f10169ace02ffb70b9d0c29def415cf2e6cd8ad9624b2c172a66befbf032b91f1f6edb4
1787460102.658536 fcc_derived_config RSSI spike: -44.0
  -> 255 59b4ad5199eea84545a2fb5f7252a819367c4904500d8929f4cabc8150cc131965a4e094df3381e87d248b14ee7fbec229b4d6a86ebb9e81902764c7f90addecfcadbcfce9dc244728208186a1cbc390e663568632abb03b80ffa3ffe041078a3e2e1b1df121bb5b294a7883b9ee1c0ce3490dff73d2207326713022c1f436ce813aaf36d86e143b86f64aa7012bc4df8fe23c8d6efa4bbdb86ecb9ff4785c20a2442ad7336fc4f5a077310e3ad27af4d1dcd73b28e48e0418424048e840612175f6c4abc4c3c689f64f918bb83d9f7e8fdff3b954287cb6f10d66e154fbb33d71afb96a2a24801f2f1779c3f5863acc07a4fda1d1dc032cc67089a25d21a8
1787460102.658767 fcc_derived_config RSSI spike: -43.5
  -> 255 0aa68b6d919209a701799084e0a91b877d7989d16fefd0f5424c4fa2d8994bab35c6890de5753be5e71a09e316e5e4e69f4e670758cce9d1c2bbe99755a02b8883997dc5ca6c78489a2bceb9eb4fc757e1b255817ed90732d21d9fe9580626ff6563990fa7ad3af1d650a2b955e9b846c87b7b2a9ee61c7fd31d711ff27a0aaae9e021e30c64fc2b1e7cff5633f6811f4d8f34d01f8f57760e32976b6a49a55b1644679daa719c7ac576a1cd20a20b21096f806faa581640533a22302918d74ccaaffb7b9228283b365d216829fa45ebb7ea12a0578b0d9684ab1a576712acf1031cd626c153cf768ded4de3174863c8b950bbf3198172467fdb2a7b75c949
1787460102.65903 fcc_derived_config RSSI spike: -44.0
  -> 255 8502c50af244ccf5e3563846c9966a8cd5014d317fcbaf348bf51bdefecb4de63860d26161d2d029b18f68b726b570f5151a587b536f4a764242a0f7c9899eb13683dedd82fb637c3c3ce985fae7f153084c9468b55f574eeb48364e7a329b79585f4a5c00f3566b85fcc0046629372de5435148a1a2ec6a182d30d00aa884c2a5ce65e1b020f2b824b2436193b680340d785cee52fa3d9f780f010a993bb0c97e91685592b9288bb31589fb906db83afb80b59b8971474e609d3d6072a7d5a9bf52c2684b13a3c6116780b4b10405a6e269dae31fc413cda440231bc592659ea1e38897791dbf25e016d1568ccdcf480187ddb1e58dc057459e7ab8511587
1787460102.6592681 fcc_derived_config RSSI spike: -44.0
  -> 255 3f1038d95bad5162bcb405069aab2a6dbfa05f53346cab2d013e8bdadbd9953b68f70f135b44115425742b685a0ac272a6fb5f4fcd492a9d81da247277ced3cdde08c605e47b9b9d4a270ee0a93faec157cf4eb1f0680763d4492020c78eb729cd915a98aa53a26384f1f2a152319720ef311cc53f39aa0a6ac2dd15586431e427e9805d714e86469bf2dad39acbf0f1169fe6e4b3ae61289af708ac0144c780c26880db60d129325200d48d81a1ecb2c70b5eb26718f553b4614b50e4db6d4e36b684a5cd079ded616110f0d5f6ddd825093754adceb5006edb15a38807f2575964dd73853a14652ededf85f73ccb0348d419b0a3f8a9b6e87caf6b75e330
1787460102.659555 fcc_derived_config RSSI spike: -44.0
  -> 255 76bd18d5feabe386ad6426e0fff867443628de7b5da2f16b7d7b8904a645ba9776912d6afeccf46e2a27e58fbf215fe7067ef8deb4bccb32aa3f38c56014577195f997a5a26745d57ad1bcab21b136db47a893932880a9a36eaca49a2255576333a806565805e264010e63f0e793540e0096ac64a1e9f413fb6b3abe49dc7712a5cd60e797d4322d08fb1813d560275a8ebf3c953b45b7a284f15078f56178d8c9d0b486d7043a80a5a918e1eb3894c24561bd38ada77b4cea7572b45c866770ca7b08f83e99bc3029aeb8278e56a7d33a4fddc5956b4fcf6d8f9f6b2a211f26ac51e108fd9f25c01620f1dd589ddacf4f861049b9e60ebda8c0d84ebfa546
1787460102.6598022 fcc_derived_config RSSI spike: -44.0
  -> 255 5318ccd9b1f01c0e479d6a0b2e6669099206ffbaed03b796e902ddd84a1dc7ba9c1cd787e3356e5a530e8f2d8adfa97628eab383dad8cdf7b5e48bd7ae87c697bcf7b93edc0036dcf92b5729f5e0a4584e6b7c61e1f98129f599aec3d820cad168be4da6bc8689cdc35a051937f9f1b905222b5f60e1c47279d4b39546bf52843d1a9e26f72e44e22051de622a2f330cf4b2b5477d76aab4dd24013fd1f61ccd56a25716a541a6a91ee76192b600e6ba186ca1ef4b9c0bee729872d05804358be27a6694f1efbf13f6a7b18c87f5b931598e4ad1084a36a2199c9498932d1d8cacdca33ea5ed7a3ba30f82ad414662820c5eb64b7f7a8dbd70b70f9b89fe8a
1787460102.660034 fcc_derived_config RSSI spike: -44.0
  -> 255 b32e0cfc12f8a08b6f1f86ee3322d4a183ecd46af94b29d59d83e7965525ed809e4d03fb932a8db4caab74104e0ad2bdec342fc44e6edf5e8863a575eb148c8054a063f62940f581a889de7383abc02486fd6699844edc5b8546315ab00abe44780d3205ef6a1c0c1ac764203126c6e0d306f174f95836eaba55a593f1101c9532d641fbf5da12ef2df6af2982031f422db1adec2e62520cdd6cbd31ad0e9ca11476d6a37dc70e4d158e0ea67b016beb987bff5e62a69034134a1d57d256e4a748e670327cf27fe8a23806145a5684ee73cb39110217fc9f16f859772a94872970b1d4f7a00bd4faaf040bde4dbfd06d79392972526ab244f96600778f646a
1787460102.660269 fcc_derived_config RSSI spike: -44.0
  -> 255 11a2b712a5fac9b47e6ef07a2fc58f98547650c8b53678c91fae47bbfcd262ce39c602e919454ae5e88908bf9793df7f1743ec8606cb3084b478fda4b82aa9d78c2bc07609935e162a38f135d289c30e698ef94e16180567611ad6be90a3fd7ecbb190872576e35a5256daba3441a23989462679128786bb5a9b941fad59535dd5dab13ec61037a0f11d19677fc49c283fdf71387e4c3c44441ef9b0a0453af94ec728293a131ee8caa0856b10383d69ae81101dbf3ce4552fce136ec483ad4d546baf82aa6761ee66b7c71358794d8bc536d6598f15e57cb252493431cd53c6889b1b9c7ebcea245b070e67df8ad92d95a3e0e27907f63379a00ec3bc884b
1787460102.66051 fcc_derived_config RSSI spike: -44.0
  -> 255 3cb24e8401849cd55186b866243aea3c6f24f162904af558b6514d98ab56d8c71a0892ddbd525751d6f688c998a487c639618f5a2f1bc08b5a34367ecbd2a4a6af455be03e1826f9c87f65f976d4b2f9de2ca9bed977bddff9edc9807ffe960cc8eba729b830884bd9019b28e50d27c4287be233a627910357001a7133c82ff34fca3298aeadaa48321ec44a4260c2597094cde071a5eba04d36a2bf7dff010ce8ff5fc444facc665353881614c8fed87ccb956fd2f1d0ea2c016a08406f1b93759995c33a199128795bd9dc1caecaa037104e4db8a8cc9619f549c6604126642501da6a8f56ff4f980abacb6d3f57b79932b5fe7664ef66708c0fbe240ecf
1787460102.660766 fcc_derived_config RSSI spike: -44.0
  -> 255 e30b625d22eeccb39a85aafbf26e1ce595cc10f75c2007979ce4c9762f4384a7d74ac1503168575a2043e6fb8ccf60e1ef2338b8b25df669a14a0e01c21ce0246852aed81de2909135617363d9261bb2d815cf684c95e62b6cd47fa1411b443da4165ba38075b4c4b9e415ea0744cc68e78c7cc622e32027aea93a060ea0d98d203ea89b72fe1450202e4cc2f9d0341cf905fde630d6053e82e8b1523035a8b803669c843b45e6714b01ee67eb46b0fbc08c0539b05d1bc1cde0c9533c3c5ea17aedac6efed9f2312acc850a4f316bfe768d9e7a4b250103f8de860975a7e8339d27932d6b5e34ec48ccf5d2f722e8d9c696204f88c3f68814dd0953fdc9b0
1787460102.6610198 fcc_derived_config RSSI spike: -44.0
  -> 255 a29eb7c6bad4cbdc58452b940c17eef4c5630f0a9166fb2e8a49c434074152cf6cd0c729d49e90fb793109651795a276c5442bdbeb51b0898a21ca3d19efa0c540f6b477368d9374313f57305f1830a0a2d2c6568e286c7e246cfe3d3d85721d5dd6ca30dd6f2466010422970694657644fe8e0e570dccd3b002ac4160a1c86d4c6c17e8922aee85b56e1a7dd44b8925e42d402d898fdba6f04e8ba02897493d925385b9af23a1bc792a938bd4eca795caf574a0e0bbb7c5566d1b6fbccc248b06ff9c35ad84ed4ae53b11cf71c96f897b36049c773b381473199e35e3b1ae18dd227cfce615b459a443e2d828263b6adbc9e6e0ae87ae6db98f3a4f836f1b
1787460102.6612868 fcc_derived_config RSSI spike: -44.0
  -> 255 fccf53c57e0320822f4ff603eae5a76ca1b83b0ee18214d775a7875c42268ac28b69c7fdcb019f6187eba1d8b896f458181853d9c1acfe7cd9a22b55158068f6d4dab6936c73e125048d4c9104fcc5cc1d08e07eab955d7efeffbe68c8ea164577d5bc4dfc4b75ea615efe2eb5ffcc8c0315d18b37369302a31813fb7f5537d92f3b85fa4daeaf6f8e12af909d8c25e6f5c2677031a7aa21d460241ca022f34e2c104a59f2ef3eea0cafafdd7fae2410d3392ed19c960c7427e6141ab2783956b434d47e4072400771aad8af66e8ad1c77d3da84b7522ec3a6b7009ffaf28965d1d862d61e44da12e0b4dd83281dc0b91e0baf7d62c0bf1d32653e13307397
1787460102.661539 fcc_derived_config RSSI spike: -44.0
  -> 255 e330acf948b41f326f92187b2dcc1460f9e65a746bc27a55d543b789c2498325761b1333391fdc7b835d3cdbac520ed17637770e96d171cedefa04abeb679bfb46354e8fb2975e5ef9c5bdf22e2b7fa5c94b6d2abae91b6d60eeb13134e7c2bd6697fae2f184513a8f6eb88ad157cd37c9f7c9213f422eb3327282d7e88b11c5eb06c10b34fb69ee80ef572cea6ff0d2abfea94923350979c62231658b9cd35b9d629d0ca2a6f576aa68e543d9c9a9b1c1f121c8cdf07fee3ab6367494345e22ceec261df40c455015e157a952878fae6872e21a3c61d9daea5fd366e35a63a648efe1ca102523dbf3e6c751d229e6d71b7aa22fbc6c209277fc4cb788a76c
1787460102.661771 fcc_derived_config RSSI spike: -44.0
  -> 255 93a5924a373fee531463469a23fd0e58a924204a748d8387d0360348d1078d5bf599060007687aa7e50105f006e27861ce10f7a12bae5b5606a6eed924e99fde9e2be9c896be8733373fff1717ba50818f1320ef74666affeb855cc88bed4e5bf4a2425596cdae73edf28bd0ddf1930c7bec62b8a718d7962f6c968e27c65bee3c67f5b03fd40d88e760337b36b95f4a81823b591fc880206edeb55829a331c6380651a71306d9aa84e8399d2b06c85b087a3b2e30444e14d5cb035a39aa6e085929e63a49e3a2f5eb2c34174a4028a61faf3d89589492eae362c79518a11d01a2569aa538788ce72d93751f79ff5634e92fdec6acb42f89a4dd0351494a62
1787460102.662055 fcc_derived_config RSSI spike: -44.0
  -> 255 acf4c788190d567720703059f354de611c494ec53caf4d00062873c4b4d1eb490d3c3416d79af680379fcf589602a4d7a008b899666076e94e21dd83372f8adec77aaa07e5dbb134f49466c9a5c3341a379d98d5adbf0659bdbaf05ef8634247a11bb7fa576615836a77f419e05f3f35eb720b76fda627e73f651e30d1ee9beea8d7e19e5d5ab7353b311c0bbd87c274cecffad8065f27ee79242b31c0098c079ba4e7d1bc66346bbea2126e8adb8ce46fc64bf6887bbbf6d000260f8fdcdca3551ea6a643482007429698289fed74c74023dee43487f68fe689247da2e2030a8049da16fe65a57bbeb5df332fa8ab2b12010164f5ac5673715fd8cb8ba1cc
1787460102.6622798 fcc_derived_config RSSI spike: -44.0
  -> 255 7f353f970aad17d19880db990c16133954dfa98fa825a4a8b7d195cd4d13d43d7fbe435d7227e15297d28ae0fb85f5f8b0b160daec1ba8e0b8d79b910a7e24cfe255b4015125e9fd03971b70c0548409105d42a3663b0121b857a4fadfd792b03dfbe30032ff64a67e6743691c9808668946205b568fec24c48a64e7724ddd0e97635e81e7c482159575ad019e80e7abfb31938d1dcbc741d9f202a7539a02aa292fcfe15ab56be3316b05beb528909d72c78650666368946779fb28a01f90b9a96531c42fa041a5802be7b2afb8ca6b294d6c80ae7a0d73310bb617deb5eb720edd6eb677c9f7c217f237c0880db53fd8254dc7b0b514fb48358d4613f323
1787460102.662507 fcc_derived_config RSSI spike: -44.0
  -> 255 0620f0717ea2bf624350bff9eb0a86e5ee4fc1059f1d7cdc1ba239e74a2553fbcdd175e4f489d245b507d679411a4908390a98a6643d93c21c71db873ee79b6e206ba4c02f5ef154d052c291da32a9cce4603b4e5bbb1bd461d375bface198a12bc0740c3fc2f20e660b8d4fe9f2ff99a228267acb09ffae2995f1fe0c78293ebc804d846e919e806186d703657e0c98d53fa264b9466bc56176671e5ba7ac8ab1f272911676f11f69cc841b6d0befb4fc093015fd794ffd3f792cf9ab17aee536ae2f3a430f98c0825ed419ab54e2defdfb0c330caba452ae6d6742d5d2fc97d4212c3b41c2268b5a49de0d2e0e697f9f1b9bb2bc909aa6ddfdeb4aa59f59
1787460102.6627572 fcc_derived_config RSSI spike: -44.5
  -> 255 5cf391860e60395f9f39b3f4ccc2b7d5fcc1b1772f1b2d958372bc5c660347aa73e49c79ecc00e00a5c0f54426f4705e2b64b8827da515de2d6a9a309d88e3e931ceca354c740da7c215263fbd0166da3559e5c320b79b55401b5587fad8ae7f7f51ca485487d79b8fbaba481dc69f06fecc5350812b86168ebdf5712f36123e53c63ee94fae29d8d7a8aafc1c57c6e3e6657fc9d9544c986fbed31573941dee6dc1b6a2d876f31346c50ce1a38b65e4bde11cdebc77c283d5138cf9abbefca1139e305f7b5f453f05e5c9dbaa67e12984e990d31f57d77ee757ef71f0dbe6dece9f96e4e002dd3421d48e950afd4ac3f3b2599e0917fe65d47e2aea608910
1787460102.6630342 fcc_derived_config RSSI spike: -44.0
  -> 255 3aef64639a621acf79735cf4db7d05f68ef145521ed1a9c2f4d234f4eec68d0bf56f82e4219c34026759463dfcbc13037da49587396f7dcb4a399066d951701b6001feaf6f557e86e02a04d94d4f1d52102aa3a8985e4564951297ca3f441730fe9ebd7399e1c1f5d837a2ba9a5cd32dbe9ef4ff64d283068ad7ff97570469cf6ee26ac3a287de1561d282769d9acf854e56e1208e01b5ce60d2b9058db54c839cf5fc7f7444b7a2325cf2390991d99965386e0efb58f840bed17180007949fc9e169abf04ccbd281f33c1e490609885571263ba2fbe995dae1f31b56fc84fe2713e0560f439c0462fde800902d305f6dee3347a3e8ebd259912cbe856f8c2
1787460102.663292 fcc_derived_config RSSI spike: -44.0
  -> 255 5a45fe60f4bf265d4d665b91e78a498879a2dfb3f98eba62c455377606bb6dec2c9bcb5b4315498de64cdc3e96d1766f643d247d125049a195e71ecc5a698e3eb70c39473d2b16dd21635c82a90f2d3971f9fb4c35e287c0f0f2d9b09435ed5db430c8c6eeed6c39f65347ad5e09bcc1b9c25396456fb1775358f4f13f957fdc3829d2000e8390ca7d2385da8096a6f15e4de0ed67449a0d7fe0e89d3844a2cff6c1949942c0d464f411681b95b16d2bfe7c5fc0d58ddb6ef3395d098f108f11ed821272b807b6c6fdcf5976006ee9a205de9a957fe79a84b07b5ab88459431989c070e061a22bd3169946d5dd6a7915185406cc31b40c018b01ac35d6366f
1787460102.663538 fcc_derived_config RSSI spike: -44.0
  -> 255 98cf680bd3dc4a11d6ab4273819ac300485ace9cf92cb4517793bccead384827748a326715c86bed15e7f2febe325d3292493083995434e6b21ae0270ec60c01b717eff459d9910ecd6ed456ad38264eb51bb9b77247a77f7cc37dae820346692f5df7af655f46f193f8f1f6be5882fd3941e779bb11f6dafccf01a59b9ee5e3a9f8f32280c5567c2f6e4367ca65bd31ef9bed3c221b1ba9551703ccb2c095c3591c6dddc275edd86ac6f09d4dff17df0ac5854ecccfd78a51a8f29058f7a20c1eb6490649b1f6a8c12cedc8e0a1cb82daf416f74dd2448d595fa963ac98af310ff34c8310ee660fd87b0bc1d7c52d22b29ed4eb25e418c06ff52a3bf7bda5
1787460102.663778 fcc_derived_config RSSI spike: -44.0
  -> 255 d355b6057afe6db99550b3a6ddc57b191075789305cfd5d41cc7bb5f0ac4cebfb7a4e76876e7cbc54e33cf2aa2d670269ccf3dc537fb2889a10c94105548aee97d39a63bf35b9867cecee2bf69a5579482d2de69acfc11420bbf12c053de8a8defe1f758698e6a1401e984a009b255c3a0024d83a850197c16abbe95f9901570056ce1813d509fce77b1c5714411968ffd131f9f161835371196b1dbe306526f1fb40d4387f057348d9517cb06b9fc280f3cd459e958eeaee05870ac708fd864b614eda67b89a35c68b2f179cd1cdf73a9126a54afe0aa94c63a23432b5fd28e3ebc36311d8f6ff97c5d0699da697bac263c32be53f199fbf348574d1164cb
1787460102.664014 fcc_derived_config RSSI spike: -44.5
  -> 255 bc7a387f50641f12447fc2f2f1ca20b3078a13dd98fa3a1f0c1e798d3baf494d7aa00c3126ca43a1d7f011064e16a8b237e6708367882778a31886433bc72cbdac0bd4e4cab3d020830f68257ad132d8f00db6c845ec3df5ca895b906a694b2d2641ce548640f03d5925066cb5883f90b9adc5882f6a974c338eebe6354a8923e381af341c0bd6b326c7cbf153e802a2b9f4417ac55cea0d122a2fae67ad1902c3faf520973164f94d1b623dedfd134ff2d0080f089827534b9767e74fcbf9f0bfd6cb3cb90ad352691e1cc85862e65472a14ff0d566244740b15fd9181748b546eaef3391ccf772c3be74376584021909e5287ad329f1c2df71f784ea076f
1787460102.664295 fcc_derived_config RSSI spike: -44.0
  -> 255 b89e15794b93d7a15b2949f146be7047267c28ab370117e7035064e103743d9605c6431176f0b8f72fea5ed6b41822fc22ce6f5f9d86b8432ea689b41d98fe0f39f8b71d0f9df8638afaf754f7134660e2eae717526336e21e6611a7f5c4756c160cfb691db04a1fbb0335c37604943932b1668b162dbd900bb45ac81bff624b6e6f0ef381df5f514a3da64324e3aa266537e8cb45630796d357c81a3fde28b5476840d522d681920129b8147837095c6f30deeb744ca6699fbfdc0aa354d8aea994e7ab95661ecf5ec2f9993963461e06ac87ff0ad18dd53f7e41d7781f55a4d6c89db02ab73b3ac9a126dbfb1e284ba9094ca8803a56285197f26ea05c4d
1787460102.726485 fcc_derived_config RSSI spike: -44.0
  -> 255 a6f2c99d2330c437d8049315f7da60a4dbf5661ccdb309d064f1051198bc5a2b83cde5cfa87cc7807054ff95fea60ee25369856ea4fafeb6421677b51ce4603f5c4c372b4aece8dbb2a714e4b6684893c99accf858f3152f07ae0cc83ea3c727902b4ca01ebe76798015419efa3ded96fe70ada57a645920fb4991666058a76bd289d27645df76cb4a2d1bb2c9d4a8128259a5318c709c49eb5995db20f4d719efc12a6ebbcd94956cde8ab5aad013882a74bbd86ee65c6c81367ab33bd0b9a5d79e49f00f60303a2dfc7442cff878b5bbcc2749cb50dab15c3c0f38d2542eb692913dd92e4d481305f641232fedc7c9d492d048f342960f60d35e97bbf192
1787460102.72675 fcc_derived_config RSSI spike: -44.0
  -> 255 2e24fc4f2b180e0a70611772953bb8b5aee4ee2111efb8992b80e33b3714a8406b1d9c47ee791d51b42d20b0902aee3471467d20a195cdf81ee90b7a8cf9851b2e827c4246338733ef338ac45145fe14fb818dc6ee7e11849e93762e92210d0853543fb561af0b4beed207158d572856e5183e061c51e466e2fb47a7ed4f892945b4e5f81fedddaab8d2f8373c226b3ec0d6bc6943dad3d32f0a5cd54665cd807c013125473550ece9f55bf6189e34b5c0e71d952d6775a830bbacffc6129fd4ddecdf6858436c0e43a573b5eb7504f3349af90ed63880c038072d2d40def45ac4693518c9a04c5d488848d9773f468847ac89a71a70f530376cc910a94f53
1787460102.7270021 fcc_derived_config RSSI spike: -44.0
  -> 255 8c3a4324bb4c0e25ac6fec5d12c6fb6639af56957b53ec3a51cddb374652d2deedfb0c89ded0061f10f556564fad2ca304dde05eb4204ca4f08ed4352dc261b717244081797ebfe39a78ca6024b3ab3bbdd197c8da1e1d93693bec2a45d4e3879a78a86a1eb07235a9cbc4f6c90f5da164abbca6b5bc3a8cc6ed43c04cb468c78fbb5d18245696b3c4c8742c57cf03dc23eb3011a6fb9893de3abe2f4e23316d4f6e5562bc0dd7f5253beef9c49d2b897b1b7636783dbaf38029d5d8b3018bbfadc8c7e160680d1dbd7146f5f813b01f861f8f9b554587199f5e81558c55cb073d549b015f0e89b2dddc4b8d674bbd7c1fe277cbceaef995ac657c931d3316
1787460102.727241 fcc_derived_config RSSI spike: -44.0
  -> 255 7c019e51cb889f7ef366f7ee7e39a575fb52a411d627f7fd19c43b11d55a3d5a671ba2572391aa55449faff0569aa05faf4c71ffe03ca770c4f8f9149ac98e49596e2c6fde864c3cbecd6622b1efdd052d9ade8cf742d4d3680f482f941d0cb5b0087597412dcb24dbf2d281e86804f7aad232abc7da691c49b77cc2b0ef58bfc9034c83a6217b427e1d9cf6f46f57c1b0cf389a033a182f35a5ba4e01068663833d58c056c723e0c65dde7ab19b2384c3b3010fd5e003fd8b935fb8ad29d0822f952e04500b7c4bbbd74e8bcbb37b671bf93cfdab4c7b1ea9e5f536d627eefda4233802f310eaf66a74573433b9a74d14a3d6971cc292e3d7e05f486c45f2
1787460102.727459 fcc_derived_config RSSI spike: -44.0
  -> 255 e1535c5e601d4661bfe67de7d38d41ce2b25416f552e508766e08de1ef501563b4f6ee0932a778bbd825e022a3736fffc9539a34d8b883f0164e2284d2c3ea4ce14d16675d5c7529ad29f08a02a2fd92b341600b4bcaac69ffb1d9bc88cde3809c6f711ed4d66bae6aedf4be7f8492dda0020d9863dda36214f40f1ce6a74a4e3e81a2caf82eadf78663d3b68613b7139bc81af4d1f12965f3d857db68bd5dea736d16f4cfee558cc98cd7c4c7f9fd12f5eb55716c4872920d5c273b68bbb875737c9f3010780fa7ea1ac2564bace16377a337c66d075efcd45f22f2079d228f16cffce97cdb4cad886f1ce2e330a31454b2ab2510cf2f4f548dfbdd84ec83
1787460102.727689 fcc_derived_config RSSI spike: -44.5
  -> 255 880533afa82016fdb383690b8f808582cdea8a348982c60f611a9eb5edb22386c47e7059c4bf39c43c56b2842fb08200d59acfa9c9fc45c237ff730a7dadcf6382c74db47e7a3f21abd6c214c03909aa8c25d227755825bbbe3499862a7920b426baf6db1ca5af49200904b1987fe409c6ed63e9b9562b1a9e4ae13dc83ebd2d3ac44c45be07fe86f3b4482abee27ac090d0b901b5394b23cb953f0f87fa597e69e8d66319adceb3e30b30c7186ddb264c310d758a85ac4cf19f71933b3a85a5e180643c7fa2a3a202c5fbbd5dde021d57046596435c802258970c32dfa95b33557b50b319274a84c6489580b636b07794f6a14145f185a4213c403c78ffd7
1787460102.727925 fcc_derived_config RSSI spike: -44.0
  -> 255 a110fad75daa23710dec6a904fc03d148cf7746ad31dd8948e4c1fa8c2a6f1e77cca6222b81ac9933e197c11064ba9e4d126952240743cd11898d0c4b10c228b39d7dab7c746155fb3418f4ef4ec0caa8355705ac167e158af291bd9da27c4d0eafa6bd278b844136f68b0aca01f42d973420a15de50ca8b3d15bfa1833640e678717f318765de47d8a0ac91b9b3335a25c173d7489e6e6500d7ff681cae82846740c7708763df0966a7ebf4069e124846eba2f2a7fa60f7afefad527a89c4a04808a37d9c3772ca407b141fb3057287645255bd9b36b6a0378a567239d7fe3131b2825d4fe7e817509883b64b2837de09ba99ad0ec23d5974cc2d5f541276
1787460102.728194 fcc_derived_config RSSI spike: -44.0
  -> 255 ba1d86fe2dc631fd5a3ce147db0aceba93dd6921545e58c901d736196d9348c412fbf780e6033e5caa7cae3bf7c74a1b4ff5a6ca5df83a05736ded2eca729d91a4472e7ff595c63dec85cd2bbf353486f274980ffb0037cf8fc056c2a022d673a5acaa2b58860c1caa4cdcbd554cf0e8d677e4c5951a20d378d0d82cb967985bf8988de2815ba52e064a1b2d3bfde857c5c9a2e7963bad52a40caa8d2d7f3e1c369d779063b18c27ff610cfe415ab3ea40b507cac2a6765e56a7d313e4c3178227801aa17f3eb7c5346d66496e099433b20e00c2d4caa43547f8e6d6e3e12592e989409b93fa44d15ad4b5d6b15e41a8aa17f8bf141d842bb764b121510a2d
1787460102.728451 fcc_derived_config RSSI spike: -44.0
  -> 255 c504d80258aac07b38d69052d3dcd03e26e41af27a6a844b40e13d07b4b082fee4bff826a1f66c47313d481b5b5c3e20844b5760c564384c3494c0001bcbe3e60c285c6c1e06300e118f11303ec0b0d2e4b1062e01a85c605d98bf052fc1f22fc75341e1d9b8c4a60e38604832f6f2172daa3fb1d479a0407f501965b858593539673134376d7db9e93bdd82e0e7ea120178a3a16b3b566dda7fd21d25403af8fe67dca4b98765bd7c253f4c1a992aac45addf31b7c39b7923765208f739f7b560ca3ae65a3bdcd10c0cd158440e0033be2df828bff5f2cd26076c846009c1409e5cb5cba2469a6698b905c49db248e26f19b53123889fe84b6b0173d0a9f1
1787460102.7287512 fcc_derived_config RSSI spike: -44.0
  -> 255 50dbca9309fd089ac1b58ed082ec2b245f246e554ff8d585e43af629c88df89e16a59381bc48fa6c04488c36420c6ab04bb17fadbae1df81a73545ece9b3db14bc8acd9fb2c1869c4d00533c1d0e99078c6283ae6fdf6bbf83310e3ff3e122e1805fd585eecee4cd4f81dbbf93d40a1240fc10e008827648dab77015367261a8c2b2b0f04ba19eb028b057efc483cac7a6d76c2ea1ad91f48fff68d15e7c7e6e94780a97a3e4606aad5a136cb2b8ffe2ef7e024e75527d65b3119c34e53308f716a856383d1fbc65cf58f6446e489b4de512da7e23bdabe4fb80c269dc757b9af68d6cc8ee54843d159ee9ac41b1fe310345b802713c98981e60a1dc3fba27
1787460102.729055 fcc_derived_config RSSI spike: -44.0
  -> 255 23e552b714da1250de8987eed215b447eb256b856b7771ae46d758bbbccf43b87d2494acd5af03b0a862d10d18be08e1f1dbc29d3ba7abaa434edc32e3724986e5dfb85e43f7f05369d30a479b2f4041ebefb8eb934967bdab6e3ecfe293e819dc4428e1fc81f6f76fdfa678a50b07528cde14bddca3ddc4ca1005b0770c696ed687469bce49fb647bce4dbace868dfb618163251f311b444ab898a4427af43f5f747664e7e177833aaf3a70db2321ac00d50ac2d48ed81743dc2bff68ced7bc80cb9fecf04e8f572c2b8a829eb19ae42f19b4ffb65d8e5ea645f29e37ef3043341254fa0ae908f112f6b224ff132970dd4243eaba046da7d7f3a8c547cec3
1787460102.729311 fcc_derived_config RSSI spike: -44.0
  -> 255 7261f90cf4fbabe35bd018e25f103e0cfc983456e14e6830bb78cb0f49f5741b642401f97acf00f96498522eada815390c3088666505f0db57a6c98f9631a29aa7f945925fe7995e7ade81bb4218e0c9458d65894576764491c24864981e62a21efd1fd4590f49671c8d8ef53ae38f7a4d44a9e150c19f9339abf1b0e69c55a8aa792b752d9a9eea01038b48f80c4235bb42716086921c985986dab40d942452b81d60a380401174c17fdfbffa52cb3dd00d66987b492343b6cfc477befc0ef0bf37e67a35b5102aa514cda3f3c0e06db035dce645a823015a6215c5d4923a8f9e25a1312e2b2857f51607ac7af6cca75ed1947d41a8b84ac2f0706569f26d
1787460102.729569 fcc_derived_config RSSI spike: -44.0
  -> 255 1d2e7a35df6535c5adda653ee9e5c530ed63ab8ac86d257ca124f47122fb8f3d495d724c4492747b50e56897959dfb10aab20cfe8faa7003245defd72937108f7764cf60d080fa99046526a567db6e47683ca4c9bc9c815a98618f5dbfd8dd9ff6328dcc07122efd186ff53bf7ea48d258b61abf890925d083c650afef01824f6e614a071037c89090955f48838d71096461825772ece832116d963d371dbcc130c547ab1508b31ead294ae8652ab12e7ccafea5e65ee16508c04d3d9a996cc66306627fdce5d69f8b0ff6e471dbf278a51161a6350b5f4645e2897640b73a4527a8412c2bd33a9d97986da5aef3d2ec37a36a0313bdd1b0c4fdba5d50d1b2
1787460102.7298079 fcc_derived_config RSSI spike: -44.5
  -> 255 836a0fa6bfedc8e1c710503f6798f55f6cbf1cd774c3bfe5dff2a26fdc3e184db31e029d7811e70d102f50bba7a8059cfd3642a5867ee0ff38fe39d709f469c42e46b12629a8fcd1e9423f12891bef67f05a3f9bbf61b2a78cc3d1ea7844f76598f28da95964c9a599e84b2752ecd4c26c64abad8742f47d579f164cfa1e02fd34688884b3839e9f09f4e7241d85345edf1e01f0f843d0b6968036ef0b4425f2f3965b80cd18f63efd37ecfcf9840a914e45e2972770b488e09c6ac4a35ea255e2840a215f6bcfe801d9e00f9c61260cf89133084f742b33a1d1410c405a2ad99eed3b8a6b5629955f87342c25156121095b5295d262f2ccbaaa5ffdfcadbf
1787460102.7300842 fcc_derived_config RSSI spike: -44.0
  -> 255 5c3ee2ce11aa35989deb98046b7e64f614d74af4561779072f16c7882adfdab8be96a50cb7bab8f92ef00653a6d0f70f68002eeabd4c352f48aad9884201ae68738f0e1caf7c372c21e4d1379a100b74e826ab527213ee756795a6ad55a1342df778d2983c1f9a6401cd73c131f42acfd2321e7a07cb20ff90d545cacf4074256e3eaa83a7617aa4ab591d41fdf3530ddc37281e5bfcf8ebc8d7bbaac4100b430508d815542d94ecd222095b841488701b6b32279e46bc695e02a6c838180e0cc49503206376e6a6131e8ce4ce37480dafd1bc56992af378d9d1e3aaf305b362a1ecb6e88291e3db9bace97d7dc1b83890c6b39caa3b9306ccdf0e18db3171
1787460102.7303622 fcc_derived_config RSSI spike: -44.0
  -> 255 538312b0cd36c60112da2f12f4aa195238ce48e39e546171156e720aabe62eeeeba163ec65c074d37a533484820cc6a090cefadb7064d78335e7428a3ded1368b9a55f33277edcb9c1ab185eb83cf46741356b54a60648749e5125798335e16c85d775b8f2a4aaf10773057b59dd6a20be57cb60955ba7f11d200aff346e684f052e81601db2726e17d7ec2188939a100d2aa90d1c5cff761ca7780796a4cb4a1838dddd83dff984c19175899b8700f77517bcd37231308077f498ddc43f85c580befceb59a3853a2cc3f8794434f1a893ac68e1ec2d5f953a4ffb7ecafc8fbf1f5ca1c8bc7b75f295d52be005e9fb771644a0c67ca159d734855984f4b3a5
1787460102.730585 fcc_derived_config RSSI spike: -44.5
  -> 255 913e587fb52cfdb3154ab61e40ea9057161cdd9e21668eb5e2513fe8f9bd84e82ad76d122087bc8bae400773b999656549ecd5845396425be7737682a7da14da701d507f884a517fd02a854ba998f80f0d0bba8d455ed5ae44da1d6b2d3e9d42bd3cb3f7f802c47a15c4cda1f7213d257060c58a8a691889b89e9b8c0c4ee04df28c69a960b6cc633a24660e71942e8a51a2b5ca88ca431ac7dade49ee0e0a8a8577d6920cfa11791825f0b799dd804cae3787b08e5227156544a06c66d2fda84945586a294ebaf257fe58dface1f7ba876193e20fd7f03b6a40661a0ce853f8184e083508c35c30c871d8be134a1f60b4fe8058dd5ea33cc7ce0e44fc608a
1787460102.730887 fcc_derived_config RSSI spike: -44.0
  -> 255 94e0f9e00285a925c0d1105e750dcfeee1d3f65a202934702ab6bbf3101d37ac277b0fe415cc0b184e14ef4bae9175163db9afaabf464f4f203957c3e8863864f260cd802e1fcba70e2a3d60f6431c8869ec633794b879a0ee14b65b71a704d6bf888d3e7f5ff2ef924fc80fe024f409dcae62d15edb80083e9c9e9a775bfe2b2458dded4d815bb4adb5f123f018e9f25162a36c487131e54ad5ff3006efdebf7f1787b0def682e62d358c9ea9cea930ad1d0f70e1d78675cd9dddf975a669cc2b2111636f934aab7d5aa1080bab65c22d1a44b629d05f15dbc96ea1fbdf03d952b17208041bbba2b59c1dff5c70dfdda573e9b7d2b16327394027574f42df
1787460102.731165 fcc_derived_config RSSI spike: -44.0
  -> 255 d35028c1457b41755ea4f0aeb5da4a7f0ba458b7cc690424a6d49081206eec5a745b46dd55f3efdf34e59067f93ea58d23324489a6cf8c5dde90f2b02d8a37d05815f7d0b3989d7abf184fe5b01af801bdd78bc6e5b59e1bfc8bc35091b6759856d6f3602ae196c21c79a3370c41f552f31ae8a229486ecb055a70ac50c5882ea8f6648655f38e33abb8774b83a2f248d9ea589a66cca9e47192bc857d23eff940efad65987539db3d7849c99dc6cecbbeb7ecaf87a70352f28f3e817729abf2e592ed3d416223220ecf9c7d96976a966ec9f84b2e020f5e78d09c7f7a3ff65351adf6c9344eb5213e436a4e31d2de7df0fd06d0f8bbffb13c5cb7aa5c3d08
1787460102.731391 fcc_derived_config RSSI spike: -44.0
  -> 255 17f22088604e1acc1d97f747ce98a9c239a511462f1a2929540ba4af183fabcf5536ce56ec7d4287f2ea0c4bd3fd655e647798ad0b1dc1ab67bae874725f97812daa50e904ab005c7a6c96ba4dbb59ccf7a07641843a38c9e3f2c3b25f4c1fbbafbc20b22c9be224c62ae40f82e7d0200feba19e21809223bb500372e16525ff948448f4017c490cbbff68c8e442c89e6e3dde5ab93f3064e021f8adf3db69d3648f0f9645cfd04f5b21fc3a814fa3b645acdf13e76b590e415084b75ec9ca9406cc0958b8f2a7d186e1c5f39cfe9cac75241e0582e065fa05e751de07ced6c92712ed2ee7a0a14c764ea80cae7f316a7ed9a6caf697d8eda405857177d3ac
1787460102.731623 fcc_derived_config RSSI spike: -44.5
  -> 255 8c66e095390600b863068f86dff166687d2d0993df14c902fe0359b93dcf2fa2ef69c78670e119cd98632f739bc2d418f558a6182fed05df435409a50be164bd8814910114496190a0fcbebf8ff1e8d0e40dac3b14bdb9add2066d260f3013ad639a4eefef407c2bba9fda0580a8a2bdaf1697d9460acb47b39a9ca3baac5c566cc42136ed4258b8f11a46713661ddf0065035cdfced6209f9ac2cebee4f5f51d7fde80babd8293be7b9e6f4cd014d80439690300c6c8d822fa56a0b5c4ff7f864bd1c015386760bd5c71f0735ec7b1ae255bb6521040459b07865c167d71fd682571d5238f2d00cd75298535c0a5fb646cb117afd14ca226c38f9a58c0458
1787460102.7318568 fcc_derived_config RSSI spike: -44.0
  -> 255 8262a23b54cee9a106149cefe30968cec1f21a11d9f22f10d4e40b2ce5b9a7edf35ed3f864ce29c5e34a6e8b678d3ef2795526ebe00359109acb16979b97d5725a9102007847b0bdd25124fde878b023b5e1c25cfd3886e25485976cfdf7060f113d72edc143ccadecbf492ca7adfae59ab1644a3ddbff953219c46dea4387d0807349c7ab8a05550425e83fffebdf1ffe49e074cc15c27708124328f940d4ec06ddc514a4ede4bbb42fb05707423d7aee042a31333bc062e07764b87f9a66eef78be8b3c8a1f829ffb50abf470e1c5f6e7724f4d65108fa48e217e1f8461f05ea8c7aa72c2dc00f5ac40b6301fe8a6ec5903a228d478d335d35822edae669
1787460102.732079 fcc_derived_config RSSI spike: -44.0
  -> 255 5181a163f82793644ea6401218085fe46a4b8a949894184f1d06e6622f1f55a7811851530d74cac2daf5dc531918c727761098b842c18385a35fcecec70527dce7508710d4fe531393cb427f38bcc12d13e5adeb9d16b5247fd1f86ab92218e4b9d69064a6fabaea765f310d4bd447f05f728e81fc011502e13f3ee456f66f7938420c95fe21b47a70d877cd4409b3bb9acbdda06dd1f94ed6c55146d2fb71426405bc6efd99e04234c0a7c86b37c372f34cd8f0dfc3e6307d2b791e5822fc507b81ba67905a984c8c35634b630745d220bf78d70aae8e3ebd2e06d1e8101ecff96924e4d2dffcfdb6efcf957b99bfb374ba3cf6a7057518c74a49bf3645bc
1787460102.73229 fcc_derived_config RSSI spike: -44.0
  -> 255 fb16a6aca05280bb624aa39e929052759d66f240aa2dc7d3e44042844a286a92ca82661bdffb62baa82d6fff192747336e6afacab43f023200242e769389374ab7350012fbeeac3eb907ff1e61680d62f2d18bd9ac660bd993e83efbb8a5a7db371e9ec5c9da1e0369a482abf3259df3f55c3f78d90464333f12c662bf237629fbd350b5724a31db7b045fcc73d4b79ac49f734f495caa93b78f06e605ab720e9e311a694a66f05991d393c20cfcfb64fbabc83f58f4fe445970bc25e7d7046993d92c5924f07abd523112d9f72a442fc0d60ede7b788934141f7e70509fb12063a5b663bf36d553a62f638326d69742c3b4bf47397db145c63e51cddc348b
1787460102.732494 fcc_derived_config RSSI spike: -44.5
  -> 255 eab41a78ce6525962ea35860ca99becf194e50c3b5ffcbfc742d18b0ea4f4108d073f887f4930c545afed32d13ddf36e45218f8f478b8c8110ff29c99986f3b706dbf87c45a269b2d553c0e435d7f4e7a3bcf952e62cebc373cf44a2de7f7a43913e6bc40c4bc60dda35c814bfe7fdea2fda8317fee385cf681ccc49fd53700583a5268ec0b26324af9379904ae5229d4acc10c8f20c7c8a3ed6e021a3c57c61c5d5a5df918fe8909602f1f009f87858d8bb97e95e66a384399311be82850edf5a2ce8605acbab29d460c91253b9d0240341e9cc8fb4531d001796d24442734c53d767bd247a5094869388bff73e6072a85e17fd45a5312e497be8b494fb72
1787460102.732778 fcc_derived_config RSSI spike: -44.0
  -> 255 e5c68f9ff618fd075703de07626b4cb54f7b76bb726ed91af94d1056bf3d8442a9338aeed339cda9e682a59b60b64b5d6f847cc012635f4f675d77866df20b75e30060808cd99727464469b044dcfbe02a38ac44916f0b1ff71ddf31242439c06fe3aca61c99ac2758f248b3f96c078372fc257f50517bc63771aa1ce4bcd4856e12efd32b984245ddccc32fc6e4063bf89c67334b8a14aad221ae6b1bb1552271c209daa29df5d6d5176906e5222f511bf865cd17d0e0f56e79c5879ec5cde20629bb8a21ee97d075c7f6675630a68db84f23ef43caf86f093abfce1c6c8eb107758c0a369aac10bd0d326c874a7f808fe289601e4e328ed4b25bf5a2b9f7
1787460102.7330382 fcc_derived_config RSSI spike: -44.0
  -> 255 717ad3e16b0eec80659b9ad4099ff3c265fe6b34398dbfde3865cdd55d8a76b4a7d1f62e1bebbea04335e485361fa1b16115750af2971656c70094d52ca1429bfa43b933ab78affdc4725f7156123137e8a8f7183301d12f973b917e437d3cb47f191fbf46e50b0234697db91076dd5029c461f7eb738caad58b4168a3456706d450a284f98857572342d5e00cc6e28d6a0e08cba88736566296d666d7c1cb41e2dd925a6d2a3a54fce804f5e2404f4bdfc7acec351be285a7dad93113ddc074c533d4c3b7010251d04ad9b7377fe6b301ab7077c8ea2c25a03994fe474b2925b12a62e9a91573c4e6ffab91f56bec32ec8a980fbab837e6866a188a15035f
1787460102.733288 fcc_derived_config RSSI spike: -44.0
  -> 255 c71a6e3724002d4d096130c77e4da949fd971f7f745ba6e11a036b6d49daf0ce545dedc18abd62342b2378f84a01f0e300b1703dddecf351a4fef732e5ddae87f545c89b7e84fd071452ea9d5f931c41f5c5638d0f7c105f1ccced0ac3495090d1a5160ca4fdafa56e17b97d6586cd81ec4f211a33c0f0c3e8783b2454d2ed79a1d443322a7f675bc5a6e8566611e7475359b4b6e5a73164a2d4c98d4db39bd83d4288990aefe51ff6cedb102c25060ba46930ff768b8a0463b69c8bdf1b160ee0267c840927b2192ba02c2572fc28bc62997d31f1d65f3518ed66876d20526402017362e576b3460b478573c7f70e3f83ea212a8c9b84885fefd88e7addd5
1787460102.733509 fcc_derived_config RSSI spike: -44.0
  -> 255 c85cfc437a401d8d1656851509538786a374b360acdd5e831ff6585f4485412ccde9d0ce9108f8755da1ee7aebd93b4a1e1fb33b1ce8f729526e84b84b132f960b6fa33e5e7a026e3007096a2b5f09d1d4d7a5bd24d16c1e85816f5e40fa5d819641ccabff11036a90910c36b984c5b1f633105db6c7e75e43aee3be28a93b2ccdff2ac8b06a16f6ff7177caac9beb84e88119cd2f6590907fbf91943c423dc2977114cd21c8fab634847193aec26b5d675ac2229d6ebd3f336d291ef8091c0ee4f283c03d5f222f7fea6e2c1aed00f2f8990bc2a3626c9655cd12418f3816daee302fe163a3577bca92452ef916474e42c258dce674c7f54eac9c84eb703c
1787460102.733748 fcc_derived_config RSSI spike: -44.0
  -> 255 5bc4a14f64671d8070d49cabee9b7d35c450bb6cd095d81352302f1d310b81b1943cd3f7915f3d47ea7cb2a0facd4286ab6e680f236801933de7abc19e3a16bff7799c68723b1f7f2746f8ac5ae8d53ac5188bfccd9a9dc3011bff46794f25f0eb9afb68f316878ff35e99f842c572c0d3dd0d579f28ff94dd0bb765fe2d44d8c8992d77d1268a3b6a85e2eb631e9dae92995ca98750359ebfe03ce03f42d3c97150810bf0fe55cbd59e50c423cd6d4adf76177b1105d4a61ef1d3971e165574ae5239c10a3785ef1182e320ae81b229db53a836b05196bcf5fce921fd2728294887e350dd56a9639c52fc4312418c1b779a5e6c29b9589b68cb4cca94e1c2
1787460102.733981 fcc_derived_config RSSI spike: -44.0
  -> 255 90d13ce75a5956b320f696dac063a96f4f3832f169c4dcbbcd2d5709694cef4aa0c63d8d3b91856ef476f82b2b6eedfe8b05a5c7e9e4d3ebfdb81b68978939c09574791b58fa809432655af4faeeab7e3dd9b1868e74c62241065a82237c491dd6b1e78060db022d2de68643ed5d7b569f503935bb303981d0d7be7cf8ba3b57b13c82ce8d0093f823f9722ceaaf60bdb2d228c0fe75fffd41bb7117f8cb29c974a5464fb09ce9c7baa8d3f8d5fccf50b3f93c2eb5fee42075c771a4f6bf2bb3a44e1421031fbe33eebcca94c0719b81aa913c6fb8027372bc4aef54dca1ba32f7f74e8da799345d720716df7ae50fbb09b30c13a4d43b2247d27840fe0d92
1787460102.734273 fcc_derived_config RSSI spike: -44.0
  -> 255 52ae624be3c28361bc95cb0ccc5d15357bc196ff4e74f955c20944fdd5b13e97200b0d4d56a927dbc1a5ec7556405764e5c6fdb036307751ff59076a0ee61045882a5cb9c8e40f4cc5fe7250e1d083a922b6509130de8a76e30bb0c4cc62b324169e685d6020612e340b5fc2a6a68fb138f0ebeec9b323a5a41ff0d26c0fbfaef79130e7d20d73e0c44ed9bd612903da03af160b50ffc7539c632c144fdf7783e6ec8cd2c0ea87ababc2b8fd137aec2cea50d5708e5825f3450315f2cb508dde1c56d54184ff4a1ed165ac1f39c5dff57868b3e720ae172c0bd6a9d7d33e67c1a2ee3ca527cfba348cdc8516d4c871ea286a6aa942e04f428091c23a7b17d8
1787460102.734528 fcc_derived_config RSSI spike: -43.5
  -> 255 3961ce0fdbf92012712de17fb10abd444377eb42cab188b6b9837d58309199569b60a6a1cf75a879bcadd54ed0ea9347cb551428b7fd7f91c06088017e0d0d7ea6a8a9b8d3ee7c0007da41cb1dae7f0293f068f52ec02fb60c08da98b5672325108f502568eab8aac5c8a8f34d1f1438f5081c019b69ed4ea67b0137bb230fbd1765230b31eb75a2984a735ca91add724bc57d32dbe46543d6bba5275324a2bdbf5226ac328337415957c9ab46c13d146ca1f42ae3eb9a0f27d459583c2d655b572ed7da6d823403b99f389f773c59b0a5b108165726667e34358186fc373b287e044889ab43527ed742e4080a075162f59eeaeef9423afa995d2f9e8fffae
1787460102.734765 fcc_derived_config RSSI spike: -44.0
  -> 255 0116ca7a5ed5f2512a3d4cc084f46069aa6dff9178359f54c71da60b5af535436ca7ad7a38d2a5876ac07416eb9dcaa361f77a6928423c97b97514b70c551e0a45e06c4d2e40692a7c6365f090b84bf342c4c5db91af0a5f7551810ef3c8553f7af2b9523cad1d53dc8321664de7f61aa3645b35ab85c849318126e734a4833ef43d3b0dabbddda4c4412339fbf7b81fac4d9c6d999ce3eca93ebdc72f6b0845c8da4068d6a8fb3d26198f3492f8fe59d3ef59f1f94d0d81bcf40bae152aeec20d35b5fc30ecb843ca9ba19beed7a831571f265cc82c14af5fec2d574428091142eb9d50fe4db93c9fab65ca8a52fc2e0df8fcdfdeec6bf2c663327f86f737
1787460102.734999 fcc_derived_config RSSI spike: -44.0
  -> 255 0f62cc526bec34f099fc71ea48cc15032b8bb337db67f2a5a21cc48877853924bce52c5a20e9c1366e96d24fe5e91cea63011016a308fc21a9c39970637f0390516c29bc410faf848bfd729685a1adf435e9f15eec0958fb0915fd19f1c9a8583b09ddcb065f51d9f2b5236c5cdbb49fd2b3e9b90eb1faed439a05f04b690a846c675e5929210db57cc1756f0fd81f8d68e5ba241de0cbd7b65a64030fa8743201131e5d6e74711892c85dd151413d8666a96aa08e9cc962eb7203b5cd8929f2299dca7aeda1de8fb5a8f437e2206ad015e0396a26be7faba201b10035a0ff5f932ab5a60ca684b4c51f6f4ffcb67aea94c42f3e428bfd950ec1a4ffe3fed8
1787460102.7352178 fcc_derived_config RSSI spike: -44.0
  -> 255 b37e446f8a7c27447ece0d17e4ab95c5b2883d3d2f678972ebb4ad03c1ffdce377f44d010302527fa2f986e0fc8e53db58f060aefc6b943f58a43ca46fbe4ac2b1d3c02af599803ac20dd8ae719611f6b2e7b0a16815a0b2fb154074ca5c939ea45fbdfb8e5deeba9ce6204f8df2bc439af91fb0c589b75cb9149fcf220a255af16f636e8f213fff273f297a50b8f50b9d36bd568f81d7c0c7158228249cfa182754af3af609b1b5360acfe8ee891adef17f8658e48f76b4186d39670011616494c89dd4f1f10c9d7b67be445d2158582eb06dcb19fe28f475f95f57522d5b2d00804cd4e414602ce8750cfc4bdab6952bdc772802013293529a9b7cb9ae2c
1787460102.735471 fcc_derived_config RSSI spike: -44.0
  -> 255 0a6789fda60be768187291c3203695fea98c61a0d9bf953371c7e1898abbdc055267d83661458acc9fa166619499663f0afef02773dc083622d23643da4811fcbe3e3e8015c3bc4d6c57859b5b777bead89c587c9c9fcaa8efdf45d4399cb0808db2ed23304c0ea649061c10d2fb22b447db4a06cbf58eb272b9679a66340c1646bea79ec9787c66af946c5f54222d908693d86e636d07f718230772a534c47c6d6b9c8d2e6592f6a4828ece33f20aed41666a334784ea703a6c33a05610704b1847eb315f7202530eb85798069dc55945b8fa407c0e8dae8d474fcbf521ad8bb197f92874f3e8402cbf75474db32dbd42254d22a4b30cc400837ef52ba5ec
1787460102.735768 fcc_derived_config RSSI spike: -44.0
  -> 255 267f3401c53ffc7c199e30c5116beefe0263890397353297366e647e909b0799dc2288ccf8b55cb59fafa5dc5f615d0fb3ec5e5716b145dd5c4e41a96fe99307cea8fd4eb5488e6fe2cb9a8993cda93a542f72ddb245a47957d7f350d8c9f1fea99c4547cd06804fe7b4a89f3b724984e090eb1b1d36c2d43b854ce5f371de6749965935ca779ac55ae209d0000f4feca24a19de92e949107ff72b3800f5c601de898155f3138d3d963050708bdba7bba07799402f6eeae33b1ee3739dd4792d53626b4ae817a57b472bd417ed9d9fbf8f10ae500fea4caecaa4da471243006d38946a8bc2d4a14dd8aafa5835699e990977a57ae12153ba52169ae5c088a1
1787460102.736036 fcc_derived_config RSSI spike: -44.5
  -> 255 1bf421322473c2c665c02be932e750d4ead9665771baeb240336eafcd762936502ce0bcced5f743362c00769c74f95c8d8956d0ae7374d408a64ae01a6d488e82131d7b1a7ae3a7b770098f497eba59fc7da80b4980335552f1c8e0cfe43d7012d678b6c108ac80c869837381963b02f4c8f4abea045db7f25a296c90df0a5fbbb46a892aa2ad661c305b7c611abb8265d8e1b1625b1c14e65f0841b0a3084b71092eee14959cf94c26906fe0018c1af98e801ccf9072adf47dafea5ab2ca0c0fc72d8395417dc8d3b08c932fdf01b90922acf5f1d15f5e802ec387b8b8568d908a0ad590c4ec9b7ca6ff615faa2e829c06a371d3fb5467af6f1f82794579b
1787460102.736282 fcc_derived_config RSSI spike: -44.5
  -> 255 2f92474c2e757cae4569bcd7a733409ed7c0e3b0ebe4bcbd67e53fbe4b5f92c253273b21e984cf9b77597f49002f169a3b4f85cc1bc4cdd8b87940b31935ec8f75527263bdc8c23e70dececec200d6412486a99f3a226ba4ff5668b5b99ba5b6fc16ba6d5d44b83b258ef0fd65d1796b156a0cb5e5dea6b9eee198c4588ec2a340888854bb799063145d7adb42428b0cf38c26969117b081affbb3a09c76ebcf60dcc216f395124b5e58f77cb1e4b259eefae542c8251fc7574b7e7ac10db871291185be91fe9b3a97bfbf126f3040c400f2435fd65d7feb02b3bf4dfc8c95833866b269016e8d09024ba321ea9ac08cdd3dbacd66dbd84106e1a195dcda3e
1787460102.736575 fcc_derived_config RSSI spike: -44.0
  -> 255 4dc1c856ccc1ec34c801d103af0be70dcd53fafcd3ac63efbd5270d20a38943215c0973bf2debc7c5e2d8a2e2d67b698219b2003ad9519b03cd275f73ae674e4919dde8572af13b2783b4a987731070dbf137453f19d3c2dadaf369988fe8a2937645ec08dd427ebe83150c9f2e8975e4946ac538e7a6c33900124e4a3433a020571743e17e1ba1d68a35f1198dce51de6eeb54f11c0c8fa5622defd8fd83e8d773dccca800965e73ccc71f0ffc7ea58c26158e36f410447b1a059730768c96a75c1e29e22019fb014bc1a544db30731366df691e8459943c07e90c54b99673c1165e6b8a3783ac53180426c149a1cfcef63783bc44eecf3f30b895829937c
1787460102.736862 fcc_derived_config RSSI spike: -44.5
  -> 255 4b743080d7abcce73b68bf9ccce02da718a5b5a8549e4bee7f536b508e0ede7b20f7e5e89db38419b14eb56a9739290887de08c466290775532729d8c2fa5fac31ff1812b01b9a2fef20e784cbef7547002507cff3c1393267d06eb93c361157966e3445eccb7c1d8cf080dbe2188fb2fb1ce68a2106989c036345de1e341fa63c6fdef5048d62b5c880aa745c7f2c85ab56e0b531d21a34e7de75e2d51624ff13b4ba499693fded80ac8b58a84ce267699020c487364505f7b7101e212a2e81e24b7d3b8aec19641d15befb6e1f84a9f5ad7c8bd75cd9679077a0476c4537ba7ce4b2c876c4fb114d818fe0155f9a976191ccc0490ef7791c068b9a7cfade
1787460102.73707 fcc_derived_config RSSI spike: -44.5
  -> 255 93789de14bac791c44332cfeef7740a4794f3db6e455875ffa68ada0f29722097b8f778be1ae45da3d84a1b894e9fd501ebfb9e44f7f73c86a61d63adab61bb8f3c14cf405687af17aa04e591684d47b33c5e2365769904573c399abde000a5dea867432865a044e104d03c56d537dfb19e6677e1fc405d2eaa0e628d0ae32ec8ec676abf27dc5e9c2f0a865fe9211f2d251098360b241c55e4632ff66435c36bd09b63cceda13bb804449fa8ec399889c0eb79acd796ce3733062e25d4f8a0cc93f618d9a897e2589d093f05eec41c238596f8d21bd05f95343fe2cef9efd5c631bf02499d21eac77857b9ab36941db34dcc05e6c183663b15be6ac53a93a
1787460102.737327 fcc_derived_config RSSI spike: -44.0
  -> 255 8fc8f474b7f1db0c1aa8a2259423a77b08ec1feba8a7c30136f20d53001d270965d3a969cba2c0c546165b8b9711172d8739363c42360dfc0da2a54135641fac17a710d85cb1bd190eb9e9bd8e8246c3f97c39a162357da2b45158bc5642116f8e191c2861a45fe16cb2fee4deceaf59f618b16a5a1427e8768488fbf4e4f5713a4fc5fdefbf7689615e0002675c510c4ecb9618e10842d3c96a67997a2874dcbf02c9df4fed9cbbfb2e9fd36dd349f6c1bf1a16eab48247ddec2b96a82b2d7069173b0ca5e9f6f7f3822324822bb10ca21770319974d7e040a2e6f7ee0b8de81beb234b03bb4e185a1214fe1515dc675280381c7c49c7050f7d78e0961fc3
1787460102.737643 fcc_derived_config RSSI spike: -44.0
  -> 255 d50b5db4f9c8f3f9fe062ad01e74396686fcffa7ca06bbfaf3273acd00633181b5b06035da374c395efaabd3c94d99dab1ef22e25613e8c82e2484d8dd041139eec8b6b430121bc1acf80f919cc4c9c46be2f078b30cf47815f8889f5a3162ec1e79637828bb63f8d30a095cacd8e514c40d664b286aef6878644c9b7faa190a0209264979960ae56d6e4e60fba05d67c2c9412c2d4b4ff6c540f1db316c0fb965b1b03fe8816b14e408f444e495d23abd71514914319f66ffedc83c5b2260d254beb377003262c520b3382123d9b31937b8ea5dc9cf3c620621a6dda9e490bfcb04d753b3534814cde51de87d7e563baf8e650d2029a86b2310805aef1ccd
1787460102.737906 fcc_derived_config RSSI spike: -44.0
  -> 255 29a84af12fa7ce8eb9610a5f097bd989487afbe29d19e9b9d8c49c43c669676f3dc6f1fde0de57b6f33d686c5310cbcfcfa7c216ecbde3d7a6eeaab89a03a2abb468d810788ba937059535ed44c1a047eaa17565347f394d79af8be5d764505703d066419864b9dd9f65f50a4857e5066f34e7b0644903c69432c3dc05c8843c52d999bd3ce7d49ff769b096520d73c4ffc5d2f1c7c47ab3cc4f56b0461aa22b4a9e10d0daf0440da6f72d6e4aadd073e2896a606c401a8c8ac881b9fd8f9569af863efabacee82b66604884a811fe62146ce3837d372f58ccfe88a7c953dc4290dcf13b5e61795e4941e0d62dc5cddf9ba5114efd22c3a49588c5215656f8
1787460102.7382069 fcc_derived_config RSSI spike: -44.0
  -> 255 1281ca49db99c6ddb87fad24054ec5f1f623a247449ff59be445a972ec0fcc92d5861656696b193fdc146a1b44d98807b3a9928c290b90157cc6b009f463b585c89d0c011e92d92999003afd27d673d17f0bbd4fa30f057bf18d3ef704570bf8a1650c79619823ba19812959e7e68cf2570b2bbedcbb4d7f435a65051cd94e1dcf994f3fe705fbcc827fbd0c57fb199e378a71b33926008011cc9e345905016c3f4c126528807bf3c729d9cef695474c243a5b32f4fcba5db8cd5859dd2d822be12e8447eb77cd298dd434c2ae005770e897d158f46f554d12b0a5314fe126eda8f066455fd3e36595e2b1bd046dd4c1543b613acdb10e5c396049d454484e
1787460102.738455 fcc_derived_config RSSI spike: -44.0
  -> 255 593dbb01bd427fdd30f5baecff7ece06fc59058305fa1324bceeaf48428c4480b62023971ac470209ef7f0c4f29164a8081b76a7464c24cc6c7a084fb90563959778fb3d99a6b9ed25ab62b83a1310543a27b55c869c820a5a06ac9429cc629a803a2a0e90c5512a9d8f60103f147c1bec58e0534e1879109716b02bf6dc3255d08e0cb3606d21d71eea203ccfbd0016b9a6caaa487e52fd6bb1423fde5dc279836a791b5fd65e7b80ccb1d242aced2446949ee1c1d7ec16e878bad805b5a922b0499eddbf3245a79e809edd73bf375e9d0e57f1d3b8b3dfe2e56a06b610b835997a3ee59c7635af38152ade2196068f6757ba6adf602d0e42d07407b4fc8f
1787460102.7387571 fcc_derived_config RSSI spike: -44.0
  -> 255 a200e083a3e66537fded2102a6e13a72da8a3c3df96105bd7adddef77d4e576ba2b5ed342e4e65bcbdfb8da3fa0d932411e44e716e4649fc944f39d96ebae040935e94917d31b8573efee8a6188555f1381e14adc70436b0ac19aff46196156f64b599d984c88d1539ac6ab9bee9e007533becd7282fad9ce0a6260a795ffae0d31d4cbb8da79d5bbca9bc237d575d972acb5e420ef4eaf58e08beb0aed10157cf4a141abc4235985a8178592dc09acbf2a6364283c12be7f6a1684ada63efb65c10adec85246e4c7fb22e87de62586d16fbe3a7a00b3af3235fb52049c34878464767146d99367990df051f9858f92c1ff8a678fdb4ea2adba67a23fe40ac
1787460102.739042 fcc_derived_config RSSI spike: -44.0
  -> 255 6877b1ad536bc958e77b26b7ee8ffc688050e3712b3c122da2c24a955fb1e9bba9aa2efac9fa69388da2f8ebbdc8558a374375f1fa703d26a9398a3c64907ef54a70ea2af1175c40d346db2baa7c1f331fecae5196a7410fa09634dba3bab5d4e8dc97eaa86a4d1915b8a82c494789bd84b1d048a784785423ea2e29c8f1d0479302399f149fa4efb6aaa04ccff682800cb096ef459d6daf295a73b9b888006e1c70c37f8cfa9ac226368f83744fa6d1e2a1c8a40b2e15142910cceb1f3564de904ebaa2de70c965e9f8287e55c28f90260a49acb7cfe53c37b9d6f5ba5880abd5816e61fccda90b4a86d6fcf47c75683b21faae5fbec03cbd0afa2577f645
1787460102.739294 fcc_derived_config RSSI spike: -44.0
  -> 255 87954f2f8bf50ab4525a5fa7eae16b0949e19a46dba5e7c082668c07f4f329b0a0ee5afdc7da60103ad29ac3dfacb8f25945140ca2d9cf1712db0ad88e50347f9f580e1bcb7225412f5e115a8da6872b2c4cc8a6f2145e788d03fd4cba49441be850aa77d474617030ad2e9b339d3294c400483886e6e64deb612d323de97ece5625ec83e2923d60de2083161c0898b689fc2441ef984835169c5aaaf46da58020b3d2d0521331562b3d4ee6747c36203890c65beaee9df9e53be86098b16738039fcf1210f7b20d3b9acac1ce8c002fe9ec829d543642dc5ccd839c58508c7c7aa3e1bf1d7bf0cc2a10772334d48deaeae7b570e1cb00ee4831b147d82ade
1787460102.7395258 fcc_derived_config RSSI spike: -44.0
  -> 255 177c1b9d8c3ce7ecaf479f8319dde7808fce7b8f3fa12d221d8f71a5c1a0354926d03bacd178b21b9c356895db2180d0e4010a7af3ebb886cb054cc132727a69473d567ee9767eaab901cec3bc2613c0774c7aed120f0d74dd7377293c5ae2ee9b169babe48dc4e040a1edfcfb641722fef3dce72cfb023b8b0ca32ef024a31f34529493bed7f60cae8d42728e95e2fb7f463f4a82f148226bd5b9e999a9ffa5d6783789b82731c4caea4181a3f123dd60247452a86968681f0024317736c04183912695777ae82b120f4349e2bc0516dc83724f11249da9f84ae489ae31ad9b262d85a67e31d2f780bbff8976e5a20b287496eb5ff350c96e3ed263e2d0e2
1787460102.739774 fcc_derived_config RSSI spike: -44.0
  -> 255 e2f2d34864e80c44ac1437943b87335e0ccf63cd4e172810803598f496571f56ebdc30963efc8f6c7e66c1b1511ca056c388b1db92cd821165fcb6f9b884841447273c034ef632b5c50f667b15518b4d5407b1d75199e1f13ed57860d64dd2273d7986e9d12337ddcd220866ec25b6671f00bc395dbe4731754832c3fe1f174bc87643971527b2032022f614cd156c09d15033294a02c2c9adef98e2a156a334da936cf77e9d0a3d97126ee3da3a1d5ea741de383efeb61efafe1774c40e498c3272c3aabf37c67bf539ca4133b97c81efb1b762fedf2f334f47700e262b67da65f7eaae149088ebebccd0055a8effcd68f20b4883937a9015772a75f3c4f2
1787460102.740033 fcc_derived_config RSSI spike: -44.0
  -> 255 2abfdd0efe6baaf696f19e90f32dde8a93c93a0ad119fccd267b12b73231dbbf06cae27a77bf41f9ecead24e1dbc7fcd424c82aa7b40f39af117125c22fa3ea296044fcf57af8996094d9e1ccd58fea6b37c92bc759fc5281dee59d8c00356f5b7c43c2d3e540a3d46d5e81c8557bcb7a3687573e88cc5b6e535633a1281ebbc36f2f298b72492622172555786d60d3b22c6cd21db35b899f68b8a89bfc221f5ed8a57ad449cf01e60110605b1bb4a46c07b33fc30b51c8463f68d638ab95635d9d7bac878a7384a4124715baf8c75eb9a982c4f78bef9b4877285962330a3b42aaf39ee93ceea5f0204624c878c79cdeaad6fd673411e611e042e0390e340
1787460102.740277 fcc_derived_config RSSI spike: -44.5
  -> 255 7c00e779ab2d7f52f2d40231f5bb17a449f08171b322740c958b5347d7f20702186b27e23830afa5681ba8135d43a891140323d6d0a6cca34cae3a1dfb753e406d876f125ec060441ba5b28d1cfece1d044d0232fc619ddecd2751eeabe7dac20ba688b5b3fdc6a01c576cf773f366f3f90dda1a8996860a7bf9c682126426f89fbef7be758b31b9e93eb70301a006163d401fb1510bdd6006344b0b0200eaf02797c779ece107cee6ee751ca15fcb19e076026bbeb8eeb1aebb8f91bf125887d9a171e0da36cef9dd08be5ebaf6cad8ba42a62fed786b8dd338b04488f3dd8470c62852622c2aae66fe5612ee5789a588dcadf9e3eef22139511cf3143d54
1787460102.740532 fcc_derived_config RSSI spike: -44.0
  -> 255 476c38f048221e428a8c4ad472fc0130839a3c9bcdfe81bbecd6b2db54ebbd46932a89b64a05ab57796ffcf315fd92741b419686964af0c500d528f998d43c932f2dc2bd6405cfe5190747bb910c07fcce9e37795c42246da419995ce46913d5b0d9f06f2e81aea6843a5a0a73e5cde5f35086ba3c3d2bed76c49c5b5d0f207739fb0bae498afebc74ee1e2ab5f1c1f2222a3e171a1b235723deffce604bebc51d41dd08715a72b5237f716676498ef1b83fe6b21a7541d2d49784822ac3f5227dbb30a2efe9fde3f01fff3991f312825c507b62abdde1509c2b5186a9006d7725ac9a58fd26fbc85afd8f4e948d33fd67416dedd8e50459abc2dc1a6305d9
1787460102.740768 fcc_derived_config RSSI spike: -44.0
  -> 255 e88e70809b3da01431c610b0bff92a799014cd440ccaf5f55d74638d030bdd9188002ea0afd916824938a6e997024f20bd924fd4602ae81032c00fa500b20be6ced334057053daab51f67020b3f69596dfe24a8d353c20ed6159515c2e792c4e2468226c80c0f253db72a804b158433d9e55d5f480506b0051ff8852d968652258b52174eaf9211d718c29c8fadd3c4e5501dc9b935171761650b44d21bc7ed88596b7ac7b3ef07b3682bb7642bfeadaf1a213b80f949b5be7bef535a7cbceca943b3ffe44dfebc04442c544ae012e408fe72410fb2e26a20f6461c7f71d4f5a7e299a47e656bf676ce523d449f2ea6cb7cbdc69c029bb80f0625cf716757e
1787460102.741003 fcc_derived_config RSSI spike: -44.0
  -> 255 5f2b0118576f86349e43c0540a3db3ca2e3a930e8956af3aad1210c03c4d46e851a4c2cce3bf69f83fd91a83aecdf685d68d6b5695167416af38aa6720ee8bf98a0a5a323b8ebb2015cc7eff04db8e184fd3495c719d3b64001f11cb8a3faa392c9567df97bd29bb002f1004701eede4dc56736f823f1179f089ec29121c0f07115d6f940a09855db3f427407981de272d9828f8da73c13cd60cfa253de9a22c1b578452bedcd722d1d2d94854e1ac6c6298cd25965819520d8c4cc12826ce6d837ea1bc5076562dff1f30ca8ae2d5bfdb217f1daf8645b533f97280bd68f9df7f49330e13a5e1ff95cff42534e545af1fe5a8ce6fa383a584a5f0e2f78b05
1787460102.741227 fcc_derived_config RSSI spike: -52.5
  -> 255 687b7aca46b58b868ddb14ea7ad95c0ed22313210a56e0cc4e8b0115e01f81090c389e0c35fd49ec621d3c8b40b45ef023e4c87c547f43af8c97fe0ef6e66ffaf15f7e166f43048e0d5b1339f9a9169be757d143b3793b4f34f3e8df4d6420df382f7aa7eb62edbe4b58772e234f30ebc275faef612d87c2ceaadd6c3ad1c63cae2c666393b6b71daad012cf9ebf7a1dc8fe2b3068ac282c901e0f230795c2f1d54cc4b5b22101b127bf6ad2ad801f676b91aa87c9c0e75492f54b73fc601d18e34f840b07b0777c205ac6a029bc9d290a1a3b146967e39ec37da209b91d2675cf18f7b08f61f9ef2bc108c633ecff5ea7147d0c3ada712dfd13b67b7633ee
1787460102.748906 fcc_derived_config RSSI spike: -47.0
  -> 255 f0a657cc1a3bca92991cfc52df1adc45fab5693a728e1f5c990563cc6607bcc0c620adee9864ecd55c09e40db2be0115761db230acaeb6848db6853689a50372f137027c43c79b28bc6f2602c2c28c38bbc68df6b99e3dbfbc2d9fae6db41711a0c50fb1f20cce7c60127c8b5c84ab29f3165e5ed9c2b8302df73b7381590e6184daff8673e2d3de8dfa478e69d1e9f65c877b45e81afdda023833e7052b41bc2b844cd202b8752c81124aca57cee17041cef9898b0c10996938e7d36b85a9dde27b144ac00eb3c783a973395141a36bc8e1c386c808db373ee9124e0dcd288cd9bf57fdeeeb2fedd50f710b20e77ec2092b102a597719999508b376f2c0b8
1787460102.749166 fcc_derived_config RSSI spike: -43.0
  -> 255 d98412b3427300cdf8fd8b2a6bbb235ffbcb7e847b7608c7c9609331e6083085f327665752a7be6082a676186f57aa11b325d0e30a002e0739f1d6dcd5aa731f8007ca05f21b70efa5f62651fb97f994bcff5d1bb97bae43f5167fe6ae3dfd1b1af89f359d3aff85d84f010c55ad9684c66c1da581cbe4d3a94e531dc97b18a4b23238459671addf664d5e2f4602f004f025c5b8091fa7665a8deb39ef46a7c2834156365b41855751b3725eda530419ff3ea53caacaf0072d13b9a2df1ea2060965f8403a1c6564d799c540a8b9f123402df05e54c203ad197f6bf01304a612210b2d1cec2974affd6275e0fdfbba0f5ffabd81ce04c1c184d95273e191e6
1787460102.749391 fcc_derived_config RSSI spike: -43.0
  -> 255 72475d9810a2e18e469c6cf7b04579eee88f736149b4452b54fec410bcdaf90423a72a61c1cfe5c55a76bc2e6404481cdb735b0d489f7adc9cd54c24b6c97b0f958ddc77cb8004ae55c2e2c3c71afecd983788368db9f3706a8ccc2453cb82b64a50db879ddf3f6e9ff950b3f067dcd10a0e3b066919f1e3c277ffcabede16c7d4c3fccaa9c53ccf0cc310bc5cff35bc14c77cb78e3c7b16ab653ddf1e9b4f993102ed5609c13178b2197510a56aa25f3fdf5f3db0161591ab453c40b8ac65838a8c2def4cc40701171d778c0af96e12b934596d4e74eacc3eae48fb332316bc083e4ae2a57a208fa80491a6f6e93f9c903c4a2546d91477f524cafd914102
1787460102.7495959 fcc_derived_config RSSI spike: -43.0
  -> 255 c1a4c5944b2e45a54272036ca2374e6ca56ceb085759138ecef9d2f668e837703525db81722f7b3567dff7618bd54e5558ccee826d9bc8587791b2add48cd0fcac41817d1dd723a79279b0e47b43eef7e506ff9cdbb035a529c1c3d38789632c9c44c3edfdb374799469f81405c8593d57fdb4d762888cd5e82c99665fddd3765046174186801f13c4f5dbd16434e4b73b4f6a0f8b5d1e04e7fba85f6cedcfa4e1e2cd3744320fce7bb2b62101eb1604c56a723b3fa4857f098f54d8965fe5fea2fa2c0cd5df170efdfe12ddb06fc208986f5a55f10c269d900b5bee8fcbd88085cbb4a6bc3047df9bc0e965de95195e475c2a1e744e04d9705b4bb5c3e67e
1787460102.749904 fcc_derived_config RSSI spike: -42.5
  -> 255 ffe58517f1e6687a54a427e7eacac979ad070888cc58f747e4b782ab8a27df9d179413cc45e63efa0f382fd8a17a1ce663debc3104e12a937c3bf2e6f3561e51ba3d80275a6e15ac7cdd01b357595cdaac44626d54ac8986824fcc51883e0ec6108148639b0d0dbf4b98e45ed5ac7de185249c5b699550a950a9b5c2f83a015ced0bcd2a8e408c35614ff1969ebc8bfd7e62de7f9dead1a490fbb5e16c8da09757e7797fb7d1a83ba81ae5e92791020b74f09adfe57399a2c606113f9f3b93bffacd126b6a9e30b5fee8be96fdc89a642af3ff9650771bb88bce55216d5f31da7106501b5a9e6626d58b15c23f5f52ebeb5fd26ba2ad021620275eea108e04
1787460102.750168 fcc_derived_config RSSI spike: -43.0
  -> 255 dc7b279fb439240fd4ba63d57c23b303cf0bbee52f61cde5aa83a7488d9d426c6fc40fc0d59dda16243f3ae3ccd9a5aef8e7166b79c7e543600d503c0d1a91ef6564b4571034aeccf1d08cb3558f9d83e02afa6cb5d9161f60e739081fe314a8be5dc9c1b5bfb748d6e5004c8c43989ee07b122c557125afd351c41ec19391d77bc5d2ed83e384d271d36c54bb601bb1ce3ddde6baa0ae5b2abbae09b9a4a0c5371614c640d4d2f8c3ce37ebe1ebc65e4d4888bf7ed07f39792bc82ed5ce12bfc8731ee0a09051fe992ed8b146a8e6a9bb93f636045f098a2bb763251e9c7edca2045de14552a5b8c7c6f21b35555444df195d9cd1e2d94b2401e343ae9bed
1787460102.7504032 fcc_derived_config RSSI spike: -43.0
  -> 255 ecb2e372a2ad922700d0abde86de95f8ddedb41ee3e8f4622504ae4edbb219631e6546206c8d10968fb1d2f69aa2bd05595695c8b976c3939421f1ba00ee5cbff924af26b6779318426e9ccab45d921aa00922a55bcc0b87215c987fde360e871804d40eae1913a0333631b2e259c49102c08f930eb2cd30593a5420fbe23c4b82497114f28485393bd4446c98e4d1f7cc4d40bb58828c20b3e01bdb858c11ff589ca15ee740ef26c654c6549f0c5408ab991f167b0b243776f4bf5bb020dcf228c3b551d6d74e679516c639d1d1066c47513474cf9375b8d8680740bd0b15206616234ae39d2f08f0e57f0b3674b48eb7cc0fef090bebbf143b2577bd85bf
1787460102.750668 fcc_derived_config RSSI spike: -43.0
  -> 255 84938425caf51a85c293de834f337e3f93404371ff38cc783bfbf9f4dee8cd814bd3c874c85dcaf39c16f2fbf913eeea60e1c3ed880229dee251d790b8ecdfaf2355ab5cf120811fe241fcfa3bb0fd24dc7327766091ceddfeb10be180c964c8a2eeada6dada267de47b3d1b8be2b87eccceb08a1f165916b72677cccab745b8fcd0b95fc596f0f2eb2f86f771d14f406ecec3e215c6268586a245389044536a1bff578c56f3ca337ae4711f9a099970eb775386366588efbdd9762a4dbcbb6baa345cee7855ac5a7a60923a1ade97376351b002c5065e669e9b22e031911bd009d72f864ffacc4319c444b979b50e7fbb43c529790bff170f4ea97f10845d
1787460102.750931 fcc_derived_config RSSI spike: -43.0
  -> 255 b3c1abff636931fb94a4b83c4186ec04171ef900bbb280a33b18accd6dfedd265330a12c6f23530b1bfe87ce80afa2d1b9c23f774ff8b214e88c141697fb1f22452e94647f7feff5586e39e009d7a40993ddf893641a2fb654ca834fb159aa6afa2073337cb472135061db887eba3692ec1df106395771c37d22306a75aeffdd8f44f5b34d47b63fadeec4fa70cfe3b59090efdd113b8fb7c4301b68c0962a65c2d76663ebf4d632e0c72f0524c0559371f293007181009c7f5698e40b5d96190cd39b2df260e60081ff2ee3d0daca19f6c4223c47b004a0d5827b517c8f8b7cd6a740bef53fd5fd828f4ddf589b62a81ee13242afe80636f092f143de9f55
1787460102.751192 fcc_derived_config RSSI spike: -43.0
  -> 255 50ea7ba5a235f255f6c8744648314f177dcfa0714068c9009b0c86a50a5f7a99f8587c24728fbfc6f2876717de288af730dba538285e76e9bd31503a74770a0dc07d6edfdae3734fc10995de558a67b614316783aceccf7bc412aa38b2374532df81e61b115e043253f297fe4838fa7ce739efb03da2eefae5ad87704f3be07e6b31797214f6fed3bb5720eb135a3fb39b8f848eb03554cba2f9ff6d0a3cc8e83a1627fad2f7f67ade64bb76c5cba15dcdd268f5995dbeac254540b2f8309f7b8ada80c0efcd74be88c4eb0bdce3aff18e5ed5983bbde74c0698d393802135031b8165f1773869c8e73c57a9d92ceb7ce2871934367e72bbab655e552a2678
1787460102.751435 fcc_derived_config RSSI spike: -43.0
  -> 255 a87202935865686d84f9e580054c85f757cbcaa3a4361f8138d1e5e2ba1480392429f4022f879cbd92cfd9628c9283f558a4ab6a756ea8a22fa024831301052c0143262bd1dfea35c293ace4c5b65c30cf53bd51811a0faa0545b0869319f93c5a45d52054d3dfd534566a2bee6ba1b10d55d0780c5c828f56cb417e91e56ef33eac36b8601aa5260fecd27297b23d354ee82168b83fd98f87235e4ea11949e602cfd7131681aa5ff2fb7f91aa70f45851daee653820b0b19c5b32fb4d3373aac2ba3fe2af4348c3127afb073778bc1161349a3b4835ad80859f433f6d1b0690b347c2fb1c31417e036104571de505d462d82e0d5675267fbfd246e3998611
1787460102.751669 fcc_derived_config RSSI spike: -43.0
  -> 255 f2272898187448e1a131f76912a40d97ddd4af3d20c611a4d7e80130f55b88620849e08ccd202ebde3d1b6f552239a621c05273ba8fa6567134a870f08bdc16419d3b3cf25e5b52f0804213d02f1fc7151f6930fe27326860d16db95e3c37375f680abd4114f2c637ed28a7c90903acd74fd48e9190b43784b4ea998a740b35849634415c103bc7e8a3729aeea33a81f98ef5fbacb89646ead20f607c7a85effafc9efe7c075917b08086c2e7b7809de87d49766f8eee50867440744edf8beb93353ba7cd4b61400e43e4d19ca677a4ac211aa9bdf629c327c3911ef4b3ca538e97706250a10b6383fcb2af16e1ac993ced0bc894c858aac747327510e781f
1787460102.7519228 fcc_derived_config RSSI spike: -43.0
  -> 255 42407e4b0e13c3877afa1c8afafe8f51de43cfb794561d844bd9124a0a354ecc0943bf79b70529cfa57001323867a0dde1f5db22ab19d4ffdd92b5d8affeece7a5850b630425e3757a09f8ab458d3b7a7ed1b46a1bebe4c4673f5da03a956dcc9f972f41ffc9f0e0eb0c762b0ce2c200ac4bdbda535352d7e2ca903ab79e8d1ea2d5ffb239c10b0e39a0df840b7deec92533c361b9116637aba14d71a135ac533437186d46c718b9e425d0b6ef83c770f3014bb09773cbf128c065f08ec7c6b4d7afcd940e20d7b4c750beca597bdea670f3008d607cfc1dd96db1f2866277273fb12057888e1697dc4439047c12e693b2c544f40ef4e6633c76a65691ac1a
1787460102.752173 fcc_derived_config RSSI spike: -43.0
  -> 255 eb750bfe1688eda4ff688ffe0d60a9d7c0e67c50fe38a83832121ec9f21817cb7d7cbdb1b8ed47fddd14f41f11b184d2cfd5d2a885d03e3e2f4f25e50e96a0764536dc260370f77cf1f0344cf11657de577f666f782c119c22a6c178fe44a367c66ff8d4c2c2b87b6db70b49dc6769a8bc3a3e179d451b6d6d44bdbb33cd182251b950a2fb9f52978970a7d5c0f66d8f694592fbc573e371daadb18f8c000fa5ce4a5ba6c69898a7ed68773ee03cd1b9ef1942795c5a5916394540a61359b9aef2bae3cabcd3f593dd4e037e0102075032b1a5934f92cd19bbb1e98f8afd8b55fcd7a91962d843df2c7098143112d4741cc3a19b8b76670abde0cd3fc7d5d0
1787460102.752409 fcc_derived_config RSSI spike: -43.0
  -> 255 a976c23eb9d7bc607febe9830a27f2bfaa2ea4485f96671baa57830ad5339402bdc1a1addb8283d40a8557dfd3fdf2de0774ab2f4bd95c24ac6fba8b173cb733bff99bb33258d0fe86ab6a2536cfbcf3372d7b976b6b89f580175f55bdd61319187cfd47c38f4530f675f75b82294cff1527e96fba7f5e238042aea607092f03514a785214f2b9ac68490f31d285b4161decf8eb7c81aa8f8b76f133001bc95f388bc603f4db2e014ec0d5203f73d565afeafd2f7d33eca1a97bc54f764ef50e8d0c28e00016e2805f6ab5a27f6094c500b68f07469f287db3955fde649f443fbc1374a69cda4a29b7ac931bbe7cd729f54d74c7b8e6d566b9ac70d6357589
1787460102.7526588 fcc_derived_config RSSI spike: -42.5
  -> 255 942a76365fe8967ea54e8145961da74fd2b3b6dd2d682f50530117aa2470893bc796d0ade63e994a26653538ffb1ee21f02ae79a1a246efefa8ee8888fe86865b9475e1a92c63c7fb3326033b91e5bbd1cf67510226fde7da87e22aad5d9b30d07b4c07cdb835fa1770a8855cd505a9f007b3cc037e5499906636e83a2f961adcab1b306906cc43b2a250e0dbbd8a3df1991d4815379f93378c209c56e624791334a0eacc8e9fdc50def42f363e7424740ec49ee3a85ca4536e13a4142e5235f6d1fa4800372dbda01a0de63d226b90ad57c0ae144bd0f34497878589ad5d7a399de28b3c6779f3b4346bf45cda3fbba13d55649e24f832466fd271ffe4d05
1787460102.752883 fcc_derived_config RSSI spike: -42.5
  -> 255 055bcd1b64673da8e7052eb4371bb20a23ab30038fc619565726a97697fc5533be876e1f04333cdb4e3498037f98bab564866c75dffdb798f624fd9a8d42334b17b5815cd9366215647908e43a1af5b843c1127da89d9d1629921dfe116588b86c864dfc7faba2c99abf4b6d05e793e35d4354933ace8b942140d6a3aae7d4ba6407a4e5af66077b8a4e6d1ae0b289f9e4470a4d3125c205d711f8f3c524d7e001ab9a7a452e354b457ce252650e913007bedf53e31d852dfc53a885d8f48f9124ed99ff015315e762d3adb3e6878fb3219ae576cf51d2a4bba1e3d1f1ea6adf94c9fb9943c62f887887bfb7c5f5cb568b228feb3fc680f977ef0afbf17f17
1787460102.75314 fcc_derived_config RSSI spike: -42.5
  -> 255 ec7acd63cd015f87820063d36c720767fbcc05bd6e6c76280116093d7a15f75113cdf6c5c4725a197f47d739e6b353bfe4db40fea2467489d4bc7ec8c2649960cb65150643bd44abf05dc99b5635590b59820b4af51c01377c264cee5fba761166d6e4c0a963b3e09c8fdf46bbc1d2cbbfe5112002913eb5f8f2425bc30cdfeff9cd1a7dcd4e8807f7da9bf1b4714d3cb45a143bf9f35bb70b33ef3fa766419bc862788b20899545cf05bdaf2458ad91fa737d3dd363c797da10e28540d7493617d2495f0fdbe0acede434cceac95138e19f4be30340689bf7ed1761fefc04826fe67a7e6e8ffe00b18f923b969ee7d85862e99fd4f20cb58514695817c408
1787460102.753407 fcc_derived_config RSSI spike: -43.0
  -> 255 49fdbbf8b235041642b8559f08bb853e5f74d661eecaf81502b5f0c81d25ab8935f74f9855c7201fd400ec61592f406e3b0b6b339a46ad9ea09b819b13aa9edd1d4e73e68694cdd78e6690743516af66bdb0302c75b65f6daa2041b6a8e112bf81b805c1f6b703cf20654e7203e79b43b7631fdf42603bdfec476a945db69bd19b89e7a8ce932aa2d7f4f94c11467407df06809165d82d7c3b8b28602cec0aecb7ad0f6a37492e85dfc10ab491ee5eec53bd125ec54a01e3e5251110bafe1bd709e30ba3243eea3eca2448a86d5b6e345aac1509e56db586b405c427fc891c3fd2f921b6511b006d24ea5e97f8328712a56368ddbfd22aef7a02b2f0b9a0f5
1787460102.753665 fcc_derived_config RSSI spike: -43.0
  -> 255 63ce95d5e07516bc8b40e758aaa1b3822678fdbb0517ab15e8721f844f1aec37a7ff1b9faf83aaeac59962414f914d5dc02c85b9e55c15183df805e915c18f54365df95d3386a4a92b2953be6dea702a177fe7881be85d17217b4872d7258ed6991d7531e0cb3f8efce72ebe648a998e937cbaef5ae3fc60a9b6a778fa82c2f33176b4151537d6e573e271b46d791ab157851ebb536080daa8bc0667e7d4bb8d816d76589d9e7d3abf47a67f6eb4bfac6860b68f4034c9cc23d964391cf0601ddc160e1d2ca1d0db783e34c0d702fde986a94fc6d366268189e1d2b7121974b148151eca769641272c884111711fad7ff6ae2216e3b60881ccb12893989bd8
1787460102.7539241 fcc_derived_config RSSI spike: -43.0
  -> 255 ce15664cd59aba341ae965f8835f68d087c675e3cb9999935b9eb3e10b392088df40d7544580d96e95adda34846402fd1ad6bae3fade2d443221944ee3db80b4af53a00fc1666c4178fd0dadd028f95778a47c8b5e4b41deabf5091d101f54c03c470ee4ba368136b662035d3bb972f357d6fd7ea6d782154c3f64e17f4f073378551eaa65c647eedeebf8e2e30661d5015ca71ac6f58239eef39918ea5023bb6d6601dd4fe5308437fbf99cadbea07cc0b2358230e73d247dc6561d62aef8f8b37f24abc027302f359e901be6789b0ba46d7cccf2c4f84ec26f2d78062eaaf20d3a417c2dd228e648e053b3fa1ba46be3ccb1f2bd81973976f42f8b9c32b6
1787460102.754215 fcc_derived_config RSSI spike: -43.0
  -> 255 62bf1589477748560cb5d5b591db7e80c7581f404b34ecf1f12345eb59c6c359f0d6be19079e09663f0b0341a293ba516f48b0f3fa720990fd8194018a45093048886845f90fb1fc50e32300ac42450d0c8b5768e7dc7b3a55958fc53f47a5d433e9e9bb7b513e318cb9a27fb53eb1b55adc4db741e20a53dffb98cfad1d8cf39e3d727577737634f9bb8c12266442f73c19cdb99515d69a6173023e762222031dc10d8cf8ba20e94ae318c3c2c87c9ecae27928e0dd9a62b397602f9cfb29420d8734f6e721a3c7fc81ba86ed603e56b56605497f382df29da3dbd24fc0c50005e5ca344e281b0a3ce560d34273c4b11605f6c0fde0fad9d77b7e3d67cd9a
1787460102.754539 fcc_derived_config RSSI spike: -42.5
  -> 255 b2bcacbff0d23cb8bcb67eff095e9160096de2195faa04057e211cc17445e6021925dd06856b7eb6746444ae7c92450c1cb0e81e873050a491fa2fab35dd7726e6b05b345a24c0d83fa56aad19a8587d6eba435ae55dbb3aa9effb20794935665215a41a1e295a1465a67742b918d1c5f6ebf1e4b11808e0bd4e5ceb3cfe6cc5645eb60841cdfe6e7638f2a81a27e63a75d0c656feea8802679f971a766a3b08592d16cc597febdbc7dfab6cf0ad5fe251dc462cd74a28a5228c2c204a40f25717440425c2284f0672c40be1b66846bae752fef0fffe50a95056b34c5b17bc14b4210722baa7fce02d9868d2f72b639071a20161bf9a4c0da1e79175ba25e7
1787460102.7547898 fcc_derived_config RSSI spike: -43.0
  -> 255 cc7586d040876fdaa6e74d414326acdd84b29a4e6ed0e68c722b84d1a8530627661d86b941feb0cc2e97f240fd26f2c07c4b3c4b1c20f585a41f90dccc3050cad79ed11d1baeb7f806f22cdacfc3a158bc2f9c209b08c1f8731071c6eaa1fdcc0e7f3cd7f56df2c34f42db60eb7318a4f42a04556301e13417d37dce85620a7e504aca774fde71a48a219615eb7f0d6087b931574787eff74221843336d6f9474d877b19f0e9c0e02d4049519fe76cf6c51f624b1b2fa017301e77ae96d6e6836e373d992b5ce9ed81e5ab4dc689c90c7a5b3b859ca18127bec9f273c22edfd32d8540e394f87f6312435626fa246d60b61ef2154daad5f28937ae72c6d234
1787460102.755031 fcc_derived_config RSSI spike: -42.5
  -> 255 f7dfa6d45f331db38d568728607866ec41d9f919f780917b26d6a31933a9968cdca0337346341a48150f235d2aa5004eb5ea8c197f8f444dd404cec47593f25b2d7a4de7b4c0a6abe936bab9c67e7170bfc99011c296e8dc0567c8041a9ccc7222b7ccd2dc699cce51a6383dd9e4b9bac5eb884568828a584a5fa58bda0f5f0788baa1aba890d6a863447f696874ca65e57189beed26ce849bcebebba73c505bec263766c025def5acd480c29465ee66b12ab11e31ec6daa1104fb0e260959f809c6f61a246b06eb84390c353532da1c4d98797624ffe496304a2dc6cd3693adb40dbc4818f5a5e788c530178512abd36f5153bf14fdd3ef9ce5fbadb41da4
1787460102.755281 fcc_derived_config RSSI spike: -42.5
  -> 255 d7256e70b063113753c0a55721c7a268206e237e4ce2b3cf808de645f59c4691887bd688cec39d8fd0014ed69f53c40ac6c7f37554db516c867296f7761c51820bd916582534de973e6629a98b09a6d2ebb6d7ec9f43282b123c4cb8ddc4e11451e51955a8bf322fc121e727434538f1a3ed77af3877e4b422e3017ba51cd08e53b90f7e1b87899b8e501c53f0dc8db6ecd2f56ac355f4a7623b4f5266ff873ece16284c23ec93f71a043c8eca78dbc337177c682cf5a5c42d4ac4e8ca4b3ab209d95e1bfedd73250adbabb89d8cb20c4eef0dbb53995d394d034b67effd14ee62d340b1eb644590a0caf8b86a36cc5d78ce00f9b35c1a921c86519832f9bb
1787460102.75552 fcc_derived_config RSSI spike: -42.5
  -> 255 34c2527c55eeca28d0e06781832541a6abfec46952d3f736963e05ac7121d6e5d00f4e3aac5a6f32c19a7046cae849f156fda2504d519b8e7f6ba2e5b03b1e9bed6eb8c6b900680a6a76618f2c29cd56b0cc72109fbe7c408e052ce925a84c8bc22b02661832f24f14fe38d850c491ab4206a32ef9f9ab7df0d148bf80cb5eb8915043dbdfb6242c5fc0bf8bea1b90305157360411d37458601f5afab10ec088023c3d36f3fb58a93ad952c7c51106c8c7b267ae0ddc703e8041b915dbdd555c466acd266bb4b759ca781fd70d38253eba9a75c0d41b4e1b8622eee91f4f686404c9d8207e2a9e70cfea92ee34278d4a6eb1ea3595627ff5a06e94e355d9ca
1787460102.755747 fcc_derived_config RSSI spike: -48.0
  -> 255 a5dcf81bd956686a05036962236a2c1e124aded079cf79219f86a2125afb114bf499c4136f117ccf80eda2685636e47e3f4b8c4f3de9d076bcdb6db46c2f2455d03e2e5150bf8eb2fb531d3ef040efa2d5d09e24dab2a756e697a49e6d745718fab968312d4fa4c16c872798e52d72e60c0154d59b4a1f0cb1cdee0be027f64534abb047fa7b6391aa34973a991de0be0deaee2e1b83fc2d02a1a5748b05c88755f30046ea1b3b4fb5321c7f19575df96ac840ec144bf37485f534de4dd6955ed4d93b02d3c9ff42d0a22bf61996d19635937b1082a3c57c6f0b17eb124c6846ed6fbec50b9405d800f33035926f40274b04875213c81f48d95e2d462546fe
  ...heartbeat: 80000 iters, 18.7s elapsed, 173 hits so far
  ...heartbeat: 100000 iters, 23.5s elapsed, 173 hits so far
  ...heartbeat: 120000 iters, 28.1s elapsed, 173 hits so far
  ...heartbeat: 140000 iters, 32.8s elapsed, 173 hits so far
  ...heartbeat: 160000 iters, 37.4s elapsed, 173 hits so far
  ...heartbeat: 180000 iters, 42.1s elapsed, 173 hits so far
1787460128.3143969 fcc_derived_config RSSI spike: -50.0
  -> 255 ab2af96e8c8332fabea3123d88b65cd660c9ce1a35383c06ee564ebcff8d1b6c8e20fbe905c2382a0fb8977a35f4ce5d073cd851e6223dc6066dda7bd65f401e2f7d9ec8433d5962657c216fada508793824fc8b47c1e2b56794aab4a39732bbb23f5e57d42e478004b6b832b624c3ae6edb8c5466bdf4094ef8fe4de6ff6065e857dd60c3cb495448f5c3e660e8f9c2dfc4a05a8ccac56dba43d5a8063d3dfe83c6d36a51556b06855ee1c3a131be9b9134964e0f77c7d0211f806b8cff349741a1630341faee7defbe7740c873a7c5904cb98080860d84ac668393b735ce7afb568fcae3aa097f5a6402d3bc5566fb21065e4d69af59fb19e759957bcb29
1787460128.315148 fcc_derived_config RSSI spike: -41.0
  -> 255 6b2fc13ee3442e24b96e5643609eff7d52a2607b33ca0562c13cf875817edaa9aa88de7428399282eefe852035e52e599bbb7f91591e580488b7ab6a8cf161b39a466ac4d452a2d2f3389560b61bf5944155d9bfb28b59f714f2597ec060c14db4c5a326510ca47b87bf5f0bbe6a93db7e7f82013977c9008eb09d5ac5a4553b875713e6ef3ae59c5f04e764c371f7c68ef4bef1ebb4c6b0cb412384c7dc9b8b519981337d6cb310c2391beeb1c7e77043e8eb22c0b755cf486d06a5662926c96c21b13bf323610692436f3d197832be6c34383b4dab41d491aa0544ba8cbe81a18284259af00d85e7e8857fd73951ee4b519897b984ee317e1100112296a7
1787460128.315403 fcc_derived_config RSSI spike: -41.5
  -> 255 32f37a25718f8bf1c5ec3d3fd35af7c85244d7e8d9ce898414a048dfb7c347a028b398783a5830fd9a9345093378a860e9dc50ee73b59ede945aa7310a6a30c223d95ce1e8e165aebf6bf8c9918d2edfeb133b999e6c5025a908a8a6be66979728adbd7adca1b08a15c35c1a53413e00eb40a556c26f11ad8f29f3b5fabfca360952330f6935553c9494ddafc448a639119a40f1dca48abfacbef277f3585748eae708707ffcf9d1ec9f1ebef7378bbc5b81ec0d155a1152317d72d2337b64bf494e27e7f8b3ec5b1b987f17769a02282c8206bc01319195cce66b5d174bc98649a19dc33cfb2c90915f7b84880d611cacd38e9d37dd893df4aef0d896de35
1787460128.315645 fcc_derived_config RSSI spike: -41.5
  -> 255 cd80fb4048174678f96db94514442cc9f193d7fe0ed9ee12bb73e6d6a649fb573dedd8c319b716fa6862ac9d4c542f29327fcadba36866f39b8016de03bcffcfd6b3f9ccdd074fac7354c85966a5f03633c630bf5990ade8adb55c0e71132c8adfc8ce16a6919bf5a6dc621322e0441a640c192d8f3017216935a2586e59e62a58d191ea5e0e88628503fb777c5e1aa109784050b16f072d8a864d52fad97be5ae507b6ca06f285c6f36c203f0f839d703337b33504bc08db0c59a82086d02feca092fe0b96926c83412d2b5e1ed8b2da25927cf71664584166cb99324a59e6aad07af8cc084ff26c465a645d22da57ca61bd631a14170db1e360aa83615e0
1787460128.3158982 fcc_derived_config RSSI spike: -41.5
  -> 255 11f1a7723d28b0f59ea67d4769bae6ce9f63528ec7dee368eac1b74d1cd1cd4fc33ed31b32ce8db883938978fc378f9ff6128738e422b20b28ad9c890b491a85916cd5c5478c55b679881218bdf7f0132f062a1d2f1747273a3387de270b0030da32a14f2aa7f8d80ca720b824c4a79f420b9414ecb45d2ea82ce014419038d7b5efd87ada082a684c5205fae184dcec666156d3dd72e646bf2653c0ea70c77baa4fc523e5226110c8b255bca9be158c7551731b77c7520f5a0eeda3dbf63711f123185b9669309a0fb3ce02746e42ba5c5d696c5aca313fbe4d68d613b6bdd869959886f8a7dfe7dabb47ab7b1ab0603bf7184df9929077bd93a2b8d796aa
1787460128.316139 fcc_derived_config RSSI spike: -41.0
  -> 255 60aa336d281e991527265f16e319bb3531fe3b32319f33f97c419cce1b51f132830c4a339006f2d2379a54fa96f3e66a7ceedd602e40377ae13a52fa9b2ef363652bba95563f25fa07676ececbbe1e23f221e2a7dac9e5aabd0e3a631f0824a9ba174284c7a65f620b38c8f55659d14245575f5771eb6feb7ad7f03c3aa8a468f2f1232346cda01c1ad3412f83cff0f4ced03aea6d2b851717d121b33d22c817577810b595353ec20a2972dcf1e13ec64837a49ebadd4aa227134c606cc3e52450cf9e9d39c985a9b6ac7f4d1650159c0ca09989312183c02a921889dd725a53f5e829a827d0fddfcbf3994556961b86c6c1023062b36a330e2a673a2470a3
1787460128.3163679 fcc_derived_config RSSI spike: -41.5
  -> 255 5cce79147b11b312803b089aa11588904cb32617bbc630ed267e7dfcf0e70df6c195995f3a56af40fc21145aed6f51212dd28437578647faca8d8fd29a63f592895adab89a9bc1b639c263866ea3425af0bcd1bfc460c43b7f50a3e14ab442fd335cc8e95dccb580010f7ec93cee354c43c4b226c79de74670fc63a5b8381911a9c7df79d9403642cfd8bc8327ad636c453b1fb1e3a0510ec6ffa43c7dc4ac18b6cbfd08976904fd50eba43ecb51139c1a1ba5e910946e2153930e535bfd17942698325272f41f3c53bb8c74bc56e9ecdeee0090b39324f9532c72bcb5134b8d6ecbd00a2014358cef165545a7581dafc0bd9a9792e923f3fff4a158834b22
1787460128.31659 fcc_derived_config RSSI spike: -41.5
  -> 255 150b78c9e6c37f0d2f226bbbf0818d4edf99db226d130bb264cdcce594127b091dce238d895fc565c976eb670dc91c8fa8e354672fce36f3281efd3956266864bf76bb505ecbaa46ad28aab9407e8795dfd5e3d8c4e5c7c6fd9455656659955041ee2dbca37d865a55a4d007771d8c35cae3ddf2647c49b1b7f71c61b6ec6ab4bb6daa95ae4a19d7067a52212af3c1eecff604302555334cdd14c7edff3c8261b8624a49951f8f8c775eb5520e536ddb54e7bddc8343e1c25d456d33b9f003e5b0bc5abdf1f996f66e003a4c2409a1e4811fd1ab66c46da1adc73bab99d7918be88da57295298c34d196c357ab0c4b21b99b243d765bc830e8c38b622f099c
1787460128.316888 fcc_derived_config RSSI spike: -41.5
  -> 255 867fa8a735ac7b6f9ac59bc67cbeaa396f70a602ab98f13ec7431d8a64154b86772bd64a94c85ded2ffa7faf89a646b20649cb48e7860f1efe6556ce0c0321ce9f8b9728a53e7133e94615b8c60cc99442173836621223fdc9730068654f43ad7022363844d978285b21a0a04a6f0ac1d7642b4c1f92756ab0b5de852f3e19f2333e42c517fdd69536dd0f52176f1d64b7edb4b66902d4f65e513b163927e2100f779cb96b53e2a1d3b96ea95c3be5fb596caf8871190ce19d8e4cb92cf227325e3c2a0cb964424f5af845fe959cba2c0c870c3b7c45f561288c22de6bdf66a86fa58b360ccc27dfc70ee736082e9adbd4347d4df9d3b409fa8d318c28d41f
1787460128.317132 fcc_derived_config RSSI spike: -41.5
  -> 255 cfabb95d35f1281f320613a14865be38a70833114e07c8581153958c4f1e6312df522e9877ce47b0ba5aa9696ed8a177ba61b4b2209fdd541f85b5b5ddf86fb7759606720c05b2e10440c173a7a5000d816cd02529d11edf673adab912b608969f409f7893858df1790b6d21392a50bb1428162531cac55fd0d0b9e9418909c0f79b1611d642316056a413159e13658b0aba84fb49400c97b21bf29c7637ee6b31921027940baa9c1595dfe2693c5d33389b10a28f685cc7566faf5883a0f07156633df9317d66907fea88844ec28ae9438800003f7d6a72b99f9717bea1469973ff41874b42e20f4fa85c5966477d8d14f0b2ec8b6b27afc80fe54ee19550
1787460128.317367 fcc_derived_config RSSI spike: -41.5
  -> 255 895e9feca4384052b5ed896ae8a5dc83219649c6e6cdb5552c75ffd84c37ae4f30442c6f8f4f1db3dd0ea060a8a1662e1c8ec5742d9881a5c28d536b1df990752ffc10884937bd99d4c1a2beee3e529efb87adf939ec76ae4d5c833689823aa40364e3648373f9183c77c781a087cd43dfd060c180bb322ad8a051cbe0bd09c383a2e8be8fac30c8f19a69170be464905398f29456dfe056a3f985147dc3580f4044f30cce6465356fa2823007f515dffea1ea315c098e705b80254229319c930368defeb63cc1580d6a6b2f1ce431096feada649818be3685afc0ffccbccc411d6f179af5fb5705023b66a97090c1f79a1e3e3fc9afff8d3d6cb6e1b61ab0
1787460128.317605 fcc_derived_config RSSI spike: -41.0
  -> 255 40f0a25216f0fbf56dec6fbe471321291606dc57aead1bc3a428e34d1c336f099e3ef154df02624989561f2da36a1fc1299d4591429b502bebb71ca9ad941fa913294d84c3454fbc299e6589d37010a48fce01d790a2496adde0385bf61984910b3fad551fa7d7a66f909acfe1ad3b7768a2d79e1edfba7bf16f57d93c97385caf644e0ee382408d501ab01dcf35e2dd6fa20989b370937298b6187602d72fb7c99dc0f5cf9efdcb8ce84d6d9c18f6d173f9d643effe99e4e1b5033b6533ff527cc016256af9844d4b73abfea637acad1907352baeca2e67a81a430e6a70511c787eb9ef4e02046ca654214ca4b94747a80f8f21b785b62996676a4cbb4d3c
1787460128.317871 fcc_derived_config RSSI spike: -41.0
  -> 255 eae3c7e08b176144a8551a5495305db25ed5e6156df2967cbe40be3093eeef4099d28d655f7e8e0b9dfc419369744b46be377c257a50bb770c67c6d544c6bbdc80807223bed0f7b66d65c63a549d5023b12f1ca0733af14d6abea44c3e4dccfb8ac6eeb80fad2650e51e9e3a3f1b7374feabbd7e3ea583a60410eaeae107c017cb34cdfbf84d1c6a92c4eda353b7de9746e17d329aada42520ef215e785dd5697aa348dc2bb901fbb1370d509329b57eb6e3801abbfa1d15f4bbd39ac4ddac02b1bdd4e85a2e0d48e5fd7970f87bee04a9f6b7ad74f560732009dca1cf91e916ccc0f65a71a7da5955bb764d63afdda57699d2027737150b055f75719207aa
1787460128.318094 fcc_derived_config RSSI spike: -41.5
  -> 255 88cc2b7d9abc37bd55a10a999c7e7ee65dc0e8f8bbe05c9919fbd3413499fdc89cb035f2e1d5d2dcf3635ef6996318cfe0ff9010ce3ff5793a2cc928127b0cb37fb86b418a8208235cc6b3f8cd27c38c2c335dcf81c69aad80ee708dfa74714d6e5c1960fc9aa1b76275ae582599b4a6171f213b9ffe9323a8090c981718745b18379f286c8bbefc9e2a1d577301bc0b7ce1c79f09fa933dec3a6196e6067faf79378689bb8f659a247b2c66f47e70410c8cdeab5a65902d9ee91b93bd562a14a95615edb060ccae112f88a3dd3661e385e6dcaae7775c744bb3c0a14f242eabe1dfb5c7aa1dfc059b116103ba0fa946d8c2c6d0486cdcf65ab5486520ed86
1787460128.318311 fcc_derived_config RSSI spike: -41.0
  -> 255 533caf5f1ed2fd8688f6769e8fd44c981a055e0061f44d65d596d70a6887df9a1a0e91ef24dd27ee5086c1397567b6ba0f1779d4b120b9dc3d66fc1b1b26a768a4363102b7492c2da7177cb2b1e176f4a0ea445f9b04b651ca3b2882a51aa38b6a2951090757c50fc60fdf5b952a8f86da67f7e74a3516e1c895d756702237a705b9ca25c58fc3524772b18a5fdea68f24c627f2bc493c75c99f75000de97d7f086a008a20ef4e67134484f1b703a46ceb8721b6194cfeb039063cac480b993d816624b9075776d928fa31d74dc080f067d784938d8efc96ee1e49856575496de645a82a6ef38bbf9e12c7467118c9c759d3389ab946483d25c642321a413a
1787460128.3185291 fcc_derived_config RSSI spike: -41.0
  -> 255 944f2898d6758aeb006564df6bee32c7a56d9d23d368b2d59efe86d27e378f2754bcd0d6543ddb82fb5d4b65fdc74f39b680cddc7237e2f6ea0d2e92f37cae5397cf35b9c776f7ae71ced077b6c90e14cbe6a859651779e457ff6cbfec73326b8e7390545b1921ae921e663dc8f05cf0bb7c33f8f17c27fba0dfd6f097950ee5931734b882ff412866b6f35d258d6b7f6d7a2ad67a2b83e987f71a92fcb75f618186ed9f7db54a07ebb61ce922e8eafa676b5ec1f4ef905fc9c88c36b1793de3b4188d7d9fa0773af80e3ccf38503261443a2887fddabcaca70b15ca7989f998f3625d019472e52ce24ab3492c564bf04ffa3d9840566d1b7513308c1ed888
1787460128.318793 fcc_derived_config RSSI spike: -41.0
  -> 255 a3301ed9bd25e8681f4d75e13282dc94965347d946eac05f97806dc47792e1ff8f32385bbb01034a51c4285ef79a1bc848f5c0b5f32e1c5e9f8bb8579e1f057cd53cffdecfa4606e808efd1ddadb5c675c4b58d23c6ff85b2c97cf828d224d6164f120d07a3732e56112861ffbfc6ac608a5ce11c266d3e07e23bb5d392ca5ffa0d58e88b33aafde7acafb12b9d37c618f4070da62fc0d5ef052ee85b75b6fe08454443bf54d2bcdf355e1251ae7bee2da2d1cb47b9925e689a4f0c88d148cb3bf7cba8140f636911fb53e6bef1ef855a05eaf79f9f92fb5d6e96b842c17711bc95f19f4ee8ac57e7925abed6b10c9a86dde2814e67ffb58ca92c39b7b2d94
1787460128.319016 fcc_derived_config RSSI spike: -41.5
  -> 255 f68c3b42b78e84942fd5eae353774441fd7a8c09ee3cc6c5345e6d88bb2a7e92547579585f67ddc95c8fe7e623ea1c51e7e921a0ecde76e999540ef17ba758b095b246a93219e1cab4734f2cee2b1b897855d6de1a2149c60b62fa021261bf97aa0673f23f5f12bc5d69f9397c74437e37666815644224a31ff0aaa920584d16171235d8b7459f16c28247904720fb2f85df3ffaa550a809e78fed267053428ab21e19d2ab34b6ab443dc60a91bca79d5a3c725eb9b01a9b338a845bf3f410d86d3429bb8abbad93d82e485578173cb88c5a366e43a4e1852d8ef7abc756d707b3b4bc6fa4158933cbe3aec4c82a62ae6eba578a278463d20e2329735768d1
1787460128.3192792 fcc_derived_config RSSI spike: -41.5
  -> 255 1da2fda6d79f0826eec6b4fdc39a15c3ec7150f6a0a16337803aea4b5e71412f779904f44474fa1cd69606d83e6e7f51791cfaf2b006b755b58d47d4485aa60c942bcfd64e61fc7ca33242942c4f2bea760ace799dfc9673aa82509158c7ccbe4529f98030da3436e67f95672da713016cafee4d79e478a18be0fbf1301ca3c402c2c3f25969c0f30fe3bfa978b6b02f1bcb735309147ccb92270610093b607cd612106751fc992d42d372ef9e2deaee67154e44ce48707c3db401472fb6f8b915c15de985149f7f9f8bebfd22b0c9a2f195864ca1e70ac4b0d0749b17ce6958ab229b2a1e20b40cc7353dfe9db6ac0f5922fb07cb835a090f860ed4e781b3
1787460128.319496 fcc_derived_config RSSI spike: -41.5
  -> 255 2f574e7137bf4c012a7dc7a0257401d4a245c5575750c3106f2735299e9d2d1429cec410775654370335273b93ca073ebf620f66a5c6f49b41f5cfa1c278a0a4a4a5acc0c381be2e0a88564f735cbefa66007d425862600a8e8f4874e30d8a936dbb742a0cf87b9706fe07fe4d0090684596ffa6be4ad28094015bc7cd332cd022aabef0d831ef456d30ef643c416f456c29932f727f814b069da866ecd6e75d8a157f0e73e1501a05db143634d24583ecb333b32aa0caa77a9e329f27cca243c55a7e4386e24f2519459e5af2d427e68f22d3c87c220104fea5631c3301a385154ea5a1b75576a8ba79626f64faee7ce731e5be66bab79a875fbd0002c56b
1787460128.319757 fcc_derived_config RSSI spike: -41.5
  -> 255 7af8c3f3629873ad1d81517d8777f06086b9738eb3b691e1bf858ddd82632aa2168498cb2ca0d6e1a4bbca76c2ef7d3e15e976b439b6bdc8caeb2148e5e505d63fe4d93f45ee72433634d6a34d6ec0d8b60a56e002f79f6a5f6dcade9327c623dadd7954049b5141b23facbd69551fb228776420766400c01449adab5f56f9029877790ad8bb3764c67b9914e4002724f830f300bd16790f82171056ce8a8af882994dc41d12a6b8c4689b0f0f20956660f3f5e6c2e8ceae75c4a39b7a2c8db07bcc4dc09b0bb792ae9df6b02545dff71555f8c1c98a36746e4d0373f546400709724d99a79dd15b148260103d3e45cac0a0d42277d985285f39b4c205bca2
1787460128.320013 fcc_derived_config RSSI spike: -41.5
  -> 255 24875e1dbd157c2314b1fa2ac2bbafcdb996f2532f71de45dc9c725317595959731a1a91f5d945f816cc06754c2471bdd06863c2a938e23fcf6cef4adb84028d2fc04e0024ad31e64137635efc3a0327502d80147110d856fd6b6d6574a345efc4ddee9b17078476e1b488a745924473b0999986f9ab81e66acda1315027c5d7a7b75e16964b429d2d4a818d05ec7217cb67c9f7c1937b6fe500a7b36d0f00ebed5e02fdabc076cd7336298b2b1cada1cb3791852a9cb5304f729578f3f42b5986333117c2a9b7e0cc4a71ff1ce710c3270a5e5e01138943c9937990374fca35fb32345e17a285a4fc0a8343f29ed1e8a8b5d6593d4ede6cff1da83b0501c8
1787460128.3202848 fcc_derived_config RSSI spike: -41.5
  -> 255 5554b19946012d1a4064fd935220690f7f525ab5a1636a7d7640ed80653d2eec131a3eb565ec6fa52f8cf209ba0c99da69b3dbaf4fef31d87a7c6c9c296a0f7db09a81754ca708f7a113d8ce841ead9d0078d227a5f9b9b23dd9cc2c9f87b6567e324725020d47fe1d0e0b1ecb4ca31196116c310594ecf53cdf40e760cc9f6422f5d1ee8c55ee7817334a286f49c9162f3ed086e375abb38dca3be0037079749e03d014fc3ac0eda62584516e6afec961aac0a7506bcf26615869e0e2723ac791a4f1a4a8e4d57e65a4e2accab5cea87f38200dbe1e851498546590df42e3a0fc4a0ac874d27255d74ec58763f8d6a3e740cd541d9cd04f7739f2104a7281
1787460128.320533 fcc_derived_config RSSI spike: -41.5
  -> 255 c95c6ed4c73d2f528d84b1a9356b120bf5b7be4ae8073c25e00cc4cc6e4c7e484d90ba60d0a6da33d724f9df9d4135b4c20f124e3a48d66507a782411cecf09dab7b998d5b2b05ea55f9123481ea899bb9c449352596634def1b33679d02d4885751715ce8b76dbf310d47a327fa2e0664465f5c98806d4097ab0b9ed5a9a614b63b7435678959a7a5636dd841ca73068f72e22fae7b0fa6dbe806eeeb514e7610b515af775f026cc5e96f9df6735ce3330c39af0d079f484bcdb8c8e2881b7a53e15e0e1f9ab1eb17016d46da49e68e7ce3251e5ddcae11173ab447832df083361f9c711e5923de8aed6349d78ca5dc9900fca2868defa136f85491246e78
1787460128.320844 fcc_derived_config RSSI spike: -41.0
  -> 255 a9668897a1e410b8905e40fb5fec95e0ef2c1e1580cd8c72146e150a0793fd9a469edcc47ce851af8fd12d1386be24e768105328fae84b2284887f9fe4055731ffd2a4c6c9bb58c5db6649c1821ded6af2aafc1ae0dcfc0b8742b9ca39a941cfa84a8a3849b35249643a924efcf38bab9ea579faf51ae6e7c08d4dba716f1928e589ea95cb445d5e68f1e03992bbfb9aee78dabf9727a61b797d31af23a0ca0d4ad1fd7738a1ff0516ce213707bdf40be0a6b3f6b831336fe1588c6ea95d9e56078c6cff27bf1602360cd09ce600bd8c8b369d3a1c59e8cdc1f5e1b9753544cc3c918b61bb60d08c2f10550a3646e306aa933787ae6f91af9749972ced4d49
1787460128.321077 fcc_derived_config RSSI spike: -41.5
  -> 255 539eef0a681197e8825dd92ecd20c7026ccb4cd5577d8b03339d72dfd9e0fefdd8f742cb017055119df762a3ec2fd79356a1cb5b519f9f744b9dc7ef84646c47934fb9da06bc3ece3568967a6ce47685e3927971041c1c17c5ba2ea91124f4f37a0eec9c7cf178428a10f973a02f2e3f531cc94dbbdb23433930dd94ceac3d8b763a4b0f3c82f82fb1df4f0d4fb8090105a61973634d212fa1bc153289da7b1a0bec3826737d651c1b9a544dcf9088df2c5668383bf91ee4efe665007d5abdf6d0a112d3786e722cfc93910620256a82280173b7e09212d103ee631599f5222fe8335991d46aa706ec599ccd9a9e6672542aeb478839dda9f20f0707ada352
1787460128.321318 fcc_derived_config RSSI spike: -41.5
  -> 255 ab4e474e44f11a067b8c0074003c00492c00e0345bf5820eeeeaf8a2d54c9497f5a716baf4e42127c2a5fda0299d34c0dda40aebc4b729e5387866029fd05621e1ff1f56ce2677515d490411fffaaaaad391d3911600124b00380d16fd46819ee3001d000f7d2bbb6b90523eadfdb9cce38b6cca43edaa3a8a7a2d776439da0939b5f06e3d6afa2c2f2b8406b11cf000eae1367a781aa4a3ebaeea67ee833b9779edcc863681839d738c37b4caa9291cf3538155b751bc66e4009be9052b6e85bf26b1c0bf1a07d9b5201127224106e86917a007d8531cfc599ec6f7ef252c21ae01f969b8140bd01f61e8c99c344dac06ed054166f44507cf2b06a8465ccf
1787460128.321555 fcc_derived_config RSSI spike: -41.5
  -> 255 aaaaaad391d3913c00124b00380d16fd46819ee3001d000f7da3ac8687d35148a529c22291d2b197854c9d32b4f6804e962aa6c110e2075417ebbdf995501be753258917a98e3ae3a4f80aa075501439fb0154dbccc9a546fcef4d6b22d198fe0690dff3bb8469a5640000aaaaab4e474e44591a067b8c0074003c00492c00e0345bf5802eb04428d20c59f2f38e65927702deb603f31dc6851bf22dfecfc7448c9a84ba68b323950b12c869c0c178f0a194ed3366b1cf4b4293765be908d399c0109bb33b04d60da4ef896f926ca035f3bfd63524f13ece76e35874c1cc895b0f72f22508d871f15f410a3222f61df9feaa1cc19c3e9d5deb1c7329e353ff
1787460128.321891 fcc_derived_config RSSI spike: -41.5
  -> 255 657173b031efc395d705743d2b3953df8e626500fd0f26e2a7cf10e737430061ac4e7f443e186bf22bccf4ac07632dbaf3cdc530690ea39248fdf2a7b0b0921b15f449ac3335e0a33fdf3123c7f9d4d070c93ba5d66798e946f3ad8c02193f548a9d80e4b6753215f05d96e703815ed709a2ebc351f69b4ddb351f5b56004af06e5e48363c52375dcc1f4454c2e4cb1f6cc8a1718d49db4171ecc7c5937205cdfefad47f8b95574f30ad3b988ad600dec982d913b9621249774be56189b0bbafc83439d415283dcd673dedec182c7639ae65bd42c710b3e2bbe22e6ce5805a58b1a38e563f8cf397935558410a282c2511134f84a331c88a22dcea374dcb28
1787460128.3221471 fcc_derived_config RSSI spike: -41.5
  -> 255 a0bc56547e9dbc7691ef7cdc642eddf57b3a505741068ef46394af614fd2a983f1c43d832a376c4ed5bc6bf0ed6b789c05880c047ca391b40874d40a55ac826c36f5e7fd8531178b39ca70140da55a1bca7ae1d8011915b78a3d28339316e68d443b00d8a495829b0c65bb3d1b750c6f8befea6d9f64e87b8dbdf8fe9efbdb87694fcdc0c0e7dbad4918c32a7a2ca2668f6ed6d2ca6bf362495e9eff95553f93a2591599a16215a3ca0c67547e66615aeeb540002544cf2cabefca8c6f644f9781f941ca75ca5c6df2eeef031289666ba58a118e6188cd142d48a4e5fd7bb79d912d18eb1416fd1915a2711406e3f66e5e05d2aaa1253c3874cda0945f7f82
1787460128.322405 fcc_derived_config RSSI spike: -41.5
  -> 255 59384fdaeac9ea4c22b6e6cf800b764c7d4c82064a197badf6cbc564d7085af0d9c906272378ef240d3361926e503d1a181b506934e6ddfeec402eedb4f79e72766e11df2045f0d5bdf733c633ac7a5d3862ec9c58a8d9b68a628a0a0e22679480be2f52f0d3cbd31b544b646fdea21e5ce060ecd3291a8bf828b141a895807b8086802e031eecfd94df5984b29da9c76cb2b8e2f281e757be33f22519aaf77b10b7c2b315effcb014600a10e6aa5ef5ce293cb06885553a7970130f9a0668e8c704143b6d5bef54e3fad3a15388a47a5c760a852306e56b0d4503fa778e4736bfbfa9f0061f81c5f685b82ff7f2183ad278c4afd17c7735f8610507ed6cde
1787460128.322646 fcc_derived_config RSSI spike: -41.0
  -> 255 feef4d5f99fce5f72dbe373f3263c2dddb1ee7b33dea6439076bdadf0039534370cb6514b032c0864d253b7d7d4b3705a06c958d37e06b46ae4b9234bf67bd03d3401e6a018b227af9d861f308e5890c21cbac8b9e9ab745826ed9fb5bfcea78ff8caaa57e6b9726176ec750ba2c36bf188534f60a7599a7a9a0071266cde7f2fa027d1b12cee9cb262aa780a333c18464207a84e783076155714ab132c628c1eae92116a8f349b4f20e3673c96ded377f1f4bcad52f6a6b87176a9334a15a4bc89a505ce45ae5084aef9b83aa5bb9ac33f50390e52f9cf9dfd05f4b50d62d73364249df3f66b337cf6483700cc5b64420c1357fefd21e3f3080ee19a11bee
1787460128.3229032 fcc_derived_config RSSI spike: -41.5
  -> 255 9c76204bfce0c891a118925b15dd444ff01209a06b6566e08bb441d82b05e435d45b28eee0215a92e8acf0eff38602f5036fea00bc49772af703218a1af082c929cf2179bc83b2de1e60fd6eeac709b53e9f0b38aa059d760947405651c9c6c1777d358ebe62d8e5cef84238272aa42ce475214a2e3fddc549b6fc0bed9a85d5060fae14fac4c6fbdb28239fe60587fd0d3197b5b5b84ba546e22785488f23d73ddca2eedfdee4222bd220e1d8364133121739a39a1c4b7fb3fa717237c4029093a83cd710246472f9ec0f694f0a2778ba2ccc53a69cd95013200b335b1f46463eda46decc1a8e4530d5d0d2f2711c115dc252cb1eb4b550b0c2c64f137b6d
1787460128.323169 fcc_derived_config RSSI spike: -41.5
  -> 255 c6a65217e0b3944ece23e649b7df3d46ee4f6b7b30d61a8999485ba425aa34b76c844de6cc5dad9215e230207af209c86f76b28f477238b79aa6320d648a8bae62958b41474a64cedcb2d18bda5ec8363b899808db323bc35a8913d080c16a405a180da68db60e161fdac4105cc9ffe6ff45d067cd3badbda74724c9f248fe79828ca8d2730f226d8875e4ee3e955054318658c390bb7eb5ff8f7c204140f3711677c34392e1ecc28e2624580247c569a2038935940f272baf201eb43673dc6dc6dfe50d1eb84b3f02edf869854c742b6e49aa2e1ab76b13362db4b464dbd81896539b078bcf87ce25ba7a7f103a7f0830f6638146faa1775ad04c594e60cf
1787460128.323423 fcc_derived_config RSSI spike: -41.0
  -> 255 957b2d5009f1895a4dfad92f4bfd7262c8e513feccacf7723f6022d3ef862cab08408938dc183285b8cca9821082c915c8967502c693e9a98029437ab913fa6bee142a81c445a74b5d717310b60a2b2e028a218ef8494bfb4d714aaa596f4a48670fab974ef8bb8d2ded29f44e36c9768cdbcd31f7fea437da34237fff9b49aa3e561d802758725a4490e3f1c68cd4ea2a8703b232068171e0d3acdf9c20e9a6603e832d4810c5d8979fc6e55a5a0120b4e31baf987f68e7c27c07e3c2a4f967c26eb770f231b7df90dcc7abd19bb4bceea0c75a2713d07db0b52952ffb1bd4402ec630f6a8045e8b01d8e017507d25ce2ed98c0c01a3dfa221fef09d57aca
1787460128.323661 fcc_derived_config RSSI spike: -41.0
  -> 255 f3d0448089fabe5ee9a1d81b4a02b78670f56441094212813e2d9f7498f68f81186eb34f2f817f7e57e7eb4cb0e4cdbaf80a3030e324dae512d395ada8b5d3a63ba12cd075aa59a35527a2bb4899ab516b630e763bb63ca0c59ad3578787dfddb374c4067a7dd10b5605fdb2155afadf817adab3b423c9be97f80dcee8187914b335eab90b831e0955078e4eafee65ade693cdb55dfae8c0591aa8c5a7f1f4e3a5b1486c978c0f824b4ef52422b1e58bd2b06fea60ed983575afa716875e0b2de32c81e1da436eff092b067235ed3cfced8bdec8f79c4d97d582b59d4ff46f7a062780cbc4a80eebff141aba3bdeaee542ddb297ad27041d2f87a3575c8074
1787460128.323915 fcc_derived_config RSSI spike: -41.5
  -> 255 8e6bfbadac75df1102a1b9da127d8f9781437709cb03894c18c945116d57129f17a36f88bf6fe60974c0326c2c7c78afb76b58b9e606e3f0df40d177a723fda4675dbaad02add75d90e26465d2de27d138d48d354784520024976e2de4f4afbcb6db347ff3f1162fa65d33e348f7a730f40b384d4b51fbb15a9bc04a446b0db5d6c1062d2f21d4e2e9a6f3ea67626a421b958f440fa977e3b2017c9fb70437152c246a90e743e3fbc94e49f93b6f805bcfc65d2ce00112ee1a57ed8b43e5d3e99d4799d6a465940638b8dfe044f671a3b0e3f69c14278ba4c152e351f4bbc598b38198a04b1c0384aa4b3f283ba10a4694ab3df0b886131c0d4e6964d74ef6
1787460128.32416 fcc_derived_config RSSI spike: -41.5
  -> 255 b829b0278fd04dd5c9f09cad8b3eba89c7277dd2fcbbcd1b46eb6e74a83d8c33a9e61a2081530c7c66c6fad407cbb941c489e86f6aa4744f8351eff865e3b06c84ee3739dccf0436f53a222ce6d70da7a34410ecf76baf7406572354cbc2c46529a0fc3fb120b67176e7471a7135202bb08b98d1dc6291a775d5c44ae564829a6c84813c4415624896a09e32bedfe355915ec12d696dbd07c5aabc9455ceb2018248d353c992f180f84dee44549c646c4bf78ed21fec17bf5cfd7f7ecb3246fdc743c14208a7ea4a74f05e378010bc7174033b41ace584bc4ac3408afa799d269ae6216bdc1c02b1d3137c12004f8a3b7030066de4daa7c0cc78b13ded86ce
1787460128.3244212 fcc_derived_config RSSI spike: -41.5
  -> 255 75c3df14cb25a617e4d93dfebe3d2ca2811bc1586daed743e3705c27bba3c63b9d9b3504456f46e1f1458174aa0062e78f83f4bc5947d4bc3390f0fbad811b63a5636ea2fce28874d0e100bf0c6cc12fcbf42062464a9fcfcb73df4483a03d4d15728990e3eb2f51369845ecc5c02ffb1df060266b3482ccb73339fe05b0d17c41e1fd39fd68edb907c6a3fbe7c7e7dd4c4b1e5df6eb8daa1cb6c4354952f777e01933201b96b2f371646863f4ba8901d9f7cf5c703e99bd643e4df49da9739bc53d5cd83ef89543efe5326d6b2627bd61d1c52a6fab79d2cf867f75f7ce1c96ec4e2577b9d36f33000b1dab7d18d4a37a805d031edb7f9fc4ba4bbe7d7490
1787460128.324655 fcc_derived_config RSSI spike: -41.0
  -> 255 0236b7ca2e21ea49354cbeff56b83e5ab43843375465b875824b04c56bfcb3f52a1f35cf78c7bbdcf2496318ee0900b134984bd70386827b122477991afe8a16af73f01b42d07016958a1c03d6f14c3ccdc2cb5bbde90fc2dbe84e09cbed352891f15881043572ec7c417991b0abce3ec359ae7b3096c7b651438f414df77c24a852661e5e62b22d2ae3842978551b89e75a17b2af0917815499558f46f7f0938e2d65452f3d90e12b120c82cf2b1e34573397ae48ed9246db64f9a71ca1949894b22312f1ffda0e5fe9be1330431923ea1deaae73cf7dbae1916583a540cfc402258058f15267b4428df0a178244756198bfbb642008b84c2c90321d49751
1787460128.324918 fcc_derived_config RSSI spike: -41.5
  -> 255 31f56e2eb16b9b45662033e6035e1f5f2f47c1c045e73d5e04a33b46e32787400a452f1398f5ab7bb362fbff01464ad0045bbd2a3be834693b069556be6cef044fbd23e54f99511492f8862cc61cfde06d05621f20fa579edaaa90f20ff2c8eea7e3627e39600cd5edc1f403c7a7173b573e63c0fc8c752bceb8e796c2f69b56d7d9ac26c3f44d10f70509a2a26e4287f8f8335889a775e3fc418f7339aa2539af850760c3919f1951a339e8b3834869d078e833d02c683d7a1bc4f3275cbbe30d976059c5761277dc4f94b6720ee6263768906347956f7f2480b70e0efad624d8d1d81cfad1de746d11c86745168bd46f7776f4b7b312430b80b7dd3cf695
1787460128.325143 fcc_derived_config RSSI spike: -41.0
  -> 255 6e5b83eb1d9bfdc14dfd07be6625f1a0535733c8e23c7e1ddffe67589590a5a2a03bcbf0a9f0b3faddd318208dbfb24229253e63dee4ff4ab65036df8009d1049c09af0d351efecea4a8d3958798d7f678b2ff6403852a05953cbbd6cc85f1ef28e5ea9da7b6c5432c5226b964c727c56e59ba65f82c0c1089be9fb86e35694d25dc99e6d7910a686e3e829dae192b736f596d785652967324da9c00c5c66171ed496f3185617bea890685b38581c5ae8b3b4aa293d20597df64c46fed20c11513098ba809f50635d650a9a8d2790be0b8fa3dff98720760a188924eb30aff252cbd70a1bd5dbdacda11177e62290a8c1ec97bb44dabed6918b49becf65648
1787460128.325378 fcc_derived_config RSSI spike: -41.5
  -> 255 7e77e75c4e079a94758104aaeb71cef52b6f0cd218d67b4a2ec6491144fa507e783043d922a0128e205a033890fcc60fb90a09cd2f0deadb3d530702df302526d9bdd1cc7eaebe00917d9cbd8d6b7cb2aab1fa9007f4440804020f6d929fd3affb42bacc7c3dd6cc421d58bb7ca8e80f232530ddfd1eae0fc5201f908fe75c5ea781516475605c90b2087c5833c1789cb652722a28d80aa3550d462f853a2399e1a0d7b3f5ef90bfba6021bac957dd46193a7646929fbca9ac2db928de0c942f1afd1dac8add690a148e4d3e446c6b75b3e055f921753754af7bfe8761526e709b38bc38bed90732fd78f370017f84990afb91ac39369972759ac4f0d0efea
1787460128.325614 fcc_derived_config RSSI spike: -41.5
  -> 255 25f3763e85521a20cca4ff72ffff6f77abc29ec2e264570203f60296dea40491ffa0e729b071d8cb093229ca550a3bd828adf5b0d64f8749ecba3a90224ff526cb9b31b71593551c9343173d889b06596f7a4cfaaa54c37b91b1d9dda6ce8654ac1da319c16c30c817fd56f6fd819911ad0c30b7b962eff7f22946057bae039f9e526ee59f02be589dc89de37dfb07ca463c8c0738ddc28ba19b65e78e353b4daf244a9123fbe22287690f2f67fe704392c5312486f730027e5a2cb4432ddec6e5a8b49ab3f4639ff9f9fc319293ec2529d26adedb5f53a0e9032bc18adb3c003ced20bb6380c59ebef37275d56553a8af25edb45ce6fb07d071f427ec214f
1787460128.3259048 fcc_derived_config RSSI spike: -41.5
  -> 255 3d6dc6a0426fdd0d688eb9c0e37b05a1eb4980bc06adeff6875fd0de135556f8cf0c37db928ccbc3ef815b2ad250fd84870b0e6a391dbdf48fb4d36d2e2472c14740a28c0b0849394ff3243b9f85a5be1553136cc9c94ea98ec2694f3858351e193186eeb0490515fac02f0dd698643c048fed568f58eafac5a3d0c396e7594710ac821b80ad3e7307924d66121e83b22357a59abe77efe565fa27585481bf345632288038b84f869e3cbbdcfcead410cb576425e5778d2dc4e45a720b6535e73989b419db6c8ed00962ca2332a775e986c49ec22fe63defb4cb28f5824b7bff27f4c9d1ea55224c99c5b6606cf53246571b68b70b8f8e8889d4f55e5b70de
1787460128.326179 fcc_derived_config RSSI spike: -41.0
  -> 255 f494c5bc2d44cd2345246c1dccc0d62f7aeb2bf97f9c41907427e38156be5543a6dc2a911f7c6cdfa33307d15360e7b669808220259c975740fbe3c6d586894dc2899f211b0b9c1e207b28f689db64e0f2d906754af31b0e1520cb86629dd283adf53f0a11cc694b29f49ba6c871bb9eccec570041c3a2e8377e851b0f755206a9c1ee85be4a05a37f9f58af846b9c7858385d150a6f372c8df61ca0b78691a64b37606a6647c79bc8eaee781e85cb18f9b9a8a03f059312c775faf0deacd17f15eb3076a96335a62699c752c0c24f6fca49b92ee56167dae26021e89fb16d5cacad8de4f87389d7e255601e4b2bb73fb024b1de1740748af14f0ade218462
1787460128.3264031 fcc_derived_config RSSI spike: -41.5
  -> 255 07d5db12fc2a5b561691b9fe3cf1e90e8ab1a118512b9e28fadc3aa0ebf1be1ce7e09df59c28ce17affcff03ba9a3c24c09e587736bd4994f5426fcfe5da961e0e152514ae1f22bb15e778961adb64bad26680b55b1ef8de256785a87971938882fbe402ae9ad8b494c898e664a71654041b035305ddeb2408c85081c360eddb4a037c6fd7a906627869656f5050fb0a7e607fe9c9d3b6f3fb5a0f962807cbfb6f1b2457a138240b179921c76b0cbddc1475b3b83e2c77ad80b2e50c0ae8b274cefd37b5e36e851a8215483231aeed7282a56493d0f2aa4ee3ae1b19250c7ebf1970c298897fff72d407fbbf15106f373b447cd36008d329f234cf887ba333
1787460128.326665 fcc_derived_config RSSI spike: -41.0
  -> 255 562d2bdaf90785b06ffb2cdce4319534b710c0ea479427386f5ae6487697091e814838af9f1027dfd4eece8dd451d227f4f8b8f4c00c8a022af1e7900f4650f3c59b0bed27c62774b126d3ba3fcc7fae9bce3eb9a2c56da67b13260d0543c4a6d61b1fe463a460fd091a90e7822515a4e504cba112ae8e404b38f3f320487dafe5f400b1624b3f1f18042a097eafb3a66d58af1bbecad31290337966825791b7f1b3b5edf4d4075d4b27b54638430130212347645629b9e6c4a7d25df8c154a45e5d0740a6c6907858730876584545ea639555447a80a69fa2b594dcb6cc197f7007fb2f8047e1df7ceb3e95a2c4caf7483b22216405872b685c8cb13e65b4
1787460128.326953 fcc_derived_config RSSI spike: -41.5
  -> 255 b52bf2efa6041d4fc384cbf559ca1b6cfeb94bc6b0365e89637ce9b97fbe15ba15761f63c41d1017629987668e50ac58f44d16003714647546f00dee5124d9e885335c16fb6cfb4ff19a58926623d29afb2b5850d6307118a6fe0a30eddde88a0fa1a042ca486d02dc51da327ed5f519eebc1651d77651afaac3b38f1e14fd2722e22dd8dacd0fdebf52da08800940f778d7cff75642a61c6a4d2d73914cb422b852f65d5a3f15719ae69fc54f32fd9e8cad6ade2d3780aaa0f4729db0e7418c79941d2f3cca4ecf1baa45e719e593119a722a95ce96bdd83663161b19c9a5f76372e55f8afb4560fb3fdac6f03b35ad40ce5c9762dd8ccca260e8e43e2987
1787460128.327204 fcc_derived_config RSSI spike: -41.5
  -> 255 3be90c40c65512f94d85e65a96c68c8fe2b23e1fc33a6a7d1672a6485348b3c05358f507e9e6b3ece9eea01c4946883780fdc05dbbabf455d2aaaedeed76ed958feb0a7625ac4896dd35e86d421add67fb28ccc55ec20c21ade5bc98a5243c1ba25e171d401e4afda84222dfdc9e7d238083e9b1963a313692408c282e930877eb16b9b9a79295e2cf9c86b91e8faa9e0568edfd8937ea1383ebc15087edbf877eedc59462ceca6528656a8cab6aafc922674733f96ae353fc46ef433bb238ceeff7d5da09236c29d39c058b2c898d411ac135ff5df0ec9e56df73718661cdfecbc720a5f6e4caa77d14431dd45db7521bcdf249b839fbf115c004a2c145d9
1787460128.3274229 fcc_derived_config RSSI spike: -41.5
  -> 255 3abb3bf0180fe5cc4d610b15e611d8bbf645da4a55bcbbf794416d7ac8732a13a7fde8f0adc11e73965d2b7f4092b06ccc6892ec43e86be932f3b0334dd7a301acdf034a34b12dcf6f95724ae7f6af1dad13c68376d3f6330cf80641695f9499e2f746d4f167f64800eaa601472202713305bfd7c88826c9e34e66876a86ad7f90b6937d307b9177071cdc7372a5ce941c5983d2f9c6ce67a087e3e39f980fb3020ecfd2b9df2e18291c8fe9276a236c69c176c24c50f35bd56b010c7dbf1e21af84a255f3e2586fb17712fbe4bae3adbda84e7f45db2ba67258daa3cd2e3373707fc151c92b14b45279737d72a733f662005c9d4deb143ce9fb3d0cd9c4a0
1787460128.3276448 fcc_derived_config RSSI spike: -41.0
  -> 255 0d9e0def936db5ee2c722c9411339f150fd2c86d84a96c18342ef13741888ae4dbd358919db40462f3bdd5b2bcd08abdeb595aa451d49d26f3c4950fae48d790cefdcdacd74a8b7a1a9df4bcb09f161c113de94fdf8cd73fab03c116c68cd31abfe08d87b50ab36e350d4b8d93ed719b9ad0ec5435de9c3313a49aa2f47d0b389418cb312b4a9b11b2141b4c46d656ea4de03d4e22282de1cf5d8c0465c8026b2e06afd8badab7afd946a1beb485b01a319f698de53fea9673dc818cea422e3f2f0b0bb172b49658d3bf36fbc452fc1872d5469bfc590de935e2e9cb137ab7c5b48a6657755fc3286828065e28cea9c23b81709045390047aca26f59385549
1787460128.327899 fcc_derived_config RSSI spike: -41.0
  -> 255 d5df21fb2150f160cd67735b90efebd4d78b872ab0eb5e7668633025ac84386239f13d7d5209fb348ddb650ad013045f420fe743e1d423be0053f2e6bdcb7eff2b3802f0da9a1bfdc699d920fbf7305f9cb36b9e174c9cd6203b398fa89a60b739eb3502a0aecc76aef73d7857f0255186096488afcf64879b9c98ef554e4ebc3c2e13ff8dea323f0e4d7342cfb0e22a75d6915b2964932b70b8d3ed4131f49f620bc7c1191cedd4772b426285071225735f03c86d7b887888002f9b377d359185b5af909ce3872329c1672b030eb794070d90d1ee9ea7a85e2d7e32d40f3fcc735687ac0cd5d2a36d23a76336fd5b58b83f4451031d54aa720a012f4f60db
1787460128.3281522 fcc_derived_config RSSI spike: -41.5
  -> 255 289adb047a1af5baed306caae56570c41b1d51c2cb023ca1f499bb3879f3c3e364fad404d6d4beae11be97c22bcea992a1a13826005118efdaf3c2e8b1c4120b46f74a1facada66be8875043122e496fd6e4d9ce6432bf2924edcbc98b748a0b8855a409aef7c923bfb6ea52449d037a2ed9ce0865d649c6b1f60417b000877cb88d262904d0aa33bd7ccd45edf59ef318765042351a65bb00fecd7cc8fa01655f761001ccfef2a2409b51be834cf1de9f026a0f8bed582ace39807d0e75ea5d2339c9b2868bf7d0fb4fd2333d4f958e4bf4412d097fbecedc9823e7cea53b96a7362e17b52dc55e4b11d07b942f4dbd2000b94f49ab5b534ccfe34b5a796c
1787460128.328406 fcc_derived_config RSSI spike: -41.5
  -> 255 4d333d83b6c3d27a5cc7c1b03e6bbe24ba6ef946d63d654f73f35d5dab2c14c932581c77d5c3b783c6dddbd547eb3727cf04b06ad97306bd85e0f439fddc265b23281c9d47a05c81f77901ccaba688bcc524c62fa98f986dc1e3b8c5a1acafc387267db594944732511d4e016c565aa018388a441e5858fe44a302e6c007e1a59d33664476e578ae7d0c6ea8f5d3ee3a2c4322a1763c1bc9e1d04afbea6883ca9d40b967c38ee98cab84162ca29adfc87139e4e3946b5e8fa025ce9113cbe3c657664675768c28cb2de6c6dff7749056ca991a11d156309d2abd736cb981458bcbacedfbf2713e85bb2f415b33ed4952061cf90fdfe5fcd5082d1fa756b0d0
1787460128.328657 fcc_derived_config RSSI spike: -41.5
  -> 255 434ec30475e2236d567385f8c87d408706bc5fbc76c1bb12c43d044eab3d1e0060f3339e480f0bcdd02c1a611ff688cc7b9687b73082f00b8f39f7dddfcb4c7477340bfde9aa8df49081bc456efcc9bd46ae5e85e91e10346a62a7c0780c9955ee2a675c0f64cbe5f7d26acb40f934e17756cb2958f16fe559080630f8cf1d8b5248d2380327e03d98b5e312cb13e51e65a67e821134a5d29d47eb28c3ba1c936f5189a869b025d9a49157d2287327b3e8e116d55d88704092432bfa1e3383ea21ca93dcac2f25739f744bb5f8e3647cd2fafbf9608e14e112a6261f5b92325a256fdba83de861785532ba1f678028ac829ec989299e60d3024b7fe27e11d8
1787460128.3289049 fcc_derived_config RSSI spike: -41.5
  -> 255 e37d7f25a19be49fc789ab4fb3f60e844056add85a226ca2b5a0af44128401173e879333ef53573e9c25e7353af97acf237b1228e9d5eceb2d86c829ee0e4dd2da360a7f2f1b0c929e9f05149c7772eb2f999cdaf8a54b34858aec930eff7caba5c48d2cac50dcb81a3c714c82670faab8902009535e0b52cbf19de72fb2beff6b2cf34ffdcad33d19a533403209957cd6aca7f98e774276493eed67b1a652c3afa91552f2dd28751a6e2b709589897733b687363a79065733fbcbec6eca1acccc892778d5657be83804faf6fbec7a3d7dc64b2cffc61a0dbd36ae55e61dce82479ca722a3df023ce007b476132cfc3e2e44ddcf5be4e854a742d081a16067
1787460128.3291452 fcc_derived_config RSSI spike: -46.5
  -> 255 6dc7bd261c04be1665c6bf66a08749f51c0ae9f437ed1216940dc8a1fc88ff26d8e345e1755949a6f2f904bb577340587882b4396772991a24cb1001e20b57489807c268137f30e2f61c42f79ac74819ef00437f50152f3febadd5103238dc6b2117a7c68d370c5bdf5c1bc31bf3bf71cbfaa5d8251827618c2a9f0e6f129aac2e3c869ac8a704f854f44c4a5622183b90dc2273689f2c3c41f223739dcb98cc976a911b3febacf5a9bf062d887396628f761b2d6959c03f255a3de76ed0bd3d18687ffeecb1e0a91ec863212d37fb21589a895e622be0a86d416e9a06bb55a5718587dbe3af4c05cadb0df0c288beae7ce9cd45b386f97fd49553f7a8fbaf
1787460128.3309991 fcc_derived_config RSSI spike: -44.5
  -> 255 3ff06389c45fa60c8bac3a1824c12d55ab693b8d1ac937c5ed04192855d56345cae1fc83a11d5472147f356d6a684f6e464c08c06a62acaff4766f1e19f0a84c89ac130182f79f76e6d65941baf67409b3ef59412cf7f5d81f9cdcffe51c3640eb0fe6fb5dc2bd103d906587b6ee6b98fc67aa6b91b8a5f330b40b7178ed292894e61814d94b422bd8ac3f1a45f8f255b4a17ef97af3b8f79fb9085fceeaaa2c14c376e9767c0e190330d24608ceabbf2646cf411f9dec78de469a2f2497901c55435a31ff518603e934f1d09160846e1753036f2d62d4b6f7c5deef569fde191916e313615b2901c53a6d3dc3fa6de527524b0f1cd426e2a371d9ef61f4a8
1787460128.3312361 fcc_derived_config RSSI spike: -44.0
  -> 255 edf368124825b02be1112faede337c67216e7ad06b7a003096bbf5eee519883859fe0888876dca9db296c5323ab744b7dfbfd08edc8643d94a592dc213bfb042670596e76df39e71ea45477c0c88c28f64939761293c0ab94f347718317544e4913ce6d2166bd0c500a0e42c1934bfdfdb22bebb23ddd6177855049aeecd2ee8a01ca9bd170908cc7f8eff761b29c519ec93754d2373212e676375f60eeab4babb54c2911e8f990e3f4c6a12876b765bb410bf7d1cddb02ad7a05f6ce3c864d324bcdb88f471757decbbfc5f5ccac19ac40c5e5f81bfc5f0197e2dc4e4049c356b7d63977b6854a0d60e0a2c146ab06ea091be48efd5569f6fc6c2932032c6
1787460128.331455 fcc_derived_config RSSI spike: -44.5
  -> 255 4c4a415d7a6577124b2337a6ddebc41669cc1118b2374b1102c38a902a8409f83d57e6ee5985ab5de00c5c7ce91abed7dd359fdca428a9e2efb8440abe4257475739bbfa2440736d8b63e4e1826f8ff57ab93ea6a299a4936bc9c5f1dc663d0a449941c6bfe479b603b83eeb103cddfdb719204c81fbf2d3d2ff6bdcb9f40b6fb498512f9f2f74ac5983ce393457ec1cbb7920c1a96c2f7bc3b4314a3989d1bdd62b5035f92bac3ab26f3c20f0595f6f8e143d3866ea11d4db46ecc7441137dfa0fd32d3f2c0b46fd091d65dc8a333dd643bfc8dc94fdcea132db9e3747d9fa9f196d5b2375347e1c218a20e516a5a0c8761945ce9fb2d8698dac75d34c653
1787460128.331671 fcc_derived_config RSSI spike: -44.5
  -> 255 72fe9812611a77daba659ab4dd3d7c3b9aba15fcb91eca624526b110a19712523b99e4b170db6529d822e4aa12af52361b0c6acf7249587cb8b76ed6447d88ea93369059683ecad93860307b94e24ddcf281c28a67c17342c2e7b148295f3eb37b33a7eabf8cc3a7571a3f8ac834375026185d697a63b3b75f808bfb344fa1333628b6c4faf66ca16b532d39c5101a92dd7cd479a24b0c527f5afb2d272d2fa3c5db87098ba3d56a0ddb637f3771d7aa17eb88f134433cbf26704e3c00519935bf23b248e03e093791b8e12a8afcd33ad51408553950397f97700bb42e6c0ca327277717d57198a576812a9bf7b7bcf2fa25ab29912dc0bbe1bdca0ddbc2d3
1787460128.331917 fcc_derived_config RSSI spike: -44.5
  -> 255 8dc0709120b1dcf81dbe290e18c24ceae89a4f525641950c857b949ec9747fd3cd1510ca99cda581ab5911381e4fbfb4c7c91594f69ea883e8ceafb5827da0623d8be990f137680adb143758ab5ed51d444f8f3f3163069961318458d41dc0769e99894fb25c79ee9e601ea32d64769263e08fbb8328866afbb7208eb907256b98074653f52938ab6032f76ff1ae83b8175986182ceb8ee97db25c916d0fe0c7b4a27d8cb04309dff142ae7fab7154a7a26ff7e08d4178dcfcff63d708afade7c81d3e05cf5a98e3d03a09260ffe1826befd10dd93c65c4962d0369e5c86fd585e5e9a93c4ae86b202ed665ccad80e30a1ef0682b3dc5d127f36ba7348329f
1787460128.332177 fcc_derived_config RSSI spike: -44.5
  -> 255 1e868ac5ca2a70c5f567e37a2c17aa3891634e6053af1cbc85c7c658273d3f3cfd23d4ec07521e6bb16b882cb10d1344468dbda20c7d37dd535b577be83e63e911e2b288ca5eeb2d8d362f0d59a480560c94b73545cd4a96f8360614cf91c062c121442e865e4a63f77932f3dcc3cd825a6be5dc1fc493ee9d124f92a2bb4f14e2601c6cd72aa6e804fd1c4c0c2474750cb32197634d80089021418a2c18abc06724cd17cea2226bd4293f4a306e04c93a15830a035ec432a4b5ab234f9a3bcd3080d5cee1506c7f9b16f5670e99e9a36888e686c4741317769e009bd25b33d0ea750091401b9b1ae7986eb1697769612f0105661c56ad037dd25d336a9e42
1787460128.3324301 fcc_derived_config RSSI spike: -44.0
  -> 255 056939a099243512caea30f2e996b2927c72707c7fd36aa39f99598683a598704ef7da776ee9435a2778c997313161dacdb9bfe3331189414c48074e68c91f9fc50059855ef050f883dde0d555b2296f2be44bf8c89514a47e8d1da99cbb70a7950132826ae30b094fc6b6ee752605d7329abc099b606017288e35d8465b5a328b905e15f1c5349ceefc55910b630ace5280d5117ffadf83fb04b037b5db30baa24cb799945b790d49483cc1b45047091e1c2231307770a73250e3ad4290909afb450bb19939b45739edfe6294a83d905035ac6cfb00de907ea4999d4837150f3895039ef75608e13541b7352e50bff67f4d36683f9c40d1f484ae04a6e71b
1787460128.332643 fcc_derived_config RSSI spike: -44.5
  -> 255 bd9e843ab19c5766b3598631c63af619bf46b9230e7ea9c6f2176e1138a2a2e42c866a6e702af772ac97a7f38fd708ed938a715246dfb06f466bfc22fa83a84342d290ba77af0d3a52f60ab6167d201969cecd4e00c41e3e732f3dd7501f4109dff9569cb28b779ea1d7f81fd107f43c7fa7f999d46895f0969b27cd36b4cb3adad4801a4eb21e647430df7f3c562ea4e0f2f8a79f3bc7173c3730ca949f19eae0aa25969a7c8017312e3e4bf6489372b12fad2fa61b394ee1c8d460d47aa18c6f0491cf0242bfc9fd146a9b041d567893279ddd90a46065690de2f9fb07bcfc550f7c10f008a208c3f329b6c4fba2880d696e2ee1fbad91f2d4cc3ec42557
1787460128.332874 fcc_derived_config RSSI spike: -44.5
  -> 255 939afe07426399ac875211e5bafae12065756cf60eee3dc6aee1ac7070e21593e048255cedb52b253d98bbbafab25759a3fba37f859eee21bc9fa481387a6030ec8a865b01276237b17aea2764acf336e5f432c2cfffe6e5b087017c59d26030118658992f012ee6a52f387d5f3d3bbb8d711c48781690f06b6501136393e9ec3c68692590d8bcd3e315a1e703f4d07460e5c9ce4e75ae7ca8b39bbfa918a234ada80c5b99ff38e1c009579e561dc6bd0c61e0d027570c7c671dbc665a08c9dcbeb5cfd7d5931846bb7823837f33cd067d934a77513a3d584bd0b35ca4dd2d2e97a399c51942a69bc5d6d711c0db29f5875fc8d26f65177e92914603788a81
1787460128.333102 fcc_derived_config RSSI spike: -44.0
  -> 255 40c315c26e678afcdb80e093a6b0308f30ea431453666ed475836399a32d77ff70d873315324d23328f4d619785e6c05ad2785b24cee657d053fd543e3ba5d33dc7ee89844757403de666f1b11093f36ab0e561337b420e83ec8f8567580af984ffece9c62056c48b17951621074396ff36bdb3d7d0fa770391217e31edbd64b840489fd77254f7f6ed2b94479b74baa31cb8437676de090fb3496e4458a50aaf6ca541f3212ff049c61421dbe06e62c298d5720a369b85b3524aedf8cda7d3eadac154810687fab67c5577e5e49bdae88409f4e005398cd020e76c96c46d7e4ca14bac05ffb7797f1456b92f93754ca0ffbe56351326f987cbd18b3dbef57
1787460128.333354 fcc_derived_config RSSI spike: -44.0
  -> 255 aa7f5904e46b6723834825f333afcbb72872fc5cf1c01e486601b0ca91313c6ae6c0a5e053ef2f85904983a3478eeab894546441686658d870ed00dacb9109af0d7674917a19fbc219b6d78d066dc065bd69e877a853d9bb9dc628c937085ae2a41ef22eb65dd35d404f8289f8e442e0de2be6d965f761e487a13ee8da5e88ac11a205c9306df5e44d4f855134b0c44f54a6b5190f917a3c7df93b050fbec3b2aaaa505644c5dffe7e2c7caa874b59d098d5ce1050cf716d504fcb97d34b08d6f5e460d97701aba25e4483ab1e314caeaa5eda9468d5163851e4ab1907c2a95f3d2a2630f9027ae350c77feb2ed16d36b16f9010da17e34b670df922e61e4f
1787460128.333597 fcc_derived_config RSSI spike: -44.5
  -> 255 796c7a287ebfd767963de83314b84c05b97678213fd9f71cbeb94066b5f057c7e18da7b1cfa12b4effe2f3382583d2f370bb0f9b75b853536e51f434899f85f14dc43a6cd97e25a0bec68cc0d053020053ceb7548f87e24b46cc94c7950123505644714e6817255911d2da2c730fa92ac08fb5bfaaa0fa43dfb1d27a2ebf4048998f5be4a7a88f5ee3ad57967d6316c4f086e9be189ef037f1eb634e368882a0b25643d86f39b08d9241655a0ee4a60949611bd0ecb3dbf2eed6fb92124f62ed3788e137a3d4005ed9b7afa9d6e3daa1b54e29c009b891e80061bbacb4373e29ddc777794cef091ab56189d6c54d16d9ecf2f3aeeb64a0a67035ccdb8b57d0
1787460128.3339 fcc_derived_config RSSI spike: -44.5
  -> 255 26a92b2796e5282bf285ba2cbfa0055183abb1cc8addc4b9b14627ed521f1122fda3a15e81687d2c90af254dedad31589c21ace08dfe7de9cd792b24da54c4d623925896d22df9ef74eac183ed6704cc59b1de73b99fc40dd9014ac1f79216413abe265cd862726c55c354b63ec2be7dcbb1bb53e0bd78df42b1c91bbb4349114b4400ff0fb5e82f2a082a9b302f2d5689f4923e79cc10ebab2f7abc330babaeba6d7b425a86d2e7b142c5c961214c56c5ba57e2a9711730f237f5bdf10bb90cd417c2d075bedb0523b0aa021848126a117acc53173d2484a12e9ece480540090dc6f2d6ef05a35d76d7b5541f74899c19f8ca01cedb8de3c9acf3a405dc19
1787460128.3341389 fcc_derived_config RSSI spike: -44.5
  -> 255 6d905cf407401099afd06a34c36d793731caa288e8519f6cc75d8ba34e7cc005793f43b401ff9f53423fa1b2c747378dc8ab7f8aa22fd86a23a8b5f60d10dc53f5b8e0bb4858c679c5801c84718581b4cc9035e040c950a000220473df1f6855c2ddf41342119a8eb52cd8a1547340eff9552d295dce7f9e880753408928837268b1f99a6314878313897e40518f53c6ff81b8089745bf6183e43a050c3ac5dba4e3950b3e25e545206e9aa3cb4e920b61751457f67a03087c1d28b2ba07369714a7448ecb2a0ab87e93d025b0a846751e960392550a7cf37d4ab25d7de4833cf2584fb378cc441016964919bb0fcd2c1e79b288cc93fc133c2a975ef190b4
1787460128.334372 fcc_derived_config RSSI spike: -44.5
  -> 255 a47005957976c5e174dd3c784bfe3a68d9acfa23ebfcf4353085dc7ac2a8c73a8b7c26179802c76b5b9827ffba34fc8040a2c64486d6eeb1279fb7872f0cdac9c1c3a71aa4bca3e0e154673953eaa15aa077269e032a4a700c3441589021295df87f3ff8128dae43ea3f3cd5c403aa7f7ea81a39d02e20724c228d919bb45c7a8907c2588081fa37e8b51a415df9249b44aeba9bc210f2d2913727da236aeb78c1271362623e23bd0ae3165639efddf4594fa56ecf5dbd8b637fa816986f9c9ce0c623eec818e7617427264ec8af428493d25b1d6ebdec65dd903caad84c195a339b62b8333b289680f630db2ebd9ff4232bdd1f55ad89a1337f75f86c7ac4
1787460128.334601 fcc_derived_config RSSI spike: -44.0
  -> 255 8119321aff78c83f564dad0ac25c04c5ad3734c4335fab6dd0fa2cdbca20750363151321c0c9cca14ff36b0fe9384c31228c47bd7966932efb5d532fcf32aed938cfbbbeda194917004631017396bdc532090d0b222b0f0266e1d77d471c9c944478cea7954260bb053ed6afa9edc00151639374fcee3f7523d9e49334243cdcd0f614421a400f9b96c84128f7dac80d16c1e8430b8af3d53aaf3ba4ad6aea0ad0b5393fbcf7cba15ebc2d26576ba3cf51628c1f3c3129b3d85233492feba684f796bb0d6eeb379b4c4f89805b6a8ccd3e727636917b274bba630ebfd04c0f92645554e67ac5656ac6f8586f9cf92ce7531f0be033f0ae916f368e01306e57
1787460128.334888 fcc_derived_config RSSI spike: -44.5
  -> 255 726e736c0b0f22dce2c0e435e065f2fde0b8ec873360ad3328d4e8ec80ead14459f4c8ab05203a360eb2864537a282510509b7fa1a6b2fa377185eb14ebdebde54c0d10df17a6fbe7ce7bf488fdf1fbe45b1ce26efd746bb378284d5805fc1197eafaadbd47129496c9f3fcc8936d6ad29e066212dace8da5f4834a5a2681a7d0e8f953d631f21f3bc881b087c0b539409a6d1a78655581b12956604334b880282ec2bd6f227327a5de56864281e05ef808e54ab5649a05019a7a0424d6ed7b0c8360449639563e163ffd4c06f82d2749e7508652ce439313bcec4372fb0f6d7a03a7afc632f23d80e5ccccd9930de7701bc8c1efbf62f052446cecf78bc26
1787460128.335156 fcc_derived_config RSSI spike: -44.5
  -> 255 e5de062f5b87815e2bf68a9ec0322b2f369d2e7fb97edd8a0d0263923cfbb2a6ea6d3abfae34877932881f439ca2d309891eea048a439a816e056a64fc860b990f0cc8700f30e006e3abbe0a5928b7b57d0cc81b37795e3a20e2c04bfa8c0a463504780e0454c47ef058a378c2859eac330f7f432dfdbff465189bfd235b9e7259c0f42150006d91a7be8aa13dbb0aec5eedf9535fd4c52f276cc3b328659a9de965a25c4859306f36fd203f163a634fc1f1b7a44ea55beef82e40f35c535c8f1aac5f989b3c63d3740db4d56efb70a988e78a4902a8fbf5270c37c1c77aa21e2698603a35feb9d79f89a20726eb6ea09c25cf82840713abbdcd396f49063a
1787460128.335378 fcc_derived_config RSSI spike: -44.5
  -> 255 5f63cbf052b537c4ae9270ec027741d10f109abc65a9d0c88a71486eb23af460db97ff9ab130fdce1a9a615e52c13aeef46b38fa515a72fdcbf7480655408f67f6508a606372f94c3725b19dd1ae3f287c70a4252d71740aa983336d2720555af779bef4bc4fd101ebdd8d3b9d0b4db094a352a9b2a2b26477b9427f5d902cf756ef004656cd3cb0a841f1fd9780b7c2a4efb91b0a6530b1764760afb8f4e56aa6f65a62ae510d83de54d62f4e27ce65d29880234d60d3bc56dcf92d3d1bcb21987fbfc1fa7062d0123e5775c6160d3a1e273dd5837cc6d679f224fa81bf7036c69f5e79246099a5cb91c6adabbd9680b66bdbbbbf6ceda40694d66b470f0a
1787460128.335618 fcc_derived_config RSSI spike: -44.5
  -> 255 37dffb50e826c5f772743b0ee154fc5a4f1bf2ae8fe6beae347ccd5008e52aea457cf94273270ff05c3ece71e3f73bd1911e9dbfeb1889f607d0d635f25f6b0272d03bee42d8c6fd85104765227de8c043d5100b666526989c066a1b012120a3e0e6f1eeb3ef0d5bcd3979a5846accf87d30e69d14c55dd890a7f45eccd69fa6c52fbf176d8218d5ccdd33e70e01d853cd06d329bcbd6f9b36851298ada9a5d163a72d82c906818b3d6b8e7313ec47c319f0063217a40d61d04e06281da52259ff25a7c2ff6581897a00532f59824ef61647ccbf8dd055a58fba86af36dc0777b9be8647a8c8cf90d84c78df65c60f933bc623756781a3b994adf02b4e0ae6
1787460128.335904 fcc_derived_config RSSI spike: -44.5
  -> 255 43266af520e0a535556ef9f957663ca56da68f076b123670976e77400121b01f2fe582025306621f30050fce02e775427548817f1628ae1f289c39690c79508a6c0623cd30413ae72836ac0e3e3d4f85a31b291f3bf73e05e87940e1e1e338181481ddbfcd2b7f0c71cb06ae1afc132d24b84ce563a7bfe61ac444b06160b066d630bc6e2aa41593d155ba21c64a652a834fac64791336124aa14ede4b53c3b8a522462ddbdf3f0c77db8c16f8e1f64ae68ce4bd9ce23c7aabf3b0ba993004bbd651fa742e90f6dabf3bafdf7ed1cfa6141a3ac1232b4c01858401464455298b6d14c8274b628b7cbb81bdc4d29e9b63905fdc25189a67e8ea8d3ed5ddf6ba
1787460128.336174 fcc_derived_config RSSI spike: -44.5
  -> 255 f7128ef45506a9d29860f75f79772e792a1cf321dc16186d5b0ca06bf888f9f280ff201dfdf212ad9ffe4ab3226de1daaa74615f6ca505e5b543e25e9fa0422c4ad9d96a391f8213f6840331cf578c0d459ba910b516543573c2710862615c5594830b19ff3a3bac452db0626d08fd2e600acb83300eddec2c7fadffb5aedb5d2d8b8cd7636990cf8b2f6652fa96c5e645bfcc9efa2d2432695a48148ce5daeb41014766d917845c58870224acecc09c83d7bb9a16df103c4d727eac73f8d3a8069e6d17469bd2f55c0b27ac4c23793873d04521665bea5413f29d263404d24f6837c3f800aa611da0114c557ff1eee25e769877600f3fb9113636d2aa7e8d
1787460128.336389 fcc_derived_config RSSI spike: -44.5
  -> 255 20253272cece4b54394369534b8b809fee2c3980b48c645e977580382d29109cb5db4ea3b5cbb2cf2404ad3dcd87e29f51c5e997bb1ab86b4efa7b12bc37adb16a7814931a1b9bea442d46e8040a211e1538165b610e5752aa160847cded7b77f42d5c475e81575fbfbee26094d94122ebef97373d8ed2ac0033391de1b1f726dfb04abf03cf9036c1194564983d8385ce6058a12d39d44f1dca091253226fcf298e8cbbaa4fb3baf0f7f9a00bc9457196d27f6bcfb9791da73ed2771fcfb0540e194910149adf39ddec14e5003247e66e6a9aa54ef1d732e4681fcc60a7cee030db8a13ef74f86936143a80a120e4fc4944225721eec83be3475dbbc091c6
1787460128.3366132 fcc_derived_config RSSI spike: -44.5
  -> 255 32120ddcdb3292ac5b7f544038179a1e8229945dc1bd2e72d0464f040cb7c96338a937b9fb7565617383fd5d5fa15b039541bd8ab47fa1cce478991fb7ef6f9c84bc69a1d39d0b2980a55e33fb2bc2e4240623efc74d0f12fb993b05aa2274aadff482c4d6d68f9e33ec1f6540768d0d3547c9b79e38adff9fd74cb1c6ddf082328578cc530e171e39dd0445e4644b7f0df1df070b2041e1bac1224b6105513269e06bc7e1088627dc39fa73c770371025fbe59c4081f42f6ef6a15b87bad38b9a0418b413b7388767e28d0ccea2c677efbfd6a0096b9c9a156c123a9746d7e6ac5389269d135aec903700e3fbe471837c9f275036d054b538a8dd1add8cb7
1787460128.33686 fcc_derived_config RSSI spike: -44.5
  -> 255 613c5f71cfa97e6ac05b7e1eba6d99f7ac6bcba5a2aff5fe6743b018267c283b4b51262f96ec5d85e44c9210e980ead471e2b0e10d3816c24da0a958bd34e360440ca88edb6460fc6e8dc8d571a4c2dad62948c924fe501a8d733765088254ffde68128b64fbee973000fc6d0e79812e1c6def8f92d950bfd13ad3576af6eff5459b564f3cbab17a4ac571e2a842f02daaaaa2cf01dcc4beadb6c85f8334e2cb5b0a3f3a2ea1eee7e3b3d9ab756c202c91cc8a0872cc38da25fc3de34ef3eb87debc4593fa6033cf517b64f1ba71e1f46db272bc1214b454548f5bcaa616d986c8b4230e2722c0583650f1f770bddf0472b808d81cd07072961de122705515
1787460128.337067 fcc_derived_config RSSI spike: -44.5
  -> 255 fdea6f1291941b62415db74c1f9e82d109070b2cde205d9a57bd02e0b28c886c34c04af67f3e497a5e63ca540504ab04ad76893850b3cd603ea0574a2942e4286b932f0d9cdba5984a69b1e99c90f706ceffde53eb9670586d6b972a234faafcedcd9e70cd86f2138dee54e9175bd49f533a367658dabaa25674744b8d0e53f271e33295e95e670798580e856d6965f9b96794d52ed4cc88e91ada624bbf1e1d68454ac074980ed43b8de98b5d80ddba5eca246d5273af7685ff19b4f00d3b59a82d74e3a514b1f152c94fb07473e7443aaed8ab9fd951eadfec8786919b3f5ef52552584382ed322536736ecb25166117fa591998dbf898ee6c2c998344f1
1787460128.337303 fcc_derived_config RSSI spike: -44.5
  -> 255 8e5b72a071625bffe2e8d6e08a43acf8d8ea4bd2f48046a6848e8e863bd3b133a2a99d28b297388a086778c896188de7fa420ad1fd5dbf1b3af66b09bb370a08d9945e71e064f7ac1a8346b98a7d8b17e664701f62a0656ce8e3694016bbb2a759731b4783c16d8ba9b2c926476f9009ec6da06648272aefcd1a665cead56fa5b8b163043eb377c9b1ddc308b243b1882964c45d7b89072c86a080c6f03d052f13f5332afb70bf778222af2617f0ecba78153021fa18cfa65849dfcf81d2d689d7d4e07f94fd0363a34db85d18777374d2a7e820e923e76bedc7b7314f51f9aa34ec2101571d4e3bcba4b594e9d8dc21d76dc9608f8154b029c7767b9ad660
1787460128.337615 fcc_derived_config RSSI spike: -44.5
  -> 255 94517de215a95ba07e149ed1a8de9b3df91f6802fba28d03508be7f994d13ce4a760f4444331efdf975b490299bfbeb3bd9510a9eb666088c273a45f9a3f940e95428e84a6c62a00238c536dcad5e9a770789aa35130ebeea1e5efb2e61a5aed6b42ae61b33cf5cc856a56c0d4e61219c4505bdc6f2b7bc5a1b61cf77dfe4127f2b3307704f3cecd416f3fc22ec8c9237350b0b891e05208ef4a6602a97ff81c9022ca0f83e01bb897aa6f4e3a6fb83dd759de6289b654bd9e86c788470496777f92bf70088a544d7f83f0a667b07f30448281f51c0e0e96205aac2f30312bd66ab241d4516673f43c4f50d378565eb0b51963b969aefc002ab60ff1fad54b
1787460128.337901 fcc_derived_config RSSI spike: -59.5
  -> 255 b2d1a694e269bd44431c28082fbfca7c59b0c270683f8d5b3f3520e6c234a5a0a134a91bdeae85c1c313c1fb2331ae2b365af7fd8dc09bf1cf6bae1d6dde1cc165fc7a36640c383bf8a63d3afa1df6fb2708c87560e26237a627bee214341037608553e17551c9114b2c6320576ca4ea759f005a44df98d4f97c0cd35a416799fe2c7ecdc7312e22ffd72ddfd7d7d7da2ae7fd2b46490ba1a118e6dd57e806a19ad1ece308ac675b955118df35379b322118ec8312f8dfd138fc513cde61191d9e534d6c86ef5d9bf3c37f9a1aefbe13558abbc3da2277b65bd58068904d2c350731806e24b12977738a64deb37c8f8b5ec12faf6de0fec7ae18833d8f188b
1787460128.399976 fcc_derived_config RSSI spike: -44.0
  -> 255 03861a3a675a4d79a82dbaa797c85b773bcf04e48ae1c6c425bccbf4d94c5e90509ec6803c930033e8cba697b340d12ebd8ce5e34333f2cae33f117834044b26e7d9409e4dad3fa521dd68ccbecb551f65a166b821a04ead361a9ff6f3418b73c2936262db5f61a46a7deb82e11b36d8c2129d7d5bb7e65fc0df9a5cec0a586f3e84a083c264b99cbc00aeee8de3fe1f3f08648f0e462a1ff23c7a12338b7802890d3d515ed23357b906a10e0cc77b2e791d0a58393360766e04854d6b6949ec40437405d2b1e9c315350508cc44b9e9736642b31fbe62a637f02dd5c0596eea5f5460ee6d981d2002383055410d1279426de79ff38273ca4c70bfbc8dc1b0
1787460128.400207 fcc_derived_config RSSI spike: -44.5
  -> 255 e42399cc3320418de7e58c872a529bff5e5871112a98d48f76e3bb0ad1fba317ae0f94776866beac356e3801d17e597b04687a3ed4061660103d2c5e6aa5e1b734b78a064b28100c816e7b2226e09213e8d18c4d0695d7e8879d507f70f4666115e9e4ef6dd9727909cf6b8c19632872980e2210fecc911d0b72214996a40aa0b1594031d4a6f050ed1fc6ea42f62f0394f771ac6979b924586189a06f1f6493bf2967fd575320041c13870e4d1de7b7973fa1f0c50ed0ad9dab2805b7b3324cdb4ef4b9454655c67bd7bac9f53118028e6ac280d1a438f4ba807a4d09923f6ba50804d191b74de7b3348bcd2169efb5432e77be74d3b4b3b8a2248b442cc2
1787460128.400449 fcc_derived_config RSSI spike: -44.5
  -> 255 eed43ecfb973cb035a117344564ba28e1994e293753c5f04c624f30fd7434f46cb2ddc36638af6dfc1caf89eca80d1f755954cf102e963d9ab7df212899fb8e4f7ccae341f6baa93bfc41b70ab6f64dd50ae9d0583bb694c62c15c12ac00dcc11984a8636aedc3ab3a46e3180c25354297a70325a563560473c0a8c438195cc8e0507c58c533e2410ea99218b37874e475c418edd7974fd30e58ce6486d75123e93ce04939461c64202629d44c40ebeda0b7e1dfedaf48feec320cd0c824a0f01ba1a638543847323d3f2e63387fc60b6c7495a059a0888afd1c8794491a200383b7ff85cb7edea009f18ddf1154b65ae699c1329aba2f7b12c63cc1db8560
1787460128.400759 fcc_derived_config RSSI spike: -44.0
  -> 255 7e1b3f74fb067b95da7861cbc8020c952d504da78060340de9a0817acdf803a632acc4d823d6046ea75b341f21985de0554a677255d314817730702a39f37bd3d7e08cf6ecd648d4e9c6636a7f0297fd15a9508e707497e3f5c0322c9f970d7cbf2aef61f2e9585323465e30e9b419691b25142f12eb4321ecab9467008447664297e280dc1913976db089e8f0da3433fffcf6430f3aaa3637ce3aee76e9790e0bd4106bb0923374d9fb14f3df6521bfc97938834fe48ce55bcd2169c356c1631785af9169e9ef5cea049adc3960ae7d501030cccf2214b68b5e04437ebc860e559b750da4267a33b735cc4621abf97defce75cf9d267317ac780646c10349
1787460128.4010088 fcc_derived_config RSSI spike: -44.5
  -> 255 db18f347f65cab2d10fce3018d13a903c56554d37bfb0617086be7bb9a2e3c7681694f226a056dbf37a092e06a292eb7076f5d1580149b2ceb7ecfb81f4983a345eff337306ee10b4b73db76b72e04c03921c707138ecd12d05e9525b104495dc43a4a4df8efb6ce7d907d2dea932e863cb5862c1aa9c5132a838def1f0c58bf51582dcbaec47273c5ab015917bcd8f6dfd0cf9f1c52c92447bc5d0394386cc0a57ba7d38b0766beb864204aa0ff2d964d24eb2bd4918d1d1e6937d0d77ec46a004c2b18f8b45ace3b9ab642d0345390f9da2efab67c4f7e725b1bf86145733bdbcf341cd5d15367ec63792d6633024f9ec4089a6e447698987c45818fcfee
1787460128.4013078 fcc_derived_config RSSI spike: -44.5
  -> 255 d833d582b0fb56b878307c0fea2c61030ca20878c2c181cd7563a5c1e78e66cc19a0c7b608347e30d7b0fa3a714851fd30727096f349e22b85a97af90792434697f74ea9a344a718c1d6734e7c1ad5dbdfd2e19a9d29c29f2130ae8942fc570d0784f0cc9da983039c76db780345c259ef8566d2e3c86c836fa6c8fae61e77420211a547602c2156208a85ca2af05bc09692124d366a43b5448ad85a02808da6fa24d22179c505bf77b59260a75096292575ceb184a4674bc14e7e04442c179d2dbb1cdf63ea92f8953a3e30ff514897c98d9dc62f5a696e3c31e7cf26199f355bdc318d38fff5d1b14c2c397322419562da3ef574e66f98b85142598b428b
1787460128.401576 fcc_derived_config RSSI spike: -44.5
  -> 255 930b109beddf813759ad8116b24f0270044386c90056173c94d63ef88778e4f085d32344d649a2c955e90f2f42d9ba7241578aa724780b89aa4530600034a3ce7f92c76bcc493e857d9a204dd9b2098a65553fefe85b8fc60c4ea9c9a6369314653d26c34f7ee7269453cd1c7863fc0a5a0b61f217dcef7c6b066925383294bc4188167a594567e44146ab18bba9e401336bcb69c6679cbaeedfc182d692c41798bca0f5ddefc68649af7f39dc25dde6ca108d1c489c2fabcf63d05dea2ce4e019df96c49f832eaee85efd438492863f71f6abe6245524da9b79daa5c0e9be60a388f54c84f6b66fcd59804620fa96fb88d982065fb6cde957fe34e3ed2da9
1787460128.4018738 fcc_derived_config RSSI spike: -44.5
  -> 255 99ac6e89aaf8a67d339c63e40fc0278fb6d2637caf8583c6dcb65c385112ccf1037a4f2656ca7aaa643051235f0645a13a0b6fd3a8419b111e43fc07545920c5678076a2e4a4963c2ce14bdad7cacb876fe73b83ed0d6c99b60a208ccab7d22ddf2fde9f052bebf05bf9b1df6b3399737ed827ecc133dc8ed8e4d5d8d527474a5d8daa9acc27d8f0dbaa1e71cff96dd7329eebb6031915916ad292dbf6663ec74985e2344d71d10fbc4ae13c98602ee797bdb26fc99133691ae652bef94a1d42a8f57af274c61644398c1918429b8178cfd7b135ba077e54dc46de24814ddf2fd5a1a9583174611b1fdf8bc8745ecccb07eb06413da80277767f6956daa674
1787460128.402147 fcc_derived_config RSSI spike: -44.5
  -> 255 0b2b5e434c917dd8e699c757bb33d9acda21c438b95c34a05d32a32a1f3c806f4c69fe61511ac293422a4e2f92f062f871c37204b1dc45486c0ce9554ca36858771e4a28f5d16b7c3be4f5ab88b29d699d7cca710c5844299ace8417f9723b65a893d0e66afd1564534e2359404ea81d8485cce39f4e1618afa1f3dc4a1806d2d22bd57d6484001b30bd0e05597577363efc5bcafb7a182f5b06f0170e72e6494a4918c170e6bca66fdb63c7ce53378584ec06a881ca693f241e48ac66f93a9c415264bdde4983b137bbdebb36bd5aef8520b693de5e8bbddd7817ba942d4ef7fb11ab6f9ef01c8380430054ede19af2c11b9d7ca5738b888f4324acd78117
1787460128.402426 fcc_derived_config RSSI spike: -44.5
  -> 255 2251cc7490adbc1b2ef0ac8226bed44b593c78c2b4850fa150f94856c1d0f0fcbf0fac06dd9866091507b4ab126583382bc2b20ffd2235928140e7ad2421545d43ba166c07aa1b0d6ea07c51bb25b0006f7c4aa2cd3812fac601445e2f506c356c917a79b9e65e27d17e4681f90be6348f2fe570589c4c139be2677aad52a3bffff57f0c1c98f6b27562fefc082ac00288031bb8a3e397911723bff1a1fea481fa96adf95aa074f1a7d145a9b11c377bca72a3c2a8222472741bf8af796ac8c441170bb0f47bdfea76aae3ba1c9800a677d05c365c39490ad30ff2801a23f2d30f030a7ae0f61a54c922ec0c3dc669840f4dcfbad1189ab6daae51d3ebe14b
1787460128.4026759 fcc_derived_config RSSI spike: -44.5
  -> 255 0b8f30a5c0efe582e317e881ab6a2af60c047e9600bd208c829259571ba7299b4fade225a8b0111f618246902c8908dba5bd0e1956c31d0be7bc13f50fdc36e95314b00f29a4eb3af06d0a1930f775975b4fc8aa82cde01b3c66a1d16d969a4d5cdcae012f6d0a6bf4d921c88187b068ba344e88ef2cdff035bdfbcf4ce09a77874133188ebc695ad21f60c4fd639e4313563ea843f57c25bf0539338ff502404d5a9a94b4f48d9f58d1aa9d65e4bee3a4d5f01d52bcccff7920248ada3d6ae4c58cf38468deee681d283bb8ba9357bfd66056b27244b8b2669327072350844f174e7c62a6b69e8ee7458cd65f10fa2a5f3f7b57c37513514cfddad211602f
1787460128.4029682 fcc_derived_config RSSI spike: -44.5
  -> 255 94d8d7c8c0189c921facf43c5a6d7beeff4bcbecc7effdce05ad6aed6e49331092ab9d47be85b33e0d9f39037aef7f4406a6d04ecf7e8fca62eb51f99ec5aaedefeda5055c37bf1ff99952614a460a4435e5a498987462c3ab6385399e35f2bf74c19993a3a6d67611d8efb9983dbb8b155975a1d2a2ae26ec8e5be0cef31b1b920cf3f6637a2fbc497b3df84c980768ccfcc9518609fe3277cb181aea624ccb6138d6c3af6d5d07880c67fc9b4abc6d28631f6f74fc9b99e299bf79093c98e1bae3107b90c0a3faeeed4809ed680e0a31b852bccfe0b725568a27bc845a9dede5ad6ed46b8d00167c0c26234acf710fe22fc396d610c18a28c2ecdca3214d
1787460128.40323 fcc_derived_config RSSI spike: -44.5
  -> 255 84cef8bab31eceb6c9ec1742f245857183753d1d4b4a883cfe967375e172e04754a62d261ffcbdfce7e7e71a36718e8997cdada335ad26d94402be78321c659ed2b0fbe672cc9a4d63398f0f9c8baf72070c7e30c064ab466c1ec63b1e462fd5e3e25324ffe3497dc028302b7d211ddea26c46c7bdd80dfe08690f97f2c2c28043c7a7a5a071507643b9ea265644642766fd71de5c88c656e113e4dc638e19353642ff54fa0df7deb9609c415a7bc9e460c95e3e25c4e8f4355bd074975d3b3690add5b9be09972a77d4112b23bee84f00762f66167a27c5631cd2cb30a91895b14c0ef2e179f01c4f91bd03c294b8c94763865649e4999b7cc3578b3055a7
1787460128.4035132 fcc_derived_config RSSI spike: -44.5
  -> 255 2e4b1ed86aff7f70785bcbc78381826918be38592ebc394f165e3a280078d7140f49ca63f29f01c49a45aff4581b895d5667cf33d9b09520bb5932d94c22ed73881793acc2b32e1d3a24558dd612bd3164021e6234e42fc8aaf100217f45d3d8d41314d5b669cb8a9bb01913bad27189cca52db6e1d037231b34aa3fc5ffb2c2754ecb24b32d0bfecb3defd7b28d086a4bf68b08f075bfd0609a1523b8be4c37cbb8fd4e1fb8329c602dc907cfc712853120784519fb15c0617ffbdbbfae545070439b78788ff08779ca943a1fb98fcba6e49c337c764eb08fa82199025d9254f2258075f09fb8c129d478320dc82cc3791d0a4e77df723a11702fbf91da1e
1787460128.403806 fcc_derived_config RSSI spike: -44.5
  -> 255 4cefcedf376f1a06832dabe821ecb42ab1fd5cf3202384f9da4effbea2481dc248e262257f0f9812847559c44717fa853cf58e2b9070956c7e3b4ba7ad26e9094065ccf3cb5ae2a67f4d1cae26bf094ba2f5bcc5627fbc2d5d51040ce46bd02fbe9416f98814feadd392137b846d2ff479b10b96dd7924dc7a333e8f509a9705387a71079b4f1b4f711f1cbde692e2f78b4527523656dda4c08471b32e53e0afae4caaa8e361ab7fa619389e4a307c07b56a0718cd286972122bfd9d03adb9f30b263686ec2c1843e48dd58bee1defe6bc85d7efbf8da4366c483ce8839af9370c4d5ac7cf406d953dce098629139b18f685ec6b67d84b71370ca8bccb2ba9
1787460128.404095 fcc_derived_config RSSI spike: -44.5
  -> 255 950519eb08c467849f32e8a9ebc8a794dba0051a95a937819c0e6ff51a1fe4165a15a628c263573afe73bb4de69a3774b254527ee2d0fcf1479d290cad57aa6b5939c2c0de6501a2705a998b8ece984739afec82f41a17401ca95f0124f182f93ec3c5ba152206c07fd910b613e2d9ceb68fbe0e207df09fb00a312fbb5e41bae13f60aa4d9635e879f010d7da4d993f81ca0b8e5dbef36062fd24542a0392e1bd7a4a1b7409eb77a540c9da49f5c8a92507a683f62b62394aedd7b055d92a3cd6d7eb0dee448080d0d3150439b7578e95e1725ebe025d17768a5970cd671d9017b86caba79fc43e93aa5f10f3ae472715bdba987c7c0792e733ffc7606192
1787460128.404383 fcc_derived_config RSSI spike: -44.5
  -> 255 076d882cda5471b1556959ac7aea71e2414b22d7f286ee888583a6584ab4a0b74f1d54a5c0096af92950d367810eb3ef0be4a7cfbc5d019a71c8138133b64126e9dc935be416f464dc7226979478084d572035bd1543983254648ab73358dcd2ff4e3df04238ae6bf9aecdd62b32ad25b1e572a9d70435eba6e3cb1789cd4758ed3c7c0387694e83798fe8bc0e2a46eb089fcefd8c93116b507e5f1b9789bdc0ecb23c2baf94e3d9269965e4da250fb636863edb9d9b195c3970adc3bc45e7e80cd58ef724955ee71fcddd2d9c00704f4718371673e514b304626a5104a424ced2f48efafcf5a4b99c5db2e78897da42e5b99f85734cf5ad5cd3a4061bc15c
1787460128.404686 fcc_derived_config RSSI spike: -44.5
  -> 255 a605481e823a4123996fffc43dd78da0165004a3ccad1d6c4dc0d86dcb665bb07a5680b51acc2d8cf4e4505fbb12011b8e07ff03cac7bc88e7e0814ffbb7387e9321b85f039db0f6964e253667160c02e1a5100ba20ea6f2e824db87fd1677c77a355bda0707b7b227911e44968c0ef1625f70f6e6895b4c2c2226cdf4ff8193aa38fc6b26c69d17d5f8fd63e437e78cfa48876fbd65375e061c91c452c05ac04ce61f3790a03f88a7a1d1eaba1860f3d261509702df2efcb1296f727da8d8e0df248517e0e5517eebce482f824997d8566c5eacaf1d33be7129d2a7cba47b10da1668d53b6b6798c09b0fab4fda5c7fbf50e925eac2612e8836679ce8d16a
1787460128.4049191 fcc_derived_config RSSI spike: -44.5
  -> 255 9c9878b19e6e684bee23c36e079d08ca81bd577cd224d85c209b01f752288ded0c371b7402fff9d9f61f23a39ff0891a2be3f5fa8c9ac477cc3c5b9fae7859592f7a2f068e88b1f0eb421c6a227a4392a9f2014724912f0ab71c9ac6d91f8264961b3140a4662156e402d4c317b1736c20c05a761123edcbb4144bf5aa452ee2f7c42d73405f3a735399583484a6dc4a5400ae33f29d147f5a890b5f837083da03cc78f3f8dc4ae1b4d1b01db8c4d24f3e61a3d6c1d6f01d6f22e2a09f266395f682f8ba159b71ab6043dcdfef2c32a0555ad694c0d6085ab98dc410a84ac03ff2c30c04fdb65163d000e0233e26a8c389cfe35518026638d2dfda49babc05
1787460128.405162 fcc_derived_config RSSI spike: -44.5
  -> 255 9fdd324296a89bdfd3a1ade9c0fbe256f941b9c3cf815ac188a54f7f071e98ca2451342fbeb5940d20f5a0a0b43d392549a13bef25a5b74f3481c27fa29db5a917b6d29b881ba56f9c5c6e5c3d0b5456d25d2fe71cc6d120dea25f857e9067d5a423017bc504150fa51a89d6196a6a7d3a1cf59ab8ac9834574d1c16370a45cdb21a02f9b176913f73adbd89b1951d75c86a020effbcbdf2fb45a4b71e7d370a2483e0e5dd141128d2fff299affadbe4339ccba9a498d4d4505368a30ab003a366a861f31f50128f1aabb070bf3459bcc925a315b7ecc8deb8a1dd662c3502cf1270f0625079bd0d0777da03afd2b9610b59f981c98e3b9ee3bae9558cca97
1787460128.4054 fcc_derived_config RSSI spike: -44.5
  -> 255 3a04504a5ed3265840f6cd12dedc73a85b96d017f5000cc70edce8e8e275ddc90dc7b0ae63a2171cac44469fef03db2d6218d3cbe98221c81c367d046643fd90d162014db5fccab93dc5ffef7764425d407428a1093ed6a1f6c3b0185868d55a1363e9355a9c7f5193980e30e73c0528091c0abf2c29c57e0be2f0237b3499065648f00102a1ec71094328e9eceefb46d4706f2690c3a4f32566106cd523e03d9ccf385b5292c0665cf04a868ee6613e8d30690cd1e373a1e9434ea66daa0532655487d16bec041815ef633c48d083bac8c8ed1a5ee60d692ace40140680e417d33920dfef09a295cc593c0dd51ab392475b761bda03dfe958c9b648ea8c54
1787460128.4057019 fcc_derived_config RSSI spike: -44.5
  -> 255 f8a87f6c080f4c19ed2ef4ad6cb43a39ee9d95baa74100ca8a731f65b961cb7b7b97f42c1c6cbabf7dde54e3c650f470215f9a99c778e7d14b09593cc7c450d91511f6855022a81c5dff30c8da442ca538365ddd4dda5823940528e56edf3d2bbb40afd0888de9312eb7d34d4840696dc3f083652c0e467fc5ec319a209b7745f2931c32b1ef4602b843c5918371b7db1c7f0ab00e3a50e8246bfbde285aeb540a3b1cab1509b7aba56c9738ff6b718589a79a2c1ade593ff80f540106fd47f3a5f3a7a65f48d464abc8da988b745ea33e55819d982fe2da0037ee2c47f32a87e7021ae561a2da7d2a2ca0d779ad18af7b3afa95bb722899ae5917b2db91d7
1787460128.405958 fcc_derived_config RSSI spike: -44.0
  -> 255 48f6c858da61091f8ff2021d335452ba804f3ee3da9659cc3c4ee52931b1bb710351454a4a71c387606c0129db0fd0966eb8637bd14731a44b9d8a9500a71a040e75d4fefd48d00f417459f09c7d73ad12566979083ed051ec1701a80acae7b422ed5ca710581047f5849e1f3614e2908aa136d96f2293dfe2b622c5cc6992c442dd42d64da43a3bdd432fa38dce0f9f6135ef867f1ef6379b9a3a2c2ede9723a0ee203508bde3a6301383d65ba16ee8d678323471af79347f7159f11190636d561d15820946f52630a2926a8957acc5ec60016993df8ac211d4929c470e5cdc818d5bd91c1cd7a0bf8f66f954ef8c3e562bc6919f219e6854e67e8f8d39b3
1787460128.406191 fcc_derived_config RSSI spike: -44.5
  -> 255 cf002a00eff44b773c3321391f8b5b780607d6d60a6ebdb9a5ba78ddd58090e0e1babca5c85b76d9820fb5f77c4a8f074f6eb5d7c9aae3a77704a2a77e97939ebc7282eb62dd26e1b04b175358217f100a4aa482ffb12fd9dfeced0e67ba6511558f2c11e6845bf927c6ec36f7f0554baa85afb975c5b6e931e2b21a2727b453ba8420c1197d52a5459335f8e215e8d3eee676dfa897f5d97020ca47016b8248387b97e06140351f8055f96e554d69a52c0ded9ba77d1c75e8633e40b9955908383bfbcc1de12b1282772af58f2bb467ae661ef226bd08e0487957869f0a019e01488db07c80941fb793c2568dd26814d32430952729255a8c8cbe86a112d1
1787460128.406423 fcc_derived_config RSSI spike: -44.5
  -> 255 b210f0b040c711b754665f052606cbe15edbcf86a4d126699a071246f0b3ff588c605f9ce0fbd673ce0eccf1d74bef7984a36349bf7fd0b983bf4c07abf057bb54d0d30d95d417772318edac5e02f5539b651d16305bde5f298872012bd18f3de5a57a089bd8657546e21ce29a3b8be8b478973a7bbc2f5443489dcc9c52e1bb8a429c63147239456c664fd8b37b56719a7e0273832a0d983b8e917c02d2164bd8eb062f87c717730bc44bd2851f53041896148f3b527be0789f6da838c5627e972ff1628f3774128bf23feb534a83c43ec3a37de427a404617cdd4c5670f4ffd065cf8e8e93798c3690a93a2809de3a790b4e5654e29d2982a1edd46a4ab3
1787460128.40664 fcc_derived_config RSSI spike: -44.5
  -> 255 26adbca414ed4cf74452851d6ca5f70dcd537291468df5fccdbdc2bd4dbeedc546e4ac063dcc0db9cd5116da44bf12915d46096ffbef031a0f8c732b6d1412e67cf588f5f2196d7b7693df0ee6a8acfd86b6575e5f6eebcd8e0c2cae88c0933e3941032ae89b76a23011ff06ac4eef86d69d5df902c682640914f90724a893c120f4284ffb4222a282a4fa19ba79137f8cf8e6d2739a1621541a0683d5d0f4dccdf3844af72c6eac144548fc646554d3f65c7cb133cb76663de953286ed1938e13aaf4017f2d24a6a7a01975a8e9e6e90e3d96bd36618069785092a0abf7da0f2d178e29e09e3326a1cbc8b58a2ae630dcc00830da4d32e62ac1763a1730fc
1787460128.406904 fcc_derived_config RSSI spike: -44.0
  -> 255 ff308157f77c1e56db53e0887663aa432c0b8f1d9ebe0535aef3403c61824af8f7fcbdd497ce9fcfaa792c0dd39974e234b0e2b5a2c25ae6f266d761f9b29edd7cebc72b04bead08214631cb325cfd1881507c1f6191f133ecf43787d53ef8ed2a85e03a4a78ddc9305f8a6ab8d33d2e8172e7dfe20f6e06278496c2b204a76e964f70dc39c0c54cd29402ed2f6ef060cf9e9e0e0cc488196c502e4e6000cbc852c0d2c9e610f7e47c960691376d9b6d6fa8475d0e2806fcc8d86c4d8b7be6d5444df96553cf2a0daa3b793241f7202bee632f1583c57cadb5c046ad4713bc2ae2beb405381bc8f0d99c936108ea74a8d697399b1facc4140d5eb28a9dbd99
1787460128.407157 fcc_derived_config RSSI spike: -44.5
  -> 255 26536131f2b623666d70252179c730035b3f6f4c3b9ab9f21a7915ee2157b08431362aca6b00d794018269bb799fe505e538901098985046883ae6c5b3845577387f60e72ad741dd009d737199da3d9fad454c94ef63b874679e84b57f7652dfaad4eac5671de01e99a012a5b77162dca3ace46a25a0a8f07eb38c79c5176db2383a0d88a38dec0f455aa32f89ff0b1c940a31831170fc4f959a4918dbfe41c672f5312e0a46d714c0d6f0e14e9cab8b99a2c9df264c0aca071f42b0dd8aadf79c1c67ced4b4820140fca8b9a33ee664dde117717c04c58ed102d856915296a5d8215fcceb43024269a86c27b4836b34524f2757e27e9761ea20b7154fcdca
1787460128.407454 fcc_derived_config RSSI spike: -44.5
  -> 255 2c720b93d6e4c8d3c2d1d15f319ec20ead33468cb9cdfe984ca4c29db555f5f0b49bbb652089eef8135b0f4369dfc94d85e02759844333c79b6b270a3a8810f10df9ca76b1ac77bda823fe6cdee1fd879b70fb0be7ffca213a7705fc83e96bc647d5683f17ef7706a23b0e29511e374e809caf1277b919e2a186e957086798428776b9cc7df31c2059975c99d17ea804723a7b058fdb125695b97c4167de5d04b08603c429723ea6f13e6e451560e33b0d1cb4db6a64ecad231b464fc509f63f94b8265db4a4cb62e60552f08ab1f59507c7edf6738a3fe0dcc6e86d50f4f3e9eb41d649e124304bf6aa9cac1ba596bb21b01cea95ab2f39e0c117281c5689
1787460128.407665 fcc_derived_config RSSI spike: -44.5
  -> 255 f982f2599ba6052afd561ce578e9e1ede121c337963a4b0406f22d2ffa3cf51cd72e8cd239e1b1900ae7b73d3b92281a778ae3a14844b9cbe80bfcf70e526e1bc99b21d549ef5a28d3b61700a051e73420db18ab0fd12e52fbeef9e506da48fe980a31864b85408d949c501d7200e746b95a783045b5924ae91cbffb52d80734094f936032e634788a62da4be0e033363edf01102341a98a1886d83b60b7907882ecbd7239f4a03b299de5c0f7fb4f1f5c7075d87704fde769220fad8ae0cbaca1db7871fc1d52ef42f51730d69a86a47382d2949f96000cde28b5c381b7f3044b0e22e33c8dcae367f678ac4fa77fb32cc4a9e1e3faa8b219e67e5b30808b
1787460128.407905 fcc_derived_config RSSI spike: -44.5
  -> 255 63056f6e0e35a997228e83fdaf68ba9d9e51569242eddba9ef513cac74f31aee32ab277d85218fa1777a3207d6491b23e53137a149cbd4e72946ca12f7e7d713f2b1342bcebf87afbf5b22c4c02751ad35080dc17a3f58e0e29fa45b658df9b660c0cb5c7294b26cdb14d447ccd5ec9fd8b369b6435ffb2cbceae8fad72c7ca1663564eadb735b4f73692e4811dfcb794a96b746521fbc39c23f2f28679706bec2f29fcbdec36ff7b27551196449d59dc3a9b0c2028eac9556c628294ea1e770e458ca58aac9a9fbb2e5bd47c96f9d29b04257741ec6690f80598e479b0d354337216aae19b8c411f3d00898713544b55275b43e7680e8c55060eea64043a4
1787460128.408191 fcc_derived_config RSSI spike: -44.0
  -> 255 cb67e1d0e4deebac717fbbc934efd1da8db2bb8af27c1491cd1c8cf77d915b4d1e27f35378ff68b70bcbfe78065c01af1eb9e0ada349fe0c6ae2663dc5fac4d4eefb3c977f7b5d892ca59a5cee44fc1320e1f7af6527333141942c138926996fc7063e97cece062f35b3dfa25845b7a527d13dd6e2ef37530d3e193fff9c06504771ef5cf54c6c6b985d100b387a4e148d04204c32de0e0c6ff880cbe257145696691a8bcc7098e6a45711d382f79acb45fafbd72f85ce3d5734a496503fa689ab1473f1a5128821bdac35a3b7ea927e053431dbc64102f27a7760d12fc2d65f8203d9f0dcaeabbeabbe7651de0be4e923a3dbf48a0230b47990211f68beb6
1787460128.408439 fcc_derived_config RSSI spike: -44.0
  -> 255 ec4b14fb3e1fdcf34337193dd8f022740215a35d47bb84f33e248d11bda7b1edfa43456ab0a4e4656c3f2dc8c428ba48e5d039d819b1dc413a732fe101dd7e5fde6f983214cde752b846d1bb1d418e186ed5e46113de4e9c91ca91a7931e0a095b4c74efce029d9fa76f4434923f28bc0c34efb6500694f703df1868ed95352fed70bbbafe4366c3066a3b70d3b5e77a6e5af087ff20fc3b792b634ca8c7534fd8d6d057a9786ffb0fc9d50e9b5d6fc0d7c1f21ad27e55ce0b68b9ce0a44fcd9e1b699eabac8708428067f16e0f37db34c25cb2bc9d1394ae46ea75a1385d253d8058d34510ed0b0593153441d114304e0df40e90b6a979ee1aef9c1ad86bb
1787460128.408663 fcc_derived_config RSSI spike: -44.5
  -> 255 f12033874ca16e9f29d70595c080ad2c14d6ebcabcee01eed38a1e868ac67da60fde0c8bbc16b77e9f73c5b80ef1b9a9dd1ab33ad0e68c9eca4f17c98517f7fbb8f805a6291ce6428b24d57626b423a3fb1070c761086d26fb94bf8abb79ce1bb7898c1a0c55e2d8047dd90115ac5c44e9f746651869f14140092cc0a37d53ded717e9372bb7f8cf4e7bf74beb83e327c7641b77f97305ded6b38656cf97def66592a90bfd521d1d7a9666eb96ac2a0dc6ef7ba5ee19be6b658b0c6d7a0ecb663f9a1df547814729296220f9160cb7f71819147461bdf40af636ab4a8f25667b46653b24dd2c3f4cf731f13b0b4469027c368867ad80197011559d93a0452e
1787460128.4088929 fcc_derived_config RSSI spike: -44.5
  -> 255 4c7a8f2b281ee21f1728f2c297cb32409567c972dfe2bd8c5924f0f3a6d331851f10a9d9cf160afe84c32697c4e221174cbe96d8937f628c72cf81444e86d6d517e717664ce29227e16331e81073c9bcc9fbf5547c70d40f98a7f0919dd6030f3087ed389d1f2dee085be20771e82a0ff8bbb3b320fe1fca54b8be36a313ea4fc8d6e76771d16cac6840729db14a0ab94ef8e868f2fc01314baf798ebbb00c7451e0a5444575c9361843135e2600f485af68e61ccc13ecf782c07dbb6e4344e9b6dc9283421b3da48d8d0cdb9468b1224fd576e9f6d87d6bb058ab4e2f73859d989c6d1872114edd1d06739dfa2d78cda99e7bcc2099bfd37d66899f189e3e
1787460128.4091442 fcc_derived_config RSSI spike: -44.5
  -> 255 87d8cdf0a858a23802f4e4bf5fb9f5389a71ebc5cf194d9c7f2e116cff310381363f70738c0e19501e263ddb88f88ad46b59e51c186a0c367c2e07f4fb18c10515eee4404f965b7536129c9933485f354b17fdc2e9b31273ea215c99379b0122224a2d31fc398b22df49998768518a8e311c4ec097238fa367fe7c81eb9baf86cd0fc21777f9336523afcfd3fb268873e4c11d3d392678f762949b39ca161910663cb7ac02fdbeb47959bcde302cdcda6c489430fdd6eddb91c81856e70916efefaeea98952ad04447ed0ca48cc3b5ec20f27cdaa139a5f517ea4973523719d7c619540cdfa7d12c61efd7b01d365cdc13c3faae29e61f24ec34549dded7a9
1787460128.4093702 fcc_derived_config RSSI spike: -44.5
  -> 255 cf0f84748ff15603d6f5397c1cb6650ec5e17fddb54632c6b4a357f71f1cbf1d04b9569b66895999a8658e52929e257996f40d45258d7e13e1f0b1d4254604ddf514d0363c3ed17d64a8e037511a8a58669863cc24b423d5ab293e8e344cb661548b19e527ed85d536052ab4c9e8b7dc2ebacd4961e49830219ee8369f1720edec6e9d58121792d50e4ae64ed65839b0a209e5648d47b52a2f7fbb3624285af83cfb8b3e29ae7d83260f3a5fdfc504eedfb57b021b0e1700b1a8fd3a6de4b136172088d640bb5b8f7aea404ec9491c865c5faf3abe56ec264951e6e9f94a6ca4bcce12fcb95f9314ce48e7af12ebcda39d597247d9b926f4e991202f0713ec
1787460128.409634 fcc_derived_config RSSI spike: -44.5
  -> 255 c1baa73c55c60ec54fff1d2e90596d515dbf2dec684a5969dea4b2109581a9bea08caecbd6249624167be2736ee6b9906d0a6aba111182e6a3e0f6953f76fe155b63b7a3f21a319450763a8de1a6682a0fee26d69705105e0332c5c0d99399623fb9275cf04f0698e0ff6b88433fc4c6a6089eaac4d4d0572385bd134b51cead67269c2e97ec5e467ba1f9ea9164dc13772768fd88a52e7852f2536dbda4a2b04913149dd31c2c45f1aabcc6dc6f97fb997adefe6e4e4744ca3ba485a4d5c6e9fea483c37d90b94323c425e25209441d5b038a5f4104d0ce0c7bd731f3c8da83debd9ae5fcb56877d3836d4b5cac7d83544c80eaeb244908e12cbe4db79b95
1787460128.409888 fcc_derived_config RSSI spike: -44.5
  -> 255 e7db43c64e0ab4d23296fc31b5f0caa0708a68a30b88efb557e04328f25bef04ff8b1e76f9490f7a2958a72827bc757879e5f1e3e374c4f7cb7479926bfc1a169c3446f7dfdfdf61870459175f1712704224e05c8f84b29f36c47c72eaa7affc72e9eaf6ea3769a1bb12f5339a77692df610b6a8c81800711bc8ed772408f8546ae8f7a8f3ef9719548f0fbc9aa07e3c7f039098cf1a1062b166f2269ecbedca20bda586eadce589d08435004e8fbc367d391c453cf3e1c3a56b2a12ec7e2b44cc0280491a3948ba0d714988d072782c99ffc54100346e70b2b860612fe7e3349ee3fc8a01eb76c92b285d7032baba371a76f09f5fbb789c9502b3ec713e31
1787460128.410145 fcc_derived_config RSSI spike: -44.0
  -> 255 f8819140ac6759234877a076495742380bd8360f25469bdfb88c406e3d20fe19b991d207fe74c5ad478416fa774289581f5a69eb8a7e6e643913ffc5deb0f84a42e5c1c814a349af88bd95ac4d95a99dc7c9ca2f32e9c6cc4ac7aadcd7874650a83fd12c0e20ecdbb74cd43f3f7a38e5f0cf23a85c7f0ba4e7d4cd93de390d4a584d377fe12a39e03da75f263f754615e75e93be723bf18d74c21a83765aa6dede980fcd8a70b79535c032976baeaac02d6358e37865ff47ffcfd963d701e32af4f47173180661e63d4a834b2d1df1a49b2bb8404d9cb8360bda7d6a93061ca74e04f46338f3dfe963ccc08f2b24aac917f95b5991c3f7c60142111890df59
1787460128.4103858 fcc_derived_config RSSI spike: -44.5
  -> 255 b3a550006f7cfa0ef0475f796beb2017553275bd14d38bb532024dcca048b2caeabd32e8f643dc3c0f3ae573528cf5f510392e9017744ea5efd974ffc65e81892e0d83592b327edc353e8c051e8d202ad88c55cb0cb8f049dbcb2a1ca3fb0fa3a4c31b1b8a505d48c1e3e47ebc94c38695fe1dc1730230731ef3951247b766525bd140e0de7931f954d76d4fa505ad495f5954dd085b5490040be1ba777dbc5f44ba6df1f138c4cccd9eb8467ae3b72f308fbe97182061f35b189ff2fbd8c999f4355c8ad0e6b92bea17400e6208c0b6b8609ea43fff9ed829ea499f0d6e02305531708ba2f31d51ccb35f8a35d322bae3a4645211f757e34862adc12b5bab
1787460128.410605 fcc_derived_config RSSI spike: -44.5
  -> 255 7e403a0ca05131fc0d9cb08910e29207a3158e09625cf7b7ea588c94132a03084781bae53dd95666b3a18eb78be7f7872dfeb60b4f5b6671b35886b343e0f3764e239f24812e5cf12a86c78ad8aae09f7149690f76247a960b9048f623786e24a5e5cbf14e285b3ccc90be326299816c4664f03d39bb8b310172175c3df78ccaa3d4e6acad680bd7cba77d67aea3ad2d957e2bcd9af0b59f6091f9eb14eafe0b9b38b0fd7d45ea408ac1952cc79ccf0d240ad388cb08328f8c89ff44ca803468bb04801ac606d68f84fa890567cca6f4e115074f4835abf16470eaf6bbe73918d1b4130936923a420a471896489832234d11e2cfefe504861a48a44bac19e5
1787460128.410891 fcc_derived_config RSSI spike: -44.0
  -> 255 c43e0a61eed824d57214b7ff325d213589d1097d682d17d3f5ad16b44f90a0687fc95e07592b13c4a5d78edcb19d8f43338386dff73f1fc652dde75bdfff8e0b41c36a373ec21f163503cc1755fae90e1928a095a00a144cbb01bb19262b956b5d872ea03a1c94c78144566280c5a44d51ebc291ebe05dc9b28ded2ebde035964d4dfdf1d8029c3a007a9b756142aad1f061e7d1c75826b63a38b54d0377953c7ae08eadc8d19291e020fc4edb92d5a7fb9d01cab0517716d64cfa62d7e6f1d6c8511c7eb5308c6345fddb7858ad6af740db8a240d28374bd8556b2c0157cfd54a45af33c095465084beb88974bee9c93bbc4cf1ac479d7c5ac8c8850fbf65
1787460128.4111528 fcc_derived_config RSSI spike: -44.5
  -> 255 1996054624bc91856539b4897f8e8dbf99ce2388a0cdcb9b7ae3d0376bc1cc3dfdc5903b3f03349bded16481c23033ed77f1b03f5ddf5a033340c34271d66d6fef71d3e013c3b7a9415ee58ad6051c8412d16daf7e0c16c7a62a83486214b078020f40de81fb2726f4461533c21d8eec394c50d219b8fc4df82c0dd48f9d572f314d187cc08bb9ef83c01ddb494c8c68193795cbd1b28b9a877f4c96ad399acc0937da82a84e6c21142296171ea70b1067762dfbcfca36faee575d0f7e8cc5967d036e58069a164f7b25c4398d5d972ec00b722d9e4b5c7919de6659db1512ba4664048bbbd5f6d8a0319d568dded1006cf29ab601714af70b199cfa9c1c01
1787460128.411402 fcc_derived_config RSSI spike: -44.5
  -> 255 ec442d8ee38a9f9cdc1bac5adb37ea69fda8d35071a0446c0a73e83b22d40ff9b590ae18087b8f191960b2997da644a4a19a860c04ec8c96c1b86fca50eae1cb3272c49c1185f7c5b28a48fe1fb25af1360d8cd60db08e3d117618062a78afac551e9fbebc8bfd1797f1eb7956d20c6eff3a260ca91dc49f4b0afbd33c63342618619fbc4faa9a1b554195bc59ac086dde0ba1a6cadad7b8419f45c439ec1e04066c417322cd1e6e48c3f095fce6b4de1314b727bd7b867463545ca41a8740420d9c75af9718acfa6bd95614d36025aea0cabf3e7345b76e45c57bbc65eb159c783bdfb6a81d2c48cd3ea72e0e7eee9cf73c07a82d06b415b20dd104066a6b
1787460128.411645 fcc_derived_config RSSI spike: -44.5
  -> 255 93cc981249dc6177270c382189678b85899d23fa484205e4cba4d981ffb49c518e54025bc10bc5289c417578fb9b45e9522c0e8f89fc42171811d6e59f9a45e63a069393497285e2aee60fd2aa1f6f9ff27418859ebc47bca2ad09dc7a61022813bd9de92cee9c941423d4c7f136780a482f72fb4d3dde4ba7f3336c16f60e536d2fd8ca29cb3eacf1dbbe92c5ddb9059ecdda4f489d16e293ad1743a1abfdc32dac916a61e17fa7b541286592cc6bfb08ff913b02f35924340663e7b9fda9ee660b58a2cfbb2e243cc785bbb3a078542dfc00000ca2f7d3fce5bf2c717f5c94db9f3b6c023b4b0e3cc7590f55560d9529d6b98cb1eb0e9cd3a059cd1236ab
1787460128.411891 fcc_derived_config RSSI spike: -44.0
  -> 255 61e0b7dbf72d1a14d5ae0b7a3f5de3865831aaf1d8121d7f3029004e265f920981169f33f7d09be99bee4cc7246e477ef257c2d58f69ea2805f055433f4628efc70bdfc160a09ec4dc12ceae24b7a77d84e0162cc443400a0b744b3e66d3d046b42ce8da401efd09b0b4bccd48b78d26d35b0247a0177e49be490fd065274901e5510270c17154aa296012ab1a225ac80dcd7d13e977e7c1306a22cb9b3699f99910cf02648067a404fa66c79c37c30d3e2aa1a3267cfc9346f0d64c45695f7630a247cf6544bca1437712388df3f02f605b1b965c61407714b39713f16ac50083c9af9026b3479de89d07568f84f52ac0bf2cd03aa658ceec4d02ee87fa40
1787460128.4121978 fcc_derived_config RSSI spike: -44.5
  -> 255 f08e22652e6978d22c4ff0db9b535d09c6bc4a59c7673a2312c99eedc08a821b2ba523288e01218d342cad2a4de38a4e2289f25eb635be654f7d7ee9f290f1a2920edabe88f020bee9da064d126dc919a99113f4516fbcf62db8ca44f3e3a15f2dfe4c935c92bd55747801f29a3f6208e2a7bc1a72d6f83b5b7fb9f94b71306e4b34b40f56794dfd5b4b3d407b82729513dcae8fd1526bd44b5a54b7f15e7a0291f494a51c73308baf93c2cc93566defea23070b73b1e1199141c164ed61605d525bd24ed93716fbcee4b54ec557c6104619158aa90801dc3e02d78083271fbbd31a09ee5c08d4e19d83f24cebffff17812fc57d720b2ce37a90c166135d86
1787460128.412416 fcc_derived_config RSSI spike: -44.5
  -> 255 cd5cf7ac31417796a622dc926c26a8930f6d87ff658597f5370507814faba3a30f119b899e239f8ee86b9d35f86245682f54bd07bc31e672748fdca1457363dd61a97419473f9293611f890530ce96ed5bd11e1b99c27b958ce33ea81c3e6677b06beff6de2cf0dddd5930412dd81c01ca7a1ff3256f0f640eb0cb12676aca547defb2cc999e6e4cb82228db65a4cb88f3ca0857d542d362281af8e811f2c8442d8649b5d72074543d3a1fdbdc521210fb7bca27b5ae2f29135252ec1bd8882a397e16a5c26ba767bf0e49f75c612f28a7f7917be81b6935ccd1bd53bf7a593daa4e0a8750f60f8dd8cdfbd57637b36bce895f1a7ed6495166c40dc0596c41
1787460128.412653 fcc_derived_config RSSI spike: -44.5
  -> 255 0a7fcacbb872ee2b503615ec12d415e17724cb6134f19a0e50cf0e0bfa0425d0145cb7b541ba93f50a5932194f3a1b7a2bc131c00b573caf2392160367c118289bb8bffbdbfa0b8aa7264ca5f318c3884c8249a15937069247a2fa2be0b441deefd2b307e829e9cb3c9c2cf93cfa581002272f8218093f9bfbe2038e42ae2950afbe1b199f86b2b35deab519a9a010036819c747991b21f25a977028d45135001015799541b15e92c094c4d5050c4e16bfe274baa18338a419f894e3ee909ad260d0519e9d3ea8a7d66837c702588801d4a6768609c5ac35c3ce17c743c322bae526875ffe62496e64b8fffecdcae8f48e7bb80c028cc1168e4a032f44ee49
1787460128.4128902 fcc_derived_config RSSI spike: -44.5
  -> 255 ba6acce5c8f1d727abb23769419b84c6af8fcd1e2a60377178f1dca25eb9a0f2798e0060834ff4fcfcc58109e79aa8bfeb8e74080dd5a20d326521668c603ee67341bda00b8a385f377a28691d7cff7cc480c436e7766088852878f3c880eff0cf18ee70a6bccdd1336067f14f961b911569051aa598f78409aeb38f1788bda8f63626716aa92d00b7e4afbac1fbd80e18026dd081ff0692a49e4c5fd9842c6dc00781e9561e46b0df7b325c54b7d46d3923da925151721f92c6a2980177fd9d003c268749f5c677bb5ff05075a8f6aeff1b0fbd47c4c04536743923b412823f082501c6df58e2ff4436c1cfbea0d81ded52a683759884ed94538d7928fa52
1787460128.413141 fcc_derived_config RSSI spike: -44.0
  -> 255 a0fb6a77e68853899f1ef3e0da4e417d648f001f2093370a1e5860be72a2933470cf406712191bacff94ac36da6d36bb20ebe4576635d77feb7b09c9402c233bee5b11b05e0112b6b4b4c29fbdbdd189dc4679ec9b4760e03552b83f81ada410d6cba4d67f59b6ec4788457042577bc8e757a11e2cdb2564dc3345e7d8aa11f5bc9d5a51e071f85fc9b57cf059a71712d885c5aab66fc548fb0aa595a82793c28a25d9513b1d35721fd6903bd6ae2e3a999b2b400298b2b5aa5b8a49efcb38c49d7068d1076eff845bfc9cd7efd5b51d2e1408938c64a04a37ed93612a2a35bc701bf6c732a2ca6077b99000f865b7a1817a3c1783a8302b826ea03e15350f
1787460128.413422 fcc_derived_config RSSI spike: -44.5
  -> 255 c3d5950a9460486aa6921bf786b57ea65286e19dd47550822a6a9830b1500aece4844aaaeae590d561c98e259cb706606acbd68d0894390406277c264e08764093277eb78d53935683f8f8c5b2e3cfc26c6919c030c0ecdc589063fc00776e0d301864a388e1ed0b76ba0d0fcb296623dcabecee299c08b77523e35a805911d5ae349646abdf16e6abf894306f54930a5623957accd82c800d5a484981bdef5ef1e7d4970f3afcf9b267066b02d6b6155a04d2ed6034ecca00ca4d0afcf919f5ddd970edb7a50d74cf53c59c8d0a434f3abf919613e2e2f979cfa7ed822d7c959861cba89f217d7b804b53e88369e77c4d1c360075419a77fdd1bd643f2fcb
1787460128.413664 fcc_derived_config RSSI spike: -44.5
  -> 255 2322bcdab4854e708494b8fc8324a3b5619223b7e18760f368f908a8a1eeda925d1df41144d1d6398e7e90fc673557ed3203ae69ec2249db46ff4fe4ef5d18118412af51ebd4f17921c30bdc86eb2fdd47f6954240b44635d40aac2b99419b54b56b3348b37fea49f0f29790012fa70b906cef60e2da90f8c62f4aeca655765ee1d9219afd9bf4049807e959c3905462dbecbb033e90bc6a222b5b122ef14d22586ac0fdf2825b446642bbf99e62453fd324f139a8b52311ea21162a601c2135e8d425b7359cd46cea24714a1e4e12e9204adab50c80a624d98fd164f337cdf5b12da6a74de83eb7064c057be75c356812588ad36df29ab6fe6ddf428a2ded
1787460128.413901 fcc_derived_config RSSI spike: -44.5
  -> 255 e720d2b60abd97e8c65eb97553a58041682276f62f6088900780b1647a89f59c2616d1b30af1440aa40e7e99d3ad7c895af0395284193b7d35284023afaef761d5712167ceb7a4cf59f6a0d5a71ac112538325a98bb4d9b64b5740136c64ec5479bede2eb11d408d0af3efecce93981c31f7ac9818b24e44b30156cedfe5e8b6a60789e397d2ead257aa204a700336757a41069296689836685d718bdf137e04622a673eed7a5306d929fb3f4e647e2f4160ced127c7687ee746f6498603aab03909cdea0b6f768cc9aba46862d3fe2444e79578e47b658491ec9c92f5366a784f93dcd8919d26b90f20eea0858385b46a8b4392245f9913f00fafc4d5c3b2
1787460128.414148 fcc_derived_config RSSI spike: -44.5
  -> 255 c082aec2676ead27e9182da01dc9516cb53ad5c378e4cd8b93ea8930f741c40a2338da3ff93b3057271c89e83120f4d9d4a925a4a55aa4413fde4572effe320b95269ce5f82adb23db6a6a68554da54356bedb834f23a4ba76f98d43c263989de696542ac855afc80e487755a9cf62ae61fe4af2af34a08f56fd182fcf31782495c3454e0e7bd52e84e8b7dc7b391b2422d8c373f6df9f53c43d2e2c58041b6a32146dcb96788023c7838ebe91643aec92a7950467b1dc5ed4befd04bbded611127f836f39a2bb7fd01140972b3cea997890627234f7892a183406cedfd03afaeb074edb0cd7267790872db1fc21733c342e2a11c92a141f1ab2e0d94f4c98
1787460128.414388 fcc_derived_config RSSI spike: -44.5
  -> 255 2d94bdeee7e3dbf5f208125c063d17adb0cc781c8ea66a50ed504abe4a9189acaf81936ced259d642dade470bd59fc4a5c6ef22411e96798a8f6933f5fcd2029f50eb0050132e3c3f7c2d02bf65ad81d32304c7e4010f6bb67bbc10219696a3ea527cc8ca3e84679dd6e2c1c6f1eee9a37d339a1ff242e03a466206e8cb64783c897b5aaae4dcedf098d52f03dd76b1dfc57e347617005076fdccb56373e5434bbcaaada2bde874ebbc9424d967de94ee1c3a377ae2e9367efa7db006c25df8715ba818d114b8cbde4b930e45050089a757d81b0dc649f54108867e3bfeef5cdf434a27f9fbb81b1d379f20ec41f3f10888eadea6fab03bf73c1a384faaebc
1787460128.414641 fcc_derived_config RSSI spike: -78.5
  -> 255 559a800ba7e753283ce70da6fef3b220bf610f873a2261d08dbd12a0d55e7d3f7a1f61e4cb77245f2e5cbb6e53fcb9cdc2df20ece046e868c66cc112d1e6d083e08e9620eecfd0c7bbfed1f1588fa9a43e157fa716a4c9d53f4db3995d2de67a1b3612c52eb2c16c3b36982e0682db289e7ab04d073656a8b4c7b6d85afa3a4e0350dbedf98f80391bf2b3b98f76d93d49e691a99c53aada063765123d31dc7e707f423baf801d4aba650566ebdd6b462763cacc563067f11b910f085194fc1c50a0a05e7f6ef9e020daeb350d0869df8dc85a3612e1bcd3ba029d88abec8a4799e51599df21cc8936780d25cb4e46059a0a0580ef04da9edf0a122ffd6b2c
1787460128.42237 fcc_derived_config RSSI spike: -42.5
  -> 255 b1008192162b35d0023bf4d7ca382329e84cf56109e9fae8504338dfd6677aaab74ab6a34bb4659ff22ed97474dfad789473e6df2bd002bf9cef70a9e4d4fd66fcf5557191ae284aab2f45d81592da5bfb4343fb20daa69e701a98c5de8a782e751d99f149c0a3b44a0a9d3d764c201241d28fd6ec264c6639e37ec2cdacfa5c0ba561e808b66377f8a23e775cad4214b9caf4cc3997f7770847b94df97108b01617eae8a2b7a51ecf04ad4d3ac848af26b3110da26fc273e684ce2866ccc885da673ae4b18ebcaebf8b49555681c1f3b27f531b001bd3ae44f8a0431b14c795d3b829e330ee34a7ae673e5b5e3c47eafa2b5abe3ee18a1a07b579007c6011
1787460128.4225972 fcc_derived_config RSSI spike: -41.5
  -> 255 863ff397aad4e649b340866c049d239006eebb765d440a7018ff8e86ea1943496fd9f55b0bfd581be6444f8dd9d195e1bbe2067ed3b4052174195c67a7d70e99df771602fba94d75e873ab6abab13eb361f6461501738f3b1c1ac4a96b4bc7409d19b742daf5a086d8b107d23033e71ce56dc5ae2f0c32527b5cf43e00d4ff0b0f63dc0ac32cc0d16205d12afff3628521e517394b319947f11b00f36369e21ed7940c715a4393853ee6691c93f0b4c044773524c406abdf135aadb91881d611aa84323efbdac9e6a291245f478a36bd39886fa10df191d058328ce3c57866d2b6338dff9107de3c8689936df4f0d9ea30fe3a9fc377901229f7aab7611cab
1787460128.4228659 fcc_derived_config RSSI spike: -41.5
  -> 255 46a61374ffedbf8522d02cc2b3e351a8c2d86cf8877064a271b8ca6c8a9aefd14826b3c407d3a2883627a5bf3c2b52a335f050580bb1bbd67c5097b0dc6c4e7f1b5ddb6a7ead55d2f18d9947e13f1267e7eaeba4d5ee0bb7bc9b528799834a31aabe6b62f6b391a3c6f14661af3bbebc2cc3f3beee8dea12dc82ac6ddc21a065acae6b3d08c111ef455b70184ba3651293905eb73eb57dfb4e5138d90f07ad0cff7465f14d17e8a41a1feda7c87075e1696bbaa4c76f95c5c1e65f8ee55efa73dbfec945e09fe1fb33bc89c483f7ae0c08066c242b4ebb510c02469b62a0bd5291cabbb8ef2208a81452eab94e9c69c6a225d06be07a69348002b93cc3cfb7
1787460128.4230871 fcc_derived_config RSSI spike: -41.5
  -> 255 c104769ae1c66038ba433c73e3087f9155cb8bc8e58b1c0409a56091b43079b92368a154496d20e94e7f4958bdafe66f635030da65d5b2bd181c4e8d9464d911ef48eb45a8df0971b8e5462f12c15f79a396dd7b4156ddfd0daecfeb4fd97e344fcfdb57275e8946b95b360ddce8b1602f153f2cc60b33ab228020175b7c48f62c4e6feadf63139b913b3a5fb08ea97c264ec2d88bdc5745a79592637aef4f139286709b439ff04a3d41f6de641b05330599b0dc15bac15475ed5f50e6b201d23522041bb4915222c19b20708c8728ac48c10ca681a220ef5a51c7c117d29c38b13926e1278a2be764eaa7913ca43ff894f1837690ff7357837a5427fd79c6
1787460128.4232981 fcc_derived_config RSSI spike: -41.5
  -> 255 cfa0f2412eea93197150ef65b6eb734db0c250a8679e93bc703cef810dce94191409101cb125a9e6a03fbd3978bd1b0112734baab517f0915b6f78262fc6db23d156dbdc91a1f5a359ce0e7c3066e235fdac973ca7c201c3be88c6f22ca174dafcb9bc378072053fcddc4675447a11e5b8b8203030367d93d88ea6f9948f64a89cd09b04fe2d646ff5e26596c990d4772ce5a6f8da63fa22d87772afa3c868e91b3093a53dbdd8a29d2a1c53faf7de884a755844210065c9002dda087cc052f8212cf0d130efcf97810c837984d10309b3969ed15eb3363eb9824d7a8fa70c7349b24d43ab382921136f8e9a3d2b3509c4bcf3fcd552f231bfd631d11c1b57
1787460128.423519 fcc_derived_config RSSI spike: -41.5
  -> 255 f4bfa4bf376e3b197bcef4f21beceb83dd7e946bf28d3875340dc5c627ae79cfe1d5789cfc37cce61752186124a1318b4c499f8266821190d551ffa18bdffdaae1499d72a56da6cf1bd4fb2951d3da62a92cb800a6904ea7788a9a60cb006393634f3c95f120c5f2874acfec11d7d84599aa831d1d485ac04a2b0f25efcdfef99e9bdd6ee192ff54f5026fcf85d38d1b14d40c8eead98905473a0152dbe71f1f4f30365d5052912f28185eb48b8ec313a408d7eee2e0119cfc693f0054fe5f40860491a524ec9d7cfaee77aeb6b8bb99e35c0cd36e3991007edc93b999e6b311699b85f0ce04a06e459182cceee57f2bbcc48f8b5c7c7d0ee903a8c5a18c23
1787460128.423777 fcc_derived_config RSSI spike: -41.5
  -> 255 3395aa432f000257d8448b538f2c2d9bf287e2577d2452cadc327a370c34627e889ca6060681c63bd69891e0e7fa9fb87bf37a9016e3fc1d8524a626f49c09ee2f7b660aa7ef66d7260fa0c415c8d3289809612e4dfcba97866a4db9e4357c3404be19bcb83f74e507ed10f6f66c5182a87be18173a5fd8988e2cedd76c893a83522588f4d8fcf9a9ef4e368cb02b142bda599e3555bd034b016c9911673d8a72ebd096ad6be5e837f78b588a81ceca9866de0606ae1be6cfce5897d528f5569bf3e2474326053e7e9e380bdb36c80b43dfef32ef0c3791e2596e10d5a5c27125425709c8754eb2684705989e4ab68d6783579ed2a399d005a61d4e3b794b8
1787460128.424027 fcc_derived_config RSSI spike: -41.5
  -> 255 a2739a9027fb882edfe1ec3c176454432f5dd9aceef7c1c49ee4743d30481b2f17b2fd9de59def2ad75afdcfe2d46004b1f2a5866c28618d2887664f0db4dc618df3c54c2a9fc4934c496a30f5c3af4cda9a0b3af5df87d4c9a10d038738d07333e8e417070ac7afbd15c0903475214a06892cf16e8ceb52aa0c317ac0a0551be836a5848631d9feee445cf70e5a95a8a624366af70b0375999cb63e72a1e9810551f0564f8b3d65755083bb8f2d5a46e4a535b6762ce85b30e4f0e7279128e1b1deb030760a416b42a8ba0390c9474a2ca47407618d57b7f80c8fcd250dd826ea25409d2158bf73cce9f890da208eee5baebb10870ec0be373e9ce9495729
1787460128.4242759 fcc_derived_config RSSI spike: -41.5
  -> 255 371fe3477f4a02a4fe64aaa945c1e3e04e4b51137b659e78963f2bbca8a02786f093d7939da37eb0a3f60de1bd530843f1fe10dfab1fe3e986dc8cc100bdd070f12722dea98dec1ec7ab2b82426c5531d9ddb2563c5d53003cd9eda4414b26f29a7253055e742c91221a777c9ddf28a21e9368f5d8841d2819f8a2c6f97c77be2ff3716f46d9fa4b53b29662b51212e26f53120359c67cb43af4bff82e0fc15dbbf9708207e35153de35b8b6a363b0878b5d8d394300f38180007114669347b9e4adb489252c53e82ea0a22ca96c318f5c2bb7c62231b3a0c8a37dabc27c1384f335dab5f3e80c1316b63f30c3efa18a47b63d2661c9a54cf9733da1fceb6e
1787460128.4245079 fcc_derived_config RSSI spike: -41.5
  -> 255 b96bbad230324b53f0fcb36302182311cbcb09049f54450b023fb5ac8cc117e3a55fc129d35d391e06364686f5b863e1170871aec45a78d1c49e0323690b21cc96652cbcf64eaba31add63695f3e16cbc9b0902079619713363942fbb5d937faf92acc85d2dd7712db5bea8c957809ad724ff6ae24760afb1d513473362d8c58f4b37c076900086f8c9423bca0d15d5979f6a3ebb9396904b0565129574bbc005a777f150586f0bd9836e78f43c6f8429b7f660c7904985dee9d8adf4626e8af86639a1db4c13cbd024040db31483e7124ea805297e2ad42e81162b957c08b87e76c3ed737c8dc3a789b03bb267d0f5d9737c66903f92a2a644f5ac0832472
1787460128.424775 fcc_derived_config RSSI spike: -41.5
  -> 255 3dd248b1407115b07dcb0d8605f30039b956721e83c71f6109fe3c105c82e136a14f7acbf0646ae37adb0d242cf8dea146f97c174144720f73b1ca7a803ac43d80ec6ab6ef3b2967cd4ff7530c77490a72bcbdaac75d1fbc177d13215e8f390a2a3c434c6e1417290e628085641dd9d2041791d9f1fb271ace8d26b4fff499783dd3375bfd03d62b0fc62477419518279a59fca95da8240a4bfdc1d95d6e9beced5338897c16e76b481389bf0d9a62e950db18859bf17d253db80a595791bc54aa8f0245ab899064604584df048ee4ac1f62d9a5fe0c0d3c9f1665baff7c4b557ab1275dc5a19ba6f4a72d8096b8e2c948226d41c01d93db54348aeb7b98c7
1787460128.42505 fcc_derived_config RSSI spike: -41.5
  -> 255 36cda65dddec378c6bdd1f8901a3c8301c445c49767879ee743b9a025fa40366e0ee82f497d223bf7bb0915292c0890da0b45e5f2eea72606d245626f607d5aa1daa785cd20207cc651b43482508bb556a85c8111a23c8f0619a619b708b27b1967af000d46fda616ed0b6c09b20bcd54b399a01d03cd3cac5c49b76bd6442e3277f6906e973aacbeca0952e78d03591dbd602ddc7cb2c34780742753b21c55abda187fee05e52be951b82b38d1c33c5ddc5f3bbfe27265c8fcf32c1a3652715218ab911aa7246d89d297b4dfaa07019ad9851ee77eab26f1f2e5e01fc9be02bf8f74cc5066a83528a7d83c1ef8480ef3abe40d8e47c4cde7bcc30e975c651
1787460128.425291 fcc_derived_config RSSI spike: -41.5
  -> 255 940a1d5edb74ebd16774b90f5d36494ffdbb52678724c5ca9917fda1b5e17a08197655403afd452c1de95e56fdc1873f67acc11d3ba25a056c96e47c8d07dea216611459c78756f19e648ee960ef09dfc1f029dfad992393517e3cb5e6368ab78978893909adf3b95ce190fb147c0b81f0105d3c3344bc4571a50090305eea34d8e3b3f59ca742a3c311d70d60d389afca1d64ec5ac27805b70c4b8c123900049b60da51c8e71bc7cd9131a6db8098d94f91bb9c464bd0b8941b1c93d308ab6e98b5b04f7508763623aa3676202491ecb719ebae4c4fdc846156e7615bdb5f6a413bbac8e8e84c38428a127a65ca51cae37bc79594a56e477a3b6cc321c5e2
1787460128.4255118 fcc_derived_config RSSI spike: -41.5
  -> 255 7bb246fc49e56d91a04273f96874dbc8576276f065d486054f0727635c3ce30ce393df616e23420e2013fce6d52ca1c2cb1eb750fc91060b3bdf78ac21daa5dde662367777141e0eb111b3db9eabce0bb5acb068e67807dae23df514f146af0ecf339df66e2fae887575f4cfc2dd3f364f1579e729e19a49893fc07a8234dea1c613a5a2302bd745a4fe4c224eaf6fcfac7be592cc509b25efc303447af425afa761e41d8d535c8ddb01e6680dcc5162d40cb55ca0c4ff3336e725688c8b616a31dc4a29dd3b3d510875ffc435ccdf18065d6dc395efbb5346f9465b4070722653569ab4d7faee9e1468ab85293f5db8b998217250a048241358c0fc6d29d1
1787460128.425746 fcc_derived_config RSSI spike: -41.5
  -> 255 18e1ceab04f9ad34f4e3c63dd30b8577d98224019fe540ce06a882e75eb3f12a8527f67a13e3e87da7f08d1e9903ccf5d668dba9c8c68a9f1aff6020a13218669ff9a5e1cfda442130a8ce41b5806a5046fa28e518128d5cb391f42e79f5b1901a74b57f87d5e38dce1b97ec937336a547385c205f7e0aa482f0309957c177de54c672a293b64ec440d1df3b93eefa1acdc9fab0735b89547bac73e8170fcdb456c5acea7f3135db3194615d9f7bdb62e03db6daebdde42d61dba758acc4da7f6c1fb7a2b08eb9e36dbecde9883167505b326e62b51b7dc496f67b13deefa604255095a325936b34848f3c2d7d992ef1be105168210fba377dc65fb88e77fc
1787460128.426002 fcc_derived_config RSSI spike: -41.5
  -> 255 139cd0ad4fcba8a7fc72e01b43634c23fd3fd934a3efcee74fcd82be953e269633f36f295349df7485747070fdcb6c1ad63daff3e9cdbb4e137fb7c4050e1da6efb1ee732562c026f16dfa700f35345e06755ed8b40618cff84e604c1d6b0154fa3bc75e11ce8be09e991ee7794ec7ade94aec01ee54a57a7a66c2df7f91552736f8ab8742983f2dbb7dc50484e3b955517a83cc206440e82a81b03b4595f90681b0f4517b7be837d484319853adeb53196709b134bf7c944588efa13e139181432c474c13bee4a464a52d45195ed80251fe543f1badf47b491d808632986e6fe141fdc3c38afc521b3e9ab3b3283f3d2b58cdc8594005fba910a0e4155661
1787460128.42625 fcc_derived_config RSSI spike: -41.0
  -> 255 2bf2236d79bcf0fc7ecd8190206c85d44dcb23677d3a1e4d705fda1bd860d537356c3ce512229c5abb71f470c4e31a7707aa8200dc4da94956b25fa64f761164b54d09e3ec8d6b3c78e9c41bdbf2a990a6997bd55fdfc6a71bc7391c31fc2ef3bebbba8c00d2de6cdab21549036899660a44c12bccb7602101c9f594bae5e24667340a61eacf83bf8872eb928495a9ec0574561bac639ed409a26e21701bce77fc9522c256e3ee581d15597d8df6322ecf911b97c332e04a6b3c9c026535409e0d15539b30b96a64bb8c7d62e6a56d6941c061b65974405e5a90d81e3d2f7c150b0ca1c879276a41ba964c6ec74a0c34f9c02fca6f7fecc38c7dbad2bf74b7
1787460128.4264991 fcc_derived_config RSSI spike: -41.5
  -> 255 33cfc62395c8e2201eb8d27eb646dfd7ae8fd56cdaa9ab1e79eff13ddba3aee698efe7788b8cca296651e3c86f5a21faa6ebaec5a8f3675b11aa430461963bb061b37add2b8ee3b3e3c2b8139bba46c6a5268c6581122d2eadeabfa877870d72093071dd9c16cb44513ad7d94727c7f21bd681c9f41bf5cae940d42d844cf008fd92c0a97cb7a9812c46c6e927015dedab1510dc45c5f2fe874c85985fdd30f10b0b36293f06a3ae7e9cc26c20de52b76754325b7d7970241e69872f9c3c82f664f4e82ff9f78c33e52b45dfca6fdfe3b0be62ef6bed6e026cb7943c5c61a5f8ddb52616144ae5f20d99db9ff07abc1f85131ca927a1383185bad344b4c7ad
1787460128.42676 fcc_derived_config RSSI spike: -41.5
  -> 255 66fe43700556898ed99f24c5d43c1af82721f5ffdea8979f6f987369e5ea63d2d79751cab330e541051730c5c1245183cebb2f634e9719943271802cd8bcefc20dbb079b7b67e15ebac2bcd4c42c666e0e31d4fa1c6cd42ecac6971f43b1e66414c0e84ca3449941a8046cbded41ef4abd58733e5be64eb619e2d59c00ecc39687864d9f64eaf22702880369465675667406f81b7b63a81c9fecb9cc134e12d03a386f2eaae19ecc1f09af9c46d6bff7a3ea288ba37ad09dc8309d1abad7da0df828369d7fe9ded629b0f6fb3cd7cd63727f325c40ac3831f097a50ff9bb32ad7e1bffbfcc82cda0124875d17970dda68e591a3827e4aa35dd7ada0069c90f
1787460128.42701 fcc_derived_config RSSI spike: -41.5
  -> 255 087c99a196bce6ccf34c47c44d33354e31147a880c00895311e24425dfdb7fbd5bc8222e9ee5e8a40b35e1333aae19acbf6c7f7f465cc4e2663ea8af14a041f3e66c03ccafddebb1b678771a47f2d758d6d33083c7914efaed921cad45bf07cf9b0c07d7c82af4fec7063941d3471658ab895f3ff85955cd875a47fa4023a3a0427ae8776589049be9b2179d50ceda1aa4d00b1782719b44082f3e7db0db5b2795447b9598d5dfbee70984e693afed071c5ed5b89806071351abbf7738dcb63e7a6e14e47ba5c389703c641b0d22aed918394d2394d5f63dc355cc1055bbc6c00c58ab880660e35462efc971c6c38a248c885893d527d571a2dbe680c9a316
1787460128.4272552 fcc_derived_config RSSI spike: -41.5
  -> 255 3cac1a53666f2a666299d7e385e21c76a167cabbeb7a7ce25845996d7dd24f2c7da0bf10057ae5f0183f4329bd3159d09d6043643788e38228ef229841cb17a9ed798f8b5c80d431fc7fab0b8095f3d707f7df904db57132c3476efbbc46c225fbcdbb6ea54c3fef925887154837ca452e9dbcf925b73b35417a9f65874228629e375b426d023584ac1f03d09bd4c451b725c33622dd06394a1c17cdf8312c9e27dc4de87087fdfb95abc1e622e3fd299f4a1a7937faf53744e0ec66b5357965fb2bcff30a0b46be27f210072b090676cfb69dd512065a7c35939e688b51dda83217e67133e47f24467df51c60de8c20e2e6cb85022a034f2671e7c122c4c8
1787460128.42747 fcc_derived_config RSSI spike: -41.5
  -> 255 6c940572cfc483e01a006def0943c6373c8089062962b89db0f909aa72416e2a5ec6df3f01d6a80c91805e092a0f0ac2c9b820b3c8f59c677eb9e2bb0c77322f0475911dc14eb721abd2407551dcdafe23ef6cb9c2a37c4e3c50a3024333b92b9f48d779a4a716a59555f24ded653581ed96afb463dff6e67aa70ac95e97e9b4ff8dd366d4b83c58aeef500f1bd42bae8408b93f0bd049ce9b081871ffb4dec2d9643848cd401acf9b51d15b80f3c74d6335e5ea21b0935bb053f3c4a94946a91cdf13bd2d005f3b407b9b3e841906d25c8af5382b62346493e3691dbbf4fde7eb6b7a56c963a5cce57a52373689b9d579a61eccb5fb7080b046676177d41f
1787460128.427752 fcc_derived_config RSSI spike: -41.5
  -> 255 15149c3881c7a36fb3030f0c54440dba936edc1d45065028cd55ae38962520d92917dff54bbe8c30fff3bdcff27faa721d6d1ede427555209c2b193dfcdb22d84031b82da6b3faed7dace67f6e68661adbdae491bbf822357bce18a8f18e25445037cea53a76f8167ab38d0b78c051d99272beb1a5641d8db81035d8e08c386050fae1242a6fd8e7a488cb6afccd63edac5ec82a605d82b11a315b02647fd3174d9e917e19eb6fe1a209319afee45855313aeca70ef37e213f61e744cbe938b8ab77c73087324d0df1c68eb9db04d34ea6cc13229da6ba688ec273532b392572181f39fd18806734561c26ab0d6864caf943e32b14e62be8c4e91255dbeb11
1787460128.428022 fcc_derived_config RSSI spike: -41.5
  -> 255 28712b6c52fdccb17cc3e449a12b5d6d51c755f53ec089f099804cb27dbe00b811de69ddfbb658827e1eaee75fd186e10bfc7fc2af00a76db8eeea8810a3fbb7b53e1a2fffc1ebf551d325f2f496632516d1906579096849800933a235827faef1d50de071e38da34cf4f2cb8b809f16300dc05a75ed3f5c5ee06090f64582928d6843831543c71cff52d0476ddd77cc7b5722180c7397e87d0a60b1ac9052ba01ee3b5a4bfd515feae21a455dcd5bf1ec03fa0730005694d37043a369a7ee8b945471e71080ecde879a04feeef758ac83aa129e72526c8e750c33ab94d3fea2dbe41f50bcf42be89a4fdbe6b64abeddfbd8505d292643bc07e3f43c6dfff0
1787460128.42828 fcc_derived_config RSSI spike: -41.5
  -> 255 ba5c5f30b68bab70d5f5b34db559805e436ef5ae70725d23deadf5b098921523b459002a4008e8f4dea00cc2d8b6ebf0cb047c0d00f5200ac2a250e42204628c95792d5e3a75a9df7b980f03088dff06c7e5f43ad13309faf12405eaa6181ef6f27d2222f0ed20428223d2954953f129b0a50326c1daff22f5f1efa5932db25a8aad70255bc4382a74372ac596fc7271851bc0ec3ab7df29ba5b5dd3b3f39819eee82414f195cde3961ec5cd3adbbaae1e7080b1063bc0622dffb70adc27821bea89420a6170d6b2c358aae7a5c4a44facfc76800c334259267222ec5cbc7a3e3cf604c4afdd2c81a962d1926c9d3f5f48b71e2af2ac310a8a22bf7a0391b7
1787460128.428554 fcc_derived_config RSSI spike: -41.5
  -> 255 d5bf0360233ebb50d541e7c2f815e67df4f2139785e760b5266a37395b2045d8be7b0ee74442fa68841327fa6ea7913b4dfd207064bf8e18e913ef7be0ad3bbc2b2b26ec3b9502db28dd394e9c72d11c69092a3754c3f0f2a63a414b44217c01fddc28bcafa89890bdfa0b754703bbd28b1ccbaf33f258a4203594d4f6f4536b3a641f36d5651ace06781ee659c60fafc87ad36b0dd332805ca3cfaaa38ba82abcf44490a1d42eaed92db2e741246451f49ee16ca3d3fd62cbead1949e1327e3dfe5e92c673a31538191ed6fda0d31aa733708448f4a12b8576dd7d8aa6701d0ee4a8c4d24acf56777bfcc685411b0bbd6260a94b5a570ab5b7b2eae87e61e
1787460128.428876 fcc_derived_config RSSI spike: -41.5
  -> 255 ce3baa84df3fac7349c83ea69184f617d602544caf03e88cfdd850da806652238dd4b9ad6329274c1278bb5f56d64881da1b1151bf2c3637672f6a8c4fca80b7c94419a166b03fbdc0efef3d9f938ce29756d39ee2891c050de98236c53344c5ac91326e08e0ba7a54576e9fef8dfcea0e8294290db4412e18630521fbbac5f4d2418202f0bedb5bcee62ce7c9b46285d4f1012ec2f11f0424e85f0dc9871e8d603a8489f659e21895d558612d1c40be987a5293fda20d7a5ad8c1df40b2eb23f0b01bfd8b6e1915db6dcf4112f8c93eae7ac4058470f5a2da73a5dd96226cab1009917fd98fcba917bd37ef0db100b434979c5ad42f4ec430bcec2924fccd
1787460128.429138 fcc_derived_config RSSI spike: -50.0
  -> 255 831c7b886fbd2d26f66ec748ff90186e2b23eb05b709a9260c1b1f4692f536b8fbedf46779588b40a9fb4a4707505afae1b9ee7c5b1acc26a870b7934f0c784be78d6912a3239ed969a1eb155e2e55a7c1cea098023846199635728ca47b90b177a0f1faf6de2d0818d46ececd591d7fba857a947eea9ce9a79edff7b255c6fd39fce66a830b1d1d25bd52b34cc11b7972c11b2cc8f596fc4e3908a928c9a0788380b24c39df6c726e6cbf968c090a5268a9e9819e23b886480dd300c511bc2d902a0f121dd160ffefe1a353133c2208e5a3a0eeaaa4e941d29ddd3523ff3c508e704455701815f4875c3231066495cd091e6ceab8c92ba6dfab692b37b5c3
  ...heartbeat: 200000 iters, 46.8s elapsed, 346 hits so far
  ...heartbeat: 220000 iters, 51.5s elapsed, 346 hits so far
  ...heartbeat: 240000 iters, 56.1s elapsed, 346 hits so far
  ...heartbeat: 260000 iters, 60.8s elapsed, 346 hits so far
  ...heartbeat: 280000 iters, 65.5s elapsed, 346 hits so far
1787460155.070215 fcc_derived_config RSSI spike: -46.5
  -> 255 7446acbb9deef11eeec605581539f44b7cd9f15a424a38614c7ba100fa85e18c3befdc45d701f80edb58aef632970b7fec43b3dbc5fb242cd43ac7afa531e0f05592aebf292805b4493ae07bdc196989f9817bf9397a69f842e18d7bfa6f2217fd6f91ab41799cfff09993ae30b019cd4feecad9ce4dc98a5b7969731ed0834c1375b38318982bcac2875eecc8ea6ec621dd295ea50f89a3e6da100d851161496cc576c8eb1a77293f67021b3d158d040a464b8a12b11f7c71b0ac35b57e7ee7e6ef6afbf04c35a6320f2bc70d9b1d8624ecc0936121bfd34549aef3346536b66f9a85c02190a62d6db0cc6f7740e100b0c90a96c5422b4b3a44670b7030ae
1787460155.070504 fcc_derived_config RSSI spike: -43.0
  -> 255 8ca27b05762d39cda55c509330a8e9af644622da06fca008a3c3769be77a647923c19d589cda926998971d567dc1c7efd4befa0c8bc4133946cdf00756db45542f9125b65c238e293ff2af7ad91916069884ea1bc7a57cb16eb0d6013fb735fd864f728b243052e1763500a1a2fe4bb7b0e231789e74f2f9362f23a624fdd579cec9b96d6a68b42bdb73e3553a8f49d7f02e304b825104e70ebbd19b7ff247f0a491e9522635941821b50ffdbc1ac4bfa3428e17a44eed9edf87279e0fded0aa093c0bfb14461378f2ed01973dd3912772ef203795310da64fcfa7292e280f1c9f58129decb04230e57a7110cb9e8670292e70908acef6b7973856051c34a3
1787460155.0708008 fcc_derived_config RSSI spike: -43.0
  -> 255 64cce396fc27ed9dc7bf0e604db8cb6d054eb6e17900f8507385378c7527aa090edebc38552909076a00fb3bd85fc34dd40ca65d4855664092f44bff7ba791c57d530fea7eef671ae799b6bad0b1c05d0f4727cc98a37611f1d2c75242d960513d68b2e90e0f3a3245ee0af2a17098814b85b0e69a34747154814ac5c6164191eefe13f1d1f1e332a1bf074fac9352851d1534e454a79b06f81a9fe14e71d7e7887c917f22dd2aea8ca6555486d6935070f16c02534927cce8d558b0bbc2b8d548079414872dc403d85911b97a3dd803f68795c44b7b8c7b1f60da14ae96ff7dbf7867ae10e5d82e30495e96bfa37c30082a02fd6f6b2704416f0f2ad6c2e7
1787460155.071073 fcc_derived_config RSSI spike: -42.5
  -> 255 ccdb3a664a497ef9c5e7b701c8fce5b7a4f2a561619d58e413f6df9aa671157690de528f39763239e7847de1bfdbfa09b29080114d5c74ddd6d1ac3b3a62dbe29a4ef3b73db797e901283a66ad1549310d7f15fe85651abeb96f2601f174ceb482004a618c8e9f183ebaa5dac8c40a1324b7442dfe74e7f02d8ac6699d11d9f7868a62cf46141aa791d26dd6d287e61138a429e6b8b5e7e7442bca52d146c1d3671541e014e37a30ac2797c8839b90e586c69e3c930bd227be1fb94b2941c773cee8e974ba15d858e137b8e3fb89435d50dd10ca4ffde360b22946c3d9e004fd2ec5fb0a9cda583f6017ed71c39df53d01f675829860f1c4b4925361288c94
1787460155.071362 fcc_derived_config RSSI spike: -43.0
  -> 255 e9c0eff490f14ceb39c0f6193a34c088987fb22ecd047d8b2620f4ab834e707def45e24276a59ccfb0641ce6091633748f0b6012442785ec92561a8ade7f0bff6361a7a390efe0c72ef1497368bea978793920b57d3c2e5e8160db2fcec40edee67f25af33aae9a1f600732ebbe6fc646e5ef4ac35ef7e6635e6ffb0d3727d41bbdf7ae59f622da5e58bf3e1ad2bad6651759378fff91fe505c34174678e4c157dc48465582e6e2db02281d072e53057b512a41cef8f59bdb2a0211d9dc1bcc99d437843d2f485cd3fbab625c3088df956af0e7cf86c494337b783746bc30de065cdab2a496e70cc13ed8171ea5bec264818532b2213557fa4dd735bfdf686
1787460155.071608 fcc_derived_config RSSI spike: -42.5
  -> 255 0223567236c8dcec20a24d1603298c678cef40edb0940651c15f9ddbc52a8e6cc9f37d68fc5bbceb0ec428a6eff78601a5b15e217017532dbd2c1166aa7fb4aef936d59eebc871a155a36e878bdb5ac9818262e898a7588d3405dcdd007ef495e445066f092f894935fece5dc2ab4944c7c7cf13521d09c0fc24bc67f7c705d259e513711eb5b8a33ad49f64574b1331e198afc8cc745a94a5c0d49b8a256fab80f6f066c95ed0567630e76e1425311a0c0b1a097953cb0320256e13396733d8980ae2c011d4a51739b1dc4f78311993b8924dc991bbc6c83c10619b8336dc4d60343790d96c1b06f5870a2f74ce3c852e7c1c3838364da00f9af64faf59d3
1787460155.071936 fcc_derived_config RSSI spike: -43.0
  -> 255 1c89eb2d485a20b868c1a82c3db0a8c3bb3496c5c3fe932f2f07002f7c05594fa80487d5e30bc31fdb6ede20514b6b7ad820cabebedc22b0e4e14f323d5bdaa93c9a9f419d39a833e1bc236c40053be33e5a3bc7dea9b02ee3ac1e5317ec324ba45225541b8d7389c0c5301e50559bcf1c25d1e151ece3c23212e9eb6fbe0855fa34c3cfd6091c63c99b6bba60e54fa780ae4de0d2d38388d20ed140fcebc4556df944b2468cecae33d850cea45da16c3bb6b20aab85cce6fded036f4884b7b03b43dfb40e7b10a886f5721da9d3c34f4cbba8371ee23e2a3f31103499acf04476275bfd9da0fdb75ddef72b72f482105ba1a0a4ea5c121b9c125ec71610c6
1787460155.072191 fcc_derived_config RSSI spike: -43.0
  -> 255 5fafcfdf250b578b7009e447429e3c992c7c7c862a9e97e8afac396ac3ab6bf7bb86076991190c4cf233d05d0874c32bc4ced375bdf01fdbc32e69c7aa438fb52a749662e7169bd8274da0ba4863f8028c82496400842e38a38918c850d529edd2fef83a9c5cb5483a4203d96d7d58916d8cd90556e20d3436b0eeafc4320ea27249be0e9f862d84cf308c400e1462ed741c2dc54d24e1f6562d713212ca95d9c3aca8f4c2464a2833b682c058d67e2e2bf50c7b37107cddb2a6e3826a1ceac6b7aed677d359e7cb88eba980a983aa0b2ff87baf723af77ece92995bb64b19c0b3033871fe7c725908ab67a677770557f6f3a175f8d9f1f8318684bc0a62d2
1787460155.072452 fcc_derived_config RSSI spike: -43.0
  -> 255 f45b5617c5d3d29e4f1525cccfb893d1754ad1a9237607dd222b14140201bb3eb63444568dcfc3bdc16f24d208ca3d407a985b377f493850c62159ca28f86c6eeb4b5c04da0b51d3b48b3def1a8ba87158e8d9796bf2cc9777ba129f798824ebfe733ecd80bbb7d02351cc2a182cb507f241463cf953d2a861bf0b65411b92f41794e75bf366f68cf6a35d5928b0363b6a75f4ef8b4ab7f93d71cdad0da3332dda4e6de5bd975db1bb23cdbee7d3a848f0dda114c4e23f7a9199e286bfd898133d7a32b5435bb746cadc84507c434f8dbf13d3a02f46404edc47aea94e6e5cbc40bdc87b635c721f73cc988826825d29673d6ba2747275fbcaf3f72c88bd0f
1787460155.072772 fcc_derived_config RSSI spike: -43.0
  -> 255 68b5a404057a76d3de7fe443998c73ddc9ef3e02c0b2a4447e8a2c68dfd70983f9d71fd14d9c85547c37de0c09c2f9e873adb6a364d14cf6220abbf8d02c9fef6e36f39d273f32327b76e48f3ea81c45305f85bd0feb29355026bd5cd2e73950614e36a06862a92ebcf9a0828f67745e9fe983a6cc3d4a30566b4cb2d3bb6a91c380d179e5a670796aa8e6476964b965dfcb04276af39f926f69ea701989fb819d761bccdc96d08d9bf8411b37080759e9b3644fb561844113257bcbe987d4231562a93cea812503842fd26aea587ed973958482b7c06ae75f05d84b921e8f62fa4b2867a7b11858feb7bf9168ebec2cb60558d5bff870fefe5e360594ab89
1787460155.073029 fcc_derived_config RSSI spike: -42.5
  -> 255 c53963314d7b54144695bced5146ee0aa6954e2abdb7cb8c9c8648137437d301a9f78b5ed38fdd7d8e50294189915d228ad2dba86b9af9711319b946cbba9179a98150af054818e072f499b740754fce758d3a6660291f0277142476d0db941026f16fb4903f012c00b3aeaa2befedbdeba01f24429e9623839b1fb18b7787074803e6dd3de35d8ab692d7c93d3d187e9b40e7279162247c2a961f96fdd7ee7c360864c0d5e1b0e2034fc5be4c3a48545fb0d19b0b661d27d1cb386d4ce8d842d30b2ec389a18590b23371ea41fbcefee9f05e6219f643e574c6dd2b36be27867a9e15dfa31272532426e5d12608817dd00f88e7c77f9dae9de831986d64bc
1787460155.073287 fcc_derived_config RSSI spike: -42.5
  -> 255 178fa77f2fb9a2716fa6937c60800c443dfe0f336802484666301a8a76cdc37bb7788e881b11bb8f799049b28c3e296a40514ecb1bfc1488912180bcb42aa133ba3b69950395ada9963deb235af3f07f44aa2be5db99182eab62d59bfe7ebda55df80baa65b6c49efbf7ed5145329392771b49ccd488973041bfe431930731dd60d7b9e679a61d3e3074e5ea50f02f137c21e561d65e7d5a2d3eed92fb2b54dc3a8012b9fb9c98ea0adaf667544214697dad0bd0d5bbb7f79b2eda3618553731eda0ac387ebe16f3618cbaf52633929e593de9bcf913c4b109c11bef659bf1508b4706870b483f85a7adb27810201b5f429af0bff20c6ac23a70dd444ecfb0
1787460155.073556 fcc_derived_config RSSI spike: -43.0
  -> 255 9568d64ec16c51d3a1f910567c997758ad249c0fe97b6d9148fb0229ab8169809d27fbae63d22d3a25b4d8cff7966646f37332df94403c90c3d707ad2e12d56e4f4fc0cb3e2c6ce4143084dc6e998f9d60ef9bb874aaeb428129f82022e54e1ddd7d26f47fddf6e13436f4f0ac2371de06d3def78d933fda1b8fb79e9ce167864f1bf3deaab7ad2b581008de3c292169ae5244bc50c540eaa838d8e869cc6a2dbe90697812cdfdcaad57ab226911ce7005fd475bc340df166eaaab391e00c2bf4d217a329e697913dddd490e96fd535a4e3ec90e84dadf413efe57af453d4296438004e6ca4a41e0c895da2ed3b9f3442bc7c7cf25ba8f517bcda47d4769f6
1787460155.0738041 fcc_derived_config RSSI spike: -42.5
  -> 255 a74847f3b60fbc1229affb158e612a93f5d5e1ce42d130ce1ceb3e77a7ab4d5fe08e54395e07678be104016cd310fc27cebcdd9b364bf1c7552c971f5c93cf053e138fd5c279bee43084099029c343294e42f2f1631d788eef7eaca537437b877e74106a1f77ddfb1d4936634eeffe44053f45115e7742b785082d0656b7642ed19e2d159edb114e76011c3bb8f2e798dc5cf64eda75ce36fe73d916d4c16914d1a0f59106aa73395a990e67a4e1b55cc00953e71b3e3e227ca84d38f780393184a39686d10ed8532576e194e0221d53406951fe5700f8eff02c4d25dec18a4ccab4ad334e1dedc539f51585124a04e91334f99badcede4f57cc83c25d85d7
1787460155.0740612 fcc_derived_config RSSI spike: -42.5
  -> 255 3dad0b179ce828bd4f61d26bce240133a01f90f7f5e3e0c93336d068e471194575aaad04e95cd1cbc56778129bbab86708aaffd34ca2b0ad1a837ae25318bcd5f5fabc27f9672d43d4414168d2da4ef943ef3cacb369a3fbcff2cef0dff1d802bb49e258da36d2d7f43a1232fcfa9ea53d376787e7f95910738760043b304d86aee0fa61bbf36c2d5f285c22b847fdda19ac45062c7305342e362e4a3d641fc70a0dd715df39464948acbc9be3744bfaf91624e338fd466f83bad647f42640ac4c820ba85b3d61176df2134ac8463a9ab3bc64ba1934726beec3666cf6ef9755d33d91c6c557021bd8b6b076c4df6f744492f3e95d21ba1bf982eee33f22ec
1787460155.0743659 fcc_derived_config RSSI spike: -43.0
  -> 255 ad45c59846e4cceec5888007dd611ce2fbd9bd55d8db8100737f26de6017b11f9be9140a463f0164d8e22fd138ef1c6c19fc8426918bbc105f2307876171b0fc72f14002ce5ad7489f9ffe8f476ae248e59c7ac7bd2aceb90101e45c1598bcd2b030d8460b80397aba79edca958c53f12de34f16636ff2c4720e3b0f3ef6e28815ce8028e234d12b3a3077ead9bd6a165d37933ad7c9ff31e802ff38f7d156016c93397fdf30f08ea140125d103eb0fabf1fd1905eb9fe04f8dc13fd6d5c291670c46d50d7ae3e56059a4cd1627c1b326602e9db3013cceb69a418d0b7a8ed7ab5ce1c3e637ac03ff920a696aad2f68911d14b354f9c00ad6504e29b4942c3
1787460155.0746508 fcc_derived_config RSSI spike: -42.5
  -> 255 e918fa1d7b84e644d5fb2c4118afdeb91ccc763c3c0fda65bb1ebf74a9d75c8a332ddba75e190ffb00723a1286da2e83a5763c58ba5a68904130a147843358bb8dea4929eabb6d0f09a3992b87f7cab7be042c34b479627cd8f7a1d7bf5e29f497638224adea917eb8871f3d51e84cac9a2f71e893081f2989b193a034ad22b7d8b91ca64fbb33599069ad6eb5bd0c03f20175d445dbe4b2245559bd1aedf25a2ba25176a28a3eb9c4adb981d61fbd0ec557982268970a02517e557a615a53005492c9fcde2f91ecf5ee878dc4a9b4572a2cbcb7318b9ecdf388c9f2a5fcb9cd066e081ee7c16bd0043d5b22deb86c24f5e61d37b9e9f2bf27495da79019b8
1787460155.074901 fcc_derived_config RSSI spike: -42.5
  -> 255 0d374a3f9030547ee9679c1bb2d6257ad45e6f985ded19e0b6397db1c6a4e7413d1b021d9bfbb33c0fdd5455c2ac396d037f9d918d238167893b2f92ae60ba2e2c0afbe8242beb115ac8208c2ae59d20bd4fd2b36c07404058ed1cea920b17a9954cdc9b1ec1d11effdea1448277f95bba07ed8145897655aa8fb63714931ceeecbcd93a32b8b8998c9ed9c8308467d1ddf5eee145e3915f00d72e2d428a5fb1bee2c85583946d050837240f73d3397186ed06c7e1063efb3317584a37f55908c81fa04296d7c3affe196ea45b23e5a1d2bc9b4cf804337d8c2fac2ac252b67ecf83eda517c9f0a216f0acda9418d704ceca71371e47ad8c6813b06e614143
1787460155.0751638 fcc_derived_config RSSI spike: -43.0
  -> 255 bb7888333b3bc6d269ea17f668a612a37dff3da2fd9f984efc2d8b48c09285b5b15b0b709df74f23f8bd101a82dacad2427e2212e16696cb65e90a7aaccabbda6d127d2db75637c80054aa4d784f569be02235a8550521621726d61a462df6a0b7a9dcfd993f834b1ea2bd8cf395d251e67e9cc0733d4caba3ae396d434265bf7c83c579b0d623dfa91ab38864e97dd59f4ee35e592f011a507aff2f693495b67e77400c760dd415770b2aaedf90c77c75c6bbcb942786e3b4dcf88c46a095de1dfef80c0a50144be164270617a40163a6bbf61f3a06068183c889c16bb3cd06710d4af875de357525c2f170b56eb50c9f0d10da12bf261502d8aba27bb621
1787460155.075447 fcc_derived_config RSSI spike: -43.0
  -> 255 99a87f9b22562163927ecb41be8a6729ed199f3a8fd1f7f5e6932837ac53a52b89f7bef84dfad08faadef2b37f6d947078d2f889ffb535a5fcdd5be973938248efcb3dbe5d15b7437e0defd5d700e73dbcce0a8f7f289f99f0d12d8d5e7caad1a2506300885089e3b8f9324a33236c7675dde09a91cdd44761286ec1abb69596e3893e2ac8ff3b4646aa0e9e7a8b7f2d2ff46a7af0fc8070426c93f53be90e9a55980f7fdb8803f420f523fad6df0eb328d47f64b1a2fadde492453da0f5cfdf426c17f4156fdcf04fa46a1b48ff43b8fdc0c97a81b13f859e6586c5613ed3075a2c17b757acad56daa5c6e98178742ec0b6d829f7f31fb3a8a577dfb0f7cd
1787460155.0757551 fcc_derived_config RSSI spike: -43.0
  -> 255 232fc0004a5bb8fdd6e3b3c36a0fa8a883107459cdc9d1b377cf1c68f23d3be5e23a03253dbf05ad43a0fa7c5bff894a302192c90359c191c8d8973bb034e23428c747e4ce0d14008d5f869ab5dbcb00093660ef5fb15eeef01ab73eaa7431d875f3410e67ae801cc805207a6438754869a855ab04f9ef1f7605fffd31e991ff54d2368dde6f48e108563bc8c5ec62a1a405016d1714b8218596931de11ae5f7f95e18c42feb12338f6c42f4bf7725000f8166eda9d3e427ad3632c69619d5a37acf3528a88cba3550649301164099e1500b256f047989650a91f661c5cc76405480fb70c60c9a2a4f514296277932c27c4ed5d8cfb4405e86c67dc3ce9656
1787460155.075998 fcc_derived_config RSSI spike: -43.0
  -> 255 0022b3601628837edd3afdfce62a2027600f105660987814007bd20eefd70754075b52daad024f808be7caa49c2c9c06d981a383def582cbce436f8eb80e5377e2f85a91df569fc185677337af4cdda6684a85f12f66b609ecac7fdee0e7528ab9033297ed24a8458b37cb1003be71ad8a6c3f2c4c26390aab00e53f9c7e8050262e901f0cbd1486a81386e7e44f649cd9c08c55c9a23b0c7b25c4ae94f209fda8620df04e4163cf7c4621f41b5ec37c16167347b09df19d87fcc4bb7008f04a812152d58f3f17517874eb1e82546f03216d237cda3def2a2245faecbad2ad85f79380268a7d6e9fb19f4ad58b3e063beeae242f8c2d396bc4645642d7e39b
1787460155.07628 fcc_derived_config RSSI spike: -43.0
  -> 255 539166c92d76233dd19eb70e401dbfcd441d2f27f7cae6038df068044be16dd7ed54c7eca64cfd311ffa25556346a9ef3ab901e93ab34ad44c939dd06f237803eaf02e42ebed309520404bf7ee6a4577ce95742e14e8241c685fcad1c3194d2d58a2ab3bc3c840bcc514c0289a0ec4325c4380f8b4ed7e974831196bcf91e910ad3241a6eaf68808924dc10ea1e090793ea5798be03ea49b419fedd4272815c061b06c2fbecd89a88d1ed2476f5360d12e586926128d78398339e53459c8daa05fe424a9fb82fdfce7f4a430c296c3d81d87267c68e6fbfa8dd0b2fc91b6e68f2d6dcfb82816122795fe73a07770f36f4917b8fc4c082b725eff8f8ac467c7
1787460155.0765388 fcc_derived_config RSSI spike: -43.0
  -> 255 f3e924001c6d01c1ebdca24b0cfb9776bc44f7277a7b841d57d9f1ac27620bec4499adea566bda0722e5138d79be55114630cbc4a2cddd2c83f1d57b29974d9ac572840907f179e73ffb02f8fe431eb08349d58e0ee3992ee1c4f2c7bc1d0cc89280adf96f18dfd52b6413a3263160845793d9cc44e5ea02a109160e0dec50b25da6cc065214be07fbc71a101371e7a673dba154cde507a68070bbcd8ca4618be66e6566f47806d6acb318dc88c6ecd1bce8f3ea78f0a734d7faaa8496d70529c5b90c3e6d267bd6d5e51dd7830b8f46dc736aadb7e3043470f8da0d8d2582973ada0433ffb4ce342893aa4556606e3a25bdae2e0e8ea904cb010d80c7ea8a
1787460155.076807 fcc_derived_config RSSI spike: -42.5
  -> 255 11c7c9ba5662b0c96a0da10bd4f394f5e3a3063cede26e617a81fc9b9fda4b49d9fc677bcf885829fc72736cae6121563c30d6d137db8109363c8a430afd890283f4b5c1b94703b06599f47ab4e71e50619916a6427dbc8d12c9c7d3b101f8e0e51970eb3487bdce5c821db5dc847ddea7f1039384966b76af58c6fe078134e8d82a21ec05c33adcd0e975773cce9566971c3cb8f0f65dc90955f28de545e52129c6eb4b18a9939325866e5f152c91c76650ed6d26f960fb85f77436aefae38d5e5d1c8f63f9884b89d3e1c1d8f9febdb69dc57535809bb030fc2f530a59106baabae04c3ead342300f3bd70965c4cb28273adece54e2614c3786464c8cc9a
1787460155.077086 fcc_derived_config RSSI spike: -43.0
  -> 255 37304fd7c6c1212c84a0acc1dccc9caa19fd342f6d871db72a86216f7d2ae3ea49ebc86e65c70ea687addf59ab026d8595829340dda42cba4cf9625ab733686b6d1aae31a67d2a093594bcdc215ee20b0d3c20fca8feef5af6b07388eabb1038916085fe64578ce261c94ba3a1b247fc1b8c2721ab3a6b4397d6623bdf3d0017ec129d7dbe8d8d4aa5f2111fdd313afe5a3f96b41ceb61a860c1d9a6616d5a327ff8a792cd4b8a5c2c50970ba26b2d9f20f8fffd628da0a2c1373a0e6e49302abd31860462ed86e89a4a415a091078487af095f11b81372764a5ad7c8e86aa4a0a3bde97fce213f696b6b6f075dfd13244a30921c5dc5f0eedfb98e5b42379
1787460155.077358 fcc_derived_config RSSI spike: -43.0
  -> 255 42be035188c8188cbe29cd2a539a7e0b6cd13a995ce1d9a4af91eba6a989bba05732f548fafb9670f41497094a3a1868a9779cd43ee4f2278f4cfbbc2e5a1aa8683294d101ef6b12aabe02ac10fc520fcdce5da2205ac4d68a7c5d01be03b662e3bf6b6c83b55ff6fcb33099462d75715007745d7217819e48fdb1646db5cf8ee146150f9e480904c5b67fc6c963c4f752251b33eea5351e7e221a271b60a8f6a73fdcf19654e6c01a664286d0e0c9a0ba8edf96e5d9b002a34d4c1adf4ebe56222f83267c6fbe9f8864c7e93e2195c2022ef50513b9ca49c4439448a0f47697120074344340c36b9b60d3a0c6c2426e779482eded07864251d595bdbccc4e
1787460155.077614 fcc_derived_config RSSI spike: -43.0
  -> 255 0306392b7f489b99f5d6ac91d4eaa9a5ed80b502f7c37cf19ff30539686d9a2a60fbefcaff334751d29fd0a9ef0037ce731c567b2827061169527cd6f1ebb8ba1c479bfcbb784f35b1a837ab90a78f08f8d4c75610c0754f5f7399231ca19608edb41c8e85e98d64bff1ee70962b70a94ad9ed838f333bbdb8084e3ed93a4c6344f3ad9edd11cc4b1da446620682c733a4ff46fe0f81ab8d305d0d34a8f2379f21edb95c18f67a444e03f71aed6ef52ea44dcffa6cf7f3b34f2f569b746748d259ea231fcda133f75ab04137f4f6d50aa7f54ae159d5341a0023e4e0dec13130731da8d2e401fdf6bd743d387dc5e1c84bdfb0511ce58a0c4f024fe269fe60
1787460155.077882 fcc_derived_config RSSI spike: -42.5
  -> 255 2f77b8efebd1a773415f0f922e44d03fcb88db69e784c6fa9582c5cf6874305cc01e66de358dc8aca1b085fa66e5c67d6bb9d30ad241c79716c222e07cfbe3c9c6645bbce429df8fb24fdb2bc5bf5c60a1f927d581a4a3c51cc18cea3ae240d5a29de448f49cda8dad29ba7eeed3198c453ae49297108652455ec009c0fca1ee60ab6975bba0c3751be9e955e4ae6955b3eae7a7f336a900d91b9bae06d92f73f918baf9a981af89a747015e94eb0bd53f735c82e9bd5cbf0367c79e93f7124dec88c7b2c14a4306406478bef59adbb2c548ac615d42279dd0a5f805255fdd33e1d6dbf8baea8511ee00f8070fd2a74e060096f21a7ac57789b6d1f92fd4ce
1787460155.0781639 fcc_derived_config RSSI spike: -43.0
  -> 255 f650c00f4dfb8ca1ab5d8fb0a0c66d0dac052d5750023d29aa8c6af314120a360be04333eeb3b0311e8eec414e572814a0e29f759b960ac46852665093115b9d15b7be88e4790aa5a83890bd44ae014dd687b1e6104ace3f6ed5e267be3b2788bd0b3e279097926f8b147c2e462180cc1a60b984ed10c0b14c65aea0bc301ea5f1b50b499a9dcaa094d43ba85e7dacb35d1542a6fec00046dbdd7d75766eb9d252e5870fb5f3dfcdeb49e67d20434cbca8e95e947117f57ab8878c0d13c73f1386872a4a7ac256ab6d56f249c75b0d5a4244d29d680e4c3a3221535ca45d7c5b0e5feeb77e801623ae555cb53bdef0c4ae96f2202301d080a48da09284f05a
1787460155.0784051 fcc_derived_config RSSI spike: -43.0
  -> 255 c5e91bf6f6dd625ffc459509040bcd356aaae9768258fbcd82d1086f78acaaa18937d271e99955974a9874cb091c5ba055b7101ec17f1dbf6b107fd1392057ba90e98e2f594566d9beed3d9afbdb23a033ad85cc8feda464c12cc4e5b3f13c122da7aa7a46d3fecededec93d6b0345328bfbcc8d45c3d015d9b984cd5285a4404de814ca8fdef4ef5b97167621301894faadbc42b72e6c2e7d0cc11d37ffcb1ac542cb536333ca2b76e5ac2904163588d62dde5cc4bae050ae2703f22a925c46dc7ec94597164da989c199b3279431061f3c8dbc0b044d82bb297349dad9c2a4b9582a70acc21eae824c6ffd30de3fdf839ff39dfe08cf0e36cc5e614d19b4
1787460155.078646 fcc_derived_config RSSI spike: -43.0
  -> 255 05a18272d20c1456f4cc02223c9d6e084532dc87883461cdf38435014fca5d7e0f34b1a4e917089fc2a40b3bbd147f81e3e71ddd5dfb0a4a0119e2814be785bdae1e3d66d1e09aa3c902393866b65e3bf5f94025d01378c04c816616c8384db93804daf94d0075e1cb277c4c81c706073bb23925dda5ac750e86394a569a4ec731b2f79ce53e3e12bddae1598137571c157d4ab381368c0af9c82cc6ca0c9affd5d96df9bddb58d19e3932643006fc078a2375ccc0c0a3ed87f921debe5ff3d692a6aad59b0b02edb314d581617df08640ec56cfadd23ba0ea21ee766640c660539ef4033e8a965cb703c5681b1c83800f966fe4678ad758017ea7ddfd2d01
1787460155.07892 fcc_derived_config RSSI spike: -43.0
  -> 255 28fdecc4f75390fa07e8ad807e621ad97aaa425e357c410af15b5592e4ed59ef9922bc13e6f99e7c46064fcddcf8f9e3b8329e3be8d741392726d195a6e2c0e6afa88fcbcf038df7910bed15923d77330e2badf6563d662bc2716e4bd09aba2152b2865af75d7e3c71f387cf154727c5f84bbf0b1e509edaa3f8848f4558e854031dd21b9d641b0684904e10f583e28999a894c176c9c8bb3bc4258afef33e50ec61118908ce3e7e2994441b90dca664cfce9ef5d5e0c96738bb08d52782cb77f0f7c8d5ebca5e87b1e03c2f33360f057ababa3e334d990b29c460375b6c076505fdfc007bff26397695ac4a339f2302c5a03c2715bc7d8215093c629c1b2d
1787460155.079202 fcc_derived_config RSSI spike: -43.0
  -> 255 2c598d849523db0696473539d8f19797135fabd5a1ba73c62ef9f44d5229f8b85240f4f59461162de30ac34fb3041647dfd36ac2b26dac2379eb7b6a46bf7def4cf9adcc2447f65541eafe5d7aaaa6c5745991cc9a840a49d32f72bbd980dbcbf93860d9785b0e940e5941988faa25276d5be880c40ad6b1cc8906a5491277df6b24e53f0168835b88909d9d49d1ae7259c9b5a3fd2f78764d8d0e0a69a044f68d295fdb39e232bc003d59297c03fcf1065685abcd99dbf7d28dba98db7c7bd06b38921b85ae3ac02f2b07e10087193bc5e733c32d93054bfa2be48674edaf9f4cc6190e08a664b37862eee7123f3bdefbb1bbb879fedfb6273d45f1322a13
1787460155.079458 fcc_derived_config RSSI spike: -43.0
  -> 255 b6fa22042d8859bbb8686b6bb87061c9a2856c92c9ef779c0ff6110c839d360bbad7703687b2420f890f86fe02323724b16981be8788d13cd1cb775d2532f569c46cf2ba36e867cc2f4f354df08b5cf2b5fc69f0aacf14b2e9bccb0b55d28851217c7891056e44acbc0311e272f485f590cd42416c3194c84ec8c5419dee246b0cb21bda8d76519ec962ca5d9ceb687e6bb554799ec578fc1c6ba90dcf7267922cdcb9d4ef8799af04570acd468ec6dc3e1429ddffee51c5a538227beac7094640084959a01a4199548109dfaa6befe9b5c28e0b454e7f2f37dbb8c22da60dbd396141579c4c9169f586eef3e77a9c08eb70ea69fff60e1b9a7e03e7b1c759
1787460155.07977 fcc_derived_config RSSI spike: -42.5
  -> 255 5c9e1e283f65df24feb361aad17ac04fa1bfaf48d38dd3163f4a2772dd3e9831970d77cb7e4a1ef706375b67139dbf69da23b4c2e624585196e136477dbe800962ba309dc76d07764aee187cbd6389ad6a6463a3ed3826cc1dcfa26acc75769ae07e84f14b1c878770d01070b93590d20ca38a605350b50059f205c1b34c538fe10a30058ce98eb420001ee3fc1c1d13fbe58c55c937fba18ccce2e29c1f09c0774f41d25cf1c82fa217fb745122764dbd81a6825796cdfa1fe11c8c46b6403e0fa652a512f7a3f4a6d1a281f8c134c9e45774e4ce9df57ceeed09d2403d7486476e797fa7279047d5033d9e3fbc6907fc8e6f865c22b1eb4a8dc661cdcdea
1787460155.080054 fcc_derived_config RSSI spike: -42.5
  -> 255 28d44250021e701f0f625fe3911373e1802953459cbbd3f97a153c5a510e866b6daf970ae2a2e645f39f117c0abdb7f8cbc144b686826f64d09ced201fe5e5100fce9767e756af21d65bac92a399325158323775fc9e232e99f0d1345cc275dbe9f61fabc42edfc9ca8f3827d7a663fcab30b81c3425454db362cce07b44c99a067f07c0dc0a6885ed2c8676066ef8a1d7026400d26030a7ced28dc07ff6b1106fecdc37f0fafb4f44c0aeab836481530bd6f7d70d9e634aaf882f46bfb021f3ad3662de1dce46f8b27fd59a0e79256d3eb9025e26a58f44417f070b0146c9e72869543d676898adf8189ba1d949af71962932cb4be226f0c173691fe7d394
1787460155.0802848 fcc_derived_config RSSI spike: -43.0
  -> 255 4addd515fbc18b73a8e1f5aac073f371864686bd9403beb401e7932ee8a2434e6663cc25c1524a806731c4f4236e8eb0cd7cb633f8ed6e10f9d560562f07665c244c034915e2126ef45ff3738d7eae929c5c662578e455f60e3555e648ca4cdad4fb1d30736e901a6a21ed01f92c64d0996b282c2465950c13a71f86f45030a307a98e576292198203f6eeceb1f655ac6a7a2ac7aaa0901e85d8f5587d120d15259b035d3b8272a5f1bc4ffad6fd5b6327e60333cbd61e9b42b802dbb84ce12e8b5ec0973f9674814b13517151c6ade5cd1863a8c4ab6591641058562fe11b417795e3d92489eb8d723da24f6283c81e717071201db2019fdeb4f58319c62f
1787460155.080498 fcc_derived_config RSSI spike: -42.5
  -> 255 882108c8be3266ce628ad164391829adf9771e7cdd8d5018e6cfa2ddfaab3c90fa4ebe571c0e1955a3f06ae957123335aadb1cd708b61758788b2f7551677834a6c60343cb6a168212d5a5c2dc747702d3f26d7767c333f4470eae633294fac75d08c36d143b5082c7677cf1e48790dea1dd0f58f6da6b1e8244150a7492c7c32a20f9db6320892e5d5338e0ab44ed55eb694ec5dbf68307312f1b639247fd734c631e1ac3db5318bae5edb9201f50e0bbdbb47e83a9919e5779f21a712c40a50076e07ec3f0d951ae33032ad9f6cd45081506ea2d635755aefb5ff52c199761c091bff071e3669b9b3f48e60de468eeaeae4372ca5d6b40aeacc1a80984f7
1787460155.0807931 fcc_derived_config RSSI spike: -42.5
  -> 255 eaf4c8a37490a322afb692e6190442b6eaf6840d7e64f2c45decc82bc89132b214add35a99b1782baff7981179e5df4b0189ffdc58c6970684871254236e3f99720ef10c3af39472620c573f778e890ccf13ff95a735d668ee9e6503c53231c66872ed6c3edf94e605a611930d9fd30695f4f01de1b72c0a6ed82a9514a4128485f1485fae80b5e2f6556b7a55649173e5205ea28383f148a90c452fbf2489e2762f5cc97ecf24d4e0aac3ae72dcfd5437c401e955fd996de58d42803610270b056f85e35c96e324dada75a4450f52182216dd99a756f96bc5174054d0bc62fccff686b73480d35f0ee1f8a277f79d897dce5f622337fc53459fa97d3afc36
1787460155.081086 fcc_derived_config RSSI spike: -43.0
  -> 255 5267d34b62e7713d258509c2303a22f286d4039b2555f671ce6be66b1f6d1cfe5ae9f8420ce0af68dbd766414434216cd215d584c71cc51fe7e28f74a00e8e35dfd18073cc0610aa611043e467e9da203ff7fdd19656c52b029099b85bc6e0066848e11f27a561b954f9beb10d28f980b967edbce1c87f8b8181c6c208db26e93bd8f4883c9d731e244b7ff41dddbf77127c593f4b8f8742322ed85256b0479c4086637eac1a7780eb03efe7002f9d22ec0898380baa395bbc2c9dd9346ee9ec4bce1cad0796a667d4ad8d69c172b9b60304be6250d7416c38414854c4711d534ed95ef5b4d42f8ac510c57b06e188d773e02d3f41434189895702a86715b4
1787460155.081316 fcc_derived_config RSSI spike: -43.0
  -> 255 059db9f66ca8a783e00c705886414c33f0db4e3cb4faa10be893751b2053638a38c8a4ef94eac1f273574df03a10d12493b267181f86649a033ad01f649418505b2c6bc9d2cc6ac5fd324dd3b83ff53c9a4b9a868be1a1164c8879adfc1d4c240ce911f332059d32fe4cffb43f57a99a807a1c5f794df72ca7b438e049c1f8fbf31848e2eea99fc59fcb714c74d1edde4cf121cdfb5df22ed365677759a00e161f97a67a212443d3982922b84830d7beb267d783b00324db6a20b0fc4522c26d0088b11b8c80a886749769eab10861abc6312b304c2d0d1282ee8388c5b24a551e32ff5723f0d0332f7d73b3a0329520e12e34cabbdc28a8a4c83beaebdbb7
1787460155.08154 fcc_derived_config RSSI spike: -43.0
  -> 255 cf341d9ec0ff91a77fd937e3da9915ae163670e89b060f3105988ebb1579fc9dce9ce1c68652e9b5bfb1ec1215af6c7b0b92b9091c91874de837c16215953506e62ecc45b7ac3ba7c5a06406650d49ae1ac24de27e7d629e07a4ebc4b789e85fcdda4eef7a0fd956fea75dcad8d96f8d82038cb864c656dea37d6dd3fb1a1210549f410a198e3c05f8772370378bd0effd65f91f627b952ab77d92fbf9c96976266bca8276d72d1c5882a88e92419bf1654cb6e4f34a76fdd2ecff27a6abf63d9d69d38286f5d7138fa92891f338739af19e0a8b7fccdadc6d27b696defd42569a5744dff751a546063ead1fc19cb23b8e8d639ef81deb18eb1c267265f7eb
1787460155.081774 fcc_derived_config RSSI spike: -42.5
  -> 255 442060235d874f77cbee232ebef9813eae31fdd1bafc98000825c5560e785f90fcc2cdf69ce272567f9580195619775a6bab103017a39565ce02f49fc7e28835df275a06f0953c3fd553441889942ac880e205bc8719ae4557199c872f1bb802db5f3d48852e767f5f4f94e3f46cd6e610bd57ae54b579943aa1554f4dcc31ae6b63abd2398ae28a70bfc9cf6f1426bae9c659bcf24c296a29291dbb822f7680e39391642387bf972e41dead0c90179e9a8cd88d7a0fa27749907bd0dd3668ccd1a7988e0dbedc0b51b2398e0c080fd41e012805ae394602eeaf3e23b4f815998da1a88c071f432d0581441189b1ad70f3017536c71bf45b2c787df3e5ba95
1787460155.0820138 fcc_derived_config RSSI spike: -42.5
  -> 255 5725001a8ceb0ce793b44e008d67dc3e7daaa92dfe5f119486fa6f64ba4f54153fc3fec8a3ca247485f7c706a7baf739c44134b6bdae537c7496efc8b1268ce6f1eb251bd0e336b5a02fdc40517579c47141441f49dd9c7efac449050cdd02bd3162b7e8c01e238655cfcdf207f055c0fb81ef9a6c091ebae29aceb57ca3a6940a993363434cc521f8a1673fc19a982e2bbd67d69922b46de993c9ba5e03d351ee6837b6c3938ccbc68bc1f64eecae7d0fd3ef98711c3ac86dc303f0e3a1cb3f489d66e9856b8a3fec29e36241ce74852b56a1f4dc3f609b847c1d8bc0a3aea0473465f7848fb03a31dc4196e81235cc0a033d66102c8a09b687c075854a42
1787460155.082298 fcc_derived_config RSSI spike: -43.0
  -> 255 c467f74c0e0037dde87c808392954dad750d243719728a0e3697aeb110b5fd120b93566d602dde6e9ca38ca8694920fd8c579e9daeae55ec00255ec5920db29179196759d36812e5de388a680e7b21107837c73743832dcaf5cf031767ddd97424e9ba499c6523dd08e918f2701b72fc95d1e05bc81e44038fbcc337d0fa6dbdfce376e185803e92f4f37c023fc6a8c525089156f802b079ff32f341edbac1f5b3444bf9609e744a89651d1d0686b9272834ce0e71880e3e4485ca1f5367e9f11de84113e7f2f1275dcfeae2d00ab4d9aad89d229546f77349a63d906f7cbaf5cc492b3e20f9c363896635ff0f8104c49d443ccf2845f0ee6878b8d88d7a55
1787460155.082577 fcc_derived_config RSSI spike: -43.0
  -> 255 69cddbc0d49854cc2a9f25717cebe3642a874ce82189fc33ec2793c36ae4037a7c12670900003aca8a0964e7e1453b21b4ec8240d6cc0472baad571a06968d09bc9ca38a49fbef741a3942b883225527e42f8f8523573f22ffe72a6c148e281756a5307b8306354166ba07fcc680855266d9113314a6a74eb3059b2b94d6b92e9d4e64a8f0196f623b7f68b31748c212643162038ef4da2fd6844956706a8a3973af57d10bc16390e142a88342f72acd07adc17380de91cf5c987d5730b0885ed70a317135956a26cdcc6d4574f982286e38d8e78bd7e9088886a51f7b8365aa5692ab5756e814da8437ef13a4e6cb5266636e8be3f1735ec532a963a44eb8
1787460155.08287 fcc_derived_config RSSI spike: -42.5
  -> 255 bc7764684c418d15bdd2936d274db4c6cfaaed2dac97b1557e1bbf628fce4532f0bbb3f8a99d2aa8756a5db8e90c0b98f286be43591e21e4f55d09e27805baa51e874aee2e9eb5e17a50b6b82c6b7b51d4309713a24fc4af27f15c08494e689ea686a2a60a525e709906318b875218a13343ea64c721465f7439d208d29c7d70ec85a3f230b5118618efb71a9bca8c6d329f7a223a7b1a83ca7aeb878c822eb939703ee5fd98765ff574ff9cba099138c17c25b9cb490ed460a04f6206eb9a4707b41d7eee9fe2d4dc2b67c47c2ff71c56d5f788230e56e7ff8e21adbb427d77f179da9613a0a4478d5ac859487ad8367d9d2dd9483d529e360708fffa993a
1787460155.0831292 fcc_derived_config RSSI spike: -43.0
  -> 255 c19a4480a19d57e3d4172fc3aac988c4e53c59ed27d0397072e6293c9a1e0de69696da3205412194ab53acc6d74110160acadf2248ae4214052cf1725ce611c875217db7b0c136c4167ab64561d5b8e8769d79500f722f7d0c09fb392a958d9612b7086ca06643fd439eb2249e16dbe021017fe396d84087f08b7d5a64adccb9b20376c46083cfc8a665c1c8248c15d565b9d1dd1d1a52130fcaed729a44d18f385f2c872166e6acab940cf9398b79ce0a4c6589654acf28c55218aeeaaf42f83fa4c555ba957a399d826bb493387cbd15d8b37f1b6bddbc6e472b6b701a81bbae0b989d62ecb55be528ed2f69f036950f3679eff26d12787cc77198bc4a61
1787460155.0833652 fcc_derived_config RSSI spike: -43.0
  -> 255 0cb6a5c872fed4b74580db2d94bb1557c7c4a81113c1959a1faa3ae409a65211725ed49b4ba7efe791e768d86f5a8c668f500ab2a1bf7ae92d51d2bd9560445fbcbe01445475643c7a21d713e8074a317b5aaa389c40d993b8c1cecf157aaae3db6c4e07d2a1318f25c06d0f4b81301cc0713e7a4c4b58fa03aeee7368fa5cbb2aad6a4bd41a1fd6b5f792fad243d0d6c5316b6416930835b827acca91b82e21cccb28fad2a912f3a2df8fd84216d86967b32271a61e85bafe40d2867176ddb0f9aea1b17d7dcb4d940aebcb08da8883f660169c4f60cc4dce93488af78a3487dca77d3248ba6b7fe82c56f2514bb0a408e2e628defc97ae92dd252ecbfae5
1787460155.083601 fcc_derived_config RSSI spike: -42.5
  -> 255 dc42c2805800d9bb9e8d4cd1bc6bd92bb81d7d81165d19ddd40d959835537f33d50703df0b9a27cc1fddddcceb7b457ac87a05e0d3602577c94a28297dc8a157859e090e58b29abc166031ed296d5ef545a318492fb20e7ce77a4c5797efe304cfd96b0459fdc679b601352eb2a3579cf6059f753bcfb3c91eabf966cfa13f261ecb836b6bdb0f0a55db28173f36b521b4ba1f03179b695b24bdf67ae02098211a8a5292bb947ad79e52532549abe7ff467035c2d0c5ce5e7077f6f9ca93738f53c5b4af693f23a82767e71405726ab0a0457a0f1e17c0e35f14df33d2ac127a0dd97862f7be1eb5ea10ab85b1ff79acacb2fcaeffba515f6a0a66988068c7
1787460155.0838661 fcc_derived_config RSSI spike: -42.5
  -> 255 905e78cbbc4789173164f484de8acc4489e7bbee3e7fd69779eb2064706d862b7f46efb878a1d73459407b4d1e831112a93d6f2f6e441a96f9bdb2d353d36cd2304159783c40bbd4d189ffe30d45348d97293f7e1b588081b6d9ee74f9739a4ef642b6f6956a3422ef2e2a2a2f9bcfd426742dcf45d81207f8ac3e25fa584967aaff9adc179e29cc23f6c80b4539d8f926e0eb50986715f2d0c4983dbc300a89b50744d8ea6b65b9f9323930bcfffb137302285f81d4e15f659a6639329b99a26d6eee48165fda5615464751843e048a9783c3e9873e22104bf2da6f03c956101a05d8a2dfc58810ca5615a256798f22fbc9f87686db4c43717c99b2cb023c
1787460155.0840771 fcc_derived_config RSSI spike: -42.5
  -> 255 30d1ea224fb105c7df09aa0795e2be27f97977674f181084a4d3e312422a0a9bba2261f336066fffe9094245ebb10d2dd9b1a37466ba393b9a8bd1ebd0deb2308bd7732e031b9a3459a13fa19950e97dadef1d08724ec7c1abf006814daed9f15e86cbab4d3b60590f2eb6228e47ae5dc86a3c4c6f77938b8d9b2e3c47659b260ba201f722a0ba0c3e922a789ea0c42f4a80f76b6c6bb5ad3ec589d03092e5573a10ee2c63c7d7a240ddffd5d162f53f4b0ec7ba583fa4b46006ebb2872c687e73cc0da4eaed7364369a5280cbb587eb12c674c12b38d6dfcd3b4ec45df1bff094714adb9f029d5230e764f8c8030508d034a8ee1a2818615c0786a71b55dd
1787460155.0843258 fcc_derived_config RSSI spike: -43.0
  -> 255 842bb57d8ac7da9bd87de43ffb3953b2c46f5f945201d3f5a2a47c72437452f1f9ef15f5fb2be17c29888389e121d578afc2ce18d7ff2589b378d1796e7195e0199ea10c2ca62792f94c3ee4e65288a7ad799c2b22a6aa4049dc66c42881165938b8c1b3129bcbdb4580626a02bf5b2798c1f9dd069afd54080880dbf5c0c6a542b34e0b3f93974a35cd457e5c381785c36eb0e5d19e20ff796d44a002029784bb48f227fc28ad9763a88585033d637fb17b5594e860a26f78b7a68ae208225711a09cd11e761579a5eb75d2d89c7d02d607efbc271708e86f3a266fa70df6644620f16c3d64c047f65078ec0aea8eb077f412c908103a3c6306edc8a44d25
1787460155.084597 fcc_derived_config RSSI spike: -43.0
  -> 255 595303bf8e5ec0d50f6ec9c0a83175a7adcc0cc3459307bcc68d9aabaf1d28cf186f4baf072b1f636baf2057e6e59e1dcbed335647b43942fb63a632734b5d33922905d7047f2e28fdadad8e42b3ba20f0255ca3fb7afa6d0cdb3c05038f2f74606ecf44cbfee4464104fa4cd0b03574ee150a8ff54f5df303be2e729de1c37c90826f8828b4ca9672777e6d4877d399ab8bf6d4db3319d620dd99044a05df17c6e251513dca46448506403e3aa7c4d40b22b4f2952acd5b0360609ce1d5542813680baad7767f5a0559696bd549be251b433d36f0ef1a8c1cf6b220d79ce5e0304dc1e6f2f36fec882ff3b629f387ae9dbf9c9407e9b8c06c617c5d1d0a82
1787460155.084852 fcc_derived_config RSSI spike: -42.5
  -> 255 0da05d14eac8207829f86e9f569d0a94acbe51429e53e461b0ef9057fea9ee693c34f915f72eab9e71b1b6bb9aa3151f873dee0be96121ef7a2fcf04c68f8424525c39e6c660829be10b6240681a6e38a1e5ac72d7dc8a6b77a2ffd779dd1b3f561c0b9f9403f664dd8c4fa5958b9ab6e4de7ec747166af63b173802cf5c3547d4cf11b69ddaab23d1f83bfcd7f6ec7b9a55cf7c7801b11f58b652e24b9ee2b6bdbe6071e53e83a65a5db701ee3c6ec4e61e1f4dfad900ba87a52ba0f4036fe58363d21381e12d21af550fcab11da5a3684bc4f76e2558aa3211b26f0c65e550f1b7925bf2ce716db94155f108780ac6270e85c080a13c7e7b525e461edc25
1787460155.0867698 fcc_derived_config RSSI spike: -49.0
  -> 255 a37327d7d0023153a8af18697b0851f38599bfa6dfe81a67c5c6a564cb15c98fcda4b68b21a2b050ee065c4bb883031a4ba41adad11b8377183d45484d868318b091585276bd276f69a9ceac20ce5a419e4c299786897845f426cf14e42462aeafe9484d03b81dd1973477ff41f7bf6a6f5f0c0398978fef7ec6bb45f41c62e3629ceacd8ec53c93912eed36ca0456eeb523f9c62ca5665feb37015a81ff3c0ea5a1ee78650e77e34aa1138fcd557be622c2b3e6d7f5376dd8b5c6ffd761d3526d6f2cf846d924b448b6f06908619d4205a2067bb8033b74f6693ec0f57251f6f6e2fabb81b51cf384e4b17f7ee884d6d933134e3d4dd0085333fd7e4137dd
1787460155.087002 fcc_derived_config RSSI spike: -46.0
  -> 255 5c1109af92d78c9c70231f27b33bc1a218cf3f545b8015de9b1e77eb05b54d6353e3dbbaa797b9658fcb05f511eed9043e178d150235f795b27e69c414cafefe9f6c51b3de6a18f7b32f1c0b05cc2bfb02d6fc41582326e84b6ece550be93a7278f7b64fe1b02b5467e9f077aeeed46b3a12815613f1f3428df30e1d24ad26c75b0742866d018860d723bf8d91b53762b0d894b39a7244e3c90ee19e6d412fa9a3582143f844ac17713894b8e68a2256b0c1a43c4614f9ddff89ab2fb1e30fae41494c31698c396ad59d8f3381ea589ee59937825eb85a01737f6cabce0ed497647f78a1968f17089ea12b1e5d095217f15bb2c66b3bd0948655fa9e7e702e
1787460155.0872488 fcc_derived_config RSSI spike: -44.5
  -> 255 5f166ebdaa0f6b98ad5b1409987218a103238b52429f528a2cd8deb537b7f1d864fa26df62a067b0e9a8e3ee95fb6aa3a712de45f662f23e6127171f49188706bb57be4999c2fc00de31e06ac05154fc4e4c282e3f5ed51260bf7c7586266bd5625624577aa9c252a279e4d6dc37926fcef9c6f0f379a46d5bd7b6dcc2df3354ca05b03f8c3472be58c9a3657015c2c656661fe66adf8bb3df20e03bd2bc4de83432d2f24fb38fcc18290bf36e488aecc0bd6c291633bdc8fc5a9648793a3d613fbc790399cde6577e9ad7a39b60b8da5692f3542616b25bff3db403fea4cae2dba145566cf90fb7ce36bdbc49e18c43868be269ae5131c39b6ae569a80212
1787460155.087517 fcc_derived_config RSSI spike: -43.5
  -> 255 8173fa2e8c435862b7cabedc1532802f8fbed41e4eb5cb606aeff6de1936da8ea0a2469ee08be64665fb8979f89bda1b20481d6f15fefa46b49062a6e77f66768fb0bb6ebbc7ed9684660e4d0e703ba9430b5b6a6433964cd67ce6710cfa26889cd0654c0a9a7444d18fe3342ea4532d336a98ee3a7334036ef97e7ea67c75cbc988c5ac304be1060e02ff3c4f426a935c893fe467c432633d1a741c5ab7aef16b5a20888bc30c08d33752360fd1ca55247f919d1e417e03edb52bae34b75a258e49375853ccd1bee293b4fe052e623f509b03d1301a022f53cce12291bc933a1c17ba4ed8dd293c3280214e95cb9bb29a3ac02cb6b66a06cd5dde5bde4b85
1787460155.0878038 fcc_derived_config RSSI spike: -43.0
  -> 255 ea9dccfa691dec175840735d0dbf775bf97ff8b3a1dab4faaade60a97ec4201b8e8e73e667b48dbec33b0e0730167c472ec2c22d2a327bf19393e0dad686aa770b7cb4ed479639af55b2982c4f0a98b3cc98740137fa273b0d5874f0b12642c0489ff9fe3e82b378f8937b9718be9a768069dbaeb29e07ad184f366f612d0fb1c074e8c4fb44bc9648977ce87de1b2f7da1cc927563a4b22737cdfb8821873fe38a46da6fcfe56774eb19df3e6bdcd87434c63c248665ae6a5aea8091de9a51d5b620c7b89c949f0fd3b9369d05a3224046c8a9651be047e9ab5a14626155c24a06141d24a89ed8f8c0888bc347a7ec3782978103bb18a299013703343d2ee
1787460155.088041 fcc_derived_config RSSI spike: -43.0
  -> 255 3c9004a6acb9cbcf69d117ecc2fbc99d9bec5b51ac6cb2e608dc138051b0b19d86d57de790ab9d9b2bad97920ea0e91401e1546c2dfb361042363c43ce046252dfa636b2291ea76fe07b30cda6eaf095187e40114313ee5299def55ad675ac020db1b58723ea21c07f2fbdff216c14b3b683ee9be89f0c627685d01177df7d39253106a8b7501daa1e07bb2931ace16815720482e251b13aa47268ce3475e5abfffa5dad3c9ffc70452a1ba2e5962d6b118ea517d0c0b1ca189bec73558f955ba867d7de413f96e7de1d126535a8b02936e2a5e4352a9b57d2b88e0f800a54bb78673a3c07e7f49088673fdfa12ebcd1689fc31206839438de4a44059d3f22
1787460155.088288 fcc_derived_config RSSI spike: -42.5
  -> 255 a7d36d37f3ef548c716d8e29731efc042311076ec2bc7d466d9c1b38d2ebbc17b3a1df2a6361efdb40f291bba954a1e50d5e7c2654e89a1325e177477589a093c672cc71a2111aa4060a8bc232653449d7a2f224b98032c5edd1da68a4204c2edca626337614c54f4de1e0d4b585011cb99746beafd655713a68b46d4700c68b5587dcdf2a2fc98e331081f75efa2ed38eb585d637d19ef03a52b6079ec100c34263790f89adf0bf1fca3b6d8c6b7e8a971e2bf540ad3415a15e9cff781c50c0be40ddd7c261cf0f69aa959c197a6fb7ebf3fc3418708d79df37115c5288f580ae17b4ad6196f3c5f130824595c4cde8e2fcf5ee5babe7b0b422d1d892011a
1787460155.088504 fcc_derived_config RSSI spike: -43.0
  -> 255 4f29657c612e0d260f4108c58dd9540a82fcc891699cb1b0754be99d23d0e0e961cebc0c1064223c5398c81a0e4605f036180ecbd36b4f0d2108ab5f8b3b9fa82e616aa66629de6af7c4b1c1f7033d55256d6632ed1244c24116836f177a898337ffe8e5e30d85629dbbf2ce6cbd593443f17e8ae7462095e6a386b078746f6920e1ffd2fe3c5eddd4a4288f8f53c31d7005c368d82b10486bb81cc490a788411c0f4361dbd833b2b5ba2f984d59c84b7dd629c890d798a2e5cd6d99dfb9c6e7c53c5105a464cf5f2c90066982b94c6541f4b2d876af26f8fedc46d7a48e1a7bafeb8b9337703513d75733055475844efc332d5ef59eaf67805e07f3dec4d3
1787460155.088785 fcc_derived_config RSSI spike: -43.0
  -> 255 1f410eadc183cf2fa58af460b1e9ce02c7aa856b2724cd0d13f7f50f270b0ec573bfca56df31f25b0581f785e8137ff38a3e326c626b00e4246bdd8cd712afee890a9b67ae32d5faae7c0241201ef5b954c48a99cb692bf6fe7f95bbcaa22bc85ba8e364897da2c361edc2afd0371b756103411b02c959ff8394c22d63049bf239272f66af6d4f3e24b25a13eddc88c010cc7b5238ef633702cd4c60ed5796dac9605d07bfd8db433d9ffddd88d7b85f319a9c68bd495ce2189df84fe3d1a117bfee83003bce925ab2e3b2b1771504dcc2aed1cd068755b3bb8fdb7cf05c170d5776a1d5ea3e175be7cf670cd61df91ce3135f7029bf60d95361d6e23e28d3
1787460155.0891368 fcc_derived_config RSSI spike: -43.0
  -> 255 69b2c521babf65f216511bb6183cfb6179c947245b90a3e40c1585eedf4b0a23f989e6b863298864aad4712a53e332db9cb199cc2ec72449aa33ecefedb688196c6c21ea5c5d610d077300c7c72a3c5886b22d969a045679791f0c03bbd0a355f6956497f8c39d49f6749ebfb02eca6d0511133d4ed29b018dbbc86b82ea84b80e494b332af27c54f67cf2ef14c308072befa3a05a48787efe8d5cf2f04e2a1512777efddaba2ec5f2d91497bcfb86ba29a8e281313f38e9d5dab33757fc2d95d5a26fe1980a257fa9257e4ac9097a4cb0f73a0e583880bfa198b27f1138124ebcf91d73bd42b774b25ce81ac3aeefde704198f6fae3a7892afb95280cf0a2
1787460155.089397 fcc_derived_config RSSI spike: -43.0
  -> 255 ccfbcc5e570d03df859ee4e6255ed6109d3bdd37408142b72582317862a804246744674c21a3fbe6a4739ca20eb190d7fff195e63a3759f0352c43118831b7d76645710fb4575883d11e3f6aad15db9bc4ac79ce631d1a8f4e4105a183be05b7c3001272e07808a868ba9b30a0cca19cce2a314a06478211d28c2fa4a6be20e2f581110013db493cd4c19821d4487ea9024cafc59a7f50a508dc776c7e7b6504c2f171209ebe03d09751d767024012931c03d85735249444e4668121c34094e11a7aa1b1d7eec1145025eea5956f5f794bb12add73858bb87e5c70286f9213d950e04e2134a28fb1b892a149c13957e6cece16c7c2693f79cf8a5b7c867f01
1787460155.089636 fcc_derived_config RSSI spike: -43.0
  -> 255 83dda98ae61388f68d13637e31d65a4d6f51ed7d088c730c0322c3d7bb1f979757a7a5ef73222ffd773a25ce976fd94a386b5492a9400c1e2e6efe9e49a14c0beb9fe54946b0f5456cf4287836f64ed7db0e7f110e989fe8fb8fbaf97382beb29b23b6669123b374597c14f1ec03539c7e95f8c0e4f06102dbb58728dadd35792aeea26275cf802feefa2cff3e6fc71a74a64db8d632410fec55f13850e547ca64dcf2078c26d20c89aa807977b608f43d9e135a6b85863590c7d51ce017f74f6c790ca053c8da251cf0b6cb1902e7b247fa6125006eeecc97df2db788466e8d8b6d0038024455b88682f3ea81d6baac1adc4348f7549e018cd48e889c7b05
1787460155.089887 fcc_derived_config RSSI spike: -43.0
  -> 255 ec0902ea4b719adf5fba593b96db57587aed0bcca9b1d54560d51d5f66d50ec72bfffe377c604efd5546c1c4a52dc2611e33d90e5e3e68b2bd24c183745cd59e0d9f2056f7863330254b266d2eff573e53985e0c7645de013095a5ad5f5c7de8e3129004b4d5632d80910d1f89ae93aca0c17c880a72d280a0691dad0d2bd5582a9b5076d0e39ee5b847c3554de71831c5df0f928c76e2f4b3c5089154e47f47e6dbef0cf0be675f7e2ea9d8df91b741cd48eabd7cc050d60a0cdb7c243849270d1005c7d17fba133f2e1814b35718e868600b4cd8ef7c6ba123d20f5365940e88fb045599af986bc385b3ea61037f5db5b10103e05179d900729d2a1bf8dc
1787460155.0901241 fcc_derived_config RSSI spike: -43.0
  -> 255 b5ff7ce29fb9a5f5002c92886ff6a14088d9def5419f452f977b3581830643cf8c85a240f365da3bb9977b7a43164a02b0bd1ad71219f655540692ec15610c83a9569bd98d7f06837a5ef5ed09228c8829e41c903f350a39fd1f667d1c8418922f465103a62888d19f3ffbac062d261c86bc91a8b416ef20b56b6d7a51bfc2c49a11df272d7ea747bc55fc0f3db0f10e6675693175ac229f614102567117ec9890c44312e638f5d271b9afc3d3e15baf19bd20f49498b4dad52c1f6c7ff45a6d86362514f5c98f6ddd3f97fb72ef187e8d5edd7198235b3b4f2b5c36bfea5eb99d9f8f62898b7d3e422a2fc9905f295edd13268422d01920676b65cc99cd65
1787460155.0903502 fcc_derived_config RSSI spike: -43.0
  -> 255 c7fdbd992bc5062bc447977c90332c1af336b50beec82403211fcb85c4c23547ba5103bcc42824a8860f5b555c69bdf3a8755d2e72e37767139d3968e999067ac61f53c9460d427ebd283a53e275fa0fc90a8a6fcf5db835de405741e7f274e1e45cc5fae318947698afef841aa58f9e8ff233bf38a276cd21ff349b328c1ceb0de372c496c7c84a39e3daf2bf61d7b9fa6936bb68295d3edbe65d8b67244f03c8817bc5a7222bffdad9abd18f53a72140d3c551282e607bca4a1bc26c4132604068a87f5471369726a151bf44da7a7ec64510a9f9314fe4404bc912426d48dc937e49b7ed0954b00aa0bcbdb3596e0e3229165ee7f4b2449b82a5b3b40cc0
1787460155.090624 fcc_derived_config RSSI spike: -43.0
  -> 255 5efdf71d369384013b0bfd946dd648200256863add84ef627ace2aa69dea00c5e7a83bb8e23bc5005ac9eb3265d308f48ff1137642535bd06e096894b1fb9c97b7014e3516beb554441f085b4715972a17b536b1c940ea3907ea79df1380601d4cbccbbec3760da4de958e16e64753406fc7c4c6d4c315fc69bff780edbe8e3e4f066bd6dd4d9fd8bcc8f83ade431af018576f89568aa0f95a8d1cf2259acaed0fe26c4c3ca56393c3cd7b9f59a0671969e08d1758ce198d6b42c2c48edae3c9796c5af4b73d1e26c1be54b4418e3177531630d5e684b20db89e4a3a194e999b897a92345ac1e47c7f0ea03f96bd723d77ef0a6811bb27ee4e3f2c9d1b01dd
1787460155.090881 fcc_derived_config RSSI spike: -43.0
  -> 255 aac1a40edcd2e74225bbff77768b0ce9e22be4f4a63dfb1919ac19538fe65659a48c1ecdf4a04be188056b6a4876bea71e4cccff5a7475cb096b23cebbc70c5c868a8c94e652f47e081a982f4ac7ec6fd72e384fab05c90648a19fa3e103a6a0b8d9cde73479094f0e9f112e447844d2f94075dcf8658e9ea70814ae7a33e85056a0066c31b278838011c8add4da40f308d5e4375ae9fe4b3d3fd415f9933fe8edab7f283cfe759fb329c033df9f4ea7ef49c9d11e5f566794373661dfa5525aa9cb4222da0a6a844c09e1ce76fa7d06d7f52d679e92c96e0c964427c226f284c60288aa9cb3ec18f569d3460eb6faec77a08f5d4bb28cae55752c88d5c353
1787460155.0911539 fcc_derived_config RSSI spike: -43.0
  -> 255 d5066a0083cf693c83d507607ee94ea4aa35d49b73d259018927d22e078d7012cf1c779f7834228af74422f90f49d4adc0547bbda2eca20ca4065b58576914ac7e77bd8bf281555e8730aad64ec81b5fd448baeff3c7211b95daf4afef55c30e527352e856991f86ced0583976e9ef69d9bde91743c068ac1b1db78e43d4f601491920e76f831d41716ed6aa4afd24f07c82c68ee8cbf8edc94b4c8ad29abda151571c8e6b5275f5a7b288ce647d384f4734de3677114fcb4103c3a2c1ea6f36c88a5e4992cd802e5182fd65206ad40fa2477d00c1cb170dac44b48b8ac6d7990b4a7b1a5242e4d0505f9c1047e62681ff47458d42a93d17b7b62f207b618b
1787460155.091369 fcc_derived_config RSSI spike: -43.0
  -> 255 d9f07c3d6772c7c6278b407d55f23983dfd851f223fd05beb98de2b06646d8b4bc984460fe5648bddb3537759d7279756a12af2811a96913e51eb8e13024523f7f5ed730a34771bf91e5d674f53759c2ecb7758fbb55e41939c600d8c9e0a12f1e8c4d86f7603cdc75048069a041e09564e39fbdf2b03071e15985f43955c8dc63574e4042930eeb6372e99b974e89f27f5c31dc04bca8f1d9c613ef89707010733ef8614db4b740962154108b50221e1d4cf4b7df7af661b94a4c8c91aa30b9acf7e7073d7cb29dd4eaded64b23c49edf03efdbefbf026a2b5cab01d0c7e085771c9453516ea13cf88042d6867c46858dce4e3a41b20ae628291c7000f701
1787460155.091584 fcc_derived_config RSSI spike: -43.0
  -> 255 731b95a634f1df63af4cc503cf207baf1090f0fef076a69f6750031d62dd72229280ef0c79851206c409c8d64ed8380315432e536b7d374013e8f8842638ef78be534fccc2c33abc6b486cdd462a57a628cbe733a1c5ce1acb4f11e1c14654eb0e22306e92c94187374c091833d198e57af0629b927a4c8a929450c3c4ba2fc18c7f721f955d717fa2968276ce2c450ed6b79a9d14215beb001add16efe3d039dc1613909023d6bad9d2eeef1e9fb1627da2a3c17428d93a4ba28f01f34099f4474cd9783df03bf502bf6a5f0e89e53f41cd72da36cc183096af6dc49b5b1d79edc795608b3d88e20338664c7dd42bba35dfd1168c7c1f0d411b914e403642
1787460155.091857 fcc_derived_config RSSI spike: -43.0
  -> 255 3fe0350be209b24de4d86bbdbcb953938420547892f651a3229a0c226a2ca29f704b207d40892b15ccbf6025c3e11b9da81f3e74f847940189b548dd3b33196af8ef9346ff97493d799fc5aa2b543c5211a9aadb6c6b23efe9cbb8805d598b6ae724d667d51f5597b64fcf30bf30d9676c48a3bf8318a40e00e7f5d1cffc09dd94c4f3919521e3757b5e91383497fe7937622e10deb52d2a8777aaf13f09eea6001dd74c4ea1209a3cf7eb05585bf577dfec614f72f3897d156d88381aa7ec14ee2e97045c8779993d211bf7d8e21b8b39b458d55a84ab231f2deb7640290e429046e2857c8d3a247da885b9c8e8fcd95e777f7b67ad5cc8af8c4a6b6c4031
1787460155.0920682 fcc_derived_config RSSI spike: -42.5
  -> 255 2049e166301da080b0b35649432f0acabbd53519ab839b739051b72c5d6b56e3c9a6fbe19b83ea69869c7c5a16b23ef6487ebf7578f79ef1bf818cc193989da378e137a4f6768e10947c7c8468306d1f9d9fe42b18f02db1994dd7be05a7dd0ac00cb79a0a7ece481530e567742a088c38d9d7972525be0df938aea4de27771fb1ead877fed5fe755f4ef64b4b17f73ee2d1bda2e93841172c54336250717ba7d1a47a76fbcf948902baf4e8b1669da6760515ad4dc3ee915e813392eb40b1b75c4ede95af9adc3a1409171259dffd1f3ddd278b1e376f83fc7c4142fb4c58b613c28af39ee060ee95599316bc5f252ddadcb4835358a0cbcf964c8e15f1df
1787460155.092267 fcc_derived_config RSSI spike: -43.0
  -> 255 ac1c9f2032e92bd5c5a086285532af4fcd6414a37a42f82c2ce3d73bce7e883ea9abe6e07db073bbc049cedc8ade12ddd8ec66d63653f6ad67e37b458195f02d775ba0579302beefae157d2c83142274dd187b182f4ee86fd9866da0c25c698c4bc4683ca1909d8783f1496df75fd04c496cc7e238839941c863b58e0f3be143cf28dc65a4bc965354215fbcb1e25af7383b8a92c17290b25e985fe9bb752bd8e3a16e025cd4ee9f9da6a34b82631f20a283c015e745ea2dd462980a4debd079f44681850c033609aa47f2d382c1dd8e524c62f9fe96bc6bfa75fc2bb8347944b766cd5815d21ecb78cbc84b850d7d02cef6f45df14ce17158372c4bc46d44
1787460155.092475 fcc_derived_config RSSI spike: -43.0
  -> 255 e1ff899cfbd291d4dbb574442fc64ea8241bf7b02521a706651601bb7957e0fefe28764ce2be7f919066df845435a04bd7e991692785e7004319b9a8a7da9224091e6f8629491e420f7699a3de601ba2f84d61fca33bd78c827799f6847bf727cd304481d28da8060884599d3f28a7ec813add69a9f27f9a6b266dc8358d849ecdf914bcbf7225b12c484d01ee3f11d8fd0c08a596d3abeb3360ca0b55f76ad68f11e679f5d399bcd2143668b189228917bdc7296a32c70c84ebe919554f7753a1e71d77ba5e962dc0e7d4818a1f4f9a23c817279f716432f9ce8c73efea25e0c8bf8ca38e1ad71e59231465af16ec05ea3cb834b541c5c8b41926920495ac
1787460155.092764 fcc_derived_config RSSI spike: -43.0
  -> 255 6d98409d2f24ea59996e133c39251e2d76d36c1ec52180d419e30cb4a83d55b5915a18a8360dd26bdd34ebf9ac00fa4a90ac5b75eccc871565e8cd0e55715c30f8785b04941a0737bde599c11f63febb10977a0e8d699ec66a651abd66fc9335a675a7874d5a51a736894b06937e100631de9c52bf631a25cbe267240456ed897ea2c4d3f066f036ecbafe03e9cc2ed1a9ddde6d82206fff67780def4dd7c3e21d0039bc17022d7d427e3e1441c6c719bb22f1ae6b211723941ee7e720e7d813a7d2f45f0a7be9c1403ad837469a1b2cf5a2d5540c8ae94eb7db5a937e2cf3f3084e396673f0c0f67be86151cd83196a4df3da132b370503d7289778360892
1787460155.093048 fcc_derived_config RSSI spike: -43.0
  -> 255 59631c0f567b35a08b542c9099dc2f9eed837b673ae231a4a17ea142e9d61a09502ac9e70b5e3cb7f0c08b6c90dd4bac39c4c0f20730874c372aba2fcb03e4ef5308d5c0dcba5f2445984a382c46279091b042e03ec588ed4f456cc31e486be4e77768017fb409c2d31c630131db9747ab80df76595e52d66726dff490bbbd3e4bf2d8f2ed273d7ebc819fef0eca999775618c0e037b5c8d384eacf3216a19c5a1944a79546737a759e7b79fa1407cf21556754d3acf2858f02266e3144ba85d3cd97f09602a19a80f6d0a3f9ef4c0b362e9244009e3c565765c4003e59bf3b48f31f1c8ff897ae37dd1e9232cc576b5b54bc8fe52658f3cf59dd366bbf150
1787460155.093312 fcc_derived_config RSSI spike: -43.0
  -> 255 41d6ce945c0bef73aa475f56a76a6478620b10ac91a1a55802d859a8dc9196daf5260a7cd9956f32aa1e48b261dfefb9e663503fc851d71be5c8cae962829b2cce22112463eecc44cea80308a1d5f0931c5aad20167d93c8b7a494c076077245a852974d8f8ecd872d8aeb7587a923ba5cf31fe8d5b4357dbf5349ffa9bb18c3aba6b3ca092d675ebff444f1006ff67dbaf7b0c3f6abf890d426819b56a80e0c2b517f8bdc16355ee00e98f5f7d0a560117f4210d9d46a593ca56a8e418ea4ff251e1ff90b4b871c3548c14861fc3416f7e87f09d68a35a8d815217c3883bb126847989d0e6513e72eb0dd1e43c8338e88857925fb44899b95a55e3dacae62
1787460155.0935302 fcc_derived_config RSSI spike: -70.5
  -> 255 f58eae18e638528d157263b2be87d96382d9e6a3a3260e5b7a59384b1820351c8b9595a69a2b2fae664ef5de65eb70a6c73aa5dd7256b50b18f2ff3e0cbd13ed7b7d347bdd7be29a0cdf06f71a2c98a42a33ddc0d0034ad958b4c73fb002abfcc3270f2a8981a51caeb59759f8cf223133949957720cf872696a24827481131778c057fca89f911f241b10d9eac0e5628e623ab30ada708a7a8faa83980fa66d1be68a57849ff71fb6d77367ee4219962714fbb5a3b419754536602ef6c49deee24ca602f1c1189a861c706e3d6c37c9df961cfcc9bf1ba3e574c1c663a7ac3a7088cf65f8a3addddd5c8edc99ca32cf24d3520a4234c37bd76823371d5c62
1787460155.15581 fcc_derived_config RSSI spike: -45.5
  -> 255 317be8ff0ccead2ad4b620ea8bf16cc1107d316e258544c956c461b471c199afb8d0f8d976edc16d586d2eff6d10f746b37233b10abd12c2beba7f023f8f78a44e60fc3728c55a80d763d4dc42a5bc819f1e5dfb7a9bd884076cb4537d161db09398e53dbfc6aec88f45e421dfee19e8c56ac0a63fbfd170a86c8fbc69f09c987d8aaee9aecc2308b1b67b63aaaa67d8f30eaafe7ebbd0dfcaab89b2c933c9b5a1c5c8faaee63b7a56b700652dd46263095d9f2455050fe1735f7b7f6896781ada22121b26c29663f41395fb5b9a3074eb6d256ec4cdee991f04315039ff86be7e64d0500c870f1fcbb10f97929a9b4e01ddf219d81120cf4ab0851752928f
1787460155.1560771 fcc_derived_config RSSI spike: -44.5
  -> 255 fbb30cabd9e08c307fa465bee2098d39756099de1ab61c938abbc403d1fe4cb7fe35b360d3af2f9d9f3f80e4ff9593bce218f010b0a4ddc2dfce91d74019b0cb147f5d653ed3fce95f364c6a3c542448c3a8bb33f4df494fbf2542ed055b92ac5b4bc82241fc348e40a5e6eee5a39e3d9ee4f3b51c78ebe062c9723f2abf4c7d883f8371a30171853d5082bb2483d97f857fc8e8f8b7c4db6c1511399fe6bd7a88152b5bb614baeb194329937b3ea09e2499c6cce336629555a2d1cf8bfa7111c18f2fd53014545e8317cec8012277e4037da0c3d5cafd2f3e438c251655fd7527bc87a7540883fedcdd36b5ba16fdec6ad17c5141f8abeed0ff9175d50d25
1787460155.156341 fcc_derived_config RSSI spike: -43.0
  -> 255 88248f725ae886821228908a95f60adb1de2e366250e82a5b4b8e834477d96de38cfb45cf56dcaa6a50caade5ad02a96654ba852790341ead6c945bc1fcf3ba929a6c719ffd251b976317d3727432a15497a2f9803563ca52b3e3bc7b451e94e99a0be83702ac241d94ff5044bcfba394abc11260708455e07e212a5d42510581ae3133c4ac9af3a8996803e696f3cef897e43c10723cbd0850e520c1aca9b0103062d587f4f9b2d06b57e65f959aca8a221e898244ab76a866fc55dec2ff00e74574678b33f6dcc2b992ce38ee3ee9370190102c10c4307c7a81b0911edd1611e9f2e95b85dd35462af540302381ba130865f87a75f1dfc1db5dd05de89a5
1787460155.1566012 fcc_derived_config RSSI spike: -43.0
  -> 255 ad68eaf4e014ef6be9a3383d3e5d73e0537524ad35c4ccf1db17a27058003234f1f9ee440542ff7d0b176a1843e9bf76b8672f7d74c659403c57da60cd85b35bb42cbddecd2e7a7b3c144910b0845bdb573cd988e747cf8ed86edf38d3964419aa7fb0e862ae2ea9dd26c0f846e2d7b559a384dce0870ebfe37392ff99b0dad5a1069fc29c601aa3de771cd605503bc37e3b36283bafd3b9c4aa8b83deec5b84b6f7af1eb006a2f0e6a8a8820323c7331979d887a3386e2547994da78642cd422d98585cfc04b95eed0ba4992077e8005abe7469bae9c57d2de7c51cceb7d6d4507fcbf5e79bcb569d072558f51b8231c6fc1cf6b54a83b7d2d910fbc93cf1
1787460155.1569102 fcc_derived_config RSSI spike: -43.0
  -> 255 587402c5c08432c3e57a7a95fcf09d1838475daa1eb9efab5ff1f4e8d3c49fa3f1caf5195f30fd1f864ff94e6071ba919a007f3619bb7af2c2e9083d63067151047dd946430ecd2ba4a829d451e70dc1433652f6d9af8510a615366abe70494127345f5b14c4a25ddee755a671a02c9867327e42d50a9e2c46cb3228f5bf3aa2e8acf10b8ab4ee77316d00bf0ec1b036231963ec2d16706593aa4eff51b9de3d11b6c58c3fd9ed09ae116b18259806fa97c0089b2cd5640e748b348efe05f4b2ba2fc577acc72f698a11be9735218841ec48bb99aff14c828d5729d79d4735ca7b1bb38fdbc45938ebf01950fbe490afb4e470f3c678ec59679401ac8da3b9
1787460155.1571782 fcc_derived_config RSSI spike: -43.0
  -> 255 5c17e13adf29317c98e90ed80e9b1efd62b64b8b4242e7f3eee88ccdac00fb061a63d397dcf53242e1a3797070f61945f1c4ea86000d914833deab6e49ee883e6cb05402f46f69e0d44ccdd1210256c966dfee8aed50be4d8228d6c2760b414efb8388609d08cfa6f00b821cd8191509eda6ab6f50694af8465b548b03a48b3a5a74ad9b090bfb42a1a91f803fe7e2d4e86a3fc283d1f0d36e3aa0bde35c38c566f5764318cb7694e2a72acffaa12be9f5ff5aed97bdfc85ee17dc7f812ca367d5d148c16378819125c89ee2dcc8868cd0402f5797980057cb509afbffca00802db791acc92aea1c4b77174879936db59339cdf96debb7a9246376e3a348fd
1787460155.157439 fcc_derived_config RSSI spike: -43.0
  -> 255 b5191cd062c27f518ed51d5613f2da292cc831d2185a3187b02f2533f6e9511299dccdf18ea9f30eb9ead2b0b97a0002d4f31be86f464b4b8519249ac9695f616a622d9fe4bde76df6e898fb70949f096e2ffc2ca9fac3148ad04028e0e53fa1c03e744da4b274bab76e9555046b964b69320f4e516f0925dc9d7742b1e12b17929472c7397235a4c38e7f1321c71d2233731c7b67508b60865aade6c75790f82f39bc111211cfef79aeccc3a535bcce576c0ce56a4c81cc0cd873008d0e1dcb19ea3c8a0795a7c487789fb8e5bba3a9f9219916555f750cf0c167836a9026d9a3461864a4d58880c16c3c5c359d1a7a1e1c56f59c4ea0776149b0dae576c7
1787460155.157693 fcc_derived_config RSSI spike: -43.0
  -> 255 dd580112c26dcceca958a8ab15e40426bb42ade3284cffa411c14b7ec7b743a3aba7e08b98ca3226d03394d3ae16a4dca64396c5e251e389f9115e733f5e02304189a425ae91040ad50b49204dc2a23994364624b5da5900622f5330d39f7cbc1e5a1a9e98b337862a0c7b20d75848b7cba527fad1d99dd17be3d8904ab29238964cc45df0e5064b498b41025fc20a2b158584dde86c807f882813f1abc082d86548a0280d0c7e59dc70ce723776b012bed61f810a0998c4caae0aaa75584cb1caf5139bec59a31e6e8ff35014605034813e98594f517f6fc1dc3b35704261454e902043a900a435bcf747d91f3270cb5882b6cdbd52d071e15a07f5b708e7
1787460155.157929 fcc_derived_config RSSI spike: -43.0
  -> 255 8ce8af803431230b9b619aecc20fffde58331f61712febe4b41547943ca955e0f83ccb8cefd89f486535c95e3cb7f98cdf6a799772ca4d76dc499bf658c0259f7953f0b719c95ac69304ac5d1eb252d5ddb4eb934a4e562ab09ba17a8426d1ebfd136648b7c04f5b8ca29f3203b7bc5a8f33cb314b256857ba3ed9d8fd2039f18a0105df7c203e566dc10c3da99b30bb104dbd3eeb015ee62fad846c8a4a669cd090a7ddcf66334b3192ef452f44e11c2dfcd106ab9c1d6dec078ec7516f1658ef825b9e37bf94fddbbf003ea95bd3d187db401d4c4c5eb4eb40c640ffff1de3e645d96023c1dd66d596d0407d541ca50ea7f666e6fcd0a91d168d49ee8566
1787460155.158174 fcc_derived_config RSSI spike: -43.0
  -> 255 082a4f23ccbe93feb0c606fba2f9dd34f4c0e48dc235dee1bed041b72ed37939927ec783277569e5c324f358c7720b19cef15c050f0ec8de3b0ac90bd1187a6b4193d7feae303e46839b0c657eef8e9d4fc4d6312267810f4df6678c4eb5fdf371107aece6aa1ab7e2278cf049cafb9fdab0cbc4c5bd3ba506d5fe14697ce45bb5f883760a06e58a7a3e8356097f6b038fc9b953798cef4262b8d0903ac5c6358a67de3cd86bfecae975c091d7eb70ac46fd92b9b79b40cd8362827ddf6897bbcfbd279173f434262eff2bab34a91c0ba9b08843b588ca4ecc96848d75efa0471f2fecfffd26a12365acbf63894f16557b5f48d2803f13d25772a117afbdb4
1787460155.158466 fcc_derived_config RSSI spike: -43.0
  -> 255 b869f3cad96748881af0fe053e73d620e28b249ff2062ead1cbd7a4296f6cea48b319ee6a6535bc54b46d9643a65133d28806649a5a9fafbc11f7581474758a30cb606da1e8b28300e724594562d95f1761e7af9ed376c7fdeaa2da2c5bd84a724a76ff098516f58533e08b15f850780e3cacc5ce22077676e2f44152eedb61ae82aae8e84af7b7540637013376001b48f6520ff710680dc4427ed2670b39e90f9a4228b047d5280387669ef6443422313d997755ade457862ff144d84a1d0d82ed00a402590b442bf25994b8abf2019022009caf03c6579fb0f974fe4ee45540c468967d435c4a4db0e8e12450d71519d6cd2c01c5047e17fdc56319257a3
1787460155.158766 fcc_derived_config RSSI spike: -42.5
  -> 255 501834ddeb347aafe92e399a09c0a882e169299d8f730681983bd2503c2f9262e14937ba1dc365f1801872b5e471751097df02078c848fdb78a2c93f7e7012d8d0fa3e9400e3f3de39b82fa10c77bee6ba5d61414eecbc3d79cac90de38c4e241075837f7f899d602a3337c65ee732c336cd2797899ac93a81893960af61c863eca3a11306a54b22d975b7755810a9af14f9eac87ddee8a0ee535c2657440f00e3d39e6ea491529d06650fc2fb1b9115e30b3ead45ee6ba5ec8980c23dae759f59d6887454e1383644a9263cdca432be576f084d3fd260aa868ef86e4517de6e1b34916c6659ac59f3d4f1f1c85a6c50f1ca190feedd36c70dd5dfbf6c08c5
1787460155.159034 fcc_derived_config RSSI spike: -43.0
  -> 255 a88266854e854afa3fc19bf9ca75c5f02e62fe531db3ab53ec43e2c6124f8a3c5c5f8b58df6bec605acfe61d78a792a1eece30cad8ab7ba77e15191a2a0b47d1502d09f17e1bf84ad06367705c64f42d6512739c41868ed9ed31d75786a42377614bc4200ee816b8c729bf85adf672a514062e5dcc2fc1cba44ffcc13e4dccb6bb13f48322d2727c2f1353f1876933775f6412d74409a99a5397f86e82c9ba1e00fc963ddeaa769b5dfb54fbbe15a6d74529d63942ab31e65544d01bdad488c5c3a66bfc93403f86da2a5db7e05a8b978a135e3612b93d01fe4a493ff323cee305fa74b9e7f5a5a775abe6eef1c03dab7e351feb9abeb063998edd38302ef5
1787460155.159297 fcc_derived_config RSSI spike: -42.5
  -> 255 14ea1fbdfc31e61408c8c50d702f282c39fe7c755bb1283cb0b5f90113eec935b603c9a1c0ed2585de224fe5cd0c79104025564d2694282cf8b3cba87320a1b79572e3bf68d209dfe6b764b45f817a7d2f6d6c2bfc114fd4156ee0844a655acc4b464415399fdeea25c340990a75526edbb6094d584fa19db65564207d8e47186033160a96ef7f65ae4d9e57006ab97cf1ff35c40355af09e32e733478463f4239006afb761d9776707d44618e827eb613130327b56fd1a73e354dd39021f740606b98895306d296a52b19fc7b1782c94ebe1e2490bedb9ef16b8205b00192ebf600a4c2605e7d40637d5d08640ff91efbd873f0497f78cff1df9ca85720c3
1787460155.159611 fcc_derived_config RSSI spike: -42.5
  -> 255 5e743f6b856b170d7b6019f2aeb166dce4fde98b6f813861a380e6d1d622bdc62ad4ca3db7843e70e8fca3b530e5c5e12ed37248456be27fdca179b2899ccadd4e6af4ad1d8e6c7d525aa93c045e0bd2f1d7fdb8c380db01b29c177c88e9b5cecea2baa1f04049cabe96de79750e9ff00f29740769a6056325a31ad13a677c53e7e707d05012170ec0655dee4eb9b86f346a046c07bd9226976a95081ab257c1c5952b7565b15787b7cfe7f9c68ebd61ff85d40d53aed5566f8aaee25fc3444111eb5f7b946a7742769ef82279bebf2bd80df4095d410b89dd1d634602f20f99cbdc94109c4a1774950e430a6ec4e90797443869881590bd990b5a5ea99114
1787460155.159901 fcc_derived_config RSSI spike: -42.5
  -> 255 d68df6d739ece92863e5d30413ec5d09e7b65af1ae2199a6dced70062b5db437ad3cfcf161d2168b053459b7628f9501ff7ac449e0d70be8df4046333cae4212772e0876543fc7f658f6121e341319780ebd338f59ae5428796842a7b4dad0009e3214969bf97e8ce9978ea4cfeffddf81815474e598ad518212d528ee3e5c880bc5019b24f189af95320ab45b1068e35a1262c2d2db0438ffadf9a9bfd47d69480ed5621d541127fdbb0b8646b34af738e36814caad514a93732da781c44b08a7e5175989672e859d41810ceba090d8ca42ea61f51cdc23071c19f03e2b190461078b974dff693b3ffbb6fcdc31425f801191e4793facbe1b2db9dc4c3177
1787460155.160173 fcc_derived_config RSSI spike: -43.0
  -> 255 dac2d8c0ac979b033a35f6bd67c1908f8d801a60e74fe5b160801b8691c3c3bb475715deecef79726ecd697b77b295aae346ae7569bbd9282b63b6bb1aa3c811df5204830ce2158692b3b4602556d2009c65a2214bf6747372b5fcb92767827ade8e0c07b689a07b4175edcc36c2764e390a12ad17b00f03c572ee770a9ad81a3032a13fd3dd5942f1f612c2ae8e536ba043a859e2b51c269e2520b5e35ad9fc4a3a8c9b203b7e16cf209904d9aa6ad4534a1256b82cfb15ad0c78e2cb493efa6b433e4b55a073f88115aea724969e50ef797381e8936e5c57a27b82666e835c4c4abc15c5ebd35e3a3344ff4886c4fd80fba075d3686857e807b37d146435
1787460155.1604302 fcc_derived_config RSSI spike: -43.0
  -> 255 4499a0a8e6410ea97cffb0066bb887a318a14bf9a67f87545709c06adaa42f53225ba0fbffc775787c949ffa67b9c8623b348779c1a554b494f16af08d0f837c0031998cdc58b69d400d95d2e60fb6b90164937947e92ab52bc36251c9e7ab00e57f77b2c1c24e588cfc7ccc349eb4d5266eb565442beb23e0efa47e933f54c5f61539ee2f75b8acb4998daf36520092512d845b75553c8f854c969c44ceba8f5112830f2ba1af73bfa618177644a4234f05461355d8bdac2e2007b1371762d07c47e7d6cf3782fe616252ca7f2cdac154860955b1489fe2ead26cf16faac44420d4f26bfdb46c32ed1393a9042609cfc48fa4c64e80849e24aa18d46e48a7
1787460155.160641 fcc_derived_config RSSI spike: -43.0
  -> 255 d3d353b0a42d75269fc889b70bb4d3ad4e7efcc7090900e668180b532f94b5b58d3e1f641aca7832e0751f942f17f52c391d45522c340fc481a46774ec2a74ec3893633fe8af8609d7a9bf846774662dedbae7eb471ddee30295882642296556dce7c2e4f2a18012676bb1642999aa025bc5cd9f93da514e66ee88db16cfc8938336c4a89b083a7ac09af6534f28774c36cf4ab6d989489e42fc4d53548702891f8bdc5f2faf18013609eb3b8e48633e038e2c21d69a6f0f223c425e40498ef74cf7dc37819cabef8f892031cffa29f241455f0adfefa54dc4604f2066f1158df1042f2ca04c447142746604e2e97ef4dfb5ad525b2fc4234772a78bc4b134
1787460155.1609018 fcc_derived_config RSSI spike: -42.5
  -> 255 b965a4824359f9d683dbaa7f268995f62227e50b42788d5726362d95d44e2e7c0bfce29711360be2306ff3456715adf58cd7903a2bbffae28fef2d44f9d1184c314c95ccac05a04420bd4389361c3a1e0e497c8d6e333570bf0aee1231fece3d735babbb9c8e9c3c5a21ff00ea6443a940a08811c4b16debaac7481fe4ed6844ec497987617f30c777e3b9d8bc25459dfa372377e9aca6a4063c2a02340a53cdada148c96176d03b4790fb804f796202acc8ab00fb30cd80a5a0117b03a363df778640bdca183964123c75ffc90e64d451b4b8a182a6a2c8e5628a74d3e8b685a740b3992d2829ed5daab04de4cd4969e45f6d795cdbb0005aaa09491eebd4
1787460155.1611478 fcc_derived_config RSSI spike: -43.0
  -> 255 595240a91d7d32e18bce851bd775aeebd03486a5ba9c226231c5fb7094d57adb035176419df971e531ba6e1a2d38ddde5e290ce1bf6981cf8560c2d6d04d25063ed6007a3329f05a8dc617f2a56022c3892a72d4cb100ad294c67ce7856f2c5effebb0955cb08f75007b1a44a1d0d4024ebd9ae09e375c89c1fe82684383b96f8379c9217eb488ea8d4cd67b5f5be8e6c4724640a4561849c3b1095d0ad179c7f5be2011314ad98dab60bdc31a54318de4da59773625c64ff8fb296ee5da98e125e90ad646449395fc7e55bcb1ffeb917f9fce8d9c47d3720f5649c6f4474320079eed3615112e11b4d672417b822cf64c473e0b60d676a8a899ff82dcfc3b
1787460155.1614091 fcc_derived_config RSSI spike: -43.0
  -> 255 f853cd147f507e3dad2c3f4ca344a750ee0e2007889ae6c0463ea9a39ea50b5e94577979c059b0de00c5477e62029f8244556323fd5d1eb9e0c82759cb366a8e9fceb496c0d93704aad43398460206b114d78d5fb8326ce0313759b702cd13f4b238a89201f0f4b2809aa5ebdcf2ed82c3b51ae8e9dda268ad0edbd8df616757af2f5335c84ee588374f950cf42ea78073f8e9127ff4ed68f1d08e397b9d7bd14453002fa9ba835e251d7bb067d1248c6acd5d93a8d86fced6fa8357f3294c5149651b7dab3a36e578792f7f60141af1a172626fbdf4ad49d7475c42390fff09d068d1976ce714b9612c4c245b52bfdacd5fd1f5dcf74e11369ece6b72b756
1787460155.161665 fcc_derived_config RSSI spike: -43.0
  -> 255 93b36ce3ec083a2c456e95c3e25925c40e7e05e8e0df00ad501a47b96a4fd240f30bb37299f4d664542b6b3728c8dcc774fd59ed47a0dd781e426bce768c600f798ba52e1961a155c424087f6aff0ed2bac607711ffea5df98da8ca20b3fe39bdf232f0e44e3fc93e7b69555d9520390890b5d2c8da62f3f490b82305b0de5a6bfaf760ee5e55b55859c2099f2a978da6491def51d55057a0fc7d8421337cfe848a757a098c3960f245e67a9803e0d39714424070d9fc6e47fcfa26ff2a4c78af31ba730dbd4c8cf1113f2cb84907afa444af8d28e3d0ee116160b4d638afa4ff22b5d5af011065cd412c5b01affe509b4e21ddd7b32046fb4c1cc98644587
1787460155.161899 fcc_derived_config RSSI spike: -43.0
  -> 255 bcbc1b99e6ea5f5ec3cdcd3ade871f8edd2736ba165692a0ccb474636a374fed5efd11d79a77f41d1d8e564f1b84daaec3cf74dd3344a1895abf9bb9a3addfe568ea3262e464aee1b26a5b79869c31d2dec2f28432077454347fb3c24474f63cfbb513f381b8916eeca6f00e3a2683f94fd70ee521ff0b0ce04fe41d84e7ff98963b6c1d5ad12b3bd2549af12c7c4a5b48432546a5ce28917ff580410c17b93447de95e74ad6462dc4426097312456624ef78ff0aba06bd8caa158d69dc25b8fc02ffdc584a3fd5d7dcd035f762dd7b24541c7d56330423035d65b4101f60f3b0198a0e81b701d06131e69b9ad29a7ab18bd777f7006658ea2c19831b32ead
1787460155.16214 fcc_derived_config RSSI spike: -42.5
  -> 255 99385c873d2d0453ad511273fd575db1998b2a9889139d8fcb134d0a746af4b290faff52f10fdd860198f0d290e388e6649beb181632ef09e0b2fee2a000cde3a9841ec9d56d9624b2211003cdcbc28d0fc754b9c058566e96154acb98f6d442303b9ab785806e34bce37065354242af868e65dd07446ad7903ae203d4f75c677efae60b2e116540c68f67263bc3879b3a77c077527ab429ea74b39ab40243e21a88cb63f965f334e143e4c9bc73125f058fe4aa464a331fcf24f8f96d20c667a7fbb98bc0042b2a8c1e79e6023bbaaf27072500a214984d966b1676963bab38a298bfcde1d8b3d475a3c2b63f651fe6c22b212c9b57fe3e2efd8e239c6cc1
1787460155.1623812 fcc_derived_config RSSI spike: -43.0
  -> 255 12e6fa18ebb4ca5c429328cf4c5e4d12a4a603cf6de8a971eea9fd4efab24ad69152649073af6e3f4afa18113e687519f6af9cf61b1f491f4c01932df25a4196637b4ad298e3b38f4d1bb216f075d635747af75f458221483ef682056484b86ad5392f613c10f61e24869fbaa405aa21058c32e0db92ab2b9074c02ff9bbb07ce9eaa2551d525dcf8d0e94a8475a2e40c96f743ac6f4e4f4accc7d8b3fc797e4e99aa231e0b29888c3fd8791515c08e4e936ab3dddf6eac4b7fc0141e55196556f7a320b99c2c193d54459eb177cd42cb13f9421a8b8bedf6f37ecd8ffdc7f245ffcfdadb2a6cfa3654915190a164d9d121fb9c25a2dac3fb3bdaea9f57691
1787460155.162645 fcc_derived_config RSSI spike: -43.0
  -> 255 78929cb8590bdf5b3189d22c83ce4fe8620739047eebf83f32e6a9c2d3d26122fd9c3273f4de915f5f29639a3c2fe6a6e76dd88ddbb1179a776d2b76847324edb62074ce7242c987d41046411dc2dc59f91221a60ddb71e8789d2c6ca86c7dbcd9c4cfe59061070c0e40c3690ecc101b709168347b14600993c121268895700d608c451d831039358385a6e4d4278cd061220fd71a845526eb0def77c7c6ebbbca956bf8ba279dd831baa8bf7c56523aab48ae6a38c301fe3dfc3cdb0b9b5623dbe4aa73b6a4558ce0c360d946f1334803b5cf33847fa0d4df0be25d54602c1ca9b33a4222ddaef8b403ff1c9df3a74146c3a3b94867434f0f3791c6b9a6b0
1787460155.162905 fcc_derived_config RSSI spike: -43.0
  -> 255 7c55140b788902d1af13f3553f6ec6d4191da323446afe07b79794f72e40a68a64ae9ef7838afdf2cb7bcc8f945b275d8a678f8c7fb0dfd8be94981b4659973fcaacd526768ead1e7abb2ed2a056097c34dafd15e1c537222b1f34bdd283a8b99243213ab3a6a2a7a18f50d94c48643680a4d955a3b2f1511003de51d66b27afee155a126d0d865034d3d3766742bb325379610973a88d7ce05df0baaa20f98d6fe8031e481c5246078908f8daf1a6d634451565f723e667de9a6be373492cc43891d30e4b7a90fa7745537d7da9016e49c5feb4a785f1f9037c46d0f3ff8e7a9120d2bbfc317efbdda10fe496a86142e6cc2d165bfcaa7eb544c0780f7f1b
1787460155.163139 fcc_derived_config RSSI spike: -43.0
  -> 255 8963eddafca7bac4f4ef8ee7f3494c15cbc286af67d6d37aad138d5beb86e6b0a7a6b9f6a0f4b443763f76f2e3723461b046e6ec7eaf8ba60dbd5f086b6578006fd9edbeccfc5616c30d827537f19925b5937f5d880d9b841348ebe4339ea5fdcb71f65de8d6e82ee8f2d5842a8e6f32d74861f178c9c826c5a2dbe5a9137abfb10fcb0ebff2cdee94357f35a0492db2dfe66d076077227be54bd58b958dab59fc3ad2cdf3d75cc85806394f323db9f9d61355dfea8676c59e9d39d559b99f183299afc3653f1623e13dc5c5c2edaedfe48cf70a2dcfcd2913c1f8d2d86f604edf9cdff503bd1b68663f601367f8fe671a5ac4b314798e50c1672315a74c37
1787460155.1633978 fcc_derived_config RSSI spike: -43.0
  -> 255 47cf9328efc9923f703d91a359887f1e18a69d237445a5e747e1b9bb8e3bcbe9e99ae86190af956a8f366bdf8aec760712e57884666476082e05e1b72a74b892b0cb8356de72a646468f6f14ddb0dc4bc2b5834b3c5ea03ffc718b1236c698c1a2f7dea244c08d8ef332919cbb26ebe5d9baf41fc99caba68ff376a70d0d568e62de6b0661b38a39c2d28a54b7122adfad2c95c651256785c827d85bf9de6f13c1c2cb92775e33fd3e072a1386f44b2a135432fae80fb40117e3a2203994558ffaf934232ae07ceaed4294d414986f429d2041e3cff5d30a8fbe1d28e8ad9dd2eb8f41a08581a9134c53488197bf37d405605beef7f00b8ff6c54ef855c73a
1787460155.163628 fcc_derived_config RSSI spike: -43.0
  -> 255 349d88232027fb1e51690d3dc051f391f68e7f8d2c21b6cbfd191a71dc961d5f4c1fce321063550342f70e3d37fb1ea89110e50e464e12a4ba458f7f3cd474071abf2766b1320817323e4b3bd6aa8a7b3be2a30af274da5dfa1fe2e90e538e9bbde482995c25180b7a3d5f8ae6f0083a9b7d1b35934b1bdc063042c94db2417cab41c4451434b80c019af60b65201d424585a3e58bf866840eaa7d4be58b5b75ec91c1f995ee412f8c03e71924f39e5b3fe7ae46a387c341bc29f6770eb87167f25390260248de984befdbcf918078725206b062a1e6008691080b0305059fc97b656a66f45c1385fd63ef8ba31c4bfba60f619ceb35243e000490f5baebaf
1787460155.163886 fcc_derived_config RSSI spike: -42.5
  -> 255 1ea690d3189b2de7f23676302ff3d419de7bd96a855a7ab751f9c2849c6b1d0253b50a117e6ffd0f2c2255363dfcdf1931fd38071a1604619c4e82ec1a1c41aa550dbdbfd673896015ecbd666a83968b1b1c9e851bba439e191f2f4b5f80c5086ba3f0acf4f5d60b97a78ffa23bd8e1e8606d10de6c87190a88be58a94be16b262b9e474f8901553cb73f4d51253a7160e000a5eeb887ad0365bc7401401ab7eb6830896e2e000c7309db18f2653fdafa1c42321ffd1735085d3b7c9e37730bcc4d052e9658a682ff978b05915229deab653fd7e170eb469ff01b0c0b68e44341da737e91a1e3fb94c09890dc10d19830d347e9c4ccbe23c4924cdb053d082
1787460155.164161 fcc_derived_config RSSI spike: -43.0
  -> 255 f8672d496f2c2586f5b4605635367dd425125a75ac63a12a7fca059c33656a6081e3430158698047e4086dd642caad8f7341684c1639e19d9b779ec19461b1006c5d42661878a5f3cc71bb76be103a977dffc0bd7ffbbb7e09063452f9d7c23ac66130751e5bc4a5bb1a97d09f3f33981082fbdd909f8a182572c55f3d9fd32ac1486f2c2ebcc9f59cba5cc80e199e51a962c91456e7ccb5cc9de8e73e702c6991439959508efc02c5ee117f667372f9b5e0653d021f4e34c966f3de961af0b74c382112304efe736db66e1ec7eb1eee9c55bcd76c384e18ec07785b05dd242b650c7ee9a685a2d308546c56550e4dbe5f93faa50550d7b3c2ac8cecf524b6
1787460155.164386 fcc_derived_config RSSI spike: -43.0
  -> 255 2e6c7720b0e98ce1140d8bca143e4d55a3d78d9e9a9a47b3883424bab5f6aa5f3c55df91e08864f77f16c367d06b1ed4e7b2bf43db59db3c4ff5a54a72d60c8f7e778b5c1463cea37c233f912efae049e8e655d1f388455a450dbe47c6e36057423541789d900447b68ac7d767d2b81c0395169f23721461c996175ae2a9de64f6cc3e9c983191829b618912c2c06aaef0a756ac68fbfa1ce653f23bf4fd5f47eb9c2f6d9e88fe67508a3f035e5c2d8c9f38ec52cdfc456da0fbdb4e352c032bbe47b36301f011571b9d259fb5fd2954b7e8db15df0b8a4932d47306e4e9da7b14ea4c9ab37fade7f8191fa4a352b8bce77183806eef6468710324877c66cf
1787460155.1646469 fcc_derived_config RSSI spike: -43.0
  -> 255 96f2f131bfdc4d94b40b57b36b6647ff003fb17da341f0cd29cc95a1529f669778d89bf6635d09c5d991ca73f625d10c9072a149180c8993fbf91321c77f32be6be2ee9fae3fc74dfa556fd19cc393750748c0e2fe3181e4e78c5391476a19a2c3814ddcd8ff5715e934a4e1d3c8e8e31b55869968b210ec43f9606f37baadcc30856166e96cc886e5dad45b5c7291462ba5ca6ff30e9967368a0672ebf3034282de0e6a4394a8339cae5d00ef4bf3c9aca67c7187258f3e5303a81324c5008a693b0564cb0be079eb9484ce9baeb3c33e6eefaff84235b50f9a4745a874972f4762cbcf61af2ba12d5b75237daf28e9aab8676020065a8c157de8589c9562
1787460155.164927 fcc_derived_config RSSI spike: -43.0
  -> 255 17ce9233fdb1c112a8855994c00866149465250dc4ff54011d8262cee933fd663e23e5f73f019f74d13057bf165750394123937860bb43102a8dd6900a9033e9ec9be6de80394d5aad0bcd3a3170a9861e3e998c59b98359188c1de15e08006dbe62507a65a94b356b8b373df1690c314a85ed5e03b2015463ce495f3be85b9317bbf69d831ac298c664c8a686a58aa5a2eb3bf1cd21867acff235caa5c10e84058fcfbe9cb3026d27d6c9fbe6918a5338fe272ed1aa966b54e395ed1c9211f1911df5d03a00473368355cf6bbfa9e2d7df7603dd0e1ad7c08477742a6d3f1cee4ffffb5f117086e043d5e4a698967d960e1bb6262e68e2643d2060d8e9f16
1787460155.165199 fcc_derived_config RSSI spike: -43.0
  -> 255 aa8a981ba0256af8297d21da88036244e77b2de3203b3ffcb29b1c71f5c76c318c25124855de8277eee75e170154b36d6a84ec1c524f8181e5d051284d226b7d507ae5cb4d5913fa7a3444fa95cae187e2e665f35f95696eb1ff867a8d34d32664acd508dc6dd7eb67e1d0933a56f6c89d9202ceaeeb58412d1c04bd1309d9ec431612c26373752930fdf1cf7d334265107065fdf789c3493a16fe724a39221b314d5c68f2dc62cfb1f5b126fb4f9d37493219a08d53ce05554f8a8101ef866a215e014b83e19271662b53661603db8e60b839d436d2be8a031b9c7375e8d541fd318b38e8804591c37e7fb4e1b4287e837c69ce532d79d96fd95c6c52a46c
1787460155.165426 fcc_derived_config RSSI spike: -43.0
  -> 255 de7e4b40a0f64575de7afc24eda9bf09a0193ae3bb082f85f0b5fb48e8214f466247362fa3a488099a0d5f61915d82bd39a83d392e6c7a6e7c5769083a6db338fa1ece0883715a0e8ce96182423dfe127ee911e93a28b576a6fdb32b68976ceab2f654d3b22704f6b05199676f3bd113b73bc1944ebc43f41fbc6ca4e294a8f50775a8222758021b9e0ecc45d4bdb11c935542034c37c78114eea21809af1ab23f690f38e1c1511563fe5e6899f25b0dccd6e06e01dbb00c1765305f4a51caaa6455bd60e87dce37ef61e85dcdbd8a43a83860a54d574f373895d55d76090a6f5c5a67ab7ec7796fd11eca5afe5ea3f741dfdc08eb67f8b389862824544afb
1787460155.165656 fcc_derived_config RSSI spike: -43.0
  -> 255 cf961c50bfe64f88e3877e200f67f8211be61194a5dab280d105b85d21641496b29db04ff3af9fb662c66aaa5f097f83b2edce8701bab2ce27c28ec92f5a1a3d1ed430488282e2274b5960cdb2ab61171bd10bfb89094ef377a6a2806bb55939697a3c5022d06458cc5e1330a1c0850c5a9764593f223e47875a9ef3e3f15d724fd083fff6b2440876fdc2c45369baa5b71e98769c4e51e75abf218ace7855017cee895547c3425e66a84ac5d96506261fa0ae5c61b4aefea8305c8a6569e32641ef26de084a6a3f904eab85432539868208b5c2480fe6b656cdec40ec324ed64e7a217879d29f78aecdf30a912b8e2e8157635c4467eb6bf316c7114c99d4
1787460155.165898 fcc_derived_config RSSI spike: -43.0
  -> 255 64ee262fe37ebf0ee02b07ea9adcc9ed967b7d94900496ea460e59fb59b3566f7b146aa7c42dafdc30c2bc29f96a6f5af349fbd0c27c82bb484b86e37810677d018b6fec6b7c6a55948b3708eed82681f6e25a2b6d0dfb2d08767a35737122b0b22e151e2da5cdb17bab28f54af8fa379c4faef6c2f2bd76d651aadb5c676850b7122051b2d78feecbfaa0c4a414eaaa3f7fc0d161aeaaa8968d07fc6fc7d999ac781412f1c7044671a7f665458e67510edee157a6ca49488dd5b644040da2a734ac34815e636d6cee0b6066c6664aa18288c8dea498b0b1e3d562546d9cc30906dcf14c44a8d35d6f6649ce02d634796da7c56558636da75eb67f04dbd6ff
1787460155.166183 fcc_derived_config RSSI spike: -43.0
  -> 255 b1460b3f7d8c655225da1810e9fb7850dbe8b4b5e48b1e1e7dc19d2e7fc68fc6ba5f365c7016223466ac8a4466e3d92570b48de654f55f4e0976d27f6d8fa3f6bf392c4c3b5527b5e82d405d1df000382ade71945aebb141c9e8d883632b0362c451444057a7f3c9ee9c7783b752f5fee36de23998d91d329d25e9b9f13c486f48ede351ee0b1670da735be4e47b124647bd0296a6130b8ece21ae1f2d7d6a97c234a5f37ce18850a24aa92dd8f41204465f08fb57f5899c24d3b403251ad36a2708a1133bdf3ca4245605128b93026e51ed9ca53f5e80172308590e4b81fd82b1df55524c1072339e8e41221fd4eda5561c3844ce4af4654743dab0aff9fb
1787460155.166446 fcc_derived_config RSSI spike: -43.0
  -> 255 8a8ed19d21dbe74f7def3c975b679f6b86537b0bc356554415ff0144c3f91d917096172213f65af3bb20859e6ca5ed17ec7dcfd6cb6936d53d1c097d94eb00a9fc067baef7dd05b014d8435035c1384a34cb6c49bdb77fe52a11303f90564fb3136125d40fdf3f8b5f16f017122e52619e9e351cb5b2e5fb363067fdf9bcad8724a713f93f838a28ea3006f4bb0470a8c01a93aa78a285b96e72eae7c7f1541aa67fc1f7d8c20286eaf2a539b065e67a6b614e4757363fd8a377e25735a128b91c639df8292768d2af39137a8c221bb90c16c1e83ecb91e8ce046647952a165727490b73fd0f3972a21d3d5e6ecfa0549505732c7aaa9355477a0ddd556a8d
1787460155.166681 fcc_derived_config RSSI spike: -43.0
  -> 255 7092fbaf9c06b3c92d5b7a91a18e265d3d978b67cd9e3cadd75a6cff10816159648b0525fa14403131162ee163a369c40f444b12b6e8e78c224c88d58a861336931592988ecb531a8d4a1b0587b4e567db1a3585d4ba3b136920b9ea0f961cd2d86bb45188fbd0a99b7ac42c94331541fa47679256b05180a39cc65be53cf153dfb7b8f1d1d35227a16d3d5f76bba27a6bc53d587aca62c68f50e7ceeb69ebaa08be6e34696d856396420b24c39515084fa61fc4bab17694a745521485c421d6debf00e70eefc028327527c2821b2e0aff4ec66be3c8fcce2250aa6bdb7e4936f4828e410d4d60eb1740cc68c7fcecf9f6fad346641e11a31d8d3cbefb2aef
1787460155.166924 fcc_derived_config RSSI spike: -43.0
  -> 255 5fa32a8c2459dd2df12992bc8d262bbafbbc612c9d9456ba3c136832d61f4f9e2a8e62c5b162f67cb8776acd1fd08a9f16dd6daf6af790c6f0af6a82b1eb2272d485706931d619819b629622e4541cdf4d0586dbe317503ce35f07d0dcae86071fda09a9bd71d4a229938612fd99a427158befc2084d11de0dfd9c48ae4a36dc84c7cb60d7aea2329cadfb1529b25cb91bafe196add27029c463f98efb852cf9534609861a2378e52a7d257575d8f742c3cdb71081bd9125705342ea146f35535816b6e73dbf660d967e254cb0ac136c384bd865ae290775b32ec88fe9721c7f276332cc6e9c783cdb428f96675a8cd38d3de3645783090769801aa3f9f861
1787460155.1671512 fcc_derived_config RSSI spike: -43.0
  -> 255 a8c0d101fc801e20bc3a4426398c2ba3fcc1b673aae4a5d3ba56884215bc427269c7ca56854f8f49b05e33aa6e49b5b0649914c92bab038970ad8c5255100bc3560ef470a1633e1edf2ec4ab8cbbd95b4ce88f1f2b4e62206619a8422ada8fed92ae725fe7cef7292790f6fecfd12cce9007bc312fda8c6220c95bbbe568a1d8413ed5c9acdfa026fb4150f6581c90264ff35c5dc944cb4ba0f1423907f6e10c2a23e5fc3c32f150297e24c6b3fe872f6e1c43f3b8c0308e26c2cb4042ec7e533dd1d6906783b42eb6db586d29869d21bec850672761ceae7cbd602389d25e0faaeb1ce290d7994ed6449ed0fd818215069cfffc2d1e6e8206c5714289f53e
1787460155.167393 fcc_derived_config RSSI spike: -43.0
  -> 255 c450f1da69382945be14cff1509f844324d5aef16084fb1c15656ae31c98b732073bc91479a85928aacc08d6826750012e0e0cf86f620331a868e7b30ab9e154e1f1bf20cc56ea3661b657f0049edd54ce323fc58fa6c081c8c7f97d1d557fe7e2c0fe8a17085ad47ed3d8c17ffce948c4138336c496b4c324929b5a85fafa93a49910365cf4bc58b78137d8dbdcecddc8e10fbd53ad1de31e54f0770b917174aa468a9ab9b7adf30bb3f9b9661934a849377ceca7f582e83e67d125bfbf356d4b576c02d03b5361da7d333e3ce128b78fc1b422a95094a36b77bbeacd01aa11dbacff19b5b165089d628dfbd2a744da4663d99d76742b77426f1856950220
1787460155.167637 fcc_derived_config RSSI spike: -43.0
  -> 255 856f711a348b268383e63586bd3a0169fffcfda406fe5258244917fe40809614bb9620279354131b0ab6ffe24ad042d95a08029361ae970806b36b58925ffcc22c152dea3985b3851f8d0f4e45af273feb1a6d8b9c5f9b41fbfb4124ed9bf8547052f841b6301a376d58f9504109dc309027c9148c53db097589a1d26ebd4bb32e3c7d9e54029c030e988d4dfe601ed8b13d3a84c1b38dec2895f650e0ddb5ef0ea9faa6489afa7db6c0a6fd1bf06f6df075d2bc3845aa6c26590aa5043770b21170308cc13c66b039cd08624238df02c6708d4be0d5748c05dc12c8d6eaf5168db0f1ed0b81d646b6b5c11323232ab45bae4fc20342227114295bc3f7ad69
1787460155.167905 fcc_derived_config RSSI spike: -43.0
  -> 255 ffd655076cd88014277303be2c7cbae902360972c8e1b264223c24e23c97cf968b1ca0b2ba77aab37bab9210df4ad4b64f61e0ddd70ab7cdf3b741ee02dacf1dad69028c93b8db7db7e1e8dfe0a700b3c4ae1375df681393e3141cd894b69678406c79430d07c64fd81f64abe90922a0ae2985f4cc9c7d5f69ae2869d5a6e1d5cff4559662586faf0349a01fe298c97fceb64e3b3a80146581205d3cab9dd12554bc6d00ec581f75db8115a2150b6aa118624c19fe0c97035ea7a1127f34d0c7536ec23771d1f9083f0e106ba55f029c68aac973a6f2214eb2e528a202c730f12db03f299554ccee6930f8f4801d27852ff27b6db9d509090e7a3c5f4ffe0b
1787460155.168171 fcc_derived_config RSSI spike: -43.0
  -> 255 f5d698400bb31fb7330a1ab5b81a01e95955cd7392d20b3acb473266b86b64b00d73b89ea954e7ecabb5bc45daefd1c94a1f30651d2c821708cbf05b9e082b50b77d16f539d1adc4e4220f8677ff92885c1522a974c235938fe0da2c1735dc37f5d3e51e86f87417f81cf5f41ed889d044a42b2c63aeb6ac7308df8cc934666c0eb4a0f2079591ad0df3ae841feb89a17c73ce4c9ab918699f8228addae05e31e831cd5898b81ebe5ae72f3633f0cd50833a9159e231e495af701ab9f7268a2ee994a16254257eee51761f6d13495c746bee15656d31249834a09cb001d637e9b96fc6edf8121d9fc9cb1cd87135a1778d9418d0b3c41dadf97865854f59a8
1787460155.168413 fcc_derived_config RSSI spike: -42.5
  -> 255 a2b8f7fe65d714ea4f4dd6e7a6ba560dc38e5b1d465ae8c31d5327b3244edf2b544fda4c21a04ca8202f831e2187cc9b558a71ded8b4e6b7af4e1ef72172055fc33f765bc6db441be81eb6de056e6142137bb06daed162ae6267814728a6b3636070c39201694ed71377ed101801980e9babe71b68a40d6ea4cfc84cf07a072ced74be8a05acaf440c3c28b225ab240efafd1e7e3370ef5441ea94c791247800db0d408a9b8401d1ee98be46283fa17006c7ffe0c36a4c200ff78a825ca1ed09cb4595ab873b4c660a3929d02172c35fdf5e955fd4093f543acc6454fd192a852722e36eb35143bcf0deed81a572c9e09b63d51e72d6d6967831e88a5f9b2b
1787460155.16867 fcc_derived_config RSSI spike: -43.0
  -> 255 5b7d1ec8b77d42f79a8c982c211938e9d34f51bc4436492ac07b66f8f95d88b7602781427a9d6563b6bb05800a3c10924a56cf823e28ed0274933b740fe18a21f590c0d617882fd0d7cc800205bc9f9ff8499b43beb50905a80ba68ec98f19156a2f224d19536906f638748dbf336c7989712e68b90e320400665cec846105b5248e8de0b0fd13a24e547876c3771372a9ca5a5f9dabe8172a86d18e3c472e67a977001b3eb4c820c80ec8b17eb7e1363686a9f914d78c59398a9f07132e505cc67ffd896c7548074696bcfa965d8515fae72266f5eff94869ccd3a20c14160f7f333520d237b317d2eb2bae0a7d6588200f0df7447e8712d7e594fcd10365
1787460155.168913 fcc_derived_config RSSI spike: -43.0
  -> 255 ac08559cc7e54a4c75858f0ed52f8901581f775e272bf87dfedcc6819eddd3a045875ed32c8a2fff43f91d7c0ccf077a26fe44bcd998d64a796e644862ac06f38c2f8974d80551e49c29bfb11c7270f0ef503f9aaa4e1b95f6873f8e5dc0a1c83150de29d73adae2be0f667ffab139377e809d90d5aa177f452286bdb4ef702224a5426609d43a14e072c4282942ff68b7e3a8d6d21555b3aa2265d5670e29b37dec12c7c9afaa7e40f6c3c27402598ad6e73bfacc6ce94654aeb5635a91dbe6703b5a70eb8381553ecf2a1eed78075e2e1b1c8e0d25b3e5fd73f252aa4c0524aa65a17711d48337cffdfd1df17248d12e7d433249328f4852d089ac4266e9
1787460155.169164 fcc_derived_config RSSI spike: -43.0
  -> 255 30cf5fa707864fa5146ebabe98a2210a5a3f6153e4bcccb41e62754836390bcd2b3d339e553a075258db467634da5a86fd24d854bf87f0ac6076d7301f1446f906f017d38dcb4b8c7583c3fd09a92f01c1cb415ea192f781a13a3afd6db3d0eb5ba23347fd8f9ed79cea2caff649b39c07519c769324b6f36a3a69eb77993435cd471aeb3aa85926c716868d3e32b3b9381e3b82dcaeef7efece6bea3e6b810f1be08907693d00dec3068f431db0e669e126f9488eda36817285bcfa75302d4de3c727dd2bebb8d670729754b24300093de9de7b845aea3fd634591c13f83fa05dd7a49199e2713c0b9a92a3b8e3f597dcc908c9875fe579d1dbe1cd4ef3dc
1787460155.1694112 fcc_derived_config RSSI spike: -43.0
  -> 255 7f5e1fef1480edafe61b65a8cd0e1727e46e8578af2459cf148ea6e23804689d86c213b77212e2a437a2bd5d3fdb048a083869a59d52cc8bc95350d759bacec75f52c441fe7788aa721795c72cf922ad3aa857b607ee1c5a59a7e39a3fc4f0d9fa9245ae7cedfaad01178ef0cc13952cb9ca192841c14d30001a47c8f9fd812f1ccd7e832a1abc878cb371d4c9046cbedef71e8957c2499c603718663e5f2544612ad92bc6510dc94334bb55fa5c96c260a8447c25dfe76dcb2681ad8e4401044efd2b8eee24d1917b43829c83f0a40046a2c1a5c567e9d741f8ef8ef5b040a276c1f50031fc90b24211fcb4f30ee3a930762c522d09c34552ec83db68d51d
1787460155.1696541 fcc_derived_config RSSI spike: -42.5
  -> 255 59c384e22cc19ca00c601aee8ec2ef9d24b2332af57812a8147c30068e94a0ff9ce490266d5214a57910d4f833198e6b39bfb28e67cd0a64584b4bd8d49260cfefebe95971393deb2beed9f39578ab9fc06a5e8072ec4d2616de6fa0aa79c4ebf15f33ea7ed07d88cff0cf0092f3198157127beb005bcce49564898c5ad3b2f693d43ae0a5e0342efb2a22c38d03a64a9ece637650763c93cf4de43a65cdac19b529635c8014d5e50056845bef72aed1f3c4279843bafa081810a4dfafe30eedb59d25e4e1bdcf82ea770607d46290ba232cb50ea7404a9354c42f7c02635d0ac95be97c125cabd7bcfb6aadb7a432ca726d7541cf092b2e6ea42fdc7e9f62
1787460155.16993 fcc_derived_config RSSI spike: -43.0
  -> 255 718c080cc2967e3c21236a0961004f7c3fa9b83041dd7a289977aaf2be2c91a4e773c869c766bc06337e11fa4be0ac9a4acb497b48e6019861414dde9643a3a0d4ecc8dd9a6457301ba7a9e7a0c06ea16667dccf624ed4dd3434ca64924eb441505801e83d5dbde7282c42d2f952c8af2b319c5a94c70bdceba00f538f303f96474ed7063de06d973dcc65942c78fa1aae3a3ed04b311b1702ab69f71e405cc9f20f6715b888e7899acfdf2236b5cb90290182c8d6ec255a28bbb68f7a3e3e666deab8d77a1ce53f27cfd4d2974379be25b1c65920d467b28440f1d31fd283373bfedd15e15b6267d088be713c6dd7805075eb72a12637c03f45f95e0851b1
1787460155.1701949 fcc_derived_config RSSI spike: -43.0
  -> 255 07896316606dd8f2d0493a10ef2879315d79ba0c2dffa62bd4e5d1b8bbd2fdfab0e2cccf44ee9c92c17d61c434575d1ac6a89b67c5236baa09ac330a467b9ce7effde0963728905df25082bc7232d60f322a6dd0cea4a7a0c354f34948a27e371908172ecb8f91ff35be787022f28b4ef9e6260734229b67684199757c704a0606c1a0f5679dfaf0e0a8e3ddaf643ad485ef8b996976f1bb1fcfb2940e60fe20dc1cfac2e849c46fc72763d120604340a4848a897f50da060f966dfaedabb948a94293bee3612ae72cf60c6e747d29e0a2b8f5f5015e152b9e728da57e1fe1d1c8feb32d5a32897f54208bf9f53e31214d6284de315002a3d09b72f5382206
1787460155.170419 fcc_derived_config RSSI spike: -69.5
  -> 255 12786a0d574bc59656089b42ed36ad1e8fa72b82d529173d03c806cd92a7ca572f879a96909f679f456c762416db1b2fa348dd77c291856d0cca90462e4091c27219e1d3e5b0fd570d404c116179055d2a0fc110bc077cbda5e3914b7c92345143faceaa672e4dbf703d6a555d2ffd97e8deefe965d5dcb60ec657278bab87eff71aa20387f8caecc62ed23c282e5f38c03b29c6336f3e4771fec2662d69755fddd098388d873166ca4509a25b768eaadbbfaf3c94e6af56886a495e1cb91aaa1b97118109937876300a23af59542499c07cdcf2367dcbc42e7ab51241110dd2bb819b7ed069f9b5e8649db7e80d4fbd7ce52b39dfc477b98646108047d533
1787460155.178051 fcc_derived_config RSSI spike: -51.5
  -> 255 a580e958dac5b409a004e3ba576e1e3c13f5c131fb5ed6a8ec627a5cfc6b8d1fac85c783b8d6a9dbdeaf6295804bc224814549620ebf36aa5e795722417b93c255d049fbb3ff2b4b3fd2d1eb78549afde88325e5139f274b53a7c584013cee89c019526f2de63bb0dfc0728b432485ef16fa7dd774609c1d8b6b65f7b9c3e0a112c82ce9e64d4941af8d2365ed6a77aab89ac6e496a3da094e966ccbbee3df5fcd5b9888be378127f285b7edfb5384819923f8e6d883996f83157c0955e42f0c64895caaa577e4983f03a732dfd46fd1712dcb38c805d217649591a260a2d298851dd93301f3104cee56feaf2e80f1f37ebdec2f23bba0c29e988a6e5d4a05
1787460155.178313 fcc_derived_config RSSI spike: -51.0
  -> 255 7bb7d2e6129e8412ed60745f21600f55278cf5e54412d2e9d3be2e373c4005b45e64661ea47d651ff454cf83a5d958e3c3232485a9c71dc4887fb1510c74e0eab46436e22f7e178378116d41016b10a78ade57996805ac6df71b170950adc9d834f0d92e01b3279b6624563c0dfe36470bbc6f77507cdc15c277f6da8e76670f1f9eabf1a5f9070342b3d8461a9d9180ac7493d321378afe615a0913cb44511276c7a710ef63bc41ba73645818e31885ed9df3b70185714cf527871db9a328772f99b02ac072c2908caa1a24d9812fd1321f392da40451b48ca03ffe4511665fa776f634d242441739bc413080536d26df69ce3819ead4c446565bed9cd6ff
1787460155.178574 fcc_derived_config RSSI spike: -51.0
  -> 255 10f31ac0685e1a6d660e8db1ee4bdb53954513f1808e5f93e2230a581f91379adff99e12175663a13ab8486b0a21ebe5299dbfc781f2ebc12aac21a66c5314a36724174189f0b63df0ab247621a7cdf9b9c3b9ebda8eeebc90e7ec00002c77cbb96a6f3136713da9aa8c1c48ef826d5bf7f10f3eae14411e4255df56edd9d42d3e6f1f95322ed18b7fab6fc1d79eee26046bc453f50d1c273e206dbd7cecdd1f6e2ea8d58b25bee489f61ce45bd6a7d015a4f23ae391e3400f2cf89d2ae4c189299562d9a2a724c53e56f6b5abf4c52a7436005f86035a593f31f1070c66b340d1d4b49b3c7680e2e72dc6c7b06b43c9214a028a7ea600f411540e6d3bcec5
1787460155.178896 fcc_derived_config RSSI spike: -49.5
  -> 255 de136b7f066990498f4dbb82e42c93cdf2374f1b4542aff507a594c8fdd6e0f08126f91713a4b7d3f8fba8ed9893e2967b0bdfff4ac75df17cebd1eba88a9fdaf63c462ffea84e57b27e1ff8dc5c9fdaca837548262241d8f88dabda7f9a3af9003d74a43e5d3219b2e3b81cfaa2e676c597d0a7edd818e5e968ca2c3c353450fd221cf3dd7a77190afb1fa7b8f36047af77353962e1d071bfe9a53ee34891253bd9b87647de819b708041699614cf559f40c002f0e26aef505456e29d8273d351fa7c84c9cc8728ee71a2366b14c0e8b6c11d2eebba462c1caf87e351c5c800ccff937a8fef5211aa623dc48895db4086b8e97297c3b0956c4b7d06b3e675
1787460155.1791859 fcc_derived_config RSSI spike: -56.0
  -> 255 65abed2d3be6a3b2df7f401a43cdc7825e75b9955761b0db5053f3d279620ae3c77a43657f15c8c6cd51862c2cd3b392f7dc39c07849061e92a0acb0885bef3c15ad5ab8be85272c22c8162437f7955790912982ca8391318b68f2a7d93371d8e264194e8e50733a80ae54108d5e0f6004c803057e78df5505c77f8f80875d8412b10efb13343ece3b66f9ba696361f16b8adc00f38e729ac56187593ea33ceb810a805cff08e20cc54315153207fe618e19a8cfa0de2c2d85f057e287feebbb4c58687d1aa57e4153eef0c37587fdf92ba1b7a1e669430cd1e4404e8df0bf5b0e4583dc071ec6ffefa52c1d9da508db98f816e45d730c567b3e647e43cc92
1787460155.179405 fcc_derived_config RSSI spike: -51.5
  -> 255 2cc9c4dcb9003e79434aafc62be997261d54e918d37e9bae6f16e8ceb91dfd71ba9a54cab0e7d6316e3086393291c487899630ef4d4eb35e4542f2febadc4b3cab1021a61c3de1757a73a62735686366dabda1543798adfc5b16dd3ff871fc53489cf3420e1a3224527c6d005f79a06fecb408154aa4eced0c4187a085b77e553a5f86b6b4a8f3ecd7f9b62be2a984bce9a5facd04b6847ab7fee3a65fdec3424dbf2a49f0991de383ac09f7a391bff375540a15829f299db11db868e38919c3edbef79e843bdf30c9e0283b9e76a02e808fdde42b75d4549b3181c44983fe5d84b5a08b52d5c08ca2c623328c3f51d04cfb9a40da830c7a4c50cae5ed2db0
1787460155.1796339 fcc_derived_config RSSI spike: -62.5
  -> 255 77340fd9f5e37724c90f94a9944a170fde5157a1da3357471fe131cc8e479032284c521094677a5f5e11fad396f564a343135dfc10c5f5e08db0990c522333ea004965f2c4bb700d981492d8ab92c6cec19595d83e6efcb3141f6c1e15186e0a67f263b51c55009e922c971615f0dfa8303d88e3832acb722a0f22d8ac270f38a0a2ba82d15b1ff0ed4b91bd441fbd3e589d0b843ecb6e328617b7958f2fe6d3ed25d8ebdfb57772d542550e5d0482dbaac3ec217c8423d5be3d19425e19f804ff043f4543fb664fb0d0e22961029518bf32f43404ba888d43ad86809dc63f476da30e49ab1d8dbf0c3924ebce630386b618c393ead6f2b99f8d4932bd0a08
1787460155.179861 fcc_derived_config RSSI spike: -48.5
  -> 255 332db1298673322f15fb996212224d3c4cc963c0f1cffcef2c73f5933f8df0ff226f7ecaba517472ecfb015d126d7107cf8c960975f00fa67971597222af38c145d11cb980b43a8fc5bf12c8f25364b03105447278e446968e785a58a7fd78169f032ade8e90647cb9752011c631f4a578ee78758893dcdae294e98cf619237047ebf1300d3b47b30989fb7a0f6f50b24a82e077f1c44218f35a5cb9a2fd8d4f13f84a5c45ab73072a772309d75c0a2f5c1e7033691bb2488c9c05d933947ca0db3977335283c47eba1be1f949a060057eb1e23db4c50628664a6ab91db74563f22263853da67f451fff8c26beec3db18f24910c3c9ce9b5a3e86927275ffe
1787460155.180181 fcc_derived_config RSSI spike: -44.0
  -> 255 03d39f07df18711012fe161839640b03e00b0d91d179ac321e41715b1141ef0fcc481842ec4d1f1af931c76973a039fc7cea8ae4a6477c1f60c13d7e2ed7726033774086d5dba9591481ebe2974acfb7643e880bca9110f8120ce916e546b1caf08f5e4b46b0f519ccdc1e2ed7342e046084f0d7085255e1e3c6294e87fc7f4db8af925f62828c538a2f256a6d8474d8febfe7b6688d5259144d701f7465ea38e8bc470645a3ade8f77c9ca7fa852a5c34074667acb28a9323119b2bbef7ab7151538e738497e2d473160da6d0d01df0635cd585c9ace8bab2120cde315e678d8a57de57112f07120fa73fed326a4baa54162f807ac9fbf3a8d178f833223e
1787460155.180445 fcc_derived_config RSSI spike: -42.5
  -> 255 d55f421a834128120fb8b028efc7b37a0404c0b15eec2ca9b5f5e4f9da8bb18a8bd564092e3e211042524acdd4fbd5fd5d095f23e2e3f7081f543fe68f5f9f6f1484b740e2b73455b8c66c64f6760adc51cd0653da6d9868ee611e58209630cb14b18e4f5f54ff9beaf2cbb3cdf6b779915105f0da5647f00056544fef8a3249c8e24348a264438ddea202e8a3ccd06908c89169794fa1a664a46b787491e8614120eff387b60a8ac0ac0a967fae28c344f0843c948a5f88b838ec974a5726d8c0ff0116b31903bc99367d8acc290b1a645b6ce472f560d4b5a663b7e9e82db296be891644f2056b6381e6da8b61292f0bf0c4ca060ca0f7be2691ffd44a08
1787460155.180672 fcc_derived_config RSSI spike: -42.5
  -> 255 17f36b8f6dae50113ba82c4ea9e6a9dd3a9075f819423aacab56d2117c80cc6ad2e8c2517bc276801c6301e75afce3907e50b0f8ce04c06f38b68c2a0f037d73bb26d08121219c0c61a9c9b3cd0ba3cd838882626016665e4226587e79e0fb3c741ed56bad008f5a553da9696dd873c1dcf6e682b718bdbfad645ca4d9cc96e75dd39a224c3c4d4f8decd8e9af3c8c7827f709d19e6c0364a04a6c5ffb529b840db6483cc80bfa798669151582f2fd5367b45b748c017a7bb36d8e0a3515116bc1f2fdc1a6a96f406569d00dc57ce7539a36a0de96f8de7054646de73fa11ef0cba47e28609b741e1164720fed42c9f01f66b8cd0cb53616c18f9b9bf806f2
1787460155.180911 fcc_derived_config RSSI spike: -42.5
  -> 255 4bc67559a6e3138b73a2cac0334759768abaf10e787619ef168e7e650ac5b3d1f771e3b23bdeb75d3b1cd15ed574a682fce295061562309228bd6194a15fd4ed4cfe492ec7aaf6fc9d13009ce65664aaec952adeb956be732414551d658441bc2262997fa683b70db26db2418400fafdd3ef7b4c141090550a8f1c052bfaeac6675873d7fa0d525834a95270d8615ce570b6b1e7cef23f9a5c81fabcc321e80b1bd62a8fab5a2287c3585a3c2e41c6942465b045161ccbaf9fbedc4b0baa107cbf515b9e9477877883c9b47a0f63ebd5c0668e847c7756d249eb5c14b34fd1fbddbf566c47ac67b5c9348e55e263650b063302df3e256788de1ae230fb791b
1787460155.181191 fcc_derived_config RSSI spike: -42.5
  -> 255 159d9ee559f67ebf3955effdb991c2d01bf3d0c45c00329aa6e80b965bbb14da6b9c132264f30738a232a277e73d23f8699882700c15beb4b9cf28cf24a6acc9c2e6c47b37eecd821e5223cba4a0f2b49ab36be743aea78cec870d11ce8ff857e8cec702fce87ad13b323f4dd050c3acd3080b8968647227ff3a2df23167f04bd82247d3b2d603acd451b177dcc49c2a8dc65e97a7bdfad8f0a2cd7bf316e84780e8538883d616212de2be2c315a9960c4130b4ca1206c93e36f658e53fe398f0622c9daa7420ace4e13224916c25476c1f068ed767e0692802dd9aad7c17c1cb7f06da528275b2cb20db3c2720cb6b2d7e20e69ec64b0e03e70fac148d98d
1787460155.181495 fcc_derived_config RSSI spike: -43.0
  -> 255 26f62d79000777e8f61029e4443a8ac2c61e33108fb1edd3c35d746ceaaf5f528a4e87f80b0ec4a9196751d9b2ebc48183610930eba66eba8c619e0f4470ecee53650278f967b47ae4359bdef8ac459675a98c2617fcaa7d693bde8b8796d2c65e89b2f9578103186d77da4bb5b1f4acf734e5611c08657fd0eb93c37084c39154b467e6d57f33c745441c9ef73feaa9bf05b662b45e3bcf0e4043d686e1ee0ad46c6d0fd050c2c82634b19ab24d182a50716ffb32604d205f91f92651f97324f5eee2a2b173e5727f47d5c14dcf568d7918f694bb3d07c8bdb7a7f97770d964539ca21324ab17fa1ffcc5d284ff12d52a2787496d02f0fa2dac73fdb61d3a
1787460155.181783 fcc_derived_config RSSI spike: -43.0
  -> 255 7f291e0dd008a06612089ff0083f2caec15e93576916ef33fae408b7cb4b1b01f0e16b02eedb22a096cf21b7d8433abd645ee6b4faa5cb7f78b4b51c13ecd7fb6c439c34bed815b58b8af07f6b431f20826b0d5e8b1455bade4bded406559abd705417b03455c5289709685d35a10b38a5e93d5e9a1766b0a19ae7321d412ad89bda36859dbc757f177b302d794de1a2780e993e911e71e4b859b8ffee37a355d13d760419a25292cbca008bc0fe999e43989af5080a96b0ce675068596c3b2f662de27dd577fa5c37e888f762bc879c5815fb126e94d28afdb87604f4cd5c8cfe4c4995c002dbd00132862185212ea7dd6d40df0ec033f49e5efc1d6dd253
1787460155.1820722 fcc_derived_config RSSI spike: -42.5
  -> 255 568aaa848257d5bac46de0f908ad72ad8cfcb3b0f6cfd84b9e1496c1f43d46880c89953b6efe4fea817184820dfadfcf8afe4e105ff5009577b95769481b60c60f9b8880071a1c734e8d2b1930b713f77236efa3ccd7e4f94e00858ad7071608d29b8f067304a768d52163ee43bddc17ad6bf0e4491972ccba5c7a8acab1cd4b4cb5a73aea0a1cd282d60318c7852074049c47d0bdcebfa2fdf7f255d7f3572a4b66c32014944f2c9c43602a2211ace897e422ef5a4dd260cf108d9d0f3e7b8af43d9f7002a82a864ebf50baabecc0f24b370b3646e4ac229baf23a6e9048d1e334712ca09afffae474c7f4fa820eb1e3774a648bb67e900010ddc3447b035
1787460155.182323 fcc_derived_config RSSI spike: -42.5
  -> 255 42fd64927eb938eb442303e27720eda8471025648ed1db11d1e27352ea2826e0ea2964f8ca5ddb0ca3776fb97b6ac4600349e46b8a0b075c263c60c256232317b4e9ce11a09fcd7af0fc4594bae8d3f3dfc5755d89be8318870a1202e25af3c4d46fe1e81efe4032745eb9fef4b5777f58d47c56e6f840763ee513cd02ea9b1dd741d1d8ba82795f66e24d7b0de192add268cb8bf7dc3b83267413aa8d28a69408b2b85e5c2cda01163f6f5dce3cda9e91451fee757bd2e6f67ed0239b70f04db7a44354a57ebe5454e2b3e94eb86615dc74f5103c3c5003a9cd0d2aede654bd3ebed071c1ff793dae2924fef17bf570f32de4222869aa494c6ae697aa23b0
1787460155.1825678 fcc_derived_config RSSI spike: -42.5
  -> 255 33bc5490ba87dfbed006934851ca712f1e8901c593bf8fb86641fb83491e179ece7585c1e2456198b42e3afb90a4d94cd2ef624a273c95e6b4ae8380b3325f4f455c69b7629c16c714d4cff5a7144b1110f200f17a3a3b9a544626018ef3f21e4742bf3c5b9081f6fbe0a0949aa57a921ad8f4e1158c2e6c0005fc75d3d702896eb1a46dec384d59c8119576d5b33b8a36cd32aabfb32e783a09635d8e4805ecb7262dd235b664bdc5e8eb552e6a758cc1c40504e5add65a7fc80ab0bdfcbd8e994d78a97461fd313f6b6273f1e8a6812f2a8a5c57d43c4c91a6672db2f040ba6d5f0fcbf5496cd8e67f693daafb3fa6bc67166dfb1440db52f4c62b36bd56
1787460155.1827798 fcc_derived_config RSSI spike: -42.5
  -> 255 e3b27c90e4f2687300433b2c8fde1b2ab074cb24f96d0e7ff61122c85c8e1354b3b9bf9453045b4b317651336cb1fda189d39d4500d1545f41b128d54062a00dff9bbd50324dd9c36b86271886c0f0ae1ed7f42947fa49961f2d69a73ed177751cdf18f262636100e738ec016e896ae515eabd9b1f1871c7fb874d3c6488d13001d5024c4bf899456ed615078582e7c9040264bcd7a3c13d1559ba35c99d9ee96d3e017b13ab78e9435e63f7c980394090c120c5d7b0db20b697bb8ab8ff1e41ca8b2a4473bf7d48fb0741b23847e1fe8f4d690783765c443edea46feee4f47217ecd89c3351d69986841727d0dae923f4ea20024d07cfd3d68a5048030aea
1787460155.183049 fcc_derived_config RSSI spike: -43.0
  -> 255 602abbf91f28bb4e8628a14a8e490ac88f47d13fb3f83d06c72c1cfd09c1c46bcc64d03da4ce216f7f351a97b3d8477a0f28a21bb423b1ac8b6778531af716b188c58ff596ecba66ac46c4a6903fa0321864c3746dcddb59e26eda76ddae767b4a460c0e01cf45832b806342c8a8dc2f531389a37e0f9c081515d52f8130a41603d397c42b7d3ffbb1ee658fb41dca3e8960c0dd20f4d3883a5257dee158640316bb8a4c52a284619cb347cfcf4c00d68cd721f40317ceb9e7b3607adbe42658e09b6e3b67a435b594811e84b013c7dd9cdbad134512391e0661754adf8f9c98b59abef00eef328c818294bed92b95c184fc984928400b4c588ede70dea377
1787460155.183326 fcc_derived_config RSSI spike: -42.5
  -> 255 79d014943cd27d935097b77c052855cf07c84dadb6c5204d4a06e1e2b95d826f95e1de9b77d2075ff43604dede022da3aea29ac58a41c983c52691277e4b8edba4ca776bac0480eedc964ba553de537661cf54009ec639af0e7f6ea3a8ec76bc607f8e8237154d388c0eb022a34547002319c2501ffe13b50ae17f14a25c2b89ff89eeba4ed58b6fcbca2ae11565b2d5b6e47fb1267f647f37dfb9ed989400cea7203a76a43d8c3f535be4b902e39eff615fa42abd30d7dff862bfba95aa5220cb3bb90ccb588e2d5d44f9f89801261abc57cc96ff0f4bb377f1b65decd5f66f2195e066448e844d8710e90bd7b9ea2d27c678c45cb45f89d885436a511000
1787460155.183569 fcc_derived_config RSSI spike: -43.0
  -> 255 e8af201ced1341c8ab32eec5a83ed71f09af5c9eae863df0fc5c9ec199444dc85edf5c1569d762a8bf8d54aaaaab4e474e445800492c00e0345bf51a067b8c0074003df4aef34bbb4f7368719bf96ae8551843e204fd820b9475303ddf85ef43de74c9fd65e987dffed1f045c9c8c4ebce251f91418c358c27f0b041607df1ab03dd0ec924c8a95adc7cd86466672b87ccf85621028dbe9892b31c1348f8a68ddcc88e8e2f0f6a08fe7be74f5ad334f47bcc86957170d572eda234a12f83919d40a56cc1c423ae336efa5a7e2d09f4cb7dedb21a063dfef850a94e27378429e929610859f28fc07d6f80e22c3fe3ebd63712fbcc98d46d86d0743d30f02a7e
1787460155.183792 fcc_derived_config RSSI spike: -43.0
  -> 255 b3a691b1759290d7ad51df39cdeb1f96e522ce5af576a75e013a4309bf06a27153e2dd765e1e1eaaaaaaad391d3913c00124b00380d16fd46819ee3001d000f7da3ad8b49f1be40c4a75d09b6dfa72e9556a96b965bbe351a8f8ac911ed44bc9cc667e2813366989d76d6c506663ac02c931846a31b9982b99dfefa2539987acc22ee62b5b7114be0ad04cd6bf7382f63effeaaaaaad391d3911646819ee3001d000f00124b00380d16fd600badf2853d38956822313e9a606ddcf09de9f289a39ebd3ad021ad18b65e1759730ac6e63336f467d944cd06a28668ac54581bec289f6ab80ad31363f37b3e8ca406a35ae19f57c7f587f7ae5d3cf2b985e1bb2
1787460155.184043 fcc_derived_config RSSI spike: -42.5
  -> 255 de3b1a847430aa2b920796b6ce8f31d295e6c086e05218a831baaa6afa105f822ba82d1c85e6c0f5dc120184d5e4aacbd6901d51c640f7e2c71c7f6f51eb18da009aec415928fdae7a4d4a4e1d5f3f55b2da189e058c3a938a026546f841b42e1921a7a3b2990ca4b2bcc2c00c98b8e69a2063cf9fde5b33c3a77af9e23208edeff355f72fe91ed454cb54f554b1438a75a55e9b0532df261edb411fc62f37c88ddbafde7dad2d0bae224a573731a551e014eae9c8a4706805691be998a382f208dba9914be42a9fb89080c43b25ab5b908f73616d3059758595184f13916205743af3770e0537f9885e2344583857078bb97ab55ab058b928f109f3afc6c7
1787460155.184319 fcc_derived_config RSSI spike: -43.0
  -> 255 5fdf23710f99d46f2d41e695503a547967ffb7d21b4e4bd0a81e5bdd878c482835d956fce814e98f5a4c498d27f85156e069e17236e3f4a871f871cab386e13c8e5ef8906a66d56c94e203f3105e37f75e1a52f5abe2fa76b400059e26cc308fc454515e5ac97c274eda6e7eac01e236f73d5e151592474b6eba9b469ec441b9d2f497e6f5ace31498d979ba4f599ebc384aae14f4355676c252e32c4c03ea9073d15ac581c94c4cac2bf659cbf3780604546729a6e6871e5a3891cba7ecf58115ebf024af3f4d69b25f39836299db012296f9e6330936c814b2014a6a74376480027efd79dd78300fe66e3ef6e6e7580f953f83f5f8a89b2a47f37605c766
1787460155.184587 fcc_derived_config RSSI spike: -42.5
  -> 255 853da3dfb797ceeb61d221f7ef5f03d00f392e2d1f62357458db9c7356347d707d86c9bafb68f516544ce514be8fc50a5dc580ad4146562594e97d99114d99e4d6c291caeb6f6a898414eb518fdc86893c4ed2fc3052290bfd7cef7bd21f1cee8c039375a3a65306c8f3bb4515b0ccb58617ac8fe089192716ca82b7bfa31a6a3f9aa92c5d31a0526a6308e03f2ea42a410c3700994b9ff685509a74469323388288192d6a7adbcebb1dc9ecb81c8485ceaecdbf7cc6db5a592298bc627981fe560940c6a5a0b33aa75fe652b12a21965076cdbfdf0134513f68d78348751e5292494d6fca390abaaeb18bb1826c6aafce4f545a5404bb2d752c741c962292
1787460155.184868 fcc_derived_config RSSI spike: -43.0
  -> 255 5703a4186e06436898cb4fb821b7c6c0720f8319cc92abdc15cf66076e6c6c1fb0b37f04fe1332789b164bc7398d85a6e4dd0c9ffd0cb07ad52f3615d8a49d1309a92566a6ead1440af84c8f51aecc9a225b37da3bf5d396efef040543bab04319fefdd10ec62cfa72eebd7c555527fd8ff80f68aa9e9d824722859e9c4472630a4983b50c193f34955443d486734854f160bf6271e109ac1e9a65bc3b63aa1d19d099ff993f665e3e9c29722e90812c09cc6dd40f81ffc75a05aece3fd1fd0248a399696172fb96717e42ae7f611c04dfdcfaab94bc1ba7715cdb6bd82491160669a197d0b570b26263bf471f313bd8074896984e6cc2ded582179d415403
1787460155.1850939 fcc_derived_config RSSI spike: -66.5
  -> 255 52c5e1d0b64ccc216b14a434cb3c6e2c8b7ebfc374c77593adcb007dcf1d8620135f3fbdf7d9e7e413ac73a38d5dea40619c426a0c231b4d1ed56ea2284a9cd8432d80b76ed039e3b217843605d34d78dc22a8198e371811c7b29b9a0ffca62c3515a3847dea0fd444cd33b5a2d28afd56a4bbcffc2e7bf8b7794d802d0fe8a7cbaf19e444842fd2bdb388d11bb4a783fb4e2fa3faf10c548c54a78b0be090b3fefb228a1a9aa943b5a40fc985ee4bd315375f3197fb7a0c30e313c4d37f8bc9501592d4065c2eddcb1373b5d748dfe629b2b1f3577ec8a11897f602c997687db492d235299e23dd26b8da1b56000940ff2f058ddd5bd1a250b35408aeaf4c
  ...heartbeat: 300000 iters, 70.1s elapsed, 516 hits so far
  ...heartbeat: 320000 iters, 74.8s elapsed, 516 hits so far
  ...heartbeat: 340000 iters, 79.5s elapsed, 516 hits so far
  ...heartbeat: 360000 iters, 84.1s elapsed, 516 hits so far
  ...heartbeat: 380000 iters, 88.8s elapsed, 516 hits so far
  ...heartbeat: 400000 iters, 93.5s elapsed, 516 hits so far
1787460181.806023 fcc_derived_config RSSI spike: -42.5
  -> 255 b1f69f2643027887d32de550ab45235f0e4da8df3414f1396e4e568ceec47aa8068b3b081861a353c21b250c2ba86f44dafb9d4a4d6e5ba94eb9a0c6995676bcaef091cf6a5917f02d0c4826a4472b88f52452650b2731619b2eba0158ef82866748350efc51fbe5e6507925901a31ffaf8b67b977f99d446bd578d19c7586551eea49a6a82016edfa0a92d49670b12c56c35be783e8a4d6b4fd067e6f1495d166b4e56b11a31fe94ddac78a720b7a7b4439274fcefdc3fa00ad53855c6bcc21ac83c06b3bea7c7cbbe351e53374fe671d4f1c4c7bc1ff8dda5b340dd9e32cd8eee1cbf018001bf96eac0e6c0e94d12237ad87f429bcd71db40ef644248353
1787460181.806271 fcc_derived_config RSSI spike: -42.5
  -> 255 88b01ebe603838cc21f4d8f56d76625f7f2a474996104be889b8c3d4ff1438e9b244f8e9dc6c2bfbbc46fc7a074a3913b6ff173872a5a392882b2f187c20fafaf2a55e9f50333cc2db210c03caf495904f0ea9fc0e16826758ede4d0942ae54b0938175b05f3d4d8dbc130c08ccb0c8986901e910067491d733f0b46a8704de659d8e44b5669c83f076eb5b5c7353d8f10042c8d2286c471051fa0f5f02b5fc0cd6879bf9fec1dd854baae75ccd11fb2f152197b4dbf45d601232ba0526b842ccceb5a56eacf8774aa1fd30c86b958b2dcbcefa5fbc5cd96bb6ab27fc59d0be2bb31c872b67ad5e15f85bd94f6a612fed02483c8cf907aec5ded634de1a2e1
1787460181.806514 fcc_derived_config RSSI spike: -43.0
  -> 255 251bcd05971012f2dea353eef3e22c6e6be0174559e8897cd6565ab16f83de905b7147d4c6e6ec76ebcd68f794bf492559a52aadcd9316d5ad61291e94191afae567871ef4668dab45396dd1081b06cf0ae146c74abb191d2992ee3cc738d5aea62c2e55d166ab67975f05ca51045ea0b89bf01aa73d4f25a2c8a46731d89ffe84031c0e4015300910df1ce3f16567297a478e2db2e943360e1cf3ba738769051424398d8bca2a242e8bebf45d9b46460c41c1b864671f7b0c42a0fcd2f5076f596133db41f06cb2b6391193bb2bca913b53fccaa932086f6f2d48542fe61e5345a3fbba045088ce87f2507f1e98c62ba3c021dcb10035de26604f0f770406
1787460181.806763 fcc_derived_config RSSI spike: -43.0
  -> 255 cb405f784882460bdf601556a74a06588af2cbc8b181ea3a9ba622d4f647b6f836394885d1dd6657e207489ffc8f7e8da1f6232a2e4ff682d8c2d74603440810f3fe04b10ebcf88e8e5c57e08831deb1e2d83da11124960e9a0ac89c342e4130755bae55b0c42bfccac46057f6388e08d333b4c5af1780a2eae652ac6b8bfc2518901907c361709acc6f8ffc7981bbe704a623e162e55f3ba5fcd50e3f68b455fe249aaf240bedf9681993f0a9cba2803a7e60e4bb668dbbe90477f1d8e69ca5bcfb73ac173188e5bbc8efe78e02e51ae9241d9539d821b6c0f9625f3c9a19ac3806473bc0e8c347a1921629e9de41bdeacd6ea1caadb66a3d471d227dee1d
1787460181.80703 fcc_derived_config RSSI spike: -43.0
  -> 255 f44377d3ebe39594658aa6ac4ef0e740fa24984b4e503acdff80cec03127658d437375e892f2cc06cc9d61bc7a27d4271ac0e9ec52401706a997e2b1c3218ab5013492953a6f7669216959c64e7563ecef74cf9980d0db40faf76c33239caacee521f29a1853acfe3955c30c8bf6a977a69a9b0dae4d048be660d7dc0512e18d3c68778daa885f24c6968bd421607985fcfe58fe2097bbf7e05d92b67d2339f76f09f668a6a7486e36f9ab3dad435e5cc650b9253584c39e334005fafb0c0754751d42107e4349acb6f483f4998982807a00bbe20ca1f33c5abb66c6c546b505ed786aa5f02deb89bdbaed8fe51bbbef2fb84d260451efe7e4c876a295a9e1
1787460181.8073092 fcc_derived_config RSSI spike: -43.0
  -> 255 413e20cc5a98355451ff2ef8799b54177620111563391ca0d2cec72595577294ca9e3ed29cec95b7ea792671a6adb64595a80e9e86a5b37a5ef6396d035b44bed95e424c9d261c44f079709a2112362dc135f9b5ecf9356e4abf301089ef531a067e3985c0fb05e4dfd9157b918626842db1ec4043cb9b24d25d2fe3fa0940a5a7e67af40e95e798a67622ef8752546eeb0e59358b571cd03c12d17a16fc04ac1464c0ed8d8a32e53f30ee6c9597d8c088a170cc5bdb5ddd9e6bd971e1b9cd920d8530923450b5993fa1ad105dce57fa967ce9848b78438862e1f042b6c7ec2e6dbba5d4826de997461ff1ae9fef0c1e061ae76c3174b9d6df02e24a5a78c0
1787460181.807551 fcc_derived_config RSSI spike: -43.0
  -> 255 6dc6fc0714ccfd4f1bc9652493ee5a423453e9dddc0eac29b86d9b50d83e93b7ee94e25c4fd1a53ce1dfd7130e90ebdea060db05b83955b03f03b5ad590e94a99713267657de7eec50599a3cb7e7032c3d6338469aa4429c7d358da64dc21f13b88cb18f97e88c3cef4b377448e5735585f4e580cf3dfd69d0da0c20e9d25caf0db7d62ee29236f7d43b4b22be69028227fbe825855d1db25b0ef2d8741e30f855afdcf89f3e2e84321243a28f4394e4715af9a4fcd2a6b9c01f8a3eb63017a0a4f4c006e4ca69d197936d8f1d8476e2f1bc7f3973dfbede6c5ff8fc3d60a5811f0941ddea685b95b8d565c408d2fd3589b3126e75f7b4f59ccb147cf2043b
1787460181.8077881 fcc_derived_config RSSI spike: -43.0
  -> 255 4ef42ef58cd5a2cd53d089ce09b8ad358971cfd7141e5c93858d12ba5e7d0817e7eb4835d7e2937d9f2dfb63696ba4599d703d992b2948671e517cae91409c65135a53ec238478547169bf3cc7db14d32c666d4f86d352fe455af5e4b1f561e352014a518cae47301008b061611b7ccd9c3f6924804eeb7e8fc0e7580a9c89739b64aa575ba92ab4e769094f34a3bf22f0204b10aabcdd73b1404d2cab36d6257ee4bb222506125995cfae89ca503c0c34a3618789d43671c09b2cf6ffc8c8a911f73f3ce24a7d903bf892883d99e9a66997605856c2ef0db31b1e71250cc29d208ea18b7867ff29e45e8da0e711b36657dd3b6f082d25f18be41740f486a7
1787460181.8080242 fcc_derived_config RSSI spike: -42.5
  -> 255 14037efd9c237b21631fed7090ff0ed62a9a1c066203887fdfb6ddc56a03cde97878bbba99e6ba3fd06f72cd23da1e9bb42c0a48d30a136de576f250ee6bb625dd712d3083bb21aea0a496a6960f65e6eec96ed9d729aae67bf623a39d74ba3bc43b65196433223912a052f5fc87ea4a8a6eaf19ac883a9799b0aa06d1cd548a2df31b172d3d2c25b691b3fa0b3c3bd6cfb2c50f8fa90515d5e542e75a2da0942a1acd8376ef6b759defb869ef78f265a1bad03ae782b35dbaa949685d70b2edcaf2d1a32c488fc81aaa0a197f98a6774a21d588f3f99fd2f249d75a46747f201c4377c39c0a229b02b61f87cf9c3ca8fa545c3984d1882eb441b0196c7449
1787460181.8082821 fcc_derived_config RSSI spike: -42.5
  -> 255 18386fa9c26ab97abed18a71891b83b1eb681d1d540e4620e3e00928ae2c1f43b7e61983958adead32bd0959ff0a0d2016da36ef799a4477fb6709b0a082224f4b064827320a6ec60447c588a44c4271c59dd30199866b3065f1cdbc2698a2c985b7f4ebde34e820f22bdd437f72696ff12810af7b772e35e71c788409cbf6f364bb6eb370b8275d4782722fb3d8002e24f9d41d171849b3a7cb9fe19a9f11b615efef2a52c6a449710306d650b84ddf7d1cc516d604bd8b61382a466ea2dce64aa346bf925b1fa81b85f3178cc52e884e3a37b1d39eecc099ec2fc66d0733b8edf7a90bd53550ba5f1190e9defd45a66ab488e0e578cfb92f7c4edf41a1f3
1787460181.808531 fcc_derived_config RSSI spike: -42.5
  -> 255 392bf641281a40a1fc0077661aca5fe3a4d48d8fdfed32a5df481651667b64c4a054f7b67dc744a6cc4c220e3cf5ed318ddc6e180d4ebf57a95739cc5a599afe5488635b64a87b33ce94aac4c56e73a4ad9d23530f6e108cb78028d34ba0513d45a597e1dc6ef978b3bd13045271a731ef5dd1688a90afbb508f36c0740b0f95ad9f66bae3e86e7eab460be91515599ca81a51a37d6b30eac0f44fb124ae5947e99d2450d0a111db3286ebf59faf0b541a3a3b70603860eb3baffedb5e6a22493316842c2d55199b747664269cecb60fcc4f9b67be09f2261d277a0d6a01cc6d290fa453722f9f9da21a73d85e8beec87475c0527dec78c8f7ed6b4698d65e
1787460181.808774 fcc_derived_config RSSI spike: -42.5
  -> 255 eb9c1d8fa1d410c015cee3cf022f11d7e1971446d3c454d006adac7e1bc34c0f9bcb4088e2bc1c4b8d1b619a112c33f7b13b1d651199d3fbd3bfd5bc69b9ae78c84760d0510638c153acf2a0ae291100ca76a6bfa35cab7e3771745478d773612ff2ea73b098ed4f2b1b1eb92ccc443eff6d45f6c887b95df7e848faecac88ce8b8adc9e2fe53d2f1da2b6eab6022188f40f43c738804aae65bb80db2b1a5a32a089ccc003d3d884786836545817ef945330f3d8cfde4000eaabd27e42393d20d7af4edc70d954ff8ae6eddafe3a6c286ebf1e0d60dac3870931029fb0dbca71d5a74b08e48ac0be91685ac4ba58e0cb9168fc9e702f8b03cdd00016c25b6e
1787460181.809012 fcc_derived_config RSSI spike: -43.0
  -> 255 31242c193ff7bc820f7502d2c1a67f38b4d8a1f4d49bade75a6f16fd6ec1386489d9d17ca187716484980137a5418025a1d0f49fedaa6473f520f1d3d259eaa5a8018a1b50fa4f491b8f99dff417e2f0a9f3e07d1de7206a3c01ebc704cebe7414a4b5922ccb9a26ad5403a22611aa63317274dddfccf3dbe2afb8ecaa9ccde69866871281a5e575a797bf7c37c75befde4171737ba4a58095de8524e5569384ff8fd5d92e0bed1cd0723b325afb05c2db6341c286c9fb025319d8cd7aa1cc7390384a74387f455e796387a0287b81644e7e28ee2ef70178f29183685fd2ec3e8046f6fba6904e84047bed7bd2f1953a2521b292aaa465a444e26367f7daad
1787460181.8092391 fcc_derived_config RSSI spike: -42.5
  -> 255 0b3c4f35353b08671f7fb34e772c6d1acc49166a9910e39ff0fc89ea3bbb343284a24c162d8b23ff26b1eec933f3f6695a45d570f981d1e02dd3d3f0ce716c7f73d6838cdd428d45ce519721a310910f71f4c3875e46c314a53a3cdfcce12a2e84f954f8593448db788ecb440bc3be6ba5f57a61c1cf596d7ebc7c66b733e0ac5e0b4c3bb56f065bdba3bfc855e0ea639b9c8ade3cda543b664b0007c3aa9a479af9ce56c0b2c6802fa318b20a0c30be7f8fc1ef4bccaf7fd55dbfa668b573e02176f7877b0e51b87ba6615f5514e28411e26e63716c117b0b37b7f2e7657eeee9671a2969ceb43b4a5af3a137879d8fc04f7d0d426a25cd76f62831372812
1787460181.809487 fcc_derived_config RSSI spike: -42.5
  -> 255 fd4b88c5f4f05148c0f81afb89e3bffed6d0bd74da5fd4f3101db5539c52818f5fcea6e23687faf5020208cbcce6fa36b304fb7fb1c2e27395d649fac85be56e2270a1b7eb1606c5316f177dc26812b30d8e4f2cefa891ee5083f063ce47ff0265a19a40ea62de4fb1ed68b140484c971a39fdf3dd9d9e25aaf3437da5b17ea9637f082c3fbd85c8b8a70605960e580ef1190972c0ddacfd421f933e1de2b0a014b8f98462ba4222b43601924c6ceabc90c496b630923bfcd325c4fd8efed53f3ea04fbacc687f2afa99e65f22ff2977f82d554fc0c7aaf24e5e889c9105580e9d49074a2e31dd4ac325012d2fd1f467397fd412869fd2fd0fbcc1e8386626
1787460181.8097658 fcc_derived_config RSSI spike: -43.0
  -> 255 01c76a58dab0ce50cf223f665be4aeca4f18ae85f90f04e941b0fcea8c5a9e298eca4acaa09d2c8f2a204fdf002b5de4049edf44971505f268aea6a0d2747124d2d8e86f9a369454e6378ee0dd523532fd3d2f9a2093099a6095a43de4301fc5e5f03c45bd1f6af14c8c4b96e047f430073435146408f40d683ef45ecfae5f5e0a64f0b3afed06170e3b9e83b778e97e91a6256d30a151086d4d3e0522dc9d2ab27f65f4862e68945e73ef32e6bc4476a791126f76be8f5f2fd22356dce32c8d8e80d22f0016b348d4204ab31b17e7a9de03e76a753661a8ff14a32ebaa45b9794658a55d3859ac74146c3057a8436d023956465c4293bd853929f3005ea92
1787460181.810018 fcc_derived_config RSSI spike: -42.5
  -> 255 19823a5c970c43c7d3482857987784265fd17b8031d331b2cae0cb2a30af4838dbc5b30ffd836ed747c79000f2fe31e4b874cc9d64ba6fbfa5e4ed42893dca109fbfca40d0c89dc5c4ab5c6fc508182a15827a1bec6e46368535180fef90cc25ca1efb704c7f60bca33390c7ca6761df0200302ca2ebc70e17e4910faa8eb15bd3bbb6be483441134bfebd6dde59338b9bc3da5cad3ef8051c350db6eaea988bb6b23b9ce0acb382a2e38a4a9271e701951f1ea5882049e789c240b535e5407b8cc77052cae88f20dd0c4931aadee3cbe645a7244fe54ff407c27026f364ec18aced68da68faf3ad1797c242563e77fd58c00e9ad978292267e3b684b2ae44
1787460181.810247 fcc_derived_config RSSI spike: -42.5
  -> 255 b2610180e38d860800941de26f76d231c75ac99a3f49df03036b3aed85f5e135b468f59b6d40ea3167451488d1c847f49ce58f652073889452d234b820d7320b6d2c6e1b881ce450191bc81d43e77bbd5a51805066887a203bd85e21443552f1a986da4c3136074420a0bc4139fc6e8645f85e1e5b385e3d4819b7254530a296a7630379014ab3f177a8203656fa1f9d083d225836c5fe19ca75f7897c0b3c35bfa853236e54a51c1f6a93e6f0ee3daca37f7f17225997c92c100a4204009ec0c8db92d1901c913c67505046ba994c45785ebc7ac813dcd2010e2531bee6e682de640286d7359617406066e6b1fe642369eae45eec2b20bb7a42e0efb93837
1787460181.810474 fcc_derived_config RSSI spike: -42.5
  -> 255 4dd651d9c8fd365aeb3d700a093c4ad0403025ca312e40548ea28c2499955d9803f2114f234c1b70d31217c061c7a126aeff704db56f9ec5ed08353d50a8ef30fb8976f73a9ea10c8ae7f967a5832c897b1038890d194157cfc5a0e028718fc98c1d7201bf906117c2ceb1ab275d5f0316c390b786eda971df4373b48ff4876d8826f2996a17fac6199460de8f5b61c3988718179608866749d5fb89d776169249261660da6c570048bce5eb1e79dd7f3ee96b0e10546fef4ab0a55335019f7366c86563ed664233746c7f319312a811783e4d0f8658cb286c0e961332e608b9fe05c0f34b3d9ebe68adea74883a9aa83a975fef84d39fa49ba9f60dbbfa75
1787460181.810755 fcc_derived_config RSSI spike: -42.5
  -> 255 1503dc2fa0121ec6b14f05671ebc481944c82178b63c41568b33c41aef340fc044678676de1d3fd75b79c6da99ac048757bb2e6f6062acf2527233f3d154d2dc87e50bc4b2608d43b77edc76c931de15fe69297251189d85117db8590f123c96a995e4c005f90b61f5f2e9f980b4fcf87c2ac3749b1293ce630c1a06032a9782bfc67010be7f7819d1160fc70df3fbe5bdedf812008cfaacc5c9671e4669dd391e08c8d04a34e3643e943006bc873627dc07e8e848b125fec994abab89a77f93acec906f0976e365b7bf3ab477983e922582391fee176a834e85238199dfa8a8dd8d90654c253b172f570220d4567f9bb2134691a68de7cafe8eed83175799
1787460181.811027 fcc_derived_config RSSI spike: -42.5
  -> 255 0f8d70df45c79c7eb43b083983fcb96ad1e2a3d6c3565d45250daa26c1eefc60ef79765ea1c49c3048a04f79462f34393c96c4c017c11aee450beda56b8684254216d41bc8420e6d2184d5f46dcd24e04330399708c83da4b348dec7fc020da3f76a298c68cf68a09b055106aaf26ed9d3364bd834142c49295a2e4f977f8ea2c6151314ce311ad54336930f7b4071ce0281d57bfb698ebf164a8f53d6bb4f36a3d57f05b85f712375c5eb4ea7e81cd1178672a4f8a8c94836bdaf002239c7da2ac4d2773ae61e39b6774fc4fecfd17b4877da71cc136122789fea6d3d1ab820258aa7f9de48db6e49bdd806e3f33600b8e8c6288c883da856694363570b1e
1787460181.811275 fcc_derived_config RSSI spike: -42.5
  -> 255 5f7be5db83bf978b5c5b6762d225bc1209c0045ea3f204939ef1e63f710b8f90e89898800a0e881497f420c5de3cb3f395016ecf44c851448c8ffe23fb6fbca6e3e5c1558f034621236b36c76325f60e12d0876fc4a9c18fa286deed055940cc27c73c2f46f5e7947b73dab42d975a3579a7f229f585accf3cd31ec687806c3263aa880c4738c251bdb047e2669528f29bbc0453467fa87f96919423b1fabad73e83b7ab349ba3d1d73e81b24ac9404d109f4f0ad5b7032aed2c956e60d92a68f410e97619678c997aa6827875367cb33769afc8e53b5fa1eb7161268391b6baad4b7f458293d3ffd29c01ef8768cecf35fcb69e3c3e2aed0ffbd4f59e2223
1787460181.811533 fcc_derived_config RSSI spike: -42.5
  -> 255 0f6a890c8a57a59d8c28bb24060bb57ec7a161cd12b9a4b0b731e3d4b331b3e39a8f1e5a827ee14a004994ecdafaad0e059f7ad6556d795ba6024aaedaea9731e35048bbcc2d83ce88eaf39cd8eabff23fe641cc17230d73a10b3da986dd9054851c98b5294dfa4f4f6ba0878fe5a5a3b27ab4da96b25c292c6542490aa4a8d946f691ac19056ff12c7a315afa2b6a7c46756886945c20136697442bdcd23d179ced3ad56d9301b9da098bdb3529a04bb430c61acd09f7e1c1d239d738e5da81911445c2b80e353476cc51b2bdac41260d8b099959b774e724cd6f8b03b3556c50dc4012c9d03fb4b3bd6b0822f5ee04f4aa3526d609747e0a4124cc5c9165
1787460181.8117812 fcc_derived_config RSSI spike: -43.0
  -> 255 94131b71bb90d185ad287cfe0eeb5b068bdde6e55fd91372815970562c16fb5f7edb274b013414428168886530a6c5dbde9e006cd12fa34fedfb354bfc3723f930d5fc99a7a8d5b0e5fa2eb941891bb528c5da9b7ba1fac596731ae9eac12268a5f61ef483c671f7d913a72391ce4d18450cb4d173676df93f91e5e981ea4381d1940f0c9ec2693caf7680847b011e48c71bb0f1571f08b19d74d0af8968378e2657b61fdadd7205afb292bfa41c1332935cb3f0582db94b356a336e4db42330fb04166aedceb3f636eeaaebd66150208b726838f5c68fc7954916e5ad79beed6743ca518deab43190ce4abfe2d087a7d481806aa7d9f4ae3dbd49cb33486e
1787460181.812043 fcc_derived_config RSSI spike: -42.5
  -> 255 c2482d06f9d855159c7048288f3ceca07a00a39a739caacc23e2371193216f4e945d5ceb7a6ca97fa7e7a6686d37629d91a0cf0625e2ce82051d49e2d606f41ecc0cf7d41625570b6a0eab9a994294f311ea4d301e35ff43f8df67a4addd3ea7c8024fcacdb537f8fc6ac850959c2d7a5c7f58c05d40b5592343e75da30872ea5fbd29b8a5dd660637cc5c3bab6a360e1847aa0fc437bd6b5ff0cdddde3bfb03f943e504933e0d8c070959ae431146447427e826e307db7c418479a1837a64e27add15b3810794dc0a102d9b6a35f180f81daec5fdcb0a56f26031c7227cf081680ab02afc2a2e2674ff9d807fffafddcbd34ec98181a94f33d1d01098b051
1787460181.812323 fcc_derived_config RSSI spike: -43.0
  -> 255 272c618ac248659c6c2653c88000c9462d5f4f1e680e84741a4780cbe167c98fb67af0abe2b2bd540a9b176bc66457763c4286bf3d69a30da907cb7c512c53d2d61687b9f6e0fc9eb399afb7f8c62ca76f52b21e98058cb94f9616ccc299911b27cba685255f21b17a792095f6d677d7b1a910c57f0efea7804ef325ccf5ac0a6e3b32363dd88068b5497608141417862c2aae2c46af5ca4a91329d0c1dd6b34f3971fa45d7b1d46139f56de6ec58d0fd00f596c6fea03eac3287e8c26d00a12ef01af924f0c101317b29fc8349c6f284a5f22cb25026af24ee693ece83e7ee0b571a2d6c2821d8df4b8770d1dbc623b2c1df67da32f92cd644e40ce1584bf
1787460181.812531 fcc_derived_config RSSI spike: -42.5
  -> 255 5628f76760e10533040c49531df469dbf18c4db0b57e17d81d4f6d6ffe450c998dee23af7525da57f6446d5e1d8f9bf92542aefe6ce886d0e9cece1d9c54ef17052d03260fb69e0279c882af090ca25bf4b1a9a0312c519a18e52c25541120d028ea09cf410b95f8c4f46d92c9f25e880d816dcc210baf0d7fe70c301ef031ca1903c95a2274fe08656ee33db79e852708cccf71a58fc15329407521155fb8e9075b824c165592d4c11fdc09a871e812b05e300d2965809026abcd9cd6f31f7271ffbce140528688328f55a87fc7e1ec7fa21c1c662066c5c5a616592801be958b7b30f391c9490552e68251cd0f244f3066b8f89d91f78b4caa332a4e7277
1787460181.812763 fcc_derived_config RSSI spike: -42.5
  -> 255 f9f2a54107725f637bf0b6bc22fa140f443b0d148e1abcf6713ad2917ebb2cffb8ff6e8fd2ade599ca7ea5547448f8820ec6765088bdc925a0ef65d5669c17fbfaa1f90ad906a6e3c753f6a6793a9ed1d3f95836e39c2264d2860798ad3c47ec399c3e5cb2f99160034a76ab2f50e5a6a4e4c26b859a477af19225788bab0e2e970985ffbd9fbdcf87ee7be730ac47b14eaefb8dfe7ab6073505df14eab6280ebaf918e4d22045bf7d412cfe44df9495796b886662a0ca8158f90f13c8183442c8649d81f9ef00cc5e3d0aa798bcf58b18c8b8dbc29b950f9f8d512f763c0c7279663e32b1dbced2f3d069cb171db1f37ad32ca1de55e9cab26aa2c3b5d206
1787460181.813031 fcc_derived_config RSSI spike: -43.0
  -> 255 7f3427dda64511f72ed04e0337ef8eb68e80b86d8edb98c81e7c6c3e6518c3a7083bca96d20dc95bb8163b74825300a92360073199bf40ddcfd4dcd8d4c32f02a1724c0a009a4db51f85aa4c53d0b2c656234a4a9f95a6abf7975f2125ee0f29938a0ef5bc1e77172b8cf20eb47217fce541e848f3498fa8b218bfa9f2d35c891eabfc8bb25832841430f06730b8e283bff1aefdff526666b34c634cd7bb81267acc37e28f7cfe28c4c8d8c702fd3b56792cbad27db5fe677930c327b82946ba9d026b9b153ece55b4399136c2f7275305e7e9cd3e6f9023b785c66c1f5d575f417c49d106160f17be55dd341954096554b2a99cfe181e9839102d12dd8f36
1787460181.8133 fcc_derived_config RSSI spike: -43.0
  -> 255 839a4eb89965abb7228bdfdcf77ff3e06ff11e6e2712093db271162aa3305142a1f745c4438a157ccc30806ebca040a0db41bc086cbc6969ad1c97d187be474fed2fe5bb88434e78f64eceb809fcc504ae5d73c7f30fcec082514f955f8386d8900d184db6916b782d10e245453b8cb7aa57e0bad3f330d1596afa80c106a37f363da5d2f075da62d64dd92f0d41ef940ec1cfccfff798312685c4b8958801c6f213733678ebdba50c548845f236e5b2d9ef0c91604df0d6c9dd6011987ad0ac9385f98aae94c24117c7054065f64c7a7e477c89b6090635ddb2014602ecf1b2cf02195d70abc4dd488ade0eb94fa756a51d382e387dfcc5cc2d0f443a59ee
1787460181.813528 fcc_derived_config RSSI spike: -43.0
  -> 255 1a5a9f81b33bc2013c273e60ccb964e5b283c0d7ed8fd12a20d2e5e710e3b78a10de9445b55fca93f96ebf7feff825c1f2702acbe46fe63fe77cfa393d8c12fb82219f3ea5e1effcd6c57182efa59bc1ba26d33f79828fb276e268dcdc7bb4ad844294c7b9dd72673ab924e807a13204a5ef3d242d7e7bca50cc73663d3d1307d5ef25c32989acdef5ad453d2b2991c6da56874f9c8b1991648907fe842c6c932b3fd6bd53684492fb99a5ea90f11644550b2deaf5da8632b8621acab9927d50beeb12917a12448c8f48153692018b7307bb0a8050e8ba945ec7c268631a132dd34b90e6dcd164ab41fa2cd32a6e983ce2f2da8d50a8648d41ee4d89a3eee1
1787460181.813771 fcc_derived_config RSSI spike: -42.5
  -> 255 27d4bc78df4399e02b14ea2ddfdfa11eae67b3981b103311fee123df61664a42c716310575b755578b9e9824b61e986ea917dfac58b45d35e5e9b5538e7daf7e07dd72bbaca4b122d73231ec0d9c1a7da94fb6642d400056b1196e0ebcb1309d9bd3f8ced742d1ff510ec82a4bfc0f6e5dd888f0773ade85d6157786b8c624f1b0e9d18424f943eee80e81b0ffe7faeff9b61c1ab02f5d453a32a93840e55c2055d13fd4ccc6e45fe38fa9d85d536d18548f594bbaa76e3d24c06c52f909f00f2d982c669aa9ca9fdd03b57143d87e3c4e46b90f474d8781cdaf2bf293f2badc5f9bc0dc485c06b4b40dfca256be4fef0dc60ea1d9216ba77728e4f149f180
1787460181.814017 fcc_derived_config RSSI spike: -43.0
  -> 255 3e1066b783a654533fa6268ce5e6c94503d55afaec8a35093ba0a43a494f534abf9fda835ba0feca480eb8b06fd115b70db69349ff50982f51a9b4c844a74935ad50de9449ee744defd23276d2a1e4f940b60ea8751e399547e6fcf36ef53a3093e543a9f316dee7770319ec0440eb12dafdcdfe508b38603adddaa35b4a35283cf67d5a8c87454ca58fb7ad3a2eed91e36dc3338b19b609b531c1c1f9f4772f8d9ed3394e971c52ab1432faaebc9322b0c658f67e7613bda8ff98b75ae1761f2d5aa9e63c3ad2c770e9346e2f5a2f6de0c0a2c258ff5f1b719f2c1e3ea31613428316d294025ec5f63151a7ce19111deff22ba575722443543a9de14f6691
1787460181.8142579 fcc_derived_config RSSI spike: -42.5
  -> 255 5c9fdcb1c133a5c2b49f96b471497d74f078f14dcff4ce17cc3f3c291a7248ba76d60b8ba6179a4a056e47a5dc784afa530649bdfdf087cb4d0f74d87d1d4c056eacc320dd12f207875a2f859395672504881478e269e8957ed1339f61b8701c3278dc7ad993af583b033c356af7c15f2a82e4bd8e9abf51875fc72a1d28db779661d0553065a65f176af842ed2224936457c2ada76da2ba103f681268e286b8864530252f45c78c803f457bea77946552dd4fd04826f82174835a25d8e7547b5f00a95cfde0c4252396a804f2c5aa282a059cfcf48aeec9083cdd139c47d022c576cf2db05512986268e208c53ef0e71ddfd1dbb152e485db9878e20de8a2
1787460181.814466 fcc_derived_config RSSI spike: -43.0
  -> 255 b5d89f535c4e40716da66410487fdd09813715f7eb8e8ad50a494a388aa7708a42f4ad91b46edaab79a7e9c99b0a57189d06d971d0f1285799f4de5a5fd0f2e36d102df449bda15ea70870d4d0209edcd0f15b6a4cf9e3add5d3b3dab0d2aa3aa3e72af9f5b2bb08672d3efa739c89036162607524558fe7691ae74913f29de1b8a932a1cdecf1c1e75dad7d8961cdc300dda792260d7f69a786ce568af044dcbb955d7a2c65e35e82758e66d87c7c2ac029ff7749a0e5988f1da6805f13758799f9b21c16e85c4413a23f21f603a2f781dce0f23eb7ece8b72cf6e915b281e9f9684e27cd5e49d15ffc58c8d62873b3d1d1a2cd6e2d815dc6e15804c951a1
1787460181.814761 fcc_derived_config RSSI spike: -42.5
  -> 255 28608e057b2d57f0b5c05395821c4674f058caa3e45155b78719038cf67f4c1c8d14a001867136c45405b7de625789f4899c9b04b022112813cc68ecca88210d207294301876bb92327a7a0427b1c60b1c21cd02378bdae75db367aa9b535fe07c348c05b1e52bc2ca02777d2bc5f2cb7be8fb3c9a552436fccb6d74d730efaea693182aa7192d524c398a75426a34c5523aa1cb0feba11846dd7b2f1147a38ee7e9224f666ce426f934ca353e9e543db369d12a20963fc8376bf414d9c1bdbd31a01f8b63a08fb7d071e5c10953030df891e5ed9fb97e7ae82f9ff539ef5c2454c17c269ed4a60a3bd32d63ce968e18e4ccd1d6cfaceb4c751d4d5ba3011f
1787460181.8150249 fcc_derived_config RSSI spike: -43.0
  -> 255 61a3dfebf573c7f1efe8f36f0b41b523886a0812911c6c8fbe62ff0f9d60fb02d53609b504f64481811460b77d4a4e7d2779b76e98085a7c1fdb1dd1d9b4490872adb43a4baafd9ac8dcaf21a76de7cdb35935b78f014375f5c18eb88cfedcfcf3f21d841381eb5588c2ad7af6268d4c85a6d65b928f343247e79a13577d57ba78f7051adc90b63d6f8f8f1b386a6cd1da99b003c0f1eb0acbeb85d804d430819b13d875b6ff9c29c154b317e71037e98faccf9163bba1245797514a210bddc702af006c85cd7f4f1ce37fb863a71bdd71c26eb73eb917afbbe84bbd500df54e89ae17dcc578bd67fc22a85e28bb4f682073a3377afbe5022dde7cc70aa560
1787460181.81527 fcc_derived_config RSSI spike: -42.5
  -> 255 95be78ed0c3cdf6c6b11afc0809467d7ad0feea75e7385548ae38a978ac0b17af46ffa83cf7b1eafa7235c0b191764485a16123d7c50c4a3826499aef2edeee9406191c4a2b68262b62f1fc1f747469de647df9c893743100f0ed02628dbdbb0ae2e8f0778e38ed413051a9acd11415742e68c6ed674ee6e74903bebafd077380146d7a796b78433185087a4ffd42c5e12b43f33870fa4447e4e74eb7029309290e1c4ef414c9813c9a9d9695ed7f69ccbd29186a93ef2efadb7fcc9ebb8033e5af462f5fe5ba19ace1f1bb2c3585ca5d2643c1df72ad80c58bbe1e60c3201dc63f047d6f1da0e19a71eb834440d6ef7b06e9ce6ca521eac7b0a7ea70ae804
1787460181.8155 fcc_derived_config RSSI spike: -43.0
  -> 255 650932d6683fb89ab475ae1a8d7573396c32576105acc2d63e5c4f71dd52c7ffe13b53d682074756b1ae2aab653e79d3a8d0d356b6ac45c1aca1b17686f6427bf12580aec5ee309c65281603b0f5a8840274dd955a881012fa352b84511cb902d60c54a36fcf72d150d3c34d32ce0d86cfd201b0f87331e0987043182bcb84b33dee2b299cb85c589cab3f3e70eac6a7aedb7981ce8da868b653338e1013ca3920beff91e9e84d49f0bd471bcc1954c1cf19d439b9af49438f5e7294352cc4c9ead385146dd3a95a9f77762bfe1e3a85a91e48bdcf01f906b5c9b347785c16f5bc2d4714107d0d1dfa77ae395011b51eb11813b3357c074478f15fa0991b63
1787460181.815753 fcc_derived_config RSSI spike: -42.5
  -> 255 50753f8bdb5ea1bd2dc7c07197b1c2a1ce60ac40d0b8936811a9bd86ee8f102416d4f145a1a8862b799d8f73520e4ad62e82cef261acbfbbf74458f03b42b2b9b14257f6a94ffacb14fa0cbe83122df832bb936f0e4c8cb42de3bb220f606d22db5ca3e859c84ce7244ec223dcab748afa185f92e4e9887e1bed7e24407d4415e2198d0b2004e6a856d5436892c3fc14357cbfea222fa4b6daec02735ba658578c720d2289b238c15bf9db4921d150971b8176a253cbd8c7754056b8bfbf64297f2b4acdaf1199bfcb9276782a692afbd0d9c20d2004a20bb60b480a6304fa38c11c0ca86ea482d9ac17bd70df861f35e073980f4b615d824514464abcde4f
1787460181.815991 fcc_derived_config RSSI spike: -43.0
  -> 255 41161529829177178042c6a9f10f4981967dc229033a716c21669dc3967f32c23898214464b6e5fd2b577e87b8fe0a7a3d9b5e6cc527250663887230d34b5bf9f2c99a2e4a5e9214081edfd988611bb3fce879fc0000a169b6771a784df75929f34d240b6fbb5cc879e9bd95b2f7a762e0fcb6e98feddc8759001f3c1fc9e94963952500e09e8882b02e2d3bc1bcb27f15e6b7f996cd5afd193300265800c9e534e1432e47f067b3e59ffb9c21a26502ede6931fa5c9da2628fe13adc0427972ec45ad7407e93e4caf126e88abe6f6a651402622b1596e84a471f1e6cb2102985de4cf8283b97e028e387f7e636ed5189b0b484d456eba433ad85d30da01fd
1787460181.816252 fcc_derived_config RSSI spike: -43.0
  -> 255 df4a22a43598f04e346eb16860f49d26cc02bd13bf2b06a99b9b053824f055cc996c89187cee540838f67cf85e052562cac7102ef80737ffdef5ea3857cdcf657657c817283cb66e70640fbfcfaa6cf096785b2a546ae4f12ce5a98d7b8c23a06ed9bd25c8f4f78d9939d68391d8933e57d1f7deec212d60c9030b43be5dd75d403233bad7424ddfd9a7b430f17599bc5b788c4716793a93b856c02e74b7e38f3e46b5cc11acc54343825dd57d115dcbbb23c363ca897201537fdc87c45c484377fd9090a1a14762f8bcee4da5083860f22b64e5a3f5b5a4a1f5e3174a4f8f9ef0baa47a9ef18cd94c9eeb1051c82222a36f6e8f6f8a826216aed9ba8cf1fe
1787460181.816513 fcc_derived_config RSSI spike: -43.0
  -> 255 f0af511063b42a2d4eac589dd28c31f8dd46f42d00149c1af9cdbacba59bd4fc0dc782e185de59448020ad141e60ed338add42225bf2e6f4e5a71076dc614afc90373a99fb030e139d685970fafdafe9f5dbff8f918e3318cd107c34fff45755494fda4c41528479ae33d5ea2fd0ac6d31abe29029777ece827ca96d91f01097786d740dc1c084f412410adf069022d09e3fb847d73185e7fe82f5803a4b788d56f098bdfab5651ab9d0fae47044ea85357df3699606f5bcb1aafb61952594eabd8358c9d7fdb895e106291c8e745e489eecbd49940d73a44633b119ac7f80fa4a335d20baf4231d90e876ffc77eedf85347038717df50e3df19ac7ce3269a
1787460181.816756 fcc_derived_config RSSI spike: -42.5
  -> 255 328aa39711454f7980d7926588f8088ec42e1ce34f7dc04ac7bb11316fff4c6431157b0e0b6d86f32d3522f0d870da37e815d16ccda763780272a1c21e905e2ec843875e95165a579e6ce18e585932139b0d20ac79718d04cf3cf327ee648fb1ed20659e6ab60391c9c2b3cd1123f4b9990256ffac400cf756abd80af33371a6cbb4f15c1a7a86a86f77ecb76d34c24845eb2f53ce403ecba646a94f0fc76493f077c353d94a38c63e3ef27fa7ce0a8030edf3bb7651f586af9ce21988e5579077c49af28d3b5a8800fd28e93788da1a56e2caa73139e262edd4022719602d9b1fd5a6d4a0dd46ec3b3101d10877f148af13e29aff7f56646ae864e5ddecf8
1787460181.817025 fcc_derived_config RSSI spike: -42.5
  -> 255 af239b62b791ca3795e4af9dae942b9948d1d446cf31e2f1f1b9e6af406bf013475e1d8e5267e5d0221db2de45c380cbb3422817719fc1189f8a42b6c2c991d2cb97bcc36fed60f4c243c5595aaacc6f7e93490b537e2cc16fd1c64a4086f3dcea5d0e5fab251c6feef98974883f729b524826db841190769a163bf726199e213f40dd417eeb50c79de466d0665d386135c56ec7379389a1f6993e7735015e2f17ae15669ae66676cff059002894f35c9782febb4809a60739d2ea856de605f25c1053a8476cb752e15cafc5b9331d99400fad0c70e1539188c4676b30bc36863c27facbb4dbeab39fdb5f5c74d3479c0f089ed75c3b9f9c3a15fc77a7da49
1787460181.817278 fcc_derived_config RSSI spike: -42.5
  -> 255 c12c966ff110ce1f87a84b3dddf54b4e75f1c750119b2b9cc98afbfef7c887c8c93d89c7140431b2e8bfec5a0755e3ec628f29ac1d8d0842034488ab8484dfe71ae2cba78b529152d274e661e0a646c07a504819f028bb25b44af77fadc19202870b254e8ba77566962323f6334f50298352a0cd44bdb99e1f20c1823df87bc0831d9e0ac089e7c02886dce8fe7a67c90d3f3d0010803aa409050dab6a6ad99a42fca4ce090e8794cf4c5e7496017e07308346361ba2ee4eaa898614af413ba8d572b0968c20ca6a89adc2c4bd353e1185b19a75a5252b65a3af7ae61fe0fbbb796369fb3b255882b57b6ed4c4f2a7f507effbd37712d495db42dc1b9ad701
1787460181.817543 fcc_derived_config RSSI spike: -43.0
  -> 255 c6157ffc80ce9960595e856761c74cc22501b753c9ef83b34c25b59dcd61e4ac01409ad18d885e51f44ef0eb1dd71b5a01949c56baa68a67eb90fde463305c4edaf7cb5b735622a5c18c9d261bc0acd3c701cc6d6ac5c8ce30d24f42f154145f64e6eb24fee49aa42e2e736936d8a72ed8ec438ed49d5bafa4333c64675a73e5ee5db9f03b57fc3363c18c6a67ccc4c8b7167f5c861d05781bf50e50e22fff65143e81adaa680b8f0d08e86ce3e96fcf31f711c3456c892789ae4dc0025f329a720c1c4ce9cc93e738b64fdd3170fb96d377a9645e07b6ad8a1e42a86595d72b5417a1feeee3cbb184724ef19ea3b0141d00be839eebb48cc07d8e8b382710
1787460181.817773 fcc_derived_config RSSI spike: -43.0
  -> 255 07620210380dba1c5df9c2188ee641af3064f1c4f36f2d19e7d413ddb55a9617be23398aca9b5899d4eca9b0a0a96a1fac81b135a0c6e2bd757c14880aee63be68e77650f2c0dc367a1ab0c53321d79e15de97dbca2ccab55ff3271588598d47c42da190245fdb299938e80240fd0e4bfb32a6f59c06f9125b1410245c12bd525873c879218bff951d5940fc78cc9bf2839c9a9962e146370f66c1d20a6cce298812ac0d8925d83985ec2efe5b0636ef3be2f63d8d63d47ce9e7d21e45b52bbe3aea832eb94535c37ccbd50b6bf75b08209c80dcdd719b446e7a772a2bc8263c64d3bcfe5d0ce1e261ca709eb7406cb51fad863d4e7aba4e1bae800e048e64
1787460181.81803 fcc_derived_config RSSI spike: -42.5
  -> 255 6ab765147ca67290223e602c4fcd99b991ec9507084006c7ac3b2d18ae1d1dd458043fabe29c0dd6d486a7b5f328a03ec04fdfd0333b13e356fc9189ef2fcbe421c8966f43dd6f217e8cc5ece233978a5c8ae4e5aa24a888a056b5691fdd2c4f52718d39cac61abb6dee39fbce9b3b4fcf8c8f1cca087ffd508669b1ceeff077fe1d9f4ba4709d68a566e73b9679ddc8b8116cd0e38a46c2dd00964753b1efa66eb28cea366f3ad9940514fa38779f28051bd8730b4178e873c5b415ec046ee147acf99931a36940b95188c95191b32e74e5a5d8314d2d10a04ad6ac941c2aef2364714ac9df98da6efddba53e08adbfad6523cf0946cbf427e3ca18707056
1787460181.818301 fcc_derived_config RSSI spike: -42.5
  -> 255 ca9c7aef4ddc169670fa6c2d521147de615ea0c4bb80280f9d2ba00922d0333259f662a55d8de01d17aeb3409f57d0cd0c74f447e1105eff23dc1ae6c2976e74f4431d3f79ceebe70b0e36a29f7f9133bc14b3e8eae23ece1abc943a8110e2c4d1b3aa341a7cac4460674e614b679b7d27f1177159adb8dc11c6411a0685a9e8b057cdc01a6c6a558292dc9981b121f3f31c5e25c3748298279c49340246cb827c2dfd50f1bfc7b8abca368d45a8e1081332e5b6b8185ba756d594ca798f6619cd190f93fb8e5f1c6131cb8e2fd3885c1e0c5a31c1bf61bf730a3c9e827e54de43d09d36a6232c942fbda5e4ba80d0eabcabcd2ec1fef05d3dde71a498ebdf
1787460181.818568 fcc_derived_config RSSI spike: -43.0
  -> 255 d39d21fee11d01d9190af5a5e99696d0a519a9242c94d871c037fd1e2e81d11767020e5b516d5afd036f34b89f9b4e05b1fe4ee67765dc6a9317bdc3bc91083be0a0b375721b134ae124995674dfbe0a199b0d93c984bf6b18f5dd1450169a94bf638cf729ae5b71cfea0f7e9b98f4595c5c1f9a8a9a2655f6861c03d748ddaae771442a7ee93eaf1a9c38a0a6b10b045400d265ccd9c02ab2e4b8e62e00a14e5ab203b311b26fb7af27bf81b61388c762a4be6a394beec9fe3c027ab714743a33d6a80d0e9561d673cb3ca3f493b46c48cb6e54d7bb6971330564195a317fadbd903d9a4fd2510aa974f2ceb813d6883b0a3561564f85e58c38c672136daf
1787460181.81887 fcc_derived_config RSSI spike: -42.5
  -> 255 20f719bdfec21ff9f2cfbde35580938de4f5d3933c43b7aac39a47d1f2c082248431083777e22557b5d5f7e572852da2cb584a47ed0e1db29d7ff41be345ef44bf16b41b1cc256424a68349165bb10b222f95fb485c25c0b49a6e310bdf94201f36110ff6bf36d3d19c3632e63860e8080870766ae872d7e2727bd74bc31b7fab3281a35d5c7695b9ca439745970acbe1d27c91f78a86cb839a0f1f2823bbe05d80de00404ca0930420b24948b6cdb899a5de5e83e2a5f4a5fc2c386ddea2489e9036e3cafce46164e65e705ed851b2353187f98960c37eb496993a920fb4856e2f3359af900acb96199be6830cad92308d3532824546fb3f4512ffc8445a9
1787460181.819117 fcc_derived_config RSSI spike: -42.5
  -> 255 01d10bc0c430728fc9129a492ed3fa2e7d5785e10360845e32a0e24fb0b11060a7ed6d30e9221398923cbecd91e156ca5c97ba8f108203231bcb06066949e524c4098e7a6a85dd491662e3d37dcab4cccee8b2f70231510bb341b6d3ff8f653562c502916a9b7f8e6a2f78f7af1b4cb9cadd1d48ce88a8938baa1d2d4e4f3a1ef6c1efd987d5a27cb424e44abe6aae379d6f27d95c35ef46bf888ec549384cfead9e8a17423b268fa83468b72b3a0fea6df86207b5e088c85bf79feb138e40a2051140549da4d8fc4785fed92c83378d14f5f32c2cc2a99c1635a7136240798138e0f18f3a9b66e77051f507b9d9c18677c0d11ded6d570a3d40cfb5ce0c6a
1787460181.819361 fcc_derived_config RSSI spike: -43.0
  -> 255 6db32ba994214e8c99f85dc16e05b54827690d0b14d9e7cf3b566b80876a5f6862ff1d9477cf96fceb6c9b33aad0d8679c9d5903f381d63e9652a6baba61d3f70269d9011c1425b404817b2932faef54257907291c681ee5ae6c57bbcb5f4bdc6175e958d58bac037ec53925b29e51be6e8d225a47636f89bcd289b37d6e05abe041cc1c1749b0859f1312a41d6bc8db36713046a68e618cebc962133a38d7f7da6081f9d18667f2ee63da4a4a6564afc63b72722c781ec1b3f9fcd206313b187768ca7da379021bfc93e71d9df481b193993ddcedba8664497fb4189b0ac1e922187c6558c151e473d3dc22f1dcd502d27182f84b140d8eb37a19267aeab8
1787460181.8196108 fcc_derived_config RSSI spike: -42.5
  -> 255 25d108233ea182d71a069b85aa58dac647595595e1f4d66276ceeb5ed89164fce61d901ec160e1484b6f459d6ecbcd3430054977716837e68058d9c1c72bb0891de44f8239e0e8fa71fe23136fba70728607cc0bed6ef9949536d1118c6c3916932f95cb4b43d1374951564a24e42bbbf9c2cd82aa3f7a79db4f643445dd7628ec70faa0a57a7dbc25119a8e04ad0061ed8a79111b9e7b1f83153e39b7e837e789a40c21ec4876b04d713e9a08e78cca8fa6efe54399c200b176b5128f6d0febff874eb2f79ad2f8183936efb063b9f00089cbe22bc96de956dc2d83530cac03c676bbd869dffde47f3ed8de80c0eb7b3c782f3eb999ae293ca354d2794ed8
1787460181.819865 fcc_derived_config RSSI spike: -43.0
  -> 255 b587367879e8a4da59f8162388c5b8b3f040b3889a57fb2bd6355cb87a7db0ac3afef8ec7ccf53f2e6d44c0a01ddcaab134bee46172f45fe6fee00f977d18fc81e2e5e50502682753016cd31cb1e25cac861625d733b089f2a805f1bfa5f6787bb8e8431f4876d7ae3d0554f9f92ee3479984ce669c5aefe33594bc493d4c6b9e3152b2a4f96867f08a09012eea56801581b5b400242b1dacf0e6fc0be6a944abeb5e2ef5729a2c5a3554478d7380289aa688aa570046a3bb8b02d5ecf5613d77612aa95bc5092925d169d73700e6398131832f4431ad6b91fd5d59ba7babe18054ab251cf5e836ba76fde109b2e8bcad2ccda521cd266a2570cca4a10133c
1787460181.82009 fcc_derived_config RSSI spike: -42.5
  -> 255 b66b29d6fe29b2fec2374a7f48068242a2faf7fd7290e510639ac65b659dfab3596a37c739dbdc87c3d219bc96fb9da5d63e7d66e47abf510b6a762d38a721b93aebdc50486aecf0bc3dc3bac90c63ef6683f74c84548d1a5f8764bf01355b09f75cf19e8fc3be0ccc90806363224e263b43310208a7b820b36c72c5e3a23e1ed239c62dc731491b976e801b85fd6e90cb4a452e7b98bb0773d25d24f169c4d3661cb1a0b050f9f68e4e0ba56ea8e20d775e01e2a3576a12fea4de96751d62d0d43d4fa4317359ac184a90e83bf6bd3da882ee7242bd0d7477bf0419bc03e10ec50a2af0070b9849c7dedd688142cc7abe05b0cc55c5e88d16e7139e0d6653
1787460181.820323 fcc_derived_config RSSI spike: -43.0
  -> 255 a441fe0cf10af5f89b6353889dc82cb2ec38b801bdcd6efcb85fef21de1b5e7ff218c3ed380add037ba3b9e2ec742eaec9323b19414e609b522f8d50b8bd58d51536ea8fc8226892452e47ca6e4fd3b8d160f27d56560a5298df991bb51558438112d5e2e4646dc3ba6fe1c38384c8f191c8efc8fd8b060d4989174a8d5e649af31bc5dbb87a3ef29ed3c5b289ed7810470528117ee1e5ca6b911e87face81527c2525bf453af16121e6dfe2ce2030609502ad480e44d62bc6459c80633ce7e4586307ab6c2499320f011ed54d0e60b96f0a9aad3357fe6e1b9c1b838012d05c9ce23d0a1191f9fe0d6c7a007b94f9df232c83dbd8a51f987309cea4dd4123
1787460181.820571 fcc_derived_config RSSI spike: -43.0
  -> 255 d4d1319b22a95ff7ef7bfc60725f89f1097090dc3026bdd80788cc60c6007e6d0e67b2ca62571a873d1d6d40cb5bb6d7fd9a3ff8cf90e59444a26871663f09fbaea1ea4a09e654cce4b6a6f30690b141863f978a4ec0d58a42ea9c38c01a122477fe42803b221899cfefb87a717fdd6d6ac0bb869dc62c978ff9318cadfc280972eee4d66932deae552280b48587bd15b33440b8c938d43e7f74bbb6449feedca45108b631d26f598e31a0382abd7dbee86a027a43f0f624d249868adf64974c0f272c5c6f35ff537f698ebed9139cb0d17528e17390c67d25dbe805b92e8974070790b4ec3c3110a6614d6656de43f4b5d5085cdc8232ad6cc238e685e590
1787460181.8209121 fcc_derived_config RSSI spike: -58.5
  -> 255 6788d2a6773773d2ddd815a80dbec1e877f780de6e25337fcef4bed446fc5776186c2e5aaa4f4afd2cf490f52da468314469c844ead2145a6cb064f54055299bfed921ac7db6872d581a19fb7f6067dbcc143226535d8f4e3d8700388a48934267de6a869d873560343da998ddac43f1e2b027a72ffe01e2f6769b4417a518a250a7c2675ff5e3e670d13fbf97e897457ec20b0ae9293b0af238a00438fbfc2675578eaf96bdc95267a5b3fea184737d6ba5380796e51a51a80b278b9f6c9b6cb714b5b4c586388c88aba28b53d3d94efc8f0a6388149db70d58f1dfbb44bc06fc0f65bab17023954c406ce3274e31003be486f83e3ac7857e6cc417452740
1787460181.82287 fcc_derived_config RSSI spike: -45.5
  -> 255 ff5f494272e4ad04b0c660ab9a882f32c226a5ac3e2c8d8eaa4fd7b04ea519d15f5ff4bdc94c2be320ebeadffbc5bf2e309b77e7da8045e379eea298e89530ae01aa28466c87d8d7e667a8fe1920fead6c97d1e00134177178b1efa33b47f256af30358576c75a948628d0f18ee6bd6508c30bef5b71dc0570ae213a1ad839f7ca13048b2aada68fcb00809f8560253ff8f0b7dd474ffe8df0373c4a1726a629df78a95d5e5e37f7eaa6780c88ffea3a6415e0cff775008b2b4c92bec01f2b6771f0645fa38120490c96c0d6be58754152c947853b4580f6b91fa8fe5d3b19dce67708069312190e0a237d24be31bafcf84d0a3a174517a9816f0b72915a82
1787460181.823164 fcc_derived_config RSSI spike: -45.0
  -> 255 145f09aa3bdfeda35b8be831ddad65d290fecb6fbf4502a0d9c104e1b634ce379192baa706e1bb843433c3c10171150241673eec0f0d9ab569f3d46b1c9a4aef481af06d7642b56206d72111bd59e1d307f73445ced434d33d599057382a808c66c7288bb7687539edee42c615c49a84509e3e5c93967d0a505f0720b412b36daf4501ab55b5111460b564c82f849a7464b7663814fafa795568d2f54ca60971309ebe5952a9a9d7d966d62630d36b2925ea9a53e3aaff3123bb3423f44ad5ee8f542cf2c9def77f636af18aff98c50e116a802867ee0b2f782e64391e49a7b119040f110ec96e0850eb81e6b34e2bd0c977d94fcd34cba06ed26a3cea487a
1787460181.8234172 fcc_derived_config RSSI spike: -44.5
  -> 255 5a47ae3277e5ce3388ec7988d1f0cf5a9543e1439f93f483c4641ed5cb7becea3e008e5f71a27ddb8a1debdedfd4512b517ccbd8e3f9d1ca285b9c395ffa258532a24a1cbb6990bc4944da67c6268fd96f8792d4d646eb5df2e6e0606d391a29a5ab442ff4b96f07e590c76d4474e14a8d73feb22aea6d8b730da93d1b61f86963842ab4835e554a6648ea9cfbf4b8df3e27e84f1288ab31e65a60fb52affa4afc6cbf438b0e094dc29abc10e2e0724b8e4bc6356dbe2d3e292afaf229b353310bf5acdefaac5bdb7dfda07c8094a7491c065c26bbe2f4ec1493cb39e5806275dc7c13b92b3ff5928d88bd58485b4ece6589edabf33ebdee4aecc65a77c8dc
1787460181.8236558 fcc_derived_config RSSI spike: -44.5
  -> 255 54b0cdbcf73da2cb4b1203003a147bb927ad51235d1720a0e08795bcb8990cc04d1e9c18fb0cc025b6a948b355110d8276b008ed25a62d499ea7079bbe3aa534d5c7c050debf48d106aa2cd8b788ba85630fe1962c85789b093966e49b07dbbe388d8a6d38041cfb30fa786728a0ec40a95088abb2493cc2dc16b27b796a7d4f939cc97b947d657d1c377c1606d6469e4cd2bad7c8a9e8ebc4e5ac31a6b8c1c336211d5177df2186fed27ca1e9eecf788b9ba78f6194a108251856ed97f695e98717e1b3d23f3bd03a02c4ea5ba07160bc259a5476bc86177f10cd66925513fc6cf82d276d9874d236e2ec96fdba7f560c55c26f1f83e8dcb17247aefc79dc
1787460181.8238878 fcc_derived_config RSSI spike: -44.5
  -> 255 528a8e3a3815ade449a0e7a30b16d1607259294e82b3b6e5fa9268d41c1a63068513d7e7a5285fd481c6837a6bc89e59937b5bc3c01b33b965cdc95c0dd5b9390be4e90d2b1bd633ccaccb9cdcc4f4ca4bcd0e4417811aacba23c6c5a4067005936f0b5fc98546e2f288170a4200fba8faabb805e0feb725635abb47e6c6c92980799118a616020f6b1cae4ef79aefae547dfe77526db6bf0bff82a9939a993787fe2a6e1ede9e52fd50242a8b8e854d3a09ef5c1c24806768f850a721e0b5b93b35dce53634dc5dac4268d5a88e185c5b390f31fbdd5ca7f0acd2b37cfac6e28ba1495c3fb1d8d800b955d6fb54a239848c1f6e2d09df233a0a3769de98b4
1787460181.824139 fcc_derived_config RSSI spike: -44.5
  -> 255 75b2f6ede6827753158ad15d5f941b2c0108e81200268102099ee9a5c08327c7de695ff4c1539c5dae8e1e2c678153d7f64eba61677ee08ef9e60676d2c0b0b7be687d4f6d1b24891ac85d9d3f6d0efa2c5fe4c90ba4947ed9e8b504e9e0d1dda32d2a2e3a29d4f7999191afc9975fb107c57d20a20a25d8e4abe7535778f16f4aecd008dff040d291a8cbea41e93b198bf2e4df9d1ffd20a95449b0409c87c119d61adfcf40760bf0b1a880f9639976740ce624ad6aa65768720def6ef808d9c4167d3a97c8b42aba7836c871a3726e95b1dbce135ed15164c224043f41c0ed8c34a9020745300dfb4a47afa39b00cc4b81172d211edbbfdda1f511bbf61d
1787460181.8243961 fcc_derived_config RSSI spike: -44.5
  -> 255 9017f237e96d5e723154ac58796e96c727fbd8e3c64195065f73b3f1f2f5d34ae07ec0dd84e37617cd6e0b9d95a4a9d308107b13b6bdab04adb37df0edcc34085e3f0996910c7c48cedfc9d288f3b0d17b50e3ad6146e2813c81f557e9a2404ad43598127789f293d0b00a9b2a7a1a86afae270c989833a21ee7d9683d34ad9ec69f324b670db360b75cf07a24bf208b590e32d027db180da18ece05db5f848d9f83e36f5bc7f86590fd5f4d7eb49caba180de478c1ba0e37a3c915229da1698aedd09007a8da20424242d38ab237c87b89f749382530451f5c930faf3ae279c406626694599f274fb4db232a144940286cf46c68e8514afe5ed7202b45e94
1787460181.824655 fcc_derived_config RSSI spike: -44.5
  -> 255 32d3f62a185aa3f59756c31bd23c36bb4a3917f7ca515e78172331ef091d1abcc4a2aee4737516df826cb296859499d6bbd35d24b10a1d66c417e183ef8fbc5623c59f52188c7deb619ad8965e9942e42a9c53f76ac98d714618ac5178c2c85605924bb66c20e4f53df952a4e22e39d3d487480ef41aa85933641779ff665681f9b383adf01d2717dd157661acc78493ca173584030c173ef342489bd5ba767a74ae695a20568018768defc5bd3a56ca170024938b862a791eaed5473bc0587c3f35f9ba3dc0cd15570ea8f5ae00f73c30d2a9ff2db3373feeaa8454c8da72d6aafaaf8ce463e134a7971847032c5362c505a47254d74e5bb1f0e6dfd659d7
1787460181.824896 fcc_derived_config RSSI spike: -44.0
  -> 255 8732123e40de5e380f8e2b26c1aeb9c9a75d2aebce5beee9e645292eddd313f8eca8fe305a1b4a976e36bef7d33eb827bd949e3ca364aaa9ecdf1847e6eed2030cecfaea3986c8270579439daded120a5126e0444221278ee0c15911f4084fd3c3b898276c44d1801f4d3cb79bfaa8060bb9cbf6c01d2fe3bcb1a8f6446c3417e3623a70214139d28bac322ba6cb580a55ffb485fa7c077b369afce6632d5e854003b81c22e2e63863be379a403ed8a93a8585ad9e7523d6528740bc4f6825a9e7629d6639a59e60e6ba03c3a08e8b926c64c405794b150f7db6e6abe9a1634af4408a44de61eff19149c38a67b4c714c71eb8f96a1a51c043710ec12a0c4a
1787460181.825145 fcc_derived_config RSSI spike: -44.0
  -> 255 dac82f90ed7304ee55f4ba34551f55d8818c3b56c595031642ec313372b85b7290c68185c71c67d62be580f59b7e363b353ee0683a526ea7ae16db9aa7936a79462f7a1abde5ddd1b81ef27881fe2f7c7e9cfa5b61733311f2f8435926e37771997d97d4fcbd4ce6ad25dc36304bd8d133d9e88c9d7e24de2c05a36d96bddeda6393852240d7f58a4393857de937d6d19a4723df6b06df1e959ee7a7bfe6894195ec46f1048f0b235ae425a4fa7a77de315330d540ac5c31291d59e5376bc28266fda59641ed469bc45f932dffdaf40941afa6019cd009fef800aa93b53730ad9e64553fba911a111fc1de288a88e46661538ac584a775e6eb44680b67e5bb
1787460181.825382 fcc_derived_config RSSI spike: -44.5
  -> 255 9a02d90d9f42995961fa90d0412c5c061096a28111395878fb5eacaa494acc80ae103a0072c7d5e81d0939cc731bc6d5922220642b5c514952ffa1333a03d8d4c8320c19cee8c0986d2524039cbe987d914fd11c9de3de62497946dcba210d1608877d28cd98842c0dd0b14ab18bf269aa26f7b6b5b4aa403dd9c9094781144ec998b3f64f83dc8414309376c2ff78049805588dd0ddb35b47a35853f88ddb32113f2d28191995471396b25c03767f4c8a0fb485c24f83adef94fc7e096df41c27a685af2b624d9ce2decefea932df9eb0c02bb205d836c97e869197d31edebb4ea4850eb6ae7b3eccc3218114873508422da50ff9e9463cf2421b37c54b8d
1787460181.8256152 fcc_derived_config RSSI spike: -44.5
  -> 255 d443765f114a9b3ea9e1def0e3d90dbfdddeaf1a9b00f770b802faf882dbb1c2ea2d71814d26f3ec637f7e3fb2685e7c59025281bd089d77c0dcfc1036439d3814dadfc55ee84f8d5c9b96dc64ed34f09bdf39eb4ef2850d573150a32cf3881118e88edd5c5140e1418e621a45449dde6be6b5cda14143cc6ed921d88bb0ad927ed09b396c4a02af58b99db172f9ddd1dcb93feebf9aef259caa82afc561fa139f772ce6947dd94ba4197392daf7940051ad2295e7b60e211118a5a6d7885a5cbd076d859950bc789733fc8de5f622d95121d9e918f64730e349eaf4022816497ce97797b3c18f47a0a00e0b80e57c81a6c8e91b70d9d84889c784818b0be9
1787460181.8258839 fcc_derived_config RSSI spike: -44.5
  -> 255 573d8b4bbb881fbeb9f9ad72a954ec911dec828bad10981f09aa56336e8b18e4635bba0b64dbc98813e4c3c32957cbf3ad470c94e6ec429979c26dc74446f161582ae31c135762c539c1d2b703c04960f7293c04add7b962fcd417fcb2c24e153e458f34d20025ff9d137d6722d5913fc88f301ab90b9505844177551bbb0cbf26c12932088fb241cb2666173894e2635550057a7270ce96b93e905cefa6808334b5e5a592f5ab6d3c9e54dc9d9dce6b9d8d7d55f845ba649d4e455d61b3f62482900ec36f20eeebf5559f9bf28d791c9f9d03996a2d459e532cb8401940ed129da67e5a4b74ee6895c3fe30871a59c321023195af7dae97457143d3dca39a
1787460181.826151 fcc_derived_config RSSI spike: -44.5
  -> 255 818e9c02c5faa0dec0eb5bcdb46fe1d8f6df82f64d4ea3da1b3b793c1f0cfca973aa19e02d33d5ecd7f20545205c4a26ae1b207039ba15455c537495cdc82f643112790efdcc0f597d0964e033e18967cffb219b5824705c7f509b15b349c4ad79749829a4f7daae0862b2d9ae9ee8b9b2cb68ced2d14015e9b159851084f4e822b74c51cb0385a0cf3b736e01ca080a09538a086dd15feca1f7821108217c682caf61f058c291fa7ef7cabbfa3d86cfe253efd12c7bc31d08bd76e5891d0ee815b1028217a8e0fbfeb70e6d6ed384de99256907c50d5760cc7c050a43cd1f228ad12eb9d7e8f36597d4a2649895a26d6c5dfe575205a2fe811d5f445016f4
1787460181.8263822 fcc_derived_config RSSI spike: -44.5
  -> 255 71332652acfb7eb65a93176eb73267b2c58e1f094730cbade4923f9d1fdf71d4be61a4efd35591fa956fa268831960b08cdc65eac0d56b58961e458e3a6ff5056f88158e3834fa794ab01afb49783e2ce96739f56f29d97914e0e1e667590ea623f5342c5f95b9cf6b0ee48bd3bccc2e2b34f778bdb6937bb882e502139334527df2554d1273833bda40bbb47f629f6de2e89669f0ba14e8ccbe7358dad02acfef512493ad8a9e239326056baf6c8bd8fbd3eaf9e7656b9b8871805e368a445a801a7e8cea309067c38ad4d6c7b4815fb4bbf637c2154f268f0c905230922250ad26120d9b43bae05fc472aa61cae80f483bd8b9604e2780a9adb7e4ce29f0
1787460181.826622 fcc_derived_config RSSI spike: -44.5
  -> 255 537b95362eaf2eb63f75b5778a5f7b4a6501f1268b06139e85a4d6c9a2c41c7cb21c7f875017af011400066b1fcf8807a910d68cef232e8e9845067e0e700289446cbc791a90525ed75ba2e452cca5721284cde440d756463550c4f21c7263eb154850f2aa86bb735f0262b35f8fa025df1ad0f9e0595860de652e22fdcdd023f547dda8ebe51f29d62b0b32e88216632c7fea85dd1250fb138fe2dfb4c91b68848f458129236054a724b9a9eef471a98d7542958b0de808cdd1f033fe95e65eb1db64967346bf0e876b1a14e3795d38fb01f3b632bd5a90eb17552b3c779831a34f1a6414fb8466b513b674221d8406c512d3bee2391bfb59be373491e827
1787460181.826874 fcc_derived_config RSSI spike: -44.5
  -> 255 cf29f1a353d02380d747dcd95c7a2e9af64f8c2cc1e9b898bec1519a482193b42627a7a11fc3b54f7ed454c929aba620bf99ab9c1eff940a3cb960ceae59d66bbec2282de7fd6596d0d41e9b7affec29299fd3353a5589be1f4b755547fe0650c7c1a41ab683e6dffbe6c457d231d9b15869dc427ad60330292711efa3701d84097276cd8893d1e331a9e89ebc796490685f0de06b89da2bd843803351f58366d01575137da9207bdf3d143931dfe93b8df6c41b9a0301696ac30be096f10a34b244bb8c618db25702a49f801d021206b52e9ddec9a1b124b6e924faabc609660fe32d98e31f2d5dc9c9aa545dbf8cfdea716a0b786b2bbf9284c32dfaf1da
1787460181.82715 fcc_derived_config RSSI spike: -44.5
  -> 255 70797997e26b892f5530b89eee2fb6b193def15ed391db93d1c404968c536530373a27f08d24654ab8cf4c5bb3d326212b83e8c065e99800b866470b870e7ab867dfb92b8c90c52ddcadcb0e7c20b1698b538346a0b0ae3615e11558d2e69dec37f68f8eac89bb888b1039c2ac5022a8697ed873319095e9ef22513b778d4e6b8db4b5a7b1f7f6c4675876dc82560fc75d6589aa385b6b953b6435193e171e897a332003ce4ec8ff9cd284de4e65abf3d39e7fa2afca3ac9be662214b8e09c721e3753aca918979150431c89215f72a1b28c82d9dd5fa9b364d6ef5eae28418afbc6a6231be32167414146db96919a274e1a383f97a272a8fae0ec674b13ff
1787460181.827395 fcc_derived_config RSSI spike: -44.5
  -> 255 31160e380b550dc79496e2922f5babb87fd23b83305f2b6e02b7a4fe7ed5edbc1742e86bd82c912b970665a7cdff829745fdb77ab85af48c8fd761c6cc8e0fb54e5e8fa75225e49cdc01fc9af06e549e91fb0e9254f73e571cff2a24836e49e67622696706a734430d2f25bc709ce73306f01d0026ef5a0a8077b2058c9f67fceab52b5f21d4fc77cce352e917395953a4e447d0e7597a14c6f0ee6045506b15d4518477c4f4cffc7aeba3986147bf48d405a5d90e4622cf48593132c97e21cbb7dad51ce795f81547579ea345f4a6d13bacd823535c74e6b4ac215e3398056bdf3859537b4819dbfe9919eab532eab69f46f507ce5fcb0cf423a23e8656ec
1787460181.8276181 fcc_derived_config RSSI spike: -44.5
  -> 255 c8eb49080cd2fa26afcaa4cea336ababf603c916d67cf90877b0f0306ba17fb6efc2aeeabd32a1732bb906c093ef8c226e61e383074b8d2a615b3fbb06846f2c1623276eaefbbb8f719aa380b8325c8f465b6aefaa536c121370cbe6bddbe07fad5ce782150a2e2584e6feaaa9858e974e4015a7189dec23c49f5f8d8cfc5528e87de6fde13615d2876790f3f07434d9a75dede59d72763a26deb69e930027421f6359fb1d09daf2b41c6c22ad0185c627cc0ac1bcee83d4b9652b6df635a790d61bc31b2f59705db38f010352ca8acd606632dcea3f85f0bb44d858e8369cefa1a1bfaf12140e6dd5c533e2f6f95a781b10162d354d30a4686d0626ce8694
1787460181.827884 fcc_derived_config RSSI spike: -44.5
  -> 255 53f5daf1533c681af70ab4f0efe8ca7b029914364b1de8aa27f490b319c49185dc51101fd068f1d8b42ac6813c64ab0c33a8c0b50d3bd176eb519dcdeb4d02a913d8f50af1a5d8aa247a16f859eeb200a435e779979cb4f832582c7e8cf2013b6fd8e71eb95997f57b2db451e62e9b81f8b45ace942e2e35eeb8838b690f1fa01701115bdb26434136a235ebccf4fb087ccaec0cd1d89b57bb085d5d96c75729d98d723b915f7be5b7cd2390f92b9c667c37c024860b63822bee6474dc83dfc8ef877542ae76470abf873115758d1886f2ec9bb7b8ea955784159a59200db72bf35eee24653553bac736983b1a2b56d9fa007fb91793ece68c3372f1d3b45e
1787460181.8281689 fcc_derived_config RSSI spike: -44.5
  -> 255 2d38bdc6e7ec0457e43eeeb8960f30f44b087f857b5ae569a40c286b4e0b143472cb1102cf7d62c3bc756b816e616ed139568cfde77b3c4368382fa00d53602e948dabc3e6820f5fa211ff7c70f28630d081124f09c9716af3e2e44d09c9cfd70b4b0a7748b38decc252320e31b76e3daeadd19cea103749a4f8fc722b4738f1c6cf61ae304defae469fe5b2b652dbacbb2767b8d054e5f25e1196ea6aa7c072039c8a003d8e139e8760d0bc7c759477d33ab4ce793c87236809817806f98398d1817ef5759b33ecc62f5ab531cc3d59d9561df686397258222a2e693048da07a285edbf3a94de1b405dc30883f359745e2c98a2fa464694a097112cb4b879
1787460181.8284009 fcc_derived_config RSSI spike: -44.5
  -> 255 ecfbcd31a9aa97abd6d11d6093d9c78ed2ca9e9b6bd8e548e62bcc645729f9911f7e4dc9eebb9a77bef0122f4be9f795e1466a1bad310f3fbc93936ad3f52e55c93e428efe1be6c8278a098d46219dab648de01d27889a35203294b70d8768fa3625d0e1ee24f74eec6dd803b958f2ab771a7bb4cd6e2e326b3521125235a84e23f0d066380d1abd15a402db9f364c27eb3e4a6217547d6c24b37ecb5d718ca7f7a6a54787d9d39611aceb522da8ef75e4bf88333d2ff0d88cd8dbd7c03f4a5358821bd9efdea8cfd21fe11e54d328af93333ccff7c45bc3e63792cfdc66279db35e4794b1371477cc1fd8e217ccb5f88a24780e4a50b6d901404debd351cb
1787460181.828663 fcc_derived_config RSSI spike: -44.5
  -> 255 36f1abc6b66920203f201e34217bd75068a99d9067e531cd622f763c1157843bad2938739321425fe6dbe1fd15e5253fa12b24a5b945606d891a8a416b57ab1017a49bd1e5913c2f4debe0bb078a21b650b7a0441364988b56f4ab387f5247c04f28d28fe61033e6db64aa908f59bb58abf6b9ae7f3df1abef74879017fc366573aee7a73d82efacd726e487092b5a291feba914594689524dbb1f6fb86c4a69a3eb8a0ede8987bc30ac4b6061550755d339bec9917cb2b6432c27df77af04efaaa61592ee33531ece48353e723bef2c6d2d64ed84fdd128a1ad8fa8eac25f17f0eda42e1d9ebdf005853af2fa0b929339f9796758599d7ab888b9372f34cd
1787460181.828941 fcc_derived_config RSSI spike: -44.5
  -> 255 696dda1df0c6109bd2519d989fe9cf3b8ededc569db3ccce41153da101df50d7e92d344b35a530f74d144fd73447a36eb7f625f2e21b0b43b5aa13776706ceb663828ab21877044cbb8de39f3bb8cef205c7931a30d64cce63a4f7c26f10da1cf53612d7c0de2559f635adcfaf5a8045dc7ebc81e4319158b952438b850a557b2f8fd1e24e06de614975657e28ea4dadd96aed08e7a120b7362b7d78f9666e9c19710f946c8ac1771238db890bff9314ff02b0f364389fcfdb88b8f929c16f47491459f613ba4deadf1a7151eba4ac4b1952f253080a3ec33b5613c359aa4b6e5229bbd20e5696f2d5daebbc35901c806a48f408ce36f10d55d236c912b012
1787460181.829184 fcc_derived_config RSSI spike: -44.5
  -> 255 3c0a315f906432d5f9ad52563dd7e1f487c089b2a2be3aa3cc18a5dd63e7c3ce765cc4e86f0aedcd10fe8f44338b2f486d95f835f350d7ac38a78682148c29b7690c7618ce3129ebe88e5383363467840a5d28807f2a976c6419a80f9258d49e19d1b3f0a77659e881b5a08e66df26417a68209e0260fd3bafb8cce091a6a7be65dac4c7aa271a17bf39f3671132aaa9d9b9157d8580682b98ddde7fbb104b2cb5bcac9ee29ebe636e18fef8246771a7a6eef5d11ce9d7fc35e8a71253ac0598d49bcff136cf420ac1b402449c947c5701789455320e031079c61d6feebf79a9fc65aca123a61e8174c98b31cf9e89fbee09f7c11e80453da3ce05259fc85f
1787460181.829442 fcc_derived_config RSSI spike: -44.5
  -> 255 633d28ef82b14f55c1da0a9339c1bd9d1894ca06e1f387a6eba4a6c86e7be1d2db8c3f562a3dac5a80e4c3fbfe2ef54eec701622fe371d50042ce679cbf0af749b38c8493cc2f2c639e0e549977d294a5db5612b146579b15c39cd01374ce39b94b534ea2efa68a17afea1047547092bd7a2dc230afa49bfa4f954a1c9dd7a5472bb2b09d9fc8906c96a9db9a5d0bfbdf17eea1ea8c81fc6eccd64fd11c1dcaa821b29f245234509be07f211b3dc088dd7ba9a3d069b5d214fa6ade1de4baa88fbb11590ece76fcd306f6692b86e8e1ef193125ae5f4e1c4087795b8747ef3bb2ec38fb5ea5e68653bf2d5ccf393acb3fc392352de6ff1523788bef543d6ea
1787460181.892561 fcc_derived_config RSSI spike: -44.0
  -> 255 586b73659c99671fdff5cdd923e06dc2669b1dcb2a3086dce59532ec685421a202c26ee3932f74873b65cafdf69e873d5f80f47c25626a522dfc42f64f86a526eac7048859e5d858a9a7414f60d6a2ca926cc4485be80802acc9525f2a24e98a0cc39d85e95311ce425d039b5e714a70be0f11d26d472cb1681ca5527ea6a71124b2ea33b8866bdcab5e2ef6500faa581d6615390220047af1ed53f37a60856299dfa79605bb3f03af1743d67b40c5aa05cbc4e780b799ba23a18950cc674a5dd6d85e07981b4d0699c1e196e859d0ad8c065eab907a1faaeb9a68cbdc147cbd3741a3ecff66859d8f6b9601d467625cc64feaae2548bcd31f7d2c0c2b0159
1787460181.892805 fcc_derived_config RSSI spike: -44.5
  -> 255 be16f3a714ebf6f1bb5d1725d017a8c942caacf22747aed716eb763f7fb72553a1e8758c23ada41581fcac1eb8f18c94c2545ac07bfbe0e672d528abe74214e9d70870d5a5a52f834a66d6385538001670a1eac458dc958270d2e162a452772200cbe04f79cf663ac7fd1872f6e26e806fb74832c8b1710240af7b9b544e2434dbf2817b8ed486f3001be7e329d17cfbf5dfc25ebf2aa018403e724f6c982db4028f6245f4aad801d6f86e54d6748951fbe0054888cc626ee38218b67ab67d0596e9da1f091305923e4e327a234c56d36a6b2e4af143f4b99834ccf30a15ca1b5347ae1f6a1878a80b782a8dff7f994fffa315c05a38e5a6a5a98349ac7187
1787460181.893058 fcc_derived_config RSSI spike: -44.5
  -> 255 444b04c426fd1f28a84bf43e834f60b2eee9cc85057de1686cebfc8e0e356156a9f3874ff2af734756087b76f8e7224e105377995cf4e1a3821fcdc181bb9cd5583808b82d5084da58a8f33aeb5f7e1324abd37c970984bbba48469cd0d3f903599162be65cdaa852df2bdf37eead540eda3f9132c302c9032bf1d98f6f5ce615710af0f185abce664300c6b9e03dc380bd652cb2e010cf1a5bb5c46e3d6b254ae9a58bb68a5af877d99905d266ac55ef79ff9139d7e6574fc3fa9ad890a0dffeb0ed580712526d264cf39e55eb89bcd03a1d0021f851ada1d3dbadb68bd6a573c911b93bd79508dd08d493107bb7dfb384277b99642a0c854c85bbb55c516
1787460181.8932831 fcc_derived_config RSSI spike: -44.0
  -> 255 4f8afdfee87fc19736bca2d958ba59bc2911edc6d13803dca3fda76f3e90a734081c2cd1730fe1792f8a0502b1fdaccc7e004bf0cf99db1fccf4c0a326682f391d23c9834a7e8b3e1cffa3dd68dffa0528a5603aa68b0bf5e5f9322ee8ec836cf85896315c174831869294b7c7112b3bb7129bff10fe2ea06c6d2fcaf9961cbd14dc964a391931b30ad4fd3cb0d299f62c0d36594f015c00ff8cbe84b148b1cc258f6aece25e0e61a8ec286c613209495fdc1086f9ddb55d4d70fc905d67929e9a87daed2468c040d1dccef16f842dd9e186c2995890be57d00344441fb3fe034ee003a2855037418e2055117ccbc83ab56916a6c76f008d38d63d530444b8
1787460181.893507 fcc_derived_config RSSI spike: -44.5
  -> 255 8410e8f927ada86b0381af9f959997a380bb0bfe6beddb6584c5c8be4089087f5ddf0b3fd8696fe6833664933d21b0a3d3bea02b5e0cb61bd6c9e47855dd1d3b6870dbf1b9d5ebc84642b36df2df61ab40b6d3f0cab97b3786f70ad2dc1476c436dea2a513f03ffa0e9a04ad338d9b9c547ce171fb1ee35877bfb3aa933c1c7334c6f284d7712ea864ea6f0e5483a441ec93aabed08d69ad15c3199236aea33e553adba1be200fd014bfa4fc9b01389d8b4dbc3d79c665cbcb80665dde715b1b74149ee82e30dfceb64e8669e1b0de731d26ee012087f083e944d246fa6e21ff29e61b38d87916142ebfad2c5679756a90c3cc643cde89df3e80895cb84d77
1787460181.893753 fcc_derived_config RSSI spike: -44.5
  -> 255 6a7c0b410d2e8b4c0c52318484a0e9a437b71e90d55f1a049790beab79aba488b017a5aa00ae526fcea8eae2fce23ae71411aa2331a7735e1753e235d0350c44656c84135a245e8e956c42f6eabb862f2724e2b75848da4971c9ad774e51c5bad77e53afebeed66ca9adbf7055bc165d0c526268251e76ce640be1b3f637b33981de40fff66cf65dfe3ed574cec8746637d829921c308577b50ff6d53c54da5fc94144926599d1966315ba39fcf9b2af3b4faaac24b8001cb3ef250ccacaab41e2cb325003d9cd2d15c62cd61002067e339cc31fd72b0b2dc05554d5fbc9204434a7cf3c5819a0918f0cc3b9eb0a21564490da34330f0e712754334bd13340
1787460181.894058 fcc_derived_config RSSI spike: -44.0
  -> 255 d30a20c6fbc707bf8e4568385d07b3139fe612af19f4aca9909c8c087bce0e3a3148ab9137ffbcfdc487b3abb287b9847d9cf6679da100db83dcc34dd19ff4267e1920d904cf9e38e27372086053ad5818124a4fe9a79f5624cd593853c4d1907cf66e98923b61e76f92dd5c04f2fc4c489daeece541f717b1e3aed17eb559cdd737ea859a3e4e84e4700aa9f2d92948248a3a598e6aeb4f567ece7b2146d6732acb50c4f4a8010aef0fd34a0edd06b107236666d7c7b2b74894571f5c9385b9e94d3f8d1d611ff2702a7905941047489d26f4b1e95a942db09354b75fbcb7f54edfbd07181cd50c9b9c20335199a174ff2f77d2164fc245960d912ed7eb46
1787460181.8943129 fcc_derived_config RSSI spike: -44.5
  -> 255 90b88f4bad34a8c0445589edd10c4d9b803d4cd14fb30efa51bf8d5ae6c325166b6b63dc3342397139deb6b3804787ce3f36db3754bac6d5b6a7cb169ff9f190b7bfc1458aa766385d7baf622db5258458f9190735f4bbe8f1cd38084f143f99ee2c9b5a4aafc3409b7702f48373c6938fe0d67a2d02e07ebd4d62d8bc073af0d39adc084c17595266172fe57ede64ccdce0cfce1c2f5b8e01d67bdfcacdf87a4403f79e2922a98b2a4861336f019729f80047f3a6c6b7c682a964da6869e6ccdcd5e03c7f107d3073ef42f09d27d5ecab86e6f787a6b57a4475b4ce83120871d6101808c10c77c349fd2c0334ff8db115702fa5e939f169c7bdf460e318e6
1787460181.894549 fcc_derived_config RSSI spike: -44.5
  -> 255 278b663d43c68185924b9b69839ac21bbf26a753affc10ce28af2fea06667f46b7cab990953673f1380a29ff80514937db7effb9b0b628e8add08db53e106b0b8a164077b3769fdb04828df4a98bd30494d06c81a63b7a3229901303ce26032878f602d61975bac41df4d3cfb1e75227972cefe9dbed565c91f42c36c540fdf3f8a25100f88010515ab918070fbefb09f1b8738c53103bd7fc4f296e729664da56bbd68336a129ad08056b72d7911e708589d981b5492df1a63f0c0d4fb465f2a506c66f97c43125565f0dc6236d479f310ebd370289b6fec6e2de448e08c5e99cda7bea23f20cb4d80239577791d912a95d9e47413f7a885ab361d6931314
1787460181.8947861 fcc_derived_config RSSI spike: -44.0
  -> 255 17f5db091d5bd86a93586cb594298ac8cef410d37f601216083566463f7bd58635f9309e622598afdc3cbc89847bed70e66afb051f485868581a48c5786e1bf6f8b272c04674e8391fb039d41347048c033d1853288e97107f2d348c0aeeb80c74b7fb6013edf94738c4a85ec567c6b2656c68043cad052e9f535a20c32b62e91f71ae173f59018cea06eed7bda247512da2bae89cd621e400a939a0392bd9bce4e45c971b4a8d4ec3711d97e4a93db64dc847f1b6029be34945ace873e9c46bb2f1923c41c1749945530f005eaa3f4501a7fa86424f2fc31f4d67f0bc4b0fcff5b639c6a15db13a83f93c7ecfd1927d313834736399584647649444e01f91
1787460181.8950331 fcc_derived_config RSSI spike: -44.5
  -> 255 6d73e75d712c01a6fed0226b3b67bd28dcc8d53c65572878ad54e2a5427d7124329815280e3d75015b570ad9b916162d973d14cdad853d940d3eaa44701bdbcf3425c542a42b9efe5b1da874abe30420c5d588c2f85bf0e6f7a9fdac563079fd45e3a74f47301f6d747a5aab9f9d8960c33f7ea1c5c1676d8fb5c56c478ca27e19fdff0234f0904946185f5f55703043b61dbf2d8e562626927c2c4c791d644f8452b846eebbc659ddf89bfe44817fd4c291934ed3589e19bcff9f64315847a98409cb361bdfa24737de31503dd91b741498dffc31d967f49759990f449e5391d56bbc1b1c4e4e5130d41a2217781df0e918b379a5b393f635144c0cdf977f
1787460181.895307 fcc_derived_config RSSI spike: -44.5
  -> 255 624adc4befb865bb0dd502377c008bfbdc8fbb60ab287bbe6468f1f6219418fe9afbd891eecd901488cfd24c90e7b6d4fcbba311fbe53447cb83826227a98993c36a60e64cd20141d391a31fec22222243fec22b7f26d4f527f7adf4ea53eceb63449c971f35792a6a885694cb492912d9ad8127f7ed1fb5f3ca1766ceec98f513a10a3b9e8a640639a1c4693254cd7ed08adfbf411cd38b23791e9c7a97d75c7843a2db7f5e4b9ada4c404468a8aafd30ab65da8fcec8a29e8d49ef3babbe451b443d988351644d5c0975e0ca8e536e9169777956dfcca5c97cd85fe5028a9cd5151b4a83e2f22d2a5ea2100e0e4d8d2bad6c8efa269efff66ce9bf76efc2
1787460181.895571 fcc_derived_config RSSI spike: -44.5
  -> 255 6509761a872a576e1842ff411392fa8055c9f7427e470697fc876ad36606ec9f3056b745cabe96ff4bd77ace42cdedc67b87819f36af70a56d1e14e932efeea77fe491fe006aa2d8bc1ef9aa32731ca135e360d875bd4a63cde050685b224a607ce04ece3ab86043636f928554d68de9d96563b3844a47d91f3c70d31b0feff2a15c0a0c181f532e2b403aeb89cf67702f2f2e64c9ff7562cf861fcd28734cd9d5967ecac22c5843636b65c19ad424374686070faea3d614bef205f66b846266b7dbd39dfd3b66a04c0af0f1c969c08895cdb9080cc3f8ed483e13877f6c40a1813315de55b048b37f054d65d38a69fd2780d072837246d4f07bb0d08423cf
1787460181.895797 fcc_derived_config RSSI spike: -44.5
  -> 255 0d2a8081a4af101b3d8abfb844b7ba9424c02fcb875c94e888c6a90db8ca69ea36e501402e4af9f61e031ccd7f6c4928ba1e8447a2b68515b65d1dce19468e86475187482d3c797ad951709832799f1a6cad89abd6f8305a95daf0a5e7e9aca40fdd2edb849dbb45c6056b47e8376985c970396e4cce8cc49910bde17f14fadac6294a311f575b7c2d61063e480e214ac7e16960deee021f84782eb0f52cd553922ee1598a897e406868e39b3bf3bd273d0365e9e31f0195c1a1ff836f27379f8c9f9ba1dc98684047e1f04a82683e083a42cdd073225783ca64392b566299892aa7455a837a0f6091d7c89cf49acccfe8607cfceec0519fc64f7f0210eae5
1787460181.8960261 fcc_derived_config RSSI spike: -44.0
  -> 255 f6b0805a9020a1dedcfa3694c577ae73273c70bcda13ec77c6c72a976fe88a926155cea506a678c0a043016b3d72c8be6d13b8ca7f3267993a3743eac2638ce3308eceece71cf6101c5bf889eb963d18ad5346b42c1c7123eec1c6410210adb900a4aedcaa984d48ee5814d56191caf2a08457bac1952c23b79aeff64ad9f94e53a76d099def4c0167be365c8ce58097e63814e0abf45eeab8e76ec7b13e3b08fef5130f84911e06b4786cec0ece252ec0a81d8da6c32ca6bb65449bc6bcfcbcdfd021e6f13a0bf8062b67ee4e19cc5349a833cb157e7a1ab559a45490ee9242904e30d129df83ae0271654251fe2037baf1d8ecde79e94ae1aeb45da724b8
1787460181.8962612 fcc_derived_config RSSI spike: -44.5
  -> 255 f7f461916ff318739f9c3c188d9f159fd4f0c9a84596518eee374c245e7c407f36e9e0ade38776a63bb438774750412cf2e6dc152326178f19b8236376ba3add2b48e08a8a63c938771485555f30cbdb3ba4b6444cb9abea3e75730fed3d5dc4a5507c892002df3e07926b25a3bf21a074dbbd0dec190d89b7b1b326b8aa6eb31abe4670ca17576a353a5902e245a6d1d12de992534e77852dba3981da97e0d659dad685b684df6b6f5c71ee71f5a2be00b42598c1e3c411248dfcfbbc3065a45910e5a13599d6db2d5047b1c3a4f31bd068c4d1c7e426e3754a955581429ff8994e6dd52f78019efb08082bf4f41afca8839cb75e3072b09e6b7a8d6de8a7
1787460181.896512 fcc_derived_config RSSI spike: -44.5
  -> 255 d1743b546f5477f63a90468ec9cdb2e215d1f502444c809c83be131fc87320c6608887d49b83d1157e3817914e17f897f629de29a901b4d48c0ca1b476f0b3a8c299158f018fe36a05f711b588c33079d272723baf5d524f21906ec6a460e3fba1d0abc3a8209e0adfac24c97f06c187eda696c534b7c72f2e475a7738735bc7f03b9bdbe05edafa366d32f66a5909b58328a0d50afd44e3fd8668c28f6a9b7c0ab4d82e5f4c8b2d79e43462679b41661a699d760cfbe2fd0db79130779f1795214308212d42ba2040f534fe000c15a0adb8b22759d1189cb2dcc4ece8d0dc41efdc7290d689bf8e208f750e25bb2760cf2c214abf965650c22a7807ee4ec8
1787460181.8967638 fcc_derived_config RSSI spike: -44.5
  -> 255 b8831b3d992a674f7398cc00f228251c7a6dc7c1cb781c53a0389add58aee10743673f6c7d0b9c2e5779f7c2532dd039a3dfef3d0ab0166db0a2b459a4bbf202e1038fa17db461dc664957d8c159574f195cce38c68db5d73754d087d881b55c9aa967e2d2a638b44953f6435b4b94a88bf64a8dcae23f4eea8adc910a9ef97e30a56f6902e795da2c207fc18ad56f23eacfe3f2dd2b4740952056cac24bf61d1acfa0d4c9c31700a1df1035b29dea1083d6c05821c8c31f93b566dd8bbcc05af31461ef40c9c1464f444ebbf0275d6f5b6ea98fb17944bd93bcf0245d78ffe31d248ad062cf87148ec717a1d406b71ca7abb0f38b9f2a9fb138ec1b452234
1787460181.897038 fcc_derived_config RSSI spike: -44.5
  -> 255 e00ff123c937245c5b74a64e68551e819da0c3763edbe365e3395ab1935120c56db630eea39db408177a9ada90a09e37e1723d8627a9e68fdb01e4a04ad1a3e0516ac4d5ee2e8a9b1c2427d3227769544fe39fb4e38423a900b3028bd63acf2e627f9813c3ed99a028b76e3ee4d7c36f981386c8a025443c8c46660ca8a5aea82c1a8734a3efe394d0019b189f4ab0623fa8337b664b2a24383bbe77f8b379b5db296165ef6a26b1d487a2d3de7a3c32fdc85f7f61a29cdfba5b5072f347a15f86c8ff9f477854b49662ca89e29ae1fa412820ecf5d9ab1fda62965836e84792b611870bbae815283669042944b1b740b4db3cc9e8948599ccd7290cebf621
1787460181.89729 fcc_derived_config RSSI spike: -44.5
  -> 255 2f8f2d8f58c30bd190b28680e490814378e5b703e97e0ee014eab2aa9e2fbf630aaffe228e4b4bea9d4cc497b71afb0566611cd313ecd716f46ab04b5df50ce960c9687513d316f188fb2d08d9aa6c25271138d772e3a1e09b4cd81cac94631379a12f1c306a736ecdfb4b72c6f49a1769568ff4125a568e35da9a46ffc57bba0174cfb5b60587fb19296472c593c9ee0fd96dba9214b893419ec9287a10e64744994394b4a2b17d778a872eefe286ad4eacc9c62d9e26cfc72fc741d4dce3732cdd087c34a9232b744665d25d4495810d22276850947d634c7f2685a45ee09d849a32a4e096158ef0fc870e4c11971897239232ec0164666e4677de218f55
1787460181.8975098 fcc_derived_config RSSI spike: -44.5
  -> 255 6baac1f94cdb6dd7e76e7c39be03122e4464ca64f5c090e1258ffcd0544023240a318087649d0e8be70fba5e86b19608a0aea5a4a98cd62112d18f3da8486e5a67a7908540e025492681c707e08d3095cfb8d720a6683c829aba7103e5912145bce20240fccb30125837a214e624ecb28c45cbd9d927afc48093136bcf95354597b55de492343b2c7999f360484ca608637b25c2095d5a9e9170c901f4c029f352a19d838ca21b743c128795d191fefa44b9e674fca393bf72be7f64030b918559edd780c359f524e3f4f57f853bb57537d69b39d6ba68a1758c481546a9609010d92a05b2c10364d5804c7f2d075d085f78851f7e741fb5cde484d26c0ba6
1787460181.897763 fcc_derived_config RSSI spike: -44.5
  -> 255 822858a92ed756d3f416e2dda0b7ff0157ba4fa9b21458226feff3c7fda3677ef76b3c2f1f20e654fcac5466c0c93a1e97e45b4cea294c1a730ad8348eaae63c7b73febc9b76f6bcbd39b7b1b887b601b5825c0e4cce4e312f1d9f8f5c4e4d98895ff0c991dae696b8fa1ba1649930a3875f74a8eb4715167f14c09e9cf684fbfe20e71df93a2628854c6a3351dee71bc7f7e49b23fbe08af8442d46df818aac13bb2d438e441677d09cce1d96ca61805afb4bd326bb1d8bbc2720ac1bd8217e40823ab7e2b5d35b36a5c668ecf931a735ff508c2a99f6d95a5c79518cdde677dbef6ce17480a72d452ade5310ddbfe8589e31a86db845ac72a00813db8344
1787460181.898023 fcc_derived_config RSSI spike: -44.5
  -> 255 f746169a18dee32c424f35d3fff1eb54c78f8aaa56d449cb4844f38e02dce74f58f63bc4b24769cd6c2bb23010f18eada8b26ef409aeb2758111f3ddc2bd6c9ea47e87a3fa71c96816d429d49fccb0a4162586ca9a63130dc9c1934e495d882b8e6c9d80033c83baa6324f498194bb7ba47a6c5f659b6e4b3d7158c18ced3e88080e97d667301948209df1fe14a6bb8aeaaae65a909bb4198903bbf74683394d766d47ff6f15c86f6d61ced1d6c1bb3e916d6aec708f3f5401ec8e273db853efe69b4c3f6fa72367449947c5962e2fc7263289cd85c1792029b590b50fc7709097492a33a3c71c6dc758f8e897891143e180eb0a780a066d226daee6f509cb
1787460181.8982909 fcc_derived_config RSSI spike: -44.5
  -> 255 e1acbebd0866c5d6e65ad60d4ba0be8b828f78b97a8e1d11c8b1aaee4732f7e82a02608e932d4dc601bed5609c0d4f5221e8ddd8676d167675de285e513c321f5f35ef63c6ba669ef51d246ef2f213500acd379f13fec54ab66385ce53fc9d8488ffc1b19e27f6527f3a7a60cf8d8643f9b9876d5d8a3562df1c3901a37476dbd66084e9c8e2e7442d9c89450694e40f28e2b11d661daa1ff625e21f83a47016fab42bc80352ddfec1d30b14921797bc3e2206d1d11ffeed9a307068987359bd81629cb04fff432fda570fd20be5dcb71efa9fc5a2cedc6ec56f4c8b4bb6cb09b8c442f4e76770e81b6d328738216506dbbfdf167bff6b87eff7cddb795dbd
1787460181.8985229 fcc_derived_config RSSI spike: -44.5
  -> 255 717b929fbb1a550fd0f4b995e1c94a654972520c112f9874cca03aed3cb95949e4718b2d60cb454c9368dc7e7ab1c0bd76ec3575c16a7b149f3a439848ccd1b47f26b41cf23fd2167ee1e99f36d0c8d5c00451b0976fa595943ff625c9afde152fa8819a2a201bd8b617e2488d81aed42da88c79a3004f905ea24a8b1e3a76b69c8192b2207cc4cda70124d875b222db83f2ac9ca6e2491741bb986b5794f9602b741a8fd9f2f9a2bd8c7f777562d736ecd3a02191ce295ff24907c689228b7b1b8d783c1366f181c8568e046566a68fef929f3601d7cd02e5fa0554473181b9fb9a5128ca7e25ac67108e5011ff6af2454bc0f956923407ddc110b9317fe0
1787460181.898756 fcc_derived_config RSSI spike: -44.5
  -> 255 be6646bcf8a32218772705403f2ad9321a967084b852f292bf29ae363f39e62bb6608752acb9115972a26e50e4a959930b29811f0c85629138decc002eaae69cee237ffc3f58fc6ddd53999fd095e8e433bf6556db0740743b78c7e905df0b3eab74ef4893557d6dc23a39ad2e5590f99167d27eb84a98226280364e04f2a5b86d59c5ba3967b07c2de05c09ea4fe9908a551dab5dc7c02a0727905dd2edb4054cbfb2aa0ca2f24c374ebec851d55e20107234f3afabb3eb35e11bda7519312bfe17f7d6486dfc03e3e8f0188b7be63f794f37f89fce023ac504e61030317a691589501d10381359f7b70b5afd9f32a04d371d2611e284cbbbbb36ec3fe1f4
1787460181.899002 fcc_derived_config RSSI spike: -44.5
  -> 255 e70a4a723beac2ddc58d567d6e15d478b94f2b995c36d6cc40ff14f08c47498b449da3e2a01cb58aabbedc5c694f8ee81e8e22581e12f9d87b2f8d750c40c88327f43e9e40621c98b948aa4b6922bf00a227933b7bb45629a18904efecd0a133feba0f2f5518800459c2b1f123ec1688bbbc1f13ea5078ee475e92fbddf3be3f3987415e972fb625afef67dddacb23ac2d28f48870f40107f6ac5e75d9f9580da9caa411390740a8a00845bcc651876447dad5e42d85703e81c61efca44816aa866fee5f19b962dbf656e0c07f4a6e0f774576ffbf51f8a1b032ba5c1358ca033861e78fb28afb84ec03c33de8a003840189a827e8378c4c3ff86858136fc9
1787460181.8992891 fcc_derived_config RSSI spike: -44.0
  -> 255 4b70e3f67abc362e8ac0097dd900a59dce1534315566a4c0574eae8570d6aee80067a87091e314037fd2cc58ade6595ed61c021b3a0d7eaf2c0fa06cd1f2de3cde74006ede01ebfddb6ad81240d24a613e140332dc3cbfcbd90ac85635832a93bca35559e7d426fc58fccb470e6f343753c0026c4cce2c6f6397c5d580bc37db0c808263c2a61bb8a9dcde8da47ac00a43e115401307ce6c3e583a66372a50124a3fd9071b9e73aed1a4ef5f0a055374b93ab2a8f6730fc3fea278f446853779d96849977386f3bef6411465473ce8f9bf545ff3ce55e52ca7a66b6e3e1c48f45b6c3501a5a489cc106cbd3f85d0947a38d485f07c5e311b79c9e71023d226
1787460181.899562 fcc_derived_config RSSI spike: -44.5
  -> 255 634692be2d465c0611ae0d5027457508fdbe4ec721b57318ff82b5d11ff48025c106f9bf9835f9d6028276d71b0d5797666bae0b5d0d909ca432879790e8122aad18e6c0c8564b5d8e12e81a3e3f9a5d1990325099e7d8b501691e01e3cdc002d8c17144ae14d842c333c26051a96cedb6380dfdee33904ec322c105231ed7031b0b15855e4cc864ad7af88c61b986fc67c267b5f64fa034dde4e1ee2b9398641fbb9267f979884be7d3d949835fba7e5d01bba33beda1daf17edb8a3079294a3e6cbf993f88e41896973052f2c2d3d021e9f0722c21ce670e2cbe4cd19129c2b4ad1ed4753e5cc4094e24015a4f1cbc836e421c76b38459efaafa1a5cf1c6
1787460181.899777 fcc_derived_config RSSI spike: -44.5
  -> 255 08addc73dd768d8327387f4921c316ace6aaeeeac415109220daaaaf1af9b6aeba4f4b10a2422fe67dfd3c5d1de249cbf7f9f5d89c64b4ac0c553c25944070e0d3b059f510976b02be8171e7eaa70ea4a2518286405e4efdec306d913a794181dbdcfff01380d9fa6ea84fad3354c32afd9b31987192bd72def917220ef370af9efe3df7ae358656709b90dd231a8055323c658305f741494c6dfc9f97077eca0281dc2fd2d27a5cdbc5be2b517c95cb6f7c7fc09493b841618da84622131020bc631054cf927d00a25d975869998e85d9083fc24e2bce6351abea821fdd138c647c1bc79168bd0ae0c940fd83e6fae1d7cb9c2b9951c58b28af6544180faa
1787460181.9000168 fcc_derived_config RSSI spike: -44.5
  -> 255 f9a54a9c251372618d0a197d9e9482f7a8b017950c073582034e30081b4f87e7b3d35e35f600c8b95f3d3a769f6fec726a3cea675ce9de2d05e186fbb5d002ad0233b4f9fbf98d20796a88bfae925c446ac9c32e41b0a7f0174cde7657b9ac19b6e1cd0994ec06c185f9ca771819a6cea1136a93918b8d2f8330f8b2df3c40b954866c542fdeda5a33f789e6ba4dbbb362c71ecfe7343f78885511b1efdb8a4acff27903aebc7266fd6d0f46b330e97d3b4dd77ff3c337d4ed8d30a264e115aba0bffe26f9c3c777ecb0460565f10fb4367fe456d3fcdd2628fa1c97db3361888f8f3533b3d2ca8c5153bbbd4eb44f0c35dafd2c6693d972b670a77d9cb157
1787460181.9002628 fcc_derived_config RSSI spike: -44.5
  -> 255 6d141a62abf173d033329c18ea456f416d354eece6c192a7cf0a077d97023f9edee3e6de9b3c760b764f5ef3712b862b52e51d2603e49ec7d99bc2235198f2ddbd737e105bb319f3d7a90f1f4dd22d06c00c252a947fdb5333edd93546c4248d8ce6c93e72f19a834c520d91e8fa21530ee799c5ebad575d227bacb3cdf565a3407e64c50fcbbb28abcc6b1c730c97d8861cabf8b7bb79f290b4774da41a95c3a89e26ddcd3c45217856583e6d0bad2b306feea10284b33595ac24ed1e024825d95c1dc98ec371c10aaf0e6a095014f08648cf585f9f454318f1b8d385d558ae6a15c8ac6a8b4aed480ee95c028891d4b19663251e02abd3c8fee4f8dd8c8c
1787460181.9005032 fcc_derived_config RSSI spike: -44.5
  -> 255 eed02d70f143f574470504ee0397fe107eb2083781567117f88f0760d1efd7feb7d5d0c3a9bbe86a6bcdf1cf9ce61f2bec26c970f00968aa15020639b41c7f8604ff46e48e32feaf83e28ececf1d4ca134ea66bb95f80717f2cd45cac4e162ff407861d3297e36b517526c0f38e6c85d09717b855696743f11fce113f89a8e1b291bdc6174696b7a96df9aa70ceebbcce2b9f9a1afa0322bdbff720a25f12e9de1607f0f67a4033271b5b9d240e24f5e2d83db70aa9ca7553b7ff3a3dd09eac143178745a605671b555ac899e65acb10ac1985d9f9c631513fe0bf580493fbbcfa9d43774f6f19b73f2ff55ef3d8ade590221061e7884d1440cb8773c3fcdd
1787460181.900785 fcc_derived_config RSSI spike: -44.0
  -> 255 235bf0f67fd6bcefecb5f423d876981c7a879d87bd506da9276f6f55e22cc9d4e90f989e4019037dee24238505d5e876a3fafe0c0f71ed006646247adbb97943581364ba2e798c8bb5e81456373c324e7227b81828a68029051d0749df637afaed0bd59167dc4c98ab5a12fb536a570e09397c2ac354ce34d9bad3f4af26c7415dd7eb8ff96bb93a77d8680a9d65678478b488b47d9639f32d422415fdd8db73e3bc6c500f503aa783935350f93495be044426fa2a926ef3a4e187fc559e53241e850a32849840622bc1344d5d5b6c19a2beb2467d3251e63dde5fdee0056c584b905e7e4f59c7b56a7f9c0333ed544feabbe7b287703f0d514c63ac8e20ed
1787460181.901043 fcc_derived_config RSSI spike: -44.5
  -> 255 a644c89589c731b796813fd0bafcae7231cdfc1ce3671831f6add37235fce6577c27921bbb8db30929155117b314835a76aa728187a2827f676ad3c5f33ea4a02f1e9e9e33d1d5ef2df57454fdc5f13448f3814137133e61f08481c85d9fa1aac107cc50ae20192e48d6c4101ce2f15a87116ed78a574da2bd34f42a40b38e778f8d60036d207c0becd855c7eec070343d66d147ee83bb5dbf6f0b9212331c14c915db1d83d975bd47b2bcd6f731c8b17d03478fb927b92084659233ff4667f8c02103601a45bc1f55be72588b1273c34ac5d71174cb2c94bc0dce9711f025212a5ebea5f961866f56ce6baf867cb1042b7433ccbfe76187e271595a8deec4
1787460181.9012742 fcc_derived_config RSSI spike: -44.5
  -> 255 73ad38642ace7025503ddeb4ace0d3e3c3a5bf9da9cf12e58404380dcf61641b5a1439fce6cce1099e14b7a3a0e6f6f7341feaad902b0a49932a99bfdc63f99258b948ea8e8108cee1572cdd35084798c74ae7de724ff15b8b8744d8aeb28a4dca41ad4b97d31669691da0f0166b8111a2eb312db7f308700744358dc2368d95f49580fbf0b9de2b199946687fa3bb54c70edb4336af8e685fe6c8e1199acd0b7018407200f890b975021894e60bbae5aec61cbd39fe95781682d88a8235cf0eb20b7c21de9cb52fb50102509f4dbb73547c316b5060954abf5373dff38ff72c7d09c51f8983a65a78ee50b5d57647d2e9f9b0fdc3ed2e86b8d308995f5409
1787460181.901522 fcc_derived_config RSSI spike: -44.5
  -> 255 17096a91b57301aeb220f99400f8e671da5ebe0a835b61d5b2c164e5aef18b00c81db200b5dc80d06fe39ed4a66f7d60f4f25e8cf4afcc0598acbec7d97dca072b3476c56ed80999c7bab863c2edb312f7f8254dc577a2f49b0bde8270c830d9c3f91496dffa45cb592a8535e60ce0d7a6b853df6d7d0b6a05542aff9865e7369f9f08d853bfa48b73d5496acd0c55262935c1daa7d5bf000bfab7ecb3f3d0c701a51f0d2b8194622877c3fd7279690a2dba7da064fae60dc8b5adecf76b5b590be9dad730924be59f011ca98b060306293c26564c36d2d1a83b05e62bb1cfc2286a307a2e765346bfd8960ca62e1a4c85d7464d4ec9d5317c290480f25b02
1787460181.901792 fcc_derived_config RSSI spike: -44.5
  -> 255 3c98263b0ea48ec6166a6e33d508e1a876eadd3779f2d6662068120af19b4155155c0759643fbea8995a06fd1f67c5b6ec8302a7f83438fbda6cb44c7744b1101bcb374316400fd9d2af6e922d5b18552206b28c81faeea1495b5bb4a74418052f31bc338ea4a4e4725e771e2ccbc99209093c978a2e56307fbf38ac1faa8e7c08e8f86a6906734a3d9f87c953b93bbc1e96c5a53b136e6352fe9571f0d34025fdd9e01059d1261a214eaae7b15b508f768007a320ab0ae30fa4a4fdd3f635071c63265c25c8651846167b88081083201199c69340a9432bc4a6059fd8b151226cc11af03a18891ac593f44f2d92a2f8ab6d1d914f1f35837850fcdf37036a
1787460181.902038 fcc_derived_config RSSI spike: -44.5
  -> 255 56c247c18379d80b3cabc60ae93301ebf29260ab775792229e64c302d5cc010d7c7a6018503203bbd945571ab79ec93bd503a54c80c9f6fcf396e0570a338763d5341f57f3393dfb921b29f799056e39b4a10f3b5e073513cca2e58656fd945a7ec35fb1ccdfda39516df009ceea53be0702d70f3c4f665e1cc0a521dd849376474a10b3033ad707e536fd097363252778dc8cc36ffeb8bea5246fbb941eac8cbecf6f151066da434e9b902048ad978b1e7132be8ff56a265490d1c26d3d66ec6e995004c2346d8cf482588fb14c6238269460a7abbf0087d073ace6333a38f078d0a6d98e4bd871fde95508c53bdb9ddf800569158aa33f22dae0145a2484
1787460181.902261 fcc_derived_config RSSI spike: -44.0
  -> 255 92cd310c1a093ba49109f2b349ede87a148a98e9484f314b99abbbc56bbfc579b338bffb643c13e04ffa44316fec05602e095693702e7f7c2aaeec398e78a8cdebd00d59c2c3c04536b198486ca32ff9940ca56fdc5d8323e6bfd92c765df09c70eff41ff39193297797112e33ad1990dfe0454ade903d6b9ce00325bea5a458e954ab2c01dd2e8855852b2d9f4b2ec06d55f467c20a38e1ab6e90f8bdb893a2ee84ef56745ef3a17bec46d5f2a8d206c9aec56b61a86e9b00779b3fdb77c958ffc6744959a9e1408f2e6959011644875826cf49ca9462a71d3bcca06ae26c5d87e4229b799710e05c2ff72dab1a60b6dcab6a36e2b00a4801b95065aadf2a
1787460181.9025111 fcc_derived_config RSSI spike: -44.5
  -> 255 bbc5b7de046ef0356bed2e6fe0d7440263d08e353e1382c02feb56d31e1458658dcd017e1ec00f8512f498a63423a87f128caa32c4fe9b599eb9ca5a1e201e27527775abccb75e161ad2046f92646213634b543f87559d67952245d9dce5bb7f2c544fc58a98b929e68bac8fb0e9a7ceb0bd080ecba3615f1cba9c286a3bcc35a4ad5f3ec6f960049070a9a6d8a48df63268d640e964baac04c4932dc2a8ab9b5638c11f68855ab5c1ccc564c69c4f7061c9ebd8de18f671f8f416e1ea7cef0d8b3e9292c1acf48d0c1a11a77e50f8fef7b7d06b8a74eade39e2e5dfaa7b5ddfed6cb06de66d1e72cf2596b63692b2d789c520f85de5e8f1ac737bd6fb5bee
1787460181.9027798 fcc_derived_config RSSI spike: -44.5
  -> 255 697240c7fb86f230cd037cdbdcd6ecc4b2f892f222fbb9c1e2ba11f3ec5c38640cf78c766ac90b69597fbe94ce8ab791c7016840354d0a6e27017a8fc0c41093ffab4e63dcd295ebe787add0550fb4de3045274d5eba04e4908918d90467096f9471dd82881d07a812b7ff27737c3feb591cd0f1d03dac366df7d0107fdf4b4e80378cc46b692585fd3b1f7a55f5f5db3d63684e834fdf533847e54970c93ce51e226edcda1f7092fe8e892143f27a7a6364eb3518fd9ec39df607fe6e8aeab985a6ae77cc56114d1576657c9acc680d1ac368cc42b06b7a8b9c8ca368f88f5c254be0025ddd8751e76ae09aca82d9b901edf15ca733c788f94a9b44e9719e
1787460181.9030788 fcc_derived_config RSSI spike: -44.0
  -> 255 20e9bc07311149bcd78e66d2a2b2b99e974047f6ce80bd891b5b466024d50f61c0e5240023db639bae648ab25fcf3b6a19316fb7280edf2c4505555529f6614d314d5b7e7a7f9d85e95f888dbf34f4a7de9a78e802426a9d1aa2745a6850e324032692e87ab8cd8b774e7a396fb34aa513c0d9306baa7fceaf5e2d00308a2338cf0746973e20e1c98199cea32ac9c7a33868e182ce8dcd0936b63811930f5ed9e7df74b650a3539c33a4d76c1954c7c605895dcbd15b198d03b27c5d7f8f3d1db73f679bab7ae3b1ee377db3c422bca9099dd7103467ec65be8b26b5e770d7d55a189a6505aa54eaf80882dd267385cfcc81fc111b827eae56d98b78eea3b9
1787460181.903285 fcc_derived_config RSSI spike: -44.5
  -> 255 f2a6c814b414fe8ba48270b6a58c962c9b5db4f794feee243233bf7f071431bd317bcf52087c8327f94a6a735d84e3b017505383ff57c4e96fc26ef38e97a63dd04be68bd81d86a949e8f341dd475a99574e24a9aa06c63e1a76aef28e4d7d8f391fb34493b567f86189f86db376534a8fd5c82bbe276e53940159f0d2885d540eecccb096519c4a1d969bf35c58835e98daa4793a89b141af27981b6524d0197ade88075a8350e802556c4124bad11cfd915fd20f643b61841c2489c5c314fcaace8bf2d0c17d5a5673c1a40a69b17354cd999a4cad2651b2ccbe95d0ea2bba01fb9a91aa094b84ecb9d05703ddd68b80e0ebfb22aebfe9afdd5bafa4987f
1787460181.903552 fcc_derived_config RSSI spike: -44.5
  -> 255 8b0ddefeefe9883f98c6886f76b33b50ca0c0bb79900b100ace3cfde82b5bc1a8fde27c0cdb3ce57a24214379351bf8506de950745a3d697a866c093a2a9f22e4bc570df82a09d242390375e61cbe67ce56ac43613b85a0a6e0c9e4acf199e4e3e862e39e6352ba0d159c1164b4b6597c733a32de9b746bcbdcaff6b467760a080cd8eac64b7597462fab58c3f8ed2bd8dc4870ae3b0ea4b3580eff92ca80e2ebd90c3a508810f83d3a46a04cfa34b4f260d81253de444ea2043037f9c530f8ec58c759d07390bdab4e659969b108f5b58fe551a68bffcc56c21786320478c3089dec6695559df57d4ed27ffb74bbefcd327e8605a93fc01ce83bd69a05dc0
1787460181.903806 fcc_derived_config RSSI spike: -44.5
  -> 255 841121e876d39c390649385a70427676f68265b4bd18a65ab3cd48028dfbe41c712f19f48003502ad35c96fc3daea3415456fcaa2aea55a2dd168f0753f3231655445ec3bfca6104baf3dbb3605146a5c026d26ba67e1e47cc8fbb77eab497991a7fc9c5ed6822b19e9dc74f0386d97684f977489c03956c3639799a3f45ee74ca9a6c43b7183067a00e28792537671e076382179e6369f9d3ec1dd6c0ac5112f6da46c75f61a123cf43f63e5d15e2085ba50eaaae8800260bfc03d7722ec7400bda3b00ce63d31db3dda4b1022415c8bed1359b8222d86c8e51df4a40df069e4f6183bacdc6f3214033bac62f076c0fe410a4c08eaff0728321696ad8f960
1787460181.904095 fcc_derived_config RSSI spike: -44.5
  -> 255 f2213f60121efe9e8823ae9895a0549047aa66ee28cd3bfbd38f6996e99b424b85c5b7cbfd8b4cdb45b8bb40c5321e1068ba79c4ea763d2b6c7adf9490ab9fafb2dfb3fa7222aac5c0061c4e0b01ec4dc56f627542832e6007b2cebd8e8213e4f446d454d10f8ab6edcbcb7d14b0fd6054a17486c211a1c3b6fe9d8453544a62ea99e0f1c96ba5b40c0a08c2a91a33d9352979e85633b92061151ed59bb7115da343336b9d2611eefc57fc0baa6801741d080596b246c693400ad1e1da55efdba5fb61ddf9cab6421e791a7a23c7e8241c5b35e4c23242cc979ee44bab372a576e917775ec853fa0b56631839dbd3dfe2fb79913be8cc468d3d8afcd31e765
1787460181.904335 fcc_derived_config RSSI spike: -44.5
  -> 255 fb8575f2efaa824a8c618493ce0a6ee6f5b696a6e57bd974da2555cd74cc655c79eff091d5905a21481cfea00f7770d50d233bd5e7b8ce62da6458bf5fb099e4acddbfaaccc2a2e3569e66077b38e2b9a0e64d7fab8dd8360f548bf11dcd518ac940a3b3dac774f31a2eb6768060951cb5a5ef921cc019a6d97b3798d45448378a7cf0191afeb870a07009d0c117c3bd0f8562d7c3cbcf12d34ab02bb1887f048d9a0643db62fbd402150f3f093ee4e8f8f57c9bb16cc4c916f6000749f90f88464ce61e367c4e81806056880de77efb5f60bfc9d017254661a65d3293cff1ae650ad6ac7822f0fde3ad6a7095d934a463d5f29456b2b895378d5616c5ac7f
1787460181.90458 fcc_derived_config RSSI spike: -44.5
  -> 255 5e9ea4e4da13f9fb5749c49f3c06ea5dfa405650c64dd3afbaf8f3ba974e3295a4af420a2be6818b34f5809f72122a23cffb39799ef191ac27756adee5c325baad61b3ceb55945b8f04e80c8e807254e0e664508132680abf193ff50801ca94d3a500a08fd9b2df79d30de5ef639e0629ac32417b3523fc517a6f549881a93b00e4fbb070f4598156c3a132280bbc0a9dad8185c4a66f34893b75453c1abc1cddeea5cc095c65cd97ea4f607a3d6d3f4b158b74444de5505814fa3369ffbcf52aafaa2be668f25332ff8f774765101027bef1c1fbb64dcfb570f0b91de795d1462a948e0b4b29a400fd16bb228c9b5f3a0f2c4da31f70a9ffb03e153cc9642
1787460181.9048939 fcc_derived_config RSSI spike: -44.5
  -> 255 b5c0c5d4ecc66b9afcc0be4b99f075b30d6aa5449323b40c6484e9448bca8572ecb14a1a3a47f8d991540460f72f45edcf62c08577abf34cfa6ae1ab74f9f1e37b0288b864d93fa90f4c2510dfb8b9fce5a0a00cbf1697d7b973c12fc73baca43c820bde6a20e8d1fb715fe2798bfabe6a3b419be18921dab12400f3f8b36d32a1267df8ad2314f199f0801e65b6d30b01d7c09ec14da497e546fda5a00a70f434302eee6806e5867655fe6d36c4b8cd1bd45003a480031c9fae7ac196d1bebeb062cd3691dea7654f3ecc9c3e112601087a35b28deba141db41f86e18872b5c4cefcb8f95276ab4d055c11da2ad48895c971623f9f723767f5346d1088737
1787460181.90516 fcc_derived_config RSSI spike: -44.5
  -> 255 84680c4bb0be2b2a5f6bf1006b4133e8797a0e8ee6e405f74287863e63c287e3e9052dbfb934d67ce92e5920f2e873d5601f40dae01ebed22ed118d4d456131aedee795a2480fbb2dba81a8775aebfbb1b07219bc4fe92ed393fdb4190b3a041ea3442e9a0e26de4d371ddce6787c0da641dcc648affd8320bb94cc7bac2d65f5eccd8d958e3a5d4b4114a5016eaacc8b9869071ea108afc140eea5a48ccebc41232ae06efd6127e31d2c256f690f83a5371de44ab67d6c20092222babb0dfe71688a785b45c335baa219b2f1d4555e744c97bf121aeee58629a22afa102623f36c9a3c636ce38e0bdaae1a901f8c1683e2a957144c75d9973b21a8ef74f07
1787460181.905406 fcc_derived_config RSSI spike: -44.5
  -> 255 4b27a54bdf177f8a5e997f0ceeb7235dd45fdd3040543a848dc84c20fe6ea067ba34371749d6231ff2b8331762a9c8f3b36dfb1859d58e042d1f82a3b572e05cebb8fbab1cf358973218916f2d25a74df3b59449d8b0996e6a52fb54cccbb765890512aa51e96c00991ee0db6687978d066d39288cd46453a4ae9e1078fbd428cd22f85b1f7ed40b7f43fa24f84d5c2d9d3830118e4bf8979e2975fa15993dd9009afac0b538d28bd0f8903b3c7a6264c2330a839e0106f3af2c11cf93d2048f2ce42f9bac6849f8e5763cb3e300c764203ed97aa58a34d1c9cd2557cc44bd9f9d92e52f687baec43cd77b9a1455bd2883c057039082101790b076c9b9f63c
1787460181.905671 fcc_derived_config RSSI spike: -44.5
  -> 255 14099bfbb3906ed85c37125b782111a30a23a18b9e2761f68950f3efbb91149c02022d76d371d40696cfe0e7aae7e14ac6d646ebd4fb2f41b019de63d53503874be473327972685c5607bd7c9f6d87307cb45e3f0e5eaed96efd3d1934ed485f4a70d3ef0f46025014b03c2d700f7a3e3f6457451d36bb12a0dd1f79e8b11b5ea39b4d404780496720e30288fcc11345ce42b7bc1c35af3e76615e1311b8f9efc97bf2c7e05495b87d941ede137c84f8a185fbbaf09d8190eb040f23be42890d89a4cc396481c151ff9ed5f115cadb63ef178d25c48255649b6e58a6facd55cd3f657a34d95991a4990af60840f015a49c551bbd70668837cfc51b48adf15c
1787460181.905913 fcc_derived_config RSSI spike: -44.5
  -> 255 3adcaa1f27db37b85616ba27d8d49b0b1792ba0f7bddf1d921da3fd56667ee482dcf380a168069ae25b04b90e17863660a71dd833b682f6e0793d7b665baaaed7a6de8d747981b55d15cd909fcfca67194918ca170dbd7411e7630b3e6664e066f3b8188fbe4512f7be3287a15643a916e02641de0ba305fb50a474118e3db4dbb240487c0f32269f22ac036bff08b1de1dffe04d120d4ecaff9a90174cd50d08563e1d8c3e00ea889acfa896fbe6688d75813150b2255f641e9ab35a1c758641b5f1968d23facea5ffd055a29d93dbd5ee2035d4d897ac795b677d5212bfb87314efcdde8d594375cc2f75268d07d43a7805ea54d39880944e9e3ac16b825
1787460181.9061708 fcc_derived_config RSSI spike: -44.5
  -> 255 96245f71f67faf32c464924c218e65c524f632b4d9e2a50675a702ded77c7feb5a065c9f2c7e351ff3d4a3a185ed756203e8bed8fdaa58ff4b99aca1b412443e6c70a89f7d8cb81868fb0fd83b90e6526166d5fb33cbf0792279234a682905353caf9f91a7a910eebc9a601a904f08f7da0aab9441ebf5e6e59afc9dc731c889e3d66f1c4e94e895825c3b5d61f2ed4160309f626316e4cfa7b250fa8e51c3ff1e44cdf3990c450a3a1e26559e4becc2094c14f73b0ace7e3bcfd41325a6afe5c8033ebc0e7f021cb41f3a5926bcd8343c337741ff6b57ae70be3a50ed7fd7859940676f68accd25b39af26019c24716011072dbe1e5d30980478362717e27
1787460181.906401 fcc_derived_config RSSI spike: -44.5
  -> 255 7cdd36385fb08b77718f0096b9bde61d3f4022c18d71bf65cfaa6f4546594cf8f4221859110a24adc73cfd1793523447d486aae0eead277e410062529792a7cc9c850a9e5bc2857c18da217a28698f93c258378da3ff34508042f2d9b94531c1bfdbc14c8101bfb633fcf1250ea42453f1a146e41d4b650591c1822c0d66292caed6c6e1f7b1c5249d62826fabebe5bbba4bb9f70108c6b1c15a8548e91fe0f327d1a7de3118e96e21a21befda2fbfdbb9fdabe27a846c839c20774d6470a2327fd4fdeb3aabb1f1951251eea742969b08de0802d096ce1394f0b7ddcf15056b55f28a51bf87fc9da9efbb6b7cf757e3c117d8d759e5fc0865980406d910a8
1787460181.906652 fcc_derived_config RSSI spike: -44.5
  -> 255 5f3818ec410c7532aefc112f44423006f332f9451b5abe4e55d5788f7c3b605fdca1f2024ecf93948584ed093d226162ae905510d30fd4dbe6e93d2925294cee7fce5425b97b53b268523cc642e95ff3b0f05f47822ab7781d46821890d522fa91b13de57b4059a90373add91b36aec525f886ae45100861ae02814d81428f8387211e4da2c4122219612d585cf0c1f6f333dfbbc787ee1c2b328895aa4f97f41ca72024bcb895cc0dfa4d3974dcfc18da9e86107d42a5d634011a537da46a252eb8a8101b7152ad5c3fef8512b6ec6f0a2c6a7f0228e80d5ecf0e2bf472625a94640a2c561123ef9fdedbe0650c12813a51af6110dbb1b23c9e2b9a9deb88
1787460181.906902 fcc_derived_config RSSI spike: -44.5
  -> 255 6fc075a592634d31ed0f0ecc5dad19aee34b820ea9e5575c64c5022a0a045ff567a94a7c13a458675e35abc29d4a6870384e057e73b4a0eaad10ddca9323f9234f520155f7852a7cf2360d970eca7f68b7aeed0400f071458731a604eb6e7bc18fe70261d47c8da450c2ec8acea40d58293836afeebe625ac04af0f7bf75320a1fe8eec64c9d01f45d7d758b3d5ff86bd6f5b6bf5ddae0a0c817f1fb90ca0f01a41e15941af455524ec916315eb595f200924aecb8b12b1960819d5ad205fbb2ae54960fa79fae0ebb82c3e6fcf9220af2e83c1cc024ca6333d6131b6caba3d2b3a4dff5253cbf1a3ed5b5892aef4d97a9d452e689d37c6785dbe6ee5984ca
1787460181.907161 fcc_derived_config RSSI spike: -46.5
  -> 255 b5f42e0671a0360b58c3ebc670b90582aed8bab1e340788665d4bac5093a4fe8894544b22e695303d9c27a8925c4218b830ccd041a5648d092ff9779ed86839319f02249429a42f9703bfcabfa88b6daaac25c65e13ffec0878efa925f1ac65c55e32c8a320c9dc3417db575ff7efbdaaaeb40c6b6da992baf97f35df0b746cf32832edb91e9499e12d3c9f011a01605165591c674f545948ae48903f48554354ddf794d403b04f08a75cd5600860e9e75b679942ee35045c9a47a99823d6cbaf7f66ff4fd4117e3861eb332ec06d47bc80e67c5158160c32488ef9a37e6e8b85cdb7ba85c84b51570651b7d350e8d40f2b12201b137e798510e04ba12f503
1787460181.914913 fcc_derived_config RSSI spike: -52.5
  -> 255 3c8e26d5eb4e87082f97afe158e0dea420d6c22af8001692ae52519f737e5c5f069b26ba6ecaa90f911c5443d6810533d7b1575f0dda9fc749344c1f6237e82fba9736820c6e48c02db5aba142e1f43d0c5b346e5e9b4c1f32d8251e0e7d6a51be18d0fadf7feac47a1f1696349b9141f314a970a148464e9ad1122e1fdfb10729dfc22c7c0a067287771abcd6ea4d43eaf5943da91fde312320da327ee576b1c80f15257909d8079b9fd109150d8fc0c85c0f070d41eb8bc5e2d1d89cffbe5b6576360de5ea1a7f75b1fc5f125e518878247b5f96740d2e94c055cfea10ba7c6efa5173317b6f8e632d205ef7118a2f2b183d0f4a7333681015649bafba1d
1787460181.915172 fcc_derived_config RSSI spike: -43.5
  -> 255 7add92187bd318ed1422180259fd9949d4b771497b008e4dbf847b9b91c1cecc3c0aaa88a5ce1151728702aeffb4004a9c93b549f4dad2e6c21da6bf6eaa44e20d658a910fd20f2accda6ff0e9f09e582491982dab6b7e3f5bf66acc8db02d36fd640716eebbbc9b2c1d9c985a21d7c9c09f18f1e99d536f5650507f84051c357bf7ce685948a2c88295c8fe478880609297f2a666281651a03916faf8948dfa6a605e8267d7f00e088f4fb02357e1aff1c0db3bb0fcf95de6e7d7b5b537e0696a30d3bc0e71898a2c9c4fcbaaabcf55ec6b323d9f571f53904fa2e99bed1dd59ae7a99cd3f729c184b37abdf927520b782212baf728f4d3d2d94de66d8ed2
1787460181.915405 fcc_derived_config RSSI spike: -42.0
  -> 255 e74701b8e10030f392d990f98f420eeefe991331031bc9992153cd9bc0538c680e97df29eeb407bf2fde4a50e66787ac5f16629c8e00437f8b56b5063a8f216507e9e3617c30a6dd3c863d3aa657d7e3e7a8f7f4a2b4f64ef6478e76abb92d7b5d6ea9fd79706f17482239aa0a12f08929ec795d64d2d1fda1abeb626f195e512233d3406ff38765546358e3263eb416fbf2cdf0ebe8a1a9b86c8bf97ed42e8b936b9d306457e347937ebcdea8cd354c2170c0906353fc76b39b77a88919468f3fc5106642f5a109f721ee47d27b2778a9b373be6db1e350258d10d8927f4986cd788512dfe018ff9bf4460dfa66c699e2c46629ece105e713f6854a0c4741
1787460181.9156559 fcc_derived_config RSSI spike: -42.0
  -> 255 a613e433c60b65235ae1de44c5af7e64d1582ce1eb7ec2408373a5fc14240f5167dc785a6ee4767749d367bfc4ea31e75517aab257ea1f24ffc401d2269d3dcc58c05cfaefccc0ff799985b83b7c92ce15dd6245c94fa9684652735f0844051c53adbf1758a858c63ac3e28aaec7c5e9ffd7d52ad8698628a5d42ab5439670cab298be30da89d35dab82ec95dce9354104f52c5a77482f2925195e7494a63fe7c63e32aa3d104866c183fdde799560a63c64bd24d71f9ed79f8e0ea6320e58e02fd0f2cc21887bfb6bece5dc6eed726c4af8d90e10ecfc3c7d1363985f092426798cae83900a51ee16ed63ddf6bafbf5cda2bfcea45ca3fc47cca5a76e91f3
1787460181.915915 fcc_derived_config RSSI spike: -42.0
  -> 255 5fb13c80a9332767abe990a0f7c4e0a727ce4a9cc528e5f3407693049d45388539a1fac4ed305d69c7a9e6c74bc86f0bc7cf031a390c683f52e69499b53427565fbf2db448a1e79e39c020c91e6c5e0165402044a577c83578ddb721b45d6f2a963fcb453d26fb991f11946e095ff83a59c7fce522b8ab3727802cc60421671f1f4e74df4622d0e6f5b783e0ef4be93cbe933c5263ec3218576c1e01d75bb5d35ff05f080bd83f7eacffef85866106c436958222b42a2f44d8957a44942f47651d0453fe2aef55e83a21e9993adf69bd2114a4daf03155b463f438cfa58e2667dbaaeee8ae1b3c3fea35af28732a5327d00f6ddfe13c1738091c64f47278d9
1787460181.9161532 fcc_derived_config RSSI spike: -42.0
  -> 255 10ead03bfcf1740ba4e7c204de82ec09ef12324d85797e33181f8738c21a37dbf85560063c2f1618cdc64ee2fc26957bfda32be3653c5165c602e8007fca8b81fbd6345a891830fad0322ff295b3cadfa0d4e6bbe7e887c107af56d113e6445e5c4ff3efc14392f1b3871e6cb42f15e4004016c445d25fe62f1a56d02ce7e73d2168ee9438055168717882264c402367cab3aa914df3e7bd1761f9725f8bea9b1b57d9e55f6c80393e40c5001e084055e14d8dc0a06e365906f6a9ad93c77870b0ff9619ca9538e4d98ce6eb760749f47c18541e6c0f9c754a80ef12c0ae64cf8d7ab8e1132463019f64e07c159c80a9c95cfadbb2caffad26c13fbbc60ee4
1787460181.9163918 fcc_derived_config RSSI spike: -42.0
  -> 255 75aa2a7c6a82574ff8da6bb2fc5bb2967dca88675ac0bff3102cd28a154587f664722b24b1d099ebaa5012c55969ff9497bf9307574e30b1413c18673e7ca0e00e826fa10e9911f4ace646e4cd203bd1e9cca37d904293326bfddef8d747428364a46ae07731e959c30f4699684bb65ad2da6a695bd5ec3cb8728a33353fbf41503d2a59813783571997ef29bec0d10b20bd574a61d33ec7ce2c8e6fa72e35a90865baa92c91374f7b8f9765072185a4f9d6a48d8788557024712814776796f74fe86cfd0d66ca32caa9942968cd84d506a23f8097ee59e9d16f545f2853411789678e3382aebc03a7399db4ef5f73ee00104db3852fe61574a9d23ad2214e
1787460181.916615 fcc_derived_config RSSI spike: -42.0
  -> 255 c099060e334d2cf8585b944b50fd6cec8e90342d1ae0a539ab22e5b453aebf61c45af535d89f565ec0703dcaa35637989476abf04c76ae83a50459032ecd66799f54f6c35f24a2036902e6f0bd5006c228e9fea59bd91d1f2412e581bc77535f07aa23ae1ac56af0860329210f09279d3eaecaeb1e10910d66d5c091993df59d6402d3f0b9972f188abe4e3446beb750a902f369a0d9471ca6528d0bdef390e35672245e8a41af4b875f18e5fef9d524956971fcbe2022ab14c7488e4ed1a605ed5b7c01eac1c63ec462f6791d156ab931f7bbd61b67c397b7692144a5eee54c95cce30ebe5067a3ae3ee83502e749da7ad9c4b5d09d11a82531ea5969d77b
1787460181.916893 fcc_derived_config RSSI spike: -42.0
  -> 255 a9ccac798852074e44ae917649591c0ee551137bd37de93d234431c7a3670a702272c967dd028f1e86b9dc716eefcd3df8272279eef95091d89f592a83b4fa97a12f16e2baba77dc77d0f9baf40e82d39b114e629ab39c0851b9f2c98914939d482026c2cb523e1367503d29b07e2d2172a3ef74c929b6c67f2ae81cff7fd745ba5cd04c5a48ee68edc08abf14b43bdf0991d11f66cd724ebcbdbe3a052e2ac17e8499ef9d09c482bb52dae79332fbef9794e498f138f0b55368c9c23e813ea159c5467990d19149c56ac1b8aea4a636b97f0e39b30ada935e4ee01a0ede58b980f52b6186d2925034afb4a84588b708ae81ecf89e2102728050054b0f8cdd
1787460181.917163 fcc_derived_config RSSI spike: -41.5
  -> 255 605553ed181f710ee593db8cf83ef2c44124a7171fe9e056568896bc8c7484292a4463e2d4f8bbec29fd51614f13783965ddc13c8e0740b880c75764ec16732c9a56788c1d035311d36b5b474bdf41d288102bc9edd9b36857bbf0f4d2a5764624a4989e7fec65964ee9ac6029ab6d62ff0c49ca6a115be30bf269241ace279e32687cd826617938c78e6cdb91c675580ff21e03b83d7efec6aeedc1ee65ac07521e47e2b2c0eb1d2e7af6048fbcadcaa9f0fdab74dac2e30594b9e5de560c79d74bdd52cc7ca42f96ddbbfb8aec32c2aa117b72376c9a10db49f7301e68837759fa2c39445214f40d4e1e3a6f2900eb17d2fba0e4272b7378161437498df3
1787460181.9174159 fcc_derived_config RSSI spike: -42.0
  -> 255 0841dfec3c5e413d2cb34b60a80714b65573acc4d5f67df20ab302cf2ff1068d39f6cc5ad79889ed391e51446a4e3ab8924a6e718bd5237bd3ecbe207ffadd7641df80ff8c4cb907de809a3fdf17d79cbb5ec79f0f9d4eabb7d244db8b953f054d31cb3f5d82c802dd36cfdf6b65fecdf1666b6af39ff57d2fc41554ed815d38fc19ddd1ae0d4bdf4b8a34520292cd7125dd91d508ce11ccbbb7a6d9b6cf4b4966adb2f7cd668c46491110b22d5fd51af6e1c280ebf324e5a911416cdc59a2d54cf85acaeff6925ad57057df000729440a6e9f9f45fd70c151bba234889070d1610f7a468fc6c7f7edc239b24a47117de1901dd0a425038af8a90d0ebbe90b
1787460181.917629 fcc_derived_config RSSI spike: -41.5
  -> 255 59f155c42bd9452e4453510bc8ccc4a8e3b63b00a58604309c8bdab54ddfa68f7b35f8856b44550fa073ebcaefb8f2e5c29c622a3d8927daa8bfa3a5158496f14dba77fcf18201ca60cea8f2d73579ef422a2139c29087db686cbcf1adfa896d08fbd45258c0607df54d076f1355219cada33903ddb6b36e1af2756af4001b37b1febcc7d9ef06f4d2e83022f67a1890398ec98baadf69dab2b8998a5da4b3c3ffe128a3e20bb175109ed2aaf7f9f332b494300f19dae7fa6142c2659705022a21a13bdbdf2556b780f300d97c42fceff92d74be9845abc8855d871344b21f55c563b7f847d31dff1f68ed9298bf899972ebcea2e3837467d94cccc52ccc38
1787460181.917891 fcc_derived_config RSSI spike: -41.5
  -> 255 2a45d13dd1fc75a909d776957d6da1c4d01c62d2db2bef5167e1603b70b7334878c0587fef7cd2fb4b19206750ed2b34d6c5946533313202918dafeb6080ec2cc0624439c096bdb1d7ae312606412dfb77140faf2f4655482a7cc89201a874e19f8d7705d705858717fd8d7d0e30e3c5484fc58320d5265cc1e56e76c86fbedc06ea0ce22416620c52ebeed59876b56114b8fe12c7da2d0aa410705dbbc498cec577b4fbdf0d11c797b4b875696d6b9968089e345e3fb9ba36bceeadfee2ba35a757e6f5d054a76a3f3e87f2b735305854663b157de8da5c17cc811c78d14ef734d2f53161b0128e8e4b9508c955d4fb70a30442e6cb1d7d4ab65c67720878
1787460181.918169 fcc_derived_config RSSI spike: -42.0
  -> 255 47fca9ba26949870e4d77994a564f88ac0c8f6fae4f2eb36cff548e5dd0791e534d79f9c7b7cad199eabae01401ce84ff9a76031fd1f4f87da592590b5ead4c019d1396a6c8dfcc7d8cbaf5e1032b968b624f02b594dab0b17659c4e48cf9cf65501a842f746a40b521c9bb3102b72468eeb4e29726b5ab58f25b73168dfa69d6e5eeace5d699f98ead60566f4944ea78247dfc8df1684854d4c3fd6d59c6ad92a7f9b3610f849cc7da1049c331e5699ee7350341dcba394f3b7028f127426b831bb482ad43ce98572576fb45308078914c1e711537122e77dd0a415a2c546379c9a11cbf3fe66355fe9237bf8f057f366ecbaedff4bc3e55194f7fef0a0b4
1787460181.9184058 fcc_derived_config RSSI spike: -42.0
  -> 255 f0635d70f2001f9a2f8d7d9a5b5e078f7bd62079a8b313c5ab69293c23a41b04f85fb5cda7f26e0b9daf24e75d200da056592df7e6ab7b199235cb9e28f41b5b109280e63c9537e400bc2c08e12aec8acfb2b638e4b9b9920f19b77c6702ff84bf8f34655372ae541e93b0230093f083e89b81f233e9212f4bf41dd9aedb83ec4b928d5f6163b4f2466d3d48dcc56e64a8a8da22ffa00583b825d75cf90a754e8aae0a0013fefe5f18b7d6ed8205f488169872556ff6bb5a58535d1480f194e70c7d0e6fb0f35fdb6ff446ee80a8976b7939edf8fede64a8c1351ab2eda97af57f5b0af1ac4a36738e8620550c3256ecfe4c578ee92d12f49ae0f595d6a314
1787460181.9186518 fcc_derived_config RSSI spike: -41.5
  -> 255 a90769ad054daa3fb68d1b01d13d4c45148adff011e6c6001167411e656351bd2c1a003afe4ab2ca3194953c2ee35cf269260abb1757997b242a710bdee735a38d23527e621e3826157bb705b9ca799d09813eeb6d4b89fb73d346f80462155221004b973d2dd169c6ffb799f3fa5203f266d4a0ba10c90a59d8a6eeef652b294b7f3f44dddeacfb320c30a884cdba3e3ba461b5aaf044ffd8e5f56dab863648bd5cd7c56149e077adda456489b8af476b3daa3edf0bc238bf05ecf5830306a097fc81f4fe21d07884ca7c425468e82ce78b888b2f1cbb5ffc355bdc3804562afb34225e037707739a48ca89bc7b7df2a06b110720a574f74e224e1afa73e5
1787460181.918902 fcc_derived_config RSSI spike: -42.0
  -> 255 721e6cf14f1a845c6889436856513aeeaa8800df93fcadfc4e91c664e59a1bd141a7d01516d8d98da39053857e79b72c515e6754d1cc09a9d5fce670262e21f592d0f871ffd8f20bdf4f26ca5420ea179f25ff87b708fc421153973fe3791f7438dc90434399e732fbf2ec54887992cd155f832af3a8511debf98da51acb9b633fafc30c7dd91ea8b13ecb4b3b1a4f7fbfd2b6717ed4fcf4cfc7cf525a489e1ff8f48c692d142684595e452019b0957640d32160442ffc88dc3e9c9ff32143661d28b7a45f680f337fbe9fcc517e3ff34eae21ac8fe223043861692c7f458b439a1339ac36e10131ae638b01b2a6483738a1f79a8546512ca1286920ab77ab
1787460181.919607 fcc_derived_config RSSI spike: -46.5
  -> 255 38d2413c5797ad60870fa0d27ec1cff8843d33be9d6469e453cd9dc965c219d60f6cfb8da7129fafdae28a67532d37a75a31635f6a0b9e8eafeff72c6a1cff54f4cbcf36419ab6d3bf18ed16c5d9fbb75c5f258b7c3857031d37ffe2c0d29b29703f7698d29685bd7f047ff852cc79cbd587c6e64eb718764fc41fce88ad054e28942945882ff9874a257aa75d676e9c52c438f14ed2424968b486c95e99f8641969e9cb8148e94a622f917631e793126615f698f42ad0be14a454952f3839a4b5843a9a495c8450e820b529e99179d264ba8951b52fad4983adb762c8b88cc68bd381ff718866c980341a6d5f330551b95fd05b436faf4bac66c6481eaeab
1787460181.919859 fcc_derived_config RSSI spike: -42.0
  -> 255 d90cc8fe4815a7227df2d225e21e48c63ef24e631375e3380e7dd8ac1a576f0e936f2ea323ffd645638e4ad74354a0038b398e3c9058a0af9e0d7caa0b8f13950585d81697479f4facc4b5904a89c7141f721f8ad100707b5db21cd6f32d2958682a01bd1db7516bc37709b7b003afd6bebd0cf15ba0275bbae9fa9c0d3e91da34c3ab6d556efc90f7d4b826df0633d61b3e7554893c03e0420e9bc8b4013003e35a194b8e3203c7013d1f1e1d1bfeb9554a054c95b703ac6b2160b19b9538f04b7e8f4b201337c80e059059c6086f5e68053d4d01b58633a8f2f530feb53683d74adb6497a788d81b8e6a49d48959df48e1e9fec1f0829c098a1e237274b1
1787460181.920075 fcc_derived_config RSSI spike: -41.5
  -> 255 69fd2269b42c2128729f3eb86fb8548c12b92635f64a942cf39ce826ae0b0f51bcf18fbc66160a89b070086a5b25aeee3cdd3ff09b18693bdf2fc5cfae08f2ebd8a04258f09082b2d7ce0ddb4a2f0fbf11ab0a7df4bc6963c5d43030d671f1d928f0cea99be7ad47ba7d68cad8c200355cc37533ab797486dc1fb80d41101f0fef1560a82bd175dfbd3159a57f745a317bce442dc94e8b5dc8b342d86c4edf1e269e94aa90e7eb5366bd88a242d72c95e1252957e1934fe6f6ba42d1c948329ae19b3bf9a9350bc22beb1275d29e6c30b2dd6350215caf5b186251c02394cdc60cf1837c7045cd781076fc68ea04007914e5da6c7f41f1c443ca3005bd19f0
1787460181.9202921 fcc_derived_config RSSI spike: -42.0
  -> 255 e4a6c54270c615c8f6dcd87a8758ec602669df92e7cacd79a361a67af379097f3c3f0508ce3324e6b357e5f53a27c110257208cf4d2e04784748404336f125f639e05dc44de8b4152e97d4c4d1a36bc5bac21bd34969388756f6ba8f57acb48c581ac843e9757ff1eef15738692ff2c51182e6790d0620a9af86949ae69197fa74d11ca3619981627270c982a07d30b7b624fec6e2c59fe04845595835817873605a817a8e548458a76b6c2c7cdd3a764e2f48163246bf8ee03f54ebef6ce1b4b4fd986cfb5768ff2f9b4460b5a332f2accfaeb58ec5913ff29106a376c6767efb554ac62d16dceaa8a8ccdca92a310979fa730959d2c12cd81c8dd9533915
1787460181.920508 fcc_derived_config RSSI spike: -41.5
  -> 255 0aef17e700604e09eab464dcf12275a1305b6d9e016d7bb0c2fcbd6855d8ae42023c36025f7cc2048b0703e1d0ae56d30e076946e3b10dec24be5a1bad5286f26796482431f8141c828aef92f8e14962a34dda20265a09ec78484879efbb0f091895f4233fad150001b1c51e1eddcbee868db12a788dd4f9bda72ece173cc1c0dc4b39f1792a4174c65a7fc013456453a9eea6f0c4ce8030616730e6a16cd2b7bc6b9144e9f1397df4b7191c8474faf2a21c4167834761e98b4ea3221449d0259e7423247b32b7b6e802e75991c91e3dcc1952051f42e9a04f1ae2a49af1fc4a999dd86796308b0a7a5190bb83de52e7b4ce435e8abb8e9ea874795c8a0865
1787460181.9208262 fcc_derived_config RSSI spike: -42.0
  -> 255 89e7a95887c65691f254ce4a96d5efc9b963b97b3a97d8d8fdecd17531d11d90048076ea493d530aa56604196efcd58f91eecbec2b85389b98fc36e6a6c0504dc2a537a240ca1ce1a66c4bf5be426dd875314c7e9f538ff7d8e017919414673bff9096cd8f5b3d253871dedfa6c03eb91987b7388b45b339b9e101de6efb5253633be8c7ba28fc8b3332a199e1b3bec3c0d2307c4387ac4fdb3cd5c070d30c5f530593557b798ce102bd267b46e548a96957f7a8cc5f406d92c13a6b4648cf100ecd1ae268b93f5cc1cc46d15147403febbc46a240a6a01db7df0f61e43383e908dd963014b1f9054740bd37009e09861aec239bf04f7f103e6fab5e9c25e3
1787460181.921087 fcc_derived_config RSSI spike: -42.0
  -> 255 212929ee4a07604a0ab033f3e770b74b33042528e20fd2fb9642a96c7ac034e833487fe14a760a4ff74f167fe8b858f6bdb031a0b780eb7424862fcc8aaa9e0473447785b7df9e922f30bfb2bd9237046ef9405a094b8d4a93aacc13c711790694cf82f66028583c0092ee77ea0d9570e627751c6617ca536ae223dca003c717e1104f8ad212b3c9bf7314b0aec75e2d6393798e58d1cdc561f93c3f643cca00776e03f0763b89cf112e67739243e6c8a794c71e2640f4d31152350e18da167eccbd22056dc5c77945babda056911882d507cbdc8f0f99c3d85e47da81e446e4c56c44d6ca04ac6262b4d5faad3f7733f281991215a0785dc1b4b1bce7fd55
1787460181.921355 fcc_derived_config RSSI spike: -42.0
  -> 255 036e5b9088ee2d8ad941f1c775a5c67d33bc6d008bf881fc242213d3aa3db379aa6c008c240c5640b108d9c40f1d82f18a59a6d955998bf2e50413be97c8a879c9d200c185aec3f4ec05488a390d5bd9f5efbd73c1423ed6ca2779e4d3c3d58652e6a8bef6ce351c4dad543272a7d6a130400d5ee4c2598ba6e469eb7e7621e8ef6f25a6ab72c69a2758107f21314d8c6082e4a433d8efe98cb3f2d731c237ac8f532c6f86ca1fa90bce4c9a298b7818131deea52b86954fca4f30397b734d8bd563ac18736055656005746cefac5e2ae177ebd13fb47913354bf8132500e19e76da5454277b16511db506ace31ba814da9684310691cf61d155b5e6ac807b
1787460181.9215949 fcc_derived_config RSSI spike: -41.5
  -> 255 d5840c10fcb72a6d4dc514c53079bc932220cfaea6b7b9eb2aac3870163a277a05aafd4e9ca612e299661a1290f3bb58c1fa64e62e56e4f069aad3d3a24448511090d4b85c26a28a1fd285e739c03dc8db1df729383be3dc7da9b0091c8d1fdcabe339a0e67f3c3e1ef586fb322420e1407cbd74f68b543ceddda9e3e6e390326a106768ae760abd3b3cdd8335e40ac1104fcfcd1ca912412a8df124b590ec17167d45f5d0a1a626b854972c1de48a803d8c875022cbc7441c2ba9d78144a0fbd5eb478bbfef7ea78588948e9265ff7d15825ac4c472f4ac2c0634564bc7a911fccd86e756c7d1f1faa05bf552873b53b9d1de259e16e21577f2cd40dcbdac
1787460181.921878 fcc_derived_config RSSI spike: -61.0
  -> 255 7b7a5e904c16eca14fc39903d058560229124b040a01e2e6a57d7b59f30d006a9d0552d4f75735f7f8820c0c1d2158d451abe6472bb76957d92f6181b6f7ce6cb8eb4c3c9d98957b82b4d14a80fcdf369fe91ff227dc7319d06c67b6dbef227baa3efd7ac4634fff013a468f7794c83d63a48607d479443b5bd8d107331c10fd6002fc31e100508f0775d314f03363e5fc510ab4c086d7f8cd0ad1a9106dd299057d035b46b71606ed245b25c8117fc3e3209b145aecd54c256d43c15c394cb5de494199a375f543c996b430f763fda6d69a8daaa9e2e6628b73f038d5fd8229ce8fa430425d5d68aa71a9459cdd0548b0487729694afe621896ecf821ff3f
  ...heartbeat: 420000 iters, 98.2s elapsed, 689 hits so far
  ...heartbeat: 440000 iters, 102.8s elapsed, 689 hits so far
  ...heartbeat: 460000 iters, 107.5s elapsed, 689 hits so far
  ...heartbeat: 480000 iters, 112.1s elapsed, 689 hits so far
  ...heartbeat: 500000 iters, 116.8s elapsed, 689 hits so far
  ...heartbeat: 520000 iters, 121.5s elapsed, 689 hits so far
1787460209.56226 fcc_derived_config RSSI spike: -42.0
  -> 255 ee71aa9f700ffb3566dbacff40e4e2bcf53da81430a1f429bd38ea2bcbaf9384e6836cbd1a1c94965744666ac44a457bdfb3aeae1f1081c1ba79ce93db2c4a0502e006480df6896872646826adde65f5978a361aa3d5b89ac796f2a68e0097191e8fc352f14279566a2b6e36c54294e36fe37de95744b3a70481b0ac9d0382abe74f6162857ffdd7bb13a5bd961ab13409732a954e2d9fb1d02facea437f0495d81a7af5eee96feb0ba438ed92906bd60ec4e824ccf2fcd895f7b4bd44cce71e2c6cc7f2a55acd5acd9ef8bc7fd3f0b9ddaff8702136709ab878e9884bdfe9bd8af2fa82b6e42ad3981cbf003994b254b49eb67f92b405ce61873da4beb4c2
1787460209.5625 fcc_derived_config RSSI spike: -42.0
  -> 255 135474f2e9deecdeb082a965841318080ea37ed6e1bdb9431a7b246e6d24238740db3f2978b3b9572903b0aa9862187a7e45b3747ea076d02ba30bbf580756718ab9129797918846e490b462ec429ec86d90a830310182707cea6ca7f68bb0d886aba2e957d15a842a2e22a1017bfd53860252e6b32ae09b12559f5e6eda6ca7c8a586962b3f117b2836ba96b23535dd7e8a5654309ef348dbe16588a640e97138026fa7c919fe24bfc6df9d97f511b6b7e65f2df90e8b9836f81121e3202585935b7a08bb4bffff714f1aa11ae73970699f388b937918bf7fd27480723f6eaa973166cb48f2614ff3779d71f813b7eeb02b0aba270d0814dce276da7f840f
1787460209.562764 fcc_derived_config RSSI spike: -42.0
  -> 255 05de9924623bee4720163d5a40850acc98e6b60e361662df611d2a7951d0e676752525145ef9fc688c572a5b2ca26f563e494030f4080e3cef9e43e165b02a5867e39f58b7f54bc1658bf09981b07707f6aa9b3744625a5230419a50a8d468ca110363ec656f4667fa711462d950ddf420f1c45218f4d9962806d0b1ceb4c9c135f169d4945b7261d0be523af513619a839b61917413adcf5e6145cccefe4c95a43facd2adbb94de6925af3ac8fce192969e60dc658f248b93b4eb889f888dc0317478f24d49477a16d193faac2abc8f38817b12242b14c7adfc6aab9843106cf671c604f7ef18bf643cf9f09032b4de4421b6c7be959b10166c52fe9e1d0b
1787460209.563002 fcc_derived_config RSSI spike: -41.5
  -> 255 98a6e6fe55826cd8806e7d2c7714c8f6f56eaadc76f0037b24b994b482e6bed4525a2fcd8f3692e07b5765afa515d36a1d85f8fd95cf032880cc4f54a0bd7ae26bbdb94b69da5dad3dbcc1d307ea8be2e590f05fc88bb3c64efb99cbf78b9cbe5ec8ff8edab1bc97b2468b67d89a2a56a6d51c6b8ac2bb9760788dc8655a256720b2e7dec451af01f834ba143ea19104ba2e02076d7ba60d90531ee25bb77983aa546925e07abd3e866b9a2df17c5bbbb40146d0d8f89d16acd2afb5f81b39b1c669625cd1396569836cf427b607ee41ff8425a086b51cffc04b5c60e3912db6fa140f65a700ab0b10973d0839a40be0e5f4b5092c9358f44466768fa3dc84
1787460209.563308 fcc_derived_config RSSI spike: -42.0
  -> 255 b1aacc01dc57ab1c29b7802ed509f8a8f47bf8e7716e3f7429475ebbfa23934ea9305fa96dde5a6b3004775adc1087cc3e9f72d2e4f302e3870b00932606f7fe452d72b45e69fc778f87fc6218b7b10bd83c94cd2eca8e009c0ebfcb51e1cb8649b50552e3587e2c4c4021256e6974ba160ad5b83cf4c132377a242e71ef674b255fcb093ea0e308b721e7c20216c04752812402311ea151ab6415a0d0af98e7041b83f5df90cb024a7d07a3e995551872f78bf86497aa6c170318bd996676984f012496a24a16b98e16bc4ffcd2abe3bd6344518af67604b526673aeb54df71ea90bf1e2cac113de1b5bc60df91cf9b3a48b37fe2747684bf62766b026e6b
1787460209.563586 fcc_derived_config RSSI spike: -42.0
  -> 255 2f9de6971517cac29c596bf208b326f212ee3ed73a0c5a531bf46375c1e1fb9794cb9fc84e838039da5a17205e06cc8cd6143bb5e130665406d348371d56666539b95a87aebbcad7eaf91a629a2c24ae0b5a3d546c1d55452183052494553dc45b97e61e0bebc647dd214a53238d3c120c83fec7741626bb539dab53e1dd675b0e934b4a3ca0df8747dbe1ebfd4dd0257b3fb9cf07815e6a460bc1e5a031b0fe64721e3a47524a91c3ca0e1dc7e3f16b8bc49d5fb4807ad95124bcc558d0cb7d143b9a7c04e5b8e017902f7c48f5bda0863156c816e18f367e4bf01db146b1c6a2618540548b7df5d4e85cb3d001a27f1ffbd943ed7e93fcaed95b8dd36736
1787460209.563888 fcc_derived_config RSSI spike: -42.0
  -> 255 f5a7541e52b16f04bb77724237c66eeb7b40f28389f8e9f06d64ef46931f18e0c5582ac7d5b70b5a579f238f1941a96af5660c77f42d8ad7ef89862149a57bf3f1c0692e4dbe4e610bbd847dfc783dea88b4ccb95def3157608649dc3af4e259138c32380ba67fc46cc341dfcdabd35e0672ff23d7a854247aeb11a95eec13aeabd42ee736ec153c65d46276becc513bbf354d85b3b6e301366372bda6a6449d912016e225915e85b48e4238172d2fae4df94a088c796aa49a83d38035f8736af84ed8bd3df1f0f99942b2c73806699179c96b678b6b5798391b0e4cb37131c7d8b2c595d7cd3815e503968306043b23c8a44f9d171dcdedf3e2d906e57dc7
1787460209.5641448 fcc_derived_config RSSI spike: -42.0
  -> 255 83da6e5cf7fc22219a12e6ae6700e5d0285529803329fee6757dc12be177ba8bb51c8ce17a98365b2065b459d5a8f18ee307a0208922ca6404bc6147cd43d9b38b700e21494f9d8a0b2adc5efe2e3265db34e7b4517c23afd4d64ab72c03945f1c8ed80a064015d160ddd3714a13a43bfbae1ba1d3fbcef9b4e85b20bb5f01c31f38842494b3aff66c420822247e129204ee5f53ea5f8d34a297a76d5575e13be1c3d24634a084e3f67f10f774768938d7e2e37a4f1d281e9146f74f69616959a8d27d84735a826e22dfe8f55b7a4af9b93bde82cc21eae9bce20fa02f150b97199cf863bb0e59e3de19fb14c98db7adb3dae40acdcc6b233569388b2f9400
1787460209.564385 fcc_derived_config RSSI spike: -41.5
  -> 255 7b79b246f5d67e03edf113f7b888f554bd7675102d5a34061a64088973f80c675252cf80ed908d8ccfe4ca382ffb89c6f4a08f5f19872f7bfd2dbcbfbce04e251887667ff64a6c871bfc8fb1640d5b5ff09751814bae1585de69c48f8605dd15278dc5f741155556ed0d030447a9b92a2f6feabb4e821707f88cf9e9838d0efe8b3650550a53e973467bca7687586922d6ee75085a5970a56c4c5520cd3736a2a743501376ccfa92345e2f7e4b679c5df9fdb74a84951480ff73b1fd760c308efa674c61de36c9ca75a3cff37c0482d1410ab7bcee9bae90a7cbad7a11ca0e62fff548b6f97608d6a2e8fa350838b682ba7488e0ab9f8f8e79416666e5727b
1787460209.564631 fcc_derived_config RSSI spike: -42.0
  -> 255 bd18e0a7febb7e12e344998235e0085c2b5b98890b8532285aadb60cd6dc19d8a64765f37476b76174632857704ed9f6961ddb62fe33c953f9a10d8f599bf2bb49cdb1574966739b2fc3ee45d4235567631d1c4c55b16b20f94cff569e6b753d6834cedbe22a0ab82c60c945189c513f70510cce0cbd67cb9a328b024f582e5d5d13afa3636ca0d933c3935e30815a2a61b294976f9b5c51701281d342d54ce01805f161664c353e447e0ce782f3393eae226be1bf43d45eae6c77e44136b9eaf75e28bc49b3186675f03a60ec1ff7b2414d56ebbf91affbad8a3175c2422f8b0b7e52b45d9519d4f932428b40afd847703bf828333e212266dc6e2ad71821
1787460209.564893 fcc_derived_config RSSI spike: -42.0
  -> 255 681cd89ea87fe9e05a99dcbbdcf17411cffe7d06967308a315ea68dccee43bd9d5d199125a19dfe7a85e6768c29cd62f8abafcbb7bcb34079fd80a1bfac77f8dccbce6e4ecc788f47e81601e50f233b17bde744455a947de59398b95650f18eecd559b226bce59eba57680b33eda0893e18d242e85010d1dbb8bc9d9f0705fbb4ee8836c94ee9cbe93b675b73eba870ac02a1c2af66482364216bbfc5a1776a9e3e244db061abe033bd210bc407156df79f0025a03267134f3e015b56b1c002f8fba28ac7d9c39b79ec3cdcd4cfb4ac4a0c39318f99a8ea6fef034b24fcc8ad1d1c335ed2ebcff73777b2d8c079d73d28c33e6d0dc9e5944c248eadc08b778
1787460209.5651479 fcc_derived_config RSSI spike: -41.5
  -> 255 5bb2fd8ffad8e4e86116eee51382b163465d9a8d0bc825036f902f95531291c576fef5ec6bbc628eba632b8645ee263f3b51e4df2a71e463762523000bac8d47533dc957d8fb991d357c5e58a389cf8ea6ac19e05d35a706f6ab3761b83cccd5639eb534c171ccba686353808df6c013cf367686f3c1178256ccfc9d93e92fde70ef669efd2da000a8ec85d54eef99982ed643c15fb5a3e3547a2f09b617038abef76ee05d07adc1f0c2eb1e01b4e5c72988283d877a529f0666df678377b593e330051cd52822bcd4ebe9ec8a2c8f6dd16b1f8bf2652bca79e569798a5a71f81309d565c46f98a8b5439ee5ede25a8b9a8f191c8737cc48ead100f36df252
1787460209.565401 fcc_derived_config RSSI spike: -41.5
  -> 255 65b7685572d8425427d1c2b3bd9badc15de83d42dbfa28e6eff683c0e506c9dc318cffa5b2ac360b3fa181b8713913efe44bea07119c94b3ce829cae767661811b79fd97c8785263a9f92c2fa8d6fae109ce02339a21f0ccc5837418947421443a38df46eb5a212013d0b7444893e80764eff7727ce9f0cf4fb3cf072c783728962775acd21e1ab5a5b316a86ea68ca2eff92100e5d31bc6e5bdac5299d74d02d7aea47c49b29fc6beea1e65727e56531f6f3aa529f80da9f48f7323577160f9b14bff51f776a55ea8987e18f330d0eb386ec9dbf6f3647def043b517bdec7d21c038368432753204225d267febbe9c2861962b68cbbb80038c370325bd8e6
1787460209.565652 fcc_derived_config RSSI spike: -41.5
  -> 255 39b1047eaae6484dbb5f0fba03f844ca5743b501acf699cfed7b51db028ee37eeb32d7eb729bb340f841e9eeea5c1dbc43d1c067a581bf28cedd1c4da7ec0741d3e5761310007c212dd69cb315efa6cb256de94dc8902f23333357d6b98d35884d6d74298d9dd9770cf083662f38f253d7d46993cfe8503bea06553522ca827087495db6fab6f8725dbcecbc7725933cee4d7f1ef9a0b8d6da025a6c7c8eec21a3c89e5b5d8b2513ceeedd30aaaf0dbf1d285070bf833aeba96ee25532eaecc2e661e3884e11ce166d4bc4581bdadc4a0db61d33232b41374f213e06c45bf95cac1651fde406f2604254c5ca01a242ad39431693c3dca51ee6246868d95c9f
1787460209.5659 fcc_derived_config RSSI spike: -41.5
  -> 255 e3dafbdb5589fa298108b4dbbcf40461a40593f90296f4a33660fb52a2a89d0b7eebc1566a89164d9b77aaefaaa2995038fb392bb18eb7013406f6d978c88b2a9e2269668047cea21a713dbae4e4235a46045a15878795b15034c970d08ee07916b3e4e69ae7e33b890d93803cad112e9148328afbb041788b50ce5e149deaa8725e6b432fd830150c6bb9fea74feb622c85845368c4fb770fcb5ed66acbe5685b84e13c6f81efbca7c59ce2188c471f48393399b9b5e480898fffc3c29b46460a813fd3a70c5b582fe25496871d4262ddaf137871d33c38b9c2ae7dbc65cb572efdc9b52772e223b859aec5daaecbe97ca408636d9b94667c47aca00352b7
1787460209.566147 fcc_derived_config RSSI spike: -41.5
  -> 255 b9687176b2bcff179416e4fee25732e03c625df6fa5d4ddb1e5452340f67850e97112bb5d33d1518ae1e8fc3a6a2d945e297c010b38f1a49b1b0ddce4b51a0176d63189359bf43fc92d4ebfb7840da86977b1d7d2ce7430d9d6294c412b0b66562329905356f1114486bfca2497303bdbe6b0801beb086b93acdeb32fd1911dcf9b24ece715a84d0d054aeaf057831b5037fde2b143c30eac18721382490e90d929744a78fb8af6c9df353517cd3dc10994c3e5be8b632cac40e45d7c8e069a395f64876aab921239b2d87e6c5774dffc379b9eaead87f368683b2718ab74df3addbbd70e420b8a847c4e1d854fc54cb9979afaa660271615206f081b29864
1787460209.566405 fcc_derived_config RSSI spike: -41.5
  -> 255 baf123c55d4999442679d271133d1638fc375e9476d8d229bc9b0eb2965fbfed22730277347053cba80b48e4c89acea3eaafa1103687e8faf331dc8f728de238e0d2311968fbf31df68a81c8be1ad2844f67352208c5809625acbe91085849921bda17d12c818dae806ecec698ded31902a8299efe328ce9d3bb8c46a7b774ce6cb0320b9cfbdeeae4cb71b7993876e36a566ed9c48e707836b2ebfda4e20abc997d109bb5a1840c60dace3dc6c37e7bae28081924c8dc5e6ec320ebfc99d70a5eaf4a445f7703abe1862fdb1d3aec779e6ed5fa2f5cf15842e4fec26ba7990dcf7c801d91ca13f63a7682d72a7db67527bfa43d942ba2b75978afde1400ff
1787460209.5666492 fcc_derived_config RSSI spike: -42.0
  -> 255 7031f368b2a08d0ed768d8544e7d03fd2080201d4ba4f15373c6c5b54c679b06b5b51c304a956802694d9c0d5e168a577c387804b30963eeaf112c4f234d35626b43863e86878489e7e40b0adecf1563faefbbbbb954ec856ed4c520b89b99a5b3fca7ce6ac2e4a8f4f63494540839d4bef90d13be627c2ecac82728ebd3a35ecbe31575777baa42717adf1f1c5e53849ae441226dc6581050b7573236434a2f6e89d600ede270d196e97a1c9f60f6a91e375fbf8356c4442f1719db2a8505bc78a58acd33cedd7e150136700e32ef3d645e70062af79994c6684c2a2fee30d84c411a0f829bf1de101b88ce1b743b7910f73b4a161df7ae458f6af38401b8
1787460209.566897 fcc_derived_config RSSI spike: -42.0
  -> 255 e8198d26fcda9f353dd96654a367250ae767703820749a164119ef57afca444f9719b86448fe4abd7b6fcf067b0a83945601b2816559237bbbec56687e3c9d685c3dbc44c7c3928e3ab5f41943853542d5c9c98b4c265e181e419af3b6af1591a32211a9b186323e2b8d370797e7632f4cce4b5e51bf11778f93ae9f549bd54aecd71eb1a32500034a446eb3fcb5fbee46ba034f47cdb4b92e8e5d99baf5ef0d65f6f1073076094434b580596ab2b5cc792ad3ec70c30ff6b1b077e24d3321ff03cfcd8ce30754292243c798048b482bc8bf63c457d0d1c383f34fb77a74782f142e7f9224947b4c389ea51cc3c00d6199663a772d9150b2cf77f4d064cd68
1787460209.56714 fcc_derived_config RSSI spike: -41.5
  -> 255 9ea3cb360ef5648847b52fce67025e7e6365d86f5523dcf74caf38160fc518ea3eec44bb156c67921698c3d7c4a10951a109fcab80f8c686f3ad4974c74041f189d449b9e7740817eb20f74e59c153e7239f98e26e5024e7c3ad67cad93972c11640bd42dc700977c5561f4d9a9e8976b299acc70eb04d2f688ca5e5e58699c1329bd594e96ec05a4393392e5e0a0d7e844e2c1709a33ca5df7890b4f98c8ca5b5eebb8ae64cc0e2c988fe55d701e40fe79ef81f16f39b317ee4112b2d2f382f987b9670e4da4e278515f2197f9d42b0f8427b93a9cf044c54764f6959dd832ff05d8fa4d8f573648d4a58ac27b07931fd7ddb5828b3ea6d0083ad67fdb31e
1787460209.5673778 fcc_derived_config RSSI spike: -42.0
  -> 255 2972b2e1ced7a0fc71b2629b00be71632bbe0f34f78fe5ec0b1fe8eb9b686caab70a5b24c34e73622e163d5e95dcf31ca8952e22a505e4395e18219417985b019fc841c7b3bc70c813d0cb96d6d5e2740907430b41673cd0636cbc5d3d44cf2867b53e0d35ca65502a3716928d4ff3c13ff0baf898eac1d850a1ab9f368c3f79f71e5a0780b892d78cc2bb6d683fbca6f92b294e7a9e52d9852fb81358706dac40eccc478e44e7c1fb0500e94841e46856288f903687a9a28205d06f7e1c9964ec1bf14bf8cc52489d962309ced71221d34e19320983799c7d0ef2bae04283b43a77f5a8af1c280223bde315b0ca929ef166873ab375f06029436f57841f67
1787460209.567588 fcc_derived_config RSSI spike: -41.5
  -> 255 1471c4ca52a393a4938ee7bf2f8ddcf0db75cdd9e464239f4256ed576248d9d6c3c461bb808f3af41227e4c4cbfbc46b8e88da352a727a356517cbdbadf21c0dfad6017cfda0d613dfffde3c71d14c983884082cf520d6a6f03938b0080877b58440ea9152ae46a75b5d831baaad8e62e25b0b6721d0560d23fc8dacf2c4386f6e278c845947b516d81467a6802e87f6b7a0e6efc0d85ea69e93d740bcacfcf9c26d293b3b0f38b3a1abd914251d54f8dd36afc2ef7ca560c9cfe54bc4dacb5188e5d7093516d8d7daccf0dc936d4ff4004c86461795d10c1812f79a0404909e8e677a3c672ed4481b7477c251e065a9443aa25dc05e80bc348cc5512be17b
1787460209.567905 fcc_derived_config RSSI spike: -42.0
  -> 255 b3a15aaf77f16b21c5cf539dd7fa7ccfc13a9fdbaf979cd42cf7431345ca89875fefe23b740b55ca2a5acae3e638b8f7495ed7b4e57b8cb7a98e07d4926e01efe6d8fc6fd5133ecebd2880797834cb2a7e8773c96a2728ec1dc7c84ab887b104a5d950b0bc8166706ab9f8ccedc10d29d86490d85927df3a1cce38d708220f86958420e7093b3a0222220dd1fe2f97849b6338ff30edd831f2166cd03c268187fa69361a71dab285b1e70e3498ae0c16b43f2267b6afc71f4b430a99c350bc5e29f4a2c285dc6cf633e044acb192a0bcb24cfd5576dc627ea9a6b50ca87efd99ec37570238bf10a209ee8a18018a8fb1594f6477f084018e57b4155d799d6b
1787460209.568152 fcc_derived_config RSSI spike: -42.0
  -> 255 e272f6bb95a60f00ac342e11153d96a85aabb7a2be18640deba65b09b51098b94109cc5b8e696eba215317033f0863adbc9f456c8a7b3c245158cd4cac740c12fc8a054f98be4dd0d38ada11067f4dfadf98ba297353d9e8b6af341e508a08fa279873ffd40f7c9508f9ad4796ceb80a6345a26c4b263789cc4242ea77f7c99a1c93b15b7b888747fcfb4102564d999782c159ef9b5602816803aa0d4a37d623e25e6438a0633d6d075bf4a96e3d51ed9ebfc20d987d0885ca15e53c851a896964f85d516c1a5092f1c0994e0f2a19ef4fb5e135aa2ce572f95676c6195b2702df2fc7e362357f8e9b63f4d53d86b4aa6b15c0395bc5d00bf74e35d58dd343
1787460209.568375 fcc_derived_config RSSI spike: -42.0
  -> 255 468ac9e556f7c950baef888d384b14d9249950513cd910c8f73ee5689806f94031ed1a3ef8a5c9cabc000ac98bb2d849c1629df0b0ba5c37cd35c7edafa8f498d6c890d23416d1489bba3b49ea792e8812c48bc3f221f6299453e8f957084974b55e326937765dbd1bfbb73e683432fb9bb232fc04cf5f1325dbaf7e30b1b2ad08381ddeeac54f04a69fcc311ab3a1e9c56f289823222b10237a7e891cc848257bae5152333b930388f68c13f8f6930e55ed7b83f28250071f78319254470810596a5aeca3f7847fbfb6942f2707f343dd90c09178ec2d3e6e98324b03a8d0b84a9d6b629d59b41bff339405e46f619b6d8968786a9544c7b2b49e4249a029
1787460209.5685902 fcc_derived_config RSSI spike: -41.5
  -> 255 538d3e13bcb0c4bb52093800ba7223a9d3e037666180d065c66ca87c215b5f3d6af7e61b37a6155c2ebafb7ba3134b1bd3ddab09317715f35c4918709694904d57f025c817c52c21541a12f28d1c93337cb1d71200b4b7db378e931b9bc5be22ba1680bc81fea6c2237fde38ad5dec70cba526be8bda413834c498d02f14fe020082f3ff1cbaa878f4dd9ae3b8fabea29fd9e703fa0372f171062846a8fb4637ad597a86d21ed54fe014825c3125a4ca726662535c3ddabad699e59e217e7b171a0cca795063f2d6c345ff5567291dd372b101b7ad32cb199c89b04960dba408eb30088229ea571fb3d2bb73f8bb475684b2c1e76ccc692d31858ac8900779
1787460209.568865 fcc_derived_config RSSI spike: -42.0
  -> 255 dac08bf33f37560e27ee2799ce2c3afbc93634dee18a52c152fe93714ae9c2ab3861b92cac1f23a8cec65b61923bf16d8aec67dfae2a0590642bbdfe2cb757b37ac7c4add9a4b7fe9f851cfd55966bac645fb2d5e8265f66fd3876f90f04bc80fc26eb7ddb0b987f4a0c0a292d8b1609e7f78c8ff64f7dc530ab3094ecd94640674fe8ee85dd083f8df96b7a2c71dfa85e472a8bc4744c1dd65d8ce270ed2822615a117642cae3f08d4b07c394f4ca463cbed007bc9ebcdd4bc2022cb235c98e90166dea9d12c39b8ec2e74828675ac548afaef2c6e028e4f76cc80fb39866df0a40f18970baecd7d3615f4a78e5e92f8708a3d63db580b0596ac68046cabd
1787460209.569084 fcc_derived_config RSSI spike: -41.5
  -> 255 a294a57172c046391940882699b65297ba86bcfceb5bbc5d8ecda1ed6c52de597fc36308d9f8df3d82a252db004f2ba7bb58ae3198470c04933e516a01e98ec2cab64e538a5481b3d804425cd3051ac7b280d95a7d4d6aa062b563308b352a064455cc439e702f6b2944f48f0cf2542f8729ac898897e8b7544f0ac280fc2fbb281798b206128e0a4a6b1af2163e890283b241bc49a81ba1b0815553dae5b135f7b201f3b9b02d901d1d39da950728da85b7c9abea29d6e5192ccf029159968b49d6bef27f3d9f9d5fcd9db4de7513d805db1d68541cb7c19b0bf394fc053ec792c656aa561bfca570ee9e937eb0d61b403c53d6c8677682ea59a75a9b2de1
1787460209.569343 fcc_derived_config RSSI spike: -41.5
  -> 255 a09195248e429fb0333daa71f8409ed21f5ed73c9aea32a4167d210b8400ab1e8c6448f4742c7182ad96bca665d7c9a2b03007f998fe43b70bf762cfad869f7ac83512948fbf60a128387217ff4e0bf527e785f5b4f589c30169816c09a246516bf07e89733ec5d68aa6677adc6f0f92c671dd3203f5f406a266ba51a2c50f7e0876c68eab54023e6ec5556739b631cdba2573a48303326c744597758970ab256019abaad523356ec480f730591664c3153791f242390f2fd9149b4d594fc1d906cf995b21d3993b5a0185b0ace105b1bcbabcb06c7cd3327a6dcc95d45f769b42ca7d35546052d5fb9b2b76e55955931b54bb9a075fa7003d175605e51d2f
1787460209.5695941 fcc_derived_config RSSI spike: -41.5
  -> 255 25f077011e36de142a71c79eac902fae1eb8630ab30dd891389a60cc879f06b86ca27fa8794351675158f0fc2e54bf124ff65010beebe9a2a66199d5fb7ec47d18ef380777bd7d13a3acf028db321650f95587d4c3c4b122994d1eb45999919d7132a01dd79db7dc6349844a2c6998ec94dd821de1dd7cbe6ec14ef226c87389b0e4a2d591f822f75b3934cfc32061e7f85de090064859ded81cb918039d5a07dd1ebd77991778cadfb2005f506e1cdc23e54513800b5fd15f3d2e796a49ffdf633c1d812205ffbad393f785d99df021510579810303ffd5546a0bf4250fd354efbfc3cd621c1c68a5e14adde7c80b0661bee191b1d7d8aaa2cd7e463efe90
1787460209.5698571 fcc_derived_config RSSI spike: -42.0
  -> 255 b69471080c91522891576a308ce44446c738b5d8a9bee13af9ea667949101dd552983069274929e1b992ebb2c270d425e7d7aabfb2f7195e96861ff4066e663d8910611b6f52db53d05ba71b1cab31c8885e2b032c3dc097ef5c20ce500080f219cbde8a114f8cbeb280849dcbaabdf72127db7db612870b8aa1455ba73f0c78f5078a7c21c968777bac4b402de3d9192603cea52c8a4465b7b82b87bf9dd30a7a6ef4f834001dd8b1a084560c6c8af54d0e1cfbef3819c7b8bb363f71a8718cded8ff7dc873789049e0b64ce836bbba1f313e885a188c8058b56f3fcefd3ef68df35b765e1626dfd39120acaca52ddd011cdc68c24568bc613ac3ed9ec6d1
1787460209.57007 fcc_derived_config RSSI spike: -42.0
  -> 255 06734a99b4d4a1b627a550bc55ce66f758fb68c5b1ab900aa5dee49419812d14d78764cd9c7b90af6e8fd58a9a60a47cdb354efe41c5cda0f0e8f923f88f37a15a822786658fbd828629033bc0c7a5030dc391f2947db2b38f099497b4d4ba301d40fe669fb356ca3d05e67d0a3728345685bab5d23c8d4ce7aa6718baf4bae141ef7bd3c153c72e06bbcb0dd7a93bc687ebd243fd5240d9a127e76c81e66a3f550d9c39e96e1a8ab541473e13d7f70c9e084b6355db4251930b5fcda4efc9e8b34818e7814babe8e6da7ece23b53104da9faa42c9c5b59dcd3c036f819888959681c6e87aae43febe9fb45846b546392a6ccad320ec42d0640f11ca719358
1787460209.570279 fcc_derived_config RSSI spike: -41.5
  -> 255 c0b88f235481c0a74410d2058998bb9c97d6bfe6c945a75d35393d60d426f3e06330cdd50d3ac70d65932cf2fd150c024bb9c06413cee4fd76056a05e6249a5829af0d6c7b02d55760543ebc44caabc64f5b7da48d095efd1f86b9f2bf47cdd1ebacccac26ed803c89817c54d1012737a551b7bb34771b2739a98b0a1b732b0291b33a32dc92aa2070cc0fe7cb94fc7548b87fb5e57736f52cc933b4a469825440066a01ac6d48b8e88b63b9ac6f2afb519f0edf25c8483535fc377108d9bb910ffc34e07c03794e7af9707dffa003715f55133bb70d1cab61b3cc6f13daff6605043ea7b4a35247fca0bfd4425e5aa939e6986ed1afc3a5195e00fc86d43d
1787460209.570545 fcc_derived_config RSSI spike: -41.5
  -> 255 3231946c5df49915a4b1a962eb8480de5c623846acdf8f8989f82f04bb183b8d113116b294de16c7c905ad13ab1a03185b188b6e8e3c5f5106572bcab348efb2f08da2fd54a1addde68ddfc1b4291baa333289d4aff4726b8030de5b70cfd6b32adbd14bfb62e6abad29e9a9fafaf7911e82bef651447cfd5ed800463f523b71f2389891c6663802f68f87a0d317598683a3d578bd442767a1182869855571cc9fdf02d5df89da564abbc5f276f5741b761f8c7eb4bb5a21005c4119c1af17e93bde4bb976ec6099f0c96e926be04a0d7f4b3780c0858aef423db5c6f6a7c2317170fb65bd7167b4552e018224e6e30b82a57dfb39be276302480137bc62f6
1787460209.570839 fcc_derived_config RSSI spike: -42.0
  -> 255 e814cd1fe8afb0bd038726e637b8adb8d6068b3a174ce517dfd512957badf9d002c41733fafe101466afd19cf83e92a0d665342b17f144097e709f863dc89d970f33bf83bf3a8d6bf7ed4442eefc9682f27fd6a6646cbb0eebf1b7196b0a0077f99b79f6e62849fa23a692210032c176792a112d1e9c21e18a885dc051c8e66cb0b6cb7c5aae51a700ac16f136ef6410761087be0dd3ea8404df4cb4ce17f5698b826dcc86a2f5f5b3ebd3896ffb2580625a5f58fd003c99d29aaf4bcb54aaaf2fac1066ae7204a826a08a69ea3742513a570b0955efcc79d35bc756a1ff677c8927f29bba70eb28ccd5ad84715330ee4fcd7a3ea891f83325a1641fa97d64
1787460209.571129 fcc_derived_config RSSI spike: -41.5
  -> 255 44742d3e843df3dc20a99510a934e43404e62b61a36d9c3c5a6486f56a70106ac898798904a499e0d2abdbd219af8407ae95b0018ccff4fe153c6001dc639598f67640b685b88aae7b3bdae8fd35e68848a60c0620e30325deab8c9dc88ef8e0154296c1ba78c0706147b7ee7d18bb1ed137657e990a5fceffcd1029cb88e08e3cd94d6fb470ab6aedb56b80a22998bfe7b4d1d6dc03f9bacd64a64a73d4c740fe08f4ac792127302d8a80db22053099794c33fcdcb71ce2bd32b8f71fcc064a4debc884d5aff6a30ff8f0895c5c9f9040380e32198a1fa008b187949506c09aceb27f9f1ac1192f086b2f0f21ce93e0b9e4b9f3dbd8da392498bd54ba82ca
1787460209.571393 fcc_derived_config RSSI spike: -42.0
  -> 255 0786dfd4c7d6c06d01732791d2283b4b04a698a3e57978f5e2fe02c2706ebed79c3303c7da0cd0f543ebbc7eca267b383d0a705cb64cead1a067a698e7bd39cd0a7a3a35bc49dae8d1359f8f53a9982695873e14cc780c698d428db1bee3466773e3f4a8b190e6a7a5f6d09450a199d58e63c9e1aa0f828b874e195755a2dbc2dfbe5eb9267168d2b3268f7bc1f1e96d7a0cb5591482978a9b4d3db3d667cb988d6fc9bae7426a5b1c340d9737e6509cf0a0318bddc8a3253491c107615a0450b9c04b7e42f4dbe56731b9b251ceff0b169f155ee55393ceab5b5c1f9000a6b30d65f2e9cb0c56b928ca80761766f8ce07030b7a1b7f76565311facb3ecf8d
1787460209.571636 fcc_derived_config RSSI spike: -42.0
  -> 255 648771d977246a0cf8fedc8f6795290a52940b730012b282f81a681cc4935989556ef6af7061f936e99a6fa0ba50ad8ff1fec667dfcfcd1bbcfa75cffce10153520ba84a8603be95ecaadb566c903d94e798626551e2569980d8ea80c9123866aab2cc3ecb1725266516c589dcec493acd4bb580534bb483f21b9751a449d0683de51e4283a903f25ba47241f554488b3e9289c6bf5712a39b506e9c6e8990a3890121f90ec4444521f5ac70f478a4115458c1dc20e90acf7391e053065adf03c17633b4a4a5f61b5fe689277b10c6ef40c67961652b000368ceea229c898aeef86e0059563e7b28b5daceee09efb4ef7bf03218cadebd85e5ae88772221bd
1787460209.571892 fcc_derived_config RSSI spike: -42.0
  -> 255 f48af66691bbf9ef5188633b82dd901cdf378205662055cc3b5d756a668a025538024c0b3ec749c278d627825933df74782fb4f05ebfcb966d4f103648f2e1880c483c46c507f7db5a9df429faabb7b5cfba9bca42a86486ab116abed7f6d624d55286997d9964a288c0a61fe3c059bac79e3121c2793095ad9a204ad2a0bea0deb76cad1fd77820c37db48f26ad6ff546ff400e91477c313e00e83c4d7f30ea0dcd40afde924915c49588599a43dbcd5be42c4681493f208d70681e5b20acb607731c63ea72c1c507d33491de2ba115a9a7d0fc8548a4f932c44fc13c217f706653d152134a620cccd17006b1bf2cacb73a3851c7281439d4978bf69f469e
1787460209.5721338 fcc_derived_config RSSI spike: -42.0
  -> 255 1084279434cc2dcafa111c02dc5837afbac9a8718b9c342019061b1888669bf2e09e21de98d8f01a4d7cb11996131878f9264662464c2857799524e65e16b2832d21df921db898007762ff49b6c57d563593632ad0037be3e93033e89e698044648e284cb20a9b124cfb78ad9f83fc637daa6d2c601af88bdb4f423a73c3ae733d1ef823e027de920e0ddfeaf28e73172cc93621d72cf84c109088de2a4d524500b646bc615f4433824d3a4f6e847d37e3960ab8e2ad8d992e6ac72f9521a7e6c2b8532e78b53114d810b98f10ac21338f3c2a8042a194e9791cfecb95ab4b0bf9f1c44d367c871cccb7c6699010e7c00e32107f0a7fab214d0c6813e5223a
1787460209.572387 fcc_derived_config RSSI spike: -41.5
  -> 255 1c2765dedcf556ac9440bc819af47b5c9ea24cd04413f6953e2bf979d5fdfc7290b28cd8d3e50c17ecb63cf0bd4ea171152fb4b936b8714ce1f7e329e21b36c255bb360a422f8b45f1a778a888da83ad8daac1a184b1a1270dbaa05f128dff96300116ff0655f61a4a01f6bc299a16fcbd0ffecd6a29a7a5c4a8228a9da11d360a14cde95e0c4c6ee54830f86413a67213ee9366446e923146df91a308348c7fad7ebc175073a0cf5f69ea95ec48d6364f4a393c981449856fb0cc9b8669931bb29ac5bda402b5dedd47354fff703afbd9be2d668643bca8e2ed667ac44b036d7b15aa5ddc95d5cee2378ef1f6d11c26292e0472fcdaca80dcab1c7cd4fdea
1787460209.572665 fcc_derived_config RSSI spike: -41.5
  -> 255 ccc8cf94a4a0439b29cd6ab8aad8a6680fb12c17268e6d6a5e3edc7959b31315751d1456d32d3160a0ce901a7b320a2d90bc88e786e6dfb6614188e6a133a5d008eaff2c52363d18a3e0c3b76262b2db05cb37a52d0bf05392cd9c4f67cf43c07a9a58d9cab2265dda55c89a8e0da2387844e5c2f9c7dc9b818060f36487f3ecf563e818bd292a2648524b1bc43403bb35df91e7a71bda0f0ebc2eb82d545a6f04f78a0097d98f1cf40535ae8ddb188cf4c43aff47a0f4e90cba9bef2db91442454a0cc87cb77cae6c9cc6a1414cfd5fddc49c238a4559663a6fe3fcbcb4779223a9077f2165bb841e2989b310566fd9f1236c19b8673733b0feec7ebeca80
1787460209.572917 fcc_derived_config RSSI spike: -42.0
  -> 255 4553b1980b8cab14893df5cf1e327715faf187eb525b090af10b19dd494e31d720b3b329ad5db006bb798972b0d63bf73718e20c7801fbc52769c0d7351168b41818fd08b99bf8f14a3a8fffc96b31710e11e53874970b698335ae623f0c99c8c1d56a15bc79a67ad8b4b7fc569ea82cd27815b09d43775c4a313c0bb7c381fc1945fefc996f9176a7f9313c31b54a98ce99be677aed7638966d4cf713c0dc1979e580f772ea6b0d30cf49da66f9f0f7181db8ebf1bf147d01bab7e565d44559443946dd08d950cf0bd79498a2e231de422971ece15e123f2c26860e41ae3d5c85ccc60ff17cd0a6a3a4fbb0a3cf5fc47eaa92f2d64599045ac875d60b1ba8
1787460209.57316 fcc_derived_config RSSI spike: -42.0
  -> 255 c48f3befcf6076811d12bd197c458b49639cc261429c95f64add0404c6ef0847c7a6f2c424551e0a83c9eab936f1c95399ad1e8f4d67cbe6ec15040a6d5343f44b5cb4b8cb4be2935f22ac8584e3e3c730624229419ed6897ffa0e39437765355b92cac16d2e457a523c7e3e84e12dbca0fa1b5a0fe4e051486adfd6ad0ba25b3bdb925c6d4b73fb555b81c06e4aaf214ea78a0590f542dbf4b02c45324175e643f3ca3e67dca27fe27597706dd9a31b50f08c00c7e78f7556f92ba1bbb00f92db60b440548e2f7c1e9ba7742df273713a12542873068f095a23a9bf53c0a77578aa7a4c3c813ef1f728d9883849e50ac168e701fd936b59f2397b737b59f8
1787460209.57338 fcc_derived_config RSSI spike: -42.0
  -> 255 5379a9c0353dbcafc2f32aca1f0dda92d82e65038079fa97997940f6d98c9e50fc0bf0607335e8c264ba2180f27e4bdd2b95a3e98a9a89f5a0d211dd119bbfae77d12d2231babb33072d8f92c000e8804667e9919cb1981eadf69522b6e62d453b7072c5ce5c6cb1d4e5b52e0735d4e72ee1b2fcb918bc8403864c4ba2c9a4e67dc79876e9bd126aaabf12b187e04011fb11128f7b3d20a8993a5f69e669bda23885e7093e34502cd506ee48fb7f388fc77dc88ff8fd94464cd336e2ec0fac7c4d771f4ec1481bd376097f5707b47b4287431c07f59e7fd13e504cbefda4cddbfa6d82d305df32d002730c504f3588840adc86cf34aa3b97a3b557135e0dd3
1787460209.573619 fcc_derived_config RSSI spike: -41.5
  -> 255 fa64bf4a53665398348efeaa7016d6d417eaf2598d1557ff1778a63f6b031c003c505ed71304532d2f399e97a43518f408aedfc74197931fcb4ec13c9dd10e2c30fdc42bf314e4751ac66a60f3f3fccf8778c54298ddab4da98ddc06ca2fff7a3b08eb82beab9f0b78a698a46b3a3e5a2038c78c8539698a7c14b71a208bc520f36d4906dd4ede9afb2572237a679c0c13b55750a8e560ce8c2577c879690699beac75066906dc50a39d5e080bd4796ee51b4e6805ed5526d3b2bfd7126ed7351ce82bf4b666c3273a72b7eba73e40e69b212aa904e245bc8d4fd4529e9c2db86a0bee527871ba88d34bde1ad587480199e35a701608bc34727bea22db639e
1787460209.573857 fcc_derived_config RSSI spike: -41.5
  -> 255 384888601d2741bd1882dcbbbfffdc3e812efe1e18ea6bc55e8c636a1222fb95f5e1d46c70338fe8dec5092ea509e07910720b8c04551181fc30cd0160f8642879d5151db385dcb2d9af8faa1921ee73d9f9e0386142145c0ec7b9010764beb5040c88045c1cd828bc8107862a951c34e0f603361f0fedafe01a414e777b130abf2d23b73672185269926729b420933252848ed3b3ccd1a4652056cf6eb04bb3328f0f3bf7a9da8a643f6285513761b3000978725d76ddc5868d99afedce01518a53ae6b9de9aecfdc1c84d92d9373a7e23ffac867c7a27356d064e7b499dcd7496cf43ed930f226f29cf0b6e043ceb106a0a9c1e657eed70a12ee22303761
1787460209.5740979 fcc_derived_config RSSI spike: -42.0
  -> 255 076620aae409c84c800d5315ade295c4d89e45461b143de5e251e97b15c25306f1d35d8ff70e59d22876c9497463ae54e150b838cc47a2828cb0002ea7c41ff2f3095c8cade876e90fa6cfee696ad2f78e7267ddf0a1e755a322838400b216f063becf008d751f1126ca3f17de5a83bce298c2e68219ce5bf28cfcb142aa4960b9ebdbf133eaf1876fd52ba71b6ae776ed338dc271272f20328e5f6b2d53cd139126bff6e3faed9185ef7b88ada3ace8ed045ab8020115eab41f0df6ca99826ec25d1776ef8b08325c3f2563e3b655421b202101393a9730576dfab7f1da7f28c5da57002cd304d73f570b0b02f073ebe8b21059988c123759cf01648252a1
1787460209.574363 fcc_derived_config RSSI spike: -41.5
  -> 255 c3076c85b100dbf18f1417bcbb3cc8514345876a550e6f1f79df6ac08958ce613a6575d7e66789b665f4d15ed2de4b32d15ba8c6de20e2799598288e618c7ee432ccbfeaaad9813c2265e3f6347bbe0ac20b0b6767bf3173d64f2a8d43234201436f904d49618886ac0f1fb100d40e9e9192a37d499a80ea92ba76fea0d9cd83a0fea5910318ce7d23a10176cd590a6b411486a85b4a17a7bc9270be975794614b1fc9fd9120d8cec2dbc1741e489167d8c0102dae52045c4d1bc14dd7b55ec8d3a82e5b106e78f11c20ec76b957b2aa545369a19ce58230183e3394d90e327c452d5cd84d8eb5ddc1a6aae57d8c08e1366e52be5e53bbfbe79b66e3f4f58c
1787460209.574622 fcc_derived_config RSSI spike: -41.5
  -> 255 d617c88a4315486457a7722767e495c0a479dac2762d9e4362ae334a10d811ec833878d351b26fd2355be95dcba65b08711ded2df0f04c82fc6c472385ab389a4be56470b438b65113613d5782c14360135063cf0489ee9c5ec67e1d514473f037a77e978adbf52ecd549f2fffa8f3d3b9f9177a137ead07f1c6943f367f80b801c98f3eb66c607ca7a3a65b7c1c000030deb4f9af8295f8f16ed30e6b690dd1d333f7da64ab49b3b19950f09042b2eff0b13283fc343694e6c095bf776a8cb33e5944e31f3487bb55076727c79624e60a0b92b5db4205e00c8d07bfc423e8d5fbc8b298f4b580d0541868403775bcff699ab331c3aaec53601e450035b23a
1787460209.574867 fcc_derived_config RSSI spike: -41.5
  -> 255 5502ad0be41208f5b41abf580c2201cc5fd4a095dc7b1de9370a29c344e9eb12d41e408063e2f699fbb06ae653dc23fe6205728c1bb79057b3d584787d84649d02f12e01bfb7dc0f395b82f486a4fe6b0400b918ede64719ca5f149bef6adf1f2f30ff0ec37270fce5f7e3c02e3b8a1352a46559201ad003f6d9bd6213553b829f066038affdc99b7ab5cb94108ba48152cd95e891eac3f1410be806c067cb97719cd39425a1b5a27dc81e9cff345ab5a1229c26b38113335b9893af63d54945e57f13c75b75553e58239c9f78a50f367841381741b293141a423bd10038861eaf6701adc49e83f14e4e81744989edb33da55d80227312a0db2c35668b6167
1787460209.575082 fcc_derived_config RSSI spike: -41.5
  -> 255 0100aa704c7e0d4571e2ea1c26c72048438060cbb4337ca77ab0e72679e8ddfc5d284c3d402ad1833018d28bcb11492c0fa7feb24f1e75cf108a9088c1fba64016660b32f4a61db5b41f3bf935d7578f8ed9bdeeaf281391613a71bd43e4e158338f621443c6527ceaf1e405d489ef7be5a11ceffc17ff876ab3abb5a4e930e40e7a91cb5cb4bddbfd9a143a32d6c226d4702e7c646757ad5d8d954d0ac7d0e571c21a3daec7ce2f64b56975d99276be365793d28aa63655ac5689908b4a331975b3f80688e592e4b6e30b0987dca109bea2ba2307bd8c5a181e3da61b3f26eeecde07840ed93f2798ccf479647cb316c73445fe5a17a78251e8180aa2057f
1787460209.5753422 fcc_derived_config RSSI spike: -41.5
  -> 255 586d02d8a1988a4408580b777dc0064426f8e230e9878c7fbbf031d9e5d66107b768cfa5cd6441ef2ff40b03491b4563d5c09c8116bc6948dbad378e8a4d4f7b3e96c2badad278defaf46759c45fc6549f581b39b2914d4c73fed2a13633bc8f03b0b177538fa13361f06cadbc81739c89584f0d55e480d2109a93b0c7a4a1e4dfea6c847eb0079e0537cb0eb5a8994965cb9221d7373737a8db1c31db11ead839537d76f7dee36ddb62f04c18053eb3a277f579826aae53031cd10d8d7263724476e8e393e034ed47ac58e6495d7a289d075e5b50e2bbc9c894b0a9deb1557e161dee9a9093f708842338fd4ca17155348bcffd0f87691226196ba051447e
1787460209.5756009 fcc_derived_config RSSI spike: -42.0
  -> 255 b06cfa54cbe6392a938d89d51e52e7bba2f903714d094bd68384c17d7caf16a3957126c23209cb849e584550741d63425d290372ff419c8fe0d8b3f45277cb664e3076cb93b3e8a8409ff31d86d5a70de391e945a0ba25cd5d1830e1b5c81fd953c13bd7955469b16dcd2ef70510a22e307a36dc6f4100aa623722c5b32b02543ce7d641b5e44646ec71661c596280dc42a3543b17d43b005d3747246bba447ddcff10d695f2b64f18211be5a51c18980f8d095e65cdd54558a850184db034ecd5e8e2f20c67500d323b482852d92d0298be9e7f7f22c1398e081d8be92c219b8e9ae4466ec94006942e57f8b7f291c4516460c638e1f4a1c30e58a623d339
1787460209.5758662 fcc_derived_config RSSI spike: -42.0
  -> 255 20f2e17da5627fd89df5f3e61c98429764111bba730a84d68de869f6d4a1dac7e6e65464bb079a6b38e56440246cb2ace8fe2306941a2c89033b1779d31be9be416e9b5fc739f588c20777cabc776ce2e430e8c01a16324e4ea183547fc4f1b7bef604132424e735425385699ac5509568a4135ef030cf81406f217cccf40b94d9be45c71702b5bcb0697a187751cd359cdff57f4d50552391a3d232456c727e21dc8cd158418a59d2152e657b5e44a991d0484f3fd214dbee2810df0916cc06ad385feba36598e63102fd43bbe003c951d15a66e209643f35d90310373bc4e0032fa740d7b1168adc1e6066510157d84d72cbe7f540e429193a8c7ba08fc9
1787460209.576128 fcc_derived_config RSSI spike: -42.0
  -> 255 c5cbd97a722c00a672d77000047bdc4b796b7645e92f3d7e0de18bd02cbd6e5ceaa13d9c5e42747a601a26904c90e86781fed7cb0257e2dd6b8187bb43a3f3d76a5fd623f883f7ca0db8f16db966ed9fdf0719ee616ab84cdf045a3cfea79315efe8e3e7bf4bf2257eecdd716bf41437daf41f39c66af2b9e5dc6eef1bb22d3d742fcdb7616ada0b43d8c054a577663dbb5847a350a85cf7bc9837ee445b20dc6e6d7920aebe5f060a7640a141b6a11b6896457a59151fdebd078cd72bd04d0a5581a1276e5361ce15685cbec29976dcef0ef7bb3fe4bfd2a7b71e3cead9c5c7a59580468480bbeff811aba53e2e9fad0fc20193fef4afcffaa7589b898ceb
1787460209.5763369 fcc_derived_config RSSI spike: -42.0
  -> 255 fa9f2545086466cd9341264044ac6d6c8716c640db17344d81a1311f6528e3803fe498968ae20f4d5d16479bf646c4790b814a7236c738fe74bca14b03d193759773e82ddb1b444fd0ffae0508a826eea550be30cd19c992ecdc2ffbda655f85091c9ba07e0d1007ff3a84779210eb9e30bf6cf2984879aa21f02e2b14d67e2093036c51ca16467ec14e0f2679b8600312c1ef50d8ac7600751a5fe3e0240d85d57d4d27985f5afeb6d819f79c5b0fa033780aab2817a11f3643346843b44b0870db670e30205a925486ccac16efa01c0c34ace7a53b2d0d233a2ff8c5b93933d6afb52365eb7955e3a5049988b3c554f7f493624e95404bd307d7d401c48a
1787460209.576562 fcc_derived_config RSSI spike: -42.0
  -> 255 0f1eb04a20b34a91d22d60803054a1ebf0a872ebb9df3dd38f275d4fe4b67b8b8b8f069472a8c9c06b26cadb65ec904ee69fb48c41f98f7bdd85f964f47aafe8beed60aac29424ee6024f985ae2dc7f1fb7e55ed1d1afb91547502d6c64bb434b05fc9a4e1b012cf3cf1fe15c01e6e03e85695355ea8a9cb2715936c49b39ca91e01423db6c843cd5bc25f89cbbd9451e441b8f2065b9816a61cb15b9ba6c966784af951c1e9af7db909d3c66603040253d6e3ac4e45129b0e95360f53f6ea5771542a5b45933308d6d89b5091c40a0c683ef7e5c74c372fb370f8de43a4d9235f2b010e588f460e65cdd6697b3942cc795b793dd2c1f0f4738d5a92693fb9
1787460209.5768058 fcc_derived_config RSSI spike: -42.0
  -> 255 28241fb5e892930395b38c67cd30e57ed5db1c1df03a3f9e20b0a71a6b33156f8ca84594670a322def47421e4a429dfb46e6bb0e151c16037dbf7981ed13cf384063d40afd9aa96df7ca6266b853182d7a03170cb5215f7c4803f08c78f082014bcc839c30df58d6773273b418c148ebde084030903c31fbbe3d4c3a5a805f39a9d6b00421b22bd78ecd5785af9e9ec9f1f37c14443da6daff88d7c1e25683625d22b0d78f25e59b61b29b33e3bcc1f791c3d29800952f85a7689f2a83e26fa1f09cf9fba033202021aba516c99d4432301b40ab2e59149fd6063b575bc3f562db3368c72ed861ea2f0b9e31258e098772c874f927f6e68482f9562ab56166
1787460209.5770519 fcc_derived_config RSSI spike: -71.5
  -> 255 b1837e6cc48d655ed82041449be355e39edd2e7247d813db76f7f2fb3ea30ad96f95a0387298bb0f5ba540c7b60d8f01b68c3a0327e1b11d8484e39a73a1186e724454bcda0f383ec53f2c9f6ddb9d45d6b00a8ae9903941ad45def3574a416e0475f558ed6f52a3396a0f53579994a2c3f447f846dda75f6921f2f623f72f4c5182ffdbba8ddb6f685b3db8412db17d3a350cde7f195a3414408bd5616b7dfb4e92143d625148658e4a4fe0a7bb1eb791f5b0dfa04be1283d36496ef028589cd32531ff0d203b8bb6d6c865ab2c41b8ddacdb5ef7474834fb8c4d3d8abf710ec0ec9738cec9acba2ee16fbb50c0bb07333199c5a11cd3201044fb4bbe9c1d
1787460209.578867 fcc_derived_config RSSI spike: -54.0
  -> 255 924ef8c527229d94946335c60df99719f38dc1e58e6ef66015941b6ddeade5e9ce21ead53b564053bb9e169a8382596f4f21b3924da656bd5e63de5bf2fc155b8db4fe0e5466fe8f66e98f7fb9a7c4bdee4aec588a857f58c4da82baea32148f055c573a158ff78f4c02436f03f984a332c704f27677ae007dfc3cd1a080da3781352c02a8cb287fb9a43312211857c64edfa7d8e4a733e71a94dfe3aa7af7d266eed9b8f7870f1eea59e15ee6d974d73c39479887ef205fee68d47830ccb8c3d1befcbcf5ba60e24959fdb1ee562d896798d1a06ed0774a3dadd5364888c862fb9106c1187ed877bddd4628059379ee973cca07f036c29ca6bea1907a8ffb
1787460209.57911 fcc_derived_config RSSI spike: -54.5
  -> 255 14ca939ed4ffd3a7911f1a9b373c656ee1ccd397c5de8c95ccaff2a24a11e7c533aa1d2b6350ca9098ab9a1d7540e293dc2daebd2e48027fe8b4dbb090ec6acf81cd040b5db1aef52f10f7a3f5ddad8296a19f8147634754b7c57dd6f31f88cdd497d4969c936c2001146ec2de11a5cc4612f83df612e914b081e77bac4e7b08b7f160242c4375536132e50c26da9b7e25e9236c0bd7f2d336264cc4f7d0e574c620716287a34ca27a7f777606cbc8ab4c5c824ef469c235b3a0e1ef92458b61ccc869d70ddd5900ae54dd8198d4d0861d8e3cecd6798ed240c7797ee58ac323ac2acc92f62317e8e39d45d92d234b2a7db8a1ff2e2072b97f395589b486b0
1787460209.579382 fcc_derived_config RSSI spike: -45.0
  -> 255 87f363ef830debfde84366ff25ad16c47f511b7973e3da8f154a3acf9eb3d6418cf8ad3106abb0e043b63e9fb6b315277142e278f0c8b8d688c7756e09135c2386d0d0c7c877f62678cb2cd51f99ef5cb60be9257009784e42320718a47e73dccbf4032b4a04f9a4133ea70e1c207fb650f6b55367fadccf0f0d3234c1649718872fc515995484b9391613cfd779b8930a4dcf12c9c1962f45878dd770f144287828ae18c88386494c8b00875b4ae1c3fbffc8cdbb974d4468d2a5f7b05defacec975b3e7a848de619cd3306b287eac7c0e09b207b4b45a9ed2cf837a1d86cb4517cd8cb9883c2ad233513f232b54be07db681070aa423d8079d4528b9f8a2
1787460209.5796201 fcc_derived_config RSSI spike: -43.0
  -> 255 e795804219d031f0b095aadeecc5546e2e44fa7bc8e97732ebe2c69284bd6aa3ca0393ef865f34fc7d0c1fb4de8107f70a7c514ac401aa7288097d3e7f8d1be24cbb05a101946695545e9b839543856a5e2f729744ed10c722a6efcc1be84b159e73e8ee999f422c0d4780b1c89aeea8500284f558ab7873eafd69b6db1cffdcfedf1cfe30a72a5d8550d609fdb3e7b4835a0134212b2cc090e7bee31448e3542c9039eeded7505982b9774143b5fd0898162b0ba7ae746526e28c22d89073797d9a2dcf9bf774f5b12a633cb6d3da5f4c6f0c25c185792014d4def3bc8b1aa05637e4ac063d896e0b80617c2f76b4a92a342b55379d6e4a4a6c2117d5b9ae
1787460209.579865 fcc_derived_config RSSI spike: -42.5
  -> 255 3e699898bb213f47cb658b8345d729e4012e71cfe30a182494252aa7cdcf2e198db32236a733e66c36ac691fbe42baea6127e937bdd95098003967e7264079cb00f5dffb3386f3d659a74691ae81b4b0b6ed257d63ec08fb904e62484a644f05c623884b0e4f50a3c0c06c1c89a936ca21626c2598896bd938d678e098d8216b4e9756ac585d245166496c3e4a2605615ffc9970ad74296003416caddb4a97030c115116f9f1f5892d7b6422e1cab7a23094a4b572ec3fe723c328348d51bd562ca24859f555842db0db273b379d423d04b60e45c919e206cb2cfb447690c8636d356ecda48cfc62b88706ba20bee11d54630f36da9668f454ddf83835fdf2
1787460209.5800881 fcc_derived_config RSSI spike: -42.5
  -> 255 d75468e9bb0c1b95d84d8896fffe205c57a90b51cf557962c1cc0a485dc9e70cfb96acdedc92eaaa2e4eeb0835d70e4f5770c1505b442157dec2e58f7e403fc72a72a374e388812dc8fcac9ef6a204a93bbc43e063e049bb28e7b1f413a2390987f1cf1be05008c07f0a3217d7943ebcb5978922c3f09ff374f15f0470dc991cf56e54100ba1535efb63aa89546cc9b0c9b6ea734e20c9211b9e74a002158b68fc4f2031737fb74295ba08cb25fb88bd59f20b79bb8b82ca7ae37ca4a02528928d6571f1b5c8fe51cf07c222d9378beecfa45457683dd2bf212faaf5482c5724cfab7dece120d80b8960c85f3229727da76e06304990b059502edc5cfa3a23
1787460209.580375 fcc_derived_config RSSI spike: -42.5
  -> 255 f3dbb693fe2ec3f49fcfc1975e8c748e64903fa4b99a8f2e25e61da165d5af4728a85ef72527a8141d9ec73af4013e6111cae1c5d63f762298dafe83ed43b9a7eb39c357e68120eeb4b825d27e90f95e2d5a9d98106b10acab463a78dd4acf55565abf0161e19e4e16900c7e65190d26060f602c4a1d013860882e37c6141c3ec2d580561ac0085b3a39a3d111c31d83630380fda8f926efad68ca71be7bc1823623a6ff0bc854629f606adfc0ae5e45ca0e76fbe44fc5479aa35bdabf7004843fa007283ab7850f1bdc50b3604a6d590342f7af188f984498729319fdd0606c5603647713ad7badafd87065b9fed55d7bde11932bb7993e99c6c7bcf64b90
1787460209.5806541 fcc_derived_config RSSI spike: -42.5
  -> 255 678e9dfdf38e9930bef16c87a7bdaaa69fa1a30528861face30af7a48ac9bd236a6316e5ee5c46087f85cf913d926b096e309f150c65acd58a895630136ec8319dd7e5833151d1143b3782965f7c6d3a259afe7e818229893af7375f7aa5a9f8136f93bb96a284b1d5428c213e4af03a824a9cbbf02e1c9981030fc174f4e44dcf35741c7698a9f355c7fc5dc1658c5cc2541c163747d039318d7ba4fc87985dcb1322e1eb305ecc1e62369224167556aa69cf21b00681da2c3aeed82e8bc63f68487a782e6507d042efa464036c47ed328e4925ce8f123133f5b661e98ef0daca356e7b06fac26a6c40ad6e24632d22ddffd4dfa48570c915bc2ff174443e
1787460209.580898 fcc_derived_config RSSI spike: -42.5
  -> 255 74d775dd0ea242e4070d04fa130ca9f63a3736f3945d10b6f02cd829451b115f1df9295b77f0452f3da948bed2e901112a3b1227680cd6db35325b29fadeed2ff9b688de5bc89cc9b4bca5c869f1b05d7a4e1d214fbb4361e8ce7e31b4fbf72b36d607024c89f9938275ffce204d50e5980150a8b0d26adfe06672d46e31e4f62c459e5623d3aebf68ab25147447f52e8d5b05463899ea3e5b2259b3a0119f68bf184b0df48773dfadcb4e1b0fbe32e2cb851815ab117d57ad3846772a26c505549f15be404645817770100865d7cd854453e1c1a1b8e2658e71bac550ffa8d67623fdde879fd29513deb9dd0f57bbc1d807135e4b2aeb25c5645fcadd2c2a
1787460209.58115 fcc_derived_config RSSI spike: -42.5
  -> 255 8567c448f821b6e308d29fb5c4463a55d15d21a5d22afc88cd3d078acefc2281f392ba1ccf8db33cf82f791ee6654e5d26602d950640f46d6a44885772ec0b0371dafb382e86a663398086a5a1f4ad6caafb4912f2b674059b606e6732ac5fb89d9b3d879581e1fcce3e34fec101e8628ed70642cf8286a7e4f3229111f09013f30ba57bc9c32276c2c909d03933eb4d68892a169e10b6af3f5fa3fe597d0f8e4049fb57c79e7d0ad38f991522cced76234b60d3a96bf2a36401700260422ed5c7079356d19ac71e3d18583ae43cda06712c2328f32f6b0f3672b6d558baf712ec54c4ce8fbf4e3ca385364c3f7a7aec5ca36d09a49b4468cc7d88ab9c735b
1787460209.581432 fcc_derived_config RSSI spike: -42.5
  -> 255 05d3d93eb37c75e5fb41803ac8c1c5ec8399a580fe9e94edd87dea996c41566fa8d29f10ba212c519b1062df717fd38f64916fed388b6b760d46aaf2b8e07be0f9fe0df45d6f9139a5259057d63bd26d21c28c6085e567f4a6dd4eabd5c23a5548ff729293156272fe48c3ecec6eb8961e9ce2e8569ed1ce6980581af7ba38b16c035a42284f734ccba414751f34c9e41fbbced234f2e1918c8deada0e4cf3e8542db25d31e650a230ab10c8f8bf688fc3040cf3f9f16ab7bb583f8372c232b3ab9ad7f33de89130b506bc37ae48370c9f257813cdb76bbe24aad7229519b983ad87088e4850e1efc0ec6b0e39c7d2d5bcd0adc2c3c66876648fcc64dbd6b4
1787460209.581697 fcc_derived_config RSSI spike: -42.5
  -> 255 a7952cec291ae8e5f6584e606f28104b98cf3ca699d74df48afb3cc8443bad19f0640ffb84069381b7f2752f51b5ffacab4e84060ca811a2fbe3da015ad608e45b572395047ec7f4847129cffd122c9f3e3aa20b2911efb2f88754914c6f75799fb06e46898d00a36fcf0d93db592d08129be21a732f7071754b6a60b7ef64e31b761f0498bac52cf0aa290d2b179cc9446d8b4bd4854aa413f8e43133aef493fe4a37b335ca53baee2ff958b997fa8c1434f67536fdf6644b17af0818a3a57ed63563615e49022d81b2f88fd47029010068fb93f98c0fdd8afec569e292d579e5eeebae1bbd27f696210a7a878ba2f201db8c07189c9e9c76fc268a50cce2
1787460209.581928 fcc_derived_config RSSI spike: -42.5
  -> 255 a0677f51256325829e864302c721219994db6b69b55c7940d7bdffc824d682764575db20ee9126349d2a96248af5b3c157df83ff683262d8b616ad0e7a7084b4a2f989c50e2c200a96f9f55431cc5376d5009f55d2230f49f98a0e711b594117adc4c7a4fafe355b33637147f41ce51c40899fd770d21f87d1f4f73e1ac29d30f755540cdef3567a24f365be9904e061808b4646dc6808795cf676f2ed8430c1e439ceb9d6651a8994ce260e5ba2d32208080fe5829b1657b02aa136fc80d7600c8a2a25225075a7f1eb5e04849cf46353bb3232b0ff23a8f54a755f0a9466b2ec00fdf652723fa51fdd4f396bb8bd57f9fbd4827d5c48a6c0b7273ca08cf4
1787460209.582174 fcc_derived_config RSSI spike: -42.5
  -> 255 2206b4bf46aec9ba5352095e52e14592b6cd5860c190d445fdcb5330203d98435fe1f23f22532733458446d658c91f75696fb131afc5a13e8950e9f0634f09493785c771cd976d3c20cefc02bca5b426ac1d679d7b67188fd25311a74c3cd7f6ee2a1cb70bcc17ffb36ccbc94667d4862893007c23605ee404e00bd3cc8994faeeafbf038464e234c94ed5760728311d3d3dae0c5ec39bb7b0f5e444a52a252066f3032b7802eabce13fff6a2a7cfc770468b9935d7f78fa2dc59693503f64c7f5d970c41133721fe6128eec25f9d82e38fd3c2a86da70840a9ff17fc5e29778f0a4e7c5c521c383312f85ba62c515d767e2fc21deffc6cce8aea59536d89c
1787460209.582397 fcc_derived_config RSSI spike: -42.5
  -> 255 7f7b4a0915881eeac80e7cee5d307a218abd3f992e79449aadb2bdfac3550adb100045f459397bb1e30e661392c07d142575116bbece8810f2bbcf3a95662c26e93ca3c3eb8a1b7075c4db844c94d2ca8a02c9e626033dd4e75acec33eb165692e8bba3f07a516e9ac82493d3461219897a9e6dafa1a2c2359253227a59a59e90a111db337ae0e742605050d01a1dc87176ebf36b6eb19335b7fe98ee0067ed67eb8df2511c474cfe3b62186b040686846fd57851424da9b36a475981e62f56fe005b9f3fcfb76a51971ed23cf39332bee20cbd25a7c3079aa8d590ed9ced1eedd779ddb332ecb20e21e15e031a06cafcfe35af6aa7b4d5573e13702f2a195
1787460209.582641 fcc_derived_config RSSI spike: -42.5
  -> 255 3a0cfcd294b72278753129b4e454a211f5ddfd5764d8490af99823852e484c28528d59c10ac82e8a3e5703a700497f4751ef89a52fb5670e4711f10ccb9f568e2281450cfd32d3545b197e287e22d7cc822c602423e5671a05bade2b3e72d1fc3ee0094601c2c540f56148a285da3699e65c3c7d1ee5ff59e56c77e7d11eeaeda452fc3b06054a30d3016ce3f4da9f26afed2493ebfa81ef9bffa6ddc031575f39c5cc4853c32ddc1a4c3443dfdee4ce9074125b32272396f2bf56f0ac6ab7cf61cefa8b480d2f2ec2362de8d73f7034f784a2f5ad17e5cde096ef5c6659a1040aaafc8f06794f610b7c0ebbc65376421a507ba36889c1d8a8f7fe5eb47d90
1787460209.582922 fcc_derived_config RSSI spike: -42.5
  -> 255 3225b0dbb5b26b6870e7c706ef114a2ffe380976f86fc8088ed0ff834d1fb43567124f36157dbf3685cfa473abfc524f8e1fec4bb43d8d539a2691de5c723b164c763579f3ea01430a97567a04998a7e0222ce0fc3c13d051e756da33ada11df2a090af6138d4ccc4738284d61ff8dc96ce323b3dc3a78f2b9c095b4cb229a72a6d65db51d8f00c5062bac68c641e28b69fd61de0b677ecdf00e78379247cd96c6f474edf5bf58436763051c9fcfd58a3984e6f9390ec6bac1dfbd9246e234a1ffa8fce687cf61ba4345537137fba1e43fb37e0785de8c7401647bc4e67b02ee5735de0124f1d8d95a8f3f5ee982a852c82ffdee804eea0925f977520c208b
1787460209.583152 fcc_derived_config RSSI spike: -42.5
  -> 255 95419e921868548164fbc221be8bbe576594ee38c595b3c75302dc14da0592630728ab870044d6bbd861383d8763f5e3b08360079b86e8c4c754cfbbfdd7a873942205ec8983e15d11c92c9392f5261d5fec9479c91e8b5b610c5883de4ae0dbc2e33fba71252bbfdcf4179019e2d55b8f0079f804eea74588ec1a06047f397bae89a30e17604a778d4be4a48ec54350c1a1ad689ec7fdfc9127da8aab856db20e3da4cc809140d7cdf3e70bbf99912d94f0e1b8fa84a634ab1a515b35d20699fda735b1ca0b4fb2e0f64fa78425c4ba254ac0b99241e0f6c971dbf3c48dc037ba3d50ec8142fb454f98398865c870b0095c9148cab2f6ac0e3968dd8167fb
1787460209.583387 fcc_derived_config RSSI spike: -42.5
  -> 255 034182b19f3fa10fd8aeb4e7c38e7f652df2182a9e58d5bb91d6f5bb1e288e005585db03bd0534985c1539702db3ac97b9343112bd1f5e6b23cf9ff739ef1a3197c5a82d57ca54a16b3a9aa3d7b36181c440bef6dcf14ea9ef87c14ef177c799e2416a22e131fb29048e42a997bf73189c7103cfa3ba0519e6048317c40c937c6576e515d01832f430877886863800df36df1f61459c044d349fd746687b37706c231272a595fb0a96e7a827009b47b12e93e9185a2ad15781adce98028cda67840ab42b8079d4849ec9e6ec7a806c3cfc37900e8c90308553fbf270a24fd817dd107ce8d0769c2c2fdde917bb313e3bf735e187754cbab97efb2800d7cf49
1787460209.5836082 fcc_derived_config RSSI spike: -42.5
  -> 255 9ddc3d51ab8b48785da0fae6ce08ae3280abf2da3d68618b777424d4a85a8902b41e7de3f45e36b053e88c8a92abd4703d69f243223f4d884c9a09e378e0b4a31994b4c10b57a4d7a929389337c3ce8f3d51eb830ac78f845357600b4f1a2ae5fcb052bae1394cc6b20493106ab596e787f644fe540302bca7a46734459c02e45c74e14962d22b112159e65174dd419f3cb054564509feb4daa4799d13bc6ae294519e52fd4c15b9573fbb24d1c38aeb063e3d1ced79c157771efd76f6bd809c371bd646ccbed3dca487050cfcb5ab6f86d8776e24a3606b7d91e95e4d0a1883eb1c0ad9767e910880ab31c8f55163097178b575eaf146559aaa84d64512a3
1787460209.583871 fcc_derived_config RSSI spike: -42.5
  -> 255 3401669275b326772d7bbdd247e0dda4f4e57dbe70edf75cbf9dff93948951c92d1c7481e1a7f8bb82fe28422fc323f034ec56d1a85f756d9935bc8a38560376082838ee126488369f14c10a737199ea544298d93e5363b899f86d966fb75bc234e9481e3d84b4c1fbd6f14d80a07c3aeeb4f2efb2cbe5596491ec949e1c98f73d25e7a9637d6440e343dee8021240b6914e4531c33b4d3fa7504b961e508306bd55cd39eb34b95dcc31dbe56847078015b0a7f10791a1e592bdf6bcdd8ad483a2f0aed83f6423f85de1a4232957f3bd1ea604615744e865730c2aaa92a583c7ec3e533f7cd977646fb622d382e79752cbded5598d7a637a7db0d1a420221e
1787460209.584137 fcc_derived_config RSSI spike: -42.0
  -> 255 c20699c8f0ab6a8362cec99d9ee747283b5b63dbb432beeb199d3bf887aedfce15627c1c64f73c96c680ff9fb07cff4fe7eccfae8971bb3134522de3e6a4e17a5ab58494fd90e77d73a329e3d0e82b26b084f97cee75bceb567fe92b4d2ee8a4ef7c71a4565bc68e741f958ac3b8039d03589a915b2c0077170681a6a89f0feebe0b98a02c10ebefbe141b0fbd5eb04cd04a8193b185bca7f650077ccb5fc70dfa9d5f67368c0e1db9dd51c23c69c58cf92f9be78fcaece2c61301b4ad60bbff4062306001cdb4966a2730cf2c02e24b970f2d2e4b25f96bf92da9e9d95f5d843a861e3d2963d1eb5212c9e05c051aaaa8e00bc42238647bf9264878d33aa8
1787460209.5844102 fcc_derived_config RSSI spike: -42.5
  -> 255 531a811ac8a1db277e7dbfd51d0c86e7957391cdeae4bb7191c96e60f4899740f63c4465cfaf7e6a7afe51c2de341ca15fc0cb3aee194bd64b97bbe8c32cc039a2f45ffd4dd561792f2e8181b7fb039836da2841e90d035fe205313a898845a5b7d508c2e60a8c1b15847ebe1b37cc96730dfe5de98d6b7640081a314adeae9b20c404b9736c5f1ed197030d01be485d55fdce978a33a9d6cd1702a8d4d22f087d78d4812131bbf527dead6e9e15a1c79e4f1e49d1e03b9ceebce9ba2947ca922bbb20a4fe197c7da1cf38aa5aa24703f89d66aa2e9e40066c0d38731a716f8dd57f177ed16cbf245a6bb3f30a04510c853e1e54be87890acb3fd6844d0d7b
1787460209.58464 fcc_derived_config RSSI spike: -42.5
  -> 255 0de4501facf9e50d63cca36865e5140ae898b9ca9ecbc9c7c81d9b1f3228e52c3049c5538e9d4fe241cb713d05001fc5dd2e3e87bd9cb82599d366f36cedc2ac8f998987ed0ad1e37c371786f6d53bedce2976fcd13d9611b55e7f427368ba1f53996edc7dbf0d917ec771668145d0bd93bc356c8cb501db7b3d5ffefe71644b0442447e10b5ff1dadf5fb533abf4e07e50c11a47a8145fdc21bcd680cf33ae6e1e2764eeca353f137ec9b4514d5df5befe97f5edc9472e6a32d4a4ad4fbb5949f2ced77d02a749ef85c7ae850c43588e0e3cca60eaa4e43a73380a823ca8a48a48afffb5394cbec8e702d67234d2d82a1cbb0e709489fc38e381408c49ead
1787460209.5849018 fcc_derived_config RSSI spike: -42.5
  -> 255 9ded0dc65df8261fdc9e0bbde0e9bf2a7a81aabddbe3d8cab259129e5cf00018474f58a434340b298eea6d9d555c85d2ceced08f9f0641303055c7c9b4f95034877d5d869608929dc0ab89b5a0c2c6c50f46bbb18b85ef7452016ba8fc11f5ad1273ff07ca7495d393f77357110b136a0ebe11a63c9e2a0e7e55a981c8f5e2d9d09980c345878ea8d77d7477acab65a3d90a30d6154f50043bb61d82238d2284e021bf013a17bb22582da028d8cf10dcc822e7c330552500769517fffe6bf71328fca0a8fb82919f2cfcf1f780a8f6cc4c6a6fa85870bb2789d6c57b5a3fd61990e0056c7e97d7c50ce96c6c00604c7e8ae272ed541649e63add9006feca95
1787460209.5851352 fcc_derived_config RSSI spike: -42.5
  -> 255 1f8d42b5de4f74f55014a29ed554415937501417f3bd8ced98bb163d288b14d048e84c7b5e05e1ea4b5a4600e9a83a381d1fa6b8bf4b67bf8240c08710fa4b5822130a1a7aae6381cdc595ef1bf6976caf3db646b047a799cd662da9ea8fb400cb90461cfc59c14c3a37a44c433ae22c6991bee71cbeeb2e9fa1e6de11d45f54e771828fb34c867e04799c7fde3a89964e21e61f7ebca9fdc5fb32fac79a3ed6b3d58c5a8a62cccf9825436f9353f4ba9708fd65465008ea5de2912d4090dba0951349735b295531b4f24a84e9cd9416fe644a46c48a33d28018edc71ac57aa6dfa7fc0d3339a09e6f5fefb0c71028d404e3b51047b8053b0bb55944268049
1787460209.5854132 fcc_derived_config RSSI spike: -42.5
  -> 255 f90baba27216bcf9a030e8dd22e531fd13690db9c24f3f0e8f95cbfe166000190c194032061a4f0a7a4fd726bb8aa71ab7dbfd26f49daf9748a3515c66bbbc2d00ba8816acd40a8df3e5ef57be5302b73f4a06cf06a77e897083cc607e427dfa6b47e6c17988584086ef5cea433264664c1d9db081f32e89876c72c62e7344db7ca1019f78b6b7e0f47baf3685491276e4d1d69f2c3b8c33a523c38f36a2c00d9563ea46abfdf2f6864fb1ffcbf37e3d596cc87e42eef2770dccf6e02985831fc9b648da150863dd1675d081a38b7beeb213a166f937859156225b369f1dcf8d2b8c917b4daedfb6acf7ccc93e9f6bd5bb0cafc599df2279169a9c97e02fe7
1787460209.585685 fcc_derived_config RSSI spike: -54.0
  -> 255 96007e035d902d040badc43663b85639d0007bbac1e0b0e31f48b93eeb6dddb5b86f386d99159f02afd4bd3607fbf11c011dc8c94ee78e059f5c01d5577dcc9450e26bdc2f957cecc1c4e9fd9b1773f8aebf6d947b21058e5285866affc618ea9ea1617252202efc615ca5657b7c1279ca2ee4fcb5392f342fb86e77c890047b719a85d69e2de0d740c1967b778a3a768fa04f6041bca0ac62b4fa26dd78d3c7733518020dda7d6c8a11df1608fa4084f4deb9b8c21c1408a15c7a1f0ba147c18d4abbebef159b38f0c9c61d61d1a859d08f27cfdd935cd478d95c36ab7cd45aab06da18118a000e57c626c973bbca1047a44fd40de90f35da2355abc20b86
1787460209.64786 fcc_derived_config RSSI spike: -43.0
  -> 255 46bc178c6b2ce860eed3ff47c7340c9322deaea1d5b3c55f5ac820f95c5dadf19fd8d5ee831f4ea488f3fe9aecc6990c3a45fb4e242b7d83f122dcdca1eceb1c1e80db6e7593d70a84a5810dfcd21722c92d07907c9502c6372b0a895cc34105067e8aa422c39351afe20f4e684ee74f522d22bb3f532dab77eff81e3110db25e267db50b356e126e8ae3e21e083a194f40ec3d987775fb4bcc59a69a5093dc9596893e5f4c7e020ec6e1ad6da628b4bc4616e16a85d5e148d772b1e09db0a4c833181624383200e673cfbbe5ff6d1a74fd1ed440314a4c234bc656619cde54b626798a612290689f7508ed2863a7dfde03161ef5dcd6e314a1545ef8f79c3
1787460209.648076 fcc_derived_config RSSI spike: -42.0
  -> 255 0476458a50d69143ae99a3a5db04eee38ba7f9619632061a232217a423e06f53a02e5dbc601c1b5ae16ec677fabe8327fce49fc90ec22c42646836b9befab84902679c38438f8a54a697887123ade6b870cc4a27f02eabe3383dbc829128546282e1191e3b55acdf63104507fdd7c4d1f8ef2ca7915b1987874dd83f80c614a799ea14efa14e7642c0fb74b2063a8605c901ad023e46ffbd8ed6a03fff0cee19b6307ebd1e00dbab70a608100b30cc7730c77c9bef6ca3386dc1d6ab8a513e4b8a6e53519bfa7a549f7e893aa04d2d3c33baedd6583a6c29f77c98e81b0afb3c30dc30ea9940b13c8b35a362310cd9fceacb684c1749f6237f2f34e7be4d1e
1787460209.648299 fcc_derived_config RSSI spike: -42.0
  -> 255 f0cafb17e7e8dbcdb0c31495bc23b499f2d377fc872d2fd9a55fff2da30cf898c46506849a34adb0115cd1f380f0928c1a96a8c78dfa12d9f7dda466c4f29471c25f967651dbf8dcb160b83306a80d3c4723aa09ff1fe22dc7344ec5afe0bab8ac6d96b9397108a692e4f6bd39305ab44e4fba1ae076a5ce413a68f4800748b89d34ad5c42386d11140dd06094d822946d184165c03bd71c617568a51bc78369d8e95f1ea1dc9070aa276ca01082e6842bdcdb19872b6e3e354c7c1d42e8b2c697daf59317562aed2aa39e7febcca0dc5ddc5e5e4a62c73e06be9780292723c6da3826919bf74295e07f5c40193b3da182e8f019e58cc35d734a3d4b031469
1787460209.6485162 fcc_derived_config RSSI spike: -42.0
  -> 255 ca26fa4fa8789bfb727f8df7ddea73d1ed1ec3b37b66f1caf0945849f98e84fcb14750064a903162728f506a76f4ee147faa98e49de3687b36910ac7a49589063f7075daf6f9b0c2df74ff8deb32a00f7476429cab14fe342cbbbb9510e77fe90c0912881f23f24287ea42cac59cfeb217f210291d9f45e1123607bb1576fe2a43051c3095ef10495595180b2aebbc21ffe51345cee742d8c80383240551e1547dbcf6c8d50f7ea85724a2b6e17a13b510f2028b41a508f81d97efd7ca495382ae10604032cbd0b48cef968c53dd76d88ea2c79dc440c337732cf28ffc57b70cdbe87da98ec6d93dac7ccf5142b2ad9d0d1f870fea4729dad5cb6a3ae79911
1787460209.648761 fcc_derived_config RSSI spike: -42.0
  -> 255 74b0020d4676650cad9bfdf0aa70b9c02bc08f9855885cb3848149de719ac56c719ac046b22beda6111cdbf27d96e88bb01d2b25b21d8b8b5c1e6bc368e1a60cfbefa2946adc7091e224ed18ce297dd2840d51978376ce7b530ec07baa5f4e8e126a3c771f6845d1a00c4091be62680f337805d9e93427b04ea67bea0d5599bd790818bcf0b6092cc5c722701e9921d5bf12a7a8e5bc3142edeb2027c685072e5650b23187c696d69c6b15b738975dc07cdea24630167343903f0b3291573adb7d15271699d2ea000e3cc9e6f664fc2b9b66aa590f28f149cd234868a984e0a672f15ed45ec39dbf60b52cae681e807c0eaf97df32f3d9e61d2521cd219776
1787460209.6490119 fcc_derived_config RSSI spike: -42.5
  -> 255 22085cb690b067c7c0045ff370fe72a1a1f0f53742554818582f48110f2a17b95c2e81f8afce059858417ff29b8f78df1bf76a862852327cef088e3ea0fc3fadb6a2bf940e7792c019d9251a75263ce9523953e21c297a3eba6b9738875e3d46f851419c6cd03b4ef511888e5f7e10cd263a738b97f2e7dd090d337d0d299fd982cae6a6ce017ac771df5bf99ec5e0cb79689a0e369607548bd54370e9285a968ee457bb31f16701e9044daeec3ae6d33e5c430e8591ab78bc5efba01cd11e8fcae68f67f0faf05fd1e0e473c8ff3743f529c605fcddecef5722470427c834c7bf9731b470ceb8c5282e2f9462cb13daef2d6b67c7f9dc4c60f86cb1f3b4fc
1787460209.649266 fcc_derived_config RSSI spike: -42.0
  -> 255 2f2067299655b34fabc4b48e0a89f50dcf20d45c61174e44d4b44979506570488de5f520c0eef0070dff5bd7545135b7d5359c1c0cc66d47593635fbf6a47c49720b267fe92da200ddf452c9ca28ab501ee3c307e0e3b76eb5c0e81a4cf2a72c398092c30db33ac9b3280b2a2a78a5e20ebef23a42ff41de588d29342512391e787b96e5b7dafa02987ff1a400afc708f084f8f03b26ae1d6138828b92e0e007aeba6d85c822e1c0e916ff21b5f718ffaebce53132949cfb0a633825ff50d8937b5bf35346641ce502d4864534070696bb69e4f5996c326f71eb4cf8dfdf9dddf175dc5e0f897c1867d32fbae25fcf0f78738c839a8e9da6583107e85c516e
1787460209.649487 fcc_derived_config RSSI spike: -42.0
  -> 255 a234830cb52b37ae8d51a8079aa652017ad11f7147729ff33cf158a4c02131fd5b095ab32ca71a612efa4d77006750f236cb021e5421802bd09a9fe263eca82896d67a5c758dbe830539e0efecb66917e5a6d3acc1f491a60c0334261f5fc799547c56ec921f4986d56bac5705685c994afdfc88e9d15ecc90c43698909cb2cc9d81631f195eb4605ff842def8e5bee7bd4c44c2c2e52539eb6e17dcb630635d0b1b9b2d13420433dcda2ba38ad23cb28730d39d7d5aafe5ed2acdf37934c0d111a0664d3be55fdaa814465cb3af43d47058ca3282f19c8182d6a618950607e0e1ebeb9f5edb551295d96ea91ef6df2cfeb7e8ab9bcecbba6aca4be927fcf6
1787460209.649753 fcc_derived_config RSSI spike: -42.0
  -> 255 841a16deca871492e9c51eec4bccb93db35a28797e3adcec2142995b5c12dfb315a95f56939ca5c4c39aceade80e8116b975b1e9c056973a5e48cd04017e13c619163bb18d429fc8944faff88d9f62e540d32aa1f0d15919a6aeab975f1751f4e61076834d7ad3bb325b13f3c817e160658e456ec5a1441daab7b52b68b81752710515c3528d9c4ffaf8588e24470cd16eb4ba48923a21148c86401a6ae37741948ec9c284a0d5969540400d4bb9128b01f004fd24296b25cc3589fe1a275a77493c40336b1faa6aec29f383da230ed38e532e9e7bd8f0e256b351d10782f3abb45d918cb52ffcb6e22862cf8db0dda52bb8f0018def30b7fcc59abceff98a
1787460209.649984 fcc_derived_config RSSI spike: -42.0
  -> 255 2f91da1a7bc1d64fa319b76c73e0a47a8fda7b591906c9b1105fa94e93429ea98a63602c2a5b16a4c2a26250ca5b9beeeeba9bbca46cb4e3eb68034a5f1f802e7a4a27cbcf8a8e04ec7bfb7d424fccea0b2e727aa764c0a4985289c52574cc5b6a2fb197a15b361e7b06106a1e3452bbd7e16556ce5e3515b87fd97322f48b003e3fdd01b20e21454d24f1ce8b55baf48b3bde5b02b3ee195745c98872dec54d28b31432180d2afa92d26c61b0af379a1f9ca579fb636bcbcc80111187b696841e4799a455089fc317e40f9b150a82cb02fef92a77eaa2e15a76f60fee661354479587401f4598588afa9f7c02292f00cccebd8213e818b95ccb9b8d8b2819
1787460209.650239 fcc_derived_config RSSI spike: -42.0
  -> 255 a19f00a9843bb9bc67fea1d15a17446b66da9a0b6b53367f8c7dbc871d9dfbea8cdc6659565eeb545d266479d46334e848f3935a5a079db6c9839bc2134592a36a1fed511bd08b7713cdb7e2c6894296d30527df9ca34b8233da1fb99097156912c618ff30138255e1846bf8a54ab9a896a77f49cf96acd414cc63545cc917834fdac86b0479900f90103e5247d60917832d332ac294ede8a8a2d689641bf5b41895314a3afd3bfafe9ca196afa6b9a54c32982cf148fdc3b9f0f51ae8d1d854c53a8038c10a3232d77b20f527366400055599fc51635d104c72a39e424570d0c66a8776982b526b416303d763231c882f2bebc9fee9a5bfbeae22a28368e3
1787460209.6505039 fcc_derived_config RSSI spike: -42.0
  -> 255 0be4df3b34a150582d97ca8eca06943c0ef04996c002127885c315d4f79d4ddaf7d82675b629ac4514d1796b1e1385b0a3039518c62ef1aaa97091f1a08fd7bc07ee6370dce708f3094343d1afd86e3f8ba167b2aa3e30ccfba67347b68e0f4a646e64ce7f71aa9d4ff1a36b4abf95176c9474d74483ef3c09898417bea30685ce43f5b005ecc146e179175bb75d7178f66b2cc6a0f1d7129dc3cc4186e82be2e03086fcf340e3dc6ff9b4404c9b532b636fd517857046b24858ceea73f113ec9ff623d30c508f69a84fd0003439ab443b2ff36ceffc7b22311b5ce8d4ab410dac7f2c62830e56e5509b26f01f1307044c30767b2020f9c8ea3384f2c10da8
1787460209.65076 fcc_derived_config RSSI spike: -42.0
  -> 255 eb6fdd0d756796e0d7a17acc744a038e26024a89289b2e92635af912d33988bff7607e767c64f5795fb06763c1267baaa620286e86de8f30c141d068bfccec0a94688836ca265316cb0f48567105fad5a7bd7a4f6261a4a75e7cc0bae5b4818dd29c9a2cb6203a8c52d77e3cdeb3ea78ecb3545428367c6326a71b21a7729b28a0735590ec1c407a7a87013ae1883c8a0c0fac0879fb670b5ade4c96c4ab0f1d6e71833c2fae201115e4b87d940a0a760ab7b193060023fdfe8630c76d7f0d4eaa991b9d1a1c8059347a83936fc872ad8e707db9562682c623a928b04bcc1a32f486b17b94bc78510dbb2f19f7e32141f676d1d96a62249347ebfdce5967f2
1787460209.651016 fcc_derived_config RSSI spike: -42.5
  -> 255 1bab4cdc20cecf4d35a8a141f71deaca7d23e463cfe9db73aeb25ac969647a5a74d64d1a8fff85b0b3dab1a88daf21ef6654cfae4713a41b1f99c04eddeccaaddca3a1350bab159ef35f473e95bdcf147bc1b3d3d2bac716042f40b2bd833569ea559a476f768b8868cb526d304bf081493832ac5732ddc42bd657f9bab4bf3d97580352cda1bf93931aee00ed880a361cef51bae645ea26dcbbbcaedad5fd4b74ff0d6626fddad310018fbba86ff7ad64d55e8337b6eb4419ceeedc862d5506d07ffc8fe41b9ca1d71bdf906abcbad192391617c24175231fd51daaffa709587b7b322720c426d6d5fabce44a1feef8c6accfcf90e41621f1745643eb79f3
1787460209.651253 fcc_derived_config RSSI spike: -42.5
  -> 255 12fca37695571cae71ec8d5eac96bf9cbe9fb1f2bb84e8fbd897eba2f8f59a3e5450af23159d62b4a8e2ea97d67e27c416837198a71f727b094bc0eafd25d2a3795f01687098d092ff2a1795dc903623c8a28ca5dfcd9f943d7eddd45433badaf3e22acd5740b973b3d0237a6661633b8d27720eaa92f0936c45f1b39973389cd7d29df48b13826f06aba436f0c119ce2ed7cc5d38c1b967c5772e9fc92c3744c900460beb71a8105a350b99216766a7296c54e110f4a4809acac5bee47e7bd15317dea7f77c4875b76ea89f00e7feb9fb90c7267f122f888bce257c37cc6389144671a0c7f62523a586de76c5ccfcda0735656763467162453860a99e3889
1787460209.6514938 fcc_derived_config RSSI spike: -42.5
  -> 255 cd96370c71ba87f7df613de3d74d10bb8565971f486ab1b84e88481dced9ba93d8aecfdbe04d33d040b514b7d768d8e40995b29be60ea716c6614d1989e7d4e215b39a7b0cf0f89b972ee2dd05240a8e4e07f5eadd4c8ccc3786002ef289f6379e3c7fa0034783289ec572ff8b8e28afa1968f670f2e148b335d7da43a1526c67fb5dd14d010e894337422f216e0c8d57263b35b38eb66be39d977947a04fb4c594db6a10707b91b7a9f88443c3bea0628be647ba732a6a056fc4076deb3eb824ad57763b33e8ab6db00c3d240eb37e8d3d76807b4810640beae43484c254934d8c91d2b9e1681c3c0f327fe47023c264654c4917b340369a1027f0383b0ac
1787460209.651766 fcc_derived_config RSSI spike: -42.5
  -> 255 5b70b766d340029fd466dd8ba76e41d74c70415ead681a46c32bb22d7a4710a9b0d913e1a54d026a75b91e94e4146ad519a1829a3ec904745bf888b5bd5cbbcc1eb88631dda7061bf7c9369233a78000daca3364884b06a657239eb9a50a7deea11a8db8ae1048f12db9dd82c085a94bf7ffb0f771d76b8aa305fddf57c5ddcff1fee45408d3163255ed0af948e75b5cca81897966c18b5a11ec4bd3ac99c3563b345292fd75beecfbcbf5c5ebf29041af772bae0debc2b36d4796658ec29ed161f1da5b088472c8c555ea88ecffc7f4fab96bf625d1675a5fe60a0d39948a416e0f4fa1cea066faa2d8f19f307f78dea73b9430d56b837fc7ae1f56ff2ed0
1787460209.6520362 fcc_derived_config RSSI spike: -42.0
  -> 255 4376cdc8a828a84c615015ea2947998d1d2e3157fedd1e8bf79f359dc3ebede03a6198b666e5c2d0e9b9cf298b3173bf42c46a1927b19972bd5779f2944aa7f42e71389332590029e4c353a61eb08aff9534d91011fbe7d91ec8ef57b767edcc3d6a954528f9509e185f57f61645f0b892c9a8854311c5a2de0b7411a2fb46a900155caf51f215dac7a1d442e8fa4cb5a2503710e182eaa755c8f7e06922702df5433399490e069207a78e3d791ad512f8ee22f8f5f3ebeccc12764ab866ab4953edd7efec0d490066130cb4a149e32be903eacc19c4f3865155e9e0ece72eb6ad20979b273c3f9d50c27b8c5c1e58f725f8f8c19d4473ab09ce5952e921e7
1787460209.652262 fcc_derived_config RSSI spike: -42.5
  -> 255 7791fea33f43657842f5b7042402e140f3671f9df14a9921b74a040e455b44a51b2c1e9d5fad9b1f1ed052c81bb6224c1a94f71603ab4836478ddba86309df3f7900dd63e4d277662d280b3cbee8dbbee45d70828b8c7c7079ef74a3483bc9f03ad777a24b03b6980c24e040885a5c480813260186df76a4b728921dd3154f54aeffb0fd20fe4287928ce276fc450cabee8417ee43c78cb3bfdf6fc23ed882bc03ff0b0c3656264f7e5b72ecda33a6f9ce8b8d05f56bd99610dc241f7f00dd8b3fa9e87ddf7aaf8c912db5db65ee857ebe5e169c99942fe7714bad387818bd708c4aa0c746eaf147a84722aeeb5bd0a97300953703ca48260ed5d0acb53278
1787460209.652544 fcc_derived_config RSSI spike: -42.0
  -> 255 d2f6f3bc595fb133296f2657ca67ac143c1853f0e78f89e1677b6653a89d3e8e8950fac92a92b500d1be661fbaf538ff924c5bf55f7fb7e9a8dc53b04ae6d8bf86560dd3e322d44d6c2e076863254b172a84e6d6675a86ed3f1f69a2f3f9ae1ad679eba1af8ebaef72824d2c895b8b0e0b44b086dbdc7fed5e37ee4f5062ff826317f935809fd844c6ad38e5e011cc6bcd9f419d1ea7e5f11aa44112440722c7e911385d12801fbb848dd51f2ba07c78222e8aa469b6214af788601b7f4aba216371c74f8ae7f999c0312486be84a3f0f845811ae690fe353bdf9301aaf23c7586c7cf4d9a1496ac8e56d77b768da08be8c62da1bbbb3163558803b375a797
1787460209.652811 fcc_derived_config RSSI spike: -42.5
  -> 255 b8eaabb683db151febfb61ee9f326a4e7fa994fe498d954572a32f0f0a02b183f61805008f236483f59cde97f63f2f72775e5c4dc755eb285fea83809dcd352fd87cab54149e157accac50d8a05126695816749f5cc7bb8b115a41af68c8ffb89209f06d1a3bb9369cede281ee7dd564359c8fd36240b3c0e859fd747e2af97d28f70df9dd6be20afe06661ad27a9e6646d7091115282f2a80258262aa6fb21eb47dcecc74ec46e815ab705d95c1c9f9ce2de6eaa4ed796ddf6d571a5c405ede3db529f1d50dd6b0a436bb3d04ea3592ae7d2806390f913c4eefc140477d4bb07a0a542ae8f1ae82a575e0ac14b7a45b402e014770250e6469212956269b99
1787460209.6530728 fcc_derived_config RSSI spike: -42.0
  -> 255 109c8d1f768c8f91f6fdce2410307e02bb8da5d7132f5823884d2f929608e8ba8e8d8b39524b3c7fb5277bcdb46b499ed26fd03d7fc6f34d01f4167bbe1f1ff6beba20cd8e9bfdfbc9d6b146cbd51848f21eb6a8551dcbb393e5814cc1d7e090a251f130b04e13441b6aaee12b6526942b0df5faedd2f62670cbbf628fd2ae1eb2d52cdef3113e8192b5a78e6af526758c3657bca7a060b8b10d71bf50f90b4ffdde2d7d0c1c01a42cbb919bc6909bc1f667fc90deb8e407e9938f208e07eafdfa829ae7cd0ec07c6aa0a54e644cc1ca555b802fccbaf3bda312f8c0dd2c4929c19b1b5b49b3df3beb42aad75590a9df37dbae4072e3e652e00ea887b3c7af
1787460209.6532888 fcc_derived_config RSSI spike: -42.5
  -> 255 f4af8c7c7a1deafcd7393941f8f8f2a3f6167fccf4e290309e5481f82d736d556d6f3b033594ac6b26f4ad0673d88c30678ccd0a4348ffdc7faa9efd826a79e9c4451482e0a815ab852480ed9b655617631c5542c2cd9f52d884b603cd4bcd9d432e8a217973b78a12befcc533e239ba61de279432deb831117f7fe63341541820cf1f473b3d6e5bcf3106f583bf1911abab81fd0e90a07a39b409c06918d5b2e6ccca2fe9a85c97508946725de3684d6a6dd73a06d364b563d8d374b5eacad3cd66e1f0ded68f4346b3e4c68b7d747f93ab4270885425b7c0098d4efff19617e19b6b678f1fbc2c72122b63a4a98eba900ff7a5efaa1e9a000533dc318c4c
1787460209.6535082 fcc_derived_config RSSI spike: -42.0
  -> 255 e8ac17ab04d14441df1831a35b1ce0dae8f5b304318c0a93114915250046b4c9b80e3a51164f3c96333a2690938738569fa59c78d337a7085de99b10eb4f5c673a2463fec0d4f08a6bfc26d6ea6c58a77801bfc3be8c44c742527c27c569c803eb162a3a7e40ba9fcfe61e3bbf7b2003a1fc8fa2fe3cb4f1ebaf4d45946f56974b43c1691715b6fb27975b6340b4223d842124fd31968ea07aab2e1f3b4e17a487f9c22089c55ab44d3aa255866397ee2fe140c5b0881fd7d41d5056f74dfdabc4013c9218bcef98ca7228faf64596a3be71f2c9406050e88d9e9c2ecf42d73aa72b7c36f0c51886ed823b4f6fc23f75d2afab2f4f259788fe918ba8bd6d03
1787460209.653754 fcc_derived_config RSSI spike: -42.5
  -> 255 2906496744c6bd9d2ecd7720c9dc805229a6d73336e928f7338839d4781db546345e35a54dc0daa16c08739644f4cea040972165e4b02f8afd7999e8d2a876211c3f4687a2a43efb30ff90ca1adb7abf6cf59351612f4b46ed2922320a453a1c40992b5808a3b79bf30feec451f7984a94b5cdcfc9e00a1a5db8ba9398e6a67de4c3f03e980ee238f31fa78c6dbbd8bb15116a10ac2f225f1afdf49e5ef092287d84979ca6f2fda45feecbe892f123e96dc50ca06dd36fb641e1bb614962c7f81f8e6661add5e8c4c610ccf1da750932cc949848a81737f2e0d5a9402fe0b4d09070a3495e450685a6b0f4f605a81b8629cbfe7621ea0f49b29cdbf07ae9ed
1787460209.654069 fcc_derived_config RSSI spike: -42.5
  -> 255 a98d59fa9da4b6bd9eaa1c3e861c4526086ce04b74a543e050d515507b8fce035849d7fea281b5508073e51b2473168bdc5f84305b810ac949eecc1c72e92701efea45988c353d9fdf88d62aff26e8443a0db4d780c1dd9713dce4814cb174cd791ae5fbb09a760067bc2ba5a0d94911199284aa2609cb90038c7a20b0b186b7b1a33c806ee50997b3d10497433c3d8c6c07d82d795fdac2045fde35538b4d08d4e22c81fafe7708681df63b250c4f9c73b1ca2ae02a94716e902b3fa490cf3b14d29e1fe48e186d8cb82e747f5161e5f4f8406933ff155249720a2e751a7000c16c1bf5cf425c903d5740b3cc46435f4b46841bdf47cf60b76cf97bec1ed4
1787460209.65437 fcc_derived_config RSSI spike: -42.5
  -> 255 a2d45ec4001fb3edba249c6dd98d17f8d16b3252aede651307ad1eb6dc31d5640bbaf40208ee72bdb762980f32a537dc58577b233cbd83c41454953520ff99c29faec92ac73d0e7a568ef4f59ccee09c2a0439a092354370cdb98ec7de0e92067e07dc926e32a1d2cddaf2a152e1424a9f464c7f9a008e6853a2bb10cdd9184a94305bce7d271afcb8b2aa2b41978cd9e30bf85c158a45801c60191631f1692cff3fde5c640a5da95039dd05750d36834b569809c4ccc182952664601d930b058afe1f842c94fb1e10030080de2ae8d67fe5a74a756cdfe29705cce3989f523bae3ecf1d24afca92ee1fb281b25e87dc39f1e14382e1ca13ca76fc5757e8e6
1787460209.654633 fcc_derived_config RSSI spike: -42.5
  -> 255 122a1b60bcba624dedc3cf417e92bfccf00215a5d66b10f9343aa0e9e9e79b99be0566ececf50b9d3dc48014a99d21ab45709ec23cefc4e03a0df6a0041ad3b32823caae564a99c2834fbb737e86664c6846f29c8a8464c7b14ff1bda1803b986bfff344e626b77fc89b4f099e6d7e293f02677c760d846888a8fdc224acca32fec9bfd1b89302d274ddf1d9c6c42638c66c01319e8ea553053ac2c575aa2716a43b73313f9c1269c8d1270f0246673b2d42853a309b8850aacc21f140801ba522220de6c3c9a2ca57bf4768310687ab5c780db04a85c95ef82aa00e38144250252fc0c188ce66815c571092c1472aacf6845b2b0130ef1133508f7ff1c9cb
1787460209.654907 fcc_derived_config RSSI spike: -42.5
  -> 255 dc6488fe61d16c65729358e0eb79fc500e03ab73bb94f7bc8eecb123af2295cb1b4d162d72c47ad84b407966fe68681101febb9b5eed552c02a09fd41c817978aae9495290a72e8196590667fe0a4105a9719e49c3295fed0bad86586a593ae4866de6be494ac004bf94b5cec7cfbb6e965a9178a6bff7dc8cc5e4541a0c19359233a351555097b767f519fd69667ead37db4f042a46b59ff1751b3560e2d61ebdd19717993ed2dae88f61859aaf09fb967ea34a0bca3a206159dff55aa3d53f540c2b0c4fbccb5da41e696485b80a1631e288054767daf3d83f44908509d393478dca618f5a47923cc0a1f358d14af80c836bc44033ce43c5bfc8160ce979
1787460209.655166 fcc_derived_config RSSI spike: -42.5
  -> 255 3347e2fd572d873385c104bb613c52b568e86a7a617d056e936d9a6274bb4cca8ca58ba0158f6b3ed7a452daa7086e9c5b7a2353806a1386e7df7f2c1e9fc7e9ccfebbc86598054e348f5fe0f38fcb8ea610c31cbb0ae641f46087d38e4537388908f1304528bdd7400c436d05aa92f357bafe95b8bf494787aafc57d2442ad6e0ba481039460fd40ac0c55ad75b79ce4eb857e445a87ebeb308528609186dbec25ecedfba77d39e53838b6bbe331469da4369b3c27af05cb4ed948e33886ed65682fa77a780c2975916fab37f8e6f3d7086385ee2557ce8977e8c17bbc734fada4238342cd9dce323d410c129c30e7ef73a3c9f3d8fd16f27f4b301fcda37
1787460209.655398 fcc_derived_config RSSI spike: -42.0
  -> 255 bcb4823b41407abe190e9da7f3e21b4f8412f138bf93664567689c2b13aa6a727c1ccd4bbd8a9b60ed1d6f0c4594ba2b344cef638a27c5870b2423fb3160f7b0f238cacc365b697d60057a2029b60202ac9752b9ceaa2ad78508c42353e2e24b1de9188519f100ef6888d78587cf89c1faba25e4e007d3998866645953105a8fa0c3bc6812008b4a76e54447e876be6cfc0fd9abe8a155f0baba0a4bac0b158bed69d9733cc97c53e80f91b2244eebf836544dbbbe65e7344e1c99174b5be59d6ef9597099608915c73f8ae1e96ca7703ccb74488b58a2a062ca32e133d8e1a045d1da85d9029c3849379c2f830128fff66bf840824c645bd6e03d8fb83e12
1787460209.655631 fcc_derived_config RSSI spike: -42.0
  -> 255 178cc210072694617c7a398ecdb88e789c293434916f54e01fc4ae23fcb8198789188eb95090db2471e3af679c12b252a323d95c47cc259fb62a7e22560098152c91f8137452ef63c5b76719d6b0b3a254b77b7d46bdf2f4e2c25347404b1a5471081c5e9fde65c29e0e7fa40bb0ec89d783e708d7481e96c8896b9393ba4ad763661141cd96819efe6be40f48368dec930f7bbe85157383ad2624ac0340ded8fcb383f97ef08cf02b74bcea64e3b48a3d93df9bc602c7d8aca71d231b0432feb7c693bb2c37501e730960802dc44e5513381ddf14f1f1a1811c990d29ceb0fa166adc50b6574482f81b3532cd9390662d03fe7964475ff8f8d31387caf1b9
1787460209.655924 fcc_derived_config RSSI spike: -42.5
  -> 255 39070f243c1f245d0d19f8d90a3ee6a537a5c9eb2c2a4b7d06d0fb38df45347d5189946351ef806f5003ccf66f78c59ec8b240ef1b461fe070be974ce1d1fc4e6a67a52b529538623af86509d018ab98873f69e628b0633d2a00aa1d6156d036134ee67ef276aa18d0c07e784b540c69078f091c553bee553da6ca9335462b765c3c71a17383dfab7ee7cd7c07c08616c4e5bc42cd43ef4589d443aa4e3c15d9cc7dfd7d18fbd08202755c8a1c93f8b8ac29f31264fec46e7dfad8768803f2b3f6cae92e4634fe60c5c226cbe47ec88b0428c6080acf10c62fbae2f90aed5c841bde06094adbec28b6da4720be68b1f4a45881290f5204e0a61a6c0d99b8ff
1787460209.6561642 fcc_derived_config RSSI spike: -42.0
  -> 255 9c96c146f63be45e5f229bde91f82aa0f9b96b313ef634eedd3bd7f8303e888002e1199c3339317bfafdf4a2b6476d5870b2f6ccefab545028f9a3e95f26f7aa1c577be0cf4adb1fcf60e5cf68d6b777f3561d994ca9d9d8123dc5566420b9b8a665333f149c06feaebe745428ca00cd320b18acc78b1f8a7a253ace656bf13142335b6bcc2393c9be713c56b122698b8c5bf5ffbe667785d9efc32031eed0264d0a0fcd3d6a082a699df7710d6674b60d829664adf566875a906b53dd6044b9acd8f69e23d7235f1a196bfde7903d83cfb673cbffdb94d16ce52bcf73fdd78490037d879f364eed35847b409a4e1e363fa1be9871e8a71b223a67c776374d
1787460209.656397 fcc_derived_config RSSI spike: -42.0
  -> 255 6aa650de10248dc5760a291508791d94eeb15eba10fdf05ad6806ae305442f30155297d11f14d419e354608f5f3959ef328a0f803f773c27edfc14aa2e45ccc6e61f23cb667e6e52c3f5ac526cf2d77a96dc0a89f3c8c25751c86cad857888ebc8104ccdcdffcc9f029dd491f92b94a3247e5df1a1d10d9e680d8917834322da29c9275ae6a8bf5699be5c7dccfdef6da3e31c100d8a7a7b5923c1f0a2974b6812a6e12f45f4a649e08e9a69dda47d82ab95249c44526186b454da10885ab8e05e00963493783097563eb992dde70d83db282cb8d4975a764d1f5a862a127dad91e15c1501973d3376db5f8b0e2c6077c17ae415b15dc70640c97a2a394d46
1787460209.656634 fcc_derived_config RSSI spike: -42.0
  -> 255 715f033d282088a2e8a09c34bf887a7c74e98a9c5afe0c4f30b0295383ef4c31ff42a24d058d6f4562b80ce413dfe9f818ab557a7306acebab4e1584645de8f995b78b004ccf90cdad129739639219ad4543010a6a625fd8499fdbe843f372d2a29b13ed9d07c3c51ff25922006edb1eff0b75a15df1d0b50ae94ed9d2c8286629f39397b2f66dca11fbd416228620f77bb4acc4aa6736a4c11880ff325cf02a6487243b29e09215836408f2f2ea97ee51040a5c3bbd8f0c6c73587f0100d620333e44b4527bd811a4ead77133e2b134d7edf3f0ca5788ca67f194c6fe05c48b8b81f8db0407ea06097116264ac74b91e0c64a108464a9def3079e99ab1992
1787460209.656874 fcc_derived_config RSSI spike: -42.0
  -> 255 f2da6c952a56a2fa476be4d2bf28413fc493fc7be548c4a129835b4b886439e2723352e37f4713aa30ade04f6deb7374b024e03974264f6b1676aaf3e47ab4093a4bb3ade0a44ae0bf3e3ff26c00576a60027cd5c419682b42a83839e1d02b9588030448a30d3ec0baf51cf75e79f200722334c9ce14d871155aa80216f9badc85f88a557e0a6d817ec78f7eba8b0ed54caf85c1a10ccd6a23fe9a7542f35e7d4bc200ff2e9f8f06d502f9291b80ed1e61ee1196006c621ed58a8d037cad4808e5cadc5f988f93a925d2d7232e369752e5a2b5cc578327bcd3ffc5efe4065b229e24fd82e1632deaa083904874afa07338f71e4ad857e4164eddabbf675b85
1787460209.657152 fcc_derived_config RSSI spike: -42.0
  -> 255 d18d26952298d9029ec2c2476b043dff3c0deff17d8a36e0dd6056e503b22013effcb4efbe3eb1aa58dbeadfea12474132470b478b9d92e53c04cd25cba9d1bde7971318938a7cb69fab388cc3bf51eb22474fc045097ff306dbeae5bdf8ed6243c89732c20b3c7813ffb60c86689902335da2326b75e9f6245e2e068e24cf4dddcf2f1f7c62298f3550b7bc703ea264a2841d3e9fa63009d130c10daf8db8764681bbb93675973b8476cef5c448c5d6d57229ff4d597dd0124d82a19e0da9bf17ac38d442225a64ab76d0cd11bfb18b882f35a638d1dfa461d41b49302a0383787be6133f67a1cf3c56aff6da57a69a2e8002b954a7f7bdefe84fbe06b3d0
1787460209.657403 fcc_derived_config RSSI spike: -42.5
  -> 255 3dc6ef1a0858da51fc3d7c2b589ad2baeedfe32965150216dd7f6e50bc66215705d1a3a46eb1ada55fcfe8edc81b3436160be3254899c9535e20018b1fe8d464f4847a46c2707e2299612d9a78d2f42560af3bd6980463ad7004eebd19a05c6b141d778db8a82801dce397553bd5520f3143966f1fbcd91fb75aa71bed786d3c421c8fb40a4ea00da29f4ece4fe4ef901c7c06ebc6a4681ec722df3db0d3211d7e709f313d3cbeae9fb45fe64dcd1e16cc9573417ad3fe6b4192fb56c29c44489214a41eb955cfbb0549d20ed4b8c39808c4b8dbafb21b1a071f3e0ca00e29c9b4ced7ff5f20b5f2f11ceabe1a1bbf54fd419919228b90ac44462a38616e82
1787460209.657622 fcc_derived_config RSSI spike: -42.5
  -> 255 5004ba50d267814bb13877bd976487695390a95c73f67e1213dd63f0b3cf87bdd1547a6f41df7e2e907535f84b5d85e47cfd933c6b38df0ce899d40af8fc89fd80f0f2488d168156902cddf5e69a67db1f37d00b3baacbfd3ead1107624916bc9c061064f78e3359b3ec4d89a7cd3fafc3f313a9e9975a9f3ff1352fce860ba953423b877ac20e779d4a93367ac75f46f11f9da11733cb50384ddfe3730d1e14c1f7819fd5413557fde3bea62c2acd906c4f58aff68d1c2d63ea47c8be5e0d38494babeed1d75447265c69ceacd98e910289ce3c5a242843aa4f04ae50f742f4d9688180ce6d283e3f5b1b5c4c031280009cdf1df2a104e28d6191c5184402
1787460209.6578822 fcc_derived_config RSSI spike: -42.5
  -> 255 41797d1d4ee53020d01f0356582742c7f28174c347d652c680c2ba81c646262e4b112a2cf869a7e7bdc81f546937dc75424de028d038fbcfe62004975f1f533ea1581d50bb7f07e14efc0b354ecfafc46f0ab11b09d8a679376c8e158d5c052fa38936ed00c0b51d2ec3a745cb5dc95eb2f7609e35f8755643aee2c277bfaa5e53514c0edb89ebc58f8061556bcf5d8a54b9afb99b0c14a574c681ea497c28b8bc732b2db7d3660e976fda7594b46265ee5041a4149b25df32c168b8092b43e240c6fc1d7e5ecbe09b48a09499d5e2b58fb90d45d613610ff812fe1bf4dc86371fe0c3d1157c4c4f6788c510404a0b44025ce0e43785336898ac1632d40472
1787460209.65815 fcc_derived_config RSSI spike: -42.0
  -> 255 44af0ad1e1012138dc1be67055b10ee90169f66f1d2adf8ee19dce366be46c895280944d45de7e9af818c1e2dd640239a60bf8e23eefe721a5a8cac653a831b8fecf3d0c6184ad0e7bcb9b49f9c18c0f5b8eefdd03320e4d8d9323b4fb53b319aad8671eabdc1815d48b4c232477190ef0e544ca120c117fe1ca5d65396e9e6b08724ed8345ff9efcaad473fc4e57250872a90ab8cc59adc19a6b534213437091e27cf31336c3d269bc1abceabf470183bbf8bba77a21e662df2d9b67ff27f8e0f6405643b24c59eb0a76d342f47b6e2a11b2d4bf38b43b503e61d0e9dbffec68d738f3e453942f5e4649f05bb0ab36f03483e4387145ea9ef4e9d637d8703
1787460209.658397 fcc_derived_config RSSI spike: -42.0
  -> 255 6d95c41573179d4a2037502c5fb64aa7db4de1d8f52eddb37d5031e25ef396d3d95bd2009d127440f6023b3da1fb68e20279ef2ab38e5524a4dcf79d7d285ce4a6d5104789d0fa4106db6a13d8e1167a9041b2b9b593c452e4bc6f31f1484b87da4e53ea27e5f361f7e1ce420c3493fbfb60b2cb8d5edfbeb536dd775ad7948f5d61df019acc16230b3228b6f655c3fbe65aaf29ca27cd92f22aef251981c7337e6332064afaf7f8aecbc858633fecbbe4edd3516508a6178e5fc96800a382019306b073bd952ce6f0ab586aa41454391dc70b08ac462629460b455dce55c3f28521c2dad4233107dea8c4ebd47a08423a399d4e62c202f44fcef810410a8e
1787460209.658644 fcc_derived_config RSSI spike: -42.0
  -> 255 7f8f9912ce49a1fc59df1a74156e1258d64173dd21dd28b1a55b8f6f30558dd3a71cc252e1b687e69176887d6f035e1e8f6939ab280e5b11cce7191bf5154c2d2a613397def0efb04128d029a102cfa429d59e7ba12508c55342767dc361900590109105765b32a824cdce375cefc59362ec462da2ec7e7c3265e8908532c9e2f75a5ad9ccfdd57bb4fade0a4ee83078111df09797cef2991708ca9f9ea56edee482da15dc9581d1aad326e67fb0cb822c2e0e222fbfadaee4b9b07d589d58ac11c04fdccca07cc7bcc9859eb824e4be59f8ef88b080edb3ceaecddddbfd43646e891131ae91b8321882a9168b216c92e1aa5d069c0d7f8fb0e7cc71901bcf
1787460209.658889 fcc_derived_config RSSI spike: -42.0
  -> 255 63caa874c4ed314eae33bb81fa1ff249a292a47f5466f686cefc1376f253acaea2bbb6bb5c895ed0b899e45ee6a13cdaaaddb8142a887bf8d1518ff7ff6c63b766c90b843900fbdae2fdfa0b59fc19330097814af60fb898cb424bfbd93afd77edc30196ab51bb6a42673883d8b01f95a1eefdfbfbfd32029161fd3a79f89a42b3243c8950082394e10732e09a5c152214d5be1f70a055b2d323c2a15697005f3db9cc68455c939bc817a8485b7ce142827bea6eac65650503af03b36f5df0738c308716d5fc11ae069670dfce65b90fa9b293231e8a8bbe88256b8b1bc229a6dceb2799605d6a07390ed9aa520712ee03149f5b1e2d02676820382522fe5f
1787460209.659147 fcc_derived_config RSSI spike: -42.0
  -> 255 518541feabd6cee1ea5126cfaae4414dd2de16e81f3fcf270b01c3f71680860ad902fea509d884b3c689621406a4e0b2bfda2fddc4f5807de9e802bd43c9787f10bb244042351058ca781868edca26da649d1b648fb5a452e088e8d70f8f82f7316833ddf43b58eebda62d32c873f3f45b55d7af5bf2cd85377eaa910393840eb99c2e17015b11507a9fec375be08a88335b62a236e7bc03a677bb291299bd135d1aa66c31c8b9b9dee121e2a89a7e7dc5cd7a45c877fb80dc85fd09216faeb710257e74f4ae7b2036d588adcf51f6c061e528047ebbc5dd70e715c5fcac3f06883b7aa615c485b006333b6491defab7afc79b1ca7dbab82bc04efd5fe935f
1787460209.6593778 fcc_derived_config RSSI spike: -42.0
  -> 255 e27b0a8efbce1dd69b169c1e37c46cb32c97373d6637a0df021c453983ed69ae6190b49639d6df1ae5fe0c1251f08b7460c004d5dd2f6a3abec787d2e0e7c762253f79a73da68d74b520e3ba1e1b01661c07804b718ced2b1481f6e0139c99030c37ed65c73d83f6ec2a9f66065fa8b5d32fbb8b90ccfd52972966ad96fb76dd290ef2d50202b10bc998119d616db9280af6d539a4e379bc727533bc139d6f1d9c7f1cec1079957158f4c1d6f45998d180b9eeb1605a50affddbeba235516e3bff2d9a80f8614f389624ee8efda73771ed15fbf6f2fcde049952d05439f97eecc0f79d6287d857b9433c66024b9a7fed3591632045feca311efebc3e15f56d
1787460209.659662 fcc_derived_config RSSI spike: -42.5
  -> 255 9bf60aca97150439d3d7a2123ed66c9138e0767bccbc4b8d4bd49f970099f92e339480fbd93dfb22625860d0daad0bafcaf5343bf59604efdfc6c5d8fb17d8c008ce242e81d917dc520eea4c6dd732b866e108089e26c92cb9d201ee18ee20ec109ecf8aa48059e943201d26a29b7d9727a4186498db775483c18721b9db2c4967279f3bea60c3e55bb59655746ab7713b29c96afecffcd06085ed2993d1a1ec8b3fd6dfaec26acbb1fad5bfd1c398439e6b77613d487acd9c7634535ec2a88d84ebad0efd1dca1cd395dd7dff537ff99246578afd8f82a2b0f143ff2cdf06a244265208c32b6a704a8ce46c74bc6f45b79fac3ce3884789c9ae01b6f29297
1787460209.659913 fcc_derived_config RSSI spike: -42.0
  -> 255 00fa9b565f3ca1a95518932cb75a2f75bf1105a81dcd726b4ae524d67dc1ebc5cdd4642abb25de9d7b93ab69a335517a65a17d1cc6b8884a2a203abcbe2a9eda416b6fbdae82b1fc7459c26ed75b1670ac4e2da19f979b79dea510a479a8a680ba1762b078ae9d77ab5b4809d77c87b0a6e26c650c967d52fcae2c91bb0756b3b85cb2d7e71e0def37ddc558291ac10669da71d34f764ccb90dee50ce5503d7be75573e6e096c578ed6671513913a741cbcec0aaad8fecfe01f1159bc9b89a365569321d511d9f4ce2c3f904967fb2dd56b749d40717ee0388cfa9571ac45cb5a5af407743a3718239b1fa25b89781b0e951b56c5d6b13ad501478276f4342
1787460209.6601532 fcc_derived_config RSSI spike: -42.5
  -> 255 b5f0436b56d6891f85c5cd33375d128e0d6fe727705fa35467ff7317a913ee2a6b70eb2cc29b2d2d915e342308c85640eccf9b9610dd091f42b1a173e63a3466a3653673a6f94275ecd9870c1009f8871aab0c7eb78cbf85eba2bc2805b0dc13f91846b3e3be03137986d18a0d3df8fc4185cb4a8336141dde5eaf7b57f0fc38a029ab3ddb3c5dd646a9489674c9b8342430d574755dbb8a5b67be19f8cb885696122c5d603babb8de7c9e6ca3e52ec5da4e2b4be9d71b152bf72bb21cafe3e64a78072d7570681d71b513cdf5c631a6692ba58c91289973d8ae8fb478d5e72d017b27996505f126325e113f7c1bc6ac607c81bcdcdda5c66be8c51df8d6a0
1787460209.660365 fcc_derived_config RSSI spike: -42.0
  -> 255 b21345ef2bf5cdbacd99075cfe5b8a9125bc1c6ddcb7e5cd296b47b396ddd96bda70ffc4a973b65efe87dbddbffab9e0e962c017385ff4eea7a44e40c142d610ba2ec40bab43c9ef5829f4f5432e0aa6d5f8b68d4e203816a10dd82371ca5cee9d29c6c01f122cec0165ab93e741d7350549100a8401e9806cb0c8016e12cbd9a33663fa3b6efa8a9eec45a4656faa83440fe0cb161afb6856ee2acf3bbef46863d5973552a23b520e39779b4a7a831c7431db5e752de07fd0b0f9bfef46348eadb9ad870e0740b95702f706313c1b1ab89849803da3f144f37b2b837018d4aaee2b6f1823e57ba0e17ec5a50130b8554eeee5c273d216f27c3699d4eacc0c
1787460209.660604 fcc_derived_config RSSI spike: -42.5
  -> 255 aaaaaab4e474e44f11a067b8c0074003c00492c00e0345bf5820ef713e21ed9982e4a87fad7b4c661954f58728a8f0ee8865217c455b05c8f4010b810ab690449a93ecf1aac41285cfbe4111e9103fffffffad391d3911600124b00380d16fd46819ee3001d000f7d2bbdade2dce6f42ae5040b65acb204d29d0cf01d4a8d8075dffc6602fea0054591c7bbfdf6ba6cb48523a0118a087ac747cdfba5360850151765779b7458021be6051ef3fee99b72aaf46c6f4991a20452bcf4f4e4eaaf503f70c771651a58d2aea8a9eec35386c9fc305a20b6b4b766660a3057ab99c2dbe65f7543bb176b0b2150d7f8f45203c53bf97ae1d581fb02a13c1faba1e5b
1787460209.660903 fcc_derived_config RSSI spike: -42.5
  -> 255 c98c001a9c1b30772ccea1dc39159a146c15c9271df13e03b29a2ac5e43726abd100adc817bf051f636b080a8d6e6f52e5599ccb1c4f5cd1f75b5566ffab03a9bea7e85cad4b2f254723505c247cd3bde2c2da1669d5e45558dbfd407c6df9ac0ba84eed92e1b4079ab0000000034e474e44f000492c00e0345bf51a067b8c0074003df68eba43e238f62e41cf5256706ff2808149400e3b13c686ce9a3a38d22e687900a451711784749089d2a4f6e56056f9d177a03a4efbbaaa03dfd630a134e1e0d7e43a9fef7b2eb2db8785d42249ac3cec000000000000000004004819ee3001d000f00124b00380d16fd600baed308e32acf510a35d98b7d42adf81
1787460209.661185 fcc_derived_config RSSI spike: -42.0
  -> 255 707bee5e58f939ad962945380cf21c45de6c519a7901c8067d8bec3571b17bb6e557639aa0127de30e094a34b88190cafe391cfe9002082e38acbede545cc345324e6a77551197c6683153ee453bb898000bfc55b8b47f5e10ff72a685b9fbaf2b201ed16fba30b5c72388c59d6ce3d78903de9ada0c42a789793175db30706ce074162212eb03b068c560a1896d6bd74f99e8d03a574e1ca650f924c22a8ea6502a1eac2f251dba95a7689045dc2b99b1002e84f193090657b70c222b518e011aa22addff09ea750319f62e11474500388769e9b9dcdc41becaea15f38682c0de0035c8cd87e8661316386e8e04e263dc8016972649f2f19e7a3ee9426818
1787460209.66141 fcc_derived_config RSSI spike: -42.0
  -> 255 6c1634a56bea36b7278878e9163e2a500866397f1c663db95dd16384639066635ec68d0dd5340cbfca2e85264e707f24252a2e9809408aa2b0392f4665583a23f154531c0188420d27f1a2fd09ccf1959979e08ad48349f404bc2efbdc009e85649589ef23ce8c576b0febff723c15a0ef084b60eadd9a2b03b67202c9a5c0781ec465ef99f70283ffca910eb1df7d02f6f4e4d2117a9e2a1dc69fe3c9362972db07762d2737e3e64d132548a35ad47ae754e148510f9343dfe2df01041d17d5b7e621b0906fa1df784f822fe287147cad6dba91e4a488e16dc55338b32d02dc58788a2d8c815a1096b56818b2fe744de5ee9fa845113fa766ba72a8b7e604
1787460209.661639 fcc_derived_config RSSI spike: -42.0
  -> 255 5c0196113db221a5973d72ab983c7be210d64f25ab225175df53cbc21913f3a382f5a8503fbb7ab7ac5ce8b32d8ab5dad45b8ac452f6d2d077b6ec3c1d7d304995b87a4943549e81af3ab566dd7e70e6a6d4dd0ce385c6339830bc87b3df663eaabf537c83567b6f94b287015017ad3a27d2e135e2dc90be09eb21629cdca9393ca544df7bbf33b61f85924ffe3ea8c01d452372a70deefc08b1da0550c62cc0fed4c85e46b964ef3215410eddffba41c1f6d09850cb19dfda3f5a7dce796d1b90d3667cf5b170a6110dc02ba30c5abaa569412c9794d1e0cd89f24472186ad1583c2ff82f3fd2d05374ccc64d14e47f97621fe304326118d7ed8e2b77afd3
1787460209.661896 fcc_derived_config RSSI spike: -42.0
  -> 255 0676173e966aeb872c10d8f40f82f7b0696d030cfed00c40d26961ae980c054d76f315d721c6e7b5ba15ae0efa592464fbfb61dacbae92c0eca9e3aff8efbcb2ab80973b4a6ad9aa6b0f7656a929ef08e351a38bf52173ec3424f6f1204ddf8309ccfccb7cf09e135d1f01fdcdb0c5b3bc98e99c2bff63030faf63e386fc7e7670e129ce20fea694dd81ac37870e45329dc93fa1fde05d7b6e70f20ce2f1de2f7bc8ba791e7a7134dff3d6f244f2af83a28bbf09ebd58613012a81d9060cf7b3bc99494e573dd42b7561775f673f1c08eb41a986addcb4b5efdb463fedd78ee985b6e6c58225671f25e13936a765fc97db245fb537d01e50d832ec19a205b8
1787460209.662167 fcc_derived_config RSSI spike: -42.0
  -> 255 bd6f2aefabddd6f3766f4e204733df1c70ee46c53dc892bd66ede8aa77820bdc2dc7274f5b83ff8d086230bc0acbb7af3370ba10f44e07619fa901d649fd4a13a3542f0c362005b6deeb1338c229f89c8f5a97af4c3391e664bc33106aacc131a36a85d316d0b5e85991ae517f514042c5e65e56902bf750da6d66b8a05ec94f136fd8dec8cba33a8789c54c2f24da5de23140fdbdb17a74db2c42674771801aaa42ae6bd483c79581ccc13647f07fa35e4c2fc01924647fafed9f4c0ba1d618c9162abf7621134bfd1f0e5ebd6672941e0cd03a5e1c018d6ee5d7544e51c5d5600f651fbe13224b72a869786d9b3d338c068c2b8164fced1fbd318784bc34
1787460209.662407 fcc_derived_config RSSI spike: -73.5
  -> 255 cc57c10298eab33cc5fb2f1694d1f00ad3722326cb114461d177817e555b72df77cc0d5482fc1c82125c001b5de9ded9c89c8234e988de8d4ca5c2a5083d08a280a54373fcc72f6a6885a5a161c38728c640f6b2af42092ebefc21dd799847cee4319e3684625b650394f3a9d70c4c894013cdf0ae478ec43c9af7a93689abcb6447f70680de4611815670b66316e933707fff35fa7a9647470516df38a783a580d1b982c4428b25da61e37aef4468473b14cb5f5b935a9bf41293e987cef64189632ad785bfa36e65969773bb03e73a4ac543ac38623a3d1183f77081ddf8e8dd250aac174e79fc7d4af7a39b589027748878e6649e3c0dab525c2935e9ea
1787460209.670262 fcc_derived_config RSSI spike: -50.5
  -> 255 2cf10587bc7eafceb4f96326362974521c484511fa53f18e46c3b1d61b14b184400e06dea8295e1e744096a63943ffd13437b50b96a035ac4261ec8bd35215a1e809ee3b3d50033cb8a4bc9abb2d4dcc5b9d5b4f76e58dcf9e8a5c40b4c6ab1cb19892857d16fa10ac20d7960673f4434ed211be8353a413f0316f6e7400889e79cb6ccac99b06330356bb198fdd5d754cfb838930a2df212bd6b1d34c8a53cd93f515ae3d966c6a02050f7b1ed9f843952f6c85c5d203f717c8bbfbabdd62f8f3ca032363c1ff05052af7c96c697088353f0aaaa282b494c342e0f6b2afc8bb3dde5159e60c3ef3bdca946c8b7d41352010e0809e449917845bee64b34b3a
1787460209.670511 fcc_derived_config RSSI spike: -48.0
  -> 255 24e8e50baa9bb2a6ac4ab2872cd94dac37a645e3b1cc304cbe3d6e7a9d8f7428de3721f0bf32adea1a25e4eeaf94ae7a0ed83859aea63ddb1ece627796ba1e1fe5ed305fe7e0db26e5f2b9040bea4e13ca20b627a0209cf85e751a6b0599ac8050d34e63392f8095572e80b1c40fb05f1de8d99387c4678f8391a1de3089d7efe9485b88ba2e486e49e147087ce9fa64c1620c1d90ae3c69368e66606d238d987436e715cb4c8465ba8a14c7cc31351494f64e2d8c2871f3d1ff51fe0ee3354231d25bcf0558a8e30439524fc677444eff640de0ec9957beaa04b3bb203d7e1e496d5d53ead1c59d1bc8e834dca3da7347b01b8926731f64a8258b6343ed05
1787460209.670816 fcc_derived_config RSSI spike: -42.0
  -> 255 841fa4c3eeda21a48aef8be436763031e2f8900583eb75c3bed87bdd64e4829f16a6d1a2a24bb4524381a26ddfad4ef7a22a154f20391cac5d6f6137abf5b8fee0900408c53fb425c9f7dae27d32bc8c027c11bbb6f4b9cff5b007e637ea94d3ab4fc02ce45429d98e6b19c3dac3cdc950ba6701f8178da5dcb0bc281b7539b6ff9636a59ef61b6c8c7118ffe9da8a2fa98b4ef624c0f44d926c02a1f786e238f5017185bfbb77e95acd5fe4d84c4128bac1231e54b7f19df1b6111fd04d20a62507b352a20714861c7cfdf4136e422a786bf28e1c01b74d828ad68cd4bf4c9bd8b3ddfb1ab4d0627b1b57a5cbd920045371f624f083d50fce6936e38d3af5
1787460209.671052 fcc_derived_config RSSI spike: -41.5
  -> 255 c36b4b0baeba86ac3735cccf0b47da3b72fafd485e8de390684a50c19f269235922b4d419c6a8e1a20f0886be6c4ec9b8676e05e7cfe953af0c214954e611e2344b799a76d2f1fb9e0a0cd45a052fa67625faa9da24c5ff27bb24e11c77a73fb37f6d59fcde4889bf0d7bec3bbd9d3118780f97b6a2c623fc3a79d89c005619866153e3a96b909ff4d1d82cea5ba287dddaa871327f2352996e125d4568785233f5d6fcd16c87b538c71aa9f52cf56f35631e16b4618a3134e672eaebedb3ad0a603e9e6fdd99bfe5600d26b9125a00ba57054bf920018f8f941b5284075b9b88000deb986c14cb3b76d41b7f84316c6d7a6d92ce6aadddd8631a31d99194a
1787460209.671305 fcc_derived_config RSSI spike: -42.0
  -> 255 aa7a8749ed582856b596f9324369713e809032090492c0b570c25710daae7486fb5a405e4148dc94174838168d145d5854cdc6b48cae6d1d80fd70c89c7f5b73d063d7b9f768816640f0becb873f17d31fdabab71093a81012e5b286b49e077f708a2dd9de1eb7b50be7f01f18c7a02045de34e8cda21b102fe1828a92aa0d67b5c04d13b61c7f8f9d6689dfa0e54e13a9e3d1bc849fd2a16ae9144421a260bb7bbfc6f8b307389fdd6945afc835bf44c2e41f18df06b10dbdc9b68e8c352b59f70ccb07be50dbd049f2cca1346cd915bb56e7f7fbe97c758adb9663d050a792e9c29b3690733d7d4c3f38a51d6176e86d3dc69e526c0ff02f4a0e29eff011
1787460209.671525 fcc_derived_config RSSI spike: -42.0
  -> 255 e4e5fe150a913909155b59892efe35a99341b460983c9356e2ff88aceee2e27e24390963f893f566e5c81bce3fd318627474faac66c027e18ac5e771bbd4fed439934345127f30669d5690e7c19c50ec3ff8636a084a78f1995bbca89099e118a76a2aa7a2c453a4923eec87485f630da4572ad478dc5dbc82904b1b2406aabb171afdb34edad35ec4148bbc6b77dcffec49eac7eb1c27edaa16db7b0edf59caf00bb60e40638e235354785de5ded046477ca55a85e2a30d4cb42bdb3c13b4da88a874a56235ce731ee50303fdcda3dfa9e7060553bb6669377bb41e9e9c14e110f7bca7811ada5e32456856c3d9a9f4bcb77a9fd9da5009c1246a99faba67
1787460209.671786 fcc_derived_config RSSI spike: -42.0
  -> 255 f228b1ebf8b08dca172bc73fbbfd4f10a3af7c59ec389f590063c9df0ac5f7f2d35f5fa27efba37771fd7c1b66c8f713949f19f0dbedf75d57023447324318567afe9f399013711fe2337bec52f03e38910da76f466d24c6cc2a7f781cde042539e58bfd4492de447787aed70cb780a280964a6ef523ccdeac7fb2c415f5a256f77f4712391cd9d6a2f8c1a9ffb2089e5f2050f5483aea206f6d187cba3c5ffbe1b05689b3e3bbdbce45a7c1dae142ecbe98b5a86212e8abbc1d6d4abd68ef2d898cc5318f162c02ee84fa2b69c1311f11b253a65eda727303106f04a2b44de8a824a71b1e3c7035b176bf2fd4199228c7f049abb73e8221062a44a78002d2
1787460209.6720588 fcc_derived_config RSSI spike: -41.5
  -> 255 179cef4dabc9058f0caf16240fc420d76ab16bbd9a1fb2b107cf160c615d757c92ba09a662b7db12c8691d90c0bc1102568e39b73e34df4e350eaefdbd2aa7b13a22e1b76edb87401977c88480910f8c3bcb2cba30f6ee24295d2f29b22504ec311079d7e0c6f427bd88aaa0c16ff33bce41c91f0c0fb8743583f8278e477fa3d96408f74aad5a753fa2482695c59e46410e2ce1db32c2520abc46d964fac6377339558c197675be2d94122266c0b38fb3d9312f9e1ab75f9fe673117bab5077dd75c1e52186244b64cc479bd6f4dae8dc273694ebcc6b40e1747a1cbc38c54cdafccd9e1d3890b0950680aa171ac85b80327e56cb415dad8e3bf26bcd85e5
1787460209.6723049 fcc_derived_config RSSI spike: -41.5
  -> 255 ec5b2e48ffbd97d204712378c0290345c1ed441785e60ad61a31dfa9faa160135f910c83ce84e0f69a3639428c6c036d792c8b87ed690edd1d92c7ea7f076f8f2ab46d9e32963dd35d085298fc7fd05992d2f77f77741e61915d73df23e20f242d352ccebb2bfe38e2b1e15c377ef7575643f418714b3ec0d3661be9e9e2e851f24e4e0d9d131d6334ee5563da09a5bd3aab23ee5d903daf07896edf43d53087f820545bf05379373bcdd3a27cd5934bf35d0f46306422d2e6433151434f8fb31cd20cd47b9d0eb358889dcdf617834b199b5b2d79f7c8e43e8fdece6a272d16dc96c3f7cec201526c8d4b4e2f722ab4371d9ee11170c76907b4c4eb260f8d
1787460209.672541 fcc_derived_config RSSI spike: -41.5
  -> 255 0f2aa0a46b283b6e8496e7e62bf4992cdfe297b420deffea7db667ecd7f44804ed9081a65eaf2f1deefe48caeb78d11832ec518898200907e9f44f3f72cc38ef4c33003fba0771f026c09c82802837070f8cc506536d9cd99678d154f6a300855ae5ee706d9ce31b18fa8381757e7256701deb7e5052f0b081d7ec8dbdefbdbc35a943dd639e3b13dcc35f1b5d4504c5e1fae25873b0b63b0073add7a860865abbc56a154f58552141c0cb2be55c81e9cb20c376a1df675bbe80fc0a6e9a2c2549f41562350b6662e310f231bffc55fc95aeada7bcf9c07f567de32f244899fb79d7aa4d241ed1f880d2d8f7fb3ff1fe2a117f11a152f957ed24d8f70be1b2
1787460209.67279 fcc_derived_config RSSI spike: -41.5
  -> 255 e8af348125b50ee40feae3f8ef5d3530c7ec95ca63b3bfb6cebdbda649bfdc80371c9d748cdd6912acac5bd3e14d33efaf0777034a2cc62ed849f5af79c8bf56ba11ecbf86d7a2b9ad35d8c1c94464ed17ff23f991ea85e44f38a3cf66bb6eb2c60b2e9da8bdc0377fa705fe8b2a928617d6d57db636a9be35e7f83ed70d1f425077d1172eb79ba9df16dcc3167e17e6dca4ed68081b2dfef57b3e841f54d78aa4478c8e08b26f6afe337767df4c43d8d64d32faa53953676b8e416552194067ff5ef2710f0f64a64f78576e661b2a07a7821a65f8acdbe84ce031141dc594f31af22b0ecab5c9c622c658893baa93aefa810799860b1b1f4db71d3a54fd9f
1787460209.673064 fcc_derived_config RSSI spike: -42.0
  -> 255 ec466ca16d352ed1f6f969b46f9d8d84da19a0e8c24edac6f878c38e4f0b3498e8a3e67fe9306577e83b79b1c56bf4f8fc860245b0552c011215c12b73e87fa3be93d6616b38900d840b8954696404522a969d476eb193e1cfc87d3a584c0afe2c4c5e26959922ffcab0b13fe8ab03ccf67385c2b7c2d39ad27a2e7c94091d6b401d341646a78e15582daf5ab71bbbc327b7bfa0403f653c5280ba8078afa7bb21ec266aaf0a3a0812517f2bf4bcd472b11dfac15e313d901d361c0b0b26bb27ca5aba58299bd4936785ac78249052058ae4782fc53941700932da427781ddc463d074b8cb46513e84ef08a45647b5de2a63d0e3d33ac99d641783d95443e3
1787460209.673301 fcc_derived_config RSSI spike: -41.5
  -> 255 ecf64a7d2be6559dc6fddfa1eb964a0eeef119c6012860be4579374361e1021f437a5fce15e5ce9437baeba2d066928556a3d843df9632ba9701237f6fc5e1bc12c53d9bed6749610629b0788fa5a2bcc16cbd0c118efa1c8e88386c1b5fd6857c64893ca73ac7f59dd3b52c47d4a63abb05f1f6fc9a2f17224f2df6423283ddb9444a56a0cc7f3ff725b12a5041c340289a5a49dd0e6b4ef08860b368717417e152a6a2485d2981b694f00d37b414e6613f2ce62fa29e273f73ea7b6776723348ab4d1768551d3029ac987aa885d7d45e4d54f97b36ebac0de3fbaefbb56320af1de5e112a5939caf52edfd20348bfa6372c64921582342c495a2634e090d
1787460209.673546 fcc_derived_config RSSI spike: -41.5
  -> 255 cea6bdb4fddc12920a606ea1e8a49e7017219e6f271b29ed4416a95177ef4665582d3fd57dd8d30044c6dfcc9ffeeb82aeb985c15e1a8de0587f02a391d8836e06639d803cfd02e1af75a083d9b0c557ce846f36fe0aad809352991a7fc5a111a3c89773f523a99069c40f4941acce97b75918a2451308c42fb8fb3f1052d4d912c7e99ec9c319827c889f552cfa06de69ef9f46c09c90f97bfc13c77d2fcad712cf0ab8b2b7ba8b30b6b231ca849339c23d48fdf201b314bf95bf2afed9e8c230891a187b5c24ff7af065a3e1c31901533954ff3652a472a31e0d47cb8ce9a4775883657aa845899005954d734e71031101561f7d6594851cb04c31abfbb1
1787460209.673887 fcc_derived_config RSSI spike: -41.5
  -> 255 63842d99a0a1fa5c6c93b3422dd8f045571d36483f97aba4e7a35c89ea2fa38c09c1706aea8d28d09edeed0d244ca48194ba3c036b945c41ac7a9045c34ae6f25efb1ccd934be1dc2b333569e7753096078411a5a566f94ce799a754db7a98ceae2e42fc501cc5f1e4fed9baeb35f31991a9befe6b9f76a9151fffa59a0d916e4159ae8986e44ab7c0ca4d5e55cc7b67b3c07045a04635f1f1cd5a704d8d7e6f2b5e7f3fcc62501a7b06196f0dbce809b9ec83ca3d507febc6cb5ebdb1a440a5dd2281ede31b01c8e5edb420e7ef796385a224d046ec855bee9d078ebbdf66c0f477b83d0cd0649c5cabda12a10ceb89d650910943d12e9196f16869d1babb
1787460209.674168 fcc_derived_config RSSI spike: -42.0
  -> 255 3afe097cb997b34722940c8bd0967ca8fd114e6c0f5f5ef021f42951ad58c13c91c48f772ff37c07cbe021345d2584d591d4b68b6e4ed2a6ce62d09b345edfda5dbd520a4c4cdf24b143da0aee8459ed59188107860977571a3b26aa152fd5370c9c2c761c43eb20bb38cfec7512ddbc40ccde5cf95c7d06626cf269226da830cb54dbf2aec55d66c145c8d3c31cfce2482d526c5ba493cc69b849a349c6b3ca172ac8efcfa8a4cbc1726f6650d93ae884b6ab41230dc33ba9d3788d354650e5f655f0754705f562b962493e2069504e3428f8494f0ebb4deed716f9a22f3abbaa8a276a94b9dfe6b474635d0f303928c79724538003b02a79c7b784fe91c1
1787460209.674387 fcc_derived_config RSSI spike: -41.5
  -> 255 da49cba59de7e4891d5e83197ee88b43206f1b8f8327ce48ec44914a3fdfddd617c6b9d3266b81948d09555b9a4bcc0f393e6d60157442cae86accc7f0d78ad9f820876e0e9e43842543dcc26b61614b988f15e1f32301face6107e62dcc6892b25e985e9e52a91ccd1f25be2fc11a712b36ccede9d7ef35f8f1139256e5a7a390759c2521010e0b0a888284a2b94f2ce9a739d6cf09bb54954afb377b4da1d2fcbddcd7d1544208d36bcd992a2890a8a4dbaa114bcc6b1e9d78c4811bade193ca0c015aabf4b7317d33ed17bd9095d53fae698341170727683bf8800d35bed5a68beee501d1ebbe9144609c7ab233661cc360ed04e141a4688c46cd57f192
1787460209.6746209 fcc_derived_config RSSI spike: -41.5
  -> 255 4f84dfd5d2ec2ec03ac261ccca462e22436e76a2ab476123bab6dfbf4f9188ee32f43d6da61300bd57404260e5bbcf33dc1434f6983fe25e7bacf788f72ddb746824786eb79ea9f85c3fec0cca16b60f649a9db11389b762265d347ee805f36b0bb2bbeeb5d0ad34a1432c40a5ccb30c9b5a2ac06de672a57fd1dfd12e95d433f82d5782c28048a6db9881388145fc6464b9fbcf7c5811f3d6aa824d0c60e5a07f4dec8aadbeb4f759a8fdde41e45d9cb9abf710d862fcebe6cfc4d64bec4a00b0f148311b118cbd389fee47ff1f274ff0be73c9c7a7b768e46bbc2be237bdff57504caaa93e569fa02afb28ca222db59d9ddf424273c6fd606f832a899ebb
1787460209.6748958 fcc_derived_config RSSI spike: -41.5
  -> 255 59b0b7dd9aed6cbb613bec547ba3aa4b789115331ee9e10e0c07885ab9bfb94ec8d7da5868e7ad2f329f8923c5e64602fc68d7ea4b5cf48a9919e1c9c0bb00f7ed5544e07edd8701e1464108bc2982318e4c1a4e7574e9a791685c2f78431015df8064eb77e8bbf86a5688b1fcb2d823ec4cb4fe5f44e68d57a4c956de9c872cab908ab221265bf427cbd1a064e266858011c9c1f0ffdf420b1920170ba549e69f9992d4020c18d9003d64effe667f5550850ce3c36f092ce7b68311430305b07153193b5b3a545cb8ec60c6351f54d0db3e260c07ce46a27e6565c9cf8242f5738d35211924ddce5fd1a67989a15db9ac8e60951258b6f1baace72d2f69e5
1787460209.6751711 fcc_derived_config RSSI spike: -42.0
  -> 255 a68cc105d107a7795524a2ceeeb97272961e88ea2f44134baa0046e4c9d20837b443d669fc9ebd90f7b9492e56df46a1a8cb21a04f89ac8ca05a024042ebc1bfab292c4298d3601df0729837b336b5972d1a8321ad33c6ee1e62182306b99a4d16a002d978faecd632cb6abc090877bbb5583bafcad65c055a27c2120360aa2e8b0bb06d9986c7c54f59b1f7f8bc3723c7651942f23e47c9ece7c0693f18bbbabdb21b1c4fa49e9ad443a606869a9bc3f829681b5be586f2249b98930f2bfe12e7bc7bbd13c1d22fac3f0751d67a417e0df0889bdbff6d67671ba38b6452ed865d31f8f1c60da1f8d586de9ff5f75900e557a356c94884478a882d73c4ef37
1787460209.6754172 fcc_derived_config RSSI spike: -41.5
  -> 255 f594e92813963c7dcb1ce6169732d0e354ecd9e1068cea7c9bb98fb92a1e798ff5d30bcd080c0b97e71a7a7c7d700259f868961dedb9fd335b3aa6410c8c0177fd5ad6b8f5cc3080308f2ffedb7e560383d51f26aaa6a6e456d8428f96c104aeffef8bc5ee10d9062f7973fc1eec9f1c1ac9e5d7476fa9061161cd71db3472572161010931e3b520ba1531e40bad917f1d695481d6488607a484ae283d7d49381563c8fb6fa0c3a376954204e1fe1fc4a03eaa4b35f5736df2935121bfcd7aecf9d938ea6906576104e643fab27219c7e3898f3e0dc6a13660ecfb4e38c3efc19ccd72f0bcff9f7f33e8e0ecc1c9c92a218da5f19266def210fb8618d92264
1787460209.675631 fcc_derived_config RSSI spike: -42.0
  -> 255 29ded2c1285285b7bbdda7ab353055914011b4c417a7fdc10ef209fcc9316b7941672884d012c8d724253cf3e0015f77b13a0c7fe45fd119161c558528665267b16796202f190761817428ca7b2a29cbd8aba8b6a1cdace1dbb895f2ef6ce0807e27f3b5d937aeba39b2c874105d7720925739fed73308ec3f5938c1a147b394122e1519b2b240d9fdd4b95551c0e78ce87aaca0c28b413901b0524fa1a0d1ae0997b53d4cca6d10e9413aad743de2b61ad5e89f885c1b7929b8a5d9112065d0c9b5f9f1f6deef2173d4bfd2d3c5e0b71f3f2d24e812f4a8f695610e6fb9c982d10d82d66314fd399d17d5ea7675057263c9d2a5d68f046ef940125e51f0d5
1787460209.675894 fcc_derived_config RSSI spike: -41.5
  -> 255 199a0b0d2f90674bde7114f8841f7d3cb809e28a311c57de9e42d82cb842218875cf088b596caf1956e1eea15fdc977ce44dfc22589a1be92f72687895202127b0a4427ff73b63f114179740e6949c66b3152d921e6e062157c410ade17a94809a2a531c6db686044cf6b423cb44ec362de4adada20533a5b8328358c99b162d4aba0fe6f9751b2e2caa8274cc298faeec5d5d3a7469cbc30da1fc63cd064f4e728821bb3ae368c75df303c785d93808fd113ba765df957dbbb50fecea4ad3665e0242257b0e08c91a3d108f8b5e7eb59c5f7d0237c1ff09a10a3b7b7f7883543747e7ab844174aae47cf6f993ab87c0b3bdd19775decb75f9c1ecb4413c6c
1787460209.6761441 fcc_derived_config RSSI spike: -42.0
  -> 255 975147fd3f18a876d801d7108c67cf939cf4b414db897d7d3f94498ab629b7704ca4b5b41c326172f60ab0f16ad0527d933003f02f3bb05cde8e484adcdcdc0f3673d1cca0babd8563fe84814cab629de6e364ffbbd4d352e03fbe3090dc1aa23eb77e331dfe2984a6167add9202506c25964f04f8bfb84d85ab632dda453d7254eb6d172c0c0c5853d0999fa8b331fb47b40f265240ad2ce5e91f0d5ce1a74a6b8c00c6855c0f34a7f8c37bde831d61f01b728ffb70a2993d74e115b7c22bc157ebd9c59d5fcaffd117ee8d4eee3b0211c5778e79d27052f2c30cfb21ee9115d9cf2fdd96997d3168a274f1737f275b1b2df2868dc8d8afb146d61e622798
1787460209.676404 fcc_derived_config RSSI spike: -42.0
  -> 255 61816e5357185d1c8fba46978ccb7d59531d9a3173aafd80c041b839083706687ff587ba6de4b5d5f90265046c11328ba06a80c2e7c4c40703569c0ee093efc6f5e891af53238948f0d52a9648ce0e0a7ed0a03cd6358032548d013efa7420b260004aed61c2f32927e4f7e006533801d8d8a2c94d3c52e8ea8aa7192a422ba3af2cded24d58c4996287b11b98f9ac83eaf8d430b839cfd1518d5b880b9831c95d486b98c69d5dd1e08e5268efc07a5fe7753326b4822cd85443c4fb2a3f8574b598504a42597021be5a393d1666915f7c0fbca2fe0ac65fe1d178ce48f407f5b5c32ae58cb484cc1c14bbfc52d00709c5b3bcc7a314edcf0dc4c5dad130b3
1787460209.67665 fcc_derived_config RSSI spike: -42.0
  -> 255 d4cfa90b1512b9888058563dd729e4d0d0c7772cf768df0e934d560af1d79f616d751cb6be9efa02d281ad413573d52fbe2a9563f82ebc0f960358d01281516be110eaf7d3e56d67e00b33bbfb9c587721269282841fdcd481444cc59a339d822b885522bb7fc97e7761f7218437793ce968964087b2da87a13b66437a5c9105f24dcf89eb29d4a130f308dcecbbec9a3b23ee6a74ca476b363e92264c7ec255a2b72a9299b8eb6527a0fcfe0e20b8e242ac5a545d7040e3f50d71697f6e28134470f42282610ed8ef7e46c74342725a868caa925ba40c17b624a9bc01b299e6cf1effcea9bcf025e43ac0d0fde20ebf922ace158facf286842245130b0173
1787460209.676897 fcc_derived_config RSSI spike: -41.5
  -> 255 7e4f7be65ebebcf51fdef7547b5261cd13276d7415d7a4dc1a9b34c14121eeb49ee5c3cd40b9d7c75aaab7f185f58d46c56aca1eed81072375f13efaf74e4311f90d90e9d9efd9115a860774cf55c43e91d2c763fb6074108d6565a53451fb78d40c5075cb0421ed28e32cad279a4c7591f4ad1670a39379312d88d3dc77829ad9f593cf81b8b7242dc5570c31435fedadc2db9ac38fecc90d1e3d9b89b275554965d9937c9799ec51fb661797211ba5789837f6cfabd6311cf105259547bb3b73acae4bdbb5aafa8bde640876c080127f19364ebea08a99955aa8e9b4dfd2c042abec7bf1d1764c0d61d9dcd398b699814ee474dcd8dec1a39fd7e6e1716d
1787460209.677147 fcc_derived_config RSSI spike: -67.0
  -> 255 52e291a15ba4eaefa290dc867603d5db148cb63eec5fd81b09a57edb26ac8b2e90519dec545d104b67349abdd24c9327a800acb24919227c7e0493beb7334b780c5dda386410975f9e439697da78c903fb839d3677f1a100eef74a67039feeec012a9030fdcd545a020a65c7332dd82f0e7637c8f3c3da314ee8a4c57a68fb5f9cee7420254e0b155787fcc2f3a75da977db9347f9366c5b87017fe248060da22b54aa306134614c5f5c906bd65e19de18613d5ed1333d0c6bc7cd742fcd35eb62a5f752a0107eefab8992f6f380b161b00d971f8fb159d6e29680cd26c0fd1703da0ed76c4ce48f2ccc3068cf08d3c12af6a3389d7c544c69ba892036709a
  ...heartbeat: 540000 iters, 126.2s elapsed, 864 hits so far
  ...heartbeat: 560000 iters, 130.8s elapsed, 864 hits so far
  ...heartbeat: 580000 iters, 135.5s elapsed, 864 hits so far
  ...heartbeat: 600000 iters, 140.1s elapsed, 864 hits so far
  ...heartbeat: 620000 iters, 144.8s elapsed, 864 hits so far
  ...heartbeat: 640000 iters, 149.5s elapsed, 864 hits so far
1787460236.2983758 fcc_derived_config RSSI spike: -43.0
  -> 255 9cd51ff992f8bc9346d08beffdbda4a5ac5c4e3abb0c9cf4706692b15add29d256cbecd5e14de65252960407ddcffc26ab8506b19de27f3aa38d1a78a02d0f4157c33f8646cd96c1025a4f1c8dfc13eca57e103c02476a489ca8c6418248ae4e9b29b8401f252647727634f96307097fd671092eacd5b66e313379f2062d1f4a5f99c2f45531642dec060cc7b13972f832092b4ede39e5aae166610cb73b3d4450e4b78aef163d6f14db9b47976ccebb30d906b6cf380e70b9d2ce7a8a61fdaaaafea7fbc7282e1940edec53912ecd79f6bb10c0844e4174ba8d3020755fdc99c64e1e2eea529b41d87c1358c4e7c441f1e55ae3fb6d8e5422c0224d1c466e
1787460236.2986329 fcc_derived_config RSSI spike: -42.5
  -> 255 06bbbc5838c162f12171e2653cd918bab062548c2a3307ac3466201665138e4f04cd762ec7a2831f7cebff40a03a4fae8349cf472520cb8887e5945baf8cd52567639e144eaa3882b55f7f3b33a982384abd4cbb67dc692d1029744e86a90a3805a0539903f837dcc1285779662ff0e1f7599e29a06cbb708c2a1d74f07f666baa03d003fc280759f4fc5239e0b3fdf7f079b085b9d65d0564e24894fbf6cb5f4f7ce9778845b10745e1659d13b37037061c1706cc703de17e73ef0ca9d3fdff50ecd2e2467714e86f95bef91cc8583cd81d597d97a510c6d161904f11fb161aa5226222797802d655d51325501921e87318f522a7135aa59c2b43b6f4f477
1787460236.2989252 fcc_derived_config RSSI spike: -42.5
  -> 255 6ecee2ce0ce0ad7305b525b819471116a66ab0811e26066985e59fc9ab6ba8476a5417d92545de4bd4213df9661c0b232754c6e92bbae73c8a9a7b1b5cad53c9e703168bb40f598b92dae70ee01df34cfbece9bfbe738fb63c1a1bad913ef581e1b09564d944ffa503837a600005d9f85fa47059eb7dcb42fffe9fd1faa888b484c9b35d3ab499826b4c7ed453bfb7eab948e603051e2080af51316b862ad3b0bf7da11720a318d6f9e272626331f62b9f0a1f429b3483dd8f91abac55e1d9d0570547e3e2ff7b1168941a72b3412fcc8b5e5a6c0dceaeaa7c31ce0b35256877fd82b3e3db753ac372b44c636d9aff6cce8b1af1f71154892a1851f321781d
1787460236.299147 fcc_derived_config RSSI spike: -42.5
  -> 255 a0199635ce874fbc2846fa764842a9f5695397acab97eed21edcea9a9ca3c5c94c1327083006db715669d007403d59869fc3200792b6e156da5025fa214704dc83e11de78f52a44d35b33f7a3fd1072af74321b8d504a209added6cc1d843105ad7aa373700ad9b2d55bdf75e748d7afcdc10f617ca9f198b9fc5028560ebd18b68473c1c2f7b2d5742e28d895c4750b9ae9f3b5017a9db2a07665a72e0d52f9cd1e2e43fdb9ac794cc88fbc2f43fc44847f773e978706bb46248c0891366155f9ce84c5aaed606132b7fd2bb40f7d4e09e11fc06e687b4bd2eabb7abae83bad7779ad18e19ce8f3e5b2df762328e30e24121dd7ad425f6453bed439f10099
1787460236.299378 fcc_derived_config RSSI spike: -42.5
  -> 255 d8bb806f612815c46ec03551dfa171f57c2e4ed43fec3c99689eb7b7fac3a79e381e6d3d5d19e59cf71a6555a342134f29a4469c03291ef411753cb99563c254656a780fabe1b56b0b0259352009405985ea6e3b158c1c73963050ac9cf98a17a857bbd9817c368b8128ab705869126dacd4b649aa557241e2989e0768c455a9e2d72ff0651e3e1a0cc48df8ee45b3b341f745f3cf9a29d4a06bf91e0d1ce2b5fffe800693fb5e28570a29677f2c77b7f19c31f6ce286438a641a1fbb502b81e7f2eba89e1d639effc3ff0c5f96ccdb30f6893f8120239aaada8bf463471deb7a28fd150e22ce4f31498c58cfb910e414fe5942a6ec2f9a4a6f740a63d8cc1
1787460236.299618 fcc_derived_config RSSI spike: -42.5
  -> 255 05eab10784108f7e0442e1185d9b16f20a67f8dee71b1ea355285a0ddab05c95ab594bb75983ef8ac42626371cbc9e2f7df38a4b970327400f1ecfa4d322b7e7abc0d6b5ea5979b6cfdf6ffdf9a1302d4971125ef66816a25bbb857eaa05cc0e3fc8a3fed796aab765d03afd88bf213bf8962e05fea3a012884ca055ea8eb7c0b86f05637ad7cb04252115c2f5bf2e4641bc38d4327ae3749e03bd337a4cd35a2f6a5c6bdce6a4a36cf450c79c6d23d97b337b6bb2ca8c53c89660c8960423bbda748fe86b64470a7ab91946f64338a122cebebcb57157215626056ab175e21d687a6b55d02aa0e739621c3252a7a109572601b2de7b38c61b1db20e93afd7
1787460236.299856 fcc_derived_config RSSI spike: -42.5
  -> 255 c025fb4bd37c039de1bdc6a3d069b6be4cef839fe5547c251c173cb4e662084f98568a31b6d6fa7aaeba37029fe9424e8a699cf4496b06196626511f92e8b5c41b7a359bc0d8a397f567ecd5d57de89c4354444208b10293bf7387f2585829143d3e5c4f539ac8b71f0f7673c90f91fa95f6d42654652bc7391ec25a807750f6e78f27f55bfe234554c4b5a7f5fcc27f3013963ae02d22ea62d833b53b76d11897de60db7f1a7aaeeef64da22f1b4d49a87224e26c4927c7b00e555c2f021da9529dedf6ac5a1e2dbff1a565f2b48b267d75c4f9aed9376fab4cf0de888c4d4ea8976833877eb48a649caaa92560323c6b6ba81cd3762df7e8455ec1a924de
1787460236.300072 fcc_derived_config RSSI spike: -42.5
  -> 255 90f95c06bc89f345a87322eecbfaf703c89e8a27a0f953dfdd81a2bda8a1b2eb3b2878fe9296ec79505fefb9770c898480668aba977e78f6edb18491fdc9c20f8498a399f4b1eb43d2492a5c414736dd5ed598faca6cb2b762fbbe9176f0f83832c3006040564ff2bc1f3052f2b86919f3d176cbec8fbe3de1a6a36ac87d3a898a9b4bf115399ccdf42fa90b4c6f1e93aa257375b2abca198ebc1ae4bfd6d94de2fb1fa9fdcb5ed0736e31896a4b97cf4ae1f32d9dc2b04ee4c5f62b27519c335d7d5097317f3833c952328809e0f1cd864957d676bec89998f7cfb0f8ad70cd45ae3e24b2a9e84e0ffb2a12c3a666e8c549496652fdf0a71888ecf3a3c046
1787460236.300307 fcc_derived_config RSSI spike: -42.5
  -> 255 e1e8779e66e494ffacb92e91a3417df78be5e0dd9eb02e6d6c3811ffe8695124208c44d7b5139349172fb6d4b98bb2f3eeb964ee7fb0e9a1b5ebd8ffac09734a6a1c20f2ee7a3179bcc3b751c0098600107642f766e2a94f076c8e65f10b239121f6b24dcccdb27f4a858d0a5394d4998d2f3f46af6d85a4257bfde3e80e63453b940868233e0a8ceef53b95d6507cde10f128937fe14aa46dc9d67c52edf751a3da7a7565cf43b7e4d1b8c1bce8fc65ed82e9604b454c42e2134736f122d47d1bacf5cb7e0c41710d7fdfb0dc3a7f8cfda34cd151cd13a2347c2be10ae3ba918401e238a59622343d8b2c02f1f83457c7f147580d040b62147cb5c38c3423
1787460236.300556 fcc_derived_config RSSI spike: -42.5
  -> 255 8110f8049f7db2433f5883d8660cebf3832b12d8283fe42c3d748d08a058102a71022e990f32b8ad81e846d715134945e7aa4549af3cc8cb7de29383a1da9bcea9777fe98990d38211b4350d3c3bd5a7f5ac60c8ad86a915da84a7ab2b105ac905fbcf0cc3431ebb0e20f326d37d9963c1c789aff04f59c9b7bb652d58f85997e3a5953b39b8d72e18da48d07adea25022bcc05ab9b210ae64f60343e7a680b0fc9f7a3c3f247449ab3a1f5f08b6049abe2db85cc28dd04a373c23a81c30dd552bb40ab12498d175c523b15eeb6837513e6a79ecf62694fd3ee44b4c30d966bc98d91d101b3a37e9a322bce5166d273c507de0ed0e3452d043711e621ba74f
1787460236.300811 fcc_derived_config RSSI spike: -42.5
  -> 255 8412ed9d06db0e01df112cf1b88e98e4926c83c39dc856fcd9fd2bf925a6247d74adc5b6ff1d7af62800814f71d182d5389170985ca78a77d9a72960e4e742d123dbefa641589baa0383c6d4bbf2ce952ab9d4e751375add4e87202c9d757fd92a7bb1126d3271cc542a501d4be5fac3c0424895a769f49115c3e20a8100acb12e4beeea7b3d7731cef4728af3625285ae494e5fe4ca65a44b90e7fff2239fe4407560fcbf70ba0586b7e8c6c6e13cdc83eef499ba05be0bbebe39b71baa0f8c2ea8774cbbe7e8da441e3bd31a63245ef4132784b57957cb86d158ec72370c898e7a596fee353e2c34bbe1c96caf8af64697a1aeec7516254ea1f5c684ea7b
1787460236.301043 fcc_derived_config RSSI spike: -42.5
  -> 255 e1ed6a8884ab7fcfe60ca6bbfb744d2ee9bef645f9fb37f8b489685e737e259caa615d0421b556f3c37b26560667c26a73d402af0f3661fc39871ddd8971ec271cd733af91f55e032fd0252cb4cf27b02d6514461924d45ec72b771d3dc6c68540d76ef5d1883fe1cd7d573d051e55993816165e7370ce72dd3876ef5ab484874f216bf3963cc0163fad906870ca8c69abc5d7d9ed8d21de29cced44fe3a820fdf9c5b74b3296f762a3db664ed5942ef5f3094ee36e8876f280de28e0033e84a53dde9f2d541f20a96076ebb115c52fd1c5a3ef485350ea3bc7920ea8e03ab3709743dc7617f859505edea40571e25162b573f662416e2398df288e8d70001
1787460236.3012931 fcc_derived_config RSSI spike: -42.5
  -> 255 8584115f393a5a7f9c7a140136e8341323f92c2f172f950722668f9fd07e2f896ee1cc69d4da84387ba444e174196d3d2f736c0ef061cb7728388624f44dafcc28be4061eea3c7eb0e395ea34214ff970497c0992890e723ec88f6d781a2cc7ca4fb9594015dc8724d8b306842cd7e301d96277806aadba6845c49cd273ef322a75550f0a39623f1aff52bf793a6edb4d33aa804ad5497d7baa3f812471d1828e34182a6ff7472d66c0e3e6df571d39723c197111e8cff2052995bff48a0dc1bd71d7c03aa474a2707a09b93d203a044760a91cb8fd975d522feb98c32ed96eac8e11d16e33d505dc3a15b7670a167a7f1c81b22c0b2a8500dbb658a566386
1787460236.301512 fcc_derived_config RSSI spike: -42.5
  -> 255 a16b608c54ba6f10a20d7af540a926953494fbfb4324dd371aa75ec786be1380bbcf4b92601e1dac023ec19a7d0ee94e12cf9aa3415ee773254eaf0fdf79c7d8f3a7de4aac14673064a0e8cf6de05ba8f45a7df322435c2604d4cb5e27e740de8af0cbb88e7270b14933f048763f6d75cabc6eb635997524a30e5a3a96346f7d62ec9a6245d486ea9a0c5d5c22b4533902481126ad85b8cbff4893256b066027cefd23fee549c7fafcc8be816a4fc83753a4508904f142dad472faf8c436c99b723fd6910818c6a61fc939ca53f5ed7a8076e68b9753c0df742721e69b839cf1741e9dfdb4f8fc72684d8509e86888319eb0654df2891fe15b94a951d5ac09
1787460236.3017442 fcc_derived_config RSSI spike: -43.0
  -> 255 80ad6c08950a2f23caa28b3b618fa88804c76717483f7e29699691888b401d6d77e5b953929109494ef1d9fe25ce7b8e40d9a71b7e8acf1b7fdd8979487b5c38054d0f220c4ddb523f39cf6f1f12ea34ca89bba7343e1f85220121a6feb98b3e63b11f174ee1eb5a843263df44d63ca68e7f298c29206e0297deffe7b684b2acdeddd6c7e6a4b7a8c217f1034aa894e4906cd56be3ded93da86afeeb37dfa6f5bae764f77c40fbf816b283dfb77d4c4af5d826897c6a0b852722191fc7bf5803ae5802e11f2bbd7dc5a4027b2a45c69cef0d09fae60ac1a7c3da186fdeacca02d2d4bc6249475c3552244d81e0ae56fe2c373335edcfe5c5a2a77885714ebb
1787460236.301962 fcc_derived_config RSSI spike: -42.5
  -> 255 440af26ef7ff6b10006a6f9e0f48703c8ecd20f0db8618ac45e57ed568ab946c62af151f116d2017ee881edbae0f3f7aa78e3cd6203c6aa34988d309b39e1d88c9a02639e8101eefe1f43365e989930be9ec614beb50b382f460677b448b53c7c01f5cedab6a147d5d290dd4bf875ebbe0f55a025a83b80427164813dca320aec1ed8de2ab0a991615ee29115c041cfc252c1ad2b11492740a9b41e6cd51b4c6ba26b7c452c71cec99a9810c4be05b02414b4b410594be85ef9fd551619884f66df550c44e90e1504c3fae252a71efc28e16db919be651f9fff15dc3ff15384e9005c80be1285ee639f642a7a164c95a8c8d3386ef7c7e0d8926a8335514d9
1787460236.302227 fcc_derived_config RSSI spike: -42.5
  -> 255 20566dc8cf2f20a0289041259f72d05f3dae50a7306f9ecea7045193571af6b0d94f0ac080ac081a5de3f6bb3ba330f43426912e3bcddf2f7d2743157c603323d21a7e3d9c1ade3d7d7a9c4fb1191358a6ad7ac7ed014e3f97c9b2b18469bfa2345accd36fa2355c4411823f0acb878a995c432975763323ebd79a78cfc11a521c648a5e6700227c3c78f562cfa0effad6dc1cf679894639bd207d568bec83e176b9b9de1a315ae91685ce4f22ca92ac8255ba67edded654ca17aedd974b8d19601c861cfa7d6a82804140c34c6e43f07cdb0be406d91d872520ddcd028f7b32c506c4a780ec46da65e10b9f35f84851e04cd7dc2c3441c9be5b35dd2b102a
1787460236.3024588 fcc_derived_config RSSI spike: -42.5
  -> 255 e922bca85865ebd7e15611a05a938c7b3ef9eb627fef8ddde3ddb85da6d8af54414fff9f288eaacc0d334778d67ac52d2f43df2e2c6c3fe2805807dface864e799c7990da6594b8692d1b1b61bfe116351b9f4e4ab0a7fc027e7abc9463d9f6acac9d564246765adf6007daccb7811b8c6b32f3bf95ca609c8cbc0545401affba2b3c5e40aebc47efad0977421fb35eb85c75c93f54c587323bed3aa0ae3f5ec93a7d25a6f13eb68433bf1e01e75eda673ab2d19dba70c3e53e1c66fb11c7bccf7701fda701a03b040035608731119513b76dc8cde34f541210189ac7daaa9aea11947c5c7ff1faf6b48c7d0b91ed94333b8e9531fe9ed601bb9ef1ccce617
1787460236.302756 fcc_derived_config RSSI spike: -42.5
  -> 255 6128a483678aa8c75e2134599d78bf53dc82b60d98c37a2c2873c0b9a42291602767ac91939f8cd8fdc5322e7a9e772918a1cfdf3a827681b55832c5ce6d0d60a57c4e9f9024ed132ccad35e40a1673a598f68cc84f6f166a38c5ea1414bf634949af4e4c5add622779ec829371377d4ef166566fe422d9826b368f6364c97437e0b8fd39d4abc7558fecc32d33685dd663bdda96d52cab81e599b3148707225110a97fa3c28c0560366411d5354758b9b6c8d69aea5b7b5e911cfe8541627a55d13b9bad394048664ae53de1352c12e7fc2f553a85544f18e523a1f0dee000ee6863b290e385be23523c65f7b0b9c7269d27e55472d98b4414dd985b88a5b
1787460236.303051 fcc_derived_config RSSI spike: -42.5
  -> 255 53c38e6ce83a821d9bf75738a72563307887ed967b8998a1548a13f2860dd58fc838082764a18d511b173aec268d2a3da2607b4c770e340eadb1c4e792bf5bee740de62071c62e25fe20cc7d85b4b28c80ee94efbdeb01c45ac718d75519e61037bec4f1241f3508098759be73f5c592654f87b4644455d402b0e9383f1f4c67fe96cae7860bf1de6e8a9b5158e9f97a01b6817212c73675c33687b190bb7a3214f3e9ab622c14abe41c091c842780fcf4b40d32e2edf56c913c63f51e73eaf9e181608479ecde6f3f001204202aeeda35e65369073e53f57a08b8d50e13cf6f45953c68af17e1842d2775595598620d2030f60f664fb8bc4425ff96470d03
1787460236.303298 fcc_derived_config RSSI spike: -43.0
  -> 255 5672731d77d7e92681f7db0c049f8082645256ddfac4ed592632027c75029e70853e9e23e33907d5d995de619e0c125cf97421173e4c0d42ea486d8b4228f1390e21e4b8d029e3804bd38646e5ee170e9d28032c3bfd93289e20cd5435abe3fb0b1d0ca9d21eb10d0a7e651e0d81064b54329d85b68f335e2cdfb47b7f4004c1bf36e4434878a699b3c339ebf748fe0a2a735e74e6bd4454657915138eea7f66dcf86d1d71321e405fee1ff662154ff164e3206f386db293b6fe9891512c94757d7e760edbc4c71ec08efae6fb28377ddc06e19f15bdad73950d8c484ac90cd328dd0e14ca9744d3da874864c8f8fb3d7281f1b4c6b5971995af2d4e8657f4
1787460236.303555 fcc_derived_config RSSI spike: -42.5
  -> 255 0f333e3de603c1ed850b9244cfdce75db84b1191c19859798354eba6958dbda75a228a426e55805e1a1c9f8671b89ff01b27a8f14f8097bf6d601949da17a869ab8c02c6c2457fd6500e0fe3fc957f63b93677018f341b0cc32c44cb087fc87a2928517f9a3e38537010ad329bf6c5b405c0d882e0fd5e189f80e02b549c4830c536cfbe068a03535f2e7c75d0aa1cce7cd0e8aa9c61555239c703ed668fd095d702046bdb178d38d424529ec67784c3ce825b3e5fe2e446686ac59499a4138d1cef9140415893ef2f1acb299c759ab2bd4fb30fdf00dc7de31f342c3960251391b86fa55bf6c2efeb37c50face9df00f46ebb62e43cf21cb9a53b8a06a70c
1787460236.3037791 fcc_derived_config RSSI spike: -42.5
  -> 255 86693b6b86a3edec632d1e650a1c6f7fd6c61e801eefcbe802cee4183f181e444a85ec588b4a9cfd92f6e27a07b6006a2f290b20fb1d24f75f5f29ba68f6fd459aa50f593c671ab09201c616e836c89a149d61782dbae53a7beb86c63dc2bbee26b47403590d8ef30803dd1bf111f4d76dcda507d46fc3ecc4d31d7dd8e014888f3606d81009a21f7169685090d77282e665f582237f19a91191bd168aa2502fc71c72359be6bbd258b8255d943aabeeeaa505294595a576363534a0ee2276c71410a603965e56550162966dbfa8d7831081752f6f422910b40547f5454563c443a7b5765181d7df12983d6a070be4ddf5c5d297d09f99cf0aff22343b740b
1787460236.304043 fcc_derived_config RSSI spike: -42.5
  -> 255 b5e54ed270a33fcc7a7cc0b88a4f508081d8bdcf01e54fca70c49d8682b522c44c4fc550827d47ae84bf8908ab6c0a8d72efd26b7a6b7914737ad729b47ff79ba580fa4483f9aede39c9e4a08b591e387d9294692a3c674b0ac52cdd1d26acb0269addd804dc604e9c71de22fde9d2607240532c155619c42fa703cf5a7dd4766fd00b97e358fbc77723927d273a29f393adb78a269d2b0d6797e0fe22e6d08b5aa479a171bfea47dfd6abda572a5508b1c5f998a048cb22c8057e56bd6dc11aaa9a82ae65b83517fe5f45cb806174f93e47944457244606796f1f931367b825264327839d513ef027cde5390e555994a2594afdb2484ba75793e3595b6363
1787460236.30431 fcc_derived_config RSSI spike: -42.5
  -> 255 526f15738fe8508a8fc676c1dfd52f35cc3902131668f9a895472d4395d68353708bdc263cec0acf51cf38cfa51a7cac44e7cbdfb00fdd5ac672bc5828daddd5b0e9b67b644d21e5704504b6006b046f57fb62cf1d0c74f029c5201ff4746a85b249216df63b5e43f5f7b661db921e2dc4ad175fc2684d85293815a4279051e1287f9338ffcae40bac0344a1bc68fd432b301c28be66caaec2b27b6b706ddd929d4ab7ae13a2315c2b0644dba9d91c56e60fb5937ab0c40e9809663f809b869df594848b4f1c62e97348d42bd9bd46960d9949d51894c0ab2765877957b73ef7e5e795cb9f8591b6730dab7f1c68ffbfc608645a5c1953cfb35248822cf6dd
1787460236.3045938 fcc_derived_config RSSI spike: -43.0
  -> 255 a5ac951fdb90e65b05124eeef6e68da39948f8197bbdcaa1c778d1972326d479cef6470861c71496ba62f29bcc095e11c1a0f273988b44e6d5c9640092ac5d345ead8affbf72060b00caf037667f70858a4997d8f87fb42b5342df1f9f95b04cace341fec7d886d925b65bc0b8bdebaef3b5e55af6e26a9f31ae690495a62792c017242980b1e40f173db2bb2557721ebb975eababcc42120aade207961d8d001f64002023aa43fac9c17fcf9a5aab926b5589acdf884f2f68d29735b65a92d21fbeefa8023177e7e037c74cd31bcc80f7c8de897356980d92b5fcba9a79299c8e3e10431ed138f5715d1a46b6792ea3c58291166eab1024d880f42078b7c8
1787460236.3048902 fcc_derived_config RSSI spike: -42.5
  -> 255 30dd04c7c36ff75b116cf5c85cb33ab5889dc0884fc3fb58880bf62350433d538a90890accb163e77e9f4f33b208680e7ce9730a16edd52e7579566c73beeafd5b9f9b414ec3f18c8c64351653bb5f5e6ca13235a21428685453a1d6236589337512341d7c5fdeca1323ebf14eb455b954ef8fcaa989edf3eee651077abd3cc394f6b81581109d648fb35092127bccdca16bc7526492ccebeef99471017c2187409f9beef856f4cc540917a239b6ece2cb52e6483de778cfcccb6156c3bd53b93bc63074641c6db42b9c58b7f60759cdcfeba2b40acfb83d9fca3d2bf7a9d52c181e67dd011747893ac2a7e99c3af45067dd34487dea0caa171d581f77afb2
1787460236.305151 fcc_derived_config RSSI spike: -43.0
  -> 255 3b1c16d63bf734c1688c4c0fd7d0be601cc60ab6e6940b3e5c690244b7c5b982b9a63644f78c1f913e6860dd318c886ef7ff3260700d83a83b17a5cb2871050a29e0f688a858c14aff92573e16e7c0c507b92680e3ad7609c4951ffdc45385437a87b113665d81a3e9e7ff2e40a773bd82f2de17601bfc746d9128924be623994fb13e9eb7a7aa8fdb509dbb832fdc7fcc7697406698686ce9bde3591dc6da1ce1d881dc6ae7cabfa3e09378a8b2cc088901bcf8885a4468abc475fd32566ce55c68570f3ee8712507682eb4e5f997be7748f53a86ec7864e85811e1aeda541efebaabb2cb361dbd131c4eb13ebe6c77a0021b7a7fee88e1e36b8b2bac7b0b
1787460236.3054059 fcc_derived_config RSSI spike: -42.5
  -> 255 e8557e4955d30d689e3a53c1be496e78b7b2c3da7eb82fe4a7b76c81f790f94c9623c8bbad82f53b8e52b647eca3211ef3f7d668dd18fc49b97ff5ce5d3da7a1baf9e7b8dfd436a04fecd3c33c1d7b0fa6f90f0e7b5d6500ce080cbd71899fafe6bad11b9f1afe5279446ddf45ec4af6140e2537027550a61aa0a9971ac6f33df480c4b16ebfe11da5292460c9965232e276873affa36e898ddfd49203acd72f6b0503bd6b6ce61825b95ea74abf47da1b8747214acf6fc5e714330cf019f0b7e5588539c8d4c77aa4745ceba0afbbff4ee5b2fa07f794cab91fb724177cf03b6d40a5b7755e6ef65d7af0ff1d1397636381572e699662db19137c50b9d418
1787460236.305677 fcc_derived_config RSSI spike: -42.5
  -> 255 ffc591025fcf898931d28b94430ca66afaf42ad2dc7bceecea1752414d7bd8d5afa3c95f1e4a316cd869df5373b7d86af98cf19259343a2747a055f58db1a6a4495a60d4f260dc5fbea7ffd64af480b691216014839f2871cf90bc0d220820c390387f6af78f63fe3c1c25ce2d10440e464a5790aa842d2c771b908f653d195e437f137e3d508c55edb4cc8876871ff76cc5252c3101c5a6efeff73523a0237f1935800840f7c80f453e285d2c661844d9493b793bff57aa321cc227f6ff7ed57ac865c902e785647b2149491640c3bb2bea5d96fa2eda82a3df742b35823488567c7362ef7569992969dd59bd153af47ba1ac8c214f21d34510e1a8e0f42d
1787460236.30591 fcc_derived_config RSSI spike: -42.5
  -> 255 1a0c92c3f38b18763db3023732077f313ad45b0fce0a5bf0fbc68428c9a2acd60fad85670dce93804128c46a84b877fa413c4a077cb8308045c665e54da8235c87a7b8cd9c282a3984c533b328693e784179aa8e5bb960261ee8b632ddbd7ce15021d63555c49b2bbfd71e735b9e20fb09494c0f1a85abb62745ebddc7d233866dd58293b096ab8e35035826edfc392ba5e6be0969ed90a55e2b3000ef9116f9deb2b3063e26e38cedbf081f6032467b9b2028f6c79324926039126317c9de5daeba4ccb7a21a31ec0d877c74252b041d0ef4d832723b1e8c94fe0f3a817a2ab3f1bcc6726c784d96ba6337d451c4c76e8e1da7a6ae8fa955618ad04e10150
1787460236.3061728 fcc_derived_config RSSI spike: -43.0
  -> 255 5fbb36418d69aac29df3f6e9a30920c0ebcc09306bbe641e1511fa311f5a308d62a8c198fac94c0e73ef89e614980737d519b2b90122b82f22adf336d781ea364d070aa6184925b5ca69e4c99810b16803297cc33b8fce381a0af2013fb15201f2ac6d6f0b5b2a11b3f126301f8b2bc6790d644750cff54b7fe11efe93d22e4bc4ef60f822c5c0eebeed9999252a2cc3f371a14809c507e723fd6ccc614c560c50f1fba1f4f031d6ca7097a7acb1947b7d8e815425445e2ca86e4bc0c74efe6beffa3bfccdb9ec88522c3861be2a51bf99b55ff20184cb97ea772b7e76e926dd1d7851ba6526a78ce719459f9a51d51447605230c3df6e90c94b7b919d6798
1787460236.306441 fcc_derived_config RSSI spike: -42.5
  -> 255 b4c498daa993fbc9f098ef49dab344e4b4d06e37bd607fc280890567e691c1e5a7c4b0ba13795d3ab998b2df1fb9aebfa73d7ef5751d3ff9cb84ebe4baa963c8b0055469510ca80cd2d84e301c609a967c1d8d7e9f7fe0ee7a541eff6b4343f3028b385373ea02575d9fc3c7e01b535db149cc7098d4378227e6b59b8467833959bedf5925ca923c12fc9d3acf6d921f1fedc3e4c8e05ef229e2238193fd8b90180b0cf0e7100c6e019d32567514e27a5489de19f71dac5b78a0c33a55ccfe07e72ad8fe5a11d80c0a7562c9e890cf249002ca93b5b544c8cde3463033317ef1ae4b58680e2fb4977748e70ff70a9ce5972f3f356fbf852fd989e5724bb6f7
1787460236.306666 fcc_derived_config RSSI spike: -42.5
  -> 255 b5279de3b6aa478866dc6c378d68b29d5bfca167f75fce7557ee17f67b5bdb73955c93a1c57c6bd4203339569925b7a6758bf28e6ae67ea9d9402b780c875f9a5b11ca52aa805dd27e50a891ca9b5f20bc1efcf57dfb15e58ddfcad8fad39ca02970f372e5f24cfcbc14e188d40915a1969949fef25fe6b4fe0fc316fc5c9ed250a4720a3d2c2a11f6f0020a68d3e268ff93efeab10e7d4e9c5679b098d3b8896acd1ebfb7a53cfcd41e7a67f40961e30a1bd83f3f8a094eb4a5ba5c69281008e49b6e0cfe7ac6d332d2edec68dbbf3ff87cd5dee56969fc737abef554b7a854b022ac68e4f83927ff1c6857b1b0074845b33c36b78d842437d03b2cbc47c0
1787460236.30689 fcc_derived_config RSSI spike: -42.5
  -> 255 dae38802e4409c0d63c8e26a46f7967cff0489e1528c8af54ba55ba0228fd58765a7e2445fdb4c4ebb633db30f39cdd7f2a48ec5fe88800e5ece604f97ffdff729d1019c740ba2cccde3e9ea826c3a0fc6bcae1b78ed4b3b9db006a5be147b02e5007621a854acd0e862d6d08482042566f2ef2746da8f5df941ec61147e60c0383007bf2aa117dc3f7398a0e298663f10de51f7ff6943bb72c3d856b55e28de57391d5e69c420c188959b386c7349c08d68096732f3fb7ca91c84a1d2c36bcbb3cbac0f20dd1c4acc2df3cc4f241929a5ff2f6c027f4f75e4762a8440dc642e9d456c8e31d8ab493d7a80280389e43b43c3403a2f4814d9f75f44b70285d6
1787460236.3071518 fcc_derived_config RSSI spike: -42.5
  -> 255 fb193cfb0b95c7cba34eca6c49412f473886243f6eeeb4ef974582658fb5e99e5429725b1450b814e11c8beeda17802f1a2c56eade52e46c5b094a872482d0925da1dd4e91f06e9dea2d07dc1d4731d3fa9f4fb258b5a381e184cbe74bc938f46c8015796a7131ad6ba13492dd54602380c639fa39cc1c41e7bbb2439408bd90077f03868d5a93c989311eba05cacf3372fc9bc4bbde213e5c69112d7b0aa62a1a854791cbd781bef60732f69b80303e974d5ad2ac7a6464c369d034dfeb7aa7a8788413c11809c57ca2e1fdf81b7dd054ba4f763fec5ad29d45e847abe661823e7a0d7599c8b5564fc1fc6c310241a86cb204e43d0dd0c0a902ab2c16a340
1787460236.307364 fcc_derived_config RSSI spike: -42.5
  -> 255 ae3bdcd3cdcff9652a7a224d317469e6bb9301da95727554bfc348313b2a37a14cd4e07f798a9347f86d6bb040a3654daa6fb9053b7123b7b48baec7b13f94cdad280115212fd335c01200abb864a29e4e2c6e632927c226c177f158fba63db8c21e3754f236390c2986090873e6c928003a4fd45128ca9d66624070727e93f5c2c141684a98e7ab1dcc1a149883a6296387d1f9ed46cf96fce3e878a2228e295acc301e1b0e206ec64956e45d0c4121551fc0dec3ebcee53a2bf29817bf42247e1eb62500383025f4c742d1e97cd6552bfc78fc69ad3b3a78dd951a0d8c97bf837c9ba1fcb69dea41c2c1a011696e77ac7f834424c327cdabe701b1555b53
1787460236.3075771 fcc_derived_config RSSI spike: -42.5
  -> 255 a5598154df159381cd4e59ad216caa625058d2b8dba99b7f61b915f6f2fad52f98c9f40f4b0a7cd63ed0b9640823fa11c39c97ebe7d5d93bb4b68ca8591f7a4d27e3fa13e151f4570549c2c27018b4293c822f0fad98af2a2495bacd198faef24671f8dcc04f0d3054e37108dadc8876eb783dc826bc9dca6c86fbd87adf28ac0a33f3066f628cd6a43890ba315fa455aa094070c6e57a209387acd81d905eafa8ddbfdb17eca14cd82fe250bc54f04376a1fe107d14d518341698c3446d8f45b1c1282a76f4b888b038357e04f7041df2dcc2b981eb7aec9eab769f0544129b4cf558f4952581258b4f366f059b1fbd1989de5bed31828648a97bb82eaeba
1787460236.307887 fcc_derived_config RSSI spike: -42.5
  -> 255 0dc42a47c1d8b751912240accb997471cca75c79f07b7d5ea84e04ab80c7b310fe62ae13a2c92002c0afa4cada5581edd5b8253afc1b7421cfc5014177040635e106c840f7f67f48ef0ca9996a735cac7098f3b961dc060ffcdc7f7ca48994f752f845d68afd87223d8bdec83e20dacad1a632992a453b1621ff2ed4a6d6c603975723789b26cbc2172e968009cdf2e8d71c4392a6d7d9a6ebde393d15440f6ec52140b56bd649fe085f56d6fbf6f4998990329c996686ac028eaef66f9818692446559a46cd63dbc5b7e4ce066b3206a974e4adc70ff59762aa794b856f9fa73f8d9297339ff4abdd21078ac0bd8800e62fe6c0d097adcf9e85b18b8b94ad
1787460236.3081229 fcc_derived_config RSSI spike: -43.0
  -> 255 7699ce19e828042138078f82d1e943f1b93c5f8dffb4a4ad077afcc4c1c3fce2899c0e9ac88ea05a912f37f883e45b6589fbf28f30482ea5326cd750c1d2588037b56d2f85c1b6dfca79d51d6aacccdcd824221eb3ba69d9cb83b38d1651dbcb7411a2d79912487d924bad149df05ba791616d4ccac1ebc4f9e014c4d89b76b6e89d04fc1e070c298b61174d1b56d7e01f4092cb4b47b57d110c1742bdf5d1e72d49b35fdbcd2047dcf2cead5531f9afa8eeea6df4dbfa2fdb18226e74da50a98887e52d245057047aabebe56eb397a9fcdf4685a45445b3312b89338dc8eb2bb46967fea4f9c845ceae12b9e5c28f92904688b6e51d67aa5c09575651bf05
1787460236.308361 fcc_derived_config RSSI spike: -42.5
  -> 255 b3b2ee3b70a0166c0c12e7c8369cf19611e7baea3fa0c778892394cb0673fa534845261c6902558336ec7acd8438d49b7cec283c293a9db467342197c0a951d892a0ef842f8b64510573ce56f172a2a8f35bdf06d3d57e0b30d06609558d8cd6a2d07f978f518dab46050ac508dbfebe612c2b85a09249938bd8197b6f97aaa76ea79f506eb3b1460d8c5ddae03b2249035a6903d8c3ff8ed98af3cf2c180a62fecd3c2c432e0fda60f40d38ff1ac828eb25ec85d55b84a2d4739b73079107835e417817cc6db49efba9286bc2870c669a7dbdfa8a316f88965f02a6d0799ce20bdc33aa374976eff2c0fd084607b33c664d9cf720df80367eb192f4b87af9
1787460236.3086212 fcc_derived_config RSSI spike: -43.0
  -> 255 28273113f9df25d4a49fd9952db66fde318791a49761dd7d2306d3add7041226c6a3827afa04a072c3135ac2b2ab7f2e4dbcd01fc09d9e0e70c500650ab6a47d55ed40ee626903f0003da4c599dfae3d4fda18982b2e9b9d6d848a46081e154fb92ab9bffbaf318dcc027207a2af71da6c7c43572bddb634067b751b3a95725b7916dcf630a4d8d5896cbd3d3d56b546ae3339c9c2d0226a21f39bba3d3209d65b63231873326cc1a1222b8921e1334e596ba3545d67aac4a97d00af847f8d83e57780ad4f116d2b434eb971bad7b4318df75f7540817d222670c397fb354a0f150570855790a82c2610c8c8f3dff0fbf4ca1bcc859cd722c75e2d4b8e195a
1787460236.308883 fcc_derived_config RSSI spike: -43.0
  -> 255 73b2661eee5b75b80d0479ebb7e4ee5a64b054a43a9650f6fe40bf490a8754be1e95cc02add3bdc18cc2b156c2ae1d1b3b7ebad4fefd6442d10d2d10d92f0646c7b03ea79353158e260768c79725ccfc9ae121e90c148d4e51b8881f64078395ac2909e63b0532a3c0bd8f9b1b521daf2278b8077baa533729fe97dcf5227bb245824b13b4bf88e262921e81d641a3f4d13edca1dec0dbfc9772250de1282e4cf155de863ca0cb62df124f4e002d178b888f2066bafecf80da8d4804ce13f9831b6628fec28441d39752a8225df6c5dddc29a18adc88db1e8ca86e59938da51a9e46cef859a96a9c019817117cf2f27b0e8e2a2565ec2ba31bd0017333a163
1787460236.309163 fcc_derived_config RSSI spike: -42.5
  -> 255 4d923da7f6db0ab176e8e1a60e5651133df06cb3e984960db706495e3d8e635e56299ba085850ec5ae97b5a1e0e6efd31d2e3174d8be0116d4afac8537e3aef7238dfa39ce79157be88acb895fc40f316d3f60ea55a26e8634be6ab91b385f02bc336652de903b49771262b8a188d92f466cced64e905da4d775564537fb513c9e8f2666ab8be311eb5a26cbaf989e777d080eb26c8bff2a343b34843ebe6501e842bf8d2b5e106150c27a2b8ff010b8b0f1c7518d93da215ead12e813b3c16ce6b18a633e5cf0ad277d52a32ca05a735499ec4cec2847ebd2fc611454d95c8d1c46ebf6d3f0a28d40b562a676822dae8cb50741567c6eb18b89be7d3b8e5f
1787460236.3094022 fcc_derived_config RSSI spike: -42.5
  -> 255 9da158793155d73ebd084494f017df70cf2bb5a5b75630cae0817e01cdb85ad4256dd58e1fd71e95d0ef06f4c3da015078351bec8f6a9813fe5ddc661c4cde1159ce8f68e59d20de2bab1398edb95e21dc922834bd29a6594541b44c8f4c163403ca78120abe164beb0abd86265eec12aee1831056b311248e3d7ec7182e727ade2de3767f450ef9227168703e311bc6863bd56b7ca86be8345f6031c82e5ddafd561f4f4516094534390bee9e40f7a72a4644e6008899b54782b6c282ab25441c8447248338b61a8275652dd72bcb644f6559ec9982115a04f62e784cf5617a9426e6fbf75debfa941e82d925cacdf959ffb4888bb5b0e2ce10d8e2636035
1787460236.309651 fcc_derived_config RSSI spike: -42.5
  -> 255 9f17cc99bf569358804136599df051372fbffaeba172e27ba8c913d4a17583fcb8955daac16d5c8f4438f9a8447f7325d1805bcad1238d6636b8c5652f1a6154851c1a34be75fbc1ef3eeff615f1cb5e901e3ead851237c814aa534fb1aab680e2edde118c339fe16a8efda8ce05fe24a121cbedcdffe538a2282c0e06b4a9308ef6805ae4b3c05797de885da425ae986d954a10938aac949beef875ce658f9e3965bcc75952e268f700d3205f123121886757d314fc43ac06169a909265c7febad92e55344ea279c19af72fb24f5cc7b6e7a6a4a62b6e114ca9fa1703a7a72fb34366c6913e3494276cba0249fa955e77b1180d12ecc235435e4117e4a02b
1787460236.309931 fcc_derived_config RSSI spike: -42.5
  -> 255 fc96669995c22378af900995453b2ef23addfeea3e251577aa13d69b95026819bda761de802c349935c7a5711a10e63f02dde85d2a4d362b3c196e2206bb8b22cc6b7399783424fdfc83ce329d059ce9d8ff7c1688c69b3a25960c242c1b94637f255a7376d3e31bdb0e79db04a488af94caf1f99e84fd252cf516a308b08a9131700176dd6dff5210bae0b828f7c1a1adf0fcd070fe9f2d90f747311dca0cc0822e558e149348ab9ca54e1a1cd914b7531c0ef7e6b8f5402690a042bdec6fd7858b5f9dd83f91a449e098a72f5688f8d206563e3841ae1b82c433e7ffcce9b84d52f160727b44dc36cae0d221339e8299cb04c26a0b4cb1a8eb6807f38968
1787460236.310186 fcc_derived_config RSSI spike: -42.5
  -> 255 fbe2293e3438ea63ea78f90afb321d65311b034c23879a94376f8f4dea97a7561ae9fad58a269385c2b06997ddf7f7d2c7aa2956c1dd66413f040b247ddb2cc834253feeefc0fca2d99a597ffb3dd0ddfeaa9ddea0acdcf135fd0d40e6efbf91c7716b5d09478ba389f0ec4c09310d0818cfbe06d45cbf544eeea30c21284bfab07c69df84f7289d5bae86dd2375daec8e598d16463e34eaf73844259359c4c455ed6b7d619cd78a41f364ea442147e2b2f2c24d7f0861b3a96738582b655deb2bc998fb37d5f97a6c08a8196ac99fe5d084d5a0d5908a4e34902fc7b265c56473a8ac8c957d7bb136b6ca193540d0c32014b20c6c8dcf3f9685175f183264
1787460236.3104131 fcc_derived_config RSSI spike: -42.5
  -> 255 c601b8d7b4a56580cdc60faa369348165cf8be7afa2b564f491f18e0a03f25038d068236ace437d499b82355db8c2bf2d310b720f0b4e28de0b0d7dbd5f02c6fb4c498bfdcf42984e61046dd646b74dd42244776172445aae1403140d4e9741aaff3b88b256c7af896f3b8c483546a93d397a76182b6067bba10fb560e008c939cd2eff25a859cc78cfa53d9f70b4ac1cc8aacd94ee5442dc7c0e0896237f55c5f03bc90d31069c31ddae66ab89fe70bfc4cb17459e5875263e8beea4473534ba9105fe81f2c1472b473e60e52505df46694c5ca425185819250a91a8f1f36509010ddef926c6a522392019b0a8476ae2a544d48c9b8902ff22f9e5a87de15
1787460236.310667 fcc_derived_config RSSI spike: -42.5
  -> 255 08c79de03094eafe3b0fc7f93b6e83f8d8e3833481151aefa73b4cd898fd2bdc8ebafbb9212d48177bcc51d408221ba6a48a4a3eed6e22fd0f66e15cfabc9a5043ff2e2f47f961b34b0dba60f13921b9a23b3ee5c8982b43adff1526cf61fc32d928f269d0977653a1e79cfa69a0a32db09caee21084e8b72b2010dae598905a509c8bfb2297e0faa1ffc62a00f65896049f7be50818416df3b7ca9c3abcd4e2d5bb8e77c00788e81e9b2d72680c5d79434ac1f3ec4ec9ccc459b4355fc676069f5e2f6fae6c736093958cecc88c2ab6be45949b101576b0cc2b1b38105a5f83d50b391de563b5984398b7e40defeeef8c9c3af72ab19a8a6a5c6ead285c67
1787460236.310907 fcc_derived_config RSSI spike: -42.5
  -> 255 fc7873fb2877f8810e6e90b3ce5c781c54ae3bb831b7d7b4518bdd2e07eaa78fbf81fbff18ebc8da159eeb4dd38fbe28c3f8bb921f342be0c9addf0d30ccf32e68912a75684600a7ca1689fd256b48d15792dd3533dfd2a6351e45fbb2671514a0b0769f05dc9702e6d54c60ef509ce3be415c3c462d81b15ca44be631aec38534b1c519f0616cbb0298033298985a364e09ee880045a74d6bb4de88cb5096081c5d834939246c776f4980e6fd2390ccc45f0351e5f12f35c72a6cb00cab853507bb5939e65a3d87ca94886791e8fd844f336a957117ae21103c0237fa567e56d36ee4e75240ba84904239172da2ebd71d8f3952afbe63598dc06c9fc41ac1
1787460236.311182 fcc_derived_config RSSI spike: -42.5
  -> 255 076eae74e6d0db55a59162a5cc0e4225cc95790425fa8bd93557f81dba8b111e73f9c2e3ccdf644e656adcf9da6a745e5ef8d216006d4bc9ffe436c24416f9085fb87ea6d685a7955eddd724dd53a48049fb1ba2eb56c33715fba919ec2e0eb4ec8c3a72c67395b4b2b8eddd1be0329dc3470953b9d039f39f02cdd3597a92e2d4964f3d6b5207d1c4f25aec5dbd592fcce2c3c506ada7a6a1d1ff487c4633e0b061ca2edf8fa92b3f5eb922d18de4d22a62c0fe63dc67b899d650055e96993de07cf490d1aecac83f7e2e6a2f939d965741b94341dfdd1d6861a7594307503df4e0b6d1dd91b6247ee04cd780e0a8a521d34b01db89b478737edc3e7bbbb1
1787460236.311423 fcc_derived_config RSSI spike: -43.0
  -> 255 8fedf36ed281f08ea6a0300744b9fe72d10463dd83fe359d0623ed84c016493d313383a8ed780d7712650e0985c60f0df527f802dcbe7b8ff3bd39adfce501fe65235f83a5dbbb261bf46f4596b3719a4a00cb13dbf7945fa1349c7cabd957aa05679389eaa1e8b5aedf9d7c92954ab6d12321bb967f49c2e846272716b43ba0ed022712809271a028e1323d60413fd1b1ff29b8e0b90256d4a1ecd9440d38ca2f601c20ca94ab3ad49be5e54ab859e669e8b274040d0b8752883fe43d651a805777d5075e770933e09c6c5cbe5d44ceeabb9ea8143e1c7dc8f0879681cc930ba94aa43e245b0384d69cfa5c4f6eee07f1d86876533d1f80c47f68c6810530
1787460236.3116632 fcc_derived_config RSSI spike: -42.5
  -> 255 7fc75d149b786f8a6184ef1a538de329070511fce658351941ed8713c11abf6132128367dd8c34479fdeea85a06d86100fc34c5a01d553431745effebeff4d9ea2067dac106c09fb741f9d3249335b963051655ea9670c1418550f8d6784d09c7338526e41f8f9f7a94e0e28342dd356083893b92eff72e8b3dadabb19f57f77f915fbcb0610e4385bee84b8323a50633bdb06830c928022c244b02c365087f3309c57426e3dfa34275dc18476b818644702e5728fb71adb8d492ecbc6f9616419ce9b9e18e7ac8824c0475c755a8ef3f9c033c50aadd35e058bfd1e18b2a0956722d12c9fc49034398bd99c765606c2ccb6e1bf2506c0bcc584698566a5b7
1787460236.3119009 fcc_derived_config RSSI spike: -42.5
  -> 255 c1fe28b1d86c3172f3f8beaceca54c64ac8b0595f269e5e631301b3afeacd3eaf2ffcaf67a65243772fbc8bf1279ff0d48fc94c80c8dfbc246cac9d4493f540c053ffed12e2dd4b1b5abe36a57d61a363fbdda6901b8f4b33d2a64f9daa2962fe1acee1832c631fac0a0689f9f38e508feedca1e79af920db897a8bf8110c41e7a56f37df198a2567aa6f0bc3c01cf5f870d864203be7797f6ac67a80c275a19ce872a0da811a244ba067da70ed41328a39ed9b09332312d638654a77c520c45e1d79e724a6f936c94f7594976f96e1b5014ddd73eea7837dd6a20133e109071fedf7794e015cd5699da229b7ee3592b77cc42971ead41a63d85a8260bf676
1787460236.312161 fcc_derived_config RSSI spike: -42.5
  -> 255 43835f1c14275f12e93dbbe51070ec3b3f479089ef001b146199160cde19fb16c8d9e08ba58e31de30872e40299bbb92697c265de077c7cd9b8b164ba68aebed910d54de69c6a8ff56530784c85287fed00bb51ae68b2599b4cbeab6f33e84d5c2a11b26c547edc421483165e6017efe23ec5ba2cf16b15f643fa45a9a1c8eff0edbb40eb20ecb891687187ed9978304504e262ed9a9f7a2ae9d2fdc67df22d8a92fef87c2481eda73f51a5492b0fcd979082d4a49151b29e94327f55618db61ca9c30a65a3ad0c2e04be477e594fa226a84ab7361e6c5174f063edd056fae3468d37ac37aba315da34a56840b1b83cc403b9f5f747b05f0955422cd674b53
1787460236.312379 fcc_derived_config RSSI spike: -42.5
  -> 255 73b063958cfb58cec816df82d31fb664f1c8a181a9e3416cafdbdbbf7574effbcff5082a09e6c8fb77a2c5c5fe945bc457b4cda569c5319f0316570c5e81b3a2597e350c3e2851cea618b039300acd4442c9290dcfe7c5a1a19689c18bbbe0db6b2a5d5d790d7ea7e8b4ef5d2c68fd7f70ccb2f18ce2d4aed50dec1fe083d20c6397496f4ea12332559e30c558f5f831362a2ffe5cb42860ec343899d4a699285e37477ea430813b684d05632aae54c66f169dc0c5c53769804cd4b7d540e4e6fb64f42476ed9c3b33354c7c45cb0e884c5612bafc12af0fb7d8f95b1e7b8b2be20d2a7dc3227e42cb9a712379ea1f84b0760f5b618703bb302dd3284c6fb6
1787460236.31264 fcc_derived_config RSSI spike: -43.0
  -> 255 d9ff8ad8b9d8dec1015cb5e7263811016f73548e74a87d09b9752421559254caed44a648a94ade728df2a8910412a745926fc3d366bb2c3ad3f8cda4c09e33738327404cfeba4b91e1ed4f5ab1c61d0edfd42f30eb22365cace9d8d974214b4307ccc6d8a92bb97add41b25e6e9677d2dae510de0cff5bbf2f7567db3b842f305b522e920ac099dfccdef070a2b5709f034004fca2e7a58a1b3fc6caf491394007fa9a4170596e9399f5da568e4d2d781df6140ef2ea5e095cf0073ec3e6f53e276bf117de14309b1eb1c9e97cbb5b03482930a7028d9471157e9971e46213001d42db6cd777d74dc055caf24fb8efb4eb894f048d6e22cbef51413bef9f98
1787460236.31293 fcc_derived_config RSSI spike: -42.5
  -> 255 d624cb2f7bb2086a1b8e04bafeeae11376ee08b597720569e161e3a91814cb824a02513ca9563ae6ffa6f487206dd6c929bdfc3f46d651cab7f290870e0d8c111dada22fa0b7b91a7ef54521505778b262dbfc4e8ead04ec9299271d369b10f704f24330652b30f771686b1205490fe26934c2d51307afd0c2d422977464c976b5641a315cde86f9436ea819fa617258c44c9b4f25e231e25d0f0c0edf8eb9b1f5c5a6037435ed903fdd1260b0b9a25a2124b68549e3c49ad7e98166f8fba16bf3fe87fb49f6f6c8fa37e01618b2e731240d82212d0703cdbc881fbc54c218eca7baeec6b30a029c8577bb71d0167fd8f0962adb25e82662a0cf28df4d7bee
1787460236.313171 fcc_derived_config RSSI spike: -71.5
  -> 255 ec77c9c70bf64a86e4d2e8fc5eb19a4f30128e1e9f8712b36db3078b11c4c08f331f45a89db90ea9344ed3e3ac814e057daf0e87d1f42e6f37829347f04b3d02ec7f45c41c148e026742f15d9083e2be67d31ed9f7ada9b02800e7fb2234dd0d22ada7220be607461c07248b4619697b86a7c73571032afac74106a4ed24eae1360c68f60cbc0d51489d0bb1583d04997a256e087b689e79c121db350a5122458677688b40be3943cab7fe03ccd7a6e82fd71f99352a0dd4e387d06104067f17ace600fe6022fa3802ba22f34c766d3add3a1aa696f9fefcd6e59451dcfeab823de81097aa0769fe3dd8a98bb914d9a8edcfd963ef1d9f0b613fe24b190e28
1787460236.315038 fcc_derived_config RSSI spike: -43.0
  -> 255 2aa68b45e5c2c64f3db5f6ab608e17548728a50d2a2f72564f694ae4fd2bea24bc16b8aa477ea5002d37996e5ffa3645dcf79a68b106f5adae245a1943a2afd147aea5543bc0c19b4570d1dbf1b262c60547b6b9ef1f4fc05010a5db691a45ce6d8cdca2fed6be08d8f14d7bd7d86b48e3c10ec34e959444016effac8059d1cf6c1a48667d6ff8125496ab4a2ffef1759c4f252c05d7ff91219d5b36050210ce87ad12b60f2c25bbfa6bc51ed6452c56d5bf1640f7e7b3627c0b739d13cdb9cdead84a07c2be4b889ac3027cce6648f514cfef2f0e2128fadeca182e47f9d94e5ce2acdb6b948b0599f075b16a5ec191d5bc1649c9cb163fb5c22909de7ce1
1787460236.315279 fcc_derived_config RSSI spike: -42.5
  -> 255 13d91d83f6b61ebeaff1b20dab4064d44a5ad8fb538cbfbb0b5228adfab1eb926d939d0a0e11988eae1deaed28e6f66c123acd718b0806e6fd09d923cc1dacc543214f8ec3a32796e5a23f8d956dc2873af053de3c32198e680d68f0fdcb50f5d4c42efe093bfdd3397cdb7d7dd233c37d0608ff35a7c7c5599d0c82d8aba971f8b6d3d7549c5ca1be70e20f305f28954b9e863dae9f64265db4410211db47d369d868c39744c7751511a734b87b3afdd1027c34ce3aafbc9284079dee7857762722d151412254dcb1cf2433651e90f7c39cee1e3ef10467700ce53e0e346ebf248511d49d6de675c0ed1712326496dcff2acac9d0a18919d1e1a6ef3cad5c
1787460236.315514 fcc_derived_config RSSI spike: -42.5
  -> 255 05f9234ed2c716d84878429019b0bfaa72dfcfe0857a86dbe5257e309fd6e6ab1d334fe35a79823411fc26f3c91f9c9a04feb6e6a8719a76a15f1479e27874b821bb3c87a072d5781140784f9380c11767aaf9130c1fa9c203357aec88827be8dbb3f487b9fe59fc637ae63001070d37d0d2d6f60e8873700ce7c130a79fddfe0fa647ff1197d5ef9bdfb34464af68aaa7534e415c7d21ed98ec8ce6d6029e66379ae83e66f3cc36bdccde9e155dae052fd5e43ba838d30bd24f97b0bd01277d37ac84e66f873ee233f19157f01002156af403d53df409fe1bb891a53e85a0c36b04f979fabc78e96c2d2a307deb5e48a5c867ffa59fb50e1f51e909eb1a75
1787460236.315778 fcc_derived_config RSSI spike: -43.0
  -> 255 b6491504ccb0124d1d5eed3684654707b5f1787488de6b0a412fe53fa47f2ff34d4f235e8cef26ced8fc60d7b46b382c36fc38ce860ac4153fc0fe5f23b5ad3f76861f6b48e67017091452c77ba0251614f628ce404872e063034186d42c3b3bde6aea5a608834e085098b909d9c183a64242b71859505c291e434088d3d0f9fc273684f318157d056dbdf29a76972b1d19c57a79f3cc57df8bd8d93fa86f387698e814c16bdda9f4a52033acf79165ff1059624e04c7d936eaaf7619ad63fc33c941b2c46ae49d53ffe76309a2fa5a79f5d2ac389468613a42fe8e06fea42beca172cc2b3187e90f9e88fd7fd1e7c71cf3ed87a504e94556ceefd81f7f202
1787460236.316043 fcc_derived_config RSSI spike: -43.0
  -> 255 e5e094e8edc82bb0fd90be317eaffbcf09ebc15f24dabac0d9dc66439f1a3dcff596e42495c182b8a3fcf14405c3e1521f72ac2c506d6d8a6c931dd38fc3cbae7d31c3cdbf9ca61da23c86cc0d5b2437c6e04b5a41192995a3920cce19e793a096106934e14cf12942e5fe6cc745f7a144ac9a00950dd7d37d5b1ff1db436c339567bd65a6d74952cba20f60389112c1e9b143a4d54b9dbd1366d1314059ac7de3074df0e4d622b760b51e15181c61485b7c5a49b524db6ad094d16bb3882785b68704d7e03005d7367667509e75e93c6365eb20d9b189a23ba577eb21f3c3a5bcdee9ba4b9d2bdddaedacad5f0f269bc046436d8f4c47e26d61c6e9aaf03e
1787460236.316268 fcc_derived_config RSSI spike: -42.5
  -> 255 ee86d169a795fece1abc1ab8f24e46accfd7c73b5d14a1fb8ec7e353a5c90040fb9b4e660f38d3ee31d298001577518f1ce6ba812024f21bec0af0ffb2591b94e6e2552436fbfd29e696fa3538cebe9ed3560b3ae1edae1f296c2fb05d118c0197f088ecec8992bbd41b9faed2e6cff5679255cb73f1b274fb78ef44c022cae96b6b37e21efc1942edea5ab9c1fec2b484c1c0d98b5af8a726354e9b6098c4a3428e377d7e2bb3d25571ee003c9ac334dece7c16545a5fc5ec4ea58c8df5b535f659933cacc640b95cc1b2176edc993a8ec944f038b9e81957a83de0382afdbc1cdc9328d2f681e38536ecba493d3cee9697eab7dec761ff49b03313fd92ce
1787460236.31649 fcc_derived_config RSSI spike: -42.5
  -> 255 4cd9113e0a0468e404a3300cd806265318eab83498b12ef8401fb55358f907a663164fe5428352a76dc2e77e5183706c5d94b3a6470813d22f97e8cd7dfbef26c6a834e2f004b4a0eba5ffd8a6407bf1d4e539a71ece8548ffc0b224136e2de54e2a7b7607600c7cd28ddd06d73cc1ece89993e04490306387cde32b12199bdbe4b4fda7dd363c71340eebd3930217e26628e8ff7c32e69b67ac96d997519dc7f9b7064d5acb6f3dde0ca75f661642f449016b799051358d3a948b0292afa95d182c2eba0a61216a34e29c7d504f4ff093311e6013927432dada487706011f89098b7bfd1fd412a4ebb7ef6f2c62746a0234a38f6372065f8e5032f2de591e
1787460236.316749 fcc_derived_config RSSI spike: -42.5
  -> 255 0c3cf7117cdcc80a262b2d9bb961aae85c34ef55e185e1855437452d80bb3f582a8b0f7b4c5f4c7511980a263b230828322bed2f3dd6af23f7d5fdb71080c7ce9a186dbdd46b178886e7aef0868cad91c20c270f26eee8d9b09cf5e4dd8f714ef44191c666a04a8d8b037ad2e04ecf5b9c3b0d40cfd4075b31c04b1b6375db7062c5645bde4de991ad6e19eb6f2945edda0032c5535d5779e77344945b7adf5fefde7bab2029789592cac916cf9e567388e4e17edb61560ffee53c5fe3233f3c1dbc7ce7f519fa0471aa6d2708468abff3a8a5a5044dec84577bf279bf9d19b9c4b8d430173f0b816bb764879d8351134e72707ddb8adde8575ca3b06c6f94
1787460236.3170078 fcc_derived_config RSSI spike: -42.5
  -> 255 927bbd779182b55fc204f091af5a5507579cb948b33b7fb3a13d8d7aae51b6689effca462d8493d01e78568cc0d0b16d0c49a77f713389c8afb8c61edd49f73d0dc681a6da83806c5c74d249b267a5a2f98e2f35db0f8a9b83fca51cb8be4147eb60bc68d697851275e3f0fc1bafb7f37c69c622d09c0e37376c60790a39d2fb81c8e5b92948d882f704646839de02598b23cc9614fa1008daff2e4ebc8df323804b9d005c917d3763c31c0b65a1c5525db42000e68e31aa67abc1dbd979d093e2c60a3bf13f177d1e94b32e62961818f77849cfb6932b5103984def8b768ac30cd5244cbf11a18e57a26d85e6292c3718dcd6e9d9be9422f3af769fe44d35
1787460236.317271 fcc_derived_config RSSI spike: -42.5
  -> 255 6c930c1d1e1a2ba5e84a1fba281625d00440c5ca07e23dc8f88ac6203dc19312b921da0e5865ed98d068a14082caee3419d7acff641c991a9a0e5802b849f77b8145b657ce0d12283095e1bdd245e344aa7d0c73482e129cfefe9846214bfc26b7ed9277bc90e0989fd8683893bf69d932dce09184288e888ecdf48965e684a9f0b5e98c5596995461de96ce5edc645b5f26a376d780f1763bafb8ff6345cce338acdc7b924fc2039a7dc12d1680006117fac370067ba2bbe49d46fa24908d51f6bb248d99cf92a069339d4c9d5277255e5645fba63cce59debb01789be0b4329580098556580058a6e58578a782c65903bf778e9430fa460011407f3423dd
1787460236.317508 fcc_derived_config RSSI spike: -42.5
  -> 255 1bd093cd9c7e240201ce339df7f2399cb8265a3081d2f2434057866d5f941ec69e415b4413619bccbd218691ce570e76a43814bfccd2a189c1661810178eb90d1af79fa29b816579f7f5ac271871341a6c5dc65de25b4f0e1d96f47b2088d2ab1df349ecbb668f42202931ea818b5366ad9db1bea33d742951b74b8f87da7f60aa3a3d00bf398080e89854d5608e5e0a906a1e616ddc4291d36718cd1a6f815696d5f903809e0d1ec297b0aafaac4fb11c80ad980dc6b69bf006b11b7f94552f32c751a5e39aee40bfe644e5abe48e48a686ce8fdda6bb848fd30637827b9a90ae518540c5d8688bbe1b513a2738671ff8fb990a56fbefe75d23a26e0c0490
1787460236.317764 fcc_derived_config RSSI spike: -42.5
  -> 255 4f764ba185ccfad0f903cc761bdec23c9a51df1245154141f387ccb09aea3eca168ad3e1902bc54013aaf5ba162199cfa8a2341106e2f3bf483f9d80a8648ada79554a0be8acb03fef0e276cc0c48c78bdc8dfdefcbc44cd6b4fad76fb843fa97a70a0e2f709c8230640137376d59996bd341385531cae6d2996e7c0f21c4802e4afd3eb27b644ad985b3dc0ad16c9f56d5aaaeb3c78164801dcd671a340a949e29d47f80e07b3a7498e3afb5276c760cdc5534560331e28a992f16760bd49a305c6ce47e083bbdd04d8218377d354b41d9be1d04e40ee2f9c842a101a0d907eada01add05f1502a7b3bd011674b076931400af75cb9d993c251fd707e4c7a
1787460236.318026 fcc_derived_config RSSI spike: -42.5
  -> 255 52d8515b381fd25d1f34f7afa0efed02d492e2005d1dd0e14074d6c803a6a6c5b1576542af52e1ced2e9549629aa934de20cfe9adea38593baec63a408c41077a1d6dd0b155abe2778578287f7590fb955f32edc1b7d56e19fa6a511e7d7050873a07d4b46f005d21591bef805dbc8ae5e6c42349020a97143b75346e0e160838218a2f4e6a3c94cba0c30dc4ed449e3943eda7caa4efc63a34ba6277f453c7328b4e2ce2065b357790164a3d045eb0e68c17c72d4563b0d311d15dd6aafbfd4ac2f53d23667844804ba5e7b6662e8858f32544a63eb860b7c9e822715e0c1f770daed7c4318d8feec01d94833898d381fe372af10ef0e79ac2a2b35b664aa
1787460236.318301 fcc_derived_config RSSI spike: -43.0
  -> 255 b98d84bde35e46ad4f31648d501f9f0e18c8a0771e0029bd6fc80cf042be2410cec756ff6afcdc873425134b43b57350d04f3d3367aea9043b00df9751a8742158af1e543d0ee343928ea0c7673e8fa28d5a23a987df39beb4696f520be87d2ffed197de1b4f4cf6f3da65818c57bb74f7989a5d77b733c96926f0b3ba0bac5e343a3957f12f89e93ccbd0f02818c3b11a66b58e9e2085e77da2a76f09bbcec00e9baf7c0d43b09f5f5071816680aa135d06bfada1017e563d9239b5b475b1bf3ca9fc84cfa7272b1ce19ba055f3d8e27ab43183cfd25e1cbd6f3959514d646d93e0bc74762cd5117289ea4e806c54a265cd616edcea64f6673f2eb1f6f47e
1787460236.318542 fcc_derived_config RSSI spike: -42.5
  -> 255 71a06d71e288a1f7468ca5a601b5737b68fee49e0621eabb133d6ae1cae1466b0a62ff4eec1fb51ce35c82e2ade6c01bb1440540afb5c17d801992972535af04b4e2e2bdde49ffd91287f770193d89972e7b3a577b99155e0f96f468a972b5e369b30ad665e3c5526f310ad9d69c19297d642721cb6ae4dc46a2ddb8cb1faf5d25a77cc03794baf5349f51fb4d32382068613e16ef497dcd35055f5c0ed0e32ba00895a8743398467bc8fa528bae0b2fb4b105a7d87ce984eeb3bcd60c8fe2093a50b1bcbf6ea7df1de894884e9e425e966c0852d5a44685e69ff2717eec04cb64f4d99cb08b9e3efd178a978a08d97f8ccc52cd65e2c12d7d03232c4e08a8
1787460236.318777 fcc_derived_config RSSI spike: -42.5
  -> 255 b108a8b79e8377821be808708e9c862786c44ea471b4687a7bb7e384f556dda9d9fa50594232d1951b8b5e37dccefda1ae2107fe3c8efce95a4b3a98b0181140da0c4d8b037f6ee6f86277da0b23eb33fd5111f1af633f4040feaa3ae6c6107cf2282905324aa590592c52dce01b7dfc60d2dc55025638de4f48fed0ccd859829715d406c8de0d0d86d10a3a945100ea8b5d9c9abad6e9e2b8c608d0497ef808fdc853a76478aeabc21388c2f45fcb08dbc2e699a7e416df8f9da418cbef335dd7040ff501b78fc004b65029a3b54bdb47670637c2ae7df43e8ae0f83fab671f2dd0947f15c33f078a2f8c6bc1b51fdfd75e45afaab97afaa00c4e5a8f8fbf
1787460236.319031 fcc_derived_config RSSI spike: -42.5
  -> 255 8f5beda1519ec7f007a378928e41aaac7d52f8f08d8f38b4b20a0de7117cf14073d2e6989f9749d51722812b2e0f03e0ceb8859f179c0e9afa90f88cfa847884c886a806c9a66e6710a37f7e901b1af2214db4b77e39c11584d8db0f2367beaf5f2ec0ca4ab55637c5f458ec04faa8b9d5906b4063f2798431e11c71f19293b6fe8f558b8eb293f661257fb7b875fa81b5d028a9e17b55a51f04e98146386005a1155782b802985d872fc452515131b1a5933fa6d1481642022a1ce430819fd8af37f8c5f59a1cefb99d28d8ec00b638a716545c17ef1b7ba6d272a5e478b7c4a7e863b9b50a9f567c0fc009c19abebcc9505bf46f6b47fa0886b8310c6b29
1787460236.319298 fcc_derived_config RSSI spike: -43.0
  -> 255 c9435f4217377454e5e087e23c38e10a8698a3ce542b59532b0d81629516f4b504f6042b8f9696ea950e9f9c3f3d5296b047481d1d26bc2e109ccadd56bd3862484629723d3b6badaead5e89a3b1b63caea528da7ec11cb994c3bdfe5409ee81ed54518544c1f812a743d3c50ae77bd72b68304be6dd4bef975838cb478399fa898de284926952143956f93bd076470c61c2aa47a50e42159153eab178df9ea29b7c0bf124e6323ad343b538c307aa6c57b67335a565f55245750facd4600c18a4d8892f164228c14b71608ba7813d59e248f5f71a5ae68c50b459076a2984b38c162f069819afa23282343da1e677e6a5eda02f7e6469f151ff022fd77f9f
1787460236.319563 fcc_derived_config RSSI spike: -42.5
  -> 255 81298648282873bf7cae4e7ab03186cfa0f3c050a00c36ff87f4553e1992a40fda9a3e2994f68bc798e57e4216819b397021a3a4d66d92e33d8a299ca2a6d12fe31355bb044209822568d97b0f780ac1e8c390774847e015cd448092730a07191affec9df3b5fa859f505f65f7b3e9a7a4ef66d092fcc118a1cf8772e7d55da932b6474080038bc99440c839123e0533bf1999a5697a71366c35a461a3b6f48b1756f33cc8e07360a64dbd7053b7ac2668530002b52c5b87f8559c5af96f5aabb2ab92ff8cac8fb36d79b43a51fcd55d88c1bdcae5750997a790cbac0f4ab493af427567c5d6074245f83ce15aa44fedd750bec132d888a5087de22853ee77
1787460236.319796 fcc_derived_config RSSI spike: -42.5
  -> 255 3ca9d322defe51418dbd5dabdd65e191af50620c6bd1f59611b9363066438629a28027b84c757f06a5e16ca2090fdaebc6e7ee12b8de0ce475e196dfb4bb389d994fe8fc767430fffccdb496721c400fe11ef19b5341dc0582f3808dcf4bc11f76678e119d6fe4228e7fb9d4cf4f5154d6263afad9236f9a838fec98e4dadff21191fa26959c63ffacc8493696b856be25e02342d8c88622e44deba1d7d73d7b2c3fba662630c5db87d1a9bb5a83288abaae78cda254751853165537887c22846fdf11a273c187f5b56072a262e96734d781daf6ba14eabfae3694335218d8db1398b981ebccc7edc77592744473c0b191a466af55dd10101e479af97f2214
1787460236.3200371 fcc_derived_config RSSI spike: -43.0
  -> 255 666160a7f9b2f874b6048d3f540ef03a36783f3cec2f8d569401cbeac06901121af8f51fd478e8c756bc84abfad132b2f22390611a8345c4a609066d96fffeb93815ed688ff3c534fd8e544baf51300bb03be32cd017e3c688fa43d0f1b703f66aef9bf9cde066075228cea5df0f6353a6eafe5f65022e2e9f15300b6ae0086cbe37f48f5c218513a7c9ba7d65aa4167e837dc163bb6f15da00f15dd3b2c34bb60f13d444cf7c6b248993af58f37ba3bb46921ac0566949835424e8d2a0ef2299fabc64c849d6d7bddb9cffe4162e466c810e789eb63d3d03e191b1051e0c908d3bcadcd811f48851d8d4545d32bde65d54e4cc4acf459b83c5a5dceec7b33
1787460236.3202639 fcc_derived_config RSSI spike: -42.5
  -> 255 4c939ee159c74ecdce38c19c76e3651bcb77a76ba41814a6d4c38651d804b4f060633c9ed7504aa77cc4f33614d3f69b5a72b46bcdd83a25df4d6f32d2c576943c2cb70edb4d7f36be2e10915b21049f97aa986e3d4648e0a96f287f6443d3290a5f56492f1fc565b696a7448e06c267a4013e6187958b8deb14a717b2a3164b576fc7a682eac43e456f975bc281de4948bb9e58a022aac634feac73c9e3107fed21d39c85b644bdc9219a5f463825e49bf0b07389803f7caf5702f3368344b4241f3ff6108b7a1cc650c4c531dd11e1d68b1b4305eecf7d344a3c4171252ce54df89f26b00046818695f6f11761fae8a09cd0621f52d1249b322072465765
1787460236.320502 fcc_derived_config RSSI spike: -42.5
  -> 255 608c266919b894b68e604f0688caa9fa6150c433b0c8501b743cec3dc7e54113071c8c00317f8ec74eebf4ad872aab8e7b9bd204e717ad1bedc8308ff096920f03dd517edf82f8540fbdf37eae0ab3ce4ee1b15dd2d0e8511dc3feb5e8bda175727f8384c77cc7c77e9e4bda65504ee4f40e2bfe490016df4b576d2d3d3a80a11d0de85ba2505bc9b9d4f2aff4123870b03cf1e1e3e89aeb67a070db9e7fff80d0c8d894049805c1851d9996f5e6fdb14c3168e66f2a11683b80a569449c5671e33bac604077d76f4836aba2cbf298cbed6fc139daa2e98b1c192d29373f195b159ec48eadb24981f82fefd6ed2dddf196871a18e8ab9e257ee2a64f7fb6a0
1787460236.320825 fcc_derived_config RSSI spike: -42.5
  -> 255 b805d1b362eabb98089389da2bd6c3f77bfc1e6c39b50bd245c0cc707eba111d35c9afd1be9a5a5d0fb84c0ea5bb5574b706dc0e7fc0d91baa761dca45d0da709459945f1a417bb3f86f2e20c4aea87710c1a09d2f43db19c455467fff5409b4164f0644c59f0e5c8637d8b843ffd1361dd022a0ed5ec3e1e90d4c868170f13cf0cd3088f924148b836e1abe7dd215ce650ea9480a3ebe526c9bad1d986836356ab6f56758ac440cd36001baec848353d33f75d6ea71c7fcea8e4d58333ddce1c0e40e158c10f2556f39608a6764f0f97cb674f061842649fc6ccb4eb076de1cb2c166b500aa18bb31143c515055e8a4b14c8e531565f8956c8274019ebe03
1787460236.321072 fcc_derived_config RSSI spike: -42.5
  -> 255 7cfe5422fc9efb1e8d033b3850a3f3ddb696fe0f174da523ee813d669dc91ee79363c50b8eb64cb787844135b5d814628e1d9cb050e366de4b250eb7c89fd0c44cd4b5ed855a071fc8bc7936f60e7c3764acd71ca191945c5ca44e7f4bf2cd5a27e7aadb214d606ba95ec42ec80b7cbca5346e0c289a53027f562c67b08edbfbd15ca4671338e0307a41c8f225fecc8dffbdfc5c2be8b039cb50a68397a0523c0647907d1641782f105ed8c780e3cf473524499a01fcad6f01e534381c662423f74697acf05654dfa504173bcf22dc1265d67373d37ccceda9e1cccacb1e0ad496a18dead98f96ef511a8011c4cb50b6bea15eb8f0411afe227dd001f6d1d7
1787460236.3213298 fcc_derived_config RSSI spike: -43.0
  -> 255 95dac466e324616e955ba9d05bd273d3552913e0da4bbe8f9ea3d3cb150386438f07466e96c0d7d709bb04c19f318c371301c3847e20ff6974c0b301c9356026de45b5c8b41533be0c6df7fe8bcac87bf3055751eecac1902ed4af741ec48683521b21c34e80d6c7bd544860f2280cb052e57966f24e8fdb64e56b8af85e0f64e720286cc27cb13e8cbdfe04a7564c2157fa5def78ae1d09a6e5a08eb951d57e9509985e0a48c90d3dc1316ccfa22ead7b3883c077feb247d6ef5b0883895fd38464eaed19e774904ca222643798dbc3d007c8465ec7f53ec25b481b69669c8de9a5248580adfe2b3972dee7575f2c0c51aa77affc1e2841416161bd74ab45
1787460236.3216121 fcc_derived_config RSSI spike: -42.5
  -> 255 77707dd5aa666fbb9a31b14a017b10206d7228e459a669d708fcdf2ed2c308269b663ac5a4b4cbf1d3921d2b19b6a184d1cbb31801a588056665aaa03414ba926a0ccf58782872991e3cd86feae320ce8828bc1bddd558c8e37edd0d4a6a2d2afbf2e0ba1c7f940cba772a0d090c5f0d8e5ad702db27c1456aa824590a7eea3510dcd97e0b830bed5922b9f252c6a148f2af82b2b3154c07cce0993770d3b731dddd0ba8edadc87b65491cc3dc3a179cb51323cfc27d459f62862924460b0e73b49c917eeb1505192e0ab3775eaf22a6173c55ac80799b4c269c36a9f1d3be3ca87c8ee2b3cb776c8004b75bc69fdc6196e1bec68c8a15ded9e8a093782d9a
1787460236.383859 fcc_derived_config RSSI spike: -46.5
  -> 255 e0835bc7307244c05623829bd66598423cf4098fd5094e1df676c3da841065fc97738bbada6911527de18306bf8890e97ce35d73baebb23a344fd8fdba6f0da06d4372a31391057ce80bfcf0dc9a1405a09f09ca05cee8a1edd32e69235941f566e8a43c6c07cf3a7e1cc7bf50c5e67ba935a27fd0f25b761dea974af5bf909c77d58f2b8bbc1dd56b2ee8992d8f9fde311ebbdb2ac25b140b282dc3b5e16d5e75e5460c71b5f27b86f20d205b732aecd9fc9652580f2cde4ff480c00fe6d76b5c8995a30e158f4e918df134fee273a9a128dad30619e49904c2e691471dfd267b25d86ff6ceef3a49d014189a7b8cc6a95a7dc6426edd84d12e23e3ca3cb2
1787460236.384119 fcc_derived_config RSSI spike: -42.5
  -> 255 3c7b691573bc8d3de65eb6d414eeef2d4b0fb499044ff96b12f28921b1246951938247a4b71a35fac699046cc3ff9c3fcd6876318b667b54e876f0da0880f1af4a117835847dbb6417a73cf157d9a3a77a22449a5d6794b5d973a02770d785ebd2d38eebd105af07dc88d5f8b7f4c8a179289e7722a089370657e1d121b35209da7fb5219ddd34fbd05b93af65d265b82bdbf41b15642a41f858c1f479f3889927c828e7fe8915b8e283c7c3b94cb7ecd4e333f703daebe0f7428f0c1a98f4e75d0df9a305c2c890a43a2bbaac40761ff37cc8e255817d424efbdd6294938b74d57c447c5c75980596b80ff5d166cb2665eb0d7e95cc34c439775086dd5e81
1787460236.384416 fcc_derived_config RSSI spike: -42.5
  -> 255 7bf32db34183b161360cab0c2358c070d7cb1e87341d7fbd78d8dba5777759c5fa53d124da71455fe8e89bde89e2564afcbee1d851c3e0727be4ddfb94d9b258f7040943004e8b53def569d28f844fa0d171bb8c805ac41fecbd0dadf81d5bcd2a0e6a50c18c2c0fd9e91ce7773edf39e920dbe3963be8e6dd087d7d57a7ed404e80c134aa568e8641d62e35496f3d294dbe4a550025d3f5b5813700cf3e227e0c01fe8bf72e46881f55a5d753d99ffd6384b5b06c783903ccb11f6f65facd99f143d53bcad1364c3335ab076540a36cb9bab2751859f71f53436e5b16343a6676d5b911b15aac60659d22cff6c86a356b3401e47e99235e81161daa163d1f
1787460236.384646 fcc_derived_config RSSI spike: -42.5
  -> 255 97ea815aac77feeab01ad77759d029911fa53ae6a2761727da323ef7bfef6b55e451be98363cf3d2cecf373fced7513c726e811ec093d86da1a365e009a3317a99d89f8e92aac36d5e6361859e490059ecd947262c45807b0dae1b1f12cfbbc2f0d8f7005443d766ade9ec9389b0058ea2e9053c2e276bd5607604367ae2190ba37e80b724b675cf913e87f63ef709a4bd2347aa64714e7eacddf39bee3d1a6e2a99826a800faf18bd802e5da9f9e74edd00ea3e0da2d1149f192bf637f6110ebf5509467f286afa3f41c1bc365e60725ed0b863cf83207b504c29a065b435e158b809b6af2a484615217658ec37ea29d6a0813853a3f4e5ec30d1fbeedceb
1787460236.384897 fcc_derived_config RSSI spike: -43.0
  -> 255 e2c7dd8cbd861273a58238b581f9374bf2b2d8577d4cc090ca0046fbe3b3d663874f89cc361e389e9dca7bd0d353e83e494a101ccfc0b39337247598cff7710343fc201bb06b843dbe7561183b1a2b4aee67ba3b253844eb0a16090df3003fe611173cd64f7d0ca107e36ea418280ca0e8b4fff5e1c5c1fd0c4cd3615c8d31108e782ed750bb9e34e7c50ae90567fa5e78cad1180fb661fe15b8ca0310808e84f85b5bee1b61a061f70f22bc521e20208bbf57e302aa50b27225ca34c2ae6586d8b6cc77481771e83863049ac070a3b7536da40c4d103dc8b1bf374bb2786d3753e1ef5134bb9223061d62ae8b9a1d2043858dab28b07af085973e24bc47c4
1787460236.38514 fcc_derived_config RSSI spike: -43.0
  -> 255 2150e1debb9e13a3c96583dad7b82c26fdb214fb7a1efb2ce378a2c323de8a2b8555b7ff52b3e06cbf5f0d487bde94241a8ceeb868bd427306d789283a1c3ab26d5b301b6b0d3454d3610789b077c90c5dd0ed53b66ff1c9ac463632aed7585e6aba9522702a9d52db517283313a7717e39cf5e56baf0c67d76d7598ac8850d58c90f7933d607e9b2d0b1230385f2f2fa3dfb37566d234bfafa41987e5d9ffc46f0cdc66e5e0309718a488fda408adddeed3bfb19efa70b3c1a441ffe09a4df25572e81797e5679519658c99f13954f18f460b35680dd6a35b2e2f50f23529bd9033018ba92060ad646417cee3192e879c192efa3253ab7a07b7bd7ea4da0f
1787460236.3853838 fcc_derived_config RSSI spike: -43.5
  -> 255 50affee9c9a36e4e3183b6f568098cbea42b290ec59c896c6915be5bd68a3c0b4d1526f3c18bea465d1ba0310c139f3154a19235c30aa53e6d22c10e430b95c6de952410c37ba948fb3afb30e13ff4816c9807325030370dc04a17ef90612f109bda4ae11996b8fbe45ad2df51d22c3ad35e60eff598b01fd60b00aec3e25fe6df48c888a17f5a7377edd5723d061f8f268800b22ffc4be9621e5836545a48dd79c50c80c87cb451a4a28c554f9dbd36fcd2c12b20ba66dafafb8990c9ecacb9cb0083b3952612de227f89fdade78b36b89e5ddca292ede81be26d8938c736f97f4b2bf64b7c3495f6af7855a5f6f9e62c70a7311818cb88d13479eab23dba
1787460236.385639 fcc_derived_config RSSI spike: -43.0
  -> 255 078aa6d95ad9e3da3e8b5ab1af841d01e1c4c6474d069a10641c780eb1cd70a3f1f94bc308f072ee45c1790f227b734ec684d0e69f8053301d130d9f461df635e503989214505c680d8d8fbffdaae6fd8fd41b942958002a7b63dfc8eaa50685423037af86c8aa475a9347fd8ddd387733e69449b78ce4301d0efb2adca4494b143f9aebf5a503d1a0294fa9a20be169cff3564cb2124d38decaad823eba85da018357ba4d6ef3788c81f37450d8cfec09b7606cefefe84ededec96db763cca6df02b39faebdf7952b56fd2091b96afac0c5dd807761ccd24bf90c76e7ec3177729c5789478bf0ecf56a0d7245361af0208738d13708282f610099cb2ec048
1787460236.3859048 fcc_derived_config RSSI spike: -43.0
  -> 255 777f1a70e3a9728b19140337635f443664cfe7f374a6026915eecd195f46e5763b2980ceae65a34c8f94e63b1247fc0b2e9dd7ffbd74bb70989178f68f78565beadffcba0cf980538293afd3e39eff60ed93fe6825549287d107eb20ae202ff10c6a01c95e46273c173514bdc94d259633486cac0a0aaafd14b8f316531f9d0ab047068ed26bdefd5995d70ee49006c611df1ac3526315f9828a9304a4e07f6527bf41e43f00eb600ca6c50105a657bfca4597696fe1f11a1ce9b166ad794ff450deacfd51f486e4ab46dbdcbf60f13fc0f59bf1b22a3fc53f277dd19de4e86fd344f95bd51263286ca4dd2ba156d29dc8c223fea847f8449b6859bc5b8d41
1787460236.386164 fcc_derived_config RSSI spike: -43.0
  -> 255 8b12d8ed4315f1f6ab4322504a45609c2e1e2e4458a16ca74e2877642bb19cfbeb73d7bafb0f5b6a91261bcbffa08e64a68575b1ec161f0edd8d63d758906f770591ee9945e0693d8c5d0276f72d5ee8bf3fa92a5a7b4c44f00b244651566517331af5732e6e5690425fe5f033ddd127eb50a41b0f1e9e85a630e9197f72274aeac8d4096df689d48cb425505f37e873b2d8edfe3db5897b3c0039fcf2e8567dc9cfe9679477c0fe1c87c2e124dcce21a472b7cbddd02dc198ea46ce2266a65856516c4ff3df93ea9348550c05f1da4d042a1f2057c944dfe879d11bf252accfc9d80d4b358ed25099b49d8a926acdadb4322eefac1777335ff82c245f4472
1787460236.3864052 fcc_derived_config RSSI spike: -43.0
  -> 255 9a60d3cc6b7f26b388def16843d4627c3b2a162bbc37f77f135046478969af8ce0a6b259094f85bccbece45beccf7588842b526e3d46c6ba7c1dbaa819f05a058f2d7735ab0be12042879bda9bcd52c267b9359882c6393a75e7fc0650c82de96fef2f1350ed080623098400509a93c2c4927fa8f959d75faec5bd94fab3c3c76aa66f771d0aa4fe8daddd8ec5f88927014469f4886ff929f15dc5fd9aa3c4f306c1d40fe65592f478e93afb6f9391ef342f9eb0755f9863193fe79da74afd42271c99dec42c8e9d6ebb6fa142c492bed31df681ac7ed34b8b485a540d52660d69c7fe22fb0628ad528d87b294c6f351675bc2db801418833e1495d62e1afe
1787460236.3866482 fcc_derived_config RSSI spike: -43.0
  -> 255 b7206f72b148a25b4dac05a8d41f97d7666436e096e5193f5aff2798278fdd342dee7af674fc3786b5351fc54897cd71438eadf2494ffbb527c821a90111ff68fa21bbbb8e7c7378f59031235b89151f1090851c3479ea6e695ce86e742141041bfce310fbdc277066b009dc9ef5b6a40bc8361c10acd45ba9f9f2528e0ae40468cfbfd8fa64843e5bde860e68d879655aad21e5470e2f59434b6778c55aa057726684357c25c0017cb6baef11d7f3ba73624c4a3f4e77f49bf4d0e698206511d16a4175ea3ab0d4439626bfcf4a01f6c23c32a27576904b4a0a8ede495d82247d09fc1207b71fa3b264a1495d1a7d791bf574e2ae6f067d6443acf45c7beb
1787460236.38691 fcc_derived_config RSSI spike: -43.0
  -> 255 fc0f40942cbd359787427d07e7d8418057f4d0477895736fd1993067855bbb4c8ba870a32028fadaca5fa5ed11785ff6fc3f8a4a1f0492ad1353befd849262c2e367af189f6ca96f9cff06ab45188126f10bb7ee68c7462e1e5cfda5021a26ce69479e6c9188104ee93199ef6ac6748b97b3f041eee3b937f19e4bdf02764ce99957e5efce9482e1e3f7122ee392aaea15ef98f1a53f3d85896b60f2b1de43a0540cc6c6a93d73f42f32e26fa019c51e1f2cfc9422b42346e9d605aab040c1a6550925c8cb49c3bd810581f7b015ae18a726139d20e7057978e92f02388b84494999a95ec9752ca432bf3d78cf3609f9deb7d03057e88f81c3a1c17d2cfe13
1787460236.3871932 fcc_derived_config RSSI spike: -43.0
  -> 255 07c003c4d6878bfdbc9b9a1c3e2018ec67f4933b2b44fe85bd213c02c18c9ad00b9e94b62bc428e19c5efe0f81dbb6b187e78a0dd881267c8385175d14de31f508eb42959b33889e0b2039c3e1dccdea8c6056b49c2f30fd99dee3f948675f101f0414ecb769c3c9cf53ddc673c1199a70663082a584acd84fca8ceffaf0c9651e9945cdc59aa666ef18493e983e6918284ceb1dcfaee30aa6b67be741dd72ef40f54da3bdf27defd316e25111359d78d06dc51705e50965554d641f6cf1b5fad82fe42983f99f3f3ccb715c6912df353c8326e83dabb976d545a476984a5cc34b4632bf3995e4f03ec73d01a68c80af1173bf642e7bfc43881e0a7b462600
1787460236.387456 fcc_derived_config RSSI spike: -43.0
  -> 255 cd168cd98b7d8393f6f857e1e3675025f922df0dc9426979ed56a63f5102c4168cc9f01299f2ad38b085c8d0c6d1f607c372206fbe6dc4c6d8fb58da8d0d9e525a48c1e4920b8ce9fa7aa44f24d9a608fea7e374191a2a85179668601f680a610e73c76d76b64bb879429e7ce4f3b957a3ccb2898ca7bd740e3916cf53508d501c3f282f0c75de752bbb112ab67ad006108048ea69865a76d4abd49a360d302bf2b3e5a07802965fbd938e4661a0d5c6f13125df1b624b493081b2c09df5971e1f234e8cf8dc0b862dc88d60b6168105f5b61fd3823ace922ad0efd58f2a473d00daf2c5ecb9aeaea06e5bf7a07595808bad1ef1fa6f078f99b5fd8608b4e1
1787460236.387756 fcc_derived_config RSSI spike: -43.0
  -> 255 7cb5f090b6de9d831780b8cc58ab5d25e161c7e78addbec79e9ad4b76f611b6757277c157f7b0b99ede240e545a8a2051a0a92ab5ac92442ebeb1698b5616eceefd2edb286a72b9cb49a6d5b0f42a26e9957afab903637279f1eb22a7ad23d62e8093a96ef166268fdff8dd06cac548ac2762ca968fc83cf29d89751c838aa0def34fa13973797bbbdcba7dba2e8d2b96ae7e1462164202cd18b05631953794a977f4cc93ad8b5debc5198af352bfe5d7cf385f3b6f67a7c1b1e2aada3d594abfedcc91bd9590905cc8e7c0c80d2525b5cebb2e1a7592e13e522a5bee676f60e61545f0510030db2b90269deffe204b8def360fdb2cbf0e3d011c1a7c23c58
1787460236.388 fcc_derived_config RSSI spike: -43.0
  -> 255 2c79321a6ba5ba7c0626b6de6291470366ddf19c95470120a448c37e2dc837b7e1314b041d5ac5d4c000fb3465ede04916c42f497aad5a31fd556241c54943f174a290588b03e757a02a72fd9705b70ed337253c063f13283751d7c05e3f0c021e3fd4a5c045c9253a08275060620f19f97e0eb8fadb412b1feedc65957cea5ec6d382689a0bb34d1c6755c4734282a83abe38305894e2b091a9ae03d1b059d2d45423bdcb634c4e545b7d4e3833d38447fc0ca7ef6093a7e5aa1928dd122e300604b278ed7aa5222081fa80d25aef43b85478db828aff76b29f80a3a03767492a064918b59fc4e5e2fd237eaeb1525466c2247f69fcd154d4def2906e65ca
1787460236.388236 fcc_derived_config RSSI spike: -43.0
  -> 255 49a4fd7852187b654c88d8dc268052b04b76e8bc3bed0357d935519cbb4713c7daa1859c04241dab1cd4c2e43a0e972f43f344fa46273c048d0384ca8a3c4c6964b665f40f2b59c9089ac0c7c24b64056f84849a4de1b0ac076a758056edfa327df5eaa3a8047dd1c06665d18e7f4e1270872b446555629fc62c23583e5d01460d3f67b2279b7e61024cf422412f3f6260b292626eac2c301f372d78d4c428af62420830f70677dcbd61c86f844016ba15d90f801181de72e0c7c62068a5bd3a8096cb8314bc0f39610f58fb46f57fc1a9086cf16eb8ce54240156e39602e9cb0d9daaa8bc1d4e2fd2a5319ee72a3eeca816bd66b021766afdb77db3f6ea3b
1787460236.388525 fcc_derived_config RSSI spike: -43.0
  -> 255 4c8e810788e371f08dd4deb54dda1f453bc0166dec39186c0f873139495ba39859de9926895e2ddd85d6d14b51ff7b87f286bb4c6422c0ecc492df4213ecc67053e370bf35ce6ef6fe32aeb9527d11a7f78cd5d8180deb3fc5623faf583b8a3a74f5c00cbf29d895c09daa31c92e224c20d083f1a63126ce8efb0e046066831492dbdb9b205223bc3469b96a9c96cd97a7488231114e36c64d0c5136974f9d61ea824b1869dfc84480b5557e9407c384362e65a8bd147f8e1a49b43b09fd40abfe66f182f5bce50cf102ab3618bdad7f199a2ed4019e358a9c51b31cb02d629e31ead2dead292b0c672bfdb8004f86e7cfb9e024dc7d7ad373530fc790e731
1787460236.388782 fcc_derived_config RSSI spike: -43.0
  -> 255 07013f011026fca5a16dc844d2f832c80c1c305d8578b7b561fc4effe6c14088051d4ad6bddde68aaefd8fcf4cb57ff639fe5d0d84afafa6bda3630953bbf95cd4c106d98eeea3e269ba39bd211ee44d942736f0954fcabee2dfa5ea2c58801de0e89a3fe9b3884ddb4b58fcf5d05c387a7d7fc2745ee416be5fa1c915f8575d3acb735a579741b65783a154a3b0adcc1d2ec9df4c69fe41d1fd104afe9065c257bd86a74ec9812bbff53fe11ebb6bd5895b4b4e86d19e2bf636205eebb1bbcf1331079b4f78be11c1a9b72af85b2c04531dcd6e2c88793d856e36aac398c782acdca10df6142f439991c2544f44d1f7ec6be253f15746d21552b643e8b3c0
1787460236.3890402 fcc_derived_config RSSI spike: -43.0
  -> 255 a2c6ed74c8e2f9d23d42960b6fd82a904bee87f57c8f76af9a2bdd782c905be12b92b9f6d3483a5a6b63fe1fc5c35811999cbbf68b5d5fe0406592d4a8b5fb0c9ffcee3175444236a0f914887c3c6c41231bcd02a91a7f7dff2ed7bb99713169fc9b19ea993bc617dad659e1c08a131e574890157da8e0947f1208f133f463082eef6192700639dec23c940f0f5df96a66a7779eb6850eaaf97dd8ba9a0e2cc29e206dddc7fd1c6d2cee78d7e114aa646db483dd6b6bd6d21bdca298572df3008eb41252aa9578277248c49eabe938e29d543de531a3027e2110eed5dc9a06466575cf50180141bbf0e7c4a1acd85312766359869d4a774e2ee19756370e88
1787460236.389267 fcc_derived_config RSSI spike: -43.0
  -> 255 6271914d2f590fd99eaa04223347b8b778b484aeb066bd34676f62caeb20de818a90771a080e4c5bb7a0f6fdd00d97091d8e763cada19ee99080e65cbfc3c645319da2f00c8cbd84fa2f7fc5ea0f8841668abe43cbb31d557bf0711105d533973f8f4fb0bc2a32a5cca262f29990f89099d11ab123be1a918d51ebf512a3a02d2b2ecf02aa215a1705aac6b90c84bbe8f5308787c5517200491e132737b7a38ca88983cf5f15f4a18083e45f0038234066e69ed8455a13d043d1340e4ec6837612e3207b4900dbae883a96cd2e590ebfd4cb60842ae4029da5459ba93b6a735a6013346143f2940e10fb8f85d52c86578ad4a818e25383e28086e34e86910d
1787460236.389546 fcc_derived_config RSSI spike: -43.0
  -> 255 f0e82912bbce6f7a6115930ed372de11775f1249beb9e1de19d97c6dac57afae4769959157fff606246fc15beb062186e727c265be9f5c9af246d4960c5f238af6424fb98aca1abb01805ba72274181fd5b931ae543ac122a0059ab557f4a0c2e72647827cb02da4bf181ef405bcc171f206a3112eb5206d6fc4208cc276846849508903ef971f31cdd18c83a6d505cbf26bbbf671251f72f940b682806288410f20a1e1cc1d2465b8e7680a6326073b8f1426963414ec5853525ee40cef472ac8bcda184475885321c6c0c442efb0cfb8d26c6e196f84e8e2b8e9d1a95b5ae78f5ba69773dc8af8894e4055308de7f7f5f276e55329fe22758abe3b5ec001
1787460236.389847 fcc_derived_config RSSI spike: -43.5
  -> 255 2e7b63f4be7dc2188d0ee4080239231130c8e6d32ad8f3d574684eec8f4b3c41a53b752da3915033be6b8fae77eb14d1efc9ef9f827f7a990a369e3ef11be3c5ec4729931bb3199e9668b8a9309771e19222afcfffc5ca5c912f3f023da2bf19169cf8303a60bbf89a518e1d87f3c5481feb5127753a0b8ddd1efbdff69703e7ead2ce20ad031ec29ce49f60b4bbcf0e4a57a5627f64eaad142a43c05f81b6ab65039574bdf1e3d5463a6a0df0530931a40928cc9de812fdb222b7c827df48bfcea4a5dea2728a85c68db599207fdbcbf8b5ec30bd020156c70e9470248dd08fd28986c7c3ac6010815945f6f5fd8e50b872ccb28373d3c6f8f563f7eaebf8
1787460236.390073 fcc_derived_config RSSI spike: -43.0
  -> 255 4526f813490cc8829b3958362a3e2ac3fe76a5c5547150eecdcacea1aee31cb864ac1e9b54d2d7f0625fb3b0bb24453ab285b17ec94920baab0d7a1cedce01283b131caab78db57f3733e0725f4f99d281200eb5a490c5ccfbfd2f8c0f328e170ba9ea049560bd39a6e683c0c5e0b36070ce20f5d66d682dff2156d9e63e8bb6a83534d9a3d16ad339805e84adc2abfe452920ccc44dcd5169b967e1856d2763964934c93cf76f64a094fa0e1d977af5519f73736ecb3acff5c60bd48e30a7bb55430e5d92ba9c0f973046be39e3734d63f32daba41002f250bb55af2cf03398cf19757bdb2bd506f8fd3cffe96fcb433f809720dd8dd86117058b396e6130
1787460236.3902998 fcc_derived_config RSSI spike: -43.0
  -> 255 a1635fa58e6d83076b801a8f4e3c3ff8d52230ee94cafc0d65b733f9221bcd3b5a58371326ea8a943c0ec60eecb781f2b6caeb51c66d246353965f96e2937cf86b02a25841664b9fe700581805a0bdbd4b0c87376aa5991984b8ddeff6bdeb6100a7cb3f4ce26bff0578771ef479ea2128c80bfd293f2f228a94ccec14e743d31463a77c4bfb038759e9ab303f462612937bedb0906cf85e7fffab66b16923077a9af7ef18c9f860e20debde6332c48eb9da28d5c3eb8dc06d4568a197b8d9ac6c7665c5bc5e7d5408ed37ef7f1de80dc62e3dad0a1d882c288cb57e2e3555772c2e588cb40d0df5b22ef82f41bdd276d593d0f8781761a4bb7721458e3864
1787460236.390524 fcc_derived_config RSSI spike: -43.0
  -> 255 552832e5c697e25716aaa7e7fb58a0594717367277bd087765c946094beb11aa0ecf2e80a9157158a77ccc7727f6ed4b99e5d8ab8d207401d4f36b1a723efbb01a4e407cd2a0fe049d8857416ff2d6799253742b0a16df1cba918dcfe13af38dc7f8cd642e3fb0dd2e492f509292c41c541194868d800c5407aadb36de4f3acb1d71f8e7accb6f17e7dbe936fb5ba3f6b42483528a794aac8e260ae2c7f933e5474bd6fd3e7f93859023795955a386c20e453ee26fe13c6a3f95ff97f959865f6e3870be0bed2e1f4d3eb7b2fbcc1a8c625b841bc46ffecb519261c518a51bf7d297323d5a3d524b5bd3c199502dfa9d2288fb3d3315fa299fda444d786cf0
1787460236.390794 fcc_derived_config RSSI spike: -43.0
  -> 255 9964397c953dfcc9889be56249bcee114eb2427f508b50a69f9c1000f3865bd2d2166c7ebb9462e6b3dc150979eb2dfe7f8cb1f10954e4f1455dbbfdfe36f4a38738e435dddc78ff5b6c2ca355378fdc1546b32cb5fc3d79cebb2168ac9cbd49f383a250a70b1c1297beb888874c88ae5881a1cfe6e4f12595960c837667f75a2f12758611ed2c842797fd52514e3c70f3b51c9d461bb5e7cefc519d74740742b6aaa6df8fcd44f06c7c822d185a88539b5d23ec8b20608b7430593d617b0b38862baaaf83a57cc4b1a2eab175382941eb59a5e5b743138748f676167b7c453eb1b6f4301fd7a444d54d42bbb73c700a3d6255239678e085dbbfba66406952
1787460236.391041 fcc_derived_config RSSI spike: -42.5
  -> 255 1bf83539f3b177a3039a0cd31b1f14158b1e303b14e1ed78100d14d9182e645e365849b1d93635d80e1cfc89001bf864e2bb2196ef3add7900e113693a43703de4f390ad84566b82ba1e8ccfa3026fce9a8ee3b28f48abf4a9ea2ff67c7ff5d4eb07c14db07a6245d6800467122e863f80ff69f3f95398fe259e6b7603f5c1132fc0e24d98970d49b070403744873d9cebefc9683dd1babf59f1b0b0525927bbe7349d3e58bcddee8782ad7cd3a6865dbe45ac55294356632384cb1099df5201dbe40f76020e5c77d2b71f6d3b6017d5b487ecd92fa01e026c9534631fb632eaf72defe96c3d4703310de6690f39cc7ffeba3aaad4f7224c12023ae0885186
1787460236.391285 fcc_derived_config RSSI spike: -43.0
  -> 255 97325c30f2924bef790cfeeea1772e72110292c63102a38c7a5d0ef6d2c8ce0fa8e43580f909a62d8a9884e0c3d302251b5459e87ac45e3ba55c6bad085694b58af4ef6183bb4d06b57319aad4bc3743e259b78d1c8c59757d7b836ac9c6e66778b0804c57c9babaa51d40ab3ae5fec2e336d352bb52682081834fc35b4d99b95a006b526d7afaca9fd43ac52c221497af1ff315b0622af6afc3d2c43354c52f43ab23fe2da046ebb0f6f0ea19e0abcce4b226e1fbaf0721259961b2297a79221189a9a615529d172e892cdd5a9799e8a633204fe0c1f80569aa92921fa2fc118535b6e13b86caf0255fd6f71837b4d4eb120954442c4011cf0fd9955aba09
1787460236.3915598 fcc_derived_config RSSI spike: -43.0
  -> 255 bd50b73584144aeef49153a140eb90ebfca14c3d2565abeddc5efac183d5e8ba5e8e9b3770ddd5d78a9aec48788bc668d768c28394b3cb445a6cf6972e21be9e2af7d68cf2592410b5076478d7e26a4e81474279b05970ec0594750b30c836d75d26be6ba70cbc1ee0ce76e46981936edc89826ec9b6fd06499e55beb8f064b3eaa108761ed9b7f11860830f3325c0590348626bf9a57be6cffafe0edab7a245f529d7cd3a71dbcddc2792ee4e6cfe00baccd530284dd62448f748ea6d86f4d7684143390e749ceb06ad6b1d6f719d286cc74fb6dbe523da92285e940f9d38cc4ef861df7ad9341384aa8aba196010a79278666624b1568d73289bf7af3cee
1787460236.3917718 fcc_derived_config RSSI spike: -43.0
  -> 255 cb5fd5e92f770312ee9ae8626421eece4814f77036120f29d210240e1905c065622d76bc4eab93ccaa24dc140522509a479f9b12f4e5f97d5e1958cd8dde33786e25b372ebc28a8a57aa4afbfc4548c4bc8f191cf8b61dd3183f158d0e07021540c4f105cef9e12b8786ce1d13c79549eda246dd0402eea3cb86833c4d168523e586b2c8ec793afb3d4ded034979b5551e3f78e187ae398884d01d8d2bc34c9ef4939943b424012c774610b406672afe28e237495741a0090c5b95d7dd5bfcf6d8e7e1f5f0b8727a31e60e96e17b564da9ec9eb19391d4d9d79b54629aeaa2b023c1ba4f92aa0ed74575de31d94585a2cadcdc60c0612b8e7765f2b632ec37
1787460236.392032 fcc_derived_config RSSI spike: -43.0
  -> 255 57c20f7f6593283dd2ed92d142c0a78687cbeed8e81b5ce1635bf6a07cd5423f8ed56cdee50eee7fca15f47aa4e25bba461acbc41270c033534ab4b7a5d6aa3df1e1714576f873bb3215f4f0992dfa58d21ed2f50c73686097515f76c91d2285d5c0c3ced9802c6e862802b8de92bd4006892decc179b3db7c70feccfeaca121e294491defe2a1824c40fd9ff72491dfa5172c4d97def7e537ef3523723e0e91c3045ee273621b2a78b81f5353078cd8fb0194177a62f46f2187621909a339722e38d93b8d3ff3054d99256d49eae368a8a969691bbe2dfb1b8f84a7c862e2d2238e6864294d7338b6474ad20da1c7d20e20e98938d5cf13af0451de0d147e
1787460236.3922958 fcc_derived_config RSSI spike: -43.0
  -> 255 5150fc40e554861d02454c33d570bce843643b5c94afea39fec89b368faf5d88ade4e3049ed402e6e1c287eabc431daee4d42bd13333835b446644f88fcd18b189e8178a0c5e6a4f3ba7d6b0eca32c31b434e91e095dcfe2a9415f22de641e396883b9d9f80f44bcb20d4b0e7c108815e202ae3cc24b0471d14222cae9a180244905acdaed80586991cd53509cd60b2f9d2d0449af0439dff7b08296328f1be1b8015aeae6990bb7422f8deb722d12bbc41fb0c05400c7f95b176e6eaf9451f67ef8f1b041391ed374f649e0d281cca2f2be922a9c55b8319e3aee450606a6dbfd9c275b69aa7f15e5cb3a83ad0bfec4aca57a8672b14de55fbbbee2b33718
1787460236.392533 fcc_derived_config RSSI spike: -43.0
  -> 255 8f8183971deee350ded5809eb21b117920417e7e85f1338717f13519aab67123b7cd8eeb6bd07904a8d245bd82b8a141419b47eb3a7336181cbc25f63041fac076a42e1a3acb0c55c398de217d3bc66defff802fbad3f7b570f8301c5127fbf25881e7a326f2fe7723c08e6662ff6043285097fb385a0c7a0cd34ee422a2be1e87ac1f50d269a117c1f57495cd072b6a2d68eb2ab1b6de0d23c8aa0dc39c28c5b5721f2fc6f851f25c83ccb5f50c718a96ca097de7b2330bf0ce57a2a3cd78b25fd2fccb20b3eddebc7ca299ab887020153e7e16b2b94fb75c6730b280545fca81013c309546c8d8f00214011adfe837a92a462940b2d3202125b6730429c4
1787460236.39277 fcc_derived_config RSSI spike: -43.0
  -> 255 4e13a477efb13b98b467be56d04b0abd99d070ae1010b3f24f4701bfbc87f0f9c29fc5c1deb10961bb3d1a94525de32e6d7084f07e7d681f05649da661bdfda3d27e43c29a138cb69a8d5f18d4c957b93df49db3ff4447ead03684e02b511d96a77011075271cc0cad1fae3d93e3661b63fd2a8628f55d497772e7e4a51a0099372931bfcda3a2d7fdeaf98aa83913eef054bbd56155f32eee3edac42f8e043d56a4d93196087738387a8c7f53d1200d61d91962e75d3dd4cc898cf3553f3e2f2626f0ba27b11252fbdfc27d7b541284b1a008536d7cebe2887b2389731d340165688777eb64e49a936acd20a03f98fc04e24144caf7867746f098a411fb54
1787460236.393004 fcc_derived_config RSSI spike: -43.0
  -> 255 6b3129b44a49f6b63f8ee26c9c3306fbbfcf0b166914b566a47b0b06e1bb701e5611ea899c369a701bcbe41160384f8da1798d1660da054547c8005611fd1117db3d522d0fb2c23f3cf57702c2c2f37e7dee8fcee226a4d1894a87cf042aa84185ac2c4a5619f1a064ff73832147fc09e0b63a947bd01135cbbce5921484e525ddf1229955b0f5ee8766177653a30ec2dc3b8eea3e8461781e68c24554b0873829aaf5caab50fb2e0ea545e6f4817c4600cf931ab17dd716aae26baa8db99fed0c3d745c65e8693fe3665b17d114c245a98085d8426ce3b7ffda7a300559bb18077c054e9d5e5fdd0e483c4f87cb3d6155008d692a87670243e65ea81d5ab0
1787460236.3932931 fcc_derived_config RSSI spike: -43.0
  -> 255 908a26528813dbeab2cc878ec41184d9a5850e8000569a87601f89a61f7b5c9685d20b01861fe20997f578fc59db6afb287c79aa62788fd20ab20df77b789f68d344aa059df3b9279b32ad95695f524c2ba1c86de268b3b5c8e32fc92bce074ab20af4719015da3111c04a532b0aab2c8b2e1f9cb2cf2171b3f2e8eecd23417a86b97fd26b5924a7edcaf9e5aab05f50a90cbeeba133680c78c5d06b6285385d3da8d9d1533a35534ed36bbaf456a62bebe825a4729f1889f7c4baede4b1a209a07bafe28eb82732504155edaed6100a5a1c1f2d28926944b6e8d485acef700a2c7dd2a0264c88d501b7f02458b0d616b8dcc77ed995fc253f42bc862dc202
1787460236.393544 fcc_derived_config RSSI spike: -43.0
  -> 255 27b54203d67af9e359ca27a78a1f22c8d3d3f203e93229ffe9b718c1edb224bd594bdcecbd4434af57a74a901e8335b930488c41306d844d9a45879b4ab422af87f289c210eeae91b61519099facea8babbd10efc570e6dff91b80bf230e6e4fa6ffdafe44bded25c02cc6331e02addd0ea72a05fb337fda35e427c5868927cc289df84c45fcf0a82f23f442493ab70bb8b2f0863c9ac3771ca2401660334ae912d3449cf009739688ae436167cea99dfbc446ce67c23d7c6d94c6ed58d10f4a02cbda5e18a55fbb221bb30df85550d4a905ffbfd58fb163e64e34a820bb8c2fd06a3272d8ed581af51eabbf72ff7a95d43c1181cc742626510fb2805a0529
1787460236.393782 fcc_derived_config RSSI spike: -43.0
  -> 255 1131e4f816c704df15738788953c4c037d5888e025b2cd933cb8ff180f7c16086b0f5acbdcba205bf890f1be548c3e75cf0564dbff9918e4f578ae59ee772b68e0d40bff919974e33b1eb879f0b2816d83ade111c08ab03820b442e1795fa91126cfa1d63d791326b83112d7f714e986a3b4d20667aa53dea47ce370107035d4b613da0d8b900702ee0c3d535f995c39db0468e7cd2e6ceb530d6485be81daeec1c3352ee7d951667fa847e2661ab12fdbd60aba54cf1bb998c5d4912094a13eb8dad88addab09898fcb3581777bf06b8e2f43a283a10bbe6e27123b8b27fa79fe23a31b8c126876bfb8e2acfff42ad2436aab77a42964ec25955aedb7acd9
1787460236.394023 fcc_derived_config RSSI spike: -43.0
  -> 255 3fa994a2db67d5919610c7b068cc00bec7df0fe5f8d1f8b2828374e3ff010aaf78156cb7f1838c784680271617d16d0acb9f9da6ed669adc136aaadcd250df7eb7febb95c7d4a610038fac9ab0701f0ab04cac0b3ed3e3a4d2c0ffc748c49285cf86e9ba0bd8322e5c9d47665382799f7c78414165356c745e19f6167a9f6c8d7726cb4677957a9dbc63dcc52f06c8d53d8328571a9f174278efa1592a5a7d13426a1778f64e59361a9ec6ec664b747b1802ebe428bdfbe7bbccb44c2c365c43b0e74215e206454ffbcdbc9b4fd4abcac3f7b49ebdb784a1e375d93f83bbca13e2fe804e271b305e88e0b7396c2d38e3fb7528fa7b6c3f84c056dc3ba72661
1787460236.3942678 fcc_derived_config RSSI spike: -43.0
  -> 255 e2c74142533f791c5e67ea834c620c5e0a3bb5b0e4ad10673ccef49b104c1d6d1ae5af3f8be0e50d6ecfaf01d06461b979a20b705309169db6cfa349ed3fe8cd8d2c33ef059f7a076d6f7025d7095a44625c664ff707ad8d49d214a22a281b1d8bd71c0a6819585cf3a7dee4312f9fa4d3417b7b24a1d6ca682a12777b5a564c96682e2bb0686b6f37f932462bd2d40c69b344541f8c397ce61962f04ec4ebbcaf542eb64e1e918542d71b55071b94654611f107afc0e34c08e6ce4dd141db10bc575f78f7dea8d75bd560a1e8b128db3c66b70e7794d2e7654844f3274c29f7414246db6f3a0d6a17d07e77825a71f34bc0d5bc2a16cab9613887fdc32065
1787460236.3945038 fcc_derived_config RSSI spike: -43.0
  -> 255 be6a27e9a4e1da869fd737a1c66bfca40ab4aed177aa1e67ede88da5a0a7458eab7d57dd4978264cec07bab1e441f49e56c12f7865fac07d6088835869af3b91020a5174d853bcea83c67a4c189a3621f00896ebae2b668608b41b82200e4386f4d01acb80bd1fd73ba2f3706b53f68d3e784b5780ae82ecf002183508115850a7c232fc707d8063b7558b542913a424d9447b58abd299f5dbd47ad6aecfd2b13b9066af738a56599a664cc40ad036d637e9e6ef95f3eac5e830a1e819c3e681ed1aac1663d670dbc580aa48288eca2722c14ef4addabd05e47701186b54b24740d9e97ed1aed7c2b06e3b3b85e5ec6a34609e5d48d337e0316c775e74b887
1787460236.3947678 fcc_derived_config RSSI spike: -43.0
  -> 255 322b1e4fa0398566a3ad674f6cacc2dd4bd2fb7b9108012e24cda35c9d424fd106a89f5de0bc456587c4db41f9e14e243596ee5ea0c36eaf232017a81c1c71a9e613b4e455b83e36f1c26cd19732ed524fc988e5f4604228a0eee4c9316004250fcbb1e1ded5bb7ef76a52384696c74fae248a5f569f1a832182064aadf2d169b05f8a5e3063dbd3a0cf5c7d6c8d261924237e7814e564aa80965b5712875b9c22bd55f066b810a23ba78715d6b66da51e9f91b50ba166b02a04d8eed11f646d06cd24bf734cce6ac7b0c7d11fc8408e9c785c6c549ae9d3c979a9bc9d734a1376ea4f2061a6e84ed54da4cdd2744114219f07eb6afda55d28e070e2d588d0
1787460236.395034 fcc_derived_config RSSI spike: -43.0
  -> 255 fb708fbbf75ca14f4bc49ee2cccf84b8fc0d61ef9d12f9e6cfa4dab3c4bd3df8a6cded26a4f4c1176a8c17bdecc0352f442099e82c0735711646db93cee3d00d1477446a3fd7107ae71df1ff84d733c8dbabb20e7c9d71ea591c7f5d4e440b00ac2c2866c43ffa5fe18c8ba6d0d912d1d51b41963e12833c242b6c738e2f1808bd6fbea8689918bc21d79db4f18729e994365de2d494ccfde1236facf1679a6f8c96ee06b2a016c4e3f6d1ee1fb7a777c7e2dd5b9091725069657c58d7041c2579b133bb8c25d2f6b902115547497a4073282a0e14a5afc8a3a381d28fb0a8b7260ceb8766dc0fcc39572ae47e1fb81f7c347400ddf030d2cbf5028b8baccf
1787460236.395286 fcc_derived_config RSSI spike: -43.0
  -> 255 407f41ca6c03074ad81a32b8e37574460ce3cced1f3a430072b90bd76e0c2eb009b3dfdd5ff8c13be8f3393884b559d5ddd7c5ed7fe243102dddc8991a3733ca78c5c439e6fd6db13bb1e1db966a7458332b5e7e32fb809f4aa00b3402f6899ec35c2fa286f4a23054a18960384af6764745d98e2211462a6e9dcbced4dd0291a1beb85e2904bb77e9f3fe9a9d3f9ccaaedcc51c459da739b34db7fa1d31b3f68f4d9e98f3131d2ee2539dd8bd83379c56911861dde474c04024bf4a59afba70efbb50dbe1a24f4e0acb09727c8624d99ba4f8fdd54864e56fc1eb4124d26d78999bee797ec0f1bc043a8a262b37a48a14e6e924eac5b7497534fb98287e08
1787460236.395518 fcc_derived_config RSSI spike: -43.0
  -> 255 e1e74f1a192207d2da505866158d4af5430fe49bf9b499588418821c5cf0daa9172a7a21f6bd63dd689db5b4ee84e58b4fe1a2f956124f690cd9746a95d88c28088e43846fd6950560bb3cabff9e0df58551573c726e29fad06217e686c5909898c9c2d6e59d65dc1dd1c143c4c1391a25a1ce8e50b061d23f41c3b76b483e370d87045879aa3aaa4df98f4618aaf043ee4ef82ee59869b6291c96bf194d7f0890564459f1880f8ce0b696e8371b05ef69f06cd16cf25c4965da226bdd11a41f50c17141ea929a51717dd11bbc67c17bfb80e1bf9f1c464f2a00461aaf91965db02860499d38933dddee887fde4ff349e10e12ba81d910c6f4d82dae074aac
1787460236.395778 fcc_derived_config RSSI spike: -43.0
  -> 255 469aa9c689ae1b489c9a12031442ff114ae0715ecf994b1e79def6fd54ec9a61f3632402319a117d3e1e051f46fc659f7aa98a58e620e65ec67d67ea0607dfaf9f6fd28d04713a209e50ba5e6a9ea00d96a3a6497becd3480b152ce69d2123b6cfa56c6a94771b0eacdc72d5e01bfb60645637d97e2b621801c229dccba6c759a38620ea4dfd9e39d5a28fc360a26787dff0bfce25d69a99d37d79f13bdacb8ef5f8168f08ba2f8b806f6913d20d363085281bf4463e3a113b041806b3fb74a95f5e8f5a0cb2f340c40ab466c757ccb1b56888f7a771db5a4519807ab00ff176d49c4bfafaea83ebe1c5eb462f1c84e6d1f7ef5553f141b83b5b8ab6d78849
1787460236.396045 fcc_derived_config RSSI spike: -43.0
  -> 255 b1243189d80248b22bbf066fa635bcd7c3f3d210fdec7eb393ae4281e66505e96ebdc55fbaf8be5694ec48906e1b7bb174723a9e2b090085badda28482aaec23eeeb7ab1c53937eeaf5a5e3af374c340fb676966f52ce3a32dd606f727c90a794365e0c11c2c29b0a9c9575c606ca0f9d73f1cc45c917546081961aa1bc994c80e87926c592e043141219614751e0e40bad96f3e1fb3cab6f331a9c1af8c5e4872d0dac4d1c35f0bed30ed1eb8dd31f7309d7ea3c85bfff6df5f1e407803cbaecb370f7040ef215cc04e96eecfeb0a90317c92f3417e0e2c6981dd1ce6511b7c4eea5c41fe224271c294f087006e23cb3b925d0cf58e7bcac0b9d70912e294
1787460236.396276 fcc_derived_config RSSI spike: -43.0
  -> 255 103e4701cdad4f0f30c1184d77e8a15532cf681a3f0d3ce747cad8d97b0ab40c6bd55d65ae82490f3eaab582fd035560b175c8f9ebce1c04013e5a1deef4364c9eb705fb85a15106bce874270ff4e317786c3c2ca311a9c3c821f57ebae5972ace427857a688765cfb53866fde6aef7aa3c781af55f30eedd6ff2cd7a394edc97508838e984f16c99212a10e583c28cfca66571ee862d2e222d9dd107c2eb08100b974704ad8e91d3458d2c1369cc949a118f260d36bf5afe03abd92af8add69fb4670350f46898777237991a3f563ddd36efca18aeeeb35cb75566595a0bfdbb7d511af62bfaea2edf2e802f13d8a1189cd73276999b12a4d93950428c149
1787460236.396506 fcc_derived_config RSSI spike: -43.0
  -> 255 05697b6a6de193d7aa53d20c591b4d1a6c5e581b36c5d88069776e7a608684e723c7b2e2b431c3f3a366539e8059aa0246515d19a80731cf72085d9a4a1751cff0836e732331b43a26f5033dd788265b8cea41856eafed963635222a3befb9c36d52d9ae54565a321028e288670f0d0233039bd2876f4e7318b58265f0a58df84251eda16db8ddf28d900dbb81202be49a6a7cbb36663db1b3c240fd7f86db67cc54a37af79bca1ccb470542d0b78dcc0218c97ce1240cd7a7aa31737a672030d33ba8c839bc3f1d634ed443b3ed3eb435e9e1fa22e688e20c122047884dfd9af0a08862e478afd4efe517a2c40f87e3485debbdc1466a625a7234fff70238
1787460236.396767 fcc_derived_config RSSI spike: -43.0
  -> 255 b5f4710c324a79615c37a5de1f0e72a49b9d113edcbb9d2fbab21d7eb1a42bc2d870f88fede038e99376be32784d57b4b6a70a599e3ea6e0618df24bc96d0260109f2c0081e42d17dcebb6fa911cd92ca0432e045bd854124aa922583573455d56310692e8dacc077853c2e76d322fa4b6b5e4eafb6b0472043124c3989939a3f3ae038a477ca3a608338fa5b38b9785ee30248da367722b8735d25f9507601620e44c17b35086a89f757f1cd28477baf68e912f1f70ab0f7f06718b00139233de819a820698894089ee47636ed8b4b55d5df9c0d967a6a9623ad205375a5b684345d5bfa566ed98cb5624d1bb490cdff8d57bd06c51fdc6b76fc7d22f2cbe
1787460236.397047 fcc_derived_config RSSI spike: -43.5
  -> 255 097cc251e4221a841d227b255121c046099271d40dd2df576ea59037ed46963e56f4ced1275c2c9466f0df4854c8fbd6328873f6fc633f06aab949adc654d052e972d0d084afa937d4b22f375b623f71e9bbd4d70e539831a6b95389170ac89c65f1797cd614520bfe086a68427c6776b301b4c1f8c99b1a789b714dbbc45ec8fd1ac421d8416c0cc674b6db99b2330ebc9f412042c365dceffa734908b8d30d529e40fc0cff417aee7a9800b5ec9cbffab7592803cd93b1d8a8d78b1a3181d7283bac9ab30620dd6b21fa6b87a34f1995a81282781ef8410fe8755e98f9d33340e16d75e5466df773b7bb98a55ac88abc3bd3e33d3c3c6d5776ad52bea2cd
1787460236.3972962 fcc_derived_config RSSI spike: -43.0
  -> 255 8afe4c889ce4242f101af1feeae9bc8505ee0c41868fd9fcd05b21303e71e8c4bf01a5af685811b1839790f3b301ae2353b27ec9355a7253c016f28bf73f61703bf63a80307a5e310114b870c1b5468f4bf06dd567bcacf117e04fe93cba1a848d5b8a359aa7a2a082e4c0c8140674f173e13629444f961f46020e3075a7906e4cc24de42c7d6e1e672afe7b4568cdc6e4b35ca7ce6278069a2a856293420ffdef7d0680e27a1e062c9440387893b89f2e9d6946275526f1b9a4039e1255bf28b422912cbbeb317218a3a41262e3c60ed2121edefc462e69393348623cefb405edd9c31ea7c771a3dbef4c39ccc4da0c246383e08679fdfa1568bb55df6ff3
1787460236.397522 fcc_derived_config RSSI spike: -43.5
  -> 255 4c75c35958fe202b2fd19e4c77e2c4ef901982a769423bd378866c25f55342f91acf2c23ec3c30d32434bf0cfffdfb4b7faf32e5233dfc01aab34559ac72193cc64ead79e79d006b72a2ed2bff56426a04f6aa0bf397aa055a77816cfc69898232ad315cfbe9082675f5a12a2a3c1fff6ed6771b5fe63eebbbcdc9a3b6451995e59ad744484c8fcd9128a9a806a8119e012bad35cf806df3b182bf69f9b5827976f3b03ced94e179190d5c687fa73fac1c4838cb99f43d7aabb18982311c63fd593eb46edabdd22401c145e094f882e952b679ed89a8e23a3eaa6bd26436ba29fb34dc09f6aa9faa560088538d46d9fad269cd3dcc4a4e19b77218baccfa3c
1787460236.397762 fcc_derived_config RSSI spike: -42.5
  -> 255 9b373dde16d023814fc019c111275b88205711097d7c5c1cda694c99b51860518d8a827524bf7973131febe56be16dd0709e3f3267192e5569f0c913f2a5b094153199869cdb13c06f454b4bdad535ef3d871433173e0d859b93ea043dceb82b9de8176b20eec8db3c3d9a2d49e00a71f8ba967b160e1d94194dd0bc8e33a59ff0e6326e21f48e0753750c18682609e2bb4d7765b9190049bb19bc276c677edb97c7a5e22e44e95d0d3232c044c731085a9d6508b966fb2b0d31ad3a16766e2d35e169889187fbb85da1cd7c45f1e77e1696d4c730354da4b5f4f4e33018cca3631ff1265140f9d3179254434d959c3fe01faedff73050e88105f9ea7adad6
1787460236.398006 fcc_derived_config RSSI spike: -43.0
  -> 255 13252287fbead55745fe199ae7e7f4810f45fcb93b08b7c2d3ed3035fa96ecaf2ccda89c08b355622e31d8d8c9bb1fa871de7f70d538c7aa00d910b7d00225155a51883df78ba3e2b639fc5c5fa8f97410cb756d9018891117426f0b9803c7eece2d4cba607ecf94a9487dba89669b48160a846181a24ba5f551ce2e4c9bf3864ae4446c9751f7cea6aedd7a1699b4c4708244d48fe6eee10c6055f5f3c83839f7ca97eb1c2eb3d36d251c45416c8d4f4909fbf9ce4ce2919af98698ac181a80470cd50929c6d4af2777ffb932f516ee879b97c2c4f5699f6997ea80b50f3a5afba13b12ee28437e8e80d06203230600b37f82d635cb7a2c36166d0a0c8987
1787460236.398295 fcc_derived_config RSSI spike: -43.0
  -> 255 9a96563a69c7303e583af30eb480d9b4ac36d50d6624fd18ecfb2d6d6ed88c2b8c321f40d075bc060958f1527edbe73a5423f6a9d6171bcce9fb5bede47423e40e8a13a3fdcbe7eb0e7e552ac1e89bf2f60589a016421e870d3932bf216a92050c2b85cf1182021404e5d278cb0502494b61ae53cb382946966880523f4f3b01a927617ec016405778a401e65125152abfa1feb5ba2ad922e758eda3e0d8deba24cfdadbbc918488392449e5690501c655c34c1f798c384427ed1f7841368db6837f3c7f0eeb994637785bd31b16d800fc092fcb11ff51edbba47e80f2684eb8a364de0f9c0c50da25a1e1a7f40634eec7d715565832dce8b2c30f5839416e
1787460236.398559 fcc_derived_config RSSI spike: -52.0
  -> 255 08fb4bea48ebb938b9b1ad99a3b0efb2c4421268461d46dbd13d81bf7153427350b5b5046ffc81496118283423e7c6d40f7c078ee574c9cb570b2ee500768a07be8d1293e5e8a5f1341f90141beb5e2d0434e5d413d51deae32d216e1e14249b83ae536ef6e2ff5cedd9f519e876d59b73b57fe7a41b09e88ff21e1f330db8b3fc32255be6168d7f69bcfa7d699f1539f4c9b9d34943f6064ada90474b8c524ecff07367a92d36bc7702a9afc1a5482f365d5be23410acc26c23c819a14ffcb3fd0bba9620b16f2a97e4ef110c46d5971dc554f972a82fc24728c59e851effd054ca4145d79f885db3aa51f92091f3bfd4c51c8a27633bb1ac8fe3959f17d2
1787460236.406204 fcc_derived_config RSSI spike: -43.5
  -> 255 e4b67d771f522c231712d35937c49c50338161ac343b067572d08bd276c8d4e0398ff44f35455ac27fa3e2b3fe290e3d678d5ba4cfc0023039e72bcad3417cb1072112214ade4fb34df332a524f300fb0cefd98fe6c03a31427dac6e10e619f46942efe4cbcb27f1f3fc7e6ff12a3acae427d8023d1921dc47a365f474f51350183147e01135f03374ec43a5d0d48e355349e6412d5fce613bc66b1f79f3bdc4ef0d8303ac39a720bb8fdc4a29d383302ac2068a682349b4fb0ab47cf9f5f08c708f6d64bf80bf4097cf6b4022d5d54fac2404082b4064ec768b5a88a00fe631075b56e2dd9e441165f664d69751f32b39705629f7810e5b68738486a528c0
1787460236.406456 fcc_derived_config RSSI spike: -44.0
  -> 255 ff8e9a93fc448d371388a7f0e127ec532953197f5be489a15133dd612aa9803e165e2a85befdbb396cb87d97da8f280117f1a81fd30502eeef21c768975718c017f1aea48707b3ecdc13f14738d9621087003b9bde5602db8cfd18c498180a6ca4a78389730f51cb52a86138242aeb0d27c15c4c1738419846a08f10430bc48ac235371fc1b5744f95f74e8e01c89e1722f4a548ffcd36ebe99787123479fccddf40e70d7eca9373431a28b3e0af05dadf5f796b8ee662ba7a7e1a46d32f663cd4e5fed60e588f8bab992cb8c9fd17fbf445c44a1ddcff3ba4d95b20f5808542804d2b8df80c22044e5f0f003d773c89b8747ce77c6449704c6e790bc13b20
1787460236.406759 fcc_derived_config RSSI spike: -42.5
  -> 255 e69131a88960cc0dc5e9c8fc390b5291b769876b30701a6c0981e0b5186b508fcfd6a8d31eec11df3b28fbc81e9e5b64418ae38ea79e2752ff5990a91cfbf9ba80e5b794dce1d2858803a31cba295a61612d6942a37409bb116a77a8d6b27e6a3cfba50ceb0203866ea143511f6724c2bc005fff7f826924200ea733f9bab7029c22f1846a5f8e6949b71be824f088d17dfd11fd45e936ec15f2bb115ddbaf628a6ac65e63c4efd32d93c2abd7b37677cd4e72109960d2933eca4333b712b4fc69bed80dc1bdf8a65429188105014e8ca79ac02c8a9b3d5c34999795a74831066f7b1ef4db44385771897d4b7b4b04594c26ccaf3bcb960cfdb4fc529b7abd
1787460236.4070458 fcc_derived_config RSSI spike: -42.5
  -> 255 1159cdd4973427ef7e68fb4863eca4930ee59d744d4796ccb8daa11590bcc7967d609c4b15952ac143144ed972bcbc81e5b665a2a18011c762c8f8b86e3abfd49189c2ffe04b562d38196ef41b004e09d76d614956d80c24ea746c08caa0c96082571cf9c828484d493aad433958da1e45d28412661f6f1f910e69e790f9521f938d38fc86d2eddbbef615fa658c3f8480a2fb03c9a4a9a1f610dc46dfa332aab18d60d417c480ecf9037be34529d930228d8cc3c72d3416ac7b07cc45d36382fed7b27c683f0e720c34590ffe48cbeb4180ffaca0eaf046149e581536919e6b62c4fe48b6d270a135c386b744bb528e40c0e559031479288d0ecff773c48a
1787460236.40726 fcc_derived_config RSSI spike: -42.0
  -> 255 68889eb07b4794b58bd34c7edcf2bdc395f1fb99175cc44b88348fdc8fbb1fa6383f1b5af1c5d19b72223a9362e388ea0a221e3f80056244ca9b351b50c9821cc88fcfe80b599fcbf621dfd8cbf4ceb031f2f622f4c90837b555a0b407e2fbd42069843f0ddb8474d73f077bd9f6c8f958d66feb6f9d891b5bc87bf7569474378c47b79c9e6e0c6a8a0d1e356d7a1ca51dfebaaabc062b82f3848801036286c331a898a3cdf95c7dce0af92b3cd9575ab8d8a1e5efc57560298e8aefc2cbbde5683ea55f8b30e41445870598e056a9746c72d6ea53d450856d7792af2e0d3d4a0beb01e189e40970343fd076137f1917f2f801e6099aa544d19fef3fc1c416
1787460236.4075148 fcc_derived_config RSSI spike: -42.5
  -> 255 048f3b415e0d1447d35400a70f82dda55dc4859bf0bc25af645692c53a46a0cfc32776f6f2a546cf087b1fa5074647540e0f38f6840ecb0ce91f7c8962e424843053690d74a06b3c5e314273aa1d8335629150fc348e24cfab57e8e04bf4486c2e2ffd9a4438a8ee992bcc38818c2823be55b3abd904c92bdd69fb306a0ce1907dfc975f85bb994e77b4fbabe10525075ee0b33cfee3ae0242994ac51b592f1bfb335a14cb4d3db162c9324fdca0c9a92c0d65c35432b54f953ba303f9be1c76bbccc1839f5c2f5fda565d8fee23f9c2b0ca1e27659695a76fd9d659c233ab65a0f2ae761e92ee3732d85e4e0455095c73e7a60fabae344d91544fe3714186
1787460236.407784 fcc_derived_config RSSI spike: -42.5
  -> 255 767be8c7a1c68dd50c2497425062681cae62215284a5a9fe524e15957c572ef566ebd4120fa1d6d968c9cb37a287ac0ca102160ee6794d7bf596ad041817ebd622188a755b41dcc82d1997c062338da3924f0840bf845ce2a81e56dcdc9b5259f922e7e8aae517cff7e3e09289a1c4a81833912107a22b5f834ac128500b7c174f8c91266e80d2289b9b6afd95373a54790051d21198e198bdb22718283a033fc2aeb8d6c19c8cf60e4671feda703a49a6a95d734d3fc2e92a7fed67ef471363cb7910dbcaf83634b20a33a1d43a0a88fd18713ca108372bc3f959fa7360d20f35d8941529dbf139ac5a8a561a12b49965e9c223734abec3436c3b341fc3f7
1787460236.40804 fcc_derived_config RSSI spike: -42.5
  -> 255 4b09df8aead88641084fae540685943264d9d39d690be99b961fcec9feaf754686e098e5cb89acae2cbd67be9958c3bc8caacd0b66fdb9565e4d9783fd4a6d6b3ebb74992f6e0f75b846475c41549f3d69d8d3162d285ac73f8d4d4946a8c40742697443c678b8caa8e9f26c25c4d05ef65de0ed95f9a97978982bc8cef897ef6ce72f7e920ce00dada3ff802e69cd97c972b67e64881e1e53c21724ca554b8cdb429e3956c61c65cdb97d9206a470a826e9bc21fc3615e66c658f4a2b182018641f73c83eb4fc4da6a3308a3b9ad786a836d57eb86da1c1f5f4bb5693455febd65fe4f7a81f7ca47136c24698485b8cad8c9e59d90795958c662909956516
1787460236.4082718 fcc_derived_config RSSI spike: -42.5
  -> 255 d038374f99844e301aa34aa94abcd0a4376c24af269dc6f52183e383b95c8f751a92dc0d1d760b673ad5c55bf8cb51addc5374288d82613919756f7ea1a9b50b2642f2b906801f6c50409f872604960006eb4d96ccbd66240e180172df5873196cc2905399e9ce29c5407d1e68483750e50de65b7009deb7be729e6185dc2fb9c4eaa25621a616bd43616d02c57e2769dfd46b84ff68cb7a5dfca0473e7bbad7c8b342eb7e4549e3beb6bb2bf26600577be32e0670411e99445d5c8cd2bb2d451ecb9fc01a16ee53efe377e7888a31259795f1cc77a962c7b33caca205fb83441318075eaacc0c483d4122c228ff7395f2d020324a3c3a3b26819e2f7b22bc
1787460236.408486 fcc_derived_config RSSI spike: -42.0
  -> 255 68238a576ec5ac34179dfa08d134681e653ef866c30f1486d97fc78a790db0fd0dcbafeacb91f07933fbef3fa222d5eed2e1e3d01370f7fba7c51785013364f572a4553a3a2d7ae434ec5c1b2eff7b079207abb7024e597af8e86019438a63444838dd86ac091ec0c8a7015908ee1bc674ea0644a05e5329705f6034def3c0d2c672ca26ce72cfad21e62ec2e789a07b49a2898e4578253bbb7a8d942e059cfce2a0cfb777144c5e8269542560c21fb28ee8a28e7c9e51f1636876e075425c7f5685ed71343585c2757ddb233c91dbe919fbcdaa43d219b0fcad6fe3c432cf315fc1772b08beee4b901b018276799d970de0e711c871360a00cf2d267c0e9b
1787460236.408763 fcc_derived_config RSSI spike: -42.5
  -> 255 95eb9cc2b30b89025f0a7ceccb97c4bac505decc5b7a75bd7ac3f0d48f950592314457a60268e284393e7bec5b4e2d01d35c15e33e842360193afcc2d8adc49a2fc44d118911a85dafa5a937da39d91086edb4828381cfc92979df326199ede930e7df32ba9b4770581b92bfcafa15599e13562d1470ec50902bccd9c348f2d84019132a4573525bde16215f37ac0d74d01bb6aadfdb5372b66b77e418cd99827a5f605823a475eca6d05b95098628850204ffef32ad02648d3f57ec30ecf2e63d90a7e03a3f5c088db5d15f02f98b733b4674d875fde4e437cbc5220f27543c4b257af4cc756f1cb8b06e7c5633ea55de1f13e6ad36cfcd29101cd07c0e8a
1787460236.409034 fcc_derived_config RSSI spike: -42.5
  -> 255 a4a5232ba03e7134d809d50e9cadabe88b22ec33ba04a2619b0f58dee0a1af85c16e7b48c20ed365525a5aaf1a8f702cf4c7a5ea510516eff4d592b995a35763e2a3db34e3e379ad417f2d65dd6bdf3821f3bfe73cb5ecc9ae0ae7561c0de522b5ad1d24d6098fbbaa7be02ef520b3b86ead12fc19e34cf1fa5f03c844a1107b864b284a7cf3a74e1a19eb5499ff68966c8d8b4c7040c3ba86f6f81ae7863a97f94cb557bb3b6132889f15af9fa8a1f239ff5ea004f4cf8299aa98a63d54b6261989535eade3af22b0c69e3b61f01691ebbb6db24fa5a3bcd5d86a9739a26b639e489a4003ed3996781c42af2fcfc205d9c10d16772db367953d62d03eff9d
1787460236.409278 fcc_derived_config RSSI spike: -42.5
  -> 255 fd65e9070165f7bcc3f41a24a4532f3c086e25191588ac36ec145cdb062ea59b0bbe3fe5a187993979ccfcc43acdac248c6f3b516ea66d55367f90f4d9b931f0a7a2958d430ee3a7b93fc080951802e1b33b6ff75e0e700b812cbf1ac59fefbba680191c3ded707bc5e6d10ddaa8057e7889cfd5d6d59c535aa31477df60e27efbdac1f596fd316b71d587273ea0dad3d8ca54849535a5095caae4afff90b75728b5661256e36e62418875e87552af81f2fe86806b7e56783153de382f8b45aab65633987af3514e2c1d58df050892e047b9caff0048386cb64a715a00c1e6fd3c7b65c4a1c90ade41708d2cfd846f3be43b9e20848720199e2e4dddc5bbe6
1787460236.4095008 fcc_derived_config RSSI spike: -42.5
  -> 255 22a2aaa38b70098c4616157754704b6dcb14cb61594c085280877dd06ca1ff8b599fad52a7a0f1054ddf035ce31c350e86d20c4d468c1d305ff4dca304e15dca6b22afb42fd81dd73c0ea664c9854affc4c57d48fea6cff5e1ce3a80ef0968396ed62eb8ff1e92219e8a18efdcf062a06d4ecdc4045447008faf36a1533e3aa62d09d343c340ebc29d436ca3061ba9a38fdd1da113ef55eb5b175c4eca0e98e891fb033d423c33ca9046399dbc5538e43102b540b3efcefd1050ae14e615a310bd7d9c815856cb98d2cd890876801fbe6749636c0a747dd98b17e7cafae116ec646f09bf905c981da0e3f224f50866d18b5dbe2af28fc961279d99ca3999fb
1787460236.409764 fcc_derived_config RSSI spike: -42.5
  -> 255 d975713ead8ca9a96bbd5b309bcd56c013e7c090f3f5250984ff2cf570f5166b59aadd2bd2071a6cf8b299f2fc3d99a0d1afc98531a42c7e058a8e579028b4880a2ca60be2ad259d2c27bc50a5d5cb3fa5ca2d800bf8ab6e1e92811d00abf0b06b845ae01e634335460970a321f66a58829f0f7ecae226d9f6bcb935efa31c405934bc41aaece8f24926c3b369cf180ff08ba1dbf7b562cf8d80166bc16feb4f7c12964c84d9cc32736ab7ea01e17af8af16c26726be5946881cebbda8a7f57b730be8bbd7d4f4ab43809e7d3c33d5f4c94953c7a3de95529f4da70dd89ebd44590988defaea818fdea5f5e979181fefd7792dae931c4e07fd4e799f1ce9b1
1787460236.4100301 fcc_derived_config RSSI spike: -42.5
  -> 255 65b25780d671c574b69d122902f5f6bbbd958d901673d8d37ff7e5e9366e8e1aed3ac7c776e495dbbdb50c2618f12b1c8ccab418c00124a5091aeacff9ab5fbd5103ad8d19860a2635d2bf5708bc8d0587b8710ae60623d885a7abbc06afd03a4de9bd4b1b2c5acf682958497bdda5879bbb7d1acee219627f9ec67049b131fc1dd3d55a65660aaf6ab103fd6bc13464736cc24f5226e2ab8bf1959f402eb492e409cfffa85da4baa1f2d5ee590182a4647ae95d0974438b3a7b2510f5decb2c28f94d51d1e67b15f22dc2491fa29870ecf681249a0f9778b89d4cd2008ccb5dfd00102beb3542d41df175f293285342da59cc2e3e31eaf47a446c92a41988
1787460236.410306 fcc_derived_config RSSI spike: -42.0
  -> 255 3949a64f6fad60fed32e9a0fe25016639599b9a492dbe50c1b7d07be327b7e7c4ab4ad386787b30338165236278ac509df8b03189b7bf4fa85c9a8ee9093d4dc298144f21d07945d3337b7730e87f0060c5c18c36a1654cce76141b2f136e8ad5a33a2012965b9a685a0111e3730bc1a3cf5ebeacc9047fe49c35a8342db97db3933e442f5c490ccb76c8615dc65854ed32298571927f959934a0c8da2a3db458df8d2fb38afc0fbfacc63e050db0d5031859e3141e6fc77fbf888150b15c4a9928a0568566b24a13823ac95cdb5b570cf4fe3dfddee61618a9e0869cef6b5db59f0f72ec532d2a96f76a6089feb9f46b424989dabdfdd6b931a248e6bbee3
1787460236.410541 fcc_derived_config RSSI spike: -42.5
  -> 255 fdc9742e8ffdf28a1dc535fc69c18f1c59c801b427be0e7d2f80f8b7be38f56794c40d95eb9fa5ed202d0e0565eda69459c29fe4806c0c00a942e10fa9a502c459756000dec12cf3e4507a0fdee84079a2eefb4481d7259600fd238523667ec0bff36599684f741a0b5ae634ea68afac0b6175e8474eef83e77ee2d17b9b8f8a8944e181c76a9883e00e03b7bb76f4a4ad8e8d3b7010472976dfd414f37a175efd7580a2d3df6c4b451a7f833f7df31cf7aca49987ba8b378164a0d13fb971fb0b580939f89548c39156c0cbe27702909a0d10e36eda887f9c8c6a1743d1cd1b320d1adbe540d74c9e6425f8e6c137b36d56187d9dee9553dbdde942693290
1787460236.410772 fcc_derived_config RSSI spike: -42.5
  -> 255 19a01e0a6521d9d93a4bb0ab7323c720908a8a28d6193fe38c5eb895c7c3800676dbac38cd067ee38c08b36e94e3af9e0796decd6f09ec673ca90810d42b31db5e883c8c9b839d0d2b482c00ff8b3c31cce5f493275d3805dcc804bae7e8a74dc55d339b1a3587bbb458c5936c66c4b54a0d044d2ebbc6f1b63f8dd634b84699428b3b7a0201305783d33c5212c383c4d9e9fa7663ae9f08f2c797c950589d6ecec33305711906be49d90cc53894825d94a538932a724ec3f7be77b53e6657938ef5fe34bf16e9b09339b9fed186a96f719ee6983498d620b363e1cdc24256d172206b58252784f0f50e73a1da6daed31fe80ddef4f991dddfe56fd0f9e955
1787460236.41103 fcc_derived_config RSSI spike: -42.5
  -> 255 2e0c64bd50d227abdf54845bd5d87393337fc0b69347950534f4431bed6b833242b5a5816202ef2224d260b272abb7c3553c4846d326410f735ec46c8c13d57af99ec38ccb1d612d1febad47661d68b8e294a640b238f6e0350c6d578651fe9f69369d7e991fb6e3541a03158293eab1118ef6e8d1ca20be48794b8a61a711fabfa74e703d965e127cf51ef30b249e56dbdbffa0a45f7cd4348514ff6632c61719f70b0ca978f40e217e50791238257fe6e30a518824bbad52896516d636f7f44d08720de9e92e64ad402eef701040f7b9942a0fa551988c36d7dfd358fcf83bf21e77c07cdc47d2d105961efa9c5ea4513def13cc88656ea3d7b3557a726c
1787460236.411267 fcc_derived_config RSSI spike: -42.5
  -> 255 e0bf73375de0001597029f21e747ebc1f29050e9caaa8200f839297fa2ac60f40478a8578fdd062227bdf30ce105fe556b31df3f2c059ccc5e4396c9f0d8d2800d25b3b8bf2c230e3a2928a5e46cc25a8985e718ba96c126378295c215e5b959c596f7832dac5fcf0d7e37ad1a908515b71c1f8918405b53ec932faa353632e2c8b2a4f95be5e9fec47c3fa76257a309cb364c4bfbbea82b919ec8ca93d64e1a638ef4e15ffd4edeebe7ce2f909bc226ba112368cceb1cadc05cc70a0f0676cdb3e67b5cc93a0e0f62480d06ace195d39851c16683f8af43aae994151719afdb2ba0e1030817dac9a2d3509c1ff5b722c4daa50d2638057d24b89c86cc6390
1787460236.411536 fcc_derived_config RSSI spike: -42.5
  -> 255 5d1b7a5660c1d5cf20c9ff5c6d212515d4618d3d414ac5fef6f8630ccd4a77adc539caaf577796368f6292c07a1fab4d51eb216f8cb79fe77fe4ef9a90526b5a500346cb82a1fe04ee56b65f54b6a9aac3303ec79a4c4d2c53a6b85ea8fcf741adec881cbb59a0c655f5a431c0f4a9173ea7291ec4df4507383733f5e41f3c6fd1ba2db86495a14507bc9aa3d3fc809b926560023ef8640e98d544a298ae0ef8d165c7270099cc46a0190aec9dbd36ce8f4104ea766696186301b2335cd7b9d56f239c28c58f90cc9f21ccf6d04a00a320450f0aa899978296c2494044309f36199de4502220317d1285da9d57cdeb82df7a22873def5cabd9c1ed742af479
1787460236.41178 fcc_derived_config RSSI spike: -42.5
  -> 255 51e5dd8832a8901765df51cdf556ff704ebdace22c1a57bd5ddcc84bd32b9c596ce71815162ed09bde8482c14987ff618ffe888a1df5a4c0e369c06ee75eda3d6976795a541fc4e5682c86ec9b356ff89d870e726f796de59899d289c5b42dca17f902645d00dcc072b0fba85e81fde521e1d15d175336f0bdfcda4f0886e3c29e5e451d992e7137b5347bbb71bdf34b065e021114ad9b9ea75f973afd34f3dd538745ae35ce6a5e3df052b3ed0628015dd354ec3ac514916dddce46d3dac2cdaf9bec51853236937c77f2c5c47a8dca4ec34506e288a51d612cdcc090c45472ac3797300c03e714976209063ce1dbc1b092beb528a161e6d3f5d186db35e1
1787460236.412024 fcc_derived_config RSSI spike: -42.5
  -> 255 f3d00fa18a28b180e66026873f4f81892381bff5f9a28978174c0f31cd50331a64f68e2db0d571e20a9348b6f00550aac7b3bc3d2bc06e0b141c7f4c4f6fc81ef18f1bd007f132468f40790a58f015d0231a683233d77dcd43185163592ad95af9163d435ff734888607004103b2ce8c2a66f5634bbb434880b588c988eaae244bcf6a0680c0a3a50a7cbff35f39d35240a50e72a5978ee7773caf26a7620051d8a719c33a25673661511d94503791f6d08106a5033f9e0b4e04e1000c97fdd4711005b7de90db4b8c939c7eb04bcbb5ab33b1182ab5ea347eb5bfbee4ffd07b637c3b9ed2ca5d94ae95c9bc602f0a5b684accd461abdce63117698fc07f26
1787460236.4122639 fcc_derived_config RSSI spike: -42.5
  -> 255 f578a43444e2a0aae68fc391a17fc221a3360297c9398b46199180f5ed20a3db6cf2d77e6982647e9bfc34ddbc1215f37ba4d775dbaf5f725260ab0a3acbb9bbe761c03edd34f9d327f7334f974ba98f33b806c32a1b1c7acae7965e9ba83781077bb86f1c16911cbfce67dc4485fb3b3ab94c3fb89cbfae3409865ee589f52c947ccb30368d9e54659b386e3ee9bbca3c429d2181a6b63dbe412781f29d00d276fcd3fcb4850085af2b8531c45067832880cbe024cfd250c7e52ce49318da22cdcbebb2878dfd2cf4ddc1aa1f0cdd25f07624655ce9fa848d07198a25c5a8d6971d2da920d7b9e99e6c47572c8de6b9176c4044d6102f6964953abcad9c93
1787460236.41249 fcc_derived_config RSSI spike: -42.5
  -> 255 ef254a3077693df92e8e85f3af5dc3a02b28b16b81a77899dbcbb7ce5975bb671a0ebecc9db216bb88b2ccaae8e037cc8d2c565683aa9d43b882cda7b87d59bc87fc913db2ad17a0eec604a0f597e1f87508d43b684be61df2bc999956dfa113c949f00209bf916e72137fb3aca8f6fc8338b8a6c98de6a082c8d80b54f45b861871eb9129a051c66321715274a6b7d9ef07d9a79caccc7b9f774ce6b461a766cb173a352c8e853b6c9b4c340c784b72d007f0dc2aef28162f2d40d6335c05fc5fa18b9e77dfc4335d248dfbf059f24ff9dc7330bb0b6d7a51b5f65722dc7ca961b86ca77cc3e41e6b40c2ed4b59747c4c39546300378c6420f9daf7565d9b
1787460236.412761 fcc_derived_config RSSI spike: -42.5
  -> 255 c302be5dc2bfb7929a9d146b8df9b64b24794c347b8d2d6df5f87ac28ec0e03d6df2b5a9e7d7edbf4c08cbc60b3e31eafee1858bf3e098616baee5f3801cbc77e78d84a5f9d84deeb924ffd633c2b69939aba25f6536286961610dd5eabc405923f5c3cd8cd260e214992f8766e56c9490619da57435f2d50bf8ef6ba613016ece50fd1eb11e53685e29c5dc226bdd1cde85e51ce4ed3dc7f0fe6fd4046ffeea8af9b886bad2e13d89dad7e6096850f7f1bf155abcf2b87eb8f1d8e9bcbb9a9c82f9a4cf98f737b77ae7be08b9fe1db764c20379f41fb77e841424bf046eb889aab04141f6ad35caa1dcff5adf02e76995cd5d7d7faad277a28468ec0079d6
1787460236.413026 fcc_derived_config RSSI spike: -42.5
  -> 255 96bea1438e0c374dc997660b474c279e506ea219c48c201d6b091567fdcfab5fc1a7a7140d1ffd2fde8f7054a3977dd1f1da1cfa51831af3895c9c1784ed4ab8dae70a04ef9fdb7c09921c1b9e6526c8400a5596c139942c98d40ce61209516507bd4779f14bf3e83bded277ec9ca2a7e21932d9e80b1a50f45fa8a9ae909de841fdc2a066e49a7224f7c46950a52ccf3967bbac7d2cc25959c24f3cc436b85e6377815a248537470ba74bf6b4824bc38664164833121e6ead70bb261b7720e6dd973c0dbe5fd50fe219f370051708d7a3a8ad645b5c3f08ba969e1da9e30d06ccb91d828163baaa3ec074c7432b5abac8793603ee51e4e23a5d467ae1bf4e
1787460236.4132638 fcc_derived_config RSSI spike: -72.0
  -> 255 1a1c4718927eadde9d4587ee8e558b0c75a4c6a92723a74b6fbf70599963f44a1e78f344503ca2b34bbc6d0ec98d9f0f860820b27556bef2f71e1869ee2f7226836f4bfd20f29b1ffe9cb4eccae0801bb123616f39c7367614403d4a31387c3863caa8c656a15293a3703ce82e0233093fc193aeef8de72a8533ab5bafb16c099e79ddccc25d6be08f65888bd7e1a46a29cf4ac2bd6ccb18b09e9a7724027ba98c3d37c077195c174e5dd96b2f1495cdaa4dec2f5cacdb4e10fd63ba9fdd0082a989713176fb44596775f8de9c8f65893b3acc58ef4e1436cd2f7336c452a7150f6f44f5e43916763381d69d049696d581a22918db843b1acfa2a23047a1dd
  ...heartbeat: 660000 iters, 154.2s elapsed, 1039 hits so far
  ...heartbeat: 680000 iters, 158.8s elapsed, 1039 hits so far
  ...heartbeat: 700000 iters, 163.5s elapsed, 1039 hits so far
  ...heartbeat: 720000 iters, 168.1s elapsed, 1039 hits so far
  ...heartbeat: 740000 iters, 172.8s elapsed, 1039 hits so far
  ...heartbeat: 760000 iters, 177.4s elapsed, 1039 hits so far
1787460263.0544782 fcc_derived_config RSSI spike: -42.5
  -> 255 3dd56f3cec66bf9123e976bdda194534f573278e31d4e898f4f4e4b4abed3ca34d03c3a2f07a55dd3b4264730f67f7f7a1e6e837c8ec609803dcde75057517abf1e36ff3c0392735a1a9b7f9421fea984a4325b368e58b10f3e505f3771284d5f1fdd919f2676d0542efafa3fa87977bf98f951490f663daa4a4b14fa4f0c7cbb72e9e227df472708037ba11652ebc295de2020cc3aa2bd45f7c19d7f1b378c63dbdd8d1e40835e5bda8296ecbee7478350ea6844d9d283600b3700513cf31127abdb55187a2efddebe750033ef6cb4e100d2a02ea5f54457838803615bfcf6805a2cdb42b9e37ed1b5db46f89a324f13923e15772c3e8f212a714e3e27859
1787460263.0547671 fcc_derived_config RSSI spike: -43.0
  -> 255 4143b5571b093e7426af09b9546f973a544d36d6ba49bdc2794a531a879a9ac5cfd0b701b80bba8c549a9a66658596adb2f14b7cdbd79c331461dead4d4d6e2a7428312ca714026ca1615fca9aef250fc91cab1d7d842c3a454c7bec5c5a07585029f7345ec1f4e3f7ceea0367de1db32e783ad6f7f102d8b4f00d985883573009cfbf9330659e957f9868d2e019474aaeb33c558dffb75d2c1e0db0c2987f42b9bf2e6e8ef062713a6589880e17d67c002bf757a04d1cb5be633bf882018498de8f9e076256a6c5bbc6753414b674d583ad3058ec0a250dee24fc51e3db013b9c41e964a753ff3b416c53dd46e8675494393ce6bf1d5ea81f5091320b52d6
1787460263.0550342 fcc_derived_config RSSI spike: -43.0
  -> 255 c8afd77bee7a823f7ce4b1cf82abc14599cf0f7454ed38992c2132079969696c1ddc7c1b86442654c2b2b9bd962aa531421f39218332e93e707d949f23b4dd4390ae467c3057d60796603ad4af6ac00978af82407f982b87309f198d884bb529def2a2977b5efbc118b0ab62a863b01c62999b1c03a135e8bc72e4004286a735b9e778d1761bb4499e996104bca0297d8ad0905350a86a328f5da33c150bbd21fadeda8ce2481f267376e04d325577c39ca84bdbb0b3e7c505972b256e9e1ec6ba9f6daeec363731f3d53925378573dcf0c75c410b45f3d819dca2dbd429814d23c6f96fe68f499b8578cb74a1ea68221d7c021839f0f77a2c33501c86f7af
1787460263.055296 fcc_derived_config RSSI spike: -43.0
  -> 255 95123581b7e054db793be7f6d6083fdbd33c3e15c27f92a9b795c4617e88979bb3c9f7c1fb4336280a5a289dc89e7108d7080443742c0fda56a8fda909f4307b9ecdd805b9817826e94e0db12bb961c95c4ab70fdf0fd7131d84177ba911968e0cf21827d43a991bde3f268dfb101f368e24a250b0925fbe2af8072622388ae5dd801bfd5502dc3432b26c988e9f045cbca2ba5ffaf84d8098538a213a2221eef1f93231bf0b508f473c7021531b8be65c59927438216cabfc468b80cfe9746b6af7b26d1672878563ee0053f1b0972112a044fc2189f5976b7681a519986b8bb51fbfa4349a86383cb5e73d7fcfbbbeeadb8320414023733c07ae915581e2
1787460263.055547 fcc_derived_config RSSI spike: -43.0
  -> 255 12493f140af0b166e40d32528f227c83951cdd0a722179e54dd8a6235964aeb5748dd820fbde8afc418f018577fb443d1b9fa0ba951a5dfec6eaa9755eb223a1822ad960d169b8783ee9bc8bb9260f922835582105fdb2c3a734e1566885a1fc8ce4111bad47f3773f6df420ac15ecd425bc8eb8b255cfccb8679891f5e2ac5b56d7748535c226b5055970cad5b4aba8c3059917cc5d277bb0f12c50169c6a42984da1d126d35c176de913818ee49d1e7b8afc1ec84c7d1098d6e733b2054ec020690d311d3bb20f0e9494f6e89f68be69cd013ad31ebb76dfcf7d5fef2d6e40d7107b4597971ab8f1b96ae5345da794c0beddb1118be31d3107208dead20f
1787460263.055773 fcc_derived_config RSSI spike: -43.0
  -> 255 5b614acf254e15a428c1ed57eed677ff3ec85288b889bff06a9b4f2da379323e4e33df6e30a5c77ac7dd0f7d5ce27dc944a38bcff1da34fd5a3c2263d3429067d3c8fcda0be17f9e72ff0997b4705988fa43154ebf89e767fa524c6d5a5f6adbb3c7a9229afe963042f9c90ae2419d0bdee6bff1d89448f89a5d6b3949141e677f0ae6fbd34fbb94148268d906b5977073ffa842fa8fabb4d0782fad241192c1a791df6d7abefb069c3076f934700a3cf3e0b70c3867eeaa81faa7f284404c406d00556737314438675a5a103bb56c8f170b1c84c8be16f290ca276c35455b507230581e436bf2be45ca35393dc1f415c2ff093899100c3048362b5b4851aa
1787460263.056053 fcc_derived_config RSSI spike: -43.0
  -> 255 189ff318043c3af3f803989a1ec3efdc3ac0d3c35aec63494b83051075e0c3a09ada16c41405eb315f1d3e791638820fd9ee64ca0319678498c57b6be822f78873b97fe12481cce370382f1ceaa9dcfe396233f9c357e1dea1737a479267ddfa9a2f358b5f4b7f9ab5f33fa9690e6560cd84a3cea2cc6f87fb219541ffa0d614be8d4a6ac3c2d04c99910c8c0ef0e24084d2154d66d72d6fd16edaa97786de8bb3874e6c4f3c07294f31a85c7b615a61ddafa6d87bf8d33c8c05c47b6331f1cc94da311f1b3f416c93cf0ee6a0d38dde81cc7133cd23bfab17c5943be0476d051176df1d90b2bae02fe0bb68f0c57dd056a962fef5da167373c4505f087790
1787460263.0563278 fcc_derived_config RSSI spike: -43.0
  -> 255 74d06f1617f74619b0b979db03a0e9c08f4d8c5dd69b56f09044e1f4b07dd767d8a806269b909a5b6fefaad303ddba5f821bc5107f5f2715fd1e60edaa7b75a9075ef68ea2bb1cd73e200bbbc8695be753aa93d2cf30a289e8e7511863b96891123cd03798394f4afe2504cbc09b5cd2206ac862cde14af4d87c16ee0488d5beb2ba1d1e67be2cc776790e2b6d8fad912644edd6990ec5b239f34afa8c55fba566493811a12abdb9a4f877646e703aca46e435911735b1cfea9f280e700df60dcb89eb8197929a50106c2798c3738da6672e700b3061129eb4136f398fe31b88b27ecd0abf907729d5e3d3e6f13325c73a2bbb434d480253fca5e88d22a4d2
1787460263.0565948 fcc_derived_config RSSI spike: -42.5
  -> 255 a445b4d1ce99222048f25ea1b48a1e607439286a36ed101da3f1853d97d559a468ae9ef462137d234cb49b6489da3bc4914312e83fa505f7717c857e44a9c0d0a395ab904be2163b551e44961a12a36ea52399bf826bb233a40c9f15287e2fb4f1f43528d35768c02efbf2e63afb01cf7bf4c509a82fb61a0012d2e6035a997b1b3a761fba00309ec04e5717bc693c3df529691b0b5bd0f4151dc7c45b126c0b0c3948e8336f32e0b3294512f72518f1f8ca86296797555aa5582fbd9c23fef8b1343c2a0ee1d2238811bf30b31614b3ab194a155d38ac3fb3e48e3dc55091831270b43af757fbe2146e8efe750921239eee136fe1dac109e7598d02ce93cd
1787460263.0568871 fcc_derived_config RSSI spike: -42.5
  -> 255 aa56e2ef723adf6261652b7947b66fe96e88663829982f3af463a5edb3e4edc1c3dec86f2e7a3a16fd96511d62189f9c0facde966b91597a55fd8d302a14c947f928c3be841606414c0714d8a8b5d733d9309f8bfae6cd70957e0328858639312d1a95731e0411ba39b835b5ba5f3be720d1998f295147f4cd26288580a751aa3a5816a3589cc300253136887058e270313dc0a37bb115361d3be33469e9173381f181d915d8274690a3c4dcda7eb1767ab9bfcdec29440f62cfed84093e6d9b71a9042226ebef72c366153794d3e4d2ce5fa0a8d218c7cbee7b8f5deed06c572034639e85f9bcf2cf74b17a494ffbce9eb8a7fb6eaf3f932eb5e52d876913
1787460263.057157 fcc_derived_config RSSI spike: -43.0
  -> 255 9abb4ec2ecddf6e39a48f68535f24ffe5ab96a96f7eeba50929f4f2528f325409d087cf549d56b069dbc555967c5993e304836ae2c049e7d076c18339251a259f8378f028f0e22e74a547504d8df9cc714714f1025ee842e52e79e282abe11317b83f95c77d6d4c05d6defcb8666b4e5c1827e71fc4d15d8ead0bb5ddb03ffd5bb23b8b1518e0e39d650560f0dad99fa71f114c03513421b49d5788b62d2fb1172596b9c5d8c7a711013d8b28b482e1b8f939cd9fe56660e28d8556ddf87f54888d8574439d1ab88585795208a372704995288d9d245abc30cf488058ca2e598b6af791c1264afb68188447987f7d35b177848476ddf74d4aa29a4b35875cc
1787460263.057409 fcc_derived_config RSSI spike: -43.0
  -> 255 9e1c3dcf08fc5ee14319d42eab314a846814d222e31fd5c74442e076f727b64a9511cc312ef583dd6d2ad366519c3d59a8e3c0b10604b9533c1cdc21d0bfd0ea85cce67a12f0b38aa7ef3a7ddb60f2c000635fd8acb69a46dcf44c51184d825a0aafcf8ecaddd690dc84ae129e8af3b0a626e338d087625b2532e996a3cba027af25a3dc25834bfd2eb03b518853c10af778a90a1257422176dec1169097347c354cc982b964b47cbb904bc92d6a8b2db43a5056f1bd6bcb88c442c2181f6ebc895d31cb92f1a5d4f06f753dbff34b777cfd5d83d5ce597c88c2cb449a14a0dbb73f84e580864defa22b87247042e17f395620b8885017e0ccc914ebf142da
1787460263.057654 fcc_derived_config RSSI spike: -42.5
  -> 255 8169567979daf21314a445f583475174c896f308d24e9d9c07ffe1728cbb49b296b3545140ec8be1d3f37a4e01aab209bc1dfcd2b434e66c1107cdf1a16824bf30d8680cf5b270277ae4987e8c5c287ac9b2a6c7b7cf49c542fa0cb3b2b8bac85686e9995ccce0290035d85bd4c34beda92c3c1ef9caf9c2ce63a368e1fb9b6f586b705c4e6611a96ec76750e32db2e0eb04b9fa2d6231ca82249336f4796feebfbd4c3d4b24f91f84b8e1cb29ce5c3b2a2b2052bdb0ba367d897ead52bb13b8b896555b73310ec51373660fc28ecec29d045ffeb50a47ddf638e22143ad92d40c46c941c165c01d3c57e7f86ed5b533c2395badedfff5ca7f8ca91dc3129e
1787460263.057896 fcc_derived_config RSSI spike: -43.0
  -> 255 712ef08019ffbced788273030d512e444248fc85ae0b1fb0dbcacdf3160eaed63e8927bf0c588e0651c69f6b42eb03da324f773d9bbe65708462f38706b8980c1b7f83639444f1e9157b3805dad0b17291a8afed6ef69a36070871bb50f9d16e90f7d83f39ad4b03863514949bb22d0fa845ab511dfc099a9d06426a5ac9e55eb899e1ee7fa9a1946fbb33cfb24a8e910c5de7be3f52e484096e692073d89a1f1c6e089c11871364c4b65a772fcaa2878fcc46f38ae2ca97eadd88ada79b1f7bd59e1d3ae7befc3855660833e1501810a1b317e842538ef22a915d1f0889d5815f3e1350e6d9ee1a8916154ef5cb2cf9a504e6375138af2ce7f778ef7a4044
1787460263.058187 fcc_derived_config RSSI spike: -42.5
  -> 255 6a87fd50c5b8afcd8fb5a1d3abcb241d4fdb4cf7742e57170958e7a0903e8a7d24600e02ceae66e7b53893b3998b3933e23cb2c004a3b548fb313b94398dff37fedc489ce4b7e9227179cbf9f021aa593e982bbcf84505690f30994802de931fb19e08ba384bf0a745a4b0ed32856af7ce2bea71a97f20a73e510f9746e31a5c34fbc3a853e3e76bf9b100688b1c4b160819d87a8d42f2cb5c2fe70744f873c63182efb1da1ef3c3fe99709b6f58fefc7167e6a48baca024eda0744c4226f14b8fe2e232d918fd7b584f191246b7509247702ca432bf0be63de98f9a18c86a5ac189e6ff30a19ed23343c9782022ffa92a506a031be5c603b2e99bb59af146
1787460263.058443 fcc_derived_config RSSI spike: -42.5
  -> 255 21947f4924d590950d77cb713850440b04f01937353d38f4cbc90bfe0ad81a2091065b58af7e5efc6772e8e5db448514644df35f5413d935e3863fb447ef578b2b126888e146e193cb9b589c1fc12bb3accc1e03760ebc45fafc9260c747caf978fd7bb8055ee73ed6c731ff56ee9529b980abeefbbd80f72a2e94b330df3c9e005cb36d4273c3d31eb1a37ae8bfc33fdc89379ce9320a6c3ee13484da3139c20d7cfddec610a1c0149030a419f344b4e59c8166d8c5bcdc3570133ed8c58106feecbc3156f274c54d7aaf4e82e1900884b7a55ee0e77432eba97b67dd3bc6ef7b8139499ec0a488669a4eab27fde7b0006672bce23fdee5e14fe9da3ff4f1
1787460263.058767 fcc_derived_config RSSI spike: -43.0
  -> 255 5f37a72023dffb77f993edaa11273b4dd4bf4a9b3c05f3b1a7f671a49e38587c6a2b53eee2c9806e749216f043bd5ce3e6206cbb76ec22c9c896f7f436d0f8053e5eff3aa957d0f9f7307a479d87e8b30f7c6f3d096eb3b7e9552ad5f6ab97ff3ab03e565363653aef6929b8d3fdd5e8a24e4266036b2fcfc5012f06ba250c713d094b9e1ea07ebee0d320d940fd94dc04acff346748333f18ce892ce7905b53fe6270c7f7790abbde33726d88ea454ba9597fdc210bcb0216a3c07c1be89ac4983f3588c4b1f2e7b0c5391ce8ff918446b355b9b8a7f62ce104013ba419338050384a7bdb9de4aa08df713f6e0c13eb1c99c14e3423b0b6c95f377e321117
1787460263.059032 fcc_derived_config RSSI spike: -42.5
  -> 255 522a216aeb5b5362cd32d23538df2b67b5dcc87eccdd90d1b0de14c58fe578ff1a20ce9726d9788631a27b5751d16df67e63ad9974e2f5ddba047d14ffd9f3aa3ae9499d291933b8db9cc1b77d88a1c0d2eebddbfdc7264c03d203afca95c26617d99d7152d7233f471eb3813e4c00aa35e21b150ff995a8125ddb9555910626c0418823b942be730d9cc3e4334092dde4362fecfca1f702208af17bfc972026d12ef6249660fbf1dca3a61b53e9d1c659f797bcd78d9e8b5bb6577025b8b9551478d129e54fcf9ecf73366f77f92844169d483b58e13c875cb96eb7673993c79c83af5331b506756426ae27f9be3743aa51a38eae32262f0778ce4c28d9bc
1787460263.059304 fcc_derived_config RSSI spike: -43.0
  -> 255 2840f5d40b14c9e2985139eb2aad6384a143565a56998e8147e6b70339e82e29adf5766bcf750040a123c6b29bfb9b8afa012e0e22e8eec8ac143de96a201fc71e1c4d983c7336ad5a74215360ae343dec214690d5da25f52acdc2c722d5f12028a045aa16a1ecad25f09059995593fa9cf0324f64ffcb9e375a70669cf6c6fb8fc7cc39d6037faccc98b9980c4e5696ba7507ca5dc7206f2af27d120cb9e866da729f5c8cd1d18feae9b8f66e93d723f4503be24c4fea649553a6740b16edad6587813a23aec280f6f28533bc986f015302bec6d72f4089a3a6720a1411f9e5b9bacd88b3fc34ffce3b8f1ae634eb37f318f07bfb0d8c246aa039f87c9166
1787460263.059521 fcc_derived_config RSSI spike: -42.5
  -> 255 3ef467f38280ab96ebfc3d6c48a9e8dee3053440dc2f963874decb09ed5026a63bd25cebd28061ae6165099c670e034dbe88575acacf684ad5d37086ddfa002ce19485b560b3e5862961bf980a1c92ca0e294589114809bc0ee84164026775d94c408f48d74303361edd410b36aea6944d4d042e958c731f3330fcd596dccf6f672a6184ebe9f1fa5ae3a285d2936213b5f53ec0d4613f4308329ff1fc7e50fdc4ac043e304810e21ab85bb925d22eb77fbf775c908cbc09887beea4fe5f7628b7c5371b1676f7c544adb2e9362527f3ee4f72e32c0d21ad21f7bb05939e8850e42c32dd96815d8d493f2c598c5dc3a93e0f9d32ac0a0ea186b61bb44a4976
1787460263.0597608 fcc_derived_config RSSI spike: -42.5
  -> 255 74c6473bbf113f6275c4cc1609e95832f35d3923db1d681d0adb8ca6dbaa8e57c1d8b58781f94ada1329fe10ad94e05a5fecb4b0ee5c92756c28d594f99f0313338045e86dbcfad86918560101746eaae449d74be3097194fb0e03460206e2a61c4016b7585eb002de6289fa34d040fb79b4cb579df062d0ce92694a0aef3237ed1a42a64247808deb187008dec6926fab26ef53f58b26c668efdf4964130dea2b6a83abe73d6a40d276911eb26a4a605c31b84d871350001d9ca74e22b5cc530535f0b8c69db0750a8f4cdad0bf624cddca9f752d22d65f18d1eddca742268c64759be909ce05433af2f36fac612d0464d1afd9b2071aaef66cf4051ed77a
1787460263.0600169 fcc_derived_config RSSI spike: -43.0
  -> 255 7778a455ff3f59de68e1aba9d33dd647d1a0d0b3af7cd2ad957e0f9bada746f78228dd876d60bfee40d955451b912c209111d1554ebfd2db871b70b46218826e314553fb80cad1f570e28decf4dc3200c51d45e789afbeed19f58af19ee4a1b8c32c8e3fccc542ba0a036a2fffa685782e6ad8c4e5e1e0f4c2aac4d465d9acfa0d3bcced5cb2a51ba1e83923fdc301a041257659b8bbf1707e7a0612cb13f7e7e7c112fcdb41316781770c5faecf34b67e227589614bb7981243c01f498656611d4a1158f03bfd4241aebcc17b23f004a428438942a2d1ee2f823285856a72f8886d83b16c3eeee26aeefbd4ba3eb2ce8f5fd7ed6478569b11cef70bab95db
1787460263.060271 fcc_derived_config RSSI spike: -43.0
  -> 255 c777c46a1aa9764798e7779b9a8ff652d550060594fd825ac963d90c1c482affacbbbde5c5a147762cd39b6055e57d58ff8fd82cbfd3112df87e37cea3a4813d151755f83d51276f046324e192067b37dce2efb2e2156d06bffd2af5acbe41d5ae7ae10197d6c8f26b5077f9c195dae1a986219202b0a013220ba8b92f2fa3c93cd4b96e426172b1f13216274330cbd0fc0ff4d21d85865953974b6db915831eb59b0415c05a0a5df2034aa2f6a52946f197dbec09bc427f7bdf9292019f2b588bdd497f653b07087fa9a41edf4475bd49a675ab89e23100160d9ef8d2b58c5d0cd95a380eddbcf9209f5f39e7240f9723ae30711113496ed5d8cded4b9dcf
1787460263.060534 fcc_derived_config RSSI spike: -43.0
  -> 255 5af05e5dbee55cb9fa2ff42c155cee6c2abb28b3deb04e953b5d277a2e5018aceda6ce4511f46bbf090b86b8da0109c8464ef074c6ea6b5cbb114df786cdc57cbf28d7d209c58dd6c8872b703d2012657e918a76fdd279294d3f96e2b5dc81fcf97129a3e2755a3305ee93ec2ff3bd6b420c9c2ffd8b33ffc3cb9fb8a66ee15660e23ce68c30e3d4f96a9c30c419fb390208c22629c0687d5f4804da9b3b6e88245ed5378f0bcda8601f4ff8a4824ec4d9dbe020cc5a37b0b19f1bfde9de0cda66ce417d88b54cc6b8ec989ffa4173f903df3e96b50ddbf5cef504a46ba07a46ea4158fb207cefa96f33667d3bd3a239870a1833145fdd04da5bc2776ba767
1787460263.060788 fcc_derived_config RSSI spike: -43.0
  -> 255 0cc82f0495682ab1077133afd9b0b2699a3322a1a4747632a27237dab3aca4464e5c9b799d7de8fa47ee7394f9ebe96307370c5a2f6e6887e84d6ce5250b6c17f0b3918c8fa5e3a0f319eec9eb39240a232e19a2cd1f41c84a3c50ac44bb4bc649af3503d67ebd568e342263b6c4e69c0c69c7a531bef17b429f97d6f5c666a60860fc849283ec4fb5725ea8323c2cb1c378649fde4806a55677b9cec6d2b91fabe594ef6cc88cbb534f7684a1d9827f425a86f87187038ab000183620486d44797f2ea383086eb683a5b2433a62bb127e08771070e224a99bb4da163e089c82c032e9fa76e9167058259ba7fb854a37b52a497fe26cad545671d3109b5cd2
1787460263.061024 fcc_derived_config RSSI spike: -43.0
  -> 255 b94413effd1dd4dab4721f53c8ddfd54ae7d398577ee3e08188bc0daee01500d7cc055134f256f52d264a04d2fce34ad9c674631eab7bbec4ebd8ffd527ce340442a9995362c319509e2eb4e9dd9aec20ba9c5e1f48a8059c0d7e33a8cd2eb2dd46a2a53d15146df4f361833d587534d2f583c0ccfb53a1c85c6321f42430c206b6aaec8f3c7520e441dfcb56830ae345c1b6b51485d960dd49e12843cfe35a84886dec6ae870ac3d2898fe224095dcfca62007b26c7fc9b8ca6c3fa3975b18a060d474b247064471203849360222103b8ce41c2acfee9313f0d07226562e8e33532b1bfcff1a6d21b972b36f12e0a136e4618c7d05e01531ac60f72ed00fc
1787460263.061255 fcc_derived_config RSSI spike: -43.0
  -> 255 9f756433ebc1d67f26b361bc5c01c8a32a3a3288af80066075de674f347f755d9a8d69d160feab1645ef55b46f35fb21de781c0d97ac063823a8cbfa4f1b07a04bbb3ebbf997491a09081677531fa9b89bac6ec488c3999cbbd3dc7b99a28d233a2d28514e1839f722956754d292cc081201aba5915c568bf134ae7e34af09a5cfed201b3a36f0ddac9e997a7c63c09084d79a8b7a28ff1a1927fd93f627901ae12ba791fa2fc686fb7ef08a48ef2d2fc977886c971f7c1840cf985a9cbb60d81855d286d1c7aa17d563a287a5a89ac7ab5134f22058d5161463ae3433958c4cce249e019d147687ee3f1f71883ac137e5829e6d1da3972e173e75c1d2b6a2
1787460263.061483 fcc_derived_config RSSI spike: -43.0
  -> 255 c7034ca222b9dc89984437f8836cfbd89d6d8d6abd05566dee72ae12bbec107fb1ae71d574e21bf57b20b6668dbae7da5622b49d265fc6eac173146f6d79aa6253cd914caf3a8c4d5bb29d57eb137801ac0e51e2661dfb643aa17a1913195a3a172f9792d70a854bbfaac2e62f87a06e672b903c4cd0474d2653b0935f255b6a00fc35c6874176f4d85ba8d8e5a0789fad430d1b0d08b927674f263491574f2f6c0b570d689cc8458fe6b3df4aff8d4cb286ae8e424bfbbf547db95008ec539db5b36f5bc0ef370747d5d54f44c2d3c3c1ad4d99bafef28245c4ef557b6163818789203eb07057bd54951a0cfee9e026e07492cb42dbb1a1766491380aa232
1787460263.062167 fcc_derived_config RSSI spike: -43.5
  -> 255 464ede4511d1c545e6bafa95eb97cc72112be44d6c0a28e4909a06548bd71c2462323a042a83d5406bd0713771c2da8e950d1874690c74878a732c4e004de9fecdb5eabb2edec49bbcc74ce85a74c3d7e242f3efb9c791add0b6acf4e7ac10f54c9d22aea451479729ed1d08116111a0be4f1e837813651ee6a73a2a4e56cb007ef891ffde6fb6a440185f3ab0ed390b895baf46633eb2432eb3c087f5dda69b853f31d4597ab3cfa6fe2327deb97f4af4f6be53fb50da4cb8ff129731617ceff40dc31182764809b05a36b2691cce249ae21780cd01ebec32837d2113878114ad9afbb1bc277f2ab4068ff0137a7d4665a9bdd78f3dbd28fb017c922887bf
1787460263.062382 fcc_derived_config RSSI spike: -43.5
  -> 255 389298247f5a2e6125d649a360c347aa6ea04a9718eee090a66adecbf5108426115f1c104068ba6dceeb6c8eabc87d6e011d5e33805f8e6b29871878901d644c99c3cbd42af9f9b11e6d734d95578075c60810c6086ecec435d887f692b16b95597a24da6060a53402d7999246bcd6603dfa529bb25895147be9904367cb03059dcbccdcd141dd68de40d28c389f3cf943ac18b51112953360137a6773fb9a5d9ab0af97b72dbba01e444a1aa070ecdefc6baf3cfca2227481bc4c52377f9e4ff1084d5c612191016660ebdaa26a7b1c00b5c77142339f99af7eb25927139fc6a3b0be3aee15f1a838086aecdeb96a85e002d9c7370c1f61fcf9ada546bca8
1787460263.062624 fcc_derived_config RSSI spike: -42.5
  -> 255 b9ea88da046ba5ac1447189d9f3e7f47d7cd1671858337acd4093bcc233ca1da6fb1e0d2e403aee4620dad4f277c891c15a88e2af6dbc7c179518e9405d065dbf8ceeb16ce787e919494d1a01ed39f72ca9e827566064435dd64f20bdea6bc9a00cd1ef6116a2df3a63c8589cfc25d2f022cd6cc27315aebb8d04b3303f77626e15a92f3079cfb01e37870f02a207f7b96813827c59e5383fea93d1d39b1e4f4e5f0aa7c59aaf953e24106feecb8f459a9789d585e957f1f2e94d858843d0e5c10594f45c9bc1165281426a83edecafdc9aa37800169148443ca296903e7a6aaf172b5595894749b61dec9e55d4b314ed3fb41d72f6da4722a3cf038514ab7
1787460263.062896 fcc_derived_config RSSI spike: -43.0
  -> 255 93eefbde1a1941c2a0d6c9abc7e589e52e969e5c01760b9ae5c1253f251eb8d17da7f2486451e35708b995576af43f8353f394bbf5f32dd6be70e5f6910a357625f3e0996693a9dbfe62f1bff537a0357450efe4e286d4e6270ebbbd1a259f7aff0fdfe4082faf40a4f186416cdcbca329eeb2ce56c1e62b379176268b055cb112f57636e12283c39bafa9903ab4b67fc475d2b5c853e0c3b3e2fbbca8bbaed624b0e6e93a6701a367c6e05e4e3e8785d7585b6e74087aa63e5eab9efc2a5da7bd3dd531ef1222e263c9267fac5b4220379639104ddf15fc0008bd2460415aca9a2a470ea566300e7459f0dc99657723e23d67b7d72afb6fa01d1f1d86f386
1787460263.063141 fcc_derived_config RSSI spike: -43.0
  -> 255 e480c24636253078ebe80a53a6e633de6b7cadc888d32ffaf9992d0a367cc338762fce755a58cdf3fac3c8cffad0cfe7f06cf5e4cefaee949be9d4c653d48522bffdc9dfa77c5315459144d29042baa4e42710cc216c60353ca54a57e4cec9b0a59338f214758d0401d04540ed90b7095fe9f6d31eee251fa72bbe80c24c8f36884835b9589e1c301a38c32bc17fabb43984bd2405af2a2244e70e1c764c53ccc8e45f2c67401987d1108a215bc456d7aff4d311cb1169dd1dff80d66992d25df07130b2d2c84deaff390de429a04d9def4787675b134ba39d70c86c1c6b5e473d76d46eaebf8c480767c1c49077e69f8a4abcda070f2555513e1e8841c3b9
1787460263.063367 fcc_derived_config RSSI spike: -43.0
  -> 255 25a1563421dd12903ccaae226f08aadeea6b3339651a729ef05d6d3666b2eb58a0ff739dd97e9a0a13947a7fc01c3715696e18da6686faea99ef6f9fb766c49ef91d99c9dcc31d9f9d92251d8051fcee54c07e734880ac3fb2dc8f61dbc0b1c083c9d988ac6c4ed9f9ba045ed578a88d0744792ddb71600dd23b67ccc2c49bd97d9ea3e0adc70d1a199df02b3b93fb3bd783988fc38e3836233e69e3f1ca7e73469337ede196e15b6379831e2a5200dd9d668b2a67d6315f2a71437fd4050316abda0ec5fd9714bbb90ff824f2a5b3da13d8ce68c83d181bd81de18e4db99efa1dfc3eb3742e0fdae44a03b64008fe3e86efbdffd71f726d02a6260492a5d6
1787460263.063622 fcc_derived_config RSSI spike: -43.0
  -> 255 b51cca588ca6fbebb75e562641920ff279febd9468e2efc09def90a759b4f11c69c1e5997f9ac80c628c4e620e65658b407030bf7b7cd999803fdfe0c22eab26ca12c87b76ccc58a357cc48c29c740efc69f6bc2ee009045f9351de68cb2c9e3a1fbf6aa602e8696208c887028b4848ab660c24a04da50553a12b4f84d9f278bb8097ce1d29cedf23d0722bfc4412386995a3b1244549156f7e3f1b7ec1337a14b2c17db1b3f66d15f8c29fe3804b6cb7b717d482f582f4f951aa60af3d57c6ac05091ee56d4785846c96bddfbc07fe2021bbd4f74ebf52dfe8305c13affb0eb0024a43a837fbc36bd56cbce09bbec07cf2f2d9792f6fd3af9652c8e9f6927
1787460263.063859 fcc_derived_config RSSI spike: -43.0
  -> 255 772c6d3a5fd041d4b1986daac09313e78d32a416573a6e3a19c0a076ad5ac2210350dc2ff0918129435c0feb33923414ec48c056cc257da579c70c6ee4d81d8b417c3aff7f10f31fb11eab6eb46b40e54d0a4b5459e77e26c93aa98b108a66fd1459f720b12c5bd86e5d1f4bcabff4f141ca6f0421b83db1892d32e142d6bb6df303b0ab57b4ee7599d5c5c5a950c599799493c20a6e59d69ba8e27d8d70d9b7dc9eb9ddb92a9fea90fe2f55f3c4420d93c914151b721126f75dded63368f4ae708518920961f5f7d35d6a46cb2210397d4e3b3eb6d837a777d91eb37e29880689808f4d76a7d1057cfb86ac00c8844ebb68084ad18aab74cc9b811012f074
1787460263.064085 fcc_derived_config RSSI spike: -43.0
  -> 255 5c1593812166de165587d3b04104d53b26bd0cd0cf192323e8cb4dee0aeb2dcc5b6fb5915ebafb106fbb2212d9a79fb58d4edc4c1ce1529fe30f1cbeb791898da64f5919d72a04bfb6d57381d7ed3bad028106a23e73850f3733089b49ba1b23f11a4620e99cfdb721bec7d2abb98cd3d58fc66b9e01ad16028e83a508f53885018e459af9e3ac8982a3823ec20f06ee8db4c8ef07cb03b58328b6759b588fce09dfa90ebc07b22b00a4466f37760cff93856de0df72df7c35a47fd6b6c2e8bb268fc318076367c480e62e1dc5095d68568814e8e7dc5144c37abd4980065e34829474c957b5ef716bf74ce739081a830edb30c6eb5b4300a54a690ddf0869
1787460263.06433 fcc_derived_config RSSI spike: -42.5
  -> 255 beb601e0b2441e88ff923e4d8741c10c0bbedc31bc28662e8989fda5c51cb5c151e79972e067210d4b433e183371d1425d1dc676e0c9219417578bff6f42f4731f8b5625c6c4c5554a0521aafa2c2e648f9e27d723bf199531af28a80b8aa38be5add143322bebf0b7b0bf7c9f3a1371bd1d0fb818218186ba450995012454f95836633ae73c36e9b2c7b554032bec6ef424b1400c3bee8a1915a3be22edda5e903110ca0c72750a7fda70bd55343fecf458286eb3922890b1fac9daed85cbf5baaddf95eece17d03272807c48a84429338f4009066ade0cc681a462b317b4ad053b11776fe3160003af4350379ffe60b322a198c313ba8d897e9168c013b7
1787460263.0645509 fcc_derived_config RSSI spike: -43.0
  -> 255 0b73fdd0436ba6a52594a0ed5cb49d53b3dc20b4b3da836005352746373e787b19ff653a65d1c8c14a2d4182c86a4b627dada3158bf56ba6bd1e9ae8aa98989e768dd1107eb7e5b9cd8bdf43ee0e9242bc73a14b55d76b9cd96fd0ff4a8202032ffe9fe4f22968f3eb5ffaa09e65efb2d0337bd258ab88ed138fafe4bb638e1633b986adc9c04d8df1f1bb4aec2fb74261663f1f811aa2d1bc7d66ddfaf1643dce694197f9ec44cdde9b993f90455a6dd321b00dd6040b604bb3630422bdf17579cdb0a2aa584d021378ac9f9d020b7b8c37ce31515d4cf625d0b2a001613742d0a68139061b1a6b356776ab030d33bf1e0ef9c477cb1ee72d17e5d5d281c5
1787460263.064852 fcc_derived_config RSSI spike: -43.0
  -> 255 734564b571d9ef6075ea6ed1c2df0fac1cce879bead7ca1f33e2ee3e9edecf261a1a77b3c71ed3dcb4bf6c93f44664665735876e2f3bd06d50bc718cc92756c209776c650f099bfd68b35ec6f1f340c238d81df266b94f04b3d691cbb383baa2abb2021bb481557a6f9da81e8040a673a9a8d06c5d81cd0da81298b95072e3c0fb24bbaedd0317678dfe525d049fc3f7b82b2c93257e82c4a36aeece328b54195ca41f1449959bd6db9ffbc10737ed50aa855d0a7a52557ae44cb8f609eca71dad944e4d3eb731b00235ec5504ebb847ed5ccef13d963dd8e96c453699e6c8bbcef0b1d37d360d56c95e4d1593dba0cda4cba3189f4fd532f4766d6f928707
1787460263.0651252 fcc_derived_config RSSI spike: -43.0
  -> 255 e56e20cdfec242e68d1bb2659940b2f29fe2c660f8959ce329b39f74123ef0ab85861ded89eeedee44d5f390dcb3098364a3818287f3006d579ae7221f6c463b02fe96f1fda764f1eeea09b5db41fb737264a95c44339c6f08a707a0aab3474a8c550246ae941b8dad7366767499112335aa834a10ae9be88837d2df2e2867ea1cfd14619700b9106b5cfdf0c09207030faf2380ecd25e647f3c85ab223639e4a1d9f44abcd8049e7a0332a5f817bdb82596b1ce280020e87476c4591e7e461d8e38626fd137916f603698155b07d5f2bbfa5273f60131e59bbf561a1213a0a935e751291a44f9d1fc10700a13d832914f8c67d9a2b1274c351e1298f49d35
1787460263.065397 fcc_derived_config RSSI spike: -43.0
  -> 255 94d189cde8e61fde187d56c76096c9492fabe69e8133fe98563ae733b561e458b200ac08b9a13c03a638f9cfbb09794870bd3d0d035e83167e177de656d65b2ebc695de04e0ffbf9e6fe501fdd8826878cff74c1e8c5dfd54752f76a515012980eb2e09968039ac26b8d9de1c91116f406406d19374815ccf055a0f96a6843e7f204858cfe96c051de871d48c1fbced1aa1bc4ee7f30c1030e262015d8af453929c87fdc1e117ea86930cec9d8b46a64fc875d46f1af25a0c94e19b4a9381c4993f1e4696fd2a6274dadaa6bde498c3184a9bade4cfe899b8f493cd63bb81631a0a892c0e7e749c6efd4785df6d75a92087bdd97915b990f3eaca046c11b74
1787460263.065629 fcc_derived_config RSSI spike: -42.5
  -> 255 ca13643e428358253aabd92387fce495ba1b3dacab815f4df9b5a61d601a88b6c2f345418223bb52ae9b10bd2374743e385b96ff855fc23dc190431d6daa703cea0b1cdb80df103ac3f920e0873d5d24660bfb256c6370fba8a762b10b30ef292b195a8a281d6f67b30b846db50bddba2cb9f34dfe1e73a0cb9ee7b837953634c2f5b5cec1e71393d8564d747f6288974affd172a6d6d70edf30176c759d4411986ebb9b156418129475b571a445e41c42dd5c0a20705a619d29c0ffce4d368053f3229b20c630cf11e8a72b2377bb2ad2ce1853910db9ac0565f0a8687909294a3b4682f52bec1681782152c68c035b4a98edb94019a8d7631ef32b95bb92
1787460263.0658822 fcc_derived_config RSSI spike: -42.5
  -> 255 67a5aaed559c76adc6c5e7d27a7d5f7d44fb12dcbd36fca7a16d0e86959513ba6d659ea7c80e54c87336f1182902309859ba8546fbef184fa6cb5739bc16f0b6ae5cc7dcbb9557c57e8fcd249e8f04efa320ddc527590d662603c0ff33be05ad695e9898384ba94e5358043047bbe00ecdbbdeb951b2a034892d7bc93ab514ef8f6d119f3dd4255c0ce2c53b4499624e753274514102e9e607648e660661e02d8d57d52715c71b48ebe09c3e2baafdb0010b585d87d82613b4aaf024d31345558dd3e06facafe1e2327d190083b0d78085d7b87d8d6e2639b855e51272d11c458eae01265add85baf88820f60efc48c6acc8fc7b6605dd2343526067bbb069
1787460263.066169 fcc_derived_config RSSI spike: -43.0
  -> 255 c9421febe7db7b77f3f4bc71505d7b983a30dff6c0342acfa0b0714a62c193b551ea9b6553e4c57ba0a951720070a5b0aecfce85b007527251743bbd462eb526f14737b5b72c0c75a00c08a2a9ef91e39324f08f1be39284aac8c364eb84fca41d5a86cfbe6ca367e557a4dc0aedbb6fb482f946273024d2d44be345780d7bea6e7f84d02d16229c6c1297bab23da05678769252ecdd65fb1067400fddd00f65caaf332ebc1fcc94c372c4a9280fb43e45c43563919b128aaed453b35db5d96fec20c552ed27dc6b8b30950a215d25ab7d4f4c32c2bc1f25e3e83ec53a31940495cdc038a5aceb264831b7ffa05e0b3df9d0bd641ac82561a8874ebb2cf762
1787460263.0663822 fcc_derived_config RSSI spike: -43.0
  -> 255 f18c428f3aac9efe9e64905efcdad039964f2267ae78bd901e159ea8ff4bafccfa6185e06fc3129620402c56892cab5ce2e1fe3bb1f00d5cf2f363c99927a389714ae34e9396b0f2581d48b05221685a2627b13f1549da8cda825981e074f8989d4921f50c582b5735767741e3f9f2254b564978026f20db3daa6e45cddc0300facf651453e9d1f0d17cb2b1852c26e87aca54052e89689bebe7f14c5ab918ce028b0e1713ff93faa54b8951e6ef3ccba43f541c55f8e089c4f23c61bf7c2efe9dbdef291f46833fac8f97805a16207fc09e1ea79899911d346623013a66dc2ecf962df649c01df20d766eb7cb4d3c57c0a64af8c5c931e7962168403e1ebc
1787460263.0666308 fcc_derived_config RSSI spike: -42.5
  -> 255 9cfa027fe3f690e3f32ee31bbb615b7814ab7d569ba44f22550a9de2e9e9ec5743a65f5453cdb36f1c1d9ff77e7a7b15f037c4d5f634a2ccd467217abd228b1716cf908b5098cefbc932c871306bb9c381ff17702f3218021082f82561b9f797069694dea7462ab9d884a9db9067011f72f41233baeb4c3de92477c849085f9aa54c28807c81e6585e3bd4ccddc5c7f09809daf6a833e875325fa9ba609d2be86d452de659b0b8b0d2512424499c38d0e8aa31b8d1fd26d5b1b153ad8b962fecee7eb76624d74b72661f9aeaa9ec8c9a77dc0391b0e324a713268ceee1e41b581507970192944f7b5ba9f64c64b59c3aa868e77edef465e1354db1ac8122ea
1787460263.066886 fcc_derived_config RSSI spike: -43.0
  -> 255 6509d374e2cef5c4ae30350972a2b4b5bcf754f58ed7469bde63f5bf66e8b6a81df260d733dbda6bfcb67d5898e44b82dd9183c34a9ce48caadb1c72838542dadd668585fd04adda2a9d5e88cffc9e07f58ce3b5ffac2d3d879b7ac07ceca1efc9719d480949819ca9f6c13e498b221dfabf200369c8675473c019e0d2c29bfa816f2e06396bbfeeb4137f99ac2d7a9a6fe255b6e6deae85ddee18f2157e209646c95020ca98a36ddcb60ecf56b1476b23ed6751c5c5fdc4f5bd33abd93b8ba7e513a26b83241fb1b699ecaeb5871a45f1f54b9024b0125b8ba8e49fc422cfac6e236022cca0095c9f1724045e90eae6dedba86d749225333a53bf3be38df7
1787460263.067116 fcc_derived_config RSSI spike: -43.0
  -> 255 8134a336529d7bcf3835e375ec2528dc83b085afa3348663fca29b27361778c5189a32b971383a629feb343c438cc20ff8e26f88a78bb3a5ed285a89e50570a8fd2778e5e9a68b8b02a6722f4415c5da112e889ece9af692c5459662eaa82275ef4df6e4f4d19e43b2569a1536b56bfb7ce102dee794a4c01c79daeb4485d4843c568eef765d552966b6544d4a2e5572e320bfe1ec7b7a96a8f7494f631a6175d50b23b9fd1fbfb9221f6d81c289854c34c3fe62d2e435591709edb0d74534df761a156e73d0aa016b4db96a2bb02a949a476b7481eb7d57973a2d410dd80586163627aeaba802ca27af0eeee21ca2b52dd7ada116254a3d890dfeb3e1ad18
1787460263.0673542 fcc_derived_config RSSI spike: -43.0
  -> 255 03d48d5409a3c40b830ef65844030d7002d1e3619789df848dee293ab81867cdac4699d16305492171ae687e8e92d36c417488e2d792f1bdaf0bed9ce6c66863d6027845b4873872451a179b997cd70797ae425ab2858f4ecf4255b16e31beaeb439e9040bd53405bdd75ddc219d240af61aa3f2cdce76b55d1415e85df8a6f7b41c01b174e3a5f066003ce279453bc592fa1d2f920f94773ff1c305570fec4d738ae89b488a25591455428bce234bb7c8c6c728a8b8ca647dfdb49e1c295c606363e00126bfc28201b1aabd255f04add44634329d4374a7d51ead4d3c5fb7bb069d0698ddc2d313d226b5f3f5c7b7231972cea5e32ad01f68e0218e267248
1787460263.067586 fcc_derived_config RSSI spike: -43.0
  -> 255 9c89d406963e618431cb5bc8f8e554c4456cf21ac47923ef251adb63e237d0c68c243c2ead00ba2f29e7f06dd0f3497c430b9084a257a00f95262f6af0c7743e2db7175d3dcf4c1642e96a85d5f140576e6517a749d1c427cac9a0af7b63204d933ee4cd4c6c4549b424723bf5dd5a1bd15fe316f3482a6d96e174df5666dfb8c501487ad6af0b3159b629198bd0c9cb7ca50a61b438da3c6d3dbf84e51f38a8e4ee7d60e44855f6bf9f9f02f3afe0e8214282019a5fa431eb774d9fd2d7744f626ff0a827e40a195272ff92e0418e4aa3d8a5cc4744bc00e5b214e488d42334e899b12ad7c1c2fa15995c0c4106c15d246ec8b8617933a59e1fe79f1165c5
1787460263.0678651 fcc_derived_config RSSI spike: -42.5
  -> 255 7dbc661705eb97f91e2c6654cf820f645bbcfa9f57fc247e222bf69291ac1cb8df11da27d008f36cecd5be23d733a06bb8f58ffeeb67d546188724f0578380701897077cffa36f3cb4267cdf161894d85e6223cfab38611e493046d2c9336e557dd637ae0f82af42756883a433003f307d912a05188779b455bae19bfe768a09d79a2a58a3ec84d9db98b0ffcfd2db8ea736df7b8f27f2105ff58585b46ebad087d93df6fe699deac2ae504858b89d4811cf149e0cca1a90186e3c4df03f95440b1e63de81a15492abd81d4b5b639aa57080986e25d674cfaf3db0ed084dcd49da2542ade405a8cfde0101d4f23df694daa05eced1b20c23dacd1cddf04b63
1787460263.068091 fcc_derived_config RSSI spike: -42.5
  -> 255 d844412dd41a2bb5bb02b46a80031f5a87e9df347dc08722de8931e5b6439c52f140452a7f8bbca3dde341180de188f00c7994c473b19321dc17a85f3af87e727a62937128c49fb3e593906205ab2caf040004500a3d1a40b225c3e5c6f96eb680e24cb887a103f1a4f6f31be67ac20b802050c31c3bfef52f2fc7e3b6112fdb2857d969f412695bbfdd0c9dd9036717a4495bcb89538d9c48b61ac586eed66beb6314cdb3b067ac4ff5a631c6490bfae703376c3a4f7ed2840f6e9c4403c827aca01056f09b3d96c9e0a8cb9290fd5fa6204fc8d7f878a0118781d04910dd57c41ee552b53adfc3e282cd0463555a57e5cb05fb8ad135261d7f912b8a5775
1787460263.068301 fcc_derived_config RSSI spike: -42.5
  -> 255 3d113168cfdc0de57ca78642cc999f402d597bf3940a004ac8b7f9803fd9ec9e3e7902149db4d7504668cbf420abf2388e78971ae7ba52211c048509afc9c7de9e99a834e236cecdbfdcfe71508f5f9726d3cde05bdc4688d17b0f919d05a21868395e7c58e29ee142448411310ff4dbed405a4b285156c7e523d0f75fb7735c0b935614b099c0149bc523919e7475f99385b9732c3f0b79eef15e2cb5db55380df8466efa203205abf92cc972132f7d85424a9a28a63d8d3d360564645ce12f67fefb94aed20ea7094e9020286730daf923fd172f4d7d0ca69e1ec5d9396262ab6cca68d4b38bce1cd6af450e42857f641c6e823cccca7530073c5ae8e589
1787460263.068529 fcc_derived_config RSSI spike: -43.0
  -> 255 457fb049d913ce2236fa8e89b2140ebb9038766e8031fa35f13fe717465adb8bbfafd1f1f73152e2fa3dd3cf11b94aea0c1b9c6ab450ffffd3b9e9153411b19f866c13052bd5702b18c2dd5f62ca841bc49f88f056010204438bf36c7759f724681fd4ea66dce2de46b10747367d981557bbacfc943507f52d1e54e6fd9b5135068ed12542d8f566137226fdadcfb704f21f341e2557e8b1273eb7f3340f01c991d244831a15cec61f585a943cbafb24e8ca7ef96cedf202447c7d7ec7ef83a99d944e507a3536d7d3a13aabad32a9fdb5405b136f33c72e4aeca8d81509859c18a9384af8e0955404702f52d5d5ecda27101e3f0f1d04b5d9dbe82fe62867
1787460263.0687628 fcc_derived_config RSSI spike: -42.5
  -> 255 a7ee4fa3813a9df18b404745cb6f0c7bd47f7bfe3c5110981ff86a5d0fa508533aaf47fff69a872b574484daa5b8579b0bc8b49a3403264340354254339f13540828535eba8b80e26f94761a13b10513cf767518f2646852c4ffa8bf22b86c23457315108887b02bc1d2ab55a4aecb0d4c252ac0c8af9cf6d060980b06e59d92657d18277769e66180cfa20b55b103ce58684f537307cfa1bbe65834e2cc39ac9900b5cbb400e7cf0a1f5f46a04511e1eb5b938387335ff07adc3f905f7f0b94b9a9a85f821158f382d52b93096ced02acffd90837fc7e92f7a3c90a6c733e81f7b06261ca356fd197dfd2a6b2d2c2dae07df05d34d2d240992f25c0505d48
1787460263.069012 fcc_derived_config RSSI spike: -43.0
  -> 255 1f89aae936782ffe58148f3669e7fb5418bbbc36b08e6c280b367919538fbc6dc16b787ccc3a6036a276a3c09fd8e00646fd6b10a8641ac9df45398d391c9858d22bd2772a3d3564596ebba9b7283acd6f714449233d9457374031ec4116b9b4c3af7e9d563f3cecfa480159fcc00bca4096f678106625221fd464daad5a5d22e0334ca71d1e73d9cc5eeff38e9b5aaa19eb5d82b414cb67ce42e265128d9bccbc4fd4086cbbee621631fe2d190f8deb043e4018bcc15de2ea10de7a80c4bdef09261d4e30179b064724560dabbb2ae20e673f9d7a9e7203dfe5082f03558a8aa5b02e86a8301b3ce6a0d2cde6d38248377474462a09e411adaa0161d804b0
1787460263.071148 fcc_derived_config RSSI spike: -43.5
  -> 255 af3cb16d36d967e5c640886d7827c8fe23bbe673bb3f7e9f193c08c90e6cc5359d7a85b157c4657760a82a29c915846ea8ae171f4d6ea589cc8c01f9553fecdc3e0806b1a211d0c4e65ae05d126d6ddaf913edc3d38e8e4f6c68587076e372af22c596083977e2fc24da210dd71583b51534c5592a4a16a5bbe0b12a28c8dafad8e55a18bc1f56e8b7790d809419fa83172921def7283893d063649db4b5da7b846583435861c586767cf080d692950b46cd8503ce591b3976b427a9fda20665ab2fe6e394132747c55a8974d78825c753a26e69e7f763fafb1bec2b281e57fe6a0132b65ec612891b0a1fafebc5a6b1b79121e0863710d55862defde2ba7a
1787460263.071383 fcc_derived_config RSSI spike: -42.0
  -> 255 bd8ded919dae0e1dba749234a2d5ebdba9c7b6a0ac3c0e44b1cdb44c9563457be29cc37fc3ca1882c46b19598d3f37ab38b90297efc3ca47612a2616c6175c82bebba459bff335f355b4cde90467f54bd888d1022c784bc884c14d0b87eca6bb38973ed9e0ffa2940f0fedfdbe61f4f89c0ec4fa401acdbf9a1f864acb77318554808deef5c510f76cc5317d1230474f5fedeb78de6850a9db5bc7f9b808d723318229ea9cd71a0aadef418a8bbf14b8e4f8b028c9ed98995108aeda5bd8be2b04d0f46901455be6cf62d643769984f006fe7463200c9e59627a6716ecf757cc9b5f7cd37d26752073bc357d9d80f207532e3e5db634bea969a72b40e768d3
1787460263.071649 fcc_derived_config RSSI spike: -41.5
  -> 255 fa8eb09118f7420d465161588725de692cdddc1d31c0deaf86cf2fd6371942bdb3fa018ec3dbd2c2d1e8aa57bf68b4bce21131f2614b0b880f38e10958df989d8460d833ec086e9e8021fdac4868d000b664e19b1bb79ad318ed07f7b47e93ed4f80a3fb96c76004a75656fea6297fe39e75e8f6c14885c4b259cf8233646f91c43eb24e98bc79b1a0d1146d38e6cb2df32a245a5ba3901ea97e20c74a575399f49be9d29017cfdcc3e1cd60e989c28d845f4d930ce0cb50255a76c4321c1f7da519138c2d310699be985d6959bb6a5243b7c20111f6da24ea98f2b0ca5be3cc7fc6331478f8faa18daa69343441d0250cff7abff0e68cfcff205933f5ea7c
1787460263.071903 fcc_derived_config RSSI spike: -41.5
  -> 255 13d0b4aa0e6e7adbceca84f8c483cdfa83cb038e1dcb8f1fb486a2cea3f38f3fb5548050947c9d6954aa6f017282c95a93bd2e1ad2f740b5cd3de092fcb263938b9cf16328184d2049347a8ef94a15d81984f69763b15a2cd552b8a74e1b6f59e99cf538bf348141a4e178f0d7d115ecdfb439a803a79af314a39f10b145e45486cefc8f28f5fea9590b3f4c3ad07544f8347cffd59790a2b5c776bd4fc842fb626692bbcae96b2f69462155403e4b45e22371a869a53b8cddf844de6f224f8032cb7550ef11abab14484db106d1a885e4efeebf53ccaba35ff17c429749466aedfca9995aee7af36c6bd25f8fc8eb886b18df5adff4a7501f7fe22f79afdf
1787460263.072161 fcc_derived_config RSSI spike: -41.5
  -> 255 e845f347f09c40053623bcd0f6233a3be1d2f01f9f52b3220858f8d6e9107b85e89d67fd8e13abc225b4e3b9d503aa02cd88c3dcf15382b53a0a661364315ce0157a9ec16d9f854f57e2f725320ddc19b76d5c44df2f6fe654ca16c819105bdeb4d83e7b42018dac63d9578fb16118fadcbb06cef11d634669417c63af6b95f919db7bf254cb75353b89e7c3119c55f7f281339acd6113a6614403114f0d4d289f67a993ac7e59bfb4ec06e8b322451403867c342a996118d96b84900286e2a04d4011bcee81d3e271f22ea19707d372fad8f4e7bf78677c2f45f216fe4d2638d36e32612b48043ee7b0ba6e4277c68c053d44a28f847a1e2e1404debc395f
1787460263.072417 fcc_derived_config RSSI spike: -41.5
  -> 255 d337d82cdceed254e5051db188af42361c773e9f8536e8be3dc905ca557dc8ce76e0edff5255c7f7019f4f8720f8b4c24e77e4454aef8b6e60548532dd2bdd5a8c456880d6dc0c6a7ee240cdc26880191ffdd964f98ee57fccfd8b99c4b3e608ef7b5e04ccb16912c94e8305db871217d2e36faa24d3dda7f185b9406867a742d940ccf99c0490e2ff23d70dab323cb5548d599941ba336a2f227b28ac0edb0db5aa83c4553beccc8ee11bd3c894ca268f436622c7062991de3958d067383d1f5495b12a6be52f31e925f46125376b2efb675d5b06d4b0b73f9debbab35827de5500e980ac52128fd58cbd68daf39d9ee4380b228d4c5ce3b953e97cf1caa3
1787460263.072664 fcc_derived_config RSSI spike: -41.5
  -> 255 98df8db30e24c1b7e7bb64de81d7bdfd12fc81a5e009e8e27e9ffcac5bff0737b53315c0c17866b2c7ef88ca29db7370c9d4d7920514234c4a7d5cdb7ed5b0309c25318b825cdaa66bfb7d8f03fffa9baff593c3dca6ad6b6ca26c138e1c6f167676d33cb55f9e8db09e505a9f459bf5dcdbde3095670dac9d446193a0500fd493ce6dd46703364c35e3d9c75925bb9c27edd1f5013c7c2e9426d645773a99d7393ab49b830d8f5323db30e72e85afdec826f1cf91b47de8a63dea1736966af45c603091a5132e68c4484b43e72f407c0b550406934b7feb56cdc91757a7901aa71c2f55456a58b0e08ee6ccc57aca27828e47cae1f5f6ecadd677edd38bb2
1787460263.0729039 fcc_derived_config RSSI spike: -41.5
  -> 255 877738809b5d46c5555e1ae5fe073bcb4b0f88a09b7a5c54ae81854ec53984101ed5b7f778abf3f59a7c0339382a8c27481bdf3b52758056621df80638db33138ba585dfdcd6f2584f1303898e8eaed8bd459cb52e7012f7face7c6179a6acbf5561e47d957803d04a331c6f7ac7727ddf987fe94373eb7d9cac1490ca708302c7e97bbcad784e210ca2d6bbcb0a7f9946e3b897af6c0514f498e132e4a3e33e7db3f17c1612091556386f9d8df8afd83c63e76b6b9b6a0ca2550d0bd55584b2cb700814c9e33b754e9598551b048d8943f6ce0cd326ee25f2ed381695c5d5bc699e5a996cf263e846a9c905b1cf51c0e7c629a7fab5712907e14d68d4ebc5
1787460263.073144 fcc_derived_config RSSI spike: -41.5
  -> 255 aede6f8c4ec3ed9f95272dbb0bba7b31d63173ffdad831a0935e554e520c73681451cb0e8d445ece363e5ccd4ba1ef647b1dca3488f4341f83a0e4c23574990954041ade725783cf2f881fb23899a0c124a965c020e32f8b98e0ba1dbca8a64568395ab395e281b3f3d191a6175a3afa7e79008d1b8b34f43f89baeebe9592fccbc43249575d0101008e21e18a9751d811a8c691eafd249a2d8dc9cbc7b6a6cca18420bc4e855b9a32f293febb7810b04f8081c06dafe9b0a4a627c45d502f341f76cfee5b475f72a60842f68980115d1087425543be2c8909d9b0c57a20b641d24b27f459f13daa7a20cf465b037741ed803660889a54f29e6eee198c3add
1787460263.073397 fcc_derived_config RSSI spike: -41.5
  -> 255 bbbd95c0fac4d3e41b846850aa11980e56941985ee0b26039032c0b2355bc867db9d09f91136a5efb41c38648becf48d599b1566fc0dacbf44fb629a2c9fdd79af2155b14c59b1e4d1c98a66dc144597a73a33e34dde9e8717dca1d879b5d6be477e3ae2c9163d578ff1bbabe2e0b124d0b66d4d490bbc4a80ee46258abd1548f88e8b366fffa60b37b415a0025ad98c57bbf21ea7bd7527a1c5e3fa75d5f37f89ed705f0acc4603279e641d206300ae684e99e2f9b272e1b5d9287207c8bf94af945889ebc695e75094fc674133890bc87dd3b011e33b80bffac5a109ca516f00b68b3e1c325fb3ee383f1cc2cc514ef15babc341ded758659e5aace315b5
1787460263.073641 fcc_derived_config RSSI spike: -41.5
  -> 255 81198d42ce2720bbfe7eb29901b1cc680c6e8a3581fbd9c79a89c0219ac9c5b86f1dfc4efcca24b85a9219f5c4f4159ac9f6afeaecd5e78bb0b2d4231b6c0dc615a1f9d68f223ccc4401f47462b877476cd1bcdb55f7bda0c4e5cb9fbbde9ccf58dee7b4e47f29656d3122e777ad9ede2e0bc33c989890eb1df4c97a38d799b4cf6ab988c8252542e242f3f5f87c2223e89d3c95ec99675670590b1887a85639b77d38258833defec45e2311aded6a291d16e795d08d24903761b8892f6d2929b9fbc28ed0103ac7122674decb0010e138e38d2efe0669b9003ef11aeb926206e2b3a47d12d16447517f5b9b72ef10091085fb072d36fa51bb77d07e7361db
1787460263.073905 fcc_derived_config RSSI spike: -41.5
  -> 255 fbe3e949f50a6cf5a6e4b862969ea1d0bdde0d028f788cffee49edfc3279465d22207292e81d3d2ab53b432dd4b2c377031b8fd9077989e6fda63e39774ac1c904bfad53fce8b84dfc76bf65eb468915828c2b3dc5ac8d0755f51375c3d8ca90c60889b7ff5bfd1f80922e174c2dc2ba3ca21354066fbcc512158168f173ab63c723aa0d6c51f859ba4b83c5bb02facfbd18fce6640f8a343ee4f6a28f6c8bdd571c05682ce6026304cc5593160805ba5be31adc415ff3cfb28664ea47945f85e14f9b97cea83034f09fa034a62629081593051c9eda96c6966a1133238d59b08eb5cab5f985f4805a28c723c30108948c627da8d35673ba23c812a369c258
1787460263.074136 fcc_derived_config RSSI spike: -41.5
  -> 255 bb74f9cce3e7af062d4a15fa74b868f616e59ef257ddd0a4d18a70665a471d2b1ad8d6a76a0f2bbd4af5fcceb24cb8844f980ae8542d45384042cc0a9c5d9dfc61eb0cd2a2191293c1d9470580529574f862f9221f43d1ee9dfc7263a2d7ce2479c92f9e7024277d7f60c58df5f49523b10f3b02be0500a06ebb38905a00c13f279bef00c3cbbbae6a7e2ee03bde6789e4627d431fa7a02f7b19b1e5bc76f6bfa4c1972e955880bbbbbded6f36109ce92c7d2703ae313b759dd087f413fedc6e5273157628de023fe1cf7c210fc76354be07a38d8fe70b3cfa2d841ccc32e650dfb051fee8c75e9e920f8ba5dd93ee07f5ad064ef89a724157c100b3db5aa8
1787460263.074371 fcc_derived_config RSSI spike: -41.5
  -> 255 d3e820f9259efc389cfcebd3e8b192e4890d54187f9fac7bf581fa9cdb5d00e3fbb94c4910329ea996951654be97ff583390d4af03369735a5666203ec45b57c593fbf58581f9e46d1c714442d1009cec546f7eb0349274852416142d375363ca6c2b3a904592163e5d00f5c93360686ca897e1097a1e8963c25c276c65d5eed42c74e258b9a73ca63880782db6d261de80b427989150a4c9a110c569b140b04db1a37232830c89767c722a586b1b1fd2d9bd26a54020a304bf2284bdfb919d5e4f31d0b73979316781dc1695d419ef8100f741ef6ece7e16c21084111d5ce12267e4ef7fc99c43d33e12849338d07b0d86d8bd14cea54f1cb2c6e0203d828
1787460263.074591 fcc_derived_config RSSI spike: -41.5
  -> 255 1d2371ad023ffcd7e661aaaac813522da7abeb63e8b4dd752239a77b383a826c492e8469291160d350d674bf72587db57d8455bee2727d94d79952a3e7e9b3397975f9dc5d585d8dcfff0ecfb59983031ea264524894450903d4da616631d34aa9bc2732d01e73b0c8b651a6ffebd0780499cc84b3f8ce238ae157ce55ab3382d0a53dc9101d02ca879a8f75bc35538b9953ae27443f262190e48d3c87680895bae67b1111bc21f37cae6133828a368f648a672a99b18c19bbf22147ef4fb30873a9031725b7b47087f77d46e8631805e7959a168ac0f0574449700194e6eb79fea4111d573fd29aea569c68c4b1207b283b5acb64f177304bfd2c62312c28
1787460263.074871 fcc_derived_config RSSI spike: -41.5
  -> 255 5a041f4ca738bca31a09ae5b82616a60a4e22f415c0d632683cc351ce82589922aaccea0b7baa6b1d42e63f20e2a268e1e222588dd25fc4cde0d9e57fe47e9bec00e0dfbd957d981e081da56fce335ea49d4b757247718c6d208b81ba54b97c747a70b052bdc99b216595b8c3e1390c4480baf8a809c80d275deafcc404adc104d3edf18bef1c383fc965f58e1a3f512c2375366134d5dc8cbb98e3fee1579143fa5350866c06017f98fd78e64bf01a24cb08c0cde931cd5140b6cd1e55b79e36c003daa16a23a51c3b534a44166dd6cb2f11ee7deb91c44887982234ab059ba3c036b969381c14a72bd1ca0e59a2832dd79110e34f5dd27f8863b0b607bad
1787460263.075142 fcc_derived_config RSSI spike: -41.5
  -> 255 5a19a0953dcc5b6ec98ec92222ec7fe58082b2786bccd254c5945887e839615d07fb040577b28fb638d9a6498b2d402bd49bb6fea1abe14fea557d436f3d11de6e2fad0f41f41e8593dc65835c4838ae1aa11ee03620d4e4f81fe3680470a6db560594f09d1937eefe2f95f5d36f0adb4aa13350e19fd32b119feb68e190dbe712689e50f5cd0ef0498508b7e93c5d92c32c8ea1f7e362fa87e0ea18bcdfdec5a25beb33045c79a0067cd7bfb3ad56453a3de32b70f99868f4e2dd06a518c312f8a5a32e09d62c6dc492f6c6726b7d1e649c0be7963820e8baeca7e064189838fcd92d3987c4a82b8a023480ea50ce9bb4c0e4f816f6f698446e86b27ee716
1787460263.0753899 fcc_derived_config RSSI spike: -41.5
  -> 255 27b5baf38af190a7c9bc34b5384f0017447211bc1964a195fe100137d884095edc319db751a4a8a0c13fd39934fdb3d6612265956f6b61e17b0daa4a54fda82a14d25ddc3a35712492420dd13018b807060547a7ea11040e0adc9beae1268ba9f8e3130291ca5ed82504129006cc7dacdba0465f19653518cba9cc66b8b3cf23a02a7764c957dcd4faf67aaf7341abfaf9d61964baf4638b07e9c5abd739fa67ac84e8813d7ff003b5a2954f4809b17e9bbb378f3728fc440b97a8240236d92b6feb75bbefbfb02c2e1decf23ceccb8f7399f20a15821aac1259889bbc82e38b42477ed2a8b2c1387ddcf3d3f93b9cb53e2d37e3aea07ecdf161c3e4e627d0
1787460263.075637 fcc_derived_config RSSI spike: -41.5
  -> 255 b6386cf5cf56d832b212a65353ea28f32eb6f32759b7f824bc46269713ad36d5da0e6cf1ebbee8399ea04ee5d8b99999dbec3da8c65880ecf6b8af9718280bc81408dccdbe872b023a29ac4a326600f378a3af5f0cd63038dff0de3b9ca4531a415b8fe5751ccc55825e32c12fc219f43b2b83082891e641f0f6365772b6fcb6ad09ef24d770a388a39b616236459ff682f3d55e1d14fab3ea4084787b177edc154d09254706f260c09fe63c5a7f3f0fa28954196b3432912747461eb1942ba8cc80f3c4ed979adc981b5b97186f6107e167f86865efab25ff3f81b4b4eafbb1367ab4a55ddcdb50b15bd53dc3cfbfc1b79addc22a296bb0b7479bb5f8bf5f
1787460263.0758898 fcc_derived_config RSSI spike: -41.5
  -> 255 3da9fc8a3d41487baf08356bd86e94f9c93857180240996804b384a62423f8bd45cdaf456714f81af18ba23294b1d4306cc7141a5ef68a3d8708b8ffc0437e03781a55041fc254736995f88d614eb143b089ad2ff2ec187cd76d2fb0edd7180d7ac0813d3a5f48bfcb9d81d5587084ec71ebf302b20af6ac98a9e2b7f291e7462bc9db65a1653953536afb941b3402d8dec323944bf272ff55563752e1fd05dfea7e818944edd81b04236cab50178e67c502b9cf541bfea1e6320680b4bf2db5017c7ba51ceb7c92709b212d5855686256afe8802d1b85248c77cf0af8be3a0a60dfc9730196cf947ae804de40a42107c6c36899c22be58816697a32ceec82
1787460263.076152 fcc_derived_config RSSI spike: -41.5
  -> 255 4d84a8f20a5b1cef8f788086e2ce6197212db3fe1e2a7522bb592b24a07c5edcdd782d3f13d4265472eab1798bd5a15dd32253d104d5d5e8dd8b70b1add3a69e9044368207c274d5d85d56c74bc0ac2b9833801e1ef03c6e3b91984b4a5d4b5c66ccf2e4314d9888e1d391e36e851d6ebb8cfd1be7e0de1719a260d44f5c0696aa37e72c69812a094a0a7aaf589ac27b72ca7f9e2418bb6cc6a195f21c16af2fad01336d2c223af8bc56c1ce360feef5dc9dcb5daf1b28736b77d4df0ffe361a242ba03727c0d93b826d97deda951ebd3afa0a87c1c2ac8e1ec78eea0d59478782aed546bc2d01b50b28a59ec5588f36903ade01b51a94490c267add497435
1787460263.076442 fcc_derived_config RSSI spike: -41.5
  -> 255 26a0fcf8a55d330d0ff6397d6ed51a659cf713c1072fa8abd4a6d8b7fc8eccc9fd75310e7ea1838f225b910e9df1d1014d8c08923340f1f151b34fad866b2357900c217a8a6a0678349b46c820afef9355efe5a00f3d492485d1dbac4e20da959db85a662b53f6d1641f9fa06db3e4538a53d5136753e3d76961a9783f7d7e5d44710f0441dc378b64f9b4a59d82234e6ebf4695c4b2cd9cac14531f2e19a200a59c9466b752147adf7e1fdbb2fac5af6fbb63f21a3ce9899c22259c7f94c60ac817df24f0def0f52e83aa1752b05abc12d660a3b8cb7ed0b7954507b457686521419c2e4d63afeed38e904103369e1b9bd1d5bbe16a1455e2f55b5a1986d5
1787460263.0766752 fcc_derived_config RSSI spike: -41.5
  -> 255 67a50286dda9178307b680183d636a808b0a300abf0922e5f85abccb8675cbef546cac63c2f5e7fc13ce0c2999cfbb19105bde22e1fe5bf0504fa112d3e82e118a44d655b0ff0cb16c05aa1cae54363049f4970dad85bc7fd54160e9463f537b4796b71986ddbf309821ac15a05b98ba95a27ab19da81f6c42f0588118f8636776bd1102bf06f63de431e09cb0494d8d265df60009b3c050f921f89940e8a0859011f1bcf5e1a9b4681867e1e293fbb163915fddd87b4c9bbdcba0f07a31da93c01d567bcda5325d59a14d024ddf824d811a130a2c54ae3bd90318ae410eff6ec24a5670d26865136f7f9dad22c90e9e3017507d4804edeacdd0b722a18dd4
1787460263.0768902 fcc_derived_config RSSI spike: -41.5
  -> 255 a4993552bab1133e48364cab8c1a49ac96ff6927ecfd648cedb9f4b7f50df70e4485ba38fc1ae7357030eeddd5fea7c8b98e177fa0bea05790ced53a89513cf2dc71deff6130d709745445c5185f362c660ae3ffaf5a0056253823374ec95947b4c24fddfd9fcedefe81d7694862d77f58d6b23a04fe65e0ce5c6f9361ed174cd9acd40e9ab9ab50b27c3b2e35ac5723936e222690226c3639e50f28cb032fdc664a0cb8e60b83d717fe7e20c60911c58402b0d1662386ae2cce4f1486e7afc82201d3db6b814e1056c94546639c0e3fa57d055875c138203c143736f474d4d9439eb4b26c05a7cfdbf2096df3583d4ecbb4a4be89932130bd8b563e0c37ed
1787460263.077155 fcc_derived_config RSSI spike: -41.5
  -> 255 d68748b2e91c31517a3a63beddd8845c7b8dbc5e486eccaeb2b1821a85f423505687ca891473824a5314e6b3ded8d8732758d618c367426d8f78bb2887356f8bfd28ef9adf7ad64fcbbc0a07aac2b56eaea92d7ae31ea55a313307b5fb5828000615bf1b297050b7f4317f3cf6629304e1cc1cf3905543ca8a074a19f5ce4f1957ed87720881232c293513810ca58b0ffc93e1d3e2f85b126192c71c815040ec74435d06e5d225723b102e02813336f75b9a64d2a69b81563b49cbf48e610076351e894d334afc1583f9bdfc3320280a3778776b76ea91f55ae9fb229e0f5ba084f5d983a7d9dee74696b5b1c845c0775d5172bc924c028479cbd984450c15
1787460263.077416 fcc_derived_config RSSI spike: -41.5
  -> 255 739750b9f9437794126cd7de48eddf9487e2d975a941a7ab7b3d0f727b8f23f6edaca7fc61ca6e3484b81fdd869b5ebbbc3e7d2affc50a9adc62201da989496685741e2c201f7711e31234e1be31875072a52227602e3eb5fd59ca6103b698e223b59c0a833a8897b502157b92422f2b9c443f0588a2c5a61b439a8647ca4fa132aa9eb956957a2d8869cd3cd7854bd9f84ed2ba706708a7567f3b4262623808bdc09b706b48343af5cdceed8c86eb98374cd79bf268788552b70ecb61032e070381a3820d51373e2b181cec5041b58d13c952956002b15c3a30070dcc9c6f3e6896c13d454f2ae1aba0f07032048181dbddfe5d4ec3826ed48877ca2fa7a8
1787460263.0776708 fcc_derived_config RSSI spike: -42.5
  -> 255 b1383535805b5cfd35800a2d6fb80b166ba8677db0f1938d2877fb0bba92a8a3851573e65f33f3ee84b43729ff6d569024c457bdcbb83b41254ad2ff896cda25adb62e71e63addd36ba7e27d51dd41d3eecfb87857d459ea95affc701349e43ae42edcf4066fe445a21b023b9bb288ffcc40993a96bb7070d613765d5112143c1f05339ff9dba410cf9a0478f5d11091efb4bdf1d950dd19ca434ddbf819f7c7e5626b9ad3f91f118f498fef88304ccef53c0a7cc923385edfde055ee4cdedaed34d883d1641b1cabd0a480eff73737a69acf46efff642037ef1fb70a4e687b2588b56c09ced0306382891cff20e9f02364aa0eae65ac3d20facf5a60a6602
1787460263.139749 fcc_derived_config RSSI spike: -47.5
  -> 255 e057d1db737004aec09105f4d8b65210eb885ae23d594559e793454bd368232a8afb68fd61cd50ac3d995bdd3e477bc78d05bfb678d73f4a621c3ddbbedca89c8ffe6c043a20b97b46df5f4a285326fb27b4d2a1aa6d5e8fe7b57a233add95137280fd718680038fa58c91c18e6b393d3a923ca5eecb5f82455f0ff0176203e1872d937d6521ce1c67155c33b6679476566c887bede6595e180f958acd04f4fa3c69ef61bfb116559bc18e8bc573b7b5e4e4899434f65bc73b7d68f63b32d5326eb8289d8997af3594418ab7d9d37dbb0c84fbaa4af3a2440fa6ffce4f8392a6f0ef70d58cb16a206acb3e760a88aff918efd5123012c2baca00ff899275e4
1787460263.140034 fcc_derived_config RSSI spike: -44.0
  -> 255 97cace342095b84245311d47cf2be186019b423da3a965c113a1871535e279d2be0e6beb9f900ec6e09a26d15ae0df4fa40a77fca15d8baccfcf8c9a70cffea12750d21eaf5c70bd93b543565fd45b877a817ae1b63c2ba3a8791ef57bcddbbdf151e496d54218758f5fbcabdea78cc9758dc9f051a6252469bc83f0e07ce2e516f88a36f7eaa58f092907b1a973aa4a74b22520a9b2442d742ec116d80b9434ac796edc33e436c5eb7993574efebbe763d6e799970a221e7e098978e7233309f1cfc0fe3c18ce2f7a0674d0a9fe139c67ee8e6a73419810d30257b7bd7cfa12185082a310d4b51513b50e71759d4c49ea25088e60063be625c52dc0d07942
1787460263.1402938 fcc_derived_config RSSI spike: -43.0
  -> 255 4b6cf098b3f924ee599211a20321a896e726d3ff1e384dd7ff263791009ab8b95c210e4b61799e447932b11348119885db0a33d2587cde1279651ef5932c35bcce6af23bf4cc2f98702fb853269bcba54f43464e2d5a00d6b2824bc7f7de05914c2d5030fb3097a00eb4981bc941940d88db61b83faaea5ff23031b160983eb1d173df610ed746e1a1e80231e61f99f15f6f84814ce503c4e15d2470dd8c4dce01031a803184e473ef119fe938ff926bbdcc397439a154e6dcf26924a48019b7f1e97d5e59f577c5ddd62d42ce265614ff788736e784be485bca54e960670df975d77643afbd2c272103528a650e742e39f660cd50175ad5717ae1473b113c
1787460263.1405382 fcc_derived_config RSSI spike: -42.0
  -> 255 8a319cb8b178eb0f92e378c0f7b490e94303dbdf4adc67ac9ea43ee49c51e84e9f09003bb656547ad4c2f4cb36ce1208a708f2afa4b85832bb4ea6e1cff82879c7f7ce315bf19f7b29b4a45c14b62b59582fc4385394a795df8fef6d2f4c6e4d0d83170c9cd8d5884c78dc1605f90e0189a6fe774b56d982ea65103f6c0e9c967fbaa758657151b34ed68d0619f9767db9c10afa28b34c4183ddd72755be90dac7fb7d38edbbb45ff0091f87007ef7cc844f292f7439f7eb1c8f4924c28a1ba178e0272436f56370fd9ed1080be566d456acb75e5161bf8a2842f92aabcfa202f27867eab7c5fbf4a245a5b10c0ee69c196c91db715aae8bcc7eebdde26bab
1787460263.140772 fcc_derived_config RSSI spike: -41.5
  -> 255 c4da90a82e11ea2a6b07bd3109a10ae60d514f3365192c2175e0b0aa07a07b8f25b5e7482298790a490e99c3631f1420f15b2bc4c7ae8bff3f0e9980083384e64a2f33d87bdf04db9b8f16f4817f4f2ec77d2189c2d41299e7ad4650faddc21d4d63b38d5e55899608ddea562fdf4b882511447baac2515d9e094196b214bb909af748d72a78ed570b3728c669de2d8f5041a4ac17b594fcba1c0aa59a099d41a0f211de381d05058577902a937704c4ff02fe66322d745b658262dfbb3ed08c9c644ccf954340f1f54ba9ef0fbdd0aae4bae1d3306f111a3a12a0b87b8fb163e7efb1ffe15ac076f85b35989ecfb651c13dc3421d1c917b715a2a49c2dc67
1787460263.141015 fcc_derived_config RSSI spike: -41.5
  -> 255 ef159b51751bd874cbea69b1707ad319c556cf0bbc06d3491b7d9f06e6decb2c5696bf3711818b812136fe3392cdb13ff88aa0201bca32fcd8f7a8423c55ee1c024498c843428345131896090973e831884f68253f52f3ac2fd78c4278a3029e9c54d2275734621a0196346591c0d40f3ff7a131580cc8ea3056a57e68d09b1ce8c46b1e3ac74c78c03c3ebc484e62967bf0e43f40b165e8024a49950dbb4ef68542d80471cafbd5bad8b1208c247cec8149026f7e610a674b6a69b0ec629fac182020f3e2f02c869b36051175c7f2f3551d70c3cfab4dfca54900841506541e34b1e34911de99806840754f064fd3e659688af3a4d38f3347c9523b68a29d
1787460263.141239 fcc_derived_config RSSI spike: -41.5
  -> 255 4eb786150cf4b261d78e8c9275676292240aa2de337a599b8935001c191361049050e9702b566705f2964e535c4c3618bfdda031d8ba7c5827d83581f16653ff6b12fe944f8e0b7e4a8061cc18a8705a2569effbfb76b75704798a475db20900614aa4e6f69d1636424802e900a555213f5a394abe0fe1735adf3ce91bb18cac0113e9b52e198a786c77d051c4e3f7f6941ba34f7c4d388971306db85595735dfa492b94447079f8f5cbc7486d2df4828019637f6d5b167ea5e2d52dab4c6ef9f87cd1b1dfb5890f48e60321f237330687c006970da5e8dcf7b275f00119c48c90fa9641820c63f086f8bb2fe79e38651483b7d4349dc0248a9d24bab8a6af
1787460263.1414511 fcc_derived_config RSSI spike: -41.5
  -> 255 94dd0d1ac44b79335d61dfc17dc973c2b68a7b007e50c2e1d11727331a001852d624478ee5b3cb8c960fee9233820608391ab4c80ce9c5d225bd955357c0ea13d9efac905c5b783e4c574b46e9b935bfc3ce2914f1cab9f6a19483f58d70e801fa686c4e3e4e3ad6d2246aeeab1a38ab49510ee44a79fef9c1db688eec18ac9cd06cd6510abad9cb5d127026489b0b2adba0929f499dd38878601e08d3dc64c96568eb9ca666a48da8ddcf40d27890a3572cc206f0ef71c04ac218e0df2d28ab3a0273c52e88d42f5f60c9f3cfc45cbf5b8345cfecde4230f9a8d0a1c9ac90fe6a24c52e68077fe2947e028823dd4bf0a533c606cfe993fc9e88d0b0b42928
1787460263.141676 fcc_derived_config RSSI spike: -41.5
  -> 255 93ed41af98aa297d0c6e29bfcf95bd18d89d7255216741650914e24a10f52ae2628d35ed673cb963717b181e9896b0f65c18d5556ec6de470e41c77f6759024571b96bf7ddd88d544605f3d563d4ba4f9102aaf428b701ffdc3f4d5e12883d2a28d0bd450a7c8aa5bffaa0d95975f123881904fa354239b0f0636a20b28a90c92f3c554bbd9864926f6aeea0fed233908b027b268728a0cd00ffa5ea0bc6fe66623a900b9ea6f747b6508ed984cd9428edcb0c97e2362487250c234031833cf31e52ae474054d8b83222ca27c30180d233a7ebb5e0efffce332cd332a6f1ec37557f3883ff9a612293178e8b8406951d2bde8a8c22dfb6c2b3eee5bb4def54
1787460263.141898 fcc_derived_config RSSI spike: -41.5
  -> 255 331f6fbeb62d9de80970ac165e96eafbe8b9ba7178267452103a7e241f09357aa7f2b0bdfb72b54c0ad488ec06ccf07c0728d10611613a31add0ed0b40016cc310da35e01983a375060f77cecce3affd3b2e50635dc3f027a0c2a052a2a71ee691ea10ef27041d1f444d9f52ee4ecac26c79caa7a08180be75270b4443fd393a74a96211bfdd1f1d96f2d7841c442d67fadfb90b98d2c524efac5562d8f08ffa13a8a74b409a5d574c46cc16f20c07e425c7c92bd34a6e2bf5a8f3dd3cf63e70786533fbc566c4be3b82c3f832a3d93c70d4e66d86a1bcb5cb5959d6edb9d08006cd145d035ae3ffa987eeb77d1a83a9bf4d59fe5115ff85acf84fe5cb0db1
1787460263.142133 fcc_derived_config RSSI spike: -41.5
  -> 255 36f8d1d2ccf1209d33c1654652761ca75c289740fa6b5e539892a3eefc4fb36e5d0bd93ee059d04316cedd349b13c5bca1871c8261a429ea6ddf1abaea72c8e360260d5ea950c197e3692bf2a82713888de93971e5586a4328c146ffc23471884492ed4a7ca81490e068918f0e89bbcd769b2bfa4dba33bc59ab8717cfb7f6adaee7de22ef5a3f92039343bcc2e965382039b1145f8a6ceda922cf467cbcfec9b5b8a46baef306ae8423755b87b8bc89a4f269deef28230f4cd6e8becd7e04f54e4d818c6ac085dbccc1caee43476394c0ecffa7fbe5358a2dbc6e089d0e799c8b749a1007a343f0ee7278864ab7a3b6518aaf80317520e80ed7f41b83e127
1787460263.1423528 fcc_derived_config RSSI spike: -41.5
  -> 255 942cbd91cfec7e4cc03a48be7a169d29f420dd88d32a4a99e0b890ead426862557cebb81c33d05774f99366f44bf318c3a16ad0322ccf53df58de2751c6f8cef5f01808784b9f25e4dddf6f89ab5d9849e159e68e62319763c6df7e6eef666c701857a51ae31cb7d6388bafb8c1f15f47f17d25202690c98f125af1ee08f64d4381d4173eda083792411304f66635fdd6651e8d5821ee68ef15ce0b6f48f67c66d304c4ca50c102c680436b9445e165ab0d23cb90b810f1707a8018eae9a3f3b189302d28919ef228f9873776666d2ab611fc632d22c2be32fd3ef3499a9ac3c828fb6fbeb9c0e34d859282692809a0d1e0878fb16839f8a1286bd236072da
1787460263.142596 fcc_derived_config RSSI spike: -41.5
  -> 255 c5c33ab119940fc7b1beece2355812289e798c70f07bd052e43004876b72ef006d655f410a83d5324348e5e81d1c93f7e4965a2f79c51a7f5376d469c7708c6a03fadb28e0000f9e0b59258acef675bfa905acf4c227596de70f9c44a025c7d8731cc5a5e9c940ec7ba63a2a7d9babffc9ae50ebc11c3bc3838eb7f182c7016bcb8dc437eeef55e6172dab21b6f7866f719f2f7b907f5ed263e2791cf8f7493573e26123e7e1badb90ebb842ad2e9b13fbb227447c9282ccec9597d752332b3fc613c9fc80bf3ace0161dcbf60e1b5ad3c7e8dfa5e3f3352d74fab70d569b8be9833ee78982dfa550f84f46cf7b116d9d4bbb83de56d89ba8559cd1d7b0e87
1787460263.1428668 fcc_derived_config RSSI spike: -41.5
  -> 255 9d99ffce2049e4ad18ea65ea63c348875229430f8b0f84b64d7b7ee40f5771d7fdcb6f4fdf0cf6dbd782bfa7ba98138cf045f1de59bf966c34979308bf01b3b162621e0a48eb423cf47cabc63854675de68d094486208a911dfc7737b2399d4709674e99249594624bead64fdb3bfe526609a3cba4e42f0b89a7529aaf85b557fbd87ad2aba163c2dd39e5b5212eae37641b70e54bada3a61588a041c6210a225a126b39f846dde6d52c28afbb118508166886924e60095b9de5bac959e4177590ecc9c255cf4dc3601e58e83e812ea680e9853d1b39311276c351c4935490db186d13658e09b429e27152f93f30f96cd7350f8659a92b45eb156837d0a8ee
1787460263.143112 fcc_derived_config RSSI spike: -41.5
  -> 255 52d2cbece6dff1259b1723009050af4030317fe4004751b7ab2f19ebb4b207e296e3434decf3915f1cee7b00cb192ecc516e680e4a38301ae4d789c72aef1ef7d7e78ce89f5e87dc7efcb9452d460ac420b1d121a99cb7a65f2131398b76ea63d5faa5942b8d40cf668cb051819147b621186e2e720af7e98836bc22a9670ee4cbedb3c55713516207ce713a96cdd3b2084398ce28d31b4e0c5c8cf92e413a552326acf1e0d3fa9255fb761c4944e426f5c7efdac0a8a233ec2548d9e0de55f17febc7fdb79f1e170c42c0ee55e4bbb8f22194017dc96d616aecc64af3f82fbd758b1ae2f596867a123815c51cc92254f747b4f42563ed8f4fa46983aa2329
1787460263.143379 fcc_derived_config RSSI spike: -41.5
  -> 255 e9fe75fa5c0b1d54067615c9796dac3c30ab8b8a72a2f5053695c14f3bc5038e33993b8a1e93d4f313cb17ac6ff497c17939b3ca8152a9e7062ea49f666f185f719efe677cc8706ac1fec9825344c1dc6349248bd3e8082bd8bf313bc7351e0af291b622217ce29c5d3298e4612d27293dc1d1a4aa7f05fae3411cba4cc02a2dceb8c16d068abbcc7909c1ce7d8a7d63af5fba639cb2bda8c02aa3c6cf96b31558e2272e1c4e8cd3b3ebe75df6cda5c971beba0f207267a454aee003d4d4c14cd7eebef107789b6519997b75fb7b15ab2c075e3ce042cc97ad30aa6bcdcda3c15d8876bdecedaef042a05359cb1e9a6cd0510486428059866fc8ab4c2b9a93
1787460263.143635 fcc_derived_config RSSI spike: -41.5
  -> 255 5fbf8aad0cc7fb6dc6b0922bf32bb767f79ab2428bf028df7e4d1d9fcc0f1d61474d0f01654809d55f134c7eeabd6d82efd96925b3fffbf73896947e778a227a9617235dbb53027c5a571221bc6534950595761b80d5cfb4c8757067c94d20a8c2a86b0c6163962011bea251ddf3b0667bb4176f6b8699f053266bf8b44ab3437dfec567d7bc58664dc7f93593b5276cd640acd2b3ead3b72b0ee31eb5e7b2fda2b092e7406dcaf8f3e99ed8619949a0c1bd2b8704698a39f919daae685ed0acbe6410400c55c4af2d39017c0b5d69f2425e40ddc7358827e472e73c5f87bf002e3dfca01b7f7ff109f07460698bf0360deb94864158467a8cace9034e8934
1787460263.1438909 fcc_derived_config RSSI spike: -41.5
  -> 255 855279ba94dd3c1687fa8bc969066d4fcb322be0da4ddfb96a265d6bf1078b7f68af14aa46ba6dfacb509cfc282ed17a6299fb52ba2f15a92043697995fe15be89e869a90d96eaeb9e8694512110ecdcb725c36fcfd6245d9ae72526fd1f2f6181c6b8935f4d738f530d3188dea29c0f6635d654150b4d095386718cd0ec859cd309f3ef43c47a7b686cdd3b72b79847d18955cf65e53b6920dcf972b8b2c8a39b598bd7f068ba47f28793a5a76022040a67d53715cb34eb33268887c183f9c209c2bb4f3fe0ad1fe3923a38a57fdeb90c32f117ff1cba6d51017d4ef64f282bc5acb7c319d9d32ada2587e2d251acc0838246b918a2e9701090769b2c93c3
1787460263.144143 fcc_derived_config RSSI spike: -41.5
  -> 255 2c74abab2543b07cc6ad107dfe8f9fd7ecfb12de86b2c7f9d70a015ad30434a0ed326f7f960e2395bffabfeac41184d1404409e0049a62bc6126556bed18aa3701c85327fdcf8c323f8b8b568a683ebb08a5e7cf0c5f357df479ad03d0dff2b7b655cd2f99ad0279974d6d3a634e3d7ba3d7642eeb08bd6a9ceb7a6791c0f6cff724929e0269550c2b9173989d231ee860f606db2c7aa1e53c86c30904c0de4ee0f98c39ce79ad10f06144bd0855095be0c3c239268da5ac089406a63d862cc6430750bc05a28ffa4d4c0dec5ce2dc376ead9267e45a4ea5c6353e0445e91ce72cd97d2887102b84182c0967cdabfcda31560b8b0339df239a7da6609fdc4b
1787460263.144376 fcc_derived_config RSSI spike: -41.5
  -> 255 009a2e2d061f9bd7b2c4216ae2bfab6b2434e5beaa78c5b59eac606fd8386858e4db8673a9d9b32267baa7e87be50318abcb3fa448dd951f7d094352cfa67dba674e610fbd266afe5a2be31a26d0ef71fade66625ddf0b46aa7869c3967d6cfe70b98be93998abbfd55ac73ff3304062dcc67a3562ed0eab0a65279b62db5b1623ea8d18ec3f2657e5ba2bf35790df597caad5e2a608c9f91e59384ead067f1633a9f3cd6076da7bb726f0ea29b50b756be6406c7374fb5fd9bfd3aa3d8267c53e49574c3ada3537a9be2f172550d9fa4aacf03301ed57530c6792b3d13f92d898ca6cdbde7d73c8dc67d7fbdc3aaf7ee2b38c748a899add04b9ab4382c541
1787460263.14462 fcc_derived_config RSSI spike: -41.5
  -> 255 8fd797fa12843bfec0075807eba7c6ffc5a4368943b0247fb9c48beed490a0cc1c7efcb226e1c202089baee063d7f6d0b5ae2d022a9f7b1c41e3195f8ac680de3a7598a335c0dee7161861d3f2fb94ead911e2cf0567f877e11e6bd50cecc516a882d4b363a770015301de5f027ffefabc6ce869c68ef114b2e9edb47d8cbd2cf8eb19a58c52aeac2e9ab03c899fc6f477f23eda1936f97de2ea6e6b965ebb32a1ebe2b5622f03997689e7f057ad970493bf60ef7a89f1a8fb275a4344e97fcffc1b7f1c3f52e6a41f0e3bbba3032a97e205d6deab86bcb587daf32cec55d9baf30b5273149267dee19a94ad40b66bb3aeacbc90affbb01763cfa7cacd8333
1787460263.1448681 fcc_derived_config RSSI spike: -41.5
  -> 255 49777a652b7c58740dc1b64faf3a7d05cd7f9a9b092ab337032a541bdbe531be0e632c462518a18ca90c67cfceba0e9049f827964e72825f5430d6af492a0b837ab8b731f69be24be0733489a5e763cc7a32f8a6a0c814bdf1386bc494b610180a40b879d87bf401f39cfa1438bafd242b4ba5fa23de6d41e9a4f9a00b01e0b45852b12895b6853a15f1cd53eb1ad4e609cbf7a5a3783dc67149fbc5d06d1c8cfd5a55dec99fb1099dcd35abf714b13b8a15d3a111e3c7f68ce2d4b98c9c87ebbe2611989a6c818c86a14c8ddeecca471fb2c72b48f90b80e76fb7dd6d5db9a20c6c97cb5f41c787ad179a1a6c215102e7e0d3349209db47b081c2b09ba2f9
1787460263.1450958 fcc_derived_config RSSI spike: -41.5
  -> 255 8f53052938a24be472d99143cc7267574581a036b7ce4df239bc37fd3adc857283d39ac0f7a4ffa62f8da277354ceab7a33b82f85057d89126bda6ad792fd258337a5e56eb21da00cb7a026328fe42939312edcbe7dee54fed328bd982725e191ef8d65d50362327299a10657e4424f8b142a09b95f2bbc2e21cf9fa7527017e76900047619256abcbe2ffbc1479e9a99747c6e0dde2cefe2fe0e94262902a8f3f9d8b31d467be339c7bfd2561b187812a6edcbfcc3abcf0c8b50cf5daca890f19ac2d8da10c3f07947bb3e81e436d2cad4207f907048faf21043cdccd5835dfa77a15267e23384295ff85f9c2a4ef4893bcae013aef384d35e965ced8aa7d
1787460263.1453319 fcc_derived_config RSSI spike: -41.5
  -> 255 193b071319c29fa9b75153aedcde270b27e8e1ea85012774c0cb1b3e3dbdefe393c00ffb538bad66d3fb88c0fdf94ae77102cad43ca496b805783fa54fcb0cd0391629c9c52024da532184575bfcbcdaed6f58489911ae3b1885fb322fc4bfafe35ba316efc5b557f706bd282450d18a0dacdb1a3051d90dcc09b5b093b13241086228f926e947b3b7e72cdf221ef10a9bd48d24b090d0e8856fa09b48e411872f811cb34bd68a4cbd8bf598895fb51082ee486f28034d1ddeeb724a6c7461342be0cbf072cbef22f1c128309e9931494f3e222154c1054a46f91902dff3a594dcb0163cc81ae92e53b493bef11995c3de213e24ffdb4ef08062300f9ba2f4
1787460263.145569 fcc_derived_config RSSI spike: -41.5
  -> 255 625d311108bf548ae719070b6ff91b61a0613403e86eda4d16466420e04e96cb547155dbd552f2ea5cc27a6518324b0a6e1c2019aa38c244229c02b30afe05ebd0f491a524cdc7bb3b531fe29542e3ce342c5b4b638f19ce8fa84dcc7e3cfa4bb4062bd7aed219cd9acfbeec92beeaa8b978d0e2cb78331b97f3fbef42bb3c61c154b547931c867d4626864b2c9703e461a668795a82c6941acbbbd1c9d7fe1dca7f81ee7d030ed8da5caa13960e4ea5b1305adfde5b8522f0810bf14bae2fdc10da31e2f99f03886a155257bf7874654964cacf4a68bbfa35759059e4f98ed5404a2b8016cd47fa840e5b1b0e1a36e51906382aa8734961c04078bb7d33e3
1787460263.1458628 fcc_derived_config RSSI spike: -41.5
  -> 255 1b3a5aa51b96da1902e5ee8f577d532d0254e95c3da5e305f978dcf45fd928295517bf87278ca98eed18f02f323b61b9fd58568ac50a42e985e9fd089614de68b826800e910a9733a32560a692b31dec39fe62c2506a104769c25d905131c42e7030ec68fd6fb888ecfe02997c2267f1118bd0ee838b7f8b76f1ba64ba929f805968131ef6e1b80663dac2a8d1d79da6a2247e85a2e8327ded8135b7a1f42be70740a328561b0f28c04018842e9d0fa32aafa4004fc1d1fe4b1949dd2f4eac79fc6c59520cb2e86590582f7227d7a4508d47bdce80452371d8afb2460d15a45951728ea1c09b3a10cc784f12efb8c17c9f6ffa8abfb4162a11cda68de7d32f
1787460263.146136 fcc_derived_config RSSI spike: -41.5
  -> 255 5fd6e89e1d959d61a804308f3ff5826b28f6bb4168c6ad271ebe56bc8f161c628b4aae0bb545f30bd24bbc11e40f0d980fbae23efae061f9f95d6c2c3a79e6afb01226eda87e89fbd4273541f579fa7f34b5bc148928501f7a36543dde0504807f6ac0b031f73f908d38f84b282b229dcdd655e36203cf72156f0c44ddd280484912fcd05a790fc69b120b4c57f9a9de5856d6d68709ce95a4fa8b51630be50bda9ff9c021c5a5d123e907b26f9a7761c31edda87c03d618319bddbf76c926c9cdafabae9c65a7048508ffb51ab8214ec36bcb1efeb1f39b83f72cd0853c8aa4e20bbdf37510044773a95fed157613c87874484d9c0842a5667afe554e1513
1787460263.146398 fcc_derived_config RSSI spike: -41.5
  -> 255 9666cf6ac336fe33fc0eed2bf95e28ce0333731d6f46b34fdd70b62f6b10c48eb90806a1bb9e450c8f86e3fe093624c208170924bb2cf6bdc202493b59f86f908b1a0b47636a13aaaab454950a2c5dcb15fab289031521b676aa3cc6ff5be5fcdfbc4a4b54010831230d8fae2ac10e73d7c49119805589421f95397614e7ca9a278142289a72f5c4308db99ba7eabc07143e59fed4481601a8ef836cc83c2924036d8bf681c16896fbeb972879b547ed9c186e4cddcdc8a488fa54b908a9bf3eb819dacd1a56cab61672a46e0af4b3f3bf2e749af710a742ce77b188cfe03014fe7c5eb451cbe817a0502052b84981874a0972977b7e1f697d3df0ba72b246
1787460263.1466382 fcc_derived_config RSSI spike: -41.5
  -> 255 0bbe68da8dd47269208db64e6e0db5c834ca3d313e60a128b4e372c644fd4388140f0813f70f1b4cdcce670fde439b542e0be4155aa26a86ed89d4c1eee1fa8975f4065991a53dc33c649b70403cf7faae82c4c41ce29443e106879a045b80d6d78d5ecd17d9ddf4242264db8a8ad62c254a87fa963f8f9f6650e59a609607104497ed2fafd2dd0ae36a91ef2f8b84ab9045dfe6aae1218795be6c94aa000fac307f3392dddbc709d444418580100e48c839fbaf61185aae68c888a8e992cca14cc805b9d217b3343fd231f09dd3fc52db52c88a7818619bb4e9eec2d1de3e588d13c78759a113ffffcb28f737b0ff2f6648d191c3c3dd2e657397cf80f8a5
1787460263.1469061 fcc_derived_config RSSI spike: -41.5
  -> 255 3280fa1243fa2eb6515656c3b52af67e2485341a14077fe7fb6c4354b788193980d6597d579b7bd111f8f24e17ddff4575e6b554cc5fe98ec0c0dbb64e09f952a34b5a25ab2be6557b2737ec70cd7ef9ae4bc958a801e1d3e8a9304933b62ced1d8d9f2bc56e8a92e6bd81623f776b561c590652edffb9ddb3602408cd466999073e6635ecd4180d39fbb1ef4633154fdaa207826072593b3d9fbe1e30052a2f3c4f169ba53f85d834ac3e4cb54fc2804a5ac8fa8f06c0064935b473dcfd6d773111238df192972bf3fe6042578fb97200fc364a0c9b2f34c719102754e29d6001ed7dcd70b2c7f2742de172b47a1c408144de2850824b315510682997f3f9
1787460263.147149 fcc_derived_config RSSI spike: -41.5
  -> 255 8ffa5fcf7baa2b3c8b54000c36daada46f25925110d189d5decb1414190a19dd929c604939b2ff02f3b7789e35b7261778d5c339d3a36ca6c1391194ab577faedf609c6cd85c7fe48729e9db99a146ca7e9aae539a487c8b07f76d19cbea9cc0ce1478cc496677cd3169575ed21634ba3b7fee89746b094d1c9ab1f3e4173a4878e5ae67aab4df378dc0e7596849e95bc25d848932a38cd1ea5f9162b18eaab2f386c696ae161d8e9fc6bf68c4f4d8c937f83697380ab9baeafd24b6e489678de2f79cb819945e500b919e4dd33a984bf956c25f9c1bedc5a8b3d2c6b9698630e0edfabca3ae714a7979e2ff9677f3305a2a09c13990264eecd4eef456e62a
1787460263.147417 fcc_derived_config RSSI spike: -41.5
  -> 255 f531eb803aa619c57d80bf09a878941517d98f21d94090dd96b3a32310129eb2f2206076114ff4d15481a542de3d414b39679f763c84c45ae545633c3e44e27acf1ccffecef4811e83618865e229c746c4a6acf0d84e21a4412e88dd6c9b2fe83c93095cc369a4b3d68b1128ea2b134533e00f950357b36e92b69c0635c9f965b0ea203b5ed545fdeb6204c621b5587eb674ba39f1977ff9efb7b918a77f152a91e298ad9f09b1898795ab81c2370e88ba89d69bccc8f4dbcb06f5559ad229a835a72469607214694fe07abb1911e4bb68edb9ed00c33fabcc1ba96d165697a1c63973aee6cb00b0732e04814dedd326d3e4a70230df5624fe390ea6312888
1787460263.147651 fcc_derived_config RSSI spike: -41.5
  -> 255 34887c7b454f3fa497efd88b7c9f429d60024eddc55c403ec9160ed5f0d559c3055c1ae0d2293c346c2ad2d605ebb272de94797560a7fd32c0830011295e7e587f6a6d0651ddb3ef234b50af40b7ea052c688a02efce76d59672a54c73ee88c411835f22e4f3998ff679666745ddeef654c3507accd79af8ad3e5477d7b36288b07e73338bbb39459dc128f4881f53d80d9d8740824334571cd8a77abfebc40a5716b24a1620f12c2c32bef9df71a33c7ea4f569198570eb39986e43bf8ed238b023466408ba8275b3cb378e71ac3456eb7260e964017b97f264aeb50fddf8bdb08b33686930a18bf521a62e235e22ecf3497ad01d4c88176b9642a126d0b0
1787460263.1479082 fcc_derived_config RSSI spike: -41.5
  -> 255 93e367c70183bf4d8cc1c7eb52ca64ebbcba03c3765ca0045eb697c7dbc89990738ab6fe46d16301814057c56fbfd24778a9db509898cde9ae9685fefc01b0e16a97759de614d09da447386eaa3e2f1aac174bdf190cfefb0cfa7c490e5a2502e51a32beb59cbbbc0fe2f6803818f4259e8d5f051b63eae9e00630c5837333aaa2a96ed828942d1f466b056890b61555b787187d0c64552084866a360bcf09bf6f3d7709986db9bfabaedd672ffd99e207b7bc69a4736df3cb4d0add24726fde49fc7cc68a8c7230e085b9f66a5bd90e6701f67474bc1cb4b31e72edfd731a875347123c965d099be4aeda01edb79ac92ee6757cd2c477940b42f3eee1c802
1787460263.148145 fcc_derived_config RSSI spike: -41.5
  -> 255 43e3a7939563e130417d79ae0ed3f53c69da59499b879e7ad9ec86a2fd1956b4cc75ae4ad1551c4f783a9d0ed99bb0ff6c6a36e29984b9f16d3bc3bbd02584ef276ed32ddf9a76fa54173ddf5cc7459afbaeadef64607e7c3bb3dce3532e3e7725abea2d3fd85a2a3ce3ced6a5d4d24e547e5b9f0b53c37215ac2f5eb66c10afe6e2d284df52828bf940dd6074c8a89ce98776a9172c60cf983091695d8469884c4550b7137eb91207c4725463aea6956b68516cd0946b8acd1c96cc4e630d2e518660f9e6081a26bfc626dbf4d51450bc59b79842081de6e836b16920dc29bb114b6b7a0bc5127ae1179f9ff050a53752ecc52f86d1ebaa104fe45ee377fe
1787460263.148371 fcc_derived_config RSSI spike: -41.5
  -> 255 960f70e0f481714098d3de65ff9bc35aac4fb1f3e7015a39219daff5910812ba2de86d3b4b6a405691b3b5630bc6ba689eab548e91ce3d594a776621a2712919233e212ec6db9b9e848e2d8ec65cc1524729bc97e87156dbf3f78334b705bb806facf3350467d0f06e0587a30f6af721fa2a9c5613800ca82b37ee7f67ce7790797c00158541eb4d024c98c098764f448c8ee845b5a311c0ca34defb4cdad86b909739cd534f6717e411129db0468e7ca021568eb355796488a6d81741c69e05bdb5254354f89e4f58c198adc331092f072199abe47f3e615bc03649479d502f8803222407f07b9a0866f4bc0734c79159f12403daf612bc39555b650fe1ce
1787460263.148598 fcc_derived_config RSSI spike: -41.5
  -> 255 555555a723a722788d033dc6003a001e00249600701a2dfac1077d93d07924c4fb9ee88f7c7c570bf81dd4e3bcc8c20d4fc120b0540efe785234ed5073fda76b3e51c4cf77f3beb30a9ad17cf8277fffffead391d3911600124b00380d16fd46819ee3001d000f7d2bbeec94d5ebd00370aa4e4d12c2eae21e53a284e723950a57301e4942a905d65b3e08260e6a770602bd3979bcbd8d488cd74d7502cef38f48c85c54ee1f381459a3bf9ccf84fa136638418a9758c3a657211411459df9e3ffe6a67c3c5f01594828f207e833d8dce02752dede57caf7d38b419cdf6874c3d513f7fbb601c3342d5d3fb92e338cb098a9f2f6a2d9c7c0b85b7b681a423e
1787460263.148897 fcc_derived_config RSSI spike: -41.5
  -> 255 582c80beba8522f5931030db1ec897d17749d14fc08445963af3eecc28fccb5e72a8dbccb3fc03d5eb0bf2cd2b306dafc79dce4332b53ab1d2bbc25fb530b18debdd05c24629f9441916c6e6f8761437d59887ee05461ebe5cac4e1962ffc9e0e8352db3305b0b401e1296f23891f8cf0df3d2b768ea0d75cff6d4d42e1c879bb5555555a723a7227800249600701a2dfa8d033dc6003a001efb475f2a8eff4cb36c20b69b11b7c5a0b8ba69c5b9a6a988dc6d59c40b33b50e8722e279fbdf9a7cc2ac595fa970515db273e3764289e6915b5cf597e6c20ae2f1df577feaf011b67ae0a5f46540928b431a001555555a723a7222c8d033dc6003a001e00249
1787460263.1491551 fcc_derived_config RSSI spike: -41.5
  -> 255 9ff058d2a3acf54143e1cefe2fbf603edc2b90d0d00554124b8a5c7d42646f211897deb3ee88262ae9f5b7e8348f20f1382d79c741c088f0cb66ef2dd91ab05443ce4006a31fce6965a61a410a276c6567717a190bac3882fbdb5d5cdd9d25925ae71c01b1e5568b9fb4deab8de1cddcd3984023a39f7c99301ebd634d7a1a1e54c10e80830aa94bf4d906154524ddfcc2489417ad8b4c48fc7c910ffd31bc07fc4089fcfa958d66907261f02895f311b9aad7fb71a1f44f4d31ac4baf39f603272b40d58c049207d14c80595be2a10f0141faae407f13b2c4d161e7e6ab6afff8d44f8d5095d74a54bcd7d17fb2c18194bc8ce5bb80f215d56d82a8af7c4f
1787460263.149375 fcc_derived_config RSSI spike: -41.5
  -> 255 01e968dfe521fc89248b1c082ef1c8da5492f7c22bcbc7f1c8077c5b02c4c1300a198486b95cff5daa34a2a4e31cd8a0d0332e29155cdfb2fff7ce2f29863d693f277eadf9a05bdce62a4c2c6b3553ce2719c19ce562cf2e4f7ae74969daef45d42a5ad5eee75f4537ba9b6f0ff70af9793f9c722ea28dac812cee77df83986e12bbd20f2820bc93e0d5f98c9281a53757e6c6c73638ee5b9721c5ceed9fbe3b05350d10bf91a2e9d3bb64c215acf5f0bf2d310375bc3861ba7d02284efe8803a0fb6fd084ec1b003841cbadaf3882c6461ca41f441169370bb567e8dcb105297e4a12067373eb37e610d8d510acfd7c82f681efa2c4e03b23c662f0fe7910
1787460263.14963 fcc_derived_config RSSI spike: -41.5
  -> 255 e75a725243b77d50dea4ded423fa0db4952f795c35fc5ae22efa3406a1bc5f9b62fbf768b39ea34ae463a7ea93b8e37b179960e7cf67502f132342633a569d610090d675c8a01f7f5c01b61dcee3d5d9f2256850c7ec54c2ff4329a02cc59267a41d6f64c5db27dfb9d9a3a6b330aa19db6bbff6bbcb4f2923339466fc584916399b9386aa5622a4c9b3b412c4df52c2a3d0080081850e16732cc4e43cf1698362786b380a9f12a2e75493138b99b46e9d276d214122c2913f40a6b54b5ae6e761d6ed0c452eb41daa6fef2e60a656583f7fbbc82e6a3ab0108e88aa870d040e35232b43f69fc62751b19c62d6183f5e04f04f61383bb0f971b02ada65cddb
1787460263.1498969 fcc_derived_config RSSI spike: -41.5
  -> 255 46138e29cca6a92cf1366b74d8b83b6a4770841608e84038d00602d6db3ed3f57f23626f045a6bd20ae43d98af422a6876de8a2c7b9abcd5a9e6468f1e008c5193ae2b6fbfc93429c3aabd072f442f828a77768f7120cec6c64664570ffe25daff22bf35474976f2d3791b438f7ea00525b0330b15fb753b4c24b61b270ddc57839b909a6c7f55b0fdc15466c76dca5aada2b0e4c8520eb9b2286bdd27b02fab09088839b8522c86e7614fad41ea262319ca20ce04bb8f9cc0ff95d49c590fd7ac8ac1b7aba9101a9ffbbda6493480486a61542fa00380e778ef556fd18d59d206740878e246282f3e6f21db3e81aed2c08450f4e4de89fc78de001bdefc88
1787460263.1501608 fcc_derived_config RSSI spike: -41.5
  -> 255 fe683e9b4e74a16e3d468aeb1fab24b38b2c79ee4080f867d1c028f3365e4294ae17b76b0353a71827aee321082a338bb84dc3a883d6abc26bed70db6f46511337e4111b56c4bd1bdbe9d362d7fa606e861d88fe7163569dbc31e0fec4307868ffebc6bc6415c5499911ecdf53c5a0651882232783281e5f813282f2cb06b80eb00b50195e08b457cb525bfae74bfec5579a85c6fb598a7eba0f6e900888b0599dff07b4ea5f277248edcc4bb57c94ca2f9019aecf5c96f4d26d5f9335eeda124a9983d24e288e3944c9da5c0666fc58b8d7d3ef93a23f5edd25d34180ea4babefd1f721b6ec06af93da0b4d1a74008981de85e013a40c01a1ce2dd6612b45
1787460263.150422 fcc_derived_config RSSI spike: -41.5
  -> 255 bea84fbc47cc415c6d76e0a4d02aafaef3e441c155accae2f3cca182037cf57e7b52509dae76090b1596c057917e044fb889ff1bb6b75de7298898d6bec3b1885eb2824594daad377ec02c54b3aea103cb6c2dd791efbd72161902607bf6b4c138dd9306caaf1cc2465fefaf8398f5c2cfe1020e4a3d546afd304c88f77ca11d99129cc2eae583ea790efc0ae255827adb4a7384ff664cb1d1a913338e867530b362c0fd58e4e49796f2248c431d41032b2f4082d881a0b7c7be38854cbf89cc015d6c7ab95e39008bc896d2beaa5d29983e136d0fbf4b3df1ca61e6bc00220c41e4d3c0a8b741af80046ce4b173727ccee1cb8ea2718d9d91f40f24c24f5e
1787460263.1506538 fcc_derived_config RSSI spike: -41.5
  -> 255 fa31315881981e156bc1dddd358246af278c2ae30b9ea880e98962a216bb82c48acabd38f46ae77486b4da30063f69116e8fc620a059b83b818dbb8130d1e3dc1465fe320830481630583274c69190325dfc9ec1763e87dc7f0b3c4e990799992ac29f8f72fcc47365301306f09bf1ac12e2545c4dfd95de1367f5512429c973ae093699b2810d874ee87a85b9dd38e23c8cf1f9c0364bc248848a48f2eef3b00066e6861921e89ae30e1d35e50be99603925cac26558cc744b2478ef28ed1cc4ff2a76b40b0f34452366e61807f2e40c920c954fd2fb88e2bf94a03d718cd1f1f6789e7c8def2d22ed805d8667bbfdf1841c91fa446f71197853f412858b5
1787460263.150889 fcc_derived_config RSSI spike: -41.5
  -> 255 e79d575ae956b17d67744ef421dcf21d74de78f370ba96ea87445d25881f084f957945fcb81ed23ce23be9af23992a03872ffdd24b7c822f2f77105f18fbbfadbd11d8624bf7f577d833410ebf5ea3f3d7351a8026d3c92c4939d9e3b7bd9d79009fc67925cd77f95530ce8174bbd67ea9e2b3614024aecd8c51adbeacf0733158c7d2aa6911da58e763cec152af2821b080ffe3ab421284c4a383f07c1efb24ec20e37b13ec66ac645aaead9f7df93d78b057b0b0d0f01098d0877bd806deb6074199db96232d15f0ddbd946281acf24bd357321d221dec683e998b1fbae6e52836ac988fca329fc5f35cf28a005c63cd9c209fc914f922f4025b9e28aed7
1787460263.151145 fcc_derived_config RSSI spike: -41.5
  -> 255 ab28b097e6b4a6fd62cb289dd5d53b456cf98725484c56464bcff4247655a4adcee5ef35d602508e9b6315e4e176b5a007652fdd359ab98d4d24e71a5a92edf08bb71363932b7cae24f5852233fb9a24a59de212777304c220766a4bc7fd4f66939892ef91c47fe469f549d6b1d62351f75c847ba40690ad0f931c5f650feaca280b165c91daab805f0ff02577070676ede4d533fea3c5f6f3434c9b82177c423e56182f294652533c0aa966817331b19642295bab83bb254fbc813608dc2957c1497f08a35918375e9a1c7fe5ee52466b4898d3af2c2d90c48ca0246ca690067114c5a83f6e61ba764cb24a92e51ae1100a02f84a41b55ad47bca1e9f206d
1787460263.151398 fcc_derived_config RSSI spike: -41.5
  -> 255 ee55c00cc0df7dde94fdf2c0ea8247b759d829ba8184a6db637403601f8566576879c2f61be7c903c041672b4dc24c0ee615bde7622296791cfbd69ba9863f570bcea0b28cbfa8798b8d9a2bc3d177b409d5efd06f936de2850617e2f5a40c5a7fc24ec236bff9b2d460f239eee47b707cfd20ffb54cdee8a36428857ff5a1255513841bf6fe70817ac655dd59abb69f2fbca4ec86e8307140769b38d23911b9714bad41ba18ef82393c1661d08685221906cc530bb7b3e395c75df1c780a3808291a2e5fdda7b14d6ddd171e6058eb42728b08850940b10868eaacb1df68a0818324344ef4c60d69efaddd43142559f770165e5c72d670e4e5e80c3a00685
1787460263.151645 fcc_derived_config RSSI spike: -41.5
  -> 255 582c193ab1624bc27a897ab3c6be4dafef9385074b7ff383b8661617c313357f38c7762c4092be625b1d1345bc664be4c2843fdd339f16a372cb881b78c024986c12402c88299956d5e190e573db9ecdbb3bc276db9218ffa84058ef7590462a1a962f2c42a5417b94b2c004d03333ff4bd3383b9a19fa8f064f0530244d76f09d26aafc9a19430f148da7e93d1f292061497ebda4c95566afc0baf1a519c5331e862abf59a496b995d3c5c82c63a94d502191f3be5058cd064d6844152b64054dd45cd89cbb52895ce37b6b0a90cdb341c1a77edb53d6eeb258235f206e2a6834a206aab11395b7678579cfefa4194b1578b30e1177f7d12a61c0601243b3
1787460263.151891 fcc_derived_config RSSI spike: -41.5
  -> 255 9380e4ea7dec93b7f6302f6e8058b2ae640f93c17ae0d775952472414917598b949c3e3eeae2371d49f05025ebc320b80ba71d6b02e5e622176386b0f447ac0f4f009c0d47e73e3af392ca0f0f369825475715095fc6656e70dfbd9025453f2e20a6769d646e14f7f15f6e74bc95c8497ab60abede5f8b4d1c05ee46c4f3b35b81b60110c1c1bd1d7e05086aad5888a382af30e8ccf4c199f2c214379e17ff7d204b8e0569de43934844f7b842ecbe5731f9fea3e008d85197324f7655f5bc78b7d3920de77d627b9b7d1896daf95a0e00aa43a652cb225875283df50f0672aa22486e8ee79e95c355eb5b1573f3b166e7902e68cbec5fba4030eb46b61a08
1787460263.1521358 fcc_derived_config RSSI spike: -41.5
  -> 255 89fd647f9a2e39fdeb983bba60fba5dc3bbe965cc76d5c20327344d9fa0ce966f48887b5da29e5173d349bed9eea4497fdaf4a259cc6db45a529d564b47b5624ca03d8a80c5b0cf988a7e72c98600724825c9b4123e688858fac9d4e0ce205d46daf28439bc16de2884f57716517237eece1e1b2982ca63558c08e3b0f990039eaa913244c6a0f480ad4e0f9b181d4512104af9007a637e1bef493ebf12868c7a8050cd4b617922a2476afa9cc87ede7505f19b03607d2b4a0ca71429e3221e6f89f6b776ba1967ced9c9e016b38e00d82860ae15785dd0fe3fc667f99a44d9bfb99deafbe8efcacde7ea42f2f1328605362db14ccd680f6a505ed0bf7de76
1787460263.152413 fcc_derived_config RSSI spike: -41.5
  -> 255 c9fce0d88f357826a8d642a89dfd3abc0da8d5af51d2110ad136367b324b9cf71ca921c52f72790b561dbe686df2d9beaad45b08d48939782c94806b4d4bf84eacfaa37cbb2a2cc8bc6d487e8eef805b7345cf2db322b90245bdc0c83a4e961e7b2079bccfe78b6a51de0ab023b4977211517b199910e1db3f70794acad0c22061ae5e9e4697cd1cb07dda67bcabd49ff1e31a5badafec67fdba1cdfbe609b534cf3a2d746dd5869d7ab40053cefc17e652e34d97a51dc93ca7363047910ec1137b1d26b57b270a1e69791306a12b267d64eb32f3e1dbe2c7a62608c4b5e4774de1e00faeee27c5187b6d33203faca44a53096c739f3736692fe77e1f9cf1f
1787460263.152682 fcc_derived_config RSSI spike: -41.5
  -> 255 ef26f0cab5df2bd452df3d63f24278f67d0273936c8817057883ef144aa0b9a123810b45591d276278b71f2ba1a065dbc1bf80f2c84df6fa708784434f0c20ac8d65398ba690b3731e6ed07186c94cf95241678e6da860f5ab62c44711ca0e169b2becc4ed7105be6c5b48abab19bb1d086222f2663d795464df545f39d4d09dd0bb1c7d91fc9c05026f0d91a98de01db67d1de341afcaee7f8202618499f5b85f7009ccb4ab1119bb3fd5718ab128977b7ad624057dba6a45147f7488d5e504579493ea4ed6fa458ec6f6446a09288e92e64a151babdd2064876807b9bb6143c43d3ea8a7b5c4c2d0e402da78e642cb86591e84b45a9b8428a176ef38d1d5
1787460263.15291 fcc_derived_config RSSI spike: -41.5
  -> 255 eccf12455700fb4e490a6957d516ff4ded6d70a67a0df31cc41c989257c6de8f7735c7e408f10a3afda28d437496979a22d90e20c83a806a632cf8f16cbb0b7e679d10aedcbda6d12faeb5f8760749d04a1621295c9c94b4322e56db0239425e07a35c7445f830c9c3e1a44da5d11d73330fe727bdecc14161dcccb5992be7e555c2113d7a4fe5063e286ce7b3cdc3bf1f8576090a1e234458f5a459ad2696e7f749e143d43af885a8d9fd047d4eb0221abcf19b075b29a00726efbf9343d1af50e157a2f617ef95db803ec106b1b42ea22f9e3b92064e7a0b04365cf98b15228cdc7e40032ea637a201a325626dde3775ca43c93252b5a538e74fef9e7ac0
1787460263.153152 fcc_derived_config RSSI spike: -41.5
  -> 255 e6723297249986e762540db74e4d7d1ca4ce72a92701907b2c202330210e3b1f27de3da9e3fec13fc97fc5be6054f37d7b47f10981fcebf92ffd5f1898ee568a1c332a40c8a1eed64552db46fd040458fcbc13d7d1c52d7081dcf3914a91ee4bf7b9a094e2bde90845a3b77d851fc657be2b48e96fed94dd2c90556fc838c46d103a114a77dece06ffd3368782c9dc8c336f1fe58cad76c470cbe61cfadaa57c5c708336cbb9cf890bae370cebc441c2d9745316cb0fc3a5150e65a6d47f643adc6ef78d3919cda11a36b7be95021f071325b37fc9e9cd007a123bcd1daead40468886a84d69a4a4dfb9cc9a4f28a9fa839fc5664a1208d107cf3626e22963
1787460263.153385 fcc_derived_config RSSI spike: -41.5
  -> 255 b3bf51ec4fdcf4e80caa96f581d63799eedd6e85fdf8d6094ca6d4812822d1d832087e0efda60453eec6684df7fe635eec7e2dadf26188f5cb0042cb9cbcd776d6eebc2cdadf1c42d65e458d10a7acc6343217f0b255741e9b7304c42f0542563feadc38fcf628c77e12bf57e0ebb44fc3074252538744fed39038a27654c8dfa2c40776e10d5571db5df8387e2049b0188b704a66fc9d7f61c14e66e2ad1bf84e68750d8e90ae4d9396ce90ef3d5683e55f99991decde8ca5c0443dd2e66174a533a8d953b1a7754e017be6177777d3fbdf0732f2893c3a57185574ebf11bcbed1d2b9219b30456171b5ea7eafc7ed450d851f94289026a3d106eb09741dd
1787460263.1536279 fcc_derived_config RSSI spike: -41.5
  -> 255 7442648521ff3a50c91b319d04bfaf234e5d457f47c41b1ff808112299c73d114ca7ee6cbad01cc4cafbbbe77b08da57fda7d0c8d3396b443a3dbafd2648822324de6bf251347a17e4567812156c723cf1a7c66d884982e7f550eaf3fc7c3ca3978b1f9bdd235585786711efb9454a90d8d617632eec061242c26c4a23c7885cb0811319825a69be9585910dde42c31873005d178a639f38abc95fe83d15c2ed922f0ae65160d8843ce5874c54d72d353f7e08ae5506d07afbd9c400206e3848fcca52e28f5d6d96d4490d5832e743f4399118ab1eeef9d83b026b9ec609e3953b47ce3cf324cbd0fe352f639292aae7586fd4ea8575638520af2c061b1059
1787460263.1538932 fcc_derived_config RSSI spike: -41.5
  -> 255 ba7401fbc1cb69fa6e5bb094b907ea828ee6b4ccfc743c38995d669c579db6312ca8f952933a51cb53781f8594a9cef96625abd29e2801603e6b2ff0058a02517d3cf7e1e3f9afc6501cce346888aa8ea2c242ed5e6d7bf0a5121d133b5fe97194157bbd2b4989b74107c02ff694540dc3d3369cc589be76deb656ee70e9ded8890df35631d2806576e75a493dcdb7bc810a9fbdb9063e845963ab93e99c4bbb872779873a05cb467f193ca77bc7d638cf12506b86d0f975b36c4ab60931fa5f574faa6f77ca0479d557519cf96ad6c2e4e5bdcd23bfef84cc0920a513139848578dab6755fd88647f16aa3c4dac053280c5408ebda101ff68020a4fa796d5
1787460263.15416 fcc_derived_config RSSI spike: -41.5
  -> 255 c73df39098e32b18d67b914b483654a174494d0eb1581193b1ac2bf924be0a9d177dd7281c2e3c3b6ee451c2892ffd6a18078b761712c57a566dcf4b0b8c0709fab120f2b28bff7139ef2937d4909e7313fcaf007f1376a2ae4fb851c30659dd438b05f459dc700770346cd37042197a93692cdf04fbdb090c38b8249c6b8cfbd4f3a3c6091b2ac156c14b1c9fcbff68d0b3ec65b415adda20c2cff1a8f0e8694ce49bd5519a9cdaa7bf9670cb9c29951008a2adf4d9f2a06392e2562c8f310b698c14d0b90268fe908e488d86a35f465b015aad1f46c40a0a6c357f9c01ff17a5e8853ed105c2ef7ebf218a3678121f8b323006ec2fbea4462ba78ed9882e
1787460263.1544151 fcc_derived_config RSSI spike: -41.5
  -> 255 e86adbae177b5f5386d69eff39e5b8f759e30cff7d6610348710cf8817210ce2d0a6832fb9731a683848faa5b4634ca412e9c9de3707bfaa31e2116b3b968f0c940b2f20a800fd1d47fd014661eaea56cede4a90142a477a29fce1d15fdb0c3acce42e8b63148c76a71880592ef82385fa7e3a1bcf03573287453f25907411beac6ab547f6602637c3a11152a7f3de0e773474373a5c1b24eeda10bb5cdb085e49b2928ac5d18b1f801bc10f6ab923122a7ac3f4aa41c74eedfdd65cf08408347706e348da8e797bb53fad49aaa1b2105d3e5ac63c16664f46ca242f313ca789347c991b2e5f079a375eacd516a6aebc0101286eedef91affbf04a4df28518
1787460263.162188 fcc_derived_config RSSI spike: -43.5
  -> 255 057252efa6ece910c4eae4bbd073c0d90d165a14d326221ab86f205f071769b951367db30a325942f57b28f63d6c60948a31a8b6961f369fe70de82458b8524876f0523d149b1d934ef44975f8ff2c09df8fbd335ceedc265fe96c317da614c216d4d41dc119866aad3e249f9c57a7791b180bb41663e3c0343f185168b8955566b0bbe6932404d853f169e81bf04e1ec3c702c045c86690847b1e277762e449cfc228b5055c16049b72e97c24b392d24194e74913d4cfa1acec8d0d8d9487d658ab1199fd2eaefca3edc0457719e08b4306614a69161162da54fddddcc03b9860fe3ec3762ff424af81e49e2c0e41fb89ee1fd8bed8d64f051cc9be20731f
1787460263.162452 fcc_derived_config RSSI spike: -43.0
  -> 255 3d111cc3b3f9cfa2a78002ddfe14329e918a558c9927cf65b04cb95730402a1986ca88680ad315f32829904608670f35384df69c7c61e449083aaced55d94016639095d381297878d2cad40a5c22016ef2ec3e0474fef2112e1d3a1ecb2690c5a23f22f9a98ee68de564897e8c12dc3d346a5dabf61f0c7f6d8a08f9e18b196d8e75768a16e705235a568dd3f0c4ffaa310259fc5bf0308243e47a1704b9a85d5212a87602a65d33a51171f6acfc66ae43b0757f55d87f869699e57e3c59645f44a24b9af648345d6386103675d9277efa2c4c45b5a67332089bd4593e42f73c881d3b5abb8d3bcee992880bd16c8757c54246a596a784c7d5187b1402feda
1787460263.1626902 fcc_derived_config RSSI spike: -42.5
  -> 255 4f9873fec1a4ece45289f1e77f26b422b2bc99a8a7c965f47c06a21d23aa7a57ca093645328fe10f228d3c74cad471583f149a451e62ca3940108d0fd087b45cf63c281f9dc1c51c698dfde52ea29699598b542594996abec6dfd4629991b68a3c480bb412c816903446492760e3a24ae95151e182d3a46a297d0f0b7356648c1951ac227731c51842dbda26325e6838bb34100bfc6635d0dead80681b2d4b0c70fc4ff14369617e3b52cab13a37e4fc448239fbf6bbdfdd79c24b0db9c74bde6f138abadd2725131fa5243863f468f8f461ebaf8bfbfb877716f2e35c1cacbc67c06e151815efc346f3690c048dd41c106ae9fc366db60b0530ab5a681278
1787460263.1629272 fcc_derived_config RSSI spike: -42.5
  -> 255 0680741c26dd99c0215c1a1a5e84d50c464efe8f7085840e6cacdf2174228fd5e92c484e0ea0fbc3423b9f9350d3195ffd66b2cef906e41e6d4eaec1b13ea25b15173db3d70df2fda68f9f7f701d62d45df501b3267fb1f20d53986d59c0b779ee229218e7d160e42f7537379f04ffd02f03421e50e479637807a510c63fa3fab2fb0502489ce6f20d25746259ee8ea6c600b770e47ad5ec919f9d169c70846304020ca2cf86d1dabc9ff020bebbdfd2b1de15a543c1340706bad968019bf9871ee98f46d5cbdd922cde2e3184908b686b8eb8ea2849994677ccd6cdbe7254009e1dbbaf02cdfb5f4fc8e447969093fe9137be89d932d979050c86054b65a9
1787460263.163152 fcc_derived_config RSSI spike: -43.0
  -> 255 00f916951db86e2765b0b9418a489e3bc6406be881e368632c11bf9457e9ad034462eb85a0169ff24e7ad65031d01e9f0d7f274515c34e39d567a569bcb1476332e4f3e74e95b1bd733b6b16081a8bfbc100c61bb12b30d5c2120c2790bd01a4d69e010b965626676c92f081e495adbab029b2e52acf01007cf8eefda605f559f816f08bdcc2b0f1cf75e5159d3bb5c3b34376fa37511b250693e7ed29c1c776eeebbea50f177e6180c5001f97a6a1b978dd2ded137faa812077aec3a55ea06f5f1cb65a34310d3483afc87e754860c9601c32eae7ad327a4713822f5e2f0ee5a8750155d9d318bca0f71b52c0ba00a34d3546974d6b40ba7f7e7404cc2cfc
1787460263.163376 fcc_derived_config RSSI spike: -43.0
  -> 255 6924b6914af06a4a088a71fbe31231a06d101bfb934aea0b048e01daf4d868f4694ebf7c21903ae14c62d265c8b0f842cb792dddecbee3b095f93c19508398162971a9970c7dcf9399e3db6206272e69653b0a4d1ed70686560e9b81b1665437120aad99e6f4d333252c93c001a67bcc7a1a7c485a58c6a89555cb3459550afd65a2751486910b2a15149d69e719b30dc3af3fc9935a61e625cf4c5c37f864b99ef6b802cbcb09ab3011384322557cd60adebec1972338f4b3fc772f06c8cb09d9721b761dbd2abd53396cb373f260a44cafe6d9cb55256f5c5c32db50586dd7bc7dfe7ae8bc8fbf16a472d97a58210792e631dae0c5dce312e0287f9da19d
1787460263.163645 fcc_derived_config RSSI spike: -43.0
  -> 255 6e6da963fefc1dc709cc3e55b85dc8dc6a5c2befc1d8c293ac08f663140cdbdfc34fa6791f9e3a4faba04d0598dd314eb29c52446fad53133e8efce8535ec1c09e7c78a4474d3f78b4babbc6fb49279ea56b2b5b066af2de03830590f3d716cecff230260505948ca14e37baa12326ba5e2e054ff805f1464290dd0ff9f63886c33d5a7c89c630aff2417a8a4d2523ad3809e6248e8d8c2834a20d6f686387a31005ff2549a29736d0a07e2177a19bb6ea9ee9670b99212fc04afc2a1f44ba6ed4c276afda04c817e1f50330a510abd0d7c67ccd410e989b92380db7217d85e270f513248c60985ec7b1bd6a8f22a0899e929eb921705fd214843f48e876f0
1787460263.163935 fcc_derived_config RSSI spike: -43.0
  -> 255 7a80383425b06f52829fae17adc41aa80278dc433aa3ddc561999fe6d7ea6be7d79821931ffefe41b6b713fb02a6ea3986fb1ae047bbda06da129cef2cb7f24da6c6ab407ed6b20abe985f4d93dc0665d8852499029eb7a20dc4bc0c3686e45a30f4c0ff9d7e6d3973dbd92a244767df8906ba137ce65b60d8b4840b731acca77a3edea6d47bd1ff3916fb7ddb4f55a9e62dbf8d8993340330f0595ac8b9dd45d8af0070211110ac511f332cdc0cb287442c5093d3593d612963215132dffa95e06ba7cf51b2991c8ec85b5ccdbdc4a66e43b1c305ba301f56871d4cd7a9f8792544be75d0508ba9e6aec8b68ef4fe08363c31ea3916b638c0f941f824e24d
1787460263.164174 fcc_derived_config RSSI spike: -42.5
  -> 255 2b0601b1af268b0af4809a9787c38e488f1817492e1d8ed94b11cc18f138d9b386b3c59cad7d0604b43b259e0455c98312a05ac46df7596aab03de2b1bab903e08d3d4201df6433fa1cb580125f5b16ba54f46dc808ca7793a0ffd866c96016bef0815423046831a82d1565d2a48557343d1e25c916c1d0096f63e3b9928f76a0400e9aa0c2c5c80aa4e0765ca4dc72d7e6398ddda2611668b01e9766f004e0dc84474d75fa21d7b48fb7ef6836d5b1b4f3f792121865a2351460bf5a52b793bdc9fbc819c1d8a7425e49be0642eb4dd51f4caa30ca48541b360f0573ee4160fefd0f25efae63f79fb4ee601ad763e37d5f9693fa7fd21ebe1e7cf8199d131
1787460263.1645288 fcc_derived_config RSSI spike: -42.5
  -> 255 78fa3620f2a40cd18a3c9d64921736c1c3645c560a005eaa55bac4ffca55c62902c0559d31000651b48bc573afa4624f5038b18c2a35f2e7609a3d0631d33fcb95c5d1f51d8e7228ac5094fd23132aca51f2e4d0ef7fff47c20976395f8cd87af7c5763337224d73650e639cb1ba9a90187e4c9d4b008f76f3f7c6c28e98d04842febdd60a3a6ec4952b76f392bbec28e88d7f3be680fe4317a5b9a354a9c34ebcebfd7b9c6afd9187f415e7907fa167a48f08214756499debb249a9329b398821c63ab6a7b748a68b488924cb84380bbcc7ae3588090ffe31c29dd876c414f55850d8a4016da51070cab99379a22768373caf58673f3ced7ea9654e1ea3c6
1787460263.164793 fcc_derived_config RSSI spike: -42.5
  -> 255 0c48c9d7577df3ff1fd95ac3edcb589c5f6763905ba70737be30fff198a2f7adeacf44fc975a83f6fd0714c49e30bfbec0795401587be49cf2118f3e770133b152af69395b39bb9980f1d5b12abe9cee9a6d09aa395e5d0645aa1a66de94a17323accb80f4c9f62affeb95a8f402b46443058e56a32e0f6a07bcae9eea49f2eff5395d1665fcb8639e725ea3a4f074b02eee17aa54e1adf7d0c91fc7ed2ef33264d16b909f9b2cafba85d3a88c6d2e02459ffd57a6722e1afe08d3ac0715cb913b6b34b83b08d7dca60cd45b73595bc56b9666cfba90eabef4c4344d787533b50f21058eb3a13b38bcafc4b5968065e3bcbcd305295e82b4ba65c39ddd66ef
1787460263.165032 fcc_derived_config RSSI spike: -43.0
  -> 255 c94dedad911c8b1dafded76a08fa18870ceb4b7bef442312a43934aed24cc1c228763fc0e5ca4ecbafe1278d8f96fbaf598773b92a071c82c7af238e6ebb7ebcbabc10fe7cea9e13d8ba9d65ccb5ef901947b41b1ade6930d20fbdbc4f6e4fe8f37dd260488187ee4fb2892d34e8eb724810dd3c3be3f5fa85ec4c1060d4c2a8a9a827aeab0b8a35397fb4e24b8a38858529b2a0ca0507501a0e09bca8bd768b41c24b200307798342bd73664089ac3794091a3f84fdde03a4d2ea007eaf85087941627abb5202f5af60addf7d79566558327695eb0d734e8f137e536d35265156cd020abf5c1391f9051859763150a39cdc75e694c146c7c9ffa7db2815df
1787460263.165293 fcc_derived_config RSSI spike: -43.0
  -> 255 b0f1a45850502a22bb9564993ee8cee01f42528f6781fc5d5c184397e7b75b363d5db303651058b4919875f5e526d8d789804f94fab294e1c73d4b16d1856ed7fcd8d9a17cf3594828ee9158a090fcf31761723bb93ad462a12d769f4114e377e2b7f0ee30ce6410c394c9c532b24f610591b2bfadf45990950a425075508780ad3270d9132e25ef5683be62c6eb99489067f56feccdbf6950eb0826d4e02a6abe8f738ec22ebd4990d56f573a97a3500d0b87c1d68f36161f1413d4d68e459acfe97c7d81f823419f4f98008c3d17002dc4bc46e79b26efc6a1e62c62152989e87fcd9d6b8c97bff01399460a4e334187bc82206ce2046e2ebc23f5880ca0
1787460263.165559 fcc_derived_config RSSI spike: -43.0
  -> 255 201e4a8f6800f5e903115249c7dce191be70534c4d86700875c6c6cdcffb627babbf5e254a73a2a9cb5b0237eeb7432278d3156ad461f1c9c091fb13c06f50381b0e8cf4de3953e708445eacb36fa6ef3d9d4e40cf4b773e23d6f76841d8ff19e154924e97659429dfd5837a8251c658e257282437f782b4819cc2e09408fb696eb1961d7fa551a30b15b4a334a16fe553ad17bac1c5b20bc61b7715f68269e3821aca0cd77332202a7b8ade88f8ee6685e024315a203df645e77c0ac562411675be12e227c08a0ec31291978751b3a54d8ebbe49d6027374a077cd7454ce31c07984663607258136572aa06ecf32ce78aeb979942beba8fdd46796f380e9c
1787460263.1658041 fcc_derived_config RSSI spike: -43.0
  -> 255 84eae25471cefdbd741c9ada7748137e7d63c2268031fb361d134a35ff0514a70e76f14fc45443bb9d38c334402ced7fa8a27568e6f72a5f584379a4eae3487b74a0f8edefd80408c284a4c3d452f2d9277887ff03fdd30a9c72c1e6542cda39018fb9acbe558ac6924c75ac98a738cc69fc510a713f25f3e9b63f4f7a20e358b9e9ea3436f58589a59c510b4b2aa6804a9d87ec3783f43b7d83196e07de0aa8f627ca13cd6d4c9c70de9fbfe011739c938e9764a14240401356f218157bc76b35e036069f667fca073910fd51c70868cceca531df43e7151ed794c5af52a3214cceac3a895b1da699614372f2040d5ec1aef061c354baf7d2bb14a6248aaa
1787460263.166036 fcc_derived_config RSSI spike: -42.5
  -> 255 ae464b7ce274238237ed2c76aa91d17a1e0e5f497ceab2c70303a25689100bec22327a6767f4a1df5e8499b2bb41b80e66e6d9ce3bed5cebd7aff948818ff07c776ad19b7d405b2738c496ccf2c5c4091345ed9fd23a2cce7d33e35760c8ebf5905e26026182526ca1d86eede074846f71d5b23ed0358f999c9998fee041f7539f6379d33c80bbaec40dbdc2f195429d83920a9fe64b9e0f5ebef56b20f93d63be608461aa0c8db65fb9ca6864893eb06d13117c35a2754932c10360e2a26eccef95a093c28548f744249a1668e2328b48e776ad0cd4d9adca9b2f81985b58b0f60b8ea44c1eef94efb8e143a980f582d830b6e7219b95c6edda5d0e6f5fcf
1787460263.166274 fcc_derived_config RSSI spike: -43.0
  -> 255 78f99a4cc99386a750f6e61aeefa135f9b20fe378e7c6dd2631ed49b5e1712f83b8a6ba34744fcf6745efec2563a85d8c8e2ceb20243e8ed174f6bc9f16c3448e698603d30a0334a291e9df21e16eb285b05a33f0a03de9c1fd63c345957a61e37c7fb963a5c623427c6c48d0900861dd8ad9802e89351e0348496aeb28ba33f9d7f2b4110f6c3fe5a686452266d7e2f9ceb39ab396661031bdfd31cd88ada7a94cf9c14fdfc04cca85a66f88308994be1b6d15b7e7bb231fc7fafd56c97821e58c1204fff1bf309b9c93f5bd008181b9d33ad05d46f657d341915ae9317e4c22430796b2a159bae7fd304ae160c0b41acc859a712fd2ab73d5847eddc1e25
1787460263.166521 fcc_derived_config RSSI spike: -43.0
  -> 255 ddd1af47a09cb0fba7cf49bd905cdb7aa797eeabda7a927e04c383291121c6202d3330d413f4bb0b035b4fbdef36309114bf48e627caed6314538eb23c6d104affaf68f245464d7d983d214101c9816c7ebc53dbeff50a311278f02d75defc01503127cbc912ecd8b1809c6893d4b9c0fbfa871b8e1acd82de4da239c91b238dcffaff5c0ec4924fb28cc1615f2e90866d681f232f195e098a9cf3f5340237adf6883c7f3f455fb39ba4d8490351cd02a061f3b7ff9b0820c959afc4f4f94895115b191f38eb9e10113262845ac0d5123c48d65784c8acfa07cad32b3685b4bce60b0a04aebf92e8975223ca795fb932294506aaa05c7eb1f4644937f8658a
1787460263.16681 fcc_derived_config RSSI spike: -42.5
  -> 255 c25a22c1d4a59619c40627162256bce8e7204848ffa6ef6330d294531766f1980a8253c21952140394661ff65396f7fac964a81f2f527b68e5c24666b9c8145b7c6d2a6770bb7a81037b30ada6f461b733e6671b32405109f4323aefb30a5112e8bae7f2aebbd3149fcd6351d2cf74dd1b9d6710a437b83f4b1f824e1d2409e46398d43577fc97939b7d5c8baa312fdc7244969bad0254580a9cb6493407858b2b719b5ad578645ae5a28b773243ebb38969fb1f00e576f06ea347df387088900616511759544c806ae202fc779eb7177f084cb52f72f056d766bf913ba64b34ecf094c76b4f09f7a930582ac81e662a9215e299c1b49d690f65363a68ffa7
1787460263.167068 fcc_derived_config RSSI spike: -43.0
  -> 255 4ca89a19f4abbbe19fa7a531afb0d2900e2b537a652f03a02ac780c1eb329cb857fb833699365774fdbe47bd2fe8016629e5fad2f4553064a7a64f2f230a851328d62f3d78461a8dc66f92ea59ad8a40917dda64fe7a2736d6d89a171f11d560980d5bdd31c0fe775616ef2b7b136b31ce37ab696c79ee2aca3e041bae3d49eb30dc4d7e147c018576ff5267027cf0a67fd1809221701f37ec52a499a1eb643aaee58e6d33327895d51d599e7e7168e3e704537e2dc81d1b0806c3f28c5a4b8f9c2ab75833a327b249f20a874610432d2f124d5a86676031a94969ddb93e2e09ffbbd118e5761f3ceb663f761ca33a5e69c60f378c97b2b40f5de5c68dd2a3
1787460263.1673028 fcc_derived_config RSSI spike: -43.0
  -> 255 f7fc394d2fc834b3c6b082ca5deaf8ef86602d2cbc8fce95e24c2b112c0a3e113e0fb328a054435054720666df57be71b8e680191d212582c98a70674d7817c5dfd4d7dfe6774bd34c0b5eaa036c0e6c8e1aad070f05ff33fb8bf49db5463df99d4151ab1a96bc9c3f792db58dbdc674440239c9a5a161147aade822042e4b34f60ae1b457e267fdde73686d035dffd34e1fa165a85f09ba1890c238adce0b70a1868f602abbffd0fbf8efd2ccb2871644e2b8e6281a3f78ae461ad06558868913815c72a6bf78266c01aab8952bc16ec3845c97bb0e80015e61d7b7b09f46ffc52eab4a63c3fc773ce9a532ea212836dccbeaae0e5a763bbc15de9016ffb9
1787460263.1675498 fcc_derived_config RSSI spike: -43.0
  -> 255 8b23d8ba0e2a871783d52cabc23c4945479a1378212b34f28d78c619a7d3bcfa45edb31eadddb89e42a61643c9c4c6fc8808dfb3c02395e2c1d368ce35d77c0b14368919d655c5ae44e04fda28f03ccadb58c91a7d4034d314362a9101164e441a69239fccf129e4d44ad2dca6644be851d6b4cb25ac12dee2601014e922d46d2b3000fabf773bff2c4b137324914163ff154899f46bfb76a3f482e3a9a14b1318a3df95c5e5f4dfce8eee13cfb7226b081663c26bfaeb99f6147aa9c47804d496fa81eaff6008e92c8acbd91a03dea67756152174faf933b89441f7f44b31621d3091bbee5f15be257fa132dc9513ec3e3f4cf74600f0db6b217a4fc8cf9a
1787460263.167806 fcc_derived_config RSSI spike: -42.5
  -> 255 4a7f3f9e0f00a7a94fefa0089c9b48893fbd070dbf3c861a1438782b3e0a3f33479081d6a625b29179ee7ef65921281e0e287c7acced3efdc4f674eca3df37bad6004b8ad22ea7aac6c28f46b7a1559d6c01bd47b9a6518b884e4ae2303354afc77d4435ddbbd63e2e5cff8778692e3500f9d3141f7741e9f54c0075f10afee2c14cead8c69163862b3b09e4ebcdc0fa6ec944a82c95f671b715c9df0fb3b4069a97cd41945d8f9491b1e8b1812a7e5f73c904bfbbab95d512af9354242f215e900d940b2e341c10578eb25b704fac099ed5bd9c3a079163c1217e539daa7b16f2a6d009046cd6e676c7ae12b7d610eec2248f79b431c28b881e43df1f5eff
1787460263.168063 fcc_derived_config RSSI spike: -43.0
  -> 255 79a27331e299584297912bdfa35bded4174cdb0131c7212366155fb86b8d2671aea0c9c7f5b582bfd6b4d803735c8335b869743355e02ffc95b18f46140162f3fc9ed1c1aa81e2aae2c26e36c659fba43a5c396a84bef95a9fcc3da41b34a74ce47992b1bcef82e764a17d27cb8f7258a5f55f90803bfc75751f9b455cda08a542201379b6a732fc593961683eca31d0a0b6ca00052ff90bbc0c422b38f67132b7c79538973665de31449c2e7e7a465eef928b79590feffe587ae831e8e667c6d050fa66f934b091f3fe7da1932d7a16e096089d6f77d141f8ccfdb02fd1722d82b8e256bb755bc58e6ea985f65494eca6b76919afb5cfd583902e33716733
1787460263.1683 fcc_derived_config RSSI spike: -43.0
  -> 255 ded30c22eed893329a7cf2031b2b78e40f1efcf67c45bc3e3f7f0b989f6270fac37d53948549f9acf4acd574558e9a8c0b44207506f4ddf07fc441f5d1204e8275ddd5ab1aab94a7685977efcf0895040aea83c998b7cfdbe04c83387727266c65ba9266dc6ba6650bf58d222448fbe89b0f782b364ce3510c07b21c0975e70fe931a2617048248a32f6e99ed656ecea7eae2227a5f6840f54fc70f4bbd3df60fc04bba4dfa8b9f790316b9f00af399683b9504e8b120a46c8b8c9b56f3d0dac996b2c8aaf3e3fed508fbf9fe895ebf41a16d2538178659078c5aeff90bf6f697d0f85738bfc7af011577731d932748a1f0c69bd600ab4f78486a72d57cc59
1787460263.16851 fcc_derived_config RSSI spike: -43.0
  -> 255 d9f456803248277bc26d5de00a914b3d4f0b134d419b5bd9bd94185a5f385db54063048ebddd91106ecaa70e275515fa2ebd10c30ee61521d7d76e1e538af8a4b48faea92181e325cdbfa058759fd989c7852dd9f22e39298fd819fe3ac28e02d3f7ab201611e39fac9fb19adff9665c564a1331073e5798a829a2258dae6e6343272958394d5f5872f234eb3ee81d0d22553f9dc553b935b857a50e1d711796229e86f943e7c2e5e1809e4ed9919a535c3f09b0eaeb829af9f07bdee3dff0dca1c63bce0e045ad757b03062a7c0f08935982783dc184d78a2799e949fe54f73bcd4d77d37094f941ecec21d03bbc2fcd64b0f638e010cade60a6f812755d7
1787460263.1687438 fcc_derived_config RSSI spike: -43.0
  -> 255 d933b72ce670b169a03f121f1954282850c82e894fad7b3c01992b852b7e7a1f35d267c92b30cfd96136f39df050f1bdeb48654bf3e40c981371ff8aa9d863a1faf5082514e0bd011f7dd9877ca634d8f2634611d83c90ce97eeb7aea51a29e385175641e987c1566f3e6d586698d721cf1a1a06ad34cf976652fbd5d5a41e4264f5e64c3bbb454c0ba8bd9db270eb7fb011accafc8db42d312bde5ac46326b13804b1d7226371f5f96ad0413f766454f5e2e1455199849cb060919da5b2cabd8aa5ec247e2eecab0e10d4eb22b8598d8a33e13543717a35f5075ef77ac4e2c06032f0fb9bf04b3709f467787268a4b2d48de1115258ba0e7f41581d1a029f
1787460263.168949 fcc_derived_config RSSI spike: -42.5
  -> 255 7b67f9f93a4b874f1981d1cdc9142554776251c3658fb5c0343385ad65f92901067a76d394735415718ba3fe2a0bc87520360b33c4636e74b33e79212403714e61fffb6b20d9c31bbcbe05f77d034f5f0f0ff034905afd41915720a2eea86836eb3beff1a81c41570260762cffbb1e54d069a1125052b766e5c10e4bb1970b183f15703bc7d0957d3e398e31453e4b81f280a75b0ffa853305416c9937be44b9e3f473ae959a1e94d5a6ce00d46196da2bfabbf7df046e6ce8a826bfd58de7cb5cc5535720f9b40647996f3855315bca954388cbf8e63970740702aafc77bc18ebe2a73eefece8978da97750b1784bafe3b9b826d444f2f3a0ac518867d8be
1787460263.1691468 fcc_derived_config RSSI spike: -62.5
  -> 255 b70db6d494e310c0ebc759e91b19a0dcd347ebe3b58925968c0a75e1f80acd11cafb0393ec11353bf1786b823fde10cf8921a0393265495bf35bd694feeee11fcb2a1d311f32459a64e18ba72cfa9d61b451de58557d9dbd35fabb39adfacb4a725b68d7f8a80ad0e925d530111dca23568f0e2de4821e9008fe61c7552e2abef9fbf14d9c77e9970c99115cb7aef45201bf04c06bb776674757c4000232a5f4a0a1ed87f6124d7b0d4a1381076c70d3768127216956e6b5099825883cdcdc204158de148e4e46ef34e1c04e3ac2dc414f5955de7a3a3e860dbfa260dd3b4f04ca5210c1ba3d1373a11df48ca94a9ad8a9c4e2c3eeb6a49794158560917a00
  ...heartbeat: 780000 iters, 182.1s elapsed, 1212 hits so far
  ...heartbeat: 800000 iters, 186.8s elapsed, 1212 hits so far
  ...heartbeat: 820000 iters, 191.4s elapsed, 1212 hits so far
  ...heartbeat: 840000 iters, 196.1s elapsed, 1212 hits so far
  ...heartbeat: 860000 iters, 200.7s elapsed, 1212 hits so far
1787460289.790133 fcc_derived_config RSSI spike: -40.5
  -> 255 89431fa393ebf92261a60e71627ac7572c72fbb8c554e920d5586f0ec435ac7ba9e73c209917ccb86f1868993ca0b58fd1f6168e03ede4ee62fbc2eb8e2e83b7185e4c8c4db1acbd7b00d1e80a6e07d5810f78d261b77d8dac5357526748cce4445e186e578bafa3cd44969bb867412c958b041cd0172d9db17487b956ed045f483802f34ef5d6894a91bee9880dc358069331aed50348cbcf5ed8f0a6c8b5d7c1bffc78f00e9f6ea9ef792eb1f575cdf7c753a6822bb7ceb6cf26b986d57883b12685c4eeb513c5b9e13540220dcbc8d59cd9389858c3fcefa2a9f3fd12cb0127168677f5adc6fb14525512ef7d2936c814a1b2d26f9881673e27b4b17686
1787460289.7903738 fcc_derived_config RSSI spike: -40.5
  -> 255 ad91298738c7d718d18f99b30200603ad7080fafa664ecd6349c9fdc8edb569a1e1c9c4a82122c4950cae8e3af107020c2761f99912aa7000af1537b0d59efa1ff26a336265f12c9cfbb9c23d995f85efd4e77f2307452398b2f4f42296e385057b1ae79e7c87c65c965994f57e02907fb126ce88a026e58d8e74c29d8f9ff7454fda9e87254f0643f25505f9a99786a649a878ce4c676b54aacd17f78e85297687b36afd64370ae75cd3020ece779f52c865672e721e5d29314d12db3964166db43bd3ed430f96eee038ca8524331c90709c0880fd96249f3ecf2d1e6648b69e7038d8a131f7391a27fac6c1d8e5d70e81333875f1ceac59dd31b69575897
1787460289.790617 fcc_derived_config RSSI spike: -40.5
  -> 255 3932ed33a10942288806f763556b049fd6d780a2c6bb2e42b176dcd25ffa0e7b74decb9a46b6f4e575e7fb5df8516e4fbaa5d8ae4145984c66ffa6e8ef5abe0f925ff15f0f7a308707bf5694432f7e65037487ca233ffd0d8af8260a3d81ad3c5c2fa90b48a82ab77ba09f9c13243705ec7d162ddf18f69e0c04cda805f9f6284030dde4efd0efcc971b6992604f1560954801b9f6d22f6784cf2ddacac0bbd35478c1cb06b2d4d0c84d0f768f89eeb5caa6a062aa28722b8a3f28e767641d8b9cb5f9b650bfdee73360ead05844f951caa54f1a46fec4fc6c4b98b03529521d33a11ada2ad8ef46ca2d9720dce4746498ba6ce43a62feb9212535481266de
1787460289.790886 fcc_derived_config RSSI spike: -40.5
  -> 255 734ee8d36f341f016c7146974658f5898a6950cf72fd5e209a505fd81a29869c4b52d20436348c28ff9dc1fc74bc71c54767e658ffad426c2caec1727c37d2b16dc12d42241a329b3b60530f0eff56649fcb1fd9a74dc71722f8b1934579ab4770b3d300dc61aa4efc9b7df8e5c3bb2dbcbe6c4b4f383129a876da1b153c75dc11230ec850ecb43450d77d0f4af9a20b7b91badb41e9de6f1dab49dfe4ff48a89e39a2ed4c54709268a0d3c6498c8cf96ea55a334ccd6dd33edc246d1f696ac52e43fa9153f8715c94840302cde3d67b173e28bf5c2845be21a6b8e59b503e9697d2d86fd28a37f38f81db8c052a8441bbb6aa1258e047a18b1dde32c1def6
1787460289.7911592 fcc_derived_config RSSI spike: -40.5
  -> 255 e8b940053f21cd2a5af3b3ee6bdc030ea68ca0aad3d322002b83adc0a48aa476f930d3f1f31b75d16ce339642009adb884a56fc835126217bf8bd61abccdb39722027e8af643292f6b4c82b40d4e5a00da3d7fbbc19cf6ba72d78a673cbde2f5d5be03548958c5e6a0e3557b4dce9c366e21c32458f182b9fc2e39c4c04e6f1579aabe772dac589af6cc789bc9c90b2fab592bd56ecc85764457306d415ea9fd6a9283da86b3d1e193952e275bf56b14c2c5db1198b105f346171f545fd084a5f1a4089077db19363c2408fdc28ff9c59abf4caf7b7cda0dd4c4d00d686ea6bf012f32ec18fe05fc99a494449d7f6774520078328d49d920d84e70b8655435
1787460289.7913961 fcc_derived_config RSSI spike: -40.5
  -> 255 b3b7b9eb1496acc1f973ad0cd4be990359a34247cf8404bde10186cc23c053d62ee1b12b9b8eb728591f8cc00fcd5fceec4c88311f38f014a7fd7276adbe97405ce1e72872a3f8c16b9d87673ae7aa553223eb166f9ebaca878758daeb19be14179905a851c2d181a4ee570bc054d6e5e87d90d4952f42059ab6eaf47fde947734b426a5ec433a7d164bf84c0456b0d40f8349c619ddda944d2613471426580a13b14a71c82f729d3133a214bdd968a6068bae45d192b3000e00896b791282b011c7c3938912422e99557a6877913537e729c481f3e63fc5691840ea53f350be2d48878b724d5cc60c23f079d4ef6deb5967040caa3870d9a6355fddbf7fd9
1787460289.7916229 fcc_derived_config RSSI spike: -40.5
  -> 255 ae9551aaaec444a69741efcf6091eca95b2cc4e5b1209135f9aa53f4845f1b94b6ab5a8247cfbc6881ed5a700428748010049be447295f6cc06d3f4f6923bb1f61c128df1e09a5b7a6471ccb8b58837a8ef8bf47f75269768e77e9d285560891c777c45ea59fcbb4be192eaafef769cf09dca121e9dc6233c096a2ad777f3e335a433fd6c5f5dafda0629544829d7b3536c320911fe79dd147da4bd034d3cf9a1143f77536e3e023091120c2a83416ac2f65b975f1e2533e3646fd143e0ec7d8ea1cc5fdbc1ac539c607f251e7139fb297cead4272185e1304026ad79126bc004748ea479c3794dc041763290daba2f584df268edf98fbeaa9492f4969924d
1787460289.791866 fcc_derived_config RSSI spike: -40.5
  -> 255 6b285fc31c5ad4092de23e4fcb66c1feaf317a0a1dcc3b65b906b4f7377d45900dabc6f0771eb59e43a444648b133bb885eb933d196de01ae66b7050ed6c17b03e7cc53f8fe87cc476b37319eaa766e0e42860590d61b73a1dcbfa991e426e9e939f3653015ce6983688c14d657d65f3bc5a8bf8a9f2db51a1a211cb28834f24c7bf0df647fd09542eb139fb0a507e841bd0fa3276d6d052cd374593ef3aab526e48aa1475a54637d7258d1d04042aa77f4ae35e74c153cb9531428df91fbbbce68f549b0df35c180013c3f57d31fcee269ec2ae74c571c5dc219b7ad93e1baaf275bc3b736f4761f8234ac97d58246f473e8e9307e9015ba7cf3e0e63c8a9
1787460289.792141 fcc_derived_config RSSI spike: -40.5
  -> 255 6a9270c037fcaadd1cbeb7ffc9132fbc49651e5c553160647b1019a329efc9084532f32a15a3680e4f35ba1d76df74eb6f3a6f59ef3a71db0d50d5c0d2f89514b8484dbfdc5d42ced55ca99665bc2e447d7f7f3fcd36eade09709cbfb82acd84eb473c4a3bc7d0aa97442adcaaecd620349d3372e43b65210f8dcd5f0a7ad021bcd9a8c4ff316f83f9cc24179ae71e198cd0d1e28ecd44d1c5112f63d87ee076b358e0ff10176fb763e0a21f4b96d6e6a34183aa8062c02697eb0ba1c1f36c10df0a6d08612e9c01bbc322fa4ad16006afcc01d072a9dd69abcd9f641c156d072c619aea8d111b1c313a961b33a79b98f8a7bd8d30e5900656cf1fd53d929e
1787460289.7923899 fcc_derived_config RSSI spike: -40.5
  -> 255 718a7ee590f5157d5b7b89d08cc917c9f5960896c4324b7410dca9b79d27e3eb26697ac1de69ab74c8a46b87c511cf3acea4645fd7dfe05ff3507a68a6a9015ad30198227aab32e7eaa2463cfff92c2c1370e47e67c9ade82e63739f8ec2811d03d034664ce4e63301566987bae74c806df4f200871259d1f53a25a4bcb3340df9fcaf7d0829eb24293b3db30dd078e2dd03c8cb19d030f0cd3506f3a2d8972d96e9835e8454b99ca6dde53cc4cb306c67a53ddb143f9c5645341610006030f2fbd65d63efeb37aa88be7f48cff404483efb6300264ac36dbca359cfaf7525152403ccc21db566f540282667e207e0a35940579aff204bfbd283639a0f7000
1787460289.792625 fcc_derived_config RSSI spike: -40.5
  -> 255 f0bbd579e02691277ca6895f3a880829df42e8f972ff46db5b763e16bd3da70dd181be652ac1d03746fde82aa332e704e382d63a296cc186829aa2d66c08e19cbc9e41b2f11120a94fcb5c58149887ce831bb6d209168da95e501fe4c61f783af2383556b1ef62bb4f4e3f9c24dbcc2b60447f390e9e42f31f0218b75d0146a78e5368049e762205a9b84c5f0f71c09ef9798b49af55fa0f22e2a693f136672a33bc1a92c49b7e92b2b6846ea79e4263b109ed3eac64c1f7a5710bcf0f67b0dfa7b17b50239569531bb652a1af9285b982e132478014393e9d8929d49694270b6d065167f26493b8068bcb203e1beceec9973b3dff70e34683fcfe9234bd90
1787460289.792881 fcc_derived_config RSSI spike: -40.5
  -> 255 45792eb7007c53a800e44908da2395c8090b994fa3d1e50dc400cd8003cd6cba158d56ba3686433e717b61b1573075ad39ab2563ddce9d069b8d84dbcce7617521005bf9c75e2b48c47fd7ea27dbaf1a383b85cd1de477a1e10cf1d0d327e93a8a7c568bf31b20969ea1a8104b1fd7be3b5116c765381c94cd656f3a9d5d9bc155fe1018e5cfc926fe6ac48d7c893ad701d8a74275f4698db3d9415587083ab88a49bc31d7d51e104e709d5dd22a59a86ac7310fab8c7b1845406d58b8130796f1716cd071fdd496eef04e5eb7bf2e42e73e080913f2a27e6a3a6110a6d784e7347dba9a87ed08ec2b4f8190fae7c589e90d5eb63139ed34509af71c357295
1787460289.793108 fcc_derived_config RSSI spike: -40.5
  -> 255 e812c83355ce3ec78849b46d8cd28cbc622e3e80b393775620cdf9f39ae18271dff2eabef66e83214ef6a07c90225ebf12d48fe0027bb4673d8393559d1ec44d4181af85b2d31ca9bb62d45117f4e01cfee30e641d7126d5b3e984446728f6b41605e5879bbac777c3f993837f682d3be981be0de635236a899190e96bbc061f6a27fd57cc977d8140284fbb5ee045908bfd485d9500b1c9183afa7aa30b7b792e76aa22dbccaa1216f8fbddd2184030c7ac63b8c26d089238a9730595ffbc71863d16cd83c9d88bd34b131b645564e6bfb571e187b93764ff2f082d23be53d55ede0ec63f3e85dacc8a788ee865292076e8faacae76bcdaba36ea4bfdd171
1787460289.79339 fcc_derived_config RSSI spike: -40.5
  -> 255 218d12b759cda7565263082d68dc7b412114aa94317b11991dc37c6c01e42d590190cb207edf7638f39d9451ddd9ea6c9b1875405b4747c012f0e3d950d1d080020780773c6d0ec60e6995493bb4a2e5e37cfae32a36600aff782a4f844adc6b3e0975304d53aa5d265b827935df674e1743975a107f9a57c73c4c392d931983ad24569cc4bb65d588cee13934b0925a927d1a876a045c5964c871576d829095d89af5b4abd81c35d2711e246ccf152a45b4a54db305590d1f4a2d36df322d2d4cdfc474bcfea89b018ed343fe751908f9ef93ef23cdcb19ab082f0842f2986b2db7cb83ba43f42586909de8bb1ad4e95aa01ec32fc86026b1ec73f0d27691
1787460289.793636 fcc_derived_config RSSI spike: -40.5
  -> 255 79c69e26b7b33227dfbd4068f723415363e76f20f948934748e36a66c304b6a64675055a005de7404cf8119491d9ca37bda4e94ce4d2cb5a635a22b841222ab216708a949e4b0063ed0619d2732e9e21ada66c6f3ae4ddad0552ae56f85c1f334fe4f72a2438608d8e65c818a1f826620097cc8079e3ab35733c566e671ce7fb3141f5c0a5feff15c340b957e3fc78eac40c27be541978183f435348bb72e8ee66520189b8ae29326090cc0644ce0e98f5ffadcdc8ca257b9468e40bec477332eff2631fa64ab7d25549aed5f745507b32d9db888fbd2ce10b41f34aa4dde1f8af6c817e5d80fe3b9becdb059d47e57fe6c3ce3c8792820592c2c0ee94a72d
1787460289.793887 fcc_derived_config RSSI spike: -40.5
  -> 255 c777e0c31ab7920e2d0cf0d5687f833922ea002d66e1e86157e3498224593e8a33b21fba3e120689e1064dc1225373e928fe5276545bc016d39d58e522e9f9de3508d7f64d80ec020637a4c79be60d236eab9dfb9382b66db0db4b6d58b573af97ede45a31688cd27d7c2669a2390561e70c3acb72aaa4ee633b88190697da2045c14d576589db61f5580c7010bd0d3c09e66309024ef69c556f46647a367d3b3c5ac85dcbe19764b0a87e4df068ca5eea6e56e350d3702153047c0e9c747e4f620146986be059ca813681be77cc015e4d11e685e3d3db302f5a27df1da97ca37274e102efae867b93ad8926826a5e55dd5b53f8aab7fd59cdf2617615df36
1787460289.794153 fcc_derived_config RSSI spike: -40.5
  -> 255 28d4216fe822340a6de441717fda78d56c85af9bef9c59a346312baaa191fc6cd9fb1442e3ced0f3e52b66a64d0297b9e0a6e50561247f19e090400acb4af02264420644fa1b1cf8fb6417696b7500d7077d9de70e8e281e5ca373cc0d167c0d1e19cf623d19bf6956d2912e54611b54eb2a11816b4b187f2a0508efe6236091bca180b06549885e9abf6d96f2c027bf379245afb00dcc377c66c7fd0eb5ff0ee1c0ba492503407ed4bbd705328efd2e13d5002b44f8616c05aea29661f9d2d1bde39d64d04dc13f7030a3fb1aa22de5adf013d982a9efec82909807d8aa92815d80cb62d743ef3ffae84e8622276dfab1f6cbec2159b5af1e9a9c089df055
1787460289.794442 fcc_derived_config RSSI spike: -40.5
  -> 255 6614294d05978f0ce7d916751af69843c017c4fe3cb40fb18d27f4adf322cdd7abb61aacbc3c3318c35c0ca7de539677095e49c003255b345c4b5c7bd00fe4a56821bdc42222a255c49b425ec865653ece7508a0708b954ac02092dcb1ab16e39bcf2dace6cae6c7f9dae5a5a46017ffcf3ee657781d1e93e104b3667166ea7a1e7d53b24a1cdd3b6e8228c32fbefa7f292396766f2c100ce55fda6e4df0f0119f3d2d29a8cf002c396287f5e04c7eb719c58790c4da8f788c2dc4b886055cc3c6ffd782eba9fed988178eb87b56d8691184c84c7bb06c8d388e70c4f02c4f6eae41342e050fb7e7323dabb706735cf70696b700e38d715958080aef7f3076
1787460289.7947562 fcc_derived_config RSSI spike: -40.5
  -> 255 dbdf1c4bbad4a3f7d389424cdbc9030f3a2cd24dfc187ee97afc045a1d6eed97c97dabdcea8464cce501f3a3e7429fd63e9ecfe83a26f0e9cf4a4d703712f4faa9bf48085579ef60f4a0018b6253f6634011468d52b4ce8e9f8724f11a2311a628c11fec08981b4d6f3850b4f394f86779367ea073cf3f82cb72e5179665fc115f00ca6096a9f7ef097b6b7188298e62b1de3941c2177f83232718144a3d22ba8d904b09f7c816c43843c4754af7a3fbd146b5b32b40b626f8afd9f1fdc625b849b36f6ece62f8a23a75c701dd0582f0263738fc847c7d89255652a6551bb229a4fd91cb2e9a72067a365d5f66d1bfa1fe45eb07db9e0cc3f42d7a8b6f0d9f
1787460289.7950149 fcc_derived_config RSSI spike: -40.5
  -> 255 215d3b40b86ecb925e2ad895d3d19a7f998f71e754b843e5d44f9342574bc9bf14fb6fa6446cf66279ef1fecde7ce158efbe2bb63dfd2e6f462b004850a5c6c03d48a900f4086ef2968e1a2fb195a529fb5da25cdc191c25cc6734c471aa227307182bec78a29e40b46192d9a1d3cf9cd7835ca5685e5add77103467078f8a0dacbee61ea548e42b4d5cf4119e60e55e03062279d34d4cff272aa1a1c7d213d4d39c8ef070f3830a93ceef075ce94d5cd99b264d9e7bf11f84caab25a2b8eacfe4e2216efd7b950da5910d25a179c1b83d834409faca17fcd3d38bd7b153ab07cd7f82f60d7545b3ba3af0cd8b39b415f9a0a366de5973f1a4308d5ae434d7
1787460289.795271 fcc_derived_config RSSI spike: -40.5
  -> 255 cca34cc052d4ab5eb2b1ffbcc87425df8e928db932e8f3717f3d730eb27c91d9607839a31a02b0e5c5383a851085d0c19167e8aca1b70a91b50b2c7f3ec6c0f1d3aa0a8cc49e1cdf00a70e7addcf21d7977fe033b7f93bda9a4eda1fac660cd65007b61cfd202bee483f0d6c151c67a0b9690b7dd4d2f893f37caf2e14df037bc4c5aa4159ade7720b20ade834203be3b2d30e5e65755384d6b153b282b7475b19858945b1e64c0cd29bf80c1b60c3a5cb2b1b914b27248ede4c1113b785022446ae4d49575055adaa737d482ff7e0b8bbb40bd0213a6bb363b77f8e74f487cd7e7f4b143f37f041d68b88d87365fac9b2ee442cc9d340702c436da04c26a5
1787460289.795512 fcc_derived_config RSSI spike: -40.5
  -> 255 29a328bc1ce2fad68e6249fd5432cf8698d85662a2c9d217962b786a6db933151fbd5faf8fb92854a14dc5d56533f6db028b59c7ab1f472893aba734349a536d1d60e7274fb310f31fc2c7deab4331ed4b80bc1aef208af7d69dd4af73fffc6598fcac38edb4b1524c0f38df51ba0a56abfcd7324e24b8bff5c5f89105308ed6a2c78bdd7652c4058cef25e81ee84d728087c9a3970f30f6f4b8a3e8794868037c3d546a16dc293d964e850a3fe3374c1ec5b096b727537c906dae816281a8890bed58206d4b50694e449e2ca270b4dba169cef1cb539bf0f92106d482900db46738364a095eb65390e3f89795d23cf9ffd1ca75f4969c0da02d61e3c15278
1787460289.795744 fcc_derived_config RSSI spike: -40.5
  -> 255 ce54ffa454a639cb8c3f56957f06e0d5b9801b20d350cf00d9f7f657d25d91090b51adab9a21a0e727a088cac7774ad80c50eaad50465690b2bf322217d3323c5112a8549dda6c877e92a69834b5fecbb98887174bcaccccbbcdbe6ff587ad16cef20cbaa9b201b82b725ba9b3d4f86537e426f996e187b590b578d458511a7f8802cf36b9d9886376f3e0f0d2c284905731937091007fcb00ff8f32e559b1f5302f29aa149cb1332f911eb09956088bf070aa184161e7148271fedf73eae98cb5e4dd584fe87d096018a7d872f1759df2d740cf1be3d76d2cbc385936879af208c410992f203b7ebf3db905bf7f155c801fe19278338ef26168dc1d82dba5
1787460289.795983 fcc_derived_config RSSI spike: -40.5
  -> 255 08eac38fa2b9370afc2c4ebbcac5ea4bb2e63aafb25896e219870674da8679c23552330c5b8cf52066cf39518f6605989c02a688d94251e5b2cd41f0487f212d38f5afb228ad6329d7f21755084fac695a9cf73aa78e108d28660804b226e29f07cf06fe49bfa2552e6ed3f80e6fb477e9964c6b0fa10af2d671ad607f84b36937119c5a38bc106fdf0fa3177e70610af6eee56b60898660b06ccbb30716cf39216ef63e52586ee4356b39067787973f0cbe1675eb42f1d5a083493c47f0e5015ac860f9f1cd4ff5ad60332fdfa8ae6d470e8975f815ac84e9c46a6cef497921a83629ee54cb7c452d30e552209ba57a01e85dc7c28f77e35d29a9792bb997
1787460289.796248 fcc_derived_config RSSI spike: -40.5
  -> 255 da889b3ae503f40ab379717ca57b0efa22dae9f1c0324ffbb56b0c78e6af55113a22f6c9adadb34beefea08bf58dac86193a20ec853d11c74e422b121d3d9ff1df9108b3529218c7c18660407d087c24edf8ea245e6845e971119f5ea8153f0708f58608af61720babdd820122caa9b57acb9fe255539c0eb0362540ec4d1634dbda0b5fe7337e2bba81d79e1298a9fc3cedda1acbdc8e4baff5fe96ebb7fed7b2cbdde8c7658f1a5aeadf1bfb7eb492e079e7849fa21c41758af784dab4835c05ca76415a5f9507c17768fdd7f4e61132f8558c17fc8f8789ed6c7bbdd8c18b03fd81c70959bf6bef4f1f2565362e433724050b6847fc3a3222914d11e57e
1787460289.796503 fcc_derived_config RSSI spike: -40.5
  -> 255 9819f27afa117979e0c24478b15ceb93ffbc10bd467e4832bc8bc51450f6183b9b4a7e919dc5115f89e9eb2415763617d0323c3913ba0fc491235ff9b7d78db313cd53ffffc01acd603605ddd9b627a6463450ac9d443f0d3d178d0f04e1d8c4000a2ba6cd21e1f3cdb4a489decda28f6a5996fc068833005aca16962327ecfa78abfadb93d4d9a4dc65dfdf3522a4ef9ca81e5c6ff8a75a03457b01478e9d34fe6e7b438a18136061c8afed4165adefeeedcdeecb2b1152ccd12d9255fb2bec660a4465a9144e545fceb5837224b8d98d8851677f48714b7c6161110b68ec49ae27a7ff7d72fb940aa9b51ba6c1084d56b9860084960f4c76367bd70f1d3d
1787460289.7967691 fcc_derived_config RSSI spike: -40.5
  -> 255 8e6b37f2d667689945f4ec9ba9c4bad16bae8aad6d29438a8619bc7e262d2c555c86a93c3c2506ecdb9c342370576d86920cb13b99c1386453815d389457514b20778a7ae534efb626fe56d66fc918d1051eea6975029ca00044b264fe2ad9798c9e94faf2053dbe22225e8a6b0ccaf87e7a15ec88379e00c16b376923e73d15fb7df0016ca9125ddc745ff5600ca9153f0e594dd1283bad7de4c3338bbcfd9aebaa7d550e75c248c14496ca6a73bdbf3da71b3bf4bcd206534c6a3289e3f33cd80bb413923e632bd355dd12b92115f1ed12930c9e4d82c5a83ba5304e033bf96b0a9f6ed6395eebb3bd36036a6cbddf95278e1fe9b366810a7bc96b03a776
1787460289.797009 fcc_derived_config RSSI spike: -40.5
  -> 255 a9d6614d40fabb78de5c040f99b217f31784b2f3d0b2270185487fcd4a152d83006cff6eb3aa918643bf5c0c6e918834d8e8ae5aaea49e6ca1ec06007cad097f46fff9664a7260a58b6ade9ddfb002740fca1454a088bc538f435b414cd23cfc3cf6d98f9aa67bdd468c9eb22922b7f04316e12d7a8a04fa57adcd4d249525da5e690e6dcd2ac0a932350bb4887728c7b1183203b68cfc13b1f2450f274053d12180701e5881a20acd719087dcdd5d973e8698fdee803054cb02ae5aa434f17534950be08585d175b7f746d9bbd3d11c4bd9963055d9197b95e752fb7943074e13d79bd81bd93d9ba65c27a641b0c94766d52954ed3f30b616efdc90a2bc90
1787460289.797282 fcc_derived_config RSSI spike: -40.5
  -> 255 7e2f691c566bfb336ed9b1155b072ac0eede8275fc33ef573d03d8c08c980751f471361fad733cc16d33fd9694b998ddd6678ff71b6d1b81a7d0ff9089a2b2085c5b7f2e46c277001f9da744eb4801e7b51109844874bdd1b2e88a1bc32226773aa54494d5e45af91e5b82267b157da5ad610c92b151620d6ab0a6c200c3181c6263c6abfdae27cd157b5e0bdd456b12191661b81e8ffe7c5bc1bd139c69cb6b3a581da751f2f0277b693c393d82ff7604a1b57906980ce5afb586f8ce64b61d2de92a7826ff162d86c1f3a95b3921dd2f202a525d984fd6f8ce30208967bbf26d2cf8def2a5c5146e54ae1823eb0f7416b3962657456421168e955f92765f
1787460289.797611 fcc_derived_config RSSI spike: -40.5
  -> 255 ed457485bbe4362e0c14e6ce18462bdeb875ec2ea802368d18ad9a47c522122850e02b6ee045833e37a514101e0c24b2215a1138adcf3fd3dfbd293169f3d636812455098de771df28aa9ce14621fcf2f67afd8689ac78630ee4dbcbb43a3322e2350d5490987e35cd6ab739ce1a243750a858375e45a80a43741471987fe9a65cd0b99d342f5b66abc63d15cb704ea1aee1399417cb886abd9389a598a5eb8f7886022c67c255ae0d56e5be121bad9c9e0004818a309f80ce7b7bce221d2a8f39ddef53cf9a65abc853084a8feca10a22bfae9e45ea5f1a7b3cf097a8b99964afc4966df5d8c388253fa96440276b8a95d13af939cc47377125b746dc55fd
1787460289.797868 fcc_derived_config RSSI spike: -40.5
  -> 255 a0d763eee611614e35be357daa852f9f7644147a4514eedcf0d66c5ae831f099c050982240dd3cf902b815a29d0cb79dc04a68c81a6a136c26c28d26708f753d35078ea20785c2ee51017467d940a3109b495566c0d29a33c8aaf1075b09c466426cda7d6ddeae8fb8b484126931f93b0c8a0bb6278e7d9ea76141ff9974f6422d9763b5cf7895943677ff321a4fdda7de29b8fb65b8ec4b0bb9f908e8a71312046e32dbd74bab0fef28d5fcfa469b0d56dc31f7be0eee63ea44ce1f310235ccef5a46a038d52372bd1c5043ad5bb41c530174d366f6d3e4423ea1bdb875876a3d32aeffb561be0df6ee10e713941c1317ecff9b59c4f2fe755cf7ebbbc1d8
1787460289.798097 fcc_derived_config RSSI spike: -40.5
  -> 255 7d6aab150076c625a3b4f8718236afa2065a8c8ceb0406dc3ff04054f16617906722ed230515813c7cb52ab29102965d8307066c3563d48306f6311e2295fcc5083f9e6907abc0425f4e8ad6d4b9237eeb5ef8989dc770a01bc1f95da7f94ed7970fb1b9fdf44677f40ce2ca99a831ee3d760631088818af43ad6fa92a034cd3db85d2901bde9b5e62f6cff16f45459bad849615c1dee9fc08e6ec18c699164e910ec5a41dcbda74d55c129c6b03adad589d8d5eb5dda3366bd8e1205e44ba4349fee2f67ee233d7c13b61080090ea402e3b67977441b70f2ad343bb6ebc7e7bcfc329ad6bc622c1428018fc5fe2d9e3fa98daeb81f74ccff2ecf8d5083b09
1787460289.7983239 fcc_derived_config RSSI spike: -40.5
  -> 255 f03a64ffcdf26b52a6c6cb7bf1fbd1ee907bf92a198b59611b0839534ba7d92c69c8e371a8ad9320110e02845d163e0c1bd9057c0823676eb3154dd2c43784478cbde50373e2cc7583ee87a1d3b31678c995f0ed4f4344d7bc419c7a8214a6039b8283f66e7486505f0d2ecd6beca55961e8dbe8e333b962bf79957d69554d5ff3e46194feecee56a7cfe80bccbc9c22920ff18c9faa346c12751df564bc6f58c9961733f861404760cf890372c4d78f132eea99c24a012821109a8cba7806d432b61b8e59edf704f34c5818f77a9dbd1da2fab8abbe0163771d63c3f94c73a634df8cb968623981bae9f87925b74b1d55c1e98db56af0082fdd7c918175aa
1787460289.7985752 fcc_derived_config RSSI spike: -40.5
  -> 255 350e96e8a217d1c9fe16f5eeb76fbd8d487143f210376f4f92d33783b1de7cadd5e48d28e51681dedfd83310681a5e6964020a215c58b4897a6a44740f499c628a2ec9900623c7836be23fde797c196065d69a0b4502e42b3b2371a17ec8f9e3702dd89fadb0c51734e0299c8711da92560148e7e55e95e0e286828b4be82170a62d2f1e7f2f7592064adb163b38307c324e042fa99bef4b284023970e03c0b65ba36288ab299d8cf1a78ceaaff6d98eb6dd6fd62db04c799a2aea9047baf58e8bf282377b6e7478e970892a2c52770fd8f3d6e4a01a1ba1c9a31b099acc0881049957f54db4e5c315d3a4ddcf1c68d70e516e6aae26fa1a75e155889c93af
1787460289.7987998 fcc_derived_config RSSI spike: -40.5
  -> 255 ff282eace221cde36170fe8202a47eddd0bad54a6b7f722fcd852052073febe465241b865aad5d722c798b864cb2389b6ae961e8915d20f74c34d0dfe3550a40c63788d445a834ecac05b415634d7e5b86ce3c16f485efe9842563d7e2b44fa18f8f6e4ad99501dead2a1935917f53656e481af9a501f267c978c3500c6b8f708123a799e7a2ac1823379e2d868b8729b5f112cc3b8e5d657b48195cd537fccecbce130ce0ffe69466c1d68fbb95bb47d8369c5304e16a68bbca2d2cd226eb9261eee31fb4489c7b23795bf02d8ac6e2ee428351465de9ef3c463502672b311fa0bf7ec8b7f127957c9549ba5373fba6c9e1098cb12362e8ab52cdbb243ccb
1787460289.799076 fcc_derived_config RSSI spike: -40.5
  -> 255 f56901ea3b3a97c9450c2eb468d70b0e477cf547cd895061a126fe0cdaad49a838ebf182ce8267ad08690569d8079577cda41e3425517f8e45fed14e102dba8f0e23408dc57b2a232a224e3335ee3c98687a364f778c4ce39d4b18d92d598f596c7acce3377b10e9b6549e6fc8f3cac2a1f72cde38666ac3266ef5e2d78b7bb39867a8b51181228836dc7e18aceb550cf6f0ce9361cb536c7341e65538e75cd9368813e63531cf64769ffb97eceeb0abcde37a571b9aadf477de6fdfe19b0a95495b6462a8b9c0794eaf38fc5f1ed2b5b7f966064f19cbcc4bdcea708cb870be7fd8c05f80bda8edd2b178a198c45d227a66faeb22616cc09cdd7bab3e8840
1787460289.7992902 fcc_derived_config RSSI spike: -40.5
  -> 255 9fbb61cf608bc26f52725c3e3af06d2df5a2072cec7dcb4caea874a1b00c7b32b1ed626616d0c17ba9a1554a83a10ca33684bd31dfb2a4854327b35b6db013353dd9518982920f995dbfabbfe1690702689d493c68717e2de703a26bb88924a2d8410fad325c4950d87495273f8ee038adb74a95f1a8d1ad1436cbfce38a80d1fcf2f11bdffa2cf5b1e348111e67b146b24c31c1eb0cb50e4cc55a54018f109bdc5dcf8df41de52f48436656b5dbf64be6a13a2b7a92d21966e90f77e0d5e88a6ac9b7929ec24ea6324893aa1f7b4ff7222e5f331af4e753bf4878518564bd42668e0a030c3fa9d73e69ffff4daa0a9c221125c7d4629a5f42e77c2f31ac00
1787460289.799541 fcc_derived_config RSSI spike: -40.5
  -> 255 27af0ed2cd01d4735c57e1d82092d102d1330cca1b700eb22b6ac168dd500c2fbee2eae425b8cbc0325382e9d0679a523d89e82a5b1d4b67933dddf000851828978773028361eed29d5c0f3e7830db80b851b13565f133a9d27515ca9905aee4f583324b88f13a94889af505c74e68327d7a13464bdc22de8a86b5634fa5548cf73fff9e1ba751c74ad9290b0298911863b872435b9fd3db2c759c98c28552e62b86b8fa9500b432df381e3d5cdb69bceee61731fdb86ebd52029309ec548af96c7aba59795455e4138161cdc3188f3a4714b679e5ede83c7863989a5dd7fa144e77a222a5a40d9c3a2306dccfd377258a55835d551daab42b725dcd9c5204
1787460289.7997718 fcc_derived_config RSSI spike: -40.5
  -> 255 af41e997595b2c6a62167eb4ade389cb9b039797cd04965f2b9e0688beae1918bcabe820b7632cb53b2783d2c709a9f979af9d8d81cd9952e397ed1769f75f07038898b0acbd9217f299bfdf24149612401c1af6680311a2c535272e074aa4a9fe25a54c253cd10f1086e0134f35fa36c687e31bdb23505cd6dc1598ec53f005ce59622ae0acdc1be7a8eb63fd4990487cf830c06aa6fad37622336270a6fc4c27f8fe0d883b15271ae17a6facaddd8164d121045c43b63248fbe74d09338df6a295d94e4240aada63aeba0330d20da8e12a36ceeef0f82b2c7de642aef61c2a47405834e574ad5976dcc76e41890118c5a875f0d84b210059cbec349087da
1787460289.8000262 fcc_derived_config RSSI spike: -40.5
  -> 255 bf03a04b99b19ebb58f47fb48f89fae268fb76fe1c641a84c51794f061fe605a0a70be17f26e67915b3e2cb619c79985749fd03cd734ea6ddf453cb561b2a9769032ec225fd51535f06308451a305ab113717ae92c25cd1183f676910adab51d6696817d5483091645ccd090f903291ff241e26ad18c3c0584e1bb3f6c9e4adfd5300a50d4ad01f475e2f4774ee60f80fe720755e6fdf03a2ae3fbffb1c987f4e95ca968212cb37ab314aaf78d85923d27f0bef4432a301c3d20f3e76885e0bc3461801b3ee4d4fd1dbbb871b4c93546d4a849975524a30cc72ca93e9d0694936c958ca1d0a3c2b030d0ee57e6f7d3d41b9088da999d2af6e0e58f6584a95e
1787460289.800313 fcc_derived_config RSSI spike: -40.5
  -> 255 7ccaa3ba4d02ae2de6df67e7610cb27fc65422ec5d656ce56182d3126aa18d58b93ce60ba721720f535c7e64c0c38b83cdb68e3e118b9ec1adf4282bd19283e1d42a4be7c8b3d427144e9edbaff5e10167c26c70c6c18fe8c5bb0a470450644969ba55a4bfe0ba60918f9d4e69db41b6f3ef6b72a5af8e56a9c7b75259f027fe4f186feac2c5021248c0100ff0c5f326283b425a5a2d595aade9adc7018e740d5689df5b1df2332db15a67c489e3d4719d72797b7b3943290fd9f96591f2e7d15b2702629c52da191ce993024e3b216767aefe9579618d22755c53b1192d9e86f3d49bc20800f65c618df963b8f9acc9e0aaf345c0ac0c7ce77c86e77358c7
1787460289.800549 fcc_derived_config RSSI spike: -40.5
  -> 255 1486328260a62606f04fe8fc8717c8a2737ae2e616993fa4197786138e5454eba08db0c6c7ea8ccd0c04377b055879af2ace35e7f7cc00303106f9582060444693d8878760eaed9f972024bf1f8c0641ae7ce04f70623cf755fcd961070f06f38519362250c78f1c240742f7d69fe6be022478763e93ff1077679a165c576a9235590369f796d890849a8d82318f698766e76bb926415996aef71e1ffe211db21b0c494578534f38399f306ab6057e3d6cb1e20aac0077c95748f5efd88f5c4753011e0965d0fa801580ebf2c567973a04d90bf25b0ca6e9e5ec6eb5a626b0a82253de245fd93892923ff687206919583f0492365287cca539540a092d515d
1787460289.8007889 fcc_derived_config RSSI spike: -40.5
  -> 255 b0d9193398e1e7d8e92025b7c8dd2203688701b0d0483c5a92a64d464f906199a6aee3b6b65faf818ca6383aee10829ce445463b0838e87206bca60b65e6a0be1fbf1962c0c3efbbbed3c27f583da0963b6243b8184a412fe7a5fb812d1f5611658cbd18ef6792389323089311743a6dae4f0625c680c1a65b7959b817c310d7e57b448d588139ba7d34ba1af8ef66e159781ca05210356ede0d2925368918988985aea553f4a3fea87fbd378a3a3d0006c6db517ff7f76b0fd153af2aa5539fd5505fa7c539df15b818645ddb0838845cb6d0027e6c32d6e8aabd2dc86595d33849d1f7554adc4a7402f929de2bb02ad6bcc418890381a350fa8c17718af5
1787460289.80103 fcc_derived_config RSSI spike: -40.5
  -> 255 475ce2487994dd74fc632d80fa4af64dc7a7e051171c8ba549262e2ae38d5c72a8f55ecf8ee3d61d297804285965ac2faba8985bcab7c159f407089f46210a73a2b8f071af3caeabe357dcb05140e8ad5ce8e74144d53c135581b7d9aef3e55184811a441a7b4d6f6c41def1853c6480d69346eed2ae8d22ee721201b09f6e9179eb91b57f90baec8173e62a329e5549b102f92bee452fcdeda78f787faa4db2cf52f551ad185760fa128fbc30f9f0fd9fec8e996b170805748a08a70f03a23250330140dace8c9a72fd08d1ccb394521141e578ee8a79c6cb015ecdf6a92f5ed661191925d020ed276a7ebd3610aa5e13e3f771b7bf461d870ad63acd9fb4
1787460289.801294 fcc_derived_config RSSI spike: -40.5
  -> 255 af21bc99a16b5ac00fc91599131e680cf9b943f4a7b6b524571eaa6f452a8084458ed1af5518e9bd8583f36dac397dcbf9680aa0641aacfb82ef244792003190cd254397b150748bf6448d640df1bf912974f531fe2e1f8dd0f6b6b47031c1cf4c260517e72f620396f4cc3bc3c706894e2315d1044251e0a6b867a8adac1517b82023f42b71a5c040029f1f6dfc16f30670547234bddab858624bdc6badd0506acc613829b8f19a84babcc993c7d91442a088b2ab3e4973cc9ae67f7a7610bc43a4f2833ad721f1d47b4bec5df301ff82676ca5c5db09027b847f8099fd5df4636444acf0467da4fb4d231f26f392fb101984e485a3fb53ab3810bd0e7329
1787460289.8015418 fcc_derived_config RSSI spike: -40.5
  -> 255 fba48f0cac7554405289220ef9f029f19e57396460938a60349a58d17372b5df2277fcbaa6e79b0789012c723528cfa2d4fa349f134a1acb1dbcbbb3aa9d4f6553dce5c01142b74ae1ffb3409a2e1b2d425cc30232a6eb37f1d1748ab4d56a14049d945751fe6a6c6d7af2f602615ff68ea928e264b01c01c94dc6945eaddf26157f894fbf839b849f4f1a6ae563e284570842f725ce2eebc2068b24d99f3ef55aeb42f93ee085258c93238b5f090ab157ea5a63fd1862541c166c5e1fd6c16c5872adc118d993b6bf8c82de3b9ea54e98291ec0754512570a82382c2e10d869697803c6f8f4f493a569ce898726a88a39888ef586f93e269025f1badfb950
1787460289.8018 fcc_derived_config RSSI spike: -40.5
  -> 255 6806d0bc747eb19494362a1f772a58f33756803c48bbca9e4ffd7ea5e61f7fe64d113e9abbbb3641393a283f961c0a15fe14aeaf364d81d6ca1a3b9767fa056140da4a4d30a503ef9cebc7e2192ac6ccda9a51ae10ada3f95d648cdff470dded3a4b15a4ec2e671cc46786060249ac1c210820d58983d372dd1a3ebe8126a30456b7ac4804ecf715d63ee144cb32a24ddc9b85337986babf8ccffb76319382b340ba59d0eae6df2e1e71aea10abb185df74c6fc9b01c3242b32e3af7732d37b7951ef3390e4f20acbd3d76905e7cb1e9b1a0f4e7b4c11137a5bd475684ced15a64e6eb5aadcf3c023cfa295a00ec1e7c19d8d1a82340353c7edb5b4ce6cc42
1787460289.802028 fcc_derived_config RSSI spike: -40.5
  -> 255 f4e75d26fe5472eeed2dc4042bf095e9ac62192aa331146b6f7a46615c72cb6b43743fc7a7293ddfbccceb94c1da39bb36f49db9401fbe203208e8bfa9bbcf74d73d7b1352a20c64b00042320d45b4e61412da5cc9a5260b44c4d395c823b8468b1a45a11a53754418edbce1257f064a735a07bf155d82c280431f30b8da431ed2482afe7978a0708e83806598933d00ea33afe270078696e452753ece57c5165cd09f635c1b65782c42ea1b821a55cbab076cb444b7d4a66454397629062bd76aca4324a640b3af40f80bee7d3c93de570b4d8ddd218c3f28a52a93713ce8efade59d211e03430e139f64d6a652365d24d25782417f8796dfa2e277d31429
1787460289.802282 fcc_derived_config RSSI spike: -40.5
  -> 255 336c7de828159aa59d26af5eaa589e2e1e93a2f8455b3b106f4c6f97bf1340aa7106b4f4a24187af617a8fad6ec1fbb4bcb11ee6f2aec93dc0b4db5889167240537908cfca946d89a1ed5af90dd71b4c78b4267fc49215332d6e4f35b49158f7f0a5d0f742eff4b9e39c94ea8312cde56cc85b19e3cdb5203c00c8316c64759b6170f8250ae1c35cac508790116390af36cdfe97492f512e23545c29e2442b78b3cb300652be12634ac5596beef983622f5d52a4b1d3ea2d76581cf9289b4eeced7aada59de5d86e5b97112fa12f75e82aad9798fff1c8c1d76d4df9709061833522ee17fae38e0b026ee4cf9b3b16ab8325cbd500b524572cd00ce74faaa3
1787460289.8025 fcc_derived_config RSSI spike: -40.5
  -> 255 59237b3447be6b9ab3f26314a9691ff6fe1e3e5a7aa45f4244024cbb0b2be1b68dfe5b837bc651ea9453107c947d7a7a276b5b57667898a329c2942af99cf65f7cb91f7446ed290dd380bd6ff038bfe8976e53e7476421e8408afe6bcabfb8f33147c350c696da3945ad6b2010a247d497322c2ef982af1b41459a6442a0a4b11bbaa497fdfca793d1d8cf20f88b37849a27b157d1a80fb19fdcb612d422d5f96d552b27bc68a4efbd560d137e5e130443777f4772b2aa5f6822e746e67cadd882a002212e789aee2140fd829097d61dce4f1679d871c3da0e6965665abbd1da1e91e4532a5b00cc954f89ebe28980846178fae28951b7be67a0a60c3d421e
1787460289.802774 fcc_derived_config RSSI spike: -40.5
  -> 255 f86d5d7cd7c9ba91aa465b0612e003729987b143620db5d49c1b5bcf7b05ed950ca97e18411ae33ca46cada6a318307b98079b49ad3d215dbbe813c8adfd05dc1c30dbfc3844574cd58569acb37585c0a7085b0b37d5bae1c85886830a93e25ba04d384a1ce0bc14eeae8977b48f57a906704c9e1c26142e97da28e5bdb02daca5255728ffd2ba90cebb98d8dd32bafd97e5916f9ddad8e5f1719ce0c7255ead08954acd9dabc75fee699173bd88136cd230a545f6d8de44c0bc10d540b2a7ccc7e3fd90afac1faa28481bc5926b0104ee7c51f781bfa3ea265f1bf599ee15c2ad9cf9388c13986d53fc444611ea8b1ff27c7bfda68609e0bcb0045c2c7204
1787460289.803067 fcc_derived_config RSSI spike: -40.5
  -> 255 a4d4435abf7081420f7d85700f248320efbef01c37cf8e4a7e8d7fd7c5ff85f4dee43622c29e2994187a4e279f7b92d8003cd34e6b2e63b141da9e414dacd8210652bea6753b011ae98a42ecca9a984c1fe8518d5307be4e4013c2b639cee6162f8892ac052eec944e385f45d96701c7c61378659f3dac18bedd44c862e6203c08b0fe6374801321b49b8914a03f9a926691127c1e489d1e1aa4b0e0da96280b559558564316f81019449ded4a53ac532d1e17e0662e2518fc5583e69504b68a1b70ff349fc6eb3fcb9dffa3eec2f6714fb874e96375dd9d8c29fb09bc6184ccea30aa775ce72d5d9107b0e5fd6c8cf581e16e8351bb2cd790a984288e3f77
1787460289.803348 fcc_derived_config RSSI spike: -40.5
  -> 255 fe7523ac0716dd7d5a1bf7187fc54f3ae80d82fdebbd13172506ef0e6f8acdf1be72a1f0d760c64851374c44cd480e83026148dee805945a50504c7eae8f621e034c75d28dad29e8c2207532da4d6bc54822767cc87998dbdb71be5be03cc1ba04a9624d2d58a996a061c45bb757d32b15ec8bb954eef3b09826edfd854ec0d717d4fda2c3aa3de49ba4d0d65354dba9e38f0b5b9f9b90ae78a858cca724db25a5cf26b160dd91dfef27d339eeb6ef8670de92db8991bf277e64a7bf23ab1913f7d45ef8452969946e425b372071b11ce854387890ad06f1222bef20f0a19f08efb630015fcb554eff89a82f01db236b6a17bf7eb06b635d0de15cda81958c
1787460289.803612 fcc_derived_config RSSI spike: -40.5
  -> 255 e4069aec61dfc2a273fb9d623242e93fb03153397aa2348c88bcedabc6d29c44c00a52ee8bbd3c156f7b9482e613f47af8b85aeae0451477cfb8c1c267ef3fee44190d772be9108f95dc28f1b5a674d3d2ad120e3af31c3120dd2eb881bda5d5a57899579cec4c24a1765e912e4ff8494ca9a1706d3ed8ee28814b443ef30effd7fb27fc45b2a83b5b0393b0d9bba008283e1f82e1c03ae57f4c1953abb681984e0b13ca30ef408f059ef885d2a319becba836f2041ce6be7c5e9cab402361ff6cbb3e32da732ac19c5e511563509f4494fcc6952bb0481106aa161082b12a7c6dda631bb06eb5725ab98df6967629ac2c0bc2c2ebf4d6c146596e0eac36e9
1787460289.803916 fcc_derived_config RSSI spike: -40.5
  -> 255 fe9dc2a7f8e7ebd68a5b23a1f388f84e29bca2087a5c940b60f7077a1a0e519d5e493adf9842f11ddebc7a2e89344ea3eb51cafccc09342d8ea2e147633b0f3ee6ef353306f2417b4d8a53f3ece6882a2b0332c6f968e31e2396f6a91b95fe869708b891f8addfa6a1a89ec14ca240258afe1ac23cda9dcb20d62c496a33961871a80e17c288c07ff3fe727420add5528246e07e09fc96657a9557ab88ff45331c8d5a511b649f758b88a6675ffb2e8bb03c4345ec310f5215b28cbb3dcaa31fa43743d380d4645bbbc3524c476b0b22b03ce7d3e1c7d3f7b24cddb200c624feeb9da407d60e1b6b3fa64bbb86f4797a3a2e94277338b76bdf3396e7f310d3
1787460289.8041751 fcc_derived_config RSSI spike: -40.5
  -> 255 31f71ff16fb698acd049dda6f065516839bfea0b9a0832947fb9de1e365c7507ea2c905a37e0bcb24149f12dc161d50576231c8e61b85b54c5bc5ef124c213456487b35929d0c41872b2c05e9c779c39f35e036e053d5283c92c43bedff70aff940fcbf2b2756ecdd0b301e9a04e2646993812e2c7aeba5aaea59717e0d3bb5010bab4de1b20d5e301f73dc9febb192ef901b1578238905aed8b5e5537f4ec0a8c35b89072ead770df460200a0755af367ee820fa3cb1c428d9b0134f23e1e08576fd679cd0ae8d1ba98380cea691eabe0c6d22f5019e6478f80734f2e8a63482400947b8089a6b1cb8b22139aae0fad02037867da931cf6c973f4fbf293ab
1787460289.804424 fcc_derived_config RSSI spike: -40.5
  -> 255 e3d3fc6c414a0f917e7c291b1a952a0c33f8a2f1f5ac32e5d9164361642422c795ae84021d0c3a9e241ac5c9a96b845ff4a7ca8fbc857889dd860549b2cb85916fdbed9e6f448dfe92bafb30360fec8cbf1add03454835593e3689debe81b7ae43ce5e1869666333036754a420acad40e54b6b4f91a7594adb2dce77ed39f3397e4da91416b78dec09368f2963d12e6da69e36d2f071ccef939c5dc93010b689e7e21364aa868be5a4114877185156b311b78a1dc5204d575a135be0bf10d26fe9c5cf6e31c1e1e60afb885e688090c8122a5b7254cd7209890b4d1b981c0262f08801cfee8b774eb518b33ea1c1289df36740f38eb6eba0638450636c761d
1787460289.8047612 fcc_derived_config RSSI spike: -40.5
  -> 255 05d877956abd5610518801443c2094a0ea208fb2f476f9218021c76dba2ce68f017acd8f920d91514d5ea1cb5901a9227b2c845cadd5978bf79c5e1effc6f35a2a3fd5f158d689651c07e8a86fee88562320345bc18127b1ef72f866714ae2b7ca32daa3f2664b52abc384031b863579de57e5ea3a22663142cad572e3b64f15c38f654611604e1b04e197d3469efe1e51424f9533296f2fed0769fd191cf4ac6aa221870a23db083e785f4646820b1047c79bc65f0f330c563fbc5c25a45b7c2302f860f1285cb96925e403425e9ae43f3f791a2e0cbc18ec37390cffb917c4e37bb8ae3e65f1f9efee80a814011eaeba43e23de14c164d0f3bf90e23212f
1787460289.8050299 fcc_derived_config RSSI spike: -57.5
  -> 255 075e31bbd6f2a5a9582792b2fd2a14286ce48bed66f6fca4d525f04e073dcc7dbac2de6e1084e175a8968103ce496d95f18bcabf5bd0d1e52f4b38494235da23ab55d0a44b1b3afedc0d6bdae68669b3157c82547a638bd3313942a8138e63536b03817c09ed5d98202c58c0a7893b9fc5e361f81e838ef3af7f6863cb70bb23c119d22a50d2b7cf943488688ed398cd5a9c48a126b96c1d8551c89f1c4d9a1ec35ac89ab90ed56f0f3487a4ee824fde0b55250dbdfa4583df9fd332aa2f70b49a29693c54238f1854714866ae0e05950724424f8025b78b7a3e1af89bfa505c65b6cbd4d541cea7b9539662a493bd99ee2d05e9beef2418e175185099ec00
1787460289.80688 fcc_derived_config RSSI spike: -52.5
  -> 255 d05540e2ac93aa1938526faa70ad923747ce123fb30934fa5aa47a5675a9d565ad118c489defad7ccf0640a091460c959e8c0944f430a41fa6b45b415597a65af92e27c1fec467002c101568d009c3682968ded7805844ac47202f13dde75f9662520034bf0e6a8c67eb27062a56fb7104d27bbe6e7788abfc31437fdc11b16e4ba486bdf1fc103309156586caae05fac3ba9cb6a80330e94da6939c1c4f995d26ab4c4f2d7de15e284adc2d81c64c0f73a900d585b1360e73ea92b8dcbc904808e297fbf7bb964e72018f1f199735fd00cbf7f1f93d249a45f6748c512809775057f5eea79ecff1457268679b539020e3fad7c3ad29df8db7c8238ca4bf9d
1787460289.807154 fcc_derived_config RSSI spike: -45.0
  -> 255 bda96e823128b447451a3c34aecda6dfb215d3d4ea80c34e2d01462ccb533ae5ef6f1318d5b486d12961c10ccc5be89ccf6dfa153d8c43b40b157f72ced44365160a317f01a50786499b2a51fc05d8f6f508348715ea7dfe4a640ada9b374d37b78df7f3bfeb277a29646ac84ca9b44db53f57de110cd5e3a1655be7d65dfe976de856ab01f469d290e49fc28b9154c00c242eec35e2da8c1b25fca26c9ef4c54583a0178d195f228022da503f7aa721ecaa32ecfc0622bae0bb793d03475a55ebb1aeb19f97b3e91dae8a2c4f2f9c2e38f7b8da525ff14ae379118e531988623b3282b473da912a5151d40ce8f8829000f78add62bef75a863d04b22e7ddb
1787460289.8074172 fcc_derived_config RSSI spike: -44.5
  -> 255 62bc81d300b99f0ec6edfe319d7d9bebd67a07186109ea97319f44053fa500535e1cc504a32e676d11715f5613c45369627ed24926756068105236426210aef7199433130af70211e39340b47bf888f91a83ab05360b64833c432d0bcbeba874fad074fb51237dcade2517b891811307538b64c242ea5176e031c901b4d5d49593e778eb04a4580fec48ec69dc4300d7076fed591f945cfaae281e0cb95c6478d6fa965355287b119c531af2e4c31cdd967c924ea9116acfd73f0e47e8bd8dd1e0daadfb251f2bd3c166142336d82c8e4c00b840d9a1c61f34ffa91d4bb28a39d4211051547877d423e80b6a9b49fd77f9525452d3b723af5b0a01b9bde50a
1787460289.807668 fcc_derived_config RSSI spike: -45.0
  -> 255 7058b0cc64373d622b4f0bd333a22ec16cbfbba79ae5820a63eb212d2ea38517d48d9d379c01c1e17559d2dac0c695b142c8cb50f83085bd2f67e58d7a185fce0af6ca0ef897c6e18f0239a58cb2f5102ff0a949671809ed3eb37fbea26b0d5b10caa6a282bd8b7acd751e1d09ec9141f67a4af0972269836164c794e004f1a2b3cee2b248e468b7114a2cedbd9885772750428fad7e5f4b9bd6988a3660984b2c126a8af5608b7b6c9d210d9e947b4d936c0e9e2f33e5810a2699e34bd24b8c924f04c72053c8223ad60de4452c3e01816df1ea5604e4a1b986bce4d2134a5cae3a82b32acc1818c2562ba3b25dc5bbf09b457ae88265b4cbaa1edec4f5fa
1787460289.80789 fcc_derived_config RSSI spike: -44.5
  -> 255 890a289c648588942fb787a1ee7880659d0f5fcf1a15fd8381ae644aafd34eb6a9e70bd14f182ff3dd4f251f426915f34adc9935273d64e77be014650b123ed2aa81ea24c10b597dd30d7df0f5525bf73f8be779e551c250b26ef08cb8f99479276715b76991ac2cf0cab21bff8d62d3df415456588161f5dd839525b7ebd71157f360505a56aee859f76cc3f19ea789c46381ea5170d98858c30784dfdb1301e32ba20d5c5b85a336a03264b421d89f3c58768e4c9a1bbc67aaf77c3c24cf55838eebb59785262d37da70a8a388e05e193618c518a2386f91926c196b689419acec29890631522cde3c134439b4acc16712788a2bb7ab4de8ba5b8789cac8
1787460289.808141 fcc_derived_config RSSI spike: -44.5
  -> 255 a472b692c385e05771a3dd5853f720cb8a2ce73d6530a5f5d3f5746a748240890f1551aa1ef4eb62c9ae68cf1dbfe455c9ca517f9a6aff73ce5eacb5ef80cca37c7d24248a9f1cc6ce60e383fb7411962153ec7112dd09003f8e95d080c746249299b9f61095f99660649d9317502df1c2323cd961b207be0c23e7c76b095c18701492d56878661641c820e6f41dfe7508eb0f9150a207bfc2d2806875b21718dc7e4cfa08789cc8dda555ab0f3e067d9f9269d474cb57f824bd97ada94af1169bbf7678aadd9c0e43919238d376147997f4869926ddce97f8b93ca8b64b47515eff6ce70db5236c57a170d34866506c1d7e4e31ef9799b259810e5fe240b7
1787460289.808384 fcc_derived_config RSSI spike: -44.5
  -> 255 3a8d2b1aa8ba094a7b5aaac0bc8d54a998e53b96b8622e747154f21b38384d52020ce164687657953381e6c2a74697fc5ca7175739e574f7f2568ee3e7c3ef494776bf5804aaeb6ff61b1f2c6d5bdab4b47b3e5ec43c3d151348a3b05a9c2108a36b15a706e37c975be1e1b43c98c771d32311480351e621578f0297e9ec908e799f8cb49c97e86326b101223c2790f0f80dcdf535799169e825bcbb22a73b84058082abf38b8a90782932443bf43551975c2cc0e1d531e8f1dd08867d591677698090fad1a2134585713e2205e067b8a4eb3fe15983bf3f1d5989e7f52b4c70ffc1782ab3e04f0dc4e612c094cf4f2fd38bc90b37b4432ba99796091c53a8
1787460289.808643 fcc_derived_config RSSI spike: -44.5
  -> 255 89a505730bb32eba5af39373815e8fcf173e6b74046f8498c1314081e55a93323dd37643dc27222ac84f75e9e8a8d4eecd37c65a09b0feb6e5850e5c6050f2dc0015122697e48c3a7af2be1065d315b5438b0fb5cb9dcd0138fd054e567002c35702019ac45cc9ac8e9fde3507951481428796f1c9fc79796e07a155f4cbeed57d8b02c7a6d6c9e0e2f052396ecfc0d018bded690960b8e244e756ebf36439279465588d7101564d84c3cac0d55e6c3d8f6214fc847c5ae864c8649176c2b9451773ed675d2016af572b2d6df81cee509ae653f37335092d6124e76f200709a2f5341b749176208a047ac8c2e7a564a43eb670d8762e45f30854e7bf5d59c1
1787460289.808894 fcc_derived_config RSSI spike: -44.5
  -> 255 13811e1be0115d94616ce3e300c31248087bef09d42bad898edbde782df98ec5f5e7f78a1f8ecfaa1efd701b18bd6f7deea902365cc9fd341db85ce996e81a3cf4e44a7792b138c53f60311d9b7e6633672673956cb6c021a91ba9f7ea4a922cb32a3f095f69586e9c1018056d1f1efc3f3da57204684b4147a6705ce3d288ed3810cae3a51939da8daf95c27f0506c30a1bdd2ed003a99f78e3d03f6375af486b662f03e1751c93123d19dce4322a14dc3337810cef4dcb87c87564f373d1816f1ff5d1fa4b1c9d0ce1f2dea66b3f8b299e2aa0ba989c48be579577b726e6f638b89e4ee42a9a5993162cbc21d0a873d54968b99fa02af25592fdcaf5110a
1787460289.809128 fcc_derived_config RSSI spike: -44.5
  -> 255 0174de5b46b570e5f876c4eda06dffaefe8d1457a443fd4be21bdc2cb6858fe3889674f26479b4b2dc5bee0ba65d527c1a08f38ddfdace08f15171eb40939be6de5338a708a00a2cce0f73020191e9fbf2e52b15bec00706569be63ec377224610efab84d63573a2cbab20f72303cfd822173d72c7b57268e219bd45536cbf36f8b67aec8cfe9c0ef6380f32146926563f20d6a2ad95ca052fab3944dd4d8a0c8a53ba16797bf600799d8e7c805f5b7b8e7c848b7b72a58707be26969f1aadfd9a95ac11f63370c6fa1b7ae8489656e5c000bc6a5e0d8232aaa3fe17217d41d0e7fd5ff97c77ac287e99bc811d93b03d737bdccd1caa2bb796479dc3bde570
1787460289.809383 fcc_derived_config RSSI spike: -44.5
  -> 255 e89aabc581d187c1edd50ffa639d21047e1b1f4d19f75897670a2b58bb5b70d7f3d6725a035a983c492792237c52355a2dc7af82811be831be69d71fb6c7710ed7285feed80c31f82161e7ec9df88c655e400c7cb9e57e8b69a2a485480c070c3dd1f1a75eb2e563ef6b9e237c48f03da6f471852dd52c811056ddaa0c9237eb46933367e6ecede98d98d65c7016f7ab71c3d8107538e3b6d5912d485c5a7b98c7b7325019ae55fe8cbc5b4c6c84e470ed65ac6ef2e185e9ea764205840ff0ae0de54410510d739d42588d71091aeb3e4048622ba8b63f710bfa2cc7f54cf70cae8205df500a80cb6e4acfbab568a822747f7c571ba5ba98e6fede05219dfe
1787460289.809603 fcc_derived_config RSSI spike: -44.5
  -> 255 ecb6010539f09ffab7691bbef655de72d33013f15c88b7988bcbcdf4ca6141509fd17beef9f64332150d3e77bff423a8973639dc7761f8a38f5518a6b47c8b91e9f578a92b7cc409cb4199f6445c6fffa6960042f356af58b7508dfc280ee05062504cd45a33acb7302c412c543ba42e92be267cae684fa9541e6238c43206a8337c08f1d94f090cd13c42499e146ed8faa31cb5f49e445efb29f0484f8280b9d573b757b5831baa1d959fb54e20e11ae87fc4e136ffad090be6257de903cb4862bfa9cf48a159e3ea72aa01565e114b091588f51ffc7edbc1c6b2d7b52eac9a506c5bb082ae715029500acb9d92484f72a6b353a7e37e93fd28c90574f3ff
1787460289.80989 fcc_derived_config RSSI spike: -44.5
  -> 255 08abb5d8cd5ea68d66eccc50566980f57653407e14f3d19065e7247a601b3109448174f9357d6e8f2b92154cc3ac406f8c07ad0afde14e65318eca859f22246d30b03c8a80b60847fddc0222f3deefcfdd3d4942c12411de50f8a34a659940cdcb31e49faeaa3a514251eeb02d70c2b21d73d52c02c01525e4e1d1b9e07965f15e554ba4885b6c57088ee027d0cd352128afe4d262824700b955247caadde87ebc78ab1ea21d73250d9688cef7a059ddd5f6ee6a30448963338e8f2a99919c3ea9a64806ae342213fcb17aee1b0c3e12f2ac52c4ebde690c44735e523af979609f28023c7c47c120cb60cd268c0f3b3c2929410acfc11d8a68ed2233ba108c
1787460289.810144 fcc_derived_config RSSI spike: -44.5
  -> 255 d26d66dc27abecf358c2874f310a4d1aab23ea699a0c77b3daca98e6ebba402e173b12ecd3da2155e09fb168cc35246d2c8abaa20a5a9603975ee6e48c45a4c971dd96cfbe65be6248d840fc61de63353f8e72919a30b2345a9c7866fe18141962be525bae2d5e075a21101be921c8249da0b0dc307229a94a66bc9eec73b1cf3fc869687aba33b3964a4be4e660eec59f16019fd3522d149304c625119ee9b9e3ea4a51ebfbb47f970899314d5174c7ee52ef23b6351c243c7d70eefff431f86f8e377d1436c88b5575560bb5bfedcf384a01c1980a4de11b4acd8a0700268aca27f1117224b5e5ddef1088e904501f1b96d95f13af7d5d6d991aaea66dd2
1787460289.810372 fcc_derived_config RSSI spike: -44.5
  -> 255 090b20d373d8e8d8eae0c55f265ca798086c6c62843bf26e935bc96faf7f8e9f06e902ba2a86437bddc4fb8f0e9d3aa01fcb19d298bb2f76d72da3e488f6feff558d4488ad719117a5bd88286df131a90d9252c083aee893295af0bc0e02eebe7030d609c425ce662f208c7d9ad11834fad2ec5607a954532890ffc169dea04766e9ab95903f348f7963bf8f522195e3e2f98d064504cf944c445416c33aaa19a0df52c8b9c504022c9d96ac855772c4b7ac63ea3e09c5f2ebee09c6f6c944fe757c4e892de1714c4af33c0b1b174c1869e4508ac4807740058b7ddb03a7410ae5ead51b27fa75ccbcc66d73ae8aa207bc176af08416daadc998c619595292
1787460289.810602 fcc_derived_config RSSI spike: -44.5
  -> 255 f090f0f33f053d9f10f8100682e5bf2d2d6dee2d1cff59f15d27655022a74087f8bfa87b461208867c1fd56f942e6fde6d4382d2de37de6f9d244dea522dadca9639fd67193f40cf831f00d8c30162bcc815f8d6c28a22f2c9913c935b6d99eea95ad21302bf1f7f2e6979ddb67bebfe657646c656b6bd3522eeee1ed83eb1d95610da3c4d7bfe3c0fce5f7c3da9761d3d2bb00b515c81efb0f539c0947cc35e5b2da964773bcdb9eb18733a711a9d849c199ea40dbe9900d29857103d83ff7c8a0dd3580aea426145e85ebdb93da137a45521502f690d249147841cd15c207be098f58be17c5eb96fbcdce7ce3e70494d2a5bd551e441194f671ba80de44c
1787460289.810859 fcc_derived_config RSSI spike: -44.5
  -> 255 4931696e7440f238cfe7ab3de39998a57b9ba00771d188c89a8b18e649a610cd1dc09f1fca751377151d17578bc375865a77b95a890424b45db0d01bb618d0a1a4158c2a9fb20e3ff6fb5fa1205f08843a4628452fb92c8a36c2dcec475f709182d1b3ad31899d8fa7edb5130b9f34e33f57955230d17cd967eb2b270f171b513c17426c50d50080ad0b8b2d3e77a6d6f03e72333ecc28af237bfd4d68cf9dbc0c175c61d248124cfb18124ac17756a75d7ed2b4b343d7a99693279b81c75062589a70ab9e8379d4ed8b29a83fea975f1530005b09c9556fbb0aecaaa0c17fd719e2e73a158e588b0fde935f13cbc3c2a8421162511984225e8374d5939c81
1787460289.811074 fcc_derived_config RSSI spike: -44.5
  -> 255 ad0451a671ee6222b8634625e1f92ec9a8a03c6e2a8dd27f4e8805c1574abe9c9b234098a4f79b6336d82df9b0220db736ea2c2fff4978dcba015b59df6990343b773c6d6db9c6aeb80c987173b77088ae2acf04e3415987c212a6cbf4256f2088fb6fb25cb21ce1defcce271049d96967525dc742cdcff61713f75c93c66cd6c2c9010ebb0bd43f7879bda156b0630f3c7d024addd0943a858cc03a03a38cf67fdfc48befc8606e01f5aab8603a6726791fe98730699afa5af27daa6e35b80a455d61ecae1b05391301368ff31e46def54cda116416daeddc1d90bb55bdf909ea708e6713e1f4efa26f628eceda68df9ec45718e0703606c1819d7993d37e
1787460289.811361 fcc_derived_config RSSI spike: -44.5
  -> 255 b2dae4ac707954fb7316cf515f09ee88204b06315939144fd9bbda9089d212d3d2f542a311b9efc7ac21b6053ce1dece621c6c041a7eef0f9540a9c23c2be2c3f076801b959cd2c233b5f9b9e86d84650461a7d7c262d90d16f5ee9244539da3a94f52b949a00fcd5cda13108225835512946cfe18bec6c340766b8e6b5209ec3a42b404799282fe1e15ef1ba7693fdf6f4e100a5544a5cad2bdf93b3b1e9cfc89842b8fec64e1d0ba5192e663fcd85bd58cb12ac7f1f2597feda7c1366f7a5e6b5e1bc65c38a28e4a222207243c1dec4761b2d5667d29c538cdf4d5739d1ad3f0d82ab31f5bda2e27f310d82826d69bd770bb4d64b440e3d65b885d3a3b18
1787460289.811637 fcc_derived_config RSSI spike: -44.5
  -> 255 dfaababf34f48e42158e7d4afcaaf54479ce7f99dd436de530c0d28356b43e78dea62fbf645a2210625216cb939543a6106de34424ea8db1c1e7c8b7236f811a7d314d6f5d9eeea58b8e6f4d7258a0ac8fbae5c0fea4dedc25db1c6229c2c52b8719c89b9bb003bba50792b33231fb449e87952d4259addaeb89b01b3de010026dd611f2401c168c0295f8f606cfeca131f6c3d4e9d4484f9bf7454cacf1d84ad78c8524833d21d6f192362ea33b966aa603021a7d72412e6e460316733961eb774dec8683ceea16e1b11c9a2eaf93954c0c0f32818be37c37a8e23f7569b94f91d2cc103a5549d55db566e24f18df3c97087241be4a983f4c3e40d92c4417
1787460289.811878 fcc_derived_config RSSI spike: -44.5
  -> 255 30e49736d18f2c7ac8bd8637f0c13ed5305f3a992e6d8e45d0457299393e6373f3d196be94d15e78278c92d7ed07f4417a3a931df71c8d7f079d085e7dad9c9f4182528dfca1b32e6cc1216f02539a927b1044385d8c2d6686c80fc8c076e5c3767dbdd712bae99fdb9a0a3b35237feef900049b74b31940909ca6ec232021d8b988429d477a1209f3e71d2c7eedd340b7a8740764f7fb195cf085bc1ef1e0351c8885c56af3c10374e950e457e63e360f40f42cf3200c0285e3b6bf777753ad43fcf840b98b2a996de5bf751de755b660389de6b979d51fe75a44495f9917e858f04f83d541aec15ed7e00b106d92b1318830323651b3ef69639244d380f5
1787460289.812146 fcc_derived_config RSSI spike: -44.5
  -> 255 2043cfc610dd3873c28c03ad1c0427e55e6611b76db7b05102ea6a4c7fdade541d1269ee5a692ee04d32ca39a926bfbed1388ecd7c779f41d2b2626a90b3220fbee9ba098a5d68e3dbdbb4ad1f7865e646f2a4e513643a190d0b3200d26f6d50d0afc210aae911bb63049d44bd8f7ada09a4767a6645072f5d2d7cb54c4eb4d2e5de45b9469d77fdfcf943fe953ab60d1ef894877795302765d1f6d718bb4d5957360200deae140de488cfcf12ea04b3d60e61c4c7215858a59f718d9c6a272c2f7e294945bcfaf1b37ad948c20469b1b52b01eb795568bc74a1cb26222d92a222c2360545853f0ccc7dfe0b3edbb4d0ecfe4dc91f62cbb5bf0cd5146f81a9
1787460289.812403 fcc_derived_config RSSI spike: -44.5
  -> 255 b81e6e8d8f3e5e86261148988d87e805c6dac4997d909b74732425635a0f21483727fe69b45b2d86b47d3dd0437c2f2bfd3d1fd5fd846878306e4bca96473516fdbeee5a793ae8be3c92223389184ac43f207b20955add9ff0faccaa61786da95f39dc48c54822ee6c28ddf8c47f2f3293bbdbe80cf383e61274c2f077c911f69bd23bcd32a7ec86a4ebe87dd62d57debb325eba938c516e27e9ca9b48b94f35b7953e56860c786dd5ff6e50b9c0f756d852ac7e9ab968033de9ea9433dc81fc1c13e62c7fe8f2070d3d844026c85c19314dd359a3ebd7f3851bd4a6f20f6c84f5877a1338596d9a409f4a4058646909aec4e0379b97281caf6b29888e8207
1787460289.8126478 fcc_derived_config RSSI spike: -44.5
  -> 255 1cb8308c47d9899f8cc1770ce58a4b95fe4d14f418f56edf2ac15ec855d07493e5a25aadf6a1bc5e691f02d90d445af8daf501fb264f92635c59357adcd2eac0c1c07b61806095ece894258a8b5759637f76de17223f112082bc35efa8d837ae4a3bd2ee278d4a77471680aad5975e846f76169c2ac69752cf90a33fc5264b49383333c0a0a21dd0f4a297ecaab8cb9263a6ab896e86ebb3195b761a02f47e39e948fe6a82f911154b6ec04f942c45e3dab67b4e1f7ad0a29e060c845fbccdd9c12ea278b47ad4e606d25331b44df6386202bce4a8842ddcb78fbe0afda9d24aaa9fd14be32caaf701feb36840e4842c43f452b03e5bc6b3ac6cbf6fcd58ac
1787460289.812893 fcc_derived_config RSSI spike: -45.0
  -> 255 cf2ff075c08f5976839f4bb26ecc1a5993e4e9d4d9d58900e24a447c10130b078bfe3c171de7a16ebec0b22cd03aec1c30320cb16c1d6f082a679b2200fc6e861a4423c686f16fdcc457fa4fcd6e476c9c8a3ec9169e3678e930b3d9290f91e6965cdc138af6450435bb82ab00929dd8924dff2c8c49b2ecb756bd09e606a109020b574f96a795e224c194355d03b6c531a9a5243965879b3358571fe524defe22411c326170361bcbcd054bc8988994159410428c745dfb34c2f7fb25149c1c598c872df2ba2ae6a1ad9e63dcd2355b1a2549dde7ef583933148da675cf451697d0e4410d14910d672580a8786543e1a3fc6403659e3623acef21c149b274
1787460289.8131552 fcc_derived_config RSSI spike: -44.5
  -> 255 0b7e672a4b783b98cfdfe9ff8f5fbd3a0b3038f982da81ccc1f963366044ba20ace966a807cbdd66c90797f5855c5dfa1c03bc8642e907bc7f088ae464b93025034bcf7329ee95756f023f78f23f9392fd5f230bf59b0aa9a5414324056c123492b87ff87fd906278127cbec8b92a000473015c952013d5421e4a02188631a67083c06e6bbfd0ff0d8d8cbcd76d98ad72dbdc0855ce2d63461d94653d48d8854784e079cf24f89d28f4186a2c7af7f972316b3fae4eb5ba7c06bf0682d726ed37ae8231cb91f4a5459d531582160129a38f9b21cbaf8026e961c752b2299e253b3cfb17367ee8d6e631d7cde2e8099604860f0baea38d6e1d2d4e3c4de2433
1787460289.813401 fcc_derived_config RSSI spike: -44.5
  -> 255 44a43e983b93feee56a58f5f5debab01207603e1b7f3d5c7789068ea50fb4add3483e91151fdde2c5d15b8c1be89a8b2e581ffee178a9ce3f4a0946b6a825dd3c52e8ba98288f17850f7a138e3d43128ccc4c1eb75d1611cee45fc6fb33a66d209623b5fa50360911809a949794002546471f3ef66dd0e90181c7603bd9468ebd1f065feb41f68eeb8f440d7f7aca88e3442cbde0eca0ad1061554daac3b63358fa9e715c8de842ab5dd8c8b5477c031c30df3b20ba438677959c0d2294a5b509f6e5a28ce105a9ec8bc15af21e62537128f96af688bda0a85239e4a8e6bc87ca751eacbfbd19a78c77b1224c1d9a9f0b4295c646717868c3603308c4b25be
1787460289.813676 fcc_derived_config RSSI spike: -76.0
  -> 255 5ecd35392d66f4f4e6baa035b78df9ce06a3216066222e34421dcfbb1d940da37a328d6a31e2649157193ce06ae098bbdba18758f200f8573756950a52c6f5b4602c7ae72219eb1e1ee7b519db550446a4a74490de216a118581488e1eae9ce1eb3756239b80a44006c2213326e0ec77b17954277f0d6050db84975a5d8bbce7e02c5c43a77eede09aa7416002f12fcbc649cc3a2bbe55b01a81922b20cd0cb2373e90458fa6bee6c6c05d6df15bf99dbbb6a256138e48212c922946782b004433f826ef536d778ec779742e0fe211a89ec46cfd0320605409877437289ef08a1407228d903e1f2e032e1822112054e4606a88d9fe3e2584bf1c93707527c1
1787460289.875668 fcc_derived_config RSSI spike: -57.0
  -> 255 07cdddc2f1e6677cf29a81d4259d15fcfab6f02996a3fe1fd4d909824c0b12d0b0045c35a387598f0b19461a0013ef0b9ffdeff617afa9502ad7cb875ba2a97c9466f9645e30e4cbf4e3b10cc4945dfddc03142b0db58dac7a2327b4478f0489cd72649730d9843f8c3c3728bc64ecf6e64ce12df8be2ebef546ab24d47fbf4b08d7686b1ba1563748b8ab6b06bd7ef2a8b7f04cc05256175aafd98a18769fb5a0749920bfa10f15d831064221092795df683e53b5c966bc106ab55b34a0fa1d8b4a4689d7c6a7bcfd51fea3717f09f052995d77af282590c67ab70f4b13b4868fb528f891af6b364bc18aaff6c1a3f028638c787d82a69a38011a62109682
1787460289.875934 fcc_derived_config RSSI spike: -47.5
  -> 255 e4819b9f194c30ff12de94da2eafbe75095e910d4590ca675610f36c67b526bc8d34ea3407cf8a9ecbee9d6a430710919d24c7c67f9cf013d052213687320411c650aa1d5fad5b5fa22881c62db866ceee2bbbeedbe4fefe5a0719635f7311d0b3f08decd9beb5da035ddcc2db80c7a843694d6fd12986cf32a074e8e4404c98b2c6aae837bd9435c8b4c6ccbbc7b87b54276e662ff256a91bba43a000460ffb073de7cdadee8258edc8b78cec9467418f0467028e32be44160d1330ae62bcc4f380c926df804478b30f3ebfaff96098a7084e1b3cf9e34178340c82fbaaaf4f3d345c31ab2729a80fd26e7d336dbb79895fe7e62b69b5d390fb7c25def291
1787460289.876192 fcc_derived_config RSSI spike: -46.0
  -> 255 f37021d4ad4c203ec00ae7dfed27879872608a7add86a2ce76d843f12ebf90faa3f53fb39b42f4390e6d9a589522d7c4681da34b8e4e7190d62130a7b9c5819a10371dd6a9a5b4de70fc6f17cf5333f0a737b6a072626ce72a3f6578b8dbbaaad7efdf40156f03d6abcbc2f2e8c63b96c8bca8e5975d780343945be9851a2c0f526f6f14a245fb7c8f084c6c593e647f430c221e53200f60166aa522bbc48baf6cd83df5c23b8f52a1165039cdb7d8f9ea9953bb1d4776c854155541cba367d3da27014331e0d9c12063b00815f6ca773593674c49f70ea45a8235789d0a1c1ab8b2e2ed67d3d8a89c2c236b712cf8961e39fb7d85e2754e8309f5327a2840
1787460289.87643 fcc_derived_config RSSI spike: -46.0
  -> 255 dbf53f76e92f54a3995958a42c860ec0a0f5d74ec3218318c8bd75c0da71aa95c9e84af1d0a5da1787e3a63119bb7b4d5e077ebc1cb0ccc584d8dc5872a5f544560c52311ae9a20ff8928f3755536935a096034ed2fe74973d7d485488f63c2cce1441b618d3a2251dc69f9586e875248d3a54e161c58c39ac027e992fe1b764eda5c1df522da81aed5e44800644613a4a62b515f3c5663a99a87cc00e6571c30c55c55121745a18d6c9103a98bde1c102069f137b87051d8953f9d6ad34212c86dd19678d6829f5f4d4f0ec2968ebab197d58cd8f68f3b4e4d8e1dcd230adf455ba04325081333f6d2ce410579767bbe7a1e871bc5a778d99efb9dd957718
1787460289.876665 fcc_derived_config RSSI spike: -44.5
  -> 255 4111d168841332eebcab4f24e555c1be0f4bd95980bf77d130850d0f73a80494dfd9717b748035a0d312368b0df6197050a8899e7f8cfb54462e567eaeb993e134f97919f8787e816d60801ef9ee7c7a5ed004575b934174d02e5d37b221a59a90994b1b94b457c753dcbb7f237d034e82102805dcd53d4bb861153adce5b422cc5d5e068dd75d450d7866ec344946aad0cc87f77f98300abc51826ffdcb4366e42eb2cef61127050ebe2cc5821d4d062019fdefc0f095170b6cd9dd42be67b8e571a516510fbf23bf69231d75878a568c8d9788a642d4d9843de48dfd4352b703fa35579fc87bc9e4a5cfef84e187fd33f0c89ebec3817629f908948f10ac
1787460289.876956 fcc_derived_config RSSI spike: -44.5
  -> 255 7eaa00d89cecd4932688f8b14f0460b37fea199068c73286666d3670088052d0e6a83c6831239236ea92eaa6e17ca2cf83b02087432cb11b77addffc36253fbaf9047d20be6f49e2a6ff87f292ce1c1b6b1d94b68ce5d8845dc7439e7356082f73e4797abc53c00c1cc3b26d5f0148060aa0cd1146ac55325df86e0ec6f1b1795cac744f072ed618d9e318234d14dccf3bfb7fd7e3b256689dc096410714db4861f7207c00dd35135613522a105e3c19d1ff1d15c6b1478cf673ff3b63e9b305fc69dca1447a32b0a721791e81a8f4418a8009829b58e9328bb1738cd357e7e1e7ddf756e44b817acb21e3cf87fb3743f3c252ee8e8831488ca66a1cd7fa2c
1787460289.877228 fcc_derived_config RSSI spike: -45.0
  -> 255 ef1266451a5731b217fe050c1cdecfe8b5757d11aed9aa50b3d1bb609a58727983bc7aa4f6be1c5b596242305490472d3b5ab6b1134e146cfac3eec9879603cbf1c437e61bca849abbf9769591ac264577b640eb0c7ef8ba73d1898465e1e14a8f34f3db248629abffb91224108dc562fdacc4a2d12cd57a3068ce8584282b5c7fa85dc95da8eaa16eb9ddee4094573a9c4b288ea2cd5eca2436a99665ca407bb0ffa26c4be71fa5253cc577e3f16a7968f8a6a18909f4eb423e6166b7e93cd0b35f4a9815bb3ea5e80872aa76369a3d17264fe05b62d5ce0ebc7d96a3a24bae69b6b6c1f185b6db32bf3b86204b27bedc3c22bacbded2712d3efb69f5e1c1
1787460289.877471 fcc_derived_config RSSI spike: -44.5
  -> 255 a0af58d0b63f98a92dba938928dabc85808bdded792e69af51349ba57068e4ff3abdcd37b86cb81c08ffcb4899c42e575c2906c60dbd45ae34f926b70f1d21ed6e751602a562a44c865cad64edc600a1dea9c75621e38dcb9d9d1fd6bf4b01c2e79b7451a77b0ed4a2c575a03546606393a4cda0ff0bd5616cb188d43a8a39babf857e22346a848888665294dfe5073c2e153e0f302bb049cc4e1f807307c84ad5fad995ca31b10aea2b6448f6d8c42f83c4a8a60693ef5ea7bfbfb7444bcce03b4bf7f2bec0b20b722721164908ddb2c5b5ac156bf2b95a436f1aa108753937976c00bc15bd62c43f2e5d80773760a9e39bb54fe439fadda666e4a27b5aa0
1787460289.877771 fcc_derived_config RSSI spike: -44.5
  -> 255 4e65ccc41f4d1b09fa47057f7e8769f6a4c3ba2359d9c09b9f13182bf20f191550d0b3eef73372dcf8d50dc384b479901a2998331aa9fd4d84e1e74092f2f02946aca6ff80f82ed5127cbfa148d9033ae5296df2a315b387feca29e724dee67d51f7606e3f6571773d9aff9c3a31d8af1dfcbbf0901bd96dcde2a9860a2355fc77ceef696f5b862981e6aab125eb762e2ccdc7f64f77c4d7d84c7bf89c10fb6566a8681692bd3d72569a4bc372282c5af59752f21df30019f70cd9204301820243a6a55ae006a4bc70f302cbac15fa25b3ccbb5e44dc1a9688d715ea67dc52e7d1d4a500dafbb01fad82023a8b1b232fb36783f4923a7729769b13902ddb7c
1787460289.878056 fcc_derived_config RSSI spike: -45.0
  -> 255 7a2bf9e0d8820c2ca31690890f8963be045e8c6fa42de313ce54d827d5420f3166734fc54485b79ee1d3140944ddd3a01e9194d1ec3e9b84e8688ec84bf7adcffc8070d8daa98cdfe38b31483426101d678472c3155af742651b5b5706191089b1800996843104f13ef7cb05e5e9e3665e0abc5407e0df75f4b8c454df1371f093031200b350583b14efa21536b2ae074741cadda97051f730b42af695f432fe87fb67c9c3463ddde32e71a00cf0576563a3ea87704ef046ab2946e429182d72be91a20539a5dd2601b9239df8e2cd5992b2c2d830f0e46447d99e80148602bb0e1e8c470042be2414ea70c8e0792c4a0c1a6dbb62507389d1739b3cbebd57
1787460289.878316 fcc_derived_config RSSI spike: -45.0
  -> 255 936460655d149ba7737aa88a4d0ffad40c65a7b1dee0df3f490f9d4034873b9587e8cf5ca37bfcd1475992bdc70cfc01ec82f74705b41919659aa77fb1e7e06fbf1fcd752d572e3a412f943f78e9cef9cee3bd7b58899460f6d348b15117d3ed17144231ef7051f66e1f6f7be487db89f36e0c1d3a60f8b651103b22786dd700844ae08c8d451bef8b2014957a8a923a9bd7a510d7374f17398b221007f8e21cf5ce28e013133c96275df966b0213c15e9c43ee2a280331729fb906da2837d99328402b232fe93edda3b2f14d09032f93080a3d67ed90f8dc08db8623abbced79042c396f9a429783bbc91db3c3ab23fa7b4d88a3085ddd624ed284f5b0d05
1787460289.8785338 fcc_derived_config RSSI spike: -45.0
  -> 255 63b703fb63ff4a8e9d2227317af2f033ed7a899a1d3847043b729d471ab31fcbc2e24d867d192f36c9b6db28a6194e8ac3e1b420a1889a00938a23899ac3e76907a9d6efae5ea0d47067fe07b3da493651a13f2ff214a43e9c2471d8fc47ee67929254aee2b999e4516fc34ec5404d1bb432b0ecfdf362dd84f37342b9e2810f3d50eca1085073231b6de2e172744062faa63cab46739bd2d20edd70a93ab5b44532805e29bef734d53ad410490b88f76f16161a094acfb788ab561448d7c71a9be7ee5d00ecada9de71034699bfd40341d6734620da1e892934cac0737126f892ccb7677beab5a7b01c371f5993c8d5f178d792ead0c35e9b92c7405045b5
1787460289.878776 fcc_derived_config RSSI spike: -45.0
  -> 255 603cbb96dd1a787b4beb96cc36654952e7bf8faa72655df1db7b32ff70ec56b5a93250c7aacb67f733f759a2c12e2ff70f92da991a6f93f214e76d17b01545cc131272f2f9ae540451cb99dfa88b11b64e62c059f202027d5918d3bdc7e0bbb2d22765207f4e6ca79ece5288ad60283e7ddf725d8b460536a212f49ce0cb5d3a79daad18fa01f88d236da51a04eda6dcb1329ee6ac1fd93cb26aacca0165d4c500ccad6c2994739a3128d7a8ac3f2f8119fd5b7882aedcab29b6f49c38673458bcdd9e1643413b7db88002e9c1d73078479791d6f227ab0c77f4f8f8f0c827951df0a01a4ed4773a62c060513433c6bd846834c60ff8fc26fa05281a42f115
1787460289.879027 fcc_derived_config RSSI spike: -45.0
  -> 255 853a20f2c3d13e1d8d70d399c6fea020a13ccf8af8e0a44ba0580dc87849d1b16945099ae91cb7eab5e1e0345f3d9bf71f81db5e350a3cacb5ed47fa9a48378213784d33fc3712d4ef9eefdb8de1ca5552094c94dc2c00df7bc80cc02c2ecc2b33374d43203e87a4fcbbf362df51b9dcfb3c65e118d97b0e4afef39ae362f75e70ff6f56b87137c0d22161f22cc78a6cbed4cfcc7b705861da67b6dc91c1f27e8a5223089e2786ccfd6a2f745ec07a4ea57b5f723bc14f0045c76c4df566e122ec49162b505b55f0b6bcccff9a6e25cdab15dad4cb8bbce78542e7ab7e95ce2e4a2271d41f8891feefca7f69884d23534092effe683ce4bec671a8c3c680fa
1787460289.8792791 fcc_derived_config RSSI spike: -45.0
  -> 255 0199b4d140f281f49114cf408df84d33fc0034d94f39e021a1875f198084355de4cd3b1e22e1b2d7ea325759ac7852e401721a5a4b574361f5518e1c887a1d3133107d6e6f722dde203417ae2b836a46512446d513b6e6ae6358c0a93b0b41866124abad0ccab9949f8b5964d8abe6a0fff65e5674d45e99606ed311eb247361c4b7e432b186cc0666986dd04abfe21c6bc8048eca49049080e63d2591b2eb70a6697df64c2ebd55e1d98e317a7bd39038c9836fd5e5bbb5f54d307504480d6c34ed31e05107bdf942f2531df58a98fa83bd7a8363e86a7e1f9a052779c563cff71d3502e2febd3cc6333f515b5cfb5005e2187f1dcdb0d0f24a54e9660b3b
1787460289.8795142 fcc_derived_config RSSI spike: -45.0
  -> 255 c7e5fc92ba1c8f4ebd70dc706f8474cc7e2264ee17f54d170367b94b2c176bba13e4c5009f6ef57d15b756859d29df53989fa015600d7dcf24d802a9714b3230d8866668f1455dd1f05b0c15b2051a9c03f00089ad2ffeb55d279a8c2e176a012db68f0b3b0bd8d48d8f088a0bb7265daf5562ab9e099aee50c26abdf135ac9435bf4f358c32aa59e289a3513901f9dc5f788184b109431d5a44973018537a15f02c2611a04a9fae617af491c61b7bbd69e488669bca64cca5096a57ef2c03a58ab43595304b65207fbc4dface6d3c3fd1c2b09ddc5a5bbe57082d4de48672f76597e2461268c2e529a80613ac30b655f52e725f92aeae46ed728a19898747
1787460289.879772 fcc_derived_config RSSI spike: -45.0
  -> 255 633dcd3269e04ba5b890469d26c9617bc06147ecbcd7c1daa2fb6d3ff240f9db68fe51ed95bd117d2f0a9d6bc1d191891dfee01ca7732e50df5c26a411ca27c71fa600864b2f1b5c2e2e2e705adb7c89888c1cf33bd60ee732e0093c583208791ec222cb96720964477f071b562ff3eb984245c59026b4bb14d58050b422b7354cb762c2f5510cd66b5360e92f15e41c6951b78d8bd9d2236e13621715fb1ae1c939d39c64b01de820644e3a3952406760c5bd1208688d386db645bd60285b9c7330e0854d707a28b7ed31b1070feeddc4849886f45e3d3bbc34cd4b0d797a3ca38a0c447dfb1ff08876b7260f059b34b2934e42f073c98e732094ac2fb8fe
1787460289.8800251 fcc_derived_config RSSI spike: -45.0
  -> 255 f6b810eccf0a1d5f1e20e744af6e3c3612e544f60073343600f07a81ff817fbefff3ca0ab88d3f3bab49a66e9d27e77e85218c4d5a2ac3aae3ab1248ab0e7682da2913361cc9f2703b468bc3b3d3876645e1b013534d473c81c1721559e0889856490ccbc1ffc8c791d0e73c2584041b1b69b879c7f2c3121b0c6ad9c800eab6bc4b015efbd648dd4547e322b9fd72bbfcbe644a3eeecaef1a24a946e9a8489931654ea498bfe88513e7fa510d19085298acf2e2c042c6043749d36fd887cdd64b149625fdbe45eb1b4287af14c3bd9da00eb18c360a0cd61e097ee582aab00fdf53c554aa47acd7ab9ac88cda79f99ec8fccfbd017cd955941c0d0da7daee
1787460289.880239 fcc_derived_config RSSI spike: -45.0
  -> 255 4322eaaf6f249d0773fcf292fd435ccccf9f622fced10d88ca2af2d6535a72e0c569a1f5d799d6cefccde23f8ec4b065f8b402f631e123310131457bd48bba18f981e28c224616bafe96ef7b65dcd130ca1677aebe5ce7630d219155bc4728367d8a1f52dcdef89359c959857897a0a177fdac2de7c26b579410a9b18a2691e6baeed5ed4a3038abaa01d1349630103a27e4b4f7eed3643e3a91701a5cc512795877c2983d45f016c2cd2ff8d00f4d9baaabfbe91a247a9fd8cb91299cd662cdb2e6c196f47982098bac63d89f212a0a321c59e0dbd7e45863265996f57dc0dce49f416dc6676e0f00e2c6269ea2fc9582fd3605325f79ec56e45c44d4f72b
1787460289.8805592 fcc_derived_config RSSI spike: -45.0
  -> 255 6db9013dfe541846382652d5dc8d4f57e66b44a29bc87b12a8810c0ad525576f73645b26200bb20ef8787706bfa28fcc20bacf2a77ba13aff7c342f867ce09938eeef216d0ccc5b99039cffe89ce292d4632cb9d5d7b5d82971e5e81741788e5f244b818ea100e8f99ea380016df66049aaac1c37ec8438077c9f16cb69bfaa4823bd21ecd803b25e26390c9ca40a99f17e0e64c45eedde6bc5a70b8c12adfa9e3be991eb8ca368a9d690f57fa3b9ccc437139db2082c7864fe662530580387cf72e247bbf68f3c2a0b7f68b5824a578b19f846181dcab8ec130409f1a553458b43b48914461aefc0d809c9a2a7107af2d1b2a01822c9a70d0609418fc6843
1787460289.880856 fcc_derived_config RSSI spike: -45.0
  -> 255 f76a11f0d14bd5c447e79c5039a85d5aab15a5b7ce0348cc37da9ab736d09ba5653f063fa1135997f7d9190853ea2626c006a4bf71840b15fb57863e3d08d4b943da18f2a580b10f8429f5a0c2cca381da7818634495a83aa1427e600c2833282022078a37f01993e02f966bff488ce5a975c12ebbc2678216e3781e0e56db159a38d81010d2c84dcac164fb2e7d840fe7300634a3e0b75874eb5c5aee70ec4709d627b4646a2dfe615aeb52dbdcb1df4e0c2c28fa44da2ba4b30eafa0f88062beec55ebf530177de26149eef83b0cba4f0f0b96ce01d997a494f4275c774753b50f75ee01fde63c2fdb40768e336aeb8b206cf83b1d6f3e56d1cf2bb83e4c
1787460289.881093 fcc_derived_config RSSI spike: -45.0
  -> 255 3c36fbae0c1c2daea39efadc77d09e4c1c769bfee781bd84017de978ca3a0e2c86b847b1e7f523462100f5dbba024cfec136bf8fe7b890cf483223c76ad10d95ee1f86fc0a5d166d0249009aa994955d9a4447ec25baff3d2401ef9322fb2ee8ace9eb138351edda992b520a0ae1837b31a489fcaaf5f772d23551f7cecfb581a0443048e1a83194a49c91c5402c07eb96d0a4abe630762e4c3c189ea43996677cb4bc15b7b69fe91302a1d7faf99f003e91495d4ef77a70018c6b296c823ecba310d7965b211bb5ee329697d766a54526141878f0e88b0e14aec3fc7d1baf09cbab57b4b968521d2c8d8fd90692b80b298389ca94e66e3b2b84f6b69af57b
1787460289.881361 fcc_derived_config RSSI spike: -45.0
  -> 255 5dfd4c653b4003497bf729efa56f2de875306bd8c5cfb658cc01937fee24cbfe39cc9b607a04e0555c65cc902798770f6f1995976d94ff089f3dff2e2710d8aad2dca2349fd63a92b115ed4648c39c9e1aacdce61c92fa81be1bd483b33bef1d2e3160321782cb456327aa5e09acfd48a1c8d09bc3ad30894e8702b60eb621d31b37f30e6e43337c13d9d3ee0b9f171a6c29389e2df9545f153a20a3f538d3c6515e89741eea87e1d56911430b4bcba5917681bcb51dc65871340392c7f63537dccef5fae52e574a8230652212dc6f7d9ffb929b155df0ae73e0c3e4294a1dd4b57d36955b3177d81703e7ff7b8475f1e0b1ed04abb7977db13ef3c129b62b
1787460289.8816059 fcc_derived_config RSSI spike: -45.0
  -> 255 d12d9e2ee3844fb50b548cc4317ff55ffb1c58fbbf9a4f5e85c1bdcd3a389198f419041499cb57a549dbbbe70ee40c3ecdfa44e940c3337e877ccc7a4ed1064d1753bfba5501f6425aaafd504b7b832e5fcd4c862af69b9e2329d68432d0f11fbf0014ca0d5358655e629e04cb8d496d74ea342236472d962488b5f3e8922b6b428012de8ebf06bd9ff9e44cec831037ec72908f91d0c286811b6caabd311379353548b4e9769abc92062e84964812df1481344913846fd26e69e99415653e3ff6f02307c8753f4776863becd7947c7d10489644383889682d7476be652c98be97cea25258e042c46cb63c270315fc23362c94b1e0272d005ac61b0298838d
1787460289.881867 fcc_derived_config RSSI spike: -45.0
  -> 255 09aa5e68b7d796de665c69718d021ef21ebb7dd28bda26a2afdb1d4442997001a9001d517a67a5c1050cff377259594af14e11cd9e053543535786bf68c058b31a4eea0a3816c7b1337c455be85e8cd6aa284faa8ce7d73526a7858cd270da98415dde9955f941cc3c7054dfd79c989a6d24a81f2b86ba901307c110bbbd24fc71e72cb9e6afc98a2f18e911244583194fe17ef198270839e1124986eae8c2d5f1602e01d6004eecd3f68d1d76f962133b7bbc87d5de97582f7a845d8c0ef3969fe16460b67270ed8087fa45980a46b9e9ffdc113f548be5cc9c1f1c5f770456e7a4cde97e66aa83feb4b22728d866c67e630000a4b6173db0726759ed75cd
1787460289.882099 fcc_derived_config RSSI spike: -44.5
  -> 255 a8b8a3d5bfac59a458f9460b51bd2e993a8bcf3910851c6de520ae1a0b208777b197d8db51d1c7f02b9ebeebb7ab2ebb3908fda0c683ca688e98028965f3080f8bc4b36fe903963eb80b89a39f8a880efabd4d2884ce373383386564e5f37aaa5ff8bac3554166187447060badb9f2f7f4742134b379e34b52c9214c39348a475a1508983dad6ca93e172198c5c8376d55b33ff2cff3c455b328e15da3712f2e11b27a6d192d978e84e7b13148e367534318398b8b4913545651b443c43f56fff98e996f6a9228f3d25dbe32c2826dde6e5e6c40222186d911bc31df0b9d7c3fe0228ce57a5c4d97b82c475b7318532eb7fe3426a1eb88f8c8c4ea37d0d467
1787460289.882315 fcc_derived_config RSSI spike: -44.5
  -> 255 b3b97bd8fb677576efef6e0565a890269d5f9295db396da1c7131cf33c6343736398afd15183bf14b83b33236c7b96bb6664b80fd65cc0bd655cd89018228186ff8ecaed36413c55056e664c2568910fc42338877c48eb43ea3693a85414ff644528f8955ecc54a5dc58ee25fff1f7895a5866760c04387f3b2908a1a87f76007bb629eb97020ef59ff9d9d411c89ffb199e22ba63faa1921a1fbe31c8cd8768e907741c38048c984ebebb9e208c78faed51458e0169092a18f03668a1290c1863e249b04fb00fff10b8525e63f6042b53a818c211fe01ae7c30b0e369418717496410d5d54f9d1761ae6381eb35b07d4edbdb0516a5492cf71c3e4159d5aa
1787460289.882557 fcc_derived_config RSSI spike: -45.0
  -> 255 765f7521c8fa415c60e9c1c9e33be701c0d6cc56ea2d929aec2413578882afcac37324d0af679610cb8c6352626df1baf5e45866c9c81e3c4f56fa2dcd7f79bdef774444e11fe46ab512ebf9a655d0763925028cfe0337597413fa81c7a3675edc4cf0c3922c21d9331c946d9487881dbed2ed44121af19825310f589dac7120bf4f2c98a04fb44c49345796eacb8a628a5b7eb5b6b31137e6606b7e67e752b18e42e674656175c49d734aab133c981ebfc5538e6d5f38ccf4914cac9f81e9f65c48a0b4248697c4e5d7ec68ff34484b7b13394a9564c71c3fea9bfa6eb5b359bf546769431bd961fdfdc1ba0b20499d6d52120c9779271b25995afabc910f
1787460289.88281 fcc_derived_config RSSI spike: -45.0
  -> 255 25f5e59a611a04aa440ec396e28a4dcffaa7999f5d713bae641dc7bdeb955efb8a53bacf6849e2bbe4981af97f0cc82e9cd5c801763e0b3fcdca297b723df5f9771b42e8ff89a4c98378e346498a3ad0baccd197962c138178e4799b84302ca24233f8fe1b49b3682b266dd7726b45287e13a12faf3c1e81e99340cdc6dd0e1fd4672b2e12cb45af20fd81517c5cc9ee87efe83a17ac0796f4eb8374e3f4e34a24ec68dd2203fea64958f14b097680bc3f2c91926873fec86376c2b810101593d6afbc0b8b777673bdfa6b9754d38e16b1dbfe522f88774f0bd48e8449f00c49c2cd3d8261229e01921600dcc57271c57e9f2b9568b32e899def4b5bc09172
1787460289.883054 fcc_derived_config RSSI spike: -45.0
  -> 255 eaab70b63b401831fe517c2e1a8b8b4bd7983b4a83c1c4b97e5f49d7c182acadae938bf890698231c0f78a9690a34319721f9dd7d883ae679069eaba9757bf5fda1496e118f8cf35898b6dbd16d3d818694acf92cdfbf8479ebee7c0ffd9b7bdae09c0c6105b022e25388d0915a46dd83f33e7530d91b945c31ff45994f0c598639f89984ed71ebe09c1d2e29cbe9f4230c95e12cb6fcd051a9f763e25081b4241047713bb46868e3de1ee5ac121f6099e9fe542cc97ada585f950b4b306ff0d93379147eb51f7dc384bce044202ab7971b123f0bf5da75d21f54b688ec0ee7f9a2b2488de99f6fdb139b60d7802c520f54dea32e6eaedd31b3deadac972cc
1787460289.883308 fcc_derived_config RSSI spike: -45.0
  -> 255 5ddb04a88d84d2b88b75af7e422b05b42065a22cd4a0e6424adfb85175a3f20bf192283093da485160600c233e25a5b0c20465d25da8426626e384f57b7607897f24887907b34ff3741662c9361b7de26955ea39005154c48dbb90b8d2f6e045c3c8f401b23ffb678d099169d4a4c2ac53a43902609853414c7ada7f0e286d75fd9e1774de2b20a2fcf15de4a39b2525cc63b00b0e42d6ae2c619e691fb9ba49712e929566a29e75af3b032609f633823fc7faca9d7bfc4945d4f9cf84b903c59437c0032709d64a1ade661c36ae10950fabc69a15ff5e980401896fed222bc2f6b97981fbc578ed37f9ab98e2669e1dfa13d57250ef6790773848fd68acea
1787460289.883531 fcc_derived_config RSSI spike: -45.0
  -> 255 6475c7c402ae6a5ac2de1cbac9debeaee151ef51a1ae09511e4d357e555a32c393ba22326b1acca9a17d7cb425683918fea3a5a3f78bbcd14779838243c5ed3a89f97f33fa06cd346d6ffee07afa9c3ed92de0ba962b465a662a6d37ac1aea718f5f8ef9951792ac4385091c67c65fcea3422f6012d0b10c05f66e2cbcc0798400b69c7fc1e9b2ce782b2dac7a9dc71338d1bc06131d14192e0c28cf47947dd3e3a4e84f91565112676c28cc26b862292436caa8bf6c8778ede0890435a602706ee73b02a82a7596457e23fa67d3fd681d8887d4df300c09545e3552c102274eb4ab2f6bae194ae8a71619d50b67663023286f46eab478ac513ee066542b96
1787460289.88378 fcc_derived_config RSSI spike: -45.0
  -> 255 e8a730692971def5e3906efe49cce27bb8ea80dba4f5df2dcd6daca32dc1555c8b891f0845ed1e31f285dae0a08ff751b36784fd8df96823310cd3694898ec9bfa8a8b36c61f3642f77edfaba651e37a12dfe405d0d077c4e925497d57b4c550a01854f72b452365e422dedb80c1ef60b73b4cc16ba36c9176ffa6674dd856def12e9b8d62289f4395e19f9d2c9524cf40121b23eca6e515dc4d736ef1e8b0221c07081f4c15d06804f210fcc80de31c26f69d8870f1bbe34750174b3f0e3019a319ac6ad550c5c7cfe823f26abb7523e5160249d81d050e567d7cb520e6113e4be92b16247dd8d97fc92e5176894ce5c8f2a6714fc0da8c734ec6ac100ccf
1787460289.884023 fcc_derived_config RSSI spike: -45.0
  -> 255 209612c61a0e7a665ac6f58adb9603c3da72ffc43ddae521d1e06916b0b027937925d057f622cac95d8194097af23d59a212ec8bc620d7a2a050023bd022d668ec31d87f56270a0fbdce0fe6984e8092100ec14b33e1aae60408fcdd7f159bb323dc9284752ed6442309ffdd6543de538d145e6c043456c95572e5d65491e3b9b50019417cc4e47df00d1a45bebb003a623681e19d0fcf2ab30ea472e788ac7b32a04099823b80735636c07b56f2b9972bb51e80fff927998021e2fb4aa6bc15eff49737dc617d6b10dd1f5daa13ca8e21d6277a15c406a1c631a1bc89d5fb09b4b6f55dffb4a9b0d59fced1d60bcfe9404610941e1c74228b5f5ae93d3b3b
1787460289.884267 fcc_derived_config RSSI spike: -45.0
  -> 255 f65a81766ae0b6c97484dfa95408a79714f2a7bdeb8c2a5ce2f23bafc190ccfe7e9b8b4b3a0384b6ab8a7972545e4ab2c36a3fd18244cc3de7e8f8037e3e64ed8efd0394d549e9077852a706c80247984be1eb288057b0d0ad1b38953e864b996437a6591186938a859bc110ad3851a210ca801e96f3cd724899c0a2b21df9d705d8e3b6594c4db3d0b851f4bd9b810a8111b004b6c2c5886132c500d609b14469a79a3602c4719af83623c0854aaf8d727fc0ebd7931fd98f76a50e0ad52d5c15a7a9005b5c4ead2ac66ff7feddeee419883754bc3599fb1a9c1b16841df7a0a603db2a534c903846d73b10d77cfd3ac16a095a1a0a573d7a4713f2ffc765
1787460289.884525 fcc_derived_config RSSI spike: -45.0
  -> 255 d7fefc3bff497985f8c48e320dffecf230c07cec30213a59da07e387b85b84517f67df52d448e2b1c192dd07ac6d19c026b5e347ec7e49b9ce6bda0614f63f2d3930e4af9f821d1d1c09cd720c82dd35ec6ccadb0d5121d0c2ceba2f48deeb30ec826373300ee58eec4a67e8988fd32ecf24fc5e849373e6711e3f997bfadcb544e7d299a47dd45e15e9b00a5c40959e576f8e46ad372881ea88b5c9db8b6c571521331498d49b4c29801376df48124a6f2418a9a32b4b96ef33181c7c2b729f1411fe538055a6023188346fdec11a2bbd496bc747340b3651c4d92e73f1efeda2837c3ca1f753d5a4443ab6b874fbc4725acaca5bf906187fe1d148355f99
1787460289.884761 fcc_derived_config RSSI spike: -45.0
  -> 255 ad4ad58bc69282aa09f930549b75445d6e0a91a297c4af91c169564518d53a48ec3a8e487c6e0254deadc7e42ab852f0e6d502d6a5c9362eb2f91503cb72a4d66e97e3e17b9f550fb621e86f8bc115736bba78bead4b09cf6579398281cdaa3a1a3039d1ba3cabefb64fd242568409d0bb216a22b58d08cc82f542c32e094de8c9e8f4deaabe5439fd21bf696637e64fd372ff36834fb9fbb9ae7a0a1b3751224f3db57d8c553095c24f4886b6a2e182fa66db25707a0dfcc27699e475a18c39929fbad44d88204c3f24e54ddd2b2ff3654927aded4809f8f7985b2174c0d3a60fd7c3db2cdd0ddba4be345bcfbd12b26591a029c1d4af3fe7d6529d566b17
1787460289.885002 fcc_derived_config RSSI spike: -45.0
  -> 255 f09713c668536781fafd381d59de0a6c1f8ab841f4eff13c679cfd503d289aea0b127fc71103f60787a9e6c0f9d9956c0cf64018f201d5b4086a43b1d09e418c2f92fceceeaf1c5f95216b9edb74fe2f860ad9a9ca4676f756e4a4d39a903675bd45d5434abf41e3b1ceec1f118e5a92a905a46a397b64966e6065a153e6b1c89213154e19e347ff1161218e4b44d49e71bac478e92459ae717a64a221200c0d643782c13c5397c183c08c8fd97adfdd74505b8c8660d69d797b667da6d54260f4acbc6762cc041512bdbf7f289fc9dde81e023ce2aa5c1b6c2f39ad848dc4c97f51eaa240fe3fbe3b446e0425cd604cb35d4e4997cf6b686752a0eb3cac75
1787460289.885223 fcc_derived_config RSSI spike: -45.0
  -> 255 32f87900f886dfde16e29aea43796daeb47de0bbedc94f6eb793e0758977da963a65a48b6d336a01449ff22b480045a23265ded71b1a4f7696ea8ca0b797824ab25832e2410603cd71acc39fd4ee56d121f31f362f89809a77109b2c9096a612ad9b7919f6d244f1bd221b4f5efb615090957a49a0849a693051915a7e12eb3801f328d42610004a7f994588849ab496c9e38dfe3facbfb3248bc7317acb3932c219be96770f0490d1c4c646b2de68a5eb9da87006c26a4b34de7b0a05ba9f69eed69209a5c96a59431411621be065201f17364ddebbe414e3e47b18d6b290d7697b07d92c2a5d10429640f1b87ee00120d5ed3e49ef1ef2b02dee35a828eb
1787460289.885448 fcc_derived_config RSSI spike: -44.5
  -> 255 f2ccf05afe95bfd9b1722789fee37293670175557a052ac7f637e679a65c98ed8425251a01bfee5ec6d0086c2a160620c87ec367f7605f2f69b332a79c57da1a6cf922e598d5af9d795bfd6923be8f00d834e8b092c0e2aee36eec976bb270870f15e52152b01cdff0c6fb92adeaee364ecd989463e73067267948b7b93bf250e68454981081f1759b2952c6820c2869a2eda602f904f2570984d1f3dcf81c0c342c1ab7402fa607ddc7e9e9d33e52edc8d7dc94287203294be797276b95dc41c8f59c5140fb15ff3a0d8ba8fd4a2b813ba243808775c9bbb6334888e39e9ba1a8e7c5fcb84f459c389d8f60a0a52c430b8e5f1485ff83676d3dea2728ff5e
1787460289.8858082 fcc_derived_config RSSI spike: -45.0
  -> 255 4c4be194958856c08c4571c38f63215f56db6bcbe5f730502931b0c84c04a51061e79872da941beb5dc7593eb1992a21dbcfc91f78c5a23a0e4f2c4be867ccd3231faed652edb7a2601fd15db87c690fdf5cc2ecddd60248cb89660a2e5ad4ee76e73f9124c31a7e379c8bb5ef45422a552fe2d497195161086710b7319acd72563e0515c150a1e8ffd9f4f21bb061ec7d46b846d56f17599beda4fa9bf17f29ad237b8177f70c3ee6bc3b39c40a32da2fe9caf1bb417c9b94d124bfb5c8f50f57b4c9552772f8ddc802ffa7548373ca201fa4a45e0ac86242a1c3279466c05a39381a479d4d9034df7c2273e97f4319337d9e6d00d13a819648210fd4eb06
1787460289.88604 fcc_derived_config RSSI spike: -44.5
  -> 255 917c1f1fd7286d773b2f46e85ca4286221a9433d4999179e87dcdd9dfdfccc4d1d07fe292ff089c24bd7e6f1ce6f4eafd2faf25bb8f620fbb320c5bea51ab3c3fd9fb8f70cc2dd2db91bf6752f9b905c61ca93181e83d3e7da4c22698becdde3410aefdf57f938872ccbb4b364def13e180b417dba2e21173314e39c70e57ccbcde5d9d6a9614f5896517290ad37a5dd96824d1fa6c5e479511b2e9f41ba1083ea0f4011a11b6b5aac5aefcb6c27f2032707606661caf8b8f0476a826078347b388d33d74e5dab165af3241510e78e13630de7a69afbf8b971fcf3b294fe9bda4e7762f2e0290d34bcc11cc0d32763e55e51511d3bf3911468da550976576a
1787460289.886276 fcc_derived_config RSSI spike: -45.0
  -> 255 76de9af63e0f9f5d7f471d0378d8395c033019081b7cbe2de76b16d0536f3307851f1bdd5b17b697966f54fae2b0dbefeb0a66028965f95e8e51a4095c575d93a46e38b6bda034ff434ecdfa7e5225e3a49bf51d275db6743edf637dc1bbc252274f9a05116d2b781a42285be573bfe2db0b281aff61bf942ded80adfb9eaedb8885ca8cb1517a10d7c5ef2759f68f05f026fad9b873b9cdff4347bb68462b1450e45c3475e6a7d95841e12f37176e0692e0d1b9cbea73e681541b164d13d54152403b0f8c43ded3410a446d475ea5912329d00ca8750856bfa8ef239dbcee710cf438169ee77b77ae8df74268681100e43a65e8f6b2ba67becf18fe7396fa
1787460289.8865228 fcc_derived_config RSSI spike: -45.0
  -> 255 911188da3d71d3d0bf019d77b1d1840be2c15be7386b4b21361b12be1b5859d266ebe4b59a5838585df3e53434e4a21d74303656dec4710bd9ecc18afdcaa22446560dbd32ebf46a572043bea5cd302de80548d5d8bfd7af573f955fb23d6627e6e87c8af7eb42e31f6ae341950022134447da7200301e0eb3b3534bb30faaf1ed47e238d7cbbb646c548341a95f549da5e9ae9aeaf2613e07841ab49ea66c1b763d0d262c7f3b6d8d560c8e19e94238f8d3e2b120c7427fc13a4432e28c40b3041685a8f7391395afb7a6725c557ba2b1c9b0149491a58d90f43a3242ccc4b76bb303b96effaadc7664b991ff32524971c8d88d73810f8d798a3734329e11
1787460289.886793 fcc_derived_config RSSI spike: -45.0
  -> 255 ca64b07eebd0cc2fd0a6422bf2b3f51ca077c5e9ca947eb8c5611424536db92af5ee36ca854b6a1bf138f4e89dcc0a8f857301a66eb1bde50f55ff272c4a2b61b242d9c36225add83dbb2b7620ecd32b29a0a9c8f2871ffac0420f720b530ddf2ce904da25067464a39f3e5b59e0ec9e2765a453f15c7c62f817daa49691a28c748cd05f6d8e449b8475c3351c7a660c5848e8f05f1dec0c3f5db310432f2fb261363a088820dd24dbdc9d6f042c8f488249a155aa087b85f9feac016db37bc17ed123747e1d6df6b26d423c958f37cad35ecd5fcc36019e317d6588828a43a8d286236e5616a39cd998152ef6ef35ed36bb0cd8210a2986f8f8c1b335ed36
1787460289.8871 fcc_derived_config RSSI spike: -44.5
  -> 255 2315724198509d659f4b4be2dd57e00f5dfea79f3675c63da634f67a6c0d95ea5db2b9f1b1b3f2dad556c8c56358ba968fbed3dc110567cb4be2290b04e45849b6c9a9fa995856cb3f3305bd97085f416bafc1eddc4c9dd262b18d9cba470b3a4304f513948d1ace0204009d68d111e5a3950c3b09356a6e648d3a64ab49efe2cec71d68b5ca21d2126ab836fbbf28e6b446ed2b4edda9eafb7d8d835b5e980b9b09296a216e999421c6a782adaf53243ccd8f15acafff93c6585831054f3df470c7f569195cc04bd00c6555fa53fe05d96b6e2fe2de0c096b91d17cc15e48e50bc03305bba0f6070c6706f6100eea9acc30541c156aae33cf5a791684ff95
1787460289.887372 fcc_derived_config RSSI spike: -44.5
  -> 255 c08835446a5f223a0e228037530a8bb771661f76dc8ed347a081eb80f8f97d9adbd7f97bddb04a99111a727e9230a7a4bac04b003af33f13af357e6d278796c6550c927e13a90b9366c8fdd29a73938681e13ce7d527081e3e709fcd364a6f336389256cf47b32b8030272cb121abe74c37f6177ea288eb1ba73a35246b5233fbaeaaf20d3a402b70b346165fde47a53a2d4a557632f118f94dd27b00fbf7d1b1cbb974bee01907f2b6801dc41587d59ff0a4d9a6629ea877f283a7405cc0409927474e15a3ee170550c5d7fed46c0b10081ef2b2f744781dfc71a9a8d5377e3745850c837df99e587f0e2030ab861ef1030ff375aa51adfedcce937145686
1787460289.8876889 fcc_derived_config RSSI spike: -45.0
  -> 255 6ac1a6edc09959097ecde865e1000b055a0814c94b94527c8d316cafb8671a1a39c8395810b92d949a2e04a90fb9cd10893bd002ff02ea838b71112bcb3a004cf01b600a579db0feb97b2fb4537104ebc493d662a290ac962f7239fe603df6d0bccb48c837c4bb07de8a199387e181d9f0b0a5ba1ed100faa8335bdc0b96b7da3a2959adf31d451c46c1e90fe7c94a8079ea557cf904fdb62e409cddee707e180a732e30d620785c534718adf16954575e6adbefc00f9f5cbf5f7826529a20287661b55342f9d9b1c327c54f580a77d08c7648351a4c34a064a364d93e5f8fe789bc60b9f8f995960e8829edcd674014992e50687a54ba71238cc09406eb44
1787460289.887969 fcc_derived_config RSSI spike: -45.0
  -> 255 31fa685e9d31af98fcb3ed069033154574331d6e2b32fc31eef67dc3f749762e6ecfd81b820a317494edda428edbf78aa76c52bf7e4d0b014c1093bc990d6857e79684a5f3581e6e704c023d1fb2e6a320cd519c9508af06e7c15d5b3dd69d35abed7b010aa611d108b20facaba453468a6ec3a8418f46fee98cc512edf54aa08cf688a57604c1558c7ca3674ae784a4aad17279b876f98dfda8f9f697d745dea5ba19c2c9f67764bbbcb922abc90e463e7b1bc4044715fef8db6fbc8638190eb1065af782ef0996f3063d63dbeaf93386e61f7374507ab54c01c632452f132ddf196620e0f59ae719dfb0c984375fe2534aa723d87a2a2f54b586e668d1f4
1787460289.888266 fcc_derived_config RSSI spike: -45.0
  -> 255 8e81d06ff0aca32e4ccf22c72d39bb8879ea0cbc5de2635d97043dada00e42cf1a300332a93f007c25316376306ad3b9ce829e59f890ea04024feab24817df8f258698a1e5daef0716846dea62cb3295fafed1289c520aac3839f686998189abcfafadd27ea4f95d28959287af6c5fa0a11ea5cf1e114eaf41d40addd455e8bb5fc58dbd0c52324ea873caa1898cdb9b3a2d2ed8eff0807e4897d79e45504b9e858941c08f75d6b43c14d9c8e0a3f17e4712aeaef0a8de3450a5f7dbf9db33f9caf096b1e56114303e7fe656b3a19ac122f011e3ab08f1ea5492aa71a61497f88e7bbc990c26ac5c64508817ce223fa1cd1c7600897c4cf7bb12ffc62418d9
1787460289.8885288 fcc_derived_config RSSI spike: -45.0
  -> 255 ab15bf03faa1a8ea31c6a854d18720a8d56c28941238b8ea312003a66aca6651847e050b72feedbe962e722192fb9597bbd976a3a82940419c73e50a00e0cd333b5735ec19846e2979fb59c460fd9318336d696bd830ae4a127de601cfa14968124a23ec9c7c18abec95182232be9d99e119ce30a22cec594858a30cba414283704197cb2fff6921a3594dbd6cb71d29a75437039b849c760c586fa77856e0b2b3fca02897155a9a3f0101f00b4cff619c2491e7446ed4bb0606bb7f8b28392446261c9205874c254ab1e9eecebe1349c571585147f22bee74c24333e6b37033601563ffe88dfe03622dd3efd91807e0e1b7d81f6d29e1abaa73f782029df2
1787460289.8887749 fcc_derived_config RSSI spike: -45.0
  -> 255 184b1dbcb6c79c2d4c8c7ac73ce3cd3b49db758ce26edcd7fd1088f05711565c2559d0987e58b2f182fb9250b12f860c863c8fd20fff5b3eb155a35c5bcbc7a78a126a1ea1e1df13e9769a1ee0056629b215d00d04ddc430cc7e5b9021f6d93e11bb04b457af383bb8efe7398fb95ab52e292c62ead5b38740768703f35e8b878777ea3bed94eb60b9ed0d1ea4c231082bc5fc01f4998b18cba3d6e74fb368363b4c36f1e8bdcbd2dbb2e1e8deac6da800ce2f79b0208bdbafd8e9b536a71fd556ee6be085abd1539b2c0b3aaa6149736409a46fefdf1a47301772e9fc27746b7e82be4f88703131f52053626fc13511ba4a5a97d3d6418f97288282abd179
1787460289.8890219 fcc_derived_config RSSI spike: -45.0
  -> 255 b4bced20f324930abea844a97696c529371edaa546ea9dc451547c2ffdfb238203ea3fee701462ad670f2e204997af6141b47f1f62fe0166f053fca0ee7c190d458891933b8ecd1aab896a1ed16cde06987aeb985abf1c0ea20d16953096b11fe1469a06e1018375640afff3108e44422590d4c67c04f8f07ff85877aeccc7683cefc327edf31cd23a0d84e1c7fa8372dae7e529e251eba52049a88ffed6e77a2efc69b48ad5a2e0bb7006b23f49f1cbd55e420c6e0c52537b5ffb02710e36693f90731ee887b217b82a4534e5d0605e749d0a6f2542efbcbd5ffa447106894c2b349fc688352f2facddf1ac4781fe9937c3e23b4ac762acd4c51f9d18bddf
1787460289.8892732 fcc_derived_config RSSI spike: -45.0
  -> 255 1f4dfeb1f5d76fd6431817baccf80072d45b76d41fa742d07f5dc7e44a56e8a1317534ba7cc0b74d200a86c639120cabc45d77afd00a64e0082cb1f34c7c29722c01c0e0755f387bc7583e02cdf87c710e9882a0f788b528342f8eaddfc2601377869be6d9024641ad0434618802171096ec98e3ffb9463385ba79ac02968ac13681f302fa056fd3e185a186e4d32791f1e9f48dc918875b0abb8e57f0f15118260809be21d19a95c73f40daa91f7457faa72407ed669389bb826e7ee3fe7b0d2472a0174f9f606fc7a5e6b6dfb466b55106e1e55f5e2a923b0c6fb684d2bc25e365c55a907eddd1dba6dfd9824096e2e292fb73036122161444ec2cbe4dda
1787460289.889523 fcc_derived_config RSSI spike: -45.0
  -> 255 b41c13e78690be5ccca9ee344ad9e27a8c4d689c3db0f2876a1c68849cd8d97b72a33a4d72f02a33f761528c154ec3556111bf174b3e0919e66ad0d942a29f4ef81ef44488f0113d7b8acacde242a92470eb3d1f3f3a77445687abd1c5f11e34774e5ae9f150e058d5f68c4fecc01727dbd0719361b674301b916f3c2399b786ef482f2738ec7143d0430ba00febcfc55b919ec362ff463cbf4b4e91533351e1d8cceb42689a021ba4589f1ddd7c78cf9a8393d68ebd7078114b6b530f3332561f248ca1f044d9e2bc4af6d305b35780af54957be43f6d4608e0cf39c4a035c7edd70ce4b8086c51e3b29098d456537f099dc86b055d7c2dd82fae55b1041f
1787460289.889884 fcc_derived_config RSSI spike: -45.5
  -> 255 432b8f0de2f93af3f312acafaf7f25a3b475a89aff5e95a37a4013807cca7873f4490ccef02dcd6c8bd6b8d9f030a47f16ee898722d98950f7c0f09e96ffbf391673634d7e500bd0ae4b6753054e2fa3e4b885006cd8ad4a7fb1c297c0a8ed2d984c394674e882894bd4ef701d9383fa853d4c74b32cd3dc909c62fefcc7ed70f4e591c772fead1dfc1c7cac8409c611e2c832b743ee5037cba55469c39ac6344c6c9c96c48789e5c5eac92edede00122f4b3dac3a62bbc7efc1cbffa8a2f60f3a1a4f6ff155a79a638d0f15b51caaeec463a2cb1e8e675a06fbf7d0c856d15c89fecf53662aa6f49877ace69345e42f1931241c443dc7ffa186f6a6f7b8c2
1787460289.890164 fcc_derived_config RSSI spike: -45.0
  -> 255 d2b169ea047ef9821af6b1d693252b004480d828228e5856ebcc672b16ee11bd955b0d809b7264c7e5cb579705bffc4cb07cae03fa143126687e89b27a0e19ba0bbabef3c4c9aefa29e8638f20812800a975cfdefd41a3c43d87887f1477b119fdf6b98d5d8e9a26ea8aaa1fe32e3e3b19f87ec9dea4c7ae8b24b0eb9a0b5c21aafc13f7f6949b567d455d02757914ff6d20a008abd98303822d41661618f30db30f8514bd92096a5a3472194ab225a1d1bf088ad75e7f6e660b8f0c448b5890568806e3f8aa1b0ff723291c97631bbffc65fcd3e2759e0d11d56646450fd1337552be0c9c53e4465d895e354bf132e47b787be51e53f1de1e93de74333451
1787460289.890414 fcc_derived_config RSSI spike: -74.0
  -> 255 1c1318d85e03e8d3e702b90502319a5af14cbfc6083f3d3538170fb938b5d0eb839e3bb76b016b3c2846018b3cb9d24c23596862536ecebf67c048978d62fd3e5fcd66692a996966a5873d38340672adac3323447dcb47de2c48987be8f4ebfa075220beba1ab42e6b9f0ff551e30a876224397ccd5c8ec5abc94ca6208421f8258c43f0d20070772cbddb9c94e4a516eeb055cb2127fe363bb5aeab44c1873cfb3177dd6e701df166cf58d5d0a6f43e1bce5d31f4296bdbab18b6f30cbdf313604ae4e3996caec3d2f08d1479ad03f476ea79ab0deb0b7a5283b278fc91c1937cc2e0b57cc1e09da2751eaba130209d0463bdf950beb64c3a664dd8a4196b
1787460289.8982358 fcc_derived_config RSSI spike: -40.0
  -> 255 9a40a81bb24f0f0864006eed06f3b3bf7174a41e87996b1de1afb0a81ccefcf5d0fd3cdc613d85515b75039a9c0ffbc12cb370ce110232a802740e8ba8e5c1cb7f4f8cfe9bdef92aed8b491af03e2359a92b059381e207ab91719fd076608eeeea9c33456efa34c63f6701c43f1b650eb9288ffa5617e98ef35c66f608946ab1cd4a03f243681db8cf9d1846ed6e93e1a202d0db657373e25057ac27a0988886a0e85cfdfe2d4235f0c9ca15977030d9fc43d5e5a684e7ee48d41b7452b6ed6c969505512fe4b9bcd0c73a9dcad662ce860aff15680b5b74f24db10bc99656296439419aa0ae4110bf8a5443d3ec1b8c9c323c5c06e00a279f9d97042c6f20
1787460289.898463 fcc_derived_config RSSI spike: -40.5
  -> 255 b6e7fed97cb8b1d21a2915a36edcf0b594e971a98d8c6205b8a8d3b0997bc597bf350a4feea7ff5b84f96afc4a8a25cb1e1f5c24b2149955b104a715885d2c20b7fa5ed6d68488efdbaecad4b6311df17f75d1fe288faed612fa27a946885bb307da7018f137c869103c88d5f5776087b13aa9bb7f0cf236f5d465d61edd5c53b48d420f0bd592ff449c287b1e8d07bdcbcc8536d8b4113b444047999b66ecbe030337232d90275d027799fad5ce0d57b04821544b1e3e726ac0fae9a21c7bce39d06b801a4bf975e106d8b547f96a6a57eafd0a3ee6f3c2327b60e2f91863c9f85714159738e4bb8d5d96950c33627ed4ff4f6231f45800ff093c69e1281b
1787460289.898682 fcc_derived_config RSSI spike: -40.0
  -> 255 8a7ce2200dda23424c4b8fc8fbc92c535ff13326bb5abdfaef36b904cdc9dc8b66a0fc4390be6b0979788fe96e5061ab3c780e2f94741eb5ac8250b79604877fd5ce0842fbfd938b1d8459e27c93b0717e2fc10ccdf2b1aa0a602ffe68e1fb6f03b57becde169b11baffff4d962d04632a978bcd4db172883aef882c8c00916fe252ef263f9bc44880d5d33f4caf7d544ac1495aa4ab7453dab8c71d423da7605ac01ca1418b85c07e664fa4af9c0b00d4148470993383f5510cb8dc52fc2e3241767a5d68d55fc730e69b21052c035f24f1e8a482765182ac96230d6d43752aa2907534a0214a7d8b764c94de4e2805d9d18e41d091f96c42694f4d8607d5
1787460289.8989482 fcc_derived_config RSSI spike: -40.0
  -> 255 e0ddd2b2290d27ade92aeded3ee933a4e6788c637ab6d503afdf22975853bfcffcc258bfca6f4bf57170c75de99b79d3941a3e4987332452ddf7d5f5451e01cdcb79e210ae3c4334f9a0be537377d6e01861ff37ccf26034900e5564cdaa5cacde7274c76078da293e89ed4c194aededcb11b3e0f19f3ffa494d0829c772058ab3bb4816add612f9dd658b36f76b1f5692c65bb37efea26f9f9c7e9710ef693867111b8b4f5178ab60e06f7cc5c62c0fd0dff50ddc49850b1b86060b6fd1ee7740113dc46e45cc5e36cdebc1fe8f68e18610f3fa15b9ffd496341667de3944998633d2f3dd4e0b8c25cc84b8659c8c4b69683db331932e70b9451735a13604
1787460289.899221 fcc_derived_config RSSI spike: -40.0
  -> 255 edfd35e3b7f9013f13f84910c16e5ae963367c8dbcf9526d636ce27412772042148fe211e83aa308ce26890b615cbf551cdbbc3f38d06c7ebf6e29002f3bae23f6138804fb4626976ef1518e6aa62f78a15d8315088e910d793673955bcd8a241bed793117479e6e8826c5b96db8bd62bd83ff712c38c4ac4fd79706df6ec1cc67b83a7c057b9b86440f0841b7582f2b3829f22591decacde799e9e3c1d8b3b11084dc76f26ef6f9982af5616e037ce61ab5807b78cc447fad0d5f9b5bea1fa6c486c3691d10243de1ac4e1131a7fd5462b3103602451e19860871fe483934cfda7c7337f1727500621694ca056d9d906fd8975c6c31f9d803e1d272fe9057
1787460289.899455 fcc_derived_config RSSI spike: -40.5
  -> 255 16cce72a40c9efdf820f778160725a062624672117fe2ef39992799558960a1ea8817ce7ccd5a205e4f0ec469c4696a2808fc57b53e57dfd2c4ebee4a2250357e0ceebf8c996e43011d689841c9e3cc8b849d3a1c150e397b6eb132dcd322a532ce198e9aff8156ddab11e28decc68ec87caefead2be1a167edace793c950aba602fe128ee75258a0bedd9c45a4e8e37f8034f714ba0bb17dcefd14df9f1d81fd1de0ef563c06153fcb81d546e8dbc7eb1176e1f4a36852bbbe6b75299c0243bebfe727fc579b12c1297a60f62128ad91830ceed4ea4c353fe5f4f4d08c5b8b7d5299805beb38f53ac2197afeb71a20693e43e01430d84d7c82e131d457477
1787460289.899746 fcc_derived_config RSSI spike: -40.0
  -> 255 ce15200eba16039557813f5dc667f07013652ea130c25ed40af54fbd8d4fd47c491997207527b6b30f63686d1a8b33e6f0f949fa22d74e4b7d363c619a1ab052c515188093907d243f8ddb9647dadc6d74349214381a169d3a7a4375b6e5276edd69c22fde490b7ae244d4f06871a2098ea061b2b9c8adf2c27920b7266398a6bec3a3f0c61ccf26b76d156a0bf3ca40b6ce41cec7aeee5db723c5b02aefe77991f4f8cf5905e88e1029a8829101debd2c0d48831f6956485857a993fe3890c51c11dc8e1b0bbf8ffea1e9321fb7125124014da276caaeaaa801fde28add7b63e8f27abbabdb7e3458dc9721a0e6560aefc7c18e69e3a66179416ed10d570a
1787460289.900013 fcc_derived_config RSSI spike: -40.0
  -> 255 f5b3e280b2122512e91b9e3f0b04947a159a86cc875daa5f7723ae952720872c534151e23076ee059385bb67be251562f61459440a50cd3a44610d3ab711f9d83c6e0fab5735043d8f33aa0935679a5e5b805c02ff4c8173652264d7e1df00df23738200236834a1c2f82464ceb0b3f1305f585ac9369d0e06fd660ea1a35907c2481c601c04b51cbfbe7b41f511fbf6f249090b319884c5400df45fb67cf2fa8c11e96ee2740fae4016b41a06bc9dcc8caba34e1a3a136586959b57a442af12f59ab384cc453af47d7151da7589cecd4d2af282e55b755cad3414b81a7b730b6f9400aa61273f8d1c69a2848ef8681a6604b01d174ba1afefc9e6570ce57c
1787460289.900269 fcc_derived_config RSSI spike: -40.5
  -> 255 068cb752976a52e128a74e4614ced193dae87621d1bcd71e31e13fc110b61a01ae9dd390df04c7ec3ff6bfe34ee3bc372b9090e83ad4ea6b244e6f402683dfbfbedfd92801a058dcf63a3c62856016c5a8e2dbbfbf470e8b1b93d83d1835fffb41f905d2eaa7ef619d5b6b3007110a2b2ee0a6d0617bcb15f42ad43a66e26e80c8460b1513f5dfb807492b63a02fc07fdb9cd8f14d6b18a05eec5cdf784b8a1a64deba15de622494c5e7d2de966b347d4bd9b15ac56057945d9d8501beb48a69976459a6e2e66d73b7bb32aa409c8462de1b1fa0a2f7ec7db2726a817fadba8d480d6ab3c36ecc4cabfea8216c8ef281efad202456586843aadacdb98c9b27
1787460289.9005098 fcc_derived_config RSSI spike: -40.5
  -> 255 d44bb0c8a4c0ae04445542f44ef6b2fcd5b04edbb27391055e71a8b3480706b1bf391e11e8d990bb27a882ffe4b600d54496aa4c5f6e42f4989cd00724cb1397e68f97bcf8efeb9b91edd0fc84e7f6deada5f714996eac961cf0b55d968108ae5a6de5840579ebc811208e2f6d8574d46f66bbd05fd9f5dfd8e180ff734f4bfdb116a100ac05ddf02850714858c5ffb6fee2cc96219c9404324d7b3f2e7d36614654540cc98ab580021177832d5b8861d48760709d8cb6c98a67b188afd26266ae191805b748355bd492bd2c4575d1a3618c171ef7a88d37f7384a72970ba03b0a43dd55397fffd2a70d8be629b06a780dc448a9f9a2a2f02dd062507423f2
1787460289.900767 fcc_derived_config RSSI spike: -40.0
  -> 255 b96e06edc2e5c0eb2b04008ada3f020fb04734aacff21276f50499a3a5b3ac60bb3fcc4378d07b175085f5bd19d304f453fbcd6f858b09ca1fe2a39cf897b6d29d7eaac4638e1df372d5d62f4cc87e7d3d223d19ba836ce78bcfdd3f3e3ac1949dd011c7724b66deeea3b4b78ceba6ca6ff49527b491c6696e7d0ead73b5bb878b0623dfecf3ea64944013f08ed059ac8cd32b90d707902a79fe3ca6042b347edddc6e3c829de00de4896696460c2a941784ffed46dd00ba803602b82ce5649ea366b983924456012f7ed7a10c7ca0d46ada0cfd41e2f32d291c263fa67b3b92b3fa4c1fe90449e44910b8958f8b706ba474f9708b661ccc68b0d9c74c72ca
1787460289.9011579 fcc_derived_config RSSI spike: -40.0
  -> 255 6d8aa1e44243e7e07752b5e7dbca6571174a6329f4270c4e196fc35c607ce5c19d267cfbcf8ca9c84624d7ecf3346ac78f373edab4a58b181e54bcfc6e65aba52bcc8fdfb1dcde2cd606efaedd0779e24713eded2f11ad8446cdec464a5d43d83cbd44307b7c6878621e2df381cd285944761f0604e039f3c4d0f8d317487b1fbf07f9816049d8b273d239957a5467a96e1124702642330bbdeac7de8c0b39a5d1cef340160bcd67bc3c0f75d25bbe6abc56141d65bf0f608e4190e0d52d1f99bd19752d1e10a25a4dd912a0701a39f6fccc4cf6a635c95773038ddde4cf45b5000ea61b711a15788ee14b7670865d9f8d01b18f00d51650756f02db7b09ff
1787460289.901372 fcc_derived_config RSSI spike: -40.0
  -> 255 5e2058f224c506ebab59a6493a5d833744284f4100d246942127faa7f3cc00b52445225001985b6d6bb1850da526da8e71d6d6e6f577cbc879f42c8a6fc351fd9ed9deeb6aa4aadb5e52b988243762dd3e8894db836de8c6129fc1349fbdbd7401eea036e8f935c8cef5412952b0f2c480e6462136ccf35da65da1d9e76051fcb13dbbd19e9cc79e1edf02cf6f89b14606f6c1e4d19f11ccf08df9fa92e9cd4f70f8873a05947f76d2aeba8a9ff53b06feda9ea0cfcaeb1a586f28f30e0c5d2d59097255960b53d6f6177cf9084662a9707be70722d3d4beb1cb46f4e6bd9ea418fcda48afca2097387944a1cf1597e8c791f33a94af312b810edb51fc094a
1787460289.901691 fcc_derived_config RSSI spike: -40.0
  -> 255 bc270b5ef3b18c751604691ebd1edb868ed3485327132b7658909b130e4de03d3827ee5d6e88b3c554eacc14b43f538c3a5aa3321d14e8f803a52011073974612a83310c18d92876a91f6653d3f12d388259da88ee7b363ad1e0044298be20ade70609394ec6ea77d6c7406c3a923e93dbb4343fc1f5c2d75a2a373cbe9505acb70cd51db14b4f7702bcf583a43962362cb623e26ed264797f40e2e7b87b86598e0f678caed732af62f75698e9e5a0db7956961add1adff8bb6961523553bac458c2edac0ed36b145ad0e8a12ab5043d0263b8307fd543e6dcdc506e0fbc65060adcea1657caf05b29dddc4beb9da8386b2a6da4ac685cb0898a511b90e6fd
1787460289.9019551 fcc_derived_config RSSI spike: -40.0
  -> 255 7e99093c5917f87fc90bca68f13fea8f453ebbb45e2be95a870852ecc1ad1cbb558457ed35f61a32296a3432e88c66d9fc7d36a2e6b2305ad7060da403a7972ccfc218d5e54627931a754efda7f088e485ecca9b12d2aa255ea052c12e2abcce9df7c660c8426d8271ae45e20169c0e490e9eae27d0e383772dccc9687c9acb4593d40a93b76a84d92976da1a4b8a4731fb454237681e3dca172a767f3d7d501aee11e23afb1bbd73ce61bc82b22af821583ed1bb32fe6b58dede428d38ab50105419f85e9c77ccc8253f8a739c3c816ef90291e73e59d8e0a21cd0f20219c8e38692105302cedb664c45944759c1fba76d7f76c9f054cb0e0aa76afd3f462
1787460289.90216 fcc_derived_config RSSI spike: -40.0
  -> 255 820032f0c4add5017f77b1562b77cfd99edba9ef7e8bd4fa5e029888f6c4e8aadf96607d4054187e89e516bc75d76f9fffa60c59a05172e8d705b866ad16492613fd9f11987069d8779d20ecd85d243f833cd2bd0f597d32dc11e1cbed888148e7652ead23a45efcb86ac0df65189d9693c22efb377874e7efd551e3ec098bc4ccfcb82cbc10f549ee2eaf7a35ede9fdbb4538380ddfa9e2e9b54b263e13f1139134f7a5d9e7b4a33f63d43032ab952f07958f2cc5bc19c344c07afb1aae306815ff3a437da4bd372798849dea5b35a41e39b8785c78159ee18f21b15c2fcdc149b5e30c35355aeb524fb33f0087d58a254d7161ee740eb56d618ddb01f562
1787460289.902411 fcc_derived_config RSSI spike: -40.0
  -> 255 ab072a9bfb1a005b0c82caf7f63e93028d72630982ce1ca1b2fe2db92f47cae41a5e3daf23cec73345335cbf2a0584483a2e2a9543c00183596ead5dc5db163a420ae797a6be14ad731a1fd32b1c7357c4f8adf2c851e3e8a04bea667b33dfe6fee8bda87a815761ead8ae2b07723798a9a72b3ff8a2569e082281e68a4d9e16e6104438c4ca3b18ee17f0447813e0fc7bd54891ef5e6c417259b2fe8933ee5b777dd26d397dfdd2dcfc9986ba83c0ade229c6ea29e978a156c3f9daad657d4b99de7f64002bb04977dd7b5f983dd3da4d0c37f76f410f35f84655e8a45ee19014d845f57574e9b64ca1f1336e560d41b749e4e29778e83c066ccf653ab6d5
1787460289.9026291 fcc_derived_config RSSI spike: -40.0
  -> 255 ce75ca81a9e6f6f218a27684bb2168be50cc3255e313e6e3b4ec85d8d7ef5067759ee198c123ea44edb11c97535d729181ff44858fac0fc7f4cbdfd235f79a3cbd5df2de0186b663af2fcadde29caf200272080c13a9a2234954ca66b2f50697818814f7cceb6e52c598140df32b38c7ae0ecfd6130862190232ca833e2da05a8f95a545cae76fbc5e1ad96a8507550d35023f89c5038058bfc2e539673694f497b3a11c7f17b4fb6fd8cc29266d24e8bc5b459df51473f18e3662fc956c6587818ee1c07a2ebe5a8546f4459bbdf655a76c852125ebc62ef6b77807efac7f38f842410fc76d2a162fa06ee1f0aa5cba60a00680ec12a96c4790f894c48754
1787460289.902925 fcc_derived_config RSSI spike: -40.0
  -> 255 1093fc997645c884cfdb952f7479693ec8c048590ac57e2705d54fed01553af6b0c3fac08e805a30d99d0cfabdf1a16ae15eaecc283d82b315a074ca519884130a46f5bc4f5400339220ebce608548a5fc2ecb3cc80e200b0854806483b72b6b47e5150718e8b7d1d73c6b6d503010af7e740bf2fd93185618143231ca70b9160f4dde444042fd9d4933824295a4689adf6c3422c420c7cebf8ce94ded1fe779e3d58b3d03f5d87bf9f1c7f6c945807abfdef49dccf9b463ef38352a5da2d9f220e96a5c179a01918441b19bfcb6f681c9351324e68ecc2812f5a85697f373041c4eeb1ac895607893ca3e81c3d3fe4754571d993993b70023cd7fb33eae3c
1787460289.903199 fcc_derived_config RSSI spike: -40.0
  -> 255 8c63810ad33f971faf0cfc9bdb0f726b14109d7d9d6b4a1ea7cbf4c4394b999486191861a19acd39f0b0959171445e1b91274bdc0a842564e8965abc79f085e90f03a63d267c05245f09eff3c0df6f7ee1a37833ef9658f099286a8769f871db0525a694712fdb60cc0c29c070feaffa4fc2c7c48875e4911cd93b97ea605f845324c6bec82bab0c43642774abf1040c506340f7c4446fd735e99235960c902521f5511bb771b8633f6f02685496bf3b9b4479b5d3c008652b47d033ca13ed7d977f8ee8ad811ffb36f7e86ad207fc6117d032939ce977575bc5dbad47d4064ddfe950261270562479dfe8e50c336f1ebfef80302ccb8919884342aebc0e1f
1787460289.903501 fcc_derived_config RSSI spike: -40.0
  -> 255 b3194cafab6e5bf5662c520c7179cdf55a816ee5ddf462cbbf02e152ebffe93be05408f6ea6efa985f8e76adc9888db97a797b77a33aa35fff5f8c21186a03486be7e7dd7d05399e66cf610a69e889efc7a9a9c9752da36a8c9801ea9b0eb6a437ff2222034435fd9472dd6f0e6cb1e7f15fda242b8eb658a7bb94e8d307bbc2397d4ec5231c7bb50410c49af215841d5830a7fa75772f60ec01c38314cf4cf25bbc2cdad6aa22a36eaf92dd3b9279a8b15336a3c311c9eb36d15b28ae9c9561829beecf04c75c1e7a2022800fd54251c9cf8e82698cff3de2909440eddabbae525e24588328e36edca6b5b9cef93a5329dab23239437c4fd71cc3588cfb02
1787460289.9038122 fcc_derived_config RSSI spike: -40.0
  -> 255 6ece1da54473a04e4c785435cee56da11dcf4b9d9a96b70b57d99929bc5f60d44d63a50b1cf70748d7c39ea87eb65b577aba658eb10c896ebe845f06a8cd6edf5f57a894d6b4436e7237a65a9c5d1ada8623c366870f15215de48f46aee04e71332efe1235ad27f201da0f6d9e2b2dc285cd01a48b7c064c01d986a03f7fdb647f7bc4a004841d5bb9a788c002fbc896993f257b3bb5ec27cdb4d688de888acee39c260b04f389aa0a31a59259106fd778c7c04d17e110bbec06eb77d61bcae5c82ea7f4451d187a4eecb9c2b8d88f2fcb8eea07d228a36d0421881cef100668e4b4e1278940a4e2a89a1659b7b9aac3b2cf1a3fa0fbc661f3909b580ab174
1787460289.904073 fcc_derived_config RSSI spike: -40.0
  -> 255 0b9fc984d6dd8d3067a91db433f1f680c1175371263b56f44cc474d897564ee2da6e3d3c1a7d1ea7f6bee71402449383604f7c63f8238e8260dc69ac72ddbf1244ebd0b69b0395229891a86e690353267101eb51fc496e806b8685df95703ff9bbea6fb38262c0feab28bede1a6c4edd90e90523647dc2a5d060cbe30fb1b0f775bb9458015d38c1eb4bfb5aebbe90d04a802ead28b20144374e5ef8fed23d45f2d2899d0bc588c4c27b9e246153cdcb5be9fb5d658a5129c5d0df4be1b4b1887b141053c25271057fa3876483cc713813e22dc17f5f8735a44e9fa1426dabac69d12efa27f6bb490714e0b503c807fae9e2d02ce335430fd80781f0e121f7
1787460289.904324 fcc_derived_config RSSI spike: -40.0
  -> 255 b28a5c1bd8ac1ab8f6bce3858ca14c662d1725c486c77c2bb7c39bf0b04b05e06450e70f6d082c5eafb584ea7ca8da40fb2a06f13393a7b99b9419df3161578793f6905e7ae930370bbb1655407918daee660db5a729cba09f56518daeebf2143d0b6c99d4234cc2b64b582d25c29e1fc56d835ede732c756144cff5f72f507578b7027ba1f0e04de2ee01d74589b2e31d5dd5f962be12d506ad1aadca871a945b685e7f7d3bad8007c251db71df2a38dfece4111e38dea68249477188e48a6fc098ac6846cac99e33f860ff52cb9087b7e8f7b002f6828da2547adad9bb1187fda2590e9180e85b5814f0ad666d6c39a3594100aafafdb2982365c8cc69d7
1787460289.904597 fcc_derived_config RSSI spike: -40.0
  -> 255 74db393a30289ab6e7e81814c8c447a160481ffe0afa76d7e66a5608721c0bc5a9ae3c21b781d7332d02f548da2d797aa94597e2c8b4c9884add2459c24fea9ac61e85093a4f69659e62f95671cfbe272990b92044e92e230d5001185b91cd4a1fc156f8a359685036f1375f14d1a087841d7cfd5fc8ec8a893dbae81123f1317f778eee68b04ba8fa730f98427f18dd13fc77ebc86fa8026e9ceb51367df270d107cf7ef9f2bd3a2261a0b059dd659481ef58866ac8f89ab1af9a423d3994924a8cdab5e970954d363d7bb169811933a61eb764d40bc5ad4ba532cbbcf189550e81ba028f0d68fcb4baf6dd94565e72031f8744f354f767f70305f12b15b9
1787460289.904895 fcc_derived_config RSSI spike: -40.0
  -> 255 317623a17d76ebaf3adf0b773f3dae4852606d2f866726cc0e5a7baff1ce0b91e7b5f806ebf43d9169ec59c76b312476f3ab61a8bc7188ee98d19077a32e603a1e059815126fe910ddc39c37e8c786281b4936f342fccb802ce1cbd90848fac9139799d0a8d96e63a90453fb679cf4c2c61677905939882a3e9876606e5f0e8c9743a05a6f48c66ce77c8cbfcd8ebeccab832bf4e706710577cde303bb2f5222f4cf87fdfa1bf780b8a85b814e1d3ba2610a0b1297e01b17e8450c1c7a852b4e0502aa79460e258afbf668a997e4b5ae984ebf5d86d23b393b6c43cbd441a1a069caef2f5c3419dad7adb47256d51a0de4f69bcbd07e088c53bc79453d5225
  ...heartbeat: 880000 iters, 205.4s elapsed, 1383 hits so far
  ...heartbeat: 900000 iters, 210.1s elapsed, 1383 hits so far
  ...heartbeat: 920000 iters, 214.8s elapsed, 1383 hits so far
1787460302.631556 fcc_derived_config RSSI spike: -80.0
  -> 255 f42b449d8fc5fc9b7c5b9726c5a1f4146a4a13698ed383bd3ec7e8504db2aa7cc983f9e2b9cfd0f354f81b9c7bfc4cb62fdda2601ecdd28cf4d30e0c4de6313a6978566a1a588e9c126af9251e5417dd8114986432d1c4ea27a09564ae70294181e51346d7f5780d50aa544f8c9cbdd668a5ca6b13c10a23de8067a7efd9cf14859444e205342bcb68b0f3b1ff68892381731e2d5079f47ec951c6831a0e4363620694eb051d174bfe8810486654948d9e627db60701a018568a7beb9faef1c5b47ddd2d4a3c681d259afbdf08526972aad4996032352455675ebeb32c13d1448238fd1350d871169017b13811483f8ed1d5072f8f84c14e266a6bc3452540
1787460302.710031 fcc_derived_config RSSI spike: -79.0
  -> 255 2c92689569d94c8dfd56da3b042dfcc8dafb214c81cb9c3b52447f21e5a245385003aefe2e6022e3117ffd1a22374bcf48683f8252b4194eeae5dc600a39888b645e79b55b633954bd614674fbd16bbfde3da5fd1f099052586066e0746ddf38c25a3e0aaef34e30bb758fe082e9f49f4034a8d2f1459a4eb35abb374149afa280a01fe6c3aa75158e81627d196c48afb1b2cfd857a1b7453a733d967f5b4ad89958a87f1b1deebef98d6be6d5900bf1485636393e9af1f18928ad0b2353c59e0d0f394998abbb67aeb8e0bc5e01805bbdd003f3a3dcb7b6a36d3b6f5dacb6d230ca4795983fd64c4690efdf50f35f8b2530865da4a9fed699c0591bb81667
  ...heartbeat: 940000 iters, 219.4s elapsed, 1385 hits so far
  ...heartbeat: 960000 iters, 224.0s elapsed, 1385 hits so far
  ...heartbeat: 980000 iters, 228.7s elapsed, 1385 hits so far
1787460316.546023 fcc_derived_config RSSI spike: -41.0
  -> 255 57aecd7ade57fd1d7e4934e9dd8eeef80080186b8494e28a8d66cdc76b70daec7d6bec95ede40f8cf1c8a2e2b87a8902749bdf5f5d5fbf3f0d0f72f898ab34f6f3ad41e2169675ea48ad752941b31aef61e4cfb7323d3d3d4a3fafbd1620c224359d9f502687a71dc894e3b3063f84dcb9058fe527ba8d479b492cdb7ec8c3cb41969aa7b4b442435145071edad6ab3d417d4d3b58d8d04521d7305b4ca3dbd6be903290d7fbcbe1b98994fc9d4805206c0d53acd86a873cdd253d5c6e2890dbbbc07b02a4aa9bca9545eedd1c39c78cb3a02ca304dd992116f0d4e7efa5729655c85339f3a99b18b62fba62777037f7fd8e6752de6b13cda0cb584755b3ed
1787460316.546255 fcc_derived_config RSSI spike: -41.0
  -> 255 c429233f7823d8fdef535c9b93cd6102af6cae7e1fbd6c58e37ea25b65c8693b0419a9e9bb65249ca0a16570e9990818f6068f0d6b333d0a6216da47b60083bcbd5cb4744cb8cec64722a36bf62b7bd09f96ce3c2a9afb2e899b34d4a7319cabc7807317c7d4b957f0f27f3fff69feb3b6649f062b566575f0b388fff623f498cdd0fd80ad16d65b91dd61620c5bf54ffb467aa1c32d571d0480a2e553d4b6ca132d8a85b132dceb1648af9ebd5a62a3b8a69c67f6a8e680c7783596af3b78e5bd252d9e06c6d6aef7ed61488caa5551451d7b0b20b6af0e93eaa253c0e6c0833045b4c8782cdd41c0fcb9cde46a25ffa011339d8c0d1d1ee4f7aa88f18449
1787460316.546465 fcc_derived_config RSSI spike: -40.5
  -> 255 d1553fcd38eb08e9f65c186e0fb88ab9f220f572329fd452b37994c85b3c3a8530b3aa6b6b1fbec6e0b69fc42971a62c84340908dbbc40d9d95fcd5fb9206e823202f4e8b14e2a6e6529b0d6faa3c7f07a3a958ed3298a63a773874f7f5d95bb1c6ad372c95be1722e487b0ecb0b906b9aed2fdda1c32b8acf13326f2fe1e6ab3578661cb2e53f7b83fe959a48676c2278aa8262dbe7711e3ad6b11dcfd92b12d958a8f0874fb6d14c0644a355fa8713c8243fe7869fa4f8488046a067ca8862cc9acdba449f0d6a08f714d5634479a0b03c34ca2be28909e989267cd8b8eff73cd84ded8b8d4d62d1b740e9ab24735cc13c3ce387775685671e275f4cf145
1787460316.5467541 fcc_derived_config RSSI spike: -40.5
  -> 255 e447c1d2d8af9d08b64e2d784e0f7a226ea268bd4e9657a2a8205337f21f5542c25cd0021085bb2b9c45d65c1c98942ffa3ebc94298d47220a2b7361a34974c82d77aa385cbad4364060b27e13a39a57209c75d29df02f247b862e3cfcf659901de4a1121af570899e8b3eda041f93aa301ba2d0bfa2162036305a807e12d1f6f38808354a50b624da50c308154604deb4b9aadeb3b639fa90c816673dc89a6b895c5e56a0d1955bed8053d8fa80b5a22b45252c7b82bf0f7b882807c0972be32818c84c733ac1af5be4e91cd9ba228708d3b028097e89da18c2a9b9ab4b0fcdca2c8bf27fe1e62fa7c31e1814eae55b43245321580951f8948cadba82ea47
1787460316.546973 fcc_derived_config RSSI spike: -40.5
  -> 255 ee8bf1e9099655cd88cba64977cc668c251862a5b77f0b7fda133c489c359be0afa229279e7c2f9276c2f8fc0c203a09791160f39d36a43b22be3a68f10f1a0eb914a250d2e980671a99c40c34b46e4ad51b75524b04ff31e78b96804acaa585bf1ecd18646108a53e91268ccf8c1463d66ccfdfb19e1acc93bd99cd0d63f410fd1801744d511d79fe3966f36bbba8e89fd3139343deed123f0abb4e9569dc8e878b45dfdd78ed3df8c83c4a80a5b990757a2cf4671e47a2a58b6e002b5fd9ce956b325cda1e8d3f2f78770cc690aedcb0763b980ef55f8cc822b4ef7b42f76a0f04956aaea7eddf91775fd655916469a452370323865c99e1d682a3319556
1787460316.54722 fcc_derived_config RSSI spike: -40.5
  -> 255 233c3f70ccb105c8e773524c2294ff443647a85429e6f8a49e55f82af1c7ae673eee9aa9054457ee984a996ba5086103ed3885951cf05999f49efe9ad69e891446f0bdb86d781002774c0830e1e8d6967ffac39addd0d4696f434404119118549c04f6844f08a8b664a2a082688968b67e8eb34c01720352e2cb70639ea109fdc69cc98e5590497f20cfa40821b822f65bb87b838eb63ad13605199b936d2cd94c7304da342e6c1f20554545d8976265b3f3fe4a97c61b1cb8c221347e7d8c3f970a59cdcac1c76be042186ca1d1b8fd2cd37e506634ef4d7e826e68fe681b6528dc26326025548437fb9dc61c841aec3409fdc47660db8399c1d91f9fe2fa
1787460316.5479522 fcc_derived_config RSSI spike: -47.0
  -> 255 2f37d55c3c6ed83a102499c67907277d98ef8b597c17074a1cfa609a2636e5355fe25f32f3c6ee11da4365d4d2c0336be94fcc737db2cc63d0e5d7cf0d49dfd948f37f71a8aa77ee9d1edde72a10dc0d1240731c17a6d1e75c5e67c2f615f819b5313d4d9bb69ba89981c564358b4040939ac97294d61fe26d29443a3f1bdaf289b941a2f7f968da8e3ede7c3287f88925eff5c0f6f814834803f44b828280f0db91b7f80aa9c35b1cc5904182bb5062fabd9de0cb6b069823c875da3a56bfaeca99cd8cd3da99168dd0d4b75cae991294d5b3b2e45aaa47ca93777147c243a2d480c9d803bff935af63259cc6918d1db81d017d2c2b9cadb3816075024d58
1787460316.548177 fcc_derived_config RSSI spike: -41.5
  -> 255 6b22ff909ab68d4e4111a238a728c12f9fa946ac0d3b5ba5ee9dcd3c3426b342dcab5c11beafaf6801a246a2afc795d334645cfedff4687f4f7e847f280d4ec91b100c80b0cafaba8c8e1107f10b1a6b4cfef8acdd06a3a1beee0deee5be4ae46d7861c78d7fe5eba74b8a6ea98a835426053a41f20ab08dfda8783d3c3529e47435d9e6d82109ddadbae79984d75404640a4eb2b8ec30c4d397bab2013e85cc2d71f5c2fc59309afac9fc3a56e244f6cd320981ad324503d90e8a1c726c14e350a08151741334c47e9bc6c9a36f2d26759c94d40508c246cfe2a298ffb772bc19641132ad7d5525e63d02b55d18d07453f07bce2381df9f8739231cf80569
1787460316.548409 fcc_derived_config RSSI spike: -40.5
  -> 255 bafdea42701bc0c5f835feb258927726f800a45319a983b5e89eaeb85a2b44b8e7e9102a34541ca4480979f9cedb9bdec6a390c153698c456e448e7d847b17ac80bbde92d48206fd80f85d5f8a48d586b1cf99f18365904772d41aa3c110c35aa3ee6eeb285632e9286e5698db4efcc3af61d58def3b9caa9d2498cd32bfd30cbad8c47ab6875015e9e02a056aab0a94d4cfa0e0bd3b702b9e166fe8e4e4d5f31d5df78d8eb777e76f9397b8ca486b93a7f1fb411dce0d821646d275c20ffab11a52829cc5861246353f6092cb0922015cc03b1c70d90f1b569b7de3758c80d0e7c69ccdc1cded3dbd8926a65f6f0375a62d1c48da7fe1d2e9d4572a621006
1787460316.548673 fcc_derived_config RSSI spike: -41.5
  -> 255 6ceef675d4b85534dfc28242dcdbc1f5003a4f420b453d9bf4d1a279a725e63477128de8ff5cba2042f66f47152ab153ccef4bc3cb2ea953f67c3ddef5496589e12a7431bfbf403abc2e581df0fbcedbde6720a11ef19d76a9a10e808bee3e710b35989018b1a33d9aeb1b2a89fa5af33229bd21d46c54edb3ae5f369d19ef5302ce5c41346e5a45c58ccb9e02df74921dd6f6b3dff0e5475e804d4814a58ffc21009eb48211c81fd80901866d38231d3f1d3aef59a9c6223a726276d80c0411230b2f0a36731ccec8d47f45f5b6a844f2d388c814790b806f1e8d20d38565e28e740f5925fac9943fed1975dc06af8c26c8d8649b3ce94391f68f9ed0b184
1787460316.548894 fcc_derived_config RSSI spike: -41.5
  -> 255 cd4174d84b34c147b44d8b7823911300d7a490d92f851651429c71037dc7edd9348b8fec68e7fa239fb2d29531063f74a8582b28349cc0f1df092816e46d668edec03a5a453601cf5f0f05aea640a6cca72be3cc4a7649c6454c59ac39c09f4956692a22b6b6c75c0909cffa6649d656db4564fafe03373367bd1ad36dde2b01b00be8bd8bf7e0adadc5293030e6e5491ee377089ec08df298e5cd2d12ffaa431a72c1c1416dbf5d81dc511d934c518ea0e4f0fca8d69cb547c5c35e7b11fd16a74773b5ea5b0ac12922ac500709c13f99cd8dde0c3965a03f8dbea421e8c6efd6f4d7a7b3ba3f47af64adf03a302f9b42a02591e903c3e15f46b8996dce87
1787460316.549196 fcc_derived_config RSSI spike: -41.5
  -> 255 c324d45a727dd878317db54ec9437d335554542ce63b1fca3a6970ffa35d1e44374b56749de9327dbf4bbaf7a8a4deb2a75a2d14bb3e669b2a85784dad9c05ebef4748e2a7b96c3374287ba2de173a322a80f62f1ebfdd2c8d40284539adfdb8d6dc92cf4bb25d2ffc4a36d6c0fbe5860f16b6706ad0a1bfbed58c41f42ac6178b5fbf367f1d99abda5c505e878f7cfaef3e4e3009c53ff8e2d8972c7f692f65c2491774170ba1c07dcff8297fa088082ee1d00b619c7b8dfa989f042713c46a0f3a08da8fa5d8657ff1866251d7d0109c79bad25059780668d0413403ac5e999335478d40ddd43c7c3a7473720183109363b98025a6bf534ca071bb6fff94
1787460316.5494158 fcc_derived_config RSSI spike: -40.5
  -> 255 80c0a4731d7f933d720481ad0460282e16eed37a71fa8e4447f8213caa53d9df4c66a964ef43189f7374f797aa568d99e3ae0d245efb9a6742ab4b0c0ecc6d26661a78c41ce3993125dd67c7feaddb86fba110a26e4ec7e71b2e9b5daa651a3901436353ce4517cd6c356570dc28b09e00d266658655afb4b2f4ab6fd6beb9779d23ddee4bb6272e85a622b14a299a61a64774d7fbe055186f201bf3aa16a722a8aec30b61e13f4713801f2841474b4e24f9548a07bc44a5c5dcae037e2a16dede68d3556e439bceb52ad21ccf671a8654036f8714aa6e99abfa3b24dc095cb2da40acdf2d5265b656c1b2853859e73fc9438b87ca0a9518fcc610ee97a8f2
1787460316.549645 fcc_derived_config RSSI spike: -41.5
  -> 255 59b3ebcbdcf83fb1a3bbf2bf6402d76625f42270e31237203c0d5fff60400327a1b119245bf94982c28226144c4301eb646cc3142d4af55fe5919e6edb3b758997306f702f9f2b802b4b51351f616a5d569ecc37757e148327af174e5cdbf01c344b75d1cce39d2041f669bb7992248f375cf68094e57b443f637f74d414258b0f28739b25776a0678cc0f6814b076b44f54f69f325cd28d72dc65ce43c45f135b94c549da6a2cb931880d788844f5918ac0505f622cef371db7e53ead401c817caf9cd9599f0f39a4405d14115ac832bdad1f062dbd7c4496c4b0410247cbd0c76c0453dd99fc8e2b0010187d9157086eac590ceddddca14c112785770fd0
1787460316.549888 fcc_derived_config RSSI spike: -41.0
  -> 255 0dcc4fd82538a6b1d1b9f5fa3ce20a826dffd04b41563ec6fd014649546bbba42b8bf792c9b40ad44f549b5e592ee7a7c57809c595c8c65cf2af438f1e3a23304379ecfb9c5b9dcc0efe44e039ba3e4d1fd9d3d40068f1b32ad778b887d74f05ff47e9da8f34145ef89c4745b28f4cfdeeb1b352ff07940e642b0fb6598d8d3f429608a45a0358cc395672f096e41cb50482fe15d61ff4916754fcab19fac96ea2028bfb86bb168af08a908eb1ffede10d81ec5428da6595ca0d948c5617749a19a23920b7751c2512f00ffd16756834b95f4fe40a683fbcb2400bde0ae952b7271501d80c9c4019d7a0e081b22029a7f9eec2ce1f7253e993580fe052f492
1787460316.5501661 fcc_derived_config RSSI spike: -40.5
  -> 255 5bf4901647076846eca5cd494ca65e99904796f74ea30ac0d85540eeb2f8372cd37739c72e7ac2cad2cdb56d9235a71688ce5da1e7d43db2c156f301187b4dc09c24011a723b4702b909ea4f2643f9a7a67c68bab6e9b16d95cf55ce7ab3d260eb77154f1c2afebae720734875703486253e4e5b36d2d1456faedf3b27a39ae991e514143ca61417b2d7159f4896a8c0553d533c7127b9247f254b796f340a63d2969b7dce7daa320640aa5cfd48fa55efaede2d4b9668f1789f910d4e63653cdae1344a7611d9cfdaac0400d8b5252211c3ef39494d55de6a0425d18706937870f9eb82968f0656e4318be2c9ae36da2e1789fea796c7dcb67cc1d642a991
1787460316.550401 fcc_derived_config RSSI spike: -40.5
  -> 255 dce0e92af809bfb17bb6c0b5f912e6e4022a656869c5d0ee23e562c3fe72de568a1dc48b6437761bae58a8582f81b9e1a371f02e1e6303fc8391b9c8abe0f4acbb14ca88c352ecb6dba135932dd97a24975e0c62be6f019bb85c505a398fc54f0ae73766611630bb919032ef8ce0756c0514e875c1ce2b431d6ad9cf7762ef809dfdef9bfecdecf195d6fc7ee198bfbe173972636bc962ac5d0169b3f90ce3039559ef5f68cd5e93574bd338a7d3bf1f2e8e9eecd03b763e46c2180beef6d339be5d7f67b3942a56b978c340e4343ee0c706d9ac0e7565beed3c87b23c28265995fa9e116894ed8e73abfc65cc3cd294438155d9686a8734a4430e2bf9346c
1787460316.550637 fcc_derived_config RSSI spike: -41.0
  -> 255 7d19c7dc2e0d758459327e6da706aaf913eb7def7c67705cecf703f8398ed112ea58992c61b540f80bdea4c6f90af0ab9c0b43c51e982d818e599e8b4c8fc9526a2e20c326a1af3f6a80480baece6f55ca1aec187c826feb43375496dbe6b385f20cc8384e32bbf5a3e88cd0ffe143da98d47a0e64034f61aded34dc31044d9dd652d1f0b3f0ce69cdad2dfa1ad4cf3c3506eb069f3bd96b4eff5f7bcefac00b5e574d6104014bdb5c25478cb938eeb75caa0d6d92a42841265fe405e0241f8a998f23b0c34746fb389970292e0436d8397b11dde1d6894c780367fce0f7cbf50c37a369e8e7f5a2c7abf4bb4eccd9cd9a7009355b8b7105ecfd4bf8c7147c
1787460316.5509021 fcc_derived_config RSSI spike: -40.5
  -> 255 9662d7bfa80b45ec53bea187dfbf3a6234c81bb723e900de9ca58d2a8d58b4230c49695fbdb35866b937cf5a71c2c68795549a29cb11a2543fc004455334c60acaac767b1bb9ff98aea4e1b81d9d542bec0fe41f71b5ed5447275117d6e8335fecd8ff9ed702ae9316a9adb53a24d770df5438081d65b428ff39dadddbaf5cff6aa1433a4733b796ee04bbfe80415fc2fc642fc9d6d0b0b08b15747591c8aaebc424799b833a523feecb99569acc6617992ba71a0301fe25041886fb123ab7bb18b0f8de3e739affd70f2e0a3a89ea2e4e2809c227d145ab891cdb2319ef8231a6e5246938e30af82358845bd17c2bc5ff7e55abb37cd495c749ffcab5fa86
1787460316.5511491 fcc_derived_config RSSI spike: -40.5
  -> 255 ecbfd442aaa520058d9f8abcfc0644bed9d7212a807a9f7ba2edae12f12f9685ae84ee7cb60f1308a1aafd055ee40f7bbdda67ffc978032392dcab133d757769302c037595f7d24c9040525508121fc133473eab86bcf30deb2d3ae53dee7fadd1f8599a5805e73506c2a010a5c600ca6f62b93366b86fa1c7e7d628f9be8499f25cae952b05fa399fc2db12cff73e68ac513d989fb05032503bafb568c6e9436e02bced7adb70e57dc3ac35279480751d698d56cf23da81786be76c50582ba01bf9fa9758ffb360c72508eb9a0129da69ceed550cc9551019ef2e01313af1143ba4421a100563e4ee099345fbc465e458002176064dc3de7ae34d0fae4192
1787460316.5513558 fcc_derived_config RSSI spike: -40.5
  -> 255 7e5c0cfd5b9c20e77a2053f11962ce657c72a9a37273315b319c64a4a73f50efafb105e36b29d29fe67c7c2b0081899e0834396de22cf5cfc1796a68751a082c2b6bdc5ef2183e97210e0205fc4507d2fab28a19124779283d845a752b2e9d4799e795acad7004698a841b8f508d01fd261358e56bed211fefbbe86e1aad4ec852d5777651aca9dc4f1642de48c49f5cd24e45b534628cb9ed0bcbbf39a5a611acec296798a2e3de92c84225a3c208dd6711228f0cd858641e18949dfed7ac7a1a5a143985817b38190c43f9df4ebce1e2728b62db3273f3bfd1e50a9475e82c23a5f469972ba9aa62c7f8756f88e1789cd56e528360db5788d563b6b9dc2a
1787460316.551584 fcc_derived_config RSSI spike: -40.5
  -> 255 6942de2b5ad1dde3ac120a57dd54f8af740c92bc9a3270b618c89e6048ffc66d672baf7f9d604ba99ba1b6d0ca0f3d60090449bbff4843fbde68825925cfdf61fe3e69b2540b6333ef61fd783fefa1e9707410dff8c89e7b390abd91e8a2dd22c51d969f82587d3034c0ee591ca4e20f1ed2dbea7c443189c76ebafa8cd386c8fa32673a7debf07ba8a9c3e33b6568faee61e4e97cdff124b7b033e11a52380a33610ae2df14c2a00f3ca73e2c6e095759f9cfd5884c5267da6b083f24b5e04c902f96912f33a4106501cf0fb8751eebccc47dfe54441a330e5f87b98eb1f7747d0f3df520080cd5b20e2ed285d56330c7d5bc6f9dc652fac31b56475df702
1787460316.551862 fcc_derived_config RSSI spike: -40.5
  -> 255 c3144a3f0614461835adcb6dd83d938934a9ba1753cd22d0387cd04715ad76fd75d59178253b537d94e3bfd787188c6a9e2b39f5347d5c83f401f512858e8c5fa919636b4050309cdcf0a2b1d84622b5ead76233097efe6f9247b3e51bd28baccca173465f8dd3a061b1a3da9bb8c44adf20255b103f36330f02bb393982096de890ec760fb0f6c057991d77da5519a6a7737578fbd2693535f296fccfd336ba72ef932bf036ea6797c39f3329be3a4f47f171b02d0292740bf906bff000271b2676cf55fa9d950039b4d3ddae8a2d2daac937ea621d3bfe3cd864cf7b5ea7bea1265c5f5a9447fd8c7efb2ca5f54f8fa85ae4741d78802261372b930e008e
1787460316.5521011 fcc_derived_config RSSI spike: -40.5
  -> 255 3cc899c807a976f4de366895ef2e96ed0667ce2918b39baf910b6e2b75685747974d59f0486699394afa7074d50650e02470ac73c64e1712c6c8e985a2589b542061afb243bf1ea69918f64f00bb8d383a05bc8f5122473af07d9ef31689b61ba2873dcb6c281ff1b53434b8071bd0d2311c3a68fa482b1bef43a2e7c1a4b0aaf300fb93a35e7d3ee1d9fcf07eb59b8f23b9bc55ad0234c488bd8160963acc18ca7c6ed406fb1470444f67a8f0ca9b1f906968c8f5c9ea0b2369f5f099746d17db4173fadfdaa1ee9cfd0352005ea6fbb76e4250094d1e4118d97141400d1fb9a804a05e551e3ab48a019d99b42aa4353d27b82b09f52b2fbbac5296ca895f
1787460316.552365 fcc_derived_config RSSI spike: -40.5
  -> 255 d0d2366ddb4bc56a7e0c528a79c5055522931820bdcc18df31bc98ffa7231f271ed04ee0c436db1bda09eec1e7039cd9a60a1fd193a32ef51bba19ec8905adab0dd71a338a36dbe9d37ba5e265b73e668fdf776e7caedc6d17c2af89e357902dbb25011f5ef9e4da98dd40fc132852811abde0561b55266efe27b17fea3d34fd438148e6c714450803d1884bc923f2d20a74a0d3ca001ecf5686d2968d41848082df0284eb872aabdd7cddd7365f1dfed1109b7659a6d1be983398686911c3197b4b1d10ea404e509850b901f77b4e73552587c0d6c0730711d713325b6d7e42a3f6bb70c97e54dea792569aa2b25e81beba480444c6841e7be234de2bc3c7
1787460316.552601 fcc_derived_config RSSI spike: -41.0
  -> 255 ff067310bd554952b73b423c3191f0c07ab96f7b1f83467cebd0fefc297b68d6b80ec8c6abd5b2392523da1b547c2579f354e44051448c7e120c65d39038822730f650f68a3e87e86b8dd2ee1e8284c945a38df24d8a01929d1be85392dc2cae70f73acc8faad279521092dfa6945117a3c6b15003de69e2c9174f5b844e9c1f22606b7c87f9200b0a440e792a86d13c5fc4b6dbd5e656ca54b174d4a3ef463a9ddf5c9b01f87cc76a6e4d56ba40b877c793c082cec65b43e615aad89c7844103f0ad80a79ebcf86464c9a624e3f3453f6584b3414385dcfab2b72bc5ac98b35ee6025e7833a824ee40efa4cb3207536b9674cadb78f8e5662ae3f8a78873c
1787460316.552858 fcc_derived_config RSSI spike: -40.5
  -> 255 993d2cbdfe745c211ee25ee23b5fbe5457279b9a8b6d5ed8f70ff300ba3a4f1e033d4c221ba5a9db8ac66d10436db88eef6e426839289ff750163329860dfaef16cec38f2eb8d5ebbd31d18110d9622d67e02181116b232f8c482b32a75ab17629d8b31d87a18af6daf72da5bc351382f33400f8413faf659d6872e1f33d7b45474b190157dcad0070bc773ea3b3f19aa25144b68a32a55ea36619317d75e041aab76b3cf8747ffedb5846e7944cd4f918d086572732a36ead8f645f583d27b66fd89f3e7bf97a908f79e816e8ad2cfdac626c0a6e46d12af7e494af113623705fa89ef3e85f289040ee59236528d27bcc55b2b1aa70645ea4a79b5ee68b06
1787460316.55314 fcc_derived_config RSSI spike: -40.5
  -> 255 71dbbd4e67b105a7610c7d0bb5e398ffbde04709e962cb37c0f34068eaf557b506b2bfe16abd7003ab276d9cc81fad22b38dd7c9296f8f05756963623b6b0c33dc2da2b22602639f0ef3c18c951ef641ac23508264cbadb8709c19243de49cc5372e29c19bb1465215b7b5688450e299657234a09d1c5844fabf20ab0e4648ee214176fd5208ce9b8c3b4d87a9a18936ceee84e0721aa70659ccad85f0e8aeba624048f1edb2607b14e25eb9fd538f16b3a26cdfd44d77766b49a131f168763f99f82464bbef9749022874807a0b671bc5ad6c354e76f18625cad44d0d9ef965289ff093f0ff35f4377852ad9b111f6bfca9dc50f4ebbcbcba6a13fd36f6bd
1787460316.553378 fcc_derived_config RSSI spike: -41.0
  -> 255 761568d42c1b2e0ef802071b5dcad0c521f03f41071df833bfa83918fbc69b994e33b5e7a7d1973e878f18eca6b74e52ad393e8e333b59e090e03e2736ff70881155b34ad81c51fa8801d68677ac847bb88bec3b2f792545f781851200444fc890b2d7ec1259b26ca78d121e5583b1053684a52bc134ab9b566095d104ce0f49738ed0902a94f3b2938dfd3f403779e0689eb8e7099b07c826432193af8835b0825feee7b37e75d90f865ccfba98646f61de52f2f43a5ae97fd7232e3a85f4f925f52a862110cfa0a91a670d364b9b733f244405bf2ab306515abb0e07e13f7ec0ddc265222c5f80d6ef672dd3beca96015ee165e3e0f7b6cead2c78071e67
1787460316.5536242 fcc_derived_config RSSI spike: -40.5
  -> 255 a27806a4d7f1ffb037d1c4fcd46445e4fe19840d39033f86c0fc1f0263ed04f03b5f66464e1dd60bcc322df22e73d7d9e9eaea11c5dee02495cb64604de1710033f7728f6751b89cf26dfa81186c3dee932c14450ab5cd6effdf442367e609f346ebf3b640680317daa3107ef6af22d2e514c47859afb3338d91e3dcb04bb49d20837acb3df4afa10dc5de9bf1f0bd7e7dd0087fe179f4f152b23ad04d944160206640b82be1531642c236c166062162a30eaf898c4306e31e8b077c8e5ff011a3ba77dc35e8dd7a8f2b1a0c6a4f812d847493f8b3ea400f3b5391349f8d141c8ec899714b99653cfcce80717c5e65037be58b09b9ab61f97b0128491e115f
1787460316.553941 fcc_derived_config RSSI spike: -40.5
  -> 255 8e3c16dd4db9c3fef35a0150b9a062eda65b7bc349aa56087c692f1f6967cdc18987509075b2b64819ec2ed58e844d4afc0f37bf9b2bd1652df8533f82c2bcbb85ee2f35c3421b4bcae1b10609c8074332b0c7a086faab25ea1aa04d5e027e7073badfc8cfe87766c3b32cfcfa4d3596b878ac96cdbc2e2b995474b3e2277b221087aef47920c643ba1503ad4c8c6f11fb73048f5de6a5ca736be83108fa401abfdd91df55772cb3ee9648504a96926630071e74459dbd32cc2b47da646f773d60fb4f42f7b6a9df6c558e50d08b37a5a7d4b906a2eb68537d15c1b7915e955e66c599af5cffafb1234423096a5394024579a6fe678bb5f806bba07ccf0f4e
1787460316.554293 fcc_derived_config RSSI spike: -40.5
  -> 255 4512f25694b41056ba56711fc5236c030ac78218939386ecf467109da72855d4436d9e7784a012b603028f42a652b1451f6db05264a6cacee8961fa4e3ed88bed4dbc8f8950d27f39facb9259986858aac4bb89c1062d37a8762462c14d4e4bf1f861253c0a10cb9163fc8fb8d36ca0b19d1b978fd7c36312588f0eaaa69c33335311f10b93b1a7707a0c1b9de1dec77add4b2c9f6f29ea72294269197cbe798201f99060055de11acc0c03ec3eab0b7cb066b6f8a81fc69b9a0f7a3b34d1aee4ea9fed354ecae9b923af9a2854b986cac1e008515afcc7167508cca83d72261ea8417af059d0e76acb5725ad977cfff835cc8e7886d2dc64f19c1c716a4fd
1787460316.554652 fcc_derived_config RSSI spike: -40.5
  -> 255 3fc37ee9dcb6c86f4b100143a64c7cf9d82e28647f45ea96fb252f2554e91ea905e9b3346d61d5d8a456da91764fbe04956f9f5a4f7bf840c3ff9c47ba5d3b4fe5b6b713b1179697038a67f088a22ac9d53f3164e104008f1e561548b4d55db8b72225de3a8b68f908f4999b298e55bb50f6a4393610e2ac066eb4cdf26f7244d4983437d6ca6388b23f024fd6c59c508ceb8a4a70d3e8ae30a080ba273bbd82d3123d03acc1cbe9db358bb1dc3b8bab7ee035418ff20e58ca5de8918da536853c3f3d849f3343e92a0fc2a0b551f3f34dfebc2f673feffd6a37fb4ee6bbce4839e342017208ae183c411519f71bc57a025e369dddf5b30c2c97da10428b6d
1787460316.554899 fcc_derived_config RSSI spike: -40.5
  -> 255 96fbbbee6f0fb74cb3f48bf9074b7eb6a7fac396a4fb7ec5f909f3ca978f7cc47b74d19fea1169eba2edbe03dc1d57b4e9630e18b183706dd9a06745e3825eb0db0b60a3f8aa308bb398c240c807874f1944a6a23e0bbbaa79094df476846daf130366f4bb920ca174d40a3782a327e01966b43d6b8d08517b7acbf605c7f7cf5f6b0089874251a824a701045d7a43dc89d8f1427a5a8b57dadee8b478eaffac57ac305c3d1d83e2ecba0df23d9bd4a9fca4f26a3e64c669a040250b2dd0a6681e9f3ae48755403e2dc8a937db36b8d08a6e3d8a75423110f50f8f35d25c8b14df8217135f6b955be3d85d3dd6e6882cda61c77e210b7ce7a319fa99d03876
1787460316.555161 fcc_derived_config RSSI spike: -40.5
  -> 255 b8bbe110dc7c85e23855febeb267f5fb050a58ce12c1d546f5f5f42c539701d790e693325716a8950c551d179d5c137b3b4d36eec654ee92e8fe64c09d053379fb7e0d7109ca731825c3a292569e1e4776fd82307b527671b717070bb7c2ecaa3e2e0f5e94b289538834da4f992ee3be1fb6eae25c950a752c9c6fa958511c2966e8c1d22835372f2a1a84cf1cc58069fd5ebd02117a242eaa1926393774864850bd7ec827a6228b697543ba95d459c1eb3c4f5417ffe67ae1bc715e31140793f566e15ae857a8032b40c598f065339473fe1f68fc05052e671fc7136dadae5078c518f9b44f51b0db2dcd6765ed3e9a05663ef0f7823c9732d53792c20fa9
1787460316.5554 fcc_derived_config RSSI spike: -41.0
  -> 255 3a7f885e5247bfa626ad0f53f7f35e1417c47b7246a8ec4022cd707ee44183cb24d514fbf01368fb50220be6b817e5b5e6c2f969002cb44954ac5fb4886a3c9ad5b45d8b21d4c3403bd8b5045128e21a87b2fb7c2f78e3b1d2180d2216d1a7770aea155744e8bcaf02fd82a395bdea9cf4643bf05eb95597ace501d729bd9f59c318d1deb54fdf5091226d78c60c1782d281f9ff6837224cce8239a2b95f42098e6b348360c044c63e1229975ddd9b9acd9c095ef504f860033081d01400091834cce3032878187dff1d58ec618b9df720eccb034e690ca627651ec2c40a3273fa2c6aabdc0834e15d8fda611fdaf6b382b8422c19541b2f2c004e181bfaf1
1787460316.5556312 fcc_derived_config RSSI spike: -40.5
  -> 255 212abbdd1e7870769866703ac9fb8c459c19431bdc47ac38efa5fcfdf55c7f813b6edf76e829e80ece7bd692f90d6cc7e773f11b3a0676190b7fbcdf3817cbda642bdd1ec4ea894f61533c0b1cbccea6f97c0ffce8046765f5505e21a8ade57bd70823c4a7583d807ee99f455f03684daa95682ed4b270ccb9ebb7bb57828fa2df597b604c33ccba12468edf6a53c803a89081d7a442e910316f59e6e4738c5628934bb1ad4990b9a1c18e37d7175245ca422719275d26649ee794d76dde3d10d7009eadf79e633feeb4816c9ebfeda9a67e3f23fb9bbfe28c8f6029d67639c2dee3359c21615a43297c62db2c8d8e9f8734251628ceb74e3fd25df7d6f5a1
1787460316.555885 fcc_derived_config RSSI spike: -41.0
  -> 255 daac09836c63fc63e211e1fe9c1997a2e5de4ab071a2b5afe835c72ce2d653081dee49d76962ee0ea0a33979a71cebe480474f49f806ee29548e392aaaae81a2ebe48818c8dcac3c13223da19e1bdc63660b9fe0a31d30f2e8073dedc719ffafdc982eef4efeac376b0e70c301ac3c2c51c0df926943f08dad0be2c849c1d574f36b1f55120a568f9d1b2580d62bfa1c28554529f93031eaa6d8e609ec6493091e1ac2c333c40baa8e2c417b3102d6e89222eeeff7ac5fcceec75c233a1372d3e7c19a77f808aaffb9b08c75df96bbfd6a4bb91950dcace76e98ab177f1905242b7067092a740d399364d0982f11672f8a56f06e2af7118990df6e804809e4
1787460316.556133 fcc_derived_config RSSI spike: -40.5
  -> 255 387acde0dd00a229a425615f5d11cd63e0439349712addacd038743658cce0d5348da98c9908f9072423727f14979d6266eddb6ba8ad2ef5b51ce62cd5f79ec25689cfae5beebd1080b100e7d19174563deebf250158038283459ff8b5d02e0b7c152eb13de71af44067ac70343f5deaf66325fec4a2e004c45f06a157c585c570bf85fd90a62bebaadd5644c339b4759e63ffe9786c9ec4ba804e44ca9ae174032b3ca26321b6ecb3bf175dafaafa20b21850347a2edb4e5e5d8356e431ce12a2a0dbb22e9b0abb884ce53b7795aff57e1cc38f7c3a728324540ef09ac6564c0190edda0e4dd3d93ccc9d4328f721de32029a8f21203167d1df12ffaef9fa
1787460316.556386 fcc_derived_config RSSI spike: -40.5
  -> 255 637d14f4098bba7598650bb5a9be8e9dbd243fefb5981ac9c41515f55fc170670290c3ee3670ca04bf4fb3f3d477d30e5b9666faedfac93b165b01d97852856fa9576c11427c1fcf154f32dda5c21b5a477bcedbc4556ac9fe8dd13a68a1785c73e5bcd1acd18b05695bc6a70fc8f2e12f926f651ad78cd9f523ac79caaed3b3341238e4388718eb739364bc3bf64204bff788312dd0859ce7d44fd7ff44b45f05e1781c2a374af8663be212164795053289393796dc3f1f3f5a7dd6e386c974913995ab8e9f0e6d592d02ec662c9b92acb254129f74f39eadadb0a5fd4fa22aacf07a8d8d08951d8b087eccbab6c713e97272d6c33ef7d445b68f7b2865c2
1787460316.556607 fcc_derived_config RSSI spike: -41.0
  -> 255 2bd1492f5fe8a30e9241d7495f0e095b12605cd8b25c382c808e61e4cf403b1faff7f773a7957731d4e19a79d0f16f63db43483fb4fc2cdcdcca3b4d49f5a46e2aaac65b551948f0752fb1960b2b4375ab26592879fc9d5b9c9f7478562c833e2b23dee450eb52a497d20ae4116cf2d1f9b110980f5dc827dfbac768367515a5b839d033fd2898bdf620ae15a8acdde5409afd4f18b94649f2ccd4018b73b28cd2538c4c035d7512bbd27cc223e068c300f64c1af26a494b2c238bb615735ef86345ecc9c805c071cd140be78dde49827572f2384b801a515d4b1cec433fcfde8310d253e1152eebdf648b328ee02f4b8dbe1718820dc7c4ef133fc12b801f
1787460316.5568588 fcc_derived_config RSSI spike: -40.5
  -> 255 9a4fc8723940cc39deb280e5ea46f936e10604e20aa06ca99efccdf7542da75f00cce5cd58b78a22b2a6b03baf65a0d2026d7094a14a1545364563bc81060700664c5187e9a18bb9eeac08a2bce529fffe69f2b3557f751af1441f8e42886e74e8eabbb406ac3641543fe963817414dabc67e405342e7b2a8812ec9aac20253aae0dad863a36dae75db0ef77914deba138ec6fd08313254d9285bbdff5aa41b2287dfab68886a7e30aaf30ef1577adb7c8adc5c51836db9e798dee5b847981bf042311161a42f7cc1ebb725202b6115be591b996278c26b8f82da70754266079564446496b42e1aa9f4764de10aaff2a05f4e1a86ada84aa1670f82295abe1
1787460316.557079 fcc_derived_config RSSI spike: -41.0
  -> 255 3a2244a41b0e3ac335ea85d7118a143eae05a4f0c47b7bc72d447aaf0cafb50b163dee777eb0a3e58655ba0be23daf30dd0e3854a7e88836a19b8ced9b64c755c9d64e58b7b454cd568edf7157313a0918cf9e25c9bf9aade979c65e22de34690a177a3fbc48f7a51d408ea5bfbe99a330cf92e828625ac6e8a4bed87e7635d9d3f1986ca2f98e467ac53f9bbadc97d532554bad282c5ec9009af6b7c3b9f884fb71930186c4df44e0d120fbf7cc0fc721f437eaa8b976824215f6de002986c62e48d80a0a4787b100224a35dcb98dd8e491bbf3e92b30dd69d862924216b37eb4171836afd2eef854dd70252bc3c1f3079c0c23fa27225666d8da2f7c84a8
1787460316.557363 fcc_derived_config RSSI spike: -41.0
  -> 255 1f44b30919252909230acac65b1b62a9979796ce772e2de26f808784992d318ded3cad4c7f2d13c55d3a9a73d6aace29662c4669b7ab7f509506ec35b10f69fca0778e796d896980b7e28fba759602b115ba274455314ff57cad322519fb13d652d694a19cd7a624888466304aefbd3b756c03c8d3b7195709b3c81278a8c248fdb6d263cc24160bb12459b3bb6aa22c324eab590ef7bc4d7f4cdaaf989c32dee7b4246a3748c4b9c914602f90c274600c977c9c042c57aecf436b80085f6f4c7a26d06adc121385c98eb9084d329979ab72176a5f0e5345e144c70815d40291bd45573beda848688f322caaed8981b7b49e909e4c1d01c3cc645edcccc46f
1787460316.557593 fcc_derived_config RSSI spike: -40.5
  -> 255 a1285d48af52c509f99e8c68199160a079f571d7a7b97f18ac8b831a6942544ee0791ac61f9c530a62bab33893d848fd91ca81157f499cc3067866c01ec02bc7c2f6c191b322436b90ba357ecd7fdef6a58f138d9216935db21dc9b99dc11afec7a50deebf253e5b2e695f28114002210193f09600b89731af966375cd055050feb4a69dc4c3cc081b9fa2764823ac95edbef7cd5e373df1dbd6c08cac437248ffece5a4f623b60714ca7ca6222c1a04d643d3272f36d79d9737f76d3d06535b127d953b3365e9eccfea9ebdb5b89cc2007852ce5b9031a4978558e4e617e3f05114d19dbcdf626454e60ec912c062a4e5bab88ccf5c8f8642f3fd42c996f1
1787460316.557866 fcc_derived_config RSSI spike: -41.0
  -> 255 060572564e018f33a63ffb561c8b8868349451a882272e3930e693f2a58fca7aa19e21f3530da0fd34bf95e017b928a64d52622f88c7026d87795ae3bbae3dc7daf25def40fc26db92027dc2fe174608e52a7f3a83c3bea07daa187619fda8411e89746959d8b216bbbf24063b93cb2d928558b1b4c58b0388b2bb398153a3e2e480bee652d2fe0027cfb8da8dfc2f277fa2c1adc5f08a285e1d244cf972f6949987f3add6686a50a4cab27a429d158e583e60d19daa5996c1953f737d5b8a2665033bebc0fb5205d863ca2595eadf9911ea401d79494ac3652c85904d7648ce6d4aadd05e93cee05e105f63d321e554b1a69a8bfbeacde7d28e4ebf39ec63
1787460316.5580769 fcc_derived_config RSSI spike: -41.0
  -> 255 d80c6385b1798462b6a96e0712225370a238e960435e09360b24a1693f32df1f5c82181f3c415bfa3c8e548d1cdd95f505fdcdfb4baf2dc4d63b555d3ba5ec728367c752a4dd00661534d88c0f960572714a62c436b3eaee9c3dbdb4cdac77f8938befefcbc111806dceb1aa92ce7fd68497404c44b54f78dcb45f40cb97d244a9c6debc043304590fffec24f4921393d6890dbf93e6f2b4c797e9ca31c836460f62c5a797ec206ec95b00c3e1a894aa1217ef7fa8402fa2eff2897f0d6b5e89c5ddc4cd506a627f3377dd108f57154d5a9734a92e9d3ff51489e6ee4da0edaeb04342bf1b022bd58af302c870e4e9f2fd3360fdad759f19c3ed2d48b8f612
1787460316.558292 fcc_derived_config RSSI spike: -40.5
  -> 255 cc397f066ad2bb57c9916040db01031c24c20dc0271af35eff0110bdbc0a47818a0f59b6ac72bdef9a289a1590fff4b1a3f4896c4bddb39b12dcb9d325dbbe01dbb80a653880e69e74429ba0a4177403a181fc212d7efd164b8a6edeb253266a098a5e7a82168fa18f66f9f05efa77946ea184509031bd0ec30f388bede35ef274889c4a482ee23f2b572af676d0e1a1c4aa99bfa59f87c98d7a14e798a4057a84f27211d99292ca4cd794a580ade42bec3d36e1a94339246cbfaa8691c47938d830e505020a81f1d92c39875d4d00d46af47a979d6b36b84f87da0effdc5eeca812496487f7091f42a7e5cf08eeefb89e7ed0a8d0b5598bdac67006854407
1787460316.558542 fcc_derived_config RSSI spike: -41.0
  -> 255 22953bb141665ba9951427c29c27ddc7c32c15bda1ac36b5ff6fa5750f1ed320191531568312c15db6ba6213d7896a9427e0353bec8406d77c08477700a5d0d93e99abcc4a37354e18aa47797b5791395ff90759aca5e0e899639b2fac020b1ad7c8f27ca6fb6c3f01f477fe0c836a949c0be12fad35231dfb98b9f1556a4a8186c270110495d7e94512e7c09a886645179953cd732b59c7bceb3e5617f6ce1abcd88906c3b79d3d26027c8ad95479f7bb3e883228681e8023a27881fe9576da3b77738f2929a7c24e6225123a596e1d37f805e37d6bcdf05ef67bf21bf158533ca4084ed939a1eb997c21ff6341c6839dd723cabca74adb79009419434647
1787460316.558788 fcc_derived_config RSSI spike: -41.0
  -> 255 0ae262c3ffa2b4a9c48db702aaad02763dda0c688cfa234c98cbf4d07bbaa50913cb858a822ff68e18422f679db25adbbe13f4696a56fe69d65a1f161a62666ca3f2982b66bf89cfa8f3f7e1805a421d73bbdfc5cfc2294645bb157f355f3991b1d3379494453b29208fa956ecd129ca6400228088c3177288e7c9044027d9290ae59956798d3d5dea35e457f94a3e7201412188dbf5a0cb43f38d38c9e49ce8a5e4d1108342d31fa05a6c2e9f709fcb5bfba493bffc1c7112ce57722589171a9a883a914c773a1d2fbdb1e75334229aee110037c1bb9f4478b7fc1ce5d4f52b1687c971abd5d4c0bb179c2fb0500e6264cbe97ad82d1e342d3ecae164f40e
1787460316.559036 fcc_derived_config RSSI spike: -40.5
  -> 255 58ec7886406c5f02dbe0017e3c06d71fb41d9aa52b30b7daace4f88f046b251e86744a86df1e455cbadf6391bfdc656d736027bf04c9a8efb683a81535ac506582c6750e13e95e34b36547c947853ea7e90126ef75b7faca1509bf0b4e6404618f660e78246d33ca2e8ac8dc6c9f788bae72e220f7ebeae8cac748b6a5e3ad405bd6990e1495cc472859fd580e812878e11dfaf6b363d155a577f5750a6b2862a7b7695c0c6847deb085e00de6e204f61daf5200f5c51aae1e6471bc33f7818de8a9742ca1e879ef167f288cb4225404a80036c475109406546479e1d0da20faa59ad57de6e640bc0d1c9b2997b00769c6135d655df0d6d93a7c4bca641c53
1787460316.559268 fcc_derived_config RSSI spike: -40.5
  -> 255 2a3abdd794f81b0103abfa84b704edeab521f9accc016063b0a275d590a0f7d06e3e7f36cebdb3ed276601037b55971afef95cbff2e07fe6b85f365fc99c000737283131f67b81a8a2189bd7f2f44c79791798da1ecd8ac9dc6d2ba4987200e36962e84bb1329c3bc6ba86cd9671e50783dae024282a2d3a7bdb8dd8caafce737910f3934b10d5317aef37d1c94c44636b7416639c48d1001851bd9c9cc704fc3b689aa2a0b0108eeb7f3472057533ef61d9935c1eb478f1b3f856c2e5c44b51ef9d54a5bbebee2439e0e41c49e4f2484d4ad5bfccf756a2446221f03610fa0cfd2882d71c585fe211223f2eddf829c334a33c00a6d7e3e4fd4d4b2d6a7bed
1787460316.5594828 fcc_derived_config RSSI spike: -40.5
  -> 255 51e0770a769e1435d163a61f63bd63e62d3d9bb76ef1fc65dd36da06345e4ef1f6645c78d9e6b34e4746149ec3fd7811d8e1b32ec6388c2237497cc73999a161b231eebc7b0d9368f7cb0228cb13e59663fa3f1f62f378aeaeb0b995b95585112280d17deb4407e4aee746abec5bc2757c6fa6a9ea6155d53a4ffba86ed1e52f23551890bc1cc474f9c45dc0495b28cd25479ea234a3a9a1551d9785e063bae7136079133b32ec020ecb062faabfe8eab3b1cfb91813b7d83a7fa674f74e865d1c6b206546d91813009fc8e6c75f900ba1714f750aa4c8f124a2206205163225a88b727c4d7d6691259084da65d551582f4bc773d9719e73890503d136ca87
1787460316.559755 fcc_derived_config RSSI spike: -40.5
  -> 255 6409073e5c7c50ab85a7f254e4c98915e6edceeae86182febb26700a9a5ad1e493218471cb7fffe0b4941da1b30263c9eea0f5e75839eecfffe23c76f52c45bb8bf0a3300914da98ed99d190c0c8803205ad80b7f6ba5f4ce7c8bd8399c35432a4f1f2b207b0453f9a7d306242c5aabe28da0056a58422bc63d13934f5cc3131419e8591e314550de883de627507b1e4fb9790321e7b53464d514cb01bfb28fb4a337a582e261e97ea5b3e5c12bad46908b25e5ed27198844d068dbca470e24abaeb47ecf3c6d11224c2f566499964ab63763ecc2be8c7d81e65dc2740d0139a3482f03ff62078250cc1534fa844328eb748d576fe349cdb23066e2dc735fb
1787460316.560019 fcc_derived_config RSSI spike: -40.5
  -> 255 8d2b42285605f58534d53c346f92c03d713b8b551c4275616a3ae874f2a329b5b80646b9b659ec918df1d8638e6055b98f64ff7a79e1a00dd306aaff352609e0925a3a7b8f60b0959b68406a3521fffc12033e50728421a969f499dbc5d974b05f76484ba4968670516599fc626391783da4981d4ae0f9a3362a5010256168b30ed411d571b59abe53192a1debe99aba8db97159ed5abd5a3f3b415869cbe5fb1cffd5e317c13c307654d699bed517f236b0bc10261d377521d57d94ce5a7d0b54fee631501dd970f6588b58ddac23de20e6d14115215f8143e8e4d2516b8423594631c0967866b2629d633b730e7496b557919f0bceb0e259ca687419cd65
1787460316.560266 fcc_derived_config RSSI spike: -41.0
  -> 255 e99e5e2333ec348bcdb183b0e8c42b72c9ffbe3370b359ee3130a50b493377f8ef4f205cfacbf09584b90b13f4258df108c97def08f9b1d84f0927273fe80c5d72f38c4fb55486d9bc5779c45f2d3417c44a46ec0a1548be92a2a5b27a9c4f858bf112c1a43fb6093a6b3033852533bccfd24ff3ee1066a4704f865113e72ee92fe35cb154802662d5f8830e501ea10f95ecb67345f290c7492a9bce18f8a81d3261f7ca93aff59c531b20da74fa7dc8dd03306ea5d51336cc3b1ad7a54c29d26914622ec0f701433e1da287123abd20ef106a3d6417787c645afcd6fc97730b6aa032f78e7935f0a58a33153ff0cb98244536982e72d540f6970dffdf73c5
1787460316.560503 fcc_derived_config RSSI spike: -40.5
  -> 255 8bffab9f4536480cbb2d7195266a5f52390a396095143f83bef5ccfb4be0818c8f5d96d53d9b73d04801a71e6df14c3edb16d2d0b5913e25b891d79f6afd88380cb244436652637a3837f5b3a1ebd805a3fe5ae2c54f27fe0a0b6d20e2eb5c09efa5849ccb88d0b6d16eceee0c32f0b4947dbdc89e905d1bcb53991130612764191196f27e17abc8f45d145492aa4b3b19d057b9b2ab15f9ddbd685aa951bf1f56c8443574f07cdae231fdc1ac5c1fbf3f5673a4cc1806d7035ba746995f45c8a48ef708e099f94d40c4140131650bd7893365e909f08af9646cf95c5b63be3fbcaa3d72d2ec4cd52f13e89b85edf9b0b7f7f22f3d1fd7e1bb5fc79bdbd6e3
1787460316.560765 fcc_derived_config RSSI spike: -46.5
  -> 255 27418028a825ed4547e96e6e431704152acbbea0bfcef4efb67f1eb3defb68d4d3f8d953af322a62421ac7499a7e3a5666d18ade76786efbdbcfab7b03cafb8b8858fdf0d1a78403e53dd8e686524f8a86f0e041df7e1b414c98eecf4cb7914a60e9eb6f6ab06c1b1f703b087cb0067555ef78b551fcfa9ebfd46fac1d665aba6964dafde566bf64bf14fea1d124f2bcf8419c12dc6d6061236933f9197d1038b9c63d5fb8d8fa7551538e8494b9893bba8c30d8e32ec5b3f657dd891f348d0749c72b0b900f0db45740c66f0a707ee89ca81f82db8546395a150946fe5223f5e7b32843c4e004e73a32d92e52103722076cbc0efec7a7a9f4c9fb34c207b0
1787460316.562589 fcc_derived_config RSSI spike: -49.5
  -> 255 f4cbfb373b6267fc18f9b05e5390846b6c2aaa14fafc3d36abc2913a25e786429de4d3261e82b4a8277cc2b7f1776c23b12e55d44f53df135b94b81827040d5fac59c0d1ebd9c3b8fd11c6c08024240276a5c40fdba88ce20a4b2357a0d0d18c11df6811a6a7ab4305c57cac510cb17d9440709cfde3a2e1b493083bac710b5f4a9a94fdbfdb55d602cdc38ac99bd86e2267f1c1d0ec2d9d9869b17222959b6315b294f9e9a1bdcec5648dd3ab6aa3e63d649b539df3a22e16bf8b30d7f60b26a32fe00991eba8fd8c0bcd10af749e3afd3ba341b36a9456f0c0166fcc97132bc0f772d4101df8c3c5145d9cb7bb0e5236e20a3466e733b44ce521c6b01bbc
1787460316.562866 fcc_derived_config RSSI spike: -45.0
  -> 255 075ac77fe80f4895b160aa6d46ba656f569ca06c933693d0e35f5444cf37839494252eff6c01f1a91b3666ac8e4efcc25129c32601ab9df64ef6e89b873fa2790016b1429d5fed504ee3e43a43636f03215fc16f31e6417cae9a3aaa4e834b38fe26d79323ee9865dd91b27febe02ce689fd99e9a267f1ad3bac8c4ca0a25aa87ee2b115ace6bc034d6a72eeee602151a633dbffa77899228b947ca784eb83b12ae504b4f4d231ee97e226fe1a5c03e6c620f465de91093a8f928792ef6437b36d6639204c1ef487b425cd42339c6162a3b10ece31d08beaeaff33bfab889144f94b9d97bf5bbf01bf817a541a7003d4ba1e4a5601f764757aeb263e80c594
1787460316.563076 fcc_derived_config RSSI spike: -43.0
  -> 255 25d6a6bc501b18f70e2ad1f1ba93229de41c7c6b9f3393f156fa034b1ff068a5b2f91999936025d9356902ca1cff0ccd769ad5990023de905bde95b7bd20009f6cc72a4fa149fef66f9234f0e5874d7f68aac88eea9f9419dbb572a54869eccaaaa11821699ffc7be8f92cd131a217b4583c999b0d70b6643f1619fdfb7c42c8fb8a34429e747ffce065bfd5779b23d8e2cb8ebfdc937c7311000b84df00fe3bc83fa372243a311cb66ac5004193bdc3900151c6a7aafda46c1e2aa2ed2ba5332f9633712c7b32c6cdd9e99c61b11300553ad95788c664f34bf4fdea4f9432a54e12a233b4b4ba713f0a21ab0fedf2f14d71e728d0cb8cc0b7f0b7e4cf2a81
1787460316.5632892 fcc_derived_config RSSI spike: -42.5
  -> 255 6e2dab9809f42c634d462a2a9abf92eb5f8dfd5162f19090ba258f38128ee55a024a339e26328397523ddde95157c63df9916a8b60ec98923fd3224d75c85dd9884e12881207c06fa46df4ebe2ef0bc23a20ee96fb43731623f86638ad7f32bf51ac7558e38fdb51ce2f10af9bdbd373c3e0b8b31a0c65f1e9e5ce86525a84ff5721f3cd9961175c80e6c354214854410e77be95c89e9e21ddc8faf26f27f0037473037eeba05a13386d98cb0cca0be5135d9ef841bf10426b6259753122f5c8367aaf3346262de2ba31ea4fe058dd314369370164ec11271799828bf9ab2a0a66b32464d6decfa6ccae314323206734fc08bfd824673502407ba7c1558c70
1787460316.563592 fcc_derived_config RSSI spike: -41.5
  -> 255 c5eb4a6d1871b409ea693051f3a79b0eac888b3cadb285caee7105f21cf89949b844c3bfcb93f07e8d2df56aaa9fb2c1d1165d5b7642e75082034a75cf1b9e1575343466f340140b8364f6bf63cb18cbe9eb41b079b2b2a4e3a8a132b13d844a8276df61b90f00cb81358e09075cca80a0899e641e21782c0d8f9de6708b9a01208d22ae8683eaac2aab08ca8ee6bb85693105e93d55b96dc6b4034943837a10d25cccbe2a98f866e9d7e60ec9d61235ad3a280f175419e5da6b113bdf5aa354a5e8ed72334cbd5469090a33a5920668fae9c8c6d48eb808fc76e2d70ba8e70e5ead3261848ce6aaa4dc3562f9874f7c850d7485ee8fab2fe3769f15395cf9
1787460316.5638888 fcc_derived_config RSSI spike: -41.5
  -> 255 ca2499ade72582af116b716bddecae7b5d3b3a3bd4db7b8e7e9f0535f72e3bf9875d8f4840bd6011fde5eaeb14fe95dca817c509cc961a6b6ca67e099287dc488c630fa21011ffb01f8cc30bab4d3031fa6657dcc322d4eb22fa1913e81ec6d128e4c669a759b1a131f0e3ab2185e68bf80c7779d8378a32e14462b867ce4e317717b3dc46bec990eee7ef42fc9999b8f46019118d3efeed03291cbf4a3d367bdaffa108e4c9495440fa8f0841ffd2a33c76ab38c7b6e653fa3cc7ca5fbc7b64512f9f1e206af32ef2b1f9b9c41b42b51dcc60c8462cbce554ad3c2e5630fda897723929d35beaa50b1ba4fec8c9834adfc26cab172452436945df6913bc9c
1787460316.564127 fcc_derived_config RSSI spike: -41.5
  -> 255 66c81188c2fe02df79a4b963a3237231379cb4240aafc8524ccc0f663939fbcf9e94f9ce99c94dd14b19c85bb31ae51d07031ff2f217b171e2a89e2cfe7994c96a8728397df00ce77425c3b6d8d18da58c2228e4cde8d5d7eeef211cc36a05b2664ce5728bf05e14d9b2b304e9e644d3c6b18fa1cb655f17217faca24611decc5ee85361f593403082292fbe5edb650cd235681e4db6bdd86fec30b0c870bfbe6e1003fc3f4a6cf5afaad16ec9a4c647255fe49b9e042bc1c6d6288659c9eff7f6e9308d6083a015ece1180b848ddc01c08d88becf8346d5d703915e10d31c46b00792e3f9f9a55deef31d3be64c39f8ed648690d7a622674c64ee191d35de
1787460316.5643678 fcc_derived_config RSSI spike: -41.5
  -> 255 14a0a216ceabeca0713ce42d132660bb7c0c268a4b313f9a6682925848de1c1e0a477c7e76f596f705fad6bdd2000312d6afd15116e0cd6b3c05380782d9e65f158c9ed3d3123f2b0bb3e256a744bb3163cab319b2c4db5004bf155db5302500255bca20203d27f9c2d62d92414c5769a8a76834275f61cccd576e238e76f422dcdb476d3c437c650b6a287c987d306e0590647924defee5fb994d7fcfb842e8e4122da29146f796395b15707d2ee4cc4cacb61032a4b354087e243692c172cd03848102d11b5515a656b0d95a16d1650bf06e432736ed25195dd433298b7ec7bacf607eef8839fc9aff363b076ac86ccacf30c17b587c9bfa50d99b977477
1787460316.564589 fcc_derived_config RSSI spike: -41.5
  -> 255 43acdb8391189ab5bdccfad463a0248d928f83945dd8929b21b4537d7513612ee25c248cd6cc5d5dac62713634522e65c3212ac948b72316597553d39ff1213ddb43246211d77b12c405380b790f809e84c8236208bd6d68da95b4887f9fcab1c25fb6b71f9c52c495314c331960651f60fe58fb06a9625ce35eee9aa67315c57f9f1e32deb3434a6171bc0332a7f390304d1d95494c15229965c0c5652cd40e39b77738521d78f511a158011b7ed86425f2d2557cbc921cda174b200c53a2bf4c4b3f2be79ccab160c07e13900ffd07f81c216bf40c1141e0dcb84b7dc68a2724999ad52a7943b4a18e9a0602e3a3a5aa8a7f493e4ab4ab0fe9ed3ba501e1
1787460316.5648608 fcc_derived_config RSSI spike: -41.5
  -> 255 a4d0563cad9e6c6309a3ca7aef0c03fef6c0c846e2eb69a8ea2a5e02ad4e32cf3850b9798478cb77e66911ed0c6366d07bf07e2be9e524b50772aa0bd1ca97e71a3e61ed9fd22b2ad361a4fad84d5a2a99f06d51371fbb25338c8dd653b64992c9d75b9e87a223974e7ec0860b87579567c761f58db3f55e67fc0f87ea609f1e81fd709de67c6a087958d9e4b03f0941e699abea4ebde6f84a4dd3a1596e9b0add2ca8ab5580b963371aa2a87459d757786af880f12a034645ce25060a17472de79b4ce39d899bf09a317a15285ee6cb3a84ed630a66bca329ca5b7f261f132b7256233e7a36aaef86740825d222d73e2a20ffb4821740014c42af5cd961d8
1787460316.565086 fcc_derived_config RSSI spike: -41.5
  -> 255 997c7ebb39ebd0da05c37baf53e1dd03fa97ecb54712d521f3ea4181c55c6fcc37020dddf1db54044578ed26f28ff9af115ba307086dabcfcec680b754ebf88307a4e0901fbd3133a6ab4890ad9afecffa4fb4facb659c236cd8fa492e4b781cfb834a2574cc51c259fd7cfbaed93414cab364a392a7297da1a06a42730957b901a343d633bce6373fe7cf05a1e6341be5d3ed8238fe496dd30a82c7d6045805d35920b0a1d48ac8e98a0e20f973e755a145fd934e927480a94ef6f3dabf1ff61e7438b6e308d8a5a17219320f454a71f8f84db0ab44dc689566803b6fecf4f6d2ff8435175d2d3f224e8d44d477171b1bd7ea2f8b9a9c773e47feff69350f
1787460316.56531 fcc_derived_config RSSI spike: -41.5
  -> 255 c6373aaee15f6c80dde851e412b2319c9fe3a667bf1eb4039ce5d81e2daaee76bbe72efef3b7338b46031845bfb6f339a4c3aee60455e1fb3ae320142ed65f05bf499f0cc5bd35bf4f12e61078f388ebc3e60da65b592d9eb740c9b64e332a4d4e438cf4f149a9f3747ceed387c02079e39a9de8b8dfae6c7d92f1ed4f16462e5c37fe7a7d4cdc0cc188e3691d66b1c1c9d6376f70a9932188d3b02b06fd6e7f6fd5f8ad9e63dca710cdff416e71d5b36ca32e3203764441ecbb75a3f6340ac07037ab830884c7f6aa0871f37910b275b06d49af3354c54be5880c88c54404692972ec36c64cc2f8a8e52541367be9e0a40505202084ba5753ea3650c9e9ed
1787460316.565543 fcc_derived_config RSSI spike: -41.5
  -> 255 d76a90393d808a94dd3286f0390253016d863fb1567d6cd5951478faa6b8e3f0277d807fb9f53efaa8f760cda30fb2e49395d82c7868e7ad5ea20bfcd5a4cf2109a759c1a1f8a4f7e0f195a1b69697e632ec846ea657458a834997ffb89dd410d3c615c4ea82c44de735f0187e7dd452491eb0375d7e244a57cc992c91974d164a7b7fc4d02efc036869cf8c2c963bc02dc50856ec7a029622c6e6ed545d30d4bc37a49aa0f0a114dd181049db74f56f1b1d14739e5321957b086dbb0d383a9e3bc0bf8a6bc5069e6371633f42b06852e918080e02039c2d7a295da5d24fc7c6f7bf52af76221ef94e6962bb136640061d7281a3346517d58150b2995a98b5
1787460316.56578 fcc_derived_config RSSI spike: -41.5
  -> 255 07cbe67a9986ec8bf5905efa37be83b5873e388ded725634eef20832d9c6396c8af3d4bf576134f597caab82a932c8f44437c22d0f71663300fba93a4856f959e8b24a608fcd36cc1356b492fad4a5af3533cc928d57e3ed78cb59e6a00c6ec5c0ac9fb6e01c6cb92543e1910bf73fa9fe0e854ad3213fe300df0332576eda40132f130b66c6b2f6c3bf40a1c3edbb615b23cfe0cb69307a9bb81e9e571e7995a93c32f80dd3895ed85fea89447bd346c46e302479bd4cffc0d9973d7de8382703b9991ed61e843b27100fcc796be21608ff1d85bfbe4a94b7dff4250633b62a13afa85e14c31cdd9467f0d6b2011b7080bc406016640743e72272badab183
1787460316.5660338 fcc_derived_config RSSI spike: -41.5
  -> 255 665b6ba629bf9309a2569357c0b2d15e925ea69aa2603ac7faa826191a4e22ab5b0f9b4ad07bdf302b1fd6029fe25c8254bacb54fa9ebd38f166cdaefd1afc79f9fe8f418a9a6174b949166f7c1d0b41c9965b1fa7d52110f67035aef2333ecf274913c2af97b12c8675b907ebe197495ef1b300667674e1713556f31cde9e8d3746ac2be3c5cd1bda515a620889dfd591576cf37905a367743e8e46a9cf904792d3ec1010121e66dbb534840faea73a4c2c3e0756d4e65ede83ecef6c9fa9c122b7509a170b051a76403b19737810990b06ff2ba6de8d07a72a8e95169e57da2d7fa3e9b29a6b617b41dd812ac9361b9372a06a7abeae17dd74e08122eaf2
1787460316.566271 fcc_derived_config RSSI spike: -41.5
  -> 255 c8b3bf179d8997fdea1fbfce2875a279cfdadf17b858205c471df291cae3de12aa7bca0fdfead07dee022c41bf4f4e29ece622870e6ea5df7b47705e692a620ea512b36c3afa753c8caccaf373941234cd7f7ee6b083b94b97f140c3bd33b2df8c1fe39aee7b865bf918736eb5311083fa6d3250697a3621f1337ff3591402dc524705a3e18537a946433ae0f70ac26993987c7d2643efb1dc676be774573c4f474c25b7005e5c4bbd9f6a1920b8de98ba64a4c25912b182f59842c16f400800ad693eb0a250b78a30df7f53143af264c08dc23435e8944efc48589dc8c006e6ee10e07a7b9c5d289ac2e7ed00407016bdfbcda5ba61832995297c31bebdaa
1787460316.5665228 fcc_derived_config RSSI spike: -41.5
  -> 255 7880f3cd801eedad85094a4f14a56096e18173c47dbbc77281dca7206730dcdcbf9fa62feeb85c6073b7632830a6d56495f4346ea15e6b674d45b40097773a5376c7b1b3009f7272195029444755effcf0f299a1873ef1db12ffc177f8a8178ead38e54a3debe58b09d08a8e94a31879969103c41352ec9b12108dcde783e8f4bf8ff8eb5fb7a4bf37fb4845d1b30c108e5517216be85f283faf5f0f6bd8e02b192a7c5e262ad162a2e1fdb27877f7823714aa30f8d373f936d567cdae794f53dc6ec43b2e7eb900b22f800e7ce1d5d6ec0bccab7a43021c3d10cea04af12eaf5c5b5d5ec3b1d7f6fb343c2a1d114c09d66abd02f2547660941a679d9f45c3
1787460316.5667892 fcc_derived_config RSSI spike: -41.5
  -> 255 b5e656380216479d9f076b17215c3e32c99240bef539e1197f8ed3dda770de55e5c2b2624af05c469dcb70961ff8b80f278b258b45b84ce95f8262e2ae63d3b0fd00396f5abfaf11403647147a17ca2f20c8b51042cb9f639d8764653a08da269ee7601a71dc658348c819c4360a42af0bcf15ac3c202d6350cc77bbce71a5214f37a7c5813fd51d31c6e2a70e327467f5f581faeb98ffd06217e62237145ec0141eb997cf55b68f8dbf7b381c17f23726835e68079b024ec01a70f07ee8595a71200711686c93999233a02645f94e93420d432129ef2b2b87869be7c88a74c1921bf6dd5098d55d5502b2a454d2a34974e835d872d35d5a29079a45592503
1787460316.567036 fcc_derived_config RSSI spike: -41.5
  -> 255 56691b8f9c3f83fa0e059ac63d4045cd71a2071c8d6284435f478e01cb235016c37a1df2230b72da255da5d2f018e6916311264b576e7aa195c205df69135a3945fe368c39538d137db9f15f5d640358ac04e3754e7ae3e3236ef5e3eb11eac978099835f237d66680bc01be5ffe1cfcd8f8b1e87a34216361e50f7660906bb9afab12caec0b65c80ae6e86b087719b926efbce13aead1a46260493838afa4e092071ecf6e774cf3e16ce03e88a97a736a2a333d98f9e89d85141ac480a2e930eb9fb823e5556159a64a1980fa4024026984c7cd1f80f16f739edbfce30e64a9abc97c9a80053d72058b6e62092fc3e05c287824fc091271c968aea4b3d872
1787460316.567303 fcc_derived_config RSSI spike: -41.5
  -> 255 3de037fbc2a576a084e3f9266417150254ee7bf3c36da0e60f71fc301dcf4ee4ef2daf641076962d5ea45a04321d06669d7a1d5544f59a54d185753289c2ddf6268bb7d9d236b7a677535e06131e5d56f7c426b951b0b6d3932f14908e074cd1f7862c5b11114b19b4a7a1e5bb965fb9b5bbf7a663d0679adcb8ba4cdd79b13ac210a92c6fffaaa13c073ec4a7c5dbc25e50e1f1be5fee9b27b60764590e0b3108299068b01d4c27abf46e56f1c4c81d851a09b7b5fd6c293ba21e98d4b080c49f03e8f202c75c6c654c4fa524cc7b148d0ab3d553e7dc949901f8453a16aa0293c9e63c374dd41c06d00e137112e60d5218c127d9837990a171ac9805ff4a
1787460316.5675352 fcc_derived_config RSSI spike: -41.5
  -> 255 33d3a6a9248f3223be111080b32b7b847b627797b02345997df9ebb264e3762f00ab78b866bd008b2f582fa9c1884ca3513407c08f7110fa400f9522a058b7109b6e91634d726f945779e961ab702f1447ba0abb0dba16a4ccf202e33348173660414bae5fe9555b73e9232aad72b0f023537e6f17d582803255ea56889f5c4c8128c3d747e136ecb4456967b3b8e74aa51321dcec212da09af26e3e1ba8a1bf39ee2ea9eea7fc8100dd895c53a50a0b8f1802512d842528aad55b00b5f6bb9a3337fcaadb0932fbdd7a8fd5959dda2b669778616ea7051c98b0b29488b146e01c9f9ca71c1e1a7b5012c37d634072b730fba1b5bcf15663f98307a77924e7
1787460316.5677838 fcc_derived_config RSSI spike: -41.5
  -> 255 8c88cd9fbf1f79d86cb647d4e140ee932c68c0e46fb8cae2b7a176f9ac0dab47380c9993d409569008498218f04ffbcb393a4536c315952b413228662afbb48da326646e9ecc026db62720da4bf29d5fbf1b8484f905a8f966168de02ca16142ccb7a097b00cf8eff3351d037a60cc75ef987c231ccd6c0973bbe7215fb92db272ec95f4cf5b60809279905fc227b0a9f7aff8e64e6ad01258fc15720282e10d882211e4b96753a279712148877a5ad77b9ba576c28a3aa26f9136e102767782e947491fd53528b188e6f551eec66d03c6f0160c47ee336f2d2f5897a62cd7d6cda3b916f842b95e577e7d5a8747b1359bec52a096382f40b62aa644ac49b2
1787460316.5680299 fcc_derived_config RSSI spike: -41.5
  -> 255 04f033e4936455b9309b2fa65b71fa6a98a9a9c00ddc205339ec740dffcd302ba9d4cb933c9b212d7e9168bc4745444839892dd37e8c7b055315a4bc55257accba2758bec4a65cfb72ee5a011de5e33e2076e6a8477fa8b470d47edaedb223d9e2645f156cdebf52dd34c659a0646246e67bf323c7e8ad749edfe6b1992c8b541edaccdcba409c13c3d2903bfe56f0f83a8470aa924c90cd3b6bfe606e718be827a8fd1e9d696161101e5983538cd12918e00d5fd45f1defecb88f569a9332b606f769f1a408c3fb74176920e45335e3e4facede62972c6f7c92891dd6887d8670c7f69c719fbf0fa44345a88d4ef838663862f99e029c0d3cbe95b173b534
1787460316.568295 fcc_derived_config RSSI spike: -41.5
  -> 255 5812c5593bbd08a69408f775d25dbc0e093664e0bc89dcd713b2c484803fe88b0778cd3b3c3785747a6ebaaea0e0de4e1c70732b378edd0498aabe28e498e109d16a7933d72f82c706c024608d85958e4201e30c37342e6929bc9c179db2d108b8a1f3032f0bd5f183c82f263cd433d025196806a11cfb9d900f01cd38ba758c7a45eb2571b23db6edb8388c4e8414a7ee6ac4ab95e1197b432ad5a0f28bec0df5ceebd8c0284c6509e4e0169d7d575e1fa8cd844cbecc21fd59c6e1f2ce8a2060f027b4b4c55f1a87fdcc228cb5dce4c3a6870afc78e93409cd77742b2115babb3ec7b317d7cdd53141eb5a5b7bdd3d0e84f762e8cd92b0b26c7a43037d06
1787460316.568521 fcc_derived_config RSSI spike: -41.5
  -> 255 6237f1d22c8244145956ae4470482bfe43059c0c82d59f172dde31cb35ac14ff141c03a764fb6ac00c81b8acdcf8d882983ee7724aff2a63877785f89eda8ccc0ba68671ec8c159ecd4dfb60a73bd451b1af0218d8e828a5b2cfc143ea05cfea64b859cb09bae9842992d67fcc3abfbc8e3288436a6f06c0d59baa612c751b2fe579bbba9f70faac0a59d6e1b0f6aa8cdeb0b8d31eabcbc1f2da47e517bf0dfa7789d50a2cab19528eb40c843d4e72c1a7b3adedf78435d7dc93809f10308af31a378539a2f8676295f117bc5781f6ae9130a656aa09f69bfa8096a3000c92766b09c54525502770b3efdc571f3f72ac8761726614a6d561b1043f2fee3a44
1787460316.5687659 fcc_derived_config RSSI spike: -41.5
  -> 255 3bc9b758f6799198b93e2e02ce9b732c151f503f9a3a196bf66144eb245936bc750ae1b1085ef8ef31ada998349ac13a5ca5291cf37488e843c5ff2d826a400a930f357ffd8dfa52e95df4983d95793ac8fbe68c502e723f0f7cafc67f135aa83255b8fa6dadeac8197f39b01bd5317a3711508be714f2be05b1e8be1b42e8cae4b3a86852829c38a66f0dc224c30c17cf61d9b1afb71cf0a8ed662caf30bcc73a3a678e07a0fd914c713ea7739b782b34581cb61d2d9908eeac844aaf3695681aeadb7c19c28bda7430dd5c40327780a8b16a98ed92f24bd797c284f8d41967c4d9a2c50d4440e45ab7f99819b31a8d5a10468e56f2118efbaf64eb425bc4
1787460316.5690172 fcc_derived_config RSSI spike: -41.5
  -> 255 edb3d4446c4e7128e17bf8584630a5cd2e7adfde3754ebcbc5add8cb8f2128401e31178b8b07b877ea1fb47e460632bd5c73a6697f66f626f3af679b81f870f18df69b0c58dacf3d24263e1082dff6bee3cc55666d7dd43faa4fa6cdb49b3bfd8f0ca9f1d7329e060db8aa1257997025375eb175a514bcc11d30d7146593c31870e753b5f8674b75639d5a7da5cff2dc030c3afb40e70e7cdd3f416665fa45760d43286a8cb4db504f8fc300912d46d628e9e410258346835b43770be3d5a811a80f41c1d045597d5ace5747d9ff425388904bc65e49325d26a5abdb5cb9c8f6016c2f828cad61e8281fdaa10bf482dd8e704025d7f39dba1772b7401e4e1e
1787460316.569269 fcc_derived_config RSSI spike: -41.5
  -> 255 353bbbe63cc33bc5f957381db6d9c62e52a15bf38f938afc3b0a10f253902ec332c2714506d3f459808271588b69a9368eb803168833320446cde2eac3ba9451c7874a5dd3b7351234e1dc8702cd8454f80375e14cab3ab70bbbcd62f699610ebb06e9d7792bfd450e0e0821f38aac331dc722bd4e94cd5141705e7218a0faac6df6de0d31536da08e8646442a6eeaef5f9eeb6f6da9dd7ee27f546dad94cb75bf2a90387dff76a5336badf236e53d773a74558f81d41b10e9ee7b22d0527e68ad2f20351b27e4ae5b46db968369fa616f413dd6948620fdbebd522c24ffacb6a87cfaeddda7a011186312c77dcc5a4cb303fc99f59649737c293f4b03cb48
1787460316.63159 fcc_derived_config RSSI spike: -43.0
  -> 255 3c0e888ec718d07ab04e54b229544ee41a5a4217194c1532caa1453400fe93142fffe7e835344b5b60517d914cd01d79e1f85441c55d9019ec78124e655fb028c1d37189119b98a4f47b55d00c8c68d36b6c2bebfdbae78e824257b1ee9f4b3c3bd45f3ac561d1f8450e01a67b98d41ef92af2caca582f27dc313d15891f87c70adcb9ef3431b485fe18dcbc8030d1802c9e54ad914aab8ae7edf58aa134686f85b0657f88cad901dc1e349c229966c0f824d45db33538a797dda7adc6e5f534470609c8efe4c2fa01bcdbb85f07ed57c422e6a29476cc0b8c75197bdfb96e0108ef2e9bb0d35d2f3d4ae1b7e6818729b4b38fc713819ff7b99725e60c6eb8
1787460316.631861 fcc_derived_config RSSI spike: -41.5
  -> 255 60abca8cc8deb79496d5125922c2bcbdce9bc8e7eeae2e101f661aa3e0a5bda5576924c81108c09533eb58ebdf4c0f81ff5a4b13ce27f116a004c2ae9e2a0e9f120d5558b25635ccbc7c3ee20018fdab5e0032433572f72d4b75705c4535b9d6cd75fd6c73e1958450bbfec16a40c278968ab3502cd461900886744a9b6d6ef4094b136d3c814705a7c97a0a5f015bff748af8f13552d8e93281be53cf43f5289bf0b5c60691e4da1040826fcaabacdd9036f1907ff040575c5e03cfdfc14f145de6534ff58bb15da7543adc12a0f285505906c4c423b6fa17eff128cf408fdd8d0a10d4b763c7b7d0a30cbd86b66ade710af71af5b62825d2cbc08bb6db44
1787460316.632065 fcc_derived_config RSSI spike: -41.5
  -> 255 672830e19cf58df90c7c28b4ab119b0f0b209a63a06ec1567f2511f869cc3d39db4feefec6d5b0ebc212f34bc9a8b94fd6157bbbb30e442fcfa781b4861f368c70de1b50af2f895a2a43d3f2b7a2a339bdf046096053ffe9f00d161c5c19082d656c693ea3dd535c923d0cffd828e223b72374eff08fad7181fd9a06645e6fd02a243ce6638038432fae6ac2a8621800968cb6a74890ae6fddd94001bbcd9513e85c3918ef5a0426db580f7db798afba9b28ae7f2e07b9acad495a71e2c50eadad8084966ccef7e7bc5bf4673d4ac5f93a89f7e610d6ff1e7a3afc70404856108b4a4147ede74aaa99d19604b7ed1d153d17392929c1100b1ef9c37a849401
1787460316.632294 fcc_derived_config RSSI spike: -41.5
  -> 255 89d7872a459a586faa328ced4826d76119e4fb1bbeaca644c69659ce4f756c35a41d89718b03998f02597c9a375652eb862f4b175a2e2670cdc6ce98589a320a936f13b72ee3bb167c1c553947c6a0f377d1bbe2aaa5ef9f0ac567a9bcd4b32240ed963890b3ea9a83e8224c26c62d5e177600a9acbb9ef26b6b41d7564a1145f92fa21430abc5469a5524afae6b7db0e406e0c907ad87332e2693f6ac33f8501dd957bec78b7117a633b77e5852bf8a666f05f3f5a361fb629ea2c8d1064e09ed674b9253095bfa8473596847deed565b38a2dc2ff21a453b96baddbb3336bcc8f8a22478e3131fc24d5909f0471544cc52aa349e4a04abd584f4afec0f35
1787460316.632531 fcc_derived_config RSSI spike: -41.5
  -> 255 25eb8cc6c550fea7593adcba9b6912df3a906ea5db43fe8e51f050032dbba04188f99d95a3b9367a8d5bc78b9b2e1a0d6c938c41ea6a6eb77bd9fcf1262b7531f95d2a0f8484b0da738cabfcbd32a2d5b430a6cb44e0c1da4955bdc23c01b14bb6447041211d7b70cb245fd3020bf52b70a57c585f29bcda1fcc65dcaccce6cecc027f1c33840ca4ad0896286f450e557ec25a480089eb42ffaba2400dd61894b495c321dbca686aeb911cf69d2cbc526cac03b862513b9ada61ddf609359162cab835e73699292e653c995b8c66f842131d3d2e354a73e4e1667715e36c7ff73d758bfb6d7029984212368956210f1ac5f894153af9b77e88b87a8c416c53
1787460316.6327722 fcc_derived_config RSSI spike: -41.5
  -> 255 3a462d611bcd45882347b7bbfa18f34369063f4d1b0340e9930b8670069b2fc706c4162c89866efd6a0c5bd2ba31c74a9faa2735c1cc8e2835463577f218949644028808a773ea9e011abe503e98aaea544410d90701401a80543c44885a3b5bf517c0def25e897a8a7ef809ce791004679c812254c1cf0accf0dbdf38bdaa6e0d83267d2b73cdbef1b7ea5a3bb014bbaa22498dbd1efbbed89a66289a6773066599dc969d9efeb64083b44e416c9e2a47e1c04f8c5b074550872f10720f6c0b253cf0a59333a966e1bddc57400af563fc2bc3ce713858b3a83843d11312dffde5e642b18f7fb4ee30caab4ef3959f670cd8982f410b2c9074b8abc35036e9
1787460316.633051 fcc_derived_config RSSI spike: -41.5
  -> 255 867117e5ca2a97ee9f493d92412a4585e8bf239e909ba8054149690b058d054ce5cd67495fcb708c175efd5bd01e212549c310ae9adb675549858a8b21645452255142eda12def3b7702d47c8ac73391e90e284b4c35d21aa42f58d33510f8f9ec38b515412a707f67a9adc07c5fe57be4e06e4a7002dba96e1e6adbd09df7daccf53d75c55ba35ee14f4404a2146e205d96655b3cefb95de19874c5cd2594f96add410d3a6daf0dfa342a5da6117d26ac4ca1bed756dc5517f9b356de9da27250e288b8bc2871ae341fffd2fc0c24dd2b7dd33fcb7c805c9a8b90ac5dc49f7b18c987b7b0f2c01e4ad59e70db7388564c9cfde9403fc9305333c33d836889
1787460316.6333241 fcc_derived_config RSSI spike: -41.5
  -> 255 fb7b721e76460de526725285ced42ef667197ceb31af8ce91db63254d7da356786fe12ef43b1061c13ce03942744321b0f64935ded48aa41af34de04b92a74aa3ae22ebc0f22998b8df88c73ca0a9a392499feaa4fe719a84579cce787c6f4ecc59938ed0d3ce084cd2b0834ad7772418a39c85a7493551ea4bcfa811cc1be3bcfe487891b835cfc46514e4549b6973f34fd3e2cc901140851b1f659f4bbb680b7262b004c551b565658dc35207cb2d45717cc1ed431441f147ecc8de788f61bc34efda1a9c4c62915af51b2744e887fc2bea1363a205744ea6c51ec8278d066d900073f5b00acf9f7c950c08214d801542c7d8f930e3f8bedf99aed21a8a2
1787460316.6335309 fcc_derived_config RSSI spike: -41.5
  -> 255 0bb670acff2d5b861e99567998956588003b56861a31b2b7fd6541d67f6e0ffb01e063eca05456c2f0643c20d42ae95d2a247a44a9b3b6e21d3878ac8a8d2d8fd8cb85135efa576392c966ee8fa7c0b9402682d14167deeba1fb8d2bfbccc33e1816d0a46fbd36bf754640bca804a588dad2338760b994a4089971315811cde82e51def67a32218ad5485c838ae5a1128aa077a5c685f1d0b6ab3227b83ec9b415bbc48695bc3f43357fa9fbbccf67646515c7d9deaf25f150103f56d3c0eeed1a1e3d06fba07510498e24b186147b0757480be9510d1f37282f41ad8977836c5e435c8c7ee5f693610ddd4ae839a3bea3758e41fcbecbe8761323867d539e
1787460316.633791 fcc_derived_config RSSI spike: -41.5
  -> 255 43a0edade1c1ea59fe28cddc6c759376d28319b15b5eaf20bbc2da69a754c1f011a1394efdc714e687f8f02b6c3ca634d080263c4ea29de3ff7db350f55c12a73372501d45f8cd5931acbd16914a692e7f29763e88163eb655c58b042c8350206a14a4ed6385091d784441597a75442b8aa0066339df659c970d3259c1b1c30504226b3f33184c6ecae2b321065c158748994cde941ce3d4d8ffdbc203f1e4ea5831553af20608c427853a26a09772a8659ae1a04a6f43d4834744bc2942654fbb637c6cc6ab6ffdd1867dc9e7e3b2a3be3eaf4499a39916343fd90d7c6ed63002b1a36d574c9be5c1f2ab65c97002d3ae2506eeb044f2d80a9cdc9d6d064c
1787460316.6340349 fcc_derived_config RSSI spike: -41.5
  -> 255 4aab99778f55b7f3f21c9dbc2723f11d5b0f74fd3079d026d72435cb39b2b916fbeb9b8a4cab78f89f94d750216b2e4ba4694d8ec70fab609ac4b0c29f843ec5ff12bfb03e26205319bae8dd254fce4cfb6dfda8195ebf5eafe3c216708d9fd4caebfd940c5537e07ba2f478d0ea3f8607d7e19ebcbfe3ab253f8f609a444a7ccb35b1176aa858c6b342ec4c64795fd50357d7a50bff1af609671763028b98e7c7f79ec48d0230912d519745e4a4c7cf8b84c147124bb79f5eb9cbd095e3a660e43d431ecd90da34cadcb35471a2af8113bd3795326d3ca2589c05943075def4e82654ed73912f225a637691ae0656ae7a71d53ed78e8d8caf5603d26a2ea3
1787460316.634284 fcc_derived_config RSSI spike: -41.5
  -> 255 4ead55bd7fa53dd21d0cfbb1b8a172500deeb5684663f69371a6780d583f91d17788180e318b433680e67391c1a5e44dda3895af4340529e1b96a8e3e9d1cf678191d4a1c425ae3e3b654eb781f9d80cff6a47e8f3f0a6792928e7059496b10ef2c94bf2090cefb1baf78c4e75195cd8db79e36f31a0581d86e3fca7fe161b8115f427a57877faed32ebba3d7d21e05d78ed8a0ed77f8bd8bcca2808202b1af70ce89cc7dc52ddeb5b250b97dd49f231352099f5903332b8208df3d7be65c9f76215c7dfade10eaac819a7749c79dff6d3683266c43ab447770bafe4750cec7527e9cbcfd4467c8225c8e9657b89bfe5815deed5847cb8a4fef19ed7f8c341
1787460316.634528 fcc_derived_config RSSI spike: -41.5
  -> 255 d9503a33cf1345aee52afd103f96ad898d0d647d307e304b40d21fc71949ed938d56b4e70dcc80e00890bf198cff044cd40dade0b8d4a2f29a5cd5735d818ddca803b8fb7752f0c085794781630e5c1363b8941aa33d7e1d299678ad65188212907f2d5b54634ae7fca2c91b298bd336d1da0249e9697f3a643633186d01a7228498b07f8a8710fa2e3d561f9a9a2e4dac35d92368e141ba13211850c575552189c91b47c778957c16083ec2f296950afda96c4086833ffeb820f90fb0111f5cddcf36f007f769f538c415e9028a99829d6314ecad9b9fee80c4a486d2823adf51138bb9034183a3ad0a714d058f238cd1a66694cf09570d5959892ef36288
1787460316.634794 fcc_derived_config RSSI spike: -41.5
  -> 255 e82b33df784ce62c247d2a37ea148c9e658c26cafd3ed822baee0c6c4c1549ce24c7bebf1f52244dad0bf9ddee78aafaeb22c249399146cec3f612d6435e1b915af52b2481beca03f9fa442db65b0d441b764e9ddc317eca2ac819bb05bf87e378345820508f2b71df1a72d409d6178bde49fcffa78c487071364044e67ddfadca45e0538182c2cab73682c338cd8990dc93839c80d5ff888f46ed045ceee3b56008e7a927fead57be669c4b6142559f0c0c5b0714a1cadd183a6c1132887b25c3ca15cff8acf9fcf0f2b3a206a0ded4a61db560c886ab45997c05320079dc3916611f38f32306fd2b27f5f3f7c4224af3bb9ab5f1a85bad1cabb079880b9e
1787460316.635023 fcc_derived_config RSSI spike: -41.5
  -> 255 76ddbdaf0269d9c996bfc46b06681f7ac3225055e9b0b0509a68a9949c04b0206590b77a1a7dfec04c2180614dce4d8b4c7449ef95937f46432f97909e0bc1ec451ddc6f9ab8b6b30540c753505538cf221d299ceb078c22333ae12e7782fb134cb6669a492645c7d57a641dad990010af7b183084bac0d3ee667bbb5cfc5fae017d83820640cc317be44a3eff558292a96fe6a47e0c085d768984370ab3157418ec1d33ea5d6b1498951bd60656322722ab036a6a750ebd1aff1c8c9ccfb3168bc906db4f06c5642bd47335f6d720bc5842ba84466484d37de658fff8c29e09eb3b7a01dc35c439dededdfcac34a242837b30fa7c4e7521056fddeebe2d63
1787460316.635253 fcc_derived_config RSSI spike: -41.5
  -> 255 e42a1ff817c9b0544a6b1a15fe5a41bd6362cb84d14069d287732a4b18bbf82011d1e4adce006ead0ed04b29a0701a1d30a0f5f2ad8aa5a6b693855edbab737d7efb2d0709c207dfef9085f82de3c671c81322292ba4ef74235743407c6fa48583b5d8ef3eff7ae98ceaa887a8a11c14fc952cc5a13875e91f437396151f044ce672362168e658651da445d832a95d2c5297abb4f89f4e1897c6487999380774338fafde1e536e65afd1278036c99dc1e8b27e2bc6dca7340ad88bca0d9f62e20f616d382eaa4650b434dcc7d9ae6ea66daaa7528cea91f3aedc97f4d9c38521e0834d626492678ea879c7c1ede0585d3a9461c7f7e2cf9fb2408128a99410
1787460316.635463 fcc_derived_config RSSI spike: -41.5
  -> 255 22e117ae27234adeab18e9489fa9721b8e5552fd2771a933a4f627ee5cbeed2f4e9a932e2b87f2584759123f3158a52029e6cdae5e4fca65acd8b00b9e1d1521c1d3408bdee04592f21f9ee2e82058eb8189c95b076348d0eb6a72b751554e6075e79d7ac236ea85b5a4624b472b53bfbb5755cae5f2d11608be777cf272ae3f763b1bcef8813e8de6761a1f9f21cc491a1208b90f6f5611f4b94e36c2653f296d21aefd8d04d111f295585f4e06cc6f7dfe11f0679cd0f9103b8f18ea0d66b401feb2758e3a1aee16107ff3a0733ca63ca5a7e5b2a94905fd529e37d7b31cf1535ac4191a47101d51d5fd788b6e48ba7e640719cb6e4b31d9fceac0e00f3e
1787460316.6357539 fcc_derived_config RSSI spike: -41.5
  -> 255 4382d5f53f3dd0cd64b2854ad324a11743993caf63e1c561d1f4b4b61e13f8247a772978875cb5fe894aa705f05a2d581f6de498f7557d479d18d8df7333c1d3e385dd0131a3e3f5939aa237526996f9c80252939581ffccc98828692451559787bff9f370c4763c7d341ff10c95a72fab20bb08c94907e185e0799410c442cc724979a79ba3a72ea7df104fae5319cc2925cf2fddfcc0ddce3d54f72d0c80be639e67991efa4f72a3e9614f37bc318448013dd5da8910bb16437ea2766225e94941fae44c77b73cd94e475378cdab798d1f02d3ab369ec3fce6036584e1e14fcc2511e0a117d2cb402d5eb331980aec36f8d1a0b3d544b8ec92d0d9d1716c
1787460316.6360111 fcc_derived_config RSSI spike: -41.5
  -> 255 28e065e4f2f32ed43c099b96a28d4508c0c410be0ea75eec2dd57c4ba09a5290e58394750df4f5e6b9474c2d76857b6af11555ada9904ab70812d7f419c15e0531d155e2681fb8089bdfebe3dd7606bb46e0d2caa44fba05d53c0268836fa7d07d8c0f0402aefb0fbbafa637ab8d3941bfab9a6ce9b02a1a4e41d11826cd4aa7523e35210e3c8833a55edc970acd005b229115b5ea8b0e4283382327ba932f1a1fc2027c5cbc54fce273d938a83d4f9693091472a04a950549097b37cea356d3ad3064b563dae933f90b8de7c920ecdbe0fb27f35c8940c73635aa0fee7ac832bf8083742fab28115fed0e2c7960d52fc647b8e34f1d21b9c22b9199297e21
1787460316.6362529 fcc_derived_config RSSI spike: -41.5
  -> 255 55555a723a722788d033dc6003a001e00249600701a2dfac1077f9c9099cf6689e06fbd2b17e0b4365cb6ded27afa33d806f61d446ce218f0770021e9e214932b35cca363be08e6e2f6b6c43d2abffffffffce474e445800492c00e0345bf51a067b8c0074003df4aefefe0f8c246e6586e67cf35687fd101ededafe4a8c47b7e247ff64c25c3b17c7c50616c134cc979d679cdece96d660ffa1804b9b626115494a8abf5d48ddb758c086fb2f046831052c22c722d41be639aeefbfbf38a476fb37147e85cc0fc433b57cd391c1739e223e73c200a36132167b1708998c87d72d7169675cea5f945dcfa3ee204bbad06de0a5491a3050b0ca77d7e96e0e07
1787460316.636492 fcc_derived_config RSSI spike: -41.5
  -> 255 e591c14d2a61c5472117e8db99c04950a645b15b80f2135c7a0b25fd2016c65ef43ef1256e73e3a3cb50c8746ca98d3380432de2950178e75e0cdc77c8f5d605fa251a5281f0190bd07efa0c1a43f6d87d88338aef55348ee474c57323999eb63e0bae1d052342342016688c8149cb2efffaaaaad391d3913c00124b00380d16fd46819ee3001d000f7da3b09a8469f97855f4f8a247179dd665bddb23acad2ba81dec61b32c3021c48b49bd096d766e1f2122e54b2cc9d73f9d6e78d01f2d092f409d7c9a91915090f92ab9a79d1416e81ee47c1741e164df30d80000000aad391d3911646819ee3001d000f00124b00380d16fd600bb0950de429a07ae2a
1787460316.636769 fcc_derived_config RSSI spike: -41.5
  -> 255 49d50f3bb2a2ee11a54e3c5c43da7b8364d6be6ecf5a999a76f02f5971b5f317462b054d2de9eba67c8ac4bd409ad48f194f490bacff57ee06df7c8c70759b2f9d85529e9922be249dae9f96607586e00dbc551d23804082acd502345921e7467da7dd264f28d8ca0084c54e637f2b19cb9b5c15311e5ee00b44b53b40880ae87399c72e03e361d6d4777bf23a85e6b5873af993dc62fb4b60611c79fa542b715604630fce97f14cea56d78aca3b6306ff82ddd27c84c636c1fb84939017acd8d5fa3e597eb6eea4e4cc92f0b8edb649b70646953127b1a399ad389400ce1de686a19bfd961876394f720ca51ac97956528b9b253aa0d96085e2d8dc0f8cd6
1787460316.637027 fcc_derived_config RSSI spike: -41.5
  -> 255 abd2b11016f40c536ba401b23b871f4da1674d30b0e877193bb90cf1bbde40eb095f2f2ffa7ba2ab9413a28525b6a322582847018a0298bf62fb4f0539d7affe3fa3ad579d8f24bfb8e69960ffd6bc617f15197d341dffda8489d1f992fe968a1e6badb1bb63988aa710bfcd06eb0b71e0bc16bce6969880aee2827bf9c3f286b2932b8eb7a0a9e77933524e816ae7a04e056ab86d7284bbbd0a5db7e585bd8c0cb1c03afc2df98e2dccb57474dd8001821a4e6cf59e46bf4ce4c099dee0a6175efb3ecd4bb246f1f38832b0d581fd8d8deeea6eb2b086d668e65ebfd1e57c02c8a6c5eceae75a2385189957f787b063c1965973bb8fd39554ed5470940764
1787460316.6372921 fcc_derived_config RSSI spike: -41.5
  -> 255 01da38a635709e94984ed8ad3f2567fedc653d9f3c3a2cd6d197263d63e58574c13047a92842c60b4cb03202482e87fe34abff3670ac2b72973326eae762c41c9aaaa288df5d77958608ccabae7fccdd0c2acb4e93278d9df769ed0ded6ed7f30bc34d57214670e26b5522192c31f5798ca1444a9047caeb7343195f9fa4232ec07e54d82ac4385af084ed1203efe8120b5d39e5e5d7a1df75c9b3f535e3438ebdd6e0911af990be0bf5ebdea362d4c9caf639664c493d616c1203d4f0b18728014030b810ce1f9029753e501070c5150eabd75466de0afce1917bbdfcc226bdf3d775f1e95fe21b210d53f26831e5124b0d84e4604ff49c55ccf1953b3a19
1787460316.6375759 fcc_derived_config RSSI spike: -41.5
  -> 255 fbc311aed03e42c8bca6a45ae373adbaa2db9eec153dce78d0d957044b80ce8e23bba6eba2cc381f27cbd62be28ce42f60ca1b372e90030cd4239c6930e56cafbc6a74ab3813172c1d2e2f94e8db4a17862ee0b06b790240bdd7fdb981d784253ec1b04e40976aeabd4417efdda5edaf998a29cb45b46d6af82e7ec7dc1223a13b547a06303c15d9614183dd3f489ab2bdb171de840cb9e6740c245baf43563cc48f990c2286a774f853ad933ceef3e0fc901b7b1c738b07982bd5d7d3b4cf0acfacc8b64c84ce31634cbe6fa7518c56b17ad09e2b36084f585e949925fc2660378d41bdfa17c373e0e2a312b368c9311195a40c51a210cd2785ea25640b20
1787460316.637899 fcc_derived_config RSSI spike: -41.5
  -> 255 73dd1c60c850355c4c8411fa17be53efbacecab50367f2b2a5e5aa218982f9a8d8c23889877480c46e7260de34c6174f35570957c9b16cc4d99abad5ff4bccfa317a4b6566806479961d98515d5869664fa34b66d2b8f97b7732b3017f885a5743365f27cbec0ea6747552149524c6ec7576e54a74c1671aa3a11d2410bdce2a35ee02b89273b26e6ff97fc256dc90ac4b1a2da816b7d138121a3dcb4789cb626289919ff86a1bc3f3f62b8d990d165ca013c41b5bd34b15c2b4bc8e99efb2342e26fabee6bc0f577fb82759ed57ed35da9f6ecf9586d9fc16858972f1edd967a4dbfdc324a5e28fe486ac04e9acef9de24aeb5dc0cd1d1724d05b59e267a3
1787460316.63816 fcc_derived_config RSSI spike: -41.5
  -> 255 52ac74147b54099b7be5f58020aff04fc1339ee7facc93817dbd8fd918332b5bec1410eed8e443e26bbfd876a69d05af44f24f3cd64e3a23db30cd4115fcb66ceac057ed5809037e6772a5524d32768be367c9539c744986f98259ef942d8ddfadc5694dcad760df0b6d98ced1cec917dbc26eb63d4c4c7b975342a344f1483e3c2c9683ed99e51080542281b27f31e27cd0db38ef3eaa2edd422bbaeb8167013710ed313f500c5c02c9c06ef73d5dfdae8f9d6de8d5d066371319d3469a6971d4eacea5f130d36835e56d01e0d044ff1a52c3458af0d9b174805c5bbf3b263b7a72a0f4c7f82fa20d91817576727c9a1a97b281c4cf008372438e22f4ec0e
1787460316.638386 fcc_derived_config RSSI spike: -41.5
  -> 255 5d7ecd64afc8e8cd223fec70fcb9c6a6843236bb4832b18e01e76f075d90d353277d02dcb177dd42dfdf55f5b474cf14898f9b7bb7073ef1d29f4967e41ea08774dce66e2003617cbdd12c46d4fea9fa929bbe6abad7431b17f55f9cdb5c8ca1364a80ab1420508982972a06b09795971646dbc5d25148ce693f77a9bcb7c230fc3045e076754114a2f1230e5641d73702be58efc9f8c01ae3a3ebe91d46c7f8a4206755cf71e6f26fd3da1bdf1fdf0ed771a506a289301f1cd815ee06b88b40aa055527d3400d9d2de9e54fa5aa81ae24cb50cb6ba56c53e79c2602325bedbf83e9d8e8ac9e73df9a3f2cfdc97e3eb1e49809546ec173d90eff2adb57e82e
1787460316.638617 fcc_derived_config RSSI spike: -41.5
  -> 255 3dea9deea15ea5473ed657e30b5f091ff0d91fa2c4fec8d049bd04deab178a51093adfe341bd05867616b331d7574a8f4ecba0497c806503a3c60f6b08c76535951e61376f5f2a15bbbfb40f65475a9407cb70f153796072cf812ad67668c1e8022a091fe95b45d293557bff15a11164dc2a1631a8194289fe1f3791c05937a02b6cc25e2cea74720435f0718d1b19278d2dc89c8f2c99cced3c7a9f4d8f44eb1ed63b636266d09190d97af5ab94d7395216b017f640dcb6f5274c94e0b5324880c7ffe4a677970fd32dbd9a49545013974ff5a4815d20b10a511e3ff6d7f68efa5ae40e3883390aa1ca947809c84347d5267dd4b173ac91669f9c5f4dbae8
1787460316.638886 fcc_derived_config RSSI spike: -41.5
  -> 255 4bdfabb168cc53cff34096b943997b2e578973cab05ca01ffacd23764a00182dfeb97901767de93eaef2ead7367be925f6cd5dff096d4b06424842a8a9f33e66d95a320f0f05fedb802b8dca0f172c0b8c27ee6a5db6481aaf1f69e78a1dae00d88de61d3a125a11543232135bf31fb0b7506533ad6f956f5f7f8edad81ab5fecc90f9bf90562ff04dd663609d92bd528d0098563f53b410312d198c816092ae9f6ba8bf8d9464338125789ddc15eec2c1338b8a980e885f91bd6c4514f409bca8330841e71e1a26ca2ea2daa01df247da11ce11f67090ca4fc4dc451b3c47d75ed9b6860127683ff12d4a06289e84e74d4fbee483d99981b5f70d31eb368a
1787460316.639152 fcc_derived_config RSSI spike: -41.5
  -> 255 17e44fb9f1480655c0fab406e2a3f25abeaf7fde1a95b2a97c3ba6ce8ba60ce7126ae8b49844fb3e8b62a1f9289f79794e601428c2ab9882999477f9391ef87461ef477f0e25b7ab699693bda7cc5fffc49219e29a5c7c3e0195a59edc6f4f57d1dd5fbbbde60bd4c3fef3ee85f912b46fb5a9009a25cada882ee234b2c86874ba4e412fc73a58706ec45aab8a1dfdb0dc53cfb3874adadf2c638b5c2dc79c113a04d5a427a60b80f0b723c082ccc19a38084525158bab7dda3e8c5701e103e09b914b85f74034a60e39812ecdc63dfee7a63644745a73bec2fa9ddf681e8a56ec8778eb4410fcfa445fc73f904b3bb2e414d45b972e47d199e66624be2f3b
1787460316.6393652 fcc_derived_config RSSI spike: -41.5
  -> 255 128e4b60d4c5cff65a0fa4fc5e6132cd22aaeaa71513688bb0cb5f17c3b3cb300f3f3b68c2db12d907007a1d405f13261191efde6be21be8da33d78e099531f2c9f39057ccf54457112b08c8d532631d1b952583b93140b976e89b9d271a2605c2fbda4965c8d2ed929411981c70beaab5145b33cb550f6458007aace8e373c00eee673e19392fb4370256bc992373c7092d19134867e58d061f7799bb2cd2527659f3b60ffaae4958a8d47c1aa2469bb3fd7ba86c41165bd506a12f1bc86ce2124ad026c4ff720b16750de2966c14eb381a9762074878cade7eb50d6919770128ab6411a20d9ee1aa36f35fc6f062e8c79b3252b1ed8915ae6dd8ab984593
1787460316.639585 fcc_derived_config RSSI spike: -41.5
  -> 255 16ac64c330f59ca0018bf40a23a53693cf5502f2c3f822dc4a8ef53b56e2b21f580e60228002e75704118f04f264d6478073c05d1e7cbd167f643a5debd86a7a9a23f0f8d02ef2786516e08b6dc747fec9f6260f542e8ea21f38eee6b282821e95673d7e405c248f54c43a6e3d802ef1ecfb8a74c09f587ebacfcf48db53539af514bcd774ad5546fe3edfe2102d238209e582aebeb161ad76dfa332882f165e99f3125498a46d57b7b01c6c09bf0a4393454a4ab33291486871a9cb9f79f10c72e7eb28a612aba603308ab1ece1537b00359442ca439f8b82cfeb8a15b1111898643b455301aaa8364d03b038d464192e7a6c47039551d9e301163170b831
1787460316.639866 fcc_derived_config RSSI spike: -41.5
  -> 255 36802d55df321b99ca8f4eb5a240f986875116592de001a57e66ddde4aaecd98f6045e456a1a6d2ff0ea16b06c77395a8f4562263fca599d6eeb92e78757ffcfc1790d05ebc0968231ce7f199bb2d12c72754c0e92e231668129af28a4aad6abd288c175c9ec41febdfe2cc384a7ed6f98484d5c95d2cf92e15076e4a5686a5c43c621e2405cc5ca3cda3ec5b9a391b644190e21ff6fb38a373838f1d4ea1c045ce4ad44cbf79767e7068e1b174a65050169f62aa5808fb5dc6551b24e656f529b83803a7661e51455974c6ed8f29c8bed9f4dfed599b8f77100ec2f9ab4e37eaa9ae8aa2f7a329894ee1ec7fdfa5cfe6f98f3d8519f9c57832cf861b9b481
1787460316.6401439 fcc_derived_config RSSI spike: -41.5
  -> 255 369635575b1af031412daf761e67cb14fe94ec4516cfdd1b4283babb84f726b353bbc07a1bdb7f6f23e019627ae9daa2c38eecaaffa2ee40d25fdff3e07b9f2d233d13ee22bc4d2b907eb8cb4d846c6fb7ed4056ce1181d2a712cc3818a8dc4253c68744778bb064f05bdc74ac70694d4030ee16fba846d0fda4aeefaaa1e109eb8bb40af2d9f46174adc220a397d18d5f539f72838ff0e21fd4a4b04e467ea57f379dfe39ccb5358347f47dfb002ed1cc947b9b4f5ea0ed71bf5daf484c4c03ccd23b468845a3dd6983063f5367ffce26e8cb1486bd50816a2acf5bec20bc85dbcda696f1d1fbb5ac92b2ce42a1f0c14c4f71097f51ef63b6854e56a2f384
1787460316.640367 fcc_derived_config RSSI spike: -41.5
  -> 255 9dbf465aac68db97ca155e025e714c8cb82ef6e41b6f088efbb5c7b6757080d25ae9eb13aaec6523d5e326a902906ba05f79eaccde8427d56799fe468237f1428ce73197def61c1ab07ee28a10632e1ff7ae1347b2f714169a96a162451506efd5e3fa828179d1a8411501432aa2034802147c6d83732434ecb4f01d6e3b98e15e85a8bf40158047ab05fa0b9e0260acec141ace6bcdaf2124d47388545edf3bea8189b3205fdcd38354e4183a6e8ade72cf440f5602b96254d0530f4ff77917977a12e6860722fe29d9c78144f5eb6a6de7ea2026af38157bfb33a14a8d2eb71334a5a4904a67a4d1c7025022ec3dc0ebe1223365b69b9735a492fafd873c
1787460316.640618 fcc_derived_config RSSI spike: -41.5
  -> 255 20ca62b3157973b977081b8705aa030ffce33bbbbf68db51821d44d34d1e963ee5781af8885523355a3712717cdab7c8e0be06137a5c56f90f3a9e9290c0b68fdcd7ae631d676ad44dead3b7efdd3932d102a89d95e7e50499910668d0e6db7f612811482c672e2e6ad606c721c97fa6b819990f3c8520b9e4464c1d1af6cc54d95aa8b709f680c20eab52efea8deb3b83427cb7718d3a662ca4d4c51098fce3cdce6d229e46fb45813ca65bcca52baa6b1cfafb928a45a295cbd25748901e85adfdc752b6754fcd788f769038b0f3fbe26023df27b488ab02f6ce9a973a24e08c79e8369d65d9901715714b825746eaede6e184414c624e55d2e51112688f
1787460316.6408901 fcc_derived_config RSSI spike: -41.5
  -> 255 7bc2bbb2651df9c72a51756b8f19181d5ad5b39263ac8af8bf5d30c1d279629cac4547371dd6074aa87e396db3de65b065aeeccea744d34aa53c204ad0dfaceb90a6fe254d8f302a61faf72bbf7c96cadfa2ece6fafe91ad87d9dd42f00db3fc123ed8bbeedbce467ef2efd7f44081ea3bc0b474a1f9ffdf5d3e853d3bce81a1a283e8ea5d87591d72f85dbaf18ed93fd3c12e937863f5d5c91cc7215a4c307d66d8736bdcce3152d54bcb84353a2c38823ed8f0271a73216318713284f40a7a76786edb0d08536c2c368f8d8bb5d23c86e863171f52c52b4a2dd82b1dae8613849654099e60fb1cfa052bdbf7c18a8bbaa3af516eee78eb2a4ad4d7737b6c
1787460316.641119 fcc_derived_config RSSI spike: -41.5
  -> 255 591be81def772c947a4d5b9b8730307e2039ab86385940536a91907fab3a161786ab9565dacb3c31b20e9626cae620f20343e623cf68954b2aa4b2009cb3f43b6c2469079ff1d30e23e7bb0fbfe850fccaf8ac7f88a7aac2869970da236dc4f3b6078b0414eb0b3747a89208a8002772856a2a41425590b1d630bc0bc44b8beb76701b4f3a4718e9c0f267d38fbf6283a7fc0efbaa9dfc316d3eab4960cf4d80df71ae2a7cf139b93f46c0d8909cfb190014c024bae36573a1904014d95ad7a8d765731a3681d4f4cb886d169d762287ed503da41b9b56dd96fe351538f7af0ba8399b0a3a6924e7c3b42d1aa0f9ad59f8bdb25442729abb675d378de0f2b9
1787460316.641385 fcc_derived_config RSSI spike: -41.5
  -> 255 d3b0187d5abba4a57a102d8adff89463d3f387415322fcb6ba0edcfc24af21f8abf08d7e82ea4cb5233586e46129ae285035d3aa92dc8f66c71c4d390ec580ee37501da2867d99c4e1e9c4799461fa0cadb3636ee3a8a933b75a9eef9d9bbfd5f93243f8dfe50625b7b5a0d56ebf3724f1b7f6a076d27fd8a53c27d84bf8ddc52f465faa3b533fc10e771bcf287c8179c479f696922a38bf07c7e5874ce3de1a21af60e6faaf247bde7d9f574efeb4b5728676e34ad98711f4529c4fce7d4292ccc3b8a72ee41f2b82ea8b6ca3cab830d0edf80a8946ad0983fdc3b3c1bd67ac73012bfa86f20a5150f4f81ef07fcdce94bb99f6324e28cdfc6b158540c419
1787460316.6416728 fcc_derived_config RSSI spike: -41.5
  -> 255 f7e3020214eb684de7d14b412ae275e19fd09b2780682ac81826adc5088f70e7c8cbd59f909f8fcf76ff87121a6761ce816d74efcb19e9b875bfb95e763c6f23810851fb65f191320c41ab78acac0ea8ffd1cb55df07f83946d162a3d2b2e6cc4a2543bbfa090b66c707d4980a7e4d3ef79f63a319b730d6df3a5c3579edd95556ea9aa56e2bed5bafeb50e22fbb097b07b48c7f4769ce58c0baebbd7145c51ebe6d46e008226380332fc73b74f0061ee3c2551a4fdd43a37afde0eaef4794a3bb5960983f13759795bb5e8001cd369f780f7c5b9e5de93181bd9d0e69cc228ded9f643ead3ce97c9afd8632ae7788c99e587364a8e85f0c050a37a5839190
1787460316.6418948 fcc_derived_config RSSI spike: -41.5
  -> 255 16c127cf078023bce162961c5ea182e7bf15f02cbf194f3fbebd3c568217ae5477cac52b6976d142dc315e057e8be101cfd89e49e27dbe67812ef4c10b101fdebc16cbd9ee5ae013c2cf50adebcc77505302c87b28e80b248fa995468fe6a1989d021a52ce88d1d4d1cec292ad8f6f666e9213f2e1c1ae4ce50e352ab90e0c805c5e2b606227c4ffa536c97f17d62bf1bafb9cc72737f50579c7a9203b6898b0c58d15e15e70127339654b85204d505e12f19d41d9f5ef5fafbb75e0b531da35d523f18cb2a68de836dd4fd47e47b9f3885e5df440b77e4f562ed8b9d2738b2da55542d38220664aa1f116191f793563902415d751c6091136b9df999b141a
1787460316.642142 fcc_derived_config RSSI spike: -41.5
  -> 255 3c1757a81e82e996df8b138e8e61b36aac9cd9062b3e55c4864c4dd63ff54573fbf843bae3783013b9f1a45feb7b3ecef87d90d2b82b242eacff8c1ae0b8240895b7f16dc9fad507dc198c3481b4a9eed6f3449116296ce2137cbbf1b10851ca8e8744543b669d54a218c0c68159ee9cf18dc4fabe1c0536cf104028c0f8cd3f92fc527789b57b750ce29280e07a69242b6dd4ba377a76a5f7fd3e7db567ddaefc759e356a22d934b8418748e6cb07bef62780da8ece4e9093f9a4e5cb024c5fadc57d61eee3fe8d8acaf4304b93d61aebb74ab2421d7dd226fdabdfbeed16c394ba1a95640a1e04859d611d0b1bf4f8989307ce305895c4cef292266c2405
1787460316.6423712 fcc_derived_config RSSI spike: -41.5
  -> 255 cfcf4818306b8cbd97c2f43c598dad11c9d745a9ef474f21dbfb16c634d9851a8dc276a31ed410d5d670327ff7c3effca1d8a2bb4b91ff3584d0cbda3be11b04a46054569099ce1aa25d106b9ad0b70a638bbd5adcfbabbeecb3b5807f9358369cd1b46dd4ee215593d56ce35837ff751f4d5b20b8aa5273e596fc5925f5febd05a3da3b38ff29c2f70cb9ab1ceed0a309aa4d53ab0f6a7cc557ffd2d325c59480a40802990ad8b33fb5f46ae09142f5faaad40ed0b2e95b673b2f2d9174f0e6912008e0604b29ba98ee6d1233cb25f3002174f6fca27fdd94d8269330c41127856a78629adc0776edae43bf3117b89009f517261d31ab66555248022e6819
1787460316.642615 fcc_derived_config RSSI spike: -41.5
  -> 255 55794a959a7d249fe78b2dd1a3bb8b13380a3a24662091c47d30ca6053222ecf4b37004541be20fb67571e08ed50d6a9901a77af21c471a9bd17557803c29e32f787f01550401ce66ddf243ff3e65cece4c4e8b6e35cc6bc6f7ddf75e555819c3414b0ef3c1546b870857ee9c91311e9d5202d040775402f5c90bed63c8360f02bcc388c1a2446c3f89cc60164d8bcd261e30424f85965de7922bf8e720982c3892c5e6fc8ecdd612517ef63210adbe5551f81e0b95be55bcd055898e941c3db5d0c4d9b3f89af8372ac6bf3776c4bb00d2345324a021966bf09e838559a0c7775977336f4c1e0ad74629b293aca6d272cd56c575258100283a617a68309ed
1787460316.6428878 fcc_derived_config RSSI spike: -41.5
  -> 255 dba08837cbc928aa65cfc334ff0a403368e823156c0685b9b616a3064ef732acdfd83c2b4e6984eeef69f334fcad27cb263f40822917cfb639747b8f071ceace92af8696a1ddb7094595a8ee7f8cfc4bb818bc30cd3d54b0ef3ce5bc1204bf09123592e39c6cbff5345054223313f99dda3ec66de23a9f1f9d85ff7234c67cbab7f766fb98e3ee29c2604436d1c5cbf5ad97843097b25c92ae0cdcc948449f4595a90d2e6a4eb194d21e48a06e03067a19c831a55d63e5ff07fb4430d743c5ef1b39d3a4e627c15fa54b5eb244df62baee292cbd660dd8e738d6614cf5bbd2ee2d4c53db52e1edd6dbb2a5c03458e11d0df7568b68d8d1b7023401b1d73936
1787460316.643136 fcc_derived_config RSSI spike: -41.5
  -> 255 8598ba5bc2c5ccf0cbeaacc73af33e6c56f5eaca9010d00c7264000449291ca71af39148006527c4cd1030f55282f1e8664220a6f9897f08e426c5d048d035b62a28763ea4ca071c97d268f3c9766dd91bc92b8e92e3d928f409da144c010a6ee43d43601d3698e9c8564a6757cc5ee897279147a101591624340928151e8acb76dcdc7f291d289c0ff10061c6d36753d3e32ef278304358a6de1ba3ea20f2f4ecb11b5a78c2846f27ed321b2b0e9cf60f487d0ec31ecdf955eb67d58e5d107f667e80c5d30f6d614acfba6a0e93c0363a95a0077c47dd3fad2ec6420611d19cc121bfc67347e797ec8bf8aa6bcbbb028cd1fac3e8619a39f9f019ca809952
1787460316.6433668 fcc_derived_config RSSI spike: -41.5
  -> 255 f0901f905164588e5eefb57d2352c13cdf24ef0a9b0415fdbb908e8e6b75dce87d482b0c8cd45719e314231041602faaa75789a5e0789021d4addc1e73044edd6a1c21284216a260f83838cd81df79e47232a7c77cdd92ca4fd46c0fbecc416978e651252ecb1337dccd3dd9af9ce05de4c6a2667143cc7cba5e764690f5dfc37ba27bd751cec4913d99624c004a3aaa5c4e7ed83e872aefd286aa51485bb5b2539bdf761e6cb7d1e52c60f557d257f481c1fc2346d43cfe1a886a741de997541ebdbd5a9edb82c503b08377c9cfb2f05f806f9c7d9646cd43b249962b7d8c20306f8734afccff68f24308736f2a39b5a8a3db547e34bdef87dfc928517325
1787460316.643604 fcc_derived_config RSSI spike: -41.5
  -> 255 2f9f07d86c33de2331da0c2dfe05726b63285388603453fc98e3a0460ebf81fb178016e006ab5ee91cf7f0d6f12cfde0303d6923706c3d7b24cad51c81767bfc1a9ef6921083f784438890b29ca96b9e580e0f7686a58e5f626b46bb72933f6cbbf21567e9ea1eec9d40125026dba3db8681882270ad242a95d41566f780a5f81f0d3c65a6a83da3bf0ca2aa3f4fa798bafd0d038ac38dbaf163e7ac14dfc9c3870a1ca76c106b4929a5e3c0c2ab89e3ae775ac534f54976ede3ef3aef4f08be279b9b5a7213516f9f839fa6d8e9197c2056214436007e65c6de0758d2b44fdc7556fd53c2cfd8779a462e6ecc8b50a51850776f07e4d72efa002f5b82d39e
1787460316.643884 fcc_derived_config RSSI spike: -41.5
  -> 255 e93a2dba621f5dae24839938af55c82f128df94992504d539c5ed77d4d7bee37614aed211b30b4c8a5d20420059e14ea89e0c73a761317771ee6b624817e3ddec88563d2c74334d40f3b8c8c374ffa5c8d8dce2687920defe49189bab13e92ba56d3eb5847c4d12f665019e283650789328362e22002dcca9a53cb071ab15e849c926261587e9fdf3eba9905af19563f22e08c7930324313742072890a5a0fc5f6a23195647c439a6d9ad16d91db7765435e2935b1a1058206173a3c4d2395208e2fd8f84ac350157436b2c31923bf43666996569316da95dc60f0fe8f7b7cf6e6fe4e09e7620ff48803d66105723854453d8a8ce6627e8b75dad3e0055713
1787460316.644146 fcc_derived_config RSSI spike: -41.5
  -> 255 7c710a645b70fa9561e9fe7bee5fa8db5ecd12ca14b68c112d4cec8ad44a5fc3dfd7cd4a41a2dacb6d51210f09e791f4bb4ce1559cf4d6e1aa4bc5903c184577075ee29e51537f383c9145c66b33b28927d878dfd48658e259c338742f4349fa907fa1102ed2148f6144a958796903dfd7ff7b8f1149ee857cfdcaacb3a9a76760ea321c897de164fd371fccc223a6d41465b5a594d44f387b8db71eb0cba24a1f9beb9fbd6584644a198aff3296aac557cdd38331cc88c78e37b768d07780a3dcc6abf587435f53894db006a523c899ad46dad867ad06e8f0c4b5727907f7fdba66ff071a9fd6564991d4ec14c2034238b17e26d64f24c4f24925224f0bf3
1787460316.644386 fcc_derived_config RSSI spike: -41.5
  -> 255 e3210c956aeb43dd148286c39ecbb0e410ec4d6764b7b41460851803204813bcc746a8a699b49864a3e1a6e4b1291d0421dcf3eb3d2f8a7c7a94cc71f3b9e5c48c1b4a212a9072701c71fe09b3ea43f643766616c4224936a05092c02674fd4e0a95edd4499953938b9246216eb01ed9e54b2ef51f2a1a9264d000ac8515713c50c347362e2f81d7c1a95f4422510fd80679c8898c839c4c1a962dfb4672a676fbba34f029dd7046574f6e7e964e9cf95fe2a03e5c45a537bb05de2043ca5b846d2e11f933132452b509f5fb0f093817d1be3e93ecba2a899c3858158129c9bfe1d32ac0f6e7291b028d14e9aedbc064c5fcefc3e01f7ef4de221a48a6de8e
1787460316.644619 fcc_derived_config RSSI spike: -41.5
  -> 255 d76348de208b7931d05a5479fb16c08c39212c2a5f51914567bffda6052070251222431af234a30327133a62248491750a7ce07c826e25eeae0f77754091646f4026699a593a266c51f99f8684aa79cd50bd4b0543d00e21dc838bf250fa1b0542390922a68a5f9a90be1411a2e9b37264156b61e0cc2e4367ae92f062e13812833584c2c994950a2cb8eb3ed1a9438ae396d95bb08d3148c0cd80eb260dcb1784a51196f56ba0e6b7116003fedc4ef544b0a00b25aa6b06645295c24d65a47bec22889a17e439ab566ad63036f224314aec8fe1fdc3a66782cd8668a9966483da06f4d3d323b710af940eb0b1efa98c0cc1b6b1a636005699f8bb27f60d66
1787460316.644879 fcc_derived_config RSSI spike: -41.5
  -> 255 02251d79921d18838c23bd55cdcc6da7dfab0c1440f9777ab94415b4e35ca8881025be2e8db82a723b1dc9791bbfb3fea65ff2453aaadff3ebb397883d41231f22071eec7dbc9f3c8d52718430bf610f4507a1a2060310c1e773798f801e0ee6d56c274830e902f9080f9bb7a0271d295b6db3082beab3b18890b91a46a1c27f5c80fec312b9e7c6e1c59c90a131d90f9bfcd5d0359deede90a5c5ca8b2f9020bdade59ff5203b0239a888c085bdcb0b1c29d9aa50ce06bb911884ee1bc83e88ecf1c8923cbfb6839f9fb4991fbf814e35b97bf7f8d4e09974e4c3bbc494c35943783c07363f9bac649a39dd3fc51064b467921c94424164cbe651eb6e3d98
1787460316.645157 fcc_derived_config RSSI spike: -41.5
  -> 255 3c33fb3213e6060a3054d2607cc8767ec6f112da35f3fcae2e5e4ce02ab6140eddce82145442d8760ddf56783af65a4a06e62e32acc89f14fd7de9a7199876c07fe187d4c0bf1b4b6601403ba0a770e1f09e6c1f6eb58b77371f315c3a4cd04ed67c84099094ca957bd2ec3e247ff092f868128c0d6c06f07cd10cfef1665c88767078dd2eba91f6413c56337b9c71624972438410b47c0b41678f7a9e78da276865b4d388425dff421da06810c8c7400ab84109ca9b9c49aefa2fae9ae81d764c03f3db378f1ea30fedc75b6b95aed1ce5502aabe92e2bda5a3a0fee979825a187ae9f207982b9128c66230624db6a910cf8bfe10a1a7fcb6a88d18baff97
1787460316.645392 fcc_derived_config RSSI spike: -41.5
  -> 255 01d6c5bedf7a1127e2bc3da45c32f85b0deabd3644344be347a8b076cb1246190e99ab86587866e647fe60adf69cbec0c99771e57f67e0cbdf0c838bedeae6355415a1e7074bfe794d5b244d090b5ed1ddc85ea8d0267f85389f7edddc54d4e6fc30a8a0c96ea4566b3cac089187ee17341c5eb80c24264c2708df045789d2908c6133c3af05c88a309a3ebb3e577c4e529efb0d59933102fe45f77beb256e1fe7794c6788942271c320f2d78f3b34e4ca92d97665d477caef84a441df75765dc39b3aec1e6031c556ab73054800d556e393f568462e68565de1fb1edd9ef6bc50292cca621b08981e7049bda9c477261bc5d95bb5b94d1b9b74f79f8b5f32
1787460316.645647 fcc_derived_config RSSI spike: -41.5
  -> 255 d8ff02cd33ed26d906573951400e46e2b8fbeba50378800469278b161d7f817ed93a84465cd6f9915ad053822c8885d8f556b350f4903fcfdcc956d1a57474edeb68f43cd21e4892b186aec5b28e39a7e373b08b48f62ac3423da3e84f511ecd56199627f8aec817a5a8bd48f33c2ff9b97f3d0bab516dfd3afe3ce368e219b4975c3aa5ac817c946e8a67ff579995f0b137409454cd58eaa6d720421dd67f1f27c96631a946c9a46134b929c8e5bbbfbe26e577660d5ff0e5f35aeae86fe7c3c92120de6e6fc1579afb373d67fdce59ea1831f361e07318915899443509bd07e437224c5363d8b0bd25bb5fc01ed4c4d24d23b409d60dc6a14e963f9071be
1787460316.6459048 fcc_derived_config RSSI spike: -41.5
  -> 255 7dd799d2db2e8537a16c010bb63080086dd4c35a9c09e53a93832c87d2f6f385cf269b87d5e7b59584478597bbbeee30d6d05a75daed0e65302b65ed61b3b51516b9dac40fa4452ea16ea99f75471b1fe685889ab78e84a642f09efa2f0a235e70848a9d1c97e59720762a4828db531dc03177876311e0612b8558831225cd96b1937c0223f50496ed065360375b4c104d0d2e274b678530b5a258f5875311273c4b7976b03a7c360a4e295e76d49edb10050ff6293ea93b6a584826e84d8aaaf3c0dbbfec45c7b4e0538b2ff1d2835159f779f368fe31b4ff36177c30937d260575cff2ced84b15ebe8475d35c1e61355444cd5a33ce09abe3b385be58bd1
1787460316.646143 fcc_derived_config RSSI spike: -53.0
  -> 255 19ebf57983534055f59c0b7486b6c47d98878f6c62162eddfc55cfb73ce4a3b447cb8a57611f936b22ee2a31fd087fc2c041f6ea06fe2088f590ba4eb7d8c7ea9a2db8a5b76996f1b26ba0669cd0d7cbd1d65eb08a252bc91bc0227dc7b731200d027542c87206d9c5795fde93c390816eda787940a408b426a78dd52e8713e0bf34cbb55db9b1c68e4075fed06713a7c91689cedfac654af494d6190837e3d182f7a63d28323f367a40f5f6953792e824b9c72272d8673f0bbfe327250181feab8e127dedca6aa746f0e0419a42a67b24b132d05258f788226705c625820ede8b6126264dd5351e4f7729ce239b8862b9845b2e00dc1ee17c5891ecf32034
1787460316.654043 fcc_derived_config RSSI spike: -46.5
  -> 255 4ccb9e816eff46bdfe1aef7754aef495f5959c1920e6b01074e214c3dffa1c16bdcc10fe544378ce094d7b5b996a5a9eb8044cfec4bf1e6f0bc05f54930a3b4fbb06bd9ffa8e26139358c1d8e12ba12b6c869051a5f43b72afd951532bd45eab302feedfec83354d67baf4247d7f9744a9531781bb01d3471d806961e073654c85cf7d7d2fc9fbaf39665c52ea31ef0b489ed3f35bf8a6eedb1d4c7acf1627b655206c9f278c4cf17ab64e6e699a7cac8903708b6c6e466524aeda07f35f4c2d8d4374f324775c7f72b2395cb35e929dfc09aa463f8f210169eae02d62bc20009a04a50fbd639f0b1f01dc9e0da8470bc7b92467569753be060dfa84bf238b
1787460316.654287 fcc_derived_config RSSI spike: -46.0
  -> 255 bcbc309ab5c9e5ce2de8c1db8e577aef7bd75d3c8859f4eeda3a7d9ee77c188c0f60662198257532e225612d548e0f1849dc0fd6b113201df56918018221cf606d10c7d41862d9ccd5444631d62c3279a24c1bf1d0c8ddb1fd9d8290db7a492df3ce1b07a103e13017d5dadc2db3a10893d793afd70aed801667739dd5a3509ed606bc3cccec92c0e967ccfc7221a065b3fe9e6b1e58b0174d778cdd6f1834f97d05a7180ce14c0736078bbeabd0ce77c9405f787f2735ac7e495efe175b227d49d27cccd5d1a7c6a1b57d0c63bb17df286889d4b8ac92a2c3fda2e5b2115db076f1ca2362f1401d51f9bae04c384f2d7d1b9d81e8e4a6aaca33909f1c16f6
1787460316.654527 fcc_derived_config RSSI spike: -41.5
  -> 255 76c54ff4bc4b2b2927d1a189dd7d2607818f99402fb4864d9f1ac3095e1b69b29b95853e179ef733914c27ab5eafcb930f9c1cbbbac57444dce5bb6f39391e4be93c5896f8690934aadae58a72806a88db2872b4e74b080bfc68e0eb866039b1ec99b1f888590f792c5783979c1d25f3d98e1c8a280f1d4e5ad6cccec4ef73cf8518c613498fcd3ba33802633d3da8cb8a94916c6aa29b844b05e06ce2a64cfd80cd472273877970a963c88f04a37fbcec97a481235c22ddfdbd2345303eb4ed83860c1d3ffd730e62777a118397e1157e4bb43002118bb5002d6298f724dea7f9641ea31f92ab2a3267f9bb1ce84a6dba82a50c360577050c8f3df1717325
1787460316.65476 fcc_derived_config RSSI spike: -40.5
  -> 255 b1f579de6b3daef3e0d63fe6ecf4c40e7221dcaf7d318829b6bf785d3ccd67f4d63c1accb37c47bd3d4051e2bbaaf6d1c444aa79a51835d6ff3481a80a51429cf67339d2e6be376728e216ce6ff5949371b2cc97d5e931cfbbac352ef8e1d0ac6af2a7c3b809ab6074d4eac545efc84c8128fd4989ec9cc4b870cb722582f6df949def6a8829378e2ddf9ea132d0fd5b496bd665e1e3769b5d675801481745a3a58f2ce4eb1b7b7284b19588911a2438e8da1b706d3947222f9e0504a78a56021885f16fdc4508b2eca9d3eedf86372a859327bd678e3eb094c882671bdd9be0914b924d7275eefa4fe1eb9506a8f44044f4a6043ae5f2bf996b2be3668e4e
1787460316.655015 fcc_derived_config RSSI spike: -40.5
  -> 255 defa4174011e41c3568f80fcce543db06e1fbe3e6472720c1a6c80ec55da906b997091da2c07aea07fe38997aaa1509568ea0738511827b90b1eb9a14a083500e905ed47e3179d87d2eca371f5e8f89c5fd687f3aeacf6673bf774450b42d900f94e1825702b23d28ca0541b212691b9ac3c4b5a4ab6f60d4aa8726ba71a9fb3592ba9d89e96d72240045ea9c5f26d0c93840fba0ad90817561b701c65cd2cf59c1c11cf86175fa22b56d10ae47a626b892f465186458626c0d887dc9377a335f5f871f6680cf385cdfd11233301a5a5f2659cc4daf109999f63e79146cf9e7f3ec197f519b2a7b2ef0f8b5ac629bdf4e077b0148e620e132b3cdafd8b0592
1787460316.655282 fcc_derived_config RSSI spike: -41.0
  -> 255 f85ce2e5f68e7b0742af97281109893714bdc7e9f0a23b018ef8d43d7a816bc77977be0c31feff8cc891e252c1c0d2761d5c48af9289f8511806093a581cc03e6d3452bd3c70f70fcb20fff4d29c3243fe44b7958dc1e9379bf6587fbe4e7a0f1faccdfc038e904974b2c783139a84223f9b06b34d077d9b156e019d98e9f19e07472302251c77eca4d7a98ec17add3672bc27a2e9987183a1ae9b96b6790df66f8b6f199437ef7da703dd62dbd42e787a8ebec08e76e8a763eacbd44441114d1ca780a27b64dc3383d9cddde1b50e38dd41a51590f00246e2862a25572e215b2408b8754b9ad1ecd5d08a377b6a0e5ed1c5a8164886db63c5879994d60f62
1787460316.65552 fcc_derived_config RSSI spike: -40.5
  -> 255 bc4abf0f45aeebe6023253e239fd466639ac984e20d3bf66d81d19e3afceba47035891a42d2d89326826ce3183e782573bdde671d09b17c8aa435fa82780fc00a452d498d84e0b10e10c922d2f7b1bd8dc6721b0f20d26fad54ec2802b311f919cab73dcf9d598110e1b99d3f30b81681ced750c37105a6b6903907b6483fb87997c20c7c1cfc3f3f465905ce0409d8c7ba6a6998f45bf7968492bf26b4cc1edd54dcda99a2cd7ab85b9fa9b96ad672a540466dc2d8220829f5d32fd1b4cf1c7fce253960fc777741e381191d5d3bda8c371f7bf60b745db1b261f6bf548ef8156e79b0e4c9925410813872962bca12268fd148b2359d44b11174f638648df
1787460316.655777 fcc_derived_config RSSI spike: -40.5
  -> 255 c03e59b7f2bae875ba20800dcc27f334fd55c5fcdc7759a5c56e3349d6a8fffdc0f95ffd9a346a833dce375258ea84e9d6e8eb7252825fb9fc0d787b6ebd6cf66443d8c1f6080df3cbb506201db5749b7bc20c2f8b77d165953ef35dc50da7fbe31dfae38da695cdcdce2acc75f6bf1dcfea17ff55db6f1b58ae2c6dc8aacc11334345e312d3a9d002fba8fb18c47a96f0c6a75822863636d449c05fa11be304f90c168239473175223be17595dc0a764ec6d1111fa276bd6f8a31c8a82c58035d98f836707da0fa3825aef12d3d06465d8968ba5f576242c314c6388b5019995b4c77edb543b0936cd167f1f32a5727c276d4d99040c3fbb31ea60d4f2572
1787460316.6560252 fcc_derived_config RSSI spike: -40.5
  -> 255 194138fefc15dadd05a5a658b7a935458d97a5d21ba3cbecc7e01dde79190afe92048f9fd650791f901e2ee65fafc2714e37a2c0dfc8bfa6de62024969626f57777ab89f735c457edc73cfbaecd930aa5a4d3ba5e0604e56d2de342e46a1f9e03da159ee399d8f751ab721710040f28546f9960afc5d1f555f4c25ed0397f31025f7e58190dfd251b4f9c7779648f7c6e1d286ade0c52a2bffe937d8207aa3b890f93de49c6c37f3218cb98d2c0ae12f0a7b470d73091ed9456a696ccbd6b0ec4d5d2a952da7c44307c25b4e7bd22485255117b10c906a11db409e4bc7625fe4d1e30ce54822217605b79f587c0768920b9f4c2b58a7272becd8296d8d85ab
1787460316.6562822 fcc_derived_config RSSI spike: -41.0
  -> 255 7bb25d0ddbce6c89762ad4aeef9174aa41a3758815bacd99ad26b7536ea3f0c1f8bc22614a0dd85c84f822e864e9571f208adaae57738beb846392ccc061811e85d08ee8d08310f2326aaac0cbb3d9332e476d561817c63ebe4b734b7f665b47e24268666f7ee2e487bd00b34fc387ebeb0557fbb9018548d7b369450a9e36ffd83b9e121eaa0bf08b6860e84fc1ff76b3859b69c3bb1b2ffd7faf2edc78e4b7cf33cb7d1d872042472bd9659c07e97ca37a0646570eed10fcf4a14c7ba7996ceebef8ea2b06e2fc9f0c5f584a1310365e12fb1f8737dfb48e83300b806e56d283c5bff152f79b4a4758684466ad47080b0a8755a26694cec978f974451303
1787460316.6565518 fcc_derived_config RSSI spike: -40.5
  -> 255 aa5504ccf750ad9807c2a499c0ed134782026107ebb9fef034c6947689d049b42a69233c6b90ffdaa04dc9ba2827c89c749111b83e5bed8caf142ff8720d26e1399dbf021f2b1b8956c5b4797a69c8023409413cff878578bba120763a001450517eb90916a39057de85c961788a1ecc818ceddfd5f2dc9e7dc2e64fcb402fc3560bd6b1b67024804df4a877ed416e30b5ebf126cf84e1e0182c73f3e712cd0b59f3be1fda9cc251cb5c60d0cd8de6abecf9e9147bd71da4ee927b6a98f8ca1cb4219ce1fe48b8a3457dbf7400ac037d11c600d89b5f46e1ec3e5fac88fa4d84ed9d8062b89a4e0583d025ef24d7a12058da60b76f9168e5476b8633254026
1787460316.6567879 fcc_derived_config RSSI spike: -40.5
  -> 255 eb66665d546311e1639cf403d3dfe8f69add5c29337db9a5387c31c807fc92cc07d6fbceb0e507ce57607edb1354deb8b96ba8379bdcd287e1f2f88972890a04471158aa932d58f0a8d3c0fa8c6fea987526758fbca221b31ed0cb07af9868b26a7b200a426db367e045e631bffccf2e15c4b06cfb1051f30009404caad4a1a3a424ce1a8e74a896ad4c8da38afa6c264bcb97d865d3b52799b72384190dabcc6de1f40485113eb26e47eca68d8fa17ce2b14e2db96775d06976cdbd5a6bb0f70fd3cba84020c2b2be4762b7aeb23dd535fc1a01b414ee0fff52eb80386bcd88583b802d1f390b7fdfd98831fbb336e50468432b30559dd849873d393e3c35
1787460316.657015 fcc_derived_config RSSI spike: -40.5
  -> 255 209c1b601fe8026bf1bc2e53f9c8a925ed47ca9d5e5ae9969e600e1f0ce24a665496024c958b0eeb49251e41efccee53e96bba2d650be1500c821b2d33840f631156b177870ade085429d63e89fa14a6b1e48d59cd29007c76d240a8a8ba85b18a88c12cd87a67536a816d641c8a871f6e8f0f869288e1717602ab93561aaadccb4bc2919d318a3b8e291bdef572d34308eebae5e1f8de38d5a09fe948c76001652188465b28b9dabdb46c413858d43875af8da41103ce7e34963627b214f948e8a0877b637994da39bc0fc359abef35df4c84715c7166649e79ced474788c678619eb2360b6a75b175469b2e7e0afb21ab3b9c22851d4e1591919779949ce
1787460316.657241 fcc_derived_config RSSI spike: -40.5
  -> 255 60013bf4f9c02b874190f53988aa76456fe617f49842e3125b8df95dcc7b22aa5c02acc7121bed8c949008a30e5b4298c47d0175b9829d5d6321b3a27a4a4eccff7dd880599d6652fe9112dd8de8301711b541522c6aae074ec54b28da2987d730597660f39b5ec5ba7e186f36db95fc61d250654aaf8187d4d913b5fe2c1d4a4e46e805fa4108ca836d44d96410f1326370671fa3fbf7be709f30f2db5199c11f9ea2223d1a4cb9afddf9cba4a07d143b96c7e7c20ca8ce66b101a64cdd74719e6337911faae07cc5dbb5ea3a5e973b94ce2821c27ac03fa57c0ea0cb5a73890d3ef5a31b3c504fb20712315444b47373760ca0c9cbdbe60f14f6872da025
1787460316.657472 fcc_derived_config RSSI spike: -40.5
  -> 255 907f8cbecd465eb9e00b8c70efbb978170ab223eb34f0439c6fce170eff05fe0f16d6fbb75f803ed67a6d6b19825d6b8b93d3ca352df8bbaebffc3f0cafa8c99fc581e1400674c6d068d732821bbe3780ba2c068ca6c9694e41de713839336bb5605440a16dca301d7f1cfeae2faeaa3ccbab828681d7f00d2aa1e2f930763307082dba6bc2428c2499873ba55c24d2a422ad9658879911b1ae460a111883efb7dd4f286b6ca189f7cfe58d63c58501748333745d4449ea434207188beda46d1153ff9a85f8463fd40b9dad7a27e761ee66efa13eb1168b9e30292d624b493a719c831f1c9c2450bda1dd777b9f95e9c82e6dd52f799ed46188fb6b2f779e4
1787460316.6577652 fcc_derived_config RSSI spike: -41.0
  -> 255 049dcf8cfc35ce2f0780e9a565cea2742c7f2ea22471c1eaac333213c586d51d34a741108bbf2e3dd1038ebdff31a2950a0ea17d18e52063ce9bfc582a5fb1d38f9be5c64280cac03870fff05df2e63770b9d0ff8610066658e5be165c8d48834e26251449c6e18b457a64530589a7257e2fb5f354dabd701f86fa4f1db88bea9d45061a1a03dcaab69fa494960abae0b6509f43798c39b7a0d05c3e31cfee8f00c3e928d8d935e21393af5069b294673f77bf5270e4c6e8992049e435b27ca465479065e134d57ec7397379046703493e4e17482f207f05f4f2a1d063165ae2d79c06678d990765aedc086fd7c74cdf05b350d7cef66212abf2ef6a48685d
1787460316.658012 fcc_derived_config RSSI spike: -40.5
  -> 255 c08874e169479de1b9dae8c1ace0e780343503a99e65dee005a059aaa6cc6c8f39fa0baf149f78a60fa473a482b395032da1ee7078737f4f03e349abd3bfff363db0429ad1c33c7253a22c72f97481a9fcb4380e6ebd58ff9a8f695f07754495915a8f98f7b11be82b33066d58874ffab5f369922950985595f2c29a1c89cbc0f1a9d489fc835e8e6e8c3d55c1e2dcb8e05e3a82ef42079180dae7ae9b44b22dfe3516e1c68af37ebc60e3ab10b6229fcf26f717158589ad9ff6e8b0dbb3a86bdef4ba2785ba0969f9c0ef75a4d4d9417c9907731f71af8a9c390650fe7e7ae45f973ca5015fab936998a7c73698ea50e9c510155510e37677303789f745b7
1787460316.658255 fcc_derived_config RSSI spike: -41.0
  -> 255 8dff03f25f105a77263e6b85844b2d79cbca17f51cfaf862c16a7de83b35695908137322f66af0cbcb26bb87a2c3fbe1a6b0caeb70b65039d50ba41ff5c17e75246c1c678e109fc30bb247ca1dde58425f09b9cbe1a24f67a7023986cc2034c620f83b7c393fd3e2ff6205ced5ea5fcff0b5b12d9c116f4e144b0b36602da562e998d8217d0f7db498e873b4f1ecfb90c89a63bab5a255da4ad93b44b024d82be62e566904d8c18ef3e6791b6421543d09e2cb0c58376b69b7ef1d94149f581d8bb27fe4de8289c77cb4993d4468234573fa3a5018d0f50321157ca23c283616aaf8c9672dc352fc8ed0d0970a32f9fb1475211138858a5f90121c7bbf5d71
1787460316.658506 fcc_derived_config RSSI spike: -40.5
  -> 255 42577b6d4e3448db947e3fad05cae24c4c4f73ff7c83d261d0001be1c3c50fffbb0c2ee630c1119a1589db855f586050af6ad1b9b8ee12977ba31a9ac6a4b21cd252e846ffdf412c38db3d8a76b7510e7f9a9ca1169139bc2af057f4f2aecb9e1e7bf7116e6566d77e63135eecf50f4024ec941066f6eccaf5e454f5ba7e7bbe8af961ce9bf2e9317961b3b43d487478cd49387628cd904bf4517fb4b89695b5ba9d755fa0062c41e8dc12b2bf4d1169d3a25d7ba8a7bc47e08f070a730b967a87467a872f63d79f4bdd259e72f67069222c7f481cf954899e08f0d4b3b24123dbebe61195f204f8ef1414e9eb4440c64f58e470daa40c4edbf02c2c2ede9c
1787460316.658777 fcc_derived_config RSSI spike: -40.5
  -> 255 8dbf7d3a209018f2655be1144ef2a512cbcb66a470a95ea2d307871f8040fa410643d69d42bd7e5b17f707232af250010c0ae0379ec7b72b2f6a06ed8da697413e4991eeebcd6891c2268d37dc43049518c5a2af334770b3f4d9ce77911bc129d268fffdc1818e8e902c0272d75ae4e547abe2eb0037e1be805e3b4334ecf43e7758adb9221b4d145c6520980131eebdd271cbce4aabe9596485e31b398109fe6ee5cff9a35655be847df5d7afa09f21dfe95ef2fe191e870cfa19685d0ed357e2a7b0e66129a9d68c37c446ddcf67953ad29b8f5a561d453eb6846e87813ea9f25c76c633bd00d04f1c4bc7a392d4ab3ee58a9f5d88d66b558d3a8905c3bb
1787460316.659028 fcc_derived_config RSSI spike: -41.0
  -> 255 b80eae36d7cf89ec58d66e14af3eb4bf9752e6758c9ce7d14ceb9fe44669515e66ef68b081b901ecf0830f6fba6eddf455aac749ee9f28ea74001fe223d7462ee01524686fb3e0f79dd8ff9b171020cf689e9e785f773370379da9df385e57aa5c0776e836990df36e6a3228f50e04e4f6635d1ffba542aa92b5663b977ee08c8480e9cb02955762b53ab05d4561f09fc5ba0186d95a7629da583ea3b4a6cddfab17d242f267097abba31c645816a4873ae456249e4ea68bb9142c21fc16e1d4c51d6c83fd25f2fc41d1181c98607559ea805a1957a31bbe33f1bf72a580a8245cd3d8417b7fb445af07c6731c6d992481808f6638f7c097deb27e183e0ef3
1787460316.659263 fcc_derived_config RSSI spike: -40.5
  -> 255 4157754bf2c77f469460783aaffa0dd84b026ce06b25ea36abd184e257aa29e9292cf80c6d91cd64b826118b23cebfc948bfe9b8ff8a81daea4809d462d288ffa09c760643237f84b58b4d737f3673e825e69d34f3b10ff3f7cc2cd79c9c718991cf292e0a67ba174e327f911b9124604a1d97777f1af26d683b1b9bccf830e36f21b9d1aa8e221d2615fdf722d57c867e4da176158fac051166e9ff9381090ff3dba7c59505f305968b414c9a84dc5e3ca776c889c302fc284e7eec486c93514534817ea26844b7bf61a31616b4c552b30a8affaaef527b7b4c52223aa90c4d51e08daee7fc1953c011f12790120705068293206dd929a9e7c90eef09268f
1787460316.659497 fcc_derived_config RSSI spike: -40.5
  -> 255 3e4f9f6dcbbb5bd1f1831faf15cee3192b68f013948c93d441f3904d010fb78383d3b30887c623ce1b8a5dc766b5cdb79b6278b372267f30e6d1a854b1bb9ec6ab19ab092144ca48829d3df978e5db19a6ad0f2144563770850cc1f4ef9b31e1079c0308d380c2aacdd08717d7b848978392a4a1275826631fb05689b7ef889a7bd1c61a86da778440e5add838b84cab7b60f2011b904b1160bdb8abebfbe46180f3bc24627bd01a9af9e9ecb46ecce74a8e0ade6dd69a86920f95ffda6bd45b91e7bf9b153fc47eb02b1b2ca7df19a291445081110c81407af7c398bab55f8405f98586179a199d7491f7fa9d5bda058524271d15551d83bd7c1dbd604df1
1787460316.659748 fcc_derived_config RSSI spike: -41.0
  -> 255 8fbad2ab4734f0206e3562d71d1b6a61ded03e0922455eb4139ac67bd578cb94652ec5d92288005bafa9d4fa0291e4493260ca02487b9d180acfa30c3844eb91317c3b1fe982e0c8ec3082dfcf7b1e3b382d20b773eee14c61868b40bba56876c8d6083090bd036d4813896d4b33748c857f71500d792451ca3017722a4a8bf11d736b3441779261503d8334b7557d82ea14d66ca064f02fb898b400c5bb9e079519785fafab40f0a93fb0ebf52643ac57d301e383ed6a063896f1fa328444c16cbcc8d8c89ad72827bd89b502ac7f5ffe3d996d0453291872cf9e8cfb2851ca70d1201bc63b9255d2ae4949578d181a91fbe45382ebc7dd011f45c59e49a6
1787460316.6599739 fcc_derived_config RSSI spike: -40.5
  -> 255 253073a1cdcb5ac3849a60e0cea7949092846f9b882551bf10886343ce05f7f6cc076d3d0a923f511951a63716eaee760e81d4237d94d2a4cbb78a9f2a6621cd0d9c38f3373e786ad8a11f27076640404d54e9fbab573e916b286bc6be7009be1fbc7a726368698a02c3f1ea5f2807ff806d5fb29118272f3f3eda0e2544567d5bedbc699fdac8ef159a382c1637d83ba43d210ffe75fc3e8281a8c3872b4cf16166a4b4c2fb837eb4807dd1443716882ed8f3a5a7eba348fbae35f2836613003b587e55da61f8209af994cce32f0b4c0fc9739e48994025c9515f1fa3bf1a17ead577efc9ba77d145520600d9b67f906a2a01381eba22944da2b530c48094
1787460316.6602361 fcc_derived_config RSSI spike: -41.0
  -> 255 625d5c63b32f7882be4b23f8d7347d396fc84044d3eb1e8a849f95ca73869d80ffc1fdbdf5c613ac0144d67a32a73f9eeb6d0e7568a883d938d95647b5ac0aa7bdc081f87d817e17f6cf0001fda670d169a314c3aa9dc1f54c8051a82505637739375ac4bf656e762a9ce9c204bd4746bb991f4cd6bd3bf50a9c1ab28a6734b6551fa9d530fe66f8f11d52ae9f07e5611cee93303b092fa56dc66b3039de996de6bcfaabe74eb45712b29c8ebc798311a323a097ff94129acfdf8bc5ea2de7f5e1f37db765a5002aa114301b3a7d33835d9d633dfecb136fcc1d34970841568a7a10042956a55a3a2c01f3ce7a0b38ef8d5486daae7f53e47b381f0083671d
1787460316.6604722 fcc_derived_config RSSI spike: -41.0
  -> 255 68f96c1e897143694eb5ed395a378215b2c2b2f4bb1f2fe9ca3de4fbe746a26922d09e2d4bbbaba4aa6ada65023bfc8844da4f34ae4eb8c8253092d9c22e11a09507548e8bd6e147e0da21b2450bedccad634244c3de1e545e5090860c81d1f34e4661540d25c34867c074603238e79ceb451a581cd3df4df65474d98a5bc8daed57c7d36189752f3ed5e12642f9b40d212cefebb23410cc65d696cb72320eba77addd9f291e765ebef50381ed5ab3ba5cb7140276cb52ef3efe194458a3bfdf01880997e150109f6c810869bd1da1a7ff9120a2e20aec0d36d9e8ae5556fd84671407848fcabfafd714e709ca6b82762bc2f1f5c0ae1513f21f9983d77f54
1787460316.660749 fcc_derived_config RSSI spike: -51.5
  -> 255 f4a945c2c293c3d9b15074b6053c5b26e2dd3fb9f37f37b9cd198c672374ee0dcbf95f9bd2df2122d24d89e3ebc74df7b5379de44fbb0e36df46196d45f6afbe78acef4ce6a899db3199a6a73cddf40c237bf0b3e76127bff221e1afb8e54e7354bf30beef66f5af57ef3219cc7790c9840bb0a46bf355166cab6880425106c0d0fb3c816991d3e5f96afd39e8b40aec8de2c724886326d57e7aef68baf956d481d2f945a0cae2665bafe114927215336db6ff4ddcdccdc1b8bf034d8ddf39e2949b353afe584cbc6da2ffdb5c7fff78d66efffe2d296d669ddb4bb65e3f70ed9725d224999d9d325d79053985b2de9c4a49b5c110c4bf395afc5e2d3f45a2
1787460316.6609988 fcc_derived_config RSSI spike: -78.5
  -> 255 a996f642345082a1c8d145f90b72b6b8fae813ba384fffcd53a17ba1eb695d14ef8413e86343d1652e4375c6c39065bd73e48bfebdbe56fe5fadf5499e857b9a9dfca99a32a35f02b1d03d31395cd1a0e7ba2ee424f39d79e52def197f3b6947686bddeda3ffdd71fd9e336d66c7d63fd148299758c56baff75f6d336eabef63e4e70a5f9dd2f6f6db593d846745be129c5c0fb2f0e4aaecadbe9223fda1c558e2e727677ec9b5c84dd1cd9edcd77a1d6fda07b591c248e72d0671f02cea1ef8969ef0a058e96f7cdbe74c459828b945c8ca06bbdeb0f026b2665b2557559ac1fb6a89f012dc164954fa77fe280461269377863bf0bd04751f873baa23a6b2
  ...heartbeat: 1000000 iters, 233.3s elapsed, 1559 hits so far
  ...heartbeat: 1020000 iters, 238.1s elapsed, 1559 hits so far
Done. 1559 captures out of 1028187 iterations in 240.0s.
===== RESETUP set from recv thread
Error in resetup():Exception('No Dongle Found.  Please insert a RFCAT dongle.')
