PING: 26 bytes transmitted, received: b'ABCDEFGHIJKLMNOPQRSTUVWXYZ' (0.003114 seconds)
PING: 26 bytes transmitted, received: b'ABCDEFGHIJKLMNOPQRSTUVWXYZ' (0.003037 seconds)
PING: 26 bytes transmitted, received: b'ABCDEFGHIJKLMNOPQRSTUVWXYZ' (0.003052 seconds)
PING: 26 bytes transmitted, received: b'ABCDEFGHIJKLMNOPQRSTUVWXYZ' (0.003077 seconds)
PING: 26 bytes transmitted, received: b'ABCDEFGHIJKLMNOPQRSTUVWXYZ' (0.003095 seconds)
PING: 26 bytes transmitted, received: b'ABCDEFGHIJKLMNOPQRSTUVWXYZ' (0.003070 seconds)
PING: 26 bytes transmitted, received: b'ABCDEFGHIJKLMNOPQRSTUVWXYZ' (0.003068 seconds)
PING: 26 bytes transmitted, received: b'ABCDEFGHIJKLMNOPQRSTUVWXYZ' (0.003073 seconds)
PING: 26 bytes transmitted, received: b'ABCDEFGHIJKLMNOPQRSTUVWXYZ' (0.003052 seconds)
PING: 26 bytes transmitted, received: b'ABCDEFGHIJKLMNOPQRSTUVWXYZ' (0.003062 seconds)
ping: (10, 0, 0.030766725540161133)
Configured: D7A-like Lo Rate (9.6k GFSK)
>>> Capturing 'D7A-like Lo Rate (9.6k GFSK)' for 45s -- toggle the vent now <<<
  ...heartbeat: 20000 iters, 4.4s elapsed, 0 hits so far
  ...heartbeat: 40000 iters, 8.7s elapsed, 0 hits so far
  ...heartbeat: 60000 iters, 13.1s elapsed, 0 hits so far
  ...heartbeat: 80000 iters, 17.5s elapsed, 0 hits so far
  ...heartbeat: 100000 iters, 21.8s elapsed, 0 hits so far
1787431952.191052 sweep:D7A-like Lo Rate (9.6k GFSK) RSSI spike: -51.5
  -> 255 a45e2a45f4a7199daf5491576d234b765120b22ba8941b5a99256af08518fbd6624ed5e49e6fe70e738cf8d7144691365abed5696212f711148007a49465a8062c7ee50b04d84e2147d32bcd976bb466cc8716a59ce2e44b26aa1af1cc8c57a574dceda3541f2b0d8bb4b0ac2bb352f04b992c44bea1895476c9ca4a88dbe0cc329c9c9500c73c64036d9b27add1868b6665aad185d9fcf42c2145afb35eb867f2922ec6f21348f33331641c76094259c336547efe5645952f5d6ad4f5108b5f935342fa7223e9357986d938d6d2287e54dae611c9cfd72aefd771123b0edbc84f8a6197595265e97005aea18296eb5a4b6703b70b28d8c18ec59237321876
1787431952.191317 sweep:D7A-like Lo Rate (9.6k GFSK) RSSI spike: -48.0
  -> 255 8e6cdf92b37c684922e0e94b34c9816cccf70fedaaa8a62469f090df80681b92ff3dc341cc7357d25202717681aa3c27a62a45df3a9dd31529f75e3d2fc9a62065fa84ca2de9eefd5090563dbf2dc63bd6a884666158ac5e31deb52d0de9e0bc0949032276e6004b8ab8d2d82b1e0f2c06f716cacb2678483dbaa5a580a6a955b538c2c4905c6c33ea248955f07cd34168afcdf95f31d3dadd689ce224d60244632c7c19f7556202a5ca7c2b495e8e5c22e5de21c7e3ad43eda439b0ced5bcf7a5bbdd5e4889c61fa18e076277d677fbdd5e3fcd444dad98bfb1a9127909cea3dbfef217ecab989af7f6c3e314b7244b94e8c740db78f87ddded4a29391ff6
1787431952.191543 sweep:D7A-like Lo Rate (9.6k GFSK) RSSI spike: -46.0
  -> 255 60fe40170671a40055930f4a820416a1a9ff686c0a34eadd527dfd5f8d024b99b9d8e282a5f65b201d2d1bc1a39feb7ddf9ac0c3f4df2654258b3abc4bc8aa962bbe073c767a31cd54b5b283230a2cf1c7b1bf87a00c50aed1a76d87ab54cb20bae50ecb0070c1cd7b65c72d3c7887fa4524d8b15622aa21bc49afa76f1615b172f6e784cfdf775f99f8cfc67d39fa9c15e61e39f0ca2930f37fd8998700cf3720f3b67a6dc54697098e27bada3d748f25d3696031f295cb288555dd3388f7bc2ca9832ef68e99fe7237567990333af9bc4f41aefef0d4c68617ac4bb46b60e366c1ebfe94a53346d7a338325e3adfc9f79882ed1afbacaccc9f2ae21c49a0
1787431952.191777 sweep:D7A-like Lo Rate (9.6k GFSK) RSSI spike: -50.0
  -> 255 a8ff3f8e988a42d7142dd8a73845004ae6a727899e318f2b816fd3958ec3ad5e1b39e8b2227408503239e31a577155e25490e9c5ac0dbfed1ec05b3d93ef0cb281ec7792cd309a85532769544ae76b837c9afe16e6dd0c778a552df55c03b8d9a8ed23f8a76c11f957c925fa29742c8a5a37ad91678fc381733e73df61109fe05c15ae04ba9cf8d0d246d625e89eda1111bf7ef645886ece736f2de7b8481d3c169d5740a4673db9d74386b8ff68c3041412d3b84b765366138481947f329c881d92957bdaa53085c78259874503fa3173028b5fa1ded9bbe7589d54e06b83897eb3bfb2cc83d4f474865e72a87150b249009a7c3402265117c21f84b4d61e
1787431952.1920571 sweep:D7A-like Lo Rate (9.6k GFSK) RSSI spike: -52.0
  -> 255 ce4a7516e9cdbf4b86d1e6283636536dd6726b37438c4b97b6d64e4cc4e90ac7a6dfae7a630a5718d7f0b982ce76f6c24687b0142f62ce68723b782f80c6df557b5b5a17ba305c81b358d274d32b84f6644aacfc94b74fa2fb49f3cce24ea8d76f40414fbeada6e6cd2f24da76a59a481919e8c371f2952679ae249c876e35253068d73f64c8f2b83a182b4c86a396e401e972c3b51cdb586f1656bae83fca65d41857bc412cb282719ed0dffc04a0ffed027831f5cf9c7dee55c8b2283a2fb768157aa5b8172dac931f4af786500aa58976f58ff5e5bddf5a11c4917e7d3057630a83b45dd177a1597b44ce4684e501bcf907669283aa1461b39a719da026
1787431952.192273 sweep:D7A-like Lo Rate (9.6k GFSK) RSSI spike: -47.5
  -> 255 6140f5cba997816f2d81fafbc2d0b834eb6f33edaa4880fee348d8ca8082e2d872969954a3de1db49995bf875c819fa22589d76b39201526de5fcfec71c77f71441bc4dd763742cfd3ea144bf1bc49743743924699e1fb5886834bebaed5be6f9d49342fc119fefbae01fb8e8d25a9b41dab3105cb9da2b151b4eb98b4613484a7c8e3cdd952e385201bc3883f0bb6090b44b090c9bc1b05450924cffb9d85e8cd5a460382d93ca85e99fe13f51fb307b9449d6bdaff15761fbaec76ffac56cbb672db9f43ed30e1791f6cd77e33a79fa4697f41170617d81839c9ef475faff75afdf5134acce429cd4911bb805b69c77e784121d8821b6b88b03bd0684acf
1787431952.192487 sweep:D7A-like Lo Rate (9.6k GFSK) RSSI spike: -47.0
  -> 255 c765567b06758a43e2b65ececbc6f10569022b9aefd58fd518fbd8af67c9b1f74d665d953ad1adc41f9a9f76e308e000697e38d817ae1325ba1cd4c25659d0c4810ed79d029f4222d82e618dfcd2f7952b44f9037cecde7c5fee4790d9a1242ccad0221aa391c4d696bd728d6d0c98cb6048ae0314929ff240d8bf116bbfe9b10595b9bc461fbf7b4e8a8208a767629edcebe21308852f6e7191f2a519c140de37068a8e7ef98e6bdbbf99c57e5c88a6446e482715cc56193633c84cd9f724b2dda5bc3cbe22e25a519098df10fb8473dfb516e5ba7e8053de750ac331fd2cc7330c2737cf409759360bf36e1db00caa172a25e86e21039c9df4e008f3c201
1787431952.192715 sweep:D7A-like Lo Rate (9.6k GFSK) RSSI spike: -51.5
  -> 255 699458bbf3d8bf35d72add729f0b46428fe6f0c56cff3b496d93d699bfdeef819f7d8370e0f6e7b60421bf822428960264dcbb6b707dee7f4370a974d5caa0012a853cabf0ceb5ed1d8e74df63abf1c7bbac0833f143e2d1c1dc506bf7451ace43c5f3022d81881e866a9bf5ab088be0e12d8f61f730376fc32a2070ffec8767d813e53de22d89eb102022ee1fc2a05f88b9d439e6f94e52de10a241abb1634ecee682923a99ebac5fd9cce478901ba5801722f0e8831122538d74fcec0ab81365655ed4ae117bc625d2acba8cb4c40e17aacbcda5693a9c357ac8f2fc112886470d334326c5bfec20545298abec5b535abf03f0d140dee6f0474e5e11ac99
1787431952.192928 sweep:D7A-like Lo Rate (9.6k GFSK) RSSI spike: -52.5
  -> 255 c7d9ebc4349aa6e16a4f22ca8aa7de97a788857d08ba119e98fb950c14b5e9de35405158f87efdc7141b06042bdf286d47d7b096c1455863d0ce39c9d1f6cb21b449023e76fed9a8ee23de69eedb1760d0d98fa2390d2d278aeab5443519d0baa5a70107cec80a932084d397ae8acb63632533f3b8166cb2965d151ae3b5a944dac59d1e47e2d328dc52e673c1d193ed2650c651f39d78fcaadf0a4353acdb7602238cdbfc518d7f0f89c3d6f636b9ee1a1052928e71e12e8db05c0fdf655c18e831ab7b90ba6ccec7e142c1f5eec1b43993ac4a2cc38b656704853aaf9fa5efb2f138fffc014d57c33620dd2c6a4bfbab482b58ff311a773c3641c639f9ba
1787431952.193166 sweep:D7A-like Lo Rate (9.6k GFSK) RSSI spike: -47.5
  -> 255 bd908397e9fa36acfa9f6b142beffbfe87fb89ca4751b057f05b7515f1f983c498caf7857f067850acac7eb771bd3fd05ee0a953f94d70b5f7c3e7f641dafe192d041c9d857f7763be460f4a313be587313506c55b399c55f09966f5d806a94fadfe59125714b12c97b801efc94e5ca0384085ca4a9052e3133c10359a4c06ff18870c1eb20fccbc47110b408ef2a2a35f86ecedbb021597a168693ecbcc75b73b92427dc1eff0c8b5edc1c0cc71f7030c853979fae809ab2e13065e14cc48034c9a40dac57fcc828cf90fdf20991f7c305ef69f381b8d177dd3521398f961073f7dd80026979bce50a93b7e03597eb77491315d9c8b9a8aeb6e4aa8856239
1787431952.193373 sweep:D7A-like Lo Rate (9.6k GFSK) RSSI spike: -44.0
  -> 255 a516c1a679ab6a422aebcaed2da78bb80be6748c789a5259848f1efb58660652858952140ff134ce96afb7e84132caafa1042d83f899c8cccb1cabe1500ad7e2fb57b807834e0aaaf0e15ff3631aa963f9f153ed27d37c6f1e13432532d74def7ac1e7cdc91992fbc37cfb4146afb922a13f9de69ef620b69202c9b1cc8f3e68b343c302ea172aa19f1d436ec540795d056cf9d98142b37a2f27a67a2fbb9876721fb363ab81dcbad755d85d324c746f382e95d1e99e78cc3e3537d3e325ac6f9e671e62acbd6c50e5f957f56389d282fb6bca9ac1bc425571e34aca70471ba1d91817a51484a36ba4edbfc7d02c755f1cdd7b7d564b83d111bbbf9e167db3
1787431952.193611 sweep:D7A-like Lo Rate (9.6k GFSK) RSSI spike: -61.0
  -> 255 161af40db71d5104e190abb1720ac70ec25061941e864a392320cbf0c7504af80a4d9784ba844ab4c3ab1cbcd469537e7f34f24cdaa1448514239b064300ccd0d84a3078b26dff393562763a04cdb6daff98cc381cf4fbbc243f809bfc7e3d6215d387702beef53d747e5fc959043934a8699a902f3e2b686857911a3f0b33e54242c4af35ee8bb7036336ee8004cee67bca499f648d13132f9bed73b46cea3816f42e48df467b8276d069af706a50d0665c30b38a79b983b8b2711789831ca8ea1195297ce82ffbad985b7e1d4a7d7ec4b16ed22bf66498729ed6c5f81f0ef81996cf2ab3eccfae09b5c690542a48b738637b1b58351f2d218cfbf7bacbed
1787431952.193832 sweep:D7A-like Lo Rate (9.6k GFSK) RSSI spike: -54.5
  -> 255 a1fabc63dfa1977bfc9f27c25808529678fb3d8763bea4d01d91db64dcf6b33ddaacb4411e022507bfeba0c3c2c72432f4aa95ef6f28d87039729a58c1f386de1f06ae765ce422b9d34d40b3a45eaf559e9bea8ac039146aeb0a3790b870d9dd476d77d4579a3effa1dc7a826c7b5c0b87ed06ae43ee0a7fe65a3e28a5136684a3882f4bf5545f315aaffca83d39136d1fb9db918a0f58675340df4375cda72aa54044bb2d3920c13ef7dbb7634859923dab7ce0e4585d1fca2c47074c4d29254326ecb44978f42c30d3c42296f0d4077e874b11e9ce451bd8dfd358c8c59c160924a745522b884e9565a68549307df39c16cb2746866f4f085200ebe0c248
1787431952.194057 sweep:D7A-like Lo Rate (9.6k GFSK) RSSI spike: -72.0
  -> 255 d26ff500dae6beb49d7e6a6f7f06e201bccb76b95f56bed85cbdb0b51f86c9f08e3dc377e168b723daa205ea372c576b2e3ce269c3de4dd2c5deaf5c9f46769f6e16ba8688527899865ecf0b3028f2ec47361aced20f10d82c1a82bf87a260186a0813cfb250a9361f2eadde57db2224035b3b6c492b19998c8d5d3a8fe98f0f0b2dffa4aacb5f307468f0a39ef9fea96851ed22c644edfdc7c21206c299ee20f7eafcdaf15c3f73788f0074ebdf6452588988f5de68626e8f7995b8a6d8d15260f7707ac3696eb3ffe04ea96e4ac85a8d08ae25380542f13c5533c64583c53c93d107b10ccb0de3c976f33318c633232bf6f22b72323f956a41294f9d6c92
1787431952.194274 sweep:D7A-like Lo Rate (9.6k GFSK) RSSI spike: -45.0
  -> 255 b2ac1b1e40cb677bdf1af5f34eff1aa5d577aca4b39eae6f6541fcac704f6208e639e5d402040a404a690aaa63e8d64b3ce2dab45e5f1061e71a92d3b22f0600234c77fd79f9506767e66040116f466ce1adee04d995e190a122f627cd453bdaac80c3d61d0201df9e914f5afbe73fabcfc11b2dc21390c2fc982dc3c422c55d512b80f03e02768b4c682cafa909d3842960fe32d7bd4fd95551261c18a98c5c7d80b94c00173b196385d67f4b7157d447d5848cac829636d230e7cfb4b631571e5553b716a5ebefded89171cd0c66718ed35990c21d30480cfd4afac09444f4ba542aac334785ab93c689a7c6d4f733076f170bd97de6e54965c723201183
1787431952.1945128 sweep:D7A-like Lo Rate (9.6k GFSK) RSSI spike: -69.5
  -> 255 10d9aec5e61a4cbc3a2a5a687541583aef0312f3871aa340654e53ee3d106650abb512027b0a1a910eb480e4049e20aeac1c263ea29c2fbd31a25c25edfc2faf266adaa6903364e3a23bd226db04288a6b4180c415f63034ce98b21c9f28903150cf833313d11da9b14675d16bbaeb84d30d1dd82c7124ef80bac793e58e2ae73a8b1f3d6af3ad818dacd6f8d25594bb99173fd7cc7bbd476f6915d9d082fa471cb7f12459ed7b855d469e224a33f081fc871a8d60d9bd9971d1cc9730f4bee8d2a92037e9f8e715be0621db2bb364ce0cbe28d2dc29ddc2fb108767d06388959ef02482899aadbe658264f3a51dc54273f683f397ac1e7c88193acc7ee7a9
1787431952.194724 sweep:D7A-like Lo Rate (9.6k GFSK) RSSI spike: -50.0
  -> 255 24db1ede3a05a3002c35c33ba3145232fc21b512e7cfd4557de2abce1b76716aaf4449a0441c6edf49b88209e8c4da8be0265a5e2135c88bf9133d34eb441126793dd5d7a44a2f8c45e1b2cf29a0a7358127d3aa320ef5d11ca686ae270a3bd6653cb8ae6d424fbe3e674eb75546464f92100f1007ea16f2f3dbb5fd1f9a6711455fa02aa525d052ce11b4e755304763ffebf6afb4cb0552b20b6d979673469c5d45c048a17b37f534cda2985fcadcb3d7c32d1872cf50e73bf96572ddf11899a5faa39363606bab1425b28c621f452017f8d36c4ba0f5928d9e9603eb132fb30a6a796d3b158f7ae4fdd5d598651b104befbf82176bda24c7a2d4938260d2
1787431952.194946 sweep:D7A-like Lo Rate (9.6k GFSK) RSSI spike: -50.0
  -> 255 a62b8fd0b02135c19e122f8a64c49bade40bd726f1a13b477f598180e8a9328fe9a4fae02e52f8b0add07d097bd327bdc4a1d6346e1db862dd6c5d6e3c97988cf70cb021e8621c1ad62b3c32f3352b889e18c5ff1862166d195e653c4cf0da6432746cbe9d214ecf95316590f49e94edfc94895889083bb910f0af58f56733da94d78c5f8b3f31ef202f83242b2f53ce560ccf9c0f1726051619c038cfa8f55c8c12cc77743a52c9819f3472cc7ca9ea75078521c72489b2fcf7b94f004aeab5991af460f097ec75fc09320847977f2cf2ffd4d619e8ac218b7a0acbb1ac3a15e561d87d135d92577db0abe0a60b3503a1b8f7427aa6c04d29844f630332f8
1787431952.1951842 sweep:D7A-like Lo Rate (9.6k GFSK) RSSI spike: -60.0
  -> 255 110aeeba351c2ebbfd59e0feef2c5c7106ae80b414aec1ea8a4238cf3a88467aad885c4f99e5b0f0605a7ee306e9a43e9f3f604e2bcc45d68fcc10c43c3da70ea643563362dc1d38081be4ea86033f09d83cc2367b9c6d5fc7cd87b9a5843af2860ee216f613b457a7ead8b48b7b0708e5508f0715b475ac5f7879c34573fde11b6136b6aefe3baf9f387fe69e5ecb67cb2f5de5cc205e9143ad9baec3ab9e7be5d0725c7d8a9b6ecfb84f1f59734c88b90b4495413e58e492d3582551d71e038c25c24966fa7503b6d23d019ff0a25b5dc2e7b699a859303ee39c7a37d081ef2b0c5a93abf2b66ff03d7858be1cd6d35fef728094e8af4017b76469d0c776
1787431952.195393 sweep:D7A-like Lo Rate (9.6k GFSK) RSSI spike: -59.0
  -> 255 4f7ac90fa0660b639f876f533ed4964628a8d1618fdcf49167c2458efedb116a7be05fe778714b9a9032e40bfaa63a9fb6ebcaa03d6bea1a840aa0689287abaf3675e0af42a78016dde13cd4459cac797869082c5bd9a88dd620ef48fbf93941f4d59e0fa2b77875e3a61255a8268ecca236f7014be633ac4ce9b7d174b4c8db6f81ecf70b0ef4705ee4c4ef3000ebabdb5e8a388edc34d457e9b9327562021e2d5a79e5e98285c68bef17caa740157bcef9e923cefd2d1940159dbf0d99a6aea303e6e916cb44c36960533d6e9151a3f46827103dc7ceca26c229f7a11df703186d691d2c05bd696da4f36665f92491e00b2d2417198a31e1d56cd795016c
1787431952.195605 sweep:D7A-like Lo Rate (9.6k GFSK) RSSI spike: -53.0
  -> 255 d3af515ab0a2bdf0a7ad41747917432610568e10fc5bca45e3b1987359c4beafabf1bbb4ef7932e9b5491f3e0a7dcc65512fc0c47d366411c538fa83ae94b2aef3d17df08692f96f9cb58915460701a814256ca4750a47b0e9aea7027d7b469383a70734858749be84fb736a698b474f7b4accd7374669bf340dc5984a1d160c2a0dcb4ed1b9564a8cf8f9b6139041370828d570d3b074e5c9cbbdef3f69a6a8aec2b73174ba99878f7a24365f5abae019e876daac007336b44e006330850d71bb59501cedca29367e0b01ac48e3db668162426e339378c6cf784dbcf13e43d7e4e228cc4f9f5f8f4d612d6651810f68a4889f0e3da22b3be7d1b39110adce
1787431952.1958132 sweep:D7A-like Lo Rate (9.6k GFSK) RSSI spike: -43.5
  -> 255 e9f1d1eeaa7464f3292ba68a2088e4ec157f0f643f2913b9c6b405ed5930ff26f342e26b70299f60971f21707f729442fda0d92b75286fb45ff16ee1c397c41acf09ed5d47451bcf274406d7325fb90bed4902b0377f3e01a42a9fbb0e301b940be8c94f06cede942d98e3a8f884d8f1ba4c6c739c141a06d08bf70b6a512d7306ee6505602fa82e1b56276cc19113f4d24ce38c3190ddb211e99eb7708e6e46b71f8e321d8e75e0c3cf2d1d0c74b1d63fa62c194be2c2b8f8b3bcf81f7c5c1e141e4ba8dbf69e47387a4068fa63b2772c4acb5e0f2ffbb75c8b528af01f19c028bf07c5eec265d11d41ebf61630efbb8b2c9bb3c4b219503ceabed4c7ee0c
1787431952.196052 sweep:D7A-like Lo Rate (9.6k GFSK) RSSI spike: -53.5
  -> 255 d09ef3a711445e3b2a2f88a0511916a134d3f4bd2275814207b453b93f607bcdfabd8c7d43b9c3a231a19ccbb290b33d55b46332d245e38439ef96bc8294e7c5ea38a423fce7805ffdda2690c484c4cd59782fbddfb99e9055d526ac078dd3f693013c9b686135eb74b38ce0a47329948de5fd9eaf5e8b07876ff82f53ba83fe993e43d6dad86a685d32511fd58195999796e8dcc58c1cac9edbcaa1fa8715cd688ade5f882dcace319cf932357af4e05c3ef83aa08d99c16bc646e36aa18a1bbf1f9fd7740262ee5ed806d03e9673f9cee89100488e82c846d47cd6bf0f21b2d49edb6a6cef90db9671a7811fbb1507f0ad1639312295d4818984a17362b8
1787431952.1962612 sweep:D7A-like Lo Rate (9.6k GFSK) RSSI spike: -53.5
  -> 255 7ee745648929004dc14e9bef3f293a7001d5a094564690bc755dd6b7a9e371763b805c691234b559b39be9987eafdd56278f464df031aeb65dfa1c7e4e32d41e29f15569889ebddd83e2c1291526ba8c56ba815f3ad90905bd12ca83a9d2b7810f785d973b6238353a45ec4583b8d53544980ada8b7d739ceeb6b1f4e86e4ec3a37d84ab31c0bcd9bc8c916abb7022afba7c8a79facb12f0bc5b012e413da99b91e3fe1f667a219fa97e43d3b714adabd6d6b87078b1b4d717d307e51f51fdba4eb35c892e5fa801389f2a4e5e8fee3ad8581570ecda2e03fb30e63e9f9c683625c1532416e00b5e65bfe665458bc79d869dd017f622b9b76dac4eaa6dba38
1787431952.196471 sweep:D7A-like Lo Rate (9.6k GFSK) RSSI spike: -48.0
  -> 255 0effb01dd09782581f8f6ebc7581df87c101cac744f01fab5a0ab6be6a3eea3dc54fa718c7ad505b18616f010174104e4af4b9c47b18d536521f99fe41bb306e2b19923cec524c77ad55d1a41ac8017391ab6d73efb9072dc3a63fb4ca8d8802ef5a84e8fbbdaddc790d49baec0a1fd4778a5d39dca79d54d3e7f090fedf22f74e3ce90951599a6aad923f28a39079ee2fbcd6c817fa67e733708e370807f8837116265bedfdb4461307a30e8f99628f0664b8c2e217600abcacb4cd41fada3a2790f7ba80cb27ceaf02b3421c87e531b3058ad5f0b1a5df063174a2fc16720f18b82e536e653b27efa4767dc49ec4720ae5294f23ab340ca24d6e4affe288
1787431952.196794 sweep:D7A-like Lo Rate (9.6k GFSK) RSSI spike: -48.5
  -> 255 acc8e4fc1acf54ed44341316b4fe19665c79cc7c7a2f44f0d162ac7b0cc2a1a20ceec7dadc896ea23cb80cc41f1a7a7494ed3d1e4b9d3a3a3eefa44d97ee65736f46a41254502b6b9d5cf10472d1dc6ce1fe9bf3ca4cf619f3068839dd3710a1dff3354020c2dc0dbdbcfcc6f03d576d05c044a801d8e2ed92da18d650221d1f1bef6ee4799fac65caac7ae3a85d50d7fa7b0987c372fc95d8aa60c2ad0820a73090192a2abdf02d49f09f1dc46143ad13927f6e8f65050b592b9751af2a10c6a5b7b4e01731079d42bcc48949482a5364c199da6ba8bee4cb2f60c0e3316e9c85cdb41972fae880f621616022db3052115cdb34022ab4eb0ed7c2dc8ce67e
1787431952.197106 sweep:D7A-like Lo Rate (9.6k GFSK) RSSI spike: -45.5
  -> 255 67bf6b4cd40374f08c117fe7175d6bf829d6eae8ea7ac580dc7593201b842018ce33215919a68b0f17f2a2e879955ebbdc3c0a6d8073bee873b1b0e20615e5c03cd55fb1e399355d0bc659e2eb7bb140765579b5c4f887f8100dd2912f5a54e494f63bb46c2e3e44e695508bb3f30ef6338d655184bc4790548a1b9e9e5adc516f1ef9bd86a31b209111a94b3a6c61be50ff5322a4f37ba217c358387f011abdcef17929e61bb33bfa4c593d460a2e554ec54c9b45f189c6de8777ef8876d73afcad3f0a99a2f223cbab83fc4fc804b0574a2d6f537e9684011be32c6a2fefd0b0931b5169ffbfde03a44751593664888aae28fe086f81157da0784324e756
1787431952.197333 sweep:D7A-like Lo Rate (9.6k GFSK) RSSI spike: -44.0
  -> 255 b6264d7da3fce0aee8bd9230bddb2f2ed770f29da245bacc07bd650a172f5724d8f104d4eb5faa39725166adb25b4fea6a2cf70a2f12655164666dfe332be44e4eb8129ef6472fce781dcb31ea4d74839b26a18abd46d1d33465c7224230fe791b4eace667b1270f0a1601ea6e9807dedd553b0ca6fa982ae2b50952946c55770ae4133c37259b2d91968ce7851075d2e7bde2b3e6f70aa0f7f95f66ac481a0aab3761338d76d80230a0a6a59989b26715d4f290cc9c1fa4d45156fb4e083ffc71689689a8ef33b1c47fad20ebbe14f14a18c2389e7d977b9e96ee529d1ff4fe3709f5775bef0df13d625055514eb05dbbbb1672bcfd1a8f2a16075b1ad938
1787431952.197561 sweep:D7A-like Lo Rate (9.6k GFSK) RSSI spike: -44.0
  -> 255 0ddd1b935349b9692facea4a9817ae764bb06ee7f49d7a65134322bd88dca4e97321a20397cc37195c43344d37b002d6a871967bd90a7cd4e3829b5c63fc0e0ec2ccc8832184e5e5106d094fe3fe2a964bcd26ecf05d4b2843ecabe6ccaa56a4cad01189fd4cc254c34c454ccce4d6dd5378c589d0535c9ab67dd257ec1a21114e7c82ad67a88fadb18709f9bf6f757142de20365d47973955f2d09c3727714322969c3e3bcb802069118ca31a2fe8f4db3e7955fcbdc21bfcd906045cc9c0e1df41f2722b4c9eccdc91e2c42471fa48bd1da19f9ad0ff9b890b584d423d6189f9702d1377fcd472e092bce7f8ebf652a69d26146d2ea7dcf166a1416913c1
1787431952.1978 sweep:D7A-like Lo Rate (9.6k GFSK) RSSI spike: -52.0
  -> 255 2b1a1eb8d464a48c70f9d1e3d871e6639889a1ffb7c1a37bd548e931064e2a3669b77f787b0443e02a060b1e2ba07d3ef218e1cc5223637fe76bdac994e13abe0454bfec223c59cabd6c8f0ac474f1ab275c1e7cbbec07d5755e02e443ed1feffd23521e9075a8ffe4d9702de6926948a9767e39a3287edc1c764cf7a50ede6eb46bb516e3514e2c3f2b75cefe2cfbba6d65d81c45ba644f03d1da5550924bc31fa484db13e0711ce9fa126c358d268851e0ebf1ebffbf92e8ea7574a23eab8e5ffa4fa79b25dd574bbd1effb97adb915676ab94ebba62027883439cfe15b2385801f556c129e3364ee3dc3d46dfb238372c0f5c3d63e6561ea8b9aece7e1d
1787431952.198071 sweep:D7A-like Lo Rate (9.6k GFSK) RSSI spike: -47.0
  -> 255 29b3236e6fd250cb391fff2f3ca6f86f7fa8a1ed0441b73ac1ee79b340bbf8d2aeccd10f75e5289285a92aa1e4f1ed32d98652191aadb369366df240a6719d4aa749390876d68ebd2cea187a5457da2398f52c0c30c8c2780e81191f591b77f0e65a7500275fa61fed0f90337218d53c198effabb623dc9a736ace0a13e4810a979691d2bf9bf5747cb35fe59c2c334b2ad25ad137b4c45d2c582d410d2bb23139312dd46212a2deca15baabf7ccc11cfc3aa38dd1fc96f241ccf2bf85fe1305a2c24b33e8f35c0da5204e5f518bf43efbb8fc94c47eb5363953f7e37deca35621b7200c7f4f9c0e2943d160ce8706765c880fa9fb39f05b3c5017772330c9
1787431952.198306 sweep:D7A-like Lo Rate (9.6k GFSK) RSSI spike: -46.0
  -> 255 96d5a4ec60ccc9500828c8bb2163cc32ab615129cbb0d431c936a18dadd9e6def125e24cc4acb2a2ae74f4658873901e3fffc77766082f683e82b52571d61f7b57a598b0bcb156027ec9fd1b2081a62902636b69900c03fb42ce377fab4eff4f0654ceeacddd67c05e08b898ce94dff6978bba9a8bf3901bd21a529e7082b8da984c46f7448c66bda80d0200b69cd867cd983237eb53cb61e112d57de8d2ade1c169f395ac148be51fefc9f4e8b6ce4f7693c66777129d0d9d5f22c4d21a14f9ff9fe3519c487e97d5c5b289c07f100914e2fb45ae48b7f45f0d69262360ac2f11dec6ec5fdf9ada1e51547aa89c7c21c374c2367fb7ee5102b818a6dbb805
1787431952.198515 sweep:D7A-like Lo Rate (9.6k GFSK) RSSI spike: -46.5
  -> 255 efbe50b95fe8a17bd8f6d8bf6031300db3e0df7e90f3bb7b39328910facf97f479bb3ee309ab2ff600b8456b58a650d773797cdd8761f243976cb324af4a2e6a41f6161bc9fd2944bebad7c54797d8cbdf56cb68a20e745690a339da67e41820115d2431417f9c6714c96ac832ed4a8059fd07931b9bd0762e61acf1cb07ca753cd45f626044a27dc9478366be97463ef93472891250fde0ef8878f3fbeedad497337ad79cc986c979d92b6dd947e8e824d456ff4c41c0c3564b30efd78ef2816a16a58c7459da171b7eaa022489d1f36c4dbf7f8a2dfbe86f5e471b838f5210202c5f237b82d24da50722f083d0bc158bcd0dc5a87d6f29b10924476beccb
1787431952.1987252 sweep:D7A-like Lo Rate (9.6k GFSK) RSSI spike: -56.0
  -> 255 a7d934dffade88d2cc21361d0f3bf7e1c394f36a38665d701b805a4ec3884fbcd22b3f43005f398ad45d0d17955ec43ce8ec3f621d12dc09656e246c658f86e6a2535c61dfb589ea0b0b0de08345c2a092a5b7c6d571eded337e33c54eade9eaa5f196e72c2a21740142c8ff7c200d03d4138db2f6f15141884a43d0ec413dda4eba74b3a91967bbc7045f5a44fa24f7b5cc29ca7ae7576ac1e2b72d99533fb901fb2ce774f1217ef26f532ee6487bc8372e2dbd303232d75b1d2bf8058d993bcc8b357607e630e902575b77359b8918775b21c82ded497b92c3849ed66887e9432a98c4430396ec6361eb63eeefa476b7aa3738e9c7e31eec18bfcbd71a0e
1787431952.198941 sweep:D7A-like Lo Rate (9.6k GFSK) RSSI spike: -55.5
  -> 255 eaeb41218b24e7da2dff7d11a90b0215ad82fbe7972e60d9df6f7b5ec2ca7ba91e04a53e9dc89b2d9e566cd70426a5a47cf4ebdc07b1b7cdc0ee43b4ce5d769624ddfd7f6e9e093dc8528e223cd85f47dee18d1e5d130f39cf5bfae8d8427f4b0a42235b592ebe392472daef42ea78fc7493484e5854677cc7efbf5674b246228a6f0f98577af80ed21b8d0218fd865e87d5dc28e3dfbe16309c3dd1fd62705ef48f360ee47109a7e2e64e59acfbfcbfb5244abeb249e901bd150d87e38fec760c888c9d82c2d464a1a489eb435ce37b9b094045ff8f90abe4e5187f23a6ce6f63e1a1b6b778743417b3b77cf896da356235fefd15bdee707056bccd458f64
1787431952.199183 sweep:D7A-like Lo Rate (9.6k GFSK) RSSI spike: -47.5
  -> 255 e7565a7e954962ab0a4e1ad5faa5e14b477286589fce5129e6968a4eadc4cfd6e927b26f4d4ef0cafa7ef7f90e9808f276e9baf9c13cfbf68a8e323104e919b7d09c797c9eff1cc93c98c02f9f3f8e433ff940fd929dde24bf813bf833486dd30c8019ecb71efc06cc3ae327a2120feaf2bc2602aba65306fe80fe1de8802b21941b09a29429b9910aa611b94267c98f0747580d57915b52eb0960d5bb7b66b04d570872f09183612f9260a5f1ebaa60af93df6225e9ab5bdfaf35c0cca10561c000ca1a8d6f3c9d89572da40eff098fcb2717d6b0fa2a48141692b13c5c1dbb7d54b890a1d7d731594f6cd20021d4381b79b34f28a9352d3e353c4bec6fd3
1787431952.199392 sweep:D7A-like Lo Rate (9.6k GFSK) RSSI spike: -51.5
  -> 255 7dab32b6bab0d9f7779dfa2b6a11d13260e23cb66046144bdf3c0f96f2d77ad871397fde661589e8abf792c55df23c25ed1f843193980d945837d7754a7f41d56b4651620a74760d73f0846bebe185ae6d34a4c809d3b8b48a6f51f534c8eee6ddefe394479821c4b87eae1a5ab3cc37e833324a3b7ce70ee91b0d15641b30cd91743a303d842e33f059394ce421e67f2134635431cf8ff1c2f7c53da6037a86a2b2ba44336c414f8eb6bab8a3d5cee975a3a73b924b3b8a57752b6240a53b60927aa3e82ceaaaae0e3a2ed68585f8cc36f4711b844d8f20ac63e5a750e1a51c99a1a93039fc1cd38ce0f7cc365f16f9ff47c2e24a8b2a9f270332433d3ada
1787431952.1996071 sweep:D7A-like Lo Rate (9.6k GFSK) RSSI spike: -52.0
  -> 255 75064fdf36b162b47952b17ca2017ab9c31ee66bbd6cb3a6a17c8e330e5d843247cdb67eae1eaeb02548bbcfb1f50222204331d92cb2336a198f0bdec8ca81fcce687ad6de24f8cc775f71d701bada2a9e9f6731ba6155257887a0e472a87b46265eb2f8b87b085bac203883d0d5cb2e5d7601cf3dd801bd146966545e0dd9b2b98f0b8626a8d09e1c7d932bbda4d6e1bcf559b04d37b095415373f797fee8ea721029dd36f433d9bad4dddd20b50dc7e528b5a0dde54131e9dbfc225b8a92f1e8e937dd3fa55548a413abfb061d66c057eefeea88af87d9d4e43cdc11867ef4495bb0d7584553d74cbf894f43045b090e06fcd82096bd33c2a073ced16b9b
1787431952.1998222 sweep:D7A-like Lo Rate (9.6k GFSK) RSSI spike: -48.0
  -> 255 328eec9bd1c2e062556e6940de777cb19777b71bfde3471f598bf5e7466d0ea3d1ad55ddbece99bab07a8d7c8d5a7e4fb8c53af9d5f97d434439c8bad63ca3b732d2f9a567d02851ffdf2b2593571f5a9c1d19d98ff31dcbfbc4c409a068ff4d562ea2dc1f835dadfd7bac11e5d070b98b0cb2f8b20f7657408d57ce0c5139e6c304367579b99331b5c1344246622bf31a247968ee9641574b93c86013a22caa16c29fceed8a8a92ceb28f957df8f3d232b0aec03089749d1c3ea83c841be67947f1de3421b9469166b3d9ac176c7f25ef2d4b6ba8f3dbbcbbb2a44a8fab2eb28e664d9bd6c76f6ab351b9366fef1736385324eea462a47e374f283ebcc453
1787431952.2000508 sweep:D7A-like Lo Rate (9.6k GFSK) RSSI spike: -51.5
  -> 255 d183f11bbe0cfb7a2d85c3f24cb92f498b3df768a90dde1a3bc3d80cb1b6e2e8898c99b3d28277f899c4b42149b62ea7ddc764337dfdcaeff515379ca2cd16bb64496fff420137b20c0002b2d241164987013b70cd2c97899819b547486d94eca2b37dfcbf2c76dd6d15ff28d9ad177ad320e32b3ad34e1b0c9883c56a24521b8d31d6f1de4b845c63620a9f37bcdccc13c3c5f5c0f725e2ce5878f97057f3a14b1d4f9cac836116334a897bd65e65c3fcd761ab678b2a6b4dfefdff5e8c9ecfd904eb007bd26f83c2a2ff92a1ed9d888850aa08902208cb34592ec0f9703ae692850141d6625fb4e26dbdcc07307c065e4296ac769e898bed7c1d947fa0f4
1787431952.200296 sweep:D7A-like Lo Rate (9.6k GFSK) RSSI spike: -51.0
  -> 255 b73ef546e8cf6a6e318d49d140db4385988007b68f215e1e8cfe683fd6d9dc003ddce12cf7c2838ba9ee7c14d713f6165fef680a17233949884cdda55532002d142188523ac6233def4c291011b9169212275f5c070f23e1134ad5c301c5fb5ce1e40e00c9fcf848ab01f77528b5b48c5e8d54e1c02eb6d6a5d34ce81cf5544aec54fd30ec1861a54ce9a83db086be36d40f1c87236201f269d2b66f6ca5391d6df65e611bdea645eafdaa159d4360ee59691fd4f3030a7d3d1f7678bc58ec2c00e55a0a71583e0bd4e0b43105f9b578937c3dfb62858a5d3586dff5d6a2e2131aed6368152b3fffc74ee831accbeac0bc35b9b9b855447d5d701ad53a7a1f
1787431952.2005172 sweep:D7A-like Lo Rate (9.6k GFSK) RSSI spike: -64.0
  -> 255 34e2c403a705c5de2da5e7e606c4acf94e4c906b47599491d14f3dd2d45b754075279e47bdb886f00326aa9c6b2873cfbe5b154dee9fc6937d449511a643526e1f151c93f89c62e14e0323c9cf94f32c4c9acd96a5e0d984edbae8ad2ab582899f48e5a72519cbfb19311d68ddbdf82b71d4f700f86b66a6cf2ad11c9f925a33386ceec5c158464fb0303187f2520b2dbf0bb933e0c6001e0bd932da061b8a5572f7131067a3a3d34701032015c64b54013fd134c5db2f9836a1a8eff04f9b41112737ace7aabbf892e01c8262ad3edc69a57ebdf7279e71ecd513cb3f5a6b14ec731c18c7ef97b9548c1707243fba73554ba0590e9558b27d4d6e096297ff
1787431952.2007391 sweep:D7A-like Lo Rate (9.6k GFSK) RSSI spike: -51.0
  -> 255 c696e5f5a751b4e2e2f664b13dfbfce2744b9dcadf6745434692d838a1b4ebdeb2d5e6acbb1bb0a88f9f4b01bb9c721d5a16365b0ae70b32a2f9be9e75eeecceaf85982967cc788075d1d4fbbe89b6aed9d7bdbc7d3eb64eb8faa76691ae3646c73f3dcb8baff96c634ed968ee5102c4a3a75155153f460781e089e116bc3d50698665c29a09e6563d2b1e1706eae69af76178d02d70906da6b6ad1150f306cd3aed6e65da014dfd958f848df2e9c95e02f77d6ff9298be38e9b0e2dccfc45a8d534fbd46ca58e4176f06a1c888f5f50a35bfc9d90f0e63a443cc607a249a54e6971b5933c395a90dda754e9cea843cf9f8b9ec31395b4f3d9f7ccacf40189
1787431952.200947 sweep:D7A-like Lo Rate (9.6k GFSK) RSSI spike: -45.5
  -> 255 f5272b6c23e3df8cd5821bdb9a5053b20997d631041361d9bed6c4489deec97d0cc47ccc02e790310433fb017003d6755646b5c291fc45e4de1919107554b16e141acebc87aff2ef60baf47141f11aa80dc25367c07ad0c01525bf921a19969aaf90cec2c524379116cfd7ad83a700a2605389f2123d41b273d67fb3b092e749343217e04a3954a4515e009da06df19e87ebd9d88d154c73d84702697ac782ec1ef38d9a2cec346b7845dc47f9ca472f51c513bff431b41d9410c522a47ce2ab3141bf72ad65092441cd30ed5df23477620901b3852782565dcfbce02d19a8aeee136c55b09dd640ef60905de3f09b7cd08bd939b7adc2a0a9b457a57cfed9
1787431952.2011971 sweep:D7A-like Lo Rate (9.6k GFSK) RSSI spike: -53.0
  -> 255 c10d4737550fb48922d14eded05cb3d110810ae38f65bf603bbe5c562512178be5cfbc6e2f597a86fadf3ff04257e55fccaf34130d63ebd33d1bc283ee3cbfe90aa34d6e1214109cda3dfc59be68c09cc29215ee20d9cc46c9998efb4567784a22fad921fe51a915fce4f9fee7abeab8796c2da96143fff97171fb27ada6f8f56894799e9fb92cec087f4beff9e901c6a6aa97ca9b5738b1b35560db55c09aa77084a01f91618031f98135dc9703de163a8c85d4540027df58a923766b6fe08a0ef5ff51b2d02861ec61e00d21e8ec1c4cb0d4c29303e77714ec79f81b50f4aa0fd0e4f6a38161f505919ca015609d02b50ddbec91aeb6b610168201eb631e
1787431952.2014441 sweep:D7A-like Lo Rate (9.6k GFSK) RSSI spike: -56.0
  -> 255 bfd0c6ece36de41387f48e291b9d857e7eef12e375cf2adeb3c3ef4218c3a662b23ab315cba224aa4df735ba6f71cb9a161f13f7e21463b01648c7c270b90cec6a875a5f3c8e735d9dc76504d6bc0a745d91c4921af88b1e79171cce90e7206019132e645ef7ce773845a82c8f502fe4b9a52227b32d7b4af6b181a057e02a6d211852e6e9f699f95f22c7f191a442af4c45bd91968435f9120ed2460bba8e254bb828c2346b0ff34d67264f9aebec05fd674c3f6c56575c5ea09161ecf5dba2527e73621957744fa4f848e771115139c1f07ef6e1e37cef8e9e681942fd483a32747a76bba18852c97ba7c636e39e959983c5591b2a787840fef36720e136
1787431952.2016551 sweep:D7A-like Lo Rate (9.6k GFSK) RSSI spike: -59.0
  -> 255 062ce81fea18eae5769f26d6f3e1377ca415d8f11982d381663aa877263ad7c4d8e70d7e2463a617079ca269ff57ec1adebbe2b080b62aa333746a3f27a3a8eb521b971772a0ff882f3972a65b9b9cc4823f35ede3eb6ba4f95d5db8c22c7f4b3105d7260d707ff4f99b002c3f7ff6af753aff6f08e396e6f9d5135419c82b4929a27e7b3c6cd86d449a24db4c23eab54eb68d44d60e1b7fe8e159159fa898e66efe36d9c2fe0d1ae61744e97def60a49a6dbc8b0e4b30481980393874849d3fbb5ed398387a4a0c504853b370f0dde1bd1465d732917212cb1593781a2e31d811a5fcc275928e1a2fcaaa9307ca6ed481281fe228f15c69739bda39d9fc2a
1787431952.20187 sweep:D7A-like Lo Rate (9.6k GFSK) RSSI spike: -44.0
  -> 255 92aa1e61681dde1e10496646d9f20af86b690af734fa03b78add986df87f761af85a7a15d4064ed9aaf9bb76d68a4beea4735289e109584a81bafb0ead0cabb11d0ebd27d1b6f4f84a89f013cec1b093c8ed928e6e6764336244c303df71cb8d80fc4f68b35ceacce8916f4b5db42771b7a79e3617ade8ff55fa2f03c96b31fdf98217c24e1532203a17a95641f7ee5b9b4259b049f6c63dcfe1781660442d5f87f0f7d86d0cf530890869427762b5fbb2f8724f8b587021f794e110123c3c6e291f7556f2e9bcad2b8a9189b8d80ce87cf02f0d90b72e8efe7e0fccea3c61e3166d2b2a49a7bbb748a0a13541be2e6d3a305d6516aec6d560a189151ef574
1787431952.202086 sweep:D7A-like Lo Rate (9.6k GFSK) RSSI spike: -52.0
  -> 255 5ef2bc7e46c76033656daf050c7c9ce7e52d5d7eee783f59ec7e2dc4fb95c5d81e5cc78cb3535065df0ce381d258b60ab42c84c23410e324fda10b1aa01c20c27b81851b58e7d38d0043a7d2ad50859916d11cf00e4a49ded032d7b6628a9f43f670a058accc25f4eff367b083efecbb4167aa5bae80acfbaa3ac2e0decee608999d265e58f887c28bd8f60c69d4a5979f87983e8b912bc2c0e7693ad4443143faf6682630196582424c24f99d6ba463a239be4105298a24051a72a92593af92eb5736c818bdf58ccdf94b4a46543b3b5c7e0f768998c8bd0a07554a052a053012796861036ccbc4312fa07aa219ac889602d0944511565b9649825420e591
1787431952.202323 sweep:D7A-like Lo Rate (9.6k GFSK) RSSI spike: -65.0
  -> 255 70346764a96a0504fb738b57d884138c98c36be545e5510700e0573aa28ab477902db364b2be1555515160d63a68cfa71d623550573d383f2cde14a76bcda5035eafa7a51994e59437dd756ddcb0be664d03c8f589279a32762ef7e373647af78cbc2d3604d11e8e89ef7f032237c78226f5478ba88e4847e5c2405a6ba0fc7de855d45a3a7342031c26ce3a551f6b5d796326012af71eb3ed9b7444db8d0d6569f3b8488d9a682621a9979f80171b5db7d572be86380a5fc22417bab601590d8a78c0c7035e613a3f43231fdd7f79c5c0d8824e4f07b3dd3659b3897836484d5f4b5fabed3c967dd0d3a95f1646a308383200f6b6e1fa9b3ab72ba75f3769
1787431952.2025542 sweep:D7A-like Lo Rate (9.6k GFSK) RSSI spike: -48.0
  -> 255 546ba62f438d15bade3cf2fd3487c35ce055bd1f64ddc911dc20d2bf9ca227bc2fc6e4bc949a3cb3ab0e7370c129a74231e08073b955e28e85f36bd3098bc7c2be28e944d56f2b7507356700e72b751f0097d28b238b0baf644b64780af8d45d6b95798c1cc850a91063bc89599cd775048f205e33451c5160d7b34b79c84d39c15d5de28cae155842a4ab9b73c87a1e3e39d1a7b4c0e0cb7b58d14d7111c68976c2588b29743851bb4e225892bd44ff8c0a3d620ce4fd7d0d2cdfb7b97aa15b3d2f899e101cc01cf646cde8f529ce5ffb6ef2f436948290edfd617acca6661a499176a969621886728282d452405ab26b637b2ce8b9433769d83f57df3f1d
1787431952.202761 sweep:D7A-like Lo Rate (9.6k GFSK) RSSI spike: -49.0
  -> 255 3fa84cd845c48b8c9f4fbcc54b643d1f4b9580bdec39d34a9ef01a8fe0e08a9018874b3e69d1f2faee4b5d13fea3aec3e10e5884b131a86a521d1eadb77d76ecad018f3d847d990b7646533a2d7219105f7093a4cff53010dc0a3dae4e2f6a27fb7b55f902b928eecff772e85cc50fa062bda1f72d482276280c753d298a8e813efb3a9a1ccd269d1cb703e3a2aaa88e59647b37431cfefc2a03fe6c647ef34157aeab3bf43924f77dcf1df671e1de46a68a13851520da47eedadeda0b62adea7ded1bac8d931429a8e94c0a6fa0ca2bf1008a72b5f1393a3dacd601c6fcc515e9d949d52ca2b2fe9b1100c1e228580602019a56585f53cefb7226014a4754
1787431952.20297 sweep:D7A-like Lo Rate (9.6k GFSK) RSSI spike: -46.0
  -> 255 dbfeb7b9fe19968cd447bd16a2eb2da3a069ab0ba3d87364b097dbea28fbaf91bbee19c60d442fc56994035470ff9a787c4d0e645ee7a003bd42f87a3f22ad90aa098a98eb453ff3d9117d4399cbf9ce419bc93fe88c541e901a0011b8b29c5c780d2f35337c636ead0bb91957da79e543a4103af7039d8e21faa59e6bb89177b938fd5fa5a5430cb8d4aa04e4eca6baf5ce0420a12911904ff44efad815f0080f5a362b8fda31c03c667b7bcdaeb60d345a537be88ae6b468f8c5c2fc97636ee92dfad268e3928a3ef79d1650c4aa377ee4b7063474010c23717f1db95fef2661b0dc86bbd6f586eda8d893c35cb34f8c302817899ef64dec36c73f0684c4
1787431952.203198 sweep:D7A-like Lo Rate (9.6k GFSK) RSSI spike: -49.5
  -> 255 ebb14328935c5af3f4160d4670e11ace9b13ef0e2aebba3c9c955717c40b74a8c87fba6bd0175488fa852c27a3762bb9f1a2a9ff7de21b2c5a40523d3f82a49c005faab1e22a3a5f779522bcfebc0005a97bbcd920ad8b43c1291380f191d4a77e2123075902337ec6ca36bc6d9332798bcecb1d1eca82a2aee9a0de38546d2706b3a6613a838b2ac05dcc713753aa90e83def84f4e436ccb37bdc3214a56f222f5876c79a3a4f4578112dec3e89db2b1991bc5a325074c509b65aa8a24e302159ccf24390cbfeaeda4c501ff8e657a4a6257a17b03ee2bec5faa5b9624535919df666d237ada30b561dae975fd53195b5b7ba62dc233816cc49d1d63901bd
1787431952.203443 sweep:D7A-like Lo Rate (9.6k GFSK) RSSI spike: -41.0
  -> 255 ed927cd261e114504b72c342386a7f3624a69bb39e8b8fadbc7a14e089f7d5d2f5aef1b9f7626880df7456e9a7d5e89b2535c334c7ab374b0e2f3abf411e98369046ce87ee4a191c50ff099fa61536da0e1ff8b3acda2df5d287df6bfda6aab1b45e748b4178f82c5102470460bad261bd85de7854b393a463f52b20367c54951ba19a5c5294bbb63a0272d1ccb3a34e42f5efe0e5f28ddcf6c2dab9128ebe21b5dc1d19065717450ffb927c4f1f06a81096580828a84ff5e7ef7d5f70517fa198d139de5c14a0c4195fd4b3fdaafefc5d4c4134fb62203b4bf9f910bab761b45181f396284efbe91ae34750a78f28b93019904d5a130d474d4131c1902f05
1787431952.203676 sweep:D7A-like Lo Rate (9.6k GFSK) RSSI spike: -60.5
  -> 255 63f89174ed98b1c3fa6effd2a50604bfca66f1af2de89efd5609463f71ef4eb0ffe6c462dac95a655b485aa3617bcf9b37983981f9bff3f5e5cae1480ac38cf9bba522c6a44c95fb022d133badef608040cb3a26cf8bf277c20d63ed1c9631c23769060248fbec543ad7c6c57eadd1be80e234d396e415895531dc6e3f3fbfa7210ac7d5897880f74fa85af2f7b5db3c5a0fd7a0dc0e28c9e5eb1917167969156189a4d761516fecafb680826867cb8c6c387ed9d6810ed9499ce9cf359251f0dd60f64ac2d47d064b53415a01b5ce944842968d38105afc8a6aaf4971a433aebd78c2f34a15c403080d573c73b184b2b6b72cfef60054263386097c98821e
1787431952.203885 sweep:D7A-like Lo Rate (9.6k GFSK) RSSI spike: -48.0
  -> 255 19050b1877948ee09b16ebe4fe27bd2a78f01b97525e9629788893059ee31365643b8b1cebd68a4ed05bf239a1cbcbd66f63b00012eeae4d32443b0ed36e63c28c82e2365a228850518305227c27ce4126fda0dcd9a8a8e0d8c780cd271118f8dc07a080667d3a0f57ea6854aa271b1db281348ecc591c508da3aaca162391ee3e3590422e6434d4503ea8cf6a729c64bd970c6ecd297c8f4ef05479ea328a2af1b75b41d2011ed625e2077c637d797f32ddf80a57b101e95546249236381ca78bcf04c123ba5f6c461652d61de6ad367fef5538346e358a96ffce85adc918abaa69a6fdc165be460fe20ba91e550396a986e3c015b6b4977e3e072c5fc920
1787431952.204159 sweep:D7A-like Lo Rate (9.6k GFSK) RSSI spike: -47.5
  -> 255 13125e53fe4c8359757502434d1c32878616ec8623477561814f082fc2669c6f6e10a73c707fe2397ac2b085034725291636390e6ea5473822ae6ab00b9081a13b447a23a1b2aba134b21c45c2b4dd6796a1dcd37b1951b88cf43ee193190edb6e800d03c8a6a1ff9cfdb00a28d57df2125a228b882a25b64f46a08f2878c20591fbde75e2e78d5901a8b433c0ed107d4c6f4c5fbff316ec77f40af9140b113fc24b7d47301372870bfcb709bdb5205727e5ffeb47b20e8acd33eb8e94a7ef847b71aa6a9f43b39575c5ab6f1ede0f55753e59784f70adcff5a1e105c95488b4678402675adcf40dd76b39ff1e4de2312a8eb4f76701972cecf7bee24726bf
1787431952.204375 sweep:D7A-like Lo Rate (9.6k GFSK) RSSI spike: -58.0
  -> 255 a31d62d6958d1e231e63038a2277aa2bd21f80faecb60a699ae918cfbf63d92055d5dc3454c6bb95b2d071f9e1d9d88e06965e00dc73ad1ad9e4a796182da63a0097e3ccebc495ba97474bea7a3efedc3195de26bf7381c7750afc59ffb43b3bbb4224e49efd6503190bcb01494e922f2ad266d3a632dc4ad4fc0ca9d609b3914d91dbe33bae7234e1fe1312b3a9bbc42c4948a1336c952ad51839c405841b25a0c29200850a70245b51da6b8da349be18a6875d18f67f2ad5e51ca75fcced342471e1ea25d55c4165a9b7a6308add8c38a83ff1d040ffd69b445cd6d652657ea884b7e27a08e7d9061b65aed98fe374ed8140a18960e693fbd88fec44700c
1787431952.204601 sweep:D7A-like Lo Rate (9.6k GFSK) RSSI spike: -52.5
  -> 255 1b7d6605a62dfe24eb954b59a3e8c1cbd34f727371b8c2a62ce1c0cab969f66b569fca99a99d5e983560828fe97efa25034838cfc1599f744490367f8f034204ea33edba045ced9ceb975676e9c7965c5b4807853e676012f74fa9d3a18610896699ca44b092f44f9ae1d600f1559d63d984188c594da65c1d21da90da244535ba1dd5a4d6e4ac9bca90c6a80e198101f651f6d2afbc30e9fbb891cea986f24b69ece5214ec342615d55f793ee4cb72cba32f239e82c96688c908b1c44d2038c24fe402322df7d585fc1ad83bcf03300618d77582b255da716048e30fc2f97c5608d506391dc1b29ed4cceb35919f0c9501e2d89713839871b49ca0e1c89df
1787431952.204809 sweep:D7A-like Lo Rate (9.6k GFSK) RSSI spike: -50.5
  -> 255 8f43cf27622d9aec5b26d59cc784dd3b00aa257e8c86270997fd1dd017e0e4da1b1dd7ed8815d3a5a3b2f44fa497c48e5fad8d186a5a0c8856719098e0d0d9ea8bbe1610063cb75c4beaaa33b9c3580c5753410f8bf60fd3a7c6044d6351015fc0e1e206782f416aa1f18fb4e9c9495916cc5a82c6a07c17e271a89c8f2f3e842fd192beef31372c0b4edbc034db9c5042696b21febf7447a8cc050672007be30c0b5ec9627010eb07690836a4a702468206fec1ba41584d72b5e5b96e7d5bde3894528e77ca9c7eab2411da6d4ceef51b49e3d9b2eac0e828dffb6487ca433e8f88ce9476002275a7283305efe2d460b1bb5275fa8fbe9531924ec3c43ee6
1787431952.2050428 sweep:D7A-like Lo Rate (9.6k GFSK) RSSI spike: -44.0
  -> 255 04fabe21debc9b76730ca209da3c113f9398674a9ed0b3ce69b91eb497c499f557bec6b4605270e901df79f849761689818833062db645bdbdee84200d5f8770587a284bd14cfdbdb9a93be1612d2b4bf3f1ff1f769210abce0bba3ed7c7bcb3e21e7d7e6ac278dc12cac8352587dd9c3b2a32c4971014d71601de2572a2d66bfa4707921949db0d2381e1a1fa2bbc80e41e796e2190970b073a63a7406c31c348abb14188661d24b250b6cf66581997574696828b3f15bdd65616a573aed097212b43b894d42a826a7318c02b884ce58d0e89b05c914ca1eee9bdcc2845a05de517772bc10e538538f258718b531778c67af531323235d9fe5b1ead30d4a4
1787431952.205259 sweep:D7A-like Lo Rate (9.6k GFSK) RSSI spike: -51.5
  -> 255 56a040c25acc936e9c0e4f6af37f7e0716638a98434fd65287e6d8b0c4fc06602cdb0de185f45dc22b2913161b0452cf6d2f05cb332aa7045d70d8ff2407dc6136c0c0e17f2b9d18e78f6b1c38385c21d16f8ceccc5d0a34a754972da8a0803796bbfd49bb77b4ef7bad736d9f057acb9459878245c81c73a09b059e1b648391d3991cb76a8ed4d9ad94a343f9dc4ab558dfcfbacbbcc3c45e98ced1ec740e8432d280477c2dfd8b1e34fb9d475421cf4c03992aebce79b84ef4a85e50a47017be9059782a179b69f85904c503ec638d467544a8913474cfaa6d1a4adf47386017ad1b48a60151defd72ab0e444a96e4d1fb879deddd4891e9a7264ab5c2f9
1787431952.2054772 sweep:D7A-like Lo Rate (9.6k GFSK) RSSI spike: -68.0
  -> 255 5468a15600b3bdc956142f3bf768952e3e2029582d4d8af555b90b34ea3c294bbe37b0d36e2b84c38afd9e1ff00029f6d63da3a5b7bca41b58d396bf1e8e078d496ba75e4ee73c5c14703459832d90650c50085769e4c807fada5c0fd17e4ab7ec785ac7262e370d75fc87a1238291efaf016480508e52c7d78262fdef859bd3ca675fd4681709987ab0256e05441c5e9e8a98c86d212a62d41e202c3233f3f15f9c63f96218e2583969ddc74cb8392c88848b24fe6c409632f7ce4dcf6689f00936c0b2500488aa45454970d6206a8053d6d2fd2247d09058507931521d61275c39e8f241d4d9e8ba1285da0bdc01ce51cc915222fcb1f55b0bc5f235eea0
1787431952.2056892 sweep:D7A-like Lo Rate (9.6k GFSK) RSSI spike: -70.0
  -> 255 3ad6dac8336f6986175ed44292b8dcf22a6d5067ec42c2de300a13b051b0da97ca38cc055c8c129e8ad494d1f49cdc4f69001b7d074d3f9db9ceb007dc796aa8560a8a0237bded1bb0ce52b3c7990db41eb82998bb6901563b1cfd36099416d054cd5c06a8d1e3ea3bc8266c54dd4533e2d60ae69c995a552ce1ea4ee49c439938f0fa62e239c83254c05f8b06665c0d4bb7cdafbf4cb245b7327bf1eb38b16bff4fe9cb93625f65290c794ab0b9a254859c6cac8a56cc8171505cf0495882f19c5c8c7e2bb5d8b0a7a45fcadaa25b06dfedc027926fb484aefce5d80e85458b4c72cdca141126a08e193faf917d85ef601df3a0d3d9cbc834e02eb23076cc
1787431952.207463 sweep:D7A-like Lo Rate (9.6k GFSK) RSSI spike: -64.0
  -> 255 8123d2dcd90e174c32f22895e254540e4281ed522ab0401d6a7b9fb818b7d34fe96cabd7c86c8bf17c85d5840eff73d08f6b41a7fe220dbc2941fb7357a7019d8228d1584ed450d3a9eb032148ecf52dbab8da5dc3f34c961c681ffb39550f75956be12716d01d46b826652c483dbaa7c1ba1bd850d1a2e75c5a8e45605631f6cf1ae1259f8a6bc4ae09326b02f1ae822fa4fc8f92e641c07dab0394890f96fb7b8bdabda088e91dd18a6d32310b83c4bde3f239b7531a253525e5c8373f9a44e2e8d83a7d8707deae9d2582a6515969d0a5e18fe0265b2f7cb81babec3afbb60c53a0016a94f46c5f9d53e61a92cdce0a4da17abc5ccadd81a0d058585e36
1787431952.20767 sweep:D7A-like Lo Rate (9.6k GFSK) RSSI spike: -64.0
  -> 255 1aa080a92c3981501e9a596ad830746b212037ae1e83936e331028507364c6d7513b22e30c8d2a441d7df390ef6f012e7db7ac9768a350ad693bd75f59956c29450d59c33ffe82a8bb1e361b5fec06a59f3eb14dc3536c855079d73b74da9c458a80f1321c2c03e1d2575790253f1c5754efc3bd758f24eedad73fa601b285c194f2b0831948f54ec9885e94e928007f0ac4eae7b33dab771b97efb20ebeb866ac724f739aaf3be6f7fc0cfc8eb6ac29957a7a290baa23e8fcb3d8345251b17e580dcb11bf190c4923d0d286aafd6b364c10719b9e0367a5f2944e5ff5a584391d603c2c941054e9b8cf10e1b3ffe5aa590ff77aacac30997a8f791ca7737b
1787431952.2079098 sweep:D7A-like Lo Rate (9.6k GFSK) RSSI spike: -63.0
  -> 255 cfc4d1228e31173a686d95c7236abefdb676274d0a475808ff3c52999a0733e06e0567a57bfe92febe2c5a8335958009dcedba437ce37ca766c93c925afec7e0afb3d73617092d561bcea39535589362bda7802aac328c7dec7ff9318e9dfba4920aa78dfe9ba98a5303fc88ca9edf77fc773afe52116f78c519bb8ff191fe3f499d5e1a4eeeebdd75fd075c166655046bf3b049c2162a8eb2963fecf0a052f392559479c0888e0de2a6538c7f4fed5db3c623e97424e943b5987f9c7b6c8ea27d02abfa30d24b2b655e070bd7936d73eedbf5a62a236658646b5e8b1d387cfbd6f9f0a47bb27d8428326e9bfa5e3b47cdacb995e06e5115a2e89beccefebf
1787431952.20816 sweep:D7A-like Lo Rate (9.6k GFSK) RSSI spike: -63.0
  -> 255 0c641ef8801a0f53b85cdb447d8343c0d5179ac93bb1720fcedfe17acd964ff095bd2ceb8b18774c51e56902ce2f9724c15ebeae7b94ece244247c0e65a825d038ecfe2dda0b3b5d0b373185ffe5d49799179929fefdc65d0a92f9979651d7b4381da1a271083346c85028e7e3f56f4a70fb2f157fdd05143cf8f1440baa352b8a0c35185eee77150fce05123a247552e59486c50054d53cdbd18428df5844a7df96b44061aae56b5c6f6a496514776ad5554915778920f5e3ca2c95d9d29cfae69c664e5801f64763956b4fc355ff159c9654c525bf029cae54a4c8125b62eef55be15362445c8c5a0419a8ba5265fe531a693baf54cf152eeb8c72ce0a99
1787431952.208378 sweep:D7A-like Lo Rate (9.6k GFSK) RSSI spike: -63.5
  -> 255 c24715242845449d6e95574d386d7324733f5d121b176bde9e6b10a0ae64a8b1e739e408d04606970c45669cd2838cfda50be9bdf17eaaa9e627f39d8f8d64a0dca9da283e91d3ba6cf8d8f87bc34f1af4c03fa095f20e8701b66e89b4239cd31967c5b10ce976107d0e5a46ded3cbb21019eec7ea8bde5305aaf9360e9ef4bc21cedc91fa2a30478901f49fb4c2676855d683aa04495b246e98c5834aeb46460ff894138bff9f7872059cc7455597b455fefb24bff1b1e5fda441d9685e6188e066ac9fa08163cdffcbcfc2ca6ceacfebb63e5216e256a4fc4fe9020a4a95876f3c96662a05e011000321f9b48722b7bb91605f311111cc0f327457f455a9
1787431952.208589 sweep:D7A-like Lo Rate (9.6k GFSK) RSSI spike: -63.5
  -> 255 2f384124d169dbd0cf3c8b78c2a4e892ad51377641d5c94f6008e096dac4c097291bcb6eba4c0147e7a0fabc5176d4273c820b24abf757287ce43a4eb8f21b501c4615fff8bb745dc25e3dae67a4ed0514c8c07b3fe3663e72c981d57098129a60bca9214a4ed6476b65ad1546ec26d17e921077ca2b8abbd2275b459f22a3cba8cb3e1aabebb5ad05509d638be990a5793bb1484be84b250fb66e252a537c82440d5642ec892b3098be605275f9553cbda59aa7bcf01baf27745205af339e6c624d99cd7567c2ed1d877337e2f93e00085127585fdfc8ddd85c76ece8cc2d8ce899cdc4db91b6568c4ed6a401dbe0eed4fb542d63957a5e5e924cc9988efe
1787431952.2088299 sweep:D7A-like Lo Rate (9.6k GFSK) RSSI spike: -63.5
  -> 255 7c7bfd209600b58bc81cb8e43fc18136b89154174beafff5b3c35387156f3a2c7deec52602ecbe3207999c16afde207f6414deea1694c6d132d4ae2ce34bea773be1317477b68a1cb25285b01477ec8a72cd6a44125ccb518a88643cedec0af359fe4dd87ad4f721d21e48ab1f0f627c764561e041183daa32353800d88a198f4833b13fce025b75fa5b952301e52c11f50ab4156666b265bf44307aa697bf193d0b98d9b1cc87c68097684a2a011decb2096727d05e10f671c6a048613c0714538a82466fb146518aa91ab2b948f01b966bc5a2ffdb989d1f7503fef7872752d0040ca106478017b7a9013d55b17b822225dceb737b7c4c5bf7dc5c823a98
1787431952.2090728 sweep:D7A-like Lo Rate (9.6k GFSK) RSSI spike: -64.0
  -> 255 a3ce1b894b27047f6d61112885a0919bdfde109307625f8353735ce8dd3a47b78d37da9083c75ce755edbde76af07a667ab96bf4a1f5e09feb791d9ce7a2f37b95685795e0a6f40ce4a6ca1f6e2ddae05be692554e8624a752ad729f2ddd08acbe1975befcda19e0d75ea3bdc869a33fbdbdf8d1f2e0d63e39fbf3078db95270a8d3784d7f96901e141985eeb3a933bcf83f8b7aaed49c405dc7dd42989fd6c3a4965cd7fa4bff4c671f4c1a77119ef19d3b123428c802268200c75bb4d995d3ae79b726e3b8fafd6383e3df71e4604d5a2a8071188fc5eee3787452dde3d8b697fcbd31d3da754c6c87f2f44267f21edd5d96fe925202b82882ef5f0d3c25
1787431952.209321 sweep:D7A-like Lo Rate (9.6k GFSK) RSSI spike: -64.0
  -> 255 197405d551c38c9818cd575a8436614fd655dafefad83b8d64776290b2970170b17fea1cfdd8bef16a629c4051ea0b4f7d74bfb2214c417a40c651086241c8456c00f4450d41f1ef8fa50e48ddbb096156d612257ff9c8866c410893886dced977e5167f69f29f6df622b27791dc3f20ab034a49601d1a66735f0196460d07297aeb0b6a1b9345bfa8f14315ce7e3a46af355e10db59748a55986761bd2686b0d8eef8abef422fea902a2be5ed270ec6af226c8db18598f6615b5dfd18a0906ac25de02da0d7e97047787b7b2dc7ea913170538f87779f13fbc5d14562fea1a2b8c6f68bf7061ce8ea148fd31e632e4f36eef8d298b84d474326d0a5a4237d
1787431952.209544 sweep:D7A-like Lo Rate (9.6k GFSK) RSSI spike: -63.5
  -> 255 0ae48226d31865c280000000018000000000000000000000000010dee022104174611d8cf8289df677f4808ce68433b326afffefdca10e11b0f8306358332528d762c9a62bcca9a79983ae4cce2349d88705155dbef87239902ed0bb12f9759aed46f4a71898ca925930af0b26a208fe4200af8c23db7d711717ddc7cf21fdcc95bb2703c5b5d3ef4a800000080000000009a6216c327502a3a36dd62c4cf982a945a10bcb960781117273632bdaca3928051ba6fb30070eaf18ecd1cfac1dfe3a100c4cce2ee7ccc2dbe4edcfaae0e87a2c9e1fa8605a82bc92cb6ef7aab7248f850ea5c723954069a0a7aeb6faa314aff624c5c9b8819b966088147e30e8
  ...heartbeat: 120000 iters, 26.4s elapsed, 75 hits so far
  ...heartbeat: 140000 iters, 30.8s elapsed, 75 hits so far
1787431965.554662 sweep:D7A-like Lo Rate (9.6k GFSK) RSSI spike: -74.0
  -> 255 292fa10da14d0095f26cac998a252c19d1c0c25b4aa1f27fd92b80381da1ebeb68d6b78aaf25646ccc42c0dae4d059ebb1a9289a45436eb8257d8c7e14594b64cd6eafa15c8280c8ecc908d8964a80fda1698377a7144c96ccf16e25cbb437b7122fb06006f6b90a7a3be6e9c03cf5bb5537f3cd37d76604178962ca4e86460fe9c459f2c69e37c9b0f4a3b66f23268763dbae96222e7a637a820f92b03dafbea7a0a23ed3d9e85d96a531717650c85b7ad101cd6e88924487bd5479a6067df7f01f1dc4f8031cedeb0a76a0f3a97be0346df4176ca0970058e7124f2cac371a0aba93b885780e3a30c42d442784f398a8d6dc693469696f50bdf002d3619a
1787431965.5548851 sweep:D7A-like Lo Rate (9.6k GFSK) RSSI spike: -71.5
  -> 255 c253dad034e4b8659a6b6f838f16843543a8df55bf6dc0843d6ab744c21fa9d5c3472eadeb007a5983bf44d6e5572f2933c6183ddd086d8c7e7fd2557320c7e5015a6001f9aef0eaddbd724930e25aae1dc7cf84bdc46351bd83e27ef6ea895c850c940fd9d827dd0d9193dc461fb7a688bf25db72eee0f62968ccd1d325b89841e6aa1af6630b060f47acb692010f06d17bfe1b5de40ba50fe2a30b7c7b2dca035e4dee3b907e14a35aac3349ef952c6c5b5b533e2eccbc802753ed5318f4a54220e2aa40c78f134c57e8e152b0fa3ff11990348268a36956c4ed936ed18cd01a5d592a79ffc95ea0b80fe97ae1b09bd0f8a5993207410700679ce570e12b
1787431965.555178 sweep:D7A-like Lo Rate (9.6k GFSK) RSSI spike: -76.0
  -> 255 a1f3fa4c9d89d6f1838ed3e18803468811fb1483dffd6818157640d2c8d36eeba0822e82176a93979eacc0407502cc7477bd5b9e83e997b869975ee9f17e0cbb71f9ff5cb92274b318cd702cd9315c1584ead68987f1390b53e4c14c588d46de75f1a39464749300a4a398751d34edd6fc19dc6e0c17784ee7774fb411ace8404d918f00ad2778c4768353f56b9b5bad01c635eeaff7c059a652dfc96d36059d00c3f8f440373927296257845337ffba8a055257d8ad0ae2adb7e68a558ba27dcb825fbef541939fb1aab8a8fef8a6bd932924130febc98c2ab2d45321d31f351c0468d8cb131e76602d6fe110ab8b913e0edf71c6a8e799f9efc0004d353f
1787431965.5553951 sweep:D7A-like Lo Rate (9.6k GFSK) RSSI spike: -72.5
  -> 255 38fadaf75c5bf322936494e0a2dbf69030a57a6c51ee63c3ba9a869e688c4c7464c44c5d816dc13b40830c31beaf1edb8f685bcbb66157a50109413522cafbb79eb4429576d85fd0c00e70e1ff4d346f2cdaac0751da7ed01ae3a7c8b4199aaa9909529d75c75f424bcf82bab4896f93bf213d1a7bb040e77347f40a3fa5cabe0f39612ee33cb00fd571d8c103cec66d9549f423efd362013eaa146568ec2404b9d79d61522d2db88cb2cb9b7d6324deb598cc3b797d73e233def28d41f14ec8581a5b91453636266100b6182fc91772c903c49c7d7d8d343f928caeebd33ca36eda73ee828361689eea48d715bde59df2b1fa802a91f22476644a3a41c1ed
1787431965.555604 sweep:D7A-like Lo Rate (9.6k GFSK) RSSI spike: -74.5
  -> 255 24dfaf52faf912eba792bd3e5a236a9ed7a13d75cc5dd7cd56b5a9582688dbe8054700e17213a23d185a30ce1545db06d71d97fee368dbaa56a3b235fdf21864fd543280000df881ec7fd39a7ae4fb1d1742e5366518670ba5b377a4d7bfa8453a48cfe5c01cda3025ecd34499f8526aa166f8f444bd057ca45a2da90911fc3705747557c43ee0c24f4423f6cab92e257e15f7652686cc19c0016d2181ecd3555c3aeb58f6e15e3a695c1bd8ecffe12f5fd0e079883fa5cd38b088ae1aaef489351714281c1674dd2a037cf41497128f1f3aaebda9bf7f4ebdb1a1afd59d31447d9ce20a88e8e74535b200d13e8ecb78bc1a7ebbcc3bb74b1cf8ef3c4400dc
  ...heartbeat: 160000 iters, 35.3s elapsed, 80 hits so far
1787431965.619887 sweep:D7A-like Lo Rate (9.6k GFSK) RSSI spike: -76.5
  -> 255 139ab416f69c16aadfd198f44bfab1abd67d210c5802ade9e0fc8392d38c07ea9e7d9cad39e05fbb8488607d2b9c6b111379dbc205f56885fc71798b324f654f31fb99b9f5c40a1bf37ebc7b88f7dea13d89d52c5cf58c10170cb82f955fc76e0b0841d0008b3e97a0f577175f8051b8106e3d96749ebe45da1648dcae2124eaaebd932f67d961a8094356bc1327d887ac9eb3e259604355398dc929edd73be5ecc6f58c428dc03cbb0f56a81d58e77e9ba2bc13f0f9f9fe657cc2f740134863bfe173fb938f27cdfeffc6f533dbc50351765fce77b6b0ddfb2e34a578c2a67eb603e60a0a54ed3100fe520d8275bf3f29d9ddf7bce4fe4acf78f4475ccae8
1787431965.620165 sweep:D7A-like Lo Rate (9.6k GFSK) RSSI spike: -73.5
  -> 255 5e5fb5701171ef57f11a77cfd3636aaeb27efa33a438e667b998b3cc3016b2f2e8e398591f8296b04d892493166fded15be27b71e73d1925745a5a2961e1ca0dbdf3fe639359c77237b927485899e596d774835a93e29d0cf5c6dc757447299f7a677a568b6dbf3e576dd90961d3286579ca6d3c2a30ad11a829b56ae1ca097fdcb41badaec61731fa4252051bd7ef84bbd9cbac99b782fa2b809c297d755862439d3bc1ffe6f9ff6cf52398cbc1d18112afae664a99c71585f6b215f671b6cf2fa71a4e669c8646c412744ed87954a7d4b90d82127c34b50f1c384c275c9d33c9617a6322afbe93336711d0d70f55b31e65bfd34d17477495af517c31fbb6
1787431965.620398 sweep:D7A-like Lo Rate (9.6k GFSK) RSSI spike: -71.5
  -> 255 c5b5f13101c176d7166a6f0c5449d54d71e5c58451ffc166788dbc8a61d53c59c88db703a2d5d99e692ff139a1fc01e60ba2db4cb790d59a5d85a898f83bc34e87cad754b4df0cda38c4b63759a4aea3f7eed0d90f0b052ae39c6406f041b7385c16211c05f77a5eb344dcd1dea2bd4ca57adb298fb0bb0fbd3263536ce4988df3d5df69a00080e212dda132cd9fa5a276b5789372a5512966e19412f6cedd94c24a3fc1f42ba75823bdb4422605f142ae04d73aab762eb2af88fe5ffbcd250935b6d54933bf80d8f298c62042d1e14a5b2a5a8437a2435cc379abc29ebe5dc351184f0429439d4014d7775f536ef8274b51a378e2829e9ad05af6264b0770
1787431965.6206179 sweep:D7A-like Lo Rate (9.6k GFSK) RSSI spike: -77.5
  -> 255 57156df8177943519ffdc06c05c34d6157f925879ee8ec94dd781d53a1cd25b0795e62f0233940b9106cabd47c18fbbaebf48d552bd91535880a113c0b176988657a63560816e29f322c571b194452a7d7a4ccb3b3f4182e7e9ab3c24bcd194da89b1679a314004d03a79709f87a42ea23e09947b88ad366613249cffd6ac8d9e5096e4b7c7077e795f7b037a3d89868601c89aec7778eabb9e9e7340af08721661d3dd8b4b0aba3332ba708a7a1cefd402a79056c80ea4ea7d672806bfee43a75e430513e900f14a939d7f52e3725101d8a8e50e660224cb2ad96abfeb1be968c2de5e9d595101be3243b485d6dbe4583ad19a17f04b1726442b7b5e54da0
1787431965.620824 sweep:D7A-like Lo Rate (9.6k GFSK) RSSI spike: -72.0
  -> 255 2e67a1d66c37da33e2af9c42bea5e35902258932f4e136711434815a3ae7c2b4ab1595fe4d5384b65ea430cc75d23bdf8dea3be99303f04f38b1928c514e0b573477cb2b4aca2c48cba19d2f5c97668529524a0a008a9d9b7c2c10d0e518f75a1f7000196be4bf907bdf1566c03bcdaef73dbe3b6998b0fcb97b6e5446a20688b67a730a231cce3776bae4f902668bea4147071bcca48ebd983e3b5e20044539fa54179f5aa87a1a06796cd70383e04609d539c3c6577f1b6891b55e39bba122d78bb3aac9db5cc2f19c50dc0cdb29e5d260c1208e608e88f738e41a410fac283c022ca98fdfe6c13b0fb7b3d5e70871551ea2f3fb02ff0053498e8e8e3cf4
1787431965.6210518 sweep:D7A-like Lo Rate (9.6k GFSK) RSSI spike: -79.5
  -> 255 fd52ae1e7e3e13752927c5e3db7dd78ed1d9b75d4d02bb2a434bbbcb0fce5c3488336a23269ace14e45407adc4fc4969e66225eb0195d9e05ee1cdf4f4399b85f9d9328e84510cc916506a77884291e8bf3d3b3027cddc36c4e9203c97572a8f11494bae3056404204a94d41a0271d65c4d3dd6a99a423c0a1e7cac15248ad9567d69c490ead3c6bf2fdf0a845084a3f77c703c6a9a3a2dcd22b609a0ba7602c7fcd7cfe997ff1c499f3fdb621af5098f28871aa7685c4f322eb567b12515140d4700d59dc7d54cf14b0b3127e284bd95c70dd88c782c3633a201bc0fa5cc066aed9c21c30143aa4d03f61e06019f9e062f0d8df540241956483d9e0212d31
1787431965.6325068 sweep:D7A-like Lo Rate (9.6k GFSK) RSSI spike: -79.5
  -> 255 54aed52269a5bc9a2331aae4ff8390e13201e78013dba527e5a00c303a6bfa1631b284e6ba6cacfc38bf72a3d2d5c49b202c60377d0361b2e01880d00daace8d11443f28b09006e7f458f591b1a4f46c713a145e61cba9ea7e22cb9c944c78c23d4d7bae0e873a995a332edcf755cf392a1a2a6f2f18db1c0ea45374562996d5009d03a7c360f006eeda4a46f1147d8938e295c5a58fca11ecc96d110f58766629f3d5ef2025707260c17f7ffa86f398a8d6d4d1506ba178cb10f99ad7a8ccce8c9f0a21fe73d62b69ad019ec7012a08340fbbb9e0d21a37b6c84605601e54fe705ac5deae677a0b16d256548dd4e95a6a8cb90c4d1428912f22abda629474
1787431965.632712 sweep:D7A-like Lo Rate (9.6k GFSK) RSSI spike: -75.0
  -> 255 4f5485b08545eb0a22bb5f8212c4b639f0e4c64cc44b666d25eb478416688c5c50abc3df97418bf1455674e7412b9b2d4c5fc68a7e4de4bd200e3c6485805b39a6260c591c30c396f8b6d41abc38c45108a3e5be9a5723499343ec14f6e0f1c454a7bf564b9d5d12b80be4ca27b01904a915628b2e8a7acc12dd27768bef0e1d33394c984396584e8cb19a2e3840b4c3a33521579b2b07b163badf985ef6f2c68ed24d7632a0ac1b36465d8acffab52c1ec3f962602c2f0b6e9cb41d8472c45a5eb3df7f09f0a094193fcae5d4271d948daf604b8690d38c9b5db0c6709c282f6c508aa682e1713b95835688da37c8a47ab1dfc5dcc2190852a44ef1e5de35
1787431965.632931 sweep:D7A-like Lo Rate (9.6k GFSK) RSSI spike: -78.0
  -> 255 8fa3a57b0f62b1664adc2cfed2a8b742a47e30338a64470d6b5be61a4695e933cd3367d3f7af75988525db93428d624c67258c7af7fc5d540d17d559939c7c71ed48f4637a810549dc5fc8817045095748c045057a1b4b803447edfede375978172c9923fa2e5c766d3cd449e0a8c33ee13df84b8f6fe2889506120ca32fb1455d00afe566dbe1b1f7a33b8d6b2c5b89eec4ceb7494ba6f072cc0045202bafae1d1a3ceb8d791153b86593a997763f075098750c5f209b41cc423b2d8f333d5fbc048a001fc49ddb44d0710de26f46f08ccc1147df2630d0497a2a49a71b4f4014a5f77312a21a82ced565430bf06fba1334b34474032fdabdec09a3aa8529
1787431965.633159 sweep:D7A-like Lo Rate (9.6k GFSK) RSSI spike: -78.5
  -> 255 be40edc2e6a7d0cca0b53e4e69c2b02ec7fb81e9d0ce1049242cb74d198e76b988d0d034d0c25f26fbb1b31078d105de2ce861a5cfc1a84b94710bb742704c81553b692e296faa04ea0b9966937c93ef4ecf40b12a25c67e080325742b5c982231582e0b87be865e9e58aedc7a96f6c9145b9dc9712f03b2f3bc2f9db7622d6058e9fdca465410d90815d73810c4c50b9977bc0e8ee1dad2ef656f83743984544bc2ef6b84f4512eeba2db62bf13698d608836aee64be34b3c16ffe416aa3c633cccc29321d5dd84a44ad014a1683de2a4a14346c046859287aaa607173c5dc3dd6b2908b02b77c95113ebcebdb6df587f2229c97e40eb8c5f695fe1407b1e
1787431965.697665 sweep:D7A-like Lo Rate (9.6k GFSK) RSSI spike: -74.5
  -> 255 fd71cf7294cd7c92f3599f3bc2404051a28c270c1254ba3880eb424f41977b21965121819f51085ebe85e188fb3e6930390bf85b059ac6f8a2ff850ffa80039c1fd1fae8ad5174bef0fbb40f83b376ffb2d3cab312483314da5589e1c73f81e86330cba2a40bd4beea3e0dc68668bc117b8efef15faf4629dbbc920fdc729367cf2aaf323723610d9a75dd5c0a06ee339931483d1053c59bb9b69383073b831124c5813be8d420384aa7d9f472a83718ef43f11201db91ec21379ad5e760dfdd6a76b1e3ec3359f569f513dd21cb2879ed4ceb4fcbb6ad7878aad42d62b3d6da1d33abf3ee391b9976375983f417978e478195ebbec6c2c2d96843ea94a7d2
1787431965.6979132 sweep:D7A-like Lo Rate (9.6k GFSK) RSSI spike: -75.0
  -> 255 d97dee344921f63c38174b51ac6025de9330e5ab39250d18733539d305ca66090adc1f68c800986676baf5f33b829e58861727a05346acf02a3996544a096d4ad91f105379f8d433ab9e9f0406e728b8d5220ec991bea4e73f589f4726ff7f656f6b4a4b065682d4ee10956eb3bf973a97064ae45b0be6400360b328d974f971e9a31a71c82b7529aee707d0be89991fbe9c68234a707cc1dc09aaac46002d0499fdd4cbd4ad4984f3d17c5d29b7fceeb86859d969a4e8ecd96fe24cafd02f22c843827e7dd59b2d7a951b383a4be7c6a7f7a3248b4c2bd450473f552699b2790c0c3e14246a6829c20e576d26565538cc0be127d6c136e0c1a220cca32a5c
1787431965.698173 sweep:D7A-like Lo Rate (9.6k GFSK) RSSI spike: -71.5
  -> 255 be044cf366028f9f2f9b5f985719a4c69eeb4f565442f9f511efb7630d0486a0c57a81b148845fc8fa9e46803d510aca75680b5583784fe705934a763c833f7a5518b1616d59a10bcb002dd36105bb857b74548e78aed8bc4b2c4dcddc31ed2688cb034900491386ea46d27135037ffe8974cc30fb714a85b69d9f64de9cd005a7e8f14841de3956a7ad04123b67ce44983d47dc8cd29863cb8b754e4ecf88904a736695ce47ebc0fd7aa2f99b31168e1857a49fe711c8c9b45fb7f38022ae0302ee23c9f2a6b5ae9b89f2eca27b14864902787f0a45c39148716c3a56ac5e4eeaafbe173f37039279cf49ef2aadcde3ab7f735c9e0c32e772de57294a811c
1787431965.6984 sweep:D7A-like Lo Rate (9.6k GFSK) RSSI spike: -74.5
  -> 255 3aecadbb0658f296ff8dece7aeb7a3fd55755235bff5d2f4bd176c6f7e1fe5ed84a639b12f1a63c66ae483b70fa98453399ae5d2ab78e2b07f47f1b036266275bba6e2652bf044db9c266e5b6294743d40bb4590bd10e2bf5c867e4abb0245a440dad68b9e0d9d41eadeda5ad3265625248265c72abd7fa8ccfc0e3a72f3032586236694c72a89ef6ccabb8379babe86362e2c13c3ef36643643679b7fcbc885ac5c389d64ec7c5d452387bba4073259731c8307a5d5edda4e1c319fb5cebed975a91ef37fb9015a537a96ebef92511fb845e96f816c33d0b54e6e4a5478ec88aea118876346f808fd04f546d1cc5d38aed1f86135f29154f116b6c057fa5e
1787431965.698642 sweep:D7A-like Lo Rate (9.6k GFSK) RSSI spike: -78.0
  -> 255 bf03211ecd78befd386b9f0988f4e3a919660737b9ef334479db8699a7d14c2c39206fd772b84bc3815231a007544d88e33a649a34a3afca5c25d1ad9fe3f84cd65d406a0ed40e7af649e8f6d4ab25e5a0013df8b593e6c33fdf3118abbe616f437b045094b45bacf4ba55ccfa48c0b9ef7023202638fe83843980ee9f35bce8749121c1ae5e9ec4bda2abc74f7e299299ae25a3fb0f6d540473f87f016af44180d09444a5b4794d6930ae6c734e0ae34dc46ef288bda9adbab09362299416a62456ce80acfa2b33564fe6545b035053c343cc263c6ca5f8dbba16ddce0edf1876502b6da2826ba09203614957f93a1dc4375469dca57a27e1e57025cf09b4
1787431965.710304 sweep:D7A-like Lo Rate (9.6k GFSK) RSSI spike: -77.5
  -> 255 fa64774c35c104ed7f942e82b7d176e286fa6b64b191a0ea8b9f805c76589470f0c38747efd2d3dd871cd029a80e0734ab0d13811069db3d08eaac5b24d6ff1098757432e1ea76905af3c2f989f61a4703e79091127df9101fbe45863c6ab1df425f3f99c18bd3f731b7303f81ea2e9ef02611761e69403cdb37e6badbccf3445c827a07ae30e5a935617c8ef303e337163dfccda9a09938e204a6bf8e3bce0df459a67fa82a41041d805ea2de401b2b4c63d2ee2692d76a3aa91dbebebe314e93de17d0a36fa509987890b84872f7331d1f0a974e493a7a91cbba0df83dc958e1b5bb80d440f5319fb2548c03011fcffab8558a2bd5ce803c4f05851bcd4d
1787431965.710529 sweep:D7A-like Lo Rate (9.6k GFSK) RSSI spike: -76.0
  -> 255 c1d82a69b54524a3af2d5e8cfa1ecbb63c194f9ab55693489d17457b1b0e5cd16dae5899442fcaecba1d5c3f981d13ccbdac5f596369b009fca5c503dc2b4cedca4e23fec497423af2d625923a7f06c707c2b0d602452c7e07f88cc7c7647821b185d64b798e3323144f684cabe7ad4f4f3d3cc71b89fe23063fafd04fa3308657205b42615fff1b5e35dc15b96a4f5084957a39ffbe531a8c1f7a00f4b08edbedc937d94bb21240bad0f7baf7cf1c1c3c50d84c9763ced4f9780ddb1878f57804483a91ae7b2c551f1616796c16af7da01dbd27c42c3d05a2cc321c6533d882892c5d6af6bee3db7e73269f90191ab6bdea57e8facf59e348086303e2cb86
1787431965.7107468 sweep:D7A-like Lo Rate (9.6k GFSK) RSSI spike: -75.5
  -> 255 386df1f198325c853e8f0ad05a8a9bf92cf3f2212209c505eae10f657b7e31482e5351dd03e63e47c32ffb58446299f07ada23170c604188dcfb35e758bff12d98b3a5f5e362d30628acb2ae5223e5301fa535377ca6836ef6806567aa769bb78856ff92d56909e7ae7da0934173cabc674a328cf2340a334ba71ed63f044c87bc496b27c3b7e0e995929007575efc09073e276caee295b4fd6b8f99ad85d4f9e5730ed2998984711eb9e28ca1c685497b01d3e687e19dee9f6473254381aab4ce071cac6d107924e1846d803103fe11d5a332647bc6f1aa30faa8e01be095a5ef363d98539a56fa6b9496a9098e7db7362a554c1555dfe5dcdda4cdf91530
1787431965.710969 sweep:D7A-like Lo Rate (9.6k GFSK) RSSI spike: -75.0
  -> 255 cbc9c069c72cfba9db98ddc467f4a8b7aa679af7cfa4eca28591d2d74212689c368d052cde0ac7e6c3937f690340271c48a93f9d03a572204c9d2b853af5ec1cb38a95b93590adb113e2e2725a0558875a7224e72cc66d97ddcda2e2293c84d664afdadae6554015f1c6a2cc3217ba77ebadbf5ca7783a484838dbf97183a44bafa8e4b66dde0d476248dc15804ae5aea73d89343f43187a6868bbe5226072d25775a82f406afce0b3f5f899cd2abcbf59e099853a56de49f0fee6a2412b33d5bc40aa47340fe94832df3bc64defb63e03028f598698936eef875100c6890e0ff2cb38624ee72c4359246dfc3abf99192c18f9913e6bd1b905ebbb32d9cf55
1787431965.775521 sweep:D7A-like Lo Rate (9.6k GFSK) RSSI spike: -76.5
  -> 255 f937d79f579fa1027d2466a96c4adc604b90b99589e8046da65c88cae57b1d5d5aab0e10ff9107163fb0a719f24a8d305e4aa010e036ecef51fe9b0ae2d33ae68810a8a03d2d28ef6f2a2dba0ac9258cdb0156bd6a5d897fbd29c34342b3de88c63065e9ad0cce04f8d9332df0d5ccbb986b31f155e6b87831c0e65e4da99a064e5739b090ce1874b688eadd445a332d7dfdcd70bad99f0e75b454d15cf8e83cd401342c1887efc0267619a9c17ac297dade0b76e0d23a8d5ed0fdf8aa51da804b0360d448dbb10ce7972f2b5ff656579a728a8edf5c977e45cc242e03b7d2a30e6feed4ac9a5ff431c914ed9b38e6b1c25c608a74f11383ac43b3c17d8dbb
1787431965.775733 sweep:D7A-like Lo Rate (9.6k GFSK) RSSI spike: -72.5
  -> 255 ab465b0af86279d0bbd4618ad59450895372a23c51a6998052b5930b646624d3a50eb2f3c01ce26dceb4ba2bd54be7e54a735127d32d39c55f02fc7bc8dd3468b85380e665ad69d9e93193482797ec697d0585184c67ca7e023ce6dd59834192650e7b2893439e6ebdb1288dfaae862ee652b9972a058efecc894f381cb0c332f69c6e06dc4059287f5e5b1e7f09297480903bdf740fc5e53af486d2e7e875021416fe492d1c8940eadf338d493ee7427b459774fd3d3c066cbf721bfb821f346ba70084153584783470c42833a8731ce3f827960ba2232487f9374cbb64852018168d0550ffd8e895360faca146c8fbb8084f24cae850fdb291c82712b0db
1787431965.775964 sweep:D7A-like Lo Rate (9.6k GFSK) RSSI spike: -76.0
  -> 255 83728c3b3dc27975dc2494dc8f415a2b2356131e36b6b30c565b3bb532779e6778f8c80d2e56157e02748666813e73bde2e97fe243d5bb0f7d7c0f2209501e8f339c83b086955b46a28c06aad9df3058848adcd18bfa3b24dd521ec42b785fa9f8fdde117d61fb69a366daf1fd4c67a14b9841ba64ab4103ee38e5d71ad7e9ed13cc86caaf88058711c0bf5d8dca4d3d371244dcbe4fc23f29dc884fb37a9d0655bc3fdd1d728534fd3cdc07ac597e22379baed6123b4bd6cf2796a350416155807f398cfbb8815f41a388162a66fbf97fbf26a69a21f9d38a442eaf8d45b6e6f7679aa1ae9ea65b609ce5cd564b1f0386c4a5ca554d9cb3c5239a0ee114b6
1787431965.7761931 sweep:D7A-like Lo Rate (9.6k GFSK) RSSI spike: -74.5
  -> 255 104ee8cd0e103d91e0634f5f9eec8c36377a61c8542af655b74f4a280ebb160c2e6ee7d59140ea12cfdc1b32cfd10e702fcea41b9a686dc74cd3d30f30cc2dd8043be0e6f1c2b711ecd871adaa52331314ebddd520141fa658d6d70f7da00554bfdd5a8b20497160bb9301a42625bbe36a5da4d3c03e4ca47034a3e473481167e1ee44ca9c197560d8847e8fc994e95aefabd4c37d720e8afc6cc33125ff4706fa25d3f37855598a963f6a84bbe299d3e77af6b8c940cc24a44787d3a356a117426be0bbd067a105c38d2a987175db0ac792c7c3e467e0abc4e71f2456eceaa3996e796f7546ee518d150e3a6caa3cd890292c425c56c3da0f870e21c2c8d9
1787431965.7764502 sweep:D7A-like Lo Rate (9.6k GFSK) RSSI spike: -75.5
  -> 255 feaac0fdaba024f75ed970873be7da59ae46f8ba18e124a2f8936b27015bcb23e18662391ea85f732adcca10c56cad7324221724ee097b505bc2d72a1b663e78597a8b28c3b82516fa2eea9c1849918c74ef37dab1b8978fa7c6ae5dfee688e3489e55e126ae52e9f7a0f8b9e793ec65235c710a11ca68de9c0a8dfedc8a3042ecb486255c1599eb56e495a14b3289a24b0df343ed6198175d8c9f811df9ce8b5b9ddc2e24dbf5b3f0af48061fa157233c50525eb511d7134f1b8158746fda03bbc386ccdae763a4b7fa0875424b90f54f887744fa88e40541408b39645c82d0765315e8d172af51cf8a4b020684cd0f12a04b7a87cef29299d6cb422e5382
1787431965.787939 sweep:D7A-like Lo Rate (9.6k GFSK) RSSI spike: -76.5
  -> 255 bf076a14d7cecdf0968fc49dab55ab51327808e332ed9f475de9a69c87542dc632c4fe5d4e58e08b151da414e2d9e2ff3ec337796c8f0e8a7e118a1be25e9f2c665e8e58b23244a3ef51c4d912655f357364556c347ba709dbe5af2a5cc2e5720d952144e0302aaf96333fb521b93b98b386eded5f07b745220dd7d92935f87a829c378c1098b7843fa9d224bf1574f35358762baf521b5bea0d74b87daf2dada0b72891de2b4e4576e3a1dac1cc498d3191becde16c60a5bc8dc3b98ef67d28f4a4f4bd1eec7d3fc553b8a7f3d14745f5d8bd4f5b16068ab0378dc62669e9237707f108b9eff18ebb31b15dd8b1897983e2b93b762ef7bed4dc2738540b50
1787431965.788178 sweep:D7A-like Lo Rate (9.6k GFSK) RSSI spike: -77.5
  -> 255 b60aa253acf6a414fc55b8a3fac9f304fcb38ebf4a8d15a597515f039d1280fcbc56a2ae3deb93908ab382f42fe604eeaa779019c6203e8c904030c40bd9329ed16da6f2fef416cca8b49c0f25689c38291b58e599c3dc367ac6e7c08237281c24fc6c1fbd5028e117a0e0b3f1c6c0f0df6f602e05086d144c57a63aefa2bfa24eefff513463e37792b6065c147546e0e777d2ea2fac47563c11b6ea561209379714ff94629f59a51f1b91e6955c74d1968be27c164a1f9ae32321eb2e68435ef62695fcdd1f099fdbe06944de8f4fe7d09bdb0665b0be84f905c238922735cac413e7ec8be18c30efd2fbe9441a53c58835be40ad757be9ae632f1c21129a
1787431965.7883918 sweep:D7A-like Lo Rate (9.6k GFSK) RSSI spike: -79.0
  -> 255 05c6190a8f83d3a239cae2e9704bd1c4b79865b3a9d7a856b760c868d070ce4cba9e1b95c4e1f78b3cd199b4fb92061ea270d7093433d10a792d4cb9fd5a0b1bde87a75ccab7978e94d20ffdb698062971345f1790dbda44f6ef708768d2278c7189d34ee6b86a0bb311ea47442ea4062c990ed97f5e3fc05d09e8e5237e51e768c36cf6a705da33729d53f5a1430fba07b8b9906ed2ae01c38fc7ca8c01964d7bbbe15cb9f680d2ba12bf26e0ddc147a5fb3959c29e718afa2f0712fd57cd58887bc34e0019add6043aa54f460523163ceef83a02afc462c1fe0588c7d435b991c0e9ce8aa586288f6153836a8c390f86097115bfcd66fa31335a9a2b2b9e
1787431965.7886121 sweep:D7A-like Lo Rate (9.6k GFSK) RSSI spike: -77.0
  -> 255 f76b459e120d457f144642228179cc4d9dee7b7aa4a1fc8b3cb6577807f83895f9149178b19eced8d0ab65888ba657eb9bb979734dabe9061fefcb6e4701039b90540e7fe97fb6392431cc5a5052d9b986ae774bd9ad99fec382d77f309c432991dd99b5b08d72b7c7942040496f86e30032830c3f20e5ea7f62e50f2ff46cd3bf948c347d8a124987e2d9efcfe84b5ab7a403891dfe8f6dd55bca150e8b9051ee8ec87b2335cf92ad96025852dc966bff4a63f3aa759b8e76b4f896b9b9f9533e07153a04eb97a4037df1f251901a2ce86b92de58ce9dbe0a1f2a23517307f6b261728efa94f86e87051057428fbe3f36e1a4694f9460828d8015a104c658
1787431965.788824 sweep:D7A-like Lo Rate (9.6k GFSK) RSSI spike: -74.0
  -> 255 bfb28fcd8440127a5725ecf91cf444a18199ca56f20a6b5e3210cb31adccf335775c50c27662451e0c3f3f8a32b5dabb86e7d02763c3bc0aed245a6ec226fe667c3fa479a80f6ea99115979e2dafd4a98cb0fcfc77c2412bb3addcbf6a98362def126aa1cbe639cb81823f4d165584c0a822aaf0a392f1e670449d89bfbec5b6e5ec7ba7488a719ea4b8df9d2fc0fcea5130f4da305b7bd181bb62a7561a6b4caee7bec346ebd7b4f627638f04879fab6fd1d275baf44a2a4c4cc527ce0032177cfac4d4973ed05f5008d1a64c74d734ca192137eac43bb3a39296f54b8d3534799782b8d7846a4ab958a189f76b157bf86a3d6948460350892fdb60fddb28
1787431965.853251 sweep:D7A-like Lo Rate (9.6k GFSK) RSSI spike: -78.0
  -> 255 fc5a456164209e0eeeea56df65224db8481ddd2b300c1d221f4cd789f967455854834d85ba89891d9dadf0e8a7b380348bed2cd9f1fcf2de430656394cced3efe033ee963070b25bbf92bcdbdaebc9d10c6b35eb5e69483f364ecf569eecefbaaedf2ccd043f999c3d035c2e88d5a24da0b159ce37da6313bda33e00ebf9190fae2f211d1e47234e3cec9ae7df70128b5b2d95d9d2a2c66f9df27bb7a9127e16934324869ce2a71399583d0490eb2789fcd1728e16b2177e6adfcbe69a03e28907cee645744e9b92d6ee5829ef01031107340fc51d3b375c1664f989179d104dc8be08e0b960a39274c60a289bbfe7fbca7cadd565410cdcd4772418cd4ad7
1787431965.8534882 sweep:D7A-like Lo Rate (9.6k GFSK) RSSI spike: -73.5
  -> 255 e16b16e2b5452a97b3157a41f77a00ab151c9d5577db65a1da1b95168001c811468c66005c37002050c1b0aa678234e5e836b009f15750944fcb9ea88bfdd49346f54917d53e5c70ed90777ad6e09d984102cf2f0f61421b1168ab801ed79cbf669ea36b4a9da97546df81e6e36e332dca35f4aab9291f1c05b6259d841b8c0764451c67071fd55524108dce09085c6b2a698ea88b30d980f553888c1b38b9e8db88d32c44b04778b3bb4d138b65ad27cdefa672670fad7e29c925cc835c166085eecfa6a114a68a4835762436d7c04084ef56095566a019f6815201ee2b9be74c858abcc7cce071afc6b724395c0b7946ee9463742a90ec4e9941058d876d
1787431965.8537269 sweep:D7A-like Lo Rate (9.6k GFSK) RSSI spike: -79.5
  -> 255 10328ae889484143f6d53dc64e81eee1e61475a3437fe830a6cb7b16af01fa28e0b5a092bf2e37ae10287b3703566007d52f0473e2da9836a5c4cd0bedcca6734c5d5c0b3fa8439bd0ea9dca06f99843765d67952128bbaa7b9d6326061dc2eee547b4274436c9843d626336e663a03e3f7f9e78c7ee5e40cece086e84ce1df65c3768f5eb07195b27df7e1ad6348e44b4ddb15b420462ddf084af7ef30a004cc098408e33d962ffe1e635fd3e3d4b7fc8062b49d2d7ad4b88bdf6ca1ed6f41bc4939d671a194e88cfeab9c3fde94b80235ac14ac2c014f16b7854481606c75cee8d1b71a9f737feeaeb308806ad9b905d326a4ed0bdeb965da96919dadf7c
1787431965.853939 sweep:D7A-like Lo Rate (9.6k GFSK) RSSI spike: -79.0
  -> 255 c1dfbe4d2306109578537672da3b57d661d92db33bf6a0e459ca7bb20deaf8fd17b2e6fcdbc2feb8bb4f8e5a52710dffeeb2ec9ea85318e3f4f6d51ced42f864e646111fb56c0ccae7860dad22d972d2e342576a337480e5ce71954316d9986569aaf7f697ba3eabc2273db4cc65848b78a39a6ee1f369d645296b3259b11f0d26bc69fa858999bd235012a374c374384919e23cab27933a96e0b7d14d80c12b1cb2d5f7b5533cd2f45933acb28b5e6e455d9e009fd6a6079c46f54a67975377dfa9b4c8a06c2527a94cb3124f6af6459b85a561524b3106f6faa064a80c590c652ffe64fe3fc7f8bbce0428c96a59e9b9412eecc8f2ebc909b918c477a8d9
1787431965.854192 sweep:D7A-like Lo Rate (9.6k GFSK) RSSI spike: -79.5
  -> 255 0752daa5b028d56fe0747fe19ba26492f7ddfa20d7ed94b59401bf92761cd353475b64540a8111767fa22e1ad2213688483c6b748c488d603cde53766949fb24877e4cc8aa42ca11b615836e5c5c78d23cc50d8c087cbb05e9837b596d09a814fa2849dfde2b24f834d3a079fc6cc71081c09d2be21793d7a5d760e352a9afe927d9f39e91bcac7c8618a1fd0ebdbe1bff1327a2ccd07390bb36378ecb16abe3259806dbb499978b268f51b02fe1af0fc5202a1d084b8af9d3c306b83b6b67eaf6a184c3696a464f6b287e259588c3cdf43cd701af342cf7ab98db8511867044e1d90573dbb755fc974fc10646247be3d7ff6ed5815d5bc713b5078f88761b
1787431965.865682 sweep:D7A-like Lo Rate (9.6k GFSK) RSSI spike: -79.5
  -> 255 1c1cbf8ee771161a719110150842d2a386fb5dcb77d9f39248c6125ee1341aeaffcfcdedccbcca9c99cd7f65adb338945f8e5e7a1ed4ef1fa4e58e80ce0ce77e85aa85bdf0c4cb98b73f7a9584b1e3e60062ef8abe7cbd06e8f0b816229b1c9bd70a5d6ced7ae2832bf71653b9a7dc934adb0d43da67aab4ef8da09842293312cf6932edcfadbeee347f04fdd96a298ead0f98f84502d4279b544f226c1994b105b6e9b30b0ea9cc3e275804b648546dcdae10de85418187d8a8c5bea5c9de571d658c831bd97b1cd2a29a31b73fb6ccd302222b064aa7ae1c302e6420904e03eddb538e6a4a30a2d805ea80192749f04bacddf32ce87dcfecaad0f5440776
1787431965.865891 sweep:D7A-like Lo Rate (9.6k GFSK) RSSI spike: -79.5
  -> 255 8da77dfa6b69cff36f28354963c837a40d75cbc9c4c6f62395f1c1a71f2e0f12178fafe0c44bfd6aeaab7cb04d3c120c85c4aaed2e1ac9f457e534699839288d6b516215b03bed10cac3b2a7612a3ed9aac7c68007fbc4e55cecf11e647cb6e1cb3d40193bbe26345b3f482275ee25aed8e77779eee25d67d2eb10d678dbb9675d5eaa5c97c6d61dc4598b3752039baaa8c5aa03ba800d647364f8886682c57504c53b5cf231ae3d28dc1c1ce1afe1a410bd1048ab39d60f962ea18d90169c521bf880ef57c7965f5cb4ec1db5f2d1fc007fbb61b5db9449a3d91d15e32ac470a3e0f45ef95d6ae715ac1494bdc5906a01d8a209e693d4e3f1e854d8a2397c
1787431965.866163 sweep:D7A-like Lo Rate (9.6k GFSK) RSSI spike: -77.0
  -> 255 830fedaec24f2baaca42660c5a25238f73c2b810ff8643a2d38020425d1a8869f4b95d1a20fb233b3432697f32ed713907827d9cf503b35d5e65e460983f074d1c28079a7f4f7ba29ecd6527b5d10c705f425f355427365988a6010d2d5eb43e57801e63e6b0cbca9c420c70dc6bdf1698a1f1b171ccdb046abd761188416fd821e3e11a89300bf875880b20035fcddbe10b0532e2067d11d4a3512eb96c4cc73268d279e09174bd5d6cb864ca6cfa663bda0955f12c98b02ba23fdb39d7a09ec22343cdcdeebbb46b6a65830d57d1fdc5d699c8099ce0a4e88f67ed86526d2d40703262ae31760724a40a95b1d640eca79e7ae8247b75987d21ef45bf5d72
1787431965.8663821 sweep:D7A-like Lo Rate (9.6k GFSK) RSSI spike: -80.0
  -> 255 f0834c7ddb13e9409f5f35ce30d24a2ad84169ac83caa42f4c8697d3d7f021ced7c02f2b974039db9eb5d3660301f3dbf63530eef34ee1942169b9b3172021dc7e8e5c0d3c632535cb7e478c670d80bd2bff03c204035b4124ef5fa0ad638f8a3643d9cc76f493bfe397f806b497629b4f0f5b3ac5f37721276b863ec88596293b5743da76eeb81adb096811e8313f8a7147a5491b67808f061b61bcd8e17d151ca0f6cd26183bad419a40ba55cb6a2f7fea4f2ae8a065d713866c40988f553b19fcd5c54ccf2c947dd08c336c3cfeb77a96493b58324de4e857643bd568c2a30cc52d4686e2666c1d6944fbf9e7ae8f6d820f4763af0988364648600ed7ce
1787431965.866596 sweep:D7A-like Lo Rate (9.6k GFSK) RSSI spike: -75.0
  -> 255 5ee3e3799649ceae9b7a40f63bd2a8d40140e502d5df7adc744844701a6cdc69bba9260071244d882ae77debe56437138122e83dd28fe249fb4c4aaabb7f56042d025206d3e3e2bc231201a4f04a87e5a4ed43eb6aa477a74a3a9f9ed836759e83259ba13eef7b5c64c9cf403b5d7d2be19bcd7f67e042b2afc3013e9417bbf7d6f7ec5a6c48c8e589e65fea2173e7427d4005ce26938247bdede2acb216fef85025655c31400bff43082069658d2812999b0524641f05533de28a57a7ad630d32d54c878fded47fcd4569e9ce94e88383df609daff1753b32879934629bf915a94d72a5b978cd83eb539f7574b4c2fdd31ac362ff6e69aff98349c9e7467e
  ...heartbeat: 180000 iters, 39.8s elapsed, 119 hits so far
  ...heartbeat: 200000 iters, 44.2s elapsed, 119 hits so far
Done. 119 captures out of 203779 iterations in 45.0s.
(this config's captures are in the combined stdout log; see analyze_sweep.py for per-config breakdown)
Configured: D7A-like Hi Rate (166.6k GFSK)
>>> Capturing 'D7A-like Hi Rate (166.6k GFSK)' for 45s -- toggle the vent now <<<
1787431977.864054 sweep:D7A-like Hi Rate (166.6k GFSK) RSSI spike: -41.5
  -> 255 d887ac7947073e9ae4985bd3a5e2da97db0efa26e8887f62bc3fe7c87ffc6dd7c75134fbe1147eb0f9e1b665c9133a8be81fbcc7bd62b35cf376740b16a49da55894d981b1badc5fc1c7eb6d575503dabc8d7b9e1726efb436bfab36b9ea0d35a3624bd23d8a8a66ba376d5f480187ee323cbeaf6a390b2143df88eeffb3e8b77b37e2e023c90f5ec2a88077526fd9d8a11e87e87923613fea176f226874602daa4e8149148bf251ea79e813ad05f6e4f4ea7fb1b101114d78e980e276f9815237b8324a940235debe748f9908f03c09b9aa255c4b5f9d5f6a5b937e6812f3c552a3ae5da13c72d6747f7205d44cb7df03e8e2fc007f239f78ba048fa47b2d
1787431977.864331 sweep:D7A-like Hi Rate (166.6k GFSK) RSSI spike: -41.5
  -> 255 7ac438143400b9ed28158657aff28fd5ff9466aac63206b2a2e6f011e5b9a0d5eb3313502ba4d4bedd5cf35f35d584e99e3156f481c396cac495153569b6107eeb106ec2b931f01bcf635a0e214cb0d34296cb1700824ff9216a5f585c766daa152f5ae2c4ad96927c450e16ec17b1a01e2b0d0cc2f293c84eaac79d434fd17ebce37a870b2eeb9acc3fd83251b165b30f2ca658ca6002eefb63856fd49d54ceb857adda2937765aad67a10f30cada1b1315464833fe7f33264e47035b4dfe702a21000f4e11987cc6cb14cf83f26c8fd98b5c693bbbfedf0f8a4e3a2c9b2083b550289b754a776baed76696bbead59d65925b764366f3140e19dc18eac99f
1787431977.8645718 sweep:D7A-like Hi Rate (166.6k GFSK) RSSI spike: -41.5
  -> 255 967020ff88104dfb396167974322a277c8e1f9b0ddcc9defc2e5566bdc9b34b8d98323700693d97d828fc43230bf4c51c41766360849367a634eb1b6d5403918ccda85fb43783dc9b546cedbd651f884919dec6c2c7989a12001668297015cbfabbda0b35196d39ff536968cf9a52c63137325a5ef4b3bf09ad59f4ad60c408baa10d7411e183ebe5f4fb9cf2b18fc9b8613751bf9c9263ebc78a2902f38eaab081bdbd3b02df343318dfaa4496c1755b59b98ee7790e80a9e8af0925d0bc568c68d6016441081b5c655f5c793dc99ea9d16e8eb1ce7c93999d9df48d4f9adba27d20b6a630745a759affdac96fa7fbb5aa9f505746359ea01dd283dec2089
1787431977.864823 sweep:D7A-like Hi Rate (166.6k GFSK) RSSI spike: -41.5
  -> 255 432cb161a9d46dd9713ac43155460d5d2b09f7ea56cafe707f1fb792d16ef71c90d145d4a87e009db564578b3183a3d03d8102fa383eda57cbd1911775f92086a32178b2d86c152f7031c5595f500c48a94d75a27b5113d66a77bf67760650272db051ecf99507fa4887307d725b8272029f32fd1c4879323d554c0024ff616c8a442a66e8c5c1fed6f4df734e944f2d2cddb2e1678171fbaeffbb6056b2f41d1a1226275469f0ba56e6cda9c77d4bb9eace4f9757ba2a3d6339fd65f7d3022fe9cc4f6bd82731ac6e758e32e268eb98dee79f772b2f215309a4fe23ab203db227f149547e72fadc559c49db71f52c818bcdf3f22e2932c72cb4ac37b6c203
1787431977.865087 sweep:D7A-like Hi Rate (166.6k GFSK) RSSI spike: -41.5
  -> 255 f33c5c0d5d72228066d7395f284ce751dc2a1aa694fbaf5270134e789695974eec2a6b97d17186e9f92bb95a087060290c40f94b34e7a21136783a9d8300fa103167b71619669c72c79117d1e6eba2e99c51d4a320924d0b7674bf025e1cf3cfeb2e746b02d7bfb06d509797add97896a3b13441d87dc5955fc3e5dfa99ab2cbe2d3dc3a69aed57da058b19b8c526026a3b4edd869195c334a1afd6f4ad77b24c1bc3463b78f450c575b4a0229e23d69d67d7208e66d7376f71f00e9f130f64890c85ae532d48ed4c0ae37695919419c6c5be428ab4ff025ae9d10b45edea2017521e2c2af9b8a05d75407b0dfefbeba17ac00fefbacec466b9e8107a8bb18
1787431977.8653271 sweep:D7A-like Hi Rate (166.6k GFSK) RSSI spike: -41.0
  -> 255 d6d42722f0ef35909cea525674645589ccab5872ec164890d4744d934c4107225453564ff6cc2e06439471b5259a34ffb37789171f201d061520a059912888db4d9108f6ab445889498fdeef8c006550ac4057454e0498a3c8b2066bbe1083015a56b89dcb606cda723ff710cee6aa5d966fefe3ef221fae01e7116f596b9a4342820bdcd79c61cc1bc4f1c7860acf1cc463d9f4db57f49eca23e1d2c09d2bb92c985a3e245e036803b231c8581f89235f9dea21a8571b772bace4ae724533ec854daa8e93a01f8351913dcc52342bc34d285fe76e0a0227a43dd84737a69795abb0e42a5dfdf2eb071399b1af0bdeeb7e3fb36fe1842fc631d1d8d302e04d
1787431977.865571 sweep:D7A-like Hi Rate (166.6k GFSK) RSSI spike: -41.0
  -> 255 18bf751aee1fc2f921277ec088a142df6c0335f4814d81456ee5c7be09cca87955df8af8d5e6939747c37e21efd85632e8f68ef2d8f7135a8fce39b9c6feba9ada8f498bd50482342340a15023290a4ac3c45beb7de5b266118ab856b86f8e545c24de5c456c8efbf92caa42b5b49f83d95f1adcde8a22d71c1a7bd9007f772518534c205592faa4235e6d74ec5baa1e07a984bf7a221f90b18c2d982879a8e1edf820c89e8ca7ebeb14f78d1411a5f7a57e0338310db4476fb21d64dae8cc3e6225ebefe4a8e302d084f2fd8e7fe372b8b07e2ba8987d4e298e321147b5debc798c67127af6fd88f81ea01a6b9e008a152ca256e0b05317aa2041943209ed
1787431977.865809 sweep:D7A-like Hi Rate (166.6k GFSK) RSSI spike: -41.0
  -> 255 ec58d07fa5dddfa533b6ac8eda5a69ebd548c0437a5c179456781656a4363ab9cd2e69a7a5b66953cdd00740388f0b832e89c3a9fcc6e0c7ab5da20624a0766b7b92a1ca09b1a5b819937d891f4b8d265f85e6515035308755e508c130cb722460af6da20853214d0aea30ba4461c6d467790621f98094d2cbfb8b10103eca28aa91e668db3466d6eb2ab32f1bcc1558167ac743d2fbd3d71749516cd5680e1816d68866c279f8b25c7a6da9aa05b004ec0ad7215440e67143d35c3ea1d538f66532b1458f481f92d3fedca7f453b5a54fe7315600289d94a4bcb48b59ded60d8574e21fc1c26066d178b9edd7bcee73cebb67a41b60f1e8e077338a3c99d6
1787431977.866053 sweep:D7A-like Hi Rate (166.6k GFSK) RSSI spike: -41.5
  -> 255 c07bbb0c5d6f01f80a1d15c3cbde9e0a8d445aa68f99871eb6dc648f7cb6d422e24776712bb24fb3314fd44a6a767008ec99f2e3c1e1bc05faca99160f266798e6bf0ec60fb936d8dbdb1aa6c7685f06cf4a8c3df1021659a7a94a370b8af7aa2344a9a559a0e8e8e6de3b348f55bf3546ae0dc820a824c3180646f9ff1765f5da4f047f0d4fbad86a730ead72e6c7bcf1eea6b998ada5a50d5a2d303abc53ada61bd6e222ef338f0588125044cf6ee422b451d0c9b81ab79e20ae8433fd734397371a575f5abe8b14fbec021493e9db40ac4bb9f72d58c44b818c8a7556a3c6fbeb438efa16083070e597c8f817265f060e4ece97e5b0b610446fe350a0f9
1787431977.866268 sweep:D7A-like Hi Rate (166.6k GFSK) RSSI spike: -42.0
  -> 255 81b910a17daa6e25d7951ce868c269b8e6340690b0195def25a41c4114a96f80ac70692010c5def06c857c1dd31fe19b17bf1091e15f8e32b973d29a59ececf13b9f29ca1281b4d29e6a75d0155c326854f33ebdb16fcb84e21b9256ab94afb75461a575ff159f5bcc34fc70fe9a782588f005b720d9106e40c93a6abef33d7da7dc542d7abc75bdee7115302ea4a6ffa57cc331e9de9b5150b05b4d2b23b17bb23349420715decc324945a284bcd0e6ff03960c2ae22f3f2d84dd62a35bd37ed265ce891f457f2ffd6dd82050b6b497aa6a27e4ca0f25309a5ad66e88e95d6716c28696d6d7bf88d3e99c0444e0102344b85658cd377be79e3d753ddf4b40
1787431977.866484 sweep:D7A-like Hi Rate (166.6k GFSK) RSSI spike: -42.5
  -> 255 ac735be9fe30dbccbe2790a89380dcaf2ad2dfb7fd24d83ebf645f3062b3b64a3ade5fa29df2fafefa4d00518a06874d9c5b5d736931f7312504bcbeef460234f23e3437c693e116d9e66176e500985a2163464f11d9ff803a040e31c0cd61d86dba38be3798a7d056e0cd7aee8c08ffbdc50565a9563199921bf0b0e6e090bccc52aee54ccaaea7b353feb2ee5db1b1d891273234426941025accd7f85b1bba1deb7d1f7468ce268adb7a01b3c69cd2211255bfdcf6c268c6a11b32830d7701a660ce190ad5fd5a59f8288e6ef25b932faa230d01f2de7ebf76ee4874e57c1b5e76e764a7fd54d8c1557d116ebd3c22b96c15dcde9c1ac02afc97214a8de3
1787431977.866692 sweep:D7A-like Hi Rate (166.6k GFSK) RSSI spike: -41.0
  -> 255 437d89a53027373e8035676989f6836a2f9330e9a2d210672ee5df33adcddebe3868164808ac205eb81eea04a65b802e1eff66091baf5e45248a87346a8a51142be26ad2f542f5e494617496b3565ca9a3e9c2cc4c2602e6bcd1ae1fb8424d13f3f39ce3b8bed6d683a6824251b2889b062b99e53a344d7b318486ef888e1a96615c2f66d60b385651a7b1928bf099fab8d0a339bb0c313b23e13784eafc7a83649e8aa9b8b28403caba3a24dd9575971cd7eb179da5886c69d8c3ff65f57825b8388478df7110e455c47e9d532daafa0fffade1b0f07221a686b5a524e5b343136dd617e4dc8e7bd66cf691fe6bed6490becdc1e3f5301d98f0447e316cb9
1787431977.86691 sweep:D7A-like Hi Rate (166.6k GFSK) RSSI spike: -40.5
  -> 255 e5217ca9d02f224635179e0e4abba8521eff477100561f1e5409b8f6ef2112e1567fed1ca943d623d88d933ba56c8a0a8dcd70cd2d4658fcb8cfc4731aafbce23ef03f9aef8d60d82d7f22e60b02b96aa27d502f813e5a456219d1f03e9f73fe92bf5f6043b8941b2c247fb3b471df841086258ed280da05eafd87e29eeada54cb4bb4cc68d57efb6442e409d040b91dac6673c98ef3f921e008c08a6e811f1db0211794ee4d975c38f06f6df8cf762b20218341ef7d6f2e58d9b97fcbd21a6b270b170ae3874d0e1c835d53e4a8ba7015fc865b45729c4a44d316524c8d4066ba2d50d57297ee13d1d6953bbb79f57cadb0d335141b33224561ba5a0c2631
1787431977.867161 sweep:D7A-like Hi Rate (166.6k GFSK) RSSI spike: -40.5
  -> 255 66eacfcb47dfa16e4534c48560a346e452be75940299c5aa9bd57efb57eb610ddfe273ca557d68b5a179d582862212ca28498f11658c036acde1efd2ba47285c8d0f040eb923221300c3d93757ca8626f88bcf8fcdf340b84566a716c75215b29af1c68223454abf1c156c46990f3159bf98aa5f68ddf4944d7c78c1c45e2518b2a78f6d5f4f567671f73a23da010e8c795f685b65b791f74a511f67159ab1864d5f36254cbe5d5f4557e2e0e4509c51a6638ad6dcc664225de0e362c907465ec1b1971e0594c3a186c636057171745a77d75a994116c8ae72e8c232a4b6378f74ae1973155df6d902519be4cf2b7380f47ebf9b4a0484adf82f0ec8073180
1787431977.867381 sweep:D7A-like Hi Rate (166.6k GFSK) RSSI spike: -40.5
  -> 255 badee630affa2f7fb7dde04035723c6e28e29841e6707bad7fd92110c3071c086ee2b0edd474bbb92e4b1a8b3225756b12532e1fe2cee2ac5be5d11642d5fe79490b5329d91f11662284cf26571b457baecaff9cc1bad536cf23f60da3459a20ef83b1930abf93df3e914b3f398da85e9185e8e0c67a18044d81596b7a637067cec5c8bbdce74bed45a6c3e898eb738d2a4ad4d1685d339b7347c031beaafc45cf5b15891d78e88388677b5341eee498e5d889488e79b1f157726375077387ebaae4d88e4471d44ec33045223c9f52c97f9820119d1bee1c772da3ba4f3257f2aa771e68c9ee66a0dcc18732ce8d907c9c43b4466e4c844816ec7e48d0f306
1787431977.8675961 sweep:D7A-like Hi Rate (166.6k GFSK) RSSI spike: -40.5
  -> 255 cbf1a8b55c61762a4b080eb8184712d8b9f0b2290b4a4bf3cb5b03f8fae1a954fbf89aaa388415800b425945f6d526ed13d7303233a2c20d70facaf4326fd768b2d054bdc00ba53f3d685ffb821ea5e3efa11e5278a359aa71e82feeae485ab5aef4a36da7fceeb9e58980cba9248b9d1f48067515dbfc6ae521319ee2004d991087a14b5c8222d84c7c8cf7832de90dde07d66fc274011d7b080df9ee8fc11f65b8262803356367660c38243b065145a43c517e31df60bd878dc2a1302435689901f20e3b07af890f7b445ec76df55a99941c569289d902869ae61be49a2d873f5706e19a92a6839cfbca7075c015c5d0783b620a9035d5c48c63e51c1aa1
1787431977.867819 sweep:D7A-like Hi Rate (166.6k GFSK) RSSI spike: -42.0
  -> 255 fc4941bcbf0da3a1c635972dc7c1604ec9fdc55ddf6681c4e8408f4218aa6ba43e76d66b0eb38a9422693b62eab79a497d08941d0171f84eb7141463986c34b65726e139ab4e32ba9b6b596989c83357b7c8258cc7a24d743e10ca24cf1698ebc7403ac83e4c513712f76fa958da21b1993785d12fa01535e9c8d4922ebc3a081c2466266a4198c4c15facc926f70f49162fb9c54e013e9dae1a25ae7e0f5ca9232eb24112600fb58792f2d8b60d2f26c3ed8c712be75043324d63fc70af8929faffa43ac3c5a1e0ff02ce24c883c6e71e4a454f1e89831830ea1e0fd734b63d57c68e6b185f64e9f4d3da3194a43417a4e3869943acde06b682336729ea49
1787431977.868054 sweep:D7A-like Hi Rate (166.6k GFSK) RSSI spike: -41.5
  -> 255 4424872a04f7c71611da21a81d1f0dab2b9549ebd56c91a90070870f599bd464f111b96222bdf50438b6e5a9a079e011c0c5dc8b9f1a34fa19c0a9af0b6d9ef768b992957725e1ca067129d85275bf7bc7968d77f4f7dc02d747cbd6fac5d17027a7e3633d84dcb2185383d481ac0f4fbde4e7fc5ee4a0e89245339caf3e854f759d4a0ceec6a29f4a58204eefd3f1e2cb35aa251587744cc548a1801e8e7ab1e92799e510623aa4e7ecc61ee1c3adf67ac1c2cb29c105376619b07ec21e4fe7c5b5b6418dfa0694b918dd9139b59994b0641f01ab45d102e3395fcb060af9b8350d678fd6e77698126424937d9757f7920e520d858c86110040cdfd69e5fd
1787431977.8682702 sweep:D7A-like Hi Rate (166.6k GFSK) RSSI spike: -40.5
  -> 255 7c218a07e3f3015dc28a0c86626069a9e7deea2a9bade439088f4ebe193bc4ef0a4a0948a0e5354c614b706b46beb1f1e61cdc63fb8d2671a024bca0a335256aa3e7e640aef0eca525bad94970671e03c5627e146df0750c2437bb3fbe1b3d4103cc37771108a4423ce83288e6db5563f35e174bf6537d28ee70ab31fd55c5e4bf5c9ff94abb8829e59fa12f68f07a3ec17116873ce2178fed79aa1fbe5b76caf72ed5d1dbf44dd4d46a9c130b185cd098ec30d35de7fb76d5ba2d8c1703d7dfa6e795a35a8046b8053453bdffe34e54c62cb42647f5183dec2f04d66104452c73efa3d6e03ded24bf6be0f80e4718147ee4fb679061a5be90118fee800822
1787431977.86849 sweep:D7A-like Hi Rate (166.6k GFSK) RSSI spike: -41.0
  -> 255 081ca9b1afc8d2b44c720029f3719ab88e5f449223bbfe7f37f4bc259a14a07544c970206bcd480bfa67d33f6dffa30d2f45d263bcdebe14bff61521a420a4b0b0ce90353324e7ae2e076dfb3bed96e0a7dfe84370e6df8138c5d9de50991a6213468cc98d4cb83b08c614d73ad672167ee0999a720dc9a41a6cb576dd74fb8bb9380f8e0268e1b9207befc94e6140133f492dfd3dba5cd60a9c6d4bafe89ac997f93c6f745bc1d8e62c7451e4810da34a443b58148a1df69c4b3475c1d5d087679e601d72153840db9b77a7c0ef980ff17fdc9188a3f48c9a2ac002f45a6f1dc57830a7dc509998528ad4d1699459d41777bba89f37697aa1c95abc2021a6
1787431977.868711 sweep:D7A-like Hi Rate (166.6k GFSK) RSSI spike: -41.5
  -> 255 98fafbebe29fa06444b88da905a85d9ef6437d2e0698412566d0b279c3183a4dafbfe0a9060da4aca9241300299fa691b4c6c95e1610ade99c4342b0b695cd13669d4a5e4b093292dac3cc62616e5c0d7d56253564d557374f30305a140123c388f70bef299e1027fedb06152f97b0112b51d823d73d1675edc899f79c66f4c5273d11dbad8951d197d85c23ddbd08d5e78a9217ca3107dd1d0c894caa370d1b946ed35c51570d87e6f5e9f0f2c77f36f9670676d96aaa182e293a1da8b0132adaead3167cceed95c250a4526a88640ca7c3811b1893aa38e985c59b445076269049e2956780be7d3bb15f5ab14a980152b2e551864fa6ac6998888c122d39
1787431977.868972 sweep:D7A-like Hi Rate (166.6k GFSK) RSSI spike: -41.5
  -> 255 a41dc7aa2ec0b0a64c2e9d1366c27c4a0b9d653112444ea7aa79d9c6715e9a2d1772b53b9997064167d6d830c6f3d77767b08370feaf432f811bb3f7c44205a95774bd3136cbae0948754663dbbbaa7760d560081c3358b638339bbf85abb20b425d2a80417bf762746f5f442de89622ef3f9a4d69f0bfbb5206b9a5d8d0549697e1696ef1464628eb24363e6c110f471a00d6d6fce5d24c2b2d61278fc11707fccf31484aaf6060d64147d8064360f6465f1ba51dce8a832ca27d9fa432f71b6dc7819ada00f48cbe99306e90864ff060d22dc3b339cf84f56994cf848a767d957b6ecc6e276d8ed50475073f909c21d3dd77ceadbbaa64f3c1cb813913f1
1787431977.869218 sweep:D7A-like Hi Rate (166.6k GFSK) RSSI spike: -41.5
  -> 255 443fcfe4b8dff2726c0e94ee2e6252cf7aa91835fbeb2b58b07a1a47edcfe2a80f950209429aede1c8938f6bcc3442b18a456ec7eafd6ea34fe2b7b6e5e8e9746a16768563bdfc841843bc77a08bd9bf9653a5a80996b275b3f475aecb288574d1b392062dd80a1efbc41d384310e60f5c81e75c4f10bf839daa6d2e373e70d39505938bcf618f0376069b909824c4f9ef0f0731a30f748adb44002ce7e9b3a4964a7aa534b0e5f6f09d957b23e23a039c3d4c6f691cfe906eb387d9910c6e05138e27662f175f54f043eadde40b962de9d7fefe66566e5e73b63e3ddbbaf02d7a052a4522ee341d049fba2af597877e467c78e21931b59dac3c51ab8c4178
1787431977.8694558 sweep:D7A-like Hi Rate (166.6k GFSK) RSSI spike: -40.5
  -> 255 6093d7e285e229a824a13b079f17426047a2562509ecca334f4d8e915a9b8743d7a93c2e4077931d310ca698b1a4ad94724e0747b34ea2887f92538cd10a3b27e9a2d18e77a06586f7e9ef949b2bebcc629d8b2b8d9086a7712ea4182a25c72c5dd9aaeab59775ac63c40b17444e4ab6e438eece7f3e0cde5bbb8484dd8361ddbe9e5b160434a6f72f3f9cea3b0c2e9490ea4adde6d6619ba648dc456e4841ceed880b6fa539175bb22138795eaf4a0a66336e2b8d23be2eaab3526d554a2d0ad8104a02cec5c1d2e43c1713a45677c700add584dbacd36bf76944bf56a675217d13194742e8f7322f5c3587d92af95ed865c10fdc6a524bbd1269e9d0d02d
1787431977.869688 sweep:D7A-like Hi Rate (166.6k GFSK) RSSI spike: -41.5
  -> 255 1b419003d03d5f81e56c5d5a29c0b4866965cdb242cb7914d92ab07e21ed19b86375b5fcb22d6823a50a9fa9888e5e641d34aabba5e2f5931e4537ac8af4d6be16a57c8ba62bc22f9923165eecebf6ae4d7289bae839c0689e772979149a4c0a2e1d09d322fed42f64f6f17eef94e62ebe28bd6a8e60f6ade87062ef5594dba2b2bec5d6b70933fe7e474c8193b782e1339a27e5ec29a3010bb758c28e6bcc01b6dc8d27e0653234418b040a34fb82209efccc0ae1bc1e0786a4541bf66cf17c65041882516a7d933148f40c3f1487793b2a616421edd9c79909c8fabb70d46e7312ee79fea1df4d070ad2ca7c8a67eb2a4bccabdcf132a4b977877bb9c27f
1787431977.869913 sweep:D7A-like Hi Rate (166.6k GFSK) RSSI spike: -41.5
  -> 255 678c8ea98c26810575a76db17c9d39141aec9ce10f65780efb857a1717f99817f072d9161ee8f83678adb7316bc3fbd6904a9592071cbb1aff142b58736c2fc1ed0473997481f2a08c63b2b4dade350b6a364ba4a524bcee8fd4c1fc1cfe4e7fa2105dd0444684624b71bad754a048f34c2fd015befbffa96f88ada21ba11c16b09c00d547ce11ad304559682be5174b0f5104ad5e9e1a6c219ae7fc6a7e725832177b4dd24533a08b75c1eaaae5314d40a612b211934a9dc717b3c19ad9f24786300b107d92d242c97f11d2125750c04ed83a0f54c3a66a66e1fd2bc63cc84d68e994b92557f6dc68d58101fa129ed795102787ec22e37bd80dbf56a57698
1787431977.870164 sweep:D7A-like Hi Rate (166.6k GFSK) RSSI spike: -41.0
  -> 255 2250f92bcec1af8decf91f710509a7f6ee52e53df8cad0f228ecdbcda1c65f0c00433c5e37993f37ec21b607139cff9a7022fcd3d519fb246227de24926baecdbabb906a38f4e76a1962c6e99b877bfdaabc6a1aa88f27fc2fe637cacf291f76d9f7e77041736a0ee81e7ae37454e804cd0759ebb802897b440485b6afa85f614a61703e9e748ce957a9c71d2b73bdbe132f88522587ccfab422848b49c2d195dcf4ae042cfa604baaea4f706f6a2ba37b32784796cd6f9910b6c942da41734caecfa26ba404389f289904383d3abebb51caf536cec4c2e4b8777b363ad47e6f8e71501970e2fb5a948b47f8f2d404038f3c6592ea1d55c9e0caaf60bd383a
1787431977.870396 sweep:D7A-like Hi Rate (166.6k GFSK) RSSI spike: -41.0
  -> 255 260e1f650e465fdca99ced824be560e9a560a71b185d860bfe83e1ef10ceb6b7d1a1a6b7e2b40387fa6bc6409c9ae93d3d8d74518b566d04cee7a5a7b0a8e4e40c1599f636e17a5bcc0d21fd0efda03e16c6dc328fee03dc7976bae625edf917c5492fbf08714fda1450097a7fa428ea6ad811e8d8e48533e35171fe60d77323b7166ef27a1f8b27ac5fee014fad0fc4aebd72ad6aeb34e85ccb72880db8e2c2931b5d80d64c845e3fd22814ed30680ae7b02a7e889d5e6ac88b4246af669e8f699f4ff16a8f1d19db5e83b6033da0c2adc5c8135dda8443b6e055bc5e76ef036c5dfcf63489b04036dfd5bd9f75e1a69716410f14670718eeb84724a46fe5
1787431977.870631 sweep:D7A-like Hi Rate (166.6k GFSK) RSSI spike: -41.5
  -> 255 81888799bc5cefbbd99ad5d0905c8d33388f3555431c0d3479edb9c117104b140e001baff5c6d92f71d34455595243e2a978a1fad6072dad650a6e3d875d8d9c05ce44f0988e7f1db2f24db882bf9e1ee38438c1f8ebc1d5537a7afbeeae76548198c2f0dc5b24268ef531b9823a2d5c920663e3e2e5c07faa741a8bb74cbbf94701d91e58a16ef61b269fb68bd6c0543d0bfd024f3353e45500d4d3770cb76bb4ac6eecde4b091a511aedd7dbf99e52666c078274c07bc16606a1fcec880e2333b9c9e96fc95d1ee45b319e844026a4cf5e9f5d06fe7b1d621d99fb83df781e8f3c2fbbe2d0fd6be8a383181bb1b56c46265e9fd44bcf80184df97dc9718f
1787431977.870858 sweep:D7A-like Hi Rate (166.6k GFSK) RSSI spike: -41.5
  -> 255 84d270ec0bce7aee8c470f6bedbf4ed82913e16d947c04e1646ffb408d13017ec4d722711950c7c74ce592155d59390b00a71856b967522156af7771ad3fee2f073682f31e79d14de7522aa5c6078017da8f34583f9bc03d09429e4dff5a3a66a65890ffa1c0fc1a02619ebecdff667921603fcb5fce2828b9f4c0c26a0737fa7be163eb92e7fecdbf93cf643fcf41a7c527260362bc3aed82c2b9767230819ff389a6e7bd142ec3f98bc0be822446158093e0531de58511f95e9a9be109c631c31c765f443db20c0037722e4aee38efb78c9033d1849e65a0f1f027f40834680cd57a3e6ab07010ffa671a0dae00b4ffb9c94207a7938f078db1765fdc09e
1787431977.871221 sweep:D7A-like Hi Rate (166.6k GFSK) RSSI spike: -42.5
  -> 255 c7626ca30f401babcedfc734e973b07e22d3e0fed9bacecac598616307b449a7feb0c0c391779b96f04c1de96a814f71aba18b32c5dcf3db955e15f81c19b6f3ee68fde9e71e0472fbfec40fe2a76222cd23725239c3de3987d4f117401e55a2bd350bc7788ec74b213c6f0b6db878b96933f00398d4ad0f7b40f20c818ed7756eee20d06d15d1573e322b3f7d407818c4564f0022fcd3ce0a9f1e58307f0c1e50cccffdfc50496c921201563d8092d8a4853dd799ffa6b581eca8861d1d7fb2bfc0cf8f83e99fe37a6ac19b0b9d71fcaa8d4b94ee9c3bffa50a4c8329530e5ff621e767de73abc20ae6d3fb45670f4449add74cdee92d81c491cc87aa1b3e
1787431977.871511 sweep:D7A-like Hi Rate (166.6k GFSK) RSSI spike: -41.0
  -> 255 1d9b161f0a321135ef23c6d8884e7957e005319cd6f093b9df047bfbc28fc04ebc307ee23d4015fb1b88d29ee8024ef1f83fe60c5591f6f8bbf0fdcf37bde35500f19dea3a43d4f9fa3f8bbfa2a81e09198661b778e703ceb863139a69e402fe4cd48f9d974f42135e5e6f30a82d7e1fba0f4d690970dc2a394b03e382b1dffc093337747cbf6a0ceb2e0ef83d88f3f584d247bc756c610150b111e930e0f88cd1666083d737868e3c6258f3037fff0cf7f138101872923e05e152d8caec64dbef41c65cc1c0e6cbab3c0380c19cc332ee15cb26f020c5fad7362d5c80e77dd6a7f13f9703a9370c97ca4e12c147a7571fb8063115ce3c98a4fcf6b6fc0c03
1787431977.8717802 sweep:D7A-like Hi Rate (166.6k GFSK) RSSI spike: -41.5
  -> 255 921af81da4fb80f9ffc265858bd7e4948c7ff518e2bb9661eecd8f77dc8c689483ed33431322ec09c79f079bec85431e5adf34f6cacd358812e14b99b03fb1442bc64b7ce3b6d37966703deb4dc1d6ac7ec4c31be9874f1602f3311d3b05fcae4780d47ca0660fb71fbdc00fa0ff330f3cd328c773f17827eb29d925f60c3b8abdb97e4576dcace35962335139dc72750e66452050c8c0705d3f2ab0e581f0d3ec7808164febb63bb41ff84c8267f406a44d1a242053ddfd92c9920f1190cf6b039228037423f0de4438471e1f6fde37ea9a381f6ec7fecc094be1f9af27be8e69c6068fe01607eeb8c0df205e70f690a60905abc50784470cebb256f7f420
1787431977.872144 sweep:D7A-like Hi Rate (166.6k GFSK) RSSI spike: -41.0
  -> 255 726d895a0460bf04f5f0872bdf36366c6f7322220be66fb9fe07ffeeacdf7e13baea07967bc02089c39f80ef6bc64f732e56ee1f4e989a18ce1bb227892aa86a4ee1bf9c983dea7191b967fcbcbbc0235f45e08f6e75f24cc65a6ceedc124ee9929e24a625072e42046e86a076e996adb216cccec4c7e087a5bdfa23bc3da777a13d8920789e07c0180c638149e87fa7ec61119dde07210655fb00cc99c219f34d8c9c86bd80d878fbe48e7fc7991e40bf3d8f51a95aaa3f9f97396008100f90d60a9666046713ff79f4810bae8cf391e538874196684f5ff40fc7b4cc25d362e475fae009cf81da13150cbfd418404b4fbbf0844aea0f221be614174934f0
1787431977.872464 sweep:D7A-like Hi Rate (166.6k GFSK) RSSI spike: -41.5
  -> 255 ec34403eac403ff661a7f417c8bfba110c0b53e6cd80b208127eb277b94291ffce1c704203df44c15748d66dcab3f9a4253bfef65ef39727df72f2092c0d9ff87de274218d4c70bcc3df0b4270c0309aece3f7a7cb38d4b0d608ce7a53b0c5b8bc511d994516187b8fcf800643e13e4473f6a671bff5db09a3231a28e32e7ce0888047814f8f47fefbc0b3307d575ecb312663c5c10e3f7d7e01b251d132ee68681af2ffcf6211e69f838ab061e84f69f57502f31efdecbb17a799821ebaf7fbfbe4c1eee22e9ce4020efec0d2b9f2761eb96240fdc7ebb57e1bb33d84f02b7ce0757c37890e70724130bc3e80783fadaecb69b7be1a2d30fd9439dd08130f
1787431977.872701 sweep:D7A-like Hi Rate (166.6k GFSK) RSSI spike: -41.5
  -> 255 10fb0864592490d751114e6e2e1e0fcd499c7d0982b94126ff0c757adf8bce9300062f5391776bb947cf188c74587cdabfa50cbd3331b3c888d3e1d828313fdfd63323862d729f80bb0c4dc6d18ff4d406270ac6c3547c680858026a087e51b8a0f4721f0039e598936e954623cbd419f425d461927db7d0c636e8dd4fdf6624633ee8b732a05e9dee9ba008c9af18704bff8df8fc2d6fb971c645e1ad7e926e31a78cde2f07bbf0fbc3dfea961bfe5db89080860c587d9b0c5f010f4118ea331bfbc4dcc6add53874ec823f7e310b6af777fee433563e41810a257e11e1f757d7a6a3f3e63633320632dd6c041201c4316844f043ee3fb0c4e10b978c7f73
1787431977.872937 sweep:D7A-like Hi Rate (166.6k GFSK) RSSI spike: -41.0
  -> 255 08471bd0d288be943dff39e4cc9235c246499fc0c88f58c1237dffa24c68430c44fdfff43b3804de5e8d5f873e5260cf868cf7f006a9582c00948067ef9143f9ea18fe771c063002782033d8c3ae6bb681bfdd70c61e6165cbbe40f2f2f509b39c938dad111d6bc4685c1cc41a37bc818111d861e7f937170fb70be1810ca220b12ffe45fd6e76c1b56e0e93d5db32f85f6e87381a949b986476d90773f3e3644ec6c531cbb762ff6886fd0fd9b1c153ec547c32140bc1e429b52311f458a0203137f861811567c606ef3c455de0f47fa77b80dc64e03fc7dc7896c47eca300b48a9f7568efff78008385e9a8a0301d6d12d0002931c1c24c0088704a76f95
1787431977.8731909 sweep:D7A-like Hi Rate (166.6k GFSK) RSSI spike: -42.5
  -> 255 59b238e29e4f7d15cfe7afaadbe2a4de200bd586e01747f4ca0fa7928b5ea63fb6dd56637c1feb2d0e7bf70ec6cf76aabc0d923ce3b8acf17773d55aeb50b4633fc0109c90c3989017dda1fd5cfc368c07872f7d5ff1f8ea6510788cd1a50066f9d43eba69de98ef3502bf584a7df82594c227066c2f952e0b87bad4bea889c43cea6923e246e64f7c8a05bb85d50f8a09dd416dcb02943d538c9d62f651b9481a845bded4376b4bcb086d40cf9f4aa86e14be8a70625d77f046d8530f786013c3a6dcbf493c991e09260d91b00339856becaee18df49da3cc78c159b39e60173f9f02905ed47080bac64c6fb99ad78f16880a829da57a39da9d47dc9bff9d
1787431977.873434 sweep:D7A-like Hi Rate (166.6k GFSK) RSSI spike: -41.0
  -> 255 8f08c243f47097189a73fcc64a12c05b95af5bce088ffdc6062c8729bc27f19b016015bbeb32b14d388fd150f65f26a3ac925b83bf280279fc40e1d4061f069618cbf19b6cd4476a37707e8761c3f335927a5f0c0c6c3228156c97081527a115fed08a8f3f557fd65974f670f7c38d02064e58f221948127f933a79e030c4ceb1cc509f82e772f85fae3d5935f09781b228e7cc7c3de63e8e008c3dfc732f478bc9122cf7fc79c3d0a67ef0dfaee427b070e133e027ae68211949fa9800749da83f0923c8ab9d9c7edb39895144e3c78c8639441349d9d349f61c01e8470196b04e37da02d4f7e02fd880f678bab05ffa74b6f1bef9a68273c552726e48018
1787431977.873687 sweep:D7A-like Hi Rate (166.6k GFSK) RSSI spike: -40.5
  -> 255 6eac902c378d36dc57670ef4ce9d1ccdf1fbcf44fa00735f920cc07fc428747b2ecc19946ad7a40979714507f8db89d8a588dc0e828dcc4b87d0fd84cf51e3867e126c015fdf8371be9fd3eb4485a03eb900e7d55f18d7e095260ab3fd087f385f957dde9837fc78c2ac186613c8d5f8f4e7ef6b4706367801f901f48de612e1c40818498fa08d8646abb27c4c159688a79a508e80fc509f85853fd2979279fe43acb7f31e06f2e90a40e63f4902031f7af21cbb3e48c65b33ffc4f7606c579103a7c353c9dd006dca1a227ebef82f3576bebc80062247fe4f521b1c0b260387eff21787147bc6438f8027884e30dc2f2ce08bb91fabf8c8c3a99addb321c9
1787431977.873929 sweep:D7A-like Hi Rate (166.6k GFSK) RSSI spike: -41.5
  -> 255 860560f87e67419dc660bed85ec9011eff98c8043ffae7e8fd76f5857417ab2bb1bff80ce1e47c82bfb7aff05594cfd0cc102ff61b37f6dfdc8ae381bcf31df191f491cae662b5c08c3c73844ee6e78fda49e057b00fb6f38216788f9f6e62618f9b18b222d0e4b38078f1cd56613c529cbe4c0331e6d02e54061a098f2f18980f00fe1c0ece2130628bf7b5723cfe0818d0936a01e874e3fcfbcc1f7d8ffdcef386ccb8c448c373ff35e3f151fed8befbf35533d5ef8f4f34c761603262c6ce376eac4e8ba9003c8d91e0df67877285ee23d447d6629e70cb244adf17008f832a48cca8a47d3381ed24c7f0f72a0f81f07e2d24a7f8a8a59af8447f81b8b3
1787431977.8741791 sweep:D7A-like Hi Rate (166.6k GFSK) RSSI spike: -41.0
  -> 255 bd58cbea07d27f1f3fc823c620713405371c8b2d2bbc30cf862fb71982fb5f11f864f797ac1027597c9cf65f767ef9f12ba0f1d0a047089cbc0770dcdef81dd92aa1ff4f0dd0471ae29f0f726422c9670efc51c430fffc4e15209bbd3c70887d33ea4240bc73017000c641f42503b60f88580c11f35eec127e43ad0742760d7699a206d6cfe23c42cc73f0e1f95728445e09a5ef3db0515f43fe7fcf1b3248e3ff766814437c702e2c7c221560ebc6306f2e654c50be79715edd73fb01bff076950ba7fe7dadf3c2ce6cd98e0899d4da2bceb47e9c4fe436fd7300065cb378ce0fd07cc40fb080657d96571f600000f795dbaf91254a39d063355e06fa3147
1787431977.874416 sweep:D7A-like Hi Rate (166.6k GFSK) RSSI spike: -41.5
  -> 255 e60164f432ec23fb5ed633601e2b6827ef4868fddecf00f0e1a5fc6f65f66627840b60ec3c9fc0686b6031531b00e03f0c86120b8b1cc1a003ae100f81bfc5721df0fa994b10e02aa64671c703fbfc1988e7e35f4ef06d1dc0eaa8f813bb0bc53ce6d3cb3e64f8bff082f7079da59b511dcde39bf0b5abacc9f311f472983bcbe3c2f8d46be0780cdf8fda707dcb2b571b1dc7f70f00a49bf0e1699f4ee7ed1fbae1e5030fde196675c5f8bbfb5072f96038f8633e3c21d6fab65cd81b9b4c6010468c7c05fa3bd73d3a7c3a48b9053b7e7d977f00d07823d78da43a0a21fcffb60c1a37f4ffaff15a87058e377bffbdfd0defbcf572f4bf2700bef2df79be
1787431977.8746262 sweep:D7A-like Hi Rate (166.6k GFSK) RSSI spike: -42.0
  -> 255 e90fcb080135f0b432238a338d584731510e0b6d0cefa6927dc755dde40f4386b2011cbbccf2d38dc28da908f0f3e82184f214ff3d9f1cc5c9559aacead7833cbe0947b3f4c38852d13f339fe4ba20c0f822578dca0f868326f52ec1a6cddb7e1e64e0a15a33d9fa1c46187b877fe7c79cf0d6780171883bad0190fb8df8fa1a8eee9ffc937c0070eb27c1d3b5e43c7a0950989af00cefd3fc65aef11b0dd8ac733c1c789ba180017f229300a619b636d36f62d852c0aae480c461fa819b1b35ca5a778b4a03f5c4d022f611df17c82fb7e3cff2d9efe50bfc4cc3f107c1ec4686ca0af2003bc0d2d8394f3a03b7b606103ce490820fbbeb7b6d03125de0e1
1787431977.87484 sweep:D7A-like Hi Rate (166.6k GFSK) RSSI spike: -41.5
  -> 255 72053c3fab7f428132766c7f3dd02385910460b0c2d2886fd583482b9868b2ccc02077e4206b708be32f85b6c58883fc9d31ff7110adc483038cd9a09afee478fa29991182cfc468fbd83a30df363d4c582f634a59bc91f07986da7b0779df77fc382a35fd272071c71b3fb85a4ccb560db97dca2336e26ce2dbd7972699da2c6c5b1503e6f07d981a2c4cc2ad4fa0fdf04b1467187f37899eff4e7a5522f31a3f00b6c84e6ab23c84889a2c8f998df2f017f3c4022f1b30dfe3eaa79be38d052e3c65f63cfc0c81fcfb26a1255f8dcff39ab4f1825c29cbb5862c30093793f544c48dc1645144bdf04142c0be00f2dc2c33f684c3d1e181ecf74f680e0b42
1787431977.8750641 sweep:D7A-like Hi Rate (166.6k GFSK) RSSI spike: -40.5
  -> 255 0c99783fbf7b069cf23228eda2f6373fe9835388c71d04de3f116d0bc1fd573200b0d3979ff45ccedc6946fd8fe58943289ffc82d052821dadf22e5bfc9e3d624c0211d159404c14c707d2a2c3dce9fd73f8d0f17304e002cb050707a783360e6df003b4645260409dcc2fe6b0d18d303c0420fed38236c993976e21f4c3e3f168e3dc004fbdc7c18dfe1f4f2f0a81c8e1e9c85be168361e90e7f26fef5f868e800db35f343104669687eb9c0b36016dcd3ad83668ec99b69782c9b942bbfee7dc64a735417962e1b856e3013bf8baed58f243e7d52bc60c9fdf420017bbcfec03200fa8ff770f5f611f3c977d7f70406f4c1cc3b35971046d099672fce382
1787431977.8753011 sweep:D7A-like Hi Rate (166.6k GFSK) RSSI spike: -41.5
  -> 255 5555dc535a4e7a6241e5f016402de4f941d0141ac3e2d1c49ccc4c3f26b41cb0bfb0da3c3de49fadb750ae422361d4fbd3bc9398cc38078e25651ef37630d659e09877458c187491151b92e7ff64283b7217ffaf60ce017d7afecd82923b097262d5d9de4f4c7d0e380860bc00d78d799707e6dc3380088ba0ff39262a63e30a931a1ed30d1a05b07c65862f0336d11197ddc3ad87bd21efe0e9c3fa19a3863749ce01d0d06a70bd81f0e34d1847f545179461a9b86b37303bbe3eb10ae872c2a4a6124b9403d7a4cc0d371499b7cec3d76eb378792bf448eb3ab2b845e6086a11d9371ab4bc136944f61890a0578b8f179fc3fe61a6cfdc7c7b0109cdfb95
1787431977.875541 sweep:D7A-like Hi Rate (166.6k GFSK) RSSI spike: -41.5
  -> 255 93de8e9c019c3883dd89df03d77a5ca7aefa0fcb7597f9dcc4500783077703ace0093f842083f9b1e6b5b97ffb7193eb1a630692a2ffd779b8db894d1a51e3cfbf2fadf42f54ac0205fd0b41b42ee3191801939bd5681ff57eee05dfc7f0d8040f8e49686119dfb2439b171830cc30bc47f4486fda01d8023b40536385dcaf82bdfd523e0f9dd30dcb7feffea90aef5ffa19b773d83994119f4422593d3699e7741b237ac74614a77d53dee32d8e67cce9ff57848e4423104c90e57feee5238e471c97ef791b176c30a774e318f3d809e01f0e3cadf87ffab98fa2097f2a1d1efeb767bf09c758fde2e1f0bc6e338517f1a582bfd62f044facffffe7c4213e
1787431977.875755 sweep:D7A-like Hi Rate (166.6k GFSK) RSSI spike: -42.5
  -> 255 53f651debaec46683b878691cc29fc9b305654652491e87f27bfff01d70a74ca0bdddc07acde239ed7b1ee080274ee0169f88e7d4fbe9f00ff4950941f8633ba7cfd35993879586e5ee48dfb127bf03b24ecca21dcf78e1e007733bc6b11273b39face201e778035a5ef218c63d8ef7129b6e7281c213eb97283c35663ed04fa02e74da98a2b0c7c6aa334afe13cc1caf2b13ec12887f74f5cfe1bae965e16ae4425de6c09426e68867aa1d9fbc9a1ca542a91ef113f2be0eeeb7cb78c350047c506269f9b2f8b3ddbd64ffcbe00ed060f366ed6140081a37ceff00a07a347a7fc539ebb8e604f0d8f01f800f8f80f801f8f8bf177211f80a9ac5bfd0140cf
1787431977.875998 sweep:D7A-like Hi Rate (166.6k GFSK) RSSI spike: -41.5
  -> 255 d491c620e5fcfa0e0231691603e384dcb223b74df40a6b8e79061a535b1beadfc0c12c3447237f7a94770ee2714db92d72bfd63afa586961f1d3be9ee7790e594c7f6d3f89fc3757a3f59cf18c273d56421127f02c08dfb71dc23f8e8cc649b0c5abb9dfa1584e7c24ab9f8cb32010d6bf7d343be8c4b7dfbdcffbf1ab93b83d8ccbf1a9bffca9e3a1706a7e6ce18c2af09ec72ef50dcdd849c23afa1f780f6e801fc28884c07f20bb7032fd40c1a5e61c910b0a4394658f06049be1ce457d6ff9122464d0787ce9cfec71a7987b2e3232f1514d9120b9e67f0351f6ac4b4d8dc707cdbaf05be7978d89837287f48d9d7cfc408c1cfeaff907c15ff009435d
1787431977.876214 sweep:D7A-like Hi Rate (166.6k GFSK) RSSI spike: -41.5
  -> 255 c5dfb5ca3dfc8fa31c59808eee4392614a085f57f789c317cc2f1c81823e3c7e31aa7a08a0c40102e23a14a287d20137d3ff126f9264ff79fc84120b8910f1a61e301679c7f004edf5ff619c7c58d7d8621d1b4c7bdee6d28621cbb0274040445e07accc14084b8c80d2c688064fefd050f53c6a0b3ee09c0b7cf9cdf7f8b6444feb6b8c32fa5ffc2f77afb35674ed1d2d23f817625505dd590f6ccc51694071697797f8c0313a78519240a923af56753fc03e1c03467c982478cbbc7854e2ccce6639e00bcb10af70a0b981e1022c63417e06f587f3c6d66f1a28383f1f2ff07d786132f1c77fac12f13f17ec7a458263a0edb073ccff0c4c704de46ffe9f
1787431977.876458 sweep:D7A-like Hi Rate (166.6k GFSK) RSSI spike: -41.0
  -> 255 e8fe3fdc34e710966af6300cff4a31f537fc013ae1faf99dd4b8a79bfc627773019d503b9c4e4600d3753a30e340525fb50fa5f5f4c19cc4fe38018fdf09c6d6af22e0c32f4213d15b1f393cfc00de0581cdf7883d98e124dff27997cb25d7e2820d8e89c537e03e96c761378e6877097b014e6c4afd8c8674fbc70508701c76fee9e9b7a7e8791cdd74d9a1f91f0139d039107fec17ed58dcfc81ebf1d6fc2a9e695d4923b22060439bd8c13c1fbe2f270760f1ee0efc8a4e98fcefbe6afd4837d980f026e060676f8d969dd0bd1a70984f039fb71441986afede1d4f084e0348b8303ae81f6e8f439e0e67404e351641ee191f96000cdc85160c8b0425de
1787431977.8766851 sweep:D7A-like Hi Rate (166.6k GFSK) RSSI spike: -41.5
  -> 255 360091b2639ce4084b5a02717068be3d15029bc19a23f669287f8eb7a1193ab02de0db0380cd8578b7d1c4f93b16adf905292381c1c33b26ec673850d739df055dfa651e31d2f80abad88e7fd8e5e97100d5799ccffe092c01ad6c213b8b828800e9ccc7afbe607a3b987e71b030f98c03f105ccb8e1dc03edd6d0f823716241ab4b216f4bfc4113115c096b72d7cfbd8b8a8057674fa9c6dc19c0cb70f13fe8beaa0ec3d901139183cb796cd0ebfec3b9cf061c8aa7d321a6bf891aa5f0fc24ff4c233018551dd3f07131defc79d3e3b2b8a34636b58076686cd9dce178193459f51f38496f071378efbd88a4dada460d3f69c7e826dc8a67f675b8175387
1787431977.8769002 sweep:D7A-like Hi Rate (166.6k GFSK) RSSI spike: -42.0
  -> 255 47800c252b378a01a13c359bd6c1f3c2eccb50d7a315f2ee041d8a71c1fcfd5c7045c97e3f77e7c81352b4e397e4116b9fee3aee80209edf48b1e9162cfeff6f045e91477f3e5257b1a1afdcf3c2782140171378cb9377bef2a750e2a48dc5e693517fb62387d1e13d8dd6708b73d9808fbf6f43c0910ee331279fe799d9c7e3e925b6a009cc86afc17e44fd7225d62068a001c7fc205f27728781cf9363fe2ffe4e27ee65dc7396383e2e403f5d3dc0e11386646ba54ffe6c117ff1fe43cc636bee64af527c342ffcc099e87e132fd81ec8e542408ce22e4307eb4779f3dffb9f3bf2c9bea3dff011d2b7e5600ced339ebebbbc8ac3f105760eb713bc2108
1787431977.8771682 sweep:D7A-like Hi Rate (166.6k GFSK) RSSI spike: -41.0
  -> 255 728a2b83b09d1fac7ce93f837ab601cec583db4d48e9fb52429ee5d00d701700de5660ccce9e428b9de0018675fb3072de33a977ea0d7e9101244c21d80be5846251fdde77ee9b15b71a3a08e58fe8720a66e28571c7e7c71a208b2f8a9a2e44a8287ce0782aca043834306409b4d89857b24f345ee6337e38c5390b363f7eac5b4b34fb3c28f73bb1cbd437f33903d37bc201302cf80c01f60c4b30cead4258aef803c686c946358bf87b01e5ff3ff718061500796ee4f4fe02e2db2c68342ee0c9bf834e3a642bcc44e9af691dfdba23af4f3e9e19b47f8f770a1dffcbe097457bb0c7c8b3b3fdf23b629f861a0a873054870e2b99ee4f02f3fb6b236907
1787431977.877388 sweep:D7A-like Hi Rate (166.6k GFSK) RSSI spike: -41.0
  -> 255 ea6d5c0ba74e4ff780f2dd74593c23fb04025d7c03676f3da6da4f1573ea03a2078de65568e9cde0b01c647308832c307bbf0c0fd8704e15e1c61d0d4e932d389b378b6f7f0d70d1e79b74fa0238cf4e8b065a31c08fcc0f60f9fc1b5171c4539b901ff1cfddd3f52877f7be1ffe1b07ad6429be1137a92294bed4dda9b57cb7cfcdc43c83e806107c10f13c1b95eff3e0cc023a41b9682c9fad7bf80d5c0bf2d91c470fa97fc08743209e3c4400913051b8042a2b54e0c376e6018dfe0bec09221bf59ed909031e9b9d707233c72533c44931c672819054b00000f3715bc0b028b9ea61d76cb989bf195b3f333c5cf9e587f6b1178f661e8eff8919b01960
1787431977.877641 sweep:D7A-like Hi Rate (166.6k GFSK) RSSI spike: -41.5
  -> 255 06561d3b070ca805ba5dd8d89c21bbee3a60040d7eb10a0e183e88dfbe0f5599ffda59f0a8dbece917374e3f9013f9e391c8026450e3052346a107fbd89d4704113d883e445d7ebe3925e224fa67f1fbae2cf0bae34ce83869967b08ee87cb0c711e9cecdda45eb1d71ab60d86b64165bb123580c34d75809d80bbf6246128e0719940336445d2e0800f67cfddc3c12812b607e432bc1677b84f72a03d842fe18306e38340af36de17ff36d02ef1a598383daf8d968fcc6ce5316e5e2e3bb02f13daf26e3f479037743797b8fe4dfc730c8004194e2f06f1b6c06b99c6b6518fe3de59c297d8fe8409aec4df86737024aacd99f0cbfbaef2849047eac4c7e2
1787431977.877861 sweep:D7A-like Hi Rate (166.6k GFSK) RSSI spike: -40.5
  -> 255 693d87ff170b64a711c0e7320eb5bc7bf9f10d806677b5a78d63141f678fa23865af037b0ec70bd91049e06017e9e29f4eb15ba0ff10019e57f92f705b50f0f662a7f1817ce4fff02c3680c0be447e2433c09d9f0317949f7878b2a695e799d2c23f014f2a8c7499072e054c83f709eb14b94dc7f1563ff18f63e9cb95a5ffbe9898e190c73fc1fac8593dbab98d56bcb647f99dbcf83a3cfb9a083e3e583ad39b9e7feb749ffb9ed8f12653dfeb93b16d4b1b1147fb4e4865f3cc5c0f869326360015052d70edc89bd7e57e72d857d8d850fc3819cfbb5c0d37ff2cd5c73cbfdb06f6860670cca711de7e5f77de7eabc3ffa2f160869dd8b2fc0c0f38c53e
1787431977.87819 sweep:D7A-like Hi Rate (166.6k GFSK) RSSI spike: -42.5
  -> 255 831d9fc41965fba70ecc19050900f46d706e34458198d31f8b1e1f30cc16c6e723e57b40e560e9f6e257ce7c03c9396fffd24ba19de7de880420e4b56fce9b92f2facbb8e75e7b9bc217425f4e0309f813eee5b59d8c36df0f258e510461d78a621ec791e36408bf19f311b7e8e06edacc635d90f38782d631c62c0c7bc4c991f21b83e7c30d91fb47efc06c41dbdf6b7d618057c1a9c3ede2d60694ec7a44c2812cef8f916b28a4771d87d723f16bb4dabad12f189dfd97f50132e2b7802e664de367c0821dea90fa120d403d4b3ed2a36591808ba4912457c0db24f23805bfb6ad0da2735787b41f49d37fc2565853081e0d537ba26e851f8413e6a90b76
1787431977.8784509 sweep:D7A-like Hi Rate (166.6k GFSK) RSSI spike: -40.5
  -> 255 e398578376a1038d0d0757f8393f2ae6507a099dfef0487058645e21ce62ed8309903040a82c2ba01203148cdb95fbbcafb63a6018adfdf15610ed6d1dfe2717fd79ea639c9c4df8ffc56c8b3b1bd18ec7cb1c8b9ff796db51b21672cc40d3bdf04b4b04641aa7c93b68d73c4082c268661fcc2e4cdec8167a4f8e49a8eb4d7a2af6e3d6ffad7faaf73cafec76e1597dce09504fddedbf613d247fef91de4071c3ec2f8ba29c84c9e0bdf82c17b02e65105bde93c00f03120bfc4b33a4a5fa798b5779bbca3dd47d7cf32cc2b5b13005c8e6e4dfa27069d461d54d781cfcbf610a1862545c931f43cb6f3776a3ace3114753078eecddd1f5be910441db864f
1787431977.878686 sweep:D7A-like Hi Rate (166.6k GFSK) RSSI spike: -42.5
  -> 255 f13d8702dc27ad23612e300f88e1cc1c3c6e9171e0060430b8e8273ce102c13f0c9dc4d7cf270fa009c5a9fe0f8d0180c96701ebfb40e7fcc18663ffe9423c7e48447e2646343e168bc30790c31308183a1936c5aadfecfef40824859be6e90577cff2042741cb4c91ff32f133c9f44ffe2b093bda38519f40122f20146c111d9019c71c697e72eb00583a99ae0d04d3cf3fdc3ddbfb12b4093bddb5796349aa8e1dfeca263850ecb3803893fb1049a9c0427f36096b37330cbbd4109f1ee6ded77f79c1e12e1ba2430a6371309ba4413c19db6b9bf44530f0c1af8015b7f9b4860b51bba69774f495bbff10dae2f9bf17fed0f6d62346c57c8b59c2b7ff3c
1787431977.878913 sweep:D7A-like Hi Rate (166.6k GFSK) RSSI spike: -77.5
  -> 255 6d777c0ce4be4ed86eb0e7bfd686e96a8d8d3f8a36e6d6276e3db8b619347343c721c389daeb44eff784fd2c6cf23b954cfb49b4f85cb9e30105e4794e239f2062a8e0f37cb490ebfd1e4624f2434ff33ef399b879b0f6bf597a228360f3371e642c249e8d9fe8fce9ba0c81f8330463e11046ffb448a72719482f07c696af87039a7a0a742213e77b5e53fa4efe43fa3d4cb361911043f9f49302dbaf184f1cc609ff8f803525ad5b6169c45301e2253aeb3c58c8c43ce6c081ec5ff86cc7bef4e267c8a11613d6531019df7c8dfa5c27367619dac3786b9c38ccbffde90c871f8b044f419f747eece377555892fac221f6468320193ef8746c6a27881f9b
1787431977.880595 sweep:D7A-like Hi Rate (166.6k GFSK) RSSI spike: -53.0
  -> 255 bf3a18cc28c38fbf9046fd38de23fef1e6be6b260c60000f04010e080a7117f23de3a9d38300a72aec3eb01f1219230fdeed377ce30e09bcebdcbf570131dc9dd67c09f4006690f1f478723e3d4f1913e7e9b9ef000ea5a102af1d4639ef8282a6d60b2ae9e7ef118fe02d615d0cbd19d413d021ad21c07ec0f7ed4383bf0d0100a6a1ca9a808f98121f4ccd22461b1ffec491fcfa7121969b2bfea427523ce00fab00c0fb1236052adfdf3120fbd318c69263ba9d2ac40c51ad59cfbd0b019b3cfd27eeca23c0c94efb83f436dff35af36d77bb148df5549f6e757840c4179079321c8d26cb8dd3b04938b713fce4bd0145e8bc1f0ed0126dfbeb68cb2eac
1787431977.880841 sweep:D7A-like Hi Rate (166.6k GFSK) RSSI spike: -52.5
  -> 255 bb86efbb9348921c5aafc4783e2ee9350f78f65d9d8c5d52118c270f23c0dae77471a3ae4f49f39a6e3c4fef66399e747ef85fd08e542b675e35fa601b4945c383f7ae818e6fe2e7935f8615a04300bf2f8c07f883e7e23b2a3cde18a0781370e664e1116795f161d821c5fa0da387e60795b0b9bf8b68ccedac648f9b5defb988562f216a301a83ac29ff8faeeb7647bf166e1f00b828ce7fe73f79e088f06e0f55ccf421c0100e3683bfff2e6d961201557d1f3d33707813ff3053e53ac4b586fa68b5f8b9155eeee7b928acfe3e19e4899dfed7c2f96fff568c33b6f84ca216e1e5f3ec2d41b8bf921df1afd06a576d48b999538dbd743eb46db77eb5c3
1787431977.8810828 sweep:D7A-like Hi Rate (166.6k GFSK) RSSI spike: -53.0
  -> 255 bc7fee7cac0b8e4337b14df6603168ba8fd1ce9e303e83f92641a9c7ff69ccbf7c67a3da394e2086c2a503b1cf0cfd8941fa7f6079730618827b1400a2fc1f83fe558b8f4f81a2ecc3b1783d1c7be0b8e01a27c2e97e080ef808f36147517892460189e09b7cf2c3ef8da8d83e03b8907e2701dca6a1fb67831531710990d27ff7824f929aade53241ed0f7e5cd7149d137b220b7cbc281266bf501dcf3900cdbe9716b0cd81b3f3157c71fc7f8f95636d77c543d2ab290103818af823d9e8188412737b7f076c6054a19bc187376dd0b3fcb1f2036f7e449dcb9280bef3503eaa85fc9dd9239bb5be18601d3dc51f0d5ecc380c3f14798e404d1c041ff620
1787431977.881361 sweep:D7A-like Hi Rate (166.6k GFSK) RSSI spike: -52.5
  -> 255 313cf26aa4246d005f97f1c8a8d4d86c09c0c360d93593206120a52feb04dd318e1860455d18dffbee1ee740b19ff4bfc60345fdf9a0c661affa592f124dccf49a068475e735c0907d90138c1702ef0eb37f4cca6e4c11349cc78070df6bdb9fc1b6836be26e10779d456fe614e12687df33e912ef8399b51fd485a2ef8183f274516fab9f00a646bdb13729d5d8ceac3056f5f3908c3e928577d7196ea66feda007fdc4dfcadcf1bb79434b7d7fc00afe07137737beedc437a3e64070e99799a7fb23ea4ef03c5cfd70cc012e102d673f3fe212f4945ccf81fb0fc57df0c61a18c6e27207898ddf4edd647260b7803c45c3af3cfaf076873c38804852cd80
1787431977.881599 sweep:D7A-like Hi Rate (166.6k GFSK) RSSI spike: -53.0
  -> 255 17624d320cbdfa298523ecdc9c87dd924393d082b9e4d347a1379def4b3e306a1337119dfb7f9fcb017af9ec13a7831ffcc23a1ec0e8250f4d9969838c9b06cfdf8bc3d6f1d3fa811fe1b80e73c27e032be09402465bde880c98a1e3d4625c6244a16e40c8817ff9bfa92bc4e5b471dc813707377c3fcd8ec3ac335c4f632ca1f9030e247e73e052622aaae1edf931d890e474e5c2fc05af633418b6ee2b13167583834e09f277c447001bc931e9c2e5613c383c3ff780a4270324ec53b02c215827522f479c2d74e330e6b01626cc261cdea51f5ff9167e3a1d87dcf8c608ea655ffb4898c5a101acbba6609d4e0e31740f83e2ba00696076e2367581c267
1787431977.881845 sweep:D7A-like Hi Rate (166.6k GFSK) RSSI spike: -53.5
  -> 255 71d66206dfed3357fb87f113e6601876f57467d7b5d9381b0541d467404273f55acff49f087e1cff1e20bcf1edf3d6188af9d4a7fcdc9a81f040cff21068c463db807ffb2587906149132b72b1cd3ec15fb96870718c31b6638386efce5a54349f8f60810e4b867306357377702d9ada9b16dd1cf0c86e639b403326971ffeb0ad604bbb3a4dfe1fe3f0fa2886b9fa65bb04e6d9c543399ff920c70fddf8810f5b43df31d140579c74627acc40021d08cde6872f3cee9cc63230e5de7cea41063d1c84ca128705cb30a0071be09b674230c0e679900dafdd3a518380010c0dd1dd8c02d7e61f70fa426effd2613f1ed5d7d5db97b801b5918ef65bbde10450
1787431977.882176 sweep:D7A-like Hi Rate (166.6k GFSK) RSSI spike: -52.0
  -> 255 edc11c3cd73fd79996ec7fa0427ff6cdb75194fa1b391fe54c23dedee96b8b2827c5e693b91fa7f40920d85f9337fa5246ce09b3c2222fd57c0ca140c7ee619f97386acffff0c63fde7fd8d6c08f585baa8d31c40a9103e1dc0b7b1f7719df91ccbea007714088602fcff53874f114876c3652739cffc9cffef96e58c58c57968072f9c55d953f7662e73127880525e86a3b3269d80f1dc5eb26369d9d2c30dfcac53169fc9388342ca40cca677e378e7dd342697bb6538d403efa88e1e1b2a0bfc4b9fa1045089c7a1969b8a67d161069d5288f862b7347237d8c00ad9def0f9e100d0f4f9e2eefd2601007dfc8206016553e031c85ff47a34bf923f8f389
1787431977.8824189 sweep:D7A-like Hi Rate (166.6k GFSK) RSSI spike: -52.0
  -> 255 2aac150941fc533bd3945887169f8dcf25c0b7b94477c5d859c2a1b50492f4775a1b2e01f32c4c8bd0fa4883ca623aff6e421d57990dc7e4da16733ffdf77fe25f8a03fd7c07e6002e93e07bbdc27906b9b8e077da1981f9bdd371545513104efd7fe26e65bce82296fe82dddb4848c001c5a38f35e84380c5e161c093ffe83b8fde1e018fc79f87f9810aff668e5d82906f461783afe430fb113a1c087c1bbf8b38ffa3170f67698c3a90dc798e5ec6c002d481f3aa0dc6eb6d0cbc539c402b18d0bc0e8430a49753ee0b9442997050f2e2f2fe5cf31d100939f35aec89f66bc129559fa7c48e4bf381c94c5ccbfc09e78c06c094487d7307d47814a2d075
1787431977.882647 sweep:D7A-like Hi Rate (166.6k GFSK) RSSI spike: -52.0
  -> 255 3039e03fd7fa84ca28be5f89d4e6efe163b0c200c880de0fafea75f460ddfd501105cfdf2e0f40ffacfcfeece1b4dd18063a2d86318061416c30c13b589879ff7fc68391edaca50c6667ddb73efc6c7d012a1fb0b1b20f58f0879de98c1f1b01138c0125a092f90c07bc258ec2ac60f6fe3636c804b15ce3c67f3ae9967dba1df3a4832eb1e7eee377870f74318ce677a429d0ca1532bd2661496121eb15f55a5c0b401e7ae3258725059f98d7d6fbc678f7a58691e3e087e303c787c03fcf31cf27ec38cf86f30fde5c5037c54b7deded4549a8aa1f3228b10faa70ceb30df0b9d9f4c4c69706b79cde8f58c7450de40df58568e397743f72fc34138aa202
1787431977.882874 sweep:D7A-like Hi Rate (166.6k GFSK) RSSI spike: -52.5
  -> 255 2d1fe3fdfbc1467da15f70883ad63f58d823d79346d0951c0105d97e1fe6df3f0cb107fdc3623a9139a6f988351263d22267b2c31b6c83855cb27ee042f6376e85efcf2fd8c46171c8ea3942fd008ced9c1833e38dbed10e1088a556b49e0a7c1709a3353f1ee3e8039a6cfbdd8718ceb1e010267e395c0038324312c4a31c777d6b2c25f88fec139a9bc6671b967bf87ed327804e0598138a56deeca373433984c3c8ef3762888f7d930862e81de2bf3d99c321018fc0001b0041f5f8c302c7fd6838eb8441425f8d51a7fe99ddc05c1d3f227d342f257e0063a63e19e90d548927887513cb977fb3bc1d96a29e2811bd1ef9b7efdee400b070733cf033f7
1787431977.883156 sweep:D7A-like Hi Rate (166.6k GFSK) RSSI spike: -52.0
  -> 255 c909c0bc20863e3787af18d4435bb183ffe46ceb545727820f3bd342e085f9b888e83e2c0f433e4ec3639bf3242707cc6ec7c43d6669fb282291c8ce43afd46ce8f74751df5d8a7c0b38a275700cdb97c02e0473f8203f478452a5af6468c3a3f207faffefa3cf101e1de1a09c67ef8e419e3f6edbc120ca24377c98bf06e40763f18d50209e198d84eea4bfc8dba428b4ca1cd4a553b3fcd9807745371db60a448473c1fdc6b6337a198bb892f9820f0e93959799a7e9fb40d1f2e88fde2209911f05d08347f3e7a8f8667cfb066bfb02946c9d7266dd9a2260459cae298ff833f2cff624c926187dfe8641afa67e063809fc75c26d07f9dbdfb44b688bfe
1787431977.8833659 sweep:D7A-like Hi Rate (166.6k GFSK) RSSI spike: -52.0
  -> 255 438f016edcb1e409a4fc000770161e82905fddbfe6b6ff17881243e17ef1f80284139c49713142878f3c04e419e3bf30d7cfebf236079f3d6c47c5d4a70be3abc77e3df83e97924dade409dc7f8ffc0f09b00bb2a5fcdfc40750243449cfd9d18b3e87c075da9c3fe2f58d67fdef877e62f3c5180f7e170707b6ea09c875674bff269143b11a0e01e2dcc1367dcdce1070b7cebb23003fe4c3cd5e653fde5263ee1899d63691197ffb680ee7b00bdfc22d2e18e071e56fe1f8643ae387cfd3b79839b0a6964248c08b8e7bace9fafdda1f971fcf795bd0202dcceed112cf78388cf9f8a12b9b57ae901de208de293e6952000c10bf9e867f66f8de4adc0087
1787431977.883584 sweep:D7A-like Hi Rate (166.6k GFSK) RSSI spike: -53.5
  -> 255 27ee6d41406eb9b8806067892a400f1b34fc62aa51887a527fbbf488981007e0055f0f579e9c6800ef0c8d6f329b84ece06609f9507e0fb131fed25a1f23972e6de5883733cbb7dfb0dd169d87602f92439dbdef7fd15f80f830e188fffc79c6eeff9e7e2e9bf37a7749db63b5fe3ca3ce2f02c02c2453f98dcdf843b829b477f91d443176355fec1c7ecee0db1c09f0ab688cfefc95d6f9cfd2386bc65ca499a28887134643fc12684ce0faf04b408c0f4615deaddc17f3311a01995ed99331d38b8cfe1338c0ca6834de345bbf88a9cdd07ed98128c2089c00fe89c5420de02eeb71c0badc38cc863421202aa321300fa35d33c5962c6ed077af58b16e65
1787431977.883816 sweep:D7A-like Hi Rate (166.6k GFSK) RSSI spike: -54.0
  -> 255 16749f6e7a822a0e27eef6748c87316f861f5bec8c702ec5d601e1a0cd17a18f2600811c4638924f05bfff013fd9dac9bf247fc8616594fbe7f3f90714f01c3b70093ce0097e1f9cefd12e17878f9bdd69ddfcfff08e41ec2b87c1772719314b00c7081376325f961fc191151eed4a0ecc80c5e009f122f73a1c99fe0b956322db517457d30c600f7a9054430fc859bdb0e8ef11374acf80912f1fbfd8088f8e17d168b4036b2244dff3647e98657dc2bef1ea77831fb4d35f4dd8d172c55b9c67f387c01e3c208efed48e8e0edf33fce243068cd26a36bb200c98b387455001d477cdf6c57f23c5119c627752808cad427e01389c047ffe40d858520a9431
1787431977.884089 sweep:D7A-like Hi Rate (166.6k GFSK) RSSI spike: -52.5
  -> 255 f7f315a7fff03eabafc3da003a4c78ebe6f44e76deacce98e0759e30395201b387aeb2b046fc4297ae6202a4b9af852874571f7bbdff494a09f7be11ceb9caa19bdc7e95b1b0b03ff901ec78cf4fe6a851c2e81f7239d687e9abcbbde50585e03c1dec001d7fd3dbfe746d75fc122ae39c7df6d2441e3f9b968a5f9e621e4719ac3a53cffee8b06be648020b4843b4c44015c21cb0e7a7caef5ef721fc7b6afa5f3e6c4116309d2108740be93af7def8654c399b9c7063499be071b0b3f8b526829a80b1c9f6eff767cce751768ac0a4415dc125a49c3b01915c38033ce379c42c8ff6f9d28d5fd7c2f29006afaea209fcda785dde520a50775e5d99ba3df8
1787431977.884335 sweep:D7A-like Hi Rate (166.6k GFSK) RSSI spike: -52.0
  -> 255 3a67b2fe1f8c247ea793a67e0666979c741b03860396f819c1e053a8c303b1e07f2e5ed9f9db6c3ff2674679e21f4784167843509c953a0828a16df8679740258446176e2271eb20a70f78d9f8fd6fcdcc207fb9b86c568d99fd7de7b18c89f8762c6e8fcc63e758cfbfefe35f5bce103966f84e7fd20d6fbf2f83de9456752d01dc8779f3c36e2fec7c6fd40efd08c4ff7b2ae480af869677fdea67806a0e331ada85484fe20fad8802f139973ee180c4f393f77b6fd4b3972e18426de4dfda8333a2670b6c4b79da2a7ad75ced88c7ef4f77fd3ee646c1b7a66075c78aa1e41b3c1fc9cfffd8a22a9ca82b6041cf1b11f1943d0c186c5c75dfc4eef7bde6
1787431977.884584 sweep:D7A-like Hi Rate (166.6k GFSK) RSSI spike: -54.0
  -> 255 4ac10a4437adb6ed7d1b49b4c023fb06603336a8212db0c0c58ffe7bbe4c4c7247628fb3422fdc16a5f32c04e3ed0c933d9c2fec1379bc47f277b4905384f9a68f67003a93210b4b30bd0990b53723cfcc1c7906bf609d4b21834249d9f6effa6ec60382410f6ca19a0a3efc99020d37a773cc70822206597d3a9c203b418406f4b3f479b407efb8c87830166bce6e0dad847cf2027e5e68859e40cac1cc206bbedadfc07407ff90960f23f8bc6281f39f28592e07d840e14ad10eea701f01f5e1a45c64f1b16f26738187a33e4f37f439fff17c585a1e07d3e13430332bd8f22ff7def9f97e43a7e6e91008aaa43b867cee3137e8f1787fedc1a781fadd90
1787431977.8848078 sweep:D7A-like Hi Rate (166.6k GFSK) RSSI spike: -52.0
  -> 255 9f112cdb3ad92ce1499965f1414cb73fce07d4f239fca61dc6e424f81aa884801397fe72efe7477380de41ee18dcfd16353bffd83f183c3f5c11e3f78341923c86147ce7e699d80e767c9c5f7828504c973073e7ebf53a3c1efa438cd737defba1168b855ddef74d21a420c9e79bc94a049eee4df58ee60d8045906881dd3a36f0dfc189b58fc24ec098401aa8614aee43b4debf3f3b45f2873fd3ce5c39eb19c1db1ace2faff7dffce01b8cdec636fbbfed7e63013f542ccff01d83dc2dc31e4cc58927967d89c087413cc79aee1a68ba56445a160177b920bfe1530fee26cec8d289e84cff789a89abb88d42fb811ded05e8ac7cd1218e5be4cc41a1e34b
1787431977.885052 sweep:D7A-like Hi Rate (166.6k GFSK) RSSI spike: -51.5
  -> 255 3ddb8c206b5f238bffc5605ec67fde367f58c7cfb28863c46e03b277bc5e0ff80cbf118f5a27dd90875f437f7e4ac088b8a077e44403f1e53ff37eef3f1cec839293ef9e2c22ff2024f76481c6fe3f770c1c3c86c19edb6c16efce0da0d2c3fc64dc03583511830d20b29d77b0a4974769417e996d11baa42e7049cfb5d45ba3b89d4e953f3406edd8e70a8098fd0f3c1c7082b9dfb14936ffdce7f517f4c32263bff585d7f495207ff4b859034ff06535230603fe05f873fefaf4e432154161cf6bf4b05f99882100e1f918d08fe1002cd986c6d5db87f514df80e74dc6bb040347139b4101446c23713ea74ac992601a55c61958a9f809324637b241f14a
1787431977.885271 sweep:D7A-like Hi Rate (166.6k GFSK) RSSI spike: -53.0
  -> 255 f0e3c73f391be7c5d2741738c5f80031daac8fe1464f429da79dfaf9d642eb69381e509672e67b109774010bc64eee0e201ffeb94fbfe7388fe7f6fe4fd0a5d627fec6990e34d8c5c6b4b023a0001cd781e299cf24e7f6e1ee4010c03dc67cc8eaccf07fb03763984c666306517f93b50562e804cd17e899262d2b23f40ab1b326c6e20f97980d639e186db9f43c68c0837cbd1a1ed303b1764821b3d03f80c30d9a44fc88801bbb81928def37dec600f207651c0fbc4e33ed0ff868c790c19af65ff2933fc3223e64cbb2fb83203131374358bfafdda6282693b2fe8da61e9de1784e3fff4192539b0aa48526000ad9fd0108f300d3ff0c8607a400175f07
1787431977.8855722 sweep:D7A-like Hi Rate (166.6k GFSK) RSSI spike: -52.0
  -> 255 a294419a5c1d5475dfb2e52c441388e0e0b624e83c9a4a88addd82dd3f9e078c2256e07f6c8046f4b107f678e186a2bcfafbf7dff093e31cee8df1eff8b81b531df641d0b6e7e3b02723cc69fb4c7b366594161744f6bdff025d887e049ec4137e6af1bd8bd8022ff47bcb67eeab7e51e3fa4f6def7c000118442a962297f423c65d4e03dffaff0c6060393d33bf4665ff2d79c766e6a2c08f82fd6f8ad8c821cdefd8d03f8bf97805194037ccbc78ba7d42674a167d318a4179f058f07e1ee028dcb9bc71012cfe790cc069e1811a527c052f7ac1b17e2260fe87a1f66e6f047170874e049e58d909ed82fcf5f5cfedcc3632ee9e8c267954e6bb47acf965
1787431977.885854 sweep:D7A-like Hi Rate (166.6k GFSK) RSSI spike: -54.0
  -> 255 9c138df8b59c818c62c1e4437a62105be28a76d3477d39f47e0d59745848769e1511a5e4cbc6beb2711c3eab4445d9b03acc74954e0412411c7cc1b2f6ac84e32303fe0417e981ff90b400fad9bfc4e4ae7b13ae308586ee4f37dc576b0702546d88ec0b19fb77a2fecd686957ced8d0c064879b0803999d7ea181cb061d5051e0a8877773dc065c821c62c71602027f381177f5f488fe6f342ebc6cfaafffc08f109d9d31ea49d300801ee816fe888c1177781bb4fc6d85f9e63dd50f40d18d0c5185e92876dc390ce3bbafc50c208ce2d14d83d2779f042fefe2f854ecd7566e018290e13d20f28024d5f316e9dd3d9c1d04243cfff20fabee8582079be8
1787431977.886081 sweep:D7A-like Hi Rate (166.6k GFSK) RSSI spike: -53.0
  -> 255 7093db9e26c7589c282024087ed404023fd2e0dbebaef3010af38cf9b6930826480008e9da8b19d6d9f49be3fa09d3a7d9f3e8f01a7870ac6c2aff2f9c501c8705c669f9d1813462d7311bc374ef98bc1ece1206b15b678297f860d7253cd133d26ff8efbe519b270f1a2f1438bbc7231f4a062e46326919c606e67716029f9f58e2673bf5cc0036b21b9a9f22a5b49a4cbb51403f407a53c9657c25d1d27980981115c3fd6b588de407d9f0812dac6c035eadbc24168f398b9d3f9f2d978dcf3cbe725e327028eea437071b10ec19d4f46361865105a2350b0da9411a31af34471b1798801d2e6281385190002211e5d019e2ca1f27313c5d3e1e32504ae0
1787431977.886374 sweep:D7A-like Hi Rate (166.6k GFSK) RSSI spike: -52.0
  -> 255 086edf630009a4e0e62e4c0c240be425ffe339c4cbb90b1e08789a7038f04ff73a071d5d7be483f93e9fe533b1e2d3efed7788fa49a78750747dd595b86d1d761644049c84468711f367ce9ce5a159839ca80f3e8bf09cf8f8ee0397f1ed40be6f2058418f50734fbb837a8c42a797cb82b5f77c8f7f5e8af9c5ad17f26230b3c31a3ce1d2e7f06eeccbdee41c08d1694e884834d1ef40fb0ed7381b0def67d87592419fa4c690ca421273e2e8a6107b4343443a0590dfb718c780ab1d3f813e9783034564dfe82462dfe780b53f766cddeb26423fdcd607f81b27e63165a7a382259004a67222e7f487aa42ee813e527b35923ceec60f8680cf30984dd08e
1787431977.8866801 sweep:D7A-like Hi Rate (166.6k GFSK) RSSI spike: -54.0
  -> 255 d6007fa069d77d777f1c1b1f01cab32bfde23091cc7bfcf8cd577bbc41b9bcc5bde14e2905bb228c638797e28f639f7e020a8c1fcf605cb7141e37a03eeea0e19f85297084d3f39478b70a074420d009b7cf134301b6b7826ea77ad17a34cfcd42569b59c5c29c649395bd69dc3d1fc26f8e96e9491a0ff13971ff83bf9febea08b16a8dd340bf07875abfcd79850d1b184db76fc60c9b807259ceb3d76e17cdedef4041f1e6f80dfd924a3da1eefd09f173f44f1df9a2f0f5bd25da30b0d1daa2ebf5d1464d0891e2eccf44bb11ef87aa09b9fdec7c5e011073237ded3ece6ff4fe4c90c7e0dbdb05656457fb9e31a20716275ff72642c3cdd310bb055df8
1787431977.886913 sweep:D7A-like Hi Rate (166.6k GFSK) RSSI spike: -52.5
  -> 255 40c9f7205790d817f5d60f330de169ef8ad37b75bcae3ef2cafff7c470d885e677041f073ee16124da35f8a0f2d70bff24e8987c24c70ecc088640dc08687fc099e9c27dcae6a22ec972bfbcdc27d46c1efb0079f3d4100784283c66c38fdf3f3384bb1499ec7f25fc8c937198220ee7a47fe82fbc254c1f3c04a681ea25630d3368adb383cffc0e15d95b7ce03183dd1fe9df376913ec13211fecbeceae1646af5f5e2eb86768b49e7efbc5ed1e0ee4c8dc77ecde9d5a1e125675a01676fd09858b220cf3af1418602662dd799cba97c7dc4886fc1d11c5030a33380cfb8f180f086e9cb896d9d7783615e9632e21359094d8d9d87abee83de21a189d142c
1787431977.88717 sweep:D7A-like Hi Rate (166.6k GFSK) RSSI spike: -53.0
  -> 255 abbb611ed7ef5147f5d4faa40998308336fc0b510777dcff27c109bc6ce968b178110975ac1cc88fae363c30cc18dc313c10e560f0317e81018b9a4bf2e02f5df6f37cfff2f9dffb3deedb759b1c05ada3c0cb28e19e5dcdd6230ab606b707033c0da60e1fe89f9baaebb1f24c1bdd1bf34dc92d09472fa0c7ffdeb6fffbe272844997decc02e3a493cd6008fd9939e614ba98225f31eec710c3b992b099d100f1df838e61e7302791960ad860596fec0f1092e97e98f23e109e0275ef1f33fc4c14405a7188abccee9767ad244d7ff19b1a9077066ffa1f97d94933244d0de26fe4c2ddc1f02a38f9e4c7609cf83cde403f3977f73c2863af6214bf940260
1787431977.8873951 sweep:D7A-like Hi Rate (166.6k GFSK) RSSI spike: -54.5
  -> 255 75288683bcee187e9045b89cf7d767df35ec34eb81dee07936c6f8e3eb1ddd7a837fc431f39dfdf86371340e04cb1ffac84b2257b86244c5c9061ad5bb2716bef9f0479d73c591c9d2200fe1c1e19ff3788d2c17d5661d1bf4191e98c1e79508915efa82c7e0faef87e5fd7b2aea1a789787f43308d59e8cca6c1eff8b0a63b94cf05443b42307f046c38ba2ce37d81cfe5d61fa6c0682e2f052f1f1c73c1b2ad9c93c18ccc63d81f301a859802ea04f7cd6767ff8837eba7991e7a7022697d8efd794d8c2fcf66a3f38ee8127dae6cb6fa452e8063582182fc5e4189ef0b0fdb79c87983ef6eec1024bfb51fbc1105e3b90fda00459588db3be08f2727cc2
1787431977.9495318 sweep:D7A-like Hi Rate (166.6k GFSK) RSSI spike: -55.5
  -> 255 d33c1eb9eda6c27943e4e3398e25d91301ae5023f06f7156cffebe14308c3c2c1a4738b6fac34c3827497b6006680fa9ad27ad73f042773f382301479bf81d1e8ffac440a2fb99e612c70b144cdd9e100e820a482adb8e7e00d440fb9f47bc02aec573f4d377decbce40ce3244e392ebe7cb0f83e6aafe6e618849e298c9a72c2aa5bcbc379f0b6d177a083626358390b075f9a3d2a026c0107f2e4b1ececcfb133304bd378194a91c194c67fec0397f68aa4e649e65db757088f453be50ace0ab777840f37c1c5208fe905b425cc076967bee9f8b00c4113a316450fcb44478b61ef046b1fae72ddc37be32b8e373f08416e658b91afa830bbd91b42838ff
1787431977.949854 sweep:D7A-like Hi Rate (166.6k GFSK) RSSI spike: -56.0
  -> 255 26b4e5ff892393fd75b0ecd30e507025be07ee823cd1249512ef19bc170d5f7010dc24931c912a9ac98498a8ab95f73cc70d2b13aa6cfbbf31a339009718ea555b656952998fea4018926bda4021d09c70e993037165b08c31f771a1ff5720fbe65d680675febfd44c9ca263b083b0e2c2ab0164b546e6437f25adc91100f32373d08fe9c7560d71fa7705b764dd86ad15066396de3ed1f66c351d7a5e863215615dc127a65fc162d20e3d03a52b0304611cade6ed7d80b75e1ef750d10b5cf641fdc472414e42f7ba7c9bdf660630551a03c4d0f88dc77cd04153e2f856806c36da32698c3844f974b09c05e2756d1a760feb2e82fe046d2ce5da1328b1ef
1787431977.950145 sweep:D7A-like Hi Rate (166.6k GFSK) RSSI spike: -55.0
  -> 255 a61a291e80711be2a219218841633438850e5ebfec7a763a4ba6d287fb20057e45307afe3aea6c1ee7870407bf4968b81feecad1b2417fdfec1feb7f977eb2577bd1bd6b67a163e7cd0c0720bc3fee1b64f3f3f09566e3035348eefa04f1b3f9fba2e1c47b8f181897cfc3be1fa78861ccc2c5a477fd7f1a7632fa1d0f0b108e0f11e8228935318b05cefb4c4c23cd758e3c00e5a7306d90c808d45bf7beefb9fcdfd3ef7197d833a76997630e2950433f5008a3d06a0fd0ee5784467d3febdfb760ccf9b71deb0e7c0d0ea5a15e816e72057a08b53b72cb3a418fc731f97e32410f52981e50a7c680f1f5ed362dff854a0e781eb3f21e7e78bfb994261203
1787431977.950447 sweep:D7A-like Hi Rate (166.6k GFSK) RSSI spike: -53.0
  -> 255 60e3232b1374b419989bed0d9d80c1965dc5f6fd6c1c28d63da630d4ac76429c4b8ffdfacd4ac07e67621990fa9816f01398801c118220fe87738d57beb800bb51cffdfe1c9739c06c7d3a9cf8000410b79a663809b632a11da27765f2befb677610ffb8025c2c9a89cd189fb069e04ce7d5647f24fa19e2c6c63bb27c78ba1f6389ec06605a680862983b0315a32c421cc0062003f3a3060f17fdf30fa23fe46d3ead700d6b85939fbc770c672ff7e181d1a1c89731404b5b7202ce1a3438795853ffcee59f42d96e8ebfdaa7dc1f9cb0867915a9db263e673de391a3a979228173b6cec04dbd6db82fa005eb85bf3d9ff14f25902e9852798e361ee7791c
1787431977.9508018 sweep:D7A-like Hi Rate (166.6k GFSK) RSSI spike: -55.0
  -> 255 c489f6fb911509877456dc9112c172172ac80fb3fc237424cf1334e8a7a17820cf9a03c0fc5cbfc426ccdd111966fdfbfe51d667c2802c78c46c1119fceec5e2fb8e023a88035338798c7172fe9824e67822d952fb485ec32b88a7f37cc726cd5871efc7b2bd984190bf06fdd97e6c730f4e2669cff082fa9261198e4ae78c9f2e4860233c95ff5f51ec5b208f3299602ccaf9fde1a18bc15f2621f6d110d0fe14a343421fff080d7ab31ff70456ec62f6c6c6a3d52e0eebded60f7979cee002bad5e737c53893ba304f87f0b6ae271418e763bd68cbc2f40c9b9ff26569a4f30ce872f815a0808fc06e620ac88ee6d8d8b4df68883bb8c1d2705f33f505be
1787431977.951185 sweep:D7A-like Hi Rate (166.6k GFSK) RSSI spike: -55.5
  -> 255 cecd55a1e38388f9ea0e330fa7474714065607e6072ced99a89e45c18d843e98b0fd7fa2a1ddcb88670ab80511eedc7692718ad3177fc6c6e8d357d1029dc0c2b1c4e435636002c447fd2437eba25b02a382b804cc0767b42812fad09998977f7aa8ef3174c2ce0d95089406fbb981f4754ff2bd9e6cf4b6bec6087afb09ddec61f9640675c4fcd2c1ff625cc97432fac01c5e8cf0f1b4958010c390069c81cbee63f2e57a1f87de1b3b0684868c213851819ded408f1dd169a6f97833c7a8659e8c101c4b47a9f929822a7e9ba56b709d63d4f28d71a0ffe3ef62bc60000e3c9f0416c03f61d8acff7418c72f7dab71803efc98caca9d931a48216e730133
1787431977.951491 sweep:D7A-like Hi Rate (166.6k GFSK) RSSI spike: -63.5
  -> 255 c66e107371404842a69a36d07ac28b18c45601de77603d37503b75e9cc1479193fb253986a8cd5892037004c64641e1f68b65c1c3c7d9907f1353333ffcfebb7da218caa01f046d27a40ec7357782cd6ed899e1dbd6e06fd36d1bcee200992cd99e03c087428bc28d4018a4001d0769ab1340e1eedf10d2f44bd2267872f80e7ffc8ef1b191fbc31163045a1f540e0ca42f4eb4eedc0ab780001e398e2e7e667b243ae9ddd403fe477d46fe4f1ce6a2887dcc7b6df44f8794bb719dc49cf7fce3841e6c8a7a81c918dff0644c0239ce938fc75560e07121b89f9d71c7e937965dd378fc74d13bb80433e79ccbd37d7017a0be6467298c4346335f124ecf65f
1787431977.951793 sweep:D7A-like Hi Rate (166.6k GFSK) RSSI spike: -61.0
  -> 255 e4cc8886235becb52c9ffa2a18fd802b1cb0d6d9e1cd7e22ecef83202727b12ae3c249e3f616b8e0304ff9fcb1e4e0d850143ca2d350fc551454f999989fa9e1c3e9a230f7cd7b0063d6a18b03900f7ac6a264632d40f6d3fe82710691efb64de3366631b1804360e9114d86ff74f8e3209d0cffff2e8ad0ecd7b778286ee57b9defefe6f9c4343d9bdfbfd0e018afbd5fe31e23c7ea3ccc673abbb8580f71420db036dbd93ddc756bfc7e51d91e26b509b3e9f3638bcc4bf10c4e39070078637019e3f99641a1020bdb784da97fa1c3b6880cafee3f7e79f5efe282873a79f3a7bebff33f466071cd51eadff5f2f270071ff3f717df706c1216f845c9a4be
1787431977.952113 sweep:D7A-like Hi Rate (166.6k GFSK) RSSI spike: -63.5
  -> 255 d7f5fde9faf3de78f1827c1efc2f670fdcd7bf60a1f01b9bc736321bac7419184086291e25e9e6cd9b7b791d192bcffc0db8e5c92cfe5d5db2a7a5693070f79c431209fff3e829055e4b61f7850332439640c4541de11fa098f2f7cdd43878640bc32b5e11312f9cfa8d6c1cf163fce84a2e23c463d32ecf9fc22e5a323860fff1c0f72689eb1eab6071a18523bf61f167fa3ce94fd55b920af9ed800b67f4305ee671e1d670c3a410b8106c0328e24ef01c0257563802526d5be12217178f40a03431a6c58dafa2fac6c2fdcdf46138461b9dd815ce4ffa3f2c669ac462ede3ec4b8bb853f257ae1dfedf7832ffc0b9f0d7ed921abd4c2d54101787dc6e0f
1787431977.952563 sweep:D7A-like Hi Rate (166.6k GFSK) RSSI spike: -51.5
  -> 255 27a11733c4fc07fe1701efcda0ddf07dcbee77bf26b127091aa7df8efbfd9f3d3b79f886ffb05e8e754d92163de9e03bb61ceafd960d86400369a92197b1d810303cf762a07787bb0c766997fef7367c5005ffd84c437e120b1cf909307df92face80855c7f3f08cccdf666e1b9d27e7fd28c1150f0179ce608320cb41c880b922348a564e8fec4cb70c0041653c0997fd83a1ed0594d9feb712382f80e7c7cb2726e76566841d581aad429931f3be1ea9a17418f37a152622c91fee69336ea3e9ba8e881bb508813ac7b7d868ccb5703b13e943133d10da26641786a6e37dba8037f00eb9670c8d6d7ecec42cfc6e86fc7052bfaff7f830fdfad0016c45a8
1787431977.952823 sweep:D7A-like Hi Rate (166.6k GFSK) RSSI spike: -51.5
  -> 255 9476bda746f17119c505f65584a17c18a5397effd26f6160d002be64d950f0ac7bc7d9148658b11f6e7b14cd7f580bb0e11e981d236b9e5af2e67e7f9ab2639a5fd3e21a1626b50ae49b3ffec8d682a61e2e6cd80c36244162ba9cf10f0a60613f59d6d39f008f8a33edef1d0a7014f44ddc208391f1f6ecc47c1793417b724e6c488fc98db80ba3c8463f0e76fb266fd3b9b0289c2903996a64b1505d31d0ff0bcfc7dda3c1bdccd54b66529c31b88ae8f31d13d5a1ab26767f71c406cfc68036be91c0be8feebeb0b3fec6e8029010ff211bc8c9604de8e7f9db6e3f17225fb93973c57b437eb8181f1864862fdcb678202d1e20b477f3dc84e184502dfd
1787431977.953077 sweep:D7A-like Hi Rate (166.6k GFSK) RSSI spike: -52.0
  -> 255 61f266dfefa70fbfdea87e053408ca37b603167b3fab72ff3206f3aa55ee51b03ff3b1fa539424ceb9fc2053a70d77cc8237727f696f298527ff87d3e4778c9a3053cf82d4eefa486391e74ffbfc07049889d441e19f4310bfeb73664b194303b39b813f8910d2b09ca1c387ed96282671932c11d59a23f7c3bec3763fee011c7ddfe37e033302e1564606de5f7745f62ed44d154c1404f7cd985f57caf9b8cfa6a8311aa3885396cc545083e62f03a6f1f31e4640f98c1038dbb88f3e81967b6dfe86774ee7d2592158698ef0ec61f186f702e90367cee9a08be79ee92c75621924dcb7fa2308998cd48506e137abf725f60214778184af7e8511437282e0
1787431977.953332 sweep:D7A-like Hi Rate (166.6k GFSK) RSSI spike: -51.5
  -> 255 a3ae0a5c7e1ebffed209eb037040bbef63fee4b9560b7f8f2fdcfeb183418e94543804f9c84031fb83f9bcc46411cc3e25be94606c3ca159f0b8ff6f1ce2b31db58a14121b142df92c3d069f976651d68ed8fed5ac4f377a67b093ce20980f6a3ba844bb0ef6c593e44a7cc5d6c39e377823c6d9fd5132f6e9040518404ba8be3ddc0fd9e8c4bcbfd8e7f9f498021ea8be2e015441f7f9127bbba5515d36fd9004f3fc6c1e3cfbf09f0237a0e4de5998071f7a727cd38b4780b4befaf9b9b36ca7853e0dc10f0bed009ed4cf085dd79bc0d1e1093f37fa67be166108695fca88dc0f97c67c15e65063a5eff38a3041911e7db7a73c7631eb5497083dfcad53
1787431977.953611 sweep:D7A-like Hi Rate (166.6k GFSK) RSSI spike: -51.5
  -> 255 30c6f262643cbc2eff051cfc5e02f3370f3e77f4ed108711db005e308e2a9207463092f430567a2bbe5bffef17f62dff87c44f206fb5e1ce3dc666b70ca22390fbee8173c727edef5f6f0d731a67e20d3e8f1b9f8f0e0d23f861f68348cf8c861f7622979635b00d96274ec16ce0db8e0c1179bce3fef003ad7f9169c837687a1c1ef5b0cae134d3825f8fefef64877561cb9971870be368b2030249efca2743a1dcdf27a70fe2c96a7b6230ce3e1c7fe00d02a749ef930642749a04432d6a07bdd81820dff1df5f81cfa2f1aab274b08170c0cccecfc21dcb8adff2dbe17a73f69f7587c6337c897c73a8b9b852d8916b4c8e640b790f0ec0c8a7c2c240ce
1787431977.953878 sweep:D7A-like Hi Rate (166.6k GFSK) RSSI spike: -51.5
  -> 255 ed0a0d89950c162d0f8e4172eac1581f291d0e81e1d3c79fb3a4c7be931c4266db7a286ee6a37c14f871b31a5c8ee6a05285dba0cc2c089370f37183835462b7b3ebbb37479347d85b1f7f167fd7e274919189b4d781f707973b286cc14edadb7886de7b56d4efccb30c4d8adc5af8ab1e3bcbc850778db1f404f2eb039f71f403639b70a894f24e67896c72f7fc904914207a34206d3866416622df401c95c13fefc3aecda041d6770ffba7247eb6e025cc59bbffd770e76c7fce082f9285a0e82c1f1027d60067349fea7bd675780c0ee4aa8e109761145e5ffbd5ee30f5c614d2510109f225fe03e2fef124c6f38f945cf82637867feedde38ffc38882b
1787431977.954187 sweep:D7A-like Hi Rate (166.6k GFSK) RSSI spike: -51.5
  -> 255 4e02cff048109864771d61a3fd1f430031cb5a00f5367feee254100b772a8eddef8c86754a24647ba000e8bd6a508cca043e9842e79c2ceb6e38cf810d43e7f0c040d51e04019b104e80810483f7589c3f0589243b590024ee181ccdcd9c3c07996bb747baf000215408e0bafe00fb1d3f2fc92386e9c2bc1d83700b84430a687054855423e46ae4ffebd5f80ba4df2899e17e03325cb0a72d8adaea84742d15a7832378c64bb1d846e0e4537be73fe41de238bd0dc2c98bc85c4bc160d8a63de11de1efcec52050d88a71191b0eb03b302cea4f8976226ae307098f61fbe4935d7c5b7e7998086a7cc069e33c406058040b1778539cd9fce5371480703d09
1787431977.954483 sweep:D7A-like Hi Rate (166.6k GFSK) RSSI spike: -51.5
  -> 255 8e3259fcb4448803068b8f9e1c34dcebd3b1e8519b5808f8ec97cc1137fe7983fb105c8ad51cb3710188e246e45fda1a7922fd340c00e11393203078c2a7d666ed62b1f25bfa2295200e7b73298846785fc4bf254befbe0783e7487efcdc0188d0e23e18b7623285af9878e27b18fb5a6704b9bc007e007ddb782d98d43d4bdde03effd005c6260920e2ec7c1c20761cce608244c1074b20a63e293866f8dc7b53c324ce1e1d307308e083f1b7b817fe55cf22ee2b10cb5e9c8727f7e7f3f97295197803abf1ac4d95d8ccc90ccc6e269f01ecc039efdb10c4ff39c46ff321ccca88f16cec45322d7f0457b6369e08808c573c77acc9e3fa341e65ee71bf93
1787431977.9547148 sweep:D7A-like Hi Rate (166.6k GFSK) RSSI spike: -51.5
  -> 255 99a59f0b33ddf1d1c1236a7e0973e83ef304f7c225a4bcffe4b106ffa39993e3101abf86c2247b39ac42d0e207dd79b2a6240e0f33086c67e04024447aa7743cef75c3c1a1d0cafcf988e2b4dee863c79c4d9fa287041ecf8343a3b909c5c72f7cac5387406b86b1ece3971be3367e3bee8efe8e6982c8202f14947710254f1a791e05083f6cd646f1341347c4c837314609857605b39961c868571eeddd387c109fe538c7bfc6295af8403ff0fcdfde0c22935f0e704405781f0d7d31f62fda86c1abcbce13208d8e8a00c170590a314de27ae73a591f9d16e26c017a7e3ee26802b6896c418d9f028a76e987f17f49356788b3cc17b75a29fe15e309d4bf
1787431977.9549592 sweep:D7A-like Hi Rate (166.6k GFSK) RSSI spike: -51.5
  -> 255 da9e468e4819ff88f7f3b00090ced6beaa2634dd678b9803ee3ce03c4cf5ff0b0d7e018b133d8d3c3e26045dd34fafbb24f0142e792fd9f79ce75ecebc47e40e643e9aaf6da514700c4ff604cba6720bc060d9089f9e10388de7b1df55826c1f834babc06105a88b4f6876d101f7cf7f7dae4956f33cc838e3f0583b2affe6f1bebc3272140bdbe4be2347c081e99540d2473df8c9376c3e944e6378ed1f68b8cba0506c8327313a7f597c18843044c7fe0db601c80e0707fb99c3c52a3451729135552680b0bc6bab38967071513e0ec70813fcc02981b1d924812c21b1ffe26200ca731bffc67ea911fe968b804e6733f3d79dfce21cc398334679589d13
1787431977.955202 sweep:D7A-like Hi Rate (166.6k GFSK) RSSI spike: -51.5
  -> 255 c8bb34d91e0e84ec46b3783e241ba7c84eaf90007cf369c997fe7eb1c5ca7f4d68690614d51dded5230e242299c0bce705389df1dddc11bc19bbcec65fd38e8fbfbd24ba1a1909102f89817b94eb8d01e9ceb75405d6b9c6b0f46036f25d347805b2f62f1e8f5e8747f71fc56e1d2d60704b129c59d3cc7c800b0d01c14ccafe2b2f51c9b03f2ea4dc17e6e471030381730340b2c6317dee08b463fdcd47f8e3ecec2f7de0731fa331cfc3eab0dce4990d04f7fe5a43be61c1865fe17faf1e0ac58b486c7ba827402d2d4976d3e1806d7939c47fbc301a0b3de583872ec00843211a71b1f86f5bdaad72c192a17bb7ac00c1e8a1328080cd16797cb7cf847e
1787431977.955441 sweep:D7A-like Hi Rate (166.6k GFSK) RSSI spike: -52.0
  -> 255 2316d414a1a1015fd4f2cbb21eeac0183896d5e5910f1f2cfa4cc32e75a9f7429b7e7664d54a0b49c700fa19b76e47f3e30efe081a7312e96590dcb410c0fe85b4387338f42fec87c7dc993e3ba7c832d96ee81610c0b8b2426a774031a192e3c77f1fe4b5b1066fc1b8d31ee650583f2e11a3a0dc1e712d85f50890fce4e0f7d5cadcdd910b01ab3c143c7a45d5a90fdf927d6e168e1ce8dd4f09f3f1e2f5e33304beb09a790187f21a33e11fecb54568999acfd00be6efebc79c4fffe293aecf870ef47980000000000000000000000000000000000000000000000000000000000000000000000000000000000000000000000000000000000000000000
1787431977.955667 sweep:D7A-like Hi Rate (166.6k GFSK) RSSI spike: -51.5
  -> 255 f9278137ff31a23d9c678e88aa45664249e1b290e642702658032615965ee0e135ec681043b812d84a463fffffffffffffffffffffffffffffffffffffffffffffffffffffffffffffffffffffffffffffffffffffffffffffffffffffffffffffffffffffffffffffffffffffffffffffffffffffffffffffffffffffffffffffffffffffffffffffffffffffffffffffffffffffffffffffffffffffffffffffffffffffffffffffffffffffffffffffffffffffffffffffffffffff9575e6f6f9f26fffc31334349d3367f8cc5477d833832e99acff08079d384de3f07719e2fae488559859a039e3735a211d4b83ba8425f3d63018f3620baa687b3251
  ...heartbeat: 20000 iters, 5.1s elapsed, 112 hits so far
  ...heartbeat: 40000 iters, 10.0s elapsed, 112 hits so far
  ...heartbeat: 60000 iters, 15.0s elapsed, 112 hits so far
  ...heartbeat: 80000 iters, 19.9s elapsed, 112 hits so far
  ...heartbeat: 100000 iters, 24.9s elapsed, 112 hits so far
1787432004.64006 sweep:D7A-like Hi Rate (166.6k GFSK) RSSI spike: -41.5
  -> 255 c32b606020d89b01824f48662c68fb0b94ee7ab0fcb10c0a3e1666118f281eeb9d0f3f15c06d67e3158daecc0377dfe99cfcbf7718d93ae7800c111b230a560f6d69f47ff7f8ca5f59a5876d7f81e451c834b5b78fc7fff0430cf31c24bc155f9a63c8b78864e7e3973f75bb3ca904f932f65fc7d2cdc9782b5299ac39d0402303fa396eed05a618840dafae12592420c136eed0fddc76175f94bf8b9eae6417f3f1586bbfce0d20b72f1566844cad63009b176fa24647eef8e12d19a9f72c763010c46d73d6f8e41a049387f24e6f325223c42fbfd83c9be2b1e42379019be9e49c3611396940388218ea515979c3bf7370893f31ec6c59224a184ffee381
1787432004.640327 sweep:D7A-like Hi Rate (166.6k GFSK) RSSI spike: -41.5
  -> 255 46566cffe83283a17689ff7e3f272ebfa4e6f1e6e918d7333c96119e3c33af8033346f003742e60e19e545176cc5113b0805481613039ac8f0401cd7f65112043377fd5e3c55f398a7d99e77c55414ac507330143192b9221ce5217b7fc245283c96807eefe7f6ff47d9fcc5c1fc186885efbd0f747bd483233cd20383d81fb1c62f4f590968a1a8e26fefdf05ff287f813c122700eb423845de982e00a627f1bff93a1d605c5984e968d74e964583f1c3de0d32d9de076e830d260eb247868acfb423e7fb3e3fb9ba3e0977ce7e360e7d3fc470744651593231d529fa33095eca2ea26ff98c61379b5ce344b7636b3b4ebc64f6a7b1fde85dc99a25355dfa
1787432004.6405408 sweep:D7A-like Hi Rate (166.6k GFSK) RSSI spike: -41.5
  -> 255 424a17171f6f823fc23b04f49c22d6195e7833ff97cd989a587f1e8c726a8cfac0f01ffec2fde76f8489f386cae2378680e2581208a97dcc6c36148071b5a8f2100f0ef431fbed3b9fbc21592fc70bb3efd62aa4fe3dff87e0a5efdeb81ed8007c8a7e031ffe8b776f1fffeea0f2c9f840884474b1bacc1051fb864c16123b58919495c5806f3e67dd250e46dd49bf874a39e4cb7e591aab886f0eefc846f2783d709023b85d50bc4e051efa3dda3fe7904f5dd940078d6dfd7efbd62397b1ed879c49bf7da3ce49dbcfff5399bc7887c171739c40869b38e8afde8ef9736d95831dac4db103ef401777cc887a3c591062cc222ffef437b8001c1e159d62a0
1787432004.640754 sweep:D7A-like Hi Rate (166.6k GFSK) RSSI spike: -41.5
  -> 255 f01c0b05f1e2e14119093ce9635b9ada869ec26f8fc4801ec07ace42feb050f8ff5fa83709022efeba1f3e27086f273b7ef8f01c642ff06ae7cba981e167b2f8bff6d78f80431acf4459f07b5f204071d6ec00c5b5e57a03cbc191f9e3447dd011d9ff670230f0bc9b8a2c33fc18d621f66341128184c3d08754109cf1e7c8410d88ccf87ba5e43d0dc0f1091c6812693393805475c8e78edfa0798e7f25e033d839803487947b307fa8b9ca2f9970343f0fb5344d8c940d465e1fb02d92a7bb279fc47f71d4120b225c5ed41abb0dc612a17fe35ec9a4c19940f4e2fef4e27fa0f04c02911138ed0d91801a2711ff4f43e7ed84642c30fc3e6553ffc425f3
1787432004.640976 sweep:D7A-like Hi Rate (166.6k GFSK) RSSI spike: -41.5
  -> 255 4046622749933c78e018e820d4b8e8c1e9f4561d01fcdfe3354c27b6ce0666023a798d11fbc5018be16a799131f3373f6a2077d99424fb2b32d22f7f8df6274848582de511afe9100465ff13afb83b95aa0e895070f2d58eedfa3e993eca0443cfe3926fd425119df1fbe78d04426985692ca0e69a0980eed84e8805fdea58cc29176cd0444ed7842cd28ec829fb2b19ba769f4293c03e6e065f8710b88d7dea19343869fe220c6597ce880d9702c7082e17012fd02d31371ba529f9dc3a815c2b519ce38c43ef4a8ae46e4eedfa8c6f6db7f258087bed9a788f9a4d1cfbfe193aa9b7d2b11ea40f713120c23ff7e071af6e260f9deb1e356092cd7cef8ffc
1787432004.6411982 sweep:D7A-like Hi Rate (166.6k GFSK) RSSI spike: -41.5
  -> 255 b4e179076672643a2f665a62be3b383838b81dff783792037822c6fd13b6293c6cced4b803ddee9a4d29f3389d0302eb458773b30b136eda4fee16f2cfc4bd94f632f97db3d122e10ee43330de5f1b782eb388a36663b491dc2a18087030ddefc52281b7c1886e737185b19919b44f7ebc58a4808bfe6f8261c12f2878e6849d1ce7c1acacfafd421ff9aa7e68d2f12e81fb0ad1128c61a6e6f3d2acc162ee7fdc202fb11921b1ad1f238d6600ff32f83dfda30e07bfd02d1b63b2e17c3ee08f22f1ff9ce6004814343a70be28d21eb10ab04e3e7166b7c2fcf2c38127e860c450160c5a50cccffc73c3be160e080d40f45b8a835fad109f619da43fe83802
1787432004.641435 sweep:D7A-like Hi Rate (166.6k GFSK) RSSI spike: -41.5
  -> 255 44eeb75e40d84bc03eb8de82762baeec3c50341d57ee049f6fc1ca749e180b21c1fe3c7d543d17cd8e448080cc70ffb3ecc93e77f02085961f4878532a587bf5b77104cc27e0ba7cc1a16a157e42acab254eaf6ac23c46045409b0b05574f7a036c1c06e321d983fbb8ea6b91f3882624f203c66b37aead8fac77397cbcb749039dd3a93192b12b9a8c2c43f0907e0d082fd19edc631dd1061410671608f1c2dd1bd79a9c030be9dc62fe3b129019dc1d76e8ef79ace8de12c1d033cce6dd8f640dd13e1c1f8b75af42563a9d7c2fa4ee8b4b9219839188768359bb04c6007c9043da9e019726c458e67e1c4a711309411302a3e0e117265fe266a9273b8f5
1787432004.641649 sweep:D7A-like Hi Rate (166.6k GFSK) RSSI spike: -41.5
  -> 255 9243bc08fae367f126045f1b4d7801cf9647246f821ffab0aeaeacce865fddfd15ce700ce5d4733fc547f84c71b5619538781bff97bb61a5ee132efe3078e5a80f59014e72c6d9d019018e3fbf97ae611945dae0ff887db31b3c18bb5033bde3889dc03ef3ddfe38a7157d8afe6cc0f06f181ff92a320bd1171a4e443bfaef5fd1fd5bd9208c0873732f27ef419acbc877a0582fbf3f0f1beb6041fabc04c07380df074ad6e0e3f301a6e82c15e9b47f232d3ec04c7872f4eac9443c804e003010cb3feee7c39803ea70e607561f636bf0018cb75d077d97ca62478a5cf788e3efbe73de065d829fb80f65d22bb112f20de0e4cd2992c1dbf9b0b40e394ef4
1787432004.641858 sweep:D7A-like Hi Rate (166.6k GFSK) RSSI spike: -41.5
  -> 255 52b42bc7a5e8d91fec184efc9f3321555df6215e49ffe13faa23907c73f0058d407fab3312b88e905118077761e7b3f74dff78cfe011a6bc1730767d7ab875842e6f48e1c95ac55db600e478cebdd304fffe4f8dff076cef71bd707f89b8be311a3df5b13f107efbce674cb0f58ce68e118099e36618b8950b4226519c9903182a146bf3f3dfa8f7d4c94405f34825da73eb40d87f1b380f90a3197ddca5941c6267893c36bb9d21430e65e9d9d87f5bc1f00052e49418b5c2058ef75d9bc9e7ed6b4c0e40755de6d91173642790e5c9e1adf08ae7e67fc796be67a28ffe3038017da5f27d2f021e47fefd8e80305181b26f8c247363aa43c2fe078ec05500
1787432004.6420732 sweep:D7A-like Hi Rate (166.6k GFSK) RSSI spike: -41.5
  -> 255 de247612c24ffd0c6462d44ce202fb9edfc8a739fd7f5a988f1e194ec532d807b8ff6606242f1d5db50005f8c58e434777e8cb515894e229985a1ff9e4bd7c15f2bfd98f34daea3e716ce9c3cf8ea0e202db7851dd4278b099865b191d3cf9b1e81b87d87b80891dc26e73da2c2651a99dcd0b07e0f0fec45e673415e0399b84d7b3084d894146fbfe0480f850234a5fce4e1f0040cc95bac853d62761b2c7794b87e08f5d9c03b11fe139279ee549e1ae07121c31dccf9700ecc0f9ac187fcc5fae904c0fe2dc11941effb9988cc30c426e26025880b9b732e7d13b4134a63b685851d071d064e26bae37f59f48d8cd8787b9b4660db83d8580c6a667f0d9
1787432004.6423109 sweep:D7A-like Hi Rate (166.6k GFSK) RSSI spike: -41.5
  -> 255 06570431301e2a2fe5ef9f00191c0a8d9b2d0b16108078f8945f96763cc38d3ada778ff9422aa6527e1b32f1b01766c3c68f0e07f9e232468f616f5b1e5615f8e86b0dc801fc0e5d4fbbe06f279f74fc45698b85aa3cc65f67de08f6a0bd81ce10386e464b9db2322801efe08e99f1bfbe8807fbaccca1affc4781df4b98961b066698095ea22eef5136d87e7113c47ef2fbff10f0e00f4e303ba8e1dbe3661f37f0e9f677dc7b8ccfd7bbf05bfb7e902ec38c168f411bdca161c939934cdd37079ec6f7c76bb23e014cd04c77e09c3b0babe6c5cddbdc5110b104fbbb31db8eff4c4c817e6923cb34560733a1c7197f26cff67bd18c212c5bbfe921f9d8f4
1787432004.642525 sweep:D7A-like Hi Rate (166.6k GFSK) RSSI spike: -41.5
  -> 255 344079e5e378ac389d0412ece7f4b582dc0b4bbbf352cfcf30cfff99e2c977ac13bcfb87f12d9f1f944377de9f763a1d1d078f47f32074edd19f6198f708f468fdb418f95fa8059823f801fc5b471277c72feb9f555038424ee40092f4a030c761b0f41fbd600c090c0973cad04dd0451238602d774c9b44445c282c6581f99e2c6f5fe589b10982cf32318bd2b6bae5a24e8877c2b501a5d3c00c1e19b363d3bb346707546c72272957334c1913d100fcf71a2138c91b8ede1070ef040af20607d4e6d98df93ce94df030bec5fd921e85d7221a1ce9c7c6ac0fb4d5b710f56e7363e2a08cacb0ccfa65047ef5984ba7faf2b100717e2f4eeffe80e4f2ca28
1787432004.642739 sweep:D7A-like Hi Rate (166.6k GFSK) RSSI spike: -41.5
  -> 255 e3a3af99f8d703c18f8fcf429b266d0102f2ba9cf2165ff901f5c304fb5d1b9920613bb66834489fd939fc53c18cf395e73e380f4fbdc793d796d59eab7f5f18cc0016cc804c15e31bcb5d1939c3a54210a00d5a157034725fb87bcc95f27f62288e4562e5c6608bd23f25283777cacc1574803fdb81dd1bd89bf9dba068779df0df26bc2c0826cc5926e39ef1579fe9f03ec72ee48909a1ffc0293c0acb40de12189df538bd4eb2b3c3d1c7de601a21b30fcb35b50cbeb6c018e0397c5bffa8b0f81624e01e964bee46030c92efa3b1f7b1e0314b0efc2f65e75f501fee9c93d6e9e1479b99c131f8c3c4114f19f60625fd377e62fce133347fbf14efe1d0
1787432004.642952 sweep:D7A-like Hi Rate (166.6k GFSK) RSSI spike: -41.5
  -> 255 e87377880c6bf8489b69df0a9cf7dad3e6efbee3d3d0ee322ba008a8f9522f942db2fe0c381a4b29028e86b0968d7d4331908e1b2e01f07ac796bd38645f3919a48cc80cb9e176bffe74e4c298b800078a8b9302c7b01e52b9ea89ed63deea4e67be49161ff9328df93af69ba54b2cd88e159e6a6cba3af6ebeaab3c269346cea2ddf87b318c07ff77cd1daaf66ef21123d3faf63ddf3a33df77cafbc91c113846300fec103faed8757d8c27f73c59af240bb52f2a10c7a2c4b438951af09287420021591c2183e4d436330370f41e9e98c019707667d8c91d5338057ffdb64113f743be4f8648c4909f7fcc0c97e2e4fbfe4b4ad464f5d08613e502e21e7a
1787432004.643185 sweep:D7A-like Hi Rate (166.6k GFSK) RSSI spike: -41.5
  -> 255 1dc880a38f32801e68f3aa8ab1f98b8df10787d930369f15c8dfc80ec8f1b374667f00f6e46cc03abe2fe80a5df0aa4ce03e685b20a8d84674cb0c3c1b165fee5444c9d2425f0591d88063fec2b2e75082e448b65df7e781e68be206d42751602ffc661e8f2b60d83d891a61cb9e376c900fc0f47f51b0f99c78882f0187a6cf141f9d53c448d1bc703cd97cac6071b059f1e5f99c8b704b280cb049bc7f13bdc82183f0304b4a0f83b067ed1ec819d225553dc38878d0906b991c6abf7b83b7ae4e1847cb308ec0033e0ebe4720f720916f783d801874ebe0fb7d93d0fe0664f7ee10e1e201a0ec676b0b4f99c48d560112e9dcfb4fe7fc2565a9cc0fd500
1787432004.643391 sweep:D7A-like Hi Rate (166.6k GFSK) RSSI spike: -42.0
  -> 255 246e1c17bb29cff809c81176ba1ba283773ff996ff92c0c42c2cff0eb0e41971388d9a8a749bdedfa0398ceb72a09ccaebb987c4e4205a838c0c047a1863d3bf90c967223e07b023a01fedf904870a06f6622823cbf419e6aaaf02d292862856c8fe777bf8a7e1e4416273dbb056245b24873c83330a2707f435d0b06797d5453b5b3e00d2c78546e7a1b1e1ddbc44ba60f752606e00c093521a1acc3f8f82d9baac39636493bbf0fdf32ba08f0e9186958675f5cd63f705fe89f73826623d1dd1f903329e8cb82556c68e3b866829408fa46b067e18fbf33d4825d840c31b1a7308f9d89a65c428cc20bcb577449ff98cc1a5d20390467f3c77114fc210ed
1787432004.6436028 sweep:D7A-like Hi Rate (166.6k GFSK) RSSI spike: -41.5
  -> 255 a759c885bd7b68f9c20d7e92ce65e1b269e0e6d0a1ec5b0cae13877b6be2eafe09506c266478ee99981d8bcbd8fad4f7fafb2bede03f019ea16848d4796603cf5e9eb3131bca200f004841ffb7e36b3c10c58c6ff9fe0fe6265fc03ea4c3d7843333e6c4fbc7e3d9740064da173b7bc7f409550ecc12727d9b71780777ce1030736f848607c719067023e50e6c0a2b8e9d04dd841e08ad8c078006a1033bf85de4e09112ed4c706ddfb780fd1838dff1064810e799438cf4b0070f9809b34c0087386f9aff7fc311241d061844f302d14895c5be7d5e7df9fea6860e179884f85df686bab96050563783feaab1c9ffb0decd874427ef62432df38530dc6ebc
1787432004.6438432 sweep:D7A-like Hi Rate (166.6k GFSK) RSSI spike: -41.5
  -> 255 fd183453b8f55b37081c1965826375e15be422bba33b055bf4d096240c7b44d59de740314179fa20444c81b53572dc63f4e19a78d8a37539c143dbb3e81f7ffe215a4ca619ce0442654de6f50cb953bf879541e7d03f7f7cc3fb5bc4d5bb263e5291bd0a28bbedc5781bd0331dfd8aa33264e8da94718abd797c1b89d69e4856f14e5d3303c5c568d32a404ff00c7702e76200f6e626cf8144f9243816baa65e4db83e3186e673248e6eec6e8f9e6ef7a40f4c467f11b0bc0545b8f73ed61f72e3da1cca8eef393cd0d0e3980e2a0b3f1b19741b9da752b00c41126e83e7a3fbfcabc1c3693ef013340799604f5647614a25f7c2c60f87f87f62f38e2ab773
1787432004.644068 sweep:D7A-like Hi Rate (166.6k GFSK) RSSI spike: -41.5
  -> 255 c0b060de9c9c9780bf94e81fcef1c0f3060b60f180f2ce4b5f05e3e2a083ef1a5ff85f300c8839c0119e9a85a023d78450190423ee7c3fdb317f89d4b511fc1e8c0e1ba53c78079b5a8dbd71b3a4d232d2083f1fb926fc5c03177c62a6e22cf65b0f204464db6428a0f89f0b8e33cd173980f1036eb8fdf6d4dfe1f18c9b902ea03cb76e205fb1e83de9abf71e4afe65b9831faa0b673806b77d3180fed2feeda2056e18abb93ed90e44a3030d9b7a48c221dafe17972e6c9abe949598e671d1801ac63a4dd6e1616de7e8bfcb06e34a2d7a13cf97c8d84af0f90aa05f343949cfb11963cf9fc521b176f9a264250f570437381a2e5527e35d2cdcf683b823
1787432004.644303 sweep:D7A-like Hi Rate (166.6k GFSK) RSSI spike: -41.5
  -> 255 703a9383e792bf6b8d9b91ea2edacbfeb1acb53bcafb1918e12c8909224613ee73f2ccbad2eb8ac6fe0b17479ee935df3c0eee1e53601c74b09bd8ca0dc3fdf6ec215c52c913a8d98d574bf67f8d9af1fb06dc54133ff88ffe7bfe3099f478d5376f328402374781cb51a2ea2ea25873b962f72831f1278891cf3a87fafe533911bc8c1ffafa53eeb23f1e78e357f4fa3ab453f49bb09aea5ac8dd0a529d9d8bb09b4f73f7aed044b3f5b78c89ff121ecf0f0739fb28a0aa4ad487e3762781c0e3eb7745eff887ce824af9879e68082f2e3f936b7a3da6f84ae31c45e83b441055bc3dc6c3364d8239ea398fa0fe8c4550e7bfcd143b970f9f7e61b200dbcb
1787432004.644514 sweep:D7A-like Hi Rate (166.6k GFSK) RSSI spike: -41.5
  -> 255 e91f2680ac8c1f8187db84b17e504e8f9e0da4ea27cff7ccd0223c7cc6e85c4a058bc1dda3be7f432cfd8c7c1d057f8233cde362d9bbb13cc3eb363ca64efe3623693979a1f9b78b502e6a3afcce77a6049fe0379ef7fe2ee81cdcbbc87c0140afe09e794a0b45bd56c84b03803acaa3fbb61f1670eaf0580e0a285a0c19e8bcac63c3e1ae473d858cdaf8e38a68864f23e5f007da010b766bc7e47bc5e6104628e151d98c47ffff68246dcdb228c4107312ef8068cca813cb30c8f6bf9f6b3304f0f4202c54185d61c6b5f7e87eeb00ea2efe917b814072acec91f1dd73de41bbc57f151ffcff256c3f8a8201174f8904102e0713095ec37dfc9b8fe707d9
1787432004.644727 sweep:D7A-like Hi Rate (166.6k GFSK) RSSI spike: -41.5
  -> 255 a041177dcdfb4626385cc62fe3d76079654c7326fe59efdfe71f85f230610702e69c7104a156fba1e1491d63de5e28c8792736ce1009e32fc63fd885323fde92be2c8df119e63e189c5dc7fcf7d4e691c5ce6a9f85910095f4fc58e82a68ea72b98ca064a360c492353f9846a818ffc2b925ffd419853af604f03c6ecf81761c333f647c08b09815d8e1e00c2063a993cbc1f8dc07774290cf0379eb0c39aa1bdd07028875197cf821e21fb244067e8dcda6f04672ff87a70243211bb20f2ee079769f3c52206ac016f474fe2314e1423dcd8f95c1f91405956d6911b84e784cd1f1817dea473f9a182a167aeab2c887e271602e2930ea13ad13f7f47c16ca
1787432004.6449459 sweep:D7A-like Hi Rate (166.6k GFSK) RSSI spike: -41.5
  -> 255 bc0381e763be1adeee14f448680e188607a0a0528477101dd41d80fcff0f4c72f317efa2617a277767c741956be3ecde1c251be67b01a878eb47c878eb7e8f01424c5ac064c466dcbac18b0d7394a41381d1acd4472f5ceb0b6020fb07ff10666f322af2720a69bbac2fbdada732e0093e17c0723487c0b953a7eeffcb98e01390e0c1ecbc1ef7b3c6e74d7ff58492c9d03df3c553b994ec88cdefc4a335f91f1b0faf8821c749de5be176760c03f51ca9bfe72fcbf1828a161be88dfb581cf0ff7732ce5ee3637ba1bcaf870e3ec2ff91209442aacb41bd6183f6747cbbcc8d82de3f7d341a5c589c0cbe770612409eb5e0028f753001de67c76417e2d80f
1787432004.645189 sweep:D7A-like Hi Rate (166.6k GFSK) RSSI spike: -41.5
  -> 255 c2736644779f71ff40c6fb37ac22bfc891960eeb4791881e4009748a027c6c64fc795ee27ec77c058d24033e13fe0d8cfeac3b209fcc037834f1dc60009b7ddfe2d21460512e0d4ef684f488ab61a241817ffc31872fa051f7fc1c03848bb907d7c2f557ad4867c6ff6d7c0fd1cf5c4fce37bf9ca67fef2872970bdd7a98fe3c20f21d05378ffbbc454e5b59871c80671b653921a1ccf2097186c1c432ca3169b67c9291170962e1c4d3ef9510dfbf8386ef5b986ea1c1f85d1f3a59341c10b5bbff0b09ed9d061f197a554ff48fdfff40bf31b01efbe5d375ca53cc45cfe54e27d11f1249ee87f17f473f81771fb9dde0494fa15ae6cd91f09f94e460c0c4
1787432004.645441 sweep:D7A-like Hi Rate (166.6k GFSK) RSSI spike: -41.5
  -> 255 b36936cbb7e30077565ddae230e67d7fa817f99f00dbfed6f4d1efed10472e3ff86517b4fe56d1f033dcdf000ff705fdc02119f1b1f0afe09dbcc89819ea2a5ab481ff3851d9fee7a1061100c1533f7e5f45c67ef86e35fe7022073e9df38b47fe3cec9f20e08fe0435850d4669c58730a7bfdbcd687dc8e71f2c926430106a5d463d9c006229fbb40683f218e8296990ac5453b6fec17a36ddd81d41f8c0b8f268281cce0c7134394029d784d0701fe363073fbadb0c1f859a660ee03e4191b04033cf0e9354175baa38039f41980c8e6c788900774c48f82708f4109535c1e09b6206de49daca65cee48fd81bb59c24b69139702d279fc2f39901f5e3958
1787432004.645675 sweep:D7A-like Hi Rate (166.6k GFSK) RSSI spike: -41.5
  -> 255 b960d8e4000f10c4a21e7a0d05ecc95e367531330fc780f7a617318a0788413a881c82b9aa7e2026338c644eba41f49cf1d8b9fcd56d57387c26815202fd2721a0b61ffffcb1e001cde844692078bd7932874f8485bbf9f4289ec3e71fc021603c8374c901ce94b1a3d772f4b30f767d8b3efe35f7700d8a1e7ea69be8956c087f0f2319fe4fc42048a41c11a16cc0844008e735dd3c826fac0be435e39fc933f5f7d0004ffe2281c0c0ce98f01cbf7339e7b07602c0f8205ef3098b655dba26f5775ba06d2f5c5dea25b8c6bf8847268976255b317046dfacf449427ed60fb400fa45581d0186371f9b87973f6287b6ae499968bcc6995e783c6eacab1273
1787432004.645901 sweep:D7A-like Hi Rate (166.6k GFSK) RSSI spike: -41.5
  -> 255 ef640f77161bbfbff23e1b807085ed84179d8a27c05380e5b7fde0cb039c945199ff79abc00194981dbaed576c75a5003f981aeffae8c0fd18db47001e7e57cf834da49c0e38fbe48e99d716d779dee3c1c12e0e3c9a5b2a008b808463e3eb81f243efb58dff13e03267fd370da54cbe35e95a05b7c7198e3826d3876981ebcf40f7ef2f00039f820ba010c40e01f130e60613854f6f3be2078e8bbf6454181b3f82492eebcce001e0cc335c7839bbbd0bcfe9413f986ee1456c68a1c371f674ba168a46b336d452c45b3e43ad882031967541e61af777d1805c817f6914d3bab11fc184d8651c9f7e0fa68c208e619760118f67cf056b81a61cc524bffb7a
1787432004.64616 sweep:D7A-like Hi Rate (166.6k GFSK) RSSI spike: -41.5
  -> 255 181a16eddd052d270414cefbf1e4c065f0369f1c2b8e78aef3c02ff00f90a04d5298390f12cd784e1b1883668a0330e79a75b3eed04f9b62b3d792262981601fca1041665206fec69fc0c47f4fa38845df7dd88bdfc40fb8b2ef8b7fc492f84e6e9fb4a30c7067fe3d5a4d8f641f8cef2584cf8ac0c7a8dd13d7eb9034511648eb9244014abf1e1844b67bcfe942851781e0a06fdc6723afc6ea0f642e1bdcef479e41c89b6c07efd773d773bd73d46fb329f15e967e7e39ff0f903a87839746b1dfa21173cc487bd0ed0032f8c43420e28f7de012ad3f70e33423484e44c8d8198e76797b700ec3f240467db2b888640673b0fbec8c78bbe3116708f3af62
1787432004.646373 sweep:D7A-like Hi Rate (166.6k GFSK) RSSI spike: -41.5
  -> 255 67e03f731ebe973e3f210943d042e7a0823f630c67818508271dc5099d277f047134d2e26006bbf0f388bb3d0091ecd0df7ab0cf7b37a063968e163cde8b26e1c816e0cc51181ee06d5f95e0139e04dd4dfea0861d97df3c479707ffec0e07a27a7efc0b737cad10a0068339e2186231839f8642e8fbdb88af1c778fb88b7c4c8f8318268f80b03a05e199b76c1c9c4e5088271cfefaec6e80d9b44370922d0b0bd54eb8f2c6bee624f67f999304b02d359ff3a3ffa3275de93c82bece1b1a783678a22fd4c3a773426e3374024f6cc6bfcd62f34f7a9d101474849f52fe728249578cbe0d7c4b45c57ff39ff50281a211fc1f9420feed82c29cc432feec59
1787432004.646587 sweep:D7A-like Hi Rate (166.6k GFSK) RSSI spike: -41.5
  -> 255 8343804fe0fcb23e4ca1c07f73ffc1149f7bc8e3c59ee4b77a3f71eeb32040c3f61f4b81462f0eda85900da1d8cc0173f8605e0f1e0437f1a683b3e7fcaff5090dc039feda361d7e7fb32cb847bb00442b112d8c43fff87897e7de6ac69901a34e6fd76d94ff8dae4c08cee21c18f1ff40e70318239fca75f9018cd8283deb06103e01425083e849c1c5323cb9114f0cf0baa98e44926775b926663ef1ab4dc3af2791a3c597ef01c2f7185c8698e9dcb8c9e157389982603067f16086916931bbc93288268afd719f758e77dbdc17462085e5f6e486787c2f0277b2beb12308efcfc0f8089fa0ef20819d6ff27c78317486664e07756f77a094c2b9c029b6
1787432004.6470258 sweep:D7A-like Hi Rate (166.6k GFSK) RSSI spike: -41.5
  -> 255 82e4eb5d8dd8b806ba887305ff8c607570d170038232a2ed8c4cbcd5f6d208c77b25e91c06f455a8ec5c033f00995b806fdeadd1af41ae03e5c12ef3697e41b07400b62df0b056fc181dffbd8410836ecce05dfc27d804bef2e301cd14b793c08130680fd8800e039e7100682e74c789ccc7e8821e5e5c014ff828b4e4c60d159fd2e6343cfe7ef453df367fcbe6f5de4627dfc80757ef54f5dc0d300021b1f7a2fda41c04fd1383d1b5a664d7ff704cc4470e7db83f91effb7f65ef7ead1a5d1ab7bd8f44becf912ff23f7fe6c2ffa86ff9f93f1623cc664e131168bbd020d98a15f163e9302732dfcfc559d37af07b1c17e007b3fd559c7a6013cd21d7ef
1787432004.647254 sweep:D7A-like Hi Rate (166.6k GFSK) RSSI spike: -41.5
  -> 255 489cffcc31e284413b9c47ee9dd319aa31f50fb8fc42420edde9c4c66939e1a3b1475201586a3230713e6e9dd0bbc8025959776327ed5c42ca7ba0d14a3c310598731c10eb86e0cbed86a3f4e0601adbe060f1256450117ee8cff7ee17b87c674afbd989996661b2607b9f9912804f2dd75ff03b8dc0fbff37236678fc2706e8240863ef0a60ec29f67f1d7ba0153bcf861bdb26e4ba0f194e3fc2139b3927baef84bc4b05a11e1443bb070b49f052d6cf5b162a1bcbce740e9cbb19ecfee8126e7159b8c6fff9e9c33f6e8ef4dfe18c0859e82220dfddcfc22dcb122f3d3387f07ecc028e3b1dc896e7b1e621a62cd2117300e618b578f8d8061ddaf0c475
1787432004.647469 sweep:D7A-like Hi Rate (166.6k GFSK) RSSI spike: -41.5
  -> 255 1ad9e60f98adc4e66e9318fa82cf474c6cef74f2a1eb0dd075e576f7ed1dec1a6d4e8efc6fe5195befe6ee283a8083048c0fe7fea19c58b4fde6f94632de37434bb9c73c8cf70dd9e778d271ee4ce1ff8b24b5acf2f23195f84575dc8ef7f3aae4f39bcef0f7990637eac5d3a27623d6d03e9abb4d25e7270964282f8aa44cd6b4ed3b1784a070cfef78925b93ffb96a90fbe49f2d6b88af49fc80e4eb2f1d5c5b736fd66928e776f2e39dd0b76642415d20347fc235084b40dc59322f65f1fc64c7c7106f3b8ee77be8d7e78ec029c58c00220a7306542ef3e6f2743635c8753f16eed4c7f753816786402c78cfe642142fbecbee301ffdc0ff7af37c3b7e
1787432004.647687 sweep:D7A-like Hi Rate (166.6k GFSK) RSSI spike: -41.5
  -> 255 dbe48d7e0e9279c33cc47af818a9735a39df784e10359cdea63c9d85dc1b5954cf18e85c3e081c3bcc06bccde7fe50b0c59e04d125f7a7df89b86d77998844c64ccf068c2aa2c70f1b36ded42e76fecba9140838dd207a2b8e2163df5f987aec6fb3f524a2313f8a7612d33e84ff8cf962f51147ab9430dd45b0946c44d801db3dba5c387f01e87c89c8faefc50c5ec09927eb7d71cb6964b9e6c732ec507f56426cfef5b7b016505b317a46ffb6eb07f3969841d82ecdfbfe8b7f07923205621820b5b09dbe8947601bbf6b303fc68a5af01cff0c8cc817f1db1cb2e7f804678742fab45fc08404ec6ed26330bbfbb936314d0715f071d0125be403ee0c05
1787432004.647934 sweep:D7A-like Hi Rate (166.6k GFSK) RSSI spike: -41.5
  -> 255 074b96f3a6c99c64b2608b1aad71ff035903b7f3015596c401860e981c380dc62f4aff2af8860f6510929e6f0c90fe9b07bb9b85bee2c572f0e1932352b4921827a84fcfcde3ee3dc98cb9cc1045ccc0007ec47643e0096818001fe0c93156e43e7b0c16227d73bb73a3c331b7b00cdae7c27b2d300023be399e761c1e2e3be0d7f7300b03910066558fdd919cb042c3bd437c4fb88b1c6011dfb49c7242313e456ea01c3e1fe950f580f79ca60f220e1310a72ee52049a5d83a208b13194709206f14d1f9f1de60a7a82e866fdc35e7df96f3a5310ff3e5039df28d705f75c63cfd478478677702d6e60c3e3404737d6178a191c4a61d79a1e7b603243c02
1787432004.64819 sweep:D7A-like Hi Rate (166.6k GFSK) RSSI spike: -41.5
  -> 255 473971914b7d121d39befe7ee207b85742fd573a048e07420195dc92db39d1c830095243ef103d3711e2afe6625ec44b766010c6c8c0e12b8a07181f2200a93727c16f263dce0a0f000f9228522d0bf4c0ffef67a19c5da1b92bfeb416738be7cfaefe2fbb26b631e62710046ddb8067eac3a4dc4fbeec0f70c69fa40f893b013c3b719a30d9921c27fae6696823ea38f727ba5733881bcf9dd25d558ba8ce7f810fb3c6ebd78818b995635d48c83e962667139a2e473ebe46de9e87308007f0ffe4f1223b0314dfd3c200e3d348cc1bd005b9c92c3a0708c6f11aed902292fb1e7261c1d32e270db70c6828fd076b234b0115c7f036a0c9c8486c1137033b
1787432004.64842 sweep:D7A-like Hi Rate (166.6k GFSK) RSSI spike: -41.5
  -> 255 fa2fef90059ec7fa391d9673bc90e01c69863c8eb9bca0c154487ebe9e85435a1470f5bf67202771ee4a681606438c39ddc33ff8e8c18c21ce79430e2ceffa2d8e49be219fc06c7d362f4e8de90046be38fef1421997ec4826153fffeecc7fe07bf30be92b3a701263e6e7a89efc5495b73c1c2f64c0f2f46a4f2f993d3976770063152cc32c19f03823583e6ac1bf1e020cc798379e38aef8c6eea5bd93c49ff50b6fce4fb69dfb4d85dfe094ef023f943979f8e31dfd8e3f401cbb0f3407bed8645d10f52856331bd4bd258661b197f7070a755fdf1a7e701619e2e9788005d1eff11627e79c2581339570127c7dc1ec19a6b34da7f2fb75aa64ee7f0814
1787432004.6486259 sweep:D7A-like Hi Rate (166.6k GFSK) RSSI spike: -41.5
  -> 255 15d0db24ddc2a920c95ff5a2d0e3f574f7db7d3d647fe4d149ef731da963d32bb26fc4f23a2e4f87ccd3c8f1e0fc517e6456cfe5787f17c08f547307e4d413483513374ec360be1657c7fbce19c0a34f50d0e2f13e009bfe028ac503a6d7f34e7f6efc18c572893183ce02e9b0110471004ec0bf1e215a5de38416df0c305e639df5e33160706b5efd07df8e46e1865e43cf200620736116d2fd7913e6bc189692a833c29f5c04fb242940c8f7d21bc130ff8c3ac896e6b9c827f7f04ae2162a0181eec20710067ffc811685943a857f769c6311cd981274dfc28190ca830f26b821c29e1d0bf74fbe4f7cc542491be81d78e073717726ffb109943fa3f90e
1787432004.648843 sweep:D7A-like Hi Rate (166.6k GFSK) RSSI spike: -41.5
  -> 255 a5cce9cf8c3e79cbf64e519813a039c941d23106489e8b71008f0d17b73d9902600395d9377a6999fe1379e3b42d4c93b240c60bf3d13fcd97e44695f93cff95ed432e7dde51bbd8f5bc68b1a36ffd36fe63e08b83600ff7f593fcf0f301d34771f8cba9fe73e52ffdd24171cf3b90bf98ed8a9b0efa002efdf8c4002c733784cd0f0cd6fd92c3a0fbd18a51ee87537eab15b3610a6af25f205900f9a00775039891210e877cbc70d730b65209716cfe0263b314b9b7742221b7f7e296f1344c7fc74510707003aec8c59e78d9d4f5bc3db2101c149c17a600ad0d0dc381be9674a077d6486d04ed2435f55301030f852046f6e3703c0fc04ac63fdab5a1f4
1787432004.64907 sweep:D7A-like Hi Rate (166.6k GFSK) RSSI spike: -41.5
  -> 255 fbe334a0ef41ff0def81ad0110bbc981bf31fc26f3345f1027304fe0ddfd2aa6cee762008c3e30a99616dfbb22fdcddf310eb94d50be0990c1cc021bafccc3e199d2791ce4c8bfc2a4c1f94088fef521a21e0cf9f6332744f61aa29bf19f8f556334f06eb7f06dc1bcb0793bac0e4d141c5018fc237bd177de892905931989f277f30558a811c2423c539fe58fc1573e1ec31d0569ae8fb7e1e276286e06df979a11eed416f4bf0119f6babefb79c023e6af1f03530281de6e07438bfc26216d0447ea0b379ee261e5941cbeff410afc2a1f97c5d4b71ddc5b78a0d68917dfc9dbfc71c07448c0d6570cafd8f83ba72bb81a307edbf0999091371cac97f53f
1787432004.649309 sweep:D7A-like Hi Rate (166.6k GFSK) RSSI spike: -41.5
  -> 255 6712a57fac773464f66e77aa521fa482c705383ca2f8bbc3ecd067cf9a12d5233fc98bb5e3c908ef77e13a7c4ef17e63cbd2c796f80149ce1389333cec4c09ec79f49f7cfb754df84827c7a74daaddeee8077e4be320bc08fe1dba1836f20211cf5ec99089fb9a19c5d290b844e163065a7e02330579240808efde8c3cb1dcf1ff85307cfeb900d9a3801d0f01ffc08274812c04cf50654316f449c73c0afee3a680499247f6a743a813bb89cfb7cdea3587487ff18034868aeff366975f0650b8dbaf05c1851733546622fe443c12dc1c29f2ec5a563922dcc53a23c46dc55d15010723f88fc118209274037aec282ee8350403fbe78925e1e21499be1f8c
1787432004.649524 sweep:D7A-like Hi Rate (166.6k GFSK) RSSI spike: -42.0
  -> 255 b392113f795390f65c1629b25db535d31562ef08bbf4dffa2332359ca0cc5bee67c391e3620b3127fddb94eec1d4f64cfcfc59e24601d9b7cc71b76bca1f2823ce4fafbb8c48d0ec57d9f3c72b3a3503acb643927dce5e569f4ed8fac2552c6171cb87cfef18ebbb3cc61d2ade28f7c007d601b6089b58f240a4e33c2cedbccd864fc7f0172ca9bdfa27857c280ff7f8e36a48951a5a24be9969df9bf4222eb03c5fff89bfb25279ca0e6abd79ad38b98226cf5c3ff1e29efb2ab79560b38ba776005ef1bf81adfc3fa23ee1ea6f8a4e3df1b3a8ea0c49efe24fef9802f9a010d7e304195da06e4a71ec9f8c3d121cc2ddc4e75a2ff21f031433033020d341
1787432004.649737 sweep:D7A-like Hi Rate (166.6k GFSK) RSSI spike: -41.5
  -> 255 7a01f77e9e0fc26abcd9ec2eb3ef2c7e947b6f1bdda613dcbd03d6d4df59805cfccefbac3b7d2dc0eb05df163de138bef1c00b5b1f25f5cc90c1cd9106bf902ca6158fe78b38fb84b2e7c40dceaaace535329a24c1512c29ffdb8c931f1b3a7388724bbc45098821017db8ad18ac687f34da55243c1d580b1ba7dac833077f5225e1ace06cdc71c8f81c4e4b65dd20f1228efb2bc60edca64170fb70331d00038cc786c1315a21e192fcbf9a8fde844ac991bac7783c1b60861432b9849da8a7719d89c976202115f3a904a77e0d436a694c0de17aedc80f856ceeec3e24ac5322425d449037a7bc01636373c70408786678661dc80612e14db63ec153ee87
1787432004.649948 sweep:D7A-like Hi Rate (166.6k GFSK) RSSI spike: -41.5
  -> 255 73f758c3019ef783278b8873ed034f7f013b50bfbed8cc107ffda36f557b1e107e279f9d353d9597573e0c83af0bb110bf4b047fdd7795be6c1050d8a0eea7c3af618a0f215d9bc2d03ff5aac63e7001159df8c2efe04f227d3d7214f4fe41a77cf4f2f08a2309705994fabcfa7e011bea0194a39f71aa8829e43f7ae92a742660e0e1e04249ff3376d1f8e13b3109f861128c2ce02c71df1874fffcfc4d5b44baa0ebb4eaed401c8b1ff2fd3ee7226453b9f2b568f77c30c5f80a3d879a1d72619a620b83abaf810fa42e884f9c2be4221ff0233bbdfbb607b92fdee919c62d7e1e3508f889470e54d5adfe50972630553a04dbe49e13b5ce97322370e9b1
1787432004.650193 sweep:D7A-like Hi Rate (166.6k GFSK) RSSI spike: -41.5
  -> 255 17a4b13275d25662c076502a1a03c81fe68982179908ff3166610cffcfdd70fcd3b85e560072439f0b0391ae0a3fa507fbece9c9627e40414d73a30e01fb70ccff27fcc1d0eeff7162592257d4f8247e02286f4abdd85d2d37977a2d2e00e73359069f193b0104322428e402173da1e9fdc8e38500fb430c81ca6a1b2370ffbd92fdd6603de54f465c6d67c419aed53704428bfb1cebc133043f233576eb06cffc009f3b04e61590c7823f0003757954ebe404de08d4970afe79d0de67381944401e9a6487f1a1bf663fdf80cf01ba870ffcb75422bf8b698ab608dc526f62720f1893c8d5fdb9571c7c231972043c6ddb0c22063b239410eb9ff1837fc7cc
1787432004.6504378 sweep:D7A-like Hi Rate (166.6k GFSK) RSSI spike: -41.5
  -> 255 0ce473d009a410e5b84f28efcfd4e06f27f190631e539e309fffda844ac5c0e99cff9647d3b7f0b9782c8e07a0631a21f984a305ff47e07d8701ce4797616fa1ffd213e9a6b9e441cb83343c3c9b3fec2627c89df7c8773832494f3c93e560729b1003b876b7e2d1cc463987e62826eff71618dc400251dea474f9bc3b3a2f072b87e7a0e7f29733fb3be0c7be9decb352ee72fef6e66639067d76d58f5d02320fff0689a3b97ae339ef2a7e6694ec0309128e59b7ffaa7b18c6bfdd437559044ef8223fcc3a568652e67389c4d00646fd2eec450049a28f2042837838d74cfe0aec7c0aeaffc764864d87c78efc0ef29787dd81e32a82c4713021be3251dd
1787432004.650663 sweep:D7A-like Hi Rate (166.6k GFSK) RSSI spike: -41.5
  -> 255 59a986e3cf80d3aa8c7b60c9890be3e55e702ccc53b804fc0fcce61da9b7d4638e004df179d80f4a245ec9e6ad9d718fee2e2e6238e69470836f781aadf9b9bb6b59361a19d6271f76ee06f88ee70a6edbd94e00890291411be4e4738721a266bcf817c2ffbebd03fea66c0e3f53c66faafadb00c392616b3ca097415317f8c3fd9326980604ac039b73351cb0c1b4bedc8100d032252eb7064469728371dbb5a73b8bf060d18b8aac548138fbcfd17e6e35ff08d8a5ca33f58a03f7d204ed1feffff00e0f67b026966238bd66e13aacd3c7b00cc42accee1b1bd630bec2ea608bc3e0fa4123d36703eccfcfc689fc26159e523b391db48e5ffc74702075fa
1787432004.6508741 sweep:D7A-like Hi Rate (166.6k GFSK) RSSI spike: -41.5
  -> 255 18fc11c1da4015f26610799fc5912e728b08373b3986d6971803b8a578061ecbe3fe79eda27f0101ff66da060b1b81336713519301bc3d58f7e9b8ad12056586660c2b6cb154d33aa98e985f3d349fe09f731ec94876ac16a9c20e077c019ef6ba1c7803e1fbce1bef846b082d2a34999c13da60fd52f11129fe4ef31e1635f19a5bc96763ccbe0381f4610f987183b13c1fa8ff7fc59180dcae8d831453ffaeee43845fe1bb2a4e1aadd882623500a761464c3c9e395d676c9c33ce80525b63ef883fa0817fa2dac61628386e3fcf0410e0bf2d94c23230034c5c6d947908e774b5442511ed0b8e5e919e7e1e301942be39c269cc45140178f3a9bc19e064
1787432004.651078 sweep:D7A-like Hi Rate (166.6k GFSK) RSSI spike: -41.5
  -> 255 ce721e17bf069d823c84d4b3000980103fdb9d9afa275130d64453c2dc283322292b9d1a136e40941d99b14b18c3ccf6ce7f7d1abd0beef44f32510a163ac1c83d0c6d5f7cd6f0843f180ccd7e49827c7f6b91ff16801228fcd1c00790e1fb66e9e83cc4f05cc68cecc903e61734c65283fc4ce1c044e7d26f7c734e99d3d0b79f7416f8c658930beefb0504d7d4e3cef33d21371c717985d8f1939e81c5fc6917019ebe07e7e99c970c4499bc1896facb1e21b781e7357c46310bda9e0d986035e984fdc4119c7fff9bf167dc671fd5119ab391608713152f9067bd4d8a795c7989069365fbafbc05b67f0d9f6f603c32cf1303d0bf2b3d9f7a69fe1d418e
1787432004.651325 sweep:D7A-like Hi Rate (166.6k GFSK) RSSI spike: -41.5
  -> 255 3400d0b911c3b97ea78ebe01c865f3c385359d0443effcede319920cb99fa58c0f49d7fbf70431b223075d8b788cf8b479419224cd3f2f9976ec786e76cbbd6d0b89f801e4bee8f79deb6d9bc416f049b06d726003f2457ae79c8b0ecce31bbae57e619fb68c15f9a19c3dffaf21618a7eb673b23f4ceb76af3c188ece78ce23bb4465de88235b8f32c37fee9ede27665f3cebd8c167e5594e3acc85b8604b4c5602ea71f045e61aed8a07b0347fe7f3fc4d1f18f81d38df47419c9f035388befdbfd6ab1234ec7f9723903c2c316b8d48f94ec3cd4dcd0bbfd5be7ce1e079f7413f38822447c0d6de6dcafcc851d9c8281c72d78fc6f02f8a88ba0018fda6
1787432004.651537 sweep:D7A-like Hi Rate (166.6k GFSK) RSSI spike: -41.5
  -> 255 df1e0660636aecc4b88c2f49c4785734b36417c7ca8e9ee9d482cd9f9f25bcd5eb463b068138841655117f050a4f89fd64d5041fcc1e99139f8c0da1ad6425eeee34397cc3035af4b41be096468e67e8c2341da00bfd81a7e324f7b0dff795c6c4752dbdb41c0d303b38df609f4805099dcf8bb54437d9a231017f498a5d6e234017315c9c1afe86edf0c4b31834f83918260b662927f35e80fdc6038fa01285b822c19360a1fc607996603a0e475f892a3be4e6787341381bf2a6939a1c85167dff7d134bffe978ef9b4c7e14196f8ea3286d83165df226f6f3df120a1c2e13c96594197df1df3c41e7eb8426cc36cbc7616d48a007b0185973867b987f22
1787432004.651743 sweep:D7A-like Hi Rate (166.6k GFSK) RSSI spike: -41.5
  -> 255 5e608f7f5df1186de1f1e162dd51efa9284b9e3898a0791907c62f0e1b38cbd80016416055a4e7f31c65fcf823a0e33720bf11e0103f6c9267bbf5cfd0f1000de5eee2ebc313c0c61d08ffcc7a9be0763827183b7be7ebe580bf991f7f2860d2fb38c27bf07468e2ead9637c2664a1d63ffd2ad5f3fa17194f5ae1f8acef3d53d71806c07d066cf26c04580fb18ffd05ff1f3df5eb7f0f605d9105306536b2c2d0748acff42d1f1b15c898e604df9013f8ef9381fe45bcf93f49e207f310b9ff58d193ef7345c4a2860107301e44e2c013fb78fb1cf7c71e1082f892a66cc12f9bfffe3d78784f46cb80fe82d486bfce74c3f8ac8698f02f3b3b2668e45f72
1787432004.651953 sweep:D7A-like Hi Rate (166.6k GFSK) RSSI spike: -41.5
  -> 255 22627217109d2fc932bc7d0e306a431984001c72cdfcd2169cee5b0ed69178d3c5378b47a7ee0c8336c0c24fe08effc7677015f669528eff7b8e80b89174fbd844414f208af3cfd5cdf1c3dd8cf370013f02f290a77acdab742d65af22dc314ef8177b776b6ff7179ff1eef4397092df0a5c95c7dd21c5951f49f3479e8921e6e4ae82aae58e7bd46ab7f1ec947cb15dcffe733f69f2064f837e6df7fcea5ef05f0ad8bbcf965aea5c5dbec0d220443fbc2126fc88de1efe180ffeacaf93fbe87b6492c458bfd31580264a658e1df2df9f90a329befd41ce44f19e5f4413ef74bfb73f4398433cd10ece6fe30e738cbea88cfa6fa2785c127ec087e61fcffc
1787432004.6521869 sweep:D7A-like Hi Rate (166.6k GFSK) RSSI spike: -41.5
  -> 255 182dcb63eb6cc879eb3180856ddefef83113899807fefc0c1b1eb21c113dfe556c39167f887780efc7f75677716d9240046e01e5f5cab7358e585100bf90defc8f091b7fc8bd9e6e717f3f1eaa1b5cd7f864875456f83f698e21f20ae54fe3f599f0f12070e1fd84a4b3c293102a91dc3489d814f877da13b2144607ed821d49cdbb2f974ea8f84fb7cc1ad5e91f68977e1c67b63c3e49cac6d44ed0940e0080938520b0b999c60bb85fa15c3618dcc1c1bbcceb183ff98ef7631b7346a7e04147f02ddade71e197e080df86fbbc8ba33f35970a4d1b7c97520377e20004d1379dac60309c99e1819cb75dbffc0b683f488527443851cf0388cde813ff1e23
1787432004.6523929 sweep:D7A-like Hi Rate (166.6k GFSK) RSSI spike: -41.5
  -> 255 a7fc28a44de0dcb2991b87871e83b98f817960c59f03b5abf3198d4114a1b233f55e73d9bacc87dd03ffcf03a2969c9544c7b69343efe2aa2441f6ac0e0f90fb9d77866f99b1c00707a05ca788e7e772cb2438cfd0c3e18603c446bbe6c4b780729f306980f23c95ebf2071bd41cde26d3e3e070d8c3974c0c081d814203ae5e23fd75926f7cb4badb7ffd3b1806baffc99f2058705e011af3b283bde650a7f3f28c1944dfefd8c9a98a32ffdc3d9dfd285b47f7887e595d923fd735fbf23253f3bbc415e5113418f4fe9f19f016d65213da54de568125be80f0b0d6ca206490d66d165ee5713df4956a698c43e23ee7c502b3f19fa8fea3b3db9998f0219d
1787432004.652601 sweep:D7A-like Hi Rate (166.6k GFSK) RSSI spike: -41.5
  -> 255 01e4ce4428f242a06a384f93c0464f5fc58b603fde035f1346907cfe0f3703e8ca60a0301c0075d28ee6896fedcc9dbe03babda8177c810c45ac466fbe7e077bac332088233f85ce89feb701fcd487d3d2e7c8cf86064f51dfff7d8f003f78e1e888e5a1f3b5c7bedafc12778ba8b4df138a4d5227a12db354f64c0e795b74fc20ff4ad5d185c3b61981df0fd4ce0661dae85f4056c3cb98b277fc6ff90a4ba4f9a1ed3605e83de7f81704cd2e53d8a5a7a300f308605ef868e9fe9fd684b2c010c9a1ff4b653e4abf72b83b39f6dc81c20f6f394e4f26c0f373a44e49fdf8e1f63bd07b1980edbb8d2cb057cfd3b307a0669c69328b151d63baf762ec8ea7
1787432004.652819 sweep:D7A-like Hi Rate (166.6k GFSK) RSSI spike: -41.5
  -> 255 29a42009f0be6ff6469eebf28a0ca37cf80897ea0130e1f70440832dfc3f3004c15c4ed21897cae03d76ea7be84197785780424d3605991505cd3e99781fd270a6d0fe8c3fee5f488d6418053917dad5437f11283233bdffd545163d003806790373ebf66106b7b3eec279006020a1167ee75b31f0fa234607cbca3ca0116467f009ac43094c16cfd17d1900dc11d8c9d2338b88bf30fe95d495941b549d91e7a0d7802821d805a76c1c436f8a5fcdb2fc10d5d44b03187b3d266efa96fe7e0003ec9ac1fcb387b043410fb945f97dc7d4b6bca189c80d07aa87d1207871e809de83e2813fb2eaf1701385faf384c6f9a99b491f95ee49347e7dd7de1f0e71
1787432004.653055 sweep:D7A-like Hi Rate (166.6k GFSK) RSSI spike: -41.5
  -> 255 3706eee13f1986ee091e1ae4a9cc8fdef0e67d85e591d03f3f411c8ff53ed3238a2d2025a7cdfd39f1e6000704ff88427b91053d3babc0f9c30337a99df2e26e0a4b70ed7cacdff3e230fd8e891c645d9c6671309c0612825b6c1fce3cff9fc9d824ace61837fc0105137cfec4ff3dafbb11313fcf9ef61f969bc7cc8e4d35c3f635da220597f3a8f1f54341a5bc20d9fc5f3c91e149d4d0791c79a39637a4ae75c5b2f629cfea70f3befc7f828763e57f43d3fc13e83e95aa0600088fbf887ae74f667eee433feb56f31425fe68d8fa5acc840ebc1589e881cc21189df395501fe1359301cea1fe55bdc727cf080714cf97fc43f321d11030340f081c3ce9
1787432004.65327 sweep:D7A-like Hi Rate (166.6k GFSK) RSSI spike: -41.5
  -> 255 d2b01d2200b79e717c4041f9dda7b0dc97cfe46adce5d37191d66f01faf455b0c25a99e9b01bdfff65a16fd0e9e01cfed3d3cbc6833e259cd9fe11aaab5efc188762b722169efee31e58133f3c4937da8608cc2386fcc3c5a16c135fa57a680d33ae0cdd500f43c63e091324c9a35f8810dfc8cf3ffd9f4b191321d44c47b582ac9d138710f020576a6eeee7a10868d9be1acfdf9801cc1c4f90bc3bccd86b8f239f89e35ef8c178b278ed6dee39c63cf7c1e2e4c393c1007a41cf8f2123af069d7466e0145762f317c22ad9fbe7a10bfa2774672540def7d660bcfd3d8f73e3f64dbe308285c61e7443cf8f64199f53b8eb23f6fb1139c8f8e0ab607278bf
1787432004.653492 sweep:D7A-like Hi Rate (166.6k GFSK) RSSI spike: -41.5
  -> 255 99ce08c71ba97e0b10ef29747932242efe9ac9c962272bf28abdc6008ac80dede7fba2188e806f23f1b24e7dc1020226f48e357c04699c60febcadbe25c7439e1de19873de20238b7b4a53ba990acfa863109dac782082232735ee43f7d4e53cabffc2de857f8d60ed9cc27d7dfec29c8f3340f2fc86c9fe029bce3e02a585fb59c3e2fa09effcffb678c10e01a2651ccd78e70f0e72b980a8d0f42a6c2638ce62862007df6c0260c0607d8f10c6289282be3869f4807efe761e603c373b20fe4764eed20e7738c13acfc0531cb065480a87e35dc764100b54cca1aba45a09970cc3895f5d2cf1b47c5d84cf91b972ac77cc8cb4027336c467e0924103224f
1787432004.653708 sweep:D7A-like Hi Rate (166.6k GFSK) RSSI spike: -41.5
  -> 255 e751f77f023499fdcb4ec68662fdd8df80904f867628c6bcf85cf3a7c9183e3e0c72b3d0fe48b37600f0e035046845e8492719e19068102fdb10a2ee30026dbb0fc606e4510bec9482df46f2d00305ed1c04dd6f4c52b94b93fac808ec1f2af813f1be658324b7f9e58d07f718b780dc6ee067ba99fc4f0c1312303230cfff1a314a6c78248e2d0b2eeea23383d2a9fc6d87dc980634201ffc40f02f601d71f3749d8be9a9c8daa43b0685a06ae025e1683c1172f795eb1b626c4885a9c5e6e644ac6c2076d09c0478403f082f1c01e15a31a5cfc0f7f85214805f8c870654209671ffe13220b63bdfc5ecf3af669980e30024a6fdecc5cd1a7d73c3881f79
1787432004.653934 sweep:D7A-like Hi Rate (166.6k GFSK) RSSI spike: -41.5
  -> 255 fe1d69390591ce35a7417eeed9249598793f5e351688dfe7c3df289909ddd73c1673e3c9dbdabd85e35c31fe9138087cfd39e3a9707665705fb349bf77cc102f8ab534405da00a305dad4e7fe8ac1f3e64d07fc62b464468c03a2ecf5aaeccccfefbcb24beb4d54edcf4a14e2c3390d8047712f8b061e7564057fb47f09934ae5cade6631b84f10fc8291bcd32b083e9c49053f207f8aa2706393653060fc874631178863e784f165a9cb387e3d2fd517e2f70009000811f033ca1a21f827dbebeb0e503f2df282b514cd75d40006323598bfb2fe83c88633cf6398d9bb2ca4d432d04a4fc26555d2d1502b58f5ff1644127cf4023d5c730b6673fc071f364
1787432004.654161 sweep:D7A-like Hi Rate (166.6k GFSK) RSSI spike: -41.5
  -> 255 47bf2f73a7a88b99dea286c879a6355b33780ece4f25423e766fd0867062514b47f8dc5fdb9b71ea768901324f65fccf9a90a2724f40c63cf4044c7337f20635fb2783c2d7f0f81a5c38201b1af07505f87cfc9c1e7cdeb8b71983fe7b55c8f63f8f146c1cfef8d19133a6bb2951050bccdf7f71e759004960d7008f31e200eca5d0b31462023fed086cc7dd9e3c7ac9a84e18c75b90122a670592fa066e6130d2f8af536837a09b9a1423bc8e40413fca6891fe331b92c5421bcb1153882b8240cee4b09b5e11046effba09060a887b940b62e5bf62b9baee97eef9888d0cf085618c0e211042f1f980171f8c7b80868e033947d2825db0133d9e7a73eae2
1787432004.6543732 sweep:D7A-like Hi Rate (166.6k GFSK) RSSI spike: -41.5
  -> 255 a3381be7803ce0168e406bf33354124561b0b401bf2303ec024f24d979f6fb0f88e62f8ff2cd950998033f02620c863cdaf8993f6ff1efc9aaf8f7ec74f782b27c24e8dda3d7b1b781ac060c22f4dcc90d2cde6ea042d5aad8ee5711072db890f480e5ad18c36ea55a05306cec80123df83b8020c6a8823cce6a796edd88efa836d0949b216f28bdb071f7cd9d7cc71bddc87172e87378c3841f2f3f072df7be79265b83055dbf1df9508863cf01577f240af9af9c367d75deec1cf90417fc407acb06db091cdbf65b89981fe768e7ad916a09b19859460de86c252da0597f1ea31a30911bc44e0002639ffb0a9e3b502c547e67470f1315bb5809307a0412
1787432004.654582 sweep:D7A-like Hi Rate (166.6k GFSK) RSSI spike: -41.5
  -> 255 c2efd7b0bb65e97fcd043d86c8c2f41739dc6e3761f14e2de13df2c49e41f28033fe391c38758628bb74cc24217c1af6b9f822e090081f81d06187041fcd8e07337ee00c0e6b6cfe40b460206d36900206de7ff32d8293bfc0c101dbd91081a0038498fc3e53448905230a6ef344d0408de213f7f058448230a36e46bb04197f41faee30e79214dd61e6a379cc2dec6fef5f8c4e0515a5d2a8cfd35f9f17e7072f6f9b78ba99b386f492ad180f0d9198046bdcc561d599c53f88595ccdf676bd0a3ef090a127f8f01f13986cc802d897dac823cfbece4355adf10e872d83c201182d8578db0d2e0fccb2f24737d23d90d32bdba5e208970283629781d6999c
1787432004.656508 sweep:D7A-like Hi Rate (166.6k GFSK) RSSI spike: -50.0
  -> 255 a2b84094a7d8fa60ea4e7d4d6834c246cfc74ff0ad19e758cc36efe81ac7e176f8f0b8f923307fda63d47a3dfbd676913287e35feef6edb4c88f10cbf9208f307f1dc2e3ee6fecf018930e3792f5fefe5e03fc0efddebb2c03d7ce12cb201f72138cfae7f002069ee5c7ebd0a83ade7698f1771e01f813c8c4c441212ff814a63c5aff1bd421ff8c7e49b7b1bce63f0a8a0102c4203c63851d6c0178d3449d97c8b8097f11fcdc24624e4478fce5f185c7226d9f0793f1825bc031b10b91c3106e83e429c312335d93416ee82610e0edb7ff563cf4252702322362153b75bf28ddcbfa534bf3efdc6701ff8263f8fa0a2bc8e5fcc2ef117a0c3f00a6431177
1787432004.656718 sweep:D7A-like Hi Rate (166.6k GFSK) RSSI spike: -49.5
  -> 255 897e6031469285859782e4d259d88049214682647eb1bdfc27c51c869f780ee5813bf5fef8a43dcf38c54360929e320b0c758af9bbd3f3c284c13c2b21de401670aa086dd54368847c68c21c79710485df9ccf759975fde40c87dc3b05bf4cc2fc77ef3df62204d78712c13ac179388c0110b5572a371d2af9f581ee7f0c0109d0e737c5fc658fcf1a627300f748bf1d5d4fa309f5201fcdfc7e5089683fafe02d567a5fb58f98ee01ab1247f2e70358b8d526cead83907701f23491b922084e793007bcd91e03177b63d41c025b6d0e23aabd155b87f2ff71479678db2751dc36af844bf1d9efd574b8b39d62ca7bb260d4c461b91f9cff080e65beba2b24
1787432004.656929 sweep:D7A-like Hi Rate (166.6k GFSK) RSSI spike: -49.5
  -> 255 bf443fa43bcb863ef5ea418d2ebb91daf741881345e7303e58d3a38d8de5caabcbf8622d640dbb6a9a918872e0507c60dbf980d70fc160063cfd78a843c3223e448d147e86affde3688c225978927030400bc0b9c5420c98dd273d8e77a7c5eb3ad2c4d0330e6a78ef9c7f10add263410c4b5cb3f8398c77e7b9b2562d87d8acc48f86131cd0a3fb8d987f6009f478b227e68d4c3f9de244e5716cc223ca104ecd041c5c27aaa0f163e53b1b83e34c01ca91071ac1267f23e6c60a0699a700a0b069eed62fa87fe53c5686927cf1f77de5600e01bba9ce364afdca8ee2d9e8c361601666f665f9eba3c72b5e1a17bd7e2cd43c3d335f0ef273166183652fa6
1787432004.657193 sweep:D7A-like Hi Rate (166.6k GFSK) RSSI spike: -49.5
  -> 255 6718cf0d517405fe2d8e417341740eccaf832c0490a5302e43f87cbb07a8a0eba43115333168bb4c5ef47be90863337affbaa4505bf67f93857f72b5a5138729da28cf0329cc133f851397b1393863e7bc858b9c160385bb0df33e33400f7c8bc62b396d3727a7d03e895fcc62c31c97c8db95f450ba985cbd4367f1fdfc4cdac4c2638c01c1383e9c1387f8f5847bc0794d9e81b327e22794ba44e1f6aa71671e96317ca0537ebd06f2dd7782fbb45bceb7df095c3f834de801dd0c0830dd941f4ec126b12a703e09893f3df5ce019923bb783a839226003d31f5444e24666e446007000c3f3386f80e4946fe004d67ade297cff62f97ff5a19bdcc433803
1787432004.657446 sweep:D7A-like Hi Rate (166.6k GFSK) RSSI spike: -50.5
  -> 255 3859c0f5efe551e28705612926abfc3e3f338435607d836a3ee56f9be06fd92ddad38e433ae3ff8170e31e43ecc6a051e76a266d57e543679f2c0e35e6e20c644003b7382cef97c5702470443bdbdfcbdac4e1bf0f37c1db94debf9f31ef3a3721786fffc98730801732638c13c050a31477cd23459091d3917fbb167f04c7d0d3b432659adc9b76c1c1d3bfd3c64fc6cff211f070a5c4e6a00037ef19d09b60c0c661de64121c03b80f8393a06bf3a030176f682fb28ed4b986fa05e0f3c7077c03ff7de97fec67271b71771a09f1258fbfe250b858d07ee0caee38879f3a0bd04915089f6733f110521bb5cfe47382e7c4a2be03cd4af1f23ce15f9df9c0
1787432004.657666 sweep:D7A-like Hi Rate (166.6k GFSK) RSSI spike: -50.0
  -> 255 66e1db0f6c780c1e46f271007565c7dccb20070d70bf9fe79833984f3843dfede89048cfdf7799c6f7be40effeb3bb3060aa039079f40fe10bfdc1f7386cfe4f8c1d0f8770303c3de8a3da33f3ae49e6846a9df7e83ff1eaf09484c772fcdfcf13d0cb41acd94ec2ff721a136e57f9ffe029a642058f9c33af630e39ee33846411f8edbc7c3bf818237b5754fa050021f09b3b3221ebddf7c9a17e6475dc6f8a6ebf73e833453f15d2169c10328432263e8406dc813540aff338da00eec8f09d572d0ed58ca018bd74b81eac0f6718ef6f343efcccf75844801737d8020c1d1497bf7d9803fd20443c9b320c5e7e6bf72c6e9390caf1e6b0c28779eaaf0036
1787432004.657974 sweep:D7A-like Hi Rate (166.6k GFSK) RSSI spike: -50.5
  -> 255 3d31a210f08fcba6e7f4fff5c2cf2ebc2d76cf1f0d3632fd364befdbd223ec916b11fec90fe18b4c83267c2fdf5307706b22fcc2dc98fff6ecb80f882b479b13f8e7c66db02703b1b3e0008345045a83d55c3c77a2b496f806f83d07d91a8564dc38871816a3a8695be6c07a28d637f0e9c686c154ce577b1f0cb3a4b1a5a0185108ecf8083fbf639163f0e5017afdfbac299007a71ce8e482e79a0e56f7d1814367ad63f6ff5401b2d23a503ac9420db44763dbb89f88c4e420d3eef46d9891d96fbc1307f80a5866d9dccb006f8e5e933df7c2385694de3f95a23e3c880a91c168843dd0a6142f6061b0df814770dbb6c0e1546e7fe153df47db31cce502
1787432004.658231 sweep:D7A-like Hi Rate (166.6k GFSK) RSSI spike: -50.0
  -> 255 f619c0943efd9b7fc37062cf2a98ba7b1c282ceefb66734fb308fc5cf7fcdf39a4ab3b7a0b1526effd29fd9fee0c83c2bffebfb95f40d82d1b346043a7346ed9ab0b37164b265f8911c4b8839b72d9f49aa828ed1fd84fddc0f6c866fd60b7b48ec274dc119ad1fa397330b200894c1082dd87337002dbf3a897a678ec7f46f710779f4406e1786dbe83d52b12b50e134e62d18816f3e712c82341047a64b0e6fcc0782197165616f0dca57ef8ad67a0594cc10074b013a47c0fd8c209f89c90709adfe4b2419730f577ff6c5f1210e0ecf6c2e7a49998d0267580ffc68d23017f7b754d9af8cf464bfe708105a1358727d71c1fcbbe858c502dc4d229ec11
1787432004.6584692 sweep:D7A-like Hi Rate (166.6k GFSK) RSSI spike: -49.5
  -> 255 9830f9966756b5488406f0f32fa5c6fd753a736e3a0d8d71bf73a63d0628eddfda8f27d677af1046917926346f3c1b72bcd816f199276ef19ec08920bdcc456df82ffb3f6b97a699f1da3de9cc02540c2173391bf41e3faee72657fbf2f910e7a602a6188237ff3bc0f884f0091be385fc03d37fc40dfbe5418643ff80f9518d483a366047bd53fdc31999d9002e0ff180b9f86334fddd77e270fc61af7f33ffbb6ce6009e9c202dea05c67367eac18613751df0c9650f2f55fb009d4134f2dca7f27ee08c7fffd897f305318830213b0de78a0c70fd613783802762d69ecc8e0faa3f7cf833f89ae9ab9a776e49cfee8dbf659f994100128197a384503ceb
1787432004.658675 sweep:D7A-like Hi Rate (166.6k GFSK) RSSI spike: -49.5
  -> 255 d9033ecefd6f9f0cf9779088b70f51bf83bcf26fbb68480e866067b109059223f1bc2e19a5dcea4e410cb7cc95e0271007c4b7ffa5553b0f88f988b9c3f11e9606ec0464381f07ef9a299d9e4c363766d7171dcf92141428df899638a0fcbec761bf1e96dee2f6611dadb5cb3cbebb06e6b8316d0196c8ffe0e9675ea83e285386ea8880c77cce3ac3a47015025e631e9bbcc57309f9229ddd89d7127e43c051a43ff8fffd61dd38206b702d1176e83ddfa46970c310f05df8a0f37873e5ac2f8f023e7fdc7943de326e4053caf62989b2ff641efe66b59a801a30eddbedff5f65e95d90d9f4c5c7c7ff63c1cb7bb35c3f1f2b9006c80cec33190fa3e15e87
1787432004.6588979 sweep:D7A-like Hi Rate (166.6k GFSK) RSSI spike: -50.0
  -> 255 cce349483acbbae1c77160dfc83a9c88903b9d00e2f0b503dc3d8c2e65fcda0cff8e8ae0cb70867eb7868f148df8f8f703ff05e1f83e05c44614d209207e0093e644c66643775003900e2638223ccd22b437460ec21d85d074f32db180635830dd78d703e2a5773a8061f6ba3c7f369f5bc071682d4f22d24fa3f20827d053b45b88c208405297c71de01bc586fdb4c36f31ef3b823b89c31083fc7cfcb38220e73f08bb9013bba7d8fd8f297eeb1dc57fc7b3b7e10b72c207bf99393fc9f36c600cf8d8f5dafd807df61b8dc3d20080233b07f1b0dc70072bd6f811c3d44dd8469e657770a3e6874dfbb77471b321909aeec239900ac9078c970fdc0a15fe
1787432004.659167 sweep:D7A-like Hi Rate (166.6k GFSK) RSSI spike: -49.5
  -> 255 f8775d0b407541190100134b8419354f7200f00e3a04650163c1e40757f878e44ebd5860061ade22edda0e3b1500f8e1161b5c1631c519f6c550881280c5de58b61404cc7e43f36004278f01bf3dd7fe2d3931e1075fc81e38046ebc976793d2fe1837b1e316b6007f2884ca4f9b4640c53a39c7cd350fdd6be0aee60cd94b82ffa44d9515f23a6f830d74e1a4637117bf04bfe95e63799106bb5f87244c7f559e300f8633ee6ffab862f18d4eff569c781c7811c8d329cfd3b75e3c39fa64e3ffe4bb9a336f5083e2db4a8972c07e323fb9047f51d47f3f7368a65d648e72a50f0a24b53fc4c3842674365d04ebbec4f13aef159d2ec04d34b0a202a920bd
1787432004.6593862 sweep:D7A-like Hi Rate (166.6k GFSK) RSSI spike: -49.5
  -> 255 73fff25edfb12efc0565a79e597623c9c4685f3cf2df67f505f2207bc8bb7bef05d10e1aff6c9c8547d4840015b271e0489fc60c686e7e712ce8c74da3320338c677f68051759addfe3e7fe8387315f0efd6ac9ed97c7ddba4ac85f4fa016b9e42234d83c372c8fd73b8407f872fdb1cf02e3e03288f7f9be3bb1bfb111b7dd62946a19ae9c4674fecedfa24aedfe2f55d6717ae061837b80a09371ef122d1880ff6e389104ecd8019fd9e12a32a27dc1c6c9b8b4e7aff0e6b63e3efc71c86f0f56f012f1cfedc5f5ffd48cdde5f91d9add2183f93f2c38021d21d801c88b1031c5e1fe3dcf030074a4e0fbc0066e0c6cf58f798f27d8d2a698bf62620d917
1787432004.659605 sweep:D7A-like Hi Rate (166.6k GFSK) RSSI spike: -50.0
  -> 255 a38de0f810311dc96365fff87a2195f9dfef69c2637812a805c6b793c10c9a9c981f7c1ab210ff43660c1e1df73ad562311870aa1ebfc76ab424349cfb95f39ff1ced0271e4ff3521d31cba39516ee591b57007f29e3fc41d34e09921bdf5cd10787cfb7904472ecc02142e8e518f5961e399017ff646167c0405af92440edae831988d033e7d1daea4087eb49044f9e1bc5a830390cd2d316e549493b66d7840e7471c68da779cba79bc6ee5d2136d6d8c2e880da2201dfa072043ccf143e764c2f41263ff5c5db181f8e20f1bf1f36eee30fb98fbc2b1e4c9eec8fbdf70d499dbe401f30c3736b3cd032149cbf8d6546a8f7368bb0df1bc8c74e1037b69c
1787432004.6598349 sweep:D7A-like Hi Rate (166.6k GFSK) RSSI spike: -50.5
  -> 255 0033adafa7e08dd44e7663659dd0c3febfc9fe340465406c12f730fe2ae2396f4d1747fef0d02dfd248e787bde7966e24c19c4fcf862ed70f5f818656a4b0ffa35e87046b6f4867a6b8bc0df61e329275e5cf674bf5bff2e806735ca830fc21fbd65abf165a40fac0d1d93d805040e6a70a170473be4a3bcd28a80011bea30fd5e678f37ce3ca383f6466d3ff21a4067dbf00f3644cbaff1f490b827c9be3cda6f11aed0a6f059b1ff7fc640e124643a373204d8761cbbc0738a208ec056a8ffc63579dbe763e7b1e010c0f227a159211d73cc8139441cb7870dfcaad9a85e630a1ff9bcbe08df8ef0c6f6fb06e73ccba611aec323c015884f1a6f68e8ef1c
1787432004.660068 sweep:D7A-like Hi Rate (166.6k GFSK) RSSI spike: -49.5
  -> 255 bd93663be67816d06e4a7c0e71623ca1935f49f7de7c73f061e8ed9bfeebb60231e9513ad9ec611cc7b69c5d09373a4c59f600825f0f4d91c0ced4c06189dfc5c49c74e47f03ed04228a77cd8fc123cbb1246e70f8806f00229e6e1943c316cacebed0284003edbc7034d44e045599bf6e045fe061d788ddce797e318e2c29e0e20c721245f1ce3bc63dacf01c2cbe2c21e8463123d8b0790ffa05bff2ba7f98ddad4fc70092cf8c393edf6892acb65bb7ad93d8a038e94e5d354f035106728fb3575dd41f9a29ef8e1e1a9d858818fe3935adac557303c2623d223650028651421b5001b328346b9c80449ab3cbd6480e01fb9f96cf9d78782b2b9651cf20
1787432004.66031 sweep:D7A-like Hi Rate (166.6k GFSK) RSSI spike: -49.5
  -> 255 1d4e401350d1bf9c6dd429a794345c20f094b20fce067c25e07e791bd5dfc38e7a59e1b409400ea1bf87d720894ee9471c77b7e90be08a01ce11f349f213459e1c55b40256074bfe3251fe27cf499e93d9ecb7a61b24703bf48a1eb1c0fc6730e1bc784c99e762458b55f41a75c6f45cb93928cb9d9e811d23181df3f1ef025b8fdb16437878cc6b7dbef9ef583b615e1b0e8c60f87f439d5b3c8f918d9cfe03c33ec90d0c9472bb09424816f9cf9eff1d5703dff4fc250f1bda1f0020fc98903f08a9bfdfb063de18f83ea4e4477ddfbc3e802fe3216ec9c5401220fe6a496fc59aeffe6973079e9571f2fbe3ccdaa2cfc90f27b707f5703676715a35bc7f
1787432004.660537 sweep:D7A-like Hi Rate (166.6k GFSK) RSSI spike: -50.5
  -> 255 86cee9fbd94dd20170fe1e3b06357efef3d7050ea0b51c8797c46df05e96439ac068e77df05a0d606cfd28bd31e760ed4f3e521e951df7e518e3457f70097ab37a30adfa98949cd441e8e741833a5f055f970f2b26b3fe7f99e745ecef9f9eea30674fb8a359870076e6201c7149e63b2bda5048ea12507cae1384c425a73790eb73a3468bc401ee4ffa39376e1d9463eaaedce03318f3e2e01bb0633f7d9b8d9bcce8a0001b38a487780b538415825ec5e4daf5e235cfcc507848242df8953bee74732e09de632883dda1810a97dfcc8e586c4078f0be0ac9ff3338f049d8fce33d0054a347da10c263c783b942ae7c422be7d1313e0bff8607d27ef8598a
1787432004.660765 sweep:D7A-like Hi Rate (166.6k GFSK) RSSI spike: -50.0
  -> 255 f786080ce6453582f6d7442d21df9d779b0d5ed705be9aff3c5f1e84802acde3267dd0fe90bac78f01e12bf8f1cfe5f9ef99b65fe449a7ef479826973b554e1869d850eda47ffc1b9f25b472d3864de35683487c33f1f486ef7b59f52f375d07fa780495fb74b35e1d3f2ff2d6cbbc738a94f77c37b828fb387b7ab3e6791ec63f8c5074c576ca4c6e7f1cad5417cbb3a01c01c24828ab0f3537f075ea64fd3acc463408cd90c8ce2feee406dccc77267d9fc5f44b5519bc28722a063c43e89d4bdebdfbf730747f2dd2487f0a551fe02e6a0343cf66731c648e017c70031a571ff97778ee8633d87cce003ffa35dc3d8ede3ccfcf04200f97bfdec047fff9
1787432004.660984 sweep:D7A-like Hi Rate (166.6k GFSK) RSSI spike: -49.5
  -> 255 424e6a09fb497326e73333e77c4deb5d89fffd25fc2882f3cf83880d499ffd4bdeda61ec97cb495c1a6bdb9388fcb8c780bb47e44a1ed029f64873f10282b0d0930e9a7e434fed03abbba16dc82317c1cf48c3c83dd9d7a86e21e1df5781c1e22d8df703ba0f3d6181f2f3e8c099d08b5133987d25cc7ffde1119217399b1ae2b245e031cd9d15e05f2bae35017b9ce2a584a95605a466230f25eda369bc30da9fe7e89e17d9e64ec67eb72ba26af48352751ff97e03f4c0bffff0c19fe7787dd13806047bea3197c082b22fd60ceff31a3402006c75d01f39448599d820c5ed81c241a1b1dca55558679a683bf5a3d74647a00f71a4383b283804a1d83819
1787432004.661206 sweep:D7A-like Hi Rate (166.6k GFSK) RSSI spike: -50.0
  -> 255 f97cc67918b0edcb0ffff3347f048f01ce187845e2e7c6125fe4ed1ac0d87f1bde65dc5c7384fbee1756b12cabef1f779b821097340df8f299c70a275da871bf83b65f5bcf7881f9fec640158c3edce3af8246356f305cc4bb7698302078208172782dc77dcfb71fbfc96f8bf5c3080448b0fe411bee4a1fda35c2d99fbe5187bcc1e75f1bf2e2ba10edbf8a0633eba37061816ebade386099d3f2622d946c91fedc4ec6104cb5d0ce782987bb452e31de8772afbe5f9f0e29a1f35ccfbfe6c7775711f8f6732dc90a83d0fb7eec873c22382c375898381c0fbfe901beceac24dcc484efa19dade0e5befd63f0ce1d83cb98fb844fd9104ebc19afd5a44584
1787432004.661443 sweep:D7A-like Hi Rate (166.6k GFSK) RSSI spike: -50.0
  -> 255 793bb29ec678e47ef3c131a915e8001e4bb0817205b74ed3e20ef7721e8e6e81733ebf02583842738220380e4bfd610390c9bcc0e9a89fc2286e4e42f42ff90524124ed7cb9b1abf9231cc38cf5403f73ff3c4a3e3f9314f4b1c0e1b9b3836352476a712eaaa0f4fc3fbe7fcc0f7fca05c3209e0f1694485f8337f2bc90ea10a81ffca949e8406d874b014e3c5375ffc8f380bab67b6067942efb59df9029743ef03a03d4b70dc8fe8064ed12e1078ccea09f1a34ff3c78e1d286b9ac98d27ea45c96bf7d7ed30967f6166faa3f9e4fbff28a42b84a4bbe7b9ca83401a25cf7213b9213a0dc7228506e1b883fbbe72e1fd49a0d8c77f798ef1859cfe21bd82
1787432004.661661 sweep:D7A-like Hi Rate (166.6k GFSK) RSSI spike: -50.0
  -> 255 1061b3722f0426b8e63d7934fec87f2bd424ea190059adbe13847844722818d05872393e1cc9fb071c886e72c72746062dcfe73f7d986bf38e02224fe3517e3a3ec1d00c093737fa4f96bb0ce4fe0974ffd9183cb81624115845ef538b67ce0e0317e8a1e24211142f7d14d1266cc253e03c407ea80fb6b2a16978c6ad352c09afbd65f2f18e81dffff1767813c34382f00785cf24084a8cb80e54bec987b36037e014ece4c63ece6adcd9c67f3f448f4d0a3ec28b3afa1c5973cc67e155f2242366fbe0f3ec8ecb49866c3240cf2cbe846691c101f92dfb67202e59e1f850e4f31d60c3f5bb73d989885e7f2de23c08952dba0c0d15bc69131314b5be8730
1787432004.661869 sweep:D7A-like Hi Rate (166.6k GFSK) RSSI spike: -50.0
  -> 255 cae95ff687e2c91caef223ff4fe13765a7f913c983d97218e1441867b3f5955634c3a63af67f72c61781c6aa2a38ff2b876c4a23f5e3cd76618a895fdf729801bcdd7d70dfc36460399e3f7a72c6efb3636ffad72583cbf3b07401429741d83974383ddeadf74c2f7d1fc6aca0105bb0d890104ce628300ce2f31d204c0ff1e2e7ae27e22c7f98667dd942f27ef207c3622fe86168e314fccae4727e735d40e72f9ec5e4f5577df18e9c02e01c84c54612cf0fb053639104ca0239ec482df31888e8e5ee4d201efad07eb6e00a98aeeed1a0bc6f6ac341f324c8294f3f21cfdee5983c1ada0bb34065bf31f7e31ce4655f62849838e61ef3bc5371419fdf24
1787432004.662084 sweep:D7A-like Hi Rate (166.6k GFSK) RSSI spike: -49.5
  -> 255 cddbccbb1cdc221daf73f335f2699c661be04fc2bdec98d40c7798f989ed87ed5c928f101d2e02783dc1d407ad73f2997dda8afa3f936366f6b3cc32c6182fbf3b41ddc9b62befc2a1923f1f6df24c98df7b7818befa50623f502e04829e80a5921dc81a06ed3a39c2019cb36de7e6c9ec7902b94df1f029386a10329bc5ccc990173f401bc073fe0fa5e110c180b8599d12c1d5d118d3e64137f073adf255c89f2086a767a5b115b2421f6f1051d1122a3cc27f1fb0761f47b6b71e5c623f9fcafd8a5cb7f577c4e71df3016bb6213f199cf8226fb7fd16cf1ff384f61a7e701ab7ece3f3bbc38678dd011dd9d7cdd50085df5ac96577fb6070c6c9c9b717
1787432004.662326 sweep:D7A-like Hi Rate (166.6k GFSK) RSSI spike: -49.5
  -> 255 90293003b0bec4759bb844dd6cb27ea5cb52e6430d3bec4cd827b92c0b6d015e3e05846c11a420573753b262894d2d0dcf770572bb7c41d3c49e62067c67a8c01b9c3eab99c9aca462eff11803a5fd43199b2909823bfc2f782860f2a029e3864725c8f4e83bd2d05631ecf3c030e1c203af4c0cd424b945289a3abece7b0c3f0250c5f5a61f4421c78817ae4080f3f3102064b595b0004ccd993f71113c9afe3e01be6ba1139c618f5373c4e39ddc04364a12ca003d0435ce208b6c17587de8428dd86cfb0961ff42d21b057c6806dd5ebf02d48302b02442d1ac80dccbeb301424b9e7f79d8f7d003e90ad09bca2a18dbc6965bb7de01f9e6748b7c7bbee
1787432004.662559 sweep:D7A-like Hi Rate (166.6k GFSK) RSSI spike: -50.0
  -> 255 ecc79e7beec231b92b0319e5685c7afc1f983bff60ef6d45e0dc8037e8e9bc0b45f9923ce6628161210b356bebeff85e5b79121a33ad1864fc8bf0a00e6c2c258143a2cd24157cbbbccbc496f8cd894f82834881f94f12e0814a50f11f15db69fa60d06229db779df40f38f87a6fc9ea12030887e2de6f1b2bc485bf2fff37c89d7d0f039b1c1e37c8fe21ada538a04024b9013059eca20fa6005e93e472341d21bd07b001fc8620c352143a7d8f1fd4c50df78d9c0c1d8f18fa0dc783f2c127b4a721fa1faea25758580cf4586ffda3124d1881f5433a441b1c6cd9b21e2542be3fe36913ebbbb77211dc7a74225bcf014630976c8dbda9f1e57eebb2c5c3
1787432004.6627688 sweep:D7A-like Hi Rate (166.6k GFSK) RSSI spike: -49.5
  -> 255 f3cb03feff0cc15bcc1dd781ffc99430b2fd6a5dfcf1b751e7fce3008fcf5e4a69037c4b00fb0beb6f4121a31dde188fe8acbb33be2c48aff9e75b0410fc72217fe7c87dbb2301743d06bc4dfb71b8822ee18e6779c9878af1e00f08cf17f8ee171c1b350fcc7595da1e5eda79b0f85470d308ce2a3c51b4bcfa3ee88f9243e5c81d1e9c991bd1d7b4bfb77f83b8e4ea02be3027271ddeeff1e9693c5ef371cf0a438b606e19ffe403d07337a967548c7f2386b90081ddbf7e1d63ed7b50ed639b65e702ec6d927cbe311dbcedb8c8c0283893901ffc28dcc12fe06081fa7ffe0d0fffc3d4bd2ed570fda226fc79421561d6e17fb633b1a3e2225f3bd810d0
1787432004.662982 sweep:D7A-like Hi Rate (166.6k GFSK) RSSI spike: -49.5
  -> 255 0bc1e9b0b9e706065c2fea709ab7309d703d5461fd86271bb89f851fb8afd35376c3a3cbf2a8fca38f6d433c38f08f3f603f30ce834f84ff8e1bf0cabc9de2fe4328196e42187048f57105e6f7ff5f71e7e68385d965e3c358c501e08f9227e68f711641d02b2ebcce183de60cf0fcfa0cf10bfcea041904c09d43a473fce43e7d46beff66516df5b6ded8579803df130390c7f8bb3d9bb8eccd578a2f3b8fecfe4f1a598a321fb06fffc766df821b4ec0295abf34fcc190929b7f4dce5e8800c76f73ca6277f81e9fa479e73fa1ff3838713bffb60c7ea00a66ea543f3d0eba6fb47ee6b1edc3cd32e74d64216ca51f3c004e4013c97004048ac36fcda24d
1787432004.663199 sweep:D7A-like Hi Rate (166.6k GFSK) RSSI spike: -50.0
  -> 255 ca1560214f91f244ee1020340c3fd020a4d9f055b0983813eeeb498c1c1594b993d6b9e28a807e7dcf5275261a5bb71bbbc8840f539ce04936ff81e27041ff512479bf0c1d8e4f816c500347fd0bbc5531e787d23b7680c3b7a0600c409827c371033040c4b3dff00133a9ce3c11308f327858f72e7604f419263f0fedbc70d8c2d8faf85d9d024d530ee21c89bf8fc32798916bef15e3a2d8fc9ead3ddf5b3f33301b8c1383ec42e80c3aaa140f2ed3d5c2026b28100335a4f4c2e9ba350980462206464f54b8100e90017448fce1f3b3fb2603725d5003a615f10c7e6460ef009bfe1c26311070e35c3cf03ca6ed60843b9ff18b1031afc9cd59bff5e79f
1787432004.7253802 sweep:D7A-like Hi Rate (166.6k GFSK) RSSI spike: -53.0
  -> 255 1491024fb7a060403c0b7e2c790c4aa8afc3e5d8a1a77f609f79fadf2b59e7d2069823f7d880239988c67edaf378f303447d811c2bdfe393529b803a5647b870a0db839e828b680e09c2bee8da172971e448402cd9b7771394c84d976b44d259ce0a70a521004c12d7dad6054bb5bd7049f02c9ec310ce21eb8e9c8074d19a92ed91c4f8002592cb7b3502698c197c361fefb19382e7c46e50eb03444fd14f5f0e3a4db0084528b8ad3a908773661639c4c08dc3833e013b68a649bacf74991202706e63e0cc1d585a4ca6d2670a7d70ee1f075309bfa94bfde72e0c61645184e474ba45b26801c0c435e9563f73049344f88dfa41be3d1220299f74e62c85
1787432004.7256188 sweep:D7A-like Hi Rate (166.6k GFSK) RSSI spike: -51.5
  -> 255 a64f2ca3842c8770a208e5fdf381c8401fdd3f9b701c1b38fb33e03850c070fd4de74ff7aff7da44f9b1fe272df689faf6656be18aeaf3ae5d9ed2fc9dc1e5ad5f58f9ee330eb48d1917edc3fb3e8f52b8080d8b652014d145c9aa8407c0150cd23b962d5179d8bf89c76fe3021bf43e6993bac128121261b003da16216cffbd009cbb9dcd3abe653b3671e749f98267e1ddf7f789a341e8301eb67eb01cb8f9e44eec9f0fffbd29803592c1ff7f3e381163e963730f910143fff13f7728fc7ea8ad97ac114ed51de16f39db8c912316c465c0f8cf2ffdbccc10f3d1f2b08993df94e9f40efec604ab474e0d204fe7de73eb3f8d85b81971ab3b4b138c3de8
1787432004.7258492 sweep:D7A-like Hi Rate (166.6k GFSK) RSSI spike: -51.5
  -> 255 ffbbfc000201499b5e6f61bf3a4cc8dbbaed47efff5409a26966db973fabe92aad9f2e02950835affcf90f7bdc27ade7fc8665026035bfb68ad77de3bfb42bb7f7920b8ff7176c40ecee608e0907fe9b23973dfafee5576bc2cf1a4f82de104a038c345e9f72318900f1efd99c5c56617bf7e4300265bf8f8af9ff489a99c05a4eca7f86f98af1f3b5fb8e4e52839afc080fc0361950e976b6f4cdcef809cca37eb4b1c7f795c0d471be67c55c00b9e1f387c2346dc10a1879453806ffd8e4c9f2def78e07a6fefc5282b695f09980711be03ef54c9e11edf0586e91539f0d2b0ace8dbefb31ffc3c9878be86a2049e5fe26388b00e1b4a25e500e43a248e1
1787432004.726092 sweep:D7A-like Hi Rate (166.6k GFSK) RSSI spike: -51.5
  -> 255 41e13dc4632fb1abffbe34dbe1c4377d370f2045e8b198c445d223700c312f987e782795c419d30bc7421677204f0f9bef612478847f289cb8810e6825fae6c063917ba09d9c8efcf0df6fc403883fc105be48241c159e2e1f019322058742583cef5e4a59d7f963b880765fbe785eba4e79403d7ba05dffb4bcdf1e183d8ab3b7acfa31cfd849900f17fcfe39c8759796a9da11adf8debe86eee11d088e772fbbaf8b589004f8b8c6e627b7932ee97471a5bcf842f09dfe6df79a74dc2de67226fe5ea029f80033a098310f9baf68d160699322dfe445ce827ebdbcc791ffc801183904e600b12995f33d3a9b12cb56dc18119593b93dd72ee3d37c5fb940
1787432004.726325 sweep:D7A-like Hi Rate (166.6k GFSK) RSSI spike: -54.0
  -> 255 f56eb1f08b781c6c4fcea6917f193f3d2a053e452bcfa8a06c9fe0321f8e3822f0f85ce9cd3517e379f5631ef23351c5f1ee364f7db41e701f4216b5ba8beed791fd088047cadfe99cddc86049fe9992478d385cfb011990d07e41038803e6dc88133a1f8934f92f1e7a0d25fd98fc533e0437729c27f043b036c13e14670bcdf39856e337ef82a18803b7840de47cde4bc498167d06f4c5591fc804db1f183d068ec0680e29098602e3b15c65077ea3c9e672f09d0c2dfbb080f4fd944395e52d245ffdc8e3f90cd629032354268180050b24889a3e4046c3df3795b4bab6bdfd706bcc37ec7bb9bb4ac7b200fc9805cc7f4af62e266233221cc7ff81cb3b
1787432004.7265558 sweep:D7A-like Hi Rate (166.6k GFSK) RSSI spike: -53.5
  -> 255 fce4771a33ae6fe0783b03d1d9d7219e151fb60c808b061b78096679031fca707ffae1b70dc0363a04f5926fd7dfa76e078ca1e648fff0c780f30388e78fed49590a7f8d27ffdc0e2568fca05ea1c761801c38755228f85107ffc9f78386075a6f8e1de3ffea800dfba202722fa75d6b130201fc190fd0339fc3e1b334009580f1f04d8331e075d1df952ee6330e484e2ed07c4f71f6100f8266db9b1c83ae3ddf6853af269c7e282eb5b21f02fb9000190882030cbf770cd0f2a355081d984af93fefd9ec74e70f75f20d7f3e780bc861375319e21e9ce31c940fc1bffa2a476d910670772908ffc4c0d91f1442f5277b9ffc1c475cc5e3ae5c1b11a88890
1787432004.726779 sweep:D7A-like Hi Rate (166.6k GFSK) RSSI spike: -53.5
  -> 255 9e4591daafcd816084189352240c22443f09ee1de47f7ed7fe1cccc86ef3dedcc2c73300870f02f889df84538c03c418f7d0060023dfcaff1facc8382a7c080f53648c4067939e7001ffe0b86210360c5a00c3075fc04c860c3acc21e9c0c8a38b03ff241762fb57b4da66508c1bfa96f149668166f2c2b72faae011efbc42f28165fdb2761c63c258023cbfeecd0603831a35147efb628a14669a2c62e2a13f9a0780834997040bede1fd5345f10068df5954123ea1e871a8be13fb42362cf1bdc579192613e408efd393e0b53ab1469efcea2273b913ef4a3e5efb664b66bcca6977f1ed8c7611bc11cfaa879010fef54e87c8598031ff94bd014bd7e570
1787432004.727058 sweep:D7A-like Hi Rate (166.6k GFSK) RSSI spike: -50.5
  -> 255 23fe0071eed9b1f5f0c2d0f1fde9ed321c220f844f5500a1f4cbdc3e5cadf4f707c200e9a93e3dea71c0bb10888d33b82a418c419d7f84626343dc4fe5780599fe4fd531e7bf31bc76904a79803fdf7a894175041a0f6606d6a34072c87d9b01822f6308154219863c27a0739509671b9dc41e6fe0660232ca3f8cf5a19f1899d70c3894a96a5bfc072fb04e8ff07e62699f408b704045189070ac0543050dee31d82ed017b5ef0d6e11f8ed0c9d6fa7fa1a7e6dc2c7cc4d360257781db00a05d9ede62e7ea39bcffa26c426ce7de6966f3259d2ecbb5051cefd4dcb1c4a65afce9d5b224151a46fb4fce6d1f240feb61eebdbc44e3800dba78f57bf96e57a
1787432004.727286 sweep:D7A-like Hi Rate (166.6k GFSK) RSSI spike: -50.0
  -> 255 dd308785dc591e65c2c7d3f27be70ea4e0e39d3f1ed025b1e7386945dd2929e9a71d9267f92069499caba00ffb06ce889f8424fcef3e72fdb449947ecf824764b43e48544721347bf5fd24e2a7ffb343069def11d47f53c980741e201ac5aef719d24cf745bec98fc6de59af1dde64ec03b0e0ba674683b3ce8e5f974c21a7af0c4402661b62c806e770ffa9c393c620a9c3716fb20308fff8223bf18dd7b6243d7cc7f160300a2263d11f14767d1cfe1e05fbdbf794f3f3e78e019b4d2f0cb185bc4d2488536c78e5e3bfec41efe9fcbdf9aec62d8df846d8283a5bfc75cccccd90efa32d598021dd01f044ef87e713f5d19db6bc1756067c41caa46b079e
1787432004.727509 sweep:D7A-like Hi Rate (166.6k GFSK) RSSI spike: -51.0
  -> 255 2ac76f82091bc7afc999674c7ce26a762234fba0b1aafdb94327ee36b2c758c3cdf7ac04ac916f39bfb0cee032788315ff7ff8c4dac64593c79ba883b8f3b84e365258ff1de58202ec551582a337cf6fd0fcdfec9986b61d556e87ef172615ff3e032a5a66c49dc2ff0226b0f080537954cf387b2733802c03cd093906197682c6f83b26caa7c1f4d3b6d4bcc9ffc6e1bda0b944110e27fec03ead87c10705be3c7a0c783e26d5a71f76fd33507afbfcc45e800d262d7503f8ffcf9bfed60063c1dbe70fcfb17405c1fb23fc0cb99c451b818a9b04b76e01cb124fd24ff83901a0487a89877e3dbffdf067efbbdb88e379d5d08f1bd08f376f699bc0969733
1787432004.727725 sweep:D7A-like Hi Rate (166.6k GFSK) RSSI spike: -52.0
  -> 255 dc112dd74c78aca379a45d380715eff4711bffdef88b31f3eedf0ab852ef621bbf2f80cf76004738196d76f00afa03f38895bcb5081e7ce51ca7192dcb6376426d532d8d82137b9b6f038197a3bc5cc03983823fdfc3251f2d46f720fc6fbfd21230a6aace1672f01700833dde6ceff9015fee54bd2f837a52fa7921e3a476c0cef1c01ba170d1cb843f342c419c8ff3a9f849cf0309de01d318d28cff8dffac132704f8ecce6b00de19380d9ccf19f73c9c24fb676446cdafdf9fcece34045dbe30ee619ece710ce1c7dcc4cc26fe0de00817c6f575cd87e0cc841fb7cf6173a63f12a28279dc0aa65ee2780f86c3fe6719f531928fb8502c1ec45a3fc303
1787432004.727942 sweep:D7A-like Hi Rate (166.6k GFSK) RSSI spike: -50.0
  -> 255 23ed13de6cf3dcf904c52a03e99df94033ee18004fe0d8765eff3f6a354f1a76856e1e26af360aa7eec98fb7b78dcf9e1339023e5fc7801c2ef53a6d7736bcfc2434410cf6df5635ff1a1d635083c3416101b8ec144de7039a2cf041879821f119d7227f0198363632aafc7fb0e9188a22108f9eedcde0e2e9fbca33bcce15b1dc6f681cfdff011c9c501facbbd006961f401c23fffcedd48b00fffb64bf800d2f9bc9ef033250a19b63b8c8e2809d79eadfc003fd791e271615fbd1f1f7eff0c71100c99a7da766bdbe05fb55d80fb1a0fc01fb85f45215d2001bc41ff6f8e30cfac5e1f9a5cd353cf5f57fac594713e950617d5133c56a8ae671dac9bcbc
1787432004.72821 sweep:D7A-like Hi Rate (166.6k GFSK) RSSI spike: -50.0
  -> 255 b878a7f28de01cd6043c0e8c573fd7d2ff786e18e2fbfaaf588320f45036752cb69691bb709b26d830f6f13f62f3630f63f38c1ed5b8e77ba6ce0cc90a8243390cc1ffc385a3253624033fb1f1b43a7790dae0fc6201dfc261c5efc997e1e950122d7e9b33cefb18f99f57412e3574573fb2d4e7e5d02d02df473d35de69635c244736a90e0fb104c1d16478081d1e10dde4f498667623fe630f3ea1849a48696329e84d8b67dbe6df71f0d602adf04bf161c3bf9986456da46cfbf9eb0c0ce9d6cc4d88b563821fba656a153e62a1c51a0b3f08eac7e4dc02e203bd1dbf3e6e38d66120d9b3a08d028f5f917877151b55e000461ef57fa3b22ca682004e3d
1787432004.728448 sweep:D7A-like Hi Rate (166.6k GFSK) RSSI spike: -51.5
  -> 255 8fcfd9df9316d117ab808f772212d0847318363b386c731f38e40a4f609326f331591249c635faae118887d04fd4b4d328227d38831a5eaebca3eab0023fca04807dfc738942102ed1adafee7c084013f9b966f1eddfb01ca971f07c02619d8dcc8f83b943c26f9ecf2402867db25ce1e00e279588943de6795cc620bba0979517b502a3d0a7acae5ecfbcfb77587db1ff85e66959e13de9c1d1a121ee357660608e69ff827c8f2071a2536c6172060006d9673db675fe9630481f8ff36b03203e53c70e24dd2099994cc23c8aee407eeaecd0e1f9f1d4ac105205bc6e7e1afd364bd858cd5ee6f26d01a5049a4be7cfdc7eb03567024115de13acfdce1bf0
1787432004.728669 sweep:D7A-like Hi Rate (166.6k GFSK) RSSI spike: -54.0
  -> 255 4e60d5008ad8fa04a19f382bc43c5f91c0ec0e55c1dd8cf486486f846f1d6750ffa09fd0dead8387b83eb29e6328ee313f878fefdbf686e91c07afa75007859fff471dd3ac51bf674f5f3bcb2719f858c7d752ff4805ca55b9106229f4735f400c864d5a6d61619e8c7818227b600361440ff2034b601433f22d066e4e2f623059a875681de27ebb6bd9dbfd1443865f4ec56741ecf6105b288e7fcc0e7e10f1ad30e2d41a08e23a3e5dde52ed0eb01cb967d01b2fa06b73e6dbf21cc6e796b7be02407382683ecf245e90e6b1695a710712451d87eb073db468f58b8d017a0ee3a8d6ebcbcb9a338d63a0dfedd5d969a77c848258cb6efdbc11e137ccffed
1787432004.7288902 sweep:D7A-like Hi Rate (166.6k GFSK) RSSI spike: -51.0
  -> 255 abe3fe233d673dccdc0dd2abe452661f7fbeea16338a00fe9b8f224046c6f18c6aa481a8bbe2203fcb9721dcc00a2e08f2326cf991345f37d6d79c0f743241071c6d5678e2b376bed9718fe35c36a9fbf01a5797c8c2978314ff707c1f868934993b180474f43f838b30f1e45c0ffc26766983bfcf767385e80eb285655bec8508d31c684e90dff6ed07907cc1361f37b07c9625b232f1713071a763ddc1349df76036fcec04ebf0163b0811606ffa15c206bfc8cabfff8ea7e85efb4e69da03eaf66633dd7c8d4ec7e8d2f080a4f59e5737a832d9f2dce437f866f6421ebcaab1cff98f58950e4202c808ea1262a45f589a39064aeafcb32e132b9e09411b
1787432004.7291782 sweep:D7A-like Hi Rate (166.6k GFSK) RSSI spike: -50.0
  -> 255 2491059ba3f7170e4320ffaf884df0c3a6db3463ac71f863a5a25a709b71f770d9e98c64fc64a82bbf7b45c0f76a523c5d49cdec40e62f7c0e3e07de6ed916f07ff3074db36400f5be9cfb996e7f3565c183c16ad102c68e987727160cde4219b47dd08c05e96fee2d8cc9ceec280797e81e876c468b5f7de07e7f9c759e7cc8728a1c13fe050731d06448e11fab10bf96ab8c84dce2f22614d68b8520b41fc98e26478d680b83ff46af6a82e2bf7bb9a3bd1230b670d6f137d93e89815d0836d24dad58fcd123e5fc172319e726ffcb01ecbebf6f34032a9c5e9bceb45c22dff69c8343d9cc390ee307e3d795e7be27eb44eefa0e742afb2b4f80ae270276
1787432004.7294579 sweep:D7A-like Hi Rate (166.6k GFSK) RSSI spike: -51.0
  -> 255 dcb8dc27f40047c7dbdcef1c1018d7dfb8d78e98fc39bf623e9a90e1b8f17a2b9f27c433401bfddf70e5acc04df12e90c2206787c6fcb54398fe37d3d9c060dcc6c3d5a9cd33ad6b16025c2310439fcf36b1196203df2352c95d0929886830430cde0f1c0eece3959f19bdd76e7efad3d8f1c0b9e0264ff5343dfb983f0fe782d707803359b1da875e8f9409dfe6077d343bdd1a8ff10b6e3cc4be0647b777940f59ed775820cdd01116c35f1acf80ee49f9c694c0e01907dab1c8491a21065163a0061e6517373dde7e162194ef59b25f8883bb3449f000ae6f1e171878f09ff5e0d8b10d185fa33d3838b106293152c62611644e40052f27fe80b6c9cb39
1787432004.729682 sweep:D7A-like Hi Rate (166.6k GFSK) RSSI spike: -52.5
  -> 255 0ee66e49fb1b32e7b52e90d93e0d368d6348f8386ebcaa017b5b68e552a20e6f8232e2652f7fff01dc7e97a38a47a9084061bc835c99429d3e6e1f5e943cc5f594727fb35e01ee3a1d03625a0edefc63f8d3fb7c01eea202708b8003dd83a08e163a0bdd6376c0da71c6385bce7ff89e8dc431d45761e77762973017892ddc53977b61d6ff6604224c2873d1df52e365a5e849e2e374b32375e8b7fefd64c2508524f8a3083b8350863f0af08d2f3d8134c443c4f5983b6e37a149fb368c56c14fed8bfb6719f1f22adb118221c6b2d5115ee6a406e723d2a58be2d68f9d2fcf8d1be6c1d84c07d00fcc7bdf193d27faad30a4780888c1e066cd794993e183
1787432004.72992 sweep:D7A-like Hi Rate (166.6k GFSK) RSSI spike: -50.0
  -> 255 7d9883577600a7eeb73c9e8e67d4c4ca0441dd736e307e991bb80966222821b7bcde7e0723bb581199830df4b6c2480e19f7031f61b0b3f1063961678fd941d71c7f8067e3f31c1da837525e4f303b78ee307d4536ee7f16ef44a24308ca18ff3cfca28d4c197aad0b3f25e51fbe0fd79df7cc07b0d600ebf385b933ee3d640106c786cf48daf69ce077e0ffabfce819d886f4759239dd80318d63cc9519f3827d7f19f8c5e20fb0adf30df01a99f7004d6bf20a138780d5c267940170dd01c0a5de81d97d5004cc90c1f2a58ec23e26fa5aeede4fbecc4bdfa1c9892b9bc62f74414ac87ee8e5b6dcb60ade3ef401de103e1157882fe042869cdf3677e43f
1787432004.730179 sweep:D7A-like Hi Rate (166.6k GFSK) RSSI spike: -50.0
  -> 255 32daa10faf3c80c56e63b7c1f90086d30cf7de21e897e1eefe3938f39fb399de1cc2ef6b324f0ba879091f2085310fc790a8ecb80640fd660acdfffec92df6a95384c707e561f4df201e662531b36206005c3c593c85443b83befeeadcdfff865e6f818dc02a57171ca729be2183763f68be18fcac76a00e48d4d26125062928c33acc015433c45c7032ffd66a31d0fc4cefdccfea6ddc216a0c72fcd71e31838ae28c61e33c36006f23306181ff3b3fdee38cc8e11fa76f961476d38a5437ae0c1b8002c1f97063b869c66038cf601fec0c0ef185c4414214a2da04957199c3cd2eed63bca807135231c8a688bf482e0122a9984593071ebb1d9b6be0d4b1
1787432004.730443 sweep:D7A-like Hi Rate (166.6k GFSK) RSSI spike: -53.5
  -> 255 b6ebcfb2459541810e8af7a20596b86632ec47e1d41dc4f78fbffdbfdff63e257ca8970d9661322918bddb91e33291827202e35b68883fb9fa4d0e213cf133078cd8bd9fe7671df84acee780c173cf08be220bb8eb7fee56ff3042073d58a6d4e6c018b7c9b03f48b1d03c963d3c0038fc9fc6a1339d897e70f815484402f0e586dc650e7738cf400ef952a8acc672ba77c675ed13cdca647bc78f9c44eaf58774ae49e4a231e964333bb9a067b4758d22f9f2988effca3c037ccd13ff7f6637c03be93e7f51f4fb68b85ff700fc821061404f1327e19af1c68db907a3ee6ef033b661ff203db9f850be77ebd14fc4db0a10032ba1101302c8540d969a202e
1787432004.7307 sweep:D7A-like Hi Rate (166.6k GFSK) RSSI spike: -51.5
  -> 255 18fd93390a9c2913f37666223f0869c75041a663ce3ffb948ffdd87f01c4ac10ec53e70618bd050f30ec0126933fff244435e2084932fae7d6334494f40c1b4f07e38176fecdb32cc1fb787a74eb7e306d1816409b8180c71f037d64107bb1f573dba0082ac836631fafb3467564f67edff1dee4ef8782fa36d22ccb84d0eb0e0b94e62e991f47aa4e589809257ce207cd9422ab6dbc7cbec988b6175702517e4725c0e25d60cbf4104264f0536d65703a93c6c67c3d366cbc14fc9068f774315f0d2083aeb324ee7cfbf9e79218a6a367e272c0ee306179913e8244dff344d5dceb06742058d873e907a8565c3ec30111aa8b75deefe860dfe40ee195911d
1787432004.730947 sweep:D7A-like Hi Rate (166.6k GFSK) RSSI spike: -54.0
  -> 255 24c2a4082b56b60f392c43707be1e2da1f13df3edc9f8e570f3cebf7862b7141c8ddc103123806efafba9904629ec825e4002fff2499907febf24516fa2540c8dcd5ff0f4a23dc67ae9ef8a34a6c0003ed9a45909fd320c71b305058f47f63a6407546901f19f03a358f7a41473514009a1f687df24873a0f78b5af94b6483f8d773efb34b7c0988c4735f736fec00e3fcc59a4f9df824ca70c80674c6cefd916e40e803be6801fda88ef1f1201aa9bf7292606d6ca21aba59dd052e67af4407912f17a090783493c6d89581fae7c59b2f6f027812387c85f5598f1f73404277965f05139145d1fb9ea694c18045b7d5af0ff7ecfc828bcbfba4b169bbfc58
1787432004.731193 sweep:D7A-like Hi Rate (166.6k GFSK) RSSI spike: -51.0
  -> 255 c5c24cf56bfceaf979f998afd30386b0ccb2a6f870489f99ffa761f2146605d6f25f8c365e488a02964b1be07eeb9df3d589df8a071a640b2b1bac03f5fff6b8d87bdb959f9c7078bec4154f41928f188cdf73bfa32df3f0d33d7d87fadc1cc39ffa9f07e1da9fe5b9e762e37ffbe4ca14f70aa66071993ebd26393c9fc7a487d83c3ccfec2f64044eef5a88509e314f80d17fb7c8066d57c3ac10ee1f56c91b7e86e00ef8d12702392999c17a448dcbaf453ba9117e589d5fcedec9a300c208984e580d3d1cbd81caafe401ee76106f19d80e5d0d1982884ce439eb7eb552b3767768da7458107d9004dfcc7c0c4d81366360fdf0f398c3c9c8b9b3ab7478
1787432004.731432 sweep:D7A-like Hi Rate (166.6k GFSK) RSSI spike: -53.5
  -> 255 3c5f389de143728ee347562b67c71cfa9faf84a5dee9617cf1605154fa48dda5684d776e07e1f26a2ec45d9482a950000277f8e8779fe771914fa5206b8c417a3ed1a77bef6d9dff8ce03ac7a0842fafefe030c00011a331c007b7023ceb43c99dec2b8ed4fbbd1c44ce47f5d84059f5c6255eec3adbc098efb7e1b776ea303176a2dfb103973a7d9220f9bc3a4fc5863090064fe3797387e773c723720be628000e4eed38588cc70cc58e043e5797fbefb93be3fa59c0e51eb37f393e307709f319d1e1fabc4c5a3a869fd22877de1cb971bd9da07dbfa8fa039f8386a5090d39c97a31ce82dfc701d3bd9f5e7454d03f0f14038ff8f3fd271ba61054bb99
1787432004.731648 sweep:D7A-like Hi Rate (166.6k GFSK) RSSI spike: -53.5
  -> 255 09dff9e759f22f9995d9fc420385e772a9239283f9950343bf5d4dde18e72b7dd385f98016c2e6d87fddfcc6377c6819bc3238e24effb990812976e1767d0604511e0cc9da003f0504d451637328ef61de5bf9ee379b34b5f20ae3238fea3858751e9c9e25fb422481a51c71c120d8f998fc58eeef71933f5be055dc2bb20f19e1fb0afb557ba97ff7e0a3c5fda664e2721bf33115d8a6d65c76589937061e6cbe221388168d13a01ced4c1ba3003dbd3b3a01eb4cf1719b80fb6630bf33a653002a24bc0b81c3ae75891aba21e30fec04595cc074b99dc9801c3b451fd81e8ffa3d49af7877b1ca53c74e7e6dde1f9cf850fb2278bd2473812781d31c13da
1787432004.731864 sweep:D7A-like Hi Rate (166.6k GFSK) RSSI spike: -50.0
  -> 255 695eefbdd9ec66e801fd9e982b8c0fc17cc202188a18a5591febdf67e208db48051e22f47775ff9f0b098ca38e3dcfcb8829c98446ddbe5f478d97a781abceeceaf7cd13093436273dd0a2bd13d3de9b5b6c4d6ffd7e007df1cd3cdc0e3a7e37f9154c91a49f6a802e57c26f0ab2ac19b22484a582e1b817bc082e3f9bc22ebf8e07df75a8d3c99de55d4774333ddbf58a822f0be5c9109a1cfe9be6e1660077d3e1c5c0709b29364f423dff0cd201963e774042ef51e7b1f0623c26300690002ac838190f70de82d842260028f0b72fe094210913a7a162ecdf92315a229623dc7bf105817442fa9f9db52dfbdded84b6fa2e6119e6b99c0d79ce8120555a
1787432004.732098 sweep:D7A-like Hi Rate (166.6k GFSK) RSSI spike: -50.0
  -> 255 2027c380799c811d3ff8447b7ce3aba815617097280983cfe31b987f0e5ca2eb0efcc2e84782fbb92e7108711f8d5f38e479db7189c4b4ed231073ddc767c585ba3e7515c464d98f0f52381e41e38a42a57a9e845c35859b17f36b61349bc96090f561b4bd137aea6329cfc1bd4d78e2c9df593f4c67f8f93a88e4bd4df63f62955ab691af1713bf0201f3886f7f1ed5a6f91c04ce9fc462d4985fab30d80f0ef17fedf01fa3e1ba2524ab0db9df47e22bcb8cd727a23bff4ab8e95f9fbeb52f8e35669b1ee83e13667db92f319cf7c5800473b1fbe9a3e7dc0d1b48c2c0b69ba266b1624be090cdbafb5c16c1a1f1806c7718501367f00b205d5a8f045bfd
1787432004.73232 sweep:D7A-like Hi Rate (166.6k GFSK) RSSI spike: -51.5
  -> 255 176dc130132703ed861b9edbceedffc3e2366728cf1c54702585843c76bffe19b0b7d0342dff02e93f46ef410fb2e313868c15bb20028b141c1cf1dc05d02fd418efdd398094a627ffd097df8578c56b275ff415b0f93056f864bcd9f85afc1d6d7c7b86c727105fc894d876a401cba3c72cf87e0303e3e807f20cf81f5f89a10e20b114f8d8009a9993018af4ccf4daff42cb0189575823bd8e507706e84392bdd9b9dbcf3bc3eb89c845c411a13ac262efcaf26476a88ce2074c1d3b90583b82efcf3dc71bc5adf3da4e8023f1d3b35e0fe5ee0f88f39efa8fdff83084e97f32b992c26f402bf6d2666ef03e1cc6fe2aee19609f77f12beffd1eca8fe0e3
1787432004.7325509 sweep:D7A-like Hi Rate (166.6k GFSK) RSSI spike: -50.0
  -> 255 74c09f0c21f0fe9ccdbd93fef9924e64182682b907538be130d21b282eb2c9c46dffc2c2610f3fc448c2e008550726d00e305bd70ea801c0c07507e75091e2a88ace89f92871234f93e7d36d1576c0cd6afc345b9b61e63bfcd34ba6f606e74e63061a0d9fdcf48f21d90db63de373c4ba4c00497bf884797dcff8311f18731dc3c261137bc1cfbe40f0efa09263bcc9037c6da5812a0c398f4a9b678351f9dcf24efdefe07dd705a13f9db6c0cde9141b684c70a79d1d6568c8048b5b59e05d833019f504f81908c0085df46e43ba077876774459e4e1f1b5fc614316320f3201da269c184f7c198c6d4f031b56aec1ecf0a6fa7bf83d2a65743d2793fd77
1787432004.732776 sweep:D7A-like Hi Rate (166.6k GFSK) RSSI spike: -51.5
  -> 255 67de623450f9ffc35f56e0ec18937fb833d7147002b001fe77bcfcf009c7663f006d9d864e31ec3ccf7f01eb1ede8728147c782017902a333811232f107f9991dfa2b77cfaf9ef46e7dd5f2c07b36b972d921dc8e39cc965079e5d31d8a038b7f2ea4b9e1ab08622132c67193c5dba1c1c220139bc7ef0fe544b94e4dff0ffbed695f4110f77ff1e9d7404e49c6cfbc2f1c0f93b8fefe3b78c3548e3b80afbe2f5b0073c0bcc7465c0880866d7d889976ad2a04c00f2eb1b8ce06a3d60fcdb5fb2783852450810094933f39f72e59556297c73c7718901f99d896d4488bb6090443fe800472602f51ce19da4498717c57ff6397878d996be8bdfd0367f3ace
1787432004.733052 sweep:D7A-like Hi Rate (166.6k GFSK) RSSI spike: -53.0
  -> 255 e3fff07fa378a06f79cca0c1f82e7f858fba95df97cbe1876427d264a59bfecd80113d6c8315c0033b2e3bce7cf303ee59df2fc04870262152150818fa08396cd87d43c5fa5bf87f30fa24e8dc0082a30ef1fd4d1e027c9b9afc123ea4dc77354c4fbb39f424981fe10dc9df34a7851e68858cb51c35d8f25ba9a51f49f0e06088d3d82abbc1cb3012c63775e2772c0fc0b9db738e1e541827187099580f603d69bc0277c8c12624224045136e0d57419697fe29ec83208855b127b224107c91119238027058ce6220040cfdbd8cf780393fb84b420ffd6d6080d2faf486b5c5058d615206fa92d809c1aa794ff392e718e21c25c7fe0f52d0e0025eda874a
1787432004.733276 sweep:D7A-like Hi Rate (166.6k GFSK) RSSI spike: -53.5
  -> 255 a34f6e4f2e39860fe150c07e895139b29a291c4a24612592d7864402eaebf2b0d7ecfb73ae04c0fbfdc9aaf6d482740105de39f8e8357c73af603ab676c778d5aa5ecc165b5000d7100c21ee04f61119d911a3e00e97fb6125a8626cf8bf00223df873e592e41a932239c1e8f81dedb0bfdf685ce82e4e4f84a21cdfed974e3e2fb6fa3fed852849e4244e5fba4b2df02ea03609ccd8c031b31bf604f9e06c2686d61287470e3cc5ffd0a080d466ddf6a6c2ede20dfd6b1f0e88ede6fce3acfc97fceb43dd90fffe48bbacaed04f9676e33af5a5ad19880746bb8e7bfdaf0c24cb396fadae026841570907e833742ff84368e3c5e6f7fd3f243130b18700f0
1787432004.733484 sweep:D7A-like Hi Rate (166.6k GFSK) RSSI spike: -53.0
  -> 255 49c6d45f399f7b171ff0c9b6088f8c1f74361ece1cd2e3e2cdb2c037f26808970bf8036240311be78c3612ae1431d4bfbd41850f7dad9aba635d4e6865f2135da20c998f8cbd82ddc7c4b4043dcb7797793b3fadeb1b19f377b2a811f27e93fdf1f3cf10434c2e5ef1902e9e03cef4f231011c2ed739682bb42ffbf0070eaafb38a6e3a2cf31a6f60c604ee5247f56dc882c0679ec11fe37dbaad3a9f33c8e90a3f13f4808ade1383853cbe109c07d5777e6391be20e5c7d0f35193c88178b80d01f3488606b301cce0e1634c63780fe7f271e27200c90c15212d389bbb2843cfaf0856387c29e047a83f6231e183e52f3fdf15e51db2870e00507b0d8cfd0
1787432004.733689 sweep:D7A-like Hi Rate (166.6k GFSK) RSSI spike: -53.0
  -> 255 63b45ed611c41f818660f21f9c51a71ce1a371b1fa7ecec588ec941fc05249cf36e431842689f187e98ff6023f1a7c7adda00f58ef948afb840272ecb9f9c1293051600ce0f8a76fd0cb98ef208617198f1819d7632133c3f5988b57879f6c04b9e5122a8cce7a19d76b0f7464de6398e7f837ddd7d13653ade4bd3cd88ae76f09b09dcda92b9a482cd47a603253f80ec3fc12347a3ffa2c684c664a4df89dbd626400177b7f8c5e2588efbae074c2b085b76ca40666c5bff277c8cbf5c64d8de263823cbb0ae4871f1e680119924d51f5f7c807cfee58dfd130bee58fe1cdaf4c4238e2fb7a0e82ef8421edc1839c68cac7a87b67f37f9914a18ff0437bc8
1787432004.733898 sweep:D7A-like Hi Rate (166.6k GFSK) RSSI spike: -53.0
  -> 255 3648c7c20710b7f82bf35d7a7310e9a38b576c08ab859346d049f86fa87c52b1228e0fa467b344810070c64e2c37f526bcd547ef1d5ca93c7187e4e010c6de6f3d3d3ce101dedfdf10bad096dd345fc365a30f319a400279d307b7a937283feccb0affe747cd2605efc65f736ee7cf1efd86627c1f13bf07e6c1be4033ab1fe36f9ad002f92bffe6bf3fd203f71eabe0b0823313bb574d806d401dd6be2e4afc1fdd35b13c67b7af177ce09e12ec9ffdab2cd907ae50dccb910fff3d1f55cb1f6f6f9ae1359126e3efb2fb8f1d0c42483f5e07d673027c6599c0d41ec2d8820a2d2df5133f171a2482bf7b980e9fef7aa7f1e0d40d8f481959c3db8f033780
1787432004.734167 sweep:D7A-like Hi Rate (166.6k GFSK) RSSI spike: -51.0
  -> 255 b27bf63e30621e2770ce027382264be39892bc5ee4fbca2b8704f2071e30536dbaa46d87c5237c7d074775461d0ce2ba32c9f498061d657f738b0883e06b1dafd6e13790fe57caefc36908f336bdc4f7392eee85e8461731b7dd64a4963ebfde1c429b48780b3e116fd8c867a9867a9aece16fa428b80ecc5dbfb1ddafee27191ca7f46b6b4699b618e1f8ef84a19ec729bf8db62dda471a8dda040c31d8bee81b99b2f064367c8842690e7998155801b3831a17c14de2c61fac838029f83040dfef179cb161cddef8cf6096716727e0deb47ebebbfe67e58720e911fe6049997a25cf3929db7015abf81bf0bec14580484eb98f6dc189f49c04123100ba07
1787432004.734405 sweep:D7A-like Hi Rate (166.6k GFSK) RSSI spike: -52.5
  -> 255 11668d82dc0fafe431216053f6ade109b7e67b2fbf68d33b807688d332386d3162586c7d8b9da323be42ef27003dea09d45e7f356e402e891c35494a9037d9be3883f7436ff1ee8ec9fbc10c99044f0660bb8114843c9abe9bda4143c8dd89c0780a0802f73cc2d91a803d41dfe4035a2f756889af83af4cf988241571edf015c086f291898d034184f7c03d63dbe71319640777eb2a3e73da5d3ced613e74198d7ca2b72235ca52002c0568338ce8f3dcb766690fc6cbfa343cca1a26866d16acbda3f6eb4320d3e6384297cdf8230f238ef51341b7ff602ddeef4a3f1a623e0f949f57fa90bfd7b931e4d3bc10accff416788afe5b4fb119effef9fd1f43
1787432004.734616 sweep:D7A-like Hi Rate (166.6k GFSK) RSSI spike: -51.0
  -> 255 0fe22149900f45c80da01f982ccdeb07085e703b20ef923d19a31ffbc7f407448ebde49f425aa7bfe19843c77b270162ea38cc0872676bc328090a9ef35f139afd90072f9b0405d413a31cf3457990d322c1963cb559ed6c12d00201d18cfdf6efeef0c8ea00189be9b84ded84790fc3ffefe3ebb94d473ee7d78063f1f7fc5f407c13c87e3c7b78c0cde2c0a4ce213c9db38fc3641050be6d667fd097160b6702a3b0c67df7c6a9a48400d0406161a5ce1cc09770b24b38f8333ffe88d88653ef0341ef38b4457f010abfb03960ef60ccad8fc83c5e169e154f1c0446c15877f21da713cfa3a17536c066fa65f7be150fe80c2bdc6370770b9832f39344c5
1787432004.734823 sweep:D7A-like Hi Rate (166.6k GFSK) RSSI spike: -50.0
  -> 255 728afde3ffd8ec21b61a6ce69c8b394a4fe6cd8f145401a6b6070529c3dda1f3353c3e19f24bbbed70fd10dcf2a4e9e18cde1b4e02b7e2461feb9e9fe0ee30700f4fff03892f5886f678337ff1018d8ec61de05c4727f59a70ee5eed48eb005bb1f0f977c6643fd42035ec4801c9e089e15f0e206406770cdedb2384abff40e2265ac0fa8fc8791bb5e0c00edef5ac569088799c907d26289eae99d28c01f36027fd8315dca9262d1054881381e2a1a887eef1dda2fd148331b35755cfb9fbedb72b13847dbc0b7e49e523a227a9be46e2c8a4fe99271323984327403d0c44a9c6119801348e44b5608adc2d4bd85fe2219e1d1e817f68183b317814651591
1787432004.7350478 sweep:D7A-like Hi Rate (166.6k GFSK) RSSI spike: -53.5
  -> 255 4082086058f18182c693b8e087b1a2cb7e3135b49c6d834ec08d2d6f1febf78e646dc3f85196453583cc08fede8ed2b3dc70b9a0c3c411893bc47f03b54c2708480103a047f7d198e8eab265ae2458d99c0c93dfe7230e3fc5659bbc296753d22d073f77ccafc037d05981e80184323d9863066cf8e0acb74ca2bd4bd6d79677178bcb5a23c845666f81a8b81063c903d12339ce0587ccfbf9006dac031afef6cfee0d477be6eb30009683f0eee52b300eed18737e34e2389e2906292310e766073c00031ec329e6b47ebb8468e4c60fa90dcc2564670bac022a578797103aff8af11371bbb31d0a4e1e277b979788f7ccf7bb886fc799c49ca09a7de92500
1787432004.735271 sweep:D7A-like Hi Rate (166.6k GFSK) RSSI spike: -51.5
  -> 255 73390e0f42cfbf5001c793a42ff91db053308bd02f6bfd4315c3e71d6cf02ac0efb68442d21a6f35eac9e33ca4f86861e00d92c7439d75670e09b3f1c363b0d1dac7385032033cee8a75c88a7dafacefddf81fb22147bb7e6f3e1862212c3307b897981c23b9f559caff583d57c00028f38153c58ca834a4070e8c4fc026cf3f5c14f1afb09e37974b4bfc0e097a0b559df47f4f67be1c7faabbf4538f3800da69884672c0cec38f4cb1993f3628af0468f12674b2efc45ee4beedc1cb0942021fefc3d7bc02851ee2dc7c21fcdada073823003af8cabde3b8e5e24e0c1cbbbe306442f7bfc07df3c8f0486e2cda9f9a034a76bb297075ebc337c1f054042a
1787432004.735487 sweep:D7A-like Hi Rate (166.6k GFSK) RSSI spike: -51.5
  -> 255 87e7d96b69e073ed1ede6de5efd1e4781ce2cba459718007e7f1fd7fef415c35bda4e3f6e6ceb4b6cd077afe2df05a9bf20ff376989bb8b20dce038c0d59a7f81190e224cbdfdf40e0706bf9c738fc4e419b25cf30269411ec7b1cc71c4eec7278c616d81d981e139f9a6a994e2f5d530217fc7ff0dcbf9b160a1fc7be8081858df33920ae40f7f3c87bbf0d91a5dfd87f9837e0919df1fa3afde361072c50e0ee70938d9feaaca26ffa60eb19cb30cb3586def004ba029dd7241b2204fd3882cfc3d1d80d80eaed3e76645db26ee47937749d5820731ef60359e07a200adb667ea431c218237d6800200d0f02806f89648fdb30ee47cc33ff8ae3125314fc
1787432004.735714 sweep:D7A-like Hi Rate (166.6k GFSK) RSSI spike: -50.0
  -> 255 f32a3fbe763233d2ee7e359c7d88f935d31512737b57d3b0fa538fc4c353d83e4480309962ba7752c698e94f777d1cf681f638f4c82f8053e977fc503edd3608e3c2317132bcfae843cfe8716e8d711e2c5498c3740b3cfbfd2d3c30ee005184aa412ba0cbbb9d3ecf3df27626271d948e7be9879c1c7b33bc9ec8c4b163df221da825c5debd1fd6e74fb9e58e8e385157efe3f793700c80472b890cce6447d04daa06011dd5236a5e0ac4dc629e49bf4ffb1ee671ea32732a98a697bead024438b0ec0fe38e91efef00203d898e6e25bff733d7d7b267a3899bc097c510f7defc3768840fd28d76c64e0377ce51dda3893bda363b3b261a79456f187e6ca4
1787432004.7359412 sweep:D7A-like Hi Rate (166.6k GFSK) RSSI spike: -50.5
  -> 255 32ebac50977f7258053fd93c311b79b353c6b7f0f760b6bb8307c5fe395f3ef7eddb9d36d342606b7a94666f91bc852908bc08beff65e1609a874e5f87517105ff7a61e89e0fb9f7f704b24f997812d23e19db83a5dbffa4af0ee8c7654845584cff997b9e6ebcbc2ff463f0d0395db48b057a298f02874c3a5567eda7e1817936f83d74f5f2dbf607067e37d22204b6186f187afeafb2bc3fc91907e5b377e079c200368b2f4f9f02e7d9ca5e0b85e9f3c1b77ff92fc37a025b6d69d1dfae8a0412dc7402dfdffd14a7e16506e76f75cd06877835e00e6eadf7f030b5e03ffc4bbc22fdd9af0d9f8bc825db87db9b3201bc301faf6655ac4f1d448f2b3bbe
1787432004.7361941 sweep:D7A-like Hi Rate (166.6k GFSK) RSSI spike: -54.0
  -> 255 3401ff703016eed3283fae8323bec481f3e3de56e58ca4d4e2c5a19baf4f54dc6a294b8c6725b15d1ff3cc8fee40fba12673c033127f633b304e289218365887c30218833b773987a032708da5f1e033417e0e2c9d6000c7f9654640c5c2080e003dd1fe747f3d18e6f3df364de02f89ff92ae88e32368eaff884fd38e03c7239bce1b44d0f0ef2ffa83b718adbe0074b61eceb964f7a73c354bff062bd41893b9fa2069ff5b2560ccb80ca1aff1d6458300c5428b206ce2ed0f9ea14250c7ef00c4311ae9454e9fffe6179f97cc88df8bea21ce01a11cf20d91f95fc3e01fec0123f93e0e0f38617ff86d5aecb4e4354aec1324902cdbf9bd3f0f4fbff9db
1787432004.7364411 sweep:D7A-like Hi Rate (166.6k GFSK) RSSI spike: -51.5
  -> 255 5e1e3610e1b725e79f5132f01413fae0009883ec84c438185fa327c59981026bbdc407fde61f298e68bc18f24cd7d2dfe40707f9821e4c3cf7f1e7bcdc05d7c3b38dd3c8c4eec7c6c22b982532f10bff2811399e7b4f13ce4ed1430c232cb08a8a6e72d7b722eb02e7cfdf40317edfd0795e03442f765fdc32d39a14538edf07d3b20cd0569e9fef91fb0646cc3553270883e4859b2fd691c835ec0a441be8a9eb1916971d3cf53597dccfc0cc5fdd3765b4b6e366fe8616b78d0e3ed87f0003d8fd7f06febe034692ff6326a6af7fa0fb79fa16f055904af18a03ea0c66fdc6c74da7fd2003b848ec7fdd84699e585e6ec5912e096e77dddeaa798d6d8192
1787432004.736657 sweep:D7A-like Hi Rate (166.6k GFSK) RSSI spike: -53.5
  -> 255 ffba7ff078f041397e23bc75ef0db810ca1e0bb8e72cc7f621805cfc09b60abfdd01fe747e17724047e8a20f61d73b6437c26bba7421b61d5f7cc75f7c2daf6ff07e74f302d450687deb6f6b83ff08d3840c2ccfd4598c8ffbf68cdef066397bf549c107d21957719a28d7c33b0b7b117e727bdcf1f635049f13e17e6691dc5fdd3e4061f181e3fbfc9421e90f54eefe3cbb12367eda3fd8614f8856dccff8c9f5820c66f2db8f1199dcfeee57ce1ef720b37cf048e9667d26263640787d47fddd790f685cc5ac6b7e098b93f02cf24e8edaa27559187a5c840852ee90db07e0b201e6833d03a29efdd701c78c5c21948c081886b7ada5c2fc43973f3fc597
1787432004.7368739 sweep:D7A-like Hi Rate (166.6k GFSK) RSSI spike: -52.5
  -> 255 40c3a81f6874370693c4191e3c1e0b26f7964f7f21c3d61827036851f95e48e4c21e5c0b21130f1c8a005aacbf872531919e57f36467f7cf59fa38060e4806122e79b1b9a06f9d7d83141e066c6f6f35739519a307d4223600eb177a3431871a8221be024e21b84c4f12f9d917f77f431431a4cd975418c76210fb08e3853b3338857a4fce24e80c0bf78dcc3b180744f2ffee3470718d18b80fbfb5d68aec31baf4f0eb5c97ddb5c1f17cc4feae9dd29e0fc5a24c0fe2598c9ac799066e1a8ee199e07efdf5dbe31dcdef86069a6be1a92bd9c3661fefc879d7da1c6b9872b5a9f64f5f823b930ea5c3cadef1714ec66888f41473ffd61c06775846700578
1787432004.737082 sweep:D7A-like Hi Rate (166.6k GFSK) RSSI spike: -50.5
  -> 255 bfd9ebf99103286149703b83c5dde6f3dcef4f80e8fe606b9e08eb57a01e6c5a1fc99af80580d202402238614ab30959a19727bc48ff6342bc6bcb08cf727c52af8a46080acaa739f0acb3296ee1646155186639f4da5e820e634bb9b343f2141f40f318f0883f924180f84c04974fa085dd21391ca1da40351e61c8835465e4057e054acbe6dc0fe8392a7f278144044be0bef08f808e32fbcdf7b48b9ec53d1cd0605e301b7b63eb8dde190014020cfb6395f2de6565f3f52cb67bd276844dc46c8cc89e289fe703b3f033187ffa781af25f6c8fc9bcb764afc8e55b6887dbe7fe7a0597c5debc11f63a8c6c889bc7424d89e540402f83183b685924d6d9
1787432004.73732 sweep:D7A-like Hi Rate (166.6k GFSK) RSSI spike: -50.0
  -> 255 c14c31a3c7d2ab4bd8f6a5cf0ecf0ff1f6e2eeb19ee10d26a38c5a08107866786bc506200e1bafe05ef1e624537af99a076af4c13a8bf8175499ddb6def6086fc7fa35ce07cfa06fdc101f51058d2ce820351c35b32bff2da21c00161c997077efb6dff7c7f767fa13b517ea77bdbec1889600e194947e8878d8b0aef0efe635d2ce63ac7dc3cbb9b227b605ff44ad09e22cf0a0fd9ec8293a72027f1e2ebffab47ad9218dfd4dedaff868cfb0b89e9c744deced1b0191bf013915dbc27426e792b5f211a707bb9e2499e2fb22798ce1318f0c208ecfed8e46c4468b5f0b18e2024a04a9c2f8be7f1c9c083a3401f8feece9d03f064471910cc52c39472036
1787432004.737542 sweep:D7A-like Hi Rate (166.6k GFSK) RSSI spike: -51.0
  -> 255 60fd07db9b74af087479b12177dc65f91ab82dfaa02172b2b3bb808eb6dbb7035af1de023f0c47b8c569c46ecf50b83a821798ce4bdf5c92c3f7a29ff353d7970c6815ef7f99cf3c7a42b2c1ac7df6948e49d3fce52d66d70b4ff921336ef2601660416d9e9ef302c3137028750ecfcfc4e48000258070f53f1d868e374b394dcec3fd57ec11c38d5ec1177febf3c00ec1145c633de6807cda6f92cba0bddd035a5391724ac7de18446f87103be8f80d1aebe84abdc8df3d03abc38d1c9ffccdf9fd18fb1375129c15ff0390881de01c03cff1a023327e4f7b44319880f1177a1d1bb2f8518824ca374f1ead58ce311174af29f4f4b873287c2061c7abe57a
1787432004.7377532 sweep:D7A-like Hi Rate (166.6k GFSK) RSSI spike: -51.0
  -> 255 9995243e11bdd2ffe7ff08aeaf6978c6f7b79c9663ebf31e31bffd91e3fdf087e6f37ed53f89470074dfe1061ec4049fb7a70eca170e454910db07bedae0cf787b00f7ff81644b3517e87342bb1e733c9c5ae74a1038929e67c45f077fc1e973193f4c575e20631f2dbf6419e798abf0fc6bdc71ce8cc525eba77b3702847230d57e4a0a50fe1e2aa2fb7e77b74404401a56fefdecedc22cda1a603801f0ef91c5fcfc1bb13173a4397c26207dfdf7def8f7603421af50d001256620f7204d07f484f0479c7077fee3e0fcf9b3f80caada4c1e7b00db03eeade172be32ca275e97b47e60210101e939a406e7fe2643d9d9cffed102a788024d9980444dfd6d
1787432004.737969 sweep:D7A-like Hi Rate (166.6k GFSK) RSSI spike: -50.0
  -> 255 0356142701f12e5bffbafc31c9b0e8b486619e3930674c0fda5440bf996f8e244c9da612b359e2f0f90e2081de94c6f48c78df20f8b84cf5ee2ee293283facc5ca9183b8863aa638d41e559f013153b5a868bfc2dfa08c8ed18f674474ef3871701f7a2e0de579b1d0171297ae0e02dec0181c113741c84efa7afdbc4d4401ee19e9476aa6eb2b368afffc298c001a58f8dd86ad405448ff03746219e3e9140b39ca333c87ff7c2412ba0474400f845afee5f731e9dbfb326ff6f18a1bbfe5760567fbb63791860f6e7f33ef630f963e6efd3b84cb6d7bc37c4d812e804fc7aa0092f249e31e043c0288ddcb1b941f3d0395d4d869daf182ec86c3360dabbf
1787432004.738197 sweep:D7A-like Hi Rate (166.6k GFSK) RSSI spike: -50.0
  -> 255 e2a99e4b95ebda84992646f04b88f6018cdc0a22c8b405fe492bfeadff8e563f034a0f85c67fd081d83a18c9fe2b7f7fea2ddf9c7fce636e1f6e05c73071c9e642a0df14929794433d2dfc63b914c3fac441f3f3a431680b4dda443b60e0003d1061ea0c42dec38307fd357c8cc6e4340abe8128648655cb1c5440bced7a27a5e1261a2b710e93c6bf658c0032310c99a9f9c819c9681a42642581ad0781fcf679fbea52036f3e16a4dbff147bc105c3999e806e1bc1e8f2693378aeee007bf7af9db432f004c9e3867830912e0de4bd258a75b4c8a2b4bbc867c9c65f8ba05f184eb8283616269f174f7614030afff199c105ceebcb513f064d7c110c9950
1787432004.738438 sweep:D7A-like Hi Rate (166.6k GFSK) RSSI spike: -51.0
  -> 255 8ffe4d19c4810c4439e2a36e02ef9bb5fcc7727d58b1d9e8d3846bcec8e4c4ae01f0ed5a6825fb530e2443008947bce61099d9422d0f411cd8c3138b9185e7c6f0a3893a5534e08dca9e8027c1cbb868fb385824b75d18c0e44f6d38801130c22d416841f526c70a3341057d9313afe49c7ae312b9a73b107c374329f6d8e08b6f3f4d7da5da621b36cdcc1a45e356404d3f104693ff0bc7da0ad6c698afd3c871d1d07029fe715bb364c660a88daf37bfc319e038f94053fd83061b180b831d9603fe1775ed22b901e958517cdb25d877b8be4b80dec8c8733f006137f37990f99f7b623ee00e60b807006d7d93908fa0ada26313fb3aa29cbf1201eba1a2
1787432004.73866 sweep:D7A-like Hi Rate (166.6k GFSK) RSSI spike: -50.0
  -> 255 199b0e2a9c40f5f7e0cd0ede1df88677ed59186bbf954ba1014b622a4d3a84ba3362b2e1d873d4102f903e7437e4bf0af898ab81180f4d8a9042f0de087ca45b8a71dc86c0f8ffda8c6c3078c93a4bee657a1cfff6e04e0e48d8c3ff8fa60063980114e040b7d39304726c1725007751d6ee043f0376c1fc84f64e22dd60806eaf4d639734f7a9e0d8f9ec668427c2846004ac766800ff1327e85b42113476d0030e03afab82430bbccc9400f0d36eea43c24c30623edc3318107d835925662b9d43107c712069fbd14a10682bd643088ecc7ce5f377eb8c82c67efc60fe5edfdefbb54cf8620e7bfa8ee3399f2384b6ef861dd543cb54fe44475f8c102603
1787432004.738882 sweep:D7A-like Hi Rate (166.6k GFSK) RSSI spike: -53.0
  -> 255 c79b7e23c0f272672ab0487fe1b40d5e85fff000177c7f0b9e7c4b11215dc11e2deb23be30835d4b7d1caedd865d9d4fa07bc39c608c7f2eafbc19d16bd97bff6df604204d30521b470d3ddb9f3802dcae97e53dc47e7e1e1cc1bb826fe911e6fb0bf183793b3f648b85e2438353c0e13e7f19c5c7d8ef5c6e68f990153ca8c48e9f20a22ff8af4047a0e45dd64825113f2f0c169664471fbf50401c027bb621b309d85bf0910144f0af9c637cc12660ceeaa2e106bffde3e8498fc86e206bc8e43241839d0db870e3fe04fafff16c91e2780e5c59dc239052c6300aee864f82cc6f743806ff5dd80c0f68e913d81f70f127c52c1effcf912f460bc3a1bfbc
1787432004.739161 sweep:D7A-like Hi Rate (166.6k GFSK) RSSI spike: -52.0
  -> 255 67c25662d1c48ca172e8616d34d55e055485cc04454e51df9fde3dbcf670cfe6887ef48b1bc08c1358e22f0000bb1a2e70d26e044ce94afab1ec6c70feb9a3b5ef6e7a1fb1834aa366f6e4e6a476fc0f65c620f16a08340bcf8705eefc20f087d0b0ff9919d3db655a7bcc0e1636ff374a5d211873fe50883973a07d1f4469b661453229c43865ab59b01cf574ff5d13cf4576807bf8fa9b7fd6995107161bfe9fa2141485c82c4c81fb4dc41c01d3093cff3ff5c97630b6547ba9a6f17698cf9c3fabc67b842c86564ee05e7829d353dc5f865e6bf6fc2245cb04ce75b23ab3f92025cefdbc0e22f504c811f4204fb38c45f3979a0c0f840ce5387a34fd21
1787432004.739365 sweep:D7A-like Hi Rate (166.6k GFSK) RSSI spike: -51.0
  -> 255 f71877c872887601829ef5cde67759fdc3c8f4debce17c5d8c84250e38d0cc39179449698b34febfca5ee61e2f94cfc9ceef19a1cdf3ecce7e21159cdafe75f83ff9b19e36109bb20098208c8f3ae5c5310c74fb01bad265d2dc2bafd337a5439c0c36a8f86af9c7f7f79383a185e08e0c5b1400ebaf63c3310e79b91bcf0a2fa3781e88e70b91eed8f4fe7edfc7eee038635921d0a677913a0868be80e64436fb2ff51df592ebb6443dcf9722f0e7467fa620f3a4211ad7ad3f5827f28a217f001fb69936e9aecccc86031be7350086a4318ff539f0dc10288f439447b7f979f3063b56fc0fe0a50dda1497d4d801d88c4078d679785f82c83076b334dfe2
1787432004.739576 sweep:D7A-like Hi Rate (166.6k GFSK) RSSI spike: -50.0
  -> 255 59148b713f1ca7bff70b30984316d12107081cc5171423512b4d70cc06ad33f7f66006eb452c2aeffab9e9ddb57dc45f7feb18e47347e10bb1bd621f23002e7a422568a25200cd8dbbe2210f27d3f5c0c0ae65a9c31fe5d3f11b9c60dbff04bb7d318ddef1df02c02547a457e94b1848cf13fcaf7216736b8316cd81eeef168b2f9c5532eb2107eba446f941adcc2de55fc0c13581ef6b0620050ed7464967f06b0268c4afc7ded63cdff8f934d807e04f2073283566f227a43f7852129b9c383d545bc0df96c7bef91b3afea0183eddf50e360c5cf1be6ffe341d5f38d7a410fdcb9a03360d6c01bc1b780ac71aeaa02104039e5c45922c6e1c60e3805eaf
1787432004.739798 sweep:D7A-like Hi Rate (166.6k GFSK) RSSI spike: -50.5
  -> 255 c013a7b63ef71be92c0a7970705bf01791e09c9d9318187215b44704cc40e752fa3eb9eeb720cdd9451f66455f888d5a311e5c235ef9e0231e80873f0df41e720b7ffc4c14ac82cb8b9a84ffcf8829b19eb4303cb662080d935d1fb7d1e15727f308541f2f9e9227e74417fab9f967dea31e42679523365a1d70e3b6fa5e0aeaf7f087f3dcf7fc7b60c90126726b1b1c65046238ebdcfe7160243c8ef3c51f2ce18ec4338345c6f81ce87b1b58ff72dc4ab036781783f58b054f7eccf7f9e6134f111ecb6f66f433f39ebc7a771a3b38160de3840d6192f48855e1e58629c0a11cc184de1107432bb2a04260ffabcc35b115b6b1242e79929684c70049f6b9
1787432004.740056 sweep:D7A-like Hi Rate (166.6k GFSK) RSSI spike: -51.0
  -> 255 635c3d9dc7d5cf9e0707cd0f09fd7baf22af03f399580727e51c53831ba6f3f6cfe4eaf45a1e0313dd541e764fec1c86c491d1951a9d0f1d06279e2f85345a3ab67efcea000b0a68f3e7b8601479d3988fe6d244acf8e43ff7c38f90184ede8ce4ea19dc859393c0ccebd1d51e77acf82b01b0b24b4075fab476ca45ddf9e84f896609943384828eda80703df65d18cfe82ff08a21928ebbdb00a1c798a10f8a1239fab4472fc4fa8730fb50c70e532b8ae81f23bf40ffae8a572c2182208562a2c4de0f32cc8c915e7bc0efb62f98f0dc3b15a01a55b1c87ac8741f88f3078c7a097c9bcdee9d6ffb878c8c1df03054f6fb0c2c6062b194f93de079b7e9ec
1787432004.747759 sweep:D7A-like Hi Rate (166.6k GFSK) RSSI spike: -44.0
  -> 255 0e651ab579a11087f600199abe1270878aa7cbf0cb4d50b2605c9ff3f72bf1fe65bd980fc21c00821fb283e81b9e062a4bcba7f037a07d25ce49e74274f53ed37c781027ad126183f01266e9af4b7341a36307a4a2200dd170f4b89127faef829ff0f45fa408bec0d109719bd5937ca7218cc18598da88fa9d38343767cb387a7e872333183649e491214041ba3dbf53f73433c570b0202464df51c02a656670f5ff04c18e1524f70053b4d7e4780f6d7095c741f1ca0d0607b91fd7f4b80eef61c715fe3bcf864fde106f1dc80f329a83af70deff7fdc41803a7047b0ff8fc858cff1a5e548fd5793af1362546aeee40b558bc93ebe85e24cb20fed07ee9c
1787432004.7480562 sweep:D7A-like Hi Rate (166.6k GFSK) RSSI spike: -44.5
  -> 255 bb84a6182fc59bedf2038e81987ce150de4d30f08c43e8f8e82e3984ae8e86ffa971c00fdd3888c191e368ffbdb74bc30180462622edc29e4321406388ec851ea8b5d61bca5e4389e0f310fde79c1ff8265a8e3cd9dcf7a0df43614cc4f39f6fe3c012a06becd79b382c5fffe86037cbbccbc27e6e102ccf361e97351a7fc10047e0863cb3bc335a61df551677d0efd98f5ba3b17bd8871d80e7bf17ffdb08ac65182ea004729a1d3b908a8bdca8e7e838ce057bd7cc8b02e27e4c625d0d497d90fc190773de23c66ef74b2ff1e49b5afbb5785a89c01af590e4717f6276c1fe05b7ce3ffef9ef57c4ee396f8e60f8ca6cbf0658b23e49ef47557f43e27832
1787432004.7482822 sweep:D7A-like Hi Rate (166.6k GFSK) RSSI spike: -45.0
  -> 255 e12d0fdbfee237441b7eb0f11d68c81f20ff8841656262f8280ee5a485302eb1f877e4c5f66b064d7902bc62263f9b77c2518e9f75b9b367c1a3737fe0fb7389d37e3c032effaa441721db86f2da7bf1e3e15fd10f42336ff1f8366d967fe5e7f81ddfe3e7ddf3b0c0e0f439b7e6bfa9535b61c84fc8ff9096ff5bca431358f0d3477d590f87906585625c5d8f133d8c4c3ba33a1631e0f43781e05676c11488d29cb8ef00eb085844f5f2edf9336fd1b881e098b9e964e263e73de4a41e145d94918b1c0179f48dbe07d0e380cac255604d5f0ac8c7987dbde21fff0808f0548bfe6b1f4bfce04f571b80734df01cc8075f434065fac625b62f0e669ce175
1787432004.748523 sweep:D7A-like Hi Rate (166.6k GFSK) RSSI spike: -45.0
  -> 255 2d24fd5c21ce0e12afc12ad4ef299b8304f1efb8be8f1b26fadd5cf6be007c0be61885099e78005c942f0f3c3e83c1a77e3498fdf35c2a62d79cea0c8702edfc50370f94afef17ce0016d9bdacefbaf4461e734bdbe85bc879bdf0c14bf817f6c6ee46da4311b7a1813b5d38196c64fadfc6ade532a9f8db6b8f790d19cd9b50fd83088f833d5928ff26f0104e037738fbdd8c8f7e1c470210e81c4035043087703a9c5ec2226c20fe8c2663f48c63589cc383870e809de275c5c41f46db30e8217be12660e4e795c279ecfb86d764c24a97a79e2e800ff00de0c5e391518c60f1ebb78011795ef72b2ec7f534ca1ec062fc941953fb5d18c859ccdadbb37d
1787432004.748747 sweep:D7A-like Hi Rate (166.6k GFSK) RSSI spike: -42.5
  -> 255 e0b7f0e1b07f1f26b083ace64aed23fc2fb8d5aa0db33b257d70f14720c90725c3f0587e4ecc500e5754fe031a08316a38ee0f063875cefe43fe373709eff4e2e1e82e3d85cd39513a27efe278939f3297fd849c2f716a5778b988121ce97315790714bebc079107cc53f983992c38f814c7623a3de9687ee85f0c9cfd98e4157d979e6604afccf112267bc9c6c03f7747d427c1d6792fae20c70cf439b6578ebf203fe146338689f0bf1987fa79e586041d90a54e3991d6de643f8e408d8c9364784bc3440a17d2c7d1e8e0391365e0a9c1e362bfcdd7fdcd5ff1fa745fc46173b7743743cf0f3b9802000a7fdf6c69e6bf27455b8f4fffa0989429cfa4ed
1787432004.748968 sweep:D7A-like Hi Rate (166.6k GFSK) RSSI spike: -42.5
  -> 255 f1301c915f7e2a88e311507f3c92d6bf0c0c33ae53f9e1a71f080fa873677fee28d7479ce2c693017ead53828d3c66185bc02443243238093a042b7f0601a01f3e006777fd810c2a69031617e2f3c4fe2aec1fb5f363ba800e9da8fb86f0644e4fa42df4b040729693247a0882ff461f8ff4d32e6763ad6f7cfea3830d0b6f325c5d18c3b3383de4e906ee8c3f8a836cc07ae1cefd3f947d3d90be683d4dee1cb8e942bc5640830400151f60948fbc79cdc87882a9c804b77db27b34dfadcc3425efbed699f77be78b9eb58c5bdc040fa35ae4cbbb32039194a001528641afae99389d7b4ff3ad77ffef7bfdc6127c5a1233bb2b8be66007c23d97f9000a06
1787432004.7492008 sweep:D7A-like Hi Rate (166.6k GFSK) RSSI spike: -48.0
  -> 255 89889eef01d6441d9bd501f6fc8ef03f5eb5c352c28cbb28298b8dc7800f73142287bef9088fcc00d7db9069ecc343bb8740f831118e46ec75309d2ace2cf967b1eb2d57b8c7d9240738e00495c0f3314984e7033405f536836e0887e93a4c2c19c64cc818c531c00f37ff0cbc999066e9b4c37d87e8f05c1e00580b6ff6a6858553655237f0cffbc703ea04ef9c101ddd35c0e54f9829f6402ba3340f3e490208fb7b1d70310dfecf87a92785033faf7f5ffcb6c08d03846dcf91c5d654d97dfee4104fcc96cc2341aef0c746173ebdc44ecb41b9431db0bc630052d81a800587de68d3ed05feaa2c6c4b1f6c8ce591c3e3553ce60dfb290443ca336c4a66
1787432004.749434 sweep:D7A-like Hi Rate (166.6k GFSK) RSSI spike: -45.0
  -> 255 c923e35d0986404aa85990339d70a0108f7859961e37f76352a06a09d65f73d435f7a716ce19be2fe1f0be1f73eef1ddd5b762f0295fae73b24f7b290c902a3fc6960eff69f14da2f7f209fc37e321f98a340585035b3ef028678c08c2e79edc730dbf3f0f9d1dd7fb0fb850e31fcc84080e34dd71563ffeb0eb5058d199422e5f2f32fcb34fe1bb6331037c0acbf6ad8c6566aeb840f2817bc3829eb39b2d7e6e5ed059aa2104059a80dedf9c7e3f67b81114cc64142957a495ee4c01fc80ddb4024cf18598a09cc9fcaa47802fcf281e02da0b003ef619e9e103f3f39c47e890df420ce22fa03b63f2fcb580b0443ecf532f0301b5440865c61fa43ab479
1787432004.749674 sweep:D7A-like Hi Rate (166.6k GFSK) RSSI spike: -44.0
  -> 255 293250c026d0fc9817a467c919c8d581a240def41312735888a332f80693e3b4fc03fd1ee18f4e2e6b80887008510c9e84af219e2196ebba06c69c3181a69fff9f118312e1398d8f39aa1f9f347d82a6187f448f61fc6c82af731a167bfe01c7449d9c76b63f4fc2f38eff7ef73c3e1ebaf10a1cef05df656be875798cf1492ed3b8125a9076f124ec71d175f811ba223ce31e33de26c6635c19f9d91e866c510437c7ae5dffdd0fa1939b24bbef000c61cae521e42cf384a5e7da41ddb90bcde4c26085b9d8390c87b0213b0c14453d6b98ace57a19e57e194176bbef7b8e2276c89cc532e037812c60bcf022fb8ad2da1fc6bf8859c40223be3759dc57ee
1787432004.7498791 sweep:D7A-like Hi Rate (166.6k GFSK) RSSI spike: -44.5
  -> 255 e022b8fa4ac77cd009ba65c72b10d560f43e294643c986c19ac817da7bb50c858bd33ff7fd92882dc120716e3bd0c8dc3fac4715c6040e3a68ae0d2e4f5016318f62280c9116f1bac46c1084788100ac4c9c8025a1c389d6efd50133848a413b1e8a007213cb639b99e4017caff4e58e35d7b7c1be7762e2ee5f80fca0306b8070b865db1bca7f58ea85f3e3d3c2d7815811674a81313386bb84d9394cb23db343a9e76ffed8d130ff22d7db1bc2e187b0a06e0d002c41e9964b79ab1f3e676fa87f609195d7a60b0d19c0e6e398837d9a3e4d7b474be6777f88c73b34f01e7a78f35340fc9b4932a259cd3ec09a9caf592190ee99b4ac1988c10ff27ae326
1787432004.7500842 sweep:D7A-like Hi Rate (166.6k GFSK) RSSI spike: -44.5
  -> 255 8cbc7e111f2fbad13974bf88825b845c56530e4827ba0363f7d30217e04aeab089f1303c6b9bbd40db7df624647c34ae7c2fbede424e166498260bc47d04439de5445c437806b7ad8ba809219a5b3eab70af32046e0cf0f1dbb271202c97bd5b184f38103894136334c3e67b76bb765b84ce6bee0f2c751d9592f4686840497951a6749f60d93a5bece9ef8f368049a524ec45be690e5b723719b3b8a07874558f9b9c083eb9dd8ab73f671747c7c0b86097acb349bbf0c3f8ea370824f8edeac51d1f11c76735fcfe0af48e4760371e814677fc0248b3e2a05a6d5f8fc733758f3b98051f85c079221800e3b0631673e2a9791b17f33da438ed1baa1b190d
1787432004.7503202 sweep:D7A-like Hi Rate (166.6k GFSK) RSSI spike: -49.0
  -> 255 739e7fb78a79041c464db78ac622db87c4013c7d98bee73deeffdf3dc99be226958ffec28223e7eb132bfcc82e62196ced3953fa103fd74e83d217e9cbdc519efdb7066e39e22d09f44850a67132b50ef811332eebe79f5704a27a71a4fed8e3ef9e0c276448670ff0e3f418a8843bd25f7648fc9666681f4b01e871e9f052fab6b80a7e2d875a6d40b6dd4ae1590672f4134b4c8f07a8a1d057e7fe4044be7f1bfb1c33fbfc2da90ab80098efda66882fac70cf172ecac339107a350fddf46f07014fbfdf3f98ee511daf79bbb3d7f02a69dc4823f59a237e3c14e77da379191bd19ea8b0a0238bef1ad40f5c2f5adcf409d1e7cb77889e34c62e665e61d4
1787432004.7505379 sweep:D7A-like Hi Rate (166.6k GFSK) RSSI spike: -42.5
  -> 255 d3b3b0c00d01b9462e6001be8e2073d9f119c01e6a2849ad3e208bb720a77e1de749f4280418bd134874860b649766df0b20934fc4c2345050ea27846e6fca1fe30fbf0e135e664a33ec44eeb82e312341e903097dd829ab21f6efa3d8155a007616f47f87e07b4bb00cc71bf940f6c3b71f2e64066e0718f047d8a0fbdee14befda730167e15914f41a51c578f93d5b964202e2ed341014c696667907dfadd7ecfd7dc6ff1b6373f09bf8c8fdb87fbe9806f48720b3290f6e812146fef4d3cf301703f425fb474c0707197664b19c07f2431b6bd2d6ce4b5110d7e1bec1bbe0fa93655de950efbb607e0c34a0577d5d97fd29dc6afdf8ffa392207efebba7
1787432004.750755 sweep:D7A-like Hi Rate (166.6k GFSK) RSSI spike: -42.5
  -> 255 e56c11e0a7c17bdb10f8c7243d5c4081fd7da6846efee4d325b9df79081f269f6abc95e3c03ce1ea088e988f383c72df9f4db6a7d35300f3fe8d93f00be30723877f70b1f8408b591e0d227b1ee791e5c5cd9ac1d848980d71f079707804e2df8e01bcf08920b7bf30f60363991295f2486804463bc60d7f9f264b3cf19c0fe41ccb19c9882c0161a3c02a56b68d3f7821c809023e0fed9d6eef5922204d3eb2650e5fe1d14881cb2278f5a600e8c07eb0677bce11f3f1feb2962fda4e519707df872002eb5e3fec5fc379a2e6257f7f5bee7c5be7c836c40427fc0e56eb2e2711ad093fcfcbc94168e73184c7b89e0eb7f8051c6f1b087dd8a79c6958fa30
1787432004.75096 sweep:D7A-like Hi Rate (166.6k GFSK) RSSI spike: -42.5
  -> 255 cf18d373fd80623fee45310766c373b52ed00f5ec9be79cbd04285ffe4deafb4819cfa6d39ac93d0e12f5af8f8a62608f8f233beda006d9b6bac612d7e22eb95772458a0a3ef8b8da7c053b63f2e2189e9745b807515fca50faa79e71df9926fb5fee3f7970b888a5632b39e1afe79838017b0e8fbc0715dc252f4863df57c57b4231e08b70afa3d64a035c4c7c2e8c96e8dc71a19b7f83dd4e203c49d1f0bff0831bffb58dc57f1e484744171b4ddbe30e7070dc0864006ee43d4e230816cdc6e99a7c3ac80012217f54f7fe9d17c5de960607018a7dfd3f887e3330ef1c3391f89b838c631d6f1e5b359834904df4c2e9198c0213a7201d08af3983b7d6d
1787432004.7511868 sweep:D7A-like Hi Rate (166.6k GFSK) RSSI spike: -42.5
  -> 255 43f2811ed13f36b0e242527fbc26cb040aae8fb720ecf47596454bcd9029af4382c22873fdcfc43efd7835071313d8e32d68d8eebd8739050cb241cf04018020710de467bc2023e0ec9b8654027eff27722e939f12373200cb97457df3efdbb8a24e8f87612f4c9699f6c6037c300010f83c09f1e239f583b1e83d172e33e4fb95aaf1f833d64a657cfc414d44f7c3b01964760d0730be10094e03117a40960fc3f181858371754a481bfd6533966f3e4eb51e26f8ea1bcdaa8f03c2afdff94c0119d3c35aff738bfeb1bdefa70ff446e6209a8ac5c1489fd005ecfb5f06fd6e5d6f2dd0c8490bb4c0710610f83e7c327f5df3411cb879873fa4397f637d06
1787432004.751431 sweep:D7A-like Hi Rate (166.6k GFSK) RSSI spike: -42.5
  -> 255 02b042f7e80e6f72cf5dc19dd18f42ca386e68169bf66f76f580f5927b2090f6c791f6bef386b39657081ff1f1f1e43961061e97a1b76fcef8618730c004f5f5bce41d6a81ac98c61a93170f87c34a7a3d38c0ed821b7fb79b8a7fe304737f6077dc63530383796ee1a3ec4970ef02ecd87c161712f72481ea817cdf3006b1fdc083879b396b82d830c3671c0abccb891031c96284d342363f774555e1fb1c28e8e33ce182179d56110602dd4ebe498f01b1a8042479fd621e587e9e72b45e819cc306f23a862b9bc87539c364c67c203cc6483b9a99781516f2e9152b133bc70bbf27b9e7512fd8b401b039a571c0b27b415ce703f8860e9a6dd450160058
1787432004.751638 sweep:D7A-like Hi Rate (166.6k GFSK) RSSI spike: -44.0
  -> 255 723c4e162391b58a2f9bb73af0580bce8bb40c25f07e3ede4f11649d19af94fbfb83f2392a269c89cb864bcd9c7fefac7be5c66cd6563371f62d875983267acd2e65553c7f83fc460bd0e6e6d5e78d1f79f12f7f0b361583d141be14a1f84a6fee7277f7b887d0464e399e0698237003c6de05008a6361b90c63638644303a618e3f6df1bf7b578c5f081f655a1c78be787800fbd833dc7ff364f8b79f7e32ade661b9b1c50af4edfd56e6119416e573eb97b1f365105a79fcc473e26bc0c1a0b551ef27f5b09eed9cf606ddd604b002d975fe8dd93e10bbd44212df2cbee835b3d30eaa1dc290c7c1821de3bad411fc1e7c2b3e3c5f0c79833bc8d860a57a
1787432004.75186 sweep:D7A-like Hi Rate (166.6k GFSK) RSSI spike: -45.0
  -> 255 92f0819a0bbdfbfb42039ef6fb0f5c542abf98888e3152da087ee730fec241b025e0426f0171e9e451558c589e78474cc0291ea1d40b095c066a83d19abdfdfcee42212f6f102088237e94df365ba0e5be92f5f9e6678ffc7fd85326df2f61ddd61bea101cffcc698a373bf1484fd87e989a2f1b4fc45679b56ec1a7a483b9d21fc7ea796e7fc1ad3f2ff50fa08f3119a0c0e93f007b8170bacfdf051e550e7d463f0203cee3c4e31b804874fefd9ba37ef7afde44989e39ca8e171be41d601bbf40d8e9419d781b98bfe1ff83b5b8d759cd3a0f21d5541fac0d88c1ccb3e8e4061bff1e772fb3340748091410f9f82036ac08107921f8d3d87f915fffd886
1787432004.7520819 sweep:D7A-like Hi Rate (166.6k GFSK) RSSI spike: -42.5
  -> 255 4ada0148fb40ea8360eba20c059e0c48ea0c640370aced43533d179bf77f08e4902318728664bb33483e6792e44c93f7647d8f82061bff7ff022c0f264009b81c371ed0c087f03431765b4fe49cf2b071020796667d6b709d63a20db3d487607af40909ecfdc8f29e7e07c68a03cc0405e8473881930d5e8618bbdbce62049c566b31ddc52dee38b5478bfd9114cef447161b253b31d3b804eec89ff57490871cde4c09fabbf92fc987c879b5c23145b3a59608d419cc755bbdf6a28a9b2500786377238c9802073c03efaf8c8496f3bf65b1fe05e66a029373801fd781b3632e4ac8a198fb3880e8c33f1340c18ff46a1f13010d81178c0402cccfc6c7978
1787432004.752314 sweep:D7A-like Hi Rate (166.6k GFSK) RSSI spike: -42.0
  -> 255 4e870a88ff3feecc2e2bd320277b9987a8d66289800f71e994d9f18247330629d44c16256001c672d9887c279fc0a1b45c920d0e14399949ed8431a7e5f741dac4f0e3dbe450330a05fdfe7b55ab8a0d15f97a70ea7b4cf2fc7a0a3fc833e1711bfaa8700f8f02756c30c7f51bd63710665fd7327f06936cf4e77027eafef2ddd6e3fab07d6bf5098629de55a2f43d996b9369d821ee6978406385e26f6fd81b75de525c30685764c1160abeb0f0e7af0618ff9e6163278a04ac4f2f9024dadfb19653d278c01e1f5ee9b5ff9e7fb26714052dcc3f7923d2794b7fc38e3ce47f69841f2e83631638664469464b7f6f9c3110b22070cfdfc2ec1206dc3b4a17
1787432004.752548 sweep:D7A-like Hi Rate (166.6k GFSK) RSSI spike: -44.0
  -> 255 ddef84591c54cfd80008503718d555328f6d747eda5a7aa180092f81dcc189c324a9df798ddcb4784debdf4fcc2e1e34f8573292fef051c97c101596ef627198cbd3dcb9f8d9a9e14875cd866fdff72712b271b3261f939591a77cf1300ff660635ffd4e8bc0c249c6fcb8b810b03fb282790c5c2fabb0e7d864d11f90ec84ddd9a4fc6be005f844f79f8e47cdc797dbb9f725aa8d59326131277bdf6101481683a51b9c748c4c1a2f8207af7bebb3f305075fd3745228970bf09c7ce25ba307191f20f89cc07fcd8fc51abfa0782be99c2bd9d1a60dbc431302a2b0d98bdc5ffa10e6983fc803330453af42a5f9803da79607ece1f99c912287a7d02cf143
1787432004.752755 sweep:D7A-like Hi Rate (166.6k GFSK) RSSI spike: -46.0
  -> 255 326fd866d028c33f41281803c1f73f41c170eefa31ff47f58c601d3bae08ffe38b6f0397edb720d7e857af267628e41725abb6408fc1effff4c7c01fd79f18f02c056438c51038e978518f241fecf1a699bc627d346f991d9c7e853df7389974bf199cfbbc04104db0f8ff61d3106fdf6c5f31d727cf9970e20cf1a5dc7201f85771905404a10845b2c0313e408cee8370803eb8ca402154a119bff4790c3886044be4173fbe74102f463af0f6f130b9b2b000f9fc679bb32bcdcb3f6f07cfe0fb7dddf41d91e1f8f0f42bfbd9376d99d46f9752988702780f4d6180e88e11441041c638846efcb7e80e9cc313ff2964defb052bb291a1ac657bd3bfff504a
1787432004.752964 sweep:D7A-like Hi Rate (166.6k GFSK) RSSI spike: -44.5
  -> 255 cb3e973efcfa0a407bda3791b77829f26d9cb068422faaf50b008e34d0384eb358ee7753c76c90e908f8ab7d7c7726766c27cc3ba3cff01d86a5ba5e3cbb20f0799fffbc7a6514348c78cf945b42f4c8037385e14b310708ffe859e17db1039ceac33de4a602f626f46691304c8f3fb308f0885d1b86b8bccbb87d47c477b4030643f9a109fb560ee83eb659b3f06ac338dd6530dae0dd90a6e0066555ce6d65b6aca7203ff61919fafb8af8bb942b57e94bc81cf806ab4af9a189cfddda9dffdfa074fec410b06f31f8f9bb47701685f52ce744e79bf81b4e3af1ddeff311b2c30b089b36d0c9114cde50909470e56bd71384d0ae4580833dfa2a6f4c1ff8
1787432004.753194 sweep:D7A-like Hi Rate (166.6k GFSK) RSSI spike: -42.5
  -> 255 2722da5946355f71508d0871f66ccc52ad9d0772ca42982211a55f7d1bf247f7b79c7f156ddc45031ab661455778d7c0411811034b07ef7cf680f9d7718f791f2df6df6ca1086d7ab9e9f32e702e08c7be0b317e6fe3c08fd806032a97bd87f235a3fa59a091c6f5f425398d6822108b9c99b5c3fd78e1b0b060d358dce0ff6e4730c7d4330d42ec9be6f7cb5b19fd4e296d0008f364f888fff98c79173945e00e33be0815f5cdd82e4336da4871c93a4c59af36a6e0cd611359d23b13fd5815bfe7f812b30eff2f9748f7fd4edb4657f77f83fd33b21cf1a9540e3c7d0081ab69d60e8beb9bbd3a6b8bd93bd2528a93b8423b0fff93a7941b12b58c58b2a8
1787432004.753439 sweep:D7A-like Hi Rate (166.6k GFSK) RSSI spike: -48.5
  -> 255 d23473f29041f62e82e7c8ca7f4209bf997bbfa042d0db04d6a344331bd100c1a83bb40cafefaf41fa2a65f4f293f877143a2c0dfc0070e45d9e324372f1b98558df24f76d7a41ff9c97cfdc92e9f80ece26d9c1f1114cd00a91913d1f1f827bdeec50ff3ff08d3a3c1c266292db6cbb889bc97e8865f254b38bd4643a8bb0e206f677f4fb8eca36587fe24a0cde2f48730ffd1fee15dffec94c891a0a9bc30670d4c367b0d3c8e8861612387e41ee1114bc11f305843f87bf3ff0c40fe43c4e348d17f406701e657aeff041f894f627fa4254b7f3ddce3a7dad9c3e87f4226ce6384700e9e04e5fb4f470328103719f8679944946472f3d43c85985ff2a4b
1787432004.753669 sweep:D7A-like Hi Rate (166.6k GFSK) RSSI spike: -44.0
  -> 255 3b1f961ea8182fa7d6ba9792fa6787fd5e6e736bb13ec906d269bf710cde10e75c0e58f8ceec138e724e200573309f9ac2e33f4a80ee03b0738bf95504654271ebde3f67787be77f06789eb160b2ed205c28db6e1a3e6f08cfbc47ebe8663c9ef4703d874341c91ec40fe16287633367928ae0b02fefc008724510e86b8624a6068f263f0a006e2006d3797e8f47a2ba06d74002a6c043e224ced8a88096445413b1a80932ac7f7959e0981f4277fe76fce67e268400ee11e5f121d224e0b11dc5b950cf000cc2b3f1f278dd7bb7251c444438432ef91c664b96841b18787bff3bdab60f140af84aef33cc015ed1df9a096769928e6895ee523bc4eb801c98
1787432004.753875 sweep:D7A-like Hi Rate (166.6k GFSK) RSSI spike: -42.5
  -> 255 3bb7cd6a34861c2487f3e34770de5a8ec392d900693359f4f81be28ec14ea32b99a7bff661ba12b434416086b49b697ededd85013fc9d093e7d7021dabc66e0552c9db7b2c6d24737276039a77463dd85cfd68b9e10c893ea53129134f78991f00eeefa1844992de4cd0734fffc4bdf5e307cff78e25bce3711907e622e0107eb1041515262f27e05ceb783ed4e05220cd68185e048f8084495ec08b4dec9771131460bd31f394995e19c6e91d119fcbac537de5f98e131317f316fd2361f20a22fc033a216d98062a0dbc3aecb443b731b5d30130d8901dbc9a6a6678231db6285c70f714ca10918f7bd3057e588ad35987741237ec276c41c386ddc7cf6b
1787432004.754102 sweep:D7A-like Hi Rate (166.6k GFSK) RSSI spike: -42.5
  -> 255 09546d10d07cdf7a6016ccce8b9fa1feafdce0d18cfe7902820cd4160b611d811b609761363bb0d7f815ab1080799e06fe6c13ffe5a7b8a9d34b33ef781105a097e1dcd3bfdc1d553cfeadef096b1d45792bdc73f1fadeb39b8e82dbe0e6b3f66b0c645d0744374a45bae608fd34d860bade2c6df1d8ca6f9a0fbc546e60e245b2cb9cb32ffd860e0866d9e1b81c261d776ffd4ebf3037059c30ce98c87adecd4438ec807f28b78570169e9e993f9cf4361c3f9f9c81f87053f5775d651152417a2c8bac82ddd8f8b02a053a1408e391ee625e57592007d670252d1d8a0001b768079c18d1711274abaf1ce0f3b86f029b5f22e343a04d4f9fc1c01e9adf84
1787432004.7543218 sweep:D7A-like Hi Rate (166.6k GFSK) RSSI spike: -46.5
  -> 255 e514b0c27bbb4fd9cf06ee0022c212920ca737df1df7a793114588dc32cb191db930036ff91f0ae41d1f2a0198ee40f2039cd2350e4c4d7c107b72cf0f22f7606e2d155dc0e2bfcdcabe8bc8275ef6b6507e762ce6d7d9c15723c582cf80e7d6aa0146c2b0dee6055d6f33f6bbbd3f5377ffd647fa811203a3fff8373cf0313b75788cd86d9c1ee181aedec0499593c65ce834701e22ff08f1f5367c9d1fec85cbd48f071605cf59a340f48fd38199cf977f63d861702e194ccbffb3af46c6632eac0d2fca71f1e75f7d054742d238af8688e3c39490ade30ffb1a6940213fab362068bc0e57bfa7c03d2605a77cc019432a7e0ee07ece2de56b09892b8340
1787432004.75454 sweep:D7A-like Hi Rate (166.6k GFSK) RSSI spike: -47.0
  -> 255 ea3ff1b7d1b37293c5c4840b8fc708197765c2d1ad9b9f137f1299a8f132d6bf93b8cf2c80d1b3c9f43bbfb70646659209aefa87af02fde94002ef5b97044e0c4471e86cc843c29dc9452ef034772f8db1a5ed9b7daf34cedbbcb426043ed0c84e22231f9752279d08041e0f8723df881038a4cb04876e762fd90ced7b00c7ff213343f019309c95d6f8751e59e2080bfecf784039b5c10c56ef21d83c0d9affa12f408917a8289d1198064804f27c6ae0ae3db099f901dfc6669cefd307b30f621c80634bf39ac0398be127ff03289440ef737f83ea39761f213b49d07e2b6ae6350f01b1e5f851cddce8376fdc78233f3c04f1a6fd041b1c02870baca418
1787432004.754755 sweep:D7A-like Hi Rate (166.6k GFSK) RSSI spike: -54.5
  -> 255 aa3c9f37b9c073c708fccfb8ef2f17c0573d93dac5f493c166f399ea7b5a3b1ce66ebebbf16fc6659738c92177110eac2d023eff6d12059910ff87d10fbb9a7fe14031ffccc4771fc4ec401c0c4a63780c868326959f6c9d24ff376328e6678133a6ccac982462b04d2bc9f81a11fec1affc9a0d9994620d40e4f1fc380211fdc23707ea77e70319a186053a9a2e7d97ffe3bdf73e6992723b877ff65edbb8413acfabf8cec47bef1e68408d4b70ed91f7f50cac797873cc277658c92d1f3e7226e06570566afe2687eb99318dfdc3ff4d504f07d0de50f47acef73645f75467e9fbee0d1718dae970aa0c63c89e3e25b955de7fa66c01ccfdb199086e6046
  ...heartbeat: 120000 iters, 29.9s elapsed, 303 hits so far
  ...heartbeat: 140000 iters, 34.8s elapsed, 303 hits so far
  ...heartbeat: 160000 iters, 39.8s elapsed, 303 hits so far
  ...heartbeat: 180000 iters, 44.9s elapsed, 303 hits so far
Done. 303 captures out of 180645 iterations in 45.0s.
(this config's captures are in the combined stdout log; see analyze_sweep.py for per-config breakdown)
Configured: Generic OOK 4.8k
>>> Capturing 'Generic OOK 4.8k' for 45s -- toggle the vent now <<<
1787432020.351601 sweep:Generic OOK 4.8k RSSI spike: -78.0
  -> 255 8123ac451e8958775b547ab3cc78dff589fa7141c68fdbdc719507b0f5ac5dfe03cb7cb8c5cba3acd876c011338933c4e1e37877139f90e0050a62fd1c03da063a5e44c39bafc5e740772f0460000aed70f6c451663c62e6a167fef87480627f1940f6fb88d5a892424c57904948c86fa388aa9c2cf8b9ac7a01c2571f1a023e73ea9ee4815c2ae06a21bf7f78cbf36f344339edfce20d63e0aafc426708f33f8005f17d75a49b02ddc93a7eb6de00d131886636d9fd32782f1592bbcfef41c38dd9e212e4609c327201625fd4fa58e880f19148e5ea7ad548644a97808692b5c7c58ddaa532d43429f17fd3ac33b1ecef8c4c91491cdcfa5db1beb6089c9e
  ...heartbeat: 20000 iters, 4.3s elapsed, 1 hits so far
  ...heartbeat: 40000 iters, 8.6s elapsed, 1 hits so far
1787432030.313536 sweep:Generic OOK 4.8k RSSI spike: -42.0
  -> 255 20c6bf61408094b00b863fd7f2041fbc3af15dc700e1e0c48407db7ccca60bf90551af46c47fedcb37f736de9bc86d75075f51e08fc7b39f4df76c17886883abcb9743f33ae166149ec1d3a090252be03efabe215707ea35a193f6dfa817e7c0f6a7ff3bee2071ee1683e9b3e0788ea3c72786797ce29c1eefe4bfe75653b76115f8f05fc8623104c8c3d392f50246e5e76dba9d51bd99e51ac1a6ef811faa422a7b508a0571635c0224ef59ff359fcf7fc049364359a74f7cff0c101e83f856b8355f5f8e134787773cab36fc8c1ef65f380b6e7c70618bb1e8ca62ca3e9f33c616c6a13cb2d4e6434c19638863eb8e03cc673ef0712189ce155a0a4d17c4
1787432030.313806 sweep:Generic OOK 4.8k RSSI spike: -30.0
  -> 255 2baed62914ba1f2470eba4dd64c09e0f38f7fe68adcb35660f7f91d75fa2db840532d79400e5c93c3c7d46b788235cde8650ec030a07e00e6379df9e639ac6458cdbb6cf204f3bb3bc7104c481feb2314647f3182c688f9b053cf7f44feccfd519ba9fb1fa998ee65f5180020225ac8ef2651637db7ef276a1edd7bbc18c1f60d9238d8722fe14ac1b763ddf4f10793d942e4919f29378aae37d976a636b2f8bd9fde639a4bbd7b426bbac2f8cfcd9928f015383fc7e6dfed8606075e444b4178ffe17077871fbf5ae0ac36177436c161dcb0e8c4c22fe09d7a525c1aecbd7d1873aa6f1a0d96456e9f34f217078eec957867521a7a9f8f49c54e0f1bd83fd
1787432030.314056 sweep:Generic OOK 4.8k RSSI spike: -30.0
  -> 255 8fa183a33ccb7ba826fe7376c687ed1c3f8560960401daece7fe9c1e4f279b7c745de43c5ae3efcf3e00fce82146bf9c20203c1241f7dcdc3100167e40042ac13fb5001796046ad540c2120d422f9953648a7dfe8c3f7f87e80f770e73408d64a25e10fae78c9d2bc3bc6214004e0f1c0826c7aee5b6990cd9a378a784bedd7fbd6e62cca5ee8fff008fb6f801ec321ff9e2c03c0bbdfae7a726d05ef626f7790c1e641b0c7df1f88d13fb8f27963a7dc6ff742a42f0809b22ecbcf189a4399e677678ffeb8f802ceb89f7f3c1b12673bf2410031bcd7067b6511a0c14292233717047d67dcef8c4e1adc8d1c9f392d98a25792058f81f3d8724fee0101c4a
1787432030.3142881 sweep:Generic OOK 4.8k RSSI spike: -30.0
  -> 255 fce8c0dc7b9a029fb84006f62859c3c8c450f38649bf8105badd72862de4e1ffd7e16ab0df45101cc386c60596ea18c01af1327a779d71aaacbe0310515e6df3c96e07052e9f7fccf0dde43ccba183ea79f3ffe65009e85ecde0f8cc7b3b777e3f324653dc3e0a5fa8004583c7d1f68c860721b25b1770397a28f864504e16878d7be65a7ac80bb90e1a823a08fbede76c2101c1b744e26fa727a3012165b23ffb49bc41bce94338eda186c406638ee417c02b5ae7e6742cd61a3bdfe932aecdd1bef8d6e3ef07cf740fee3851fb32905aa160c81cae62a543bfceea1c43007156c5a61911384722f42579e69a197c68b82628fe9430f2a90f6fb07a53e0b8
1787432030.314527 sweep:Generic OOK 4.8k RSSI spike: -30.0
  -> 255 6ea16f3e6be75668dbe5be4ff2db07716b587d10536050b6fcf904cf1de839d7f47c3bba283eec40ff08467f37b4575fdc7a0bc5360bdbd4d361be56cbdd7fd66ce7ed7edfc835fede21edc3cac5be0522fcc49a366288faa3c9634360865a1a3da146be3bc7fff185e61187779e0f9ea188eee24a384c3405d783c7b2e9388390258e6fed0ee513a50f20b81fd8fbe035f8c9933ef8d2c4158c4142f09ba10130f08ff7e43127df4a545d00063c54e339e7dba0843cd8a4ca4fc5e4001af70aef960b6cbf8d7496c55af3022cec11059d7443a01acfc5869b0817987c20757e8c60c71cd15063988ccfcff14f180e58d20cf3f0040194921421dd0e830a24
1787432030.3147461 sweep:Generic OOK 4.8k RSSI spike: -30.5
  -> 255 d30c15ff9813f8becfecfa646f1df777c86682a6fb13d017b962e4b339cf6f2aa73e13046c476cbab54bbf672f7539239cb84ef948618187dc76406cc2c2dd7c3dada3a58d7bde4f1e00f562e498b330fdf901fec16c8fca4088603e837f341dc27df39fc7388d62080dfb28894ff1c61e5ee04961c29cce4ae52486fddb10a57862fc116ff4c320c0e5635eb07a25f0c680f127af759363e773b9ccf1f2d58ff47c2f12e2f672ce045da8c036b1dd125ed77cfffd0e15fce82e7261ec9184dac7e38667c2d019b09ff9ae71962464c78fca0be21a08e213dc06bc0022439e4a3dea06b42430e36f386045320630b53530eed54041b64de24b031480a96211
1787432030.3149729 sweep:Generic OOK 4.8k RSSI spike: -30.5
  -> 255 b1e0499ca3a524ae6be8a378627eaefca9c8bc8400af531f6d5c7d3a659620f2e642a1712010fcb601a793fe3653f19e1c7ef841fdc1201df8661993f08f4c971cc6a9c3f8e2e817643ffd29e98e6939ceff15cc201d88bf99e67fb02f5f0f02004b788d79615b044706eecec47013bada08f3d10ce9864560961cb39f1842002c7a30ee2262ecb5cc38c0ebc5a6badf15b4741b03f377c940b98fc023e7fc97aeb163f439eee6b69ed4161c411b1bfe68400796c93d485467033c22cb72fb7026f87e1a2c5787cad2b76c5b9b4e8f8cedf0f8667750408735fbc6c3d5944d5786015e16e817d01b28514beee5c21f98daec9b97f458d574966269e5bf100e
1787432030.315208 sweep:Generic OOK 4.8k RSSI spike: -30.5
  -> 255 b471bee41cbff5c4fe281f382fe91b044581ee5dcf80da3f77bc81af896732fa7621d8551ff83d3237e681bce48bdb0fc1269213bfdd808222c158dc87def6b29e105b89b86d8fcf801fccee479048b9bf9c179fc3fea4d125807c04f5f620b3f90c26f478264945212c1e05403edf8b5672055ef6df1081afffabf80c2f98217d81dfc0594a5e46f2fd39fe1ab4c71147cd56bd007ada3a8cfe34dc48487bf63da673a5cd2a639098460576476f82496e02da85c1ef3203f8c6cd28028fa4cf652c78077a7983e54fd5fb73c08bfefe1a6556bae02bd3b9636520aed7e8484a9cfaf7020caee33ae20e30427a01c05f068dc5cfb3bcd50473622b23f19f51
1787432030.315441 sweep:Generic OOK 4.8k RSSI spike: -31.0
  -> 255 4ebfc390e49951eb320759f413a1d640ff2089e6bd59eb7424f401049e836b79bfafb8e5a035f991c0880e9d2e39ba9ee42d3c2f024e4c101e87deaf89c30f5b4b3ffe4a11bbb2b0be4c743cf8db0cc0f6890bbfe3f8c5f12bd6b709e6c01087af16594f1da9ffedcbe75ccd2a7dc8be0f387714004d884007d13e393a9081ebeb9cc54311198d23715ac6c76ab1be430ba049716e8163f057b9a03c0e3923d1e998bdfe7106bf533363240f049ad37d8feb042d36cac71e0627de1f38da0f3c7279b7d36b83fe64f355e1ccc427ab53728029de5970a1058330a5de7231ca063a0d9ba71fe4a1f6c2a78c6f1f21d4c43e550c80341e41e86260bf539c70c7
1787432030.315665 sweep:Generic OOK 4.8k RSSI spike: -31.0
  -> 255 9b9eebc761f4f664103508690ef7dffdbde65e1b4732424d5416f2659d3e41d95f816307881124d10fb9dcf3af5ff9df60e05bf4fddce113bdd0dc3f94419fdd0e4614f8d9282084da0820e65be644bc50f9b912adbc3c3d3a5d826f3da1d18c003927f102686709ffbc11e6e4087ce3031bfe59bcffc6803c7ef6435e30481fa6b3a7d4442502017c1e073adc01e60bce58fcf82e7fdd918fd26f27f1927e62fdbe7015e7e61f3fe92074fedca35f5dd8a38edeb8b10261f570751eb20c85bcba8e2032efa39fb9073afc0c38593947cee82a76fcf009df95e1bda1eb080eaec2d7635a954be0dbc4060f593c10719ae2ef5980df11c419d42b8616203006
1787432030.315885 sweep:Generic OOK 4.8k RSSI spike: -31.0
  -> 255 b5f990f9711ed39514f7f3864a102f117a1f53a20e2077726bdc59ea0c119c15604f9613e8fc21dd273e7b118743611fb313ee8c79b289bfc0b65c20bb02fc00a00486e80d4b79b5f2e7afd5c6ee2239dc541db8abff8d21562ebe5a7f7fbba4667edff8cc3fffbb9df3a4b3035bf9d7f6be7f49d2d83b151f58c8a0ed41be5b18e400a7db1fe8f67df318c773b81c0877e6e0ec7797aea346d1c353697ba9266b3808d861bfb029078bfccb0ec0195ce6ea01bc7ba809b09fcb72fc5693a671c68c559fdc663be822b6d9939e39cff9ee9f8cd9cbf5b95c9eae0cf04fbc02e7d9033be49da37bf89d7babda1d31bbaf882cf5418b7116fe14dd391339eba9
1787432030.316181 sweep:Generic OOK 4.8k RSSI spike: -31.0
  -> 255 a3cd3806660db88bf87d184b0e20517a4e21e853f3da980c3941074d458dba1bbf01ba77480cf8c3302f1d4c7247ef0fb6fe4fd31a9959c0d8f6a4070606cbed368e5d603c90edfc82a1bcbd5031a2e70399205ef898369047d904e525518e498707f7d28137f1a907dd9883c04165031bd762676a81f7c1dcd87515e5f37c0b870c3788b34197edf18893a6cccb21578e3cd077cce44081a605e83a0f04471309b9633f191443f7fd98e43ff7b47bcf17810016299822038a063147d7fcc171f1dc9da637fee3bb00a7f9fb7ef4f0af66d3836d2fb082fc65d02ea17f2ffa74c3f8e63095f60064edf32b140ad77c0ebff9dc47166d4a25ce086600c9258f
1787432030.316396 sweep:Generic OOK 4.8k RSSI spike: -31.5
  -> 255 c663d36419da633071027d42c6bc13239abd71d673b18effbf07fa60bf00047f8dfee43b553f967f2d3fd620ea51dc482a37fc10488a61f2982f74519f0aa0f70930bd320c4f25e99c3004772a7b81e7034f2d7c10636162fbb2ffa1df83978379469bc04ff4226b58ec81409ff43101d6c3042081a5717ff8e6b18c7fd3df4ea643920f2af0a3af5553bc16cdbddf82f9ee3b333bff208ae0c3c8e4831586338557d0f5fe9c80816318439f3db8bacc1aa167c3e17fce3677f4b5bcd49bc67f61c5a8ce6440d404536f3ed26f86f009b3e44b802e43c1e5c13f90e799cfa9e6f3e39b81175f1c47191f1c02e3bd49cd2fcfd977e427bc7b9de9152dc82f3c
1787432030.316609 sweep:Generic OOK 4.8k RSSI spike: -31.5
  -> 255 fc1d7f232330c2c1d98c9fb3bfbde49d02a7f1359f97bee818c61e6bcecd08ca9499e23f6b3d3b4d1bcfb71162b4c2c46f9ed42b0ae106be0bc788d737fbec90cfbd8d01cffcc0d9cf886493cb64be25ec0813e5d67f5639fe8f6bb058e4de118e3fce083c4c9e43d09071154c433ba7c2ea3386fa41ee0bc76ded0c625f303ff876cdff7a248b7dfc5dafdf52273193520f211d83f0ba0062432b9fde3fde69851c0380a31f16b90c0993cddd13553bde7f9125db2dfdcd39dddf918258ebc3778255269a9890bd0743e0e79f23a78ffe7e9958f0534aab02c8b8865ffbff27523193c0e12cd51947a38f03e27f77ebbc360e10920042c288063d58815eef
1787432030.316819 sweep:Generic OOK 4.8k RSSI spike: -31.0
  -> 255 207ebb28bb4bf83b14830f4b5978117f4de0f7df93e9f98f8b9f7fd74b8b6db71f7f3b5e9a0bbf8ba486742cd297bda71b3ce9dc37f086573a397e4ebde5171c6cc70c5910b22eb82db38c15d6080e1b67188b3f7a6740e1b8681c067214f9ceecde32079f2d83ebcbb643ca2417e536ed11de71c73082a9306501de4b6426360e5b9e09e7322f61a77527eb7905909d8861f40143005f81c0721f9d28d019e2cb3f0002dce3a80b1591430c55e1c001201a261de426e0ef3c2240298ddd98ed7b61071ceef053e01b1e93913c13d043c67849d4904f94f006f94d934a64fc384849a3b4059eecee132f06c01cbe4cc41b803933d3d5ff4951881ee5799358
1787432030.317049 sweep:Generic OOK 4.8k RSSI spike: -31.0
  -> 255 eb5dc066b528a14cd828a861fc194811b294c00a067300072040e40000900d6d2ca6fe0e7b202ad00746171bda7f242b2ff7f128310aa610dc66ed726df2bae48a02446e1fbc1a9e459c3a633f5e94beb433c3f465049968b02880e0c0e63601e06b307748c5a789ee1ea38f31471ff0788aa1f274e35675d83bd97fcc82e39f9fd88c9e771813b83e2dcdfcde1092bafc026207e7ca30f1e04af20089cdd1b494a1618aa7f0eff6a059c54743c07ec1442cf0ed616e5ffec2d45febec90f039ac625cca9b1b909408207b923f90f57e20db8fb1b20ed908bc02229fa1f813e675f3f54b8bc73c91ffd2807e7e7b8ceed4f6e515b9251f53e6c84b6581c1b1
1787432030.317267 sweep:Generic OOK 4.8k RSSI spike: -31.0
  -> 255 c8df8c7a7190ea3e583051385c97610ee37984b82b9cf740e475f9fd52278eeb287ca6be9bcc4f5ec222439f1553e3469894951ffcd975345278e7e671fe30ad4528c1c86e88461e106be427f1fc9de8bac83fccbfd83b189b46e779f18ff7307310d64fc31c68fde3b1f0e84fffd3aff1033af5e3b1f02ddaefc6647b4179677ba17053815d07bd9dfff6339e3b88c5a187115a6caa204aec936d99d4122f06982a0350363b7e3228e286c93045bdd9d064afe798cdac18137dcf62ed11b44d0b3b7c1f713cbd06310472cde9c76f24fc5d9fcc671c3e12e3d86d19226f7081c63a42b37b54e0626b24854803e5814c670ff3ef2f1c72673ee66ad7f1b388
1787432030.317469 sweep:Generic OOK 4.8k RSSI spike: -31.0
  -> 255 83e32f7f83f8e9e6a2575e3b1bdff82580fffa1d6a88e8fe79dee8ebd1d62933876294055f41f299bffc73043b97b07760616c21f11296dee1b5adc3af98218cf3053344824fb4a9ccb8e38ce3904d36924d36fdf0f730e1ffde3bf278bd019f3ba88d47bf19732632b0ff87c7f0580e85f83f226d681314fec9501dd7af515bfbe10a73073f4f451c9fa1f14b2ef0619e38e6c2919c855a118c3c02fdfb4fb74b80c4a6e37dc8a78b2dc8bd87ee0f10b85d87ddd11a378907ca1162198fb1f364c9ee9398108de32782033127fe655066db338e66f74220a8e61d880b7febf19febdec0f617fd8562a99d86dcf735fe5a3c3e207ffed6a2bd04048f35c2ca
1787432030.317675 sweep:Generic OOK 4.8k RSSI spike: -31.5
  -> 255 ada0a20b07902706f7f9c6c6ddcdefe41d9b8bcfa558092ce367129d199cceb95e021c08451fe1c20ea4cf6c75f4d2b046f0d687e942a66e9d09a74b8da7bba2072ddf43f97683fa7af4f019e57739371a2eeae97f752cbbcd909e30481130aaf2ff99ced237c2dddec72c5ff59e0c3ad86c0ffd4b0e38f8ffefed07f9864a4f3ec557f678202f33da0c02645aa8644fed13eff796d1201131ec450d9f162727b9b707573abd52dfd5c436e1095c9d180f399afbb4796e369e18fa330eda002780bde9f6f66e980070edaf3bc6145b036b817329fc6504d3715f9b4814df1bb207ccc51d79023c6736135dfda018cb5e07db4cc633c3ff0132cc3d958379d2
1787432030.317879 sweep:Generic OOK 4.8k RSSI spike: -31.5
  -> 255 f6e64ba206f16c8cdac67dc0f35ef37503c07f1a35306131028f8f808afbfda111ffd0ff715498eeff6279eb7041433c8972ecfbd2ee0085e92b672d3b9b09cc8fcfc74baf2b9c41253358d8600199a407146cf9af7df6dce60b035d500b649f6ef1d945df3d8f384345c8019e64172e0fc240b377704904a7947e71f00f582b9cb15bc41810f931a10dfaf8db02e0e130fdf4783dcdd3c6a0807e1d8596ffd8136f8fe96b67d49126ec3ce2698a55204c14ce9e0ec0e23ffc416465602adf03d9c46dc856200f0856e569dff8cc16481aafbb32321e603c060de234bb3f4a1b437b7e297cf6c1f8792b1c4c5b1811bf0734bfdfcff49dc0e24e398c91e111
1787432030.318093 sweep:Generic OOK 4.8k RSSI spike: -31.5
  -> 255 de587f0354ddffe5e69ec43979cc740f5a0b75eec70e5fc1dcc7e43454116f23c4c5986e9f9b5fcba00187f3cebb9f9c6f70020b03df198c0a5980f7b5688ab7e4737e9ad74fba14a8542a2c8f4bdfe436cae628785a04b81f73fab45a91f8d210c2826731f0fabeef1e20a80723dd2c0bb4f178ebe014e320e10df0b12bf21d0e1d6c5cb8526fff82446feffa7ea6dacdc7d605d9f0e24ee1bf89b9f3ffb6c254f82cf76fc5e05ffdc8200e346fb2b173b740011ffbde73419fc880dabaccabf8767e1c341f7002021fbd3a7e3033fc3347cbe60e1e007fffd130ab2efc06e7bbdfe147b898a30c023e452c04b00de3ee09c1f7ec8bc0fa5a5c850e600e7c
1787432030.318327 sweep:Generic OOK 4.8k RSSI spike: -31.5
  -> 255 ddd0bb64378e7e9fd73d5714998083a51ef2665bfdc328218ec1993ecf8344bc0d062880e065e79c1f50dcf965af800227845e878c6be1f78d361a0267bfec7a084c473a86e16b77fe2369b3fc71ccea0b8f90b7ad3b3270257451f7009179ace47bb3a042fa827e0e6232a72073fc38faa7e67b87e21b3f3e791601ec09804ef0914443d73a56a6109e7868a3f39020682a7808fc2622cd0c0bb922a13c82004e213d3901f802dcf38ccad6d9fa191382b9f579e77aa2cd57fa80adfaf88f49048711f0bbe298e5bf38446ddc3e062fe39cfde11b787984fedaf561663f080cef445f947fada6e7f247206dfbb32d8f80279ba8e1644934af5687dd7b49bc
1787432030.318573 sweep:Generic OOK 4.8k RSSI spike: -32.0
  -> 255 384407f90dd6f1ee07d2d81dcd6285d06c3f977f7c6e77c5a18f08a4c799e069aabc83d8dc0eb99cf0540459f695a7f60fe3f32e2fdb80b9293fcc0627b0e98f44fde8306ffa973d1934709abb8745b121316fe90fbd7b8fad9967dc978fbfd9f71e723803be0efd8813d3efc60e9f9c81bc7fc37ff838822fe99fc37f1482cfdd340c8df57df7299fbeb61d2e1ec6bb21c884adb1326eee017803f8c589cb09e3b770012c14dff80a9d481c38a27251cefa68400fd83c05e5c0d29b5fff8b36a47d3d7853ff213e78a8d0c81712404cfe366861e9ff7364c57713eba420031b7a02a5ffefe2386c02e436e049e4bdc67345c64938bc09b3231900cf75a3a7
1787432030.318794 sweep:Generic OOK 4.8k RSSI spike: -32.0
  -> 255 02e01c6c38031bc1e30bf47866518131ff9ce43b20e4409933f61d1480fe3bafccf035600effb5ef0a68075c2d22c5ed7eaac7a734f93ff08ff043621afcc1ed4d8e2090da0cc8f91039009d7f1488171f7fc79bd6b01fd92e047419c206eada4131856def489da6286614626608982b3f1f00c4642f4ec01b0f105681153710d0501eb00f2ddee3d205b8fe20f1ff31cf05ceb18408ba2383ccc34bb8721aff21d7fd7be97aa03f500f6970f180cc3cb1d4fb9897d07b47450191af0cc40bfc761e53f3c2d7efbaf7856733ec60f6df5168c8b0b8e94dffb78937fd7cd8344c7bbf0c1d08f6faf6a2b907cf92ef17dd4d21c0200051ce896bd1e4487c2d22
1787432030.319049 sweep:Generic OOK 4.8k RSSI spike: -32.0
  -> 255 d00b8c18dc77c36a55e8fab3af0473494c649fd2e674bdfa39bdbe8adf9e76f1b7db0edfcb230c0b5f45213058e4b1f2f530f93db9ce33ef7c7fe7e9773e2e67f5b300837902d3adca890346ec0bc001ff1b707c7ce6f9a4df93e75c2f8c61d443e71052385c77e8ec0185c40c1907ac106061170799a07ff27d44087160170338ec34a6e19c4ac122371d1904daf55465a69aaf048986820d930be407e83f4fc30b3dedfd84460bb7a5001a0af1f38dffa07cf83ff94081fb49ee533684fb77b48afb0f3c8cf7ad31c9814fc2fc034e97bb84438dfa30f0f2f045b95ef5cb9f58441d9edb131332fabd2ffe330629dc4d1240ff3ba6c3e2610e7cc0fc6af8
1787432030.319255 sweep:Generic OOK 4.8k RSSI spike: -32.5
  -> 255 98750095ac828c149ad0ab9bf84e58a7c5f415d6eb1ebc3e117b90357fb799bc9dd2f9bd049f757c45eb162ae33522709dcbe7059ba4ef756c1e48cf873a0c23e7fffbc1466d0b751031f0350267184c2f1283577cfc48ba9c23246610f539c82f442a22f23998ab58c4e1665874ce9137d7f3e637265e9c005f6db7c3a6fa00deecefd202492310fa07411899c712d1f067f6479eb6f81ee79fbb99a78c30cedf0908252ecccf06007fc12e9939de99faea6fca25c3f0969502649d789bcd8e8c0143564c5fbfbf9338a4f048261f20401c1c414cbf8207aec214e1580a1f68467fc8e6eaca2c4f4123fbb90b0dc9db4df753124e041f3b140c8487f4a7fb
1787432030.319472 sweep:Generic OOK 4.8k RSSI spike: -32.5
  -> 255 0a2a1301e7941b2ad20348cd301865723a27f92aa22fad7e78e46fc4767908532330784da62fc62df17fc01d39e8cf84c37030c7fbf91038adbc99a2c1cc765eb9bee3f989c7b2c0716a35ed4f65ed5eb2671b124f03d03e523c6fba386676ecff25483daffe681395bf1078ef2bf3cd8c155c69676dc8bef56da9fa2fee30689ad8f51eb53defa6a7657a400fa1e7578c350473a8b5931dff35dc800b3e41986d07bcc54a33df8c0b8ee0e21d774b06204f1e6e8335c8d87a32de40b1236992d9ffdae11fad170b921f84986930bd38aedcabb110a1c5bed51c7fd89cfdff2c8eb9777bce128801627999904485f400ff0ed4112063126819ccf6e0d90b52
1787432030.31968 sweep:Generic OOK 4.8k RSSI spike: -32.5
  -> 255 ef8fa74921f862501874bc3f4892fe1a2f2409f70ffdbac3cef9b4cc879bc2d30638197c87ac810ab86ffc795e7cce021c59f43be1382a0608f3987c968ff67bae7a0b3b3ac86e3e640c1ecdd88f660399006383efea009a3735cdc17e9ce0cbb95fdd9bfdbf701a4cc7809077fe0fc5fe47dc39f82161c793f1d966ffc73f5c1e3bb314ef5b3d0108c8c3f81b63086170be4638df7983cf4e21e1f010e6f2280f811faff01d69bf383303ddd4c876dfd729fcf8a0b0cfc8427e5c99667dd974d13809753f3ef1cc526f2ee62c6961abefe38bc26c70e1edfd2862123dd7ec16679f6a0fe8cc1cda29cb5ff53e7703c7f8ebc52e87e40743b5bd733b2b81cf
1787432030.319885 sweep:Generic OOK 4.8k RSSI spike: -32.0
  -> 255 a4f3701a4e9802730ca9cfd261876dc7c97ffbf1703fd45058bfe3158c474b1f8cfa82ec274fea7d97f4ed2544e77e68441d038f2581e381f06f0ac1f7d2e3f03cdaecffdf2c8fdee44f4b7843394e051bf5d3942c94358fe2983e0f7b2ce518a361d1e78fecb6e9ad9b607e083c6eab9251fc4c7712ecd1f84330c1ea80b03be60062c673f80641817898dec87c47fbe870fe47719bbbc000bf37f37c027d3339a62f9241c2ff126b1fed685bfb26bd31c139c6717a1c1d45de0e82237e158e82ed683259f4991af1a37be6c1d058122f6c790919021e2961ed91f53b00400b1f571afdf263c84466450ec0bbb914343bd32217e1062c8f41f853d1783863
1787432030.3201642 sweep:Generic OOK 4.8k RSSI spike: -32.0
  -> 255 b0c5d40c1ce1d1f474ef2f2b3c7407e27c357e79960436f76e673f7698071c675c405d17fee67e70e9b0f83448c0862d77d00df3f2cb7efbe0753a9f8ce072ec3f905d67b73cf8c0ee473b82f09b58d1fdc2eee38783bafa388fa65910660c985ce581f26e6b278a027e8f121805f74c3dea8b282e0e706cdf78effcda6e0d7b6ffc80367f157da51a40889bbe33535b183192163b30facf0872f3bc78335f7f29c0fef09e87e8044c33187cb34c44151c0b8d3f3e72b1f1e1c6883e83f1d8cebae0bb2c996661c6fef931ffcb5e03ce0de4282f1907f984106d5b91eb71a3df2f2cbe1f11f047248fdde849f0ef6a808fb7818c009cc187b0a18764b0e805
1787432030.3203719 sweep:Generic OOK 4.8k RSSI spike: -32.0
  -> 255 5f72e4e48bf49afb1dbddfb726231845dc9682bfb43bb73bff112c87d3c2d3828ffb3faac7ea2a865993aa15f8831b0a69b3433d911942431a6bd7173d7679fa881e59a16db76b77227fc36ccfa7ff3bfd49cb3aff54dc837de23a49f827b79abe4e887c0348671fef8511ca7e8c6866ee67a3e1df0b46bc5779d9b83ddf8ce7d14fb7862f6f59a1af45d5ff085a617778569196b2235e5c49fd58ee60e3dbff656bb9a6936801441bf5fb4179adc1eaa0806930287e30c030fae666d00c74fe3da48ec6121384333fcf780ef71917d3b1fefcf7339f311c72744179ce2912d33f3108fa687bd4815f8468e3ec446dc4899cdb1c8e753c87ae1d0254446b4f
1787432030.3205812 sweep:Generic OOK 4.8k RSSI spike: -32.0
  -> 255 4f096c2ec0c408419b06032dfece01d4b66eb3c738eb81726606f987e7dab5fe1e489f5042398118220e4524fd40a666846070dff6fde9f63db029bfcd062f793f9a2f1ba451f5efa53d660dc13f86477fac72e120dc3989a320f6389ac253f7d40c214c0b83e31cd07f8771f9c767702b8499d666f3e0190fdcfb9bb70af5d6300e78c5e330580bdb09c0f0398f9ec88029c37e473830560e7809fe6ec45f048bfe1fe3c0c6dcb262c0197578084d2730dc66ad6f4952c3d3c3d9e65f8d6717bfbe1a1e35ce598a9290a942edb0de079c97d474fef256f4a58ddff7220f77b343e6757f21ddac40a7e80407b80fc0e9f7ee7054b2aa5dae0a15e20767044a
1787432030.320804 sweep:Generic OOK 4.8k RSSI spike: -32.5
  -> 255 69d167f1c38c0beb24a17448623deb8813f076208a8f0fc131f809de81f9c3fe819ef4b21c8742ff613d1ae3426d70430002595affc2b1aff48d03fd00422160113afc9cce6c64f963ea69683c5e43c6433488da628c3ecf83b2dbd9b2f90dce10731f5efdf2f9749ee68658560717f476195ede64cfc4abe804d00c4cf952ea4fc61a1a0dbd4981fffc137fcc1c029cf488381c59d201fe9fd17b19e33c31f12c00003e0f3ba487977e832ffcc2dfe6f007384f26b2062a0b3035e17f524603772d6f3800ff2dd863b4cbd718616302d186b5d0d19fe23e22117cf1323b2738f057c032368a7bcadafc78cfad05dc4f24e7e049f92c18def7bc33d5fe7644
1787432030.3210628 sweep:Generic OOK 4.8k RSSI spike: -32.5
  -> 255 05f9ed664937f33c947e17e9a3a881e06a0920d43eb72ff5ec8659b81832c83bfec6cc67e7d0f9c053efd898329719e91fbe23fc838e0897cdbfe3c810dfe7cf51f1819ffbded07febcc764dd08cbfef91e1708792e60b6f1ba82834056387dd5972259ef1d6e092fe1657858fbfc3fedcfefb1d44ea7cc68da35e407e787570eea0f9ef15f57e15677d900d1f55a4b95041a0b98e2127b4887072e856fc91d9e01e129f121ac9afe88baf2d0deb206333e307970e5f919f5ae67020c34dc360a77bb469e0749c35114fbcb902cb63e68f8040afe53cf0088409fc0e197f704f91f5946aa2bdac13575fde29893fb861408cf72048ae8aee19a3a8e060a266
1787432030.321273 sweep:Generic OOK 4.8k RSSI spike: -32.5
  -> 255 d32efda1dd20f275452c9931b411a3c03454c7f87d4ee4b076d2c736e4586b0cb03a47c99cf5f089b9bfc11be018d0702af0321cf46e5ec59dff1a9f75383df5b2fbae6de07245240162c9002dfe6108e2c03c21fa9fcf71c9b263c33c4aba38e0cb9d80072611d96ae5cb5c63fbf3f23f000850bc32314a4893711f83131495f156b1668190c459f92c6cd34039196d22f291c23f831043b8308a4ff44590ba7205e4260b4cc6ab263183d19e3e135989ff2f7a36afd41a1b0f084933fe83e08094cc59683ae11e6f892a4819c07c78bc3e920af84bf34ac27342285c87ca00be54c680668cd3a4ff02e4ed280241352c06b9d4253d007b1a1720d025ed30
1787432030.3214772 sweep:Generic OOK 4.8k RSSI spike: -32.5
  -> 255 ba203be525e69b19885de75669ced7f7bfac8d1c6832a31dca845a8e86aac0cd8639a360e20075f90fc6c7e5334c17d1de5cac7ae2a5c43fbfcb709e0af66287c31af40153b1823784df1f906b99e3c5f33b9ce61f04191f244da7a032cd04800e3ba00a400fcf267fecc3196cfacc24e12e7cfd7008fc9edd7b3e4dc4cf29c4ff9190bcccb7c3c5be62bf872f7fa7d7872ead8e2c8e22787bed5f30fcc8f03ee26964497dfe8ca5c1c72486cb092e5fe859b57ed67e7d9b189feeabee8c2f3565067fa4af4b8ae67e1cfef1f5bd8328e061bec30e7a158c3fee49414c8082f2fc64f4efe439ff8356f8b5b9f4ec463e15c470147a1d01c62cfb7ad2a1f38d
1787432030.32169 sweep:Generic OOK 4.8k RSSI spike: -33.0
  -> 255 40b02768effd22fd84ff57c10051ef2b3ed63877708969d06eb3a27d23cc5700ef60c93266592cbc14f956e3d16ebac501140bf6ee1d83efe9e47ded8edf2fc7103e3be28e25690480a30fe137b11e5cb44e7d7c017fb75044db33f396906ebdd1ebda3e7447d3ff1feda3722d5328870296a1e7fbbe84d989c0413311a9c16cde6e2fb570c4a7102fb3d1cfce78d67c6375be1e5822068ebb11b0341604b4376338500b61dddb71a41c31e8de80e890e9b9cce67ce3e496731f04240405be33ed2f363c2780ef0f4e04d824f232d573cf7f07c1a392c867f4e086fb133c778a6ceb2132c7633731f6fa0e3e7bfe05eddbb9f63ceeaded23d3c9fda037c346
1787432030.321912 sweep:Generic OOK 4.8k RSSI spike: -33.0
  -> 255 591f5f67836825c2310810e62fb0d4fdc4ffb2b946625873738cd9797493883ffdf3ce2403c5d24d7ae20e71fb85cfbe7ac30743f69c1cf439f919b914c096d007df4c5bc04436039dfd60c32e674fbe1f70684a1a4ba1a03d7b2613aaf41f3832338b6dee63c507c1427c7f3cd5c7d6b0f847edef7bb7fbd3d50a78080e03d60af5cbc43b33a797434e11bfff49e849d03c4e7122e62172eb762818806a2ee5f2066e50ca8497e6d983e33cbb9ee13fddb4ab39fe833e0656b38bce64c7f23f83fc0d8c39e109835641cbaa259c6b0a815318c9c233ce1f74f833f854110c7feff56a90de03b84034783a902c0e1bc89099865d49d9df9b8c328227105847
1787432030.322161 sweep:Generic OOK 4.8k RSSI spike: -33.0
  -> 255 21df30dfee70a147a00c60bd3043fece7cba43c93fa245ce6de7d2bf4d1fb0cc79cdf6dd1328b16a43e1c5b59757edf782f74563841fc035485f420620a4dde241e53cc189ce1c39f861c250e8c58de063f00fed82c244e0ac111b930f4e4fceda5bcd8bb834c3dd25d2c24c775ed9d6085d4bbe8e497a02ff3043891813e1e3f15861d19e767be93179694303c7ef2b9fb841f5830343fb18f7872885ff260717e7f6753f9efe966f6b3bb1430fa0991cf21e4698b58582c7cf05631c728f0ffcdb0080b110b18e70d86e306503999b0a4333c7b0d5e1d30fe2e0c78d583effd3de7df728561afe52ae5eebf90b6c5c138732fe0bf1e34c286be0611ff1ef
1787432030.3223848 sweep:Generic OOK 4.8k RSSI spike: -33.5
  -> 255 f18bd617c180008e1788c684d9e56385c8b4774f5a022cabe19471f7edee6257ff204d075d856ff5351c76dd30c330792e397fb2b5cb8c27c98dc1dfda4055ecf1ef2fa2d1e21affa75fd778f5e00414a3e7dc338a1d1fc6403975a49c3ff47ddcae723e744711e7572ebc427afdbffb8cc9f9fa2ef85df70078844fbc17b095aa6bc828b08b1766b33ff091ff26d79d9ca119e04348ad30fadc3921fd0dcb07e9edfbddf385e521a7b67e4d32e18729cf2d20468de7cd34721e7d0e1c7ce0efc34c0fed1ed73323fad71caf86dfbee163ec217fcafe0bc3c5141a37103d6cd168dd1e0314f6e7b3dbea9029d5d9937bf6463610d33012ec5f3abfb28c6f2f
1787432030.322597 sweep:Generic OOK 4.8k RSSI spike: -33.5
  -> 255 c36d1007f9cc93ed880bf2c7bc557753baefd4078802c11bffa7c88783f107b77a7eeabe266881115c2355bdcf6de429f0fb3389e23d3e09ec16ce7eca36cdac4d74fc15a1ab79f207fd3ddaf93ecca26c7bf0fdf039708d8f808611014401df5f81d32b826b66bc1f27faabe1f0fe5dcfbdeccb8dfec02250b605b3440c41ed0afb8e0c86c75e5b037396b4eee547fa79a3cd756e72fcb14bc75baba1d8e206a895fc3bff415c80c598793dec09f18d1b520b9a216079ba831f582aa1dec653c6ddd82dee254728448541ad2bc992d73343ba03cf7b9fc7c0f06f1c3a2e19e44354a6d2e8b67339f0e446c43c004c760a78dd021f61bfbd2e6e0ecfe40160
1787432030.322836 sweep:Generic OOK 4.8k RSSI spike: -33.5
  -> 255 9b9e29a64c6733b7ace19b67c476e53c273ebab3f00d2745bc6c6180d48be037c1184dab41c6880b31e05613d511bfbd9a01d22f8906f3e4c7cc04641eb96217b5ffe04bd3ff783852fb2ae1e102ea4c2269648261946bcfe5b498fd6f6d3c4758e211e7f08bae73974c35ea8ee9be387ad62a35b461e384235893cd2bb3df0f821b1979faea1061448717a228231be5deeab1d37be3db7c030b3ff4f57e016b57be2470b985a796342e0e0fd023619dfdd7d9bc840f524a61607a6cc03df0699fd0277e89377371e7ce707a0b04f39677a885410177ac034e6b5ad1fb2405bf43d835830c83e79d91e3e7c13128a8f8e57d993e5c81711f404fb38e26f412
1787432030.323084 sweep:Generic OOK 4.8k RSSI spike: -33.0
  -> 255 8d653b0fe461d1bb6958cd30023d32ac272282e47ab479fd506eb3218dcab09dc7720e1cf108d1750f81ff1654d52737b23f6207f0ebaefe935913fee1149560217d0a33c55eb36d1e23517707782d516cf65e7bd99e09ab01dbe061f7cafe91028d635db801addc27e750b967a637fcf1775ba0f2d070f29a7f50caf1ec9ba78e8ff1584712b3f913d3ebd0948a7033ddf2b80b62370d299d87d15dd70dd07b01b2bf81e405af9c90e007e6bd62992f24c2e0583ebb161cd43e5e76b88c1b67c5efe6639194c41ef6a9a0ffd5e4584bf3446b9e012db0fc8f30dbdc6cc6951230c21878603273e38305f897f99d08491a4b147abf792a810f1408a8781646
1787432030.323335 sweep:Generic OOK 4.8k RSSI spike: -33.0
  -> 255 da79d9fdd21243a9f48fbb013bbf9cbfafc9116c2fd450c2bd178612efdc4b5c3af8369ba1f236cfad429fa8d09f43d703cdade287663d19fb97c577794104079fca7e23402be401b6a02efa54b1017c1ea3b8cbf89fc388d35140daeff0393f1266eb0337546b17c920d77e26044cabff3ed88886623ec3cad4c163cfd3fc73fb8883ffff7c5cd6a1de03679aca0487aa01417d5e543f9c3f00305305521f86791d937c2b1cbc1f0b0031b6b542033d9038b750838b78f61e6b92e9f7c0fddefb95c301617c91cf11aa454c9b4bf1bf19bfbdff9e277e710d9c7f0cdbfe208d6d884642facc01e0b26d783bc1496487d6ddbcc399f0200967a478f772364a
1787432030.3235662 sweep:Generic OOK 4.8k RSSI spike: -33.0
  -> 255 6b6ffdd8248553bce0ff6619509fa5910c30003d9ccc0190f61239a57d17503c45ec323a4169060120551c5f3e7c70c6e7b895105c5da07d2323015d9cf61ee9f90df9e6d743bed2a334f2d4d8f14f9609cfa3ec2de2b18f25ab1057c2a56a8154af3a76f4f46e093877322c8dcf7c691c626017b9e827e1bb5f7e36128d88502fbf685024c63ef328b678463cf63268ca55040bd6c1a4f5c33585664addd2ee16300efd8ee0be008db6c0b279c7fe672b73790c871b3f099007c3c0fd41f4cd3f2643969c3c85e3fc875d83dd304884408a58b3fe7752ed73ad7141b7d4fe144d2333722562a773c9c0630ae4ea3628ecdc4ebf75ee381183b8fc3c20fdc8
1787432030.323791 sweep:Generic OOK 4.8k RSSI spike: -33.5
  -> 255 ef4f778444a0ddec25da9a414d409e3ecbd31f9015d09c9122d073988970dd2fe243d1bb2b65391c33988e0c1e6e9f53181fef106b04202ba418a214adadde02a971b075e38bee043b1f7d986c0f2beb26c3afd2a6eb7400af004ee005a8427367ca1169d8cb3358f66ea1e98f413bdcb9fdfb22c68d0b38dcbeb02e8efafda3807c7e5365add9e058790d43167067af36ae0f781f940767b8f8c37f69b0001b1638057ef8a583007c2f7f90e9ade27b4fd8e77de30ea0179104048f9dbce4f31ac9996969a2c38a29c3fbd3116038631c4790ffe8a700162401ca82fc81c8476e8d3be203496ff2e715c5400a53208da014ef10c607aa34b1c1f232d5bbcf
1787432030.3240561 sweep:Generic OOK 4.8k RSSI spike: -33.5
  -> 255 50d3a3fe2700876444f7a3f3f43d708624b3f951eb876bd587285c53bffe80732dae920230b7010bafebf737557c817b7e2052424261c8e0bc605dc941f71fb5c1fbfef8cfcdfa22b01d9dd9782f68fec03c43f75c8b02120b1f0919ecb3ffe061150347ced90e3ef54df39ec2f5993c8040cab787717098cf8e8d8fc5f8632230d4b1fbf47fe373f8e5814818e9082320767cdf8f68eeb30610f790dddd89bff35b1e90bcfe874bc09ee966c585a143abc3b19fa5f01d324cff32e1866660a9204311bde99e99262708587b80a703a3e61710e101be057311f06f40f9fe8232c4ef2759add528476abf81f5ae0b4c95323076f00efe7d34b46c647fc698b8
1787432030.324255 sweep:Generic OOK 4.8k RSSI spike: -33.5
  -> 255 381cb75bed72c13f8adccbbc1b05d81bb0b8319fdf2fbe2c6b8807329e1273fd1fbfd86dfb30d79d0648cc4a86ed76d369a6f03a0ff3436f307ee72e2d7b0202078fc3dee1c2d38fbc789c77b37af11d123c091ef51f7a501d1f94bc6ed3293d312621ec06ecf045911f4fc07cf4d196924134cc79d3bbdb89df989ff27ab99ff7e08fc0dde123fa67fc1c58ba2964099726d8f3dfb81bba0280c0c4d58786c77569bf969053e321923e67dc65bb35a2bfe39047c7d51040910f1579acd54292447b2fadae929f017f20f84b83ff99c9c0f7599739ec2303f17ec4156f9e18424cd3fbff65de1bf8979f17a105cb039791fc80748fdc463370bd63e000760c
1787432030.3244622 sweep:Generic OOK 4.8k RSSI spike: -33.5
  -> 255 509cdbe0deacb3dc7c1a21fdf73d79de46e08658d4e04b35999ed79f9c7a12a1d16db468588079207e70c667a461bfe26ffcf718d3608666382e72cabe403cea5b8c1561ff62327f4cdc05866b9a717555847716e573ff1cbbc978e877d36818fd9f7a3076f749c683e16704e5ab9c04ff87f6b901388edbbfea43c31fe5206d4c7315595bf071c6fb6134fa1426af091ad9e078ecf03b8b07fec1bf47c37dc98f2fa24fca6a6f258d9080a29081f71ab7e30450fcc6b33e1fb80dd66fef62977c038dfc024bfabc94fec33f183fcc0807773a07c0df9f765bf87c538f7e5e58bcdf1c4e6851cad8bfc716147f834e220503a70ef2328ddbe0ec03385df301
1787432030.3246698 sweep:Generic OOK 4.8k RSSI spike: -34.0
  -> 255 242ee7f6cc758e5ed923199f41697ae3d2f46f05eac39ab3e630ff99599ced45bd8ac4069fdc25b645528f569955590b33678635ff3efc0cb8998497e8c8c17e0035780cff08ceb20c28097a56df03a7c2d74fa084ad3f2a0cc7a599809fdf3ce27ac303cf7c17137beee3c42c010c28f8043f409d0e5c3c5e818071d9fe052b600ffe13038b99631a041b1c0180268af7662db4fe3b3c8f277759b4edd14bc8a7607d0e86c22e8b291782a32a7e093e76ed67e0c4120e70c06780da0281fa50651f3cddf419cb05fbc2bed13a2018c56be0447b9c0171a08a7a4244121fc7a2b8d2340076e90fd93f9e5c3035b6bcfbd1c1887c6613dd95df04839b8ba5ee
1787432030.324876 sweep:Generic OOK 4.8k RSSI spike: -34.0
  -> 255 5424e061b21b77200ccd53f9fa0cf9e2673c78d4efd4f649c901830387e8b47019f990b9d3d24cc3fba3b3d9bf4b1f11279a1a5ce2399779bcfa0ca14e6fc3f61eb164fc30c61e55567113676ff9add071f882c0df372ce4221051ebb9c441f23247d5a87263e76e09bde9f86bbc6071c8c0ce7ee6104bb1bdcee3bbbe923b38316103f3c5b9d33176ffa8df61ec13d63ee9e46d80a4ff71c7364714f1279d44b45ffa71e3b393c8cb84fb7f39f3373bcde7bee61b0544b68725dc0c0a1fc98c1c7cdf0747cec9bf99b9bf509dc8d170c758003bc3cf8417e58005f7fdce3e0905fa90a1dd34c2d9798fba8f27cdc00c49fdf44627d1e8139fe1f00be1e034
1787432030.325087 sweep:Generic OOK 4.8k RSSI spike: -34.0
  -> 255 30722dc70c3b16142f9fb07a0c262ebc9cdb9fe0618594ee3461e04161ad2bc57fc5f985847323795b684bac10c968a83562843b8009a2f213209e73434aba940590e38318350b610e028821ae09373013178e3c9803ca3428923ed29bd9b1937ddf520a0f6b07ac978a20879fa244456bdd373e39a8762f177726f87f9903f4ee3017a0061df3363ac71103eefb54334896c745c9a0070f54db6ea745879f27990b4bfe0b601b3cb17f0c67fc57adf61e5fa3206606617fbe3d578c4747101f67bf423fffdd075af40fddbe186faa1a83acd01e7203055c83806d714c2719c8813661f9fe0df08e17f094fbeb8230f7aad45d1f18ccc9fa20dc1dd3a43b89
1787432030.32532 sweep:Generic OOK 4.8k RSSI spike: -34.0
  -> 255 8125cd00477b5b17fd3b5ac77cea1322c6485796eac28b07e9f41330a290170b0015901914e77d73501ef05907c819a1d29dac1cdc5f18eed2966f1d247dc39b9aeeaeaf021dfbf1aacf8073f9c0b6c7a6a8022c209ec0b10670c1edf686f561833641df48051c9afb94d9bfe004ff27100a417b8478ff250568843597b3c6077af76775fb6df593d397f08804f97ea06c42a689553203471f64de7504cc811b107bbf4c6bcce48960005f99c89b8403ee817edd7f30defc999729fb01f46beff3e19ba562264280108577f8b6c7ed14ff83be1db2009b7c4f884784a8272f669997d26914b8bee887fae16feba77b52dc488dfcf6aa9c11c52942b405f621
1787432030.325541 sweep:Generic OOK 4.8k RSSI spike: -34.5
  -> 255 ff278f06ec8302078f1f42f10ad20f53517c070b9742928d25d04cdc4bbe288d44b30ba4a305f68e4f80819bb5d01804aa06d7c565a0d7c06bfc82127ca270c126506f43fef3c10ced25bf9f9bf634864e3f8c3d87024bcb0d65170bb54fbcd6c9b0e40bff8369e8d024c3bf02c4c333343ee24738f841d4e0718ab6fd1341c6a22060ac0fdc84c70c82f8fc8c7c0df442ecee3986fb72605b326a41f4add4dc06e0307259dd41ac280d8824f58a1a7ca193f6358a630f0c16e41810a1a3ed973af05efed3d49c8e1c07d073fcf01e8b2361e2c6e087c9794e5e1bc43b32ea6f2ae9815fbb7f63c3e1b7f537173580a3bb96a3be3c7fd778a04621a8e06d7d
1787432030.325749 sweep:Generic OOK 4.8k RSSI spike: -34.5
  -> 255 07f0583af173cfe303fb256ebac4630c8ba1b3dc61ff03c239c1500607f6f203307e6205e436701640ddf83bcc8491e700c1bbe20caa37cf658a0d2277f2781985be0ef3201283891346ccf6f33d10e0e7085428ff43eb4d88d5edebfa4dbd0c17be170a7afe3936403f198ed1182e41c988425866741cc38fc918698baf2492afc098713463170770d0657afdf2b82c3797570fb73f845da709b7b1c2a10555af7fef75d2c8add90939ac5850c66a01040dbd77e242e6426136f69583377f769b860259fe9fc78e937227cfbe0452967038e4c7b1083b7dea19c1d40e1798954f5c0d80473b59fcb0d0cdc5cb0116dadee43e782cca69cf1e8987674d9b2d
1787432030.3259661 sweep:Generic OOK 4.8k RSSI spike: -34.0
  -> 255 76bf52f7792a51fe72c1ab2ff6f518a333c96203c373040e9c21e0be4ffca720e4a470742a0f10f1438f081c2737d83c773ba1c3f422f18f5c203e3ffa7b78fe7e773c936b0de089efcf8c91cf81f4807a6f1016cf07ed327757167028e4f1bbd7b644fc1bd6243cff381d035235eb75400c8b0e409003247e721d473e017ee8dc77dbab55f028c52d4a6dfe4f0c76c9502c372f8ac6683fc7798cff947aa739170f1c77053a8007c79d2160049ee08970a6e8789a044ed04e883d1eee8b01dfe1a528025049c76c49d142135741e3e83c686f9e520c208f1dcac4bf00b451184ed7b3d2cff2e5f085e762f6edebb21e942694afddd4b6f040d608d2e2e7d9
1787432030.3261921 sweep:Generic OOK 4.8k RSSI spike: -34.0
  -> 255 518921c7fc27f4e313060f747fec5f62f7ea2c301545a666bf9463b808f1d257856aa658e111ea1003fb16dec1544c901f0c5790683ab1f99398f95533c807beb205ca8fa180f9067bc9b38c3890280f58a65641c0069a1dfacf4ad63226cf7fa833ca428d36bf8281f057e38e947c6dff7d10ff98070d9f1fa6ade944d86c2805f2f711fa94832f46285c0d7c99bde8850045c8114711b94e27828efba77343d0fc4086035bd35fe8efe4303bdef72400feb4763f96064630834be3b0f391addf581f8d96f9ec19ef18c7136b4ed4d6f81d110463e25bd1c59e4478c6d1f4c3a6ada047450e31f401a45639171df1bd8fac98a2e02e518b3e403ec59ff879
1787432030.326415 sweep:Generic OOK 4.8k RSSI spike: -34.0
  -> 255 38bd5a397ae1bc7869d17aefe0629db02078f753a7721a2e33f63d84d3a05d681a63fee119a871029e5e23d1d40bcd7615f7db2d09cfadf102f06ff060c086438b41af1626f84a15febe077b5edc2446060037b181f69700f6e3bbe9f7d189332f42bc6f30cce3b75af3ee0230850844bdc02fb675e6601427ce25f2892952043de329b2a23cfec77fef4fc471a17181ee258e127de32be1ad9862bfb530e05806cece7f8e9b88a43cdf969e23000efd7104ed8cd60ac0c49d0c575420d79fbcf89c09b9881847d8071c520b2f24ddb602c7e73f9b658b72420c8f8648f3526179fb9de21d17c4f5e309ebfc791e6373ec642e16daf0318fadcf03460b3a08
1787432030.3266292 sweep:Generic OOK 4.8k RSSI spike: -34.0
  -> 255 11b5dd616ce47342517f942efc181181349b62bb93bdb872140d1bf080c3214b1c7ec8c53d960f0b66981f19df0904eab7f4e7fbe14908de339be8307985de083a27df7b22f006e45c1539d3a3f51bc64ecbf02058c6e231197b9001c7ffcb88d0598f98bf3ca00340e46441d1fea4baabfc3b5bce5ff5e32183ef69ba88c070f97256ff9281c56403ff7763380c5c13d063f0049fdc14d8d1610079eec2e20e1cb1331c15e2f2b301dfc10083b0a6bcf5cf0503cbe6ff92d98003697ef9911efd19c7353fe2fdf6a1a03559564ddd0b9b67b5ba3080fafc97e11c207c3d381389b3983273213c23176521573f6a9303a4d8e63f32039b6b93d337b0f85564
1787432030.326833 sweep:Generic OOK 4.8k RSSI spike: -34.5
  -> 255 fd2feaa3d60d3bd28c33fff96b5406b83705ba473860cde1185e5e0ccfe7a858891f7dcc76b3a87c43efaa0e0bbd761fb161cd7f8c03100792cee0fe7e0c4c644cd60700a2bc0298b8cc0787b2c7f174c1df33723e7c001b92de455e097f121c3fa520d3ff3e4fe5d405cd74a16e0844fa8fb6c92619d1470c4f100193cfce4268010041a7a7d3bee9beb8ea65d3fd29a0cf63118067f5e70a06c1ffdc50ee2707bbb3ec8c4f9f62d78e037812182cd8968249dc4592fc5c533eee20b045d5289b73467ef9a7100966e065b8170254ec03071eb2e7f60d2fef8801df76fa7eef169ae18801ea1ccffb41f7341982424ae9ab09c181d8d6f129ee30ccd4409a
1787432030.327072 sweep:Generic OOK 4.8k RSSI spike: -34.5
  -> 255 3959cd10fdede91a46503aa5f3e6f6c8a471df5953ef1cdd0635b70fcfa45ac7267df9c6157853cc4e0cd500fe4e0650637d1c7e0b68c1dec0b3dfd24af32b9d7994d9cbcea1f0272988c363a3f5b63f46440a8029da8ffd405ff8f5b8e55a573d045b3e19069c546e60cc9c36c3671205827e031ef3878e5408406eda05006fc86b8ef7c84fa80de85327db037f1be1403ef4561b2103c0254bb0dd2a77bd43bf881ef38337544320dbbaf73bbe59fd31d7cf73d847907862c3a2b1cfdb81f34f9058aa0aa41c72022d948d24ff2c27a12f8e1f98e06e000d40fcf9d78ec523860096375af645ea207339bd61e29ee10760068afcb1df5939e838c7164b67
1787432030.327303 sweep:Generic OOK 4.8k RSSI spike: -34.5
  -> 255 f0d17ef4f4f659ca4e48392fb1f8b270e193dbadf0cce4f3baf8fbd04de6c86bd1c8250d487c601d4c87ae0bcc730118d32766dbeda06e7fe490e89d4d596c9879a08062e062173935dbaf00cb0567ec1fc3a3f31f0d6f377dc1a824e198a27199f71e5c3befcfb749323f7c6e7b34bd1fee288efd21286690a232c0f2e7c2dd42f539f9d31300cfcc7c2414b3518a159023ccbd4e26071325dd035509c3d0220f0f9450e7bba1c4e7530810c380a7db7bfe30183963dc070f9c78f7c78f836fc591d7e01dc82c0028c6a7188091821fa34e95bfdb3bf3560582046d3d0b6cfc31b4f9df48372763fc16d7fb80a07104e49c32388d3bc55ffb6d61907e385f
1787432030.327512 sweep:Generic OOK 4.8k RSSI spike: -34.5
  -> 255 2467977bbb58c39480ee65edfec1edcfee7f586e868bfe37bf055c09be7709e4c1e1c45c4013aa1903823ee449bd0469e888860fcc171e034730d4766a97cc18a662701d02d9e2e6a5d3056fe900904b4f7c3c64c4e6de40155c4f185ed6e1f6ce63489cdefd0070dc184b6b40eec118a4c8c06a7e13cff29f01c700a6085ecdb72e44756cc7fab7bdfffc073dd5c8ffe3845ab42e8dad2fa4c98e3fd43cfc6871e8123c23de0332f7dc742e79087b8482833ff6c207032eee20e613e5b013c8f9d459940c7cef9aa0f451201f057b6f808962cf50a3f38018d7f016ffcf1ed1a1fd1cb0c47e7e347d00e7e43381e65fa63ea1d01f630f59c3980cac06085f
1787432030.3277178 sweep:Generic OOK 4.8k RSSI spike: -35.0
  -> 255 f74c87a3b3c4a1cf07de1db48e1b90dc8d2e3268e7c31f9206f63bfaa08404f4cc493c78d93027e9e90899e7be4ff297bd56e3db0c0347265a68e008d0fd3dc6822985dffcf5af7b5f5fbf8e1be6030bb398438451cd7d8fc33177888a9fd9f87a3ccf5a9388bb98dc426cfa3caf0123ecf2ccf878f1c3705cea314c13b7be7d275c6861b9159baf4b2019e77c2c3bd9f1fcd84986035f98802d67958baade3964fbb9c6e0fdfef6f43a01db2fdc998eee1a13889e0286266827e3f0263126ba66830ac5a12a73ade15dca0ac8973b666f0bc78379e6a764817c4a8f117f405b46cf6ac38f78e9e13015f6fa4267dab9ca27b6ecc80c2aa7eef471fd19ddd9
1787432030.327944 sweep:Generic OOK 4.8k RSSI spike: -35.0
  -> 255 80009aa42481916aa958bf65e4fbfd3d03f33400a743bdb22a9a21139f471c0a205f165ab037e5ef707391d9282fba1a687e1807ad7dde649be9a11832411230d85cc5a743102406f58e0846315635709c8387db7af2c4398211b726ebb7604e7544cb38ad841621cdedcd997e49548fc5fe0e05da61dc7114fb3c523c6730e048145fa033011a0ce4a6e460fecb2690479510b26c5f7887e784925b369087d8738242e1047d9cc33d083978496ade83d5e9783d75b581f04af54b45c85ce4d8e80cdf12553a137fc48fb7bec40a33dd5d6a511ce1301939da77b99e5f540a0d9107c764eecddbf92f643f3f0fe9df1d783de0d384940b27d3cceb628549ee
1787432030.3281941 sweep:Generic OOK 4.8k RSSI spike: -35.0
  -> 255 250902d1e0ffe9e4091ff2c4065bff7bd5638c41c4e78a1b9fadd98204b0ba6f43de04df2e310de13cf338dc5680867eaa62fdcf9f2bc8617421d333bfc6752e39fbb337f96e817cb75fc62bd25d487478917651af4869dffdcaa3bb1d9a034360e0e99f3aaac882a855166969aa7f2c5bf38e3c83f53633e086f403fcdd2f483dcf21f605051b38183fce8bb3b04de1c82387a1d5a05d8483afd867426d611491368b5177fe4341f88f81c6ce918b01837b248104180f064383df2e1c0373407934e8e63eede10cf6fdf58389f2c67d8f0330dd78c39c1873583142f3c18ca2f937d577f09fc78b91a8e79fd8726162556361cd1282d0a49006e2390594d3
1787432030.328434 sweep:Generic OOK 4.8k RSSI spike: -35.5
  -> 255 e7230c67b990041dff3d173a432efde30905b479fe7befd365887f3517009ac378b33e9c9d20ffbcf0c1d3d99d47e7f8a3a16bebba9f6eae370fe791b8027e4b8504051c9000d7180c903867dc6cf34800010113b9f014f427e3e5b0974dfcc568e705ae31aeb0bf3fe1ac1103dba077e3ccdfdeb08762dcafbefccd819fe3f7c43b4c5a520a0f26784c374565673ffb7afafedf2c4ca6e576775b742d90ff2016b2842137c81b4117141beff94f5f1125e217b95f33f09cea8f64855a8739bff857455f5b3b118d0de015b1f3d0c407b9fffcea15e0184ede1c320f3853f0bcdbdf43076c783ff33d22e24db0f28161de25256e01c04e020f11fd91d010fb
1787432030.328644 sweep:Generic OOK 4.8k RSSI spike: -35.5
  -> 255 49f4449e7b69b100c0f58d0cce5fc77315fc21914ee8962ec0f29108215aeba470e64373253846803a3f6dcdb6e1f27523eb86049f6a3203f4ec7bdfd059a4357cbdbde41980c359dfb7f8dd0394c6ab318a63f9b7c265c7b83b1778fc18246e58f7d80bf706534bec2377e93078b82ffe1ad348df11a0d00847241fb8f39fc8c06befe746fc8df0a9953511be3883f46b3f2761e432d02c2610bf7830758f7843e76d30ce27791672d7f85258757fc87d5fc193001f3ebd8be0583538b8b3c9b7bb2cfc167fd00db4368c0f8cf03ecbca48300af6eb2b867f1ffb43ff859a3d8215f613e23e589ca034ec083ee8901a489fb0a701a08c85c7da11ce1df398
1787432030.328856 sweep:Generic OOK 4.8k RSSI spike: -35.5
  -> 255 35eac9c8539fedf108169eeb5244016c001981c99986077945a064fdd433b0a59bde677b9ada23ee764a490e214b837cc6e0f60809d06495d835e74f47f0870a9bf8a99f81bd7e7803fe98ffec6fc73d0010e880039f133b48bf711452b5fd277148fee42360610ea92e1e2d26f036fcc0c2507329b0d88497c6e71fd14a18cd5923ee30ad85e9655a6d8e9c0391a1bbcb918323a882690d36cefbe2b82d4de731ee2f06ba841be1b11e89dccc067239dc2fdbd33d5d1afcded8b8acd09e3afc74a3700c620301b207cfce1043c58fa404d20e90bd17ee35883fc617bec8bc4ae6ef3a70161982b7d5f8187413c461ef06fcbf79c4e0f19fc3e44a4debb070
1787432030.329077 sweep:Generic OOK 4.8k RSSI spike: -35.0
  -> 255 44f06c5778477e25fea37fe0a9e6452719a0f170fd1144cf60e746de62f18d580ebdb1fed2923fedfe16fbc5fcb9173e11d199cef498cdcc3de762b4094d72f9ad7fd7403c5440c20e13060b8ccc1b4e8668816b3102cf8212cfd4cf66d706e0ce9fe6cfd5ad17d69786f47003e2f705a304e71fec70f07b201ffa94f4704b03fd2c853af1efd3719c4c65fbbee7a847717811c01f85db18b78f26d8de8be29efe34406f7bf33ac32c23dfc70a439bf0bbe57ad8c58b7f3ddbdd8e0c720cbd86e47fbb37df3dea3f3170447e647a8bdbbe0ffc1dfb93830778ee80743dce97f81a4708958d60c3cf613820a5ece63ee6e871e5bf370b2df821cbff5aaeac48
1787432030.3293262 sweep:Generic OOK 4.8k RSSI spike: -35.0
  -> 255 8e4d88f0141e1f15ed1b997d585ef0ce040f8a08ba1347ffbc1ea2c37da260813348918163dc47ef798c7e310f77a9fffd58715f793e3cdf4eb29f006700e10a0e9cb63a338a33c04dc3b90b59e467d7d23e80c6356e5ecc8a8f255f315119192031207fee80a037d5609007eda53abc733bd90fba856f1960f978866fcc28e432b007540bec57e3cf93c65e0c9d099a33e3f1ebc86d3fba83c356fb0eaf1f29ed9e0690e9effaf0d647b4363663f4f796879625a1dac678b31d944d02620b34a4b613706e0265003807a387514ed3239d3ba6f93fcde8231e9d9b061db5dc1333dac4aa00d9922b6d17e1c41fc0d9bd9eb1e1cc5a5ee03d71ed05a9cafa6c
1787432030.329602 sweep:Generic OOK 4.8k RSSI spike: -35.0
  -> 255 0c1e1f9ac13ffc18bb103f96429a7c4475a1b5490bac0717c18977ca40d84de205bc4075121a20702bbea5fdb715c29babb98f107ef9e06f729697e13640ef86c31c97ae0907f0126bb87b6dd733acd654409fe14fbf223ab03921dce1981c509c643fcf6308181c3ec95bf38e383f1dd96e52a04265048cefffd08da3e5e8993413fdd5f61498c6627e3f20f5c4ce22160aeb56818e0e2c5e601c52c8e7eee1830e8af2f83e1c3490bf5773930b0c2ae3b8c49102077c71fba7d9e763c2afbcf0912944f2b8021681e9bb9102d17dc604fae88513a7c0fdb8ffc73ec03c280f8f4d1f71b37d8f3b8328ff81d668d3706af1827f091ec963bdb1fa4c79bd77
1787432030.32983 sweep:Generic OOK 4.8k RSSI spike: -35.5
  -> 255 9b5b588a69974400b967477e4412eb37b040c8d78f58d912782dd5eadf17ecb19b8c8b6c8585ac9ad7983b5186b465c7124d4b22483b8f9208de018e2377a7f9089ebede9fb3c41f784d1a067a77c33d7bec67c823acc91b9d7e1dbcc09c85dabcfc8fe6d58cf0f5cc6d70f4453dfefcdf97b8d78ab202c1766a7eea6928f900b1a2700417b15ca44ee472018b89ab73200842b56978087ece3f4af61fcc3de9dbbab5f864cfc3607549ef4683f0ea104e96fc8c9bbf15032c070e07da1fa882e80a72fdb25a155571b37e56c7c6b9bbffd4151b840cfbfb44934b020f4729e6cd7d8219dee58fbf0f60f8e40df4ee6305fe7955df81482c53c9b5c0d7b175
1787432030.3300722 sweep:Generic OOK 4.8k RSSI spike: -35.5
  -> 255 b1aeca227d21d3920784a5e8dbaa60b08dfd02783a67b84760188b46bd05b3c72a08e581f183cf48b528a5eba83bbfc421f695e6c232e6175f9d4dd491d31db7ebcb0f0eec614569d1f3192e7c96304fd1e1234e713e02db105216fe3c10c0705b6b000c3803fe74d19d0be24f47133802ec69f62b54d038e7f321cec360f60bee0bee809b61bc8851639fa547099039e77e4c78b56495108684763d3b5b972f2306744e5c7d4e674a084c88402226a582b0d33eef93cd9927afdbd20b9a973ef81413d307c6ea30e75c63c82fb39863f9b15c921b7391b20ca2d08e6c9c637f2c035c0a3b3f0da68a8280e00487c43480fe1f0f600bf02ec4dfabf6d6453a
1787432030.330327 sweep:Generic OOK 4.8k RSSI spike: -35.5
  -> 255 a51d1295fdd130f010ed79ec32bdc9060bf9bf0be3786374c10da8fb2ced99be7548118e4a31dd7e3cd5dd808438da386905ff60ee2c49e80ae203d1556ad9271207dddc17fe7eee79f0877c761feb9cb843cddfd25ee000ff8fd17f7c747f9120baa1b141519aeef80d0fca0035f1bd6231f7d245ac6d5a277461203118a41205f1575cd4dc0979d08534a800af2f5ae1d1c000fd559dc199d83b483413041dcfbc0fcea7355d4787002c7bee2bdfe0be12f4adcd3e9361cf0df66ffb73ff2fe2b000effc0e0f25f9fb668fe4f39fe1dbf7d3df892faf38e7819c2790d73c1fb9007744a62f000f3fc7a0fc85f2cd087de4b91018c8cff86aeadf7493e7c0
1787432030.330569 sweep:Generic OOK 4.8k RSSI spike: -35.5
  -> 255 af819ee70f12f2c858005f53a3713ac7580c2f0577b08ef322fc9d2107375f590b909998f13253ecac9e31941f6dc1cbd23059f6f92a32bea1cc82799a1d15d2d7f362d2f0a5b8bee14bc5162f27f0cf447edc702a17a313e98fb0ea273d3b3121c366c033b919788790103ef147ffc080cc0dc160f1df27189cb22f91a7dd3b8642bf667de67f2b24711fbc64063422832921c3499ec23e6efdc99a2702962cbe1df91580b803e511a8cc39d4a4992cc3e6c09b0058c0bbd758f3b29b71c1c29b30380c87c01e00e2f4beed7e38825f26a4719c7b1d854048383dd12e8bcc1ba3a7951767cfed37dc1e4b0ea2571591ecb00976ca068681f10894f45d2dc4
1787432030.3307898 sweep:Generic OOK 4.8k RSSI spike: -36.0
  -> 255 202237b1279ecc3922f0165d802c173fc7fe4124ac1c5345d7ef35cfc7d6b5e4008818d400d4318533fbd89976f37c9f3a87b7dd7791cea0b5c2e5e005a0f9b9f5ff0dfb9c038ab43bf71ecc6d6f08f6860603b71c413d9eceb01f80e2dc95567c327cf4f532421384a9de421238d6282d333ecaebd514e0a4bcb95c66fcaa4cefc4788e406b2076bae62914115b24ec8dfccfec0830ff2df01ccc67767468507f6ac5a590ca68882f45b3de8f7a17c212ccece75d6b81e7588c5c9df481ffd1e20063b740114350056f818b27df2187996233fb1b8b2c72261eb8258167312068fdd8a488049c403d96c4b9cc061d9883cd0fb72c4ff7d7281c73b3ce1e7d
1787432030.331051 sweep:Generic OOK 4.8k RSSI spike: -36.0
  -> 255 86b33a87367ac38598e0be4d97d009dedb1134b47243836cd921fc343a2b4d66af17f9c3ff6ea08e374ee9998af677add261e2c7282aceafde19d371e610da062186bdb8fb1780b804b0273e023f008bd89342b72f9cd019b9e5ca642f1b9db6c7731deb7c16c1a66cbc55c94988657b0d0ae8bf801fb2150b6d98d9e9d91e69033f8e6a389f87b025f0be2be5219f74e86343c2b605a8d5ae3ae7deae3ff4717b83efe141649808ffb3cea1a1f820fc7ee20493f52fe12e931033bf9c1fda5018e7234695b476fd0742077f0299fc0e9f040e0ba4d9af95a92742ffd3eb75049a4c76db579485b241affd06c3fa1024e1c1baa714bc4d40f8b981924cd066
1787432030.331267 sweep:Generic OOK 4.8k RSSI spike: -36.0
  -> 255 373915355e07018bb8333727a89aef30de216f9582b383e3905006acf3cfaf6a3ee856671ba3a7f7fe720629c6c7f17cf1f6c830232a11193247368c2fc01603a9933531832b84c7f1080d846e030e6f2c0cf4ea67fd0da1b78349c39ae7e9bcf3680592d70f053581860b7be907bffbeeffe2c871b62878f023c7ff8418c67cf8eb73c81ba3cf857793961780431f365efd2f519d411bbb3398806eb373c8d67d765f851369a9807465000020080cee202e6574f3f06742961f407f851bb3261f77879fcf89e9f9ab5e7257db0ff05633803302be2195ce36cf8e6463e8ef4c98b24887c2a9500c1f6072263d51ce644aa0c7070461940eba37a7ca0ba621
1787432030.3314838 sweep:Generic OOK 4.8k RSSI spike: -36.5
  -> 255 84f92ad67f162bb930d7668863748861e78ed350480c13439bef308e44d8c9d46754ad801f3649b1e96ac23ed27fb40205cf1c6178188d2c066c1a08689203c10c6c3601063bcb01e0741a0b92f8e2447bd460012b24fd9e10fc2a272b6d27e6f3134dc140c35fb0f7e9a38eff93bdee70dcd85490673ed898ba021804f1452db1bcab57945bb9589d20192f2c1f7fa8df80161b03f9caf8be3c74f6967f706086d01e9ff1bbfb03fdb868c0a32b399aa385503eebd0ce6796c327ed11260cfdf65405304cf954738fec28200caf94c4cff6e197a0f261a358de415b7b510d8479729135abbe13c028f08c43e2e6652acf6b584d96f421fbe4df73b18d6213
1787432030.331695 sweep:Generic OOK 4.8k RSSI spike: -36.5
  -> 255 a6430a5d1ed58c0189fdbe0dd0de3146a25afb8ddc9d5b1c6ce63397d724462cc09de99ec3de56887de4c1f704e210119850c743137793d26dcb7420fe980ed8ddfb579b7ed80cd9211f49ad7cd3cdbd8f92626f6e329d8e1f9c61c34251c36a3f373e3df0767899f7dbc28408a47467f83017bec36c028c1a8236bb343591d803a7cab41a79f9fe91a9960b356df9e441f109bb7a23be6507e00e86331c6bfe6b0992f9fc803ea439649802664f3d7c1ab319f273d6c22e20322b5174c004db06f87c496542cde080fba002183e411c885dc93f9d148b0a4777de70d095a8c6a2692007d2d041d5031a46cdcc8e43e89c874909abc0e70d50bf5254e10bba
1787432030.331914 sweep:Generic OOK 4.8k RSSI spike: -36.5
  -> 255 fd653c540e3efe27f92353fe63dda5e53991f31f255febf8461307bd7cec77a2af96e37dcb602f4726d7ba916165ea1018f02a1a200e3f8c1d97fac04374a772ca00044d0472285870f44b00c9f47396af1e06e8d83f44208523181873e23d403cf124d403119c7f05708357b9dc807f3bb1fcca03d375fcbb3ef8a78b48616c7da80b51575b055f9730af4b82f4f35de7c846dd10ef6d9f2018c1bdac850dbbb0602e64605b4204673d627d0bb6d2596fba703d770a03fc3b8ca1b2e7fc63b66803a0009a504e33ff114be1bd9ceffb6009d6e58ec8a35c018e60185fb4e29ce81f17c2edb4e6fc79e933ebfb8664841970c51c36766c0fc93337b2d09c2b
1787432030.33217 sweep:Generic OOK 4.8k RSSI spike: -36.0
  -> 255 5b6300cd411bdb60b702cd10e39f2cd4e7317d930398c2c3c3593ba050890d7b3bad2c953222183fa94615ae78bad1e3df304fa0ce2f769737e2d3848d7fc35d6f6f89152c332271d4d0a46cbc5c7b34df4e54f10a174f07d9b317df78e74bf8bee3fd5dd743d87ebba946a179f8779f03b88047c189f41069bdfbe6823a400173c03bc0c1658fdcafe6d7329bc8e74aff3d8ab98f4c55dadfd38ec81fac3b408703a5bb0c4d1ff2b4eda09d80b4fbe7d05354e66e13ff25ce04aec1baa1783c1c320db1199fdceffd253d5a1f90166fe0fd3f5c13f6761c424c3dc8e38449ae0713a35cdfcfce03204ef9110ed1333d6587cf0538715aff341ab886ecee78
1787432030.332382 sweep:Generic OOK 4.8k RSSI spike: -36.0
  -> 255 7021307fe7a67c45cf8cfc29094b27fa41ba0de90f2b8f9a070327820f20544c88aaf04ef65889c72b95ff0c66ebf2fbde7ffecdb3a67a99aa6558bfb3cb8ced8d82f9624dfd370315efe4f93fb3f2274d103ba3fc9a1fbd7d274b94a649897bbea7c839feb76d030cc1d97a7a70a6fe93d06bc2f4667590dbbc23ff7baca75d1e839213513e088a0422b2fe75bfc1d38420e205000b1df5d5cfe4b752f31a71f0f3a2ce31e7fda3b85a44e42d0eca61c9d8841216026310c011bc33fc4fe7a98ce106bc95090660e2b0fd563dcf55b7b33c06d691e2863d82b79edf770cba416dfff853ec2e043df3115dc5c9f7ae20230b84468d37dce090407448fe946c
1787432030.332593 sweep:Generic OOK 4.8k RSSI spike: -36.0
  -> 255 318de6cfc58a2be508c3e2122660ea536d9c9146e057e25b82a35afe1526fd433fbcb7b94ec8eec88017e303b4ff1fff861f9807de3e4eda569ea7b2438ec73bc245a83c46f0a9aea3f5be97f0f48b23ef78c74e21dc3bb830f14f809f34f4302c178e3f81861253c0477fdc2f1881a67ce3a36b73bfd377e933ff5737ebdf2058dcb9228a186314542356e40defd901337d64321c5d98877d8619e3ba74efb5728f82b4f70243ffe801260bcb6463802088fb347f38e521b4c26fbc9563072661dfc0423e61b6dc06addfe348eb296629fc2bb318063f7e5c9b57bbc73b7caf3fa398357f36112bccf9ec7d9ce27fe0e8bc79e1fde3fbb1399a81907ef208
1787432030.332812 sweep:Generic OOK 4.8k RSSI spike: -36.0
  -> 255 8087f4381d5ad6fdf2999d0797a1e0dbdff0942e2e630738ce1b9f8c7a9a00c213cb8764b2ff640ed8fd69366e61fe847a636b81837c3671869bd54ff5962656e421f8d98bdf7f9bb215f126e47f905bf64c66e27643d9839f2f715e6575f73cb9f44d4fd9738c2e1337518dcceee5fd6963d7a43107c7d888f539685b797ce67987fd99721bc03f89e9e7c9c174afcf1ff391ccd31949e1bc88e0fc3fd88ddf141716241393e85ca7430ee5bab1bbd5491867f658334f9fff0d7287de861868cd9dccf983512bfd091b600d71b8babe2d51fc09f8f69ccdfef5d3e210a5fc26d1e7039af1837ce760824c1e7b1c44b5a3fea98d59f8ee8758c3d98d345d12
1787432030.33305 sweep:Generic OOK 4.8k RSSI spike: -36.5
  -> 255 4460847e7ff18e1780763fa4687aa4dde97397e5bf307f3951adf7a1cf0b58ed0f70befb3787ee7d1dff76e877e09c5b1f21e0d9b01b3fd3e08e030254076155438fd5c3d8cc31408bb3d274cf395ea40c0803d973bbf31da7ff51bd983542706f3c6c23f01eae40ed8991f9874c3c3377e20fccf0a82f1ec17e0e47973820039f34c6811b178bb9bd22befb5003cf603229968f75e873c17c28b2007014d75bd3c1519020dddd6f059b8401eddfc071e1ca0371b1fdcef7c9ff7cf9f989701f02e44a1c80059f12d850e2997d8c7e202086887f6f59c6dda8d5801dbedc79c72c3ec22677f6985c37fca43e006a39b3de1217becf3588c5da1fb9e1fbb752
1787432030.333258 sweep:Generic OOK 4.8k RSSI spike: -36.5
  -> 255 00bf0360c82efc6b4976cf195385da6c60fe7ceb9408308e6030bd1fb79e72dbfe11534bce28a45e7d6008fb6d6c042e228026ffbaac9813175cc1b7d2386191d84d3f762dcf6d2c0205b3f0de2bc25139f33ce47cabda1cefa405cfb45b96609c817755b82fdc75eebe72440200f8657cbbde1e5dc9e109fb8c1fbc3648b307a84717c3dfc8584387e41851d98089e80e830feb73b7e4e1d608f6d7d030811fc5bff63bca85acd8b91ddbf60e98e08a4c633b4dca26d21c1559464310f98e6f883252608fac650c2b14f33fb774f1a0ed4e78dfcaec556bc09689af9f1e74b7a304770d4fb88f8deb8d7738c27f7cdc7819f500dee554c773e18e80f185d6
1787432030.333473 sweep:Generic OOK 4.8k RSSI spike: -36.5
  -> 255 165bce0e84ff5e01c0000f269c7429f380afe3bb6fb15f0c1a17cc2d1e8897af90ba1ead0a2cd91c9f374ab838c0016bbf57bf02c7cd36b1d0adbc0479f674913b374a7e37c74583e1db0f782b0c105927c11e1d715a667e5ba23508381e7e7f06808e9000caf04f81daf402cba21e1e190002b89162120360e7e273600007818f3155bffce22471f8cd500100677f81b787ee8bb3bcbab993a93e70545bd51694d213316384101b5f17343432351bd4669fec8d2015e7ddeff20bb96335c12e507c661ce55366dcedf3d78058be4eb19ecdfa8a79611c7e740bb67c86d2cf494f0280e8ff10af34e3fb863c8e403eace9004b6b23a3f3f88427fcd1f69dcc
1787432030.333688 sweep:Generic OOK 4.8k RSSI spike: -36.5
  -> 255 86e8e6713aed97edee786f283de0d07b927bfed8dcfa3d92d7e0179a72466c462006af07d7576cc26f03df7f73139e52fe3c3f835e045d0f48490c29042a0ac9620177986a78e723f65a5891917640ce12b563a1a150f7c2ddd7c630cd32e83207e728f30b491ad0420b9ce10ef7e0c7ac7bff3d088635c87f11ceb3bee3dc60321f8c7f9183b57ecf1bf99a4573c181863c3acfdf77e18a351ac4110593fbaa129ccc141f66c2320cf8c2c891a20fe26b1d901281e19e55e12f4685bd80e75b9fee7f079fc4e028411e2bf4826b74079e2fff83f77c0b2606ef70e658dca7d4bd28b43cb8b0f2fe698e0bee65b7a1039072e08ffbcac03d68c060a1c6f0e8
1787432030.333924 sweep:Generic OOK 4.8k RSSI spike: -37.0
  -> 255 3f0c4ca1c69843fae7facb843c1d45f1435bcae4dd8cf9e20affb919699b030c37ffc1aea37a27104463d8f970109e1de44304705f6661a5c3bf3e09e2f1e84c313ea8c158c8118831cde89c5cd86dc5a7c2e2c08ae62f3481755fe338d61fc4f7608b0e51e6da6da54ee320a2e2039494f00f7278c5386d5909ea207dded72c66c83f9e73074d55bfa5445837d6cfd2ef209186cb7f83817ec3597bddfb38f1ddf8d4fdad04f8f805591be9dec5e229a018f53edf28debb3fb562ed85b02fee943640ec7ce738da1973477017844d67ae6e51dda8dadf32fdc8eab2541f79454d6100abe1ee5eb2afddfbc90f17f325e4c0ca0ab5b0731feb1d1f07684616
1787432030.334167 sweep:Generic OOK 4.8k RSSI spike: -37.0
  -> 255 b3fd1f0183f0bd479a156dcb630f8a16153139eddf882393d189f7502c3af22703eb3e55b9590c5a7979a0c299f71a039a569732f6bcd273fecc7cae9498116255ba1885be75356db01ff8e01d1d5fc4f2431fafc0839a6e4e16768f1cf0e04c2a0462eb33d0c25df177f9ee51e785a04edbb9802e007e9cfa9ecc1adf1040e765e1f04f86104d7f46b4a68df43c67679c73e5dddf1725290576a020281dda2af5fadeed14732d10ae21f72e6345a3f14d069fcae12dbaf80ff27a7255957c21510e1d0fcf01c1a8c3bfc6f74eb03c7cfc894027f1c6678b81e119ca4c0a89f85fcc2107764b6c046c1f39b01a01e25d63b6fb082fc5edd0e08531e1976790
1787432030.334382 sweep:Generic OOK 4.8k RSSI spike: -37.0
  -> 255 d04b06a440a89ef8c1d9c18cff1bf362019179de97fd3e56896219bf277ae406ecf5766fa71f8aa92271fabc0c73a5d2aefbc1ef4754ffee4b11bd86c499088edf5dcf136fa77d1af7ff4187cf1e5eefcebef78561337374acf6e99fe185ef2671dff84dc658bb1f6701577721007d86a80f57eac47eb63cede642c2bf235f3c5011fbd3ddccb781c2b8342bc670f63ee87f5cb9c8344382396067203b73c1e5807c23d9c228def20af3f81519a90fc6577080f9b189497d9e50e92ce2dd2e0ed3907ed59636f8b0f280c0c1e31fb2218000911011c24d70328be8f36d22cba239d606fa79a6de641cf68b1033dccc201b0cd28a8bf688705c5c04fb2f387e
1787432030.334599 sweep:Generic OOK 4.8k RSSI spike: -37.5
  -> 255 0e0d8fe34405f3bcd01a3037f63828e89cc65b481bc24e1fffb1d7b81368ae6925713ea192cb94f55c59082246780ce0f06636e63b23c495fa38bddf5380ebbca79dc979fefbc1c3f3cd342fa3a4fc53f7747002bc6ef8d7e679e0698e69bf7ba27746e9c65c87c6242cf94a39538fe0afe60ba1ef88600cf27ff66e9e1e0e5b25421972e0dd236fef049eab4a4702d36a0fb3a23fcbe477e813e7934a1b4821168e0178523ccbfb719939448cbb2101c8c68c9fa12ec17cd7d60f383fdbad3db987a69e859cef745cf40495db8ee0824bd60e7a6cfcf9ff97fe5eddf25ac4c23bb05cb427754fcfcb26ffbc4d8119803c8f9337067bc7712db194476e26ff
1787432030.334809 sweep:Generic OOK 4.8k RSSI spike: -37.5
  -> 255 43e20240ff917d19fff3dbff69511ebb79ce113804836fbe5064bbc13fe448c8bbe4f8115c43fdfc3f1a9863ec1cad8b25c990d051cf808b3186387074f204a25c7061e4b8637a28bbc193a66a63e50da36d5ff697e7a603164618661ef62ad795c3c3fae0fd8f9bf08ff9f7841528997fb84fde350d9fc5fb9d0f28592582207da0a0ce03f513fc2d4ed3ff1346e163cc1382b01075f376eff4badeef107c0e07146ff9139c693c4e295f2cbd27717779e68fe51e630c2270fbfe679d161817b4001fcb81c792caec62781effdebf3fb05acddca5230178c3bba7670d80f14fc6c38406b251eb3600afa6d8b0cd90e54ef9350360f3f3a39c5fe51f432b10
1787432030.335048 sweep:Generic OOK 4.8k RSSI spike: -37.5
  -> 255 c762db841df7c82e84d9a783c0533397e01503fd7a4f266b0bf8825fa1f377084e77f61a18520cf5244bc622711ae46796359ba38e7fa5e688ae77d8080a19ca1d0411309030cdb3d81766612e3b52e868969f84db1b380e079983d33afe13b9fe927c4f6fe14347b27ca0bf59fe43aa998af8f1f48e67dfe120d0b6a01ac6e8327db58e091d39b1de53cb69a368a4f8fb7cc50399ec192f8391f2accdc62319bb9340473e19f1bd1f3fad7e6a956f87831074861f78ee71837d62c52734f8b538130230068c4b042080b650a4a711dcc89fd98c263878cf8e8d5e718d3c3030e98a44675c303ec1b71ede6e64f91f7163f3f08efc4a2e7f00c55fb738f81b
1787432030.335253 sweep:Generic OOK 4.8k RSSI spike: -37.0
  -> 255 85014a471348722f8be397dd36b13c03ab63ade3edcde0b26f65735a0d81b3478e4276fc24813cf8860806e4be04ad9fda141b8c6d87c343d97331f03fa8b0271860385127671048c3cdeb4d26c6569f943741e7b1dc9af80c58e5c2aa613e53833fbf006eaa7e85819e19a1c772084bbe9b4071618383099b3fad1a972861c08ffa1967c031f051053fde1744d878defd1cfc9a208ae6beffbbeb76fcc61c35c05ee0fc5f3ffbc4002d5060cf99000f03f4ccac02071c68b58ec50f05c76e0c2f085f51b40c103c8bab14bfcc07e892fd9b467d19b50c7bc907793ff9a665fcad3d81d5b687dc09e6315719421f65653c7feb30a8016bd9773dbfb3ac01dd
1787432030.335474 sweep:Generic OOK 4.8k RSSI spike: -37.0
  -> 255 6c43c3c53f22be8d9e673cffbce6f2073f8ed75f12b96c207c2c5e23d503fbf1fdf63189a7f38da9f1a0498978fffcb310cfd37ae36b06d38f72ff93237fcc9235996138e10bbeb9e943c97829a30cfde4ec66f1e388ff63467ff40eb86ed654a3df37a8b8af55621834dff1b2591845c2960adf3973c3fe42a73a8b988e408038468fc71a96301c942bebdfc1d2f1312cdf813e54e3997ce704c91325943d03328de147fbcc08a58700fabe51fc366b9c7fd1cb74c3ffe11d91ec291ed26f5c4f3a1c33d938d18e969fde7e8f578ffbf1cb3f1b28730ff7c780e1558fd6ff03c0c193d3583313883e6250ed3f49923fa1fd7f080fb4db6581f693f098fe95
1787432030.335684 sweep:Generic OOK 4.8k RSSI spike: -37.0
  -> 255 4fbbf6348658d9a5e38fbf6833430dfe65052cc488dc75403131bb60e98f0765fd071ffeab03fa584fc7907a75ba791666e31080e8536c30180003c45aa3efc00e3f3fefe9e2710ee0fb5b4c6029bc0e8c3e80cc3729e3703ee5d0db068a77078ae3433cb626102cc9518b605c6601d87447844d149230f7ae9226a24fd21e38b24054412167080a4412707bea9ffbb30676dd70c0811dc0cc701ffb35c91dc31db33814a7ec036f41841c8e4bc1adffc7160e0fa70c31d83e5c671b3d0000c9e1216af680f7184c1800889ce3aa6a1812c078de5f07d2f196a2db47e690f790b8e499d0a4a4289736c59b7d584ded76028b810011dff558dcf4c0ff47d66e
1787432030.33592 sweep:Generic OOK 4.8k RSSI spike: -37.0
  -> 255 0258ce841f4c484385a24f417f7e6fa0f9f4f07834fa1261871f267f017a0bd469c1d5e8dc57f5c41f9db68fc0f2d0c1340d8647637381ba810a4dd2119027dd25dff6f31f44061a323a3f850e7ff075ee5c4cfbf6c9eb2d940c338fd7513303899a27faf869d2fc630ff3f4e0400dfd50e6b1cff7639f52ce9ff26503bb80f5be9b64ec4f142fc3b3a8a87c0b0bc6318ff4913fbd38ddef01b053684368d307501c1b57cc567f2bb83cc8cb3d5b04162e5d22ee00f277ef870e43dbfcc6c55a466a3e8470630418d95f6b3ef3dfe7ef25cc61946d4b1e83223dc284b16fa073ff8e896859fd531bfefa8d8b8cebe643be78980addc7bf068cc38f0120787c
1787432030.336168 sweep:Generic OOK 4.8k RSSI spike: -37.5
  -> 255 0f303c6c2d86e67d0f97e3dd56a86c1f48700bc0ea8d6542d5b05bedb21590ff3bd251feec88fe447f40030c49760b1cce16878c34fa7fe0e3ea1bf138b591438fe078ce6a3e257ddfdcb2c33430c4d17c367db089c37c6e5bbd83c8ebcc7055d35df44447e722599a3de08a7cec033132234b62273a01c62d3133a65ada30fa4f191d9ee53dd079c47162416071cde6f5d8c300560f10c6df6f8bb8999d609337d47703782a8506c269f5ef1e4d754cfaeea17e465fcd169e4b231cc2d810fedc6ab347eff40611f458c6fe4cb162ca32424f721dfc170b09886909b34f651109581e72c23100dc9d7a06079b765de4f32eba1fbc19a106417a6762c27242
1787432030.336385 sweep:Generic OOK 4.8k RSSI spike: -37.5
  -> 255 136aff0d6d5cd3f7f0af9877aac75bcf342bdc37e06cfa76fed7514100eaac71ac39ffa5f3d8f5638b7c7c0501d57fbc0136ef99a3cf9ebe4eae297ca73f05a77c843d56300939e40083e535a1d4c2bf1c0177f33ce0b8ce4c1d84eef07f7f718cb4fff29adb9809ec7d8fa7bc921f41911052b28b9f0510aa4698ad3eee2e7ae87b05837060689c3a8125af9d6111e9641809ee31e221c28a501566900efc3d309667dc41e5b202c5f61d2f4cd49e44330689e177ec7fb9b407c06a98197621e2119a302e7866dbc0403b599f9bc8c7d1e70ef7ccd877d699dc070f3de0806daf49b73fafd3e734af2ed5abab62f1cdbdd8fa6cf4f7bbacfb2f943b906775
1787432030.33659 sweep:Generic OOK 4.8k RSSI spike: -37.5
  -> 255 bbfcafe2dfcf589e6f0e111ea6f6d0e0399aa79de142c4b860749fdef3ec03ebd1fa3892fcc23fbcec1736f1c2c00f8a687e1596948232b69a721034fee9f1f85eccfe836f7816b801d19cdf9931bbc2fcf3c0141d330f84ab7af9386807c3b3e3eb046474f63cc932331d843e52f0d9fcffd7320379d12ee36f06a2144c5b670c5f9719b13b49d3fc65f0fd162ebaf9aad3ee46a7fc7f23d698efd3c28fe36c2919fe4a5eca05da8ba947deea91e1bc28d12ed9952c731fb4770fdbefc4c3ed0df45b6fbc3fdf179a92762cb17c5c2758ed068ee94274f7b17ff9388bdf6e3cf87bea490c45c9f37d234a22f1707f87071e18bb09c44b77fbe04fb6780005
1787432030.336813 sweep:Generic OOK 4.8k RSSI spike: -37.5
  -> 255 00c1c103b83bccb8627392e5ae30ede1d834e4f5cf9d0e28f7fcf777498654b87040117eee04690c112d4a2dfd0f13c148de4dc4d8461849fcbeff0241af8b62f4c30e116b5fef4c9108fd129d11f77e87377d5fe7f348b873fb76b89485fbefee8f4c65cff8eaa6eb4881fccb03cfe8d72300e7cbf9c37c8d1c19bc303cb040274799dd63ffd0e38346e53c79c33ee29622e8703c02c5c9c23a6ffcb183d30c9bc7cb0f1addaf2ae19eb9a0a3d07c8c13e20e7f7e302fffc2e7e60da92a0ea70b5d14f26264b44b44f4d703090dc94a18d9d1301ededd3cd606f3b960241efe24f048304892574919ee9de5e723a38539ee0747b0206fe40e2de7f86f6f36
1787432030.337069 sweep:Generic OOK 4.8k RSSI spike: -38.0
  -> 255 5d00392deda3a2cfd284ca03afba51653ea83dea1af839bc02a22dd20070b8baa37fe2db22bd8ed6927e8d829412a4401ea8030a5a032160bfbfc058025330ea1f94c64c9b3d3cf3702fdf965f4c46a0e24e28be41e673c016192bd3f845d616740264d21b4d930b71c1ee2f511393ddbf08f2cd7b3b3c41990b79eb5ecef9c29193673eb0e8d391af8b1124b7b36d70956879159866f0ed820dbfb2c84a3eca21447d9618f9b7f5e76930e1988b0d1bbcd7aff28ad3fe70f42611fb6158d8727e671d3d29a2ff020c934372c2f6004f5f962ece2ca33031cb25293af2df9b111de1b38c3a61e33238f070ce0a31c91f2322da9656aa1ef0a57c9af83e7f82
1787432030.337332 sweep:Generic OOK 4.8k RSSI spike: -38.0
  -> 255 c92c53174018d9f327e02b5cafcfe86025a3efe043fb42633991568b87fa06ddebede67201461363f25f2ec459f351eaf9f88c948c1663f39b8f0494879f531331031e3dd48af8aced6fbb21165d43d939e3cef9cf7e63d9e0fc450a9940a2179a7347d45d7cbf03183fb307a33911c19e0f380ea27d89809404d19b1a2b370d5ea37c88c2445642049de87f4be7fef08fa062b80bfdd1abec7df35e0f450df1ab893b78286380d7ec77b074f828c74ef45e221a3bec5bb02fbf0f1e7ded0047ed29fa6d5f72000e5270efd0f886f380f82e6f1eaf8f1b685301aa2099aa7dcad9d70b3c36559c81c0c6c9e0cf1894cfdefcb2ceb5f661ac8d93983eb53411
1787432030.337558 sweep:Generic OOK 4.8k RSSI spike: -38.0
  -> 255 87b476318a4b63375ad3b1fe5f4f73a058a6c6cc7de63b67aa0350054016f9837410fcc36c5b2b830fd044685ed0c6c4e53b9122df9193cf129e0d5328ab1b783f8982663e407a98e0d6f0de060142ee2f80e0fb8dca34c1250f32e003319d43fdf82389e2c5a490067873be08003ea5f0a75c29de00da092db46fe38f97ce45c610f9dfa8b5c90fc0d269dd9ecd0dbc626126d3fb9a6614f7e6979d80eb2361c1fe5f5b0ad8304e5e9d642833d82020f050e190b8f99fb9fb290e0d0bb86e670f9599a2fe356210128a41f4b3629574d5f9c07a0fd1e3f4a958b9d047cb907e7fa5c3cd97963ac688ffdf98cbdfb835ca76accec6880f042f27eddd793bfe
1787432030.337774 sweep:Generic OOK 4.8k RSSI spike: -38.5
  -> 255 4df2823e3108731ddccfb9b1e4f975502a60eeb9380c87201506c6274ee0a61ca251e2048970499c9a3ff9f12f2c939df46d4ac1a631dc13c37964c0029b2048021777f8c25ce600470d1316c63be6c3a7114095af8d544a23771691c09c8732795e3fc3c709d0040120103da8c84f02f8eee40ee0996793fdbba5a91bef4321f4bf18f4e39abd524059f84c094f8c5779d4760613f297abc05850cc4c162edfddf627f08567d0bfdebf4b8d0c3909d334160dd73dc1c91d4576c0014f8112c86e0cdc8fa3d3b4a04c1f4a15210bfe01efa07f491dee7a46993764073ea2cc16ed50df212d7dab8e3f49b3fa0151af8742a46650c92a21fdf46f6eb18309bf
1787432030.337983 sweep:Generic OOK 4.8k RSSI spike: -38.5
  -> 255 8b07c760cf8fd5407ecca232ce2b8967106df8ddb3199c95bb85ea0b6e5fcec2002c0758753d39b4490f023ccf02327311de588eae17ff53d7a2cf94281eb78f6c0cee79f10bf8bd5f7a03a48746265acee90f5db2e2a4671d71f5962a21c6db630e2076f3cfc5a2601a09b123305ccd7f0679717f87ddbd9aaf1c1102e1c3e370c0746ed5958a48e585baf0e59cfc0f3533a5f0df3c2340383f28246110d273bef760852df061ce13e0e474209c4286e9b8a09ca1fbec8741406098efc3ca2183f3b66435ec388bd5020b1390e7973c8000ae0cd28f25f1f8708dc4f03bb4f1dcdecb5476714ee63c1a35d3442fe525c9a26cc3038b37ffb0c02cbd09baa4
1787432030.3381991 sweep:Generic OOK 4.8k RSSI spike: -38.5
  -> 255 8df444dca3efb97609fdfb9124e04e1219a08ff9b4a33a8c942803807a2314473f88cb4f0039d91c0a0c3d9567ecbcae05d7d4f02442b1706cb03f34d238370372469b47b880ba3f79b9505d2879c6aa778f07dcb9ec0189779f557f3cfb9fdc01cbfc2072313f0f40de039a2973c01ab6e7fa3da231300010ff98fa69260c7feed10e6b4ce53f60ccb652322d7d027fcb1e1f007d6b6974359e03f0823fb04a43c35f76398c1ff321007e386fb8161cb412facd86d1269f409c60e8cd0e93ea356c786ddd9666a1e19ceb19b64fb19a38767801e11324f131246e5ce7f61e5a718bbce8803a6fe469bcffa61c286f08b043db281895bf2c6b9f617d6efd80
1787432030.338447 sweep:Generic OOK 4.8k RSSI spike: -37.0
  -> 255 cfe6192dbcc3f0e81fedb82187e7accf58ff09e816248800640e07a4cbfbff0f31f9eb6e0c44d98bf573dea99905fa1f38dee30fcc9968c9fd61cff4275d3af39accf775282d9f22e198348ff12a0cf1fe6b3f064e31ce11b014a34f0e9dd3bdc29635e49e5ff278b134c26543a384d39308a6f0c349ee8d57248783cb2cef41881d1dc0f0b6287e7c3fc7aa418f203afdb33d7f13db3a8942e9ce8b8b5de00b4fffca77e61dd5dfb1e080c705d3848cb3d072cbfbe43fec3b8122679e054da419e5c41e98cc71ec37f93f0f20ffcd40a8cde99fa2ea39986c7308b704b98c9ed77b03d6bfbf42a877e23e62b19835c210b5e2dba48fc46c803b76d07c4eff
1787432030.338686 sweep:Generic OOK 4.8k RSSI spike: -37.0
  -> 255 f773a59cea0ac0ba905f78db796003fc2806c88a5a630fa37d2914e42f7fea9646f0bd8c06201ffe1379e45cb41205b44bfcea29d98fc601b19fbe7c8043ededb6c44928220138400f4ef3cf1f70bb7c1cf7710af18b08d4700fffd5c53d97767a228658efa4d0f1f0ae1e326d9c7e06a913b509bd72bd30fb27b8d2ccc1f97131c8bdfb69d1ea08eca0c9153bad679d1f82161fc5f491e25067ec39e872f1d39f66f2e63cdcc1614bc7b0c8d4f40f59d845ebef3c771cecf0cc41d89f81c4ea98bafe3f6277c31bf28da9f8920e16e219fbaf9b36ceca6d8e18f8bd6e2b11f266e21078e915f18927641c24effe7451484bec012e4e54bb7fc1b7fcc5ff10
1787432030.3388941 sweep:Generic OOK 4.8k RSSI spike: -37.0
  -> 255 a1725f737e169e9fb36472d67f05e859800c7975a0e0d03f5b3c3f3087ca02dd17998becfc71e9ef94a2b4cef421ec7f1efefebd9f3bf2b740677d0ab5866849ff867663c118d1e8200278bdf290fd1136ef47cf217e2b811fdc70c8d76ff6137c8ef104fa3c4aadc93c93b94387a8bb1411b4ff463fac6d13ea75f7b211f9e0afd0e00b743a0ca33bd3754beb433d5719b00380a80f1de64484167d174f11871d3cc77e4be3042e252fb6b106e009e82ba4cea0e3a49d95c1ca34a26440f51e44e9f2750ea41f49d8cc69337c4cf0127c83f963413fb97c1f8db0a72cf0ec59abc7d7b85611c1b219661044f52107ffb3dec6b648f40fe308fb8a11862dae
1787432030.339165 sweep:Generic OOK 4.8k RSSI spike: -37.5
  -> 255 2e608467137ff2378bbd181c2ee185a06960f5cfe8f176bf87086c3dbab205e98f1b8f0bf7774915a9d06f1758d8e54ef759d2bf9f324398bb5cdea2dee444f0ef99c2702d001d2eb358e3f71ecf9d9d8285153cbe16217e9c3cecc43f8a0b73392c07b8fe0fced9f743222c1ac28bf89d645d02f361988d23fe02003727c0812fe622a5f8155f21e810f782c5fcc59f7ebdee077a8b5c0c6a0cae400ff851c4c11c7d2117fc1f3a6634347d1f1630d81d6621b213ed83bfe2c3e308ba0e76429824dbe587239b840257f442a3930505ec3ffc4e019cc80063028c2e144ffbc3bee8a798efb56f3e1e2ebd40bce3c2ffc5c48b085aa0404a3b023e5b9a3f63
1787432030.3393862 sweep:Generic OOK 4.8k RSSI spike: -37.5
  -> 255 f878714e58ff1af7f9ca2280123462677a30fe525f1281b8b237af86227ba7802d2ee78b54ffa4e341b7cb530a790a8801e1b0ced4d66cc63e97feae48af393717dd511a9cde43522334fa3deb1ef8be3a8cb30bbebd7207814fcc9fe95aa6881c3fed99614d7f59b0901efe93089a20c61b3d7eeadc0153f0ea13c20dc6d89670b1e621987f10cffe79f010c82f59bfa93dd05ec0d2e4ab804bf4dde445746aaa7b62523094f8315fea402fd7ee8f7f52008f0c50ff7df1f7bb9b18913046393cb25601bd2642453d120c945387677e59f01cf03876a355f404cb57883ca5e23477c08ee15f89e3fa5c082dedf1ba44a8967a0d3d2249d9fc41652e869f19
1787432030.339625 sweep:Generic OOK 4.8k RSSI spike: -37.5
  -> 255 8e7f13c0f7c3cc5e1f80a37645e86de5c4f22538328c8e402f3fdc82691219fb95cf11dbc2509c363645621fb53bfb1931bfb3af8e0f84759833cc09d7efb14fe068963ffef6c5193598e5af2883833e27ce78820b35d8f883fd0451ece60dff24c6a78cb68bd5c20b43ffd3e7615542f37d54c399102242d5425f0fc3a9d5d03ad4187e71fd97cd1f325521aac37c965f185e521c1b7d444b33fed692fec3c98a2836670cff03e61c983b7ce11b83eb411c2781b8d02860829888d80b02e1a40f288727e88b726b464bff073e39e3fcaa717bc4183be1d7454b59ac2787ff133e13fd002c0708820fc08f95238ff4fff3c1e2348e67e34f087ff02f3fc2c1
1787432030.3398411 sweep:Generic OOK 4.8k RSSI spike: -37.5
  -> 255 18e71b713f25f73fbfb16e28728ac4f74e7ddbdeb3552fe78848f66e1b8b40350705b7e65c3c5f38539e96a9209600c7c9bbbd4cca59c0bb032f8043baecd813ab08561c1e2345b9411e16a317b5e05c7c6fc950a03b2079d01016c3c78f106f34b32b31f7045f9da6a33441601c7ef58066f4df0e792fc4f8c5babf6e5c23a67b347e941f2f925a0072367b9c93f400817851db2731c8715514937abb333dc62c4699c04bcb5592a7e7b5f97d02205131ebe41517c0b542b31f9d3407d0d882f9c0232c237dff6c2ce6c2c89dc51ed0d822a400abfc8139c01c1a76e0f5af83c067e6f1804503cd8268de0c27d71f7e487f28403bfd51ff51e06b1f1cdebe
1787432030.340072 sweep:Generic OOK 4.8k RSSI spike: -38.0
  -> 255 b86bf18a75844b9f1f9992de20fb8a0c658d83dbc5bb2c6275a3222ec96466fc2da25f7985fc51167659ce1dc195cfe54dbd997d13d619d1c89ac4fc93105d97ef7637e14e42a2fef40bfee6df2e1447aec7ffd4a5c08f0fe0a1d812084d6b00562fbc654889441b79d3a4001c9afae9e337613fd9973b66191f4fe1f9dd7e6869e04e6004478f1f9acf08be636d8407e7720b95b70607f7bde0415e7d8e46b8aa0ab5187b9d2d60c8fce7b9b301cace6a3527785ab9c53df93fc2108f89ff07e104e03cfcab8aeb145877f6df3faa4efcfc0deeb517ccc5cb87fbed87873f48fc28a13f7fdc782d6bd965e800f516891f201d68e8a7b4322862b18dfa4d08
1787432030.340301 sweep:Generic OOK 4.8k RSSI spike: -38.0
  -> 255 6cc19133480c7c4386fe0627c2e01d932c80184bf1be15cdd0f1d73814afb470b0200c6914f3ec468fe6c8f47507a3c00f2bd478f14d12f65adf76d9105a780c600326e133b7a219b046066db1d73bb8d1f741db86c49024624b3db6c6e099327e82e30ff7d210ce28800f98ec982a5802066f83297c71950863f3f5e6dff0ffdf29f1d310718f0916f7103296fda6a9857962fbd040f0ef7ff88b2d5fed270869b5f16df6ec76797b0b757ed1c36324237c182dd473199ff7a003e5f31f99cda57718bec8cd179c3de2e12c2d7dd591035b2c1164281d4666d4338cfa0d760ec0177d6b7764149a6a49f00ee19f018be9f7115fa9ddcd59e75fd2785308d3
1787432030.3405309 sweep:Generic OOK 4.8k RSSI spike: -38.0
  -> 255 702438dd23e2102edaae40ba6233f41405ce0c8a19f3f7f7cfa1e0258a17b0a9f1c30774eeaf3707b8fc6165fde2333fa362b892f904831b5ddc1d21b83c844f1190b0232ca1f108400d1b96297ad187ff5a3291f0e308443f8e3318f0f77f6a60e786973562e3d788ec1eb89789fbc629db728ac30843b7b1e4e8101ddf401dc41eeeb1eeb64c4c0e75b9fc39d88f009e673f380cfe2a3bb116e09c68cc616df1feafa58146f418efbae5eb09c0339b1ff87b5c08310c304f86ff9bf966ede4d734c19442e85d5ef9bbc1492730bf2c31c70957f2cec42233d04b86e1e069c297ebe6bfff89efbecee7e5a7f98d9dd8f77e0b8636d2c0d6c311fbfd1158f6
1787432030.3407402 sweep:Generic OOK 4.8k RSSI spike: -38.0
  -> 255 1bcb7fdf9507a18e13f1c62610a55bfdff9b83a4d27fb798046974e966fb8b2dcf5161fa98194b23cc653a2dde80fabbc30937a381bfd2e82f4e7b8331ef7eb8b70bed80ece717cf86959c6d7cff82fd0e30fd7b371f4797c15febfbf19bda418f9199ef12efc05890f2f7db082e06e326b85e5be21376c36968d03c24e208c35713086ac098c0e2e01b103c77a82b81dd840b4db0b3380d93d00c04478e2373d6a30e7795780e0a08ee2c8dfe48dfc72084fdb2c9041875a3291db0ffc5f016033d9c2ffa11331cdd7af38bad16729402d2bf9c6840d86123981181f4f76409eae41d0a1a5034b050c2117eef8a9fdeee82ff097b002424fc3502139b01fd
1787432030.340959 sweep:Generic OOK 4.8k RSSI spike: -38.5
  -> 255 0fa7a046de6a1e362ad733fbddc28500fb000b6915a18051a0be67c709c4c82655939d65ffd3fa8ed9621c71e84031e66769faddd60d01ab41b7c2ff83c036f41f0e0f109439cbf91caefc587137c121131f44b676d9cb963c0f8441c3228367191b7e9beaf4bb0dd159fc2a5d40058876f5b6bc7843f7da6df630ddc6a5a4756f3bfe64e8d2873538788000e7135f81fef94b8e155541dbece241816399b0efb9bfa4f74e4f0c79c5e7f08477634c768972f21c6700fd99ebe0031dc808a225787e22e8ff0d20238bec0898100f99398b664773e16c73611071baffea1fbb1e47f22ec2235357d6b203341bed4f3e80ad1f55ccf536efe6c018f11eecba81
1787432030.3411891 sweep:Generic OOK 4.8k RSSI spike: -38.5
  -> 255 7524c1b646195f00658e1ce0ef2f71586ce56deff82243fbb0f4d1587a4b037418af3ff91a0861235003f74d1c7704f8b47075cccc109ddc3a8f980fa9730f308e130ec02ff09026d0b509cade241b649fdc178c7d67d3ec920861eb64df1dbbf746df72714be7c17bfabe7ab28d2f95b739b704c87e10703e631c5dc274dd8f0859f3777956077e2c7bae7d00cde18c78c607babe730d55dd93c608d9fde174ce83f01dbc96af39f3f7c001fc3443a552d007ca7e51108710bf4605858a67bf14b0c4dc13f0e61bcccc108ca2451e4b8b6ff1da5dbfc063d7fb07556871d327fdc402f1e0c18fdf58f84e82c65936f4833997c46559de31b4126d984abdf4
1787432030.341393 sweep:Generic OOK 4.8k RSSI spike: -38.5
  -> 255 b77ef6427582e1e53ce53eb89f2cb81b83103e070389c1071d07f3ff992f49ffebede9cbdc7be1b04e9fdd40f470448ff4972c3dda09e1fefbc591ad384c603a47cde29420553c89f47b633d99fc8cde7d4bea9be3b0119994d1fee6d461c53abe9a828578fe102086aee9c0ce7150f04f9e816671d47f4afa83e111be9c566804f8a0a2f85783bba65a78e1dcfc02503c88f91ae6634a87cb3de86581fd1f831e0dfc2cf500c190478a9b9532568183c12045bcedcc8d10d735b0bd6798047cc32e3e0098e366bcd450eeb58b14c9e670ce021e4ff2c5be361e5ddea242ab09bad807c5327dd05ef867c490723d84a01f240a7e2f5be67fe0c3bf095d30a8
1787432030.34161 sweep:Generic OOK 4.8k RSSI spike: -38.5
  -> 255 4147652c51b5dfd13fa41263101131812d5d6d00cc7ab5f2a219d890d813d8ee474f4be1b69859ebfafbf827dd09fa18081af08fccb9dc0d79e810404b8dfe1e1de21fb03f381fe2d8cb241ac0c38a86ff5ca954d14f5e20c45839273608e87da8604d8f1633ef9e8822f02c1f1521fd2ba0f587c603f0efc0e47687b73b007a734c06418bda58cf2324ff6f084f0000af12f9fff40cddb848864c07c4bb1c87d8ccf76be7faec3e0e5b7ece3bb638dca034b12cfdf1843ef73f815b8a81c0fb9d799e07edf9214eecb403f80b863ea79ddb69e3269ff934dcdcfe3b792a0785c0c3b33443bcc50b4121d1b02b11e3e7c4139fc6c5f70588d15310f7fad73a
1787432030.341818 sweep:Generic OOK 4.8k RSSI spike: -39.0
  -> 255 756bc8609320500731dbb8a4ceb7fe0bf796771c7066763b881fa00c449662f7c2238042f9e2f85798ef21cf71f70e806240267589f06dc08b77f1f10106061fcbff7b61fbe9f0e44ae1cef0a748e3faa305c311177e6364e0b86d8e830e81dde06803c27db7597fa40b003d081a0cf08bd83abcef78fca2103c3d6dece18fc8e042459216afb9139400190f227cfcb2b710262f0b97527f2d7627f43ffa3624f22c0910fcfeffb1f1fe0fe198e798a17a613bce353f48d240c6c1df09b303ab42843920c20773ebe7f03f611d2781f0f9a467cfee650462131526b71f86996078280282e47afc1f4a083ba2b3f5bd030b3bd6e7dc0380c1605d7c1f000ffd
1787432030.3420548 sweep:Generic OOK 4.8k RSSI spike: -39.0
  -> 255 c7a83a6775870d343c0401ce4f465521e1cb9bcfe3bb0b8336fdec32a88bd827c18633471b99e3d8c5be72e87bcf188c5bf047102f5eacc61f2f1b183045c390f93ef1da2759e5fabcba779d6dcdf06a36f4ce7b8b21e90205b2067099dedb7fc8843cf4fe85cc23641731e731eaad2fdd10408bcfd9633a231d0bf0f99e03c62f776ffbef7d0fa1abf7dfbe01f6fe1330dae903f815ff70d6ea3ce5f6cfbcdea4f38bffc2722e3f4a4c7b1f48a2218de352ffe3fec08dec993354235900ffee2bf35bd203ca9ee829fdc6e7c4ad2c73181730d2da9a0206014fc2d8e0da87020153f0003fcfacdf07b73fcbe1bd8aee2881bfb9d33f4884f50c56700395e9
1787432030.3422668 sweep:Generic OOK 4.8k RSSI spike: -39.0
  -> 255 e1b87a20fca9eb7db8bc77f9e33e04717009fe6684dd2180fe2078f61ef800b7de3d051dd3fd9f5f07aa02d6ee474cda13aecf220bf1e4429c77c0c865da38c340167abdb94011bafef5c802e6868d75c90e3f05c857335337cdb812270596714de780e7dbc27e956752ca08e011cc7b7e5eff53ccf88796724f021f007200f9191d3c4f36a07ca7180f61f0928f86682c8c53bd3a899ed50381db8bd9c60937ffbb72038ee739d01187f6e687d4a6683ea225191573e95ed6fdabc007619bbd32c6326101280517fe19b2a1fc3c4f9e80427748b83de47475e719f0c6c07e3f160d8cd2cf80f9b9865cbc0b3b8f0af9f8e71b7ed077404a9f664aa89abe4c
1787432030.342481 sweep:Generic OOK 4.8k RSSI spike: -39.0
  -> 255 fbe8fc18ef694f0cd5c62feaf0fc8e64b0a8e399f22d09e18c71ca7e68ed63fb472e93246c877a0a2381d463d79c0b06038e38ffacb5d91a231dfcee1ee9236c0a719f62dd986e47702c3839d543690a18ed24ee9376ceea3ac2543ad69e8e2a3ae6425bc005dd6fe1d4c0b774f20fed9a0805675fdd327ceaa418aedd85867fdcea7da18d41028147b83e36bb2b162f231f81887b7cfcbcbec01ef4eacdcd065ed8baffe8e89b401bb830cef0a32f0201818464b9feb1b0dbad4f45a4d7ec23581fc0b9cc08607a8cc79c6a56e7e7b53f20dcfb12303bfbc9a1e1fdf74e352720e4fe6fb35941e05347e43ce5a7f367c7d013277eef76b1033cbb4b2547ae
1787432030.342686 sweep:Generic OOK 4.8k RSSI spike: -39.0
  -> 255 df460d83716707aff97ff5c547104faca523b1fd567a91648ff1cff1bed7f076c6c2afb63a90b80418c617ac3c7140ef2366134de03b40700c919fc5f96e03c941b810388fd55f20a0003e617c37aee64fe73c1ce8423a9c2c2309ba1394e1f6f1ff2d87c3486ae4c8c22fddde6c19f0b0b201d4d4eefc69e9816e7da18dc8bb42cbdff820d92e6fdc45fe034672cb50939da2065fcb3b93caa20114b2e8bd9bc2f0c4783e99134cc92f19bd47b0e99ed86080180707bf7e1f8fb927ce8570314194004512c671180cf89fd3e24a6ec5ef006f4455d1f8579f707666193a1b4a6ebbdaa2dc8000907e1a0f9fa7da31f5eaa2a8ef0daffec1381b1f1fff535c
1787432030.342894 sweep:Generic OOK 4.8k RSSI spike: -39.5
  -> 255 04c573e2e03387f3f148cea7d9a7fcf30237df398cdbaecf8633138e13320ac2f0eb631e13dd85eb8f459e3c4288f9cd18f006c8046284cf71bf46b3ca2721e469fb83ae475d90ee5519712fec335ffbc1a2836094e6a86e9b9e5d9ca031a8fb4d73cffdf3a0122be66e9e9949ca4750ffd363b231d6887640693d22a7113aa77280208c6859d00210bf786f4d3c9f83b4a17467240a94870023cd193114043479fc143df0a8b1fe98520fff70e44cc1d8c73027315361cfb1c641a75f1c040e60db1e23a8691e71e6e07452888ca0b75633f4760556ab8a90cef2303a61d4bcdf1ae43ab4b02a2ea12e05c37f523389a83f8422ee2b5354a75138fe99eba1
1787432030.343165 sweep:Generic OOK 4.8k RSSI spike: -39.5
  -> 255 4041d77371047dfb3ba42df3ff3f4c51d06c1312d9061910a778ddd03110a42f0c9dc239e4c2380993172d7a8fcf7d368538f7059a8d4c5063f8139b2fff20b4863b2b375777bd9bcdcc9defb2cbc088490c20a18fb3d8ed886e7f0990fadad5e0cf0a31038c12fb9cc1314a2070dbb824bbf1a42a3e3ba5e12ed84901b9293104627a0c820cc07c5437d1f8a391c5b773fffc2f7e20b96a6b6267db9bb652bee1035c007601b0c151e16c64db3c2bdb9b207ee80810ca28243d4120dd919d6baf6407db59e9b9dc53d1f1c6072b0a2afe21eaff8716ee1c9c4c6d19c1837e54750c60084030331ecbc5a9d008489f0dc43d557dae1de175e26f987c23b61e
1787432030.343376 sweep:Generic OOK 4.8k RSSI spike: -39.5
  -> 255 32244f2f677eaf7e036007aba26e3ccf3feb6fecece18057f305c706f76373e880f6c1ba15bb9c1e3e2e5360e69c5fd80e14d311f7b5305dc57908e00b3559fcff54415867cf214c2a68e819db01c0aa5d518c163ff8c1dd387c6dd0cdf6c859fa96fd5a40a7322e4a8c7e741caa87e9bc0c8870ef82a843609c862976107996e2c5820263bf97bed32431527b0903058ce48c814f4e78ef43c39ed93f99e7f9e9e91c29ad5f42d15a38672e3da61fdc1e2ef0704cc230991304b80d57f006b80a74418266eba6718f9807f68067683e984f05b1219c29dfff60eac0f5792e1851038cf1e326c3f17670c43ae787a21d668af87d11eeb34444cfe0f665cf99
1787432030.343581 sweep:Generic OOK 4.8k RSSI spike: -40.0
  -> 255 a1e8b76e3a53a637318ff2ce3f00f8dd318fe104741b900863d8fc2380386f3c35d31f9e3520812cc9aa28e1663e0b1dbc17554c767df3d6626f8b960f90c2cefcd30a4bfefbb8db4599dba404a50479b10010fa3c7f81c07a11eb5c4a0c884f5a797096b101454c281b43827800a9e4ca1ff798a44a1d987fb2267ea123827c81ef994e9ae0a7007cffd78493c4dc9ef9c911df40b41af9f0083ee3d38c25cf437b6e72f6ec30c2bbe3d84130828fa01396b1a512bfbaed623718cf32e5bfba1e7a79031450ce247cd005f076112cfed874c00ef03b2dbb8f03e428a14c62005184408c6d7c25f4e12f81861f8b933e0de334dd2e210eab88fd1e864c758b
1787432030.343801 sweep:Generic OOK 4.8k RSSI spike: -40.0
  -> 255 edf237a86de1a1030d9a838dce8727fc226175a30600dfb7607fc4850f431e6081b33cddfee4ed79985e7a61170ab98f9a75fa12237c5c26c0a79237e6326519af23f080ae08f06a70767f8b7dc042f179fce3fe9639874c4756c86144e1138fe8695d2dfeb3affef000537c8a0f29c8ceea6f051a42b20716e23f87d99de469f3e7d905d010e124281b04209d6977ef72ebe581ddeb0a8ca144d2dff1492fa0c8100487b4cfe9b2094f47c8c5ffe42d21d5f4ca8e21fcce0959118cd03bbf79816f9d624f8e5fe4dcbd074b082de1eba17be9bef7b07c3d99cec5bbaee63b614b6666b3ba37da5035c48d4f8369b53244f0c0b7d96a34260019686b65efe1
1787432030.3440561 sweep:Generic OOK 4.8k RSSI spike: -40.0
  -> 255 ff1ffc03234a378fc89397c78d132c2c85c80dc22c13c6535402360e99a771bafa23c01c04ceb03aeb050eec25256dc3bd0745cb31e4b702367b7acbd3efad2ef8bfff1ad1299543c399bfc28a90f0ff034c3059f6b433a67f4055c990eab279ff377cbf696d5731b90bc679fdbe295aad5f309202aa3bacd85b4d2f33943562fc1bd7b877f06fcfbb758c5c0fa43700a1dec581ecc1b9f2c60e9da5ce10de220a21bcec67d6e3bfc2400c1eefee3bbce0652c88c3fdbc899b841611f33c300071e3340116779a2106b782f0ce4be0f1c04825f79eef28632279d876fe88daf7161f6e450268df83d203e0c09edd871ec856196460c6fed88f6467dc7f1783
1787432030.344265 sweep:Generic OOK 4.8k RSSI spike: -40.0
  -> 255 248a001cce1f3a3fb3ddae7866fb7ce9f6dce4e7f67100d94ce03ce2ff7702fee92241ced931def0617dafcc0fbd2713e7a22ffa7a3fd2ea1562b36c830cc317e37d65a3c047f646663316327668cfec0dc8497ccfe68744c64766b64cc83ca0d69d9c763c197b89bafff4698e600495c45d03c0ff90691cbba6b5f80165b65e36a9ffec85bc3043458b33f500765d4fc4e40d60c19a6ac8cd6c86c839d6fc1967ffefbf6ea125d9702e8034b31db2b9db4fe24a5ed3fd053084d67a7eed5e3c67e307a9c3f7cfebbc255198f8f03c4ae211b6181c903cbeeb1341de9b83ccb58fbb444122806c50000f8f3e35c0be328ab6c39843389bcffd46ff00254f80
1787432030.344471 sweep:Generic OOK 4.8k RSSI spike: -40.0
  -> 255 2a2814cd6c04f668efc67997065d329b9e70b64403a658f53e05201be2b62800ddf5cd9a6340d839b60d3363eee706d94409483ca30cfe9673f8c4688d67463a641928fcf04948ec7edce42711870fbc6671c1b17613df17601f0afaca43f5c7e765014ac3df9f666f1b22918fd38015e39de1e2c1c47c7601f8d40d3991dee4f6833b0a7305b7fe83e4e502edb3d96069fbe6b8f297477a26814f280d990bd494a586389ca2662bd93dca4347e1ebdaf4189955d4152ab90d05cac7ff88542d7314bcf8f423dfbf9d3cc07cc4dd3ce072ae5dc6ba02478015344fe42c4d216df83383df68db657e353e9e82e7da2d66e5bc87a8b0391f8674f23861367053
1787432030.3446789 sweep:Generic OOK 4.8k RSSI spike: -40.5
  -> 255 7b4637ec48e74b38a2c2fdb50dcfb1e40c39d65978f3e2b876c1608fb5b6c6f707be711fd54482a0f9a8be0c00339f06ac80772f5a0ad230d84699fc2a0803487df1b91dae35a9c15a62c643b31ff228719b0877309881f407eaeb53138cc10581e8cfeb74a8aacf167abc21ef5fba5272c0c7c6ff4dec89d1c1e179ff5a2602c047b902d84c3d0e8cd0800764eddc5ef4d6cc9601d4373efff89dedae1dad0886740c0ce02bc3839e705d051bda22234ee79244880db2d233cf28304087989111c8dd837874dfe13d7fa6905b35b172c325d91fbb587f4c8989e5868e35fe446df1ac10c88e80bb6a89b5d52cddc26687f85000f88cdb3b77dc0b13a63f4c
1787432030.3448908 sweep:Generic OOK 4.8k RSSI spike: -40.5
  -> 255 9fe4fb761180fc6543053bed910371b4f79c3e6523e9dc4c1746178f5b3d83ff56fc93e0f041ec2805b5f8d97b48a738ea81dd95fcec000ceb001282ff3a7d40b93beb9aff104d2cfe3bff70c03c27fc3fd3ff6cc7dc90ec8fdbd7356121593b84005bb520fc7f219ee0fc021c207f21c17f37fc047db7760bf1e9f7483fd94e30770e8908d21ca0bfec246b585efc0237bb813a10106998fdb2f35d2fb0bfce77f0ac663cce7d61f55191d8fa18243991f6c060df84070c71ffb6c45307092b87fb52c1d0bdcfc9859d33c7004d96636deceda31a74713d5a7f0bcfe5ef2405d4f8ecb4dbc0fa07c2023ff20d1f0d6f0a1388ef7f9fbcdb9a1fc9eb82fbd4
1787432030.345161 sweep:Generic OOK 4.8k RSSI spike: -40.5
  -> 255 1f11e83d566f839f2bf679468c531026eb82464bb45d5e9b1ed64c98c9bbc389a694da3e8129825e0000672b4419b535fbf5b01bc9f9ca449cff0639ead3b2034900bc091ce5a3c84053a1f04cdfac15254f927db3f788378f641ba620f764677646b900e315370fe01fcd613b35917e17dbdceb8bf19938bfe330d3699e3088fc13efb1a29f36a3b7d3d937d0d74b63e97722ec9e26c99c775edf60865cc1c2b6d87e8876e08bf841d150ff2a4402234e8f7e5c798998d009bdc133ec7071dfe4d72dfc0a22c8068bff6eb05e0c6c1fe322f9ffaa7c93d38be9945ca448663ec98c26dda0243be7febe366bef9f3ecd9a1aaeb13017e659d4e835c765d017
1787432030.345367 sweep:Generic OOK 4.8k RSSI spike: -40.5
  -> 255 fbcc0f00864c6883222f9e61b9771ae1a286fbfb2050f0dc077e14c2278ca291f0d44da43b392196162e029ef6de0009f2e0d435756bb8431ae097a04dba7ff17981fb920c4d1c1fa6180ff70f9d81c7d1e09719ed7e49cbdb3cf64c6d2affbf7887f3408c81be9fca783cddd7f65b2c6dfac64eabbfe180f5030f72e3848b002ff73204381e3347ce7db104dfe6105e2953bf2d98bfc36a38f4bdbecf6fbe6f9d83f6c172209cbe5322ff86679f7a96f97b9ebf43c39b5e6f65fed873bfa8240233ab1c74615b585a5cc6b400605f4cbb1c86c7a28a8fc1b23657b25e93e096d9ea47845a7a25e6418431bce27e30c0526e01de5d8113e291c51df19052e2
1787432030.345582 sweep:Generic OOK 4.8k RSSI spike: -41.0
  -> 255 64503f1f0b81b19144383b91198c8b7b00c995ef9c0f6ad97f81e04f37bd31bd8cb8b839be63beb81baf3f075d2fb3bc9c8bc0d81e5532b17654e7107b20cfbc2373bb8fcd7f8bcb4a819c6feef520f7fcd85d813efd85e40e062f0e96314c773bb43604970fec96cab21c1a063235fe7f72219e4fffd77c10917c36367c88e8f3233dcb5ab686d178b8c6016c3f6f100d00ff824d01d4c6051662e4f3faebd81001c73cf1380218ffafcd880e7fac6e0da8200995b0f3b39c6c2759e1d2058f84197b93d930f1c50f8ae720709a124365c6bf4cffb85eef7f1e45bec174bf0bcfcd20d2f166720383dc45efd0e652f9aab541fe08d78cbdc8800c5e74d77f
1787432030.345802 sweep:Generic OOK 4.8k RSSI spike: -41.0
  -> 255 26cc9ab9e22db5cf99fe01e6bd4a2c36312bb87f2f672fd17ba16662180d1601077bf8d88f770e284a90dcde35e23c48e37dbfbe1df9e03a6e7d9357ff3f7be2f371a850f6ce6e5ff37e67ca23a3dc2488d3dd42aba5beda0d646ce43e16125723fd6996b4744564d5ec9b67e0857209e07f71f4adfbd8216fd500ab42c78a24ffaf7caca8fccc860facb17720e40f0090d329cfff9c2df06e95020272604971334cd21c3e986e58bfbfdc5c0403940aa66db705e158368e9fae3a0f5213885ceeffc1a0d95d8f56bfe622bbdfeef3a4df8f947504c3cdb77c47e8ccf687500ee0ced1bef72067e416f07730415e50ffd81c3cc87538efef078aba3c57012d
1787432030.3460531 sweep:Generic OOK 4.8k RSSI spike: -41.0
  -> 255 597931d93dce8b16e476e5af4640f3cb857c97f8091f9a6c09165c162901e7dab14e92c5e0115dc5c935f53dfc297300c3378f68bbf5f88fe40fc1011fd248103d196b86133b70ec21b71d2678fcf1f5cc0ea672d815153dfbcb1c9fc042417d2396650be6fada803d918442dee0933a735a60f4000772462a5f3bc39a6659ec0962027e67af079a98721748373bc63bd9f5b01062dd9f83dfd8ad1e3a929186bb5343c25c72292b00077ecbd63c3d0e9fc6f140f07f775dd16689babd9d180c313711ca017b2ddeaefdc24bfc07bb3c001008c2df391f55dd0f0881d263e119b60e314c3ff537d8983bf7c53243f20bab31a71b3534b5fe60f211ae613ada
1787432030.346265 sweep:Generic OOK 4.8k RSSI spike: -41.0
  -> 255 8db2927e7cf50af1a250869ea70aac2130cb0462f1f65bb4b375702af1bd33f4f70b4e75f9eddc8ce7b06c90bffbc35792dd6e1105fff618efc7c619a00eb3f3d20e45d3afb5f3d9ada76417f1fc5b6cffe77059d198c607ae043fc484e1770644f0b0daeffd749cf53c868350ff0c7eb3780ff13379484bff0ef1edc3af95bef732a813fddde0e979ca2b9917c9f6f5997e17e18f0deea00ce6f76287e1783a37f9bfcae60588973e7ff048cffe0258d3ca1f06239cb098bea0c163f8069c1055f262286db1ec4cf03db5be1f50c307170d3a994bbc8fcb90d24ee2e3b83ba24b96f191823705cb4a31f9bdae819676d3a5f3903718c7e41e8cbf0851f07a
1787432030.346474 sweep:Generic OOK 4.8k RSSI spike: -41.5
  -> 255 5b79c403d2e7341e45c713beee9977d9438c525af6632fdfd7ddae6f8c3414f8f80afcfe3660ec8cca790d81e76517dc5a1685c92686b7f85f0fdefb865ed2a206e171eb7a06ee5fb71de9cce2f8f892e77b38d9660be332a185e3a1772909c75a101409e2b86a811baf9ff3e19a1931bf3f49842af3ca089a86c77401da76721f7fc1a2e6bcf61a9971e6ec2c925c61ef0ae77d187bfd77acf6894e9df8b6063fd157fd1cc07273f01e1182c8f3847fd8d7c39e273e93eeebd4b9223387876e84bb39f32cfdc0e6db0905d906fe2648bb873e806f084e60bddd8f43c78a1e09d19ddd64c1fbcdba68c7389cfd3d1f4cbf2c353de6d13ce746c13d1cf7f60d
1787432030.346837 sweep:Generic OOK 4.8k RSSI spike: -41.5
  -> 255 cbf0c697c631f8c7e7281ab3860b19bd68d6ac01f268c1fec9fec3bfba95bfe546c87dee9613876ced27087b4640082366baacee87e4ffc8780f92690c014c1d7190f6120378fc0a718f7402e302e4c93f09c8d46248990e0fe1fdf307245d227581e07d5ffc01bc4dde259705e59f52a5a0fa3348a3548bf19e23e288db6465b017fdf3102e8df30fd05706d0febcc5bb45e9b7a400b2a3c2f6eec2bd0b75d9c407ae01f6a2fecb2781c3d9f83e7d58fcb86e21c16c478bbe8c41ff8c84d787a07812cf81df99f1dfb191d274059d013046b886067d26f32be8fe12bd930170fbfe3a674812b96bf33cc7896c0bc62bff7201f130f33c70bbd275fc070817
1787432030.3471591 sweep:Generic OOK 4.8k RSSI spike: -41.5
  -> 255 11e7271be16a42c8fff27bdd0ecb8496ff0bca9a3bf0cb10fe90e21e5f5a70c1bb39d0cdb941c19dc315b1d281e557e80b799010c8218f41ce781de8625d27824c3a0a723e34aa2c84e7ae588c9836be5e9f03adbd25818757a37c3dafdbc247aab38ceee73cd27e11ef3f76d103dfc4b11b0d796a911d5b1e6f703e1c671159bd7f3f5bc637dc230e8919f01ed9e51ecf7f69496f0fe7500334c76607e65e476b896575e8fea8b43896279998671ff6bc6af341df0efc45bdc01c0eb061cbfe7eae3f1f63219b047717cf00ac91419fc9a5dcca12006fc4458f5b34ef99468370185b6cc2219f411d0067837848032036077ec3cb37decb4e469df821ccd7
1787432030.34739 sweep:Generic OOK 4.8k RSSI spike: -42.0
  -> 255 a06fe2262f8aa819de418c04b78ce0ce09bad6e01db5a88d3652109ca2b28f814ea7bf5b2882ee08d94b0e3e42fb5e6c5efe0ee33f070e95d3537f3efc9aa1039c2da20fbff791806514ffe594a8236a7c665c7d30e1d0caf778226667ccfceb2a7e34542afde38f042c00999e3f97b44338348a221074e345b2bb972ec3ede762d4b05f83b2ff1813cc3a9127a38fb6c3c21ee268770d02520f38d8233edecf8b03185efdfe784746065f330355ef9baedc341d3e91223fc66782d2c5e1dbe58d1ffc1c8ef5e91ffdd06c8caa5b78f1559fe0abfe6d3c0ba1c0d31b4dcd1508ccac3d31c46fc0913279944fe301edecd1970ecc8263083b940ef0bf32dcf8
1787432030.347615 sweep:Generic OOK 4.8k RSSI spike: -42.0
  -> 255 402727a5c0fae5c180a48a053971090292be1c92b08f1f8fa5d483f1f5c0a0df04a1f9bd22400fec3d4001168b81b4d9de63c3042570b8577cbfbe6c1b04beff3702bef21f1986991c1fb55d91e963fc1c4d803fa7e3f0d889b3e004f118df20912b9f4eefbb7c6fb43ad4863aab47ee9bc34c00517078605647bad0683e7d0399bd7f04cbc002b711974fc6efd60e00e343bfc869a07682274644c67930bcfc2de28c0c6f3310f8ff1b5f50574afc6f1410f01c03081e1ac31ac76895ddeeb58e171f573ef1e3ee40ee330fc03f05f2703c707bfa67d2307fdb6e1f706ebe198b9a37eada0ba81ebf100d3378fb6e8a4e8977916620ce06fef364134cf55a
1787432030.347834 sweep:Generic OOK 4.8k RSSI spike: -42.0
  -> 255 7583be7eebd6f5c243e547ab0a3fd28a4637dff43b043faf32fc06e6b937e0df54ffa11dbaf30161301031e50cc0ce4c1ff23a701f7b2f5a041cd600821b39167bf472447897990279003a0b81603a1f633459b0471d99cdba33712fcc45a2bb7b79c5468ad58fd4773c6ebf93f7d45471d7f3c0e88cf444004606405f44247f97e73c873868f88640d9dabee520747038e1605c77a08d03f5e1b5c122f9d28de72fa8de05cefad733f1118865c8e27f144db2d4f45cd8e43af4dba99fcf21c830b8cf996c2ffa3bc3c53d01c61dd5f0026a0f9d45baffdb8719ed41cc46e5e01b420e51119de9050fc7d3eee0b70705383b84d9f5d0eb1bc0e63cb8531af6
1787432030.348068 sweep:Generic OOK 4.8k RSSI spike: -42.0
  -> 255 4dc771751023c071a331e3db390218363828067d728b66ce18d10fada9543eeff89587e51ddf7545887d0d808f0094279e4244810da70c0312b3e02ca7a0a72d3f2f07a7da0ff388c5147a359fc42f79abfb05f333bd83104bb3f7edb0730005b31ae94935c7e0cff4fc8eb6b8bc0eade57ea95c4c80f674e5056e1183d237e80e8891b7f982110f7223487c02e66cf50da2fa32ca31af659f7e6a58fa8647f30081542e18e3f707dd0833a708b03e25089a7d7e9262718ff02124e37f3797828471864fb861a158bd32ccec47ab6c758aeb7df872f0842aefdd390dce3fd8470efe1d2dc6a6c6ee677be71c0838cd1b378c6d8f71be6f67dfcf3e94d8f502
1787432030.3483021 sweep:Generic OOK 4.8k RSSI spike: -42.0
  -> 255 831865d7923059837a067187919679cda0070f8bcfa34075703783f05ede5c7f8df601bd8045e17eef907157e323ee703a778f91c1939fc8d99906bea744b9b2c17f86818c7e9d7e0d70344c3ecee43ffe9078f498e1401da82416c8ba5b60e00531c1c19fd8def0c05c538b41d9cb8adf7ae2fd6494ce21183f386de52f8680764f533f6067947c0cd7e7407e2b1c65c97a167682346f4a7d040a1a0707c87a400cb37195e7eb1cd08f59c075f072b0b63fb4400e69c1e8a00decff5658151f09225969e5d739c6a1304d6f8f98ecec6a4007e97e4a2b09fd1bc7dea678feecc57b88d93a1f098e267b32649cc93567f8d2c8b2e46081f7000b010851689c
1787432030.3485172 sweep:Generic OOK 4.8k RSSI spike: -42.5
  -> 255 001cf923697eeba2fec82cb41ff4fcc18fee0ac140a7a226f995817cbf0be717a7a9d625d9d78a8472197e3c225880f3bf887e66e7d31fe22f1e7c3f17d70376ab8dbd283c8d87cf3af7f1e485308593be265223bf93649ef9f3e2c33bfef90f6109c96837ffe60e1f30f7bc0212619409a0223026f2c3d6b0d998f2e0fa864cf1e59cf563284b41b97403f453dc94b818e1434b664567dafc1255e1e2ee64411023448f49ed5fc30543b9dfa616977b02163a77256d03ac1c9138633ef9cc0306543f60cd52f29530d1ad0690a20d6e2883bc752ee2ed104acdcee7e9f514997901fb0ce7a4ce5fbf345b09f2c25c1569827afd7fa089ff0c5ebf384f8d87
1787432030.348757 sweep:Generic OOK 4.8k RSSI spike: -42.5
  -> 255 de1024373fc211dc1ff89af9d7d8050ebb4b7e8aadb86f3f3e7d78db903476a5598f10b7922e47d392fca6da31ee1787ee072ef8f2ee7c398fa77e20c01d87b034167f984736c601b570286f5f26eec055c48f03e00ef94f983a50857d45905b17ddb844db579419200c78ca9102561907e0cb96312c9fc018a92d14a679e0fdc5e3c75fbf74092a57a4356e7fc80493f7e8712cc46360692fba27c16286873991580959f012732bfbc5ee6ef68439fb080f4dc7073684231044be748c95222af438c8051f417d4a0f6bce38038287ee61167c133ce04713f31e3e48fe31d96c5183be9f700fb5e0f583dfda0d8360938810606909ec166c1b8edca760879a
1787432030.3489761 sweep:Generic OOK 4.8k RSSI spike: -42.5
  -> 255 c0304da7f07f36b799cb867c10d6848de721589366f33d28e01878307e99bbe0e33c0609e636b42836b18a2f74ffce3a2903b2dba645254ac6f1f8778af20d47e9f461a0b06ec3f7f4c61070cd65e45232981c84066f7f7f6aa001357000cd91bfcfc6e197871ea6df3a1e0bf04f9fff7a233effa293221d7ada73628d6254dc4efa00f7ceed999ea266018137cd0916c2e6325230e18b1cd9af238ffa62e18ba8e0e037dfb46bf98fffc9ebbe26c5a1c30dbb298fa0a8836c23fc795db2425c030a0659fe3f00afec71b857a970569ff03d8a6f1323eec52f704ceec8d110a7a10092606b6336fe2608c6b2610f1bd10738315bffc487fa46006ec5cfe4e7
1787432030.349196 sweep:Generic OOK 4.8k RSSI spike: -43.0
  -> 255 883d33adb977605c8a32014f3d851c50d8630820e1d451d4c0c0da8a40eac93a6bc86681fb70fd3385bcb181c342db92144f87f100377a64a28bdb9cc120067a52ef8bdccdc5c05b621ed98dfff526a50303fd00b067e03d1c7c86ca81bba7ac21cf095becaf20a76ab9bc37519205b3014740e14762c7f5d3d62ce32f55c9d1f31924e8026217199b2d1c3b3305187f87e093dbce111d999c032d3f0c3bbd0927ff8488fc05b3cf982e1893295b26246e0894a7efad8890401e21039c9f3a7a1c4f7040437ea184cd79505780f4fde7fe444e5bc083e67c4aa0fddd11575464e620104a05cfe8d4f0cbfced38fe2f84fec1496011bc3ed77585e491880f49
1787432030.349442 sweep:Generic OOK 4.8k RSSI spike: -43.0
  -> 255 17d26f1148b3e5786049a0c2c887b825054e1dfd904bbbffb4479463bb4961715d9185678ed8a52a858b7e0833ccb51a7a78a74f2da7ac14a3a7f3f03f3ef7bdf9c1f00e657fe1d334aa7d871ea964e4159fe7e0c0553f89ebd860135c6dfd39d87af1f099cb9701f392e11cff7f11d3e1fb39b7c871c6de924dacdff3dfd942c7a3dab415d87b8a7b407c928ad93207ad79dfbdb544f95ffcc732689eff04e030fac8c8a9f39965d81074dc7723854b8e79fc0c046013472c047905a306d4e436ce11803d4802c8ddb8885d6f59f5058305378232fffce22e65265e090783ca0fca41ff3fe89bd87bc87414fff2d631b4d781c607be7c7e102a2198b0d200
1787432030.349662 sweep:Generic OOK 4.8k RSSI spike: -43.0
  -> 255 76d8f786061413e0b8f24a858b60b24473438523e477b8e3d8ec518ecbcb9f7819c035600f0e1f8a00bc0390d927e1fdbd3a6893b5c0b25a21c387ff37db19e57a78a80cf3fbeb957963f1ffb3b5234056e880b1024c8d3a207b4e70c9eae6038375e5d8cfd81e8e128f0c2525068dccdc8de4d8c27fe1bb407b3f2525000311331941197ee2148606d49bd52c8f08832201b74723c7d0ed36b68027e64f4431bb4b7e479d4ae30d82a5c14c8016e703adb68419902b7c097ee969dc2b7341aa62ee101b3768897e65b0985345e2cfd35039c3e40605f086e9038e8bc1d377babaf19da11a0ed9764ba0f95820f8434e1906bb19bc03223869eebecd41d871
1787432030.3498602 sweep:Generic OOK 4.8k RSSI spike: -43.0
  -> 255 9da11b2d4bb8e47e80147dfd1e65de4a7ad9c9727b41fbba3a9be14f4cc496a31f1d7010e9a197cf438ecf7b46f3891ed45cb10e840aa3999f101af974d8c6a287bc2387d777e39f3476ed5c1185009e8a80cd10bf23fe1cb3f2c709fdc617d38a291549dd10e8366fa033d9f34f887399fd176e7bd352c97b3a4be0388dbc04179f81e5e1c1fd4fc40ab83196e11b983b82645ffac31da37837056bde2f35bf3f7e86ddf27ee9ee1f31f02480a19055acf556bc9de6dfb0cc6f1f0b3b8bceb7c800c42be1e51237fb064340ad59bfb2cd73907c851b2839049795e859bf5a7ef9f74cca3098036398b3fb5b6b0c246ca2cd0f67b2b3af7f1bfe0de06b9d10
1787432030.350085 sweep:Generic OOK 4.8k RSSI spike: -43.0
  -> 255 cf317c3a141be73f42d04f06f38dd9bf10377b791db97a850962879dc7720743fe87a6d399e7f87f21eb7b7a0c6dc5db5f6f4e71de50bee0af69861a0537a7b8f3fe104bf406f8533350fb6af0801c07f1bb7cdd64aeb7aac101cae340e0e8130b02763de176ab2f1b38d3fdf60fddfaee76dfa3be56c0347bde03303bc9ae4f0ba1eccba022fd1c72624967d2bbd0d53f7f49927a82d0c3e8c377827f5967e1cd1c03961785dfc7141c9c08d45822912a47d82def0ef5b5b337b1ae8ef3365bc0bc29f0c79f77774c189fdca4347ad84f1be1867f3705afe6443ba2f67dfc79c03f9f530c80339330b3afd23cfa154710e90c01c65e3c366fdd598f999e1d
1787432030.3503208 sweep:Generic OOK 4.8k RSSI spike: -43.5
  -> 255 d59055e1dc2eef49e4fcfa437d9900303aa21cf77eae3e073d2eeee3839fc075fb6efd6de1342200ef78c43df3321a05fb731dbd0efe7e7f3efde6e7f519863360c5c1101bd5ef86477331232f9f08aa092bf94ebffffcf712911d331726078761bc35c751b021a7d3f33ef4446613061b01defb2e590e9792fcb3608f5a43b53ab4791d55df02345658405da7455d1aebeb33681e21f1fdbbd1299b88e2ae4cbe901b9a6c7ba004409e66f80c54db0c71a8590f9925007fb59c4f5bd7fccbf1cae04663333961c021a2583c8dcde7d418fdf8181690571f809ef545ed1778d16ee2aee3390bc2bd027f9805da32809a1c4df34995c2fc3993c7fd0468b124
1787432030.350544 sweep:Generic OOK 4.8k RSSI spike: -43.5
  -> 255 edfa2f82c718cd2e38289ce71eb5186f05b5f83fb5324073d790d88f8fb683e6cfe1ba8a6a43e16873e8a98891c661c42ded8862f39f6e60f2e091a8be0d84dc57aa0de131fbd74e708c7f9feda921ca03fde0badfc16107dc7e2c2c7ec6188b6613f092fdf8fc0eaac7effc576392a31ca7ff40de920b8d4a64f3d98190da1e9defe2447f1b122d8e6980f2be26cdfedd313f19e39ff4ec54c58c9baea14e6f91fc774d771106e8b37be3d3b679cdb10dbf672419ef71ba9bfb1187236efb132686f876c143a107459bcffca43e7bf83bc4b93906535e1384862a9f9e67546127ca84ab3ff1ffc8c3af7805f1c6e4854bee5fbfecd0e1b5b4c19f7bedf64d
1787432030.350752 sweep:Generic OOK 4.8k RSSI spike: -43.5
  -> 255 180c020a660b86419e3118507c01610bc3fbb924a2baf332b70a4d8feb20fe987e303829849e73818f89b0502113d626db067ff7c63dcfd1cf939a3a819d967e0c77dc94cc2ff150e08486780526ee7612b9f84b391d9ceb09c42b20876485980fe823d1c7732c62493d9da463f382643f07d7fc1c1171a02fb8843acfdaff8125a3693dd702ddd804a59bd47fee7f40114afac21e9004738eb5df2b72f67ac6e5ee9822ef1ce080d87db5601e5d0f827f1f637feb671ceb601eb8d7a7c4b0fe9991585d5ed0c4632456a77db88ed881f3a1e1f0e386d52bef832f70d72a600c324ee7fb32b4e0da6c4f302d685e5b2e78ef0e2a762914bf3c4018851530e1
1787432030.3509681 sweep:Generic OOK 4.8k RSSI spike: -43.5
  -> 255 cc67b48e3e39d9ccf3f3df8a7b297df1b92af285d3e73d46e1afc19a3ff94a62f34c852fd978dfc692173b57a8633b67ba3816b47c1cab8c8ee1354393839d9c53ffa682d66daec0177ae6b30f32e5a9b6f5387cbb3c30cfbdb47c98b83ee003fde51a58d23bd0fae8236719406932386cd8ca135110fdc0a279a6ba00ba40fe3669d802e20fdfe8e89338207016398e4f99bf00d2c04c23eeb7cdf935e82ab5d1bfa737dce0906a0736d0c98046f3a1438cf63e0d1ac8b507f0c00b0fdf16fd7a820c25f997cb4ac349a2fa300cde2ce600632befef93b6f050e6f105d0fb6fb5fc243c156e87eec232f9cdeebb24018b51b442f9456ff0251137d833fedf
1787432030.3511958 sweep:Generic OOK 4.8k RSSI spike: -43.0
  -> 255 9d7e73024bec00fa1ffc48ccceaecf6ec1b10a7c065214418dc338be01a8193018644b9e7acdb65503ecddcc30f140398ab155237b1ae5fb20629fa837a337d05e23a44d55cfbe065dcbc9871b5cf47ad9984fbdbf82e867ddc5e63781e0f6902ea4b71839a15dce9103a7f020aeba27e3806494fddfdc24bcff2463fca8432963d3803e4774037ed1bffe006c69ab0c46a60fb4e32911c2c10b3c08eca3d88c77ffb397f104fcde0fc51c9f33ad8f16041fc1e3b6364dc79a5a3dd364e869268fc4bdda14463ba2003d91dd399f2c3088fba4708ec57d7b0e6c6d43327293a8a607a40c046ffe5982df8bff10203e7b9f533fd15778c3f3e67c6c74f48b0e
1787432030.351438 sweep:Generic OOK 4.8k RSSI spike: -43.0
  -> 255 5f101f25206b042f0c48e7a03e0ee3f5bb4b351f0a05e1ffacfd1916cee9a5806d8c72c07a9e6ad8699c840803ec81872219019d92d0e40492be97a649fff962027e53a465fef0404ed15ffdc4cf3aac7f635c02a328a0213f4e620509e0dfa36e7273e0e82397b1a5b3da19b6a57cf99b880c90085b5b05aba12fc0f33b1c7313e0076b2581e8239818b308de2e2b015f5b0fcf3903f9e0ff918119c78fefaacae127f3d3f80060a27748906c2c880319f1af046e9737e1e3e3ffb81842f161ad7783a60f192138a038275e3dd42e52c99698e9c854adcbdfd9cb4e5807639fcba7c11fb476235c41d6eaa270234ff0ef0fa443eca1c28f797f13c5ef3e81
1787432030.351651 sweep:Generic OOK 4.8k RSSI spike: -43.0
  -> 255 2ca346a99cfca12198003f66eb5a122db25ebfd61c5bd2c33c0d4663641a910e1939f73798e07d00e46b653b803bd17b098a88d9ebcdfb004013bb8e20471f8d0d863583dfddb6a0e958d3ef9706bdd54ef46b1b9b43ed12399ea82721c8430bf581321e9b6765dfc51feae0e7c92d118e24d4d3f3a53c979b91913382ca7920bc1fde5f45f7984ebe742661734423c66e2d63e450ee3903ce95ccf2eaa7b78001a26043d861603234303e17b7e4f30597a1468b1e6df91edef60f69ff911e66b56c4210209de004f8d3f99ef02de99f4e69ecf28b88c1b89620cddbd8708b27c03a3bd61873057fd3e3e5f02f018ee119e2be4315ba08f968523917bb36f8
1787432030.351868 sweep:Generic OOK 4.8k RSSI spike: -43.0
  -> 255 bf66d227ff43e39df004047abb00a12e6fa51e78784f330c617e725133c6f862fa1671adf43841d25f33beca138a713f7edb277d54d7c42d76417e7bbfcf7fdf0887fa4e251ff1e20d8f61268f2efbf740685d6d0507e8963d0c537b90ccd60273fe508ec21f7e8e237de77f0d4322003cccabef40037533af22017409698fafc580e282d88ffc3dbb10f8c37806b7f9d36b86746b6f5e42d9f02cc23e36b48a033046a93100238d23872ca9a357fbe4b79d40f78f95c3e932bd880cb17d0dfe14c20928dd93003b106b7f4289c9e9390315e9b745e661241888dc34dfa603c0e3358e03fabd85ef684463582b32ab897f1cb3a5afb33e70d7ffd2e2675f9a
1787432030.352082 sweep:Generic OOK 4.8k RSSI spike: -43.5
  -> 255 0f0dd0cd04c1f086437c7c91e5fdad41dc53d9ab9e343d4005274449792daf01e3aef52f078fe1b9d742ff07923c67ffdc11ac83f3e7df85436bf8019f839a5ffe6ff1d21260362e8194585f1b8e2cc9911c13b5239f7d7d03021f4b610e9db9f376b9edc5ab9dd1c1bedce23a131ee7444d7ce047067fcecceccd95206147db2fe057b380d7837eb23e79601cac8a1c1fb08c03f66030f5072412006ccf85d6c2238a21a17f1cfffb0bb52d2e3e18ba87404c2ff5e59c1cfc8ef518fa7922e6763f8e12ed82907eef498d8ee1b51f7e6cf00463a3658e00cf13e687c8c2dd449267c03e8804272c3bca08a61cdbf6f9f968c4fd38fc29e735fbc7013263af
1787432030.352318 sweep:Generic OOK 4.8k RSSI spike: -43.5
  -> 255 f65f0516f3be526fca0e1797a90082230018347a326040288af8d6710f4c9074656c3b7b834ae768f65d87b0c330e7320f3dca7c7877682b5fd0f8200be6dfca4e8cdec3cfe2c71d1d01f81b84f7fb472454b9d80d6e7fc7c04d664a8231cf51003aafdf8450bcf55f8c7c7365461bb6cf6000d6c7bc0814ca60e387f789114f96e1acc239bfff5cba8d8d7ff8027b326af1aeb64e8eb70dde342b20363ce2e63dfe9d1b009a4237990407013930fef7f2b5ad70c21be898de680573c3f290143e17df5d1239e0d4f73f1bcc9798e5b8207e8be37a70c7dbd0419630196ef29b21fcdee1a45e19d46e6131ce126c39ec26716114072986b886490d3570000e
1787432030.3525372 sweep:Generic OOK 4.8k RSSI spike: -43.5
  -> 255 be585d9ee2eabc7616803d8635116ceef3106ab3d688270bf4c7df31bb52619c1166fc897369d06a90433ccf2dca8800e9149134d98782caf778b680f7e589bc7a1c908f00fc99e3e6019097ae7ce6803ffc83fa14d0ef965e73d89d93ce716fea61b0520040333df898f02b80e3e79b8784d827fffc6936763690b5e0a66fca2a1dcbcd4b544c053623df32192c9dfd8ff82fc4c546dd79d60d6e7ef26737ffdc8c6efbcd0df8d5fc9e86240db9400076621800e24cd300b380e7f6ed731ec972c0ee9d27eb823d19780f5d300fbe07f2ee38d873b4c136b13478434d20185169baa311f77266811501effdc09eaca61c8be483355b9f5c5e74fd97b6cf41
1787432030.352758 sweep:Generic OOK 4.8k RSSI spike: -43.5
  -> 255 e01de7d04f635f1ca2c09401e747320f38e12366d58880932be67d1a0788f071c75e3c098006fefb68a9912b4785cefc3981682483b00f8ebd430f18e264594113ca66fce74fc5fdfb417147503f984a1fd8830854434198e88736eec6c0d7a6d97da84f4151de9256d7413fbbaca04009e07b3401dfd3f4a2de1c251f06e044ce64087a49faf8643afb8a1483109e7071c3a32c88960b586f582c97e532c907014a47b07ed08450fcdf9063d4078808611f869969afc9225038941a1e7df08d80bbee55be2f03a078a05e7f210823409a52ec201099a643e2845ffcf40f36e2ff77f07dfa5a3dac7dffca04047bd77435f94872a4368418e1082de204a8e1
1787432030.352972 sweep:Generic OOK 4.8k RSSI spike: -44.0
  -> 255 bd327ef3fb0abd36795b39be03dd33a23bb7190298ae00a5620979400f0f903b47fc9dc8fc77d3cc3f2aff35944b4da9fbb07d963d3548f6a78fe00e1e6e10c386a4128002b30b8d9afeec0194228868dfbe03619b291b8814c3de85262d49081d23e544411d0f25f867e4238f470b88fe488fdf4ff30db0423223878b2119438ff8801bdce9e7fd6824b45dd6f8f7c5f93e5a1be0ee17eeb816069b318346818bcc130ddc892bec4d10c8a0eb0e475fe207e6c0dddcad0b578bb43ec0e574e41609a381b10101e67e6902209907618983fdf65af7d1f20d9886f77b2e278ffe33b9207a7e9ee279f42d81b301ea1fe5821ac10b72bffff67fc133123aed34
1787432030.353194 sweep:Generic OOK 4.8k RSSI spike: -44.0
  -> 255 ceb9b1ef8f9b836ead98e70c208210b7cf4786c6fe482336d5c43e3ac7c9c276fe7e8746b91a239a2df9d8dd6fee05dfae9a5e7bb8ff70d8bc8a4b84bdc015ef9588049f1f93d18feb2ce260e614e4d9bf28db5dc37888967d64dfcabc366f665a9421b0648f3170a734d7fe066e08c83da76e5b14fb921dd8bf2cd43e60002f2623b1f34ecfb8b6202013cf9293cb705f3b4283b1f031c868cbe4f3c8fea1820978b6f3134f6587844833e66726176d8eda056067043feb8f028ddf973d0efe037c9d7a107ab99a2fb5deff068060ffe96ce327931a367312f0d3ff5d370bc24426e0c8df3bc4a3c93f6003e0e3cb9ccc534368a43c05fa7109e395fb0cc3
1787432030.3534331 sweep:Generic OOK 4.8k RSSI spike: -44.0
  -> 255 30e6021ffe3f7fd6c826ffba1bcc6307ba2373c97cc9ec181c068780507c71567d38a08c62241bb1ecd062b6338ad21c5f7f4be78f1aff91bfaaebc014f8042a77c7edffa33b0a9553802bf907b9c190ea04166e4fdd7d8101c20593c9301ac1ea2c07da4802fa86cd5e5ec07e01ea1ad441d3e4354b3c1e3c23e48d4a675cc413ff6fe67d5c01b870a5618171f23f0c61727b3bc2cb7deb785936c25e403f720334f2388f4e977789e857c6480f6b6f386d207131f7df5c31d8ddf0f1cc7a6eb6a0b082b1be339af6a7300cf3bcce3f1e370f50b88f9f3d8514825b801f033bc7f3ffad8ff6e2df3392a06c9ee0198046609abaa7355c7c17c866819d70e2
1787432030.353635 sweep:Generic OOK 4.8k RSSI spike: -44.0
  -> 255 840480ef796060f88d885f078efb29330bf7ee783ef8c09089fd70076aba5be0c88b18d6b23f6c483debff70c5ff839d0e4c0e62aebc6441f60360529b8e938fc5e541e0759fd8f08667f6a12361f26660e3d6f4f0f43416239a25510a83a41f733c6b9fddaf00c2b378c9c66000b238d0681fc3103bc7706ccce0c86fe301c7b4c95bfef716dae4ddd3a04db6665361588e753206c03e5d658cccc6120123edef11689fc8fc0d1704203420080d678ddd1fcf99b728be0f7cd6396bf421b7f7e2fd82760e75a29fefa10c457c21c7482d6e944203b952032524298fb5d867a202c1528c0e2e2dcb189adf63bc71bd5cc7e0f810ae073dbd9318f67441c5c9
1787432030.353846 sweep:Generic OOK 4.8k RSSI spike: -44.5
  -> 255 6aeb52c6d4dab4963ebbad47f023061d078820715969f03304f2a3d517339d6f07827871f39e8383bb6901c075bb5118a07e64b477ba7bd7997d3a00a57ff80a879fe41cac03ce30b86ffb7f5dfe41230d80b0d001424017d9db1323e3fff5e4fe2218e549d5ff6f39d563b82eb61e2451e16a1a1f1178f0638bcce30086dfb539fb90306e5c7bcf7508d7be7075fe047898738f04343d05be27d8933a79ff10550fdd7499e8b0811c9974db81f348533ef94a8fae4dc4643d877cf887439599cfbe1987dfaa3d03dff00c1340ae302780ce8bfa24c50c2ce4303d8874fc0cc672f65f21fa4be6c072b626a5d90fa4cd5b84c8c358012da5dee6c61639c6f1
1787432030.3540668 sweep:Generic OOK 4.8k RSSI spike: -44.5
  -> 255 3a8499e068e7bda93879cc63af444e7013ff7534d9bf7f94f239e20c2eccfc98e4614fee731c4528e1c614685037ecbcf9fe313f8b50c0f3d8b4abf6223b3e110223afb1033e8a05b9e647b14c6df093d47cdf62732c7e7bdc4147e7d6bfdf7f235cbdfb9b6504f78bb4f3402dddc93092c2330e20ee1c36907fcd97012a5d2ce0bfa4966cfa1e747be80546428a4399d48c6584601a0c89d97464bc63dba7d43711e84f02e7c4ef5a4ae406ffdd1ccb523e1f8420b4a1c8d4e53ec6657fc6e05dc2c34fcf6613ba9792f21df7db8257bc31be60138f0ac856ecdcc55bf4d4669c2116018c0343eb3fc347cd2fe03b1a4781ffbb8b8d2867e1188d3833e006
1787432030.3543 sweep:Generic OOK 4.8k RSSI spike: -44.5
  -> 255 d0214782e4377ad347f66ddf45136c0c20a61f14e8702cf7fbf7d31f7d1a6ed045dc5bd3f10bf8f5ae8018f8d5cdf16217ece0e961ff474ef2681c604d8f63fec5588ee47db90eed9d0fd46c5dff7e5916713626ba7f98fc90afd18e004f6582ece1e82c682065f3da4ca65eca3b2663bcff9ecb808705fc14a20ec38bf591260c71d586c9bfd3d15f8f66e4e1f8f2c0a8def85b36e818ce478006393441638f751e4e12f6cccc7f96a2cb9c6b4f827c910fb1b22d9ff1d59f47cf1ce08a3364274bf603891de0d038146bcb15ef8abf34e9c3f31b10f8cea00b302a4194f86828b33bb2e63f05f35a3c16bafd3f615c0b7dba6706ad91f9d1130576ab6311
1787432030.3545222 sweep:Generic OOK 4.8k RSSI spike: -44.5
  -> 255 d2e0900f84c246a504d5204ee7a1734e7dfe30a525e82c8cb447b5a9f1b34ba20910b74119f21f3270e4e1186479e35a06473ab8ff61c82fdfafa076db0ce612e318e66694fcb821e8a2811811ab87fff3fbd785e81ff49bc8fd12033d1a8830372ce946456cce84903033db8dcfd98c1b4f267120ae04a022508795b071c786db22db638874075dee181dfc76367f204ada01e90fbf308ab9ad307806a199975c361c7fa43fc97dcdf7c37f1efcff284973258d4ffed77d225303b8c23f1bffc5fa277934308baf0c8b108758103d8f03a843ed877dcd00e59dc984b1914f050235c6a1818e4f6735733d89c418a46fcf4b72dd76ae6dade02cc769a00ab7
1787432030.354739 sweep:Generic OOK 4.8k RSSI spike: -45.0
  -> 255 013a566acd003606fdedc047d0804c6505a692b8d510126e4f002767bf23a49817ed70071c37810b98559e231d6a49f7dfdf0ff75f00f793085de61558e41a4da4dbf7eb26012e18f835a66c31bec09a363c203c4b26f5b0a72fea0baf86e04433e143ee81bf5f355219f58f54e35a929aa0db0136b0c00d9c27e29740dec6f2e97324f764d8561846e5ff3aeb97ec3cce72774ba719f2581efc2871b90fe8e01f232528e32b3c6eb81f389b99a29bffcd37ed1632497e2fca5f7bcb1a5feebac2dbed8646183940e1c43d3efe620fe11e17ff8407d6a445f14497e575015cb4972967ce663c13dd0e9c59ff0486045068190058c4c7f27e6f0c17e63695f9
1787432030.354958 sweep:Generic OOK 4.8k RSSI spike: -45.0
  -> 255 e3dd659f481a71e7b7876191e780790263a19af41423f16629bb4bfb80fc1058470d1471bc2bd20a7bc9ddda3cef6fa7b9ff1b61ecf7760cca271c94c15d7987ff2ee7e177a3301081b08cce1a1c6222835fd7b67add59dfedf0d27c2f390ec0198da630101974ee42c39db6bc06278cdaff546bac1a2598320e056ddbcda167125bc0610b272005a097fe9d93e6080d800c7105bfe63e17e0558a7f6031e4706309b4c1f1a8b01f9311f0317f3b22692f984008f5a5d40648803ffe5fc6b27f868d9a1ee7eab8dee96ff06b4e010c5b214e0461f0ab4746ed17fbe411e995c724f18f23b0223d13597f4a4e0e21c2fcfe42e042fd828b2d230951e72ac7f7
1787432030.3551948 sweep:Generic OOK 4.8k RSSI spike: -45.0
  -> 255 fcd26f881c9c76c289600227f7ea045dfe8ff2ad59ddd26f841c5c13e1a022e793102c4100f7c31420a4fdbadc56840ca4624823126781fffb3d4b434ef6733fa67614e9678e78f0ed2747f03e248e52e5838c97c633df2f53b301b0fe3c8e2750bebfa266007da50f1ff0ac0ef5aa183f18d1c6500f9bcd982ff19d3ee04529f81b478c604f6e9a383f1cfe6e268297998f62b764f5ab2c279cbe30ccec69e8f760feceb6e108201693b21d928f1dc7bce39f09ae87a67d0bf8fcd4548a881c39113dfe807e0bc058e818d01adc890e015da12483119b9a981fb065924e06478f748dcfb3eefebf0244218a09e3bf78444911d4fb31ff89da52e39d507027
1787432030.355432 sweep:Generic OOK 4.8k RSSI spike: -45.0
  -> 255 9c744bfddfdd1c74d84c7e456633c2fa46c3c73f77c83f4f5bc761389f34db5c253908f413a677e73f70e44c3d3c2cf380c6f67af1d1c7c213f4c2e8a60bc7ef70f9dcbdc25a1faca7120d0255ae3c6951fbd9fef85190fcfe673e06467ffac24020a7a81b0307f603b326e2997e1e13bff42f164f61a0027e02e38bdfedc837e0b7ec58f306d90c11ecfd79e2633dae3eecb39ace21f5ddcc63a9c23e852a777749410dbfddd7330c267f75e71be036bfb57c5d66799c0481e23293b01f6d57b7e5445f923e4e6f09fe6668ab080affbc03b49fa8984bc1f4fb4f502b2b7bfc7da72382f33ba407a84b07671f31feba8c7ef08a733c49b1978e809366e8d1
1787432030.355638 sweep:Generic OOK 4.8k RSSI spike: -45.0
  -> 255 3b2a85c37e683bda4a42037a741d27fd8d4799f6806e38be4f79c66e7beeceb8566edf06f6e3e5e5dc2549ea1e064b8601b13b4d3cc7ef1b86e77f001233fffa1fe9627f8e661e7e739ea104497e9ed54f07f3404f1ff0a0f225f56fe8e49847c351ecf19bc301be175c3c2064773fe60afbdd441035d52c7b90e648c61659e7249093111101cb70a2a741f62080de0cdf90ef4dbfa047afa30c0ec5e838f0bfdad360fce98131ff507e661136785b779e092ce74b91ffc7d308de4bce217fd48be07003f897afbc866955938fd9bf79fbcefcefc1bd7f977b5e13c4d5c31b02478e7ab7b980fdcffcdfcef81f5f67ef2160c754544e8dd708daed061bb39f
1787432030.3558521 sweep:Generic OOK 4.8k RSSI spike: -45.5
  -> 255 39d905e3aa1820034b5461dee05e439bc7ff01e3fc860e8b2b88897c2ef5c58034780c40406a810fa943b0aff28e48bc624c33702b74c784c40edf8e1659a4c2be2fc16415416416c2eef5faa28193905832e0c2772746cfdc17f0d1900aacbbdf0ba9dc3c5ba3af9dba09ecd0c061fe0b945abf9d6e4077d2402877cbf100f117c283593c71b3777b8647f7920fe2f8d7f01d138ff8591b833741285d348386f837b01fa607124172a1b34c709ef0c6f581e35708fe53aa121f80e266431493ed56879792ca23362dc0bcee382098c8b3103dfd2a47181bfbff786d6c29f49b8475ec0773f826db2dd013c3ee26e0fb262bac507030214d178afa6040ffdf
1787432030.356076 sweep:Generic OOK 4.8k RSSI spike: -45.5
  -> 255 774aa2e99d050e3e3c0f8dc6ce986d8b81701b85193d1fe351810a4909e71bc799a19f070c3f60d95412d98f415fe9f32880e5cbf3712b2b9a3f4b6ffea1eb12fb828107ed8a0e3be401204668920ffff868f7bde3d01c2aa0039fcffd49e673c1dd466d5cdf4b4c286d826471327f237b7cdd4cc67ce734e9bc58646bbd9e0700932c0398e94b7ffbe03288fa01b70304a166468bc3fd2c90abb082c7d6be89da84eec72fca8de0b02c01ec7e36979cc62e4c8094561f2e8a0e3871c2f29fbca2b07297e4a749d1839c37fe71fbb3d259c91e7cd41863f510309f8c7cd66d83027e0e7b25eeafc216608fee73a8f7f335e8157ed08608812424a63fa777a3
1787432030.3563 sweep:Generic OOK 4.8k RSSI spike: -45.5
  -> 255 6b65fe61df2b43061f0e5cf291873b2c21f9a81c2121893cb1778e415bd251f7d0ed1c1f3c73afa5d303a2880d1a10446ca931eed0fe0b608d66802e760036e27e5894ac22d88e0df07f96041b952d48a1435d9221c5facb34d6b964f6100f895b06c3e9484eb939001fd25cd228b2cfe18ace6292b96d1f1875d48ec24dde56bf5b7ab18f953839192e221afe4339c781279011d1835f08371d61f8397fbf88a52a8ea3f68a41173c73a44b8c0af08e37004052982bc26c4730d2be26d46716790cc131010db81c44616b0a10eb8c10164f3b058c00653a1fc3602f8f3a6f4d910d71f9c186ce31ff2050436f8022dff2108277e3b60ffccc1b3b9edd04c2
1787432030.356517 sweep:Generic OOK 4.8k RSSI spike: -46.0
  -> 255 95e607ffc5b8f21253906d7eff3cb15d3dba7f633fe72b01fe68190b87f3ba6712e7dd8bbf2d33dc240e5915b3e88387d60c1c8c6590839f7ff92fd3c84aea07a77cfd1ee55ae396b97e255ae69c4e4adc4133283f4520049503580ec818a0a3c9eeaf7c8a79cd938a1035d6a7c887f2f96ffe0bc16641f535ce0d400406c3ca0ae9f04b5de6ff8ea52c86fc3a4274e7cbf7b8f90437e3c4a7929ebc0a47471f28241841eb0feff487e9e9d2237e1f579a5328c1e721e3cb47801cdb307ee8afe7fdfc7d090a847e7c718b3a960ed44689d69f2678d4406f95cd814cbcdce101f286367aefedb3ff59c6e5c70bc11e57d8994d55d77c83c11755e9fffe2132
1787432030.356745 sweep:Generic OOK 4.8k RSSI spike: -46.0
  -> 255 3a9d0303ed460e0c9e124e47a117371a8440fa34210f5bd7fe2581f7c5bd8b5ffe071de992581c194e366f1ec05a56e04ddbe9d8017907e4c08de01c84d6cdf58a5141b66f93713e1c26c7bfa7d838d981083987e120c018ef5465eb1f4c9fc603046e2bbe5b02f5fd412f0d3fcc0749b9ecefd5110fd051f89f9cf8003fceb641fd14f3bb6ddfea3c3bdb1fa3da497c147c7c13c116e63cbd67bb7c41140ae8c07db5f2cdd3e11ddb1f10288a83d1c80d796c56db0a17c3f0fd6964bd018c79fbd55aed21ffc9b511df79e187999d68e3ec715caefb2787543f781d27a1d96e211ccfc34dbb1c89f6185e7089001376ff89405687fd02790ce047b448de4b
1787432030.356958 sweep:Generic OOK 4.8k RSSI spike: -46.0
  -> 255 905e64a6ace15666b01e20481fd02b874b793e189296447846f3ac8d9268087cfbeda094bfde4b0ad9ff0cb618e5380cf0a36da0400e40324e910f03783e83d0afdc32658edfd133fb9d817927c1e2b109977c2af4da9bd8d22713ff7a268fe0151cbac23bd7968683a03d1ff2821aebfab321df2955b12d91fe3c8f43a4bc86434d8b80943ffed9c1f4e209814cbfa1226225c03638132e54616e91d51db41c37c59c45ee7873ce3ea34bf03c0fb83e61d1862e8e4dad04c2de77b58a0ced2616e3ba6c398f783ccdfa24b7b95661964ed3f9011d43b8217380c47a020e006404e1bc33d918978ee5812d48f86e5e311c81fe03c68fe07eff6ffe1ec7c84e
1787432030.357186 sweep:Generic OOK 4.8k RSSI spike: -46.0
  -> 255 9a411dc1f203f9990bc940b982a8c5526a4c15d1748110642b045f3dcdba29fa61283cee5f9cd077a1b86f3f7e97d793ef68357c495f0bf38b68317952f683e9e986aafb0469b9bc092d34c8473fbf57fbd2538e32feee030ccd23245fed69c44e6f57c302d91007ef93a844ba390f1f098fa5699d77670762f0d200cf9a40d53518a1bff8ffceef077c00c263c17d77e0773f10481e32132c4f1bc9318f273af21ac465be63e5bd5b401c887bf152ee31511bf9d980fbffef33737f6e1c7f381bcc217dc6cc044547ceb10aa7c24f8bbfe82055df53619b119101fd09966f83c1bbe329f84dc91176a0fb0c40e06cb234efe30dd4ac242f27a0c4f0c37918
1787432030.357391 sweep:Generic OOK 4.8k RSSI spike: -46.0
  -> 255 67a35c77478f230819b0b1e3fbee1f64360bcf9930fff7c0330a800b53c5c29c63cb6fe5a241c2f2a23e6e217c1bbb7bf8ef03ecf53ad190088480ff6c5a0e73aac0721caf780cce2ec3087e6717786444072c2e2fcd3bc403b1e03c8c7cf3979f82a1fc5979aa1eac47ee2016a1f6f364c12f6e34de75272ec07d0c5366f9c371fd08d5706481c1d90c8e4dd33265b3f8052f9d107e0e26014afe807eb001d481586d74c2e25c9a1e75ed3db6847e8d3efb4015c2eae42fde4aa637ee65aa9808a68001031f1402be1043c703bb18f9ad7adbbdb35d2d22009977081a1032daf5f8743835e0a38c1a3f792cebc9aee041ef1cf327f8111107110c401c0267
1787432030.3576021 sweep:Generic OOK 4.8k RSSI spike: -46.5
  -> 255 09ef9115860803c3387a3a0cc880fe7dff9cb5259bfb4e8c26086fac77b94ba5a40e0a63c63ba284f0c971c8043d0eb8ef4a18d8858e1c10c87bc189937135ffc8c9f7ce20cb923826b8f8d5f2418b78f8ff68c5d222ca632d1e028dad4d97a2eb391c6873fc7f1a6321665ddb2f3ad983a1ea441f5a90bc56d0c3fda88ffb7cdf5fb9decc01ffe2338a36ba0e368fefe151489016a61c18452ff28ed2f38ce6420bc17398823d921a72cf48ac2c6c8a0d2e73e31478b8f18f92c03cf2211671c016e7b267f5857f61988009519f4b376bb8250bd65c062280385b004683edfbcb9b54765b4ce4d83609b730ae01907617044b3c9067873ddc1b81fda80ef0
1787432030.357814 sweep:Generic OOK 4.8k RSSI spike: -46.5
  -> 255 518fe3597b793534fc813defa39a069f5eaefc7efca21f0e9098983fe73dffa1085459e8984bf30b701dfbff2ef6001bf70304300b2f4194f3f96e8b3d01409b38e9050115e7d4a5f87d23fb97ee4bfa452c918604831bf0208e531c448bff1dc8eec1cc3ddd8fe407d380018361cdd71fbd40d99fbc7a7831af48679f361e7c5430b427afdc639de2070213fab48a9f8b698fe33f1320efbf5b3c6e559d1d41ddb100d8ac761180e5c36c40eeec5cfcafeeebdca748d916fcb3619b10b2a81f6066bd4dd2b407e4613879e06a0632de79ec60a097fcad2253b0cf773fc7d76a0a5b2e583f86499a3166b6565877c0d5bf8ff0662fc03a430fb60c8c97d3b1
1787432030.358052 sweep:Generic OOK 4.8k RSSI spike: -46.5
  -> 255 8040d70c91f3f7e1743d76541b3d0bfc06822e73513ac715001013a1436dc044002e016e034499fc3038821817b6d6ed74753118696de388671cd3aa0eff0793ff77aa0e043101713000986fb6ec5f197fefb29effa77b3590a619fbb4ce01e60056fb58cf27cbcdb8ae8502cff100a25377820932432e74116fda0837b917e060a5a70fb79a5b71e71e103cbef06c749c1f8cbb92d54d77ebdbb622a04f00d37bc340c203c7814ee4315e788e8e903a44438d6cd46381ed111a2087c209f6ce6b1bf3ccf53fc01bb82195c5ae226b9258042acf6406f153e10915db04c87e8e6b88e0d83d8b490ff221c926ad8a29b8783a79f3a647f4e1b80efbe51fe175
1787432030.35826 sweep:Generic OOK 4.8k RSSI spike: -46.5
  -> 255 83e3a4633083332aacc04a0347e42ec81f95aa0db8c807b3fe8e8783efcb37de37d69ecaff96e6a287c7bd103038fddb16afdadb4edf26cb66731fbca7d00985d7d0a5cfc5c114470a79789d50995f7f760667ef00efe20fe59f0ff17fcc5e051771bff1fe0f86ef3d4df652e3d01ddc3764eeffa19ce1fd4b357f40201827908b4dc43f3f987859271f212efc7505446f6430d806157a2fc374b0d2246128fe537e656896eb3a6e6608a61f2893cd5f86b0716fd93efed934a872c91bd9c78075f6f17f8a8784771b1097875c146d9023c9cbc67d899f9e813168b02ef80c0fee0462844e5700d2e0a28ecb363ed38b3bfbb72c14ec005f83cb483f4c2a52
1787432030.35847 sweep:Generic OOK 4.8k RSSI spike: -47.0
  -> 255 f76ed7c238f7308f1cc641cfe3fc8dc82b16c233085da60f1800ddf621bb2872afb3e6027803a05bbe7351861d3011e7ca02e9eb52c6c9b4e7f36cbb9e965430f9ae8878207da31ff20322dd1eb0bd71f8c7bffb9a512fe1e0c6180f046378bfcc73ce2a40300027db580cc19b85d1e762934a8373d5c5e02dc60727311ce1e7266a5a6be3fe41a609e0ba69067838178bc495feff00222f7014b7c1810088af7b0cce8f124aeb9e337ee28c1f0cf2750aa40c44090af71a04ec499edb68714c699d3e9fd390d8a66ff6509e192e5cfe8dd2f3e8942051d513cce5a7d5e7c6498e93c798ff2bb605deb25cf40c16a820c21bc484f83efc80ff81c87f7fab8f
1787432030.35868 sweep:Generic OOK 4.8k RSSI spike: -47.0
  -> 255 0806e3b2c2f7dcb3e11500b3cb80fabaf842f39c40cf1a503fb0f7de0866eb9f6d5a49fe151e80f8c6ea89a3ec268012c90e91e266c2430529d7c241f446bfa755ece6e2781baa78c79c5815981789643180631ddc1abde10e3f3ed43eb204691cb7a0a1a5291e19095968ae4759453f274c23ca9b7d36f472226e1c7fb300197296da2c0dda1a991ff3d6c1f6eeb92fee94dc88bbe445fe31b109fa732c936ce9826b7e617b054b4316233e291b04f58f09ef3cf8a3fce2e8f9b9779a059d7c1e85cd8c826836705ab21024f5f2580fef03fcc24dc81f49bb90e5ef31ec23bc23595939cacb07b417fe42ca4b217d79c1e7905eb3b03ce85f312ff33e3e10
1787432030.358894 sweep:Generic OOK 4.8k RSSI spike: -47.0
  -> 255 c4bf60ef10f823e47d5618acbde1f337cf9a5c7fb0c25dfee421f7f19dcdcf7338b03e6f7863bd6cfde366046cecdb4d46bcd2cc9ec186c2e766071f7416be87faed0f5bd4c2846262023491d4107c0ae7075ad13e3c1fcb20b5c0684623152fbef8a2be0311c3b9d3bf7fd260f1f7d8d2ca026deed9781e7f0e7fee82dc267a65878553ee79ce331561f046073499fde922c63a86007f90c36a7cbe7c77515ca640dac9a00b503c81802720e0b1bb2ff818cde38fed9e05e050b0e7be3eb803d9af2023af1e51dcb01b95387cafe40818f423037e67c15139f3e3ae6ceee0819ea7dc39511738079b4f281c1fcf3222643e4bfd21203d00f0ea0b9e108f21
1787432030.359162 sweep:Generic OOK 4.8k RSSI spike: -47.0
  -> 255 6780ffe63857d85fe0338bfd467a41dab1a3ac05019879a7bd0c1d68de778540161e0b08b680ffd7c26c7684d0232fe70fe746541c3f63c20e126223c84227f060b2bf106e44fca2fcf3008a43c0ea438070edb739291002c1f9ef6df774a1f46ec1464bb1e36098e03fc4add8f87e3ef5c7fb90bdfdc318c3dc2cdae315c4661e1b0d8a4c79a791e1ee09f2cb3164143df6418341ad37028f7832777d0c9ace543f9ff0637db1c60f077bbe7feb84c14b9a31e3fd1340f812ec68bd9fdbd4e3e6f0c9efc14e51ada4af5ce67f2f93393866675cefde31fc4241d88e9168438e84e03b963fa1d94c123801e0a84e961c4d2700371067f9eba721d81fa5bd56
1787432030.359377 sweep:Generic OOK 4.8k RSSI spike: -47.5
  -> 255 bba623e08dbce4e43c003497e090ce07d26feab197fec18b1a29c2367f9cf21af9177513892b10378b0505371ebd078938909373fc7fc468970c132b5df4c97ae2aa5e6eac87bbfac76ec08f0868b880f9ebbcfa4e91b0a2abc192b0a94913002b1966f423a189aae6899fd48f275cc94f4a0664635aaf1b249df2bf128ae3dfe7818e4de7ec631a3fc46f3dfb7fe151a90b61661f74fee010936ca36fb3721a360a6560207f2677efbf10aeaadcc0353b20f745fc1fd8918080f45b1cbb85ba230786a6b719a236fc77035cf8102fbc9d14df25e2611b40c3cdc546745051ad47ccc3e2fd229c048670ad421f022ab1b683f7f81ff27f2b1a27d37a642787
1787432030.359596 sweep:Generic OOK 4.8k RSSI spike: -47.5
  -> 255 e99b6fc2bd173f38f362010010ea6fe7eec3a121f705ecb6cfbaa8bbf192fff886efbdcf2fe07c014643a5bf6dece0845f1fc056cdeba559ac78927dbef69c595e6132c58be05a463c6c424c71b8fff452852f0303df3c63f65803bee89ac8cc3a61f609d9a440e66a3cafe738602f2239628974e9c1bd2287262de1897c1efffeef87cc8083860f3179d6b00c3be885905242e0f25097527dddfb53f0778493e7c8dbef17dc41dbe5eeb25a842c65d33d2cfccbde12a7901f8082bfcd1638e18427f500c87f1356280993010272638f40489a01c116dd8f2bbae7bae5e2cedf2e30c82f982d1b600db2ae730e73cefe3a81e2f93de8bb8afcf1680fbc57ff
1787432030.359808 sweep:Generic OOK 4.8k RSSI spike: -47.5
  -> 255 20c172c32e3a2f1c33f57b2c9fdeec98862b835de0bcfbbd101fdbf5f26074862f9c3b98782c0042fcff53a019621643eff5b8d3dee5217fdc137bf9f0098d3f98026f8e08281da2015de790145c23000970d40b39114dd107fea32f2be5dea3c051f870f1531038b813bf9ac40f6e06658e0b2ab32d27c433d27ec6236aa021fc0f83f72ed65a1ca9a4ff725ff3e8ef828fd25f3fb7492c10703c0a3fef9d703808aeeefd8a1dc78924c6d256e1ea3e9c145ecf82e7f8b29fa2ca7cf2233efe3c849080ab7e280fa12eb61a6ca7c8d1809edfa2e173c0d0231617ce3e4f761782199d7dc586f82f9278ef8fa3847bfe02130880c915e78cf1b1085aa9beaf
1787432030.360062 sweep:Generic OOK 4.8k RSSI spike: -47.5
  -> 255 30e9837f8867a3c2e77397e7ccef4080b07d28808e28bf74df13fdf85c1f86c4126f0437020b45e83c7647934b0a49a271fcc0ddaffb7e1f8a92d8e890ded4ac64f6064333e562ffb6de6bd941ce0e2fe58c2d5ab61bff9e39e6fab53761672a270dec9023ef38c259c90e9a25fc270e24c467dc1e22023903174477844e67331e64acffb3034afe86728592ab1c38ddbc1f9e57f07cf98c396c127fe88861ba4738ec3323fca3edc7eed6039d8d8b6f9f8dd1d3377cd437801e20505ee14cde170f3ec97ada81f8347b036d8e73d1fd7019b3999ece20d0ae6fff85cb1c9eda88d56c11e033fbacd87610eb943479f8c6040adf30b0f77f32eab5b22d378e
1787432030.360266 sweep:Generic OOK 4.8k RSSI spike: -48.0
  -> 255 147c4e613c7a2684b1e114db87f91833f0f7cf80a12f7bf00de4e7724ca70d1e14e4c5db0f9f270a9ad0be1e3e28fd033023c00f26a13eea19899cbf87c323647d873496143f44f322a788d760f33a611f015e06f1c9ece661fec7ba41b9960410a4785600b7a33901eab5cdbec4b1fafd7cd939d1b438f77fa43d5a390abe67a2fc7c7332001753cf012fac102114f34c3c3dd4110877f67e39e5c3e1d30de73a12b3dbc56742eb458cc9251886db0f6df80827d87de1b1bff63a90cb2e751ee9ff9fac804140fe2a0f6422624b71583ee7f9a769727f37ba80e7efebdef847c396b0680f67ab7a3d1fb0a75c0fe1ec255f9a2cff2f9ff1c761eaffe173de
1787432030.3604841 sweep:Generic OOK 4.8k RSSI spike: -48.0
  -> 255 860401bfc80e519fadfa7af3bd8be3e58077f3ca133f89d4aae247c16e5ce6991e0304e25662ac1e62f429c812c654f4013a03c3bfaeee51659fedc4bbc59cea144243887cedc4f303f1eb1f01b0df841a328b79057b3556b1f36c40f6bb7db2ca0cfa59e1c560ac9e9bc37a2d88cd64175b719c7ec9e86f03b70f82378c6183a3df85f870d0d91eca037bceb94e460ff0e69bfbd2ccb33969187bce3fafb874f1763ecf70cbf7cbf486df40f35710d131bc4762b88ec683ae606fbed26ea0e3c371fef966b8226deb17fdc22676efd7b0ec5b9b9c000f576d8ed10feb6538f0d4e820363c7372903fec2c65d31857399812a6677ed0d0e00381623ce1d88c
1787432030.3606982 sweep:Generic OOK 4.8k RSSI spike: -48.0
  -> 255 7ac3b463199231241f518fb323dc20340da89e723a7d20ff5c67c7c794f87efd4ddc30c53c318f19665836e6460085dab23347cf8a6d11d378043e7034d7409bb01e4d00e8e8f266f527f0769e1382a3065f800b508d4fe6fe301b7927fe89648109409e7cc2543c1a103deef111ffeed07cff78eed3ce33ffd9edcb45864c001d6c33c43c3a4899cc01984021dd805da999d47f651860561d6052125c339070617a633dcffd41947f3700c949cea09f80e0602742403a2e7a0160dd4a21076701703343ba73aa331abae28de43eeeb06d57dbd755e04309a1299fb836313f820497cc15d701cae88e53d3580c2d17f2f072bc9c907a7106dbe497b36fc454
1787432030.360916 sweep:Generic OOK 4.8k RSSI spike: -48.0
  -> 255 7f3f539b525a66267527fbdb0be43a64021a09e0c5c4f836a3d95db99e2736fd3f408460f5ee52e34043f04037473f4187e396f06f0ed35fde810ce31ffe0c143f5baf8bc4be6010925dc69f86ee4c96e0415582cb7f8813123dd26dec1830c15f43c88369ffce7c59bf8fbd0b92803365fda200094d061cef4e07ffc01e8a3f4c41e993fcd1de1ae56d0302a80c7ff7ae5cde46f6447c60099bfb7cb2100ca29e0fdb4fbf790e04fc4044ac9270964ffb757e8ab25789c183730c1e7003a81d8a6c44f5980b901e0391ed7f88a18ad07bbd8cdfc1e8f4a51714f3a320f7eca334f2492c28e060e353d48c58225fa8cecbf7b9f3bfdccd6c0196118cedf824
1787432030.361163 sweep:Generic OOK 4.8k RSSI spike: -48.0
  -> 255 83006ac010b4affc5316656de4825aa02e3938c8380b698c0a44a3043dda93f3f98795e7606580fdc62b8cfd3f5c7fdeec2fee450d320406afeff6a670098124022447f9df3a183dab896007f825ee139d70af4e4bf13ab720bd0f01e8dfce13ff0c52ef440ecef479fa25dc91176db3d1ec3ceceffe9cdbb3a1e10262720737b363fc7146e3b267a2ac86e6c13dc343e42eff9000d66237bf70391c16495cb0406a10bb986437ff1572f77d4628daa2dcee3b81c364022fa87a7a1d9d97f6cdd112d7780470944c9268419ee7371bd06cbff0733bff478d489fe764e1b075f083d988bf012f031ca4301e79dd3771f91da40553071029818756fe39b37f2c
1787432030.361386 sweep:Generic OOK 4.8k RSSI spike: -48.5
  -> 255 83b55fbd670c84603b931d587e3bd0600384cbe3c0f205ec0f123b53a87b08800c37bd627eaf41366e164882003fd9e4bee26d730d2b6c316a5b19c989f53efac19e6f9cf58c3830ece0b100e8afc612c3111f8f1fd852257f754051c7b78f9cd44149079408c23d13445ccc061b83df609646b0e5674edcdb857ec9aa8f4436e809cfdc01f84df0bd8de452feb4adf3e6206d91c7e2f175b9643d7f2dc003872c385d8e61dd8a0a38761d67205447f1f71bf3e30bf7934a796760c1601afcae0bb8f895e7cd7316ffa3dc876fa41c398d205dfd6f9ccf2ffb3d18c9fb3de45868203e14e9f85b6181c08e4cbf6f027c7ec11b5c388bdf0fda3ffd2743f644
1787432030.361591 sweep:Generic OOK 4.8k RSSI spike: -48.5
  -> 255 86f82be3319a03cc3b7e2bc0474527f981e48b7ed956ca4373ab18f7f2328f58c382fe335aad5d1ed27100a5e3a1c68e5dbf80668dbf64494d04a27b00b6d605e0c9821b63a677e849deda87901547d9c2e446f4c27f60f813e08bc0686e99c0bcf9a55b92e42c2090f0323f1058be0ef5401ffeb723ee641172197e7a26a6fee44e66582578182120fbc8bff3658302448dfe07b6c8e8c84c0ca70f101e6eb76852cc4780c1e2119b767cfe3b03fd9bf6ffcc4b10fdf1ed3066bbcea63d6627f77508dc3774ce2dcf625fa08e01e332a020ac0afa08fd1438c0410a264fbe690f854047cf9b8e51682051fae0cd896c36b60e0d85501056cfedf8bf9948b5
1787432030.3618078 sweep:Generic OOK 4.8k RSSI spike: -48.5
  -> 255 8bc1980702719ce05c772c6b1e90fa0ccd5115e585c0e38ffb8c6c818b5b3c9b68d208ba8fd1e610184e26880983bf48a938fc9ffb38e05bde28bff47a6c5f1a586f199c70bf258bed18676b3ef272da2dbc69c3c7218178c9ae62b9d4f5973f640c50d4dc7142a707c24a823e63a577efaa8f0095b682e62018b2421588b96115c0088426e37dc4829823f13ee60850e953823c83e71a31f608d15875bdb918c130b3cd406f1770d1c93c42bc7a3e134be2630f1cf4b0455fc70bcb82e3e9d273f8189fe72495c80b987581bf0956ef82a015947ce4007a9b398009460cff19b9e91f73809dde96bc8807ae6ba84a3b81775d7dfe1df8f1326eecc484ef1f
1787432030.362056 sweep:Generic OOK 4.8k RSSI spike: -48.5
  -> 255 e75e0782bb99a7cf03fac5e2a7402aa727c7b9fcbebd3891c0fbe81c9ce1557180107fac4fe5680d267933c4d73bfab007d9f1bea72fa3ca2a4cb224f37ca97d6f302f1738fccf303e896058481bf58fa7018bd830468a444dc2c020a6b1746f85fa26b95584afe4736f314990cebff03c27138479ae273e1063e7082ffe6b1f20e78db090bc9493ddefc4d4123639748e2af5e6c7a4ffc133bde425909c0df8598b4471460813383a7395a63fbb070b11e47b6856fdbc08837969889405236a3dc00f9311fcbd5e6c451801405f0ebb8ec71619203a695effc01fbdb7a683d3e10acefbe97d3ee7f61b207a69072720c93425820218c23bc1e31afef3f65f
1787432030.36228 sweep:Generic OOK 4.8k RSSI spike: -49.0
  -> 255 caa8c781c09677a3cf55080cdf0172fe53040f7f9be30c2b7fb128d8fa3b2421cb38d949c612add4503e3af70a414cde571f9a46234971798df94bfcc8bb8cf786cc43a0da096d36dc50eb4164c3e51e7be35afd843c44863d87f66612c0f400f42434b5df6f24c1e04e5e5f2793dda51d1146f0e7d7c2a5998ef5645ff4f1973a662115f898855b10c24ba123c0404fb95c174470f93b200a1468acbd34f34ba28907ef667e17f3a996bdc3bbf781cd52fdda1bfae1c9100f97fdc38bb9b8a038c9f30dcf699b1000ae62b2a41ea20406782e018cb00b68fb7dec26159cec48f52b70038c41ac762a5c4e02019085c434569c87daa06718522f708f868221
1787432030.362497 sweep:Generic OOK 4.8k RSSI spike: -49.0
  -> 255 203ff3705947e1809106eb7f6cbe0780d841ca4e6f3810301b8eae03d2a1ebd90a8fe4902724c00f4b1f7d39fc8222e70710c3e6ceffbce8adae01b340c3bc7ff13c05956a2434b73001b10fb39433ffead9f81b840297131b2d443bbf3e3ffbe3ef1d2119dfffb84a0757d9bbb5855221fc0535aa1139b3f07817940efb3d506fede983ddface0a5cca096cf1ec112963f08643fdce6063c7f7091c5f67d08085fde7c78503094ccc7616aed6d7cb7d82e1b0d5e8280921c85f4089e89bfd075efc69dcef2481dce2fcdef549245a71253e041ff0e52981811c5f0ebe91f833c990bf22e24401c0bf4c312b738de111ee13df71396fc115898ca0cd07e07d
1787432030.362711 sweep:Generic OOK 4.8k RSSI spike: -49.0
  -> 255 da66ed09ec997c148988ff710fc6c6845be393e85bf7c0b346f6fc2834497fe0a03b2bc1de37f85fafdd00b07f3222fff9fbc26c2ec4fe1ebb4d2efeed3f02269867c0321b3b253d13e13a38843264a0bd14417ef23bda1ba4ae427ec2efec0338686fde3e8e16c0de0b7cbaaba907776a927e3c0d562827c2002fe12bdfc36a82380fcfa5407f19e7b78e8e018125fcc31065f578eb86be6620e60c3232e4bab877a241d0e3e48049ff096cfe7d4fcc1ae1796ebcac090b3381e7684711c5ae7fbd66b065aa1c33c713a20fc0c8d7d9c1e2c8915f87eb96adbe6c2cc0a54573404e457e3f88d648bd4407ef41cc4785dd98c07071c2c96ff920fff67769a2
1787432030.3629282 sweep:Generic OOK 4.8k RSSI spike: -49.0
  -> 255 b87f7b37cd4c07368c20f928fa139c40611a5841895c00f4dab85b661a70030e307b90187ec79ef82c7af59292e2a7af0069f30eb08b05e20e9e22a6d0b3ad077c2aaf2ad0824ed043f9e723b469821c581337f3467f841d81c60c66ec73e5809c5f995ec2fc487e81810c35cef201f6e95c69b1fe91848b4e4627f5b487fa25d6f9c58f5c7c229b6781d2ac097289cc72f41125fde320c8edc2ab70be23103bf8f4f8a8469af0271cc38e339584cfbbc7c8f3d96c1e305c0d34c19034c6e02f6583e4ea1dbc4bc58d3730dc31dcbd319844ebd9e805814247e796e2c130f841165842d0102741dba2cd18092970f2774fbf42cc1ce67a3c5030ac03d16b91
1787432030.363164 sweep:Generic OOK 4.8k RSSI spike: -49.5
  -> 255 3e103aeff3dba3cef6a799549c02334983befc0fa8212f222cb0eb00259dc0f68f1c5b03e0c4e6e02b8461bc9f05c43e9008b8e820e0dc3d870d0d32901a6e83268779444323e38f520423b4cc0fecc2ff000ab1a479b4bd1ea692c67e65c6b9f6e7aaccfd071ea27b2ee58164790bffea36700bf998f15d23d3c0200748e918efe4be4789faf06d74408d65ff371ece4a60eb6047dd57f77985908e8b805ea186fc3d9e85cb628db70277b91c97ddc0d9ff3ce4329d41be09ffd8fa5f38ccd0fb0fa1c6486fa0944daebfc0092f0c2a602227706f58c01fe250a77614f9c2bbbbe34f9c673fd23630fd1a7d1a452e4c7571651777868c475bfee1df6eef79
1787432030.3633978 sweep:Generic OOK 4.8k RSSI spike: -49.5
  -> 255 03c0bed90899ab6cc6c190cb4ce6e330a43e38433e7367a1f0df8639d80ba0d913c03f9ff9f69c8405a4a5cabfa0ca99501387b03a600f88e76fc7dcf40143aea0ae8ff6f6696efa68029630063027c17b3ccf1c066e5d334e418334ca1c606e58cd1af3f8fbe488f0e57b0c1e7b281c83ba11c716ef718ee42dc0c81e5ae771deb2cb61c3a033f40d052835ea9571ff9666cd3bf4d000c8e2582de88a65e7f1344e4faf2599f8ced2ced39b96895b85a8f508f08c3dbb987f7c37ff1ffe8f698e29eddf2ef65a783844715bf05df9d4cff97c841bc3674e50bfd9fd78a3f9c7cbc59511cc1a7abe3ed951bb7c2de0fc3517963de35f01e8c339552c8ef0d1
1787432030.36375 sweep:Generic OOK 4.8k RSSI spike: -49.5
  -> 255 424d6d4c3aca3ca0a44b01ce79666abfdfd251e80e05c6e8c6077a535ebc3edfefc7b6c87a020ff35e42608a76870664717407085b61eecd0833888a8ea4aca1aea6f40fa1e2027f1f6609ef05e9b5c71cf27b37685b4242a1694d32bd364764bccf1d02fe102e6e50920ff9c0b75bdd607f8f087d2efb258ccdc6ed0c374be7a0ab2655e483c04aa97af807a6009235ed989e15d90acdd1f0e36071c64483693e16422363f7e60bc0e9d947ebfbd1ce043fec21cf7cf5a07953dba4d6e7732d9cf52fd996820a44c68e0dc3c86e656a7cc391df660af709bc2531a704c98fd64f524a6bdcc68c87c61dce51bd8c0fb902ece291824c8025061c7c5e0302e6
1787432030.363977 sweep:Generic OOK 4.8k RSSI spike: -50.0
  -> 255 03a877e169ef4917b85bf470f61b872e588678c1eb9b03b958398778b9084ac0f8ac0460f4907dc72550baa07e386524759ebae8d711f398653b252621eca32f2058dbf4c074e1be6470b0980cf03f391e040e621cd07ff19942fca7d0fd833812c02c9381b35fcbcb2e05bd6dfd2215e3445cf8d6a0e23b9e460e49f61e5448c7cf0588d1dd82af7b4793e2cbbd5c62f5c4165b43b46493364e6ac7a0794e3a6fe0fec60209fb3d33eddf47d086bc961aa09df7150f76f17631b4294c640bd4cdc177dcf74f25d6df73bbabf01e5b493bf204910d1d227960ba72ac540b1907fdff46b35e16a07f100c1b09e0ffcdf209b4e069408bf809a20fc1f50623c9
1787432030.364192 sweep:Generic OOK 4.8k RSSI spike: -49.0
  -> 255 53cb60e24a93e3c54f21290f49638701604d0bedb03e811037946d6b087e1e2ae40eab1d8bca8ff19e773f3d5ecadd4b8c231014d8885b17903330f2729e796b402be6e707b88e16b3f911359b90b31cbab4fde1bbf20d98dd282ea08008fe83afb8b6ad2f8e7ba7f434ce408bfe1dccefdb6fe894523fe97fcb4fdd4d2a410fe7cb1e32a00fc0ec106160b9ef8e65fd7867c50eac010373f609dc00e895b2038492dfcbd18c1df60a3802713c2e7d34882b346f7a17158370e8cdb832903953f62f01f49e8177ce6d535b5603d2d979f661aebde4ecfb2fd2b00c61bf227b4d762aed763f5de395ddd000053c98075d71e3833a9c222ab0ed32b437cfa313
1787432030.364442 sweep:Generic OOK 4.8k RSSI spike: -49.0
  -> 255 4fe64e7394e9f92193419f1ee529d71c233d1e671eeffffccde984e08fc5fff8061f4012361fe3ee4d54c417f2fed1e41b8c19db22ec47f73607e5ea218fde79d0a350f907b45f78197825ae02de1c5e2daea3180bb57a76ba40be07dfe8bc927f81920f8f1cc510eaeb52670f8fa311c51491a0caf80c9c06e7242b2b29e67f3c70bc398448a299e5d4c57f8edd1ad71a6a39aee21327d9ed60900f9ffb7831886ff6951c1ec030eb073e181ffe16259a1cbf6997e0a02e72e21e961d5aeb1185ee15042cf3e0d04657f61c43023a72b82efde1bff3d9360f7e253d03b3ffa9c7c1cd61baf0b769bfe3b47e40033318215ca3284cb6b5c1fac0ef6c13641b
1787432030.364664 sweep:Generic OOK 4.8k RSSI spike: -49.0
  -> 255 e982c0716b4ccb07120309f28be3e07fb4111c7047b0c1c6f8d81785378f83765cfe9d4f87bb10c32ce41d43518bba3f363a897a618cf19fb4eecf29f9ea9efdf580674bc0c3078ce024f1c43cf7cfe09d3c0be819bb3fdf183fd8be2d849ff6e51b2ec68f1a08bf3be8777011ee9cc5ffa388e2e826918f26d3c917dc3396e3cb182e81e687b8290d3f8c0dc460de6ee2de8c02f8f08a32089f87b0c01bcc7886bf7e11c6224c39d64390b180782776f707dcd011daeeb886af32e1480dbff87ba93818a087fefca14d8aef515df76cd6ca9603ff007fbbc11184fcfee2370f13cdff8271f724fbcf809468bfb53f8eb5a617c9f936860970f7ce1b536762
1787432030.364876 sweep:Generic OOK 4.8k RSSI spike: -49.0
  -> 255 4dfe289e43804751f1680406378f67ffa11df26233fa83243c49e458d3e9067d0e762a2b8000c6e44f731b55fa5f07f9a11d7a7c79ea7b7d9644900eb41c5b377ea870834122903bc90f53343d6c2fc077677a2800c74f6bbe5153bf346e474743123faabffce3b60a2063dc00f0df8258220239148f1fc4bbbcbc7e3411edeb7dff22afb78c8a0079711e1d08b01fe8d42411c3513e027e26e7bd63087f3f7c4250763107dc0faf58187f43e1d2ce708ab3feffb47f00b33e00826c1f52603ffc5ff8b068885655845f7cd8c5f1bd43e5986c080211f7b8ef8ee39f6209f9f29b6dbfa934191cb87ebbe603eb37bff1f070bac3b825589b2fc8c6edda357b
1787432030.3651688 sweep:Generic OOK 4.8k RSSI spike: -49.5
  -> 255 8d73e5b81a87a818843dfcfbc36c3a6468b27b601ba71fdf79a1fd4641ce15e9d222e95e57ac0150420adf03c67fbfdcd1bf758b81cf6ee781a2021fcd27bb4f2b2162f022b3138b8cc8e0d7ffe2240ed0237b789fde157cc17581090ea7d8499288735cc2864eabde8eac857eb0d55aa79d7080f3d75b5ca8c675e73359f864c217f821433add74c261c419c107a191457cc5b7da640dbfbe22d1eacc10db3d41ff304024007f961619de00f6cc122785191b9096c57eee62dfb71a51c4c87b90a67fc9c5fb0c01a2448f571dd24181ea373ada37c8b03e1115683c96a11e3bccd999ef6a6008deb611f3e8f1c435f9707df3aa230e87e9ad2971799e5c36
1787432030.36538 sweep:Generic OOK 4.8k RSSI spike: -49.5
  -> 255 b4ce3fecb1ffd1755c408a50e89f28ad9ac2b203bcd1b8fa77cf8f9e0feeb08abd5832493802268134eea7c8b24dc9e203a88dfea8e1bda69f73feb9816f3362be67df2773f2528d1dff9a1bbed0ec3e5378f618b7e38636171907f103160fc22f09d3fba976f3ed70395e8e2b1b65f08e7dcc46f9cef7809241f73d33f0ff3b91c4c3d33dad7f054182dc1d122b25e6788b39d1f833a4db53cff7ea6c487c615752f6ff8f871e0420ec5c0c8998b74604078e39ba41deba00968a3cee6cc2dfc45517e1d2f414ffd6cdf59f340ed7dce05110d38cd29bd208373100197579261bbc300a9418760c7f1a5181702440572a7926eb8799bfbcbf27f2731f09c0
1787432030.365588 sweep:Generic OOK 4.8k RSSI spike: -49.5
  -> 255 f0f9fe4fd3111fe73ed8ed2136fee3bc80e76c72be16e53121c5033a3031f0f72bd3524d7001340e8f253240827e70afbebf4ee73517fb8fe0b804bab82af045ce3e1a1e1e06068e02d1c81d59079d550a0ee3461ffad991c0e482440a11d8edcfcc65dfbfc11666035e806d040e499d7dc61a263fa4be583f843fd3bfdf00e5b40353c02c41d10c7fa6c0efc19904ee66fa9a6f94ffbfe1824602670def89130cb6d3df69a91358b99142025880a1b8133da07bab7cdea2cfc4d009fb7af2abb7be2c9c498c4cd0fe52e28efd5386ffb9c9f1d2b8e132542005fa9d1f5f6688078fb2501efec5fc2ceb7e19d4de7d1c1ac8000ec0771fd8276d23836a931c
1787432030.365803 sweep:Generic OOK 4.8k RSSI spike: -50.0
  -> 255 5e9e1621ee6d6d199967dddb86dd80041f0a79c924ab8158b02fd4101e7f917f78833c42ba3ec3dff703cf4e27ffd92e7c86ed111002a28ca597f77cf23dfc1355efa3046e92011cd103036c570a4323dcb010ee756e03408f584284f8baf23506ce6d817860400073c3d06e9e6b27ebd880c581bf27f12e0cd18a78dd9871c1c7ccd8089e7e3800a58a3cbc1b09971314dd04ee460588fd8fb8e06b2cf8c6cbfb291d26b9b078cf68c8756df3e8cbfd12e7934b8033ee247e10d8777195a01dd833c9c807881d80189c3b1640e414d29b8919a76aeff230300a0726b38a1f04402033e01112d5fa4a0378321c71a019cb80a352369ab943ea03d0606ee061
1787432030.366056 sweep:Generic OOK 4.8k RSSI spike: -50.0
  -> 255 51794f26162e8cfac59fa6765c38ffe7b9f172f962632147ed7114c3c18a73f8bb6ced01d43cd6708c8044d5daec1c241f5f7c4d02a1783f9ed0637d59619c09c3f68dce38583b493e0c95547ef9dc29d1c045d4b69131a782e7ac4d90f49c791a26f25309e745e10e6bf40204b0791173b7cfc7bfe1117f0f1e0fe3eb5e075d836204d985f0690ec6e0ec0f83f63f7ce5189a7edfcf608e03959c001ea976e9c90d8533dceb5c001980afb1f7dd865e1e09d6eebdb0f647d187fda9bff84048db3bb94cee09cfc65e315af3a6eca83b36460fc3349eee20a781e47db4fc937886303bec1e2ff087ec56076c73cc761e76c28966202360ebc1ca80e045667f
1787432030.366273 sweep:Generic OOK 4.8k RSSI spike: -50.0
  -> 255 6bffa0337f76e980fb30b3be17a52b2dbfc37180b1797f99e2dbdf0387f4a3fa652ac8450f0275c1ddaefc0efbb6311283c83fc768e1bc8fbe65d38051183ccbd02544fc1e8ae28339b178afc5e9fcfa1dfb9f872a6a7c634189233eb87c548337fff964e47e2eb5f2e080b06a10bee535f845e036b3fbcda75ab39804e3847463c740f7ddd7ad748338715871dc30b6dc2597d0002ba02d837cf24dd77ba7e7c304c0c58f26efa29e2162e2e8d8819972704fe7f68fbfb32c71d8c2d09782cc3d7e4d20633ef8e55ccfe47c2419118489cf88bcfb1b6d1fa8f8318c0f9d0b70e1ef7edf668f3b92ca1cf3777e5a0eff7ee130cace58fa011fec35dffa02cf
1787432030.366477 sweep:Generic OOK 4.8k RSSI spike: -50.0
  -> 255 0cf6c6fb1778c16b19861006851e65a70a378e3709f880e6e21f868b73457b99cffeb627e7e7ee13c0997cd9afe2837fca133c32d4de583bc32dc438710f64c18def77c2ce1c090e7039f19ed2524407261ef0f5bc6f081dc21979014200181228c53fb9e2120e999a10c61116b70aed786761c30ff9fdfa61ee3fa5a73791693ffb63cf60e6a4a815789a837cb7dc004190bccccdc954a58fc52fd75c40f624c8a2f7e45eff200c1410544bc4cf061817a3fa9d70e03d089ee08f05e111c911171979d4efd35cdf18d624993a4f976a61303d89bf742281d353f3b8124edff39bf7d4153b0fd52f10378428c0f716ebf4c83a01c142f80c1403981741e660
1787432030.366692 sweep:Generic OOK 4.8k RSSI spike: -50.0
  -> 255 008f1e56e8a41785a9c3db0c7efebe9e77b7be324fd1e8ccb125e4fc0cd1a3883400ee9fc9000bbff23e715bedb54bef555f41b9e4b82cd251ebc67f9c58dde75b9cbaccdd1558685281a238c27e2329c9f71808bdf378c21c3c443c034c49aa1e81d61747493093ed3c988ed0a67374e7de89ce3dbb8d95680e76a70dddfc1c78571bf864be2bcf8f4986d625c197cf31bae7e44d12a81f251ef2d5ef0ba5e869206f931a4b4ef53e574dedf3dc7efc6a86d0ec37937cdff1d7023c087b29cd9f9a3487ee70f896106d1550425f94693a0a6f3110698082b5fbdc3ff69efc1e4572cdd6b023b9796310bd01b173b3dd5a6fe7a3b47e9f8b9c375ade7e1e09
1787432030.366912 sweep:Generic OOK 4.8k RSSI spike: -50.5
  -> 255 080fd40f4dd9fb753b89b3c4d3fa008f73da2b0846834fc937e48c5b0e3bf3ee7f0cdff61057582c2bc5178360191cf9e4c37e070bd9ebf9fef27643ec4577380b3c1c8bc42d99cad87949ef8931d72f760b3076bfcaffdad38ebf384d78f8887fbfffa7927023507e858ceba0a79aee7d3467482583c743fe6e2e85d9c4b365f66c818ff10c42804a3a0663fc724e5de56008453f4df7ede4f0c21504502040f16eb6046e14142141bff3506d920dcd616ee5b545840f60f07d9c06522650ac939eb50131003e853a1104c3d2df210dd3c42f33e5e5ac0b98b68438fe033082f23c67023868a9fc6cc6fc4dd960369863bc5d7866537cf3de9a69fd339c13
1787432030.3671691 sweep:Generic OOK 4.8k RSSI spike: -50.5
  -> 255 0cf2613af6718a15243e53cd58e428fdc823d701748bb9dfefffd8690b33f0dc35deb065e5e405bce336f8fb4f92c2c7e632028a6f4e0e134f7ce1bfffa82bde7f8d7c9dbfb15180e116669bdb720f92b4699f32b03d84eb9062eb7a31cd47308acead85b1423c06c0c61236147c369df164c48e9f07353f405c3e0caa78540398d63dc1c890258e5de4b4e4ffc6e23f91f3de0abd83a91d2965e786602d7a8e1cd99c540016f9e6815feed2b9c6c47993631f095928819d2998e6a81747e8bfb741cf48e83a2423ef1e9394d32de10baf8681e602f17a68eeca4863ec03f823904686857878d3231b801a0c3f06fbde1ccfeefa82d0af92c6c45d80f76fe7
1787432030.3673751 sweep:Generic OOK 4.8k RSSI spike: -50.5
  -> 255 60264456638a74e3861f5e11f8b646070ba0b8e8844072b3dbed5f35d988be97e302c431cd4d18d84421cdf44969f0dd42c04f77efb207d612e8d1e19d717a42dfb4bf033fbff30e057a4f72ac1dde68efc61966ed1c8dd781b64d3738f3100d3f8bdb165de6fe0913fbb023aa4e8b100bf4ce443a787e36c71db07063fb7109190ead0c34925875f4fe19fdbcb988bfca4d6b1d72ba21ea03affebbb8fb3bdfb60063c007d22d96fc05301d6467b95a3e3ce839105c60487cd78c91e9b5962c22377537ee03d67018420ac09c5f37fd51f391bfba29ee9904f81a2826d1be09e798aa04e95b7f121e5f518323e1a61005d33e80b3c24cb6d0b2e727f797bd
1787432030.367584 sweep:Generic OOK 4.8k RSSI spike: -51.0
  -> 255 d8324be071f6c8e8228464ea2208cbf7abf390e3ee494351870527d1efb0a71cf89774b903e9fcef31127b2f8345fef79e0de3fee3e26ef808d9c25ea84ecde24ef0b3e61f3c41c8609efe6f36db0144cfe811f6c9cdbb1fe0b0518f47a19bf8705fbe26284d25097892304d88538395c4bc60e2d04c57cc131ecd387819be8f918c6c0a230ecadef11f217e102fa031defd16ad80fb01fef2928779c49565ecf10de575000cbf38082b873ce30ef03cf4ecdc63ba27dced33e930eaec604fdd460ba18e5dda7c283311690c7b61b8dd5207d175fad21b5fb31ecc35cb62ea6e4ef22e70d9e309ee74763ff439a5c417971d86a8921419789ff1e283006ccc
1787432030.3678012 sweep:Generic OOK 4.8k RSSI spike: -51.0
  -> 255 ae8b74472cce0711b4aaf394ae78575f97ddea5230b04268d9e89f3c084eba62ba9ba6b891e27de03e2d3bfc710c1f790f558ec4d951c02f292c1a26d064987a64184314eff38a1fa1107777b80dddc1983d9f920ede0a61090aadc585a33fe001e18f30199c087f693cc05d9ea3c3dc041df40e8b82cbce0e02affc3d141b3f6643eea8833847c6bf00e8d34fe31967a9bf1bec56a3fbaf19beff6e44379d0237d0bd84cf7f81872e3e17dbf8812b5cc432113b9dfbc1f62807f8a0ee13198d8584d7d713ca14abe3cbb36614eeff8e87706dc9db7cfedea3aa81d9afccf43e4fc99fcf31f8cf4ee2f5fd1a1d0fc46ffc0e46b76da3a54a72e64b19ee2bd0
1787432030.368057 sweep:Generic OOK 4.8k RSSI spike: -51.0
  -> 255 d94e48ceafedbe8101ee84023613a87e0861bb2f82e6fcd2483bc0f9e1fdd5282c3897c08530633245794088c8cea9d7c37fa59fc5e88be7908c19a38e6e0de8783e67624e830ac8f871844d11273f11fa3827ac2d8003f67cf33f83c749fcfe9ff7de3d8f7e06a60eb120fb9e84391d501c1fda3dfc1f81d46cb890e4d4e460037720b5bb24aee62c68636f221cb7f995e3d6401dcbcc05783c6498bd98d04f4d9ccfb660f00d0870ba8183204c2525045633ab3ac7ec4a5061d06271c68bef7f3afe35f2e7744228304924f331eb1bfab0fc6152ddf05ef83a9a01b8818bca9a864a6c61f54b751edbac7f13e78040a846aee3b1c0e37066b1f9d9226256
1787432030.368271 sweep:Generic OOK 4.8k RSSI spike: -51.0
  -> 255 cd0f19f3ef58065e61fcbbe0158d39829f40c07e1a3a1bf09e86ef67f2efc31ef3b0c9997cb3e11cf98e114cd320bc39695a5640b3cff984ddc817818f7173b2f94b26f4a022dd0c5b1f808e15fef0ee0423896b5ea03f906326c308769ff30ce5affe4aa6fbcca1912916f7a6f1b820f127d77dccdf11c83c3a8c76222e25eea447f53e1cdfd805bc074f4c37a1221b40f97fde95c1d8d436aa042f4ce0e95497f8c3814fdc03f7b26e6fb1630079ae1ff87e4e2f87e78912368d597c338840d7d1619de31702989314c35fd61d8b71e184e463cea1c21175b3018aff59147cf20c2f8ef9ffb2499da5bfd1f999a3cefcac781d7133c7cf852809c143156f
1787432030.368484 sweep:Generic OOK 4.8k RSSI spike: -51.0
  -> 255 ca4463f26108e4296a700b68033eed526108c7c364f9c9d7209fffeff57cd7ff414f231dad307c4b1a2e042fc34599332038f2cb8791e91023b762cdcc54f1fdc6c8e8545e013c07ee7788cc76753ecff4ee67c99966473ea517dc7d9076f89be5c5190726f0033f2a429e8450e7833c31e660a790b81d6181b06f9224a89373fdb4a678f6308cfe403e7182bcf3d9f3b17218aaf91c85fad7beb022a01405c4793078b87261fa2917340ce50df0ebcc670e920588df5fafdc465ffc6f880b7d10ca318412bf42fc6cf822c8890a208e21eca79efffee75d87003afabf8065665bbc03e80c307b03bd0bc9d5b6130c30ba88a5fc8ff66f9dd3cb392bb0d1ff
1787432030.368715 sweep:Generic OOK 4.8k RSSI spike: -51.5
  -> 255 786a58d6fbebdc6bc64339d2f1090f02e57f329f8e0b347038fc000592ee4a22805dba1f76c68f6630c3b38d96fe0841ffdf9643fc28fec4d87613dfe79d7ff65c3303d75b7f4b7a8023836531b47bf250ced8da38c793a0c2405efd30c250530cf02d65667fbdbc70f5af6ff40f8fe8887cd0df070073f3af1f59fe3b9abec593bb44facef460459f50be4effcbf335643bf8ff138547991c105a3e7029bd667accce8487e2f933ce762cd826941d55fa588b2d78c31feb3c640307ea0f75580f8e0f9fd4c12f0603ae6ae221b9ce2e60c59d88038bc971ebdb601bea119ec8742122cce0c0d86f79f5cc3710defca97f12ea085c1afe9f7747f9bddce800
1787432030.368931 sweep:Generic OOK 4.8k RSSI spike: -51.5
  -> 255 f65d40ff29c08073f0e25a37b59c6ee58d6c744c1973b803b3e22679470f003ef9e46f32ffd7838789bea15c3871861ad54166e36e5778c9f0efd9cfc802f7b7ed3b1eae8572cb8020d64a7d79d7d4704bfd07ffc3f322d3b58a8af96c493b9e3d794a8ed2abb90c3171ec3101a0eceaf2557ecf794b123fc801fe419ba2cafc10a5bba07f5f3ffbeb0c6e89b3801001d9b08c5b05e03590fede34a21d78fb1d0100fc730ffc50654cddf9da1bdca9b9f49be21c6811ff032b0cb3a8f5e0d3ff74423ce9101f13302758ef1882f952f815ccfe063bdbd46731216e275aaa18e618aa593306c1e1f3a35de31481c010ebfe387e207c6f1ea0063c9c1f592dee
1787432030.369181 sweep:Generic OOK 4.8k RSSI spike: -51.5
  -> 255 6d76351a3183b9c59ad639b43fba2361ce2719c03f28c1cc5c1cca4c34ca6ecc381dc7d06ec18c780420f38d26bff128124222d17f1165c4a2b398ffb231eddc9c1385de55f78de5a83c8bdc37bae86777ed3ef861ee7c2fa1304103276793f9cbff089e501b4808ebbf58cfb8bfcb07d01f4d7a8eb3433f8ef2d68aa2ff223978b9d0501fb02f0c20904eaf0fac3d110fd6c5a3bbbb22198598c52fe7b5764a10cbddf8dde736285c04a2903fde180e867f9f05ed54c931e129978006f1b8340821841f1cbb2ee4a306381f67647a287fa2ed3c7eadb731899a1adfa8e0842126066d60313f11fbfeb5deffb782ff1a19103e41190be4bf3e4e57604400f1
1787432030.369384 sweep:Generic OOK 4.8k RSSI spike: -51.5
  -> 255 dbae459fe802e75fc139d830fbd45f469a683a1fa93c18a4580c637261bbe4979cb1c0440ef39d5b3c21621319637a9277fc7cfb9d172ff89fd0347188ad6714b24f1844ef96c5fc33605eb71b1bc3019b6f860764c6933b3ae291c4fae2f39322354b1bddac3ecfc729e0a4e665101fff7131ee632398585f6c3f10b2f9182c10980975ee1c9c87618f4d9ca0190d87db9b041b7120a316b1991f2988f0fd756af01ab82b4cd659d9efe1c241a9e7e2e6c375d3989ffb48349f912e9b71e300ad6a1f093dc16f103fbfefcbe3ee6787649f6d9cda7e81df373e5900737f884bc68e1ca61144eb13e10c27080dc471126c28cdd43c49e20e8450b280014c23
1787432030.3695822 sweep:Generic OOK 4.8k RSSI spike: -52.0
  -> 255 5f6e3206f21ed7f899da207f474eb06e47a70c508df1b9aefb0d1c1f9ace00e37b1e01a09e0b57c63fc4f7929ba21cad1df7939dd55f0e42263d64e8cbf343f6832144159fc02580b72c1681ff6a9f87decbd74cbe60b32bc47109faefd072cf38070ef91cec0bb05552bf296c9bbbb303f36e4dd019571637d8aea006381a6a2dcf0d7e0d17c7cefc687d62b5fb247d71d09a4fe7de2457dc02fe6aaef383ff42ed7fa5f984f2dbf87c2f8a90fc05b47f361f0258098f878f88e71c4c9cb1e995c407f573e28bb81df867c40a290f8c7f513845f77707d1e67608ed0c8b75fc733095ff1ff78919ab3b3fd203c1d7fe51d44c1fe788357e89e26dde7cffcf
1787432030.369808 sweep:Generic OOK 4.8k RSSI spike: -52.0
  -> 255 06f4c982ed4cb9e474dc201765e074882e79b2f95dfae2d49839a0ca279dfab26db378473f118062bdae5583a92f77474ffac4341fc30eb1028909e49eddfcbe02bfbb451ea32030248032e16b681e09f8f7d1b9ba87fb8408ebf8f381fcd1f9eb96c2053e0418c8e16d3241b926b38905533b6f434ae1d9c76668985344b20dde4efb9b144877157fc0eed1af87af77742bdf0addf7a027cc42b31ebe3c6a2306cebf467b618437da30172f9ae9312ecec84f3aaf1f0d0c242c3bffbaed3233a6104dfce5bd53807fc26d637891fe7f7df7f58673761d1573fbd453aa73e5f3b5bc1f99baaad50fcb8600f21115d23dcf8ed3d02c6635459a78066fe77ff7
1787432030.370055 sweep:Generic OOK 4.8k RSSI spike: -52.0
  -> 255 28ec87efe1e11bbfd0b847b16c44ee06a5430dfc2ddab14f7bd3d247faebb3e76a3ae506826ac237d0e3788fb336f558373ed378177a03adaca713ab75bf9eae6398787bee4d912dfc8653a46a7f4b79479e5bc8c39e1ebe2e78c792a45d4a8f15cb63f411ba1bf01d52bcc6531f9e17ef067979c3e3aa86a1a925be5a3fe7d15878920ec61bc7e6f9843b0e71ef8132e125c40b834e21e4b75a94795713e927b84059802fe77f872187ba1c609987c3efc827defe3f440f489a000f80635fdfafdb1f19c587ecf2119fe76d0cc057efc90f72195b591b6c33f86f782474d6c6f6964e6713e83100bd80da34d2e473b7f12fc557f95183d35b4b8f1999e6b8
1787432030.370263 sweep:Generic OOK 4.8k RSSI spike: -52.0
  -> 255 6637f2068ec9f49d6efd3105c7bd62065d38823cf99384fcb9918f0bd1fb9f90adb6ebc5f27c5f2c14e37d721bf577cd756e363c207c5cf49e41a19814ffa24c85ff838613b496131f38cac32e1dc1d97b64b11653564c6796ebf36693902e088d06ea460a6c5e1efe0abb2fe78234ab142be2bce07cbb1fb7bb69710c15c0a67c12a128171a2c5b8b000424796cc645813843484917d836a6fc8e2f074ac7cd933b9daa521120fbf8bc1236e368ade918fc77e992f8abc0f386b4cc5e0698170cd561ba078248e0f10f31ccc4b721e4f71e918ff6536b71135b7c0cca980d95c69d5829e0376940c795c71c3bee9ecab98740277df87a2e69cae57b162300
1787432030.370481 sweep:Generic OOK 4.8k RSSI spike: -52.5
  -> 255 af8ffcb239f804b9fd075211f99e1c748801ca480bbe85dbf8a63a8e4f200ce1302df9ee719ce1e03835e2ed31e0c2df7ffc514033698bcd5693ec0266903f60b3687d1e11b619d624a83eb9d949400d35ed56fd4dc60e7f71c3803e7b7201c3fda07ce3c9fe48f5d63f67ec24d5f164a8919b4c42730d1a47c86a7ff0b16730808799761dffbe0449f8a35d06ee622561feedcc4dcec3cff6884edff910514683a9a2ed4bf489808cd859fff7ff1cf181a0c48f050b2ca35dcfe116a2ff25d790e4efc1e87621f7c99bc5a3f2f472009caaf07091d228cbfbd030fc07e3b044f3f2f671e995d912270261c2461725b3b2ba67846de8458737d58488bfd7e4
1787432030.370701 sweep:Generic OOK 4.8k RSSI spike: -52.5
  -> 255 6c9fd8ef6202f98751f9af3d40610f40aa6a8f5dd64f861798de68d620ce73816e0702de76bfed03cb6fc53ee200a7ccb5ba7b36852031b25a19868fff32842efc22f40b57f0f665730d7a3df7e185ef0ef8275e3037fae2b0889348cdc2e3816cf13c33f0111c53c2e40853031a0d2302d8a9086174bffa43004841add27fb6cfdfbcad39e2bbb2a483b29062911fc57467ffa69dc52f61ec294f1107e7a0118971fdbcdb014e1262d07dc87afa44e8879c2fbc6135424062f863ed28706fe7396d40614fdfbd01013ad777c0ac5c04e77b5805676b149b0de0b731d4de224224bdef8dc227c0e1313f2232a198e0367818f880bab668df808c78bec8340e
1787432030.3709319 sweep:Generic OOK 4.8k RSSI spike: -52.5
  -> 255 f60aa47861e6f3b3bcdec2ee3048ffa9186ba72f7b09a92d05c4f3e5823d585d2be4b0c16f7001c618421202343f8f6e7740b8a4096b683fccbac4854621bfe63ee91ee2aaa65c2957acb78ff941cc60070f1dff6df0dce410af4f3d6ce23077f4ff2f0a0c7d20f4f27c6d3380374ff06eb1d13ca7330d6736d4882d3c01db72ed3e3606df85be80eac3f853079a238b0428af3cc0f97a70df078d6c6826a039e3dde135bb290e3d5ec8216b3be9a08cbc5998db4a401f0807a74cc2f9e7a1117f0fdcd1a756529671c4f1c2c7480a3809dafe1ebe64f0670d39ff4fec1f350563f82a8f40524f49e78cef285a1fe9f77e7065e064b57204d400cd76653a09
1787432030.371165 sweep:Generic OOK 4.8k RSSI spike: -52.5
  -> 255 088679cfc1563e09e2211d401c6d0e235a6f0912f8304f5e5c1f0e1dee027c71e314e33dd043f6e0bbc7d8b21bef777f347fc1f8a034130c487981444bdaf3f71453bf44cf901dd8308cf11b8008b4de4957a1410383913ac039cb8ff5ff8121a4c690ee045795ecdb98d670944cb7038dd8b396e9a13c999a057ae3be0341ff9b60cc190fff7b062be34f8718b0fa888c0710afad991cd23ff17a209dc930efe8e3eedf898d002dfc6afecc419d7d34b3fb02bbadcab1f70abce03f7847ded63219bf161e6f0cff81ea3e817bd503c11e33106123df443bdb3e42569e82b41a43fc0d51ff750e300dc0f249f47038e1e4327f2476352b829ffdf1ccc6f6c4
1787432030.371379 sweep:Generic OOK 4.8k RSSI spike: -53.0
  -> 255 3e0262b87e613726d1a8e943d0c27326fdaa1e0d5b6e143e3073e137c47f119de295043b5dbcf58bdc3979ff0ac98b3ee06af0ff8b862326eff989c0b9f82840b53a3f7ff5b00067f1290e87c1e369fb3d5f781a06f780f194a7b6410bd81e19df81fc2ebd30e981fcd2fdfc877da1211522e131c2be2f9e887de6a277ce3cf9991df1049bbf3fedfc2c711e1fbf0e407ff1fa6bf33df9fc00df575cc407b9d818141918aef7d7a1802e730e20d6eed19ef348901d5820a4d2c68c3593018d9157a0000820828e2ec264424131a0dbc8fa3943ab615f1b56e820dca8c5041be01007f68e99bff02720111500cfbd92bb3d91194933e4676ecfec29fdafdf72
1787432030.371587 sweep:Generic OOK 4.8k RSSI spike: -53.0
  -> 255 12022dfb43c1f0ea3e3ef322c58656c96cb7aa715909188f60ae41a6e0d1ed6c5d86f067f606c74339e0ee0719fd8434d3e40987a6d8373e0b1fb63112ad3eac8a3807fac97407be1efa6890102f6336fe11ae16da1de52fb9f16338c4c0b3fe39ed164ed70838353b395c3de6f87e48eef07cb06951c3ccf3cb82071e8f22c770ecdf0f48f8785d117c341a74beac5201018b3c87d22d80b002e25d0311b88339c53ef265d875ef0863f903299eb16012ee12d54e1aa99f8c34f1f8a4d7508c4397c0c20041d7e711b58024215077c5f79f7ef4a102784259f07c1c56cb023084cfa8aedf624f4a24e0c85934c15a68c3af1eddcbb0bf9e249a1590690dde
1787432030.3718069 sweep:Generic OOK 4.8k RSSI spike: -53.0
  -> 255 b34943038d5a1f05ff9e602eed19eb52d9f9effbf29b9938d61cd0e8d0cca1fb120f1f86738e3023f3da6328dcc79697c2991cf9ff3ac97920d8a6320c7d5adb0b3dd66d78859e0b52fe52621ec68e1272e30790f7cfb760d7a9fc41e1dcf9023e1fe2e181f8d3a5fe60578b870030f77427f9af38fdadc68df0b18d924580d2c3992077def9472bbdea4532fa910800e74f1e0ff09bff582da9088169f03026e9c8215f6966ba0f45e1530065c07f8477d366e6bc83c5e630a8cb88fbe84f851fafff70e8e37a5ccd2c00714e7ec50079776ff501781ce836713327e3c835c4a53abe5c285c078546d8c998b82751dd6cba0f57df6a83da59ac486e1b1bb8
1787432030.372054 sweep:Generic OOK 4.8k RSSI spike: -53.0
  -> 255 0ae14314a7fb839fdd80fa82a9c3c0636e5eeb0d2bac422c6e71f894b29a2d0186cfc8ce467dccfb149a30c9ab5f6b32935a49da717e789d13d84a13ac608d07070cf68cc35d73eef0b792467c442d26036ca6fc63cf6ea590223cf080878c4f962f2cc3e9d33c7bf84b8176058587029d00706d798f13c1a680ddf93090eb896258bb1b9f73c60fb198803d6479790450097a90438a73dc337a4b4f5e209c5e1d81cb3b5aea5907ad46d287980158c43e6df4ff4596640732f97e61fc9e81b7f25a0ee63ce977fe4994d87bd3ee78a5283bb73173fa600807fc7d64c5f69bc8f7ce359b7e56a71ef46bb8f8b047a05354f2282e2deb3fe7d73d816db0ff99
1787432030.372273 sweep:Generic OOK 4.8k RSSI spike: -53.0
  -> 255 3518edfd7da06858a70d41643559fc2e9be75ea1e1f87f3eefa4c61c3447f438725c39e91a3ad7502e855518280b3f7c5fb8cd7e0e900e3fc0c3a58601f23e7373e85fc8a414b4f3ce7ff02d0147c00beb4fca84d6508cc667cc4ac97008dbbdc78241df9a71bf97554fa00bf2ef5e24c1092279dc798bbae060b23e0518e4f8e1c26579d0d659381020c4630fc712043d97324cf67b0bc8072816f0dce27a22d10cd1daf9b94cf31e51be8d279efdf3d1266e0ee221e86fb7fce1f83e987385158606acdabc94921071a5c83f5ff318388bfcc4bc6f92478757e78dfe20392e0a2b0aa04900006dfdfcd5de3ef34625f253e04d20b9029c3f0661caee02bf
1787432030.372483 sweep:Generic OOK 4.8k RSSI spike: -53.5
  -> 255 11ce3620c6b66a3f69284cdfd1d623f11b1955d408e0b0fe992eb78d0ef890a6dce52f84c0218bb403b9a8181b854bf704ac8d6dd30fb77f97f837f9dbaf87ec3f5a001b7fb309080287bb19f4e60f8074210887e11ce746ee4aadf1b983c35bcbdbcfda8283a7fae349ef3c143c18aa648cee5d1ade0da5a25ec7765b23809407b1086e8f9ddc5fdb5ba8bfcdf2a1f710d75d103dd7ed26e589ef3e30407481bb0e24c30799e1486418a55ef3c4e8c8f902fd167026ff7221996520313b58210cf97095a00ee347f5e47148689fb9b5be7067f11e044e182b983f1fc118b01229004ce1e77f5bd865a80e77fd69b3e031b2f8afbe82de865d859383f4f575
1787432030.372694 sweep:Generic OOK 4.8k RSSI spike: -53.5
  -> 255 05e27b3ec9de7ceeedc0fb0ba0ea7412034c77c210c0a768b3e210ff43398eab3f17dec67e04e357fc17d7437077c3825f1c838abd10bcfb4910e19087c2b15938943e510dec4da9f414582088f8906c64588a8177899a0e79783091ecd7fe0334c110459a8229a09f594977410fbaf4263f1fcad00d62a01cb015387d8b730ced5bf0cec56c9e231954e606cb8a0f60a43930b7e3e0cffb2a41c3cd0d85db9bef2a3f8bf7d2049c426e1cc41cce15075f84f0a5a271b06b37ff2f782e080a7e7931988199e510f34475cf87a735b8dd69a483824bfe6c88e783ee84dc25dc1f98f0f4d57d5378f4ad4aed47cb48b3e474fd945c25734c3ac09a74de3fa3b4
1787432030.3729122 sweep:Generic OOK 4.8k RSSI spike: -53.5
  -> 255 e59c1cff7023387f086c13eeb3c3d2f17fae7ec42040675a6826f942777d8e780bf694d1814c5c0bc25782fc60c7f21d5718532c250f2827d73c0f1f8449908351e7df126d0546dcf735824021f0563add1615c1cb5e1d62cbc08d4395e67a5f7db04c21d386bc62d6c6cf6f8381bf2277e8e5c0cfb6fe820683f1a9ffafcf6f7debe79053aeb4fe1e0383774a0c61f73c063cc4ce0241637e67001272aaa7ff1b3532bf2e8621a2689d307ba2de9789b3cd9686f2f8ba61122d944fdc2862bb3491dec06a1f0e2c9d20d9af30e3bf1bb5f8cd80c468e2ff58be0d28d9d33dd88febdfba711153b3e4ec64a73e7bca5cfc73cf95e03a3ae5340c533d44109d
1787432030.373152 sweep:Generic OOK 4.8k RSSI spike: -54.0
  -> 255 1dc069ff660d3902ba1926e71e11ae8db1fa616fb4d59eb1b816a39e1ec21c5992217a0ff25e0bfbefe967263c68005fed5a1771b72370da0e2353cbed24b324fd21c9c74418e6ac3bb9a17cc5a89f9f3e69e005fd2e11f8ffd43e7ef8c588d8e1fdf8116f258309d62206fd51835ed9be39f65fc737d85072c098d3d0081e3f5ee6481ce12d1dc06c5c790f813625d44d1f710b6f7f9017b4f5c73de800e307f015cd0dbe966908f101c0741f25fae99cef95efce6b80d8924279fb25a43d20ff0670bd2e006c608a0b880c7600fe38184b9fb496dbdce7be001ed2e30dec0dc420ed2fed3434cc5f9c7bff411f8643803a173bdc69843005e22583221b4b
1787432030.3733618 sweep:Generic OOK 4.8k RSSI spike: -54.0
  -> 255 607fe6c7f14e8a034fe5c2e00f1b74d6f804e3a1dc3dbbb0e8bd945a3409e4c3908ce79b4180323f5598cede3efe1b6bce01bf7cd3233351be7846c2f4c49d9bfe42a830f6282f87c7e19caefc66e8de119ee32863427c002b4814b3de7a692fcc6785ed49789d0bd214df3fa83a721032250890281262c61f08ad5f3c25e72f653e81d0e2d5310e91b0001ef072831110fd063180d1ee6c5bc380895fff9a8c43eadbecb37c342b33c3891c837c3f185518fd4630ee5a2dfb91c4767fd609cfc23e439a278e5fe03b915a27134be49e1e2c3540314c23c70283ee967ee825b64c5c0d29f6fb7ff1f50d81ee628ff641d811c60fbf5cf0d98f22d704c0c532
1787432030.373579 sweep:Generic OOK 4.8k RSSI spike: -54.0
  -> 255 10ed37c167d71a882a3dcfb8f946e3fcf7335fc0808d0715a850933d8301c672cb77bb3a44ee6f7f0d40cf84389e08e1a7f8a916330e8521e1bc21840d898c1f13fe2293da4709fc15e84ef93df4a0275c9a01238b2bfcef5cf5157ce1fc349ecfe3c21a1e3e329f710fd867206c76c469b498b627bcbd4301a3fffa24894e9626cd367679fc9205257e670d518df9e38a40908788358636ad2cde724379773cfef9278dc2367c6503063739518092947bd68f00c086ca797fe77ebda227ea5f6935119cff8238b79a6459cef69c727f9f431f9975cc66a80cfb801d4e810f45d66e16ec773f889298dd74fcb5fad16bfbc407b7b248e7dfe15e84bbf1939f
1787432030.373801 sweep:Generic OOK 4.8k RSSI spike: -54.0
  -> 255 4c756a6713b77be4627f43b5309e8c80d9cb00e41f344604c3fd9839fe383f4f69eb827b72663cfe18c740c646ba6ae5bfa61c0cd90c443cee731ca1508f82f1ef4220e30451d8fe6fa70731e99fa1861a89b38b83d3dcd887ffc105e204deef8fef6ac38c1ff01cf1626c38939fcd06029d0bee07e737187cae749b1b21b0c2ca11a499465cb83aed8834dcc04137f525b2714e6291bc96e1a4512e5d63059b94cb238d44332f8c94322d4030e7ae2b2c549b13a1b769c0e7e1700ee122a7fc863902fc7f3e17c1c644235cfbe67c41ee1f6a4c40470c47e6ffd231e377ad827e7c3cacfdf8dfd8825c039f0fcd815c161c23080fc18a774af17f38d69c23
1787432030.374055 sweep:Generic OOK 4.8k RSSI spike: -54.0
  -> 255 87f97635f9ffd39ec37474b9397b4e7b5d9fdb666e19a0ef26110c7841a4052cc8c3a1a409a8197083d0f13603560779addc2fd5c6fcabc90ed6760464fc7349c8e6f34ae806e71bc710b91b6db0e7f0b601d8f83c5439147cae80795a099bc9622e8bae0b0563aa1e6fbff456677153ebbf47e0321063629214337ef8100c057d8e3c81b1335e21f3bc78c6e353807afc73d3ce8868e558caacfcfdf8181a8e9c8b34eb67f35f91cae02c0ca79960067bcb45ed30fec7d48705343066718efd3f4688278815f80ff3b8bef20852aa19e931778b78c9bcbd35a57eb9da41643a26548ab049009f9b818e18838eb57da3fba78f9e79c39e9e007ddff3f3dc3b
1787432030.3742669 sweep:Generic OOK 4.8k RSSI spike: -54.5
  -> 255 00c2230bd3920bf1eef852a5833a3c2b937247cf0bd8398b848ba743bf230f4c1cbbe837c385f92f47e07dc5e04b548ecfad9810208e2fdaeffce28f55f1f3411d92f202cfbee6f826f4dfeeb60b7e94e85882c5fdb3f1745cc29e86d7e5b62d8d6dc6c30c5085ef7ef905cbecc48df46a33c40137d827c8f5147c387846ffaef74345e3b15f76111a13fe9900783cc164795d9c40eff28ffb1b5f6f4478a66140d76fbe58fc6f220211f8f345f301d9c2000311d8621e4ab89da8f5f1c003c53e00ff363f478f0b6a7f72a6d9f7e52d2ece3dcc342d74160304e23ed096bcc098825f3310dc4aa5ab8ab87b86f8febee0817879f4871200f3e14e0b178d30
1787432030.3744771 sweep:Generic OOK 4.8k RSSI spike: -54.5
  -> 255 791fc0106e60b3f9bf2651c059bee028c7983937a08ec01c27cdfbb5c8ecb9778625596937511a7bae079bd1497c6057b788e3d0bf33bf2f591c1def4e2db3d89ded99cce8b84d8a68ed056cf1703e9447813b8faccadfc165478b07d11a2f7be79e8239813eeb2fc58d1ea7811080da626c7ffd67ee23de76ed05adc7c3b8cb85b29f9fd67dbcb073c1d9f16d1c6ef31beece3c53397f387b3ca46aee8901f8bf1b56276df1f678b05c130607704481b8113204b051a877b7dc27b4ff26ac5a396e29c0be7344fd2489c9324e3f89cfa9a4c33cef059bf8ae979a6b2f780751efc6ef4fb6a83f9f4127df8f770fe06310b83fcf537ff0df9eaae4ccffc81b
1787432030.374687 sweep:Generic OOK 4.8k RSSI spike: -54.5
  -> 255 ff07ffe43500868881c3f66e76cfc375990bcb81ffec14bb53f71819ebba4e38b933cca36a0dfcf58a18705147397cf37f2fd99c99bf140f6d39b6f2fd10866f1708e1e1f3de4f450800f326c1939f7be8fd34d87be6b6e2c4571e254a9805767f38c01ae6647123cc2144406f9b609ed0e069ccbf6f1fbf5fc5a57f0f7195fbf71a26101c86f959938d0ee2ff9c27f7e2f677e31ea106e9e785881c70709ef2821ed7cf1ffcb02d92c721a335dcfc00b815486e06e38367361edc6431851dc7475c095304e8f30e41fa0e861d8e624108f9209f2ebeee084bf4b8e1c2d3f506a71db234bebbc7e2cd840ecff79d1dc4ce6f1d9fb8c37134861f41e03d8ad0
1787432030.374895 sweep:Generic OOK 4.8k RSSI spike: -54.5
  -> 255 8b537ede6f59f612e82cbc85ff463cf17e7dfba90fdcb13e5163ca76cf0b608e6d3b8680311132af0f8738f5e42c062509e03fbbb80037bfb53a3ef959f05a0207150ce29582106f25aa94b3681fbe38063e83e6d00c756e53878e530a3898eb1ce7181921fad5e91c043f985717d9cb57c466e41f617c79f47b2d8de32abdd9a438723f678380038b01343e388162ce3069e6730b0530245c985d66cb03a38e21181adf4bd1fa62dc6b4274600c38b78b43a04d1902fed7fdb9fb928d6fdfa43907fff8aa9366215fceea1ad4492800c1dcabb8720cfdeb10d3b390d98c50f8bda423318eb6032ff77a02d354fe1af6e0e0079ddb84ef0239e29c22bb84f4
1787432030.375166 sweep:Generic OOK 4.8k RSSI spike: -55.0
  -> 255 9df770fbc48168f8fcd7b12a53d354432ccd894ee080ebe1c78f776f42df509f0a70689d0623dbf76bb0e67355804b27df40e548d7fb101e4f3e6cbe3a5d434e419231dfb12208385bf76baf63c55fec08c75b762c98dbd9719ee6bb1521100c46fa5f76e8f6d0be5815a0e71ebba40ecfcfc86466bbaa6553f04378da8977077359aac4c731f3f892df10937bc071c8812bb76ef800be0066f30d3d16224192c33c721e4ffcc89e74de13787cb5f03f1d7d1efd240a118083347acf01b8106a22d3561efe8ed463838053174ef2f31186fe5c10cff805034e21467136b7f106823d9fb3fc501e750e2439899aafaf1dbf8426b7677bfadf85a25d9052f644
1787432030.3753788 sweep:Generic OOK 4.8k RSSI spike: -55.0
  -> 255 1243c7ef9c5346534daf25e367c795ceda44da7345a502f2f7ca7df0e1ff3b11f9c4187e237f9726c59061e20d9972bce600f4177fb5f010971e9dc0f4377e5e1e498cff26bc7d1c38118bcf22702ede51cdb0022f8446ec2137fc2bbe6be757307e78ea63501edcecf90e781ce30f1d0312c1c78534bce39729b0ad3e2086b4bd146ff18fe9c80b39b71ac9ac207d75b3faa43cb53e88405f9775e7bac24963a3e0df9770b9f12210580f32fe3db0916be121cb4013d4074004e4450d9f876c43c7de0887b3fd4c10fc7359035aa4e2e8e3237db41007f6ff06b5c45c1a4cc4fc5e5b84183437b25bb4d910f84018e3fda674749aba7e1c637087de32878c
1787432030.3755891 sweep:Generic OOK 4.8k RSSI spike: -55.0
  -> 255 989f6046fb18cd4f63c19f6471222c8ad89fd6f61058f04e6f1f7e31c3004f7a70385060ffe2c5398076ed9cf8ba60554e8178e05f233f00535410a63d9c027c0cf52bacf0513718113ad8fa22f5958d2678164828c88fa488b2a14ecbc5f742f6c3a5c907d7a4180a05f9f1f59856fa1030a8a90cd847e49f3ce575d98e2e9061ffcbc88ca507e3ffb98a8169233d7a9d07721e7c7edc1877973f37cc3c4f9bab1c2e81fc3a45c9bf7d8f7401c8f6fc70911e7ffe401e5b32305b4f05fd7688fcfc96e6c960d3020f65b791c1cf7e40e9f621f719b4198605ff2e3fcfa77118ba81e27b009b31802e1ffb56b5cde8196afe74b06888fa14cc8f9f6bc5f16e
1787432030.375801 sweep:Generic OOK 4.8k RSSI spike: -55.0
  -> 255 40440f4b206e65149f8b921e0cee0fe207fb04d83d87d893af4c30af361832373affc73c90cdee807a3d14e91c54f91906f9b0c9142e75e6e70f8f9f1ae9fff1e607bff840a46cfa284f1a978da800f9553d6fdfedb0791a58ddb0ec7416be78db28c93dc9fb088777f2ec403a0f7ff37f7c56781a8102741652e7e778eae0160d60e8d47d3dee321db5e02009118e554c5df2615ac71e3bd4e7e1b9d175986075f7eea2fba2844b3fdeb35127bab7e1c162f91bee6a4a8956569205eccf422e744239fcef30c98cb33f7d26bb1f08043e01ee6c5de5d339909120443937c1680ebfcc3f3d9af998fc053982b1b6606d24218f592473f0b217f42fd69bb41d
1787432030.376054 sweep:Generic OOK 4.8k RSSI spike: -55.0
  -> 255 9bf59c4d2cb867a3d843243ed853c288da7f69ea8c1fcb65e9878871da676bd2c56c338cdf6b7c83a7c150003c21251ffe196fe3f33c7db17fe823c69a50313c9e7b043c88f3c640c7c616f1d01bbd1d77bef0760bff1a95f10311197ec79a372b4bf802c18dbcc4291877012f0f54a129affb2a4f0c2faf3ca0c2b4981804c4e5c307ef7fe04e8064be9906755f1549e1898c27db343fa9f12f14fbb3c25982123636ffe31d4f0588919fa1dfd8df90937629fa66b8f23986d3db9d8bfb30473f82ee57b978787c1ce1ad15e246c389f20f8ff4df7d87ddcf4c6b29691ea29128c7f0f0e84f8cc18d207f83c37b89f1e6be59fde7df4d5484b7f9f7ddd89f
1787432030.376276 sweep:Generic OOK 4.8k RSSI spike: -55.5
  -> 255 e9800363f7890360bf7c1c9f38a06bec1a2c8e6e42ceece75736f2b8775f3bdf61fbc603884500c0d0d8601e23ad5cddce2722d0e1637c397aa17f2359d0fc6c5baf9f0f1fdb085fe35a58947d01459e73e6ef2b188a4dde29e41b37edf5ab8d9071d2812179668313a38377f337cbe7523b9feeaa35e578dde8167be5e63ef2f9e693717f4c464812cf71fe33d499a7ffee8f84cf239b0382bd8332fb49e63218a880d67119b31821b62de863a89ece51f88fabec4fe0935450fc7c3b32e20ff0d1e7d07d6fcf21e27f206e4c5d38fe2f79b45bfc690dd82054994e684f0a01ea7efca45518fefcdca6dea4a7956787d00f67ec7321f00de8ca01ec1749f8
1787432030.376499 sweep:Generic OOK 4.8k RSSI spike: -55.5
  -> 255 e9d07a767e690e2ee13974d03edff6512001b31859d1fbe15b68c99c820e4b8ea21548c1eab02c8850a8baf3025f7e06556d33e831a04ec2205e9398047cbc614ce8efe509a5b00d0c7fee006eeac1bb1ec0ef3821848f62c4a1fe370ac7c0f384cd626ff8a3fef24c767f732d8a39880e37e16bcd85f385a07a8761cef8e287d5c9d1b865f85a31ff7818b0f60dc0d4ab33b9c34167c7ebe70aa1569c3684ebff1e001c866cdfb1b2e420df2e2bf2bc35d3f5a27526d93e3827fe09f6cf079f83dbfe86062594cbd43d614bec9d9136e90e97afd1a689e7bcf0dc61cfc41389df9f6a88c7530c00397d72303c92347206ffaf1d0f9fee7ceffda60370bc4a
1787432030.376707 sweep:Generic OOK 4.8k RSSI spike: -55.5
  -> 255 025f865e6aa24af5c3213d1e01e30c484f1a9ff4200002dbf54fffa2a2e129df0b4e7bd06b2029e7dafe7af39c7489238b7a0d844804cefcf9d6ac8fc823ed21905198fca6c3c40580fc9fcdf8cf57ce1411cd157f12686cea2429971261d3d1738f8092bfe6d6900f4127eb3e53b143f8b0413a323802386c6a01a644effb4886311a7eb7f861f4539df84785700a62271df053b1d18349a6eff481f0ce4a267186673240f1bf0078e9d33e9804e442d95ddf4fb9f3240febc42fde4e8e0797f99bc3d4a33426f763f2f6477adc137953b60764900387cfb1fc277f083cc9480d0be1f2073a4fd0c409f56bb6e9b39673fa77d00ca71ffd1627186f079818
1787432030.3769228 sweep:Generic OOK 4.8k RSSI spike: -56.0
  -> 255 9e13ff8985fc137e038549dc8379a4f398ed2a457e22905a86d81060b9df3b94a7eed08e1b0399270fdf6d81aeb9c494cffb1be3b84e56769a24df130757ec67623dd4b3ad0472b3664766d8903852e0ca4a126ff1cee5508ab355cfb418594c09a49de9c720044a42f0073bd9defd875825b40679c0762344c44878999f663606d2c2b49407e94140bbe8b6fbdea423bf44406df4cbe171e503dfe7b3f5c68396ceb398cc3edcd24240c582528367909f3234803bcb22686e50bd515c9e02dbe3c18697602ecf1c630e3809d6709f0edb0c98921018c79eb92cccef502ec6010cdf24fafe2e7ad28205a5efa0119e0a32a054ecd7389dc0321101dc5a728c
1787432030.377162 sweep:Generic OOK 4.8k RSSI spike: -55.0
  -> 255 f839cc04fa689e775767f674e71c8a18675f31602055e55948bdacd9cc8eabec43db0fdfa8c4e42d146e29c5c3b17a7641f7877df5fda3914d40df19e50cde0c56608ea748fcc1b954d4c67ec7e9dc0ac9e4f1a6c6fbbc6b8b4c375d91aa0df7930c913c3782b926417cef3fd1d8eba8704a0d7a9e41d0530243b1ba151bb9f17ea9ec38f9f4f24e97f5e210401c64c31e4e758e721807085adcd32bd148fcdef025ce98779e9dce7ab8062cde31e608b4ef2fe02a5c3ba80f7de587ec73f13af8756760d8f217dc5c31085005bed0fc7821fbee781758bc0601dbbc3c3a7e60bfb065372c388018398853519733038987bbe04c73a9a4abcea27d06901c14
1787432030.377373 sweep:Generic OOK 4.8k RSSI spike: -55.0
  -> 255 085ba18a01d28a61f60b4de67e403b42778f621fcf84d0c4ed8c09e0f8588b847168af53b9cc47a7df1d3064039a6fe80d3eb676c3911c93f936fd50380c38c53138f78b8f38627c1dea301eb3fd3610f6cbbf88ff696c7de5e831ff3c1de5d46a43faef709e2860902a1dc41f6eb1d4e428793038a3bffd1c34ea92e05c8085da034e141e3300afff55d2fe392d7e7f6e2f6e187eb650cdb005dcfef96a5fd842e1dd57cb831c7a2838e86cc0f837fe3f321bb8f364839a808830c25744523ecfddd550bb767810c6e6e633f187e3f2c4ef8e10b9aae640093969780e7e8c87ead07e140e050433cf282aecb8c1765bc1cb937c03b8d867cfccfe1f8ffd7c
1787432030.377589 sweep:Generic OOK 4.8k RSSI spike: -55.0
  -> 255 84192a1087b87e535a51e8bfc7c04cafcd761c041b3641911cff40117a032127677921ff3305b737400b4fb5e4e1f86361c8b0cb0b0bb3b1f990054617090ddc300a1a41a301faa69ce518783189599d71825fb78e4cf09977010733ba6b0ec8079020c631c3407ee6ddc7d08f86501fade6604e7447f68c57c3264eee7c3bd191d6c2888a7d88ffd21cd26630e6cf0818b0d8de40887a582e618f8eba4d2f34663ab9ae8a2ef9d667d3a037be5b0e3ee693900f5eebccb985906600fe7cabf7fde0c0ca824f9ae468089f8f20703dda82005c26cf096722dddc00286397b33fabb78f0f3df008dfbf73308165b0133bc1e309fbf2890cdfe0444c241aed70
1787432030.377802 sweep:Generic OOK 4.8k RSSI spike: -55.0
  -> 255 bb81a1c4e989f185f710ce07bde326f9fc59e3a773f3bdb81d30f9f6cd12a90ae789f597fa6e71d078e6fe5062aeb63267a13163ff4ec2f4c67047757208c8069b608495ba9b7a46be934c6df9fc0790b041778240f19801cc51cdd7db653fae76d6ca3bff4220650c47e2bf3221167b48a26105fdf4040010d90b16481a139724e63079f613505c62f87827c449e57c79cb80cd00c0591f7e79da0e05d014fd022c9d1ebed3309b70de6bcdd4a5414809ddad9857ab01006944f80416cd3f878fb47976283ff100b81beeb5380ef4899212bf63842c6d29923a20f02bfc39e0e02ca8b489303f2e03d03bfab4c4ba371c1e970823240063cddd37774f1efb
1787432030.3780532 sweep:Generic OOK 4.8k RSSI spike: -55.5
  -> 255 71bc481cf481bf0b0dfc5cdec9ee0041d78cdf839d5fc2eb9b37723213dbcbd6ff1aa73f8f061f3c7319bf9873023139f49cd8260c16a7dee5ffc10242acf9e3a1e3b4b731cb6726df4321304879ed0fb1e261d8c2f31ffe30cd970f6ba2616dadf9181e1187200470fb8974697df3f8e8d7d819242fbfa50767584030c64448611b00ff7f6b5261db3fada730fb07dad7f8725e062fdfbf14de67d8804b7f1286edd17c1912f71af638bb1f1b00ea366ec65f95b2ea5356efbe4f1c8e775d5357e70b1d92eef95630c56593c5c4b73058c5be5f036aea007fcbdc16cc9c42b7c38efeb13fa45245eee10b30560791cbf4b6608e960b12134a6e1beff85151
1787432030.378266 sweep:Generic OOK 4.8k RSSI spike: -55.5
  -> 255 e51ec48c95f5e11286a6ad07f99e6d867d9887930b18f6c0f7a2cb0960070d98e86715f41643b465e0321df8633429378df9040ac6d7b74b34a77e0c7f9c24ec2a226f003bd1f039ff7426134bbdffcf61792391ef513aea886c63d91809f300687b0b63c3ddb37792053412a6337e3615cf93e859cdac13027ee395a64901e0c0f1f706ddefff611fd7b3213e4ac7988f45c8bc884cf831f99139ffd5bdf1876b1c5ebe1f9037f0057d6fa8529fac481a781ddf84f5194a0ed2a4f27f5348befe12398ba1d1b168a321cd3ff706f3bef003e46a25ebb067cc91c2778cede39cf01a73c3429c0b70ee007dbbe1fa16ecb95b1ef6e19afce525c2dae4f5b05f
1787432030.3784719 sweep:Generic OOK 4.8k RSSI spike: -55.5
  -> 255 13376fce00f069ff987909240bac9fe679c81e1336f3a792d17fc8181044e49175fb8c5e91779c7057182c03075be8c6f01895f2e987b00a72017d8be4827f239ff099f9c447ff352452eb35ef0aef9736fc7491c8efcfe3e3917ee3ee60403711cb7e6493843b71374066767300f19b37efe4396aaf18f40360101c89cf087ff6b23e27fbf3ebf1c9a63193b6849fd1f86b9cfdf01ff0e040927f624d171f42813c28991625fa12e0342111e275982df7f2787bc0363d6146f75bcc80df8fb9050026f030335f8abaff45a6479e527fbb875bb8fc6c5561adfe988bad93346dd67f5925b2d1b6c38ef81e1050ece899f84717fd891cd5d9bf7f8e306760b0
1787432030.378695 sweep:Generic OOK 4.8k RSSI spike: -56.0
  -> 255 af8a3b3ede4d39607f981b1f84b490237f5e04f7871e361851617fe8d80bdf76bcf2342dd9e34c4810ebb796bb15c824ce639a5c4a6e8076034cd80c2ad7af318649bc38609f52d013d66bf1da87301cbecb90231da256361b9a6c173cd8f80bb378967059773cb6a123f25f1f0d54f06156f2b10e1cb65781e6ba5ba6db8c249eb6afa796c0bd6203cc808e181885e4b7bff368f92191e8fdcdf46ef7debeff800fe1633c5bc9aa12e38231b120c68d5c91913beb81a4a5fd15cf8121def0bfe14361cce4a3db81e0f93c48e3a1d3c20ee349deefe05c04d1f264a1039c60585601270fa6c176ff5b3086c6c2c8b64f09bd7f9f7f3ba1f1fcc7554d9be11b
1787432030.3789172 sweep:Generic OOK 4.8k RSSI spike: -56.0
  -> 255 b16ef8d572df3fff1e42cf0f5bf65f7c9f8e1383f7d127d7c29bdfe31ea128b063786ff0ba1e081e7b62159601818dd3cb76e6eeae401681ce31ff8623718b732f6ffdee6e9926f7d33d1fb10f4c706c4d46175f17165d2f0ffd180652bfef7367a5c7642f51c0210f9d0db707f5437d38ebef7ee94b6ef8f21d5c507fd0863efbe5e5a0421bafd773f8d944947bbf7413de6c606c6189170ff5a19870f393dadf7c0140d20e164e64edf57acc77840fce3257341a03a07f7b00ef2313c5895e30e084b179ffc3ed71abb050fe3c53e204a44adbb731c0008b9ff2d90b839e39a6bef4e33c31e3e8e12a1d535dd3728f0bc9bc24d0e4f34e27c2b4aff84732
1787432030.379165 sweep:Generic OOK 4.8k RSSI spike: -56.0
  -> 255 5bc1077fba479808617341b618e851741185b459edf0cdc68eac17e49fe1b006127bedb1a7208e340fa07b8f8aa3a321386b28449b613814e2470bdb9086dbc4761e477b588a8d74d4196e3f06f50da62418323707b7cf4ec31e80ceebf148c803c82e8b701560ff8193476b6e4bee48f4b0371f627765b0dca3bdd23c3b817fb7e5ce878c1758b67e9817f1e66959e3e358628bc163ff2721e2ff7ef0903c65e882031e0b008e2fe86f9fbbc7474db915e8a229c31c826e971b3f1e18c62738a3ef7918fcd340323c1a71bef3ec0cb9fff24ee30451d707a413dbacd181d332f5f9a8488c0a5d120cf312ba231103cf9e0cf571eb80fec46984adbb87b1ce
1787432030.379374 sweep:Generic OOK 4.8k RSSI spike: -56.0
  -> 255 bea79461eee65f827b7b9971c10e7c869d609ceb67b5ff8c8b2f595d8879e789ecc1687c6a08e39dff01101bc880c6454383183ffae94a92ea24c493015894e198cddca8996ff7c5cdf00406faad80e832c4eb137e38433749481c816fc8e9335c56e03afc121f90b02802b145980d86c04ec20fee3541455106c432fd71e901c4e72b50e9b41c8c0285b4659708097e4518317ea9d9c7e9310646fd70b71b7fe7c5fee000713eae3fc28568dffcbf1073770204ae84e2631bc7822396b0de1c523c44f83e3aedb60ca70cc2f1070affb0427b672563374bbcd739300fc94c6c1e838678d5e04895be67059d54df14afc847e43e0e282346831e98f1165970
1787432030.379581 sweep:Generic OOK 4.8k RSSI spike: -56.0
  -> 255 ad0f73f977d6f45588ce254391cc51981283647e4e75b0eacfe8903f9fc6814220c4dcf19a07fa7c64158ba03afca433fc437c7a59c1a2795668059cd36e735811929f1140563c1ffdd0e0bc670086b3e33829873a33a8173f9d7f30bbe91affe0063964a0073f06a628e3f723dd1cf06c2cb80e0a6cf7c64f8e0d29c1a015cb471da9d1e5fe86f7c03fda7fb3fe196859ff64a1863fdea2e7c2f1d8f0e0747d1bb75fb099998dbd57c817f9804ec723d19ee4b114172939e6a5e4e4f51fb1a84c1c3e23f3ab77e275c8bfff6b8993fd3815e7f2e887f546431f5597519a160dd928206bab3251718e031c08bb74e27ddb62cc4967b68c93b063121a7793f1
1787432030.379798 sweep:Generic OOK 4.8k RSSI spike: -56.5
  -> 255 e7ac2328060e362edca8169fac2796ead8197afcf99a08dbe9c8cdb1a456d3e65dddb8062b3f3d26cc080c60d785e26a5428ae78e2123bb87e61dde6dd0fef793c3f1c31fa87983f77bdc31e03fbf0d0e7f62008c583832f7f237c4de70152b045894fec33a549d0bcafe7c787aafc00ac4fbb727f15decae633e3d9b401f3b7127551d1a41c497caf33f151eaf2bbf3131c7fbe684df577c8378322bf8baf3b87b013d73f13f287217103ff34c4a01d4780f2755384ee32fd068019624472dd5c3bfebc83864a1f0ec426d8077dc5f39cfe7a0581cbd04e627df1dd1191eff3c2e22c4da0d8fde86ce018432a72f80c13329e4dc73dcef2ca69bbd2818a5a
1787432030.380078 sweep:Generic OOK 4.8k RSSI spike: -56.5
  -> 255 0ddd375d19b34987e2cf4ec5fd10ed11b87a3e41949bf10393517a70cda10612c73f335463c487fef87864781b79903f4ac7f10dd97c71e61e21810a5e7a97b8a9c6e367600f2dd53d68e67fdcfda1f42df9f251528cefa7b45debfb02339747edd21a257d744cdc0bc485c6203348c13e7e18edff8123bf9323e111687d0927705a41b1f8b8ba83e8991cefdb02edc86a7fd282de3c06c80d7f798e72d5e1af0e276179204d808fec6d8010398caaca61e9a073891cd7cfa2e04409eab19d34197ff67aee8a714a2c41c573b21fb1f1f7cc0268619042c5f0a3635b38a98ecafc2bfe113fae0af35785c9bf31c423cf46095d86173d56836d9c4900fd4c4a
1787432030.380363 sweep:Generic OOK 4.8k RSSI spike: -56.5
  -> 255 1beec03f963e7f642cc763f72ff65fc36c8879d85c45ded2bf7f82496029ad6a49f5bd834b40b92e339f4c93ae0b9cfb33dfdbedbe7fd3e3ebd875b8da9bbf102d9999c3d99c1fc06ae01a00590ba75481949a1aa47d6e519b39505fd09fee53546be91043303793dc1eb02633c4f3846c08ba1ac10c4ca08738bf6f3a01404307361fa022a22216ffca7644fbde0490ce2e5a1c34d6e7f4cbfa939f32c7b81083feed1a9eb4016c12a4c4cda294abd762c5ab619030d84fd81b1d1dfd3ef140b423843f58ec3d4e767cf069302eb7b40fb6808a0600a4c6d4913a2c4cea68afcf6a8bd0e8a97bd9bee406a787023855ce07079ae5a28fe5bd4834ec377de3
1787432030.3805912 sweep:Generic OOK 4.8k RSSI spike: -57.0
  -> 255 99c6db83de7c38f287113c5ee95f33e90e3ff21643973cf02e9efe0cfaa045b0dd4e38413fc5ee35e39fe155a4773b39239a0cd19f00a1db66723a9e9a32fac676000b1fe0eeebd4106190c6d1d22c46271101ccd9be40ba7b900c7950b124189207c136582d0ed93ffee5e3545000938c9035e28d940fc39bffb0267567faa0628fa9fecf7f2d6a93857ec167f740745ceff8e06e4fb608c0781f1d784658507742390f6ec09fd939f96fb7efd87396c4f10098411ce1406fb7c979e2a7d9b282ff830464d55a15cdc66361ead449c6c7e1a80de7f3c0e0450820783458d63b9f1049c1ca93e381441af9b529c588ce26c40980bc8b1721a7c0166ce4019c
1787432030.380801 sweep:Generic OOK 4.8k RSSI spike: -57.0
  -> 255 51c7b8e33eb300a064b630c850d6900d85271068cf7879854d61e280fa32fb92bc80f3c0782071095db84c97a2cff3e3db1e9fe648e3fa467f84e367d41ac8fce980f0c3e7a59d8c02771298bb50c7e7b69c16738cb08a4fe2c52125e9f33e3e1e4e3f9c5d686cb9a31d765bcb7a51283276b34592112e3f1d84707c422558769af92db626f0bc30410c0789c60b437e0da82c929522611eff5c6906ea2a1fe5212fd097bed1c4ec306ca99062f3004dd4002752c2e7053ba0c68029604928ce546fbc38d87287c2727ecd20d0cb7eb0602fce6ddbe28c1463ef2395c4ead3c394bd47b19b414f3a6a54686a9f8b228319f1f9ae02bd73b6a824354c3f458b
1787432030.381065 sweep:Generic OOK 4.8k RSSI spike: -57.0
  -> 255 13101b03737fd16c5af0bfcfa9df8b0284fde2b3fdf20065301127d040e277ba08000b6151705b20883393acf717f48f9f6feb1db8e44804de70088dc883df795ca2e859f4a5df0ddae70b333ca38c2049eac600f3c33c1734e613fff271edbdfd5f9124e0a7aa1bdbb80256307727cf3bea2c66f6476868be77d1326ef063001728ef38fc1951f432c0468d00021788709cf7a73161c57e6654310edf9837fc029c41e762b8e25fae013a3a16599b131f001cebcf88c3db6e34e70007f003f3140058dde3281cb1df800efebf1bc742c7762b3061e905f9a84208463975808f6e778b92fe8100fa741fbb4f321c75b0bde20e6e71f4ffc0ba7827f4be85c1
1787432030.38131 sweep:Generic OOK 4.8k RSSI spike: -57.0
  -> 255 edea036bbfc17237dd33e38e547bfc6d09c4d825deb73edb8157c45697cbd806032a1cb825a8cdd30fc18ccef259e50878e140fb935cf52b0894a11ce41097acb067c8d3efb22036600783c5f0d67f4016c9fbef5f328067ba0eda0d0c19c5a03fbe1f8dd1967ec9a2bf28c63e30341f739bbea35877ca1ae94860d1f934c076d673504c23f1633383dcb89f0ce724412616000fe476eb80b89a7fa18df36be6cbf8a079586050fda9b0fa84d3dc011fd4e47aa9c279ff0cc192646bd1cc8f016fbc78dbbc2cc0c1cd683fef966c69c6f3845e9e31e9b803210339a8149e702ebec9c43e430070d487c80d0dffdabe47b83b9bf84622cf3b1ffc9c9462a3c0
1787432030.3815172 sweep:Generic OOK 4.8k RSSI spike: -57.0
  -> 255 fa23e039e7f426e621f0ec8436f0ce1e56c76b8f953d63b033c31bf0192fde0ff4ed1ef66cbf3fd83955aa5df6e7a2b5c6089815c73199e4fbff397b7c24b6c63381f09d27d32f5fc4ffafb377721473c429b718db9932c77495f0ff245e9121e660cb8a3c88cc9b800079306053d10d141db7306615fb4b2f250955df83220c96317c7c5bc0749b59d0521a71ece416fd873df77a76d3ca27caf986441a4de1bc00e828f90d903b94910ebf174b12c1e6543abc7f2178f115cd8f3edb3b1c70e00701bdc060391c2e74faf937053df9f11b8b220d0166c9a721c0b464b4c177793fb06dc08f25cfced281016a3ff75e64cf7efa17bbb007663dc043b62908
1787432030.381736 sweep:Generic OOK 4.8k RSSI spike: -57.5
  -> 255 05ccfc30165404e89dd26b47270ecf3edc83f805d6746213b3c781f76323fd93fe4371ee679ea8fc88e4ec5f86c630dac6469ab4cc8a97e854b22cfcb772fca118b0af36f9cb3b0459e0e4fb9c9a5982fcb66439b9dcb262dff06fb15f37e0788d19cdb13d4f309af84ba03e79bdf3f07f7e6fb7e380d3e766209acf4c4842810eabc74bc3ba01db0e3b3836080b9c8f1e5bdfa620e1aec85d56ba9f003481deef4ba2c05c6ae27dc320b0628310cdb60c77f3ce69b724384477d231d7af463ab3e78e65bdf748d3beb61ab1c9118b0097dfca380c101911187015fbb0d221e8f8c87a0f3100b2f1ea089d1a90d7bc7674d80a02cf1e18e219760b4ed65726
1787432030.381957 sweep:Generic OOK 4.8k RSSI spike: -57.5
  -> 255 6741f49ed0319ec0ff9df837d42dc3ffd097f82071d438317464c984965b39ec072ba42c90f5f3d23243d4ce578e7278573767d85bbc733c4654d098e9c3138dd40faf06163e107cfe0a638c9b821b32029a3ae6568361d0cb4beb1ef8bc5a205080fd947158f9b27d63c0aaa538ac01f6195a8c3930e7fd16b2bdc2b380bf449b3fa20fb4340981376e2000c24720463afd58452c0f0ff138cfe0cad74a416664a207809200059f82d98361ccb439db39e8f60f07cfa0b580705f6cb85a0dda456593974e5ffc879eab043922c72084701eb1d603e0d50703073088393fe042e92e641a3d84752099debe08cdffff12e29434f50c12df3fba020b9dc37bbe
1787432030.382184 sweep:Generic OOK 4.8k RSSI spike: -57.5
  -> 255 8f40f1a38d810f9ca8275a8436f0c16e6b3d3fa86de41643877d129da5c38ec041d93b5309c06ada9ddf9bdc71efde64a5ba0b7c30f311cd2d7d8621228a64c0b98a72a4b8dd0ff380da03ff3c035f543ea6784110c253ce01b83d28f040f87f4fbe3b2378e9b7c4f86f1a64c42890741867b89a92ac1081a513fa66ccc23c8a5a4a3fdb5d45f5a9a36ca8d2d8466900a787fe0f1836d39b0d252f09408ea81d89017d1a18f3bf08ee4d105cbe31e4462c46d944f63706864a68c8fe6de1f2610025541e219464f33e5c4be7ee645a7c6afbb99bea73c63d419d1e2b67b7a9c7315020d002d9e01d9092c7c40fcaa18a8d9cda6e1a88711ae550f888f8a60e
1787432030.382394 sweep:Generic OOK 4.8k RSSI spike: -58.0
  -> 255 89065a601067c41ee0c1b03ff0f82448255e0d67a3e066a42b5851c1a2d7fb712703dc76bdc8407877a07927f3f0fd93623370bfebbef51efe03e227edc65422b2feef3f065003c1b5c63cec24c091db1698d039832c0f0a4e7bbc3f0077d8d46c2277784d123473464cb481e8fe719816ebdb10da82f2016bb3ebc9cdb207faf4949140ae1ff4380a2335e20f17fe43303e1a07d6bef2c13a2fec78172fd84fa609c4e3e7de38084222aea35edfb0b67b8bd87f404858fd8e88a49f487c85dbfe09749ca68740b8ec2ebf901fc7a71a9c826530f96c82a693d143edbed477e13ad9d500cd600bfcaf773cfface89880ad66fd875e01acc12634f64c016b8e
1787432030.382602 sweep:Generic OOK 4.8k RSSI spike: -58.0
  -> 255 da9f45ef88a313fe1b3ce96efe2cfdaab0e017f8f33a6fa6ef0244209971ffd182f3a78432926f314945de3a0016327131d480662053de79c6f40447ac5a7779fe6f99ee5cfeddd786e36c706ec99fc83a0f4ff82900293f119f2333c918e659999e23e49cef3fa2f0c12783fb7a162eb758a2cb76620d015332b784f7ce3d247cc441cde2037ddff903892dbf0c3747e25eff3e0567967c70e9e82f8e96667f0e5b31c2efe46c04fe16f087c854ebb46361eb766de21feaec18f8fdeb3edf77cf09d85c8cdf8c9e1723f8077d8dcc6c5a0980e070700ac8007fd9b790ffb9cfc121901e86602fa0483120c82c9ff40626483ff70cc0f9bbc8f3fd3f1890fc
1787432030.382824 sweep:Generic OOK 4.8k RSSI spike: -58.0
  -> 255 d76edd44fd7ceaff4ce81b733060dbe8025bd1826dccc0f2ee0dc9394b1e1b11c8ae85163b8c1b68c806766b17bfdc22f9efcbc4f1dec63a29869fe8b36209c3e07d7585ca6f4e4702f8cb99c8f20379bfe7713abfb97c77c2ae01840d789bf2f1777cd9a1de0506d2035f32fae879eb44071791ba7cfe7554bc15104cbe124b7e66011c749308df957eb97cdfbe9fd7ecd36097c99e02b7f917127c71f65aacfa3cf73aeabfe7e93472ceaaff4fcc373cb403b8c92bb6815ccd238c70294d0c651b8627dbe1fc5af0f966e178ee5eee10f9389f1fc0d3ffa241e20ddf81c7813d2f74647c5f161c40b2ea86bf916be61865cd5dd3e30bfe748fd6971b25cb
1787432030.383051 sweep:Generic OOK 4.8k RSSI spike: -58.0
  -> 255 67ffa09e4f8dfdfdcb438254d6be6996a80e393d87fa87d3c9605af50f68bb8f5fa1f8c794b701470a59e8f0571ca7216109dfbe6cf07b22c87d37d56982e314e686afa0f31647ec95560f3853f3ff52a7680f5760716c802eb2c31d0426018c02ff7794392fe0407f7a5525be38e343087a3ce7afa1f387f4764d19e5630f27ee9b05df69687defc09ff6b0a16082f800de3e3e77fe3ff589ccf7a923c9cdacd3722fc0e356fc913002b070c02d2ef738ba4eff3dcb3e2992b6589713a606f0c9f2d7f13219bd42bc3c5621d06893d80fec8f0e44e363ffdd039af4042a8fbc3a79f85e2bfef3ac31a232fd9ad5a783d05d80fc0767a5c5b08c2f679f870f
1787432030.3832488 sweep:Generic OOK 4.8k RSSI spike: -58.0
  -> 255 2392af68439d349120762275165fbe08867c376249c5f2d701a7eb4edff46d947b29560b2a71736a4493a7ae2e468d4d8c0867e472a0b73650d89fe4da261f16d0e484dfeba0c38c80ec3426e68f8201a08f47302e019fbff8807ed1d69d070eb9d7d0977f9d9ff2d98f35d7fb9d994d88057734644357ee6381009c69afcf3986e50511d15812c41e6f0cc82c406790996a0d1f6f20f8ec76bacb640fbc6f47356800b17416818c8e6000e7f7701511b60c63ecb30a0523017939406fc27e26e003f8719078863fdb0129c790a1bb87b45e58fb8ac0c41b332c00669386a11d78906ce3892b61d16b2f4dc867e06391ee66ee48dfb361818770d43b90d52d
1787432030.3834612 sweep:Generic OOK 4.8k RSSI spike: -58.5
  -> 255 9e38c42ffbf6c9d311bc480223bf9d8e7998c4dd75f2d03784149f34112fea0832bf7aa19d1d007f800115819dbcde7a43ce37987f8981cf20f9bc3f7d1ef73ff77c4f42804427891cb698ceec0fbee882223c7fe86d826ab2fd6266b78bb73863771287cfb93bf03f596ae04975f152e77fe7c467d1bfd7389cf5dfa9bc970e016e910f6b56fc15df0e54c91141d4f6ef7c257740e12fec3835061042389f2fee1806efef2dc067ee7b420921e62141ed49c979bbdb2041871ec38269861ef83f0b8415c813bf0d5c2323c067874f121bc468ec9650dd087be047918c8fdba2c0bece3fe1f1829b20b901577dec03597695da1b515115a067cb20af3218ce
1787432030.383688 sweep:Generic OOK 4.8k RSSI spike: -58.5
  -> 255 3aef46ed19c8cf71a16e41cbab90983979223e0d6cfec024120d83e39353ae006ef6f3f4e3d37e4b943f463a42971d81147b91654d6653418ab872a3e0eff66cff974e25dfde1f9c90c0c541fb73afed8d7f08a8c4298f9c83e17c5a94178cfc83e90f2bbfe1f719335bdc487abce0392f679f0a390ac774fe87847240213f4379e822d3fdf6073319c7c07f7fc4890e6f27dcf2d83e848a7df3c2914f05cb9e0c6beddabd8fc48306f8fe893cf2d632e67ffa47a235067afdfef495d918efdf7f3f3c7a41bbe3d493c5b981d4ba772200a7efdfc15349a7dbf202fc07eeb9e00cf3078dc44a77a74ddc59313a30eb7fb40ce032a300f7ebec336bef5e68f9
1787432030.383898 sweep:Generic OOK 4.8k RSSI spike: -58.5
  -> 255 351eec0390beae8b981f3f5e3235dfedd73d1efc3f38db1a1ce71c26e627df373d1cb86a6fc7ef2300fc3dfade797d92e4b140534e2091619e0e19527ee07f6e209b16c3f91e027ffc142f800133a601e0e9b0031dee21332d7c4cbc20f20938b37f98d1b6278ec9b57c2062fa10c2fc5faa0fd1df07111054293047c4dff0019c2eb73d05ff12a05c3ceaeda61f6ef10db89e2f17499644c472f2ec8b19efeb5b133c4f707f5e1047ce1c0e29c9db5fe1e93d980fe5854f0c3c5e64b69f4652bf02fc9d7e12c98879681111b25205ee070c76303120694f326fc121051ba6204e9b331784fe1d0f4638535bd82f368e7d71b6e73fccbf832ef9a87235f581
1787432030.384167 sweep:Generic OOK 4.8k RSSI spike: -58.5
  -> 255 1fa8034c8cb8b8d0283a8de1931f9b06f8df117ab4f0b30311d1873f039431efa1f64d8266619c8d0204051f3dccfe36ce985d9d76ed8d5a41bce8018f6a288d1c9201e3821e32fda4f77ff15be7810bd93df47be055fa17e6f224e4722917980ff43c7d02170f302446023edac79d17e8ff7bca07cacd9438a16431d7c73f18e1c3da8b9852ace5fbc10edb2e0909795c71f1286450b123f61e705b207ac600f1c38fd7912cfa590880668b3f48d7d44fc03c6bd3af0f59fd4e114214c5c08c0c26a4f4aa477938074df88079c1407cc59a52218967f3333701bc74f51ee4ed8069dc3858ce3695c0f7041af2c2f8019c7c072eed412b04e5c00d2b4f1c54
1787432030.3843799 sweep:Generic OOK 4.8k RSSI spike: -59.0
  -> 255 93e8d3dc82048d120cf00ea4133a958de50fc98fe60fb01b13f99e18908d78ae708feeb9e626c8003810ddaf481c0093400102a9d8983e875020b6ed4684fc4003e3cac0433629fcee0a1e104f9c039904c618a791a6fa47a11c999df06f782dc660491c96eefb9c85b14dd892e17113f8db2171d2bbd1386246cf1ba147cede49261ff50dda9f183f8c38f2da7b37b390e63f980c47a74e117632827febf57885c1f2cd8838bebb9e161defd06900b03f16df48448fcce2e8f1c61fc9383685045de53cac7b0f9c69dc99495dd705bc18de21f75ffee063cbdf23679839f14a44eb5f063f7834491867efec33b28f4fe7c9baec154671442301eacc68a10b
1787432030.384594 sweep:Generic OOK 4.8k RSSI spike: -59.0
  -> 255 5bbcde68599e1abd6cfe0dacc2e480d0db3cff6d437fffc09e780ac6d5d47f177cf8f82c48c1879b783fbbd74c3fbc7f9d9870e3c14b68dc49d0bb648c5b329954b65bb84c81efa6ee5248e80707217c0af299f871b0a9e55ceb4da98c56abf0b4c8204f361e160952e61dc2403787af3cbf34e98f9c68801f8a86fdec3e67a5df4197de73fefc7f7f3e7df969dbfc233f89720cf1eedbd5867011b383a22f88620f9fffc4fa3db416b658107db3a3003e04c99e727975fc8c603c007b030f11807499935cbfb03dc1816101fb3d197c0539b3d547c1345d050c68f847c8093f84b87dee86f6dc4213fec79983042267e63ef7c328741860067b2911e7a7c0
1787432030.384803 sweep:Generic OOK 4.8k RSSI spike: -59.0
  -> 255 6b046e1e5d93e595405b2b67f07e48dbb02ffb904d1cfc51cf293215c1e0938225f8081031b5076defc0177a8d77839f81689d3516e067db1145bc8af29cfbe971c6638007e4ba82b8e06f87dfc6b165911984ffcf1fc6bfc85864fc82e5c3e0cd9db5f4ec2e7780c9c6e9385b4e1cddcf8cf2fc611ec5d17b3a65bbde808709407a8c4e7d0bdf8c69090b1374782b61951c3dbe489b825a33fcd5d4dac48f404e7fb99ca800eed6b23d3b7725cb5e87982624e2492f17c0f08fb5e786c45c855af02b6723ad1c80f0120fdc15f418809c19ff07f7ba8a70fd10408a5cf1933828428ffa40956c7443c817246b6b7fb17bfa54abab79f781580b25dc43063c
1787432030.38505 sweep:Generic OOK 4.8k RSSI spike: -59.0
  -> 255 f85485b8e19ef1fffcd7e22fca5ee836fe1dba79deb07bc081491a7e22c001d3d4a8ca385fcfe9ea1aecf73fc23bf18243529f5bcf4d4f046890941288fb30c9a49fe7e0d15f1955f8fbffe60bf2df54be976430103fdfa11bbfb40934b0b9ff6a1d207cc586c7d7764fa00a1c3f186b3053eb060ed75d66ed318e2498f8419b0c486de6dad4bbdcfb39264e6d9028c300db310651869517cff7af3817ff618858b06cc47c5ad96db40ad3394267742ec087b06ce2d8e46e9175ff67f7c8598597f80e8d02fb8de3cf5197fdd1312e14235f8f0ed37d8401676196777a238fdce8567885c20cc42371264fd5ffffcf81f46cfa1e76c2ab70ef2262e41eefbd
1787432030.38527 sweep:Generic OOK 4.8k RSSI spike: -59.5
  -> 255 c03550facf9bd3c0147604fe0ec738cafcbd41a1ee1e7c6df7bc20b04f7808fc8504058207f99a71bdce63f9709a7378fdb5e2d6fa49e27e61b1d2ebf9e464c66463015c3d71a6e6e4e7e014c0dbf8991bd772dc9cb39ec9796bf11132f3c795c01bf5f6d0eb1c1ce8e3c74307e10ef8a1eec64c61264cdebdb0f641082dd073f8833808a7740a38663687bb4bc1fc49c671127b5000c42980c4bff1fb5ea0dbfb393ca38e761b564982fc3f5473223ed9f471ec2f9241c2b6f507a35c094359a7de50098a00223bd5ff40cdb347917b4976ae6bf9f895c5ff908322e2bff783e374ef5f94ce2c126719500138fe85f80334ac72e2678c47f9c2af53bffeaa
1787432030.3854852 sweep:Generic OOK 4.8k RSSI spike: -59.5
  -> 255 44fb01b50f73a287858351182d9bcee786f34a6cc3c22c5f4c3f46d7232eb90e979ec0ec5fb991efbe407d3bfd07ff876325a8d5f84065e28a3e1b994e7804fce25a799e58f4e19b3f18cc3730ef14f11456456b7f73f4cd72c09f3d6385301324770e99b03f2cd14805b2bc1e3fb02744f131b4d202cfa4259e3ff4142a6f18e1f11079a2a0d443b6f113c0211293e96cfeccde2b960b37c4421ffbbfc753df05ee047a1f4e87364d85e39b9398c826d76c09670271906162191f8f941ce475c4ebd5b5b39078687a3dcf5f1d67bf49eac0fcc732a93a11dbc83de1bf1c142c0c0822626b6412b1f320e0f61e623a3f44cf1177683e0c29420ff8c5fe0513
1787432030.385704 sweep:Generic OOK 4.8k RSSI spike: -59.5
  -> 255 aefe0232bc19dbc0983b462a20c675b480f1a81aa075711a85de6a3b9b1f8abe1b64049cdd60b2be32206a3c92634c43d885f8a862731cccb03b741c6edc64f8e20105a6bf1f3fcfd32c30eb1158ae7fef03a0e001e29005785015f00437aaf201fec138e0f93a0126a21c9f40fa784fce44306e73788ff59c433b2417724bc4008c2e96c89a316c40d61321fca02278e3fe73633f273414d65ce340d80a6f85ca63a4407fc11c3f25eb340d59e6c431193fc07ee78294049c0901e336c10311a2c40b8ee3c77cf2427df073e6375cfdf0e22110a9c6f04eb088fff632743e9d438751c07e209c75c073f4fe737b33a18836b02725f6ddcd4d64c51e0234c2
1787432030.385927 sweep:Generic OOK 4.8k RSSI spike: -59.5
  -> 255 f052667f31da9536c3d2ab9016ea1c8e65d4b37934b4bdf77570090075eda0669feb8080c7f548676fdc1309fcda62d860e0643617648f9e67f5dc50d4dc6608be113613894ce2dcf3cf25b8f0ffb740bf80003c7c0e98730f5f3698012013a837dfd0fbf191388ca373fb3d854c07f850f07f003d928fdadf3f767b4677fda95ce05ccb2d761007ce5fc6ca7834ee7b15f1db2cc990aeec3f63a39da7c4bf1014307118473b8c80499450bef7e96a934113a3e981a9f0ff8d61302d004d8c2f11863184fae12c7663cb5828b9e403f6e06e978beaf078484eeb08815320d11a40280d7f8fd12addfd1fe3002dd8124d28863e05bf085060301fd7b000f6e3
1787432030.3861601 sweep:Generic OOK 4.8k RSSI spike: -60.0
  -> 255 4f8ff3c22e3364c5b5d090ef85802b09ed0f78e07c2b0e9df8ae2e60c5b753a4447aee83dc11c069090f8db6fe3942de0f1c904ab21bff08cfdef93966e8728d067bbf0087b58de0c189efb574b9c3f8deac785ee029842bebf8505f6401a2efbef744b1bf0f5864e9eb8e3c639ecf98d2a7ec0dca909e15790593eef9dbe647f3f4f9c9132f3dc56d6a1a66c0714379386c6b8f1c76fc8779c64480018f98dd160eecfc1e67d3c7edc98b63a2f684662de078ee77f9228a39434f1a113bce683823234104c7bc40d348e14cceb013f047e608837f097ca9f52e11759fddcbda18af96f1a0afff3f688199f36da645d4b83857877a7b7cfdee033dd8d7384d
1787432030.386375 sweep:Generic OOK 4.8k RSSI spike: -60.0
  -> 255 ce4004176face5017967206277c67efc3937855af30afda4d84acbd0e0d250cf83351c3fc333d9fd4cbc833b39cf3fe8d7c9afd383cabb81a33ffec2fb279f660872aa33e6a9c8c38bf2eaeb047cc2698eb0f42cacd910f4dc963dc68b0df595a073db39dbf78a1ff2ccb89b975edb130f12c0a09bf8005f935ac5b778ad7a2778c8b8244748c18f2e365a6848162c6dfe3d6eb12dfbd801d1ca84e511bcf249fe4fd924d1c889ce0c77cbfff1f83020035e5fc06a185473b3d9e0743c32c4c060f14cd2e844d38009c42861d81042a5c02e17ed1d487fdef903fc8b1050fbdf5698c13ed591e454dfc63fd0fcc80e9023634ce463780564e1971245620e17
1787432030.3865888 sweep:Generic OOK 4.8k RSSI spike: -60.0
  -> 255 4b5ec7c0f0519dce743943e4bcc5f61519389045b8896365f41de4371418e984103512589a92da2c71eccf1feb3904e66866a741c14e30d2f27ee82640a35d14a4f89fb244095f0f7836317b7c5cbdc6ebffa9ac54a2037e5fc441a07f1cef707ff6a5ee746f048f1c4bbd161d491d5337fd4b5a064cd9cb55ece103a832b27ea2ac7926794848b687d903dd1cc0764982e1108ff87fde2e2a156f905746a0bd2003de144f87003ec8902f1157f67f9d33db9c942e863618c63a5b314a9e0fe3ef3993acb79be028081efdcc01f03131ead8a0af0b75ae7a43630326ecf01be7ff32e7eeb69c191578ee8f1c86bd2709a29fc3f165a113c92a7c8ad99ff5b2
1787432030.386802 sweep:Generic OOK 4.8k RSSI spike: -60.0
  -> 255 dba163082e795fb9de426e58e371382d07d10cc83a4d0f393381f0cccb64fa185401d9f8ce25f208e40dfe393860011a0dae9eb5c2fea5997fa102f2bbf89bc404e8957516b65ce5b6804c8df91c84072ce494680a6cd88ce2f98640e32078f317d538e4b6385762207ebf3a9ce9d70cb037121b31f5e88fb77b40e85cf51fd53df5fa7e899afe73e294c7bfe0a0204ce79d8cee39c24e0a9f9203f9c51e817fb1f6e7e27dfe06a722e2fd27545307cd3032c2e0128a3e963d38060140d3fb9fb9b335740e9c3f6fe8f2a15a4bbf470cd4ee664bdfd684003499ccc3e549946fbdfceea069ec31bf679f0cfdbfa00422fdb0997e7945f607ce8f8e3df769e3
1787432030.3870552 sweep:Generic OOK 4.8k RSSI spike: -60.0
  -> 255 9c38fe81c374f5926c2cd481e218c5c7b8e179f91813d5b137655886197f5fdd75ba3abcfd3287ad4ff18a8d40f77b6e0d4ffcef57bf8dfeff14bdba49f1f08e9c39a6c817fdd9de8a7c7d5ddd6e6d8aa12d9b0bae21ce86285f05cd911c3cccbd77af5141f91bb44bee8ef1b7f95eb3f4efdb9805c70d45f9e303e2fb6cf73887935d6c7ee07f762722d9dae4c459991f3d93337a2f2b31dc5a1c96c0ec0440f1e80fa6f74d0c5b8fc4c7f227d894223f65f3323d79fac7df2e081880e27c8ac01831f0536f7f69c9988b17bf16a0f0cc0625b92dcf1a901e2f8ccf8230612fb32dde2f6165eba088b3db637d2a0c22f10630c5779bf2f8792ecd31ea334e
1787432030.38727 sweep:Generic OOK 4.8k RSSI spike: -60.5
  -> 255 fbb962fc7fc87027e9ffed3d702d6ad1e0284c587b7b1cfd2789e156e014135eccc330e7c5e0643d27689089e70f2219f4946fe61c9784ff1a79389c7b76d5522108c4eef8008d09be4374d9fb017c21726a01b110e3a09d9cec176e263747779ca3cc7a21846911264d1d91ccaa7764b017c7fcaf7085fbb1909acfba3afb08fd26b50ec3d3f203e7692063ef340ff1fe407acace4559d1f13e7b48a0db8c82dde177e7ff32748db6a43136fc0790ee97ef1b202892143fd300459a91241e18dfb6d9f9cbf0aca0ffbeeaf6bd0fd7bb0f1107490026f1e4a031d5c319675d610d99cdf9de7185c0d7bdcd20e7785f5c40b299830b7e1aa0708dde7f3e6713
1787432030.387481 sweep:Generic OOK 4.8k RSSI spike: -60.5
  -> 255 f3a87db12af835e13bf5ff9657b13cde8b0fd192d55f706cb0e7cbd1482e5ec7e4ebdb53bf630b4f69fc827e3d9c61a26deec46f1ccc357e6e9043e0f759b77cd882451382d7e7ef183ee2d13324826633b7e18f42fb98c4485e25f85f587f8b791ec4c5972c7259da4f7de2c09a66303d18733be560232bd1faac65fd79001dda7fc00a3d0be2bd27cbe7812174f9b7ed365c4067ffbf3410dfd4d34530b4316f9cd73a07c644dc16e0cb79d87f877e5f87f88100edac27ea3891c6167a2025f48201256b4dcf05b5e3d2bcbca06805e09d3c1746cc3e42c3f00028191820721e1c91204cfe1393431fa01f10094e060fc891f8a5f4fa138da606102270cd
1787432030.387685 sweep:Generic OOK 4.8k RSSI spike: -60.5
  -> 255 807fa22f9e3fdb1e73e2c637758f9c7063c4ed4be3b70c8217097c102f151f1bc6108a825c4d3b13ebd03e01210050bc5f426c34225b6bcb02b5078445dac717323513b14ea68e4f30eb87886c38bc0c31c251e47e6ab0cfea5d43de26ff5c5ffbe326273ca537c3445ac053315ac319d097c4f1a2f083438eba72162ccceaf280759b3c20bc7512f2dd777f6ef3922476a3248b8d1cdd7c13e44c2898b938d7b9fb97ca9059d8cc33c87f1a857ae5effed61c00cdf80b039d3dc899b8fec2323857810c6fce71b9fde6c0400df3a0d944787cdcbf7a3648399a75ee07d77f6067c9d3de8199019b67442678984417f003a4a7eb3ad8da6dbecdebcc6ff6d0
1787432030.387912 sweep:Generic OOK 4.8k RSSI spike: -60.5
  -> 255 58feef6162184d52fdeb29ef9b104bfff68dfd452f4e1b8dd18a73ee98268010878073f03af3c12021790801084e83b0de121c27ee444dfdebd8cbe68366cd6f92dec1723b9ceca14107d5c16dc1a1fb1c507b3be851c020e03ccacd4611169cfa4719cfd7c01e703926c9e3cd1b71eb1f2c0a08062fe6ee05db5d43c5be07bdb584927f90471223e3dbdffeb6864af802e57e05a4008fff9603c05feceedcc770170cbb2f2cf17a9a49c141c5c7b020fee36621f3615623f5fa1e74317fcb912a98f8d06de0e3045fec8f7652c81e3c8625a7bde0643860267b9b39d719d78074a90311262773198d64097aa43bc4eac02fd8707ce647f34f0c11fe25ab42
1787432030.38817 sweep:Generic OOK 4.8k RSSI spike: -61.0
  -> 255 90ff99165a70787f78230e338284b43c835485ed065fd49930041167071edd3458b7e186c8ff5eacec71fd778f1d879cc305ee3d66087d4885ce5c0f83eaeb35bafef33160879deb17ffc221bba9a25a152610e162a5609e2d8ce1b685785728940ee56083dff80ea4ffeffd237f339269e4d74b3bf359f09a92dfc47644cc38e359c11dfce93511fbcb45985d8ed144d61d97070ae0e4781ffc0a8e4059f1ba7a9381f68b809f1c8f4e8b04bef2cc14f1ce1eedd21e1cae12c27177580543b95138410a6909e23e7c374c4bb13effe32bd2dfe71f2581524957c269c3150141db4cbe198293425e6c17d8612a22ebf855da3731eb72f8522040f60c60abc1
1787432030.3883772 sweep:Generic OOK 4.8k RSSI spike: -61.0
  -> 255 c0f9c707ca4e7efafaccc08fc44d131b161a3582709ab27c89536f038983d0c319baf2b7f83a9e3095cf5dcb8b1f33a79fa666f236aa13b8ab9e4e9f9b7671a64f0be73f04239476aafc66fbc63074090d288de5cf25f46132cf872e285cfd87ec543878ad00fc0a0198027316b234e83fd73ee3c5a5668f5b0a46468510be7a3f87a2ae4c780cbfc2bff33bb3c7f4ac0820d68cd184beea391085cd76616388d5085cf5a7e61e1cfc7f40a6f42b0c73210b1e83382e5eec3818688a96a3eb5d011240c303ad5fb8f527d0370f8d2c7ac64e6d4067c5120bdbc2dc81dc01882402b97f0911c9a4fc30a46126d8d2715c3e87139df2ae00811f2981c2192d63
1787432030.388588 sweep:Generic OOK 4.8k RSSI spike: -61.0
  -> 255 ddf8c848074703f19aa01fa12b2102f7f60b27b4306d6db87008cc4947224041bb67fbfe65f2fc8361893bf9dcc839798798d94fc29bd6f8bd89dd85e042ca0421f26c19f2fc23b87b78f81472f43b74fecf937c5810bf8a21892c738effae238f72fb34fd9f0fe7388dfffcd7d091131bbfde2e8f53ecdf7138cbfb760dfa70593d78cecf34e584ae48de73f0fe4f41180187c15d2d2c798fbd3c3a1ca63f58733fd0b8f02306bc99f007b6f33e2d82b00903051db68838ebf0aa0abdc53667c46aff3a485e62b9c815cc14b4e1e6bfca827c35bfecbd397f84bffd22cf876e7180eb5c0549f98919196da2d870fc8f8e34d2bf46e2124b387a7d83a34145
1787432030.388802 sweep:Generic OOK 4.8k RSSI spike: -61.0
  -> 255 382e816e0c59efa5ceb91766d0c052cb9be7417bf034819913dff17be738355940464355f435fb9e6e0063d53b310ff3c46feb842c626b7343ac07e704e783c301d0d7e580751f627e462367883ad5d691634525ae63f259a5e33dc7f32255c1f8193c042b79ac9c0ebc3f80e0870fdf9d18fb998ab4d230ff99709d484fbe96dc3df47c3007e7d4c4ee44c8100e87061acfe99c155742f9e481b1053c8d4136c60a1f7f5455597832aa7d8e0c16dd1878df3b8e3ddfe5e52badee0e7fd92d66eaa37f3d811d2831bcff0f87ea598de482b5e5086041c771dc0fe27f6179e72c6bb1621c2e0e855b7a47ede718fa40683f0b6c098c7f46f230e49223e88e08
1787432030.38905 sweep:Generic OOK 4.8k RSSI spike: -61.5
  -> 255 fe5c4b768a5dfd2dafed8ee7ba77ffc4058f223de3738296a8b060d8d8767eb4225978d0e8b73f50be646490381f6b01adac6efbdf6d5e4908eda9a7078788407bf8770fee72eec0024fffe2103f910055c7056b54581fdab6e14031178bf8c741902835806ee66f9cd0201a0668073861a822280f0baa01edbffbbb687094367156438c2cad0feaed5668ff406f4e58a0056680600be407c031a4460327c6d61c45be3e1763acadde7e89fc2d808f64c6f78123fef94267a4f8f0db3ff0eeec3cd9895f1595a6df29341a45bfd2e72c938692dc0f9bb85e9b38bfdaf36f19cb3bc0d430015ff77ab7dbf1e0ef73192b2b3d9b782e4cf8051febb6ff3a7d97
1787432030.38927 sweep:Generic OOK 4.8k RSSI spike: -61.5
  -> 255 44ddc5c7e879f54718005656e9609c1affb49fbc1a1202ed3b75b0124961ff8cd79f44117d640fbb10eb79fb98e0c4b620cc20cc2b59fbf310e514c071fde6ff80217c0f9d1598c76df107e1800842f439d8c784b089482785c1cf3890aa5247a00072f335888802d7e4a19c9e0d4619d10184248b02626346601d8c8709845ff1e94a4307a5ad7d8f300f1e2c1663946d87cce73f62d6a4caeaf19b71f3cc3f03ff5500ce3f285231dad5657e9f9e8bb5402c030f0677fdcf8f9c0ae239fa43cc60492904580ff9f8d49a70406bfb08e2157f6115dd113d8823a4fbbb2c4dc77e879cc11f994b80c6176f1a539ea6e0710984ea3886cd001e798f00a0c2df
1787432030.389487 sweep:Generic OOK 4.8k RSSI spike: -61.5
  -> 255 0c1ef33684fc633d3e4454c1463f3c1959c4c9a5b5a6acb32ed2271fc73a7904475ce4646b382bf84140e830abc02dc96c4bf057f2b307ef438c9fc319557c4b1300532f43363c41a1f483ddd34bcf1af468fd268e403abd2a4bcc2ba180c710b1cafe1f8094e098969292678c6ae367dd3e86abbf13ccd984ffc8d5cfd26cb3da0fc6778341820bf2689fef1ea660a84cba1eb89c39c38aeffeae0e950469b19d3a47aac126fda30227fa19dfe11cedd861b696f0a73c7b407d79e8fcc5998b8b3fdb981ed865dc7fcfe3568149699ddfdb4218bc9b8f8c7c898fff1eb75c395de57fef019918b863b20bc47ff3a1229fdce67c6c39b40fffc1f2ec80d67b
1787432030.3897028 sweep:Generic OOK 4.8k RSSI spike: -61.5
  -> 255 09a9933bb22bde8450783445f666a0d798cd743237846b9ddbafdfcd3e900d6e2faa8daef7cfa349b8f785339599f2b427a0100109b4117e94e7c4dd849c7852ff07cad7d63404d282b723cafe8ffa8a2b7dd98e0a50b58439a1905609bea4d7cb63f31902c68ef6698ddba09dcdc18a85ae5c9fd8132208acd7842f93006db3173ec052f8cea0645d0c07f8803cacfe71c3408e8cbd56f937f5e0018679e6426ac70263f16cb96323b8ff316318998df2c5914b6db8476e0d8231f9ff841f63cc01f24f8822f021e845840fa6356c73ff9c1d1d995ce7d0aa180d76e379eefb08380c7d6dc5f13022f303820e74ff43f18e79803d3fba6dc36286edeb03e8
1787432030.389932 sweep:Generic OOK 4.8k RSSI spike: -62.0
  -> 255 b567aee78739325ccdb86efcebf1c52bf70e1f1ff947ce543e8c85cc40791a2f109ca68cfcf639b6670d24b4987716a83bf33040a81e491c620916f985dbf8596ed1373c048fbe189c311defcedb31f25e71b2f6f99c097c37cfe0b6783834676eba237f690f2b543c2b5fe62841dd710f1b7a91f86da9ac951302fe734ac946080f5b187d00991779c439634f010fc338a8f938581e5466575fb6196631ade8bb0e46073ad66a38048cbdf1032f62f4c1e6faf9806d0fcf59819c63838daf63c4d840e7e86b61194fbe30141c0ef50e30f92e3ad726268b984917ce76dca507a91f29344ea02ccf3f0d14a8dff76db28b518bc640141fe70733fb70c7b330
1787432030.3901608 sweep:Generic OOK 4.8k RSSI spike: -61.0
  -> 255 1d8e48c53f88a790cdc034a03fc8ae8c1e4fac6423dfd2bc4792b169de05f1ce413da6995e1a28e81fef46a778237c0e9d87889db42385e54ddab079edc4c12498d18822b97df2387877ef6a737e28f1f43fe69acf5bbbf2f8e0c469b869f4ba7823f3e76dd82be56197024af2709cd0141ff99b6377e7c6a0aeb5c9bda86e3169f01d5eb0392b2417b11604c283dc38dfa880a832201e44022d63ab84504cf1b1edcf79232b38f0312382e062cdf39cbd47344059741f815f1e1ec17d999523b1c846a5c0658244fc27a0d01249180c1c01e8e7e61f29f4bdf375d63417087d9bc980be4cd6841646edd1756638e1bd4080d0c7faba80bf37cff8c7e63b01
1787432030.390374 sweep:Generic OOK 4.8k RSSI spike: -61.0
  -> 255 dcf3f7181f188343d0120567fad353eaf842d808f1b73d0eca6a6ebcd4043a2effe29a03d87b1c9b33b1436244f3241fedd7202736afe60dc2ea071b7852737c0f52795db718710f7569bffa82b6f5e5ccbae4c667370b42254a189157121f6d18ee6862459bb40aead903020bd866d9f3809f610f2b02450967b3f8928c745e39ac33a4c1c967f3d3cc339310c2786020e60ef84c3deabef7ce101dac389fe5825eddf496f201cadffac85d7edb8acba7350ed5c13f2ff7983ccf7c63d773b0e3b1b81ad7077be3c68de8f6ffae9399c2d9ba0a91c327da83c9842f7e3be3a1d3192b6e01740ae63cf1ac2c207b6464c20076363cff81e2caf8ed93f85ac4
1787432030.3905852 sweep:Generic OOK 4.8k RSSI spike: -61.0
  -> 255 c06b36a07e3147f7d12001f993f9e8371d0fc2842c01dedf93160166e7020270a7afbecaab85990fb318c96d1415261c60257c429a3ff600a68f15c3d5fe11efdff476cfe8b3e91f5cdebc3cbc386f0b1744659a1a9899f858fdefe0b130672c7be739c7fd4208ac6f047b9c84cfe4118471331803e0a1c4adc72003017be76c750743ca5dcad1e38800316ac238d11d67f1e58453e9e0663b0f9872f6ede477ac2e66ffc1b715fa7895915378055f40112bdf874667fa3c40f6e0647c838823fd03c209ee5da1c18644651075e61d3c2a0e226a0fc9fb171df09511fee679482bafe518c6f1f8ea9f801b71214c826f6380b93a5b22e3488266c8cf729875
1787432030.390801 sweep:Generic OOK 4.8k RSSI spike: -61.5
  -> 255 cc83ccbb3fff6f49321f437ad4218f368b380e3c224d53a1efe022384dfd87f1b38c60b6b17f9eecddad833f6b1b86126e3d3f0ac4f631853f084530dcd882c85ef36034ee6e094d8fc1def241e019718bcab09c3c67c437ede51f1a2e48f6b5f03cdc02bc1e007807e9d337fa4924f0a1c7e780ea2ac9f8f7e6bbebf01b6f8b4de7fc578b3f01985d401185a7d9d2b05f8091af481cc26e61ec1ae79cfb78e106a0ceee156b91bf949142d21da9067e17d10070e761ce22ceb99a025ab350c3abff0ccc434350ec6418c49fe4dd6cd5617961c0493980572c9d134ea144a2a70c8f8081c2773d5c25b3f506ca00d3c977b9f51b4e0f19722419428c160b6b
1787432030.3910458 sweep:Generic OOK 4.8k RSSI spike: -61.5
  -> 255 b6633566f5c2414af0f3e6bd25dfce30f3222d6eb768440b8ed3424f362f998c752a03ac39a8d9d210837f811a106c19197f0c0bd88828acc74a647c9ce8f3a61fb72fb7655cf340c8faff3e19ec5e4ec047723ee7803de5b6fe2827cc167f1b012a131d10677ae4da6f7cefbffe61ab61b159eaffdca2f029c39c561c87cf48af377a11b8cea7d9bc46fc082ae67b8b31a19ce40407fa97e59479ef80111974c401e2933b92c53811db92de402fe1063ed3460c8d98af575f839e125cc86ddca63380d084d9426fd1278776ddc7339ece239e1fc32718103e8ec77ffc21910610be39900d3cc95823140fd007953135c33e38f4680bd881fca81e3c3fb4ff
1787432030.3912609 sweep:Generic OOK 4.8k RSSI spike: -61.5
  -> 255 4e607a80f2c3eb4134471717ce385c7dae91ecd1e488a2f69bd98c11601514dffba452e4a2323e604821873042f8f191c166c7339e88f077855785817ec6f00033eaf930be68b13fb771edf6f1edc9707c85c5c14a3e4824e57c4e6b32f0ec8fddf5e3e1c8f9e61ceb5fd81d4930d594de37daf49ecd8f79287d49cd03813633b60fb66ae527c8b1fdfaf26cb5de72f38fce3b66d52fc2403fccd74e6bf7e89c96e6becc80c77b580bff5a379bf894cdc0e33e8b3c74fcbe0078fb3c70c3fb3d7a88946d9ba620dcb84c49e2886bf9c6f4b95bcb811eb5bd9183c62d9770fcefb908039a3c8cffefb70c002e9f11cfef1dcad9d8cd00afbb1abe9faedbfae6
1787432030.391469 sweep:Generic OOK 4.8k RSSI spike: -61.5
  -> 255 5361247cc7d09328a23e7276ee887df3ef8c5b7838a23eebff12519239895481f894f9eab3c15c9e05d53ec7b8fc3df6209bc32fefd3af03eeeae480ff43760c3748b95990f11c8089071a7bb1a98524dc249d8b9a29e18072a5c6c70687a1dd8231899b8cfa0f1e082198416d980fbe819ffc4f6989015c561c35f00c3966e4edf80d6a5e3f0ba6300e700d076dc5eee66a8526422cff9199118bd5ff1b0c8ac8b85ac9a35205d4a61e7ef1aec85dccca592cb2672268179b728f1201f14e93dc099a2053ac11bf005cf3127dcba4833801129b4c5b80e70060680360454af7d8e3c11af2b9f07887b1006ed3b05f9afe03208c1e66e1b18d38861986ff3f
1787432030.391675 sweep:Generic OOK 4.8k RSSI spike: -62.0
  -> 255 ebb29c6fc55c70e35414de7c41595061601e45708cf802199b854a89427cb79ce220089037233c073e3cfff1710f643eba826c4fccf8584712e45c7d5fa3cd2327ce1958fbc9d773f5fcff84ed3e6c7a07c35b5f30f85f4477f174266cbfd342d685f0c57ccdcbdd9b2f89af2a8965847cbdfc0fee425027933c6edc570d5807677f3f1a5c2fef065ff63a0a8ade88e50b2f64a90d0eb2c0f7c4fafde03684031d8e117fb3a0f5c7bff200e787ff8efc1da3e321007f1ecc0147baf42284b25cc4ffc62733c08b488f8d0506082ee84865437c3f2b937af7a1861c5f8ef3fead366ddac180302c3bf01fe738a79b9cc73ad84b28a9809fa67095f207683b27
1787432030.391886 sweep:Generic OOK 4.8k RSSI spike: -62.0
  -> 255 9f81f281004708af99b007bcc53900e0e9422842049163ccb9dcbdc1f5ef5cb4203bfd0cd07b09b7bc7d47004ff5e0d3f33dad64db113c9a7959f2c2b3f39283aacb840b84093c9d87ef34c3b23c2804ddfacd9e0e12720b88593f1a578fb706db3c3fe83b2c71d1188ef784faf2b08dd970e1ee4085e7d78b551d9ba13fbf30730fc58ef102fedb90b01c9a0719b9fc5a724f2283e31db431c6c209779c28fffef3b8d8cbefc6ef9802c8381ec49f3b012f8c6d0023624032bdd8c3ffc8befedf1d432ff3cab1ebc1fde98717fa3b0621e9d4781d31f484373e07dd8393f731b2c790133b81aa0cbcbbf09df7e23bd971f5e15821f7ef065482d9982e9b7e
1787432030.392163 sweep:Generic OOK 4.8k RSSI spike: -62.0
  -> 255 e3dbe6305e1fddccc685063bd84180504830d9179b35563a02c47fdee6793059607d9bf8f858ebca439fa237c4461f8e439869ae277876f186df304c30861cdf47a66b0fe8012e07d414473019740ff013850de30323351390351cfec0fe8fa086e1bf97046a8bc0400c02836e7133a37f43bc8ce98e77995f2ec2d84238742cd39f7dbda35b00ec78b813def96fe185870b024fc35579835e7178adf788031727e4510dd16031def8546ad85d23c73fafa60461fa4b16d430f520c3ffb38f48fa828e0c8bbf01f9271e5debc194f00f4c9f1d02238dd3da3bc12b21a3c3c7fdfa1f0727227aee996482566e229b733ee56de8baeee7895e0402b8d50ac47f
1787432030.392371 sweep:Generic OOK 4.8k RSSI spike: -62.0
  -> 255 bf716766147c63df240323b07e48b0184c534c19d874887cc3d434d0f584f3dbef6dc31fcdb6f77611bc76259582c966cf48c0e8f8b1c5ceff4b02e0ccb2bf1f9cd216448c2f043c19f1b175ed4c61fbf7c12d09b3be23c44ad2f1c6565ebfc45e6478400e1b951f9c8b1001af505f6eaec00060752fdf3473934e9a9010b0a63064d8431230415d499b0fcef31213f7a4646cef1e9881ebf8c6783f5ebdb74f941b2225be2fff1e3fb31198b99c565216b4e49c5fc7da22badfd8206d1eb7f481b303e07c954f5ee164137bdbb71d117fb548525eef0f1b67df983f1dd3dc351788f05180a6c6b04f4f5c6cbdbb9f90b64b89890f9da019718786b0043a4f
1787432030.392572 sweep:Generic OOK 4.8k RSSI spike: -62.0
  -> 255 8bf0d3cbcf9d619797fd743249eec3faf84dee337d47aea69c38abd092796c3fb2e080f976f2b0f989f81f2528b6d1489429db427efe3e7a7a0342eef7c31b039c11891ecfe0211f0743f3e5eeba0aa9c5a27cca01f20cb4be0ca2ca07bf00380d9ff0dc5bcd2960823ec43a2b2f286e87c0760ab71f4d1926ad7fcf1e1bd480ccbb0043dfb2cb5b3c7c56c839c3c8d315c1288b0dac7458631891bc6f1c40f44f97ff1cfa3d16ac456a820dfe68ef800bfff805bfbad077cb844000af3777b25a5a0fc770151f4b8c0d816581fc805fc0083803bc79c3a6d920b05033593db7a32c66a1baad51ee2e3090afe1c348ba5c517c581a1fd07f0d733cd9983cfa
1787432030.392791 sweep:Generic OOK 4.8k RSSI spike: -62.5
  -> 255 3cd010bcc3d00fee1d19d752f727f760be083b857a1de9660a8c01d7bb1617ad96103f7c34acbcd3bc59bc83ef19b1e4f3f42bd38cfaed757009c63ff350ff0369281e1bd1758f3f53769f061c0b75fd639e567288c61520ff7837eb26201d609617b4bb4185d6183f9fb0d030e0663c76fd9e9bc18492d85458bd1e5af2c97a3cca83b591c45fe3992fb7004d3c1a164d4a90fa5530298872b42ffc7cc1fd3fe35553afe73ff3fe75b020377ff85de471306fc4b669125bac06954fb8ec076c511adb98d34b05b7c480fb97dd1b41b4ff8303ba929eec020297ce79deb56fe4915e7a84e5df2497461b38da9842be43690378cff4ee6093436777272f41e7
1787432030.3930502 sweep:Generic OOK 4.8k RSSI spike: -62.5
  -> 255 1a4491b1a218407299c07c60e7b6b22a18136ee082670bdda164f43e31fbfb233d6b25a7daa66fadfb13070fd0088d3225c33bbd01061cbe821cf8893e0c126c7786bec68ce6a3accf1d66f6b7009838e085cefe0cf245315d9293406564e3a7620097c68f24cb57e30bafd1b02f0fd72e5731684cc6e6e9f884a0214336ebaf76cfeec319fc1404ca177f1aa4f31d41e404f04ae9a0a043753a9fe310329e77f200e16e07d0a1eb37bd34609c1033018b38c208f689d88160f2ebc451202f891b877e7ce01c4c5b1d4b87108459be4de115bf80641e2045a038fd0101777cdc465f07f9ff96d3763c986f6e7245d1b8c993636182dd56882299136c6005bd
1787432030.393265 sweep:Generic OOK 4.8k RSSI spike: -62.5
  -> 255 cc97c0bb8e6e3a38da8362184557d8f48258342f1168eb8c98ffddf434205d23fcc609645c56de8ec62019066f382b43bcc78790acb76634f9bc54f167d2afd6f3fdd3bb0363ddc39fc19a6278200060e95ef39c659b7acf42e11e813dfd3d916c32a2beb71884fec2c9ea5fc90c7f6e9da2bc1adae42e009c570c3b561ef410191e972691adc3f38c81c4414744385c0e3de5f8b9af36e82687995dbdf76ddc8a7f198b3a7ce09faa92e0733c3819ce413c81e43c75984381cf662e70ce5dbf9f13c36ae0362593a7987faf61cfcf85555883a837ee9f0ba010bf99af1e90377eef9177385ea2749b437b9d64aa9759fbff2f9e611da63ff891bfc26bce29
1787432030.393468 sweep:Generic OOK 4.8k RSSI spike: -63.0
  -> 255 9b7fb918fc1e4dbe4a5f816fc2805b39bd8483f82c4e0670e629be801f701e4f18c0f22da7b461061c7ee66f3fd77675830ff40ca5e2281c7fbd07acc13d19dc09c91bdf9fe1a08b20ec26f719da1f9d673121031c5262dbe0847e73bdce7c8b58f2f82cda34e0cb795058efff7ed99a8da06e19dcd0528fcc4e61b0f6eb1a1ba69c7fc0b6f24e53aa16877e53fc76c306b87f0695fc7068df88080498b7f173ff5d7ce67d83f3f446ebd9a4d8fc3c1e385d5dded00c53c8e1b564f0b4d812f8e1010099029efb1ebdc04f8fdfc9ea3e81f9cc5fe9ffe65e4c8add3d34ec47873d7c0c35977d3727116f62b40b83fa99fdfa441109a75240cce2b6c4d08f64
1787432030.3936791 sweep:Generic OOK 4.8k RSSI spike: -63.0
  -> 255 ae07b3b7f65798cf8340f47a9611b7ff1ce53c0188b197dc4643870d711827db2a07f037e18e0706cdf74e3f8ff3c0c0f01e26187dae73dc90342feb98830a0dfe1621cc2801c0e3994070c753b5807083a1603dddfe4a3911be4c05273ee8803561f30242b537a8411034202fce7431dc09f3f7a7ec1bfaf35944001c018db4c76dffc37024478c2c43e8ad4cbcd48df1921db707462df037cae318a741b18fe18cf33eca36be29049351fd2e4415d9eec458a9f62494b03a212b36e81df31db646c707c2678e3d22052c0441b980c34e270bbf836f740402ef96e0388dba4df6c31683e667b774a0bb308cd906d0f103cf0673364f87208016eebe9f7807
1787432030.393903 sweep:Generic OOK 4.8k RSSI spike: -63.0
  -> 255 7a63987c479d93b6856bff340f39182f182f935ca4fe438c1f0d7e9a703921c84979f66db93fa0e4f9cce716203e9fe13f671f0ece18fb784056cf7c3a9c1f707479c1ffcc1ede71156e356c8e838d6df40360824c0de362cf99a9f0224e2528dd738ef11a77f50d8307cb4698c7ccb89df062967d6d695f34227e70ea3e0769a2ae4c76bd7fb6f50fbd81fc39d2df7dee5ab3ed22011bcef2676a0ef03eb9cf8133a20fedd77207995dd3e0c0fc1fff52a78f30062418809392b8d520e182b30ba6a18eeb4d69b0a205239fcfe9c87bbf65ff3917c207d047a76079ce81ff23f6fe3a6bf158fb4f9f4cdb196e1e61dfd83f87c17e389878ca6426f4cb03d3
1787432030.394342 sweep:Generic OOK 4.8k RSSI spike: -63.0
  -> 255 08155ce18209fe0f6cb58c652b3c9901c9846ff9bd63a3f0309839396ce0c07ddf7ab623e66d55c238ecb36f98cba01f91eca8939c80b0f9961f2bdb880cef10d4bb68653c430d94c0fbb400c72f2677acad15f8cf2fe5b04fe0c1d7570c7e0931217817c380daddfbe877087471fa91b5e082c2258b444fd635ca21190c9e768ffa312220a3d170e4f9f7821adf43a26fc084d638da4241920e019e4148d85237c40172c94fe7807de7e9cf627f339e098118a33c6241b0a086647edb142cf475fafe4268675962576be80c70b0d622fc6a2633c480c57f2038c85c2cee0bc03f0f8f95c0407c64e5d08be152eee8434fbc03b4d95bcf9a2ff38b1db8b8ff
1787432030.394565 sweep:Generic OOK 4.8k RSSI spike: -63.5
  -> 255 3306d7ca03934c5ece9ddc1008e0fabf93c2701b0e6431be15fa98218384403ca1bf4a3c79e6f29d23fa7c485611899b71467888ecb607f7340eb9f3716ecd0ce67fc7be2e3e26f51b2e13ce4e4fb21b6f50fbf5ef7f7c96e50eed0d2a937dca74a683a37b3e048738bd904a2b811ecce0e3350575b90203181e1ffb26a19e6fe1ee7fb42f08ddf13741c621a3fd82c1a378194ee15abcfe3dff6b5f7064361a76fbf7729f05779f0792bbd1f977fcde0febe7f7d5f795fc1f39dc98314e3e9e753739c87db4cf2a7ac3433903ee7b891cf0214fc044b56714624772a241f8ee23f4c7041b36ee3ced38df396c22647677f814f5413338bc257fff23c50a3b
1787432030.3947861 sweep:Generic OOK 4.8k RSSI spike: -63.5
  -> 255 9c03df78db546e3d06c45d8a064718d08aab5ffe66ff32497d4fb0e995900b61fa6303f9bfeba101147026aac0cc18be788831a5934c457bac06be4b95e7263e1cd24a2084139022e81bcf8611345c5a006123596de217c13e47d659c82f109a019afb896894feb7c5b50b8719c0c21004eb0daee249f1ec3aade67718c388496345890079ac46c5e8f80e0838902e1bf9181003ad6660c38fb14f24614c335dd7d0988313da003e2f5f1f4b86b270f42b4424c01910299d38a848f7ff2bdcf6a5845af6e3962d5f43d31ab8ba2182bad3381984d796db1ec04d7b9e10e75ffbe2716d6f780f75981c7a33b3d47ffa840a142a5f0a1ee066925b72bda94cfc
1787432030.395052 sweep:Generic OOK 4.8k RSSI spike: -63.5
  -> 255 26d5f2d7859ccdc76238e31db74c61a9d803affdf02299e8979200376fe9ac205dd7a5f6e13cd27e73268cb300c2e7a1c07818411f0401f18b06f0c77f261cfc713c000ff91f34c0f1787981f6d1e35669ef605f149082bc6f078153b8e27e43ec01490061408896071c48b5f011007ec7e97b4fb645388fb01dcee347e848519fe4c9c375201e4faef13df39dab903ce27fd8d9fef29effc741fa813710f12230e1eea96cfc80dfed624663ce35f26323d196fdb8663c2b9b7e9b80037fd0b9774a01d8d52c015301cb96279e68ce56eae2018cf2282e467b0f2cefbd2388d6c6e1a8cfc7a423aff769ca016bf0d8faeee14f84d0cccb8fc2a6f2f398f301
1787432030.3952682 sweep:Generic OOK 4.8k RSSI spike: -63.5
  -> 255 517fdeb87e6f13f4eca3bc67e2f5cfe1813727e99daeeb4873ed880d55db1b63c9dcf1607ec50c79d2e7d8d477f9770f08bcfe706dab1f7259f4d6c6bf62d12307d889dc3f98c4480f1ba7fca413ff520ffe790fb3ff906c4073657a33407507ddba65bdbf13c72ec0f2fb7a57d0e4d92fe917be36ba975629cf6ccc9fe426233f1ae2e7401379fa5c660d263c00bde803009ce7e048861d5ea09ed45aa130f7dee0f0369bfbeb4bf587e1f76e30ea2b05ec6eaeb7f4d37c2c420d00cb7c7bab619b787cc002ee44c01c1f1b8ff43bedc3fe048b70889177321010d157019f8037e57ba2fec31dd58e9a3ea28f7baba277621307072828a39fc65dc49b2911
1787432030.395478 sweep:Generic OOK 4.8k RSSI spike: -64.0
  -> 255 b0e78d45ec39a6318cf083f0bcc206df2cc62ce3f034e73b7e0ced6a3837f3ce3c15705860f0be8bea1625c632c7f7bc7498e37202c3786efed78986a3cf40c9e8e0f364154801c18e5fd140aeeec0f3a48f3fdcbbb8905f94e7c7b381e8877005fec66cdf0d82483c200b005a0d59e0ffe3e1a3a013e0001d8037ef1de18024308a7ff133ab455949297df770f55c8ffe9ba00b74e698e22de14936e620899503a7fd659adde7d1eff5ecffb8a4a8e5986f390bc79dfc300f9e79b9e18e50d4dcd5ccb1170ec36e9a16ececca631000238467fce250338870a8b421b78e21b7ea10ce029f9919860ef6c7a0233e31abdb7484a910eb99013bb0067baf5d04
1787432030.395684 sweep:Generic OOK 4.8k RSSI spike: -64.0
  -> 255 c0e213fa671e0de9466723f769bd567ac19cd17671a45fc1396edc383692ac3a2441bcffcf0dbff0613e4c5737846c7bec830ef168891f7f3dce7223c531d1ad6833846da640d528cc108998c4c67e3c4e764307e3fd67a5e522a1bde97c9af9b7026674f1bcde340f180e6fbbe2e6827e786b8c8b8a80528c4f9715a299456839e76efb78e3bfd7ddbcf4f06e93ad97f0a92b72b0e5b0ff04f47f014eec19797e3e9ff5c79f8308670f0b270736c7126f1be19c34e03ac1db616f82ba701aaa138e4877d46e8a3731d36f319c42c5a7d00069bf6b787ce4e1dfc723c034280c323aa74347113f808b0ef699ce3c047374639ae7cc63f4f7b601c8642eb0ee
1787432030.395902 sweep:Generic OOK 4.8k RSSI spike: -64.0
  -> 255 6e169bd1514127e883f27d8d2354aff7fc4271fb503fdc1c1994ffc8181fb84d821c3d8d88609f3e29677b9fa3c0df7c91fbb83a485ee3b98b1056f8712c30370dc821e4e55901ebe4bf88f8585fc323bd9327abfe3df1809636d4d5e703df7782bfb0ee3ec377dd1cb09c774914776fd6d1e4fb1f2596004462e2704c398df782bca7e4623c61dc51f1f3b06e5766ff0dd28ab839afbd6a66dd9e7ae67e76cc5ffb6b38a8cabebfe9c43ed0ff28f9d61acbd601c787acbae03d8fe3da9e24d479aee9cdf7130e4ad3e5d289f8091c5c621f21a2006eb53e878eae360be25a0e318c2f5e68300b957a01f53de7cad2d10230980c811b67e70345db4500a08f
1787432030.3961642 sweep:Generic OOK 4.8k RSSI spike: -64.0
  -> 255 f0cc07a4e28e1402fc3b1b38d9899f9430f103a7aa75e30f7d1ef8855f7c52a68539f2d45e38263f84efdd92e0d8d058bb784467eb43377b60c0953d425f6e8821e8ae158007195450d01def8d1094ba4d4f3d6b87d889eb75ac3b5f148f74b3b1ce4af9e47c88be3138be0f3bd9e82316db5c9f691f0a99ec436b0112db2e9b843cfa1cdcf04c0145f02ce947f7f74d1e671f11bc7f0cd45d13837dfa5ec73a4bcae532d342c0071b63417886e5f00d4a2348e700bdc0473b7ccbee4da4e5733cd41171a1e7de8a68bd017098dbf3b4b281ba3cfc53f9033ded742c3fd9ce37ffb3f1d97f1e272359bf2d39cbfe18b0e11953021cd3c21c19fcf31247f2ce
1787432030.396371 sweep:Generic OOK 4.8k RSSI spike: -64.5
  -> 255 fc803196093497d9792607975170a6ce480cbd09b276d407fefe1e7df183e568ccf1fa70fa674da501fde6013e3b3b7b930d7e0e006afccd9deb8eac20543505a0454ea3a50bb28ab1e7df142d9970d47c76ce456fb8ae9639c432b444ee7eaecc9daebd6008bfba3512370c10318df44473201fb164ee0ded271b5dc15fe48440b9e2ea8ff3997084033d207f8d783a2389fe38507757267f88c26c095df5cba6828c67e8e277128f8e241fe1ac92d30c087fa8f247c6fcbc7e33721f2adf11081d1fe46c1811c831c6cfd49f28b7ef329f24d0c01f9f03cf708c9625def7e42943f93e0a9b5b6b29ef77f240e2ef22367d93261ae014e543130072602d3e
1787432030.396585 sweep:Generic OOK 4.8k RSSI spike: -64.5
  -> 255 6f8a1eb75881a67f8d090637843ba7d21964f88c6939578040e102d6ff0fedb5d8571cddb67d2709affe6057f9f7c408077611fbf79911f711ce68763b79d8befc0028bc92b434efd605d7dec74ffbad1b55277386634f0034b04303b43374cf7921c059aa3975e5ab9b867fa71f04ec768cce25513c00a251828e03fb6f0b1d978fc1b6174c80731f93647c38cc747cb9dea14f6068b45896672fd480562e65c2d6f0e365d0d5dbb87b98738f2673c5e53b67be5e3d5c31b20ec8ad6fbe34587673eb427c01bd9f31e9a003fe96f17c82667c612f9da01a89fa9f913bafedf9e5ed03df027bb8227cce3c107974e04be7f1a5c1b98afa78123338b6cd8ea3
1787432030.3968902 sweep:Generic OOK 4.8k RSSI spike: -64.5
  -> 255 74b04511bf7b8db93a3677f06f5261efa33ec9fc40c0ec7a8412885b18d452458e3a0f34c1f07c5a4f37432233c2000dfdf29ec8571ab86082fffde23d831c1c9d238d833ff40a1a0b08a81e672a103cfbf32738afaaf474f30e77285f3e38346639fc06e3de9ed491a237ba03f808723df87faf81e4fbe5de310629e1ad341fee798ccf4d1bcdcb748bc427927331da6973847ce7f9de4bf61917bd477d938e0e23668cc61a2a3cb81cb515b6437c56231f81ecbc788fc6f31bbb51770db9cc460baf79bffc0ecbf584193c838518c0c640ce8e27e6e9829d9286fd23fd26e0a581ba10889807f3f7402063a114d6e3056ffe382b01306b05525a9a5cf3bf
1787432030.3971682 sweep:Generic OOK 4.8k RSSI spike: -65.0
  -> 255 2e092128fd81b3c74ee6fe3f7fdccb0e703efde507cec301645b3bab8dd25c7021b4e78d4e2797330f3ddf6fb101f1682cde1736f8fcc4ee1251e09ffb92a4a12612c059eb89677c435f4be9f876f23fcdbd91cf6bae20f8e05f985f6d9f60901727079f07fb88513ce9b9c47ccbef20031e11151c0636d81c9d99a3de5a79d8585345a15c70dfa0aaa9fa3d4cfc60ffe7c01de3b50661173fe0404675f32a2b9e80af01ea0c2867c56c63ace67ead7af9d197bee26f3ddc3dcc40c48f8c738c5e37cbe17f1a8664b8ed223a0e2c628705f981eef684996a523c5f8e9df290e1b1e65c3cba9efa5b17ccbc7dec1f5b327cfe47f9cd911e44c0962acc2e0f61
1787432030.397404 sweep:Generic OOK 4.8k RSSI spike: -65.0
  -> 255 067c013cbbe6a706fde10d9f1b01a30e5b632c6e1765880edf57c03f3df8d521d87ebed41fcd2dcb4c25f35298373fed5a0ac7d99e86a5d7d3defe0cd7ab8eff740e171f13bddf83aed3c03ccdb669c1a71b33b0a8898196d84d02c592e76756e8aa763eb3e00dabf67bd9ddfff00413cdfb9263d28368a9f9cc56ed9f725020905717cbc83478f9fb7561523340ff1ea96faedb3e44ec8e13f3b437e3bacd402fff997ceade4d1e0109dd706134d055d958e2f0c979bfbcf8f8957334efb1700fc69e1006edba94f30667c47fef75882c40408df00961b54d1b5fa28831cea844106c0ede8a827a0bdf783a579cf3ce2c1870aac1377e85832c702ff401d2
1787432030.397635 sweep:Generic OOK 4.8k RSSI spike: -65.0
  -> 255 fc031ac15dc3d85ffe7af88fa30eef2da08995fa9c86be8838ee7110ee13292ef9e728fa804ab0c87c60c2596e77a2286698b72223c685a03e353200198b2ecfbf9c4073193724f0c39dcdc547043d5402b3022fd863e0b2664893bece0326a4f5caead3cc4c60fd824e0ec4e19363035d8c30bc90e85f4861be70f21a9bdc3d9e7ab0d370054188c5c01f1c42616d5f061e5bfc66fe7974c7c389f1179be3f9a57c53f61e46e6146aecfa2793f7264e471fad3fc1f91a0fdcf8e7b5db081e74324d22f009f8f05c89e10c59ffe1e9d75dc7e7e021b1d310708c275951078769e7178a2f611f5d87c2c5eb71e67156fcbe0720e2301ddd7d619da20c71054b
1787432030.3978372 sweep:Generic OOK 4.8k RSSI spike: -65.0
  -> 255 dfe288d49ca77e0e20200cffc76773ff472183912bd12ece0ecb7718e69f33e2946fee1fc8e0cb7dd45ec6a0f0197f1a0b124c344e6e96350d93f80adce71e32fa338931ff0fa08577c6b1f05e9c76011d40f185093658ffb5bda0bfa9e97ebafff879d913f2f03213e02b88fe40177698f505718fadf135fd0318536db9c7de3dfe7dab628cc7bd479711e0679a76c5710f2166c28e23eacbc00e3bebd57000181cacfae0875cfb9505fcecc2ec7f537225dd68ed0902c4d9251ef13e9e6f54503686860823dc5175ae0e151d7930bfbc0099ee3bbdc70b843f0efffcd237f8985859f5bb60b7e3f54247cfff10199f4ff25e177bb3b7b391a7bae960e7d8
1787432030.398068 sweep:Generic OOK 4.8k RSSI spike: -65.0
  -> 255 4bc8ac68b4ee58bd9fb81e90635290d00b019ee789b30becc3690bf9022acf6d40e003bb9f6cdd40405ba4c608c9e7a8bc031083475fb8d41024811c316c478b0da5e7391feed0f7673dfbbc6859cf7d9b417ac7fbfa9d6c180a541b909bc903293eb0f13500a1de3162de9b072e3d8c4bb223640be54308726fc0f4d402fcdaf383e3f63ea49da8a04b9c020f1811df4b09cb86ea31d57e0478bfcfd6e33182805c0ad5fd390b5c094fdce82155335e20c8faffdf604017d1aaca6a9c1c1cf82804a38784540e0123a0bdd018d9c7679fc63efc783c5fbf4fc5abbdf7a8dd2620e193e4c24478f233fa1c50bcb4920004c38210e1619f0c044764de837c62
1787432030.398313 sweep:Generic OOK 4.8k RSSI spike: -65.5
  -> 255 05306779c3b0641edc791ec85c72dc186ae2cc6e434e689f0cc6d29c739ae41bca15e46167993f0108ee023cffdd4370e1210f4bb3873c9c179334aefe0b3f3c56083b2c6dfff2036be6933323f005ffe5da7586e58f9606fe3a971e7bc72acafda0effc60e01ea8b0fe326ae705f8f1299868c14abe4636e339bac4a3c603b3359eb523997a0dbe5b8e3d770afd4cab754205c7919cf463d21b705789c71c207f6b51bea627e61c1d1e723a2c5d89dce0f2efa468ad20d33145f02e4796f35bd2605e1a3930e1d9ee8df3bf009ed6187343fe13671a3805c06e129ed9dd1e1be461864f6ac5c51cd4e84849c201c4e8e97f7fc10171e966e04b375846107a
1787432030.398536 sweep:Generic OOK 4.8k RSSI spike: -65.5
  -> 255 f3d317f9fc6c0019c8860deee7a0401c5e4ffd90820d8fd34de320220c36ca052806956119cf304c3034e44daef6795a35d39ec3337cf5fc409ec4026d37dfe84aa8f8cf0517e237c67177f843c78c73015d8ff5bfbda7beb7848da85242ee89a65dc3a0575b10461513bb94f870b05a7181c6b42401aad69cb0da02f32bc619966a85c2f443a8fe35573083cce6df101ffa1cd989fb067403767ff41a8e1fb8f779a8860445b651df53c1a8829e86d97f4f40673b8541f380783dd681806bebd47e2375b029059f120243440252d03c26f89024ddf83a9b9b27571622451e56b8cf417c6e6e1ddf13cec3bdc17803dffbae3df5e344ff07dd6abbe25e6de7
1787432030.398745 sweep:Generic OOK 4.8k RSSI spike: -65.5
  -> 255 bfec6ec46ba73e90011103ccc0323fc0002e277f9dc47b5ecee12d2ffbb73c950c40d926026234ac715453644799912d24a7c65d609df0b7d7fe7dc1e7918ae71e227d47d1befac21827db0889c5c461e400040eb9bed66fc9f6ef5260ff6900fdd877b1763781eec4f3add241fbf0b92afdfca0a3a1ecdce91b79d5371802f478416fcda4f57f704b28a18695b5e662fddfc78e1fafa9207df65fefd42e3f77b48464a98c69c5fd63d5644181d31ae7db3cde9c3739f27af8a3e281237f03f40f74007376f2dec5c808f05c7b3cf793e4447db83e937dd2f88ceeceefd8cbde27c4bd2ddb41b0a29fcadc66c1bbcdd3f9d26423749a002ec7e649804c9283
1787432030.3989499 sweep:Generic OOK 4.8k RSSI spike: -65.5
  -> 255 0833b5fceb631d7add94ffb91b87c1fe2547bda8b9c1a8be718d042ed3c498a0bb659b8a4c79be5a6f046923f12fe7898f2894a5be787bda3e299a7123a703c85fe74e33fe52a1fbd4d683ca290abec1fdb14fb9ef5c7f8e1fe61ab88c153a07961d97f44c7247037d8982b4e7cf8a1fae13f3ef24d181734172cac28ea41c4ba4e46a4e73d7f47c479cb12a0c5e6f87407640907f76e4bf07c7170ea42b7cfb32a777f01813cf5efd88f5cf8e8f62f7a19efcd19cfff30a13bdfa273fff34dcf6d2e00f071d5643aa03975cba0a7cdf286455cb6741e8bdfe4cca369ee34db53d11331bffcb66f11633bf81763bfc63093b76139ac0829c7f28c9fda3e479
1787432030.399188 sweep:Generic OOK 4.8k RSSI spike: -48.5
  -> 255 be3a14367b4b054b71482c1f849be8a7700349c9abe899afffbdff8db203a3bb07392c5de18b4dbd00f340d497af23b7f8a841003a21974bd5c104e97c15f3c3203440ffea376303fbdd58841db0365014e03069b61615f1567518bde8393c68e38a5247d60474302b392e1ea568411f34149968d9262f95909cb8248794fa23c388aa3a194831ddb4bd1ad097e22781c4247f6d18c01eff04ee7758362db11dea21c1d245435070bbd77df74d85870ebc2c61b0b77676cefa02c3353fd87e0832c59e09ea083e7ec4aa053f0ac061b7661efef21d894b7c363adaca3f49e7a2bc38f514e7eff38706e810482387b8d6a266560301ba7c3c0366f3c3e94fff
1787432030.39939 sweep:Generic OOK 4.8k RSSI spike: -35.0
  -> 255 3fce3916f47fc4fd98196f1fc7c8c0fefc72c1c97fc102083c2e4f2e4cc5c377ff43ffadbb07bcf1c92f4f6e3c86c7c229de4d093fb7a82df008f939de0370c3b8d001b80765f939ec9e5e1eee6b89d84202a0761ec7a420d20d50f003d003000c1136bbafe763951922f313a5241df1ed09028e7f73e008bdc0f869e046165c1e01031e558852c2bebe3d479edff282def43e72e248e787e42601c940d1ce401ec9d83e500bf4183c2fe8009b5f98939d4e300a1be110bdb2357a16183adb002dcc7373c2e4d0d9615c6bbf7ef2fd79345bd0e07c0be3aaf581a8f27c3c42761fe5f5d788aefc657b5f59dec20b5935e4507bfd90fbb61181866d0181c1c7
1787432030.399609 sweep:Generic OOK 4.8k RSSI spike: -35.0
  -> 255 b192c0f4016fe92c8ce3bff44f1347cfd7edb95005f637f0dfc78450853b03ed82b407e143d9effaf363d011f01720baedf1c25d5c7011bd9dc30ff2c95fff8703d730f098e0609b926e3958c47f923d4dc243861386e1c0694ef18f775f32757615107690d95c7a5b0917478e084fcc712c1c3fd85e1b439110dae1d226c2ee3b40380c3fd4ce0cef987b2027683794f0970610dfaf26fdf93427b4483b83c95bf194aafc7331798e84fd80058e8479ddf5fc946fdc67fff8dc8009050e633df75fce938bbafee07f6db187eca67de505c8df97e0b1e20ba40a626afcce0adc7b7e0c3f78b232319c07b2ff10e1f81a87e4e528fb07fccd10d72c0dcd399d
1787432030.3998258 sweep:Generic OOK 4.8k RSSI spike: -35.0
  -> 255 2467303558e46cf26c80d27cad437fcbd120aa60fa47b29fa986117cbb87c72ed3e077bf58718a5690d0405c3a1b18ac1920d40cfd74f9c5de12b6def7f33d6cfe302a238cf80bae1736fd4d0b10adda5c8247673d3033becf6dc6b290e0d1a421d33d826162ba9d57d31c2f56d002e1953f5551a0fe66e800b77758b37d1536a1432070c20fbb5d2ce28ecf9d4544b874e8107f80f9f1f023fafa7c8031844649b7964cf9b8510716f1e4fc143e30bd8ab1e2d7f0695bed5aa5c19fc6f807ce125e7b11142aa8d9f4f7e9e7fc8f04c470c3f569a3fe5531ede9bd3778d3699f4cce967f41b2183b60327f33c40acf9bef770be659d944f9d1c4f6b5384d14
1787432030.400052 sweep:Generic OOK 4.8k RSSI spike: -35.0
  -> 255 1c186e00d88c0ea8470f6ba6058dbc8f60ff8d333759f003dd8f3801172ebf38e969ff1b5fc55c49c088cf82cf1ff90ac3307f8f14c42a01fdd1f9c7b64e7e649e588f22214f78c07043f27102beb5bc98f9e7197b113b8204fefff2fd8cd9f70feb4e3c8256f477ecedf4a0e6af8b133349802665990689dcd873b35ede384132b985a79e006a8247ae406860de7d6c6d528ecfd4271686185ecefb3bf5ec2b4c6789ccc86742007ffd4be64d991d53d359f3c9da7443f843589c07cc37b1441f6e25f8546e16103f9248f53eccc05ae62c19b6e67b13b81aa3380ffa678c23e1d67883e0206159f2ecb0d982e6d8e7cbf9f2e0054ae0cb97cd8fb0126ec7
1787432030.4002602 sweep:Generic OOK 4.8k RSSI spike: -35.5
  -> 255 21c3f5991bf9d803ca6fcf629953aa3a1ed883f107cf65bc39d4730b396346ee45cf83d030c1dca1429ab8e6a862da18345c9e46ec28bb741fea98e3a261f7e047e2ed58e831720fa9c67f898d81ae7f8b23f437d1080b59fc3a94c43a64e15636263ba2f2dd1a85505e6b7dc36367f47128921e3c4e358bff97e2266283e7f73f45522b5a0f1b475984e6619c3deec778cd1c294e548d606ca69719f0de212a00ee2f4177a51b17812fbb47eb5c30f339db01573263e893237adeb39f9a1da08b77f2d7fdf918805547e68e52830a76cdb9ef4fb857706a148046aebbe37d78b7b2f17b02ce2fffacfaf4c0c0e3c6c4fc03fd717ecee05cbe834538257212
1787432030.4004638 sweep:Generic OOK 4.8k RSSI spike: -35.5
  -> 255 9058057f83b7b4fbeabc8fac12f4682ba0f0c4b1c80febe6afc3d5cb8cee387a40a70c1e67229b7cdeda4e239b00e624f715de23387a69014dbf43e6138c2f9fcc28173421512c9a60d1441f82e0eed8624a4159913d8f89206ab0784066160a08fc0c3e29050be19cbcce878b4d3643f0bc4a25142310131d4401c3277f717499e257eecbb46e356ccf60ab9b1bfccf00f71b9bbe4341be3df0e8eec16fff9e76a31c5cfffe76235b89fba0cbcdf052fb01e24f8aa88affed808f93145609f90ffdb3c7edc801abc79c18e2624e60bed1ddfecd1fe19ce14fff6f2c00182788acee366ede5f8e3803dfc32d06f1dcdcff55bf2bfd714f570238ef5e15f02f
1787432030.40067 sweep:Generic OOK 4.8k RSSI spike: -35.5
  -> 255 9c60868eb2b5e3eca8e072f98837c690e64d5d83cf9ddfcd988309ed02e43e23ac63c64a273c5eff68072f95ef72d7f60f69f5b53d41fc1b1693063ce1fd97cd7187f3bd36541119e4fcd7ff67c17262e25089015f8adb81254116f1a95fc7ecbc7c11149f88b39a2319f8661089ba7dfdbb5becc1cbe71fbbd66e8c2681c3e9705508e067c3f4ffe69dd992dd99206f8dffbdf8e8c25996071aa17c30a817bfe15e17878a0c7ce3d7cddeb6fbf1eb5911883f609c7d10c0eb87fb2593d8734f811a9979a1711cf3e758f1b63c77a6cd4db9feef7c03fd380fe5813c0bc7bd7ebd2f58c58610587dfb9a2847f31b3fcf796f47b3e3e031df67483fbd0f5a66
1787432030.4008791 sweep:Generic OOK 4.8k RSSI spike: -35.5
  -> 255 fcb99b670f02d8f4acb68ef1f9729d81ce29115862ef3384c65f22100a6fc300adf8effae12f298cfe3c9233058305a7826ff87202107646a6cd01e4cdbf8132861b8050fa6ce1b8e8be00011133cc3d440b1a534e3e0e77830fe6a1071ba7da978001833a970abc0f464a1b9717a64066e0de36d9f2a1afa1d1a2468cbd3733c610952feac6a45f084e1609b6341dd71e2c4eff97ef8058c31c7e03e4008c2f7e44c1cc70c194f05f84e72b734cae241f7f63c78075e9f4c0f82a187d8c7b0de8620a260b743b9bbe2a5e383107b9f196c2ee3981ebff891f39737ff806509e0495d12eddf273ef24ee8430f67f0d7e75555f4ea06370be6b2239c1deb4bd
1787432030.401093 sweep:Generic OOK 4.8k RSSI spike: -36.0
  -> 255 f967f87e65f3892c5d3c00bad5110764030f3ab0d40c1e1777e2a0fd703786c0c91e7928b4b87d47c761a1742386670ca633bc71fd85f9b7c90ebd5cdaf5593756ef876fd9a5a31da0c7d03fe7d3b9d4000cfe3f3892bfcd72d53fc7d84e1893062987876d16cd1624196b7b4f83a3c8a23f893cffe11621e95dbded2de98d09cff3438214076c7c2441965da33d830e29dfafad4f0fcb3bc7cebd67cae01ea35c6ebc603d0e3970467633389d2ff1ff6e2acc15472fec80821e4a5f0cbbe83c93368683a79f870310924e8170f2f2ff7f9f514d93c02ff7e9b7f3f123ff9fda922ca37ce692f65ad0b6e6e605b703a3dcf0de3ea9b1e0695ebe50e0e99777
1787432030.401325 sweep:Generic OOK 4.8k RSSI spike: -36.0
  -> 255 c1f0cb4adfc33308cd83773b376f26fc32b105eebc29bbb06e0407c814f9466910b38d5aa6a649bfc371d34d89f62589f74e25f832ff0e40d237f660f980d115344a07067164242f98657a6711e1b41cdb1a8913d061427caceb33f2236516b605bfd09be406f7dbd03fbe382f1c0e0ec0d6f24bbfd8f3cd58e2ee80a7bae029d499d36bbcd2e460c22668d408f1d81ef12983637c6793e11e7179f9870fe1880e793d76cbb803f1dbf8441abee0e87ccc9ccf199f95e701977af8e74f89fe934804ebd70135f7d045f77c395273c5adbc97c40f3bbcc7ecc5c71f1b43e113a755d800ec3ec2e1fc90c34247b89f7e69f89a89c8b99b2810c78e07d4bbb638
1787432030.401542 sweep:Generic OOK 4.8k RSSI spike: -36.0
  -> 255 3e6924fd3a4108fefd2fe30420f5f4c0d441b84fe19ecb03334e513cde10281f4e004c9c767f3918030b354d8695ce93c4ad0f2bdc575568d608864e146bec0f40af4e3c3343700df559a5477ad6ed8713262f7ffb41475e74731ceee9c885452fb7278619438349f5d8acfebe6f806f1635f7c0730cef1c1460f278e69f8ccd5f8384afb9cd66787a5ed9703b84b4dc497eb5082a579702574bb857e7b803cd23303ef2a4c01269e9f419c3141c1b042f4a7a114b4d9f13339adba2e8503f365fae90554c56e6fb35d97e6df7e553fd3041bc1449a61bfbb4b658d220de94ec28d86a98139dff03993f5809de38b90c68fa3a8beae4c9c2ce7642c241e0fa
1787432030.401752 sweep:Generic OOK 4.8k RSSI spike: -36.0
  -> 255 63fb091cf060fc22a1e2c9cc0190902133827bf9c187c69c9ecdc700fcf957c2624b4a9fce2cab37fee0057ddc7d2703043087326ca9b2a4983356fa445752e1b626f01ceba115c3e7e41dc500d979fc106267f7e560ef37097bd13a77a3647c7da5f9c63b23f228306de8ce8341d0883901efe631efdff80f0c6e0929bc3b7bfa002bfa5c561c22bb1b1efc06a0edb9b875f29d9169cf3ff3e435802efff1fb4ce521ce4538934328e61dadf0aa22771eeca62f3d30662fe18e1a2a0cdccf062ecf890f4fffbbedc0c3b8d2f580eed8c7970553e410420120d2ec7600c3d3879a0f71cc82f7f01a3ae0d80a33f3f9878e49a748c593cb9fa2f3ddc9a77fde
1787432030.401963 sweep:Generic OOK 4.8k RSSI spike: -36.5
  -> 255 d369ba43438bd2109f64ad9a05b436acb803438192dfd60e7cce3b2c25f61c5423f8b7d7b10fc80d547ffd8f6b665cff099a7c89f3982b64d2397f4ee01ff139119ca4b12fb2c358b37b35e7046df9c5d24c6261a9d0f18ef0b8ee72a7e8dbd29605de5ee24e4e1c20dcdf56adb76108bebcb03f28f1bfc0f75913eed49ec3020098698812e8bef0bfa2049b5062e465bd40072004f5ebfbb93eb0e23f2fc133e30116cfe196b0608672d313cd5ff72217daf366ae0b5801c6ef0c10b9ff243ce160afbb8fd8713a2cbe78fb78fb0be3a6fdd0e4c3e4a9f389d530d3f81e1e5bde3ac0f60953e1c5bff73757d41208ff65d9ad37f610b3adb5d8387db12e51
1787432030.402206 sweep:Generic OOK 4.8k RSSI spike: -36.5
  -> 255 c46818286a82e05670558654acc963381dac5c65faaa8f790b267faadfe69bbc515191eea26f4c838cfc273f8be26e7a7670bd5bc8f97122ce3f975f298a1287de659002ee49a048c256ff463f101eb3cc1fb67e8b4afd12b84d11b3bcb4a43c5f9d14be6e242bcdce78e19e1d84410426cdcdb7936fe1e6fb87de653111bfc009a4f48be1566e270b1f519ee183ab46da317adb9be2109f623face4fbf0439e7f6ce485f2ce44d350277be19e8d874dd42212ee051783d5fb8b6f7d6a04dfdaf9600e1e7272134e41c2f333fabddf341dc002506306730d98d184c084fc77803d09b2079b481bd7bf37ed78443057a98f595004cbfb0779850bdf9b7acffb
1787432030.402446 sweep:Generic OOK 4.8k RSSI spike: -36.0
  -> 255 23603c7dd3f8381907f204fd4da6fcf73ee71673ba7d74595bf9b867dc663dfe00abdc1e06506ffc1ffb7e09c5e5d00f2cb8f08c8050f00f83e4c4894e0bf4d0fccb1a8cff00b25c72e3f33dff4dede6e6dfa7b7adb6b0050c3a662647c47bd394b14aa383956fcaf915d78172feee5f19f670e1dbfe2fe8a8528988019b8061f0aace1ed9e05a3aa96b61822753e1cffccef889d388fc4289bf3efce0023ac34251f671885371ddfef90d4433b900864d76c726a6a3d98e33c1267541c8ec57de05c22c0c674e42e42e4866d47d8be3d07651e0b1dcafbfc7de123fc19d1ce077eecf853dec2f8e2ab147fdf27db4c06220be4578701247998c3c8e718944
1787432030.402664 sweep:Generic OOK 4.8k RSSI spike: -36.0
  -> 255 12bd94c957f91689b5856effb9fa79b125f4fe3f1b70496eaa78f5e8bf4fcbc4d073f49fdb9fc4c2f9c9c8e6364881ad43512a44efb6171f982a9acc2706fe2b348b5836aa199f0193e72fbcaeb5009ce7e604de30bb601ee3610e21b900ee97f792bb28e4e332e58f52f773e0e7f84f9bd6bdabe10d7298998ca6a51b186f79900423a422a2c7304fe0d1444178a6e46100f530d10a7ad722781e18ff21e6e406e800d6cfc3bf54e203b6afd98d385b9cd4fea536e206e088c1f9a698bbacfbe121cba35282260c447183026bebbe13234f93c6cccd7fbe0030a79bcc517b5f39e3173d3083d2a0e27ee0ff5e71f7ce7d57a13a046103c90fdfd96acb73c0
1787432030.402884 sweep:Generic OOK 4.8k RSSI spike: -36.0
  -> 255 00247fdfe5068e35ff9eba1befc5cfeef2af061863308bc0a3c3a00b7f6b3358edbdf3510fc52c1390fd2a7143a398fe0967c988fd187c9bd2ad9f691fb3423fef13137d9100e746af62a334cae0a7059e2d170dc4800f30fef45afa324c462844077d7e82cdbff918c02b00e52fa0ae900d8dc11f1da818d8c43d2631ef7542e573f9095732408d08687e375185060bf969e72f8115442338a7c81e1c6d05f61472b01f6d5e1dfaf2f0a1717c2de0dc243b42ac41832083c1f9396371f79750c2e9b1bada2be27cc70f83b618e43fae7c498dbe491c0bf0b9d2a74179d3bbb9e32fc1f14bbb803efd80d76d5f0454a20b9770e65deb660021638200a2ce94
1787432030.4031029 sweep:Generic OOK 4.8k RSSI spike: -36.0
  -> 255 03841fbdf8ffb7cfbdb97dc482c87e03273194a997c8f31c6a0dffac9b5cea1ee76a3ef8d48f495777177bf1198b1cc63b6fa9f8c728863f633d9fe3ca20681dec23a80598a4fce06aa6b62a927f17ce0dee6f608841948723582e4ec323cf2d897cf6090b2fb2f0f585001b01298619e4d437d841ba17e61065648e80b8fce6cff11fccfa719cee9c9f3218d80c2f918eac994dcb62652d6016350a1f0bb8478fe4ad5de2208353c8a7f3dfe1dcefbb14437bd7fe2be9d3c280b7843c3f6936ea5e5bdc5e34f6467bf46b0af863f88f70111dfe387f480611b63a0254d0a03b74e08a138822035134089000b0341e703ac8173f7dacb32437d303fd2e7dc8
1787432030.403336 sweep:Generic OOK 4.8k RSSI spike: -36.5
  -> 255 2e291e2bf36a0fbe22bf528e0b408d2ea3c9dff0e9d8007f87935c773c3d01dbea6cffdc466932bf84f04d5daa7d1cb36c41b9f7038a363adc66fc7f606d1ff9ddef71356ff073fff55ee29e4607caac7e7df702b280d807e5b731462a416f8b89f0ee14f987e6b5dc636fde818954a728ce79007be3e3fb79fb9b4a6233c1a42bcdcd51ac40fef8e82c4bc32774145a1206d79ead43fd0fb7e61629763a381af77fb63c803e9c78818b40c3984a7a06c348bb0e3716d006618bf6f4a8d9f60121004ff1d065c0d38306001f061634fdbe1b1bb7f0a8c67fdf23468913cc8166864f80fb1e4d8de90cf28f627c0737c1ff2e0877de663584f224ad9987749a
1787432030.403577 sweep:Generic OOK 4.8k RSSI spike: -36.5
  -> 255 613f009476bc1e8a7f9edb7593ffc478eb33c15ef08da59907802547c52896f3c1ae1c726a184d017de66e1e36870a8401c8e07e3eb07c1d86ca04ae535edfe8f80bf27207916549e47a4f71c660d142e7afc7fb28ddfd4c4449fe54cdec9c2877188a2787cfa772796edf414d04a14da799f8063903d109c11c26f3f2dfdf0c3a8c3fd4ef4d53e60337bb07400bfc9279bec348d384ee0c105de0d9810857627c327299a1d3f523e392d2cb8f40cd5ff3b7927f7dde19ef3d57a6fcfc7901c6863089c4186ffbfaffb603e9ec775439339233bbbf6511f9e409b6fc4883a0898002117354f1082cb9ed7b61213e540444ca08feb6df2624c1b90d7fae8e69
1787432030.4038029 sweep:Generic OOK 4.8k RSSI spike: -36.5
  -> 255 07dccd6c199bdee0f24197007f9f6aa14f3b135adcc4be31c2767cda6735eefc3bd8de6fa1d84e033288790f88bcac799da034c65f2c14224521bf738e3e9e06932e7f0f77dfcc5bc36c8ba18c89c3bd8fe1bf9f34ccd8ed1e9e64eb93ec189a3a36edea4f7b97af888fddc77f82f922d3441e7cf43d778fe6cf7f607c3049b98bfcf19d0a86941bb188cbb906313efe6ae107ca3f81c646064da15c1c3f413d973f41f328f0ba41031eadd949ecd8ed93ef161c9305e3928209c0305dcfb5978e009eef7e89c37bd1893852f37050031c7c27d7200012044332f7d8199d4ec0b2f74b21b5dc367e82112cd88ccbf25c9321f8658dc714f2fa4ec4002ae964
1787432030.404056 sweep:Generic OOK 4.8k RSSI spike: -36.5
  -> 255 3743d7f00faf9c04c41bee265f71cd44ddff49783fc3e1cff02c4f1bc50d4962ef4ed8c006eb1abf5be47f57f12ba7e981670221ca7ee77cd62806af87c987ce3cd05866c74057581ffd0181e67c7f1ffccc087184de299b700d8d9b5eed1b788252719fccd5f8b01721e787df6a70fd32573f78e40b73debd51f381cc36fdc6763bb7eed862f7d0d5073766ea17451660f2738af8782e25d7b97f409dbe443813f812fd3628e07e510dc4f6d21bcb31930ed461f4017172450e1d681d8ffbb84cfa8425d68314c0231b0f7447553c9babe8cd859db41e9e5500cdb79aa964cf9dc07ef2d905de6e9a2618bdb1ec030f177a1566e050dc129ef063e07fdbec
1787432030.4042711 sweep:Generic OOK 4.8k RSSI spike: -37.0
  -> 255 2f826cae9dafbeffeb9c1a3615e34ef2e078327e31a3dc54defb304f8a87298f8dec7841ef84b46d154bcd2031ef7e63ee1f87071c98393296c5c0ae16eeca0165fe27344a6f11d7a07a19c3b8c7d99b2ccf2c4880194ec8389ffe4f3b68019ca719022586c47c2fcf684eb791c3ea047571027f242e27c83f37ba1d3e8c7ce8091ec2c7c3e83e7fc3f44b43cf2d9efa7015c11bc3dd1143900b30a55cbd058402fb03830040cbc8a73a5ca23fd80f02f7d8c8b66a21fe1304fd3494fe6bf57377d37f4ac04ea6eb81c5c4deec7a01e551d8d0186249002da64f0b1ba4479c0971036103e1bb3dd2a1a3bad0c4e6ab09f8457e61a3f241e66084da269803cf
1787432030.40448 sweep:Generic OOK 4.8k RSSI spike: -37.0
  -> 255 0222bf3af923357a77414cad00455734f73c3f23cf46cb1baedacff4732cafffe751dc660fbbb03d5d6e6841a10633e1d2e812072809b4fff888a4ea950dfe7830fabf10c896f17102c545f8d5a5645863bffce206769cdcfcbbf35fef0f3ff888e35096f0f3079c7fbe3b7dcf7b3a01c862fa771e0fe41c7676dbaf33806f1a343f1c69f78e7314debdd459d81672f2c32c30c31fdf7cc9979548b4b480617277bf60d9b0743c99fe23f8b62eb6000084c78dd3177bae779c3f41e1bb517c387888fa9bbdd7de3e040407da404beb58513696d81ef0c86f94fe1a9467cba28311ffa593ab00c96346e3bc33d63ec790c7606227581ff67fc0c22309dd85e3
1787432030.404685 sweep:Generic OOK 4.8k RSSI spike: -37.0
  -> 255 c220fe690427be9964f3a049e0532cf9c18c5c1a7e9e3cdfd9bd750c0de780a76d227778f9f175de6c63f2256ccd0db88a0c8e805b400fb602158bf614ca7661409203fb67f99c53ff4d5f1bdf88767b07da2f72526300fe6296209e191e2a233f41e45dbe4fd5fc3487423c21b428b02021bf9d0e90113d60015bff3c0e05a6335f31ff80ad337fae8ac2a1d6857dfef7226220c1e2614fae940022c1e33370de67ff1f3f839b590e09e87cd55e3422f4c7915469133f17b92f892d67c5d6bea10b22904240cf1d838f6b7556606f109d96ebfee170d3c736f7eec7f7c01097a3dd6fd4e6e99dc7830c34fb17e4a773b17c4c01f0ce026b84a21e5dcb95ea
1787432030.404913 sweep:Generic OOK 4.8k RSSI spike: -37.0
  -> 255 2807ec46048fff8e93ee9e71c1c8863785ccc973f4c3c2c836ed660dfffe165602427689ebe36e83d1658ddb4fa1e82f4a778fcdb09dc4454180fdbb1de89929e73f929e4f5326f1a681de94ce63c35bfede0181ae75b9fbbc7bf7284b2d8751a0e8d87f93f73b2affa161de3ce620b41d2c2f3dfd7ca7f92113072cba815e6e73ee37fe3fdccbc23790f4b3fe0c7016ab8384bd33ea1f4300ad7650c83b803223a1bd04f8dcc9c07bc73fe7f08972291826772976e9d3ff6e711f04bff24dcd85cdfefbbde00bfc77fc8e3c9ee882e02a8ea6bd49f921ea119c24c1000b323563be78174852f203661c3c088d6220ff1f13d41b177c0f9aba870e6f102eb3
1787432030.4051578 sweep:Generic OOK 4.8k RSSI spike: -37.5
  -> 255 0c4012cb11cb805e2500672b00cf04186e8f6d5d0fd0f817b4e79c1b99fd9479fbd3cdb3cf771b28968eff730ab8fff719af153c6d53fcb075583b833f8f0404807e0f4e09e60749d86d205811d5bf9e739b5bfa663bf76e2d735c1eefcc0ea27a4c3cdc6b3d91ce44f4af8423ffbd1b1b6a575adf4921c0fef1a70b55b9b0fe7ce5176c38e56ad98b292118bafe0335c6530773dfea521675fce7edbede4faf7ec99eb975beb77207ed886025eaf3f018cda1d8dcf0458259f0b3f7a5ccb8fa5ee8c651ff841f9b132f0ee174a2c18e37b8fca9f6789623e4a3ec3d2a7650ca92eda167ec102854eb8fc404776b09acb785e07d07fc5a0f71040a47c1e1c2
1787432030.40537 sweep:Generic OOK 4.8k RSSI spike: -37.5
  -> 255 ee482f50c3cf3efe1320faf36eea26fc1c753eff67033364cfc922786e411ae9138bd39c6e0305ff544e4bf81be1f1fe10fb349cfee4e563c7535b9f2039f4e293a969c4c03d54a6c876e3fb8c7e7c5b95ebfc3d6b280f294be00f80ccc42b75b167770513f0236b1c927227c076cc2656c164d14bb95f1cd93c3fba77ff54390e2f8faa3f9f6cf764bdca807a215fd5bf20cb689647b9e8fca91993313dbb5f9763e03f730f59150a32a664876ce10126f916299a53efd3c1732d8fa75d88ffdae667e3af008e178a08ced00497a17a7e0be5df4bffd07dd3662cfcf860441cffedf5aaf05c450aa5cb13d6156f470e59f3a6303d03a0feff4eb9d0e90099
1787432030.4055731 sweep:Generic OOK 4.8k RSSI spike: -37.0
  -> 255 0f8e19e11a775e3b8d799f802080618d05e27e00cd585db8cc0af40876b36fad642e798ade48224ade84817e3be174380b30f7e817c78103df0e3a8ebc0e36428c0ee1e3f02187860f48c9fbfad5410ffda399685026704dfb9f3cdb6e401baa39cbff498bd860c6dbf1d8b1c8bc7e8000a62b93078c9eef1e05ce0ea6023f078926167e3f48bf5001b103b44848637f0617a58432307bf8c95d5a31ba4e81bc9842c1657bc2dc82e3feb637c37222712f8a939151d8a2e04bb6c2f11f9a602e713e3d201f5923c628184fc9ff43c9e76edfb2ff412bbf4183e37f73d3a5f489e79fc2ea5c1ce7053d1aa8321c2207db7cef41642d02f20fd5eebbe2001cfa
1787432030.405788 sweep:Generic OOK 4.8k RSSI spike: -37.0
  -> 255 cf9f2389f1c13df0e7482108f2e3a747f09c44017e4d9e8b3f77487d859fa76f80d75b5c2531e6445e91b39308fc828415f6a97bf859d05d041827894cfedbf1bce600f8e11e747cfe0486499a3d2e48bb6b33d4c5ebce387febd603186c83ebc79b4436225c7238b7a901c3d4f66bdc2821e9266e5266e496371f084e7b7e633fe91f6f3a818e3b85da7f670cd8c23c18ffef45820c08fad05f4ec4e5bb9320440f443c203a23f6c7dde0099f918fac06f8459a4cef7e48abc7d667e25ffbc092621f0a05dbfaf6046166d61fee60c2c34d01cc02b3800248c5f1f35cfae04481c37da5f48ce72369deb79a5103efc5807f7b0a9cf19cc0fb12726c97858d
1787432030.4060538 sweep:Generic OOK 4.8k RSSI spike: -37.0
  -> 255 3f3d4740b09cc24effb01729af3f400878e0b0c1a73e3229f3f81219e7b371c03fefb78f761f109a1384c9217009833650abce90c730cc98e6eb05940bf357217ee0c1708f9ac1c0dbdfe9dcb1dd91edda999a7e3799403e68ee52ef2ef960e3f7273475160cbf804b42cc3ee103f3efc4fc8525a7333838f3dd81fc7aa4ee18d852d6c0783b94d69afc034327ca530bfe75455b252e3bfef8bca22fc388f7436fe185fa9fbf21cb72294b837b63e55853ec986e287277e6b8ed4357000d34f3e77bae020e1a7ede6843701aa8411e3011c8f22595b7f71f7e9cd12fc300f5b8ec2bcc8379447fff60af406e65cbf23dc3071fcc917fd840c7f02e092fe6b9
1787432030.406276 sweep:Generic OOK 4.8k RSSI spike: -37.0
  -> 255 8b720ba0c87fad3039e7ed87608b527b82a100dde17e2fe644c16fc02c8b3ca928761f418777d1d5ca89fe3fa28227611c79c0cd0183a3167f67843d05f9663f0b57afe6101987896b593e2581e20310b3209fc8e7f6a38ff81b298001c2fc785a1011bd5ce65d2c47ad138e3c9576fbfc24d67337db4cfc99f79201d392efc657e2a19a3e7f7ec945f0a3d1e3ce4de21fc50467867b1131ef7ccf38bf44ecffd47f0e31887dde735bfbce7bc8088d4c57d4fd0bca83cea1b9111d510870b29881285edfec654003588892b8e63fcd0117dbc461c9a7e31ffd05e688a19fa2fda064afe761e1067bb5091d140809825e40145cbbfd87bbdd91c72188446d6b
1787432030.406482 sweep:Generic OOK 4.8k RSSI spike: -37.5
  -> 255 2d9118fa95e900572bf9317f85a04f27f8bfb96196099b61fe236918f9079e6290e095f33a7ea8bba3e34de6560ab4129b62ee1966beef4e49f2d62fd8bd1e4efde4a40ca2067083ff9f803a45d2fe7644761f8c4f09a3f86ec8b28a2c71048097c06a7c3183283a6dea8da788160d9dc075c9d4a84220af226731a610eafd47be04c6c900025f84740c6d7b85c83c539dddbf5b13bf3535904121937dd07bf360da2089891bffc5f62e8889fe3fd5ab800735541acfb8cadc2de6780860f06604936e60f7b3fc08cd64658843dde7fa4b7e7d3e8fab08519394d623e8dbff3dc6a7a0dafb96e5bbe7bb09b144787f5c7142f2e21e90fcf4ee3dd21da34209
1787432030.406694 sweep:Generic OOK 4.8k RSSI spike: -37.5
  -> 255 d71aa2b0326da73dc475866906e5c6837c91ec27f41442c241f96c357c1baff8c23bf0a08c823f6b1cdf91f15671f4ff0c0c4c7132517794344d998e5757f167bf077174f7d6dc5800edefcd7ef601e33d97211f1b39df67d2c6985f313041ea488e670fe5370d4870d8f59058bffb6b0ae7c0d15f6573f3e057ff873c7f8e897b3090e386c79e060acb41535bf0699e85d0dc650c9150f3c0e0da4fe8f677aed97f0f035066810317787a1299bc297ef3e11f39fa111607b3224d20a11d7030c0f9910bc520e983383f5a540652505066e886458ac8183cca501ea49f5adf9c77081c1dbbc98312f063b43220289cdead8193530294228233e741111a0572
1787432030.406922 sweep:Generic OOK 4.8k RSSI spike: -37.5
  -> 255 1e364cc5ef1b84a187a6fa213bbe1df61b099f8f0e784cc4fe595821a68d60683ef57807c44168d30fdede81f1b79d7634e449880f59bd50f6eec7d0acca397ffe3c6be5b2ba784903c8d3000e3d19627cd3f527f304404d6d313c3b7d6b6db1e62afc221edc5e5246764ea721e24fbc004080d97bee30ea80b0e277906aeef718bca410b07d001d05be10374888f0d098794b9c2e000a133ee01701884f23d9b7237de0c02c945129961c9aed18242dc3bb15d19436fe69d11cbb3c897ac23d9835c2d30327d5b095fa5be00447214995826327171c0336e6e7e035ea817097b2634f4ed9ce3ae3e3351cc58584782be067680b73bf0b4a26f347bac119f3
1787432030.407171 sweep:Generic OOK 4.8k RSSI spike: -37.5
  -> 255 85c0dce372c490b01a43ec4fae9223768726914b0a90e5fbf98ff3391de3a8efa958fd0497995cccc0b00817c34dbb0f65e86388695f13e4b3ce1df169f8a1eb46fdca094721ae1445849fbc8e3fcee621fff1524fe9c8349169ee6607b39fe5606734247aeb115f2eac6f9572104380f39bfcf98358b90f9c0935c23631905b5c2e7dc0ee30f2b846c7313786ec6f0933703bfe5d75c1e42323d7fcaab427d3f8783b0d605ba6b88f3f75e23ca621e8716807fadaa4ee74c6cfb2fbdecb0443a9bb41ed9b218e0ac70647a3507a8d8c797f6594ffd3dd0bfccdaccafc88defe3d158c164ff019e070d51b1eed6119cf8c5cb0dd9feda1e984d06c481c8bb7
1787432030.407383 sweep:Generic OOK 4.8k RSSI spike: -38.0
  -> 255 3dbe3885b1c4892c08c70ecd3e38e79a11c3fa0bdbbf4bdeb3c24b1c1ea842ed999f8e31a76862613c84f28f156a34ea2e1f629ee07e2ff0844607589f6bd64e0f4c856f294940ec5f3cf6023b0811c4324071dc068870ac2c9040c0b49e3e7c7969d9fcdf8a6f106cc477ad4473e15cef991a5138c3ecd3c382238e6c31c52d900d99e90346a06761f04bed9efe1085f6c02bee0bf042b8ac5c88393f1afbf8c47e1f6e3d9e23319aace827db0c6c343900209be9a7f96cb8c88ef09d2c8b17e4713d023f7f63ee8fff592dbd5ff9d5021c450b4e0562a006cd879ff3fb810a28486c580aa371e5621545e36900119f9e73812346e2f7a5a8153d23dc1feb
1787432030.40759 sweep:Generic OOK 4.8k RSSI spike: -38.0
  -> 255 8e7d8ba9a3f6bdbf0d95a56b67ae186232861c1983d2cf009bace4411feb2172811c0fcffb711e7f5beee410ae459ba8f0f7c14a1ee60000f54812d5eb97e7c5757f1aa33024378b54fe78519b41fcddb2e4ce59c4cc080f8324890bec184b003ff0461276b0493ed9eaf4cc11db40c37078338b55a37fb7197bcf67941ff3e77048933719f47e77dd33cfa1a4ff2072115323d8d72d2e5edb642f78fc83331043043ca50fc65c12669e25c77c7128081f6fd07aad8e1f0fbd82f6402319447f3bb81192c700c8ee4bbdbb5852e7066f744bf83e5c1e700209c9ba0a17a690bb72c4737e205ff21b8208cba2ff92e7f9f6eee193c1c1a813eccf2438f1df3d
1787432030.4078 sweep:Generic OOK 4.8k RSSI spike: -38.0
  -> 255 27a82e189ff9ff5b160247acfc8384e7d32560884c24077237e9af1267fc96e461ede81f903fbed0c3fbe9af70f81e21bb1618dde67580b8c2bf80e51f03dffd030e296c398e070870367289691c7c898dec1ff24462c1f6c4029a33e21f6bc8125647108a1c17e077986bb812d0b202b004048a7a583e5a20489104ee603907a3fa246cfe32b5e4609025e1b9d5085574ce69be61b4d05e97f75c1ec1d33b482f27a665b4907051e7ffd32b2969e87c60af87bf17cbd60f479bfca051c0475b1f935f9c9a8b7062057b9f4065ee67db57946be54444c1cb7604040f77fd627456d7013ce7bd9bf105beec937d1f105a76592e84f9c10b75f4a8037e445de3
1787432030.408053 sweep:Generic OOK 4.8k RSSI spike: -38.0
  -> 255 fa99811517193d7199441263f3f323ca1379a317307878b40afb63233430000b375febb23bf63c667a12260cc6c275ab7dfe273a21ac7a67ec776e7f859a0f7b7453af78276efe5d34c0b6fca45b67667f684731a0a4364fc471a2820c98807b6692f2b38f0bb07c0fe577d8c0e068c737e9adff1511d708b92e5bad7fa14d112d3e1f9d952bff514b7b3d55b0183501f7dd94b36e606f3bce6f1577d3d1fd8d481e5f236efbb5a31097eb734d13f4c67de5950bc25bbb2f5c041f44a5d99f4582b8b8da9e41d02a5a5b38b30e475c863564c3d326ef0ef0ec7d987a7a0f18e01e3f103a0ed2c151e4f45df0f471857b9a0e865f2f8471eee6aa261d068b88
1787432030.40826 sweep:Generic OOK 4.8k RSSI spike: -38.5
  -> 255 01f7c3c9f4074efd3983f33802210a2227f534be3823b6c9a0dc5e5835400c0178f0c11f81cbf1f9caf540c45a4d4d163e4767048e4b590d6bb0d451bf18159177ff3be65e3f0ed8f171ba3cb11ca75e618859eb7826e172021ee1db1bbf82d3f2ced400268b14717fd40c940bcf860dfcc7dc88af8731b8c166a62b3afa393ae9708f0e3fdb1c7dfc048dee6f3ba3f1f1b7c01e1823fd71fe9fa928f160c07a929186808140a6267137de3e6f5fa14f82af880181331ebbcf3de49856775fe58170c8c1c2fc7f23fd580c87e021fbcd18b322ef7d918e7e6c34bd19667642cf03b9ee1d0d9b0faa4f280d062b19397b8a395e28a02806011b8fe7279fe365
1787432030.4084742 sweep:Generic OOK 4.8k RSSI spike: -38.5
  -> 255 26c33b53cbe4ed64d1e73af85b694429da6ffef0ea80f90d865ac1b6ae0e23f778f3dc3cb76e7c0d0f4dc23463ac18c204b42080f7c8cc6feba3ebe900cd43f881dbce4796fdf59d0e034dd01c1fed61e7e8c2cea9fe76a35713bbf984e7b9c05cef84cff1a7c6809e2dde7394c5c53a7fcc18806e54a9f858d3bbe8f78695fe72071824bcb8285db02f38d9ce8c94b052d23c515e18f02b9f8387f4c8f398cc2194db8383d3c64ee9a8b32acbea9ff1b2702b38fbe8f468467fc8720ce717171678f12b902e7113ff7c1f090a3a1aa7271304f2f504a6046d4aed16721de3b79c917d060ad58063cb317039f68ffb7fdf3325f1aa174a4089bb21e506aa72
1787432030.4086888 sweep:Generic OOK 4.8k RSSI spike: -38.5
  -> 255 ba6255d08b1ef752d2e209c55d905a63e3c0673b2037c9b50563a333a9f417007c42aa180e874599240047fe318480647c85a2a84af8b48b843102eddf6a41dcc0ed9ee00de800d7b02a3e07f89e8fd2e1d48870f96e842ca0f8011fdd25b3683aa961875f47cd65b0de18e798289928f9c0f13d27f9fb11fe9cc300b7cc0adac3e68bfab5b47ad15cfb8e3bc97c17c66cc0abbe7fdf3adbf01e286cc9e8a3c4fa6370dde3216d16bbc0f35ddddbf087dff9afcb12d19375dbe1bcf9b7063fe33c19828f02e0a752597ba3ba984a04766e002ee7e7c776d30fdcbb113129360ba08595cc7dc6013eeadfd6609f0c1874a322c60366b358c3c1a3dcfd01dff7
1787432030.408899 sweep:Generic OOK 4.8k RSSI spike: -38.5
  -> 255 64f7dd02a42bfd3d05dc341e21124964fad88f5f9db89b9a3f8139dfb4b021fd51402be6befbf01158c1c1e989faf03ca0ffbbc33f9928e4fcb11671dfee18b46f9d780468d78d41312117eb3ebb17afbd9811d8f83046bf605305e01bd005ec73386ace7bb492720fec8fefc970511087c48805dac918fa9a313c15f05978c8b713f7698240b3e2e766f8299681f5ca131b623474b8df47d4ba070367abe607542587c1b0dad8838df7c16da2e3e094ef209349d63671143c6a1108e3ee788d63ca0000607f257407800299167f85f2f10e4624bcc00d48683b8e9dc700c4d3ff263cc21523bdf7bc6f26238e36033f0a179a33f3c7b79eedb69c02347ac0
1787432030.4091609 sweep:Generic OOK 4.8k RSSI spike: -39.0
  -> 255 65f71a03a9325fe427610425bd1e1cc874d83c319cb344b02689bbaa90cf0f7487cd32e5be1c1f04c2f29a0b8953fd1f6d5d20657761dc43f09fe3c032072bc4441de7321b17f3d714f02eebf346f08e50c1f8870fc8b78c3e90021710f9005cb4afb950fd0996873a94640d8f47f30ad7e312693233c05b03cc3546948a947fe612c66823da49e04ce715f85bf6dff430c3bd11e0d2aaeb8abcbf808807f13a790cac6e3365db7fc56b796f1c3339cff1db8ed1807f59ea42ce5c836fe7be03726e391b2f9c71d61f800978809a79091fef630bd19b0c30e713997ef29cf365ff06701be72e9b170cff1cf99e4a5ddd7a29fe0fbc0661e6e03138123867a7
1787432030.409375 sweep:Generic OOK 4.8k RSSI spike: -39.0
  -> 255 ef2f3ddf1991a2d14035226b60734b34d7b9c0381224feef6ef320bc78fe77fe80467c29ff417fc9364fe38dafe88fafffce393bacb8af7a71974bec0ef4609fd736f6fcf4310b7f6adf72f5b382a47f7ed8ccff5fe663ba7cc1c37d6dafff8a872533d9d52c27783e2907baa4239d1dcf674cd67ca80202e11975f8c7be57457a9f7a28ef39a41a8f6e62be8b86762360e03f0a79e714a0e51dcc85d0b2ced23cdc30fce9c009128fe0cccde03845e3c09cee380f8a8fc0db4534b06b8e2fa400f48f7e063a7244cabeeed81e3e36bae026ef762f709a03e09cd0ed60a9400e29e3de4196ca0748c766e07663ed21a25226f81a4fc57c3963011fe07aef26
1787432030.4095948 sweep:Generic OOK 4.8k RSSI spike: -39.0
  -> 255 e8ec357bcbfdf166098f93c29ef0e4b865f01df135d0463f56f5c0640cda1b810350392a38f5086c5ab7eb743a530669f00fe3b1ec0fd99ab59cf2cd3b0d3ec8a0a3ec20d051c51db9f9019473ca5173cf77d87e8a44ff063c66f22fc98e2e5f77222ea1c3c645e109ce3cbd398712a246321bcacd42383af37dd6f78e0c3f8d07e4328e0ef719d49dea3c4169020977e7dafdfc1a40e32f8617d459b7890fbfff6fef38a0c3516573884366b96c008376100cae7cdcfe93ff93384e388c1f07b0f76ccd76cce4bbb7adc07134508a68917f7d209a7339079be051537ccada7622140c91f730bf45221bdac4d1e10bf7ecce1fa083c265f7fe484dd31fc0f9
1787432030.4097989 sweep:Generic OOK 4.8k RSSI spike: -39.0
  -> 255 dd80f96c24ddcf7865ebbf82ee0d0a9976fc001d80d0e76dc5c207323b98e3b5bff838d81c1699e18baea74f83744e36d89e86004077d1d7c0ce206f08433d0c201a1ff5f01fc34784837ddf633cf8b34037ada5c707a1f657863c3fce0b8043e0cff1003c7747a0df045f8fd3df8f88c36fa753500c7c07b2fa14868dc40bee8649a9e0c60c570383a486f152e46d154587968ee6e0c86fd009d824ceb2626be13330cd07bef9e7e08a3b703aa36a4ec2ebc337eb33af18e18222b1c0c12d58389093910e744a1ad2f0e5c87f5bea8fcbe7e7ed4c18e8b5ff096103730740be69bcd1e416fffd939c426e1b45922fbde4dd7621d93afe3203c7c3bb8c783d
1787432030.410051 sweep:Generic OOK 4.8k RSSI spike: -39.0
  -> 255 00b19042189d8ce195febbe9f9487eb8bf08bb3787202b33c6c134e03743e6ce8c99c29b73718cbe1100f848a0f6454770cfd840e0d8008715709efc28633069219fac82524085c405cde641fe36968ca6b4c8ff1e640941de5d80a716636466a93adfa8bfe01714e7935b1bd7c40c46e9dbdf58fdae213ef7baa78b2e51c4348f6e3cd73d9f502dbc7e1feaf001b5e607fffc0f8f0a47810fc3fed6388e6c7cc456d050ebe39d86933a1c9f0178d03cc881786f736e3303343e656776f7dec9dd10e495fe56f212a162241d7784d39db68f3b147ce981e390d0bf7168f21f1e3ac41f1f989601dd39e3c5f8fe19de38e5d21f144e732b6638fe322f7f56fa
1787432030.4102569 sweep:Generic OOK 4.8k RSSI spike: -39.5
  -> 255 d8131583aed7e305f696c5d3e3b419e78674a44039c1018f0a849195de70d860e973f2a3bd0ed8f0bed9e169be2bc2a1a2019638ddd6924c8f282fcc7cf19d688353e9a63c21b38cb522e1549f1bea008b5f365e8445eebe698dc81cde3e8fbd0721d09b6ed93cd3f07e12149c5001d60c6f009c1e00874d0647d58747fab981b4d24d3c9ce916eb57bf7cc92a0380dda59c8412be070c0b968f0c5af65272580d83c399647e32f0a58476e08d967c775e5b90383991dfcd69c7b5c37ccf967baf726630bc07d39cdfbd2327e531f88dc85398cc48ffc0c6606c28d78821b9f123d9a8f3c0f69c5f7c078f35e185a0665f004e5de41af25cfc02724c17797c
1787432030.410464 sweep:Generic OOK 4.8k RSSI spike: -39.5
  -> 255 f381d20cf5cf95c1f64a1874fd3f5f3dc1f8f972526beb15fc3b869e768f68017aee008442593b23b19196d198ab1be04023000a38300bcfe0cf18e18e3050806323622177cc9c675b644ad1b1c469872344bf30c99e8e6afc998206cb984f5a7bc358bebc9ccf0380209a5cae112de985619a6af96c93c8c68833ffbd7a94b2c37162b1d83c72bf5a1d8fa210d8f84c6e9f10b5731fe3cb147ff09d29fc8d8228e1e96470c2200a5c33178a872814729a45afb80064b98754b8bb0a13e307a7910bbf038281ce848b0a03bbf7c013222831bcce773615ffcd4e123604a0727204f00152c38c901b3b604d5377e30fc1ed1a3a38edf2ed3d02d8a8251e3326
1787432030.4106822 sweep:Generic OOK 4.8k RSSI spike: -39.5
  -> 255 5623001e8bbc19dff2d48b40a2d85a7128727fff72388f401939806f8107968848e7fa0077347005f02fa66e807afd3efd4744486ffa0981757e1818324bff6cf663fc0cbd7c2cc6504dd6e03f3484f5d443307fea18487cd87f2370bef7fc28944f8f1ca82285060bcf1fe5d286821c046c8318314ec446d496e68e67c318918474070b8f3009dfe311ff15b8938240be9fb02826e9b682c29f03e0ffa6f6110a0e6044696001bb517eadfbc4bc638b80dae46013ec83b4cf12bda690209ec38715d0e786d3fd7446fe50e2fd46802712fa3610a2dca7ceffc9316b3aab097e10c1c7f688dcd8ca7f67095e00cfbc089f22c03cfd1b038f07ae23ef05723e
1787432030.410903 sweep:Generic OOK 4.8k RSSI spike: -39.5
  -> 255 b57c57103cbeefa3a7c2b02787d4fee7bf6803c38264bfe3c48641e48e10bffafec13f2c6eb5e77fc185f5234387f2b2f8927a234ec9c192fce79bdb930630cbcec7744c8eeefb9859a2b9cf391ffdc9c467fb268e4322ddf90b38123cea0f0aea81fbcfea1c41ecdf3e7781b527ead182474190c03daf06e7fac02f171f19bf5df8b3a70c84c3883048f610f8e2c7bc7fd2ef56243b5d5e601a8fe8f331b85b3100715c8330050f22bf7e00a4bb04f0e2e0520f56156b0767efa5e128fd7684a5c7a05c3bfdb03edeb870918613f52967593471ed8c3608da4bc074850f59f195ecc45d4280c2d9077c887fd6143b01e75bb9ef8903a97c4890e438c4bee1
1787432030.4111621 sweep:Generic OOK 4.8k RSSI spike: -40.0
  -> 255 180c6932a1ce4e6d31ec82d9d725c9fd0bc3b8984aeec6c46068259bf59dc665e9607c911cfce29f09faf061cf3006e018e3b2dff007033cccda083399bc1f06b687463bfe0380d0b3c63beab40193d0c06e3632b67b80094036fe6fcb967f7426f90405b403302803e1e6be4402f1deae79b90c6f2fa8c825dae0ffadff730983ace5ffa15a9c78f97910f18f0f4c349981b01190c6760881ce0886900b25fc11396f5acbebc381e91bb8c598fdffe1dd0bb29a7b05e6890bb126b03bef79c620a30a6d11282749fa66346f9c8e3a0c87a4faca422861e11cf01ef2bf7c9a814f16dcfe2f1af0e3dfce150ac6b4efedf1d3241fe6d0435b030c9eb7b8917f
1787432030.411381 sweep:Generic OOK 4.8k RSSI spike: -40.0
  -> 255 26b560e860b6f3c0ec171c82fb11b84c4a00738a0bff9595f08f3f643a1b429f5908dbf3cf47d33cd65f0f708e789b2704d81f5e763fe019803171f9b7e787b2d4f2f53d0d8dbf5f4937a674f49835608699f3a5f43fa796ff45bcb1b24cacea5025edc3370b53fe61d37d8fa82bf76053bafb074430581c6c709a00f01c214efc9861c7e7134603b2747e681e1cff7c06e3161b979c99a85c7c7f2acbfbd813b07df217fcdfcf1626f968b39e1860d3d073fe7a22c5f606b1cdf708294f05b63cf37388c9f1909f0fe16a4f41e8e5547fddc2857b79c3e34c413cc1ce5214384c4d1e2cdbac40071aa7040ab02430de9c6d743fe1d2704a1c58217d7e65ee
1787432030.4115908 sweep:Generic OOK 4.8k RSSI spike: -40.0
  -> 255 09c1dd4c3b9aa71a78338f25421f839c67be872660981f36f9bcff8fbca8f7f699dddf96bbf8090c4b7fefb4c18a6ad0bdb7e1efce1e5fde742b307bfdf57becce7bf6c02042838bb3bfc59b591c28e947aaab607e391b90eb4ff38b3ec4f3c184ad3ecede81afe3edd8999e71fcce5217ea43e189cb3149ae2b43259c9e3f405ed637cbc43bb81fb9b40a4d00ebe1aaf443001333c7af1cdf354bb432795def193b723f81ac9f07b65a96effbbd0e65c62f3c16fe3b31c8b956c613bceefffc371c36be65ff8e66f676e9e68b404042341cefeef4e220dff099d37b3e4254143c95ec0fb4c232c5be1f0d3fb2c1da904c6c03163bc7e71b309d61a16eb997
1787432030.411799 sweep:Generic OOK 4.8k RSSI spike: -40.0
  -> 255 71f4bed6b7a66b99f26dac5d1ea008c40064b7b29989897e317f789ddc5dc64d24d29c0d00b387027d88fbf86ff8a4ed0f894a2c7331065f12577a27ab2bf9f60fb96ea0003382a4c0d171783c281610fd47985f97077403942989323c8678f8f9243e072b14ec78c3db3facaefbcff9adee4f1a30c333ef3ae9cc36d868c206ef43001354e606307b31e79ef4d4733b3508e861ea9e4723ed9185dde0ff080723e8f6108808a24c6e6b64823e2e2d5094cbe4ff67f4592a1c9352187136459e6df08ec9065a342a91342752aec85792cdc8fafdf00acc6ef26575ccdf9e0afc6f8ce100ec86c594c842481a6f2129f3ebce97bebc9d81bd178f4c3f0317c4
1787432030.412055 sweep:Generic OOK 4.8k RSSI spike: -40.5
  -> 255 be0b7dfb73c08fe004749af44a37342ee1c998356d75dd8e6465a5e91b110a30a6ea040877f5ff1bfb28eecde4caeae0fcdfdc03a1f9875add589ba63b7547d69e9cf581bf9b6fe1f54677a29c0062fccaf1f1e97c387adf99461b040514973a43e71be9828e11f0dc802ff0d2f20837f3d74343d177b2355240d20ef4b70047ac4bbfaba018280ff2afea1ba1eeefe3e151cb8a4f08c07efbdc80dc06fbd32b08c05f70cb01445ffa3cedaf6121c43fcafc2ecf98c7d3c878fe552d65211bf1e171ced991ece67f604524f1aac5223079442b10979787fe75ef7b3006a1729d9427cb072f203f7ac62467b7f8580ddfd25f083a08514cec88d930882e5219
1787432030.412302 sweep:Generic OOK 4.8k RSSI spike: -40.5
  -> 255 66afbbf3c0103665c71c01a90589a7b3a66e6b988b1f1f0ea01e790ec7c8e7e437fc41f6c2abf15a102ae0e06190513c664715ec7f05ae401ac387f9931185e9c2936ee9d6f8598140ed9675341d9f6c21100b25ed02de563639bfe7fde685bc6eddcd81b01b8203f00580e809f1169ffdc2f976f118008e800bd179f829e74970e6e3c001cc7cf90aa7d750f8232215463e7df09e482784adafa04c9c6dafb9f3e403a13e8e44e13d7ce4cb1081e838a5a554b90bfe76f0cc34758f00b6261e7fcecd8190599269849f75b93dabcc65c754f31e8a00f8674c17b3fbe905f6bb8380dc11264629c00e4e2f3b7ac1d8c780c2e92bf03abbc9b176f6d873ff98
1787432030.412509 sweep:Generic OOK 4.8k RSSI spike: -40.5
  -> 255 f5c769fc2e2f1f3f7d881a4430a7efb90506facff0eeac797fd6ead7c108cfd0f27084dff707df356461f3813a001ff1e3354436f331bc473a8832584c5fe49d2c9c03630fe3b08e76ef9ad2205f38afe5ec2321c8036f81bcff98df56f7c739ed8bc1c095c03e1a18e0688dfbe0652a6a7620e5b9dca878364459c182054fdd684add7c67977c5003c3f97c1dcdfd757b1fa8e87dd0780156856dc371e48ec86f53f1ea1797b586934a16b104f30f6485e7943be0e2fec72f8135544fc8f747281598633e47e23de3e70136f7c38c543a78514c2dce3e98642f9815c63ad151040cd504258d48855f0003de6cd60fa4e180f956001ac73001ad094c671a9b
1787432030.4127219 sweep:Generic OOK 4.8k RSSI spike: -40.5
  -> 255 b65874810b3f0b60062619cee5a7d9d8f7119cd16a6113d0c2ff42e06d63b79465a5364a34025b4461a5fc40140759a63c44994263fd01be044e2be2f30866f0567ac6362380780474a01476ca562d809aa2f87b6e875f0f82bc540af7f8fe12ff2127d03dbc8dc1f3f067e6780777e2b1c17a0920fefec5896deffdfe32eb589fb9cf3cd5a4e4bc78ffd4d5e3c3380096f8b66afc5f43120f23dbf9aff1e7034b04560ca33dc964fbb24d03c5c201e8b8dccffdcbce5fd18c06be216f7f6b2262a8dae1f21ce462060378f2f93d1d3010fdbae031932fe08d1cfcb04f7fff76f840e1246836756e1ecdc0dfe0fd38f92e02efecc14ca3de09812e048b826c
1787432030.412935 sweep:Generic OOK 4.8k RSSI spike: -41.0
  -> 255 4265ee1e07943c9736287e1936f1468fe540714d88fffeb2e706e022e7e0903a8c3537775fde2c3e4e9f060680731d1f3e3f23fba8008ebbec3da1000477012e57256632c58677d873c3bed733c7a87c49831abf4428a7bd02fe30e2d250698f7c0ee7ff79b7653008b9df5326a0fc1e4b1b02e8b432c05a6efafc5d7edbe03305787bb12ec97a13f5403c71f79218c98588e3c68957fc886d143d450f51099b4fde70bc32173128c1781cdbffd0ef8af7bb543c1f7efdfb06a4032e0348b87c5be1b25b02395cfc3c7c8524bdea237ec36484b77be21cfc1d4d8901981cc04e7754cfd47c11f17e3178bfe6d3818590869cbd3a4024203f3a254fdb918301
1787432030.413163 sweep:Generic OOK 4.8k RSSI spike: -41.0
  -> 255 26023d331e78d2be8a07efc330f0f80833485b7dd0f64b96d2dbfc695f2f50e01aeca3478c9d3dfaa180b88f3cd86de441e19368fccac4582a5af07c7aa02d4c8447033987325d356e7975247981008a5a2f3835ced44a77f2600e94ef86705ea42723a27482eff85ec725ac8adb418978419c8ea1ff8403f46519e311736624b3e1ae302007e78d3a8f3d63580b677cd63f573afe1bf6f7c53e59f60fe410ee011699f937ff1fcd61ef425e8bb6123fe60a488788b193880641d84d048fdfb2ec1c7793abff8d016391731365eb8f9d846770a62933dc874df07ce385fce67ec33f256241df30081a48081ec6ddc2247310ec19508f907c40826135af0381
1787432030.413422 sweep:Generic OOK 4.8k RSSI spike: -41.0
  -> 255 37fc12487549950af860c3d2fb673de5476360ba56e78399c43832cd987dec3ffb93166a0f7f9070a41fe7372040942f7b5f281cbc34ce37ea9c0521af82354660f97a7ef5fc9820177c67777f6791acfd307cce1433c0d27f831bc058fabe660002e6fa3fe261d1c8ac4bf8b9400a013df630bd1186b0cef111c57606598f7380a0c0cfa31abb2109b373431a12538a0506ae18ee9c1fd3ae2bb330d9e1ceee1ac45f3f271cf8f0037a09670feb1bff2d3982211604944e31bfb249fcc91e9cdc5fcb1a35e53e748cffb9f371c6fe3a5a7a57e72a1609ea771f0de7bcea2a200893be84dae3210ae7d6ec403aaf72639569c73df68d7063085dc158419786
1787432030.413763 sweep:Generic OOK 4.8k RSSI spike: -41.0
  -> 255 8071e5fceec4979c60fc0a7313006390308022045a10080f3da3f011974dd640c5f32fb087a7c0ef9dfd9529108ed930ff8bb37299f0368ffca71bff3680c27eaceb65f92c4558d815b346e03a1c8033fb98ab8c856ee61f514649ef72306e5eaa519710b4f147068f38e077322a4dfe7755d48c7b9398710f07a3e5dc3999b4c8c799ecc49032463b4e6be53bfa3a93038d78c361e17dc6a65b0e00dfd8f0bc2ad842940421a38fcc1f0bc0e287ecf2c26ff8b4108363f1739c3ef33015dc502a4d62da9016884c55d01e6ed19717bbac335613f28cfc5d3e032338e539f4b6fdd2f0c0f2bdaa89e5c41f773b43441979f3feaa72f43d459840faf5cdef86
1787432030.41398 sweep:Generic OOK 4.8k RSSI spike: -41.5
  -> 255 b10e1d3ba820c5c6bc30e5f57040fa4198c640a2981f3fed08cda92397e8cc4543fc0887499cccd915c08443d4c3605c2f0806e5839043dc619063f8fef022db3abcbf834bc2bd7a156e47e349f23be8009b30efdfe4b07e425ee6827d376460518cf2da7c198369dd9f46dc79cb693e3cf3c0283c9217105bed6ffbef3d2fbb380382240dac302bb492232ad2c1fa3a5e9d8fbc6020673e3e0a0064b1df9bc0406079c024841e03cb7bf68230f2f059fb95d7df2c02783aa8387d522c8e7fbc8e4f8713ba2d0e16a031cba9a5ee309bd097c6398ea996701d4b602cc1f2dae647da9e20a8327b8570bcf51c4801ab3590c15aa587b055f627d3042bf763f7
1787432030.414204 sweep:Generic OOK 4.8k RSSI spike: -41.5
  -> 255 819e4013c366a4b544e1f0f0831581bde46af4a9b030fc77c1bd8031c3f79e74760f9bdf33d4d578735789c54c2c66b83bf2aad27ee7acee0782ec5097f7e39e8b6cef5b5ff445ff1658ec20d568019757e1320c15f9226d203808fd0547e900ffe686740460be4552439d59380b7a5a077cbd02c75e4cd082ce2b286ddc90780120f9bf183df93dcff7311061df3cce856aed317bbcfc23d2a7f2aa728bb7049aaeb07179bc5837c630be40c200f17a5c7cf077eb5e578587b64315fdce370c22f23dbf16e640b973b1b5d0857140199e10868cde6030ead6119f2f2840c7fff7163ecf8c6c241d69cc11f87a060bc69bb836723964bee799f2088f6fe84e
1787432030.4144561 sweep:Generic OOK 4.8k RSSI spike: -41.5
  -> 255 a9903b017a4ab1a239309f43830ef19cf4e20c28091173b0e40b59cc6c409470c3cf68c814ef8b933e4dec41bbc081734c44dedff6a7425021723afc3304406e036ddceb8110d03a904603825ef237f45710db7837374e3fa08973d1e208e0095eb57d1d93031062beea4f01fc6a25d66df91eb12117ec21871cb10c1fcb475a9dc3d24ebf1c8d0d8487ed05f84e021b065fc0e35f5081752d1023ef25b6673cdaf19ef238c40f9f3b8e4bf76a0df7bbab7f9fe05905aa6e0bcf6b0d4e1e000257d636cab23858977f7114a5708fcbff2f51c7ce0ef52ae96b679f3a3acc98ae27859f0209df915cee7c79ff811b65a31ef2cff00c0630dc6e0dde6085327f
1787432030.4146838 sweep:Generic OOK 4.8k RSSI spike: -42.0
  -> 255 80e6e2b70100146df76accf94c5ff0ffd78b9180c1cefd3b9fe1bbc7159233afac09f4df6a4fea5c4a306befd2bb2e745bfd1d95ea2e2c671f57a34e406879ea66681800d8c9ccddff6ec4cbeef4c6259a327c3f78f4a3381ce160c1401c3c17239774ed80f3fae674783c03c10f4c21963d612e777db839a9087eea1a8c594c3f218bd14f7fbf0de30720f4c749ff81bf1ff1a15b1881cd3ad05c43733807e8cc3b9a70e1118bceaa63cb05c832a62228ef0fc8cff8818eb44530697a3001a3d3380a89a6c1feff17a9efec38395a601d23bd45e2bbff3c85b660c72fcab17c0f0685f2570af931c7c2883847b0058e4a940b868e11da7bda644f68ff518c
1787432030.414915 sweep:Generic OOK 4.8k RSSI spike: -42.0
  -> 255 3f99c32c2f2dd6ae301ef0cd40bf47de8a67c11fde0622967ef0190b8577834f322e5c1cf3b6ea61f5038b64f0421612a0edb1fe6d883e9d08821d38dd3a4d7e5b85f8ae191bc741ba0c264c34ffb21ff7c01cf7a538e6e9f8e960315672eff00a8e7d886c11a66fd62cfc4bdfc9882d3f707f4fd67fe1c7c5cb64189b29399f539a6eb920cecc5de1e8081ee544f23ff1ce73c7db7743c33c6c3f771ec070f0bb1f9bd63128a4bc88fefc3a9352bf933f580ee60f64d4c578abdec5daae3c70cbf816ed4e27e36bc0c2feeffd076464f1b39147396788dd60c04778e22137e1ef189ce82cfe4f33490e5fcf7e1ab437e23fadc787f3f7683263a4fbee8146
1787432030.415148 sweep:Generic OOK 4.8k RSSI spike: -42.0
  -> 255 7a6768039c4f751895c796674db82739dff5347669289318dac1b1e3828293f3443b61010f7c1c4392ca5319e42ff4b003f071607ce307f7f1e72774ee86fac3b1c9a73738e329f31e314438f3fbecdf794bffd68f20f8f9c0f090718262fcc6804b6e2580e038ec0129e7b2721f85ce6d03d20e47741b0839989820c89d283920f24fb9a5701ddfe0d6fcc30397214dee18f7bb688fe1e1002818f73397191fc9339c8f3c59a7b8f660a9c04fc57d63bfa4bbbdc58c8844792ce7a4ee783e1f52dc07f198c3fdfa9e86afe4d4184f001e5ff559cd12f8d16a344fe3be046711c70c448ee12de007eee7b0e28dc0d3e2222d707ee3edb980ee1501c1f9d427
1787432030.415354 sweep:Generic OOK 4.8k RSSI spike: -42.0
  -> 255 44883fd6ed83f830567c5a04ffcdf02b58a84e3f037b47be896cb271b500009021553fe07e7c9cecf9398469c47ae455f671f5dfce439d39dc9df765e24cb1cd3df380c11760e01be0f92d00692a391c81c2090112ff8e088d996779138e1d3fc0647bc01cf2cc14bd9e767f8c1ef9b018a2fc43fb32f1b0e41a6fa0ecc1b2cc3de1c141a03c015f22f89f0ef5403a138f7b910bfd49af8e1239bdf289ad641df0b2f6f8428283b7541f165e35ee1723b090c861803de3839c8fd1b0830f0740ff176b8cdb30b4d6c6990183c127062e7f5b21350d0006362ca084d3f7a6a0811bc2eca5c2cb1e046c6f02c7f85fc607f59f940929f853ff9e0bbc1e6e8836
1787432030.415564 sweep:Generic OOK 4.8k RSSI spike: -42.0
  -> 255 e67028a83fcd7c31d7afc028d91c6e91e307be207df3018e7080085481480e88d5d3b1c71390f8cc3f7af3ebeacd3bcf608b61be3ecf5fc7a3f400ff8f79877c3e8c998f9e676a32409447f3f89406e788bc59b01b13dc9ac27d01c864b4c8b027da858ddde10ddbd68d31badafe03ce9e8807803c111a003f0cb3ea2bfc8568110d1a8d0b9fdc637d89ef893ad747dfd9a23344eec0050f020b8e68c393dc8cc27eabc114d6bad5308d836ff458d7df64ebec8664ad80c08efbce5c244e3113541019c77de8980a5bcf888888e6c030a04420fe5ee487a6d778184d79b2701dc129f704aba159799bf1180d1f9187f3cd3bdcbaf89f6ca8673f7d15c77027
1787432030.415786 sweep:Generic OOK 4.8k RSSI spike: -42.5
  -> 255 95ca341085012d03e1891e6c4ee0f7f2ca3b8a1a302581e79db27bdb1578275e76105a118533699f1ee6ffbf7219b83a100c636d682ba5b90a97fd0137c9e9d897cdf3661c154ffbcbddf8fdb82985e63800b4e72902a9fdc3dea0ce44423d1063a5fbc03fc7e6fabff5997a5f8041a38d63aff883f91bf0f56483331c356fa3060ddc7d2179d0e87d4c165f4a47865f861cfbe008666ee77b1e2fb19066f8e7879e9738dbc878a76ac3b841fc11001d01e2e42d1fef8ad86b73edc1b9ebdf9833c31c807329e6db2fe0a5866faed00c9b7043482efc3aad903d69f5413adf997913818fde642ef90740f3a8c071bfa1d4b7d8187432c7a12762c08335c5a5
1787432030.416054 sweep:Generic OOK 4.8k RSSI spike: -42.5
  -> 255 41ea48db37ac85c03dd5a8843d87b8a1de3fec824623184d0e0389b21af0d78b83373e1409c557fec270016043612fb8b1707ad837efcf727aac45a2efa6e804dd79fb31ed0f61c2443a7e97961038fc17cac6ad36de745610cccfec93b15cf1017c767ef0125fdc71f66c7bcba1f5ae33bfdb7fc0f1bedf836ffdeec0cacb0017bf036e8bb9c3f36680b98a5639cf08041b02f7aedd0eb6f4cd396bbebe412f6e5e7bdb5a65d7da198f9c897900a481111c56b332c5f8e7e27d7fa4fe7d886fd03bcfc0b17ff7bbe80545366782279f1699dce0742e01e277e786b77a7c2216a7fe03ff787ca132d72187fec8fb14d3d0a28e3400329a3d93efe70d801fe7
1787432030.416277 sweep:Generic OOK 4.8k RSSI spike: -42.5
  -> 255 476f35407d0f2f0e34c742fa88152185ccb6af813873fdc20f81c687479c2b211f7d0ffa70fc263e225e47ee2f4bb19dfbba2d4a24e0e8a0b175036d4b91ad018bee72c1e5bed539bd1a7e26caa85b1f5dcf0d741bc13391e2c08a7a0155e4b1d27f057e0bc4ffa69b61c1f38751778fe00079da348692038fa0e24e2e9cf599eb01e229e3fe52fbc5c3ed3e8309714d5cfc1b74ec061f7fe9a651ff0d90816c84428c6d3a03a7e8858d814a272de6459a131f89f3e593ef550e6cac7b5f7d02cd277481b4011e8b8f0431f3dc5ec7c5e198f881689916710ad8be019b2c787611550baba04740880f7fb1cab8420d4472e1aac2ec211800200c668bfeeef7
1787432030.4165041 sweep:Generic OOK 4.8k RSSI spike: -43.0
  -> 255 f34ee75f239e7cb180496cc3bf17e40759fc07980dcd22fe7fddd2b15846dd9e1decf70f2f082ecbce98ffcf89241b6ff6526601bc03139ab275666d533bf09c0072a342c805c3cce651021091d7301cb6e1e27b8ad0f943343d789e77fa7bbe3f63eb61307fcb29481d41f31b9e5e07abc1eac247fb4c8108e6992544ec636b5dff40f0713c0fe35a7ef68735d7c328a98dbcf870fd7b0f06d7344d4cede0c7dd9be7b804d3b33230ffe1bc3b39fef2f9fea4f338018bf3b0e671fc3870b70b1a218c8e3694cf3a3c49a7ff80738ce420d39d8b79955d0d1c20fd407af84f00921dfa6e06cf905a782a88e738e0c1f02ce7930abf19adc6e0192cc7806c1d
1787432030.416708 sweep:Generic OOK 4.8k RSSI spike: -43.0
  -> 255 9c70fc27b1c3661dff8c4bdb2d899443a6e788d98f90c3d380091ef930c066779c7c611a4f87728da9fb0019f5d27b112efbe092f9c078715839c064a05f0fe539ec3d0ce9c005f9410e3ded0308014c5239ac37f881fae24890e89e071280f9046a7097dc498c60b738d882cc4e11406a85b1e492510476962103b64137f64777e1d0312bda9fbde77de3f8c426bddc44e4cff138d90f414e7e59fe0713ace9056c30c038554135afa34aace11517a8313990cdf3504c5942c0ba08c7c0205144987e106250636f0dbd31b95b1e51c4bf4e2ffa14126192fe7b9b3cfdc680d5050f9f9fdfeeda00cf89a09a93671a46c40a888663edf572841cd880af17b0
1787432030.416926 sweep:Generic OOK 4.8k RSSI spike: -43.0
  -> 255 be11e95f51f7913a5a76226c1c3ddd8a7637bc0b6b33de16248d3ff05ce4008033ccfe2a3371f01a31f0841b7b3005017271b9d48dc401c0c789e04d303b8e0cff9020d63cb5cf47f1309317a70561424a9fd9f6da627f9c81eb825cd4c65a0b7670fb1e0e1a16c83ab7508765a8a848ce7c4b1fc1c477a0007b661b36ead8ce213bfc1f5a0c7f013727c3a3e2fafe301f21d4b80591f36c4379bf74fecb34c17d8e65563fc1775bbea43073098c84f927cf5e66212b72846c2345de7c82d107fef0661afdd039576fe7f2fe6f89b91026f380fc70b0427bc343f487dba1f9a481647bd5efd8326536c4cc2ef872f399d14c98e7c2eec0ac07000719200872
1787432030.4171689 sweep:Generic OOK 4.8k RSSI spike: -43.0
  -> 255 33c89bcf922adb3dc1bfc45f2fc1f20c2677edf78ffabe69825b86486cf43cdacc7f7c05c0ffbf7f27bfb7f0b5b4e88a8c20ce701de7fdce701f7300eb7107f990f95b486e884e2be875c30fdff5df0388ec3940770e8482b383dbdb80c01db0213ce49f81e7981b7ace4c1ef4d00e03e0b99af59cf01961ce0b0f2b062ea06fe36d821a08b7808083d9bd895c0e26074feff470081addbb56bafac73ac8e229f0583ddd74ba61c8a8cb117c8f97c47408e825833bb896101e520028649deb1cc2eaf60bf9d39a20337042fe2028f2a31c3edf8187f581525b6ef3de301bdd7f96e01406e990014044d674e3c91fb16b2ad37b3aea46f9a697e52df53f1b26
1787432030.417392 sweep:Generic OOK 4.8k RSSI spike: -43.0
  -> 255 1cdff49cd503f149d8627667d3ac10d41ef8dc6ffdf042648484b787599be36ee05c2313c5f96289b3bfccf6e1341ac0630c68c5ffc3a5f94030a42900e6d91bc788180d90008e665ab8700f34494ffd1b05d3009036db3a87b4867a4f61ccc71adf44ac5ed7963b3dc14009c87ad8ec13e5edd4aef38c861ceba4d5fc998f916d7cc0d503aadbe57f6f0e08decd38b3fe57c637b81606fc661913efef79a2664b1d4dc5704f907fd12118dc08237eb55a1cf73bfe8a726301c6fb9aff859ca00627e1cd8483767eac99c10e7b301d70ff1105a1e2bc95290117a23a7dbc59c64639218b01eb0d9ff003090329ccf36e73f701cf9ee3a3af9980c0c5f0823f
1787432030.4176052 sweep:Generic OOK 4.8k RSSI spike: -43.5
  -> 255 5ff441c79396aff9d1208c900ebd182a61d7b7a00c095c07768321b32b8dbc98607f4e435d45cae8590bbdc452775153c9ce9d9daed6e7fc510ac4f20c34f040cf4a980e94e270b1d5b346fce4881fb967dc158baebc61af79b202327a94b1fc6fc0b6a43f97857ae00fbe61d917e751975f0163b3160c5efb81025000e0b2edd498a4361b0ccb0fa01943a90eb8ce98f4e424439d0a1fc2ff7e024d331c8f24c2a26ce4ce3a18f4d9f03dfa80d5ee301226401d0da6411390bfc612e48f5c583ff6cae047ff5f6076f7fe4cfb9defdbe3701ec259fa9ebb94e6e1e695e9f79ee28e670ac1f2eade21d7f927b4153335901fe0c19461d2e0e0f4347e9e8fa3
1787432030.417809 sweep:Generic OOK 4.8k RSSI spike: -43.5
  -> 255 8cde1d3a2f9ece49d49ab11e9dc3c29c5726b9ef00af02963d10c7cc3cf8a778d76c5f667ed38679001e87a07f24de3700a4335928bd5b4f21c1f821f24535ee7fc9db7dde4cd5e3b23fe0250812dc63c29f31f5cabfff4b03c007e546180343aff0abdac48955f9ee7f97802ab51fbffdf933ee08c65f3c16641fbbb770ea5d3243f218c3fbcdda418a1609446387e1ab4fa2c45076f0c80d58260c0185332049ff8f10de008c709dfec844075d1aeb047f9b3de8ccd1912653cb2d1c982a07c737be68be524b64e38131f6e7b8e201ce1994b6110f6b7879f7879c4149d6e4e8faf0ff78445cccd8fef553fb6184b0dce82eb43ce77c3423beba2dce22dd
1787432030.4180539 sweep:Generic OOK 4.8k RSSI spike: -43.5
  -> 255 15e10f50fb8b8f739ebcf1f21aec9fcb9993ecc6e964a03e069e27d7effe37f7340cfd1b9a06e8d48c30efcef967d1d7b4c4044caf3f97f5f1ef718dcb8c51c519a0b24addffd72114fe76f5efbedcfa62804df0afa1106a06c2624c248740272385fb1c7e1a2479ed3b1d390878e7f230e0fc6d8d71ec83ffffe485806e007ebc6b900dd0d7275129ff0961e05a11b3fb6ddf6c84d0080fa377d7f19b2817c57d0440fd0cf387d87127503f03cdc119ff81cae204bedaf148cffd7e09c1ba3f734ff0f1e73347273a4ecc46de7a339fae7734f32fc5a01894c01d8be0c96135e01fe6dfb0148d71aaefc4cb9b64863016dd9b66e29032a40523410773fd89
1787432030.4182642 sweep:Generic OOK 4.8k RSSI spike: -43.5
  -> 255 d7d270b79215c31499852634d82270b6ee1111c38ff9e6c6dc33c74807ed1650862b676cc71d9716c26fc91495e7317843258ae365828b456c1cffb06869c67c38c5c091182cb7f7405e378fbff8400955e830c727d893ef0361b03fda0b7276c943a0935380e8a9c03c3136a531ee29b7049cf4941cde3f72054a3a2af32459c289fc893347a7bb63f84f1bc29127957f206099606377b02ea61afc4f58218375315bcbc3dfe78e7b112b77c2241d7667c926a43969c113f238110b2dde1c43f7dad64410784a3850fc4eed64dd6869ebf1e822c1487b3dec1d99dce078832502e0a60e1e9c2da718c71a7f2520b0dabb972fed7c00f9d6350f7171210358
1787432030.418692 sweep:Generic OOK 4.8k RSSI spike: -43.0
  -> 255 6e35ba4ce8c79b116d8570a4275e7a1c705d6d46039e1ec8e3c3c23d71c3807f101e07acf5c40d374d84edc627f8f3807001eb9e81c2853ff06e98864e0bed300731d7ad014fe6119216a66040f179e1eb73ca876d32c8b86ef7cecc05ca73910886ec2325f88903dd773c587c01e3f3c181ba9447fba17c768b04e9340dc85c3783665cc43a034b7be4871b0ff99dd0f23d11001c3741965a82d413bc584422e5f10e82a97dcdde1e5bf841c15b84dc28914b97368042fe4f48ba1c19aa0b015a46a31f7741edc5b8e19b4f9827eb19ffefcb5ca42f78506e714e5027dcf3ff98094884a32e2ff885cfe81bd307e9ba0f02811f0e0d04f845b440e0cbfbcf
1787432030.41891 sweep:Generic OOK 4.8k RSSI spike: -43.0
  -> 255 7195bbb8d881c7bf022adc14e88911cba7fe69c5b8c3a1c0ffd851da14eb32e0024c4fb7c4e1d8071cedc8e5ffb38f7b2adf933971700c174ac154ee2c9652cdb8f5f94a5d016a66f441e8e5fece50cf625f65cb315764392d3ae3eaf39330941a10618f36340fdc3cf04f34f033cc11bdc9ec6b99e4d3f0f9cbd3b5c523e7e0e831b3a1f9795bb2ff82d259cbf0ddd18be775b39f1f07ff23972006ee20a25af0cf7e4f2247b4036607401c45a341b0bb10740a47801b7c6b199945a12e3e5c7663e35d53dbf9d3de804148be23bcfd4ac7a05d4befdc01729ccee43137fef976eefdd87237173e0fc1171f88af376d00efa675eb1ecd90a776397f7cbcc6
1787432030.419165 sweep:Generic OOK 4.8k RSSI spike: -43.0
  -> 255 c4715743fdf97275fbb1963fc8514d127163fff0f056ee463133576cb89e3be8a4b81c351836e1a81815942b3aac3bbb51677f6432978a1801b75b69e609ebfb0608ef97ab7b10489b066027447742f8d976f8e8738ee457d758f4738b4e313c12436c9c1ffef5f4c0f6840d2a7fa2661f19c9e4f079107043badd097cfeca17c286e8f01a40b5f7dc298ff7f4be550084d85fe4023bafc0c43ff5ecfe8c8fcffb7f78e715e5a180120ff7c5933384dd3720fff50c7d18dcd46f418921d236961a8eaf6e26874c6f447e154c011ede8550bd103ff781ef1a47b901a8851a49d253e3e7360d8df645d3bf972e6ed171caccbde2de706287ef81a9871ffddc1d
1787432030.419382 sweep:Generic OOK 4.8k RSSI spike: -43.5
  -> 255 77f26bff56b5f4e40848c7b81d35cd8058f7ee26fdf1ce380d9d3f672c7af7f613b4010cee621325d89318cf14559df5984075f1ffef72cdeeb1ccbc4e1e0e8777e08ec33993378ffa113344b7d07e072f142971439c47828341c2000fb98076122dac81a1d1840efbff9782470b6acf60e9ecbfcc82382ed0f4bbb93828650f35c8df8e198f44efef3e24254e78f1680619a44d9b9bd21ffb1f49b530fd143d37639d06be0e90ef706ec23a5e5fff390a3579c9607e1fb2b141efab20448f2708e1b0f1817509eb97eebf7c658463fcf217bb77e2278ec215684878001c89709f5d55fa75e78519d69edec1b2a878fdafa5f0a07cc81fa3c369d59de23f83
1787432030.419598 sweep:Generic OOK 4.8k RSSI spike: -43.5
  -> 255 a170d777a700bdf0717743a606900cf3c6f806f218d88185e245e03c77f401cf05a6097f72d12e57866f8677d5a71e5e606861721e063647c195f3681d87ce782a46f40483cc2d2b5f8c2f6b0ffdf7f43416ebf5c2a16521c82e3dbd9ed237fd5c13cd6f26d00c62af0527eb63e5cc07b7841b76161a3c570ea331a03ef67b000f03f99c286f14f965e32171cb0dc773dc9fdf020099f9f8bb8e1259a807c2ce28a227c01106015fbc21a0b8b88fa3ca37a295a0a19606372b414f443ae593b486dd7319d449936e0f232f3af8eefe90f02727af224125ca5137fa05216ef573fb61658442a484ec676738f72e12f0225cf3edc7e647b3d8710127659d9171
1787432030.419826 sweep:Generic OOK 4.8k RSSI spike: -43.5
  -> 255 d9bff0d47e875a2f89be0234d359c8e4db9820fbfe02da7370c46103bc7284dd71276399f07f6f9e0f386f091ad09da8f8485e66bcf7bb8bc8883f82788e6ce3afc2401dffbc1313d9d683d5bb4948d8e404fe5960e50e2c42b50324c74671d3bd8c03ce147ecd42289ec1073f1206c3623c81fc9b4fefc333e857dcc43b40fca37d991af258fed3461f447fcf9d2c4215e34fd8de62cefed906f97fc463176bc5966c68f6c70e66d439900c1c411679cc202ecb39fccf3478038ef1b0724988b9c8b501847dbd5bb01d379fe64ff3d27142cab2e330d6f78ce9ff763105ca4399ff3fcb92ec423a7dad71e38f6c5e9b0ee9c47e84a7b2ca050135a78c9f7f
1787432030.420068 sweep:Generic OOK 4.8k RSSI spike: -43.5
  -> 255 23f2300e0dfa21305d76d811beef1721b3a9e6130f3b80cb40cea2cf56a0fc4336360715ce5e305fd39f4b65f5083d8177430619631adbedd7197d17061a52776cee7d86410b8ac9e57dc11614fa6825c4301a56df6e8fa33951e63cf28e74ce1ce4dbc385843bcb8a409e95e0e0c7f023d8f6627879301257fabc0458524faec51fa0dd83c1e2b41a44ed2a27415173f377e7d1343da3fa739e7ef602051287a030a0c2b9b9fe179afd16c47602a3cf0721becbcd7fd078fe72019b3af824fc07b939f98183804d5fffc047fdfaca264e7095386f2c0817807c7c700e99f68184bf9230c0e49391e6013605c625d8a885c89c805797f06ac623fbcbfdcbc7
1787432030.420301 sweep:Generic OOK 4.8k RSSI spike: -44.0
  -> 255 7cc89057643cf58513e5e0aadc1cafec8c729ef7df4588c768790adc7f929b060ed49f77ed22041f8bf065ac547bc62dffc2f819dbfe6b78cf1efb9ae76fc055e9bdc7c42e70f0fd0e11807d82ccaffe39d7c623603b8c93fbb724fba005d3093033f79927c5e90693a6223e75b8fcddb3f590c248322026a5f82f19708e13fe9ad2ede6e1958a5880ce258900f0761fcf1f7027c7c8dc1fc9061dea427605fd31300a04e3e6652335f82a66279801bd98011e531c2d0f6b1fdea9a4d9f08fbddbfa641584b11a8f1eca88f3c2f455d3fed4658fe363d63e65be194a3261b8ef7801d8f60fef3ca6f539342688f1db0fda9a5b10b3ea6dfe277f8ff0c07f6f
1787432030.420511 sweep:Generic OOK 4.8k RSSI spike: -44.0
  -> 255 0f2779db4cb09188e75753f6c802ce45812c0859f761ecfe569d70b376fa9d642a21ca1f496988cc794ddfdf05287e6e307b81d2f9c6d801fbbc19ee78bc74b344669f3fe7fcb348dd89d74f1a053432bc539210b32bfdac41c1fb1476706d8ecb278e862cfdd8d45df26c3c341503a4f06eb882486775c8f7ceef0e8da7fe32703bd9d35bc7c6d356f1656e09e81b9caac075e8fe4bce74197efbefe3bcf6a19c017cf13d86c3be0104b19b589dca10fea87c1b780b3fc77c4970ed8436266f8d3b9f6ee58e4255f9395fc4442bd0fefa047d4697603ec3f670bc10b09f62639fc6c0fdffb95400d89c8a551edc20743784f7b240b119b48ee61bd915ece2
1787432030.420724 sweep:Generic OOK 4.8k RSSI spike: -44.0
  -> 255 2336c42267f3e44687dff973ef0a80e4d95788f3a83c07bf72a380f1cca4b978fb91dd399074147601c0f6b36b247d6e008f5c601bb913cf9be719139f7c3c3fe2ffc4e308a000a2cfe7d31104fa4fe972c82b68287b2583b7f7f0d149d3a93231e79c810aa47df28b5cec30f7c6667d7fb0549dc9bd7b7812741c1e47d6073f37e7989e1c96134e0f407ddbe2334b76b32b5249acf343f084c34397b4d9f27c35104f5f9fdf620ef6356d1a9f07d0489fa3e301e9e4926386daf018905f977ee6d7e38b27fef38fcb8f8402724f1f1b7757dc64bceca24400ee328dac345900cac91970c52f0bbb6e01ded1e36ff9d2061e927f733da9e335e234246b0dd6
1787432030.420945 sweep:Generic OOK 4.8k RSSI spike: -44.0
  -> 255 00edc27c7f29d937e64c673ea4a34bd027b9d19a6e8c48419853c3148c66cbb930f0436a01791a0c7137b5a27ac0dd406f179775c0cc8029357d40bedee775f3c68df123cd9f23777c5c10ef97ba04e532e7c1a48d709d8019c3b031ed3bfa329bd8049ddf1da31244d89986d3a3bfaa1f699df77940300936f8260fffdb7f6d1cd151a69b18d463c79ffc36377e8ac92da4057ffe2d04e7b0301c4712fb49fb478131f92bc24cdc1fc85e079593db33787f3bbd6041dbc5c4c3f38ce00a1542f7dedc7d521c78f8869f0dd3f6901c7daf9ab8357e821d4376db25c70ee3db3fd868071707c51b64d13cf0d421f871e940bc93e3181608dab87a64679b3411
1787432030.421182 sweep:Generic OOK 4.8k RSSI spike: -44.0
  -> 255 c8440739a8b31f7e9fb09cd3bbd8b2cb0a057a7c2c60f1ccb401409883a5d861225cf6729f315c7671809c84b87f7685b1729ef86188d4e6e2080c5ad9a1763cbf24e59c8192ef463c474f3e20d2b6ba780fdc099ca0898c07ad17fea362faeb03e2f88f848eb8aaa0c5d3d8685d93cabd061020aeef082486224e594dfc7f7dcc10e3c005f3c66c574da661c92ef781e9fb5a5d436936293c667a67a63a69d229c120f08860e0959fd3c6fe12361dbe8dd824bdd773cd78bb7e343f005c5bce78f5aaffd1c48784ca055a6bc4fe8a03a618e1078c10509442379f42b3a1f5e427df05067e365df46621f0d611ef86e16807fe1008c08c3c6c1f6598077dac
1787432030.421416 sweep:Generic OOK 4.8k RSSI spike: -44.5
  -> 255 e893764c7b603430ada4ee10e14fe48613c173dbae927d018ec489284efd2953b83c55849195523bb2de0b0210740f7427dd3a343030bd386c27ad980c061011e3483bccae3bfb3a71d8618635c2ea27f9c1ba3479ae35e532ffc29a18cdf1f19acf34311279e5b509f1d50381dcff5c3e04a192fa1087ecef419eab7a11b122725e6120563f571615513da185d97808284c3406e140d97e27cf9bf806b486f7df8533239dc9e28bfedf2f98797a4dff5803896242089feee3f7c4900b39e82bf87de0184cbe6bf4f202bc21bf4abcececcd5f23d9057c1bf8a1d0f976dfb606edce81dff039ad4f0a70d61833375b8ea506f7d7ce8695dc6141482a2453d1
1787432030.421626 sweep:Generic OOK 4.8k RSSI spike: -42.0
  -> 255 dce63a9c9b20b8509f9b63508420b77b8e2fe3dfb9a8122cd12b13f7d5c0c76dc077b476733444be207c30b2ebdd0503f7d9dcb7ebfebe23b46c61f579e784e0efbdbcfc0e8144f76be0d280a899fbe0b850059e4ef229743809e17191cfe47100bf40e77c1f55cf50025932782972c3b8efedd7d278cee87b9ca7682c5f0e7abe921f56403c57b3f73630fe27900bf0fc13f0df572f49caf3c25d57109bf50798f674e3aa597d8c4110766339d1f7c6f727acc661dc2671daf85a33b0406ad0b7c07f238dffbeb894101c6080d2df4674380af47305fc6cde181d673d1144bc0d76a3c6c68c478f97cfe826368351067301b695a687bdff1327e3e3c0cabe
1787432030.421839 sweep:Generic OOK 4.8k RSSI spike: -42.0
  -> 255 fbc7190d4ce417cf8db3ae7b7e65bcb37d5ee879d70be4c23179531e0039391192ed5b307e3eff50b10e450abbe6cbee93c049dee195ca2ff0cc8377858d6290b9391f80003abe8a55b2188318c27f19f68118ff44955865c413ebf4ba6a67ef0e58d270e1390327b33ae0f8bdb77ca1f627083d4f3f0075c4d99df84541b7dd83d9a81ce1ddceb69dc048b3f10fd678df644537fa7161b84b3c390dfb75f4fca1c376dfe794bf7d14aea43e1f39cffb68e4090631e7b5a07c63d157b507ca3800ec54d5ffa0e21a17e8b9fa67b8ee040e3ba9b05d3f1aae0bf9fa0680191df28b3a784883e886df1b71aede42bbd79e2d22cb81d227f80140dc4e71b2613f
1787432030.422066 sweep:Generic OOK 4.8k RSSI spike: -42.5
  -> 255 b5197407c2308702c0b3982cf62e0326d87ebbf5f2add9fe98b9e018288c2d80ed28590440ceffed585f55cf03062c89395b16c703dae6707a53948e3bf7e7b213847b6c30bd8e8f20ae609b657d836ee7dc61cf9adc22d6c9f293cf086b9031f8e3f13cd599e4e973d40ee256e0e03dbc1b078725f07fafb62f3c2df716f6d06e18eb559c2a6ffe00d5131087f23142b0641e93d672b27bdce3c34dd61614cc6ed4efa46c6149baf570fcd358ffcd2e4c38f6eb08efa69f7ec42ff064100c3f7012e4998d632ffcf4107ef86630957700fbe33f3a512f03274a1ffeba800157be6e323b9136c80440d9b7e97721a65372d7a5286105bf3db3ddc9a7fa44de
1787432030.422273 sweep:Generic OOK 4.8k RSSI spike: -42.5
  -> 255 3266903d7db25b82f66c016c7c04c497d7fe987053c78ce909862647b1b8a7480906ffe7f874edbf94076b11808c91b0500e304faf4fa061dcfdd833c9a26fafa0a6be10425823e747a3f39a91839ffceb5a4803faf8232278c26f384c90d1daf038c00e91fdd87bfd2005c513d79d94fe787b0f873941caee6a79b992788b8b4aee3ca61e08df2772cac0e72659721044b8f47824ec2be872d92f38b751949aef2403271d62a8779198d72dcf8bea2788fcc2a780c9db47359b72661efb001f5dc53b443e2170dffae53f7e3db83ee6c3583cd8072e077bf7cc7ec6cf1eca777cc87604c0291219f46efa736c30d73f0ebb4316c4ce67779779214f878e03
1787432030.4224849 sweep:Generic OOK 4.8k RSSI spike: -42.5
  -> 255 e05e62608cfdff2a630844cd40cf27130b7c1ab22223cbe06fcb3db1f61f9c83ecf04b53166fc61f411eba7431b301bd588941882e00c262c69c4c544e724343c47b01ff0beb02bdd920ffc9f2f6fbe639885260f2b0dc613f390749cfba9d71cec9428bd07f065dea86e52cf0d56d9c64d68cfd80b8449d204c90b8fd4b8c5aaeda650a0ac181837c18ee101fc1f4d71ccf6248dcd7a27d17047f5026f6b8c4b0ddc6bc2539068df4087ce7111c2386a327c9b359c412d2df985f0efbaddf9e2e8cd5bd3ccdc243cfb39f07e5ff6b70625f57ad69797d7deafbd63afc0df7223703619fe94be640c717e46e3b8c0962658d26477f9a633533a42d83022f80
1787432030.4226959 sweep:Generic OOK 4.8k RSSI spike: -42.5
  -> 255 36ab83a17f8079c1af4412dfae0303210c6c0036364d8ec7d70180ed463002d68e6fb5e7ffe6e3d9238fd5f02f653f23f6f9247087c78830486f4831784e07e38823806e969bece021ce8be3daf0f7b88f7aff4cb8c3baab051d74bedad996b19fec25b07bf6513f8207c8c156df3804d7eb0468bbb80efe13ac1f0e6f362479802c0586eae287a1d612e47e5e83eb31f942d598f36de6f783cde03986c7b89e3e69de5b0e8617d3bfe05926f3715b79458873490598d38385d9a922ee9af81adadaac17508bc21b689c71e8faf765988732163e037181297f6d214cdf071766e83e157d2465107bfbf9886143ef80ee47b1ffbff81d4573e57c5400c7f067
1787432030.4229162 sweep:Generic OOK 4.8k RSSI spike: -42.5
  -> 255 4ca2a8ed0ca07012d2d11ef6c9e34d06a75450bcee2fdae7fcf39e33fb90dfe65a099c158000764bb7748171cfa293c2b0d81e3143f30679137f80fc7407103133b1c10a1861da2693b776adf3ac391d8ddc6f5a25f4e09f0285a0fe83716d854d718f11e7811b87bf5ec99ca7e54294262c803e77e83e193c633933faecda6b93fab3c4fe758201600c456b698e1e2db6cf8b87f8189611f038fb290cdd2f5c29004dabba4f13a1af4c28c3a7ef3cfa91543d75e1c11dd7f36f78b5f181213fd82aae1dd74064fc1d47b1a12164699dfc3fd5d1c073f88d67c2b910bed7df397c2810cdc1e2c8de67d168ec384b0408b0afd21bd97acf036968861e269f97
1787432030.423164 sweep:Generic OOK 4.8k RSSI spike: -42.5
  -> 255 92c1f61c6390981c01daaf07fd72f63e469c1f1ac120f8f31802b53f8cc9edd9ff3f5f9df531b6d3b303dece6e286c9d754368946ea696c170d8910271f181219e5137ae4b870c8b8111e1db90d0399ad29c1bac6a4a7217a9c55da36f099c9269c38b0efa1e1d5e1f6c8ed695d4a75fd7d090707755897f7d33cc2dd446b4cc9ed41b35d3fffa79de0c55d3fda547911dbfa407f80ee71f67b9841f0bde02c583a58f040e06024c6d0ff068e0c66f2dc6fb0c01703ac9d1c9761adfa339b484980188707e0f992611c657ce1163ef9462c79a5157393af82a30c1a380f81acb32d9bc2492dc092ec9ce6079e7c34ce8441ae980fbf1132fdb9ba075313799
1787432030.42338 sweep:Generic OOK 4.8k RSSI spike: -42.5
  -> 255 bd677e1d01f13cb07986047495048f5f1c0b8da9c3e2635285c0e47e8841d8c01699d2ac7e3352d8b3f57ffbdcc6a985013e319ff7ac3819259ecbfde193718141103c93a72029cfe9f8a04f373ce5aa9ae46fc19a5e98fed953c4103a9bb8efdd0b850c7981950eb65b4edeab83c5e80f67b5f3fc1385c9cdaff3fef8730146d4668041dec71efd02e7f8cddf8879171132626d003180f7311ec50e670b1e84b2fcc900fc040a2f349aaae487c30ae9e8ba2619ff8138492061ebae3c7b4680070fb050f1fd6f725e717df145e47e5835cf1721d7662c929c4e0eeefbf743e0115df5a447949ade0eea10b870aec3e27d0987a4a7c9d45c022c6b3a161cc2
1787432030.423594 sweep:Generic OOK 4.8k RSSI spike: -42.5
  -> 255 ad0e52e16d96cc7721a222cf6dd957b6969a35820117d9e7f6a1dcd867c10fcf056298bfb076713b7ca3392f3490e3f8be284166d27069cdfe9b29ccb13f8f8ea188583dd83c18876a09ec2daa778d781ff906c015b70b10c1c73fbe033091353313648968e3d6fcc1d84607d95c31c7d93cec9ddc3de544660285b9a4becec0473163e4ec2e3d3c46328f2fd04c4c4ac4794b1d73261b54f4367c33dad18ffde30b3ae4aaa864930008e11efbc182b2fdb88d07e8b07a7f08a16bf2b6bfe84de709b59b978036bf0667d92d43901f328d5804f14d4db3ec08286368797ffb62449db0225c81a872ff995981aeba00e2812c6fff72dec67bc17c738ca8f799
1787432030.42381 sweep:Generic OOK 4.8k RSSI spike: -43.0
  -> 255 1c07d778eb7ae1d1a68f7611c8d3018afa02eb7972537edb100c68724f3c73547040da966c8688868a62a650725c0f5ce1301f03219088bab26b9cfd1c5d4ef39ce81ed6691f9fa63ea18c6be1efebc3f3282dc7dcb2db779fafd1bf02240fdf2956a1d624d8d7c5d1ce81a0732036c9f78a13cba89c324bc31dc0098eafffbf3f38beea7bf83fdff5fc10a87d21fd63285f644306adcc0fbbff3cfa1ef9b3aff98ddff9351a745f14026ed089d7f0b7f858b7e02ffabdec33db5658f73e57a5ea3e78135facfb9c1e5047f803d5664eec50a70d27fb6a49fec0d9c3622202639807e19a105f2e1b377986d8ef7c19c047e1ee0c6ef9a676b83ea9bc6359e6
1787432030.424053 sweep:Generic OOK 4.8k RSSI spike: -42.5
  -> 255 5c3f626603bbd4790ee1748986f4a242ecf889bc6b861c0b81230384031a1206322841ecc760b4707a07fe7f5383e3f6c462ba74f8f9b7dfd623c23078dccdd1ec3ae415b9f8c7d8c293a3a49518e21fd3c0cd2a084e51edc06b2bf71bef06186dd9d8ff8daecb6c05049575da2713e06fc86163e53fe1e88ec73f46c42543e44e77b9e3cf25eaa303804a58abb17371184fe7af8d6ef0424368038b228bd5fdab1ba4988f33fa6e443d85172cf7043b366aaf8da92eeb2ddc5f271fb058e438f5f852a7c5df1f9dbf3392f343fb092eb359998b9c2a023bfe3f2363629598fe1bc3873973dea6c456d7d39a009c75f87b8d9c7930f9f1be08a526f3924b3c
1787432030.424255 sweep:Generic OOK 4.8k RSSI spike: -42.5
  -> 255 181c4666e20e9026ea99c4c9eda684ca82a53327513980007087c80cc9380dc3bffcef074dc844a2602f0236d8d7fdce1b4ea81ee85f9346e27c72278bd893bf51cd9e0f2e060c7e3f8b07be8ee79a3bd49dc30103f428e051df2c0028e804007837a3de23050fe43b001c27c5de7525c79f9bbc60368d0bc0095c18d23ec1d722c0fcf5f8cfc6c17c39f38088300fb921ce54b0b4b0d681a6cfba39a62b9ebe35a83e08b7e436e3f661016177236903f7093a39f17dafe39b78cb67678d961c1613185e2fd162e03eb134c125cb87212ae7306ac6043d7b4206c316c6c9f864ac0fa7acd8d9e1ec79dda7b74861461d0847d4901de9b0fd5f81119cd24bf8
1787432030.424466 sweep:Generic OOK 4.8k RSSI spike: -42.0
  -> 255 7bd5b7b476dc3bbc3ee48e93846ddbd7788146f7c763fd71fd7d2f6ca310e102df017ca70405813fffe6d7f333b304b1989e0ff91e6e77b4f02605e2b561af04f41bd12c8ff6420af1390b93bbaf81d89352a40bb190ff05cc5b9d1b4eae1863c086407d0df75c0ff8e468ac0d482618640ea31d968001e4b1cbc80fa6806e8f7871ecefd6088fe1c181173cbfe106163edff873bb5cc2d3e8b15f069a42041b9b6258e299c79c42db18a6ad0c32cab204b6c78e80c8272458dbef47e6bf846901c20fe6e59fca30b7e3b9984cc68b7f5f30cbb174f20596a7ae91efef25b5fe06293c07922d1c26846f88ad24bdfb0dde07a232dc99fff240ee7599b839a0
1787432030.424674 sweep:Generic OOK 4.8k RSSI spike: -42.5
  -> 255 32beca58d182b2388a13fc2c01828f2fe25924fe8ff9f78978fda43839891c23a14e1ed6313da1a0230838a9ef839f71bcf1a63e51333d89b13802ef97be328b3fbbb0b576bc1b9f9121d60640f8fde3f5f18ba4decf178840c212bcc1ff8ef15618bbbecb8eff41080e6541dfe200fb00f86c46ada0026702648b723fefadfc6b78104543c4d0c52619c1995370637a5cbc640f6d8c0e3b45a569c721da59395c68009512cf9d63f001f377c7fa8d874b28d48aec47f1cca846721093361bbf1019383993ec4bf9b61dcc347dae499b0e9bf3cc9fc89dc0b6022c399816e2de5fc5c44b36db8d60c93c0b53ad676220e1fd8663ce63f7e4d086c0d259b8f4
1787432030.424884 sweep:Generic OOK 4.8k RSSI spike: -42.5
  -> 255 64079cf506ae1319b76ae3e9f5c7a7cc45d96e16a5125c9fd8f7e94061f17e068bd8b867ed1ea63d996c3dd5ced3fe388cd0268ff337bde83490f940c927e431d0b9cc707fd6c4af0c80a6765f280bb11efd8b0fee7dc4756e7811d605e1bd339d5c90e78da53364d8c63402e3a367accd468e53009f9effc052db5d661ffcbb11fdde3b7ff79318f8a53bbf8ec54f81db8f5f03c8ae47086df2cdd195a4eca11fd19cee1b57b04f6d1f2e5f66a008afe7e6e31a3723333eec9d41899f69c6765f07e1a54a21a7e90c377234e0f3160fc03c5133ef4e0ba640078e6cad84e41dceb063e42e04d9ec97664ebbce7b7fa7f59b6e2f3f9e3b429b1e67b42afa73
1787432030.425097 sweep:Generic OOK 4.8k RSSI spike: -42.0
  -> 255 e0e70f57ff5029f4d8033d1b41c088cbb8803c2f8e6803dff468073bf89005e349babb063258e16fecce8d83cbd05f9248547acb0444f29314eaa702cf41b123ee41248364cf8773d3b89fdfa029f317b49c631f56f6607b4e77a4a7a1c3382062518327fd50faefb4624e0931b7ba340772122ffd3bcd8a2b02e799c0660023e7a36f3b78381e921f34609dd7ae8b2d144fee3f1ff18e3b9b39ebf9b7b8cc4bd64887c8bf13238f4c61fb9a3a4de943dd7248f8b3c2bd17a6ce0041172900738590000f596d7c47c4234940fe1be1f2083a099edfc62a6b05ef36032fafd23ab48afc17ffd8c1ecd087f23c466364f60517bcbfc4fb9399430d8c3d302a3c
1787432030.4253252 sweep:Generic OOK 4.8k RSSI spike: -42.0
  -> 255 03a56846c01ef85c0f36a6cf95bd56c74194d08a273dc9f88fd60c1418dac51e755005b37e3324c791f4f0943e8b1017fd9e1390c8743f43405730ae4dc64165fc5a40fe2c9f8360032881023d667bb2377e77bcc7fe453e92964770a65801a269849a3f188b9aa8f96fceb30bd173c8951050e2734b2061c1211f4f30cec07831a20a25c760777c7f34180d3cb66fb8ab7cf3ca349feb278f687cf857da79dcc3b7f21cc98171207d1aca1e780677ce3f8bc140433ac0f0298e01fdf5648a221478e15559fe22b9da6bb58fc254cb03940a2ce1b6db3e3658edb89673a1b3a28f8f0f582b8b2bd5de780799831c0846871182f9fd74bcd38e8bfc06ad20bf
1787432030.425558 sweep:Generic OOK 4.8k RSSI spike: -42.0
  -> 255 c3f8dda83dabc657ec007eeac7510b004a57631733ad3a1ef677ac48068398da0899f231fe9ffb40e5cf2042b170ab37d018717b5070b9d40bba38418fbe5bdfb3b4379d68105c0b4a449ea67edd3ef21ffff85f8606bf483f316050f9a0d842c0a6ad09be32eb00b90d7d39a18bc41db47813f40edfdd9e28945d1cd8a27857b387666fcbae20a221a8fd98c0da73dc329e81fc8f93d969f4bae144b664387e6378fbbfd1bce6400c4e150ca8e781bf1df13ee3528432f583882988006ceff621edb899352313e7efe6373f8be8f907b802d7577d2f640386fc33605ed86ce5897d20098ae27dcf8afa70514257a1b021dbd7220f882e8648deb6c0050c9f
1787432030.425766 sweep:Generic OOK 4.8k RSSI spike: -42.5
  -> 255 f8fe6174a7d76e356a0d710f87009c2ce0aa2171dbc4670c0c603fca4c20c0768e6283ec0a6890de67900138a76a6e2dad6fb1df8b6c218e938a33b2ef2b390188cdf61b87df4ff3dc22b9a4b8dc5c3a2ec089850fe0648fb00fd672b8be0d62fb1fe342f011f57f7e1fbb15f3820fef0db089a076cee3e8188b8d0f1ec43e555c77a73061db88d2517dd071fea8408e896be61f9cd7fe7f4fde85060f124bfc25f8f1b374a81fe9edefc039f002679a314b1fbb77de8fefd6d363023beccf82098ffde434887cf0239cf35c5d07ff1cf5fc33d7c27fb9e29af08142dba1050bec4d53a73a942d511771bcd1277d169e3a2036c6536f13163edc134b7a2f87
1787432030.425985 sweep:Generic OOK 4.8k RSSI spike: -42.5
  -> 255 e4d34f74c832d01587feb79bd631212f67daf57cb343ade8262dfbf8231a647094787cdc4f42dd44c0ee167db117f8422bfdc8f2a8173b0d82ea3e81f7b87fffa0fbe9f970eb8a2e583a579efec3b5d1f4487bf1b0660fa3116cc8c8bee5052ee93414395f3419092c9d0ac28b5ff3bfd1e10c9107e545679dec14f8bad7a69036cc08e3e1eb5d6c24f2f223aff75fdcdf91870f09e2e21338d426fc7e0287a0489c9fde8345e4a27217678c9e580bdfd821f6b87d1dce6c27ee20f1e8ea788cb1cb974269c14801b2c71ec7dfc3eb0b78fb79f634b26f7e40dd5a72f009a7a0fadb708f62be42470357331f657e224ab68718855193ca80bd015e2ef71919
1787432030.4262059 sweep:Generic OOK 4.8k RSSI spike: -42.5
  -> 255 9933e6b3bbf0549b469fea4d2d8c81fa38c493a84193688022a491c6d4e3c324aabc17a843c13c8e41e21f2707307eca8efe45d429be7a6acb938921b0461db268abdb0bd8b4ca20f60034713f644b323961d41e9a9d93a96483a2e710d4b4e7e229fa007e8c6720018fa4e6fdfc7006fff05e2a67ffbb9184583385a4a04282e13a2ffd488428b9938fd189d4452f3c0feb3300377c8f36d8bfc3e7a50cb07d894119ab277647f8ff0a6f05c16572839733c7b087d50e95d1ac501fc5960209fd8223345bc5f8a9b88f4a0bed10696edd4f0694f8e42e790f5e4aff609cda613bf89b9e67af2059b7f84e1c78495b81d1a8061ea048cbb8d2816700de4c44
1787432030.42644 sweep:Generic OOK 4.8k RSSI spike: -42.5
  -> 255 9a1e43034cc790c60cdddbb47ebaf24458f3b8b86524ce4fe7de01fb09ce6c61f1ff7cf6a97b6ffa97bac91813ab83d4e62ac3fc1171b185f253ddc3ff0d60058895e0c5517ae34b3a21f8292e2577a74f422fe77bbfb5e4c3ae7e0107e0e72f347fed108208e6ff8986d1885fe001195e88003fdee2402057d08308f8113718301cd1f54d1060c1c2c30b05aef4aee11a1d119381d8ca5039fa00ef5981eceb007a40a087ed0044e13b7d11cb1cb275e5e355a7803eadde31637978ea192cdf45f4f417ed406e980ab92073a60905ab7404ade02a306801cfba563c50f0d483761475f3b5c87ba756f177e2fe8a69f6f8e209a7191aa46063f67a5b18028d
1787432030.426643 sweep:Generic OOK 4.8k RSSI spike: -41.0
  -> 255 418463491ff6d58439f9cf77772e4878de9479e297aa3e6fd7d07f1ff84c5ac2b05497052206aee12b806bc11271f19ad43f7aecd513fc87f62f0521cdbf113cfc0d07b02003bf7dbc6c1cf12d6765c06ee0707b25c1811239d631f3082a829fbda6d785afa80520173839e73e971f97d7f87be69f770d5f1184778df3ef04e0ef126de9871f8358c9e6b337f37301bdc8c6083eddc8fd8746f6a86d8783604c5aa098ee27f4b9d70f7cbc661427f9711aff7dd7cce6a3c65cfafd8c034702862ebf37687ae93d11814c31f47785cea3614f0df35ccc3bf9058dfbf4043bbe07eeae64e3bd703617e423b87e6325bb0ee6395a3c972e83a1436455b747f1ec
1787432030.42686 sweep:Generic OOK 4.8k RSSI spike: -41.0
  -> 255 932ec69cfd477e5c4fc53194a1e3af16ffe74cc5f0fd9dfe4c02381117e6a82fb93fe615a621c36338396d6ff8f8e28f9bf1efe592fa26254dbcfcf2808e3b8bef2703eab71784e791b5807c7cd969d031771637723054105ef7022dad2898588231ade40b88244eabd2639e170dbbc7428dcfbeccec80189713c80e9460bda7c53e0c473efbc59f79be3c3e50f96fe1af84e9c3bdaf9398ca23285baa051bd8553bc78ed5aa708eb4f502160a6d5d928810e4052548dde30f603882708095ce7d1e01725ebdcd87998a7529a312402b68b2dbb1e050a612f3aef18e445cdb8603c7e4001339507e787bc771f8bf8b261f15c5ce6d89060bbf200cdfea3e2e
1787432030.427082 sweep:Generic OOK 4.8k RSSI spike: -41.5
  -> 255 505e0bb80bc720d5080e6c9ee52d2e5431dc98c1f85ad5cffddfcf8eff51784df4c27ccbd87f37be320241f34dbca2096ca7f7dc09ff500d01475f7071e55f0c406b60bac20d833cf3133e40279577a7e14ff56f2278d905d8bcb2e65023005a7c2931c299e8254dfe8017e0e28960797ee4c000fb0810c39692f066e78c3903682f37218edc111085c8eec63adf07f907d7978f0127c245f78ae5eb1c3fbc44cbf8778dc40dfb3ef53c7a662b0828f23dab0231affadaf6b33540233443de1abfff3584a850209a0ca38036de7d7685f006984a406346bff375167b7cf174f9f304df74a994725f82997e86000ff18820195b54d014c9f7588617cbce1f8c
1787432030.427326 sweep:Generic OOK 4.8k RSSI spike: -41.5
  -> 255 84402ba0e193c43948d28c56b8f84d5f3042d005ce3fe73de9ac5920543c1f7d9eb82d203e8c5808837f5f30c37a57de7f0a11cdb683e744bedece78af21cb7b807a623ec2fff24590e8806dd418b71288c0654fd3b03a20fb731eb728e5ae5b98113922913aa20c531b0010087383946e804e34d49fb42c64c6a134d5c1e0e8e044e7080059f0338fff04770be847fb61fe9818cd005539ed946cdc17b8f6727eb15f978b7376375fcc456ef3ed97ddee3424da847ac9eafbcc9ffb942e23e522f9d5964bacaf5875b01fe31b818122087f8609ee2f7faf7a3e106ae31fde1d30f9cd1c5ffc7563f8f8f7dc86ef70c2eea51bcbc5727d301c0f40bb3687fe
1787432030.427537 sweep:Generic OOK 4.8k RSSI spike: -41.5
  -> 255 8100206686f48f350e9ea7b17c1c3ea732741da40fdfe08cb75bf45a8cee07b0974b177498a455182fd6e2ecb45efa203f9d622dca53d3d4d79efc9de7ecff5fbc8e1b9673bc7ce4201bbd9ec77a1e40c41ba4d38d8a3237bc7274a18673483d5de54fff1b2f894eb618de47e4043b91ffa37dc63a8be44105eaa970202fe941104fe767b5eb5f0fb522f6399c684f47bd8a3bdbb23ce20791fbc4fe8b148e10d04f6cef005a78e07301701bdc1b79c891bfe1e3fb19ac6d4571cd05ed6076feb48ee604e103ee835c1ed2808770156c50447b69c6637792398e6003a64f81b9679df6c441744054b80e6fea0e00f3f7c9e8e1c01a6ca0517ec69b0986eb15
1787432030.4277482 sweep:Generic OOK 4.8k RSSI spike: -41.0
  -> 255 4dd1e107087c3e28fec512e83af67f0437abdc32d3e0305fae5ddba286bf7f7e58631c7605e6093d5dbc780a0a59cd66077b16073e5fcbfe8fa7f83ffbc2902321101e7140d2671cea6b81cee06abc67054d220fd800fe172f5f3235342fe31dd51e114f3237e60160f3dfd3bcdef353a5fc26265b38bc2a886fc13d6f4d7d1d736556ac410e5bc7e1a789e0fb4ff819de1b96dc037cc39ea107357928e62eba3f013d85f0c5f7e9d83a37de30f77349f400ecf57c59bfe9d4083eb554c091fac2b34e1cfb24e1dd8077c04ddb31d38c4c39806ac1794d06c7fdcbedf0451fdcb8d816caffd1d14636f1c881a7ed42a639d36cccfbcc6c5cb0c6f9bfc37348
1787432030.4279659 sweep:Generic OOK 4.8k RSSI spike: -41.0
  -> 255 d8d645c6a6d16926081c09a1bde07f4c7d75913c43cc1ec2131931ade31e32f27b0ffbe6641b869dece0ec77a100a58ba7a850850f96c41953f644c836e1c9c11fbfcb1db07a170df7ec21bdf68b424b615f7bde3fea0fbaff23dfab86c316419054c691f27f14fc4bd877c43c76f30c31599ee33d93e45cc49dce6813f07ea08042717c1a77bf310f00983794e747866871de9782460746c7f323ee7b222ecd7c0066533462787dbb8bf3661b70329d8b99f36cca91b9f3825ffbecf2402289c7fc401ac808c791ebe0abcfce930b116df8cee3118a2b64cc7c50f63c7d343c30719d05a3de2bfd75570de6ecb3d91d9ecd9711cd997a13db6fb672d4c4b2
1787432030.42819 sweep:Generic OOK 4.8k RSSI spike: -41.0
  -> 255 7482fc523f39415df793923f1e270b476e582c02a29f6e3c19e036ac97b2491b71d6a7eacc8f80877da014124ba57e4834cb85fb40b339b25dce0fac487030001d8bcd0a977e8c0914fa3264ff1d2c690a0a710e6fe1ff1dad00f87c087c1aaffc1ee76d08d2c807503c6c1adffe846e4eccf6d7bcd3d20777372c4518f79fbbbf131edc3f36af87167277c7430ae63136c18400719f66200eb7be372f56adf02dec4fbc200874f0d86d4d8bf6920fdb81e69d579fbfd4600f0d0f237981bdeda392f39698f4f9c8e2a727797424f20db24803ee6b07c3c5e7efb66a1d78c8c22e3d3ff9d67dfa0a033f8f595f121c9ec9047ea46e0bcd67bdd200a7ceda1f
1787432030.428405 sweep:Generic OOK 4.8k RSSI spike: -41.0
  -> 255 25c37f600d07d8ca836e0fcea453ccd31d930326e782ff1ceba9dc747831e97f2ba006c96a261d284857180645e1750673031598c638bfbc62688ff419b3b4a3c8ac78d0b1ebff360180d0cebf91b22408af963006b0b9070250cf83650f98ed1bdf10caf790f247f77c04cf81beb2093c7b1e1f688c1d6d1bbb743f5e73dfced3fdfcb3acfbc334e4427a731cf77cd3b808323194e8383c40bf01900e565f5f327d8b634b85738c84101fe139d079fef2d72c5f4a25c006cb994ae9a6d276719c107c36b6ab71aa86460718a5581cddb62279662e73e5d5defb727833e0f3ff083c624a6cc8e147191e37b2f03f377830ffe5426898ec7dcc2103ce3d617b
1787432030.428621 sweep:Generic OOK 4.8k RSSI spike: -41.5
  -> 255 d366e1ba7b0ecdf162efc4889fde300aeb9418fc75ccedf83607828dc7817109033cd9e4480a2e2b850b73da4308d83e673ac360d23875b7fd834ced28a69586c9019ee5291eefc9c3017600b28d7de0e9ff3feb3afc9c24156d8b6c0fc4303ea8981878e16d3ff167a7a1e0377112dd9eb9e39e3b804379111ec9f1cc31fcbe79f55186690d81fe0c27c31dcfa4640a040db81587292dcf6d2dc1bbc762dc678e05b5b8e838bf3d9dc3ac5f588bf9c028617780c1fc2717d6c120f8260b12c8062c0384fff88909e01d0c86e5febfd116349c8f10e7b38a6047fa63dd10024a5c88fc3c4e0ad02adf10430c4f8f9f48c2bca058923a7d27d55e7413ef980f
1787432030.4288251 sweep:Generic OOK 4.8k RSSI spike: -41.5
  -> 255 258dec79c3d38d8c66798eeda47cd8fda5e04e81997711f3b4ec9df371c43ca04fef1b55149e35e184c880b1872782181de49b03a0685fefe66f8ef26c4f209c2847503bc608348c789bd2e00e6614dde400bec10d421677e41deecc1f23602de9fb241837b609710d46e8e27475779ddfcd963b8c87264f38f667de23000fcc0f59cdbcbe6e017b0417455f27d8976a2b6f80c44bbfd7ceaef6066ff9c22564ad394c38ce230627dc62e7be4fcb94247cd519f444fa9b9c8679b92c78dcf4b7d79fe57fc11dc64a58087c7ea2c490fe25b73fc9eeb8aebbfe7e529efa27c953ac19e0d2af84ef09b81e28f6c18c486ef1e70f502f2732c0b490042202ba23
1787432030.429051 sweep:Generic OOK 4.8k RSSI spike: -41.5
  -> 255 4c00e3e8f4b7cb87f2d9c124c5822df1203be1ce93932dd6fe1d38384c481bb7529c66e103a9ca39f7e481f14bf8cb13d19db1cb820d74169740f1d403466f8779a403dcae7e332230b2bcfde1a2fd0138f4f98c5f79e02918518eafeb6c001c9219fcfa7ed970886660b6f452ef90fe043cdc14fd19f0853619aa821f08bb101b8d1de2e4207c004f556fd1d2197d4ff03ff8477427cc29286650cc60e2c82d0d60b8813f2dcef66e78de8606d29803070f6a47040a2ac5cf2d3331b9e703c3c72c49b08e6418642d1823dcfa2fc767e9692c74ba1e7d969808c979c1d25c5c1bc40c1c682c5c0643d96851ea60e6614bac275309ed8e3b9c668f6cbb63e7
1787432030.4292731 sweep:Generic OOK 4.8k RSSI spike: -42.0
  -> 255 3648f866f770d64cb6fbe1518a4703b5f791d24378f2cb718640cf9dc345f401f85b5e28e8ffffc6d3125f1d92ff43c35b68e4c79981ff76959d020dcb179b23f1dede40cb180e14f99035b7754b9dcc0324c21f39440f9701cb09efbc3c389d70ddf84c83282a968e935ea674f8ef8d834a7e77b701e5698fe7b87514cad687a7e37874f8f838434e5a67082859fbbe98eb77024c7714f9dcb91a7ad7886ddfc802ac7985c49d277b1f2eca2d9106d8b37c943390196d07c8879f1b59662e501a19c9387ec5e2212621d21ca6fe1e73138888f996b5df38e4ccfde2836ef6aa5d978665fffe285dff0bf163a198bf9414eb1df8b1df30cef829b4559b2d3a
1787432030.429485 sweep:Generic OOK 4.8k RSSI spike: -42.0
  -> 255 3a616bc62ade572745e88978ec2cbcdc004c3fdc7e4b3e27ace89c080c2dfbd906d27f897e13dd49bc302f5cccaf85c3b00bcf3670fe6ad7e84083316fff0ea3f3c457889df6cd233fbbc773b978eccb0ce608348bf612fd43ec088485d28bdee133385bb4a0c0ffca9fd8ddbb894e133ce336c707c11b429c817f00036dfec0286909784324fefee3b67c3789a92f0e05b5f20576510fa5edcf6ec63d839f34264267a5849963337bce83fcfde38447cb09a0b3fe0d3f9ac4a3b7721abf35bf8c3050cba3786b5c38b71a78cfa2cf8f97fa974be77bdff76fe1e837c9de2093f1b0635f5ad37f94a2f6a019f64cc62c508bc86e5e3342fe2943abd664273e
1787432030.429693 sweep:Generic OOK 4.8k RSSI spike: -42.0
  -> 255 006864978058e4dc243b808d9df19d2f9c67a98b77d3299becc345c077430d708efae5dd4b95a5c88383efcd3e5bb35d8e59b34f397c41c7e1424d8072736ba882f8b9f54983dee43951fc2c0622887480531c99d613b596f0fef1dd21f16c1d1a2f986c2edac60e1602a9e63475d79385b5904cf7973c7118cbe2e481080fbfcbc1c37ca3a9d6f26c0033fc60c3fc7c31ef0efec6dca48924cfbc13ceb8230f985e81e04cc17ab50cf8c03be7f3eb4cf2b3250f2543a21c58750f8a6fb9210cd3c3712f8e480b1135d280a370eb06f6fa195868edadfea08fb848089b4fc7210c283fc3c1c2f2859b5863faf7684f43512f6cc72e79487ce65dcc7d746261
1787432030.42991 sweep:Generic OOK 4.8k RSSI spike: -42.0
  -> 255 3bd5f3d7da1c5ce28faf712d867bded7e71710dbb9369b3dbf7518d9f070721980ae20ef5878670f07269763fbee1abedb3d0fed0f1a101ce2d8fcebb52fc6e89fc16c2b5ec47ee01ade2fdee7a9e1e3ebc8f8ff1264725106d4c8657ae607f5e4c622f395278927949011739b880e725fc133b7fa999392b2aad7fc8df5219ccb78f6b897e69dea14d5c3cde79f7a5dcbf837c278f436e62320d045c218b3249ddecf30256faa5b8569fcd7d2fa37d819bf949607e604effc9268f6ab838283184cf85e4bab4c93ff800270bc1f252daf780ffe61c470cef0c67941ccaa5c466ab2bda729e83f4bc21806f381200990881adbf20b260b9080c140990aa184
1787432030.43018 sweep:Generic OOK 4.8k RSSI spike: -42.5
  -> 255 f1f0f7c24c380565e2c4caa300db48c9be1428bde77be41b698cce96898a43b03226efcc400b7bc362257b20bff37707507e55c6338e1f01d367c06fda5e265c19fcc078b98e00a8e10903fc338f1ced676621cf8268cbd7f97ebeedc36286da419115e0c569cfaf25effd2f46c5d43dbb7343b0b346e9d817aed11cc2ff9c2727f90a03f550197e7f930ee341b84c3dacd1f86b42270b482f7cc80d20b80c7cfd7ae02054278cb22ffd578622f05c17bb516d64fd7de22058bedeeb231d829ce8b42f2407f710ca353057477dc1d0ae9b9403393d7b3880ab7ea38fde30389ad12efb871f923d7ee803d74461c76ad330e0867a3ccfc8e0cc3cccb0c76e2d
1787432030.4304461 sweep:Generic OOK 4.8k RSSI spike: -42.5
  -> 255 9712beb803ab5f8b3f830c6efa7831ee1ac5339e03a9ba9f9fafbcc6258f0cf8f9e0e56fedc751f79f094205ffb17cd710855fc3f605b00777a2024642fdf751929ff2cdf47d36b34d87d6d965483d8d752c096722ebb1ecf0b9d5018de4ea777085da30166291bd3a0fb08df83b90993c4fa4207e3e77791f9e7873757f379f2d1af4b7f8ffce53f20f4f6dd9f3a6004d77f70f6bc2c20f8511b8afdaa953d6d50e017e38e14ece1bb3df9f1ef93ff94f94f7080c1fb43d6ee0f10bc513ac410685240c247ce0770df3866af8c867e9b0e13cd54aefc2dffe331debc080a9e1271a8ba6ebff3373f17eb38e29d9687109fe42a5001ffb29efa76da0f6fecd
1787432030.4306612 sweep:Generic OOK 4.8k RSSI spike: -42.5
  -> 255 593801f5bb91602fbabdecb020a23d16d7bce1ee3e97481e000cd53d85e2b360120b7d18f127013061be40a713b20340d98bc6ed054ff61b8d82fe19253051661e68adec736799c11d9368d09f33fba1dde79f2d7dd7e0749a957d96e0c191653913cfedaf541b9a5a89135831affcbb69737eb0053761f85de8f86450a1cb9ddec2f014d175260fc017e181df76d8b70d9ae2ec4659068061c1d9ff2e3a7abc85ed1080b2542e4fd6bcc021860bc259e4cf0960dbc897b21950064d8bb00f88d1f4ec795f7ebb65f1f571b99ebc5ee13f04089934617e9bd020604f37ec053e333bdf7b0e05106f2ff07795f97bce612c0c0a1c809a024bd0d31e5ce70e09
1787432030.43089 sweep:Generic OOK 4.8k RSSI spike: -42.5
  -> 255 2af9f9ed067d31ceae911d47885cc8cbac1b29c7c573ff1f1d6cce4e924540743900a0de3373013fb14dff18dac141193dc6982f1bc80284056ccbdf74960f8d35bdbd9717f2f074cfd3f14b6fb0e1f7fcd6e8a7e93c07219f5fbc30aa86e1fdc189fcf2c91f2fa3f38621e31e71d21a050552c8f7f32d25453a20ac4eb7740dfa780f129bace0608850036d960cfcfb882ebb2115c2e8707fc1841eaaf584b06096c5a0b810037cf947d3d3f01f16b70685c57809d89cbd888fe234428009039e85af68cb9d9efe7dba943040f928ec243bfec70790b910d05b0d425de30c4ed9b53370690655de89fe583ff809843f09b480c1ff2fb19501dbe0b3097947
1787432030.43118 sweep:Generic OOK 4.8k RSSI spike: -43.0
  -> 255 d8062aff0bd8b0755616f50a02800867cbac4b8a015ff3ebe7371e742cb39207da661c6df08615322fbc5cb640818517775b876f38e9f1c83ece3c6ad97a2f08b0e1dedce86d3e405e5bc3dd431c38dcce801e14bc903fb84ce8081b0cff493ca9818f401cc9cb81d203a9bbee7d072411f27d0e2bebf7f811dd38330c84f1b4e33a7e78334f8ee048065f6875f27ce077be822d7d86f1d6340e6ae9884f501e148808b6023b5e93c01bb9fe815fe51ee687fe2f859775c70794bcf1df001e0567e9c6941c84ede6298e5d677bd03d5b43337e93e33478658987143e7bf3ff6ae24c902848eef0cfaf01fcc89f2f32fbd420c00029087f3fd747e9d00117f9
1787432030.43139 sweep:Generic OOK 4.8k RSSI spike: -43.0
  -> 255 fc6e1e0e8017047c1eeb00375fed97f1e1247fb7c0e061fbffac63ddf5067f9ea6dd8fe7479812e9dbdfb024f9047900e367b72d86ce0b33c77b97af329b6c29dd4bd067b00f0c5a41a38ed10fc288cffd9e81fbc3b1d1fe18d82106e6a57c7397e36049b2e42df7cf4965acd3b4f0d43001a809f4cc1938e5823e6bf7e4971fa346647dbffd66acf1080c2875987fc79c1cb82328b7272f0c4ce6dff14d1f2630fb8c12f5430affbfe90949551a27e6aae25a5f2b53a5da8887d9136691ee39c435f3eba01cbef6f384421cd9802396ec70ce35342e08e17964ff8577d39351d0dbc1239c0d8127ac004c97dc119d69e90d3f6272f080896317df7380da35
1787432030.4316108 sweep:Generic OOK 4.8k RSSI spike: -43.0
  -> 255 863f4a496f19cf500e2df0278dd945602b9faf0a3d83a46b25d1bdc1f1f57cd31dd8feef6e721002064a5f05bac7f716c0775000013dd613fc3ecdf768a0fcd08d1ff7ff23c372823641627181cb7c25ac2148be0f00761cb2eca2c81675fbe164ad6da7d872ff090e9ca8eeeb965c08cdf72509bffe00d9207cf3d77a30496984223f57a544ba794e60e107db19d1e8e2c5184e565c824691c174b21981a9c4d3b191840ba307869c9a6c1b079027027763287a68b6a4f6ee48e7ad3c0523a58b810e2f15786e35f2aa5e985e39cb42f3d9c11df30310d7013df3062063c7b820fe6c7ec8f8f7398565d6bafb99d9a93f44449120ed1e3ff9eeb3bc33685e
1787432030.431819 sweep:Generic OOK 4.8k RSSI spike: -43.5
  -> 255 931499500e45071c3aea77aa20432d1f19e3e036fdf3a8ea172b4db4dbc80b78b9827de19c975eabee9b30ba5632bba4cffddf1fe845c3265c7f7e1420ac385600563affb37ae7af1ee4c15ff9d4fe0b8370646bb7dc2cd9b088e11e7d72539d2fbfc16c46776328f7da37e2059992f93191b0e54ec7baebfb210e3e21fc4d54674b15c7077c4c56135f3704703fae47a06a7feed84b6133140b76eab3db882c95137f1bddbf8e5f7039c4ce1a830ac04c5aff71b83fbf893fc3f7587b80027ff05b2bda059c923200eb288125cabdf5a9a272f173173fed573b0bec3db330bd3f3649c9299dccf14b4d2d5a871a3fffc0f9d9b707520b740f5f153128215e
1787432030.4320629 sweep:Generic OOK 4.8k RSSI spike: -43.5
  -> 255 a63dfc8e9c0170f99e9c527dbe60559f02280f0b80a8302ea1cfb80c326fb82841f810eea7fb0fc2e619ef4cc9af1f7fba00ada555f77ce775ed5f71af0de7513a117d6e1cbe1b21597e2c13a82a8f6d90714e0eeaa34c9cd8df312ffded98dc806584d0810cb5d7741e41879469beb934fd534d1305c0eb6f08626570dda6d87fbb0be0b40bfd07a8e753704de76ce14196f7e3a3a0a1c64e6b82d9842fb37392523b11b23e12d62c1926eb55c6a1e899d9c27f78441b2fce8f69c4696001e8b3ac7c203ff321cb2e8be793e80aa6b5ed8fe402c411886070cee1d40171c5fffc8dc7e3c86023cef0ef1f088865155d265c958a25f42631729cd240cc4c53
1787432030.4323552 sweep:Generic OOK 4.8k RSSI spike: -43.5
  -> 255 67e9cf241677ac7679a094e8caeb1697c8fca09c96a97b0c73667f99cc103f78848804ece7aa4c28193eb1f4be4bc63c3386f8faf1d690003801bb1c60c627efa05041f689fb8c31f8e16010f3e0b06bb898a490d0502b622bd79f99943df415e12cc61605e9719eaf06c1cc82bc0de403985130413e1414b9b3e3f8fb8e3ef86e1c478941fb8f7a7e51974b1aa95c1f7bf8d8f648a3d663439f73d2cc338a0e3da8fe78f8cd1ee09bbfc1e781a87d36f74c801651ca43ffca2c41bac30ff74194f62835c07d83ee76b3fbc23f59bdecdc4eff80b140100359f01ce75efbcdf64a78070c01ba5a4c1839edc9df844901f0a73063c1021bbf0cf00aed32b3f3
1787432030.432603 sweep:Generic OOK 4.8k RSSI spike: -43.5
  -> 255 5cfd4f33ac2622e15301f7eddfe0c6d8801b770ae7be3e83dee91709e69bbba7dc5b27acced1b704563f9433e7f50bfbf988933f23c58a1384f068121d387ba9f4fc98994c64d0679b73800ca3f74fdd80df8ff330d4093a699f88f3ece05204e2bea98723a70a0e5e140f3867ce5f042fcc25e1217142db86468a68cb89f81ed31ba86ecdc08bdd8779a7ddff96abf4027f220d600ee36db8fe673671632c523734ec23fa73079c4c1f4abf1d1659d23f5760cf6f819b3dfc3040e030a0c1de30e87138e2e2a549f79f0ce310ba5783003712847060223e9fbce35fc49cbd19163d8f11df5668e1c9ccfde98f1d406ff194614e6c6c7b8054df51bd85e6b0
1787432030.432854 sweep:Generic OOK 4.8k RSSI spike: -44.0
  -> 255 75b3d1afee96153d26960bfe762344da683be57aa3a861c10b233893bc06ee7fe7c6d7cf62a1ef6be1e05c0bb45803690ce388773fc30259bb5936b3b56eb46c7ed1c5c6030ffaa7b4563c14a5bdd618eeffc3be69e437bfccdd80f3139cf3bfdb8cf1f2c2ae8fd8dfffdea0d62cf1da4b389c72433f5314fe8fbad01ac21f7fefaf5ccd825c8bea353800fa4cfa34d430e93f987bc33129db022ef937e740ee86fdf2be0ca3c9a718809c4d963aa39c60a3f1b7ad0a48ca0ecbcddc9f1d5c0f0f60052ec7a03131f81e2759d07c5563e747fe137a6b8da40f3f067dfe7d138182e3e5525cdfe28cda7ad9867dfffc29d80d462fa3371215eb74b00d23688c
1787432030.4331431 sweep:Generic OOK 4.8k RSSI spike: -44.0
  -> 255 390c207cdc3627815a810f1da07a1275e60d5f0bc60c19e45e17e3066fc981012bef34796db237e0310150000b1926f81dc5465dacb86101ebe0a0b4e180dfcec59b822f596f812a8c9f8bb606ed6116991784eee53b7f99f2e2b7ffbb8190f050717367ad7fe83407ee163b23bfc3930b3d6e7fee32360990c7a30071fd7981fdbb0f0e705009c0f16011e1c7e928eef9446659843150caa7fe68d27b7aefe90eedf000b9f3e626632f7796383e2198ce36c7f21d74f831c98e125a3fe392da1f0fc035e2c0ae3c5413d11cd1e4ba10f60498831055fd07c009e15c748be5cbb61688056f31ff19908ff8ee7cbdf827a1ba2423c67216c7233208757a7881
1787432030.43337 sweep:Generic OOK 4.8k RSSI spike: -44.0
  -> 255 ee0dfd716e065202e36c67f50a3de9675f3803f35befe83e06998a23283f0c7c39d4fc7c0019586327b28d1cac5f1d029b8cc91e4bf60f3b9fa321bfc97f566cd07ba126b6566e96340ca38368c5157060f97fbf6c0ce01ca36f6edee3b961a12f24e002ed757348c7f7d6f4f06e65825ca6d2c8b7e800100f2787825c3c4b815010c6c8b5af7d15a7bcf278ebbe51cc074a3c7ffca440bd7c1b3a8f8bfb15f12812aef67778d323779b5010cfb0fe6b543ecdf703ec7fd364429a0ccb3c8f5f9f546c41ff8c5061d4ef7d4d06767ce2b1e4467f093077e3efc2d15ffa863c401e36784de791ba989fc5f066ecc17ebfe5c3e679ae3a0e434c85aae6d70a0b
1787432030.4336152 sweep:Generic OOK 4.8k RSSI spike: -44.5
  -> 255 ec620d1b60d7be54dcf99f9c0dd2450404569c3c267e2820bbb79833e4763feccfb6db8f20b80cb66231bec70de6079e143cf3e775f8259a9e7f5debfa4296c52b61d04ff83f45126f7a28a61d6e74e58f9784fbf7e84b79fde6bda3f64330fbb72ff292f91298243040e94fcfe288dfd22efc4e57dc4f413ba3d299b912899fe7b3e7701c1c7e92b848004ee948fb5f194efff4d8093b9edf0cfe62781eace678cf2c2e6b7c8bed5bf076d4302dc38b5be58ddde33ce8023c3eff708b168d21039f3183c06488785dfe659a4f8cbbfad0dbcde70d5186d3f0b09d69dc922a5dd46ffaaa52c8e51e77e5f94f5eee0f219db2e5f638f08a7cffd9d8602738a3
1787432030.433915 sweep:Generic OOK 4.8k RSSI spike: -44.5
  -> 255 23afa27f66c9e1f8868fe818eb3b0c30ec7b8c905178b1bad3e2339d0141dcf3f1dbfdea57d3c65d9e91c774bcdf468d151fb81ff17bea307ee6b827fd31a3650a5f1c861fc7e67fa39e4f4c6a785570038065ea87293b738428e4cb4061b9a250fa6f1d46081ff206776c18d8d01a0c0842effcb71b26f07720fc680b0b8b2472f6ee7d7cdf23b3e59d682f28e979a64f240bc1f334c67cc15b9d2a00b75975f21ce8a10fc304975827e6a819a99e734a9e2b81c009f80b7e63bd29458acea03a71162c813d8f35f5c0ab4639e01ef9a47b25d9f4c41a79b5f211932e45f553d3aece818c50ed2ea0217d598570e251c5ff1043c39d11f98808c7ce013ba0
1787432030.434199 sweep:Generic OOK 4.8k RSSI spike: -44.5
  -> 255 8e3b34390c78bf0823d8a36e1ef180cfcf519e05b099a44c9a8eda74dc73f1e8105da061c98efe65be04bc089be433b6ce30371f2038a8895a20066a287ddfd38c1d061ade9c03fd078736f02638def0ae7301cccbf5800170c82e46e0ac20283f5c11e2e91ea573d34143c9e1487c2ae3d6fe5c05cbaa91f33e550398f08a3f965ee2380b4ed1fb3f099088fe0055c440fc305f849701e370c8fcb8650fc3273bca401c10c835b57a6fcf0ad149af5dcdc6f989ce63995c63e5bb1e1c6f7917a024e7af7e7166d5e87f9099588ee401865ae2d04978bfae99c9ec27e9905f02435d36509dc458c69f398737183bf313d094557eddef05b807e20b8000ecd1
1787432030.434473 sweep:Generic OOK 4.8k RSSI spike: -45.0
  -> 255 8730c5b9be59cbc68b832ef2067e71b5c0f6398f925efee18605827cb4ab280329d12b6756c38b9698cc3f0d7ebb52260547ce3b693a9829dee269d19d5eccd56c38503cc122622edbce363b9df7a06f72cb09e19ddbfdabb744c513ee5f509b3ef63b51a4254d3122c7c8e0675b7b5e2c83d18850abc3209f0c7270b93a85198e843e3245ee63be266499f9d2eb8da3ecf2ec7dc4e9edf6bc2985f8d089d6f9ee425fb61b3f08f2f38f2ed6a20f093d8acbf2438bbf7c79643799243ff198a692bade24276cd46f69411c0b23ce7074bf478fb03ff73fc6ffc374e4e5e6e5cfc4b17fad0f0547ed7572777781178c622d54abff9a9fb9c9e8fff7c71792fe
1787432030.4347 sweep:Generic OOK 4.8k RSSI spike: -45.0
  -> 255 bc2190ec9f8a7d966c49c1b2281e90dabd3c8f8b9eae23f027340ff862604ff98103784cee0687b6797f04b96d317b20f69a3a765863020873c2753c8f10fba30e03e14b5f128e9de1c785e0344bf6eaae6e6c062e810367a59f2cd676006e06261ddf9cf3dbda20d0180359876c48ccf01860c2f1f002edfeef8e9cebc36c7e04da0798980480378091f07bba90c0e223c133dcca34fe661b8878a6a15ce5f1ff7c9107367d1592cf5318b493e619a7dc78990e815495a20167a98c8c0dbdf3aef670b5e1643b0180be29ddbe34f2a0187c5baa0a42323d57bd4c3ea432f1fdfb66e03cb93a4586060419b73761e7f1e881e630490a05f3fe501c39243fe4
1787432030.4349482 sweep:Generic OOK 4.8k RSSI spike: -45.0
  -> 255 0f3870186c41a211be7523423748a0ba5fb20eb77758a1867741747fe1ede887b6bf9b281301f922fd901d602902c06d707c6c24e8516f63493187efe083d15f10f8dd807fc73ac2c629c910902edc01182e2ba49898e7e292cd0d572ccfb8b5ec45e275ce392d1c795d7cd3d95f7be01de6cb5da21cf043b9572c2854fd891e5c45987fa92e8ed0b68fb2ea0f92602009a9b617e671730921e4d26184d8a6e410f0a2878b30ebf7360bdb63f38112f70f07914f884f859519b075a82b12e10dbe3c947e70702fb43be00ffcdcb2bb683e10a7178043be51b6c96cc689f42a09f5fe89c9ff79fdbe400e78822eb0ed1efdca98e2f9496e3d60fee21cedaa05
1787432030.435266 sweep:Generic OOK 4.8k RSSI spike: -45.0
  -> 255 07dc7abe0bf8bab45e354729d337e010929dc357173912606ad93d58a217dca28c79e13586113ad213f27e0a1b03a0ad2100cbbe1a8e36e149cd60181b827bfcbe26a263e3e46843345b1a8fee0f8458d1d87996cec8c1d844161236eec574d6007df00e71a9a7ff352e5e8d44dca4cbff3118fe62a1836e9a3e4fa8ef9778b802c4ec1696e1fc0dcf13b121ffe97e7434331bcfd27240110c7ce5af7085f77c0e5af84b8f7149dfb96c980ddcc9a6304170131827b0f9cc5a68f8fdc1c6f3165b0b1ba3a3da45c33b41738a2c74e4bdfd186381758c7de411c7b3d6c782d7fae4c17810241e94c1b34258e5ebd3195e5bc7c62b44d39937951bce4f17387b
1787432030.435507 sweep:Generic OOK 4.8k RSSI spike: -45.5
  -> 255 0f12872715183906fce8fcb36ddffba170f185adff1c0d119c007e163c38b4ecbdab83211de3123cff02140b98fe54117f63807b812a475410667d1bfc92e20e48dd8e1e093c5ec18da1cf6e372e9f35915b971fbe40fc109c119a2d60815fff0f0773be81084fbf30b7cbab3c569c0490e40593c8f8bfeba7fb5a0d97f24c90f81fc67afeddbffc2cf3462c24391be1fb1ea3cde98d1b98cd8883830f4b2bff1528f1d7c4e1ccf0d7779ffeef3e77efdf03c293da8c3b6724febfe2013333857e03cac9d65bb9d8fe4d8207e34a8ba8ff2858df0ccdbfcf9316190d306cfbdff1427652729911ee6eec58567c9c89815b838e2339f89590067ca015e94f9b
1787432030.435709 sweep:Generic OOK 4.8k RSSI spike: -45.5
  -> 255 cb2f920e0c7d3ea3b236db22f84eebd18806c3874359033da25fb3064c685df063e807d1d38a16d7fd5ef3543ba84ddf2113fbd80457a804de0db0bab39c8f5781a0bf726377c2d07756e8f8676343c68650c1afd88c8f0ab409f38a63e90697830844fbff4b5f1c5d60a6df71d6eb874fc7cd81e0cdc640bb86916ef6c1a1e7807fff6bf3d9fac5bcd353efad303cf83f1f7c9a9ed9f90d46ba1ed41837d35ad8413800065f004061a10fbb610194bbd385def825d8272418f73a930ff00e09f6701fc11264504ce2009a4c61170d0801de1db931fff429482a14b1edf3e1a0897fcc6c8d7779877618b1a4b2255b4994cc6c180629e8962057069fec827c
1787432030.4359329 sweep:Generic OOK 4.8k RSSI spike: -45.5
  -> 255 62eb64b00bf87da336a0ef11b6e4cc1dd4e3b324083b7fc3b64906037fd902fab13da3062dd7d7b10454fa7bc54db7f6dac3c3731cb1134193d1ff9c3318ba8b74cc93cc97db7999bbec757d803ee5dd0afeb3409fb39887ebf260c9721513f0d1fffdd56478c3c1890823c01189d4fe8d606f163238204390f0791c8342ae1f8fcaa6786f1077ed8952fd6338de9fff79ce2804f74fbfb192d9638db5f8d803b819324712b6c383885ae136113e46726203c9de0a0b0ec27c705d2bb070e8259857c7d264f884c725c3c00c430c34694099d7c0efa1f943c6fc9c7a658e89fd4d98f4353ea744e802f50449c38ffbdb7f3264d1fe97d32fa29f86308f7ae6
1787432030.4361658 sweep:Generic OOK 4.8k RSSI spike: -45.5
  -> 255 70c7b27c5c008d7727bdac79796267424f1520b26205d62059b684147628f5201f2af300aacec036b82eecc173c9872b9c4eb6e2bf45030d8c55be3635ed21c9db0dcf4c5c4c73fbb90a2cc31455652b7ce9838ad0a6e5bab0377fc793a1ea50267de5df43603d3df766928fe051062423510cb177b86c181f073f7acbc3e2e33b2bd9f88803039d95b9c83fc0e78fae761ed562ce5986ffc96de760c7a3dca82787c117fced6176058f0dfd5779a4d8090dd6ff62de80e97079efc6da107210b1b238f9b3c6915cf41f3bc818856c263cf3588d09a73ecc402d03a6738700f414b4450d5ee97803bc9db2aaec8c644efe78f342c776befb10a0b9f52cbdcc
1787432030.436385 sweep:Generic OOK 4.8k RSSI spike: -46.0
  -> 255 e47c87c4ab7150accc0bc0363927c21d03d329b9200c86f01d8894912fd0ee79bc190467002fbff1db8c348b74e60810841b968e9d7c333fe7caa311acfdf3a9063b38819627bd41f831148662931eac767bc6e17cfe6ecce510e1c9fa040f0ca273740855f3418c3fb9136578d32fe3851b383c97d6ca41245cc9de40e94dce0b58edb480e86d95ce4a24b285bc9ab018b487478b07c22cfa1d0043e8799f3c2ec8f36927119ae030e98d01c8289810d81c7e2603e1cea7dfc83b1903200c139632688ce9f38529a74007e8a49ea043b3a58b1e0ef44a71e61cd79e41e893388ef3579c938e89e483c24b5abb913b0dac5c909b4b79aca080c5de338c3b7e
1787432030.436597 sweep:Generic OOK 4.8k RSSI spike: -46.0
  -> 255 d44e7e0803fed4868dc9804531e7b26aa3687703e1de58763c69d5ddea9884308632f3b6c9cce9205b5af8ad2d0a8f8de56ef8ea17ff61e53dca03cfe16d65bf007efb7c4d29e7979145a0e6018dced508098e17dbf373f39e786fc70f13a43fccbb3c1735d454939fa665e010a9c76eb03986d826cbd13830573c5621e99e7cc4e888b16da3924f870e9fbd9ceb60f205ca40e6cd980580180b15ef840360e6d39d1118233cc283d4ed99287fa4873a162b091f21bf6c6ade01f4b7f387fe8fe9e6d4e0c2fd2de15c1fad716d8447d840f13c5fd65ef92226f06512f9ce85bd1920f9a810e3172b43306f1e090370dc2d6beac3eb0ca9ebbc1a53fb9a5440
1787432030.436803 sweep:Generic OOK 4.8k RSSI spike: -46.0
  -> 255 3932a6e639fedd1388ff06082780631bc0f95960e407644d21bc8e1affcc00944457461de1f67632c02d8ae6cd7c01c6f0f7e5bf8aa3bd3f77f3a00765a97fd3e4c8c28b721863fe336a0acdf495df247e3efb58f3a5f79a7d062bef3bd189b987e918e99ff0639986484924b7cd3cb58e389ffd7078e8209cba43a4cbfdeabe9ff80d59e3e13e646bbb3de187efdf62a51df905e07b9d2076f83267d361ff3a515bf6acb0e219c96cf33fd0fafcc1f3c7e1d6276e3e77a79fdbc30bd3f6041f277ae3e3f3f74c152bfff62e293b3964a313dbf9cadfbab691c35962906e2892d2ae505898063f7140ff12c815e437dbc444139dfa8cb2a620f9a0f897e61f
1787432030.43705 sweep:Generic OOK 4.8k RSSI spike: -46.0
  -> 255 350637823320cfe787f880ffbc41d42ede84c080def8045e0be9c2e98e46e68b0c6a6a4faa757d8396fff399e797585fd3c1c5ccf2317bfc4511f5c4a74e3f466e1a774b9e9de0327c07cc738eb3f1201e5f0f80cf2eca0f1eef120c5e787979120fd9d81cac526639f9cb69c5ca37fb08187a83943240c1f2fe0ae4d6bc929e40323bc0d5bcae1e1a6bf98d247a05efe001079466f9dccc91a4a16f4c3e0ca21e13e8325f0bb7487abbe08afdace470255011f3b2a00f7c139a7e4ef120e0e5f410c006c5aaa0e930d43aa14b7dcdc6c24b7efe10e1ff0191fbe3f3c809b987f7e41dfccf92d5fe6899eaecfd6ef98e6a0e4f97bfbd0a367978be47ac2f80
1787432030.437272 sweep:Generic OOK 4.8k RSSI spike: -46.0
  -> 255 298f707c7b9ba1955a87b7d906c0c735b677f102cafc71e1f48633fe27b926d2a0f5f0630f4d84b308c54d8beb4598df86c1abf18acac660fcfca4b4fe8436636c521faccbecceff3ac8682f8670c17e811b2c68be2adc64ad34717b99ecc7e235520ac3ae414b81b7a53256def4bfd319566f7ea65b7912be38e772746e5bedc7884a8c8edffa3f005bdc1b0c77928714ca41ea353aa19d33d0dbd2771e617ff3f97d4119fcff61094a3a01bcd1871dfc743902fb3775e60f0804690db1e017e1600ade4c82586ee373f32369369975d1826330a33d445cc4c4dc7a63e1b4107a0c1af0cdf41ec8c92cfa3c17c5bd30312ea0393270ddc063b072665f08a1
1787432030.4374888 sweep:Generic OOK 4.8k RSSI spike: -46.5
  -> 255 b49d3d2eff3be0bf6444f86c7eaf7fa9a829f9b49e9eb8c6f5ff1edb13649b65ecf67eb254130e50c1c9f7662cd18084921f3d60b9a72e73c0ccd958e0712d3a5b24780280e787f63c37587603c37b8ff1061608cb8dfae6d30f09fdc8c473cec9c59dafa89fbd31b5187f1f4eaf8e35f0709d6f66836c803b189bc08498f57f7d1090ef9f450293e2051dae1f9bba1cb150027607f23f42929b29b96748ea04a31f32b6851b4096ffcb790ecc0cf61449d26bb81f7e2f977c766dc9c307feffc14c5ba9c1ea3de7bd611a34b6c9d1c81e70dcc6f96431eb3b5ccec4883dffebd39c005def520cf99eb399544646d802681777f9bb3d034be39876fcff87bd
1787432030.437705 sweep:Generic OOK 4.8k RSSI spike: -46.5
  -> 255 4789801dc6e0700e1fc167c2c4183ea24002d3b053c1d3fd0023fdb1d813a1279e662218740634db1b964dbe3c493e2f3215c3947c84b26631834985cf932d1809af8c4d413acfc48e4c4f846ff467bf42266062a108e3bf97a1b04f31d639fb790b718f9308bfbb9bddd97b90cefe7efffd2c08403e07124da7333f70b80eedf33a7dc78731c4441b0fd5f8315dd5ea7fc736b478b18c3f60d850b125d3e0c1c9e026820e79bfed369a70b981c3b39d087bfdd30fbd7be3f45e956f3bf77fbf774ca86d837c1719d2883e38946348267efbe6be8c11158c21faf217fe62c379f0021f50c348cbd3ffa879c1286d833c0e8d00810d94c4002be7c3d2825c81
1787432030.437927 sweep:Generic OOK 4.8k RSSI spike: -46.5
  -> 255 218e93fa22ffbaeca347ce27ea0d4c27ed098cbb2611ffe20122468c67d1521cd5f0cc200a71e3ee987789fc2ba68e4349ef2fbdf5d1ab807c7635c11b490901f05d6fa3a6dc0e85f7e85dc46c74b0a13f0ae01e3b6a5d6dab469d9e5e409e5c8412b0c18fd1672600c5e63c05b1fff6be1234c02d99d571880392ea3933eb2cd082d8be90f3cb11b49451fc2895a080d72e4b80819a1da291dcc93191f8a11ecf9cbe3215ed8cb5ff78759003b0fe40525cfa2907e8bde55d18a70ef5f0c20d8b0211bde18289e1900bc5e59c84380ab4ec867e643584c73a004003830f81ce39528dff313e25b86d9663a4c22898d63bd3948cf79f490d1f026e82a8f7b8
1787432030.438163 sweep:Generic OOK 4.8k RSSI spike: -47.0
  -> 255 8234eb71c4ca1e63fd8d7e8de47c83b66e86b83838094924722f2e933a1d6043bdb677d07e45e297ac61afe99d3027d0d736e3f1ac9b47f538138d3287e438d0eaf16087c21cc23fa7701a13d7f978317715f57f3ddf8f47d74287f9e0fa0488e4613f1a92043f60ad7e93f6a433f86c87c725c7f538bbc51b9efaf6a94f1407c2e16fc9105b2dd14c7d4765693be3b2e2c887e03e430836d3b784714c3e3628fa6404b6c8df8d1fd389ca4e058d203d3e1dd87a65ac057f91b56762c6ddccdfc951b71a3aa64ebf99e3f918801597d0dc3ce949c7819fcae60571147b2266823d121b9e640b5be2fa5c3ff668e970a2e0b80332804399fe00ac7fc28b48b9
1787432030.4383638 sweep:Generic OOK 4.8k RSSI spike: -47.0
  -> 255 0fbe0d86fe1ff6313c804157e74f388fee603cf0cb727b6608c678b9da2300ffd088b080425dbc094760a0bfaf32eb870f583336cd5d98782d081e4415a2818776f32d3dfe77277fd242bcd63e0e9c4371b4009fb321360fc10cfdc7a8f81e7e9f7fd8c10486a98448e25d2cd830c7f258eb01e6284106dfb3d3231050788d19732afbd189f86eab71d5a14617bbc606e7491f2be079ee6fc60ffbf5a312a3620600d00107a108cc9fdf26583f1b887d87bf83f11c667d0efdf0be4082ece685c30e3bbc1c2ff59b3ded389d8716cd00c58c0807a15781f428e77f5df9184bf2f389877d5e071367a51309b3f23de00c06a605ab0788fbfbe40afe701c73d1
1787432030.4385731 sweep:Generic OOK 4.8k RSSI spike: -47.0
  -> 255 f070a4a38019e6b6fa0c5582aee9be01fa99362fc65b05cbbf39f7c6f11762b1fb0038adb3b023d1ab0438c0f7cf30f11d3c9f220c51f140071442c20af7c47fd8e2c9c5712df700a67666cdfb2f9747f185a7c53cffcce8f26c703325ffffcc1253b55c4a0b75d9b2411586b00e9623bc4eef5ac1f3f5f2a10119642c800140cf35a66df6fe1657c190314640a76e4a98fd87208c29a230e1bfb69f4bd1e1e3380e36660960eff08ae7cf3f6108c800678658fe86c1d623f1d892c3ef9d1f06419ef095adcb04b781f6f1c073d0a42ff8697da74390c802f323fc0395ffc0649fa33dc36c64f84b4bf79ee118b78ba8cf2341bc6373231ff863563c9ffd9d
1787432030.438783 sweep:Generic OOK 4.8k RSSI spike: -47.0
  -> 255 b617d1e441f84f07acddf9072e1f0714e5f2ccc9264d7502196fd885815e398f1f1074d710761a54c5d373f4bb3fbb3ccbf147d4317a1f6a5c2f975019d7f07c551db08b0c3442c69902c63a0771d948fce7365bd5cbc72183859f2d622f0704412fbe4289fe3e4121e6fbdc33f0038f936387f12d3380fcfa265e864e4929ab780803f6fa6a7287bddfe470e9310ebd907c4dc56c15756816a04958e239cc0ce3fc1e919d96597938f8e08110b30e83dccac9a698bbf0a6f762eeb14678c6d3c79202602707509e1fd85122306cc0bb07a62fdf8cabf817e8f25842c56b403fa8ae41c13ffc2f6a19f988da568cfecf503f9b7dcfde8442718e3790cdc5c5
1787432030.439049 sweep:Generic OOK 4.8k RSSI spike: -47.0
  -> 255 384d08770e17313c3b9415a19e2102709b343d89a19df378718b373fb2b22ade88654eeb1bf9e3ec001ae672e93a9137e9d821ea61ded07dbfbd4b74f6741f4fae65f02df600c2f78a2358836dcc0767a8361ace44e51f022b214a77d647f50907c01861967f14f084f0e61e60dfaf2e1e760b5ad977379ffd51ed09805b0411f79634c9fe9a59fbeea8974ef025bf285ee8ea13510c06ce817b624092349c886ccb5369e2652db0ee06a1ce82643019406319233016cc8c7a5f63c30c1ab98d09fd1febe10f72f82a19b12d87e00fe05bee803c8e70003fdd0a598e841a1483f2099be8b9940c16fc3d7edf7e00e661c759bfc16ab82e2dfacdee90e0067c
1787432030.439251 sweep:Generic OOK 4.8k RSSI spike: -47.5
  -> 255 1ac604316d057772d33c743663b8c42f02178881e7ec5ecd0c32cdae2e4639b32df305d8b5ed4cffa580033d253ba4eb3644bb06ee17a37a0376b868e5d537330f80c201f8c3e6c5e1b6c982ac64d9d0d3ea788ff0fa0732d7d776938f79a8811cfee386cab547e3054d9e4ef85712bfe28ab8d4d7f487fa96fa76fb6fe0fe7097900df761e92c4aea4fa01356e287e4ceaf795d1b2bfafae55d2eb6635712df6dfb538ebf90021e12f987cfc2e8187f02211b77c7985c906370c264fb92d3059c74a6a82810922970b139a3163486e0cbe602664e868b0d8acb11269a2438ef23aebe2df81c61fa39fc0c61affa67c01e60b3801293c0799ec270f63fbedd
1787432030.439471 sweep:Generic OOK 4.8k RSSI spike: -47.5
  -> 255 f81fd03bd098c041d5fbd93f1fb6002a7d9bbbc2677aee9d0297907b58e4fbfd7879042fe6b07ea70012403c229859e4506bd010af818269d9240cf153e2048e798628e36db8086f8f018f64edff83d9076f15cee1e5f912e3cf5ad43adfff3a217570f491f9fc519a8ec8cfd718869a9f1293f778f80586256ea524539051483c411b8f0ded4edcb4e4a279e121b79d977097c7e741a82566c8ca03b861a43cc8fbc7c3bcc0babe040a84e21b3462a1076379c9a57deccb799d3635e3bf49581fdba5e420fc42e4fa573452596df28161c3ca49b8136043d395d9de76a70c4d7c4105ddb74126ec9c65df2cc7827076078607ebdf9afeb7e8cf261a373d67
1787432030.439691 sweep:Generic OOK 4.8k RSSI spike: -47.5
  -> 255 790265f062cc50a43561d3dde650d9ebf387f30ebcd47e6ae0f56a99e0b47df9697012139c0fa5341c1e1c264ef3d79727f8d06e8df3a14bdcf10949ccea889e010c6c9d96f8b4bffba6b4ecd4291e57767e730483f9d761e0617c0ad6c37ccd77030a0f0e67209f2ad7bd36802664980e2a494f1cf6097fc8c48266a2fe5c20fe4e9b985e9dcaa97f86d0df01eb9131c7f9a236c7d446d1cfa9224246043bc39d8a5b80e4eea02eb5bfc372fd0ee37bbed0b256538bb0e7da51ba2fe26ee31f502217cffae6c1dbf8a798f7e1e05739aee0ed43f7b0292c8ff95db289668bc74fd0b1427d22f28108a6a8618da003d081d1208e5be474d36e60b45f6fb43c
1787432030.439928 sweep:Generic OOK 4.8k RSSI spike: -47.5
  -> 255 d124e10a9aa7df0c07a08d520cf530e8f5666164ee81d88980313aa6ded9c030df4cefa1fe38044404d3513f200c8e61a18b618f7f8bc9ffc37d98ec5d1704bcde713cefa4e3a3f3d1765ee85fde414c88ff0e357ebd18213d381ff12ee2863e11c894b4e5ffadf79edbe8f9d78f52a2723df2dc09f92ad39cb8f5bb8d8da3dc2611b3578167770c74fffaf5c06584f157d1ff459a8e0ce915fbfbde68bca1fff78e20d06a409b01bbc07fe482fd0a3f3783f87dd6fc841f8f206c4ba7f98edb4b6f98412befb72d833e3c45f448d112c8b7f210e02840fe215c882a01a7acabefb9f066cd40e449f015c2acf4847e4b108afbf6fa13f8aca3046e378c1fe0
1787432030.440164 sweep:Generic OOK 4.8k RSSI spike: -48.0
  -> 255 f40e48732840d02e460f783e1190fe9283647ca21efb7cbcde36fd700905bd8653307263f0e86c48f6141e3b23467bf7cb893c458e03e1f19a78c69e11e35dec3d6ffb1bfb89b277e711dde7fe43f4340778253d2fe4360defc36d68b1af088a097a2d8aae815712c2f049e8ff42027a2edfc18e359b779fb20e422bcf0c8deadf51cbccfa5bd878e20611862129ecbe0fe041a1605cef3a762be0e0a444dabfa37f3703e0cdc7bfa21c66f9adb01fed4c4ac8c5f17fec021719b140599e1e7d911d37da8f8b62bb18127d7c1f6879d72bf1a2f127fb40ee2a002192fc0b39c8ba7fd0eac4413038bbade1c3f6fdf6f3a10e1d61358f60ebdf2d386edfdf04
1787432030.440379 sweep:Generic OOK 4.8k RSSI spike: -48.0
  -> 255 14141b08699583c0ed267ccb85138654d00cd7cffa5b6feb2ea184be63f63d00ba0ea3f3f9171309b3b18dfb7e66a23c8d88b16fcc0ce91837a95f499ac73bf00aea78d8662400e73fa0deb09c7bbe213f7c80bc255df9d79e8bb13cc25fc1586382d36d2926ac4bb300fe3f02893f63940068665ae5e6c8313d1588833032080fc3a54b8b657939610e72d0f91ad2c8e946047241e035bdfbcfe2466f92d9715b81306780ff9ac1800c7a421f5982497d79c3d30889c6ede26b77f7228de3cf4f711ec4874ff38ed8ff379ee53fc6833ca638b679c331c02420fa537f67e665c70323cf410074d217dc0f4112a24c9f9ccb00f43d0b81b63fc406c6b86e7f
1787432030.440589 sweep:Generic OOK 4.8k RSSI spike: -48.0
  -> 255 0f83b2bc8746f31f5736093e399e887de28759d7d90e6ec63cbb0f87463803b975fc8ef2afd479c0df085441a690b4481acf06e8f832353fc0ab471fef4691eb59005a9fec12ed977ef2eb69837632c6b68c404ebc6b1af1a674d6c9722e639c020b84137201f6204227392314dc3a67dfe6e435807c7c032f64f41c628016de90d87c9c8865f09083f82f0c3c0e2babee6341aa0e778136b1e2c323408611e079f9df0b306e4dd8788b69ffbcdf7bed88580d83fd9e0fd9bee3de6b80f9cb003e63bf3471e271821ec3a1a9606393de2609bf81947387f811f83db4e23cccd5d24040a3ca49718984081be4e2cde95c02aa26ad43d843e7b79e3f6afeff91
1787432030.440806 sweep:Generic OOK 4.8k RSSI spike: -48.0
  -> 255 bd43f7cec928e7f7bf5db435347c6ae47ffffc5cf868ebb75d7f340a1fffbebd1be1cc5ff1e4d98700634666017bdde6f1161339f22fba07bda1599223874419051d1a0c409c589108e6f00285038fc45c75b950750234e3e09eb66f731fb983b0e4aad90019f6c45b54ec433e7fc7969a10d1fdda58f39f4e0194ce1c9c0854763af7a709f6df6358ec11757ee230f352ff30eebec402ef11ee431027f8adf3607b364e0dc3f31ecee83e1fc473d38a63a2491ab3a3981c82fb977b2f25e3c3df8ee41ef21b60265d35a931da3fc8537628e83fd3973ab1617fc3df8961b067da642e44e2d6e641861eea4e0b1871c947edc062d3563600b881cd0ec63721
1787432030.441049 sweep:Generic OOK 4.8k RSSI spike: -48.0
  -> 255 df080ebf381e8460bddc0e349fdb71d8778935b640f632475e0f95a46f1afc937e7e3978133062fd61a681ceedddd20a2d9c9cf773c1c234f9c61f98c0be727462384fefa0b6187cb27ea5f319ee7cf23df688b105cb260fc0635f63f281e1255d8c336df814db9c8ce5e0006f3c41bd66ad722da3320b3bf3fc8bf61d190684404c46838800d4a75921051119388e760b8fa111383753939502f8ddc0337fa0ad3737c075185adc639ff027e71d0f0836e211e23c4047570eca64869398596ab1a8f4d1eef94088c8179943c6fbffce2791259a0d147c97c6f0c363e1b911176ddf4fe38b306c6177010dc43e6b68e08d39c51cbf0f613af8f3c408f0f7ba
1787432030.441262 sweep:Generic OOK 4.8k RSSI spike: -48.5
  -> 255 3c02c0f8e0843fbd3e5ea83d3e44e88741c7ec99af7ffbf23e22a89fc7511664f4262c7bab9c24f13deaffef03a87d861c885efa1a79f86b8184f542c78e137d9d40c69e04b20f33be98f4537f3e0407ff3b8b8c86823b76f9067f0d2f4154b018d8e41e5e7f118c18871aec4f4fc66576e014c285c4fb48c2713855196caee63d6ad5db2a36571ad40409db0ebcd8db3ebb8110d5807874fc561a8da0731606078771b0e17f9215cbb1c0883c8e3759cb3deebb963e3337e09d3e80c361f26185aec6013f0c7bdfc7ea9119ecf0ccf2c15b8da007703c93da237969d0af78057d7c083bf3fae7f980cfbab8be6138f905696d11c134acbb31c35b86fc723c
1787432030.4414778 sweep:Generic OOK 4.8k RSSI spike: -48.5
  -> 255 a6721ee8ce7ffc1efb653284d0378f4be80263213661dc308b273ca813aa3e6f36e4d1f26bf5338c7d37ebc6085938fea22ff739070632a0154ffcfbf67909c0384663eb61639b0c13d58385db8e79fb4f0643f4690658ba0ff840770744c0fdc2419fe1ec13211e189b96922f338ff7e9da079a3d3de4eff436128633cd4ecfff7d3d8af235fb999cc1dcf7f08629e173c033923c9217fbb925f3073a72e764b00d2c489d0a137a426427cf771a5ef59a4983d77cd492a927b68e65c41f921189b978613c611cd57c241cff33942cb9ec001fdcc824bf63e27f7a84e5f1c3f99aee79e098691e92ae28b3876e02f9c6e70ed819de78ff14069e2642660e61
1787432030.4416819 sweep:Generic OOK 4.8k RSSI spike: -48.5
  -> 255 987cfaf155fb0bb77e2f9ce21233928ec4c2066afea7bbf4e030ba37089d7e8f1bdf7a631a40f7774f4a8ec4fc96fa1391edf1735e9701fb036ee3417dfd98e1a6418ab907e39efc221b9315e88dac477979c89f9c6154959e73d3f52591dc3002126b1dfc977e43ec32e6fd011f89f78b7dc6205d9c8b861bce4876b879985fd681039c38107a48f747233f7f5e44c226418018c0c541a5349e53b1a11d5b224ac557078584541bc8bfcfef69e781cc1f5ca3e33ea6054200e3ec1c19c2c9fbf5dfe0860410c924659d0b2fe852d54fec81381c73bf49999982428ee98e59a1f31c0c664935d08af53189fc08da35ae099e80c34bed3edf233ba247df09dd
1787432030.441897 sweep:Generic OOK 4.8k RSSI spike: -49.0
  -> 255 f6d39aca1e771fe3089f0b82d5946abc0680e05c59ccf39ede5ef2b91000878ee5f0dcce917cd6f21fd5f42911c1f6a18444a2368de00de1f041604cba14441379d45434165e13e20194a193578845ee8014b17fd150ef0d017ede0b0c44425b1f0fc6863be6b1c265c924a243586b865fffc663d471d7cf744c1fcb9202dbf63d2ec3ac63f6cb4e09b3203fc352e2d8308e0e7f6139cb0b826bd751f0f1cfa071ccf92c9efdc9ef92b5ca971756d5a980be975243df9932401ce75bf9ee28e775236431fbd01a0e48f0fd5e7b77ac8a69742557341d5b8a483a048891431c07fbb7a51e063be0d3ab9fc3cdc83cfe43f9e22c5e2bc24bfdcb2ae287c41433
1787432030.4421701 sweep:Generic OOK 4.8k RSSI spike: -49.0
  -> 255 33c7efc6efb7b7bb8af7c4f06350289f1cf8cb5f42849611020446d99761109c282d1f6204a6bf22831fb45654130ba5fc7e0344b20cc3e3dde6bbf05c4a085b1884dffe67ddf193ccc15cbfc3b23b22006f3932f818662bbf8b47685be0fec0ec3ff128f1965b837aee77e12ffb5644efb2fcba800aa490d47fc5838bcd09c7e2cd001e8f7101a1c3c4181918e88181832e5cdec20ef1a7286f4373cc1d7ef8bb0fdc57737ff1050b86459d7e7e8efa516317bd9d3fb6cabec3276fd25e6abfe27fcc580311b0f1aecd0cb0276fecc8f28e101f2462f5e21b7fa79cb1ff71050187dff961f7e11c3f80be367d470e96c4049710e731c2cbf8e69fb15dcb38
1787432030.442382 sweep:Generic OOK 4.8k RSSI spike: -49.0
  -> 255 4c19c55463973ea4ac7d622da7f8f2ff91afefa2c0c598f61f7d1416b38daff2d9a06c92e3ab78ad84fe2dc08e43ea3a11f0c0e94c0b32382ccd99ee92d41ba8c079fca20ec60c77b17c740374777eb4d39dae1b4a3e59e83e1efd32b5e885702998940b28697ed48ce1f9f029db07eefca1b0dfce2009e7cf9a3ac0eb6c1aa4f7e94e127a0e9dea2f439dafe847934873c1bfba57e78266046019708655c67f88143b12be9839e7260bf0bc4718a2d1312c0d9323efd6078f1831030f79299fd98cec480ac5279cdef075f70b7f84fc38fb770fc1816911dc1192015037be8fc3f3ffa1ff0ffa778143b61c7ef33c531b2c3bfff9b1ed93d99bd747c77243
1787432030.442593 sweep:Generic OOK 4.8k RSSI spike: -49.0
  -> 255 6b173e512c72fb258278e8574c0141c47481bb59e3c967dfc7888414f635ce77d029e33d36b66308917cb953ce9c9ffe0405e358338eccfba3a1cb2c4daf96b93863d9099cbf8c7a1c71d8903c189e73c508522531e48360ef22be6804e078af128ba68a19053c382c2cde7af5907cea1c2042cefe2f2ee2d3f5b0ccf6736361bf6677779c1987e5fd8d8b76aa7df01b67ed1fe7021328b050d6771730c29473c30e8c5b17ff8ff0b71ada699e8a1c620b151ced8134b8f5b7bef700013cc875bc40f3035ce8862b30049e477406e5689db07ba5029173fd8fddf51f4b82327c30be063efc4cbba925b554b2ff44af7201f0c9d5f878844fc0f6c34d5f1dcd
1787432030.442817 sweep:Generic OOK 4.8k RSSI spike: -49.0
  -> 255 d0ffe70bda1c2686db380e2ecbffa9040a200003d80063f14f15115666e0b73c213fd06ebf008cdabcc16d33f1cc7459ecbcef00f70212678ebe404eb0e508727a24905e5dd9f1bfe740d94e9547c0087d5aedebbdf1edbdf81951b8fe783e49fd2797a3dbee7b87031e7822282b8f2e01a5ab3ef4386c3c3bd64618ca17d7c189d60cd5499bf6f612ba41422041da25801e33e7d25f3908764e7116ce4e5ac6a47883361fa7dc745993bce01cd05f00d1717d1378213e5a04f21f7735fe930de011750d32d0aed870f5efff910845d175b8685e5009498cd7eff9c1bf737c618738cf4effc84c733b3abe010207e83130d31c3090dd9a6ebc4ab2d4031ccd
1787432030.443058 sweep:Generic OOK 4.8k RSSI spike: -49.5
  -> 255 fca69c787e6fa254f3fc5920642dc09040f2c5e8ffa83732226fe08027e7828239d018a0ebb758a113ec16f1e18aa976dca1537ba38ebe30387b710566be74f71ff3ff505d81b7fe78956af3b6389588c35ce410622f0d9c03822fc790e8198335208506000b8ffe21a3f96ef3ec2e04c9d1434d874f6a1ddd39341b9608fe747e20ef00589d04e616ffa1ea60bd69ce134132f84fcdc1b091a3e483a163c26303fda981e2789f87b2bfa003f6096e2fa3281763d1e4c7c7d547ed13dd8861a1c3874be0209191869823cc31139fb5afb17bc41dee02e7db866f18e839fb8024a2d13f5f9cf7f1f9820db397dc49c74ca58d0eeaf79c458f7e62951f7bf369
1787432030.443264 sweep:Generic OOK 4.8k RSSI spike: -49.5
  -> 255 890c98d14d6c71f36704861027c86395e1ff106a32e64f654f8c7da1efdc6e9a726de8830d6336edbf457e5a6d2c120c6bbe0c2e3af3dda395452fced0f793a0e31d91abc3c2950530c3b78436f7f55946176c4f900fa858f1a8c0ddc0c2c74189864876443a0af7fc4e7a833fd37bfc404381d4fd9e5831053f17597be86630ae0a45858263122e30ce338c3dd91877e1d86ba806463128160fef1b9464f95fb1fa05ffce3a4bfef3acf00b1210f680ca0ff66e4bc57618189dff293ec1c03313981f2f0a97e85f7c6174998e08c74304083cf107b9e24218afbe7610bc2c463cd9cef68379b2986044cc5e1124000117e0c30fe05567af810c86298e01be
1787432030.443466 sweep:Generic OOK 4.8k RSSI spike: -49.5
  -> 255 003cb181de370f1f9aae60fa2af33f2ee5089a1d618c6a4cdf180f8cc078088a6cdfd40056f20c003577bf3d1f360686221c5ee96f0c38bf1af96f32b4040bcfdf40ef11e0efb1e21a8fe7dab80203bf36130bd1344fcec3c71b11e43b617833c60365cdde3c18997b6abf7c6941c37c903894e62f43e97fb87a03a783e5ed219e9c1585df7f013ffbc98bf5c933fbd0c8ee4c71e93712cf4bf300dacf45d2f4f02763f71e6cfb095ca77fa908ab3a66eff28442dc689667c3f3f7c7eccfd2b9f483c83abf252719027de05656df4b05a1bde47ffc62048c65f107c087b310fe4e0db7382e5299813da1bda0d8507ce23c117b3c0177fd0cb63e20bad70b3f
1787432030.4436722 sweep:Generic OOK 4.8k RSSI spike: -49.5
  -> 255 0fa57ff69e7bb1b5c854f0fecde81fc8638a76e2eec9c152b0e9e78ea9c5a32818d3afe92f111c10fc5ffe32e870d94b724f84369887931c59e8392bd898d8387c5938da421422e681e78941027f21c436860c107cf704ebff8bf7e1ac8cf503284ba3fc3206a00a3f9d88e1ce733006b5b28b9cf07ce027c5cc506a121f1fe774be1401a1bd3718e53a6e3018cf3078910381a474e93763c139af3771ac20e968cea3d781e9aac106f2a1ecf4efb4e2689e129b9290dd569dffa296d852cf0d9117df546f52c76bc5d8de331dc279fb60d9cc731a52f7836c3add2a7bf8bfde01f2e0187a2c95d27d7e016400e5d96be001e587fb7799841def541762f108
1787432030.443879 sweep:Generic OOK 4.8k RSSI spike: -49.0
  -> 255 06f817401f6d1ea07a262e30c80f2fce15ce0d7b243f8001fc6017e7ddc1ec429df1c6d341effc5c7ff038300be923cd6d4d7c5be09293007f57fe01ff223a53529d728bb080dbee6898fa5b82d04401c01c98653f9d7be7c654844c394df910dd6247710182205c6fdb7dc5b2276d04ed7a0f1ecb9c6ff88c7bee3f180b109dcf3ecc1785113706040b5e23f24607818483fe3e66412f61d1ce1eaffe6fae9f7ee8fcf27cbef20247b856236b37bcb6ff9c71b788100cd8e1604972659fc0801ebf3804f24c0682ddd34a747dd13e34e10b843fe128b6603f89a8476ddbd4e07d07585244f3c2081af24d617c1b7150b14073ffb660ff825161e83f4d3f7b
1787432030.444095 sweep:Generic OOK 4.8k RSSI spike: -49.0
  -> 255 419f88b24a081cb8c62ad4277d897fdd7cf03e199e3f67c04701b9e780d4a8f259ab8598c6c3ac6c6bcbb2b667b80cd03923218826064728ef13305ca325b06f0d85fee05e6c4fa4f0e0cc6749f10725e7ddb7830c3e980304d88231f4797b7dbaccc4e85fe65cf97ba19afa76e16833d3263cf382640069671ae9b3387a5b0c11ea1f5706e6f51685810bc8998014c1e926ce461c6a20281abf201a33790fcb7c333b31e4e782f8a50fcc1c622431abc0262729fa615c82d63585f1c40d9bc03e3008ce361aef5812421bbac02cf08bfa1037ef07c0126f80b82af4586930b44bc0d2281917c18347103b789fbc9f6cb132c39ff0c60783e70af003ab761a
1787432030.4443278 sweep:Generic OOK 4.8k RSSI spike: -49.0
  -> 255 e3c57cf918d01a70bc23aaf43d208fafbfcc3314520dbfbe6156e9e311037409eb9ab853c9a2a6671c3b0a87abfd3853364afe7826efef4da96374fc601fdfd8c0641009219f4882184ddbf641f0b28313fa4bf2582b7ccb66587a65db2ffa77f50cf9e0e335af25bb310897cb8fe0999fc6617365b74ea96df25b4477bb4358bb39fc70cc1e711c7087e414e9b3a208d24f78fda84f19e9ee270d3043ca7027495905859e77eecd0b809177c1e3890ba0fff4b2f0faba051dbe1971da8d6fd1ffac17302d4eacf883006e1bbc74585b15a326b99bc05104e147efa5ef91bfa27e336cf7b5210d8e0780b99329ef4c1500c5c4d6e0e8800fd2985c2326c221
1787432030.444565 sweep:Generic OOK 4.8k RSSI spike: -49.0
  -> 255 3fd436384ea6688e476de3d69ab74cc1fe7483ca4de3a192ceb2be1e301831073b2c39eb87d5f02c77b862a3b16671168d0cfc7098fbe50d2a343960c2b33f6f7f2e3387c1f33381cb8f9073f5f91d0e2e38789923974df5530e3e6f3e62ede1c3f754d99143f14a03db864447ab7f6c509f35ecdc09a7a2839d6eec97e9c98a0d086e0085bc3570ee139b1e9a4fb96cc1cefe4c41d3226f49f70e1fc444e9ce3af21a452da1bb00d16d11c2be00c418f9df0a78e782031007d93d3aaf311adbc9cfc439fa68904415cfe279275eaefde2fc374e181b039d8b0579647211ac393c3680707e9eeba04003e3f6812fb071b6de7fa791f889d0f0f17081e878c8
1787432030.4447842 sweep:Generic OOK 4.8k RSSI spike: -49.5
  -> 255 820195cb51c18bc78caca1ed2c03ccb7f7b82a29c6373b840bc6e9184d82130beaf4f938e49f01bc4fbaad784c7d4d50511010f37fa9a6501ddf334248bff9d93c365c070f62d00687e4766be0fc36fe9042703f28fd29d03e297c266888dc6ce8f86d09133d494aea098202e6d9c4086b0a28e8fb82cf035e01280fc0c79cc11b9103dc1829cc0dd0d8d0738c60d0e5981f001210f60227185c9e03bee363b27f35db95fcd8603ee0b065fa41c63f2f0deddf517e1a91c1e62dc1e63a42cefb010c39c6dec63367a4d4df0d887dd2f33f15d9462d7472d097e8fb81f3027a7f295e406a78d320e0649c75b8c888f9f87a38e27274a73af5b96e59179fe1ce
1787432030.445054 sweep:Generic OOK 4.8k RSSI spike: -49.5
  -> 255 ca7dd74df1fa07b646757004def48d1743df653eb350a413773fd39a4008041c9699b97190fc07d07ecf465b207eb3fd83f8216b0e718af05549f2e79839746c94253a500a9834d6972c561d2a8e2afcd61923e25a119ede9f3fba997adb79c76106804a2ea090fc881db8e09e5718880ccaf5015cf2b409fef1f717aa8ee003ee5eb98194da1f2cdec5c5e2020373efec702185708a547a5c4d064c7a5e9b5e003635332b97dbf84de6e9d4f0b1c6c7f2f897f608446f2bf7c1bc9a82368f2200f6b81ac2cda6d90989056c0c18a07804e51a3cdba1fae670f0caccbd127312eefc3fb46a602190f0502cf0ed1ab5fe9ff00f3ab8fe107e45e6bbf86b1d03
1787432030.445274 sweep:Generic OOK 4.8k RSSI spike: -49.5
  -> 255 759f43d326123b3740b9a497c5a97c4d5f037ef45f418604d226e57812329e6b46be65421b2d3e5804c7539f5daf15ac6f277d6b6a86a5d39addfef0f1a999193de7006e7fdbaeddf38b80cf9c3b48e2dc9e7f79c688f62b2a95cd5dc73c4abbb179e19f459d99c8fe88d317fda467725975831847b3043f79e639fb814dc9b030671dc635b9b46448f5ec9c443d031748a59b30f2f33f61dbeb231851440e19bdfc8d8425483f0cbc7d2ec1daf60cff1a8d0f5bc1e83096915a8c7dfc397c3029f308e71cd8436e3ffbcb90c9f8a55010702c3e2731c491f87ac0f837e43e04b1d0e1625ccdda05677ec469a06a8b6f8f427af2681287dce3a3a4de15973f
1787432030.4455 sweep:Generic OOK 4.8k RSSI spike: -49.5
  -> 255 dee18c6dbd87c5eb89f8cef938e9f5e3fe3a1def6f03d35cb10e695307df682ca6152fe4fab475e6c140840cc7333ce79d01b345ceb3c064062909fed81df1b261180c5e4004e78cc0d80cc340ffdf607bf0a006846f241c7974fa239d467fb2c4d76a103cf15cc781a211a74c0098e7a01b163a1c3ce30519cef37c3c7ec14e72bb49ffe20e63e9d8401914b01a7ee41e2131f5510205d1895721a95e6a5d0509c83161d12e1f719e59774cbd998d3a6eadb39a02a1a9f08469ca60975e8302020c64e2e5a255b58901a06441a040c22aa355dff808e0a596e7bf3c878ad628b087ce22358497491426f063c951df9f9dfd23e3ab247fae102b9ae33834cd
1787432030.445706 sweep:Generic OOK 4.8k RSSI spike: -50.0
  -> 255 4e21a21ef6fd83b3ad1df89764750f81fa179ce0fcd3b33d408dffa00fc8acbf9160fbd8775f462fe0335e16d017bbaef7bc11a04d3b050fb2fb7083fa92fc4f078c91f29ed9e1cc9e0e483dfafc13fafacf3f4fc0d7989f80cce7dfb5a3243f5a77be23ee44e1482727861df8808a07e04661256cbd1463199104aff1e669eecf220abee9c657d8fdd1b2d1da9ac66dfb05e40c389d8265a72748eeb78219d962fc635aec91a57e90dc241f6c02ba1d07cf9e1f721cb714e12db2818c239de33f1e56e5af0e91ddcb68f848f4dd6ec6e8a623a2e89d019480de6c496eb3c4bb60b1c4bde37fb5ffab7c3f0fe6cbe4b9776a3efefee37ec73e489224e52028
1787432030.445913 sweep:Generic OOK 4.8k RSSI spike: -50.0
  -> 255 be149b9103f4d8d7a7834898f673848748632ee4ff5bce664778f7761fa9733a13ba5dc03c1787574c86b158fc00f69d79e54e5110f1c4c77a07d3e4f401bb19a6842e7264195b1eeb9dcbb81f3aa47c93b60121d9656ecf9f30555cc5524c00c2b3f072bf049df9437ec755c073cca002321cfc4ffc7df7251cf1df9f11475fafe222c325eb3c36489b8618c19fe9bf60b90d13fb213d4174c81fb27ce707da1b902a1ba8c21cf2cf4f2d6319f011f5029050e751984ca6dff88629345fad39f81b88010aca38c1f2f1086017d320fe39a681f019f0bb5cc41bd29fe8bf483e7fcef91e47633b96c8d0f864e18254edf27d1da74baddee232cef874d83bbd
1787432030.446167 sweep:Generic OOK 4.8k RSSI spike: -50.0
  -> 255 918b3ddb84390d798e591d9368bb4ac4e224afa297e0461854637df5a5e355422cd19e7487673bb7377f0c624c86c06600852226d94151c38baf03f996bfac39ae6d7e1a1ce288e9f0d1c5a85c541f65f79fcd76025780dfcc6d7a8fc39e7036fc958ae8e4cc4f1eeffc695b06171028e96145e5ae61ed0a494f7ff89f8d772fdf2d0efc0a1a31dfbc2d28428e06da2ba9efa26dec6ef21a3103f87961bb59b95076decec36ba921f19b1fa48f2974e36bf715cc0cd67428f85e7c16e04bd9961982b625a5ae31ad4cb4fb5a50bd0a159021d87dda85f1c8d8cdb01091ee0e9ddf719237618418e0d50e1e75fafc6f27654049f7ed4174cdffc35f01ea29f3
1787432030.446393 sweep:Generic OOK 4.8k RSSI spike: -50.0
  -> 255 d0a752c1c2502ab09fe610b0fccb8c0428fa1acf0e3fbf3e0b117e7e1b6737dc9afc307b1dea53b103aab5efc9c0727e1c286f8fc6f3831234a1ff078f1bd0005bf81f8dffb07e805e59d89956482760ff4d8c700a5ac2e6abcf00e88a12152c229e78b69f19f3bff3ef8dc7fd1807307eae61f85e21739b27dde0bc9f399e90bad98a19c6474211d16e0f777affb82c09034df334879ab0df77cc209c9eb6397c3e9930768ce416dff7c73c00fc205dfb0bd96dfb7c830898542f6c93ceb17c24d46368fb2f218848adde0b62cc030e37ed3e1333f4093f72c99d69fa95d1e427a91d8f5ac7106b27b98641a8ef0513835abf223be9466f10b69127d925b4
1787432030.4466 sweep:Generic OOK 4.8k RSSI spike: -50.5
  -> 255 bc2fffc81ae574ca963331e3987361179ecf9863eb13b0886677c0443203663eb1f43379e8a1ee37ff837c08a38c9c8c7dfe1feff51deb11412d2327d58f40ca0b9fb33b074bebd98fbfd12013e67c8070405f2e8fd5cf3418301ebf98848cbf067111277bfb743033ece0020062f39362cf20b1a77d9e021d9efe817a23146ba47ff670034216d46d0b05faa87bf1bdde37826f780f13b821b678bf0fd04f3fd8bb86bdad8e68ddebc004ef31fcd83c96d0c0ed917720e3de084b3df94b23e6b0d930a43eb0d41407b705187ba4f861cb8e718ba2409ea0dd5034d3ecc1dfd6f507fb9b42d1bffe5a3180f376e9dff478a1600e4a46f947bcc1af8cff4121
1787432030.446836 sweep:Generic OOK 4.8k RSSI spike: -50.5
  -> 255 3b5a1eb8d849870ffb156b9e776798234ddd6b5db4fe46247c9b807dc6e6b7d0ffe5e12f682268dc1cf41cfcefa144227490a47921757d0239c8a62b63dcd116d3ffb993ff38c00d1d9f958501c3879fb9ecffd5257f8f1235d40004a0a9ef3326c30840003660a843d03205d7784c4f79801617632a05eff74ec83ff6486bd7cf007f01888b80fe20a497482c3a16ce008a3600d03dae931fc16cc5f70e83123cf27c273799ede3eab4981e70a160984608b6c2dcb3bf4f4418b7e3e063ecd981d87bd1736bd7991e3aef61bf786a6775e01ef50507a8f18ae48bcc57136b9b615e076e738eef25e11d6ccf0d801f2a45c979f47032e5682313c36a7613cb
1787432030.447076 sweep:Generic OOK 4.8k RSSI spike: -50.5
  -> 255 ac257a4f0d0357185e60be8f1660c779b563be7fb497bff0938afe45707cc1e6100e6e49b74baf61e38f948e307f7d75f44754698400daf00b13b828f11cfe03cda3300013bfe529f33f71ee5f4bb8e81c7625060769943d9e3cd83082f1408fb5ffe202583cd5db75f2e598e7f26611ff5978e642cf22670208fd0b134fe21100b26176cb1189023143e4385cf9b16467c5d07492fc593a26dcd878990f082017c2f329cd8e18273c3db86f1d83ffc87a1217d9fa70353fe4e1c1325c9aaeb440876aba8b275ece7a741dfef72f876ad5b6018e7072240e093e5d1a0eae252fe05725e5d71898186274df85918509016af65a81149802640cc62d862ff3d0
1787432030.4473379 sweep:Generic OOK 4.8k RSSI spike: -50.5
  -> 255 bc3ff91788e647f08697e7b0fdcf1c26184ef64249207a78767cef0f46ecc0041cfdd27bae25b00f2c9e265118753e709a200f29befe0b7e2a2066b421ae3dfb3f82200fb5d5ff860bb0ae75db80b1e48656e069e605ac33b06cecadf33bdf91e4c68b631172938809e498c1b0e9e073a16fe03dcd0b149d3e31ec912fc87dcc6c43610b69e443d7bdcbc60f3f62720c13961ce5b0878426b904499e81c1eb8b361c7ca7eea5eaef9d6c7f7eefd7cbe109f46a760ffdd4598839dfe83a8dd3cf220c9a8d60872421efceaaeb29c9382479c72e3c04b1bc3974fdc560ef3c489f4b44d120f691c1dd6e8b9b9c5459e1b23ac671eba0761d3dca0e8063884140
1787432030.447565 sweep:Generic OOK 4.8k RSSI spike: -51.0
  -> 255 94ab790dd996aede7f030b2b589416f031746843406ce4c70c1a06aff0e7ae141d65ccc040b729cc9e15c41bd2870fef31a452ee83c734754cb304fbd01ce08ba1f074c447c77eec28f587c05ad42f06e6187fb1b706ef35cdd2acc9c1e7c019333c43acf14003f9eb5308fd0eff4243c422acb3b0d60a0c705ec5bbe19f2a0bf5a4d08f8bb7dc5e39c415814921e7c87c4657d8366cf91baac9e305f77aea4cb4821c60c1321f5c478e20e7ea59730238795357887acf87829f10c4efba9b8948ede9a0f81bfd2cb23f38c327c2f34d20e6e1b4c7ff690ba3df17586f9219e91989c30a44bc568e22ef7d030e470b177fbfcd4a813ff1df3fbd38f5e8143e
1787432030.447784 sweep:Generic OOK 4.8k RSSI spike: -51.0
  -> 255 045938edd91cb68bacafd993be184bfa5b819e360de1fb02a7fef9f96a29e902130747e01ac93596334564dc5e3d9ce78c71e406a0416116c28fc2236da2faa3ef8f1c89f074208637467c740f9a2c0e1f3c3eecfd81f0f84063683ea792603a63c80819d600462c249a998d6b68d0d079bc713882a2f1a3919908a8e3c7389a2819c7ff122bd77df48f83ad863e8e86e0c23ffc1c0380e8ffeb02b4eb1203450f61dfcf95fec33bbb56e84cd8effda2e20fbf7e0c2485eb8ea1a9090cf994fed2b034fdc4694f9cc3604bcfadc4e0383279fbedcf79cbce148a5da7ae3e909074767b56689aa1f0dfe9cf8fe091e3cc211005d0043771916e30049a5b898c
1787432030.4479868 sweep:Generic OOK 4.8k RSSI spike: -51.0
  -> 255 bc7cf642bdee92b8cd8d70ed1a9a52537a1c18afd9de4da1a2eddaa87c03a827db3f5062503e7298b8ecc18394df2f24249efa40178d6176b9e09fbdfe6e9e6098fd438401c381d4ded03be1ced013f264645035c262198635f65cd87fbf2fff7d8d0c6293e06e7b8937fec479b4351919a01e4d53e45b3988ee8449fae2118d8e8200562377c395cc66b0f5d3d2fc183e4c656bc74b7b39f023a064f380041fecb07db5a00c435e8080304ef00a7eeb79ead7af51d3d88214978d3fdf82a0f0d0e3c4b8d94fb304172206cbc8f700ffdab9bef07b9f3127d3b907511f32575423f9ce37eb9df70305b1e4ddc2dabcca0523ec47c4b73ffed7bcdf94c84dd8
1787432030.448216 sweep:Generic OOK 4.8k RSSI spike: -51.0
  -> 255 c00e2b7f38cfaebf4b616d33d4cd00ffe31a63303c4318610c04cf0c0e31cc3007dde8640d8e1c6b44e6a749b48a28f30f47e653ec9bfdd85606ec8a088f87f0c74cc4cfc48612603e5b2e2f9d317980e90e6c56c7f8fd4c0c85ef700e3d7f05b39d0e8c659dffa080148bee5c7f4af57ce238f0e7a9c76cbcb2d249fa3ccf491695f86478de636638fc30c4e00703fad54fa4a5238791b0cf8669fbcd3b90e73c710ef17b797bdca567b8694b0f62b92644781bcfb6638264f102209ea03f8202633913e49402c19640147de2800055f22110821e1a5de020f3fb6b05c353fcfa1c1f572c8e07c9ef0fc4ce5e1a0c48248028901f087cfefff74b7f0c9f2e
1787432030.448444 sweep:Generic OOK 4.8k RSSI spike: -51.5
  -> 255 20fcc451d74b4aa199473b6640a95e86bcd25e8077b727ec4044b861c7837eaded1f7308ff450829b0860c3ac34f7ff25336e4729deb7b8b271a58030c17071af3c860fc6c1fc7c0aef0f86a6f147effbc9cf5efd437d57211eab6c22c7cc9d582d29335fce7e6ae2186c556f73673618187294521ecadaf0de878c6d31e016e9b085b8cff1ac0d5f80fbdfbc7c8c62c30980d63e1e82501c4f43a54c0634c37b9f0a58004a7041dac5e431bb6ac97d99385e2660e1211239d8ef57a801ff0d6cc817f85613cc587142498e226ee0947da0c8a77b507e17c20e1f0604e218a1b7f36e582bc7645e04056b838f5d6d878b878e1de2231d77571c2266442037b
1787432030.448663 sweep:Generic OOK 4.8k RSSI spike: -51.5
  -> 255 425f544baac629fa0415f0408c3a721061b288fa6e16c643cc42426cec008cc625093cd383230e943519cd0753c6c0a0efbdff95517bd3f61d46ab71c2cd2f206e7da6feba7fa7fc3b4641605a90f7ff0dfa0ea711cde128ede9e6f1647ff9d01c7b57431b2f799c620ef8ff57e00c6a49381fc2af160e535d31173bd60c651d2ff11ae3ff0ada2fd0bbf7ffb9cc6861ee66bfbd9f8113090f5873c5f8583a8d760e07b9ca3f67ef67ca00fda5e63fc1ae6387f43fee3b18d7f567fe957227bba88bd853a2dd24060b1dbff05464c1efff13ba01f6fb9991127b3b0831f13c3d1f14ec7fc8dd6f1e1ae64bb2751b7fe3df0961419f38d047076463e971ed5f
1787432030.4488802 sweep:Generic OOK 4.8k RSSI spike: -51.5
  -> 255 43151532a1ed7fb04f242b5df3ef5d281fa63b1845e1e3773d3ffafac7d71ec03f83f2ccab08aeb3fbe5ad8d78b41d76167eda7004129b10c62600823c8d4fd67f48484375052f6585df8f4d82c2e1ede90cbff0607c6c67f2dd1e1a6b64afdf6faea0f00598057b1d646113fe800e84009c753bc1d18996be39c6f0561286af27f1bf05570000c65fd1f0ba3edb090616f113c55856331a4023b96f0e3c91c80bfe7ca0b087f0205c8c3eb6b0f90c0f93eb6e18237703ee38ebacf6bdedb979eb038df6fc3c43f9bbfaf93add5642c15351774be388e05067ee6788f4bf8bda8801071d0a0df4c68ea0c0b7501e8502505a938f9cfc33ed484160f45821f1
1787432030.449095 sweep:Generic OOK 4.8k RSSI spike: -51.5
  -> 255 990fc638e7fdf227b813cdc39018c7fe4435c417dc44c9cc8386f77ba9aef46e51c0a00cc7c217271f51ce1d1c42433d98391cbbe5f2011399f070cd82183ef8fbc733ecb51b5833187c0b321f50cbb0211958d4f2eea0f8fda98b07b84e493b018b562ed3c7d0b064e6cf5b1616f9b297cf5ff736983c554a8a41fef90a5931919d734da9953b5c5968b498718838fa599321100bde5cbff6fe217202c2e87100fe2687d89079ae63f847a42972083a5263a2fd17640721c821310c800d7a6124d03f4dd9b342d2970b37182ba4f67f85a5144ec161941dfc9affe490157f760134907f288b8fb134eb3607c7fe1bfe70bc0313b1d0737e52619dcb132120
1787432030.4493241 sweep:Generic OOK 4.8k RSSI spike: -52.0
  -> 255 5ae278b3463375213d1fca5058cf7c035d398044c1a45f736585353cacfbc9a45e3168391c4b0177ed79844c10b178d6df3e04872b30232e60be5873fddeabef54f4671f31a65e13ee46032e7a21cf2f0487e3cd42c6e3d04b67a1aa2df22a94ee153c3a0635b09eac3371a7823970d711fe7367cb9b1dc8b219a3004c80101fdf4a0f7d095cdf7f4407ef0070d182ff6f7dac40dd67e3e233ebecbcc77e301304aa30ed186a3133e0259da807399da8dbc3385f78fc0fae00e8326626de09000bb2dd764e0f11183b80a041848d566f63e12a3052417c0e6fb2c588a5cb6f11fd4058ec8d5da08edde365b95efa087d4fe215ef818fdaf3dc39eff2fec1db
1787432030.449546 sweep:Generic OOK 4.8k RSSI spike: -52.0
  -> 255 e2e33baffc5fe5c8c42b3c08e22c1ff9b7127f8fa87fdf6e2ac9b553d6c7be4d87c5fdf5922b9913e7bfc7fd71fc231d57480f5c195e3e621e3a6c4fffdc37a9472fbffcec06fdd3cc8ff44b8ecb2a0d407d9200240f204f735c5d13208d261214fae3d67e28ff7356a8feee0f96e6c164f40021799538b9ddce11330126007a2801e73bd422d20882bfcd1d4571c0c3fcf5dce4c436a7fae19955b063b703a1b6beeab7bab1bcefddfc073ef30c0da7d10da4e2511c21181fe2be0e93e2f235f1b7c562a7be666c60b09552f3e4b7f1d789b274f935d718c0b7465eb4d1b630db875bca20fe181341ae7c68503ecdbb7665a25008e17f89658280fb170001
1787432030.4497652 sweep:Generic OOK 4.8k RSSI spike: -52.0
  -> 255 cfffcc8e3c9e1cfcc0a335d4a5fe0ce23930b2f3f001c09e60e086689073f10fd8e7ffd86401c30eaadeec085a5f6606393b1ecbb37ffb05cd753093d94dc04e9e03fb05162c82ec0f298a03c7392e4876e81d06f1658b4867a00777c90c5405d90744e9c70b0bd0ce8272679ca7a1dfbfc325d19fb929836080ca127dacf9c03cd17fabfc599dd2cb67d9f0b2044113e9421814dece13b317b649b6d0e8d8d24a5fd0bcbae139ecc3357c983b408ca4e563b5be0e23b18173cd363ed5303150e0a9b2ee8a297337df063703cb7e5b0777bd9c9fb4def6c4f87384b29ee2e6666120ae407e2a19e74e2adf863bdbf1efb95a60df8196f931206468c1aae03b
1787432030.449982 sweep:Generic OOK 4.8k RSSI spike: -52.0
  -> 255 6f4064e3bf30aeafc027c753a1be00b7d2e24d60d83bb8a1941b03f858e0bdfe87ec9b3f2603e8ef5fe4126e531abc44b2d983bcd45d2436c9fc363f23c328737e8bf01fe9897caf1c8288fb33a00020d8bd9c72e3300f61c28713303f57f7f7ba34f0ea0b0d96d01beda005c265050a3ff6955f48f8fefb4e6aa4a99450cf0b87e0e9e1e5d26307586f063f95a3b65f8fc5647b1dbf86bc4a0efff0eedd91e898f876263af3c64989a04dccfddac350cf699f8862de71d39f189907dde72d0bc1938e3fc340b37cf9c737c310e4933240a6df3c3a545cdce830dabb69975a2ca985eefb6385fd406599f986ce08d7d3883c64e77e70a58c3261265d95ff6e
1787432030.4502022 sweep:Generic OOK 4.8k RSSI spike: -52.0
  -> 255 7c5045018ced6b88b1fcf7b0fce94e6367e3cbf2e1ace981c3ed70d1b071d907de5c0d9d27fdfb2d583f030f1d36da68b842169e509ebc604f91ec3ce3e3c6ecd2cf363f885f0d846b77358cfb50f5ed4499ff819c93dde58bd7a765320023f3606e16c5f537877f256e2d907f6788573ff636907296467ed0e20e7672f4eb8c5c9e340e377dc1eebbc524a86826f97687a33f6270666bdc5b9a6c0af7a45e36708eff93da3df6d5e7f341c3478dd821dfc93c05c26484c39809cc1798833eefb3c4148d822191928795cc0b47486f1bfba23a64ebc777b7803d8e70db363dbeab46a0f1ab6f989dc6abfb7cfcc412fc25747c1bffa6009e737b5478fc3b90
1787432030.45044 sweep:Generic OOK 4.8k RSSI spike: -52.5
  -> 255 9c70fece800c37d52ecfd9d7dc7ffc5bc8b70ac8ab89bcbf33802630c8d534ad41f740feff0e1f758ea1a57e0ffe643f68181ffd9eb38ddc7c192edee1d2772f53a19307919c785db3af5688390143b6e57398e60f0277721e694ff6111e6a9c0e2f74a06246e5fd4a634b2f1249fbc2209d6e76059adddf985e5899b4494bcfc29bfc6f63277fab851b0e49c0550f7765e7e05bac66f5f0fdf9d80709c2fec2abb1e02120d73e2263b0d01a0d31665703081fce9aea1cf282b9ef7a7dee345776977788220d547ca7e1168398084900e39e08e0ff8e565d71ee5000a1b0e0ebb1c41009722bcbf9b30c2dffa16718a77832f0dc88c0e36155f01d96358294
1787432030.450658 sweep:Generic OOK 4.8k RSSI spike: -52.5
  -> 255 6f1bd8faec71db9117416f96d9e09848313982557fba230427af57fd7e34bf8835d432c0e213f793ba8129cc1e017ffd7cc2208377b81f31e896837cee7f47cc86ca3387c81011db9fda69ac4612ddb033bf07404cf42e027361119b63b31c8f4ba19b97cecfe0fe9e7922189db44712bfc2ce6e001ca6d0a96bfe1f58cb86099b99ae3611db18fd0142d98b6bf355f2a6387a67e00c3f429fcd564413f8bf9b5dbbc9c9895cfc481071fb9a0b02034f0b89c9191430ddcfe98ef5c43211efb12490ff7f637564810daf97787335a6105daf8314af7afd892b20ae790c845028031e9ff7c703e2a43c7a2c440df5efbc2da8720bb45fe3d30de80eda771a2c
1787432030.450868 sweep:Generic OOK 4.8k RSSI spike: -52.5
  -> 255 05009a17e3f05c174e80caf255f0cd9f1e13f3e346f7974f36415b4e8af02d03a9a21fcf99bc4a363872613f00b6bf4ab6ffb93c858db28f7464cac8f18e2fe1bce3dfc3827cc9cc41ec9f0601f1399b6d8157d86fe038dc60c20c3eedc94180c25069b0ee11bfe0843d31df180a67793f62fcffbff5bdddb8a39bf8f2325f4b032e00ec574ff14e066bd202c2269a8e57fdf96623cef4f2845ab7963df4c77c8ea63917b3624e112c0c711989b0c77f9b37dffd192afe07bebce47789280e81e2550452f91b2ff539b5105308c81b9e599135374ca6c7f7c3de0b1801bc6700fcde5d63735835acf0284f1a7c6a54b640fc220a322a4d251501b1fef16a36
1787432030.451083 sweep:Generic OOK 4.8k RSSI spike: -53.0
  -> 255 3031c1702b6abdb98c019b257c6788afccc4db427c8afd27743ac031bbed5aec0f146f83a6843ee23f96d91d83b173c782a1cddf36e2d3b2bc9408ef29c1a6e22770e1ea79ea4e9a599a6ce1571301a95f107222e61bb2429f17d6098c8251c5a22986350ea708cc5273a81f826a8371a797fecafc0aa912d77838485f00fdece9efb00b8ebb79a404dc33445bd77bc8ca616bc7d4017cbeee04b1ebf6271d02a8dc73feef5bed43d0f862f139fbfd1fec1a30f9a661c8ee61703c00118fc609b192c9fa480f7d53a0125ebfd858507123bc1192467f9fd01cc216e55f4fbcfc0df35a7204aa0d1146453eadc47b8125d8e4fb4423ff1b039ef38e40c2a442
1787432030.4513202 sweep:Generic OOK 4.8k RSSI spike: -53.0
  -> 255 5fdc6171090d529be95da67c761bbe1c8bf6d0f86cf094654932c23764d38e44908bf33f7f167c861e24395d515f3386616270fc21ecc8cfc0a157bdb504563f03fbbe4c96084336c810dd8396b1b8840c1708183ff1df907dcbffc3b4b410f0237608ee79cf31999fd19210cde297830ed350a5eae2743a2083a5809f7b9dfe9a8e47a4f3a3be4425f62f916dc11fce39494b45952c2ecf923362d6d3a873e14b83750957cae3ecd7fa70a5743020b37e1f26648f169fd1d9d349f8700ea60c2ef8e20be8d205f203a75c0fe95503a796429a344cbc02e66ff05bfd990d38ebf9c6b003e95860fd7efdc5ce3256685a7e6dfe2f678311e48aa01334df2037
1787432030.451561 sweep:Generic OOK 4.8k RSSI spike: -53.0
  -> 255 23103732c207d660849d7d2f400485085562efc01581f166047893b6d0387f72158373b1d7c061a2f3bddfd36d627d529b80d227e0b1a9dbdddb4a060820062f64e0e7b8d7dadb9b70cc1b881290f35c0abb96ed7b2c8bfb056cd8868b79fffb65b687063366002597e044faa469b11e63f17cc19d355efc27cc5220fee033ffb9f96040383fb60221714b7f13dac5bce4c0c6c2dd275b11bd50bf7361f03018c7f6001d388e0bc76ebbe7b064d37c78efafa678e375e39cf3695c3d448fbc260e1787f82e330e64e59b5bf73bd0b4f35730c1fef02c7b00d614f0172eb49e07e1c1984ef7c2efee0c47830c90b4115700217b546f2cb801fc5aa3a9f0075a
1787432030.4517791 sweep:Generic OOK 4.8k RSSI spike: -53.0
  -> 255 82bee5fa116b6c6154a1f8b98405c7d0488b5ee432351840424bd49e376d119c7fe24ef2850131abeab46454a4d41536868809fa48c746182e745d3108548973e267f8529f21991b949649987e8c1afc208934ca341d9b13eacc0ba83ce07c2c072d320190c849867adce5fe960e4bf55eab996dad3bb92ffddad8a54fbfaf31e6bfb3677ae35f5a1a8207cc1a27bc637ff0e01bbb3943a1e536e7269c46d00dc4a4c2bbf86ded40f7960e43f46edb8312c2fdc1631fe151f606d4379dd445ca0423f4684a0241c0016a567820d6825a36a40738dcf8d881f9c782b1019ffeb5de659b3f6ef03eac97a685bc103800ddf14f3045cf29b7f67bcee345b063f9
1787432030.452061 sweep:Generic OOK 4.8k RSSI spike: -53.0
  -> 255 a802f2b9fddef5ef889cb9ae744accbfd7bc3c0c8b0af8183986c37f7b49f115dadd7ecc831af09afcc073780bac600b84dc37b81d1e478b3bcfe0a1c59ae791e1fe72501de103f4ce5387fa9f7acd97932d78be5388eb8d63914f038a79874088b35d926fa21e197cfadf56fafb7cdcfdc28d3e397be9ea2c05be0dc91690cf35fdfec7b7e8007580ae3e092196d98f80b47a77a9e73192384e98ef0e5727433636f0c1ce8cb23ec0f00072fe34e97f43c8003b1cfe1de7dfac1e902702d4d9520fc70e7b54d2d564fa6bf06a7014d39b90fc3fe2bd935b74225603480c727ad1e101190edffc80d81f19caf3738303ff9cf3c846d3af61113621f2cb201c
1787432030.4522722 sweep:Generic OOK 4.8k RSSI spike: -53.5
  -> 255 11284f983bf7afbda7d1e412ff65ac40c4487b83207e5f097070dc3b683cc2b8c1ff12ef3cb05e49a57b454c2fc1fb937a02baea2380069fb9509ebed778cbd3b6186fd599471e1899771cfc819efa746db708c4e43702aa4f5de079d1c5397c3ae10b006780e28087c0f4f7822e8457d1f82409542120e5c04749305f2e92631c666e0fa43d001041ee005fc82e83f0af82e7b8e64619929ce1727eb30a0509d25c66c66321e3e5a8f9039970fdde5821f80fef55488e427b02363766e137c3412d800c7884bd0e9c064cbde072058c16ae44b0853c136ed20960a147d30c42d9d16852c0c0e0d1908fff4ed07c738bb7c76c2543bdcb451a798562bad2c8
1787432030.452479 sweep:Generic OOK 4.8k RSSI spike: -53.5
  -> 255 3fdbbac88d04a883e41bd15cd3abf6cd7d0075cfe427a03ddc588a6785c357be4133f65d203fe489cbacc9c85b8df9497c6dd7d3771cf1be82e682dfc986a7202182562c302698665f8196b0d61c6d21e0db4cee6c6773ec703b09e08025a452f9d277ffd7efd0683c7d94c93b037e5dd92920e582b64e43151d183f01245a766e7a06fab05a1f409c9e698b67d85f4f4fc56692ee5db198678e5821134451c78f61fd332e042cd06eb00e640f37cdc24e3183fb678887be0e0d051731f6377bf1826c97a4dc609f391fe2995d0e8f5a3b724c8473debf700ee1cff8ced31bd871cbc937ecb4785e66ca747e9c7789bab39703a23d86cfb807826ac9ce73f2
1787432030.452685 sweep:Generic OOK 4.8k RSSI spike: -53.5
  -> 255 15c1dec9860fba807fa4d142163cd7f6285f8d15e7f42bfdc0e6c04047b791927004e09a12d308d9f4e32e93a8bab7972c6a381fc50b8d9a61460e20bb0ceb58140e1a7d9335170b37388ff66069bf09f803f86c2d45035f9dc00c01e860c3001bbc03b3007d090023d01f72d93bcf85701f03800fe400eb4c49f06601354fc5f36fb6f323b151ea66ab404d586ffd098c650f90a1a79c6d0c006cf798901a785390bf534a71fa9c5c03dc6a0426e2ab78020e0662e0c6e4860fde3ee7f8b16cfc993e9f23f0af7e34d94e6530f887bf3009663f208fc549660c2607c6009fb63a493ecdf8ef84b5cb1ff68029783e51d2e439d2b5ca15941ddf08c23ab258
1787432030.452896 sweep:Generic OOK 4.8k RSSI spike: -53.5
  -> 255 1f926efa0f923f806bcfc7619d3f8a0487f28e0a0637f802303fe3bc70470b0ceee22a07249e2031e2fc797f3d6cede86dfc1b10c02318feed28484ff19b41385e3465ff431fb3eb3711e6d8f36de0d867ede7fbc1119f8f1723faf6ab9ce4f20280081f9db10ee977d1907ff3a9cef8c8827c002ee69f1a4469a25db79efa0e1b805d9c238d804167e761fab21329c0600e6da123977c7e828070739008777be8cb07295ff383bc408612c3e71757e2f45e225cc2284e6bdd4b840d7c9e461b7d30dc33f867dd07149d3e6fe7f17befd079247911e0a5ce260dbecee6297864f836247d6db1fe5e978fafc7ac0a26c178b10f34198bd23bbabdebe1460b8f
1787432030.453164 sweep:Generic OOK 4.8k RSSI spike: -54.0
  -> 255 d0e1a8c1e179368b6ea06755cfb13d6b09c637a04ff44e1a7f315f3d98c77e290fb099c07ab0809fb530f9273d877c36394a8719639aa1677f760408d8c6c020d61c7c32699c678c027a3271e147056ae9d7e07621b2579f314de722193aa7c044ee7440f00211c9ee0a1acfcafc44010f02e50a793faffe1ec30951f186028f7287ebffe7a006b79ddfd0cb6c82f2be0a7cdfc773abfc956399e625fda819eec6d5409e99b4e11befc8df22eb1b0e60e6110dcfe26ae5ff30393027a6698b4405bc0548feeae4e44fdfe3d43dbc6e4984a62bddf975b10d73411c463600ff9cc7573fe85d1c183bda0f22178c57fc6240359793e0d920880f3580298fb43f
1787432030.4533749 sweep:Generic OOK 4.8k RSSI spike: -54.0
  -> 255 01a111bd801af3f0db1a4643d8f87ff27c0c1675ca64c4170270b2b823a011d18fa0cf01f6284fbcc3aa54cb47dc85b830489cc7e4603a1afa250013d84e81717bc5fb70fbef9e6b5d1fac401c5b064f7cf348683ed2331b730bbb0cb3c3dcde4900fe460c8a1379b38f675002be29bccf772e21618cf6f60dc15dd743dc649dc6bca90c75c2fa187b22d02651c0b7f063928293849d373d8f1c7f3c37eeaf891c8e028f17d633fb24587b85ac2a8f1b0586049892c83220e683e477c05bab073f2c21698a7337e001322f7881d132d78c01368b9c89bea14632cdde0fa9a10e7e71b77c7a43c095fa8e622671b03bdd9e21d4f148fd47ebab6f2d7c05e491
1787432030.453595 sweep:Generic OOK 4.8k RSSI spike: -54.0
  -> 255 b0d3535422f04031a9da46e603e42f088234249acfe81e342d997b88fdfbc375f45fdc1f9ff83e9fffee3d3eff77b1346a0eb58c1d7ebf8e73385bbbdf53def5d6f86f745328bff8f87f7fdd0fefff3e01ee5fe2904b121fe7e177e5cebddbf7875f81a8db2fbd868e343d73b7d6fc7b87ff85df45bb877d1a7d67350207cadf07dc6d17e61bbfcffbffcae77aff7f0fefff7f0b9b21d1935fcd5e9f78b17f18fd044be9a1eedcfbe15662e8638eff5ad3d19e397a4c262db0f1e94cfd38d8844352bfe2a3079f1d00af40fcd8e3047855b8c3c6336bf1a2a00a7e0e0c54703b4102d050a8858ae8455143cba94b8e0dc096b050e16074c407704be00a0848
1787432030.453811 sweep:Generic OOK 4.8k RSSI spike: -54.0
  -> 255 8bdf2ae2580de212c3f29c7cb2c92e9a11e07fbe7896f357316474d4b96ce0f5efb7fee8c796707d73fdd3d7de4c23babb2f15bcc75fc17e9bb54f0db7ffc2bffdf4f1feab9bdfbe4f859f6d9bfd9d7fed7aac03d52edcbe9df8fd77dffc597cbed1033e201e5e2be3febfafefdb1f7ceffea1aa49406dff3e34f225eee2e0ec46f740456693c928bd201597fddfa18ff9cd0be6bf2e79ef81bf096ecec00a649c2563450ec542e3ae7be933a83eb6f620163c3cf731fb6f7e917fcbcc3ce2626bb6de7873808cf60debd8f5f18f3cd6e1eeaf7bd3f67f2f3bf3eea39db9d3a7f1b7c3ff9e01bce9d5f7fcc8cd255b14e7db8fd732e1ea2b30f9e8e07c4ebb
1787432030.4540522 sweep:Generic OOK 4.8k RSSI spike: -54.5
  -> 255 76d1ebce9f86f0d98f4d3793d4e0eb318fdd717a31d13f9e9efe47463171cb0084b5e9a7fe34982820982ff4dbd0ec42d9272ea9bdfd171e5a1fa60b1ff91efc11fc11ef9702545923145a61e123eb993aa1668a39d00e840d241192e63ceeff0640a8edfaf3707fbbfeed85ceff05094ef1f3d8765b65dc9c5f34f1c7b740fffbcf1e2d6988bf5d0dd9a99cbcbb50cc3c7ffb0fcfbb44f40b67f1bcf3257a1dc075f1fb31e7ffd8939e3fb4fbc9a62305eb3b1c1ce7cfdf1b8f1bd2fe6ffefb4ee4ecd7fe2b3f17f6e7b9c9f3b7f1e1f7df5ebd34dbffd58c1ff8d7dd4cf00bc75da3efab9afefc59b31d73d3050cbddce9a60b9ef19611c67361a3cd6f5d
1787432030.454261 sweep:Generic OOK 4.8k RSSI spike: -54.5
  -> 255 6672ab2e485aab4f55d8b3c0ea5c48e0ce8c101aef506489200a8b5d7c271ed7f2e495ff1949915f4d7c53f98f274d5fd09cfcf2f3dcb5c39d8729d0d3c449406c721e44c8334617f3bf762fee7bbc77d3c2fa4c31df13f2fec3ef2ee6e131a97c4ff0a7bf3ad1f7d25a4ad5ba6d876eeb34a5d4f39ba33f3ab2f90f1b75b4f3f38effaad7bffede77fcffebb7fe7e281befbf92bc57fb8f66f602f6fde3337ee7757f7af3f877cbd8e37c787b96b18b70024e531d1c69f7fe53e149fde0eacd6f36fdfbe6229effecde9cbd65e7948ce1631ec37b7f2e8e62667d1f83f39dfeee3efa7efd1ef98f7a3dbe3d99f0f63fb7ff2be6e0726eee167be3d2fe326f
1787432030.4544709 sweep:Generic OOK 4.8k RSSI spike: -54.5
  -> 255 7f23594dde0fc6780aa73bd1b8f6663994fa7d32beeeffe227b84e9b88d73df7deb00d08326dbbcfcfcf99f9a365221d1284e26773fbc828f0fba99fe801430478cde7a974133d06e7d008fafc7e1c101eb261cc78e401c643838ffedf48871a0741ed01e46bc91301da060245e9deec950ae98679f74badac558a794b6c60524bd3d0024e7d9065c2090374df1ffde91574e3c35c02ebc72b59de8f5ea97c1e9e6e09cc6587e4b4022fbfddaaf196f3ca053307c109c9ca4f9fe3c61aaf06ff7e584f9c074d26baf7c9ebd1b1eb407dd2d9c7e3bdc3a600338081e9883f7ceba03c02d3cecf46fe6894ce420da1d0ef85449a003c0323c9d4d9284c373ff3
1787432030.4546828 sweep:Generic OOK 4.8k RSSI spike: -54.5
  -> 255 8a8d6f8341038b31ec7ecd7319de3c101f179bf72015d4b87bcb511732608f11637da8245abbf1b7b9e71ff31ddf545d91758c3f68fc102131b899a7003cb55171f7c1b2dd71e5bd06321ffd207fdfcc769d01aaba86a10eac90dff8ffd8e79dd60c81817ef43d71a648c58227fbec103151ff7733c8f1e29c1e83f2e7fb8e4fa7736795e9c88895dbd9c6f4441a0efa7ea7ca6f0c7348ad3d80d3e5fe0823c9c597e2be20d5623494199284fb52de417ee4cbc7381a8f443d828077298649079b0ccff2c7f0308112a9104fd832a577f0bc0e0c04fb999a6ec1d12c76f0c99c074d78021ae7af6b7d302af9f80028b2f4d0c58fd7d9d20305be67c1c4189e
1787432030.4548821 sweep:Generic OOK 4.8k RSSI spike: -55.0
  -> 255 83c4f6d71f06ffeb1ae8c1b86c381a5e05dd3b848384eb9c6473f7b7a0753c65e161247446c7cf2086041d1eb3f21d70f8740a5fbfe5f2f622ee4601c1c0f3ec1ea5520c72d572395e31f1d9e780c1d38e02134c446e1ecf088bc013403fec03bee7d8cb1f7b806a7eec15a187989d4ff4504f2a0d08f22f0091d507fd279567f1c5cc4f389e33f883d29e38c796786febe44d59eac86e7be047189fbd8f21c7dd1872c5da03f1c27d0a5daba48f9e9c01ec0660421838e260832e3fcd7a68f7d51f3b1306e071d4332c7bda5e00f0eeb2e69eba4e81107bfeb2000e9f0e216bd54cbbc8a3f9867d49b0078dbc46fbcf5d8c882b31ffd30327bee5027770c4
1787432030.4550898 sweep:Generic OOK 4.8k RSSI spike: -55.0
  -> 255 602c040cf03fe116754ce4f21a58e6dc20a373c51eb87dbba98719e50726dc2597a60911bbfee44038867c5cbcf2371dffc69ae7defdc0b927afd55c080c321398280f2b1b398af0e27470b406e7fc2a5d754f18dbc2377d1137de5de4717896c69d3333fe081c8beffc9b74a8b64d266f2778074f07beb86469d049a143e84e8801cdd82a69d78a2e33e1c09c19d0e18f3ca1ae112141bfb18e6d885eb6924883bb1b00bb6e1c2fc1914dcf9d6b0fc66ede43cda72c0d627bd8014629fb58e437be9ef214ffefe6700044945f0102050858184a8ff93e2379eb2a37aa26e03601307bf79f47139206395b420205bb780f867548848cf0b983a7577b8ce4ce
1787432030.455317 sweep:Generic OOK 4.8k RSSI spike: -55.0
  -> 255 5e9e42e8dbb3c21846e90666f8023ee1b58686ff38b500d1bcba6303eeb33fb3e6f188fe0b9bfe21c6883423833e729c08cc3bf9e13a99973139d83c0f01df70a233d436c23130373a2896c0b6c967a0f284ba7e7714dce379fbf3b1fd821639840c199fc745c084f00f87910bfcfa23ddea7ba6874793ddef4f61eb592f210dd8537dd2b907fb12a1c543ff67be757ef44c3f7b95851b7eaba570db4b0c2077874c79d7d67889b3d00af20c19be36f29e237dfdffbf0e8381d9b3e492f2515207cfb2ff66bfc179dba3f0fd7affe7e6bc51134bb047562ffd809375237acff6fb1f7d821f8a2f37f1b376e482adc0061a136b95f8a5a1960c15260768067d
1787432030.4555361 sweep:Generic OOK 4.8k RSSI spike: -55.0
  -> 255 a1cf03ea6da51d141b3e775623ee065ffa0c713c6dd04573a2e1a10e8024953a2b7e53e9cbc03d8fc5e12036219181fbae3c7af30391bddc86099b705393899f28c53b144aa92188f6f623fc67aedf9f795bd9599ad6986a6f03ff1d3adfe20627ce1e48a39d2cccb180cfdaeae08ebc3d6a550957c0a1df117fa5fe8200df9f0efbd6f410715262703e9fa72d6df331e4c8e03ede10cd8ffef37e59e1f061c3e0cd8fc9c31e940a18790040b2fd28cbebb05f987c3103a6eee52e170fdfe8bee072d6f60c413bdcf5f8f70d2367f7e3c27a97f014523bbe7fd93e3adc82afc8648328031305b47de8613e6b1227db35a97b8ffe9f20c6fc620ccc18f9dfc6
1787432030.455743 sweep:Generic OOK 4.8k RSSI spike: -55.0
  -> 255 e2be8c74f320e1c3fbe9188182480e7eedffc37fde44df064073c92e42fe1f20262e71cfe00e9c1f868473ff8fc1c7c3b8364d9fe79fbee1c40862ebb1060c8f38362c8da576afe974516e508974cd8d3dfbc24fa3a25a590f869ccf7b95cc0aeace3023e4ad5fe3f0c2671fb300f1a46172fc3f98a000ae7964001f5ef9709c1a9e9408d383ec6c16063e6d224b219d418ccfe7aa93d1d99823d182fcecfcc99da32faf3ea51788f0fee3d301509d3a7c7183ab33b0603064b78f8f63d08e9e2d57426b2bef3005f23456759abf7cc3fa1d83dce00c2f2ffa141add70ee534316efb339f42ab809385c60233cb9f406b18b27041d5dbaf276f70c2e6803b8
1787432030.4559538 sweep:Generic OOK 4.8k RSSI spike: -55.5
  -> 255 3c7e06cdc0031c07bce928eee88803470e3fbce0816de8c7da6308b389729e0930ac029e7c39b5b32480ec771e565020d61b7c7db767f636d8f0bfef00c05723cfff39190d9207f24d501a7eb0f67910c1f0c03f81f8ffec03eff23eb1aaa0698676c412a127509e7dea4b3646527cd2ffddf16d394e2185c8c9defa0234fd70832f703db86438a0cc5ea83309b79cff3cd1ea45fb9bd0d182059dc190d8fcc5da01f8775e98b92c18e4c68880fd5170eabf9f3e11b8718720f92cc282b3f01f5d757c2011882ffd1949e9e073d841aa74d9460990c341ff38c2298be7383f34502c601143305c0fdf5be008058c59c65d589b3263cd6e84c60c61cd6662b6
1787432030.456193 sweep:Generic OOK 4.8k RSSI spike: -55.5
  -> 255 5bde252ac40391c40fa092bd4efabe61bad7db679fa7cd145d1e8afe3db5a11f47feedf84355f6f353161ef6489bd9806e0d065fbfc44b37662fcdd3bfdc8f9fa697bff6d0f1ac6fc21fe2751602bf7e5351ee09f04882302ab00e028cadd65411681c1b037b10f093af4fcca72e80c76d6d4e6fdf87030f2465fc3b318508d927508833357a24b88818098f75aab0ee480feef28d70fc93bafcb836c6fd487bc19d31041ac826a448fc98b8f8f8727060277c9c4a23ae5949de13fdf8057c178468737c69d174c6fde03ffc705a90421e0ce3576fb6a0b979d12c2a9a0ece308779778faf687d3c507c191f917e0f613167e5823ce0ccb591628271681ad6
1787432030.4564428 sweep:Generic OOK 4.8k RSSI spike: -55.5
  -> 255 7a04139cfce2939e421aea10702568639ffa48ee699b11a65d06278b97064303a1b37438d37b200bd218cd70f92335aa1fcf8614199e61dbe0da03fb638377f07cf3ed631387ee468071c7903984d6e998653f7663cc12889f00747c90e59d38db80972869e949af60b260ff7de0683fcfe1df259d500cc05e7b9720186d66f2f0638c9b3ec0f7819c094e2f7fdfebcbf1701803f432102b8668846ddfc1aac1df96f900b686bbf389f3f0f5a118cc1e0592f65e734966b8018044cc33d071e4fbee9bb04973cff0bb8659bd3d003c7aa1cd976ed06303f1e80f07b3409b406d10f3683a2dc80cc07a7a8ed88673e170ebec1858850e4b88319bf101a25c7a
1787432030.456658 sweep:Generic OOK 4.8k RSSI spike: -55.5
  -> 255 73e2cf5b902f3dd6e401e68c4e1198016081b2d61abb23739db80420f1bdfcdb48c0af826dc4d3617e19e41de732fbfde0dc4418fc3b508e881ce6b2f5fd295aa3c6ac6bf9c0d79c04d6626de93801ffc27cfe1f38a566ebbaa9c415189b7d9972bd13c02807bd18079069122c16e3c8053fb27045eff64ee71f6b0a599143d7676b3e7b7d708e8ec56ab8e47a3adc1562dd07a63f98a0cff25e89e6b1e919d398306e0196c362fc5fecd613f7f13320792678f1340fc9ca67ef83c39888ac9f4610f114000aa546c9e4875120540e93dc18fc910ecc1f3f9d81e58662d5c74cc17f7c909e2fc8d6505f78c71f11a78d27502e238b7364b9faab63f196e1d8
1787432030.456867 sweep:Generic OOK 4.8k RSSI spike: -55.0
  -> 255 484315085428b0b61da1d728d1efee404740814fe777953d9764c10efe23bc0f4bbec0321cac862dd88c8b7dcad93386e069fd15bb3f733e7b7e76c989ec97017cb644f072c9be1b3eecb92e1f025708ab3ae96088c1ec863326056d7bae1ad465305b47932af6082f4a1b3afab524485b433e8684b9f042c8c3c205f8fe40f93cfe4028c02fc029d14332b0906110fbe7f5f6bbdf6d0ee1badb407e2f3c40309f3defa03f1a8ede1439df5ffbbe0d6131242a5f110151a3883c1a399b93cee6e3ff101a3d053b410773dec38a6455801374e43012bebfd7e9a45f785a012350118c1faba4e45afd1427a84f0303638de604a7028e8b26d05df3fc9bb397aa
1787432030.457076 sweep:Generic OOK 4.8k RSSI spike: -55.0
  -> 255 08fe78db31f1dc715a8be3bb621cd91b7f2be99e0713f9f9f7e95ee07d4f2658a6649e0563f1eefbbb01ca74da14c8c40e4d78c6ef1a14b9beec6381dcbb3a15f2f707fa0dbf0c11b23fc68ec801013c95de21bd8bc566d317ac3d408621f63152567d7cea4df14113897c728c9548c30f771176590cfc4d32f93eef7f0f3d2b412a04bc7efe7bd46139b98dcf6f3a0056a089e0211fc71b787cf2b1aba7b8593c4f77c8a0621a1d867c65e22af260c1be5bf767b315dd4fefd514333916e065fc72060ec4ac69c3cf937a358bf2a0a4fe7738d809419ebe97bc742ecc6c2285ce5c66c019bc74145b09014671a96f7fbecd8ae1a684c40f29cb23ce06f84f
1787432030.4573078 sweep:Generic OOK 4.8k RSSI spike: -55.0
  -> 255 cfe6fa82b9c990fff07f92d1f31e710c63a431a182acf004da268103dbdae40f284ebb866bf1ff361cb6530efe6c8250f17fca4141c2d45ab840e6ff45e0f7d130e8d14040071e531ec5a3b490ff0106202d84f3663c23ef86e00d893e50776b428634de3a76c9db94e3da89e4c1e28dc7e23debbf2d1b8ffe13dc029ffbc606fd7214961d1ed871b99307a42c5c40909e70bf311d029862080b59d74675ffc2317ce07bfe3fc3e0d73bc7389af13dc612200e7338bda572dfd79786372e86bb5e3ff5cb23c75f3690b6268b51e2b3a8380453454038d936d073f43f43b88d7d74358f119e0d8f0a83bcfe4ce530fb8f9da36a32388c73a9eb106bc54f5479
1787432030.457522 sweep:Generic OOK 4.8k RSSI spike: -55.0
  -> 255 45f48ff7709deea16b8ed223c7882806790400493438a9d7911eb893adef8f03e0b30ae051aff0ca77c6025b8ef6cf0b314f78b05db6b48128352a59cf03f753cbef4f0cbd23d0b5a324202e0e64a16da253cafdf9f24d4c7c8fe47360d0de326fa18af5db582b03fc49d4f40c47f3f1313831a2c9c6713d7aec8abbf8e1e76f89b3dc022574bf1bfc4021c38f2441a698f94a3f06713791e7407808c40cfe00d2ce5e1145226928f2fba9623f249b885873dda2660516406f85e730ac0c404cfbe71df1915e840591fcad656f78e978497004867c2473fcb80f8f5c1bc4e8c0de06c26c42183e9ed8c27fc07ddebf7c9ee3c0b5530888f8da0eaf0a8b4ff3
1787432030.457738 sweep:Generic OOK 4.8k RSSI spike: -55.5
  -> 255 47201c63b186e1172961f83fb6d21440dd89370933b59ee7100781bd1def0e004348288f37e99dca094cfc67af3bd19f99ae46bc7f2fc06778e0d8bab38597c73714f187162c2b5c020338b7b708c959a4f1a52f19c2c5b98e3e4f9aa3444c83c0fe450acedc140edfbbd0a183047ee2a7c40ff2e7d0326fa36e782c0b0bb6a8d1a9ab8bfd23b857e983c06475dde435deaa0e463705d3b0cf0d3b2b6e1e47b824bc7240d97ec0182ff741750bff636e373a3fbccfbc02efcba6ef989b7577abfe29c3e5466c6e20fad9ee883e8c3e8c24abf04f01b936ea85c29d05d3741ae13d03fad5ec930fcc9bb66f834ae443bc61cef8c9ae3bb3936908c99ffcbcc4
1787432030.457956 sweep:Generic OOK 4.8k RSSI spike: -55.5
  -> 255 520de3ce8b80c6f650ad63c71ec1e6643b086131df753b5cee5263c43f01cfa2d9af0f3560a0e0df42d0f1731c91f3473dc6765c024ec00f60cb77f7291a0b6820cbf4f950400179b82b11d861f74d8a3f1efbf0eed224024d9ef83410c9a175ef79aca549fe7c8e28ef6078b37cdd0c40c9babf18e8b51c7a5320ac0d3f1e0ccbf1c04bedd6f98a05744712cd3366b1155741808f2d0ef0efdc44c3f6da80efdcb71d3f337dbf0830f9baeb4053c28f124c15437531b1ca6d1cf89e8f3d1bb38d30349860998a09bf04e98be76c75d03f97246739e781dd7219bdc6d63e67bcdb56e1d80766231fc9afe110807a0e73f787b408bc07aec80339537fb92036
1787432030.458188 sweep:Generic OOK 4.8k RSSI spike: -55.5
  -> 255 fad8788b3e44c7784e7bcb7adc8e90805038fcc7e23e3d3f0ff02fcc7a0f86828ad01277a9764ce7e657de82e7785cd1f794860e9ce263fba5196bb9b0beb2021107250ca7d30c8f968667f022f53787d23d52638ec3dbdfde39fdd051bf8a332ff1de3c953f9523e4f7aee3f10e0410d74e3da397579216bcb05f548d11e917e705004fea6f1f7470fc55e3cf4f760d6fe60f51961a19d598318383eaaf00ff12e31e89703be743e181d68a319ce69028f4f04157864f90220a3c27782523fd46045c47e6d06ff7be609e7c817ab9d9762047f617c27b54cc70d6a4dfce5b8f2de1d63a779f52efff768cf87e505e4815fcddc313c99819e7e78d0e6a61e9
1787432030.4584162 sweep:Generic OOK 4.8k RSSI spike: -55.5
  -> 255 1f861a160b70ddc7f1f07af2aa243ab3090ee79e3d95f1f42dadb943b086e5a82dc35c18644a88ed9bfdf0b73f2bbbb3057e9bf5e4dfcdd131e780a611d2d175dc873fc18514cd03313e2b7fc0b731ba8e0b7e7b0dd3083cc664fe041bc82aca005ff80638dcd614ee0644aec79b5a569594ff04dc0dc2762b11bfd484783eb8951fdde0e300c988ced442b30201bd35633f9b01126921b0d582d4206304e7a169a86181403843d1d3df9f9907a0b34bd385cfbd9ba0ed561fccf2bfb3a734a3c08106b9907c4f44a6e2a912e4e3e81ddd7c7acf48c8c7c64d61c2c161347e83109c791b843486f92bce7e61e24020b16af6973d9010655a38dda33a4830d9
1787432030.4586291 sweep:Generic OOK 4.8k RSSI spike: -56.0
  -> 255 3c043ee8f13110335301d39f2369fc105e5b82dcf27efcc47a52bf910f9ecbe986edf17d63be78133c46efe0dafbf5cef9a7956b41477d97a9cd1bbcbe0f4fcc8fb768f6bf3b5d37be0e67de297787d15ce97e5b21bf57ffb70f429e4f079e54a46e21622e113a29623c23ef2b29fb4bdaf735e10a7045e3c2cebb12750dd1d035f371ad67827731cbb6e68c0f077c9c8d63e0ca95e0820ff334f06a38c40231bf20629fc18fbe740d014b28dd9fc4049de1f8ffeee6e389bb3c57815ebc8d90868fdf768e9a008908438570260b92f6e1e9ec79f80369bdb9f42c490f21d9f2d59d5813bc3260248e6fd88ae87d07e89bf8f3e6136f873b18802e3db9f2b6
1787432030.458847 sweep:Generic OOK 4.8k RSSI spike: -56.0
  -> 255 045c6c1547463e4e0a481601cafb73c2905946950593c983aa75ff036889ad96933d7679197e248ed68a8a6708d0c3892ece604d2fe33f9d87501e43be144fe43c3693103f8827bc5d21beadee01a9c015fc49e4fc5ff6833358209393772b139b7f03c963c09c7b26f3702de7ef403e70aa05e0ae9fefc132a16ec3a6fb87eef501af766cede06ef91b271630e821c60abb1feba6b74fe606ab0054e03e6af5df710530e106750bffdb60c0df5c3474a3f7f3c6abf6b9e6a5fedfc84f943b723ecf88703f83287b316fc67883a72760fb684f831f537e8eec32dd1f4498441438e11fee1779a15c143c660407e6c781a4c37cf7734eb1eb542dbbc60c259c
1787432030.459063 sweep:Generic OOK 4.8k RSSI spike: -56.0
  -> 255 30224f520d62730ed37a14d65ffb0bb1be15d1453f980b005bede3291ffaa6f8190f4c1cabb3c361116115c7cf8447b86010407ed8d481ad8c1f23386c3a8083c0bf642dc62cd59e281ec76385ce006dd3e72025b7c2f3e0150221a72d42309e3e9f0b6d7e481e7270b3b9f251ca7797450e168f730771406c0cbbdcb3788de40f3c90295bf9c49cce41f75a679c773d77f9f8612892d0c802f41f435d1419d6efa2a14b17b5e4b9978706252c8fcd21946003b70837e307f5259a22400eb0f9461fce7c43e42af6a30fd073e1587342c7cc98e1c117970b5c48800774dec7816a963032e4009243f66e325db110830bcce16724d285d391fcf76a18bf179c
1787432030.4592671 sweep:Generic OOK 4.8k RSSI spike: -56.0
  -> 255 c19cede6703fe5f52a90c0ec7f6c1f6d587baf4fa1a7598f08f8aa1bedd8af1d1a7979e2d969df87273e5fd81f9a63f111d982cb793dc605fe5703f261ed21063d9fd61e89b313f4caf1acab3b2888ce83f7fba99da422185da7555c0200f798720cf9c79cf682ca5c0bb654c87f3d578c018efb7f34b8ee7104c4f4bd2c2481fa316f9ccb2c0c05700b5296b88fe3f9f224b3f90be21f05ae3c43788bc61440aff863c86394871d0a50a4e936bcbee21d64ba914dbe0f8880c7ae0e8fa0c63a9b579902f2138343e081bb33d2d3f31ecd1483b97b2165ca1b4c64bf9cff65d3bd4a4b7763987ea84bf3e07fad69837bba380c23050ba0b1b85a395a990d67
1787432030.459481 sweep:Generic OOK 4.8k RSSI spike: -56.5
  -> 255 15cfd70c8804cc84b01f435cc1a19dfd48ae1cec148a6b2e223a4cf43f66b42a7866b767cd10f21b8698ee8aff334804d41c2779b03674ff0095fe49349c6ff543ae3bb7fcde6a10087799ba1cde29a9451100cb8267b9bb0170b7ddd5f2e5ef0039618fa8ba3e9f5cc78dd441e5cb3aaa1f380630a229c13cdcb6bfd73c042b8a1a9b66a11bb171942e72e240f70780477afdb5d68819fd496101355ed095ab238691099231f1eab59995167a027bfd24d2619f432c75acb2da205c72c400c0302f907c441725836ddcdf00d7495cb7c3a4b83bd301ff37d59d9413ea7c06b50c38016bbc604b721637875e0b707be5e871703fabe4bfdc04e7f90bf8f074
1787432030.459693 sweep:Generic OOK 4.8k RSSI spike: -56.5
  -> 255 e481469982e3ebd80b83b3e578cf1f590fd28371be78b58520668a075eee87608758af7063b8be4f439190fe47fefb64f6375ca56114fbc70199b0df72aa86768d9fb3388585873884dfc0f880cee1b38603a37b953f18dba80cd143c34ffeecdcdd87ddfab897b69df7b67243d5e6bd2a967c25b0afe1fcb8a47d6789f4f32f79bb41c8037dbaf1f0261069afed1fe79f912c588c405e256607879de396060e4d8c5ef2ff835ea7581fdb7c86d31477b50111ddd0fcf83cc0c60832e607150d8f075f0ba43a1fd50ae181940be05c773322ef429220107be6275dc239a79f39fd7e800a684b447f2ac5099dc033392677762e0beef4d0f8e3cd0c82e61292
1787432030.4599109 sweep:Generic OOK 4.8k RSSI spike: -56.5
  -> 255 06bf261fe01c0019d09f88efcdfa501ec333ee0ff7f16d1b744f6f615b61b0c043c6f6007513ce7dd9e72da9d19b0ee1aed19a8063b815ec3404b7d2864f2b3f0dfebeb7bedbbc3ed81d8c26a5a1c85b1f470622e8ed1a5e0d81aea70c0ffc2e0e4bc5c174b69e3c0f5a3b93821f321721dfc40d4801dff96036fd4ebbe6646fc060e1e7471f018a3c6d36b22843b3e7488dd2460111a0d32512f0b133f5b3d03046bf516e79cfc2c623a7eb9f4eea9f22708cccc3006ea51f1fddec3ec3e978882b72c64c9d189519afae9857a0b9e47be268d94112904b06f315ff1839240183c2e7b1218a2a34fd00e88c02238761b1112d2b81cbd9ed909bc25e69d48a
1787432030.460163 sweep:Generic OOK 4.8k RSSI spike: -56.5
  -> 255 cba77f3d93874c7cd4756371f33bc71e81c7f1fea4df076a83bc0e7dc24f29c56cc6f11b5b9e43c05b3e214870425e604fb00497cabcce2410c78ce4fcc75d3541436373212e6e60ecce749089e7d8a8580ce67759ebf00c13278e100f73a61f3c44cc23924813e0237209339bcff5bcf270ad30ce7222a32e9dd21dd1c01eb1d791300e07259f1817d38e2f0341b94ff10707333c8ff5a72525dcdefd90f79bab41c63e08921f33b1b7663af069dace13ae8cf1b81fd20c9c8d31fdcf0dcbf82fffbe7687f7b6a1007d9d864260568790a31830901fc2560392a4be6a305d985779c8c509373714c4300589e2d13ee427753de2702da24650708e3a1b80fb
1787432030.460374 sweep:Generic OOK 4.8k RSSI spike: -57.0
  -> 255 bf6e5f677a700fed0ed7839a364cb5d3ed70829e8e43037feff0d09dde702539e2f30e37608bfef79fdb980cd3f82e44ff09f18f529fcc3de711e0738f2fceaf7007b71257c673446f60c0e069f6c784becb1b106a153457840503051894387600d875dc32f099526d001cb3708cdfbc08f104600f16eeb1e49ee4cd47df26a3b8cf11079326c6bcfb229b21b8ac0297b78732cd6765e23dfd4c4e02cb33c08939a7d5efefaa25bb238d8412ee4482239e7605690e602f4b6ac2d008143d5001c5d0ce13c943a39f5fd87311fafad236a1fec22d4922a402fd7a802f27f8a1dbe2e168e006e6f6613cf807115a4303b488119f5c61d56f277c57c67bb1ee67
1787432030.4605892 sweep:Generic OOK 4.8k RSSI spike: -57.0
  -> 255 fc390637299cf0f374738633c9ca31badb0f33de5bcaee60be89bcc0e71030393e7df51ed9ba09ec01e72cb38bac3e05827fe0eac86741bc0fd7371e1bc2d2ee062f3fc439b38ae1f3d7fafbfc261f4f9da8eefacf5c678030b71a63054c8d1d6679f1470ede7c8691330ce8bdb7006e23e46ac13f3eeddacffbe1878c18c2cd3ccb36cebfba829c337d133839c706f7bee45ff3433703899a069db81077a7d94b60cd90db19b610cf140141e62227d200192590c27333d4a7b13b0b3eb4e2c6785023a3f7f93fe68ce753b197cf2d8dfba39c5efd3cb3781f684fc7c11b2bf3f448bc1c078e12045990064b325fce9ff0a7c96f3c1eefce7d248101916062
1787432030.4608 sweep:Generic OOK 4.8k RSSI spike: -57.0
  -> 255 bf582d1f2ff07148379c1a3bbe2bc914b7b86831a524c6b0230249e4a5f0a3fc8f839aadddd463dbe3f0c2585be099e17221961b3f332b887359e42740fc6e71859f773df300880a7e23106674a343ae240baac22cadc1b11b62afd5a7624707c6d73810953c0015920cc552c32d200feffa5e018ea3dc0dc6824a91e8af3e3f9ac7308d7cde0081dd06e005bf2182af5f0cc5b02dcf2a06707fd980d11d0293d8322ce298fd04e0b7360175fb9863bb7e8d2321d491de01eb03836ef43573bdaef4727e4407364cebbf84acb27f877eac7ab6d5e8ea4fbf33ef2811d676743779463941d108c64139e4131c9e0e21431cccc9b253e0ae15002400ac08b46e
1787432030.46105 sweep:Generic OOK 4.8k RSSI spike: -57.0
  -> 255 669948de0bd1de46aea87db7af767fb55eb03f611fe58cec784d626dafe80b37cce73ea6f3303f1903bf88db228541f4afa0017d83919006bdfcc7fff2409819de26134fcb88517ee97546dbc0b741f3e3e1c8140fb863828aaa139139147fc810e39f06e590e265fe9ed37f13cc1c90ceab80320a9e67b8df6d701e882d3170e119edd31dda63ae0ceb8b3bf822d9ca0df9aba9f06061ebac7716a2c5e2024295502e011613f993a0e7dd3033aef9b784c88502380edfb7bf81eff8e03d053e1a92e64dfaf31bed6fc09a180c3fa2c107d5e5cf075b5bc6d93e8fcfe413f6f5fcc18ca480bafe3f237027bd06cb27808f9ffbfa3cd45e02a62211d03dbd77
1787432030.461261 sweep:Generic OOK 4.8k RSSI spike: -57.0
  -> 255 c03318357f9e518c1587a32cce39221c49ce19ab2e1eaba5c662f1a44d986cd5327503bff11679e04b581f8012bc7ecbe12fb5788a7ffc3401392415083d68e673133a81721fc6390ce081820010f04f18781d452730893fd41af93ef9826af48f21ca8a0efd064d6e2e805cfd0503b757a355b818fa253e40eefb7b4ff7f874fd994e1710192313bbe4530f0d06c6764ddb4a072cf2e0f0b1785d8073e27ed147854759b70a06173893e8c0b13deb48b1e027059f2e377f0066b1a51e4609e2fbfa6fe09468dfcc90bc8fc077de27f400930cf92f48e07921c4f7bf0857c50a79fe32c99772eff3eb81f92721bcbdb288fd4c1efef05f82e4c31be67ebd5e
1787432030.461472 sweep:Generic OOK 4.8k RSSI spike: -57.5
  -> 255 1f7773d3df871c0328438f049a4ff8fa183b932dbc333cecffbcc8db24ff81f1ece771ee551545bd7c736fdda63bdde814cd77e4ce6ec73377e4738d334c9b83e95431f03bf3c0de0b046670781267c837af4b687c509be51b9a3a2108f723cf6e0866577f32bee0633f77fbec2999ccfe3874a26e593fde7b9f939ff9d80e1cb931edfb6de0dea19ff779719f743d77aed4337f67ed5ac850f70462413516e7733c58e0f0ed6a7ef3db9f980af4f3eba414d8f076b58a1e2b1307eb1dfbba7f8f31b11d66a7853e56f33766c64987fe0db3e42e233d9787d57ffb4bcfee5366f3acc9b244698ba31d8ffd1988784836ba2744ed3efa784c8c120a01b69149
1787432030.461677 sweep:Generic OOK 4.8k RSSI spike: -57.5
  -> 255 f56123936470ed1a04cde0368cc41f651807f9f59426b70234f820b2e9f9aeda1488731f8387ef89059eec1e66f6f4c4fee194d1c5363fde0f9ef1bc1de37e637791ccc7b4f82b76deca630dcdb7f2a5b027862a5cf1904ac4258de5e811e7ec4fe46094f10ed11672b5c2c39c2ce43a31f919179925be4ec3abb3170180cc73248532f4f1f8c89e98fe0deb1c6e7ba837bfcd723f252bff1c506f98bc2f3b86b75c71b0ec8f51c4894d7434dce401ecfd9312684ca8454755d03e70ee2789bf1a888f3771f8784381d3b31d92263d7f8c07e688960862fb4753ec60b10982198a02d71a0f9bb4f9707da8e3a2fc707238f386f617f69e7b006c31032ce7aa
1787432030.461885 sweep:Generic OOK 4.8k RSSI spike: -57.5
  -> 255 78f123760638016313efdf9dc268c3b8d166013b0f32199e2d00b067f96ede4f3104dbe70ce400b6b070b3ce3abf84dc3a79702a9f0ec9ff46240735468c8297f130e139c078c8bf9daed398fb11a892041a9733d988fbac6683c8c0acfe11c409bf1efcbe06750d88b4be991770f3d8fbf8397cf91037797bde38d29ec7f3ee7a3a170070be8f0a856f17a3e6f8c33117cb3c809c18f4a13e3fc1a2e7dc101535b933927e7308239eddb4767e936cb3672027c36cc00938c70b2162c7bfafe18a6438bd19ec142f74791dad1c8b21b6df12e7361a22dec37280149ff1228df5c619a43f644fb05fcbbfe4f8b5b187aebd7a20e4602818f376d20f15fe7fd3
1787432030.4621649 sweep:Generic OOK 4.8k RSSI spike: -58.0
  -> 255 2b9fb4386cfd0a8491e65e6d35e2655a355211cefd23e5f18f41788f1a23cb1279b1c2639c3ccbbf9ebdc659de70a0f3e148ddfc9c9ecf44c04e367714510f79f870a5fb0bcbc9471fb419fda68b100b59cbe77f2f01a88fde3ed5a1a4a3f378288555d7a1a4c98710441f9c79e3c47dcc42b3ee36d4ee903c3fc788836ee26fb837fd82cf0d3f7c70e8857d27d0a39bd727830b3f23108f8eee1bdfc413b4f91018305eb3583fb7ce0c9a06b0018f33f70024f38c8a2d65423c3c9ad53529dc7b1510f8b6c20095ce97175c0cffbf917f033687fc6181725eed9e038647d96b8c00c0b0dfbb11e01f08d05fe0cc3f3c314507e6f844f9e368ce074c207344
1787432030.462369 sweep:Generic OOK 4.8k RSSI spike: -58.0
  -> 255 319c99f71ec0c6d06231309d079bb66dd3d83a3cbc569ddceefbd23c3d381e03cc91ef9f14c70b66b3c08f6b77b40d55dc3120327d268f0f87dfee378ee22232c7de0efdbca2eddd3e47af76f093f648350df9599ad664084245b684f009d006143ccbb901d989cf5c3368c3860b02e4645f62f23fa6248bd4604309efb6efe0d962e610d938b2b64cd4aa479b9d0372d3aa3044ba6ecbf38745beda8c7f467de3ffc04f650e2489e3a2b5d60cbcf7378205407b3edd07027411c467bcc7806001fdca6227dbff0e6762f34fcd4e1c01b1421f96285f8079e53988fc3f97e2479b0fe76870ebc8e3715b7de4259e6bf824fa8de14988c045c10ee344624e5d
1787432030.462579 sweep:Generic OOK 4.8k RSSI spike: -58.0
  -> 255 3e2b0b86b58e72993b4f5e09d3f3d81be10cf1fdc397e5f0e72d119f4c19219d798b3084d0f4a05d0198062fbcee7d2f0a01f1b34ed66e673a22f7ab8bec1264301d847f1ba5ef21a01edaf630bb2b0fbf1f4cf5fdc18f405c6fff45f081de0841a3f21ff94e9663c480098b35271c63ed910751b30b79943ed9010fccebd8df5d780582ff8ecf3f51c060c501802873660e64718716bbd2d099ea07abe05eb7e8093e64004448bd7fe9ff5b69ce10b53ac0680c6f40e3353f03dd9b998fbdcff23d5f6874c462419601323bed30cd803a7c92027b8fe67466489e9685fc9aab7e8c8fa7b7b8f2accbeb6cbec6510af0ec467e49a9b97049803c0707972679
1787432030.4628081 sweep:Generic OOK 4.8k RSSI spike: -58.0
  -> 255 e58fb60db3bcc1ffa6fe3f56bc7f8973ebf87cbcd676ef1aa1c03fc83efec9e5a6db92cc5ee1902da45b019f2cd7dccc356fb3d73467dee80c677b105ff25217fcaf7beff1a7a1897513d40f59f2e144ee82d5aaccf207119e4a702bc389cd39c7a61e99ea11d074460ef916165e0b548fc0c0eb9ff63a1a8fc77c0f4ebdaf930f82f38ca20f6d3e61cdc7df38fe231ee20ceb7c0633913fd60e6891effbd73b481777e36a3106180b8fe06b997ffab0d79be8c9808e157047ff4f8827fbea652500b9b9fe7e3c44c37ee26de8841c8847fe40498cd0034ede762992bdd9337d30800f6f217a57694f971c0643e3e0dc5073cb0babef8e169acccb5dc6f726
1787432030.463048 sweep:Generic OOK 4.8k RSSI spike: -58.0
  -> 255 3e6b4c47bf8373848faf183b8f060d001d17f6edd30c45a830404060e7e1e7f0a8579c784ff8ce45fd611f22134d4884e0ef670febcdc2db60c09878f5c732472f4f18f5655cec3c076e9bbf056edfb09ea05e67fb6dea5b42ceecc7f7cbb3fe13ef730a4745a208162b8ee197ea9fa6930427b00e3bf9901e0c928df09bec2a1805fdd05efcc1f6047fb9fc87f3ab70eaf6799dfa46d991d8fc0c108020f96c63255291e6adcfa437321f59e1733d07b967ec70fe78d04b7cbbcef9876723f4882e15c08e7565917c04c045e8416a993b83e1e7c39a96877844f83e64c71d2ca173bd189b74c6363731a60b80e074d11b8c6ddbedf7e27ac4138cb73e8bdc
1787432030.463281 sweep:Generic OOK 4.8k RSSI spike: -58.5
  -> 255 261e1473bf20cb35f343b896f3768f8803b93ea3c192437c4e4bb9f9eae4f2fcacbcecd27ddacd063d931793f71b8baf255301bf043f154767a10e9e46dfbd49cfe177a01358720564d9fe6af25ec3c430119ed43c676648f2c42842b4469ad0c7d2bb1c90437f1c10782f97a4879ce693af07364911bc5e99178ac1e991273859f0a1a624dd0203e184e7b6d8ff6e07e3dbdb4e11b5a4e58e0c1fc8926829c8efad7b5bcd127481cc192e0c0ffb6a09064f80397a65faec9fc19839ae078327e05003fa3bb34c7b9215c0f364ee251448974c985c039121ce2f81f27fa0c0eee5f7c48dbd0da1f8278d7afa3604ceca0623c012fc8179ef5245d9ca8e077c
1787432030.463595 sweep:Generic OOK 4.8k RSSI spike: -58.5
  -> 255 c1d03b6fb3277c6d6508f947fe51824f14c35c461b2f30ec80d8e2ddc4c11b7ef20ecb5e22600439aa9768bf895d641f21ef0f8ec72a0e7f12200387309bb9e60426c07f8c580a5bddb70017cc09cae50a38e6737653f28e0dbacadb00e13306412ff3ba65b3f2b6720cddcb1f17ce010c7b75e47041019b1e49d28fe637901ffe04ac5b9b895bcc96a20fa13bbaa5620ee4d788d09fd728fde28bbb98c88c804fb238d71ebc1c58b3c3849974b7133ddff1a13607e3d389b0c3c11f8f231c044b5d1fa13df993cb81a5c61f5d850b77cf1a3e6718b3edcc5ef00a43178a83821723827a87adceb015077bff8bc87df38ef13c325c37fc2401dfdc2cc867e7
1787432030.463845 sweep:Generic OOK 4.8k RSSI spike: -58.5
  -> 255 85c8364606af432f4bde94ef9175b19493fe0760dfefcf208d6832383aeac04ce84c553c19043d1e28f970569181b4e07553fbf7a119833cfa3bd7adc3d601f211e6e78fe2fff387f0322722db779e9e9f0e37eae960736f582c2792da9ff6f0f21a421de8192331cfdca31980359cf862fcf3f7b10cca2f83164e53f15fe919f0c4991f41d80d25c10dff01f0fe2444d9c9674721213461c2828dd861d29a7f849c987f5ff497a1e1be0855b8ec2b9f8cb2ec990969eb9841e7dcda0d68d9f413e176624c08ba025df3e04298f62807df90f3a182cd54c2d6150c3b03ca3c1c24408c74bb718419d8d68f8452561b98de2ca79883bf4f42fb658afb343ecf
1787432030.464077 sweep:Generic OOK 4.8k RSSI spike: -59.0
  -> 255 077527817cfe8a62e1b5d7458804539facbfe7811cfce271c82491030e22b1a9b91318da6cd3723202b1aa1771e4366576cbd04c8a3ceebbf8c9f280a53c6e9dfc000c4ef396cdf11dfb4393daab78ecc00ce6b1b64309b0699bfdf8ff0ea4abdb99f817a5c67e1a152110030ce6e1fcc803d00f92bcf8107d85b633a83c26037702dae3d205471480f1086bfe64ddb7ed1cb7513904e19cc598bd9440e330034be4105cfceff7d3ecddcad783f00f7b4cf7b0d7c2414c7f22a5b921ec8425dbc7582f6003db01fe3e4196248b3ffbd3052e0164beeffa1eb3c70f5e6915bf1e13cf23fe4e6be91e8d2ecff2dbabbeac04ea835676722d1d0a72c06cf5bff9
1787432030.4643478 sweep:Generic OOK 4.8k RSSI spike: -59.0
  -> 255 0994a3e138f2c00ab5a643f59e54328afff19ddf4a876d8019385baf8209064def8cff6e6693777db400803cf19ea15eca7340c435c7bd01aeacf65cc6c43f6d3937ffcaf001d731b7fb03628719398a4560931e327bcb6e8299f09b4756e6418cdbca60ff1e2bb81e62b31bcc6bee83c20823674c545905d8c8f6849bb0f85a7f360cb42a11a5c82f358bfa69bfdade0e11b50337d4023a9af64e1c4ffead81466707d4e780d81e6f89e71cf8442a9c6c0ed9eba7e1600af188498d3b3b2c1c5f0d2bb467a1b673cb4314d05923e96e531e7b09fe04e43c7c9c314594e9eb3f3169ecf4d0bd945e0fb98f2271cc8edadf4a95f013894ffdb538506b14f80c
1787432030.464587 sweep:Generic OOK 4.8k RSSI spike: -59.0
  -> 255 e0dbec7a2a3f0c6300d837dc5b2e770473014100fcd1ab78736845c76f106282861383fdbf1b5f743021c0d9f28f71fb3b63f088f22c8b5388001901a0dfbea1d9b065a60ab6b5136e3f13171c4fdb5e33b4546833e645144bc419f40d497f911c51c165981837613bde8c7175020084a4d71faeedc5dfffbc2c76ec719deb061d27f647b1abfc779405f7f0af4380edfcc9a17dc8430eff6c79e9ea1f01cdafab70e1149a9669a3912f5b6efbff5a709ee6cde81dbd4493c3fc18db7639886181ff058cda18a765eceade89fd462c186b0b7bdf9cfad676003f241e517095ec6e5118d1966002f0325eb7af9e4d79221d835b2cbc7288fecf41b2f270627a
1787432030.464801 sweep:Generic OOK 4.8k RSSI spike: -59.0
  -> 255 dfdffc23f518ed402e9de2778e0b04c7981f90ef89c9980a0dadf7c1810e60f97cbf2e7e1dc5eb03adf19663e78ee4e7767ac93ec36d05f84714f7c09ea9fb45027865df0a027e492f736e3366680cc86edd5047beef79f1d91e53e9b87dfb8cafbc5c4f58ffa69749349f06c9cbff4f2bb39f1c00e7c7b246cad0e95a2838b00509c03acf1827cee18c10bf2c0bfa3c4c0d17b677d9825fcc3d7fc1d0e13d17005e94d413da02507c2c0524add8753eedfb559f08922ad3ffd898f4f26402acc22c020a0387bce510b20c3efa84de3aaa9f87dfbe01da727f17b0fd39fea287b57b983dd0026dd45e7bf26973fe75da7214018b78ee9fe4c067116ef0fc9f
1787432030.4650612 sweep:Generic OOK 4.8k RSSI spike: -59.5
  -> 255 b87c10ac07fdc24ee80894d0fb4be1e079fd065a3ca628665a26aa57ef3d6f36feff1c77f1eeb8ecc2ee2fc457b0ddb90bc9f9688882f4f9fc44cd41e7d7e309bce9f2f8026efb1f8fa19d1bc7ff8e2fc79cfc172135c5ba09b5add3304cee3d83418f225a81ba4617b8787433c1d9b6d1af81491f71d87d0d0427a37043b09cd7df0e3f3177e68bd53c75f3b9a3ddcb2be1cfb99301e6e63e458bff91fc7decfc34c730a6096672e2c8993803db9ac7e09bb51371b89f0ca6f9d4d2167f875516de882e45f88f4b466ec9fdf9892441064e843a3f4532eb6944389579fa47af3d51e9c7c5394c240299f8b1fc00144c2f842f703ffb588e4ff9833c5f0cc3
1787432030.465299 sweep:Generic OOK 4.8k RSSI spike: -59.5
  -> 255 26c41400392398f066d28e9b2401b3d1b33fb658f787bbd1e2009ebdf302f764b7008d43ccc3b0ec6278e737c98eafe3ef89effdd379e184263a4638fd8844ae35e9b4ad1cd070cb861b0c2132469e13b6fda57b80abd1bf99f092836c630cdf94cf83c7a4e8e9e093c0ab48b3c658f45b369aaf0cd370960f15f5833907bda4ec2a39fd729a065fef7400bf4ffa00c40f683829beed10ff876252ba36b52f1c25ff51fa5f835011b879f0c0cfefbe9f91121ff39bf0fae7523a4783f7b18f2d107fecd02da29e0731f6960acb9df2430419895d5f45f03f8f7e1fbbe060f827821b435c8cbedfcd9261341a42439d944e3d1e3374109d8cf82e2178dac898
1787432030.465512 sweep:Generic OOK 4.8k RSSI spike: -59.5
  -> 255 78e0ce85be2283083230d12fd11b081589f3bbb87f04a58efc08530f6f0a13a03bc93978c3bf061c0c2e2f7d83da2bb27c209fa9c32fdef46233c8469b8472dff95b3cae2c35080fccb4c1fb204a4506c389ec237f73a8f87b652246618662e7ae0fb8fce533d0647944d80ff3423680be49fcbce80007b3fee35b5ec393f0675502a74a7c3964c5e1b854324bd0cef878af147432b824429214370c735161dbc6230cb1e12b0ed2b4f8393c9c1940aeb0f9c0f1f1c30081637605bc3dc43a7bae3c40496e3c7e2bcc187089908f7eae8800f27ab86027f487de217eff61b43669417d11b928441c4e7070ce1b5d7d12f2fe7bedd98bca24c414a1a0308801
1787432030.46573 sweep:Generic OOK 4.8k RSSI spike: -59.5
  -> 255 d3164dc033f39eff826b644d90c6b993b0760f2e4671c6982f908087f007e429c50f050f6be7081a10f2e61b761306597e7f8a6dc95e287d50727f14ba00229234ac40a318d36a0beeea5b960c8df01a2f180b508dfaa51bbd4f53b9a9b470e838c19f027ec663f7b66f9b241cd23805bcedfda2c158eef0edae366e6770c8201feb20138d99600fe5b5e8bb01f88645d6180130e26fcf6ef0424aef3d0dd0a0a1ef441310627546e4990bc97fcc10e6d80d1ecfed2bfbcdba059f8fbd8a86124739cbe45560accf08153e37cf0fecd04fb6e698b5ac60eb009aaa737d7df3440af3c7071c7000ae7cfadcbd279e004709aefe6809868c527163c5b8a3f9fa
1787432030.465939 sweep:Generic OOK 4.8k RSSI spike: -60.0
  -> 255 1eda2c66310f63f9e0c83f987c97bc8c63930546ca31017b1f8f7967e80f4251c45e362d74283cc1c26efe3efd4dd891c221ec20b064fc78d7637f9e973b49143a0ef23e1a5147931c8a7fdf7be895ddf8179d94cc53e77f5e7637248d6de3087f2d7f036dd44d2929c29c75e081bd622857d5ebc4e11fc48029b3dcf1f420983519ce8defd8019ff17a78f46a7549ae6ffebffdd252c4b98b83a00cc7ae65eb70ac083a719ff05cb63fef33a70639b88e18da5214118c7067461a9e6f06467353b281607e03cd49d8bd800f77c6f6f8b39122da0071de080b9033d073f88cc9f70fdf601c00901a8a3b6bdb8f71f21d68e01c4de1880de378471961c8b0f8
1787432030.466165 sweep:Generic OOK 4.8k RSSI spike: -60.0
  -> 255 a2a029a06b09d5009082717e7101834c8623001d847e4fc37c77d7c03cf9e6e299fe927a0bc7c780764f306f0fb50dcdfce3c55d6a65f3045f7b29380160a9a60374fe7175db804289a1282d3670dae49f21538979822f9e163f589f6ba0b91637b38a24cfff6fc7cf5c33c196fd3ab803a7bf0efa1ee2f7db1e7570c9625d66651480f8101ad15fe3c98305334fbcf3ee95c8d3fac79129e9a63116edf0d47895038d7094a7c188c6637e11a2ea69ef8800f1fcfa14b48c9e8d9e2c426d76ac430f3b6f9c9e1bbce854c863f51f4b508c5252d61234446962887e7cfe336f63d070bcb4639e3bbdb103d26782c0b7d8e8eef8f1a5860af763d3dcd04b15c3
1787432030.466384 sweep:Generic OOK 4.8k RSSI spike: -60.0
  -> 255 ef3c031bf4a9048002726f0cd824f38f0950e0846723ff778d868e0a23b80ffff2f10726c103c664db2f70764e0b108e3f50c093411219e9623ca3e09d3f9bc22b3e392bfc12eae75bff46ef70611613f925d8fd4180a23088025d72fecf9a750f26f12f6ee54b2e34ee7da787ab71be4b9b3819a78c00ecc1c0f0f826ec32f2eaa17a8ef0fc417c06ce722330038fc1f973a66f19405fdd3288f81ae38f8edb38fcf7dd0ee6e732c1ec38fd6454c7cc046ff64fe3ff3d32cd9788ac3a9294f61279cf41fe71a7e3a221b2127e1fc3be70f30ffcddd00dfdb23be757fb0f4013eb0797e8e223c8ec17f34691ca657c4983c25b84783b00f4dcf00e83208e98
1787432030.4665978 sweep:Generic OOK 4.8k RSSI spike: -60.0
  -> 255 fcb3be7361bf8fff98a24a7037ba743e47326776cacb1ce1e50773d1864e7af4fd95c6efe87f45d30213a9c7e58c639120c2fceb640e69e3b9804460bc00567705bc446e6b4ff9fb6aa7af601e537bdc7d6b49b58d7f5e065f7f61a5e187f8462db98106ab4d1f332017167a9cf4f5d59b72f5fff3de18a02579d4bb0acbe2a2309a71eff46fdc7982dfc3e4b5bb6cc282c8d9e95d82c4c145ce613e318e96d5c679de9373d137317e2003bdd835b9f82017d0469fd334d0286dda564440306b942c92c95aecb8d2e7f3de85be87dd83211a010a0562dacd224a54c1ab487e5bb1c755646ef616fd6f913e8b7c892782d109a011891f116274f8306cd8fa9a
1787432030.466819 sweep:Generic OOK 4.8k RSSI spike: -60.0
  -> 255 5a6f030e83e07074766cbfeca7c2b7fc3e635d628f7238d30b3762ce4587163f042031ff0ee984e44020bf300793f2ed7e6dc11c55ed413fbe4435c60957d182bc239063733b74ebe1c3e88f93d3171e5e769f319d11f016a761d23bc10dd218446fc9b997f3fb3dfaf646b87b79dd352eebe6afbfccae2fa792fecf4bbffe1a59ac60e74dd524e06fb8a184c97fc06de1e6a03f247ca11938851cb09bb1ce27f776c46837d9b2d4fddc7ad17bb799c5ede2cdc1c4a7402975b50624bdbf0f618d60b34f307f020cfe879934ebbb21c3cdc2f0f591bb59381eb613e5e73badd71eff7af91e3fa6f90c5b88dcd2ae1a85fe15f224a052e5398b3ba60edd61cf
1787432030.46705 sweep:Generic OOK 4.8k RSSI spike: -60.5
  -> 255 72120072ea069c331fcf8e199f2e0feadc3ef214e88e784b985805dc1f93b35dec06bde76b651deeb169c3ff9f01423a0799ce700700309f219e3d0fb284da833fd922f84b3f09f771b3d0326f1df2520382b6ae6b5b376008281e5e74f1bc8076932cd8e12693dd618fe18fae75e6a16bd30fba4bf8d69539201e7ae03ffb69c15e6d0fef10074861277dc00ff7f6cf00f130130d5c6ffe99727a613dc8dfbce35a955997ffffc3260fe9133d499038f800f033013df8258182de0207199fdfddee15ea4c2e029c50c57ddf5ed7f9dbef48d094195f31a8e86cb5f8522c44278f462201ef91e8800ed08ad133a70b724c207c777e2e510d53dc0109605872
1787432030.46726 sweep:Generic OOK 4.8k RSSI spike: -60.5
  -> 255 f718b4e5008cc0763c08759b09a39d7b2e7ffa7f18ea0d83a702f53049dfbc6ec8fedf0d6fe06735a3bac4791cf2e2ee704179ee7f37293f2b0d7a39df3a2c79fb08d7eab33ce7f7ff9f69b9ed48da64d980983faf3c11d34a507902bd11cc7e0811cbf7962b7aec15cc9c3a83912233e4a8614cccb127187e6d3c52be50f511bc2b1eed943ab581f069ada0006ffd7e1f660065ce20da1a6b1b7683a3fe001c08237035c07744a6b73fdbc58afa188367dc130c31d5ec04c00795d04f8f5f497dc3af5082cf43ab2883cb8c6fc880be03627d124fbd10c099c872076c7967603067023a08adbbe902f8e6cba1f350fb1c24ddfdeb0299dc0308037bd80781
1787432030.467476 sweep:Generic OOK 4.8k RSSI spike: -60.5
  -> 255 271bcf8c4288ff0abeff6b490fe70e1e2f839728dfdaffabacf4c2dff037f81039304bff71027ba28f9a44bed0e0e680a8620c0cb2c3b4cc0e8f3fc1c198c02a06d3c2f6783c15f7b462cf3875f896c4ea0f71c7bfcf6d92b9ef311e036951f4326f51c7301cef7ec0ff8c8abf8174c37a360102b500157e0306477e1bd21a6e64ff0f0de23c69a6c6c004b1313ecd59b7fc367b3f046a6fd980345c727903c2a1147571e7be75ffc9f811e4e287fec0c3ffcd62d8681f321d3ff7fe00a1e3497bf3a935c743213eff078d3da59aefcbe6ed3fccaf404db0b7fbeacf3edf347a8a1aef063acdc43b037467b721e8fb6c671df3bf740cddbf81263f48dd5d40
1787432030.467697 sweep:Generic OOK 4.8k RSSI spike: -60.5
  -> 255 d8ad0ae92f2884012035dcfb7780907eed3e6614e84cfd43005022463703a900a90db8b3f38ff5d1c798f4269f107c4698e7bc3148201134ca1fd16158328c0a60e0b08cf4ff92be693e6637a5ec5584097d7bb73ee7435eda58611701c68c8e283f0e08c4e3824a202d609cf72f383cef569433e91403f765804b00a8831e318410c9d2bfbe0062038bd8fd237cabbbf81b98070ebf5dc8e07c0809dd2cb3de0e368c6e5c2af610f064b41b399c40ecd7dc40c5f733acea257b9654739bd92ae2027110e4e4bcba0104d88f787d3df55059d0dd184a100ceb7d27e640eb7169b1ed06a3ef8e863199de30fdfe7ff095ee4c1d7589d4c038cd032b94ec0e08
1787432030.467913 sweep:Generic OOK 4.8k RSSI spike: -61.0
  -> 255 fde05dfa9df6d07410332876d0d7c59dfabb45682f122100e77b9f33861547eebcb8db1935a93a7206771c334277876a0c4cf84e27b6927e2f7bda4e93971354c0b043af705677e4e63d4f4666c627961e6d61f3e213aef221d4db81effd7b706e74d4a343bc3dba533322bf4ca452f00c889e351fbe773cf96ef0f72ce3b1715001f7173376afc9413b812821a82e8338010e0f2fa4e0d52f84f98fde63e11d1a23b831b747e64189805009f90b47f7f38122fd02f3397bb530d5dfccf8920753f4f8c4e770d0c67ada71e7e8188230747ba6175be621f9fd33aeced85245e9ac82f987c31ebb5fbf08d8dfcbdaf791d6511d43ffbb4418e885a71a177193
1787432030.4681642 sweep:Generic OOK 4.8k RSSI spike: -61.0
  -> 255 bfa5138608fc4085f41203dff87dd21e618e03bd0e9d11c44351007c7cea76e236d62d86fc701c4f9ec1ff65c04c397f2baf0600785eefd7fa78c1c7d2b049926060124eb3e6bd1e4161fb61f99f1f2525cd694e3dbfb9707e069298ed45f83ecafff0247161f2cbb28c07cf09308244383091ba8f9070ee06f974e1d26c60f7efdf5e8e5a0de1c19d39df3be2278202003813f8e125016c2eeee55d63c657809873e384ff7c29348e3d03aad9810d130e360b068d303edf021a56498e5fc3e4c35e63921f019da00e47cece6bb0a52c4ab2aa8c893cc782c749cf90fe8d8e73d0fb3d2ddb5b86f20c75f30cfcebd4751bd4e6ff05e16a4751ce9e3c1e321e
1787432030.468374 sweep:Generic OOK 4.8k RSSI spike: -61.0
  -> 255 986b5c1f91d85ebe108cc8a83180b3322b66539355bf46672afcdbc114fc17ba286f5603effa108acebac20f6b55e60b7adf29c538b903723c3f40ebc20d133f6ef7e7729619d85ec266972308886696cae3ef6dfec78ae0669c8f9cf3bcd9830519238cdbce9a1707202f7b5b021f31d07fb5bad9c7be6fffcd141025c13330b6ee69c0aff0e0c86f55a8ec307ebb79cd617e40ef440af5042693e705a074612a48f31cce6e9f3ef383effc665de34d82683c2ae2ece5619ff814269566ba0605153cf46efb531dd791a79e7d373ff9641bbc36ef4a20d20c3fcc37bf4d1a42fbe0e6d0ec0111fa6ac4d3674c1740fbbfbcd10bea252b027ac1c501121803
1787432030.468589 sweep:Generic OOK 4.8k RSSI spike: -61.0
  -> 255 ab3a7cc60733c4a3cb3238e202dac00fea83fa512a163def389ea2e8ae0b8ee31e832d81a1a902ff27e21108fe29d4bfcd40cfdb7e67cba5ced90f4769c4f6305bb18443c734bb2745deeec2ef1613599183fcb500effc89784ee78c6f3a7157c0dfe51c2192e639d9979f6b8f1f20a0be5c834ffbb58ccc4eedeb2f6464b7e49b089633a5fa117f2a51fece04538a073de3de655ffc322e37047010d3918f2ece7dece47e630fce78d4117037e289e98afc398cfba7b5c3f05c8dc0517990e7d83e2bcce5d72723943e588f3239a45bef389c1ab8ee70eeff1663e1f58fc1a77fdc8ebd57e236c8ba254f9401ac9a380a6974983716010334e80ff1c3df50
1787432030.4687989 sweep:Generic OOK 4.8k RSSI spike: -61.5
  -> 255 d9a07772438b182f59ec54eaf86c383586392f353d6914454ecd9b41eb04310031bf3890b9459b0e190760020262fd8004df966a8eabdadec4007e1dc1432a8a58d88ccea7cd3f2695d0009e18fe47b303703833f1ec1b1ec7c7163b19204737716108581185a7a01bd1f778e147d7d865d08a039fbd409af35c5a0b1abcfea8faca1a82bd9edcb7be32cf7638a2ac8c780519c0b01e5996f4bc57da1a6a131fc65dfa30f50e3301e260d179fd11fbc4d77d391084bc590fdef005768093e150c77d1eb8b83a8792d8c4b868746097833b7b3888f3e5c46726cc3389fe89196da6880258f791a2f10e6e128a0b01037212e28b365c387c05f8aa5fc75ff2a7
1787432030.469051 sweep:Generic OOK 4.8k RSSI spike: -61.5
  -> 255 a06a175fa6af9038dbeb597f616e2a088e7782e6b6837639fe24d9f6ddbdcd96d17f0afd5677ce70bb17de72e6c62c1da0d1c71843ff4c6e3cd9b86040253c6fbfc29b550ee825f82c4d4acc79c55d939073f27ecbfee4a5a2198cddd3669c628d28673ac703786f50e3d4c16715773fc46ffa0bb0c3174c7b40e74f7408cfc91249f9c29f7f8edf6e47e3fbec4815f9d2e0ba79fc9c378ccfc2dd88015007dac2c11c635dfd4dd7516f810081ee813b9ed16ff20f300f19f1efbf59eeac0cfe5bb0cdfd0af68efa740886d2c4d019d6c178c1c0d885d0fcdce5a48232f53a7788007f811e9e3d73f151e4156a003914117943e379960109f1c6f7b7c8a3e2
1787432030.469266 sweep:Generic OOK 4.8k RSSI spike: -61.5
  -> 255 3174139bcb372261e1710f20c205f687f93ce59c3ce0468ee6ddb6cdf33e5f5166278986a83e81be702ca546d1c30ffe028c58098d5d3be3bf1f0bd351d1258e50dc828831f63d3bcf8d18a58447c1a3410fc48a9b1b3eb1ac2423be17020031b85f12339e6e2ba2ef31fcd4198d60bfe30a0910ffe7528e435d39730b5e860f319ee5aa087b0827d9e8be7fd82f425918240bcfb0fe1ad3cdc7801bbe5c9dfbbe43b7408f9129cf7eed1e6979418e193bb366dae72422c9e245d03cc3459dc475a007ce3b408f4e3e786fa4f8d3291e977183161d0cf1ceffe43a4fa4c49ff0e623b7c4f5863ca1e854a2d2cdb461fc32e9c7f72ea49333e0c2e1ff6e3830
1787432030.4696572 sweep:Generic OOK 4.8k RSSI spike: -62.0
  -> 255 b45ae718e1e3cb93ff08d5bc4e0f048121c8040130858fd8328aee3912904f22e2b591f720d7d52fc447070470d1e19719bd94fc02807a4816003a5c23cb39088301232b42b1195273b7ff5ffc5c03831d3f292bf9820343239c5958a8f104ce843841a7405b7f3d187243e5a2b63950e822fc52263a038e0ac62f7fd80fc435ee447fc2a073f077c8519e0dbbc452bf0874da97989047bcf2f2415dca91b09968277e9fee152ac1d3db11d4fed4ed36ed5dba3e770938ef611e03626d85c3d8f5e0980cf8c923c8f7d3044a39410441112fc6b611e01dbd96f5a32b7a7fc25f496b809b83ee78c1ec27eda3b4ddb6cb988a8a17a675f781f7eeb70432c7eb
1787432030.4698749 sweep:Generic OOK 4.8k RSSI spike: -61.0
  -> 255 9bfd31cf1c9aee2e9d6986c206d7de9325efd06174fbc513ff95279ec2d4f8188308483d4aafbfccc7c70f32c118219b9cc703e379709bb661195f3b02c9501d470a28e1471d8e18996d5908ebf73794c62b997c9dcfa00c312690abe0f7797cedbfc0d1a1e6fdfff17006171f8187878a2dff1405f23a0c799ccba3a9993ce7ddc75619916e820d4c87deda3b0de8356cd3a50ae82198497c1bde066e9d20743535961d0b924fef7f00331fbd022d577e632801fa93e83a4f861d99d1d39f897ad0b60ac384428abd01d47399fcfedf21ae7d99c5e9f62ec54f6e5f87fac44b0d42de124df07f3185597a0805bed1c121f0fc77ff60055134bbce38772806
1787432030.4700851 sweep:Generic OOK 4.8k RSSI spike: -61.0
  -> 255 19ccbdf40a07badf19ef1020b8a2395d73ee032415ee9c3b444335cf70416362b337655d6a047dc1fc6cf053bb8f00085d1b1294f0399060ef34fa60c0dc9f04a1207c4a77f62e9c17e48da996975e188f3e625155cfa239e149ff7814bda3c0f43d9612e886e967618231630f88fdc03f751281509c900913e0d9477cda64ec2aca0c0614dfdda0522c050647a578f8190480034b145039e37e028136f2bb88dbb1d8678a385ac44cdc0b3182f3ddff7461af3cc8cb1036e20e5ba33dcc7204eb0f27bdb46ee484922938cfb7ed1721de33b413008b7818ccec41b4e422f6773fd9597d36089a785810a30bdf1f997128ce22e3c35cf8df8df807a128459c
1787432030.470315 sweep:Generic OOK 4.8k RSSI spike: -61.0
  -> 255 729f88d21bb50400c744edc8a43672d4b26c3cd7c7bb7f8377031fefa14fb1f6f9ba47e23ed1324d1de6929b750f0e18c6380e6fbe019004be22d47c0bce9dffaef40f2f59cd58e11ed3a01fe10e29a0e96b694be47d8cd339cfb0e31035adfc3fbca0f587dd027fbf039bd7fb4e2fb8010e0595ca52e2a14b0c185dc1e6447baf836d9de07fca0f1c62193b6f62709cbab1361e30323964830596fbe5d039a193f9a420f703f5348e9c63eee31b87c007b4e6eebc813bc7326966e76bfb91070a0e063d0be6d3f543636326779f7519cc010303ce352bade0a78061c3632722361033be7db97cc3134791e0aca19bda6229ca5feff43dfdcc6f20c4e3bf18
1787432030.47056 sweep:Generic OOK 4.8k RSSI spike: -61.5
  -> 255 0cf9e18cfde34e879358e6c37efd6ca04844faff9186d7a60acc71772a1dfbde30dd37d37e8e67f3db28009ce1255f828b4f5ca99bee39f62fcdf617c732ff41a9c80060ab758ef61e70230bb90e1023c71b00c7623968078f3860e3fcdc0d19b9d4126ff31ac42e46def4647050d1f05cccc1085363623dec81dbc4f1bb7f74d12bf13d0d3b63ff114bf6763eb9306bec81108e79d6df66dc6d003fc21a3da8040326c032a0fd317e3cdf46683ccfc2727b8f9ef803fe548100f32abf242a03a5d94c1bbdc491185e876919a7d12f9e39d218bf5b757e5e73e5c0e42bef045dffe8ff71c8099eb83ca4ac5044f005c2babaa5873e366ed7e6362161d0bfbd
1787432030.470798 sweep:Generic OOK 4.8k RSSI spike: -61.5
  -> 255 fa533a8363fc83041420290e0bef0b4629be1f307f7a7839f0909513fce19f9e656075480abd8e086862be53bb9e54bca2368e53a7453cfbbcfe65b1cf9c6264af7df8a5fcbfc8ab713da6e736bf013f233046e498e08a20fbba9c5545e419c32700b9e9c4f7c57b47a6f98c444f9ce33098426cb05f4c282f3c77917007ccd5f1e0e7f2eb67fa3facf9a36197e7aeb350cd1581629547f19c5ff07bd0aa74e1affe2c88c2c02e7ca0f7de9890035d30f0fffc85e146cefdbdc2e1c41306a6fce0e4b011375e44fc377e0267cb581a71e04f2af4bc18c5661bca7dcc3cc830eed7fd3674449a47a09e8114c24275f74f033bbfbc3d023dd26a6f3b1e69d09e
1787432030.47105 sweep:Generic OOK 4.8k RSSI spike: -61.5
  -> 255 03d75bf779762b83cb49c5bf107bb7d3d09e644cde648991c10bb77b3f397eb46c1bf8756b8acd61470efe428e40307e00181ff7fbfe477d448d19e5c1331d68a50bf4eee21ba1a7a8f488123494003eab04b49c45745c7d1d0ffcc677dc2f3782cd1ee6c39e40be43c2f0af6893d396dd4250e19c385d0f9f7ffd1710a61b7d039a78d875bc8fed6e0304bff33d3667bce6799168cc12647e1bfb8f007c024db23596a5616044bdd0b0a40680687297b0bb8b51e84e58543e1b0246f3e8d3fb69197fa03708e74c186000dced019254796dcff067c2dcea2832246d06da2f1f76c15bb1f61b6232fb4bfd3e5a3df73a8abb3fc6a3ac34dc25fd4681d28070
1787432030.471267 sweep:Generic OOK 4.8k RSSI spike: -61.5
  -> 255 6353b7d74429fbbc2c71c1905ef83683e4cebdba72a0eceebe62968c5c661d72e2306278c40ace1f1028f8588d468de8adc71c26a2725bf0c78f6edf3304d1189780c3718e1d3ed216d186ee81de93ea2b2dbc0169d4c0e07ece91cfd18a5f36fe0241a4ee813f40f4d8c38acfcf07865f5001417065bcddb5dfb5e882a4ac9afee38777c6070c772a1609c72bdb7a987ade22fb944c1b4843f30105b7c07fdfa4bc272f78bbe1853aef73e79941096e176f63f9e46d44d0c4608b20079df0f41d676dad9cac608db7fefb15ce0b0bee0ae9b3ad4e790d4d799e6d86c635387d1a2ef17938f61b5e044077d17b999e6b1de62af13645c2297f09d0144b40bd
1787432030.471485 sweep:Generic OOK 4.8k RSSI spike: -62.0
  -> 255 f2fb8284162e98474e866f1d8fe3fab83cd489c3b1ab5dfb020c9349e579afa768fd0fff9637072e971991e0e19c3e14798b698c1998eee860f4581e31f3a77381f4f79a5ddfa6c1d61fb287d536a771181251d9b2f0dcbf6e781a7b4742bffbe0674e8fd5ec0c2029c016bfc69e79d1fdfe33c3277842352a97dd2410f9993d1a2042f34b7a0f454162fd5d9af7e6f002290970446e77f34389d7c70fa7fc60650e984417224cbf3d5f50032a2c6506fd3543ae12c701a7932bbf1023f22eb41339fb0e9f23f62eff31116f1d23309339a4e4cd31a9a1dedc0ce22e60d21d1a1dccfb07d21ca4d0df012f4c1becfe7ffcf3c2f7bbf8bea1bab3873006f3c9
1787432030.471701 sweep:Generic OOK 4.8k RSSI spike: -62.0
  -> 255 4a869abcc7e24042391e1823ff81356d9374c7197d49885597ecbc401e1e337d8803ace83499b6f018f37f8762383fa241f8da08709a8b7c2061cdc7bd0810840fb01eb4f3c085fcbd14a7f585df88bd63e08d4d0868d0d3fd49193037499cbe42d3af35a81bf0e9dc21ec3a57bde2732f3e21edd193c441a621b9daf391cd94bfc161efa6eef0f9df6a1b04fdbe17e1c9e9c9eac74f600956d0c9c737b06be319308f9131fc4ce1f795adf0972bd2f18e3e2b6ef88e172158f6073cfe6594384b61d54065debb8084fa6c12214ef9f99c73d04cf7567bbc29c62eb0cb1181e461de0a3b87334bbab81f8d83ea39f8c2f2642df8ce370a15dd7bf9bb1232ee
1787432030.471911 sweep:Generic OOK 4.8k RSSI spike: -62.0
  -> 255 d870d1e3c7bb27d46b0ff33c5fc7356b2713d9bd3657c0f49c1169584022ece4e1073584379e98df8ee5e7fec4c0633659370a939ede12a7611de1dff3bc9903d8a80047a907fc12e8e736619d2069ee33a378965346cc540418c594bb2a03f83e901bd1450141a027ac8323ac75b3479edc853630be2ebcde0f218cda0c8e87f4227b0184ee369d85482498fcc860bebf880d05ba0cd7b3fa401e23ba04c2b52f1e0fcfc5dc10f66b22a7a3c897b31d4c0cf825fc7984cfc4af81711ef28ed0b53a1f422b3f396808089de34f160069d33c32ded6e2aab4830c1b716a9cddad0c31d606815095850c419db6ee25f24d98bf7fdc84610203cfcc2461f3ac4c
1787432030.472162 sweep:Generic OOK 4.8k RSSI spike: -62.0
  -> 255 fd40eb4fab407637f24327c79e8be4ede97b95d9d6e0adf9b867111c179ffe71cd07c2d76f932e28cb09879f57570e9dc624710c9c75e8bac36f351ef7d5dfbce77c2e78e10b8646721f3e2caff012b8e090451b88f4e1ef00d3f842c61c8bef0e661d6f6b93cd62bd24a9fb1d698703700e4d086c7c7c73701e03abf84d24a363b789bfc1c91d501caf52e327ea47f47835fb7e5568a3f0619c0c481c65d84cb22761ac589c3ba33b9191430e3f72de46e133d51ce7bb9179c287bcf7fd3fb18a9a9f8383d3420fd0c6a51ddd258c07bcc2de9e2823028c8b172483b060c02ac8f1970cd390e1031f3fd06780f0d66e0642f144f7370c9cccbfe96e49cfc4
1787432030.472373 sweep:Generic OOK 4.8k RSSI spike: -62.0
  -> 255 dca5a0f86822317fcc201c4e7a68a21d6a44e4800f5d06faee366e6636c181ffad540f092a5d403d607ba860cea816633dd02e2c66c8836306641d5f0a507ffdd039cf3ccb440c4b4040cc7d807870b6fb55c679fe82a9c3b294b588db492cb2708cb72777b7da00e7531e587f19ade20132f700bb167096476926acc4e64ebe6734b7855fdbcf9c0aff7a543c561cd2321da457de0916f958038fb6e55afee1fbe06dbfe3b06ddffff721978f351fffc5f9a7e447a5f2abec4e2f37a7eee550386705ea4b8cb72403f81fd7df23c0a87f06779f8f2463f16130e95e0cb8795b3c71f7a2947c38e8940e7b1bb07217c50b0471dae5a3a294dadcb39eaf07c1
1787432030.472585 sweep:Generic OOK 4.8k RSSI spike: -62.5
  -> 255 9e78d84b4e68fc75f92c521e685f3e50b8c31de637f5f557043e1cfcc686c217f8be50e2d9fc943ca4fee9f9b63e21b4cdabb222c86fd8c3b3217611d632787e99720efe215a4670437e347afbfd2317909e008446bf3d15e2369d556385362fdeda9a09c31b67b2cb988063540acf812f4123cad8d801eac94410dfd77f5588304f2d055c0e66200677e098578b93b8dc5c337a5e66db8f9c980821a12ebd01fa087b3d90bb80cb076a1ca9c3b0e2273b4a9942f3768cf280cf9f04604816e8efc8230bc5de6b45a67c243ff228cdbefb2fc32cf4e538bbffad1700dddbf3628e4f9d2a9f787831dcfe9c05b5e3030822d9dfd88cf73fb6e7a685fc68907c
1787432030.4728022 sweep:Generic OOK 4.8k RSSI spike: -62.5
  -> 255 c266a0793fccf0a0f49fef8eecc1dc0799b9818fd3f627beed4e28ebc70d9d23ff9c31a40dfddefe3166cbf1dfd442fbbd4a42d5e43a8ae075469fba9c2f4aa9d47fdb69a3bec957c940d67273242766d243845b2907e5cef9135f04efb5e460f9eef4fea040f7e7c533d0cbdb113bec0e1b9368fb18bde97aa93edcdcaab75f76d798f381e19c31442c942dc5408f8b4389b8f4078c7477ff8fd61843f59a106eb291c3b89f2779123ffc00a19232ed8bc0ec0a33c0f837f2e864117acf4b9960b165baf6899e22efa42c233dcc34b1ed82c09e4cf9fe2c212796fe39c102b5b74ad726e9e733325f2c7d1f0e68dfa4c11d7845ce837c93a619ffb83dd891
1787432030.473047 sweep:Generic OOK 4.8k RSSI spike: -62.5
  -> 255 35ae698bdc7166ea20e0581d221be9e944335809e091fcec7a5ab8e67e7603229d939f9ff790292c22cf4709eef9b35e1d9e85b7b15a44fdd9ab574291000c678e3a24042e98d3a37518988fc31d884e7fc7b011910231f9d9799ec1c1c266137550bf914ec545f105cff428c4e8e0da8961f64075230611180ac1b0edc850213e23a79981e73f3d4b883e83178c1ead2ef3198d3f9ce1c708c03400845fa39a6e1dfbd3bb3b9664039dd861cf93462530c049803e11cf839f18f66070c410071977a9cccfafa70dd161b5a8ce5873b8435deb0e7e41a3f79e0212ff605a26e7d6ce5edb60e113c25c421dd911135c2f73f9731c80a902c5a1729ba4dd72f2
1787432030.473266 sweep:Generic OOK 4.8k RSSI spike: -63.0
  -> 255 af38760f159fac07f3e78dc0c88643b8c500fd1725d47d2445878f6953aab1fcb060ef333b3c7366173fae443b9df0c5e805dc63c60357f2414ec87051085d115c48f3b59b05d66e105c16508d83e252202101dfe6c42c8c4a193475dc01f76b0fed667ce634fc08a7f7af81224e5bb1b31976f8789a409cffd8517ba0304d9ec9d12739f3705c81b795a079c30947330f00447d9bae4d601a52e2f67c3300dbf16267876060136a2cfdbdd30d80bb81e1ecc34457969adaf8f2dd244003078e97dc62e416e3d651fedfc2771f4fa27c1e22bffdce0aa46effa4b9398092f5facfe9fd0bf17a98000187f73d07989118839f5a7b1eefda4c688a9a5e45f31e
1787432030.473475 sweep:Generic OOK 4.8k RSSI spike: -63.0
  -> 255 cbd0e2762638fbc0bc5e3e7325a9998c1029fb7ccedb5629c16672bd6b6b7b1d5c1ec46eef213f9b037c68820bca68dbf9ff905a81f914707cac5dd5fa415e3a0a055883ac987180ac60f7c19253bf82748cc075ea9e5d7db23003c4f5df3833bc4bb7e66ec4bdbff2fe3660ec06266302e053a0fc5cfccf89c981b26469e2e0be49baf9a18738203d1b8e1b9a97040b7b631effc34f9a63eef45185fc6bd3e4bf22e73c66299c37613e3dceb157fc0986e85d16d333604198255edc2f0247c20c0ea73b6ca3f609316d87c8b2dc9e807abdbf9f5105be31c51c6ff34d98323cc2e1e5a4d7bee7d81dfa20dedbc2471e7bc1e5a342eff9b75928b9b0ef07b3
1787432030.473684 sweep:Generic OOK 4.8k RSSI spike: -63.0
  -> 255 104b0b3e63ff30bd441208198b8eee3eb667cf0a0a4c254b63c1c80e116cec70099a6799e957f7fcec0f9befd3ac58e484932067f7f19c88fdb1cbeeec87df9da89f18f0fc8637ddbe7fb191867186d3fbdd57258cd8dfdd062e893b4067335e63c773b45c0ce36b1b1bec70a829ff0248fcef76f2202a3b809bfa3b99b70e1ce8f0fa052c55bdeb3fd455a60bf8e88072de50760507a0e0be65d288bcf25e244aa73058587e0393470320d01f07d806bd0eb43eb21b78a003ee3ff6b40271e84fe1ffc57806ef71f6388b2c7f0634bf5f1e0677d8e2ca38fcbed1ccd31f025e797f02d106d51bbc9aabc0202482c25dbc1e64fe53e8394fbdbb7d773c2feb
1787432030.4738948 sweep:Generic OOK 4.8k RSSI spike: -63.0
  -> 255 f93880f37be9806cd307579b0fa9cd02d1281dd8f3cc0a831cd073de7e33b877b2f9385bd8ef5f3b01fe24559f98c87f3d81c55f5ea3ed0d7cf26ff76f5bc4103bbd9d70187ef8fa79f863fdd3a55f1a4389d167b16598c8cb0bf821e1f428272befb312c56694d4173fbc9bf6dcea37884166ec46d3e1339be9606f473197779a0754fa8886c49927920a5f39c704ab95e4031440969a7ffbfde2b13ee35acf0fdeea2e064ce7f0be01602b28503bdbc69cbeb03c797e7e605610fbf697cf3e3f93d97fd5f6fc2a9a21de6083dca9dc2a010aefa0ef73c6a133cdca060dd8c0fc0940e36ba4ce1d361f4eef0e3588bfa861224b475b8bfb1d7c0f875db80c
1787432030.474165 sweep:Generic OOK 4.8k RSSI spike: -63.0
  -> 255 60881cd705cff76b060cca0d00a2ec4cc2d605fc1882783961005300e3f4787f3b2a4e8c77027a7ce6787fa46ce73fcd13b687c325180890f81044341a7f1ef39b4ff9fb3b4b1e3737a707bbd24c22df039ec1bcb8ee5986b7638bcedf96b19bfcc8b142e8974ae0718437b15858c605f0f33da21f71b52bc54d3d416836c1ee1df56efd29042f77c12821cce1abb71e52f80fb6385a1a28fe04e4402db964c6d632805d968ee20f8474c00fe127612c5303ec8042ff7b91e36d7cc9fa7965467c744f7128eccf7c7038ad8a0913bba49e1f1b72e4469da4fe6d612809b8a60d295a6625bf83ba7c50718f1f6086da781c9443fff24b033f70ff3ceb4184b2
1787432030.4743738 sweep:Generic OOK 4.8k RSSI spike: -63.5
  -> 255 61a03d22ac15b0506b7b26596797547d7cff53cf1e1c95c171279c4002518f9a084efe91837c74a10253528f7fe840d2c0ff131c03f2b07f88ce0c827183f8cae79839e36663a791ca6d0f1503c3500d1d478e308830fd1737b7c29022da095f018707c251dfa23f8923ac5f460f765ba85c49e4ffe0f1a6a3886e0c4e86893ef193cae659f771885a463e1a5ff32fe6c3ea540a5a843eb8b3d44a73a855dc53a391ccc18f0859f8f0625afde7bf14767d0faa6b3604fe283ae2f7e633f8fb954a61bbde7ab7c68f4d463bfc62b228f867affadabe2affa80ccec6762f9f3fef64f85ec10e4eb077dbfe290ecf76cd8b349ffc7c61c8ea08616c63a218b93b
1787432030.474595 sweep:Generic OOK 4.8k RSSI spike: -63.5
  -> 255 dc19bbcce6849fc90884bbfeed046217dd9aee4e89f86f87c7fefe641eed270803a253d546ddb880603a1be9ea8161dca785ca69593e14fb8e3d2502310b784c2e614fc5041a0cb6740a0601a4ec557b5bd0a91f307a04fdb567bb318fb717a550ed61738d4c3eeca0f5da34ef6119e99df64c42ba32d8caa28240baced0fc27b2ccfaff8aead67fd283bdb31faff33ed65066ccb81451ce6c4a0597331700a23be697d1d5cfcc0cec271d48b1e3012e4ebedbef71100a3e37e6dcafa2c48af6148a4e6d611e149dad5f054ef2dc1f8d98f7bd0c84061869036fc33897b46d8670a406b01face47ae85267f58df833f9a0ec01803324a068b698c30e61c40e
1787432030.4748049 sweep:Generic OOK 4.8k RSSI spike: -63.5
  -> 255 395c60b1008048008978b03d8732a68c3f7547c0de19a1ffefe5c3c0c9e304e0b7f77fe4d07277f0db7d707f4345a41d8f2c45a534de60124150052d94e7a64598f5dffe11eccb222d1770d11ffdf84a37eb5c0f033ee57e785619e6529c39b0e7154c7a4c8f92f708093dd3f7f9343e0168496a23e27cfc5f54190780bf66d77dfa07bbcbf2843f9f1da75a064f7519129ce50c1caf082f15fb5d1b1c7498dd2fe52f8f1824dcd99737b7bfcb9e0d979bc77ff27b0172fc8f5dfb29bf80e4dec4210794ee6003809f1b46c4773c3a2f0abc340374ec9ce03b337cafe3d6efd367a0b95588515f240931bf9be6d738ec666c1861257dcef82ec5f6802990e8
1787432030.475071 sweep:Generic OOK 4.8k RSSI spike: -63.5
  -> 255 bedf7f9076ae38529a026ff03892d09676d3b0ffb0bb34b4f5e2e7260efd86f1dfbbee357d08c8c732c5bd2ef9bd57b1d6e1a1dfbae4c7d05b39828ff24cc5a681994d85c67e4be14d3913552f2fd000eca152cf71228302f3cef0e39c0fa1ca103fd73b1b1c7e3ff2ae3df8f00f3d41f3e03051467ffc27d81d53f3432190c7632120eadd0dd1dcbdf72e3fda69164d27437c38de99d7cf40189533cef914bf7cc63e9f9fe1ff047f83bcae2c85fd65d7f4271f27a7f762870db957a3b1c196460f2da8aaa3531665dc19922e70ecbce9d1fb9e1700c200845b0913535fd2830bf37a5b9d20612ef9a31026b7f669022c341382794343de879b9061db47fd
1787432030.475308 sweep:Generic OOK 4.8k RSSI spike: -64.0
  -> 255 45ffd8cc0a63ba5efd9d318cec5385001d3620f5265f53af24e1225f784efffd9d9cced7d24398e16cd9fccf09969e61359e037cfe013461c78ac00d930a38e9ef82d18e89d21a68b4ff39b18265d359928f4ee882c2627c07fefe8c7d9746fa2e8a9fe993f1cf0b53881f97cc1f659d87eb098d37c1e777488c067be0b0527ca31543d2e74dfff4c06711b0fcb3f8fe54f0b743526640864d3e23e182dc8c06838cfd88643e35768bee991cf4c111504fb4d1b52a1c53538d78e0f8dda4f4cebe7cb57209ccd7e94366872e3407c74be097d852b3e4792129519245dc1c848e03ba500fba84070813c2638e6057e5c331f001f08020c2d35d605fffef3c2d
1787432030.4755142 sweep:Generic OOK 4.8k RSSI spike: -64.0
  -> 255 064f078483a894b73e1b9c801180e61e8dd331c02e3a26301a608680039d60091e2dad5ee468b5098785be508f3c8e65942441d3983d031f83020fe9eed0fa40e209cce60ef2537dc7dd03d15e9a787bce7a7efc693c7cf2ac43bebe467dee38c745dc1be3bddc7bc3faf2018c9572666fd356918b1f0ce0a9ecd3845cdfdf3fcf8ab1d7c7220931fc7091e4e36e9a6587b81210ae03d6018b8575ec8025df1b2fdde297ab761df82c404fbfa3213f03e607808583950e7702fbce27799b77d170136fd38265738d25f50e0a1d39bcddcac5f014ba0c4926a059412ca4bb40cac19f8a7093c1e8e5368963f700cc8c7859139b812d40d81ac78f1e0400a69d
1787432030.475717 sweep:Generic OOK 4.8k RSSI spike: -64.0
  -> 255 441938e7162107a42e33d435af2da1f6dd56efef0416a0a718c5ffe20ff0002704ff3abb708c37719173bf3e9ad6616be1abd45b1b9c8f90652c6cc54ac9e8997b6d944ed635d600b5fceff3caab1f27df2961dec1f93a8601614df8ff01ea78854792f04e13f5f28092f6e0fbd97f6b9c718ec11f82c398aaebb7ffd2a0738660347f39e0a02d8557cae079857ceaa40e1b90712be1623bccad4d55f940f68ff5ae05606c30e8912403a6be340f8782b7bace1848af14fb205c1110033fbe69884e1b00ec26f7e313a274023072e69666b4c72343bfc99df9c5d4cf8af764f31c612114207c118d7718e7b3fa7d60fc08022a0794289d753e48550d90538e
1787432030.475935 sweep:Generic OOK 4.8k RSSI spike: -64.0
  -> 255 0e6f19d0e192fa5d8ea6dff1f5a403d0c1ed90dc680091d7471e9d1e34f9cc697cc8607ce0e48b78ec0003fa90775df43c2bf4a1307ef460c9fd74211c1b8420d99d863feeaad1bd14e408fc023412bf456eef022484cc26084ca341fbdf2897eec0f8b80e443c93ee2ff19911f287b44c44b0107084fe142a3d08a434642928f3456a41342c79c7f0a036ffc9bf23a4344490fec09ae53fffeffa60bcfcac21ef9f3dc00c4caacfef6fa7e0882cc1da383d6301762148fe378d88601fa6310bc0c807f1f8369b421d907309fe1bfb3c13d14a6764117f81617ca08c2f48e005907c44e1a5ff7229c03a497d12f000a38abfcbe0343060cd956ac5f63fa183
1787432030.476168 sweep:Generic OOK 4.8k RSSI spike: -64.5
  -> 255 062266ff29d274ef05627e9c298d9bcad376f7c9ce0bcaf41be0afa851cfa606245a98a80fc4b10cbe7e1fdd2f989aa9850304855a7a1f88019f8fd8fa6c9d15b81bee7ff54c0f06ef2238c09e08ca8d3fb4c8fb71f0c20af47218c6785e0f6e591b5f0370b7c17a73c79c80073a3d78ec26e79755012be8b2a2153ddc3cff1f8e78519020e07820a8df34215327a982354cdad6ec4e96dfa00f0807f04e09baf78e31dd4f57fdf52bcdc142ae9743ac7be075ce925d99b7ac00d057ef9dac5171b395fa663830bd051d7bfd707eb1841774e794b6c58bbfcb03f5e01c9c28b911185a0b8f0a8307087d0931ee7c5b6c96d5b631ed8d7178362f382c146f43
1787432030.476383 sweep:Generic OOK 4.8k RSSI spike: -64.5
  -> 255 aaa9c0de73bffcc27ed9e2e286c1ae5e000701c7fc04c6bbb746c02f69de4ccdce7e913893ebcf841993623f45818ed9f5287cdda115fc010227de6ea2fd322d8c6782990331cf6eb11555bccc8705e75e0f0a07c88331ef47f78d9f4d356d1c59ff313378309c42bfe85bfc2ce300c36322500bfce32fe047ea8c5d7923cba300103f98c77b03e175e52279639d2ce62ceab45c4742b9820a132c3f2b0871d31af9ec1b967e85800e7741f9648ef8cc4f0524183bb1dafd073f619a80fac764e92603dc61bac10351038fed15e79cf4a31aa64a9cbfffdaf6166db062ecd7dd339bfd8420cce53fcec6f376ad2b0d59912bf228a878725c5a30f7b42009fe
1787432030.476595 sweep:Generic OOK 4.8k RSSI spike: -64.5
  -> 255 611ab10bc60c4d01c71003c21e2c4c37ce8a6f9bc797b1810d0cfda78e1b131051e181cfcd65f36247194b67f095d31801bf710841efd9615d44b5fedbea82707be17ee32f7248cfacd32dca95f05f623b4a7913f01a29afe8bfdd6ecb2cc0b7118f805de7bee3cec6a31047746f4c05c7304af32f90290ee82b7d87f25fe356f8f918fd4eb4843c071efc6f8ccc362c7ecb3fb6cd1d3e997a655dec9b200127135def7af8bfe9c02f9b671bf1f903b854e5171c621e7c14057f38d6e21d480e8fdccdca190ef63ace39871a220470332a83db0cbff1a16fe80fa88a20bd68f8e642d9f20e3fd201e3056073bb8f83704d89848e616effc1b5b880687d1d25
1787432030.4768121 sweep:Generic OOK 4.8k RSSI spike: -64.5
  -> 255 20dc4030955ff1b3f00a20f820d2b5fe0ed4d1ef37cbdf589a1fcb1030e7dea3d7023de3a737882786ac3cc1327d027f83b5e5b4ccc1f724f21e8a4665fe6bac19a541a06103f3d1baee6eefd0613e42130eef63c9af0b9b01931653bb67e297f5e2f222c1823cb1a6603094f45eceb4cdb3d27637f69e2b71a08890c3c143952d9863d8f8c68fdbf8ba82e9ce2817beb6c21029b07387f0990e1864337fd3e28fb80c0e5dd65b85c5931858f8bde61106a6b176c668ce77b1496c7a7832c7fc02d587d67f920dac7402dedbc3897bdf80834846981f14ca3ccca3c662f718460249d04eb8e4fb9521a7c801a4dce2a203b5891b208b1a975acb0459599116
1787432030.477047 sweep:Generic OOK 4.8k RSSI spike: -65.0
  -> 255 7119b9f189f4051b21fa5bc346c272d2b02d9a2d57333b2e86436307867c23b8bff769be3f02c19bff2c45502d1d3e6cf422cfe258f9ebf39a14e790b7cdfe837c44c2a3f8162f77b101f0d15b0cfa24fb70058b87ee6187dc6c5f11c2b7cfc1e578586c45fb5e2226e02c8f657809338499cce4405c3ed76b5804605f12fcb096866337c8df043c21020ed42e9461b6775fcf34e830c23002604be782e02e5f51c70b200a1785b837e4ae25c73865ec13547d9d2bd169e4c88ed30d44ba5c3d1e8420e65039457587173d38434fc12037610bb77a889d149b37af5e0764e1b8893c80ce8d7ef0f7fccbb8b76c4931fe28c431c605cada3d3b5427f790119f
1787432030.477264 sweep:Generic OOK 4.8k RSSI spike: -65.0
  -> 255 7567a05a221d0c94f81b061f7a1c417574a400fb5e636507fe147358b73c41240ccd742dee66bbef3c42f04069c3b7f8d04e0c3e0cfdf600591fa1dd7de0e7bd2187de6e63e728a190c60d1bcefb9e46a000307ef51ecc6b3327a4bef2b480d4ec2e6330fc6bbe424a95ec609dfb3789489a1a305e0b10ef110333f1f86155c8806fc002071a64fd809ded855d978fd747339fc82c99b67167a30d1b709e3fbdbc32fa0841463defce1f0e15d4da4e467e1e6f8c40c3973e17c6308618c07874790cc1a2fb44d6e4cf05fad087d4ecad87371cfa2189608dcccfeb6638328a203c108c8d9a377daa4f712f75640734c04887fe394e4061f89aa5ecb3c87d8f
1787432030.477473 sweep:Generic OOK 4.8k RSSI spike: -65.0
  -> 255 f6fda0e150c9a7de8381ae97f0d1bedfd84b5b0604e79e13c7e7dcab907731cf588f0ec70f1df6354c1da7fc53263a82e0f56c00214b80643012b1f09f3a90a997d18578d834c47dd2f34a7afbc3511ff87c3b98fad63ed27189b14111cdf0f56fa0279f5ee3ff0625b18e0f9745d815c3e02789d1c2d274e4fa7bb61d1b0b3e073919df34b61971b483c3c1ec3038001bf2105c3fb4b47bc8786a9c2bfceae891936a8b0b903f46142717dcdbea4397996f5ebc0421fa7ce7bdf11de427fb6a5081037491f9bfff1f40b1baefce01cc4400c69d0546bffc39b98bb33780fcd320e4cfd83e9853372c467cc0d929e3e7d2518d2e49e1c66c0984fbc30d2bf9
1787432030.4776828 sweep:Generic OOK 4.8k RSSI spike: -65.0
  -> 255 50b1ed876a1ffe2fdf3819cb189848685d0999c122c519c1b8842c03061a01fb05aee3ce914e2101d844170031c3787f84d8bf1cbcf9ff8ac27e028870181d07f4961309911b83fe4288d4349f13b3e57b05e3019f6089fd036b02497e870e7c884d42a8fb106b07edbc63f60e2ec4648627ebc38a5d3c5de019ef87b79e4ad727e89835bb90b611e3f837a0fa2be996834133973e80d11aaa53701101623d1fd84cac8fc09e1c30cd6e4a3495be19d3cfe08007c08d892ff74c68071ef8df88d8c7c3985c7ff0ee2e6dd0bc76e5a08d877f394387cb996ae83cf478981f447e4b8995010110faa2f2de60020b04b25f9184f821c633e4ac1fce5db48f99fc
1787432030.477893 sweep:Generic OOK 4.8k RSSI spike: -65.0
  -> 255 28a0ced713ba23e88bc00f386d963e265d3b91f5d4155bc09ec0f132fe283c2923a07f4783dc28982436edeffe2f001fc6334a8a708e56e78d7a1db91f57679b8723080c260120cfc70a92b57fe6343c832c88ad643f5d377a14fb9a0e04416c13e14196933e8805e361d2c3a5fee949d407b80b88bc6809c4677ff0f55f6ed567fdff778960aeb68545f35d577dea02b324e79125f785c3886f7d78b0082f53f9f8304f05981b75b1a48c53e4a8976f601fd9b581f71c36f9c26283c1786a716be4e5f1fff9fd805447aec0adfdc0c001f66463aa6a3e81d310be337ec2693264259da2ee75c4371c3868a667e1827eff510bf1f2bb601748ff1e4547a8fe
1787432030.4781709 sweep:Generic OOK 4.8k RSSI spike: -65.5
  -> 255 24b6c7d26586adfd3ff0cfe931dbe76c8317697b554defcfcc4c7d32e02eaaf37f0ae8f4335d67441f1320ebce5f98f1d0f4e17581fe17b267194ba6093f1a8b6a1cb99dff08a291813ddf198987c60cc6ad610775c677aa0cfff070652b08bf32b6647d0f6b7f547b0540bf1e660b0d6771f2b349002f6799eb609239fb0f3e66ebf7ce11d10f121c5998cbb202a3f74724bff9dfb835c10006e519cee2b815821fc0a3146bef985662e7b96231615276219f38bd5e30bf07e065d002ff8c4ef8683c583cf21df6ed9e0cb2433abd703c786945e2822510d5e67dc8e722d761d11c801568d0a3c87d9186030c0ae59ce0fc6887afd6ee4583006afe476233
1787432030.478399 sweep:Generic OOK 4.8k RSSI spike: -65.5
  -> 255 40ad80e840dd400434f7d3ffa40315bc45f72e7ffe193d62a143fc2e86485cbbe1e3e4796cf7b3cf1f00710190b94a2f69cfe9a1bfa853018ee1467f99b8bd5e800c1acbf55c8cbb5e53be03c452cb97b046183fcc0b744947a1e7b4fa8defef1823c0f457b4930bcf7a7c4d1e5eccf287433bf20c099a300974379093a3faea57733bb513f9aa295af4f10ea9ef648ffe6bc5b813b8b905888433403338104e5b69b854e97fa241773a71fadd3fc458b8c05c5127cfc5e8081c70a24f985b8144fe30080506817960c3beaecdc6e34d98f5a6fde487946fc1b8b804467e7afc260c7284f3fb9e28f440419fe8878e70d78261e1f7d1e379e2946d8f1422bf
1787432030.478612 sweep:Generic OOK 4.8k RSSI spike: -65.5
  -> 255 ca407faba9be0b9fdc223a4bbf731d91cf879acf2521eff00237fef28243fc4fdcd421bd7a0900983916719c046cfda3871e8e764e38e24d9fdf9938b69fb603ca8b03f557fc50e509c07e43a6e8925226d0e45c46f332017fccd60e724ed84f11bb1ff3c59aef026fe4498648e7d80091af221a063c7dfc07580332b3dcbd2e0103e20b9a94a9ece745acbdfe545e99b31c628a21d89f66ec0e28077f922743e2ee27459633c9123977c19f6d7edad9e0e1080b9f9af10c21a040c76589330ef54556c638c29321080b7fdd987f3060884b7e260925946f678f5cc3f4f2af8017cca80aedd90027bbdbf4f8040f07cd6020f50004c07eddd733d37806c511
1787432030.478834 sweep:Generic OOK 4.8k RSSI spike: -66.0
  -> 255 5dc7bc2c953171bf4112b47d087803814acf3df576e81b39fdcd68a01f1b40e1efbe2526f471e087727216aa49b4c4f3a7cdfb4e71e30632a39e4abd38f303cbc787749ccca009a01e5c2fefaf578be0da630d24bdf601d1b9e7f30084cfd1777fa2cb3bb3bed1e65f64accbac2dc4944eb2853fef8edac7ceef6035ab90015f572f147033a8c860791c3bd2bf9f00525e177f178c38739624c006205a648324fd77b810684add965f49c7403d37f0c13d237e7906b394110319b2120f713a0877f59ebcd5d7c194d2e52987a4f37f27eb6c73b8e194c17f331b873ec19f1e4916ceb9f3e28394d80ff030fe4030f6437f1152704e713b70505c1fc9c314d8
1787432030.4790678 sweep:Generic OOK 4.8k RSSI spike: -66.0
  -> 255 a23fc6367ff673e26a8899ab019c0094c76eb8d3fe178119dad17d986718d090722763a5a6c8c9410573b3b17b64f0c8078d3fe9380b9c0ac43d3c6696e6a2facd0d54676cf66ba665e570074048e17807016e243a426617274a85c7dfd11771ddfd25bd5fadbbbe01f54f5ffcdfdbffd18188d08f05e3f7a401db031faf2d663797955b801f3e5502c615c6789603693f086e3ec0da2ef6e1cb6c192d3f88732dede4edb8f0a5e88ecc639e58cbc98380b900b31bfe448fc2297a7ff01a67d1382f67b07e6e8e607b971c4ffdfd98f8191fa0203330fbc039046fbcc589d948c9c67b0303f89e536c0d0f2e49c3b8d0b00809ddce96fe7dd57fb93b17891f
1787432030.479307 sweep:Generic OOK 4.8k RSSI spike: -66.0
  -> 255 ef606e733e52dbb7208bdc112713f4a3ca0b5ae76627d7e233c8f6dcf91b4f0e3805c9d8ba58ee3dfccd9befa283103eb2f1f86b3a94a39989797d6f82f07af0dff0fc691049f3203f8ccd1fbb81fc3be3f8836bf8b7b405dc8a842be8f10e7860b739397ecd71b37fd3844040a9b02f371918409e571190313e2fbbcea6172715440d60f99b6bfb90e41d89baf1f53e0f7c0a6d9c1b69f1e9fd3662cc6b18c157ce3ebe90ffd9c67569b5008179b9f974f8387d82d70436198651881c06ef99209a1fa53a9a9b0c2507fbef470dcd7631479986037e18b5f4e0cfc17ef1c106a8e03410f30fc21844cdeadca999e1ae70902855b56ee7c4630054f2c10796
1787432030.4795241 sweep:Generic OOK 4.8k RSSI spike: -66.0
  -> 255 55fc49a5bb7d86627452fbfa8d21eaca3d20b13b15b25aed0547d07ec07de1920bf32d8e4be26080e937956231d51c793be0f8f1fc1bc7edd039fb543d13f45f37ccc0d24bb93026417fdf8fd11a3b263b5a3c8a87391836af32f682c30d0de878667b32377fac06162efc39b0080081e9d7f00e7a410ce6b192efeb232fd00e26ef4b408bc065ae3b03b4687bf1f07500c8a37065fe3fd90e049967a70605c17de3d46b61e06c76069fdca3fcc9b3ed1c174ec9faab808c1cc06165ec4b2094f29db087600566fea80cf36104d0e19ac104a631d9c6043c1eed0c78366103c4e1d856e7a17f113d81e037425060fc63c3bc8c16d0200de1b3374ed6aa6a04
1787432030.479733 sweep:Generic OOK 4.8k RSSI spike: -66.0
  -> 255 fa4e0f47a1b0619e12e51fc7d14fba6e47c0779cc8ff506cff17c7c68037c0eb15467c92e7ace6724a565e93c0527770e3f8f0853e35b171ac1c37bfeb9a8e803169d05c0c781397ad66473db008051d44621edfbc6e71cb0c4103b610202bf6936860e37c019e1bb48e8d43d0821a2c9636b83e8e643677f22d9c4279ae2ccc431c6337b009087900292811a51c3281a007250f575b8f3ca69f9b0b0994cffa4fde7f940b34905c8801f3b8b8ccc2d5c1e8ffc0eb7e51ec8aa38c7fb7d020b03109759e9c41cc02221fc66219f3f3916d82f85a1785f691e4e6dc4c52e8c38f1c170f54ed0b29e03f6317f98a0f8bc01c703487f4c8067c99fa2b25c7f81e
1787432030.479968 sweep:Generic OOK 4.8k RSSI spike: -66.5
  -> 255 cc0aac90ff9301cfc00b0b70ac01b30d9a0dc7122fdfe97c875c839c45d0325c9f1acb3a18fd9e450f1fffecc10b6cf0c98265059ec86946c14eebfbe0c87d56a88d0e0333bf23c581612bcf9907c033f46c2e7c16e5e0bca0314ec3d3acae3ca38b4e1130747eb0eaf0b9e28d01ecc9f710208be80803b1317e39e40b0d805b86c3d03f36f074b230f22d60746590d96bc856ffc17d1aee10c133ca0e506eb939880d8bbaf19ce6a8c330df24fb23e73ca7637e703f89eb0e73997f4ef0ae2f15d2c39c4d05c0a01ff875bb6bb8ff42f1262d0cb363c1c311b59d7f810e4de9cb0a3ee8f266bc8819a3c86461850f0743dc1de3f340d7b7f65f549588964f
1787432030.480383 sweep:Generic OOK 4.8k RSSI spike: -66.5
  -> 255 d799f4ba771987aab7bf3f2044e5d0ba9689807679edb10a4244f7c5a3f1a091bde1b894e0c74081ef6791e16fe65010fc31d118a0118ce6e8de67ee0ec32d39a740352f37ef443c067ec8073669bfdf8939a675b39bc312f15e4f254007cfa70b38ecedbed93defa1697020cfbb6a7e960e72ebfb218d1b274a39fe292b699f08fe2e6df0c8d3b33388608440a21031b23b38c828466f68fa9a46cadbb879f18d1b3b3541f2e693e59039b64fbd6abe3cff2de29f4f9c69cfab80011e43601c8f1a9398023de7f79f81b08de2c0e6067011c1bdd8c100490ffa0f84b4ea49d9a43e90f42aafc922f3909e908bf547016c6110f1e4359c59e845761fee20d2
1787432030.4805949 sweep:Generic OOK 4.8k RSSI spike: -66.5
  -> 255 61868893f801bca044bdcc7eb60615239259f90ef19e30eea303a19dab7f70751cc9572a494340b75bd970f13a98177a0173404287e1443df2a141e9cf387c713c6d85f97d7ca3ad23f1c272e1b0407a630660e014e61550e31f1219097f48278d6762bf3e24f0c9a98db93049022c14dbdba30000b9880207687c3d90eea09e7fd7eed4dd1e99e1b17fbc64824a5c9e1b63ac4dd541f372eb85f98f32795f08df8051ff1a141ac1470271a50222f3161497df11810995161184c1286374bf9cbf102ee3c479e3a99f008fc7232a6a87aa7d2ebf8143dfc857ac6307e845e60d0d04131217aba3e09db2c219d63c4bf9d5430e76290d0e54f80eb10b7fe041
1787432030.4808161 sweep:Generic OOK 4.8k RSSI spike: -67.0
  -> 255 69cde1f76698a3ccb09839467bb2eff7b9e04e378cf7139d9a497971c87c7e2d89f349798182a32c45eb624f6774080e45d4cc017fe037feffeb7021d18196f0830f6a6754991783c603af121e4c0507f8709301f942997f5f8901d9ce1d8223d3ea808f567643b1ed31fc5fc589fe6cc3bdaacbefcdcb3c2d48bf714dbd881b30bf89ec886ba20def1833a1a41fbbbc189b6e7137e97964a7ca36779f041aeca7b9a45c6d5411f713c9035505c3ce718151f276ffa3241de794db34ade203f8044221c51e72105b0e56f8ae594b55e0cfc0ece5207f5939cfbce7cc6143f0803011f050a5fe6985a2aff424f461f0c8e2355f4c63d87a458a8479b84d2e3c
1787432030.4810681 sweep:Generic OOK 4.8k RSSI spike: -67.0
  -> 255 3b7d8ee1d25e8e471094cf6047872294d37c62804e650274139c813a93b8c1d3c2216112bdda62cfe11069b8fe783a18ef27d1fe0d7fa45317216cff2f0ef8d57c26b76e570a1be32187a8ed0059a2d240c1e73e14527cd81a01294f6cdfc3876351fe26ebcb96788ace9c1f3190a0b735220f99caff0667f2659161f0fd9874f11ef11f4fbe9f677c874e05cecf8743e0f281439a3703d058ea01fbd8f86b03c00d3c6b19b66633279599e7fb4da245aeebf836deb0bb91ab8010fb1660e0c4028032dccd8e2b157f3532ddd05a7678319d3b2600a07b8cab73e9fb9b37974ab3872c4bfef5f341a2907905c11e71388a1f7e310a36284e437bdff1daeb3c
1787432030.4813042 sweep:Generic OOK 4.8k RSSI spike: -67.0
  -> 255 698c7ef9efe9d7006233c0ab137cfb853837fcf63cebd3e44b6712f32800a4c66dc1223ee02dbc5b134a7c184236589a15be618c983df69dc5159331bd250fffb22e68eccefca9b1b8109dd6f1db0fb993ec81d8de90523cfc53869a0b3a180414eadf2b1d5077de7ffe1801349bdf0cf20f6e6f5c080d6800e71c6105bc790a7e75fc3b5ec96c5b9821b6227dfb200762eb8ecfd999f2787e553964de07ce679fd042614e770bee0b5d8e5bf8db2cf9cbacf90e5ffc15268df177861a079273361f1c1fda724b3928c11e440738ebe62d969dec3e6a0efe0679001dfca0fb67ddf069f8d465ffe74082d2bca5ceee7077883311b8d6296f9cab12be650780
1787432030.481518 sweep:Generic OOK 4.8k RSSI spike: -67.0
  -> 255 c3bfcdb077a98070c588ca73978d3eb5a384210ac209b394ba24f307a83cbea1cce052d1dc6706787be062414642c0761c1df41916e02fc40bf0c65de304a49e8c794a208b7a843877c18099963fd260f1b5f003e158d6e7d86059807aec7d0a61d76396641782423c22149c8175447e609cbe693e9f703101c187416f3e941dc056428dc323dc2587787e193cfe3cf7aff075059e6ebb7f8635c3bfdfdf6989b095093af9d4398f7f9f802a411a331cfe17fa5840fc41eccc8e9efe61ce4c70dc122e03c839d6d05d4883e6c1f158f6284be98f7d071edc74d6096c120e279e761a5bb4088c4a5280386e0b3676fc358e62b23f1a4c6217f40192e223b58b
1787432030.481737 sweep:Generic OOK 4.8k RSSI spike: -67.5
  -> 255 7e0fa3847c7c3cea61a5f0117afe84b9f492617c9ea2060176e541c05f5545e121f66bfcefff76bf14706da4855404f0071cf7e87efad80109f07c7c98797be7f30a8b07b17f32538798806dbe5e9ff3480abf901871ff1c2649c14392553e224aebf92cc1ef862e48888f8f6ef99b142fea9793a07e3a896faa59d053a1c798e0f16c4ca1e704c972e030b03bf80df2cad7a4c74cac488bbecdd9f9913d770e68793f6e6bfdc22fef29ec8600d1d1a7e5792df4b3b991135b09b23fae21e0ef0b6519da9396733874bb4bc27971d84c493f4181b6220293e3a3d6ed08802a022fdfe755ff83d9079986a530dec08d0ef9c3f63973e57b10f6c6516e8a0cde
1787432030.481956 sweep:Generic OOK 4.8k RSSI spike: -67.5
  -> 255 df3208e2117d99e17aa676d8b108a1f3bc3eea4c663fef8087dfabb5f9db687b20349adc07b40211720bd99c2dc6f033e83efba07210d2cd8af9f0a56e989effdff5114d903905fc5bc601118fe26af1a0c8282263fcf4138f2af97e641cdf2bcb7f8efffc659c739833eef8e40585dfe7fe423c1d2362338b3c57be6a01e5a090eb2b0436c4b91889adc27736830bb5dcf9783247f673ff9bd92e7c94fb623ce758c3f21b058845907be2676c77dbca7288f9b8c383e1388e5875e66ce5c580294ebe42e1d855800b67de5c70e7e708791b98a3f9021a5fa204100f8ffff43b6e1afbd5bff4c3d28c1ff4b1237c658848fa44e2038fb0efe70f8c1f47ce0c
1787432030.482195 sweep:Generic OOK 4.8k RSSI spike: -67.5
  -> 255 acf077c60b2e6a9be395f640dc83f47cbe0f2019837b903d1711610e9e88679f19d460f9d6eda469b1557d02d0d3e6b4e50afec145a788768f971905ef918e02a7ff07a6f4060d38fe6c2fe7400e5b81957ef5f19eac33da9dc1007214580a6de085c53eb2305f98df194ff17f92826d0363f38c5ca1fed180fba8279296de07e8b0f94fbb3961e7499b2455f48ba307a799dfa31fe55ecc0bdb991fbf7ee7df2df79ffdb84792a272c9803dcfece6b01d40fcc2d7a782e4997144dbf832d13e2b72e04dc2af594fee50a54652f6340f73e3ee9f81f6ce23dff0260e041f7c87715019ac638683ebc5ca5dfac3f83e12c37c0331c5cd10bccfac25c581d5a2
1787432030.482443 sweep:Generic OOK 4.8k RSSI spike: -67.5
  -> 255 c3ecde91da1a5500dcc64cf827ce48ee4b506a0420ff02f0d309df5cbfeffc1a3e919fd6b90a73b7f1e18766fbcddb087c06e8f312403b58f2ab93d8b82fefad92b79a5430ff7e423342f39d70df1e446d0b1f9ef2398803845d3d7387e78c73dd9a30038a20ed5fe49568c3c04de760cff8fb9067095d9ee27221070e9f4c3a8a024439fb111fffe6bee7a7fb352cc9cc2e30a30f601d4f302de3bb8df35d9293bb723b77e43dfc7f8d9ffc6ff5e49ff4acc9356159fff352baf8b82c67cf4e9e2648ef3c399e1f9666aad4fd1ad052abc9e8a1f1ee4147c180fc201189398029b11b81721d93cf4985746f911c993d22f406cc455b1e84c8c7afc1a953df
1787432030.482666 sweep:Generic OOK 4.8k RSSI spike: -67.0
  -> 255 1b4819fb87704f35a027370b9fe119d8cff87292a9885de846484930ca5f88cce10734d19fbaf3bfdf00de082c0edda3bf808808031a7c5f8958b3b4f8e0e04b80fe39f65a4a075ca84f356cb9823ec0fd934ff70083064b9872803f636a64546f35ce49ee703028662580f0f41eca2f05f4d8fdf84a9d9b8b13463b55b9fbe5668a31562417537503fb85b86e5cbc57d97b33f70e28ebf798fd8069d417eccd97d5cdfd4fc2f4da403ea70f8e70d875e6ae5df8eff7b24eeee262b08201fdc7dd46e625c654803adc68f309fc0a9bc12ae61e8d59083ea2e0f80b0703ea7c026cdc73dc700d48b7684f978d2d03d8460c55e211c7359c151be19b40e15c30
1787432030.482878 sweep:Generic OOK 4.8k RSSI spike: -67.0
  -> 255 70ff7182dac331a78daf70750143213e3b3845d9242d47017b46e3e79f00340ee80bd7c646d892d3262599f673fe1b78b222960fdbfc221863190f16183bf9b83a240f25b0013800306f56006ec02633dc8f7424a791318ea1ee4786c539cdbbf5919b50b74127f09f86e475c1731d1428a0b2e738bc21cde67e3c0d37b9c729d37d103883ca9fff29832f722f00f6947eee7f3d973283451c58405870da68c3240b809e52ab8c37aa65267be3b8049c928a0fb42fc67e002188b608bcdcc7dbb2eb0cba462f313dc5e7d810a22e78f786e01f27bfc2fc383fcd32234177e1bdb81ed9f8a0718c2c239460095171db807e17616109abdd4f5fe59fcd33fe67
1787432030.483094 sweep:Generic OOK 4.8k RSSI spike: -67.0
  -> 255 dace8091ff53ca0aec1007f06121c7763fb439ccccc781c8369c706e6817f9ff6410407fc1fd3bf9157c60995bc4a904022a514bcd1cd3ddf04b3fe3933b58904fc3b083381bfe712fb77f0f635675633cbbeddb07be23fcc7e9f1de03820e8fc3b9c0c05db0e9e350d8116543fadf407214f1d73c895e9898fc4423874978b7bae01b7b501a70cb7f7df3ee3915b7b5e2ec4fff1ca7fe4d74ca995e3a04cc26ccc3e5d80bda487d00fdde446319f1d4e0282effff83f9d3c2c783fcdba3cfec27f0650e502c6e70a16dfa5a918efa192efd544bd9bd8d2784042f90e2efc98fe3b7ff967fba2ef901d23eb9048f587887c8a40b309a375f7df16e1408e49d
1787432030.483314 sweep:Generic OOK 4.8k RSSI spike: -67.0
  -> 255 dc91b17d3c828dc07cc5cca9633d46863012ddd9f87aa2846f238c035cd71e8a25e3c19c7558a42120944b3492207b9ed473ca0eb216acfeed14a320496864eb067d9d90b7948be4fbcf2c3b0088cda737cf6de0ef500c031782e39f887ccc3b309a87b368268fa761a3c6382eb333ef0b5fc186916d0f91ff2a25747c48768429bbc711dfd53ea0a6f196f0bd9c8f3aede7dbb625d8ddc49af88befdef5dc91e3fc1777245a79b0e80d7229e82598bf78415a85b34c79d3f0273d060d849a61147c29b0c4c196cfaceedf44bba702dc3c4e2c28001cc8051e21f3e0b878c5dfa8e3f6053fc213cfa0e7448c2e4a370d252d8ac1e21710f2cad80983ed61be
1787432030.483521 sweep:Generic OOK 4.8k RSSI spike: -67.5
  -> 255 008706980b6abfa720c623a2be958619a74386bf3e39b8de35a60379f702bf9fcc63cc001e1a9fb839c312e91fbcb3f2ce4870f5c81d5ec87d3ebbffc487fde4210bcadf1a20717fdeebedcc4cde265e0a44de46de9a804da99804c9dd96575d9c1ff9fef8e345f033ae1aa231fd1099551a47de3a18fadc3fcc8e35a1ffb1e10adde94f85410053e7eee5d6c6c08e3bdc3ff6aa343b882cca01f1014badf8134c3668647a8cae4bf7844556dd8190ac07b9d0cef7f890214647c9673fc0f4d6f2929cf8ec3c3df2f4ea4fee6a97195c45f2efb7affb8df87517c374c8fc66199b5bda70c4dff20904dfd6d937a2141fc0b40b13fb397dbf2dcbc2fa5cf1d0
1787432030.483726 sweep:Generic OOK 4.8k RSSI spike: -67.5
  -> 255 ec1d33990d9f1b37fadbc2ed8bfeea014226f8985c5f289065f3780206613c75d74058a5e7dfce81c386c74bdf71ecb2517a066476e83e39ce68608f0574e7c3d431a12520f3ceb3927b1fffdd1a752255bc67afdce910ce327eeff3c28e5b1ba4cf80ef21e7189fad9ec4962443fc3a4eb54e000fe0b56be20b59679078d8ddad69198373872708311cfe41692cc3a0c1676bf1a4722068962bbffbf666a81810753532e77bfdbee0b2f4c4b95ccc24685b91cf7c9cb100c0b32ba3908c10d1f018ef8d8ec6dfbf647e8861128fb3f703fc30c89d7ffff87f39d1b62e8dd9c661760b7c78fd441fd6b7f2f66326522ac01fc4868eb3567df6cae4124eead6
1787432030.483938 sweep:Generic OOK 4.8k RSSI spike: -67.5
  -> 255 da4216ce5ba1f65905f96504fa8f0482063d8e638fe3c7df4b91db1a7e489a5ec191d924a8f621a3f84381817614497864f50e199d7a1a7dec9d43e98c889c3a6dfa75ea1d01c4fa1041a1b0575d573f20b0dc2cf1f36c5483fa9e04e20029b6234240e67de3b65b22c81fb64e74bc8ecd20f850ec17734bb3ffcc81b07997ceb98683bf0fc1c4e8f702a6c3dda8b79b4dd291cafdba3992e563791ecfdb5c63217adc9eda706870057d7d5d3a7f83c9ce61f7a3c8cb419c6468f68f574698ccec0f88802f80bd731cd8e858409f80d19ede0e50885f4d8b75c54d3c00bc0c34c3f0eaade9b8a280678f63e33d6e3ec80b8e0a9400e16a4f4effb67bda0477
1787432030.4841669 sweep:Generic OOK 4.8k RSSI spike: -67.5
  -> 255 0ce88487e177e87dca7c70c3e7068fd802eccc4e4ba340d70fc94c97c3d3f2fea381d1b7be8c73f21c49c487e0d0551073777390fed64f8e3a3b8539f0ff330e51a434e8c9db401b9c388ad71c76be32f9dde9499be077363d9451f34a76164bb99ff8fc7e88b3f071c2282e39de523f9fe3fdde52805f41a81657e3e247ed7f3026f996bc64ec9b6560a823558c1c43e411e3091affb2c5ffb0bf77fede78fd0d80e1ad2f7b07e64c071a3a7c8223745dfe4730f0188ef175e408383e16859dd8da72ed63a5c0d33904577e2362fde70c03b3ae1b06c74cffa1b3b4652ebf2c4783a65412aa31665f4387fe09eced06c7452d40726c547af02c937b6ee532
1787432030.484375 sweep:Generic OOK 4.8k RSSI spike: -68.0
  -> 255 1c610899c809697e2e6ff83208051865d8103a6e6fdc60fe603c8121fe05ea3c6465803bf782d93f349340041d1e2f8445ea43d0fa9782c6084cebc82359a98b807003f576ceb9b83de9b96eb27d82c9748851bacc3b123a893b9ce119b03c13d1b0e04fe718cb234517f29cbbdaa4c7d61ed94a5a77d44d3128b41d5d80dec621e394407710c0ae4d1c873988272918535ee0d1b667c0ca8ae47e32ba76ace498a7c0c59ccd211af6da3f111843a885a88e049b7607f6dfb632def5a6c68fd3e0ec1287c40b3faedc826a6e1a20453f005e5ec1ed2c5e7e43efe0739f836d8f373cc5e0f1997f17a278828786e42a47ba09c225cf00ff51233d9efa333816
1787432030.484587 sweep:Generic OOK 4.8k RSSI spike: -68.0
  -> 255 66c91e7e126cfb95d7b8bc7ffff37a1a60700febfab544d52f207b57bfd05004afc32d4e941d700390ac7c0980072332318c65101c96c03d89af61c0f78c206e77b9c8a7bcfcecf0e181d020cc91226fbb1601328e5b364250a3cf79718c05ccb927779f364e538f2ec9fcf79ffaff11313963808472c08c70b5bc12ccbfdc33229195b8ec21cf813836f7370cca04fc03faaf302e839055e9bc12bfef03cb858a0aefc003e2256cd01c3862021f7c27029f2f39b9fce9b7bc24ffba03c02f004cd41ec0abc1098f910700c393073fc84a13721030b90c1b2a7ff87fe61627c07507996f08de4e72ca3097f2a2a983ffc040857998312d2c74d7e776097e98
1787432030.484807 sweep:Generic OOK 4.8k RSSI spike: -68.0
  -> 255 0868014859eb25078dbbc5e7d747f857dabe81fc6a708cd911eff23f4b3c1fa5875fe816afb40b0267ca36a1e3b5397067c6b6146f003201b0739d7452f000f38cb9147d6e9cf83817a3e004f4fcb01e7bd8f94db2dce8c8f87c4979e082e7e6ca43c4ff80771dc8f56d3c5e7faf04fca92f1f0e16e4ca8672b0acbb71164f7bd89ef0eed49d4d1a6529d1e7dcffefcdf2f322408082c1a89e2f9af70f5e73f59a86f1c38ec3888c9b803c36fa4517057171746cde7d7826dabdcbe7a0fae966dd3562c020306bc904ca835a9c41036260cb2d20b87c34689ae311e290ff3cdf092ec91c057fdffeec198273672afd3a147c703dcd4dd91d9721fdb97449fb
1787432030.4850502 sweep:Generic OOK 4.8k RSSI spike: -68.0
  -> 255 7b4d667c6d786783841b41ac632b72ed7458e50b604536be51ec88713f3e4d37edfa21a03f04a220ae01bc7dd5fff871ba93f2c1727e82d985c980e79b80c72e0e9bf80883ae2b42b05e03381cbadd92be3aa99cd42999f9c71a434bf34f8bc4bc0bec3a314c9926067a8fc7bf835ea08ba871ece3156ce051bacc939534506759877df37a4f8bd1c9df0703b7faeefe50bf9ec4bfa19ff6cbe2105f767c66f9d4e80b660cb70eb293c831f0f8fc8ffbd72c0e077945d661d6507088c1d716aa5ac2e74eff49cd33c094388fcbeaeb7ea07f47a9bc4a86af0848c93e2c61f7ec5f960405b539270d7b7852444b36d95b153b09d0bbbbacd3d80ee15762bef2
1787432030.485261 sweep:Generic OOK 4.8k RSSI spike: -68.0
  -> 255 901dfb7c90bf6c272e64c5d612073af8034c1dfbb8ac07124e7342f3c2f584325afe9fd6a74fc05fd5bbd1a87e06efbe4611c1844e506f90e31843e4f87220ef489fa9173e9f4bf6a98f0e5b0b87f4000e9cb46fb82eb0c900f9b0073cd27cbe09f1f433d7f17a45fbeb33bd20602edb99388e06e6e7f891ee59bf9206219dd08a12ff5e91579347100543f3a38bc48c8ae38239df817e77813488c11f006689ef3011fe940bd4d7e2a62ab1eea9bcf9100b752a271d0808ed6ecb0b8fc6a3a7c5b2e976662c988d6687ebf622b038f507c8f834ef45c407d83177077815f0f035707fb0d431f1b14333efb3e5861038bf1878936367666f0f4f72e38fdd1c
1787432030.485468 sweep:Generic OOK 4.8k RSSI spike: -68.5
  -> 255 8b17e21f0af64f59f4c14c8b58e36df78780dc1ca03f52c3e51f62dd06b38aee83bcfcc4a86262483950ff180f921b4ee00ff0588e67eeb1801a305c86cf3b71e11bf03ab21c2ac656e440747a755f860ac49f19e2ee1fc1e05f0f0c011b28197a937cfe327d0192f04c012f2290ec767403b3e023ec01e10afda4daa13f9fa0e862f8f130f8a83fff21183bcf660a5afc87939898f966a27dac526bc81b39cedac387df35b7b8465ca92c11a064a7508c3b7ec8fa7dfd92c737cdf36707ebe68f2e3d2464b49a721b3c704e043467d76d38fca7c7f19f7871cda3a8b84aaf062c6f7d251bbeaca1b70706e3e740046b135de0751ae8fcf09fde23dbff9a79
1787432030.485685 sweep:Generic OOK 4.8k RSSI spike: -68.5
  -> 255 9d319f73f06f63448f0d24cfc8142107e7e00cfbc2050097901bb9f568ccd5bc179cf0fa20ff0171c775c327df830f06e05435b7a0f1ff8e393bed5d805ff18fe3826a0e78cc43d6644e0030d7a692f66e51c438a1d3ce62ee731e736183f6c96f7072538759dc92237f723d7d77fb9e7038289dbdbae2e4791c8983a6b77381c0fe35b6ac8d8711e6e1ff00019f07caeb7edaf1d3bfb00122606067af058222e47a67fa547b88014480d19905af1c9fc3af63d34238142032fffc3b003f333e7c0fb11274ed1190d60df6c2b27047879fd909c3d7225e07e007f47b92fbdc987c7c981b360ed98ece3388b699e32e858c3ff9d3e09870fb0ab7c685e6ee42
1787432030.4859111 sweep:Generic OOK 4.8k RSSI spike: -68.5
  -> 255 247c4640205fa3e3a67da665a1f4d5ff707fb802665c22f9555fc597c8e1efeaf03cfef27e0437bb2f8bb87a3e4b3e39e81eb7efe735825efb47febd03c7fe3245efaca3bc4f848974396688e2b842ce29f8a723d2debef823ba2e84a7c36658f3a2927b9807cbfc85699084f6c73309c757047f92d5c5f1bcf1d47fce11de09ebe3c929c78276b12831b79d8bb8ffca510beec619c9c8034aaec4f61c66c0369218c5e7fe4e731903632cd5491ad3af107ffd976c74d0393441f7480edf358b856fbe49177b8b4762347bc86cba0e772e3d77bc4601a1bcf719ce44f68693982a125706ac440e407da06f91f161042305dd3dd982593f0ed09e8ca45cecc9
1787432030.486161 sweep:Generic OOK 4.8k RSSI spike: -68.5
  -> 255 4e3a6678bedafbdf63c88a928e27b65e280468cfd09fc509af3176fc883f9de4bb39418e4d021dec04030bc1b577fd34111a7c05f273dd0301d767cc765f8064b48f180b8d9f05d881adb349960e4b20465a7e9ef18be71c4fc21b9e6df70160a671fe7389c10fd54171f02561efe6feedfd1f4bc26fc35de18a1eb9d87a861a5e03c87c027510aa183d91ded6c0f40c00f047e00851f2fdceec14a7c1a21967879f5ce7843612d4e66e4cf4847b331341c7c09c89f90ffe24875003dd1dc94c7ee40333ec1b6fa1f743fd7dda44d006dbebe57cddad5764ed8d08b4f50065971b181356616ba40660826c7bce3c198c9db40500d1f46a7f27b84059f7c600
1787432030.4863648 sweep:Generic OOK 4.8k RSSI spike: -69.0
  -> 255 e8fe1303702bfe44f9d805b63d8f800dadf8d58bdeadac449ee06a4e7dbe81fb3bf3f69731b8b8dde0354c9b2c75bc0f6f322e1a796a7c327b60a4aeb53efe0520780d2fc41bb99fff6e25a1a34d919013cfa080e7f3c8cfff5b8627852df7876dc6f4b1038d3ed2a73817c639e34ac0f2fdcc1e5c1d85a080786c6e086e74e4008fd804df0dbc3116568f98e31c3f1f10b2fd0224bdc979043eeb81e3ff0e5f92902079b6c404130ef9c2e09f3dc01900a894a213f6e80f847d013dc5a430d1781652263bbd4f604b0fc3bbfefe387a3750bc986c1014263dfbc0c7835e3fbb5611fded630463171287f390d05eb652ef5c67f3ea523797e8e7b3d8e6c43f
1787432030.486603 sweep:Generic OOK 4.8k RSSI spike: -69.0
  -> 255 9ce47dc088dfd40d86f8ea79c9a21e2f9895cf33149a737f2d53a18c19f0b8409563c6ab195c2063a16a737cd63c6e9c40c9d03c0c90f082900372191e9b23fbf772c031efc30e7d60c39150629b5891f13dc0000dff800a57918fbb0cff80eef658af5e43eff500c909b172209ed13d8888ca81496176a922f2ef947cb7a7f819a022aa7fc04c87c22ce419876b46b7f8dfa15ff783a6c2c1e957e4e23e3f8523e0e2a250c1cd7710a8f07f08222b8fd808eb278f30b51c1cfd260f7cf00e22fce26ef85f01e121ba97b6f7f1197822490e3bcb9e0a781ab065f43dcaa96410734dfe793514c072cdae9ff0a41783bf27940bc3d7c9b28cc5b0d85fc1f286
1787432030.4868171 sweep:Generic OOK 4.8k RSSI spike: -69.0
  -> 255 8027ff4e3e6453d6994407f81f3ac3a4dc6b04d11c7db66b17bc76f381eb22a92a0745671b2bf61eba9b83e3c6e2ded90e0eab2eb925ffcbdfe7e2015dd6a4836cf489e7938e07dfef0fec37e07c98001a0c06e418822b987c64339a1846d700e5fc2b8018433306dc47fcb2388c830847fa36be67ce20767a42cedfde06419a34da290e9d307dde3ffe6edc88bf0778b41e1a07ed487f3a7a3732e71fee1c64bccf466943e1ac3f290198e772430e670edfecbe611fb0e39663ef5220023595c109e9b20f80287cdbac079873e03dc32f60072b93f843b9f32b68b8fe0f3d9b71f05e88ef13c00283c69130f4dcd78027ed627c407f2767e23fb951fa0579
1787432030.487052 sweep:Generic OOK 4.8k RSSI spike: -69.0
  -> 255 6bf0644de45b7bbfa2aac0788e9020f619374c94b447809cd68ca27fc14c393cf1df4f2c9920f138c0a70479d964c174c426f3bd3b49b263fa5a078c6b2a3fa98bbb078e836f644485e2a5aed0f244206692ef20ea40cee8c82a98e0e36766044d080c4e2f862a27fde92178ad6568297f71cd03c7fc78ec8d6dbc5420eea80b301db1a891e653b615adb2a1e2f0c275d7bd7cc14e603d2f1501af27f273207e006905e203799e840b727f4957cbfce01181cfd1910bb9f2e2307dac77480b984408b141d73c8d4ef1c61f7eb4bdc4083e1ffda7fd97ef5c5f9c92e988a9ec19eff98af07f79dbe3a3d3db60ba116cd7b129c668f19f18a0cefedfc387cfe5
1787432030.4872708 sweep:Generic OOK 4.8k RSSI spike: -69.5
  -> 255 83f443bf84f17cdffa3d6e8f78be2fecf3713cd625925946e555ed9fc3115e4cfeed74501fabf078af4e0af34df8f94b982c1f147997b4dd0088a4541cc823c20c377f13c53054449308be4e34205a9487112fccff3e11b78df3c936dd8fc7d1c4143053e3f500a709c6608af8a3bae044ae98a3bbbfa1515b34bb7602ce26c3cb27bbf8cfba1b609cb25d78f0bb03e89e838c004607de4eba0708d4c415a3fdb2087d7a1aefd3f6ce5fc065814833ffdbde2c28c2e31bdc988927f13cced99957fc5c3bd0621682dfe3d963fae3167e21df23103e5f3a09ff03aa01b0b79e6f18d284423869fae3c57b76f47a0c406cbce741fd3d211105ccf0bbbce5b71a
1787432030.487478 sweep:Generic OOK 4.8k RSSI spike: -69.5
  -> 255 d9817e5a6611b98bf1999d316b7bbe3884903cc8075c38783d94b43f74dd7bdc7f0024a793e54643e7fc0923404f05e3bab6dd3c5c4455e3186e15970350837ae349d9bc9a3befbad013eb0bf8b59cf9202c822046b76d55d4fccf43cea1ff807fa2987f31bec66fdaf3cea3f62194e2324984eb3dfc40a4fb9ec8dc6e19f024437799fff3ebe0ee9e04154d312a408f477a39846f572c516794da0f8bfff30cc3822e1fd973a98d82096082f964159824f8987edc9549eece1a30dd18d0bda6f9216a794b46d9cf11c30911f5f056a0c11949ebbe87a5bdcf5001cd68a6d8d1baf62d3e66999f5d880fcebc014b704f0a1bd81230bac5e04ff4df9fbd3881
1787432030.4876869 sweep:Generic OOK 4.8k RSSI spike: -69.5
  -> 255 e11fb9ae77a8903f37786bcf80ee1e28812093b802693ff22bd10252c6b8238f30c812c7144f165f3988007e122072a236f9731dac7a1c7d4dbbfd1f375a8ebf4a9358618e93f19c06322ff83bc401e8c188ffbfe6dec93f77a23101243e00b81d48a21e10508bfa593edc18d338e12b58e9269fd20a17037837dc6e879a3ad6639d003ff42faa9ae5ea84dcece100a4cd157e9c7615a0e49ae39f7e4d62ffaa5021877faf6ff278a613eff8e443fa41406e0643ff6605dfc0be3f735d601a1d71bb30d90477dfe4c04247ff8118917fd60c1cd7d715a513e528401df707a627f7197483cfe3eef097fc36f89858e03fae3df8dfba14e0ace607053fb4c5a0
1787432030.487893 sweep:Generic OOK 4.8k RSSI spike: -69.5
  -> 255 43987eb3163e8ff09969843a8b639aff119d8121db8cf32a2d3aee6190fd87df07f9c79ec05ca84dd74da5ed95f0040ee95d73fdeec5c02655384070f30dd86dfaae42df9739df2c6d2c3f9b1bd63f8843f5d49b1afba1da4779d39043cf72cb90b272c8e47ee2f2e72307c0f30c978f47221c18bf177c30fca06c882bf4059e47f6a1097ef9332fe89de46db48de83a63a1069cbaf88e71931f80444e9716ceafc2042f06ead047a096db2870c7737ffcd8804fb476f06fead54c0380cb33e7c1306a8bf07fea3dabdf0073a5f100051dc326a74cfc570fab43ecd79f2081e2ab72338c259fb56c5110308dec3945f97afdc946ad791399f67c7ee7b0daa5
1787432030.488161 sweep:Generic OOK 4.8k RSSI spike: -70.0
  -> 255 66f0b38e7023c4bcca7878611de16320706676015f309f81be9f0d9ebfd3a6c9e111e08213f1f0a1f375c0b8bce2d66542dbe671fa13ff8c8ccf86f82cfbdffcd3e5187c180b457560e1598e396a0225f1333f7699f0d00391095fc5c1eb8e16f1f7a805f08218fa79ade5f5ee833ce35cea0ad752f5e1a7ca456d0c21b1f93438d970ae5e4e77ecfd9c063004fe70f06c7ee212155d2dec045c23bcc51567ffe833679b9e51836c6e4361fdfc3c8bf33c9ec220d08eadb35e0ea9efae1dfeb2cca31ba76f073d44557041c4123b30b8ff122f68d9e2b0e302611fbd403568a7e4866f2ed523785bedf3bcd8b8c4039fba15a1271dc9fa0368ba045801cf19
1787432030.488371 sweep:Generic OOK 4.8k RSSI spike: -70.0
  -> 255 67d2fb6d407ca7258cf155d1a1a8edb207c41bba20f8a220fba4ca84f193c817c6a5a3dffe54443fa04dda82cc86260fe7f78202ee05c09da14c95a7b0b967f9b2137b23b797820f903da6fb88c2eba06205e6e66ed1280129abdff9c5427f97807887577ed5c5258c00dd7b095f7c7a40a13ba01dee38f3382ff8f45b9f28f50e514eb1fe5a7c857e42784f83116b52d690b3f5ba313c4f97fefe7eab109397573e6e3c5064853fdc8c582e589f420867c816f7f489a4a41eaeca10c7e2c80679e1054e410f9886e07581354267ed310521ffcf87c7dcb5f47dced3d007c679cfb0f74e634be1ef3dac3a4ff306e86d2018c17cbd247bdb89911b35d870b8
1787432030.488585 sweep:Generic OOK 4.8k RSSI spike: -70.0
  -> 255 e48400ac46ffd03b359faa96dd17aa447e8f467b781c7ed309addafee2cbfc3f0e25c0b80ea6c4bb235bb2ca0846434ee651bec12f7656b3c23d83bdf3dd3a726cf918672f79202665641afcaa19538fd2e01ffa84f6e8d0c1fed96effe0a3326e0d3e9836637e8858e2f5d7b335e3f03bec1d6325b8d99d96356c879ebbb07569e4ce7156c4947e5b902f1fcfbb62f00b9b31b75062c5959e0c686b10c87c3021e8c53831d8f9b37584558c7b0c7c66d2ebfc3065d5d7f6e7c6ba9ad902c7a21f121a1a70ae761f1b0a73085c7d3173989708581ebde479eddb0550c584c33dc2a0531b94f7a30813bdec81c49e94be30766007d5bc9cf30001da551e7af0
1787432030.488798 sweep:Generic OOK 4.8k RSSI spike: -70.0
  -> 255 5be416980d1fecc3e50283b410021de907900e008c0f2026588c41199ec193639047e5dec6a12008ee7e062f30ea2dd2fb47422431f38d19a5c9941406fe341dbbc111028644bde2c9c25b4427c1e6b069a7a1bf718499be5dfcb5171e85c73df03e61c1ab0c9015dc86eab0182724f0e70bbe0ff6ce2ffbf64fcb27ffc0987060008fd4baa42f58704173aa55d0917e4e4dfce517f727d8f747c90f045ee4ba58c46ffdc322d1130ef00501f8aede9ba99ae6e4c5cbeaf4fa435906fec10d6ddbfba9e0e3178df874fe3ea0bafdfe1d3ffa46b81ed4d9a389a5d2a998e4c61fa695f576412e0fb543dd9d7544255b42760505edd76f74218d0c40377b2db1
1787432030.489055 sweep:Generic OOK 4.8k RSSI spike: -70.0
  -> 255 7dbebe04065cb11e03dd7b0e70c6806739ecda31f0c8c9e33e8e3039760981532c70c8d0b84f9cc7174fdd09ce20a8cf260fcddf87457226328f1844fc4799eeff3b001989c7a4c13e339b165b21f9ffd80a3de8703e759d47fef18f71c7de7aac87891b91674981e545311e86ec618fc2fbc051d1882a9cbe8625bbe361a72ddf5dd3c11ca8761df9641ede0438f7fa723da8b1e2f03cf71eb1b33e5d3c6e19b61d75e227f10038fa46cff8c00de31db71735c1570dd8b1ce943cbc33ece0880a61fd3e041894f994ba50fc1a3f748ab6b1a0fc285c8e975de07bbe6efabe2e413f2f7363057be32581873c9605fe2fba74504cfcf23b8250bdb2603e4027
1787432030.4892612 sweep:Generic OOK 4.8k RSSI spike: -70.5
  -> 255 1839fcf3b867ff7a0139e7387c98196079f3bbfce926b1fd9aa69a19f9b4034d8b9c58ee0d870a380560fecbf6e69b647904d8ffa18c7b868ca06c98639f1bce387bc97b7cf5cfff60d2fc5bc962f2e025355adf8e156f5919407dc6243eefd5ba21a1a1003b59834ed574bb5a8183efbee6838baf9680cf3c6c1d6f2cdef9261e6423f7a2fc31cb9f14c3cd1d7999717a981b4f29fd8b198fd0cf8bf177ba831f85e5fc07f81c4186f1310739be5c7ee8763d46dd7ab95c3c9c40b0a1b93c4ad39815bad6207f30d82bde0539d5fe84f6c83bcdd6de2301ad3d8464d7101475e7b5ab525321a6f101b652bfddf154fe737b6fc412f3de9e72064cef45bc64
1787432030.489488 sweep:Generic OOK 4.8k RSSI spike: -70.5
  -> 255 e4397bc30e5c2c21080c079154c503374ef4dff703918677c1b7d85b4c4bbf13613bccb45864c3f06a768b89fda6e9f8f098dbff11b73f8b13fdbef3740f831c7d7877e99c1f210b01489dbcb637313efc3e7f7476d09f817ffa2a4940db6d3f3b65f2d9f33e687cec8294383f83c6df9d60d340c017df41f9cf7940c0e44f0f33700b61d8af7fc43b0f02de8863ef720e0a63d2421360cafb628fda43febeff0c6fb5c8ffc7522f8bbda63aceb070ec5e8c3b0703a3124d9b5e678cf348f83a878b7ea704481e0c188c23f55879f04f0b2b74e4ae8ad0542a034c174a06f24106e0168c92e607d9ee3b497c42c78b3a87e55d3f4832a6b5c0f6de4475f191
1787432030.489707 sweep:Generic OOK 4.8k RSSI spike: -70.5
  -> 255 ef9418e12de20a45ec2b89aff3ed8203374306e73ba31b86de90eebba0625a1147ed010224fcb70bb607bf83ec5781a5fdf714700f6e0fe119c67ef3812c3c6057e6c1bc179713f3ee33c821e9c6011dfe1b6ffee30a741eeff8bef1fe5a44923bcf18bd8366610211458c13c4dd98b63ea8a39d091b15c0387f13cb3f98141c6186c1343da689d8af1273c8804ddb8db3fb508581d80c39de5fc0680f3f98819703d1e4340de20fee0ef9e03fd3e5c871ce2e4c0bcf145accffdcc9501e64ae45d85186774a21f3abba0ffa9ee3478601856bfd9db1fc630c418878a3fdb89796a4f8fc766c901734aa47c073d6ae4fab6d3800dd9f7eee889487320185c1
1787432030.489943 sweep:Generic OOK 4.8k RSSI spike: -71.0
  -> 255 e40cc8d29192f79e6f212733510f82acb3bf846ae145c7d2fc1bbc2f9777eb00c519c46937d24201f6cb7be5b380becf81fe8d27f66f5e772d2f4b8b8cc7fcd3a3fb987c47e5903eb969334f78a19f2e33180ffc374166739bfa99a43600db9e513fd73ffffd6b7f1008f0ed9306a74c09e5e7cc7d9f81fb785c3c48406d33511188f9d4de5ce627fffd780eeefb838329589f683032466870d5e704d413a68b9bd4f5e21bc61907305c1bc2c0faf8e53687bf911e4a8bc4e0316ea6fed4803abff9303041827a551783376cf9bee500ee7b0d53fa8e9a728b9ac6370666835577ea30507257c102349767caf07f107e7104fd0eef87c91f27ce32bd47befc
1787432030.490189 sweep:Generic OOK 4.8k RSSI spike: -71.0
  -> 255 19c9e54f02f2797db5def45f3609f98fda1bb9e6c61fc0e87c813890344f259f013aa3778e778d0cd3f4ebd6022b856774e604a32ff899df2db210c183aac1807f2fc08e682578ce8085ccec5cce727c00ec6f2220ff1376dbb71c85c2cdff8642cfcf89c426c838dc2034347cf39622c6b0436bc2f9090db187622284d13146601f2d80cabe9f9fc0a1d4fbf4e39ff1c57dee1e56f65bff1b01c0146667f8f8585d3c834e4cc6a4eaf7aa0d5fffa9323f8e03e8acf3bd60510613e0027df501105a106d1d007db930514c0fb11319eed4de7cf3cdc9efef8a25dc92a3db3c3dd9a6db83cbf5f9a2963629c5f43dc27d7d676572c42e08226dc0a0f99284db
1787432030.49044 sweep:Generic OOK 4.8k RSSI spike: -71.0
  -> 255 40a0dbae6f7b2e46db685fe738c7f3f0b41160ba587bcebf9fc1171c4ec287e2cae7fc46ecf9be4ba093ff1ec6b208508f2a3791132f9ec1cce03482121b38b343780661b89e847d23a2439f800061ffcf2aeadd1be6ae71d7e99dece1f217d89e06dff865da6484ff8196318a00bfa1af0335c1c130cf8c19374c166217a83982ae149b83d252af92ad5e58052a21f739f427738f61c3e112971d136023e68008dd832841dc20484e2c888180ff35380f41de7fc639fdb3870b290f39ffbef43fd410fe074ff5fc04f86fc93d0b78f513b5e6077e00dc0c183feeffa7e6e7998b3f76b819864ec03dbce0b656e65e84a96a2fdcc403e6dae4f257badbdf70
1787432030.490666 sweep:Generic OOK 4.8k RSSI spike: -71.0
  -> 255 cdaf66a41987af309473f320f916001a35dfae5b439fd83ae3f56e0fcf3ee003b0b737180325626b3d0f019e441227fe73dfe0b0be68ff967c971ffb0fcb0beb3d92b0ecb213978ca06f9912b430f22b8c1e2db418183c044fc74f91ffe4d586017be7ae7095d3cf31dbec182259a8a8ac26b08fe813eaffe17770ffd26781a8b84c77df2034fe7bdc2f9f21077ab0007b5aad92d9ff2d9e45fbc1109026893ea3d1d0c8bffdf9320374293dcb7d3f082b7f26d378728002ea537992413fcfe5eacfc736575ecc6b17c380900bf9976060419d14080baeaefa1e30c1ac4263e2e4e2cf586df9d08dc4e761393dc8de704b3523b28919b2e1ec5dd83e72078e
1787432030.490887 sweep:Generic OOK 4.8k RSSI spike: -71.0
  -> 255 613f3e573a7ce008d933c3827e1fc33d1f240f1fc7b19940555daf91e0c79f13ce84ffc3c1b7e73a504824a02bd879906f88ef62bc30c9289a8a24c61b23f71e1eb88780c38bffcecfcce23847f997e0fdfe3c4b0948f154ffe002fe3d1177fca1d13f9ffe3e6e3db40c7303cc8c40ae10e8b271c6bcc0fa7f3ccb0d2f061fd03902b11c863a4b2026909bf4f2886923be804d9f81e2286081e6aff94fef06571b4c1a794429bc00b7218f30c59a232d07241e801b7a9252ec287f39de00312dfe66bcb0b9c84cf4dc2ea7fe2b2ff4a3434d573ad95f97376276936bfddbe9e9bebbf22777097a4a67184377c7f68ba527e0fb7163b23874c4f93f019915f0
1787432030.491167 sweep:Generic OOK 4.8k RSSI spike: -71.5
  -> 255 df058ffa8fbf32374fc08c3c3ac6b5ef02b71cef57b9390410ae65ff017baf7491bb0af43642430f39e77b7cd87ad4dbd7de1e7c907028f1b70b0100b01da664e4a6882edd80ee4178ec6ca2c96f3a2251ef52cd91da37891ab99003c0a57dc8b1d243107ea45318ff7ba3e603914c66c3825788b04a8dfddfe77e90bdc38fb4c7771bc5d100e9efbbd74c99c0473bf067773f4ffdc93ef18ac0e643bace8f45bc30c0dfb02e4a3bcb09d6ea7c1f99438e54ecb7f528863236f229c6f0ca7c06522ec077d6cf99aa621ffb6c8823a6249f214c42420f09f478c7863c1b97dec949a437fd9eac08cc223dc3b38d0f0c2734bdebcd39fe36063d1e48cd6ba7cd
1787432030.491389 sweep:Generic OOK 4.8k RSSI spike: -71.5
  -> 255 affee1dc17e9c4dcc2be886b0d79918032c89dbb4098f86a37bac118f1e6de5781256ff75678fa7829f4721417d89c94f2d7237703753cc4c0811004e819a66d7428a7920020df788fbf7db10b7b6cbb05bed61e7e1caf071fca11117f620103a2a1409dae7374d83b863001064cfb4b96cc84e3bf0a0ed678d37c1fa9c133cc1839a355845a6629c35d1c64e661d295b72337f0298c085b462fd56032b9c02a9ff900f06a9f79359861bc5e90a7dc7ba4d3c932c3a60ac347b1f9fd39fbc551f81dbe0162e01a04040720dd7fcf08c1a7e78521dacd9eef5f71be1bde793f564f06f243fd33d5f8fe93dd1b70c0d30436379e31fc4a91e805fdb8a191ffcf
1787432030.4916081 sweep:Generic OOK 4.8k RSSI spike: -71.5
  -> 255 f981fdb1a23203f80005b9a292f7d59f835ffcaabc5179e83d829592c370aea904914b036bfeb3da074eb5d98b663fdee6c0e97713721d02b207895c19964f995db40b93c07d3687fdf3d6c5e7c71c261f62edf91188a06edf9ea6e180460acb549d0c68bfd38081e9db0701b6a0dc03ede1f2e5902b9dd6753bf69d652f875faf1d8260fa30808f81bd380ff4b10078860800c1c800fe321b6100886c9d3c4137c064c13eb30de5001c208d161af35f25c56c0edcfe746f701c7ea4eedf1ebffff067ae0c8e61cfc3bea3e74fb3112cce2cf9a73eb2f6d945c02cf2e69816898e7a033311942242b872a7b9953cf867320b04c7443817aa231d63ba872003
1787432030.4918149 sweep:Generic OOK 4.8k RSSI spike: -72.0
  -> 255 2fadcc118bd0663751368eaa82365b9d211403ae51c2d280d7e34276d1a33c19b57f520374c607a8e3877f6d08c3e59fd80e46c1870b04956818bdfec35b81adcd989e0fae39095f6a62353c420e473c44b5f25c2fbbc2be6573f91e6bab9b7339ba24bcd3f920e47823a7d1d02f187eaa99b38306c4e7650cc50596bcf9cef9e5eb48207dfe40fb0680f8728db2076de1edc73ed31031b27ae4c3cdf002d4b62ee4decffd5cf0301ff75891bc7037c3663027fb60ff27036f4c5a937407749be654d0241163fca2f3745e30498565ceef222f96ec7d427de2706747a665bb0c013705e0bd0fe302fc72b5d839a4bfa3a96656e103f375ed1104bd02c8fe75
1787432030.492061 sweep:Generic OOK 4.8k RSSI spike: -72.0
  -> 255 00f8781126711fa16cf8e8be34c0f92e49d98914008248f5c23abcaf038ca3c719cc20e049f7505d6434e8bff2925b7f35daf49c2e42e19a7c444f2899d850c62f4fa4612805c0111e5390540fd273ed8770ed082fb1c811fb8edd90de038827a0d648d1a0991d4edfea900519380313d19c65ffcda0fcee96e118c68e0e01598c2403698391a42832aed6cc3f34e9ff5f8bc6a700e412827cf70b1c0070f6f26c40b8ce4eb84933912671717f7280777308be387067dbf7ff001f45f6a4cc305a867bb7efb9d8dc6a780a0462fc78130ea3ccc5cd37986f2581d30f9b61171e00f383ca478f6f1b73a29d3cb8a4c333b7f3b4276fb9d51543fff3674e64d1
1787432030.492268 sweep:Generic OOK 4.8k RSSI spike: -72.0
  -> 255 7dd9abcc1e1a3e8bdaa61d85be7f07d0b1d8c07602f595b9d4c8fc51c73affc1818ed64a4bb062271791bdf0c35f6cde68f0eb65075e33a2169c05f008e3bbf518ee185b57c1cabc2b818f0301856ae86fcd75b93202d0525d8eef70ec1927c3e08affd035bc1e5c93d1578fd987d88727ca9c180ec641c8d862d06f1c7a7bffef19b8ec44feeafaa8eeea862a7fe846321bd0fbff1d4e546e401a85070efd586b87d018df8d3fee0e79c822fa3a5a3c681dfb0788f85492c1cd589ba8c4d6b866217bcfb20f5f8f53652f813ef8970d5ab35f419e92f602d721a2ca8fc50739b63f5d76773c86d5b031ff03bf2503737fd116b9fa19f533ef3958e493977b
1787432030.4924748 sweep:Generic OOK 4.8k RSSI spike: -72.0
  -> 255 e7ec71fde60cbe64111bf3b34bcf84f8030dc551e9322d72ce48c6512fa1705c9f952f172739deff0f49ddc3bf3ced6c3af6e4b7684aa67b7807f92096d8d11fee5f1ace04f2b26ee54ef5b7831fb44dc0067887f75d838f8fbff9bf11a5777e31719383da3a9fdfc63d2795b066f85587f366d7beefa12793b7ebc0385c84ed92650f871cc37126bb0fe61fb4175bec489ff41f418ae0084bbe783626da226a58300f1e769934d9972f8af19081f667bea397bdcc0bc2ad1f684b158b398df3e617df661f000e8beb707be66ca07a3de233f376f853aa31b30ba663aec167fe3fe0ed5dbc07bf531dce10dfe51dfdf5b1fe2f901a5784336c401d1e363efd
1787432030.492687 sweep:Generic OOK 4.8k RSSI spike: -72.0
  -> 255 e05b9e0fb57f890380ce13e01437c42bc72d860a2b4e7f234a1715f4a229210b36ea36876c6e28dc0fb5edba7d99f897837297e1f91d22424b37b1c06613f966612fe0c7dacd2f2be20d097efeba8c0637ea26f38f380a3cdf0e94b533d690cd7feea6ce2fac6dff97c69622f48c012ef6d42ac4b0df19dce26a1b492664c065e9c7c156fcd5739947d8b91c604b8154f41425080560605c0f8b8a018c4a4f26b40718021ffbfe0b19f322444eb86f9a9f9b5b5e22c07b9482b8c7e500d592cfc0cc1cd75123b79361e5a42f0527af21c5b71de23fca9b67e6229bb7c4d803e5c26984da818e38f0efcfa43ff991fc59871573710b9039919db8cc004bf903
1787432030.492903 sweep:Generic OOK 4.8k RSSI spike: -72.5
  -> 255 2b09e83c01c5c2d8d24467fd83b1eee3c4e8a86db96bfcac6a2129b25a77fa8536de33ad3e005ed91074434e3cca8e7f472714e0cfe0637f99ae67359833c8ed270d423b80e39bf10590830f2f1f924670b9a9cf8f287be0ff842f9e1c8e1cff4c5bfce973c8391bc3ab6275173fc15fc009ffc5cc60c57acef5f3e63f8a083b30d8d69f7199e3de6026ef01efceae1b822011da4654bf19ea43a3991e73af451fb32efe228233521d3384118f4cd8c52abb232467e0383707b25ba382ce3ef0fa5ea1b03e43b3f5326d8ee02be4fb1b568d0c3dd2ce6b0315cb9bbec2e51c25e660d67a1d3afe5a15d3f3ef227840c3da742d8581beeb04c7afb06c8c44ba
1787432030.493164 sweep:Generic OOK 4.8k RSSI spike: -72.5
  -> 255 8021a9cff82a42e0a5e29663f82e6d2362e25f83ca8b1c33ce79707f8100008273dae8273be78199f059c2acf1e9a49702c03f401560e40087bf693d653bf3809c3888c739b6feeff85e703a9efbd93930e1fff8f829478b1f70b027f7bf97c2ed8f770536a2f7c0a8ce60101f9911b0954625d07fdc70255f63fe6e6c67d574203327f69486070c32219b1c131fc08e124674bb4cc93610a62da62bf8f361bfc6a341b23fb4c6fdcf44043f7b98f8f7c205c28c906e30e6567e75f210fae5250fc6121cd602c6214996f3c4c6f064f0eb3c31dc3676d91a6f11cc77620838c063cec7f78463e6e5d11acfdfb4f44823019d8a041775901f3d64748152ed10
1787432030.4933708 sweep:Generic OOK 4.8k RSSI spike: -72.5
  -> 255 380f3795d943b8681e4c4091b029b5c8ddc9597c15258821dfe6c1fee8d05f8527d59d3c3cabdea218435df831de00cffbce804023df65780e2b243c3ede9da0d5c7392063031108616938d5b4894d17add93d0e3b9d5a3dabe15f3b6d10ccbf702c3cc6b1d01a5d5a947c6fa86294d0010e642839f583059e13f71a890b75b5eb1b398bafb72cad030cc5272fdaac877ff876873f1f156a5eff2e8e22c1d978ff4817c60710659b49ec06e1a5363408e2dae5280fa0c01c8151b05bde11541702301b7b1b8ab2100f9509e108cec5bf5862a28456d032acfbf1c8f238408e8d7193dd00fc8641609c71196fe6da1446605dc092d1f7a0f8e472935d21ea81
1787432030.4935858 sweep:Generic OOK 4.8k RSSI spike: -72.5
  -> 255 1fd6146c3e017f831c1f2235c04bc82fa895fc76cecd3c64fecc8fe93e637421d70e12c0501be5db5857c65ce8dd23d3997f3a443f270e4ecdfa6337d3af4630016cf23b9a83b599637df8226e77599941fbd0f0c2f9bb4ff5e0cfaf16de86e681f9d531c0441c2f7710e5fafb338a4d71c3638720ea32b30211c09984f31046bdfb4e40eea6731d4cf7b05f619bd9a912deb565f3113e201535dcbd2e1037d53c5c06a72ee7ad77fc00d59048dc04858f7f7e858ad3350bb9e0738bcc31a1113608d191942f0090b525a83392abc800557008f7483dfcc401e406a87bbe269e40b1f90a006f7782cf3338e5fe7a712b2e563c5f2e8206bee0f061064b868d
1787432030.493799 sweep:Generic OOK 4.8k RSSI spike: -73.0
  -> 255 9190361886a78458bf4140fc206da82c4aba1bb46871983caff5c0e0478807fbfc2a9b4ec3fd88a7f034f427b2601863c414b6673a3ced19ca250a586e12e4b1fc4b58a33ce82cfa23211ce99bad2928117f825b7c224ec067bb66d30b68ef4170663f7207b31f9dc65877bde29a0139140fc802bc682e46a62b31d94c1021d739db07bdf0d532c7e60003d2fc79ff2561373dfa2f3b5c7e1729ee220be3e3b0cc28cc0e3466d0871e884ba1c8e26e927870352071226ffc7c6437e0ec977cc71e30c1eff7a78ad193285c667eb6bc779948984e9188d1cdd25c4b3497e17714dd36040a315f2ea580157326f9c301d238f160dfb6068e2a8c4972aee597cd
1787432030.49406 sweep:Generic OOK 4.8k RSSI spike: -73.0
  -> 255 c7168320a424b0dc6cd3117c9fd03c307bf31a6746404878e33f77aa77f6e4f25fdc22706e3e2f11ecc8f0537f01033cbbcb7429e9d077afc0d79c6f467475fa68c11898527f865790cf0f45dca1bb4a8ad89048bc6067f61a5531407953f51c03a3bcbb85bd1dbf75a4470df26e787872f59c25d914cc4e85c0380673cfdccb157366f42e6a471164bbef9c6c3aef3bcf32f013cf8e3073c78d9c57fd3c4cfaf1e41aeccba60d42b8f88b1ccd05d72224870c61c9b315c5fc8a4226f2f440826461b24f892ccd7dc3834ff19f79dd3799643712603d831cdd21201ddc206307fc84f9c6c80fc82f4c51928c69281e0d13487effa1447068232dcf409108fc
1787432030.4942698 sweep:Generic OOK 4.8k RSSI spike: -73.0
  -> 255 f427adf5d1589fb02b27ff6b1f85f79bf9a41903dbce865c3f87cb767e7efe692ff4f6f8f0d3cec6945b9b84906c467491653162f0988e04bff725efd9a38b18f7fde35659bffcf191c1e1d20813323e9cb36e0bf8101c199c36a4e3391ee8c97633df78afd018af9e363d09c5685988ba0608d007947b059baceb3f335e1ebe655e563708cc6bfb990307fb5f8ddedde45961ed5bc62c3fe796e2b6f207b38c0b0d1eb70a3bc9ce67d1fc00583c3e3a0d847fdd82b8d8d9dc761ddb037ffd181876adf18f155830299ea127ef1c57c4f0aff1a304c034b9cf26fc7ef371b298bd348e0ba78f817c8240a0140ad713a62161f43b7dc08784f7afd35ebfb2c7
1787432030.494488 sweep:Generic OOK 4.8k RSSI spike: -73.0
  -> 255 8d03d494d28a9b928ac8591cb430660f93f97dff98262c742ee13ff9a5e0319e9a983ecd442c02f6fb88457effbf94a248cd90e99e0025243d318388897babdf0731b5ce6214c3e0fcd27c419fa33915cfc6128f440f3c0fee6063914eb01b70e5f64f7493c18627f1efa341c77152c1e6bcc586563b27c43f7f7bde2cf043b5f5ee75042013703fd8c4117af47ee9e51764f8039d33f6efb31b804a6ffa15c60a44287b111fc13bd12ac6eeef9f50cf122b6b23f13ef2201bec9d0e62d400d7c74a3d71731833fc67abff71a1ea18861053c836411674992f01863628dc0022561ff3f31df2c6b5f4c7d0690d93c7b0ec10b0fc2ef41ec328797b8281c827
1787432030.4947 sweep:Generic OOK 4.8k RSSI spike: -73.5
  -> 255 c71ad7fdf88c81ecc376d9cb42d4416b4c2a3f1bced003b7e3f161c383d0ec25899e96483c70fe0e14459e441bb7e85d394e49ec3dd08fe5a1ee6cae02e739c26d884e30e65c3f2c71c32231e12872df88cb95852b07e7b0e41c07c2f54ffd01628437bfb30c83f12e1e3636244a644313300839d7f615e1fa8f90b34ae609b4ffc130e38605cea015d40e75244847f0eb9cdff566b662fba3d2bc4840b877db1ff07720a80893aefedf58ff7bbf49b2664c8e6cfa6405f11f987e41036ce694090f80de45ff167cf8cf62b6027bd97f06301fed7203cbfec57747e0caf1287f86ecde5b9e31473e0e06ce04c69230f80b03c5780490c11f35d781c15a6fe6
1787432030.494914 sweep:Generic OOK 4.8k RSSI spike: -73.5
  -> 255 b3ed9c1c04ed2a220c2503ea4d85dae1582c0f06c4205e6076492946c124f98b7b18eddac3f73ee0700609cb8a1fde0c6f645f11dace98f2f0be147d973f8c6d0720fd3f80388c73d97e4f6b599dbf9fa7ef3a1c98e334007efeda18de3bda29f30780171c979fd86fe68a8f76fda49ea36f373eb8287b03f8e9ed1ce9507b9faf86373782d8127fc901f4cadb49dc4374e423e1cfc7e784c33182dcfc7ca9d062f17fc0fdf27d55f83f0b81e1c402185c9e727be442ca3386506fcd28eb8a94678841cfb7fbc62f8c11c193f82327254351be4cc501966ccc47480dc08cc8e895fea1fd3fa0f232648bb3a92c5a867cc879ca3d82b59c76c8080a118e31e7
1787432030.495163 sweep:Generic OOK 4.8k RSSI spike: -73.5
  -> 255 3bb59d1e97073e3f08af015810dd5428f7f0867fe4c211c5b225cfdc245a06dfc1c70428bfa70c323b49640265c701223e8aba4fe03ef6f097c2feb4fd36c48406a922a98f75c7e0509440021fa2177bff41807e11747b547019b0ddc6cd1862d763c78841912f6a71e759ad7bc57a64f5f087e12f4ed07f1f7ca36ce5b530ca3dac00310cd30f6cb28d47f021654999a3fc14844c95067f8f10dd0ca3ffff58f49cde2ddc002342bb0fc08a1ff39f6291f61fc08709f275f2b2623d07dcfce96d79566cc591c519633fef8d6af06f21ccc6271fbb140a99b059f10390e5874dbd13a5f7c3df4871da06e38b3c0c755cc64a04b15f48e32cd6ccaafccd03cc
1787432030.495373 sweep:Generic OOK 4.8k RSSI spike: -73.5
  -> 255 90e366b10b3cbe40e0669d56db5e7659f13c777cfdf6ff27ae866200900c52879828e3ba41244c10385df9499d0af07963988d9fc09fed98135003a368acfc6fbac10ef3425a059b4a165fef7e701dc9bb5e33f9fee7e07afcc000c207ed0a6703a459fdf10302712aff2a496a2ce63de3a02fa87c34d8157068e507c33b99fc4f4f90ee81b3cf7e163d3f60f3dbd716cc3c6e0001be6a365ef9b7766824267bb82b050f5dd8b3717f7c52304243b24ebf518c7e43326765d1a422f8eb971f3bf3c64f8f2de01fa263ae7dce1ce0f02260c1187d14e6cfd03164f741f11b03f9ad0976e389f04809e52f681dd1d3ffcc4f47f630cbbc3b0c770d867769751e
1787432030.4955862 sweep:Generic OOK 4.8k RSSI spike: -74.0
  -> 255 578ec0e08fbc9cc0044c60088cb970a4f7f83831ff728c96be9952e44e6a1d2f3a0b5e5254c1a499501b3f21a766cfbb781d3af96cb8cc695e8fda78bb5c38c12528feeb901e5d86e8884ef7e1b57f3cd38ee3b3ba2191a560dc0bf2ca3f288bf9ee1086d819fe3fe17f42cb6e39dd84bb9e86f13477806c79583ab92d1b2f0241a4fa55ab83ea053ff9f1a5d75f00a38951d972f10b6c9e0cd76f8638d1dc17cc2631dd4e82086e30c9a8bc7d9ce4359c0215c0f290c613e58f0ffe22a6283026b8b287b6e4ff184a3df3f7f9d78010de020981a791a09af8e61fcc70996c9068ea6faba603e9cee4c448871b3146fbb2cc9105250b82cdfce711d270e395
1787432030.4958022 sweep:Generic OOK 4.8k RSSI spike: -73.0
  -> 255 36cd5fa1b1c4602481bb69681e79f53f19817767788409ccb66c2e9521896d4a3714debd4717dfcdcec98706e9b7332e77428c6cb4c54e146303c608abe5c9c11337735030a54064a2182dce9ce82cd01458d034cbbc5136b58a33962d95f61ce9747620e6b24f9725e3f9cc3904e720356381f8269dbd3a284d9894833df2ddbee80f180579fa4a07c0322ec7c92e9ff374604fbe6e002fda1e13a51fdcbafbbf7fc0739c2873faec6d90ddc4c37a4b616ff979f49c5b444e8f9e8c018ffc983c022245817e629eda4840268079f02644e783852f71c3c7f09101be0390d29fc166024d4fc7835c02c705bcc7644ce2faf077ae2446e18647c81d530bfa12
1787432030.496054 sweep:Generic OOK 4.8k RSSI spike: -73.0
  -> 255 4bbe726291a055ef86819bbda44474e3ef78c79598f3860044fea44ae071a6a16fee843e8ffe1465f5d48172ef6d1fced63ce092fcf475d839899c8b8c34194664e0a8e66eef6c718067fc50027e8463cb568d1dc6e381f0b44071ea68a279d9fe2901fdf9c7dbd2691a1f47ee5bd5cee69781b8daf7acf949860b815ff5f1c7d91ffff1b3b2f8c24fbc2312949ab9dd388474ff8c0405a406dac30f3bb98903c4b2a40aecc2e808c23c7c01880ec19ffbc7412c4e8ce8be817366a17cce4c305bee376e19f2bc0204ed19c726fa62e0ff228dbc31dcf883dc02233d8b870d57e8315874def87ba809ecfa3e4f13883eaf1b0a0fa1ce71c95d98c55c0eaa25
1787432030.496265 sweep:Generic OOK 4.8k RSSI spike: -73.5
  -> 255 cfdf2500448d4eb404e5fea13001eda5c47d37e81cb46df0082dceff0254f2e625e2675138397afa820a7ceb214eb80735df073cfead0b8d695b72c50de3a0d9c67dbe14379e3eee872e32800d89077dcc785a7482dcc3e358b1a4be133973b7b0aada0d6086039ebd3c128ba436de83e08300f419761be510cf4e44391274e9c89c9c562fe9a5d5c31d2f828784fb79fc3006083f2abbaf0423b6ee0c25d4a685edcd4cc9c0282bbe6f488c018b408bd6475014fe0fe6a7cce7f46457d6dc666c00784929fc7c4efa9775a22dfe82100fd5cb970d1ec3d9c4044b7fdbdbcef52019e719408bbdd7e2738510a5b8e463d75c81de0e77470f9b6c45ca9fe407
1787432030.496493 sweep:Generic OOK 4.8k RSSI spike: -73.5
  -> 255 01d2e8dde501e61513ab7c7670205d0f75b80e5dea431812989fb2516769f6a43503f452608eafbbac44feb18e71e642611dcced0f88196e2e6b7d43c77d978983877ed13efd283b797958e8803452e1ff34f31dac6121b44b6ef9921731f03d31f1859a01e0e7fd2f7879627b6efcd59de257607b4bb7e057b5faa8f44589d0377e9850caa31f5ddb44a973cef0078a6cac6a8200b3162c16a37387ff340b3d941fa441e7307386698f45e7bba1795c361b7559fd7073e3c4189a59e483c2207c277c85933521ae8ce8180888edc72d8eac444fe7ed367e186fedd0b1f7500ba2abefe4dce7587e3da2e426fe77d20b3247af1944a8a5863933fa2779c04a
1787432030.4968278 sweep:Generic OOK 4.8k RSSI spike: -73.5
  -> 255 b6ea1ec5bf5b88d502e4fa1c085460ab47170a494fb3b087c157103ed916083dfc4dc20d11921aff5fe3e1fdfd7f913fd189fabef1464ed399fe29d969bc007a6561c04c51e00726afe070eae05fe438a5143f3cddb26377bfd98b87f83eed860330226b7a8ed9be30c3f0d98868de4d1a6b01e2f169f57b279720d0185fd22efb6ed95fea52e2f2fa4d74899fcd892431c9717586acc176cf1b8772b2f196e21c0bc3ff31d2cf6141883de0e32c6f6c6b11385fc5e2159068ffbefe0a22b27bde9c85e2ce0da13027bc721075f5ebfc3f0ecfe6f88377ac23818a3ff003e67d4d8ea418729e41dfc7e5efebe5301e6484507cd9ed0ac881f07942d9de4e53
1787432030.497097 sweep:Generic OOK 4.8k RSSI spike: -74.0
  -> 255 bae8279f7fb9f4e9d80ff3fac4e706e437349c2590c1b21ac41f1e1482b904c66b620abfe0709a7dce47411f6bfd28f1bf9f3e0f99da19d6cfe96fddfd806ba87c43e8fa6810730a86771774d6e3ec1937c05df8e8d3877be78647b8edd3e4b5fd4640ff237f4f1595c25cd9e70dd391b27f41fd5ca707a4394072b4fdbb017c359e0423f20e4e76fb27069b96fc627cee11dc6083cd3743803e8f8d25638785adc88380d0488019f0c53c472008878ae3af07c9e0e2358b1b7aff2634fdb19482a75fe245f021cffbf3e124045404c18a2a5ff94022e0420d62fcf59f2c1b8803b96ee63340a470cc15ccf3561080400d09f2f95f18bd7f90b36205b8e303
1787432030.497343 sweep:Generic OOK 4.8k RSSI spike: -74.0
  -> 255 cc19960761fee1cfee325c591f1a7ffef273e57eb20f1711661b024fe0055b493773c3b0101e39a9053fbe0bd8686270f85f7c16ce780412d403634505cbb7b12cd046d009ecdbb56b2079f463bb78643bb76a1e68cc18a806da4ef790df413c85e75a6263d56f7e2aabff782112103b62646cf0401004a227b61309a29ca54e1a23c7aed12dc762214970818cbaea0e84788f8007e990a010a10b7c43d3c1bdf7cdd0efdce4f8d1e88bcf9841178a9581a39c1018fffbb0c32c14cf11a0b3a0a2c3c17f49ad9f13733ff7f33a2e4c208cfc3e2fdfd7fba2da4021dec32f4cbcffb64c765828a782e470fe786c2483e67a042ced9c385f700483dd287f1019
1787432030.497576 sweep:Generic OOK 4.8k RSSI spike: -73.0
  -> 255 f7467f1948fd8fd428145016ddfd8b3e614fbcf60c79b5763ee2fd208ef79e7018ba87130c9f586dfddc656bf9c651ac1c76212e082320b3c9a7650de9f1ef6f330746a50d91f26f066a75633f3bfc69238f83201a16bf33f1f1cd2bf845f81499509d0ec99c44f7ee8103c3a312d36f9d7ac2cd8c83fca1b2b32323630ef6e1d886368b324f3e35c4cfe31df37f220bd206b1ef0143952189a1007772cefb7865fdf077fb18b1cee7c8d3e7774077b1fae2000a831c5e363aa4450a6f6d4e711781c1d738aacba4faa77fd9f201da4860127d37f3200f6d8b9def9f472f487ec1231f88097005bbb1b7f88385dd0141a74c811a0fcc863252e69ef5e0f0b7
1787432030.497817 sweep:Generic OOK 4.8k RSSI spike: -73.0
  -> 255 88cd901dab4ddf380ec99dfdd33aff5386d62b3dcdaff205b939bcd22e61ffec041bbcf32b74c3d1bbab814b9a7ba46bce1be57cabaa247e7453f20a35ee09e8e3d0d0e30853cace8643bfc050d8a130ab44470703f8d1e37e54014fe5a84f7680a16703dd21d66e0097bcc0cf03072bccea327fe227dafa01882366027581cf8a7fc5306d70c947a60904789ce3fd12e9ede44620321f86a3002802b8f8500a753ead5d9fc0084b299e23dcd21ccba76c33d200a6c83a1f286807f02c503c0b83e2bd4c0bf8acfeee77bd9240e378ec645315ffe119b3c508e6ed993bb71fbe5801c3c589f0dd5f80624d0f1c8722ecba26676e7f9c69ee19facf0330e74d
1787432030.4980822 sweep:Generic OOK 4.8k RSSI spike: -73.5
  -> 255 b68bd33d635eebdf889d82fc068fc7e43e607f337e5c502d81b22f5fca4b6f580f9858cf7923f80c2ebea6061f1e8b81a880e45befc07ffd7768bc0f210ca3661e718b8d608de95e3d6e6f7332b99bf0644f6812b98f8ccea268367d70a27d8d8d307f302be0fabbf1671f120d1c9b0ee5875fcfa20b178e719d1e01f052c61d88908fe3a29267ef7445a0cc67e60deae97eb027e8787efa03ffbe4231dfcf5cd761f33a5433e771a2f7c009741e250613d6d002ec02b85fd437e1015c6a1db9f25de7bf73020309d0be7be3fb8ba42c2070c43dbc8df493ce749fd625ca467ec6304dc69db35a38af791bfef382aa27361ce83e3c765c9410ffe00a32e605
1787432030.4983191 sweep:Generic OOK 4.8k RSSI spike: -73.5
  -> 255 07a11fdf005a1bfeec7e592656dc7b5118009d7161a4f395561f0de8000d02452cf79d1e3050e7f7f1c30f44b07bdc58c2e210086b3ca7dc7f796c71fcd20bed8fcf23f65719a7a6e33daa84ef08df45be72008b3fbf63e301f1be37c5f66c47eade0cdb028671ca878254de47857befff46b8eb2a4187f05480f0b5cae9958ea06767bdbb015dfb208b026c1c669b003c914786cf9e9fe870b431fc4653471cb3606de630628716fd901fca7f698144e3d96e31df81a1d53fe078766804830b1de6da3c98c68890619c0308632eaa274e0f3fad8c9c20246f1c3bc9e541c7d79f5ee3b8338083926f5b7f5b383641833de273e739615214e0dcf9fccdf926
1787432030.498535 sweep:Generic OOK 4.8k RSSI spike: -73.5
  -> 255 b8e4472cb2f5362c48be4bcf584a3c7f07d8506c53cb1a765381a6db15907f03c82cb07f4679d76c056f198b9e5d3eb966a418351fbe61297bbda3969fb88d60fd0cf1e6601c49170914a782cd7dbc9512a28f26fc1419ef6bc7dc8dbfd5854c312544aa1f10fa98cef438b98031a8937ec88fc838e209830347f2309e06bff0fa74b19e1e0b1c5cbc4508474549c1c6e5af450b6764f761e3c3d76869ebed6fd3c9a78a5fcc1915e14259f9d771ffe1ec70bbe403dac0e012ed06fce359ff38b6ea5d61eb39f0aa7af69f74b37ee6c1008c999c261e8c8deeb780c048ce7fc57e796ffda94a04bc0b32f88237b0917bb8969d3ff3b634585cf408eef8c638
1787432030.4987671 sweep:Generic OOK 4.8k RSSI spike: -74.0
  -> 255 c514fcb46f047d820213a40c0145f3ff11e01ca0c391c32f191f3cfac8a688347744cb95e81983ee31b58eb883a6178074c3d702dcd38810256f9809e50128fb402138d881ed077a39d00c00e39cfbbef87d6cfc494bb9d55131aafe7c878ffc97b77eb7f3319936e81cdc0e14763d204498746f959913fdc5603e898b9eb1dfb8fb20404297e733039ff88457f8a61b3be196bdbef6c43c1e11de603f76386f73adb17ffc1996fece19a21c3e7dfe0bb7f2e32662206848e5bff2003c7380f725b7b6f77d3cfb8c841f9dce0effb5892fa18e97877e9865676335df9e7c09fcc8f5e1c1ffe768c9f3ec1cbd8477ca462136982bf44ac713f41b98e0a2fbbd
1787432030.499051 sweep:Generic OOK 4.8k RSSI spike: -74.0
  -> 255 4f03b9aac5b41a43e69ff5485046873c58cc85f9ba7866c30c835f59bb03862b5a186d197eb4b1b1ce93f807ef1e351a39c38436149f83fc7c6e2e6bfc3bb8c444cfa5171b84ee70444760e028fd3c94a233fe71bdf7a74f1f62e1f1ff11379c4461802250b7146593541f2c30dd1c62d4e2cbf614182b8766cc8068dedfdfb7ed9cc072c057326cafe0caa9db08ef624505822c4419c9fd3f807c001d0809d17d95131d024b5df09e73677e272881ffacd1df44a79bc8f82079419c851f72a5dba8d86003716fc01be740f8cd333c3fb9c186cfff353ae0ad01ea6590752c14d37e0c0727da162f92cc254c7ce85e0757f66fb18633ea78e98a5bc73b3062
1787432030.499257 sweep:Generic OOK 4.8k RSSI spike: -75.0
  -> 255 0483d74ae05c84ffc20495967e64681facf09e36dc8fb3f9ed04e02e137e87b301ef813fbf9c561fca5a0c04ce072e4c216ffeca543d663182b2d7b795dc68c196e1be2b99b89cce5067638e686210bfeff9f0a2ce50d188df804c3e27783279f2075885c076108a54a37f9fc918ca3ba87191e723e3ed89ec43e1eac0002f5bfebca1e0eb030930d1ccb0271fcd2f7f3d5db7ce35fe643f2740fbf69b51392224fe51c3824c18011392cc191c24c211cef27ed72a21a7b1390b69e0576829b748048c05bc7ff143fc4bc442c94d2326d72905e383f58e8e984bade38519003c072913ff638075efd12779d325e2d8cdaace11b4dffb88dd5b050fec07ce5c
1787432030.499468 sweep:Generic OOK 4.8k RSSI spike: -74.0
  -> 255 be0751e243fcb22d09c342f4b7a76f9b7fe454dc2eb304b8104e6b76f09dcab3fe5211ceb8863b39c782b9f77b999ffc0a080c9d80c611cb77f7df76636b26ff302e2120329f688df86dd72cea8f8777c0c5e1b00412faecec01e21e0e1ebbd19a7f7dd9ca9ce78a1f70c1b8b63d0c594ee50ef6866bf8054fa76fc8467fe0deb53094d9edf8728ae341fa643c7037fedefd55639d07e3221c07fc6b4639f0134d9dfcf75dbadf6cbcba21a5fdc00bfee1fd2cd8a23c2461f3f50d33b862905d9e11a323fec49189284e01ca91c221cbfeb1777d91612804c6144bfa2454088e60569686a142b65190df7fb5710133727fcc07ebb9e2012a344e19100364e3
1787432030.499679 sweep:Generic OOK 4.8k RSSI spike: -74.0
  -> 255 7fa6e8d20623a9a4f380d74f5c44fa731fb07c24e612a3b81bc798ab84e64c5e370f65a3b71db16f2dd06b5f56bf45f2f9f982b74ec4816faf2e9f0dc683f3dfba3bea35067c83e841bd0ae017cf7ee203303e1315ef71daebc58f6806188c6f85906f855017d2676664a34f30ff9bff37c9a4c65db238683c100fddf75a1a9646eedf9fc7f3c532783fd8fff3f3377bdd2e54ba5e6687bf87c24fb570f141d005bfc0de39c395e4fbdf1c24100677c394ff28fcd57803c1860d70c7f03bbbfa903a9dd3af5e7edd402e7022e1f85a1e803c8fa48c4bec287bcf5336d3f0c04644fabcd9641eecdf6b31fb05e20447f61c787b1bcec11564779e42c65b3e8e
1787432030.499891 sweep:Generic OOK 4.8k RSSI spike: -74.5
  -> 255 f20be60fcf3d8a79e9e359ff5086e3bef7340c180c0fdc9a56364f0fe60602f3911837410c6349a1306e18d3875ef9e16941d69db033db15d37475ae43b53e70fc5c6016708c511f2002071a9ab0de760b1d3f98c082454803dbe0411de8e64aff03ae004d6e37818617907f31bbc9f850449e81c89ebeba8f13918c7d71278804377f18034fdd231827f58c0ff21b612bbc7a56c4a32b275ce414830340e18379ae423d443b7fe3bf406e690fff0fa4e151861280f47aeb490ebd3fbec266fcca260dffe7e62427b144cdfb7ebc078edc7218c1b062905ff970d1afcf6c9a03fd098d3874c47118035064c018b7ea73fad621001bfa1d771afebe3c6558b2
1787432030.500164 sweep:Generic OOK 4.8k RSSI spike: -74.5
  -> 255 d08f1ff0274482d6268a3dce3cefc580c1e039e3a30100bfb19d84291506a749b8f9c934e0399beb938b7929b826f9979c24d098dfd83be00440c32b9d0566efff796a2391cfd9ef3b4db0fdb70df9cf583dc2b37fcfe7ae9f888d2dd193e353e17de4c002beae535f2bce627e450cc02e06f7406a1d25d9de7121cb3dcc3f20cfd87f6cb3cef9f14e65da965fe66ec31b7168467478b37f59ed17fa8f619e5f01fa90f814818e4475f81c08aee0b90e0d00e3ce781ab66a7130e4081597f435a0a0a15f918cd8c71ffa0d87cc11c4fdf0001c718c67cd10b2bfcd2e8e47406c0deeae91c99ed1f032c39d9c0d10073f413c006ad8431500e772019ad82c2c
1787432030.5003798 sweep:Generic OOK 4.8k RSSI spike: -74.5
  -> 255 786417e70ec44f2f0c034908788f235e5731df8079cc6cf98308ede3899e939b0f66075e13efc2b7fab1e6dfdaa8eb00d490e209c7803520609c9b71fc61bf0b4bc9b39194e9f67763cb969888bb8c7bfa3443d7d040fb26e07cae745bdd9cd3c604317bcfacb786086a4519f226556f76537325d4bfdfc65002993812586e607173a1a4ead18b3e1f63fdc21be67b40738e31b273cebf5a4fc837dc5dce3671f1004cbcd7010f5691fa035931ebce420c7b12da3ee393d4c01402f9f0ae6fea07baec192a02987e666c90871c0d3a88d83431a0de3cc5270c7e36ec6ea7df20204e0db470b1fbafb1ed1be7866fa7cb3ce027216cc3f755d87752ab3b81ff
1787432030.5006049 sweep:Generic OOK 4.8k RSSI spike: -75.0
  -> 255 8e3fff47ebbc8990978b93e90c9bbdf1f998a663cbbb8090f8bfdf66169ba3ef627ba95fbe24590c8ffbbb4083308f6d73e9a4833fc1c841e0f0f46bd8bf0e04dc3f3b38815a968b8c4feb26765759a45ff1401697e600175cbfc3a71ed12e63338ee9398fa47577457ea8c1027c817d08f6fbaa68e6d54aac7acd07c060af1587f244ff817217a2a7d7930a334818b004472d00473b239c45176d695bd5bbfc9cc2f6ea7ae21ea37835292bcc6758fbaad87fd33e6cf321b646b7802e6d38d786035a6214e8b20537cc4eea4d6d10d1fae98b362cbe6e0f36601d6ecc403b2d57e79dd6783a00370ef60d1ccfa3d57cebbe1d94a72c2f4020a7207c0b14c8
1787432030.500822 sweep:Generic OOK 4.8k RSSI spike: -75.0
  -> 255 5d31f36defb9f1bbd3c6145cf519009e03ff365948a17e37e070b876bc5ca06b78e2138041b7bec178c46be10c3690358e420e2e7f9a404571bf0c559678ee193b8ee38833319b397911d0ca263fd83ac30cc09bb1dccda1d30d9f98f693c040c43843be0e9a683ac26ad51ac86675ec3827b631fc9020b3ce0f966d323209bc35af3c5c637f60a7c194cae1fb146d7550c29e7e7c0fae3862595d09b274063d854ce0953ea6e2b36fd23218fe8e9005ca4c27fdff224679643e5d649519af54178dfda6ff411bdb1f4f18606ffb992723e3d86c6bac33cd0479c83e60253e6fe7f3d9ece7bca82e2523dd1d922d28c3dc114c08ee0dcff9d54c2e99f5c257
1787432030.501048 sweep:Generic OOK 4.8k RSSI spike: -76.0
  -> 255 4c5b3cffc3bbee7d441edad0e30d7e514de6303a23e09d389a4322713c677743c6c18fa15c6e9130cdca927f0ff5cc116f92d0c73df5dcae37bc44020198fee1f7e162f80bf0be69e0f5eea62ff991933403006a7b30ddd0abdd023986d74186e5e75b83befb2f353be3cbd7bfa35e78f8c1ccdf2f06a10c4328b842f8c62cd7e64e5d721694610676e1737071f32fb3c008e2387871870614f8482bbb4bcf7106c10ecc4f614a16c7004e1f370a9f8d7e1e6c22ee3286f90568be0bfb3211ae4fbbee313c9ced3fb965ce07a65ef101e48dfc7db79e3459e5921b2c4a269331efd42623f8664fa6311fa4e868fe35c46f67c29bc1c2f047094e7fba55c747
1787432030.5012622 sweep:Generic OOK 4.8k RSSI spike: -75.0
  -> 255 ce1f0045743fe7365e7a76ec47b2541a45e7e60c5b44267ab2fad67398300bf1dc5b80f03a1ccf2a273d59f4b63a70f008efdc7186eea184279e9d6feffc4f6e31598c5ab5db1f8e678739d7e333b07f4b6e46b1a65300c570e9db6ad5eabff83cc7bc15ec1c47a3fd3ae4d3f4a1d04dbe5e534f73b8aa4c02c3814c165cd1d2e9e090cf0c49cb9224975e0474efc130d1f183306971db8073fb09f8c11edfa0a1915bfee9cc3b62f1c36734c63ccddc5897378d99fe2e805400805b9cfe82bbbf8c989e7893ec70c0f69281a14cfd98b86125b528e415492e6c7b161febc1cc3f85e435f0e2af438a3fa60d1ddf27d4ffcf0c730e0fdf721f0c2150761f3e
1787432030.501473 sweep:Generic OOK 4.8k RSSI spike: -75.0
  -> 255 eb60708e1fe709c4a28af6742a17204f3edf7ca6e40ef0ef467c1f7921ec873b5187db63a0b285e1b1a0683ef812e5aff54a7b59bf31b69c9842e0147c5388fe1765606860050e5a979bf07981963871999df86c0c605e5f2753abd8735683034dda8ae61452e91e931825f3fbf0deb0efe8e4afc9c1cec1621d3408616d5dab091c21b7ece4f59182b96d0051dfff7042719848d321e66d024321ecebd41786a000d8721de91f673c49b10cc3817871d2f6e108f50971347fbb8687cec00bed4ffca6c1d47ac30c7f6a040e7a7efe7970e855743fc9c18b6f509d0509705c4e3e700d7161d85ff44e94226736c9276a3961bc3efec8e916184d7bd000fe8b
1787432030.501688 sweep:Generic OOK 4.8k RSSI spike: -75.5
  -> 255 f7570f7260daffbcb1e4e517f6248590fe8a3f828f4d7ba7007e738d79dc8cbb01ddb5e079987d732bfeb63cf1fc4ef1c91c1162d9c5d71d62bfc1ac850700eba17cb0203737a93327f2fbea77e9c461cc023ecd7e07c6183148f8e3d74e1b7f7b4e46e9a6727c98bf22ec293bb6243d5c97382006ec63afcadbbc119f7780f1320eef956604aa57e9c181036873afc2fec399c7d8304926de371c476371a85d79ab93791c5472fb0236cd73802c38ffd459efe0f879f8c59b9feefcccf66f1e1b9e06e83b8ab5fcfef3c0ba30043d607e7d2df59f089826202ed0f1d7c911e7e430194999d2cf2825f87bace477287dc53a2548b431e370387f993bfe0045
1787432030.5019 sweep:Generic OOK 4.8k RSSI spike: -75.5
  -> 255 a474960e12fc90e9e2fbe493d79b2b7040f464f4320a41461d0bc224006063cdf9aa6e8839381fda19078dfbde526a095eb7dbbb30aae6c366004c2bf07ec379d607276a15ffd1e27d41d1aa3a7cece27fd82c43029f7b7d66a3fffa042785768858e0f303f1e30208e5deb15264c2a1ff8ab9f8efe0ba1ff64ed4e869dfbe660d46ffbfec6f02f3f5d13b5472677698f38639706d38967f7f6f9c9244f25463d7c40a38e97ec19bfde1b88aaecfcd8dcf8f8c14f6bdd987125add0f0066d58a3e3c1f19414931080d8f1dbe1de807ac7fbc827c21366851e338fe8f2f77e178101a9aa0f4d7f0f7bfc76989338b1ef00838879bce2f6628c181e4e283ac90
1787432030.502163 sweep:Generic OOK 4.8k RSSI spike: -75.5
  -> 255 1fe025da4053c16359e7918299526fe40d84e7b6e79f9037c081b373804d1dc149df7df4b5f1c3733fae1c74ddf8c85db9876bb8c188ca71fe7b03b27e9fa500c1f9f83a9c3a4ee1fbd31e953fc992723c2768ba293c1d071038469e1090aafb62de07e15dd90306b3362fbbcddf4a93f654179b28380e98f7fc537fb9b16e99a3fe83176ffea11882156accdd169561e300ec3516a5b1945ff2d386009e60c6b9b9d88fcae8a1f86f01e1ded2005894e353a27fe509dd82280d29fbf5efcd337b8c49f611a0e2aabdd1dc780628145604180d1bfc797caffb9dafbdf24e0649ecefbff36fc8ff2152c22c2ce9fb7e9018f6f4fa07251f8e0096163907dccf
1787432030.502374 sweep:Generic OOK 4.8k RSSI spike: -75.5
  -> 255 20cbfdddfa07256ca908b1481b9fe10e606ddf3c23cfd4f385d783973ba7223e5ee6ce75f71cff095c2ed71499836bc82941a9a0f97426b2827d340651c8a7c391a2be243c018071afec232511ede5e5483811cc6a7c29588c20e4633483e178f1fb64256847ce3004bdf66f9c8be4928beea35ef4080c49c6863be49d23397934fb43cd25ce378789fc703c1a3a8ec158de021ff5f87637f83767c00f3bbb7410c77eca27f9406088be7f3c6532008676e44a2453de72d7938421f810fffb1814460f2078f00e62a9820f5e6d6d10dc7bf48fe95880a9e273761b0e5d9f07609ce34014f62097c1e36b3fe6fc26cbee3b49c437a47b123088e87cc0fe3ee2
1787432030.502583 sweep:Generic OOK 4.8k RSSI spike: -76.0
  -> 255 162a7f0df7e1853b128553fce771e43484be481e00c0231101060bfd11021d8f7362e3a10e0e15fc0580fd1897736a51cbf4ecbbf17234d156066a4cf9e14d1eab035e27d964cb7ad871f7b9e5eb8bbcc10b19f2eb40c91a532323c78fd0015df7660f160d8c0c721fe4564b04100c88ab29711a5cbec843a3c67fd80424d12ff1bb620e67affa6150249340ebf31ec8bacff1cb33bb4627162c86328dfb93ed80b8dc3e4ba2fc01123f3eabd3e2b2f584fc9c0085ee5ab5dfebbcfe9b94161dd3c2ebfbd86a0ec7d6dd339f2e65ad27683e60f80b4b2db480ce22231f53093ce9a97e0b1a2f65cf0fde604b13fd8abdb93eba66c3a08b133a7711cab64c00
1787432030.502809 sweep:Generic OOK 4.8k RSSI spike: -76.0
  -> 255 dca67c77830f1ef087c986b64c044098017dba79815bf6d47db61ee33ff0b014a8e3773191fcedc99c640007812995877e2127ba7adec3313cbcc3e03637a1f91b2e7ef87032d8f04c9638ae47875823fba241f46227fee0641b49ff5fc06b700105f915401cbed9dbad055f2fe687ded1d7f8758e631d81b9afb126cbf8489e7392d6e37839c43e838f910fd6b3f23ce7637e0e4fe770176ab2ce741df22169ca79cfdf7ff5ea77ee9b93088f38412e5f8cdab8f57eefc7a5b94de3f2907e7e5ffc081f645b735462d8ea39a68c618b63e8d6e76e084624b35741d3981eb1fb048b13307191f42cfcf39fc5189b7bcee056ff7e40bb9ed3c3184990e7e73e
1787432030.503052 sweep:Generic OOK 4.8k RSSI spike: -76.0
  -> 255 f20ea2eba25609e7057226c90b9a8bb70c05df3dc1240bd88eaf2a2d3b0e83dc049bc23fb2c5a05a70c09f6579c8bc40d910edee305cb8bd7738304d9f6c4beaf8ef06c13a7f450d707ac0b8b77a37a702fcce00de6c6c6c1ff913dd7f621f8333d88f7b05029b5e9d4683390ced67104fc4a787a50ce08a40e5c8c7f67dd13dbccfc334d6cc413b60fe5620e5a3bb89e80e71c106eccf57f8f614254c8b8f919f1ff2cbf87086f623e2ba01ae47a02e782fac7fb20e86ac5208dbfa136a5e9f9674122e8ba003fc8b4426c44e85de3cea87d7ff4c52183b001c2044d1ab4d8274c76536bc8c36344707b2f714f85d492f3e59a182c40cfadfc2c5c2f780f4
1787432030.5032718 sweep:Generic OOK 4.8k RSSI spike: -76.0
  -> 255 f102d00f45d7735add397028ea0e6884137390d44ebbec02542442e5c6b1e6f097c091fc273d08658cba67360c9fb975a05f71cdb47438eb804a609fd7f824c188d9ae4350003ae1cd0f9af3c90dd1e3f75f721cd11c3eaa746718e1fc7edfdf97a86ef70db718c3f1bb22b5ffe021024f305907a5e0762447d6c13306c2a5cb0763f3164457fc4dc3f107a60f1083c7e652177cee3738f9c31e4722704130317866ffff489a62f491975c5250c73b618b24e18c27c3700abac5fa1d08b0eb248e5a3d440819ab9ba632cdf4cfc0f91c7edc6dfa704587b85d3107d3fb0073a57c0f5cf7f8596b8a98086ecd1714ba6a41e6c8104e787147bb00907e1df4f3
1787432030.503469 sweep:Generic OOK 4.8k RSSI spike: -76.5
  -> 255 b58fce9d0fb9778f7d0420ffea3c894b24f19d432667177f35fbfcc3dcf8e39f0e936e4e3ea0c08fdf7c5a9bbca6f12125df9cacf1f88373940eaf59c0bf59e08d1cdb829f0fce9eb5f0d9b481bb78207051e2083eae04fc0a346cc597c0ccf9e09b9947641e2be205663670786ded336901795be0f227f68182021bd8b92053355c361db5067dc7d9e72c3ca9cb1e06caa8716fe0f31953e5c6cb378d9e404c08f0cfe0138b40ec84a6a12441632039fe3000078f9c90477cc18ea7e34cce1ed39f51881832f044c03e5b95aab0d693d6f9441a766dc7f0b5d856a83fdc4e00e769988f389cd2c441017f08682f23e4ed7b04b5ff8dfbc667db59169fee74
1787432030.503679 sweep:Generic OOK 4.8k RSSI spike: -76.5
  -> 255 1c81cec7ce84ee302081aed6b4069013b6489c07631c01418c1dfea06ed3387b646388d428b66b9e03e745ce07b0b80574f8bb222e07856edac7897fa8cea73f005ef07f5f2c400bdbfa2c10fb87ff723b541e3960f907d7b6dc3fd0078e3fe7a909384880f19bff1f9e25dd3cfbe4cf8ab200dfdb6393bd67a4162cf0755907e3b358f63afe8bc015901f35ef95c01894e131cdf5c8ee3658ab1fc188c48b904d259beb9d184f4cf16d82654dd31e0e6ff6e08ca91fc2f3a23090c281ee4f87188e761dd72dff10892cdf476bfe77ff25dc70770fe89ec7e7ffffbd26ec13fd8d5ffd61f398b39bbdf3cf1fc71ba073c2e79df90dbb7191890809b38247cb
1787432030.503885 sweep:Generic OOK 4.8k RSSI spike: -76.5
  -> 255 4a66421a100326a636ddf95703ae4a8526f13ae0c16c901067cf3364f33e1cfda2bafbe275ba0e1e5dbc8450bc2b94efe61bc4a328cce4077ab40ae0d3677484c9007c2bc93a4b2fc7ac2f6407c08ef291ca035f4fcc87fcd900bc170d2877819067fe2607391c3fcc31cd5c21f3c0512313fa236c7d08364c1a363279f0f8003463704b2fa7b9bc79760c3e6b7a60de37fec83689cf071089ce3d52a5dbd93e8f6cc9b84a812386710f8da454e04cc4f5f4e50887131f3a1ebc5a712e191eb9f7b4e767328b6c08f7fed8b4836830dec7a07857c10a9585e1538d4ccc55dfb8b40c048091afdf8ba900fdb087098600db98df2cbc32040b9cede60fc6e408
1787432030.504163 sweep:Generic OOK 4.8k RSSI spike: -76.5
  -> 255 e2e971b6669c7646dda4bd88d2a2cbfd7eb7f098937f44594962086cd8c986b609ede7fe7835325701495a9488a6d0dd0477ba7ed366c6c7351dc0e79ed119d801e1bffb83bfb2c073cc39ffcfc801a158037e83f0cec6014cbcafe30a38466458cfffa3c42a3b8c7fd09daf8ed430ecd3d438f9bd21a61ab8051de53f04d9ffc45eb9c2cfff0590856b66a5f8063e0ee31803c73a7a7d43d302bde4fa581c77a9273bcdb6c840c47e7283cd884bc17250684fa6af60ad981d6267b1d35eef9e2e566ef7a0cc22305a1e6656892bc6ef176f4892b02b9c113c06b640d8e28e7c5cce16c3686e873070627f820198c4cc7ed88d25f1804bb038b00cdc3b19d0
1787432030.504373 sweep:Generic OOK 4.8k RSSI spike: -77.0
  -> 255 9d33b870b82db3ef390df47cf8d758603fcc7d1478e07833d4f1b9386222087f82da7cbf7dee0f2627de0796a5f3d7e17a3c4690ad6f9674015708e38603bd6e2737c04e88ae979eb8d1eebebfd116e21f0100b0939da630f467774bf41226ec23a41878fd1ac8f0319719015fa892e9e4dc03a3e3e03be1e1b5e7646297a08f2fc21645836c0872e0b3d4bd0e283570fd1f14277887999fd9d47b01600bb610bd0ba8cf9f015ffe449ebff145f73e26dc4170147c319182584065cf2828d84db2b498e845c0e00eb9ffa7351bd01b81cfca0802d25b0400a1c7167432e988eb69cef5ac2663eb675def570e4138fdbf408f390931ec932f924c1d288dbf03
1787432030.5045938 sweep:Generic OOK 4.8k RSSI spike: -77.0
  -> 255 7c8ca36f1bdff868d65a4ae3f563ce52f8ca1e1187b5eb4838046334e3141505805c61400e5c5cfce608664e296cd8260e8275d7efe1633d5db1496eae4ef23e789f888560c805c74429039a43b2fab1c16cdce02b5904905ff6717f24f559d4e168d08cf8f5e10807fc5c07297f1f483204b9011766c03c87c6e124fe73692834cda5e1c912507b2867a8380582ba5b92df321633c1131bc30a33bd4355ffab4151c1b678517f2043c315c5ef071987e347df89b1f31382460f60b35e0b8671506e1999a804e7108480e667901f82900f49788db874a145106462839c273e7bf2080023d3ab01205b2f935cc0ecdced30beef9bcd14b05cb17b96e38c09dd
1787432030.504805 sweep:Generic OOK 4.8k RSSI spike: -78.0
  -> 255 deef39fe464757e1bf84dea8036db26b3d7239a1fbe1ead353d36c339399b0048bf12d987b71a0083826f6b2983ec75fe7771b76d7f0d9b9c0f42563d314194c0bd03bd0af5cd73570954e9d78034a14b9cf22e801f8783f8fb3241b601dd7d73a67c88e049c0f449a2f38239df826c3773a981445270674b05f1b633bf0094c4c9ff077ffbb0b0fef0e9a6836063bc56989dfacb1fdbe0dd60786c2f170753f63f833cc4065e0f95fd2f92f571d3dc32863c6f2473e06abefe193e2ca0b443c0ef182efbf58031b21bfd118e43ceee02942c4c2731393e5e0715084b219926550e5e4f2fd9f101bba2203f87ce58223950e549cdf3f0efbdc7d2f6872148f
1787432030.505056 sweep:Generic OOK 4.8k RSSI spike: -77.0
  -> 255 31dab8d0805224c017874320d838f6232a77cc42bf161e127c7c7ffb4ff8c8fc23cf4c83d13803ee58fb7ac4134b91d4d60443d9885e9b712364d81e63ac36e83c6a0cdf8528e460209321c11d082298ecd030a56feefda70e40bdfb6e7128f250c2bc89b7fdbc93ec28016ff9f8cc96ca60042f92ebb089ed34b6c793f50e30ef3770153472613be9aec441031ddd84fe1cd4ff35bfe8a85ef0ecb936082c81559239811fd8b24f62002ec4c83bea0868333fc238f0fb4d5f3c6bb6f65fdac106423b968baf9bee6803d31d1222b40c323306d78b01f69cf438bd5c9f63c2fbbe1f80c9b7cfbcd1fdaf83415a2b300eb2920df682da980b3ff3c1b6875f12
1787432030.5052722 sweep:Generic OOK 4.8k RSSI spike: -77.0
  -> 255 d71a0c09af82d9bfc3fb019bfffe7dc3dfa37cfbf302778842c9cf9cfdf1f9f725c381901071d339088c51a19ad360f45b30c90bc81fd2a9f1daa83fb818002eb07912eece1143afeff0660f082c305ffa38585ef07aee178116697d21b0dd6fc45ab1ff7d0780e0970e06762f34d187c1e8a3edfd393fc5913ddb33677d0400a6d9ed315e31b5184ae735ee7bbfed025fa4068dde7a3159803f688e7d13cc9273eea01003fdb9cb7e4b151ef6686eb8dc8bd5af3f6b98708f7cc376473fe9884a307cf829c01a5c3cf96b95effb4e27a0c55f6f99be6cd361fd0a1e3fc8b1e11b203e9a316f9b42b206db611a0cfc1f30f084bc53c0826b6a5da6ae3db77d
1787432030.505484 sweep:Generic OOK 4.8k RSSI spike: -77.5
  -> 255 023afd0140453649d50183fbca339a4bc276b94c68f9f05f16fce233f82fd0031ba471e7580a1713310cf83fdafa13fe7061e2fc0107072f31f72da7fbd29bd8e07ef587dbad60185fb833888bb9452f6fb71c206afe71faecccbf142e8e20ef454d831a549fdbf9839fe0210c8f960c08110db6a41d592946e19b2b1b08f7e54ac7ef83c1f7e62fec9ff648873736c379a11036e0761985288227654f753f8144b65fd164dc202c1fc548038500c838baadf80fc1bc8f0ef4389d4673ad0321ba8e05dfdb7b27f79bea0343a28fb837fed7368e01b303f512a7ed7f3bfdcfc08a82f46ace2c3c3b6c48e8fc0d9c1ecfca788344e72400e8120ec7d2469874
1787432030.5057 sweep:Generic OOK 4.8k RSSI spike: -77.5
  -> 255 421508044ac44540893c0f9c5e3886b8efe01359426e3c8f4f3f1ac6f447f1f97c018c0e78602f5abfc2b3386b3e55d09da3b36323175798f8e02f4faedd40fdebeef81d849f1aa1d9126c4fc00f03e8669ef3bb66e7ff8e457ce734360908acedf96f873f761b803fa311c523cdc8b727dd1bff858c1ef6ccfb7ed3a08f60ca3c0344082be81c8cc87bdd9c3df425b9303e072609f7c748be37ea53c3a3f82ce9fffc38578d37f9ab4af150b43c6ea60c6798e2e941cf837e4f52207ce0e39771bfff87997fd80fbffe8c382fffe311201384e9b38ee0a227e5f6d5b8db9f48598dc9e3821f2c400c288af8d7c0ff7f28cf45450d8b83fcbf298f9c66a007
1787432030.505911 sweep:Generic OOK 4.8k RSSI spike: -77.5
  -> 255 9c26f27fb25cd82d3c76ffcd77be62499f8f3e1e7dd4502cb7b321daf1671cc0b02669176760ba3f31979881c7f4e4f9d90202456fa62567611f449bad915dab0c8df1d187b79257e40ee75e7fb813055ac7d8f3b09ae4d17dbc6e7a32f2fbeca2b91b9adbff9b57cae740c2d10d80808ff39eee460b00e83d2f71d2c7a021ac6afc98dc97f7e2fce66e1c74ebe7e67faf90b7cf801dca214b431f30713acb4699d91e571f9dc33ec4c80cf6aff25d23cc10a0f23cdd8c5134ca0062e48be189de9a35faed2060deee6ef43b305ce3c1412d119b8a698cc1680358038c8a9f54bd1727c7dec24393b74d9e078e8308fb289f00a800a6420b8a188d581ca910
1787432030.506163 sweep:Generic OOK 4.8k RSSI spike: -78.0
  -> 255 c17cdbcf42cf95c0727c09cff7fd2ef1e85c143c59a571da1bf00a7a980e833dfcce3fc59ebb9867cd9ab8162af6330ddedfad030c5f2dccd7e103e3c4f75b065f8b0734c76177b3e9401c0491dcfeb4991406eac1fe37b31c7f58ff97147ff83f0de9efbcc536bd9cba109f1c2df829d30d2f277fddfa30b2ec134d9bee541a83c93285ef036af8b63dfe2718df9c82eed0b9ca1602e7d8e1b9e2104f17474623abe35be2a3822b3ff6a05d1f300380f411fea76211871f1a04066890738d5cc1031f60a800406aaf40800900cbae3359b17de22c9e482f7f72983b8ec589be34a66c95979d83a9dc2e4f6986b0bc16325f2d9ef24ad2cef5636155be10c4
1787432030.506392 sweep:Generic OOK 4.8k RSSI spike: -78.0
  -> 255 1e7d275b6afcda06f1b8fc3c70a6825a6f43bcce24076c946c43bbdf577831942c6320a08d26e7c36cff23f6af1898461c5884fc8edd96f918d90e0b98f80d88398c1ed9e69db9fee380064747e50d394b680c58803759d5c70a1075328465c0f9fcbfe535ba3de7c2d976c236e0d043f538b5cf3dc6abf2d0c736c7a80c08202d60fe01a24cc925ee8cde3819e6708b5b7b4499a9e031369467e26d8b8c6bf9a1d6e26adf69046b913e404e1fbffac323ce890fc59b92b9d0fea330e11eb206e18a1a1f8e8888187e7f5ff3171f711cfaf88f7233ec9f8f3e1a78a03c6b0f881679ae621e06c4915889f19db1ac5e21a2b01c682594cf6f3d77f9f1fe3beb
1787432030.5066218 sweep:Generic OOK 4.8k RSSI spike: -79.0
  -> 255 10e1de65a7fbb604267539079608d72acde1bda3c1d6ada05d8390c3d7cd5df70f2d8acfe9151cb15eeb3fe50ddc74de0cc6cde1c0da1a710809fbd8fdc04c05d00f79a30de61e80b9f788c910b93defb97e8a252008e2c267450ad6213adc435cf00c9892263630ab610c3ee0641af068086e7f40598509343e12b84d8aa804f7f8594352d1ffec51cfa5c58a24b0ef8fc46d9a7c86fb7a00da2c486ef00c11ed61338b89bc022a9ea4112378f72525f304fa07e3c6b077914abb617710c02e73fe3fb4e5acf4e40fcb1e7e7e9ca64e22d86ce710074f01d2fdd4206b63e3e2c778705c7051356dac9a10c622cc089dbce8039be59de11392e7d9d11d7a1e
1787432030.506839 sweep:Generic OOK 4.8k RSSI spike: -78.0
  -> 255 84cc48066d8be600c383f40ad3608a89d850f84bc0203f36027a11eb7e60bd6f4ceefc3ca7d9dd441702cba509034a243959605e91d7d65be27d06119c5e0c201afe0de9be1e764b20188a73840f879a5e6376df1ff9b33b07e603619d9fe08e8371ecb71314fcae3f866b55f9f74e0673d7c4c6bb7ee7a6029be202d67e2e3c04f2266e376c99d2789f7ffb01c4746e48f40cbc8dce830cd5d6378802f15e5aabf8c736f1e1df7e9745e73fe1c1dc26839ddcc19b706ccc3ece9b18bf822c07e39bbb6142830415303ccf4108ecb1b3c79103390ff387c58c15c2e4008f39211101840c19dbb637c2a1edbf0f6f11f2fa3b2a74d58bdfe739d4f3bc706dbb
1787432030.5070689 sweep:Generic OOK 4.8k RSSI spike: -78.0
  -> 255 b551c87cdb3a74bbfb6c6732052f9237fe019d668b9c885320c84b4efb1262be4168ccaf6f61c227265c77371eead17887a1f92c0e0d63dffc3017d6eebb2c5a0ae07d87f4cc05f83e108f35e199621c06159f92b1c411b9ff0a4b3abf58760fe3acf9c4f47ec090914eead4f4b3ddf7d7fbf0c07c7180c03ea22033e5f4794df638273c642720dc3c20b48f98edeea0425c604c2068f2103cf409b61f272896680b07e41550804771f68ac1e27f69327ffbf59e6f0d9cdcc35a5dd6fef6b6fd4be3667a395d1cb540fdbf41f8101099fb44131f00608879eeb1aba1391ca37021cff93e8418360bf547dfbdef30f5dc29c000c44f7edbe366a0730a12e9f2
1787432030.507307 sweep:Generic OOK 4.8k RSSI spike: -78.5
  -> 255 d0f881edf58766d1da6f04bc9eb8ece99faa99386b0ecb5fdd877e2cbc8e7b270d25ec27806d03829da0d3b0cc9a4db962ff1f720a35debf67cee5d3a3dd7eba0543dedfa7b92b9ca4357ffa810e11ce9fb889fb948ed60e976cff4b0cece99f108a21a53feac5f81761aa331068ddb7c9d1608794bbe1e30ed00e85a203d9f8b186ff078094623d0c37fb4cfb85126619b1c61bb59815f68c03f23683bfd5a2f11ce01a0e3056064ae76a47a8639c2069b33fe6e88203799b888668479b0be8f83a13f39ef3019a978f1903ded543f2c8ecc887a44c449bdeef327c1007f6fd9f0cdfb319ec3ca7e1977c5d33e1c7914e6c1f480aae53806906639c9e60e3
1787432030.507519 sweep:Generic OOK 4.8k RSSI spike: -78.5
  -> 255 c1781c760870441684faee8e8f9b53d07ec67e9643407def726e3908fb330017e7b6e10144f11baa27d8eb838d8e51f12b47a035f330f66e9ca97cca1d440030903c7e8545c6c1d3359393ddab1f860182333e5b29e2fe51397aa50f001d69fc642f131b98c0fba8002db6821dbc6d5e3f6f6700a741f4538ae22e61214a0ddc7b68af8889ebff6ab79b8be9f081efad064ab1319fc4295de577e5e6e960eaf09b750524aa3bfb3e882bfc99290d88f8eb7ae3c7d2c6efe9d8dc5fba680dc137cc4e2082a768736042fe20acfbe76eac49d3a6ac1fefdcfa51da686378dcf8f67bddd00cf10371a0360a00d778dbaccf23f0bab3cfb4852ff7ef899e8e0ff6
1787432030.507724 sweep:Generic OOK 4.8k RSSI spike: -78.5
  -> 255 ac9e5bb9d7348e7de51202305ecd1def772c9214bf1f8de1d5d72488267494b7057ff21543eee73ecdd2f14a5a582f3ec4fa13d42a060ca17d1d48357b9cd19cd0bfbd8262333e73b3e1818d583ce429ff98ce22b68e7d27e1df10a4f3b1a232f97035b463c5c754c7406b5b320537da3ee1d82500c79ef49f9ce774666a78b4b66a198277d5b937f5dcf1246b03e226c3e6ee5ec9303fb71e104fd80d27d4ffa88f89d184fe47e67e23f6c17f8880689d32e2e94e5df49d0e6f92f5c41032ab3b48bdd4191fe9abecc2819625dc2998eeed8aa3b873d1cf3fffa1f5a3b6a9da63133f3939bd68f68fe38c3f1c393ba0faf85047794b49f7f6ef197bf4e7fb
1787432030.507936 sweep:Generic OOK 4.8k RSSI spike: -78.5
  -> 255 e43887cde7a2f0ae498f3cfb43bed13ff6df553173e8ea38c2c004dbe0f819803bcade86c763be3c7f1fcc02ac28279bfd1718736e69903d9a03c656da089ea2c0fbe50dd785de502f9178f8213c38bfe9590b44ddeac7737e4a655b078702a89bb27cee7f4fd847e2e9e81fdc5e06ec49a1fdfea18ca86c0ed76efb9e76d84203cc028d36d4d825f5d63c98950b6446c192c496ea6f2cb4c3c327c2182bd55c21a69cfb103b6665b2043c686a0356edd92ffa6320d08cc63808d38732ef233be33cf188b7c72127d8913fc3c0fdd06be46f90163758d55004e37d834d4fe0dfd9deff91ddba361cdb2e4c3d36cdd83ba584ca9379ac168905f3bae619fc84
1787432030.508162 sweep:Generic OOK 4.8k RSSI spike: -79.0
  -> 255 1da17f120dff6818fab91510183355919fc7c8dac6bbb7b1a976f5efbc38f16281e3a38c8cb609a06fa66a4b42be05e18ffe118300c7208f7038c182701f7927cd2a178c88378e908713f19960de7b10338100d203478700f35a00d83f6fe2e5618c21fad9f6ee5118054cf69bfc5f799ecc5f3f73bec3c238d08e4b2f91c3c00bbcfc71539103ac6873ff4d24f2d83e6bfdaa412f00a8150308c6f77799bcd3c7a59c22373cf4e3de33e3bc15208868caf2219fa9c640cc92730842006af41a150a73bd8563f5e7d001ba5d0fc15e2b1d19163999366180181eb6e9c9c13aabb2ea3006ed02c6468a4677efe39993fe7a10c0808c336f9da85acf0fe40937
1787432030.508374 sweep:Generic OOK 4.8k RSSI spike: -79.0
  -> 255 f76f09234fbfc473699802a8f2880ac8bc6ad7751e7a7e71cdfed3cce4144141647905ff54006624189ee10a431a610a6ebe0639a972ae6cca0a922a3fcc94c30caead404ac9ee4346ec339d07a84229d338bf0af3d206b2f7e3ec89e0d5d12713b5e10b5fa0b04efc4ce6d6350043e20f9a710ffe235f3b5f44788cad5166a5bfdc462473e66e2ce2619cdb960cbd3fe0204776d4ffdf67a767f7723f7edf91b29f6fdceb7ddf673f99a3b361f19201799e0efb1c5c8f5c1bccccf86c40a7c171dcbed136e13d9e751aa6697dfed0fa4ffb148dd0e047058a4ccf618607a5fe6182dbe595e5e6a0ee9f226375d478beffbb013f87c588c7767da6383262f6
1787432030.50859 sweep:Generic OOK 4.8k RSSI spike: -80.0
  -> 255 b7597c1f22830038f800600cd7cfdb5f7aa189fa7f252c3d67104019a5a23e38fc9c815166b11084a41e41075e703f9084f12370487276772fcf62c7fd81677ae61a641f966b07bc140e74a378510d9b5fa207c5e9b6475c77e737f1c66c882434c693f15ca228190e55b067e828a2c3a7f31095e35e2b388072bc67df0326acfce8fa6afdf1119d30dea79efe42e40eaaa35051cf070fd187c039f38b2287421bd5338a48410077fd7c6711e2bc1238f31ff0e96af46e0ab7fd590f92f13083ff2866015adc38e2c61332573e76cb2c0bd9678637b6b68fa371d78220674738b2b7c7e63d230a7d6733f94ee781d8a049679902da8181a09812bc5c102285
1787432030.508806 sweep:Generic OOK 4.8k RSSI spike: -79.0
  -> 255 de9e7aee4b8a144c076086f15e4242810fe0d2a133f4e40a8994d923feafd07ffb33321ddcdedc89935f2d5887af835a0061ecf51fb1bc2f2f34fad088daf98dfb437f0a0b409deebff384d35a23a4740e088cc815f2f7cc7faf163e0dbfea3563bbef8ce9eeb857b7f0ed7ff058912e1176c3b75fe0b28227e03590190e9b9a62eeaaf01af7fa17998286623487350cec1fc484cdf81251d53f37d207e2d1c7482080fc1cca7d86bb639db9f94f3ffe07c8a7f0581d3d3bebfdeebc21ef4b7d5e333ee0cc1b8fc79215b474399c341f18dee373c1e79c0a84f3385f80fcbf20a011e9fc17d03c01f41f3fc4ef30e8a2860f2f3f5e0b2028038909203ee5f7
1787432030.5090501 sweep:Generic OOK 4.8k RSSI spike: -79.0
  -> 255 47587fb732c3266592a8e077c5cf999da6c281bfef1b5bb5fccb6e1e633689773dc89d6fed00c73e171f0e66ef2ee871e0761f22442b72ef707fc79e9700d536e0cec3d741b779827bbbe972eaff239d1ede7ee7b8e4d979e0d800f2f37feb98750fa21d03d15236a3f074ff55f032231e6e70c44083da8c228c39beda638af390b11c03b72164902444b69743f7d9ff4356841be2f1c018ed5c0f686874013873d784192b9616da4f8ed7a612ba20067d019b5848535f711fa7f0f0e3b07c3f77d4002bf6207dff122371be56b573156280cda21d5e3e45b6a3733c72d8474c3eb5cdbfcae58b7a228155cb997cbaef770592713d100287e66480b336f164
1787432030.50926 sweep:Generic OOK 4.8k RSSI spike: -79.0
  -> 255 ff64308f321be5de2ecb71b87994913ccf43239e830cf302bf2df2646742e22ba3f40417903d0e5bd628d204cc563efbdc8e837bd51dea7a312393ded48157b6ec4098988eda21d043863041a1905380ff729fc24f983006c3e2ecc35c398f9b872823678fd32e01d95f5ffde91e3f8137858215fdfe870fe970f977430680ca7b5122fb6395b076fff1881c2eae174a8ae68dddf7e5f05a78bc7c9b8044013c040d0daff7923ed1422fe9abfffdddf07f7b25332c1736b1df952de6dca251f0268fbdad59f90ea93ef34291bfd313d0b41240b4c09fa47904d6f782be94e6112755560c53f89ca84944239f0a7eb9203c68e801946dc5984e7e7d0151ecf9
1787432030.509469 sweep:Generic OOK 4.8k RSSI spike: -79.5
  -> 255 3008e544d57e76efe3586fe1c0992931d3ccb3b3fc4efd13f91ccdbdb029113f6200c96b20997bfd99dc03fa492fef97a7bd13e2f9fe4c704a58ef92435df73d4fb36f74c03f00d0089088080d078636d1832c1c5730386b33b9ffdeb4f9dce089f487de7a0d4a5ff36cd60f815bc99fe7906787fd1ab537929b1fbdee808fe060403174839f2d6e733053f2ccdc1cfdf69238231e580c4479be5dfd1212fff2b003a8f7dd508507de771d432d18959cbc6e2e98b7fc9c9962f8643a045eeb2c1c8dcfdce1916bea728fca6325cf5d5ff0a966e0fd8e038b380ce68a2767e6577e30e69b1301ce330d0612f3a5dc53f5c1a278fbfc7952045fcef8cef86f3b
1787432030.509681 sweep:Generic OOK 4.8k RSSI spike: -79.5
  -> 255 6b6e63eb95986872984f5f9efdde7690d1fcfcfafc0595b381f078076f67c29210c80bfb231e8736002401ccc0c2c17eddcfb0dd4e66a40d1b8cb13bbca761be0e7a94120d3bcd9e8bc4a0e180a942628a36f0f769801c1daf1fff3d2317fad2d87603e00bf9a62ff86d82fe187eefcfe299958ff0ac02fa00954680598fbb59e812b9fb730722fb837aa473ee5f86dd4f24f27eef2b60f2cff65fcb838a09eaf01513ccebf601c80332b2307d39f6fe762c180ef0c00b8b09c1f068f2c37c7087e62f75d17f3a8681105c1d845273c651b93ce976e0841964bf9e0ef8250625ce2664bbbaa804f34d0839f054360fb7f0d9bfce617ef58fff2581359b6139
1787432030.509887 sweep:Generic OOK 4.8k RSSI spike: -79.5
  -> 255 937baf183a47da5db11e3c1f1eba723571ddbbe79f98446888a8fbf04c741c50c571472318325b7d57f7f2604455cf807fc3d0c4fb8157b820d1e15fbc079a20231e2774eece60bf99e5735c342d8190381cf1d47efd1ff508e1ffdd42440009f43fe5c17f0e9ae7b2089388321e7c2e2fa961fbb24067e0f5d1dfbfcd01313debbef0a891c86de0e90cfe3b4761c3c2062584e28b70378fd83a80230450fce5c2f4407910f1132f4e7d2c3dc1d678343f0d6d6394f8aeddf1e79cde6df28dfc963c7c250177d8bb65cf893c39865ae0f010445b77fd00001eeceff1f81aba392c4f3ddbedf38e5635b2f83a7bc5b81cfc57ff52b04127f61ea778447bd9e6
1787432030.510168 sweep:Generic OOK 4.8k RSSI spike: -79.5
  -> 255 7347a687ed973787d1f7091c0fde2bbf2ea731c31d676e824be3c63d84eba67c274a8c84e1bcc4e111e7c7c3a036dbc223c168cd84201a7e440b45fbacb0f02c9bcde00c73ea35ba33a1c7431fc73d3c66ef95876eee141eb5f1b04866d19a573ecbb65ce3264c0c4b88116bc1ae18d2e01e64cbaa3f6eb13eeaaf70777ce603fa4930c1a2b8e068c7d5121bf41212b06c3a032a3e3219300fbd7e32947ca288754802fab7fb47e72bbbc2638d8f533fba49f9209fb96745687f9689bd0f4af39f4a8cfa034be190e98d3d4233091d85de21a16816f74e9a1078b8dff6dcc722143826846e4277984a78ea05cb5588189ef0919f7fe435299e1b8846cd3fd5
1787432030.510387 sweep:Generic OOK 4.8k RSSI spike: -80.0
  -> 255 c6717a88efdd28120ce7ddfecf17112e5419866327e569bd7e0f76096c00fe2047020f190141e11e8dc7833636f93339c31e303ff6ffb8b9f3b68d341bf77bc6267b93b38e34e03c7b03c0df77c0e4150b9ccdf601bc0fa7d868147a7a4c0f81ea02f104165b7c3a026b3801eaafc810052e0da9cd42048754284c2cba7a3879a37f1d41111de4f3fbff8fa0fa23bf766e2759e5ff29c852d5fef8fdc80eea98848a1e267a6137784295058d845e05309df120ebae99eaede33c5fb9238b2fef99ca47375369fc97db9652eff580111f6260f297bc828d0653e21403717f181e224df1d103b00b42fe60663a4f5ecc408e0da2d16f284dcf8c790a5c91b6db
1787432030.5105972 sweep:Generic OOK 4.8k RSSI spike: -80.0
  -> 255 2791a06ff7f910367697e769f9e7db7c98813ff0f7cb0752a8b00a420d4189fac799cdf713d10c60183298cdac1d2ec63f308d32317897b80f7f9b02ba7f48c5fa9041decba0d04a9d739b6f3385c7308186e8358722255c6640a0cfbac7c65be66bf6986c43514088ee34367e1d650e9f97e5d820f32391e43338016cc6801b3f5ecc0000103d3c0442e00e5bfc701c0c59ff7acce23b9960fe87ed9bd4dfd07e42ea0e6680e65e0d7c34917b6185289d4f609085fbe4fc9265c42f05a9a306668eb7f4f12f8100f38b78386edac07e8708065ce9dedd2ec64f5be0efb620484a901b85bf976253df3f303c0a2e1f8bbe81f89f5484a7860e4c20c2988386
1787432030.5108109 sweep:Generic OOK 4.8k RSSI spike: -80.0
  -> 255 1fcc584879f4030b839c1eaf12eae1f768d723d4c8dc128f022839b32f0f3ec08246fec57ff5b162365e0cc5606e5ee77fc077300861a3fc7877f88dc3afb6fd5f8ea3454fe17520fd447992035f31c0011c84cc6cddcf73dcc8a039e6818ffcbfa0c616de6033e5203d8a9541513fc29bde12efecfe19d8d91a00b4fc3f8fe06ec9ea064c5d63ba4ad30789e48ece5b7b2ee9fa3fe469f6448defe8a1c839d45580281d8f0843dd3fe9e994c54ace61d94e801f494cdd472500e86ecc689c059e8870a5ca066fe429be334e21bb7749667f276fc7cf2f1fd463ef46b2bbb82d8b4009d861681f7bea6e2dfe7dafe8efd7fd3863710f93634e1dc9aab0b3e2
1787432030.511049 sweep:Generic OOK 4.8k RSSI spike: -80.0
  -> 255 fa206243341e4b7f2c3719e50ded487fcf646460b1acdd1068d2f3fa8af66b28458ac1e4167575cccbee302333e1ffec24c9d334a6170b4b4c4e061aa16c86eac8b3e8d0f8c59ff808b63dafece50af10f22650f1225bbe5f391334ee5cab3b8823a011884f95362c3f83dd220df37faeaaf3ab9f621d613fc0bb1a60df19600231633738e65cd5cfd9878ff1cf53214334530235f4f14bf80f1738617af1a23ab01746061532e8b53fcefac168d2efdf73c023728213b8e56e11fd9c3ee813d3f3d227f43e3ca59970d80311ad984f01eb4e8a672aaf93b030e10cfa67db8b0ff9335d66f71e473df4349863e937602e661f586fbebb3ccf7bf12197f77d2
1787432030.511261 sweep:Generic OOK 4.8k RSSI spike: -80.5
  -> 255 abc0a8e19509608bde80e04d6fd9f0db0e83ade6957debd79166ac3c17f084bc7bcfad5c03afe137639fc3370ce322e10cfca0e912fffe7194bf6917e6cc325c7ed901fff7d3271434831a7be987d2a07e47e129987c59dd3ff871e61dc397e7783537bf8cb7e47d053ae467aba61e6036fbdad082fdd87c79abd4e196e086cc682ed453dbcf805410ee46d46e894f88d3de052df94477b07e46c119f10d27606de33bd3dffd960ef0200bd387e925e9237e7667bc1036720f79c205fb197378ab7e6a403a372c744fc9630d8da764c84569f06864ff5f6839733fde23e326b06542c050cf5805c2309e9491cc3669af6c4384a7000805aef650d3557622fc
1787432030.5114791 sweep:Generic OOK 4.8k RSSI spike: -80.5
  -> 255 623a7d38fe76ed895db2691dc29815c3ce0b41853bb51e7fdb810c82d658bd3b0973a4fc06685b6903d041cfa2dadae2ff2149e68a45908de32d08fab91031fc797ab88a38e2751bd1fbb16e11be3b660b4a9be54f710647d141a97fe9bf406324bfe26c0887691de4369a640675e9cce2bac07baf68a1acd6bfc7e28aa5fe1388339a71aa3fb40021dee2f82461d52be8a023e70c48061faff92181ac1f19e2b8976dca5d4e188c206b0f1af5ce8991b206782a13fae712659bf3a333c1d7bd4bc6f09fa43f787c01e7c7300ac2c4b5ffdf6bed63d84457b9342983fe0d96261e04210e203c1f81ffb01763524dffb173a78fd8e29a976606ee04dc15f5b6
1787432030.511682 sweep:Generic OOK 4.8k RSSI spike: -80.5
  -> 255 1dbe256f3bdf1833388dc40f38c946307217b3eebec8297404fe6837186815f9c6d98508feece7180eeb3f74991011f3ef505be2b9a84075957dd678093b1f5a7a279faec76ffa2651703c89dbecd34e2e039e02694ca6b75bbbb0e2ee40f9f1e579d607ba0d9e4f098a80797e46c828e238f0048304e0301ff60afd006bf3a07098b5086d1676d5de058f71f31d1b4dd518a205a00fc308a5f041b19403e06e39bb9f39f10e1246005c5cc38fca054631ff435fd0d75f4ca400e7148415097e00125985f49a5deccb67736fcc9c6128ef25b5f17301060671db12cbf73090b8de7f06723086b816c1afcf3e491738911812ae71441f92aa1bdfe82d6f020a
1787432030.511894 sweep:Generic OOK 4.8k RSSI spike: -80.5
  -> 255 94f66900b040705de067ae10b206247fe73b5c1ee44798170658b40628f9f8f3877f0fd8f0fac5b87ae62684f3a93727d1b2fefc8a04c7f497fbf09be271860e0018b1622b2a76e61a82d3db5bc0e8a407e5de466d8ebeb8ecada6562a4700ed65d393cc8f7b6b016dc1ef633f8cfe3930455cdbe1e430a91b7e8f10dde1863bddcafd0788fb90b043c9a98c59dff86621fb0320836fa6b9fa8588959ceac51abd327c0a7efa3c41b211e863c3d8df7708f81ffe7a2f17022055474e2074a07010b75af38d23bb041f80cff4d0e6fef0239c21e63fec18df36eda3f05d6a04fa7cbe381072e3ff09c32dded80b02bb51d99ceafd732ba1f22037f71c3fd3e9
  ...heartbeat: 60000 iters, 12.9s elapsed, 879 hits so far
  ...heartbeat: 80000 iters, 17.3s elapsed, 879 hits so far
  ...heartbeat: 100000 iters, 21.7s elapsed, 879 hits so far
  ...heartbeat: 120000 iters, 26.0s elapsed, 879 hits so far
  ...heartbeat: 140000 iters, 30.3s elapsed, 879 hits so far
  ...heartbeat: 160000 iters, 34.7s elapsed, 879 hits so far
1787432057.069462 sweep:Generic OOK 4.8k RSSI spike: -61.0
  -> 255 00c6114623f95c213a34f0c20facfe82821d04d73f3baeff72ebded5e78ff77e9c50e4e623ce11f00606f00c7c08df3fa0736afb1725d2cff81f63b61885b1770efbf316e23a392e6e1825a4f7f1716b9798ec679393878004b46010c18b98c5cd368ebbf1533f86ee7d7978fee17df703ae085239c2620eb1cfc7e27a6721bfc774327f67c38b0fdf5e01e361ae50a80771e736b8f6d018339deb7dbdf2cca26e7351bbb9e0da60a1cbef7f75c76a7c230d37dc8f24c78b171f04c2290fff89f6a67c3e23d338f898a0597bde63a064fc1bfbd6046b43f7730c01fe7da1ce8ecf844e907acc0527c6cc9d46f3163da0f110f32ee58a17b7f9f21e77f39e62
1787432057.069705 sweep:Generic OOK 4.8k RSSI spike: -31.0
  -> 255 9e1f837d668a51ae3fcd903787c9d47179111d00f199d0900dff6185ce21541ae24727e1721c803e7034e8fa70b8c76f0e7a77aef7f871ece03f0a1b87cdc93fe00d4632e716048a434c4907edea2180d37dc25cf90ff84b779757a4d9e2f93a7a3f3996010007c513a7ee414fb1e8f6c047ffa7cf026f9c87e072bc1c1db408c78722b41f0ec89223f937525d3378bc7039230c82e7fb8b71f5376cbe68259aa22f4a01e19a0fad1188febfe1260017fc41833dc200d0d1cd8e4e97f502d1659e69070c401f94526ace60a1cca2fa2bfbd0e5a2d486fdcd03f55787f9da9ef66e7961748d0df39dfcc0fe6027a6e80433a3030b0b7e14a34bfeb9cfef65d9
1787432057.0699341 sweep:Generic OOK 4.8k RSSI spike: -32.0
  -> 255 967258c013e2dccc1fab53fa3b0bd3c54c15a3ece7d5f5546ee73b40c49e331271f6836d3d91363d0034d1c60b3f48751bc67fdde07f8b98b414943539773110b169c81d43787343fb899d027148f80026fab9c230bfaa8422fe316037d103e256aa1a0d8fd63fcff08e842fa79359b923fbe011a46306c7d5fe36b47c0801b48c3f4f2748007cdf69f16777971f863e7bd848d89a7da7e77e8caa07cb82ee832084e3906f86ed3038c81d44b98069c3d61b8e453eed92e65c383ef226b81e69de0df9aedbf67be370e6d8dcf83c16bddd7db15ee9c23ab06648df3dcd03568daffc34c8c4647c3c9ed2f863cc11ffa8cf1e3f73c21afefc3cd16030280b92
1787432057.070166 sweep:Generic OOK 4.8k RSSI spike: -32.0
  -> 255 3acf63ebc4c02df0b46231bc430182f0564879ab116247f2db91512e37462e3b1cdbee5f8bdeb19cf01f9b2a6e75be892ce20e9ece0b271c659be9457d7fbde19c38978fb7689e555e3bc91dc5e7ce405df99bff76f36f3a477d47b31382e1762fac3c7e805ec7e84dd8a2e393006237aba70117093b2c0d98d3afecf867e77fbc2a8200b3c81423993d8edcde0126269089c42d0bf9f75d4e3b5033f076a0445fd9cf8e6b987e78f2e67c5b3ed8bbf453d2c78c31425237c9e21cbe4a3b0fb63d9c65e7ec10ecc6cecdfbbf0e6bd7f76fffc004dc9ca501ffb738a77ffd95eab16adf01cb73a3877cb8d4003380e37dbd90fed3dc43e7c508f17b501ce7c7
1787432057.070395 sweep:Generic OOK 4.8k RSSI spike: -32.0
  -> 255 62a7321fffca59513ef1cc19e9f92dae7902707fe7a6fc7c8c5f0bea1782fa7425ede805d228e460cdc770316964ad10481bb8808afe3040be3eaf39b4a037f8dedcbc588d0ac781932820cc0e77a6ffefb1901df873cc879fe9fbf9bb385fc221c2dfbd2a4a771c4081c1e0e080ed03155c13de813f146363747380587ff8855d48ec88239567239e82166c866777835b92c065c3ce4f9c73a0c49c5eb7f2a41484e33f2ce6a4ee6e06e88ea9cd603fc3a00f8f505cfc60bde4d872709093d0e60b310a66a20f43e8495ef57cfe7eca357ec049f83e5e5b8e401721d05ad14a1c10c9fe211889f6ee2d235071b45ce92fc099e783e0855585fdeff6c94473
1787432057.0706089 sweep:Generic OOK 4.8k RSSI spike: -32.5
  -> 255 bd8e013938fe1f313ff7fa88133a68e01e13ee8ff38dbd0159ce478aebb03ee1065b308fdca606051b1db021d8002a67802d75c4021f1f3e5f83e122787a5f7da5f28f7be413f6ccdd3127f0d7ea412f6de60ff1fdefee1c0ffed7b48499cd621f0420c6b808e631cf0c0dda5a4a3b58c6e1c901bc80dc515f446c0d7d716b4d207af89e448c17ed827c8ca08c6108271ba05bbc13e0edb102c79b8a4db4c22007e6474123fcedb41fdbc1e337e267e31086aa785ad5882c68fb81f43a05033ffef42bfe262b0e7e5f15436cbc8434882f36db717d53907cbb63ff1c79991428b060c5aa7f55ddef2a781c367ee9c858f7f430e9e5f8587e8b2a9446e0ca20
1787432057.07083 sweep:Generic OOK 4.8k RSSI spike: -32.5
  -> 255 3cf7f17d028ceda217e17a9c4b8fcecebfc7e92e8ede6684c111e6cf0b199e191e9506bbc4971eddc6d7be375c0b3d9646d2e70474fdac47fe1ea9c54a0789d1750238816e68c6fadd65ac3d359f8be464e7dfe839367669e0bc6667053e5ec0b65fe977c080deffc030b63443f60648e0033efa724a37f707efb4dfb81406bab68f9d083def73e29a7a577539937eff0e4658f06528a5e700e3867a5d414d07ceeb157c371077c024026c234707ae3598f97b0925824e6f8c62341ed44fe81240112f4a25dc777f0059fa243e46b00a0883e4c186ba244f8c05bf17e147ac0337019ddfae029e80b46bfff62689393ef6f6465ffea3f5263fcf0a0ae091fe
1787432057.071053 sweep:Generic OOK 4.8k RSSI spike: -32.5
  -> 255 df68168313e508fb7c60d9f62670ce95de1b606e18e1d842c02d040b30ee031383bd80838eb46883f08c9ee001d000430b41644dd7bc674a7f82d8d873fb40f2b398af2c5bd40a78ce150677f6d1e8f07ff08d209954244f675fe7d4f87005131baec22da908320311874063ad27f1963cfc769c3ca19e91ce2ffe281ae664264f4f1f27c2688ebb9bdce544c2db56b38ff2682c0708cf23331b0fba0187b9ef7d76767464df3aafa49d3ce4c9054ea7f9ba26ae3e376041a67bf9ade17f416fdb48f5ab210761ff009d3b79e8779fdd0e0855d4076fc3de7e7ec6993880b78b35fa5ee2a45772c6129f99642e12aecd723188c61acdcb16b635a06f906f23
1787432057.0712729 sweep:Generic OOK 4.8k RSSI spike: -32.5
  -> 255 7f868b1fae456021a8a8b45c523803d372c58bf2c687bc39b7f4b7feed331467210415cc01879af07972c579602fdf060b2be71283e5bbc408ce41c09f244cd027e5eee42d1d869fbae53c4d80fea01a41c22a93cffb76f975df8b2469ffef9539ef0f1fb58bc6b19fb3f3083217426f764dd6e8233add043bff9947d71877f6ec192565f3bf8b79adfb0784786b9d9dceda906f5743a201f3da7ebd8989945ad3825ed3b0837f2e7e6b3fcc8487dee53c40ae3ccf08f8e25065314c0c23db1a053608245e88383bfdbb383dcf37b0a30251e45c504011c6c2387f00f8fe66517f23c5f23ee7debf20f13b9ee7d73ac9e02cc2a87e8f767043b3c155ad3300
1787432057.0714948 sweep:Generic OOK 4.8k RSSI spike: -33.0
  -> 255 ff0e2e41651e1f2459ef778275b7abc69ce12121ecec9437674379438c23796c460eb06c20b03c28838c3acfe40d6a8658886f193aebbe77fb7ecf359f06f662a0e57407feb24136bd4c867a4f0b10f70cfbf7ee3e756eb71d9b3e6c186f2f817efd725d872dde934d6d8ec64802df2db6b10004a01361df00bf5db38ea3bce31fa61698850ec0912fefc4f9e162ca68dfd9fc4c4e302f8fe5017e945ff6740e47116574fef924115dd7060282f2097fcb67a846f6581e40960e1861f88c6e9ba0bbf5588f52b87c7a81ccb6a09a2504682fc87050386861443927268966b03c5bf9ab43b1a0f00876ac7880aed649c59e01f3ddcfaf5f42739f432bd6c818
1787432057.0717068 sweep:Generic OOK 4.8k RSSI spike: -33.0
  -> 255 9fda392ff700f2a06dcf78402f9501a36fef1c723195ba2383f7cdef85e7bf009560cddd5561bf82bb454ff836e0b6005b3ac384df471181f7366c53ac0c459a24393dbc3d63bae73438fc91f321f1ac44e4f828339a4a061330038a17af340847eca42413d1018b2aec32508019cc7b865477ae99c97bac960b3a7727018866f767bc5bd4f2323441cd0000c1134b829b96dcfb55f38876a038f7764f2ce19cdb0d40b3ecc46e2d49068b476ec2143185f66d74391d7d0d06181dd780e71bad106a6fcc10bdef4fe3e1f981fbec04907410d1598e471f9e17b214b5fbfe000dc054433925709d9df0f3599d37dcafcd04a89177e0278e7620c057ffe1dc83
1787432057.0719428 sweep:Generic OOK 4.8k RSSI spike: -33.0
  -> 255 723ea73a6980978e0c337a5dcefa679b7f0f5b2071a1a0de84ef9ef407c5d0b377d282e964063a26e7f6b69e0534a633403d2706075bb925ef35adbf22558dd5824150d0c050aef23e3e675768f5f7bbe07e7448ce4dfa5f821aebd0f6eae8ca41c1ba2e0d60abdefed353474cb1e6376f826e7e326a0f2f262040d4e011d3979f690db30c50b8773e8bd27d23098c2b197dd1efc24997d7167df6671f8fc8e1740391e81d1de7bc80c787f7087fbdf74800c53d125e86bd650d1ee180e54dfadf0687803679c60727db5b783c7e6f15a20fd16bff4d7e3c8484c6be976e424fca01049f83df90179036c06ec61c240a2a001be4de29d3e1388987e7643ac3
1787432057.072195 sweep:Generic OOK 4.8k RSSI spike: -33.0
  -> 255 431007ea9e26f554c239a16c293531003091ef4a069a0d567f574fa7037437c274072fec5372d1b3defc10d676fffe2c1923c5448620d8632a07edd1d03fc4ab921fddb00abad2cb0b7c1a00f2bc3e7c1b7d31efd802b3940d8f0db02367bcee689b760ccdb2fb85dc456be36387701d81a89aef6ea81f8d967e2790f1be5e1f77be6761fa855363deb5e55238207035fdffb3a307f6ddbef8bbc4c9f388c3b68ea0ff0b6fda0e306a33faa9cbf4b80843e3e01dd039f491f445fee1a7e0f1a0a336fc7cdc5b12013b0adcc634791a988578d277b59cf2e7dad92f9d4d31874680e479e170fb85653d316ffd4bf6297df31c64981522ffa62b2eddfe80b1d3
1787432057.072445 sweep:Generic OOK 4.8k RSSI spike: -33.5
  -> 255 a682cd9f43bc3000c6dfcf7c2a3ae418db0dffc27799528c70c7798225813a9e369e03734c9f3b20e722ddbf99971058791628ce644e09e160e180903d0a7dcd78574b17c88182aa40580f628b4c058aa9e22872d809ba1d6dda35439500c1c5d9e6c3443a322f7ab0282378e058fb818731bb04c1f17670188848601c3164be8aeb21bbc0a79046c94814239334674a3c0795ff0957c939fa72be44c04c7b973bcef738a7dd4781dc98b36342ba1e13de1f31fcccaffde8efb388ece80bdbfe1a99b8fe087e10b040ec4146819798fc4060f323fa651371f941397c7766ffca171b1a633f42fbff253cdf3c5894013018240a25b38f0dd570df68d35cf125
1787432057.0726569 sweep:Generic OOK 4.8k RSSI spike: -33.5
  -> 255 1075e4cc907fa64a3a5905f9e7d623cd7cb5081a2f4354829bfaecef84a5d9fcee239c36606f0f4ffdd4c9161c3bd97e012b5b11bb22c3bd05d4f351d1c6dafe2441bf7c1e5398bca148963eeb60dd335dc0be96c0f88e0c3e5931cff387efcbcfbe892e09830213b45f6586e197807b5ff263871c23c32f85bcefe3bc7a40feb091628d9eb891d1bc00e681d0c299f4e620d284f765b89d37e7084b48f77ba729babbc668554ce042684be8257f07ba9df1e1f7077a7f0d902c68c77419c4454fe1b4aecf3de9a0f428c2adfb02d6fdfd67f93b8348a1792709c5f089a54fb385ab0fec63ce33fa48490f5b2017258c8e9fce7f805616e08ec7db89f71c33
1787432057.072885 sweep:Generic OOK 4.8k RSSI spike: -33.0
  -> 255 7c52dff84ac180781857e466a14f1e2468ff0e202fcbd6c5b32d7e08b7e0c3b09d06dfd34e83d1ce677791df8be503bf94fb3c22977091c16cf7b911f882007f32cc1f488733daa0ea427cabc3cff49ef3127ecdef479a7a09f867410c3099e39fde24f8b86ac91c8ce74f982939c0cff23d653f9d8100011fcc5e89ad4543844b8b5465adf5fc15700aa46061031d6e7822292b85e8360398df8f6856f294e77e717e20164bf8a85f997f64fc23def0641c0980af5b111cce3cafa4e843dffdf9e1d643be742878a8b7cf55f5820b8aaf907c16a29a13f37d5e77b67641c24e83f69a0d17062011da2549fb0004084f81955a94c2991603b78dc33bbc86f0
1787432057.073185 sweep:Generic OOK 4.8k RSSI spike: -33.0
  -> 255 38b4c7a0e3edf78c8f1defc230e03d0711f7bfe4642a1e143d94a65783d60087098653390688e914b2f380d53d3e5fb82d5231c1b74d98bf84431774fda3a7b8dbe797e3e66a6c073804dddb43fbbe1a7f042ff709cf961d6732ff86e085a21660e863e533c88250ff12ea0833c28c2ff9d8e1aeeafd7bdb7bc21f30c1f1cc86e431bcaee2b82ec3778039ec4d01d6c49760428ca5e466e663205ce61a58b3463fe7b2514bce677dcd358b891bf409230e1c2e6d7ba1f9f8b4c92d4d53f9e3793bc65632cc7e8238c594fc36eb6f94f948dfc90305286d4718fef8ab4ec77315afcd8785cc6206f9e4d14b4ff5e194467b7861e0c7e8fbe275961f9fb8faf5
1787432057.073419 sweep:Generic OOK 4.8k RSSI spike: -33.0
  -> 255 6c10ac645314b35e783cc3e53a4804c43e5003e7a2ff7a0b12033c43c65d0e31261d6061e586389f129d45b2b756218fb56484e037e6e3e4037d07145e34e006f9a9a5a999407c8bae865b7dc80a341156f881941967c2b8e6792dc70409014cff047c6467260c1c01083a8cd78f66d67339fef1ef0874f1421718be7bbaa49bf2b71691bb123467eb5b401b25a7b7621acde6c24b9df5d13335f4d15bdfc88c3054a976442c3c65fb51b0870c31e6a64a7ef7adb9a4699e22f6e88b03a407e64fdd2fb3ec43bc864db96d8e96ec90553c677767fbe6cdc71b403f441aee78639b98ff93aa71b6483c82fbd75c5c1c358739ea78f0f796f4116f08df403e1d
1787432057.073642 sweep:Generic OOK 4.8k RSSI spike: -33.5
  -> 255 67c9a0ed9c503bcff5131cf95dfdd7b67f9d60f8b1adaef81220b707f95c7041641b30dbc85fc2741a12f7ba8ff7a0ce7221bbec68debb03027f063b1fa5c10afef9dbd0f005e2b83845d031bd8e7d900bd552974fcb862b247b80d99338270623e286e608a0889b2108e20a2f78003bdc9989d1a2f5f83ea3bc879f0ddc7992798c9cf4a4156390a23e4912e2ff307a4c7762025bf8429a4843f8138d9b394049136debdfa17e7510fa87dab3cbcbd8cc7f279c1814b82431bdfc7e31591e02f0876e2d227ae16e5770d22d5c358f5db1fb0f840f5a18003ef420417d96fb20e47f79218b8d6d5a93f4bdee3483cfeabb95fad2a4c62803fd0a60be34f9e6
1787432057.073875 sweep:Generic OOK 4.8k RSSI spike: -33.5
  -> 255 a2075a55c711eb7cbba7cf30983ce9bffe44c42f7ba6c6cf8453547306483f0bc623e49565c2a76040238826350009c5bb1e3fc623d66847f36f626443ba37ce4364ab93190400afaad037aaec2ff3731ce03167b93254f830b02e2d09de2611e8fed0bd17884adfbec6d4180a65f5f73ea4bdf860f7b4b0e0591614ee90abbaf3cd3c331466df19f0c9080b2f3fc7ce02520c1b363cbd9b40c4032b29b7e6f8112bb9f6fbe2070c0a11d4b89feefef98e8a23bc7dd87206ff1ce859e2ddc7f83f6b5875c66d26c09888393e663007d6ff162a6cabe297446e3043c8d44fd05e4be72781aa61957fed43f6ff6bfbef3f2cc1c17b90e247cb3356349e7db7bd
1787432057.074084 sweep:Generic OOK 4.8k RSSI spike: -33.5
  -> 255 f58edee1f8400de3c00ee84e64f4bc71560e4fdadac034646ff3446006397fea83860079b96bc5a0658202f8abef23dd9d013467eaf840d60f0fc877e6cd7ef62e3e916c6cc419fe6fbf55e778c610e309014a47a06cee1a384fbf43b259a1c8f59afc38037013cef37b3ac4619fd54c2c1d386066bd4c4af2e63810fe4bf074ec684e112021709a4019dd1cc88746a731189e31051d0509cc0cf6ed3f869c70402ff84e70ffe11d7d1cb8904f5e3c9ce279e1c5e5c825386ecf9a93f2f529cfe088b22c88717239da27c87931da7ff3f3a101e91e60c7cde01d1188e0db26b43ebcf1fbb44f80e7aeab80f9dc308d8d2d313b3759b508c36d152c8f0076cc
1787432057.074317 sweep:Generic OOK 4.8k RSSI spike: -33.5
  -> 255 2be077eeb8001df19f46b27440587c4dd8072e7b2f931099cbc26a13c9f8532ca5fc22e94a3fbdc9060055fc3ee777b8abfd8cbfffb72618c8eebcd06e5e5e05adb31a7d3afc3e80a406ced60c1c46fa8193c2a2544908eb1ff693e131b79824388217efaa5a72c8000e810a144619da94199996c1c79a63917840a8c96d7882b0052f31e84dc0418d2d6352f01b11f967e0f062ce0785e5419d048bb4304d9f2673bf20d9198f13d679054302f07ffd64b9f1570079c04eab70222b4c72d5fab47bf487508f08c82e46e43ce3f382f20d4a1b6919201d19cd3fe184ffd2ec9cbcdf104c1a03f30bcc1f9b711c43cf393bf68d8f81cf3f905c8e2e342f0dff
1787432057.0745401 sweep:Generic OOK 4.8k RSSI spike: -34.0
  -> 255 cfa43220cbd1b29c979a3cda959de42619c743de202d785dfa1907dc43eba64d0feb81257643ced2481c053e88448db268ea5ef8b14f4fa3660bf7fc0307048a4669623fe0a77f2651011bfc61bd9cbfacd7cdcaa5c24857204e00f7e8eb2948d393b33cd646d433c4309bbd1b5c91d7b6d0cf1a0cc8fa461719fc42079f9f8c60244920d57603860c4ef69fc8e2a2875fc838220a67a8930ee14313e462626107de67c303d207c9761b21aa180fcb0140386a96fc1e09aec6783c0b00c7b8b43c6f00298c3123ebf1491ea3b3ae36c25d3984c78fa031ff7afc498471c68f568bff78dcf4d9cef60a4798bfb547374d3bd2fff0f0d7e4ff3a79aa15c7c60f
1787432057.0747561 sweep:Generic OOK 4.8k RSSI spike: -34.0
  -> 255 845bf7fb35781af7a1cc1f5c715d8cbd8b100cdf8359643346260ed8466bf38bcf6e023ac1140fe0d7726f388669407f880fec3813473e5d1764e7c49de360913f7a464f31e14f2a3e586d41175326e8bd3e733cfd7bdf4b5fbf1b09e323a3018a6d435a1c20b1219efb53eca51e268996ca36fc00ee434904134b0f4c706437b82644201d409cd1e71b4b493329d43e518c3b4dc82d71a004c2de145df5a3bb6dce133d8cf131066cf01078487c109428ea1466c7e816183f0e8c4815ffc24f822dc6eb20f50cc5d4eafcc013e0118a5e6db74a46f31041041e9103f618ffc62b4357e0d34b104dbc398f9cdf3f393fea43bc8c932fcffee622c79bfc7cef
1787432057.074965 sweep:Generic OOK 4.8k RSSI spike: -34.0
  -> 255 09bd6095f3e41cf6f383c6039ee062b851c32c078a1b638014763c3e1011169e1a0042617e5ce1dbf8c5f04d7fdeb63c7cf47d3f30a6cf3c5986676056dfedf457ceb3066b525866600e92672b8217a66cea38b325e25b087abf847f784a19bbe07fb3f70a701e1723a1e3313d18d219e04c14164da05b8469558c666c87bb1f9dc71e4b5f8524749405b1cf06f638b7ccaf87f87e7fe0fc1f1d56724226783f824014082fec9c058210e972a209cfa4e1331d45d1873147a830d2c01c49eaf0cd8ae6a29921dfe08c2fd83b14c1d9ba7f471050ef669f3ac5c30af9048fb853bc2d269a19be652e51e38fc39042bc679f6c15add075f559bc677cb8c87e6c
1787432057.075192 sweep:Generic OOK 4.8k RSSI spike: -34.0
  -> 255 1360184b47ea47800ff72da76d669e74bffe9dc1f245284bfbe8e1443c00f6a7edbc25c058c7e4cf1095f7db1ac8fc309a33dcee2dacdcaec8620eb2479a7b6c1db98957994697703c87dd3df6a130386cadacf1e460e4a8bb749df7c8638170aba7ac2674dfd0714ade3e9af8fa12668c59e1e18b2dc3934a10dfd512a5f69daea21f50df59be809da6d863aa708b5983c1f2289f074820298350fbcb1fe71b8fffc8c7071f1fff0b6af538223d70740bf0eed94c18e7fadc5235ea773adaf71d80b663ad42ffc47bc3868d437d0ce1dc7e0a5949d1e157f983a1b44c4bd82b2549c841cf40ff410b9b6fe2b6623f06d8ce840cf16f411a0db148709f8df0
1787432057.075441 sweep:Generic OOK 4.8k RSSI spike: -34.5
  -> 255 0bf575c24aeeb712c84f61f63f98cccd907fcd7c377780a9060787f1b7c85ba299d3f7035d8419006cc1e8bf3279586d40378f89d322876e70c45727883ca40c0095cc7b631bbae27d99df557dc0fbf7165f23ee37a2d9c6a08c015fc3f3c141ded970d4c24064014ef78dcb9e5cf03dd7de6c7707cb80b04f0547b9ccb1ec8fe2cdf41b9f8fc1eab5a3a1c76e727774c90b0bb3a1b43b1abe3a73c927b83eeb2390fffcfa44b980cd71d147c5210dc85d6f0a1dbf33cdac1b162bcbb11def869ae91b759fe5ccd0b6f03b10710ee1ef9ad7dadc7f8678d0dde103f5fb0555fb9923c4f84210bf1f23f1eb547fc03c3d988246362874121c7fcffb834de4cd
1787432057.075661 sweep:Generic OOK 4.8k RSSI spike: -34.5
  -> 255 c598a12da34c7e007a039beb0647f5c2764c7bc6dbf9bf498d314027c1f5414f29ae3a1cf09888721d3d2f90d7e0ae41e7f867c3b2dd0f3378f1ee3b58201088a1f2493bc3627fa3ea5063c3f810b7e69f063cefb8f905582c6ee639de77271c00078c62071f44574013f63ce18699057614dda918f41067f4f4c2cd7534c415d3b29bbde3d12bda5cb507de3c84b607229077679df9701220411d78083dd844f03477ac7f96ffdf81f143c2135bb9879fd0e4f363de6ecb327ad03ff2e5cf474bcdf2a612e6fe415d20037e1e29e05b89b4eca72c3d2c86fd7508c082f34cee4040018331d69c1fe20eafc06bc9e8e9703620ce7d10e52b1cbd94179e16c7
1787432057.07587 sweep:Generic OOK 4.8k RSSI spike: -34.5
  -> 255 e08408fd5dcc3d71dfe5e0e6f87b06b7f7606a06f532469c99b31f1806f2a2351df0a975036083ef3bbc959e95fd1b8fa5ff3ebcdfe1238dbe65c3f0579e37fe1119a90cdd96e4ff979faf4f451330fb6c8d67fd131647d70c25967aefb21f2597b1b38d11795f97b4f4b603d22edce241ffe627a40d4ec1e807a1cd2778a5b11e9ab74a6fbe5ca8e99e3ff4006ed3f5f5a09ab3261e0e2cecc019e624c10b40bff6d7d0efab4c3a9213d3912681d8e1fdc89ffaee570e3df1fa819df02d807f6403865385e0c412454f83ce6f92b0724c48c86009fe3dffe0a266900c5313df2a8ff805fbb602721c14749d3cb7acb3ddfc70fe47dc062caf6fc0943fa087
1787432057.076074 sweep:Generic OOK 4.8k RSSI spike: -34.0
  -> 255 9d882fa553eac34c68ace339058bd8861a5123afe7a1470661787cad06875f3258cf7b2220c2dd4627e1a9e7767085b0e1908a9ce59d4001eff01ba0eff9c7f2de64e49df06665370ff5ea509ffc9677e3f4a92d0c3359b3fffcfcf615989438b44f4944f9fdab47c7942e07bc4f9f34390190f7a5f5821613a80cabeb015fd904426e945f5a1ec704bcd5b015d80c413030cbbd8ca870cf0178e9e631c5529103c19f093199d3763e18f39475f87455716c752ab968308d063378fc77e0ce623d33f9471434f8f2e8631f9d189a787381f79ed8e96cabdc076801ef083c5a25af73e2c63b31db2cdc98ef7f2d011942c8c675d90272d2631397d7fac73c19
1787432057.0763001 sweep:Generic OOK 4.8k RSSI spike: -34.0
  -> 255 74afb4f81fb00042e102a3b9cb98942647e53b73dfc6cb7cb925985015d00c76788c2616502073de6237d36dead099bb300ddef6062bc87c2c6b17fe88cd638a05ede130bab8009e692c88ba39ef047849b5d2dd9c95af1be8ea788bf4307ab280ee5944368f0a6f322a09101b8bd9f0dcd0e4f87af264c7f206ddcdf29f83bfdfd023ac9076dc05ff340cbab8e4448d0387983c5b03f19091f2717bf37f88885c7e383fac35a4cfbfffb3c277002fc80a2db959f95df74ed2bfb3ae39a72fdeda6a3489e333949dda6782a598d87bf5f9872df9610a4e44cb71f63007b990f233a4a784395a705ab89f01e647ee599d8495b310f52b79483b68869f922613
1787432057.0765162 sweep:Generic OOK 4.8k RSSI spike: -34.0
  -> 255 7ae13a1e9afa3b09d18e683c52f9ffec586820ef0a60fdcc3b7de785c3043db7ecef0c48170330cb3406c2087833b87d19f043ea136679cce333ed5b81dd84259fbed8e9350c8082bb0a09ca34a33d202056fcf7b7568942f01d2ebf88e29f124088db7ee803b6cf93cdf0c4bd8e3eb8cfbb29795fe242c25f8780f42cc1e631d13fd3aa39f5d870c83dbc3ef6b9d51f1b3f47df795adcfed62107b6f1d5c0fc3a3246b0269db2e171a632b1498443f8a3acd1a16c42e34040ae4107c2691c04081e8379fff366f0e319a2e4bbe32e320a4a709de37c6c5313c37781af3fd63fe711bc820dd3fbece43027f734d70fdcd306a1adcfc0ab7df3c8ccf3bfdf96
1787432057.076729 sweep:Generic OOK 4.8k RSSI spike: -34.5
  -> 255 bed64b99d0c7efd940bbeb05e8b6e4cf81e2d846c0bbfbd7fff8a69d99a037f7e74ac4907de07d00445b38fc1d87577f5ac71d5c1f9126c7e59eeffb53d5df16fc0380882cabe2e9003138ea217ecba8850db861340ab3f97d90c51f6316f62205a3c8813943f975ab6bf641efb349662546234d979530466cc77f4161324a6a8221f0c0704b09d2f8cf9341fc8c4782081fe55a89bf75e1d9bfcc69396c036722e3917714ecef7170081e73e4890281638613a61837d0c098d7c8db9d1e7bb2f8b41309989cde0940c78d2e224a6027c20ffdc8b80b2d018a349cc7857838b435eece292cd2f6a86cde01ef1f89c0247c5e63c78087cefba13e5a8c33d11d
1787432057.076958 sweep:Generic OOK 4.8k RSSI spike: -34.5
  -> 255 15fb406667408dad88118cd17197c368f85e76cdecce9bdafdfcc0e79e5191977b9607098307dfb2b2dff76326fbf07630ae9ced7861128a38cee77950d0c40ec4e19875f5fdc1b9192230719e268529a4af3a937b47110ccfa2476f83ac8a6020d1e2e81be87473cede792e89f033354886835c87d9723fd80112f6ac7a7a19c7a0ed2e50b064e7032e2118fc306620deb5d39a76af02459adbc906e227f02e3cd995f9a329fcc4a0d41cc82580c5006843f68f214c8aec7dbe9d087b133d355d00d755f7eb0ba55e70471137285972f39cd5c0f318f33fc09b070290a21fe5fc5a461479ec816fc854c4a69b43a48d83a0bce387e4ac9fcc84271f0a87c6
1787432057.077186 sweep:Generic OOK 4.8k RSSI spike: -34.5
  -> 255 eb0728e3dc6313805c9027be4d9b6790a4015e63f8e8787fc6703e6f04eeb01ec153be189906141cc7c39c20ce57eeec3ff0c1989880f7b9867402f7e08ca0df43dc3c5ae328f479e4899372689c399a6976d36f51e39d904e361e3b3cef4f0a11f0323f91713ae8e1b4861b8e5c01fc612e0910e1cd7c6e1e000271d019e60fe8af1cffc010e37c2a388c0ed4e0bd7809de3b3bc6bf360c98a2e1ab8c92ffdf43ece6e4b8846cd44d0e5e2ab7d642e18e4ac60003dc8424fe510510f0c020127ee6fcd467ebdbc83fca6e8233a7432fa0c90cdc1d2db80daa4c03b74b37830fff3bc43e8185ca071fd7b207f263192488b827196e03d8f3ba7af133c5ed41
1787432057.07744 sweep:Generic OOK 4.8k RSSI spike: -34.5
  -> 255 2045c8bfb608637e9964fa72e9a9e13c77ac292286fede67ce3f1dc697357d01fe3f1b83d6ca779f10565cc166022d636b20648be43ca0fc2399b5d434cc0fbec3c192ed692b9ef061857fb1e2fd48ee78fff5377c9b48c70edef08fbbb67c8e0e0fe513df0ff2fb6571221fec3ce27139c58a33a6ddfdeffb1a31ddcb24c06cf02e51127f801f1edee4f8fd7fef0012cd3a128d7115c88792f2be62acf628e603437bdfa91d63a47111660189f4005ec1de79dfe3acfff0ff79d8d033cb3dd83165c3329fffe8f9803dbd4c31ac1fbc2762bf0dc0bb77876d93598d965ab89dc83e5dc4fc0829fbb3ead9ab825fcf33fc877210b1bd1c7d9b298bd5440caa
1787432057.077659 sweep:Generic OOK 4.8k RSSI spike: -35.0
  -> 255 16c5d54202f9100eebd9342b8f6afac81c990b038a0b80b81ac12862b5c3c7dfe468bf03a5cfdfcd8ea862fddbae728751f230d2259187fa8743d8f2defc6abcce3ebc01596c844b0c043f6061e1ccc03901b5d3d7c039f08fde93d830590b27cb9f1bb8b1fde506182e7701379814421662d182291c400a3cefaeb0bddbcc7fef0f01d816761b4e434f0f7dd87bcd038a1f4045a7e94dbdba0bc78f1fbefe71203328fad963060cefbe1d34c43f3e5bbde573c79cde2cc63d5cdcd77109ef08a014ec294e7f309b2e491d2ff3cbc363c237b87b00bf267d90bf771fc3b69fc0b520a00fecc98b19fc09dde408dd3e57203b0098f21bc383787e077f0e9133
1787432057.0778902 sweep:Generic OOK 4.8k RSSI spike: -35.0
  -> 255 2fd0e118287e00eef0bab20ae3b80618141132fa1f5542304c517cf5c2d23c7dc0a1b54a3df93087922703540f86fe9f18e422a9c81a0e02838bb2fdce17bbe380c7f4bc71ff0d3861abc407ef7ed86ff976ff5e6078db240ca0a39ba1850170ccf9f58b003bf823dfad7f705bee80ffb7af8b7e3842f5d4533c7c7d5eda42b894e5877bc2761953916dc9312df08e47b1e7af74c4c3c7ea17c0f4c47e4cfe5c58fa7ab2950225a256811519f4e5b1d69bd321601a9ac7bf530adb670fff78c5b0da7ac5e8eb72065630611ceb859079f7fb1e6ac749c70cf7408ae4ef7ae563ef4dd3c3047e896d1010b72adb7294efe6c095fc4747b06466fa18d9726ed3
1787432057.078293 sweep:Generic OOK 4.8k RSSI spike: -35.0
  -> 255 3bf16381b03fbc4947bea7f3043a0d3ae7b38cde0d803183f4054d2e5bfc00803678025ca1be4ef5f3a2367c8fc03d169aa0fa3dedf0f5c8a0b8ea678ec1ef9722f112225c8bda68d0ae683f80fe5fbb0722f1ec1c5d3eb81afa4c030887b56189609e3ef4eb0e13939ddde7c3c8b1e1fe4238ec39f8de9fe3946f4c381898e1bfdcf8aee82b08392801f0459ff671fdd7fae78010d63e1b87f54c1a508e50ffe8ee00010a59fbb8d18683987f8cb44f0e3dffff1cf860557000be3651c2c5fa18bc157750fe9ae4f7e83927ce1a080b9f17c38eac4cab8a7dd374a1c5107f4c9417063ed598255c4fb71bdf98281a434b7954b3807ff3197103a087ff08e7
1787432057.078503 sweep:Generic OOK 4.8k RSSI spike: -35.5
  -> 255 f2b8647826f2c44438523384488157d12064c6265dba62bdc7d1826d325120f61e6943a207f27502fcaba097fbc6c484da8307c3e8d13c85eadf6103fdc1e387e66f09b58401e4f6026552be6997e8faf1abd43b76efa8930f967dccdfa7d30f18ffb847ca143b8eb810dc2a04340475030e91458700639853c4ec31f7fa5e3119e0466c13f5635fc72406f6411ba20f043ccac3639f2dc3ca1ff8c6273ee083068aee67fac33f6c4a0d081bfe3718734dbba5c3f830732c64a099e7841ef89fb9f941786605f0203f982733b4d45ccc5148fdbf54e582e1febfee877f243f485e044f7d63694f989a0fd381e2dc2e003332efefab6f815f96d6db3db00205
1787432057.0787368 sweep:Generic OOK 4.8k RSSI spike: -35.5
  -> 255 f18fc62c031a4f811f3f1f0fdcbfd4580f55713ebbe6dc3ee89fff46de804de303d09efc24a21873fb1d07097e83fb80db98854f688dca43ff2141c9017cb7a7cc63dc49238a41a044f3128cc43a4f773b54c19118026fad9b812c26d53f63678353dc92410eb0128ec07489c28f4044a6c377c006eff07021f8589c6f13e44c36207a8b1902b38e0693c04980fea7653047b3bf340ea0845de5d1fdcd06cb535b81f0717bc8e1e8b0f88b47bfecddd06cf5bcdd67a35b80e7fd8e550ddf675311f1117add1cb1f212eacebebe732cd3253d81bbb90040f1b8ffc07b9eefda8f3fd7324525893dea9fd35be69fb173e08e10145dc700c7a3bb6fd033591887
1787432057.078958 sweep:Generic OOK 4.8k RSSI spike: -35.5
  -> 255 570178f0f9c2fed60d5a75e4009eb0b27609204cc1843cd8c26f1006fb3bf9809a2bfa10e921f3dbdbb2d2d3840160378b8dae481b2c4012326780419d6608278ef74c82600de577ef1ae0fda64ee9bc3d8deb00b4fd1c2433ee3cbc866b2e87d887bc7f8d8373a01643d3f96811afc853c0c7b2bbcf42dc08e44018b7a4c0bfbe4c9bb26cdfd182e5c23ef2f25f907c2853de2f7ffb418a3f3273f691070c87e05cbe1ffd647cbdbccc300bbe104f0cdd93e0441fe35ae1808a05fd6760fc7910724e658f7d72631df4fbc2f0e3e218fac21a044efeb4331c81d841f804bc36821d8099c9d85bde13076fc1fdfe87bdffcedd6fa15c7a15f009dff7dd3857
1787432057.0791948 sweep:Generic OOK 4.8k RSSI spike: -35.0
  -> 255 ec4c0f071c34978bdf05edd2180b547d81e916381df019d3505eeafc2538e185b5a3198dc9a25cad86f1d7e3e5714cf814032c105ea68f46136df803e74e00f12dee556078c63be36d4e3b7dbe7f5e1310e309bee08bbf77239749b761c1811faefeed080e757a0eefdd02a2e0fbdfe2aa39cc576c4fd38985e900afb30307afb8822e6100d13d2db1dc3634f3f81a273f01cb98491c3f6b9e1951f44eefb2e61db7935ce900d387f63ba60783412ef710fab1040e8f0ce8f3313d3d15710cc650fdfa2fff3009ac0117d2dd7d94c1c7d00050db5ca630633c0a1479cbec100e7f110d3f1223c80ef12f8b25dbc1933f895f7bc5b0742869a69c2452cd6681
1787432057.0794492 sweep:Generic OOK 4.8k RSSI spike: -35.0
  -> 255 810f633f486031cb09fe32086a1e6d01991b073da03bac6891afad0891ada60172cf01016ec02610e4a3bd3be80aafcd016c3dcb9c88b6002533cec84147f1e67eb7ba2a9418d597937b5e07ed84e34d3e638907e06df9b0c64109b83b8479c56ab160d2819147dd43e837bc817c0f03911b06384a7892c6715e5c05afa62e123a65d7b230680135f6356bd960c91606c58a2a34b537a1937609e13f4f04397042091b238e7d292135ec2fa3f1f540b12ce4ca88637083d344b872362f3bdd06843fc59715a394901f3877073c56f3569ffb3b0de39aec48020d3844603c319cc70cf7ce1232116ef31c36ffc0ee98c4270b0d5398a40ecb20ebc4fe640b8d
1787432057.079672 sweep:Generic OOK 4.8k RSSI spike: -35.0
  -> 255 f4ec000060046f45f9123bfb1122158208ae0f8d3fee298b22ef96be82e26cb273e0c90d2ae3719d9e79c8b9b29de1523e389d75ee2d05ecef86f9c364e5ef3855f8e665fdbd6f0e361f8c603a440eec13d35fefb67f7611ecc9cfe0c139ed8802ac3e7250c3f3b1f84a7ae1691728e010eb552ae67dd79ef20901b006b334917c3e7ab81ccdffd9adfcc38ff18834a9e8f0437939a9924fad1c6bed01c04fcf1cb648a4be419f3e77f2fef213252f7f4a2c00fb564031e680a419610237646a0b9c3f4ff24544fe318c48c0cfc0edd182fad1327171cd62fa6420f63eab39b1f4aedf6a9dfd60304d7c240705c717bc050f92f1ec621be0c1b45a0700e697
1787432057.079903 sweep:Generic OOK 4.8k RSSI spike: -35.5
  -> 255 0fffb27b35dafc3fdb26b03e469dc1e039ff6acc0e1de0bb2ac0fc1f1f7f1c52e5fd1dbb891b3d3e406da4ef03b949102ee19c24ec0670b3f141a8359815029a32748aaa08f9ef7db5f9dac71bc6c9ed613b30ec99c87d2383af6f17bdfb7c04fe6c27dfcf0c90309f7cfff6d1f832c0f19aea813e78a1f7f1480783f8e84e7abce210f04f36249d2200f8f9afa0444c690c0cd3e5a717d3f98c9fefe65382af3fec2b14e142df4a707323d7beeccdf47e0351e2b0ed6206fddd0fc4d927fd2f88f3dc06287f62c91001beddbc2b8b7d399000c2f3e8fdfb0c2efbb13dda7e0082fece87ec78232409cf83f0f88fffa40791fd1fecfdc906595e969c79a0cb
1787432057.08017 sweep:Generic OOK 4.8k RSSI spike: -35.5
  -> 255 60561fc4d98fff707b990643b18f936cfb011b0d03f035fa5ac100fcef107fd814bdde1804a8e0a03995e854381607246f2b12d029a65db8441c25c5c17636f1a263af9c7cc5bc7dba2635c10133e4fbd1736649925cdb3a601509660dbd668e1910d8ca1597c360bb057c2bcc184eef0430393f814c6e2dd6763714ce06795ebf0d87c93274b17e78c57cfd2f53a8a2c8e0af483ba1659314405f97c18056487920cd3767ef995ff878538fed58d410c0317d1d311c19fb0bf3509f8b8805121bdadf57f75e4e52a95929d3d86bb9e74fbf57d25bf075fd7eac92fee1cf9afecc9307aabfeef8466efc7e477a95f39d7cfdf4783af2fe8997b632206dd61b
1787432057.080408 sweep:Generic OOK 4.8k RSSI spike: -35.5
  -> 255 ff9d4006bdbac1967d9f6e7d282c471203895ff7e86ef91823b0e58413a7d0271e09d69c273640f4e18e8fd28c1905f069a9da0e91c413f8439b6c5d0f5d7892388f5746479d7ec2cd258f326b7f82a8c1f24bb483094ba8c731b871ebfc234d6b8ed8adc93c03bc67e6eb5d200187c47d9004dd17e0f68d51f1fff620da98c9cdcf73c648cbdcd25f2e02d30e7bd0c1636b8b13f2343b349e47a05e5cc2fe820088eb8051bc5efb428bbc6635f0df600fe9651839ca6f42629f0400d8b3b7a08fdfc661ea65db61aeb8cc1d363dc9c8ce0f782ab01bd19f2474ef39c7625f0a3f676d581fde7bd03277217f1ff7cb5dd2b2883c1ba7bd547300bc1b89efeb
1787432057.0806358 sweep:Generic OOK 4.8k RSSI spike: -35.5
  -> 255 f383a74607dd0167f75ebca883f8f37fb7794a1544fb3946ac05aafc0ab60ff39ce7cbf407ec3ba321ecadb91dce1cbc6b40cbb4f5ced7f684f311674e63a60b9ac51bd9230173993c78d0dc7e81cb8d925d47fe0361cae67881ac007b4df46f2af2a1b774c72ee1a6a2137b6cb007d1befb0cd2eec6b385e202740a581fe0aea3cc5cfd2afca33324bf9880d9b9f4901ffcec825009a30c338d4cdbcc21fde8d82989495f529165f3e9ea2ef0a95ba456dcc2fddd04383ef56e02eb13034877012a229d7c71cc7a390fddd8c7f9ed2d9b4ffef9f7ce2198273678cbdb8b758e8dbd043b0e7043b26397df4d95399385c2d47fc5f7e68be70202573856cb62
1787432057.080866 sweep:Generic OOK 4.8k RSSI spike: -36.0
  -> 255 c984bcf59fef1b97c39ff62e2fc607719fc3e91bc71460520e4668d3f5971403cf13f609bc7c00ed04531cda678bbbe48b14340718cf1deb2c4e66986fe5de06f72a18623f91031ec1c3be06fb98c150ba6450215234359e63f09e1da76b8d0a2b3c3e4703dd60fc50c60c3a381e6f059353e186a9c67cf6b30f80e1443e43f61cb81b57f00f0e164bbce4fcbde87f0437edf265eb906a27a1fbe43001cf52fd3aefc463f7aa1a3f5e24e066bd14b0b902be1081bddce9ccb9e90c5657efc8f0a55764002d02ed9bc725fd8409f7b3fd0f163ae1eba1864a76838117bb179a7dd038863ea07fe79ae1f1cf8d507ef709b833f7a0fe7c15a6ee011f3b0fbe01
1787432057.081103 sweep:Generic OOK 4.8k RSSI spike: -36.0
  -> 255 86821f6d765ac1d0423e8395d97e60d329801c8ec0af085e3c47be1d82073ff8dd4162d2013e0a512c2cd42031c41dc7fb17ab7a83b653d3b7ad34c0ac0ccf51088137a11e8424e545a5a2f820727ff1be38dcf4d91fee33b57788e961efe278f952bf39f15d457f1348856f214d98120233cae3cd33aaf98397f185208477699bdb70fb04e0888f84666263b98940e0389a7370e276f920550bcee0766fe68bf801ce259f66adff86a6456537c1cc13b56ee38d818f07b04a177720df0a9078cec90df1095cf350080dc0c401b99b0a8a3798f9cfece3869ff1c2a5c82077f781c46b9171b06237ee23a09c54a181a32f93fa323fc4464fa2172013be34c7
1787432057.081336 sweep:Generic OOK 4.8k RSSI spike: -36.0
  -> 255 1f3d75f3679efdd5a1aef850b23c10ffe7b7fa0a09088862fb4cf29d7677d79a80f901058c70ffd6f678fd2652e4c3822499667c27131d2782006a9ae3d7704f4f1d2f7fc5c0ec38349c0034ac44ea61b3f97e997ffc15fc8eeb08e64be035a13708938b60bc779b823486dd6319fe64ac3f32bd21bddb3837f46b1650259f03a9a078037acdfbfc2d6f9f222cc2e3b4083580766421074487983774b312a55f4a0ff0ef846fd9c03f3f1c5dec738010cacfff919f1eb3f16361a6038eb641b18790b7c351ed0bfc2040fdf6f3c2fb9f8c2a9cd7b82d453843bc977985fdf28017887dc95b898fc3f9e584a1bce6e7c61267e890981db984befd4c179ff674
1787432057.081563 sweep:Generic OOK 4.8k RSSI spike: -36.5
  -> 255 ec7e73e6b8cff87bbfe197a0f30ceab4e17c30fd83c7ac4048c75b5518b9a7879d1a3fecd78885e26279cc805d8ba79e209b50ff88fe738ac17c8808e4362894728f0274f95388af8fc66879d865154319bdf4db19f0b1e123aa707a58f7cb69801f1b07f707e44b4d46508dc83997b8a064de628f415040efcd54c101a2f887fea7e2cd5404242ecdefc5ef0e09bc3722e7ef28c0b9673d7c8786263deb71a458ec8dbdbc00efc12a6433d801b96fc66421ff4d0c78e65a27070d74ac4c0e23dc372e6049541c013c58dcc23fb74088dbecaf90f06e12fe126c330bb8265f0cb7dc72cfb5f17b7ee905a6232eb0677717f346c18b74fe77606fbec1fe38da
1787432057.081784 sweep:Generic OOK 4.8k RSSI spike: -36.5
  -> 255 43d0d30e9dfe7b8bbefe392e47871a35fc100c03811c71d2fa3fc0187615b999c73d43fcc704721438613dc23fb393d31db9cabb35fe2a55c5de028587bf9e7c7c79b07c50cae56de9273f8208036db1e73f330b978bfb0719b50f4ef9d66ac8930281fb28c5cd9a7f483ffc4789238d441bdea689f9b242048879f51bc7bb9fc3f2e3fefb5c4aa1cb8803fc377de71cdf73e6060aa2d511c3818a000726242d8f3d1abd70b179861096d9d89aca62a23a7afb6563efe835be18c20679dc96591a76ba8ce636c3925043daf7f1818fe424462c421a66a77be5f1887ee4dff81e53ce1cfa966f8ccb441fbf99860683922a6f113cfdeafefc516b6009cedb3a
1787432057.0820549 sweep:Generic OOK 4.8k RSSI spike: -36.5
  -> 255 8d70a465f72455e18e6e168dad4d801df3c85361c8b4e8050c1aeb1d09a3ff66a4708c63a038ff235fdb3f3e766f5c817589d3bd1bdd3c06381d8f81444fe71efaf0f9de82f57c6f8bfc2267bf36089e4e9466c94bb8e770e8f1a6739cdc4c5f100c13976318f39b18c0a7fea7f6a40bef18c71b7999a02b9effe681ceaa7c30444194691de39cb08241b84079cf9cdf8f1d110860cd4135ca33f86edbc46f377fd099d79dc7377c73f7fe603f904409027a78cf649b937eb409e73ef986dbf319e7d2c2dce18350b4feef8cc71c989d1cefc07e1803dbf88852afe874609388bfe302436e3e371fb5be16175ac93dc261177063dc2f80a4782c9dfffe88df
1787432057.08229 sweep:Generic OOK 4.8k RSSI spike: -36.0
  -> 255 c9b6ba5dd73d81e1b2b8fa660e438cd0e8e4d783be7d8e2cc1f04150d12d91ac22d88249407d73fef6c380198c5fec3ef9e9c17000ee59725c8b7d00101481e97a298ff4edfa3cc85703c1d95d6297891f366bd67bb840c098f7047a9630cafc577d8cecbc1e80409abeb1eb839a9bef87e0878718c437a3401f4e2101efe3ee025ccdbae1f712447fce28baac0ee4486a893f739f9cd8196d0f0f54ee7cc3875f5af525044f3f30ff6913e8cb00555fb00fdcec73587b402f5c30b0711a8fdd99b66cabeeeec9e5310fe705cfc7a7a3babb7615c03fd8d8796a95fb04a6979ff4595455f80dee46f8049f89e6f952e0d86623dc1711a2a1ffddf92d7e6f9c
1787432057.0825028 sweep:Generic OOK 4.8k RSSI spike: -36.0
  -> 255 4c4418129837dd7d373e30f163d2a067f6276c907007d4f0b0e361b50fb61e60645d19600c37c2657df8391f87c9d0e303a080bbf0ca8ff73c3c1071c7d8e501682bae3ffca24c77f94d2c141e3cc8a06205586592084378159ed8f0c10e40ba9716c53f8dde73d132d1c7b3ef48c23236866036fa48ebac6316133f5ac011973220e70fcc42824901f30b64f3addfdc9006bdb6071b00a8c170403a1cf386653d81874a97b7efab1875ce1acfe81f92fbce5094eb6cca19bbc25f64125d33fb22b8620725f78b9a3a360d13921075fba6c24a03ab45ebb4c4d4265e0af0908e03bc505b59ce7f37eb42067366a149f6f75f5490fce5fec38186bedc01a368
1787432057.082721 sweep:Generic OOK 4.8k RSSI spike: -36.0
  -> 255 cc7ba4ef57ed44f62ac85100fbfe67c3fa1c7bbb73d0db158e73dba01d8f481d716819a921efa1ca0365f4e9d611f6a4c6305363409bb8a66c7e6111b13e5b1e86f09158bd504e13dbee04429a35bbc97545eb0e71f8de45fd4402733be081a7f60f6167c86d1139f868173bfeb3c01cbf260231432fa7e1f052cfaac205d802774f74011941f0f94202dee98bbe9c21d8b677140efdd6f18044944c8cd6dfed79fd422c063f667f53eac5db8ec67bf888b858d1c49a097f0da023bbbc8e3ef8e12c4428705cf2fe1f7d3033f2f5c25004da9c85af633948a878f50c8f5e47ba17608cbfe45b0d947a6599c6c8c2442421ef0dbcb8ebc4527c248464637699
1787432057.082952 sweep:Generic OOK 4.8k RSSI spike: -36.5
  -> 255 ee12171aa43b2756859f8e8fc4b0e8bfed1d0737089b0f01433670ff6741cff339bf1bedf87fd063e46edbe1ac0119bdef77efc2cae7c55183829f69efe52c1d9b266f23007afa03e9026dfccccc4c276e1f0930b0d8205c3c398267081f27afb13e5c29c1357f4ef4d9e66cf31ce67a379414ecc2838350b7e15c6fd49ba6da349f122103caec374720177047e25221145f1f0679ede59cf7100c41dc44a23314fa1b2c3a0bea72c43ac4bb8bc187c00a511091c5f7a0054d9de675a8b23d41d9f7f32d98fc70db8c83b689ef3788c37621bbf82141801eba8f705f64e871c43ec5b63317f02b0f54a077852043b81328f374da216a7f11099cf761baeebe
1787432057.083189 sweep:Generic OOK 4.8k RSSI spike: -36.5
  -> 255 9f6b4d06e3201c12271e0082c8ff6942791f5718c3f7983403c48fd0272bba478aae3d76004feec28d027d1c44934446843e0128198e0b40ccb150d3f2900b1f8606d7e7fdd837398fcb05a09750c3c1c9e263d9839eda72a787f81e8dbdfa4473dd69e1f609faafe36172ac0045798f386937bf1e7bdfb5f8f70e1167718f2ff7050a53b5aeea0a04d6ffa614c66f17b9bd8a4604c3cd08c88a6df396b9f4ae0396b1bff9bc76de07607ae03388fec4aebcf5ea3bf12c49169317cfc6769b1a817fb70ebfb7d02cfc0cdad7308af1f9f6ce2e3bea3f600055d2007dba471eecfa3fc2a8430f63d9fe0ca4cd6ec41f717c7bd90b11e80948e61389e464c3ac
1787432057.0833979 sweep:Generic OOK 4.8k RSSI spike: -36.5
  -> 255 b3ce04fec6e5cc2087e1fd21abc0c749739e7945f7be398cff873578f4cee7dc6c326060076583407c4f1c33bd2199df9dbe098d21cb41a4d17ec4e3e60210f7f08fec6664662e4fd2d65d5a6b5b1e9269ffeb3f1cfa96e990a5d5247adf5adbc3028d087bb3a0f00c4b713dc88eced587d886da4c6221f3b44ccc73d174d4e88224ecbcbcf120675eeb95806cb9050dd7335f25b12065c37ecef6f45d27e3850700237d390703f79f1873ad18938570e1b2864f7ae1ea0106ff5057eee94759430e3a65da61f3dc12fe1879822b3f9964d7892b7c20c1d587ef09f4ac3e3fd51d2b278a8d8765a813958039b014f8a178273714788f0ea8b6ee3a0e1b9ce1
1787432057.083617 sweep:Generic OOK 4.8k RSSI spike: -36.5
  -> 255 d68ff9ca839f7404ffb1c1f6c1357907f3020498bc31e9b5ee27c46e3ce40d78b661d94171ef3227e2078af5c0979093fc565ef016ff9fdeff4f0c7cf26f9d2ef5c6246da0fde3073947d8df4fc4dda8667fd77a41f7903d3f5e3e9b67d5d11176127d99ab4ea7981dbd489e087cd92acf5c05d1bfbf201d03e67f3a4dc38989334fb281d0383d656c8b7ac53f866898c14b46472bf17b97bc57063360de0bf5893ac3f3fc0840b8b5573d118053f3e51914d161bd4478f04475238d7c5f0bc03dda03c9c6760e80dfbe7007b4568fdef99070373ceba74cdba75e7522829dd7c3cb56ccce9db843bc82c01a0ff9fdc63dd8f859c3c1df38cc1f8339917520
1787432057.0838232 sweep:Generic OOK 4.8k RSSI spike: -37.0
  -> 255 d81c84a0588674188d009f09d31085073d1837ded229003a76e76616f8175158de4fe17b5c802f13ad0ef83fa5e106ef1695e7b025e656585ae87156f220bde97d7d50dc011ec1fff7c061c0506e504463da798dff569c063b3cefc7ff86efebca8e21bf3fbf94a80ee98043f5e53f1fbab105daeea17532c400b7e741fa01ec6ffba9ec1cca703be4128f19798fbb3152f1eec91678ff9cb072758cf11efedfa3ba2e6636d63e4582f377e3fea0ae42e52440f09dfb9e49b7267a922a058c8f617310135dd1233a73384fc7e804eff61e263db23b932f46ff9c0144071c16087f28400f0e9a7e4da729f7128f9d340cc86029ce41b35c68451f99770cbc0c
1787432057.08405 sweep:Generic OOK 4.8k RSSI spike: -37.0
  -> 255 459f65c65e0b2194b47c00f81da3b7f632d7800325ef17187d407e310d29f0e6a22fe44d9100b7e806ec49314c1d394e16867f737df12c1cabc2ac03e580c9438be0081887f97cc3d5962ffb3e800470ccb76fa41394bfba00f834ee0d28118eb7024f1fba1e5df0783a3b044369fc7e8b940cbd878877157704011253c6d73f2038e18840804901b09dd88481fcfce22fc41b4257cb01803be06e9cd063fbee5be3f4e380fafa565d085ce3538b3921dfa0d87b5a3a7f624b6f97d721803d82f00be5884c3480683d0082e53b80ac420439bf6882da7b9e3e5df0b6f0b57aa99b97f438308fc67fa1aa5f665101de93ab32a80cd5f878077da78bfdbc132d
1787432057.084275 sweep:Generic OOK 4.8k RSSI spike: -37.0
  -> 255 417a8cfabc4223b9fae0075e713dcd16019c775076315e251988e4302ce152605b039b91f4b3c7fe0f377785cffe69524144aac7bb604bd7de8b7ffc9fa2d10c41b077e28425a0c8980061912ff24946fa2810d0d5458efffe7363284759e7edfd587321b72886064fb8cc17fea399757319867163f04db0764fcc05b0189dea1ac230038a1d39f90c70761ff116c1726253d4e207283666f1799ae701bf9e5161b5ead3f1b4c8981fe09fbe38c1a65c363826fb86872f7e135de3b1fea8711d763c3bea3918c8b388db811ce712a6c67c8013f0ffdf086740f255880f1680b8df3382868367f002638765f7a0ee582faf80e69f89f13bd85a58c2ebd645bf
1787432057.0844889 sweep:Generic OOK 4.8k RSSI spike: -37.0
  -> 255 e488f01da1878decec67c05508fbdeca0b72b9f4d08a4602f1ccd9e97c735ea3667e8b5ad88931371891a3c864597f13751af8e60d460fa1345bb9e35f98309efef0ffec3e37a06bdaa6bdf6637a761a168304de87ccefcd7985b6d7ff707f734261f0d820ab77dedecdf647ea1f39183460082ecf1b1ef9cbc91c277880828c08612e20a3e3a74938d703deea8f661f78260e15c53f82587073efbc4105641319fe85f3fe4b7ee7690e76bdc0d8abe188e6268c6e622156a1ddcbe0089f190b61e834c6863143c83ec8c9e8c08263f3ea7a32a33664bf5ec09ee38b2ea0ef3c777005798394b886fb75f54341100b66cc06fb57cbc05bd61e9481f470d59e
1787432057.084693 sweep:Generic OOK 4.8k RSSI spike: -37.5
  -> 255 0c1ec3f0206d14634f71e7f8991dee7ae107df026e81249befd815fdf6372d8fc54f0367743a21f94cdcc809beac4d526716a8b6ddcab84041486581d854b1cfb87f6412d8e33a7c2c724af970188e61217e86f0d275a29eaa99e21c3ac0fbe1d17cc13ee6dcba1e45ddaafe98f018902d58a0879ac16239428a7e548fa7cc09e70cb35d3c9e461dcc43a03ccd41e792e03fbcdb886f69304c2c037bfc55ef419d0e88cf04a1b0bd3deb9fbd563a1872e21ebe22785c64d0f61fe1c3c60ae099974b041b6ddfb451f96ee3ef77f03c7677321c19f7a6fb1092fbe158341f729ffc17951f12ebf44eda1cf33e3e9f6a3cde688f011f92ff88426508784a41cb
1787432057.0849102 sweep:Generic OOK 4.8k RSSI spike: -37.5
  -> 255 5f5be63e0b31b0df2f1758fdac1e069a5f13bb4ac5e7ce3621209e7b0025deeda507d14383900c1a088cf605e3000385ed1ed6e05c0b23df1d10da20b9b202013739cd1d90be12803d1ab0332f2dbda0317d83771ef37b076e070e37d70001dbb8f5f58f3f95d8e599fc2dacdcc5c9e306c9deff1ae5b6dded3c6308e87c07c4a7f9f2838c47d90605178298d7fdf80e2fe46b901f5b792315263d2dde10642c26f0ed17378e6a24c740bb90a0afba10739b4c8df727c1f5ac5a6f1986465c6c3c29f90bc1a0e38a4dc1286200413731d7697bad3fa103dcdb4cd25ecaeed370c63b80278229fcbf3b40c34b023279ba48081b17b05a7fd84ce607e029fae1
1787432057.085164 sweep:Generic OOK 4.8k RSSI spike: -37.5
  -> 255 f3ca45e8525663f734f57734637fe87deae3783e38863932a670e59768b3c9632203d8871ec0272477afbe2428190f5c4456ba20062560cd9a210a17d41ee941911122fd4a6e65012ee3df46783664e9370ff83c43a7dd9940f85231f7dca99bcf678a85305f37a110e9dc5cb35af9245c2e01e2c426c41c395c03305bf28fc379ef00f1a9d9978858636583b6c561ab875df53d67be87ccff3c18f4dc69cdff98022aec17f8d3300e1c3a12fd0c439b5ffa5dac9007c225610192fe77022239b807904f37f04bff9a496fbc30e0728f79ffe488dd4794af925fb6e24371fb84a1fc9e71fdf1a28502af617101026599b96d9e7063d9054a1804e1793a6dbe
1787432057.08538 sweep:Generic OOK 4.8k RSSI spike: -37.0
  -> 255 99366989a440fdfb742d8268a265ff4f4dc1a5ed16dd98fea31f86ae25c443d9fa008d9ce63d2b2e4b6364f77640ee069a1d3d74ad228de9c8d78156738be43db939fa33da9790ba1f468cae0097df76842a1b9c5e6e636ee3dfb3d00cf2f66ec78b81c555fc43d380c0253e5cbf7c3f9a1cc9520145bece7eca427baf72c25a9d762e37f9c8a76686317501035902ebb2e3f0e72ff7c80b565b448c2116225a3076345c2ac6fd5d7ac9908e514267f38779e0862fffbf3db93a7e02fa5b6bffe08f8a5b58fbafa6c55d46c287438c1f321d3ffcfbfec8ffad55f6267abd0ee1879afa7c3dc58fed7300b6ef35b6af902ef61fc7cf8747086e02cc03910c09
1787432057.085599 sweep:Generic OOK 4.8k RSSI spike: -37.0
  -> 255 1c1c53775308e222c008e9909730e23d397050243b147fcef970cc6e7d197e00979230a1830ac5a391880a7b31005ee07dd203dd7fd393a3176b461005ec7d9fbde560419ede89340306374e7f295d23b6180bd82a0d08db37c0e5f00f20bb0d2031458bf3b6edc0fde98aaee5341bf3283193ebf8e4cc8ee1cd86ffcf8831bfe988d005cdce8d9fc7ba2dc2331ad529f132846909e933e5f8b9c507673503b6c3d363b82ef2ea79b70068deb3b254bbb1a53bf1235ee0860c4830a17cc7fc2ea09ea360cc3d8db8ee43c13d0860ce0c911f700728f1a640ffbc4243bb481c339c68491c34bfeaf30b3a8f83d96bdeb41dbe04b0e21f8ecf1fe6fe284f7c1d
1787432057.085805 sweep:Generic OOK 4.8k RSSI spike: -37.0
  -> 255 7c13ee44a6cdffff33d4e8c48667e9c8df682ee7c0c730c171cf79e707fb3cc232df0e8921ef2150de3dbea8eb8d9fee963478bd06c5ae1fbdf6003e89a1fb86e4188c18bf712a07c1fd142450fe4a08ebf8e3b1f60611ef0618cb81bf9046fc15047fe83ecee69931b27057d878cf5d1fe4127b0ef007670609c63c6a392f7f3c088682245e3ac3d67844970c39fc83be0b67e24847276e0927a3d05cd800245b3a773e7eb9968e4251adbe4f2cc4d9cb18c3c10342f1a65b31cfc01c0de96cf1a8ce349f019d4e246ffa4e4c508b0980b6114ae7fba13e69e1a59f008e8849892271ae2081f14ce23c5f547b967bb1fd219e1c3e78f4e937772c404c76ad
1787432057.086056 sweep:Generic OOK 4.8k RSSI spike: -37.5
  -> 255 af081d5900873f046481eec39d85ced82ef93a056a627dc5fb4ff38004a160b985914845d1b19d43325e38b04582757058f2ea869c3fc5f8df65cd8effb23f4da1bf28733f921a58485aa3c7107384e7143bb3262404c28800c0c4c361aaa9e720028eae31ef220e3f18c71e45da6319ac6078e3ecdb98ef2efe7910ff0e64cf0dcff8ad7d01fe00e166ec5f7beefdb91ef82ce1536164ed2c467d3774dfbb621fe28f8c37e97b2fe3cefd1f070d168ebfffcd0277c8acb608219e1b692a0b7fe00539b2c7c55b8bbf7519a3aa38b4127ea117e8827323519858600aaa20880c673cf606436782f8bf9e12b37d3e134e7b954f0828748bcfcf74a6a42ba539
1787432057.086257 sweep:Generic OOK 4.8k RSSI spike: -37.5
  -> 255 e07395a6d649890de1a2fe98ff6c7e340dbb1b7f68dc7f69abbfcc270307fd0c2623be1d77241542f90905785efb98b010ee5e7fa7df16b9468f50c7690e3aa87f68872e88de596c404d944d67f187ca8e4edb04c1e15933f00be5618520c477cf41f9b8e65d90a7fed8ec81e7bf52b3d1d1dfece23bffbdad3ca99fc5f05dbfea77bec8c1a8256ee1bc17998582f684e07ff11f9c977422ebf7061e4d7cece5fbf162f1f6c11813db3675c87e79ad84600965490921fe8ede2727ceee0a0f2264279ae60f2f1590e5d5c61663711e0bf1db3e0629f6acd00280731a646822d631653ac5ed234f2943cf8583e0a140d003058000220e64102e40357a4e50de
1787432057.086473 sweep:Generic OOK 4.8k RSSI spike: -37.5
  -> 255 17c6311b4353496452eebdfbd3d50e3222227fc0167c10346dcf2693269e7baf285fcd9001153a7f857bf88d6785fff86bc2b030bfec7cecc3144cebf0b6b4ee7f81673e7f1fa3fad322fe3392f3c2e58a1f92172b9d0100f03ff7dbab8e3f10cf61da1e5e6767b582f58c166d261f505f8a107817dd219c68400effc4bf173aedbcf778d62e4eb7f805f297713005ae0b222a4c139dc1fcbd653583cfb27b963dfd877e0fda37f529ce0c792e16863228c6371b1822bffc06f0ee191ce6e3d6975da1f85705f3bd47b6c560985ed8abc34830f74dc9667979ebca8d8a0eded068cb600fb93565faa7c7ae931780dcfd81f81026001c7d3d799e2a0db55143
1787432057.086678 sweep:Generic OOK 4.8k RSSI spike: -37.5
  -> 255 37f43c3437cf07f983267cff7e0300031751ceeeac47842889cdcf8832d7bd27efe2d5b39eee2dfc58fb3ee0dff48c343837f7b5b85f289cc9fa3c6feb1e71e9df7ecf4ecf865388e60dde12144dd09278283594c021e35eab8b9efffc840af8bb81b533fc7e19beb5efe3de32c11cfed68ba177e29e87de0d421c37feb33e0fdf923ee2e24d59c484db76b997cdff51d0493b4e809affac424bb38ac8870033a9cb2a4acbf4c3d27e0d8d4fb141d78bf6c297cf13dbf07a34fe6defba74a441995eb9a91fcab5a88b6b38f4fc0cf65da3e5347fd17f6f69efba289801bd509cb5887d9c56038f98fde37e86cb8605a6b0e6a3cc9f4bec8521a8b458a5ed22
1787432057.086887 sweep:Generic OOK 4.8k RSSI spike: -38.0
  -> 255 9e7f1bdbf8469fdb8739dd565683f983301c36c236dbf80a2cb89382c64d1f5a67d1598c69737e04ad1004f8546fe6fbf2e6470da7007b0f5ccee88756ff8e260ee2a1fc7cd360c0e5db2b68b0550d462f09fe58abc4714578195cf7881bbc48631e7177cedd75aec372c32f0e374291988e30eee77c7d92f1e4653abc509bd1c77ef069fbb1e2bcc45c6794dc19c8850eee9c237714f73087809533dfad283b530ed2175d1a8c19e1f2f0e57d3c81a02f5668ec4ae7dcec2cf1875ad81eb931180e29bac413a7f14180116b8118a4671b850e2253f60193a61942f7de0410e2e1ef84fc17b718c0fe479ec1dfc41b5ca7ebb572b868d9ef36f07ff2513188
1787432057.087164 sweep:Generic OOK 4.8k RSSI spike: -38.0
  -> 255 e744e897be3db285241e0e559cf83bb1c7eb44da43a3a54f3801c6dcc007a2204958c6a2bef8f8f3c57d311fae773ff3219af009813ae38e8ffe00b20022db466d38e8bb8342ee31a06dd33e4f18b4070b18c7e4275ec30bcea63003ea2f3c7f99770551477af10135687f3dd73ac3b34cc641684c4084b8c7dda9979b3918dabe16730ed162eb73ac5520ef1b7c3900e045890057d6700a48fac5d7e897946dc219340c546615852dee7dbc8e57b1ce79fb8896f43311ea220e2afb5050243ced8c9dc05fcde77bfdc773da3ef40e0e9be9de0b18b5f6da8b7422f0cb8bdc582e690bab00c00bf1b9b52fa629e3c84c2821c7ca5a823ef3f70799a28b1ffe
1787432057.087363 sweep:Generic OOK 4.8k RSSI spike: -38.0
  -> 255 3628573f075b95e287f5c7f685b30fb81b58f4220c968ed95effb6b2e7726ae46287231cc8fcbfe3807e5b26dce3b898dd85161ef3c63073c23e0425b00d0d0b8eb156862e2ee7ff9817c26bb711f8a668ffc25f567150407cb0cca18e2d1f87d51400021e31613864035a6f80856bfd57f973a847fe40fed386c47fd0411e37f9aa6c03c4aebd7cbdafb40521e4e30cee35cc102ceba1044039c286d15e4f9e96607c7b8300c38400d1fafe5325caf0a6b67a819d05722010f62e45b8eeac78d7ecb274dd900cea5fb02db852f97d8dfe700e415c4cba3040324fd187ea6c704f7a555b323d07cae5ef9e5b5a8dc242e500d963c4d93d3b39a724fe63a4f2
1787432057.087588 sweep:Generic OOK 4.8k RSSI spike: -38.0
  -> 255 45c82ab2b9325c738197d7e7fb9598cb96e4eccff100cf8fc161661289559c8726dcb10812c97f0709a0a600531aefc3232670f2ae709c1101098b191ffbfcfc6ed8e780aa0cc3b8651ddf141819635bdca2b3f6f9663ffc8713b6f4303bd2ede923bb5ff38693986370d62f9884b0246315901b60909ff342e027025cebfd3a50a7d2302c1e0109fcff8075a0f9c3b45aa77fbc12e033b2bffff9adc977f8d61cd7086259077e3d1fae0327ee3294dda470fc82b43e04c4625c31f0912220634ef941fb85842721b96c50a7e1c6379814f475417b8889f3cc0fd0c7fab9380cdc0bf0f9b183131a0f657cbdda8572a881aebf68bfb1317f122f01f619ec4d
1787432057.087808 sweep:Generic OOK 4.8k RSSI spike: -38.0
  -> 255 f919333f83eb4863af0fbfe3da083790bdefdc7b641a479db43e8751f01b7c318e23687c069017b7f6d1d216f0dc746ad9d683d91c25dda4ec769fbff8dcfe3ff6e7de82f240279ec25fec24d8ea8516cff35f9e0fa9357207713e4ff7db0f8df2824dffbf2a84895a21a003c51c5611d0aca3691607e7998aeb61d15c3eceaf371bbed7c8199aabad97fa59f4e44ef7cf3275fc0e059114d49ffdc423fd0aa438862c3c8be1c5e035c97b63ff64020e8c0173407802f617ca33f729b1de7207447a7e20968708bc5889c7f07e3e387631bc36c181c85c5810005a8164013d09080c3c819efee2675788cfb37c2ae509de21e9e784aeb3ca46f36bf23e5bde
1787432057.088052 sweep:Generic OOK 4.8k RSSI spike: -38.5
  -> 255 04f08b7ac20c17f705f48ac0204343bbaddf08666e189b004710c2d20e1c1c1f154205d891025baf7d9eafff303ecc3c3674b3f722f33a526437e43e023c634021ec789bf8685b081578a1b4ccb7042f7b4f42cd5d135262be121bdc3b63b63ccfd06c3036d4f4e370458cf6483e01c433d0ae28ed1dc4afa38b380fef683334a30dfcfbf3b7f0c892ba8eab886848418aad3f7bbd2b480e1a0efcf04441c257d62473c7d0c7f98dcb49044f221f81597fc1cc99002074ff8832396e1a83e1047c5dd7271f897c2a731cc3b08018bc9fb7ae2a37cff7df44f8e408828f9438f5eb3bf4e67e55ed289abbffa7e21bcc9e5e3ee2b8747c0821ad78ce8237a92b
1787432057.088258 sweep:Generic OOK 4.8k RSSI spike: -38.5
  -> 255 841164fbc5d8dcdbcfe0dac820b57e20c5ae74d6e1b1628f8be5068f31d3fac69cd9bf11bc00e2e8021c05e163eef1deeaebfcc19ce7bb73c73cfbbe9ac1f43f384a0706669d5ff946234107477e3641e714942fc31872c926d9fce48d7d3a74a08424b0080c5af3f5e2020711cc7d7e073f4209fc07dc938b3fa3748e7016e00f7070f4b11dfbb5e7f70fc2103be0f9e1c024c213e86f3bdcd1c225c41411de94b8071c78f5a1fa4f110c95a44637cfc6a8ccbfd8fd03e187aba63a439149d207d98da4020260c322e06df463cf43ec1dac4fd02701d0c51c085f89f3fa7738e081f7de7a24603abf9602b3290f3dc7c1a7d0407ff97e23c364b7ca28011d
1787432057.0884821 sweep:Generic OOK 4.8k RSSI spike: -38.5
  -> 255 e7bdfa7a864118dcfc17c43f8883f00cdcf67a27b66d6fe5da2eb54badb98a3dd7493df5c893c816968ecc2433540cd9004f220373dfe3e5bc400e3259111e44c7b2f3220d6fe078224ed3a36f67398afe1020ee7e1762bc9cff09ffc21baadbf02fb38f44700701c7cf4994dbbe20e8f2f3d397d7095fb0eefcc93eb03a151fd54800fc75f05f5bbed8bfee84a85ff810632b288879df570404371cd670a2bbc22573416a63e9b19fe601b6e5c3af7b8b320e4da77a05fe3b2d87f547ae194036cfd032ba9c0874f05ed7bd3189a4109e9f10a9b8687959d60dcdfe20cf4411fee07f34fc843b9758df00e08fae78ad26c72fb31247e2d9a71bdd08d278b8
1787432057.0888379 sweep:Generic OOK 4.8k RSSI spike: -39.0
  -> 255 7d3dcbd0b3dc457a5c70b8e99b73fa11f07c001f273a12550e1c14655802d89e1dff259e62c41758d7c5eb91571f5e40432fdb48ff065bf41938245f1066f6406870072e69b8b050504030193e58d2e59f0fe8ff2851bdca0f97eea8cff33c7c809e8931cc1e3879c23178c7cc41271899d9f9d68828dfa82c390c60f6733dc0877b8e005f3e236fb460c3223710a32fec1ed70cb3083348a164df402807c872906da08fef46b548fc3d2030e6e93fce5e3ce6440e6378cfea7cc395e5c1a0f886df2209007ab79b5a8a30fec3b309c058b0df6fac7be3f5ef43f10f97f10db3867af003658384241f3c3ccd1591be3f9819f220fa211a4920c3b598eb85e2
1787432057.089077 sweep:Generic OOK 4.8k RSSI spike: -39.0
  -> 255 33701554088fa3f7814e1eef6bcc29c05f1134529e9dc1cc23ffeff986ae5436180dbd7ce90e71a3990b05b2ad832fb897c560f5702ffc47b0ed112e9b689c1f61e379e3650e0d05e7cd4f8c6f455a3d5afc1601203f731bf23b048afe73394c1c9c8e8614967801ca47874507f79f4a65efc947f65306e5eb2e8b422df20b2118eb4395cf5ece5d49782e2d798088059113870e5a8182b4606084548243801a74042edb7869f7fa26766893fd9e47e128fc913611d7a340cc78f416b60208e73215cd98bed17bd82050ce18a028c00c60762f3d6e1befdbe587d70bc4b9e0bef882ec19138be30df07268f203e41483da102162e001dfde0239fd41ce6ae6
1787432057.089322 sweep:Generic OOK 4.8k RSSI spike: -39.0
  -> 255 fbbcc05872b62ae70c6ee480dfc4eb02276fc360cf50f34398586589b6fd89c74146cf0e4ba377cc6b50814cbfeace7279db7d7ec87d3db65d2694c7061e403b9018ec81a5145fd8fe6868be086d7cd808254950c20178207eccc6bb387621b20a5bf04ac323bbbbe92f9cdb7a92267fbc7c83bd69b40b4ec00f0f03a8b10a663f8217df9fc8b243e8f17e5feabf04161bffa7be764d67c000a9e405690ccdffd97169f35bbfe0dc7581e4b7bc4f1ed2089a224f2c77784dc3586fb06f355f489c8c9f36eb535e8c02743b5a4195c7a89ae7e4bfc798c2048019a9893b194bff531c333c4c708fd4143a59f804f7dd9b226ee89d0168f3289df971321fd8e4
1787432057.089566 sweep:Generic OOK 4.8k RSSI spike: -39.0
  -> 255 ff8e1462cae93f8db0c1cf25d734c3fd6f3e2187ca1a2c4e70098be1e0901ee01c7e64177a0e43b1573671e0555283799fc5f0b24f91c5033faf97f6139f318a77f6dc8f8c9de2ec963f0b13fa43878887971299aa40dd2cf11d0bcdcade3927e0f7c7f05120fbcc85de9a7464ba0cfe2472096e05b5f4f99e11da11931e84f3485ffac3a160ed938f671f94f43d0e30afef7c107e80ee47c161ce794edde135bf082ab9b6e520dabdb1bf689247faaf9317dc5342b37c6d96fedc9fbcdfd4c78c8706b94440a07e0edc895d7599d875b0020ef21710907f1e53bd6221b49e19275b8c66461ecff1f8a1e38bf8318e398cc51ff60a41034245ef2fd67a8f0b
1787432057.0897868 sweep:Generic OOK 4.8k RSSI spike: -39.5
  -> 255 e009d95077113f5d59ddbc05c0409d1f6458d5690c9436ea1481afa8510dd7688c8756f7f687ffcfedd3dc841d701d801efac8647e38fffdb04097e9ff0f5a387ee45abd7bc7346edc3d0609e77fae3f0418a65d9cf002e44f99340bc637ede539a7d941fc8299a1f4c080f9cb3dcf01ddd62f65fb8835ce89a85b5fb811fffdd548c8f7fc10d75e758a067e88601bdd80abb3bcfbcf8a0e067dec0b6de19fca7f1ed03a9ef3c0d67b21c74422c2de16ef1dcecfdc2d81887f6de854c200da1fb2e076ec3a7ecec9e8d3efc4484704d87bbc6eca289f0e3191f625afcd9de5fe9a73c22d201b7098071a31066e178fa7e78011ce4fd743f036df12018e3e83
1787432057.09007 sweep:Generic OOK 4.8k RSSI spike: -39.5
  -> 255 31d9c7e15bcd97e74c3147f0fce219d84a85fff3088b002ddd03a607905c297e4ae5537a78f3adb68c0983b9df079b5f3fac4aed2543e9b8ed555dc21069ae980c7db7b6280dc7760895838038e3c73de22a30b2fd9574f7437bfa386c7ff2153a3f831e2c8eda0233e6e7ec07e79fff81a59d107863987e7f83fb41a360f8eae7523cdba00d3d8cf4c03fe4e27d9821dc89bec1861f6ffcbec90c07e0c845bd49c008cffdfe3add869901aadfe95af2c24001ba2e42d3df7f35a4ada5ff244762fcd21d1d083eb6ff4ba0a4f66ea1d9e8ff204040e36747f9d7dcfe17800f99feedf57997d2e44fd68ae6b4e8b0fc5e1d53cfd0fb6bfc6d3f008360fc3035
1787432057.0902798 sweep:Generic OOK 4.8k RSSI spike: -39.5
  -> 255 0b00fb290208bfd0bf229548883cced719d1eccbdfd8d8fc29e28307fa1af3316ff41be9763b81985c8ebb6b20c52b0dfd6a13fa07802fea603002f9176f1ac1ca17f84f77cf04028717cd8668c2381e75221317ec34dc423e6563ac0538e6d088baf579774e6fb9b03b9be3b3fc1f60bfc83fb4c5791b126f3adff87f1303890ecfd1878f12334e0e72babd01228e3522bf621907606f87303f2eec807fdd2b8070ae0660a059f67555b7b56f7c73636111c3e5ca3ae0f87ab0ed3c2987ee7b6ff03f4301ca4debec37b8ce79c78a18261149e9628baca115045fc03de5c213981262239017dc6487babfbfa80e67305ffb0a30c7707a704042f736561dd2
1787432057.090501 sweep:Generic OOK 4.8k RSSI spike: -39.5
  -> 255 3060e3e3835ce2ebcd16e1778e3bbbdbed981985767fa3d26e91a7b5a0986e7de84b760f91dcd6e019b37448e3cbf9fb9cd04e7bdfff1e4a20893d91672c8e7dbd373019ee66c2b936f9e88981974cfadebfd3e8a7101bea7f3f9b0424ed6064479feabcf6c62829a46f3ace05cf88318154340790dd6b463b0731b712fe7aaf73fa2cf5cf4bf81688fc08e86bd55e48ca27e46308eaac67dc6bc7f9035e384987f8d341bf1a7c8b9ec17c58133d0076fc56b43de7974fbb32922fb228d44aae6247f2554a85eb11be8e006332a44098e5660f587375c1d9ce34413a5c627f98d5062f6014ecc620620f7cf477cecd37e07c2417cecf3b3e3c7f24bd60e211
1787432057.090728 sweep:Generic OOK 4.8k RSSI spike: -40.0
  -> 255 d652297df0614f6e766a3b4c7983fb41ccb486b184fa68c6f13ba7f43ef2282e00c0b06fe3cc81e898d0110021d5f7c1de7003797dfa1d2f29ea3fc2087232fb9673356de3f16cb4a1068ee3e26c7bdc74813580d05d0ee58f6a4fc10cebfc56b0ec8fc74e5867528bdcf815186c081c63735e070003b41001ff61fc0855791fcfe69c0a91f16fda81a36ed3419e9da9cdf86d86df025f829d640a083110334f70d35c601d7047ffbc83baf7e0c6eb20b1640ddeb3901c11d8871a73944a8cc0735e113edca78079773d1fa4384b5c81998002cfd4a4cc3ab16cc3c50d352e32af6783d96e0309e14d9368625fe5b31c21b8fbd48993ee48cc1e02811dbee3
1787432057.090944 sweep:Generic OOK 4.8k RSSI spike: -40.0
  -> 255 5f3a8151210ad3e733c6fefcf87ed90822b15bcf3fbe29e6fe1dee770db13e1e0d9bb4334f3d813df84e7761c84b0c7001070128e4c687f0b56252980815cb2fa405e710bd99621f938182d450030a076eaacdcbe8fbc1faa8f8470fdfe0476bed2fb061ffade2f050de2d81a5f0f0c40f80c9c135e557040298cc0fc802d8e06649d03418001f86c68fb0f3f01bbb05bd6d0dbd02bf8cfce103048716a557e3626773542d71a43ef996c5e0fcbd314ea46aefb48088210780891db0aee3c3c35fde07f8d29c641147597ca631225d4de6c8d8ac5bd07bd82ea83f403387221d9ff206df9b7ca2cba69677e1c9ce9f8db775653257ee60d6f8b861c4988760
1787432057.0911932 sweep:Generic OOK 4.8k RSSI spike: -40.0
  -> 255 80afdd8c368ac229c9f2483a7ccd8289687f54433a642c47338dfa2c1e2fb6da51c4f309ffc45c7959954c66779bf85216455a16d9ec80b6fe5309614da6762a922f1ad818122be77a26a24328c34751e33d1337d63749bf874d071bbbce0100a941a7d8af996707a9b6e96fc4712b3e00d37a10d9fccfee0cf807d613927e163c061784327f70031c934f6b0c07c919f2cea4734fa6fee839e3bb79642057f00e25d6d7c048f7a04404eb8feff7f4507ec6337cfc08dbc9182e39fe9ba6cbc1df4a183cc39fb2e2503021912232f8861c8f893259ddd0dfeed387086712f81c99ca42df074c57e461aee5f10c47f77db3f2b94c760aaf1d5dff9123bdf07e
1787432057.091439 sweep:Generic OOK 4.8k RSSI spike: -40.0
  -> 255 4c8a9bcc7962afe202d1af07be0bfe419cf0bc2809ae9b09981bcf163d2b2f9e4cd5c3303be85bb2433df0443973751981f2a8fd3b5f7b4559fa4850c9ab30fa9b039cc469d26321ab3bf48c411dcfecdfa86b2bfc6a09e7019f5893c17bf2c79f8ff9ba81e88bfb9056d391fe5db4cc507509cf0e461ce65b5efe3df7d0e32e6687fd819df15f373489add0f80fb6ffef011d3e68c45631df0c461e6c0c410f81ff3e870188c4d2b60c72c3a22464c98d860ee51f0608efc4cbf08fd49105a6b6fc9f120a9217ef141c736e3832380c381e12c86016d9ea35fb1fc9e1eee2fce364100fe041f3520a3bd33403438138c7dc44241ff979d6c7d67b8cf88bc8
1787432057.0916638 sweep:Generic OOK 4.8k RSSI spike: -40.5
  -> 255 81cf208c94ce6afa7726f87cfcb39f84113f40c517d3b17e4d8fb826cc7e3cdbbdfe7167742ee4c83d0d4fe0b42e9fe3d72fe78b6aa93612016639f600580b8f07062c1becc902d070746fcfac9a542739dc749cfa9b0548a37aeffcf325910c1baa803c0e0bdc5750e8f60ff4dabc1f9b7ab0bec6f27cdbf3fe2edefd44359afaff7fb578daaf4d8f9d36c603c979de7ec4a89c5fc64fded90832211b69b34caa0c6f0dd809b2e1f291c784b717e604c153ec8dc257e9d2e57dce77c63a61b1703939ce83593bb9c188badb83de1af06feadf82ffee8f67f046f1d084400adcf24f58f13e5f96b9c526394370f1ceabceb280a762c59e012f5163cdf1ef12
1787432057.0918772 sweep:Generic OOK 4.8k RSSI spike: -40.5
  -> 255 f1f4fe52f401651e2fd1b47205e803fdcc6de5e3c4f5d9bd14cf3f24a4900624f8c54dc8ce1c339494efe10d1ddf0f41c103006a0922c1657e3d5d89f8e5ee348fa5b0f7253c5b00b7f7241f5613d0e020fdfec0e687df0a97967058b848f8f1c5ef0ff81ccb88c2d6b9bd0a835c3e58df046ff80e3f176fe793105ee9eefed1c077bb5e0ca5b04cbecfacc0b3b460e745fb160782146585ea280003ef146761bfe8bfea8007d1e0c7b7fc7c2370c8dee1e3e1c1f4ca3657cfd14e4104df787ebf47b2609467716b1945cec718daf38eef39b5fd2e20ce44b960739ce3e00fb21b1781388c120ec4ff7d8b3b25d477324ffc66be2c3d4b9f2c0f86c970cf1e
1787432057.0920918 sweep:Generic OOK 4.8k RSSI spike: -40.5
  -> 255 1fe7be36301ddf977ff7d2939b22d5ab4663b80dcef19f323f3999588df37e1a07cfb5e72a89a8faab806aaedb9807cbcf3b754d93e042c047cebe0d87f8d45e67989b9d4b6f1a97b88bc25df79c4cfde7a46ae04011c7932992a2fc162e307c8f9fa167bfb60b75c4632849f47f1222158e9652785c0026862e07e0511a40df9e609667f1436fedd807fb7b3f97b8c709bd39884a671f6bfbb3cc472f5baf5dae0c375c95731f6e1d780e7618fef0c8cc11b202f38e39fe86f60f575687712c0e28ecda7936c1b31bdfe7d06c87d6f4cf89194eef895d86f173ff846603a591c4ca97b8c34f2c5acdcc12366e7dafee588d9f77582ca7d387e9a1fad9f017
1787432057.092322 sweep:Generic OOK 4.8k RSSI spike: -40.5
  -> 255 57b921ce5a813f74df1b4999c1e477f673dbad78068dfbf6f167fa46c1fece8866ac7ca3cb71594622cbccbcd970c68d2cf8dcf3184a347308debc01de10089b70e0f8a7ef5f9d0f6ec7a18d247ea3d43dd5563c28fb1c4f70327bee4f293af8e011068b2e007dbb1c342d13bd3b5908c833271c7b8e90cea7df6163d83deb24b4a3ba8220cc38140deafee3b223a9d0df3a61c70330366203f082fabb89b6bb07268e34739023ca67842c5e637f3976ec3040184101cc7ae06fd474a5bc9c8098d0c4d8fd55cb3eb89745e36a5602afa8020f887e26601ef7963e8cc0583b085945e0972618090247d2e5302f9e89d19637f930fda73072e618b8fe4209ee
1787432057.0925372 sweep:Generic OOK 4.8k RSSI spike: -41.0
  -> 255 e6687b76f01b5e11da947ddb4e5fab4836392130846ee38041f5dbd665cc8b08fe8ba747f352c50becbb1938f9eaf0c1fa78be099a13878dab5e6fb6050f7ff69d902f33602c1be1cebfa62d97c993a1198f0a739eed7f97815ee33ff30c173247b3b9c13b00025efff381f61d3367ff451781778beb4067dd2643bd8e018086b070c831e34770162bef01dc0be73d22d8cf87770d7f06e8107f82d444e3a899c3803bcfce5d06c0e27fd07426c6cd1d02d5f6e12c786bb1d1981c1b8d631c24025d7f186f5a0e71f09ad7c0e578bf928484761b36119c846eb54d65d4e9404d3ac3e26085c7e27cf347e350a78264399ec80c075e71324597a4e79c857228
1787432057.09276 sweep:Generic OOK 4.8k RSSI spike: -41.0
  -> 255 2c2e282cfbe7fe8bb1df74339a7b2097de3c738ff202f02fdb8641587914fe690b952174f34d170441fbf3c2394e88787bed3114eb7e711d02c5b868900d07e1397f17e662f1ecf01c7a1e28a4616c03c13fb667d0daf8e2c65a2040fe5c5760724cf18af5e057bbfe31ed0f538804048487befec90ec7ee97c080facff76cf593912a148c7dfd2f5e7cce056e141d5d1b891b93c1868e2e123cc79f91fa409981d96c7aef2bc60ca33049c68d6535968010199d8b7162a90573dbc253c2a02fd340822e79d811beb045bc8527c9f3d7e9a08378eb1755749cfe091e67e786e9f9d8bf32ed4f99dcb960818d0afe66409a78806cff7e209cbc4f4d01f061f6
1787432057.092973 sweep:Generic OOK 4.8k RSSI spike: -41.0
  -> 255 f44afd749c2c7df4095d850f73a17b8798addffa64707ddca4572ff939ebc90a742f075853e2448ab61831d8e0687cb1c01cdf98873cef03377defec82b629aee57010fa662005c39f71917644e6ebd29c20593d0e3fe0507b5c10a878842c05dc9a31e070f12bd19ca01f79e5d3fa7e0be1d3c7001fc53c8f1afac3f7da17c317f3cccfdfdff91618f09f457bcc8288c7acc88c1d67ffa4c30700919b42cefd2f045b1f871d4fcce5c0d21e6c0fe2cac44b3c4bc5602f94321e244f02f2b32584d77f5dfca20dbac796e77916cb0df3861fe067cc1cf192f02e2077df1c89abf599b452800127f62698cbd9b84d37c21f8b7ca58e5af459a62dfe9cd83a79
1787432057.093206 sweep:Generic OOK 4.8k RSSI spike: -41.0
  -> 255 8c2b8813d91f66c1d628022053f1e3480417c69025a805df97962dd860cf7833f4ed09840724f8c62a512b63bbd0c7fa39cce98fe9b15c6e8589b8a558560f8ebf3b733f706bd348f08cd1d7e8b39ff15f2fb5a297e877bf0fc3aea9f1f3ecce35a8917721dfe777c6edee0ca8b5305ef0bef8e80f8d83efef943a1e1e1fdcc5024767ccccedfc803847f52ffbf6bb3bd48720ee149fe243facf637b330832e07d979ee1d3a595ee83e8203c02f40b9ff7f0741f50c30f0a70ba26878a4e9ff9cf3e6866d304e3e5fd4719587d33fe42f7cc7add90101f17fe05a1ec4de1ee33fdbcd1d0fb4f3bf2979e3c12762c821e2493fd6ee29146738396d9689ac6ba
1787432057.093448 sweep:Generic OOK 4.8k RSSI spike: -41.0
  -> 255 114f25c02e379b87b32cd7dc6fcd39f925bdbb8307c791c2789333451e748f3d744374c243383b24073f8784bfbee7e7edb8feebf107f820338627e5f7884db45ddbf327dc1eff0c25d51921f7814c09f682788f863c71e08ec0fc04e857fa07a8137ad55c3c38e73a4cfc53f0b16ac5e7bd07d58f3cd150df2cddaabc236140ca769505b7ccb7e3aaf3130500431d4f4e20decf1d9e163f3dcd940d87ebd8603124faf10d397b68d7c5f8e7b461fe831a1be9c7c3f1872b8219bb00131a09d32c4339efd8c0908e6ec9f58ec37e627da3eb4907b42461806abcd3dde337401f1b200787af3bc1226407ca100c845936e4650aa9f8c205ee45bc1bc7ca6049
1787432057.093662 sweep:Generic OOK 4.8k RSSI spike: -41.5
  -> 255 063ddb009078d5aa36f7958477f30f4e67c7e9e09c1cbbf2779602dc74b04c134c15e9e400c47f65847c9dbc26f62f3b881e066024f861f5bc2fd98478c7effcde8ec2b3948dc601bffcffe91879fce4073f8c84c36704f1df7b19e5b97438febf8035f9a923d944903740a90ae4facff0082b681785c8cfccdf08792e023b24f9e4580647b6032a8db95717e790f8465a09cdbe6bc55cfd1e140149bc4f93c9ba74103a2be10aeb17c8bf11c9f2de2642ca371218dbb74720c356abd161ee60fc0530ffcd34ce818fdcfcf6507f7b64150774ff7ffb8c0c104ddf548208fdc2482c0a0f441a597c691accdfaca54c0959a94c0ada8e13e352d61dc1703fce
1787432057.093878 sweep:Generic OOK 4.8k RSSI spike: -41.5
  -> 255 0eb59a119ab8c7fb014fab16807f03a47ff5277119229fbed41bbd0704f7527c735fda3e3311f001de21031bf7161e385e0410980c2d0690fea509ebb7f69e4341fe20e3f8409e39860b81fe6963bef9a74615386fb3c1e00f59e7fdbb3247f899987a8307afc7f310070b057f68474eb597a27f07f371ebc8c649bb0b3809f03efc3427b5ff8f3e16b3c65ea0a0fdfe1e7a0f11dc25039ef73ce44d3ddb3230303803fd038bc00872030b5bb4d91c0002cdf35f407abf51c6825819ffe04c5ade775667f17bf62ddb9d662d75dd909b77827abfde67d402e798add9c609c1efcbf99d4e1c361c6f35a1fe3cab7b51ed7461a2b0b4abe1602801bf1b06e837
1787432057.0940921 sweep:Generic OOK 4.8k RSSI spike: -41.5
  -> 255 73948ec4e04e38dd4b2f93d2bfee31a3a4bf7d571874c628d8c4c841d9070e09f60eb95b0c439dcf8b9f0cff0edbbca980be9a05b7141b453dcd4df8f9e012a23920f1f9c14a1381d0b6ee3ac7b2791e3ac0011f32def2021c6b11298fd7a1f01e28be367d864e233cd8e162de8733c878d285829cc21b877318c03f8d6c1e77829eac734bf63882e735de17c051968419b70123153947fb8ba57681ca89f6d95b4f1a095b84c7f82d7d22c3e63c5b25b0d88ed8c048ed42c70beee863a3dfcfd10cdf738f99b77b80727d0890ea9d435b869cfff8e0023e33ce7adba85befd9450f60b241f8d87d8aaf7e2df010e237e3e244204327bcf32f9e98986f9f3f
1787432057.0943239 sweep:Generic OOK 4.8k RSSI spike: -42.0
  -> 255 a384adedcc6b9a92e64f87107691fcb61c3133217473d72766f866a059783dff486799b48f4030799354da527b750a2f9ab1b3118a725c7c4f253f5619c0c375e5e3f2706c77c13716354d7ddf6da835c7e88dd19ace38adac06cdce004a6da596036c3466b036e0e4de02e632fef23430a05dc13fd1c48db4d62b01c2d1c85b240423d6282cff3843eb90575bfcd42c547e00012fe1fac5995f67628c4c85ab7f0f12cc020467eedd3a7589970d076784818b0f8207df33ff16613308107ec72682ae3a34f7b0cdcbaf2669d059cd050640d01d9f517e7b21ca4bec659e589dc460fd4da1f947c6afe623da54f9a195f90935eff13137a12ce8ea7f8fda7e
1787432057.094538 sweep:Generic OOK 4.8k RSSI spike: -42.0
  -> 255 1908e701f8b7ff0bbfe7eaf8bc123e7df37982ae4dcf06798d35c9fda49cc54c3862acf3e279f8543c3b90dfe3a66b532e068b951a9ff468ec4efd1371c7b320c40ca8224a27fef7f8d6ffe9c27773c325187b663208177b10ed27fcac41acc760bfe3b175f8d665027822506406d7744c29c40cc502ff3e2df7c87b09454ff0d6edb33c6efaa62fef39368753e801993f9b1804ac038cc6f3438e50ee3afef765ad7afa90f52c2879bc8f656e69cb36462d17f8058139155dc339373be2fc7581f49935b43e11325fd03a67a6004ee6ed402ee2cfed7092158a7e10aa3c1387aadbff0cbd0c6fbcf365c2c10199c59c29f2a59e2670db060a19c0c23da876
1787432057.0947552 sweep:Generic OOK 4.8k RSSI spike: -42.0
  -> 255 6712fad4f633c7042ec8983389724df5108f5dbfa0326531d246cc0cfc141d05a3f358bb17dfe219d1f2f271ecdf8f2f03e0200f2a6b5f809f54f8c4c00fd38593d8136dbdf7e1c2d07ec126e9c7c01f7c4ae4c383f6535f5c7900442510f1e567b0638738cbb8fcae053eef2823e0c5b09381d4a9e93233419c1456defdb1201f96384cef07bf0c1c0f664c0888c666288a06037208f8c6fcfd9f326408b27b127412eb96babf601a3cfdd91101cc046a1708b1d876ba705c643fc61f0ad41fd374d46119d5c03c0e3611f023d830f8333dcfb87afc09d4616208283fe78c213688301a19fe8436c4f4fe2f173864072d1c8d0ff7e6bde50ce020f3c811cf
1787432057.094971 sweep:Generic OOK 4.8k RSSI spike: -42.0
  -> 255 0f8ff90dff30061c96307de378e35237c1fe4127fc3525e26e7e506c7e1c0d0fb5aaa1fe5add303583e76377e72ebbe5e9072b71601a39d72c0f4586b3b0f86e258ed87ba9505fe68d8ffb4f86f36f8d6beaad5e0f7859bc792bb340641e88c8c2103638a4769c8003fcf84b70b77dd5df7e0dfb8dfa6b2967fa664e77a6ff09cbc63f1b1f603adf46a1b1d0ffbb181c390b81fcb66f0f8d34865ede70c50fb463025d87e7c03f144ae20a15660b6fc3876d82f05c175e34d920f2e7865f09b25e30c1794c850a5409f3c77a11927f6d977b66afcb80b4e98221a46e71dc6bba9498ccb19f0d4895f96823be8a4e328e6e0c543ce320fd04d73edc3188bf76
1787432057.095191 sweep:Generic OOK 4.8k RSSI spike: -42.0
  -> 255 6807ac18e38b6b3650273af30cc4d3ce1a7bb847d1ce433b322ec46025f2088cba7ec7606ff9e6b13787c8b29aa1b3f1c9f464dbf3a71c35b564a3ae1e27c469e7526b23ad9ac019757f73e99a0073a1f8c8e4c6c09bf7530900a8d87c9694362f23760476a4b44cac711c8e1a895e43c7431b35bc835cc8e2f43e060c4f88a4200117bcb67fb053923387c27d4b030720c919363f037312d454c96e13e5c111b1a2d18a11858f58896895000396e6e061fa2e898bbe8e25013b550f205aab0a6676923797babfbcf8c867c93706092adfb1a6c02ec5d8f761f16048db209241d4a2508dc239e59d5069acce7f7d45de4e0a5a19c22ec7e4f1c23e8d872cb9
1787432057.095433 sweep:Generic OOK 4.8k RSSI spike: -42.5
  -> 255 5d37d73e8613118e17d4c28e127bfecaa73d7b70ba3bf78f81602767334dcce7a731006e37a4e4f8fe82babfb1fdc4555c13fe4a43806c1fcfb4ec717aefb8e6f00d97742e1679bf452bf8b3b9ce83f8b60efa733962e14f75817863da3c20415a3adf021398f02c2a995eafbf78551fefc3632c503473977e24eef449aed0a79fc4321ec41b7f041719a6c5322d901fb7007fff86e4d3d852e7f97b32d9c507befe900ec7c9511602e699179eba3d59f24172618120f6d71717cf37f891b16c1177b401e4a0321a982cf220d613fc0f281660d44f25f759ed0c0eb31f8df136944ac13e785c3a6918b9e242401d0199af23fa307f2fda87c89bfc4f0cc70f
1787432057.095649 sweep:Generic OOK 4.8k RSSI spike: -42.5
  -> 255 df7db18c891c3cf065a13ee4e40aca4003f16e379e80c31e3907728a887c6c73dcc99c8c9fe419e867f3735f0a0608b9bdfdfe18acfcea3378b59afc29e202150f80e62ed1038456c0f9cf878deaa48a6f273cc29dedae1a92b51d347d8b17eb194189cab243003d8dc02c4853e730940c7c6f77ff50ab0f04fb7d20d9710025130bfe2585df3c7cbefdbcbbb34b9e742ca35fa641bf1e824f43dcda5387eb6eccc901f025b0f61a0fed4e0d5ccb21853591380e54b89759781d12793f78b398c837d4935ec8063a88642068900d7269ee3290351f3fc534dfee589fcb7dc6ec1b06d785faede760d1c1139cc876686e1ce3e17b8c1026e9b784bcf4f20cf8
1787432057.095861 sweep:Generic OOK 4.8k RSSI spike: -42.5
  -> 255 bf4540ea761fd71734b058dd51bc1267e7d8f80b5d27d207a58e3547968076bff8ba0f60f43e53619497074f1e6a79860a0effcf0fcba61bcdbf0a67fab4681a4d98d7080300294743d622bf4bccc35d77c052e761f0f1fc084c2100c3a227862b9a0067719226bf9acb16cf7b9f81fbf8dac8ed1acc0705fc75279ae2a8b7cb0c352fd685c9d1921e8a37534c890400c2ba60a5820577406407783b16f6053779cd94f25c7633e320326bde5fa7d5312088493a8801828564a30c5012fcec10b9e443b3fed96c31e2cca1f0eebc2ee220e9c96e9a02f93d9ce308ababb93870a0842b50615ffd0792dbf1ae0ea3c367381207f9ec0e688329259b1332a045
1787432057.0960839 sweep:Generic OOK 4.8k RSSI spike: -42.5
  -> 255 2c45b3fae4b0270284e281210611730e2a29c20815b83222bf880c07453bdbb71e3e28f8f23e6c1fc9937b782c3dfd65703ea71a5e31df091779241d3f2d8695d13edd88599d3792189c7f0d173c1c62d4933649e098e161b158c1d4f180158143c3bec06e173d68b071276461d85cdf728457f8de1da4fe4056b46b75effb830864013d9cd3f05b1cbdd217fe4cf90e53d7f74e4bfd7d794dee40cf38e581aa189509031e9cf1443edda04ece3fa95ff8f59e91eb38008c3c6df0fc640d37a2b0e18bdfc5f8324577fef046001f0c2ed5e141020b1de36d9340c70966b3f3d9e7068383b747dc6bb742165cdf0ae1c8cf4314c4abd59c73ef9c4e54040156
1787432057.0963252 sweep:Generic OOK 4.8k RSSI spike: -43.0
  -> 255 2f14309bc22b007fe987b04e372e20c43910e0090906483441e24eb48cf00407b19fa191fe2db4f39b10238a1085e5fe9d992790e780e7c566addd7b86258c36df175c84b1556070637c15f5871d6c424de48f96e24a203b87f383b54c186162bb6198e10609ac1d9fc4efe4d503cbcac069c1e76f8038c19c019f6f1d14fe9c8f283d87241b7f80100472a338642c0b335ba70327970fa233f8c35ce17b102cfff34e7a83599065a189f0134e28fb33ff975c4fc957c0ec1bcbbeefcbcb500fb7cf20b014432c67c1c1b9069278437864f644085b8c47f202d103f1f0980b401f3150305fd9c093f7ef93bd1d2e502f073e63623be308172c19b462e00f7f
1787432057.0965838 sweep:Generic OOK 4.8k RSSI spike: -43.0
  -> 255 4c997ce0e40592668083c43a24516d46feb40bcefbe40b3d3251e03968a96972639c2dcbf048fa2cdb360d067047c331ff1a5b841de15f7e79ad4e00d5c52ed21dbab081d50d01843f13d61f603cc013e2226206b752d3bfbb9dcfb7a15c49d7e3f76716887c1de00b12a0874edd26fac1d6ecd163d985a0d07b251462eb0175afb8cafb45d9e785d0f0e41c0df786f87cfd779a91406e76e636db2d718b8723c6443787ce270eca080a2e6e6bbe07fb8feae83ec9b70517c17870720bea399063ffe77cf57c59401fea4c5b8929332277d39ffb989adca024e3e6a48ff06c3b3186c232e7b9cf32a32dfc17a7ab8067ff4215ac203ae6983eaa4ffa233e0d
1787432057.0968268 sweep:Generic OOK 4.8k RSSI spike: -43.0
  -> 255 27d378e64c1b0677139fff4278d17ed8e3fa9779acbff0040946991e83093cbe3d9c2f753f2fd1a10c8dde632dc5beedf548e9d35cfb986ffaef0e3f86f29f2fdd1b475dc3ef47719b70f54b1c5fc43ff233ac9b588c515e4f6c796c4ef173037fe3a30e88d8f1091387970f1308006e58349a32d12c24f429440260868b9f5db5dba80501de36d5afffa4b1721442832bf83783bdc8f7e51f5e45eba10f2801f825b2109c7ebcf865b69e39f648c2ed13eae2ad7991a1ba78f07e8f7d079e24cc866843c0326d0e1d3c6efa7e5331edb3cfb308e8ffe0970e28de3ae05abe8b9b9a00aa94c7e3393e66ece7a6d648fcdc5fbff4bb5a7b34413c00d9f88005
1787432057.097093 sweep:Generic OOK 4.8k RSSI spike: -43.0
  -> 255 70f290d463a442a98909808a07be6e38f84f4be40bff0bbda9403efbc133ff303363455c2a7602dafff9b827ab532e6589e3209430693cca43fb9603fa8fd6038f00f9451fa4f22e2999a4b77ff9c76f7c8a8d4e61fc8e627c63487e8a41e6af5d001e4156fcd8a9bb959e79375040056e680812b6baa28d3b3ac4c9e59e4f7fc18cd4dd810ff4115f02c3aec73275437bd39a9c3840001409dc97a3878bd5e4e6b8379ef8377cf5f2cb7dc43bf43441b658e3bd5ca2ca237bd4b33707d60181ab3d1898fc477da77d7e30e4823d2bb2639c20a3063a939ed9cffdf1dc0cb6583885a74369e1b7a923e1c338ff21e133ad341639b3905742e065a16b269093
1787432057.0973399 sweep:Generic OOK 4.8k RSSI spike: -43.5
  -> 255 70c830bf6130c0d2383582e8d94d839699c7b88a797e60c7cf7e759e0e6383b8b27a53fbb4175fd39f22a0ec39bdedf19ab517838837286c19bb81da75d6f95fefdbc5c0e41ce85b0e80b1e61018fad282f1cc392f06d801b729e40c7d3c8ac218bd3aa0edb913679137ec3fc7fd3e5dbbaf3b5f2f278633101c0c7d3967d1812f527b45702f93fa63d317824e2062e9cf4c3da3c3085ed309e75df5d37f2457bba1de60e6cd997c4c8af6706c48230884ca16d60e8435cc20606b1013f7da62284a2bf81073fdca484f05252ce44a5a4f9cf3f2ebf875ffbaed1c1bfe42365ff47cddae785b67e17b04ccc42849d99036e9e7cc37dc60c65f57dbdce801b0
1787432057.097574 sweep:Generic OOK 4.8k RSSI spike: -43.5
  -> 255 cdd246acbd93430d21b08f18bfcbfcecda3d7656fd62a01ee1c8db1833cd0a7a7f0498dde0ebcf4a93458256b810aea13d55c32f9c2861298e11ed68d0e737fef04fbcf66ea3a22363494c6e014b6349bd31c33f7ecf3f7ffb6896b72531decfb4204db7e986f2d3f131a74c06b7321da1c6b95edde257cefb0a09ac0f3a03fc58a606921bcba60e166595d880e29ee78f3a734f629755be11db659da64fcc0be5910848e6d271dbe6c7906fe30fd48d9c6df301ffc4c3933ec035d39c0546814d860cc7b01b80733e39c806c3f9f9e9b9976e7a1bb672198ee2471feb9a3e64178466b38c58f7dccd8477a3d98394c322097fa9fadbf59c72dc8cf3f57ec1
1787432057.097812 sweep:Generic OOK 4.8k RSSI spike: -43.5
  -> 255 34fe0cfc6238bff705bffbd89d87dfa43f56cf373fde2a05b9f08e065f4875c910829c9df485c0c09b83c71a62ee7fe7703960f98cbffa57f9c2df37dffc87e921e16c6c8217c608f79538919862f9cd6d51f8933828371d0fa8f7f08f0652c0e4a2ee937f0307bf36239625196590abf6e0227814d703d8804ca33c5b6a0b87e0301f38f9f0ebfac7f4363f7c0b43b1fb7337d8fbf81d5ba07bd3e182a1472b1a7e44837788c405cd81a55e3bff68f881db8420e79da746bd8eefc7804a8d859dde92bf08815221ef4c030e571c5dec489d31f2501f5df450670f8efd13e1c23160301ddf7703fde0a79735f72cd87a41e03c7b59e211f119f24b56fc5e64
1787432057.098063 sweep:Generic OOK 4.8k RSSI spike: -44.0
  -> 255 37a465cddc293871fe30583df0f2872378a3a64bb85de4fc5a224ff720a7233db9e8856ccb1be8231e3d46f5824bd3e20ef237dea99dcb458072398c99380c16e732707f717e87fcfeb3003cedbd958d4003d13ecf668be1fdf3c0b71a81b95eb0bf6a35cdcbee001442964fbd1181f86bdc1e132e802563c3778abfb18e48128b6fdd36bcc0e67a73ad6ef131e198180d5ffc5030e7f8f0b8dddd6f123d0ac459823ea7f3b34c814c4d89e1185d1227471bcfe226836ddd8c38f919fedf06c42383204bfbc1b135805b6c39b2279bd0ea1af38df0cc863bef1f8353f7d889a264f38c3010c555bebbf21b7b9b2aa3d0ed0100090ed2697010f01bac506d7f
1787432057.098305 sweep:Generic OOK 4.8k RSSI spike: -43.0
  -> 255 42d85d3070f1ce25ef9e770215b34ff0477e05473f8d5c776c7d6556cf5ae45ba2213ed809ae3ef3dcc9125f60ce041e6428c58bc418b9f6719c99dd6d3ca49c0d026f31c5256f479e7e8c311003b025c0a76683cbbcd3237e380d3821d41cbbdff1c306f00cc9b1be0c968ec572fbe8029b7fbe21b02ff83b1d89908fcd6f9ec6c1c0d3ee7bbbf23b513accee27f0b333c6deca60e2ddb84ef4495ff96407ff8c3fc44c0482899fa793cbac9ade66ab0a2375c202e4d69542146460f9287b99bc49eea9d961e179a4811fb7b3fbff8f1f6b395be64d6f17702007f39037d31180a1c89dbbfb4619448b72ce9d42510f1335e4fbc1fb6ea4f4553b27473378
1787432057.09852 sweep:Generic OOK 4.8k RSSI spike: -43.0
  -> 255 e1cf2d70ed843297fc1a4b825c5d148753bc2f87b6230bc26400625eea0af07cfe39c39fff15fb2ecc28c33e3c8a0e15caa38a0bdf88eaee70098070708b00e7817131963f7aa273841f39f938111c73c03151d6fe3606438e53603cf340d71b6bb3c2061a26bedb1f2c61bdb659a23deeafd045ff6c2137c0202006cd0c79effd3e26722b5e471003c2e253532dda84704f376aef01067e2661a4527acb1274cffb03914336477e07ff3b6c339f4111c96b85c2ec43fcfb1ffebc5c433e084c05f191a761ca47e7b95c77c51ccc13a937cac2105bad348f5ea5eaa04cd2b985b42551ece9eb2831741f554c388e4e5b81012caf8bcfb86fbc876f113ceff3
1787432057.098735 sweep:Generic OOK 4.8k RSSI spike: -43.0
  -> 255 7c0496feab3a572f7fc2de4ab095357210f999f77988d8d065681250b7a492e661388cc962625133e415a377a827a3c788689d19ffa8cc00bbf80b879e7ade05b30dc09eda96803f42032652c3960e4233dacc0901f60068987dcd9eed567975d52c68476295259f14c00bd87903eefc028144bc67deef8f2df8951cff978c3799f837051bdf47b0b421fed681db28e5e1cf0e160f1fdbd53df8d32cef01868d220e81531ce7943ddf9953eb43f5e5bb774f8ae17a47db39c9e6bf87dab101e02b9b91ce42860828714d8238a48f73eff7edc21a355730e05f7a057e242d2b0999ea3cd9a0122611e363abf56b415ea22e410deb87859c9e487808a4c2b674
1787432057.098952 sweep:Generic OOK 4.8k RSSI spike: -43.0
  -> 255 79f7808e2fee907f8da5fdfbc70400ea1b01d84dbb36cf96dd9c5f3c49fca787fef1bdb63b38e8d4b4795d2f63ce538138076fbfbf00f7167e1332312ff871bd9d025c4a39f0e093221bdfe23f410ddfcf46cc7c062818c4c01fb48373971c0250170cbc2bee19e5f0cd7c302ecfcf8f87d2e59dc11d1e08f03e7fe7fd0927d8ed8e3e83bd963984a62c1bbcac1ad5e00e1b63bc9c4570dacf7c6e481df093bff231337567bdeab8871c18f48180547774702c85dc118a288eb6593f7cc39ff917ae7fcf3fee89885f42876781b3cfc2f603d6fd7bb7e90b250ff43f0d3f9bbf189a77fbfddf3abd7f05ab477ff0e4a7b49d187e1918465b308be9bed9101d
1787432057.099185 sweep:Generic OOK 4.8k RSSI spike: -43.5
  -> 255 d8aec287845990f7f9de877c9c32c577ba196f8f9189e6c7a3c44cf3b931cdc76494c48d46a71cd179e93710b4c9783dc9fe0185b02cc72c30404a68bc345503180fc33ac53506e7c30397fbd8401d78e4398cbe75c5760ba2d0705f5cf04047ca99f37cac91bb45b18bf6223869a4fc83fe847c21d05838674095b390314650c04614c06389b0c40c33e3fd27ce747fbca811b06bf8dc8fd7d009a7cf031f50ab386724c3195fd2e0a5bd84460093061e91c7e9cb5f94ba30888bce018f19381d7003630559c1c8ac815a8db13dcf0850001696c23a4b93fdfc9ebdbaede37c189275cd8efa65cca3d7a39efb7291d098f0a9e04f90799211cd6fb1dd6549
1787432057.0993931 sweep:Generic OOK 4.8k RSSI spike: -43.5
  -> 255 bbb0fb315e985f501a9715d77571d796f860e06e999387220693d0001e1fb70353196322fd39ded5ec4c406f7a726001936f4cfd0e9f16248edaf39ea39bcfc1a65e22abb892be8001c1b1e5e5dc0065527ca7f3a7f306a08196fe1fef825aed66e463963aec4b9acc8e5d4e19028fccdbba73dba4788e65f79f64040d1c839328cf39dbdb77edc89ffc99837df558807205c280e18ac5b2eabdd6575f18f9d1e41a973987fc5a33c729bf7379a38d42baed16a7da194762f009c3ed57079a3c9a0c70276f6161f3bfc6b45c9dbcc3b48ed8efa9a92a98b6c3919fbd81020e5c0de7e4c7fc6d8f8fe787b3153866d7805e0d9aaf6815bf7fe6a023201ea7f1
1787432057.099613 sweep:Generic OOK 4.8k RSSI spike: -43.5
  -> 255 fa828b86080bdec62d31027db461011fb7b713509e728b2b436251182cf3447835fbc7c95f267669dc5a671bc371edf70acd4ed8ebec02cf982f7ac1e0181c1e3ff8d2882037f851b87308fa2eb430c909eab22c2c51dedc80d6eef83f619b0d7948254ec98dfde8e88fefb5d39ddf48f242ee1a1661977c8e647129643ba0babc6799dff0c60c8fb2bb3d5c7ec207200dcc36c126064031c38c7a20c081264603ffb0fbad75b90f616087110a308b81a02ae3e384a63e600fff300fedc3dd5f1523b913b4f879f5cf11f3144c3f6706f3bc2164fd43b747713d47c2407c36e516309f6041a2d9c2c5e1b0079602087739fee72a7932e49799a34979ddb1b4
1787432057.099825 sweep:Generic OOK 4.8k RSSI spike: -44.0
  -> 255 4ee1e2fde7a64449f02033e08f998cec367fc3e4c80023ce644e7aa61b39f5b7c57e3725f9fdffe23eedbf8c5fe78bffa00e99aa3f3eedd6c0642a93c24bcf09475a84db8def699f019fbba4669d3f6301a31faddfe2905fc9d930addff2eee0b57c2f6771aab9083b495ec4ba7cf238cee4c718f166cfb0bc73f5490be4e9ee49fd88fcdbe270902f18167f67170a964c4b65a113461f2df8cbc6345d0032d69b38991c0ec02bff8a2c31abd9ec05b96dddb8387798c11fc7015b1a1e2d37807a24c30d107d81b8439fec6782d3ff1ef08f5e6cca7b1714fae01f7d77a5379b616639a15807aa872fac87ac944cad42948e69c89ca836915081b9b0284985
1787432057.100055 sweep:Generic OOK 4.8k RSSI spike: -44.0
  -> 255 fc177fea99f173ce07fe72e4cb6b065c7e2f03231fac096b14c4ed927923e15893d57e1f5304470be7f546a4bc6c3f387fe4f40d83e0f9bfe1a7e6581e967fff971d4663c315a65a5d53464bcd7ba88c74191d46e4e1a0d180964b6f3f1f627a1e200296d9f384930cc477c187c02e4c0a03b3038ba7d0a5401c9b678ac0ae1020a008f804c6bff83c4cae35ebbc3e279bcc84aaf4428797bc46130dbd44a02cb7401a5001578d8d5e7eaf9c0d09fadfd7921bb360a125a39f22cd3e9ec44113f00c6d60c1f30f3113d0f059cb2a1acf4a282801209e7aca7ec05e18e1de70d8c3ff8c9e83e7a109d938d423860f8ccf8342436e439cb46f85a16487b51999
1787432057.1002681 sweep:Generic OOK 4.8k RSSI spike: -44.0
  -> 255 f4e27f2083a6046f1177a9f36a3803fc466c437418f878dff188c3927b91d2c44770f2e418720da8c66042028e6bfbe3991ecada13657b824af2410f7d3a8522519fff89a71f1a06de87181b9dc1d58272a09bf31be700826f2e304d2cc03c7710bb902eb08c230147f77e3b07b3a168e30c34b0837a4782b8c9cfdec824de645750dfcd3a49501961879b739c90907d63213fbfd2ebb7173fbce01c57ebff507f31f79771f29f8e8ba760f326e87c0af6c06a3a5992fe18dbd94f8f7c8b2acec6e593c0621a3138bd1ee18b7b6fb15c2485179b0ea68401e261d7237d3f8074fb6fcbbb420ff06d3a922c7f6e37c2fe3af957e421e2ff163e7d83f207147d
1787432057.1004958 sweep:Generic OOK 4.8k RSSI spike: -44.0
  -> 255 2dddfe075b87f959de02b85c7ce08780afa0a1c82a4a4fdf01c7caabc5fb8f553fc78870460e987e9644fa78bf07fce3700c731bbe97ed8f0bee3285fd9816c3d6325960cd1fcf6d9efeed9cba4a523c856df7e3fb833f667cbe25193a37d4cc31581794dfc9cb857c8d6f31ecf6bcbc381f150f7645e8c42fe28c0f8fdfa9bffecc83d78fe9cc67ff80b1342f9fe19bf49b3feb11ff736bbb45cc4096324c0ae01f50bf46f40fdc8f15e0b53f6c37be7718d4373a1eed5f973b33dcd63c73e1ebe9cf7a324799fcb3f0f3b21703086160d0238b3ab073ee92d944ca330d72e722870ec824a17d65491a67019c5814a1f0df3208ce26b09bccf2861b1e8f1f
1787432057.100717 sweep:Generic OOK 4.8k RSSI spike: -44.0
  -> 255 60309738c7370774e36de4646266e5a141fb44bf858ceb32dff4772b4ffb30baecebf7b8c1b758116155c60dfd81e224011fe0fcd53b82193c0a405fbc136fbb07715ca234176f2fdc90cd7f16817bb61fff004cf27200750191e2727cc8c45579781ba0630df872767186fb5c7db9d6a85a71fd14cd0e2001c6a1ee7eeb06fc85817b5aee7fa3791ee6ebb3669cfa1b1feb046882bfa5fedf85561cab1ad8ae76d78877dff31c10f397f399f6875f791e00829087c0b81fb41e48d44cd95c90a1bc2d1053ca77117047df08e531b0e9d21fc5febc783030d92599f2ee7faf2b932a4c147f9b82ca060cc0d9adb644ba77c02c02ede3d3ffd35c113e7509fe
1787432057.100937 sweep:Generic OOK 4.8k RSSI spike: -44.5
  -> 255 a3e021dbfc0b67f5e55ed6b9b99044271f2e8a7e5a7abc9f8194079bfefc87e20a002596f8aae38d8fd98bbba0b08d0816485e41973b9c1fd3742de34539385d1e5d830fcd8d27066df4d9a0925278a13ff9f8e3401fc899e171df066e0a4331300e4768eb13f53cc329b962ba2bcc3446fe01e20db87cc221fbdfb0451fe310f9c42122cc0a862f89ecfc011437da5230dcabf1864a049ed46f1d8cc07e000ca8c909503c60b134f317f360c1a1b39a7718f5e1c2fe809b13466e3e000cf3c8ad8dc5c000e7418075d0c677468ebb83d8c0b64aadbf153740e0f389fc25ba08273795c5a5b401e5cf302bd3db55fce84ba8e7d19b264c40c393f9d0827bf7
1787432057.101193 sweep:Generic OOK 4.8k RSSI spike: -44.5
  -> 255 fc8f0034f88b72783a50fa31d76bbe787d7df58da2841b32d05cc77dd5efce170d47f0101d946880452c003c738fa31946b50cbbe9312cd3cc067ff62fe643fc0c003bfbc7fb7d00f73f478c0cfc55331fa9d1775179cadfcec195c1b701ee1303bfed3191e2df4cf0a0f8a2143824371a99fdbcf24f20c57f5f9f52d1ae364838670607bf07986c873e403c71f30f831843e1fc339b6207ba31e89cd19fde8e29d1242e1acac79a5116fdd74def2e416cf65dd3bfb612fe84fa4ebfe5cb527028d527051300008557be4e161ce1404ec7a592933c039ca07459f96ef0c22e846736a4e174d166ce7e0383a2fe6632827f6b7e67e3f210740e862fd450d35d
1787432057.1014469 sweep:Generic OOK 4.8k RSSI spike: -44.5
  -> 255 e9ae7f03d77dace52f7fd180ddb18be1b70648ec37f57e86314ff4f3f1deebd5f5f7e3a38e1c47bd0211e10bd1cffd4de0fb4f835ecff1b8a8e4c6290705e6789ed1e1ef4f330b05e723883c699e7c18f74eae879e04813657872c39bacc34d970a24e196f5f7a73ce8411b3ba3773fcd293056ab7d97d6d68cc054f5c90c6973010a90ae61249ce20e436f1328dd6e1dc9e71c9aeac43c149356ed1d668cd17d67ca413588ec9dc6ae5e7f721f01aedcdf870cba42a1187d51df4256dead04cfe042205eb3fed82a86ee1a5247ffb9d80f29084247fd9fcb46b726f332ee1cb7a67830391eab1473e3c9a4df18c46496cefec2dcdcf795f71ccb61e1666ea
1787432057.101666 sweep:Generic OOK 4.8k RSSI spike: -45.0
  -> 255 a7658c70bbb0eefdf20b00d37de5fe07df3fbaf30ca4ebda1f909b43cb876dffff8fff2b64ff78ce1afe040fb5eb0fb2ba7d8ab412c862e9ff5e07761c43fd6127a0f66bd1e5e02f01b5f3f24bd0e03b5cb1d3fe51670b8b4078c8038465cd1cec273f23c83edbb0139bc9c190ce4a03b191cafa9bc74d705cfc9e6010870328e2e7d6d0335e3d3f02c4fcea3704260907fcab8f58515ac5fb0f009d7d73c95411f8ed0af883c18024c00f0f2f1b3b5387ad68cda8017cab66e11fcac6d1d03db8af3299d581dfb9ce94d8de7957e59971e84227eb9befc76efe44ce69292f841f4ebc8747540326e82ebcf66220762a7e26fe92541b9bd6221f0733b17934
1787432057.101877 sweep:Generic OOK 4.8k RSSI spike: -45.0
  -> 255 eb5ccde00f4f103f3d28a14f705a6e92a2cf9aed1a81b73eef009de05538c00c0be5906d1398d1230ff65f63efe7fed3a744e95c353d1af78fee6bf37631867290c68fe1fe97eac2a6e20802fefcbc24a1797e3f595279b5c1dcddf795f3fda8984017639be471ae1838492d5dfc31ef12e07a70371a029883974d3a7e6e7c327784bc7b9f4f4ddf6329d14db0e463fa091b3a43c3a31f146a320017f9bcf7ee9cc2b3ef23d1afc87e197bf824b916d490afc36f0a001587d3079f99f336088353a3bd0f1984001ac04e06b217ad2bc14dbff84e71b916ff5873e2e08d1d30bafe7c45e04737f70062e19715213ef91efdb0ec0af71325ff3c27cb3c6decc1
1787432057.102085 sweep:Generic OOK 4.8k RSSI spike: -45.0
  -> 255 4b1e9e8ff23ee0d7cb84a801e2190e78b48fe101e760dee4f7381e13ec7f1f0c424383ef3fd60cbf8483177553fff8b8f9e40c62df92ce3da65bbdfcab9b5b1ff3560eb0840237b10141d2eac8e5433c15c3a9213b5192adf8f806e12ca9bc604d3c402c70c543703c27214780c0754f4230d266ff6ef5889e72c1c74d940f390887da4e1e8c9b142ab449e5c9e4977df04aef4b723cf3a8d658c6d7b1986e297c20dfe0fae30d07eff3d6569edf720482e061dfdd59ec811027e1c90b36645d6be1e72f8ee1fc3272faf9d8f120566923ba3a5d07fcf76cfa2b327373be14247fa79d34c7ad2af038710ae2e3016cffb8dc3a1ced6aecdd67638f42bc21eb
1787432057.1023161 sweep:Generic OOK 4.8k RSSI spike: -45.0
  -> 255 fe17f09deaad98229ce6f762a682b736ce6c1f7a13cb0946fea01425c2380a1e66f20749e570c995aa9eac84db52fe9674b99e50d253108a319f813f717be1a789a6919166ee8a2926b2dd884c3f20434f505f4eba808cfdf3f97205a40806e44886465ab1ba5eb96f5f03e9db65886b025ecce007a33490f41dd2601af4d8b8b74f19a6ea4513b0d12d1420031abe8c0a3031b438bfee472c4e863a9843e1ce9ff99978712817501f93e68b992d7988a6ff7e51baea973993330ce0269ce32d33f69f8593c5634c9007239c0b1ff221370cff13d86e33d7834d15e08ca609087ef5cf237bd8ff490ecb494c772183c432b931209e80126bccfbbece8d85e7
1787432057.102561 sweep:Generic OOK 4.8k RSSI spike: -45.0
  -> 255 371fe85c4e0266f49a1f62479a083ef3d35f3e7d5c06ca80865b9ff9fb9f703215b27627faa2f35e1cf91ffb7d6c3a3a13f89560fc9df78879fabb4d1fc3fefef86beaf65cb80446905eae439af3c2723093de308ecf1ddfc123f867c0b16b0c00f5e0390962c0c92d151ed1bfdf8e185f93a0445fff8d73e1c66e54943fb02d86a87375eb39f364a7d25d6d01d3b7cdebc24ce753b91c8decf1e178e713c9601fa34c8f2dbbe42d03e33e7adce1ee61bf8542f7e5c7f47093b101400938c9ffd99de05dbd6871eb1b352c41e157802628c78e3118dc1572c7270b338bd7ff19640fc9e58b8556a0829d9be3736e32282276c48e318c80f1a31f66c15fb4b9
1787432057.102774 sweep:Generic OOK 4.8k RSSI spike: -45.5
  -> 255 710480e232b403f430deec212e000c8efb232ef77eb8e7ffee1d73c599d05994068b955acd49a3a65c239c46c7f0e094b07f19d8f59a5461f570cf09e029b8cf9411ee3fad3bac2fc293e5e014a317128b99e426da7300f0b5f1fe071faf1bd35223a33ba32bf48c7f8d1e11fc8bbc071b8f35d37f5018e0fbffb0aedf1880301cdf110c71e634763038f1d36cc220d8701d2075acfbbcdce3782443ffc94a4a7e87fabffe738b81f9e68dda26b58ee12de93a062e1e10a6caf38870e1313a100081491d2cd9157255bda17e9d0648ff5132761eaab8279b7a72e9a144429d07cc9bbbf7de203e01b7bc5ae89c20044fbbf6a59eeece74fd63c90d91471f61
1787432057.102984 sweep:Generic OOK 4.8k RSSI spike: -45.5
  -> 255 b819035f1d2cb98d87c5f2a9cfca1f0db864f2cb073dc419e30b346e52606631a0f6eafedaa22f07bfbfab929fe878180ac27d0d07531da93a47c08d4046902c0676a241c77b157d470c78c032edfbe78fb90d51e7f2d0980660d377c60d0e263ae409940f4814433e67d73471180dd9825f69008a8ff2ade1828b8749ea5087e0de3510b8476a2441873c59a7011df625f1be3e5e1940185b07b4ec2ddb979504066497fdeae73ebb4128fc0143fcb067f34bbcc20af044da9f37006dccbff7fbe10fac2a11177a5a9a09cf92bdcbfb1975f5b83907ff4fafe42c7723292d38235dca0f7689c207bffcde06e3ed207ffeb3bf153c4a03197b969cc82d81e2
1787432057.1032162 sweep:Generic OOK 4.8k RSSI spike: -45.5
  -> 255 da2a6d3907efcc64c872bca3f28dcc0721c4143ea7c39894c1f9f9fda2fcc5e7dc87de23c00efc40c60631f631f924e7ef400412e6862a47de497e2755cf02c2381980e324069020d020e6163f644a322e671f7814238797d3c121f0314909ffe4f7ef08f863ffbdfb7f5fdbc3f4672dfd986ef8427f8181e67d382c846771fc98dac5e2784cf67dc1820e8fe006a79181aa0d9c25f98b2909f10af8d5ff25b7203b831f3ebb9db690d90308a465b6e62fd7625b4857afb2677e0cecfe181f109d3b130f6f56feef9d4ee47f4688de19ff06e7f811d3810339d800ffef05e6a82a3f3873426cf6b163cf005844bac7d9f28711eeeb7f696641c05cae3b6e21
1787432057.103433 sweep:Generic OOK 4.8k RSSI spike: -45.5
  -> 255 19309ffcdc49bb7fd0200f09eb0193f5573104f40573fce90cbac5f187edb8ff54b819f2f9ffa4b660af92d3ffd199b54d15f11ff9c2618ce2fcac93bc29de170138751ac82565ebe5d8b1ce543ad455c75c2308ad8fe87d7f002bc130d60e7999b6038f0fbd4fd8ee5a5577efec0803efbb3bf8fe4e308207af204ffc8190c2e1f0382b887d679822e1745978a2790f527128b9147b1e4dde44de7fa67efd789fed006b4150f6b9c058de0d5e60041ac0f8f401ff38f37b99cfdd7ecee0439c854677f6803bd17f2912d76263a482ffc7c63e81b176613cc1ef6265b81908e2b949e2a2e36b9853f4a0736d302700f1f8260909fc1fd307af29b59e7bcfd5
1787432057.103638 sweep:Generic OOK 4.8k RSSI spike: -46.0
  -> 255 73cbcfd328fe19407c61800d78c13b38804356910926f08caec28feb27fe1c5387b0f123503b0103355c7f9df75035e2a1dd80d02faa023e22167e22cfbf08b81b141eb65b55e43d7942ee6a473954eae109699a6ae2ca90fa67694ba27c844079455370bc5190204f7f474c4a20a4905c711bc29bef6edbb5e043958a36d181944057120c266e8d41b9f3bf3ca8fdd39322a73ff02def7cffcc04f0988026f63f01087e6f716bf816ad4fc60430538187fecaa015f12cfe9000fff5f61d926eb3f71d60991f781adff80b70195161aad7032c90181c8a0fc0e7279ffaff690866262114e5b177845290019e7fa8365f0aebe0c3f8edc0c079552c1741a09b
1787432057.103861 sweep:Generic OOK 4.8k RSSI spike: -46.0
  -> 255 54170183f57a72bcca4f39b359f6fbb8d41f8def5dfdc1f0823c14fc331a0b7bd035ab860e09ed0e1331fff37ed082236c7e2e91e70bb0674130b069ed91be7d92d668ce170d386e33785ec74a21002f86df7a05fb5ab7e3a9f5e6bcce4a47bc9870c3c6f32caffc791671b6f619e71b80d7095bb0e00d5afe66cb4d8f2af0217642390c0033c1d3f813d4fab6cb9681a05ed45be5a04211ef02fec5f8ced70238b7c8dcef2e3596758720337610f5dcefd4aeafd930c15003264331e9077b0ec633dff4671c30c061fb1b6f4e3ff4094e1ecf9c3a03c777de3fe9581f130f71a1dc5f77f7085a404175f4a900eb457b1902ef225a8d0f41bace09e858b5cf
1787432057.104084 sweep:Generic OOK 4.8k RSSI spike: -46.0
  -> 255 ec352a3b277778444fd9e433b00a1dfa13e6e89fd01f1b8a124ff83f91d76e759403a9ee5ed81b91aaf61df68034c688824099e76266210cca297fcbeb30d2d2910ef9b12a5a7a93e0a7cdbf7dce053097c0c070f3a041907700a32119c222bf8e03602b5e0f618b8dbb6ff16013a792bb1fb7e35cbbb3c6f9b4154367fae212a3cbfae6a19cd7d2cce54ba0f441b49bc7850621095f19437604c9416acdf722c32c5ae917e557c007d26ee3e01ce061ac671bb9201df5204196a0651284a1f8531e5a816065e871bee3292c83317835093003c7cc812bc5c3ddebf11af0f1bfe2f86ce59fd00625e8e7d81a9898b2ba604cab40c35cd9ecefab1977b2fc10
1787432057.104345 sweep:Generic OOK 4.8k RSSI spike: -46.0
  -> 255 14ee3739a343b7bff23fed7f73843f4377f63182c611fcc036bc7bc7a0e1995740eafcf472bf87a2a55042bce578280f27b8814ac9bf7675ec6bc548c771f9336d684cee01264f29f1011c1745c7135d15f3fd382f87b78f0ae10fb8698139c41bc09f357808895981b9a79f2b047f93e1591faa38ceabee739a10c84c4890767c949b041541938b5033ea872d3a3237d498b67b3372a706a83f3b13f6ae170681178f1bf5c5d80aee0065fac28818ae6b8a283fa7cb5bdff3cc122f8fba5cc84766a4088dc619fc3216c45c1c9a9fbd8ffe012b56da5f145107525663ea7411b49cc38011846f3f42a1dc04fe24ba1c4773d10c907f84dd09547f1b49a95b
1787432057.104573 sweep:Generic OOK 4.8k RSSI spike: -46.5
  -> 255 6f9f09ec2154bc05e430933fc8e930fb74419ce0e1c88089ec7b7a0f36133b2265b20ce7d70ba1194c9c05a9a7163fb06be83f98b17e7c8d7976e380e660982da9e3b87632aefa41be801b1dbf83a34b43c1c961723f6fe15dfa061c8c0811574878b06f89b010cb1220101cccdbfcee67a84e71c130ca67cba7a4d38f8678502e3646c45b1942435b484a48078039aee246602e6ec77044c5be21620a07818a2ff59cbfdb9b1b7d4c872c2318037138e46819ab3074022bd3119bcec40547a557f720587c774ff6428bc02eb50160ed07b08f398c4dabc04040541b91d7fbf71f76312f12619ade9e30f2dbd9348ae9e533f63c96008bec8b8385d061f138
1787432057.1047869 sweep:Generic OOK 4.8k RSSI spike: -46.5
  -> 255 df893b67886a337fceb632fef61d71f827017e1063f90f07fbb21c1fafca11fb7fbe32462070adbb228a7f9fa2ff17c5388039c3a60d9d512e286660c890e0661ed9cf2fcee24206f81c781c43908c0d5d067598d851f81963cf7bf3f66070d86cd986047ddc4a2f830bc89ffdc00461445060808081b093cc603b06f28e36604707a83f4b07e193cf8eac42a6248d1d8f3bbc03eb400b90cd7d800f321182e6f7ded19822117608ff819c068088c5e0074ec01208c5968a3a7fceb97d9c9c2ddb0902d96da137efb807dc783fcb99526404b0a06353f0693dfcfa89c3c1eb3c0416ba0d1102d83ed919f480e0b021d06e3ccf2563af334e39714a652a7700
1787432057.105057 sweep:Generic OOK 4.8k RSSI spike: -46.5
  -> 255 003ca96fcfd7c2202666f1f401c84be82e78cf673de67b06c824efe0ccd9f7e0d30c223373a690c1e22e1fb73bcbb6a4f2bccf59473cac767f9836f5f060346c00f1369f937e1c45a63fce6918cc0ecce078f810884f2b954e8e381c14adbb461a7c6cf5280c67eee037af0a7b09a34f4d864bb1808b3bee1ec6d1835a4c30be51b2073e07cf4b56cff44331ba080798c3f869ed4b2df426e9e8fad96efc777c1718a4100692d01c354369329e75fa367c8de011badadd700efdaecd523881a701e73cc8c24129ddfe4184067d80bd181e7ffb4ffb049ca177b05527c7bf3661e33a134f24bef03dce0c6516816134fdb67ce7f2dc4d8f605e8ec00f873e22
1787432057.105383 sweep:Generic OOK 4.8k RSSI spike: -47.0
  -> 255 27df5252c15df3c6cdf0d1ca182c064a56fcc20416167e089f6204928e362a5b01cd19c362cd3bfd420d537fa69ceffe9612bc803fa3e63f18400b887a51f0c830760913f3e4d1d83b60fa425ccee0f51e82378f2efe79044383852761abfce80cee3ec221005c97403a9083767ba5fe58f04dec508415c53276c78cfe4001638bc0fe0f3f90e193f8cbff3f0fe0e1a3347b2080fbddfd9fe2c8a202b8c310efefe7fb83062dca8a678adf1057bbd94e83f9d3ed3b8f03742c1827f147ddf86799cc0bb9da73e1ce3afcff043209def8d930043da11d7f0d46f1e7cf2c6e2ea4773cd1f0636f960be0732afc07366c056aa1288c66f9997e9f08142d1e7cf6
1787432057.105603 sweep:Generic OOK 4.8k RSSI spike: -47.0
  -> 255 71af81775f979c5a22e39cb85b82138dcfcc0d10e507c10d3f77d769c39fc215f118e3053c53e1e2c09b174904edbce977c7d1f3f99bf553f82c1887014bea817a630a184cf100af262510ce335f27b51beb85c65e17691f261440040de60d838f1d9fff8738f1051a75d57e600e8f0072fafc898ed95f3eff58c75d4efaf89c793c979753a44878d10291efc7cd2963d1f91c1795d411fdbcbffb3750f3d303953e7497577865a724caf6ec42bd8d0099dd9561120617983079cc41b5511e4ff6929612759bdc33cc39a5f3a0f1d39fe515abee04e5bbdfbea6dc341bfebbbc2e378878761ff984453cbfbf120dfe0fa0c5e341677f007ebe3df6e4e337fa
1787432057.10582 sweep:Generic OOK 4.8k RSSI spike: -47.0
  -> 255 23f8cd190048d489ffa30996e87ff0d9d9df1d15b0386ba87672cb673f01abf0e7c697991b1a60a959e7568511bdbdb003a5eb883c9bbeecd9c6cb3600cedc8c37df4fac6ad560ee286b81fe3b278e468865f88a189c738c93821cb2c62a3d41163d81da00e15b0e73c8b8e5e7f77febb489cffda1d0cc7644e2bf1f6166be34df4ffa646716d9738c1cefa9f8c2643a3641e97ee3027dedfcf16a3542c74d9cefb95231afc1e246347b40a803cbb3f3f64da68761486b799827d1f74c72610065c510b7e0e9985bdbcd15f921a6684179ef05340df80ef64f67ecefb03c25781d85b2f81b34ec1a00c739ef9db51e9936b8e4bcc9d6f3e7367e88668bb354
1787432057.10606 sweep:Generic OOK 4.8k RSSI spike: -47.0
  -> 255 cde77e7e981c3da32d9a4188c5dfdb0e3c351b68ef42e0360bc6cb081846a270fb2f7760d01d561f9192680fda1cffd49d1941a466a8dec09aec837a45b8fbd0a763900ce40bdf1a0e8b60ccbfbd136c019a909fa23fff8be124046572f765d2038db82ea6dfe8ebe6028f53fdb21e000de5ac18e271910e33c8cc847c2fbbc167eb9c466485c9f522da074d3bb9f054b8e176c3cbc2025f6c217803fedbc95fa379ef1e5db5930fa1e029aa76fc2ede2d0dc86439452b3f1cface51c29107b9c6526cc1d8922b9d3000a196c5e48abbb7447a3b7e7d02650af3abc86cfb786023c920718db7cea93ccf20f9fd33942d7107d0441f1fbc0e09a706fee9c87f
1787432057.1062741 sweep:Generic OOK 4.8k RSSI spike: -47.0
  -> 255 678beb8d82c9fdc690882ec0227c400256fc7a1c96cd8b8993f8ae3493d4f1c7fef0dc038f439260749abc2be082a6e739fb7d96358f85fb9923b3eebd62a87328e5ce6c63cf6486263647ffe88bf3daf138af130befd1ef478f11ca1b442f2f1d9205694e7c3538bf805177bf84307ad1882fcb454fd00ba9c3d3dcff58e1dfef69eb8e3981e617c0376b784c4efc47fdc85d4f64634b5d56fcf86f1ee68b98a75c9e45fbe3c17081c210d817f6047d9737aa627355d3ece5ff538781f09071ce17ec43c3b27cc603e277d781f46e4b8a0b12ae30b13fdb07c7ecb62033ef3e83cfe5a039ed20d1177de181647f41a103fea0c1558bf258149a7ce619e710
1787432057.106505 sweep:Generic OOK 4.8k RSSI spike: -47.5
  -> 255 c0e1960e197fc113f060ce7f7f6906b61fd52ff0f7ecb67c5041406677ce33f358c4718e0391eb1096f7f0350def4d62f9cfcdb47ed8299c04b802b8903ecf3086834eebe2963c230fd14e9958af7c2e1832385163e3693f5b3bf4f87619ba7921037714642e30135aca9007e7d0a7df9100d9c26bd7e3f7171282c7ebfdda2fb3c1d7dc7e667e0c4101aa0cd0d7dcc93fc8da9c04cef86836b3bd7d584f21c381edc10b6b1cc0394b73e05f35cbc34f2706797f0b32320069b8efaf0fe7c630cf5dfd12fcccd4723e53e43104e572f88a63c39e6444766020407eaa6c8ee88c76a876b8223c9ee22c770340c78ae900c7f267cf487c19cb861c47b2434b80
1787432057.1067252 sweep:Generic OOK 4.8k RSSI spike: -47.5
  -> 255 07edbd5e0bffe7fe7f61c0601f99881092fefe33de3949df2b7f440b1370cbc62c941d0c8928547d16fffc28a79fa29509032f1b9237bf94a96681a0afae2067e3cbf3aeb3c39b3907e678868c7732175bc19c3e0d75b882c402da03aadcfb62ecab87f7e23d0a8f400f27c9ec23e390477de0b9970bef7e35404eb13f1ff9b3591effd9b3268c2084e6adebec73184bf18d171b9d39e74469983e336e5f5827002fac29dbdc9cf08c508129e611f047eb641b5c21fc7451ef31e6fdfec3c63b3e983ba2068fbabae05ba8c2226a9f00c8a8c2fe9a4ec0c23efe15bbed527b9216fbf16a980f35b6c8bd6608f17491c187e39387fef4479c18d132a80ee37f
1787432057.106942 sweep:Generic OOK 4.8k RSSI spike: -47.5
  -> 255 37540fb05171cc8e7490c03e5f8201ec01943fb34f24fe07e45ca0ec1cab01f2c523467506f2be0c8a360384dbdc898c1f4c62102f707ed3eceecb1ee6a70aa89bc778e268e70a57960791e9900e6795ffab3bd8c2e22ac57124bad4479e37191c08f6c91426c161e5a50039dd816a0e3f8f561e03e2067d377365ad2f8d5edff1f8e18d33c4dc01fd65c0fca5c7fe97f77dd9728eb91b2c71d25e90d76674151fdb1c26b308f30f6fc87311e5973c7518d3cdd0788d3be42f61801d862f0b3bf3c17e61060ed07bcf66f9475cd849eaa83eb35cc1231fb8b25e218419eb0f6f3fc7ec7b7b8307860bbffa204f1c98e73cd0e09afff958783831ea1f603daa
1787432057.107189 sweep:Generic OOK 4.8k RSSI spike: -47.5
  -> 255 d8c185aecbf1aa218f06dba3fe7b18439b19f9e11c2c4f9cbdefcc07fcb28177ec299002d1adc735dccd7b79ec014072abeb0f7bbd2d05e7eac7d19dbf9c71b497da3a470caf266219cb70710387cfc2358b9d461f94138365a5977e6a1afb1c2f9c74ec624afa6dca5b9ee8ccc0c15401be0e1f3f913e8a06347c7687d2ca8adba39027b341fa164241b181d9e478222e3273c76e8710eb7c41fbbc5fd072ef6830b22b075deb806b3bfc9329bfa486cad81d4569caf87b0c3c74604cf6dfc8ba3c8b6861defc0fc123bbbbb9bf3a0a137fd6138670938701a62d85d1f3f968a3d7103a8f022dedf464a3df90b0bfbe3d830418bfa8803fc0481dfe1f48af
1787432057.107448 sweep:Generic OOK 4.8k RSSI spike: -48.0
  -> 255 65bec08198846023b3d7eb28a9fbd7547f97dfc513a57e04c5a0dedf8380cd7db5bbcc0b3fb70a65310c21f399c0e9c911784c313c7e52b8081fcca3ff30e595dfdd09209ec831c3b7cd1d8fb887ee30152c875b0c73d5572166592f0837341802ff61a6ff3c65f3a80fe9318850be7be31800e49267531c7ce1c7ffd49624209bf79e9e2731921c6c10a570dfc34dae5bac24851cd99d9dd9bec46c03c3815880ccfd056603bc701802e2ed2c65ae7385c633f30f87b2ffe8ff08732577df4a64ffd470c0331f4fc80daa27fe682cf15ac300d3006eeb9cc7f0440f3c588e0d150f1081461df5818cf1e01fca3145eb897487aed37cce71f816b5ce39ad8c
1787432057.107662 sweep:Generic OOK 4.8k RSSI spike: -48.0
  -> 255 00a0b03c60bef42fb3e19bb3e3a63c37f937a91c7f86fd43bd9e5b4ac6d3c5ec024dda55f7edb3c7bdf0042acf8e8d1199e8cebc3f7e50e575001a85dce7c0c0dd1394c8e3a0e7f6043a2a94c148df51b4b686d8db806c5c75f531ba721ad8b3d1d5e9ed0b66a25d2c5c7be2f7e02f53c9d77b48656ac41c2fe717026e5b41f056158a24f3e21ee7bef9d77fe0e7b57d929bc1883cc1c2b35cc4026be2082b24fff3ff591e8776067f3039cc601d7797841352d16cff2f640013fdebffdcdf3771b7c7a8d1987e60c993b408764cdcf08c72f7c115f8608154891ee501fc7004c12576b1663f34bcccfd3380d2cecb830bca8b9ce148906deb79df44ce907d
1787432057.107878 sweep:Generic OOK 4.8k RSSI spike: -48.0
  -> 255 b7c871f5660d0e6616f0486e30a81eb399d5cba83e679448cb0614ee24c445d093f8971e0fae01f23ea9e660fe7de74113167c983f3a01ac87877031da91d8980433c1382f871168145f5ff953bca97a214f3d4311cef2c6b40b144dc603c1fc4c3c1d398032fe09e8881cd628f07cf81a181fe94474490dedf977df2af81fd06a6b178bd07f86c19178576ecd8ea64a82adeba9c13932c7412c297b841cf8b50fc0dc9365b717ca63f971bff8fe5610ed6947fefc88ba72c220d8ba388d3e1f1950f0528ce1e921bfb76f49e1304ef0f86ecbc62ea04a815921b633a25e052d60dd4187ca5c3fe39b9bc1de5c4674728b0f08fe4472faa976658faf9dafd5
1787432057.108093 sweep:Generic OOK 4.8k RSSI spike: -48.0
  -> 255 f7aac1ae0cc178f166dde5c67bfe624940861353444df8b5d37175716d8df7453ee30394357c22619dc0f10cf0906146e7e50040470743915cc5931407709933cf2684a8df9ff9c634ef17a98e7864ec0151b47401b585850b317d08bd3fb497b750819b1a1c2bf97a3a1cac312f0b2c9e78422f860e30fa3eccfaad8814b8febb66901ff47b763152a6314d69f80baa6003d99a06137e01e8ca5c59349875d9f73a671e2657620323f2ffbda9d2f5ceef4fb3e0123cdb826e4f2238cc1680f2e1eae735fedbfa72cb788086e00904cfc4277ccff810e8e272f22115347ca1b726663e83f271266741eb8883810fce6cfdc70de10bb4c1001f6e15593f07cd
1787432057.1083279 sweep:Generic OOK 4.8k RSSI spike: -48.5
  -> 255 ae2e7e91fbfa4b9f858f7e0e2336a343770b1b6868943c02304cfe104c87ce7e252ef1f402062501cf6e69eb3e2cea79cd1203ee7ffbff84e0875c1c0c4e6c3e05013501df932c18eedfbcf0a70e0eba677299676227c13b7bedd331ff4841f012f78323c125cf149bee2988377fee8c33a618b8400e5c88d819fe67e29a18f2a01b6d0acb6487e70ca89ae19f9e9fc23c5b5ff9117c3ad0941e08dfec7dd8fa2fe999516c423d63996818cb4f5008abbe21b53f8d3dfe987fefb2f33fe5fcea17726338f5906e5966bcf734f80dea8c1ae4cb3bbaa82dfefe0f574ad7f04811c7b87ee448446f6df30ec45161c98d0efb18f6ccb41691101a3702101900c3
1787432057.1085608 sweep:Generic OOK 4.8k RSSI spike: -48.5
  -> 255 95bffee71417e4a32d1ee21105f0217c7cc9f8708cb7fcfbdff876ca739f94732ee3e7ed9c413ac7770fb52608c5884ba87a20f7906ddab0703d7026f7d5f70ff2c0588d38fc508018fd409a830c93f01967cf07ee8711eca7a0f9cd3bd298013fba00d1c53f489d1343fe0f3ece71e11b7ecc719181dafe7a50409713d6323ebd9c6f79b9819743941b1dffc1b83e284037f6385f127aefe32687233b60af831121a0ccdcf93643d22e9fd11c73e74f11f0bf1c06a319d8b82fab612e59393be0fa2650d06fde78e50ab6cfd40732254430505f930dd8221779e0cc7007be9ca96abf38b39fa3f59fdede844b15077b365f7a0195860ffbeb14005de02d40
1787432057.1087701 sweep:Generic OOK 4.8k RSSI spike: -48.5
  -> 255 a65eb6d7a01e4c367de20b4b21f007c42e141083b871b57a3cbbf0170e3509c0445ba01daef9c7d4712e4b024af1c3e72839792e45a580936ed427ff6ce133a32fd0a78cbd84c46233000d4439e4a4c7cf900760be7f237b3f652ec54126ef613ed118608b34881e231b9feec3c1b691f09840b4ef9e827fdc538da3f73c0bf7709dd9856bd837d9691b99ee891a4908b7c6bf8246ddcc840c14fff3e033cdfd5bcf0fa56c6a70958822381cd25022784a3c620658818100399ff9bf1dfe81dfcf2408e5eb443c7fcf780dd381af9db991d8d0815e40ae6cffa11bfce04e0e39b1f1bd70c2d63c82fc35ff9a1437997225eff6345dfc0c7cd0d4f84718c852
1787432057.1089861 sweep:Generic OOK 4.8k RSSI spike: -48.5
  -> 255 222bcfd2b098cef7cd0308822041ce68303acc961c78327e9da9d630d30c07e94cfebc16443f9e0682c1481ab6b347249644669681f5d211f6efa54764c9304f2c3e391b542382ba299b69eff63ff8909a5fc6d6638186078a3af6bd440804d9f3b07ffea2a6bd457ffdfcab60e3a5c71767e1e56c53d9dc80dc3f97f912e9419f20698f51fc04c798f12276fe38bd6b5de8983c6bdf296f963475006c3d007fc5f602eb131e7001128a698a877f2d346abfef4a3b93be4b133998f0e8012f8ac7c38054e3fdf5af6249baa0031608c262f3328a7cd1da39f5c773e03b3281cdec3a2f27ad9dd2613fb16f648f6fe51c2fb3e23624622c77135267e04604f3
1787432057.109205 sweep:Generic OOK 4.8k RSSI spike: -49.0
  -> 255 8d851207ff50be67f936f6b410781d0145129c24e2ac17e2ce60ff88c2f30fbce1c51803be0cc9e21b10fe1ddbf06d0a781efd98c113ea5e7776ae7e8fe06da12083b2ac3a0e16473b46e208d59407e32c9b6da171682e1f5846a00e00187af41b65e084e0642b3d7c282693adfe0b45f702428a3868eaaa8f0e3d0fa54ffad8e10020328cf4df6f1db277d163749cff81f2001e810c27af6474199818271ab3f336546fdc49fbc414925f84a0183b03ca4f1e734b5ac68bb4e7bfe1a2b18d1bc54bcc8415bd7566d80f1c545e1f783d61de7ce63bece00c2e211c56dac287939f8e20dc32f5007cc065fe0183c5a510fdb7569b8a06878440f6e7d7cc5b99
1787432057.109442 sweep:Generic OOK 4.8k RSSI spike: -49.0
  -> 255 12c65f5a126d8023fc42d54746e18f866be02ddd640380312c7eff7fd3f3effc88b807130d4d8a01cab583e367fcff46b3fd237821f23c98fd451ff8a71d8d7c68726d7c87f184da3405d1cb16c7f1b64f7b03ff11ad8f0317d1b117995a7197d5cfe1f6d15c3e0dd6b07e4f569a706321b268b008e99976d9b879b981dfd8ff890fd4c147fe7edbae64c9103ed0dee51741211fc2caa6ea3cfde40793c95633bdf655d897bed4c52a9c0474a37ef77f857f1592663a08075df6c177b7ad19f01a4869f1ea6bbcc049e864be66f7ec2851e75077dbc49df6189d161f61e34d61c0edb4d243acb33db31059a351cfb307d39a67f3b777fe26193b44ac2ff867
1787432057.109658 sweep:Generic OOK 4.8k RSSI spike: -49.0
  -> 255 a401c2fbdc6f654ec1d1c7a2db2c6f27bb00987dd8c68917f7e750e3814da7238b2b20e129812732f03807647f7f918dc37e8e3a807dce784daa82637e54f6d2c3cd13c7dd600160b146fe19945ef9f71fc00054345178818fe73fdbfd78421a5bfdfd68d308e428a0914de90ebc760efcf3debc1cf999e95dd4243e01710300ff8759c4ffd1c22768d17ae54b6862c0e7dfe0f1b390875fb1025c5111352c197efafc3af8da3601f73fffb8d7d8f3290ecaac2d6823a66f4f05e2de37e05e888e948edf258f03e52306e2df4c0898866fe811c4e66860875f29500201c773da7ceb270f7bced6c68c7173f4be9b31534d7a9e305f64bc3ea1cdf7fc796d49
1787432057.1098711 sweep:Generic OOK 4.8k RSSI spike: -49.0
  -> 255 0db70c8ab701c990738a4396ca281d9dc7fda1ff697fe9ce91ba4c97a878754d24291127d17e967b7cb773c2b39f3adc5ebbff09e14e1c692cf0238d92330882a986e1a68532385bae43762e6138fcf75960f31f845b5bf9406c47635bfd9993cc7de7c638a221f381dd987a0d9ca983b04b129450271c2404ec16225b886340b0e49befc177f849ffd9a14cbfc53724b62e8fc1fb9d297c3ffc507f50d9dc1c29b378d1c518c74209f70d65dc0e4fc7047c8aca607c88e7644c23be680cc70ccf3bec8284f3411ffe47f3260be640dcc28def6c9301d9fc0c7e1fe1930d8feae0c25f0a3eecb4b7e42b799c21f80c3e6f8669381d15e3bfc3389a7fc33191
1787432057.110077 sweep:Generic OOK 4.8k RSSI spike: -49.0
  -> 255 347aeff293b47f805a1d77cef80b625dc0e00fa65c12f45a719c3bf27cb0bd91631e95ec5febefe3e84d282b699fa380b2189fec204d938930534eb9e8f37111f17cea0b63ff2d110a626607cfee0128027af8e888fb6ad53c07b19b6d4392882fc5ffc7bb451c98e66fa3ea284017caeb6a94ee5a9fc0ff6b7cc212e662f1a78fb7fa1ec37e801bffd88c7adc0c3e11006ce8cea0313f432f761df988dc2caadcb5dbde27b020c30e3a368874121fe6e1d7e2b84af8a95cf79f5f33091d5304982faa4864b9da4f8d59f119f038804714e83f800f1b70a548077e2fb9107f0d0fb701f3e6f071b36fe78d00e605e7135b7f214781fdce06091493f61627f4
1787432057.1103191 sweep:Generic OOK 4.8k RSSI spike: -49.5
  -> 255 42c3a4e4fc446b383a36dd89886eccdce0e30a7f09e7c49f139d460d277cfa13b222a0d09ee67f178e99b1107b9367316b62779efece86af2cc68f3f7efc7e360ccef3e9fd5f6a13b1789ace004273614b08f202408f77daacb292c39c157ec66c8142a6ac6e0a6acb3ba38dbf9e37112477d3ea20f4c98ddc09c44be4d164387091c10c37cc0046dc137be507f2cdba1c296e451a6806142a8fb149436e43e800874507e970152ed488c000873f3c9a444f33c6acf420e40087ec8b8d8e0112e48db4847090ff307da3a39a21e3f99997fdeef87c042d901280c670bf3bb9980b218243e895d35c0b36b3dd47e308ec8a665de069065f94311c6cae7f9dd0
1787432057.110545 sweep:Generic OOK 4.8k RSSI spike: -49.5
  -> 255 cb8b64366c492d6a3fd073731c7e5cd3c3336334c4416d471e2c7af7b0e9a904d8d9c1627805152af4022161e6f75406b827333f4f83df8dfbe04c0378d76c3a777fc86bf880692849596b5909b1fe7b5a9e880fb0c082d70e8700e72f9dfc60b7dcb18b10a5faec293beff4b6f23301ff2f187e0463cffd170a402381482b03e3e17fc8bf74883cb286daa18dde6e9f8de3f155e11461427d1dbd4eb4f76c849f421249a3f4a618da0def8f30fe78f12e0c6443bfecbc744fff9dbbc3dfe1f07f6bff45a7857b412f7e027d1190cfe67be7700c71814800e9711f3f798c3af1206f44868d960c71115f04c3719c3fdc6a3cbeab1b1acb0e7fa2cc4de49fb5
1787432057.110762 sweep:Generic OOK 4.8k RSSI spike: -49.5
  -> 255 0f8e3b80826004084c1181cd393a08a6204a1bde04d8dff18cff2202a1e55e83e3b819367fc2e498573e571e470f543ce64ac018f09c8246e77eca1cf877f4822d86cc05ef4de01507e770ddedd81f9f4fd8fe3de49830431546ca290e7418c81e4e3b2746f88e42cedec83efcbaf076a768f78e005beb41f5059f9220a1f33d1811a61d91e9245df294c56eeee327a2fc1a101b83021e90127f3c2b867794edd96061a168a4a165a03d19318146bd3f6278861f0506579fc9808bc5abc201c1cb0cc466e9c5e9e7e506c5824003e73e6cc77b90098bfc46384fbfd74106788801a6ff8c03c0108abe91a4205817fa63177f9f91967c63f0fe61781ca33dbf
1787432057.110982 sweep:Generic OOK 4.8k RSSI spike: -50.0
  -> 255 df0fb48bcd2877c434eab1238fa2b2bfcdf64ee1113f90cf3779e5e0ce847013727da7fd193d692710fd5f4058911340734f815860f5f7bfe306df97580836c9408790fce6825dc1eb86db6cdec983860b90ff77c1f752e0bdbe7d2e7cdbcfffff616070fe3be7e6dfa249a77d9be8f39b6ed85be18d7ae045ff7498ef34ed5ffe59986abda8b13ee2ef9840b4620379820f8d8311f6fd39befec41e83823fd8101e1dcf11e71e0504c9f04ac1190e2955ab94f1c78d0f2ddcfdc0f033b41c7d835c0fc7f4fae2911847f0ebd85ff6d8c7d77030c02a68becb0fd05d4b4610d3b38378ee87d1bab848063e4c274c37437ccab2552372adca38bcb2703364da
1787432057.1112 sweep:Generic OOK 4.8k RSSI spike: -49.0
  -> 255 2ada58992ed86474b5712f07931f802a03023db7eadb679e9d34b305630fa0e9c756370dfb0ffb25c5a01dd4c38ea02bdd06820703031ffdbf9cba7d85b84ca642f3e4f80975e2770df351ab7a5fc8a9de68dd794503e123ce260be2158d4357af7668dbe7ca040e0eb9c8196479838c1132294e33f061730571efc0e5ff68f1f8bc4706c17cd7bd8e297432ec7171e9421ebd5649d90159cef1f97fdcae40edb2e3f228d6fe78f3c78afcf66380e7787115105759b1accbc01d28f481dc1163a6402b33cd079447223a765849585387639053d9a7807741fc5f095f87d0f3a48f02087801ee39bfbe3eccb590395f946c26a3f6fbc5f16f8eecf30602c919
1787432057.1114361 sweep:Generic OOK 4.8k RSSI spike: -49.0
  -> 255 47d38f8605461bc7539df6e3b2098c71961ea032b81e87679d0393b26d634e9f5ec4203d710df1b6c63588023fab7cc81b36a3cc4938383fbef7c16b422e28f1e37ec363058fbc9fe5351fdc1e6431bb069d81c9006b90b876e9a8fc3fedfa8ff69eedbc8410020f744e416d625cf4cd3ac10386cd3ce81438685f02d4bcfa9c6674b7c8d7350e6127b41c22c670870fe3a03c338fd2bb9e6f543f0fb3dc9b47dfe407373e3fd743631738f88979e26dc843e673dcd0ef7f3ffed6d68a60ea71f262a785f3687918c599b91e70e1a7b55f081dfa1c246bf3803c636c23200ed3c629de2ab40230df9dbe2ceea2dbd88d49fd69c2233fdd01cf8f249a5f1872
1787432057.111648 sweep:Generic OOK 4.8k RSSI spike: -49.0
  -> 255 b7e25032927c299ae20f4205d9f047878716040d799c077b1e7fc2c2d90c4b9aed8165dcd0041e049793bbe3bcf467cc24b3274e688a01f9ae34313cefd1eb0397d1a42417454749d0c1173b97e67935e1fc29b129f737a2fd0c04cf660d3fae7e1a9f12ab84f94ef2d72769cd13210c2cf8c0453ec12dfe20af09bf022b8fd3e7da61c8c333796bdf0f1f7951e81cfbcc01f22c739de7adc6819e5592ead82bb09bf0c193d89eff5fbda9f0a5f0b2e8cf006570c21b4e9afc71fee5a6389d701aa6d7e01792008425ce4686708df549b3f2d03cc05fe3b0d7df3e2b72ef2d1cf320460ffc400c77b01fb569d29134d0c1bf7a48914e74b8824bbe7e5847fa
1787432057.1118588 sweep:Generic OOK 4.8k RSSI spike: -49.0
  -> 255 f4ce64b5822ebb0a463da9008fc010416e27e03ce2d077919044657fb9bef1d947d02ddde4c383ec301dd30f1ff8117e9ec8199deaafcf602274d9f2510ca817bf04b2680dbd6f31e7850f906fed1739a9be2597410807f36185026b100924f91e8219b2e00704616be7cab3760628a4fb6d0606c021433d886bfc3b80eff0217d3f4bdfec88ebb6694bc02bc07c9e0c5678e713d5bd38f8abf9a26ad96f0e37c3f81dd13a0333ff7aade1ee0499e821a4fab5eb20fc04858d83fa42a50f87cbd78886ec61ab553df0768ff559a717fc5a75ea34dd601fa1e91bc3aee895073f1876da4069d225c7bb8b9ad3e7d09f0cfbf408c9a080f270c93ecbfa768c03
1787432057.1120799 sweep:Generic OOK 4.8k RSSI spike: -49.5
  -> 255 1821ec1be777cff4e633a751d81dc2cf72106a30f078f8d66da3b63a763fdf506e125be3991a2f6ca070fc789c79af9a64e0f35ee40934cce51ad01f91f79c028c371f8f07e42805b19ee0c27abed99b00004e5c713823bd1f14b1f58aee6707898ec7e342e3d40783fd2c6efcdbf0fb19c83141e9cc02c7197ff71b2fb19c7cf92c8b60f03fbf0807137e2d7a1c54bfb671fd8a03409f632699c06ddc3ee2a0d4425edc4bd67f85f2363ae78df790fdfd4af810a77de33fcd5bd1e89fd99e0a1eb082b559aaff6ed06c7e17817ed9fd2538d6fb9f5e3de0d3f8e698f266addbc43c5e81bc8e6b4043f60f6405060700f1f7b001343a9c1fc3c0301da1e00f
1787432057.112316 sweep:Generic OOK 4.8k RSSI spike: -49.5
  -> 255 6287af5e3eb299f8027fb5e7cdfc7c39cdeb0098d8e0a0d8c663861163c60188bf8a0384f8adefb999bf2fc79a81393829fa703b861359828040303e3d1ade3702f110f2b46ed71c93eab93cdfe53c7ff67e5a8603e0e78a399644809f42050a3c6af66666ffdfcdf22ffcc6f7e14766e23468d22f7cdce3749076a44acf8cb2e603179a080442f8fe3c4e1fddf61e41315f6a018e9e7de2800197963c81ce24c1beb1511b888f090b5980f87fbd76cbbf0f8d7e4a3c4c7f2cb91868285c222f15758301f9200f3dcf0452e1d7686da5e310dc72e778c711d33b478f95d046f862034325850061d5f9941e8659bc6f3070c5bba60a867616b0981e9ee19c66
1787432057.11254 sweep:Generic OOK 4.8k RSSI spike: -49.5
  -> 255 679c7211b7f6587bff4797a5fb7d46bc44b4d064394bd81bb3bbd423c0f594612cdeddbe10706c3515420378c01e8038072e33ec42ce1cdf406e083d66f58d9078f660deeef68080d1fb6fe4001fe88d8fc6c6c7026d320065210e418ec4ee1ffa6f844165fb043237c6a138e1a5f23b36ca6759fcae07bbfa6cac20fc01c98b6449363ea3c3c0fa8e85ac0e37be3cfc4180b010c37d53f7158f8ec053e20bbfe39fb877b834f7e4d91a1b81ffd2b38c7be42049c3e83d02fd8875b54880e387386e1887ec5d9e6477d341ce1a1187b86fb7f87f72321e70d038e6b7f768504cb3e9cc18ff371c00a0eec2eda9e166662cddaf3a193f74736a000b9b9442f1
1787432057.112749 sweep:Generic OOK 4.8k RSSI spike: -50.0
  -> 255 0663661f4f8c47a1a60877d7b7584f0f321e130353c1ddfd360c54f27464fdb9fd434dee2f0ab2779763fbae001012920c979e1c1f354bf046ebe0aa511ee3bc08bf5bc21dc18e1a994e4ac387e06246aafd08ce09e14de1afee19d198d29893f7e221b5f809e98ff9686cc75981348b84eb9fefe1046a186cb671d18f5b255c03c38bf039f9ad37a5ec7552f166617d891ee78274933f4d89b1a290d213a5ff86d0a7d86730c19e34bef772a7c9fc383f51393a651fc0de653738163c381093ac2ea08ff8839f01fe638a663ff4f008f18357dd408e509bc0ffa957b7ecac1f885cc004f1001360309899ce0f9fe40665b177c65604ce5fb806f20fa18748
1787432057.112957 sweep:Generic OOK 4.8k RSSI spike: -50.0
  -> 255 85f18617b790f517212a495b879105ee72b75f199f3ef99d8f507a0c93f62e25fb27ee7b8766610cdef02740fa0971c4cb2f4dbae7eabdb38e08f840677473c7f2049d59df85deb7fa9939afca3585bf7f9297dfcd0c606e04b4c17f409a7c99343cb881b2d2f0773e19a983f9cbce28e7dd1ba7a1a145d2fca8d606275f61cf9ffabf3698ba73e65840ccccf69c981e2fe34e783007d789015e3ee0a07dce4220839115cd6c2214cf9881d89a80a2c87c7f583376f0dfe7573fdf45ee0e5fbf1a818f8f86c1f94bbc00240cb3cfc860479c647b8090b03ce7c397b6cfe5cf2e448bc7de74eb81896e9ec1008436603c0cd3009fb756b6e7901db9b98e1849
1787432057.113226 sweep:Generic OOK 4.8k RSSI spike: -50.0
  -> 255 ea20826e03b5b270a8ff1f191237b76cc7dc95079b4160a189db3f46ef26db04b778c1fdc642a8fc9373a0d87f922b80678cf22f6ce071c3403f8a661f6be2f2180031b54e0b947eddd1a2d88b7ce217e806597f12793e72ca6fc38448d2ce4ec0440d0e04ba3c72687bb06da27059a4df03028bcb263cf626f61c434413edf7f65cc43d79e5f033603f329e3999194e536823e8f7e785cacc9a7f84b7be8c708ce423f843ddc09fb2f12606b3f34e3861321e40eabed31da320b503214f116979fc63c75e2ced973b2c4897001b0b864689dc9f498bec03f7bf0f6efa2bc3af24496a1ddc3df3344753f610f725c9b9db1f602becb5ecfeba41f0024eb7c2
1787432057.113506 sweep:Generic OOK 4.8k RSSI spike: -50.0
  -> 255 a70cd646cdcf658fee9effc9848e25e76d209210391fde258cfdc0512e903a3e6abb793d3cfcfdb24f4a0637bc3b19ff51f4b41f12c7a97267f7d07af96ebb016e104de17dc3bc27368e6357f2f03f6cebed72246181f87885386e032d2bf1c76154e04239de749dcf81dfe39387f5df428860215d9c4338b7487b75ab5989e48843f1ae386599662bcf61b0795f2bff41a1392560ced9dfbbf45073dde925f93763e7e7a497ed181217cfbdcaaf93ffefaf31e7c00ec60c28ca3ef8770704d1c9c00087c585b1f05d1f2b41ca2e3c57f032884ea3087af820e6a39ef7fe43be7c4bee7f830b2d4986e246b9effc2fea5e0f2edfa3f3c7337bee65c1c4a933
1787432057.113796 sweep:Generic OOK 4.8k RSSI spike: -50.5
  -> 255 1e846aaf1a95cc9ff78e5ac08d0ad7fd25305e150c1626deaf388240f6f8cc3dc3c0e789cf02a41c80d81c383d3c6e9c0ee83ee2d906aa8028fcb02ab6c5ca2cd5fe217828af7e59f91ce7aed65c070d84c773098bbc23671df49e030e8df7fb88f1b9a02dc90188f5a7b77be4ff5edfb81747dac5cccc908da1bbb6c586dadf773feefadf6cda428253418031025d7e0d2e1601950b31a44f6fe1f1fea34897b3adb74f06e7f05e7bdfd1f003e9d3d09607e516a6df918a63bcb03feda349d7b42600e177e798a693c2021ed7e84c0cf4b9bf357f1c08e011b5c55a39efb3101e5d790e20e9210d8a1b6e593e0dfb3f06d047fdcb4e7ba21be326c3a1fc86
1787432057.114072 sweep:Generic OOK 4.8k RSSI spike: -50.5
  -> 255 10119f49f2f7b9ba0d5adc75ca8bdd1bbe0cc6e4b38ed3221954820fd2002450ee7267bcc1aa772ad3949e35e4fd1af53d429538e06d679779c0ccfb82df23638f1d010bf31de4875a465211effb41493890c6fe71ffcd02218a7f4ad6c2a299ed7b80ed00dc07544438e8fe743cb82050f64ff0f2458127f07c05846edc59fd636f8d3d31afc01e77f9c0f89bdd090861ebae9deb4a4a73b327dfb13f337727eff15dada0df16f841893be51a7e9f353c3f3e6d8c3a1ad64f8b804c169cd0ec7f1254b870beb44e787d798b9005788a22ff2297fd88ff7e0fc341ee2a15e490defa3816b3f6c6d50060ccb6f4b7c33fe9ff46c79e7da1132c6e41507b568e
1787432057.114315 sweep:Generic OOK 4.8k RSSI spike: -50.5
  -> 255 a3ed1d9cf1efcf8ef290091879b3f00732d32a0060f19f0f28516f2f622c45df110a82e0b7e518f6e46a9fdd18ba7f5fe0b7d1686dd1eb593be7082711a2ae1ffb2b9fa35da73240760f8321f11ae15e8020cafe0a90ce7b7d8a14fd08101cf84aa225c0db0c25c33f0c7f55ba95ccfe1ab7191ff2f5bb9902216ef8a26f625e2e47b0cd3cdf0623d728a51176b0200103887d703c01ac0f719b6cc145ef295bec4d1ecfda320c2d59f864bd3b58c745a0b5b9a336548b977e15b3b321bf3b7dca612c0e48933bef111e3347b5f2c1e2fd2f104c13002067a3750991102126c34a537bbe07e66ce9af1021bdd7074c39e4b5480bf963312a137b7787f033fb
1787432057.114559 sweep:Generic OOK 4.8k RSSI spike: -50.5
  -> 255 99fc4e05ef792f3a6c201d2df79f55c31acd23953e6ce0a4f8782eceb7a7b0ed0f3715601b5bcfe6e1e2072206b387efbf9d2c611bdac36a108dc9c566ea251b27f17e9181abefda3d08c0cd1db45a7197af9b66d79d83be77a4c5f4c31da1a966bc71fdadcedf76bcf73978bfe33475882089e7d04217636c20dadc71a2346fd82061e0d0730a7dff03b7fd323e795818e50a2846fcfd497927bb88b3990b7329bb63b51eb12d4305e8a177cfb24137b4ac3604d921b427d4c9ddc2a690e9d1802cb8f232dd2d31cf61643af16fe438c1ff0243e3e4c797976fbf7037b354dc30b17ffbfcdd87ea3aba62223eaffa1ac29e3094e7ec968033a6003844e173
1787432057.114793 sweep:Generic OOK 4.8k RSSI spike: -51.0
  -> 255 66b6787977261afb7c89ec8347085b01669e3f901231df57eddb16377e6013f72879ef03dcdcf2fadeab940222171ee60b148c86417efba93a39395e2cca671130f7666b8e1c467efc3b4270089f0ae523b5236956145f9f1b6c944e2164f3ba890feeedc42a09ec363db941d3b7c588c34781fa1cc09170879c675a0321f928fae9e147b59a9177c14defa09d44144a822bc6f3bff8ed00b7b4a68458b7d788ca909190b022391bebc05bd98fa8cb8e20cda6f7eb247b471ee1366aea46bc1f040cb11e45a10f1fea16333dba39cd898f67d7d021adc3148b3d0cb480ee41b0a2f2dfd034a32ed3ff4199e5f41379e3d153ffd64ff5c72507297f4448d04f
1787432057.115055 sweep:Generic OOK 4.8k RSSI spike: -51.0
  -> 255 17679afcd4b5c90918e15ff534c3fa0030a5dc8e06335669902a6007cff8bf9e0edd10823a781fc16b4ef13df3e1bc8b9f7d1b3845dbf8001f5faa3ff23a6fe17e06b7331e0f22803ca7ed78303beb8e73e582c250c1de334433e04a814c2524a2c3326cadbc3ad09b34840623d47b97c9fda80148e019c7de55c9bff968044d0876b8ccc1b577d6f645cca2cde619044042472f69ca8b08246041b0fc00e4df1a0deaff0c6137f9278a626801003fefc1d8c58bc7638e3da0c17e4f85f0d88f592d1fdbf9e0d3083cbb65beb26e48e6f29081000784685e9efff445defae15887ebc69a2727497223d6ed4c169d30d4f8171004bc7207c3427e4a4ec2d526
1787432057.11527 sweep:Generic OOK 4.8k RSSI spike: -51.0
  -> 255 661b5f353f014065fe1188019fc184e027fb099ee0b9c60a09e2f16bdfe6a0849fc120ebdd2e0f417e3430ebe1cc98796fb0af66de03f21cec4e83f8a5268f8b665aed4029c58f8bd07ad7bf00c201bb56b61fbc1e4037f908cfb90da60870d3dcb5fdd331a0c1a3c7d785dd82bf2ee9a7c0ad81fc510b6664b1e7803e01d0bd8bc6c3005fdf764f9227d923001b086c07a3f0fdb85f027df8801556734f13d705468f14fe0f6ecc45bf88ff03db8f9e2775e156609b8658e9e833fd37b26675433a884f73e10ec3778b3201addda07dea893301660fc140a463933c63bf0594fcc8b10619c0bcee04147b6b2d1f0fe48d6f1737ed0893d4e48789419b900f
1787432057.11548 sweep:Generic OOK 4.8k RSSI spike: -51.0
  -> 255 aff2780f6447300bfedfc5726ca4de37b800e5e9e4b1ffdf4f3e41c9c42f838bfb1770d680eb87012306e2d86e268fc3e2d8ba1dc68fec5131a24a0ebd9926eb798dd1d18217e19eba821c99d392180e73f0107bfe6c185cfc8b478c60b075e0c8417318b2675f78706ccb0fae4a2099180f78d93971fae5743a1769390ca7243bbe1023c067abf50260fa96f0783a50b6c841c6c1c4031603c9f7b8467ec3ce438b3cc5efcc152e1bc800bdb4f41ebcb14e3edeeb8d6ccd1cbc92cf2b7a57e6e8cfe0190608913b1f998fd9d9f1fcbc6077571146df39b9404e987f10d70ef05af87539d6ba1727001d39d36f8a42f7bc223fe457cdcd9088402fdade0ad4
1787432057.115687 sweep:Generic OOK 4.8k RSSI spike: -51.5
  -> 255 e03c7c17053d0b9eda0f05fbb957fa6766a6bca1f67ad4b931e43e1fe6d363f7c63346349f9e05fdc3679fb6ef1bfaf50bcfeb3c3114f2f78f9e3c923678badc08cf759b570b147f0bd6c24563fdeb693dd239097bf210497319c88f8f4809df2f6221c73e110d978e5add861efb3e3f179f4fae2704e2ba6cf08070c8ffa4f319b678d6ae5f2eefca2195e3bfcb3b16a3ded4334ec477057f9b5807e701c4f5d81079f2d8a96688e0bfc0cdd87354f9ea0fbc8e0d282b09f0b06fe7fe1886cf4f749fc5c1683d5906feb3d3ec68bb11c70f31d371ce0ec6a1726d41e42f8c29bbcc8c5f520a2e8f73cd3dfd4e5b633acdda2e5332470bbf5b97aa10f03fc4
1787432057.1158988 sweep:Generic OOK 4.8k RSSI spike: -51.5
  -> 255 3af4791475d5f40aaf902bbfdc0a0b77c2cf02993f1fe7c0e162cbc08cf84e8475638830f9132955da01d17c789173dfb5d61fb44581d3368c23b1fbf19e097d0b9f881a38384920107f6e8493c4b9bfae3682d90d0b205131fa969c1e3de9c7f676788b9115e96fbb704403077cf69e3dfb4151009ce0fd2afb89004fb2006aef7f0f8e117982d1f859bfff88cf9c3ce8b45601c1bc7f096ebda076788f5851b845a1d903b42e2bfacd9e1a1b965b6f210320305d91c4defbe7a7040895c8078afbc67640180513307e60485e5642b96e236355515f4b1033f3de86f089c0232eb5067c95bec38b72e0f65f01e48194678b9b6d770c094ed833ff48783c28
1787432057.116178 sweep:Generic OOK 4.8k RSSI spike: -51.5
  -> 255 19e0c76de70ef5fecefbdf978fa100a3dfee61c232d99ffbcc303ac153b1c32ca3d1ae0a4029bbda440189f3a01f1030a02237e1fb39c11ee3300ffb6f4fd41c87992435db208023c608fb86975ce776dde44bc083001f00a1c929740d1b619c123f2b3e19a250dd7cd6291f916935f0106df72fe50075e800c7baff1957956fbae53cec9bbfbcaa0f785e60459fc0d47400ff13cf6b462e91a1bbc03c91f8b71d923dc107383da7df28579b6225b598397d6cffe6ef46881ce54b95b00ece3eefe218468415674de0bbfe932675f3d61e6540ddd167d6941f0cdc4c83bc6183ca6e0ad9c7fff002753363b408176810f3f7850a38510636b52bd23c050b1f
1787432057.116396 sweep:Generic OOK 4.8k RSSI spike: -51.5
  -> 255 08f9d1b377462b992181716b35dd8180287f0410ff9ba41cbcf2f2ecf2584348724f056e68c46a6ee78f7fa23e1ecf644d22c3e182e98cc1edf113829e0355e0e198a2461ebe06c13ff22d1608347c49eaf82e3c0fe4e8c980c4c799ef7414dd987b0868e2cc63aea52411eff25cf227843cfc26ffa1f709a1dd78b66b97bf41beb76267ccfe9c4063f743740c47737bc64f02339e1600b240affe24ca1a5f8bfd87780bd464e1c97ca5014e3e0a3a30e30e4d0594cf01d863148afbcaf9ef8d82662612107e0089b9201162f92e0afd3140651b9180b541bc1013a66099431ebb63ee8661f001949ebf5e5e7397c51c4f4de3f3036a603ede21cc8ff1ce51
1787432057.1166239 sweep:Generic OOK 4.8k RSSI spike: -52.0
  -> 255 176064f4e01cde861beb23d0039dd099f1131f2217c196d0f023ea1c452dd77e8c41c283c120163ffadac781c6f25b36d0a704b9ec2512ccee8f88d7a9e106f178bf72ebeebac77e12973a736e5477f8c438be4c18b7cde2e9f5b61df81941c0c980055df07a713d1077fd421c8862f1072d53149c1c1c10c5bfa06e05a172067bd5257b33f180e4c6bacfeb2002c72091c68e9f167bf23131c52547c631b994510c44fe625f5128f3fdb048661bbed358e18f478019edb24dded3e15b059f91e7c70cbfcf9271831fc161f072cd0ae26e79f17817f3260e7c79bb3217f03d3d669e3ad80fa07520983705c21451f803f1eeb33d125c5fa49ab4a4f4ff81e9
1787432057.116837 sweep:Generic OOK 4.8k RSSI spike: -52.0
  -> 255 c1db9c06928cf69a2a34affdb4473bfc1d314bc8819827e7401f2e8cefcf492230f1e702c272bfe21097bcab07ffd19d42fdf8c7ed681fb00296f69f979e71671c80364bed4141831498c5f08e9be201a6f2576409b4773b39702d2cdc0ef0e43c6d7f8b7e2f0116e4a355f38fbb0991e60672eb90e9d64f1d3ecbd35d6549cfe86216ef0fff00368616921cf8bf2e1f062b9c39f34343024fffcf3e1bfefa091cbb6cd6352e16ed6068d7653003d31a1fe86e11a7429ccb4600605994bc98c725f6195bec048a53ef0bc3e2d649069b7f01ed72637f5e26384f1047817c179504067121a21369348651cf76a918474fcd0ea6771d1e61bf726f9ff590fd81
1787432057.11708 sweep:Generic OOK 4.8k RSSI spike: -52.0
  -> 255 c2fdb87ba00bf442326dc19b865f83feb8a1b045e8f36e8e90c003b61dcea7f887efa35c03060c4f5456676702a4b3c013a303f2f01f807d721c9e47d607d3613fa00a3261fe1a0f223ff84ad26a867197c95c1c7477f86ffe16c520e65d1f900b0bfff030cc420eee4a370b5700730df6182a1dade5402b7cbfd1ed8ace4db19f444165f0cf37c70ef05177a3e83e6ba392f011e70e2010c1c69fa0f160801dabdeb20404314385ffce605791e818f971c13913d38d19e22af2fe310bf8085e7af403e30ebfda6f18ce74e04beb094e19c3bdc31f62a33659e31712ef29e10ff0d5863573c71c6017f1f8b9cf5fb2be393c63207c256488dde21e77f25c21
1787432057.117322 sweep:Generic OOK 4.8k RSSI spike: -52.0
  -> 255 7f4e06eb38f4fd0d628732f166892ce64278f47e2a7d63fe0d2b007f0851aebb151c68c337bb0c6b3dbffba6bf5bce7b269f9197abb33400fdba7861afa35a642190d6bba92e4fbb4adcfe714816baff1d6187f7c3b41398cb770823f55601c15f1f4e2cfa66746ba9f417f2620241b377f8ba781ce46d8c3e1f883814f39fd40be8d11a5e639d3727d421707f0083b7c71c0cbcbcbcdc796be81c0725c64d1703bf16e7dffbe0d1a41b558ba633563e6649fb72e5b84e659a610f7ade620e8e402172c53cb58d150d4021f84fc1406dd2e6fd05c09a0868e573e20721088586bc722c3c9281c1c4a23fe2c67bce7e9bc719515925e0dc7328cfe5e4bf953a
1787432057.117558 sweep:Generic OOK 4.8k RSSI spike: -52.5
  -> 255 b64c1eddd2df9ff72c1fd80897ed0cc18c33abcf8b1b2bbd44391001eb43e0a76fde1362709bf4c2dfbd775f3a133ba1343f3b17de1022858cd0fefb19e64fab479b9b3d44e671cee18c3d06e5f8677f3eb98e0d73703b47795e3ef9d79a144f8d61b70b7257e140a17c6b8ce2e9a4ebc23a70dd3407f6081df5c41e1f5dd0cf6c08f7f68788a003d84efe840dbc4008083898057604b192bdec3be3c308cb31d5c02027f070a9a1542b8e46a91a33ce965a590cef20114e63e53fe34261fcc47ee5f88f578315ff385d83c94842ed89a9e68807bc7b0cf0701788cde7531a5ae8a89e88ed1dd1d97a32d024d40c31e0fcb028069ae2cc900d909e40380d3c
1787432057.117769 sweep:Generic OOK 4.8k RSSI spike: -52.5
  -> 255 369465ce4cacf8078041c7aefb2eaceccfe3b0fa78f382d74064a03b0611266a901e62200780ffe946c9466603d03b0bc5264f03b1cec1f9857299fe1be6abc37c73cb0495e05531fc92c4763f4e0600e3777cf18322bf0072aaef181bc3d419c42ad26500bb3ad8f75db11fa6f67ee3bce7c815874b86b0442e07f0f8f077c4be958411fe835ec469151d17c72c029f6c033801f228fbc739d998f1ae0b0a809049fdb9f0408b417f2c80aec68fd2610baf97bdc081050ea06fc9cc602d97e3de1c5d1d26dbbc333fefd23dccc443e67c28e1938201c5f7734f0de5e08b39eeae5597177936587191cb2cf25eb9b0168227e31e98f380e84e30703aba3ddc
1787432057.118057 sweep:Generic OOK 4.8k RSSI spike: -52.5
  -> 255 134dee2d9f3f60e87f031b7812499ee4f0e80889fe9e9f9c8bcbf2b879e2ff87a821fe5d0f3cc265827c1c1f1ef80eaf80be02ffa6ffe076b8582c3183460168c5f470eec6cff467b93cce0354d2e3c18dfd6eefbdc2479f1f08b24de4cd0a39a7fc6efad9937cf10992af3ed62636c9e88cdf73bf62c9efbd9f4631baed733f7454eeffd2fa5edf31e6fcc1f36110f5cb864005509bf8740071b3fac77f9f71bf8967302d7144093f07f837388e0c3fae238c97d3eaac60818f12c320e010ee39ac094fc95966901c46805a765c5eef1ab605cda18865ca2bd30f9ce6b83bcd0b1e38bf846481ae170dae6ea557cd6f230007d743c11ed95f778d2b88f71e
1787432057.118263 sweep:Generic OOK 4.8k RSSI spike: -52.5
  -> 255 c3147f9de18496bdc4bb83bdb98019baf96c8b3a5b359c12d50e7fa172a7cfaf42bd178b4e76ffd5afa91b83c768e0e18fc4d7adbbfdd628fafcd131cfcbe0ac42d6280dc6723d8fbd6c214000476e05df77a3031d777da9b3fcd3c69e09cde5d14a74ce06188ef42036d7c7872fa38863a16793c5bb7bd7ad20d864a09ffe52f06d980fe1833dc1f3c623e1352787275f6da1ba8c56dfcc4f0baf0f3f8450d6e1128da8891ff2e20789f947fa3d8e9f60dc71630a4603cdda5e4c390f03ccfd8f307772fe02afc5013fb581e58412af3fa421f3c562468f996e637ea3019dda1d853f19186cbf26dcef4bbf87fbb2bc60f1bd000277a57ef1d63397f103f3
1787432057.118474 sweep:Generic OOK 4.8k RSSI spike: -53.0
  -> 255 69bbbad7be067a8c467cae3891f040af6800798eefb6426837e308272b87cbf3ff8a01f10ae4bc65cf3c97625bc14b8594293a4882e1dfc1f0db27cd099dc0e53f4f87806866207e875706180224505f0ed3fab261d0a7ab608dcb9f3a8f86e7382fba19a068d184deba1d0b86079a08807d10459e61de40288a2fb48b333aaf1e879704dfb3e0439103e1929d642d31bbd16e7cec7e7dbc1c840c2603abe809ac344f3f270d89c6f7167cd824c012243bc8e0c97b40c4fc2e2409798bfe0e66e60568e3162731392710030eb1e71ee4551c3ddd7ef95b28c8740fecc83aba218a5cea873e3f47f54d4c7c2c37a2d2d0c50a9f2a1c13384419b8fff7f69ecd
1787432057.1186938 sweep:Generic OOK 4.8k RSSI spike: -53.0
  -> 255 c6c3d053c69c85f0257fa6f65f83fd859e66778e35d1203c23303e715033a19dc636aa6368414fc3f1f0589fd6fc96859f82aeed81a790021e1f03edb48a0ac0e45fffbd83b8d89b9eca3e27fd2b284dc128b3bed75c4a0190e65b272d7c39af43f90fe4cd6d1d2942e3d079a6126808e0c1d174457bf9a7ccfdb06fbc41e804ea8e74de181b46ce10e507f7c372200c8e1e5616150a9eb89ac8647ccbb92a30e2571eb019449ab856a51ca8be30ee7411c6f7f1b63f4f88697fdb50447be5da938fcd9d32470255f5003cba7155f2b74ddcb6201a6edabf2c840846562d35f878fe0bfd1714dc426f80fdd5366a11f0c20cfd40e314748037c3f0e0021799
1787432057.118915 sweep:Generic OOK 4.8k RSSI spike: -53.0
  -> 255 78ff800c416297db44078647890f1aaffd49f1fc00ffe1e88f620cade31d902335aa3c49861806ee35f8f97fa0e31b7d94fc3e4d19fb4be0562793f1459028866f94fdda6ff74cca054fc393c0bbb79bb5d9cb1c631821cc4fcda13ff9c1ed6cede21a0747675d1c3fbe32943b8b83fca0cd2bcb0153c0a1ca085117304fa3bfe90f2467ee1c14c5672013f0bd6fd58304c0771f73cf60f948b0f834c3b02fc21822a427d06c67c3b4e2dcc07c1ca7ee314021795fff5626251e76b3c2e4001e3c9d0c3f68b7e0663d4980d6fa1fc81c0be01a749bb3a2f95b31bf183e744ff1828132622595e649f8f0d1701f43e3cb38fad728e7bb3763bed37be00173a4
1787432057.119165 sweep:Generic OOK 4.8k RSSI spike: -53.0
  -> 255 25f8a1f88b9ebb0337dba25cd06ffa8c4ff011e20c55b54ee0ab69c3bde5dfdf1ff9219f667706b7e4024eb20fa10c0fd75454d6f9a39b976d99d0cf08f309c9a0ef98a0fd6eeabe016aaab940ede115d8269930f68a1c130de89cde00eb2460dcbcd26637be302e015b1fbc480c4ee031b44c7a779308a306f45a6fe31d8f7ecc681ce926fe5f9d478aebc1461cf94b73d8e6f1836be82f6e1cf81a387819c843848f3d4a950689d7811ad2dab41ddc27f7226d08fc6efd5e3cf9c860f5e3efbb67cafd07519e10dc0e1feaeb17d28c6a07519bd6035313d83fc3df6fafd3034a003dcdd70f378ce006ca3a2012f1c9e4f0227313c1600e2bd45be80819b7
1787432057.119377 sweep:Generic OOK 4.8k RSSI spike: -53.5
  -> 255 901964f8c012fb018c3645e75c12220312807748274d5acd08ef91a525b1807b623a9791bf7a9e161f76bbeeb106ff26e5b13f7f3068edfdff79bdc1e51039fdfa19b47e3ce3245de17e788080e1c027f3fe6c37ace26761daed8a1e11124dee0e0f77fc08844451990f6bc6930893750d80055c140e5107ffc501123ae0de7dabd82e31e96b0c2ca1ee078ef2c6284b230e47d5619e26e347308067f923e770cc4d39c4e105d8061d1e17fc17cbc06aa84042dce1b802028d4f114974b74427dc2f418e5aec814f6076d44e8bcdde09045a04de3e850a7e7a1f7727125de0c38fdc1b3c05dbfaf008e26cc77e279f18a6180cf81523249aabe587b9479533
1787432057.119605 sweep:Generic OOK 4.8k RSSI spike: -53.5
  -> 255 586a6971af9f1d9e4f800f42c7cdec234e06e69f9a7807867098f4e865e3990e97397018f01b77de999bd5bfd98a512e0a7982c04801ffebe54329ffc663f5c421be33746d95d3d1b6321f9790038f8500413dea1c0eb9e497eb90c412a93bfe15faa45b87ef2a346348e298ca147d41b22220209066046180ec0c17ffb30d55ff4c29ad7bdace958ff73053f573b92e6234af2e27c7dbb128187c0e0992199e05d4036f62b1493fc3dee07b4e442777193887a19f07e39e8b6358c425fa07898e46798a6e899ef9fb5f0efdf86491bbcc4ffb02799d052f34c04effc373bb280346300941c7f9ea7186f31ffe04c3202fccab3bf5d18c73188ed1073f818f
1787432057.119824 sweep:Generic OOK 4.8k RSSI spike: -53.5
  -> 255 87301588c2fe9ea1d967a8b143b39d7a15fa9bae67933647e808d0d1ce2b544fabbc725389b6ff3fbb810393fdecb175ce18fff26ee3f14de2e17e0bbc3724209338803b4980da6f6200d03cac0b6827fe70159ec4670582d6e3015903417e2d7eaefed284dc1c87a535fe07664251459eb658f5941f9197f009e85b120eb0850e05f7f19ce3d90067a059f85c1e7b1083605aca17fee3f818bb305be443350f37a006019ecaefc0e8de00dd57e23a20d22f9267a41e00324768114d87b30935604e9a5187fe639ce9307ed843bc0380ffeecefbfddd439ac0e2ab7f33f272fcae01e9e11f99eadb93c04ba501b66c58e3c221964e2bc54e64b8c868bfbef5
1787432057.1200562 sweep:Generic OOK 4.8k RSSI spike: -53.5
  -> 255 2988e0e0b6f4f9ceddb080c1e9be6484efb72e0f81fcc293bd38c713465727f4b77bf9bfeb63c53d9a726f3bd3fcc0175e96203e21a215db5123f15eadc71d1acc6e7fe339e1ce8947bf725dd0148649e33cef7083c553a43d82b037fa11784bfe8eaf502e3d171f5265cf18e71185d0b3ba9d92ca2c6d869d1ce760034ef7261b23e126c7fe417c8e3cb3bf6edca3a3f9f7673df6ff9efabe4b3b76599c4ffb8e79d03fa14c03215ac619bf70f09dc61cf1f2a0709ef8e629c1613fff8bcf3fbf00c0f7729497387d2e791f1681984ff38e8de7cb74e67c24dfbc4cefdff76300127e681b11f20508a166bfeab82e13df9b3c7f73ab5f89c198e4f1c3bb88
1787432057.120272 sweep:Generic OOK 4.8k RSSI spike: -54.0
  -> 255 ca9cafbf779e83f70f8a04a2681a05000bdc115d74ab4c84c65c353ca9fe60364e930dfd83d31fd683e2c7ca9bf13f871a2b54474e40200106698bb915e70d77f016ff02637fe4fcc9eae85e320a00b8c903f71e62fb316c36a0d8fe8e1f0efffbc1db0d5a2c4e2621fc9f85e088e7445b270f8e7b6d7aebeee737b17db2e134ca53f473039fdae366e54d00dfffc66f14308fe18bc8d33e1cfffaf13cb4ef467e3f065b37235b30fbe081ddb9fc9fd12172e03dfc522e08bbce3891bb0e12f5cb8409172b450b8b730e011b7d8fdf5ee8835253f87bc80bbe03e07c593cbe3c87913e59da7fe0370cdb375e4b2a01b34ebfa0db17c4920034406bb6ac4085
1787432057.120498 sweep:Generic OOK 4.8k RSSI spike: -54.0
  -> 255 f174c1b2ee2b3fb5846c4b019b21b679827b12ff0648bceb0287b01899bdd1561d67287062317bf3300dfb169d070da147e4de7e03f35dcc421c2c0d829fcd7d6b46846f833053f7b1a041855a26be8e086d0fbdedb93c9facfa091e38589d3de043288e8961b3fe41b6717246dd980337e00064e7c7c4b1c8e6eb5bcfa47040fbea4e2102f55bd5def80801fa2f4b17f9dd7646142be10f118ed460dd1b518bff80680edb1dd306b5a7e4baa78b39f017a3634c716f32660f9c35bbe84f125c25afcc3115c930758a06cf950b3a1832f24f37b084e39ed7eb5e04639713abe35eebcdb73cfbeec1c90f1b49500f6571c22c5dc9faafd82f24b668081defba
1787432057.120718 sweep:Generic OOK 4.8k RSSI spike: -54.0
  -> 255 87ec81a1238da2e31a1347944f883eb96e3dc9f7e0e52725a1a33679dc0ee4248fb2039f9f400fa54ac6c77bf5d37261e0c91ebbbf09c49619fc37be56903cfd0b04989a61f9ada4f30e2ba679a4ac9c7ac7238be73130623a07a81a2c20f1f3ae5b733f897073f738b7885f43f373fc0706dc381f6884481ed4ec78d2ff5e9c0ff2004441e6a6e7e49f980b69c8d3001b88fba1885f1fe1a5bf5c3f73a83cbff70f30b426c6f41faa2300eaba446d87f87fc60999c06501695e063e3c0e762aa9aec40f3145c030e43bff710e0293971e183874c1a711a3edb13291b6ea93cfc90c3ea57812fa5dfdf961c62671babe2c03dc1cd90975095ac58e78ca0e75
1787432057.1209579 sweep:Generic OOK 4.8k RSSI spike: -54.0
  -> 255 6dc0e305af9d867b164ace3f178bf045c17d5c441867bf801ddecdfa16f500088042244e07921870b6d817dfa048d8e23184421a2ce80171036f9a095800050e0ad9b38fa68f339e5d55a2682ac79877f17bdbaca05588033d67f3e07b3b778ef219f58d388707dada34bc3eff342870f506003a476736a12b311d2469444203ca7f842e62b757a3c5f95e197df4a09d367e0c80f4988b5d7e782fc84d4c34c02a7607e092e2ad0238920ff649ee0c1ff693e3ec9186b3debb3d60fea4fb034721c069f3d9be227fc86abf3b7516b91fabe04c2100ee3ba4643c033ce87024fbc3b636f70ef692f6c2ae6b5e4771c531368fba84d2360e27d37fc6f801d466
1787432057.1211982 sweep:Generic OOK 4.8k RSSI spike: -54.0
  -> 255 2f7f9f698ee2c63cf5c37deb6b0afe0540f77dbd60f537f3f431f7460463c9d62073dee3eecfade519e37cb7df77f091035312926ecde738fc5013e953f9095c35306fbb78e857e749f11153283e4dd0296efc2021a1dde371c105cdefe46b6b9c5ec2b68e71f804411b907243c4ec0079c45887ce841407f640134225ef0058d0bf864bb2fdee7f63d73b9e471d4e10601ac5a7ae4da01eb9049f9c2af21a6cca180382637994d12763d96a4902121ce9ccfa6337366767501cfdf9fe8c239180c7305fc3923ede6e2edbe01b74aeb636bce07a98a4933f44a423319a78e5099e431d8fe7285147cb1e6e61182343f63f589583e7404fc053890c7a8fe78a
1787432057.1214411 sweep:Generic OOK 4.8k RSSI spike: -54.5
  -> 255 286231ddfbfc6ee2a00f75b437bfa184fd16b2907571b48e0c76852574d6907c013c0a515e31e69c16282ef8722e7b7b0e743f465f7b6ffcaf0f6627241257ffdf0772606a417de246a437103a61d4cfe013d746fb18a8247929d9c641f4b3c5ec6024809b1ebe2fb5a53d2c6e81fd80ec33cbc25cf3b7e0465757bfbf008285f00c00e602a811d73bf9e3c776c5c9e63ea971bdef021751dcf7ed6d765a1b4127aea4b2ad5e0e8c1a803031f611319cb9bf2e1351e5d3822fc81ff4acc12e4c6797655c1cbe16094cfcadb2d140fe01ab91354c5ab14009aec858929da90b98615165e6f42f1f120f4f842758c23fcede272c435db8a4e23fbbc184a151d1
1787432057.121658 sweep:Generic OOK 4.8k RSSI spike: -54.5
  -> 255 11cf0f580773e7619c970bc61bc9a51587b66cd039b3f38750d746d76f92660d95802c58e4d67ff445ac834fcfbb084d71c240139de10bfc8c1d66e7f119cb9ccf85f46701a5a1c3dffe5450046440bfc00691d8613dd1f6d04ef0f988f8f0e145e3c43abe8265d5c4823b9c3c07cb6099879701580289399c73d6aa3cc3c831687d2bf1d3bab73e1fec9847ef87c3f8fe1b22dffbbe8f1ec1bf4e19fb39ba3b607e0c3077816197e6b0818005031b403854fefa3492f2703cd90fa3760070e41b212b478ce3243ba31cd626be646ea49689c070ec8fa50ad6cf671a6a5302f5abe780056160ea87dfd120b33c8450dcc0e61ff60d81197651c2b5ff9f33dc
1787432057.121863 sweep:Generic OOK 4.8k RSSI spike: -54.5
  -> 255 cf5279f3d145c5d49985784e9036f3f2e0f3127e57f5f00779fcfedf08be6907498bf48570069a89d680fe336639f33b62c00687fed40ce02c720c6c10c04c0f7f257e92c0a67e31dc6029b9ad93c80f00958af3c263e0d0f1f9fd3218c7b94f049d2cdaeec21e7be90786d3f0ecdf6281e619450fc8ff8b3f180fdd8dfc688c9ec3614fedddeb2abd6e978726a7e33c9a63278b7c6758efef77b0c803064eaee0fdba567f394a3ee72e9ff49ecf1d38bf7800a31f30580053a21591e16e50a76dd6cd12be0d33dceb3efd85113bfe9d646d66f19c0be3789c63a3e71dd73cc003c58b8153cc490c0fce7c1c007e94ffd7ca7e6059098017e5196725b988cf
1787432057.122101 sweep:Generic OOK 4.8k RSSI spike: -55.0
  -> 255 60f97e11e11c8aafc156bc7503a6ab8160ba781bbb8bedc2621b6c91474fd36ce9ec00ca65919816eb8e89088302a0fb47cec76ff286a03d7f8778efd883d3c3780ebc872f31195f7cb32399f88f8220ee1179fcf73148def70439273ea07016df84c84190c7b0c18f82308928f739e3c51badb60bfe485bd817b12e61663eaf940434187919a153c0cc645f7f1d673ec0cfa2f9efab5ee601fe7fc74c40f311a1dee6cc74fff24113d7f37fd0003148298b33493fbcebb897d15b67833016ef87ea4b3584597cbb0d6add719e3b6e3f0942381836a083ee5a009f74f2f60decd30e2dfd08254486b7e903002126c9e07b75251bfffc23dc5dc3dbff37c037
1787432057.1223402 sweep:Generic OOK 4.8k RSSI spike: -55.0
  -> 255 3e6ad0cfa3213baefc18c3a01b1f0df3679d8881668918833c83dfbbaf077185f48b196579126df0e33d09cfc00655e60068b2cd83978f3cd898233e82136724a61e83e8505fffd4c00ce83246195fcfc69525c28211c979e180fdfcefe222c3378dd3c3a422f6f47f710a9410e1ceeee5c71ae42be8006e4143ec8c9a00abee9fb028d19eb279876f0c4f4579f000e586010cf9c1b38892c7606cfc8f268f0dd0f084e5b3f814b4ffd66d10613ceffcd8d1206bf4bc5cb8adb12471e4170f1c3e3fcfdfbefa3b2178f1d3d03635449834f0ffed421039c4ef4865ff7a069e33f92069fff8e87f7d0d3a551841ce6d0bc242836ea6d0897f04c8f9ff441dda
1787432057.1225731 sweep:Generic OOK 4.8k RSSI spike: -55.0
  -> 255 e071e68db9126dc7631f18040a8273b20b71b87cccd83d6f9ee7b84851fc4f98220981fb1f9242c0accf65c2796f9c2cc2cc349cf668c86406c77d38037c090cb1f1983607be43b9e733640d802773b1ff88c9144e9c64c2bc04bf63e1fd2d39bee4247f479f0ccf1878ff6df72c999b8dc7655f3d40532ab8d67868e9c239e281013f82787cf59deb1b4b763bdba2e510aeff3b20d0939c2ce0dfef14507e252dfcf3d93cce1a3e85fbb4bc22f7c1faed580ab033322a6c192fff7977864aee59f36c82162b545ff0f6748d3dbf3318c1cbf9cf6818303bcc8c8f8a6b99cda389f7c7a1c03d103ef798301e108a8c68c348f04d82061dd3c3f9170735bdd1
1787432057.122795 sweep:Generic OOK 4.8k RSSI spike: -55.0
  -> 255 09db9a4dec241e36a133b2186e732781584d448d2e8183c544ab239dcb8266ffe7d1af5363dfba7e178211f4dc04e0038f43a727e18c8290fa088c9ffab8fc4f64edd6c887db78ebf453eb484af1dfff979dc08057cfbf907d190c4ff38902d951269cbbe9afc7b001fb4709642e6285f943bcd6c7599f00661f473462140c0ff8dddf127f3bff2e3d4242c7ac73db477f33be79ff9d044f2eec0aa313e0bbdf1e0a363fad5cec41cd181f8772be7bd9f9cf3ff53b33c2c1c3f1ccc69f6c429b30891cb6717e508006f732c20ebaab05df39cc8d11f13e38d1a2e617c02103ffc5d0e9001111cd5e39304cff1a2f0ac5b8b98c6e8d59e7fc80c9563fb25035
1787432057.123072 sweep:Generic OOK 4.8k RSSI spike: -55.0
  -> 255 019df3fed7c31145689e163427c8709f63e0d08ac39c107d1b8ac425ea6f40671a8579a0d631b38f9c7703a27718267cdd81485ccf51da64f124b9eb7407d013474fc02387263bfdf1c291ca48e10f32cefd8be39607805dec0b75600710e5e1d7c128e5ac13f267dc2a284637e50bfa886c01eeb2d404c7b1fbbc110061a4111fa35a4bc30a0b6c042713b8c4e33260048e0bc9d717381d7b2008183a5ae619d1cfc3c0fce5292bceb3e426cdaebe2a9cafb77bb36f090bcacf1fab6f9cfe9fb9c215c1daea903a9af02db8f03ac3fccb0b0ac7dd593ea53207a01600f432def30eb1b11ec5f675a03f638e322eaecf8c985a181bff630f794265fad8353a
1787432057.123328 sweep:Generic OOK 4.8k RSSI spike: -55.5
  -> 255 5d330e0dfb1c21fe92988db873ae92f0a9a397a7926fc1624e318b2c579e8917a68da634f89c3e67c262f1c150bf0b1880a5b3157e1214fb6aee0d1afff337f49fa70fe687ed93e38199e566df03981da5fff95b7e2ac053ee37a875ef27cea41df0e4733c6eb8fcc7a87c47847e7e957535bd61fa0be6fe9c009294705c1883f186ca06ef862df1d8e790f66c17a03e1f8c7e1c2fad6925f62a744847d469d611d2df03f3abb66de60df092fe77562452d35a96152b0011737bb9c5f172cbf3e96c1e0f21c9f78d1c6fdfbe1e039583b24f0af2dfd9910c1f7381b10cbfd8e6870b1fe5b10d86216326f5bebb7edce2017f3b817e9781a00c119e3b416745
1787432057.123554 sweep:Generic OOK 4.8k RSSI spike: -55.5
  -> 255 e7a52967c7e10889de361c48c07848d6624150027c179ef3c1e448838311fc1d7a2fa2366414b62eb607222b30200289ce0f48ae780119823466fa92acdc9e6c33d988dbdc1b2606f2e54f5606344e072e16280a667294c685874ffce1a1349ba9b5a6070ccd0591bd2c10faf918c0c6f10e08fb075f10bf4ffdaa7d320b400cfc34238c427bf27c1ff4947ce3e73f1d9b51c6b4abf20382d6b1953707137ff38050c869c060c8c78039f7e88bcffbecced97a80316c1edbb3273f89e851d48e71bd8078b40fedd7f784e46002cfe79cbedbd9dfe5a0ecb9f8391ede7fd8bcebcb3d9b0cf5e75123c5fc823e7bd311b5416ad1e0805e518bfe6d86d16e180d
1787432057.123768 sweep:Generic OOK 4.8k RSSI spike: -55.5
  -> 255 2c6ef93bf097d2ca3490183b32f9c2a55879d5acf269dbe2313cc8667d53d9bc20980b7d06ff7e13145f3bd870311705db87bc090150a72b1cfbdf3d7f137fddb7878fa5372f0e0dd97b0f13f4870c5cadfe9e632380c16495dc7bb0613c1054435d5bf62f0d184c42ff91d5dcbe83b2c1d597b0e2f3ced9630d47673227a4fbe2d36deca1dd5865ee4659e359c0ccec2dad1ecb7ebc2140ce0cd81b98d12cfebca06764e9cc026c5e4047a1cf1f23b31f88c0006cae599750abc193404a267ba28e869107e1b0a5bac4708fb6f79c0f10e83613299b0d05d4f1fd2fd80d3bf187eb0ca1bf8fc7a1995c580ef2d2f56af3fe0c30e6ff1df400a6efb81407e6
1787432057.1239839 sweep:Generic OOK 4.8k RSSI spike: -56.0
  -> 255 cf32bbc039f49bfcae12638f1dc4b7cf71b36ae320cfa6a9943b9d9716e48ff16b8e56c802c80a6e75172ea682d303db98810feca1e19115b82603fe8dda7fb80421129de9c32ef48c0eaa74b0727f724f802b79ff2ccd9f150f093ed12d53ff144f8ed0982cebe2e4fe496626701ea742cbe8d045f09371e230c133316410086de4268436c93e63863cc6dfefc73c6bd1f1b540ed7bfcd721e34bbfa05056a4cf28f63a08333f3ef8f42e832d410ff1cf07c736a7316d0d997caf8eb457e041c1dc45aa1119e572314b07a2d8238f63dc9fa9e63bfc0df3044b3003a07e3353c737f7b8f0d1384c53317fe56041b4de6837cff28e040408b0900a5b20148d
1787432057.124207 sweep:Generic OOK 4.8k RSSI spike: -55.0
  -> 255 a437f010c01f76ff83fbfe39f693ec8ec0d7883e58fe6d4638c196fcdce8e860fe1bd41ecf0fd4288e446070379888f03e5b4e7b6f3ea96b1ccd39c13f22d80288a78c07145f088876adfc70102dc5cef971ea673e98261e1b6f16997b619c24ef7fb9139794e920cb3a1cbe1db802a44c343c3d500a3fb37bee60b4bb1787f404ef6eb5ee082474942ae07cde8daf6fe93c01c75d5d2b7342207e13cf16f0972def80678ee0ce4fe0bf1dfb3e1588b40bce26c0f91ff11c36f8efa41d4f61ef3be3562350622744e192530b915203ee069d599c7740e95a5e6383f13b0a0bceed1fe7f2f35e13164bf8587f8ae5b9450d1710047dc71c0fb0d87f8ba64325
1787432057.124445 sweep:Generic OOK 4.8k RSSI spike: -55.0
  -> 255 259cfb9f1f713016c52f8bdf23f7effc35fffa958b1967c13f06b74a0725cb335fe4555f91eff3cf41c81fcf05580f188c9d99ab863ca743331e125b57f87f8b4303a5f00fe006f3e2790c07c758f418992fb38b6bffb3c4446a07c23f3422791fb74c4aed9882417866e97b4383307c78218c827327cc97d2ee240473d99cfc6bcb6527924e3cc278ab7fff9ea41864e173b4e42ce3b8ee063c0df62f53f3da10c5d8c6fc0d60e40990a26b5770ebbda7f83244f0827778b7f57d1f17673eee0a861c3e1c41670ec1f2f8c1ec29c3b37f335f216d32399fe4e7005818afee00143fd246983face403dfb811260d1cd3551aadf5efffde5dc26df826404895
1787432057.124674 sweep:Generic OOK 4.8k RSSI spike: -55.0
  -> 255 1662c650f030e036fdc0ce41f3c858ed720661dfa4e07ef4d3764869da792008c99bf5f8dd2e3769af7753c5ddcb3fcd04bcd8831479648ddf4eb1091e3b8217cd7934083693352a34ff6e053fe54fbf77b6bd82e2b1f9f94dd4eb5f751dfa27b14fd0e3da6cfa805e877658ddc4fbb07f977bac2bd1d00460b7c8a23eaf721f2bbcb799c198bd95900f35eeac3b49dcbdabfae110fa5dd21f547ce68d0e99f0fb4e9e4ba660540d81ff756443ba46b8d2318fbc7f849254376b769ec1e7a27c9db45bde2887ad9d1896d0faf202c9251088313f1fb8ff1cce31ecf771f26d9b1effad6eed2aa6f3e13f7cf26cbc81e02996c076db10ab8fa7ddf586797bd8
1787432057.124897 sweep:Generic OOK 4.8k RSSI spike: -55.5
  -> 255 b820c48e159658e1f11bfef20c23a61c7fbc6c123f8dce3750e0773bfea0f8a303810943b77670f178517d8c5084051fb2186c56058713c774e31e8cdd799faa6e854072124c799d34264886d7eeafe63c8b15fd1a338f228a149ec1302fd83e677037e5ad90477c24376cc1620f99c03b197e40b2fc0d8735b14bc3fecbe832e3eae3dffefa8457ffacc9f2df4a2fd23c9d668906bc23df410f6fb09d8c7e43e9c9c51d44499c93804213befd7d647659f85feb30ebff40905792022cc33f52ececf6565e38b863ee5cd6b2cdce97cfa7c6f527bb460670f27c74a9bb9bb59c2ae0cfbef23feb4cf92f328f4815871bb911fecd8116ef1c62fd7767003f86
1787432057.125161 sweep:Generic OOK 4.8k RSSI spike: -55.5
  -> 255 8599cec844f2db92453b2adc401c695f57dbfff5de266fe83ba2b4e324d836936251cd63ad2ae3c991e23018820f2bf6f09667eb0ff740ba36ace71bea5f4387eee8ce0d619c24cd4f71a6f51cce1168079819cb15fef06643eecc809e4d7c5c5dffe86b099e703058c112757407b814e022530b79e019368525c00b90701ad3fee041bd8783777403c73f05cc8d41ed5fa1fff0db25037a43f7ee8eedff9280899f0def8beac1974df48c6430d901e62fd03a39bc676fe490034660718f79321fa7c7b383fe5cdef99906f66d475cf0df5a9ce7b6e7de67c3a3dbb3f762db8c5f71c5bfc0d1dbdfe5cf5ee68f40490c465e20bed9cdeb97a10df401a77903
1787432057.125379 sweep:Generic OOK 4.8k RSSI spike: -55.5
  -> 255 d1dc943f14d85352684bf51a948761d73f7c397fb357941b98f300701efdb73274b3933ffbabc25f809587c4110307b913f493aead84b8c608cf60d14cdc4b2a2284a1862cba2c91e8597df713898a4c697b97411ede430bc07e33e840d83780226ad89707df32f98883c0f940e422f32feefa9e41cbebf0f979bc07ce7cee29e6cd6ea132ccef808c203bf0dd9e70a630d50637ad7cc5c7f863b718d0918a4c318e97d860f00c774d9870dd0d24c759dbe63271f5fbc0efe331df276c309880c8cf700f3ec4d94053cc2f8f5c0e539408bd8da6bda116c370a01800a27e4631707c8b238417a0c16ffc0a7e1922d504d04101172de7909179de6e863de706
1787432057.1255958 sweep:Generic OOK 4.8k RSSI spike: -55.5
  -> 255 b4a3df0414ac44c5d63b43be110ca04e152d88043445050edc0c0108c8e72c6d01b00037d34e603d926ebabc7d9c73ebce42e08f4ddf25cc1dba38530785403573f0002990dfe20f6673e88c7e638b8f88db18c723943fbbb9ffc1a62a4f9837a8e63b9f3c2b2ac25f326115d343a109462901de038d7d7e7e7110006ee4f6f5b5e5f6536aeff52ea93ff9cea78036a2e7ff97b5551ea33e040100b875ef3f2fac2fe283782f838599bbf93bc8e16bc6c437021d2f97e130e413e42d871dbf1922e603b8d9b0d9e321867d55c3e403d263a70ef810fb2620f6c2071f862917a0c18b9dee214119bbae1ed832e09f39246e8749ff551d83c1a3be70f63ae33f
1787432057.12581 sweep:Generic OOK 4.8k RSSI spike: -56.0
  -> 255 c7d886661f29d8ea5a9295b79dc20292ff25819ecee7648fa390a31d69d96361ffa0c49478d21f3cf4734bd0dee16c7be3dfe9904023e49fc3fa3e9bb9549038a48148fd2061c7cb25e822f37b9e03757d47fef84385ce5373e95ecf1d5fdc73992fff3518936a054722024cb9e198b9e67ca6795e0c8ee44b1a4c6207e5303f9858b9d9499f70b07d7cd0a9502c15d27980715789c81710193ca47f678deee4398fcc0ecea7f01373647e309902f65e07bb0e248c4020357e46e733e9cb5e58433300e3be6ee3ff74e9f8f3e2db0e0a93f022cbf605517f96c9b9698f481fec6bf18b10c6398409ff5ce7b78101f796b09340ba79c54428700584ba3739da
1787432057.1260512 sweep:Generic OOK 4.8k RSSI spike: -56.0
  -> 255 15f6be1dc7aaffbd449a1b08f0816f7bfb69dc2dc01651739cb31b354435813b6ec88c78ed588083d80db9febe6c7c229ed6db39cd6e8440747dc92eb36bf6f38d0d6f928f12cc0c1c4f4acf33d9cd2705681c24fd70ee670793f31d6c37030f0730c46d98974da854384f1b7bccc4d87f061bc767298843923da418410830d174d536ea33bf2d986764802043b681fc38a39fc9a5df20b9ba11197fb58d28990077e597f075ff09d0fe890dbe04261bb081b7a04df3f06d81382470c6a4e5c5bce8821deae004541a2e5dcee9e0ddd8045cb8059b375f1ef4b2242315a81c9a2091c6714b1150722216fc9b766297f6d090346323436ee7d49f6e382e97be
1787432057.1262562 sweep:Generic OOK 4.8k RSSI spike: -56.0
  -> 255 1a41c201e5f65cea61c6fb17727e004ffc6a610a09f786e3718f313dde0d9f89f8b9c01f4d9b3d9cb0dc406243c1ecdbee21196a7bfbfbc75fb3ee23f89bb96e3844e2dccfa9befe21d9ec1f771f765698e3bd8fcabcd376c7f07ff1d9ffeb89f9886f97966f126086cb5016bb6860477ea62056e73bc70819124473683a8903cce3b175ce74b435b53f1c86c04cf61632718369c53f2211fd2f47a7dd91e6045f06ff5f3036120b481dc9a4fe4f3feeb838815c0bdcaf3ee4357c58e139085e7506a4462b51cad26c9181d93fd61e76879bb25fb93eed52638ffc69a74be2f59f01a894451f237a086fd701fd22c107a20f0270610cec146e6c3f418c7640
1787432057.126474 sweep:Generic OOK 4.8k RSSI spike: -56.0
  -> 255 306419fa1ed5f6435cefaaba8d97ea11bdcffa29d70b3e60d4877e9e73e563ff203b47df79fe3af64bf8a85ee1fea786bbfe7ebb6530d1d468499f80d4863d6b8e8a0a5cc21fa1c19efff20f8cc20438aeef6ffa901666eb5b9602bb904d0fb5b3d9df36e118095b9033203150aacb84c123f7bed6022d8ee0375fd9fda7dc29460ff190f10e401a3c96b60591d068da424c9f3911ac23e132971a889be310070b5ade495798699aa843480f8bc7b2de399f8dd2c80911c8ce58c053e718b01c8cfa0c0c0f20e79efff7c5b2077b95ddb68d7e80993503ad8a6ecec3ba92275dae8c8244fd6c25e79b0c5c013759bafce21f809b21abbf3c585c05d1d31fd1
1787432057.126684 sweep:Generic OOK 4.8k RSSI spike: -56.0
  -> 255 2f9afe0531d9810d09e0fff6ec542145cb96f39e7f492f91459a5d2184935af32574ad9ef3c53f0191113304103d8171e461a69ef7033368db16c2458638e670c2e80f4f4bdcf582eb08065e6355ac2c71effa6e69eca8ac3149c47f8f15a8795702e89ec1fee573a5d9be839f87b6363971684ff32be3089000509d1a1bdcc7ec0738eb0f83fe962d5e61c43fccd01cfd4f0bdfb91da0f40db1705d5d43530ee33f63dd31cc04f1c0f57eff5b908490372182fcfc0f1ca0011c207f569485774a58befa9911323c3c20fcd007f1fab4ca7d363d59ddfc9db0f157c71c907f7c5e0fdffb58fc5721fbd00280e8ce9b8b34506a56615cbae411fee9aab569b1
1787432057.126894 sweep:Generic OOK 4.8k RSSI spike: -56.5
  -> 255 ce9396eb2c51ecede2a66481ba1d617fec513dd52c50838c7c7bfe524883d88fd6d31e4a0b0a92960436334e47f0219f22200b2a1db027b92fd256b08342089ae7f795dbda0f73936c13079ee4481cf6c6f6c51fd84e15e849f1df022cf115a73aa1c1bb2bad1571087fb6fbffd3e500eef5562ffed64ab1bc080af4fd63e0b7534b2829fb061e50dde2202fcf6e7823079f206ae0f284c341e334fd4a08bd861948638c19f3da14fcbe5b9eef3283b0777e384c06d0ee80bd67d9cf43e9c7c69ddf5fe449114c6f5189f24b540043e25f5b3fc49e58a26d3dc1c184e12606174e4fbdebc1cbcc1419cc084197436c0a377032622f00c4d8e20916d0e15ff8
1787432057.127164 sweep:Generic OOK 4.8k RSSI spike: -56.5
  -> 255 0e00c766f7f52c2e5cbe2610b0e89083b826e1e93a746bd27a3e4fe590a94c1bcf3783a0dc5f3fc243dd3380396fa85f1e53c0ec289f8b7e365d1e656003594261e632fcfa460fc8644511dd6d16029892911580f1d2ccc4a61fc6bf9f4381e0fdd9452785812e7bc72c2a032b4fb815b1e3c7020363a8ca13e4823e800660cbe703bc2c9eaf91ed6680ede0807fdf9804cfc738e22b791be99d4ee4f5eb6267719279936bffbe20c649ce1d8e0d97396488bee007be1157bc5c5b82bbc54289b044e8c6c15a44702fa639ae5ccd3421640a774afaea30a77c7f12c15c7386c31feb042b21fd121fa6ba272fd95574fe0767f0d58ec2413d9f48cef9cd1b9e
1787432057.127386 sweep:Generic OOK 4.8k RSSI spike: -56.5
  -> 255 482464eba490c903d5e1f3fd8212391410e443a2c8a86b9241fc1da2dbc9783b1ce1e7e5eee30fc18e25b9b0bfc91386e74212cdb63c52a8583467c38cc5ef10c40d7ca4fb70782f0b90052fd4df9723c58a266133409e88f390968842acc9cf38badb2fe96790fee09eb933ada1dff50b920fc1783f5d567d8d8027c6c4590f794831a154db8849b3d1557e97d29c70b7c025837b23babffa87e08fc9f6c6be29dcef81f7eef7d96c0279ad0cfde47417d05f904867c5e8f38edc6f115c5db213ebf70e4046faae5ef23690ba119a7898de6004654733fcd9e03cba03df9718b487c1ec123ea6fa3971e2f601a6baf514985d80423e6d6195fb0be1017589
1787432057.127614 sweep:Generic OOK 4.8k RSSI spike: -57.0
  -> 255 1d1900eb1f165908e60ad16e038c2f21eba5aec30ee60590308fd131c5e4f8817dafdb0282cb5c804402bafde0050349ec9167d36dfaca32b26207c17be1611488327ed6c398cb070f881b7c48d051cf7c6f40a066e00c443f1d41a1ae52217dc1bf5036262024fd87475c07cbc061d93262fc1ca39100dc799e87f73a4fec0efc39000c32cfe9107398a6c49867f1df03dc4c3304133577c32597bce03d65070333f9a3c5887c04a5a1614a17d5026409d6839240bc16d0b86616991407a1cbd004380d99d1b9bfb7433bcb0514ed427fe5cc5eecc6b7555d187072b9678e63bd9fee8c0ff647bd1bfbfb78d6d08893f01e3fda6733efc085c579c1d3f262
1787432057.127829 sweep:Generic OOK 4.8k RSSI spike: -57.0
  -> 255 ece7d619e4f90e50c3c3cce044c0844ea2c040075db7e5136743b2ef6ac4e6072aa4c0e7fae105500afe08d3ad663e34fe04f018388bfd183cc880234827bd8730c4c662e38f33a3e7605320efdbd1efdbfebdc3e1691c32272a4ce9d8a74cbff8b810bd801c0d7823f3512732f720b61f1a3052d95f718a7736072ab0cd13ee607acba6a692880d39f1accd3bf8fd340962714723c7635d859800f7fe8c583fc30de4fee3d6f38b82777f05eaf403defb87ff86ade7348b89ed4e5357a9fd2e1e26f4a011f717e778e7510d798da97d8acfff9893d87f399b96878bfc465b631787a7d0f9ac090007e43d580b647038b141c73a2dc9f77ddd0107b11a2c2a
1787432057.1280582 sweep:Generic OOK 4.8k RSSI spike: -57.0
  -> 255 aeb552b8b22c3e2e082c86c81cd1f5397b5beb76abeda0c7acb64344fdcf878c7bcd689ba1615fcbb67d91871b2b9ec41c44e03c4ff543fde7cf6834070e69dbcf1760031e819fa0bbb282d2f4d133bc303d93fd7857f1cdd780bbe50946d25272731689fcb51dd43e3d4a8b0fdb70e10570c5d48a2fe3b9abf490683ba13733f43bdc3c000734e0e60f4e5c7606e17ecae3a5f8a80623705178b313f7cbfe82566f45d0769dfeef2e7033bc68f30ff7cfd87c6c063f3842bd0d08ee73638b49799f05a5af33a342bf363f77ffb5e73f9ec278f06eed93d6437349acca14e80d3d0cab200dd32b19e47043fcbd5fb9518db9826bcb262b82888d31efa9fdee
1787432057.128305 sweep:Generic OOK 4.8k RSSI spike: -57.0
  -> 255 d173319876feff16a16f330c7a6341078c70409cf5ddd0e0e6fcd85f11fa20d83fdf971bc03974ba7f17b640a499745ffe7c3bc6f540699c379cc704e31b46ba5f9aae7fcdd0a471f903a314dd1f6cb824291c98c807849cad94f760125ebc068a947ed858bcdd5f9c3bd5e087657938ba10fc0bfc49fcc71710fe7a8c328ff40ff2794bc31ed9cdc0cad4939e5fe767593799e0543d9b2597e8a7d222903a7fcdbe037bebf012000bb190d900e89bfca3e18a85c04801f9f053b7dfb670601b6efeb7fe5d8ec16e009ebccaf8e20c94515129dbdc287b881c9239e381b44d1d71a57f6170fc61a261e1fcaeafa06051d98d633abbdc04f08cd172b9161420
1787432057.128513 sweep:Generic OOK 4.8k RSSI spike: -57.0
  -> 255 99052f86d9a5180713a31fefeffe037e38cff9fd8f986e670e01cd74156bc4c543b1e96ff0810c18075d1227f05c1123de4718996b49f6cd32ce19d9e2bc5845fc607624e07c7e8ee420e85a115851165c4c13af01206bcc4fcc7f2ec7e2fe448367fb598ede0036bf3b19f9f2b86c0b8511fe60e00e881e23ca7220e20fc7c3d1b9e0830df93a85907a63d844db92e1f49614dee78e68cda960a195bb0498c1e416cdc7416bc7f7189c9ffd33a9e47b06afa6af079240b3fc71077dfb1f177f857e3af8208ffbbedf73d4fd1c60fafdc69b9449a4195ffee3f382feb7bfd418666f7990ef3300a65214b3fb3cd9087429e50fed41d8f3a3d706cdb9031614
1787432057.128727 sweep:Generic OOK 4.8k RSSI spike: -57.5
  -> 255 4331fa1fbe3e44c1666e6b7e96f833f5e03778d74609f09a210e67c3663c4e3d70ef084f1fbe13368781aa79ed0d041de76011c6bd19eb6c60df3007945b3d27a1e2792bf0e39599b7237e3cb0a41f42b3897bea06f1b81a9a068a1512a625ca6811d6a1cc404b8d371c6d5e767fb1c3aafc22077539d8d134bbc18140a0fe9e09d5adf1dc4ef8f1b6e82e3d51ddd79ef17ab327dc7cf07fff28425c67fcb7cf3297d9c62ea2f6c4e5fc13dfd289cde17fae6701a1fef7878802efdbc70a60002e37b29f51ea97c8f296b713cda2de01fef94fcc8227073e888046c26711fc6c3c8ec87a9d026bfe79c610c05b9733cb667fdc552773103b383486e37ac19c
1787432057.1289542 sweep:Generic OOK 4.8k RSSI spike: -57.5
  -> 255 81f922e9206398d5f33e8cba53eba9ce60f608c3ec918c95a84590eefb896d86a7400329820807041ec570087d183e7c587c949c96e5000b7e84544f6f21f2830ef73dffee3ef9e3749f8d4444c4673465e84717bd57b413c1eac6042d30f6e1f7f9b2cd367c11b619f56d0a677984a3c745e80b9f8fdc4fdb39af34b123fc753fd8251186c480a863bd6537bcd54d1c9729f1396b67db2c663f3f4e4098105ce96a9072880374d987bf7b971b7030b837b818039fe1227a97041acebe536310eb05bed869fdc9f68e83bcbbb3748f5af6bf170587f0ecff2587a07049253d1db77cde004daab41e87f1cd864b217dbf17723e230310acbf320c23622dec37
1787432057.1291971 sweep:Generic OOK 4.8k RSSI spike: -57.5
  -> 255 209f00938bde6b1ccba0c4e28dc73dbfddbe9f68b1fdc4fe77dbefbebc5f89c457f2325d0c8175ff8a49d9f627b9f2fd27d896f9c6785ec7c791678e5d3c6d55cc01b79f2fac7c30a22fbd1a00a3750679646d4ca0f29624c9596b1f23d4c03fdd77fef19c1e93ef60f7d3040e8d22d1feb92245fa979078fccc04c1a1e000b03ef8b2fddffad8b09822fa4305717953cdc3fdc7efd91a547ef827e04651185e1b9e0a12f3660d98041718e626342e9b2c36b77a0bef3eae776634040221b65d54c80f2642aff065c43a3e580fdc447f0e7e709dabd85afc4ec7e82c1fc3ed6f596464cf4e67923bfb1d2e119b16cc821fdb18435d93d83890608fdd914ebf
1787432057.129437 sweep:Generic OOK 4.8k RSSI spike: -57.5
  -> 255 b6b6e3d9e46f02c4bcf0e93069c3947fad0539fb7cbdad29706130426a4c7d3e581999b97d83e3f39f90a187663a797a73be3d8fe705856c6447c2e45ecd3a2d8c16e1c57581c8fbf649a1fe4f899d068980f281e5b65be0719c0ec1e31ae6dc04f009fc189643a05b3dadcf61f1077378e1d7f10c4d724a8935856f2ed3c3c228d077a93fd9d43dc7850338338fb34bb321878337ea21300a20c105603ff38e69e20bdf8033d26c039960c12c0b61f4b40e3769837327b06c36c01fe0dfdf2e1d24c446ebc37d5b4edd4099eb7aeec1faa65297c00727e120c2a2162fdc84f403f2e7e759ff1f61aa78b2181d6deaee9cc0321900640980f7ef633ebdce0e
1787432057.129647 sweep:Generic OOK 4.8k RSSI spike: -58.0
  -> 255 e184fb08000e18da8e3de9e49cf60d8f7f9ffc0f660fd23b17bb9e9c21c85c2618f76e889d0897b9ed7fe4e2246468d7c6e9732cbbfb482d427f0100b11beb037bf6c9ff106a679bb5009f0a3bc0bf7ac57ee18687954e54c5b3a365f2ee7f0e0bdb99ce1ed20d6fd004995ee50c5cf36ef4b82593a0500efb8a02101ec0c3ac361e5f04ac6125c3de0e42e1f39564bfc079b80966ed068929bcae630fcd0e415ee0af8a5cf1f48d9a7a53fa0f8bfb5bcccce64e013eeec4d70e1c30b5855631d3f3fead671eb34d58ba3dc60d1380e68fe30b10cd59a23ed8500de2b0c52ff3c8c8033fe7217f710df3ffb818b5aa2d4c8c19044865e08cfc78e8fb601143
1787432057.129859 sweep:Generic OOK 4.8k RSSI spike: -58.0
  -> 255 6ce4fa8786f52d5e5f3e02aeadbffef8d79e184027df1de4170482011720c396ec4ceb68d915f1fd8dbe587c09e313d42bd2f8ae7339c4a00ba94713b9de7725bfa283ae230f5f16212b0235dee2df04c59d0c37180cc2717fad0147cd50551bca7e9e2c91e22f3a39273c07c7316b72e594a3770615d27e9757d52d409205fde84dc703d8d0dc74f7c3d2c0b4bb426c775cac77c02179414ee164f8c7e83ce433f61bfbfc1bb91577dbb878c39fbccbef1e9fb721f7779a1a703bc6cca32023a181c7e3174cffdd3b3242de8467db241fc0d67f83c530167654f8f1a0830c73445f7c97c8dd33a135e1188e60d96ce7000e8100c5002c166f3bd10e14fea7
1787432057.130131 sweep:Generic OOK 4.8k RSSI spike: -58.0
  -> 255 185295bb9b1582efacb2752355838f842402a0973da110e377fa0238865ca70d9600839f08489062250acb9cec733a12700845d4a33b9f3e9fa45d872913c86b8c76681a0d22d9d6f483fded191db36dacc0b82a6c549254306e1c8f83766611e2a4162245de8fbb8574fd3fcb63c3bd716776f6770d9585e7fe3aaad78ee100efa1a727ff570e5d3c6617bec18ff988e60c7e242bb1f757047460809bc2ded954dbc03e32062266f3e5b91f83be41b6620430efb410f4c9334ae7160f010d874e0a7b76c7f1513a257f1c4af918e60f7cd3eb5283422d30ac25d835db20f311db4846d7d062c3e819290717f07561dd593f53dd976b25de01683120d4ec57
1787432057.130402 sweep:Generic OOK 4.8k RSSI spike: -58.0
  -> 255 51bee25a0633e008e785b9f9800dbf7cdc9cb811314030ad845e1a812ce3fbeafc1c54133540e7b52fc3039c480e034728afdaf3abe00459bcb6eecd3e3c88790e3d5f18e3277cf7b234946601fc908b60ad37a34b6af0d3553ac0be16f0f62ff630725939b7d9babdcf0378e765c7f4f4c670fd0ad3002819e10293d0d96d07fe1e04a59c670ec6bd7a1545239a4562663d9ac09089c075b6f270e1d8f70f813ba7e796770fe1387cdf96274cc89ac0519bed8302409e6e717c52ea03c15a38eab54bbfe4fdd25fe3a6b639bd82f5427a3f27e2eec69b11940d1b6f0174326d8810b39ebb3c6ef7d2a580c2674c03041f3c733166ba9da4d80b484c7f7900
1787432057.1306272 sweep:Generic OOK 4.8k RSSI spike: -58.5
  -> 255 f025e7447c56e61e732ed6e6f3f7e64bb8cc9b493e1eca575fd40c7f5e80580634dcb9c69e8f7284e82bf5fc50797d7f86863b1f0ab8fa230411ff25e70bb7179a6f9f88d0bd39bd62889ffb636fc683980eed7cdf4c49335636dce87bf5118867c3056c76745cd50cc26ffecc092dc11d2e718c980d972ba708848fcd1fb6da5510e1dab059e3f45077e4a9380b511dbfe1c59fcf1cb9f5821d1cf60cb9047ac63941691b6d99d4e7773b108e723c4c46414b0033e50303b0a2835500f21e36219cccd3212b675fb81ea8469fcd43fa02b695c01e80e41d822056a1ed19a99c9aa4049adbc27010fc631f19e2de3723f9f75cc8db8cec0f1388ab7235efed
1787432057.130843 sweep:Generic OOK 4.8k RSSI spike: -58.5
  -> 255 fc4624083d65aa0081dffca68607718796ffadbee7d41d96bf9c2ffffc09d9e2faec7e0a119ffcd7795a6f76ed40b7b3f15080797ce3fe43064c47f8b17f9c6ec6a97cfdbd8b06cb330ad9b58b7f7432c17e67ebce0ff68d3391c78d1c0423ab3bfc701cabedda8fa2e94125817877f9eb933aa794f1ffd0688c3c7ad4d35e493f78e7827fff1b671aef7448438b7ec72f05c7e8d5b008707f6161edbefbbfec7704f6da7e58c9c86af3620b036e7a0ae0e2c51c6888b6302d709de7482d8a7d9ce805c6746b5e6bb5beaea3cbf430414632913ac46f448c04c67d8f84fb76ef5cf121229bee20ec7cfc290271ade5e221ff0137dc3c222b7f02e2f6aaf4af
1787432057.131092 sweep:Generic OOK 4.8k RSSI spike: -58.5
  -> 255 8463ebe361f7e1f593c805302b2f71d070cba7fd3c6f03f7a05604294aed588b07370a95bed6b63e4120daf2d86bceba373a2bd08771ee05784619fce7ed7cdcff109098b07ebfc33f33e089e327b6f4f8bb78b7f611a3802c9e01939e418fcff3bde00381fdaded54bc1c7ece2df63bd655598f6f2ce5a12963c43fe207e10eed5b40b4fe75fef4dd3590044a63ff8d29d88da700442232fcfc44479f0091779357be2a3fa5c4c10637fd229ed5fcd22860f611afe106f74e3e80537c3fd3a943bf868c17dec5bfe00587a477da518bea0ff80043893f24983bc5b8f1ac3ec8a73019fc1ab87ed710c7ff881c723917444967e10d1ac02c264d869b6bc8ac
1787432057.131325 sweep:Generic OOK 4.8k RSSI spike: -59.0
  -> 255 93f3a73be4751ea0ff9240351e5953c098850da4e339d7b4f670b8b740643fabf399cecfb7ed3e271ef8e811dab6595f6b15f64761afc89136c681c1f057cbf7c2c37f619a0c3c24e0b061480bbdbd1730cfce9c7194b559181ce433c7e799c8703d90fcff9c5b139bd17e036e4dcfdf88c3bdf2cab8d31604e279077e1740566588d605ff119c74dbbf97a053d83e4d1b70c41b1df895a61377d8d28f69f95e6f847ee0f3ff00723930bfc05bb0e2c05961f57a3c09840e2b2dbd001f303e3b74c7c1e0271596b772b0e23a6dabb2020b78efb7797ba8607241a7bcae5aff6f5a0e0d5da161a1538ffa29a736a7c5cab68ab0707e6ff9f04ceec8c0afa048
1787432057.1315598 sweep:Generic OOK 4.8k RSSI spike: -59.0
  -> 255 b8fe97b7ffe81cbcc7e3b23e6e9feee6770b7067daefd9114e0fc1cfe3820391b42dd631db750b411af263a4a5debd817689716298cfd00d5508fc34362f4fc1a0258f52137caa9147f3d9c5230924c6f48b8a1e6162f7dee5d9d3e7476700544770fea5bc11533eb76bf522fa546d44b7e38938efc3b5c74d53dd7103e32bce13cf1ec0afe17dade49f857bfad33858d03e719279d5d83651f3d3048f187fafef0f0a168618c03aa9801804cbffdbd207e0cdf6bf9e2c487d2f75ff9b481ebffbeec0e8e88ef97668bed7e87d2ffeff9f74e7bd35b4e02c1c25843c94330465f9fc23ca021f467d43e03e09dfd7cc433867b6e12a65e33fbae79f7b4d8987
1787432057.131777 sweep:Generic OOK 4.8k RSSI spike: -59.0
  -> 255 b9126404b683827a58261f18bc8fbf5036c74730d4276fb207243a5b0d0a1417b49445b8fbe17e1a85c707c87c6e367e4d371a8c441b87bf006c8e64dcea9ac7f7770eac2064fcf237c3b80d309a13244b2858de35a26f00e46f9bb2b63a78bfdbd3c95c09de39cc625fbdcf5ffea0620dd7b6efa8d4797179761c3a611289a4780d46afe67a711e788cf53897078d8c0f999983194f4ec8e48a57624c9b569e051ae096079830c1c380fc87a77d3a0cf80538f2e55870700d681cc9de9e05f49cc4f25bfd8f012ac88d0ee3f7193fcc7e787380e7a039c728ace20048073b639e5dccc15de8a90853cc4d719a90f33df01d9df22eff6b8de03f02370278af
1787432057.1320589 sweep:Generic OOK 4.8k RSSI spike: -59.0
  -> 255 99cc4bc56f326d49c0d65cbf17c0f171e824f8fe26165e7c2ff88e63ef010c4f2dd67d71fa1c95d2670788100e9f80713b402c078a1de4afe668e98bfa3b26d6f18e4038abfcc706052cda2bb1fd5f0cffc1f82cf80255785839de8fc4d25e71d270913dbcd9f959507132111065acc3890bc4be4c3972fbab1f703a54d0b579d27a3dd872ec6ffcabb9d22fdd409e0cf68e7bdd041b85fe733710863ecb8b20c7573382dc9efa5ae7feec5fc5781605aebcef7207c06c003c69c7eb782212f0423227f787b86f04f54cb0327bfc2d151e2d05e3d221460fff8f1f44700c3481603d9860f1a2034d9e9f3d3ffe37dce5a0cfcece62aa1bb3141e008dce3bea
1787432057.132303 sweep:Generic OOK 4.8k RSSI spike: -59.0
  -> 255 96f9a19df7c004bbd0d8fbe3d8abb44f3ca38cf9941c0f68a0c37f7d72b091f80685500af03c737a32d70ed54bdc8a048af82317b3b7fe90b2829c04d83b76b534338ed937aa907df47e4941cb143774ffce6ec6607e670f3808995df8835c2652edbf2cd5dc209a6f7fdd97c8f6f7d8e181f833984db664ec97b8ff80b6f326a23fd490ba7b4728d39259e597e14fe22c41375829b95a52d3f1477297f7ec3b81df7023bec8330dd13639f95a8adecaa86b62e75e91447e056a3ed131fcb9b08d4feaf1c3efe8131284f8f2016e191fc17d4bc1fb6077c0e0dc8d8b58a42b2dfc7cd91b871147e316c18204648b9952244e64bf2f1c8be1072a3cf7392535
1787432057.13252 sweep:Generic OOK 4.8k RSSI spike: -59.5
  -> 255 9530a84b07dbff7e7ee18ce58cc27074aa8eb580f7e4647907dcfb97993191c8744fe8213f0ce9ba4f54817e7b6dec0f0db3646e6a1b013b916317d9704ef049a6b58074ffb79cea5b7d7284af45e7436c1423efa5ec23167e3def484c8a74100ebf32220838df8784e7d273ca60bc512b99e06444e12de42d66f59059d01c5fa1123c6002df196213bd0c52cb04386a6f7e44e2cd2ba8d18003afc6e4f7c5cc7020df9d8de601a749e43c274f9e80cafb8ecc0fd1e9586c9615c8bab9f99daef1a09e6fa36a39fb4f1ed51960ce2ee1ec69c84c25a32f932c8d3f5aa466a5461d058111fdcf83db651efc084cd970d26df9c945f33130f672f2dea8ca0ef7
1787432057.132739 sweep:Generic OOK 4.8k RSSI spike: -59.5
  -> 255 85da0feb9c6ad8b059902c6281048318b40db80ca62c46d18a7e9834918c8edf83f39cb788fba9f793a02b79aa4a1270910ffe7c680d1113013070f7ce7bbaf94d31495c97f61d9a233e831cbbd32f45f0a3373083e2fe191b0af5c4f5be04d447e643f6e5ff8e7f8f1fcc0f1b7bbbb7d47c2c342f0b9f1c7739b1d3f3f47f31b7e2163b3418a47204efdca1d801b6ec0fda19f1583fc70ca7e4be617e3ec5d01044e012c40655f0203697c744d7c0823331aec18862f2b8fe008c7af99101e017f4573045be314eed5f3f327f07cda4febf931aa0f75ed11ffe47be91110737c256c909ac3339ffd897985c1ea4dd84dbb593f4d6d46c01395d88c5ec9def
1787432057.132957 sweep:Generic OOK 4.8k RSSI spike: -59.5
  -> 255 80162f2fb5998d9e8ab971364bc89db262e77cb805d076059f393734d1e667dfeef1c14c17db89a72766cdebd00ec7c89fb1e84c65e0669b4f31bcb8cca33a1e3a329fb9543692c0b89a39033e1ac7e951207a71f37b412c182c546fe81a0b8d6cef905fe3717f39ee011db892d8df7640ffb790f3e7bf9f7bd5a44e1e89a7ac3b9ce60984f949affffec1d21d6167f90c3c2a619f4521092e5fa0b9843dc1d5ece3a74d4f8d3cfc3dee9577f35e9badb9804a93234618f3916c87f082050779ce37f5f2e12e171fac3e381cd00fa0d2d7877e4e30e0781da97a0e9e4cb7efbe502c1493dfb288f52979512f33a1f49e449aa89a5c55fd823e79c5b83c67f3
1787432057.133196 sweep:Generic OOK 4.8k RSSI spike: -60.0
  -> 255 185397342fa3ff49b4671cd43507ea10f386b67d9666a6079bfbf336f015dcba12e0046d088a58830b48b41bede1031d27e008e6023241a4137be44cc77360b298426d6422b5d4bfb282bc17cf9c82797873c312347bac1971e4c49718c2c4d9046497435a1231c5e7b8338e22b9d753d7e121783967b3ffcf5e4c7b10386fe59c01d52c53b4983a8f6e170f80b3cf1f334211a1cf2d3b7cbf140c464a1b4cf0aa5675bdc9fd5af193b297aaffb6ef25c7a5e84cdbc75f832a5c73f5073b4f733ce1c335c01a067ea99ced7fe1a674388411591c1ae0a309e25d78fdc14f8fef71a05cf28d0131a81c8213449934d8867707263e02f309b6141c23b14975bd
1787432057.1334422 sweep:Generic OOK 4.8k RSSI spike: -60.0
  -> 255 65ac4e0f1de7fe10d8dba4f669e77d5265e88218637a17eb67ee6aa1de4fdfc9e15c0c21384629e2ff3dab63e0f2f8e031c362267d5de780e7337a70ced621acf100477f745cb6df77991c78784c121c4e38774dcb920e3a2901453366198dd022ce4bec59eec297fd9d3ebf90b63c9aa2cda24355ce2510c04b624ef7e2e3e82a5cb9185994ffda57a12bc6f60ca1e9ffbbeebbc7588cb03e79d73ff4621eafa581f7060440ea43e0838537877d1d992d66697b34ee463f8078cccca30ac6483f11798e7fe9ca0fbb23f7cc68185670e93a0d27afc60f723fa4abdad15ee3b5f34b4c2099e7123f2b9649572326a9d9996203fffd1ef5599393ef7e6709d0
1787432057.133662 sweep:Generic OOK 4.8k RSSI spike: -60.0
  -> 255 f08da098af19cce2526ea709e439c6a88a8ff40164170c0885a78ee34c05808e66520f8de32c8c760c0610d7e00c391999bfc4eb4c30c7b5e3d128002278c3dcf67d91ee67b247830459401168fd1b32adf62186d1388076c460f23ecd29f2e5e35eae2d93d637b9e3a8d8d0678e770b1f0e908c4c3953cd72ca44316748921c7f3107d43698c7b23ced8e1cb37f2806869fffb35f2874c77fb05b474d60bb0e03f72061d3f312dbd6f1261c15f6950c5f21ecfe0efbc2f20e044c13e4702131b37944cc049734a19f74f40619cbeb686e2983df7d8f16be7c3a51c6d8787817a38d3c23880b11e2ba9e94e883f0e340108037410b0fcc0cee10fdf6ffe7a2
1787432057.133874 sweep:Generic OOK 4.8k RSSI spike: -60.0
  -> 255 01977bd74d863f6e9f4cff0d99a43da983e4d04a7b9123d4fff0cb6ca3ff6964278686f846bad8e8510c3e0037b1a78cfffb7c99246788c11ac384c0191e0f4ce9fc7ff0818e9c55ff9bb09320064df974f7ec9486e67b44040ee3ef78367ee30789c210ce3c86f32f608cef244589f8b2c5e15fc2ff35387cd7b6109cae61410e70646e21700f484fa0bad42f7ff1fe8765091c384069e085fdd9fd3b8ba0578f40093fd88374ca61c957ccdc1c0e8307ae5188ae6a0e0c7a7bfbac9defbe13ef740c8ddcd01f868377d8e664903f277de2794413ad9366403aed59bd0ff51179b88a008c3a027f5c8d65fe98763e0759f87f6404b104e783ed4ff11f2082
1787432057.134086 sweep:Generic OOK 4.8k RSSI spike: -60.0
  -> 255 fa7d5bbf9789cafc1e85be72f684b33c06c29b89f9ec78f9b94fe087efe020fe0552369cc18a170a01c4e667b0bc2d5726da2f76c3eadc4f67f31ce5bbd806761973f577a30bdce448e2e73b686dc899f0d82e5b687363f879b8fdf7c377e63031d77d698fe1ecd562926652c330558d8d2259a1d0d1fcef23b9bf71f12821b2600e0400130e7a8a00f76429c9c7cdd20cb98e0d1dff8df8c1ba888f741da641de059f08434d247f64667fb2070d9a215e74cce4d99215e5b8df4eedb9e46ecc2a432c8446f87f422d455cd02d70ccff1d5003c1af28030d2a353fcc71608c8ed58cf3b8e992d85db821ec11e7ed15cc1fa0c9f25440db118366f23dc10c3e
1787432057.13432 sweep:Generic OOK 4.8k RSSI spike: -60.5
  -> 255 edde7905dbb94c077447f90c670ef86a9372df28f07d85bb6fb0c9bd79eb736c806de7c2e2a9e6f8c6a822581460bfb3d331f7c7f84f7b5c757f86043edcca8938f36365e31632bc0406937a71eb5599f7c1a13f21bc8e15fc04d930870bba705f055e32132e6ce2068292c244979fa36157f382457df5c5bb27f7f7cf0f6d635383991706a1ee606b7f28c1f78f671cd6818986efe4318de8e1e5cf97145b9c1e727ce35d898c360d21567963141079e88167f87d13611743deffbdcc801c1eec322ccfb770b500fd50a24e420ec62c6071ad2f33273028debd887d82c935c34d81c5e3a7f6055ef7c24717611f0c6367fb858115e4063129acbad3f5e76b
1787432057.1345558 sweep:Generic OOK 4.8k RSSI spike: -60.5
  -> 255 5f47078b0cef364e8655af470f99e1a1da92594886ff1f06ffe2e8d7c17829c1d39f8e5dc196c61b7c1360f7300a771462d8c2d0f80c0df398e190f3d5dd520e8402b0288e04186f7c2d60b63f8b0c1c9fb835804f94f15eec0c5fdf026f01dd1802a03bd9f0ca5457817bbde29f48d946a219b49e39000df800265b5f2c9dff05beff45b1ddc979758c61aa5ac84d4555866e911983564168643374e671fd2a1e3ee106e9f0ce6c2ad1968b8cf5a9c3c9b18fbd84e001e67ee458bd1514c61fe78081d9ff2feca6699fc4c70fd032e7c3efcc4633fe66670d7cdcf88522a9d62b21cc1013cc91d03908061511bdcd5f3c02670f9a24114cd562b62f90a685
1787432057.134766 sweep:Generic OOK 4.8k RSSI spike: -60.5
  -> 255 3cd99ba300d3e13e071dd7b31bb1c500d84f204430fb81774b7fed1b51be571b6de3c0e8a21f3dff3e2f0797b7eb7206c272181dffc6c7d9df0cc539dc07cc0407ff148d2c90ad072449a6a92d9323b443fa7bc8a9248c3b163dd7e78e339f8ca6463d81ee693e3af6689173231cd2f5868c70f085d0856dd00f28ec2c8c60fe6f95e0393dbb916a6789d3601c1d86b8012e9ff279a07b64d7e094ed44033098db78d9693c6c68b4cfd2cbf3a13902020048826a30ca52223ea4b5f0acb058d3ff068d8fc00e98486d0a58771d3389006f77e9cf34c41f6d08b3cfcebac71e5c404e3f818824caef9f6b14706a0451f2bd69de577afb83dfc5e74f9e1231c2
1787432057.134988 sweep:Generic OOK 4.8k RSSI spike: -60.5
  -> 255 641d8600ace339c8903302ffada6dbfb0f03034d4a7003f6872791f89ed9f8ccb0760eecbbb968d508ef438c801f23db726c0e1fc5df06e73e31e39390667f4261e84a135abd2269c44a8d65aee06e6dd1cffda962cc13e0b6240422b99d0141c5f80025671bae2f6a051bb568645a6c87d8a156c6ca7b291fd8a31a55efd83371e0df4110f2ccf84199ccb3f6930a071c7f0be6841e7e8d8160b67a23f035fd328d878608d5039d4d01cffe047d06cf2d9b0cd61f2acff40fe15838e73f8d8e3c96cc199807fe663d14d8d16e0de4f7451956bc03ed8c7ccb8fdfdfed003e923d2e6f195f4bc349fc6dbd00d3ccfcef7169e0925688e3e20ce163e7f7f1e7
1787432057.1352131 sweep:Generic OOK 4.8k RSSI spike: -61.0
  -> 255 89620e15feb61afcb84eb06073e3de0d9810c05fcc70e2f2d90b7e9877eb1b89d07ee1d147808e5c0e41fedce745cbcfb9b9ee70cde09f8dd97d3d21186c358affc5eda0e1084f4f9cf407dfe83c828c5ec1296595fbaf422621305fc869cbfe74d2c3f1498781aa83e7d5f2317c383e6dded179febc7b06f31d419699d80216277b6c19532dd0884fa842432424f511c95578f037a03f1b0879fdbe765dfb258647847a67df0ce703adc45f624b634363f2096a2fcb42504cfab927e96107f181f425973397ed85d740bc9a721da46fa31aa07edef3c72d727db100823fc093bb002479e1c8be803c45a4befc21ef4dac4fe4324fdfb240f16e0343c7842a
1787432057.1354492 sweep:Generic OOK 4.8k RSSI spike: -61.0
  -> 255 ffee9607ce2dccd31f9da5bc80f57cf71cc79bf5c05d84f86b5b811d988b819ab87877c6389ae0410eb01f1c1e9070039e617927ab1e68549fe71d9f10f91f878720dcb0618dd44a3073873008f6e222639262f55e17e13370b055383cfefc0005796dacce7fd9fa011f00f212e99318a53a5bc0967cf6c42752e5c6713a40e57c356cd377ff5222731f4cb1a04fa2c1ae5fb13a4de2ee2799d2b3f8980036338c846860f274a3e01f4e1a46cd87c03717de26495a7764b61e1fe8ec1778db78d787db58079acb99577ebbe5dbec9adc6dad290709354b17071eb3dbddff537f96585bd1815e0104d039a5ab6975c48d676c77028eef0d1c0e1cfaf1b3dff3
1787432057.1356642 sweep:Generic OOK 4.8k RSSI spike: -61.0
  -> 255 73e75fe0d48aa243cc05392b7faef06b2215f0dbcd8bdbbf1fc3f957a04004efae6283e32040d308db1fe37748f418bbf7e04dbef958dc40307cec9a167c78df655ba66403a234e5ef80b67c89f3f03e70c9cd057e9f54fcfa10814e6c4d4344f05a63d27670f45a2c8b4c76d431ee22e32fb3c003ffe00fb091a5ef86325c56621f81653483ff186f7b1fc11351947f82ffb1a789441e8794c4b82431ec1d627f08a27a71efa1fc77f2059b15d5a8b5fc03e47f1870b05303d33a90a83fac4ef04b76ee899dce323342d07fc077ef36d6ff39a7c07224005ae4f1978677a36ce941bc0403bf2343e528f75b9faf4a3b1a5f11f030c03f8f4305184f73b409
1787432057.1358788 sweep:Generic OOK 4.8k RSSI spike: -61.0
  -> 255 123f2efa4001588201b40603e47dde36776e6f60a513597e43da8ffefbccc3ae0861fbaafe2377401dffff439352245dc1ef3de71b37b465f339e1e823feb91e9393237b8c79c4051fc011d40e04e71d08b3cad0c683e67b3e6e2bffe222190b95e97493f62fe206a994060757b374ea708c3b1d07f873f61038c33ac459d5450024d93c38ebeafd89bf9fd9a2e2020639c30b4b9e0375fa3d5fef8f0fd24b53ff7982e89fa52e3478e6be3c6797e12f27001c2e9814c8cd97a007adf0af1dfba7820107fb78f47fd5f813ccbf3f9802e907d8e3e40a704603f4ae2653c7f37281df39de412e06af43c65206e9c319dc8207236815bf9ff7f880ec8d4cfaa0
1787432057.1361 sweep:Generic OOK 4.8k RSSI spike: -61.5
  -> 255 4dc0ee74e8af1fbc223471be1265700223c22568c3f03cdfe2203ec0b87a79c711f4ea8f0c3638095b84e0f09de17bf0f9136fec063e9f7cff68634c06e39dfe6e5fc65dc49b264c392dcbc1527dd7cf04979b721b841f33fa6265c13fd3c7d5c60c8ee20108839f52470df6e352f67e42382f3a4df26e0fdec9dd28f8f640438fbd1eb70f1c10874ff702e13ff52040f7a0508f343dca3656ddfde0afc7bf95e9a0706ee8a9e07317fd7b787a5d9586d9e01ac47348c67b33e06dc5afdfa66c066643723c654df1e08d8d099ff423e8660e37d6ae9ff45803a079fb7ff20a507f0dd75ea1e27c102a0ee88ecb028fa01c0a01ab24e59b8a0dc2fd1f441498
1787432057.136323 sweep:Generic OOK 4.8k RSSI spike: -61.5
  -> 255 7eafbd7decf39f78f4dcc19fe6ee667e1564d88b5ee32049c6732204f9687ac50b27b59c12605f05aebc3f6a2f78102a33dc214895821fe0e916841a04440d53f38f1de3e8fb70ebf14e0907f3c236e2debf0666da5ebcd3bbc30897f6c203edbe23e3d4071bfd1cf0f6ec6ef00bc4fde0cb81c2a28fbc7881631d723a9c5745d2c803f3527d048fd8e25c0abbbe09e6691c4005dfa000ff7f0c0e930969373e18739d60600b50c3ec22690e6dfff8f77dc300ff60838cce002539341e16c473fc2afad4bffb490285672a2b8aefd183ce5f6ff7c01b907eed233936157855c2c10340da94c83fc9c93739f0e2edd200f85e62c76dbc807de01e7c539c00db
1787432057.136561 sweep:Generic OOK 4.8k RSSI spike: -61.5
  -> 255 97876f58b089a78e7f375051b0fc4aee734138f7ff40413a43cc76925a39247cf7b035f42450081403e408f3e581c0f0452f9f6d8057857f3bb1739862e33e0066f77c36f64003629af406ffedd060d42dd4e0c2330aafa514b824b308028fc1b874839e7596310d1a77db0cf70bca3fee46021436fbbf00d34307d38f46152c6fa9b4f8d17787f8123cfbe7bf8ecb2be1bb421e33b7fe61ef818da242d661ff09c2e7d18d889bc0cc942796231114100139fa52ea9068967067b8e43e61f539f783e4fb21333f7e5b03d21c7a3939de6771ff3ba0978a31f637cf850bc7fa674769e7d607f2023e948c5f8831d58525230e3f0d3a0bc841fbf5b223dcec94
1787432057.1367722 sweep:Generic OOK 4.8k RSSI spike: -61.5
  -> 255 f206f7b1dc7c7d3c4e1e05e4f95b83b8b6eec2ba0c7afb8cccfed3f05f09740837eb68006031ee982fc8c4db805961809c2023baf7a7680875dee8855cbb786ac62c680c504041620bac2bac034c7f63f5d5090c1f630bc7afb6ddde642e14df471987b3863963c7c2405a4fa35e613f577c7da34271e8c0f3f663fe46c51f3a871580cf384511a9a8e0eb852aff33be61cc7f7b1ec503c770e6f7007aede6ac20d1bb599e5878d46f40c0d1f6e0bd614ecf74ea8f78e3f131f39f43671cdeb807ff62e31e3675443cc0a5f49d3a9a17c046515dfac1e39678bcdcf2e431445e6eec5d2716f0ff5d43862f0f0e081837b69c62fb070d19f23c8331e7754a62
1787432057.136991 sweep:Generic OOK 4.8k RSSI spike: -62.0
  -> 255 8fb8277645c7371bf063f37435c3ead7a474106fb94a4e07961bde1347d1b71676c14ae1c440a0874678cab8288b1db82da2b15e151ded265731ac3fa0a4acbb1e0020d83a8f605f25cceef729a28dc00808b9fff98088fa57561de03efecb88000472f245681989b2980cdb72199553ee0c40cf281a93c62600256fa806c6600a1ff88539de7b5841fa6dc65de1e3d1d0750d7c6de127fbedd18ce564ec17508118c03bee711cd677dadf1ca6f3e4ebbce433e0f1d9668e755f8e6fae7daedebd24803fd6ab47b991d67b85e58c3214b089fcc1f6a71993c77fb3a7037fd973ba961c0798fc7ea1b808144b0209be1b04ff0403b283e45f8327669fe427c1
1787432057.137213 sweep:Generic OOK 4.8k RSSI spike: -61.0
  -> 255 a17ab09f08e73c730ffb85433071752d93fcc78c2f9e78df6d95b0b3b67e398cfc235b07f8770a1368f06e213a4477c0fe74adc59ae0590fcbb64ac111397b85ef2ffa230007ee37ec5fec130878109490fa96e8c0e72ca3a6d48be0843fd81fe200bec32c4f079fb3f0c3ec111b41e7528c887b1e7a8d53ca8cc1b3cba3e06f95fefcf43e57b7fbdfe3877e345cbe8bb83e9243a1c8383a4b0e4faf30f7e5391a27f8b51bcc793e18ceee2e5fba1f3ed416740dba8fb0084f3861a59c2ce42188f4cabc1cfa7f121a26069c0cc1d15d4424ae19db0f331ae288d09782b0d8d7c033bf45933bcbd47eae5684487dce2f10ae1cb1208632a61084d8c9d363ff
1787432057.137451 sweep:Generic OOK 4.8k RSSI spike: -61.0
  -> 255 f9856bbca3a40afabb11df3a8cfa6861c66f50ec5ab3bc3fd8e5ac36a186f8e3a474e122315a3077388cef033a762ffe93becfebfa6f397dd125109fcea8817027da17fdf79fcf9f4797a00ecf89b005237c02060c4402b8e3f87efe42bd98004809ede83264c5ce607bbe482880fc03085e8c706236e3fdf233e64cd6764693b97728f0c20384790dc43a05f66d24f301f9d41e67409e96ea7a5a4273f0dc3e5a0ffec7d03f9a001c631be85603d6c7bd9f04dfdf2e17fb8a2f959fa5f074ff6330e2dbe6504fef2c108b76f2f670042acd424390ee48b9d8d53618b3e7b08b6f929e9a17825737f658a7a2420e1ceb4bb8e252b999929b3228f10dce9857
1787432057.137681 sweep:Generic OOK 4.8k RSSI spike: -61.0
  -> 255 f095e3cff2e4f7415362517496c0b000dc2eb0fe6844000fc250b1f7c7f876dd931a2f1bde703f83ad0f84591adc71f978464964b7c00af3ebb784b83f17df3e13d6c5ffa02b0df9c54e717e1fe08c1feed3f6239fbd7c44c482fee47e9dce019366221efa590f95e60145d630634f2037068871d10da3971e169cdf00507dd9239e189b2a5897ebef1d39533c7d391f93d33ae41f4fb58764e7760fe0985b9e3e647bc0c42b57e3d759bf47049e0f60140eade6d2b28b24dfb774dc312c5ffc7ef0e114bbdf0e7d48ee3d8c90278cb2e01c577840d35c97a0753bc043c2fc51cfc25e3406d2e1d1bc7f9ca6da2cfe17f0df9744f659b9b0797ffb5075b1f9
1787432057.137899 sweep:Generic OOK 4.8k RSSI spike: -61.5
  -> 255 7a2289f6613bbfe2c27f184d0f6db38fa34a6cb080c16ea020957e2641768d69a001f52147c0fbf5033d4da06765b3857cc3077fa1593a384f893324ff064907478a3e07df42157587ba80d9b38d96e7c889cd13ec1c7da7045eaaa12e45c0c8887f5f8ae0c43fec8e6dc50be16400b97085e4daab486c7c05c6e83137d8e08c2806c3008a981b8d9cc41b38dfd5e6c845c537906b1f812570390ede26060cefefc8817bcf4171e8ecc7bc84c4c6d837401101841c1d133feb3045ccc7c2cfb65d939ec23c927c61903e4fd8fc3802018c5e2af896beaffd4ea0d3ae2080cbff7a38183e0863cf84e667b7d0799a99dbb64a9d389e3824347f13c52ecdaf0d
1787432057.138165 sweep:Generic OOK 4.8k RSSI spike: -61.5
  -> 255 977eebcd0f993559bda7cabdc310068180084c9944419481bbbb50dd2db97ce213be799b4df31cf389bf600d505e1ea32c3f0bcd4f86d452cd7bd251f5f76668c48d96383e8ed3df632e47f7365f5bc0897f8a1f888edfee1324407e49036bf1de03866e9ffe2437fbe37fb71ff92ef4dcaf5de30bdf450f00d36e50fbd465bc0ce3181c7af9bc202fc26a1da0ec378c34d8de4b3051f59fd650f2402bc5ee09510c9dc9b2e0f81c38cfb00177277f3c88268c6218e1767cd8750fdf859c9c09be1e5d2693e324c822d6703462dad621f1b6cf394985ac20e1a4862f7a903d600191aa2c9c4b9413c1e79e3bdf4adc004949f829ab32fa1376086be782c600
1787432057.138388 sweep:Generic OOK 4.8k RSSI spike: -61.5
  -> 255 4789e9a0d9ce2b80eec33048e60318c30e1ebdb8c7c4a69b20dcdab92115ae434e0fc362a34df49fa0e925032079c6f3126281771d61907fbfd29c16e057549b2a21cbcd86437bc34f96643cf0e67a91e5e6efb2aa2675d776204c7ce8780a50dec451f7889974dd7643dc25ff83ca3a010c5cd593fcf7ed602362a2f40843d57e8f8c3bfc8d4c33931eb6c801c9b864fce224c4c57e0317185a03e298fe2c97d1e5ac3f656947b00c6a30e079b0739d6c793b4fedba5fa64cecee63d5a65a21779e05f13c129db84b54bcd935c0ff44f4db20b7a782e773e7fbd02fb739e3fc1f18d73ee1847ff4982b469107203e6a3ef96dc59641f10be1b4af500365d1
1787432057.138597 sweep:Generic OOK 4.8k RSSI spike: -61.5
  -> 255 0f949bd94ec0e2fd8c6ffcfc00b7de19227066fcc1f9a18293192e67a54f20fb59aef560cfdcee8ce7933a38ddb69bbecee1b2ee17bec3d9729eb513d0791af712009583ee2d1c9fcffe7406f5cd80f6f72e285ffaf7cc79909930e2b3c4cb47c444f98f6013d3eee46cdc7624f87870999d84cff6d79aed7a2079ebb13f815befe8ec4d8384823c1cc24174e98679b7c8b5fe84ed8d3f821e03dba6b2b940808208abf87f9326bed9c3df629cf85171fdaff8b74d38c509c7c920bb401050d6c4d399e174dedb00d3ce920eea4a804ec8218f39474f62a398614f7ae87df9660101f99a31c56c269ef7eada3b887ce45f7ff3077a1332e897024d4b4000d9
1787432057.1388319 sweep:Generic OOK 4.8k RSSI spike: -62.0
  -> 255 18789f13e6663560f1bec78e8c23bd009f260e87ecd1a16748153cf3a7e58c52175107d47190401bd4fe6c40423e9603691f86618df7a093ef5c9fd43714ab402fbae8407918fa9fd1e0e5def8e7c80d8c7613e3632446bdf36994c98012e06063efefc3bc456478ac680eef19c84c81e3da011f88918b3e448b7c27dc7235c9fc7f018f3bef170ce19e81f02e48514b200639e22ddd776c53a03bf427e87fa4b80ca08837341d2bdae584402f343b2c6d43b6dda9c983c7e0f6c10c2d7cbc05fc7c7f018241013b81d2751b8750c269be10b9e2541812614e3eeeb7dac18bf0600cd5e807fdf5a5770f26627877b0747213582ef56f2e58162d1db51e015d
1787432057.13907 sweep:Generic OOK 4.8k RSSI spike: -62.0
  -> 255 4787646e713cc66e81c73a63e587006771cd941df3113b47f72a86bfcdac4be62381e7ceeefc108738328e9fd0e99b9fbf1aebc8a49b184bcc8973f577671c58e29f203b5f992717fa15024771e40e3939be3c60c6abf42ff9e26a274b082b9019106e3c710319aecf2e53c71190512821fae8bbbaf9c8bcfceee2f9e1131f97de6c46b0e81cbe72c0bf4c57b8403d608fc1fd718c63b14a07fc787ea3bfabb7ced72a82d61b401e76a2b28c66aae78d713d374f75c47b38b8c250a97f9846cc808d38c3e01acf3cdee52fbe8f177c73171c7779303220e47e82c9274f1fdf01df3f152dfa0b2e42f78869fae861cc0ec1f19e3fb560b9f73885b181905e8f
1787432057.139303 sweep:Generic OOK 4.8k RSSI spike: -62.0
  -> 255 080a09a6d263c418d126e531e479e10abc3e61e81de7ec7ff489ee6fc27b8ff1bbc440316b579c734096eef3a6fb9c2b3b30e087987e3cd2dc8e8d008b3409f97fed17db8f1fc60b30ee87e0604305dfa6338edfcce233fd1618ffc86471214c8fee0da034422ffa775f55f0f88795eb83e176c8477fb676a39a43f0ac35311e385709e203bbdfa7ae36dcecb93ad87b619e9567eda8d52fe96638fd5c7c9ddd4b7eeefffd65c3de5fa4fe167df4e278801e3bbe339dec22cbbac994e4d61d07a65982a0673d45092bda0586576d9f10e4cf8ebb7b675099202639cfc6c1001c83e7f71d047ef1c08c7268bf422ad0410382fc8384889024e1b1bf1512f9c4
1787432057.1395159 sweep:Generic OOK 4.8k RSSI spike: -62.0
  -> 255 d86bf2cbffc0eff5859fb82a933d502cdadaee710ceb204ff7996ca8d90498c4435923aca38d1231053875460b44bc4fe879581f0f101a5ffe517f2ca0c6787eab19dba4d41fc19dbe30830834dfe387d34807197078887fefc5858dfca3c1cc80023c2b97bf617d59c584e45cc0b017a40f2e6cb73069725cfe5c5330ee3853ece01f5db7d22dc0809614172edb08bddfc41475f07c9a3c01fb05120f4a1405c7024239a8052ff5bfc0c7909f683d79e0d41f7c57998bdd3769799060a3898441cdec814e550842e53f6331983f763609d8063aa8b9df01ccccdf83ffc213fffeff300eecb037cc9f54d47b0f5f0bdb7ffe133ee403e2905f733bc3e5d8c3
1787432057.1397288 sweep:Generic OOK 4.8k RSSI spike: -62.5
  -> 255 c3fcf37dcf06077f0dea7b7866fde7bc49ce4fe03d046113c15ff331629a7b437fcee779407f01eff6cee426fb6503e2eef3601f07132d7228ae723d66409fd4518f0b467008791e0f18a539c0a0c5957543130dff47873ec82b1f6c42fffe1a1418c034239fd879c00f0efea4bbfb996ff3c32347a1c6810cc3e6c603b254cbb1d59f011e16c23b8b1efae2d3e87e918f03e9cd3e181335ffc203ec63ffe5a0b03db0cc936b206848dde3cecd4c260c718714e781fe2baa31f0155d42d9d7d9fbe750b669ecee1cd1d89ec7ec5dd7357bb7c54b0a462c5cf5c1ab3e6cfc0e0a6e7811cc7cee6b11e6bc27b7760359df1833ebd332d89a6a98038c1169bcde
1787432057.1399481 sweep:Generic OOK 4.8k RSSI spike: -62.5
  -> 255 3f2e2ae223409572537f223849a097b8b305335fb985ba1824c7c150b02935c7054cfcd6c5dcbbce7714fb091cfbb0d907a36227f240f7d5eba3abfc946b72b2aee718bd2ef772bab47ccdcbd3503dd427b1cb20f175fddc0875b9d02002d7f4763f3e1a946977e3c246de06d4c507acf21f06ed430001634b541724e8c6b1d4b95f3e1d798c7bb37221abf9fd8776ffd7fde05fa30ec5b17cb8449a1e1e93103decf376f61115e86171b10cfe17a3e1ca20348817eb4205c5fd1070b3207bfebd20fd86f9eca48932411ebd781c4074784886d3a79e818520fb9f9ea4365ffefe09b9f7fc3acb6e930f39e1ea5a8e53dff53e0209ffcd9ffc187d01278e0c
1787432057.14022 sweep:Generic OOK 4.8k RSSI spike: -62.5
  -> 255 5895d515eb28dc0338582fe8208c0e05f99f344a22173619f92fae0de2202e468fac47c65a7c2df76f4544ac943bc4e443488c86db826fbfe0abec123eb98690f3e620f748ffb073c79d8f8d449949acb1e27b03d87f9b54dc600cb1c07c1df9faf6f1e651d90667f0308459eb9d25fa73d8c578589361f6ff222c3addbc4afdf03c0e95b75e1becd23efefc893a47d1c8c061fda3fe942b825334eabbd7099dcbe11a71097c240ce18d6e75cb1833799c78c8f3bf2f79c3dfe2da8347923036ec1d2c43f126c961dfa2d24c782c676a74fdf8f26fcd7777bbdee18d496028d025f4c3fcaa3bff8f616aef8058c9b6688a7fbf3b476bdbaadbe979f3bf1dd0
1787432057.14044 sweep:Generic OOK 4.8k RSSI spike: -62.5
  -> 255 fc9684967b9e1635c04876668546c827ae8e2c1924bc056733666ccc6406a0e0cc45633373752f7f8f831b027ca25103aaa235d33acfcba9ce80f220364f12b4e89e11b041e23922966c025dc0758a139183f59ff1376e0dcbb0d4ebf0fff189073769efdc3e5056dfb7f4f464f0cfa1bbc10519990064bce4fe86fce1c6596c59798b287564be94660df57df6ce37033ed87670f17467b0dcdc2528ee08807ccd67ed3aa733606e1edd7c8707f1dd00bf440a7702f81f26d393699c116d78c7b023da4b8743985bef3622729d0327029b0ecfb0813eae83d8683691da78d402f80f5ffb4e74ce21ee2e11984201c613d2735b934381bd0d39a6fab8c1cf61
1787432057.140652 sweep:Generic OOK 4.8k RSSI spike: -63.0
  -> 255 4459b0fa52c04dd3b7e4c9f559a98ccf6174603d8782e37f1800fac9d9a698e1f71e937c19bcd84ecb030c5dc5e3f17eccb49a3df741b28b2cf4a2f73ff041fc0ff49c7e67f5d1b714415efde041415b2955955fc07245cf6fc1c61ba6cbdd10671fe330c54bc380b18ebc88197874f89e6ea33c5132503dc5febc53632cf5a7fe6c38bcf7285689b3beda436bbe19e84863f6bdff0dbe4d2dc80f6cda0a5ce35ec0f8bd204e564f8d55799679793e5c87ed788eb1e3228b0c81dc99cb302101c1fc457d717409ac85d991633831808eaff5f707e5df6edefc3ef4ca02a9d0a9ad1c39bbff17401e3ac4b516360f8157ee4b8bc1b0f9f83107f26186c68502
1787432057.1408498 sweep:Generic OOK 4.8k RSSI spike: -63.0
  -> 255 606e713ad962dfecba4473976707e74ea67cf1706e15806208846b42132bf70c91ce769503ece467aeb6a76537a31597ce1c9c838c0f35d7f1b83847024d691dbaa64e87b18b6db4634ae4a7180da63337bd3c8970beeb5d3f6de2e80187ec0134609bc213ebe16e80f0fec306706f3ac43cc8edbf3d337a72f7a220f83ff9435c06e5d949f7a1613234c5b28cc0f79117a39c61a1827fd52f33373210b1598382a511ca251c948edf8d2cbdb923cfd18ae91e0cfa0c2c58280fc73acd2037c4c94efa32c70d7278d08e3848431f7731ad7db5efff80b869121fbc1d621f98f1528cb047120f3e07a92178396125088ee8a8f87ea02002ff6e971d816b5f81
1787432057.1410701 sweep:Generic OOK 4.8k RSSI spike: -63.0
  -> 255 0212926ac5bdbe8820aa386997513b83622e41bf7198adcf61cd73e3fb1e7ea1870600f8bd605f60e2087ebbe47ce0bfdcb7cb5c585039ca10db990e1c520b7df4f396449eb0799019817e31bc09e1e86f6327ec0a61fe263b41f07783f9f7ef440541f756308a8510622f6980bd8193e87633d0671a7e17c8f8e5cbd7079d87be7102f4159c511f1324603be806c0933840a93a1600fff888739078b09bccf01e5e58ca0482c8618091be2831fd7962e1683806d709c7ce60c2692f034f237e4265493911ec1b5b805ff7749fe295408c7220e4e3f398cca716217c58412103be6bc476488e9713017ba29da8d0f234f02080efc4c1d7e3fa38d7dfce941f
1787432057.1413069 sweep:Generic OOK 4.8k RSSI spike: -63.0
  -> 255 6006c64cf6a6aff50530c0a3b6dbdc819a7e57b8c2fdfb3f219dd2028842e44476e305bb7629f06de2bbcc08406b04f3713f23375cfc9ecc19e0d7e30878c924bb069f65be773507a0d9de3d31df79cc6c56399884752c1bc6a7f2ba2b33ffd58d7d1de0476b8fda5e20da50f2e018c7144d091b4813316cd9a642985668c416065a66d40eaffddc0b492fbe325ff929f39efe689f868c36f9b7080f098e3f851b911eff55483d98737e0d03d86250cccb4a29367630841c1768324e03dffedc78377c684434dffbc5d42531a5629e236bdffe3ff23e765c1496c950577e4a1211968f2bcdcc43ef97d4cf1b6ad783fab87f7c21367c30005c029f1300e741
1787432057.141515 sweep:Generic OOK 4.8k RSSI spike: -63.0
  -> 255 b664486c8687798a71e1b8cdef37dc0ad8503a09fb3ee36d21cbf794d113399cb7cfb8e0203806e3d4a73ddfb6200fd18b0a053e1b411f1d5f5e838667fd67ee889a1d7c06407d08c250213db70c124033c56d8a708f2b2b80399369d5187649e1c4f8fc9f207102b8f7d0cc9b86b3d04c0649007156d011919a60049bc6be6860a679fe6f658e37c7f1fcfedff18e4d96f17e4e60f21d1916f182069cb4ee0cff9f4efbff4aafef7a1bb1a47051ce490e00f281ebf893e408e213f1faa6dbad710be0f8d678effef13c87406f3faeac37ee21df077c80d03eae144141b02281405ed9d2f810c9abab7ff0846142f05886ee6f85e21d43a060c1fde7be1413
1787432057.141721 sweep:Generic OOK 4.8k RSSI spike: -63.5
  -> 255 33965b8f3cc1387601dd338dead3ea2323ee14e18b88c27f903cd03b90e6bb8281b371bc27bfa8acd6847bb04d620a859dc4bc327ff09bbea97ea89b8e452007215d079c606ba445438824a43dba4796f4da53937c2f21ef3e4299fb3e2dfd9fcae9a44a7fcd067b3763e16b07de33c41f306b103e9fc707f185cf00e2425440cfe625144513797ea643790e43c34870a97e19f0fd60491215ac332d1ac816215403de9037c0391b74068f97b45c799b164911ef7b6df67fa38fe8070f2a3fc1c4f00e9fd72c4e80d649e30ffde9009203cfa18e18ed76bfd16346883d129c4c14ab00707919dd0b322007809162f9f2243a46e274ce6d0c8ce3c70abcb23f
1787432057.1419399 sweep:Generic OOK 4.8k RSSI spike: -63.5
  -> 255 ee4893f1e0f9577850377c5b31fde4ffcf250ef3364b37fb68cfd43db4144190fcfc02784f1d42cbc7170c7cfdaf269b83f824aa0004c1e511608e673e16cc1efccb74ffb17271174171834affa014679675c0c3fd7fdb0f57481e1f72c064ed72a3c87870f77c863c81eb7efb557bef19c601400643e3897b317ac03ff57c843263fc219a1cd77147bdae47ac1bcd63fd4ec7d8a1f64842dc67b8004333ff850877e046f161e392beeb334d916159d63007e7313a490e0e7b7987de7fc1bb6e060df74834a685e93b081f8ff92064080ed28880d732126df964d0d031c040f3a8d1d7a1bfc300f4d41f01fbdd07403f71d8900d5335ac220725f8fbc90307
1787432057.1421618 sweep:Generic OOK 4.8k RSSI spike: -63.5
  -> 255 2ffddfe15bafef271d8b4db41fe1c03ddf78024fd4e0e6001922c26f85e2951670df3e4cbfe1b9e2ffec7386b3fb779a38c83db1fe2a403e60076647cc7beb471a838a24400fce5e0d7038e3e37bf8346d8cc34047e40dc8c032d13581050027f7bc6a5d3119e7055db6c789b5afedff48006432b3057b9efd14efc247bde80502f3008376f0fbee4fdd90f0784f989dca9713707b3bbd9f6461a75edaff5fa5ea6ec130e07fba1d8ad88eff8b2daafc204e556a15e51f433d08c28c3050c268883a32f1c95e1e2585dfc04e3f7984cbff4713c17dae17f9ea2fea119b777cbde33b667e2e79f38f9e3f959f9f242eb1eac3fd08c7dc0d64f6b3bf0f766a10
1787432057.1423628 sweep:Generic OOK 4.8k RSSI spike: -63.5
  -> 255 5247efd9df43e14104a987302be172fa05e082d9afbf25143d6d847f7aa07cca7a63e1e72ef66e83d8101f95ccb503f5dde14fe9fbcdbace68c6b0300300173b4920587953137b75e5b601b7de10ee5e67e4f2e3feef75f910da39287ccf18107e6b67485e5d2ee23a8dbcfcfcf90fe57fe3523673bf8473ff59181d84055a76354df1dad90b5e009724ebedee18161f933759c0c9983bb438f8a80cba80211fee09afb230387cc500d00f71dd33f1887a3a2deee1d9ee658f3ed1f2736fa8f0340fcf8d82787df168b31e63be446fc6f63cbf23ccf5f97d2e7e44c27b857d7705925ae7367c3c73a753b9c2fd267df895e58fc147711171a2834a792873cd
1787432057.142569 sweep:Generic OOK 4.8k RSSI spike: -64.0
  -> 255 c41208410547876b5d698f391fe16ed0d5235ee04d97c3fee3c670cb50f7802867249773a912271dd0a482ff9da62428b4f2b2f9912ee6f07b87b1690693b6039fde33c0e420b7dd141eeec817862068550be79c0096b808c7446d02f9a73a8187d35072c1173fd78cd9209a3579cbc0f1f82647e8e1c0e97fde0b529a6ec7fce76bc237ff463799ee0b3fcf9a1c082307b311e323aa65999e4419901809fa4e42990bf4ea197330b84da39e948d1d0deeeda9337165cefed8181a0aa23036c65c05fbf93f213d17effdad7efe063f9fc2a91f36c0683e18c3763c680de3e97a1c02a58c513f77b3f0f8713833c70fac23c0523d47f1b7b239ba1a7c66b444
1787432057.142802 sweep:Generic OOK 4.8k RSSI spike: -64.0
  -> 255 a07ffe2e30ef656e884f898eb9ddf0f7701922fca14e40aa0f6c4bffc011002d50e4889f058b1b770af78d357a1797e76377bc1b262b4f4d70159255ac6ef074cb27d91ac07cbebd6d8c08bf9d8b0771b90e3963f859fc0d968ff35eb8bf9be1d12040274e1fcf8c337267ef0b37032481843bbd4196dabfa73d2fd3ea587959ad1ff4cdcffe26cf3586a475faec69ebdc48e2b43bc63e03d1d9ea54f76613304f3bc1d80a07eca679c443046dc7bc233b824116796260fe1961c33d81728ef970d06e31edb9296ba5cb27862f460bc1f0c9b9edc04cf7afe238dda12457f99a123e3f06f007ae3b9cbee70b1c125fc92e72cad52f5d66180dbcfd5ff39f88
1787432057.1430678 sweep:Generic OOK 4.8k RSSI spike: -64.0
  -> 255 e3d10053cdf7bde2f9cd9bc49916de0dcdec4d93cbf6f889d3d20318dbd4841ffde7af2489bb60bdddcecd59cdc3c447586dc925c2f6fda3b137b9d8eeff57a81dbb1f7e9708cb0e4d5116f6715f0e9d1f8521f5892f38af7c20fe6ff98f01c5c0d7da71f40646000a828fc6d18699c43bb702bdf93e101d48c6216018743cc4dfbed890e8cde439068f22e200b5e3221148d6a37a9bbea5be7ff6a8a073813c54fc7e0cbbe3eff08fcecfe4bb42442c740b9aefffe5ff881ef45f9ddff181aaff4fd3d0b9a67b69ece9abc72f98b79546a96a4234e8a41b2230cae133fca1e6b238822f4bcfa50f00af20e62fdc22bf711843a4de60f580f9ff2c1930e3b3
1787432057.143305 sweep:Generic OOK 4.8k RSSI spike: -64.0
  -> 255 d2797ea4fed8bc15c93ff083e13d4f703288b05bbd9669ea2e38ff0b898c57919164c7f44f0dc0f543fa067b92b834d362e463e1993bc27c795fe4f06e9a8fd9f3fd25a88a9bf01b09aaca4095c759ac3f714c7edc10c04f3a4c45c14651d99f842e7b9ddd760987504678f1f1fc1a788fc592c0f131cda330694f329e3d01c3d97f7fcf9983a84c7f6c2797b50230e3f9af6c366213f2b9b9dc0ccf1a03b0ddc869c8cfb33c80da002c861b71ba90ec10e488d6d2ef7cf3a8321af9139c6c4bc89385a7891f57ebe3c93c75761023e5ff90fe9c3238b92cb76d42d3c706c07c8c3d2e5d14c0f00bee73727a17a799cc1e8904700321d82739e209108706c9
1787432057.1435158 sweep:Generic OOK 4.8k RSSI spike: -64.5
  -> 255 d43bd094c1a1833a1e314b71cecfc01303a0aef8300dca909c6693d9230b5be84e5ede07064cf51ac04f9b70ed0950f6c7e7d0c476314712e2fb6df819377334ffc829fd9f58f1fbdb8a3073a1a3a1c23c0c0431565c8e6e0a40c8704b11455cf266e16f784bc828be1da76633b2825ef9c3776b1133ccf51e18f3e9121d5ceb1231b701ebee504761ed3de312481dce00045dc9e0114bed6869fc1ed040bea10050603489113332171d0788cbbbc7cf28edfe3df33e0bd74b9827d09c83b716ecfb7c0bf350f4cfce03ddf00dcea1ca28ff623cf86546b0d618c77becf5a7f72201b8b2b6358532918835d0fa8850c7d9c2211fa0b1d98f49c9d894c1e9df
1787432057.14373 sweep:Generic OOK 4.8k RSSI spike: -64.5
  -> 255 859abf77984faeae57f9f79cac37d20fa0e9eef0ed40d801e7c615140c660c9eb463d870f7c7c3ba64b13dd2d95e733e987cdd3df580637c4e4a67c17c3e384e8053139c99efdc1876a38d587f76a99555512bda648227af878fb0379f1ea036f9a5dfa4802048f93b831fa84f5a6b9e11e8f3df6717f0e15685bd2d57ac7638f1b87c23e3b36f71eaef797521ed24d6c1bc7de772e07b3db737d8902e37e13dbd67d47e1e2cb88730f39d2471e23121f0a2647732345b509a9c9c493acfbe03c073ef1d04290de5f28d23f184cfdccefd3c662588c78bc74ab6c63a92c36d81b820af67aba23257adf7bd3d15f38c4e3877ebfb3b01aa99b815b0f78cd4f8
1787432057.143945 sweep:Generic OOK 4.8k RSSI spike: -64.5
  -> 255 27f70318600ecbe5a0d9c5af7144a13636ef7c6c20aecd817077f79046acf37f7c7bff7e32230270a5bd7d6333d92969bfb450ed108a6aea4db2d1ddd1e8585451ef76c217868faedd9d5367c63fa094f1fac55e3fe142ffe1b847c78e7c31f84810c584fbce7cd10071b4929109bc48f416d312e70ad7678ae7f1a1e9f7c2867bf2f1580fbcd616beb75a20231a74c5f811f12b500de4c0e0630c5efa6df0894e35f43c057d606d433900e6b2c4b4c3e1223e0c0a4720fd757ac54df95de78e3574b5fdcba002c79bc20516b0b41f084f73e7c929cc5e0686240ca736f9fbc6369bf68acfe5c607812a0e2715d5fc91150ff8018ffb23cfcccdde1e014901
1787432057.1441898 sweep:Generic OOK 4.8k RSSI spike: -64.5
  -> 255 9d128c011fcdaf6cefda728bd8adba65ef2a13917dc5e9d88dcb1c219d8fe815e43797307cc59cb0dba741060185f40393a34e60b2e3b84da7fcc8e049027b3adf1f42015810b2812117beda0f62e515bb2f80ee711ee2425d87ccbc484c80ef2f8646df1fca990fede87130d0e582dbd33dc67320e6374e78e1020332e1118b22bca8fb4cb079fbcc2ede37eeb2470df31248bd83345c37c1a1d8b32767fcf7dfd3ec50e13d202d010946ac137284c12996d8d82c41b82be9dbc221b844a1040dd86467661086cc8e00cce8d3b06e31a77aac014b113ae844aba4d842b53bc9047c9803ab31c13a5f0cd1c5fb738f9920a22ce1907378ef04b54957863e72
1787432057.144402 sweep:Generic OOK 4.8k RSSI spike: -65.0
  -> 255 100dc8113d8e04d27c83a1679fd2891650485c4eccd41a1f582447f0038ae3f026c33099883548b7bd2fe8e3b47d14b661de07597e7e30d86327dfb6372213ec90a19e6bff4c536dfc4e7e9f927818c015638718cdf5a115fe58d69867e5616206c6cf9a119a13303693e626b9ac13771813c20401c185ef9ebf45a055f34f11f823ff8f80017e5084ff669795b8c2230b815f3e5990401307f817e21d44939a168003b29ecbb8f10023804d8405749c3f08c2ec877301f4bc3e34406043903f11a5f1210bcc71e44285fcfd0e821107b018109c6efd67c85fbe38378338b50da183819c6f09ef5e6139e845add685d125e88f8df311c87c4341fa0179be04
1787432057.144613 sweep:Generic OOK 4.8k RSSI spike: -65.0
  -> 255 37c18fe28d703d3da61c4608311dd46f038364c3b5bc0b169f5f815ab808e72eeff46113024f4880064ce32c1bddf378203c0ff7dc50e3473f3f7a51f837f3cbd87d31e30b8000070f3475b8deaf88c63b313b94cdef300d1a2061e49e1d181bfb74326c320250df224b8769d8f8b61f74c1cec69dc0659a0521a828c3a232b56b993e5f8f0021b37d67d38824d71c07e96811fdced1557c031de3d6607a0fefb7b5c9ef09415f0ff7c6ff08c5985e08d0b6440a0fa25c06adfb39e8ad0ddb00f9fde13ffe386a360be133d89d59e877efbcafc792c5c6e61b7439df21014973270f79af153d66ff09dc76a44f527b0956bead0bfc564803fd390567844c7d
1787432057.1449442 sweep:Generic OOK 4.8k RSSI spike: -65.0
  -> 255 b4d4071c1afac7b0c187d425922054596b720654fc1e191a331d3c0959b4d9e5413f3fb45cf9ae718121e8662efee9cb3a338802907c8aa2301449d7e7bf7c2ec5f9f0bc80819f02469f7ee73ec7ac7ce5e0b1ce5b827012ba95918e7a0053f9b701ed1c6fcf0417ff01c671180e95935733fd096177e21fbd2848425fb672e90b92ba8ee27b08cec462ff067115be78397f41fb9ff58589c7c0bc152c9b4aad900410f419c56b0891007aa14589bef78730e8dfe4f8064537ff1df9ab1e2cf3ccea70763cfcf8c31c24df8138d1cd670d829b872574833eb47bd8bc314bfcea2f1438318bc240fb0aba5eed7e121df64012e09f6f40044f78e6cde2097827
1787432057.1451972 sweep:Generic OOK 4.8k RSSI spike: -65.0
  -> 255 0064421667d97cc62a77735827e30274d7b17b847d3b80f4e45bb5419227faed118c70625e0891fb5693fae10afd688df673b33e0cece6f63f969ee748c87ca7871f38d047bf4cc6bdf8ebfa058dd1ed22b9322cf5ecdf13d68ffb8a1956097f73c25820815ba88041bcacbc1953821ebc41dcc1ca221f8a575e97c8347d1de7ed50c2054446fb27e3435d9c5ad8fd7837dcdc82219f7431dc2dbe49effcfb01b5557a41a69bbb4152935c4a710011c03e4d9b257b8b4f89a87140e1cfb7d8690e77f7ee6dd02b416ead7322db0818df45e4ff7febb83717de33e2c3fe6316422676d0f8797f59ac95523993de257b1be9b070c3cf071c1d8a778f01711144
1787432057.1454341 sweep:Generic OOK 4.8k RSSI spike: -65.5
  -> 255 dc3a3f84fb98034626521b4ef0f8cf38a0b7f4c46574cb5ef38cce1b03d8458d04c0f9ce33cee00454b2827632cdf565288b8601bc951e9a3f2c86188c3e60fbe872210180b9e259ed87875860794060d8e3d1c370723373d64d13fb1d02079441bbdf82021da79eb1a73dcec7410ce952b7b2fb3d591e5e3eea784be4b70678e11f5c26e882941fbf8d6278b66279207c789ff9825c1b3e0bdabfc2773a8de0fef9e19fbe1145a23e8248115cfcf427418e1ecb9ab31803905763735e14f9783c9c9c8a3b3cdbc2b0a70eec00301fb1c062a300beb38be10d06199cdf48a6d6ab4fcc5a3c7708a6d008c5303c0198766230fa5343cb19b345d0ea7fcec35f
1787432057.145647 sweep:Generic OOK 4.8k RSSI spike: -65.5
  -> 255 7fab513410a9fdcfe8184830af61e781b23cee496ee688486094f8fcd0c1bbbbba75c7cd32b6294846aaff04017a4f07bf79829cd964502737d32d833ec08ff00b828fffe3f5be1d4cefbdec07e3eb39ec9aa7ec434c446eb5637db21727e786bfae7dbf67d31bfacafde83d86e1793ec3c11b38b884b9f5688b21fff9c18f8bc6304c2b741ac3e195dade4a06265c9cb2633b2e10479d8b38cfa737de040ccdccee021c96be069984fe8cca27867cd6d645a81dc4711f70a98e5741e3f876ba215ae71c44aea63dfeff0199e2ff8ab2a36e4949b06070ce03c289a84002c0c526065c3cca81ce090eacb1c3881587c7cc3c29d9d99b24b6392b4a783c328f
1787432057.145859 sweep:Generic OOK 4.8k RSSI spike: -65.5
  -> 255 3c54c600c118c8ae9ec2a0c70497f661ee7479ef811632b923339f870033aa986c4b7e4a7cbd3f7f3f1cedaebb9b2208144180a1f4cd72cc8e787f794c075d3d336cd01f00bcb29bf726bb1278caacee9f7a415d5a487fb96f677909a8f7ee1bb40dd9842587c7bbefc8769198326682dfbe987b7fdf90e201a2166b6eeb575e4c00e4058d2051401f67f4b7998e6751fd94403bdc01f78b62d7cf0e4c14b75d1d9816bd8ed02d867b39bcfcfe70c1f63aecd8f3fd7e7b29eb057dc01ffc1c13c0b89e8bf2ca7d2405004b577947de7183dffde9c2afa47d11af401fae10e62e818f4313df3abf1e30d1c2df6042b8661cf004ef3d87a07d2ce022083897a7
1787432057.146089 sweep:Generic OOK 4.8k RSSI spike: -65.5
  -> 255 72d7e84c2085df7e5c706e0f5ad9c03e3b0dc21c5f8d59c719ccfd118833603e66446b1f61627c70b12417cd02081366a8be587261c680d3f0aa22f77262570e28d810880b68ea860f1d50ffefc0e9bf5a4f2294a43fbea0f0c14620a43ee720acf5fa711fed1ffe3511e0eef1b3e3ec0bb99e3ae41db477e05a1a5ec6ac3a9b6c882720d31219a7a04fb8adfc31c9d3212012320ab11f67227c544f01eee2f759b1860401b96cbf02bf00c13f494bbcfe1ac7b0d08e87b0574123de78a204807631dbf80da03397f6086579bc6261695fb4711fc1d5e20f9234ddf17b849c48004a9a3f94b51495951fed46cdc0d02053ce0319ccf0cc1de2008e5eb18c07
1787432057.1463208 sweep:Generic OOK 4.8k RSSI spike: -66.0
  -> 255 1ecf072be23feccd6b176229e74fb6771dce85ad7f69b2a8fba5c77f066ce7be3d511f21eabf0987fc6104c7fdf2a740534d2b8e6e798895270e4e5467d85a3b17021132d50b5acf0f813da8162015d3d5250a99de01a4cb7d1bcb3d014625fa43c25e49330c0ce004027bb82ac1cdef797eefc7f7848542000c30f2fdd4e65f6d3c403c1dcd6fb0bc9669226333fe64fe28233eb01ba13803b6cbc789c602129f699124fe37c3bb100da207d767a173b97936f47965e63a099e49238af6c974283b0ce8e380dacc89c3d04f4f4c05addebf9e6a5f65cf339a120c281978377e5fc51671f36fd88232e7cf704827420cbc61268805f97c1184f881ef510622
1787432057.146543 sweep:Generic OOK 4.8k RSSI spike: -66.0
  -> 255 079ad301176374e5cc2ec3b605fbe102b2ff07e72463963e5f18142ff8fccd2451e7781798bdf30a8c6477d103793e0c1e840a1f9b8cb74f02e0358a7b7fdbd83c3ad551c7a8211ea76dff9e358671e5bef428f9c15d9da267440548cd025b5770e77ddfbb3b19a78fa96e3e99f7a3c91ad1fc01e741e7be30d8cf3c5f533ea8ef6812fbd8ceb74cf09fcfbb61206020a75b0ce8a3bce68164fd33955667c52c51f0360f3bf3907b44170ce38dc318f11780582fcfba4f78014ba9c25c19b83fc6dd1f377e5ce7887537fdbcfb83870f2c6a762018150d99c399dea1d65ae85b26197e8d3643bcac78bde0c7313a700f620631d147dc00872d8858b2408e4e
1787432057.146794 sweep:Generic OOK 4.8k RSSI spike: -66.0
  -> 255 bf0f48235b21e3487f6e85a8c118fa38fdb007a761f368731d4a732c6628e8d67550f8806e113c430d60890707e7e7d9937bd02860deb2ce1653b2445cfa014d27d4fbc9007260a4b5a3e4a78ffe3d5189d71cac6d1e6bc1a1b317befba9b9acf90c7eb71fff6e41072266d6418339c6c1c245d082c87ac3063d4607f1393b7502007e4f79893d95634133960e1ff78f06e3c9f84b1c230be077f5f0319bc4a7fb1d5baa2c7a10f0fc8498675cee6983ef73da004f874430104d6ddecf0f960df3760ce2b070b1c66c117ebfcd85f9f70b7ee4ff2f1f59df9c65f3050f9eda7183be704341decfc1b0119723899812964fc7359cf999193f9f59604d687bf4
1787432057.147072 sweep:Generic OOK 4.8k RSSI spike: -66.0
  -> 255 fc46ac0a87eef48de6cfc8fd7af5ad46b073c0f4b3f161c8f4245848634e1ede1949fc381f0f612109110d2f8582b80619700079bbe93f57438f5f2ff7347fd70c13363e543b9c7d202fe16f2d1b477c03f13aa0d1905c8aa9b140f9c2483838852e380f6ec58b7c4010916bffce17f7c2ac5424ac208f3798b1a9bf78d27cc948f45212f8cac08dd23c3fc06b314d26702ebfff23430572c75ac327f45d2b43fedea4e73daf7b805e6f9d5b4762e1c88f617f4033d582f3bfdb071738507962bd4fd419c5c01c30c2ee9ad11e67a4c1e67c1d5e3efd48d4247eec81f25e80b1ffc8de8620d65cf4f451d2ff4e21b1d5bebfc7b0be7456fddba33cc4e7866e
1787432057.147336 sweep:Generic OOK 4.8k RSSI spike: -66.5
  -> 255 ffe1dd8a50b017fd6998917dbe60562ef009f218b83de13e05e1f7ef5c94e8a0a9a1c6be7031f38922b93fddbaf0d136c79838c28f04ca2c5ef662d0f45f88cdcdfd4e7d1d646efdcad0c503e5dde67dc18e6d1246c0c35b21a00f7cc9db9f077f7b02960b3860847fc6c03bcd6b14c5e83106db03b5b3eb81d83b60ee3fbedddf840bfdff1d873c80fae9c6c0770bcd88e1e6379da3e4eb8c0a01d589dd7fe097ebbf3eff33a3379b839bcabf63e0e24a6d6fd13201f0c2e6a6f2f905f7cc29fdc06f219a69e1a648c2978e691e5f3c8802146c82140593ee23a910f604677abba5bfb0720b20882615e1830981807f7c5aff9c47c60d4de447781cba47d2
1787432057.1475682 sweep:Generic OOK 4.8k RSSI spike: -66.5
  -> 255 9cf8f84147d0f9d0b62992ae07c43a2a97df8b8f1bd806dff690b80f8543f73f9f8b50f8ff36a1e0067329b9db8c673113177b2c71c7de0430e8887f20c4f9b77b3504fe8f2e97d1b1dbe0043cc67db3c7bb88d91d98382ce867fec05a586207a47414be3a3ea8c4ed17e2c071dbf3738fe21c828cff0ce82f30c3dd1e82ad92b03954997090c4cb81780fb02455571ef0beff979030462dd7e3e2edc3bf6e8505b6a1e640e0272d252e0edffb378317f19d225038fc6bbe30360f7d4471af917e704206b6d981e79150f1404fa0da1c646bc468a82e0a79b5c6de12857ff074c838db6716e8fc1af16372051d4a8e97664026ca638f0498fe14cdcd7bc07d
1787432057.147802 sweep:Generic OOK 4.8k RSSI spike: -66.5
  -> 255 3a26ab3020dab348ff1ffd46cb904f203a7a1602e0d7eb69aaf0bde846e28861d579b0b9eb23f7e25ff69cee1f39b5e88332bf95501025b3530ce20c497c0e186d9e796078670acfbaac633c7da0fdf14fc8ca8db0d85fc9e5fe4520570d65bad0dfe587784173e6f2267e42650b2f3b51c856f00a6138d0b33c9648cfc8ede1c6f89f9f0901b394222fe4796aa90f9a4e1bdfcc7ac2631bd799da61814c94248dbe52e7d6480c222b9e0509c1f0f4ce147cb41a354e4843230d5c3a0b73a3d84e8bbbc6c13bbfe2ec3c40f1103f601ac7f79eeb0db8562091643d9adc1bbee11de42740f087d1f83807d8d380defe835288dd0ec7101f4058ffd8317f14bb
1787432057.1480598 sweep:Generic OOK 4.8k RSSI spike: -67.0
  -> 255 f6fa7e76766b4a8b2deed8062065416c5b0ac805ad92c6f47fdcbc2360ba062f6c6c018bfc1c234fa35813f1fc5678e38699b3e3643e519dcc709d46e18b7fc90e0fea5602488df97a01a11eb143d92bfec07fc73e4e8e1de7b28e4837983050d8e5b808f6f9cc0ff23a0cef8dc7850570f445a04fc1b7bc983e43eab13c7ffcd3ab7fa296633e58e490194624ecb8fda373de766504ed6d9fffc80c4979a75b3a4fb1c6f5f9808ef7dbb6e703a8952b7dbe5d877f8e1799bc6f7d85c7f9fe952e3e253210fec87d5e4f0a9b7c067d8d3cf23e7ca387010a976351cae58919f9d479a5c9f81cde786da9b41923fb7fef66570c813da2b8081fe559ec5a224c
1787432057.148263 sweep:Generic OOK 4.8k RSSI spike: -67.0
  -> 255 7e67f9add741b497dc50c2541b81a1d6b8f21f66291240e4cf001d7c1577defa2d05e5051c85ef23f4e2249de78137cef5eb992530140603c836d302e3f1f7e5671afba9572c82312eec67fdce750e30a98243acd3b3caadaa2d84e10f7f0052657266df395a40759e3fd751c51854dadfa53dbf4f72fcc1e6f849845f90b9205f07234f5966f6d5e86dca600823f67e3fa9f51ff247b00faf9e5d1edf51f80c2d3daacc98f0a76e685bc067a200cebf7bc7cfc8e603f93bfa657074546a7c8e202e073f135257e54abbf44f8162ad0791de7cb62f61c4d21cf1bc67797ccce3b87da02ced7580cb3608e81d47481fc91847a8a7dddcd6aeaf61a4f917bbec
1787432057.148491 sweep:Generic OOK 4.8k RSSI spike: -67.0
  -> 255 97cc8365fd94609a762a37b35208c30e078cb98f5076ccfe67987f3edc344179c65a8fae38bdc70d0dff9513a3adb81601a0faa3b74178fbe1e3e859648cc7de1c3a70d0b1ff60c590fd04de7a12e3021976be91abdc59b3ed2307e2ee7f85fbec3f49c0b054ba0dd2506d46c1ffe03e94f10b7dfae79be055a42bb2676d3bf1055f025e173030351bea1919cb06b0dfc42451cbd6a27c89e47bff9c62ea70f86077fd5b0004cff30b93cf22b3727cc17d4e19ec09014770f1080b817f1c8f5d930df606b05fdbfa0b4c1c6cf3324e665b3b732297a6441f002fa229c8932e8f78757f27cbc900182564b17a43bc1f90710af58d7fe18fa08068b19166ec04
1787432057.148721 sweep:Generic OOK 4.8k RSSI spike: -67.0
  -> 255 cf08c4415fb71624314ab9dfa512cb38470c049d7dbdbe664e737a57c00d0898b3ef611e547703e9d18e64737b9442166ed017990ca301c3d69339fe97f278a39d2079139460c1543aa621c457803e7874519ef3e8d079e43e01312547e9f746f4257eb790325843027a9f7fe3dd1a460ba3a803e3df2c02291f2cc18a8c6634d3b0a77f7e29f6eae3c4305f62f8c8df8bdefbf2ed47a5d443d4fd8c462d18e8daeee2ee743cf0cde176e72592f6c58f4e93970c7e37d223ba049aec3cf2c2f306f4321b81d5bb98f9c77eadf7417ffaee21ced8b7ea1afc186006d3ae5bc7f2ddc23c11f7859062c1ca99ef70c51c150cf4f3e4cd739fdb051354207dc2de
1787432057.148949 sweep:Generic OOK 4.8k RSSI spike: -67.0
  -> 255 acc5d6e8ff49b0a62b9f0a207e6f050e795df725fd509cd797894da62c0df1b0dd8b9c125bf7db9fdd27b39d31c0c3f08508569a957ec7ad30b678e86c43edcc3e3a0211ae9ef46d93fbda5380a80930c8c0d203e2408ea0b8587fd4384407e9dce7f9020fbe252db0419c0675475efa3bc3143f1c4b99fb89880640907c240353dd1d4285343432ffa263def63328775fe6d0e3b4bf47f47c2a30cc6c1b4f33c39218f84fb8c759f7ecc7f678473f45f85ec3f837c91f8da411a474cfc7b797218bfef3f2d2e223a334911423ed9aaf0d207c00ada204014f81a8e59c2e7123465b11c7479bb81ffc130fb634693d73d8905e2a8f9c3107fc26347b8e50f1
1787432057.149193 sweep:Generic OOK 4.8k RSSI spike: -67.5
  -> 255 ce5bc8f26c9f8f415abf918b481c21e11af3c4046d003ef1f3b23d934c611a7262e706d20052a2a0f36b8d1bec13de539b3d2bf30fe808d83919fdce0c26100f9cd7d7f2e86b3a3e09a607b02aa26e41023304f43f0b72f928003c81e9b3381346bca1e77fd1d5c7307e71ec446a0463fcf45e9f682c6474ad1e874dd892a29747c8071ea7b7238040e3efd13e637a57902698927eb1287dc565c9f059cb2dd90cfdfe28bf4bfba7b7ff3b9bc4c4580a66067b46f209630e05b8c449249f6bae0f910e2bf9d4c78a6efcf9115830786f62e72007e12753225a2d55d3f20faf66fecee59cb7ddc08e0a78602f6b549715e5c4cdaf626607f10abc81a1f66eeb
1787432057.149442 sweep:Generic OOK 4.8k RSSI spike: -67.5
  -> 255 adba2cbd99d077dd10a9761e4fe1c9cd39eccbdc362300503c99d13c41ffc9071ca10177858eb51d12695b95bf7344c4e2770a059319d016dfb3c213fc33e7147e81eaa646fc3c3b38cbcd908873cf18389066c71ecf0fe8d3635026bf857ba41e3d7bbfbcf8645d9fc9300e8769ccb3b217fbf775377b478726197b77b8991e8cff8e231980007662fb01b0bf73c7ed216971140242703939d0796b1cc4d12f47b60f94004758099750f9b63d8f9ee2fdff192e278c3c62f3fdf7e9c7fc1fa87d7371ba78b0298e64f6bf8e3f68de7fc8227c38faff0eb8d8cfb2f6e3077be43a9638811a3f00c3bf9b21c7e772b7bbd690f1937cefe73ec461173ca2c1a7
1787432057.149672 sweep:Generic OOK 4.8k RSSI spike: -67.5
  -> 255 0703519f97ebb7a7ec53c4c71c12caed97f577f347e3bf8e07df5cf38e73ee7fce30af1c5177d7bce21327c55938e6979d8095d802b28198b2cfd3827060e5c2703b9ff2dfb9a9758f77bfb3ae036b212596b2cc1c1cf3f22270e8f75bd6c3c96be5acf9ee82c1c318c1bcc9de8f3d7a48780c4417c8b756cde3384704140ae2041b3f7f9dea5c6f838146c02be9debc2e00229a1f04983c8d29fbfe728f88c145ac1c004d9549fe4cf1dbdf3043811a1f1b478d5e5d48fee20c2e5f579f32090c9cff3cf17740048906ce27c6c3f8622245ef3fd935c73e760c10c562104d8ffb66dc7e078cd34458e0e08adb37be91f4c89b8706141041a82fe8a3f455e2
1787432057.1498811 sweep:Generic OOK 4.8k RSSI spike: -68.0
  -> 255 d9645570023fffd8dd9748322fbe8b8823c73143ca00b3e665ab5c71facd00814c73af090cc60a748c500b982bcd9e10f7e86365c1e7d64f8578a7ea961974b438f5fc986990bc1a19f044c3a31f38100903e5ff9be425f2c0c617ff2fc8c2b9fb97a9a88e5cc96f307a48cfc2e30583564fa472a04439145e1123883ed61109f3830cbe2749fcb160bd6b4077ef9047d4be57ffd00dfb619940c3adc39d0cdb920d04a9920f0f81b5fb1efd0f8c531e2335b3df8fbfb875b2687ec9c0403d22f36a9fe25ec52c41e57ff641062ddaf3ae636d8843a68f7d847345369f69e6af90b49919cf1c29e870fe8e5471fd675b361606c845d56a7c3400313bfeed07
1787432057.150164 sweep:Generic OOK 4.8k RSSI spike: -67.0
  -> 255 b35da1a79e0990c8a30d9eee083f74c1aac15f50101fe0b803c21226b7b3663705d988e4c40250898c3755f1478d83da73e8609ef03cb290f0ecc8c84e7ef8bdbd3584a57e651da24b7683be252ffd8c438399243e204e6f092c0d86844a4064f11a17872643d391b74447c3413395bff188f22fe4801c1877dc741f0d4d0fe04efb109ae8ff650422f85bf1947de00d700bea98285c302348d270c877e3e864e9dd2ccbce49e6705ff7431073b9c71f97bbfffdc77e069730f27a2b6a2f99bfbcbd9bbaf8493cfb9c0f936c9d841b8e4dfdeb8d0df7e0609fdcd8b5956f29f810b065649a8ffa972368abd3ad0463310c64a1537870db8a811a191d71fa5b
1787432057.150379 sweep:Generic OOK 4.8k RSSI spike: -67.0
  -> 255 5444ff3f644455d8ec0c004ecf99bd3902c30952f2185060fff7e7e8926c87371096582a67539b198d3fe2a5ae11ddf8f99cbba38820415ed7c5f9af07eee0b8bfc7eb6f60eacd3f87546dc41e19c98a72ba147a6dc813fb473c7f95b40ff8d7af1b3fb24c0d543dbef6770b9fcb9df00c06d1ba7144c938318fdcf266600e6302b75b81d0f4878b17e1f70ea84c5c29e1d18b20e090e81c2eb9197d7b5bb5eb60d8e4d18040d106b5d3ef4f00b30efbd30394fa33028768867adb0ba1993dad39f3a93c77e6f2c854f8e1b6607da3936216949c5abdcbdbfd82ef7793841c038649b4a3f4973f46ada2d122850be04cdfbcd18a339fa14da10059bfddb4e7
1787432057.150592 sweep:Generic OOK 4.8k RSSI spike: -67.0
  -> 255 cc7701c4fa97c21f313c7401d50e6be23fa3b8432c65f34f897f7a39e015ddde59e0da6641b6f2d8962d74efc70410fe35bdee7f5fffcfc1fc341ad7cfe88fe9ef3ff2c7e17bf1e11b3b2f8de0dcecbfa9933dd3e98bc6b9612e31c424c2524863bc58d6c0137c473a17a0c17cdd9ef204273a9105ef7c94a8cf7fd841aa17a4c756cc186b3dc9c6ef6f6a180fdcfe2b8fba03f6b4ba7f8c479cc82441866ebcad1022bf5e897c1f7563e03c58f13cf3accb088e001bd2ed80377f86a14434cf21f123b6f430e61c8a9d1e4a0f3d47abf88868977394de0d248f1ccb41e38ab2d2ce151d31e951c51e267e39e2268c7fbb57bc32e365b24c5570a46b38ce1f
1787432057.150808 sweep:Generic OOK 4.8k RSSI spike: -67.5
  -> 255 fde898ccd7adf4de90ece60c9f836a5c29a13773e829060688ae449ff1f8f8529821b87eba428de6a93f9c765716a8fb12d1747602c2585ccf5ffb0ce30515015d03b5f29de00bf609b783fc1962b088e1d84837e316cbc210fb8c8ea6e76ca835b70d861dcc5b2b2b2e792026ea46b79f3c3c3110b95fe7c4dd8fa33142f0466b5eabbbc0b2f0a50bae8c8e225b6350e6d549b99f81f9fe93fcd060c737c4c51c2390b86ee50b8f3ec09f5750a4bf2c0486b886fd78ae7e0a2f201f81b762e1dffccdda16a794600cfd8bab3709402d42a3b9cbdfb21e9e28990cffdb427ab10b7baff1ef71a912bc8146a1a7c25bcddb133099f207d4d180e4b800bc6c43
1787432057.1510599 sweep:Generic OOK 4.8k RSSI spike: -67.5
  -> 255 d83890f3d9a9e7ffc41fa812acc61d7b10e32ef35f549363f6d6efd1918340d1814ec587cee363b0983ff1c2be79ccf93b54041d65c9bbe1731e905fef611b06ff2dbf838508250703f01ff8b8f99aceced125408b1bf0704026407db84275e7f7e302ec46ac18cdaa5da529a8da49cb7b69c82fd54795d077889e230e1aaa8c822c2bbfb27e5205fdbae49ff7999250ee26ad5992cd97897f83c2b81c81ff9be34ec346ca3a120c07907e83c818e15e8b0eebe8fb93d3b5821b11266cb75269efce3ae910e0f420e3de2c381e40041f19e749bcfb82bd6e1ee03cf077e291dab13ffadfd8e79837f47892146459e7f901fcb7730f0ca67013e3cc0e3f6702
1787432057.1512692 sweep:Generic OOK 4.8k RSSI spike: -67.5
  -> 255 c8058243e12bf450584eecf2840985113fbac68db23d93b8e19ece8705ea60c63dff132342b1248262595e26b101b53963ec5f2dccddfa55fb4c7401361f880ddebb81efb1ca3f56f0cdebd179c6378bd277979ff66e2467268c76097e07089165807fa8d842dc2e1bc2ad8ec328d9ecf5bbf6c992390b9d5dce9c5a465fdae2d8d94f80462188699da1b1dec74507328bcbfcaf3f1487a14d6cb0c2e319d9ad3e77e40634f2b7a1de40f9869741de323f2167c16a78193b07ff0fb206135b1407efe7ff107c6732de1f3f788307623cf401deeabf1f0a3f2bbdd1ced9ef4e3e35b9593b5ab8fa743374922b5005ca786ddffbcc791cfdf9e8f0c42ef6cda5
1787432057.151486 sweep:Generic OOK 4.8k RSSI spike: -67.5
  -> 255 b888f2bf37fb137a5e38f100fc008a2e6341f81fd52e327161b0c5821e40e3207aea8bfc2c08892cddef99e4279106fc43020c1278ffcde6f2466f604af3e2401dc671c383dd13d4f7b30361498715d30121ce3b9d5dfa38f6e05419b9bb7e9c87887942dcbb1044306011302d7430cbbcd92145a98a6f323fcbbfa79fdfce3cfe4ad77ebfdcefc678403a18e67d262d7fef1d952fef99aba7ebb817c0083c3c93e698b16109e910074a587c2a4b6fbf0c863e393009ee067134c56cb79a44e203fff7a00dfc7df4fc716d67e60b05e763870e33e7f1e66cc490dcf072c4f4066be3b7468c3f82e032cea39fccf47cc6816e3adc6c38b04cfa8858f40baff4
1787432057.1517 sweep:Generic OOK 4.8k RSSI spike: -68.0
  -> 255 1306d8f36277b60160cb9c005107187be4be6ed4877f5b42f2e1cd44a4c4cf2abd4bc4c7ba3da23b7ef9272c9d2a602b47130efaf57005e4300bd7f879c031f3be68f31fe1c3858f04c618213586b56e797e6aeacfd7dc70122235447bbfda390e67b8afee52b85c3d7fac136949748c88fa8c3134904c2a937402f213bc29089b927a967f9e2ee0ee05607dbd82f801c3836603674e73df6dcb32f4dcc686882673ecc39249a45cf3edbc912a448937661ec4f30fb999040807d786df282635a4b75c55079b0c71569541b1e2d039fb61f5cb716ca080e9307cca463f0611a9d29833e9c4d7fa6634063987a126f4f698f69d5018f8084739a247e9c19af4
1787432057.151914 sweep:Generic OOK 4.8k RSSI spike: -68.0
  -> 255 142f37c5770f658213e81d8b01b7b51cec1e34bc6307fce1825e004dc624c9e9a8e722042e7a7e7672dccd0fa613fc01fa2b814c2fa627203bd7a8010bf814a51ce7e11639ce67d30068c1a8be2d3d107c91639bcb4ff73c2c0144d0ffb3f8cc61371ef15c6387038dcb7303246b6cf3fea6c9b2ca3f127a1c9340f3eae0617e60086e19950605504d7f8ffdb808405f8762b73a2fca35c5d300ba9db99b964d18d1a7cc4fd1b3fe103b8c03edcc94c64212c68a2e4b93ddd4042a3179105a53f00129172837b02318f6e2905e87d22c1fc630b8c5ef3f2fa2d6be7edfc1e0d429132401af721fecd9f8329c525af8d0f7f871a4604a1fffdce14df3ccf878
1787432057.1521611 sweep:Generic OOK 4.8k RSSI spike: -68.0
  -> 255 299c5c44dfbbf10344f79892e4bed03679e67f4e66675ba60d41ee39f25bcbf12de0e30de82a0a1e989cb3bd248ff9938314ca39fc85cdfdf8cfe4cc7110b631f6036dc0807043878211911c929231d7e1386ef2c4d7d88b3e77ce58bd15c8a18d831ff503f0fb4021b02e870d879e8b47d685f02ecb3c882268fabeabe5b126efde06d20e43fc2a20849321f07862a398ddcd3172a37fd8054eb16c3e286d79ecbf5c87b0623f795e27e57c1e8b443ef6d37be0f35f698556a108c7718707bc4178584b6d2fb2c7bee3c707c990e3a3cc887ddcee13f0cc7b88552e8178b0a3600f1b78a78e99058f25a3317fcc4cdfc5a69ff4dce62f689c9e85a61ec43f
1787432057.152372 sweep:Generic OOK 4.8k RSSI spike: -68.0
  -> 255 6e0d43b42d0c469c337e6876b3df148c80a6530f6bec20744c23f4ece68b2c8e9d86b8ccddb7301de319df02a49e173b0cf5e1df3e03e2409de33323ff244601a25b8dc14b0c7060141e1a6778ee88f050e3d9f682197ce9980e98a7678233c2706674b2068fb9be8b2b0e38f5db6ffc645f318f77f4b076e00614e6067ff80b31aa2f9f9188c2c9f36e2802a79775f147410f213affb3f8440a2fe3f10bd7dbdc89e3d703eb52b33c9e3d7a0d4bb427a88f0afa37b1167fe279fbc1c0985e1f92ae03631fd27843aaab144fdf9203c740d59e9fbca22e23c2e7bfcd7fa386a3f824bcb636e7e70504478742d5c278460a10eef80a6f7c46bab3d4383fe5b8
1787432057.152599 sweep:Generic OOK 4.8k RSSI spike: -68.0
  -> 255 fe8f30c5cd2d1fd825f90ef47ae0d3eb15a2d0e0c8409e221c4a6df97e8880db447eb24be9beb86a0e467f0112ec99230ffbfbfc8903c17d7ae5c2307b423cc59ccac81f71b5d77eee18a08066ec1503d8ee7f0ddc79f9948786ffc323c0ffdd2527fe4dc157850159c2cdfe29820ad83d73fa2be2f8f81a7be43229687dd6f711c29f38076d360dd5f6e7faf7f9a0cffdfc5c4903b53d878114e629f99037368114038725196e4da4177adfe9b4eb341f9faf2fe395d1de3cca57cd984547f248010ef59d207901a19cf8bf8f9d413ad7f09b378dcc0bc5d0b8730c2838488ffa9d8d1889cdd3f8b03b72b602dbffa7d77a5f097833886fa61dc711cdbcf4
1787432057.152818 sweep:Generic OOK 4.8k RSSI spike: -68.5
  -> 255 3a9c7e104b48850085e24f128f1dbe2d00278b8f9dd1f0f7d8467dd78ee1f92126bac329a7070501662179a0c907cd7c56a32230e01907eddef7e6f82356efedd8400084e286062e0f2a5389442f70067eb90c13fcb7ff9ca7700882b35a5ad3bfeef779a7feeee130c11335fdd5778f9385e6eec65049160bbc7f7ce6a708685ffcb7ff9f8ec93a697de6f3c2228b9a11380bbaad6be1a30195d73892bf007afcfa90e21415f08b4fe81f978486cc7713dc0c1d5d08891870e7c5e086ce0707c3f41e4b60d8e91430a0fb48f7229befc0701fbbf6e70563bc918813fefbc1d39d7c5dd883e120ada224f4e4719edc79a3f05e41cca6701c90d15c4033d77c
1787432057.1530728 sweep:Generic OOK 4.8k RSSI spike: -68.5
  -> 255 ffd30a66d0c2539b7ff9e96f8d0f6be2c73f72750f1da9ef7a9d61a4002037a007180a73fe22dbcdd3804e40ee83bc00fb0102e93e5909fdd09bde01f0ec5d724788fccf16dde171b1184c1d3504c7c1c5bf73fa264cf3ee76c5013fea950d6817e20aa9d1d8845292db9b4948c90611688a10325fe718f0954bd8886410672c5ca9dd66f81d2ad8d8ca144c5d30579676079b59143508f0de6e03195680d1c09023ca7fbbea267534a70e820bf06e1048c27cb3c02a8787933fb55268facd6f48682c1fa22444eb49fd67258e0635c1ecf16e1d880c2ffc3a3de63bc3d1e580d57678c2478ec727bff4d92a061d61fca093d037c5ed80033083138088d104
1787432057.153335 sweep:Generic OOK 4.8k RSSI spike: -68.5
  -> 255 6273ce26fe34866a8018433cc3d06c5ceb9099ce0f24e628bba090a71949884451b060a0de70f71167b841c0638c8f806e27280620be6a5fd87c81f180dfce077e0d6879dccc12dfc88980b76ff603eefed885fc8f99804d4fe43abf1a797ebbc7d70eeac3543db370bf272fbca1abd27dcdaa10e6c30fafefea28f0193c3f020fe4379dbb25dfe19537d1412a2aba6bcd3fee3c04c8ebbf2343f0fba33f4f91fb390bc8736b9a370545e4087c87fc8ef38a9519a36a504445e97bb67807fea66d1cfb65bffefe80e6eb007784c39e11100b0e13d0237c7f0ff5a08382315a267ef7f67d7efc36c346b4360008734ec3a2aca630c1cac5fde77f13fcc3e84c
1787432057.153561 sweep:Generic OOK 4.8k RSSI spike: -69.0
  -> 255 0325e59203b7d25f605f2c6af3af1cf0203e210be452e50dd7cb987690b2ab66c161659fd213ae97d0de3e361f4778321ed069e9e4e6fdd8fbc0d58bce2d971f408686c61c60258d7f95341e34e0dfa2c7f6f0fe063e06e49100572314cdda813d39995eee96d248e814cd2d48ffffd3e7be2183d6e10d7efe7d8601ef5d0ca29104a67ef21daf347b7bdcd984a2a9ab7f81b8909dffffaeb21b9d9e1f1d68fc712cec8a0015e936b0a69f20127724e4ffc73823a77377f14af8f8444eda1375543b91dd0cff831502d68b8d9d91100c8dab344c25fa20295b99c196a4afc1f834b24cd86e8ed3c4f5fb7cc302a20fbbfbf2ab5f0f52de1c324f90e25fabb3
1787432057.153772 sweep:Generic OOK 4.8k RSSI spike: -69.0
  -> 255 202726e81fde24665ef220137f6080206997301d82cd87d67fb752c24f3fbffecccac6412bfce79ba3e19f41f1c4844381dba375109f063d85caee4244c79f841b9959304bff1cbf1f1a96501ad98062be47fcb2c9bb4bfba30e3ffbd4fcf278bc0f1016059615e0eb81a8c69867e1b65cabf3ac4f3051d8014f9ed74f481871e502972debe0dc925c5ef9f77c781b95f48be1de0ce80470027e178eae87c006b360174fa32a10832c7cf58efbdae4ccabf67dff3583b820113f48124d335e6e2e18028fb8a7e54733fc202fdfe418fb6efd07dcf8e54f05ce37d5a28f32a3a183b9f05832d9ddc07f14ecde711bcfef88b66f0bb2225a465d9e6eff0c22d9
1787432057.154058 sweep:Generic OOK 4.8k RSSI spike: -69.0
  -> 255 3004387f8e55f18fb6677ddeff2fde25cf0dca8f8e697f6569c8bfc78d6c644a2eac21000896bfae181e14291078f2993d9d800e7eb59e1fa0d801c454c76af9e00c8842b4f073b6440f0c27a22f7852d83f0f8cde005861085c7bcc1bf7fb8fccfe6af9de31e2cce303ba4fb6cb6ea9b45d1f67b887efa9c9b5c97d1d1b5c7f511f241dc75ef1f88fdf81cda00df1bdf3875a343e324a30df1b1331670b439f99e02b078e0ebcf7863ee060d848122f61bac50fa223159dadd1ad9750a1c8b1cc8ebc3caf95ec0e761137b43fd4fb8efd99673f7cdd66432a17825203a439add861e3fb0fbf404b79ebe6388c69e21c86d07d99c43eb0eee615adf39a00a0
1787432057.154262 sweep:Generic OOK 4.8k RSSI spike: -69.0
  -> 255 22f92c748a700bbe09b56deb281bcf2d9bdb727f3eff3158816edd840de56be2d8de0ee0ac9f9188de69f8ce47feccb0fe01e78cfbfe803b8863311ef013c48774f6063d0507c80d2fc73e8d7751370bfe441ce70e740106e0bd84be1a7b17d67ece5f3b7052ae9c1c25d363c17bf8893aacc1085fe1b1be52277f8228873f321610d3f92d93f11a21fdc73910d85f7698e152286f063b800ce703fc74b8f4267479d87e046c06077429cd72d2bf29ae9e42c7d0cf93ec6cc3c0a55f8499ecffbe24ff4aff25e9d9938f7865dd7b87438ca9212911c810c4aa2f1be9f8a74de6e3e9cfbe03a60c11e59ca9d504c093c65c8cea236337c9d3dec6fc134e9786
1787432057.154475 sweep:Generic OOK 4.8k RSSI spike: -69.0
  -> 255 81d266da9f9742e05cee0e9aaa2e620dc3f988320991a7163ff84bf6417a182605f703820bf0b7514c043f557e3c43ff419e00369fe17fee1cfd16f39ec7fe6ed10daa2c60cfa7d1f90f8069de927c5c7bc60f1a63764c98d894c248c6c5ff98908c86f231dfb3c82922df9528b1e8bb79af441dfe5e7a127cd00973b762ee49f70ff9864006d4e3c7ef8b5867181ac92bf301085ff3584d832c4994224907a2fc610ec852c3ee521a647482cf9c7e58de89123ba338be48b349dd7bbf20d10109004dbd2d80eaf17a8998e35921ed9df86a5afbc687ff6e9f5d36f8f2a7ca321a08b6a7115080b4dcf2d66ce875a01968d380c188c785c87c89fff8fdc4c8
1787432057.154687 sweep:Generic OOK 4.8k RSSI spike: -69.5
  -> 255 13fb7f7854f410633fe99eef2067a675f567ea10025e988b9874e947c2ec705ad05896e0fd1029f66ec475192e44f8167f7e780024d7bc08e2997a7d1bffa7e81de86f50215661edadd01d220acca8ffc03149e395e20c871f13a96141b1b09ac3a3be9607b35d183f7802c8416e1f5ee4da0574a16faa270f436c3dd0d80ff7efccd3b829f89a46c79e06553d8306fb77be349ef730f1c73af1fb98f30fb52936f707ba5bbff71ba08b96049503252def6459ef30785297fdc81cf5c9eefb2f801c344d1643c3dbddffb0e06e33038ce4f2936ffae3d4d5615e7273db1a32df1050cf9df74e721d318729ef724261da400bfdfed6cf73f713d7ec8a0e5ec7
1787432057.154897 sweep:Generic OOK 4.8k RSSI spike: -69.5
  -> 255 d5be1d6cee1ad29c35365cf1dcf81d737630e61f4fe94bb4b142edb1071c05136ec2a1ddd910b5d00a170b8be0e47b0ae123c00937039cdf7f73eb636c3f663d07cbf045e59e00fce198da4d197680be2f1b20037250c17ff5961c7be6c06e6586fbfe78059c93ec17211fd37587fc079f1eb666ef392a1d46bf84d33a0004032fa04b6779f7821e33ee62dfffaf079e23b7801069782c3f90690c3fa8470b10da308716adb513f32f829e86172334725dcca83c0fcfbf89d8ed4e9682663ebcbe10e8e8fc2619ae2007dfe9b74be5a49a31eda2435f042451fdea3c800c466abc0470fa8ffc3011fa2453fc438ffa38a0b60dff686a4a2df483fd85c03756
1787432057.155165 sweep:Generic OOK 4.8k RSSI spike: -50.0
  -> 255 929fe1fe1dacc615b33f0cfe5c9d6040de219ad93e331e84fcad41ed70fb44c9edc87cbdf5e1a17e41f1fff0ff6f114635f58bb6e86a761f0b98ddf46cd3ebd25fff67ba5a485b168bf0440c58d084245c76d9bc5aa975011b635cdf9e07ce0c1d992172c93d2871379d8b5dc7df98090fbf051c0000ef681f7494798a3106edfe095cbc697a21c467d4ca49982449820d8448804a36fdd3744cf20165bbd92510f53bf7c485befae41b031fff3e227363f07741e863291cfbc7e6e87613bffd5f101d468f1add159243169341c187c6d24a29a9733402e94f60d6b7b446f213321c9c4b99300b1afc825873840cc03c6386f800bf8000706e08c79c7cff59
1787432057.155391 sweep:Generic OOK 4.8k RSSI spike: -40.0
  -> 255 c0338f03d66eebe3b59113617cf55d192c103d22f94855117dbffc9f3e78196d8633bf5a253a9e071d70b6167fbe2ce7010c7624ec7bfa208127e1f135eb34e49355dfc3efd27d96872161dbcda37ff567101ff9f32814ca052fbc0f80faccabbb3b6d9f0dbc8885bcd54c02e8f9a8ca48a86849dcfd33c16f7208c5d876855a22affe9e2625c7ac1ef5ea588462c6e7842602e5630b78bde39c3b91bfd291c1f0e604aec1eda28290c71cfbc3b01d4baaa31fdf1ee278e21705cf04f4f007bc02df4f22e6114379647b3ee8c2a4f0eede709fd107d32eb0393c0eb82f023301201048c637192eb63f078eb82fb49ed074a98061312fd9313847fddf6291c0
1787432057.1556091 sweep:Generic OOK 4.8k RSSI spike: -40.0
  -> 255 5e103ce4c309d8bdcf9f6f1045afbc03a7947bfe04c3c6fcfb18073b2c648779e1941b5be321f72798807cc8cd1707edcd330eff452240d546006f30f8bc3e3336d37286ca11998b717be4d2214bd06d61e95608ff0c33668c2012e7caff9b857a813fc6f44f79da1cceef35538a4745cec29b519f2c1d7b101877ee187ca6c8f643df7e49c6208c5921b20e0fd1e3b8bb5c77efc18e6d46071d2f0deba682536afd80e6fa214fd08ffd6d4fd10d2d89e09e00d0ee42cf8091ca28278a63ce224b0270fcfe88da0c27a278a833e2d7275cf8763ce72645343935f236b3f6b02a7ae3e19e312b54f1db71a3ff860081e18e6fcb0ae66a485ff77d2013837be1
1787432057.1558452 sweep:Generic OOK 4.8k RSSI spike: -40.0
  -> 255 e6f17e9a3a6a59ed1d77e33074e6bf30ab8b0f2675a81afeebfc87fe12d1c12bce7180a53ff8f1be4af071a7dc1c20a67e76872e628fbdda784e0fe6378548263bfcfc5426dede7e61ab59ce8683a78893e88df39edaac94e1d17230fff3c33f3612b3a375d485c6f1e1fe0d0bd0cc781187ea0e432cf4549aeb01ecf0d8d177a5c1336357e06ebeec201d4aa0d1e2e1460c953ece3684bb9be51a4ad95692117e3e154c922e0e3f3c0542b9bc73f3bcd40d49be0f8ff46570e408779a7822f11773f0104f3bf29e507e1fe1039c73c20e5c63609f18a08f3e5788e0cc303e7b9cff150437dcea98f73d648822c691b02f8648d8c4e7d65b00949b2b813302
1787432057.156087 sweep:Generic OOK 4.8k RSSI spike: -40.0
  -> 255 b078e610fe59b833a4e017b2e2fdb8fe03a4bc8c0bea09b713a38fe89dd0a293e6721e0c538f3df260690a15f8c3ddfe2cbb7f9f3c2feaa97d2f0f62dbd8f314ea01795c8fcb63f2e88ebb8af2355eb7c748f0dae48f094bfa03402bcf7a1fc8ebce05828eca0eddc170dbdd8dc9a208c04ea662893002fc95ff52b8f8d3d7d317fdc8b41f36c39fc3e2400f205ca7b75ece3b265d40d34357fc6c601650f997b0119965cc036fdc2f0857eed7030e9aee241fcc1150251069e8e0c23984b010e433419720baef3cf90ff40b9fb9db981e7cfd66b8045fe1358f6f2194d8a5ffc7b59918fc1038b8d9100c45c6aa1ae7e1378582c0ced7fc1b6c7ac073205a
1787432057.156318 sweep:Generic OOK 4.8k RSSI spike: -40.5
  -> 255 a36d881169c180e6be0fdb079afc36d69d06d7db5dcb3bc84e604f7cf4c36f14607a649ec4d1285117f6e749afd0cb3c9a6ff99f1586d08b665f139fbe76f8982ded8ea6a36acff8e09b8dff367c03ae426eb0edca84f49496308cbcbe2c0b223b6b3cd11b827f7d833ff06f79befea9ffb87dd3028018f2c3996e5da7b828b67fc61686db9859b9f90d75f730205d850551ebe0e3f003331258cf4329010c59cf43e66cbf4ec850e6ca0c42f448d0be696345b7fb963b43ee2829b44775a8357abffff3fc16db42ba0fd0fc36e3f1c62467a1ad7bf0706c7f90bc23455f9473097a2fa2d9f3e858ece71febfbb07b2391ef304462c66c48f2b5f61a7fe644
1787432057.156543 sweep:Generic OOK 4.8k RSSI spike: -40.5
  -> 255 5e1f327a020480c2dbdd6f01bd79249ebbfbe9f92dc49388444ae1202e3e298c03736e78bb5cc7ec552110e91e1c9482ca86a792769f9e371ad86c27a8dc7e4221b702f9ebcdfa7fe691c6c0f80c9df393a1a3cbb1e990725f91866d9eddf4de5e0e7e7c1ee70fc66c085ece360cab77d3102e01ebb0ce7418eca006661349fc80748e3882740b438b391707c0e9015013c881703c676d12e637fe8ff0b27afc7b1925ab1d126812d0ff510f04d5730f5ce683bfc3bbc88381449c19f83da09c35cd29fd9c245cfc70998e0601e7dbee2a8022876c16d7c96b7c3349d3f75ee3e9cd688ba5da7870aeb4d8ce0c084e704dfe63322f3e3be3901268901ba784
1787432057.1567569 sweep:Generic OOK 4.8k RSSI spike: -40.5
  -> 255 3362c4cc98414437d318f30c0c38e549e0c01cec8c43c4dce7986909211112cec7ac8b33cd24236ccf9d9d0000f09ceec0367bfc582ed2e2c621ffbb7fc8c11448ee298d4b20e1b6ec3646bd6be23cb11fc87b8c1bbfef9097004fa7f4ba9fe4c09e5385f0f921a26d1b991e0b005a0c894907f8a62f9de45619d0872c4d0122cfbc00880bf1e952549b881b1de1590b7085fdfd0cca01331f7b728df10c7c0b4e3740f903c7a126fdb008fc0a66241e67f0455bf4323103702a7fe0f9de1f9d631d0ebf740082e4fb71179d4779134aee5d741479ddda6fcb1a30a17f7dddeaf1d0640f7a96c1e32205bca0e56e5fc45e04531074bad49e024fb1160cdfc0
1787432057.156966 sweep:Generic OOK 4.8k RSSI spike: -41.0
  -> 255 c403f62bd93fc0c66d2468c17a38761842bc04ef8e740417721cddcf521feedd74ebd61c8709c05c82f28447096884f7809f287803e0104c580f1fb8f28d8e15cef1c5c89098bfc1f3823a4070fa238e597c3e1cbf97870af345f3eca66194edc8d5e4afe58f233e9e3a23c00e7ae071180342f8988b30f5cc2489c251ed53ed7425174ed0fd7bae9072e1ba6d61fe878420f7df274e5dcfa8dc97403d2848cf4eb9ddcb2dec3eff8a5544ef01884bcfb9488429c338ab480a73220871ef077e69f0fb30f02ce3f62b8ff716daa75a1d0e279bd770eecccbedbe90f17a38ca49172f26474fdc3d73f12106963fe1dc785b035599308a68b750fee7dcf3fce5
1787432057.157197 sweep:Generic OOK 4.8k RSSI spike: -41.0
  -> 255 b3faf1299fb9f64ec7e08dd3947c6003c106c86ead4db13615100bfe35e793b849dc6ae18de9a2921c236f3047643dd7dc1bcf2aaee120aaa3f5edde55598efe309fce475c85ca8e461d1d3a9f31a741f7a107b9b08d7300cf67eba2263e6c843ef44e378f8ff8658cce09872a990fe70f0a2f60ee5f2d0073afa802d40cb4761c04dc7048de7100adbe6fcbe05279ed208c913df2103b514903ef68f747d9252ce2e16a8e19e239908cdd1fc40397fdfec51055fbb1c4e516e26610332c1dd4ebab3ff2ab98ec5863eecbc2da5300fcf1ede14fcb89f2dbe221deeb96fd69fb082b8db27a77dff6145c8e9455886b7ad8e14f875db47e6fcf49fd7dbfa32e
1787432057.157443 sweep:Generic OOK 4.8k RSSI spike: -41.0
  -> 255 ffc7cac5863289d1a6a88bbe79b3bffed9853b5103b19b053b827f2dc05c05175805d2bbb8ff20dbe4e13f701fae75c69a23205a61e0acfe4bc362a0b187d2a271cf3b08b2bdce12604a3ca8fd7714f83ea46aa1a63831e701e4a1fc11fb9b1c3c9b34c45a38b0217819fdcb70661c58e0ca3003625eb7e997e9f18862d6232c08fbfcc947ccc0d42e1f903fb61e0a28bb33db918b3398a6a593489300d7a4fba0321399813ae46b7d8d65987859aedd9c25de5d9d735fbb08e960305617b3f7e73d4990d4569f3f7c6333cb91d4b3d428e603f26d6ff40c16867c67b9a7ce3e106e4085e30a057104b990c63ebc0e03fa1d64901ee05ea0849b8f31850f87
1787432057.1576781 sweep:Generic OOK 4.8k RSSI spike: -41.0
  -> 255 71fff30152aef8f250bfe9b8c3a195347ae05fcd074330d087e93e275f3f4e3f3f2023fe7421edc168d3e12c0a5fcd0ae608e8828b9a6e61fad43b41b7393c8bd9acc2f542cca4b91c7d54e4bd39b121bd7e31bf3823aba8d0a9e746f65f1946e505750e2813a4887ba478b073da9a996531feaf75a13d919add2189fbc617ac435030b22206906d43009bfc44e87dd01bcf9a05874e3db1cc371e3604d29d3053c2644700ef24eb5a3c7be1ff012bdf7f5c23150ed039e9e111638d9b4c0373cc3a771c1fe78007d639d38c710de21d527e8ce269f44e21cf0469ed951e6542314e075230cdc8467ed7dc43ebd89b820ccf307751e22651b9af8c480ff035
1787432057.1578822 sweep:Generic OOK 4.8k RSSI spike: -41.5
  -> 255 de60000136911ba820d50f9893c4ff22cb0d3ae64876e5c741763386cd5b0accdf774599d44fac6c876d8696044f93c547e0e7fada8c8d5f1ef108c76428e6e1c4403e195b0f69c99fbe0701f1b371839b0e2780ea2b4aa7c77380337d074c376df7b531ec3df82628cb934b25fceb43c7ec059a46e4fbb040e3c101b8d0c8232151b934f764fd249f78f049db4cac4e25a416c14f1061f02bd3837adfaebda2d7a07a57977f32b3fc8a2f22f939fb1e7fc3884d85a0ed5e6eaf3671a0a7779236b8e468f81fdce08698c1bdf0618d8abf2df87a1088d36773ce8c0af7fcf33408e5110ba17f6adf966b63fe335d91ffb06090387651f2d5e921aef7977f70
1787432057.1580942 sweep:Generic OOK 4.8k RSSI spike: -41.5
  -> 255 2a43b9292b2a8fa2785919b8570ab589a91eedfa8e4db26881825006bbcccf31df96dbc670a7755c51d1374ff5ea3cfb4a3121ea052707fd7c23e3c1df370e059f8780242f2cf97dbf9f8111dde0f05ee4df03358ef1187b88eb86a6f33ef401f80002e7fda0f607dfa19002bf94233fbc47f5cfd400fbc0bb4c8fa654d9fe953ce6dfb76a1a419a9c3203ebf80765ce7cbb85b72b7911cebffcff20ea02c00f62d5335eaf63e605753f18d293f4c5f1afed3e69ddd5fc9ff4f00e944fd03e77c0265f0582f7e93fe93c9bc8761efb1b812c7880298727b93d04e3c676f144677078639dc9d93a03cafdedc06a93b0127c0e6dfa50e738fbbb875ebb81fe02
1787432057.158326 sweep:Generic OOK 4.8k RSSI spike: -41.0
  -> 255 20e28dffc07264406fffd27bcc3cbc8866f3e3e0f89a0534acef5e1bcfd6dcee417aa7d36af297ef567c0f179dae87bda1ccc9c07f1023e4068e7f289c844fea449be3cf7bfda3a7f4c5a2f8033491bbcd85e0f73ecfc043c1ce21ffba4a1683fc7237761769448d23e3ac12cc3fc5643c9205e16506f186ba435f084c579cc819d0ee138ea1581fb789c670483848d94220d181a8b67c3241ec570c750e761dccfd41c95f187d8a6bec791c84d400ff69effb8ec2881a5d0689c38c9c605c4c6abdd76867bcbf978ec106a9cb81333a0008125752206bed7e0cb4fb8462b3b5cfa960cd32d930208cc6308fc922932385e6c423d2cf390cf3cf1a8e5b34cd
1787432057.158567 sweep:Generic OOK 4.8k RSSI spike: -41.0
  -> 255 3900633c40f99f28611c82fb14d61bcae76fbd4d08bcdc3d0a53decbaf47f82d7d98b0193e2d5351dfba5dfb479d2c4d7c388c1194be1eda54f5a39f44d814ced0f09b2846beec8bb8067c3d8d38bbbd3c762af0d96fda7df21835cceb9ffeb74fbfdb5418bb1622f86bfc28ec90a5db61920501b1fa7f9ac890c9010637ac122e5e8e5e1e2633b0c1b05507682a27759338997d20e2c682669f8c4a3d20d56296c6934da3ec77e6f3e79e910212011d0025f9442dd5ccdd90cd13cdc1bba4c81c213c524a41d696f84574cd87c05803ec76281afd789b6c9f9c7f07e202c1714767821477e8be66163810c21f9d1b39701d38fa625b0e30ca378993c7402d
1787432057.158783 sweep:Generic OOK 4.8k RSSI spike: -41.0
  -> 255 f75e0f1cc164c0c05d3ef649721c121e20160015825012bf63dda02047846bc440639e2aeff3eb07bf8d793c4fc1acb770a462dd26a376355ff14f33ca8cf1547727aed117593f7aa141b28e132e2f39fef5d9fcc0b263ee81b2784a3b07ff54222ba4fb3077d034092cedcc8233f2f053d3f9edcad3008f7f0a21ffbb68e3ebb4ee76f6e3cfc4e9c1e7a7d7c4ec67698829c60b80c5bab7a62c0c064161e62d7e1ef631e06046e0f0c58ed3817094f5f9d8e6b84ef9196e90483159f501f8425f5c89f33c90a7c303e71d98ab40d0f8722dc06801980fc5b828b8effa3328fa62f9ff7782397330e7c1ad880e6361f022d35a05280fccb99fb12c7f1ac601
1787432057.159055 sweep:Generic OOK 4.8k RSSI spike: -41.0
  -> 255 042785f48bc4d9f0330b74134805cbd39c3ff51bf09be10c20e9d02efc11c47350217fe1be612040f98519ec43c71f64904d032d6227eef204d15506382d4efff067b440629e9d109d34e1f9572929260433f581fdf2f2184076ffcdd88bc7036785cb64053accf84002387abfc9afc7e4118ec7e627f92087cc72715c1d3178ca31e874037298c18dfa14e22dc32dde232c380e326c4012dfc284264686d1e15344446f91605ab716e4f0ce18e7815e7ef1c7e5b6a8fe3ad991fa5b687c91468e832f7b9e0cfa833db90d8715c677bfecff3c3e14ffb03907c44997dec0d0069e763ae39b7d44129f18a8b45ff63f78ebbfd70ddf290ec55a4ffe2fe66639
1787432057.1592698 sweep:Generic OOK 4.8k RSSI spike: -41.5
  -> 255 31cc31065f2c68fdb862df2dac37a197c2f1b11dc5a6217c1ecf8f29edbbb4e76bb31ce09883359fc4e36735b2e254241ff74c2019486230a06423486a19e2d8d0412258f9cde54ce474b6e65d03d639d122e8848d800eee98f84f3ddf3e08e3b1efc423a75c87226c5e6cfea400a04d52af88143b65813dfa37df96ffb35bf7f2939e98cf9b6202fff4ea632c64cc00feef6cc98eae1f2ad7df9cd15213ec7819ef2303be5802b8d054eb3995042c5003bb0ff58b6208fe19c79e03b62fef0b189996eb2bbfc2379b792e98c8f890847abd8fd3d2513dd897edb5cff022cff12f7d06700d7ba45dc26493961fbf4fc86d0fab2272681632dc1a3240b9ee40
1787432057.1594791 sweep:Generic OOK 4.8k RSSI spike: -41.5
  -> 255 61cd34627e3575c02f3ea0875c7dc624609ce211fe18ea3d363b905b88058f083207ee087c9fe7e5746db7dc520e19dd956dc255e8e8a196495cebe5faa3799cbfe03aa3dcf4e20ff188e10fa3c0717d30e8c8ff453203ec38922b1489a70b769efceb53dee74f2010c7384c57bfe277be7431c094d271c8666ff53f0a974f7fcb86cbbc7143dded5a2f305f64e317afd872e99a70bf1824f2611092698c1de5dbe713f3460041dc444892e7893e608597d05f12a7be87dcab677a9887c11b78033a41c9e071fb63f8ca12547d8aeabe01431d0b0bca9c77d783f051c3fe8f4609dabec1d2b39eccffa21363a69334ac2271c23f1ecbf76a647d5ef022782e
1787432057.1596851 sweep:Generic OOK 4.8k RSSI spike: -41.5
  -> 255 c803282b4da74c64a4444b857f4c5da0276237ae18371a840d038a2870330eb03562911214bdd58ed31f27313d238779e6e24061e50d84713fc9787bb161f38a46dfdcf404c802d8db3987da12f2ac77fbeaf228ff2c9465b22825117674c745fbf30160d87fa1e25f7979e4dfa19f1bc6bf0394fce5e39c651d4263770e960f8e9bcd606fad4862388bc70340eee0e1c77997cea1f871842ff9d2dc2e0e06d56fa47a5104c69a3f20b5c57c0f3182be7706e1e5c61e81213f0fc7f150f26bbde284fddc7cbbd0e0bfcac78b6b71e729c1e551135c5d36881116578d8fe0224321dfb3ba7f140337367afb108fb4f3c64493b9af22ecf8bf72e80ff16007ce
1787432057.159897 sweep:Generic OOK 4.8k RSSI spike: -41.5
  -> 255 8180c2a1830781f419851c40b61c6568c206428af1a3ce955b521c0c7e02ac1ff9043c01336a25020d40467b2839832cc079c1fc7035139a1cdf73ebc0ff16820b272c784b404e9b237a2c6101b09dc58493e484ffdc985096fb6223afc3618e7d2601781b019a680f9bff10d9e1fbafdcdc3e1d023d4b6c4745c8e2c6d5028ea22a0fc077f6a66e6d1f3408e008d8465c8fd40161db1c11b444059c4596b1874d73dc729efbc847a671b5000064ef07d02c35034faa3e421b697e378192439a2c5741b01d04dff774629c3f26fece9d661af7fcee2187bb43ea9e89967ac75fe416975b37ea7f4bfb719b1809688c9f949a2c343f9e30a4219a9e1986604f
1787432057.160162 sweep:Generic OOK 4.8k RSSI spike: -42.0
  -> 255 6479ef98d0f37f8b7d7730787019cc30fa7701ab9bc2374f83dc9d879a7c3e3427ecec197f2d09886757c5205e30573a27cc51c6fd9e5d7f91082462ce13d6f2afd39e07df0eec8fd7d90c0c3f796bfefcec5dc619790273f1950045912073143fa2bc99db92f85940de3b11c5f4463d655a25824ad902344eadcfe077db93e3c4835e3d5d876ffc843148809470121efff9b4ede74bc9917c4645e9c513a263cd3acf798383d86019f9bc065362f9ea0a0a7050f6284d60a892dbbc847d20be389fb12c42553d89c22932be885b721967dc9cc23c670041fc2cfdaa96ec120720cba01116165f1419f1bc09030fc39437d0c4b07996cc12e5c9dcca9e1db7
1787432057.160374 sweep:Generic OOK 4.8k RSSI spike: -42.0
  -> 255 768186216322f2ed7634dd9521b87a697838aa7d6609c27317ff9bc7ae7d2ba490c12b073f0ff0ed3d7c0e76b6eb81cdbcfee2d69cf9fcffba0057cbef7260bebfcc608e4f0f57ec77acfb77c0a610b298517536cff18cd60af382046fea0fa38ddb361d46d0a930dde6cbff9ac36a548302714f05c08f1fe15618d0203800985f83e8f5e03bc7d2bbc5ef4774c7c44fe527e113de1ada749874b45d0e9f7e81fcc90658bc6fc7e0d780fc277c8781058612e609a59e24f01f81c1a0028b3887bd19fe0fb8e0388dfc4d02f0d93fdade93f05cc04edc0b044f38bbffb8e55d43c08a23c0eb07499331ffae4e2ed0260252c019ee24053c0f76ae0de53444f6
1787432057.160598 sweep:Generic OOK 4.8k RSSI spike: -42.0
  -> 255 421c38e7c65f5f8f3cfd9b08c0ebbff92c8b4e001f3fb8070571ae2262616609843db7ce9e5c210321030d8c9ab4f2e0f0d5bc4603ecd9e726fdcbf484b0fd4727c37f45530c70b9e559901cc1fed48359cf713738eca65ba71ce0dec7f81d88d81fdc3c28fc7b0e73f05ad5b403c0eb0f5ff8ce8f33c373b19660e34441fb849ee191c107bed86175dfd8132a08436a04012bddff04883086ca2ec26fdbd6ac7ed0ee4f477d0a09fcc46784d9d3f18e85c11b4dd6b10821fbc30748b027010adc606109b33c3d93b7d104709bffd2504dea90c2df22720bebbe29a402479fa4ffc95cb1b1a045b145d8081471a07449f8f3d6e8410018b7e859aeef8be0f7
1787432057.16084 sweep:Generic OOK 4.8k RSSI spike: -42.5
  -> 255 af8d8702340f08dc9683ce0a1e53b291813e3d1e0d97dfd8f1cfb2d7c1c3e77231944fd1da6274e2d6127c877ef576e07870aa0dd985ec27f595b2cfb2fa0a67acd7392f038f673fba4aeca75fc736a35fbe5e7191ac964c70035f477a11990c2c2b13d3f4e6361d9131ef23534fd830c14f719cf356bf95a4a4afd743c017a1c08e275d0def497c8ef46f4c123c4df4c2fccece3a5ea903bfb03e065dad1e1123d46c1f1f4761b8773792584bccfebe79f54685750d8e8e050a3c21a3a7c3970494e000d02e4b8e70dc7c722b0fdef7a504d9bef41f70e094978438ed3c60c31e2bc63da9f89b5ad9e9db82f1163ea993c7f79fe54ef7793c036c92d85147
1787432057.161066 sweep:Generic OOK 4.8k RSSI spike: -42.5
1787432057.3650181 sweep:Generic OOK 4.8k RSSI spike: -77.0
1787432058.176484 sweep:Generic OOK 4.8k RSSI spike: -47.0
  ...heartbeat: 180000 iters, 39.7s elapsed, 1278 hits so far
  ...heartbeat: 200000 iters, 44.1s elapsed, 1278 hits so far
Done. 1278 captures out of 204119 iterations in 45.0s.
(this config's captures are in the combined stdout log; see analyze_sweep.py for per-config breakdown)
Sweep complete.
===== RESETUP set from recv thread
Error in resetup():Exception('No Dongle Found.  Please insert a RFCAT dongle.')
