Listening on /dev/cu.usbserial-1460 at 115200 baud. Ctrl-C to stop.
[    1.829s] TEXT: '...;.'
[    1.829s] TEXT: '.....'
[    1.829s] FRAME (len=56): 38 00 11 00 01 00 00 00 01 00 46 81 9E E3 00 1D 00 0F 20 00 B8 0B 75 27 55 A9 00 00 00 00 00 00 61 07 73 62 25 00 12 00 00 88 00 00 98 00 9F 00 09 00 00 00 B4 0E 84 19
[    1.829s] FRAME (len=12): 0C 00 11 00 00 00 00 00 01 00 61 76
[    8.145s] TEXT: '...;.'
[    8.145s] TEXT: '.....'
[    8.145s] FRAME (len=56): 38 00 11 00 01 00 00 00 01 00 46 81 9E E3 00 1D 00 0F 20 00 B8 0B 75 27 55 A9 00 00 00 00 00 00 61 07 73 62 25 00 12 00 00 88 00 00 98 00 9F 00 09 00 00 00 B4 0E 84 19
[    8.145s] FRAME (len=12): 0C 00 11 00 00 00 00 00 01 00 61 76
[    9.977s] TEXT: '...;.'
[    9.977s] FRAME (len=56): 38 00 11 00 01 00 00 00 01 00 00 12 4B 00 38 0D 16 FD 03 00 07 08 78 27 36 11 D3 FF 64 00 EE 02 00 00 00 00 00 00 0A 04 00 00 00 00 00 00 06 01 00 00 00 00 00 00 AB D4
[   14.469s] TEXT: '....TX succeeded...;.'
[   14.469s] TEXT: '.....'
[   14.469s] TEXT: '.....'
[   14.469s] FRAME (len=56): 38 00 11 00 01 00 00 00 01 00 46 81 9E E3 00 1D 00 0F 20 00 B8 0B 75 27 56 AD 00 00 00 00 00 00 61 07 73 62 25 00 12 00 00 88 00 00 98 00 9F 00 09 00 00 00 A0 0E E9 3E
[   14.469s] FRAME (len=12): 0C 00 11 00 00 00 00 00 01 00 61 76
[   14.469s] FRAME (len=12): 0C 00 11 00 0B 00 00 00 01 00 C3 B5
[   20.582s] TEXT: '...;.'
[   20.582s] TEXT: '.....'
[   20.582s] FRAME (len=56): 38 00 11 00 01 00 00 00 01 00 46 81 9E E3 00 1D 00 0F 20 00 B8 0B 75 27 56 AD 00 00 00 00 00 00 61 07 73 62 25 00 12 00 00 88 00 00 98 00 9F 00 09 00 00 00 A0 0E E9 3E
[   20.582s] FRAME (len=12): 0C 00 11 00 00 00 00 00 01 00 61 76
[   26.694s] TEXT: '...;.'
[   26.694s] TEXT: '.....'
[   26.694s] FRAME (len=56): 38 00 11 00 01 00 00 00 01 00 46 81 9E E3 00 1D 00 0F 20 00 B8 0B 75 27 56 AD 00 00 00 00 00 00 61 07 73 62 25 00 12 00 00 88 00 00 98 00 9F 00 09 00 00 00 A0 0E E9 3E
[   26.694s] FRAME (len=12): 0C 00 11 00 00 00 00 00 01 00 61 76
[   33.012s] TEXT: '...;.'
[   33.012s] TEXT: '.....'
[   33.012s] FRAME (len=56): 38 00 11 00 01 00 00 00 01 00 46 81 9E E3 00 1D 00 0F 20 00 B8 0B 75 27 56 AD 00 00 00 00 00 00 61 07 73 62 25 00 12 00 00 88 00 00 98 00 9F 00 09 00 00 00 A0 0E E9 3E
[   33.012s] FRAME (len=12): 0C 00 11 00 00 00 00 00 01 00 61 76
[   35.660s] TEXT: '...;.'
[   35.660s] FRAME (len=56): 38 00 11 00 01 00 00 00 01 00 00 12 4B 00 38 0D 16 FD 03 00 0F 08 78 27 36 39 D4 FF 64 00 EE 02 00 00 00 00 00 00 0A 04 00 00 00 00 00 00 06 01 00 00 00 00 00 00 03 92
[   39.323s] TEXT: '....TX succeeded...;.'
[   39.323s] TEXT: '.....'
[   39.323s] TEXT: '.....'
[   39.323s] FRAME (len=56): 38 00 11 00 01 00 00 00 01 00 46 81 9E E3 00 1D 00 0F 20 00 BD 0B 75 27 56 CB 00 00 00 00 00 00 61 07 73 62 25 00 11 00 00 88 00 00 98 00 9F 00 09 00 00 00 B4 0E 96 F6
[   39.323s] FRAME (len=12): 0C 00 11 00 00 00 00 00 01 00 61 76
[   39.323s] FRAME (len=12): 0C 00 11 00 0B 00 00 00 01 00 C3 B5
[   45.436s] TEXT: '...;.'
[   45.436s] TEXT: '.....'
[   45.436s] FRAME (len=56): 38 00 11 00 01 00 00 00 01 00 46 81 9E E3 00 1D 00 0F 20 00 BD 0B 75 27 56 CB 00 00 00 00 00 00 61 07 73 62 25 00 11 00 00 88 00 00 98 00 9F 00 09 00 00 00 B4 0E 96 F6
[   45.436s] FRAME (len=12): 0C 00 11 00 00 00 00 00 01 00 61 76
[   51.555s] TEXT: '...;.'
[   51.555s] TEXT: '.....'
[   51.555s] FRAME (len=56): 38 00 11 00 01 00 00 00 01 00 46 81 9E E3 00 1D 00 0F 20 00 BD 0B 75 27 56 CB 00 00 00 00 00 00 61 07 73 62 25 00 11 00 00 88 00 00 98 00 9F 00 09 00 00 00 B4 0E 96 F6
[   51.555s] FRAME (len=12): 0C 00 11 00 00 00 00 00 01 00 61 76
[   57.867s] TEXT: '...;.'
[   57.867s] TEXT: '.....'
[   57.867s] FRAME (len=56): 38 00 11 00 01 00 00 00 01 00 46 81 9E E3 00 1D 00 0F 20 00 BD 0B 75 27 56 CB 00 00 00 00 00 00 61 07 73 62 25 00 11 00 00 88 00 00 98 00 9F 00 09 00 00 00 B4 0E 96 F6
[   57.867s] FRAME (len=12): 0C 00 11 00 00 00 00 00 01 00 61 76
[   61.325s] TEXT: '...;.'
[   61.325s] FRAME (len=56): 38 00 11 00 01 00 00 00 01 00 00 12 4B 00 38 0D 16 FD 03 00 16 08 78 27 36 0D D4 FF 64 00 EE 02 00 00 00 00 00 00 0A 04 00 00 00 00 00 00 06 01 00 00 00 00 00 00 B8 1F
[   64.173s] TEXT: '....TX succeeded...;.'
[   64.173s] TEXT: '.....'
[   64.173s] TEXT: '.....'
[   64.173s] FRAME (len=56): 38 00 11 00 01 00 00 00 01 00 46 81 9E E3 00 1D 00 0F 20 00 BE 0B 75 27 55 B3 00 00 00 00 00 00 61 07 73 62 25 00 11 00 00 88 00 00 98 00 9F 00 09 00 00 00 B4 0E C1 70
[   64.173s] FRAME (len=12): 0C 00 11 00 00 00 00 00 01 00 61 76
[   64.173s] FRAME (len=12): 0C 00 11 00 0B 00 00 00 01 00 C3 B5
[   70.297s] TEXT: '...;.'
[   70.297s] TEXT: '.....'
[   70.297s] FRAME (len=56): 38 00 11 00 01 00 00 00 01 00 46 81 9E E3 00 1D 00 0F 20 00 BE 0B 75 27 55 B3 00 00 00 00 00 00 61 07 73 62 25 00 11 00 00 88 00 00 98 00 9F 00 09 00 00 00 B4 0E C1 70
[   70.297s] FRAME (len=12): 0C 00 11 00 00 00 00 00 01 00 61 76
[   76.599s] TEXT: '...;.'
[   76.599s] TEXT: '.....'
[   76.599s] FRAME (len=56): 38 00 11 00 01 00 00 00 01 00 46 81 9E E3 00 1D 00 0F 20 00 BE 0B 75 27 55 B3 00 00 00 00 00 00 61 07 73 62 25 00 11 00 00 88 00 00 98 00 9F 00 09 00 00 00 B4 0E C1 70
[   76.599s] FRAME (len=12): 0C 00 11 00 00 00 00 00 01 00 61 76
[   82.710s] TEXT: '...;.'
[   82.710s] TEXT: '.....'
[   82.710s] FRAME (len=56): 38 00 11 00 01 00 00 00 01 00 46 81 9E E3 00 1D 00 0F 20 00 BE 0B 75 27 55 B3 00 00 00 00 00 00 61 07 73 62 25 00 11 00 00 88 00 00 98 00 9F 00 09 00 00 00 B4 0E C1 70
[   82.710s] FRAME (len=12): 0C 00 11 00 00 00 00 00 01 00 61 76
[   88.015s] TEXT: '...;.'
[   88.015s] FRAME (len=56): 38 00 11 00 01 00 00 00 01 00 00 12 4B 00 38 0D 16 FD 03 00 1E 08 78 27 36 3D D4 FF 00 00 EE 02 00 00 00 00 00 00 0A 04 00 00 00 00 00 00 06 01 00 00 00 00 00 00 9F 7C
[   89.034s] TEXT: '....TX succeeded...;.'
[   89.034s] TEXT: '.....'
[   89.034s] TEXT: '.....'
[   89.034s] FRAME (len=56): 38 00 11 00 01 00 00 00 01 00 46 81 9E E3 00 1D 00 0F 20 00 BE 0B 75 27 56 B9 00 00 00 00 00 00 61 07 73 62 25 00 11 00 00 88 00 00 98 00 9F 00 09 00 00 00 A0 0E 6D A2
[   89.034s] FRAME (len=12): 0C 00 11 00 00 00 00 00 01 00 61 76
[   89.034s] FRAME (len=12): 0C 00 11 00 0B 00 00 00 01 00 C3 B5
[   95.140s] TEXT: '...;.'
[   95.140s] TEXT: '.....'
[   95.140s] FRAME (len=56): 38 00 11 00 01 00 00 00 01 00 46 81 9E E3 00 1D 00 0F 20 00 BE 0B 75 27 56 B9 00 00 00 00 00 00 61 07 73 62 25 00 11 00 00 88 00 00 98 00 9F 00 09 00 00 00 A0 0E 6D A2
[   95.140s] FRAME (len=12): 0C 00 11 00 00 00 00 00 01 00 61 76
[  101.434s] TEXT: '...;.'
[  101.434s] TEXT: '.....'
[  101.434s] FRAME (len=56): 38 00 11 00 01 00 00 00 01 00 46 81 9E E3 00 1D 00 0F 20 00 BE 0B 75 27 56 B9 00 00 00 00 00 00 61 07 73 62 25 00 11 00 00 88 00 00 98 00 9F 00 09 00 00 00 A0 0E 6D A2
[  101.434s] FRAME (len=12): 0C 00 11 00 00 00 00 00 01 00 61 76
[  107.548s] TEXT: '...;.'
[  107.548s] TEXT: '.....'
[  107.548s] FRAME (len=56): 38 00 11 00 01 00 00 00 01 00 46 81 9E E3 00 1D 00 0F 20 00 BE 0B 75 27 56 B9 00 00 00 00 00 00 61 07 73 62 25 00 11 00 00 88 00 00 98 00 9F 00 09 00 00 00 A0 0E 6D A2
[  107.548s] FRAME (len=12): 0C 00 11 00 00 00 00 00 01 00 61 76
[  113.868s] TEXT: '...;.'
[  113.868s] TEXT: '.....'
[  113.868s] TEXT: '.....'
[  113.868s] FRAME (len=56): 38 00 11 00 01 00 00 00 01 00 46 81 9E E3 00 1D 00 0F 20 00 C2 0B 75 27 55 C7 00 00 00 00 00 00 61 07 73 62 25 00 10 00 00 88 00 00 98 00 9F 00 09 00 00 00 B4 0E C5 AC
[  113.868s] FRAME (len=12): 0C 00 11 00 00 00 00 00 01 00 61 76
[  113.868s] FRAME (len=12): 0C 00 11 00 0B 00 00 00 01 00 C3 B5
[  114.681s] TEXT: '...;.'
[  114.681s] FRAME (len=56): 38 00 11 00 01 00 00 00 01 00 00 12 4B 00 38 0D 16 FD 03 00 25 08 78 27 36 61 D4 FF 00 00 EE 02 00 00 00 00 00 00 0A 04 00 00 00 00 00 00 06 01 00 00 00 00 00 00 0A A9
[  119.989s] TEXT: '....TX succeeded...;.'
[  119.989s] TEXT: '.....'
[  119.989s] FRAME (len=56): 38 00 11 00 01 00 00 00 01 00 46 81 9E E3 00 1D 00 0F 20 00 C2 0B 75 27 55 C7 00 00 00 00 00 00 61 07 73 62 25 00 10 00 00 88 00 00 98 00 9F 00 09 00 00 00 B4 0E C5 AC
[  119.989s] FRAME (len=12): 0C 00 11 00 00 00 00 00 01 00 61 76
[  126.122s] TEXT: '...;.'
[  126.122s] TEXT: '.....'
[  126.122s] FRAME (len=56): 38 00 11 00 01 00 00 00 01 00 46 81 9E E3 00 1D 00 0F 20 00 C2 0B 75 27 55 C7 00 00 00 00 00 00 61 07 73 62 25 00 10 00 00 88 00 00 98 00 9F 00 09 00 00 00 B4 0E C5 AC
[  126.122s] FRAME (len=12): 0C 00 11 00 00 00 00 00 01 00 61 76
[  132.429s] TEXT: '...;.'
[  132.429s] TEXT: '.....'
[  132.429s] FRAME (len=56): 38 00 11 00 01 00 00 00 01 00 46 81 9E E3 00 1D 00 0F 20 00 C2 0B 75 27 55 C7 00 00 00 00 00 00 61 07 73 62 25 00 10 00 00 88 00 00 98 00 9F 00 09 00 00 00 B4 0E C5 AC
[  132.429s] FRAME (len=12): 0C 00 11 00 00 00 00 00 01 00 61 76
[  138.732s] TEXT: '...;.'
[  138.732s] TEXT: '.....'
[  138.732s] TEXT: '.....'
[  138.732s] FRAME (len=56): 38 00 11 00 01 00 00 00 01 00 46 81 9E E3 00 1D 00 0F 20 00 C5 0B 75 27 56 AB 00 00 00 00 00 00 61 07 73 62 24 00 12 00 00 88 00 00 98 00 9F 00 09 00 00 00 B4 0E 68 C6
[  138.732s] FRAME (len=12): 0C 00 11 00 00 00 00 00 01 00 61 76
[  138.732s] FRAME (len=12): 0C 00 11 00 0B 00 00 00 01 00 C3 B5
[  140.360s] TEXT: '...;.'
[  140.360s] FRAME (len=56): 38 00 11 00 01 00 00 00 01 00 00 12 4B 00 38 0D 16 FD 03 00 2B 08 78 27 36 15 D5 FF 00 00 EE 02 00 00 00 00 00 00 0A 04 00 00 00 00 00 00 06 01 00 00 00 00 00 00 9B 79
[  144.845s] TEXT: '....TX succeeded...;.'
[  144.845s] TEXT: '.....'
[  144.845s] FRAME (len=56): 38 00 11 00 01 00 00 00 01 00 46 81 9E E3 00 1D 00 0F 20 00 C5 0B 75 27 56 AB 00 00 00 00 00 00 61 07 73 62 24 00 12 00 00 88 00 00 98 00 9F 00 09 00 00 00 B4 0E 68 C6
[  144.845s] FRAME (len=12): 0C 00 11 00 00 00 00 00 01 00 61 76
[  151.156s] TEXT: '...;.'
[  151.156s] TEXT: '.....'
[  151.156s] FRAME (len=56): 38 00 11 00 01 00 00 00 01 00 46 81 9E E3 00 1D 00 0F 20 00 C5 0B 75 27 56 AB 00 00 00 00 00 00 61 07 73 62 24 00 12 00 00 88 00 00 98 00 9F 00 09 00 00 00 B4 0E 68 C6
[  151.156s] FRAME (len=12): 0C 00 11 00 00 00 00 00 01 00 61 76
[  157.278s] TEXT: '...;.'
[  157.278s] TEXT: '.....'
[  157.278s] FRAME (len=56): 38 00 11 00 01 00 00 00 01 00 46 81 9E E3 00 1D 00 0F 20 00 C5 0B 75 27 56 AB 00 00 00 00 00 00 61 07 73 62 24 00 12 00 00 88 00 00 98 00 9F 00 09 00 00 00 B4 0E 68 C6
[  157.278s] FRAME (len=12): 0C 00 11 00 00 00 00 00 01 00 61 76
[  163.589s] TEXT: '...;.'
[  163.589s] TEXT: '.....'
[  163.589s] TEXT: '.....'
[  163.589s] FRAME (len=56): 38 00 11 00 01 00 00 00 01 00 46 81 9E E3 00 1D 00 0F 20 00 BF 0B 75 27 56 AD 00 00 00 00 00 00 61 07 73 62 25 00 11 00 00 88 00 00 98 00 9F 00 09 00 00 00 A0 0E 3C 32
[  163.589s] FRAME (len=12): 0C 00 11 00 00 00 00 00 01 00 61 76
[  163.589s] FRAME (len=12): 0C 00 11 00 0B 00 00 00 01 00 C3 B5
[  167.052s] TEXT: '...;.'
[  167.052s] FRAME (len=56): 38 00 11 00 01 00 00 00 01 00 00 12 4B 00 38 0D 16 FD 03 00 31 08 78 27 36 35 D4 FF 64 00 EE 02 00 00 00 00 00 00 0A 04 00 00 00 00 00 00 06 01 00 00 00 00 00 00 B5 BA
[  169.704s] TEXT: '....TX succeeded...;.'
[  169.704s] TEXT: '.....'
[  169.704s] FRAME (len=56): 38 00 11 00 01 00 00 00 01 00 46 81 9E E3 00 1D 00 0F 20 00 BF 0B 75 27 56 AD 00 00 00 00 00 00 61 07 73 62 25 00 11 00 00 88 00 00 98 00 9F 00 09 00 00 00 A0 0E 3C 32
[  169.704s] FRAME (len=12): 0C 00 11 00 00 00 00 00 01 00 61 76
[  176.021s] TEXT: '...;.'
[  176.021s] TEXT: '.....'
[  176.021s] FRAME (len=56): 38 00 11 00 01 00 00 00 01 00 46 81 9E E3 00 1D 00 0F 20 00 BF 0B 75 27 56 AD 00 00 00 00 00 00 61 07 73 62 25 00 11 00 00 88 00 00 98 00 9F 00 09 00 00 00 A0 0E 3C 32
[  176.021s] FRAME (len=12): 0C 00 11 00 00 00 00 00 01 00 61 76
[  182.126s] TEXT: '...;.'
[  182.126s] TEXT: '.....'
[  182.126s] FRAME (len=56): 38 00 11 00 01 00 00 00 01 00 46 81 9E E3 00 1D 00 0F 20 00 BF 0B 75 27 56 AD 00 00 00 00 00 00 61 07 73 62 25 00 11 00 00 88 00 00 98 00 9F 00 09 00 00 00 A0 0E 3C 32
[  182.126s] FRAME (len=12): 0C 00 11 00 00 00 00 00 01 00 61 76
[  188.445s] TEXT: '...;.'
[  188.445s] TEXT: '.....'
[  188.445s] TEXT: '.....'
[  188.445s] FRAME (len=56): 38 00 11 00 01 00 00 00 01 00 46 81 9E E3 00 1D 00 0F 20 00 B3 0B 75 27 56 9B 00 00 00 00 00 00 61 07 73 62 25 00 11 00 00 88 00 00 98 00 9F 00 09 00 00 00 B4 0E 57 1E
[  188.445s] FRAME (len=12): 0C 00 11 00 00 00 00 00 01 00 61 76
[  188.445s] FRAME (len=12): 0C 00 11 00 0B 00 00 00 01 00 C3 B5
[  192.715s] TEXT: '...;.'
[  192.920s] FRAME (len=56): 38 00 11 00 01 00 00 00 01 00 00 12 4B 00 38 0D 16 FD 03 00 37 08 78 27 36 39 D4 FF 64 00 EE 02 00 00 00 00 00 00 0A 04 00 00 00 00 00 00 06 01 00 00 00 00 00 00 24 C6
[  194.553s] TEXT: '....TX succeeded...;.'
[  194.553s] TEXT: '.....'
[  194.553s] FRAME (len=56): 38 00 11 00 01 00 00 00 01 00 46 81 9E E3 00 1D 00 0F 20 00 B3 0B 75 27 56 9B 00 00 00 00 00 00 61 07 73 62 25 00 11 00 00 88 00 00 98 00 9F 00 09 00 00 00 B4 0E 57 1E
[  194.553s] FRAME (len=12): 0C 00 11 00 00 00 00 00 01 00 61 76
[  200.865s] TEXT: '...;.'
[  200.865s] TEXT: '.....'
[  200.865s] FRAME (len=56): 38 00 11 00 01 00 00 00 01 00 46 81 9E E3 00 1D 00 0F 20 00 B3 0B 75 27 56 9B 00 00 00 00 00 00 61 07 73 62 25 00 11 00 00 88 00 00 98 00 9F 00 09 00 00 00 B4 0E 57 1E
[  200.865s] FRAME (len=12): 0C 00 11 00 00 00 00 00 01 00 61 76
[  206.978s] TEXT: '...;.'
[  206.978s] TEXT: '.....'
[  206.978s] FRAME (len=56): 38 00 11 00 01 00 00 00 01 00 46 81 9E E3 00 1D 00 0F 20 00 B3 0B 75 27 56 9B 00 00 00 00 00 00 61 07 73 62 25 00 11 00 00 88 00 00 98 00 9F 00 09 00 00 00 B4 0E 57 1E
[  206.978s] FRAME (len=12): 0C 00 11 00 00 00 00 00 01 00 61 76
[  213.502s] TEXT: '...;.'
[  213.502s] TEXT: '.....'
[  213.502s] TEXT: '.....'
[  213.502s] FRAME (len=56): 38 00 11 00 01 00 00 00 01 00 46 81 9E E3 00 1D 00 0F 20 00 BA 0B 75 27 56 C1 00 00 00 00 00 00 61 07 73 62 25 00 11 00 00 88 00 00 98 00 9F 00 09 00 00 00 C7 0E 3E 49
[  213.502s] FRAME (len=12): 0C 00 11 00 00 00 00 00 01 00 61 76
[  213.502s] FRAME (len=12): 0C 00 11 00 0B 00 00 00 01 00 C3 B5
[  218.387s] TEXT: '...;.'
[  218.590s] FRAME (len=56): 38 00 11 00 01 00 00 00 01 00 00 12 4B 00 38 0D 16 FD 03 00 3D 08 78 27 36 29 D4 FF 64 00 EE 02 00 00 00 00 00 00 0A 04 00 00 00 00 00 00 06 01 00 00 00 00 00 00 6C B0
[  219.406s] TEXT: '....TX succeeded...;.'
[  219.406s] TEXT: '.....'
[  219.406s] FRAME (len=56): 38 00 11 00 01 00 00 00 01 00 46 81 9E E3 00 1D 00 0F 20 00 BA 0B 75 27 56 C1 00 00 00 00 00 00 61 07 73 62 25 00 11 00 00 88 00 00 98 00 9F 00 09 00 00 00 C7 0E 3E 49
[  219.406s] FRAME (len=12): 0C 00 11 00 00 00 00 00 01 00 61 76
[  225.731s] TEXT: '...;.'
[  225.731s] TEXT: '.....'
[  225.731s] FRAME (len=56): 38 00 11 00 01 00 00 00 01 00 46 81 9E E3 00 1D 00 0F 20 00 BA 0B 75 27 56 C1 00 00 00 00 00 00 61 07 73 62 25 00 11 00 00 88 00 00 98 00 9F 00 09 00 00 00 C7 0E 3E 49
[  225.731s] FRAME (len=12): 0C 00 11 00 00 00 00 00 01 00 61 76
[  231.854s] TEXT: '...;.'
[  231.854s] TEXT: '.....'
[  231.854s] FRAME (len=56): 38 00 11 00 01 00 00 00 01 00 46 81 9E E3 00 1D 00 0F 20 00 BA 0B 75 27 56 C1 00 00 00 00 00 00 61 07 73 62 25 00 11 00 00 88 00 00 98 00 9F 00 09 00 00 00 C7 0E 3E 49
[  231.854s] FRAME (len=12): 0C 00 11 00 00 00 00 00 01 00 61 76
[  238.180s] TEXT: '...;.'
[  238.180s] TEXT: '.....'
[  238.180s] TEXT: '.....'
[  238.180s] FRAME (len=56): 38 00 11 00 01 00 00 00 01 00 46 81 9E E3 00 1D 00 0F 20 00 BD 0B 75 27 55 C1 00 00 00 00 00 00 61 07 73 62 25 00 11 00 00 88 00 00 98 00 9F 00 09 00 00 00 B4 0E 8D EB
[  238.180s] FRAME (len=12): 0C 00 11 00 00 00 00 00 01 00 61 76
[  238.180s] FRAME (len=12): 0C 00 11 00 0B 00 00 00 01 00 C3 B5
[  244.097s] TEXT: '...;.'
[  244.097s] FRAME (len=56): 38 00 11 00 01 00 00 00 01 00 00 12 4B 00 38 0D 16 FD 03 00 43 08 78 27 36 51 D5 FF 64 00 EE 02 00 00 00 00 00 00 0A 04 00 00 00 00 00 00 06 01 00 00 00 00 00 00 9F CC
[  244.297s] TEXT: '....TX failed: 0xc....TX failed: 0xc...;.'
[  244.499s] TEXT: '.....'
[  244.499s] FRAME (len=56): 38 00 11 00 01 00 00 00 01 00 46 81 9E E3 00 1D 00 0F 20 00 BD 0B 75 27 55 C1 00 00 00 00 00 00 61 07 73 62 25 00 11 00 00 88 00 00 98 00 9F 00 09 00 00 00 B4 0E 8D EB
[  244.499s] FRAME (len=12): 0C 00 11 00 00 00 00 00 01 00 61 76
[  250.406s] TEXT: '...;.'
[  250.611s] TEXT: '.....'
[  250.611s] FRAME (len=56): 38 00 11 00 01 00 00 00 01 00 46 81 9E E3 00 1D 00 0F 20 00 BD 0B 75 27 55 C1 00 00 00 00 00 00 61 07 73 62 25 00 11 00 00 88 00 00 98 00 9F 00 09 00 00 00 B4 0E 8D EB
[  250.611s] FRAME (len=12): 0C 00 11 00 00 00 00 00 01 00 61 76
[  256.745s] TEXT: '...;.'
[  256.745s] TEXT: '.....'
[  256.745s] FRAME (len=56): 38 00 11 00 01 00 00 00 01 00 46 81 9E E3 00 1D 00 0F 20 00 BD 0B 75 27 55 C1 00 00 00 00 00 00 61 07 73 62 25 00 11 00 00 88 00 00 98 00 9F 00 09 00 00 00 B4 0E 8D EB
[  256.745s] FRAME (len=12): 0C 00 11 00 00 00 00 00 01 00 61 76
[  263.075s] TEXT: '...;.'
[  263.075s] TEXT: '.....'
[  263.075s] TEXT: '.....'
[  263.075s] FRAME (len=56): 38 00 11 00 01 00 00 00 01 00 46 81 9E E3 00 1D 00 0F 20 00 C4 0B 76 27 56 81 00 00 00 00 00 00 61 07 73 62 24 00 12 00 00 88 00 00 98 00 9F 00 09 00 00 00 B4 0E 82 58
[  263.075s] FRAME (len=12): 0C 00 11 00 00 00 00 00 01 00 61 76
[  263.075s] FRAME (len=12): 0C 00 11 00 0B 00 00 00 01 00 C3 B5
[  269.194s] TEXT: '...;.'
[  269.194s] TEXT: '.....'
[  269.194s] FRAME (len=56): 38 00 11 00 01 00 00 00 01 00 46 81 9E E3 00 1D 00 0F 20 00 C4 0B 76 27 56 81 00 00 00 00 00 00 61 07 73 62 24 00 12 00 00 88 00 00 98 00 9F 00 09 00 00 00 B4 0E 82 58
[  269.194s] FRAME (len=12): 0C 00 11 00 00 00 00 00 01 00 61 76
[  270.829s] TEXT: '...;.'
[  270.829s] FRAME (len=56): 38 00 11 00 01 00 00 00 01 00 00 12 4B 00 38 0D 16 FD 03 00 48 08 78 27 36 49 D5 FF 64 00 EE 02 00 00 00 00 00 00 0A 04 00 00 00 00 00 00 06 01 00 00 00 00 00 00 25 D1
[  275.315s] TEXT: '....TX succeeded...;.'
[  275.315s] FRAME (len=56): 38 00 11 00 01 00 00 00 01 00 46 81 9E E3 00 1D 00 0F 20 00 C4 0B 76 27 56 81 00 00 00 00 00 00 61 07 73 62 24 00 12 00 00 88 00 00 98 00 9F 00 09 00 00 00 B4 0E 82 58
[  275.519s] TEXT: '.....'
[  275.519s] FRAME (len=12): 0C 00 11 00 00 00 00 00 01 00 61 76
[  281.630s] TEXT: '...;.'
[  281.630s] TEXT: '.....'
[  281.630s] FRAME (len=56): 38 00 11 00 01 00 00 00 01 00 46 81 9E E3 00 1D 00 0F 20 00 C4 0B 76 27 56 81 00 00 00 00 00 00 61 07 73 62 24 00 12 00 00 88 00 00 98 00 9F 00 09 00 00 00 B4 0E 82 58
[  281.630s] FRAME (len=12): 0C 00 11 00 00 00 00 00 01 00 61 76
[  287.954s] TEXT: '...;.'
[  287.954s] TEXT: '.....'
[  287.954s] TEXT: '.....'
[  287.954s] FRAME (len=56): 38 00 11 00 01 00 00 00 01 00 46 81 9E E3 00 1D 00 0F 20 00 C3 0B 75 27 56 CD 00 00 00 00 00 00 61 07 73 62 24 00 12 00 00 88 00 00 98 00 9F 00 09 00 00 00 DA 0E 86 B5
[  287.954s] FRAME (len=12): 0C 00 11 00 00 00 00 00 01 00 61 76
[  287.954s] FRAME (len=12): 0C 00 11 00 0B 00 00 00 01 00 C3 B5
[  294.076s] TEXT: '...;.'
[  294.076s] TEXT: '.....'
[  294.076s] FRAME (len=56): 38 00 11 00 01 00 00 00 01 00 46 81 9E E3 00 1D 00 0F 20 00 C3 0B 75 27 56 CD 00 00 00 00 00 00 61 07 73 62 24 00 12 00 00 88 00 00 98 00 9F 00 09 00 00 00 DA 0E 86 B5
[  294.076s] FRAME (len=12): 0C 00 11 00 00 00 00 00 01 00 61 76
[  296.520s] TEXT: '...;.'
[  296.520s] FRAME (len=56): 38 00 11 00 01 00 00 00 01 00 00 12 4B 00 38 0D 16 FD 03 00 4C 08 78 27 36 51 D5 FF 64 00 EE 02 00 00 00 00 00 00 0A 04 00 00 00 00 00 00 06 01 00 00 00 00 00 00 AB 89
[  300.193s] TEXT: '....TX succeeded...;.'
[  300.193s] TEXT: '.....'
[  300.193s] FRAME (len=56): 38 00 11 00 01 00 00 00 01 00 46 81 9E E3 00 1D 00 0F 20 00 C3 0B 75 27 56 CD 00 00 00 00 00 00 61 07 73 62 24 00 12 00 00 88 00 00 98 00 9F 00 09 00 00 00 DA 0E 86 B5
[  300.193s] FRAME (len=12): 0C 00 11 00 00 00 00 00 01 00 61 76
[  306.514s] TEXT: '...;.'
[  306.514s] TEXT: '.....'
[  306.514s] FRAME (len=56): 38 00 11 00 01 00 00 00 01 00 46 81 9E E3 00 1D 00 0F 20 00 C3 0B 75 27 56 CD 00 00 00 00 00 00 61 07 73 62 24 00 12 00 00 88 00 00 98 00 9F 00 09 00 00 00 DA 0E 86 B5
[  306.514s] FRAME (len=12): 0C 00 11 00 00 00 00 00 01 00 61 76
[  312.833s] TEXT: '...;.'
[  312.833s] TEXT: '.....'
[  312.833s] TEXT: '.....'
[  312.833s] FRAME (len=56): 38 00 11 00 01 00 00 00 01 00 46 81 9E E3 00 1D 00 0F 20 00 C2 0B 76 27 56 8D 00 00 00 00 00 00 61 07 73 62 24 00 11 00 00 88 00 00 98 00 9F 00 09 00 00 00 B4 0E 5E CC
[  312.833s] FRAME (len=12): 0C 00 11 00 00 00 00 00 01 00 61 76
[  312.833s] FRAME (len=12): 0C 00 11 00 0B 00 00 00 01 00 C3 B5
[  318.944s] TEXT: '...;.'
[  318.944s] TEXT: '.....'
[  318.944s] FRAME (len=56): 38 00 11 00 01 00 00 00 01 00 46 81 9E E3 00 1D 00 0F 20 00 C2 0B 76 27 56 8D 00 00 00 00 00 00 61 07 73 62 24 00 11 00 00 88 00 00 98 00 9F 00 09 00 00 00 B4 0E 5E CC
[  318.944s] FRAME (len=12): 0C 00 11 00 00 00 00 00 01 00 61 76
[  322.209s] TEXT: '...;.'
[  322.209s] FRAME (len=56): 38 00 11 00 01 00 00 00 01 00 00 12 4B 00 38 0D 16 FD 03 00 51 08 78 27 36 69 D5 FF 64 00 EE 02 00 00 00 00 00 00 0A 04 00 00 00 00 00 00 06 01 00 00 00 00 00 00 EA 50
[  325.068s] TEXT: '....TX succeeded...;.'
[  325.068s] TEXT: '.....'
[  325.068s] FRAME (len=56): 38 00 11 00 01 00 00 00 01 00 46 81 9E E3 00 1D 00 0F 20 00 C2 0B 76 27 56 8D 00 00 00 00 00 00 61 07 73 62 24 00 11 00 00 88 00 00 98 00 9F 00 09 00 00 00 B4 0E 5E CC
[  325.068s] FRAME (len=12): 0C 00 11 00 00 00 00 00 01 00 61 76
[  331.375s] TEXT: '...;.'
[  331.375s] TEXT: '.....'
[  331.375s] FRAME (len=56): 38 00 11 00 01 00 00 00 01 00 46 81 9E E3 00 1D 00 0F 20 00 C2 0B 76 27 56 8D 00 00 00 00 00 00 61 07 73 62 24 00 11 00 00 88 00 00 98 00 9F 00 09 00 00 00 B4 0E 5E CC
[  331.375s] FRAME (len=12): 0C 00 11 00 00 00 00 00 01 00 61 76
[  337.677s] TEXT: '...;.'
[  337.677s] TEXT: '.....'
[  337.677s] TEXT: '.....'
[  337.677s] FRAME (len=56): 38 00 11 00 01 00 00 00 01 00 46 81 9E E3 00 1D 00 0F 20 00 C8 0B 76 27 56 9F 00 00 00 00 00 00 61 07 73 62 24 00 12 00 00 88 00 00 98 00 9F 00 09 00 00 00 DA 0E 93 8B
[  337.677s] FRAME (len=12): 0C 00 11 00 00 00 00 00 01 00 61 76
[  337.677s] FRAME (len=12): 0C 00 11 00 0B 00 00 00 01 00 C3 B5
[  343.790s] TEXT: '...;.'
[  343.790s] TEXT: '.....'
[  343.790s] FRAME (len=56): 38 00 11 00 01 00 00 00 01 00 46 81 9E E3 00 1D 00 0F 20 00 C8 0B 76 27 56 9F 00 00 00 00 00 00 61 07 73 62 24 00 12 00 00 88 00 00 98 00 9F 00 09 00 00 00 DA 0E 93 8B
[  343.790s] FRAME (len=12): 0C 00 11 00 00 00 00 00 01 00 61 76
[  347.869s] TEXT: '...;.'
[  347.869s] FRAME (len=56): 38 00 11 00 01 00 00 00 01 00 00 12 4B 00 38 0D 16 FD 03 00 56 08 78 27 36 65 D5 FF 64 00 EE 02 00 00 00 00 00 00 0A 04 00 00 00 00 00 00 06 01 00 00 00 00 00 00 5E B0
[  349.917s] TEXT: '....TX succeeded...;.'
[  349.917s] FRAME (len=56): 38 00 11 00 01 00 00 00 01 00 46 81 9E E3 00 1D 00 0F 20 00 C8 0B 76 27 56 9F 00 00 00 00 00 00 61 07 73 62 24 00 12 00 00 88 00 00 98 00 9F 00 09 00 00 00 DA 0E 93 8B
[  350.123s] TEXT: '.....'
[  350.123s] FRAME (len=12): 0C 00 11 00 00 00 00 00 01 00 61 76
[  356.228s] TEXT: '...;.'
[  356.228s] TEXT: '.....'
[  356.228s] FRAME (len=56): 38 00 11 00 01 00 00 00 01 00 46 81 9E E3 00 1D 00 0F 20 00 C8 0B 76 27 56 9F 00 00 00 00 00 00 61 07 73 62 24 00 12 00 00 88 00 00 98 00 9F 00 09 00 00 00 DA 0E 93 8B
[  356.228s] FRAME (len=12): 0C 00 11 00 00 00 00 00 01 00 61 76
[  362.551s] TEXT: '...;.'
[  362.551s] TEXT: '.....'
[  362.551s] TEXT: '.....'
[  362.551s] FRAME (len=56): 38 00 11 00 01 00 00 00 01 00 46 81 9E E3 00 1D 00 0F 20 00 C8 0B 76 27 56 AB 00 00 00 00 00 00 61 07 73 62 24 00 12 00 00 88 00 00 98 00 9F 00 09 00 00 00 DA 0E D8 68
[  362.551s] FRAME (len=12): 0C 00 11 00 00 00 00 00 01 00 61 76
[  362.551s] FRAME (len=12): 0C 00 11 00 0B 00 00 00 01 00 C3 B5
[  368.677s] TEXT: '...;.'
[  368.677s] TEXT: '.....'
[  368.677s] FRAME (len=56): 38 00 11 00 01 00 00 00 01 00 46 81 9E E3 00 1D 00 0F 20 00 C8 0B 76 27 56 AB 00 00 00 00 00 00 61 07 73 62 24 00 12 00 00 88 00 00 98 00 9F 00 09 00 00 00 DA 0E D8 68
[  368.677s] FRAME (len=12): 0C 00 11 00 00 00 00 00 01 00 61 76
[  373.572s] TEXT: '...;.'
[  373.572s] FRAME (len=56): 38 00 11 00 01 00 00 00 01 00 00 12 4B 00 38 0D 16 FD 03 00 5B 08 78 27 36 01 D5 FF 64 00 EE 02 00 00 00 00 00 00 0A 04 00 00 00 00 00 00 06 01 00 00 00 00 00 00 9A 0F
[  374.793s] TEXT: '....TX succeeded...;.'
[  374.793s] TEXT: '.....'
[  374.793s] FRAME (len=56): 38 00 11 00 01 00 00 00 01 00 46 81 9E E3 00 1D 00 0F 20 00 C8 0B 76 27 56 AB 00 00 00 00 00 00 61 07 73 62 24 00 12 00 00 88 00 00 98 00 9F 00 09 00 00 00 DA 0E D8 68
[  374.793s] FRAME (len=12): 0C 00 11 00 00 00 00 00 01 00 61 76
[  381.126s] TEXT: '...;.'
[  381.126s] TEXT: '.....'
[  381.126s] FRAME (len=56): 38 00 11 00 01 00 00 00 01 00 46 81 9E E3 00 1D 00 0F 20 00 C8 0B 76 27 56 AB 00 00 00 00 00 00 61 07 73 62 24 00 12 00 00 88 00 00 98 00 9F 00 09 00 00 00 DA 0E D8 68
[  381.126s] FRAME (len=12): 0C 00 11 00 00 00 00 00 01 00 61 76
[  387.459s] TEXT: '...;.'
[  387.459s] TEXT: '.....'
[  387.459s] TEXT: '.....'
[  387.459s] FRAME (len=56): 38 00 11 00 01 00 00 00 01 00 46 81 9E E3 00 1D 00 0F 20 00 CB 0B 76 27 56 8D 00 00 00 00 00 00 61 07 73 62 24 00 12 00 00 88 00 00 98 00 9F 00 09 00 00 00 B4 0E 9A 19
[  387.459s] FRAME (len=12): 0C 00 11 00 00 00 00 00 01 00 61 76
[  387.459s] FRAME (len=12): 0C 00 11 00 0B 00 00 00 01 00 C3 B5
[  393.587s] TEXT: '...;.'
[  393.587s] TEXT: '.....'
[  393.587s] FRAME (len=56): 38 00 11 00 01 00 00 00 01 00 46 81 9E E3 00 1D 00 0F 20 00 CB 0B 76 27 56 8D 00 00 00 00 00 00 61 07 73 62 24 00 12 00 00 88 00 00 98 00 9F 00 09 00 00 00 B4 0E 9A 19
[  393.587s] FRAME (len=12): 0C 00 11 00 00 00 00 00 01 00 61 76
[  399.704s] TEXT: '...;.'
[  399.704s] TEXT: '.....'
[  399.704s] FRAME (len=56): 38 00 11 00 01 00 00 00 01 00 46 81 9E E3 00 1D 00 0F 20 00 CB 0B 76 27 56 8D 00 00 00 00 00 00 61 07 73 62 24 00 12 00 00 88 00 00 98 00 9F 00 09 00 00 00 B4 0E 9A 19
[  399.704s] FRAME (len=12): 0C 00 11 00 00 00 00 00 01 00 61 76
[  400.109s] TEXT: '...;.'
[  400.109s] FRAME (len=56): 38 00 11 00 01 00 00 00 01 00 00 12 4B 00 38 0D 16 FD 03 00 5E 08 78 27 36 6D D5 FF 64 00 EE 02 00 00 00 00 00 00 0A 04 00 00 00 00 00 00 06 01 00 00 00 00 00 00 25 E6
[  405.821s] TEXT: '....TX succeeded...;.'
[  405.821s] FRAME (len=56): 38 00 11 00 01 00 00 00 01 00 46 81 9E E3 00 1D 00 0F 20 00 CB 0B 76 27 56 8D 00 00 00 00 00 00 61 07 73 62 24 00 12 00 00 88 00 00 98 00 9F 00 09 00 00 00 B4 0E 9A 19
[  406.025s] TEXT: '.....'
[  406.025s] FRAME (len=12): 0C 00 11 00 00 00 00 00 01 00 61 76
[  412.350s] TEXT: '...;.'
[  412.350s] TEXT: '.....'
[  412.350s] TEXT: '.....'
[  412.350s] FRAME (len=56): 38 00 11 00 01 00 00 00 01 00 46 81 9E E3 00 1D 00 0F 20 00 C4 0B 76 27 55 8F 00 00 00 00 00 00 61 07 73 62 24 00 11 00 00 88 00 00 98 00 9F 00 09 00 00 00 DA 0E 0A 76
[  412.350s] FRAME (len=12): 0C 00 11 00 00 00 00 00 01 00 61 76
[  412.350s] FRAME (len=12): 0C 00 11 00 0B 00 00 00 01 00 C3 B5
[  418.468s] TEXT: '...;.'
[  418.468s] TEXT: '.....'
[  418.468s] FRAME (len=56): 38 00 11 00 01 00 00 00 01 00 46 81 9E E3 00 1D 00 0F 20 00 C4 0B 76 27 55 8F 00 00 00 00 00 00 61 07 73 62 24 00 11 00 00 88 00 00 98 00 9F 00 09 00 00 00 DA 0E 0A 76
[  418.468s] FRAME (len=12): 0C 00 11 00 00 00 00 00 01 00 61 76
[  424.595s] TEXT: '...;.'
[  424.595s] TEXT: '.....'
[  424.595s] FRAME (len=56): 38 00 11 00 01 00 00 00 01 00 46 81 9E E3 00 1D 00 0F 20 00 C4 0B 76 27 55 8F 00 00 00 00 00 00 61 07 73 62 24 00 11 00 00 88 00 00 98 00 9F 00 09 00 00 00 DA 0E 0A 76
[  424.595s] FRAME (len=12): 0C 00 11 00 00 00 00 00 01 00 61 76
[  425.810s] TEXT: '...;.'
[  425.810s] FRAME (len=56): 38 00 11 00 01 00 00 00 01 00 00 12 4B 00 38 0D 16 FD 03 00 62 08 78 27 36 0D D5 FF 64 00 EE 02 00 00 00 00 00 00 0A 04 00 00 00 00 00 00 06 01 00 00 00 00 00 00 B4 C3
[  430.705s] TEXT: '....TX succeeded...;.'
[  430.705s] FRAME (len=56): 38 00 11 00 01 00 00 00 01 00 46 81 9E E3 00 1D 00 0F 20 00 C4 0B 76 27 55 8F 00 00 00 00 00 00 61 07 73 62 24 00 11 00 00 88 00 00 98 00 9F 00 09 00 00 00 DA 0E 0A 76
[  430.910s] TEXT: '.....'
[  430.910s] FRAME (len=12): 0C 00 11 00 00 00 00 00 01 00 61 76
[  437.224s] TEXT: '...;.'
[  437.224s] TEXT: '.....'
[  437.224s] TEXT: '.....'
[  437.224s] FRAME (len=56): 38 00 11 00 01 00 00 00 01 00 46 81 9E E3 00 1D 00 0F 20 00 C7 0B 76 27 56 9D 00 00 00 00 00 00 61 07 73 62 24 00 12 00 00 88 00 00 98 00 9F 00 09 00 00 00 ED 0E 48 A3
[  437.224s] FRAME (len=12): 0C 00 11 00 00 00 00 00 01 00 61 76
[  437.224s] FRAME (len=12): 0C 00 11 00 0B 00 00 00 01 00 C3 B5
[  443.349s] TEXT: '...;.'
[  443.349s] TEXT: '.....'
[  443.349s] FRAME (len=56): 38 00 11 00 01 00 00 00 01 00 46 81 9E E3 00 1D 00 0F 20 00 C7 0B 76 27 56 9D 00 00 00 00 00 00 61 07 73 62 24 00 12 00 00 88 00 00 98 00 9F 00 09 00 00 00 ED 0E 48 A3
[  443.349s] FRAME (len=12): 0C 00 11 00 00 00 00 00 01 00 61 76
[  449.463s] TEXT: '...;.'
[  449.463s] TEXT: '.....'
[  449.463s] FRAME (len=56): 38 00 11 00 01 00 00 00 01 00 46 81 9E E3 00 1D 00 0F 20 00 C7 0B 76 27 56 9D 00 00 00 00 00 00 61 07 73 62 24 00 12 00 00 88 00 00 98 00 9F 00 09 00 00 00 ED 0E 48 A3
[  449.463s] FRAME (len=12): 0C 00 11 00 00 00 00 00 01 00 61 76
[  451.513s] TEXT: '...;.'
[  451.513s] FRAME (len=56): 38 00 11 00 01 00 00 00 01 00 00 12 4B 00 38 0D 16 FD 03 00 66 08 78 27 36 75 D5 FF 64 00 EE 02 00 00 00 00 00 00 0A 04 00 00 00 00 00 00 06 01 00 00 00 00 00 00 5A BA
[  455.593s] TEXT: '....TX succeeded...;.'
[  455.593s] TEXT: '.....'
[  455.593s] FRAME (len=56): 38 00 11 00 01 00 00 00 01 00 46 81 9E E3 00 1D 00 0F 20 00 C7 0B 76 27 56 9D 00 00 00 00 00 00 61 07 73 62 24 00 12 00 00 88 00 00 98 00 9F 00 09 00 00 00 ED 0E 48 A3
[  455.593s] FRAME (len=12): 0C 00 11 00 00 00 00 00 01 00 61 76
[  461.910s] TEXT: '...;.'
[  461.910s] TEXT: '.....'
[  461.910s] TEXT: '.....'
[  461.910s] FRAME (len=56): 38 00 11 00 01 00 00 00 01 00 46 81 9E E3 00 1D 00 0F 20 00 C8 0B 76 27 55 9F 00 00 00 00 00 00 61 07 73 62 24 00 12 00 00 88 00 00 98 00 9F 00 09 00 00 00 DA 0E B2 90
[  461.910s] FRAME (len=12): 0C 00 11 00 00 00 00 00 01 00 61 76
[  461.910s] FRAME (len=12): 0C 00 11 00 0B 00 00 00 01 00 C3 B5
[  468.021s] TEXT: '...;.'
[  468.021s] FRAME (len=56): 38 00 11 00 01 00 00 00 01 00 46 81 9E E3 00 1D 00 0F 20 00 C8 0B 76 27 55 9F 00 00 00 00 00 00 61 07 73 62 24 00 12 00 00 88 00 00 98 00 9F 00 09 00 00 00 DA 0E B2 90
[  468.224s] TEXT: '.....'
[  468.224s] FRAME (len=12): 0C 00 11 00 00 00 00 00 01 00 61 76
[  474.346s] TEXT: '...;.'
[  474.346s] TEXT: '.....'
[  474.346s] FRAME (len=56): 38 00 11 00 01 00 00 00 01 00 46 81 9E E3 00 1D 00 0F 20 00 C8 0B 76 27 55 9F 00 00 00 00 00 00 61 07 73 62 24 00 12 00 00 88 00 00 98 00 9F 00 09 00 00 00 DA 0E B2 90
[  474.346s] FRAME (len=12): 0C 00 11 00 00 00 00 00 01 00 61 76
[  477.204s] TEXT: '...;.'
[  477.204s] FRAME (len=56): 38 00 11 00 01 00 00 00 01 00 00 12 4B 00 38 0D 16 FD 03 00 6A 08 79 27 36 01 D5 FF 64 00 EE 02 00 00 00 00 00 00 0A 04 00 00 00 00 00 00 06 01 00 00 00 00 00 00 72 3F
[  480.488s] TEXT: '....TX succeeded...;.'
[  480.488s] TEXT: '.....'
[  480.488s] FRAME (len=56): 38 00 11 00 01 00 00 00 01 00 46 81 9E E3 00 1D 00 0F 20 00 C8 0B 76 27 55 9F 00 00 00 00 00 00 61 07 73 62 24 00 12 00 00 88 00 00 98 00 9F 00 09 00 00 00 DA 0E B2 90
[  480.488s] FRAME (len=12): 0C 00 11 00 00 00 00 00 01 00 61 76
[  486.907s] TEXT: '...;.'
[  486.907s] TEXT: '.....'
[  486.907s] TEXT: '.....'
[  486.907s] FRAME (len=56): 38 00 11 00 01 00 00 00 01 00 46 81 9E E3 00 1D 00 0F 20 00 D1 0B 76 27 55 93 00 00 00 00 00 00 61 07 73 62 24 00 12 00 00 88 00 00 98 00 9F 00 09 00 00 00 C7 0E 41 8F
[  486.907s] FRAME (len=12): 0C 00 11 00 00 00 00 00 01 00 61 76
[  486.907s] FRAME (len=12): 0C 00 11 00 0B 00 00 00 01 00 C3 B5
[  492.921s] TEXT: '...;.'
[  492.921s] TEXT: '.....'
[  492.921s] FRAME (len=56): 38 00 11 00 01 00 00 00 01 00 46 81 9E E3 00 1D 00 0F 20 00 D1 0B 76 27 55 93 00 00 00 00 00 00 61 07 73 62 24 00 12 00 00 88 00 00 98 00 9F 00 09 00 00 00 C7 0E 41 8F
[  492.921s] FRAME (len=12): 0C 00 11 00 00 00 00 00 01 00 61 76
[  499.124s] TEXT: '...;.'
[  499.124s] TEXT: '.....'
[  499.124s] FRAME (len=56): 38 00 11 00 01 00 00 00 01 00 46 81 9E E3 00 1D 00 0F 20 00 D1 0B 76 27 55 93 00 00 00 00 00 00 61 07 73 62 24 00 12 00 00 88 00 00 98 00 9F 00 09 00 00 00 C7 0E 41 8F
[  499.124s] FRAME (len=12): 0C 00 11 00 00 00 00 00 01 00 61 76
[  502.859s] TEXT: '...;.'
[  502.859s] FRAME (len=56): 38 00 11 00 01 00 00 00 01 00 00 12 4B 00 38 0D 16 FD 03 00 6D 08 78 27 36 79 D5 FF 64 00 EE 02 00 00 00 00 00 00 0A 04 00 00 00 00 00 00 06 01 00 00 00 00 00 00 94 AB
[  505.341s] TEXT: '....TX succeeded...;.'
[  505.341s] TEXT: '.....'
[  505.341s] FRAME (len=56): 38 00 11 00 01 00 00 00 01 00 46 81 9E E3 00 1D 00 0F 20 00 D1 0B 76 27 55 93 00 00 00 00 00 00 61 07 73 62 24 00 12 00 00 88 00 00 98 00 9F 00 09 00 00 00 C7 0E 41 8F
[  505.341s] FRAME (len=12): 0C 00 11 00 00 00 00 00 01 00 61 76
[  511.778s] TEXT: '...;.'
[  511.778s] TEXT: '.....'
[  511.778s] TEXT: '.....'
[  511.778s] FRAME (len=56): 38 00 11 00 01 00 00 00 01 00 46 81 9E E3 00 1D 00 0F 20 00 D1 0B 76 27 55 89 00 00 00 00 00 00 61 07 73 62 24 00 12 00 00 88 00 00 98 00 9F 00 09 00 00 00 DA 0E DB 03
[  511.778s] FRAME (len=12): 0C 00 11 00 00 00 00 00 01 00 61 76
[  511.778s] FRAME (len=12): 0C 00 11 00 0B 00 00 00 01 00 C3 B5
[  517.802s] TEXT: '...;.'
[  517.802s] TEXT: '.....'
[  517.802s] FRAME (len=56): 38 00 11 00 01 00 00 00 01 00 46 81 9E E3 00 1D 00 0F 20 00 D1 0B 76 27 55 89 00 00 00 00 00 00 61 07 73 62 24 00 12 00 00 88 00 00 98 00 9F 00 09 00 00 00 DA 0E DB 03
[  517.802s] FRAME (len=12): 0C 00 11 00 00 00 00 00 01 00 61 76
[  524.028s] TEXT: '...;.'
[  524.028s] TEXT: '.....'
[  524.028s] FRAME (len=56): 38 00 11 00 01 00 00 00 01 00 46 81 9E E3 00 1D 00 0F 20 00 D1 0B 76 27 55 89 00 00 00 00 00 00 61 07 73 62 24 00 12 00 00 88 00 00 98 00 9F 00 09 00 00 00 DA 0E DB 03
[  524.028s] FRAME (len=12): 0C 00 11 00 00 00 00 00 01 00 61 76
[  528.591s] TEXT: '...;.'
[  528.591s] FRAME (len=56): 38 00 11 00 01 00 00 00 01 00 00 12 4B 00 38 0D 16 FD 03 00 70 08 78 27 36 75 D5 FF 64 00 EE 02 00 00 00 00 00 00 0A 04 00 00 00 00 00 00 06 01 00 00 00 00 00 00 9E 91
[  530.226s] TEXT: '....TX failed: 0xc....TX failed: 0xc...;.'
[  530.226s] TEXT: '.....'
[  530.226s] FRAME (len=56): 38 00 11 00 01 00 00 00 01 00 46 81 9E E3 00 1D 00 0F 20 00 D1 0B 76 27 55 89 00 00 00 00 00 00 61 07 73 62 24 00 12 00 00 88 00 00 98 00 9F 00 09 00 00 00 DA 0E DB 03
[  530.226s] FRAME (len=12): 0C 00 11 00 00 00 00 00 01 00 61 76
[  536.615s] TEXT: '...;.'
[  536.615s] TEXT: '.....'
[  536.615s] TEXT: '.....'
[  536.615s] FRAME (len=56): 38 00 11 00 01 00 00 00 01 00 46 81 9E E3 00 1D 00 0F 20 00 D1 0B 76 27 56 A1 00 00 00 00 00 00 61 07 73 62 24 00 10 00 00 88 00 00 98 00 9F 00 09 00 00 00 C7 0E 54 35
[  536.615s] FRAME (len=12): 0C 00 11 00 00 00 00 00 01 00 61 76
[  536.615s] FRAME (len=12): 0C 00 11 00 0B 00 00 00 01 00 C3 B5
[  542.612s] TEXT: '...;.'
[  542.822s] TEXT: '.....'
[  542.822s] FRAME (len=56): 38 00 11 00 01 00 00 00 01 00 46 81 9E E3 00 1D 00 0F 20 00 D1 0B 76 27 56 A1 00 00 00 00 00 00 61 07 73 62 24 00 10 00 00 88 00 00 98 00 9F 00 09 00 00 00 C7 0E 54 35
[  542.822s] FRAME (len=12): 0C 00 11 00 00 00 00 00 01 00 61 76
[  549.007s] TEXT: '...;.'
[  549.007s] TEXT: '.....'
[  549.007s] FRAME (len=56): 38 00 11 00 01 00 00 00 01 00 46 81 9E E3 00 1D 00 0F 20 00 D1 0B 76 27 56 A1 00 00 00 00 00 00 61 07 73 62 24 00 10 00 00 88 00 00 98 00 9F 00 09 00 00 00 C7 0E 54 35
[  549.007s] FRAME (len=12): 0C 00 11 00 00 00 00 00 01 00 61 76
[  555.213s] TEXT: '...;.'
[  555.213s] TEXT: '.....'
[  555.213s] TEXT: '...;.'
[  555.213s] FRAME (len=56): 38 00 11 00 01 00 00 00 01 00 46 81 9E E3 00 1D 00 0F 20 00 D1 0B 76 27 56 A1 00 00 00 00 00 00 61 07 73 62 24 00 10 00 00 88 00 00 98 00 9F 00 09 00 00 00 C7 0E 54 35
[  555.213s] FRAME (len=12): 0C 00 11 00 00 00 00 00 01 00 61 76
[  555.213s] FRAME (len=56): 38 00 11 00 01 00 00 00 01 00 00 12 4B 00 38 0D 16 FD 03 00 73 08 78 27 36 6D D5 FF 64 00 EE 02 00 00 00 00 00 00 0A 04 00 00 00 00 00 00 06 01 00 00 00 00 00 00 88 2D
[  561.436s] TEXT: '....TX succeeded...;.'
[  561.436s] TEXT: '.....'
[  561.436s] TEXT: '.....'
[  561.436s] FRAME (len=56): 38 00 11 00 01 00 00 00 01 00 46 81 9E E3 00 1D 00 0F 20 00 D1 0B 76 27 56 9B 00 00 00 00 00 00 61 07 73 62 24 00 11 00 00 88 00 00 98 00 9F 00 09 00 00 00 DA 0E D5 FE
[  561.436s] FRAME (len=12): 0C 00 11 00 00 00 00 00 01 00 61 76
[  561.436s] FRAME (len=12): 0C 00 11 00 0B 00 00 00 01 00 C3 B5
[  567.427s] TEXT: '...;.'
[  567.638s] TEXT: '.....'
[  567.638s] FRAME (len=56): 38 00 11 00 01 00 00 00 01 00 46 81 9E E3 00 1D 00 0F 20 00 D1 0B 76 27 56 9B 00 00 00 00 00 00 61 07 73 62 24 00 11 00 00 88 00 00 98 00 9F 00 09 00 00 00 DA 0E D5 FE
[  567.638s] FRAME (len=12): 0C 00 11 00 00 00 00 00 01 00 61 76
[  573.861s] TEXT: '...;.'
[  573.861s] TEXT: '.....'
[  573.861s] FRAME (len=56): 38 00 11 00 01 00 00 00 01 00 46 81 9E E3 00 1D 00 0F 20 00 D1 0B 76 27 56 9B 00 00 00 00 00 00 61 07 73 62 24 00 11 00 00 88 00 00 98 00 9F 00 09 00 00 00 DA 0E D5 FE
[  573.861s] FRAME (len=12): 0C 00 11 00 00 00 00 00 01 00 61 76
[  580.057s] TEXT: '...;.'
[  580.057s] TEXT: '.....'
[  580.057s] FRAME (len=56): 38 00 11 00 01 00 00 00 01 00 46 81 9E E3 00 1D 00 0F 20 00 D1 0B 76 27 56 9B 00 00 00 00 00 00 61 07 73 62 24 00 11 00 00 88 00 00 98 00 9F 00 09 00 00 00 DA 0E D5 FE
[  580.057s] FRAME (len=12): 0C 00 11 00 00 00 00 00 01 00 61 76
[  580.881s] TEXT: '...;.'
[  580.881s] FRAME (len=56): 38 00 11 00 01 00 00 00 01 00 00 12 4B 00 38 0D 16 FD 03 00 77 08 78 27 36 01 D5 FF 64 00 EE 02 00 00 00 00 00 00 0A 04 00 00 00 00 00 00 06 01 00 00 00 00 00 00 12 58
[  586.270s] TEXT: '....TX succeeded...;.'
[  586.270s] TEXT: '.....'
[  586.270s] TEXT: '.....'
[  586.270s] FRAME (len=56): 38 00 11 00 01 00 00 00 01 00 46 81 9E E3 00 1D 00 0F 20 00 D2 0B 76 27 54 A5 00 00 00 00 00 00 61 07 73 62 24 00 12 00 00 88 00 00 98 00 9F 00 09 00 00 00 00 0F 54 BF
[  586.270s] FRAME (len=12): 0C 00 11 00 00 00 00 00 01 00 61 76
[  586.270s] FRAME (len=12): 0C 00 11 00 0B 00 00 00 01 00 C3 B5
[  592.491s] TEXT: '...;.'
[  592.491s] TEXT: '.....'
[  592.491s] FRAME (len=56): 38 00 11 00 01 00 00 00 01 00 46 81 9E E3 00 1D 00 0F 20 00 D2 0B 76 27 54 A5 00 00 00 00 00 00 61 07 73 62 24 00 12 00 00 88 00 00 98 00 9F 00 09 00 00 00 00 0F 54 BF
[  592.491s] FRAME (len=12): 0C 00 11 00 00 00 00 00 01 00 61 76
[  598.670s] TEXT: '...;.'
[  598.670s] TEXT: '.....'
[  598.670s] FRAME (len=56): 38 00 11 00 01 00 00 00 01 00 46 81 9E E3 00 1D 00 0F 20 00 D2 0B 76 27 54 A5 00 00 00 00 00 00 61 07 73 62 24 00 12 00 00 88 00 00 98 00 9F 00 09 00 00 00 00 0F 54 BF
[  598.670s] FRAME (len=12): 0C 00 11 00 00 00 00 00 01 00 61 76
[  604.865s] TEXT: '...;.'
[  604.865s] TEXT: '.....'
[  604.865s] FRAME (len=56): 38 00 11 00 01 00 00 00 01 00 46 81 9E E3 00 1D 00 0F 20 00 D2 0B 76 27 54 A5 00 00 00 00 00 00 61 07 73 62 24 00 12 00 00 88 00 00 98 00 9F 00 09 00 00 00 00 0F 54 BF
[  604.865s] FRAME (len=12): 0C 00 11 00 00 00 00 00 01 00 61 76
[  606.524s] TEXT: '...;.'
[  606.524s] FRAME (len=56): 38 00 11 00 01 00 00 00 01 00 00 12 4B 00 38 0D 16 FD 03 00 7A 08 78 27 36 55 D5 FF 64 00 EE 02 00 00 00 00 00 00 0A 04 00 00 00 00 00 00 06 01 00 00 00 00 00 00 66 F7
[  611.077s] TEXT: '....TX succeeded...;.'
[  611.287s] TEXT: '.....'
[  611.287s] TEXT: '.....'
[  611.287s] FRAME (len=56): 38 00 11 00 01 00 00 00 01 00 46 81 9E E3 00 1D 00 0F 20 00 D1 0B 75 27 56 C9 00 00 00 00 00 00 61 07 73 62 24 00 11 00 00 88 00 00 98 00 9F 00 09 00 00 00 ED 0E 20 49
[  611.287s] FRAME (len=12): 0C 00 11 00 00 00 00 00 01 00 61 76
[  611.287s] FRAME (len=12): 0C 00 11 00 0B 00 00 00 01 00 C3 B5
[  617.292s] TEXT: '...;.'
[  617.292s] TEXT: '.....'
[  617.292s] FRAME (len=56): 38 00 11 00 01 00 00 00 01 00 46 81 9E E3 00 1D 00 0F 20 00 D1 0B 75 27 56 C9 00 00 00 00 00 00 61 07 73 62 24 00 11 00 00 88 00 00 98 00 9F 00 09 00 00 00 ED 0E 20 49
[  617.292s] FRAME (len=12): 0C 00 11 00 00 00 00 00 01 00 61 76
[  623.525s] TEXT: '...;.'
[  623.525s] TEXT: '.....'
[  623.525s] FRAME (len=56): 38 00 11 00 01 00 00 00 01 00 46 81 9E E3 00 1D 00 0F 20 00 D1 0B 75 27 56 C9 00 00 00 00 00 00 61 07 73 62 24 00 11 00 00 88 00 00 98 00 9F 00 09 00 00 00 ED 0E 20 49
[  623.525s] FRAME (len=12): 0C 00 11 00 00 00 00 00 01 00 61 76
[  629.748s] TEXT: '...;.'
[  629.748s] TEXT: '.....'
[  629.748s] FRAME (len=56): 38 00 11 00 01 00 00 00 01 00 46 81 9E E3 00 1D 00 0F 20 00 D1 0B 75 27 56 C9 00 00 00 00 00 00 61 07 73 62 24 00 11 00 00 88 00 00 98 00 9F 00 09 00 00 00 ED 0E 20 49
[  629.748s] FRAME (len=12): 0C 00 11 00 00 00 00 00 01 00 61 76
[  632.232s] TEXT: '...;.'
[  632.232s] FRAME (len=56): 38 00 11 00 01 00 00 00 01 00 00 12 4B 00 38 0D 16 FD 03 00 7C 08 78 27 34 6D D5 FF 64 00 EE 02 00 00 00 00 00 00 0A 04 00 00 00 00 00 00 06 01 00 00 00 00 00 00 82 7A
[  635.977s] TEXT: '....TX succeeded...;.'
[  635.977s] FRAME (len=56): 38 00 11 00 01 00 00 00 01 00 46 81 9E E3 00 1D 00 0F 20 00 D5 0B 76 27 56 91 00 00 00 00 00 00 61 07 73 62 24 00 11 00 00 88 00 00 98 00 9F 00 09 00 00 00 C7 0E 16 DD
[  636.181s] TEXT: '.....'
[  636.181s] TEXT: '.....'
[  636.181s] FRAME (len=12): 0C 00 11 00 00 00 00 00 01 00 61 76
[  636.181s] FRAME (len=12): 0C 00 11 00 0B 00 00 00 01 00 C3 B5
[  642.204s] TEXT: '...;.'
[  642.204s] TEXT: '.....'
[  642.204s] FRAME (len=56): 38 00 11 00 01 00 00 00 01 00 46 81 9E E3 00 1D 00 0F 20 00 D5 0B 76 27 56 91 00 00 00 00 00 00 61 07 73 62 24 00 11 00 00 88 00 00 98 00 9F 00 09 00 00 00 C7 0E 16 DD
[  642.204s] FRAME (len=12): 0C 00 11 00 00 00 00 00 01 00 61 76
[  648.400s] TEXT: '...;.'
[  648.400s] TEXT: '.....'
[  648.400s] FRAME (len=56): 38 00 11 00 01 00 00 00 01 00 46 81 9E E3 00 1D 00 0F 20 00 D5 0B 76 27 56 91 00 00 00 00 00 00 61 07 73 62 24 00 11 00 00 88 00 00 98 00 9F 00 09 00 00 00 C7 0E 16 DD
[  648.400s] FRAME (len=12): 0C 00 11 00 00 00 00 00 01 00 61 76
[  654.609s] TEXT: '...;.'
[  654.609s] TEXT: '.....'
[  654.609s] FRAME (len=56): 38 00 11 00 01 00 00 00 01 00 46 81 9E E3 00 1D 00 0F 20 00 D5 0B 76 27 56 91 00 00 00 00 00 00 61 07 73 62 24 00 11 00 00 88 00 00 98 00 9F 00 09 00 00 00 C7 0E 16 DD
[  654.609s] FRAME (len=12): 0C 00 11 00 00 00 00 00 01 00 61 76
[  657.923s] TEXT: '...;.'
[  657.923s] FRAME (len=25): 38 00 11 00 01 00 00 00 01 00 00 12 4B 00 38 0D 16 FD 03 00 7F 08 78 27 36
[  660.816s] TEXT: '..d.........\n...............}#}....TX succeeded...;.'
[  660.816s] FRAME (len=56): 38 00 11 00 01 00 00 00 01 00 46 81 9E E3 00 1D 00 0F 20 00 D5 0B 76 27 56 8F 00 00 00 00 00 00 61 07 73 62 24 00 11 00 00 88 00 00 98 00 9F 00 09 00 00 00 ED 0E 75 3E
[  661.025s] TEXT: '.....'
[  661.025s] TEXT: '.....'
[  661.025s] FRAME (len=12): 0C 00 11 00 00 00 00 00 01 00 61 76
[  661.025s] FRAME (len=12): 0C 00 11 00 0B 00 00 00 01 00 C3 B5
[  667.042s] TEXT: '...;.'
[  667.042s] TEXT: '.....'
[  667.042s] FRAME (len=56): 38 00 11 00 01 00 00 00 01 00 46 81 9E E3 00 1D 00 0F 20 00 D5 0B 76 27 56 8F 00 00 00 00 00 00 61 07 73 62 24 00 11 00 00 88 00 00 98 00 9F 00 09 00 00 00 ED 0E 75 3E
[  667.042s] FRAME (len=12): 0C 00 11 00 00 00 00 00 01 00 61 76
[  673.272s] TEXT: '...;.'
[  673.272s] TEXT: '.....'
[  673.272s] FRAME (len=56): 38 00 11 00 01 00 00 00 01 00 46 81 9E E3 00 1D 00 0F 20 00 D5 0B 76 27 56 8F 00 00 00 00 00 00 61 07 73 62 24 00 11 00 00 88 00 00 98 00 9F 00 09 00 00 00 ED 0E 75 3E
[  673.272s] FRAME (len=12): 0C 00 11 00 00 00 00 00 01 00 61 76
[  679.490s] TEXT: '...;.'
[  679.490s] TEXT: '.....'
[  679.490s] FRAME (len=56): 38 00 11 00 01 00 00 00 01 00 46 81 9E E3 00 1D 00 0F 20 00 D5 0B 76 27 56 8F 00 00 00 00 00 00 61 07 73 62 24 00 11 00 00 88 00 00 98 00 9F 00 09 00 00 00 ED 0E 75 3E
[  679.490s] FRAME (len=12): 0C 00 11 00 00 00 00 00 01 00 61 76
[  684.673s] TEXT: '...;.'
[  684.673s] FRAME (len=56): 38 00 11 00 01 00 00 00 01 00 00 12 4B 00 38 0D 16 FD 03 00 82 08 78 27 34 0D D5 FF 64 00 EE 02 00 00 00 00 00 00 0A 04 00 00 00 00 00 00 06 01 00 00 00 00 00 00 37 91
[  685.707s] TEXT: '....TX succeeded...;.'
[  685.707s] FRAME (len=56): 38 00 11 00 01 00 00 00 01 00 46 81 9E E3 00 1D 00 0F 20 00 D4 0B 76 27 55 91 00 00 00 00 00 00 61 07 73 62 24 00 11 00 00 88 00 00 98 00 9F 00 09 00 00 00 ED 0E 3F B3
[  685.912s] TEXT: '.....'
[  685.912s] TEXT: '.....'
[  685.912s] FRAME (len=12): 0C 00 11 00 00 00 00 00 01 00 61 76
[  685.912s] FRAME (len=12): 0C 00 11 00 0B 00 00 00 01 00 C3 B5
[  691.919s] TEXT: '...;.'
[  691.919s] TEXT: '.....'
[  691.919s] FRAME (len=56): 38 00 11 00 01 00 00 00 01 00 46 81 9E E3 00 1D 00 0F 20 00 D4 0B 76 27 55 91 00 00 00 00 00 00 61 07 73 62 24 00 11 00 00 88 00 00 98 00 9F 00 09 00 00 00 ED 0E 3F B3
[  691.919s] FRAME (len=12): 0C 00 11 00 00 00 00 00 01 00 61 76
[  698.139s] TEXT: '...;.'
[  698.139s] TEXT: '.....'
[  698.139s] FRAME (len=56): 38 00 11 00 01 00 00 00 01 00 46 81 9E E3 00 1D 00 0F 20 00 D4 0B 76 27 55 91 00 00 00 00 00 00 61 07 73 62 24 00 11 00 00 88 00 00 98 00 9F 00 09 00 00 00 ED 0E 3F B3
[  698.139s] FRAME (len=12): 0C 00 11 00 00 00 00 00 01 00 61 76
[  704.359s] TEXT: '...;.'
[  704.359s] TEXT: '.....'
[  704.359s] FRAME (len=56): 38 00 11 00 01 00 00 00 01 00 46 81 9E E3 00 1D 00 0F 20 00 D4 0B 76 27 55 91 00 00 00 00 00 00 61 07 73 62 24 00 11 00 00 88 00 00 98 00 9F 00 09 00 00 00 ED 0E 3F B3
[  704.359s] FRAME (len=12): 0C 00 11 00 00 00 00 00 01 00 61 76
[  710.356s] TEXT: '...;.'
[  710.356s] FRAME (len=56): 38 00 11 00 01 00 00 00 01 00 00 12 4B 00 38 0D 16 FD 03 00 85 08 78 27 36 71 D5 FF 64 00 EE 02 00 00 00 00 00 00 0A 04 00 00 00 00 00 00 06 01 00 00 00 00 00 00 52 BD
[  710.565s] TEXT: '....TX succeeded...;.'
[  710.565s] FRAME (len=56): 38 00 11 00 01 00 00 00 01 00 46 81 9E E3 00 1D 00 0F 20 00 CE 0B 76 27 56 87 00 00 00 00 00 00 61 07 73 62 24 00 10 00 00 88 00 00 98 00 9F 00 09 00 00 00 DA 0E 1F BB
[  710.775s] TEXT: '.....'
[  710.775s] TEXT: '.....'
[  710.775s] FRAME (len=12): 0C 00 11 00 00 00 00 00 01 00 61 76
[  710.775s] FRAME (len=12): 0C 00 11 00 0B 00 00 00 01 00 C3 B5
[  716.775s] TEXT: '...;.'
[  716.775s] TEXT: '.....'
[  716.775s] FRAME (len=56): 38 00 11 00 01 00 00 00 01 00 46 81 9E E3 00 1D 00 0F 20 00 CE 0B 76 27 56 87 00 00 00 00 00 00 61 07 73 62 24 00 10 00 00 88 00 00 98 00 9F 00 09 00 00 00 DA 0E 1F BB
[  716.775s] FRAME (len=12): 0C 00 11 00 00 00 00 00 01 00 61 76
[  723.006s] TEXT: '...;.'
[  723.006s] TEXT: '.....'
[  723.006s] FRAME (len=56): 38 00 11 00 01 00 00 00 01 00 46 81 9E E3 00 1D 00 0F 20 00 CE 0B 76 27 56 87 00 00 00 00 00 00 61 07 73 62 24 00 10 00 00 88 00 00 98 00 9F 00 09 00 00 00 DA 0E 1F BB
[  723.006s] FRAME (len=12): 0C 00 11 00 00 00 00 00 01 00 61 76
[  729.248s] TEXT: '...;.'
[  729.248s] TEXT: '.....'
[  729.248s] FRAME (len=56): 38 00 11 00 01 00 00 00 01 00 46 81 9E E3 00 1D 00 0F 20 00 CE 0B 76 27 56 87 00 00 00 00 00 00 61 07 73 62 24 00 10 00 00 88 00 00 98 00 9F 00 09 00 00 00 DA 0E 1F BB
[  729.248s] FRAME (len=12): 0C 00 11 00 00 00 00 00 01 00 61 76
[  735.460s] TEXT: '...;.'
[  735.460s] TEXT: '.....'
[  735.460s] TEXT: '.....'
[  735.460s] FRAME (len=56): 38 00 11 00 01 00 00 00 01 00 46 81 9E E3 00 1D 00 0F 20 00 CA 0B 76 27 54 9D 00 00 00 00 00 00 61 07 73 62 24 00 12 00 00 88 00 00 98 00 9F 00 09 00 00 00 ED 0E 29 DC
[  735.460s] FRAME (len=12): 0C 00 11 00 00 00 00 00 01 00 61 76
[  735.460s] FRAME (len=12): 0C 00 11 00 0B 00 00 00 01 00 C3 B5
[  735.871s] TEXT: '...;.'
[  735.871s] FRAME (len=25): 38 00 11 00 01 00 00 00 01 00 00 12 4B 00 38 0D 16 FD 03 00 87 08 78 27 34
[  741.681s] TEXT: '..d.........\n...............+.}....TX succeeded...;.'
[  741.681s] TEXT: '.....'
[  741.681s] FRAME (len=56): 38 00 11 00 01 00 00 00 01 00 46 81 9E E3 00 1D 00 0F 20 00 CA 0B 76 27 54 9D 00 00 00 00 00 00 61 07 73 62 24 00 12 00 00 88 00 00 98 00 9F 00 09 00 00 00 ED 0E 29 DC
[  741.681s] FRAME (len=12): 0C 00 11 00 00 00 00 00 01 00 61 76
[  747.890s] TEXT: '...;.'
[  747.890s] TEXT: '.....'
[  747.890s] FRAME (len=56): 38 00 11 00 01 00 00 00 01 00 46 81 9E E3 00 1D 00 0F 20 00 CA 0B 76 27 54 9D 00 00 00 00 00 00 61 07 73 62 24 00 12 00 00 88 00 00 98 00 9F 00 09 00 00 00 ED 0E 29 DC
[  747.890s] FRAME (len=12): 0C 00 11 00 00 00 00 00 01 00 61 76
[  754.110s] TEXT: '...;.'
[  754.110s] TEXT: '.....'
[  754.110s] FRAME (len=56): 38 00 11 00 01 00 00 00 01 00 46 81 9E E3 00 1D 00 0F 20 00 CA 0B 76 27 54 9D 00 00 00 00 00 00 61 07 73 62 24 00 12 00 00 88 00 00 98 00 9F 00 09 00 00 00 ED 0E 29 DC
[  754.110s] FRAME (len=12): 0C 00 11 00 00 00 00 00 01 00 61 76
[  760.515s] TEXT: '...;.'
[  760.515s] TEXT: '.....'
[  760.515s] TEXT: '.....'
[  760.515s] FRAME (len=56): 38 00 11 00 01 00 00 00 01 00 46 81 9E E3 00 1D 00 0F 20 00 C9 0B 76 27 56 A5 00 00 00 00 00 00 61 07 73 62 24 00 11 00 00 88 00 00 98 00 9F 00 09 00 00 00 ED 0E 73 75
[  760.515s] FRAME (len=12): 0C 00 11 00 00 00 00 00 01 00 61 76
[  760.515s] FRAME (len=12): 0C 00 11 00 0B 00 00 00 01 00 C3 B5
[  761.544s] TEXT: '...;.'
[  761.544s] FRAME (len=56): 38 00 11 00 01 00 00 00 01 00 00 12 4B 00 38 0D 16 FD 03 00 8A 08 78 27 36 09 D5 FF 64 00 EE 02 00 00 00 00 00 00 0A 04 00 00 00 00 00 00 06 01 00 00 00 00 00 00 5E D1
[  766.536s] TEXT: '....TX succeeded...;.'
[  766.536s] TEXT: '.....'
[  766.536s] FRAME (len=56): 38 00 11 00 01 00 00 00 01 00 46 81 9E E3 00 1D 00 0F 20 00 C9 0B 76 27 56 A5 00 00 00 00 00 00 61 07 73 62 24 00 11 00 00 88 00 00 98 00 9F 00 09 00 00 00 ED 0E 73 75
[  766.536s] FRAME (len=12): 0C 00 11 00 00 00 00 00 01 00 61 76
[  772.762s] TEXT: '...;.'
[  772.762s] TEXT: '.....'
[  772.762s] FRAME (len=56): 38 00 11 00 01 00 00 00 01 00 46 81 9E E3 00 1D 00 0F 20 00 C9 0B 76 27 56 A5 00 00 00 00 00 00 61 07 73 62 24 00 11 00 00 88 00 00 98 00 9F 00 09 00 00 00 ED 0E 73 75
[  772.762s] FRAME (len=12): 0C 00 11 00 00 00 00 00 01 00 61 76
[  779.008s] TEXT: '...;.'
[  779.008s] TEXT: '.....'
[  779.008s] FRAME (len=56): 38 00 11 00 01 00 00 00 01 00 46 81 9E E3 00 1D 00 0F 20 00 C9 0B 76 27 56 A5 00 00 00 00 00 00 61 07 73 62 24 00 11 00 00 88 00 00 98 00 9F 00 09 00 00 00 ED 0E 73 75
[  779.008s] FRAME (len=12): 0C 00 11 00 00 00 00 00 01 00 61 76
[  785.242s] TEXT: '...;.'
[  785.242s] TEXT: '.....'
[  785.242s] TEXT: '.....'
[  785.242s] FRAME (len=56): 38 00 11 00 01 00 00 00 01 00 46 81 9E E3 00 1D 00 0F 20 00 C6 0B 76 27 55 9B 00 00 00 00 00 00 61 07 73 62 24 00 12 00 00 88 00 00 98 00 9F 00 09 00 00 00 ED 0E 5A 26
[  785.242s] FRAME (len=12): 0C 00 11 00 00 00 00 00 01 00 61 76
[  785.242s] FRAME (len=12): 0C 00 11 00 0B 00 00 00 01 00 C3 B5
[  787.297s] TEXT: '...;.'
[  787.297s] FRAME (len=56): 38 00 11 00 01 00 00 00 01 00 00 12 4B 00 38 0D 16 FD 03 00 8C 08 78 27 34 11 D5 FF 64 00 EE 02 00 00 00 00 00 00 0A 04 00 00 00 00 00 00 06 01 00 00 00 00 00 00 85 B3
[  791.232s] TEXT: '....TX succeeded...;.'
[  791.232s] FRAME (len=56): 38 00 11 00 01 00 00 00 01 00 46 81 9E E3 00 1D 00 0F 20 00 C6 0B 76 27 55 9B 00 00 00 00 00 00 61 07 73 62 24 00 12 00 00 88 00 00 98 00 9F 00 09 00 00 00 ED 0E 5A 26
[  791.442s] TEXT: '.....'
[  791.442s] FRAME (len=12): 0C 00 11 00 00 00 00 00 01 00 61 76
[  797.442s] TEXT: '...;.'
[  797.442s] TEXT: '.....'
[  797.442s] FRAME (len=56): 38 00 11 00 01 00 00 00 01 00 46 81 9E E3 00 1D 00 0F 20 00 C6 0B 76 27 55 9B 00 00 00 00 00 00 61 07 73 62 24 00 12 00 00 88 00 00 98 00 9F 00 09 00 00 00 ED 0E 5A 26
[  797.442s] FRAME (len=12): 0C 00 11 00 00 00 00 00 01 00 61 76
[  803.847s] TEXT: '...;.'
[  803.847s] TEXT: '.....'
[  803.847s] FRAME (len=56): 38 00 11 00 01 00 00 00 01 00 46 81 9E E3 00 1D 00 0F 20 00 C6 0B 76 27 55 9B 00 00 00 00 00 00 61 07 73 62 24 00 12 00 00 88 00 00 98 00 9F 00 09 00 00 00 ED 0E 5A 26
[  803.847s] FRAME (len=12): 0C 00 11 00 00 00 00 00 01 00 61 76
[  810.059s] TEXT: '...;.'
[  810.059s] TEXT: '.....'
[  810.059s] TEXT: '.....'
[  810.059s] FRAME (len=56): 38 00 11 00 01 00 00 00 01 00 46 81 9E E3 00 1D 00 0F 20 00 C1 0B 76 27 56 A7 00 00 00 00 00 00 61 07 73 62 24 00 10 00 00 88 00 00 98 00 9F 00 09 00 00 00 13 0F F9 AD
[  810.059s] FRAME (len=12): 0C 00 11 00 00 00 00 00 01 00 61 76
[  810.059s] FRAME (len=12): 0C 00 11 00 0B 00 00 00 01 00 C3 B5
[  812.938s] TEXT: '...;.'
[  812.938s] FRAME (len=56): 38 00 11 00 01 00 00 00 01 00 00 12 4B 00 38 0D 16 FD 03 00 8D 08 78 27 34 6D D5 FF 64 00 EE 02 00 00 00 00 00 00 0A 04 00 00 00 00 00 00 06 01 00 00 00 00 00 00 63 F5
[  816.237s] TEXT: '....TX failed: 0xc....TX failed: 0xc...;.'
[  816.237s] TEXT: '.....'
[  816.237s] FRAME (len=56): 38 00 11 00 01 00 00 00 01 00 46 81 9E E3 00 1D 00 0F 20 00 C1 0B 76 27 56 A7 00 00 00 00 00 00 61 07 73 62 24 00 10 00 00 88 00 00 98 00 9F 00 09 00 00 00 13 0F F9 AD
[  816.237s] FRAME (len=12): 0C 00 11 00 00 00 00 00 01 00 61 76
[  822.440s] TEXT: '...;.'
[  822.440s] TEXT: '.....'
[  822.440s] FRAME (len=56): 38 00 11 00 01 00 00 00 01 00 46 81 9E E3 00 1D 00 0F 20 00 C1 0B 76 27 56 A7 00 00 00 00 00 00 61 07 73 62 24 00 10 00 00 88 00 00 98 00 9F 00 09 00 00 00 13 0F F9 AD
[  822.440s] FRAME (len=12): 0C 00 11 00 00 00 00 00 01 00 61 76
[  828.664s] TEXT: '...;.'
[  828.664s] TEXT: '.....'
[  828.664s] FRAME (len=56): 38 00 11 00 01 00 00 00 01 00 46 81 9E E3 00 1D 00 0F 20 00 C1 0B 76 27 56 A7 00 00 00 00 00 00 61 07 73 62 24 00 10 00 00 88 00 00 98 00 9F 00 09 00 00 00 13 0F F9 AD
[  828.664s] FRAME (len=12): 0C 00 11 00 00 00 00 00 01 00 61 76
[  835.078s] TEXT: '...;.'
[  835.078s] TEXT: '.....'
[  835.078s] TEXT: '.....'
[  835.078s] FRAME (len=56): 38 00 11 00 01 00 00 00 01 00 46 81 9E E3 00 1D 00 0F 20 00 C7 0B 76 27 56 8F 00 00 00 00 00 00 61 07 73 62 24 00 12 00 00 88 00 00 98 00 9F 00 09 00 00 00 ED 0E 2A AD
[  835.078s] FRAME (len=12): 0C 00 11 00 00 00 00 00 01 00 61 76
[  835.078s] FRAME (len=12): 0C 00 11 00 0B 00 00 00 01 00 C3 B5
[  839.636s] TEXT: '...;.'
[  839.636s] FRAME (len=25): 38 00 11 00 01 00 00 00 01 00 00 12 4B 00 38 0D 16 FD 03 00 90 08 78 27 34
[  841.067s] TEXT: '..d.........\n................4}....TX succeeded...;.'
[  841.067s] TEXT: '.....'
[  841.067s] FRAME (len=56): 38 00 11 00 01 00 00 00 01 00 46 81 9E E3 00 1D 00 0F 20 00 C7 0B 76 27 56 8F 00 00 00 00 00 00 61 07 73 62 24 00 12 00 00 88 00 00 98 00 9F 00 09 00 00 00 ED 0E 2A AD
[  841.067s] FRAME (len=12): 0C 00 11 00 00 00 00 00 01 00 61 76
[  847.280s] TEXT: '...;.'
[  847.280s] TEXT: '.....'
[  847.280s] FRAME (len=56): 38 00 11 00 01 00 00 00 01 00 46 81 9E E3 00 1D 00 0F 20 00 C7 0B 76 27 56 8F 00 00 00 00 00 00 61 07 73 62 24 00 12 00 00 88 00 00 98 00 9F 00 09 00 00 00 ED 0E 2A AD
[  847.280s] FRAME (len=12): 0C 00 11 00 00 00 00 00 01 00 61 76
[  853.527s] TEXT: '...;.'
[  853.527s] TEXT: '.....'
[  853.527s] FRAME (len=56): 38 00 11 00 01 00 00 00 01 00 46 81 9E E3 00 1D 00 0F 20 00 C7 0B 76 27 56 8F 00 00 00 00 00 00 61 07 73 62 24 00 12 00 00 88 00 00 98 00 9F 00 09 00 00 00 ED 0E 2A AD
[  853.527s] FRAME (len=12): 0C 00 11 00 00 00 00 00 01 00 61 76
[  859.943s] TEXT: '...;.'
[  859.943s] TEXT: '.....'
[  859.943s] TEXT: '.....'
[  859.943s] FRAME (len=56): 38 00 11 00 01 00 00 00 01 00 46 81 9E E3 00 1D 00 0F 20 00 CB 0B 76 27 56 A3 00 00 00 00 00 00 61 07 73 62 24 00 11 00 00 88 00 00 98 00 9F 00 09 00 00 00 ED 0E 0E 5F
[  859.943s] FRAME (len=12): 0C 00 11 00 00 00 00 00 01 00 61 76
[  859.943s] FRAME (len=12): 0C 00 11 00 0B 00 00 00 01 00 C3 B5
[  865.312s] TEXT: '...;.'
[  865.312s] FRAME (len=56): 38 00 11 00 01 00 00 00 01 00 00 12 4B 00 38 0D 16 FD 03 00 92 08 78 27 34 01 D5 FF 64 00 EE 02 00 00 00 00 00 00 0A 04 00 00 00 00 00 00 06 01 00 00 00 00 00 00 62 C6
[  865.934s] TEXT: '....TX succeeded...;.'
[  865.934s] TEXT: '.....'
[  865.934s] FRAME (len=56): 38 00 11 00 01 00 00 00 01 00 46 81 9E E3 00 1D 00 0F 20 00 CB 0B 76 27 56 A3 00 00 00 00 00 00 61 07 73 62 24 00 11 00 00 88 00 00 98 00 9F 00 09 00 00 00 ED 0E 0E 5F
[  865.934s] FRAME (len=12): 0C 00 11 00 00 00 00 00 01 00 61 76
[  872.134s] TEXT: '...;.'
[  872.134s] TEXT: '.....'
[  872.134s] FRAME (len=56): 38 00 11 00 01 00 00 00 01 00 46 81 9E E3 00 1D 00 0F 20 00 CB 0B 76 27 56 A3 00 00 00 00 00 00 61 07 73 62 24 00 11 00 00 88 00 00 98 00 9F 00 09 00 00 00 ED 0E 0E 5F
[  872.134s] FRAME (len=12): 0C 00 11 00 00 00 00 00 01 00 61 76
[  878.339s] TEXT: '...;.'
[  878.339s] TEXT: '.....'
[  878.339s] FRAME (len=56): 38 00 11 00 01 00 00 00 01 00 46 81 9E E3 00 1D 00 0F 20 00 CB 0B 76 27 56 A3 00 00 00 00 00 00 61 07 73 62 24 00 11 00 00 88 00 00 98 00 9F 00 09 00 00 00 ED 0E 0E 5F
[  878.339s] FRAME (len=12): 0C 00 11 00 00 00 00 00 01 00 61 76
[  884.756s] TEXT: '...;.'
[  884.756s] TEXT: '.....'
[  884.756s] TEXT: '.....'
[  884.756s] FRAME (len=56): 38 00 11 00 01 00 00 00 01 00 46 81 9E E3 00 1D 00 0F 20 00 C3 0B 76 27 55 A7 00 00 00 00 00 00 61 07 73 62 24 00 12 00 00 88 00 00 98 00 9F 00 09 00 00 00 DA 0E 37 62
[  884.756s] FRAME (len=12): 0C 00 11 00 00 00 00 00 01 00 61 76
[  884.756s] FRAME (len=12): 0C 00 11 00 0B 00 00 00 01 00 C3 B5
[  890.764s] TEXT: '...;.'
[  890.764s] TEXT: '.....'
[  890.764s] FRAME (len=56): 38 00 11 00 01 00 00 00 01 00 46 81 9E E3 00 1D 00 0F 20 00 C3 0B 76 27 55 A7 00 00 00 00 00 00 61 07 73 62 24 00 12 00 00 88 00 00 98 00 9F 00 09 00 00 00 DA 0E 37 62
[  890.764s] FRAME (len=12): 0C 00 11 00 00 00 00 00 01 00 61 76
[  890.975s] TEXT: '...;.'
[  890.975s] FRAME (len=56): 38 00 11 00 01 00 00 00 01 00 00 12 4B 00 38 0D 16 FD 03 00 94 08 78 27 36 5D D5 FF 64 00 EE 02 00 00 00 00 00 00 0A 04 00 00 00 00 00 00 06 01 00 00 00 00 00 00 1D 99
[  896.986s] TEXT: '....TX succeeded...;.'
[  896.986s] TEXT: '.....'
[  896.986s] FRAME (len=56): 38 00 11 00 01 00 00 00 01 00 46 81 9E E3 00 1D 00 0F 20 00 C3 0B 76 27 55 A7 00 00 00 00 00 00 61 07 73 62 24 00 12 00 00 88 00 00 98 00 9F 00 09 00 00 00 DA 0E 37 62
[  896.986s] FRAME (len=12): 0C 00 11 00 00 00 00 00 01 00 61 76
[  903.191s] TEXT: '...;.'
[  903.191s] TEXT: '.....'
[  903.191s] FRAME (len=56): 38 00 11 00 01 00 00 00 01 00 46 81 9E E3 00 1D 00 0F 20 00 C3 0B 76 27 55 A7 00 00 00 00 00 00 61 07 73 62 24 00 12 00 00 88 00 00 98 00 9F 00 09 00 00 00 DA 0E 37 62
[  903.191s] FRAME (len=12): 0C 00 11 00 00 00 00 00 01 00 61 76
[  909.596s] TEXT: '...;.'
[  909.596s] TEXT: '.....'
[  909.596s] TEXT: '.....'
[  909.596s] FRAME (len=56): 38 00 11 00 01 00 00 00 01 00 46 81 9E E3 00 1D 00 0F 20 00 CA 0B 76 27 55 BD 00 00 00 00 00 00 61 07 73 62 24 00 10 00 00 88 00 00 98 00 9F 00 09 00 00 00 DA 0E 62 E6
[  909.596s] FRAME (len=12): 0C 00 11 00 00 00 00 00 01 00 61 76
[  909.596s] FRAME (len=12): 0C 00 11 00 0B 00 00 00 01 00 C3 B5
[  915.588s] TEXT: '...;.'
[  915.794s] TEXT: '.....'
[  915.794s] FRAME (len=56): 38 00 11 00 01 00 00 00 01 00 46 81 9E E3 00 1D 00 0F 20 00 CA 0B 76 27 55 BD 00 00 00 00 00 00 61 07 73 62 24 00 10 00 00 88 00 00 98 00 9F 00 09 00 00 00 DA 0E 62 E6
[  915.794s] FRAME (len=12): 0C 00 11 00 00 00 00 00 01 00 61 76
[  916.627s] TEXT: '...;.'
[  916.627s] FRAME (len=56): 38 00 11 00 01 00 00 00 01 00 00 12 4B 00 38 0D 16 FD 03 00 97 08 78 27 34 19 D5 FF 64 00 EE 02 00 00 00 00 00 00 0A 04 00 00 00 00 00 00 06 01 00 00 00 00 00 00 C9 02
[  921.802s] TEXT: '....TX succeeded...;.'
[  921.802s] FRAME (len=56): 38 00 11 00 01 00 00 00 01 00 46 81 9E E3 00 1D 00 0F 20 00 CA 0B 76 27 55 BD 00 00 00 00 00 00 61 07 73 62 24 00 10 00 00 88 00 00 98 00 9F 00 09 00 00 00 DA 0E 62 E6
[  922.013s] TEXT: '.....'
[  922.013s] FRAME (len=12): 0C 00 11 00 00 00 00 00 01 00 61 76
[  928.012s] TEXT: '...;.'
[  928.012s] TEXT: '.....'
[  928.012s] FRAME (len=56): 38 00 11 00 01 00 00 00 01 00 46 81 9E E3 00 1D 00 0F 20 00 CA 0B 76 27 55 BD 00 00 00 00 00 00 61 07 73 62 24 00 10 00 00 88 00 00 98 00 9F 00 09 00 00 00 DA 0E 62 E6
[  928.012s] FRAME (len=12): 0C 00 11 00 00 00 00 00 01 00 61 76
[  934.444s] TEXT: '...;.'
[  934.444s] TEXT: '.....'
[  934.444s] TEXT: '.....'
[  934.444s] FRAME (len=56): 38 00 11 00 01 00 00 00 01 00 46 81 9E E3 00 1D 00 0F 20 00 D2 0B 76 27 56 97 00 00 00 00 00 00 61 07 73 62 24 00 12 00 00 88 00 00 98 00 9F 00 09 00 00 00 ED 0E F8 3A
[  934.444s] FRAME (len=12): 0C 00 11 00 00 00 00 00 01 00 61 76
[  934.444s] FRAME (len=12): 0C 00 11 00 0B 00 00 00 01 00 C3 B5
[  940.644s] TEXT: '...;.'
[  940.644s] TEXT: '.....'
[  940.644s] FRAME (len=56): 38 00 11 00 01 00 00 00 01 00 46 81 9E E3 00 1D 00 0F 20 00 D2 0B 76 27 56 97 00 00 00 00 00 00 61 07 73 62 24 00 12 00 00 88 00 00 98 00 9F 00 09 00 00 00 ED 0E F8 3A
[  940.644s] FRAME (len=12): 0C 00 11 00 00 00 00 00 01 00 61 76
[  942.288s] TEXT: '...;.'
[  942.288s] FRAME (len=56): 38 00 11 00 01 00 00 00 01 00 00 12 4B 00 38 0D 16 FD 03 00 98 08 78 27 36 79 D5 FF 64 00 EE 02 00 00 00 00 00 00 0A 04 00 00 00 00 00 00 06 01 00 00 00 00 00 00 A3 74
[  946.641s] TEXT: '....TX succeeded...;.'
[  946.641s] FRAME (len=56): 38 00 11 00 01 00 00 00 01 00 46 81 9E E3 00 1D 00 0F 20 00 D2 0B 76 27 56 97 00 00 00 00 00 00 61 07 73 62 24 00 12 00 00 88 00 00 98 00 9F 00 09 00 00 00 ED 0E F8 3A
[  946.845s] TEXT: '.....'
[  946.845s] FRAME (len=12): 0C 00 11 00 00 00 00 00 01 00 61 76
[  952.836s] TEXT: '...;.'
[  953.046s] TEXT: '.....'
[  953.046s] FRAME (len=56): 38 00 11 00 01 00 00 00 01 00 46 81 9E E3 00 1D 00 0F 20 00 D2 0B 76 27 56 97 00 00 00 00 00 00 61 07 73 62 24 00 12 00 00 88 00 00 98 00 9F 00 09 00 00 00 ED 0E F8 3A
[  953.046s] FRAME (len=12): 0C 00 11 00 00 00 00 00 01 00 61 76
[  959.277s] TEXT: '...;.'
[  959.277s] TEXT: '.....'
[  959.277s] TEXT: '.....'
[  959.277s] FRAME (len=56): 38 00 11 00 01 00 00 00 01 00 46 81 9E E3 00 1D 00 0F 20 00 CF 0B 76 27 56 A7 00 00 00 00 00 00 61 07 73 62 24 00 10 00 00 88 00 00 98 00 9F 00 09 00 00 00 DA 0E 05 C8
[  959.277s] FRAME (len=12): 0C 00 11 00 00 00 00 00 01 00 61 76
[  959.277s] FRAME (len=12): 0C 00 11 00 0B 00 00 00 01 00 C3 B5
[  965.473s] TEXT: '...;.'
[  965.473s] TEXT: '.....'
[  965.473s] FRAME (len=56): 38 00 11 00 01 00 00 00 01 00 46 81 9E E3 00 1D 00 0F 20 00 CF 0B 76 27 56 A7 00 00 00 00 00 00 61 07 73 62 24 00 10 00 00 88 00 00 98 00 9F 00 09 00 00 00 DA 0E 05 C8
[  965.473s] FRAME (len=12): 0C 00 11 00 00 00 00 00 01 00 61 76
[  969.002s] TEXT: '...;.'
[  969.002s] FRAME (len=56): 38 00 11 00 01 00 00 00 01 00 00 12 4B 00 38 0D 16 FD 03 00 9A 08 78 27 34 11 D5 FF 64 00 EE 02 00 00 00 00 00 00 0A 04 00 00 00 00 00 00 06 01 00 00 00 00 00 00 41 98
[  971.499s] TEXT: '....TX succeeded...;.'
[  971.499s] FRAME (len=56): 38 00 11 00 01 00 00 00 01 00 46 81 9E E3 00 1D 00 0F 20 00 CF 0B 76 27 56 A7 00 00 00 00 00 00 61 07 73 62 24 00 10 00 00 88 00 00 98 00 9F 00 09 00 00 00 DA 0E 05 C8
[  971.710s] TEXT: '.....'
[  971.710s] FRAME (len=12): 0C 00 11 00 00 00 00 00 01 00 61 76
[  977.707s] TEXT: '...;.'
[  977.707s] FRAME (len=56): 38 00 11 00 01 00 00 00 01 00 46 81 9E E3 00 1D 00 0F 20 00 CF 0B 76 27 56 A7 00 00 00 00 00 00 61 07 73 62 24 00 10 00 00 88 00 00 98 00 9F 00 09 00 00 00 DA 0E 05 C8
[  977.917s] TEXT: '.....'
[  977.917s] FRAME (len=12): 0C 00 11 00 00 00 00 00 01 00 61 76
[  984.103s] TEXT: '...;.'
[  984.314s] TEXT: '.....'
[  984.314s] TEXT: '.....'
[  984.314s] FRAME (len=56): 38 00 11 00 01 00 00 00 01 00 46 81 9E E3 00 1D 00 0F 20 00 D1 0B 76 27 56 A3 00 00 00 00 00 00 61 07 73 62 24 00 12 00 00 88 00 00 98 00 9F 00 09 00 00 00 DA 0E FF F1
[  984.314s] FRAME (len=12): 0C 00 11 00 00 00 00 00 01 00 61 76
[  984.314s] FRAME (len=12): 0C 00 11 00 0B 00 00 00 01 00 C3 B5
[  990.319s] TEXT: '...;.'
[  990.319s] TEXT: '.....'
[  990.319s] FRAME (len=56): 38 00 11 00 01 00 00 00 01 00 46 81 9E E3 00 1D 00 0F 20 00 D1 0B 76 27 56 A3 00 00 00 00 00 00 61 07 73 62 24 00 12 00 00 88 00 00 98 00 9F 00 09 00 00 00 DA 0E FF F1
[  990.319s] FRAME (len=12): 0C 00 11 00 00 00 00 00 01 00 61 76
[  994.627s] TEXT: '...;.'
[  994.627s] FRAME (len=56): 38 00 11 00 01 00 00 00 01 00 00 12 4B 00 38 0D 16 FD 03 00 9C 08 78 27 34 69 D5 FF 64 00 EE 02 00 00 00 00 00 00 0A 04 00 00 00 00 00 00 06 01 00 00 00 00 00 00 C4 C9
[  996.494s] TEXT: '....TX succeeded...;.'
[  996.494s] TEXT: '.....'
[  996.494s] FRAME (len=56): 38 00 11 00 01 00 00 00 01 00 46 81 9E E3 00 1D 00 0F 20 00 D1 0B 76 27 56 A3 00 00 00 00 00 00 61 07 73 62 24 00 12 00 00 88 00 00 98 00 9F 00 09 00 00 00 DA 0E FF F1
[  996.494s] FRAME (len=12): 0C 00 11 00 00 00 00 00 01 00 61 76
[ 1002.711s] TEXT: '...;.'
[ 1002.711s] TEXT: '.....'
[ 1002.711s] FRAME (len=56): 38 00 11 00 01 00 00 00 01 00 46 81 9E E3 00 1D 00 0F 20 00 D1 0B 76 27 56 A3 00 00 00 00 00 00 61 07 73 62 24 00 12 00 00 88 00 00 98 00 9F 00 09 00 00 00 DA 0E FF F1
[ 1002.711s] FRAME (len=12): 0C 00 11 00 00 00 00 00 01 00 61 76
[ 1009.135s] TEXT: '...;.'
[ 1009.135s] TEXT: '.....'
[ 1009.135s] TEXT: '.....'
[ 1009.135s] FRAME (len=56): 38 00 11 00 01 00 00 00 01 00 46 81 9E E3 00 1D 00 0F 20 00 CE 0B 76 27 56 95 00 00 00 00 00 00 61 07 73 62 24 00 12 00 00 88 00 00 98 00 9F 00 09 00 00 00 ED 0E 16 69
[ 1009.135s] FRAME (len=12): 0C 00 11 00 00 00 00 00 01 00 61 76
[ 1009.135s] FRAME (len=12): 0C 00 11 00 0B 00 00 00 01 00 C3 B5
[ 1015.124s] TEXT: '...;.'
[ 1015.124s] TEXT: '.....'
[ 1015.124s] FRAME (len=56): 38 00 11 00 01 00 00 00 01 00 46 81 9E E3 00 1D 00 0F 20 00 CE 0B 76 27 56 95 00 00 00 00 00 00 61 07 73 62 24 00 12 00 00 88 00 00 98 00 9F 00 09 00 00 00 ED 0E 16 69
[ 1015.124s] FRAME (len=12): 0C 00 11 00 00 00 00 00 01 00 61 76
[ 1020.287s] TEXT: '...;.'
[ 1020.287s] FRAME (len=56): 38 00 11 00 01 00 00 00 01 00 00 12 4B 00 38 0D 16 FD 03 00 9D 08 78 27 34 31 D5 FF 64 00 EE 02 00 00 00 00 00 00 0A 04 00 00 00 00 00 00 06 01 00 00 00 00 00 00 E6 93
[ 1021.317s] TEXT: '....TX succeeded...;.'
[ 1021.317s] TEXT: '.....'
[ 1021.317s] FRAME (len=56): 38 00 11 00 01 00 00 00 01 00 46 81 9E E3 00 1D 00 0F 20 00 CE 0B 76 27 56 95 00 00 00 00 00 00 61 07 73 62 24 00 12 00 00 88 00 00 98 00 9F 00 09 00 00 00 ED 0E 16 69
[ 1021.317s] FRAME (len=12): 0C 00 11 00 00 00 00 00 01 00 61 76
[ 1027.519s] TEXT: '...;.'
[ 1027.519s] TEXT: '.....'
[ 1027.519s] FRAME (len=56): 38 00 11 00 01 00 00 00 01 00 46 81 9E E3 00 1D 00 0F 20 00 CE 0B 76 27 56 95 00 00 00 00 00 00 61 07 73 62 24 00 12 00 00 88 00 00 98 00 9F 00 09 00 00 00 ED 0E 16 69
[ 1027.519s] FRAME (len=12): 0C 00 11 00 00 00 00 00 01 00 61 76
[ 1033.930s] TEXT: '...;.'
[ 1033.930s] TEXT: '.....'
[ 1033.930s] TEXT: '.....'
[ 1033.930s] FRAME (len=56): 38 00 11 00 01 00 00 00 01 00 46 81 9E E3 00 1D 00 0F 20 00 D1 0B 75 27 56 CD 00 00 00 00 00 00 61 07 73 62 24 00 11 00 00 88 00 00 98 00 9F 00 09 00 00 00 DA 0E D9 26
[ 1033.930s] FRAME (len=12): 0C 00 11 00 00 00 00 00 01 00 61 76
[ 1033.930s] FRAME (len=12): 0C 00 11 00 0B 00 00 00 01 00 C3 B5
[ 1039.959s] TEXT: '...;.'
[ 1039.959s] TEXT: '.....'
[ 1039.959s] FRAME (len=56): 38 00 11 00 01 00 00 00 01 00 46 81 9E E3 00 1D 00 0F 20 00 D1 0B 75 27 56 CD 00 00 00 00 00 00 61 07 73 62 24 00 11 00 00 88 00 00 98 00 9F 00 09 00 00 00 DA 0E D9 26
[ 1039.959s] FRAME (len=12): 0C 00 11 00 00 00 00 00 01 00 61 76
[ 1045.978s] TEXT: '...;.'
[ 1045.978s] FRAME (len=56): 38 00 11 00 01 00 00 00 01 00 00 12 4B 00 38 0D 16 FD 03 00 9F 08 78 27 36 61 D5 FF 64 00 EE 02 00 00 00 00 00 00 0A 04 00 00 00 00 00 00 06 01 00 00 00 00 00 00 63 98
[ 1046.185s] TEXT: '....TX succeeded...;.'
[ 1046.185s] TEXT: '.....'
[ 1046.185s] FRAME (len=56): 38 00 11 00 01 00 00 00 01 00 46 81 9E E3 00 1D 00 0F 20 00 D1 0B 75 27 56 CD 00 00 00 00 00 00 61 07 73 62 24 00 11 00 00 88 00 00 98 00 9F 00 09 00 00 00 DA 0E D9 26
[ 1046.185s] FRAME (len=12): 0C 00 11 00 00 00 00 00 01 00 61 76
[ 1052.419s] TEXT: '...;.'
[ 1052.419s] TEXT: '.....'
[ 1052.419s] FRAME (len=56): 38 00 11 00 01 00 00 00 01 00 46 81 9E E3 00 1D 00 0F 20 00 D1 0B 75 27 56 CD 00 00 00 00 00 00 61 07 73 62 24 00 11 00 00 88 00 00 98 00 9F 00 09 00 00 00 DA 0E D9 26
[ 1052.419s] FRAME (len=12): 0C 00 11 00 00 00 00 00 01 00 61 76
[ 1058.847s] TEXT: '...;.'
[ 1058.847s] TEXT: '.....'
[ 1058.847s] TEXT: '.....'
[ 1058.847s] FRAME (len=56): 38 00 11 00 01 00 00 00 01 00 46 81 9E E3 00 1D 00 0F 20 00 CD 0B 76 27 55 8D 00 00 00 00 00 00 61 07 73 62 24 00 11 00 00 88 00 00 98 00 9F 00 09 00 00 00 ED 0E 6C 26
[ 1058.847s] FRAME (len=12): 0C 00 11 00 00 00 00 00 01 00 61 76
[ 1058.847s] FRAME (len=12): 0C 00 11 00 0B 00 00 00 01 00 C3 B5
[ 1064.863s] TEXT: '...;.'
[ 1064.863s] TEXT: '.....'
[ 1064.863s] FRAME (len=56): 38 00 11 00 01 00 00 00 01 00 46 81 9E E3 00 1D 00 0F 20 00 CD 0B 76 27 55 8D 00 00 00 00 00 00 61 07 73 62 24 00 11 00 00 88 00 00 98 00 9F 00 09 00 00 00 ED 0E 6C 26
[ 1064.863s] FRAME (len=12): 0C 00 11 00 00 00 00 00 01 00 61 76
[ 1071.080s] TEXT: '...;.'
[ 1071.080s] TEXT: '.....'
[ 1071.080s] FRAME (len=56): 38 00 11 00 01 00 00 00 01 00 46 81 9E E3 00 1D 00 0F 20 00 CD 0B 76 27 55 8D 00 00 00 00 00 00 61 07 73 62 24 00 11 00 00 88 00 00 98 00 9F 00 09 00 00 00 ED 0E 6C 26
[ 1071.080s] FRAME (len=12): 0C 00 11 00 00 00 00 00 01 00 61 76
[ 1071.704s] TEXT: '...;.'
[ 1071.704s] FRAME (len=56): 38 00 11 00 01 00 00 00 01 00 00 12 4B 00 38 0D 16 FD 03 00 A1 08 78 27 34 59 D5 FF 64 00 EE 02 00 00 00 00 00 00 0A 04 00 00 00 00 00 00 06 01 00 00 00 00 00 00 A0 41
[ 1077.293s] TEXT: '....TX succeeded...;.'
[ 1077.293s] TEXT: '.....'
[ 1077.293s] FRAME (len=56): 38 00 11 00 01 00 00 00 01 00 46 81 9E E3 00 1D 00 0F 20 00 CD 0B 76 27 55 8D 00 00 00 00 00 00 61 07 73 62 24 00 11 00 00 88 00 00 98 00 9F 00 09 00 00 00 ED 0E 6C 26
[ 1077.293s] FRAME (len=12): 0C 00 11 00 00 00 00 00 01 00 61 76
[ 1083.511s] TEXT: '...;.'
[ 1083.721s] TEXT: '.....'
[ 1083.721s] TEXT: '.....'
[ 1083.721s] FRAME (len=56): 38 00 11 00 01 00 00 00 01 00 46 81 9E E3 00 1D 00 0F 20 00 CD 0B 76 27 55 89 00 00 00 00 00 00 61 07 73 62 24 00 10 00 00 88 00 00 98 00 9F 00 09 00 00 00 C7 0E 9E 94
[ 1083.721s] FRAME (len=12): 0C 00 11 00 00 00 00 00 01 00 61 76
[ 1083.721s] FRAME (len=12): 0C 00 11 00 0B 00 00 00 01 00 C3 B5
[ 1089.704s] TEXT: '...;.'
[ 1089.704s] TEXT: '.....'
[ 1089.704s] FRAME (len=56): 38 00 11 00 01 00 00 00 01 00 46 81 9E E3 00 1D 00 0F 20 00 CD 0B 76 27 55 89 00 00 00 00 00 00 61 07 73 62 24 00 10 00 00 88 00 00 98 00 9F 00 09 00 00 00 C7 0E 9E 94
[ 1089.704s] FRAME (len=12): 0C 00 11 00 00 00 00 00 01 00 61 76
[ 1095.871s] TEXT: '...;.'
[ 1095.871s] TEXT: '.....'
[ 1095.871s] FRAME (len=56): 38 00 11 00 01 00 00 00 01 00 46 81 9E E3 00 1D 00 0F 20 00 CD 0B 76 27 55 89 00 00 00 00 00 00 61 07 73 62 24 00 10 00 00 88 00 00 98 00 9F 00 09 00 00 00 C7 0E 9E 94
[ 1095.871s] FRAME (len=12): 0C 00 11 00 00 00 00 00 01 00 61 76
[ 1097.319s] TEXT: '...;.'
[ 1097.319s] FRAME (len=56): 38 00 11 00 01 00 00 00 01 00 00 12 4B 00 38 0D 16 FD 03 00 A2 08 78 27 34 35 D5 FF 64 00 EE 02 00 00 00 00 00 00 0A 04 00 00 00 00 00 00 06 01 00 00 00 00 00 00 A2 D0
[ 1102.051s] TEXT: '....TX failed: 0xc....TX failed: 0xc...;.'
[ 1102.051s] FRAME (len=56): 38 00 11 00 01 00 00 00 01 00 46 81 9E E3 00 1D 00 0F 20 00 CD 0B 76 27 55 89 00 00 00 00 00 00 61 07 73 62 24 00 10 00 00 88 00 00 98 00 9F 00 09 00 00 00 C7 0E 9E 94
[ 1102.260s] TEXT: '.....'
[ 1102.260s] FRAME (len=12): 0C 00 11 00 00 00 00 00 01 00 61 76
[ 1108.511s] TEXT: '...;.'
[ 1108.511s] TEXT: '.....'
[ 1108.511s] TEXT: '.....'
[ 1108.511s] FRAME (len=56): 38 00 11 00 01 00 00 00 01 00 46 81 9E E3 00 1D 00 0F 20 00 CB 0B 75 27 55 CB 00 00 00 00 00 00 61 07 73 62 24 00 11 00 00 88 00 00 98 00 9F 00 09 00 00 00 DA 0E 50 E5
[ 1108.511s] FRAME (len=12): 0C 00 11 00 00 00 00 00 01 00 61 76
[ 1108.511s] FRAME (len=12): 0C 00 11 00 0B 00 00 00 01 00 C3 B5
[ 1114.685s] TEXT: '...;.'
[ 1114.685s] TEXT: '.....'
[ 1114.685s] FRAME (len=56): 38 00 11 00 01 00 00 00 01 00 46 81 9E E3 00 1D 00 0F 20 00 CB 0B 75 27 55 CB 00 00 00 00 00 00 61 07 73 62 24 00 11 00 00 88 00 00 98 00 9F 00 09 00 00 00 DA 0E 50 E5
[ 1114.685s] FRAME (len=12): 0C 00 11 00 00 00 00 00 01 00 61 76
[ 1120.897s] TEXT: '...;.'
[ 1120.897s] TEXT: '.....'
[ 1120.897s] FRAME (len=56): 38 00 11 00 01 00 00 00 01 00 46 81 9E E3 00 1D 00 0F 20 00 CB 0B 75 27 55 CB 00 00 00 00 00 00 61 07 73 62 24 00 11 00 00 88 00 00 98 00 9F 00 09 00 00 00 DA 0E 50 E5
[ 1120.897s] FRAME (len=12): 0C 00 11 00 00 00 00 00 01 00 61 76
[ 1124.019s] TEXT: '...;.'
[ 1124.019s] FRAME (len=56): 38 00 11 00 01 00 00 00 01 00 00 12 4B 00 38 0D 16 FD 03 00 A4 08 78 27 36 55 D5 FF 64 00 EE 02 00 00 00 00 00 00 0A 04 00 00 00 00 00 00 06 01 00 00 00 00 00 00 41 9B
[ 1126.916s] TEXT: '....TX succeeded...;.'
[ 1126.916s] FRAME (len=56): 38 00 11 00 01 00 00 00 01 00 46 81 9E E3 00 1D 00 0F 20 00 CB 0B 75 27 55 CB 00 00 00 00 00 00 61 07 73 62 24 00 11 00 00 88 00 00 98 00 9F 00 09 00 00 00 DA 0E 50 E5
[ 1127.119s] TEXT: '.....'
[ 1127.119s] FRAME (len=12): 0C 00 11 00 00 00 00 00 01 00 61 76
[ 1133.353s] TEXT: '...;.'
[ 1133.353s] TEXT: '.....'
[ 1133.353s] TEXT: '.....'
[ 1133.353s] FRAME (len=56): 38 00 11 00 01 00 00 00 01 00 46 81 9E E3 00 1D 00 0F 20 00 CC 0B 75 27 55 BD 00 00 00 00 00 00 61 07 73 62 24 00 11 00 00 88 00 00 98 00 9F 00 09 00 00 00 ED 0E 33 41
[ 1133.353s] FRAME (len=12): 0C 00 11 00 00 00 00 00 01 00 61 76
[ 1133.353s] FRAME (len=12): 0C 00 11 00 0B 00 00 00 01 00 C3 B5
[ 1139.563s] TEXT: '...;.'
[ 1139.563s] TEXT: '.....'
[ 1139.563s] FRAME (len=56): 38 00 11 00 01 00 00 00 01 00 46 81 9E E3 00 1D 00 0F 20 00 CC 0B 75 27 55 BD 00 00 00 00 00 00 61 07 73 62 24 00 11 00 00 88 00 00 98 00 9F 00 09 00 00 00 ED 0E 33 41
[ 1139.563s] FRAME (len=12): 0C 00 11 00 00 00 00 00 01 00 61 76
[ 1145.791s] TEXT: '...;.'
[ 1145.791s] TEXT: '.....'
[ 1145.791s] FRAME (len=56): 38 00 11 00 01 00 00 00 01 00 46 81 9E E3 00 1D 00 0F 20 00 CC 0B 75 27 55 BD 00 00 00 00 00 00 61 07 73 62 24 00 11 00 00 88 00 00 98 00 9F 00 09 00 00 00 ED 0E 33 41
[ 1145.791s] FRAME (len=12): 0C 00 11 00 00 00 00 00 01 00 61 76
[ 1149.732s] TEXT: '...;.'
[ 1149.732s] FRAME (len=56): 38 00 11 00 01 00 00 00 01 00 00 12 4B 00 38 0D 16 FD 03 00 A5 08 78 27 36 59 D5 FF 64 00 EE 02 00 00 00 00 00 00 0A 04 00 00 00 00 00 00 06 01 00 00 00 00 00 00 48 03
[ 1151.796s] TEXT: '....TX succeeded...;.'
[ 1151.796s] FRAME (len=56): 38 00 11 00 01 00 00 00 01 00 46 81 9E E3 00 1D 00 0F 20 00 CC 0B 75 27 55 BD 00 00 00 00 00 00 61 07 73 62 24 00 11 00 00 88 00 00 98 00 9F 00 09 00 00 00 ED 0E 33 41
[ 1151.998s] TEXT: '.....'
[ 1151.998s] FRAME (len=12): 0C 00 11 00 00 00 00 00 01 00 61 76
[ 1158.190s] TEXT: '...;.'
[ 1158.190s] TEXT: '.....'
[ 1158.190s] TEXT: '.....'
[ 1158.190s] FRAME (len=56): 38 00 11 00 01 00 00 00 01 00 46 81 9E E3 00 1D 00 0F 20 00 CE 0B 76 27 55 85 00 00 00 00 00 00 61 07 73 62 24 00 12 00 00 88 00 00 98 00 9F 00 09 00 00 00 DA 0E BA 11
[ 1158.190s] FRAME (len=12): 0C 00 11 00 00 00 00 00 01 00 61 76
[ 1158.190s] FRAME (len=12): 0C 00 11 00 0B 00 00 00 01 00 C3 B5
[ 1164.406s] TEXT: '...;.'
[ 1164.406s] TEXT: '.....'
[ 1164.406s] FRAME (len=56): 38 00 11 00 01 00 00 00 01 00 46 81 9E E3 00 1D 00 0F 20 00 CE 0B 76 27 55 85 00 00 00 00 00 00 61 07 73 62 24 00 12 00 00 88 00 00 98 00 9F 00 09 00 00 00 DA 0E BA 11
[ 1164.406s] FRAME (len=12): 0C 00 11 00 00 00 00 00 01 00 61 76
[ 1170.598s] TEXT: '...;.'
[ 1170.598s] TEXT: '.....'
[ 1170.598s] FRAME (len=56): 38 00 11 00 01 00 00 00 01 00 46 81 9E E3 00 1D 00 0F 20 00 CE 0B 76 27 55 85 00 00 00 00 00 00 61 07 73 62 24 00 12 00 00 88 00 00 98 00 9F 00 09 00 00 00 DA 0E BA 11
[ 1170.598s] FRAME (len=12): 0C 00 11 00 00 00 00 00 01 00 61 76
[ 1175.373s] TEXT: '...;.'
[ 1175.373s] FRAME (len=56): 38 00 11 00 01 00 00 00 01 00 00 12 4B 00 38 0D 16 FD 03 00 A7 08 78 27 34 41 D5 FF 64 00 EE 02 00 00 00 00 00 00 0A 04 00 00 00 00 00 00 06 01 00 00 00 00 00 00 45 31
[ 1176.823s] TEXT: '....TX succeeded...;.'
[ 1176.823s] TEXT: '.....'
[ 1176.823s] FRAME (len=56): 38 00 11 00 01 00 00 00 01 00 46 81 9E E3 00 1D 00 0F 20 00 CE 0B 76 27 55 85 00 00 00 00 00 00 61 07 73 62 24 00 12 00 00 88 00 00 98 00 9F 00 09 00 00 00 DA 0E BA 11
[ 1176.823s] FRAME (len=12): 0C 00 11 00 00 00 00 00 01 00 61 76
[ 1183.037s] TEXT: '...;.'
[ 1183.037s] TEXT: '.....'
[ 1183.037s] TEXT: '.....'
[ 1183.037s] FRAME (len=56): 38 00 11 00 01 00 00 00 01 00 46 81 9E E3 00 1D 00 0F 20 00 C7 0B 75 27 55 C1 00 00 00 00 00 00 61 07 73 62 24 00 12 00 00 88 00 00 98 00 9F 00 09 00 00 00 ED 0E 5F 66
[ 1183.037s] FRAME (len=12): 0C 00 11 00 00 00 00 00 01 00 61 76
[ 1183.037s] FRAME (len=12): 0C 00 11 00 0B 00 00 00 01 00 C3 B5
[ 1189.246s] TEXT: '...;.'
[ 1189.246s] TEXT: '.....'
[ 1189.246s] FRAME (len=56): 38 00 11 00 01 00 00 00 01 00 46 81 9E E3 00 1D 00 0F 20 00 C7 0B 75 27 55 C1 00 00 00 00 00 00 61 07 73 62 24 00 12 00 00 88 00 00 98 00 9F 00 09 00 00 00 ED 0E 5F 66
[ 1189.246s] FRAME (len=12): 0C 00 11 00 00 00 00 00 01 00 61 76
[ 1195.454s] TEXT: '...;.'
[ 1195.454s] TEXT: '.....'
[ 1195.454s] FRAME (len=56): 38 00 11 00 01 00 00 00 01 00 46 81 9E E3 00 1D 00 0F 20 00 C7 0B 75 27 55 C1 00 00 00 00 00 00 61 07 73 62 24 00 12 00 00 88 00 00 98 00 9F 00 09 00 00 00 ED 0E 5F 66
[ 1195.454s] FRAME (len=12): 0C 00 11 00 00 00 00 00 01 00 61 76
[ 1201.050s] TEXT: '...;.'
[ 1201.050s] FRAME (len=56): 38 00 11 00 01 00 00 00 01 00 00 12 4B 00 38 0D 16 FD 03 00 A8 08 78 27 34 15 D5 FF 64 00 EE 02 00 00 00 00 00 00 0A 04 00 00 00 00 00 00 06 01 00 00 00 00 00 00 5A B6
[ 1201.670s] TEXT: '....TX succeeded...;.'
[ 1201.670s] TEXT: '.....'
[ 1201.670s] FRAME (len=56): 38 00 11 00 01 00 00 00 01 00 46 81 9E E3 00 1D 00 0F 20 00 C7 0B 75 27 55 C1 00 00 00 00 00 00 61 07 73 62 24 00 12 00 00 88 00 00 98 00 9F 00 09 00 00 00 ED 0E 5F 66
[ 1201.670s] FRAME (len=12): 0C 00 11 00 00 00 00 00 01 00 61 76
[ 1207.898s] TEXT: '...;.'
[ 1207.898s] TEXT: '.....'
[ 1207.898s] TEXT: '.....'
[ 1207.898s] FRAME (len=56): 38 00 11 00 01 00 00 00 01 00 46 81 9E E3 00 1D 00 0F 20 00 CA 0B 75 27 56 C3 00 00 00 00 00 00 61 07 73 62 24 00 12 00 00 88 00 00 98 00 9F 00 09 00 00 00 ED 0E CC E1
[ 1207.898s] FRAME (len=12): 0C 00 11 00 00 00 00 00 01 00 61 76
[ 1207.898s] FRAME (len=12): 0C 00 11 00 0B 00 00 00 01 00 C3 B5
[ 1214.152s] TEXT: '...;.'
[ 1214.152s] TEXT: '.....'
[ 1214.152s] FRAME (len=56): 38 00 11 00 01 00 00 00 01 00 46 81 9E E3 00 1D 00 0F 20 00 CA 0B 75 27 56 C3 00 00 00 00 00 00 61 07 73 62 24 00 12 00 00 88 00 00 98 00 9F 00 09 00 00 00 ED 0E CC E1
[ 1214.152s] FRAME (len=12): 0C 00 11 00 00 00 00 00 01 00 61 76
[ 1220.361s] TEXT: '...;.'
[ 1220.361s] TEXT: '.....'
[ 1220.361s] FRAME (len=56): 38 00 11 00 01 00 00 00 01 00 46 81 9E E3 00 1D 00 0F 20 00 CA 0B 75 27 56 C3 00 00 00 00 00 00 61 07 73 62 24 00 12 00 00 88 00 00 98 00 9F 00 09 00 00 00 ED 0E CC E1
[ 1220.361s] FRAME (len=12): 0C 00 11 00 00 00 00 00 01 00 61 76
[ 1226.585s] TEXT: '...;.'
[ 1226.585s] TEXT: '.....'
[ 1226.585s] FRAME (len=56): 38 00 11 00 01 00 00 00 01 00 46 81 9E E3 00 1D 00 0F 20 00 CA 0B 75 27 56 C3 00 00 00 00 00 00 61 07 73 62 24 00 12 00 00 88 00 00 98 00 9F 00 09 00 00 00 ED 0E CC E1
[ 1226.585s] FRAME (len=12): 0C 00 11 00 00 00 00 00 01 00 61 76
[ 1226.789s] TEXT: '...;.'
[ 1226.789s] FRAME (len=56): 38 00 11 00 01 00 00 00 01 00 00 12 4B 00 38 0D 16 FD 03 00 A9 08 78 27 34 45 D5 FF 64 00 EE 02 00 00 00 00 00 00 0A 04 00 00 00 00 00 00 06 01 00 00 00 00 00 00 AF 1B
[ 1232.769s] TEXT: '....TX succeeded...;.'
[ 1232.769s] TEXT: '.....'
[ 1232.769s] TEXT: '.....'
[ 1232.769s] FRAME (len=56): 38 00 11 00 01 00 00 00 01 00 46 81 9E E3 00 1D 00 0F 20 00 D4 0B 75 27 56 C3 00 00 00 00 00 00 61 07 73 62 24 00 11 00 00 88 00 00 98 00 9F 00 09 00 00 00 ED 0E E9 83
[ 1232.769s] FRAME (len=12): 0C 00 11 00 00 00 00 00 01 00 61 76
[ 1232.769s] FRAME (len=12): 0C 00 11 00 0B 00 00 00 01 00 C3 B5
[ 1238.991s] TEXT: '...;.'
[ 1238.991s] TEXT: '.....'
[ 1238.991s] FRAME (len=56): 38 00 11 00 01 00 00 00 01 00 46 81 9E E3 00 1D 00 0F 20 00 D4 0B 75 27 56 C3 00 00 00 00 00 00 61 07 73 62 24 00 11 00 00 88 00 00 98 00 9F 00 09 00 00 00 ED 0E E9 83
[ 1238.991s] FRAME (len=12): 0C 00 11 00 00 00 00 00 01 00 61 76
[ 1245.215s] TEXT: '...;.'
[ 1245.215s] TEXT: '.....'
[ 1245.215s] FRAME (len=56): 38 00 11 00 01 00 00 00 01 00 46 81 9E E3 00 1D 00 0F 20 00 D4 0B 75 27 56 C3 00 00 00 00 00 00 61 07 73 62 24 00 11 00 00 88 00 00 98 00 9F 00 09 00 00 00 ED 0E E9 83
[ 1245.215s] FRAME (len=12): 0C 00 11 00 00 00 00 00 01 00 61 76
[ 1251.455s] TEXT: '...;.'
[ 1251.455s] TEXT: '.....'
[ 1251.455s] FRAME (len=56): 38 00 11 00 01 00 00 00 01 00 46 81 9E E3 00 1D 00 0F 20 00 D4 0B 75 27 56 C3 00 00 00 00 00 00 61 07 73 62 24 00 11 00 00 88 00 00 98 00 9F 00 09 00 00 00 ED 0E E9 83
[ 1251.455s] FRAME (len=12): 0C 00 11 00 00 00 00 00 01 00 61 76
[ 1253.512s] TEXT: '...;.'
[ 1253.512s] FRAME (len=56): 38 00 11 00 01 00 00 00 01 00 00 12 4B 00 38 0D 16 FD 03 00 AA 08 78 27 34 3D D5 FF 64 00 EE 02 00 00 00 00 00 00 0A 04 00 00 00 00 00 00 06 01 00 00 00 00 00 00 D9 86
[ 1257.646s] TEXT: '....TX succeeded...;.'
[ 1257.646s] TEXT: '.....'
[ 1257.646s] TEXT: '.....'
[ 1257.646s] FRAME (len=56): 38 00 11 00 01 00 00 00 01 00 46 81 9E E3 00 1D 00 0F 20 00 CC 0B 75 27 56 BB 00 00 00 00 00 00 61 07 73 62 24 00 10 00 00 88 00 00 98 00 9F 00 09 00 00 00 DA 0E 22 6C
[ 1257.646s] FRAME (len=12): 0C 00 11 00 00 00 00 00 01 00 61 76
[ 1257.646s] FRAME (len=12): 0C 00 11 00 0B 00 00 00 01 00 C3 B5
[ 1263.852s] TEXT: '...;.'
[ 1263.852s] TEXT: '.....'
[ 1263.852s] FRAME (len=56): 38 00 11 00 01 00 00 00 01 00 46 81 9E E3 00 1D 00 0F 20 00 CC 0B 75 27 56 BB 00 00 00 00 00 00 61 07 73 62 24 00 10 00 00 88 00 00 98 00 9F 00 09 00 00 00 DA 0E 22 6C
[ 1263.852s] FRAME (len=12): 0C 00 11 00 00 00 00 00 01 00 61 76
[ 1270.095s] TEXT: '...;.'
[ 1270.095s] TEXT: '.....'
[ 1270.095s] FRAME (len=56): 38 00 11 00 01 00 00 00 01 00 46 81 9E E3 00 1D 00 0F 20 00 CC 0B 75 27 56 BB 00 00 00 00 00 00 61 07 73 62 24 00 10 00 00 88 00 00 98 00 9F 00 09 00 00 00 DA 0E 22 6C
[ 1270.095s] FRAME (len=12): 0C 00 11 00 00 00 00 00 01 00 61 76
[ 1276.317s] TEXT: '...;.'
[ 1276.317s] TEXT: '.....'
[ 1276.317s] FRAME (len=56): 38 00 11 00 01 00 00 00 01 00 46 81 9E E3 00 1D 00 0F 20 00 CC 0B 75 27 56 BB 00 00 00 00 00 00 61 07 73 62 24 00 10 00 00 88 00 00 98 00 9F 00 09 00 00 00 DA 0E 22 6C
[ 1276.317s] FRAME (len=12): 0C 00 11 00 00 00 00 00 01 00 61 76
[ 1279.017s] TEXT: '...;.'
[ 1279.017s] FRAME (len=56): 38 00 11 00 01 00 00 00 01 00 00 12 4B 00 38 0D 16 FD 03 00 AC 08 78 27 34 31 D5 FF 64 00 EE 02 00 00 00 00 00 00 0A 04 00 00 00 00 00 00 06 01 00 00 00 00 00 00 48 FA
[ 1282.489s] TEXT: '....TX succeeded...;.'
[ 1282.489s] TEXT: '.....'
[ 1282.489s] TEXT: '.....'
[ 1282.489s] FRAME (len=56): 38 00 11 00 01 00 00 00 01 00 46 81 9E E3 00 1D 00 0F 20 00 C6 0B 75 27 56 A9 00 00 00 00 00 00 61 07 73 62 24 00 12 00 00 88 00 00 98 00 9F 00 09 00 00 00 ED 0E EC 37
[ 1282.489s] FRAME (len=12): 0C 00 11 00 00 00 00 00 01 00 61 76
[ 1282.698s] FRAME (len=12): 0C 00 11 00 0B 00 00 00 01 00 C3 B5
[ 1288.704s] TEXT: '...;.'
[ 1288.704s] TEXT: '.....'
[ 1288.704s] FRAME (len=56): 38 00 11 00 01 00 00 00 01 00 46 81 9E E3 00 1D 00 0F 20 00 C6 0B 75 27 56 A9 00 00 00 00 00 00 61 07 73 62 24 00 12 00 00 88 00 00 98 00 9F 00 09 00 00 00 ED 0E EC 37
[ 1288.704s] FRAME (len=12): 0C 00 11 00 00 00 00 00 01 00 61 76
[ 1294.915s] TEXT: '...;.'
[ 1294.915s] TEXT: '.....'
[ 1294.915s] FRAME (len=56): 38 00 11 00 01 00 00 00 01 00 46 81 9E E3 00 1D 00 0F 20 00 C6 0B 75 27 56 A9 00 00 00 00 00 00 61 07 73 62 24 00 12 00 00 88 00 00 98 00 9F 00 09 00 00 00 ED 0E EC 37
[ 1294.915s] FRAME (len=12): 0C 00 11 00 00 00 00 00 01 00 61 76
[ 1301.144s] TEXT: '...;.'
[ 1301.144s] TEXT: '.....'
[ 1301.144s] FRAME (len=56): 38 00 11 00 01 00 00 00 01 00 46 81 9E E3 00 1D 00 0F 20 00 C6 0B 75 27 56 A9 00 00 00 00 00 00 61 07 73 62 24 00 12 00 00 88 00 00 98 00 9F 00 09 00 00 00 ED 0E EC 37
[ 1301.144s] FRAME (len=12): 0C 00 11 00 00 00 00 00 01 00 61 76
[ 1304.668s] TEXT: '...;.'
[ 1304.877s] FRAME (len=56): 38 00 11 00 01 00 00 00 01 00 00 12 4B 00 38 0D 16 FD 03 00 AE 08 78 27 34 19 D5 FF 64 00 EE 02 00 00 00 00 00 00 0A 04 00 00 00 00 00 00 06 01 00 00 00 00 00 00 CB CA
[ 1307.355s] TEXT: '....TX succeeded...;.'
[ 1307.355s] TEXT: '.....'
[ 1307.355s] TEXT: '.....'
[ 1307.355s] FRAME (len=56): 38 00 11 00 01 00 00 00 01 00 46 81 9E E3 00 1D 00 0F 20 00 CB 0B 75 27 56 B1 00 00 00 00 00 00 61 07 73 62 24 00 12 00 00 88 00 00 98 00 9F 00 09 00 00 00 DA 0E E9 CE
[ 1307.355s] FRAME (len=12): 0C 00 11 00 00 00 00 00 01 00 61 76
[ 1307.565s] FRAME (len=12): 0C 00 11 00 0B 00 00 00 01 00 C3 B5
[ 1313.562s] TEXT: '...;.'
[ 1313.562s] TEXT: '.....'
[ 1313.562s] FRAME (len=56): 38 00 11 00 01 00 00 00 01 00 46 81 9E E3 00 1D 00 0F 20 00 CB 0B 75 27 56 B1 00 00 00 00 00 00 61 07 73 62 24 00 12 00 00 88 00 00 98 00 9F 00 09 00 00 00 DA 0E E9 CE
[ 1313.562s] FRAME (len=12): 0C 00 11 00 00 00 00 00 01 00 61 76
[ 1319.795s] TEXT: '....ERR: Uart framing error....ERR: Uart unknown error...;.'
[ 1319.795s] TEXT: '.....'
[ 1319.795s] FRAME (len=56): 38 00 11 00 01 00 00 00 01 00 46 81 9E E3 00 1D 00 0F 20 00 CB 0B 75 27 56 B1 00 00 00 00 00 00 61 07 73 62 24 00 12 00 00 88 00 00 98 00 9F 00 09 00 00 00 DA 0E E9 CE
[ 1319.795s] FRAME (len=12): 0C 00 11 00 00 00 00 00 01 00 61 76
[ 1325.990s] TEXT: '...;.'
[ 1325.990s] TEXT: '.....'
[ 1325.990s] FRAME (len=56): 38 00 11 00 01 00 00 00 01 00 46 81 9E E3 00 1D 00 0F 20 00 CB 0B 75 27 56 B1 00 00 00 00 00 00 61 07 73 62 24 00 12 00 00 88 00 00 98 00 9F 00 09 00 00 00 DA 0E E9 CE
[ 1325.990s] FRAME (len=12): 0C 00 11 00 00 00 00 00 01 00 61 76
[ 1330.543s] TEXT: '...;.'
[ 1330.543s] FRAME (len=56): 38 00 11 00 01 00 00 00 01 00 00 12 4B 00 38 0D 16 FD 03 00 AE 08 77 27 34 19 D5 FF 64 00 EE 02 00 00 00 00 00 00 0A 04 00 00 00 00 00 00 06 01 00 00 00 00 00 00 4A BE
[ 1332.167s] TEXT: '....TX succeeded...;.'
[ 1332.373s] TEXT: '.....'
[ 1332.373s] TEXT: '.....'
[ 1332.373s] FRAME (len=56): 38 00 11 00 01 00 00 00 01 00 46 81 9E E3 00 1D 00 0F 20 00 D3 0B 75 27 56 B3 00 00 00 00 00 00 61 07 73 62 24 00 11 00 00 88 00 00 98 00 9F 00 09 00 00 00 ED 0E 9E B9
[ 1332.373s] FRAME (len=12): 0C 00 11 00 00 00 00 00 01 00 61 76
[ 1332.373s] FRAME (len=12): 0C 00 11 00 0B 00 00 00 01 00 C3 B5
[ 1338.383s] TEXT: '...;.'
[ 1338.383s] TEXT: '.....'
[ 1338.383s] FRAME (len=56): 38 00 11 00 01 00 00 00 01 00 46 81 9E E3 00 1D 00 0F 20 00 D3 0B 75 27 56 B3 00 00 00 00 00 00 61 07 73 62 24 00 11 00 00 88 00 00 98 00 9F 00 09 00 00 00 ED 0E 9E B9
[ 1338.383s] FRAME (len=12): 0C 00 11 00 00 00 00 00 01 00 61 76
[ 1344.516s] TEXT: '...;.'
[ 1344.720s] TEXT: '.....'
[ 1344.720s] FRAME (len=56): 38 00 11 00 01 00 00 00 01 00 46 81 9E E3 00 1D 00 0F 20 00 D3 0B 75 27 56 B3 00 00 00 00 00 00 61 07 73 62 24 00 11 00 00 88 00 00 98 00 9F 00 09 00 00 00 ED 0E 9E B9
[ 1344.720s] FRAME (len=12): 0C 00 11 00 00 00 00 00 01 00 61 76
[ 1350.839s] TEXT: '...;.'
[ 1350.839s] TEXT: '.....'
[ 1350.839s] FRAME (len=56): 38 00 11 00 01 00 00 00 01 00 46 81 9E E3 00 1D 00 0F 20 00 D3 0B 75 27 56 B3 00 00 00 00 00 00 61 07 73 62 24 00 11 00 00 88 00 00 98 00 9F 00 09 00 00 00 ED 0E 9E B9
[ 1350.839s] FRAME (len=12): 0C 00 11 00 00 00 00 00 01 00 61 76
[ 1356.137s] TEXT: '...;.'
[ 1356.137s] FRAME (len=56): 38 00 11 00 01 00 00 00 01 00 00 12 4B 00 38 0D 16 FD 03 00 AF 08 78 27 34 05 D5 FF 64 00 EE 02 00 00 00 00 00 00 0A 04 00 00 00 00 00 00 06 01 00 00 00 00 00 00 4D AD
[ 1357.156s] TEXT: '....TX succeeded...;.'
[ 1357.156s] TEXT: '.....'
[ 1357.156s] TEXT: '.....'
[ 1357.156s] FRAME (len=56): 38 00 11 00 01 00 00 00 01 00 46 81 9E E3 00 1D 00 0F 20 00 DB 0B 75 27 55 C7 00 00 00 00 00 00 61 07 73 62 23 00 12 00 00 88 00 00 98 00 9F 00 09 00 00 00 DA 0E 9D AA
[ 1357.156s] FRAME (len=12): 0C 00 11 00 00 00 00 00 01 00 61 76
[ 1357.156s] FRAME (len=12): 0C 00 11 00 0B 00 00 00 01 00 C3 B5
[ 1363.275s] TEXT: '...;.'
[ 1363.275s] TEXT: '.....'
[ 1363.275s] FRAME (len=56): 38 00 11 00 01 00 00 00 01 00 46 81 9E E3 00 1D 00 0F 20 00 DB 0B 75 27 55 C7 00 00 00 00 00 00 61 07 73 62 23 00 12 00 00 88 00 00 98 00 9F 00 09 00 00 00 DA 0E 9D AA
[ 1363.275s] FRAME (len=12): 0C 00 11 00 00 00 00 00 01 00 61 76
[ 1369.581s] TEXT: '...;.'
[ 1369.581s] TEXT: '.....'
[ 1369.581s] FRAME (len=56): 38 00 11 00 01 00 00 00 01 00 46 81 9E E3 00 1D 00 0F 20 00 DB 0B 75 27 55 C7 00 00 00 00 00 00 61 07 73 62 23 00 12 00 00 88 00 00 98 00 9F 00 09 00 00 00 DA 0E 9D AA
[ 1369.581s] FRAME (len=12): 0C 00 11 00 00 00 00 00 01 00 61 76
[ 1375.682s] TEXT: '...;.'
[ 1375.682s] TEXT: '.....'
[ 1375.682s] FRAME (len=56): 38 00 11 00 01 00 00 00 01 00 46 81 9E E3 00 1D 00 0F 20 00 DB 0B 75 27 55 C7 00 00 00 00 00 00 61 07 73 62 23 00 12 00 00 88 00 00 98 00 9F 00 09 00 00 00 DA 0E 9D AA
[ 1375.682s] FRAME (len=12): 0C 00 11 00 00 00 00 00 01 00 61 76
[ 1381.800s] TEXT: '...;.'
[ 1381.800s] FRAME (len=56): 38 00 11 00 01 00 00 00 01 00 00 12 4B 00 38 0D 16 FD 03 00 AF 08 77 27 34 6D D4 FF 64 00 EE 02 00 00 00 00 00 00 0A 04 00 00 00 00 00 00 06 01 00 00 00 00 00 00 EF 2B
[ 1382.205s] TEXT: '....TX failed: 0xc....TX failed: 0xc...;.'
[ 1382.205s] TEXT: '.....'
[ 1382.205s] TEXT: '.....'
[ 1382.205s] FRAME (len=56): 38 00 11 00 01 00 00 00 01 00 46 81 9E E3 00 1D 00 0F 20 00 D6 0B 75 27 54 BD 00 00 00 00 00 00 61 07 73 62 23 00 12 00 00 88 00 00 98 00 9F 00 09 00 00 00 DA 0E 08 16
[ 1382.205s] FRAME (len=12): 0C 00 11 00 00 00 00 00 01 00 61 76
[ 1382.205s] FRAME (len=12): 0C 00 11 00 0B 00 00 00 01 00 C3 B5
[ 1388.109s] TEXT: '...;.'
[ 1388.109s] TEXT: '.....'
[ 1388.109s] FRAME (len=56): 38 00 11 00 01 00 00 00 01 00 46 81 9E E3 00 1D 00 0F 20 00 D6 0B 75 27 54 BD 00 00 00 00 00 00 61 07 73 62 23 00 12 00 00 88 00 00 98 00 9F 00 09 00 00 00 DA 0E 08 16
[ 1388.109s] FRAME (len=12): 0C 00 11 00 00 00 00 00 01 00 61 76
[ 1394.404s] TEXT: '...;.'
[ 1394.404s] TEXT: '.....'
[ 1394.404s] FRAME (len=56): 38 00 11 00 01 00 00 00 01 00 46 81 9E E3 00 1D 00 0F 20 00 D6 0B 75 27 54 BD 00 00 00 00 00 00 61 07 73 62 23 00 12 00 00 88 00 00 98 00 9F 00 09 00 00 00 DA 0E 08 16
[ 1394.404s] FRAME (len=12): 0C 00 11 00 00 00 00 00 01 00 61 76
[ 1400.529s] TEXT: '...;.'
[ 1400.529s] TEXT: '.....'
[ 1400.529s] FRAME (len=56): 38 00 11 00 01 00 00 00 01 00 46 81 9E E3 00 1D 00 0F 20 00 D6 0B 75 27 54 BD 00 00 00 00 00 00 61 07 73 62 23 00 12 00 00 88 00 00 98 00 9F 00 09 00 00 00 DA 0E 08 16
[ 1400.529s] FRAME (len=12): 0C 00 11 00 00 00 00 00 01 00 61 76
[ 1406.849s] TEXT: '...;.'
[ 1406.849s] TEXT: '.....'
[ 1406.849s] TEXT: '.....'
[ 1406.849s] FRAME (len=56): 38 00 11 00 01 00 00 00 01 00 46 81 9E E3 00 1D 00 0F 20 00 C7 0B 75 27 54 BF 00 00 00 00 00 00 61 07 73 62 23 00 11 00 00 88 00 00 98 00 9F 00 09 00 00 00 C7 0E DB B5
[ 1406.849s] FRAME (len=12): 0C 00 11 00 00 00 00 00 01 00 61 76
[ 1406.849s] FRAME (len=12): 0C 00 11 00 0B 00 00 00 01 00 C3 B5
[ 1408.476s] TEXT: '...;.'
[ 1408.476s] FRAME (len=56): 38 00 11 00 01 00 00 00 01 00 00 12 4B 00 38 0D 16 FD 03 00 B1 08 78 27 36 05 D5 FF 64 00 EE 02 00 00 00 00 00 00 0A 04 00 00 00 00 00 00 06 01 00 00 00 00 00 00 1B 35
[ 1412.957s] TEXT: '....TX succeeded...;.'
[ 1412.957s] TEXT: '.....'
[ 1412.957s] FRAME (len=56): 38 00 11 00 01 00 00 00 01 00 46 81 9E E3 00 1D 00 0F 20 00 C7 0B 75 27 54 BF 00 00 00 00 00 00 61 07 73 62 23 00 11 00 00 88 00 00 98 00 9F 00 09 00 00 00 C7 0E DB B5
[ 1412.957s] FRAME (len=12): 0C 00 11 00 00 00 00 00 01 00 61 76
[ 1419.262s] TEXT: '...;.'
[ 1419.262s] TEXT: '.....'
[ 1419.262s] FRAME (len=56): 38 00 11 00 01 00 00 00 01 00 46 81 9E E3 00 1D 00 0F 20 00 C7 0B 75 27 54 BF 00 00 00 00 00 00 61 07 73 62 23 00 11 00 00 88 00 00 98 00 9F 00 09 00 00 00 C7 0E DB B5
[ 1419.262s] FRAME (len=12): 0C 00 11 00 00 00 00 00 01 00 61 76
[ 1425.376s] TEXT: '...;.'
[ 1425.376s] TEXT: '.....'
[ 1425.376s] FRAME (len=56): 38 00 11 00 01 00 00 00 01 00 46 81 9E E3 00 1D 00 0F 20 00 C7 0B 75 27 54 BF 00 00 00 00 00 00 61 07 73 62 23 00 11 00 00 88 00 00 98 00 9F 00 09 00 00 00 C7 0E DB B5
[ 1425.376s] FRAME (len=12): 0C 00 11 00 00 00 00 00 01 00 61 76
[ 1431.680s] TEXT: '...;.'
[ 1431.680s] FRAME (len=54): 38 00 11 00 01 00 00 00 01 00 46 81 9E E3 00 1D 00 0F 20 00 CF 0B 75 27 56 9B 00 00 00 00 00 00 61 07 73 62 23 00 12 00 00 88 00 00 98 00 9F 00 09 00 00 00 A0 0E
[ 1431.885s] TEXT: '`}.....'
[ 1431.885s] TEXT: '.....'
[ 1431.885s] FRAME (len=12): 0C 00 11 00 00 00 00 00 01 00 61 76
[ 1431.885s] FRAME (len=12): 0C 00 11 00 0B 00 00 00 01 00 C3 B5
[ 1434.123s] TEXT: '...;.'
[ 1434.123s] FRAME (len=56): 38 00 11 00 01 00 00 00 01 00 00 12 4B 00 38 0D 16 FD 03 00 B1 08 77 27 34 01 D5 FF 64 00 EE 02 00 00 00 00 00 00 0A 04 00 00 00 00 00 00 06 01 00 00 00 00 00 00 5F A0
[ 1437.792s] TEXT: '....TX succeeded...;.'
[ 1437.792s] TEXT: '`}.....'
[ 1437.792s] FRAME (len=54): 38 00 11 00 01 00 00 00 01 00 46 81 9E E3 00 1D 00 0F 20 00 CF 0B 75 27 56 9B 00 00 00 00 00 00 61 07 73 62 23 00 12 00 00 88 00 00 98 00 9F 00 09 00 00 00 A0 0E
[ 1437.792s] FRAME (len=12): 0C 00 11 00 00 00 00 00 01 00 61 76
[ 1444.096s] TEXT: '...;.'
[ 1444.096s] TEXT: '`}.....'
[ 1444.096s] FRAME (len=54): 38 00 11 00 01 00 00 00 01 00 46 81 9E E3 00 1D 00 0F 20 00 CF 0B 75 27 56 9B 00 00 00 00 00 00 61 07 73 62 23 00 12 00 00 88 00 00 98 00 9F 00 09 00 00 00 A0 0E
[ 1444.096s] FRAME (len=12): 0C 00 11 00 00 00 00 00 01 00 61 76
[ 1450.209s] TEXT: '...;.'
[ 1450.209s] TEXT: '`}.....'
[ 1450.209s] FRAME (len=54): 38 00 11 00 01 00 00 00 01 00 46 81 9E E3 00 1D 00 0F 20 00 CF 0B 75 27 56 9B 00 00 00 00 00 00 61 07 73 62 23 00 12 00 00 88 00 00 98 00 9F 00 09 00 00 00 A0 0E
[ 1450.209s] FRAME (len=12): 0C 00 11 00 00 00 00 00 01 00 61 76
[ 1456.731s] TEXT: '...;.'
[ 1456.731s] TEXT: '.....'
[ 1456.731s] TEXT: '.....'
[ 1456.731s] FRAME (len=56): 38 00 11 00 01 00 00 00 01 00 46 81 9E E3 00 1D 00 0F 20 00 C9 0B 75 27 56 B5 00 00 00 00 00 00 61 07 73 62 23 00 12 00 00 88 00 00 98 00 9F 00 09 00 00 00 DA 0E AC E5
[ 1456.731s] FRAME (len=12): 0C 00 11 00 00 00 00 00 01 00 61 76
[ 1456.731s] FRAME (len=12): 0C 00 11 00 0B 00 00 00 01 00 C3 B5
[ 1459.785s] TEXT: '...;.'
[ 1459.785s] FRAME (len=56): 38 00 11 00 01 00 00 00 01 00 00 12 4B 00 38 0D 16 FD 03 00 B2 08 77 27 34 1D D5 FF 64 00 EE 02 00 00 00 00 00 00 0A 04 00 00 00 00 00 00 06 01 00 00 00 00 00 00 B2 EF
[ 1462.630s] TEXT: '....TX succeeded...;.'
[ 1462.630s] TEXT: '.....'
[ 1462.630s] FRAME (len=56): 38 00 11 00 01 00 00 00 01 00 46 81 9E E3 00 1D 00 0F 20 00 C9 0B 75 27 56 B5 00 00 00 00 00 00 61 07 73 62 23 00 12 00 00 88 00 00 98 00 9F 00 09 00 00 00 DA 0E AC E5
[ 1462.630s] FRAME (len=12): 0C 00 11 00 00 00 00 00 01 00 61 76
[ 1468.922s] TEXT: '...;.'
[ 1468.922s] TEXT: '.....'
[ 1468.922s] FRAME (len=56): 38 00 11 00 01 00 00 00 01 00 46 81 9E E3 00 1D 00 0F 20 00 C9 0B 75 27 56 B5 00 00 00 00 00 00 61 07 73 62 23 00 12 00 00 88 00 00 98 00 9F 00 09 00 00 00 DA 0E AC E5
[ 1468.922s] FRAME (len=12): 0C 00 11 00 00 00 00 00 01 00 61 76
[ 1475.242s] TEXT: '...;.'
[ 1475.242s] TEXT: '.....'
[ 1475.242s] FRAME (len=56): 38 00 11 00 01 00 00 00 01 00 46 81 9E E3 00 1D 00 0F 20 00 C9 0B 75 27 56 B5 00 00 00 00 00 00 61 07 73 62 23 00 12 00 00 88 00 00 98 00 9F 00 09 00 00 00 DA 0E AC E5
[ 1475.242s] FRAME (len=12): 0C 00 11 00 00 00 00 00 01 00 61 76
[ 1481.565s] TEXT: '...;.'
[ 1481.565s] TEXT: '.....'
[ 1481.565s] TEXT: '.....'
[ 1481.565s] FRAME (len=56): 38 00 11 00 01 00 00 00 01 00 46 81 9E E3 00 1D 00 0F 20 00 D2 0B 75 27 56 C3 00 00 00 00 00 00 61 07 73 62 23 00 10 00 00 88 00 00 98 00 9F 00 09 00 00 00 DA 0E A7 3F
[ 1481.565s] FRAME (len=12): 0C 00 11 00 00 00 00 00 01 00 61 76
[ 1481.565s] FRAME (len=12): 0C 00 11 00 0B 00 00 00 01 00 C3 B5
[ 1485.438s] TEXT: '...;.'
[ 1485.438s] FRAME (len=56): 38 00 11 00 01 00 00 00 01 00 00 12 4B 00 38 0D 16 FD 03 00 B3 08 78 27 34 01 D5 FF 64 00 EE 02 00 00 00 00 00 00 0A 04 00 00 00 00 00 00 06 01 00 00 00 00 00 00 B5 FC
[ 1487.472s] TEXT: '....TX succeeded...;.'
[ 1487.472s] FRAME (len=56): 38 00 11 00 01 00 00 00 01 00 46 81 9E E3 00 1D 00 0F 20 00 D2 0B 75 27 56 C3 00 00 00 00 00 00 61 07 73 62 23 00 10 00 00 88 00 00 98 00 9F 00 09 00 00 00 DA 0E A7 3F
[ 1487.677s] TEXT: '.....'
[ 1487.677s] FRAME (len=12): 0C 00 11 00 00 00 00 00 01 00 61 76
[ 1493.797s] TEXT: '...;.'
[ 1493.797s] TEXT: '.....'
[ 1493.797s] FRAME (len=56): 38 00 11 00 01 00 00 00 01 00 46 81 9E E3 00 1D 00 0F 20 00 D2 0B 75 27 56 C3 00 00 00 00 00 00 61 07 73 62 23 00 10 00 00 88 00 00 98 00 9F 00 09 00 00 00 DA 0E A7 3F
[ 1493.797s] FRAME (len=12): 0C 00 11 00 00 00 00 00 01 00 61 76
[ 1499.918s] TEXT: '...;.'
[ 1499.918s] FRAME (len=56): 38 00 11 00 01 00 00 00 01 00 46 81 9E E3 00 1D 00 0F 20 00 D2 0B 75 27 56 C3 00 00 00 00 00 00 61 07 73 62 23 00 10 00 00 88 00 00 98 00 9F 00 09 00 00 00 DA 0E A7 3F
[ 1500.123s] TEXT: '.....'
[ 1500.123s] FRAME (len=12): 0C 00 11 00 00 00 00 00 01 00 61 76
[ 1506.440s] TEXT: '...;.'
[ 1506.440s] TEXT: '.....'
[ 1506.440s] TEXT: '.....'
[ 1506.440s] FRAME (len=56): 38 00 11 00 01 00 00 00 01 00 46 81 9E E3 00 1D 00 0F 20 00 CF 0B 75 27 56 9F 00 00 00 00 00 00 61 07 73 62 23 00 11 00 00 88 00 00 98 00 9F 00 09 00 00 00 DA 0E 59 9C
[ 1506.440s] FRAME (len=12): 0C 00 11 00 00 00 00 00 01 00 61 76
[ 1506.440s] FRAME (len=12): 0C 00 11 00 0B 00 00 00 01 00 C3 B5
[ 1511.118s] TEXT: '...;.'
[ 1511.118s] FRAME (len=56): 38 00 11 00 01 00 00 00 01 00 00 12 4B 00 38 0D 16 FD 03 00 B4 08 77 27 34 1D D4 FF 64 00 EE 02 00 00 00 00 00 00 0A 04 00 00 00 00 00 00 06 01 00 00 00 00 00 00 9B B3
[ 1512.347s] TEXT: '....TX succeeded...;.'
[ 1512.347s] FRAME (len=56): 38 00 11 00 01 00 00 00 01 00 46 81 9E E3 00 1D 00 0F 20 00 CF 0B 75 27 56 9F 00 00 00 00 00 00 61 07 73 62 23 00 11 00 00 88 00 00 98 00 9F 00 09 00 00 00 DA 0E 59 9C
[ 1512.550s] TEXT: '.....'
[ 1512.550s] FRAME (len=12): 0C 00 11 00 00 00 00 00 01 00 61 76
[ 1518.671s] TEXT: '...;.'
[ 1518.671s] TEXT: '.....'
[ 1518.671s] FRAME (len=56): 38 00 11 00 01 00 00 00 01 00 46 81 9E E3 00 1D 00 0F 20 00 CF 0B 75 27 56 9F 00 00 00 00 00 00 61 07 73 62 23 00 11 00 00 88 00 00 98 00 9F 00 09 00 00 00 DA 0E 59 9C
[ 1518.671s] FRAME (len=12): 0C 00 11 00 00 00 00 00 01 00 61 76
[ 1524.976s] TEXT: '...;.'
[ 1524.976s] TEXT: '.....'
[ 1524.976s] FRAME (len=56): 38 00 11 00 01 00 00 00 01 00 46 81 9E E3 00 1D 00 0F 20 00 CF 0B 75 27 56 9F 00 00 00 00 00 00 61 07 73 62 23 00 11 00 00 88 00 00 98 00 9F 00 09 00 00 00 DA 0E 59 9C
[ 1524.976s] FRAME (len=12): 0C 00 11 00 00 00 00 00 01 00 61 76
[ 1531.286s] TEXT: '...;.'
[ 1531.286s] TEXT: '.....'
[ 1531.286s] TEXT: '.....'
[ 1531.286s] FRAME (len=56): 38 00 11 00 01 00 00 00 01 00 46 81 9E E3 00 1D 00 0F 20 00 D3 0B 75 27 56 9D 00 00 00 00 00 00 61 07 73 62 23 00 12 00 00 88 00 00 98 00 9F 00 09 00 00 00 C7 0E D5 52
[ 1531.286s] FRAME (len=12): 0C 00 11 00 00 00 00 00 01 00 61 76
[ 1531.286s] FRAME (len=12): 0C 00 11 00 0B 00 00 00 01 00 C3 B5
[ 1537.409s] TEXT: '...;.'
[ 1537.409s] TEXT: '.....'
[ 1537.409s] FRAME (len=56): 38 00 11 00 01 00 00 00 01 00 46 81 9E E3 00 1D 00 0F 20 00 D3 0B 75 27 56 9D 00 00 00 00 00 00 61 07 73 62 23 00 12 00 00 88 00 00 98 00 9F 00 09 00 00 00 C7 0E D5 52
[ 1537.409s] FRAME (len=12): 0C 00 11 00 00 00 00 00 01 00 61 76
[ 1538.835s] TEXT: '...;.'
[ 1538.835s] FRAME (len=56): 38 00 11 00 01 00 00 00 01 00 00 12 4B 00 38 0D 16 FD 03 00 B5 08 78 27 36 31 D6 FF 00 00 EE 02 00 00 00 00 00 00 0A 04 00 00 00 00 00 00 06 01 00 00 00 00 00 00 01 39
[ 1543.515s] TEXT: '....TX succeeded...;.'
[ 1543.515s] TEXT: '.....'
[ 1543.515s] FRAME (len=56): 38 00 11 00 01 00 00 00 01 00 46 81 9E E3 00 1D 00 0F 20 00 D3 0B 75 27 56 9D 00 00 00 00 00 00 61 07 73 62 23 00 12 00 00 88 00 00 98 00 9F 00 09 00 00 00 C7 0E D5 52
[ 1543.515s] FRAME (len=12): 0C 00 11 00 00 00 00 00 01 00 61 76
[ 1549.634s] TEXT: '...;.'
[ 1549.634s] TEXT: '.....'
[ 1549.634s] FRAME (len=56): 38 00 11 00 01 00 00 00 01 00 46 81 9E E3 00 1D 00 0F 20 00 D3 0B 75 27 56 9D 00 00 00 00 00 00 61 07 73 62 23 00 12 00 00 88 00 00 98 00 9F 00 09 00 00 00 C7 0E D5 52
[ 1549.634s] FRAME (len=12): 0C 00 11 00 00 00 00 00 01 00 61 76
[ 1556.152s] TEXT: '...;.'
[ 1556.152s] TEXT: '.....'
[ 1556.152s] TEXT: '.....'
[ 1556.152s] FRAME (len=56): 38 00 11 00 01 00 00 00 01 00 46 81 9E E3 00 1D 00 0F 20 00 D7 0B 75 27 56 AF 00 00 00 00 00 00 61 07 73 62 23 00 11 00 00 88 00 00 98 00 9F 00 09 00 00 00 C7 0E 13 0B
[ 1556.152s] FRAME (len=12): 0C 00 11 00 00 00 00 00 01 00 61 76
[ 1556.152s] FRAME (len=12): 0C 00 11 00 0B 00 00 00 01 00 C3 B5
[ 1562.246s] TEXT: '...;.'
[ 1562.246s] TEXT: '.....'
[ 1562.246s] FRAME (len=56): 38 00 11 00 01 00 00 00 01 00 46 81 9E E3 00 1D 00 0F 20 00 D7 0B 75 27 56 AF 00 00 00 00 00 00 61 07 73 62 23 00 11 00 00 88 00 00 98 00 9F 00 09 00 00 00 C7 0E 13 0B
[ 1562.246s] FRAME (len=12): 0C 00 11 00 00 00 00 00 01 00 61 76
[ 1564.701s] TEXT: '...;.'
[ 1564.701s] FRAME (len=56): 38 00 11 00 01 00 00 00 01 00 00 12 4B 00 38 0D 16 FD 03 00 B5 08 77 27 36 05 D6 FF 00 00 EE 02 00 00 00 00 00 00 0A 04 00 00 00 00 00 00 06 01 00 00 00 00 00 00 CB AE
[ 1568.364s] TEXT: '....TX succeeded...;.'
[ 1568.364s] TEXT: '.....'
[ 1568.364s] FRAME (len=56): 38 00 11 00 01 00 00 00 01 00 46 81 9E E3 00 1D 00 0F 20 00 D7 0B 75 27 56 AF 00 00 00 00 00 00 61 07 73 62 23 00 11 00 00 88 00 00 98 00 9F 00 09 00 00 00 C7 0E 13 0B
[ 1568.364s] FRAME (len=12): 0C 00 11 00 00 00 00 00 01 00 61 76
[ 1574.483s] TEXT: '...;.'
[ 1574.483s] TEXT: '.....'
[ 1574.483s] FRAME (len=56): 38 00 11 00 01 00 00 00 01 00 46 81 9E E3 00 1D 00 0F 20 00 D7 0B 75 27 56 AF 00 00 00 00 00 00 61 07 73 62 23 00 11 00 00 88 00 00 98 00 9F 00 09 00 00 00 C7 0E 13 0B
[ 1574.483s] FRAME (len=12): 0C 00 11 00 00 00 00 00 01 00 61 76
[ 1581.009s] TEXT: '...;.'
[ 1581.009s] TEXT: '.....'
[ 1581.009s] TEXT: '.....'
[ 1581.009s] FRAME (len=56): 38 00 11 00 01 00 00 00 01 00 46 81 9E E3 00 1D 00 0F 20 00 D3 0B 75 27 56 99 00 00 00 00 00 00 61 07 73 62 23 00 12 00 00 88 00 00 98 00 9F 00 09 00 00 00 B4 0E 24 FC
[ 1581.009s] FRAME (len=12): 0C 00 11 00 00 00 00 00 01 00 61 76
[ 1581.009s] FRAME (len=12): 0C 00 11 00 0B 00 00 00 01 00 C3 B5
[ 1587.119s] TEXT: '...;.'
[ 1587.119s] TEXT: '.....'
[ 1587.119s] FRAME (len=56): 38 00 11 00 01 00 00 00 01 00 46 81 9E E3 00 1D 00 0F 20 00 D3 0B 75 27 56 99 00 00 00 00 00 00 61 07 73 62 23 00 12 00 00 88 00 00 98 00 9F 00 09 00 00 00 B4 0E 24 FC
[ 1587.119s] FRAME (len=12): 0C 00 11 00 00 00 00 00 01 00 61 76
[ 1590.376s] TEXT: '...;.'
[ 1590.376s] FRAME (len=56): 38 00 11 00 01 00 00 00 01 00 00 12 4B 00 38 0D 16 FD 03 00 B5 08 78 27 36 05 D6 FF 00 00 EE 02 00 00 00 00 00 00 0A 04 00 00 00 00 00 00 06 01 00 00 00 00 00 00 4A DA
[ 1593.223s] TEXT: '....TX succeeded...;.'
[ 1593.223s] TEXT: '.....'
[ 1593.223s] FRAME (len=56): 38 00 11 00 01 00 00 00 01 00 46 81 9E E3 00 1D 00 0F 20 00 D3 0B 75 27 56 99 00 00 00 00 00 00 61 07 73 62 23 00 12 00 00 88 00 00 98 00 9F 00 09 00 00 00 B4 0E 24 FC
[ 1593.223s] FRAME (len=12): 0C 00 11 00 00 00 00 00 01 00 61 76
[ 1599.527s] TEXT: '...;.'
[ 1599.527s] TEXT: '.....'
[ 1599.527s] FRAME (len=56): 38 00 11 00 01 00 00 00 01 00 46 81 9E E3 00 1D 00 0F 20 00 D3 0B 75 27 56 99 00 00 00 00 00 00 61 07 73 62 23 00 12 00 00 88 00 00 98 00 9F 00 09 00 00 00 B4 0E 24 FC
[ 1599.527s] FRAME (len=12): 0C 00 11 00 00 00 00 00 01 00 61 76
[ 1605.836s] TEXT: '...;.'
[ 1605.836s] TEXT: '.....'
[ 1605.836s] TEXT: '.....'
[ 1605.836s] FRAME (len=56): 38 00 11 00 01 00 00 00 01 00 46 81 9E E3 00 1D 00 0F 20 00 D2 0B 75 27 56 B3 00 00 00 00 00 00 61 07 73 62 23 00 10 00 00 88 00 00 98 00 9F 00 09 00 00 00 C7 0E 67 94
[ 1605.836s] FRAME (len=12): 0C 00 11 00 00 00 00 00 01 00 61 76
[ 1605.836s] FRAME (len=12): 0C 00 11 00 0B 00 00 00 01 00 C3 B5
[ 1611.946s] TEXT: '...;.'
[ 1611.946s] TEXT: '.....'
[ 1611.946s] FRAME (len=56): 38 00 11 00 01 00 00 00 01 00 46 81 9E E3 00 1D 00 0F 20 00 D2 0B 75 27 56 B3 00 00 00 00 00 00 61 07 73 62 23 00 10 00 00 88 00 00 98 00 9F 00 09 00 00 00 C7 0E 67 94
[ 1611.946s] FRAME (len=12): 0C 00 11 00 00 00 00 00 01 00 61 76
[ 1616.028s] TEXT: '...;.'
[ 1616.028s] FRAME (len=56): 38 00 11 00 01 00 00 00 01 00 00 12 4B 00 38 0D 16 FD 03 00 B6 08 78 27 34 29 D7 FF 00 00 EE 02 00 00 00 00 00 00 0A 04 00 00 00 00 00 00 06 01 00 00 00 00 00 00 BD B3
[ 1618.071s] TEXT: '....TX succeeded...;.'
[ 1618.071s] TEXT: '.....'
[ 1618.071s] FRAME (len=56): 38 00 11 00 01 00 00 00 01 00 46 81 9E E3 00 1D 00 0F 20 00 D2 0B 75 27 56 B3 00 00 00 00 00 00 61 07 73 62 23 00 10 00 00 88 00 00 98 00 9F 00 09 00 00 00 C7 0E 67 94
[ 1618.071s] FRAME (len=12): 0C 00 11 00 00 00 00 00 01 00 61 76
[ 1624.390s] TEXT: '...;.'
[ 1624.390s] TEXT: '.....'
[ 1624.390s] FRAME (len=56): 38 00 11 00 01 00 00 00 01 00 46 81 9E E3 00 1D 00 0F 20 00 D2 0B 75 27 56 B3 00 00 00 00 00 00 61 07 73 62 23 00 10 00 00 88 00 00 98 00 9F 00 09 00 00 00 C7 0E 67 94
[ 1624.390s] FRAME (len=12): 0C 00 11 00 00 00 00 00 01 00 61 76
[ 1630.693s] TEXT: '...;.'
[ 1630.693s] TEXT: '.....'
[ 1630.693s] TEXT: '.....'
[ 1630.693s] FRAME (len=56): 38 00 11 00 01 00 00 00 01 00 46 81 9E E3 00 1D 00 0F 20 00 D1 0B 75 27 56 B9 00 00 00 00 00 00 61 07 73 62 23 00 10 00 00 88 00 00 98 00 9F 00 09 00 00 00 B4 0E 19 7B
[ 1630.693s] FRAME (len=12): 0C 00 11 00 00 00 00 00 01 00 61 76
[ 1630.693s] FRAME (len=12): 0C 00 11 00 0B 00 00 00 01 00 C3 B5
[ 1636.808s] TEXT: '...;.'
[ 1636.808s] TEXT: '.....'
[ 1636.808s] FRAME (len=56): 38 00 11 00 01 00 00 00 01 00 46 81 9E E3 00 1D 00 0F 20 00 D1 0B 75 27 56 B9 00 00 00 00 00 00 61 07 73 62 23 00 10 00 00 88 00 00 98 00 9F 00 09 00 00 00 B4 0E 19 7B
[ 1636.808s] FRAME (len=12): 0C 00 11 00 00 00 00 00 01 00 61 76
[ 1641.704s] TEXT: '...;.'
[ 1641.704s] FRAME (len=56): 38 00 11 00 01 00 00 00 01 00 00 12 4B 00 38 0D 16 FD 03 00 B6 08 78 27 36 0D D7 FF 00 00 EE 02 00 00 00 00 00 00 0A 04 00 00 00 00 00 00 06 01 00 00 00 00 00 00 47 BD
[ 1642.926s] TEXT: '....TX succeeded...;.'
[ 1642.926s] TEXT: '.....'
[ 1642.926s] FRAME (len=56): 38 00 11 00 01 00 00 00 01 00 46 81 9E E3 00 1D 00 0F 20 00 D1 0B 75 27 56 B9 00 00 00 00 00 00 61 07 73 62 23 00 10 00 00 88 00 00 98 00 9F 00 09 00 00 00 B4 0E 19 7B
[ 1642.926s] FRAME (len=12): 0C 00 11 00 00 00 00 00 01 00 61 76
[ 1649.242s] TEXT: '...;.'
[ 1649.242s] TEXT: '.....'
[ 1649.242s] FRAME (len=56): 38 00 11 00 01 00 00 00 01 00 46 81 9E E3 00 1D 00 0F 20 00 D1 0B 75 27 56 B9 00 00 00 00 00 00 61 07 73 62 23 00 10 00 00 88 00 00 98 00 9F 00 09 00 00 00 B4 0E 19 7B
[ 1649.242s] FRAME (len=12): 0C 00 11 00 00 00 00 00 01 00 61 76
[ 1655.542s] TEXT: '...;.'
[ 1655.542s] TEXT: '.....'
[ 1655.542s] TEXT: '.....'
[ 1655.542s] FRAME (len=56): 38 00 11 00 01 00 00 00 01 00 46 81 9E E3 00 1D 00 0F 20 00 D4 0B 75 27 56 B3 00 00 00 00 00 00 61 07 73 62 23 00 11 00 00 88 00 00 98 00 9F 00 09 00 00 00 A0 0E 43 D6
[ 1655.542s] FRAME (len=12): 0C 00 11 00 00 00 00 00 01 00 61 76
[ 1655.542s] FRAME (len=12): 0C 00 11 00 0B 00 00 00 01 00 C3 B5
[ 1661.652s] TEXT: '...;.'
[ 1661.652s] TEXT: '.....'
[ 1661.652s] FRAME (len=56): 38 00 11 00 01 00 00 00 01 00 46 81 9E E3 00 1D 00 0F 20 00 D4 0B 75 27 56 B3 00 00 00 00 00 00 61 07 73 62 23 00 11 00 00 88 00 00 98 00 9F 00 09 00 00 00 A0 0E 43 D6
[ 1661.652s] FRAME (len=12): 0C 00 11 00 00 00 00 00 01 00 61 76
[ 1667.349s] TEXT: '...;.'
[ 1667.349s] FRAME (len=56): 38 00 11 00 01 00 00 00 01 00 00 12 4B 00 38 0D 16 FD 03 00 B7 08 78 27 34 25 D7 FF 00 00 EE 02 00 00 00 00 00 00 0A 04 00 00 00 00 00 00 06 01 00 00 00 00 00 00 B4 2B
[ 1667.758s] TEXT: '....TX failed: 0xc....TX failed: 0xc...;.'
[ 1667.758s] FRAME (len=56): 38 00 11 00 01 00 00 00 01 00 46 81 9E E3 00 1D 00 0F 20 00 D4 0B 75 27 56 B3 00 00 00 00 00 00 61 07 73 62 23 00 11 00 00 88 00 00 98 00 9F 00 09 00 00 00 A0 0E 43 D6
[ 1667.963s] TEXT: '.....'
[ 1667.963s] FRAME (len=12): 0C 00 11 00 00 00 00 00 01 00 61 76
[ 1674.054s] TEXT: '...;.'
[ 1674.054s] TEXT: '.....'
[ 1674.054s] FRAME (len=56): 38 00 11 00 01 00 00 00 01 00 46 81 9E E3 00 1D 00 0F 20 00 D4 0B 75 27 56 B3 00 00 00 00 00 00 61 07 73 62 23 00 11 00 00 88 00 00 98 00 9F 00 09 00 00 00 A0 0E 43 D6
[ 1674.054s] FRAME (len=12): 0C 00 11 00 00 00 00 00 01 00 61 76
[ 1680.359s] TEXT: '...;.'
[ 1680.359s] TEXT: '.....'
[ 1680.359s] TEXT: '.....'
[ 1680.359s] FRAME (len=56): 38 00 11 00 01 00 00 00 01 00 46 81 9E E3 00 1D 00 0F 20 00 D1 0B 75 27 55 9D 00 00 00 00 00 00 61 07 73 62 22 00 11 00 00 88 00 00 98 00 9F 00 09 00 00 00 B4 0E E9 24
[ 1680.359s] FRAME (len=12): 0C 00 11 00 00 00 00 00 01 00 61 76
[ 1680.359s] FRAME (len=12): 0C 00 11 00 0B 00 00 00 01 00 C3 B5
[ 1686.467s] TEXT: '...;.'
[ 1686.467s] TEXT: '.....'
[ 1686.467s] FRAME (len=56): 38 00 11 00 01 00 00 00 01 00 46 81 9E E3 00 1D 00 0F 20 00 D1 0B 75 27 55 9D 00 00 00 00 00 00 61 07 73 62 22 00 11 00 00 88 00 00 98 00 9F 00 09 00 00 00 B4 0E E9 24
[ 1686.467s] FRAME (len=12): 0C 00 11 00 00 00 00 00 01 00 61 76
[ 1692.785s] TEXT: '...;.'
[ 1692.785s] TEXT: '.....'
[ 1692.785s] FRAME (len=56): 38 00 11 00 01 00 00 00 01 00 46 81 9E E3 00 1D 00 0F 20 00 D1 0B 75 27 55 9D 00 00 00 00 00 00 61 07 73 62 22 00 11 00 00 88 00 00 98 00 9F 00 09 00 00 00 B4 0E E9 24
[ 1692.785s] FRAME (len=12): 0C 00 11 00 00 00 00 00 01 00 61 76
[ 1694.009s] TEXT: '...;.'
[ 1694.009s] FRAME (len=56): 38 00 11 00 01 00 00 00 01 00 00 12 4B 00 38 0D 16 FD 03 00 B7 08 78 27 34 2D D7 FF 00 00 EE 02 00 00 00 00 00 00 0A 04 00 00 00 00 00 00 06 01 00 00 00 00 00 00 63 DC
[ 1698.899s] TEXT: '....TX succeeded...;.'
[ 1698.899s] TEXT: '.....'
[ 1698.899s] FRAME (len=56): 38 00 11 00 01 00 00 00 01 00 46 81 9E E3 00 1D 00 0F 20 00 D1 0B 75 27 55 9D 00 00 00 00 00 00 61 07 73 62 22 00 11 00 00 88 00 00 98 00 9F 00 09 00 00 00 B4 0E E9 24
[ 1698.899s] FRAME (len=12): 0C 00 11 00 00 00 00 00 01 00 61 76
[ 1705.209s] TEXT: '...;.'
[ 1705.209s] TEXT: '.....'
[ 1705.209s] TEXT: '.....'
[ 1705.209s] FRAME (len=56): 38 00 11 00 01 00 00 00 01 00 46 81 9E E3 00 1D 00 0F 20 00 D1 0B 75 27 56 97 00 00 00 00 00 00 61 07 73 62 22 00 13 00 00 88 00 00 98 00 9F 00 09 00 00 00 C7 0E 91 24
[ 1705.209s] FRAME (len=12): 0C 00 11 00 00 00 00 00 01 00 61 76
[ 1705.209s] FRAME (len=12): 0C 00 11 00 0B 00 00 00 01 00 C3 B5
[ 1711.326s] TEXT: '...;.'
[ 1711.326s] TEXT: '.....'
[ 1711.326s] FRAME (len=56): 38 00 11 00 01 00 00 00 01 00 46 81 9E E3 00 1D 00 0F 20 00 D1 0B 75 27 56 97 00 00 00 00 00 00 61 07 73 62 22 00 13 00 00 88 00 00 98 00 9F 00 09 00 00 00 C7 0E 91 24
[ 1711.326s] FRAME (len=12): 0C 00 11 00 00 00 00 00 01 00 61 76
[ 1717.656s] TEXT: '...;.'
[ 1717.656s] TEXT: '.....'
[ 1717.656s] FRAME (len=56): 38 00 11 00 01 00 00 00 01 00 46 81 9E E3 00 1D 00 0F 20 00 D1 0B 75 27 56 97 00 00 00 00 00 00 61 07 73 62 22 00 13 00 00 88 00 00 98 00 9F 00 09 00 00 00 C7 0E 91 24
[ 1717.656s] FRAME (len=12): 0C 00 11 00 00 00 00 00 01 00 61 76
[ 1719.701s] TEXT: '...;.'
[ 1719.701s] FRAME (len=56): 38 00 11 00 01 00 00 00 01 00 00 12 4B 00 38 0D 16 FD 03 00 B7 08 78 27 34 19 D7 FF 00 00 EE 02 00 00 00 00 00 00 0A 04 00 00 00 00 00 00 06 01 00 00 00 00 00 00 28 3F
[ 1723.786s] TEXT: '....TX succeeded...;.'
[ 1723.786s] TEXT: '.....'
[ 1723.786s] FRAME (len=56): 38 00 11 00 01 00 00 00 01 00 46 81 9E E3 00 1D 00 0F 20 00 D1 0B 75 27 56 97 00 00 00 00 00 00 61 07 73 62 22 00 13 00 00 88 00 00 98 00 9F 00 09 00 00 00 C7 0E 91 24
[ 1723.786s] FRAME (len=12): 0C 00 11 00 00 00 00 00 01 00 61 76
[ 1730.097s] TEXT: '...;.'
[ 1730.097s] TEXT: '.....'
[ 1730.097s] TEXT: '.....'
[ 1730.097s] FRAME (len=56): 38 00 11 00 01 00 00 00 01 00 46 81 9E E3 00 1D 00 0F 20 00 D0 0B 75 27 56 BB 00 00 00 00 00 00 61 07 73 62 22 00 13 00 00 88 00 00 98 00 9F 00 09 00 00 00 C7 0E A7 53
[ 1730.097s] FRAME (len=12): 0C 00 11 00 00 00 00 00 01 00 61 76
[ 1730.097s] FRAME (len=12): 0C 00 11 00 0B 00 00 00 01 00 C3 B5
[ 1736.216s] TEXT: '...;.'
[ 1736.216s] TEXT: '.....'
[ 1736.216s] FRAME (len=56): 38 00 11 00 01 00 00 00 01 00 46 81 9E E3 00 1D 00 0F 20 00 D0 0B 75 27 56 BB 00 00 00 00 00 00 61 07 73 62 22 00 13 00 00 88 00 00 98 00 9F 00 09 00 00 00 C7 0E A7 53
[ 1736.216s] FRAME (len=12): 0C 00 11 00 00 00 00 00 01 00 61 76
[ 1742.519s] TEXT: '...;.'
[ 1742.519s] TEXT: '.....'
[ 1742.519s] FRAME (len=56): 38 00 11 00 01 00 00 00 01 00 46 81 9E E3 00 1D 00 0F 20 00 D0 0B 75 27 56 BB 00 00 00 00 00 00 61 07 73 62 22 00 13 00 00 88 00 00 98 00 9F 00 09 00 00 00 C7 0E A7 53
[ 1742.519s] FRAME (len=12): 0C 00 11 00 00 00 00 00 01 00 61 76
[ 1745.370s] TEXT: '...;.'
[ 1745.370s] FRAME (len=56): 38 00 11 00 01 00 00 00 01 00 00 12 4B 00 38 0D 16 FD 03 00 B8 08 78 27 36 09 D6 FF 00 00 EE 02 00 00 00 00 00 00 0A 04 00 00 00 00 00 00 06 01 00 00 00 00 00 00 39 B3
[ 1748.636s] TEXT: '....TX succeeded...;.'
[ 1748.636s] TEXT: '.....'
[ 1748.636s] FRAME (len=56): 38 00 11 00 01 00 00 00 01 00 46 81 9E E3 00 1D 00 0F 20 00 D0 0B 75 27 56 BB 00 00 00 00 00 00 61 07 73 62 22 00 13 00 00 88 00 00 98 00 9F 00 09 00 00 00 C7 0E A7 53
[ 1748.636s] FRAME (len=12): 0C 00 11 00 00 00 00 00 01 00 61 76
[ 1754.950s] TEXT: '...;.'
[ 1754.950s] TEXT: '.....'
[ 1754.950s] TEXT: '.....'
[ 1754.950s] FRAME (len=56): 38 00 11 00 01 00 00 00 01 00 46 81 9E E3 00 1D 00 0F 20 00 D0 0B 75 27 56 CD 00 00 00 00 00 00 61 07 73 62 23 00 11 00 00 88 00 00 98 00 9F 00 09 00 00 00 C7 0E 06 3F
[ 1754.950s] FRAME (len=12): 0C 00 11 00 00 00 00 00 01 00 61 76
[ 1754.950s] FRAME (len=12): 0C 00 11 00 0B 00 00 00 01 00 C3 B5
[ 1761.046s] TEXT: '...;.'
[ 1761.046s] TEXT: '.....'
[ 1761.046s] FRAME (len=56): 38 00 11 00 01 00 00 00 01 00 46 81 9E E3 00 1D 00 0F 20 00 D0 0B 75 27 56 CD 00 00 00 00 00 00 61 07 73 62 23 00 11 00 00 88 00 00 98 00 9F 00 09 00 00 00 C7 0E 06 3F
[ 1761.046s] FRAME (len=12): 0C 00 11 00 00 00 00 00 01 00 61 76
[ 1767.355s] TEXT: '...;.'
[ 1767.355s] TEXT: '.....'
[ 1767.355s] FRAME (len=56): 38 00 11 00 01 00 00 00 01 00 46 81 9E E3 00 1D 00 0F 20 00 D0 0B 75 27 56 CD 00 00 00 00 00 00 61 07 73 62 23 00 11 00 00 88 00 00 98 00 9F 00 09 00 00 00 C7 0E 06 3F
[ 1767.355s] FRAME (len=12): 0C 00 11 00 00 00 00 00 01 00 61 76
[ 1771.020s] TEXT: '...;.'
[ 1771.020s] FRAME (len=56): 38 00 11 00 01 00 00 00 01 00 00 12 4B 00 38 0D 16 FD 03 00 B8 08 77 27 34 15 D6 FF 00 00 EE 02 00 00 00 00 00 00 0A 04 00 00 00 00 00 00 06 01 00 00 00 00 00 00 25 2E
[ 1773.470s] TEXT: '....TX succeeded...;.'
[ 1773.470s] TEXT: '.....'
[ 1773.470s] FRAME (len=56): 38 00 11 00 01 00 00 00 01 00 46 81 9E E3 00 1D 00 0F 20 00 D0 0B 75 27 56 CD 00 00 00 00 00 00 61 07 73 62 23 00 11 00 00 88 00 00 98 00 9F 00 09 00 00 00 C7 0E 06 3F
[ 1773.470s] FRAME (len=12): 0C 00 11 00 00 00 00 00 01 00 61 76
[ 1779.775s] TEXT: '...;.'
[ 1779.775s] TEXT: '.....'
[ 1779.775s] TEXT: '.....'
[ 1779.775s] FRAME (len=56): 38 00 11 00 01 00 00 00 01 00 46 81 9E E3 00 1D 00 0F 20 00 D1 0B 76 27 55 85 00 00 00 00 00 00 61 07 73 62 23 00 12 00 00 88 00 00 98 00 9F 00 09 00 00 00 C7 0E 0D 82
[ 1779.775s] FRAME (len=12): 0C 00 11 00 00 00 00 00 01 00 61 76
[ 1779.775s] FRAME (len=12): 0C 00 11 00 0B 00 00 00 01 00 C3 B5
[ 1785.890s] TEXT: '...;.'
[ 1785.890s] TEXT: '.....'
[ 1785.890s] FRAME (len=56): 38 00 11 00 01 00 00 00 01 00 46 81 9E E3 00 1D 00 0F 20 00 D1 0B 76 27 55 85 00 00 00 00 00 00 61 07 73 62 23 00 12 00 00 88 00 00 98 00 9F 00 09 00 00 00 C7 0E 0D 82
[ 1785.890s] FRAME (len=12): 0C 00 11 00 00 00 00 00 01 00 61 76
[ 1792.197s] TEXT: '...;.'
[ 1792.197s] TEXT: '.....'
[ 1792.197s] FRAME (len=56): 38 00 11 00 01 00 00 00 01 00 46 81 9E E3 00 1D 00 0F 20 00 D1 0B 76 27 55 85 00 00 00 00 00 00 61 07 73 62 23 00 12 00 00 88 00 00 98 00 9F 00 09 00 00 00 C7 0E 0D 82
[ 1792.197s] FRAME (len=12): 0C 00 11 00 00 00 00 00 01 00 61 76
[ 1796.676s] TEXT: '...;.'
[ 1796.676s] FRAME (len=56): 38 00 11 00 01 00 00 00 01 00 00 12 4B 00 38 0D 16 FD 03 00 B8 08 78 27 34 01 D6 FF 00 00 EE 02 00 00 00 00 00 00 0A 04 00 00 00 00 00 00 06 01 00 00 00 00 00 00 D0 56
[ 1798.305s] TEXT: '....TX succeeded...;.'
[ 1798.305s] TEXT: '.....'
[ 1798.305s] FRAME (len=56): 38 00 11 00 01 00 00 00 01 00 46 81 9E E3 00 1D 00 0F 20 00 D1 0B 76 27 55 85 00 00 00 00 00 00 61 07 73 62 23 00 12 00 00 88 00 00 98 00 9F 00 09 00 00 00 C7 0E 0D 82
[ 1798.305s] FRAME (len=12): 0C 00 11 00 00 00 00 00 01 00 61 76
[ 1804.617s] TEXT: '...;.'
[ 1804.617s] TEXT: '.....'
[ 1804.617s] TEXT: '.....'
[ 1804.617s] FRAME (len=56): 38 00 11 00 01 00 00 00 01 00 46 81 9E E3 00 1D 00 0F 20 00 D0 0B 75 27 56 A3 00 00 00 00 00 00 61 07 73 62 23 00 13 00 00 88 00 00 98 00 9F 00 09 00 00 00 B4 0E C4 F6
[ 1804.617s] FRAME (len=12): 0C 00 11 00 00 00 00 00 01 00 61 76
[ 1804.617s] FRAME (len=12): 0C 00 11 00 0B 00 00 00 01 00 C3 B5
[ 1810.729s] TEXT: '...;.'
[ 1810.729s] FRAME (len=56): 38 00 11 00 01 00 00 00 01 00 46 81 9E E3 00 1D 00 0F 20 00 D0 0B 75 27 56 A3 00 00 00 00 00 00 61 07 73 62 23 00 13 00 00 88 00 00 98 00 9F 00 09 00 00 00 B4 0E C4 F6
[ 1810.934s] TEXT: '.....'
[ 1810.934s] FRAME (len=12): 0C 00 11 00 00 00 00 00 01 00 61 76
[ 1817.052s] TEXT: '...;.'
[ 1817.052s] TEXT: '.....'
[ 1817.052s] FRAME (len=56): 38 00 11 00 01 00 00 00 01 00 46 81 9E E3 00 1D 00 0F 20 00 D0 0B 75 27 56 A3 00 00 00 00 00 00 61 07 73 62 23 00 13 00 00 88 00 00 98 00 9F 00 09 00 00 00 B4 0E C4 F6
[ 1817.052s] FRAME (len=12): 0C 00 11 00 00 00 00 00 01 00 61 76
[ 1823.162s] TEXT: '...;.'
[ 1823.162s] TEXT: '.....'
[ 1823.162s] FRAME (len=56): 38 00 11 00 01 00 00 00 01 00 46 81 9E E3 00 1D 00 0F 20 00 D0 0B 75 27 56 A3 00 00 00 00 00 00 61 07 73 62 23 00 13 00 00 88 00 00 98 00 9F 00 09 00 00 00 B4 0E C4 F6
[ 1823.162s] FRAME (len=12): 0C 00 11 00 00 00 00 00 01 00 61 76
[ 1823.367s] TEXT: '...;.'
[ 1823.367s] FRAME (len=56): 38 00 11 00 01 00 00 00 01 00 00 12 4B 00 38 0D 16 FD 03 00 B8 08 77 27 36 05 D6 FF 00 00 EE 02 00 00 00 00 00 00 0A 04 00 00 00 00 00 00 06 01 00 00 00 00 00 00 94 C3
[ 1829.469s] TEXT: '....TX succeeded...;.'
[ 1829.469s] FRAME (len=56): 38 00 11 00 01 00 00 00 01 00 46 81 9E E3 00 1D 00 0F 20 00 D2 0B 75 27 56 9B 00 00 00 00 00 00 61 07 73 62 23 00 13 00 00 88 00 00 98 00 9F 00 09 00 00 00 C7 0E C2 64
[ 1829.669s] TEXT: '.....'
[ 1829.669s] TEXT: '.....'
[ 1829.669s] FRAME (len=12): 0C 00 11 00 00 00 00 00 01 00 61 76
[ 1829.669s] FRAME (len=12): 0C 00 11 00 0B 00 00 00 01 00 C3 B5
[ 1835.555s] TEXT: '...;.'
[ 1835.555s] TEXT: '.....'
[ 1835.555s] FRAME (len=56): 38 00 11 00 01 00 00 00 01 00 46 81 9E E3 00 1D 00 0F 20 00 D2 0B 75 27 56 9B 00 00 00 00 00 00 61 07 73 62 23 00 13 00 00 88 00 00 98 00 9F 00 09 00 00 00 C7 0E C2 64
[ 1835.555s] FRAME (len=12): 0C 00 11 00 00 00 00 00 01 00 61 76
[ 1841.869s] TEXT: '...;.'
[ 1841.869s] TEXT: '.....'
[ 1841.869s] FRAME (len=56): 38 00 11 00 01 00 00 00 01 00 46 81 9E E3 00 1D 00 0F 20 00 D2 0B 75 27 56 9B 00 00 00 00 00 00 61 07 73 62 23 00 13 00 00 88 00 00 98 00 9F 00 09 00 00 00 C7 0E C2 64
[ 1841.869s] FRAME (len=12): 0C 00 11 00 00 00 00 00 01 00 61 76
[ 1848.181s] TEXT: '...;.'
[ 1848.181s] TEXT: '.....'
[ 1848.181s] FRAME (len=56): 38 00 11 00 01 00 00 00 01 00 46 81 9E E3 00 1D 00 0F 20 00 D2 0B 75 27 56 9B 00 00 00 00 00 00 61 07 73 62 23 00 13 00 00 88 00 00 98 00 9F 00 09 00 00 00 C7 0E C2 64
[ 1848.181s] FRAME (len=12): 0C 00 11 00 00 00 00 00 01 00 61 76
[ 1848.997s] TEXT: '...;.'
[ 1848.997s] FRAME (len=56): 38 00 11 00 01 00 00 00 01 00 00 12 4B 00 38 0D 16 FD 03 00 B9 08 77 27 34 19 D6 FF 00 00 EE 02 00 00 00 00 00 00 0A 04 00 00 00 00 00 00 06 01 00 00 00 00 00 00 2C B6
[ 1854.492s] TEXT: '....TX succeeded...;.'
[ 1854.492s] TEXT: '.....'
[ 1854.492s] TEXT: '.....'
[ 1854.492s] FRAME (len=56): 38 00 11 00 01 00 00 00 01 00 46 81 9E E3 00 1D 00 0F 20 00 D1 0B 75 27 55 B1 00 00 00 00 00 00 61 07 73 62 23 00 12 00 00 88 00 00 98 00 9F 00 09 00 00 00 B4 0E 86 D7
[ 1854.492s] FRAME (len=12): 0C 00 11 00 00 00 00 00 01 00 61 76
[ 1854.492s] FRAME (len=12): 0C 00 11 00 0B 00 00 00 01 00 C3 B5
[ 1860.600s] TEXT: '...;.'
[ 1860.600s] TEXT: '.....'
[ 1860.600s] FRAME (len=56): 38 00 11 00 01 00 00 00 01 00 46 81 9E E3 00 1D 00 0F 20 00 D1 0B 75 27 55 B1 00 00 00 00 00 00 61 07 73 62 23 00 12 00 00 88 00 00 98 00 9F 00 09 00 00 00 B4 0E 86 D7
[ 1860.600s] FRAME (len=12): 0C 00 11 00 00 00 00 00 01 00 61 76
[ 1866.708s] TEXT: '...;.'
[ 1866.708s] TEXT: '.....'
[ 1866.708s] FRAME (len=56): 38 00 11 00 01 00 00 00 01 00 46 81 9E E3 00 1D 00 0F 20 00 D1 0B 75 27 55 B1 00 00 00 00 00 00 61 07 73 62 23 00 12 00 00 88 00 00 98 00 9F 00 09 00 00 00 B4 0E 86 D7
[ 1866.708s] FRAME (len=12): 0C 00 11 00 00 00 00 00 01 00 61 76
[ 1873.013s] TEXT: '...;.'
[ 1873.013s] TEXT: '.....'
[ 1873.013s] FRAME (len=56): 38 00 11 00 01 00 00 00 01 00 46 81 9E E3 00 1D 00 0F 20 00 D1 0B 75 27 55 B1 00 00 00 00 00 00 61 07 73 62 23 00 12 00 00 88 00 00 98 00 9F 00 09 00 00 00 B4 0E 86 D7
[ 1873.013s] FRAME (len=12): 0C 00 11 00 00 00 00 00 01 00 61 76
[ 1875.860s] TEXT: '...;.'
[ 1875.860s] FRAME (len=56): 38 00 11 00 01 00 00 00 01 00 00 12 4B 00 38 0D 16 FD 03 00 BA 08 77 27 36 0D D5 FF 64 00 EE 02 00 00 00 00 00 00 0A 04 00 00 00 00 00 00 06 01 00 00 00 00 00 00 AF A3
[ 1879.333s] TEXT: '....TX succeeded...;.'
[ 1879.333s] TEXT: '.....'
[ 1879.333s] TEXT: '.....'
[ 1879.333s] FRAME (len=56): 38 00 11 00 01 00 00 00 01 00 46 81 9E E3 00 1D 00 0F 20 00 CD 0B 75 27 56 9D 00 00 00 00 00 00 61 07 73 62 23 00 12 00 00 88 00 00 98 00 9F 00 09 00 00 00 C7 0E BD D8
[ 1879.333s] FRAME (len=12): 0C 00 11 00 00 00 00 00 01 00 61 76
[ 1879.333s] FRAME (len=12): 0C 00 11 00 0B 00 00 00 01 00 C3 B5
[ 1885.434s] TEXT: '...;.'
[ 1885.434s] TEXT: '.....'
[ 1885.434s] FRAME (len=56): 38 00 11 00 01 00 00 00 01 00 46 81 9E E3 00 1D 00 0F 20 00 CD 0B 75 27 56 9D 00 00 00 00 00 00 61 07 73 62 23 00 12 00 00 88 00 00 98 00 9F 00 09 00 00 00 C7 0E BD D8
[ 1885.434s] FRAME (len=12): 0C 00 11 00 00 00 00 00 01 00 61 76
[ 1891.542s] TEXT: '...;.'
[ 1891.542s] TEXT: '.....'
[ 1891.542s] FRAME (len=56): 38 00 11 00 01 00 00 00 01 00 46 81 9E E3 00 1D 00 0F 20 00 CD 0B 75 27 56 9D 00 00 00 00 00 00 61 07 73 62 23 00 12 00 00 88 00 00 98 00 9F 00 09 00 00 00 C7 0E BD D8
[ 1891.542s] FRAME (len=12): 0C 00 11 00 00 00 00 00 01 00 61 76
[ 1897.859s] TEXT: '...;.'
[ 1897.859s] TEXT: '.....'
[ 1897.859s] FRAME (len=56): 38 00 11 00 01 00 00 00 01 00 46 81 9E E3 00 1D 00 0F 20 00 CD 0B 75 27 56 9D 00 00 00 00 00 00 61 07 73 62 23 00 12 00 00 88 00 00 98 00 9F 00 09 00 00 00 C7 0E BD D8
[ 1897.859s] FRAME (len=12): 0C 00 11 00 00 00 00 00 01 00 61 76
[ 1901.526s] TEXT: '...;.'
[ 1901.526s] FRAME (len=56): 38 00 11 00 01 00 00 00 01 00 00 12 4B 00 38 0D 16 FD 03 00 BA 08 77 27 36 75 D5 FF 64 00 EE 02 00 00 00 00 00 00 0A 04 00 00 00 00 00 00 06 01 00 00 00 00 00 00 97 8A
[ 1904.175s] TEXT: '....TX succeeded...;.'
[ 1904.175s] TEXT: '.....'
[ 1904.175s] TEXT: '.....'
[ 1904.175s] FRAME (len=56): 38 00 11 00 01 00 00 00 01 00 46 81 9E E3 00 1D 00 0F 20 00 CD 0B 75 27 55 8F 00 00 00 00 00 00 61 07 73 62 23 00 11 00 00 88 00 00 98 00 9F 00 09 00 00 00 DA 0E 9C 50
[ 1904.175s] FRAME (len=12): 0C 00 11 00 00 00 00 00 01 00 61 76
[ 1904.175s] FRAME (len=12): 0C 00 11 00 0B 00 00 00 01 00 C3 B5
[ 1910.287s] TEXT: '...;.'
[ 1910.287s] TEXT: '.....'
[ 1910.287s] FRAME (len=56): 38 00 11 00 01 00 00 00 01 00 46 81 9E E3 00 1D 00 0F 20 00 CD 0B 75 27 55 8F 00 00 00 00 00 00 61 07 73 62 23 00 11 00 00 88 00 00 98 00 9F 00 09 00 00 00 DA 0E 9C 50
[ 1910.287s] FRAME (len=12): 0C 00 11 00 00 00 00 00 01 00 61 76
[ 1916.599s] TEXT: '...;.'
[ 1916.599s] TEXT: '.....'
[ 1916.599s] FRAME (len=56): 38 00 11 00 01 00 00 00 01 00 46 81 9E E3 00 1D 00 0F 20 00 CD 0B 75 27 55 8F 00 00 00 00 00 00 61 07 73 62 23 00 11 00 00 88 00 00 98 00 9F 00 09 00 00 00 DA 0E 9C 50
[ 1916.599s] FRAME (len=12): 0C 00 11 00 00 00 00 00 01 00 61 76
[ 1922.716s] TEXT: '...;.'
[ 1922.716s] TEXT: '.....'
[ 1922.716s] FRAME (len=56): 38 00 11 00 01 00 00 00 01 00 46 81 9E E3 00 1D 00 0F 20 00 CD 0B 75 27 55 8F 00 00 00 00 00 00 61 07 73 62 23 00 11 00 00 88 00 00 98 00 9F 00 09 00 00 00 DA 0E 9C 50
[ 1922.716s] FRAME (len=12): 0C 00 11 00 00 00 00 00 01 00 61 76
[ 1927.201s] TEXT: '...;.'
[ 1927.201s] FRAME (len=56): 38 00 11 00 01 00 00 00 01 00 00 12 4B 00 38 0D 16 FD 03 00 BA 08 77 27 36 6D D5 FF 64 00 EE 02 00 00 00 00 00 00 0A 04 00 00 00 00 00 00 06 01 00 00 00 00 00 00 CF 82
[ 1929.033s] TEXT: '....TX succeeded...;.'
[ 1929.033s] TEXT: '.....'
[ 1929.033s] TEXT: '.....'
[ 1929.033s] FRAME (len=56): 38 00 11 00 01 00 00 00 01 00 46 81 9E E3 00 1D 00 0F 20 00 CF 0B 75 27 56 8F 00 00 00 00 00 00 61 07 73 62 23 00 13 00 00 88 00 00 98 00 9F 00 09 00 00 00 B4 0E 9A 0B
[ 1929.033s] FRAME (len=12): 0C 00 11 00 00 00 00 00 01 00 61 76
[ 1929.033s] FRAME (len=12): 0C 00 11 00 0B 00 00 00 01 00 C3 B5
[ 1935.143s] TEXT: '...;.'
[ 1935.143s] TEXT: '.....'
[ 1935.143s] FRAME (len=56): 38 00 11 00 01 00 00 00 01 00 46 81 9E E3 00 1D 00 0F 20 00 CF 0B 75 27 56 8F 00 00 00 00 00 00 61 07 73 62 23 00 13 00 00 88 00 00 98 00 9F 00 09 00 00 00 B4 0E 9A 0B
[ 1935.143s] FRAME (len=12): 0C 00 11 00 00 00 00 00 01 00 61 76
[ 1941.454s] TEXT: '...;.'
[ 1941.454s] TEXT: '.....'
[ 1941.454s] FRAME (len=56): 38 00 11 00 01 00 00 00 01 00 46 81 9E E3 00 1D 00 0F 20 00 CF 0B 75 27 56 8F 00 00 00 00 00 00 61 07 73 62 23 00 13 00 00 88 00 00 98 00 9F 00 09 00 00 00 B4 0E 9A 0B
[ 1941.454s] FRAME (len=12): 0C 00 11 00 00 00 00 00 01 00 61 76
[ 1947.576s] TEXT: '...;.'
[ 1947.576s] TEXT: '.....'
[ 1947.576s] FRAME (len=56): 38 00 11 00 01 00 00 00 01 00 46 81 9E E3 00 1D 00 0F 20 00 CF 0B 75 27 56 8F 00 00 00 00 00 00 61 07 73 62 23 00 13 00 00 88 00 00 98 00 9F 00 09 00 00 00 B4 0E 9A 0B
[ 1947.576s] FRAME (len=12): 0C 00 11 00 00 00 00 00 01 00 61 76
[ 1952.872s] TEXT: '...;.'
[ 1952.872s] FRAME (len=56): 38 00 11 00 01 00 00 00 01 00 00 12 4B 00 38 0D 16 FD 03 00 BB 08 77 27 36 75 D5 FF 64 00 EE 02 00 00 00 00 00 00 0A 04 00 00 00 00 00 00 06 01 00 00 00 00 00 00 B2 16
[ 1953.885s] TEXT: '....TX failed: 0xc....TX failed: 0xc...;.'
[ 1953.885s] TEXT: '.....'
[ 1953.885s] TEXT: '.....'
[ 1953.885s] FRAME (len=56): 38 00 11 00 01 00 00 00 01 00 46 81 9E E3 00 1D 00 0F 20 00 CD 0B 75 27 56 9B 00 00 00 00 00 00 61 07 73 62 23 00 12 00 00 88 00 00 98 00 9F 00 09 00 00 00 C7 0E AB DA
[ 1953.885s] FRAME (len=12): 0C 00 11 00 00 00 00 00 01 00 61 76
[ 1953.885s] FRAME (len=12): 0C 00 11 00 0B 00 00 00 01 00 C3 B5
[ 1959.991s] TEXT: '...;.'
[ 1959.991s] TEXT: '.....'
[ 1959.991s] FRAME (len=56): 38 00 11 00 01 00 00 00 01 00 46 81 9E E3 00 1D 00 0F 20 00 CD 0B 75 27 56 9B 00 00 00 00 00 00 61 07 73 62 23 00 12 00 00 88 00 00 98 00 9F 00 09 00 00 00 C7 0E AB DA
[ 1959.991s] FRAME (len=12): 0C 00 11 00 00 00 00 00 01 00 61 76
[ 1966.299s] TEXT: '...;.'
[ 1966.299s] TEXT: '.....'
[ 1966.299s] FRAME (len=56): 38 00 11 00 01 00 00 00 01 00 46 81 9E E3 00 1D 00 0F 20 00 CD 0B 75 27 56 9B 00 00 00 00 00 00 61 07 73 62 23 00 12 00 00 88 00 00 98 00 9F 00 09 00 00 00 C7 0E AB DA
[ 1966.299s] FRAME (len=12): 0C 00 11 00 00 00 00 00 01 00 61 76
[ 1972.400s] TEXT: '...;.'
[ 1972.400s] TEXT: '.....'
[ 1972.400s] FRAME (len=56): 38 00 11 00 01 00 00 00 01 00 46 81 9E E3 00 1D 00 0F 20 00 CD 0B 75 27 56 9B 00 00 00 00 00 00 61 07 73 62 23 00 12 00 00 88 00 00 98 00 9F 00 09 00 00 00 C7 0E AB DA
[ 1972.400s] FRAME (len=12): 0C 00 11 00 00 00 00 00 01 00 61 76
[ 1978.722s] TEXT: '...;.'
[ 1978.722s] TEXT: '.....'
[ 1978.722s] TEXT: '.....'
[ 1978.722s] FRAME (len=56): 38 00 11 00 01 00 00 00 01 00 46 81 9E E3 00 1D 00 0F 20 00 CB 0B 75 27 56 A9 00 00 00 00 00 00 61 07 73 62 24 00 12 00 00 88 00 00 98 00 9F 00 09 00 00 00 B4 0E 94 EE
[ 1978.722s] FRAME (len=12): 0C 00 11 00 00 00 00 00 01 00 61 76
[ 1978.722s] FRAME (len=12): 0C 00 11 00 0B 00 00 00 01 00 C3 B5
[ 1979.538s] TEXT: '...;.'
[ 1979.538s] FRAME (len=56): 38 00 11 00 01 00 00 00 01 00 00 12 4B 00 38 0D 16 FD 03 00 BB 08 77 27 34 59 D5 FF 64 00 EE 02 00 00 00 00 00 00 0A 04 00 00 00 00 00 00 06 01 00 00 00 00 00 00 9F EF
[ 1984.840s] TEXT: '....TX succeeded...;.'
[ 1984.840s] TEXT: '.....'
[ 1984.840s] FRAME (len=56): 38 00 11 00 01 00 00 00 01 00 46 81 9E E3 00 1D 00 0F 20 00 CB 0B 75 27 56 A9 00 00 00 00 00 00 61 07 73 62 24 00 12 00 00 88 00 00 98 00 9F 00 09 00 00 00 B4 0E 94 EE
[ 1984.840s] FRAME (len=12): 0C 00 11 00 00 00 00 00 01 00 61 76
[ 1991.139s] TEXT: '...;.'
[ 1991.139s] TEXT: '.....'
[ 1991.139s] FRAME (len=56): 38 00 11 00 01 00 00 00 01 00 46 81 9E E3 00 1D 00 0F 20 00 CB 0B 75 27 56 A9 00 00 00 00 00 00 61 07 73 62 24 00 12 00 00 88 00 00 98 00 9F 00 09 00 00 00 B4 0E 94 EE
[ 1991.139s] FRAME (len=12): 0C 00 11 00 00 00 00 00 01 00 61 76
[ 1997.250s] TEXT: '...;.'
[ 1997.250s] TEXT: '.....'
[ 1997.250s] FRAME (len=56): 38 00 11 00 01 00 00 00 01 00 46 81 9E E3 00 1D 00 0F 20 00 CB 0B 75 27 56 A9 00 00 00 00 00 00 61 07 73 62 24 00 12 00 00 88 00 00 98 00 9F 00 09 00 00 00 B4 0E 94 EE
[ 1997.250s] FRAME (len=12): 0C 00 11 00 00 00 00 00 01 00 61 76
[ 2003.560s] TEXT: '...;.'
[ 2003.765s] TEXT: '.....'
[ 2003.765s] TEXT: '.....'
[ 2003.765s] FRAME (len=56): 38 00 11 00 01 00 00 00 01 00 46 81 9E E3 00 1D 00 0F 20 00 CC 0B 75 27 55 9D 00 00 00 00 00 00 61 07 73 62 24 00 13 00 00 88 00 00 98 00 9F 00 09 00 00 00 B4 0E 42 5A
[ 2003.765s] FRAME (len=12): 0C 00 11 00 00 00 00 00 01 00 61 76
[ 2003.765s] FRAME (len=12): 0C 00 11 00 0B 00 00 00 01 00 C3 B5
[ 2006.205s] TEXT: '...;.'
[ 2006.205s] FRAME (len=56): 38 00 11 00 01 00 00 00 01 00 00 12 4B 00 38 0D 16 FD 03 00 BC 08 77 27 36 15 D6 FF 00 00 EE 02 00 00 00 00 00 00 0A 04 00 00 00 00 00 00 06 01 00 00 00 00 00 00 CD 6C
[ 2009.667s] TEXT: '....TX succeeded...;.'
[ 2009.667s] TEXT: '.....'
[ 2009.667s] FRAME (len=56): 38 00 11 00 01 00 00 00 01 00 46 81 9E E3 00 1D 00 0F 20 00 CC 0B 75 27 55 9D 00 00 00 00 00 00 61 07 73 62 24 00 13 00 00 88 00 00 98 00 9F 00 09 00 00 00 B4 0E 42 5A
[ 2009.667s] FRAME (len=12): 0C 00 11 00 00 00 00 00 01 00 61 76
[ 2015.967s] TEXT: '...;.'
[ 2015.967s] TEXT: '.....'
[ 2015.967s] FRAME (len=56): 38 00 11 00 01 00 00 00 01 00 46 81 9E E3 00 1D 00 0F 20 00 CC 0B 75 27 55 9D 00 00 00 00 00 00 61 07 73 62 24 00 13 00 00 88 00 00 98 00 9F 00 09 00 00 00 B4 0E 42 5A
[ 2015.967s] FRAME (len=12): 0C 00 11 00 00 00 00 00 01 00 61 76
[ 2022.273s] TEXT: '...;.'
[ 2022.273s] TEXT: '.....'
[ 2022.273s] FRAME (len=56): 38 00 11 00 01 00 00 00 01 00 46 81 9E E3 00 1D 00 0F 20 00 CC 0B 75 27 55 9D 00 00 00 00 00 00 61 07 73 62 24 00 13 00 00 88 00 00 98 00 9F 00 09 00 00 00 B4 0E 42 5A
[ 2022.273s] FRAME (len=12): 0C 00 11 00 00 00 00 00 01 00 61 76
[ 2028.600s] TEXT: '...;.'
[ 2028.600s] TEXT: '.....'
[ 2028.600s] TEXT: '.....'
[ 2028.600s] FRAME (len=56): 38 00 11 00 01 00 00 00 01 00 46 81 9E E3 00 1D 00 0F 20 00 CB 0B 75 27 56 9D 00 00 00 00 00 00 61 07 73 62 24 00 13 00 00 88 00 00 98 00 9F 00 09 00 00 00 A0 0E 4C 6A
[ 2028.600s] FRAME (len=12): 0C 00 11 00 00 00 00 00 01 00 61 76
[ 2028.600s] FRAME (len=12): 0C 00 11 00 0B 00 00 00 01 00 C3 B5
[ 2031.848s] TEXT: '...;.'
[ 2031.848s] FRAME (len=56): 38 00 11 00 01 00 00 00 01 00 00 12 4B 00 38 0D 16 FD 03 00 BC 08 77 27 36 71 D6 FF 00 00 EE 02 00 00 00 00 00 00 0A 04 00 00 00 00 00 00 06 01 00 00 00 00 00 00 56 BE
[ 2034.492s] TEXT: '....TX succeeded...;.'
[ 2034.492s] FRAME (len=56): 38 00 11 00 01 00 00 00 01 00 46 81 9E E3 00 1D 00 0F 20 00 CB 0B 75 27 56 9D 00 00 00 00 00 00 61 07 73 62 24 00 13 00 00 88 00 00 98 00 9F 00 09 00 00 00 A0 0E 4C 6A
[ 2034.695s] TEXT: '.....'
[ 2034.695s] FRAME (len=12): 0C 00 11 00 00 00 00 00 01 00 61 76
[ 2040.802s] TEXT: '...;.'
[ 2040.802s] TEXT: '.....'
[ 2040.802s] FRAME (len=56): 38 00 11 00 01 00 00 00 01 00 46 81 9E E3 00 1D 00 0F 20 00 CB 0B 75 27 56 9D 00 00 00 00 00 00 61 07 73 62 24 00 13 00 00 88 00 00 98 00 9F 00 09 00 00 00 A0 0E 4C 6A
[ 2040.802s] FRAME (len=12): 0C 00 11 00 00 00 00 00 01 00 61 76
[ 2047.127s] TEXT: '...;.'
[ 2047.127s] TEXT: '.....'
[ 2047.127s] FRAME (len=56): 38 00 11 00 01 00 00 00 01 00 46 81 9E E3 00 1D 00 0F 20 00 CB 0B 75 27 56 9D 00 00 00 00 00 00 61 07 73 62 24 00 13 00 00 88 00 00 98 00 9F 00 09 00 00 00 A0 0E 4C 6A
[ 2047.127s] FRAME (len=12): 0C 00 11 00 00 00 00 00 01 00 61 76
[ 2053.441s] TEXT: '...;.'
[ 2053.441s] TEXT: '.....'
[ 2053.441s] TEXT: '.....'
[ 2053.441s] FRAME (len=56): 38 00 11 00 01 00 00 00 01 00 46 81 9E E3 00 1D 00 0F 20 00 CD 0B 75 27 56 89 00 00 00 00 00 00 61 07 73 62 24 00 13 00 00 88 00 00 98 00 9F 00 09 00 00 00 B4 0E 32 D1
[ 2053.441s] FRAME (len=12): 0C 00 11 00 00 00 00 00 01 00 61 76
[ 2053.441s] FRAME (len=12): 0C 00 11 00 0B 00 00 00 01 00 C3 B5
[ 2057.507s] TEXT: '...;.'
[ 2057.507s] FRAME (len=56): 38 00 11 00 01 00 00 00 01 00 00 12 4B 00 38 0D 16 FD 03 00 BC 08 77 27 36 69 D6 FF 00 00 EE 02 00 00 00 00 00 00 0A 04 00 00 00 00 00 00 06 01 00 00 00 00 00 00 0E B6
[ 2059.335s] TEXT: '....TX succeeded...;.'
[ 2059.335s] FRAME (len=56): 38 00 11 00 01 00 00 00 01 00 46 81 9E E3 00 1D 00 0F 20 00 CD 0B 75 27 56 89 00 00 00 00 00 00 61 07 73 62 24 00 13 00 00 88 00 00 98 00 9F 00 09 00 00 00 B4 0E 32 D1
[ 2059.538s] TEXT: '.....'
[ 2059.538s] FRAME (len=12): 0C 00 11 00 00 00 00 00 01 00 61 76
[ 2065.644s] TEXT: '...;.'
[ 2065.644s] TEXT: '.....'
[ 2065.644s] FRAME (len=56): 38 00 11 00 01 00 00 00 01 00 46 81 9E E3 00 1D 00 0F 20 00 CD 0B 75 27 56 89 00 00 00 00 00 00 61 07 73 62 24 00 13 00 00 88 00 00 98 00 9F 00 09 00 00 00 B4 0E 32 D1
[ 2065.644s] FRAME (len=12): 0C 00 11 00 00 00 00 00 01 00 61 76
[ 2071.971s] TEXT: '...;.'
[ 2071.971s] TEXT: '.....'
[ 2071.971s] FRAME (len=56): 38 00 11 00 01 00 00 00 01 00 46 81 9E E3 00 1D 00 0F 20 00 CD 0B 75 27 56 89 00 00 00 00 00 00 61 07 73 62 24 00 13 00 00 88 00 00 98 00 9F 00 09 00 00 00 B4 0E 32 D1
[ 2071.971s] FRAME (len=12): 0C 00 11 00 00 00 00 00 01 00 61 76
[ 2078.275s] TEXT: '...;.'
[ 2078.275s] TEXT: '.....'
[ 2078.275s] TEXT: '.....'
[ 2078.275s] FRAME (len=56): 38 00 11 00 01 00 00 00 01 00 46 81 9E E3 00 1D 00 0F 20 00 CB 0B 75 27 55 99 00 00 00 00 00 00 61 07 73 62 24 00 12 00 00 88 00 00 98 00 9F 00 09 00 00 00 C7 0E 0F B8
[ 2078.275s] FRAME (len=12): 0C 00 11 00 00 00 00 00 01 00 61 76
[ 2078.275s] FRAME (len=12): 0C 00 11 00 0B 00 00 00 01 00 C3 B5
[ 2083.165s] TEXT: '...;.'
[ 2083.165s] FRAME (len=56): 38 00 11 00 01 00 00 00 01 00 00 12 4B 00 38 0D 16 FD 03 00 BD 08 77 27 36 75 D6 FF 00 00 EE 02 00 00 00 00 00 00 0A 04 00 00 00 00 00 00 06 01 00 00 00 00 00 00 88 D1
[ 2084.384s] TEXT: '....TX succeeded...;.'
[ 2084.384s] TEXT: '.....'
[ 2084.384s] FRAME (len=56): 38 00 11 00 01 00 00 00 01 00 46 81 9E E3 00 1D 00 0F 20 00 CB 0B 75 27 55 99 00 00 00 00 00 00 61 07 73 62 24 00 12 00 00 88 00 00 98 00 9F 00 09 00 00 00 C7 0E 0F B8
[ 2084.384s] FRAME (len=12): 0C 00 11 00 00 00 00 00 01 00 61 76
[ 2090.483s] TEXT: '...;.'
[ 2090.483s] TEXT: '.....'
[ 2090.483s] FRAME (len=56): 38 00 11 00 01 00 00 00 01 00 46 81 9E E3 00 1D 00 0F 20 00 CB 0B 75 27 55 99 00 00 00 00 00 00 61 07 73 62 24 00 12 00 00 88 00 00 98 00 9F 00 09 00 00 00 C7 0E 0F B8
[ 2090.483s] FRAME (len=12): 0C 00 11 00 00 00 00 00 01 00 61 76
[ 2096.792s] TEXT: '...;.'
[ 2096.792s] TEXT: '.....'
[ 2096.792s] FRAME (len=56): 38 00 11 00 01 00 00 00 01 00 46 81 9E E3 00 1D 00 0F 20 00 CB 0B 75 27 55 99 00 00 00 00 00 00 61 07 73 62 24 00 12 00 00 88 00 00 98 00 9F 00 09 00 00 00 C7 0E 0F B8
[ 2096.792s] FRAME (len=12): 0C 00 11 00 00 00 00 00 01 00 61 76
[ 2103.086s] TEXT: '...;.'
[ 2103.086s] TEXT: '.....'
[ 2103.086s] TEXT: '.....'
[ 2103.086s] FRAME (len=56): 38 00 11 00 01 00 00 00 01 00 46 81 9E E3 00 1D 00 0F 20 00 C7 0B 75 27 56 8B 00 00 00 00 00 00 61 07 73 62 24 00 13 00 00 88 00 00 98 00 9F 00 09 00 00 00 A0 0E AF 66
[ 2103.086s] FRAME (len=12): 0C 00 11 00 00 00 00 00 01 00 61 76
[ 2103.086s] FRAME (len=12): 0C 00 11 00 0B 00 00 00 01 00 C3 B5
[ 2109.204s] TEXT: '...;.'
[ 2109.204s] TEXT: '.....'
[ 2109.204s] FRAME (len=56): 38 00 11 00 01 00 00 00 01 00 46 81 9E E3 00 1D 00 0F 20 00 C7 0B 75 27 56 8B 00 00 00 00 00 00 61 07 73 62 24 00 13 00 00 88 00 00 98 00 9F 00 09 00 00 00 A0 0E AF 66
[ 2109.204s] FRAME (len=12): 0C 00 11 00 00 00 00 00 01 00 61 76
[ 2110.019s] TEXT: '...;.'
[ 2110.019s] FRAME (len=25): 38 00 11 00 01 00 00 00 01 00 00 12 4B 00 38 0D 16 FD 03 00 BE 08 77 27 36
[ 2115.312s] TEXT: '............\n.................}....TX succeeded...;.'
[ 2115.312s] FRAME (len=56): 38 00 11 00 01 00 00 00 01 00 46 81 9E E3 00 1D 00 0F 20 00 C7 0B 75 27 56 8B 00 00 00 00 00 00 61 07 73 62 24 00 13 00 00 88 00 00 98 00 9F 00 09 00 00 00 A0 0E AF 66
[ 2115.517s] TEXT: '.....'
[ 2115.517s] FRAME (len=12): 0C 00 11 00 00 00 00 00 01 00 61 76
[ 2121.625s] TEXT: '...;.'
[ 2121.625s] TEXT: '.....'
[ 2121.625s] FRAME (len=56): 38 00 11 00 01 00 00 00 01 00 46 81 9E E3 00 1D 00 0F 20 00 C7 0B 75 27 56 8B 00 00 00 00 00 00 61 07 73 62 24 00 13 00 00 88 00 00 98 00 9F 00 09 00 00 00 A0 0E AF 66
[ 2121.625s] FRAME (len=12): 0C 00 11 00 00 00 00 00 01 00 61 76
[ 2127.926s] TEXT: '...;.'
[ 2127.926s] TEXT: '.....'
[ 2127.926s] TEXT: '.....'
[ 2127.926s] FRAME (len=56): 38 00 11 00 01 00 00 00 01 00 46 81 9E E3 00 1D 00 0F 20 00 C4 0B 74 27 56 C9 00 00 00 00 00 00 61 07 73 62 24 00 13 00 00 88 00 00 98 00 9F 00 09 00 00 00 DA 0E 87 53
[ 2127.926s] FRAME (len=12): 0C 00 11 00 00 00 00 00 01 00 61 76
[ 2127.926s] FRAME (len=12): 0C 00 11 00 0B 00 00 00 01 00 C3 B5
[ 2134.048s] TEXT: '...;.'
[ 2134.048s] TEXT: '.....'
[ 2134.048s] FRAME (len=56): 38 00 11 00 01 00 00 00 01 00 46 81 9E E3 00 1D 00 0F 20 00 C4 0B 74 27 56 C9 00 00 00 00 00 00 61 07 73 62 24 00 13 00 00 88 00 00 98 00 9F 00 09 00 00 00 DA 0E 87 53
[ 2134.048s] FRAME (len=12): 0C 00 11 00 00 00 00 00 01 00 61 76
[ 2135.679s] TEXT: '...;.'
[ 2135.679s] FRAME (len=56): 38 00 11 00 01 00 00 00 01 00 00 12 4B 00 38 0D 16 FD 03 00 BE 08 77 27 36 05 D6 FF 00 00 EE 02 00 00 00 00 00 00 0A 04 00 00 00 00 00 00 06 01 00 00 00 00 00 00 29 BB
[ 2140.162s] TEXT: '....TX succeeded...;.'
[ 2140.162s] FRAME (len=56): 38 00 11 00 01 00 00 00 01 00 46 81 9E E3 00 1D 00 0F 20 00 C4 0B 74 27 56 C9 00 00 00 00 00 00 61 07 73 62 24 00 13 00 00 88 00 00 98 00 9F 00 09 00 00 00 DA 0E 87 53
[ 2140.368s] TEXT: '.....'
[ 2140.368s] FRAME (len=12): 0C 00 11 00 00 00 00 00 01 00 61 76
[ 2146.487s] TEXT: '...;.'
[ 2146.487s] TEXT: '.....'
[ 2146.487s] FRAME (len=56): 38 00 11 00 01 00 00 00 01 00 46 81 9E E3 00 1D 00 0F 20 00 C4 0B 74 27 56 C9 00 00 00 00 00 00 61 07 73 62 24 00 13 00 00 88 00 00 98 00 9F 00 09 00 00 00 DA 0E 87 53
[ 2146.487s] FRAME (len=12): 0C 00 11 00 00 00 00 00 01 00 61 76
[ 2152.797s] TEXT: '...;.'
[ 2152.797s] TEXT: '.....'
[ 2152.797s] TEXT: '.....'
[ 2152.797s] FRAME (len=56): 38 00 11 00 01 00 00 00 01 00 46 81 9E E3 00 1D 00 0F 20 00 CC 0B 75 27 56 93 00 00 00 00 00 00 61 07 73 62 24 00 12 00 00 88 00 00 98 00 9F 00 09 00 00 00 C7 0E 8C 41
[ 2152.797s] FRAME (len=12): 0C 00 11 00 00 00 00 00 01 00 61 76
[ 2152.797s] FRAME (len=12): 0C 00 11 00 0B 00 00 00 01 00 C3 B5
[ 2158.916s] TEXT: '...;.'
[ 2158.916s] TEXT: '.....'
[ 2158.916s] FRAME (len=56): 38 00 11 00 01 00 00 00 01 00 46 81 9E E3 00 1D 00 0F 20 00 CC 0B 75 27 56 93 00 00 00 00 00 00 61 07 73 62 24 00 12 00 00 88 00 00 98 00 9F 00 09 00 00 00 C7 0E 8C 41
[ 2158.916s] FRAME (len=12): 0C 00 11 00 00 00 00 00 01 00 61 76
[ 2161.355s] TEXT: '...;.'
[ 2161.355s] FRAME (len=56): 38 00 11 00 01 00 00 00 01 00 00 12 4B 00 38 0D 16 FD 03 00 BE 08 77 27 36 45 D6 FF 00 00 EE 02 00 00 00 00 00 00 0A 04 00 00 00 00 00 00 06 01 00 00 00 00 00 00 76 75
[ 2165.005s] TEXT: '....TX succeeded...;.'
[ 2165.005s] FRAME (len=56): 38 00 11 00 01 00 00 00 01 00 46 81 9E E3 00 1D 00 0F 20 00 CC 0B 75 27 56 93 00 00 00 00 00 00 61 07 73 62 24 00 12 00 00 88 00 00 98 00 9F 00 09 00 00 00 C7 0E 8C 41
[ 2165.210s] TEXT: '.....'
[ 2165.210s] FRAME (len=12): 0C 00 11 00 00 00 00 00 01 00 61 76
[ 2171.324s] TEXT: '...;.'
[ 2171.324s] TEXT: '.....'
[ 2171.324s] FRAME (len=56): 38 00 11 00 01 00 00 00 01 00 46 81 9E E3 00 1D 00 0F 20 00 CC 0B 75 27 56 93 00 00 00 00 00 00 61 07 73 62 24 00 12 00 00 88 00 00 98 00 9F 00 09 00 00 00 C7 0E 8C 41
[ 2171.324s] FRAME (len=12): 0C 00 11 00 00 00 00 00 01 00 61 76
[ 2177.632s] TEXT: '...;.'
[ 2177.632s] TEXT: '.....'
[ 2177.632s] TEXT: '.....'
[ 2177.632s] FRAME (len=56): 38 00 11 00 01 00 00 00 01 00 46 81 9E E3 00 1D 00 0F 20 00 CF 0B 75 27 56 97 00 00 00 00 00 00 61 07 73 62 24 00 11 00 00 88 00 00 98 00 9F 00 09 00 00 00 DA 0E 5B 9B
[ 2177.632s] FRAME (len=12): 0C 00 11 00 00 00 00 00 01 00 61 76
[ 2177.632s] FRAME (len=12): 0C 00 11 00 0B 00 00 00 01 00 C3 B5
[ 2183.734s] TEXT: '...;.'
[ 2183.734s] TEXT: '.....'
[ 2183.734s] FRAME (len=56): 38 00 11 00 01 00 00 00 01 00 46 81 9E E3 00 1D 00 0F 20 00 CF 0B 75 27 56 97 00 00 00 00 00 00 61 07 73 62 24 00 11 00 00 88 00 00 98 00 9F 00 09 00 00 00 DA 0E 5B 9B
[ 2183.734s] FRAME (len=12): 0C 00 11 00 00 00 00 00 01 00 61 76
[ 2186.979s] TEXT: '...;.'
[ 2186.979s] FRAME (len=56): 38 00 11 00 01 00 00 00 01 00 00 12 4B 00 38 0D 16 FD 03 00 BE 08 77 27 36 65 D6 FF 00 00 EE 02 00 00 00 00 00 00 0A 04 00 00 00 00 00 00 06 01 00 00 00 00 00 00 49 9A
[ 2190.030s] TEXT: '....TX succeeded...;.'
[ 2190.030s] TEXT: '.....'
[ 2190.030s] FRAME (len=56): 38 00 11 00 01 00 00 00 01 00 46 81 9E E3 00 1D 00 0F 20 00 CF 0B 75 27 56 97 00 00 00 00 00 00 61 07 73 62 24 00 11 00 00 88 00 00 98 00 9F 00 09 00 00 00 DA 0E 5B 9B
[ 2190.030s] FRAME (len=12): 0C 00 11 00 00 00 00 00 01 00 61 76
[ 2196.157s] TEXT: '...;.'
[ 2196.157s] TEXT: '.....'
[ 2196.157s] FRAME (len=56): 38 00 11 00 01 00 00 00 01 00 46 81 9E E3 00 1D 00 0F 20 00 CF 0B 75 27 56 97 00 00 00 00 00 00 61 07 73 62 24 00 11 00 00 88 00 00 98 00 9F 00 09 00 00 00 DA 0E 5B 9B
[ 2196.157s] FRAME (len=12): 0C 00 11 00 00 00 00 00 01 00 61 76
[ 2202.676s] TEXT: '...;.'
[ 2202.676s] TEXT: '.....'
[ 2202.676s] TEXT: '.....'
[ 2202.676s] FRAME (len=56): 38 00 11 00 01 00 00 00 01 00 46 81 9E E3 00 1D 00 0F 20 00 CD 0B 75 27 56 AD 00 00 00 00 00 00 61 07 73 62 24 00 12 00 00 88 00 00 98 00 9F 00 09 00 00 00 C7 0E D8 38
[ 2202.676s] FRAME (len=12): 0C 00 11 00 00 00 00 00 01 00 61 76
[ 2202.676s] FRAME (len=12): 0C 00 11 00 0B 00 00 00 01 00 C3 B5
[ 2208.571s] TEXT: '...;.'
[ 2208.571s] TEXT: '.....'
[ 2208.571s] FRAME (len=56): 38 00 11 00 01 00 00 00 01 00 46 81 9E E3 00 1D 00 0F 20 00 CD 0B 75 27 56 AD 00 00 00 00 00 00 61 07 73 62 24 00 12 00 00 88 00 00 98 00 9F 00 09 00 00 00 C7 0E D8 38
[ 2208.571s] FRAME (len=12): 0C 00 11 00 00 00 00 00 01 00 61 76
[ 2213.671s] TEXT: '...;.'
[ 2213.671s] FRAME (len=56): 38 00 11 00 01 00 00 00 01 00 00 12 4B 00 38 0D 16 FD 03 00 BF 08 77 27 36 1D D4 FF 64 00 EE 02 00 00 00 00 00 00 0A 04 00 00 00 00 00 00 06 01 00 00 00 00 00 00 47 B4
[ 2214.894s] TEXT: '....TX succeeded...;.'
[ 2214.894s] TEXT: '.....'
[ 2214.894s] FRAME (len=56): 38 00 11 00 01 00 00 00 01 00 46 81 9E E3 00 1D 00 0F 20 00 CD 0B 75 27 56 AD 00 00 00 00 00 00 61 07 73 62 24 00 12 00 00 88 00 00 98 00 9F 00 09 00 00 00 C7 0E D8 38
[ 2214.894s] FRAME (len=12): 0C 00 11 00 00 00 00 00 01 00 61 76
[ 2220.991s] TEXT: '...;.'
[ 2220.991s] TEXT: '.....'
[ 2220.991s] FRAME (len=56): 38 00 11 00 01 00 00 00 01 00 46 81 9E E3 00 1D 00 0F 20 00 CD 0B 75 27 56 AD 00 00 00 00 00 00 61 07 73 62 24 00 12 00 00 88 00 00 98 00 9F 00 09 00 00 00 C7 0E D8 38
[ 2220.991s] FRAME (len=12): 0C 00 11 00 00 00 00 00 01 00 61 76
[ 2227.517s] TEXT: '...;.'
[ 2227.517s] TEXT: '.....'
[ 2227.517s] TEXT: '.....'
[ 2227.517s] FRAME (len=56): 38 00 11 00 01 00 00 00 01 00 46 81 9E E3 00 1D 00 0F 20 00 D0 0B 75 27 56 8F 00 00 00 00 00 00 61 07 73 62 24 00 13 00 00 88 00 00 98 00 9F 00 09 00 00 00 B4 0E 02 ED
[ 2227.517s] FRAME (len=12): 0C 00 11 00 00 00 00 00 01 00 61 76
[ 2227.517s] FRAME (len=12): 0C 00 11 00 0B 00 00 00 01 00 C3 B5
[ 2233.423s] TEXT: '...;.'
[ 2233.629s] TEXT: '.....'
[ 2233.629s] FRAME (len=56): 38 00 11 00 01 00 00 00 01 00 46 81 9E E3 00 1D 00 0F 20 00 D0 0B 75 27 56 8F 00 00 00 00 00 00 61 07 73 62 24 00 13 00 00 88 00 00 98 00 9F 00 09 00 00 00 B4 0E 02 ED
[ 2233.629s] FRAME (len=12): 0C 00 11 00 00 00 00 00 01 00 61 76
[ 2239.326s] TEXT: '...;.'
[ 2239.326s] FRAME (len=56): 38 00 11 00 01 00 00 00 01 00 00 12 4B 00 38 0D 16 FD 03 00 C0 08 78 27 36 15 D4 FF 64 00 EE 02 00 00 00 00 00 00 0A 04 00 00 00 00 00 00 06 01 00 00 00 00 00 00 6B DA
[ 2239.734s] TEXT: '....TX failed: 0xc....TX failed: 0xc...;.'
[ 2239.734s] TEXT: '.....'
[ 2239.734s] FRAME (len=56): 38 00 11 00 01 00 00 00 01 00 46 81 9E E3 00 1D 00 0F 20 00 D0 0B 75 27 56 8F 00 00 00 00 00 00 61 07 73 62 24 00 13 00 00 88 00 00 98 00 9F 00 09 00 00 00 B4 0E 02 ED
[ 2239.734s] FRAME (len=12): 0C 00 11 00 00 00 00 00 01 00 61 76
[ 2245.836s] TEXT: '...;.'
[ 2245.836s] TEXT: '.....'
[ 2245.836s] FRAME (len=56): 38 00 11 00 01 00 00 00 01 00 46 81 9E E3 00 1D 00 0F 20 00 D0 0B 75 27 56 8F 00 00 00 00 00 00 61 07 73 62 24 00 13 00 00 88 00 00 98 00 9F 00 09 00 00 00 B4 0E 02 ED
[ 2245.836s] FRAME (len=12): 0C 00 11 00 00 00 00 00 01 00 61 76
[ 2252.348s] TEXT: '...;.'
[ 2252.348s] TEXT: '.....'
[ 2252.348s] TEXT: '.....'
[ 2252.348s] FRAME (len=56): 38 00 11 00 01 00 00 00 01 00 46 81 9E E3 00 1D 00 0F 20 00 D4 0B 75 27 56 B5 00 00 00 00 00 00 61 07 73 62 24 00 14 00 00 88 00 00 98 00 9F 00 09 00 00 00 C7 0E CB 9E
[ 2252.348s] FRAME (len=12): 0C 00 11 00 00 00 00 00 01 00 61 76
[ 2252.348s] FRAME (len=12): 0C 00 11 00 0B 00 00 00 01 00 C3 B5
[ 2258.458s] TEXT: '...;.'
[ 2258.458s] TEXT: '.....'
[ 2258.458s] FRAME (len=56): 38 00 11 00 01 00 00 00 01 00 46 81 9E E3 00 1D 00 0F 20 00 D4 0B 75 27 56 B5 00 00 00 00 00 00 61 07 73 62 24 00 14 00 00 88 00 00 98 00 9F 00 09 00 00 00 C7 0E CB 9E
[ 2258.458s] FRAME (len=12): 0C 00 11 00 00 00 00 00 01 00 61 76
[ 2264.558s] TEXT: '...;.'
[ 2264.558s] TEXT: '.....'
[ 2264.558s] FRAME (len=56): 38 00 11 00 01 00 00 00 01 00 46 81 9E E3 00 1D 00 0F 20 00 D4 0B 75 27 56 B5 00 00 00 00 00 00 61 07 73 62 24 00 14 00 00 88 00 00 98 00 9F 00 09 00 00 00 C7 0E CB 9E
[ 2264.558s] FRAME (len=12): 0C 00 11 00 00 00 00 00 01 00 61 76
[ 2265.975s] TEXT: '...;.'
[ 2265.975s] FRAME (len=56): 38 00 11 00 01 00 00 00 01 00 00 12 4B 00 38 0D 16 FD 03 00 C0 08 77 27 36 01 D5 FF 64 00 EE 02 00 00 00 00 00 00 0A 04 00 00 00 00 00 00 06 01 00 00 00 00 00 00 0A 86
[ 2270.872s] TEXT: '....TX succeeded...;.'
[ 2270.872s] TEXT: '.....'
[ 2270.872s] FRAME (len=56): 38 00 11 00 01 00 00 00 01 00 46 81 9E E3 00 1D 00 0F 20 00 D4 0B 75 27 56 B5 00 00 00 00 00 00 61 07 73 62 24 00 14 00 00 88 00 00 98 00 9F 00 09 00 00 00 C7 0E CB 9E
[ 2270.872s] FRAME (len=12): 0C 00 11 00 00 00 00 00 01 00 61 76
[ 2277.180s] TEXT: '...;.'
[ 2277.180s] TEXT: '.....'
[ 2277.180s] TEXT: '.....'
[ 2277.180s] FRAME (len=56): 38 00 11 00 01 00 00 00 01 00 46 81 9E E3 00 1D 00 0F 20 00 D2 0B 75 27 56 AD 00 00 00 00 00 00 61 07 73 62 24 00 12 00 00 88 00 00 98 00 9F 00 09 00 00 00 B4 0E 9F 73
[ 2277.180s] FRAME (len=12): 0C 00 11 00 00 00 00 00 01 00 61 76
[ 2277.180s] FRAME (len=12): 0C 00 11 00 0B 00 00 00 01 00 C3 B5
[ 2283.292s] TEXT: '...;.'
[ 2283.292s] TEXT: '.....'
[ 2283.292s] FRAME (len=56): 38 00 11 00 01 00 00 00 01 00 46 81 9E E3 00 1D 00 0F 20 00 D2 0B 75 27 56 AD 00 00 00 00 00 00 61 07 73 62 24 00 12 00 00 88 00 00 98 00 9F 00 09 00 00 00 B4 0E 9F 73
[ 2283.292s] FRAME (len=12): 0C 00 11 00 00 00 00 00 01 00 61 76
[ 2289.387s] TEXT: '...;.'
[ 2289.387s] TEXT: '.....'
[ 2289.387s] FRAME (len=56): 38 00 11 00 01 00 00 00 01 00 46 81 9E E3 00 1D 00 0F 20 00 D2 0B 75 27 56 AD 00 00 00 00 00 00 61 07 73 62 24 00 12 00 00 88 00 00 98 00 9F 00 09 00 00 00 B4 0E 9F 73
[ 2289.387s] FRAME (len=12): 0C 00 11 00 00 00 00 00 01 00 61 76
[ 2291.829s] TEXT: '...;.'
[ 2291.829s] FRAME (len=56): 38 00 11 00 01 00 00 00 01 00 00 12 4B 00 38 0D 16 FD 03 00 C0 08 78 27 36 0D D5 FF 64 00 EE 02 00 00 00 00 00 00 0A 04 00 00 00 00 00 00 06 01 00 00 00 00 00 00 A7 F6
[ 2295.699s] TEXT: '....TX succeeded...;.'
[ 2295.699s] TEXT: '.....'
[ 2295.699s] FRAME (len=56): 38 00 11 00 01 00 00 00 01 00 46 81 9E E3 00 1D 00 0F 20 00 D2 0B 75 27 56 AD 00 00 00 00 00 00 61 07 73 62 24 00 12 00 00 88 00 00 98 00 9F 00 09 00 00 00 B4 0E 9F 73
[ 2295.699s] FRAME (len=12): 0C 00 11 00 00 00 00 00 01 00 61 76
[ 2302.016s] TEXT: '...;.'
[ 2302.016s] TEXT: '.....'
[ 2302.016s] TEXT: '.....'
[ 2302.016s] FRAME (len=56): 38 00 11 00 01 00 00 00 01 00 46 81 9E E3 00 1D 00 0F 20 00 CE 0B 75 27 56 9B 00 00 00 00 00 00 61 07 73 62 24 00 14 00 00 88 00 00 98 00 9F 00 09 00 00 00 B4 0E 81 03
[ 2302.016s] FRAME (len=12): 0C 00 11 00 00 00 00 00 01 00 61 76
[ 2302.016s] FRAME (len=12): 0C 00 11 00 0B 00 00 00 01 00 C3 B5
[ 2308.127s] TEXT: '...;.'
[ 2308.127s] TEXT: '.....'
[ 2308.127s] FRAME (len=56): 38 00 11 00 01 00 00 00 01 00 46 81 9E E3 00 1D 00 0F 20 00 CE 0B 75 27 56 9B 00 00 00 00 00 00 61 07 73 62 24 00 14 00 00 88 00 00 98 00 9F 00 09 00 00 00 B4 0E 81 03
[ 2308.127s] FRAME (len=12): 0C 00 11 00 00 00 00 00 01 00 61 76
[ 2314.423s] TEXT: '...;.'
[ 2314.423s] TEXT: '.....'
[ 2314.423s] FRAME (len=56): 38 00 11 00 01 00 00 00 01 00 46 81 9E E3 00 1D 00 0F 20 00 CE 0B 75 27 56 9B 00 00 00 00 00 00 61 07 73 62 24 00 14 00 00 88 00 00 98 00 9F 00 09 00 00 00 B4 0E 81 03
[ 2314.423s] FRAME (len=12): 0C 00 11 00 00 00 00 00 01 00 61 76
[ 2317.479s] TEXT: '...;.'
[ 2317.479s] FRAME (len=56): 38 00 11 00 01 00 00 00 01 00 00 12 4B 00 38 0D 16 FD 03 00 C0 08 78 27 36 19 D5 FF 64 00 EE 02 00 00 00 00 00 00 0A 04 00 00 00 00 00 00 06 01 00 00 00 00 00 00 D3 FA
[ 2320.535s] TEXT: '....TX succeeded...;.'
[ 2320.535s] TEXT: '.....'
[ 2320.535s] FRAME (len=56): 38 00 11 00 01 00 00 00 01 00 46 81 9E E3 00 1D 00 0F 20 00 CE 0B 75 27 56 9B 00 00 00 00 00 00 61 07 73 62 24 00 14 00 00 88 00 00 98 00 9F 00 09 00 00 00 B4 0E 81 03
[ 2320.535s] FRAME (len=12): 0C 00 11 00 00 00 00 00 01 00 61 76
[ 2326.850s] TEXT: '...;.'
[ 2326.850s] TEXT: '.....'
[ 2326.850s] TEXT: '.....'
[ 2326.850s] FRAME (len=56): 38 00 11 00 01 00 00 00 01 00 46 81 9E E3 00 1D 00 0F 20 00 CE 0B 75 27 55 95 00 00 00 00 00 00 61 07 73 62 24 00 14 00 00 88 00 00 98 00 9F 00 09 00 00 00 A0 0E D6 22
[ 2326.850s] FRAME (len=12): 0C 00 11 00 00 00 00 00 01 00 61 76
[ 2326.850s] FRAME (len=12): 0C 00 11 00 0B 00 00 00 01 00 C3 B5
[ 2332.964s] TEXT: '...;.'
[ 2332.964s] TEXT: '.....'
[ 2332.964s] FRAME (len=56): 38 00 11 00 01 00 00 00 01 00 46 81 9E E3 00 1D 00 0F 20 00 CE 0B 75 27 55 95 00 00 00 00 00 00 61 07 73 62 24 00 14 00 00 88 00 00 98 00 9F 00 09 00 00 00 A0 0E D6 22
[ 2332.964s] FRAME (len=12): 0C 00 11 00 00 00 00 00 01 00 61 76
[ 2339.250s] TEXT: '...;.'
[ 2339.250s] TEXT: '.....'
[ 2339.250s] FRAME (len=56): 38 00 11 00 01 00 00 00 01 00 46 81 9E E3 00 1D 00 0F 20 00 CE 0B 75 27 55 95 00 00 00 00 00 00 61 07 73 62 24 00 14 00 00 88 00 00 98 00 9F 00 09 00 00 00 A0 0E D6 22
[ 2339.250s] FRAME (len=12): 0C 00 11 00 00 00 00 00 01 00 61 76
[ 2343.122s] TEXT: '...;.'
[ 2343.122s] FRAME (len=56): 38 00 11 00 01 00 00 00 01 00 00 12 4B 00 38 0D 16 FD 03 00 C1 08 78 27 36 0D D5 FF 64 00 EE 02 00 00 00 00 00 00 0A 04 00 00 00 00 00 00 06 01 00 00 00 00 00 00 82 6A
[ 2345.357s] TEXT: '....TX succeeded...;.'
[ 2345.357s] TEXT: '.....'
[ 2345.357s] FRAME (len=56): 38 00 11 00 01 00 00 00 01 00 46 81 9E E3 00 1D 00 0F 20 00 CE 0B 75 27 55 95 00 00 00 00 00 00 61 07 73 62 24 00 14 00 00 88 00 00 98 00 9F 00 09 00 00 00 A0 0E D6 22
[ 2345.357s] FRAME (len=12): 0C 00 11 00 00 00 00 00 01 00 61 76
[ 2351.662s] TEXT: '...;.'
[ 2351.662s] TEXT: '.....'
[ 2351.662s] TEXT: '.....'
[ 2351.662s] FRAME (len=56): 38 00 11 00 01 00 00 00 01 00 46 81 9E E3 00 1D 00 0F 20 00 CF 0B 75 27 56 B7 00 00 00 00 00 00 61 07 73 62 24 00 13 00 00 88 00 00 98 00 9F 00 09 00 00 00 C7 0E 22 41
[ 2351.662s] FRAME (len=12): 0C 00 11 00 00 00 00 00 01 00 61 76
[ 2351.662s] FRAME (len=12): 0C 00 11 00 0B 00 00 00 01 00 C3 B5
[ 2357.769s] TEXT: '...;.'
[ 2357.769s] TEXT: '.....'
[ 2357.769s] FRAME (len=56): 38 00 11 00 01 00 00 00 01 00 46 81 9E E3 00 1D 00 0F 20 00 CF 0B 75 27 56 B7 00 00 00 00 00 00 61 07 73 62 24 00 13 00 00 88 00 00 98 00 9F 00 09 00 00 00 C7 0E 22 41
[ 2357.769s] FRAME (len=12): 0C 00 11 00 00 00 00 00 01 00 61 76
[ 2364.084s] TEXT: '...;.'
[ 2364.084s] TEXT: '.....'
[ 2364.084s] FRAME (len=56): 38 00 11 00 01 00 00 00 01 00 46 81 9E E3 00 1D 00 0F 20 00 CF 0B 75 27 56 B7 00 00 00 00 00 00 61 07 73 62 24 00 13 00 00 88 00 00 98 00 9F 00 09 00 00 00 C7 0E 22 41
[ 2364.084s] FRAME (len=12): 0C 00 11 00 00 00 00 00 01 00 61 76
[ 2368.763s] TEXT: '...;.'
[ 2368.763s] FRAME (len=56): 38 00 11 00 01 00 00 00 01 00 00 12 4B 00 38 0D 16 FD 03 00 C1 08 77 27 36 11 D5 FF 64 00 EE 02 00 00 00 00 00 00 0A 04 00 00 00 00 00 00 06 01 00 00 00 00 00 00 A0 E5
[ 2370.191s] TEXT: '....TX succeeded...;.'
[ 2370.191s] TEXT: '.....'
[ 2370.191s] FRAME (len=56): 38 00 11 00 01 00 00 00 01 00 46 81 9E E3 00 1D 00 0F 20 00 CF 0B 75 27 56 B7 00 00 00 00 00 00 61 07 73 62 24 00 13 00 00 88 00 00 98 00 9F 00 09 00 00 00 C7 0E 22 41
[ 2370.191s] FRAME (len=12): 0C 00 11 00 00 00 00 00 01 00 61 76
[ 2376.505s] TEXT: '...;.'
[ 2376.505s] TEXT: '.....'
[ 2376.505s] TEXT: '.....'
[ 2376.505s] FRAME (len=56): 38 00 11 00 01 00 00 00 01 00 46 81 9E E3 00 1D 00 0F 20 00 CE 0B 75 27 56 A5 00 00 00 00 00 00 61 07 73 62 24 00 13 00 00 88 00 00 98 00 9F 00 09 00 00 00 B4 0E 6F 8E
[ 2376.505s] FRAME (len=12): 0C 00 11 00 00 00 00 00 01 00 61 76
[ 2376.505s] FRAME (len=12): 0C 00 11 00 0B 00 00 00 01 00 C3 B5
[ 2382.610s] TEXT: '...;.'
[ 2382.610s] FRAME (len=56): 38 00 11 00 01 00 00 00 01 00 46 81 9E E3 00 1D 00 0F 20 00 CE 0B 75 27 56 A5 00 00 00 00 00 00 61 07 73 62 24 00 13 00 00 88 00 00 98 00 9F 00 09 00 00 00 B4 0E 6F 8E
[ 2382.815s] TEXT: '.....'
[ 2382.815s] FRAME (len=12): 0C 00 11 00 00 00 00 00 01 00 61 76
[ 2388.923s] TEXT: '...;.'
[ 2388.923s] TEXT: '.....'
[ 2388.923s] FRAME (len=56): 38 00 11 00 01 00 00 00 01 00 46 81 9E E3 00 1D 00 0F 20 00 CE 0B 75 27 56 A5 00 00 00 00 00 00 61 07 73 62 24 00 13 00 00 88 00 00 98 00 9F 00 09 00 00 00 B4 0E 6F 8E
[ 2388.923s] FRAME (len=12): 0C 00 11 00 00 00 00 00 01 00 61 76
[ 2395.238s] TEXT: '...;.'
[ 2395.238s] TEXT: '.....'
[ 2395.238s] FRAME (len=56): 38 00 11 00 01 00 00 00 01 00 46 81 9E E3 00 1D 00 0F 20 00 CE 0B 75 27 56 A5 00 00 00 00 00 00 61 07 73 62 24 00 13 00 00 88 00 00 98 00 9F 00 09 00 00 00 B4 0E 6F 8E
[ 2395.238s] FRAME (len=12): 0C 00 11 00 00 00 00 00 01 00 61 76
[ 2395.442s] TEXT: '...;.'
[ 2395.442s] FRAME (len=56): 38 00 11 00 01 00 00 00 01 00 00 12 4B 00 38 0D 16 FD 03 00 C2 08 78 27 36 39 D5 FF 64 00 EE 02 00 00 00 00 00 00 0A 04 00 00 00 00 00 00 06 01 00 00 00 00 00 00 87 3D
[ 2401.341s] TEXT: '....TX succeeded...;.'
[ 2401.542s] TEXT: '.....'
[ 2401.542s] TEXT: '.....'
[ 2401.542s] FRAME (len=56): 38 00 11 00 01 00 00 00 01 00 46 81 9E E3 00 1D 00 0F 20 00 CB 0B 75 27 56 BD 00 00 00 00 00 00 61 07 73 62 24 00 11 00 00 88 00 00 98 00 9F 00 09 00 00 00 A0 0E 1A C5
[ 2401.542s] FRAME (len=12): 0C 00 11 00 00 00 00 00 01 00 61 76
[ 2401.542s] FRAME (len=12): 0C 00 11 00 0B 00 00 00 01 00 C3 B5
[ 2407.441s] TEXT: '...;.'
[ 2407.441s] TEXT: '.....'
[ 2407.441s] FRAME (len=56): 38 00 11 00 01 00 00 00 01 00 46 81 9E E3 00 1D 00 0F 20 00 CB 0B 75 27 56 BD 00 00 00 00 00 00 61 07 73 62 24 00 11 00 00 88 00 00 98 00 9F 00 09 00 00 00 A0 0E 1A C5
[ 2407.441s] FRAME (len=12): 0C 00 11 00 00 00 00 00 01 00 61 76
[ 2413.759s] TEXT: '...;.'
[ 2413.759s] TEXT: '.....'
[ 2413.759s] FRAME (len=56): 38 00 11 00 01 00 00 00 01 00 46 81 9E E3 00 1D 00 0F 20 00 CB 0B 75 27 56 BD 00 00 00 00 00 00 61 07 73 62 24 00 11 00 00 88 00 00 98 00 9F 00 09 00 00 00 A0 0E 1A C5
[ 2413.759s] FRAME (len=12): 0C 00 11 00 00 00 00 00 01 00 61 76
[ 2420.078s] TEXT: '...;.'
[ 2420.078s] TEXT: '.....'
[ 2420.078s] FRAME (len=56): 38 00 11 00 01 00 00 00 01 00 46 81 9E E3 00 1D 00 0F 20 00 CB 0B 75 27 56 BD 00 00 00 00 00 00 61 07 73 62 24 00 11 00 00 88 00 00 98 00 9F 00 09 00 00 00 A0 0E 1A C5
[ 2420.078s] FRAME (len=12): 0C 00 11 00 00 00 00 00 01 00 61 76
[ 2421.101s] TEXT: '...;.'
[ 2421.101s] FRAME (len=56): 38 00 11 00 01 00 00 00 01 00 00 12 4B 00 38 0D 16 FD 03 00 C2 08 78 27 34 0D D5 FF 64 00 EE 02 00 00 00 00 00 00 0A 04 00 00 00 00 00 00 06 01 00 00 00 00 00 00 F2 CC
[ 2426.401s] TEXT: '....TX succeeded...;.'
[ 2426.401s] TEXT: '.....'
[ 2426.401s] TEXT: '.....'
[ 2426.401s] FRAME (len=56): 38 00 11 00 01 00 00 00 01 00 46 81 9E E3 00 1D 00 0F 20 00 CB 0B 75 27 56 B1 00 00 00 00 00 00 61 07 73 62 24 00 13 00 00 88 00 00 98 00 9F 00 09 00 00 00 B4 0E E8 4E
[ 2426.401s] FRAME (len=12): 0C 00 11 00 00 00 00 00 01 00 61 76
[ 2426.401s] FRAME (len=12): 0C 00 11 00 0B 00 00 00 01 00 C3 B5
[ 2432.312s] TEXT: '...;.'
[ 2432.312s] TEXT: '.....'
[ 2432.312s] FRAME (len=56): 38 00 11 00 01 00 00 00 01 00 46 81 9E E3 00 1D 00 0F 20 00 CB 0B 75 27 56 B1 00 00 00 00 00 00 61 07 73 62 24 00 13 00 00 88 00 00 98 00 9F 00 09 00 00 00 B4 0E E8 4E
[ 2432.312s] FRAME (len=12): 0C 00 11 00 00 00 00 00 01 00 61 76
[ 2438.609s] TEXT: '...;.'
[ 2438.609s] TEXT: '.....'
[ 2438.609s] FRAME (len=56): 38 00 11 00 01 00 00 00 01 00 46 81 9E E3 00 1D 00 0F 20 00 CB 0B 75 27 56 B1 00 00 00 00 00 00 61 07 73 62 24 00 13 00 00 88 00 00 98 00 9F 00 09 00 00 00 B4 0E E8 4E
[ 2438.609s] FRAME (len=12): 0C 00 11 00 00 00 00 00 01 00 61 76
[ 2444.915s] TEXT: '...;.'
[ 2444.915s] TEXT: '.....'
[ 2444.915s] FRAME (len=56): 38 00 11 00 01 00 00 00 01 00 46 81 9E E3 00 1D 00 0F 20 00 CB 0B 75 27 56 B1 00 00 00 00 00 00 61 07 73 62 24 00 13 00 00 88 00 00 98 00 9F 00 09 00 00 00 B4 0E E8 4E
[ 2444.915s] FRAME (len=12): 0C 00 11 00 00 00 00 00 01 00 61 76
[ 2446.750s] TEXT: '...;.'
[ 2446.750s] FRAME (len=56): 38 00 11 00 01 00 00 00 01 00 00 12 4B 00 38 0D 16 FD 03 00 C2 08 78 27 36 19 D5 FF 64 00 EE 02 00 00 00 00 00 00 0A 04 00 00 00 00 00 00 06 01 00 00 00 00 00 00 B8 D2
[ 2451.231s] TEXT: '....TX succeeded...;.'
[ 2451.231s] TEXT: '.....'
[ 2451.231s] TEXT: '.....'
[ 2451.231s] FRAME (len=56): 38 00 11 00 01 00 00 00 01 00 46 81 9E E3 00 1D 00 0F 20 00 D0 0B 75 27 55 BD 00 00 00 00 00 00 61 07 73 62 24 00 12 00 00 88 00 00 98 00 9F 00 09 00 00 00 B4 0E 5A BF
[ 2451.231s] FRAME (len=12): 0C 00 11 00 00 00 00 00 01 00 61 76
[ 2451.231s] FRAME (len=12): 0C 00 11 00 0B 00 00 00 01 00 C3 B5
[ 2457.352s] TEXT: '...;.'
[ 2457.352s] TEXT: '.....'
[ 2457.352s] FRAME (len=56): 38 00 11 00 01 00 00 00 01 00 46 81 9E E3 00 1D 00 0F 20 00 D0 0B 75 27 55 BD 00 00 00 00 00 00 61 07 73 62 24 00 12 00 00 88 00 00 98 00 9F 00 09 00 00 00 B4 0E 5A BF
[ 2457.352s] FRAME (len=12): 0C 00 11 00 00 00 00 00 01 00 61 76
[ 2463.465s] TEXT: '...;.'
[ 2463.465s] TEXT: '.....'
[ 2463.465s] FRAME (len=56): 38 00 11 00 01 00 00 00 01 00 46 81 9E E3 00 1D 00 0F 20 00 D0 0B 75 27 55 BD 00 00 00 00 00 00 61 07 73 62 24 00 12 00 00 88 00 00 98 00 9F 00 09 00 00 00 B4 0E 5A BF
[ 2463.465s] FRAME (len=12): 0C 00 11 00 00 00 00 00 01 00 61 76
[ 2469.767s] TEXT: '...;.'
[ 2469.767s] TEXT: '.....'
[ 2469.767s] FRAME (len=56): 38 00 11 00 01 00 00 00 01 00 46 81 9E E3 00 1D 00 0F 20 00 D0 0B 75 27 55 BD 00 00 00 00 00 00 61 07 73 62 24 00 12 00 00 88 00 00 98 00 9F 00 09 00 00 00 B4 0E 5A BF
[ 2469.767s] FRAME (len=12): 0C 00 11 00 00 00 00 00 01 00 61 76
[ 2472.417s] TEXT: '...;.'
[ 2472.417s] FRAME (len=56): 38 00 11 00 01 00 00 00 01 00 00 12 4B 00 38 0D 16 FD 03 00 C2 08 78 27 34 09 D5 FF 64 00 EE 02 00 00 00 00 00 00 0A 04 00 00 00 00 00 00 06 01 00 00 00 00 00 00 09 3F
[ 2476.091s] TEXT: '....TX succeeded...;.'
[ 2476.091s] TEXT: '.....'
[ 2476.091s] TEXT: '.....'
[ 2476.091s] FRAME (len=56): 38 00 11 00 01 00 00 00 01 00 46 81 9E E3 00 1D 00 0F 20 00 D1 0B 75 27 56 BB 00 00 00 00 00 00 61 07 73 62 24 00 10 00 00 88 00 00 98 00 9F 00 09 00 00 00 B4 0E 21 7A
[ 2476.091s] FRAME (len=12): 0C 00 11 00 00 00 00 00 01 00 61 76
[ 2476.091s] FRAME (len=12): 0C 00 11 00 0B 00 00 00 01 00 C3 B5
[ 2482.187s] TEXT: '...;.'
[ 2482.187s] TEXT: '.....'
[ 2482.187s] FRAME (len=56): 38 00 11 00 01 00 00 00 01 00 46 81 9E E3 00 1D 00 0F 20 00 D1 0B 75 27 56 BB 00 00 00 00 00 00 61 07 73 62 24 00 10 00 00 88 00 00 98 00 9F 00 09 00 00 00 B4 0E 21 7A
[ 2482.187s] FRAME (len=12): 0C 00 11 00 00 00 00 00 01 00 61 76
[ 2488.284s] TEXT: '...;.'
[ 2488.489s] TEXT: '.....'
[ 2488.489s] FRAME (len=56): 38 00 11 00 01 00 00 00 01 00 46 81 9E E3 00 1D 00 0F 20 00 D1 0B 75 27 56 BB 00 00 00 00 00 00 61 07 73 62 24 00 10 00 00 88 00 00 98 00 9F 00 09 00 00 00 B4 0E 21 7A
[ 2488.489s] FRAME (len=12): 0C 00 11 00 00 00 00 00 01 00 61 76
[ 2494.591s] TEXT: '...;.'
[ 2494.591s] TEXT: '.....'
[ 2494.591s] FRAME (len=56): 38 00 11 00 01 00 00 00 01 00 46 81 9E E3 00 1D 00 0F 20 00 D1 0B 75 27 56 BB 00 00 00 00 00 00 61 07 73 62 24 00 10 00 00 88 00 00 98 00 9F 00 09 00 00 00 B4 0E 21 7A
[ 2494.591s] FRAME (len=12): 0C 00 11 00 00 00 00 00 01 00 61 76
[ 2498.062s] TEXT: '...;.'
[ 2498.062s] FRAME (len=56): 38 00 11 00 01 00 00 00 01 00 00 12 4B 00 38 0D 16 FD 03 00 C3 08 78 27 36 21 D5 FF 64 00 EE 02 00 00 00 00 00 00 0A 04 00 00 00 00 00 00 06 01 00 00 00 00 00 00 FA A9
[ 2500.919s] TEXT: '....TX succeeded...;.'
[ 2500.919s] TEXT: '.....'
[ 2500.919s] TEXT: '.....'
[ 2500.919s] FRAME (len=56): 38 00 11 00 01 00 00 00 01 00 46 81 9E E3 00 1D 00 0F 20 00 CB 0B 75 27 55 AF 00 00 00 00 00 00 61 07 73 62 24 00 10 00 00 88 00 00 98 00 9F 00 09 00 00 00 DA 0E EF 9F
[ 2500.919s] FRAME (len=12): 0C 00 11 00 00 00 00 00 01 00 61 76
[ 2500.919s] FRAME (len=12): 0C 00 11 00 0B 00 00 00 01 00 C3 B5
[ 2507.020s] TEXT: '...;.'
[ 2507.020s] TEXT: '.....'
[ 2507.020s] FRAME (len=56): 38 00 11 00 01 00 00 00 01 00 46 81 9E E3 00 1D 00 0F 20 00 CB 0B 75 27 55 AF 00 00 00 00 00 00 61 07 73 62 24 00 10 00 00 88 00 00 98 00 9F 00 09 00 00 00 DA 0E EF 9F
[ 2507.020s] FRAME (len=12): 0C 00 11 00 00 00 00 00 01 00 61 76
[ 2513.330s] TEXT: '...;.'
[ 2513.330s] TEXT: '.....'
[ 2513.330s] FRAME (len=56): 38 00 11 00 01 00 00 00 01 00 46 81 9E E3 00 1D 00 0F 20 00 CB 0B 75 27 55 AF 00 00 00 00 00 00 61 07 73 62 24 00 10 00 00 88 00 00 98 00 9F 00 09 00 00 00 DA 0E EF 9F
[ 2513.330s] FRAME (len=12): 0C 00 11 00 00 00 00 00 01 00 61 76
[ 2519.432s] TEXT: '...;.'
[ 2519.432s] TEXT: '.....'
[ 2519.432s] FRAME (len=56): 38 00 11 00 01 00 00 00 01 00 46 81 9E E3 00 1D 00 0F 20 00 CB 0B 75 27 55 AF 00 00 00 00 00 00 61 07 73 62 24 00 10 00 00 88 00 00 98 00 9F 00 09 00 00 00 DA 0E EF 9F
[ 2519.432s] FRAME (len=12): 0C 00 11 00 00 00 00 00 01 00 61 76
[ 2523.705s] TEXT: '...;.'
[ 2523.705s] FRAME (len=56): 38 00 11 00 01 00 00 00 01 00 00 12 4B 00 38 0D 16 FD 03 00 C4 08 78 27 34 35 D5 FF 64 00 EE 02 00 00 00 00 00 00 0A 04 00 00 00 00 00 00 06 01 00 00 00 00 00 00 28 53
[ 2525.730s] TEXT: '....TX failed: 0xc....TX failed: 0xc...;.'
[ 2525.730s] TEXT: '.....'
[ 2525.730s] TEXT: '.....'
[ 2525.730s] FRAME (len=56): 38 00 11 00 01 00 00 00 01 00 46 81 9E E3 00 1D 00 0F 20 00 CC 0B 75 27 56 C5 00 00 00 00 00 00 61 07 73 62 24 00 14 00 00 88 00 00 98 00 9F 00 09 00 00 00 13 0F 33 7B
[ 2525.730s] FRAME (len=12): 0C 00 11 00 00 00 00 00 01 00 61 76
[ 2525.730s] FRAME (len=12): 0C 00 11 00 0B 00 00 00 01 00 C3 B5
[ 2531.844s] TEXT: '...;.'
[ 2531.844s] TEXT: '.....'
[ 2531.844s] FRAME (len=56): 38 00 11 00 01 00 00 00 01 00 46 81 9E E3 00 1D 00 0F 20 00 CC 0B 75 27 56 C5 00 00 00 00 00 00 61 07 73 62 24 00 14 00 00 88 00 00 98 00 9F 00 09 00 00 00 13 0F 33 7B
[ 2531.844s] FRAME (len=12): 0C 00 11 00 00 00 00 00 01 00 61 76
[ 2538.153s] TEXT: '...;.'
[ 2538.153s] TEXT: '.....'
[ 2538.153s] FRAME (len=56): 38 00 11 00 01 00 00 00 01 00 46 81 9E E3 00 1D 00 0F 20 00 CC 0B 75 27 56 C5 00 00 00 00 00 00 61 07 73 62 24 00 14 00 00 88 00 00 98 00 9F 00 09 00 00 00 13 0F 33 7B
[ 2538.153s] FRAME (len=12): 0C 00 11 00 00 00 00 00 01 00 61 76
[ 2544.274s] TEXT: '...;.'
[ 2544.274s] TEXT: '.....'
[ 2544.274s] FRAME (len=56): 38 00 11 00 01 00 00 00 01 00 46 81 9E E3 00 1D 00 0F 20 00 CC 0B 75 27 56 C5 00 00 00 00 00 00 61 07 73 62 24 00 14 00 00 88 00 00 98 00 9F 00 09 00 00 00 13 0F 33 7B
[ 2544.274s] FRAME (len=12): 0C 00 11 00 00 00 00 00 01 00 61 76
[ 2550.389s] TEXT: '...;.'
[ 2550.389s] FRAME (len=56): 38 00 11 00 01 00 00 00 01 00 00 12 4B 00 38 0D 16 FD 03 00 C4 08 78 27 34 05 D4 FF 64 00 EE 02 00 00 00 00 00 00 0A 04 00 00 00 00 00 00 06 01 00 00 00 00 00 00 0C 67
[ 2550.590s] TEXT: '....TX succeeded...;.'
[ 2550.590s] TEXT: '.....'
[ 2550.590s] TEXT: '.....'
[ 2550.590s] FRAME (len=56): 38 00 11 00 01 00 00 00 01 00 46 81 9E E3 00 1D 00 0F 20 00 CC 0B 75 27 56 AB 00 00 00 00 00 00 61 07 73 62 24 00 12 00 00 88 00 00 98 00 9F 00 09 00 00 00 C7 0E EB A6
[ 2550.590s] FRAME (len=12): 0C 00 11 00 00 00 00 00 01 00 61 76
[ 2550.795s] FRAME (len=12): 0C 00 11 00 0B 00 00 00 01 00 C3 B5
[ 2556.702s] TEXT: '...;.'
[ 2556.702s] TEXT: '.....'
[ 2556.702s] FRAME (len=56): 38 00 11 00 01 00 00 00 01 00 46 81 9E E3 00 1D 00 0F 20 00 CC 0B 75 27 56 AB 00 00 00 00 00 00 61 07 73 62 24 00 12 00 00 88 00 00 98 00 9F 00 09 00 00 00 C7 0E EB A6
[ 2556.702s] FRAME (len=12): 0C 00 11 00 00 00 00 00 01 00 61 76
[ 2563.035s] TEXT: '...;.'
[ 2563.035s] TEXT: '.....'
[ 2563.035s] FRAME (len=56): 38 00 11 00 01 00 00 00 01 00 46 81 9E E3 00 1D 00 0F 20 00 CC 0B 75 27 56 AB 00 00 00 00 00 00 61 07 73 62 24 00 12 00 00 88 00 00 98 00 9F 00 09 00 00 00 C7 0E EB A6
[ 2563.035s] FRAME (len=12): 0C 00 11 00 00 00 00 00 01 00 61 76
[ 2569.163s] TEXT: '...;.'
[ 2569.163s] TEXT: '.....'
[ 2569.163s] FRAME (len=56): 38 00 11 00 01 00 00 00 01 00 46 81 9E E3 00 1D 00 0F 20 00 CC 0B 75 27 56 AB 00 00 00 00 00 00 61 07 73 62 24 00 12 00 00 88 00 00 98 00 9F 00 09 00 00 00 C7 0E EB A6
[ 2569.163s] FRAME (len=12): 0C 00 11 00 00 00 00 00 01 00 61 76
[ 2575.476s] TEXT: '....ERR: Uart framing error....ERR: Uart unknown error...;.'
[ 2575.476s] TEXT: '.....'
[ 2575.476s] TEXT: '.....'
[ 2575.476s] FRAME (len=56): 38 00 11 00 01 00 00 00 01 00 46 81 9E E3 00 1D 00 0F 20 00 D5 0B 75 27 55 B3 00 00 00 00 00 00 61 07 73 62 24 00 14 00 00 88 00 00 98 00 9F 00 09 00 00 00 B4 0E D3 46
[ 2575.476s] FRAME (len=12): 0C 00 11 00 00 00 00 00 01 00 61 76
[ 2575.476s] FRAME (len=12): 0C 00 11 00 0B 00 00 00 01 00 C3 B5
[ 2577.306s] TEXT: '...;.'
[ 2577.306s] FRAME (len=56): 38 00 11 00 01 00 00 00 01 00 00 12 4B 00 38 0D 16 FD 03 00 C5 08 78 27 36 0D D6 FF 00 00 EE 02 00 00 00 00 00 00 0A 04 00 00 00 00 00 00 06 01 00 00 00 00 00 00 D3 85
[ 2581.571s] TEXT: '....TX succeeded...;.'
[ 2581.571s] TEXT: '.....'
[ 2581.571s] FRAME (len=56): 38 00 11 00 01 00 00 00 01 00 46 81 9E E3 00 1D 00 0F 20 00 D5 0B 75 27 55 B3 00 00 00 00 00 00 61 07 73 62 24 00 14 00 00 88 00 00 98 00 9F 00 09 00 00 00 B4 0E D3 46
[ 2581.571s] FRAME (len=12): 0C 00 11 00 00 00 00 00 01 00 61 76
[ 2587.875s] TEXT: '...;.'
[ 2587.875s] TEXT: '.....'
[ 2587.875s] FRAME (len=56): 38 00 11 00 01 00 00 00 01 00 46 81 9E E3 00 1D 00 0F 20 00 D5 0B 75 27 55 B3 00 00 00 00 00 00 61 07 73 62 24 00 14 00 00 88 00 00 98 00 9F 00 09 00 00 00 B4 0E D3 46
[ 2587.875s] FRAME (len=12): 0C 00 11 00 00 00 00 00 01 00 61 76
[ 2593.987s] TEXT: '...;.'
[ 2593.987s] TEXT: '.....'
[ 2593.987s] FRAME (len=56): 38 00 11 00 01 00 00 00 01 00 46 81 9E E3 00 1D 00 0F 20 00 D5 0B 75 27 55 B3 00 00 00 00 00 00 61 07 73 62 24 00 14 00 00 88 00 00 98 00 9F 00 09 00 00 00 B4 0E D3 46
[ 2593.987s] FRAME (len=12): 0C 00 11 00 00 00 00 00 01 00 61 76
[ 2600.310s] TEXT: '...;.'
[ 2600.310s] FRAME (len=56): 38 00 11 00 01 00 00 00 01 00 46 81 9E E3 00 1D 00 0F 20 00 D4 0B 75 27 55 AB 00 00 00 00 00 00 61 07 73 62 24 00 12 00 00 88 00 00 98 00 9F 00 09 00 00 00 DA 0E 30 3A
[ 2600.515s] TEXT: '.....'
[ 2600.515s] TEXT: '.....'
[ 2600.515s] FRAME (len=12): 0C 00 11 00 00 00 00 00 01 00 61 76
[ 2600.515s] FRAME (len=12): 0C 00 11 00 0B 00 00 00 01 00 C3 B5
[ 2602.950s] TEXT: '...;.'
[ 2602.950s] FRAME (len=56): 38 00 11 00 01 00 00 00 01 00 00 12 4B 00 38 0D 16 FD 03 00 C5 08 77 27 36 1D D7 FF 00 00 EE 02 00 00 00 00 00 00 0A 04 00 00 00 00 00 00 06 01 00 00 00 00 00 00 49 2A
[ 2606.415s] TEXT: '....TX succeeded...;.'
[ 2606.415s] TEXT: '.....'
[ 2606.415s] FRAME (len=56): 38 00 11 00 01 00 00 00 01 00 46 81 9E E3 00 1D 00 0F 20 00 D4 0B 75 27 55 AB 00 00 00 00 00 00 61 07 73 62 24 00 12 00 00 88 00 00 98 00 9F 00 09 00 00 00 DA 0E 30 3A
[ 2606.415s] FRAME (len=12): 0C 00 11 00 00 00 00 00 01 00 61 76
[ 2612.717s] TEXT: '...;.'
[ 2612.717s] TEXT: '.....'
[ 2612.717s] FRAME (len=56): 38 00 11 00 01 00 00 00 01 00 46 81 9E E3 00 1D 00 0F 20 00 D4 0B 75 27 55 AB 00 00 00 00 00 00 61 07 73 62 24 00 12 00 00 88 00 00 98 00 9F 00 09 00 00 00 DA 0E 30 3A
[ 2612.717s] FRAME (len=12): 0C 00 11 00 00 00 00 00 01 00 61 76
[ 2618.825s] TEXT: '...;.'
[ 2618.825s] TEXT: '.....'
[ 2618.825s] FRAME (len=56): 38 00 11 00 01 00 00 00 01 00 46 81 9E E3 00 1D 00 0F 20 00 D4 0B 75 27 55 AB 00 00 00 00 00 00 61 07 73 62 24 00 12 00 00 88 00 00 98 00 9F 00 09 00 00 00 DA 0E 30 3A
[ 2618.825s] FRAME (len=12): 0C 00 11 00 00 00 00 00 01 00 61 76
[ 2625.348s] TEXT: '...;.'
[ 2625.348s] TEXT: '.....'
[ 2625.348s] TEXT: '.....'
[ 2625.348s] FRAME (len=56): 38 00 11 00 01 00 00 00 01 00 46 81 9E E3 00 1D 00 0F 20 00 D4 0B 75 27 55 B3 00 00 00 00 00 00 61 07 73 62 24 00 14 00 00 88 00 00 98 00 9F 00 09 00 00 00 C7 0E FC 87
[ 2625.348s] FRAME (len=12): 0C 00 11 00 00 00 00 00 01 00 61 76
[ 2625.348s] FRAME (len=12): 0C 00 11 00 0B 00 00 00 01 00 C3 B5
[ 2628.614s] TEXT: '...;.'
[ 2628.614s] FRAME (len=56): 38 00 11 00 01 00 00 00 01 00 00 12 4B 00 38 0D 16 FD 03 00 C5 08 78 27 36 01 D6 FF 00 00 EE 02 00 00 00 00 00 00 0A 04 00 00 00 00 00 00 06 01 00 00 00 00 00 00 FF 81
[ 2631.260s] TEXT: '....TX succeeded...;.'
[ 2631.260s] TEXT: '.....'
[ 2631.260s] FRAME (len=56): 38 00 11 00 01 00 00 00 01 00 46 81 9E E3 00 1D 00 0F 20 00 D4 0B 75 27 55 B3 00 00 00 00 00 00 61 07 73 62 24 00 14 00 00 88 00 00 98 00 9F 00 09 00 00 00 C7 0E FC 87
[ 2631.260s] FRAME (len=12): 0C 00 11 00 00 00 00 00 01 00 61 76
[ 2637.564s] TEXT: '...;.'
[ 2637.564s] TEXT: '.....'
[ 2637.564s] FRAME (len=56): 38 00 11 00 01 00 00 00 01 00 46 81 9E E3 00 1D 00 0F 20 00 D4 0B 75 27 55 B3 00 00 00 00 00 00 61 07 73 62 24 00 14 00 00 88 00 00 98 00 9F 00 09 00 00 00 C7 0E FC 87
[ 2637.564s] FRAME (len=12): 0C 00 11 00 00 00 00 00 01 00 61 76
[ 2643.873s] TEXT: '...;.'
[ 2643.873s] TEXT: '.....'
[ 2643.873s] FRAME (len=56): 38 00 11 00 01 00 00 00 01 00 46 81 9E E3 00 1D 00 0F 20 00 D4 0B 75 27 55 B3 00 00 00 00 00 00 61 07 73 62 24 00 14 00 00 88 00 00 98 00 9F 00 09 00 00 00 C7 0E FC 87
[ 2643.873s] FRAME (len=12): 0C 00 11 00 00 00 00 00 01 00 61 76
[ 2650.184s] TEXT: '...;.'
[ 2650.184s] TEXT: '.....'
[ 2650.184s] TEXT: '.....'
[ 2650.184s] FRAME (len=56): 38 00 11 00 01 00 00 00 01 00 46 81 9E E3 00 1D 00 0F 20 00 DA 0B 75 27 56 B3 00 00 00 00 00 00 61 07 73 62 24 00 12 00 00 88 00 00 98 00 9F 00 09 00 00 00 C7 0E 77 85
[ 2650.184s] FRAME (len=12): 0C 00 11 00 00 00 00 00 01 00 61 76
[ 2650.184s] FRAME (len=12): 0C 00 11 00 0B 00 00 00 01 00 C3 B5
[ 2654.264s] TEXT: '...;.'
[ 2654.264s] FRAME (len=54): 38 00 11 00 01 00 00 00 01 00 00 12 4B 00 38 0D 16 FD 03 00 C6 08 78 27 36 19 D7 FF 00 00 EE 02 00 00 00 00 00 00 0A 04 00 00 00 00 00 00 06 01 00 00 00 00 00 00
[ 2656.100s] TEXT: '.}....TX succeeded...;.'
[ 2656.100s] FRAME (len=56): 38 00 11 00 01 00 00 00 01 00 46 81 9E E3 00 1D 00 0F 20 00 DA 0B 75 27 56 B3 00 00 00 00 00 00 61 07 73 62 24 00 12 00 00 88 00 00 98 00 9F 00 09 00 00 00 C7 0E 77 85
[ 2656.305s] TEXT: '.....'
[ 2656.305s] FRAME (len=12): 0C 00 11 00 00 00 00 00 01 00 61 76
[ 2662.415s] TEXT: '...;.'
[ 2662.415s] TEXT: '.....'
[ 2662.415s] FRAME (len=56): 38 00 11 00 01 00 00 00 01 00 46 81 9E E3 00 1D 00 0F 20 00 DA 0B 75 27 56 B3 00 00 00 00 00 00 61 07 73 62 24 00 12 00 00 88 00 00 98 00 9F 00 09 00 00 00 C7 0E 77 85
[ 2662.415s] FRAME (len=12): 0C 00 11 00 00 00 00 00 01 00 61 76
[ 2668.728s] TEXT: '...;.'
[ 2668.728s] TEXT: '.....'
[ 2668.728s] FRAME (len=56): 38 00 11 00 01 00 00 00 01 00 46 81 9E E3 00 1D 00 0F 20 00 DA 0B 75 27 56 B3 00 00 00 00 00 00 61 07 73 62 24 00 12 00 00 88 00 00 98 00 9F 00 09 00 00 00 C7 0E 77 85
[ 2668.728s] FRAME (len=12): 0C 00 11 00 00 00 00 00 01 00 61 76
[ 2675.041s] TEXT: '...;.'
[ 2675.041s] TEXT: '.....'
[ 2675.041s] TEXT: '.....'
[ 2675.041s] FRAME (len=56): 38 00 11 00 01 00 00 00 01 00 46 81 9E E3 00 1D 00 0F 20 00 DA 0B 75 27 56 B3 00 00 00 00 00 00 61 07 73 62 24 00 12 00 00 88 00 00 98 00 9F 00 09 00 00 00 A0 0E CA 17
[ 2675.041s] FRAME (len=12): 0C 00 11 00 00 00 00 00 01 00 61 76
[ 2675.041s] FRAME (len=12): 0C 00 11 00 0B 00 00 00 01 00 C3 B5
[ 2680.961s] TEXT: '...;.'
[ 2680.961s] TEXT: '....TX succeeded...;.'
[ 2680.961s] FRAME (len=56): 38 00 11 00 01 00 00 00 01 00 00 12 4B 00 38 0D 16 FD 03 00 C6 08 77 27 36 19 D6 FF 00 00 EE 02 00 00 00 00 00 00 0A 04 00 00 00 00 00 00 06 01 00 00 00 00 00 00 68 49
[ 2680.961s] FRAME (len=56): 38 00 11 00 01 00 00 00 01 00 46 81 9E E3 00 1D 00 0F 20 00 DA 0B 75 27 56 B3 00 00 00 00 00 00 61 07 73 62 24 00 12 00 00 88 00 00 98 00 9F 00 09 00 00 00 A0 0E CA 17
[ 2681.166s] TEXT: '.....'
[ 2681.166s] FRAME (len=12): 0C 00 11 00 00 00 00 00 01 00 61 76
[ 2687.282s] TEXT: '...;.'
[ 2687.282s] TEXT: '.....'
[ 2687.282s] FRAME (len=56): 38 00 11 00 01 00 00 00 01 00 46 81 9E E3 00 1D 00 0F 20 00 DA 0B 75 27 56 B3 00 00 00 00 00 00 61 07 73 62 24 00 12 00 00 88 00 00 98 00 9F 00 09 00 00 00 A0 0E CA 17
[ 2687.282s] FRAME (len=12): 0C 00 11 00 00 00 00 00 01 00 61 76
[ 2693.595s] TEXT: '...;.'
[ 2693.595s] TEXT: '.....'
[ 2693.595s] FRAME (len=56): 38 00 11 00 01 00 00 00 01 00 46 81 9E E3 00 1D 00 0F 20 00 DA 0B 75 27 56 B3 00 00 00 00 00 00 61 07 73 62 24 00 12 00 00 88 00 00 98 00 9F 00 09 00 00 00 A0 0E CA 17
[ 2693.595s] FRAME (len=12): 0C 00 11 00 00 00 00 00 01 00 61 76
[ 2699.907s] TEXT: '...;.'
[ 2699.907s] TEXT: '.....'
[ 2699.907s] TEXT: '.....'
[ 2699.907s] FRAME (len=56): 38 00 11 00 01 00 00 00 01 00 46 81 9E E3 00 1D 00 0F 20 00 D9 0B 75 27 56 BD 00 00 00 00 00 00 61 07 73 62 24 00 11 00 00 88 00 00 98 00 9F 00 09 00 00 00 C7 0E B5 2C
[ 2699.907s] FRAME (len=12): 0C 00 11 00 00 00 00 00 01 00 61 76
[ 2699.907s] FRAME (len=12): 0C 00 11 00 0B 00 00 00 01 00 C3 B5
[ 2706.023s] TEXT: '...;.'
[ 2706.023s] TEXT: '.....'
[ 2706.023s] FRAME (len=56): 38 00 11 00 01 00 00 00 01 00 46 81 9E E3 00 1D 00 0F 20 00 D9 0B 75 27 56 BD 00 00 00 00 00 00 61 07 73 62 24 00 11 00 00 88 00 00 98 00 9F 00 09 00 00 00 C7 0E B5 2C
[ 2706.023s] FRAME (len=12): 0C 00 11 00 00 00 00 00 01 00 61 76
[ 2706.638s] TEXT: '...;.'
[ 2706.638s] FRAME (len=56): 38 00 11 00 01 00 00 00 01 00 00 12 4B 00 38 0D 16 FD 03 00 C8 08 78 27 36 09 D6 FF 00 00 EE 02 00 00 00 00 00 00 0A 04 00 00 00 00 00 00 06 01 00 00 00 00 00 00 77 1B
[ 2712.130s] TEXT: '....TX succeeded...;.'
[ 2712.130s] TEXT: '.....'
[ 2712.130s] FRAME (len=56): 38 00 11 00 01 00 00 00 01 00 46 81 9E E3 00 1D 00 0F 20 00 D9 0B 75 27 56 BD 00 00 00 00 00 00 61 07 73 62 24 00 11 00 00 88 00 00 98 00 9F 00 09 00 00 00 C7 0E B5 2C
[ 2712.130s] FRAME (len=12): 0C 00 11 00 00 00 00 00 01 00 61 76
[ 2718.233s] TEXT: '...;.'
[ 2718.233s] TEXT: '.....'
[ 2718.233s] FRAME (len=56): 38 00 11 00 01 00 00 00 01 00 46 81 9E E3 00 1D 00 0F 20 00 D9 0B 75 27 56 BD 00 00 00 00 00 00 61 07 73 62 24 00 11 00 00 88 00 00 98 00 9F 00 09 00 00 00 C7 0E B5 2C
[ 2718.233s] FRAME (len=12): 0C 00 11 00 00 00 00 00 01 00 61 76
[ 2724.758s] TEXT: '...;.'
[ 2724.758s] TEXT: '.....'
[ 2724.758s] TEXT: '.....'
[ 2724.758s] FRAME (len=56): 38 00 11 00 01 00 00 00 01 00 46 81 9E E3 00 1D 00 0F 20 00 D8 0B 75 27 56 B5 00 00 00 00 00 00 61 07 73 62 24 00 12 00 00 88 00 00 98 00 9F 00 09 00 00 00 B4 0E 00 F2
[ 2724.758s] FRAME (len=12): 0C 00 11 00 00 00 00 00 01 00 61 76
[ 2724.758s] FRAME (len=12): 0C 00 11 00 0B 00 00 00 01 00 C3 B5
[ 2730.860s] TEXT: '...;.'
[ 2730.860s] TEXT: '.....'
[ 2730.860s] FRAME (len=56): 38 00 11 00 01 00 00 00 01 00 46 81 9E E3 00 1D 00 0F 20 00 D8 0B 75 27 56 B5 00 00 00 00 00 00 61 07 73 62 24 00 12 00 00 88 00 00 98 00 9F 00 09 00 00 00 B4 0E 00 F2
[ 2730.860s] FRAME (len=12): 0C 00 11 00 00 00 00 00 01 00 61 76
[ 2732.285s] TEXT: '...;.'
[ 2732.285s] FRAME (len=56): 38 00 11 00 01 00 00 00 01 00 00 12 4B 00 38 0D 16 FD 03 00 C7 08 77 27 36 15 D6 FF 00 00 EE 02 00 00 00 00 00 00 0A 04 00 00 00 00 00 00 06 01 00 00 00 00 00 00 61 D1
[ 2736.960s] TEXT: '....TX succeeded...;.'
[ 2736.960s] TEXT: '.....'
[ 2736.960s] FRAME (len=56): 38 00 11 00 01 00 00 00 01 00 46 81 9E E3 00 1D 00 0F 20 00 D8 0B 75 27 56 B5 00 00 00 00 00 00 61 07 73 62 24 00 12 00 00 88 00 00 98 00 9F 00 09 00 00 00 B4 0E 00 F2
[ 2736.960s] FRAME (len=12): 0C 00 11 00 00 00 00 00 01 00 61 76
[ 2743.270s] TEXT: '...;.'
[ 2743.270s] TEXT: '.....'
[ 2743.270s] FRAME (len=56): 38 00 11 00 01 00 00 00 01 00 46 81 9E E3 00 1D 00 0F 20 00 D8 0B 75 27 56 B5 00 00 00 00 00 00 61 07 73 62 24 00 12 00 00 88 00 00 98 00 9F 00 09 00 00 00 B4 0E 00 F2
[ 2743.270s] FRAME (len=12): 0C 00 11 00 00 00 00 00 01 00 61 76
[ 2749.583s] TEXT: '...;.'
[ 2749.583s] TEXT: '.....'
[ 2749.583s] TEXT: '.....'
[ 2749.583s] FRAME (len=56): 38 00 11 00 01 00 00 00 01 00 46 81 9E E3 00 1D 00 0F 20 00 D9 0B 75 27 55 A7 00 00 00 00 00 00 61 07 73 62 24 00 12 00 00 88 00 00 98 00 9F 00 09 00 00 00 B4 0E 66 7B
[ 2749.583s] FRAME (len=12): 0C 00 11 00 00 00 00 00 01 00 61 76
[ 2749.583s] FRAME (len=12): 0C 00 11 00 0B 00 00 00 01 00 C3 B5
[ 2755.686s] TEXT: '...;.'
[ 2755.686s] TEXT: '.....'
[ 2755.686s] FRAME (len=56): 38 00 11 00 01 00 00 00 01 00 46 81 9E E3 00 1D 00 0F 20 00 D9 0B 75 27 55 A7 00 00 00 00 00 00 61 07 73 62 24 00 12 00 00 88 00 00 98 00 9F 00 09 00 00 00 B4 0E 66 7B
[ 2755.686s] FRAME (len=12): 0C 00 11 00 00 00 00 00 01 00 61 76
[ 2757.929s] TEXT: '...;.'
[ 2757.929s] FRAME (len=55): 38 00 11 00 01 00 00 00 01 00 00 12 4B 00 38 0D 16 FD 03 00 C8 08 77 27 34 09 D6 FF 00 00 EE 02 00 00 00 00 00 00 0A 04 00 00 00 00 00 00 06 01 00 00 00 00 00 00 C8
[ 2761.789s] TEXT: '}....TX succeeded...;.'
[ 2761.789s] TEXT: '.....'
[ 2761.789s] FRAME (len=56): 38 00 11 00 01 00 00 00 01 00 46 81 9E E3 00 1D 00 0F 20 00 D9 0B 75 27 55 A7 00 00 00 00 00 00 61 07 73 62 24 00 12 00 00 88 00 00 98 00 9F 00 09 00 00 00 B4 0E 66 7B
[ 2761.789s] FRAME (len=12): 0C 00 11 00 00 00 00 00 01 00 61 76
[ 2768.096s] TEXT: '...;.'
[ 2768.096s] TEXT: '.....'
[ 2768.096s] FRAME (len=56): 38 00 11 00 01 00 00 00 01 00 46 81 9E E3 00 1D 00 0F 20 00 D9 0B 75 27 55 A7 00 00 00 00 00 00 61 07 73 62 24 00 12 00 00 88 00 00 98 00 9F 00 09 00 00 00 B4 0E 66 7B
[ 2768.096s] FRAME (len=12): 0C 00 11 00 00 00 00 00 01 00 61 76
[ 2774.404s] TEXT: '...;.'
[ 2774.404s] TEXT: '.....'
[ 2774.404s] TEXT: '.....'
[ 2774.404s] FRAME (len=56): 38 00 11 00 01 00 00 00 01 00 46 81 9E E3 00 1D 00 0F 20 00 D9 0B 75 27 55 C3 00 00 00 00 00 00 61 07 73 62 24 00 13 00 00 88 00 00 98 00 9F 00 09 00 00 00 B4 0E D9 01
[ 2774.404s] FRAME (len=12): 0C 00 11 00 00 00 00 00 01 00 61 76
[ 2774.404s] FRAME (len=12): 0C 00 11 00 0B 00 00 00 01 00 C3 B5
[ 2780.522s] TEXT: '...;.'
[ 2780.522s] TEXT: '.....'
[ 2780.522s] FRAME (len=56): 38 00 11 00 01 00 00 00 01 00 46 81 9E E3 00 1D 00 0F 20 00 D9 0B 75 27 55 C3 00 00 00 00 00 00 61 07 73 62 24 00 13 00 00 88 00 00 98 00 9F 00 09 00 00 00 B4 0E D9 01
[ 2780.522s] FRAME (len=12): 0C 00 11 00 00 00 00 00 01 00 61 76
[ 2783.565s] TEXT: '...;.'
[ 2783.565s] FRAME (len=56): 38 00 11 00 01 00 00 00 01 00 00 12 4B 00 38 0D 16 FD 03 00 C8 08 78 27 34 05 D6 FF 00 00 EE 02 00 00 00 00 00 00 0A 04 00 00 00 00 00 00 06 01 00 00 00 00 00 00 65 0D
[ 2786.620s] TEXT: '....TX succeeded...;.'
[ 2786.620s] FRAME (len=56): 38 00 11 00 01 00 00 00 01 00 46 81 9E E3 00 1D 00 0F 20 00 D9 0B 75 27 55 C3 00 00 00 00 00 00 61 07 73 62 24 00 13 00 00 88 00 00 98 00 9F 00 09 00 00 00 B4 0E D9 01
[ 2786.825s] TEXT: '.....'
[ 2786.825s] FRAME (len=12): 0C 00 11 00 00 00 00 00 01 00 61 76
[ 2792.941s] TEXT: '...;.'
[ 2792.941s] TEXT: '.....'
[ 2792.941s] FRAME (len=56): 38 00 11 00 01 00 00 00 01 00 46 81 9E E3 00 1D 00 0F 20 00 D9 0B 75 27 55 C3 00 00 00 00 00 00 61 07 73 62 24 00 13 00 00 88 00 00 98 00 9F 00 09 00 00 00 B4 0E D9 01
[ 2792.941s] FRAME (len=12): 0C 00 11 00 00 00 00 00 01 00 61 76
Traceback (most recent call last):
  File "/opt/homebrew/lib/python3.14/site-packages/serial/serialposix.py", line 575, in read
    buf = os.read(self.fd, size - len(read))
OSError: [Errno 6] Device not configured

During handling of the above exception, another exception occurred:

Traceback (most recent call last):
  File "/Users/andrewsnodgrass/GitHub/flair-vent-rf/uart_monitor.py", line 59, in <module>
    chunk = ser.read(256)
  File "/opt/homebrew/lib/python3.14/site-packages/serial/serialposix.py", line 581, in read
    raise SerialException('read failed: {}'.format(e))
serial.serialutil.SerialException: read failed: [Errno 6] Device not configured
