PING: 26 bytes transmitted, received: b'ABCDEFGHIJKLMNOPQRSTUVWXYZ' (0.003104 seconds)
PING: 26 bytes transmitted, received: b'ABCDEFGHIJKLMNOPQRSTUVWXYZ' (0.003057 seconds)
PING: 26 bytes transmitted, received: b'ABCDEFGHIJKLMNOPQRSTUVWXYZ' (0.003042 seconds)
PING: 26 bytes transmitted, received: b'ABCDEFGHIJKLMNOPQRSTUVWXYZ' (0.003053 seconds)
PING: 26 bytes transmitted, received: b'ABCDEFGHIJKLMNOPQRSTUVWXYZ' (0.003076 seconds)
PING: 26 bytes transmitted, received: b'ABCDEFGHIJKLMNOPQRSTUVWXYZ' (0.003062 seconds)
PING: 26 bytes transmitted, received: b'ABCDEFGHIJKLMNOPQRSTUVWXYZ' (0.003201 seconds)
PING: 26 bytes transmitted, received: b'ABCDEFGHIJKLMNOPQRSTUVWXYZ' (0.003091 seconds)
PING: 26 bytes transmitted, received: b'ABCDEFGHIJKLMNOPQRSTUVWXYZ' (0.003095 seconds)
PING: 26 bytes transmitted, received: b'ABCDEFGHIJKLMNOPQRSTUVWXYZ' (0.003083 seconds)
ping: (10, 0, 0.030939102172851562)
Configured: D7A-like Normal Rate (55.555k GFSK)
  ...heartbeat: 20000 iters, 4.8s elapsed, 0 hits so far
  ...heartbeat: 40000 iters, 9.6s elapsed, 0 hits so far
  ...heartbeat: 60000 iters, 14.5s elapsed, 0 hits so far
  ...heartbeat: 80000 iters, 19.3s elapsed, 0 hits so far
1787430967.123567 vent discovery/pairing handshake (vent powered) RSSI spike: -46.5
  -> 255 68bd8d47685a8d3280a20158a0cde0554e8c5269628159b3484778e7f70ca25a1aadde0e34606d94f14cec90f72f766e5c428a0aac6d125687fade7218575478fa8548b3e69929d2810d6409fef73f25b9faa50e3eaccd3986309498b89bde5ecd2527fb1702be63a091c7e790c22f7a185f41c5487be2c2a9c187c6db357f0debc7ac5818f023cbecc78ff5fd2027288483ef97e6ffc8d1a4694f9e8b093f9450a2374f24573f49eb8a281aca3201266ee290f0f9f5c5af82316edc9fbb25d02020894e5cfe10da0aa0efd1a219c276dbfcc2800014ce65e34acd247dcdcb9e2c096250b21943d604449154aef7036630c26db1ccfb71a63f8bd9e6ab4e25
1787430967.123832 vent discovery/pairing handshake (vent powered) RSSI spike: -45.0
  -> 255 65f1107bbd00e43c794c740236b7c8445a7039c11871208ab592a821d5871b4c020ad6605f556f5997611701d7f1ae35fe8ad62caaa41bfdd0e92bef1da3c4b95c3539871c0dd4c809afc12cd8c48fef071d5648beda87f7bb8ba65b0fcbc8f57b9cd1870ed891de05a0a1ff998010b5e3f95292c5a7877dc1e26c528b9a16536f9bef07178e477bcc23aebe2f3c7f70ebc67b8be9269816611721499a5848baab3a0846bed1a975e3f07aab92a793efae32d3cc65ab0ef13cd032e3cc40e0633197d33e08631a840442cdfd0047541a96bf6ee52e093ef5f91125771690e3c8d6517907a308ff47c34e4707235ebb045ee17d28a81a2d56c0e78217989c8c
1787430967.124073 vent discovery/pairing handshake (vent powered) RSSI spike: -45.0
  -> 255 5a54ae2fcad2cd29bf74980d3fc469d85754eb2b5c79b876d0c9a5eceedae077e083a437cc79bf8c78590292a10731cb61e5af9fc48b0867bc2fd5e848e2339bd49d28447e21bf184f7c55b293aa4e561188b48b092a65c313967d94d519b0c8846bd5055f8545b96b29c9edb9bfc93fb2c4e193755dc7e48c294964b5ee3b472ef32123614d124b4421d29b87a665c4abc4c209f4ef4fb1e788ad0f4625e71dda2b77b0553d6a53c82997a94aade2c8950c8753ea900e2c47aae2090b6ff5f0966d560a1989a19bf9c35dccbbac59d6b63ab4ef7de558055686caf4293c5ec8138824c8a0513772b7cf5b258d78790ddbb831a621a5ffc6c775e632942ee5
1787430967.124297 vent discovery/pairing handshake (vent powered) RSSI spike: -44.5
  -> 255 b0ace424e66d29aa91f47572c2343fd864a3238000e5dd0dba21b6bfcc4bd0ed072473703d802ec1e8358149b0f84f2fcb6bc0e738466a63a5926feb2c4f564ffb9c92087f879540f5627efb9e044e7e23a9f80c89b8073901d6e136558e934ca88f97c518fcca44ac50caedb84878855a07ad914fad864295b093212f38a9b758a6e452265e3949794ed3fe0e9f7f2b359836a7f7c1165ac05ddbd9a10b1f93c1db962f6bd2219fc2b69abebcd03cbb24e0e23327c77a5f4b06bdce7057de7ccf37cf1763f7fb28dbac1a3f0de5c207912f9ae78a61e6bc6ba1861af0f658de69d5a601b1c072ee36a19053f5cc5fd5518db624c0586a0a2eb6f4b52b6fda
1787430967.1245172 vent discovery/pairing handshake (vent powered) RSSI spike: -44.0
  -> 255 cf6b29dac4b52c20c32e3c446fef7e9070ce27401aec248c964998b4b5fb8689e7caf3a0af8c05004b16237594e6fc132a2a830cd5bd74a35944acce66c33d1bc526e020527c23bf974928ac239982762c55680a4ef7957e646bfca33e9c41864e8173ce8b631e273a03d815cb14442847c9495217487431460f8bd2863478ebb7b433ad37c6f55f4feb1998455d846cb6fb4ac286b387529dfb6c6140ca1eeae74bfe0f844b0b53b2096ac5152dcac6a494626a2bf636829739d743fa6118070af826e41b2b36fdd3ca33f2c79dd814508a0742a4f42f23b8caefa7c278d43ad62b38e15055a27aa6a0cbaa48bba674a78b34c4715bbedb4ba4e5e697be20
1787430967.124724 vent discovery/pairing handshake (vent powered) RSSI spike: -46.5
  -> 255 a0296b1af00cad3148b2783e84bc0d216b2f3751c0aab507baa8bda383872756f0899a62a7766c8dce679d1fd81106420bd769940927d8853bb6944665ef9634b1b71e58dc8c9b1e163e4dfba13ac3d39a62eec8434163d7db585f79693953854e1da1dd8ea617cbb360ca0fc1c4db86b608c0a07c33e278e4b3bc2b264df63b82ec8cddc44eff99e7d074a17cfbb60fe15fbaee2db9f6ce3d355b0c7021630790c1990353a7a452cd6c747ea9ba3146ff71a4dc9d51c1df4a9771df60feb12bde962c3c3bf7ece2f1bf3b26b1806511b8a9f670679f489c5722d8db06260247aeeb4a8ef1a0c5ceef31715db10850a0bc7ebe0d9311a2e5acee1ba9131b91
1787430967.124966 vent discovery/pairing handshake (vent powered) RSSI spike: -43.5
  -> 255 e8d710c42111b8d5591225526b9ca1431afa3fb74b1df87884ca144229979a884742f18ea3bfee7c0ddfe1b6dfe3c05184820e61fa3870946811aeef7b80f501775952e9b6a0ab124055d59ffb6c7003f6311016aec5477b0cf0efc13786fb40666f386c932b8f748d837c66073072745c6a29428962f8b6b60e08e755d078dea6abfcde3511ff7a554f1e4db592b6ad957b3e5466c70b1593aa5024a58b8aea07a40d2c83371e641e5e7fc298584369ab678beae5640352e1c87c382ed74ddca16552d35034a34b3119449e839edc78958678e332645c84a3c365fa2c73c00749c0c7b747ce56a17825ce9b1b3548776c95d222a96e2726f316ef2d2e18b2
1787430967.12521 vent discovery/pairing handshake (vent powered) RSSI spike: -46.5
  -> 255 3c080b0f680e3e45eeb43c20aa120bdf99806c9abfb8e8d0e34e9e5a63242a8091ec7f19ac4f7fb4064cba216066ecf4ed54d6240ad2bf6bc3871023c071beb949f885de311b78130e74dc9ffe8d00bd3033fd2a7c4cad85aa088e5ab4c70ff8117874c622937aa79abae29a7757aa365a2a6e02076f5f982f959fd4a99c16baffe9819ebbe19973babee8d9db6178bd08bdc4e82f5d5d84a104e64a4cdcb9cc95fa291dd77b762d721a2cc6807015feb0a573ba6bdaa07d26e2f8a9987fd6edf0495867e22c74a36ff73d77f182e9c45d77239f036c429bf625613acc1eb14b52e3760d165627c4749b0f64cafcc01366781f7e0f1c01fa7b6fca6b7794f9
1787430967.1254568 vent discovery/pairing handshake (vent powered) RSSI spike: -43.5
  -> 255 7d933372dc059e6e9cb8c30064c5fd4f6c048f96c5eb1f13c4ce519bc4d07845b49d8a43091122decc4789136c5d5099727174668721189ceca6a60bd85c5e122d10810fbf76199d70385ad04f47a1309fa3e09434afb4bd7a54adc92ea2727a28cd7865cbab884f5a08c16f67f1cb00888db0a3a89d7fb03ca8414fcfa94ed5ecb4f5b02062d7766b71523d8373852a283d7dc639feba072c2b6f129052e53aaea4343bc4bdb1f06f0daa5ba6a5ab31d3c33b959d09edcb0bc99abdf6fc095f47aa396ac0f6feddc07c580859a11077e8eb56fbbc955d6f4f1696a49f9c8d3b5f289fd6c54b56c4c3c41f5387974418ebc65bb10da1fcbdc3dc2c9ba9a6d7
1787430967.125706 vent discovery/pairing handshake (vent powered) RSSI spike: -43.5
  -> 255 0e47599c87650767b2e6588bb3685bcb608dc8c7ad7321a3dd1d6717106d067e6b8939114482352810c8af1e14b2e36878f903adb5032fb0f4f98233ec9e88e681ec4f4c08788885bc81408d70c2cc3b4968ca3641c7427f6ad9c12c1efe2c6f2a3d12320a780972411a262d49c79749becc43095cf26c46fe8af077d65805b0fd5ce763fabfeeb06cc4f15ea25b46f3a26a3211db08b58ca8803d069921e16069ac4c7d4902838460c73e068dbde1aab70b88dd9fcd1833b8b3f632dc37c8cecbefb922b806f727fb03a3a64cdb80082a23d6a96a383fd20e7d231500bfc2cb39a8a6989ea3a5831fd2a741bdda2db55a3493f861aac560998da81c24320b
1787430967.125947 vent discovery/pairing handshake (vent powered) RSSI spike: -43.5
  -> 255 75dfc54f3e660bebe5ce066a1c3b8efe065e5a3dc48afa14e5bcb6ab0b3bf04f49d3235b29c6e086ac3f21ffb6696a7fb3dfba3e6622e182293bb543fce16bb5a6b41a0c2ddd1bdbbf2c0fe6cf8eba224dff25dbf55718dbbd6972e5ef74f6441a4bdaa747986c7b9a3bfeb215d3d47c75456c5bd90e30ee6c96098e63de506d71935feed5b412b1301fd7b0cb37baaa41cbabb9f68ecb6926cac0e635f89bd6484eae2a0c70bbb0a0f4767130f14205350a4a865a6452730815ee03782cc118e6a5663a9e9e520624370759f003f47401db329fb1a7f33b3ad79411d0f2b6ab4668a1ad9bbc8f60f7c9c43263d2cd27be8670d421310623dadc20eedfad84
1787430967.126196 vent discovery/pairing handshake (vent powered) RSSI spike: -43.5
  -> 255 7ba3cd1f4c745b3ee5db59050ab33ce1a83c98d335dbf8cf1bc572b9186f04df8ec2c5c3e7fa10d9066629c0911e62416f800c6c5b0795838d1836f20a5185ada7c010b2322af99c9e92e99f4fdd3384fc4e84fec37f4dfd56e3f2f997bea831fe938d04a11297705d98f1d45f13da264da5b63efdf339888a463037c8a70086c64b7ffa910295a39bca73c7bd86621f4e7b4ae5afb69801b7e3c8955a48a449a9d6141f7d32f56c67f1ae23c78c5ee7e3e47a72a5d39106bcb3a0d87c624a11ad9043c160bfbdda0a040b3c25e8e20111ab3455ff5e6aea22cb9794107a4301800725851a3b756b2ba4030632c4376a5026372f9e625a799d780c86aaa628
1787430967.1264372 vent discovery/pairing handshake (vent powered) RSSI spike: -43.5
  -> 255 2cf62b1c65382ab14990cebd9d5c7eec3b46a70099fc099ac90de26f633069ee0749f261d459e1a070087712f6b95e4354e998fc5adb7758d55580f784e88da9d391f96362b7f688393a3cd42b899c3cde2f10daa1eabc3a634e33808115268db203d9c1332f1794f578e2349ebea743cd4d98d53d7e60510f620d7d6c67bbbd3e10e7ce9a95c5fda47264bd3f6579b3b5eff7ed984a47f4a4c1805f8fd63a5fc0fe6448eca9058a69151a7c65a597d3e1347c8e323b189e030048a50a8b147dbdfc1e0558102046ae84dff38f10c447b8914931ef39ba5d081f7e416e6b15071ca7e04e85b3860cf1c4ab81b3fbbbeca3ec906ea045fa2719d5093770e29a
1787430967.126687 vent discovery/pairing handshake (vent powered) RSSI spike: -43.5
  -> 255 c238282ec05d1d1102c821d465c8b6c0fadc54cf262c74fb9c5468ef5960e0f89e1a42feab80e9b9b90040f2213464405b31dd7b69b23e5a6834df80f7df3b6861cdcf01f0cc2c0cfc68260eea53ae819cb0633c696ada811a601033b41f560914c688c22320ceb57bcdebd2e83597028db33becc9c3a88cbe4e425d39015e80ae6c6598d1382bb9e7f31ebfee507d908ddff6e9688f8e3456a19a6a3a144e3d7ac20516a498d0d5c03db90d90e451becdccb1167cb7b2b22fcb7a861a1825cb1a7e1b71ee491150ac124ad0cb08607542d34557ade9eb07ff311087cfe03a37e7417f2684e14408fc6335adfd4f963c3f1019356bcd87a16eba028191b32b
1787430967.12693 vent discovery/pairing handshake (vent powered) RSSI spike: -43.5
  -> 255 0c341695bf82abbee43b87e211032ba22a5c6409c8754907efe0e52c95c600fc531cb22469f4c20e11b6bd2d04e9a2ea49c2417e3fa9991c7a2890cd0086ea467ee83ab4dccd3133aed89e0fa9a0e9b0cbc5797ec0e5f79d6f99c73073b23d633910ba548fbd7101fbdb3fedf2f907fb24362ff4e9fbac24fc57253d3eba4accb1ec6b3e831f93d3d41c84648a734a45de3ee1164365df4489ebe707d7b814f8e13fb011df8c818f5818092ea41be0d25f2a2e508a9c6dd431760b39b2aabf1447be0cf76451a85c03e3440f5a1c4138c4b14646d4b878e4714cc8b6ed77dac77cf40712424cea7ae57825364c5227d5935d5eed71cfa2d4f09b55fa73c1c2
1787430967.127189 vent discovery/pairing handshake (vent powered) RSSI spike: -47.5
  -> 255 5bb2787d700812012b62bc1ba74fe0fd8325fdfecae92ea829c1c81b8f5e62037b14457766cc71220f6d453f83f55ab551319bb39d268399ae34ff7a2c57851a2646ebd2f9c643c13d6df8af3f013a5931c2140398a48d1ae2ed98d190ab6e011ffac9be3f38c336613146211cf727519b59c1aed4028f62cdf8d25bcf90a9d1a2e60199b225c533d42e0b426cd18e4c2dd1cd4f48812db7c03ef0d8340cc79eba532d64d58c1b0ed224950ad615cc0d99d0cf657cea673960c010496e7d6c78c9bc6f52b97ccb536c0e469e5edd76c392957def6778fc0d9af38dadf1501f2e5287f52028685f61f6bebbb4770b4001615367484ea22fa052792dc353e7fd
1787430967.127438 vent discovery/pairing handshake (vent powered) RSSI spike: -45.5
  -> 255 77b378e5832afce64a580cd6020e889bcce223c3f6f9a7e7ecce55661f2f835fae82e1368062e5c102f22b1efd0a43175feb3f32b4c32a82b4d2012d7fbffbc1788f32e650f8915322aa7aa02158000497222be405980d3522680597ac16f71f4bbdb9c474b883ccfb59edc01576bc0a2f354019c1bc0452e4f2ec37c0685ec598f056ba2722bfa41f776deca1001ddc61c5b5542585be9eacbfb63ce3fac2f77faa51493cebebc1688ef84f87f7266691c2eb13eca3b1b129655d942982d9fe8d3a84ab060ab4031fc6888918fadfd883e94392feef41c1d5cbff8c3394e4d7f6536d8c3b3a5d52d9ea6c5e6c041681fa3b38b6db7a11fa977d88cab51db0
1787430967.1276648 vent discovery/pairing handshake (vent powered) RSSI spike: -45.5
  -> 255 62002f978f328e54754c27dad07ab0cd88706e5e9af9cf9623992c310b03f521fa48917d529c7929e76fc4b51d4b7ed90b03b5ed38d3f57a7bd1acba9cdf305da3a20dc54ae2f239cc65374f410c2e3eedba7b57ca3fa9f3db32153fceb489af022e01336ebe1df48b14cb83fbe0c58372d3154d62ca4d0706c90c062701ec55b0c9123ae5c42d8031d0568f0fdb45f1bceaca1ec1bbac11c920065f350f5977cd96e3a1ddf7f09db0c06091a24bde7cd7366021c998d0548df518b7b80c3759e9ddc48422120803953c37adc41f981f62aba6030e2f3dfdc02878275907c859116ad03751886c07c75c4f2dd463216e1ef62d387e03703b8e2fa7db06cd31
1787430967.127908 vent discovery/pairing handshake (vent powered) RSSI spike: -45.0
  -> 255 d1f29ce866fa21f9fe093cb961ac222a533242d0af4916bb9d381bdf614a1cf8907d8d49188daf0c409090770f86432cf8a9e82ea5bd2001bcfc73f7095a76115eb4add5a4fff41e11b8db4d0a06519df2f90863437b54f87b185741b57976a657880f3cfb01604c65529e6680e2ddcd2741b24339a497a0863a251e88585ab1959684a3c2585fa7999c030b165c14b90aed541fb45f2b8d4dc0ee4eae8606beda91204a636f66d4557e44642901d70338b4ee12aefb2366c99fa676b06048572f5e729a8548a424a22a096ab9f61bd1f4e09a6f5ea99440177345513b9ef3155e8877903c499b58874cb283029119ce82c17855a73d9aacf3ca7a7668228c
1787430967.12817 vent discovery/pairing handshake (vent powered) RSSI spike: -47.5
  -> 255 0602202964a196f70c7be93801e1d5940ada708043b89c85609dbfd2540d5452f0c75527d6c4836e73866d8c3de54182d946df6b40973b353523c903a4614e6c7c847a560a2e9b5c66435d56d0b3b40b4a20c3a794a863ffc37e81852ccd1642e1bc3a3d1dfe791fb7ffdedfaffad8e93ec94a2f0747a6b8bb8bb26d3b19c86fa1590214a200fe2137e546d01be900e1122e9368c26d39df4978c1209ab08c10800d9b0e5f6071a26f8f533dcd838c101881a2c4e0a3c9a18b79d7858ebb8a7efa64a240c7ee083ce2e927535787fc2fa76f55e779b802d8f73d594bfd46ce4a12063d1e55c187ce633332d230edc760f4e8d0c0051356e7d0972741983a4d
1787430967.128427 vent discovery/pairing handshake (vent powered) RSSI spike: -44.5
  -> 255 e67a61b6782db3a4cdb20d04cdbf9e31917e7e75774663d98a8cb13d839421adc89037c2fde9d560267a8787f44955c3b1cd393875a74803b12903b00ac86501eb2a363362a74fbdc277205cef0d3673a599f38289e77390aaaa200c315a0b756de5c605db9a57131944e6c8ce281367c6c7d005eb698cc788f38a3496845d5ee5f48267fc47e947989dda3d0a217c114158fb6f6cddc4f4c697a63afa94a531ca8adf5e07eb43f83c28d98ff49eec8f9763fa869b90ec6c81d03d552d7b039aae333ff781fef57c78bdb47b35a096c6f723b102c2253feeed820de4a357e8059249e24455db2dd351cc14584252b4dead5a5c8124bf1adabb9619ebb8679b
1787430967.128681 vent discovery/pairing handshake (vent powered) RSSI spike: -45.0
  -> 255 0f6050f086dc71ab325772caca8af6fb9a8013cb7c2c6c89fe46fdeebf0db6f43ecf1ae3be66d4c39969d5a01a3f1d18cdf35263b20a52fdf1a877d7dc75c7126035f6126e97daa4b8057fdc7006683425cd01592877948ea574c3d6232aa979084d8a5537da5bf3d5d129263b682676a82af98663ee3fa926d72f1ae3d8c57fb933c84bd75070033ad6d19d1e578d638e213906bfefc82ce83cc18622ede410c5d0f4cf9d3ac3793b53b6fe27bcdbb12da69a183260feb73d6b7d8fd1c9e4c8c89996d7251c765e76734e4931933495085ba1b2af8d324e3f266549aefeb848cb18f8beaa00419312942efc6ce43e4d9e1a71eab0251c1934caf9de103874
1787430967.1289442 vent discovery/pairing handshake (vent powered) RSSI spike: -46.5
  -> 255 8ed918834fcbc7b5da1ecb63ce13dc8d22e7dc95426504cc77f9bf07e16df13e0281113d42de4b025d6f26688a8c1f39d798a03f7e70edf9aa4580ad92502233c6a77ef736fcfa8de4cd032f9c725b3b27c60aae0a5cc0869a166e24f08d814060fbb83164981c223e1a0ed6250d999fbb9a5aa491cc8b853ee4638bf1b59e66885a68d826aa99154ebd6e335aa3d4f4132d19780dd6d192076c136245090c796a5b86d1bca149e4f511be57a93c7c41e9ed913c6a399c2f2c455c1b7e0d0000035f826f8648b8f2a6a8609c1f7680dee33ff38686ebb72e7c7416ebb2547bec1b23574e2f506db69dac7d2dd239788b3f94bd873e72fba4a758feb6a48402
1787430967.1291919 vent discovery/pairing handshake (vent powered) RSSI spike: -44.5
  -> 255 28cc1ed8c2c14bf8a00230c7f380b89cf3adc8aa31d04cd5da3352f0b8c948f12c0f3dc162eb02ec7903d23b859d081daf39ac30fd2f6ae7fc1094db7718537a6521261a8c593fa9fece8aeca1fa05b70f19a2659a6416485d18a2fa424d70e8e253c71236a154ac6a6a35c0082140d3af85ae4a8bbc53322ca3747217782d1553aa69d4cd196677d68058e87fc2e95315510596a61c14dd67bbe3e899edf930ab9b57e7fb6dbafc84b71a8a4cbdc5dc950c96df609676c7ed65f4062f8214dd16de16bc1f92983f52ecb01dac99080a4d23d99c0a1ace8d747e2667c0b3e050f1d55e882d5abc1b373b71a047dc3bd1444b12c79083ee061e84727a692b41
1787430967.1294348 vent discovery/pairing handshake (vent powered) RSSI spike: -47.5
  -> 255 8618904fa40efe0d911467c66f612e11368565e94ad3626014d98bdfae5b2ce95d5ffdff96810b71020e4c4a3da1bd8839ba8daa34296f0185a29484f600059c07af5d934031be82e0121cedbb3816e3a740c39f89c4ec022eeded4c4814b7e8868e7ecd2a5f6eacf80dc1c9483d00d3ecc85b27e7c03a30c4595b5386dd332c135f807ca7997ce3d737f7065ea79ba70a9688769d051bb73e9ce39b3b6edf504bf386387573439e6a2a0c6573208447cfdf10298102fc62528b55153ea0eb89394fa0465ca74d00cdee311cf0df0f935c23e168bcd7f78eed9043b559e1724c7b9337dba3fdaea4d85f7479c3db2829a8e73d5361cbfa841c43d387efb1a5
1787430967.12967 vent discovery/pairing handshake (vent powered) RSSI spike: -45.5
  -> 255 36680b0de3ff62e020a305c26419d5e27038cb69173ca01c78be79e8efb24fddb85ae044f473bdbdb170e4acbb7237cd45fd37852bec7135a5eb5241f9d7bb80d555cc4e644fe76d41dd800b10866ef64c02933dffebd0301ae1220dcdb6ddda1678685b0c466e633151a4c722b9c02346e08ec2bd528bb10c50fd561a8c6bd374fc0cc7bdcfc0b6a1dccd870cb9b3bc8f627b1949bfeb27015d506cbd722df49436873d39c0b9cb3d30d5bbec2e0a997125b9127a646a1d31719adff4162368d69b42ca711f339fc8e9f64bd9e891481ebeea02a483c03d60a10b995e8b5447de8602c0a54350b37f62d519e19e5489582315bc8b6fb888f61bfa1e220b45
1787430967.1298912 vent discovery/pairing handshake (vent powered) RSSI spike: -47.0
  -> 255 961249cf8d068930c7cafbccecd904dd66760c47482f7ffc89c84ccdaf8587c84f6e58e51f0dc422d0ec8ee7445b3b380c301051aaf0ca5b85bc6d45ddc6333a3315f07a386369f795e3043f75b94b082e1b63e982aea6f6b0faa589eb484531787472a3d0fe867436b27e4071a263b6e909520270e917785dc6f01dbbcfb91ce00734c5727a50943d5c07c2756d81081a5f43b8aeb795bf911f1a386022dc7d7d1756f5ceb327805ac7ac564cb1d6cb9283521808389819094868dacb312075ceed133bdded454eb192bea9d5694b93b0f4fc8f9fcd1276fe06233c3a1a9918faed91d6088813ebd07bb0fb0514671fde1dfa150f2541ceda6b93ae7e5c09
1787430967.1302211 vent discovery/pairing handshake (vent powered) RSSI spike: -45.5
  -> 255 51942ebf9df86ea2009f9ea9f5d32bf5878f35e7ebd6b214b70afda8ec5ca233c6789f71e3d6df3f1a05e520d1ae75cefe10dc93d36148c11047f789418ae360dcf2b34d2ba6e754f193b216ae026cf95f67180057a507249797cc5a782bc0f4204e4d7ed43ba7ac15e8417c6ffce2aee2fb0c40effe1f51c7efb636d5231d5d328f97fb1ae02f5fe9a0cc6227ace8a7cbe0b6087b1e41636ec33a637d1224d65f214a4f8ad64227f349ebc3957fd30c762e8b8333c4ea38d923a313ad0d88b1b59032dc6c784187c133f491c94c07beaead7571417610b383ebfdf3e263828bd8a9ca024c334a46f1be9ad91bae6012db263999b613ad4874f55115498943
1787430967.130514 vent discovery/pairing handshake (vent powered) RSSI spike: -46.0
  -> 255 faed87a7cafd384eb802763f8c574ee9a2d0158315474815bbbfe886a0366a44fb99dea621ffda73970bc35d5e2c4bd775cfece1b486e36a0480f6bba1ce7ac7fec393940b4d73dfa40f528376ed4ec51d90755775ad3743e9f5e3dcc67f388ad78ce31090a75820bbfc494f8c2fefb521d519544f0612a634b69fb30f5a117835a3235052b18a31ce8d5b74e4f7ee3e3770c41483ac7ee0e173278a8d72a217dff9e17dd8c8dfca9c375c707b738c63df26bbc3ae8a5ecaf2ca438289ef5f82fa29f75247e7f6e036d970b5e33c3ac7365fc4052736cc1ad0e38ddf44b2af16d6d2f521719f271d29821487320c7ea6cc4606207dfcbc18baa77f1b4fe4f6
1787430967.13075 vent discovery/pairing handshake (vent powered) RSSI spike: -44.0
  -> 255 c40239679ebd2183c661310369df4bb6b5ba2cd7d0001de328d90300dbfb7279c9c4598d486c983be24db034c42b85c4901afb85a73f980220af897b04f0da3f36e818b561da5f9fa103a1bc09a2ab8f82dd566b95114bae90fc71ff89541cec627632db217818f6c9f911aba7014c10e0f26661296c81403de84247013cd20f366feb5ad2b2022589f04f4a51451bd63ad0b04971958aae3cec73a3d09129c96c1dbfcf0ee702b5df2f60f08478f163536e3b43d9ea36245db00b74b04f519d37f0031241d309b9912efb0e8c999774c204b3e2fda5322073bc0a25d24e9918ecd732be5cc1f075c08e6c28a192b587fa1100508bc546a99ed26d344507e1
1787430967.130996 vent discovery/pairing handshake (vent powered) RSSI spike: -46.5
  -> 255 638a38c556f5d0ff4bd50f0f2325509c5d04ad13d095808429400271addfc5f3d75b114bb35cdbc4878cdbf34f442b3ceb171487bf6eeec6d041a483208e34acc3a543e0bebdd7beeea78bf7a59f5230a8e251a9d0f400b0e6b84fce77df25a3219efbb881b46257136382b751dcb091b7a75c3cbfcdc8e847f3f84255d592eb91cfdc9ccbf9e5264d7098d631c5ebed3b4a2ec3ec1bf3fb55a1725a02c02a06e5198e3178e78689f6df9ebe02a610d9df34cebf005819546ebb8a75d4cec5f2cb220633c073a7737eac5acd0b0acc625e7f477ca203db4b04466f6621852cb275796d3d2f859b4781b6e1140a0f5873f0e257928756cc4a0bbefe5054f7b9
1787430967.131299 vent discovery/pairing handshake (vent powered) RSSI spike: -47.5
  -> 255 12c7c549b951c7adce4b59a352981ab6649678fc213df5095e057ab4c0db9f3b014e06db98358ad575082c503bb56cc3c900d5347a910d7025965786eff8a598dbc8537dddbabd5a8b9b767562726dc2816d2c7ef0841aedc0ff0e727feed3ad52e8bace6f248bc56ba3ae29c4d3cdafae742e4a09f923fde36e896fa44186bfd87fc1961756191e248666aeff7f31699c794be6b2f2af399f30da01900e3cf38e67ba5a01e4457e84c55d850de5b2dea68f23af379c7e98aab7608531066bc0912a8fef348cffa18c8a6b1a82afdb0207e387e0b61c97a43c4d36c6665f8ccea7ee52c5a52415d3e1fe1664b35a7ce6793ff880a9244e08044107fbb5c445
1787430967.131547 vent discovery/pairing handshake (vent powered) RSSI spike: -44.5
  -> 255 b035c73f021c3ccb84cfe78fba7fe95396f0b856de2c77a911fdcb92315e65b36594b95d5b52033a29074e34bf3c50c6f0a69e0ce2003b865605a5e26fa869fbbda5d88af8269c026afb01e4166b203b65ec0cb512fdec48f5236b5367f628b46980bb560b50e3305b160c152b92e146bfb18617ed0642bc32265dca34d85153704c202c0d99c7177e0bcbcf954d597e5cca582aed8e0549287b9d2d090e038204fb6d48b3033d7dc45bee6e2c7f8499f0ff14883fc850a7f4e3898f3c0406ba8dbe0276a2552d0fc5247fdf2def60dd6b610d63a81611c3b2e81f79c7cb2e210d3cee35db11c3b2f9800232ea1ebe8a202a0db0f32f9a93bb995ec45e9d16
1787430967.131776 vent discovery/pairing handshake (vent powered) RSSI spike: -45.0
  -> 255 751ac2272ce707a5d0d151732dbdf9db8caa2f79581eea3ffd1527929a7f0c7e65492f0ae2e972f4069b9be94df3f830cdfbddd29145d1771cd4e921567659b8a9f4a30d4bc1185a6cfdc4a7b853208f79ea04f139628f44fc32cf41e1aa7e8e7bc50d269bef72eac15ff39bfa917692122c16f70be163eabface00012b0f76e43a956f996180a722b10b1db86f0ba080336febcc616713dba97b831fd7b3665b61e17aa068f08a25397cce5d84a7b90131fb630408f280be511b11b882b21da99b367d8d393db99b6139b77dd70db7c6f547f9b3ef4302acdcc7f9ecea28f52656e1b7bb265489bc13fcadcc576a3ef088d33c65ffc1a7473a56bacee2388
1787430967.1319969 vent discovery/pairing handshake (vent powered) RSSI spike: -44.0
  -> 255 5c38d63fec45cce0dda0c58f1fe7568a01d13c97e0ff8c1ba5f3ccc198a50c1d90d0857a2b9dd92457b4cd366fbc4f88515e3a6c4e23e01fac0fabb0e19a89d7ca5aa319cc57f564288b3b8d0aa5499f35eaead4cc5d90d741800a59e27a18b1d1f758e0877e3a1feec440bd894de22e0699e6075119efbe160598d233e6cac87880170b02d5fdd5483474df4791c2070e7135f579ccbcb90021676f52144fd0d41e59a2c717cdd8040b0b0b399b61d752af7c5b64cdb6bc5c626754a9ca8e2faaaf51ed1a6509ef72582ae1e904d9fb007a1a521bd77285ec8d903926bb9701ae59f0979f8ab8e89978232cb31b0085a3c0d1a55bcb4b415399d4ebd9d4d5
  ...heartbeat: 100000 iters, 24.1s elapsed, 35 hits so far
  ...heartbeat: 120000 iters, 29.2s elapsed, 35 hits so far
  ...heartbeat: 140000 iters, 34.6s elapsed, 35 hits so far
  ...heartbeat: 160000 iters, 39.6s elapsed, 35 hits so far
  ...heartbeat: 180000 iters, 44.7s elapsed, 35 hits so far
1787430992.727385 vent discovery/pairing handshake (vent powered) RSSI spike: -45.0
  -> 255 926ff64c23c5f5ab89d0314861c8f66cb79d407b1cf42b8da8d535df35b849ee71c5c235c53feb2f2647c5275114b4af2e7023706564846943decea97b497b53737dd5a904f478f69401814c42b28d17926dc7b18b928221146dd46faa14d66e236644bb797d5371e11eb4d09bdacb67da5b39db9b4582dee034d87b9294f67d376b2b85b750714d38793c8378827c43e917d8a8e26b15454abf55c68d6b6b168be0a98b3df9b1ce8a963e9648729cc51fcff4e1fb4583fa69d7d77c2c839e2280371e545b4bbd33c9e160dfba5f38febee6ebeec2b7f348d294fb37798afc237a36e9e926444c03eb1e0cd3343bd58569a9f63f3c6864da77ac8f3f7fedd9
1787430992.727678 vent discovery/pairing handshake (vent powered) RSSI spike: -45.0
  -> 255 92eba518e2fd7d58312daf501f286a86d147c23a7396e9b3c9b05e380fda84a8b61fde09c3d4369531f44f0d499d5066e866a1b5243a745827569f1bdbffa338ecc58abc29f03c04a4f92800b88dfb91dc16ef64edd57942b4f141a0883692a1a6476f5002b6d6765325e0dd75379382edb4185d088bf864c3fa048272634f4b4c92487d7cc2396bfd3cee1c413efd248fb2cb693aef68845de5d7f4ba83e9e7402d4fb8d6e9ae821736577b541148644fe6d65d1bd5d820a7f40414033368f921ea65832cdf3175ebd40b29d7cb6fe9e998956761cccf0d61c0970b55dfb15df870a9111b8ae1707d893468af5f7505f7bf2126ec813c8c03e74adad33be6
1787430992.7278972 vent discovery/pairing handshake (vent powered) RSSI spike: -45.0
  -> 255 397afa1c4011df6a3dad362db6e56ce80ff11f5bbefd2fdb71f21f6be5f16845953aad17b97f59c737786fd034a1542728e5efe61587e3009e462b4c8dc979c7bfdbb32ec49d9bf54d1d2646f3f9f9706e685916f4edd27ca83b06ed40d0449573fc1b6066c1bd173c95def7a0c6183b75e552ec22fc02019189d509f7ba6e0541ccfa67f12ca8e9afc03918f4e2db79cdb84f702180b5fce0d8abb8caf61ad74a7c6ed638266cddce31117bfde7759d73582ddc827724c1b3327d6ab3f1ced97c7432287ecf0e8448d2bd49aa396c2e8a34c32cdb36b129e0c96b94f06d839d4f3023930af34f24c0e1db4da9a538c4f18589e636271f22f0e3edea078109
1787430992.728189 vent discovery/pairing handshake (vent powered) RSSI spike: -44.5
  -> 255 23d9398b86dbe5b1e8b642f30f55d148ec7eb3de4eb7508ff072974df8691b008cad3a18642c9087afef1e67967dc80a4b1efe4385228184cf1c3476c43c038ebc71e1225c0c0bd311c5891ee6233e6a889008a083f8d4627c07fa4cff8b143fd0cbf73aa177a391a076f31afe9218eb06a1a46161a1969a16f4a42eab9244d15a749177b2c1e3d9359c027e2288fc649fe8763133d077c75df7218a45734a0ee2f69aa720ed70f56db62b76717e7c34d3c19ba7afabcb34fa811f27b91b4898e6a52c219f88b2e3469c0790df2dbe785f872ce3e037e9e69e8a6c1a6b0ec27f0a9750ab77bef17691d069c0bbf266d16c7bdeab1780a713f7cb27b17b4f50
1787430992.728439 vent discovery/pairing handshake (vent powered) RSSI spike: -46.0
  -> 255 6bb1ecf71aababa87af989f7bad828b05e8623c93a1f0eea680367365da0075095b9fe0af33081d5e69b526f9d5d6d104e6be73e6afe5d712299c46b988958f3a1eac71559f7d23033e143cc01e0e264da3b646417feb9d450903673d5abc96d15e9dfc2d85c871977e32609b441b3fa85df4b1f2fc8074d7a873aac37701d151b748090ad72f54d9002b607a1fe7074d11128a1efdb9bb3565012baeb5b89f54e24f90161841631d8acae80fcc0f6b43d6405851d7b826d93bbd28063aa192717f1035546ab61a6f32d5fa060e79173cf292811b3411c8e75bdb9c63f63c6b16f9504c58d809957cc44e36842936250309e895df4290c3d7d00fd5080cd6d
1787430992.728705 vent discovery/pairing handshake (vent powered) RSSI spike: -45.5
  -> 255 99787a3b810ba4383bf777d39aa12017cd07c5734376bf00cfb12f577eb12b0f67d6c24721a6f8b66998a13f08d88952284b15bfc65e75e7daf8b0fb1f900a11ffb1ba12a9f2947840bbfdb43a3e0e95f7d84efb1db2ca0fbf024ba8a734562c3ffd0543f639ec077eb79ffd872272a3cbf61f5eb27e0487133d533374f5352f0f1ea89cd639f198bbc66a6e1cc568bb8a5bc0823ce6515f07a89ef073981994af41bc9c5e15c48fad07d8fa1ec772d4cd010e395a45b144f22547daaf33f32119be3e1de345635046cfa065a3fd3aa2efcae56058a79e671486af2cc5035351d24b40261236558b3786591bd56b83bad9954db6108ebfd0fa5cd878ab1ffe
1787430992.72893 vent discovery/pairing handshake (vent powered) RSSI spike: -46.0
  -> 255 820730c26ea2766a80bc95e51a43d6f7b35409d15ce57e5c151e4d0bf148672692f77a85ac987b6f88c62a06e4022cb69b19d1ea08fe7dfba6b08426f9f976391e73a98447921a3926767806944e4b2cf1b3e7e714d91bd96c65e66300c19b4fd3f2480b30762edc4224bf1b9b19201becba1b0ccef7cd4825e598b8f8135712eec609c68f170d55760c6eaf6135a4006e4855e36115a6a4534ae45ec6497b405530587d420e044b472cb51c87f6ae0112c9402340abf243a5ceee9664695750401eb45c32b3d1e4bb0a6eef2b27668c197ff6ced3e7c70e1b22a1314a366bdb0e918fa6ea511fc1ecc4e50b0ef3d4e77e94a056e8e0162105c786cd4c28d1
1787430992.729197 vent discovery/pairing handshake (vent powered) RSSI spike: -44.5
  -> 255 0da7f58fba345c1b2d1f4431ccfc0c30205fd10e9eca2949a3c8eaed7b51b7fa885248ec7921835bde060929df96d1cdc5025c77eb074adffe590dd6841cfbbcfef44d59131af288d9d2c944e0d1a39e06bfc4703842bb78e07b72b89e278abb62009749130acc2406b6b87f67a088d5376b5576de661aab83d90bb06e45a97cead5e2f3760fdbdf0c61bf21b37f45684ef349dad6915580c1d29bc03c9a4ee1eb3931e60c9603de0bd79358baf48604234056324b88c8983caa6c4407bc7d963289379c934e06178ce398d218ae31e806903127a7e7965680433c318f5d4f3f3f092b9bdfca4ba9bec216bef46c4a0ceffb58b897509a4d0eaba3c2de5b13
1787430992.729462 vent discovery/pairing handshake (vent powered) RSSI spike: -44.5
  -> 255 93be06d5e290df652dc22894997eec3622fc06d739cf9211117813213b73df61e42b18bc1741b011f07f5764d6623ca06dd1ab87eb32a63f541768296a327e743fd981e4250d1fee4495023eb038281ad95c19d717ecc0ae36659406e44afcad819a5cae51c4e31e11078bd1c9381b0b0fbc567fa612ec013f684976f405d3b6f0416607496fe9d98b34f0d77d88582c0f6ed9e167e8fefd4d2cfd62b8f095bdea611d8865f0601dfb9f5af6045196180764c4574270daa11f57517b5cfee10e6f26cf1d6a1e182fd7d27900687e81329129dcf0a44838f064c0c56c955d935014aca4981ba7361e71385233916614cda4076316bc4261e75b5d73ccf616c7
1787430992.72971 vent discovery/pairing handshake (vent powered) RSSI spike: -43.5
  -> 255 524c376298bae4bf890ff7628f1c9ef1fb5ee37fd2c031ca3cf057a2ed36a68cf132fca392c23cc819fe2086afa45acac6a97a164c25ecf292128c7e7cab3556887046372cdaa27cb402ec733efafe66547beae5fb4f9388aa9f3dc1e3c1ff30af5a97695031a6a022e89bf0e600b62b9e508ea34beceeb38aeaa2d6f3749461fca565e532560b94b623480444f6ad26b84f2af1698fba1f9408a13df5d31c08cc896f2b6cc6a82c914a5d39b488f94549a8534f6442efe88a1b4ee7abc3ad0b9bbac02ffde2647054d85247ee251f3c005f54e9bbb31c761e44f215b5e66298f022bb231880ad61c5f49a82a81cc5cfde3485cea808fb5e602f4f82d4b35c
1787430992.729923 vent discovery/pairing handshake (vent powered) RSSI spike: -43.5
  -> 255 627b2f1394e1683170fbdd4b2a41bff034d18c136cde7f577bcd45554a1591f3586ced36b4c604f2a2814062de2953a49cb85369774c6c4c69532bb8969c3bcda72d4c54684c309bf8d750c73a8fdda4600a0961903dbe59c27426dc07fa3f66f3bbd012a85da22c06f6eb6bfd574d7ce5ae7647e68107b11cf179e2d196c65b80ca60db7e562e48c0baa8bdea91ec4c302f0ee9d246945593db8a8ba584a1659c8551c929c2d499b83f0e9eb84dc6d104d6b693344b969e5d7480d4e97cf8bcadb432674c2fda33e34e252671c0f4e817296493f322e09345fe7848fe1c8f8c24e0b22e4f5891964612233e0c964a64786a837a305548ff5e303bf97ec5bd
1787430992.7302542 vent discovery/pairing handshake (vent powered) RSSI spike: -44.0
  -> 255 7c56af312a2181cc26b22611792c52822bef7bf79de1896f9646d340e9f043879236eac4ac14fbc797755b4dfbf80aa913d6d26fe5c2cf3dad81d678c0077faa972919d408d487f05d0d5ffea007358cd8b92f83ec9a4862153b0e98ff68d225bdac62530c27eea5cc733bcfc8d256381df81bbfe451d7c8170f6e4966ea2dbc6dc1aee0113977b3f0e8185d8adfa861bad1dbfef15c1c0ebc92a7c8f19c3ef381df1e31d729d53aeaded997ad4f8906726696f800aba6dd604720a7bf5a0b9fa9b571301ef237903d1694b0de90cf63f9a40670151edeb6a5366b0f2b0eac3d99b91449d2cb8c5815007e39e1a20d7bf0be1fd6545f72e65f0f23cca4d7af
1787430992.730603 vent discovery/pairing handshake (vent powered) RSSI spike: -43.5
  -> 255 c0a4e021ce4e3d953ba5acfc80c4856218fc8d5160c0f571fc49192339de6535b3b2c7b5504b9e1077224afe56afa5f13967c37afa479fa0a08b3e4a3dd3ff77dfd5ca230ab2138af2860213dc8d52a9d3230695988464a399c8e0de9ddbcd6ef815e7f8a3920832e736228f8189cea50ac02d3f482cc4c523faa038c5ffbfe68731b556feb3f6fdb25fb0c1eee43ff0e65bd3c8c730f9bcd16e730dcc49b927667735fe03f4c6fa0c2fdfcb6fd54b1881708285fc52e2bf83c22e81b50badc20dbfcc2883694eeb92d105802d42126cfbea049fcd5fbd18e39a5b895eef3449b8cd08d7a3db75eedf46a1cd37be5379e11b19935494b03b38a5c8790bbede
1787430992.730884 vent discovery/pairing handshake (vent powered) RSSI spike: -47.5
  -> 255 5dc94fe7686f317a7b2aebd3e6aab18ac55cf4a877f866d772a8609f78e8171da7df0ab95b47a5b8e48be2913a03c7831a2da4118058ae1d0275e187ca82ff3ce86909ebdbbc37da2facf26809c75cb15a590481d5f79cd249349d034847ad0d73aa790bef4ac123a30cdf08b589e33589fac1ce33d682e8c47130d2f5967fd7ba80311a20e565d5530fb70ea63a61c0c0b0b2425e9c35d76d9133dd098fa7603e378b92edf9eda2035767ef6a81209bda084863cdd2023935cea56003764588cf4b9963c3c915dbffb5b27c91ef9089ffefac391863150c79acbd961cd4b1ef4f2c44601639e34882b8f778dd278eb663ae686bb08b64abc35d9831c26002
1787430992.731207 vent discovery/pairing handshake (vent powered) RSSI spike: -46.0
  -> 255 54c4f44d044d7037520ad137f62b66afef47f1d3267aece7ebea2cc9162d9ccf990b14c5229c737ca89f58f8766a59b2ec260190b714112320362ebc36a5150382432367cc49454107058faff78890550c2998e9c173b6c7610ef721d4f53fa6b1ea8fcb704ebf34ee9368a89250b823d4503e1f57c821578437250eb3a0b9f6536be4c06f8d0dec9bb10f2b6e2b99a50ebfc6663d03a514dcd3a4d2a207a17ccc73310a4a30ed8bf67243c37b3ce75b51eb5fa4e3e30fef1e09e85b27ab6c1d92fda529606fd4487115b53aba8f70931968a7e6a2419806499fc1de22b35fbe514a86ee96d1089de4fc1ba7d304bcdc1b47d031727944004f9a6e412c2bf2
1787430992.731456 vent discovery/pairing handshake (vent powered) RSSI spike: -47.5
  -> 255 589b3aae20d30d6f0c05cda210230732e0ea6ff67ae5127d51f611bb4c1ccc2177d03f1b7916c65f5116ad37b67573234088ffbc33015b4e79fb2da2c645613e17e056ae5c04ee6c267e293da51c1d7f5c0a19d3202107c7f6c14ee75ade93710174b9efb7e5ad1b3451b12aca11b65fb256cd902660675d515be8e80a19a9a87dcc4505c1cb9f6a5d55b0c71e963072ed7023b42cc9a92a7153f4267814672bcaaaeeb04edb483af77c5ff69903307f95761bae2c88fb663ea51bd8c544c7bbb9bbf59a152efcaf1c59ff5e5ed710c2bef61b34c60da0f00019a5a21b3cb98871f1181a1ffc552bd9a322022027e02df8e8a881b67e8dcbe18a69d3784ebf
1787430992.731721 vent discovery/pairing handshake (vent powered) RSSI spike: -44.5
  -> 255 1c160adf31e882e5063dac716da4205608f3ac357404f428a55a6e5c018522c9dbffbc08e33857c10cb0dc7b38e3365b6c08d034c43cc2d7a58a77384eb1e7668e87e3aaa83d7fc0bbe6080ae134e49830a6baa34f6691e27cd19d6df5447297fad20f660705530785e4c5ebedb4bdfca2aa6b3017af7d8c77812094942e1334231c4aaaa7a4e709312af8553c58a8025297a43b337a25e7127b3d2c0430655e9ff897beecd87546c790f506d3e40f9ee995ed0ec2f99e65f4958320bdd747cab844e5191b225dcf64432aa1c10abe5be6c4cf992c50a2e3d95602257602b0cb46f5b34e59b2ea598e448970fa22fcef33d14a6708d8352dfe1c096d29efbd
1787430992.731997 vent discovery/pairing handshake (vent powered) RSSI spike: -44.5
  -> 255 52fdaf02a1dd045a3a4a52c0159d923d25d7becd8b6728dee5406668860a5087cf1a22176533674a64456efa8d551ca37c55119def12440503e47e7f480ed41e54f0541542d1d61960186ec4233403cbc5ce9acf130f8b7d73b643e5e5b1926028045fe3d8051f6ba044e7567f00002c5b45f54b776e885aa822841bc2c2156eeb29670bac9f113fa8dd40bf8beaf194d418c62e751c33b744bf07f9696a84cdff2422ff1df7042f16b7ca3a2bed7e0f8eaff34ef807c93e94f486d3b42d748175dda0d3756dffd92850f67c23b6862f471d18dd92f57543f12e71b82a7a5232e29c5efde3b84723df3e04749f5045eccb901b53778b54e5bdff25d07803f8
1787430992.732212 vent discovery/pairing handshake (vent powered) RSSI spike: -44.5
  -> 255 5c0241a91d2b96f0f25a93aad0ac8be7a8fff82e4eac2f10ca1fd1bb1348d72ef0f5120edb819605a35a6d4c3ece042422a2b9873af53d55198a1cf0485bc620fd7d605dc74b294c1857a3a205f5228da2f737dc24610488d778f5ab5de0578fc10d22f95f0e2c1ce8a9c218c953bf90457782c31fa4d379dbce14c4ab41526a6c722293fcb95e22c2b0a85fa49d678ca6f37864ebd314cc01c35dfa0da1b8a03a7f79cec0703a34e930d642ab6109e1065ba0511b236fee9280fbc40a05a3fa1e3d6071ddb138ba69e26bfb7a0ffa5bd00a6b95ad3c694aabf279ac1dff829efbe9802e540be0b466f107a6526eb8c405568d2cc17310401792018d01005a
1787430992.732469 vent discovery/pairing handshake (vent powered) RSSI spike: -44.5
  -> 255 de018bde7bf6cfa192e16667d44c3405a6ac77770c2b393ed21641a600494a70adcc5595f432227cec745d1d4061090f3ab509cbf578a688abae1dc665d4dd8553a2fdbacade7a406a2bdd3bb55c85c165bf4dc0a921d75f75fab0c02567e86f2444b46d0476d49e2e845e3cc941768759665c212d385ecb0f01ddec58f002a5c7dbb5d27cc9d70606e6b4bacc0101087a12f2f48a8e36da2a5a1c5171036a6f22fc85cd1a9a33eb5dacfc05df39ede22a3ef132ab2b07c685918fb5974a272227a51cd0df5f7a6f1bfbcbfac98fd8edc21374591a83ddd489d7d485e4fec21e0a52f114b38b83faba23244f33ff0773e47a1fa02e749353e735510756b2a8
1787430992.732695 vent discovery/pairing handshake (vent powered) RSSI spike: -47.5
  -> 255 41ec27c6892e5cb9651b30cfe24326cf628fee1c3f23de272d0127210a89af66bdff58894f2d0117639ca10327bff2e3cc8ea3b9fc3264c6af96edc90b045a90a328bd7eb5f79c013113777805b0aad64edbdab14c3180b77f89249c62293356bfe3518de87887391be27d96dcae6dbe3a76d2eecaa1b2018de7b8948081f2a203fdc4940bc520151e4c6cbf0928363adf8103b0c03ae1178512e9f0bb4e18a7d93dd493f1451933515c190c36ae243ae1d1652f0e186c8fd51e419aa50877af0e14597e6ade17ee961bb97ebc04b3620905eb056714a2477e1e3382f4a291a17adad118325b8a16ee944176802feac86711da08aaf56ac59d12fec4d617fb
1787430992.732927 vent discovery/pairing handshake (vent powered) RSSI spike: -45.5
  -> 255 93defbb5e71b50c77e9ba93fce50a194bcc272f877e3ec007823708e00a65c9d6c222d915a106ef3fd9b669787e676705dc6298c5e121e18a1cd058dc1b97db1e7e3b4ab9d3f37703945160332c967efd79d2b73cba33bd33add9fb9d03d649ac40971fdf509a74bc35327e8c74ffbbcbac28a753ed42d3a3b623d076b161eb7672353cbdba98d797bf6be79168078cd62bba5ce0c271d7575d13a79df32efc4a2677021c5d5422ea8e89f03cd2f3a5f2303266f71bc8f1f73a8c1f44ef74093ae6209729032425606e9f3983452890b3a46429510dfc4408332d782b6fdaf01948bc77b0f8efa330149e0f6ae45e0ec7b47a9d3115d9d54d1e92cd0c95f3e
1787430992.7331898 vent discovery/pairing handshake (vent powered) RSSI spike: -44.5
  -> 255 08255185ea3ad36f18c55ee7327c0db4faeaa7291c32f5d332fead6bcbe0628b84fe4e0282806aa0837a5e272ef3de5e8b123128795b2e0808ce681147502201a74760000f0f3ca570675f4be1618c6f06347b3d96a36fe4c2a4cb297de42eb443dd06b5718c53e1dc82d354d84e1c78ea0d6f4537bbbfa94494ba446b5ab13170c8d0537ccd00d07bb4a62bed6a89365c2fad703f8cbce0a12df4d8308f0bdfad29d6021f617108c277ccf58d95f3e596badcb5b3f9f005f97642f4fec99be51230db8f5d3503b019db9cafca22346b70c5a09e8a1c1b2080c5f81d3387b55e5051f05348b064de556b2af93d0e2e657bf05a8ee336a060502703bd827ae2
1787430992.733469 vent discovery/pairing handshake (vent powered) RSSI spike: -44.0
  -> 255 e9a67d7c8d8add6ce79e8d7d1683d29862ca68abde015004ddcc9de055300caad0a3ac8d9556c50859a2fbb1c9323d2a76e893e2c172351314416a72e70c75f35a60b7415112498803a33661c486cf627c0ee806dc55402e3e0dde55fde1c20b18129aeb636f0d7539c674877d5df24b4b2d6c84630378351514289c3b4987428f9c5f6f14da4eaae0e122708e1f193936ebde565b32a43f3a43844fe42bc4893639cc04c9a5810132cfc19543b1c3f8a547ea98334bf36b18daa77cd371bf4b6b4644e0e018480d606855922d80363887b4dceb7754952656d8d8cc3850436e4c8e0b7740ee257eb2991edce06c8d154bff783ef9d12da86950541673fbbf
1787430992.733687 vent discovery/pairing handshake (vent powered) RSSI spike: -45.0
  -> 255 b1d6dfd178e9cf250fa73567a4d56b6f8449b8e80704b3032245e026484698c0cc2f50e848994dc48665d8cb4cc011574984b485a4288a06937c4ecc7aedb528654e50cc04023d93dbeaa4250c3bd17316db9bc0f8366c492c0106a19c39fb9f2fdf1bc962fe01f42f7027b9bca255eeb9725fafc6f297c50eb8770889ba6338cd5ed244d44dbf8e51e7b3c6d68f05e3fbaa13e91362532276e2463d1a7ac91bdeb93a2b014db7d0c0139f20f3fa459acb6ebacf708a6c0521735fb1f0e7a2a1241a1df4b50581197a592cee3b6e4afce8fd3ff70a54ccf52b2c716ad1f3adaadf877d19ddccd9b9bfcf68c27c469f36c81b77c94f6f73e700a814e3818750
1787430992.733942 vent discovery/pairing handshake (vent powered) RSSI spike: -46.0
  -> 255 3467a2eafa60d4fc76372de2119f353c5f3f43e0f0251063b51d5d22367aedba73f8419268fa862333abde5838b43bdb927a23601bcc6b2a4b64ec6033a79f1dde91fb8ab2a939250659fec4b3e59931a733288b91c31a4ba082000773797ace3c71b0d3a447525588da7a3904db2a2ed0c595995d618a27c7def13e062ed422e708656b9c2528a2776ccbc4f462e314e81e765e70afcd702613468650f0fb3dd04134ecfbf30f4c40c59bcbcf9c98ebb4f8ca5c0588375c75f3445bf887f8adf652249b81c8eb98e2cb17df271a2a6e2c3f36fe1c5088699b5d1e73fe5ff4a5cbac829f4153de00fb3d7945a21bcc7be9562ab1d3bec94c8b7e9e6770c976
1787430992.734209 vent discovery/pairing handshake (vent powered) RSSI spike: -46.0
  -> 255 c476023b817035b92dbb72ab89d3ac085b608ef60fc1c161cb19c9f3e222b026a87606cdebd00209a67e81e643295bfe8ab3395fd3c46f008dddf056ce4fc36d6b6e956c4483cf6eed221963b2a4aeac353678c7968720fb02527e4ac136cc401d38e18b8165be2e9ed8b95871814f0a339e639b420c2a4886c6807054d0a18fc73e011da98b9a4131abbedfed658d2664f1da485638b7b3c8f6db900858eff7d70c2a186704f9a09e325823aa9d03cefb3d949fa6e9f1803925930d6d45016fa0908726cad46fbea772f2bca0a4c87b7c3c6f25a1f82eb3317e631a5654ec5ea51423837a00425902081a5ff72762b0fd4a98ecdc0bb9280e2d6ee27c77e6
1787430992.7344792 vent discovery/pairing handshake (vent powered) RSSI spike: -44.0
  -> 255 82af90ac825d3326dfe19619dfb6de68c1882798c850982620e4912f20d7748fba36906e7ac09f1bb0abbcd846753b65d33d535f828777ea4b6bf70907aaa0ca1a40095663d363ff43c36a6f9df1c2e6806b477b4b9d1cbf5b74b89a568c998b43d043a85e0815a362aac029e05a0490e5b91e4ec2265bf61e27618b1e77bd3a43fb9d1ad52e25e13566aba0db816f786d00e94c148c4c23875d0381d13f50ac64897825959a56f5567f15f737ee79aab221ed1b2321eaaf68b296cc6327167e07232080ee3eea2f6d40ae0360d0da18fb05c54621c8d2939b45b1705c9428119f3a562b4bdc6c2ef61d5ff7e149417b439d962d757ca51b5b675db03258fb
1787430992.734727 vent discovery/pairing handshake (vent powered) RSSI spike: -46.0
  -> 255 0798b0591467a3aebc0c11e00768af9bb912b390357f0c10914a9de4a8b19174301e47c469913b34a1c2b77ceaeeed7d1240a55057777a73bca3635584b651add7c650ac1a2896fd1404d8ca49508679b0d2e06b0ec2befaf5cd9b3fca4588b0a8f0bc827268f2089b226e60493a38558659b1356baf28474afb143ff2dd0fbfb067b91d0f87386475ebda6551f0cb21200973a0dfd9ba1fa7beb11a8c88b5f31bff28a06233a5e9c9bfea7af96d4ccb0b0e5dc8411baa316a76ef9f1dc9b1c7defbbf403519de8d1c40b4acb83f0404b0b8086dd379ef4924714cbe752fc45ed61c6d60c6a2e173a2c97c957e66fa247e6b3c5e6dadfe7e5d38237d640c0a
1787430992.734984 vent discovery/pairing handshake (vent powered) RSSI spike: -45.5
  -> 255 488b16aed0cf3652225bb4fb66f3761bc0558adda6bd94253e57ec67bf0327d4545cdceb340de27bd0db9b1e8d2e343b3cc7f410a903f7140eeff386e2086215ccdac46bbafd7d5de6d525aeb286cbff841a672e6ae2e2cb9da67079013be3458eb7e45cb79cd2ec5ca1f7d6e469c1f05fac3f4069225d59de23b92ec4bf591c1fd6aa166836b3c4896b48aed228bb684de17a842017a7caa795329c0b3fbba4db881d896815746ab568e708c46c503064d435fd9204301559c765e87c2df8068731e5f7213f08906db3e203b46f324325e8ca94642dca4f3174530d8c98ed0beee9ef61ef1e81447df333366e7506aa863fe7b5c8af2cc070b2649b8c1ab5
1787430992.735301 vent discovery/pairing handshake (vent powered) RSSI spike: -44.0
  -> 255 7cad06e19e62b89a4407cd0661b65d7cd7a79637c025d08805f996fc85816364e7bc4452155e0d675ef78894e09f59514d841ebb0450c94095f0bbad2330d78d745a5b17f235e388cbee9d6a9b140166b93124c24371b20380213ed8724784b380d024d7e0096640148703d73a01d915fd179f3ce9ab4553d4aed7c2df17d2a5e60ab94d35d548f40d24b17a3e99447c4530da471416e8ed8f8bcaa153176d20bd8bed024f53c9d247ac24a070310198940754bfc7b736a861cc66f90418446503585f9ac87d0d319f65cb92868c3382296d840e05d79028722e5fc22c94ba31e659f0e0e9051c3ffc935a22fa4373bd9fcf4a18656a0ec3d4ee624268a87e
1787430992.735604 vent discovery/pairing handshake (vent powered) RSSI spike: -44.0
  -> 255 4111a266b8435db63a531d0ab28ef5d60e233f5db287e44d2b1a6f501c87c14f9c086e301b52db7dd31275f029333da7d8da3fb63c826b07cddd094a3064edb873c1624e863d231bff7613f21d3086b269f67876e3a05aaa6885a355dab1096d2ad042be3bfc67fc130d9d67284bef46d776740cd73f310f9402ec32bbe851151720c46997e6ead08b4e6171cb6df87d9b6434a00a4ec19b19abe7d6b684ce444f7b9bf7c5b12a9933dc30c8df5147507f4e640886a590cd82710a5505428b261ce91cfd4d828d0ea6ee01c59b37a6cc173ee342c8712bb2b401a6030bb059b693cb86518b2ce076f8872985e42795cc2352a9d779e615e2b33d8a5fab6189
1787430992.735878 vent discovery/pairing handshake (vent powered) RSSI spike: -45.5
  -> 255 f7c428ff967b83ad02abf3cc0ed8395bd470d896f09738444318d4a4f883e74299e7da40fb9da856943210dd78b1de839debfde396d9b12b679f66780e6ee4882d2619f7d93fa021f48d9b7d719d2ac3707c464fe8904f14887a45d54bb7f87fcace198fafc84b5b7e078c170951ef1f01a733249e9a740a98885c68426f4206665378319021cb6405ebe0a65962e31856489ab8dfceefe318884feb2f6265d424ce6663743cd64aaadaaf3fa1e386953414018894fecee4c13e4f07dff079a7d4d29b9c1f582998d74a9402fc0f2eb034716d66700c1dc33f10d46d4838f0bfff98c79b9c437dacdeff84260ac4ed04e125f9dc59b2105b9704347c381f7f
  ...heartbeat: 200000 iters, 49.7s elapsed, 68 hits so far
  ...heartbeat: 220000 iters, 54.7s elapsed, 68 hits so far
  ...heartbeat: 240000 iters, 59.8s elapsed, 68 hits so far
  ...heartbeat: 260000 iters, 64.8s elapsed, 68 hits so far
  ...heartbeat: 280000 iters, 69.9s elapsed, 68 hits so far
1787431018.331302 vent discovery/pairing handshake (vent powered) RSSI spike: -48.0
  -> 255 7e251f27a6c1118578b94256792fca3228931e5c2f3989fbf4938ec1f1874fa12ea8c0299c8294f34de3da2446ec7cf89243cbb52cdb28b91d2ce12073b8ba07514d4915c0eb1c18e2bcfa5ae99e639a9fe1527b94c595ce2fa2007c9f45682fa143ca9b0c26ac82f06248f0965170bbf468074f0581fc14c9679d0606ab749accbbfcb6e8b6bc3c07b36e4002656543d70fc6a8e6e80150fc09647770fc907ab5aa3525a72edd687c31a2b3ecfaafdf2057f6766a296892c946e0485d08f7b642dbc6d4c1ff274f1bb550e27751eeb8dbb90872c89a01d75a9df2a3812a55b2e0d84fd0671185031ad01a4aff3152c76ba22966785e753120c631554e097f
1787431018.3315682 vent discovery/pairing handshake (vent powered) RSSI spike: -48.0
  -> 255 88853929fb0affdd9fcd35b5e07b2ff9d6a44cdc85a1cacecdde9feb5a265ca001af1e72605120676bca6034815cf6de47c0f88919cde9f574981997f85a274b68a9ee6ef793f76001ae582821add1cfa4a9496d5da34e8b7e320e44df663f75f7f973991a5d479d9b784810e05eae943d82f4e3574246d80608b1d3701589fe1a7b37efdf7d01787678f59ee0998b1553f802bd295dc5d9684fb229f024ae8654c91818e9c44aa4ae48d1160548bcb74ff44ee505d9da6e1bd283cd54293e203345d4c0357429894902ac326a0ced82a34bc16db12f31347931de16f556e980bbdf476befe2211f0b19cc02d703de01f3dc8c68f795f59021d2f8b5266234
1787431018.33182 vent discovery/pairing handshake (vent powered) RSSI spike: -48.0
  -> 255 ff3aaec67472cdd767afec4b84d869b5c6ecc4d826ea516a5572d1b54e0730c2bfa371db2cc829ee1e02fd2a0fb95391c69ebcdaf66a7aa1ed6abe8d6d650de1249bd3e9ca7fc7dc1d80299225b5d89b695769a8c9f9bf82f47ff2dc9f01a2c62f65aa0c4fce450c199907c343be75d851c5ae24d30d9918240c63a1bf0219fb067ea9e69fa5aa64a7dabf591f66b6f55d21eeca5bda38ee9864a69a08605a079b8362dc81243521119d0e4a9e0f8f80275a544586426f37b1c0b25709e12767a8a17b8ff18fba22fcb18f30970d766e46c2a6c8748f6de24b9e0f83b0008bc90430aefbb4a6193937dc1c6ded1c853a00e4e1b32f2c8c044f33ca914ca40f
1787431018.332051 vent discovery/pairing handshake (vent powered) RSSI spike: -48.0
  -> 255 4c63f671ddc8d44747ccc8abaa20385f7786ceb68e69c038def3cff86bca7b9da868bedaa1ae15445427f541a8c375b82b8579dd7afc469613c78130726503e0b08522ffa60b394e624798f766e0c210ba86607b2457e72f1eea6d6a7adb1cfa6fa1fb8df8a340def39e32d6579cd3313bf7c784d006d851ff8b30d721bd89b94bc065747d3b87ccf01e260d1d362f037eb8994a87ba5114ca092972e92a6155f4fe3b1ab6cb04aecd1b7922bf4024911b94bbcfae40a4e300e0a27d500c07614d346aeeb710fe316ec79da60d0561d8248e27d6e95fec03260e6e718be5a19aa012462a5c2e4a3f0fc7d977d90cc43989b0c352085cf973e7693e21e1aa0c
1787431018.332293 vent discovery/pairing handshake (vent powered) RSSI spike: -48.0
  -> 255 58d2a9eaaa6a9ed28cd46e95775a9178963d7fcc62cdff5fceb450303d2b9671d8847cb7aba432e69bf65d23214cf42efd2aba2cd06565ac94f1601871a8b617a506a26eb1b5a11192fd759485c30d3f7480eeec4e4d696b75f40e15ef565e7b8ac69080d91ffc3b8af8d79aebc39635d4470e94fce570f04306aa2e840f1f153c1c1f4b15b2323c4c0e79104f5a6c6205cc91e8918a6b377acb9ea63314651b5587d6efa4d6d72feb0462b5061b609f27ceffaf033bc4a39bf32c3f9eb29403ea7d59e14e9492248731b08db76d2684b09177b916fed1980ba1a6f6de3b8de8ab463186c5ae6485a1ed86d9e7a282f8edf78cc14246422165787eee11c1e0
1787431018.3325849 vent discovery/pairing handshake (vent powered) RSSI spike: -48.0
  -> 255 7fd3ae5f80ee5e1c3f74efc4eef6576863033b4063828eeb253c0075e351863c982dd8b05e294b360cdbb1f8023dd7595c56303603fd67724d3c989faef3447ac37f1f353c20a01a6169a4cbb1cdcf02848ef9f503b0557140f8bd1c90f083b4824ed387054e173148b2c18490d449a293bb834d9efa34219a4377138bc8818e024521d927c5bce51b1433564ea8e5cf3ea803ed9ced389b622b20d935eaa5002444a56776ba998f96f86f1ae3df49f91604328800ebe3ea6a96028bfe05466b49ffe0504cae73f6a097aec6170a0be1461f2791e247efdcc02f85deac8cd318ef409a23eb5db752236f884b7b65b17c546b2d808c02b578c35b85820d76bd
1787431018.332834 vent discovery/pairing handshake (vent powered) RSSI spike: -47.5
  -> 255 a67f53f4f465b951510cd2a6368ac7412a6cbfb9c7483cc386bbbc6b7e126e736b245348d77f2e4fd1c088abc91dd8a57c9676f74f9f0b723eefcc709ba0d5a21a9765b3e1037e7572fcd921a150b8b7f5c69cb06b16d1a0e8f3941d048a441b7694b2c92b3e982dbb6a3eeb1068553beb207564ca440869426aff3d59e81588177a8c92dda2086683596367e967766c6e5988cb07f28c59e016a6594aa063c4f8a05043cb9641689e947ad41be9d2a62ca06beb1bf438903f209863d61d4a1fb8cf063fe1779372a620f2f0c1817a40944afbb0f7035809d99bc03eb513319561623ef8e33031222c98aede8504b6e4ae0023333d4b61981ddc3537673396
1787431018.333118 vent discovery/pairing handshake (vent powered) RSSI spike: -47.5
  -> 255 e04b8803615d6b3b7a2c9f2991af65365b0c3fa797de30a047d1d994f5f555113d9789f11288aa5d1121064ab9c7e553797d83fa90cbc6c7fb4c1e21b2a54126f8e77c2f43c5d6176c94de8752304be02638656ceb718a041c15604c377edcc98db9841fe414c02137fb44bfba2669e5ccc643782e09fde54a82d9754ac9af43989ac82c7c9e4c164c369b0b4296b00da38b93d51305cbcc3b9ca96066676911c0e655c62ec2d567d26f7a30d7e2e670f573e14bb2da4c850cb9bd4630ccee3acfe3ce72f54d4e51529175f39588aaa782ba71e752e8a5b55d542fa62a614aa8794d118d9feba869ffadeecf2775cbfd8d0ae65c6296bca77a0afc7fc05d80
1787431018.333368 vent discovery/pairing handshake (vent powered) RSSI spike: -47.5
  -> 255 ccbf5768f02984c00876446163bea394c1b8fdce4d8f868ada22d7cb78d689153fb6ad27f9d215ffc973a826107b9eaf5bf269d426f55819c9fcfce35307a9f0330005d0ae72d76060e2d2bba4041b55141f313bc4eee0f55a9af960d7f71758a0159c7f3341846b763486af0f39c05a43975db2bb16b8d10000a6249c51e7eafa4fe3863c314100087764d69cae87ce213bb6041a60b8231520cfcc41350e03acb210781157fa68b32b0dedae745e88eea416085819089cab6619dcfa5614088522b5da49b5ce3033e3646bbd8b845095750cfd00e5b73b2e0e823a1707cfa30118d6dc25839b57f59dd35e5c062527e191945573f558e7277c0db9f2a423
1787431018.333628 vent discovery/pairing handshake (vent powered) RSSI spike: -47.5
  -> 255 eb8a3b83d0196edf03f87503f82b089d0bf86216a0abdf6633978499fac607ccb3c56256898c00c741b1af20ae93d12f450b5484eea665180c5f8c6962b3b9184b9f49501140734d34484da65c3d7d964245ee09d5d41962343ab78ace7740031e51f0e0969f3deb855842b9309f2cc37599ef7f93592cc69009ecea59bdbe60b89d9c8524404997ce78e358ff15f997274faa8f1a67e226520ceb972494d4e851daf6a8c1b20205ef8466b6e3c698986a8ba1dc902d1591d27c0286f17b8169e92e657885f1aad330ab3d76f08f6bd80c8ac0c4104a56e1ae96cb460a94ba2d3d92748614e45888678afba6a2c903f6656bbafdc34cf0fe4bbc61480e9cd8
1787431018.333864 vent discovery/pairing handshake (vent powered) RSSI spike: -48.0
  -> 255 998fc0e42425c156fbb1957fca2ae7f7c305d38743b557f38155d4a5bc4ca25dc37c5b7fb05200d8f0e2020fa7a6aeb626871a4c471147a938b467f348084a33c38cd322b0a5a065f2a6c7fce9e54a14ee214f39f9494879f47db5d71c26ecfda91beefb314ae7f9de5ca7faeed5d7dcb95f3f671efa30efff31cb4dda0c045c0a850470b8c95ae7f62bcc583c870cb55d90f3ff8b37c1213e5030355f334e11a63e01eeb10d7093fceb6635b569084455c6fbc7bc627e3f23f4fd7c5c12f6026484ae2f557b40949c1d5444c7ba00b08e01b6944fae0942e9430b40c34fe01cef4106061aba47adc7e88bdd95973139bdbb941080c16f50f958ff6def3ed8
1787431018.334074 vent discovery/pairing handshake (vent powered) RSSI spike: -47.5
  -> 255 5e5e254a66de92e7fa738d259b1e3b068c05932b3fa4fba7259ff65d32f9ff2e4a52190aedd60e39766b4f7cb02d69246c736dbe911f66e18625eb27f51bc391c9c72e90d79d1a5083e6153807f91dda0ae9099f2f14c190a5065a6b5b8249ec95085251244c8d13a1631150b4906116e71ed0432f30c38d901bee1d14083cdc2b8f341c88a81125f7d7965f5d6361b0e14a5af84197f56267e3c8bb63503a657407405d5938dfd8b0146fa10ba64c50f9b8563d8e0237a54c889bdd15091e758ce66344060fb1da0237e9c13f4048bcdaa695520b329ae277406724bf4719b7172e1f8c1ac5cb595f12c4e3cab3133156e3bcffe2cc6c6d5082001f568ed8
1787431018.33435 vent discovery/pairing handshake (vent powered) RSSI spike: -47.5
  -> 255 9121202ee69593c7ccba616b3e05fa7a5e46b8a70d9e980ea58b566a4855d85f7f35e1bdc8a37e91f95ad784c772fcbb67be1d35aaf04536a2e4e78d20b0f7b266efd27ed838df89fffe42092ef608cb3c6215da817e5cf1a9531965d6aa8f01eb38aa95b30f58852ba8c2a73b8f67929033e6047131fc71ac3f7f7fdbac438b06955761d0b1136c4c6f475cd6ebb27690ae7141b315536e99d456ff3150db2335e8c032fd65c09591be5de757725c0cc24b339be7865c03a9479a7c1331d45685dbdc951e8629f7dda8a3c8aa26b1c50295fbf67b84f3dca7aea9a7eb2899899b3c26377a66780003ac9dc94a4a2e9a85569b6151112054d3ed4d1d65a0ee
1787431018.3346949 vent discovery/pairing handshake (vent powered) RSSI spike: -48.5
  -> 255 d333b71f649a3ce7def42bf6dca0b0caf10cac3ec60e173440944d789fb328ca96e2a3c3c7c1d41c99d71204a119785ba3ecaac9d9ba7804768d169b0d5e6f2784deff5b09821737342e43d391b13fb4b839d2700b72971aa6bdbb24aec79f9dc1ecfd4a0104536ab3ec61af258ca9023528666da270ae736589afe6070cca81741318530b748c2a1cb0e37a251a6b1857f7196a5b39bc8136db970037a3c8b3c44db87cb28671c3e1dc529f7c301c00b816bdc03be0232bb6d84afdaffa23a81999a2c7b602e18f2d1622a49c2d2a0a04014de8725c6c19ba63dbd8d1c2702f24d06573c16f16371d20f0e1644082320b8bff8d379fb9f0b14bec16d4075e
1787431018.3349388 vent discovery/pairing handshake (vent powered) RSSI spike: -48.0
  -> 255 4b1f7940992e731f3dc6c2a224237af82c512208965ce40fe55f65c112e84694b44448f9ff20bb5480b6c252ffb0e8ada1ee92c705b36dbde0e7286187b339692c07debc412164b487aabfef31656fb620a3444bd6287a6e05723685d992ead14b64a354581a8575497e132ee221f98e3a729ba3ed6386ee89a03c57efe690106a301cc32b57f0cf143464d38eaefaa0a84ad8e02317f8a27c2dc412d752315c2b740c6fb9788ce2977f83d179ddc20b27f531d0ce0cccc532e422dbf35b5dca039e03c697044c5d4f3aeade2a054f084b0674043d7ed1db4b0f727b4784ece8652eb1451444a6a0629736727cd601270c9a78219a3eecf13489a8c3913f81
1787431018.335187 vent discovery/pairing handshake (vent powered) RSSI spike: -48.5
  -> 255 92ebaa6f2d50259a17b385e4f949d3b4df9f50a3ad72a2e88771ee123300e9e9fb5ed18f25488285e4093e80fb6ea32485e329b6abab75c089e500a06c825fabc7d5b50d5cb73354c542bc091f49113c7d37e2f8e38eb5772f100df9836b3e55fff2c606c296933090f6c16415598c5ec79cfc3a4c3fdee9685f5c8c92a746e541edb3eec3887f7225c408178453f56c25bd64283d5aa7c80f12b1cc096451e2271f1300395bbc01989d489256c9a1bcfc0739e5be87f9f6982e790e23ea6dab08205137fe895f588776b151f368fbe986ff3cff5f97a91cd94e2d388f93111f49315441df3e511e9ee13ca2115eb2b73e4cec86502633747e5b5d3ffec002
1787431018.335449 vent discovery/pairing handshake (vent powered) RSSI spike: -48.0
  -> 255 06cf8d76cf09595a5f2f6ffc635f606fd6a9721272faa011aa591e2bd5b432666295a06940ce359f600630d362161b17851d3c1111d4228abd12f366869a826719a6408718060d06262158671c607314ad67d540c6d6e33633ef9f9f757b0d452daebb23fa25678433b9e1a1129ece04f78dc03a19e23b227f92256f7a0db6d1ba402cd5fb15fd3e44733f850a1c297c3330367c7c750b941acf37544bed612839da2cd04daf9659f1d0b76b0951b602d33462b853073438b106cf72493013e020f110403fb880d406bfec40716ca9289b33411d896747b5d54039d1f98851fec40f34717230de559eb83639287237ce007895e5e5d0c0a0c0a56748f263e0
1787431018.335729 vent discovery/pairing handshake (vent powered) RSSI spike: -48.0
  -> 255 51071cb5d9b046dd62d310d3fd9dee7f8eea6ebac17be53b63f3e649db633acae860cf0037f6cfe63cc5955169d6482c269d8f87cb7b7bba1c0d2f381266bab6e946913dfaeed5149ed80dfcb60147d4eba9b3445c481b4f9974d8bc9aa5e3b8046ff4bb2ff9a8e0672c82b063d64c1a514db5089ca81e8494980bb68d9ba023d5559846fad079316f0db44b755fffb7688373fed695fc950dd945ed1398e8cf1cc47782fe3bfa5dcc83ebdb86d43ff8e5ba7b8dc6f057243463b1f59d2e31a3e7eeff13638d9d3b0d4c65f83fa2d70b968c1f5fe6ae42df80e8e27e19cc435ab3cd05a85f92c9127737e05983a9fc18ee3409d2894dc21edcc8068f2a0dc0
1787431018.335964 vent discovery/pairing handshake (vent powered) RSSI spike: -48.0
  -> 255 e782e3ab81697a4fcdf654a2e25524fb71bee07b25a0c7d1204ca5a2598d109e40ef691f3a1312b638fa77ef6610054ebdda24244befc67b0ab5522605a94bd080b89afba143cd159ed04b887e5707e84f2685d06b60cb13e00e97ffffa181d2640c20629459f7bcd0f14ffe64a1394c5bbdb0b801b83abde23baa78e479c124e19ea1413585d28b0f36458b82a83595b0d700c3a67ea2518710d7f7997646705036005cb743150ae2de73cb612bcd68585cf5163f32efe83a10cd499fde014f39ed4a94431bc7d8a79ebad74ce5281adf7df9fd23b77e9990ec5144543c1ed1cbbc8e6aedf87fdb91b424007812e7ae09901d8b6697e4901c9d91e830dc08
1787431018.336202 vent discovery/pairing handshake (vent powered) RSSI spike: -48.0
  -> 255 2e3efee4ae5604700cf4c7a42b3e3e8f77bf103c92d45b764372d974b8e9a0d6a8c24ff5c5c8562c30dc8a689d146fb29737b398e7002090b9782ef74a84128d86892f672226978fcdb8d7fa97413187dff12bce5654df58c94981d6245e001c53c52da3791501ef45ec560192e20d9a5225bbaeba5821d2550c6e8df61cada0f0f528e116e609da0eeb5caffec42ae96ac203726e5f8c936a06dec276ba06f782c0757027228faac22e36063eead9defb5efff59e303082f3b91ce53665243752afd7e747fd902508a633fa1a395bfa3e7085f7231a95ee3f9742d42597368a64063a21bff81062580e3be4ae1cccb22e43132d076ff961a1e6150fc787de
1787431018.3364742 vent discovery/pairing handshake (vent powered) RSSI spike: -48.5
  -> 255 034e803714977acd6c130aa39f844b0a4b6bdacc92079f4ffe3350afe1a394d61a317758d2de9cd360a8eb19367ce178a7b03e4ae5470f14019d9b0d245f1525741e781dfb9335361d6a7b6de3a66bb33be8d49223228f6e7f7fbd2882e8923b2dc5c8ae8293fb95b99c0d8a2c21d020c9038c4cef46d7d4476b01001db54d42d71d058087196a5a88987fe10a39a0f449bedd962d6e3125167e64424043929b4e598855568235d725626bc8b67f117eff32e3dd03614562450b60b3602d62f55b72bb962624b098cf37e54a03bd6c71cf62ca5f0f6217227a17c6482637196267d4bdb5b14ea2c4134734ff6a257f9b07baf5407ca5504339909d40f89cf7
1787431018.3367412 vent discovery/pairing handshake (vent powered) RSSI spike: -48.0
  -> 255 d272d0e428d366a72140bb246a603bc45a4ce2d2b231eac02d11aad81d9088836270c738ed1cca1dd9080853c2b8af4fe5bfb5f4f310996511cfcba0090a4c957b84360911d7a9437c0899fe1f5c0bac9410965eb77aede4aa6a97b540d4e8352e5500064bb00f60a8b1683b9f18f9a215258a68133e0743e3626b3b8052a6f03fb3db19ee01816460b230973050f08431f3904eb1ee6aa7d7b719c7207b402f2a66aaae4f0191f754632cb976be137101937677ef37a9c2753baa9143e25a4265b5c1e06f718554b89d1ec3e8020bdbcf0b1b9e646c6ac7c9e70b79678261601b2cf190f05e6b620c71b6d2a0571f23ae219e595fffbf04d307ea13808852
1787431018.337013 vent discovery/pairing handshake (vent powered) RSSI spike: -48.0
  -> 255 17a04c0f2b8d4439b2bbdd3e0579c430528df35e2ee2252ea41fd2875e35ddb9ec6e3e3a7658f1ec822d3aac10b72eec8cabfb06f49345bb7f48b2004b5f7a0ff0e693118eaf8258ce4de8cc1747658b467aae929799496687ba4188311924e8a2cf8e001b6bb05d00ccc5646dc98200f37c787024c317d5f3ef4d158f04565582ed00b7ba872df6a8f1a5b6be15deaf8f9b71844f4341fc26130cd39170782bb17808295fd190abc11acb6dc14b8633cf9c0a4c4f279d55016b6c968e181013f8d71271cf6408b1e24ed8195a16bac1d015d3fb65f6cbe2df2d866c0b07e071c9eae7d495060d65f675f3538deb717a693aa3b3e4ecb373163dd8bdeb3b2c
1787431018.337301 vent discovery/pairing handshake (vent powered) RSSI spike: -48.0
  -> 255 28796785e9ebdd7a66345150f55bff62b1cc3bfd545dbbd6405692ccea23f0d9a9c4870fc9350f334c14068a9e989eb9a4033b19d872df08308c3c3d29ffa4eab9094ce2f6e2be9b6b793634e66d2a526f750a27423df319cfe35c39ed880c2344e5dc4796d6dc18d0366642233994488b677a3ce28c5b1d7b8d779f4058fcf5139027dc4e27bbb40b14e5d8428c3d9344cf9967fca5cf97653b905f6f63765ccd0c1b4e16da2ccd336bc3c09462ef145f459055d61853abf7464c1d504a1d959f21654b0f63f7f67e549969d95b790ec0de0b37c62adf96734363b3eb9d17d7c90b6d0399c361c9c27b021b30092214fd43887c543e639c994aaaa4e69b64
1787431018.3376079 vent discovery/pairing handshake (vent powered) RSSI spike: -48.0
  -> 255 41286b2424e598ea60621bed0cdea556efb91e57f835da8dc790f41191f8d240191962fd80c2bba6915176c1e5827d01938cbc4d1b0e6309e978ba440934836e3d6a36429b876a7c213e79094ff31ae7e640c4d1dc8047c1c783d68b817ce95341b55ae13292a7c0fabc33ee6bb09146f254bf1d755f3a43f9134c1f01d1afaf22956dc48e0a27b1ca7dd86346fd8bdc65e008c65316936a58154179d86f4c1d463e6b912da64f10640b7a2c5529726b35403d631510f505753c0490e0de019a2e8552149ecff0c2b3dab97d495fbe3b23d4d827a528414f38a4ec93440421a3abfd4670b38fbb54b527e33ee797b5ae35431759b9f15b1ddfa7c830acfcb1
1787431018.337858 vent discovery/pairing handshake (vent powered) RSSI spike: -48.0
  -> 255 96349317fd39ecc5ea87e9c1b8c017572a75c5584784b47220a38fa6a136c4eb684d4c06be4c49b1654a58329fed041107456058415d4f106d88f3c40aea9d98b8e841d845bd16bdd6aa8ffea91bc8049b619499a126ec67267b94a97006b98b78ccc4297f470fc32764ec2714ebae7ffe1b3481e4fcc7d08c5ce250f38fd32ab5f5a7c6694584ed1e5ed82e70e655de8bf83f7ec53ff0712ab931c598ca91783d44e31368a4d8b39b807aad1f9b7fd42958fc8ac32205c637a883aed0839814456d6094a0df16d67e1a87115638fd6444fcb1bd7cd732105a804efa624dc3c9d0a8efe1835556c24c412a548920a5aae464bce8c0c06609f08fd52fea3376
1787431018.3381 vent discovery/pairing handshake (vent powered) RSSI spike: -48.5
  -> 255 242c3d838dfc480b3d8c54a3de068ce6f2f5711d162a32dcb13f731e86c62e21c33384d73104571540318b3c25f1454a0a42ce9cb27dd3edf7011a5260d22259ad789b20cf4e7794c1ed139e90f30d390f93e8c005b970ebf9620d92cb8331530e8bce56bfc92f0292198d67e8dfcad020d278261b63a082df24d53d213a8b213063c5b1ea05a0b945365bf77739a686648145895d2c0cb73206295de3f535cbe02c1b3e64e7851d0d0f851bcdabe88e42151e7e70325df45bd2627d7f572fa7fd39426f66383f54bcdfaddb629197ad74c9d57f7fc496088b30ee4f214a3cdb9cc607a0328831aa6f267ab6bce72fc30c30e622239c63ac088ac339e3b558
1787431018.3383622 vent discovery/pairing handshake (vent powered) RSSI spike: -48.0
  -> 255 1bf0406965fc413e1f17233f40d179da85599c74d04609de0ea5323f1539063b62b21b50bf389458e144e4af278526af2ccc4d2f05f8d6194664fccc0be391ed3e1d02369aa4d3f1ff4feb932ac9bb70d2187ffb2e845263d14cb82702f40354d860dbce69fc4282e0c170dbeaf256936c5b530e47e03dfc91b3ad75ebc2f7a453fceba969e434f5292923a30bfd1258f5997b6de2bdb7f94ab0d5bc0819c050e186f508b306f29acca2385d41d0453d930b33171ca2c3758d1e38f46062b668299f108c7d65ca927198f642aba39bafedd8e360eccc0c7a0baeeba6d5db1fe872e08fd44b9163125463a579d2e082a2f8266a0c2ade196188737ea430e3bf
1787431018.338637 vent discovery/pairing handshake (vent powered) RSSI spike: -48.0
  -> 255 0da2ad27d01c73bb4bbd18c8ba8959500df4d4135a3fe07f0f19b4b8c314bfa6713ad0aaba9c7d868857ff2ccbc37901950eba9e121a16e57197b1352bccf088ca1b2eabd1038e1f52e7c3cce96bebc2a08821e239df44e1f82051d19ced3e672e54d19a6d6ad8bbce71cee806d80f6b2ff84fa6d3857b3e94413507e0b9f8ebf23acb3ea0c13c3d7542f908c26f6eefd835cd75c1debd03d0732c0a1e2038a7e4cb50c5ba51aa101ad0a35fd591a7f48fad6143a164e9014a14026d90554a33a609c63415bc9ceef3ce13ddc191350b5b7e0fe6c3f07b61c67a4c465771dff8be61aec40f85bc2390b67fc15941649640c325d1ee0548c279358aa8259f9a
1787431018.3389041 vent discovery/pairing handshake (vent powered) RSSI spike: -48.5
  -> 255 9164d6ac56f7bc6e83b432150d5a5005e4dd6dcb13366fe2611f9b1e8326ad26171e9adddf253a7e28411897b63e66d9ea010cd8cb19241f026c2bf4bce75b45edcb93d23fbace6fb1e89f1fbc7353cf063c2a5b4d961b46953c7a3b0b30afbf5bc366f96a35e4b188fd0d7d13a75725b9d6aef0919f8cd7bca29caf65f4f5b4527781d900a1d89a8bb806f44caa421bb802ef736150b4c9df7e475870ed79822566b4c0e84beb27df44b01b8e4bfe71470cb97554463edf9191b1979493e7c8e1e182087e1481baeda70e432e747c67a4811d8fb02cc978dc004920d88a7d2d203320d78f2504b01606e11d1cce737245f2090aae497b195397cbdbf2e2d8
1787431018.33933 vent discovery/pairing handshake (vent powered) RSSI spike: -47.5
  -> 255 f94a599da183249b2090714c47dcd93a9da5741cd8d0ae81e3dfd81181c6fc76b10762ba63492ab065aa1957795f42741eaee421363fc0bf096e7c9d972c55fcba64d61a4849243bdc8130b7af9085421c259ba26febabedf1e90373e3f7cf1cfb2dc6cc109686764e96d92f07868b24bafb9bb3c4d970b54fc80056120a0c1867662956b65f3a82d7a5c82c48668acd920cd5a84ec0938272e4315ec1737480996b0250045eb31dd3050ced300a5029837963a181c71d2a13708aec271160edd10040ffe53aadc42711c591fd5a92c0d479fce88d420b9b397e30c006ee32379bfd1b74f500c78e1d5dd3a88fecba7a8d405d71a8ffdbe99a806ca1f079db
1787431018.339627 vent discovery/pairing handshake (vent powered) RSSI spike: -51.0
  -> 255 aa39885405a4b0083fb76afa606fb4cb577efa3f0731582550522e09e3c39a743b3884e8af5da17d92d71a4fc6989a2bcce7c91754d135380b4893d66f7bb62c5538a98b573a6d7a1848ffd7b77919b010aeabcf49cfb71bfac4b1085a603cc96b3865773424aae2ac0f6e44cca38735c11daf1cc8a7b347d05045b70f35af71d8ccbd23df65d6d1af556c6e5dd3ebcb879184a3bcc17ebc2962c7eb8c310998d20c95380153e097928724af377be685121b098d5e4e701de99cfe376ab4a2577520c41c73137974ad0860bd448b151527c0dc1a3db2657e179f18614accbef1935ec74d0c50bf7658a4dacded4d186cceca155c7f190eeb435f6b4d122733
1787431018.3460522 vent discovery/pairing handshake (vent powered) RSSI spike: -54.0
  -> 255 14f47832887c3da58e70dca9c29449dba7184edd8e5409882ed992eb00428c8118d203c559cb5018d7485a2afbf2b32533ca57b94dfb97953d43996d8e8219e027e1c136857d0821ee544b89b5534abd6b4176e39709d548f1c58009f8668fa86e95c9a2493758b0e9f38a88719811122b4b6da8366ff61bc143b72fb069fb6a81408393e8d39e6d7cc332edd517aad07c0da442160783b7ba7fdd40a7bc48f69fdb503a78f82080f845329ee6bc3205d77daeb5339a2f48f270d61683f674e5511246c308f36ae2b6ab08f604bad3d3a39de48db6cafa23f3b7d7a4e83ada45e5749cd08d5a3b20858488e68fc4a33a7e423c8daea32a764e8ca865bb51d2
1787431018.3462882 vent discovery/pairing handshake (vent powered) RSSI spike: -54.0
  -> 255 4678f16f905eb391f1a2257d62a169572a12b8c5722e611bd33dc04c3386dd67f51a396e638457c640d347997b27ea26e8b310b64173ee57c76e00690ac20aa8e9293df1576d40041d4b104e3ad5eed12317e6bc15ab9377dc7a3b3279dd5c0e50a56cce8b167fe1ded6c91c0d94ec70743315fb736068b053846dfe5aaecf7bd360b2c82078b97da46f69a75a75adc0767bf074f37d8c78accf52d482df6ddc3f1ed5fe9a02467f2e69bc4b33af722ce5e49d7c33be37029c0ccdb7ff46196a801249d339123da9d6fbbb2272cebe4e832f01e5a966212841ee64af31fe0f433bf59029689b8ea996575cc33243d969dc4734a3510c93c46401f7de55c14e
1787431018.346528 vent discovery/pairing handshake (vent powered) RSSI spike: -53.5
  -> 255 69b49a27d0a52fe34a609a406689ab77dba0f39b035acbcd69579cad3f7aa88f8ea6bc726ce5b1bd8d168f01e71b08f158cfb67221c0b5324c9b3d8426164536405c1eaa701d82e665e12a8b540ebb0a58f335f9d57820b378c5da674f312b86490816fb1b6e20885fc0f413535c9a949617c8b76afe0d6bc98a89ddc17861b8231857852f3fb5d5b99c576d1a2963c9fbd1ba85c5242460dec8a57fb0d0f5d56f7a6dd3d5024efd79c843b7cc3d1b338c5eb31572db8562bdb6d980be6f948948caeeaed44c2a796fcd4ac3a6f5edd30ca1fb01dcc3d8eee07d95e6353d5a727a40561a4650ead8b70ceb4e560834a6ef1437573edf4ba10d39b173eac68c
1787431018.346935 vent discovery/pairing handshake (vent powered) RSSI spike: -53.0
  -> 255 ce4d8ce8b4af0bd4acc87253c256dd0b8ac0e71f6c8539fac4c754d212578e43a9f299066e88cc15dd01a619cf19952d4f2d38fe2dd33e21e671f0dac05e1c0c67dc96b0f2c0d016d40b5d933cf1c1cc0b8e1590e86e2d6396d0397fcad9fe9b9780584ad0a8094dd5d3191fe7d107bf255bce9c298f0fd857d1e628f2904137fec351e074f303bfc6d9445257db6ac7765d3e2a0d6e672fb69eb8773f4052a03ef5d3a3a7a20b0a5967c3106afeea4f2aa86f883527edeecbe2a30643decdcd8ee05bbaa32b0eff9fa1d91ec626063827e3148cb1b5c8b2b88cb01310a5b5557920b590f3b706e047ea3128bda2dfe5245623627ead8229b7c5aed1072ac6
1787431018.347349 vent discovery/pairing handshake (vent powered) RSSI spike: -56.5
  -> 255 6d7eb6e5550b330f7cafee3fcba3983f5a77d18b7fd7ca5eb5f35e1a9ae9dbf64258336285d92b83046bb1a321f570e11bd2b742c720cd1f5c2d02037007703e2db8f4c4a33d28a06656268d0301b0caaf27b47a3031276e8f1bd248489cbc08f2506c72f17fa34e46c9ba498334b5bbfc4cec076dec43e7490526face9cae8c70e441cfc5e6307908dd4925780dc55a0314cf2d943018949dd137bdf2fde3f9b2b2bfd48d0c87192b49425b22aa3e818707fb8a63c80d554543fe6786e95c55eed3ad76f6782576eef7d033637ca6a7c6165377ff3793a0f31feb1e7b0e0273ca50255e45cdb9267306b2ccfd84592dc6def7a1f1367d3a151b57d51a54e6
1787431018.34778 vent discovery/pairing handshake (vent powered) RSSI spike: -54.5
  -> 255 72f87bf41d7ec26696ed04957d932b192ad7fae4fba275b04d06f1e3abf07f5789e48393556806e0bb563da690fd6926aaab8987287fa4e71ef2d72e23ccd5eff39ba12d33c797a11fad395819209330303f66067c5e81af17bf4d4a6c50f3511cbcd9cac2ef0567b76e01380332a8275ad644f52740802308822581da8105d0330f5c025899d575d73bb10c15ee519dd39164ec3fb3f6589f0a54de213f6858111e5077b84bb25bac6d88f8d553cb64f96870900b92822468e8ba131235361a72419fb1b0ccc39b1fa4ac0ee0924d2c1132ff413665b0ca74e18936735adbdf58278798c84c314dd45ba25a20d4e1f73547c37ed53a550bec58964dcfcac3
1787431018.348017 vent discovery/pairing handshake (vent powered) RSSI spike: -51.5
  -> 255 04bcffe9e36ed2a0b7b7b8effb284c9b0253b43506d9a8cf6a28d8c8994c6204ade330a0e100d1491f42002f4d88fd30e00932656382b8d290b299cea0af3e71497fda70711047500bd9b056dfaa75d9130b61b8904d0ef3897f492833922b4b82412f839f6a2a9a1aab44bc941481c2f0579f9c83c2306f4ce1905f2babfbe1fd26fc870b27e1c4beea8046016cb760b0378febb1116aa1e53428a5083b02e06e595ff4ccc88cb02f8458e9397a3647ba6039b400f1a55283957de37b8806a868e2746587fc153a4036eb47529ee33154e44d53497a6cd7fe884f1fdb4bac3fca39760071a8e68aad8b3d995d35520f4b9ad961e5d2464593566bc2578775
1787431018.348288 vent discovery/pairing handshake (vent powered) RSSI spike: -53.0
  -> 255 a971b8f90314be65c6c1a76653a918f9361cc118db0ff12a0f4080e64bdbd75e7d7c5f8fd8a70eac2f295c55a4cffabdb0b93bb56ce849684fe50fa4a7b1930579883947068f048eea2921e280f954839b243d2e02f2c32909fafe93c03605c5a435a83d4f6956d684283beb555ed8040cfc3f1044355178f37784624ea3918bc8dc579af24e004060cba90a26357a3903cb77c64ea08d280ba0e140f248fa7df082376878f125d6c88249d0e1f9404c0f78219c4b0a7e16c8065880d04fc4347c9bcee92c65c478594a6f0b211d1e581e539988b713440d3433b88996e8b8ac368b8e124391941e1f24a7830201efe8e35728f819d3d29999b7b9ec466ba6
1787431018.3485188 vent discovery/pairing handshake (vent powered) RSSI spike: -51.5
  -> 255 bbefbebf065ccd40132add7d1cdd746e75fb10a271ac18e8f8c9ca1f5be9034ea9f58fac047d70d54994f0a4e296211e9995e35b0afd1138c9f24ba25fd49b26cc947bf50417b46a9b7dd929e8f11e9bff09b05988fa987aecfe0e145d308a68d3f09ab027a6c9858a92384c1dc77bc8aa5cfaa19defb9138b6efb99818ce400ab477f1676eb1e32236c1ad6364b188334c86eb4430c015e4ba8bf374e63c447fc2d67206e3cfae99ac60828bbf47aac22280a3bec3395f489bf65df5c568492fe4517a6d68aee442ba8b86e5e3b7f5dbf265db3fffc1f5dd380536908194c0d154d30e7a4818aee636161386817067f0c5b8df3eae9e5f86380bcdd1d5833
1787431018.348748 vent discovery/pairing handshake (vent powered) RSSI spike: -55.5
  -> 255 252a6297dbcdaec714e108818271a60a5377e9dfc24fb868f932ce8373191e14101e315c37211b7f47aca3f9e9eee5ee4247b313cb554ce11aaf742af1a0da303f68dd1f04ef0f766716a4016b9856459a4d8500b068f6ee68f02925cccd4f6f0ed11547df8fee2ec806294fa23e31c802b141120034575dded38094fd0196e5058852d72e36255c9ccaf3a888d802d5a5a471128fb7c87f6719e741ce6464876387ab20c25e2994816f364d8214a334b44e4a96417ef9ffff43915d3190af7a7766535f40b86ddeefd13c3d90afe6ccca74b3dbcd0b650447fcfc7913deb2148e8324b3f7991d06e60edcb82fb2dac298ae93cbde7aafed58d63ebccdd651
1787431018.348973 vent discovery/pairing handshake (vent powered) RSSI spike: -54.5
  -> 255 a6c497ff7d868d9f2ab9afbbdfabaeeb4f9d86f49ede8782ea58588804786e94f1286def3d39e3a13a8948c3988c4584c8d9e088a35a87c7635dc7eec57757e8ef6f7face30bcec986bb2e9ad690a73546cd121ab93427694fd5a9f91535347d22922509a5e136d5f36a89008a490a17d1a20a3d62476ed104de530d5024854ee0a168b82822b507a09d9fb3f00dc5bf762dfe3b2e46739d316ab7f2fd97449a2263662b1e664856fb19204556f80a9aabf2dbf912b5ec2983c4f0fb444f2f9360a36c0d8cc875463b90648664837e60b07664e85ddadb90845a09cd2eb1800af19e2ee643f39827bcc135b6461d50a5a0340d66a89f5d0d8489f22d4a6a94
1787431018.3493319 vent discovery/pairing handshake (vent powered) RSSI spike: -58.0
  -> 255 35b42995942e338e2e4ebbc19b2e34e3266aa5fb153d7bd44fcf5b3bfd7ba841cae751fc159baeaf15137c7111d7c80acafe4d9c13b03e1545d3be3aa9d0cdaf0a00f6bacfc7c16ba330862e4c058e94484f1f031cec060a8d9b12d2003d2d3f3b3de54fc419e9da91856ff98c4d649059514314d50b39aca6bafa700dd7045f3b70a0c176e4cda90374254fc6d21721137045fa143abe3ca5d5863ad6b6f42c4509107541aea9cecff086dd79880d3fcc339e23dd895962925c44b9d3734169abc48d18a8f8b9f5e81f8e2e792550a6b820e8170c773fa5b360ebbecdb716a87b3f47285dbca79a14468de395d71cc3658c4442c0495bb956d411c1d4ee79
1787431018.349579 vent discovery/pairing handshake (vent powered) RSSI spike: -53.0
  -> 255 e9e8da7265e4cc941054881f20b291d1e4efa89b05d06419f31d1a2afd7711c3bb982e6748ddbc26a7ad96dcf55c298f526f37c22de423c5be951515f6ddd90d50db9cdfa8a129c11ea0605f0cef5430ed7921faf325838a00fb75c343d4a55a37a593b49710018498a6fe63ab7861805d5fbd5e4801fe53fa9269ab0f6876ce6d5805391ba056389807bec49f7aa261c40b6e4aa4572a00109bd1b4457c0b08508fab54b87ba93edaa7e825680359761941786005355db44aa1111601150152cc624e1f93abcef5da6f0356083f17965d79cb18ff36642c13e5878c61461e740e9dd2d31c132564bba97b1eb2992c376397258ca1233edbeb29d9d43dbc30
1787431018.349804 vent discovery/pairing handshake (vent powered) RSSI spike: -51.5
  -> 255 b014093ad848f0292c5ac9b907b23780c820dbb745cec8a7b593a706910db25ddd25b7855b1b06506972551d3e03ff238518d94db3130a8d8100b771060a9a8246392dc564562cfa9a6aeeafcd4a8bb8a58182debab95a0572a346bc4522785de67f8709825c63f9333e6e7a9a3a66698da276b96c2383ba9384c5a41d4d8e996fd7af0caae89f22f088348b24e7ac782499899d4cc42a833a0ce8ead11c81277cecefe3fbd217969c09d2b6f32a03cbe72b272ecfcd4e32aad541628924f2d37d2d5d631e58981f5bc36eb3a7bf7ebde2034b552bbe399a57658f65cefcbff697da234a9c8c372fab81cdfaa18f1f72c4cbe347085d7cc357b02d61445487
1787431018.350053 vent discovery/pairing handshake (vent powered) RSSI spike: -55.5
  -> 255 5563a581fd877efdbfffdb0a92332cb6e0ea0c9c13a70d1a8c558a316dcdc18121660408d3e9c4c32f24bb79220f98addd33fa958d7e40c682859f4516473261aba98ddcd532973ed6bd97d53f562748969622b26956f025f3522bf3fb2edf1e47bf530e1f596b984fb05bc7c090ec699eb782efbb84e0d66b2d6b19e1bb83301f76fd556728ce336a8014f5b283b498fc252f64e577bbb18898a9d4715c097c7d4ac9e1e6864ca910038eec02315eb42fc905c720e631dae0496dae101906d8ba5f344fc1d83da518230dca6f7401a106d31a119942d08471b08880223bbd1829eb663a8183a03e66e254323dd7884c8a4e885cdcb1508e3460abed19f7d1
1787431018.3503208 vent discovery/pairing handshake (vent powered) RSSI spike: -52.0
  -> 255 f2838bbf65c481a29bf96358f5646b486b8aa5a0c0079e65571696990376a71e7c0cf59e1014ee28ff8af3f91840d38e9dfe137c9438993cb4374dc133ab66218a573b5abdeff2a213e0fc1c2d5e98201304f0e2ee76bca4f757b7e689c8d926189344fe1b21187716daa9043ce7ecc982e248e5e4c6187dcd19323a82a7dd016dd81a466d642ab876d5666e23b738354a774287745098fe2a6b4b79207f582c674ea8ab6199bcc309ddd4b92c550420fa3ce9efc4e991070bbd75d14e0b10b25c4fa3a7976e744da7ede4f8cd36791deea6ed5832eb5fc0a7b37f7bc21f9fc10b2ab30a86901bdcc83b05815c80bacdf0808d4594bd7ea0387e026ad35351
1787431018.3505569 vent discovery/pairing handshake (vent powered) RSSI spike: -51.5
  -> 255 f87cfed2f0562193a42db124e9a40ed12e755a298a3d8e50aeeba53c989bb60dc7c9c28ab691e422a39c2df0ca41dba86e12f9f6a9915b3311fa349b6d81f0e9bec8ac7838f40807c398d703997863a053b4dbcb2823d5cfdfa26179003db493b1642ee94b2ffd4f2679346b98fc8cda8002141bd1dd95af087c8c840554ce2fe9cd26e389ecf91d56fd0d73914e2fb835ac7fc914d809ef4c20b4daf615465a67500bae8ea142ce8e021795e6fab404e1729c6275815ffdc658403609dfab60a7cceeb6e9f2980ce00cc6370ab57b7c16907dc1e305e7a8ec8a5a52bae1506dd13ce028842664599167fdec75c5ec0bf647ef701a51c0c53faf405646cb9a
1787431018.350805 vent discovery/pairing handshake (vent powered) RSSI spike: -53.5
  -> 255 be61ad554ad7fb9b390e92015bb83d121163e507f108c19f9ce50271aed61c049af043125993df716d4db7b6925ed77747cb4ee8e1d097dd2830b2b06d0e1829035020fdf51ddda1e2e21273f13106254d228e0337a4cf4422cb2ef6968ea642781f97f64d971726e1554e5ff5324547b7441d7b2d9a90a4e26204333c99acb92223c741e2e131ce7767f5a1db30bbe08334c3bb1ec07c91895ff89b45cdeb9775ae8e18b333ea618fc0037a009c149bd76bc95d75e7428f942e00b884fd83cc74099e27d87078e27a66d945bbe4975e5def0e2ea17ddd237ac9e3380f18078b7637b0da0e0ccb37a0cb77c4fc645782e80db1ff0e85b0f32172b39fbd4398
1787431018.351051 vent discovery/pairing handshake (vent powered) RSSI spike: -51.5
  -> 255 97f3afcda48c68229d25a3ae0c6f7ce16c7bcc524db4126004cc9cb7144a5479661c06df37e09dc8884d79c14c2cbb529cef85fe31e3bfd30acac911613d7f78cb1f87a26cf3687a7b4b322b81b2c20ce4c9b177ec2764332f9c93bf3d87b907257c27ba6e2e8998e651d43be29a15e9892f9bad148df1af0dd16cf5b1aa21947a9c8da20f6cf34d74e7ce9f444c59d0a1d17c39b96f52f9e80ea12231bf673e4586612bc5bb3ad66c0620ecba5bb01ae9e474e30a8c8e31d6628ea73b6b3539db7f976f028ec388a0c0301c87aa5a5faeb8fccc6307ddd8d540bc94ccdb78e96faa9ff8b37f77469f6f368c7651c09ac4266537307f576fdf0385474b8e29
1787431018.351308 vent discovery/pairing handshake (vent powered) RSSI spike: -51.5
  -> 255 b119aa17bb0cad4f6b7b33f25a0336d8df7a09bc4e1be1a05d1c094e7d74db2056e0e3461f67b08af7e14d316d0fcfc162308ff8798bb61b1e2922dcbdc3f6304b45fc82866b465a19d8037ae940467b13b3e493b21001b40deb91e08771fa656986187b6e1ac81630aaa337d691c6acd94953bca9091e0f23bfa46d095e3cba6777f8d4799278b3d3d91eff2a373930dacdd387d3d021328808fac27fea21bd934d0f4dd61ed39bb799efa5b3af823cea737f2c63c6c218cde7d9ce5cccc5a108b8a7b4905e078f837681efb9d98cf9a81c411ff2c0cae9937d7c6cbc4ca4806c0c05e952a710a40b0f9871d48643c9a25afa29b2195dea112b7c57bf22ef
1787431018.351514 vent discovery/pairing handshake (vent powered) RSSI spike: -52.5
  -> 255 6f3c4ec572604c8bc765fa179e43c7abb24221e63d77d4ac39eb98c7801cd73197b3b5460f1376dd36cb4af7aaf181f9e04475672faf7dd0cac0747c8d2b8b5fee49805bed64ccc4cafbdca9f05e68d6003637222b8c5d5ad5ab06bcc28d97891c315ba2c0a65df7465addd45f9abcda6cbf6d58f589f18c9181221702ab50889d9b251b0b158368f37224e625185751b4e328b31ca05304cdb8334abc715b10681dab461386f94217aee489010989224c80b8f88a5356649a8a2641420257723247727d6b071d071bb9a0e818fe417b61e78456fad05b02313fcbdb0543e04c1d947330b5ae4f8d6846c4e9c717cb1393e94eacd5277b8c67fcb1c2afeb8c
1787431018.3517492 vent discovery/pairing handshake (vent powered) RSSI spike: -52.0
  -> 255 2e153b9efea6833fb602055467901620abe83301da6df693685ba28c17d56cae092618f292f39269abdfa2670a70a625535e17be5e1fa310af834378ea086b3aa7499eaedeb080a73dae5ae7f0d75d7f49f5cc95fcc9f20c402b3f3ad826914391bf763e89108a192a35d14f51bf139abd3d65453837713e78b4fabba5fce5edc08bf3e6a41493e34c60b4681093bb06868b28d881c93886b0d710d81e75546e950d9e9084df60291d10b901ee0e571d7ba5cfb77ea390584cdd6777c4d5816151c73372ba5f36cd97242819079b1e280a5678e6914119afe8567103952df5dc0961fa177c5971a4d4d0a3b5d600c637639044053f36c829ea4177db3dc021
1787431018.351999 vent discovery/pairing handshake (vent powered) RSSI spike: -54.0
  -> 255 017ab494a4ce65f2c7e7a7aa302442a072875daf431738cdf3cc3bbbf5e2a3f5e4c8506ba9b16198f5a5cfc1e3f3af7517b751d9b858e2e6f02b491d37e9da169342f469ed5c48a8c250fdb171c3749a5887304ea4054a1895d31ca01cca68ee200ddbe8bdfac79d4aefadbfefabe656b534f564e8ca4e595940b85786407b2422106b67a276abbaba2673737453109c55123514c6d3613b85133bf8f02d744cbf8a4cf7e90c5d20e58d0ac9adfa25a89ddfebab01698c6cce2217f77659ced11a1f5617ebbaa50da303a03d17a85bac6054b7204485f2490e5207943efb003e0709c4e1f54b7afe3b7fef3ddfaa146e32034aecd03883efc9d0e86bbe4c2d
1787431018.352293 vent discovery/pairing handshake (vent powered) RSSI spike: -53.5
  -> 255 3870b2ae2dfc952fac4ea561de4d3b4d1565c61d8f3593535f6de5f3c43e4c41a4efca305d041c1c5d0496e1e36030030abaafbe24c06a5ff38f7967940bc0777d6b405db601f759c27779765d218ac3e4804b6de7cc51bb03e8239013e89d1a2b32a6368da936829f5e834459b169e92c9037ee688584c76564777d7f3547dbe1b6c539ffc5b40979a19c8804b5c8f9adf1e71563c7fe99fb20a3f70b5af11788104aae1c2398f09b21f726c5a92b12e40a10bf0530b48aeb2a5f377286ae50c29bdce74041ecb4abd497f757df8098f16199d91d44855ba6db82e908318c167ec41017b21270a6c31e04bc453a58b1525060962014abee16ee44be6643ba
1787431018.352608 vent discovery/pairing handshake (vent powered) RSSI spike: -56.5
  -> 255 8c4ec653b3e8a0fcb67912af053f389605dbd9854affb4fc5858a218ad47764c79a561ebb912c5ed6b1b30ba62b84fdbe073f44d14e3bd78af7f3dd058312842193677601427e95e067a09d05f077c1c7d5b4316cca2ac01216d970fcf4c2d8562c9834dcf4c070fd4245ad5f191791892be70e622b229fa344cac9ce6b256278d77a196081095b98aa30985f0529e5acee5d078deaa2f249157211401fd78fae7c6fe7920dd2325270589d6559d0fec6fcb315b45c62232232fa3526e06ee5ff967e056d94c1c65da089e2f03244692314c6e9f881fd65eb722dee946e9b6f6d20054279f4824b31f3419367c552d32f7b3bb67f8b0cf6e95ecec9e5a19b1
1787431018.352907 vent discovery/pairing handshake (vent powered) RSSI spike: -58.0
  -> 255 a202eabdbd5ce1ae3778b960f2b53380840ce62c1f2b500955ff1af2f8ea3796f48cc46fa6ef89b56869019535b987ffe4991dbb9783f53767903dcce1f481e837efbe9feb9f845d67b5b94e35bef76d130935494462caa89461169e2022f06f333f7b8db4df7cd5ed0421d2697b07d89d9a57486c276e9d12b6e72ba7f38170ff5918000b5ce87efac8c4198545a60ca2cf6976d51f4dab19f9dabe8ab66f6046d852f69883feb41921e5db45c8a622b526f28fdb5254c1fd9f816f75eb3b8877f403df4495fcc8bf861965b4c008a9c5cd5cffb2ede1e2415c1058974fcedd8d8026018c3ec7de33ff2a70aa393dbc760de41a56d20b0fed5b3631226d65
1787431018.3532102 vent discovery/pairing handshake (vent powered) RSSI spike: -53.0
  -> 255 c005570fb44f780147e133a14334cc7a4c69f63eb576cca1d4f15925475234303eeb75df6f39af43d35fc48e2572a47f7d5769e54ca32b3621e500ceaa27fb84a6f6cf40ab39f62d8dc969bfc1e8ad513ecf702863e10dcc843cec4012c6de505b36e46ed80ac211a7b88e3bba4700e75fde9f73e6308d173fd44c439053c22c7b67d83389257b07ddecd2a82e1ebfd1fc4f9c3196ce707a065ba9024d2cf5785ef111a4d8f52a9908ae7dc0c2b6e2d34747f0c00a199f249b44e1f5cfb0f5e50f82b9102032484552df1682a8f8759a01f1b1f597ce7f7cd2d4ca6b087a424de785c1bffb53eda57bd1265834f5ddae72a68708cef1a13aec1988164ca1a6
1787431018.353481 vent discovery/pairing handshake (vent powered) RSSI spike: -55.0
  -> 255 d5b4f4ad6f406252e956ec5acb6511e86ed98d5f95b124f6eb805c77ec721d706eaed12da54d2c99607a4f594f57b6ed91b0b6902dbc4e6dff0b3425413f42322e2c1b548239b1e85a2e973df1bc8ea4b6c2c50542998fe63b92a6b1d6ba432a48f98ebcdb8bd828e5c5c8d0159441e6f59fe83ea6fb9d6d25c39859911eccbd71bc5729556a837cc545c8c5a874cdec1befdb1853bf3d8535c927be28df7c3554215eb11274164415d8f768c62181dc5261c13d76cf9940702c781533729a49cb11ed9c62f4fbd4298314d474b918e29e61284520d0c4b86cb53cd5cd33c835d9d0662d556b43cfaa76d1504f451566e172cc3594bca19086c3905d08c057
1787431018.353726 vent discovery/pairing handshake (vent powered) RSSI spike: -61.0
  -> 255 3f577e27b41a8602c63c6002335ac1a9bfad691e0bd789dd81e952779ac8a44147e725040cb05b07bc57092c054138e8f05fad1ff21dee9e0c5ace50796f22ec04816ef823837d971eb32014070a3186a9ec0d1f6309c100488df80c048c38f073835c9ae24b1639084878c07bc98042eccbf3f1c9a8ad62fd036ded1678a47593ed3f1360edd79f37513c07a9224c68afc22be3436590b23c72822880600d1ff3bed53003d13aa38e421819d23c7f6a57a0d8e55fad1260a6001d212f96a175665cf5cdbb2d35419bc6fd72769a5e1b3652585ce659eef2024de490b00b97d040d34bb15c1c7eb97f1b6273ffe281f8ac8090895062c13eaae0b0950e6d47
1787431018.353982 vent discovery/pairing handshake (vent powered) RSSI spike: -52.0
  -> 255 96341b6560a020ada57cd8e8ceb3fd4c44bf556541768f1916c4b0269a68d1a0d6ad50ca81ac3be6547093170fff9a3dab9430150f10245d0e7cad64ec148b490301e42117bbbe1228277f9d41ac0db984faf5567235e06422b47c7acc8f66c51fe84b8a902f980abeaf973833a440a10fc805d82c2f814b3e5146f182d2da05db3b310e5b4f24bd1348e35cf405e4f1c4962165f81b8c99ffc6bd798dcac3fa671cd70594ddc6efe7501078b1f51cea535014ee099a977de90a58de5983e89c1a9d857081ce906247f1581816c7826d72117a7e85e4b49359a73721fa766c1427014110a3b8326393d9a7a0947219b4586acaec20d22638162ededbd0c5a6
1787431018.3543198 vent discovery/pairing handshake (vent powered) RSSI spike: -53.0
  -> 255 86cb208602f541c4bb96752941590667f53a0c9fc59a9582788bc3faf0361e39fd04a2885079abcce93c4a68e10cd7ac92ce7612be217a6b7a8dc06dbd145a1772494716cd074b744991e02a46724a0d314a59daae88499a593f14f5d8ac309ca28943e09a5ea769661a3362a57f8827e615c74ae048e8811fb22aea1e73858d06cf3fce35b0929244308e1138da2b2a44fcddcbbf4a22acecc2859eee399920c1e27ef8ca07cd17634540a86838eff8375ff261060c01869f7abac23cebea78b4b20e58ff1a77b901ca16199f289d1824ff537208033c7b055367eff3713c542bd03ce0d2fb5b683529b6f37fd53899ba2db3f75f5b3d96ef96031a072919
1787431018.395963 vent discovery/pairing handshake (vent powered) RSSI spike: -48.5
  -> 255 9e00186b45a0d3ec1aa91b4476f3c7cbe11d859b1b8448315c614f5b090cc3c311dcd1a04381929dac91a74fa66be9327f1186d857b6114c2e75859b3290d5aa197cd5e742c08c0e9eb94cbc9fbb504f3900d37ce089a6f0e70f3cbf09ab28f6f810c757c66e60fd648d86bf667769382a40394fd71d3f5fa867d1dca1ed0caff8cc07be7bab3c5e193d87f6263105eba757df2f0e38a14d9a6912bd4a7a22cdf8d423f3a7d093622717f81517e0255f9ee3c0c63c3d04c2bcdfdf7a90c8a7c55b87f1c627272b9e08d6fe870b489376c92815a0874bb39eb3a61e94bc852ec2b601b552e2a6ea1da72613026b54ce757ffce00bf41b18cd474caf79269258
1787431018.396239 vent discovery/pairing handshake (vent powered) RSSI spike: -48.5
  -> 255 e7a5c40da1a9001e549e5ae2f1c827f346621272bc08f27d174fabaa35dabef45eb4fc60e8c142440ed32def9e9a7246c6a66977c4aa7b778fad160617dc2ad010c7bab7a429be231501f4a2b33d43400a1fae14e166519f57ed989a9defc3a647cc4e30ddaeae0a47f6b2eae7da5f5711d1f259e105ceb06dd3ad482928ce24c0686b20275e01d5baeb2825da2b3c54790f34c86e2bd2cb97feffd7a0e0fd2b6187ff7c394957f5659fcff28027cf710a2b76e6160143ff8964ab6e64d55eb7e22148b0e6114ff5e1f4e2fe8e0e7bac6811c9b0c7d6bfb580de4f13e1411155b2fee7d808e725c6d3647e30f6c96909aef020b29910b103f99cffae379a93
1787431018.396493 vent discovery/pairing handshake (vent powered) RSSI spike: -48.5
  -> 255 3bb3b5a88359a8bbc702ecf7a411acacd5fde2c0d74f63b92b20162d38e2c653faec15cbb608ac1ce5dd94d50beaf3f47bf97f7e70f7d4a6bf0b2a9a072acdf11ab8f03bf751f47199801753949e9c8a2f2ebf3b40d906970b4f8e4b3c1d883ca9d7676c553dbd6c1ec8cc8d5687ab21ab85fb9807d49164148aa4bc30defa1828e0ffa376875c7a14b6ac773b87485c7f5274c599899dd8a33e0381770e51204e81aff76cff95d3e6f4190ff3a3924ad36d6221c847fca909f277950ee121a9026415eddf2fd1f601715613a81cbd84f974d5eda1ba39bf2e389e4d8887daef17857019c340b5d86081287732bc6ebf3bfb0927f9348d45816e3e6324561d
1787431018.39679 vent discovery/pairing handshake (vent powered) RSSI spike: -48.5
  -> 255 ee26198964247abbe89238b54d72f055da8e08521e19568c4ed7ed209d42af9b251deefe10fd07d73723fb2589add8206d8293a7dd908225673a4910e9b46ec573d76632daeae2bbb94d331e90060f3eb93867c0de2490007b510e6eeffabe81bf9b3bdb2501e18ad2cc1a80ee989c889e390cb679069a20134594d9d36c06068b9980df4f3cdeaca5ae3f91b8b6cac214d758c2d80ec63bc5532995bbf7258bfdba983695b1c6a1ac50f5a106e573f94b941d774b4524ec3a6251a28673d21d1d66e8a6e9333ec0a4d1b73a142f96285fedaf0c324bf1a28b80ef1952a36652d3b13b83efaf2616673813bea59c8d0f944d7f6b8c669a51793686a07d7e43
1787431018.397086 vent discovery/pairing handshake (vent powered) RSSI spike: -48.0
  -> 255 dbef73e3cb3ccda42696f679522ef674dbdb55738edaebc5668452e7a9ebef7238ba82df3c18fbc2103c6a4364671de231ec502a87d3808eea59c77a4f36ecb98f2e417a4702134eea21e398819486ced459d27d6073e201f8fa847fa883fb7e80703ec3323e9aeca5fdbd13475820907a06724bf7c9b0f4a2287fb55f11685fe5606ef6c395791ed80f31da73fde7fdc31ce23fe6c77d87d076d08552d29b95d8375e74c006aab8e2104561a48d57793e8713b63045b2c50a6d882952bd8d8568bc1e229daad75a04c2006d40cbe61ea133231cf917dfc59aa04f1b26acc9f8d59bd280157987142e5d47e423b638c718668b6757250a7b0c7c1cd5f37c44
1787431018.3973901 vent discovery/pairing handshake (vent powered) RSSI spike: -48.5
  -> 255 9c49876d19d7640a174ec754b3029b7f5a08850d2743042e5fc90d9aeba8094a76aed216812ba053c0834777f803a0e87713d272f38ee74e5c920f2e76d6ee03eaca168d88494bd4a634d5599aade42c290b6d9aa4f02a5393608409f2ae15f5595e7584163a5b59a479aa0d54b09be335ce6c369094773ae5d8baa299ca99162ac21eb4e08879cdea325818364d5e84a27766f89211f561cab1ba1985f9e027be0586de522a8dc98f2d7809b9d8e799d58817444bbc5fe13e1220839eeac4268524442057eba9c78b7488cd97f87336b4f367b2e97dc9d316cf5930e04bdb2435bc48bf32ef68b31292d86fcb67f69dbf7a724e4731008219f96b57823931
1787431018.397676 vent discovery/pairing handshake (vent powered) RSSI spike: -48.0
  -> 255 d1d3feece6c86c12fa41a61be996c9f1b45c1741f195d2d2206c28a8cd86d8d6d2d0c09142f69b773ab817ea9c28f5dafba052a6fe089d853c9d30795562cdcdbdff2a78dc0a53faf067b2a5a764adeb387f935c93df5c63624cb22610af007c9778f1f62d65165156fba90bcaed95f16e6ee295c28a88307cb9c504ed0ccc8b89b781cd89cae4b82bb786e462d0992eb1d3d5643c723d05ee6d4c437b1ba0e1d38279e00cf88e2c8e7b0a5f853136e8e90eb00ae723287a5804f5f628b0b684ad0346dc4ce9a891d182e87542d1abf1bd325d0347a15853303e1ef8f809e93df91b58e800be302d212090823fd95eb2152f796815388aad144023ebd6209f
1787431018.3979762 vent discovery/pairing handshake (vent powered) RSSI spike: -49.0
  -> 255 969720dea3016f575972ac877cd66813e1461535933eaa4c701a1aed02a638fe73e7f8a61cd80f2480f2f2dd10e407307a154139631e4bbb2e42b04500605a51d0ec13b07804e23eea625e6c66e31bf690500665a4aaa130ee5e61841b0baace83e603fe961505571913fd80c0cf97b3eacb43886e501329752c520cd240812bc6860576a948ede2e7d80596e4bbc114beb058b3851aecff98b5d448cc7308c59ef9fca2002ee5285eba74e7ab66c165c25d5e6a5bf9ebf15ea417b66f9c3fd57331d6d09179305920a9b8b70c2d5fd618d8691d3402cc3924c084ca2891f1094a0036b507f61ce69675f3a9d323dae47e8bc96ca010e442babb456dd674f0
1787431018.398296 vent discovery/pairing handshake (vent powered) RSSI spike: -49.0
  -> 255 ae5478ba31516e73e4b516945587c1a135263876b0549e37fc9bbf7ee9867260db7d1388945900e34d84aa6b93f0bfd3ced483b3e2696c73cb7c84a7671a87462a76baf51e82f45fdd987e71ec81c8352e6179c5c966c5a93351a981bb7ecb4df6bbf98342a900ba0f252eb3a58d6725cecb37c7a02189d134a2797377fde738bc1af480f4b91f7d5987aef7e757921d3a14f9861e556f5ac83d5d8296082ee8c7eb0878c0f199da203b1bb9c0200362c2b7b193fec6e6063d6cdd7366bcda782bf2eb81783db91dfb05573a4937eaaa84dde84230551cd43935270a71f4ec6edeeb365a7e4caa536396bab171fd640f252fa4c3c9c9be6a25ca9fa150b201
1787431018.398577 vent discovery/pairing handshake (vent powered) RSSI spike: -49.0
  -> 255 f6be177eee19086b13335c4419c2ecab7c5e75ef447adc12f99237e5195c4f25cfa6c3b18cb27a568fa8ca44dc07f67fa9ba15a4392a42c1a8c3273f6c26713cf008ca89895c0f34dbef08ff204b73ebe4d722bd5a5fdbf123bd48dff816f92311d6ac4777ce7ad533db84ba0bb40c005dce2dc158a84ae6ba10d9496eca1c8cdd2a1f4742c96efea19a9c3fd710a9d11a8eaa21079bde7c5fa9ca3ef42cbb2209b32e71afc9a8f0b6a142064175d704f3cf228450b0e266c3531a958ada77cd6a087437c1a982bfad46fb037c26d527640f80e1cf180737bbddff1e89a209a2e7b4d47e5e9c8c39b5a24ef93675b78485a1d0758b630227dee4d494df0cdd
1787431018.3988302 vent discovery/pairing handshake (vent powered) RSSI spike: -49.0
  -> 255 3e76c7cae5c8431c540ecc1e2fd8f589e2f8ef8cd6e05bf0ee65ccac7a56172ee1482743c40439f1c894e88ea34b9f0113f8ff4a3fcf7ff5edd3e978f0deff1a8fb04dcf103c12dc92d1df253539509d5b3e93e386288e879aa3a1cada2c798c40a3d87f0e908102a0ecb9552bd1b3de4198c62de125c659c8d42bf39e8d58ebdea2f3c88e540a06b9078ea7f1a0df03d52881aa5620c86db204bcf41b0d200e5b1aa57cf499891dd5902daf26cf18c0be3e5afdf03269f3f1c2e0c45e11cfde56337cf0183de6a6e9bc9c817fad69feb267e210dcb0b074b825869e9bc37e25d4561e33c61fa57aee9fd006e810c2a56cc2789e90be11426bfa7593444f8c
1787431018.399081 vent discovery/pairing handshake (vent powered) RSSI spike: -49.0
  -> 255 6c460ab873649cb3d646c16fa8757e7c8862238984ca12fa1a7b5405a47221e72b460ca404d37a9e94b36edbc901e70c9bd8fe71a9963b58707c7c2126e3705855cfea6c9529561082c19c68fba81005f055f0c790105778b551881ad0ac8cc3717a9c1b574c63271de53d98e8d568fe7825edc7c7f4fca49bc1f87ec5c6d2e685ceed8d2b364231dfcec8b51821d6ecf1bd5ede1fddd7b49d01c2463e19441b34a746e8d3969da3a33bc1a88fddcb0771d0147917a9a0fb75e2b60206bcc93d4bb2ab7d66389a3e41eeb66014fddc7e7001233998d866718a338e4a4a7149572ba57506e63894f5325c7682d8629d68008b4f5b4a7504697ad87bf7cf7727
1787431018.3993652 vent discovery/pairing handshake (vent powered) RSSI spike: -48.5
  -> 255 be36afc3bdff5c7729ec865d8299d6aaf28738eff05edc2cfe4f4f8045a83f13ad92357479d3354df25c66035288610a8a618f4d46061e30b60da8a4f567e785fd0b12b7384f19265cfdcae17396c753ed7636a82339c16fd49b23d917acfbfb50e269a5eed10f73f0b767af8cb40a5a5ab71976cafa13a8a5651d3200bd01ac64161a2dece1fceeee0c587b9cebba05a521661f5b3f6f91e496c07e9423b833f9e4f7db3859e4dd7ef6c7a396b64b7e5c2ad398b2347479b3f38c12a06b12096ca4131862f52c0d4c03077c12494aa7af2853105e10e308980f95920e57fd3a7851747a9f6e20e754ef5766270204ece223c19d3a2eebd269fe2a39534fc7
1787431018.399606 vent discovery/pairing handshake (vent powered) RSSI spike: -48.5
  -> 255 1f492f78c266e268d574755cbefd5b1f437557cab869a39c6fab794bdb63c545a458f9b1890afedd7171f7005b54337cf27e0a6471e2905ace7bea0ee08af54e82cb892cab4d151ccb335e94c2a8880f2146c6201c9f4f41427afa69a25a6b633a40e2f12d599cd48b6a9ec9c47739e5a2d6c6bac0bf7abc68df4f92ef139fd159a5417169820b29bca3dbe4a7a19aa041e92fd921c05f8d04f349a75ebabd413ee25ab665a940c8a2098b89ed99375286f22a80b61a8972de1ef890581de859b2b1e9e5663da7a94abc6cae6f3ce112ed58d700c5a6ffee43deabc83e98e10027b2a21a54b1772f9f91b347ce924bdce21e4b74dfd7cce1d6000f51493534
1787431018.399881 vent discovery/pairing handshake (vent powered) RSSI spike: -48.5
  -> 255 11230ec1951e348de8c429e9a8a9f30d4286ba5d94e2e73b2a716e683d9d1bc4166f7488208f9631b0b14a734ef851067e1b6f48a6621fc796cb0c123b97609f5d7277c3be16c14da5bd5cff50ef8bb93906a3094c1588ac3cba319db1280455ebf3ba08f2896ce37ef3686491ab5fef465bc152c98a4fe9a781fe0f095fe7bd834edf5d8643dd59aa3b662ad3ed3a9a248b78f2d590e494bbc53a11f04a83c0078c670a8a67597cbedb6c290b9feb729be1c96e7d00968cbf30ea57c880385e9f83d664aa41536db6f6608095556159f7da3ebf9aaa03b87b2b12df08f278457560641be1213b3ea641f5f678aa7755f9c2661e51c5d6d2f7a4d621ef0fc2
1787431018.4001951 vent discovery/pairing handshake (vent powered) RSSI spike: -48.5
  -> 255 39705502cf76caddc0677c7e6459d2ec60073212e427b67aa176ee9bb3ca4c988d7d34d021655917e3e1d30675441a6288072380b6e5994911947c7fe0c6d14bdc84729634868cbf6e1ef7461cabde87395d3544e922cc0c48422c39dc9a9ca60d96e5f884912cabfb86718efde1c37d81811823dd03a7e70bc3ab8e5242fa112fcef34960d8949c7d2a7421a0864d01938cc9dbecc53fba533d0b63f965474ccc1998b40a6d749051686bb977c40d5e3a42f71991836031c95fee7113ea8712adacb262a2ddd4b93fe65e2f31183a54924a01fbd4fbaed99a3eacda121fe7eb639278a320a5860dc2ce4abc3761eab720237752cf26328a94930c7e797d99
1787431018.40045 vent discovery/pairing handshake (vent powered) RSSI spike: -48.0
  -> 255 623c64ca3405cef2d637babb90a54dfbdd3e73a8c710590f1e8fe35370ce2ff6bd4c1e21d24bed01668a115606ee85d7018990ea3aa00063330a3fd6b836ffda753c7d8dd5dddc7b05d3726cc2a98c8a077096db46dd4bb8d2eadb24b1f25e67327aea48c49beb9fd9236dfb5993d87ddec8564b661a40351d115dccd34b1750b7a6bc7b91b4bcb977802972475d75d8ffb80a86f5b6338361e4fbc22bec710210f5f0370fed049a19be27a80731acece750e14e200dc71eb3cb5afbfa3e4a373241447fa2ebd039f7986607e5bf029e7f0572b554ba864c32710f7b1194ccdaf896e4669a5f57b53c28779919e96ce45e35eeb9b1d940d08b3bae6d98aada
1787431018.400739 vent discovery/pairing handshake (vent powered) RSSI spike: -48.0
  -> 255 f15f58e3be72714b929f0ae5c5837b9f2d167ec82317648c152b792ad5c0a4ac0601d09e73774f202a57cd37c11150b5d84ded028c91452fe3e2f2024583dc8f82414c7bd2205f4b633237ae40f546077ad8582bb93a5a9f0135ef8cf1af08a6ae9af9423c731ca018d7278324d15b4f06fe52a036f7ccc68cf2deb78f908785463f9b3633967a5c7c9e909dcc672971187871885b3ef46f148091b3432e8c2718606fc49725036ed368cc59bf670083fa2b46570f76cf4f8df73d94216e2df0ab8aaa0f7250775fd35a20b90b831c70fbb6af800e4c9346485e908e02f684b0a2a39149522e4424933db6052282d565d7b4eaa94d110387c8f7c90695c725
1787431018.400995 vent discovery/pairing handshake (vent powered) RSSI spike: -48.5
  -> 255 821e8bbc93d2fa8078075047a25a0b26d397e18b92bd18b1f6af90bebdf33934e62ed7a4d8e021777e3f48ff24f52abe7f441828ccaa8cc11efeb64e75490b63e5927e4af5d8eb180efe3dcb2bcfa9cddba422a677e233603f78fac240e9c5a54e20f78c8222edf4b5d98a248641e5501c51e4d5cf26b95260e235393cde926a838568a3dfdb761fa0893f916740476da3714b728b054456f26c75c6584b34b2d3032a3831b75103bd8de919a35313b47d368e7a1fe837237091fd23259bab7b952a3b104826db7004d504beae07787401008360722df45f2a9100458f89199f51659ac9e0d32054fecec7a7f12f5ce78c48e0ce9a41151b462f909a26f658
1787431018.401313 vent discovery/pairing handshake (vent powered) RSSI spike: -48.0
  -> 255 4f18d68412e2e2a4380db448358d8a4d108edf64a5d22f184e34150888ea98f65a0f134988dd5660aedfbdf85052b5fbb5444972f3f8dee9bd3e95dc416cf463beba160a273233469e08af65b3ef60ee7755b8c3050e025846680d4f1b205702729a0eb8209aea919b39d9265145e113a06a46c3e8c7b762e4707268a04213927825795014a20b8da87e7eb97f1a16e604f3c2f012bd10c9419e609aa243cbe55f1591637f6c1be8e87927cab7ab4106be9252575433659bf77637dd4bfafe649e5928f0dd7627f1062dedabfd1f7c03d196de077fec658047b106e789fd2a3d95ed254618e5f2dc5eb7a87bc3ccc66e4230f93f4f7b896269b384966f88e3
1787431018.401576 vent discovery/pairing handshake (vent powered) RSSI spike: -48.5
  -> 255 be6168767775ee6abc479c40a1bf4b2f4b6a7cb76422450a49c0c03abdf43176df6f257dec2cb886e9864f637b9f22f2e6a5ef7da0af4e0cc3743d3dbd35cda03b1add713c528d11a66a12021d3690f658dc4a9c36c3d13b5a6f3878dd6e629b57c69504fd9673f9d6acde6337a58b68b728226840d30b383975b9834071d26d61f81b2befbaae3e2d247afd18dd07c3d5c3ef225fe8ea0c462fe21410d5f56ce38e77ff0249157e36344111b44277d561a3f250217df3aebfba36f0ce0c625be80f1f3f43e50aed18135cc436e32b4cc6d4a1a02e142836934738fd2eaf049396fdfd3608e873a75c1ee7e64494838330e9ced15241acdba3725101a2c764
1787431018.401836 vent discovery/pairing handshake (vent powered) RSSI spike: -48.5
  -> 255 bfdb070858e6c5b4c2dfd4755f3f5e36ec039b9f688e88f065a24f8800465e65eabd4c9fe44539ac09be4a93a9691dcf57592ad1cc84409e69949377a17833ed2c8616c337ec4346db71acd06401280b5bf03f41aefdb21604b0108ee86af18eb6a34ffe876c87789e07b67a83aa5a8c8399f9dc260716593025c6f250043d33ba4a9f7d5a974c302036b4527c0da581ecf67481c69201ba872f0fe00a353052634907277adf4c64e24145545f4a533213ef694cbea236fa2346a87cea7fa86a7168c8405468cf43dd7db5ea90604b780b3b7c1e9896af590686e0767cd97df5fcac2235f7da08b97659f00eb5f40fd6ad719b84310081b93b99c45daefd7b
1787431018.402085 vent discovery/pairing handshake (vent powered) RSSI spike: -48.0
  -> 255 d29ac326a62d227b07379820ea40ed21631af8d92c4aa33d7bf40ef67760ddec0afeb6f20d4e4de488809b2111baf85b6ae9903b95c4682535c40f461cdd383d4741f052de47e6d01d79f2caac3cc42b96607ff4ff85ff63368b75a0a4ab2bdcad12d718547a3446088cec5ae00ee080798e797923e2ecb7c94e61d4c66755b6d9c4cde85fe214f59d795d844019699017a8a875cbf99a7894aadb132467cedc14769f78d5c3d7c9231381e0f8718bcc710aa7d36037dee33172d12c3c5a4025728cb839426fe07dc82012c79d18ea68cd991562ed7f075322e2326dc03f3852b9d43627b00931c5b55fe4f68f15734bdf497bb95993b46e7006285b45a47d
1787431018.402347 vent discovery/pairing handshake (vent powered) RSSI spike: -48.5
  -> 255 bfb38c7328c7a10a20d6731cac3d2fb46007a0ec8fd0025183c6611ddbcaea83ca48715a8ceaa13e59a6eadc000133534bec824b754eed336c5bdffd090403bdde9f6164df54fb0c5ca692ec39409dcbbfc274ff778905201f593e6a4aa6294f00037eba93b0b0b4b78d3263cde8cfda7c47b8abf0a85df1f74f5d3c3b1713a44227e0a917f3447bef071c337ee9512513d38f59fb980fd800ce512248e110bab7c25e9976ff6b1e3c17e5ac90acecc8139dad99d268575c0e64f13dac5fae0ab8d6e877118377d4d9e5a57ef4668a93e4cb592186da78b9f67293b2ce7380bb32001fde520653199c014994d7e3a020148b64c8fff24aaaa4706848e3a5f7
1787431018.402621 vent discovery/pairing handshake (vent powered) RSSI spike: -48.0
  -> 255 c8be4b2dc8615932d88f717875d05db131a10c6fc4a5c0451a3f0e2f0d0a63d176d4804adb8888485f88e719c54bc2507763fc2a9eb7f25548df57b0c68a9527a70d1acf43565f31b3757a99ec2cf9810d19013b36ed4b40910f415c47ba3fa77f42fb905bf36336b9b22563cf2016488137a6396d8beecc6f27dbaaad2c176b5d2fd6ef1036c25c18ca98fc692591528dab3f6c597d6464e04d43a55545b2bd86346a7d16afe4b2f40e2ea635d93c1c74ccf99eb2471eb90895230c8f9f1c5bb18063ecca3c16779ea6e4a36886a61cbf7a3542fdefe1b105fb1d84cea6c95f7f79a7547ad72b3784d0a7854730d9aa46ffb6a637d7731c6334deacf8318f
1787431018.40289 vent discovery/pairing handshake (vent powered) RSSI spike: -48.5
  -> 255 5a9373b080f99c646fbb79e73823c660a071194c418b74c6573c9e35ae89b49f696bd5941a5d7ecfcd56b5aca0483040f530a2003eb22faa0184cf2fd1b1216812cf122c14aed6d7a0606e812580d4b9b1440db28408795fab0f67a43ac36a9bc6164bb36c1f8f20d37d203a0f5c7e4c307dfa5ece1c8a7831c53f0530870876a7f6351cd009a0cac48d0de9bd2cd097b72fce8433eca5fa77b33ff8a0b106465c34f0b22910b73e8c3d003197cbb632dc4a328886789ad8ad2d765e1d9900e96628c868050d5138d124bf01661ba8140889b3aab103338b60a487876d6d1f50f3ca0702428b8084955d9bf6893c1fbef759d8a1a3d460400e0913e7df7787
1787431018.403195 vent discovery/pairing handshake (vent powered) RSSI spike: -48.5
  -> 255 3716f5bc3ccaf8642a74513f8fdf1af81e9edeeaa7a03cf851f521799f5134c7062f146ef64ec514f31265444fa256bbdbeab69cb5e765cb42657119f778fb42e167d19d731ec2a305dae6b80bf828c9cdbb1e8387fbc535271cc2e1597c9187b383db4044ebbcbfcd119275fb7c1bd5a4d5975289b6ea925936926febd4d5c6296214f019a1588cc3630054512d5222247c1762268580f3089fbfbe4339ee9cdc024abc38deb05c6e2e280fe74d923f8e3f2a8ae85feb668b2fb10746d5212b9669e68c0e2af76290d6b9b5955c5c185d19292e1f463850960656b5d314ce5f474f2e6310431b0d87b43d68a75308a795be9f212705909079b95de4a52476
1787431018.40348 vent discovery/pairing handshake (vent powered) RSSI spike: -48.5
  -> 255 2c9261afd8470312fe7289e948a747b36022c77af5a8c9a1df35bba35288a6f4aaa2ed17ee268de6503c2a816183c7a3f03feb2468e77e2578c6eacd18c4777fd4a196b1b90ff791d9c89be5d6f81c33db3fcc1a483544ee03fc6c9f5491e9fad983ad82fde84e524757a17e9e4279f6f3e0174a83a0e62f32b6e8ae0716b9c8908c16a9948490cfb19dfbf687acaabfc5466f13d195b7e4ea049513536847b1473b3b196a8a3dd60a840558660126d0b72ef855959ec273d087f2216f05edd88a299496228b787d078007a28f2f0f7e8fad83df6f0e0019026ed7dd5e489042ff01cc48a05886261a828b83d724b7e67d2751d13e5d28c16e756b04a5a33f
1787431018.40373 vent discovery/pairing handshake (vent powered) RSSI spike: -48.5
  -> 255 d58c10163eb22d78da97f3da8f040b10d8be52990d73154b1f20fe7bfb3a3bb25b8500dcaed31d7af4d19687c023b718bbfd62d45876c1bb53de06c1568b1d53499b38457c460a88b9f87ae8b5c22e37cd06e5649d76b8cc5b37343b552bea2657705c3f2965806ac4673073c0d327755d0f60ff1ec64c22c9509e328120887cc0f16879be580317a94326a710d7ac013090bfa68462b56504ed6a195b5d78ba1c2daae459dd7e045adee7761b6384dcae6b3f84a0169e41a3f251c14421bcd05fb3672ae5d278db89185632f82c25cd6ae3ecafe145a32368549e6362677e8b23ecd06f82db908296a85107f174f7cbbaedec6180bb3feccf92fa160c450c
1787431018.4040132 vent discovery/pairing handshake (vent powered) RSSI spike: -48.5
  -> 255 10888de934e130af1adccc233c8c6d11fb3ab88b5e983e99e35fcde0f1e084a150dda9b60b94d388cdb2e3586c3fbce10f7b5d33e5e0011b4c5d8f902e5714337b066fa2a976ee3bf651f792b58d066dac5c84de37ee656737ae69d8b8686d0aab9b7d24d08c19cbfcbc6a52fd8e0d2e63b8ff1594a25d097779469ed7b9e8788b1895798e7dbfdf70e4e3ea87207cc78cae5141c5a71679c189d58d00600c48a8550ef2e1a2025248d41e6f47c02764e8be42ff7c5179a2b21999ba05c1e97d07f20133683c1e9094f16343e38efc9b9dc095fd23b93c063189495a660be11853e3bbc4107c5f3ad782a5338b1dfa124e71a736e3ab2780a45929fe32df54
1787431018.404314 vent discovery/pairing handshake (vent powered) RSSI spike: -48.5
  -> 255 df61c3359b0667f140a924fcc2ed458a20ea29c9067a0b98b4e89311902d62d83c16e5aaaf70f73a96c10f01f8bc538c6ea57f7cfbe0b752dd9fbbeb88505c18071c0c1b5b6f016047207d8b7895a7c27d5afa233117690daf8ff0af9c299fd51dfdfc1611f063bb39b11c8fce1fecf98a956081c467bb0a0013bffd99fa45ed2a0ae37574fcd7a07ca5db3140cfa05fd933551e0bb24b571a21a55f24ac05cbd8f0f9dbc4d4bbe40d78e19c2d3233a046d9645be2730282e0731171b1d7825af3db17291281c42e0ea673fcf564e9a69a6fca6b769f51135282d0f2b0a0781a195a9ac52ba434cf8c481d869f521f809c2489d951da1cf4d86b33465da72a
1787431018.404594 vent discovery/pairing handshake (vent powered) RSSI spike: -48.5
  -> 255 6ea4b94502ccd0579701878a497d783612885796c346b7e3c7ff69c2743747b9998c375d93cadfa898856303267c5f137717c5bed2247ef5ca7a27ba6687c0ad77dac03f4c1f7f5939200935cab5c06e546f1eb1a55c64ed513c4b4c3401e9848a883a1052b24d24b8f74dc29457b83574f0863e4385f5de90fd7cbd528a985dd5c2998a59752f83b60c3edd967f45880f65a0671873abebd98167c9d711a13b141c3d143c020980460a5f33a9cae7e3262b5caa153bba25bf175452138b05d1a15260a8b00bfa212e064b35bb14d3b3e6e4052fe9b7cd028d4997373851df86201d6746817787c329b914601b51d37ed9d0a643c224c02b23ac725fd83add
1787431018.404883 vent discovery/pairing handshake (vent powered) RSSI spike: -48.5
  -> 255 11343d07bc513d95fffe35cf2588f178e216a622cc7761efdaf7081097ffd7dc0089e5a8ccc1fc641684fb45d485322591c97750b345e0634f33c95e9043cf8f36bd35207db4e76d7ae31196886648cf25f0f05f3cc7a9a5ddc9ae1ca1b3a357ed5995b9d861c08d475230386dee6b858e7991cc7185a31e7c8978777c1b4ce2d2591ae2dd3bfe85602c3e33f2d7e42b4eeeacad3923a8f17b0944ec8107e1586c054c0976ed0ef706800801c33c74c67c1266e720d7ce00089f01c350cd42bedfa5b74b40e62609e6cf39ed301a3e7db59f4f4726947066f292ca92ea36f7102a6a42bb3385a10bf046fee6a7b6c4ada0b5c7282dcf5122776be02270c1b5
1787431018.405182 vent discovery/pairing handshake (vent powered) RSSI spike: -48.5
  -> 255 0da454a058118edbc826a280e195400516a540866a9bc23c37e19287155ea3b8fea6735794758d871c181dcc5f608653972f67c7f62ac84861aa86ea33b554ff58602a7f7934830f67376a49a60dd42174cdf8e4f184a86a1d3cf956205fe893f021de930fa956e16c41fa2dff6b99c87ea7ba24289ea77d08c1f90d2c24d6115e46d1328da00e0770b593e6cf7ac01f4d42a5d560a51ad49cbc76892333f93aea75812069f8464cedce59a871bbf75879ebe07014c114c6994c5b09992ed003fde0056b02aec55fb7fd207a68a0c8cdda1f1d965a28f25be743e387deaf26818205c67a059c81f9e732891e832b437248ab0afe28c25e5ee5d5f1f4c65925
1787431018.40546 vent discovery/pairing handshake (vent powered) RSSI spike: -67.5
  -> 255 ffcb2aaaf7d93e9213163526faf60a49b5a06b8d8fc1adadc26b82364cb3ad4fffded6e0cdbac7418047c2b218a05be8e99c602cce66844f15b01b6557d30a8ab5affbc7c93c4f392233e687d937858fd0e73de919b06e1fe7272a92eb206726b9dc73011a077a5bb6696e48c5a2bb4ac41d45e2f84b3264e85d0ead88fd38d80b6f08ff8f9f449cdc635cff8fa9c858aa9cddef5a07183dbf36cbca1e881fbfc9041f805fa20230a0a2d326bad0e696013d627603a7bda0e80addc6cdf731932aabfb2b10e51c5c1494112af510887705b708be59481f47a0fe872325cf070cfb358eeb4e2f27f8e299a1a5f205f6c94673d42bcf16265eb622cfe21890b0
1787431018.409068 vent discovery/pairing handshake (vent powered) RSSI spike: -55.5
  -> 255 ff6063f5a094e99130a024aae3ce04ba497a77bdca60a9082d3290e61d9263240680018ae407713509790df9e388fe3973dd99abd6b1f876f29a86461c7dbf3765a1fe04ec263abfd6cfe9cba1dd92cff5d31e715f822ff9f56f1327b90e01509e08f2e6d30dfc0ae3c918b71fdeeff0d95fa4dfeba693337ffe6f5f9866aea319fca7216ffa10b207e4108a777d97cc83d69eb1e7a6218d2c7c9f4a704643787fc1b950986e9586c0355d182adadadb1118b1f2344d5b8dcb063d4cecf6a27dd15b6369f6dd4f0ee8b899b29c211fcac7f43ebd643ebc12eaeb8b8db78254b69b968b4c8de1d645d2d497c120dfb83d697ebbc39f57e9e8d066053767ca4e
1787431018.409332 vent discovery/pairing handshake (vent powered) RSSI spike: -55.5
  -> 255 7a67bedbe315dd75dc53d1850ca0cc0b480f11c723a3f256b652215c8907911ca33ad8341ce81181c3d83bafac6c45d61106fa6d417c2e0605fe9f31db19bdba08d3ecadf87627e9646a54ec2452385c7c3264be0a13e0bf35524f4bd70aa0b8d0b9077848f35bd12aacb1b464ada8754c84fad955e80323e01da015da7e4ca324c0f001f8cb17e9b3ed0a3f31d9600a42531eb758be715356d552a9f1f52b6b95f680499c14c12a1c58644ac0cf86a3592251939d21cb8e1cde7c258420970819dbaeb43ee8246309844be23ddbc83b3b70365907ebc0bb36c28d17873256a18c305cbabe74609c6d34186ec602481003e62c02fb106c0146ebda44911e05
1787431018.4095922 vent discovery/pairing handshake (vent powered) RSSI spike: -55.5
  -> 255 4cbb11e10ca7c4c729df7e5a37a2369da7e289d40120538b645bc5669468b5b82e2b3d8afcfe7b656892d0e0aea99932e87e1f68624ec696b4f1bfb445adf51436ca2e010d7a1a358227f76f905bfff7356300339b685349235fe1e19db51bedb9affdecf6e1808e2b512bc61236a44aa61c01990640cf983995806a60d5273710b17a041e6699ea0d2d2ac319cc2417922c3f0b9af321014f612c61024cd5a30f9f56bddede88eb39d424d051f1b9612a6468cb41c9b2085b8f603ecb052c53cf7f038aee0f152bf449231c5c7ad460f4f3233134337968306f1e27da1ff097f79a6cead6537776f76ee0366abfbee1ef147b22ad81e0784533faf7dd8802
1787431018.4098501 vent discovery/pairing handshake (vent powered) RSSI spike: -56.5
  -> 255 00e7e74838cd4f30c09e38b67aa1eaf1b76fce6d8c8099ffbb595ffead9d3c1038b14009466638ad4f8226a519047ea1f14b81598c469c10efb28cfd6b53da71a3398fe6120174d433d9db83d5b7de6bbde1babf7bacd94008a0ab2027d31edaadf6cad5b5b5577e880dba4e57be8c2a540f2da1326d7b826f75f5e6017d26ca0252963cf7d228654300c96c312ebe7f7f1365861d56929bc8a20c160f7367e3fb0c119b28e57c9e23ed814a9e800456611493c70b95efd0336407b2e0361d5f2dd9e6bd0e9c9fdeb8997be73f2a5849e72f17935b28aae039b12f01154058eab74ec9a9385be92875a437e7c56781611b7931e7a5b1d4ba7c908f1784922a
1787431018.410111 vent discovery/pairing handshake (vent powered) RSSI spike: -55.5
  -> 255 3eb33f5ccdf43a140b94e13f2413d1aa1eac7498e52cce47d69c73160547a9f8940dbbbd469d413892f0b6d0a878724669583a7a500db617e447ea18bd9601daca87035f80a08b448fbead6fdff93c8ab6cf940f7553e1007793c87f195b29be2aef001b6c38fc6299f17ddb531e7b09a42fc42715998584f34f431558486be6df95a7c19394d059d1b5fac8c619b17a00eb78e55b07ab6b125ecebe5854f891a27aefb3df7a2cef2189fda08d4fa36aa17a5631decdd454bda046c851643dfe3e0196d6f60b59cc27bbb3523ca12a70ed5f480506ceb28a00b9469f4bba21d3693be3d1ef476ae1fd8b5ffc3ade63dfb0142ba87ebe8853dd2f64b27301e9
1787431018.4103522 vent discovery/pairing handshake (vent powered) RSSI spike: -54.0
  -> 255 e7cdf6656818897ef313434b0e9217d3037c50ceae768a08835f0b6bb9755aa1c102191ae2a4badf3e556c2ad4fe497e7e386676196485f7d51cd33bdc25e8fdc09697fb52d4cdaa8fc667bc5692ac90d2d3ae087a8d8a3e1cee3ee0c07b3934e4edd6f2c323e13f30d678f973c339c94ae1a97c92c96aa9db5e548d303dc9c26b0fba14e20b5b500bad7eec8ffb01507133a5851b30a5ff15653687b6f6855965224c024272c1c514ac1fb629552ccc1107f1c9dc0885bec643bde843892025a43f638835392dce8ba4c916092b0a69a8f2d3820f44b7dfb70ccb8c0dabbd4cc111db6da9ed19dbd9ed7f9d4936c54033ac749f620b284e72ea09472b5e8f
1787431018.410603 vent discovery/pairing handshake (vent powered) RSSI spike: -58.5
  -> 255 3e00b4c33ce3e4c60b1ca49dbbbe97b00b34596cf5f9df3b9dfd67667c063cfb94c739ce05a7cb7eb0ed6af7050067678230da01c5e86af984a727be634bffe7abc896f0ee3da4af61ed2e2c9a7cf71c2778fb57e1887b361a5ae7dc1ef9a75e5af56a77d0176fbfa7daf95dc57f062ea2ef7e864214c23c6c1f406d80e920634be0b1d79700f9d1988b62fbc1c7b1ee53f67d6a66886e113c260eec8a216dc5584aaf9c35e5d54c3dbe622bda6773a3f725a2e62f3b942d30a8b6e35099f03bc8aff4a513165ca4813dbf3cb7029ceaab241b21dcc0c005c0d08fa1129b2a398faeec4287ce800741bf4a702cd182e801f4c08530743d06c897bfa1cb9a31
1787431018.410847 vent discovery/pairing handshake (vent powered) RSSI spike: -52.5
  -> 255 7798facaa01188704a61e853bcb1bde891515e8461872760587339f988cc9c9415e0952f58d931bf1398360427c8788b5049f76b54204bed512746651d8d232be785f14fcf5fc8ddfa03ea75e25a619565ecfeb88631c1c53720c8f170aef590bf9b1672815fcb728e4a4571f8f999adb0e624088430609af0e3edc526425d69300fa7a1c13deec99cc5bfa0008072c1f6ca78bab775a8d3324197179799886ec00026c0409cf33a409f9c55309a8dca7ef083faabdd02e523aafec8c28953b6783982e301750fee362f889dfb52f8813da4d51f0d5b8b73ac56ad6944d904358ba13eed11442bca74e4f188ece44d282d959cd5fe77adc9063a659e70f330
1787431018.411115 vent discovery/pairing handshake (vent powered) RSSI spike: -54.0
  -> 255 168da1f16e2765da96f06e109e2ad5782896412470b7b7402c685a44abd0e6b61262bb47a9abcadc30d7b07255c70fa3acf7143e49b94a1879b7a7dbd364a77dadcd7f2bfd95a49cf45647fa8c5929029250c9c515ed6db15b6498b387335138337f57d56ecc9ecb032968b181282de457442f62df2466f0beaf1881929242a0079de665916e47e9e9c571eba1d701596136aa291f67b390405141779191413a65bf5200e714ed1635ae1d44615f6c82666ae3fef72d1e422cf9a21f610b52bcccabd99813e3a018c3b1aa4b2fb92c565ff29d1971f97363e89830bc77253ece200d4a88584946fba2278840ae50460e4838003aaee00406b73821015e0988
1787431018.411359 vent discovery/pairing handshake (vent powered) RSSI spike: -52.5
  -> 255 4746af103575f7f48f858506735e9a1fe5d28d8229b3475b391324b478fa88efe638d52a713b89a21b20aef6f333b202b2a98af51feb994fbeafb3634670e5f90c6c04ba7daeca8d68c742cb837dfb5bb34d87eb3cb2ccc4fc7804cefce26369b4f79b6afdc6b77e55acff9834e7280ffc079857dd4a8fc8204f69ffbe35a0647e172ef11c9f054ab899f2e86d94bbd76cdbd4217a2cfd4ef323e29e19c261dbbecb6254f9f1ac091b649cc82e149f9e5f38eb0b4b8d1300b1068df3f8bafbec82ca734ff0885766a41b3b5595778133f9ccf240fe27333048cee91c7ff281c5cbd9e31d10445dd110bd70885a4d2406da80b634d2d6b2f11258bcd915fb17
1787431018.4116118 vent discovery/pairing handshake (vent powered) RSSI spike: -54.5
  -> 255 6f89ddc6a3096876b448e666c0071ccdaaf7002ea0d8d4c7fc6a2ec2d96891555b0d8bc1d88c24d5a1cca1afa10f70e1e8399958fd2c35c4390015aebdabda103ccb70c4ce5823757384da66f4081207866b6d0fad0871de1fb9a729585ac27283b5e6456cd8007b2d1ca8782e7360bc17b7c5012f2545cdc75282756ff5bf66494aa23075e8164c8d6e40eb6a14562e75ead7a9c106be1bbddcbd01871b1dc9093264d5e5d61f9c70645ff7847ee1abfa9eb054e7db9a6c135f1974465b4eb334cd2ea72f738ce0d92b6583c6caef26deb19971f6c466d806c646f0158bd9a434bc2fbd29a8feec3171eff4721535b90b91fbf900edfb2cb52b2650e39a05
1787431018.411853 vent discovery/pairing handshake (vent powered) RSSI spike: -54.0
  -> 255 be522f3bec8a133c3b45e8b1a4bc2adcc7ed88d3d181658211aaeaabed806cf06f137195f85df67ce228874107bbc946e1f932b6aa8ab6cbb2115bf65278e8f3ec1b31271a96e150ee215a188b2bc11b05e5180b2bbb716177fac2be1aa9c24a2a41fed77bad34f42503269a83a918694a7979911bc1de6889c116f74ebbd710a0c0740654912fd53a3279cea6e4c63e7a3c6f2b56e535aa92090607757d7ed0832af9f95eca7d8edbe6f9cf90858a784d7bc8cd0b812c16b26d9097dcafef7a47687ec9d923b92842e4c44d9f9f8c4b5f11af6d89242e2ab81155f9c436098ba05d8076343fb5351c0837267071335f2bafd4a434aad7acacbc3b890b1340
1787431018.4121358 vent discovery/pairing handshake (vent powered) RSSI spike: -62.0
  -> 255 d4946d56d274263bb33874923ab9329d0e4007429aa393be58ec3988f00eacf54d7dc08ac1ddb18762c5fbfd5a04c0f126288437f6ef7d1488d132a47d71ad8e761aa855cd06e709b4ccde867defda6c9ea418ce318c3ee3f25dd64407aa1f8efb8a16ec9167b51fa0dcf7a3dbd80db9df38ad0ebab241c54d01f31d62c372eaa098a0a326f56cdde740d06628468cdfb0679b004a4d93760b560c6618a4fa80a0a2d607c76aa864106db02065fb63e773242a3c664f17bb70db206f72f821a3369c70b1ed6a5a425665145d432b4383fd2e82ac3046dcd00e9409b033787832e9453d8d31fddc181eeeb9447be0d1ca739e0f769cb1c3ee8f1963bbf81f2f
1787431018.412369 vent discovery/pairing handshake (vent powered) RSSI spike: -53.0
  -> 255 8edccdd980df68daac8dbc1346f2bf266d72162048e90059d3de446c82b447c678d93c31e3fe00957b8bb5330126961d1d4e47bbccf5b56ba8b913047195afc9c817edca6e2597c4e58e418805b077fb80f77205352ef5892bb73c351b1997fe63f3ac4270172f7e310c1d2dbfd346eaf8e48554e30434ae579ce1ae778ba04121ea9212b1de86a25aa7b15390d8646bebdcd1781a2d52e0999574d4ae2e2e0a0278af1e7b4d7e1126c6d147a5b1526310de60f34b9d4474bdd7d01519a21b7416b073fab1722855234f552e30dca33b8b843cbb5f8e22a9b865dc12cc0dfd5e04361325c78f0f4578b643c9d63263485036ac80f6a201ca0d3f2aad9e9872
1787431018.412618 vent discovery/pairing handshake (vent powered) RSSI spike: -52.5
  -> 255 a0906269ae590ca70ac0fede2f7b85997b98dfc9ef8310f4ccd8c14b2c9f2f0291e65c323941fc1c70d5f7d448f25acb5aa403cc9f0cb1751eaae8492c66f433cf4d442b9bb612a145d686226f3a5d5e7a21dfb8af74d80b496c9df64efdc42f916e78713414bc5476652293a5dd3fd269b1fac6331c00209ffc25215b0719f94aa0d442148fbc01f645aafbf8ca0d6e53a74b413d7439450ba7fac59b736a6c658a6c21445c63fccabe94308359db45046e3d9f2cbff2e2d97df289a871edeaadcd24bcf5807ed81e9a421de6670e01f32f6cd4648150766c6e64e1c67bda28546b5f2bed58e279a8524e5adb41c3cd841db2e27a687b127c0e54f86f8b59
1787431018.412871 vent discovery/pairing handshake (vent powered) RSSI spike: -58.5
  -> 255 e323824f202c8c7eae5eb5a1426a607fe0820eaae3397d4b0666b0fd980bb0d53d3e30ea2439ce579af8bf5db052574d5e21a9f80bc98fedd35bdc73bef73e7310524295f57b03ebde9352f2c3ddcf31f926ddc4d42ad049b9492e925d2ac0249688b696bda4a1b65d01921ac8583a41bc35f27f46ef06d7db35066a8c7763d9277c00afdcb38e92bfe3867f014613832f82ccb795b68cbf6266f7b2f70c7ea7b674d9ce23062b30b0748d6463fcc43ba145eb508b48187a2a54f3cafee3b4c50eb7ffbb0118322fb2d9152642ca310cc6e90a909dd445d4402d7e659d4c40a87f6cdac0d4a5f86d3c38471e2ee144930f973f5a11381db45ff7f9cf49e6fe
1787431018.4130812 vent discovery/pairing handshake (vent powered) RSSI spike: -55.5
  -> 255 3bee3d38f76f287d065eca9ce10f0a83ebe4fd890eb6ffa5eb7c95637afedde0ad56206b76afb6c0092d25a9908d5aaa2582f719378fdccfff898a14aa530a3e663c991fe192e250b20f618fd7fa62ff7e6f3eb8b5f4fc97d9aab3feed924492ef9bde4175c7387b45c4cd05fa9233d5ed2f47557bb0cb2e7612613ece683c0753c6512bcf154b6643d6f86a09d9624487ac07631ff47ecca0f9bcccbded00d52ba871f9dab4a3222142ecbd5f935d241ada2383703be8aab8df55a9bc04eeea2ed1a3a608cf947d0bbce69f9ad663bc7bb2175f97750e47144f5a69bbd9497d19278b102199933c1903bd45371949e48e6db9110ffa2dbda5e863fc952f93
1787431018.413321 vent discovery/pairing handshake (vent powered) RSSI spike: -52.5
  -> 255 9f5eb63c20acb4f721f06b2299dabd7ddfabfeb7d24fce142f3b1b8b885edd384d52d60d681519393dcd29b95bac22cb32b89f02c6132077579d90bd57f824b47d0af1c9cff2133e341e3a66d0c3c841ad34adbc441acfc6c4bca79b28c7289126c03bc3b37c0f5e6f7eae5897abe3a31443e88e0397387c87c5885e6e0c8b1d5c373eff8b177af642425de055fedfffce9bc9c161c9bdf1c6e9d740f109a9fa79fb87bac1167912e9b515719cabb952efbea62f8efc58a2242abff463f56105b97d21081bf662499d866f863f73cfa4396793eee55afcb6aa38dfb2fe6a628987ec929ae0fdd5440333b096fbbc15b1a83abdf10c219955447c6d725a72bd
1787431018.413648 vent discovery/pairing handshake (vent powered) RSSI spike: -52.5
  -> 255 bb3b9a47cc0c4b12ec033c9c14113d19b195cfe5be007aa62192d7e01b986aea279ed83187cfe66243c230fbd7966cfa07dfdd1993cd39d824f3ce8d32a31bb409d1824ef33e2976cd1082f1995aa32256b98a07e20dbd7c389a953d0a16f7f5f989e922fdcec76bfb86e538ecd81db8df8df899dabbc3f3ca4b651a35b7a354facd1e9dc57ecf00b8c489b5ee3f0d81c9c3647543d5900433a78242fc8d6e47c11dc20a505a7f489c1a7ff664f748a116979993daf3d011775bb11af72c22a37a4f330fb726ef7f7c053f824d0af3832da494cc6a52f8cb7a43e8569cbab5f58c00036549fb4503c35d74c28923d011ec141c610366c31c9aa149f4119fed
1787431018.413964 vent discovery/pairing handshake (vent powered) RSSI spike: -62.5
  -> 255 a43dd3fe2206f4bc07a10ea1ba5f4125d198f64eb4948175de65b2ddeaeeef48df81b43deb0defa5d0be601997726466847a17792becea600b2008b93fcd92094c43280bb1262fd7d25f43029a17b80d404b79a2af26cf4a3f05c1b50fb0a156d4dac1851efb7301e58f547c429838689ef87685e43d45dd6182bc6b228694ec9dd1a692ab582f3b8770a1d71bc210e5e9f7e5e82b868020b442502926054caa8f39128030aa8e81ed0c4d83f5c035711d2dc7535cefb93b4e570afb389bebbc9d0e42ccf75beef7ecf5c637af1f584d3ce0d3231c98e5d8e3a4aa765df0c2fb7ac9b68550a2131bcc9b3efea71a82df0bb7c57c139b1370c846d9564b3c7f
1787431018.4143622 vent discovery/pairing handshake (vent powered) RSSI spike: -54.0
  -> 255 cdcef5afc9d497bff34fd848e34b119cae1973d9068c4ce753d30ff28dbff6a956e32949f842cafed5bef73fbe593350b775b025932cefc04e951fb201a97c1c4dc9c913d1a9ce2879934e80c2ae1cd60fb4fe44f9bb4536bc74d01cc79346e984a0f7f47a5e1231aabddd5baa23741e688b73c45f2ea07eac3fdbb0a83b49b689ea22293469494c4f4ef1b7ad0f76e28091dd76ddb52742498d9defef38888a3dc2f0c5159a143a3cf21cf41d48a9b3219c541eccaefdc0d1ce1d92568c189f0b8b8173d87d40dffffeab691dc08abee604ed03471216c18a0a8122f05bf94162650f2602fb9db22bee03e7f260a38a8d805bc0f2f69f594752f9f3004438
1787431018.414634 vent discovery/pairing handshake (vent powered) RSSI spike: -54.0
  -> 255 043e76348c01584450462c0ea3ab6befaf90d4b1e97c72b05adde604f970f0430244809383eca4583739c719cca654c6aba4f84932dd1c915bc88b85aa607b68e77005943ff8db635dfb2d496e49f5998532b9b0a98305484bf34e43623c3700194d7f1594f437710f9796a2feaa95d5454acf038b3a8c0488aa285ca0ed909920d0a2eebfbef0a2a0b5779e22600960f0e7b71c4ebbb266bf5401a52e64f07ac04f9bb7d5ac356bd5fb0da59da63fbaddafb57c2045af54efab65ef85f2667c064a2f0dbde5581674d880f23df96f3d0f6a2c89ce978dd2aafd4dcf82988143c1f5aaebfa06010cb55cbb3018e36f9f011fc6130af8e071e388b3849e92de
1787431018.414908 vent discovery/pairing handshake (vent powered) RSSI spike: -62.0
  -> 255 37384f8fd5ac72caaa227dfd3e138151f8fcf8e9f956de95299cc1ad0abf92f3cece5431c9da0058cedab88fc6ca71f01329d9b5f287b73f93114a421d8126990ee884e72ad86cbf304baf9273cc03a4fc34853fba640a16650438a55fcc631459c54ed6e91b40878c881bc90251b9534e8d463815f3f95f515e0eaae65a14b841ccbabe1029d9940779dc4706ec920c144f43596903108e030fb394253679f3b4a74992fa388150193d0f2a0d8256b62ec8a3df192964d41b34a8cba497da28ec33f2a1a395c88e27445363696c954ccc6f190576544ce8ccf2bc6a70d5378225b32b14393b4d9b97d4c7c01e7f194a8f91e423e32ebcc6edf30f991df8e3
1787431018.415207 vent discovery/pairing handshake (vent powered) RSSI spike: -61.0
  -> 255 2d941dcbfb611a14a702a107f351d12aa5c2bac92f3cc36828af5384b8c054f8ab98ea033396459cfa7b5de89756275886b2b1cc46ebb6b81df2489a516ece3a96b02101c68ddc79addd641762135a7e71c78ff9b7d6bfec496bc93614b765b4915caca3418061bc8c64cf3367828c8188dde802b77031e833244b71ebeecc26dfa3587aedb904ccf0dafb921c0dc63403cb75806adcd01b0e34a175304bebbb0054d3c9d67e5282dccec8dffdb5154db8a7893a08e43716d705d5d13515781111b627c6d04fc44751eb36ccb927f9f3b167b7a1e2ca63fca0879928befe01710331739d078dbd5caa6fb39c68b7c30aeae3e71b8075df5d3b30c92b697199
1787431018.415483 vent discovery/pairing handshake (vent powered) RSSI spike: -53.5
  -> 255 267754706fe144b9575b90db3f85bd055616df4b5ad61d83819d6b65cca80ea97801f7cc5b697927d38bba3186fec670f37b78caaae929d7e2d57d22fcd11cb7af77579d98c1132429f2abfb2a36d38f24c2ede1402413947d2bdcd079ca44fde83240fb184c1c629dfc51402203dc374286b5d7186e87e1903d681cb66a3daa5e4c3e0a95b58812fb742fa31039342819f145b976296fe49cf94ded636ad6c2e2a632f7d8ea0ecf95e2c55abeaff1a45727487c743d97aaa5cc85aceb290446b7e1c8c3532ffb257d998a290c42caea9066534aa95a54da286e99c304b44df503c221e33ef3cbc6cb4d807c013afabb6db271ebc46038038974affde61021
1787431018.4157498 vent discovery/pairing handshake (vent powered) RSSI spike: -55.0
  -> 255 a20070e910eb2d7b99a980ffc5f589bf958ff3ce13df4013e542396369a44390518539407d1e5caffae7733249ffc8405acbfb73062592916a9419f4faa862d0dcb95a2aef3b4e8ca5b74667e470c83eb07d4f292d78dfabbc6e20bfe48492401d8fc3e65e9bcb82fcb735a2544c6babc504dfe3db990794164005896ad72afe52fde0d7cd20efda43f0623269f40f1c4b7061048e168d93a0e400df976f42031e13f0f4b35feef48db8d52fa43203dd555c9b6dcad08249a8d4a2b846b8115d719bd9ca7d07b7162f6ad84f245156cc9a7e9fd50136ffeed8daefd08f6bb8aae52e3dca26137fa210e8225b0656c97d9e8c25751d1df67254efc6b4b2b1a2
1787431018.416042 vent discovery/pairing handshake (vent powered) RSSI spike: -63.5
  -> 255 40ab2edf5fe0b031dc3944564e2f909d5529a21c42fadd37297a02dbe28157fc9ac6c0e8f317c601aa91672612182217c1d7a17a316d9ba1c49fa61d01fa6eb0ce622be707d12f5a7a0b55421b447ef33669478278112ed39f5ed636e47cc732270eb36e92bbe114dee839c31c4cec811f33f4b1288d9dbfdabf7fabebc4eb325aefcc04908f62e32c7e0c76a1b6a60cd541a4601362e4dd708b2626074eb9c509a77aa5743054fb837535c21c77427b873baf006c3c35dbb75619de57357899be7d0c03f5a12cb8f84122c595f59619399d5b47ad908da31586dcc4e39bf781aec19f2dca6fcc30a07759529a2c2b9c8a730ffdd7cfd7fd36626cc4e2cdf2
1787431018.416311 vent discovery/pairing handshake (vent powered) RSSI spike: -60.0
  -> 255 a0042b6b3395f6e800b78d910ea4bab37047034e9a40bd4b1416a70b6110a63706103300d10db2812e5e5b335c6cea7fb8cdc2a6bb112bc2aa8bf00c43e5540354ecde2ffbf57cf1c76d5d45cdbf2c4f30acdfa44753030b2e1c25d63d8a52cf30fc1b6a3eddb285e57a5a9c8da98e4ad40009179ead1ee667207954ba19cdc86ba80f88e8fca5a8003fbfde155abbe57ec6b0441abddf101c902e38408ff948066ee998c7c1cdae58b65603203c6318e7184769f0edecc7dc2be5e7ba3ecb21330edf69c624d42040a46087fc4871887343ca31005f3d7e2877928c7932ae48410154370fecf1f715c9832cc4a74ea5f4210860620d9186b087d218f32079
1787431018.416575 vent discovery/pairing handshake (vent powered) RSSI spike: -59.5
  -> 255 42d2ca357026fa8b41eab24dc910c328a248bb64bfc6555da800691eac0c10cc948adfbd1f25b8a03931b8016f41dd0a83115caf0368f4afb2e130183e51a2f6e38b94ad6926c85af1e3eb1c48654fc8f9b84446a447786704d47dd64b86986716e406c8616fbe0db35bdfc43c6da28d3b3143ec2e1ce90916dfdeefb177ad9af012c6f689f86f16a2ec59120aa193da1bb43378d328a7fdb1b72b38c6a0b025b2bbf5d9d36d049f7775965e61bcfd970e2cecdefe52094b46205045ea2c1ee8a8297fbff4b96ec4389e3883da3fe49bfba20eed9b3b9bc86f03875eae924f5e40561b3a02480f5ec800390bf2a9ec1c3f3ba8be97308f6cdb5c637d00368c
1787431018.416812 vent discovery/pairing handshake (vent powered) RSSI spike: -54.5
  -> 255 ab84ee6644e32b5e8fb3c2d77bfd2e23c5a309fbd543718c3154c6693d7f632d875b151b8eb2848639d29501fb71708cd1b7dc7ddc14b56c1acbdd1dacff39645c14f535f01ac3bb2931857dd6132d4959ffa13d70b574d6b7ea4605bb6a30941e8e9c195bbc967c0f85297043a95b27e833699d732888e31279fa705192966b2574872b6adbceeac9cdbd0c89c6d20ca946ae261e0f132b0a22b5f9cce2ff465e1bfaae0fa2d6f8ffa76ec96729524ff7b5dee3a06b7238ad17ec853be4909233becf3c96a2f4b6499e0a04c1f9749e57e5d0df8312f08b033e5e890c7c11783702fa2ffd9d6f42f93baa7d07f18d8dee076ef8ff02e8aea1f90140eac63e
1787431018.417077 vent discovery/pairing handshake (vent powered) RSSI spike: -54.5
  -> 255 8b81835b01deb7398afed8d7839650416951917191621d9de812c9a5cd9ba6513f9d65fc96db38dd7fbac2e7d2fa7a25a0e2c5e70d3dc8d39ebcecca9f620c10a8c202b40c3db827ee5166d489b299cd55e34d30fa9337fbbd2d1c52e44bd121481dfc68455c0e7f9836a4f86d704f9ad2e8b55bc145df6c25c0b13c7ee7a71914a00532b059d10cac78c67ba885a85f895246e6d3d72f67652278b2e7a8def42c0b382edcc1636584233116661e0e2dcae29b5827ba547a44d861c28c59a591361f4c30fea3e874ab4da5cfef4d7ca0741f5e0bdf561f97e914fe6826f8b46912fd381f2a7253bfe003fda78d64b041c8e7f8b71900a68c0f052942c2b30d
1787431018.417345 vent discovery/pairing handshake (vent powered) RSSI spike: -76.5
  -> 255 14a55a72600352d8faf745406a93a63a690ecf8bc0f5c1405ddb391cf8154c7a946314eeb74fba316fda515f7742095482313e102d3e6615dd7ed5560f8c0ca682814361328bb37a3839a997950aee63264c9068359d781400b49df9ed120633b6ee33af3649b18e7c0525068bc011038b0a3895c0ae88e3142fa0e12506fdc151581e9211e864da08f9e51361356e21d7c414cd0d5635186e339902cd3101bbc976022e5e7bb69f23516799bb30f8193a6dc8f8600ee3429e9e29887a9efd75b61222fdc1d1099d51d8be33bdd5e78ed766a19fc367e7e807222d9514d5b96ca26774473316969193a23552e4129f21e33bc8bdc1a7c3538162e5ffd281b3
1787431018.476311 vent discovery/pairing handshake (vent powered) RSSI spike: -48.5
  -> 255 9fedbc8bc1806270db56f0471330f753a74f6b08577de6d27cf94ac917c711ab7e403c638a9b96e88b5f3a47a47a493ce3704963cf226e5aad8b7e710ddbdaea5cd30cd2635afd80c4ed86dfd2b0624f99cc7655f424c61e0cb5b4aead8a7794d4dcab3183e39fc4d949a8e9834eea906388aadd51135da3cf872c71c734c78ecbcf2848259fd9d032af5c808060f4ce5ac7c87e232c9a63bad03b97131e12aa7a17a01ed6199a81db00792e943765f21a7f8edf319b9d5a94daea196f7ca6e8fa8fd49aad3013a069830735278e50b48bf7ac4855fe42b8685b96e46001336afb347f8ebe404714e5ed4727f56818f35745332e7c6f9e08243266bdc1472d
1787431018.476563 vent discovery/pairing handshake (vent powered) RSSI spike: -48.5
  -> 255 64f46bf5d982b63de9ddb2092ea2f0a36d3fb3e5d81c991bbcbfc02a5f8c086dbe270182eb46f204be4e121192fd5ea0a5d8974b563f05165dd0dfd1fb9fe9306b5e493c0276ee995ece667cbd110fb8429543f07542c3080e17d6d7b7a0037003b3280fee989be8f27f6075076995b77d1211eb4217c0608d661bdec4ecf1735ea3fbc569f7f2d87d5ab4862bd7e07537dccb862c7dc89a17835d92f4f4359230005caa4169c88c5ef8c251cb17c50c9ee09f65a04a788405b2e6f4dd899cb3073b6518702f79ed0cbd37beda403d32334c19629cbb86812fd206d1cbc491b47af2470279b76b5b0d7131c0e75424701d0ac9fbffe1084b8b01993a00e8f7
1787431018.476842 vent discovery/pairing handshake (vent powered) RSSI spike: -48.5
  -> 255 325aa3ba1f27639035ccea66e6e2282b41b0071638cff30b3e18b8945b0681665a940160c9e75f710ef05fca341a7f9660b3263bf80e002790d3998cbd17df113e2bae0a67820e35f7ef1351b87f0e18e6989fc5de467a1c277839a1c8864127588a3cb18b3d382518097ee187464759e0589e808644c645a4dc277e2720f6dea0e30f03b550f67c96239a9cfcd9336a8641b2e14e0cc71267c400a29d032fc0f981bf0fcbfb19495f97ff07e6045558afe27457da88c94f101acf3c460cfaef1bfc940e566d179d3a3d6cd6949f88144f5e0c9716f4063a4be17e3f7daeb4ba3e795aa12bc27ed6c017b0ebf00797c0b6f3fee52d87135f74e983c9e847c4
1787431018.4771042 vent discovery/pairing handshake (vent powered) RSSI spike: -48.5
  -> 255 aa133ecc5bf55826e0e2d017ebec680ad1a20fe3a7b2a677a66d8e573cf07ec0dd5aa3b0c82e212c62cdc05b91bb05524d310982853610ea945db2a8a5faa7e88ba06820990b68506d9e24471596fe171b25a54f1c7a4ce99893888621b79c0dfb6311701099e6597498c874fecef6ac0cebd152fce87874943d3496336ed5cb97654655046b5d07d1d6e28079c43e82fc5dea5b5bcef1592470b17e3d642be63155dcb79c60cad8bc9d893cabccbd87501c88b3c66206ec4e52f3900f8f2e394dfd02b874612d795072dac5606fcfcf2fd54d1c7ba0db669e58491bf45def1455eea4022c6c37b23cdc73d958c8375709cbbfe4c7e6a2b1c938231b7bd888
1787431018.4773571 vent discovery/pairing handshake (vent powered) RSSI spike: -48.5
  -> 255 cfce909a2696b206812d5b7e2017a0eaca8b2db48b46ac1a64cd2333ddb8ef44cee69ea16a09cdcb80563d944d6e1d0824a4a7e02fd5c12d1eaad5866f6a2eaff905737e516cbdaa817878c9b53c597dc73c57313a18f8dd13c54265cefac7ea77d7f0440051cb866a5fbbd840c47d6c76da767df4886f669b05cbfebe1c0be30b7e2ae091a19e887fddfc8907f86e411eefecfa4176035c60e72e80f74b467c4623ea39be5f72743dfeef40630b965dd4252aeafa60b279c6a62de452ef467d74f0bf1867668c6210355fab2232c69ee5c9b561980225638a29346e4935a2c89a1da619e47281e4080070c45653bddd37d8fb532dc73995cc2ba58ffee978
1787431018.477637 vent discovery/pairing handshake (vent powered) RSSI spike: -48.5
  -> 255 dd2b8b8caff38613c8c736e2aaac33c649c96138d15e6f4e660da6cf718c5c452ec78c45730eb1ec4e500e5b5384fe411805e68b1156a7f904d70ef250ef3cacb4452c0206b0a492f03ab127b91a36ac54fe787f4f130da38d174ff06a473f9ce8255ad570e713eb732fee254e6a6da73e64ae81afbfa1bb0fd26e3a13ae989252fc0ba3c3ae3055cc46cbed23af92619c7c08312e4b043bb739c297b1c48f2e60115e02d5b457e7cc6613d054547e352ae7f6e6e5566c82234ce33cf78e1a87af5a8be736b240cd6ddadaf0b82db641450534c11e77e855bdb4639cd3e5861edcfe0f79c033067626dea5795fd4635ab94b626f0f6771e89fd926f1b6f788
1787431018.477907 vent discovery/pairing handshake (vent powered) RSSI spike: -49.0
  -> 255 2ad731ceef1db64b308be24be15bbc2c91e69d88fdfb598fe8597e1a846fafc7d8f7ede3c5af823ca3c6dd7681381d645712ef3521380c22f850f5a598d7bde6ddfbe20add3a498ccfc7b3e35d7ae7b7443d38076ed27de984d3d6e417ec9f818c012b305c43f0fec5fa1e07053a81e67d9aaee7cd36f1a49c93208d9a9c1dca79ba88f01e8d68ba7adc7aa15ee82dbf5c1970bb7fc4f7004f804cfccf65d5f2ddf6282cbb81054144ecd5be1a4f0c1555eb3523e59803c79fcaab9f031c42fe3d86b9619b74f9a0368a70d72f40c043bccdc19a9fde052b8d19e827b76d00e93961a805f90e10e03e6479ba4fbbf47d38f22260b29bb5eccba8607a02d555
1787431018.478176 vent discovery/pairing handshake (vent powered) RSSI spike: -49.0
  -> 255 f217677ef06703f0cf9de4f833e8485343641257bb9e928f67d842598b497c25a9844a539846eda3651544745f212b68dbeeaf4a6ac72efb1911dbc7ce1ee0b4115df9f08e0d0a64e54810f11ee318f69af6baffbd29f5bd027bd6610c3abfb97fe43678ea0bc2cf14ccb7407047a714043304641f0440a86316613ff7f3d1833a742e59eea1eeadf3c3aaf0d821977c33ba6def1ccdcd2a3f168cfa451c694c39ea12bd5f38a0c672fd9fca90562c563d5cd979a2ab26c8bc527409615f86c706fcae38c6e3ae333d3eb6aa17b4d0412fdc93c7b7939aca8e0a03dfa00277286900bf90d8046e77f41e4b08dc115124cb5a35de218f0c6f7201b03caf36f0
1787431018.478416 vent discovery/pairing handshake (vent powered) RSSI spike: -49.0
  -> 255 08ecb926604697800543db803179f155979cb863569e49980fac9c09fed0be3f6928e498290645632929f99901860b56d6b4bba9bc6a6e01c3599cf5b426739da3ebbc9e806be9455818df3cc90526f25a9c9046d014a78020eafc08514aa2102d96a6362998a3f8cf62fdc50e8107ba7d2a503430d6b719e4506af3aeec9cca416b59ef23a5ac51e4fad83806168c1c4598a7f88b76caab63a0d18e80279c34c07caba9d0bb1b09ef1655548c53168787c27ffc51ac22de17fecaad9f751a07f41719c006f608d568f0dc16c50b1f764e73df1f2b0fa156f89d2a5bdf98d2529a0691b6c7d98b6424cda13fa78197b942b45d1be903efdd6ca4ca5e10d124
1787431018.478694 vent discovery/pairing handshake (vent powered) RSSI spike: -48.5
  -> 255 1e175c12319e67e4cc09823e284be6e68902bc0389433f90485a3e429e039fa5bd3b1471e6a1511823fa20b28ffa7f54fd011b74788e062b7b70c664d440fb4074236c087110e638ae12771277095756d9d056cfb4703227bc082008f9912865c5981f3ba0246e9a1ab9b1061db4147a77eddb3adb654b10b161c261036c27eb59586dcbd56a9a4427ab764d6177897b55fe97308a2adf944b329d03948a778fbd15e7e9c7ac47ba9cb0ea7ffbe1043a14889d419d42846a5c99789ed1fb75f9e1bd8d4a998e7f8f1a37c88c7b607687f2b8de1c2fc7fe271656d3e7972754f9f36bb75ba41ec66f8fece83c1b8d2c808b55adfc210f917f44e7003a8a3dbb
1787431018.478955 vent discovery/pairing handshake (vent powered) RSSI spike: -49.0
  -> 255 c5ad8e93f9c253ea4c611205a2ffc2d68823472289ab3d7ac867e88267b893643cc9d16b33c30d50ad62aed1eaf3a4355e5d916deabb1ecf7b8db90f51c8d68fc44206d1b0087151c41887593eff033c22b4e4bdea80fefa743928470313f0ef5a63eddf40f56dd5a144e86272303510bc739ad4ba62f24529bc0282f9b8f75d2a2489f551a77232c4aab8ff4e6fd147491b8b333ae379ff4be6eabd1561044cca72334b321ed6c4a93e49e237097af814fdeba5008d7adb2554336cf6b8613ef7f814e0a261a23b40d6d619d7f5e4c92b2e0beb04a9087d014e58c7c44ee4ddda3c021d82086f2e12c3c8e7341218d709f520f0d980778d2e6b2f19e0a9ef
1787431018.479213 vent discovery/pairing handshake (vent powered) RSSI spike: -48.5
  -> 255 54931a94817f982bcac48357b61c986fb6c6bbe36ccc6d320410ee8c0da5e567adaf6be1e2e16f98bb0ab9cdf8b49c40cf0ad71f60f3ed363026b9772b20529b6bf243a8ea68cb7e231304ba855ce486c6ecc8f195c0cefbe48a5043239da6acc03823d47845e2662e983dec275c8f0d458d1176e6363e9d64601997822191529bd0c18974485c1d15c22d70eb76bd17c7d1733dfc7088706aa71010e0d3240c4e0b16df5881b76a0526c0bff4248d8cbf3db26bc61505d29a7a82294c05d3130654879b31e4d93d82c48b4b996cdacc25398df6dce5d59e6d4802aa69ef7c24123f8528b23fe354b9ee1e69ce473454d2018a562c275a3347f8ddd02d9969
1787431018.4794612 vent discovery/pairing handshake (vent powered) RSSI spike: -49.0
  -> 255 06987f4f743728acf90deb5ca5cf2652dacc96854e73bc50d95c3cd718c18890a0dcd16d8ce56044ca989a4f337494576c674b455a594c09b62601317e976a272fd29e3f8b4496ebb0e5eff6611138b07cd3b2fbed2dab5ac0fb09fd379e5f8e90967c3a7d42106cfe22c17f49bffc108962d42bed0092603b622e420cc602200fb28b15388819af58d1abe58d251b7716dda6f8c61dbf22dc9a268e36835aa2eca2daf995266e9703eeb1136b15472451ad03fad9f83dcf048835823f93181c8ce2c667b9b230997b5c1e6e8301820fe3f05aea341e5b6d8ea695b81dbc37e69828bd9036f24a3132f4183b9302ff4c76130cec5f4a1eb6bed74768144b11
1787431018.479719 vent discovery/pairing handshake (vent powered) RSSI spike: -48.5
  -> 255 f6e4372ebcff90fae3e06acb87ec09f56edd48b3cb7fa126709d78a127e7d78584f9c8b0e5d0c739544f63e60b024dd595bec1c89863f9f3aad1f0ac4de97bc8711ad3079dd66dfe5e27888f29be2411723c6cd99080d7be10fc284fde964df37b01d554c116bb34d740bd058acd46aec9809052105c343dc46faaa67215ab52e482131f4da0958418934c6a0b5b92050ec51f19c08de704ffc63fcf965fb656da3134837442a2b6856fbb1bb48e68ac76decec801c6ef34b832cc2836a2de7ea3151ec4f47dcdca62824a9a6f6703a3eefb8c22c190e28627fefd35a455a5797d68d557fb15ef7ca28e821b731480b02d13f0440beeb2faf48a9d216d618a
1787431018.479955 vent discovery/pairing handshake (vent powered) RSSI spike: -49.0
  -> 255 f6ee39ccd2e9353e19ecea2e2c962d6dd13e64c3f0c9aa8040f82be0987af01980bbf63b1e508521793fbcf2a0c28dea76e2cffd92ff4dfaf294940fc1a6194f3a7441a82b271bd64dd2d824833bb053f26fcca799016f6f7cfd2afb1cfcbe3fa8a82c106f0012146e98fc47c8e9eeec792deca4274fbda085777c742493151cb9053a24bf7fa4af7c7c0685ebe1bcbfb15bd7816b8ee8fd52317bb2fe29d10ee72824304d360ecc1643af7c806e37afab43349fc72aa3002b5107876a540badbebedd5fc480222fe0461e0be68b16fbcea00a2d5c6e3a6a328894320ad8b6096c1c571481055ad0977b3fb362d5913d242de0d35994aec1fbe19660f5dd6b
1787431018.4802759 vent discovery/pairing handshake (vent powered) RSSI spike: -48.5
  -> 255 45755a8bb5fba038fec82df7db004a645f99e1fa70b9abab848e0a070dc58f38bafffea2261633a1cf2f32890210507c5de3327f7c5449503e2a64f41511a3983f9a6384225fda1364b09ac4e2ef4f37ece4b32e522e6efe823d26d4a23c0b6062f26759594947a54112c445b3108e87e21bd2feea410a08b705a2b77ef2c9c85f44965e883aae3e303f48467a2b029021086cfbd60dc139a9a4159cbc40ddc75317616f7ae3bff196528ab4d489d72bdf8b2123787afce870e0824897812ee7321d9395e5c1122beffdd4723c65b6c47fceb98044821cb509bb9811846c584100bd3a42663841dd16d8289f4bc0886d42dcc3c233cfc5415e3509c875f1f5
1787431018.480588 vent discovery/pairing handshake (vent powered) RSSI spike: -49.5
  -> 255 a5daeab74cd1a08dd18bad3cd5dabdafa1cc019c1cb316769948f5705ac348d802b6b25df3e96fa14e56705758148671d0e30c97c6d38a0be1a1b99231c3af771b4e4e43da2630735a5aefb1371f231079a6ec98d015034da8d90dc0826cb0fe32c563e9fafb36d0031f2334643dff7c1663dce3e5a29e76cf82d9f53cbe57f92ef0681cacebdf4fc4c43c16bb3f7991687aa04b35a28565affe5d8cac421f8cb8b987c55da27a333bc576d61a252f1e42f65e93e665d8f16ca21587f6d3e2e1b6c3e2d954d4e3e192fd082a4bb38d29825e86933011c59271ae6026b160571a77470280ded3940da8836143818b35462ebced3885227eafc98f76a3c850f7
1787431018.480883 vent discovery/pairing handshake (vent powered) RSSI spike: -48.5
  -> 255 fcce0df595bd98eb2af65f59efe2563f8cfffb12d0ce4dd5f864d7d50ad4522c5a893b41e5a1bd4788a791600138d4119dcfaf57f16ae4760d8539a8f86cf12b7952b029937b0791fe7e0d3e7f1784228093c1a2e063e2780d679ad4ff32ad0a8fd656040bc0bfe16aabe04b1d30013dcb9e9923fb9cf6e0c2d635182ae8a4a16e9b66a7d6b76f71bd59e6c984e1552d36698644fabe2b45084a1c0cd8738697dbc0fdcfcf249902aacd4d502f9acb53b944ef4a5e32a499f19884f67e8ded139b3a7107394c795098624773eb8c223156f6926f688c8f2815dfbc8d4d764b7d794a296c3545b40c4a5626a6af5eb7601e85f0fb70c89ae2f80f7707c763e1
1787431018.481181 vent discovery/pairing handshake (vent powered) RSSI spike: -48.5
  -> 255 f6248b865581c58753d1f6eeaa45b91e61abd1225252b8015421bccfab71e12e9b3ea8d05e86150e4776a9fd9a4641052c892f7ba21244dd5202f7b7d8b4a783d30e971a78c846d1b39291a342ce0c7945768f8d32dda4764256a62a280c7bb1b20de4f653b8b64c9b69f260df2fb4636128691b10878dec728703be4101d2ee8ee642b89065611c324a021a064ebaaac455bb7ac134130f207ae45694e3f53366694ac42bff9092f9d99cc7f25f3406e2637421e5fafdef93a855278369fa120df587aad0f8e7944e7ad1c0cf9ca8399411f9ab16515c4b0c32a242678f619de90a51f2b5329720433689877e53bbeaaabb005c47fcc195ecbaa7cdb05491
1787431018.481441 vent discovery/pairing handshake (vent powered) RSSI spike: -48.0
  -> 255 4abd92e368bf63ab8aaf5d1bb4d36c31319b6f590d3e9175f1011d1ff136e96bdedf7f2e41e68779ea2d510f1e6fdfac57fd847fb257cd6263b95532893a9c416e1e466d2c103ddf96783ba126c405584e2f2cc18b99448b8a381134fe40af103b54f5e88ad1c769222f7c39151f808afdedfd296d6f2d6b9bf1f9d38fd1f3f4b0ce2902f9e33038b9cd37540cbf7aa3c33b46ac200b038b5b3620b337ba88d4b152576ccc515abfddd57e322667eb83619f930617c5d9dddb558e652909b403d8edaa82bb0544f6d1d8b789be2b79cf1d42678c0345325e316145f338dd35c6251a5794425ee98de4ff07e627097a22e9e0ebe39faaaf49a405856dd42548
1787431018.4816918 vent discovery/pairing handshake (vent powered) RSSI spike: -49.0
  -> 255 0149edbe5853bdc669144dabf564ea20ca80cac1ce0231ac0ba16e605b7b3bd97297020736a76de4edf7fef0354d89f4d51ac428bd91c741fe83c698040c541d9f5e044d336bd457341a82381b1bee69de960c800886a97e7829384a743225ac734490a6afa325667e30058ad20c398dc74897e127d3843926e3f9446a520d0ad1dcfa7500583fb087c050bda04795fd0007c7a7bcd8627a1b3975f5ef63c2394fbfe6a080642a423bc361d434c671885f63fc8be52c7521b2157a46f1a7e3b0c073309e3f767d376be259b6b45d6f98c95d73371715bdd103a6c7f7a06ff33f1688ad43b9d3153bc68069bd65708dc3ffabf8e21887172751a2e3e83f1419
1787431018.481947 vent discovery/pairing handshake (vent powered) RSSI spike: -48.5
  -> 255 4c5c9ee16cd63b88354e7be6eb4505f59f06dffd27cb69337f1ba10cc407d73dc9f681392512fed5441ef12924fdd0441d90d74d169c91b42f0d0eae686e63274ae4efa8cdb9cc0a6e6417826d3cf884838f7291769ed800a60d1624b9bf21026f4f83ce18a0ac02682bc9086d3d0491729bad2a07674f0cb9d5a16e2d87241da2ed7da40843dc96d3241d3fb29e1a64c29ddcf58e148d7c758534fe8b62f35f308ddec78b3deb6b88a366305df610ba13ceaf99813e217971ae10a6991a8ee25af564fa677da713c191cbc4af7f35ca980ed7fd40d69af4f3d154011d5979f3009949176bad89c8eeb238d30c0b258f9143fed862fcbc10547e1ce2a82ada
1787431018.482194 vent discovery/pairing handshake (vent powered) RSSI spike: -49.0
  -> 255 ea569c50d8c96728bfed80284298910ffd120b5b744cf4415efd4d7cc9279b2b8677769f823e3f5ff6725232940d94367674d27b4b9f88fb43d142780b901efe6f94344766859f0629202a0a3858e270081d279e803670d2cd64fb98f767e688c44de2837899451c3857b742cb4b47e4ac58a77ae1083e1fda12c33f23617b988d5f844b7f98cbc7a813e6e9333ab9453bdc847a5d3a58daf65f95b24b9e1dc291fe1c67409a15204d8bbe8331ef8d7f268fa8b164ebdee395afd8067bf71b2886a6da43dcb53aba38e937f899c13d996cb863392b9c903efb814d6fa81d45f6734d4e150a2db36e58251e1cd868e9eee1baeef997b8fbd1af52a4358e19fd
1787431018.482463 vent discovery/pairing handshake (vent powered) RSSI spike: -48.0
  -> 255 97d0f9fa7477266c6c5cf221da3821daf20d3a512115fa46559c99326da2a93ead6ca2357a13a4503ed335b1cd0356477afb7c7d3a65460bd86582130323111b517096705fad24bc402c18c1420255d7d1952bf838b4ca48674ab4ef83dccc359a91e774b478dc76bcbb6c0704042a0bf78c3a86e934bfdb9a17cf387d1e6b50e1047808ca794821e3c266a4cdf39ca69d54116dc7ba54b7fd913a11460688f19d72be070a733f6ae3ff3028db47590847a5c8777a7ab43a60720c5f323880cf010e4cd9b9134df7bb9e49113afbb6295f21f9cb0830d8cde98c0095e1eb188413ee02ca6661b0beeee3243037e6f9952eb25bbe6a6ed4cbaa2bacb05dcb56
1787431018.4827478 vent discovery/pairing handshake (vent powered) RSSI spike: -49.0
  -> 255 6dafa75e3e926dfc62d9b04a67c2ff9e321b075fec5086d5540180f8dab5fa114f53fd8a627463a27286cca2b3f6ea782d61fa0666f039c797ea0b3fc077d26994bd5f93d4ac2055a014ff18ef58d0fd18405b7a018d88c05a9dcc6e36e5e367807efee73a351f29f312fbdbe95af37e4f5b72a800ed87a62524028f6a79cfe4ba75a3337d519d9b81d05b32e629cc3f2e627f06ea7924a02771aedf266de6f0cec26f78ab87ce0d316373541cdc371845b11bec23bd2093620d93436052efda6f52462072575b636dd3741a9f4b88d30d18b287c511c688090c2d17a0701e2dc1efb0c2aa28c8b71cbe4fe1ef35e81e13243258659899d0a65c52732a5f9a
1787431018.4829829 vent discovery/pairing handshake (vent powered) RSSI spike: -48.5
  -> 255 0a27cd8e6fce089505827305bbcc99df42bf47519868e61ab372ba21dfa8a78ae903969b7fbeac63424234ae95fe53697c0b2e37956e5acf3f20e4cac13466fa9afe9259892e6c62143b5b66fb0156886977dba1f2f39f6d6616b62114773ca5c596c78012002c148be3f32a5db9543ffa233c68b72d39061b99a35e1d3ff6b4165af97a2789b1dae7a5058871baf68ec3101ade344d6ee1817ef0dfb20d2a8a62cb1e56e788a57f7bde17b2e3198e4b06ea060f5e5793ba8d52b8bbe715f0c14830eccded25a1d48fd91054096ac86353df12a692e74ab2886b5015060adf5f941bdc1b0f001bd25ce24c118ad5b20780e52cbb9560ac34c25962d01180af
1787431018.483308 vent discovery/pairing handshake (vent powered) RSSI spike: -49.0
  -> 255 89bcc4750c0e6c8e7c7bb07a0173abfdb5e9409418793a71d9c643a7f2e01fbc68547dafefed01a8f704796d4dc28b98951087b10f14af765f566769b34d18faae2132668e1730ecc9ecdf3060d3c0c6b454f77939d93547c0f9aa6acdc2999aea426b196828446515362fd29a469cf5bca964cf7ad0b28f62b594f7b6769bae67d6503e0dd5762c2d86250c602231b9af2b9ea7bca54937d2d0bf33b707ba83b318d96e4b4c46dc5caec6f168b91f33255736cea72cbafd7d2b2502c167aef57f387cfbcb23f40c151a0235ae179079edb21f25f660e37c58431b3588ff32e40c9fadc71ffb8236e2c6454ff8a8094a9103f5eccedc2bb1fcd4807769a565
1787431018.483567 vent discovery/pairing handshake (vent powered) RSSI spike: -49.0
  -> 255 fedd5aba3e5577f0f73fc11e04f16460f12b56b655813ca148e63ed1c6116c33cea0ae1db5aa42754a1b00b724e420668cf361ebfe8e8969476acd0197cd2cb6d1ccdbc85b3d9c7f75fccf997ca0c9f02bb752d97eeec7029b3c9108aad264f7c374ded4e71bfc32f4621841d35a8308bb17d903888fda6d4b1331f71a7fe6f9a3e4ccccbca60fe8708733e5991960e0e8defac8926283a4ad0ee9087e15b103357b06d973c7dfb896f5fcd4598ade33889d1f72345d500db0b9009b1ec776f1d92cfd8a8cf172931b6f4600611e41df67e3575bd91aa12277f8387f529aa9910a37366231e249a0fae31832d363f92680e3012ecb7fa458aa04f09cdf2bcb
1787431018.483819 vent discovery/pairing handshake (vent powered) RSSI spike: -48.5
  -> 255 c6a67919b748801442f37fdf667056e9621875f29b275885998945893c76b486faf136f2055ed1995bb063d33ed9fd134edf71e6acac7700c0f42581dd177fcf9dfa9bc317f4a3156cb041172791cc0e94b0f71e4ef7cb71bd1432c62bd1970bdfa2b90408d2790d8721f012983a1b144f28f98b6a1fbe70bbd4c36b30df80483cc82b359c2a1c573f9419d66579e675d23f84834ea6a089e0aa72af23b8ba686a09c4dfe970a5f5db51e09b7b90e63970f4a4681ba6b73874e151e1d3ddf3e8fd4f4813bd8bb643e2826b27c6e80c098e0ff2fac48e8e458f438bf7b524257d091e70f12fb78bc731fb213541df48f3063e152e486707bdf12056b0b992dc
1787431018.484065 vent discovery/pairing handshake (vent powered) RSSI spike: -48.5
  -> 255 1b49179bb160d4311fce1c15394dadae90eecebc29a6b4091b26ce089728b3920ce50b8bfe44eac383579a2ba0fe5dd68018fe969ee566f6b90eb2228119ab72d462fd780c47ccf1532969047e76be794558d63d2f1b1c73fa86e6f8663d1df58e41dd7317fe73079f7c0af1109a1394607eb3dafdc3e7b7b6b9787ee8ec4e7561503d38834f3489c9d9f53826a411d35ab109ba06d96aa8df2b973d6c6fb117277207a799fd2377eb082feb6bdc98eda12c90a85cc7db09a7722bdad4d80258b1efef75df61112021e972a80c802642349afd8d3122b93a10ba9e6035eea83017fd7c607545799c64eecc73b7c064ea022a93a46a149916c9d4f24ecb85bd
1787431018.48435 vent discovery/pairing handshake (vent powered) RSSI spike: -49.0
  -> 255 93e56a72a4323e92434a739e8f1e328cc569c19125ce784af1e8ca02322a331925a725dfd3b3c2ea4a1aab406448ccfb2439a26e9987454fea430eab9d27d722fbcf97d0254eabc1830509bbd3132f48b058befd8b26e1964cec3c6cfeb029891d4a8142269e3671e0d871b9a3a2b0a21d6e2fe36f536bdcbafa5b4d1a0985a55c1fe343a3f09bf39f4ffda295127d771efb387966f64100c9907a76b7ee05a0d6ba2c7fae855e0c8954780cdb7dafb83487637bb075e01dbfebaa0d1679e699bac4dd3ec97cdd7bf3fe8aab95b60da3b631c7295ace966da233bd2e30ff5405a0d9a0ffb53f8c0e8397fc81305702d8f839634f8bcca6b494124d1643f39d
1787431018.484612 vent discovery/pairing handshake (vent powered) RSSI spike: -48.5
  -> 255 caec1248fae867cf6ea5e2bac4c76dc62d4ff01c716c7e2dc7e143b5627a43a7cec6601b5d21658e37051fb58137056ecbde42794bb13c36724cb9a93ecad69d1e97499c85e0109cfa75cc208132f2719a5c78097c6eaea77ad8c6fbf8fa392e8f9b659b2e9dd01a6c51894974b1f4aeee0abc6fe7d1d59b22a57e2eafb566f19d1192e5cdb3f855aab3bce41ec4cc94082abfc98074e19c41c9d60797c8b7a7cda4fd40f4a546161bb4f7919872454b2f939fa36a1c39d326d10bcc5bee2c1754e8523796e743dfc9c11b1e053ebd5dc7ce3e69586d5daec15c9f037f4e1ebd031af70cdb2a1ce6f515d30804ab3b81f4c32ecf3b52d5b06d3f31a7c41b41
1787431018.484898 vent discovery/pairing handshake (vent powered) RSSI spike: -48.5
  -> 255 096ffc6910c1c43465d9d7c67ae88e4c31af49047fa0a93f09d04a73d5ee81996dececb13f4e83b08882b100245fe1915c3687fe68e0cc6ba62b79bf873aa2543286196f7f3f17e6f1caa26c2c2526b6878b8bfe5962161ec975b5f60b690053a8a078f8677b26a3f017fdd1d96dc169538b66282b9f3fc90760a758ca17d371814b72c12a731291eca79d72e577872b0987fd6de03d183f3d230bd33618427ca5092b5737878320833f1d5587c32cc2628b062950286828fe299935c602ec2360dc771ccb9c500d6e2d5e7e70a877da4bf476b6d17fb7049054bfbc01a4266ff12146dbd7b54f39ec198f5381227a249c5f3bd6899d9a41673e6620b67994
1787431018.4852202 vent discovery/pairing handshake (vent powered) RSSI spike: -48.5
  -> 255 8669c57abcdb000ad7ba874aa08a517a86720c9ab58c0981b1ab2350df86de25d1a7a8ab29cb9cb467d0cb8d8f4014a0301cd4112866db0707aeb26f845c6af8f11b82904779e03fbb158db28ad60c8fb535ad23f73800293bd8420d316a1c62feaeedefd4cfd7cdbd5f34269f4cf90391e6ec13d5b021760df0db1fcbb9a2574af803e50febc89809bca903bc3f8b7f1793234743ddaf008e95af740b5c935b418bafb9baf4c679bfe0db771cf07da90460e526d04cb9a09d951953378aa326211e1684462594783826c0d0647ed3ff8e9f07a1274e9ad55779f141f4b8eb847a0145818726d6c8dc19fde3ea7301520a4e43b93a74639fd44775456ec902
1787431018.485499 vent discovery/pairing handshake (vent powered) RSSI spike: -49.0
  -> 255 57f7309cab0f424ea1bbd7be4a52f08aaf8c296fc9a2858c26ea2a5eb2c5448beb791fecceecaba3f79fb2cd83fd24aee2973fdab19772a3ea0efd8eba28b4eba3fc8ea0cc291722b1aefbaacbffa2dda4ad5cebbe0192e90b4d7dbbad505d6ad7aab10d131e3c5e81295c26ad93c1945ddb279a34df2a7f003aebc8abb1866568df13a1eb58ca08823ae44b2286556919fe76144f16872088b178cd4830864cc05d472dc27a2da4c792f4c10c7ac7a8310d780492d7f82a9ee9787878f1a02f9744715c7e1adc072adb35ffded1f3219d6e1607097179bf790e33cba2da4a7a28f30e2a9ae6a183976806d6fed0e2802b5f56ba5a2a14e9bba0ca8df0991d
1787431018.485776 vent discovery/pairing handshake (vent powered) RSSI spike: -49.0
  -> 255 882b8f3fad767fb462b4255b11119e317fea612518fc2c491aa52b4e0c2ed61b879e214ea8fbb12ae645e4093750671371183c1432e55e73180898c3459428f5879a93a645a268f90c406c3e36bc214de96bb8c6c618d7ff8fd02f315ee7c082ce026df599cfa9de570b649569c59645b36a972564994f64910e07aace5bf900b507ecc8f100dcb40c43cc8c600c2367eea86e76a981f721d41aca3110289a5a4d661e69246c96a45873918f3f2d6c6a4b7461fccb1966887b0e6fac7baa234ee053c7771fdf7f930adc158a151fb1d496646731796665b1bd4722a1ddcab313ff92b4e7b819bd477356e3f0b59818a09313f928240d28e69d718474364c9f
1787431018.486022 vent discovery/pairing handshake (vent powered) RSSI spike: -48.5
  -> 255 73b67487a3b8c2c84202203f0556de6a6aff9d8720a28c8100e16f7f27b6ae0b3289e388121d761429b25c83b0f300686407a3c7bf6d7c0e8f70c279c620813b3dcc8e1b73740f58641d934261ce30216fdd857a53436fd2ed48fc960c08adb253479d2f0a714a57d6a7e33e989b445a778b70b27f1d123d3e6655f27c96e2758fafe9f297c08dfa2b8e2eaa68420599fe65d3d85c39c0ca409e9d0c716ca8d2c2bf8dc72a6283bd6920ed07c5c18ef0b5425939f22c728b5ec472ae0480d9b9ffdab42b0a96ab4670e7bde92911dfab72e084db6e05ed759b2b12e31acb179558d24685c223a84423b4e0e4945bd7c106c7aefcd5355ff03b7ad47a3300c6
1787431018.486321 vent discovery/pairing handshake (vent powered) RSSI spike: -48.5
  -> 255 6603f9febccc6e7673ee30c66f3433473316c7f326522a8ce2e33b9f9bdee7ba528aafc10f882e7522c9b870598b36ee3aa7347ad8aa6fc9d31da9e03c0598a97c955bc3d335087b6bd7e1fae53891d8dd9e5f0e6cc61251c019e0a8af4ea9b667bab080336c89815f608305cbed61d98ab5c557d52e28ffa5b18e04a0cf6af34b696de9436f196abaac57fc9ce0d8d115ff052211c11e7f9d05c050e7410b6567e3d79fbf2b21a33bb25e1d51fe5f1a38dad8902e336847c09f9758f97af9df9498e1bdf988bd53a61384bd9d92a0e4f684874757558620d16f4695320ed8ddfadcf935e2e78595f6b1dcd1cc7ac731097442f83901252b62e4c4bd7ef1ef
1787431018.486603 vent discovery/pairing handshake (vent powered) RSSI spike: -49.0
  -> 255 3a44bf920db92490926975f3388e854df67d03b96f828645c23bb79d58676c0ae5b781bc4d6e959ae6dac8d78df44cbdfbebe125551b8cb019f34c2057fcc5064f3f7c9dc9145975f93a22d338d00abe869f2ad886fc1f27bbdd1a9fa0b96a4bb50b31fc023240292d4d235d025f77f664e2b2b2bf33f316db976ca84e691bc0fbb1301f13439ac1a8c1d652938171abfe97484766ab38fdb91ca5150dbd9850f739d3fc4121396f7fc5b5f5ab339193b02cfe04bd2840c584dc3fdf67a3e9c63ea2b14fef61fd7ece1d7b2eceb6e04a0761f74013f8e4af2cb49f018055e9a596112565502bc8bf7fc8f119c849feb86ee45c561182a30336789637cb8701
1787431018.486838 vent discovery/pairing handshake (vent powered) RSSI spike: -49.0
  -> 255 79d0acdef178dd75ed81b1a87944f96bf83381640d2f96838c44982c44934d8fcc360964adde535e89ff1d0dc5abae7ddbee71615d4b537d4428f1662b94cfef010675349b2c8a6639a5dff9cf67482d395d809566cf6a50771dfd5f5815fcbef33f97047a628bf6e5964d37504821237f2adc7c5fe71844119c6db81953b3339d2f8a6efcee69c69cdbb33b48f6ef2c9e302b6510d9e5d7c73a1f67971f9b3361bf2991c27d339a4c593b022bfb38a2a2660ca8bbf51c3ba3d86b84f4effea0f90f5e8fbe96ad09b8f60b7c50e059099518eb4bcf8e3273edade3104d707d3f01982dfb66264e6c1383eba5bcf96e37894a3151a904ced33bffb6c621bd93
1787431018.487116 vent discovery/pairing handshake (vent powered) RSSI spike: -48.5
  -> 255 c2110f33954934edebfb6df80584564f3851d2af4dc5f59a71aa01a72fb25fc96c873fffa48bfd4a7d9dbad0438ea3907426d72184922af05d2899bf9014687829006291c93472358a071fcff7ba2a3ddb083b6c465d1a63d9d7e93ad2282cd7e117ff64ec0aee4d0384ae5be8ebfef4635cf2f0cb13e4d2e1b0d2b674666a1c01fb45d4d03c5b2187cd1334cf28d2728f40f621a70033e3b41b808ec5913aa3afcf200ff9627630db0336cb6f8e0fae060b382013df39b34621ec927e974d39f249dd69b24a89937971495ac5f364bdc6f1d7ca5a95212099210b542bed13addb427d72f7e48701ed04f87a760384a435e49a9709a274d3cf4a1bf83badae
1787431018.4873931 vent discovery/pairing handshake (vent powered) RSSI spike: -48.5
  -> 255 2754b11d453f2257908d233e6c183267deecab6b0fac98f705503e2c89dcb6a95be8fd2d37a45bf17ec24dc5a2036a69dd4c909fba924dfc1bf48313cfd62972446134bcd26b0ccb1d0b0498a09ca3669f3b3f8068a93bc21da20fee0c42b6d13b2450252305cae82913f5954084e37fc782511a27194b15056321cb65d9726c64d7e0859e84286d524c8eb386b7dd50eb6f8dddbd0db985f1ddea3dbc242b93a515a4d9d40c213508508ffb4e8fa8d01fc0cd648476947056752f2341b3e2295ec00da5b11d592d97f12638ff373e444175355d967d337444e72feb615ea2dafff7559a755c71dce539de3c5f20b9354701fa65c0f13563ac72797d064379
1787431018.487644 vent discovery/pairing handshake (vent powered) RSSI spike: -48.0
  -> 255 48c0ef6d1606d0590a141b48f0730f8a7d7d78f9c3ec08accfcd8461adc5ef639c0638d71f048f83851892ffdef53ffbf2b086057c20a113883a85709a8c9b012afeaa726c8fd35826cfbb135785029e5529874c84c1edd22f85dbfd6e775a03a39d3e9bc8ed679d964001bcf6d2037549cfdd370eb62b36aab6f046d0d7f7bb93677bb9435562d8f23d69df83850547ec5c8a11494849ab46e3ed02b6b15731f83656e95567d8d0a4fccbe77b589e9d6659a3065e74020a54f7b5b2a284d9ed8925efc64ca2fec7256c4ed4fd81b4f360dfdabffc3a92535ff2c6e2ac9013aa06e757dfe9d7459ce98fcebb762832329d972a91db37d3022467f6cc71bf77
1787431018.487905 vent discovery/pairing handshake (vent powered) RSSI spike: -48.5
  -> 255 90a1cc4fd59919926861040b0f059ce33e79dd930d924de1e041bf870b129c9e016f03398b8a2291bc60cc91c138e9fccf1fe8f1b8eb4d7149bd922a4cef43da218999a14ec4cf88a381fcdcc83b38e4523ff355930958576445e6153cdf41a01cf623ca879d481a1c584ee87ff0737c303e50a3508fc098864e8e22c9035249d2605451eb96af1643b12e4ee3e03af6f0ec4f8cafe8979e20a5c71de247ab8df698a25c8d904742750d3fef11f87b2b0404517c2506068c9e549266cf6260f0a5c657870366d713cab074d5674b9dbafff0ecf7e01cb430bdd73a49cbdb6b787e44053583fe06dc05c305e9fa718a822aa9061ed42c982879a83142cc7e75
1787431018.488199 vent discovery/pairing handshake (vent powered) RSSI spike: -48.5
  -> 255 b648b983180a5ebe4e8baea00ad9060617c51665bce62c0339107a7937178c70ce3e731e749a7152c3876059e880e88df7f5c5136583cd6155cf38a04025e0d343690e786b544cebdf689e6fa1c421568e6b8794aae0653e9f861e9e8807cefe9d3d87f85641e0e380796ab384b5bee75de32b898ada20ea3f6350f07a3b14777854a823bbe55d922724ae62e0b49a0365905aff5d2efadc51a8ba6cc5d41260ad03a1c2f1e5a433b49fd8867d0061b29d58a9d67f14b23cdf97dc7991cb333fb347bc2849c7fa237c33040250ebdcb3da7421ec89dac1fb8d2a3ce4e3ab187458191c7a444dd126233f5f9f422557e0f6ee7f51a69e9c3d3b591817df3fba
1787431018.488481 vent discovery/pairing handshake (vent powered) RSSI spike: -49.0
  -> 255 776a424140f83516e469dbef042035e40b0c2d68206e7a941e73364c7e75147eb319713f634a8c107db40288693b1f4a99f99077f16d6b04c7a86b8ef78f3e16957c612c412489ec917fb74e97e56bdb611da6197cac6923ead4ffe979b8dad711a7b9ada31c31977edfafc8a4861d084a93d89c2325af6626c85d1477c1172d32420b0088acd96c162c8cb5e302efd1b2991e4d353599c925a7b0bd267a58f5c5248f55284ef063dba7c9c3dd44b5c455a71692a8e80c54385dac69029e251b28bb7ccb6d04da0f9a8578c68419118bb92fdaee47f5490b9d3dfd58d01caf52b544cf131acd176f906869ca69b9e2e9c1a85aaaa4d4d4d3e97a4f06e89013
1787431018.4887161 vent discovery/pairing handshake (vent powered) RSSI spike: -48.5
  -> 255 d7d17fcd042fc2570be0e924f3219ae83d9d7eefb5e2c833e444070883d9c92c1fd66454250d75c8786383b4f7b3984659df7be23187073ed041bb6c5ca2c4d2bcb523ff5f0528f39f5edd06fbb00d781b68baf332e619d132f7bbe9cacbe2ac32807b2cc85a71465459316058eb43afabd4ea13e0634e217b4d9ce3c3169115a2805a45c557d8c837eabf51afbc335cb86887057a9367b71087cc160997c852df277930099813bcfc2542b1c7734576b36c3afa67f68ef8177bbf6610bb5156d6038063c3d1934f47a6285792f78002194c25e432bf4f8784b696f52d4f8320f68f8d3cd67fdd3966e98048ef1ba4c480fc75b789f6566357cf5a7256a57b
1787431018.4890041 vent discovery/pairing handshake (vent powered) RSSI spike: -48.5
  -> 255 1eefa7c6b35941e8d5e7aba99261d487359ee1160170eb77668ade9c6eb2b0d5e28188fae26e294ba21d4f09a4af66446e44be5846d1445928b5b994b01ff624e8781e09edfc6b89e45ff7fedcc868ce8596ca3340383ec14f930f282092dbce1e8300d89407e52a256e8609051a2287e42c1e732e3173805eec7c99e7dd8de8a67d0b9f0109b423f4dc496806e40e419e7e9ea02cd5217299d72d0ec38f5e2f9b8ae8f4b07b57dca8cfb52638baf05b47215955441010553ace82b38685d8b722856a3c0c6bc19f4470f6c02f3ea0d38e9769d2ed0d0b0b1dfc844638cef14a78d9c4dd26461540ff92e1faddb3f6c626d0bfdc3bf57c2eedf73416aa3d95
1787431018.489276 vent discovery/pairing handshake (vent powered) RSSI spike: -48.5
  -> 255 0bf88f6e0db9e94fcda2dd75149af317df575319ce05e68ce761a22bfd1d74698f284bfaf2b9b07a3e3a94f03452d6c192af7b1f99ee12eb9a50c3ee377af899088b43a61c760f8f480514b1da3e7febbb8fd472cb7075f1e0e7d207b23ca3f845ed61b5569c84a9275fe6e44271753d4e0bd7100f5fc015bc94d2f5e50c671bc93b127a07ed1875a042617e9c33846b6cab7421f3a66379526dce1ccbe4e56478034e2c757b2a4bf9e045b5f68889344bba50149777cbba7da37285247de3805093f2f137d98e326e52cda9891b8c6e26c56a3911dc91236aab4727382e68aa41090f7f1f3174338414a8370e2a89017ffd392b3bde6d49dc0db42c5ed807
1787431018.48954 vent discovery/pairing handshake (vent powered) RSSI spike: -48.5
  -> 255 80d2b259c0003c43f49e8b6550af210a6c9a92864763449031b0270c1c2ca24191303140324b16a34ff280a8ca1712db1c6a48db081805a0da829c8bac0c601dafce3054d0485f551bf76119c76e5425f0381bc5390681e2660eaa1e2856f1fc0620e702cc85d07e9d222595be2711b18fff0ca0c0aa0e01471c87f66dcb6e787a6458a881748cd213535c26ff330e78ea95c0541231de6558d5fc65b874f9c0d69e49f1adf7c5d56bd95c8901e1f5a8e5381e88b7df5fdf81c86337fefc02bc370cf67eea647b9483ff5d5aa9f773e082fb45d126dd45680b8c9690a2e1aa3ee26ced988181350d8b69220efe100df2db51d28ed310f8fe0dc1ec5813cd8c
1787431018.489797 vent discovery/pairing handshake (vent powered) RSSI spike: -48.5
  -> 255 b2c2cc2a252e6a0f877eda2d324ab8d90e9893d961dbae225e109cb3fe1cedc23ee6611ad383c47dc82702bace5f087226ff3f84b9178c3a6f8f03fd0ce9e99ba92ecf02e636df19246a6eef3c3520ad08e3e62add154a0ef7f10be772b0e396a87cf0ddf864f170f7da26cf8950268135e7a590571e18d8eef63325ba35b3316e759208874804fa8d31695e106666d13c5b72f4d2612b585268a83499823b0a87029b9ef03080c98949b73afa48f5afc8ff0ae6f6b244f3e384357c860e11e35797e0f22a73b9ade7ce9f7f4ff63d946f8e8f90d277fe378627f432e4e4ec429a36547c8548c61c8e778d060d78eb577c7ac5d9e383eb6d88f30f8bd118cd
1787431018.490013 vent discovery/pairing handshake (vent powered) RSSI spike: -48.5
  -> 255 315196386050d4e2c9ae4fba650bbb7c938ddf812bc9ce9c1cd362bdbffcd343c171adbf1a4fd8769850f3742bcd55ed8099fff766cc9c955ec905223b4e62ba2175be6c3eb6b470ab547cfd7ca61875b38dedd2563ace63bde7f4f7563d0e5d992f709908205e360350c5725939990501e71c681e1a8a0440df26d127374d35ad246be79ac7bbeb2aa45cbc4bbd991e5cb13683fb5b2178e8cbd14375545a8bb404c1a2e3cf4bcfa8a880b5633b2578829b7c78f599c48405c41cd0343e533252c5efe2aea592c63ac8f20c1e54b01946e3f87ea2342f67c787de41f6333e57b31706b029782e90f79aaf222dfefb0d78fe3b3cf75b135fb381cad48194d6
1787431018.490286 vent discovery/pairing handshake (vent powered) RSSI spike: -49.0
  -> 255 fafe19cbca800d9b00019797ef1280d092e71da9ac156d3db065d119636ebb79ebc9bd8e20759502e87f9caaf5db46658c2151f8cd1f4061681ec0c3514c5e494818854acdfc5c6dd7887d625e230f02b62891dbfc685d28d66451d2c7561a3ebe79ec5281054f9abf2864adc7f502dfb942190524fa2aafda13e37c11ba06957f836bcea65c5735bc1c487cfab006e81cedc6266bd1966f0a60a11733e0e4b1fc73d441d4e7fa9727f0338f2cf2b80dc0683da4f10cd50ad6c3be6ac2c2ba291060c025e5e2ab4435276a4d60bfc4e0f481c657f4fffecca01e4d07116c626e37e06a8e00f36f52970d73fa42364d2f8a295014c640b0d22ebdc69596b54d
1787431018.490538 vent discovery/pairing handshake (vent powered) RSSI spike: -48.5
  -> 255 f7be1b2acf87e57d93ad8417f7d83106bf5351b1985b9feba5e80c806c13c4845ee3b9ff0cd4fe0af976f1843f7999332f3d107af213b21e6ceb365ab35495ff3bbcbce044e11f36b537ba932364a4f153c89f7807622eff9db3e9fdc396ba99ca3e07c70c49215c63a2c6ac9e0351241f76cb85cc3789ec04e21fe684cfe2065bec01a2c9e490010446e4e74876b0714076d2de1a952d47889b6855ba7c9e506a6e67aeded188cc26c24b7f3a1f646833b2dc9b040fd083e97d767347578f467f2d3550d1c7e0411dc17a090274e4aee0853cd35003163903cd88cbbac4fbdbb916195ee3eb5673bda6677e578460a96e3895699feb2861ccb43bc8f3b2ba
1787431018.490818 vent discovery/pairing handshake (vent powered) RSSI spike: -48.5
  -> 255 020ecbfdbfcf6b8db090552f19368fc85edf11e6516fb5e87c4569e71c6a3e083df455256d0a6c99ebb8fc02dc3e373acd037e201e99cfac351d931957eb84e145e278793cd50419e2816c499cecb7b6c2acd7bfefd3a5de89df6c5ba4b523217b89b255268022620f45b1df41eff3e87af97573887f46a3eb053d8fbf689c5b8948dd1f37cd67e074e3d3cc4af71f35e0db5618b617a2e7b8016f6c7840833984a4d9100b2ce62a5408a8cd3c06eb7e213c8e0796a82fbf6ff83c9c6e0df2689146495f98b87b8cea9f5903888373980f80fecd20f32805bd5cfdbcb9acb6086d18c0048a4c1fa281fc93f8e11b11d7eb21fafe10339000137234e9b904aa
1787431018.4910731 vent discovery/pairing handshake (vent powered) RSSI spike: -66.0
  -> 255 70bd6aac1cedb307fc65afa475abc5486e3e6ed0be0c961b8c686a8aac41fb25c4c3b6668f5ab018b102c10029daaafcc064cbf5b9382b561a0a7d2a39aae01d521a67b440199a8214de352ae5f77f9cdb5c7ee4c69fe234dd20f01c083f9527e04dac96e526345aac4eec8cb4a98ba080d3d1e91bec60b11f9f00836f263389c547c48dd3de35bdc8f944938b1dd1b2094b4c44c34ae05d2b9476051634057710b450967842d372e60c29390a0800b41da97614585ab198cff44a3237c8dea3e2d1ae960c0a5173cfa73777032a58a92e67ab2be6847fea76efe32f84d09431a754e882caef792b4fc88727bd8795cd28a45d188fb29fd013016979349e56
1787431018.4933372 vent discovery/pairing handshake (vent powered) RSSI spike: -59.0
  -> 255 cecc908ac1d5b15afe07146055b60724744d0fb913ea8944e1026b8e14a9082ad549dfd6eb1dfa98399ceb8bb9acd7a63ce01d7bc936cb7a74a495c50afde32607605086793a52d2b7ae3dbcbafe82894360ff11228cdab1e9e9a3353a25ddf2630f93b26a3cd6cf84b30f01568836462f32ecda8c80fcfcf2b547f638db7c603724bf6fa5bf56daef2138e15254e2ccb35f696cc15cc39186e1a97c7f55f9fb44fa37ba15691b8b6b8b073f16a627998bd34bdfaa4188bf946adc83a46cf9f897b16ba09296b2984e4aa9404ad2fa13650a7e2696f2aa405861662bed92fa5c695dc6ec60b48a3a977831be6d872e770f4f6e168ca24de55954fd96ccb495
1787431018.4935691 vent discovery/pairing handshake (vent powered) RSSI spike: -54.0
  -> 255 3330dd7a7ed6e905ffa26d96cf7238835b19758bc72da8bf37975eb425f4aa30592f67ec3f81edf6b8e8c84625afbe5d037166b92441b271b8c2d40a2dd7e1e0ae263109918adf27390711c4cc88ae0f87343fb911fc64f61d8cf90ef45bfccd7c81648b86ce1a8476e8a1a623f92ad0d0e075cf825a374e9b3585f6bf26de7c654e013b4a547e51de833e03e6657dce6833fc7e5b88ef01a7648104cde20d3a3fcdf2cbd5e73bbe36a6b87d2191d8f743d708dd7abad8b56364f4c994448d2014f1635410415731882345d11184948f47555a9155cc3659494d763efa60c6398b24c106ef3fcfb24ee54623495f59e69f22f524fe50ebecc995dc79454219
1787431018.493807 vent discovery/pairing handshake (vent powered) RSSI spike: -53.5
  -> 255 c3ff2205874dcda5644b8109c714accb6248a4517599964bdb0fb6f5a9194c91aa90b460eff21e997422ece8f1dbb8742fff0807fdd16628b63d1e11fb44a0ba513479a6599ece71d2896993c494503e833fbb842c74ab107f8bfcc443839f56111c7ebdc724a42f0986c2a3874ca4205a0883fef6c8820d210cbb1171987e5d5c7a3537da01f5cc38863e21c7986219f87e2715167bab60f48264cc6e75c35e21b7cf223749f9e17bc1e2182fc13b74c0fe77646cbd1a22e016126d9717a1635e907b667a106760f8839c77f14b5bbc88041074c0d196be327ffea17946a86a9caefb9c55ff370a37964d70040d11a73440aba74e2afb87d398b0d7f38442
1787431018.494011 vent discovery/pairing handshake (vent powered) RSSI spike: -54.0
  -> 255 094a570137d595561495df97112caf84093cd690d253903bd6edbfc9e59498852417778b1c464c248f7ee2bca47dffd2bc48b4bf1c067fb50eef3ce6d6b10ab655b8c8496ce96aa24ae3a7503c5463ed0261cb865b9b3fce3dafc61398046a8a4ddd2251d1af5e49901193cf580641fbaec4756fd0ad95709b7cd817c39aabec0049435851c5cf795439b890837a2a2fc7003e1225972fe3d2744f1afba4041a3f0961cb49f60f138edf3a108e8e1f28dfd626506ad1ee5df9b226d146ee3e5b18f70e064945c2149efee49c65a0fc4f5d248eb9523e7d5d6169015a45c5bf01c8211563f5884bb76e7bcdbc62420591764a14c3e52f9f3ed187a638b82548
1787431018.494284 vent discovery/pairing handshake (vent powered) RSSI spike: -53.5
  -> 255 842bbfe34fcdc731066aa2c998cc42f10a4d553e10d5352f4e5054b6f4ef9dbcc23ebe98e33ca3cd29f0cf0bd2f898a220bd364e51aa8f188ba9fd8e2a6293aa40299a30023ea311d41f261d53575266cd73c035ffafeb16b81d1898f794effd39c6a382782f15170307d21c68fd57dd3268fba8c875672de9d0e503975cf37c996782df05511f96721add1a87428de164bc4cb0f5abb7c96b0252bd109a0c6a5393d64eec1a2a05084d91f429b4201c78d8b64c576b74e2515662eeec8bbda32c24eb7b30b4298076e8f39a6e3e39ccbee692b326ad1f31e4907c3c07dc208795ea365f488a62a1f12fdb60fbe9c5a43b16c191136357bea85ecae2633355
1787431018.494494 vent discovery/pairing handshake (vent powered) RSSI spike: -54.0
  -> 255 d12598556c2764648789499f254699c491f190e1d83167111e475ed978f69ee2adba0700f52409f892d1188d76c394193b8622cca659866454ac6b41209024cc161a02b319d2bd95ff1bfea17a1734a18cad6e53cbf2f773bd0f4ab2a6900eca236dbcee9e3095e188c52134684e5d0b2f46ff32783a3fc184db9cba2d6aada51b83f6e8135aa5929765527c219e7d2739e9bf8ccd5c58637c8d5df73e5a687feddbf9908cc224c0cee07cac6194f50f002bdd1b86d9e1259abd62639abbeb259f09b3375bdb019a3e25ae39181d3ea7b3e24a793253daf47541a8e6dde15b9ebc2b09e5fad4cecd992c21682328e76b5038a11549c7ddccf4cea71f8f4fa0
1787431018.4947042 vent discovery/pairing handshake (vent powered) RSSI spike: -54.0
  -> 255 af75375a1c1bf5f2d5ba07f24dc72756f488f99dc351225fe90efde0a38c22f7ac36e0baf06f31cd3440bb6f4354c46526bda13bad7e1154e133725370de58231ff0a04a214ab5269898dee07df157bdff845fa446bae6a4ff91b909f5c60bb9187ffd0710b1d2e006f317bb999cf7ef7cc73a8880442b8869010ea177a212bf2a9725a31705751a40544bf8011a9c26c8f0b80e3103961e99f912bd7384d09029e8b0f9fefebe091b635adb9565ff2662fa3b92841468639ec7d34adbc9c7211fa5bba1863e189479931b29e430bacf847b195db353df909f29a427cb7ac4aec2c5ee8baff5253870f3dad815bfeac3538bca94803c8f0fb9f8d64866f68e
1787431018.494912 vent discovery/pairing handshake (vent powered) RSSI spike: -53.5
  -> 255 71c017b86cb24c262776c1f1e5e7b9fbd2208c30acf840972e1912e2cd4f759c40af148e24407fd52eecf67e1987a329484edfa153c2fc3941e67d200f38c98478dbbfd71ebd46301a158e3c11a466d9a5cfa20db3266114d091deaf927406be027fb922aabaa7694268f43e9bb46e3943f97b821e2516bc90bc36234cd28396f2602a9c256b7613140b0fc70185c49dbd58d954aec8c858363e7a38cf8cd7d765ce871590884008fe6e2274bfa0e43c5439bf79e3142bbbd1c0519a43990c1690ebf20cef2b683220a2128b1c038724e3b9c28478453ba46c91bfbc1d328e9fa7eca63e0770003f1d05cb34cdf4b2f50d5edca28a37c010a30b926fe05e0f
1787431018.495166 vent discovery/pairing handshake (vent powered) RSSI spike: -53.5
  -> 255 a3b88bbd2465d5c1b0823466dfb022180c0cd519afcca579d1443af36cce574992ee0a87b87bda2ce82e9c56466b7efd62ac3fced47e708d7b9f42f853bc321995d854d8c85a13fd524cf21c4dc8818b61ea1567813f244b17a1f6da3ec32e8fcdcbe24b5cf8d0e6d1b114f7271cc1d1ef42e9d5a0c225e41ee8414431e5ac07134754c81ac2ff080db0bdfcf6b38cf7d82d32bd089570127583f4ed4cbf53ecf38247e26e5fe9dc8010de87fe4fd7928063c7188abf12e849c83daa4cd26b4806827387eec6a5442dc34b464971490414e87d304f0131bd782111ca307ad624f0a9bcd749c1180b307871ca1c7cff6280f63e75ed67f1e60d9c3c5f6a6daa
1787431018.4953868 vent discovery/pairing handshake (vent powered) RSSI spike: -54.0
  -> 255 d6baf7815804e796760e2fea6d8339f21d4bca33903680cd8d7dfc4418aeee2d8e65af898a724b0e7e813edb0bbf5c4c6dc9856a6db7fcf0e1685104bbb70d444eded2766a9b334e415c6dfdfeebb5a12eac3ef64616c7cc2ef1c733f1c241a705c37972915822da270d71c9b5c5fe17e77af09e3327cefbdd8d75c2a0495b13f9f7ae8d7f5178b43ad21fb9bcceafeb99a62d21e7ec2d345384cb0259c37a0eaf2ea2c02d7c67f01983ca86a3c2251e24427640a7dd92e5da05cd79943ef2cddfac531b01b9e92bce06b93090f4a4ea2e07503137a4548988a5e742c8d4e589a86d8177d894df9fb037ae5e54c75380c8d58439b928609457ea030c99f1a4
1787431018.4955971 vent discovery/pairing handshake (vent powered) RSSI spike: -53.5
  -> 255 456b10f5a36186a4e3357114f3797f2326652e8d3cbd54a5915ae328b58a93188719f84d1a6476e376f4c648ae8deb5ac7a4a5494d4989d28ea47f41acecc0380aab06f27a5cc2a3d970e3687c2e97052c82a8c32d9ea8ec3e65ed2ec859f0ade7f5818e4a3cd6eb0d9a860e64b7135a68d7a9b8dc567b20ef3af87801bede3e14e4ee571aa87439b4a033565c6ce229aa92037f651f8ee4c9bf1810faecff1b8f11f4aed758a42d6e8cc4c11476e499cbc398febecc8eaee054196a23433c3e709761ff2404c5794ed180156899bf72b1c2e131aa28c5c8050510130249cbee0b0a6583ca8bf7e73b41da27f170b82965a2303735cb10c03bbe5b4b6c729e
1787431018.495821 vent discovery/pairing handshake (vent powered) RSSI spike: -53.5
  -> 255 6a7d541182b6840e51ebb184841956beb8e3ac39adb51483592ea997e70799e1207f4735fadabf8c3f6ba6c20b574fe6d27faff7555f8a823e8d02f05afc2350e429bc8914584bf5a9eb187c01376417de964a87b5b141a31cbee74b87b3171327af485e06d335bf3f5b8a33b34d535bef9ec6372ccd374c0327a24e2c7f12f160c1b455fbea4e512827983bc96c06825b58fc1bbd50252ec1a93f297fc16962721b7328ea2200150e4dade4e7c21b6c41d62f28e74d9de19c87c0bdfbe118fa2595d9c30686957b33d6254c9c93a5a6c8bcdae940e4f74ccea8b50e57a8ac669dc901e10f6eaebc32066c1101707e04b3e3c935447c50e7dcbee809c4928b
1787431018.496054 vent discovery/pairing handshake (vent powered) RSSI spike: -53.5
  -> 255 a4e7e26f22cf7dd9b1fd38da1a629094d31761433158e376290d55eccd9985e0133a047903dbf73b551e196eb9a6c398b2d790e9eeb0599822040478ba4f4754a87cd64c77091311447e97fbda6bdf54e836efa061f591d7f3828b5b9a7d0ddf029f60f85b380dd88e1f9d9d2135f5d6f0271f6d2bc5bf7f71bf231824b9d285e54256916bf2e1f768a7e5ba1421b639543e496704c3d0b9e829e0cbfb4bd2cb8fc0f23586b781f8763826ef47e034a519b6037d8a08e9d16ce1eaba793e06d961e2b174d3ccd525e434b740edaf9146ea667c00f1592f3c32e9e641902390c1e9b66ea787d80b346b6fca69e3b000d5956d7747addc93bcf9634507f42c7c
1787431018.49628 vent discovery/pairing handshake (vent powered) RSSI spike: -53.5
  -> 255 a6f83a6d7fbd84d0fca33b8e79d43f9761f5e8a61d16e063dbb979bc15bd197623f13a73e5f2dac3ba5b48c6e42b4bbc7ced9045c352a5dbfc673d9dc6edbd1841ee6ef4170239ed9e0328c36dde7e5e3db9375b3a3b5068d95cbdab53b18ef6af18946979140e46cc8a27400601c8b12a745a313c3209a0fcbba25954c3f946e62bcc7d3f13dfdc13529efe971c6bf88f2ade9ee8fb5a0440ba0ec6cbc8db4efcc397908f54b21e368a92e91f975033c3268dee279a35d85122ce6f3175e22c5dfe1ace426e4980f1e397bd821cfc22c69cdd9d82a52da62c183fd996c2d419cf51adcc1e0261f5c5fd4f273d4174a8afbdf4f460bff1b26b2f612ea321a2
1787431018.49649 vent discovery/pairing handshake (vent powered) RSSI spike: -54.0
  -> 255 79f96e0113514632e6ada897d0c8c8827221a5a631e2c4c7040ba3504887714c6f73f26b942a4304cfac2a7497e5099984270e02ea60e6849666b1ae827488ed80a9c96d8298241a4fdfa89c4b5e1d0c3473142462cb6fdd5ffea9989c4c913d5fdfb5396b572bd955db3444c8177b3addebf538d0a2e982b30d08ac49175feaf831b52cfe92913b45b358c8062901b086895cbda5c724a552bb082afec4e718b9ab68a1f1fd151f59a18ffd8e5fc007b8fc9337549150b2038518a2c012253b0afb4cd0d2b5df2c60eaeace5f8e640e6e4805dd66033eed7e9525f631682442d363bd47e371ed8d365961c89c6a16bd96f05d83e61d182fe2b2b3bcfa5d59
1787431018.4967291 vent discovery/pairing handshake (vent powered) RSSI spike: -54.0
  -> 255 5badf340cc713cab429d42d3d7fe99ed925ada9fb81c42dc44b335686b9b1fc8b7d6fb5813eec945b6f4044d6b12685130303c80df95ee937d44abea936c5ff107bd88166db95c3c6d385bb01aaeb47b8047f6138db885b806bab176a7597bc26d89a4a419bb851816b7a3f43efa9aa1380fcd8ae0b9fc64ba28573e29f674505df04c0c68ed0ee7ec776b09f3ce7bb7c67debd26c4e3bf28ae79a6def20225cb6ff66ab84fa5bad74c4bba6dfe47e152711245abbf08c7c2c5de055763eeffb5672d0342d72692ff897329e6146081b61cff612bee9ee67b3dcdba68750f61b1f98e007141a07f0fe55081784673d3eb63755f4f833d46e70b38d2b33d296
1787431018.49699 vent discovery/pairing handshake (vent powered) RSSI spike: -54.0
  -> 255 423de4fa0c58f882349d6bbf08feb03ff8024a2ae281d8f6d752b8f25fd56a816047b003841ceade084f2995ca6a65717a7e6256d06cff9b3622f72884963bb4a66251af977680d64f6b9aed64e9b241008ee619fbf8577341dd1c3e858e313d6b1bf330fd5f041f8ecac73a6561d120b2c9c80e3f4618827b2b579cd990bd15e2a8a9d50f2b9bbe42ebcddfbe737704f1e2ee4b76a84c30e50c6622372ea5375ed11d83c554b76401559668ed5cdb60e6ff74c0a67b33fd8135af7b963ef4c7c58c5b1801d7e67ef05f0dc3fb7439283c98f8108aa92341e5d9ea7dc4da13becaf4c647e6422dddea4b9cb5365f3bfd048c9993db791a35a28bab8f841eae
1787431018.497299 vent discovery/pairing handshake (vent powered) RSSI spike: -54.0
  -> 255 d0aeb228b5d854df34fcdeca760399d2ed3ab7be85f66c89e4e33ae2004f70ce1c73b3303c6297396270764cd9edf5de78f70c3fa4f58e3100b5099435612b7706030ec192f0c36515cafbd6b85187449145461c99c1e84d50819bf8581c04d598803a6de2863da4bc058f327d19bf8e6b4fbdf52992af0ac9ddbc522cc5aff9d16045bf85b127054b36545ca79e5b5e0f307214f91ae862ebeac39f9686d7bcd84da47e16a83ba490fa2e0a3f203e63bcee026cff0aaf81454330125c81e52ffed0c3f6ebb957f27fa81942da06d369ea4bd87cf6c2507bc3af3c13f2ff296226081465f34437fb461fb4a54d798b36acf83989151d6fb19d0b5d976a2abb
1787431018.4975722 vent discovery/pairing handshake (vent powered) RSSI spike: -53.5
  -> 255 54c6ba2c5d0fe32faca7136283713bd8146eac1ac2176ac89e936a565e42fcd99cb8b429ac8229f2b8a61cb28439643743d0085e77cc61b485246af8248a5e3930760ff425b7404625d08d8757de1a2d0c670bcfca8791a3e22f959b0c8de379acf6eb748923b92bc6834692d232419554429f9f0d4772af2cc7210e650848e94d74529fe44d970d0884c525f2b673fe46a13f31134bd6bd9a80d82309a09f50ba8dbf07809acc48b4d4738668218b1514f239a640a0a26effecfccd65b87bb52fb985023c49c68026be7b101a69b3f20d0c0c5b7e4c10e4f2256bff7f63994fab7ad7c09d011fe248dab8c18e511f5b8a7180e59e51d51d55973bb657a534
1787431018.497814 vent discovery/pairing handshake (vent powered) RSSI spike: -54.0
  -> 255 e1dcfe8d4aac757f3fb09bfd750ddf054e299e49543f80b6eb5a50658de61a5ac19823c5d78f7fd963ddff437f99aaad6f04537d85ceb8150045b64613635b492cf9b2f1a6531b7338b023f152c5d24fc4d8f381e92d6887a92a978290ccd92897ae936badff21fdf0d2c06a5e7b9f236bbd7f9b3a59e0f3986a2ad50dda05e31cc1b0352f5f457781ae0ede5f52b08173b073372ad90be167cd7ab58617df496d1eacba82e7a3d524f12426c29adf5bb85d399a78b96e0d485c9beab213fd978753fef9024b3e5530b774bf84bb724c6ebe90117ee44575dc21e11de30a199d85986f3053e220a84b691da64fb7b768f3af919ebf5611841026b84f9b6ffc
1787431018.498065 vent discovery/pairing handshake (vent powered) RSSI spike: -54.0
  -> 255 2989f0376046ae106d09c4e8ec1bc41d0a4a83386202ed46d1cccd47c9c9bf709b30a3a531e0700f8172071f1b86491dab66c9080595d675cdd775c34366109bfe72eff0536ff8d7f823bea4f55d7c5f0abd75e119f941d0a8865c9f60ff63e265033e32b38af64389126fc3175d566db9f2dd100c358df72b5c08b9fb678e9a3b9ff19ad3baa92d905b638b988a4967bc59d523e079e3ee405719a7e764a88a1a000b848e46123a5a8167bbbb704465615e520168edd1f7eab00a0a7fb4258658b185d0fb539cd0748759be7e5acc7d8e028b5e9daedca07da11799be88d1fd5d8728b3f0e55ba75fec8ce6de359b5b0a8d7d43119129618aad03ebe84107
1787431018.498304 vent discovery/pairing handshake (vent powered) RSSI spike: -54.0
  -> 255 b76e6f20bb5b4b3329a83460d21c008c64c518c04433ab74352947410bae9d5d8dccf60f78561d0643247d7d5d01453b67c4fb74ae9f289db8098ab5181cca644a0cb203225331bbf7ed43176634b41e5881c20a0dd3c19efed84c15cda677e4e068f619d50d6cbeb17a5150bbca2f2e580f18384b1124d23a79d60e2573654e8c7a7bec2cddb38b5fb9f5105245b9345a2d40bb3d8e321f4ea8d991fda6002deb0da706b1de691e83961e729941a2d1c6fb1fc280077c3981e07e22f47d7275b94bb3c26bb07e18a0a4c23cba75040d8349dbb8c1a3f70f70feac2022d7aa65169fdd5c555a0ca01c18ec672904a0c8fc002b4e04f0ae5e94c2a4bfda94b1
1787431018.498549 vent discovery/pairing handshake (vent powered) RSSI spike: -53.5
  -> 255 252d3d148544c13624efabfd950483ed406d7b6ed8a8b82a6ccce681a5f9076c1c1475358379e5ad20baf65808c750d707a600ff78fa14786f6f078a88c391ee55045005baacfcc952fde62682d726b90b2265816f0486c29b495b005674f004e5fd18ce1987944b50503fa934b92cef1f73df00cb76b99b3060e9bc3848f5ccde1ba1e45a16127297b0b0f17c14a75c19101b2ee3d99e8cee35738e234d7c9c3431e549f3bd40d6099f879d65b08152f4e7fcd0ea765b35434e1c4b0d1d594734a418dec16b548ab4f8020019937252f0ffd3c0d41d62b6ccb2558f8bb5b462f9a14b2deec11cf5c97da851803c503210027cb8b0be43d904de86f008572b
1787431018.498765 vent discovery/pairing handshake (vent powered) RSSI spike: -54.0
  -> 255 e5f1acf9588befc92c77b84200d6d7efa0c115a7ad5306ec0a6b8f4c1d7b331a3cc1359b7c0663adb6f535ed24be5b8cf0e7654beb668c482252dc670df024cf6de9ab88fdf9493d62c490b1bd57696d24ec4a5d48af490b5d2f1201b865f0c6c2209c0d24bfa889f41c9649e9ce5aed59a470f63cdaeffbf76382df3b601852f8fc71f89812db683a9932990a93c27850adee65045636eca248970ef68a951e8fcfe52f2ee49738c2a90440161c87405df8ea382ba7421a48890629638d442c5221b76b357629c328c4e408053828bc473d5a7180805b0ef4185046d0d84900e9f61399387905b42b3d9822ca50eac25d3cd6594548a61d5be71bacdd5fe7
1787431018.49898 vent discovery/pairing handshake (vent powered) RSSI spike: -53.5
  -> 255 a54f31f417435dfe342fb201138438c5d9604daf2f0d60d981e0298068d8ed0552f1ec047febcd71f18775f172dae0a0059bd2ef43e8403d851ac1cd68db3ef94f10afbe7003ab44a2b3665d7b8e9ef8c7e71fc4df1827c58dd1ba9bd908c167cf3a2dd3bbdbc98416497bc2b7b3966c98e01d23c9d5dc17dd1cec4536edd3e4a92bb52b4a215607295eb08b1dc79ac9d00ff0f8761d0df227900041eca94fa38bc0b094038e3bcd77c9e3419217be5487e32f4b43eb39125ae044928d632314bbfe34f599b91c80a7071aaddf8469359e4bf960dd015571a00f6c43b78625f9f1fe679a4fa0b3b1c75f75005fa801f0292b4a2303f90d997fd10087b63293
1787431018.4991848 vent discovery/pairing handshake (vent powered) RSSI spike: -53.5
  -> 255 4e281ac95b4d54b8ce80d8b343bbe4df1d72973e70cd9aaf24f8357aeb48499b11998d978b997500ade3c7f6a30b7ded13eda3bd4e6d208b3e04f38cf21c1b152655a168213d5aa7975b3cc85b3bc70b9db3d00c2c1cb67d139d4c59eac5aa02c9cce4963c4cfee9d70f54218fb0191e23d1202a66076b7d13d07d7c11c1ed41728f780779fc670dddc1d1dba817f5da17d370ea5a3af382fd4ae08edba93ff535fa07e36c668386e949d02f1f7403f053f035c05ff3a5d47f570261e3860f258472b7f4553f7f26121b71a434f8cc8ff8822cd77e4162185798331921a677fe9df7e26675617ab3586eaf00afc66ee40ccdc8c812b00e45f7ea862419a7c1
1787431018.499425 vent discovery/pairing handshake (vent powered) RSSI spike: -54.0
  -> 255 5997943dae4c97286808e85f2b8aa9ff6b487a425f8db8af97a0c75836dd2a0ee91491024864467f34fee5bc9f55fe610c918915be4d37768362ca150c7f7379581e4f1c8fd65cb4d75a65ae4252313743771ce058af7369ff69bc41fbc9168684a7af743b514c9bb645447a4a301a7afdc35c523bca78e4a142a8e967e247ed3a3c43f7b0ce0d53215480876d07fa5b63d1150d43d0409754fa4a94eb9c7dd58e984c10191efbc3514c8f5387083685fbad2acd8f1679c2d705c4d06f0e3149d77260b61dfcddb311f991096667bc25676c5afea712f4672fb431a8f4324649f1c4e1d646e81e708362456eea0c19d4096fa2f9b7d1512c22a82323d3dd9b
  ...heartbeat: 300000 iters, 74.9s elapsed, 281 hits so far
  ...heartbeat: 320000 iters, 80.0s elapsed, 281 hits so far
  ...heartbeat: 340000 iters, 85.2s elapsed, 281 hits so far
  ...heartbeat: 360000 iters, 90.1s elapsed, 281 hits so far
  ...heartbeat: 380000 iters, 94.9s elapsed, 281 hits so far
1787431044.231335 vent discovery/pairing handshake (vent powered) RSSI spike: -47.0
  -> 255 b6624c1d71b5eb366fdb4cd2b8438e2f9d8045d1bff65c290fa34b1e91dc09fe09c632486e5d5b84c85a3a0baabf8c7c6567b004daf5fb7c58cfadb3a807a84732da8d7434c2a5580cd69cb5512d48272cb1232420fb61c58d5fd7f5431a2d944a48b1c800d4ccc26b2889d113428b63e53a9de9b1e45d0e0d70e9516aff624cf6896a60217ef26fb0143bc48371e4fc28ab0d44ba0a1a79612bfe34b92745dc1813aad81db1e63b4835f3d095ed87abc66899aad66faa47fb6f1bf2086b20a952c507a0e38433e9c1ba2fdb9c26c709be893099fd8f3e6f325ad7346fc7475cf3f18225cb0e6302cff9f571d632263bda92b9d23aa1a8d2b434f1ccddfcaa
1787431044.2316 vent discovery/pairing handshake (vent powered) RSSI spike: -47.0
  -> 255 a8b7f96839033d7bdcf04f646dfa51317c39d18200063f381dd23f88bc645880de7ea27721bda82c4083882fc84d4a711b98b48683c680851fd1405ab394813f28be65e3a7ecf484b9d62e4ecf8d5ca692a33e71c038413507b94d7e3861c6a4e752054b3d189dcbf6a9b74cdf31db61ce8f088ca25e9b7747745fc18c1d683fd9ad30afc84aa644bce4f25e7a909c066f96d1b9a9e6317c17cb2a9e9d579ce42039e1ec21e90eed18d610221c5893e1b5f965157132d62d9e6cc4deecf1bd4f41fba9a0d006458d0be00b8ed354530fd0f869ca8e1f9a22956dc8e30f8a5cb4a63b58fdf9f2ad4f5f4f7406ac8b0690ec97068662b03fcfefade6d52185aa
1787431044.23186 vent discovery/pairing handshake (vent powered) RSSI spike: -47.0
  -> 255 ab9466c0dbee68c92015995d4f9b6d511a0734e9a52cd69568157e67db2c5dd3cf2bfda83ede10480676b98ec3eb54919ae9dcbce4a49d6bbc6f728ecdadd3543c1731a821f85c91fe3cbf4a992c8f688bdf9977976a602dfef323181dd3ebd9c6901e77ecffa577b933362b9edc7ab52b9ef26e1e6847e39f7114e9ca7d63c1e87a89f56ae291762a4c07b5fe070a3ddc14eae2c0aea510f26e9be29c88f75f6099979b121aa45d7b1ea67e36381e4e220c2b6bfcc294ed099ca3b4a194ab00a24c177600a5d6dac103f47022daa02f5f4988230f2751ef1b1c08f8b653dc0f6a818d7f48991a3be67b875f027a8098ad6a62d566c8ea59494c44e84ce2e0
1787431044.232107 vent discovery/pairing handshake (vent powered) RSSI spike: -46.5
  -> 255 d93a2c0fe40c0e471bd6b7eafb97dcc27a7d6a951785a3549afb915627004d62495715813662b4ddf8519da6232bcf9ccedf1e62443df8d7a71b85171926b659ac1d6b8534d0aa8400023f646b18500e3d5223c134698fa7bf187cdac0a76b6142dc7bdb44443c8bd027210d713a1a9968de6fb8a0f35d8bbef51cec0252082aef0359038f34cbb9e938176d00bc123c20dcdf300905c0e35b327d440b2cffd69a1ff388f570c827b001919f44f5d9ed302e35e5af89878aabfedb51445dcc226b64cb3921c450db056bfbdeded57095f4d361c4526e315dea4cba3ebe44fcf986e57982203f54520fe2afe6fa90a9c23fcaea63e2374f3d2cff7fa8d9c86f
1787431044.232363 vent discovery/pairing handshake (vent powered) RSSI spike: -47.0
  -> 255 09218f5791e3079131925e101baabdd43825612d60bb43b729360d1746a0a73635ac9e788c207a4caf12d5947356c053c43a0527cfbe2012058cf718e2599f3bc9ea86021d4afb3debe40e34f06b77d93bcc8289838f0f0110a2161b01a0babf0cf3ad80275a374e3ac47895b135fb3be02d842319c3b39d3f47b267d6e9ab970bb08f8066fe3c1e407c3ea2aad5f75af094ddf6f46891a17baa5f58fa76bdef18c0d2695127965314991275512ea2ee4b15b8d0cbd2aef993f2fa2bede2dc8855a145dd7f8db4f2222c3099621fd9d2cfd702f01584f6678d84897a01631cbc04a1a7c6ca917d9a54084588224f7341d273d25871b330d472b8e5df294310
1787431044.232651 vent discovery/pairing handshake (vent powered) RSSI spike: -47.0
  -> 255 8f209acb8443d63571ab037f81ca9a4dc229c2d7b1170be2a7a38195885632eec7d4ec0bdbd7b2265dd5a9606a4ef59e7f7dde300f5f2ab7cf7d6f1f28bdb5b103bab8c2e7ee63406d17f8da5bacf438c42048f90cd339ac1ea1aa2c6a83e7ae47d1fc2e2a406bc1239c34d064223ac2283ea32ab3d82715aa27efec2e54a8953db5f4d0d705b7e3b8aefbde57e97932b69f637a7847ab3ecc1d1dca0082bdebd4e37b248270f5b3ec6b712c24810c336971567cd5bcefb5cd1efaa0626f3562b250b028c31a399d1058063a1aa8a829820d3750b097b598a2d99965353d4a831f7424aaa43d3306f36aa87c63343a22afdd2b95e6bd4d5888807983cc637b
1787431044.232887 vent discovery/pairing handshake (vent powered) RSSI spike: -47.0
  -> 255 4331b1bc79f77b6efd0f45bf264e24526a7b3d10af5529f8a68e62662ea8835bf25db6992dde9330ea899e8cf6ec59e00a4bdbacf091c79e488caf326689f5271b69336c19d68833fd4e763204cdca3628e350c6a692a881164a2e717050d020555736f1d2c0939b0e90d8296aa42d3ff38a335604bea1db64b5f4931867a12ae0213fc20c00acbeec95eb118b5c173da22ac3a726b281de697f057240db4ed8f6e6278440316a7e00e433da4228efede30078ab24be73427d9136379157b85e2ec09e56cfb5cda018fdabd0664b99fdae8a42920d45e686648a99fa19d7ced8030651188b07b8f2eb91f9f11abdcd721352cdbbfd8285e9cdbc4f2096a95c
1787431044.233175 vent discovery/pairing handshake (vent powered) RSSI spike: -47.0
  -> 255 03db90917a8f76bf4b9a0b6c091c632f546e3342b82e07c00b77ca8863bcc513f0576886a9aaecadd9f6c69b7e021c7de4ae37510299fc22d1aecf82b9f370852cd3ff667cf30a57fefb2bf781790ad128ab60c2fe85088f9ef5d37626739c784a2fef4c0c4f1113166fedfde04d2f00c777787ae195a2ffbd6ad126085abf50212ddbd610352994363d4b8f43a6998ceae4eab67151d5d3f8fd30ab1182572fbd16463fb8e2863b22192a17fea459afdbb502bbc7e5bad9c541030501b19eb5b8be643d8f08226a519f5f2f8375e6f076f53ea5e33f98255b8c8e05f550350abcd174e5045a2cb88bc104bf815d237164299d8647ff24d753636730b1ee24
1787431044.2334669 vent discovery/pairing handshake (vent powered) RSSI spike: -47.0
  -> 255 fd0d68f42850d03b1b1f748e91e89b9a3b59567e6a130047afc2462d8b6a0185df0cb7eedf25d681aa1c549d33b3bc84608af4aec083b5d08e39f55dd7cef2f6ef3f8bbc4ffcc266b0bbb445d33f1855deba84bb6de9395cf8aed9303306effed3c0455a8d6d09b783c8cbcdf074519aeba70ba764480d269994b1ca1b6dc8aa0871d4942e4b172d191c15faad8a6d3eff3ac7afab9ee1a1ce55377882c8bc80520a5822fab3c18f506d0db7da0d471ac1d09721c88826844b326f324e82029f36e550a100491fedb047fd78505d7c111fc553dc8cc2553e661f8d95e537bde4980b0098aa6c7d38ceb73340fafd71d885ebe91bad70425b7d70c53878411c
1787431044.233736 vent discovery/pairing handshake (vent powered) RSSI spike: -46.5
  -> 255 5b7b7006e9f4de5b8e8de07e75d15e9d7fec7102363db2325d189a8132f1f7fd63cdcbc1ebe46c585444badbc55454860d3ebb1fc9108dab215da229d1148c34eaf446acb62c93b38190dd35d13985681fd7506c99e3149f70b3d3f3c6323db0c8abc87c1a3360fb024d0ec7c5eac117cc4fc901bcbfe4c8d7f938e860d87c731f4e05ee7d72686d7138a8aa565e4376790051229e617ec1bb449c1141aeaf20005ed7f9186e2fa8aa5f2bfa9c6b8b6da21b476c4702ee71f0e0c4532ad3118ceac9838d61271c94e391af115f46c27bded6cb4d7c2ebeba4f6a0d211c0baeced0c5cfd0e82f709daf7cae0cb9a09c40733c5f1ca475d64903d8beedf94643
1787431044.2340171 vent discovery/pairing handshake (vent powered) RSSI spike: -47.0
  -> 255 3f16b0fca82c4625f3282401d4cd63521d03a0a1014c7f8a4de6f8cf4605aa36d5650c13e396fe757d888ed4749fe559c48917e3cfc1124c395e7618cdb5cf710a794ad5cc0a7c300f4d2eb2b56ee2221f432e0286faf87816d29ab0f6d58116f7598e8af840daf93a1ff566ef80f04d9afa30d3ef55bf0a8ddc4e5d294dc49167995f5a251dcb5aa432d3bed05cc03c70b76380a7a7ff3b9f253a9e4aeb0d0710d2128d59a05338b6964d0096cc7c0fa38ffe9adcee649b11fe3a6e5c4f0918e80e40dfc1a3c623a41668dd25415c488db902d6c97ffc5ad091be218c380c7ae4f86de558018ded1e02f5061e3fb5d918e0e980037d2276bf7a288fe03389
1787431044.234316 vent discovery/pairing handshake (vent powered) RSSI spike: -46.5
  -> 255 6a12687a053a8dbfd3f350f38f478e8a5e478c12cdd7f6191c83e2e706d14009e4b26fa19d9ac605eafc283333e2b910c93e0a0b485fb8bf24397bc3a58f8180182b3dc743b0139b69193c1fc2f6165d7eeec7e91a1d044acd60952db9446e09dbae80c8c68c4ca48157a1854daf84051b655250d3ac8f57b18a6103f8f477c3be59ef5e1de9acdc3b7dae071c4f60e59b0c116bd8e3b1eda70ba1467818697c0f11ff90cb58484a4279bd50734eafd5e4de54faa9142106233169f5c4303671251556de4ad3c2f0d5e58f78c5ac64564d0e92b6b9e942b244741eaf7097ef483e3edbc3e2b819d18866384bdb8f2f3a490b47d1e838135b8541b96a59433b
1787431044.2345972 vent discovery/pairing handshake (vent powered) RSSI spike: -47.5
  -> 255 129793cae5dfc93821c7d6708b8b3fcbba1c19b8bff32079ae7cf0e7994545a5ad88fc56c06b97adbff1bfb55d8153bd60db51e563d59b052fb27e49761b501f3ddd79ee1c565488e99867e325f2d4b1d999c8e4b3f54f2519e96785a142b52f3942d07fa3fc4cae6fcc2de36c64de0c551ede68ef34e599e8a3093661e47ee536895fddc33297d767cd1cf8fc5b8e1bf4e5bf5595a07485749ed0707cac93fef7ef45400540d645d3fba95b8c750367148410ff67fadce83d31f5f47d0d0333dc00e1c8b3eefe74f71a924b786ad4bf1390e8f45e9da0a8ab2ff13798a7ae5109f67bcc74f30670502bc4dbbecf57d61e0eef73b794c067a892bfd765dacd
1787431044.2348511 vent discovery/pairing handshake (vent powered) RSSI spike: -47.5
  -> 255 907c04240bd1e62b26374712c0a9368ac0594f65575181bac2862d11029ff251bd32265de9c0e9bf342cd0b0baac006c3c770f120cf2ac02d65631f31ff6a82a2ba09879f367011c91938651017420694640879163d634045f564e5f4917b8925324ff911caa2cc33dc9a4af09abcf7483c5559a099eaec3eaf46407c101f87b109829f097042c052537be2db27e3cdd7a04e60a96172f699a09b1743e7cbc4ff8ce91c821f85c3b92743159ec0f1d1a3c96e5d4ea0a5003739421b5c29b999888ff9cb273b24503375c3c851b1fd76fff3d6e7ff611867629e0c8a78fca4537ec95bdf17f472373871e1b8efac214c5db781063b48106c6bec68fb9d752b4
1787431044.235116 vent discovery/pairing handshake (vent powered) RSSI spike: -47.0
  -> 255 4aac835fe0254b1757f8dfe28fd41de73ec5c321843011947abf1ce80f717dbacef709e58e327339e1f2af8a2594ed9550d5c461e3a537222992a10fdd72f3fe3eb10077778edaf7f52ae1209fa5fa581e2400d9578994512c7abc77d15c2e543ff8c32509bbc58e13a773264d915262f899604102ada2cb7e5b0691e679764d76c6591f198ef903c0c6cf343edbe7cb1e510f7ccf36087a8a0f8e5b434e14e2a775ca071de81025da6edd203f1d8490a00c66e120b811c7d05c0c976a62c7e0a2eb6afb0afb2adbb17f8d59dd7e0933fec5f493e4571413fc8d1f460366668b2e660e10126cdab7dd5662d0593fb9ecb568a2fd24f76d693e90a3e5f51d23
1787431044.2354078 vent discovery/pairing handshake (vent powered) RSSI spike: -47.5
  -> 255 beb3152a0daf225207611c3ed7b00b66008fa67925a6911b1ed83628bb4a9b57480a07bb456c0fefbff3ead1a1f7795a0a8610ab3d24b69c27c3683667adfce41438887a8db092f7a17610b1cc69ebefd8d139b2f879ca77d06740b20b9cc5ac2c98255884500953b920b283b001e155d87cfe84122138e5a53cd514ca7ed3616fdbf45fd672a35abaa67a8f6a867c7185307fdc3bef5e492bb398ae0d31cf7d74dfd91714f0854e3f5700b5eb1908e4f58f594c898d8b225e9716c11b085f4768dd5f697ca210148c92cec01a01985f6a455a4511d8e0d86cada5024fb7d6a678582d30a4647d5d26f6737268a6df653ac4765b05b5b10b1a3306642b0c7f
1787431044.235664 vent discovery/pairing handshake (vent powered) RSSI spike: -46.5
  -> 255 6734502f6234da2d200dd64d997fe5d0e1e6b2ad711ac63825a1d44d007bb615e4bb23f30659e8e0bd2dc889bfd547fd0d49dbaed6f7bd9ab21d127b53c69b4f69f50b881830de4372836a6a1705cad73770a463cad3110e2264aa9a8ca0cb097ae244d8f743b1a6e15246e0f2adc876c12659901c58ee702117032769863e9230a1a1664493749ebb83f801648b269feda053f632f07d8a9bd248b6d2401e8fd8d823707a966cae7cccb53f611fd4b957691348acc135d9285807cf4dc86ca155f0c9c3c13f61f18ad2eb56382117e049bddac4c8184badbe6bac1d5761f0115781023dba651b0c32f1ea4386ddbc01cff3f6701868378637807defe9d6c7
1787431044.235887 vent discovery/pairing handshake (vent powered) RSSI spike: -46.5
  -> 255 ba3ff3f0fb4701f7073bba57dfb4a8ff1db77f35761e6e9f69d7c594e75b9a615c8603bb4b336fd3e6b84353f7fdbdae7ba50bccc5d6186b9df58fb9948cdcefb2f8b91e4f5a885f98e1cd0c1978717ab0432c3c98534fae13b1735cee5e821c379244f433ab4c703b2b4d1414f2da4c3de2de00bd27e23deb6b20d4a28b98a12d7accf2415b84e2dccd059b28888a570e2754bd03a8300944cd4320b35b3a838aafc13e2a48c0f26e2949458cb170b9b028510986efc0005caae1deb8f8eae8ee52d1b38edfc0f62d3037687592486e38d30781c41014fee0997fbc7ad1e4a623ece02670a37bd43a6c31b134acf9839fe938b8714ab1cfcb5271f2a7a233
1787431044.236183 vent discovery/pairing handshake (vent powered) RSSI spike: -46.5
  -> 255 c8c8f545f853928507bd70cfa5d2365b68e5ef5871c3e23fdef4fcd1ca8ffdb9d9f736246c0c9a03d705ae951a94d789166c00b127141021eecac07df2cf927cafeb1a0b02896842707f6cd0508e66efffa235ecd8f2c92c00453049cf470f391306fcbc8ff15a640dc88bc332a54cd66cb952edbd22c7bf53fe9109bc72555783d6e9802bc1446feaa60714067a049f3e598c283bcd17cec2638d30ee2c7f5874b8995c58d63c24affb2628fe6a00d3766932b10a379d0d57e258783527b313a8f31b22ffe378030c23d02bff3d21057200a28ec8d1c415c24a7e9b537baa6b2b70a0184df0c7f6b6f07a6bfa5c28e7517841b2fb7973bad58925975de567
1787431044.236464 vent discovery/pairing handshake (vent powered) RSSI spike: -46.5
  -> 255 0edec293dc07def8755338a5c98c452f97623b702650ce537a23f72b5a7338781c17fef803da59028116fcb80a97d5fa8367494124e3c630a280791388be9e344c91c07d37b41bc602450b6972936237e2ffd5140a3ff407cc64f9b791f06975f670ca895029ecefc897636b610d4470a0919e977cba8cedb353c6a842ab8423719cee5148a5154a203147f98da14f344509e3b5a6510a3c7632be87062c8eef26d27b0dd71c7c58a89cb160f0b3d69c438ab1b2a450953256edd9afbed82c3cdd10684f0adbd6935d4055067c2aaaf1ed729b894a200df2041a3b35e5f6500c7cf722c55ebf99a808611839cd5f579af8eb68d641557d67b459028954f4b0
1787431044.2367098 vent discovery/pairing handshake (vent powered) RSSI spike: -47.5
  -> 255 01444b6ec0043bf96802a7ced9e878abdff5422fb5465efc2a43462846f500dcf63ed79f69c243edbc3fcf6441903e8bb08da785700ef64a21576baccfb33785a38e11e857b6f04d296f079fb7c90383638998df0e26d195fb02f8ac05086d799622189aefed17905cbb4eaa81676eac49209b214d1b222b36048380a5bacc78d734ab44dca2bf1ea04974fe240f17f05284e7f353efb252acdfe835d77686288fdffd5633098d289e86a499637ba51cf4b4be8d7ff993a9dae964cf479eb55ec3b0dd249ab2fb3741b0e0a8a1cb96fb546c000e7005914570f0324412d56bf9167f28ed97cc58a63788188426a0b7d382be0ae288b86baca64c3c47166aee
1787431044.236952 vent discovery/pairing handshake (vent powered) RSSI spike: -46.5
  -> 255 6e104d9289e03a89831e258adbee700f0d5f69b15d09f6c8d56f747b6c74d27113070dd1049e437ce618835c7757348e81718b9b774d6f6afa088d434fe21ef1f4df98387b521bfa69655896e8c2610a54cb98c11bece22e8a61c82ddf5da217523ad105b7a56f1561d081acf009f9a774f402e813fc5dad62d060cf7279615053dfbacc1677188b6c0a5611931418a895f05d0cac49c686926949526a89f1e7d209d5037669b52b0dc79323df7b43b14a477a218e496af602b3f184819542d459bc960ea852c411020af8942729c29ce4ae31cd742d6bef4c050eb04ccd51b1fbb8245720117b5b1f7ba9fed00ffe1029160d1bd7aeabbf234942dee42f68
1787431044.237205 vent discovery/pairing handshake (vent powered) RSSI spike: -46.5
  -> 255 5d24d2a21313b1ce7dfed3bd163cc7e7e3c597d2b89dd4c8b4d2e6ee47ed180b39994e7cea65ad5d22dde308a05f1560101bf745d028037232fa59a8b308227cd3eff58eb81cddfba319e91d4f37ad00987bf1397a6766bfbacdf8f2311c800a9feeda524f07dc9dbd818329f536cb15362593553e2af1f22c6b1fe3c7ffbe7d5a2a19e83add8d62dbfa661e0b288454a1fa697f844f38997ae9e53dda8a68556fb4eb9f57dcbea5c760decd7f53bb9dc4f209c02543ed805601c46aeae5a3afcff91a822ea9a36bc96a814c7e59a0a13c24470192569a11dac1dedfc45601065c518004de3fb3e79617ad7802685750aae080e8256e1e2124e59d72d460d4
1787431044.2374709 vent discovery/pairing handshake (vent powered) RSSI spike: -46.5
  -> 255 cf7f5651797c8473d59466469401c99c163187ad1a95c8a1ac0b5de86991270ba901a780da780ef030db251224b3d54f500faa112c30be42bfa2f555e7a0416fc576dbca5f8b710f57d2150ba24bdddc36ad1475d29c499b18a84c544f3f39d77a45de48cb79b5f4cd568318578aba0491889128785ca374984eb1edf53e1145219aa17e7fc61ca6e0efbf1c4f29ff30b21df7ee7c137db3b98b85de0eba4b3957f96500e2799c18193a4e31db9a03b2def8feb004227998e84324f1d2e81b2a5b1af885c2def9b707280323030f3e92330e53f3ca7eca49dc455b375a5609c600148de2d741b6ddba5ffdc16daa5eef40c716996e42ba1175689dac23903f
1787431044.23772 vent discovery/pairing handshake (vent powered) RSSI spike: -47.0
  -> 255 961c74ca8c6c2ffff05c51edd0370c3e908987f19da1ae43a54efe291af7e944b8cc42af00ad98c343266ab35de5e34f7d9f6225412b763a26876079c430e27abdd1a0ea72f87bc148f584fe2ff08b8b14d9efeb81492e83fb0a095e1ff075bce5c1564e550596dee5fa166da420eb3e65b74730a7b48c73dc260438994052eb3fb0cc539bc669a964e725f99316a01b6c40fd9bd56ea08a075fe518e391b4afe42c51ab35357b5da5ba4271f9a568b6078261abf9ca8dc565a49e6c5c310986c9dcd4f229a7af8c80a386403ff8f32a43dcf74ca7bb033d357aa90230c0df9013b11fb09fc6caf5753dec350f38e5f0b51d25b1d3aa810838edb39abd6464
1787431044.237942 vent discovery/pairing handshake (vent powered) RSSI spike: -47.5
  -> 255 ebcdf6f8dc22faf310543041a2fc2ec731d88c817743c93b9ef677e2fa4eeffa1d136a55435da20674510f33e56652cb54da21c412a74a202afab026b337484e5f8ce5216161f2df3d33b99f179410942186f6648cf2314c3b60916c631304f8e8e5362348785e297ff038a7c7a2173e1ea97423d8fbb2f94ec38b7d05efe43bc428f344668f535cf4d627bcb25969a1781dd1c420be1641aeaa6bfefa652ea8750e7f60a1b794b580e47671990c758cd1102ed0d28d768b2055e127331f5bbbf5d41cce6fa24b3c6d42a7dd151955a061d920a113309fc3688505cefed0821d66d173c06d271b8fb6a9960401e8c2a50151c4f42d55bea7a4973e201f0aa6
1787431044.2382221 vent discovery/pairing handshake (vent powered) RSSI spike: -47.0
  -> 255 33e6c03629d60b50eefad84465f7882cdf8c6ee3aa4fa10e2c6f634cfe5fb09bd5d1065f8901fbf4297138f233e2baaa996463d77dbac9f6d905c4932100328c2e1d2562befb148edde32b69f172e2c2dff6e2fccd4530447429ce9221d26c3f9c481056bfa07acc10e9adbf980a2a7dcda7fcff293a13b49a1c96f7dde31504e5b6b6d8b0f43eb3d83847cdef350f554f6ab927c0746f35171c157981025b08934acdbb9066a6b49f0ef86d5b11d98fb900620aee56cc69972d81d089e511ecceecf9c0195329749c466c47706f48308e71f331bfae0cc92780f7c097ab7a9de48578a854f386544572a6652e475780db47424f6207906cdab299f45629c6
1787431044.2384698 vent discovery/pairing handshake (vent powered) RSSI spike: -47.0
  -> 255 020859bfe9ead0ae276a4edb369aedb12d068a9655e09c7c7ca0967fcd7986d8ab921017d6c5e39cb552f59e4afad6c85ff8b5656a71c3d97de494f2e1bccd81f5be981e8a6acb4bc3ba4ba94a2ff2fd66dac7a81437d0af4d5040919085b53da018ccf79cf2f433e7cb073781457e9be833ba50e2d5754ef6eb675d1ea38769bb31b14e05e1b83a415624310c2c8fc2182b9c8aa9d410c903f60a12cfea576144a7046807455aa6ed45aed0182e0a9f282867acc6b486689c0779c14c17bfdc5bb5a5ba5e37c2ea92a70973baab6d9be2ef8f79f3aee4fc1c85846148061ef02ffe67703e39d37e8e8c7e45499b5e29e2f60bf3d571b54aef40be5d80d2b4
1787431044.2387168 vent discovery/pairing handshake (vent powered) RSSI spike: -46.5
  -> 255 212e87b1103235dad1de61417f3b69f5b6287e6446c7db2caaf5bbe84fd44fcb219754340545da8478911e6259e90e8e0fc9c234e1b9b7ddc679f134e74412f105e316c3cc1d0b4d8f848ba1062742e3c15e2d0167fe09dbec3a57b68f00e42d68a22d68ecb910da4e6c164878839545d5fe9f5a169d4181f735dd35a793af8fb299041cbdc5da427fc50662567cedeab246088808daa6401826b20e5616d7c2fe20bb8d8f82f0dbe12275ffd568de9e9b9043af72e956eb10fa7be940da8fe8dfcb405a420d63fd5385e2289196f23bec2a39c821d1a4c4941862961c26362b0bccfd7e4fd765fca94a6ba624a7f823343b2e3adc1ff99f92f8404b97451f
1787431044.238948 vent discovery/pairing handshake (vent powered) RSSI spike: -47.0
  -> 255 91901f3ce3d437ec0afc11bc275b4a42a48aa7ac379cffc231e51b62e853a6c1622047731d7a6e0285a74e093887726472692a3c527c0b4a11eb929e48407ef3029b84403edc637e2be52dcba15c101dd2e409e486bff0e4ec31783d223b818c21d76e161a62d23c5502253eec1e6d6dcd1b8e0dd184ac55e0cf6fd9a6446b31439a80f01eff47e23143ea7f75a38d62386bc23497dad140d80cda3407d19a6883d0f1717d01c37b8b31133689340e0e3334d51a9e762db4f4ae640cf75f6f591a5d02a2c29a95d474f507c50a395e2955534912ea70762d37c5a09f2b48fa3b0cee43523f6aab40aca80517348ddb1ad90a526dfe6bc75310e91aa8056ab1
1787431044.239243 vent discovery/pairing handshake (vent powered) RSSI spike: -46.5
  -> 255 bdb46076a38b42cdb602ed5a6920b37d71cc4345a1fb4a47cc31c25898f2ea1b2c3b55e20b337529ef305ce6cdf72370a614774cf917d858a8b0b450a4562b7f15fc372f221d25e3407da837d744656bd879bbb2eb4f60ccd0096475bec6c19c05c5eecb7925c5cf69e67e140c78167e53e345f1d4ffaee0e103a5b0527e86c3ebb462fafbe7cf3783fb937e351e8663992244038f2247ebd3373140654307631274058d35b3e6117862a97c4d0551a644f70e09263e9422b8f3604e9dcce18f49edc93c2cb20798e6bfd969a375b9291ba458c90572def71635bc985aab5ec1734f3d037a7ec15429019bd2cbfaa8a43e1c2fa9ac1f12fd688f8fddade4c4
1787431044.239501 vent discovery/pairing handshake (vent powered) RSSI spike: -47.0
  -> 255 ce03f9dc71f52c5f83699a66cda39f6b0a30c41b66967e1ce1c41e18a512131e3287557f85c613137df805388af9edd3e5e192b0f0de06b47a553f9d8e202e2b345d48abb374b003fe2c775c6c052ae45d7a1691cbbe75b104a24cb02dec9d3b80110183b185abb946477c058a918fca6cab9f549795bc81f391909b6174d8791dafcd248ae211115631d3eaa6d47f177f0a6027eb5b48171bbe41897801d36080d980813f80791202588c4bb106963bdcd88aa53f937c05ac0f9dfeaa6680d2378f16d413488e9f2f14edbfc07692ef706a2b7860620225b5287211ddd42a08d2f5a285abb5c51d333b93c40ac5e7f10e0684f785870fd19fb50471014dd9
1787431044.239733 vent discovery/pairing handshake (vent powered) RSSI spike: -46.5
  -> 255 dc8e03342621901685946c3b720c2146042315c2811066284b01ac61b7b43c29db1802f7b3e5715ef8cfeb52b76c43ece3c62d74499ff28bc0dcac070b2a6270fe5aacd80cc653b4acaa5f80fe676efa40dae5862b211832c4b5dd2f4f995c7c13ac0542e1cdcb0b4d640a4309abcc4de8aeeed24caaa45ba2f1386dceb18bbb31708f8389aacb062ef06f951b962199f5fc3a65036e8412f0ae52ad01662def9edbb5cd0ade8674083a1c0b682e5466fd9cc64474d11ed5d82cd2562ae991ac0861998e6520463006c5d070b3e3f40e6f921f8d88c9429bd73466da11a648625d28c378a7b10feb37c7072f580260e3a1afb667820edf59c73cf5c340be77
1787431044.239964 vent discovery/pairing handshake (vent powered) RSSI spike: -47.0
  -> 255 b81410c0db3953c6e63023833f91b854bb9999fe9113d9d37634d49cadaaa71837c1794be08fc4e391da91a5214bbbe64022ab243786ba737841b3e0bb457da1aa6e37ffb00a0737c401db97a5c5961df8bbce2cfdeaefb32c5a1a1945e7f688eaaaabcb7cd24f84acda96c1c5e8796919a5f3c5d0efc9a3efff2431669b505aab126cfe34953239eb6e7c3bed5cd04a14884e5d8a682e55e53d1a9eb91346537c80b424970c9790af9ea09860e5a0b3294c107ed4d4ce2f9f2b69b7a7bfd60c1515608fc074a954b40c8f72b87507c3c2f625f9c2dbfce6e42cdac27bbf7a8a719fb62b97b45aa92857eeea7a6bf60cdaefe67c36de7e49ecc7d4a7301a7a
1787431044.2402189 vent discovery/pairing handshake (vent powered) RSSI spike: -47.0
  -> 255 00a19539a8bfc8d9046b02cd13f95c32f4375c9bdb222b114e3a9a10d6a00542cfea77ad3eb8fefa739ba1b821bc942f6f8bef975b20d907c9f7fa143dc860fa08cb5bdfaf17de16eadee0bd9635c9266b64c2b13a4ee5a1bfcfd6b25b30891b280be57ffebcb2f14504f4db63607c7e3f33bdfe0605b3e3050233e46219cbdb5380a69ff898a7ee645401919f49ae46304303c161d6d8c0ee1dd86794be7bc43b878bb10f48a190056d89ab188ff3f46c43602ff5502172eccbd457e4eb4ea494b0e1cf9637a88de88bfcb253ece62f4d064112c1a0a42161685da7d383cd30b94a8893bc338e15212bb334e37a04a75c3747c397d9f495158ad248920988
1787431044.240479 vent discovery/pairing handshake (vent powered) RSSI spike: -46.5
  -> 255 0d032574a7bc57700d08c954f0f79ba0ca8e3bda035a83b661f76aa66ccf598a874577014de61b875e5d3ea09fdee441b48e7fc166b9ccb20234c8a46f2de7640fafffc067399873f97112cee63db48bafb7168e392b61eb96ea6408ec97aceb9e78d309389b0222c1870eca1696e4dc18ba5ff1691585ae46380d179e8a35ddfb982e658b9705f04007daae0ef69372745eb842bdfe32155981c547497af9fed1ee108ac05958ce59c109fae4ed532f7fd37bf5f64d73720d92e8dc51005fe341e1c107d6c033647253f3418764e3ff3d4589ad9636726dd13c04bcb3ed63ad5bcfb4bb9e21744d8fa584c05e6575d46649ea0cf89f447217bb866117068f
1787431044.2407029 vent discovery/pairing handshake (vent powered) RSSI spike: -46.5
  -> 255 f3477fb2e16a2c84d0201153da50089b6508fee7eb2982d1c2a5dd0bfdc8d593a2c3ee550e39ac9ba7cf2b8afb167fbc2db90bfe9b0b7fafd80230ffbe4ec471d5e2f4eb360e2686a3c680a9162be61507c996b552386bc58c16dc8c408dc3ffa0f9380bcfbf60ae378f204be1762771b6526785a97c1863910a211d922aac00ce9de8f6f4b6a068c7d22a8a9016cc9e2a34009cf00027fdc98a76dc69795fe77a9d3108f4df5c27fec573ee67f43e7e1115c3a4ad4f3068dee38a70cc096748c37979c9ea0f07efec5026b985395d2f5c623634367d87a84e99bfe469f849e79aaca392c2b267faf629bc6ef1e5f765949676a2e0240d9c5bd2041b2596d4
1787431044.240951 vent discovery/pairing handshake (vent powered) RSSI spike: -46.5
  -> 255 cfd97dd79715f4d752c272d95f8e806dc6c6832833f8fb1e7be6dd7d3a229b133ff79ed007117fbbf346014d6a5bcd7208c7959f26fe11d0027a27d3059a79ecd4fc3f1464660f361ccbc00fe39548f92a83c159c351226461684dafccdd3007df7ab70ffaaea486b00b4946073aeb57407dc1de66e8341d2522079f331c1b5fb93b53cdf4e580fb1eba52115dad4ace46236895d7d4a206eac3660a3a35d1faea8980b3e887a28b5b22ed7706a0ce709518018b2d1e494a5313b2abbdb71163f70395d34af5b5d4423d251ba9803d87a67fc28a2570a1f00fa031a990205fdc53680acf362fc9a9f7e6d548fa382dc707f504ccdc3b81f66ec681afbd874e
1787431044.241214 vent discovery/pairing handshake (vent powered) RSSI spike: -46.5
  -> 255 851201bd83688c35289a656ef180f86ff747a8a7c021446dff8c42e56a923b1cd0ee3681fea1e8b46b28cf03d11f1d252a918f6e0e210e0b1438cce176d609130962ef83af29a4753e2da453e19714e131c307f1798587a22e1c22ba7126273834f8a9713fd00b375458b01c4446b22878a3a1243e659926632fcd8c092037000cf72ccf639f70320761570287bd645dbf8da93b210eaa15647789da905a10f18daee40498cf8ec7f58f18f32771fc2bcfba3b006f41c04a2b464e5cfa64313d6a278817f5d3c7a4c768a71678cc03c1d7c01d992868fdebe02224ec11c2ad25ea202d2c708750cbc209aeb96e483a443992e41474e7e4a4ca19d42d6d2038
1787431044.241475 vent discovery/pairing handshake (vent powered) RSSI spike: -47.0
  -> 255 2b3fdd65e3f11a710d91cb3c6baa18ac1adc111697698e63fd79ace082bbbfcd6144b030262fa89e41420f8dc511e745c743f3a3cfbc960f6e4a0cd472f802e48e8248e6ff87fee1d14984054eaeec9e8eefbe5c9cc0c7bd60e17fd6b850ee95bc7f806fd0391abc80a84bffc1eeaadc7b51581d1fa8b8480a6b49717ebc202ac44feb3dcdfed528e5b68179857ecc83fd79a2c197036240cbeba2c5d470a37964d929be58db732796e887d4cbdd2b7d371de7e110dd68e9127181abae9b6f05c0104b08ecdf68cf374e59cb3c26563fc7075ff953911937104f66c3a43d805c58f38a60eea0811151f5b5fb048f63822a4cbee07365664e062114df564b62
1787431044.241696 vent discovery/pairing handshake (vent powered) RSSI spike: -46.5
  -> 255 9bb2c3208f73648ffecae8f98071687b7dfb134aecc3d5f40160e96c2c74c08f4048780d8d1bdf2b7ebfb31f06bdde72c911345bc01d113dac1e11a313820315c413445577d4d32895c71cd9a5ac9606db92ea8dad45677f456547d0e64486e61cba07e609adaec4dba157ceb6a438eb681316c19bc9eb9a0df393b2dc46a09b033b6c0c0c0af069b9c7a3c9278f5285cc8e30b6df57048582a8c11b3509fa8fe9a0eeeeb73b58ffe8511d110a1ecd326f3773c4effbbd3949abc9d390bc6e9e4c45bd97e3c1366efbc7df3a1ec61b0598e0b50f01d1965545d03f0a121f75bdc79d46607c42f216877085ce7731759fe4c3d057132cbbf5c881e010230219
1787431044.2419388 vent discovery/pairing handshake (vent powered) RSSI spike: -46.5
  -> 255 fc96eaf6818007ce68633ef5d408c128bbc1a91fe1b7324c8f82ab8dd621edd0fb25227f87cb5d44b5a6d9cb60ac1e4867d83b172540df7c335d613b38dcf344a856e0c07b1c4495404445a0ea13f90237463f7c8c0e8b178d6219735620c0921db58a8da4532281fa4559dde42e27e715d22cfb42b104bd79046684c0db551804a4c953df1153ee419e7cf3bf1621c066baa3cf1c1d6f2ba0155da0bf779453fd6583620282d06426fe72e6da7a6b92ccf5e8ecb7817173b1f8fe776da865d7835ff86341cdd31aaefbcf20bcbe527640ca67e5e71081dd87fb36048dfef8bdee07848474d0720abdd47d184e9ed289b529a1c1f4997e9356e804376b9297
1787431044.242193 vent discovery/pairing handshake (vent powered) RSSI spike: -47.0
  -> 255 f404043196cdcee1bf6506c4d258dde4fb2e840f42cf57573df7240eefa1bfd1600dba6bafb4b7d80e5a4b2b01d4f3db3c30774548185cd88b678bc32391958dd94219dff354c09ac448ce159337395a97ca11a6d66106cf6386305413294883961b5f3814a73f2b38b8991e52c1bde789a77761465260884e4dcf073fcfab2622af006bd08416db4f256bcdbda2820faebbcfb93926b688bdc02d5bb8db348c9957b2be72025b85bcf77693a34bc1108d8075e937f5891d6d2a1880abb7d3887613603b80369433e09508713454389e1325e63e51f9f07424cd18fc14b95edde564edf32155dbbfc8faef8b61cc3a8930c16f50d49601616a836c0ec64b98
1787431044.2424178 vent discovery/pairing handshake (vent powered) RSSI spike: -46.5
  -> 255 187c2abfcbd819e13a67e4b3cc74a4a5886673623ed7ecbdf48080aad9b0e8c1bbf5e083eb8e7b3c64e0dd5a58d13c902d7bc8a2a768a7739596d41a73eb4b3e1e1c7f75f505a8a3a76db8cbb6419d3e1b3ae2e883494104d3531c2ecb37e6c72d09ef30200cf7c2b82187c6689432cd377ecacfad4c3319258f3238c0cef26bb5e756b209623f89a304adda2348c62cd610310909a081e38d2b86ed2526eea9e3ddeaa7d782ab61db9e5ee3ea4df508f6c4db588d95e4995093ec4fe4888f45675e760ed229798f7a22d9d7687abc23cbf187c57eaae017a9c33d732257e1aae1c0383e956586e206a3c0d9eb7d5142ff7615772e6165d470ac6cf8796bf4
1787431044.242671 vent discovery/pairing handshake (vent powered) RSSI spike: -47.0
  -> 255 100fbb527e934f17b15d9643ac4285e28c7ec7ceeffadde75e641d505760fcb24c85e5b0fd5dab9f7a8be68b4a34d5e40d980051fb7dc28ef1e797301efa3e9c466a5b78e30e671c9d7046cf936f09021b0ecfe91ed4482b0588956135cc3a39960742f1a4d31fef17f8c503a1d7dd2a18a00b1890f4169dfe8848a0c6067cb50101bbbc164bfa3dfcc673b987bbd205b50f59114b97ad1d648107300485dd6d035c916506cf9e128c879193ef145005cddbbd1c7d15d5fc9bb6dbe900f9e46ad48a659c24d3a752a399529f7ea8492905f16cca87b23f89b53806976de3d5d743393dd848c1925ddc1d3f0e3a3297d2d72bf147721a74cd132f818ad1d225
1787431044.2429209 vent discovery/pairing handshake (vent powered) RSSI spike: -47.0
  -> 255 749386777c07109e73384d628e629620479b0170787c79b3be61c8b9556e4f6a3b04af51dcd7b2c5f2c3e2c61c2699b631381fbfefdc9972531d604fe2c1163919b0337200cb59114209e7b42c801803bca19c66022a01d2d6fda55a4f268874144c618cd21be90a4c01a851c554aa3711c17ea924d2b9f558b825ea236bea138f66fc1567190a15864b16a5184cfbe2fcf14d802dfe6934331393d008a921ecb51aeebc12e6b1bf430cbde0bdc024c029dffdbcbe74fab6c43b2e7fd1ea71411d5f23c85b62e0b38e80b9b52e1294c8bfb813e51c56f3bf26d2fda09131608d4af600c4b5bf4e2bd264e441db8ec1a56248c93c4d274f98c9a684475160c3
1787431044.2431731 vent discovery/pairing handshake (vent powered) RSSI spike: -46.5
  -> 255 5a7843940b1c17535a47dd17de9370630cb1385db703667cee42b8d583393238499727e9ec9b0aa9e7e45cd15ee663312d8239bd542c29a39a9c7916a13ca6a1b8549dba643e567ea10edcc198216a2f5694366cbbadd176574e627d8ab54cfe3959995604a1a7592caacd4fbbde0a0b791ca3f4ff6ecb1b650ab57c6d9f70463e86a2a5c1206e3c23d7aa047822b922c04b6918c4521eb3a9ece4a67fa1aaad74b312310bd88d473c1d9d66ddb0d270053acd00cf1868ebe23f1fc7a1e37cff5204940fc1070625b381a281f1feb4bd41fd2c7c4273593cb140f970c5bd22227634deb080028f6ec1b648bfaf13ac743ba744e64b7e1004d7a745fda27464
1787431044.24342 vent discovery/pairing handshake (vent powered) RSSI spike: -47.0
  -> 255 a431333e79fdb748d7746e4823e54158572888a8c4a604b5b5a2f827c4b5912a226d2a0261ae15c91ff69cfc814f6fe6a85476e3c297e87cf3d554dbc5870d43249fac56ae4caf2274b4876dc86fee370910ebd0b892d86d119a48175dbb7ced05044a3de081bdbe73e3298a1afc9f1723c60f51a777d026e4974dfb69b0b1eaeafcb9a720575802aaee01d3e86e937f8cec791363b99468bd1dca71bf79543be61b5f5329290d8291fab0f0e881f43f93ff33e71ab9d0b10d7db641bb04d0fb31a9a256799dafc7597d941fb760402faf86d52811ab33f92320223b0a2f92a312c9a8a995c6f5f9c05260ad5f7ffbafc0802998b5fa88db841a3fda8411d9
1787431044.2436721 vent discovery/pairing handshake (vent powered) RSSI spike: -46.5
  -> 255 f6591fff6cba7aaf093cd78adc22ce55dad027b993e3fc8c61f87ed71bcc2aabe80aba3e6a3e37fe708e72614a40df2d4625c35fafa0b51ec68a4817b6faf3c0dd03bcf1b87372b2e8fbe140f0242eb847202e6b25802ac3296b628b395460106cd70447f248d3409d890e4d17bc204d4e7bf49687320acd33e33348fe92bfaa37964bbc0bb0af670cc9a82f06492c735bb94e1e98b13d8afea16d0a1b765d8331eccd0aa1b029bbf4f6e14cbc7277c421af07c5124d724ba96302727ae016e25b14d44ca1a087ce19e96f7f904e00063283e1fa10c87e3778d38b388faf846041016d38af3d8673229e9d3bef91f2a02a829af76f4250ecd856c029bcbe6f
1787431044.2438982 vent discovery/pairing handshake (vent powered) RSSI spike: -47.0
  -> 255 459b8f08e1567a286a16fa63f3420d13a663c17f310b6281640ee1e78683835ea5de16609d88e33487681593398a8242f2822e10b7b09457aa2387fd8978ccb0407378b2fb21f2cbb8d8e4aa66f4810f5b7c2bc7616f474fd6c6e1915894a03adc3560100902c88fd949da5867771e1b023dd1e5e79b78eb511ca0ecff90f197b1fa2bc8f6eb003ecb98ba9291fb6bccc0c2e2b6afa32faa9216c3d4487c6dc40ec47b12ca708c486d6fd11aed32c39c3557d2434fcbdb88fda459f159e29aab769cc9682984e5355c0d2c654b8c030fe713067615596968af596613953f87cb8ff70f8ee31403a61dc7c512d1b8c1ed9ef482042c48d8d54f93704f699648
1787431044.2441778 vent discovery/pairing handshake (vent powered) RSSI spike: -47.0
  -> 255 1ea5a694ab1365721749e1e5d3fce24970b42684e1a09547aafffec9132a5de7e467a41412a7855bd3679fde80861607c2e233103943553e075507f911063ce4f086eb0bfb270ec18c1a4ca6a2a38e3e9f6c14ca579abf25b11e97287d7778baa936330d64f686bca06fd5ca799b389c34f757dc9fe3974036bef368dc78d4e4362977ab9d26529c8c8e5c3df463c7f5d1c5eae54a94f8535733c09864598646b1c6124c2bb1ea9e06bb5576c9650d05148c7ed8a14942615a4932f8fdbbdf4757b12b9e7dd8ae339d652b4a66cc46212c47d50891dae52f55ede7e4779e7dcaf0120e2d1a8af8d82f4a39c5a17b4a793d2fc2187b91c4a8979ef40d2c59b1
1787431044.24446 vent discovery/pairing handshake (vent powered) RSSI spike: -46.5
  -> 255 5def3357de62aec4a676b76da072434a91dc1d5708f2cfa81f1084d7b0363cf1bc2732e3e273c9a8ea07a5b2d91bbd7dddba76cf237a2e350fe74b25ad5a1a677efb89c4ebce08ec49577e4f2d07b79cde0fc31822b9086d4745f26c2c8e338bc35e324b5059e0f159768aae3e8968166714a26f1f4e1f11758eb1c52d8f903e5a7955a32f719956f47c3c8c7f7624baa229f8b31db5c883af187560a81e2db6d5ee96ba44ca4b27c73bd9846c22c5a8d6e615b7a9281cc19493ccfd7de860d7080d644b40670952413a936dd74e6bc793d5b46186832cc41a426e83ce7a348cd799aa9cd464043e6143ec1095ee3afb4a9d15c7ae2b0c020b81feba063bd1
1787431044.244721 vent discovery/pairing handshake (vent powered) RSSI spike: -46.5
  -> 255 511661ed308abf16d9cfd17b1914e1d5df8e29914720a0cff2e8a622fa0397f6e4328d951bc99eb693020947f8622dd7d7d9cbebfc3724399ae2d555cea6c811769e934ae6a4acbd9bd83ecc610c495a5aadf3c619cba9e8a7c9fdbeea63e2dbe9e5f7c3a4bb0537b30fdf51a6d4a47a7e93b9b762a9d56b67f70a14caed70ccaf88ce3a2481dd385bce42f77fa095e802548a97e94944bf911cc82e63facd644df3d340b12a99523ce7f145de47cfa9bbcb5361840adc23d77f1a4420d2639af80c681d13739f636489a3d73d613bba82b34d234933a01217970bb4192bc6797aff23637014c360ba997db73695532e4fe46c922a84e0052e05e2126d28a1
1787431044.244996 vent discovery/pairing handshake (vent powered) RSSI spike: -47.0
  -> 255 5e9f254d736f48c6e651e009c67959c7cb40fe15b4f87b0965b1a43b6f01fa98cbf23ef48f91d53cf859592cd0e5798a788b1ab442c5ea89407fde00a3b99cefe485c0526fdefff8acd8779e1387dcfd72d154bd3f76f8e2310f87455ddaef241f11262585d083af2d671ef648c4b7122b270c4cca283f965157f5c5489f82784820a91bbd2e75dc02402c854d92a8a3b5572b48affb3a2d4ae270c3b9b37d24ec8c0e2461569a8bfb372dbb3bfec0a3f54c63c815f2772399b0ef53e37e797afa1a8da02e43d7d61fffd05a23ce034e1f76aae7d7e112784f2b0a3941aca0a90686789b6aa35c13d2ea1c5ed9a40314d8ceb4fe9cfc4bec441a4e682f0c45
1787431044.24531 vent discovery/pairing handshake (vent powered) RSSI spike: -47.0
  -> 255 44fdbf6c5360de2e52e14c64369859600d04055c5c573cccd4977b9afd6c31aaa16885a3703edeacb38b0db9aaae4f2e9f03c191c6250a1617ad780d3790755b3370299364ee727e09afc79e4fe5d81e4fb7bfcc87dfb4a36416d4d995a01577b233095686415115ba85cb712849fcbbc22198dbfb88e7865a10627610abb0fc9213a294a59eef569784fbb2f0fe0e41b081598392ab77fd26e963c022ff4cbf04c783e7c4068466ce0e1222f4d0ca6669f283570a040200729e77a40645c6c38de20ad673be7d3041507fc3aa43b8b8f2b5627a3e41f6429bd313620e3ff95df17443d8a1ef30fcd20bcb5bb47589aee69cb0aef00a635c86b9258106690f
1787431044.245578 vent discovery/pairing handshake (vent powered) RSSI spike: -46.5
  -> 255 72ef56849e8f685765c1d85bb8b8b3d5c084124cdc2e7e8aac093aaa474f314acd3c029647671e0ecc04dcfb8042d50337b8ea6e068b5882dff857f1956756e3c4969d8ee2d8c2f4393625314c12b2af8264c1f058ede25d51c323cf716fcdb428b16fb247efec49681e5fc311243a0d89db5f43f3d7956b78c5d93dd40d931ec8f07577384f6c6b676f8d884a62f8b965f6f9a4ca00026fe20600bbe4df371c2f49326e48bcf7db02021b6b35c1e56e297d5d3c0bf5944fdebc0714d199cf1a6e0d32ee93936fc724de3ac084e9e59f8843406b6908b4429e14e8a1ab23040b41564bec4f98feeaa6d28542c56f67e12bb3c9d71abf3ee1a9eecd6fe1126f
1787431044.2458298 vent discovery/pairing handshake (vent powered) RSSI spike: -46.5
  -> 255 8f26f32eb64766301b803fe45ea30bff25bb70dcb7bef3bdb159f74c03fbe411b7d491fbbb29223166d536177638e59600261b4558899793f54c4a21de3c1fe2b00be4191ee71f080b578c6a9f9c0b28648d11d9180ef3e06016e4498f4f8f7c565680dc9342a6c5dd855570963e28235cea7bf2568740c7f688965cce90c838728e4529c5ae41818da059b728571b7eb95555c1170adfcfd6c7010c65691e8b14b8a073fcde7cb8664b11e6a9e24bc0350ccfebb71d4edf7d4940cb733c0e1bda7e481f1b40d5aa6f32117f4bf44e470cc7fda1fac03b49f7b492b329f3b2f132cecd7e95544d616f3816aaef7a0dd46b538dd04014e5b0f458f31d2dce85
1787431044.246042 vent discovery/pairing handshake (vent powered) RSSI spike: -71.0
  -> 255 f9624a069d393113a8f551764210ea6cf79632553883bdb4bfc9a5989b884663d32fb2357de5ed88816efa5822d35c23785ee3363812c2ecd153106213a35d629a72f263a901d3d26d0cebc9c3ad10bfc379d057719369be3345be82e798d976c616025ce7e93ac1785f6aa9bb2298b115e3a4c95dc2a65979065e54e1df8389430258fbeae27c990165681b0329e1be36d1309671ce309f3f86ac426d87d8522702a8cafc0293c7c133d4f52c457ae54483bcdd777dcf25e993b290dd930af37bc52455efbc17fcc92600efbd8b0c3add127254f608a8fefcf990963988fa0d7a182ff661860f94cf13c6638e7e558a7e80678fccbff9ac20059a98be31d6
1787431044.2481139 vent discovery/pairing handshake (vent powered) RSSI spike: -50.0
  -> 255 2be4330e3d34efa7007405c3066f24246178edbb9a600e733aaa4abba8a500a50b48f54a66c4c678559064e3c417591e31fd86ec0e0d084652a1410338f0fce880aa4435799f8c98a17ea41c2b284938df42dbf954a76278841c5fe5c80f6fe8327b1dcb341851c2d9aa357b7b92708d860365a16615a6e60bd2677da88fc7a3418103eb34c05dc2aacf03eaca5ff74d995764e702ae1ef4b977b0d1549b816a1542177d61f33dfba463f7480d8cfbf813ed11874d1b5af19e1a1787ec980a42684109d379b40a57f1435e24b41d90f4dc0047a81c3fa0ed0708607bd928bbde1ce81b4edff922443f59d8bd50ebdb8f04b70819b187cfbb938c4638845b2d
1787431044.248364 vent discovery/pairing handshake (vent powered) RSSI spike: -50.0
  -> 255 da32cf3b065b923624751589dfd5871e61d9b4a3179db8e10b6504e6e78c375e027d357cd118b3713428a91ca37de267c020423d13924d04326f436c0982d6eb1ed5706417cedd95d3c03308e6299f62acca11e41dc21946668f37c97fab8f9c563d5b3bd09c66a48e91802d47c9200f78647253a73bd09d3d3e620443c0f7dc951f27067bd85e05fbd5294ca6f01ddf398c11e3b780b673b8a27715796cf5e2d8925257fab54e7422bc4fba942fadaef5e5dffe1a59df6e9cd3f1953705476acd39bc6acf71ee3a0944fea1cf21e0e5b2d4bbbf1a34e99ff6f9836620aa7526170b859303472be231ef46358103150f371280e5bc14b4e5bfff0b1d6f4104
1787431044.248642 vent discovery/pairing handshake (vent powered) RSSI spike: -51.0
  -> 255 ba5abbdf58afd9851423f511995bbb651f0853907eb07b891e68f6899e7710f77bd4b4b3740b76f893994416e890c87686f4f384a7727abc3096246493ebc41b2590d2d074e1aff591253aaf79ac440ed8d80fb3dd8e631b193e047e6ac22189e41143dc7a5028e00a0649f42091dbf2a129ae0ef8517c81d701d2daf3506c3e54f5036c9e08d88b2059f9ef12cd769f1945ea37827792209830b717ea1a250674bdb0490a302805333e3362003c3c309b7c7041e1b57ebe0d89a300d3cb21745c22fb44a605d9fd1d933948fee3e332de7405e0597a5314a8ffd0676a3f1c29988bbd5447b3de944a64fa8d7c7314b3940518efec81c8bd909d52d5535727
1787431044.2488902 vent discovery/pairing handshake (vent powered) RSSI spike: -50.0
  -> 255 aa8e0e4f68a1e734e5e01d9101da0e4e0908ff46a12de5a0b8b77e57ad7798129878f03ac27a0589991b917f9cb5f6572be961d88ac9c75ce0c2869df8c4838e8b4f1fb18834a5552ea91ef7700b9aeeb9414ac9235ac07111b779f95f9c192a732ae04fc2ae08bb0391cca5c29037e0770682e7d9832f03b4f3806439df2683b02b8716c4945d04b16b252910b57de93b65d99c26a75978eb206193b481981c99725f24e290ca3251cf97c0b29bf66d51fe065895817b98090ed34501435b8ca8f9b938a9a66bdd883a12907606c93261e1c8b07b8e0127b60dea49d02ca83e2e7722d4929ca1a1e78d767fc6846220921d067bc4306f7a63b1a90cae442c
1787431044.249184 vent discovery/pairing handshake (vent powered) RSSI spike: -50.0
  -> 255 473697369c50e07dc9db16d4167eaedcadd25568222a574233cb08dfab34c5a50e49ab0dc678c4026f4669b6de81c305611295b74708e20f747ea87a8b14365fe1b34b6876cae105ee316d9b0dbbfc720a7e075067bc8355af4388375b5a6c0b089ed5a408a1c0dec731cf6b123e1ea3c4032ca8dfff825e50087eb5a0d5cbbdfd5afc9ebddd1f0bada1f99a801cf1cb53a4e86c9ae250bd671f049df1b12485b07a7bb654a1213af69cfc218629bfc2a6ca5773e039e368fe1822bcc13c7beb5e400708ae1723197a964eb93357692ca291e562bb0b709b80712d3a060a58ff743d3a0c428f5fb78730ee6a829e6be563244a145f181ebc6e62581151bcf5
1787431044.249461 vent discovery/pairing handshake (vent powered) RSSI spike: -50.0
  -> 255 88b4bc04fa36e0806dd31bd1ff8c0ebf8783679b5e760a751670f06d6b24580c1c95c7bf187ca952cb9154f1eadf13ec174c42387d6579f05454de3c9109999a60cc70c4a83ddfb37c39d19efe97df7b4e0a4a5faa817ef0359e337f17e0ae6ae7378a445c4f4a27db3c8b06c9bacf55b3089082e89bbe589fdfc1bd651be391a793d29563d68b633d5ce15c56105e659c0f35c5269f043af7bdd9a7befd52946d3cd9fb41edb5c78c0bdc17b24078c8c04dfe5b8ec34b4bf44ff8d29bc8e78211eaa9a8354791af7f1b074a72dbd4ab3ca8cad64d1f8a74c0c65c49ce95d256f407f5c116b16607dc6609585912ae369b370365d1ddb577a483e6c4f61351
1787431044.249696 vent discovery/pairing handshake (vent powered) RSSI spike: -49.5
  -> 255 06eb8ec781d85c171c37eee12f2e4afebfb48707eb9b702eccd40d74fc725aeb439110d26c241b3de7ca54308c686a7a812cdc2f990477b0764743235ccb421ccb991234c2427db602482580ee23ad23c54718c63c350f1f4a795faa6a436bfc3b4693e3a33a8956cd624d1fe238e65fe569841e265401490015018faa5efd574d569dd7202bc093ff8f62fba000507bec82920e78c6070ee5bdbfa13e88cd18969b657e878311668adf7b805bdced02ea6765fb390911c7bf382f536f0c073666487ee0e896f79c355ed081e861b62c7dfa005c17d95b8db7f1038b173bcbb701e6d293de197a063dbc0a927b0ec9f02caf4a65a836ad7b7a02e5bc463842
1787431044.249973 vent discovery/pairing handshake (vent powered) RSSI spike: -50.0
  -> 255 8d972a44b018ad0fd2ec394a43ff2a1b92236ecf5e1df2196d8273172795388489440672315fcf96df1a8012e2a4999dd569785d3af6cfdf5c08245ce4e242a78c61ca8a20bea76dfa5d488c84382a63bf150bd360125fd5146aee8c3cf16b131cad1f8e8b0cad723aad2e75959eb61e840a2ae81788d9e1ffe5307f0d7b5fa3a2694ac09bb4825548a4579a9d9e71a90a650510d7abca0265b8e696700c5f3e74ea09007f812de3cff82da76938cacbefd6a38a9ff1591f77f566932f7869f6f4cdc942134d286b867dd605097d6f2c952c9764ec6b59815e3ad0e86d86104334b7e6075734c9b9c6d56fab301e45acb4d7928a78b0c0ce5467270dd82d63
1787431044.2502358 vent discovery/pairing handshake (vent powered) RSSI spike: -50.5
  -> 255 d946ba617a80209e92aa373afdada049856abeb988e61a69e9e6d3be0046e472fff6c6f1abde440d7c23bf68307c5f15f55c3df5d5273be0b60af4a00c6d5a87535ca673bc8a6336b738670e9340e09235c550a8cc9c3ee8a88c69e80765e0d396ace4274a26c698d301a6481bd0e5d75d3b9a89ce3737b55a5030ae2c5a2c4c7d09cb967fbbaddc7af614a46490bfa0b40047bec9b8cf6165a890522d1d8ef155d6757933e0721753f8bee93220707cb3294f677f2cac6ce3a65587c48762fce95274f034053fb3c241e5bf871af3145e25caf83f3c27b41218bf4def6df6c42a06e7334879e2cfb37cf8ac36257a73b8963b802174d69a0a694f5cc46659
1787431044.2504928 vent discovery/pairing handshake (vent powered) RSSI spike: -51.0
  -> 255 fd865411a1b9b0434826de1d4614285fde8a9b7bdb604c751b8fdd9e402ce7a1d3084e6899121990863ce19bc4393ea232da05947c2f89907934e2e7a5e6f4f7cbc92039d0c007f919387393263daeeb28f10d5d356b45a104b6760a14444d57955779ae808c4112654658c219b27da3d8c6c8ef7fb827d16759b39758e9822aebc08b9cde9538885c4fce6a22854288478ac69cf4cfc57e23e417979f29aa57047a7e834fe78b54fe3e5e4260664cc76d2b7ec395c730c6acf2b020da8c657fca921faaa9177871d5e481c8c0ad3179e1ac85b5418f787bcc21b55cfa3283207b3b479f70a7d31886a7b0aa7f889cbfd0221d3a4692a02a9d3d72885d087d
1787431044.250766 vent discovery/pairing handshake (vent powered) RSSI spike: -50.5
  -> 255 bc075467761fe6c93f225e0b666f00e6b5c021f82f3c4b22d7ea43d76e2afdf7f840bd86cc576b98b290b9475bd70219018425d3bf20eaf1d8359ccaa52d6844722153c04d955457c72215a207c6040b7f8f6919448e7ab1d7e2c3f741c9e3d3733bbcc2f78d00c4ce8b05a7fcb84b4c81d1ec38646dd20e07b5eb1d843e3f5e1e226cdb6ce56d0fce022d6f950d210fdf92945ec878c081543d8f86d08cb93a8dc69bd1598289127884d1d9f957562cb356f9824d6835b052fbfeb8e2e1fbec39efb1a2134b1847c7a6b934793d941d79b347ef49364e5bb8e91b46d18ebd417ee480e92a49faa9f9c705f600f8bf9fd4cac64077d798b71f0eef7d9b089c
1787431044.250995 vent discovery/pairing handshake (vent powered) RSSI spike: -51.0
  -> 255 0c337fd95508add962b2676ecfa2238f534534eb631335208c08f838d0a0c5191627b63d0f9ae2534c9b1027b50da27bb37b070d7e4491840aff9ff5c9b189a9aa824c93fd4f7a13c953a1f42a45bad83f0d1e213eda517b82dd779d67e49f08f9fc5ba45ce5fae3c890662d3d12c744c3be8f3db3896b0063aa6d3a8e9a69ebd5937ecd69eacdb1e864a0589b70c452c5280e4bd8d415a06165c0b16a721cd6536b1a32def90b7fb4df0566302971d4dcaa10e3faa001746d548399ab3f2c1dcdfb9dda9a8dcd395120dec7f8a76068fc32fab16cfcc838ae7b5077085ebbb6216ec0b3b7e43e8c3e765ddc0bc217a011706dae1dd43b3f7721fbf25f89f0
1787431044.251316 vent discovery/pairing handshake (vent powered) RSSI spike: -50.0
  -> 255 190bc0e94e5e99ff7ebcbec93755e838f032894ded9e5903f19c881e2b6070eb3c71418aa6be283060a5bac8863f467cd7845ec30c71d0ccc2a0b5d213501f44b23b1e8224789c8c0d9efe69ae8e28cb79da64b62a182f47cef01577115c84d662bae09f3be55f4849494b3bea264883b64385fdfec7b1518bb270f9ccd220e90a4a04f9baa1148b1e18ea21d0f9e6d2ab021d34ca3a9f9fd6cd9403bcfb69ea0ff23c87500830519ec746552a678eabc2ec1700b18ee185e089a97a7f3d9002a1c5043fab17d7418e9e6879266efa3ab8edcbe67ac796eb584b0892ab7334a01f6cd546a268f256778e70cb0e9b6f51fced8ed317dbdea93238f93e00d5db
1787431044.2515829 vent discovery/pairing handshake (vent powered) RSSI spike: -50.0
  -> 255 cd4055a12e79fd3df0981265644060a6d0f3c1d580c1915a86ffe1f053f3f38f65725054eef4a63b7556ba85352b342b64b857eed6af6530631971dfc41478775e3a388a7ab9cbd2fa4360765f72b7067518245fad70468771a57b7d9fd4d911719107a511d89d9310a044c5c84b729fa3a67a0844ab808fd802d6e45a862002a6f9c239acf2ed233d638efa5e9c32dd35cad3d2561b2e3c68ba1881f76716b285498107b7d70c284519c971855eb25d22ead9a1273544f8646c0e0aae2f82a1f1c091121fa18a0d3cc56746378d56a176a43625cb17f41ea7d8e2198b0c1e285d3916e4039d10e1e76ceb2ef135429b8f38846e81d6a7289c9088dc29a18e
1787431044.251839 vent discovery/pairing handshake (vent powered) RSSI spike: -51.0
  -> 255 aaf330f427068a656fb66dc5e41cc79afb17f138f67fbf6f631678c9956fb28978527f777dc0da0e447e37bdf2cd4b426900d7eb1bd5aee3fb31a6630502178cf7470f7d319c468b700fe73b3931733984297e00ab40786016dd6354cd77379c97fa7f82fef9be0d9cd1d705b4cce3e19d17effca16ab0f5b68c656ccc80fa61b7d264cd1bae90e21c71b60493dd7f38a9e1ddc211081feb90a0cbe4f02876d863b07ce0077afa7891e4e0a212088c5ded693234d3825fa4654757022fcb2411408b6ceae2be568fe951db57362710551833eda7ceb686c9724cbfb711f2e0fea6d87d3e37d734f4773f6b4aff99479bffa41813df323c0f63fe0a381f0e72
1787431044.252084 vent discovery/pairing handshake (vent powered) RSSI spike: -50.0
  -> 255 2316532e732c43d87f8b74ebd006794292cef84598a604b13d248eddf1a252cbbb956530955bfd70928a099fe454f7009253477ae80d7e4d5d7b396ad4fb078a4cd9b0b826eb42bec8dc5c278b33c8e6dfe02e80f7161f605722b78ec7abb34038d2044e079f419380be7fd28afe818f848c0975c71d6fba522a02b279821bd4c8682897ac63969880d4d582c615c995d02d1129e95d05c2fd76a45e18b538fcef78b2f8f222bef538af523948080cd5e0be318a52918abc7d031baae6003af4ef4936554806256f7a469c38bc1be582dd0f0a6cb58c3449d188569997479382195f70be772af52467cd61cd6f7d048184e1e3ae22f5886109eb4083386467
1787431044.252301 vent discovery/pairing handshake (vent powered) RSSI spike: -49.5
  -> 255 6f16eee3a4bd438f23dcc53713563f4d157055c1af40bac8143b04a188deb3f817e0d06d1c3c40a328a5b9204705c255384de906de354187737000dfd1f6a2b026195aaa8af3d44cec4590ba82385a8d72961cc516922a56908311826972b6964dcefe0fd942bb2e5db4c29d1c67ad14bd8f8183c3c8688ddb1a0d08d77a841985c112a2d01e8d4b661fd2fba102e62943a2429f332a2b33eb49b47cf3acc6ebbb8dc7f7a2149f882f2689af29c2dd4c247d2d6fcdebee550e318ee83ce6cf05880aaa0ae551a50a5003d206d11ca1a221cae867b2d196f618527ce0134522a94aacb627b06f94e522b241989290e795d409a5fe5585a443adbb00dc2cdcce
1787431044.252577 vent discovery/pairing handshake (vent powered) RSSI spike: -50.0
  -> 255 f3e21d4f8267f962bee090545612b0be3c3f556727b24d6c82b03da62760d0d39befadee9941d7006a4856614c1e181b0afcf9859c443c293e14fdc1e0f2f9d39a6d01dbbe0ae0ae9bb38b8704233959f845b47d30277fc7c5525e482584f8afece7ffd1c329a6fc867a616c6e0e2192d05b38c2e37b02085122f970a5947264553d4cd54d0f85d4955dcb5b52abd9760b1c071426fb094373b23331c186ac26b8209cce6de3a81f8cbfb826cfd1bce7441e1a69d4bb9d44cda0a40a327634d9385c2590c540fb459aae270f9340d15224620f201e1b18b6c31f89e771e8459047abc5ac7c46c49083d5051eb9a8a98e4c77d6bfac9c51c93808fb00f5cdf4
1787431044.252817 vent discovery/pairing handshake (vent powered) RSSI spike: -49.5
  -> 255 5a210e26984cdeb0214c9f572ce998c0a3b81c101f9e7780fb5bbba05b470285580375efa6438c1beb9933c1bb4095b8be3fdddbcd3e5d9b869d561b04d340c1ee667c0e1dcda5989a0c0fb3cc614c5aafe08e1e3dbe588de47b43efcdc67d9df95c1aeb7f434ed70ec295d94c3f20b200e7e2f9223a88e578eacebd13c81c9b0ace490706072b33b5fbe3c41fa9db11eacca1418cbfb3163ea2f390fc512974f01cfa69bcb6f416a7169325b1fb9f2b5c11e0e4b6dbbcc6ca0c033773220a1fddf4911460f2ae9751e38f8c040e4cbc41e75040180bc03fa99328e0837be1ca640bd58d6568ee5f0f60354b1931afc2a6ca21e1aad6d37e6961b49d2990da
1787431044.253029 vent discovery/pairing handshake (vent powered) RSSI spike: -51.0
  -> 255 831500c153a8b5cd45bde326a785313054518e9a8ff9a023eb2d279c85fa59e96e316e5e8bef633bb8439e5f26042a9fa418783edf21596ac684dde46cedd09019d18da0e39bb5655dbf6660f7570f3dda4f0cd95cc945e71db3ba7ff9d1c66af47129b0f4b7af74c7c93ecc392fd98a5fe87d1b1202f0c3ba3766eae0395b26dc81b1bef2d8460a68fada07c70573e4f0ba77e4d4abcc8488f5f8b0e465cf9d4c92025eb37915b26030b69c79fe18ef84c294ef2f0dfd5750ae2457f15dbbe5012d267e2b73f66fe7f25c8c1d5896d036ee9242a7f8b706d03ce54d3c11d08ffeb9a480ea2c7bd0f286c97a5c5225df68c49111f7c00ff5c289f479fb1323
1787431044.253309 vent discovery/pairing handshake (vent powered) RSSI spike: -51.0
  -> 255 35115bf09817e059ef2f82cd1dfe1bd8773681516cf1506117659fd2508ded28cc30a3be716c6ce88af27994d620368c2163ee3c968e02aeeda4a1fc9527c4519da4d8fcfa84c2e205f3b3d068616b1f31c52569df34b027eed9fe205fc56c30840ff4dbf0d72a476dfa3854d8a5423a285986eb1b5cf251bb053a208531946680c60899c7387fea26ce86afb2c8f589eff5af2b8fbef527ba5fc53c69eccb619c748f085aa637c33a86ff396ad229e7ad3ff65b434cd835994089c6a064dfa091cecc32d4aa0820dc6dcb343a2339fb3c1fb26dd37e2b6405074fc0119dde83e477ef3e1d6fbc9cba186950cbb840781096a0d908cc97b4a386d136852784
1787431044.2535932 vent discovery/pairing handshake (vent powered) RSSI spike: -50.0
  -> 255 c521b731def99914ffb2a40f4586800b174d3ad137d269243341b46e543d75b355bd4464d4f7011b29a748327c80f6cb07c3c1616c8a2a7cbb7a71fab6cf7f440ae59ef23383409623e7662b354891e4c10c4fad4ed7b93f680c1db2c0c574f7264f464fad874d719313b18eb3682ca8bf496199b86a099f1d702e2eecf833310588c0de0ccec75def1c473ea202a21a9710b08470f6fcf31b15d56cca385d844ed730e30879404f6e9cd1a8d562c57fc8607ee93914d54c73ab1e1dbc905afa36aba3ce51c142cfc2090950f28b2033dc4b1b7aadba79c3d68bc6456b30c86a4ccb3bf0c5e1e82f50793a1ffb2492813bfde7bb51dd57fa04f261eb8a8e4f
1787431044.2538738 vent discovery/pairing handshake (vent powered) RSSI spike: -51.0
  -> 255 a93d8b708299e9ec897106da1a86c88367b7c37e2390d73d6611daa977830b35f95c7fda793d61aa55337dabc77e7bea042f7ba1d21e2dccd28d9ab2feed617682874686af34fa9fa8ab4db50351c6a054ee4a1f1609ffc311f621c6d49b81b206bfe5ff10b56ea84f3cccdbceeb32e7cd32083a45b2ad4f7ab4573c14b62b0c5a73e00808fdba0325f491e47f17f7b1d75723989dfb40fea2f56d315e0559571f7a1608670f1bae1eeedbf01360feb487a31f692cd3366864c56f7bd6cac687c78753b34106183518ab04a7ed0ed1882d11780cea6d0a81b7e414d69e1f11af0592b5877bd4d208b05fa5b85481ff1a7a884f7eb790f8dcc6c29b05572e0d
1787431044.254189 vent discovery/pairing handshake (vent powered) RSSI spike: -50.0
  -> 255 750c6e4110d9497c662ddb1e409f4e968a67cfab6ab825d0d988a18912b84c18e60461b37a23ce34038917e621a9ea4da1813eff57704624a679c8c556f9cc9ec512bfe31469d704f50e0f17e8b63349300288e9c178711b20a4becb2a58150e212639c14972a5ec72212fbca4ccd73aead7ed0301221786b951460238cf218ae5f1af8d020c1479b9a66b661fe618e069813037eb08b5d05fe720358eb65fbe42dec4369d64765fccc6177edf46826542637a9f8fbbe0ea86f135663220a9c9595b7903fd504bc6cf48b55fcda735aa465926d1b4672bf459364c325644dfaf9131e559d198607628ff0c1cdba0b38da76f732bfc13e0a191ede884e62c7b
1787431044.254445 vent discovery/pairing handshake (vent powered) RSSI spike: -50.0
  -> 255 bf61694e08844d0c7dbf88f6fb38ff6357cbb4f53cd03a990756ccc4bc3da091cef262bef0eaaa94edac8a2a007ebaef84f59f51b0f800f8e4aa9297cacfa512a0f13c0a53e20f2192d58fd49f939d93184eec8d8a5f9737d643cde9d458458e88c5123feef197c071305e443da82726c96e81b7c5730e6c16bf1c2a37755b6f5f88a20ea9b99fc797080ebde14038f01d976f986ac0fbee40e9d1113cb2cfa94218af7f2ff0e28761ce7a399e7d0340c60bf4051ddbbde443e22ec4cb60fe9b1671a31b2f7feee0fd3cfc7594098e4bb56111a7edeab577dc86676c138c8b23b640ff15cf6fc498e9c716613a74808748e8382f08f2dde5cdf47a904514c6
1787431044.2547 vent discovery/pairing handshake (vent powered) RSSI spike: -77.5
  -> 255 6ce876bc50efa40ffcbcebd38b78b46144a71dca168682101f8c0acbadf93039c32b1b9478f07d13486802209cf9b85429335a3b7529625c96a822775e4e04a805db61bec26487a8dfe8c2fc5e3bae0e3bc36ec94ee3a51c253f63d6032388ba08dca3e66b698e792ae9ade0f6bbeb6d7ea6bc0414422fca5badda18d1ae409af6c8d85f809be33456fa33e696dbaf76d8b8e20515a1571eda0e9d8c5a93b387d2345b6f808eccf3b025ae93f11b61389f215c7253793b21a97885773dd41907df883112f7a09c7d6eddfef717368e23bd8cfe4be2ebc2ad43e8df52d8073dd5f93840cd2aa6ca894609872ccf230fb1f2caad72c4e646c1acea57b5dde9b8
1787431044.316719 vent discovery/pairing handshake (vent powered) RSSI spike: -52.5
  -> 255 45af0b6c0e0d69e688514970d24621f4f62b5a816902f0af02334baa0c17c71d3185f6ba2facfd2b6f00489673529bd75a0f6a04bd1852ed1ad32032b16bd26c713d7ec548520f07f88d579061f12a64d21ecda7f8c71eafa3b83d109784af04cdbc254af63bbc8bac617a99c48cb46b35c1d148810809cfe3738d231a9d386d0a9a759c1d297a09b3f245fd1a30815dc97b2599bb81be70f07a8c247476f8a75e77073eefa18892e9030c31d0226ed75cf4ced27d517f04e2d391f01c78c0496f1b5426548c6ee28c68fc6b898e2c7cfa1f0b6d8ad1dd9ea76a92edbfec01cd2a3d4bf1685fa291f42ac6d1d9325915485061d60daf326767fde99ba904c6
1787431044.3169549 vent discovery/pairing handshake (vent powered) RSSI spike: -49.5
  -> 255 702354bf1ba3239dded7aa5d53fe7cc70bdad47b2253e78756dc108208d191f71d94836b8cb185a19daca82da4968d0926a7a36180cd4da9b187f0a47f2958a536a3de8da27b469933aab91f33585eb60f0f7f4048e13e5440cbf00402ea95fb0e3f03dad01960f72696dc6478474f068dff58d13f9dbe9994735d200614348a3edd26fca7f28cfc12a6e86897bf26f64a5204f2917d40d3fd8e9b3236fcf4cd6f77d109a5c72b7fce25d21257c05b1812a936e674f340c945e70e4d38edd13a8203af5b90d61e06968620b87379525fc265fa44206e54e5b851fd7885bf4cafa1514030f17b5de17d325c91b3f6a2b54fa99fd5b0cf0316ee753d9454a5ed
1787431044.3172212 vent discovery/pairing handshake (vent powered) RSSI spike: -50.0
  -> 255 0cb77635692ce386f8e21f6805741f9267794aa3588db733e9bcf83d6bb170354325550c1c6d0f6b65e0c0f7f327808bb679151de292b12ef1dcb73a97aad7dffb49afb5415d942eec46de76be2b0db577ba46d9a8ecb8049a8f47037e9f1bb2ba67bf8c15356862db1a04bb924aa11d0e9ae73cb21ec61e1e76663421376f4e7bff15b39e327b1bf73d72f953c7d83aa68518df8f3dad04380ad5704c5628277ce3581b70b3d1b67eca6ad32682f8c2cb67bf6b04680c8cc778110b9e4c9b11a1d756bff1546167c23446652f9f935096b728cb0831b226c9387eb20cacd98fe5bc96b836dddd21d380d74be830e27024af9d6207ed5bde60125b077e4044
1787431044.317469 vent discovery/pairing handshake (vent powered) RSSI spike: -50.0
  -> 255 ada0c9de64cce4b54553f1d067c119dd9ecebf3fb22d856237ef369dbd6a52a10c9cbc06e8c6d5d48e1a398ae777197953ac5cf68a83d2625b1bcc17d3a6303b9fc8df9f1f14b5ccc9e11f054eb885184a2c3570899da4a9236b12cdf63262f3aff1631be2cfe94e3c0237082542917f3447620cc9fd6f22ff88352ce65fcf4c930765f662a1dd984537fc1439e1855dc717ca7ffd461484ec3f105884d788b98aebfb83afceb1ea79970fdbf266c2661e3b1c10cd7b1227dd7f8d7df16a99d4cdcaec2961f00256d972b8bfb2fe8b91d4453a7e65ddef01fdc7c77edd4cd9a97a1991a7da2af2c518bb290badacfd3b35cc6b2ef09593fe6b890c292d7890
1787431044.317716 vent discovery/pairing handshake (vent powered) RSSI spike: -50.0
  -> 255 42b1efd773f332d9ac7c31df92eadb56d42a2aabf655a278e40af33b115d200c7314541132796fc6abf519a9c8578fd17c3bd4b749741c61a080614aec4ee2fe37809f22dfac81420c64911b5f0dbb1a11bc28ca0e1c82765a593eadc655c1835256847d179a018835b643b7ef89352c3d2e00b4c0b73ae83e7c6079de08c3c78068afa81ee8c01c057bfe8bfd6d04eef4140a0bc1bd18634e11aa11e2df791085d7e5d49b872b87b4504e0d07efda80967a77e3bded4e1db24012a72e08786291b176af2700a40e15860f9436259668f08bcd59019b30290943d80df95b47885f72a52c8a1ac8373bfce191bba737ba0be7809bd24b254c66648f9df7e454
1787431044.317924 vent discovery/pairing handshake (vent powered) RSSI spike: -50.5
  -> 255 4ef23fcc5a1c3ecb1b058e5b2de030fb49194ce5a7b603d86703e4e62a731de17f12dd06c3bf04ad902ac9c56e7e599c97ddc070147e01fb15c97f67fd1a21d53531bb94d42c1114bf507625e23f03b72a583d08203ea04a3aed8cddbd0c311698ab0e42a9caf02600095efb1e4c4f7c27b07cd416100a2a4ee77a3ad983ea0d2f04b48399146e61ff78968bf7d20100e0b17e45a2bde302efcd29f51dff8893b80f4e89ec4c9e1b3c8c829ccb815dd72ffcd173796856a5066d713643f297b40f9fadaa497525c398c0eec62fd516fde19902afcb6607d8f795f7d763ed45df9fb1ebc91ff4ee405a153669f8bfcffc9199cffe7e864f38454af896a377a0
1787431044.318182 vent discovery/pairing handshake (vent powered) RSSI spike: -49.5
  -> 255 67b011f2861768bb480ea1518bfe4b17b879781d1c0fb107d328e4c3fa0655f5641c9016c343929a0b55feb6009cc05be8b095aed12d655880dde3bef58d8d7884377782cdde47aa9d43530f85a7ce00f57e663aeef52df0def256ee248e67ad8d75f1c088e906dd91d8ee4caf13d944e84a04c87fec2868fa1efb87941dc35e5b5afef26983d6a9b5a03d8009ceb030bbc4167b63b2825fad8173a90bd10b7469b1ea8581c06cdaa7bcee32102b7612b9db69658d82e7ffed76d4c1c9515fdcc5ff2881e09aaa8b3ef078e635cd3fe78aa6c084a61e92ed8738c35dec2f76c7c19de6edc315436098cc5b2ddee13cbf6dc4b4c824211cea6259e95c53edcf
1787431044.318452 vent discovery/pairing handshake (vent powered) RSSI spike: -50.5
  -> 255 07b1cf520a1e7740f6b6cd2baf6a33e8e00146ff9053388e7f3c2e7155b068fec138cd28c36f44b228c7a6c631df8597d36ea0575859674b69985cc90091455afb3233e5e2d8baffacfe1f61f2832c408a8920fa8b7f4ff2b3c3afab0171c7c292b70bfcf61abea72b680a9a5446e00f9497e304457b244b86ddb6f306f0efa74d7d22318a19df1f2ddcc6871f3a088fae873198c070531eee9bc082fc52211e7e2208aa2a4a20e4ee73f06f7a88638e905c96dfc34849c66b29f7fe89af81672db184b04c25b1fa5270830b44ac7a6e22a98447887a4cba8fd0b26b1ddf1801a8a9311ce26dea39cc82ef1833b02c9d4f6d8a0682f47876c21da29262ca31
1787431044.3186839 vent discovery/pairing handshake (vent powered) RSSI spike: -49.5
  -> 255 7618a1bfd1e175d6e61810d3595b37c14743cf89770b180244c12137467d727d968476fc28e39f9acaef39a3bbe412ea59dd1da84dd281f5eefa153415ddfc799bd7c83946a7291c0beb09e4904db5c06b8d1909d97d08674fdd03c9c82100b2d9125e4ce11fbe34b8f4a59f17b5db8c31cd48bf8b43f4215f2247c48dfa22f7d2ace20b982ba62a4405668c1fff45c77c0d19caca2912bc9e23c026e987343d30e5bf3ed63f06a84f373c022c21cd37747f5bc1dd5fb9e34a9ee80bde5c57d187df63b8ad12f0c8a603c8a29fa26dfb8d05b7bf304574fd4de1e1e350d626b9a81c43635b3f68bc2cc8b3a4f9a4a5717bf49f091df6bf558fb5298287a7bd
1787431044.31895 vent discovery/pairing handshake (vent powered) RSSI spike: -50.0
  -> 255 83a0be08bcaf44b8abd281086c580271fe3ed7c81727017e69144902c2077a49ad4c11e59b915ac36af1a016c883a197d16a5c03ed5b17f3099bfcf044ef066542df30cda13aeef68d9e3c17353986f957af7bf40b4dfe994d2ce5026dd08a1064056865391cfcb5edead036ffe7bf3ce6c82ccf64ee84f8be4ae2c3fec8a8da97ee3cb8d2d32112ca7bfbe2c1521da45e875c1a0d7efa04b0c2c0b5d8ce5fca8fda2008c6d688f45f4c6edcdf1936491e19b6b53599d26eaddd86646b6c9b3d02413238d3f2861e49a539ceb960684979a3063f377bcb9b8d5312487a2fdbc8b93d303bec20dfbecfea0fd863e431cccf61d61763697fdb8d5b961839911d
1787431044.319199 vent discovery/pairing handshake (vent powered) RSSI spike: -49.5
  -> 255 e97395e576941bc70c9b859b4f49f1c1e25b04213b67732694fc475900653ce1ae63eb55c1b5cc5d2fad941614312711a0865af1c7d83c866c70ebad0e99d3e9e2579c0f0d17c8d625ba6ae6c3eea2f73118307fb8abbed99c6f611f849cea0934db13286bb3eaec1f84524bc474409a2a8370c63bf0b505f023ad79aad92d1daf949e58d408a47ef949aca5d2e647128aab9974b12602710741ed68736ca2cbba2607f21581bb043f1f642ec3edfc9ff72d80b3ff36c2ac1f2a2cabad23f699a8b2cd83cb2c8c549136a414e30d8d1742bac77b99e87de1a5dcbddcf85dadfebd63c60d90ddeb48a76af1df8e719e3324a32203e6282606a2cd8e1138cf33
1787431044.319444 vent discovery/pairing handshake (vent powered) RSSI spike: -50.5
  -> 255 af2afbbe46534694f3572482d8958c128246b676c197beb7e138bc9a924e8d17cfba6c611e1b57e69cd48d65b662b2bd3ca8900de27b7955b383b90dac79921fa137560bddff4ca1f0adce6ef1f51acde026badc37104c32f929e37fab84c02c13c8bd035445f2578adabf3fe0c8416ca51f3c0def9d6aaffb910d1ad882407456c085af32998a338f08d091dc02391ad9ad30029ccc502573e8e649ec39e78f4159ffd3f5a27f1b2fe3b90bb10d1b6cb4682463d1f7156ef52168a1e95a110bcd8a73c83d8a24123aac83e8380e3f52ed334565e5cf9d2eea212ec2939b16f171323fd34345c221daa1fa7e03e757dcd8a56d2cea80a758df5a48e71805c7
1787431044.319749 vent discovery/pairing handshake (vent powered) RSSI spike: -50.0
  -> 255 deb94a47e38bb272303fd5b2c220b4adfe50a52f4e94be2c06f74486aa84fa0cf9e0ab76e65ae52a96631f5051a965a99c21ee13ccdd2c81f175ca81e0eff0a10a1d9a146db29516ec7ec451682024e61e2a4fee9ad8f22b82744c105ccf0fc696972ca1a4187332a8e9915f58e02b8dcdc183fdbc8a7e7288722ddabccde0b8e148e3d85d8454992bd8ca6a6fe04464e6c463b7fc94cc0018c633f017fd6446a885705d4c21eb321b45300e505359bf52f8054a6a6817bafe30045644e868518371021f6794b2d27f94932e00a6eced21cf68071a12008b9ca7aae3950bdf7dcbc05f283a1e04639aa14a57b448cf601aa7f4e3e20b204046f8d2891fa0e1
1787431044.3199942 vent discovery/pairing handshake (vent powered) RSSI spike: -50.0
  -> 255 72a24e3811d62e04b685f1e202406dcaab8ce110b234f8eb8021550bdae702e17fb93f82743761ae44b7749ad74381427c5122946739ee21dfe9da82b98b2682d1b41707cf8ce5f63b8e732fcd9140204448bfc0d0a3584b1d1092fe8834d073b5eec9056a0bbb1025f8b13b5a30844780b2ac91db6146763152238b8b550250cffb44c9e14f61bc77f5b32e9cd916e5e5b2c2283d053f59067021dfc3132c315ffe2f434c01568aa218445fa210c2ba4f64873bb758abc08e92a28004f1797fa15ce750a1b3cf938e168fc11181587f7041bf87466cee45a90a974431c34530a4dbfc13e70c3eadbe5fb3c9e22905da8f6a1290511f676bc7d39d34b574d2
1787431044.320298 vent discovery/pairing handshake (vent powered) RSSI spike: -50.0
  -> 255 c38f29584899f4b2975c347d17e8670422c5c92783133b0a479ba2f6f01d34f4b9da24fe188a0b6fe09590b0f2820309ebd6613fef64108c2d5e78df078da2bb474be8a9560752e79d5aef5456e07fa9cb4487c1ecef4a19beaafb4f111ef185d65af4d7a064f094b205e267bd90c6fa7725da894c1fc904bd669e72e60755004c2564f0639d0cf4e43a4def7914cdf44ed8f6ac2c90dcfccc5c4dd06cac60881ee84d2b021005e5f7c2df9ea74d73536cc7a7bbdb0d9297118125221133c6ff8a9a5ee51cef142ade1c5565ba2d7c256b00ebaac2826419dba09d241ff05cbc14c7b6f235d3bd378e7ea0bd451cf4efe37e5e56c52db5f2c2d74296622933
1787431044.320534 vent discovery/pairing handshake (vent powered) RSSI spike: -49.5
  -> 255 14a70bdb88ae03560ceb6def542c5a639ff35d4cd8712d7799fd90bc8a3f70428c3e157ccfbbfb563c8a61bfec0d7f1c70b0aa68511e34301e3a04a3e6311f0d222e835f1beeb18a82f6853a4653b2fb347c2374254b1eab314007acdf481510901c28a3a51c842fd75d1cc8690a4d2a6134b41d1569e917810f90e08efa6ae61ef6ec5273ef30dc0ac67758bee0e98809d09a4d3c26d569fc770c69957d7722701749701b1cf7fffb4d78b1bffae278770d9a6f25ba9de3cc91901b61fb8e82fae31575fc31c9c1861957fd9cdc69782818a436d54bb4850fdf28d1935477d2c96f1af82189c345ce001047a121674b3d0befeab0cd5e8b72349885fbe43d
1787431044.320767 vent discovery/pairing handshake (vent powered) RSSI spike: -50.0
  -> 255 df12198081d3d5129e27624c34f8a12e39267367fd86ba60e75edbac1e205a0e53b5f305a252eb5e0065246c0acfda6469d2e501a5e39636b304bffa6d38630e554884aaa05081b300dae39facb2c0f13d12cc25c8fde974f2aab555017f7e34a2cbc648e3afc135048f93d561f6bb93fd9c27ec8fda0e328bbbb253fa397073e40d981c61e6ae4ceb5a10df7e3313f3269de07027423e39aeb425cf3569f6ab3304611fc4e22acb3dfe85757b0d13728fd1d8b34be9298e2bce0b64ca61a99ad9274ee3a42c1a016f3d83ddaf1e395d01a22747ac8282d2c2dfc82cf3bf39d55de4ed3879521fd75d79b17c48a2d43fe5082fd134ade1146c674d65ed7706
1787431044.3210099 vent discovery/pairing handshake (vent powered) RSSI spike: -50.0
  -> 255 ce6fae8c1f8b62ac3223ada926eda453c71af2932aa6e5de3b399924d0fce754721794e4bc40f7c5f6406453004a28980a2e229d454472e1d8fbe025b184d1d53740ffc895fbed23f2a8d73cc504ee2638a3e99c6c6aef13d630c1679425f50a4bbef04f020f77672b978bcd293d860c381305e8d4da4394f62acf389d636425ce913d3044e1b56aa37718e88e61029ac0c4f8e7864af9a0f8c14666be69fa406f374c30ebe20043f694df314677621e865907894696b287a5321dd8e5c584b51838997df6a2078652589d861c92a34a8c166fd52530b5b402b4a07ac757a698f99aa43dc493f20dc865ea95d51b1eeb3b94597cf51d2347155dde4aa56986
1787431044.3212821 vent discovery/pairing handshake (vent powered) RSSI spike: -50.0
  -> 255 1d65e9c914c02a58d2a9a1c85b273cfe786e1d0ddf68519efdae23662f35775187b7a84f0b9f72b689d8ea5ba2c4bef1e83fc5511e106687a1c473558c3134b1c0f9c7bda72535fbc4b4c49cb2d9bcd865b6fe05f93188ee8834e05053c86a21f92776f6eac0a61ed5f68561a2cfcc0fa9b9c4187e8c0db9a5c364bd79285fff1eb2b375b3dc10e394c7db084bda85e3c400e03d33efeef4cc54dc45c01048407e41afa816a75c32a3911f465963fcc79fa46d4c4ff3b4ec0493dd3b65b61335f900d039142fd7d566d04baafd0b7ab2957cc253099aff25246ddf79a5a1d3153bcb991ee353e66afecbb82046e4b189efb6978f8fa3854a7c9fcf5ee59d25
1787431044.3215098 vent discovery/pairing handshake (vent powered) RSSI spike: -49.5
  -> 255 d1c34fa1f6d77ccd5e970fe6ebe71f3e448c8035dd4e83dea033998170ad77b6a79e1e57947ca6b9cfa8e53d568a423adecf87e1bba78cd10c251ec5bcf5396141863740c29ba0f0f0d22b6a97991109c53c23e575d51b077f2d6538e03d5b3d6118c3e1252942f21954a32edf1c4c1e2dfa137ec1e7ad1e0f30fa45a99d1096888de877a55c56826b1e9f514a2e6e389d67d5849228531c18efc7828e9338547166c8f13bac4cc93cbff71281783bd4d60c253337bce457d6a912dee75b9caf67f928404f1710a5673613caa3e4362e5641cade3049b0f35bcb034fea47320742fa1697c8996be57850d91f460ebe390cb0e926610b91231a83a62d72d0db
1787431044.3217611 vent discovery/pairing handshake (vent powered) RSSI spike: -50.0
  -> 255 7f5d2b179f58debd02e10a284dcd64419f87be57c5b9369e9770d216588eb0a4e2becc58ede94c1fe9aa34ed9fd452b5bd9e8848fd90754cf121ac5a5bb48ae94379c56e4bff9a9618c2a1be22826986f7f1acc6f63d16efe64a2e0c04ea51d6c3b3d4fac076143eec04ad5e40ff0bbae533d03a5eb8671be03bb5df4e863773fb97722aa40cc3520803b6cf8b7f7a5f9820bc4bacdb730ac366ddda0a9ba439e593d716f3776356d5e642818f64ed1893dd8f1a642d22e78938b9356f871eaeaad74bb0e5b631531d5ade7eb0c71a14fd6481cdee2e54363ad705c7e184bf3d4fff0dd5847aee2a5e7b902426c93ff540aa43e3cb56277276baf301c8ffb5
1787431044.321996 vent discovery/pairing handshake (vent powered) RSSI spike: -50.5
  -> 255 8b84e5e9c97550618f3b99b576d6a53fa3e682b7644ee47d25313b5867d71c41fcb20a4007078515fb72f8a1ecd326e5268a200f817462e23332d1bbc4c083a5fcff32a8b8f4c77414fe704654346fe9663c180b8a93ab34384ee37b0e3bfc6d74da0e3e66d2268731658b5eec8f95e8e336ec659065bdd2f77cacbeef0429491f71444089f5519eb36d91f618bfab53ab28aeb5d57b74f350dec760a65ca3fc9ede08843c171e4e08608fe6f28e9c39cb085a9fc9a49693284a7707f44d80b8976af2e6d98c06df3eed7435a9452b8322f11802c4849828bcdc1872dd73f4517f1213f3c79a9f236839ac0afa3e59ef7d40f83a9861097b6912a2fa6790f5
1787431044.32229 vent discovery/pairing handshake (vent powered) RSSI spike: -50.5
  -> 255 c79c9f0d8fad8f641ef9fb78e11a8bbeaf2119bd788899447a556256391baf6ae8dd088767cf8e334de6d206ffe2aa310ac6344ade8f06d4e365b27a71f538b808b5df9288a01bc22b399b7c88660857317c2926ae4d0f3974823bf27da68a07b3d3efd045606626360bb7ffed0138cb5ff48fca15abb156f1b0858cb0c761ad3deeadcc9de23bb1ee18192764082d0a18e2b3c0ea3b4d3323ba27ea3eea59a710d7d9111e3a48bdb4c3e0835f9b7029d3ac608ad4338379f228bb60a10662d148755c5ff74808509b29c1e0d6a407a03b8ab7be0b4ca5a37ab2a6f2849dbe70b3e549f6ea6a5485b4282bc14aaddb4d05420732dee3c6eb945b4ae7d5262a
1787431044.322571 vent discovery/pairing handshake (vent powered) RSSI spike: -50.0
  -> 255 6e423fab24518b9f9de34fc9ad7d42740ee2abfcfb07b73b5c08640c216528a021c0fa673e4fdfba1c449a0d076ee412aeecc3007c226c62f6ea80ae5de5eeea73ffe301ea2758f00cf6635cbc5e387961d181bb5db1f5ccb6aec5d79cb5ad252794ad110c24e481fc2a012f5f0190da52dc02744b7ce8ece6e31f32bab4701f09343f78041ef85788eecb0efafc9b24f3ff7238418b1968fb4ae7d986faaece4a4b876bfddbfa0f0064d72a18896dd9fc2991502723651f1f6db6e2a337e6fd94201703457540b64caaa03fe924ae2e3319383a31bf397fad9505729a76f14d211b3942a0c298ab659b242b7f3b11c0c265bcf5de4c3078ac05bbcf7437ba
1787431044.322813 vent discovery/pairing handshake (vent powered) RSSI spike: -50.0
  -> 255 b811ebe5b124bccd0ab49178d75fa26cbefe0ed0bb29b15061c7f87b512a60c60624299c345df273e7e2e27e959938f7e81c3dc75ec4585bb2a29d6084ff271a2d9f2fd249d1b250a53c676f08b6b849354bb2916ae14d7307a92e3f16984f9699a8a48459066c95e968fc7c8b9ceb214d81fb1e194d7143805d84ef8b833f9ebaac1712c265bc5bc90907eb4a2579d505e01d072617afc2740c1fe063c7e44023c80563f565c4799e3b51fa60ff48db9c7dba085ed9dfc30fae89c0c248b6b26eb96a471c02586354795bc6c6fca75fb7bd404f19fa4e910bdb93b159e8bc800bdfd72aa8d689e5bb036e32aa18896bb8f682458570c1fbe7c78799c58297
1787431044.323041 vent discovery/pairing handshake (vent powered) RSSI spike: -49.5
  -> 255 eedbe952916d7295dd840f821a3b4656112266290da9917f65354e393da01b73589b0087c188883bef0b7e64b4ca61fec523cc715c2f29803408aecfa7ab3bd3d033bc27dab2901a9e3b5225e365b48cfa2b20a18fbba2127071abaa93b07e0edb3666ac56e7121d78f52c806270426fb287ec183beddefed24e7ec053cf005ede549e5714195328a62c5c3b62aaa6e812ef8043e201aeb1fa1087e13356956dfc9abbb1020010a66995e3c3e4c5a7b348e5084868817f87d59c1345f7cecdc84e3a47507cd78728a566a596086348d3a890ee2aa62dc19270a063ecd4fff7ad343fe8b26655ea4d728702e881577522f680f714585d186d5d5a30da143e81
1787431044.323312 vent discovery/pairing handshake (vent powered) RSSI spike: -50.0
  -> 255 9645bc4bd49a240c8cb8c198c2fd3facb0f2745ce815a8876a7a5d6930bbb877c8b2ff7de11e3d867fc91967c4def4e8bc5835c7d5d3fecab3420087a23186c65b7feb1d09f59f5b0fa1e005dc5df42fbce74de19351021eb7b4b9e808063aa6988becf5407171bc1d2723bbbc2c4888eb5fc1744f97107dc517bcc8b60e5a57c8ee8727a647b8e8e2fa63dcc46117c74b1774d0680c9304cc1121cdc5359e5d305c77c6bcbd3dbb23e5c0cabc92a56ad278bfe764b63f4c67ccd273582b6e70bbd28a89724a64c99e45a7d96f6e3f8a641d583fb1f1c73812a57f28e7e94070e493ded2f38a1d0f6f03ae3afdca32fe61e3c8be7830894effcccabef480b4
1787431044.3235662 vent discovery/pairing handshake (vent powered) RSSI spike: -49.5
  -> 255 c737c348034eedcbe2dabc3e68451f4fe2aaab89ffe2d5a7809800855203c2579e9ef907f477b5fe833823a8204c3f13070d56b050caeff6cbe5a379841131f31770c062cf2b8257c04b6f9ad9f99c3a5d16d48b03c8c1567ef88159a5c1f692ca60ff09576402f42694ff460d80d84b1b0838604d4e3039f57e8659b1e3da1e972d9dc10655091fd17a5ed1c3fb5eee341478badbcbfe398b3b11bf34177d77a8e8dbd9bf193a5389d905bd747cbbda41642a4ba6252da43a138b6d69dd2b2abcd802a857ad66076c1a3f76965f66547203f048f5adfbee43035f6d8eeb2a8f2de7d8f996cada6e4ef71b20234c237bb7d0e47e06b59d4a99510a39c6e225
1787431044.323788 vent discovery/pairing handshake (vent powered) RSSI spike: -50.0
  -> 255 2477a318480caf0dde1074337a67197007e6ba7a3f71d9a2a1d6f7e2d2e36db67cf5258c38d95d12e9fef67f2b9e3b3109ff01c53fa6e0dc7d6d25e75fb088309a04a0b3aba5f817940719690bee910ba8e631865d11fbec7e742160852a0b37c942b5bf3e56f4d245ce00dc12d87f02107b55f414126de419352d1656eaca4c6d7e77a0d55a80fddc861db8eec0d7d3f3940f8a0eb9957986bd6adb56dd24429030371678584fc4108aee689bf4fa5e16c083f89db63ce83e7bf00f5470594986e2bc456c38472bf15ffc17d4cf14df6e2da242dbf40f1c99aeb8133971679ea408658fc6c50021ac2aa686883b43e5b19d3e4c5a3e632871f2870702ed79
1787431044.324009 vent discovery/pairing handshake (vent powered) RSSI spike: -49.5
  -> 255 4a0e0d850e6459d1376f9acbd9d5f822ae344196e6c9f506be3ec84d16e655f2496c259ddaf54436acf341e8a2d7f53cb126cc043fd52da791b7707ced0f0b48841c1b8541ed83b42532f52d6af659934a2c239533474627e2e10926b3a09dde6511b3b3a5be127a303ba051a7afb160863c0b8be307220f2bfa762165565e33e8fbfc2bb0016efa346503c93ecc012ec6c5479de305d7b2a3c8086cb9940455b298c15aeb6252d08074526b2ea322980288a236866f017a40be4fcbf969b60cdda19f65e406e52ce57d644bcaa2500ff712c9fbda5cefa0de988089cff0ca904d568f81406b33e17a9a31f7109d8f5a439a13075cbc052ff33ce7cb5a4bf3
1787431044.324299 vent discovery/pairing handshake (vent powered) RSSI spike: -50.0
  -> 255 7f5d37bf2b02dbbbffbfd1e242950297d68c78619802604bd4d97c95d976ca716c5a8ea3714c53de4edcfa7b63c0e8d2a5461df2bbbc823e95ade459ba2212a44913c6f700ec791df3fd3302579bf59c86064732108067e2a3f68e07ba710105f1fd2711531ac2b7aa5c6e6e190c394dd83e27388042cebaf01fa69e271543c5cf20aa4c680c7ada5b6f0e7575537ee27170d61da0480347c74d27b52bc36a8ddeaffaa5618cbaa8f1d4300b8e184024c98ad1207ab73a284e13280c56bdc7cd4cb9062ea943f9bf618f9f274ef4b54f781c04ef207373a40ee1c4d196213de25bb6cc771f3e0c5a60cadb8f945310a4d02eb9573cf00ea85b6ab28d5b10af
1787431044.324516 vent discovery/pairing handshake (vent powered) RSSI spike: -50.0
  -> 255 75838f3ede36e246b3deac03250958e48d6ef3dda83a3841f03cbb70e8a15d51c5c1ee3dc01dd3a0d41bbdc63d22efaee90b6b7c0c0556af5eea32a88c72d8cc535d3413cbecb0be6eb6c10de622f77fc5a4095f13e6f7019d35ecf7d57c431703982bbc0c423083cd1d5eb80dd34e9c439cfe35328ac526a797aa45d982c9812f3aeae5ef9e22a06bf1d5a1185f2918220360d76331748700e7c6a13a285cde3df0f3db9c21b9e7a989f2c668cb97db4f45a09f8e55826154fbb1a8ee8ebb0d347248cd20ed1ba5e8caecc2346078fe6c3bafbddadd3237cadbc4f2077ea4980a8ec08bac5614301cc2a1957d76dd3438a2ba14ffde4919131ee0807c9752
1787431044.324746 vent discovery/pairing handshake (vent powered) RSSI spike: -50.0
  -> 255 44f3abf9e543479343c42c1808307341b9e14284b10c54bac3873065d9d27e9472b1eca5d4c377c43b0d3f0e0403996a00b9df46410ecf99ef192df712e200c20ad67dbe7cb631da9c968f24d1e39b019ef9b8a2725644bdf0fafc12528bbe08ffc5e6a3c4d480731637cca8e3334809a3c2bfa258d364569f15ea6a0922753dcc79236fec48bc0248713153ce4db3a9cc483e2644ffd284257e7b3e1b7f4956ef86007163018a633022b5637e2add785a24cd29ff15140c371f8c4fb06d0aa77ff1019699b238bb15923e6c9c39fd63975e5e27eb765d0446492ae02496fe9751c216341b198873f0f72f3091bf8d6d182bfffb6c06f2c7519d419eae7a43
1787431044.3249779 vent discovery/pairing handshake (vent powered) RSSI spike: -49.5
  -> 255 727a9750388b47d5b44a154461e0c2a8690adb687ada29a9cd68b8f6bf97f93326c0082b8cce7ada72a8b6502ccff9c7e1a3414cd6df4dd3bbd85563b7ec444f88a67288dfd2fbbc30d21360e0fd494a20a6d01a6d17ab5f58f94c25e7e84a587287d0ec2e702545c08f29fdfea864e8f88b9ed35acf5ae761f072d19f3734902094e5191e59bfc93b374317fef506cf3346d741391eb66f13aea7fada515cc82203fad318ded21ffcbec0a83a08da29a664c94bfe54978239d0f233dbeacb9876e779579ca5e1779e3e3671951c6fed760a24f2a243b4fe1f91acc46b9900f598e4ddd4669b3fe6093691a1ebc309a8ec234e947819fc36dc57482e27be45
1787431044.3252108 vent discovery/pairing handshake (vent powered) RSSI spike: -50.0
  -> 255 dd109d9756cf3cf10eda400d15560928b2c0a84f0839a30ff40d47c359cf7eb6c3738ee8609ac962b36fb17e70ff39a93c8204faccb183b29353285300fcc77673ece0be64fc41c2ad646b806754a1fa0cc9b857df442f27b21851da7896b32ffb5633e43d70e876bede96463d01e85b4c3579a250503945e74947a51e135e06734bc9888a408a69144a857442484bb673e795de4defc8c8897c9ac126fbd413992f766605ef30799a6d584b285df4a5a0f260138bf919d95fe79c92a2ebb07e035d9b02cc71c6b457d11e66a045c424a03c608be27ccd599f86737572f16d5cc791f0e6f0fdf67336fbaddc3d482499d4c95f0e068330ba46b0b4c1f86735
1787431044.325454 vent discovery/pairing handshake (vent powered) RSSI spike: -50.5
  -> 255 8c532521c41170da2b3933315b763d2eab8d1ea4fb982bd0e62849ab02c5f68a19b788da30f0839cf2411826a373a39c1d94975cff39415ec32d6b8c39cb5792c24b039c68db4bfbcddce8216fa0f85df178c4add35a0bff319e39f87d8773a0092fefffd74aed3e634ff0f6cbe8d42fa39ef6c292e1c496f0eac31b338b93b6f0ede7799952faa2d5c1f69168780035c9ce59001a2a3c619f4820de6ee96a40c0a4aee021c51a3c18e4ab98e5afc207663eda450a4a29be2349767be0eca80fd6087fb5168b9d5f04ba3d9506030c685cd483eab6d06dcd61bd839676d6f82a5db3732b1bcd104633ada382a59d3d9ebf06aa466d59dffd6f81eca87085ed
1787431044.32568 vent discovery/pairing handshake (vent powered) RSSI spike: -50.0
  -> 255 abc773e9a3ca95dfe324d9a0227feef3c51b078fa54753cf7dbc18f5ad54cac01e6317e06187d1d097a940e7c08b7e90fc05c63bdb9fb12ba06c4d9423b1ecc71043187e39cfd057818a667bee26ab31779c314e7478e0d2a06a9f35ba074366441e82de231c4c3ad5b7c869cd9ac943523cd58e11d287a879552fb256b713392132a6387954fe49ac413f8840c40c725cd1d785525e7a35ca0d9223b3d0f83b62f22e13a598542ce29673a005b18c89ae395ae415b8dbe113b6681f8909c11ee990feec64d40fb3ca5a59a282cebd61c82e46146a7c69e5aebfbeae1b44857c14111070bbc78be88203c5ba853097e507e93183c1271def61c428536240c3
1787431044.3258991 vent discovery/pairing handshake (vent powered) RSSI spike: -50.0
  -> 255 7e0ea1a68c96562790cb5439bd5c7a7d0b1c2f2330d75c1c29f1745f73eb44160f3edf23668338ea6452724adfe231ef7ce0d7922da88294582822a8a00e8fe8d8a7a48de54683cf9ce47c9b8af4e4efb75c894fa4abaafd8f2f3b79c742701ac57be963a39aa7d033d99c6a3c8fed5c110954357f5566fe0176212a683685011fd8881f6e0e1217ef01eef22e90f471ad3ad84b375db0bf0176028d65cd888e43fe2ccbcda106a52c3918039ec7f26c91a6842a682ba69a2c1485c0a14082711a7d69f56077f20cbf598f6f2bc71573adadd7e1274b3fc42dcaddc4f926eb0e4975ae79e170591749b12e0ed9dd22412fc78e14cf027047bb68f6a465e2e1
1787431044.326169 vent discovery/pairing handshake (vent powered) RSSI spike: -49.5
  -> 255 815334cb0827b01277a1a5ac22c0974311cc0c10cd70ba203f85c54e14d410e0e2a902461906ee135482ec6f55eef3c4b9b18e09c976b5cce8d9c0014781a980fa38fd339587b2320c18d29ddd815025b107d21ebd1e7c9b30e3b59e2794a190e97ca491081231438b670ac2b00c99d7707a20d02841bf305c4e324ea2376cae99641bdba51f309a469e1b87778c892a6494504a8d76dfd40ca89de52f0cba0d03da9da27f1b4b4236c8922a09a4dcee3ea9fdc57dc50d69f7eaf0f22b5759c002c32d9275e3aaff1ea5d65798e0986cad4e931f56424daf8189e071a6907822795ac56706c9373a0bd4fd3d68305be80ccc407bb35bc46eeece5628a01826
1787431044.326436 vent discovery/pairing handshake (vent powered) RSSI spike: -50.0
  -> 255 b82ff4b25dc5eb3d9ab43c7a01711419b2eb5400aa5140884c9cc69dd632221d35d013dbedcb89d921f98d760b2a8881081ce9e482758df150e49fec8a1e6584ea928d05849ab6e0f67cdccc154101aabdffdc3b8633a478f2f855e731f5e9bec6f9973d57134134a3f8e27805b8b9835cb5f0e63c85755b641bb42b4495d42c6ee4a71ce64e559bb4537628beaeb05ae905270b5dad26c61ea8270dfaf61410e5aa2fe3f15d275ca2b03da0e73c2e889ff80b4bcbf393bd0279a6b13fdb4f0e5c1deca2507cba2c6eb2abd79d1c23adddd5c7d86b14dd3421a430a44c05ae8ea4bbde547823a2d80a3aacd2ea839aec5f5da527dae68ddfb2b79c9f5078b7
1787431044.326684 vent discovery/pairing handshake (vent powered) RSSI spike: -50.0
  -> 255 3a53dc008eb86d325f1be543f816aee0d738621f20d5a7fc6a0820600559ca6d238881ae54eff1d6e924b80b0cc9a5a71cf4278d15dade3e84c25712a710710a78ebe6aba1bbc8029d8fc33d0933f6c8d8b36d4ed7b13f11f30207a5684a48bc3c1ea5005c09cca705009fd91f82d7a86fdc5d6f457159cfc7495edce6c810f52613dc7241e6f1479a0151978124f4cae341d27d5c0336398583d4c8d64a1c70f742431380655d5faab3c9ef58633d0d55c4146c4546de579e34c02c38e230d589cc6d29113662271ed7323a419288df6cc23418b8e9473c3ccc6d454cabb0a7daeec146f4afde460486c05fc98d1910b7b9e6c4c9fed1da9c2e93b0710823
1787431044.32692 vent discovery/pairing handshake (vent powered) RSSI spike: -49.5
  -> 255 0ccafeaa56a04381cc25f2ebbc3cdc33001f2eb756e27a1143dbe95a147cd4fd6e1c21ba0008b163c43d5ce15ef97d0cb848cc891ef4823f0617e40643a0f5dbdbc8a47ec46217c1f5a6e000ac08510fdba9b0fb5c6b49d84163f32e9877dc3ba26e44f4b25634e51b00f62d1c8cfa7512b4e18b355bde0429f5ffb2b7766adbd74763d2fb746053d7b98c16852fbcdfc0e30cbc6d38abe3080380f38e394c2b65360b4257b6393fd10bd778fa94a7f871d639a3ef21fe53ec34f7f12ffad5077573ba39ef4ff347373830a5cd186ee7d260a34bc6bcfd3c78fe3bf4fff9dafc806823eb6468c6e4a28ad7c15d67dd6a4ce4c627513ef1b7046f63e641ebd2
1787431044.327185 vent discovery/pairing handshake (vent powered) RSSI spike: -50.0
  -> 255 3a0654b26e540ea20ff8ee35a48e5656ddfed68a23b5458cae42d7f457e8fd04d2a20c89ad90c47bd100c7c0a0add3016734efbb2074fa0f7bf00954a06ddd6a4b055b25d4b7948af320009b178677345621f70e0473363c221fb320a2137fe5d515972ed216793d56926da64bf5af5aa755d36d6c8dff6b8d12e949efadcf7d9f793629512a1a9020eda9acfe7f63ffd4f8a3e303788076c16108f445c055ee321d73e6563572b40a2898aa74b03a4779de47efb681018b431a36f0d32c229ec9e54107c718e4b349f5e94c4f60967aefb74df727af883158360ce176336a6bb984c6f348cad760b52ef9fe240aad9ef7bbc84848c64781144d1de43ccba1
1787431044.3274372 vent discovery/pairing handshake (vent powered) RSSI spike: -49.5
  -> 255 fcbfdc0c9ffe066102626476f85cab8e9608eb8a518640604af466f6dd5f4d9af63d7acae62bb89cd6938ddbb650cf8d0756cf7d6e01acb48a2f0faf721ced07b110ea9b34d523b1e6da9934fd52c5a2c3393305fdded1f80dc1def17b856dbd91655f3ee6a48aae95c0d4029e54c94a0f39d7406a9ad8f0c2820e8f1d334ebbb9b2cc0cc38dd47eb6fd112e708fbb49cd3acca3be47ee4afb58c6e68a1f2bc5105dee65eaa69ce442c4b5afc76e0684c185fe6a1ba389fffaad9715a877c03b8c95988e24e4fb79e479ecaa6122fb783731f7a398cfea53017b7be1c30f07986972ac3baf838071cb20b942bb10aae68edfd54c137261954fd676485f9229
1787431044.327685 vent discovery/pairing handshake (vent powered) RSSI spike: -50.0
  -> 255 54c56e0e9ea5a815d98e52b69fbdb8e23c9dc5c699139904dde385c6720bcb088b9a1b31cfcf9a398b0f74171e02652d981c1021469ae6dbbce8de6f7bc1840c424d0b2a2bebbd57b65d9cc87b8f1c6ac67138f1e16027464c010a06d377fe24c3f7feded73d343e65b428389b028d7343c0f2d401702704aea3a0e52f3a4f0892b8f78e7e60f815ad15ce913b60401be8adda2e158d54f155f6e6feabbec578eeb55f6d95e7e0807ade721fd4a2bf6bd3d237d21d51f9e43192f779aa8565fe7e7e7b62d38ac031b291e80ea8e118477a72a7133779d804adc29d67cdcc215fd0db54c5753d1da72a77d0195fc4f76ae9a8b9a78fdfb65b1275c2feb835a6
1787431044.327929 vent discovery/pairing handshake (vent powered) RSSI spike: -50.0
  -> 255 4885fd8811242360079a0f28fac5bfe6c0917bbf2504d30a35682c0070d1f4ae1489c482a5a2285611231a0969317b542ebfc18a2d12eb9af5cddff72c4da16233a285b139dda4460e7f8ee241b5594929f41d1062470f8a1e486e1d074dd6141e6bc70ea64eafa2c606b9078b73d8054bc311c70cf575728aaefa985140277cfee7796621a35a54147f30fd6669822bf07f76886318b17213c009e9b58a890c8c2ff16e50baa8a85316ca23bf24136b5bcf2f3436c207c72fafaf7033065cfeb8207c21af98fabdef907ad7107042081cc665709302946d003d2359cc6dfe4669d053e37217e2e6169b90b02a21499f6f9ee94801c2f33521009545314c59
1787431044.328177 vent discovery/pairing handshake (vent powered) RSSI spike: -49.5
  -> 255 3c42b72231bd5969016aee1b639369b9459fb49055fc0ad5723f3f6c8f6dacc65cc1ad2290865eedd5d113f4490f1c2bfa88561540858a6c130772582b7f3f80e82a8cd143c53dddd074423e2d75328009ea02fe9ce65d3bbad62a37163c413855f055fab75feb860ee010d9da06db5b6fd78de060d0ba83a435eb3360d6a5b20afdd1f5205f340ab7e64092fb4cdb712dab7aae920e6876045438cab8c8db7f12420fa7008aa1b15a02d31850349cd1f04c94f0f43f17e80b5a710f541360356103565a1fdf7944419ac2aba38e55bb9d86b50f453d5d78cb129e7f0d74495abacc87c43c7f72789b66441ffaee97697bec4e4c7ee0d117dae671d0416e9e
1787431044.328396 vent discovery/pairing handshake (vent powered) RSSI spike: -49.5
  -> 255 1370d1a8647bad26b3b30c50b9bfaf45de551b85363c9c1043250c52bc83062e176a04aaf666819bd28059d64ca0facdb8f9a874c1b77d2dd917fe4fd9cf1611b5b6bfee9ff7eb9a8334354ded4164997817fd19a0fe122d364c21e8f47fc81445283088c13290c4b064374dbb5f01b5c9e1a9f78c593c5b34c967187a5839dfa709378a5fc8e36e0d289ad7cac7c7e759629db63eee54132082c868caad55b30be673029625c6b43ba3003cdd754d494db3a4b2c01b0eb81dbc063b5f9b43dabe2ce36415da16bcfa09186fab15c1618d4aff09ffbcfc1525b14a4e71b507bca5a86b5c70b1a92155372ae5e066d838522cbb316185014daef7fc709c1d15
1787431044.328602 vent discovery/pairing handshake (vent powered) RSSI spike: -49.5
  -> 255 630b95b9e2530a1969c09e01d9ef56ea2d9fbdf024d20e8f19fb5244e7347a2c8375e1d53d75d171f57800b40ffc7afbe89139ff374b3dde1d64536800bead4b86ebeb2927470f2a3250e1fddf36bee75ae8100fdf4d92250fdc6a2f27f4127580f87ee41062d84368148891799cd67f0d5ba14a4968fd325e55982bbf394528d8f0dc108c35d848236ddcb0ffdaf2e51c664194ba84190c60f49aefdd11861bd3273a3b535cd8200d663c996f60e393bf0375fd8117d5be24bc7eb458f046d914abfa241c5e6ee2f5c8800c5b6bdd5b86bc2b808d96c36e41e64f9ca3c2eb19a01ae1bb0861d39ce592ed57c38f883a3bdd463fe13db741f863994981d55c
1787431044.328844 vent discovery/pairing handshake (vent powered) RSSI spike: -50.5
  -> 255 5dbaa72c5779759e3bc50d652f3e870fc0c13112b949540c68eb18b20c8989b065ffff29d463b7f21db7732466b85d55a5e0fb7c5653c489b5d3d908f4ec4711db908d5dd3980450b87f5f5401bafffa3fd32e726ac313824e860d136e0f8e5bc42841e7b21e7918c0e4d1e0f300aba25f35a3053b24f0c16b61851e1899a0b68d063795c2197ca56f238eff5332847dea866eff0e142318ef8cdd97f8bcd75c09b2630e64e706793e5fbac6848326994174b99abb7d4350b78eb6036a2b62ae3f316afa12fd368dc23e4e4007cf1de76380c6fc32dd034ce66c078e832d8dd7dfcee2904c76ea4ed5d0b7e41a60061e5865821b3a47d2562b8c3315f9a545
1787431044.329101 vent discovery/pairing handshake (vent powered) RSSI spike: -50.0
  -> 255 845cd24bf7207360989626d18340a69e1dfb77e7b13bce3ac3ebeed38e0a16e595e611627f78499ddb66c41317f778b7d000b2e6e62631f553242fd926c3d9bff5ad7f9408826bcda2a3373637f3943a569b7597acbf7e7a3e3b10f2087443e1b5fe93599cab0981fb64f8b5274f4c84f6116c7913539eadec79c47adbe1361b3cfc378506f97074f4d9c64cb83f727da8d3d2ef1a7dd9de77fb982b2ec083f9ac181615757c8e97b96a3af31ec1beac19f9aed0bf6fbb7a7376bf89fa86c88f0296d677dc1151918c39059aa329802f79e9f747423c1109523af7df789d5f0a9fb828a7d07d664bbd5ad69771959fe1392d3452dd13bcc76e1292a185d4a6
1787431044.329355 vent discovery/pairing handshake (vent powered) RSSI spike: -50.0
  -> 255 4487180627254c9267a01b4e61eecf17e89368758f6e22e233e4ead472e3417d4f8000e420631a1a80fe700da2c2675219500d36eb37fdc13acc7cf9d3ce1079e651910b1d1c478bb221c1f95f9ab7655464fac5677d7634626613e31e19955d147d4b827f4d942aaa37b3b735d4c6faa32b1db7dce7d8a7bcd084e7a732af50ea3e75b0f04201e9f5d5fb4fc42649db3e3205c3e9b9234aec333e16bc835075771c42964b0b27acbd7a101bbca4964b07f352edef925700aa18c2f56f57eff9c9d783659995de1d29a24c94c5228b2f6795cdef6da987b98d4ce1ef279f428ccce3b2909ef07b806afce8ec85c950026051adf5a73ee090a2ceb8c976a193
1787431044.329599 vent discovery/pairing handshake (vent powered) RSSI spike: -49.5
  -> 255 afe876049ab5b04ce2f660583fa722b6d15db23f696ea50173ef26e4f6c64673ac972e7415842d5c4b07715a83eb6f888707da2d64488b34b6815e26a3022c48ab328e819c33d1e3e9c8cde4d5f4e1d8d3fe2b7d1953d622a3f8099901c237a00dd4112ad05ce0f5c270d7aa68da310f9bd345dc1d3f1a829318a34241860a977aeee560043b9d0ebf13ac3b575c8a0b70cc78a102e48a954c463f2f28efa53a9185bb3d01b6fe190c71f979a3f3c6aa75e9ae9b12581b507576c1aeaea7260696cc742638ea923079c6314c350ee46ee6fcd3c19fcf9c7981198785f631e00e6bf476ad00b9bd816dbc881bbcc7d380e87ca1b7a1c5604148e9f9632013e2
1787431044.329834 vent discovery/pairing handshake (vent powered) RSSI spike: -49.5
  -> 255 febe270173f48532b68db0989ad3fcff48e1cc58729979595362a0a4cdd816c4269263cedac5ce66c14c31e3fa578df273b0f094c814e0797874cf0a5f465f9b35e5c21e29a33e1e9eb8425f1d38bd1b03b662396cb34871d813633cc396b4280d50a7802561ba6f64a570b6d35f5cfb86dbceee8ffadc700f11af025c81bbeec2f8e0381c01d555a95f64091cf18aaa2c77d08d80e361012746a6a543a77ce717080255a9cebbc5b4d2f8499016860db71137752f19f7e000600a6475bdbd6e3ef88a451b7c19c7d21050888e20127b032be76b443be518eba2a49032df253062ad3065a78ae341af3cf65bcba1bb7cf88cb57255210968f94cab3c10527a
1787431044.330108 vent discovery/pairing handshake (vent powered) RSSI spike: -50.0
  -> 255 ca24814401f589a4512035ebcf9b3c9363e0749aff2bdfb711522d0c3cf67a17b1e51a0db0c5e638609c0abbce7456f48cda6fab2fc6913c4bcea84e6a6f5c63a14886afc773696a51b0df73d43c5719de1f68f0060c683fa2a3af5ae4f236de50b2eeb25b31ed0dbc9c7f968f50c25f53118276a996f25e6f9e0c81224d54772ee16cf12a2747d5ef93c36c14ee285de25c718ab22e9cdd2e0396637f33d8993530de43b2d13184fcf7df03cfa2c30bab21ee3739134a7c04848f7a6c19d71f35027ff44a739dca150a4c0c1b9de5c32fac87b96194d8dba92aba011d92112646f54c116fb7c77beab612e819e922fd4d81f3ed7edce5f23ec73664f50e01
1787431044.330389 vent discovery/pairing handshake (vent powered) RSSI spike: -50.5
  -> 255 c84a16bd26239108931e4d7fb80d28c77f3eab8f2f6d0bdcd61942cd1da9f0ba7b862af5ad1a867bfbe8bf77346e2e3b28cb11ed9428b7b7d54e72e0bc31494e270346bc789964bf1dd77b7b70754b52f301a9fa4af921c95269c274b19c42a3c103a8cdf1bdb888f9a2ec717cb7f39f7a948502ddb253ad26b21f9bd847e07e6bc75a5a85c493cc1afee637d07e32516fa7d6923620386b378ca1b5aa8f61a70b9feccc2841b4526f311d3e9dcfb24c1137e6e77fdcf88f810132ef8761d6df460c91836ae74dbe0e188d1f580d0fdacbbc851343d00f729b6707ba44598585727fc04f8721d86063a7929da5200684e1ac1b59ffb30c0d0af875b5f8aa37
1787431044.330626 vent discovery/pairing handshake (vent powered) RSSI spike: -50.0
  -> 255 4530481519d4b4be931a02808d765aff8fe9d051d1e614c9c782857d64bc722cb49b3134d6c561a73854980a6dff60830c4b92928fffee5a178457c26465c40a20f82f6cc96144f987c4e2e938e273ca9e1b86950db6dac6ec0d1e84ef9786a4c59ced2c92e0441eb222739b6f30bd982c582826e0bbb4ae8ea030fc32a7db2406ad15931aba66deb5fd789a98071b1f12c199790280889ddf24f101fb358683444e4463b66b3270da4bd9db1fea19212c2bfc0a03484e497873b445f6c8e0eec075662b7f26a03ef5a60cf7374fc4eb83de9feef9deb4dfae11515c5db95b3f09d53f588b993188a4ca1a767dd8e7571072177cbfe6681446f3072bf57ec5
1787431044.330894 vent discovery/pairing handshake (vent powered) RSSI spike: -50.5
  -> 255 9c7656b53e2d2c279823e518da67a6333012489882e5e81a33179825ab5d82895425252b2943ad969051bdf12e3be2f1cd9037c6b46cdc4d102186291f4683811f9fdee9f56ea7200fe984dda414ef908bb53f3c3090defbf81dc238e345ca63de5dca41387ea5c338e88b74c6e8948b27db714fc744283be641118f9d81f56c79c4994d7e383c10aa6704473ab6d6bc6a60736ba622be8c62c21f9857e0cf29acaeb5c2748e7ca0ab18ae46be2b7050dd231e41a815f244c147916e0982dfcb36e255a1788b68909e0c1f0264de33699c8b15235a0c2df56e653612b9d6749cdaa45b0e8018999595e05bb88b874eff9b4be8c47fcc9a35d0e19f96bb08c4
1787431044.33118 vent discovery/pairing handshake (vent powered) RSSI spike: -49.5
  -> 255 803cc8be5788a7f8b53d64c1bc6fff0ba4f318beaff6d8b041a29584fef09915d0e2a683882d014f7d92e27062af1f5af205ed72198682013dadf139e0483a52c6f77e458f6ba2a6d94fa5408e00c74a977be162767b6ff020f3b4e6dd39d4adb5d1f36f7782f9dc584a974ef915b83ba0d2da9e89b3289af2da7e123a09c85f9bb969f35f37a8b968db1ef7fc92dfc1710d11c08ed6150bd313e47d81a462fd64379acb99e19c4d9a92d962784636e61bee10c84cd6354e9df91aed6363694794919de6e4de832b0438b39f564391a4e59fa2a6fdae24c6be708525eeffc7fd4db86c818cc8b4186f7c942a5ec99bad3e887d8ddca6ed4312d46b6c86b4a0
1787431044.3314571 vent discovery/pairing handshake (vent powered) RSSI spike: -69.0
  -> 255 3066157e1743602194cb2c3328881e5bfbbc53135c36a790d036c82d6c2b52c5cb96a1d92acc9af74592fad5d215eae284b6f1b42972bfde23ff6af334903865ecad3b2c3300d525e2dca80c1baeb4ae049be926140814723218c9c58128bdd726986f7fbcbb055e82b76694731a1e9986469b7e04557b5dad2020008017b238b900c3892e870831351988fd1d0089c84832a9357171293123e6c1a0556550ec3a734346d13b29d9c70d8655cc2dab86c9986ee6ba5e3dde9e98419f073599dc6eeaa0fe97dd678f84e08033d2a13f768ee834c58e65884d89cc948b75a3fa1b28da3e7394c3e2b33e9982539aa19bd97053ee1eecd2fe75beebb2e7464873
1787431044.431123 vent discovery/pairing handshake (vent powered) RSSI spike: -54.0
  -> 255 07ee6fe7236c07020b340a5f8d0524416365a36ea94ee1a3c56aef5e9bd9d4e1cfa0486b247c529715785325209f1da087e5c60c9986d1d9fe26b8dd155f5e7239264a487cf4df3af83d7909bcb835d52eeed117866287d848797eea6ba9605a1a1441e5de20ec620e2d40e23f04bd34926cd6f64e80a44002a597ecae8ebbadccea4f5c07d92d091315ca787801759704f0a62a365a52e0b9eb965722c165b4d7ba43fb4d62dba9243ed86727a5685c8735efa4a38a9fd7da1cd133bf6b3b60eb1e22b602091657c37d398026d97e1ce11bce0f976d5136bcc330deb11b78180918ce59dd4247e6ac443df2c30fb88295575162b5b9c8b2c4fb03e2f7acbd
1787431044.431426 vent discovery/pairing handshake (vent powered) RSSI spike: -52.0
  -> 255 66a77bce9ffd7159767011bf0d3bcac93c38d723ba4610181709b0340b362380b9ee19fb79cc4c0bc4d99b0bc27fe4eff0ef35b6e47c90d46e49d172b13f97e2e31505a2f32e18a65ab4115bede71c9cbb2f64d62ff0daaca57f25c674eb6e0d647b1accbe0257503679991d4a685b79b5944cd3d6eef049ece2d0b22ae71edc7e8a1ffbbcdc37e5fdb1796f4a2642abb14afdd9e86fd5ca876aec8c58745fbf9abe8ff94b8c6cbd33e923f10958d2f76dcdf7a0702fdb93864ee4bb7418117b174fcd12406070c7ba6b55287340ca78705fcc169675a8ddf869a8e822a20697777cd5f3ff6431fb3bbd8d41a4558012ced89c023369738cadff4e63c03903
1787431044.431712 vent discovery/pairing handshake (vent powered) RSSI spike: -51.5
  -> 255 9e9b9b3da246b0805830489c5310c1718ccba5f3fc6bd633ab69e52025602531f96e6a651e18c742f5258a00bab5c2d3ad0918e2a2727f58fc5bf85d1089fbd0290fdd0d0fe526b871b5c5c4204f74f02dcc40e76cf01632470e2b5e4d70d7afded3da06b57e6a70248e71708fa595813b5b053d1135eb88d7477a4571487e97eef82d130e890e7a193e4e20abfaa5c9867c8cd14cf9e80988723b61d729d17f36fe59ae520238f28c9d6ee93465a1b29533ffff9a5b58b0203a3bb225910cfcc38e459c7562a62ac6744da4121e499bce4df2e522bed7f88944cb92b59e945fdc8ffcc58348e1c349f0ab7dd29741980240014cbcdd1422593e9a0ced4cbb
1787431044.431978 vent discovery/pairing handshake (vent powered) RSSI spike: -51.0
  -> 255 d7990a57d5324890dc33898c7c55c66a23d01c824326ac2dae4b720481474f14018cac106bf250beb569a463c80516a68744f8ea37a2f571861fb7252e2cb4ebc1817e36880758bd7ee2a313da7000c033b76fe068c040e44143a8c626a978f6c6f192027f50ea1dca75ff2c6735ad2c373d01f44e982175ace4eceaa7407d5505cced917a0c495e93ad4b7ef3f269a4361d5dbec517be984676ba16b205b74deccaf9e07c541e5a3f88137064dcbf2b5305795ad4d4cee094c27e98967f3842e205d380084b6baa3badd6d170aa60661db19b9e6e803316af018c100f795c7587947c2c5ebb8820943cf6d209a73ba34b57f15b3627cdf11e22fe28528e0d
1787431044.432222 vent discovery/pairing handshake (vent powered) RSSI spike: -50.0
  -> 255 cfd3d831c34cb456a02b4483695ba1eebbd58d20348037686b080486386369b453f0b4400359b6ce2061a410d99c0fa688bf7e047daa20d75d9f6d699de393bd25a4b7f9bb5520e893867a6679679fd45651e244fcbf309b8fe5fd35de0e2d8261c1a485dc07114318807bae47b7304227fdac8bddee12b2f6423f3d5795371796a1db2dac454145cf1dd9fbcc253ded9a2e3c3653b08b0f1c7f91c70c6af22416c4fa6ef3543fc5004bd19f7b06e23f40971c9c3feefb23fba3924a3afdd16261c42af3febc3f24ffa5ea2fee188b8c11faf6feebeedba9380187f08ba3fd87bc5861d81bea38b700151237cedeaf68ea6a6ffbf76d1a0e7c2014e52dc309
1787431044.432461 vent discovery/pairing handshake (vent powered) RSSI spike: -57.5
  -> 255 5bb19782901065766673c21e1b57e1a1a00f12fa61259a328811097c2c99eee833ea554cb8a471bd7ac21136ecfd26a5c49ba36434d388c5264614f832c171b0088992d29c435213ccdea47a6d9fa2acacdc25eac8a3011fa5701f620432f49fd6a244aebb41eb0b7d886e972581b79a3e7930e30457be8583d74b901908569f8520fda81d7b5f50c2f121f62d46fe0ec9b8d6bbff8637815f41107bc9b8e7f83a77e33bf8a14b5df99c917576554f0dc29e67654a6f1747c18d9463e95f1507b33c64816fe98b3cbd3cf54be2b2008cc799f8f96d16678c9fb84e0f47501da3ba6adda7a077829bfe42219dbfe5be4837519f5a1f729ecb49742cec8832b4
1787431044.43272 vent discovery/pairing handshake (vent powered) RSSI spike: -52.0
  -> 255 117c286bd56563a96e74c4d96665ebe47b801cb74193736fc1260c1a1b816ac9b0735d9cf597e703b93cdf4b37a0092e7ebcf8fad19bd2a3e74c7bea445406a9412dbb81be0845c9dab027edad17a835068d12404befd165144790c11100e46707f2bc40d09e9c1b5d8045df557319b458c9e4d24629cea3763d17bd2d92953f1f00d43617211e46335f5a504da6fbe7b1bb5459df35ccd3e8f6410ef22791786d9601021922edf58883fc20579f08a06e2f8d00491605c5fe93fb25c9f007ab09b5cd9d29852b79cdd06694a0ef0b6bd156567a138ae715dbd1773635b59e0c6ffa00c60a9ecc545a3da3ce13a740d7e8ce6b0fb338df90fc27c10b4e25b2
1787431044.4329531 vent discovery/pairing handshake (vent powered) RSSI spike: -49.5
  -> 255 1a413097efdda0f7e83766bfdbba85b57eed55f029ce2a76efbce5abac0266f0a0201c5fcaddaf0624383c9bd35c5f06654b6e1c61beb480dbad7ffef039d12e00b5ff071ae38326ad49c53fe62546b54cb9fc835751dbdb83e00546a963ab0be1fdd004aae6db09b2dc22234177cdb0b0a6d16ff92627eefdf6d7212170e6518e6e6178079f4d67c325b4d49906df0fd9bdb51bde1c575faa6cb1a4ad18e9691b0fd5c3103057dfd5c05c9d5aef1509261f5b2a42c0c6ce93a2ac92126808b5153d1f157714235e3c39239e92b67f80cb5b7c3cefd44371dd82af84e61e8af17274374ef042a755668ba861ea3f282db93b5e9ee6a3b9f062f4f9fc7e22a6
1787431044.433318 vent discovery/pairing handshake (vent powered) RSSI spike: -51.5
  -> 255 bfa31dd10c7f250484f33f6243e66d111852998e4a525e46e39db497a9e682565be48f13c903bed5933b017c37005f2956ec364c52cc022017c4e44330b0bbb76caf4044f1e51b559e72f175d1347d7fc643b804b4414758eaf8e49d689937ddb78a1b60e2810061d163f50c6c1353304d47f33f7a005828f83f889d97a1e3ddb54f7cc21e4272426fbd33a36743627f47d3e96e31a21a0b7146b56bcd3464e10b3d224209aa0dbf107b8b647084a7346c150a39f8ea1c975ab42edb63d11d059f5938e37d5efa4770e304e32cf6a8187d8ef483e2558a49f0b1dabfcaa793d1ffe27e57ba5253866b58a77e6c3433fdf944c253af3512b133430487c2fa1d
1787431044.433559 vent discovery/pairing handshake (vent powered) RSSI spike: -49.5
  -> 255 800139140eb610324dbb65dce0072c94d4ad6196b7d6034c384e3b27f3c10295d6a8629133ee63fedf599fc1e300bef43fcd3e5784c73b718087a78023f370536795349973e50bd7f8f91fd7ac219e8baeb49477c597df708938441338b7b589bfdbf4f13850ed197af1c40e60f2085a6049ca7496d1416d22f02546839479a8588b01fd676ab951e0f5a52041ae5f5dd01b1af3bca3b428790e90ee073ce16d0d7d959da7bc859874161207c52ca0a1557ae418bddfe9ea1d147a058a5045238ecf91e9c33be0c634cdca42aeae9716cac63ce19e2ee36d56e7809669ad0093ff64037ffaaec4bbbff1719f5caf81eeecbc1184f936fd58e27f9b54814377
1787431044.433825 vent discovery/pairing handshake (vent powered) RSSI spike: -57.0
  -> 255 288e431241bbedfad7aad0e15a364fb50a11cf131cd07043c4d4aa7a4ff08984478f64f22d1ec61e1c81d29520e43532cad427311a04eb4f9f522855dcad3db194ece109f30b952ece378a7dfc373ce972d4964ff74166437afd8c31816b31a9fc0acf2950e4427e5689b668cdca1c5e9aa4f679e7d547d37c64d464ee0a1668e653e2afe81c9e78f0a7c725e66c4e08553bf07ad987d2a4b5710695a4dd06a3539e5938b0dab917be82a45965fd0962791bc7eb029c5d3f8bf1bd7ff5f43b6af87503c96a7e81dd2d3332773e9560782bfac31e30d9ae30ac49de5206a2422da10dd39fba61d8f9d7ee203e2fbe86238078cfd94b31ec41a63b44f378be32
1787431044.4340742 vent discovery/pairing handshake (vent powered) RSSI spike: -54.5
  -> 255 717b1fbae5d3061db55f8cc127718c2701419d71cbe9ec377159d9fec1d6d8f5b475a4249e567fe9e7f05e05bf61c85590f296687b49c7192a915de133ccfdd7f6b8dc975b0f34389cfe95950fe71fbdf023e0d0846b9356c27b88aeb5b5659f81ecc2f661f8e7e68448289783f278699a2dd790aea8a42c0089a9ce003dfbc894d02338336c743603e9fc574c80846aecd5aacd1d523b743d5c76e9c6c4f6b23594fcaf3124b5ce51d21c12bd7a90ffbf00e65e44b5b8c02ca1dc7ee72bc8e8a50fb6678750c23ff482bfe3b0e996a991f63b49c9bf5efa075450d4f24fbef9b4aba9728b8c2d468d1c530f327cfd432634dceb2a8bee60b52bc08309e01e
1787431044.434319 vent discovery/pairing handshake (vent powered) RSSI spike: -54.5
  -> 255 ebb493964f3ea4f03eeadd442983c39d097b57d1f715eecc0e4b557c2569006c8238a7bbf68c8fff85678e18a09d656ee8fe7e9f1d3e301803861faebc0a15885a302cdb1f8c3090df89bb82c4c1cd55aaa85dda2b52e975248a396541662aa69077ddc081f8c8a495f09b7e0a8edae64e36c238bc4536cc320e715e05f2e43ce9cfeaf96ed276e12524dc687f320402b9ca434f4ebf159667b6adb42384afeca42cb6740fbf53e5825fdf8362e494510cd2476cdcb999b76749380f0788fb5c9e30d3334fa96383d257c9b7db5af20993f3f5c5204bef5a055838a1281ee2aa25221a1ef6001e1343332ec08902907681788c48903155833e0f90e2778880
1787431044.434572 vent discovery/pairing handshake (vent powered) RSSI spike: -51.0
  -> 255 5a89f41df769092a1803e3ab034fce790e111b05ffccb7a116c6c0e21892259239f69d4e30215db8959c6add9c0bf2b474fa039f3270ef32cd3d4c9b0d785086b9d195c1dc20c488c11abd1abed54de0b630378fab9807696de3ff0d13567210a9553d744ff807181a3590a491c2b7d43728b713d93575e84b032d6d0487a96b1bfa7d7690771f603972d979aeca5575f650b633a131d13dee2023aeabc8819201094088d7220cb229ea2e90d49162fe0eb3c02f8fdc07541533c96c0f8c158008b7b8f199b11615a097ebbf477360e9a5548fe2bc25e2aa1b444f56db0ecd9a6c75d6863e66ad06ac833a7f669d2fd951eea9a348588c533f3317c6f91a30
1787431044.4348218 vent discovery/pairing handshake (vent powered) RSSI spike: -52.0
  -> 255 72d41d4294005ca106fc40168c4c75aef7a9db0d253d544d083d94d922d85b0141ba636738e0337ffac861a571d634bc0b3fc3d17edae39e93ea0eb113f750fb497f2c5770dc68148362f70b536474dbc9984e58a87102eceb4a3ea95ae083b7d244e7b24f25c276cb1606776e019f310abf6a977c8a5c0811bb0ad13a094a441a1a9f4595cd387a502567e74e9fea627d468d49259f17ffc2510873bdb22aa8ec19ac3c7da9f3b327451c4994202e6590e0f547f49982407c411f2104db1169931015ae5ef99de249edb1f59be878ccccd98c83aa62b5c82ac4963408305a8a5b507d9b266800ea86773871c4cbedc313166deb3fda8ec7be557ed30aae1f
1787431044.435061 vent discovery/pairing handshake (vent powered) RSSI spike: -52.0
  -> 255 9682d00aa9d133ca61659c5abe84413996ad43afedec3543adf25796f24e6b7892c5dbc7b44a9c7469e12751835cb502d3869c92e6936034f23e0a81ec2fb53da424c7e20fdfd940298bff72912d7513b1f620b93fb7b32d24d17f6b393cf144a07f12054c0cfe49da980bbe5c098bdb37411786d879497d46f979158ac73ce66d4d824087e8448f6f6c9138b81f550659ab1e5c0bc4ff282e8d9016e4c81ddafb1cdcc6210540b70533882fa2180be69120481b140dc30d2e0b0147a97f8d8d9b549707394a2de2d40a50b3e465ff2258c294ea164630e9ee169cfc6f45e7491b95f3f42f2e40f48fac80a7ce995e281ffb0f62d124a4f2adf91bf3539787
1787431044.435321 vent discovery/pairing handshake (vent powered) RSSI spike: -52.0
  -> 255 552ff928e9408cafbf681b971ceabf0a2afa338c45e4abf753881d8a8832cec83a72659cec81d51ff7d11d122118d29429efe12d765ebda0e403b942b412eb77be678d353bd3bbfe95e2f3a749dc151b9fe80172dd9e02c4c7f0c02fc4f5bae58f49688a1786347892526a3119952d77ffffde0d006908e1f85a4e8a62074ab71af9c8eaf43b4179385d262b17156b75f5d477008797b71ca55d54baea16eefe0b1260d061aebc11943fed5738d27f83e937572e1313a79b667fe4743f963a320925cc2e2a631fdd53e8d807becbcbe40f46fc0cdefe94e9bf36ae7dbd24702b90f42770d6adc0070ace70477075822d73cba113894139e69c0573d8ecc9ae
1787431044.4356139 vent discovery/pairing handshake (vent powered) RSSI spike: -49.5
  -> 255 91cdd9063c632871957125a25aec1b2d729b0286a8322cb4d9b505dd54535caab830bd8f44c852550f4046cf00870ebcfb7e22e7d94cef0223ecf8e69fd86e097867755d921230cf87a0e3a10368231b197f3e51a84f35323bf96e9cbf5007ea33dbccb782f1d9ac4238c8e64a958506d5f4ce174fde9b60be2633db16e1974c15536fbc8804e6c6513e115f3fc9aba563ad86f241762e8d71698bd97ba128e24930eb4ef528c4a5df728cfc804b5127435d318c8e33d69f696f266f7fcd81df41ece0b98ff2c6c6340f96b4454a5f6ca791b1cc64d79e0801b53730b75cbcd77fb7a79c42a1065e72af441bf721f6b51fd15ffd3ec38683b192d3e1c9ea30
1787431044.43587 vent discovery/pairing handshake (vent powered) RSSI spike: -49.5
  -> 255 3a9dd65fefda6166f947156b2e6471d39a84012e926575ac5480ec65621b580ef00689a586953dc0a448c00ba5fc179f0289000a5ad186597f0acb4a4416e495a4cf69104250ea3c6e7df59a7b5490ba280ab2fa0ad0ab8324dedaf3017d20b0c84290ae42da4037d2d58f9d1cf2f9b88bbf3c0a1c0689e727932c5c18f129d997b02cb314c9fd0be68dad5e8644e44709b47dd729e8642df18a4235e2b04ab18c9c9d81f3407e5d4e8b8c5df58a56a123710e7ed2fa7a9fe57b61863a42b21607edd0cbd24332cc72f363714575c7b252e13e7ba142e0c382d24cd296937c6a69f4f124960f0426e3369f5bc394443886015a1ae0938005dff3c44d0c9198
1787431044.4366221 vent discovery/pairing handshake (vent powered) RSSI spike: -49.5
  -> 255 00c759bb10b1dcb035145b25879e887860fe3e8eca5e4a246e1916814294c57c2e9c34e8788c657f831c733816e0dd1e446196b70cd17cbc40e25db0bebd22e07f9556d7a60873d2bd889440193ea5d504eb19b13a9f16ea334e6ed5bea91e2f9312a8cef0e49e097908f15bacdf79b043d680f6af73f1d603fcc525b19fc4d994f51e9e4bf78d918c09abbf54c11fbfdb2332a0459e6711ff956f1086929765fd2d983605ceab94d9dfe965b9bffe5a696f93988eaba70a842fd7e465b1f20e30fe7e343bdaacd8586821fa81653cd13bfa053611fcd7760c4ca76fd75c4477e5b0b70f5059aec3fe11bcfe5ebf86c3c1d49399a94e0f1eb7af23f5861d96
1787431044.436862 vent discovery/pairing handshake (vent powered) RSSI spike: -50.0
  -> 255 dcf5308988e9b0413bfba01e2e8aca69fd2f44919d2a93adc810b7336fd33d583c2a0b4d7da4e977da2f96797fd9f49dbd954184745872322d1f06e2f028f61dd695d9c806fe5ad11e82f0a27168760a4d92646702e2e91d52cae85096ae6bbac399ef9b0b68ab2f0ea9d99bab07365f76c2e69a607e5ff58169afad9b9335bb649489937df2e8c2cbad07b92d8228f1c14c51019ace02f6782dca9ae35d04754e795f51d1cf0ae7717006101a263c58df05c50aeb71cc3ef81d10a308f40a23d548bf405bc145d804411c397bde1d40fdec1582a8b69002b9a6e59efa72b2c83230ebac47669ce271dc38f258a875912c5fbc3bb28a008531220086af8680
1787431044.437091 vent discovery/pairing handshake (vent powered) RSSI spike: -49.5
  -> 255 1bc098f45ef702de4063ed41c007238fa9a35ec7442c197edf88722a6d3106dbd03c018a64d988c953508fe0412df0eb3d189cab98bd54fc0ac1fa4a8f479bc96f80e599b0908b9e8399b5da0d659de0d3b3f7bdb1ee94208f1b2244098f288ae77fdb6ef174e7670a6bf0f47f81327152253d4890b19720c819bc47edc76aeb2c1bcfb10a07ddfd7a9eae4e43ad6d8027193d427199755d79451b42507a11964be843dfa75cd91a4a3d1979eaf6ad8f079e170707b96427becd0cb7b563b0c4bd203412207a87539aa522d9388edefef820f895367d9344cfa912190379f316a8b0a95e8b9a531d8626a45b484ce491045b14b48748deb3c4b81ca181f1a7
1787431044.437334 vent discovery/pairing handshake (vent powered) RSSI spike: -50.0
  -> 255 3738a32f57ce32f8e29eb04387f2f78095fc48cad3e38d6cba3674209930fb34baff64f1b902a8f1332376ea302af4bf0f65b451ef10494b3d225bfc147c5a8eaea45cdda3522c813b1fc7bedc7a6dd7a9fb2060a45993f525c53fff2a3b44d4820dbb2897c312688f3f1fbc6f5c5ae6439c8f550d9933ceb8f71827e0a045157113313709d27062d9619746523741c540a412eb6a7de631e7dee7241ae24d04017b9408125bd2e2cfc56fb180c7ce0703fe7602a5654bf424005f77880324f2edf9b1819a692a8e8d732d6af1fa59ac2f26e7b6f9650f07f91526121157ef4761f5a73a5a15f64d18121d51877d017028d06873e3d922576ff93e0f2ac3fd
1787431044.437597 vent discovery/pairing handshake (vent powered) RSSI spike: -50.0
  -> 255 f1a0c292c56070dffe37e40b47768b89ebc3018ad2b87c978a2c6aa417ce39e7d6e126fbec8adaacb74b49b4b600928e0fc40d445ccebbb002e68a58cc057a3db84be31a200ff792284b0fb6e70bd4912ca061ab2d93de3f9707e23cbd1d3e56511d622f2f6f2fd6ea6b54c10a41ed836c26e7d28c15687aac7bfb62a8f614900838c6d69ec0b241851726b2e1ac770fa6e5081b48182c603ebcd5bd24b782a5774c9a86006b93c9d179538865c0819386f918da340374d04ada3dfade45a35103df15893d84a30e77df3582e6167028bc837d9e4f00396045da86c8f534c54db3d9f0b8787b9f4cd4b2bc97500916e396274b5174e28fc8242e1d6a2c032f
1787431044.43783 vent discovery/pairing handshake (vent powered) RSSI spike: -49.5
  -> 255 f9521d03445a5d63455587e127c9574bcde7b1955b2a36a3a220f1c843c4b003b32565eea6e94536ea82a41e40762778d084d0fc2b348fba80561790d7b5587b59af99370f57cf9dbc1f1340f87aa6bdf7e5bd73c08b528718095af71134c63444f47661d7f0f4b2b503ccfce614e417a5f1fea28811990a63063749a5f137e5255877db49b10b9c99692bc312787b7d0570810fa540cbbe9e297aa70ab5f1c3491ffe9579819c0659f4088c1a4742251f7f293c6d01d0f50dab5c59c6d81b0a226e38c48d5bfbcb5355644059dbcba95a9dbdc43de0f441fc9825a66b80dda174fd8f754c87f67e5d3279997956bf893fd4f3b665c8393aec63e26d12dedc
1787431044.438097 vent discovery/pairing handshake (vent powered) RSSI spike: -49.5
  -> 255 8d122ed49f83a660d9fe0b44cfba9a54eaddf62edcf2352bbb1c3023c1cb1be2a30e2d583de667ac3f978a45f55f47bcf2cd7e105bd36f433ff0e2f8e3c1ad4d6f34eb6b561541db607815be9f6fde3818581b9c02bc2dc639c6781ee5412c158ef925ef994922f57f3b15ac62ac854701adaa68728db98168e3ce448f404361d96f37fccc92ff141cec35f015cb5010c370e66ae91d3ddb6bd004bc8b2ba1d4d5868610fd969ed9dfe01c2786cc26fb8fcf7ff83bb9911f7e03c17118b2cd933d1ece61941d40e7f92e9652bddf24e7731e751372e357e496ff39dd7cc9de4421bad980abe0c4060301f625304f2aa1a5ae517943fb1de87514f931468919
1787431044.438338 vent discovery/pairing handshake (vent powered) RSSI spike: -49.5
  -> 255 003983247911ccc95449d89226e9285046840bf1f7bfb34b0cd7136808e7d5216c475d74470576dfa93b146cc070bab64869e28376685655515e03bf7582b24b823b43d4b20c80b865b6f8e69d10e0020e33f88278e15b3292fdce343e26734df313d1a2f1e10ff71d88b7c804fccfc076cae79eb64285d99b1f47ae47c2cc642acf03979442190ddd910c5acef1a77a747b87ff8f91091d22a19d0a47cddd31a57a10b7373498b5c065dd265fd63b4c4e8e216a9b10beb46fdd23b75b6621f658f34665a3c04c09d3f844acbd22062e0b94842722ae984d1fe6029ba37c209bf03175d73e5d7dd700414406e4e17b1296f0e376930842e42c7d088fdccec9
1787431044.4385831 vent discovery/pairing handshake (vent powered) RSSI spike: -49.5
  -> 255 0411c9465530678557dfd80072265e442a2e0384875030cbaaf6e477e71e098e676dd34efae1c785e99fe57b885fc7b5a0e206aa2710ebdcf94378d2ff29a39b2fb7e12d22f3cd672bbe8866481525a37d271851933d8cd7ba3ec1975b155ceab32164290491148a0d31f5cb6b57b3c2ca09523f5d92ce5d1e6bd2e716866108eebbaab083af9ae38306267fd98e57136d028e05483160fc0a0776e39c1a0041ce04653a78b165f1c19d8d80af467aac76a3d82849f6001f3da4d347c4af37c052a40cac2d116eb88ab0f64b5b3465e05c9441a4faa39f26f436dfcb8a52d402951b75a6214a2d1fae0a2ddfcaea0b8f08f3416e2a9e2398ece484de9a3934
1787431044.438814 vent discovery/pairing handshake (vent powered) RSSI spike: -50.0
  -> 255 765b9c90d93bb77ffb7b5cb5811bed5dcd404463a7cf4550c4f7e816edb9db4f08ec1f682a00a37d4b6becde49252ff1c21e21d4d92ffb0fc1fa3efaa0e3d48ffb1c8c386bb11faac11f245906d3cf383040b7e77f024846563403eafd098c46c831044083bcde2e337efc9be66679059d328c0722a5c1c67e111b5bfa37c2c9ed27e2a9fe5396b1249ebb5e59edd45836b24ae2059b36f73e4261fd0fc6a571830e09ef0c31bcb571c070dcbe11389180c9584e734dc44f9eb98e09b8e97a93762555faafb99ac84bb0d49be93e7b16d6f6950e25f1a08de11ead215a60edcd98d9aac9fb26057a09b78edae4e504bf048829bb911c1db310973f1651cf35
1787431044.439072 vent discovery/pairing handshake (vent powered) RSSI spike: -50.0
  -> 255 c744fca7faf332241043c07b6342e291ddf59e948eea05a9ac4c664b6dfa51ad74fc370c591a82b811b10311824b5f67861b79d070c85115db317491d7d97e53908b94174bf54124210af2c36ff1fd2bc213e3177aa17d77d98b5b5c8ff1f6a9e175db3b54e16c55ce350a060f5f6cb7ed7368832fe5df8f0f8248d571e480a372ae33d93523c33be7e533ac33361ee4baed7c1383d1258f643be0c80c6998c9ab9e36233da9f0f53149dff85c8bb4fd329f9c309cc683c8e91f0b22fb7a41087e2f9507fe6bef1d720fb66185fcd19215ddb4d65e45e9f866d2cd59bb2b8e431b710c92b31d91af886966b448998e8719e6737716e37ba1fe2d31bd05be26
1787431044.439306 vent discovery/pairing handshake (vent powered) RSSI spike: -50.0
  -> 255 45cec0829b161eec4ff8346425d67fbc3acf7469c34cacb0555a08c3f8c5ad41b57504d84eb16e31490223cf6b9d43355fee9ab4e08b253316ed7152713b181376001fac21e23416df32052befb2e36be5d56aafbcdb12f6fa5535976093e7ffed4b49b2656ac8b87816f0baf99b039fffab77fef0172df79c90e7aa139cfed9cb1fb1b06bd1a0dabb49b65aac7af029328702891ed1874be4591c8ac3d4e302151d56391f46911f7587a70aeafc1e8088f58330253e0aca0ea3017409e79da9d4a033c4c274478a18580f19476afa55ff72813e44673912aaa705d80b2625c3d71e7cb03fe79a4d21897221682ae7dda7ef6f7ba034b743d4723ba48fb4ec
1787431044.4395561 vent discovery/pairing handshake (vent powered) RSSI spike: -50.0
  -> 255 5693db0267056e2c47b25d3383f1f4c8018d9d490aa4a31e85c9ec70917fbe4e45011441a572feaf1efcec1ece7842e3949889b17f00b666d30d9b3e1f528b664dd7eb69c1e3fb7e6d941b5baeea6b8368aa6e390d6f8e36c9a94d7029d012717cc00a1cbcd73d09269e4979c867d88973a73397448d75593c8e822239675969dc35b140da5074888919f3f8148ee3eb63e496932f03dd29499c0bfed243789281b2098e03903a2524c36e4b729384c8e41cf844aa72c95bd6059f7e2298bdcb36f9e18d1c304a4b37cfd15dd1c2b07a039731961ee589e3862f8e86bbece8da32fe773daddc3342799874bad55d6e4aac6ebf176977b50cb26970da9addf9
1787431044.4398441 vent discovery/pairing handshake (vent powered) RSSI spike: -50.0
  -> 255 6d7ae0b9fb2c8d0f2e7603eacfef1a305dcf31001d15ce474679e7b2a8fce0cc8334b61df328a34a0c307d20a5dc5b123aa6c526448b4b462356e5f36df9b6b6e7a4b2e10045000bc33250441144b7967c6eaa70127b5b5625d9117441b808da05b14a94012869da61fc9bd9b3b6e8e51122a1a88286bcdfac04c935533162f993e41aff56c87623562f9756b1d03ac88d6aabcffc4643ec660ea8e58accb9b1e4527c59e709235860f1cb56737924be0c74d8696a1763d7edb3408035418d820e5a3a43b58139369a8a87f6bd6fb5e9b927088c45839b83a6ed7355ef64d18fc50726699369d9005d08898da04f58557db114cc4a358208692ae0b71c014b
1787431044.440088 vent discovery/pairing handshake (vent powered) RSSI spike: -49.5
  -> 255 3ec33989eff4a458a282873e33d70e692f15bf8adcfaa3647f6af9f76dc5b5b6881e3754aab9378acdec028ac3fa65b8f2fe981380400452680adab984d6fcfce2a194c454ab11e5b35d46fb2ee51a28a7d898feae5d9ff851d91373bdb20723f54e0771e92d6501881804391575242097d3fe69d5c3891e2b885868f57ec846e0e9c514044c112c11cd2c35fa15ca4fbc69bfe1554e5beeef6ca1d6d9146e1c65085f7e643e79b45d8757595fab67278d82b55cb9eee30f508d691665f13322ea751e5cc0584bf1a4377b52cbc1029fc58f9af542549e2ba12f9f158dc135bd5dac31243ad61e71a9bb1493c3488ec9195bac688c290eff8241a98ac4ae83
1787431044.440316 vent discovery/pairing handshake (vent powered) RSSI spike: -49.5
  -> 255 13fa92ef0613ae0c74bbdf46539f0ebea0470c4b28e1bac6f1e79db8a9a588073070477cd67e67b639948d7ce46b008a1a3931294d465c672a1918305a20808cf3cedf8ee3df357d27a7d824e0579b5967b7f9b1be115f2190b0c3193c50f14b4a20502e1921fb3bbf06c5df13233cee2dab2800bc21204048710c0e134b147a5233f2efac74c594274576ab2f2d26a1fadbd7f8ebddfba44605c758be97c6064b601681c7c761c05ebbff3aa763e5b3c560c5b4ca1f84d9b7aa9adc550840e9cbb194aa2ea8d1bb9a6a05b63b5792d96761bffd307bbf0f7808d5ac973da5e1fd072a186924af27cf7f2c5876afb9e6e279366518e82923001f69f09c14fe
1787431044.440574 vent discovery/pairing handshake (vent powered) RSSI spike: -49.5
  -> 255 4c075106e4063787246ec65dcf3c0c5ad2d2cd643a87adcd411cdae991eb27eae7b38994552135008a0eee28c9bf78eb1fc001727876f98cb8732d09fefb755214cd2a1189d5845b19c8fef75b08e1d3d8e08b395c9e05534a2107ff777c0ab64afd74dc33e02a7f5046072f4526d433cb018bf36c2f3153ccc770a3e03dd642cd5f22fe85e29b891f345ab384d41ebbec021c9ffc1227881260fbd874f8f1bc18e706b13a75116afc139dd52810e9cc72707e3b9f952f6215f830c553c50929bf7cd1622758b84d70d2fbb496028daf62a4f4328b465c079a876a7b026412f67b69b903b1ecb6defb1bf373d7a15761c9b08336c776d7767dabbc76fc6c2c
1787431044.440809 vent discovery/pairing handshake (vent powered) RSSI spike: -49.5
  -> 255 7014a3bf1727630ec63f645e08f991f878196d96554fbe3a41a20a0595fe92b3116195e9943b0fb8d05cd1fda84683f6c6eccafd11cab63634a2765770c2e718e8b0d5f1e85ad6c229fd9c9be11243981b673541bd1910847a301e033a98e949c7c6664998ea2b655e078f211f6d051fcf3930a228325cca0b3e87fcce7b2fbffa6276e9ce470e4437a85bfc5c22cf42bbc7cc92ebf182f7ac57fd9a1314dd4ec8ee16631fe24e90a6c3c9ea6ad77cce0f580a7bead4192b4ef232d0ffaf465927d0e4e36799d0a2171229e51f81940789b8a262dc0a85876739937a74d01ef48b98fc941d974ca88bfa6583aa21128174d8cbbde3a5f143c106e26c0f5d21
1787431044.441029 vent discovery/pairing handshake (vent powered) RSSI spike: -49.5
  -> 255 968dba908e6750878f80941cc023785063cd1d78749f898bd63419b044996c8ca23df2fba31ca0844b31bedb9ed1a162c5289063ecec52f360ddda9e963fa9a3c6b3b67a93613f65fa401f2977f789c3ea5f64b3f6d09edf87b64424cd53c4b02bccc2f9634936d4ee0acdfa538c8be74fb5b42ee062e3d63010482340eaee3fdd83108d38d2b3ed45a56da014caa792bc37222405ea5080560c4fa0b55626d6fddd4d1cc40f0a9a087f5a4f349d02cf30d7f611cdc8f504a6287f44b805a5d1f8e16d2662ca1be263164efbb5fc80629ca5bc8ccca9c2544838071253b0d2536cdd9eef86f4ff2bb3f8fd56e0b05c34fbdb696c59078586423150c28e6616
1787431044.441275 vent discovery/pairing handshake (vent powered) RSSI spike: -50.0
  -> 255 658639a3b08c32e1e2c323a1e5b676112c07328da318b724fc2eb55b47cbf2df5b1d5e9146a1c2aa3d952f1086cb263e6380f1e4325e38b09c8b5ef458e24e09dec76e837e19c788134be89d47e4432797222ef08ff44793f1d7f800c26aef958bac5b7bdb45d2db22396b78a9d4464528727034082490832243b8f9d0de445046fece72f2125cfad00dc1092a7e4f2f93ef1e6aa8497d6b682c8f86e6beec0d4393df6894534dcdc62419f52ca49c8dd10f4c5bf2e546fc8349c8b493650c9612f103ded945588d637d9bb693538116048c23e816d83a30bcab0a6b4f2f364a20aafd6641d23803cbc2948d3613c8f0fd9fd97dc217fd49d152966dcc0bd7
1787431044.441493 vent discovery/pairing handshake (vent powered) RSSI spike: -50.0
  -> 255 a5d650ef1608a96d1df402a41c8a5ecebf54b05cf539a6b41b03d316eef584322e9b451b098d7be900f882b248c4db600545542f90c48bf866f0364b7d1d17197312c4c59a63df021c7e471a2184100c931ee66093e06e0d9a2571b10ce97fd7b75a4de6d8b9addaf014297af1eadbc4ce112107bcaedabcc00f6f7e9b73f4ecf8916e00c89f6a057c3e72bfe1ff2b009b63ca86485e3990926804228beb706fb7994022b7790dc3dbbce889ebe479f685a6ac650b7812c702d60ede016ab16178feb33dfbaa6480cdcd8ec0a82f17b1b7b041c7ed6640fa7c1300f511fe834c76538850ecb3ba3fe1ee3f20846783b6a3009eb3ace9e9bd13d83f805e40e3
1787431044.4417322 vent discovery/pairing handshake (vent powered) RSSI spike: -50.0
  -> 255 5e4ca2fcac02624635f07d6974d7eb52e4d18c00ededf37b81244ca2df6605ce738951bef6cc5555c80c72ec27a54386eeb488afc0d0ff0fe37b89feede60e4b821f24942b43901b488e622c09ec79598400f991f4b5e235503fb53a128bdddd555c5511ee6571cdfab5543b4b930f1f5cfaad3e0cc98cecc1c3713427da9a58c18eefc6bd9aeb274e38950d0330b6c4710f70b1433410a21c616f9b0be223b8f218562b831c1f4a07b379024d7552d00474793eb8e76f828943712576a01ce03c7cf2662c5ecb658c75b2717b13706319760c39a0f1efaa9f92af4fc08cf7f8a2891600f64a85837c9e5f652b0e3cb6e250ea0fa6538d55326d9b63f4a64a
1787431044.4419892 vent discovery/pairing handshake (vent powered) RSSI spike: -49.5
  -> 255 2e6ce4a5c5247aa2072788820452964411964067bba52525aa73438681fc9537c6a05f23c413924c9d27818fe3ae75cf02f0daaf19dd5e27ba9a24570f04f5341a3afd11e5a703221b86b1cb222ab9ad2ffeb104806f1010ca087cb6ecbdfeffbd0cbd343c4f04d0e7896ca1d730eea855561bb8b0bb00bdfc7456d02716fae1ff20ebb8d65797167de7726b09a43b1b8251b4165a7b9b9df0c1258680b48b918ed5455e456a9f0438377ca42dd22f92fcf3d091088e6c89658131893271842f884fa897b479990639d15f2389502de5122cbf4f2c1cb837130261ca42f8738b8c4a1c1eaaa5b25165b96d88a09dc2ec024e95dcd1c77402ece413b8389f63
1787431044.442299 vent discovery/pairing handshake (vent powered) RSSI spike: -50.0
  -> 255 254734770bf86dce16c9fdd14ff14c54ed83ee450ec6bb8d0886b134a40a85ffe9a9548d7c528ef0c4a8b9329e950c422167b73c012db25cd8d7073810ef8044f9a23d68a5340636f02de419e2603af2b908d091ac981807d0c8dd5ad4f2b8b3ff064d97e01cf3932a0696cb29f323fa8946d3d1c0bfec916327aa5e7329a123a4ce024c8f005eb45afa3f0ba3c87550d0dce5c4c92fb77b3c103f92b52820bb45a328c3f9e3f14171d265f0f5fbc46316e602768ce664be269dca3b94562d6270925a4d40f0a0d3e3739c45379e3895fe9a4ae6c3a5db1ce3331574067a29325cf0419649b712d12a9a279933dc7b452c8c3fe86e3d04068881ca4bbdf4ae
1787431044.4425259 vent discovery/pairing handshake (vent powered) RSSI spike: -50.0
  -> 255 55c7b0d37f02d4fde513a769c6d2d5cab03a85402db589613f40e3877a6abd13b6b1ae6122470613916362d34061794e3fabd69df864a99ab2429961c2d3e0739a2fc9a543185aaca2670d295bff50d6475bf633f24188be5895ebc1a6e6209a39fd1e836bce45749b30a36f2b13fc3ac8aa349b1a43b0ee6636a84027b8fe2ee87833dc0991ac87825b3ddb1fe5cde94ff44c00fe87ef650c1a57f10b024de8b909f4412bf4dc9378497f35738654e31f91c78bd02480d7a6055ea72ef8633d3e3d1167a7cbdd1e75b66bbab4b25d805a8b5daf9a13b67819f7bbe5ad2048def8086a1459a0dce35cc463c34512bc5b09e05d29d9fa3fb6b4755b836090b9
1787431044.4427352 vent discovery/pairing handshake (vent powered) RSSI spike: -49.5
  -> 255 61c4ca4931ab8e47824457a2a68532cf648279c7dd57b3b2a701855d9a9ac620a734b7c631f4b132c46803f0619f358390e739832fbd27a19fd3529979106c0bd6b0a853fd32e5e7e576237660348bde0fedbc5beed3543066646ae36ce4be768eb04ec0e2f5f9051bcb388d38ac13742677af56ca6ccec5dd845953fb9a3327cff7436079c9aa836e5c70184c12c346c551e53174753df864ad25658cd68bb40286b02d991f497e58799307aef7203aefe3042a9c0821fa5c9aa5f1a2c0222be8d057bcc098ab7dad229cb3e6699ac2d17efd4e6d2fb82a00889822300694580dbe092ed9608010018d577e7ca1e18d916391d6293ac251e22177c0d73785
1787431044.442945 vent discovery/pairing handshake (vent powered) RSSI spike: -50.0
  -> 255 24eb200ee1ce034dbe758c57f772881f67e1fb4eb348123a33b414c1cf3727e03ad9749b8f9bf440ecddf4104a9947cea7d0fa4355e7ae9bc8a41128110dccde24ea43130e65deec5cbde445ce225cc92f12bd7f0a3c3c921f7dd92d09949bcbb63be2bdd07a659f2fe2948bcdd4edb8b081633283e5b68a34e2facf32688063ad2f2c73a43ac80c2f7b30ce6bb21ca6ce73c427b15072a3240914c865302741cd127694574f4932172149c0eef90016b3aedbe939fa35e40f8a49d8da02d377a325b5a2761ffdce0441f9d96bbefdf504f64578b1cbcd06676252fa6f892345eb00de638839b7e6fb0a69f65ba6e22803e8165b6fe5b7863eb0fc6f31bfe9
1787431044.443191 vent discovery/pairing handshake (vent powered) RSSI spike: -49.5
  -> 255 b7edceaf765823bef727af16db5202ac88b50ee302433ac2c3f44cb28f08cf867483927d577375df96c374a7c75c8deeddbdd6685def18fd22ce01d58acb888653ee0cbe50db4e5010dc7948cf1af482fc9a604f593908b4b15490960d05f564ada16e7c7d7d8c7e8879b08c623f7cf9e7508f390141cc52e029fb5d0ca8fcbda1b9cb77255594fcdd0ee7116e601fe156b2c008869ebee8656eff6d73445c1fb907207d1c3d14b2701a0e269c0dfe11092563b1b143f43c541d7214fed76244367d85786d56296563971d8152bdb3b212b4f088401748388a47c0e913271385d01d259d3bfc3814d506512dd6a2df74c2ac18ee7ed6f41db09c59aabe7a03
1787431044.443476 vent discovery/pairing handshake (vent powered) RSSI spike: -50.0
  -> 255 44ecdcad7a726d29be1f8975ccfdcd0c754ff2eeb1f47db4fe24d999d19e31270bd52aad9b3ba8d49fb0642c2103eb0400e880c7dba964214e3b343238788712e092fc73a215dad98902d86a47570fff4d44b9c72d6f12b7e5de3e76b799d1fc639a29f95fe6623026cc4e28a06216a9219af7761ba1f0727b55a09cf22de67c5aee4439b11c6ec53a187a9d953836749cefccf339c885f23d963058d696ef698887f5d90599668541b8cacf6c02708ae8a969f94f33bc26f6941f61766d57a9e8546d592530e53c9974d8068860abc349f8210e5839c405dcbf62d6e37e5ee9ea7c5b96fd21eed8792daa7649965a6bcad2db2c1a4eee67886356603bba7e
1787431044.4437 vent discovery/pairing handshake (vent powered) RSSI spike: -49.5
  -> 255 354e902a3edc6c9d18e73e8215a5d477fa3240ec2318ce792d9ca90da7f9332122f2c18730a76c09f6c3b6aa5ba3a24a358f6d95bab34946726ac01b41cb01dfd24a934f94ca9cf886f2b06c8734a0987685a0cfd8a5b7eedc998ea67fcd6e9f016dba2edd0232315c01e2d6a621b32a1af2b48bac6a4c4e28572f4dfe8fb7f17a9714dfb2ffc511d05a5d88673d39a4d04eac09132defaa1304f0a25c43fc6ebf83911c5e73c876ecec5edad0295fec869070babf27f4f9341f688b00eefe5c0d0d90543dbfb4cd2c3e015a32495fbe7ede82fbf8d07e6de71404d2363de15eca867dbd896b0f336e861a5e0f9161bc35e55af43044e58fc815e8f908cc79
1787431044.443916 vent discovery/pairing handshake (vent powered) RSSI spike: -50.0
  -> 255 7d50803e456d6fa462a244a9a7846ecae6aa540b76732e907dfaffaa1a39ed20e5e821b6d09b3242aadda0f903a21565591f86904007e558db4232b711888a849bbdeb8a473da1c2e2bd17531a2d74a428fee417d829f0e01e6852c2f323fbaf950290f8a7722c3473309c1f653da5ff06b24616b2dc5d6655e0a85144060a7e083f72247fa81fbaa3ddb456826a702a36125d8a71c186b5b595d0a6d1289285f379d572698423ff18016d5d82298c9a9e6462cd616515459d40b99ded5f8672bf5513d50fcec4b2f4c860d2288d6428a53c1e3797095233bf916d7796477f800e98c65ffd7b299631d07d2e0fecd06816782d14bbdddc8334594c13dc268a
1787431044.444192 vent discovery/pairing handshake (vent powered) RSSI spike: -49.5
  -> 255 e0d1afc9fbc1c3f83899172e9f5c6a619ef430e5cf01906558f72445db59c1d5cc837e8917a0200e68df4eeb45b0086552dc9c14466af97c8b9f43c393c85030b697897edc274949b818f783771a484f100b027607a4475b43ca78603cd9eb048743269d9a338c583c2749478223e7c7453c01902ef7277907d93cc295770785664567a78f9e939cebf11528a6a310008a38b47abb6b139466d6200566770cd5b179fd71614358dd99c26c73eaeb36b18680820cd98f5cdd599108043c72eb182faae9703a6b69ad2408c97657d149a46075e19fb446e670a51ebed2fa0fb02df581873e61ebde91f5e9e8099bb621b9b247c8393a7102ff4cfe8da6bd1bb1
1787431044.4444501 vent discovery/pairing handshake (vent powered) RSSI spike: -49.5
  -> 255 ba02241bfeeda24f0c8dae1d024fe9473c95003e2c2cc60aec79fc77743687cc42ec0b7a3949f1e82a879853ff2806ffb145c6c3e51f462650c264ff653d979f2a97c0f25d476304ebe5a17a5d9622c5e91770924c89c92337d2edb3ec17987e8cdce62a7ea5b3e94f96e096bcb11f30594c6b71417a2ea94471e28e6cea1372accbcbb339d4ff3b75544279797b6eb0d6a922e6e87924c77e2e0bb4f0429c218b65cc361af667d177a5843076487f4866ef382f00d5096bbc610984f7ee550768f3b8e8b44b1489623b46142fc62dba6e02b9b361e503bbdd2bf50fe4e2898fcd071e99cb4116934dba550d9436c4687c819803463ea69a4ece2c8006397b
1787431044.444702 vent discovery/pairing handshake (vent powered) RSSI spike: -50.0
  -> 255 a7c59bb0de687031fa92f8db2fe3f33671380137c35e1c81857ab79adc64322a3a1b8f20de8f92e9162521398a028bc3f5873270c11d5669d2061893ff170473fa4a76fb24e487568f723a88a9de94c46e1d60956aaec231bd36a1c205b75b182c2c4443aa014f38a526a719a99f2cd079bacbad2a097202b7e646dfbf11fa5f623078f6fbb3fa88be70f2a72ec05f8565a0227894af7e0ed1dbc97553bf40d34f69c26ad2233c27f34c2738ab44ab0962861a9fbe04572097519ba46ef7e7aa66e02e9944b73ba82ece7b3aa88ac8de03e001f7157960b19587ce6fef5e295f34a069d69dc0d72a7d94cbff6510dc39fd6342f1ed3e5908e876c36a15d848
1787431044.444939 vent discovery/pairing handshake (vent powered) RSSI spike: -49.5
  -> 255 a92533341f995028b0b5cd627e40128a22d4c2e6eba54f7dec2c3d882a2ea987fc98410a15ef511c0f111732c8a0aa142a95bcd6c0862176707edef6706f9c7ef487d5d92f02058b45c011f113569cfaab4b609591871d6c93ac0e4da7237df706d4104885ed23d5f301700502ceb62ee23ca1f93f6f3722a1577fe7513baec1e728779e1b0bacb651cbed2da4d838ef6493c410fff6ba2b3e54bb074d10829bf8e084dff4fed44775a8dd12e06893aca321264c6c88d1ab1674ffd765b4c40581ba6bfca2015cf313e30beb9ab2d71d7127747b6027a14ee894708e003ce03397077e111130faf65475c054c4f8e55cd825bb1bad810f1043cf14058e1960
1787431044.445181 vent discovery/pairing handshake (vent powered) RSSI spike: -49.5
  -> 255 83c6c5b1d864be4c3c7a6b20fa9d832b5853e894dfe8d460b269015ecd0bc22b8307ed79a0f2ba8c09f836b239bf7d2c4cd448e45f897c4d4c0e71b617b372fc1a62851388c8fc3b2489310cfd0169173fc2fa71f134a4ab3f92e135e4970c16d4fb43e81051df31617fb01be4139947fc58a658bf183c5f386fe6f0b91f033bcd956f8cb734886b1b6a7a03246c3b4b645fcb62f376d7f30d00369093e0ee282d3fa44343d7442c9a8b54f04c66d493c627ac345e4c445b89bfb4430a8d32b49279ad6bf336e6a99f78b00a0e0cb6651b69770bc201860f93b9d2eef31ba473c2b1fcf777fb6196a65b16a85ec2e394ed74020c3fc59a4d09e7f065129a95
1787431044.445392 vent discovery/pairing handshake (vent powered) RSSI spike: -49.5
  -> 255 f37ca834d585c03e5ffd0bb82dd2ed64923805c35b5a012cb665687ba85a6a33dc7837ee1a08ffe5611ab5c9c3bf360d0d68c6b5e8a68a6c78afaec6a38eb0217ad19d7678a4d808c33eb44e35dc0bf309b5fc7632f281f23cbada0cde568bd686e52a9e70b84599a642c1ddf3ca46212b2cab4cb9960c7c59de5f95cced993ab8c98690bb677a5531f1954873d569d581f5d08f48759115b124b0bdda3536a060a154fc07ac8ecd6bff0cc9a673c78c159ca7ef9f9f306d9efbb671afa42b139f7679786548180c05f3243bd936cca4356a444bb85daa9cea0d0d205ac6de7d7c5cef2fde422015784260498398dcdbb1e051abb4ffc735192331f579e5ea
1787431044.4456189 vent discovery/pairing handshake (vent powered) RSSI spike: -49.5
  -> 255 4fad6a33b49b9c151e53b7d5fe66e3cd8bfecc3d5064ca3669de3aff87d37517e464debdb059ed55a1ec50628f22a0a11d82096ffa65df0d135ae6eb910dedb8c5c9195a572176d7c23ee1a4a8076c906da76305477834b766a70ce0679038bd07e9b41d7b1c70bc2d004a6646e446e3ad65f6d00e6f471cd2e7fefb6ea41e1811115992576eb41529a24e7fe3838968abbc3d7afb0215a4984c301bbe1869957f975139605a79d94b410f75844b55c4559225580ff43455acd80e2bbf8281110d957e71d08cda06a6bd605fcdf622e11e2e24bd89a4651583c8c74c2a4510b755796a2869af4e3ecc0223647313c3f3c16cefa67cb5e14d8c6b0c2e060db1
1787431044.445903 vent discovery/pairing handshake (vent powered) RSSI spike: -58.0
  -> 255 3a0f5b9207d38de98c78b3c9b3259d2d4d4a48b1ddd8453bbbcc01c12e7aa3060301fdb0b41b17b58806687a64d56e703efaf045e0fa55142f6e497866b615d35550f8fecf51bde05d85c22b9bae5a15590d55d9b1798302992b3d1f05369b12ad45902b2ac1ec7725630211c6e7c2fe71973d7413b39cbcc439f9b6c7c3ea4e1c2f273ca8404ab8295315850e82bf9fbc441200ee42c81b3cae86ec71c072d5fffff5a0528075d5550de34b3217ae13c8b94ef957c1fa2c32ab2a70880e0ebe811b7a9aafd3292e819036625a39025e9ec0fb06f37e5530952f9a9ec86a1a0d6a9e8274be57c014517d072197ca5d62e0dda7b03a906d18f357786e1cff76
  ...heartbeat: 400000 iters, 99.8s elapsed, 483 hits so far
1787431045.3383522 vent discovery/pairing handshake (vent powered) RSSI spike: -47.5
  -> 255 f88de869088f052146a4da35c69df929ad6150b5d5b4966d43b4b9a4c885822b0a9111f9081ecff36a38fd23ca89350947fb7cfc7384f1405fbbd28fea06bb7210ab19debaef5f21377f6217c9588d8d5024c308e6ec821beea165e55a0789d2b8db61a29b5732d57ce3f7b4b301008cb0b91b021476323358acb1a4c018a218a91c95a8cb57f2e8404f9568f5404ebdb862de7764dca25f6820476ce91bd87cd10c84f2e9d598a303dc1f90ca00c9d6642bcf98c9f833fe676b9010616fe4787136eeaa1e0aaca9e8de4de9ad9cca0da82daf3beb00da985277573c09b233ab57197a809f87a2ad4171cb1c3cf6eb403fa5df2802d65775ff1ceb2bf6b41d
1787431045.339065 vent discovery/pairing handshake (vent powered) RSSI spike: -53.0
  -> 255 6e96f2312a5fa4729bfedc725b6144176c16ec20c2e61dbdb02d50a725e8189746c818db02f51da77d1714f25e004b6f35cf5dd5e95dcf862ba840a3ff39a7aee5588fb4a22ef0ed0cbaeeb2e475361171ff5adc71e53d256a348169a9f2cb197f90711847ffccc4a1f1670d5af2df80746139f353c288ec80c7ec8d3b1776e98b7c90c9c9b0cf1765a2af9fc8eaf542f0399554135f7ca5496847e4a737f612f639f68115dea8cf63f029feddcf4018aae9a3abd0afb3adb7cc9a7fa6e1cdabd2fa3f184af8072e3d716d8a352e7e9ba65591f5b167fa26191951ceceae8236e1cdff2b0ed0bd7dcc2e71e8fc1dda8b8a871128b21a1217b320d9dee075c8
1787431045.3393202 vent discovery/pairing handshake (vent powered) RSSI spike: -50.0
  -> 255 68af8bc56d3252abdb2febdc15daa651eeb6081c0492da37204bd42eef9acdcef717959d47845ac0aff3f6ce7d5b4d93d4e276da4db024728cca4558a0df63c66063d29b65f3e83478531e6b561090fdccf0864e7b99c43a35411da235658589b237d935923e9e5900c7cfde8d9ab1f6b17a25b5daf70a806f5401e802e3a25d216368222802feeae6f29b2ba566e384240b5287111dc7564692a880a9699171ea200470dd7b3d147f4efeab958754a3a01952fecf4201b4245603909e8a62ec91e9a4b72546477f16626749913184eb668dbbf0377d0c11e8672d82e06c2c1f74a3f00fe406837f759c339b1ff26eb8d49ef7adad81b05256e947c7e1fca4
1787431045.339585 vent discovery/pairing handshake (vent powered) RSSI spike: -48.0
  -> 255 2fb0008b37452b266ad7d941ab7b39d05d44f99ea506a30c5d526f4fae23c1cee7ae6b1e67016b2c2ff49b05071db349cda334f164d27092b19412c250fe1d06db0147bd31a38afe2a25e91ff01e3814c1896534686e97202afdd9ebe4dc24483b9d0917b6145db0f52ef65769b307805a03948eecccda7a3014332b93c4a41e17a8c72da11a55906e761f56ea5801cff1c083fe3048bcb0dab2134347ee6e748081b9c60d4c783b8c043cf3c4b31d2858ea3d046d3807dd33249b76551cc3a74752c6133b3f3a331821a6907e24d842d8611d6c46f6d9ee94d7d8a011aa463c26edeb3770905d2930b8b00f351652f79de34d186af0ff28d5165dc9bc144c
1787431045.339819 vent discovery/pairing handshake (vent powered) RSSI spike: -49.5
  -> 255 18d6c8a2e48e00c443159157084cc4f1c708817fa2791327d6772adc6d25718226e3f48903d2438e3caf5d489d6ec40217586789b3d8fdc33738fb7e72086cc9366d013949ff2dc16f3c0ebcf660300e0fa9161a5a54dc20260ca0db92f08c9abc966161ddd5db48c576d03ef649398d7fc09dacaaab32504b70aac59ea8a90320a8f8b56fec8728f355b08dd494e99f473d065a0cfbcbb40153f3b79ece5cbd30adde3de929702b19f3711f50b3967c0bc5c17eacbf0074662d9a2740a44c6ccd16fdf5844f8e0b97a9c3ad5088429a4ec910914cec72ce6859bd4c1bc0544fbc674b4db9c253d54cfbdf58e406e4e707fc847656f1e770b4d6bde0f75ee4
1787431045.340078 vent discovery/pairing handshake (vent powered) RSSI spike: -49.5
  -> 255 38387944b83ae00b8493492dac37945a61c5849365209617e3d13e80fabf62ebcb46b730a949b44494cb0410eeec5a4fe9a934e71b7e008ccd23fa33e36d29f12ec9ccedbee4660f3178501dee00d2c634f668bfc2d5dea1c561fd7ff0c902293ef99d344c5393ba8333776f5f0f335a6bcb185294b58375b3b33a6ce385124b091e2adb32b00c3a485bd9a7e3206ff01213622f3e530ad625c642be566028b7a648c8ae3ad3073bc8f13756d98faf3171456cdef30ccbe6cded83f9faea27800983dcaecaa24768b0e4538659df146b663f02fd69df1066f9cff2fbe3e6cfa0e487783d53f9ea8e6dd0420dbfe853adf467f1b58211ee925b1bedf40057f2
1787431045.340364 vent discovery/pairing handshake (vent powered) RSSI spike: -52.5
  -> 255 2189c0deb71f75ad6829bb317d9401b8ed1f571783a24f3cac31a8fb24709d453fb8b780ca79f655bdc425a5505210e664865642e08b1c83ce4c8ac07857ec7f571df6835d7e11d624478dc2d3138e053cb62546d5280959a2e1389c2cd84be22bcbb201e1f8f68cf4aedd007d8a54f339d1a73aaee3f383cb66f4a26d2b7aba5e96a5ce322df70ae3acdd1076ee69759f3dbc356c39334c866a8a00188d09d1a4eeee69b3b34fa289dbe71066eedcc4f735064c080d0175ded2595c98bfb98f987b64cac783c5516934e03aba60326405e1d6c5fae10d59b1eab50e54f7affafd2c34544fc6a14edc59020064c57798e0be586fd8ac8390020cb8732c0941
1787431045.3406541 vent discovery/pairing handshake (vent powered) RSSI spike: -47.0
  -> 255 47a2ee1b660ddbf2c9519211c23747c9dbe7b2bab34411153ae663ab3d0a1983eb9bacdc041520ed87c3d74243d8b0a843f04e64ae7b0f9497a4cfcf6a7056bd830918950f9d79fab8bf7689677ff5e6e5a6610d576fb94d43158d22a8117362a627458f834c6766c92624c606e6ba61fed6cbb29de8c7ca43c01807db6e2208188faaa0bd62918a2dbec121d5f030f4084b75b5c92c11d899474a3c04844f625ec11548250b22bfe22118524f1849ff695675d79be7a33b5557515e116fad5c87d1486d7b320e4331ad452e5b975d17d5ff2ae5fb7320a3c53f83538fac714343a27a9f0c4b706bad1f2726f0d1c3ea9e6d948d6e284b13c33f8b1861168a
1787431045.3409028 vent discovery/pairing handshake (vent powered) RSSI spike: -52.5
  -> 255 57131127051ab500262d040926239fb8a5288c8c53d468f172f0ac2775dbeba33a0ece8b91a2a15b72eaa21e674bff56866aa9b4cf374e91851745e1d1ab7d14e5c1d4491a86d1bfce5d03ead4bf8a92d59ca2e9233315ca2e3d97ec1404004cd1744cc4d920ee3c3e208826c9c3ea43e697a52cb755236fe9b4506d7bf8aff6c1a946671739ff01c7f4ca805fdd2f79c757fee1ead099262e07e25cd0f29239acbb1d264283b82890026ba65b3448b9fd3d9389b20ad8d693a66ffe09a59c92e7c0c618b8cb573a008afb2c913216d902832cd71125fcc42326b8b0469b387974316e6f6f614c8552eb7346077b5f0f57d256d8340ab1b48ad409d917c75c
1787431045.3412008 vent discovery/pairing handshake (vent powered) RSSI spike: -46.5
  -> 255 114bc76d99778dccf18b0bb26a24054372a8d47d1399503b9a20064a35ced1740ab488a81dec28d3214b2c46204034fbc3526ea4a1f5d5da0084b1ff69238296ff2c367b5f7331ccba2a008c57df7e854b3f43e450c78bf88836f8335e9170d6a8140f20fd44e9b8eac718a818dded8e3cdc3324b8b86aa19e3f780cb0b2c2981fa0f420c9c57dab054f1ccd0b5dbee55f926ac6b8dc3846d68c74f47f1c0c34772e3a77449fee7333108a3d6aada0a51de6e4e4521b81d47781c951a8a5be93c14da8859c825e781dd231597b23dd1d550bec49ad78c8ce3fb1d185a438588e61295c107cf2b7fe8701587ed968c8effe3d1166d05b86f693fc9a6fd2b800
1787431045.341463 vent discovery/pairing handshake (vent powered) RSSI spike: -52.5
  -> 255 fdf356d8550c3b5fbf2a85c81a6614346557ba408937209c3e926bb41f238c627dead3725a6707885aca7c8dc0a9f2b1aba3dfc901ec45e4d3de1e530b5cb7dbdf9face03c836d29a5aa3d3c338af4059848b25eae32f9013bcacf65cde8f2f92c1626b1300376e3ebad8e005b3fdb23ede5660d0c37d0aa2468b47f444c5f335a73fba13009f3aef4b5232508bb3e2a92ad4961a0b0c0bf3511a179cb75f40c1614b19cb3cfe7fd5913d89670bc24055c294269d3e73e88e4c6cf7457a243006533625f1e4b5def8c91f62699ae382881a98591360779a306c3fd015840489de6a023fd66020f9353e03ddd4538a4ac79298633dcd0fb43ff4484bc814a5e
1787431045.341729 vent discovery/pairing handshake (vent powered) RSSI spike: -49.5
  -> 255 42f103b9db56b959f0dce92fa3f22155c0d6d3fabd02f4629496b65f32f8bfcdb80284926fc2af8e8a33e2528fddaa432a5cfeda2cc8e51379bafca7a18b5ec09605df80ef28853e053e6b63ac4fd138c661e716e591336dfd61a7d131908b04cd9c1957950b751594e20465e771e23bb293e711934a80626cafe402c98a120fb9f97db4b2208e58e956b34f384962d3383e0dbdd072f9b8b8c4421f57608a9ca184db65df7d1cf8ab30d921e3c62402a4e63ceb72e4c3f8cc4eb2ff863115ca71a903b774bbdce3c024000d0f69aa3c2efab40c50b786712e47e0db32412562e4d930d68141712cdaf08f17db9bf5bbde219133cb39a7c99e7d975172148b
1787431045.341996 vent discovery/pairing handshake (vent powered) RSSI spike: -51.0
  -> 255 e8fd3a0c72528c160b1ee35c33f4c45b3884dcc8821b057db37b006ce18c79d587715f3c2ca71fc501232e6edb7ee9694c5ecd37c1d8242a9261f735a44052c03d50ba7f433e10ce99ebef2cdc78d27fe365b73f501a855414ffcb713ad54c723ce40f4e2b982174a522ca768810f88a2ecfdb48f130cbef6bee640ebc676769044588ff561e40bfed29ded23b1b44810d5e193456dce0d2a6e3c3386b46a58ada03b2206db702941c5ef85d1f442f023e58dd75f39ee0dee0b07a4d53c289efa77945e4fbe54461abef1ffa254d2442e05e36b249bcb52aaf01831bf54b8ccd33ce21929c6a1f3a373c136cc5c71bfd504b6f0978a1d2e1882624962208aa
1787431045.342298 vent discovery/pairing handshake (vent powered) RSSI spike: -47.5
  -> 255 e3e3bf8bbcff4d9527a914775c728108e7339f14aa76a312d017b7be984dfbe457c5a514c235578813b8b31e5506deb0b36f25416bad074bd7fd89820d73d384bc53f17c78077c50eefe98a706f42e28e19a31e3395c49e8cbe5e44c5f9f980848c7b21b099cbcecc5d7abbc0f0ff703a1409f80607705405590208569ba8d4f956cd29771c54d4669154717fc519945c724e53f0a5966edd337cc6cb895b0ac59d67d4e11aebdd8c32de0ca3938c85117d0496cea496788bf8d4cad0aec8ffb508ecc9627e4e0cdb5afd38382d85d4e406803f8139dc1e8655c916b74c4cfffae39d1c71a70c613acede9462f33e7350fe30b56f8336ab4c5dcfeb975604e
1787431045.3425841 vent discovery/pairing handshake (vent powered) RSSI spike: -51.0
  -> 255 3756a31efeee0aae6bc23705694c6aef4bf6f1f81183b07a58406ee09906de4dd05ef0ce47c613c722e2b96d4aaf88f7649f3efd74032ce28de7bf839151a0b058630134d7780496de51396c0a61e311be58fb09e5567f80e5143cb863e8da1bbdd928232088b730cdc8a933b0fc8d1816118263e900612efb5806d15ecd6e10cedf1ca91bcf3044317590a59d8b22937f6b951dafd1d43edc714a95a05ccf9cf12226f3ec37c3a3defa9d1ba14715933549c57f0407f365fa5c47373dbc31a82482b65c636fc22ddda8da7c3633e5f9cf96bf44b296f52f8a516866653f7fbc915bef27862cc846096c652f4c66dbecc195f6d939105137a963cc93d33e70
1787431045.342914 vent discovery/pairing handshake (vent powered) RSSI spike: -47.0
  -> 255 eb0ab5dbee715be8f58254b1af614cafb4261b5f0907fc24062b8b0b7e2110139f36db2426522539097e38eec15b06543f6e1a9ce313cf694da8ec39173331cf15c2203c07e4cf416e8d2afdc03244717bda0919563bd49749eb4dc65c85362d972c5b0e40d81b3424919f8d72559e531d06d34b40d019f31dbf5a4fd8f3252e36c4f12f2c14da398483f29177f8a130ff6eda9e832a1df3a6d9a005c416030c0b9689380dc71de082430482733fba73a8dab955c4087206085dc851d1e7abd0841a9de89a687c69740d676590d8ea1f9d2556343cff237fde491d3bff1ea9d018c0bfb53bb863ccb421ad5f8e1916bdabc464869991b0b7d04aa843db0017
1787431045.34322 vent discovery/pairing handshake (vent powered) RSSI spike: -46.0
  -> 255 1bae710c2b1a388db4470077ae27fd5901f4e0c8413ab00747d1647286d68dc24b8722c0206f6bee12d4b75915aeefc82e6c7537d49d2e881158e1c09489317fd5b2eb867dc5d61642fc7b515f0ba412dd166fb5a13a3ebafd2191628cffb3cb57071268cf6ff278155b397844bfb14d2e2e392dde98c7f3138d902d48e18dfd68a1d5c6df04f5bbba33fa8b80a31d135f7c9ab256e94c786dd4717233dbeb2acce8a2c0f1c1e5cce5288072977c3bcd8c89756dfcbde75c7172c5086a6507e6552e9d1cf9b417c22cd1fd64e18e5ca1a13c352c1ffe862351a0d48454244bac2f33cc46bc3325381092ea98ffea59bb424184f093b79f7c63a088baee1deb
1787431045.343489 vent discovery/pairing handshake (vent powered) RSSI spike: -52.5
  -> 255 290c9f9b0a4a9cb8417775f122881cdfe57361edbb42ead40eb519133fc5e168074aea1c988d68018170570f2de7808bc56bda1980289f48097ae3f6aee8fb1c1f29123afcac9939d3470abcc824a5b499d3bc630c321e800f824969313c87898110f1361d57f355c31785970223157752456b202cfef6aadc3f2bbc2fba79363348e001b7b5ec7d89bc8b277ac176bb6f413930f184f71d355904b59bf9cdd78fac6e130df1928800c615826e64c419804bf36f4e5e21896e72ada42796de9bb8fa9efa938dec0eece01d508c03916f0831a715596dc4371305e7838e5e08d7ad3c0bf364dee351de16781d9d0d5bb3f7bb54bfb3d6af6a0ae66270aebbf1
1787431045.3438232 vent discovery/pairing handshake (vent powered) RSSI spike: -48.0
  -> 255 9a5bfd30a3e1b5b3b691a08cd4d32ad2c8175c4218bb1a3e42f5e1b5e8a6e346b083b7b83592b2ef6cbdca788dfabffb0c63fcfd90bec89af1c4a994a8dcdea2ee02aa088964cc7a9886fefd97770c2ef46a206b09bfd3b96181ecacdb5b8121a74ef56b0cb688cd599d6ecb3e62162535100a571f32d094d20027bea7d402972ebcd1040d8982d377cf2d224f028fd2e12881dbdf30218c53cf28dcfb35344f336ef143bddceae2e6b698cbf8c69e60bc49f01d06a2a6a731ace81209c81c260f5ba39b6f1adf7b813ec5493ccfa28f436441d277c94c1d3dadd8b5e7607100028352680c9c04695e29ca8bd6a0118d61830471b5fe071a3feccaf4432b38
1787431045.344079 vent discovery/pairing handshake (vent powered) RSSI spike: -48.0
  -> 255 2983c9b9d6639339c7b8b0a21693489792bda0c427a316f6797f0b16d128db3d2ed110c80a4c0f9a761a6e8d21e60352e05d2506fb8a08a0e2a28748f60ed0c4d59f14e38aaef9a648ebd3d315c3657b343eb29bd58be5c21c6b481b0b8b2c1c387a6e8da814c6f1c1a418c106176f388d3a8bc2918c34d0dc44ae39d8260d342f2ee2b161331586f42c3d6563c9dc3dce07c40f2c40159ea892b5172ea2455139744a1ea42d9b409962c5937ede63ebe535dc6537f358fd0104d551ff74fc3529548cc8edb7cb1d671b300c39fe63ebda1ce81c1e37ac2952e57b9250bd8ff68f7ad3b924ea1fa0fc1c42f952a16778aef18aead068fdec4d76678c35da86
1787431045.344325 vent discovery/pairing handshake (vent powered) RSSI spike: -49.0
  -> 255 560fca1a1e15c1313fa3f599b6df908ffaf21d2a820153800e54de5d8fdf1fbbb243dc88499378a32f05a068fd365645e04b1b5a7092afc3ed96fc39f54c7f3b86b7027b93da795e3a77e4e601b481c33f1fd7aed8decc22303385f21cf00f41231b92d00f019a4863a4e7efc72dcc05f0328d92dfb63c8f6572244455bb7bc5ddf7d5b5908ceaa90f0dc24b043bdef73e8439bf96a267ee1e555b9017b965da60e35f8df9261988ce7f049028c9027444e736c044eb29ed406d88bd3c6a84bc099a7169404660b81247f41dbef8bb58bad9a290ca6b138232b6ce16e91ac942a156cc688759ab6c70b215a86d29befc44d0e9359009f20821164be61a9058
1787431045.3445702 vent discovery/pairing handshake (vent powered) RSSI spike: -47.5
  -> 255 0a3f0305bdc04b99aff9d63e42de51e55c6ba389169373734595de2ef94315dc4612921ffaa699f5f34d62890769164db36da0384d03dfea89dae6a863cf02e1b59b76abdf81ca05b0b0b0c2f75771fd2407e5d79db96fa798da99d6113a47b628ccda480f5c12efec78cf5b98e3982318fbd75b660a13ec176292fdf44c86e6c7b9904eb00567d2fdf6ec3271006e6c78a1e66571b284c8a85f2d37501cc9ad53e259e09742d0edde040b31cb4bd0a5a499008947378db4cdbf44a1b14a2f39d05063a61c26a2ed68f5916e9790f4ba5f0ad335e003ce60778745ffb7a4deedd79c57c61e7ab60acfd00d5cbb51a61f0b83a267609ac69572bd60c2910d39
1787431045.3447838 vent discovery/pairing handshake (vent powered) RSSI spike: -48.5
  -> 255 865611bd12fe6eb6a1dc2c213ebe83f66f87799fe7166f97abeaa2f89f57896bda94814aac2f3520f38b414c0c585899707b3a6ee37a2ec202178fe9e85dad714f38d9b65f0c34b7cd73eccf8c7229b2bebb909cece8f9db4fdfa8bccaaf59734c34d3351ec47ceeed18a123537a4e55894d88f6e6769ab01eb0acbdce6b072fa860e213dbcd969e372453abc1e4465e9808a9f2b6ed4b875e33fc1a96d82ecd3de2f4c1b6bf07cb4641dbce1ac008f271dc1cbcad9e355f691701c0cc21bde0a0e70cf307b3ff877bc5b194b7cfbdf0ab44a9b42b3d33de4937961099b73ef59e97a1054e8ee1df6e935b2cbec3dcebd15d922377f4e8a82b9483c0a797a5
1787431045.345002 vent discovery/pairing handshake (vent powered) RSSI spike: -47.0
  -> 255 ab7cc1825f3104588094a78ca4ead4f01e3ed7139f77d9d06e8a1562b49fbaffead9b0fb2f86a532378fe598387b52ec5e294c5672b9ef7a05b082cead209f0bc0d97a3728697471ecb3fb603450d719a73f3aaa055cdc13e7970e5e13199a5de4eee9dfe09fe0748627284fa40ddc6a0c4d1cf1a1ac4daff991e354c30b8c6f093c187025a1ef1f153cbd07c451c150f34c8ce82d23c169ed90e853e1ced6b7eb902c4d0223bea1de3eb46c5019ab2744051c2d5e00b34c38ecc1217efa7f7fde8f779fcf679cc8887bed47d2408ebaa0025500e5fbdd9054b18cdc0b2699d0027753b76c131b3a74fc6ebbf350b8c68d28c3a233aaabfa77b497370d4f77
  ...heartbeat: 420000 iters, 104.6s elapsed, 507 hits so far
  ...heartbeat: 440000 iters, 109.6s elapsed, 507 hits so far
  ...heartbeat: 460000 iters, 114.5s elapsed, 507 hits so far
  ...heartbeat: 480000 iters, 119.5s elapsed, 507 hits so far
1787431065.565449 vent discovery/pairing handshake (vent powered) RSSI spike: -70.5
  -> 255 6d92039e1e4aa6e0ae3dab4c27872215abbb670f82c481b06b788e296addb70cc8167a58ccabe8445ea1a8db19a0aafa22b468064de6c738b72a5e9a6282a0290ac9dc52bff7645926a5f3b6df7cbdbbe743ca0bade0888e275153e2efb83ccf81f5372a44536868647091daf99e9cf6c1494958ca9ac2ed374e1ab833fe42f590fb37795352ca47fdac89ecb4f01c1dad0747df1ba8780f677730eb826b25af245c67c90bc15976246705972b0b9190403df89b26ee2a649c61ae7a4888d32d1a807b73858fc1894026a536f79f2984c2363832bb5fe1c0771dddb559ebc32003d59739b5d27ab12fbc394411889fe97e3cbabc0555cca4b88cc5e2ee7ec6
1787431065.565693 vent discovery/pairing handshake (vent powered) RSSI spike: -72.0
  -> 255 fbc7cdab789c9b20660a9872b28f0a738896492116f2a644eebf34722cac5f2eda1cc4624ebbd6b79233c4e2e8634991d8edaf4d40ba991458a29410983d247d1c41aea9d1ccee16f29b0dda362000e41903fdc0caad59b11e112219c06be3ebb0d1d3c3ce7f66eee63e8a9a85a479dbc8623a02401830422e7fb48b141b40ecc366a73ec67c35704f6dbadafef9c41f0943759748efe59f8f73ef57190fcc23c3e21e2b7da42cfff212b78a56fe27f3b59ab67d0291cfb5fda32eb66fc05cb9ba78f38c70173a9cf960eef80584882302a2b68bc4c560bc4c66e7a0c0f11f90a7904a389dc93d7f7858c267325226bfd0d8bc5b3af91d1610442db18cca71
1787431065.565944 vent discovery/pairing handshake (vent powered) RSSI spike: -73.5
  -> 255 41c2430c0cb59c2e9a6642bed80b8fe5c0ad96fbe2f23f9246383e62784eab26da5eac170bee249be6fcdaef0c9615ae39aef7f392478332e67efe0f7e78492103f8ab932c769b627e3b33bdacab463cbaa91d6a8146e2d442ff303ab74a8965f803e8f92470c1d088de52c9f0e63b2f7f46c5194c690a8d6b5190136320c889e5ee517916a1280fa13c440e61c249ab03a016dfa0532b50fd5c7260b54836aa19e4151b1cc2f87a6f01a2c0c6330a80f97f958a653f3c182b349b844fc67e34e13a4a752777b26ca8d54e2c8e84363d717cf6d95ce32e576db67c34cfbaa22ac609391c134506c431e3c838af7ea59c06881a904b2ac599f923a59ec68a08
1787431065.577327 vent discovery/pairing handshake (vent powered) RSSI spike: -73.5
  -> 255 8ad846f7cb11f5bab003b42b9ca7f61c41f890ba0f722d4e373dfb0ed953ac7ba125a6bf82c75aff7c3b61aafb4b5e30ef9250282b8a74d9e30bd1daea15fa08adbf50d163cbf26c497faa8f23e502e27a773f2fc4b84c721185337615dfd9ebb40a8bc477e9a492cfba64f8306285c0cd8309bed17960fa9b9b9ec19d0992ed9b364c10e4b7aa1eb605b46e42133c3483c1e75d876b04ca95be46057432684defdca87ea15c149241dba1d80370e53d16c145662f19e677cb392fdb1d50891f0a5543ead15d5072d938b857c2a8ebb07c8632e692d4a3e469803b33e42f3496c3f7cae9cfb180ad8c50d15c88235d784c8abfc98fcfa8cb5d5b26dd50bf94
1787431065.577615 vent discovery/pairing handshake (vent powered) RSSI spike: -72.5
  -> 255 b6c4190acff64630f89575d7d73114bd2920c2374cb30be782566e487a11e230d64267c64e656e947db679f21399842e113e1f9859b3d0b21ea9139e30e3c628252768c40bba6ae58a6dd130f644f750ebc37eabd8eaa0e25eb233bf9d2dc1ed3905a78695d9b105712738dc082b706d530ad17e9d6960df9dc4819fffe0e16ba7473922f23e6f998bb3d56d4f63b8343916a193b5bcb101788d8b6ed11e7dbb4934eb311b29a32b0fd906481cc4cdc2fe368b56555a36ef502c963efedd7a55995082db493192242eecd755e954bc3f7f812aa61be3767702d2f300450ab79342214ff263c622146b955830abf65a544bc7f5122acc26849f748e7e45d9ac
1787431065.577861 vent discovery/pairing handshake (vent powered) RSSI spike: -72.5
  -> 255 0d2c3c2129ea3e22e8b309f0cb312c297a5145fe74909b9f98b03c2e0e1736bfd5142b9f464ae9c0989c9365ce0832cff2b69bffe0e1ebba25b4c6e467f3e18c7b78066928c394690fa8975803d47bde1d5e5b5bc5e54a980edd6721de69e97f64fb524293190502609d9113bd4f1f1c995fae31a26f04ee7d41c75a8c07d7ba6a3b5a35f2d3910dd395333bd2945b82ea3973fbf943b3e80f310dc3d870cb5c440871878fbe27774df1f6a54c36778903d0a3e1e23b700e851c6123235b2056120fbedc7362189e3d73249e39ab029d3b05de508e6a14473b88dad06c7a331eb6819cf9f85784b05a1ef63ba3128b133b66a12231bb93066dc90e0d80eb11
1787431065.57821 vent discovery/pairing handshake (vent powered) RSSI spike: -73.0
  -> 255 a36b3d2fa39c05428c681a611ebecfb7afc15046e6fb109b24dafa7fa2371346fd65621d7a198c3dd61fd5a9763932df85235208028b5f4b00bfee6f3f8c55e648b0841b409911ade77837125c531dd762250af70087826db2882b9da605029f7b741fe01f9a27029d12224d73c42fc9733e959b6779cc3f6f7b790daf980b5789ae61c33758cbbacc8fa6fac3349fc102e63fc9717432f63df6edb306e560b6b8d117ccce371e72d22d63fb29f037b34a2db9df9867a2020c414ae3568f6343a173b3c2a1aaf0466554f83384ef6f206f35efdfd1a5184bf624fe2802d37ef3b13b5655e376b45f4158a500f7813b9208addd9f9c1afa1f009255369f4e0d
1787431065.642708 vent discovery/pairing handshake (vent powered) RSSI spike: -72.5
  -> 255 06fdd5bed1867b6853d4c83086e80fa190f4c83213a284fd1f9b059733f3aac5b9a8df0c4765df3c0f17302ad7b4733bc0138968a135f605eae7b6a6c32afe814b37692d5de643317672a1162c3156872d3c35a20647c1c850435b21b7ee2dd858e2b850dc5293b751390c1a584612cf7eb0c2c3140648d6ab7c1e4e0762e6cc3a581deec2520bacbf67288af0e3a35d91289075810ad2ba8ce26f3eafbe899dd192896f2bb208724404b306014993938d1b43d3f7558e80ba6f222b7aa34cdc4251a878834a36f8554eb214017924636cb3aa5b1b9cbbd711fd6a0e68e350ac243452f694302309c508cf498ec9493e99daab47727c9294f4a9d1a8ec9d51
1787431065.6429582 vent discovery/pairing handshake (vent powered) RSSI spike: -78.0
  -> 255 2272cd9d1f7a2f1c04484d475a9406b7d3f38060afc26b21f602ccca24e2014f4abb27a7516045045d970937a10397758232f88cc22251b6e10184bde116541367bdb8b046c562fb27354ba7f6b0d1bd859f592b1b377cceda4983e4b90580dc4eb7e31d38c73d4243c8dd02a7064e06153cb4851ec015330f3ad7880a619eabb759980edb14e9cb87fc88adff66602d90db35acbcfbb999e28ba2691077a133dea4ef1f7b45d97ab2c5263c02d67c29a374f82d2b677a23949a543660a3efa107acbb3ddc9ed1cf526546f2e7ad63d68b6c72745c4487b8d09aa55be3ba52f83c937fa9af5087960329badec1c10d5783ba26fc8d84e7ac19841a1bdd6caf
1787431065.6432362 vent discovery/pairing handshake (vent powered) RSSI spike: -70.5
  -> 255 6a2c5c13947df07b989676ef84623f80cc1c9abe41db0f4c1356f0f4ccc215f733e2edb62bafa4d55ddc8a796e460aa0bc3f34dc984bcb6ff701ddbca776d90a86f485114144a1a2ae0b86cbbf2a4916746fe3fad08069c9de58af90612bc5398f1e331bbe5a3037c9760465fcc147c8367ccaac4c2e03801171777385e8667014e819fadd1526dcfdfc8ca58a15ccf17061a8d869df615d46df4903ca307dd16403a8804980acfb48eba4938c9392dc5ee94acf2e02dddfe5a91ffed1238022e58f353eb82181ed3b5415e0d9b42268e05b6e1ff6d6f5789cc77da030ca95736a9d0ef8ac9b0251d3117262ce3aa6e6e0f590da407f984d24f95581521e14
1787431065.643488 vent discovery/pairing handshake (vent powered) RSSI spike: -73.0
  -> 255 0145bab7ba705accd361b831fe57730030e7382ae108f54f7c99b5d4bf0a82fa1ac9cc6a742eec3882fc5e068d6aabe0926d86a175de04cdf083f2a46688641f0e67a05a25678466d8acb31108e5b890770cf72c2966f64bdd757a1e599a8e21111d37e7490f84397bbd594a24325548206e624195bbfeeb8a849c0e5763787154b57554fe3e51f5a2da873a41e5801a8c5c675fedd3946a8b74f58a0ddbe81e0554be2ace56d53c2e2224f6210c214510ddf310c261c76d03f75282525ac845d131bd8c5d0ae03a0f0d66b5aced68b4a21cb684460e808134f4ec6271ade85ca2ff4cafa8de49a19bae5735ff6bfb758564b67934feedf5fb461561611c04
1787431065.643767 vent discovery/pairing handshake (vent powered) RSSI spike: -70.5
  -> 255 72b366acabc987f6b68586876a2d611cb91611a59c76df91801c5dde6155ae9974e5d9c81888785b40b0f99865892953e5419546f536cfe270194e06295150fd650ae85359ee0139eb3000ca1626bdc959dfa96b1480c76e8f9fbc38b98c799d8b1c1b4beaeb54118ba3925baa573c99828410141661b9124e916d28231d4327cfebf3f5dbd9c855b434e948c9ad64c6062e69793fb06061631d0fa56b1b6c629ee35fff2a516a8bb291fdb58785e598a2e3d3457ba1a0a9483bf8e3eb627eda05c12340c978d64e5f3769fe74382003728494c385aaddee0f0f769e7bf1376958cc1b5cd2136cf56132e8b83c30223d461665469d83973c18140da2ef223c
1787431065.655335 vent discovery/pairing handshake (vent powered) RSSI spike: -74.5
  -> 255 4a4adf8cef157bfdeb460a88f0862cfdd54787e7c8b433447314299390f900edd4022af7c2a4c361b39342e5339b735a4e47c14aeec65e929476ad0f6ece482d489112f63ddb3803567848daedbd4ba3f718529af86ce28a7b16c678553a6446de36829e797a482cc3879b1819fc8c3ef758cc6a48f668c94ff65f4d9b2a4e117c2ce4e5277ec3ebbdd4fbf8915465e98cf0dcfcf8f4853c419c3239c7663aa25ee35702fe062c7c9ddaf0468df59c0e7765e8ccd1ef70aa43a8a6109ee2d71cd53a0a74dc1b0bf7c38802b01e9b5e7005a484c2ad70224df66f10e55b6fb8e86adb0b6897e1469857524332af2381ce501124d21a72def00914666269e96d
1787431065.6555882 vent discovery/pairing handshake (vent powered) RSSI spike: -74.0
  -> 255 273ff9ab370ecde50978e4849aa061a9fbe97fc571dc94b18a926d8b7c49ff213195a10689139c832254add962e77fb3f924e451756541b8c1336c6b6a5dd6d48077cc5e3ec48aaccace53862adaa592deda2194549b62f6946046b5e244a9caa70c8c7e052c91f4d54b08d3207d93b8e4ffa4b8c5812f6136cf86de2d8af7719b70c86014595c4a0cfa7dc8ac2b957a0067394d194146501c2f791233e0a422a74e8c551f055693fce718727173d0e72315578860001237ee15e4d3b9dd92a938ab62c4e8b5cdcfe9eb0217840787b3879477ddc07f8553b7e0f2ca7fa6676a2483e926d3f693043c2eadda50136ba6e5cf68d56d15145af3a6954fa4b2ce
1787431065.6558871 vent discovery/pairing handshake (vent powered) RSSI spike: -73.5
  -> 255 577d4dacc27f7cedf396a413c63c5ecdec785d20d0feff4d994a7f66b8fd11193220f5eecc3859288841930cdb767810d6a36bc60302201eeae6214e3d6c1f15ac37f3fdaa1fbff2ff6b69d51db5e396be8de4790f8690f484ee3ea2187ce3f95a708e7da951c67de61c529f6f1620a815432bed011907c7f7174b223e5a593b81facd14fa7e7fa7f6bf2e3e7cc2e5abc609051118438bc46cfbbd8fc79579523def78aaaaec3dd143a1effe359b1408af1c761a1ea8b6a670c056801a77a516e359f1f737ced17d29d0b6ff5986fd482c8ec9712e0582dda03f063bc345afa7e2c5a3bccb09b50f600abc209510066e7c5a3ee4093799d347c87837682036
1787431065.656179 vent discovery/pairing handshake (vent powered) RSSI spike: -77.0
  -> 255 0b1d1488d9cc0ca78fce4267cbc3348dfa0ed2c8882bbe77d992a8716c3156eb9b3feb9fe22f8ea711d3504a4ca4267820515c311dbebfefce1b764c90ee55ce70ffbdbdddc62929cc103286af93b8309c0b0d460a02efe35c20792e0c7f4a4f845283207924f8523f76e5f19746411dfdaa77334c54b283de2a3e8cadeb35db8fdcf3daa7f130dd522712744447a6838644a3763b7c13d9878e30d2147d477322356eb54d7fe2f75cd685804751b1039430585dd6c3c0c18922a5d75063f961cb900fd16c47664363f3bd21746d9f7ef8b2b50cb5bee1815b7423425b13ef9574ac0e0eb7895b0502f3feacb4fa7da06af99bc0ffcaf8029fd38ef76b0a8d
1787431065.720449 vent discovery/pairing handshake (vent powered) RSSI spike: -71.5
  -> 255 79dadfa564469955e82efa26bd1a53d4d39ad7a74ad43e799b338a257cf563ea8076ff3af39c31af4f3e87e5f42830832483b90207d2f1fa882e00434d7f718121af9ab9695e2fd979097217edad66072dfc838b3e63cf46a7a67f705c916e116e8a83341d0cbda19d68d1f116581484f05c0fce44e953458fb3290cc9cfe5f3eaf3ea914a52fa941518c5640b98fb926e83a4cb708cc32333ebbc64628b360c43497d5898e2c2ead3e5a691f0e8bf26e255f82c19dc88a9149fcb486b134ad032dfd472010a79602689e3a11ef53ac5e84861261762cc298c615f7f3b81302b744fa522a30d8c7b2588b9c5857ed581e74ef058c3af73d21939fb39904ee3
1787431065.720726 vent discovery/pairing handshake (vent powered) RSSI spike: -73.5
  -> 255 e9dcff9ec027cd4d9923b87b49bd1dcd35c86417cdf910f3c538c4c16b7d37659496fd66ad5bf4306aa4a4030729dd8b8fd3f98c59fcbadbb0c96bf4330d77e45433329de14d1095eb271247048c9afd7e37ad5abb3a12b13a94428131d0b1f28be877c425bdd8c742f3a4ef8ff9a51e840cb95e8384d3c8e4ecb1d122ca3f08125fda334e04365d8dae3d447157d795e74eb104db3a71be073f3225527caac61d2e307b08dcc6078e8f9e02993104eb353948730581e7f64c18d7954059994f8d52f7c4fd458c8e53403fa7c4b87e81c2c2bbc05c5cdc34146a3fc35192fa1e069978f245d207b5683c228691e6fbe533039819eea5abf9331edd59189967
1787431065.720979 vent discovery/pairing handshake (vent powered) RSSI spike: -73.5
  -> 255 845676800a6c7928fd17d03fd770cf296a3e1255a47e412e94044ba3bda0aa4c5751b43f54946fd409edbbfc2114db7e7e362bc3fd932a040c0d3e2f3f81056e1b4833b1093d3f19df9bdb1702929011eb4d75dd3ca13d80b7884e317eed8f6535e30886bfb5401dee0d7f0bfbd8034227b976e6d3cdf914db87c671ed8ae48431d8cdf685169316d59a78afc67aa330bbb1b23e15cfc68f4dcb81f1d2c4dd04e73ec4e68c5fa794b7e49c5c6d5cba2d758c32b068f38ee71db90893370b4ad9c89c41fce689bc3fc58e56a3cfafe7fe0f6efaf85830a483a577ff50a3606b401228f38b83c43c80ef909a611fec217c6937d2bcd09071b5670054adbfa70a
1787431065.7212212 vent discovery/pairing handshake (vent powered) RSSI spike: -74.5
  -> 255 321f89b5ec962747ac4664680a8e395c5510c39b9404162902b02ffcd1fde8d63f550e5ee04dfc35aa6df001dc56c2e76097c254062a8ff2d6e1af06ba6e8245c5c6be1b0693b0413cfc14e47f30247cf4387856a5d9690bee7e010ca7cd39622013ec142a089da98482573efefd7c2701997c183e34bb0fa73d6e423a70e8f72e9ce479089c70b9287d816a7570ac773784f58bf8b4a009269d900f3c845a044bd6a1914d8389483c2643747a6564d6a25fa201885845e28ea081dad0964c5d726e106e5bc021f426e5ef91534979a58b214f4c1f86b7639a207ae9720e617cc19c25c50fce262e8f266f65605771204b5f94707533e8291ad08eb1ba883e
1787431065.7215412 vent discovery/pairing handshake (vent powered) RSSI spike: -73.0
  -> 255 d7e44c83ce837afc24162f7bc9f9d47d394abe80fb13fb40365ab48f11914cbcbca976ecd7b93d7657b26e994540b2066a7d9fb635d2113cc4ec3e01a21794c9fa3fec94ecd679618190524cf5e2f4e17024c0acf22669861de960597f5284c9036a6067d7cf2cbf6b33e0face901de34d8728cbea522379a26bf7db3cffa62eab33f3e97e808d69e1af06d2792290771566a6df3ca558b52cb6a18a93174eb5f47d2cb48c5bf4914fc973816b20421f256f5007185b820751ff25f2d16960060b30ca9f04d855b6ad575825c130a65d886eddfd263de1bd356b28dc3e73bf7e1b98171c5b02e62b97906aeea9541a866e05953978adcdcc6656d0601605e4
1787431065.732812 vent discovery/pairing handshake (vent powered) RSSI spike: -72.5
  -> 255 ad64a33f36b012b98bffe03b8fadd6eaafa49ceed54780e6d1d996a7d8a854e03732afa72060d3afcc86d19d747c91621b373e4a5f37cbb364feebb5754984898fa73d473a41886fbe40d39297313744cf28688cddc05ccf8021d52f3ea5b123f3f0f87e1e021959ee7057c3e3c982cd0f3f237b513d2edbf2a04c94c804951dcf65a3e1008eac14a2298a82fe700398e01c218acf27f119ac38ec68411fd99f8ffd5e8454e087021480ce7c133ec338aff19a4bd393718046aa4ec7e56d75ad8ddc5f15969a11a7208c634c9681357ec99475fbcf9761c522ac2e3aeda38a45ceb561325479a2e5a5557ebd4f0326e2ad9f6a86c1b97c5097ecbd878785ed
1787431065.7330759 vent discovery/pairing handshake (vent powered) RSSI spike: -74.5
  -> 255 fa68b7190f29043ae80636f75722a4f884842a73f604c6c77d267ee30452b93f42b89e41ab1070c20f41e7a1346dcbbb12963a1e394f598465ed13a7df9ff9f36973fcc0984640b5fe78721c1040fd739caa2bea159485c2f09c594d498c1686da0565d7ed7581bf18e71963699b6f92b5de77ca4d9ba598348a9405905a35346c20bcbf207b2cc8976cfea55962dda40869560f7b35a6d701fabaf7f1ec4bd5bb4b9111bc54ea849936b28b35419279b45de74a4fe8411a5a4ba8df0eefbcc2380683fbb026910c3c66e97c4dee9b5fca9e0667f662fd415359a15abaf8c9da03c58f9758d69e7fda7827993e747c5c928da97c2c0e9993fca1766b745558
1787431065.733355 vent discovery/pairing handshake (vent powered) RSSI spike: -72.5
  -> 255 086f8808f461339d22d6b341e220cd5e6eae52bf0e93c1a551f4c4eba3ef0fa7ff25735b8c0392251329370b33d826383b52c65215700918f05f2fc4c1b5227d50b52ac36c89b968a203a582513fd8c8d5cefe7d834a9913e975ecc6807bb9d05cb143b4ec81e5dacaa0f6bf42a29a51e7cb0eb53c4f8ec2b36153e841c6b2d01ef5a4f5946f0d262200e9a8725a4893aed47301cf836209935a427e251cb1cbcf3c12e7c5cc78e59d1e15c69714bbeb496de0148d7bfc79a597fefe5070adcbd6f09c1420f12c2dd6985368e100346d2c0bc093dbbc9c087b584691b496a11e716b791dcf923a978801aadaac03e787f7183e392c85f1ce02549598ed6520
1787431065.7336051 vent discovery/pairing handshake (vent powered) RSSI spike: -70.0
  -> 255 adbbef0fd5ffb8800ce9e2782367ffd5535d508a3e6211f6426799fb8163e2e29a2afd5620e45badfe81184ecd9f0dc3353fad759a6c67fecbc20b2eb5833574466d6779e6463156e927fcc871b760a78c81ab469d1dd088d8f5b909305701afb5e73563e07710a51589683efb85a2193c2043314171b480f2071de17a109af7f984f91c1f508638894a2d2695c2104a2d3353d37788c152944608779bc45602efc11133f4192d164ea5f47ab5e79c0376a366d1cd380049326feaea631a8100508a282d36f1f7eb31196208296f9bdcd9ae74673f047fa1a9e4f2f7fc8e99cc4da2de500d285db5818aa81ff07d3b65782ef97f1e02843607ef0729665c9e
1787431065.733869 vent discovery/pairing handshake (vent powered) RSSI spike: -74.5
  -> 255 1231132af2c25a9e69844354531570a60f6b7b07c8d98d7eefb969d91f3d927490c09334492f38a8ed19041f178a19eaabba182cfc21f908dd7f1ed45195ab9af9cd4e5e143181a7e0bea48ee5ca23b7441e480c331beae4f1298f8c161fdf500eb55269767eff96f70ab47908933bc207c095df0fc54f6afaf375ef38b7aefe5e72c7eedd02fa4c98cd6e97d714a23d131070d13ea000c596499634e98ad0132a7918d3c84784d93e45ef2f336f166313cecc41399366a23f07206cd0016cdea3b4e18e67779ed377b58cd98a388eb8883adbe47c8251be2f77b050ac3483f62607072b09f00f8b8a96447f1d4cbecd37c362e8dd09bbd666c389cf9a68e0
1787431065.79835 vent discovery/pairing handshake (vent powered) RSSI spike: -74.5
  -> 255 4ab54407bc85ffe46e7e58fae7695f3a8513e4248ebf7073ab8ee0d966463e0bd0dad44602ff4299702f1dcc1998cb57c77c2c83ad211116680e5dbf01277e89394efe940bf693454676e315ae7a17edd4effe713d94ccfa905b82c4e308ed71fec39a0cec96e0273c55debc6450f8efe8159dfcecf6b25cfc45ddbe1685b570011648ebcce1fe1a77bb8092eaa36894ca438475403f07a8ba8021cfdfd6a54a08ad0027731895bb6dbea41c749a4fc57df0c5dcf8d5203f22a3d4b339091aa6d93ff47553244ac8fd9472230eda548b2ac8b19e8dcf286ecfc018d348618327a84ae32e27e5a6e1c8d87b5139510dc1ba7f31cade3248ff2909a5e2ac7635
1787431065.798605 vent discovery/pairing handshake (vent powered) RSSI spike: -73.5
  -> 255 9b4be69a9c6897f08a1290bde47d4a89296682788ca5c1d2d1bddf417bd68ee78a059cc90137e448e31e88bd5fb0ab345e2bade22b80a89c9dd07056494c635aa2bfd4e57ad16ebacae4ec39d83d845338c724180443ba5cb8a73cf1077b2673bea8568e483f14a219833dbc07de0738c49056cba46053e57e251e60b58296ce10399e4ce4a7ca602df2a39a43658ec248c3e8d7ada4a8a5fd1d8b55ffba9cb6f6c36b916b398f15caef8e18c3ee09aacbf214f25058cf09ec71d92c3715a38392173a391868905bea756657a7c74ebc6113f35e57041d7c3cec41007b6fd90b8ba5e0ba507b5b8583d0345a9661ffa949a77d05764c2d37d4690623de37ca
1787431065.798867 vent discovery/pairing handshake (vent powered) RSSI spike: -73.5
  -> 255 c7a189042ed92852541e7259ab5db420f2a14d362d061718388bce985b0d1843847d31fa4ea3bd11c137017417a8a03475ad79e09bdf2cd189b2a453c86702a0ada8bda03c4e682be823ac069f3c56b85236f0c6d929f39debe57da6c3a7860f9fb8f391c748d12ffe2a8ff69c0086afca2e247b83f4a32072a7c4d75779f4142a5bc17da97dc1da57aa37289bd5cf69a712bed968f1799434f16cb9e003fc203244f4b78cbb342f9d500f4cd312cfbde90b11b69d3949ac2fec05d6f912d66ec0ff8fe2386732add9989400306031af599cdbb9256a6dba69f2716d411c4db9facf966e71fdf72ad3b19911eb1e8be7df8eeaeb5ff79976ea3dd17d3d7da6
1787431065.799118 vent discovery/pairing handshake (vent powered) RSSI spike: -71.0
  -> 255 d7c8cc17b18101b311c7b316a7382260159e9c1277df47e60e2fdb240c0c09a8fff2854d1dc068cce1430cc06e778bb9d2c9d8cbb46aa619ad8d5bdc53851f70c037c01746419b5f625a08bf455b59fffd3ca90b97c7b48af0f668992f1b5fe11e92a2b3913b7c6286982a7581980700f06d0d898a5890fd432bba1c449a1b251d49a7d94e3e8b4cee9d7ce1c974c88cb5ec0292ed1a3d797e141b879c774439a0974df0a87d3bc461ed51fdb98e36f8a9c20825e67825dc544fe09ded779a5bd277a08338129d958c94421382094cebcf1196bd56a6a102152b0e5f281a58fa2f05d25661cd0e2a3abf38d5fb20ca701d2c5f72472148c7fcc07216f3e2a2
1787431065.7993898 vent discovery/pairing handshake (vent powered) RSSI spike: -80.5
  -> 255 62205f07acbdff474dd48ab343e673384899fb4e8e3e8465ccb2f14e8993a8fde48241f71ca1bd71a365a48d15d8f204783b754ed60d04f836af7342c1da7d8e06a35f232cd50f13c13d241cbc923da64c4c18198fb111dab5661237786f5b620f6e7960670690cf35cef8b6022cedcfc2c8380e1aceba7746773d972660bc1efaf66179e08e8444f35e63591f067fccc9e9309bb3065184aad9da97bd5f80c22063c3af6a9c5da505c125f9d7820e5ae403dc409c41b459e2ea09ecb8f54f732dc764ab56e54e7f6f3e81816655f11b70fb9593f0e6b1ee8edf69b0656287a94d28b5794aa0cec270cea0137718cf72e015c0bf97c3b1ab06c2bf759c49b5
1787431065.8107111 vent discovery/pairing handshake (vent powered) RSSI spike: -72.0
  -> 255 91ce4cf118473e3a3658f302f00b622cee48bf0af4a91c85eeb83c01191c827a1adfd9fd699000c5e0c71f02b362013d9101f3cc6790e5cb88f9c22af1f261a39dbd0e6a82341b7e5d0d48d63f19270a39ed505295f980829d81ba910d475e4dce8d2fddc46fe0fccc8f5d947d1340bde38c4edbd23157450dd6b2adbc9b0d342eab5ca2e325afcb5955019f6505bb0297f6f198a5606f8162b73986819ee53bba1fd6327a1a3abf945152ff618cc3ead44d592f9eec99f8d68a044856d2c9081c13334b978d524312d51b2cd93264ffab56b9807f139fa730351ea70de6f1927b8669c6b7174fbe7590abdb0833cb9e186e61c1e8e9315bdb511c1378f03c
1787431065.810973 vent discovery/pairing handshake (vent powered) RSSI spike: -72.0
  -> 255 b9a4f948a416d77d58ac7b62ee2d05b7445d018461bf3624f46318ac7413ce1070a13e25e022f01eb80e7f23c499cc089a4fa646259f343c6576a7b8074bd802c9f2b2a09986afe9a7121b7fcc5bb67263a351176f33dd33a68c85723d2f8c4348fcadcf4898b19788411afe74d68cae04fff564ac031dfd6a4c0a69b04e462d5ef68d244423b17f91822cd2c9231872ec08b215b54fdf0a07e0435c680f357d6ede548c8f99f9c081ca97ca0c4e31536ad2e91a6ea02045e64b6bcff15c1fa2c5bc97b95320f641727cb170a7e996e95468559465c92994f44759621b09d78ae55442c219fdfe58db39a1f640648a544e21b71c4ea45b39bd5490832e7c49
1787431065.811223 vent discovery/pairing handshake (vent powered) RSSI spike: -75.5
  -> 255 d95b6e2d05fce716987aa2f1bf08478f98ebff75064cef13380fd084c5091e55b7e69c4da5d1bc9636c8026105c707d393334dc4fc31ce25e1b4d027217ee969dc09d43b165fc062f040b80c48faca77ef48a68af07f06d73cdf263665b8dfee0d6bb53c1da46984ab318a9511939dfe37346255d785214344578c0375b81e8a474d56e5ecf5dc2828bb9c05e361016dcf7199ffaf034ec74ea63be68cbc71b77f545cdab00df85a4e38e539c597389d4d6eb46d8afbfcff386a148973732699f16663a5a183b87410d52797459f600df54503196323504c2c11a887c2f786521272b86cbb9684f72ef9c7d1763bb70e2c9c8e0f19edd0c6cb045efdcddf80
1787431065.8114932 vent discovery/pairing handshake (vent powered) RSSI spike: -77.5
  -> 255 70efd82ca9966f1812ca7e6b9927aeea72a3c8c616101731b376f9ff996524fac8ae31e6fdc35b7f9f75c6085159644751c293a32f583d846c3dd85dc31b11e9a1478ba5ffd000f1dc343a848f87af2eee1bde435089d67bf579f2f2611b372ee3fb08724f1849a8fff902877ff8b63537e38d1e807f767261f39a62f1144b3d9c137709b81ba99148e55964b21378049ec898dd1aa55e2ec2484210acb7ae8ea4b1543f080a2297f82810df8da9dac07f97014ed9cde83a23d75770eaec75ec28167163a84f40d90c98ed85239ecaa72024599597ce49e1234ae21baa7837b056a9dbeddf8a0fc5d3028d03eddc8a20ee8ca51c5e973a39201c7e54bb95d6
1787431065.811714 vent discovery/pairing handshake (vent powered) RSSI spike: -70.0
  -> 255 03d058faadcb8cc0d316891de7cfd6795f232b0b1eaf1cde467c8ac775133ced48b96cdabafaf7d23caa97c6aeb8c4f790a772c89a044d3b3923bda549adf2bfb7293a8b4cbc9aa007eb3d6e8f3851e1896da5adadb4175e2e97c4d5a3af678c1e7da7e71e182849c3525fde2a26dbd820025de8046a8b065ea759cfde93e911dcc12e6dfbb4048db17c87cccdafc584bc9022c183c8303092179ab239de16d0c1064ef10dc566cf24a45f3d5039f590c2c6710b49fc794304b0c6a290e3b8502788ec28900dd24dc5605686c37c4b4fc38d27648c5fd2a22d972e5ae334e8c319d3ab0ba51d8b5b8bea38a385607ed28c6ac33fc26493e7cf605ae23f7f4d
1787431065.875975 vent discovery/pairing handshake (vent powered) RSSI spike: -72.0
  -> 255 07da12fa45b3df681a238f6ba2479402fcf01eb576b0a66a88b6389bd8ffd8cf76cb07018135d574c3ee2a9932b63714ff74fd5f50fc2b69e1765230cebecade95d73e98b3f295f4422015cd9be173720a1ef967764e7e7b9d1ef608da995d94fdce8c570b28d49eeb8ea8daa06188d3129f1ca0fa05911e97c210747a7a1ec35072313c295eca4114407fa38c01fff7f1aec013124075bcad8cb0dd854ced74dc23b9094e324c86d802cc0c534b6124c46e59d107162aaa4436180b564b0b10fe5da87e03f4c4ec04bef81dfb623d96fafb634da4492ff7207c5e9e2bb506165cac72b4cc53f63156ccd5456dbfcd614f4f9b641a326ce67cec12fa688357
1787431065.876212 vent discovery/pairing handshake (vent powered) RSSI spike: -75.0
  -> 255 f945cea95b8a1e90a3b115f4742c0123a0674a3ae0c04119502f48231b02075c89fbe286e14558f8f22db8efff8e0dbe72433c290363704085b4bbc684a484e4522672d9ef09cd3841b59427e9939f920cb0f61887db0c5c3d3368d7e690a960c81f8f188cd909bf1791b405b0a5ded3b438ae049b31b8c3693b8f0cba80ef17eb7b7d8c484849eaa5a259cbfb7b03be4a929c628f36174451b537d7b8b6fd1b92c24fd14130d085b6fe184a70f90405a3250353606176963fb12180016267fc349f046201d64d45c27dbd687d8ef1478c5456bca97ee9abb75cd68accdaac0e83ddb2540ef30f225f9df1b353a223e7557a5135f8e657502b6ca93f551128
1787431065.87647 vent discovery/pairing handshake (vent powered) RSSI spike: -71.0
  -> 255 2ddd069b55f9a5d3f5bcbb63246e87675f3023b8bd03e52158fe97fa75159339739abe6896a731764f459b05b74d25a366dcaf2f5b147990ffaa6cd0339cdcad448ca2c195b4a62801edb2c227692bd94385fdb2f375826f80b651810d99305f97bef448c2f9ca9bfe8bdef68120876c55a21f57170d7a8039fd987fe29ba105978ab7b21fd62706f15d4d8b0259a40276a4bed7e97c02b2be55eb133598c7ab38727a48571c32480f4e81ac15f5d0280078223a840ca3068a1c0d594c86e4cfe271005553c169e10a7f44e1928c7381d21a86a8bd315e29c1d65b9d96b163ae60f14ae885cb203ac1da79d3abefb209ac0b51baf1d48fdf9af351a30047ac
1787431065.876765 vent discovery/pairing handshake (vent powered) RSSI spike: -71.5
  -> 255 d0907246ec470e70bf34f4e631e1fb397b840f9402cc7d253098743e9602e58013d99a0e0577cad236c656a861a8c0c9307d34c37ab7195a41063fc5c09c5b7bdc7333917e8373d2b37a742bb78f76d47189adae62895e74aeff4fa0d80cc5ed4029c2407ef134f7e59938f2b1cf3fdc34810ad39aad9520fbed45c6e9655972f4453d0e76ead88b8d9bd149cd1bc1b15795785350d4e1b09cfbaa62480c364dda44d33fa0abfe4f84ac9074d6d7950cf24b0bac69d6e07d06959160739bd10f977ef137b1807882e55930513b5f10781e939344d5ef463221fb4264a31497871f5f1ebccd2f3f53d91874f794d0c1034d7955eb449706b78bb4db95ed63dc
1787431065.8770628 vent discovery/pairing handshake (vent powered) RSSI spike: -73.5
  -> 255 587632716a3625a16f4bc4a02a1bf1301b186625dd89ecf43d342adc11552fa7561441745ee7b2097487f35bf73052801a12caa39f01417c96d67be23d77f5ef6fdf86e2bc84f24ded7c038945fb45360409bd582c21ac1d7d10705a5f2d2350e57119d2660f7d8072fca96692080e5b8750c5edb706a7c70f04930eeff929c86048abbabb9f9b2832cca345d91ccc451c65676f50660243d7bb44550aab26dbaff527fdd066c8b26617687f9d5657c0c95bd37ae9efa1bbcc54a00e3d33ee214389d3e8ba8a5c3af51153beda2adaec88c43682132cf2aeffbea1e69784725ff93ad01001e53e6551a7da190eaf3d9a4c20a86af89c791145b55b9e8bbfc6
  ...heartbeat: 500000 iters, 124.7s elapsed, 548 hits so far
1787431070.903945 vent discovery/pairing handshake (vent powered) RSSI spike: -45.0
  -> 255 53b660d03f87526425f9d66f67ae027f8ba1847ca38d323c93c4206843121037a1ac3397eb48bbf937fef8f39829819dec8bd3eed38c7386dba0454638ac9c4bdaefc2ab88374b83c0dd3dcd523e452eef10bbe6ae20abfd7f1d28d047f03d9950e49c22cb7db53ea93ee6679542debdcc2b14bad074008cc14a38c6f0bb215fcb25127c952fc12e25351fb7f222034c6b8b7fff80e5aace68f5f2ffbc0b174fb5609f3e75d2afb66b63fd0688d5dfe2e849c0093913200275264165255141851403da2a74c866f030259aba2a567bd9e18938732a82da0dc425e6e1f54e57929d358f5b1700f0a6951d5562cc2adbfe3cb0396632dc77b7e1c6384dcc8432
1787431070.9042392 vent discovery/pairing handshake (vent powered) RSSI spike: -45.5
  -> 255 c24c636bf8412f3cfcd773056a298d0022f6f2f25dc2655d884202a3640c95ba9700e3778715e981b36a01a0cf11f5adb99e4fd7a69739ea9e5e0378c367f6ee73e9306712cd984837085a43712762521a99359a4909219f6eea29eacbc65945f9b4dd567282254332ff62d942bdad15b220e850eb9d389bbcdf8610e0cd8353de14fbfeee06ad25f324340ad0554612596daf7ca8bc308578b0c6f174c6ff47ae9d95887344830bee77c487bae0cfb6d1ba0fccb141972b3a12f6a0acab5e7a0e0f0768c5e887ac770d19e405c637cc6671bb5eee8576e852d5c69680dacfcccd46b12416ee57ca6830544d779d93dc0fd9bc70eec8152c53792912b7072a
1787431070.904507 vent discovery/pairing handshake (vent powered) RSSI spike: -45.5
  -> 255 fce2af6fd85de9d59cf050aef15e92730e7b6e513f12c50af76e2ef9e9c4c264931c1d802d2bd928d88bd5662276257becc900e5ba862f47a76a19ed8d150c78f0ad7b03e407ad3f4015c463eef0d339f34017dfc1e6ff7b05804959d35f84b5a62894f3ec7050482d360ca1e89ecf0794a78791c90ea6493c2040494c24ce5e2f782171807352601c1f94f6cd2899e42a18c2eeeb2300d1c1e863e576601991d941dcb664773a15e91488cd0649564e37a7ccd7404c2f8d7378afb83e027626949f1704d08a7b4da151535bb9d5fb68c92dd8079fd511f8a63e41b3c4b2ebf9b44b054b1db502e0cfccfcff8cbc638b2add97857dba294248448fecc04f7a
1787431070.904758 vent discovery/pairing handshake (vent powered) RSSI spike: -45.5
  -> 255 87c72fbded6ce4c6f2b781f603393566f448c7c1779f0672967fbdf133fbea16c53458188262ad96b1db0076f21850d2efa80c0e7c6e7e7621e512fe1c6f2a9aa3d43ba45c4efa0b5e49264e8fe7ad63bbae42b06ca50bcb9f2e9bfe8e0fe5c1c2e20ef655fbe84f6b085d3fce471f7e6fd6dd390810762f1529cc9855bb9aac813dbda7c1e19d88e9f1f7f75fed525e6b85e9fbba2edbd02928424a555e3d5f9d91c240b59ab21760c7103e1e41840b02e03d059995a5884ec3235e76c594bcdd0d759e7232b68802c4d4c4d91699f8547588fddfca354edb6e2133d28c455448ff9e291aeb34a66e513383aec029c2e6b2176e8118bbddd279bba776ffb9
1787431070.905052 vent discovery/pairing handshake (vent powered) RSSI spike: -46.0
  -> 255 1907c3bd97efade26f6a42995838d5ec8e3eb57b14c2fbe6bc0140cb766ad81cda0701fa2384918c6574004fa88ac17671be8d59dfea1af1145e0dc2be4fba79e539029d3f85790b460662c7814ea1b61c6662e4aef3cbf02b746babfd9af607e4abc42cebed9e4a7cf9a900f1dec161a8c84a07893d97bd7c33cb2f5c0c1fdb4b593ae50c75f9fc7b718eec3706d0218624056d2c3dcb9cf90c02d37ba461a1701b0cf300d6fb3fef555fd4cf1d17b7224f2b65ee1a0784a9d6251a8d750a2281e8d4933430da573ee61e2c2bd9ebacc176a9757b64bfe56cfd9ee5275119e818516a0dc2aaf62a3247e42d53d5b02af7bc1e73ef291e2bf33063a5de9f19
1787431070.905327 vent discovery/pairing handshake (vent powered) RSSI spike: -45.5
  -> 255 9e9d7042906b5b547f72ef8fd299635d2843544e2516120fbd9bf50fa708d168959c6c70d0adc592cd7908024c5a5c6665b6d0ef79a858e5b134fbcfdb42c2389b10819e3bfd34a4a6fc5e6f410938be65fa2e5168347b884788cc02752ce7fda6aa6f88c0acfb84bf1d9bf8bcba4a2566345766af5d468c1b08722f37cdf73dbe5994b97753f5d1d46f3f5db81be70e753b7aff80a6421291cb0e3ec6782dbd3c30980190f1339f25894b533e9e38a8d347963aa44c07a72fef910bf6a875fc4ae0fc42a83d555b0515cbdf46b2c3deebb7f677e89db3cbaed2f4ff9156d7a64f9debc4f1309a12de4df5a16edd3753c817ded433bf5e79853bc80fe0eb7a
1787431070.9056032 vent discovery/pairing handshake (vent powered) RSSI spike: -45.0
  -> 255 c16b00d481733f14da3f65e3ba1b55f985b53935418d83ec92e9e0009b58c9b4a22d747184a29d75d59093e73d1f6e3664041b5991575993f3ddab96543be941ed99a9178ad51d1e8be1bf909cf4824a2b05ab1192aaf1affc62effbe8908876c23d9a4afa8345e45bcb65237ecfa931cac8e7703bf92fd65720502c021a8dd6d456f1c0502a322010ace1c165db3d79f318aad32169754edd69ed42a1458e07d07e8cb2464b9c5660e667dc89584836d17887488baf5a2b4e2e2a489b3493ad3b240c8b45788f4c86b8a8a7897fcc73314d9067568abb43548075ece65609dd1cacdddde884ce7e2d573060ddeffabbb8036d61e7df0ae0143ce6be7af1b3
1787431070.905837 vent discovery/pairing handshake (vent powered) RSSI spike: -45.0
  -> 255 6d0c4d4f4946c67aa8e6c563deeec9f3fcc3bb2137eca32927413aa01825b4b72056e79ffbea3a05488d6682696dfe25024c23e31177ecd81c97e09589fe7eee10e6547c0da2ffe6fa14a434feb510b851d43e96c4fc1c72e95929ed9bfb32e0b7899af3f2ebe1e2c6457377cc1d246409db0955837b941e2c0364c9401d9ff83292fd38196ef758022b687b52a5bac3cb88318a26035c018fc4633fbd8ffce27b409bb31edc11f572dd60a278eb9d925fdf1686e866e457fa2e331b3b25efd083512c0fbbd8972e2a05a843aac84737f943c3b8fb9e535908cb4521502355b0885300d17f38c0779bda8e1efd6c918c1791c86446825e52c28c6f101afd59
1787431070.906095 vent discovery/pairing handshake (vent powered) RSSI spike: -45.0
  -> 255 b42560add56d24980255d0a7b0df9151e83abf1f1911f3c6996cf823727099879a484de010873290ce0d43d3f01d680733589160708832d8819c6971332f428014a172b53f4f501ca8fb77f859b79251d4a2dea787b4b1c571eea7ed5bbdaa15f49dfebba015fcee15bd850c16c1bb8e68d3d0cf5a4ce854ac919d567535c6584a9a1dac781f59c68035b54f76957d5b56156024117de82e65e34de3000a0bb5e7718298b2d262c17d269be0902182d5766b8d828dc774a15870d78df2553a7bd3cc1fa4ec605d3ba296f29ecabe8e64ce1ba0e897e87b491151de4420be91bb383b43d7fda7dec9b57cf4e5e69a8450af8b89e545c2589f8ebbcff3121b96
1787431070.906354 vent discovery/pairing handshake (vent powered) RSSI spike: -45.0
  -> 255 fe17cd27437ce65aa72953ddee010d4f4fe2732d805b5fce7f02aa679d941d1a797e71c9afcd96035a9cec81ad276b32fed2c53ffb581ee26042ec39fac35966e55fea73c9ce526bfd7544063f00a8bf6f3af6144306e94eacd23a9b5ad8767712dcba1d33371b2d565769486a8e86464d0ab5e4c1942dae39a78c19dae66c1766bc63677eb582b4654b14cd31a813772c22f3a7c7a244e20d6d3ed35128dcef54d4e7594b6bd3471dfed77bc619ffd7fe614ad507dad035290ae89fd1f892b6f418d7e05b7d3659618b2f1c6a2190d339afc809c5bac467dfa147efb04d2789bfd71d0bedd15c3999caf32811a30ece681755731a11faed41b44fd79ad8be
1787431070.90661 vent discovery/pairing handshake (vent powered) RSSI spike: -46.0
  -> 255 1a2cce4fd4fe4bd42ebfbd95e99ec1ac76008dea1569251c7d6b557efb570703b82c9417f52e77de6535c664ce909eb0d53ca170d020c5c20eba387b36cdb3e16b80f0efb55c2403fb951ee484130d21a0f874f0f89e4396d212379c2988aa741dc1e56f4f02fc9a8d43156bc215eed1c5c67748ff17683b027d68201ade4af94d08ff6524c4e06c087f510247daa38106c12dd13d97957bb9f27a1c7e1615e92ee609fe460572e5116f76ff48b7b2ffceb170108030c7694e80e31df5307153a035467d5a93101749984945dcc7549742f278e63d6548e27d50700e8427db9541c6ea54c988510c84a0abd1f1b7ca7cccb127c9eb8662edfc6495181a65a1
1787431070.906854 vent discovery/pairing handshake (vent powered) RSSI spike: -45.0
  -> 255 43c86e5d8ad8228eabc643307ee7f504c5ee4c918e59bacb711b0c1377f36ca85e2de5e46d953a1e07608fbac2d2ee3d40bfc2e97218830b3b4bfdab5c28ea1314d9d6b1633ce5c45ab239db7e7151730747a38fa51397dd77e3613d039aceb34524a51248a8d4486eb84cc7344aee1df1ab29ed6b9c3735e5a155032a323dbb6098b6188ad4b1c19f77b9d4bf1ea5dbebec231f0d0a5aff5ee2ff527cd4a7c08d0318e148207be454074433f9eb0d604d9e5d2d05d8a6a6d61516673251c02031fea178000e8c0b499c01bfa0d5c1e199edf631ee6c289c4bb4e0ec839e7835d0ccd5c43e914003b3aad85195c2efec799ef8203fcab5231db3f35f226e5e
1787431070.9070919 vent discovery/pairing handshake (vent powered) RSSI spike: -46.0
  -> 255 d3d08871041327c56eb86113821f35a12c4c970af02c30e44d294c4e0fc2442983c03af41db27c9b5400d792cceaafaeca06f515945efc85ed098f4280a1eba63338018b48cf85007fe95fd730cc00301cf1939595aa35f95ce20d28b4daff802f06f210ea46baf599ccc05acf75f0e34feee129ac1bbf58cbbf2c86db270b28990efa9e780bff28658250deb19329170c9d8b39c7abea974ddbc49770470f6e4103d18701bf5f5867450e2013a29a3132e95a5fb486f62f165e676345a21812f9579661723ae4aef4c323c66b7126403dbe13b31d691fdbb73640031e940e88673dee9029b950631f5dfa232dc4325464cf54178ff5d6db26b930b30a2b1e
1787431070.907341 vent discovery/pairing handshake (vent powered) RSSI spike: -44.5
  -> 255 1aa852c6a9f847db6dfcac80dac9acdaba0c5c1bec5b2b9fac5793fe95de67dbbfec05c5505b9912fd8183fc11dec8f06abc8ce497a13da53ef0dc0e102ec117fb2247f391be25d98a5d3ce2448cb15d4311b2dae09430446699299d834e58316d83b008262402f42382f734b6e228282d9cad6f735ee51cc7e50a9887e32135f615cb582a1e45ce101423ace619601f5193cde84c1d95ab20784d7c349cfa11976d333cd5612718be071a7b1cec49f85004a458c16ed2c885108490791d140f44adbe075366ee0c8f7b86c4dc5907a7352b99e148f3a3730036de137f726c5537acf1ef214e3cd7f480f1f15710827e47d001ae7a215189e2d9efa97d1256
1787431070.907564 vent discovery/pairing handshake (vent powered) RSSI spike: -46.0
  -> 255 03eaf26a086a336a6c452b09918254831c3c7acd4c65716ebd0d8511f8fb694d35e8bd541ea55e3abc9b1d038d9c9c15b5c29dd20b03aa3befc9adc4fdfa68f5e96d2b3d4550f5144fe8e12aa528ba667cf4ad0b109f2dd95dbe8a73cc3ca723fd36312e9fe06a4595939f1b7e01c3797e664a07f28435c9a1eb164786294a6324ed4f384c0cc75c8b027eb227a80df008a085abac47df07813ef1724dd29b1e2f2ec02e2d2eaea4fd82c2ecb0c5937e1aa5b8fa312b0e4025e69a46df5db4bb33937058a2db2d432ecc8283183c0ec6f93a7e44f3705a932c8c94c0a1e84ffef284b7173f4b59447f3a8e17e3e84970eed9ebb65f62dc36a52039a8aee37b
1787431070.907795 vent discovery/pairing handshake (vent powered) RSSI spike: -45.5
  -> 255 4f965ad17c10e341f3428a511fea7f0815a443e98ca1081a5c2cce079d575d1775ff052fcdec31c94a3e7f35ac3494180e9231021db9e33daac754b0c761f7f9b1b934556b8cf5ab7fa6837bb236a845c186e0586bfe8338f72b100dc7d4fcea7950962331099b71ad53afae1eeaf100f07b297f0c02e5008eabe6628333288e52f752af99c9cc049b1bd88d576efadfcbb07755e5270929c1147e688a6c6434538dfc1c6e5abf62b0452abb4d3c417c1a8b820de6fc758e5fe8cf36032f9119185281f66f27d5a57370ec118002e9dc774a3c0d4f1db3dca5af6a95e084ee4e3f634cb8ea34ff0602b1dfb8a9a80b76d83e1f7fb3e2be4c7fcdc6c06b87e9
1787431070.908074 vent discovery/pairing handshake (vent powered) RSSI spike: -46.0
  -> 255 678bb076d0e89cd532b2aaa7256a4411d42d6bd01c58043da11750d3b4550ff58cf19cd1d457f051e3c13bd231ff9f7b3ad995f05b72dcf1f1a63b0cb1fd4f37a92f231d1afd0a8b1b8745d84c6e1d10afc88b0efd05d057c85430ae91c59c10fba7a01b914899bef89fdc51bbe8ada621c38249455067ff83af842836d2b666ce143d2022e47691a26ff8adc507addc01e92abc87b92a13f39d684c0d3d358603e394b11901451466885282b96680f5b8f2498f8a439d887b79b79116c0825d3d7ee86212b98fe4741dab55c644523097e04b86f7e95117c0bb1fe6cbdc8ff02f99a66d96481e534fb4bebccedc2bc8d7a3e64fe7d869edb0434bbea2b8d3
1787431070.908331 vent discovery/pairing handshake (vent powered) RSSI spike: -45.5
  -> 255 583362f3e0b2d423d1152bdc6e576854ca914472bfc1c1aa3073b11fd6e631496dc24247737b776483807219429aa273d2e869e70cb30e44e1730544f97d22637e118791da15ecf4ba408d1eb4b27c5c0bd7de57d930947eb74a4f819925a8b8688237c18cef4a6d8f8fb101b7abd35443da2807617e13c0fed9ef1bce309d4a39c62f66a449244d5fa95b2063449058a10a103bb66a045a65922bdd4c44ada310ec1ca7fde7c2b2d53c4d872a01a4f634b1183f812de162186819ae2608660e18622d1e5e1a2863bd0a51e2836bcddff74f2cfa9a6e59dd7e4cb5963d9f74e8d6342bdfe1c93f6687d74f1ada752ad44ba2fbbc0d4733540c39c52603b233
1787431070.9085922 vent discovery/pairing handshake (vent powered) RSSI spike: -45.5
  -> 255 9e8849e68ef97758390c2a8c61993acb74438adf7f43e28e64183321abac01a23f8bfbe660c518133cb29a11113e8581d9f21e7492045fb2c3f1a6735dd14a69cd3f6c5184be2580acce4db85d1e3b6593f62461f3ffcd9929060f27c92523d5f3fb1f6385222a1378ff940b49f1f429fb0e2937265402c5cb80717a41e04711ff925e05892cdf2484e2e2176ae03edb3e2cce9cb3a5701f4f7a7b159bc24929046b1685e6188e88d9d97aba2c223a7b4e3381aea884e036a4f376285a9bb0ae1005cc105cd0dde986f7433e02edc68f2d981d54f54c2ca1446e0b43c8d0a8ade63909f4e63a59e6b6d7b06ea82697c58411d8db8f4affdbfb722da6edbf98
1787431070.908848 vent discovery/pairing handshake (vent powered) RSSI spike: -44.5
  -> 255 76e9c4396eae99bf5cbc62e724c15a1fc24c39f27a060a2d02e9a0a05620fe42ade98a796a5ca54b1bdc3314143f1dd165bbbf0ccb72d51f9c48c1ba7617e239de42d24004db99f5865692333cc61570ba6f0cbb9d4c13ea29109c5ffca87a6e68a7c64c181a128b980bdf8bce9588ac9f4247b5124c61a1998140f972aef92e33555bc3e91f926e982387bd006ed7dcd92af4fcff1a105cf938873c5ecf8dc8e0c435e60529524f5c7abe37790ca1e90fc3e55e3db0a5e61cf67bc0ed71a255e93ea93b1e5b1ad9356b56c4886236fbac43c902d171bcc9e29f3d42c3bf8f0355ad779b3cf9a49e0d6cd3a78fad0fa474d9fd5bcc6f410dfb1ceaf11f0615
1787431070.9091089 vent discovery/pairing handshake (vent powered) RSSI spike: -45.0
  -> 255 1000589e8f5732df53ea27fa14937b56ddb6de60816b30d982c78584f67d22ab892f7bfc77206616c69d3e6cc412f0c60b598b89c1988e9ba08577bae5aed31f36cfee9117ef3e02320b09c20fecc74754d343260c1988c24dc478a2257ab826ce5a0b7ecdee89c801146044eab2cc4350281d4a853621846a117670811d8f957a063a0267b82d073f8b72b4a77baff6658f89f1b9fcb232075e644233cecc2b7b31b2e36516b96223032aa1f33d85889c7193afd0a18087b3f8e5fd1e22b4a7f5ec54d74fe30d4be5e67718106b28444308918100cb23653793138b59ad5a4e9a68e9c45b275e142e0880527a6fdff8db99868fa5e9e822a361de49c855d3
1787431070.909369 vent discovery/pairing handshake (vent powered) RSSI spike: -45.5
  -> 255 0d60c9381580efa3fc3433a7f809c54633de9794156e541074f888dd893efeceade570144cdb7cd4ea91934ecf867b605555fcaef7915e48660be72447e0a0b256783aaa9cd3ecd17b25318dd6ae0dd55ad2f0af969be29c58fcad773fd344950402e864908384fafa1c3979b7141d7efce759552ee3f2dbe95549b86537647944029339129f682844eb597267c04b0f28cd9f8b93c234ad71dd28d696590340ba57e7e270b03b4a02583bacc7c9e6230222ce73a22ba5029fa724de7ba3105f5e81e66575dac0e7f24c632535216971dfcc007218492a67d1f7e338baecfb60b8fc9015ac2c011c51f3ad5427969743fc32d562418461f8f5ee0c96cd250a
1787431070.909596 vent discovery/pairing handshake (vent powered) RSSI spike: -45.0
  -> 255 9435c3bc279b6faf8d77124224e514be605481728ee82a243c412cc3b96f0755c611dce68f3beb268793b2cf81e50c4366a5a265eaad989d651e4fbf464b129d9f142a576e64ef98f4da5eb4a53316af33b2e6435b1d13defa285df30fe7103d5b4d3294a306eee70ed7910ca2d50f913c943ce4a6c14efaeb71b25d42f0c18ac02a0e6beb050d8422350f91952f1152fc34d47de6c3e7f7d92fffd1508e1bb162a762b8744335dd3cbb7c1849236176e6d7e50d0acf271f0a40c7ef5ba453ddb4d3120c7a9f51cbe4ed4c23a285df86171b6ec11e3e8b0ce6b3590aaa2abf8071e832f5810abd12dafc42d43d77f35127cd9d6123b2b5c1a47389edcfe52b
1787431070.909827 vent discovery/pairing handshake (vent powered) RSSI spike: -45.5
  -> 255 f15332dc1f2f78995249c571500f39f5681560ae1c1680fd7fc9259d843fab11c789b06f65941509701c327213770025abbca9b9244c1140ff4709f7e7c74c20368d6d22ef03fae8dc1f3367ed85eb7fde16d8b7400de3a587377b66f22816ee1efb39c330a7d2421941387c5e45607fe0e0016e099d9b81218e70dbc27f3f296f9e8d003b3087db42be2b83a629a81be081911402729f586deefe5d7ad92c23e06f9eefc7eecb30bb781402cd8f9af95f258410e63bb620004a4c315855a8e61b2044edb5f63fa214d89761e9743dfe162dac7838a4ad95545c7fef7962487c721fe8aeca5978ec5df3f5ec411d54e12c4fa9113638b69b347ebf5c00b2cc
1787431070.910132 vent discovery/pairing handshake (vent powered) RSSI spike: -46.0
  -> 255 04e07ef8bdced9bcf93e84b1c14688814159239ea13ae9a9b271ab512f9f72c739b34b9118b6c17e19fc8bbd5a8663f2dfbeb42e51e1abc9ad8760591fcde1023659b7514a263b80e0519d4b1017780ab48191f64d87c8e06861fd445205eba43368fd86da3039e5f80fa973221c5fe0149453f57940c76ef389f6e561e398a6d36c6a3e4210658739f546e6e38bab24f4e44a4ff64152c857b7a4258deed3445124d3860d255c6c5d1dc5b237fb64704ac9ed36713997df1ee23e8f2f7a4250d3d4532e40ff8770dace09c4b55793e394661790d459a29592e4a9fc179ec1b55d743c209a677b2304869d9a262187b7e44be110f815a08a0d92334c8edcc7
1787431070.910389 vent discovery/pairing handshake (vent powered) RSSI spike: -45.5
  -> 255 a9e56b7585a1b420c539500cea8b4c2fe5d1a1b956345b0741dab07e6664c4a49e0d1ce7ec36c95b6355138b466416385c0a9b0a80092c9f27201874b7a1e8584d4d31bd01b4e202f5efccb3746a75d02434bc8c2672870b907e35b24ec24c427e0d842697733c1539c1233fc3446011472c88ebb983661470ac5e366602f9c43c5fe48f1908ba4c0025744c4999c7cae38c005c8c11c4e2871106f8a85bc102d8b7eeeb69ce45ee74bc63a1864ee9b954317b5831cb2840f0686f9fb919f1bbdce8be44777feea012964f781abaacab4227c0b132686b56348e9c399122d70c6231dce5dd6f2a65d8c7c721ac611f79e562274e4379f7195aaacdcfdc3f7e
1787431070.910602 vent discovery/pairing handshake (vent powered) RSSI spike: -45.0
  -> 255 f7f8cd4e2b3989ab2391f888ad1d7ca9aad040b06fb045cb5ca62d895e42bb5a214ccfac6380f2bbb2ee0cd3bd3f3d69c48d8ec2b44e7de55ec1e5db8c1e3ae5ed9cfa2ea1bfade182366e82bb163e05021511bcc5ff2d8eae2daaeec78a660da85bbd0244228a28deced09fb7f6332229f27e93143f4dcca83e59a0e7f595c8830eb3c4840f7b0b44ed7a9b640a33e8be72249c68b7686b285047e78f8ab5ba82b796c3c0faabb14f0a2377adab48e95030a36a61e8aae6d76e9dbb62721fc88cb07c67531afb6ab49e6be65454b3fdef1127634937da92f17c38d4cd66041e7eae36580b8d65dd4e741dd68cc5ed2f3e1fbe647a158bc25afe19c64390ab
1787431070.910859 vent discovery/pairing handshake (vent powered) RSSI spike: -44.5
  -> 255 23df51eca9f78a71ba0984d2c2a6ab1cb349f11c2eec42a78694eac1928a66eddffa73a4cf6a1dd8ef6ace850412698005c4a30ab42f822e05791e134740fafe5e7aaf053d547d8278b6826b67b80119865607f45fa2b80e42a206e7cd5589f2767c9c9833a2ff78a25a3b59fff990d4d044dcf909d7d25d91ed6373e25351199e2e773d5761781305d3ad56bc2d89a3932bae9e7f86a4907f24340c330b9fde6fdb1ea0a17e60559ee801e1cf60d9367f540e5636e2c0ad2b92ecd284da41d3a32584bd8a0eefd697ee490d54f50a235feda39a9e664921f259669eea392541d995f2e2a864f213343febcf6d2613ce23225916bb9829452bcbfc30a8382a
1787431070.911183 vent discovery/pairing handshake (vent powered) RSSI spike: -45.5
  -> 255 d4c8c8530261c82069770e1dfcaef745f79cf5f6d25b2adda94ba9cb2ad86e1f4283eec651867d7c8a5fa6780981847c315334612f88628cfa9f4b1319e87c393b7c02882f064f4bf5c28bc66b85a7e93dde75a1d93175b35ac259c6afcef863efd694afabf50d83cbd6759a390cb4dcf523ca8be2d98b117cb25741f35fe5bfd482221af664daadfec0e13ad658c677dce5fef63ba41a9e98ff45b4d67016f622a977ccbb3dea785165bc60ea300894d0af29b26f41befb393d2b68078a3b79912c06a59935b0e3ed2fb22e116256d4e5163fc2120bddb7b81ba3ed657c2a35dbb9e7e1d89cfd9f64b35180c3505d4db35bb4506016f92f2cc174fefaed67
1787431070.911445 vent discovery/pairing handshake (vent powered) RSSI spike: -45.5
  -> 255 50eca8c8e2ba3e44a66d6ae36b1d22beddebeee94f549cb87cc9ebe36efdfae38ba0b5b632013a709171f87f71d10d8332b12d6b7e1f8f90631056deeeb3071a74d4ff9b8144b1232a8e6762e6615902ab8bcce3441fc03c52ada81a3d046f7af555c83277a43945b53d28d92f8545e2b85b1e805b311cadf1ee3c5673ff6696ae3fb7bbe044c7a4d7ea68c60404de4ebefb1da9eb5125078c8c873b65af66b890bfadb303976c336c259d4be07c810af7320016d8e6da370f8a02774f422ab18f50641c2e4f95caf99f45f25358a0b2d9d8f43363ea13270714286b68382181c0169351dd0cd4c6d924795349eb07aef47f59398587c666857028f91012b0
1787431070.911694 vent discovery/pairing handshake (vent powered) RSSI spike: -45.0
  -> 255 0c03ae5a47c1d98d78f25cae37826a5e2849b284ccafd8b12fd3c3c011042250b9e6509a1f60b1fec9d0fec97b2b9d35656c817e898432cedf212f7dca4af14f4c9959be7fcd3085f4090ed710f784e8520dbd02d2132dc45489831fd3bc9f0786c5420621dfb51b3faeee211a0b9290b0876254f07ed858f6a39b93db17f5d93124f82a8fd41beee198d5ffa33305d4bc8ece9a4cfdf8f5bbcfbf6211473a98460d3ff67a2c2ac4c5549c9af1f1c1ba2fe3ee2fc7d1f83e8265a91208dda2e6a7e6c9a2af972fa7441532425d31e7d7797ac6d02ae3d710c95765f9f6cac1f10dca34561cf975acb0bd254de2422deac31ac8931d9c1556b58f5c8d58a827
1787431070.9119732 vent discovery/pairing handshake (vent powered) RSSI spike: -44.5
  -> 255 d93ac78e6535c36e829654667bc6b6ff7fe3c4a503bfe9c78ec357cdcabf9398dd76174f4efe279f535d5aa2d3e2e5b4d3d0def25ee5189103b936937cb0aa89345e75093488a7f2778cb1c113dc097a25472d9d4259bfb7d5f4bc89e80f532f687ba69ea9f5b1fce052f169c7d5e3cb1f223d0005db4eff94afe2aac1b46c30c410cd3f97f086ef47999ca82f9ae72d5cce607ac2a64a7dd007b3506eaff3a75942aeecbe6648455f898a3be07f9238c52dae7a075a2217abdc31aeb5959f77946073898f40acff58c022766b6457e16a037e5b8383d0c2e2e3fba9aefeff535844379b1d6d5f8833b01f61367876593c79c4373d4bbc4a707e7bf89ebedb
1787431070.912191 vent discovery/pairing handshake (vent powered) RSSI spike: -45.5
  -> 255 50c92014c6defbda1ee2546198fdd701471f03e315033c05ac3c5886b7384e8390db27b9dd822d77c2ea64cac998c7e3d6074138507d49deddd478351d669ba7c494a0f179463c8c998f91cad782c91f00c1fc1656b87a4db8542380528d3ab331ab096404ba1f6b8acb397e15f56604dfcf858928f49f911c1a5d0c4ff2c5dbc7f768482c3dc6c6b7146e46afa580f9acd153946c605c10a99c11f2e8cad98f04d594adcc207cb513f8616fb24457a932cfa31a83c41cfc9ffa35601c9c1aa72f9e6520a6d9ac475f56e86fd54fc9794608a3b5459f93bda4e2ebe6eae56cda1ef36857a2bd9dd3f36635c8e965e798047e710503829af9c0ecb863c5c107
1787431070.912461 vent discovery/pairing handshake (vent powered) RSSI spike: -45.5
  -> 255 a3ad776a78151fa0a114b9671f532f3d5ccca45c57fc7a7a93c1f6b2ebe3fcb74f238824e865b72fdea54692de5d7138fa4a327bbbf97975da8b19965e4953d99ac441f176259ab9d1ad0f7f6b17ab91e713f9f6a10c5a1156e2a3c4a092a52592ee07ba6bca7ac9fd3ebe84522414be0faf7f702963a689c3bb3b5918611e1d7e9051327ca0c75f16c214c9c288b9aaf3a9b13f63d489ccaea8dc53fc876527f027a051a86ec6611c2697cffba0155e8f3486cc5b032634abfe0e539993f80f6c59094f1b5d26ac11d528cfd1a610a48369a46e9452144ca4e9902185439869681c108225f16a1ac38e83459f6347cb4cfb0130cb5b56d40ee3d5c1cf35b3
1787431070.912707 vent discovery/pairing handshake (vent powered) RSSI spike: -45.0
  -> 255 40c23b0beb608e1ce33f81ddfe1f3cbc10547674d09731804f158ed5d94305a48638e4f3ff0cdb2689267d946de82439bd4de4b03d7395b6d6b6d9aef8b12ea3d1f0a79c84c4158cdc113d407a9d6f03057800e7f47ed6562fc7823f8856e88577039e55c8de3e1dec8924f4d5ad0f9c37d6d5c672fa59917ba34e8a6a57be2b48c5b90d1218380b41159e85e1d0de904500795f56158593fc8e6a8afa7f9fa8f113d0d947381a3fc839c882b1c16d83cad0216b6a678b010850700e0ad925775548076943d163d04e6b3c9504a34f2e6e5096943d30619bfe59594db7b324c02cdaa142bea65aeab36b175c5d825f7a0a0dfaa973fe1117c53c9782b28698
1787431070.9129422 vent discovery/pairing handshake (vent powered) RSSI spike: -45.0
  -> 255 8f8967d56f591f6913e6f7d64009c1c4f2ebef219a165bacb4d4eaa48b2bdad31a014996ec0ea63e107dd8cf5774a8b099177a096b0220ce89421ca9b66d1c120139e01ed067eab491b7646704df35a05eb099cb7edbfc61e9c5915bc17d8ecc78167a1617b86b58cb5477389a6df6f19807ea13c345673c38b706aa2ecd92e47fbb4ada579475cd789ac904b0298692cc1f4b0859823e12d9b2db456f2cf2f1e4bce766bd548e2164fcadf8564a7d692a81dac8ec8cc0186fc714b0e54cce9aebe031596870ac83a23157f7aca8dc13b97b87d9bebece2c4982ef5c1befb0d68aa6c40f2263dcfc6b048789353ac1b907a140541d991f6b9c14e9410ad179
1787431070.91319 vent discovery/pairing handshake (vent powered) RSSI spike: -45.5
  -> 255 43e3c943f7185eb9b2d8115dcfe6d937f7d7172885d65cda821997bcb339c2c73cacfb20654be6e0238e44e5014d0c4900918234b82878520bef34679bc786856508e41c03de6e5c5683c12fc52baedec772a2e1d731ece886025fa7492f0958ddf4da513552c8b7dca7fcaea6074aee17e3fe87a0af77a58d3cc114955636f6038296f82822d3242827875a6ba5766a76e1bcee8c9f22af45b0e54508c21d80b524d325ea71eaee0ebeb15491af33dd90714b6087cc92fc0fe065de68d93867988354405056a66e3a579c7952af25b030031a2c6e64b3899cb4bd98d9cb5581a824eb7aecbc9d9eca6837857897b7cfb495238ce95c657d692b67340265c0
1787431070.9134982 vent discovery/pairing handshake (vent powered) RSSI spike: -45.5
  -> 255 5cb4577bb95dbc0a36fd8307cd63698065244f7f5faae8167c55f1bb6b80c64462b1eca850c092c7265836112988a49bc0d615b6be166cd045d5f911d2acc01381ef2ae3c9bc0d38162734064e4743170c09d16709a59ab92e212ddf9dde2a8465f475cc829757fac49e2aa274ddb0ab5ef6aa762d9656325f7285bd400e41db8ddc5a654e6834ea4674436cfd228b3a2b85cbf4961cd14f7b19241b5ae689f43aa74d1d2786d9e5843e3f921e331599913728da86ccbbef9c8e0fc763a8dfa560bbff445b30e14de3487c461cf6fcb26df6cf9b0275715d997d8ae603154fe69d8099fad612c252a140e547294076f8895dc31dd6d25d2d2bd46e11546801
1787431070.9137669 vent discovery/pairing handshake (vent powered) RSSI spike: -46.0
  -> 255 6c8f9ef91d9401f6849454062e045f4145eb10effb8af534083a34c2f77e4f3b01fd274dab17801821fab7366b4f24994aee789ec2bd19456c1d1645ef36f24b3163d6c2bf42dc92839a9c6df094f29f5a6b51ff7d5ec98418dfc30d774eeed33803060846a49b8e4186a6fe3a925f90c9aadae4ea92e6f140d0c8ef0a1083557499dabd2532413075911925428eda3306e1453a78dfa6b2135aacd723d98e08a35c9c1ab81fe2c95076e790302eb3f7f38b564254674e79d8086d62728240b2e0695ed1244171cff8344c85f419dd4aabfa7de8bf16776eeca3afb152977d8eea5d186f78a02893350c267f7998c47710092183363b2acc94d705e7625955
1787431070.914094 vent discovery/pairing handshake (vent powered) RSSI spike: -45.5
  -> 255 fb9be4764bea304230d6bee4f351d882d718128ae85dc24a3b069ed389a3d2fafb9d235b9ffa35989eabc8901de5ae300f73a115765140480bc53e94b7027afdffc662bf862c4583e36209308344bb099cfe08548b135963f84474dd5cbc2b5853a15de1bfd407d271c643c0f9cac700f0cfc2a2b56f957a73097dd5c0c211e03ebb1404627402d7513c793248e8bf390b40f8c3ddb8966785401ac68c5e3bf7675deb2c272855815189643f19733abdadde3ac8aec044cd51eafe48e9efd4e2635d01da367bb6e0f061a4454718613a0636b9a1e90fad02ca3d85510fbd4395bf21283d225835f1aae64d4f0ba3046427b46afa8c0c4757a1bdf062012936
1787431070.914387 vent discovery/pairing handshake (vent powered) RSSI spike: -45.0
  -> 255 ca75086d9f0b825dd547a502b3ef4a2d960e9bbd8e69fbdbe669c468d17fc9386b930b20b74b2c1b31b50de87bc4c98f4f96465b38a10d11a685f6a7baaf5e10a17d473e71c7fb218d93062c0e4d65c0d2c15e3a89099d15b18ffc2b4f76ae70cbfe62bafa94f440eaec13efe55a39f2523dded8561ab708ca1a2414b2118305522fa26a4a6caf76239e51cb7c7161f2d2d3dcb4a79d0933dc8e32623a8598e54915ab82f24bd3e70c81c1050c0161efac68340ace17d653b785d76448bc701509e32645ed2c20e5d0d376c219032fa216ac1b66653c5c8846f38d8da5091bc6471fedcdbd7482283a7cc15e96a8759eefb76d3a7cbba08a44ae89dba7b74a
1787431070.9146612 vent discovery/pairing handshake (vent powered) RSSI spike: -45.5
  -> 255 ada5d52f305d8423da5380fcf84f992b9a94f63f94bc5c4aca4fa20fa0c3fdcbcb7b8947c481082611aad05d98cd43536ba6c0a385a449fdcb66378105ec436f8a94c59f48647cf91d3d54cbc309d1d802f89b3ba67ba7aef04f874324f2f0cbe21e1ddf22eca0742409acdab282ff9c9050ed40f3fea75d915339167ff4e8532724a135b0a62e1b8882ec245868588d5b3c1470e7987d0fa98df50ef4be5d70b2745347c6eaadf97371997efde821fa94b00d13f653a43011f4b3eb7b5185c7da94b2eea9a1990ef0924f3b464270e511209e5168aed6cb094b597c35d5b0eb575219fa8042884a17b6beee762032d214d50d55a937cc62ad66f00dd41392
1787431070.9149592 vent discovery/pairing handshake (vent powered) RSSI spike: -46.0
  -> 255 0b6a7e0647c036bd3e27b18af5b27f84a9fd00d9dedf7d821f517df40c22d1c7391f84cbd74f71608413a5b21c60ed39cc92b2b82ceaecbda69c49320d1a9190e2809104b32eef95eabe1c81c6fba8858974192f3d599bfb1a6d76174300ee920e0d4856c8dae21696ca8898c37a528f6bd711edd5f2f113870d9a0c1608ba40cdf91e9f14d2f2c83584ac55183f2bc6a7c3b657306cbec7c3652b7286a798fb05f1d538dc6ff090f182333d8f32f7f40c1932354314991649dcbc9d334c426217fd8417997ceae08f1c24f1c6c44e08aee9798b3a3bfd6605acc9c570458fc39919c3495ffeef81605995c8883e09ba46d3f116e7729eb13c42681392555f
1787431070.915222 vent discovery/pairing handshake (vent powered) RSSI spike: -45.5
  -> 255 927e02d6ca23e5ca06035085c11bea610f184cb149affa78b843d70fae1ab01fc5a72040988e61b16930f5ae19010490c703758d8f51dcf6f561b1a8f61a7877f057bc3a8a8b154dbb9853c7fe6b87899d82c3d361632b600d36080db613efde78b0e64cc7e034d2e02e82bb99f58291d9c74ece29d153cd7f29aa41450b7a320f0320d74eeec9e7dd8a5d8b4644102b3fb67a7907cc6145194207d67aed6bd9c57ebf43090fd59372d983a83a5da04ad43850a82d3f82dbb4020a8cea624af38c5539e0de756749483baf8a64bd9e4dfc433d26690fcd8a727dbd21aa10b1d547631adc53174d72e57ad0eb6ce7da8313b12a3fadcc114d504929cb96985b
1787431070.915474 vent discovery/pairing handshake (vent powered) RSSI spike: -45.5
  -> 255 e38130b2187b75649e515b35975156dedba2792074c9ae31c27b733f56bbf8e3400405d91738ab2f393c5de28d827d767de7eeb1b36095c3453a32f8e1a6dd2778ea1e64739284521436f4eff487ade2aff0b06338c497642bf08d801f83ac481b55622f232e39330b54a4d1667cd24a9ba612c54f5299f4c7fecee00ff51fc07c72647f2421614fdb4300556baf8cf2cf184ee0cd8fd33d2820a27c54b21556fcf21a3c2abb891bbfef7cab4c79f1d4771173b044250fa2322019374e4cc7aa3036d05fbbe43115fbcdf3a9bd7baeb8cd05773bfa973fa637cc08fd685a95fabdec2c32069079611796d0d9157ea4a0326c90477b58d4767e9942c1ada29a
1787431070.915724 vent discovery/pairing handshake (vent powered) RSSI spike: -45.5
  -> 255 a6ba7210feebc387580264c70f89a01e46a17df5ce1e55b5147262359b2d4a1c9f45b6ac3eb0f0e1f844e04202250ee145fc0a7c756ae1564960647293534f5cc0764264a1a125fbf3f266cbce9689107f235bc3cbb41820b82b48d63a52ac4e318aa545c1df004b43070e8663cb5b432185f13e1b2cca5b54a4f274e33c0dae95cbc56aeebf122a04b724a846ff191708ebb171bb6519cf02262a5fa67bddc2a05aac7a06c9b40e0ffa029aa5a52d2d1cd83b614187e3c300749193c5ac3c784e65eea48a2b629cbe8bdc5e798128ae2467471d9efc8cdc971fde14a56b8ba17e45b7210a08523e92df23a3cae189ee02ec2ba3b1057af7f4fd4db6a092d7
1787431070.9159732 vent discovery/pairing handshake (vent powered) RSSI spike: -45.0
  -> 255 3f5adf84b1c1f8466f91fb18aedf30e2658fad2baa0e1ffa4411eb8f2527a3c68774448b93b1237583f3dc6c9cf7600d00722a016bbae19ab9a8bf34c3869f7016bbbfdc99ec58d5a90c868a1d5e4e68cad7c2004e08cb318665f866a9d181481ab79fb2502cbf5520d84ecc48c3a862fc251af3b934d3fcdcc3dcdb6f5d589e038c0508d62b2bf30d025502942a40ba5443e0637a3f0b97ed975905f2983cba9e6dec82605de1a89c1538ac1de61543cff46291b2394379d266edb8e89b259d08abf3a22085bdfea6fd5f3d90985d7a0151adafc133468692999e292becc1e79ffec430ad8e14a6e48343dd34034666d87450688d860566900d37fd876898
1787431070.9162471 vent discovery/pairing handshake (vent powered) RSSI spike: -45.0
  -> 255 2a54d5b465bcdd05975a393578174d67b0d5d2a3d4dce9cab08c5092e7be7cf6edff0d63ff477edde7ea8dda9a1499dbe782250bb0d12f17719cc807f87cf424fff08bbb5891b2742a15b167c7594d688e13c359ea7d2d1c4b0f62aef845bcb5272f77d91405a2962f5fe3db2983520d8140588212dc1f76224721e301d77b9a4174e78febae723989e8d7f219a21880c1d711a3cc4170ed05b7a9649d7b8cc821e6622883bc120c9d7c69764ecd1c58f5919a5f6495008104e0573153ab4ba2f8a7c9ffa9df80ce64dafb8c9fe52e33e356e67203e66576e7821bd320f807c609496697192c4fc54d4699985c27054288f72b5a921b61dd52cd02ac711991
1787431070.916508 vent discovery/pairing handshake (vent powered) RSSI spike: -45.0
  -> 255 c10ae914789d4ad5153ae9b13651b00be5488c97f07d293d550a10c05ce06f7f34e86395e22a8c7a23902fb1eba5fec5125c2e950332aa1c1fbbe6d2c325e14ae3c84aa9c3af04c5ae43a3ad55c0d841b99ea456af6ebfc994f265b2f363924cefa1b05fa660307355ecd1908c96802b22767d526ed250b8de5252fe62d16a45d0e700d2059f160ba78bf0dd7fce284d4acd17d8643552da68270fbf00f94790f97239175843f956aee464c981bd48a5cbb689119deb25861898aefc495bdcf5217ffa60acafedc4d49d2d4e353a12d7e8425c2d58fb5b8ea6b137211535cdd701899c5c2f46b8b1f9345afdabbc18df52306b6507c7b5bca770af64c74c59
1787431070.91678 vent discovery/pairing handshake (vent powered) RSSI spike: -45.5
  -> 255 f032f47f98068c000565d98e2e24a46bd59097e3f29048ae0dd4c4dc3d9378cf040ac30afb4e4a1226d072cd3ac6a5b2a17fb4b077753e785db56aa2de68497b4a44cd0ed043e2412a110b1fb7bea65fc72ba0ed7cccfdda8d9d85fd0f7b27c231e3b5608944c2a47f972e3c39ef01a5f2dab2bcd2fbcee040e4cebfcd2277bbab07bcef03fcf64ecd52991876e2539ec085c8e552dddeb8553533c2ff42200a8aeae5478761e91e664410879c831a872f0286c51e50cbdac2285361216a533f8f9f48b1ed6b8c2d4cc70b8395a1394ff94f6abd84023c3f9b5f0dbf56dbcc7b89690400bf44ae3fae0fd50bc283c1659966e16eb3959252e25f2d478228c4
1787431070.9170508 vent discovery/pairing handshake (vent powered) RSSI spike: -45.5
  -> 255 c19975de4a83eb651c592028d11530db04f9c52f830d4476b6ab375f55832eaee5b840a664ddc150ccccdc28b6590db891bb66a7e4314eb5e1a33a721d5ed71891075f4e9847a636a07845e11315bbe6b76314dbc7bed1359f6f9abc0b23ddf1aad42fe3af2a7f9be80dce4995311535f8fea7ec6a096560965280fb28af12bc383d483f149cd09c8e44fe9f4c4ca0ff4154a441e46960d1b6f4d02c1f7582bab3a8e6943e6a1bd86a740714e69f8940f3ff595767a4f2fbe541aeb0e399a74c08c21087ee057d679c2275110203e272e8a881714254fe9db3128501f9398bcec28529bdefb04318d57e68490eb9c144e2af455eff37a6063a0855073e87b3
1787431070.91733 vent discovery/pairing handshake (vent powered) RSSI spike: -44.5
  -> 255 f1d9797ee3c986d483deb1d0601dcfca670e8e33df748f998510adb0adde09ef9f28500f72db8b04abd43515e3dbf5a8885dd7c204d14dcd426e0df81420f2755f6fc1c2d2d7a7834df7c5fc967d1c80126d8cea537ecc5f3cdb7ec23bee63267015d78742c6699d3bca0a6f42049efef22b761973a87e118d3f733667e04b819d18ce840124438813e15fdf56d8815988a9b671f1396cc2e58b75b7047b6bcaa8fe13728d21ddd155456af1a50d1cc8f45a0044035fa8a02e6f372ec8a342772eb58b4a7444ab7cc8e02ccf8b96f5bc27c6130ce5b7c7978c3b20f9f15d8bd748da145fda09f07ba415c0ab2fd28f5d08b3abddf6b43ddbcc655c9b7fe652
1787431070.91757 vent discovery/pairing handshake (vent powered) RSSI spike: -45.0
  -> 255 99c8a3368f73be640846883a546c55e314975723417168818b60b4d54a49f653685e50e825b041925945d21acd74029cae87aec0b83dc3bb7ba0c8b15f8f07635150dbbe992cbd1bd2c51371ed3944f853b423bf3a9d6e3c65782449c2391bfa2297ff048b0cc703a66ac01d2c3bd32d0fcbe452d97d1c0f7a0f440927e63580818f0963f0d9793bfa09d7a5b399ab0c3ef37f03fd5923660dd5eca6cfb5df488178882fa49e54b279f7a622418ecb461d0ab47a6bc403711247985618485563744af78002966d78a6fbabcb2b88c756e73a0c81783e097978f445708c14d252e6758a2f21511f659098f898ffb48f96efbbb6232c6c1e9a2cd054ed4b07bf
1787431070.9178162 vent discovery/pairing handshake (vent powered) RSSI spike: -45.0
  -> 255 ecc90551a4eb4a3cddf6c159532f737a297dfc2b0f940fe49e030808e8dde17de431064389e9804a648ea0cbab78b3cffb208e968e27fac0c6382482d368b1f5586fdfd77a0fd802083fa65358e4d9ab90de765a242c0ec57e336c11d86b342eeb028798f1e0d04482ae209f81c451feef159c677272c62594521842ca2e3699b7fb188303ffc0b46577a9de53661b771cb3b34d593b6e2d4e79e15342954a46024333c8da89a189aaeec0ea640709b4d3f7e7cbf69ae1cc5825829be25f60b9103461ef469503558a6eadefa767c7227e697bde2c56de2071155fe951176867d5cc9c48b59a967f4b8109bcea82bb63e5d0c635e48d0ddff6f2669ba6ad03
1787431070.918071 vent discovery/pairing handshake (vent powered) RSSI spike: -45.0
  -> 255 803a9f46a2b02ab5d25a62407bc2fbf16bb2532f4d2cff968f7051624879e878e497084c5df288131d5c2b03feef64100a05134598a66f490bf3599a37608dbdeb38ee4f3bef577d17615f581cc7df804a1ea45f9a919ce7cb28f27680c43bb938dc0dcab19352ef2382ae9da97ce519bf07d4ace0afe550901ca00c432e2dee58fad82cb5a0b993e23915df7621ca5d6e39e7637511379daeed51f821415740cac97d2247bbb7aff0fa23517babd00dc54c3cc680708a0a79becfb61a623a2eb8518acffda9307f203c1356e587b13f3209383a4d9c1bd5c30eb88149d8fc299894973672d77a67bf309170a56c9932aa8de19a9692f7cd144917c5ab74fe
1787431070.918323 vent discovery/pairing handshake (vent powered) RSSI spike: -45.5
  -> 255 c0a1e3dbf36201562f3a726308ddffd46ad24e2b93d260ca4e9d7531158af7ca3a6d3e5a251449b6248d694fa2585caca7ed015e8ea0da85e472ee3c658ec0e0a7d1e4366b6caff83d57354942d44ff386c7b5089bdf053bcfef4377a6787a73949730653714c05f5297d3a2a184a475ce6feb1004d04f30afb7a6be402379afa27858293066dccc9f74b46826c633740c9b0f7f1a568ba5d05f941f3ef452373634e3af7819f7856168938aa7e7383fdac6eff06ec204c6734591dfb5d4717eac369c14a461f9b4a49333d5e0509a661e7f2598fea983b17f480d208136f22a13ec2a6907d8c4717c2887302b8ce1dc72d383e1d15f9a89eb8a588e9796dc
1787431070.918564 vent discovery/pairing handshake (vent powered) RSSI spike: -45.5
  -> 255 7142f53d4c9b6c9b54820fe3fa9025c6b0218757e8a101b26c2900e8018f73bfa899b78ea79598768ab899bb8b395bcfd184fe088917b778e0381bcadb13f98fdbe7a006aaf36eb41b56ad7b928f6b56379272bceec56f7eb7edfd027055ee3c52f02f8fb71244d58be33a408a85b9022ae8925c71988fdb933ab7694fec31126605cb3fdba5094f215736759abfc68339863a1988cc01f2ac8050034e7755bc3544eb2def99f93ddbfcdfda24d8470c32d409fda542b120af2d5b487e445717c8ccb27b1b6a56f16357c4eb798686cd6d1b76257dbca5425ec2795aa81ea3c4d05438e1bae9e603eeb4917c06b2b9a757f8c6173e1c17b817930b37ae5494
1787431070.918821 vent discovery/pairing handshake (vent powered) RSSI spike: -78.5
  -> 255 e54225368c0881bb549ab7fbe907e2531cd971939de21a02bc0f6888703a08270085a8b319be2066d5d7714858d9dd4fcbc1241446d114db5c2239d2cbcb61f9ea5ba93505f0aba55e8572b12c40dfe017c666b485f80476f556cf9a92e2c27b789563941fcca14164c0412e69352f5b94425b9a8df5fd1957bc5a2d839477790ac3a1281a9fc5cc87c40e9d78e3616ddb7e751b86480630d75324ebef11e65624b4b7970740d0920152c86ea06eb4ebc63e9917e43b1b663251a1400a83c7ecd9d50d547b525c5893d0351125ef88ca7db99495cfa69dfb623b06e9c76ee23fb2cf62beb11d408131dfff14c96857a1a95cbc76693691bf004b068b3b8a47
1787431070.920557 vent discovery/pairing handshake (vent powered) RSSI spike: -49.5
  -> 255 2864561f0a43545e008dfb96184690ebb7c6b5c774346c84bb0a97bc3858a04bf15a59b295cc566392476146040144f756477d3be1ba48aebcff7f88a8d4cb4071db44850ed0cd3347077daace1be809862bb5fd069c3a9e5732e6000cddf17d8a7c28d5ac44b4bd395f2650d1d11f86b8ac942270718d6956992cb5f33dcd986c190f271a1fb74bd001263957de8481007a0b8f2fee3c702ca1af50371aa8da23d1a1fd2a2845ae97f05d13aff8d603e553838a3a751572f2dba9331d9291be21102612260719c643a186b6e40283a01794cd1cb388997697cbd05316b4d6f074bcdeb399aca06d161e4f9488dda12b2748d69a1faf6f01b657fa532474b3
1787431070.920798 vent discovery/pairing handshake (vent powered) RSSI spike: -49.0
  -> 255 1feb086999968af996c322c731ffd302e4978262b0b542ddc839b0e8a9a7cc8ee78fc50fc072e872777b8d29782f73b73f317203938097433c58962e0c39ce7fca8d14353f014ff6e60c31a97d58be18965a8ae08c8e29b971449526188da28c757e1c03c15f924fa77fa1d7a5080207cbaa4461e86287f0b5e74bb8b293b8a543aa9c26b70ceee98d0c35a348f5d213b2556973973d1cd2c52f80d4278da3efa4611f45bff8dfabb47a4bf193dfcfeeacf7e77735adbbd81bff66794af9d96c692950ccad4330d9416672ae8cf6a5ed72e2c74babc02750f38795486017043a90456d0aa2d9f891688180df000ce390e70b8d389b9656fcc310edfaf30f4e
1787431070.921062 vent discovery/pairing handshake (vent powered) RSSI spike: -49.0
  -> 255 b76377cfc84b2285996c37eaed37b34f07716e7eaffc2455b57887197b2bd44d854ef3d756866b2a066ce377176bc7d7e1c745a0f8e7f8fae9279292056ed1b3287cf8386a1a4ae98821273e074ec4b536e0c72dd89fa9e852c1e49cbc4e363546550bb1f04b67f9d973deef4404a201003cfa6ba2c997c5ea0b6286de06788b7e75636c124929441d06bb69f8a1b4d7af3b760907371ee397f806a8e0b0fb143e02a89bb9d32eec0c95e7c427b06c3ead14ed642f6796c87fa1f7f3fa58e08f4b88ec8c5c88bbbe5527a7e9ca96882f8e28f26886833570c76f96852b01719a6f1b7a3de6f635c1e92e096dbaa0c5249edef9b0dea86f4284ed31b4bdbd8a
1787431070.9213388 vent discovery/pairing handshake (vent powered) RSSI spike: -48.5
  -> 255 18a2a4de7f3b5cd08dbec4d7ac7e7f94c7064f7d782524f1db1ccc85ef3f9226c6df6eb3bd722e3f659176796723e222742b4478894fe519ed5050442dd4d1f5a94a4515ca070022247d7c7f198eec815cc82dbcc25f2aa876ce8a6e7ab44c486d37b085eab6e4c98d8d9d054fcf95d5abc5b2181e2455524997a53f923d9c0fc368b8eb580e364979d1eec63cea10f3313f5713a0b671404320dddf123f3d9d6bc219e409c06c60fc5dfcedf0041051caf21b8752e514d28c8bbe0bc02baa7ac7b060f316c967ce402b45f7e8166687fdd6690090cb7da7237ed877cbf77c1e96b4dda01fe1ebc042d274925fa6d41e71edfa81065eba1a88cfbd3b54fd7b
1787431070.921598 vent discovery/pairing handshake (vent powered) RSSI spike: -48.0
  -> 255 940c63336f1c8e2f3fb7f2fe587ef0f39d34793403583e9e690e547f1ff788ad6a3e2d81f414486e38bbdf782add7e8f1e9108f2d77b707cc1937cc976d5afb77982ac145eda619d342c1c2221c5b6edc734e75fd3e1b91d4a91c2f029fc9203e751c4ffe5372a47034a14f56dd0e5a1f2a48b5f0d14ad108aeaf9a2998edb9f61dfe0d0838437a543076a86a6b19135bc73732a9c0e6604d4f02f1537d0dd96a06efd82d1f3f8c5020d8176f0fd48266b1414dd8b529d41be432bb376b689ddd3077b80786739f8c31c80f71fb5e53e80af7680340245ac4649937fcb35bdc18927033a033b5e9ecbd30f3a31b8a07ef14b292d1195cbc5764d04f61fdf17
1787431070.921847 vent discovery/pairing handshake (vent powered) RSSI spike: -51.5
  -> 255 59b1e068dd1938c7613d472fe115f88332019e9cb9ba377f686ff1f4fc073f481a76e8ed376ba51035f6024cf512e7b8ae5e398fec2b639ac3631e55787b6c8adbfdf50465ca018cdcff411c8260459c159d8877f195a57fcce0f1f8b6d0d579efb491261c94e82ba589b1a995227fed3dca261fe105eecd6687a5c589f379deecf810e706d512cf621a2c3efbb89e6c31625dbfae4623f9b33897a0d24cb5f79fecfeeddbcedc53ecd6c0fbb165e794cff40dbf62518078b15db97c385b2554aa431bf3b238765c83f5e3c204598ba21e406ade6f805079ce309a97193ab5af7191ca1f4090354585bae127cfdac9f28e348f149212b7a6224f75120079ce
1787431070.922071 vent discovery/pairing handshake (vent powered) RSSI spike: -48.0
  -> 255 673832b01289577c360344d262c579930845ec86ec8e22e64662be4b03e804f62dbded1dec6f087a3844fbbfa5da5af6942acb73e51bd8dcaf1f4cda9003f3e6ce565f21daff90e529c0e25f8059dd3c4a4f0992eb2e0b53c3c0ee469fe77ef1eb2db402dd723d875edcefa2d78752271f828a31a354229688074da9cea6988cc283705dba394eb886ef80554535dfb63db8ac58084d540ec201905a6108bc0b4774db1c38ccc4b789f850110fb68f62008b7a4386abcfb4f800ee941072f82e028a85c3ef822f19f267d230982b0cde014f68cbd5d8e8206fdf6858b2c566b89493987158251dc5330eda0c9cec8cc751f2874907c489f6a460445e16525c
1787431070.9223318 vent discovery/pairing handshake (vent powered) RSSI spike: -48.0
  -> 255 693c34288785fd820bb9e8483eb8b1b382019c4586b746109f1cd6dbb87f437ca23dcdf1043fa24af1e9e3e2710f87ee5533e712f11a191961096dd3e5768c41f0b4a54bb90e8a5fac1b12cd4cbd089f70cd62d01b3d37d3961ef4a08cd7d124e960efceacba8a57a97d7aaad9caf0b1d8cafc1369d03ef0407a584461c0dce8793c0e2f53be4dd9db74c6baeb52fb20b1db018b193ac24d67050dc7d2a2f968872c2e6712f96b08028452e6ef6dd5c08465560a022d636facb3b41826f58ac13f98c3d6d8c40383e24d3a31f8510230760f3df563bc4eee2ab238aa42dfd7a1d150ee162ac8d6d703006ad31a80e7cf4e18cbb34a27d22d1e0531bcc351fd
1787431070.922591 vent discovery/pairing handshake (vent powered) RSSI spike: -49.0
  -> 255 aa827b82727d60b6443669d75f626a6a313a0b229dd824bbe64c390f05df74c608ae559825d30e2c2b49575521c25450bafc7916096077cd683bcdf645efd170cb335675013820bb914d4646b79314396d45199d998820213f05438d137367b68f828db21f7d52df64188765a8c0bab3e2513050f943158e56cc6fe0ec5343b45e88cdcf9e31556bdc7d711fda0fcd0b50932f20918e827423c9ad0bce3f85def74c35752d7ff3f3fd72c37a6608e6560da352f14408f59266e588ea273f25bff61a6421922b8e1f490c25d7435f65dcc375c6aa582729570c8a0e19551e95479bb9703833cdfc43044f48666012328251032b44064ae14b8ebde9ace83bba
1787431070.922817 vent discovery/pairing handshake (vent powered) RSSI spike: -50.0
  -> 255 e07ea074df92e5d4f7c45e90d9a36c18ea4bf8dc7df66a97457d5316bef23fdbb9502e916c86be05512f108f843d6fb1c26de0efc792f3a29c418d7991148a0dd4d7bcff16ad13c158de61dbcb5c4416b791ebf911193f314cf84c4a1b7577460f1e125714ce0b27c0e291e95ecf30d53521d83eba4b804f5c2a5d4dc95c5eaf6392e5f79f1324260a9b1b0198d603fc678576950b2c0ec668bb424580c7aaa7fe2944042d49d2107f81d446fa5c1ed5e2319da4c094eaec86ef82c43134ee3de0aecb72a42baeed321bdc4884e130ede08d39d56b76e71803d2ce6792c4c0f801de0170259897096736e0915aaa508ffe0e9e78a15f1c8e1091cdec88b671
1787431070.92307 vent discovery/pairing handshake (vent powered) RSSI spike: -48.5
  -> 255 176b827b5b971f793fdfc174bcce09357f7c72d6318086e194aedf807aa889e449f70316bbea8fe4845e666607c35a4926a5217ce1f1784b3671e3ede416f00b1f9fda44b94001cb578a552ab28511d1b0dec523f7bf8c6d0f6466c19e76eac15016cfd66748af64e0cdee56ddac0160c62663ae28b98d607dce210d7bdfd095705da633bf8e4b00d0f96d0606bd9f6be7425732e851855991aabbba658f71ee4b3c7af96a2413cb59731799f0d82b1881af924a10170e01c1513a0f0321b8e6cc5134707cbb3aaae4f9695f4e43c1c5817ccb7debe29813d71bfe43df6a1eca522e4a4a441455b9ec65e98e11d421d8794ecc49d2983418de89280c6837cf
1787431070.9233642 vent discovery/pairing handshake (vent powered) RSSI spike: -48.5
  -> 255 b7d7a42477bbc09f8e8ffe4ada31280d80f45f6025d052b1cfc2f7541df49f787cf15390df8ff65084400864e9a0b71a4ec03b97ee52bf1ed635206e93b87d520ad77eeee2561788d4c894f1b13c38c7132a2c87f2c8212ff2b7c3ec50c495da1637df0eff922e1859e8c62ce927c78cb6cf394a63b869a1eb6a434031fa1c9ce21b03bd765d85d1486c44b21bf145c4f7852b9ead4781e0fb8d5e55ebdf2a9836ee791c1ad65e64ba25fb13283c21b4ac76c5064e8007218b3517c86cbb98c21b6fa49093ca3a6c1a5be887f408af89d4230d03300cd011570b404b0050601c7bf8f778a3764bab959edd04e8e7f1f7300a6c9ffedc374f88af99bfdb3a32
1787431070.923635 vent discovery/pairing handshake (vent powered) RSSI spike: -50.0
  -> 255 c109355f6a7f254adcfcebec6777d7abdb0406bd699281452f8bd3318ffb136691047c05bcd851606d7953c50f21ce5f8cafb785624df4e7b129f023bf44c78c0cc3ea79214eddb1dfd1f1f9eebb36c1a34f7f109e06d9422da13f62fbaa68adb9cc1f4016e558921ebfbf16b106d8128b49045d8ab875e4f21123486aea6184e8e974b5b065fd3207234985989aede82ec6c275695df9decce9c51c806d79f7218d604ffd6a480c917bf3e2844b169699f585d83f5b354357de760eb22a8f60f8709d61abceaa947c1f7c2e92e5f5b4b4240160b6d91214aa9aa400390774da0505d5a652820bf3aee04041a4db8c8e0a98c08e9cc4da17491a774be05c0b
1787431070.9238741 vent discovery/pairing handshake (vent powered) RSSI spike: -50.5
  -> 255 8e3b391699e194ed1a4f6d1e6ee2b10e96ec63dc21b4487daab728d598fd6c795f78e7b7a06e574382a0e414a921577cf5ac8131758785984beb06e705b3b7f7bde4ff2902315a90c25afcff15c86d62b71cc41dad2b18e4fc6aea37f4ba12844e59db61bf6c7b25d8a11103bee0e43159d2731943b7705bf9b0c0b05392821f81365beb3dd8296af9ae89f2b9c28d7d7e8ed68725d24007af807b8748a1af65a650ca2e9f1b02218a0c4b6220c35fc2dc0aa94c20e7ff6f96761c84a60d399ee07eddaea6387de68b0078602ff7f38165edb7d729c169e8205ad474928fa78aff8add14648116d5c219f2795ff622f27535b332875546255d0f6321d8e192
1787431070.924173 vent discovery/pairing handshake (vent powered) RSSI spike: -48.5
  -> 255 ad48e17b319695a4dc9393a78f952d85af49ce2c8ac7626e8a451b4c8166ff81ad9c01b54f4a4749e696647adb11ed7e382218c69d7ebd87c7d66f30a0004702da8f8fd381207910b6bf3d07e44980464611fc32b7fac149a093af3229f70bab7767d4a193bb3b29e967c577533da3c779a85c07c140ab9f65413e264b21e17b779cae6ce32aebc4fabefa6673fb913359612c3b42de3585f6e1be1a09187b046bd2c6acbbe0313a2ff6b5150c412fccb7206e160303b9961adbe380a5bf6a28af42869f9ab4f266089cc507e2c801f0988ded8bb12f709d3e0db0718fbb4f2f9bca519c2de106fa9fac3e02f0f7d2c364244c483effbefab46a97c2ce1e98
1787431070.924395 vent discovery/pairing handshake (vent powered) RSSI spike: -49.0
  -> 255 195592ad7a6bee22c51bbffacae5f89c8a82eba17eaf92aed316cca880a1ca763773b726a66e907f2bb0ac230fef2ed510aad8346f688286b975028039b97f07d602c1207955dcb499e01e9ce18ca1eb04df22eb5643586de9d43ccbdad5b84f48a9a60e59e1f29bb7009e0f3d9455c58bb4d815c574d6add850a6dca24696b9d3835a87cb0a684b81356654cece964bc459e329340ec1f61021cb3a5155134f34cec688d89c30224f9636b85d422c0d89f5046da7fdec4876291632fc693c31ab254b0317e982e35c1ac5f60b051c4cbf9e58a57fc2088734f4e3853fd9ad0ac008121c1076d72f84df223907aa0d7ddf46efe2debe1bf82b7f15ed7b1c10
1787431070.924633 vent discovery/pairing handshake (vent powered) RSSI spike: -49.0
  -> 255 821d3a026af68a9b2e99f58e9bd5773c4fee2def9527e60d882dd19ebe6eaa1b17f39b10c54d1f76ec3aa3f8a35975ddeccc7ed28007731f0df9fc31ef539b9b89e3da95414b9fa8bc42509a69478618fce9a6ecf654e1bd72e681c6121b87b20a1974e866274124cac51b29d0e28188ef30b05afa8169c497bedcd45573b9f606a1e918adaccead57a7916acb328cd9d25bb8b4fdb0dbe91dfabc26c49eea466f36c345c90a7edc743281de32f88fa27b14b14d61606b003bb8355162844e652a99e814dc80a4463714d413a9927712de9b78a4af16f3b2bd141c6f33730e9734243dfcaea88aaa40190e7bb67811188cb4c190d5f6eccf218d0c2c491a57
1787431070.924887 vent discovery/pairing handshake (vent powered) RSSI spike: -47.5
  -> 255 863d55fd229b2bf8a1842e033bacc0b542abf177c38bd7dc6d7e8a3141e5668275a3ced2262d99122e2a7b55ad641dad479014ad68e063625afe6b54e6e187cfb7cf06c1f503615a41bf59a673f3e7b1d504147c77f929eb130515ea3d0c94738de88148d3ccdcfcb558d670a86ef7551a625400e2960f44034e4bebafda262d796c16f62c41289839ef62cc42b8103b82d454b15e3ddcaf2eb5c90797568bc5e17257a5d00ec5d98d0ceb580ff8fb2b569ffaeb4766bd4cd4ce66b5c09fc965704774573f5be7bc6027ec4df59284c9d5834fc42ddf5f2693bf7756709d216016ef6c99f0b0762d46e50aeedb75df665b83d08765e1980118698d67d3922b
1787431070.925175 vent discovery/pairing handshake (vent powered) RSSI spike: -49.0
  -> 255 6885e8003ef3492619d5b3093f6fa2062f3242a984bb294f128730ecaf162f40e7f36d285d1e7a83444ef10c6c4746ba91ef3535b4286debe31344ee7de662d9ca9bd7dd43ad9d1aaedebe842892aa334c6042ad76c98a31a2f29116781807728b95ee8904a19104a892ca3e326fde63637c35197a8e7fb492c3febcb5c91cb9bfc08556611b0f19ab71028dc48c89ef766dfb44cfa5f5217e5b7f18df5ca839a9696f2e1f6ef8c23e996eb12158def6650615a4238ccccd097b768a5d28dc2fba051e2843f722c7f5cb687973c5068c18ef63470972d292b2812d8e67d2e4bc6ba2b30fbf3e72aa74e389074270380fb459d3f64820ad3893c621f105c74c
1787431070.925442 vent discovery/pairing handshake (vent powered) RSSI spike: -50.5
  -> 255 f664ea5fc438256b185396286f7cbd4c42dae595763bdfbe48439e85fa39763009542ebd391501c6c3aaec3d6fd3ef04420a0ce0051e2c50dc107020b6a2f67a37b13671d80f5e624892d84594e93c753ea6177c61c6bbe104396a7a0811cad0f2cc52011be692b7577aef64face5d73c558ba9cc0e9c4ba0ee6bfdc1f68e4bf41bfa4d8a790422595421d6130c23864e4be13d224debf9b58c13be9c1e8717161191060bb787096169a1c6eb29d7487a95ba7162b819d20879673df1c3e3dbfa1373e400318cdc2f99d55384f71394c69dec630a109a8f862e1a0ac153e289f6e0e13010b4117a5807e0f93e4161dfef0e52b82c138173026b4e9b91fd7f8
1787431070.925689 vent discovery/pairing handshake (vent powered) RSSI spike: -52.5
  -> 255 3e9aa98b61c156dbb448c5eb90d29b6dcca997d1df60b3f0a3e0fec1aa9a8b210e48f86e810fad55b7de4f75098e0a6a191c7d53304b92fda9551cb2219ecff9b54ef0aff9bebeb9fec57ef4bed1052379603c2e3e3f8eaad0ddc5bf9e2a313e2565e25d89dc99968e5be5026ea3e8f41d62b498a813a1fa03d4f19bf9a99fe00edb15ec37591ef1e3d50b1fc0deab47772ec289e336cc819c52d76055199da6edf3174121c475d1286c8acc68ee16c5541cd58a535c8f667caa1c8809effa3b8da03afad669ff068d9c3af85c7e1c4cea6951ef9a424d9f9db74be63ec8cc8e596804fb1b017cf5d8dfb7a339abf6d351f2dbda7ea5719c79eb2275b899ca
1787431070.925953 vent discovery/pairing handshake (vent powered) RSSI spike: -49.0
  -> 255 75ac3900218fcd92a81627602f3ae17e971fe26cef3c0e30ef23cd3903895c33d990a3ac191045fcf4620d04c293f43cb3352d1ea0f4c1ef2936c375c9a504c40673d1ddb26fd7d2222b70837b8e53a25fe1dc3380a87c2af2cdbe1b8ab26a044ee0a640da3a1c68ce1166a2c12ba16b488c8a216eb2f72f27f3750f5523d9b5efc2b60d3d74c4f1021a6078fefdefd844d86255c0d7b6f21100966b5836f3cb2beb790dd6bfef1279b5d79a4c81b4c2cb73e5248af10ed2c7523783cb1be89e30fb4f66e574a30a43447fa70b8f54a1ff63a3b649e04182087d2d5af8c135a3ddaaaf0c887ea578256d5013a1d3d23a56df40cc5e4590d8018fe2a7a278ac
1787431070.926212 vent discovery/pairing handshake (vent powered) RSSI spike: -50.5
  -> 255 0568ca2b4c7693cba9f0f83b4264017ffea05a9f801639b8160f5a014f250bbeb295a1be5de261fba612a8ece0527dc62b0bee43a62f39a820d9e781de942291234c66c75cf149ebcc32bead1b998f147fde0c7a0bf7699bd7eae9aaa63505c9a12901a0ebddef2563bb5da3386bb29eab7cdbd993a1ef11eec970e08c70b5d6a13b529e28d386f92296133f043c98bc4b58730a619cc98623186956db0de03c52e6ab9ff901a67e0e91b559db6b8b360a8aa26c3fc1c22756945d7adc0ac9ea18028815f967bd5d2d187aa39c4b0a5d13ba58519e00472a0f4b64a41b1073253da7c1493de0e76a5d11a0fb3c252bbd1c17f6b7c58d07f7a23b6b6d2ba8ba
1787431070.926479 vent discovery/pairing handshake (vent powered) RSSI spike: -49.0
  -> 255 ce1ea20c97421f67595f0752cec3f3f5c9104dc9e933ca5b0adfc31623129963b102789463bfa2d24e3ede4fec0dbeb5ed8f4f73339b294ba8c7a09754306bb594bfecbe31a6a6b7f22b81a7af0ee64b59b36f7f3af309fe141e6fc3862324c574312e9c9e4c024031c24a30840ff41d136054abad955b04f1a17301f0855df5555dcfd4d0450055579a8ca069bd298c6885d038d10b3e4fa69b80c61cc14a3cacf592833be335e8472a912a9183bec0eb6c6bdaa3e90a83910fdf820ba4a3b51361b367c04c78792493ae2865c8e737a543a650438292500ed31639f97b82dd78818d9dbf6792ab378daa4a448d0288ea6ff2887bc1f956c2e9a92b3f21be
1787431070.9267 vent discovery/pairing handshake (vent powered) RSSI spike: -48.0
  -> 255 f02c6c805271a264c7b6ea105a4d7b50c9807b4681433b12870319848ebcad8330833d98bee3b0c3fb2500381f9795945d5744cf5c96df0bd1330623e62cee201a2a8a460dc49efa5cdf5d415e8bb1ddf9b345495b6649dadf41991f753ad308b11acd57fd4eac5fe7e60398a18628a56615a5a8736082e4bdeea34928693cc2c905496f4945c0b2d76e3ef47e8f287e4126e7d5948aca398bd4f1f713aae7676d048f45260989a3e78f3835fdd54a1da002fb90bd00f5e9005f63ffd6f1301eedb121b77522ce8bb9322f15d7479d331d4024a00f05eeb69f5e968957576b0a568ff61a9f5b4570cb4da840928102db50cf4c156104394852cc2211cf2429
1787431070.926953 vent discovery/pairing handshake (vent powered) RSSI spike: -48.5
  -> 255 e77bd70115ad42a5c49313b8dc645214953b2bff10dc037ac9e5f4670b85e00e1d291cf15fc0166912906687b8fd2a23c2a0f02e7bb6e89139ab778d302bae60b9687195804ea9f8496a971fc840233d713bfa56ed99b115fa58d1dfe59f84dd0e09cab82c0d99fe7d1f28abd3441e137ee400297134dcfaea48069f3617cef9f41eec678da87e4ceba5940e30660307a91a0180788c21dd369ba0be43871c3141422ed8df6596822ab6bf5466a009edca5ed76175422b3a9ee59283ad4e06a91d6de443ee6bcdcbd3aa06e76d31a4a064f67defb1dacc786cbed4b84e09a8a5442cdce9a0b916a2bdc9d00f0e84d23a519032570dfcb6d58886015a6c2f5f
1787431070.927217 vent discovery/pairing handshake (vent powered) RSSI spike: -51.5
  -> 255 81090a8f63c7e05722e8a1ef869997b18ae2f2f3f782a555e8007367db4d912581b1f5122b4899816783c9862e1615518624242f41693ffccb71d6fe8cc0a87fa3910cd63a4d463fd15bc47a92c004da16d96cba790882238358c495b6760cde21cefe2596f2fae0882a2934f44ff9a2410533c34cd4c056bbb420497bb8471148c0281582bbe97bd3e8c4ac58ea143e3294d7f82422d4f2dc9e304e20d57aa52600f79dbaabc1a3e127606dbc589453c4245542871c662478fcad55b98526061ed8d78935efbdc779bb12458fd9c91af5e1e3f803938af13a8cf05f72476ac26a00e5cefa2a94dc556dd1a10ca939680f6362f5938cbdce97101581331548
1787431070.989334 vent discovery/pairing handshake (vent powered) RSSI spike: -50.5
  -> 255 a50fd960ba2b19a4ff47b00a37c8f3051461fb3a9aef2dd983652f2317221004afa486ca95c0003e07f4cc74c5e6521366912485f9f9b4808d92e3c4cc0f1187382dc053782ffdd2f4f53aa7ae84f421597ae1b04b5dc78781a1fc48673502c62bc63cc125d5981d3a3c97196d3def1a10833f196eaf7f7810bcb3f95f8962cba22676d612b91a8741327677a0ec9066db0dc7124b5d7bb38f2135b487a5382ba1027984e83a4b3dad3cc1dde0672be4cd0283ffc7a04d88ed7e0b055ff0c1198fc146158561b3ec8c5dcc199e19e892390ea2ae3db071fddc4ed808bb2c205d4799dc51a77fee3a2e5d485ad1102d5ce352dbf0011b5fd8fd3b02da409b5c
1787431070.989573 vent discovery/pairing handshake (vent powered) RSSI spike: -52.5
  -> 255 11b48c867914be0c9ccd7b28536487636f21eb77ecfb7eb6d7fceb1e4433f14f6965c2e20003833589a21dda2b8f4eaaed4a87875fa5496df016c1e1514c2e4c861e7098e012aa7774d5ef5eecd42a12f95e0e36268b216ab7472a020ce8bd088e2f3713a2db7b5bdfcf9f250a365d6209906a10c6088a3d07425179edf387db5af906b0d83873ea7538cda93de95869929c63fd08ddd67482f2bd1c93acd2f8ecfababa5ca3c34a04220b9e884adfc53fa486f24fad31435db2a0c662ef330e9a2ba4eece21e94dace95794e3ee6ec5f9dee37720be9e7713d4a4aeb7e3f9588ea98d3121607e271ebdb1e4c2f3f02a7da1f824560b8666625c90a78cf071
1787431070.989815 vent discovery/pairing handshake (vent powered) RSSI spike: -51.5
  -> 255 4b7854b01e47f5fe92090ce6d0c4db94f4727999e9ae5f848831203efe9a2ff5e93accd6cd3d598c360ab94d2806ff9307d1ec4c6fe3f8186be1bad6b31095f8ca4f174bb07b41d3c6a310d057fb8557396f52624c28d8f4841ede723eeab9478b01eaac1735ae96ac42920e914a12f21a955c162811e0722b702f8950bdf0339cf3c96e15a9c80af702b66fc6a43d7d3e1723d660a22ce0e3d8e336de47c3a443164d99bf41ca46ca2f49b2329ba5f80bc1fd57bfb807fb71d002790ec6eab181b31791cc0fbdfc3871a9eff6de1de0fc96af866b12664b3a2cbedff6f8385cca80e25566ec0cf7c4553e9bff0d1aea22795f46448768a1443d80a10a2d5f
1787431070.990093 vent discovery/pairing handshake (vent powered) RSSI spike: -51.5
  -> 255 48074f7be5f15cd587c0a077ab3432636e21bf1aed3d32f16b0375247c673c4c3bf8943162fe2dc51883de45ae85b11571d01088a0b0abdbfd2e0d9fa0a62e5015cb0374d9a47b8be30801514a6f97a58de739610ed7718e8763daf6dab05424e02bb5c06ebb2d6df897c6c6a7d28185c4a1201c338467b532b1eeb6827f3ba4c92bc96ac1658e77c0724d69dd07d77264549c2d5108ffcb5565c683d491e84acda7102c054f4d0b2bb8292b55069b6c78198c4fd169b100fa553753386c32518215ecd492186dc50e96262a83079b72f58c9f2284debf2cb10fb710ba9ff1fd8ad9ca033be9aa8d3dec37a1aa126ee4a49bb63efa8b7d77cc1248be0aa7a6
1787431070.990321 vent discovery/pairing handshake (vent powered) RSSI spike: -57.5
  -> 255 52d19e90edd17d5a670293e08a2a46f2ccedaa1dfea23572358e09b2f2b4c2fa703b73cca8c1a5abf97ee38d0d806a7b44d76e045e15bf03ce95ecd821519731f01ce7dc64e4ccbef838af18be716deaa1481fab87fad52704889fadc3824e7fa291508652ce413b07b9931bcf68e6af982ecaddb3db83e58dcdf7648bf7201aa76fc6b56942a1c771d5c5a219e45acd83a0a769d64932fc51ac446e5fe7fc3743c333f959c0d7176dd66fcf691d2e58afc406c5df7c427400c6ec88145dc810f17adc0c47716a3099fcd4042dc0ed85e2989322e6eeea6294bcfc5cbb40bfaa66c955439d443e85e6b825d3051b49361707b19e22ed20415f1795a12f8b38
1787431070.990597 vent discovery/pairing handshake (vent powered) RSSI spike: -55.0
  -> 255 2b6ef3b7f9b4c444eec187439250aad3b99032576c411f3ddf138ef02cc6a6af67844177c88512773efe0ed4e967a6978f06a7dceb1b480a3f02926e4d110cc1136a34388ee98b52ff2e61c1c57acac6658d2655d8b616fb6cee4eb1772940b00bba307ebfdad5b94c9bc92df07cb24cb9df2fa5ed39141245a65f76dc3ef07bf3fc018de9abd711d1e2e42b87e00aa5b297a9315a1ad6f2686f8bc40dacc17ffce5b48c8830110048cfe659132923b20524ff708dc238a127a759532963a27c862caf4b5ad7caf954af645c3c660e4c2595e4ee1b3a9e974d486c0920a50af3171e180281ed634ddb271ede7fc814b5a530546d2173fd50b80814ea5c92ff
1787431070.9908621 vent discovery/pairing handshake (vent powered) RSSI spike: -50.5
  -> 255 633f4688e6b0aa8fc376db7d34cee2070a431d6f142327786de4e68b1d975d3734506340fbd6ca52ce6bcc90f7790011a0167319c1fdd99e32b68185c65dfefe0c8c880cc87986b17ea5ad4f2488428c32a3dd400682a2d2675b3b5086bd41620af3fbe514a9f1b99511dd8ec6e77fe41009e1370be8d2f2cab7e6dde523fc1b577b858afdc1a77d4e50a813a604209579da0b0e544401530c34c56facefaa3b2be084fae91bc31028d13656edc5895529c847980f08f90681e085a930ccedf5c7e041c05180b83e3f6b9351127319abd0c1c7200fc13234b2b5570603a05600ad47214076cb2dbb3ebc566a69fa387c0952fbb014eb370db4de0e96c6bc4e
1787431070.991102 vent discovery/pairing handshake (vent powered) RSSI spike: -54.5
  -> 255 c4333a64d3b292aa6caeb677c7fda279e936521e1774037b339d6bef9bbeb4b519cb786e03577524f45d3fd8fd4e24f57494173f05fba9ad8eea2841e390c251319c56dc05256b3d886ca9da5e2bf6ad572eb05859d9269e8f644b56a23c9ec5e547932296fc69eb1704c0c68378b15a37516451e1a00514693fbcfec27a61c3b108ec12bd447dcf0ceb72c461ab5605d819d7d2bc62a7888377bac00dfc0ccbd562252b22863ff69432fc719e48179af0eed0fa26a0f88f1cfd159b94a824ec1840ec1d2fdb050c782c36609eaff05f3d44e41994f4cc85a737ecc819c5e0f4460e9dcc183f35d8e5441f2b829c7163c1a31c9a6d113e417f95b846b918e6
1787431070.9913769 vent discovery/pairing handshake (vent powered) RSSI spike: -47.5
  -> 255 da03b07d07d6f788aa8751a4919f6a1c30a24c85841ff02e10d04116885c2eca45ecbcfe1c3bb2a67a63f63d95dc09cd7fb1a91b9497cc1379d1f600e3549fb198e54d6cea7666919efb5a71deeb97adc4ce7ef5ee8067558fbd3468415b3b780e5ebc5e8f4aecfa9226521790da58a7a9c11405bc3e3958d5f56703f34a533a6d17a6799746d0ec4c2a0b19aa33cee037f3cf6a43b6442f60315807563a53bb33ca26e6fd763c13beaa730853a141253e77f15654a668cc7b5e089a6ec7e0da84891c32d6d25f5d66f2e25370acbbcade8c95099de36fa8aa90216e1921609ea45395e68ded6f30100af3074eb937c0b6df37f7ec3d1ce87338042137c9a3
1787431070.991616 vent discovery/pairing handshake (vent powered) RSSI spike: -50.0
  -> 255 07cee6a76a7f7379bf845306eeda6d56ae06b3b31cd311a2cdaf0892d382c43590ce1bf6a26342c9fea6ce797bfcd193679b093dafbffbc5dde33ccea71c97a2e1b283e0e2ffaeb08c2bc65ae41be414fec909f16205127f12ac650f77eb8e4e5cbff76c6c67ef2fc6a8eaf41d374d758bf8967009e82b05b52b009cb43fc28c148026f75a2354dd51150de10be1e88428cca02a3dc6fab398f7745cb29bf0df43aa4ece1b2717a6553ddf768f086e112a7c583d7f4ed2f481e2170c89c7a5db8f0959960ca18cd0134a436363c1b48f9c9896443b9ef041e5f5fc638a0bd7f34c6816ae913d7494a98cb0f6a5c68137c8780eecb2fc23bb8ccaebf2776df9
1787431070.9919071 vent discovery/pairing handshake (vent powered) RSSI spike: -48.0
  -> 255 145b734f1e0934a7e4a5e2cc45792f39a05dd20743fc7e6d2aca73ff8ef30a517cb130f83ecf1440af5e11e8a58e992ef1e1e055eddd4a8b930e6dcb7765ca15d01159377f5d1d85aade66e01e33458446dcc9cb289762aecb702bbc239cb79093b64453b966de8cf194645d270fce058e45c3c95c158e7c98c989e6877a39966d3ff50e55d5c75073678dea7b31f40e40a093bd05d1da074fcc1930f458732b7bed56c4bcd9b3febac421e04424befd9387bd148d858eb7fdfda3b0a32a1584c58705cf346666e69e5bee1b324f54962e224e840292e73ddc5ed80b1e3aa7c50375e2f604a9803ab3c1636d894f1700d4a0ca727134d9d354a72dedb7b4f3
1787431070.992192 vent discovery/pairing handshake (vent powered) RSSI spike: -47.5
  -> 255 f69db232731302745f6e6a5c2c46affc051073f82c75c9ded3ccc41a9c08ad68d94a830a4dced1f8bd2887c3019df05ac0674dc3942455cfad804533c4bd38648ccf173cf7267dbe2dcce6cd299e386adba88760447c490bb6c09bc53089ced070daa81efefa003b46542c8204e7ecc4638094065f7a25239113cd82fc3fa186fb89450d816d76761a198774e92d306292c1e1e763e63b476a39575d687d585fe3c127aab50b32dfae5eb3805830722778fbceb881d57d4899b9270d1f390f6bb7417ef5379e1cbce1ef0e52dcbf78c1238db90547f569bff84506725d3d44354d4a2aaf5d55952ff0e11f7208c0d84aa697a2e314f9ed1c8bca381a417de2
1787431070.9924521 vent discovery/pairing handshake (vent powered) RSSI spike: -50.0
  -> 255 ed33c92a35397c9c807a51c67f2fa652e29f326ac8669c1145bb062b0e48d37ffaf6a1e1e065610f72769e13bf2d5bd6702a65bbfc1596db875adbfc9470e119ec52785c7a41d4c3f930cd8af864231cad3113572c9d15b8fce73affdf3b413d014530a13af3e0d5aaeca3df1f09c3d3939b857ad7d7c988b580c04d913036e04aaed202f9dc5ce2ae103faafcd93a7cef1fe2c1804e05f3c197751b6926b7718934ddbaa43ec987e7a2f429da38075789d00ed5afb19b467b861fb9787f99a5c7e5debd7e38b2f37843ebbb6254d31f5773526acd7a45eb8272c4e26cc798466ba5467e41118bb74618f3be882dc6c3e987f44ee6eb527daa8fc31d892cab
1787431070.9926982 vent discovery/pairing handshake (vent powered) RSSI spike: -66.5
  -> 255 1e5810c7d08177eeb6b1fa9236abb6ad6cf0f398157b68a607b582b56f30c5a2922acba3c7ccffea5d3a938a17dfb72b5596bb7ffc0b6409297c8065ec0022d71842a94bdae53510c4056d31ed3044d9fed7a4549911f35ab1497b1f98b34c8c4829a376f70d248c78fa25eab9d5ad7c58bb21215b04653a92252a324bded0f5c8cc4a2be754a77fae8bbc2f17a2838399427811ad74f7e76a8cb668547d2045e8d2e12231fcd3ffdcebabbd8f03f1ea858dc91e6c0399fa64e6af43739bdedb8cd42b25768e864bbb1ee2595e8e07b0cb17f9245a884bb860a9096c4fdcd4cb92cc0f329b6d79ef729ff561d5c76840ccaa1774265f3aa6aed6afce1b0e1a
1787431070.992998 vent discovery/pairing handshake (vent powered) RSSI spike: -55.0
  -> 255 2892c656816b694c6aedeaf11e5bddbe094156a88929eb9c2d3406019697664b027ee7d57510920535040992a32bf61ded2f9db19b6185472493278bf549a50fe2d93db474ef24629d1234befef3e2952feedba03292c206d9f76f0681ab13f9fce392b0ed7d78b4e09903ac13075883e3d354b1fec0c6d31688d505d493250fb7f67963c1e222672c03dfd3d50eda6d2ed89b981c6cce98ccff0eecff645bb3e84ad6560d6fd968030de5ce9fd7818c15fdcce18fbfb4a01afdf2b1894b8f4f317f8cde576bc24e0fea4ee3c4ec6f609465b6ef446572d06f58e4ff9c2f67511b2196ad1f6b4f3dcf0c9862f6f5b0f8576eb06bf7b91ee60e6ac7648edd34
1787431070.993262 vent discovery/pairing handshake (vent powered) RSSI spike: -57.5
  -> 255 6d290fb2aa2323443ffe667892b5becd45a6f81f9bfa3d54891493b05b54b68364631c37273c73c5d4a2038218bd8ab4c259e881c7e87f71a5a491630921c41ad346e6b07cccd04df0241e7bb22f57fa0cb8f8a09d90465308605fb44e85ec24ca32d8a68c5fd62d0b939254659a5c708e5c5b7c80114caf096a46a864598aa5835244c5a358400386d09449b533c8c33b216bef07e9aeed1605e0619e37e2225f4255db8725e5bdcb0101a97167bcfc0b8d21f606b2b9c4b31d3855e02e1495aa399a78d66d44c690081f4099b5de020c4b38946e5d26de956c3f40cd41f14479e244909cf29c5976ba913f008843ab4db53e471e5b64209afa0c11412657
1787431070.993501 vent discovery/pairing handshake (vent powered) RSSI spike: -60.5
  -> 255 69f82ce7595c6731b2cc123d6b74c50fbcaada64b8ae72fbe2d6982b85fad8e6edffc3ee30103025e74511a637755cdeb57d83917658205e24068a3f699d4795d1530c57d922655dffafea9e3b5046fbf73d1eadbf97cbb4bc734824882e05a103ddb968a9104f12f048cf75d27317d0e9d8be5f0688e7ccf681fec8270fc95ccaabad63aa795c331bd9f8b96bb77897c47d71fcdc6c64a7022ccc1124528a33cfe34f399ddc803ed9fab363ea98a0ca8df9c0649bd419f37112fbcd59fddc35e0ba7f12854df7401a4cb0f8d98285094734550ee34a0342ad701693916a09af393e5326f4b179586de192399029375cdc71994931438fa1da0976e715d40d
1787431070.993782 vent discovery/pairing handshake (vent powered) RSSI spike: -47.5
  -> 255 dcb96bc8389675c0ef1384dcc0d5a18d6d222964e4cb005168add91b7342c3bc8e3c1f1b4074a20bfef7cb5ea01c020cf3184f52465020f7482dcdef5f1a6eb0ce3158b3608dc1609c4e260ed01e22ba305af9633f8a49303f760d8009fd9f90ba015c173878b0c67fa6f4933f80b7566f5d69653f607905f203022ac41b68e9787a3063d9e2dfdf59d2f200b08eb84ed1e35db654ff45ae9adb1f73c13edefbcca73cffa398d7ea97b56871950627162ba08d4a2b7f804dab34efb78be57078482c0954eac1bc231ec776f37b098062323c6b8121d7ecf2ff24f87ad96f73e31e3a7ce4ccb939b9446889c3f7b3c88f5b230c867b67f9dbf177ff408cea53
1787431070.994077 vent discovery/pairing handshake (vent powered) RSSI spike: -49.5
  -> 255 8a516f9f564b876a64f0ae54a2940d4026a93865708dadbcf940b000539f8c31eab508da48ed526306f9f397e2a3a06c0f6938dc71086f98c8865991360d898081daf1916cd9c4c580ae5948cb11649cbef3b5928d91988fe09190ff2cec7a1387f5869647f200984579c307690167e1da9d1d5de2284dfd87251eea09700638e6f18148472fbe8702b88b8583e4c478d75ffc1d89c27a7edd5ae1e2187dff4289cd4b9eb070824b758d14f007aa36d1db2aca0704bff291ea9dbde3feb44f727b8e499f8b6ebc04fd9ee51ba219a182f19f517bef101e1c3b5a29c05872cdf011c7c55c07274f6d8420f04e598e77491008a2d8353f8133f18c1cb148027a
1787431070.994373 vent discovery/pairing handshake (vent powered) RSSI spike: -48.5
  -> 255 9e1ea40db24649b963339bcd682686080d1e8a9315db17e4778d98911589f6dbbefd6ca9add894853c5cd5d840ec30813100690d6f5b7792148690d6cbf4e3f5ebb5bdfcbeeb18151818ceb23590d776fbd10a90be16cdede56b3a6b7f65aaa2526edb13efda6e2f039a52b56666ac60dac0581e2111c0a677ad96edc2bb9fbe728e5247d2c9a2c31fc9f96be002c7e22a092d8ff37fbf139d6946aa043f06ee8b1418bee88bc9e15d60ca74d99ea99a30459f20b132ccd84c69df151f9503d76dbf08adfd9d62175989340c6653111864a0c679a24c8547b1f64e82765c990bceb352d539a209c93a14a67de682cad420915170c48ae7e6bfd577728443d2
1787431070.9946182 vent discovery/pairing handshake (vent powered) RSSI spike: -58.0
  -> 255 b8163e9efa536dd12322973607f456c9cd7470533db6cfd5796a2a8f2191953f7b165be49ee675d489ea83fe58063ddfd91a95764a0193da841d643273cb469f811ba6bc15418e9b47013a5026ed0e18d89529c7e68483758061c81268fb59a184befb74d1c53f23c1fc99b6e278bd244271d1350f3cdbd01632784642aa692775c3dd725982ee4be9c917d9c77bfecc6260a60f298142f57dda5e5c671c533a2479fd2d336848056362dc02f72473e1b0cf79a5a7bc4a1a91e369d8f6bc7383e59a748657be63a866a5bbef96a6b994e3d58508380f81f33f3dee14f6318e412c8863778c8971d0e536574e06cc073f419c270c7998cee0be0ebcb9c5402c
1787431070.994862 vent discovery/pairing handshake (vent powered) RSSI spike: -57.5
  -> 255 ecf31a71a5b7b56096606d3f787e0df1f89a154f6dc486e4607e5f0b835cde3094ae52b480b0f6610dd08359e51f71c8e0d617cea6d441d8836dd06492250dd224fb053cee12deaa7a11d0fccdbdcb3582a3e86a882a50357db8329d969563185f38a509c3ff6740a3639f9cccd05e15c9bf215e52819052a607ef94c2db11b69348ca9cc90e57ceb9bfc069e695c64876a8c5041441f11b9c251a6c05795ccbcd1dd0802b08bbda5f3abb19147d5da4153360073cfcd2216eab03ae3706e1b461031a871cb45f259545c423ae1ecd44ef39f408e8c6104e128af80298a7bae8c577242670d3b42ed5dd5bae0311ff4308d769801ace2cb21f0661ebc1977b
1787431070.995179 vent discovery/pairing handshake (vent powered) RSSI spike: -50.5
  -> 255 0204896b266de2583a5d0768b41f0509dd630b31b5e6bc48836f641489b0d209920b746243d4a1f3cc6659bf5829add047b16655ce60312f9c2df4686b985606303573811f3b48b73133dbcac32982fd1d713229c2753255b31f2975b1eca36c5870815f82735be8a000e9206f1221b5a5dd6164a4c79b2af1f83847b4084650b19ea1603b8b50823af7d1998f4b91220a83c0e79ce8c8792db52c74ad01435e060d1f72e585d998fe6f9f17f0db01a22d1d5d9b2de15ee4281f53011a170fbac58707ac3d0dc9e07cab646267093a0967f26590518d0de7539730c0ca6e44acfc36960c88ed967a739f56d6f2be894dbecbc5ab91525d1bc49050fe0692fc
1787431070.995512 vent discovery/pairing handshake (vent powered) RSSI spike: -55.5
  -> 255 c0c0306d7101e010891c44e4677200211fb1d8c97818e70518faff223af3f3e13b17851dfdd59526a8ba7389aec9dd65bf9d666c58fb2a10602673e68eea55ead924b5cb107b3ba600826ed4f9ffec93af3c8aa0a379c84ee64c2a0ac9bf9f4b437ea6c85abc5e2310b5b211b4f08eedfdb6a11e82e682e5a31eb09db4f736375b5d513b600671374c6f7efc32a3dde5e5b68b3801d93530ab33b29acc8c2335a417fee4b58e5bae54c4a64b5485acc311663dd70e1d13f80eef6dcbabad4b21fa6d77fdad924bcc609b502fe97a7b2eeb3a4cafb5c2a2be1e092426e9957c195874c893cf3c88d51f5783012705bef26e5e86cffa93675782996c323fdae7
1787431070.995765 vent discovery/pairing handshake (vent powered) RSSI spike: -56.0
  -> 255 789f78c775248e70632560d6ba47196790f87604a1f5c42d15b68c982a6d20a3d3dcdc34d28b7bfa9bc5715a7411e33a646aaa89265d5bbbf85d57f52ee7a808a5535755e86e57a3ed7283ebcc50b6cfaaba5700d539e7beb7c123c47a2ff3e548360d70088235ff5b4a90318248752541aafcdb9242a0441c89680d116b194b1df36211a9ccc10f695f4054820aa1127c93fb7c19312cd8fa354731b4fdef14c10607f01d90b8658bb75fec2a4077ce7f9ff5e72846efe4361767d67ed07951f489141a7625dcdd4c4d4cff25e699ad4d239f758fdab27174615da54f8adc2c9150571358c09d2786a7abee7dee2ffb407fcb23235465ecaba7a29f6e4262
1787431070.996038 vent discovery/pairing handshake (vent powered) RSSI spike: -50.0
  -> 255 413d8c0cd22234414855eab8c6b3e73aa9cf6f47c538777a82882d97015981079851847a72c9aaec4765069966f2c2ff692880351bb2f47ce6fded33ec4bd483a26b56c478d86e38364fa8cc72c693e3613bdb52c0e138c14187daee08df800f83db2e8ce7be1cbca16089fe614c191541db225040b350827168a1caf5b18f5162e2c31b582632ec6da74e78084528ac96855662b2798a39a2862751882a6c0ffba0030d427d4ff2129e79bb73237f73745905b6533b5e2389f16ce30e14a3749f72e6e03005c164048d8eecfb6ce411f6dd21405080e8d642d2b1541d656b789eed1f48c15dbe9099a6d93c1ada99c8c78a774ddf276f85d0b79f5c2df61b
1787431070.9962828 vent discovery/pairing handshake (vent powered) RSSI spike: -49.5
  -> 255 6c2ffdde021cf6837442c957ba077a3cd286d07f6d004fb5768993a5558542f3243eb0893c5b356f3be11329ce40dad5c389a501c90cd8d04e1b112e9254ddc4500ed890e3633ae5914dd5d6b4d50f28a256981793a946b9fa00ba1f00c5ba4d673edf7bbac90c88a1d96ca728a21c0896460dac6809d821b3f1247d207d83e5e3d0d0d3b19ca355f91569b8b3d20f7e68171d529023aff28e595640213335f7ef5c09384b7fbb2ad87bacb4899c5b7583cf0ff6b88cb4e69d9383ba10f000e56671e715de85557830b63009391b9b884d3e5e7069a0f982ac4906166f8888df64a67877932396a7345fa511fd053c9db5ac6847ce50823f85e12cfeb081ca
1787431070.996602 vent discovery/pairing handshake (vent powered) RSSI spike: -48.0
  -> 255 b6f049013bf32a356c1b5eea6fa97482d495fb8d36220bdb5a293e2287bcdf367bf192885b58623b471a6844bea946ffa7e9ec32d6791d197d5b84aa9729dce98d07bdda0c2e25ef6625fabd285be43ca704c0b874e3e146c665a6875cf4efc551d107fb415f78e76f7718a3a7ea4badcaf5cef567c1dbe80e00ea31ef7e0ec26738be84e34f2115e6b7e092ccf99c9c2c0df3b4ffe1b72481cb619f10ebf74868612a264236f8a61f6b4f2f1711b0fd176683572ba579805ca522f00a519597b9ba77a910e34ff1b27ca3db9215dd9c33fc2c0c2ee97b1c2e53622c89e7baf629b4629b7f839dffddbb543e70d5ef7d0508a1727bd373fdab51a6eb969c0b
1787431070.9969192 vent discovery/pairing handshake (vent powered) RSSI spike: -56.0
  -> 255 7f54fbf2f0da624c54990b6f875c6b26eabcb3be5331b0f8e8ac4e5ebcbe0ae55b4ebf91f9028f32a07272e088304ab69c31fc1f263cd37c37f04ebb50cfc0013a611f3b658ae0a0cbdec7946ee3bd2d43b4b073cfcc41401f27634eefb315d81c086b17c31d9c43e0399882a92f6bf2f823d521bf322b0b719c0f3a026f45675cf8a0373163c946081eecfa9e5f144e611eb5c09a8eed38f5f37a3741ccd15e67a1f8dcb69ce5a0b7f497d255fc624af3b3f4c0647a60547c3c58a174bd9767824938d087d648c76b8462b2c3035f0f0bce10e80dc04471e7f5af6734153e0ecf5cc6de7b3af1893983cc4826b8ea2942f94bb3d75f92ea5a515811d39a69
1787431070.9972212 vent discovery/pairing handshake (vent powered) RSSI spike: -50.0
  -> 255 2ba1d0cfdcfa9b92b299bde2334ba3d038c71ecac2ec2d1660e6c17a093b4ee833aed224962a2491c06228483bab572cd0aee71934c9e0d94b2601132da6a97a8e0f30c1eb2d5fc17c05c711fcdb91745bfbee99636961b4129402077ec7d61dc8b25d575b782d59ff6f72efbc8b4f681ed816524a63e92c70ccda427057719d4c68fdf7b489dfd3bbbc406e8529637bc8d69b137488e5fa987ea34020e5c4fc46634dcd2e581196230c8559ea35f520e0583ea2270f003de0cd380b2c54461a9685f1a7a1155e8c78c176a8ce23bbd9341f910f804a1b7dceaba9da7038228afdf6f463f1e08f413cf9361f1910ae08079f418043a994a775ba8e15bfef6b
1787431070.997484 vent discovery/pairing handshake (vent powered) RSSI spike: -50.5
  -> 255 5bcebcb5f78cbdc9dc6962870149652e75fb01ec3980e844d7195ff786afd86ea589e6031da60ac815f221a3f3a99ec9afea0740715e98ab3c1c6aff4cbb8c2290a7faaf8618b7a5830ef5a2a2e6823ecfb344c797c8178cc984b2eac07dc861ea0532b691096d4b92b4da4be8effe8feebe23880f704249e2a1f23bf8228d70d521e1dcd34c26e0f3519eefb43c37672b74f1ffc07a5f0f98f3bbdc235d80e7fac3ff0f31c83d243b6943aca844b74dbaec75bd28c70e30af234c535b45b984b520f9b3e497ad67444ef4b1bf6ae4efff2104720feadeaa9505f1354d59107760aeca5dff33d3908bb61762684f40125b224ba42079105304eb94e28ddfab
1787431070.997754 vent discovery/pairing handshake (vent powered) RSSI spike: -50.5
  -> 255 82583da388cc3cd9f6ecc7192146b4fff6e35bf6f5ffed342ceb56e865f6b1f370bd13e1fa9035fa09df2e1647a7abff7e75eed8808e496afd31e9c5b7909820880839e24bc91b8254985ba835849a66f847715cfb34273ec098f2d82060152d45089e01e82e57f3687909938b910ebed076f2cbaf7d31de4b5f715b0014b6031016f322f792d970bd36fd27fb6b2a3eef3c74c05ad34a738d4d7ee14cea963b84236ce851b8cd8b1bfa82fe31c74cb9e039da03dbc557861f9581e9e900f2361c5f39bd53ca1aa4b863794b8d8b6010c317992206e72772c3cadf392e39999f2e425da18ca211db4470d650be7171de43b9c44c2621ea3a22bcc8e19b5368
1787431070.997979 vent discovery/pairing handshake (vent powered) RSSI spike: -55.5
  -> 255 4b78b3f5d17ccd4ceb21a4dbe0e281f2197e4cc98fddfb5d76d80625028850b96465ee90f33d2572fb69f3ab95e178bc3000467c79a82cdfb48f3a545a6866ec21a696d89eff4f6fc0299dc9ca37cfbc508f00e54cfacdcce8afec4ecbc736ff5a160174a479fdfaff8cf5179ba4ba68ec80a69a05bacc839f9d1190b688b9abef33c0fd12f4fb3aeeeffd1b518a34fe6de838b69a7b0c6fdcbb2beef36cb3d5e3d7a315939b15fc0c01856bfb833d15de296c85b26ef435bedba86f94631059e8da6892784a0061926fa07bffaae23da9ab41d9331cdd7bebae492f5679656d216ae7341ac1b49d1d4974fb624d7fbc0c79438d5864ff8e4a46ec088cdf60
1787431070.998237 vent discovery/pairing handshake (vent powered) RSSI spike: -61.0
  -> 255 78427ef6ca8346024739812dc4b861ec5a46341dbe72931fe14e437b3089d5fdf43b8e53838f9b8b40db3a993569511cd05d42faf5ca90509bdc05dab0e7df489e98f2d0af8689aa412ac79c004b12fb906d428c0fa3492fe9341c962e979d2dfc6a8924fad7ab002674f342e9baf2010a90d9c9e1ee1ab5a6f498d0f5e86cf8e7372a89b9952730e5bd687cc153ee88f1059cc06f724d3ea4a765c5dd3b9a502933264057b59326cc174f3cd95f8c39c023320ec177e69fe8ab4110fb1e0104fa273b847dbb04176704f71a7c53916c8f5e5abd70e38fc386f9efd86223f201a07a7d2cc3f645f47a19667abed905a9881a34480971ea57133061f38fe5d5
1787431070.998504 vent discovery/pairing handshake (vent powered) RSSI spike: -67.0
  -> 255 35d01d9befe2cb8a5c1081b4c3f267dffbc65c06e9904fb1b887e1221e63e57f16f219fcfa2e9b9769f0c983f3ea795a60fa87f71e46e25ece99bbc9bb91c4d7b4cf2019e7ea804937def9a579b016db0f003c697c2812cdb6fd64eae679aa462c53e9b3161c718e8851d75ce72a18ee39565904764bbbd215b808520651e38c6d4dcff34b22f4b908f873f01ba336059700583603cc1d306e448d844a143c8a1447f1ef93807fd45b8059db5c74e5aba7125b57fe3e16fe365ac7fe183f94eec8cd207bfccc23e408e80a85d08478709fb4b805597389092fdce856e9344957c1238f448f74e21262cf2ff31f131e4304a1305c98ac336d128d1ee047d1c1
1787431070.998713 vent discovery/pairing handshake (vent powered) RSSI spike: -55.5
  -> 255 94102fae36b1b122bdbd57cd86d0b86561391c2bb74b59d4d0eb59f60b451b5ff86162b6945dee129002273a280c49bf5f5f8f6eb1500da0dbdacc66256582e83df97fb1587b61aa71e60db3bf7833ba5e2af8198d696b9e5a63cdfb496d2b7d82e064cb9497f4b1c29eed2ebc8bc8ed9ce089713106fce4feeda89af052ee9d953117d385dc0f899410857ddd06fafdec0eb6f1a93dc717a3568ab5c6bd777206a6b92dcfeb796c992fa27e3f2c769d50f3ca23214ede6a87df99d5a6184e699b0fb6af229db32e13d9a7481d259a201ed78d938061df775e525234e5edfb8492f5c97a67f85611234257edb5f252a0fce4abff8458f00d7f15b837d3d49d
1787431070.998954 vent discovery/pairing handshake (vent powered) RSSI spike: -53.0
  -> 255 c70d2f2033a915aadad442173500b7ed59f7ad87affe4c8ae0b34f9ec9a1c8e7434b8462b5b328d0ac461b798e6ee3367119722b40604b5a67a840d65d01293f027145aeddd832d773c35b77f8cb59a630ec98bbf1e289026c871a9b908bb4005b36143ff9c00e4eb27fa25f4d2e88691cac655c1fab6ec0145717359a78488b11019d09a91071b186780c9d4f355b180f75de1920f50660f02c187c9523600e13bd5693ecda0121efb558ea3381f7c716cd47a9a165c66155a3913233725cb024d281128db601f2cdf5932faabbc459314ee804e7e72f2d878cba49667114a1d5c7eda9a417ca6f6d4809879d75ba89076faefb56b5a78a2e07c2ceac5c0d
1787431070.999209 vent discovery/pairing handshake (vent powered) RSSI spike: -68.5
  -> 255 c23fe8b273c89a071b8759f499428fa2c8125fa78cfedce0b12f33ff4de04d675ea080f10bfb64d8a92fd7d65505e40f0fef6b320f795db088d4d37e49bdd441c546e1afe5356dd6f5413cc05fd75adedaef9d8dc394a716d2e87af9a1d034c3530e7656137c9352ed700d370d3422c8dc80fc27359f864e645bd1c9a2322803254807fc7d90abbe025178430fa321a7ca1f0eaea11b54ffda19dcc71ac0fda29a3e5e178b2c39a02d67f58b2914f70deb31e4468198b3ead78bcde3caf52c368a27a44bb6c168af57ab1ef0d7eea83bd88eb9b0b39abf059c2a5dda94f86af1cfd2e07c4fe645d5b5ba650126825f233dee30b41cc6c157a9c44dc8f57d28
1787431070.9994519 vent discovery/pairing handshake (vent powered) RSSI spike: -49.0
  -> 255 0318fe510708ac06280ec4dbbb14f401b04c219a8ce10846e11239810acf0ff792af415d2e2e244d107105de03f13f43f920ff44eab6065127791312a6b85e12e8944d497814e5f381b28c75b3d9c230b3c8e60e090a3a1dced218f99fe4dc65651a76af0bd84a21eab68eab0f28d8f4c323a86e23c231f37e96e84fec525638a6f774488840c423efc21b3a3fcddd50c60d45e3237342c0f1e1d9c730643e89e0ee0903d3e2b87f9c354a40419f7087ceeeabb5911b5da7da1729f01b60f5fd0086e1432f1d25866450614771000d22226b0d4b4b479f852f0559643f544dbb5217482987b0588f45dc7c7f877408ecec70f9d42e716cd724d510c6b9f7e9
1787431070.9997041 vent discovery/pairing handshake (vent powered) RSSI spike: -55.5
  -> 255 4626aff308b9ccb730a96a27fd529cfa2cfee3382a73e181644f04541190faa6691d51e1c6f2f07427f5057c54ec38d27b0bb4198786fe5fba27000e2eaac23bfc4bfd3c80c07e629a06f4af6650d099150e127daf302767840a98d938969e9ad6d1b00b51fb73e946c96bd5d362aae41aa838ec725bd9c8c98ed317326975829dd569198c666205d4de0be433f61a307796a0c04715b7ff97ecfca4249304357fb727e8a066a39b033532c17d9a6f591740d55f1a0c06b5c92bb44c27c7609b15bc6ee4334d84cecb3c80a37f192584dad2e643a5480f05dd31f2ab80a488660004c5e2b436626595cc20ab0b47521df96142dcc64df3810db9f65d61692a
1787431070.9999738 vent discovery/pairing handshake (vent powered) RSSI spike: -54.0
  -> 255 8309a123b9d7e463e0e3073815a27ae8aac1abb34ea88ca36cb7621dcad711d21117529e17660061e49b4a816ace1f554225222d886219954fc0f467060a9179f20d3aa2ea14c8d8b6a9a58a459dd17bbe2051ed020045046111e2e37105c1fa064afb77a38476750dee749363c433ff90a3d433218bbbaf82e25f7061a4af44246c9b35e0e4169373471e2ba803f97b720e54e33774237f3c7aa790500ff5d9a0e3105924ce1f9c039ac19ed44af3040de1d7b7d263eeec1db991109e8166cdf768b38dfb8bab29983bf694edf0b1abed398b1e78ee43494bce3f064bbe223aa8450af9ab7b4c2ff57c6b7465a3630c23c5b631497d8fb61fab9d52eb2cd2
1787431071.000224 vent discovery/pairing handshake (vent powered) RSSI spike: -51.0
  -> 255 f6393ea84411816f4e9f3dd95368a81e6095742bc97099fd7050264e661f3b241e907d3e4130a137107156e20564cfe3aa9911fa8f2e022d16eabe6847f6fb770d7c34abd771ce705243051a7a3a806e5b3c38627b7d3a37d9315be61f2e8b43fc10832539e98426bce7d9100222c1f3f5ee5c10ac528233ba30cf596c6c5bc1fdf727228651ebdef8ebb717bfb9ac2d8e2715fafe3e94045b17e56b4e098cccd5b1c40f895162ed091dacdb43622346d4494ce8ed0450c4b19038e9b7ca4e82ccb4d435a583c6c68791c8cac3b5441a2fd3f8f0388e99f08ed145484d97044cd88a3438466fa8d75431cd3e1e5f0246034a61725ac60307e69a3dada5f890
1787431071.000461 vent discovery/pairing handshake (vent powered) RSSI spike: -50.5
  -> 255 05cb30759b815fa358488132b700b509306e14de91a8291f60275f7b0c62615ac03bd6b811a67c69caf9a5bbf5be5e1c9f7c06a42085475887f4864876a9cbdec821c409264ff9e2b85f3e2ed97610f1e29d5d7abce86cc48e8a23d2d685ab2344e93aa031d0e903348273d383269566fb09db24d020f241a2f677e7380ecd0c51f222c7bbaa7e98ec0cbfb38b646ae7c7edd11d71ec10c9643ae08d7c24091288ee71e59927710394dd00ee920feb501cf424611c45ac67bd3bb62c692855a1497959146776cd6a5ae60d9565f7b270f8e7dff46b7253bb400f304d3940c053024e9079e5cb4b17dd310581d2d0101951cb0d2328a300e16b5148616a18f9
1787431071.000702 vent discovery/pairing handshake (vent powered) RSSI spike: -47.5
  -> 255 2cf3793d5c1470027ed7d564b7f974b76419c0dd555bd2f0dbf91e5bf05cde13aa4900e071829d048d76d0d1549254b329e89106cf1ef702130555a704903d10878c6113a20f58ae6fa0d629f26c07fcf8379f71e1f3356a690b9292dd85036cf897e3906da9dad5dab23998b3684f1a832af55e5418583d826c9b1eada58ac1824068297609a805b154e4cccb1ecd85d6f53e9d860191c9dd48c7216b5e067f8bd5af7497a0e5ed62ee04a1cfb9d726bf7fdb045103b5e703b8a42ae7d71c804e55109d33b71b016f572b6874666865022df36dd03f7446ba47d6e36b9e316b9ed3ca0e4c3bef00ca4dbdb142d375b3536f277131815591ec18955d2fbbd7
1787431071.000981 vent discovery/pairing handshake (vent powered) RSSI spike: -50.0
  -> 255 704fb7ab1ff78aae4249adafc2b9b47439668b22f24fe34a1b0715e4793f3bb668613ba51f792b6f41962407fbc66ca09d82f870959ea8b28f983fefbc50f7d72de6306fd06cf6ffe636c6601dd4b160fd80ac79c739864459f46cf5f560659b62b27b45d9380e6782f89d1a6e6316a7f35125078171ca3103a020a2f5fbaf476d7e65c0c46c838fdd3d2333839f0fe506f62b30e02a7bd0a067ba864a43cac9e79afb818e7ca530160a58e113d53c1c9e0d20f803bec65fd9e4992cea60b2cb37a099aaa3eaba3f9033ce6ba48a292bebc737d9e433e2d26bd0e7c8563e7fcd4aa71c76108714f719e1eab8685bcde23cc21a501960148038f5a320f04df6
1787431071.00125 vent discovery/pairing handshake (vent powered) RSSI spike: -57.0
  -> 255 5f09a56e96455d2adcc2eaf1f81614533ce095925bfe5d0d7feeae521dd03b73facb0da6b0b95d1d9a3150146e08250df0d8d200ce1fc3aa1f5bd00daf4462fd5a3fc3cabeec80408a68ea5434a69cf7f67a30c00ec9dac5e9f72a5a0a6cce962bce12a862408168d2a80a6e9e5e7f4813af217fc04ef7d1094f93906686908bce61a71faddfdd41e0477105c7c14572ddf91f3abe200cb8593b081d4b7d404e9d7f1a4278b07070df8a0c41a77ec45f913ba3a266f730aab8b5eada032ff6a7cdf587818cf2ec020fd9ae269df4fefdac632aeae46d6d5d19a821048762068f7088eb86785b6a7db87e1e021be2b13a83951f3fca5bab8335817214d69fca
1787431071.0015411 vent discovery/pairing handshake (vent powered) RSSI spike: -55.0
  -> 255 1b8c0145abe0c9c2a1f8098e68decabbcded7058ba1acca5bb0eb4cd88b50a622008b30950816097e26088441b0438914f7188b5a1a9d8eb4f966cc5ddb7dc79d4a919590fa39d45fb5dadd4111b0c85d62af11e4bbd4df94100396606b05b9928cb15b1ea73795bc02f4cc8511267ba70f3701285011fddf587544d233c43cc68243b5c56d3d8a0c8fd46c90c5c2f19483ec87f310b151c65fde53374024792cfaf8ccd843667cd421e9110e6c3cf91ed9ef238e8f844d648f73076fc75afc186e824256b63eb20bd45ef6a5ac422fa601b7f0408fe1ab172304b2d3c8d57c8a89ddc2cb337ae1c6d60a8d2266d0b801000f6f97c49b03581669e774b4aa8
1787431071.00177 vent discovery/pairing handshake (vent powered) RSSI spike: -48.5
  -> 255 23f9c795500838de272e9c0b367dd969cd2516086e43ca2a241723cfc9e7026ce438812252527386029d61d0a434dd5789e2567f382e3399e5b777ee02df35fc70587f252da4a07a529de47d45531075091585ce5e8ab7151f48b07f758ce85747d8fe298fcd1bb0dd86c76b615dd8ea402185e862fe3f3907591d991da49050fe247fb2e738818a0bbebc760de8ad185c410e1b69c074a3a6277f5daaa295b91726da3189c7472273dbfd6c60dc16a72823dda5178523efa888c6ac87b7a8afd8c0f7b6f14ea4bfa8b74ad8922ec06602774faf4eb1db78a5abb941b43d8677914d41c07f06ec2df143ba2c7cf246040bea535723238d0f9ad77c77c9cf2a
1787431071.002045 vent discovery/pairing handshake (vent powered) RSSI spike: -55.5
  -> 255 059b6919063324f9154062350a7819fa6d50801d17e8649a56c8cdf800ebe1e1dd2571e12ebd915194212a984de6eed0aabcc1a72cbcef4ba1dfe4c5ac4e8381a825eb53fa783647b68e9a150055b1159e48a97350059df8ee5aae1b7a7d635226f7a8a9e2cba9f3f988f6c0e465799e311598070d2b4ee7d1c8715291277a7fa2d1b0ab279784f7e37f77f5740f7d11f8bc6864e43f66960111bdf32bb5d2600e3b2b51730c0986c987fe9da04a232c54ac68aef5397ddfdeb78e5329403a5bb245fc4aee147d1a9bbb0cdee40704ecbfd74ad63ca0176f42c0078e3f3e0cfb6438268ab32be795dcf2e865061a657daeca6dea7a9b926ea7e3e1b67e2f32
1787431071.0023282 vent discovery/pairing handshake (vent powered) RSSI spike: -50.0
  -> 255 fdde30ad12247b596c61f00d54844ecffea04c6ecef1feb529e69dec22ae5b45c3b20d470b77533a724f4e05049afc624bc2fa0d5f8e2f049f1fe7ec4511669b3f4e33a79f04d3a24b415e94cff7d4fb77dc1688087eb7623663e1301381fb5afb8b64063bb3fe9a05067801194ee750e1d8836967139b4e9766feadda3f3d96dbcfc330efc703946ed22108b6850a81d74ff153fd7239b373193759ad1ef9daefd7d6ee67386cd12eb610ca7af1de8ee0566cdd838f9e0c6468181b91fd2f5c79afd73a7415ae1032138061914ac14c2d93a10914a9b007117a85ee3ec01f8ec9ea5ce870de8d85a0d5c1599bb34bd43d3d2b998305324f00870e0a3c6fd8
1787431071.002601 vent discovery/pairing handshake (vent powered) RSSI spike: -48.0
  -> 255 b36ea4a7ad420758412a0d973b44c95736f945584e8be35f0742e6a2e9079654059e93c16fbea7d156158b85fa01f220786eb09648d2a0cc59ff63b9f0e93fd73f0b48876c9c3ae51454232d64f5ef1c5b14b663265d22689b04d92b459f8e24a301789eb0a0013b5fa29e9e0d6f83f0000d83506bbf44c2f0d78850a4dd485da203ec0269b21c452dd7d5dafa7b06ed47d45f7d468a15df0229a06d3108a6bdcf0cf6d3b03f7c1e1269fc0db44d541d4772a964e9a9e82b2c153b225e6c438aa01859cf2ffead89ed275087698c75a6b4215b9bc776ca939f5e3caef9da4b37350c0041ba1b2dce311d6022b04bc5656db8ac9e5371610efda0329521dac5
1787431071.0028758 vent discovery/pairing handshake (vent powered) RSSI spike: -49.5
  -> 255 e7224992f4f469bfb2192e2b598b645ab7d8bd6d39eacf4d762cefa2c5ad4ea206b8cd51d2373bf353ea4368934a3419e9b9928e73e540b01a8fce93b412faa3eaaa853447170b5627a77beb1058bf9c5dece58687a8c109036986bd96785e3cfdbb9113ef247b0e6e838bf665cee2c38bfc7fff2e28fa18d27c71cefeb3024be35045212e0114bf84db521e2e7bbb85ee882e4a14e777e78bea635b4295e794047e5e7a981faddb430fc998057be1f6b515f062375f5ce324678fcf90574f4c8dab1033e23c6dd62074483f20c3a258ef8416c111d0244564502e093bf5bdc3b31269bec75f686e1ee7a220c96599e7dae7d73dda410ce5e3b98404b69641
1787431071.003171 vent discovery/pairing handshake (vent powered) RSSI spike: -50.5
  -> 255 5eef3a5877cb508d977898ac4e5c5d08cddd80ff26e9c1de6f083b570be50cee52877f939319520de27e20b22f464f231e883c068d8a273e9a8c0c922cf9462670a8f0f8b371a5397d01f9bfda810698d278f87bc4c260af7a35a7ad441ef843b59005ad72a2db74feea4b2c3c7ec4833101cdcbfc4d1fd695841ee0ac4037f1d8755ee49c9ac94ecd8b8c3a58a22fcb870716b5d2a651e5e7446306b3cd1be8d7d724c0afe2e399267c6f35f7b5fe4003e60540503011d6c481952b92518877c6b2a0466f1a7301740386a5ea31ddf3728b63e3284fa13c4d2294d886897a09e89f8eeb85f9d45877d760762e738123f7db0a045ba2d91a99c03e32fdb4b7
1787431071.003477 vent discovery/pairing handshake (vent powered) RSSI spike: -48.0
  -> 255 4ecacfc17c4a2504c69e8bbd001700cde70d6eb77f2c008c1129fb7f87e7b47b835c25694d59254e1ad75321d7be2728eac57ec5815791dd92f871d93e49c74412190f83b5cc8830edccf1360cbd5fdab2baf71dc02c6987953f80681e2c300ff8f91c46cd260a69843bb08bf59622ddc5c4df49a8a9b976844b7dfd264b30978b6a9e49541d22a704e0dedbb2db6335bdce440f3393eb8d2e6034513188c746210bce5eaa107b292661cec494fa3588fc245a7170921fa714df17f279b40e1b558c92a13e999f71223d2957bc3ecaf95dac75f13589fc61337a26c6b18315924a5829cd4e276e48fec1c259f5dd9a2438e2df2860fd55d57dae20dda913fc
1787431071.003728 vent discovery/pairing handshake (vent powered) RSSI spike: -50.0
  -> 255 324cc16c72c4482362e83063afe8ff9ca7eb0dafedf3066bf30b0918f355f197180311c1947b2f9f42be48df6edc537d6b33965755b4106efbe42ba88c4e5ef0b427268e9e2db45c8844a1ab1e7594d91dff179b4a0e562ad3ab0d73b07ca17668a03594ba4341e041086dbed5b633b941dc72e094dae5027ffd9e8cbab12105782b2e93b4e4e7716cdf0aa0534387631ee9023278ed966d200adf67b9e1ec31d688d2d1edf6c1ed6e6d5a3ef4e9cff29baa2b1695014073ddefe2edeb975b5d9bb121662eb82ecf3c6f64cdf249973855685a3deb8ba17adc67d9b61ec5e8c13b652d9297bed5c3b89ee76a3a53b22fc7c655aeb82ef7df725078cd6efecb
1787431071.0040379 vent discovery/pairing handshake (vent powered) RSSI spike: -53.5
  -> 255 095817020e9ac14745407a6407401bc3b3e26c7bce0b64e34e9e377cae46bc86d25abbf169d898a4b95fc9621b341c7b7d40230668fe1801c1ac64b80e7f23379a27b1f4bac5404e479a62a22f6b98984eef61e3b5c74932bad2fe0766c0da8834dce4d5ccc65c61b8125e890029e1bd112db182bf21853c11337c74c51a1df47ba8da634d5690720e757c444b94470c908b9e9466c9d9250610f9e68314d3ae55f7ff7296573a8221121bdf3f4d90fb57b90e2fc0e05368fa28c83647a9c26606a027f68285cf8e709f078f46ba7a8cf2ecbd69886af26065e9d707cfd318816e3f9a8d08f9096d17d81199da9d86bd48eca8e4af9acb8e4bfd8011810e03
1787431071.011758 vent discovery/pairing handshake (vent powered) RSSI spike: -46.5
  -> 255 19d216539c497da9a56492ca2d8b463744238a2b3116349b60d9ca6f971fe5736413640ed8eb1be57f1f7862ffc9bba25a6f800e9296e5cf3ebe598f2e35c71a0bb9f910f4e7d355b0c0e231545e51709c008673059a9dc2bc63a906f6434a036e723db6e5cd6b65e79fead8a060c6df9480bcc4af0e582bc7510756985ed7a3194df3f3e47bcc6987093d708542574e96f8b4ef3e61eeacff02c00bc1c370b3f0e366a58f4d333bda599d5b4ceb244e94588237a001727db22c057f47ff2f417f2b4fc0ec3183bcdb6bf172ab74e23fd42aa57dc483f07aa17150d3323e1e75581784ae72f3ae63eb402b280b7c2cdc3d60fc3c35f7d95828cb32f9468856
1787431071.012047 vent discovery/pairing handshake (vent powered) RSSI spike: -45.5
  -> 255 755f028b7256c33e6f40f50cb1d2bf2af7c9ab420a40cdae4106fe777efab1171012235cc579ddbb9a3d819a15b8d65de522684b25f3443e6774d03fbca971adb88c54539db222c28029ce81858e4710eaff6ccf3f45a7037f985efced2f43bb22a8dbfd5a3b0435642dc388258710efaed0867ecf3297970be3eba060574765d9600393df0a38be5f193571693de402dd2173392560196d00f5fdd706794e83ab24d2e43ceb04e7a599e7944921fb48368dd648ef3aeff54e6eab4bb438083dbd6b7c5c1fb7cab2f0a1b53cde5f894cd13862d0747f66e412cf239a8cf85c06271498cff0f69dec3ac091ac4f608fdbb79fd18e7d45684b21c44a19a8de76
1787431071.012352 vent discovery/pairing handshake (vent powered) RSSI spike: -45.0
  -> 255 16a98fba3c308ed2eb46f8425e2f1581ccb33143d61215bc4d6974e3d44b5227c97b4e88194c3dd1cc1f8aeeaa4830e1046177c65f22b4333f7c1fc226e6fc26102b81b3079e830355920f34bffb422ba75ca25f9aa3ce0f94e931feaf02d2fb0f8ae7ab4d350e601533b46fd39f30cf85da871cf9e2ebb3c2b752a70ac1cf2de0cdc56ef22f6466127ca4e19fecf29c6f0f673f1a1cfc29a2c8e0ac4cf68c327ac04662f1d832a6de821d971c759c9a9a4683e2c2e394f3edcc99e33addb440813f910a4d0fc65be73df3f19cbead340af356b38e395e4467259963870ee0a57c7924ff5c6146c4325d2212b07a26eef304ec3624a8d3b12880c35687cfca
1787431071.012618 vent discovery/pairing handshake (vent powered) RSSI spike: -45.5
  -> 255 e908ee0656d3c4c364adeec54572de8594de45f58e6349be6e57a1e73296baa0bab1b0606436defb76eaf1d818083de46283257672e8937970a5d05fb97c4c515d25f4fbe6c370953e3a2b66dadc3827305e1b6229f8e5d123937151beb83cceb5e28751402192f455927ddb935c3bd09838273ba780b4c6b7a546917b997f01063e03245e36447a29035f7b3c2a9d58265f9746f50651ff5c78cfaf1434d855398e5c4acd644a296e6ea0ee889589ddd76010f1c29ed56608dfc9128b9a09599087f69e365cf2b34b8c6b8890aa0aa23d86c37732549643d38fe00e2786ed172cd2b33d3ff9e761a65ca95b13b7c14e6908c7545c30d7c453864320ba9da6
1787431071.0128589 vent discovery/pairing handshake (vent powered) RSSI spike: -45.0
  -> 255 0bbb056756ad5b89877b936061f26a1049bc066024324e5e8b15d237d2ccf3e0be8e91951555ceb7ac4a89145df8d56d9d559cb367cb1e82b3134123f93ccf9366f3cf984d5f74695c85a05448ef440228612edbd48e9d8892df930cc02490c4c265e143d643aa4fe258351a0ae32788c8f10700410a0034ede85f025634a1ede696da7c463ec3f2c962c1a9337c0a65aa81ab591719f65237508cad8b61cc85ca3bc02eedd41768b39dd5753091377a5a804478229c166bdac1ee6ce5fc32d5eb2a1a622260cc32ecc1abdb27a6e29982a42a3f03cc094d853130c5b12d38ad8ec040b00e54c838085a6a4748b434f3ff02000f80c6c865e029aa4d6b2de9
1787431071.013101 vent discovery/pairing handshake (vent powered) RSSI spike: -45.0
  -> 255 e2b3adc8a4cee50b15fcc63de0c581bb1c22868ed0a7cc2060e541111491c750432aae996201a71d5e7171d6f90deb328d609fa7e47ad7be64338f5c190413f481a1efb6d634085e545504c0656d121fe1179b0712a5fd1ce3b4a328fa5e9d42f88de015de602694bb5d968b2c14f0bc84c50d05f292bc95d3ab7c3238e3d0115dae66d93964583dd76c833027d58e77fe88e857501de0aef82cb56e1868d6514b1ed9f0a880548436e19c85f4cd051ca3fcfa0c8d731de72466b262a702267e04299aae5eed3c4a3b956967ac08b02326c5799c7c1cdc8a8bec3486b77b0630959ca1380025b75955fe59d1c59fc0ed5cf54accdf374fe2d8005e1a2d44c2
1787431071.013391 vent discovery/pairing handshake (vent powered) RSSI spike: -45.0
  -> 255 ac87f086778850b9d7008a30b8f0f1c76905482842dbb54d41195c24c8c7ef8a758953ddc5ea2ff285ae263e73a0154c5d4cbe7fd668f93ca66b9681574724e284c79b213e7a5f94a2e08a8bf1f584cc5b769c1ea06a24070eb6a4fc39de0c3129f5007c7040881003ad6352a5c70c308521a8a68e9fe93e9a2dd7cd76af76612fce65f30ddb7abaf514b7a5aa3785587850d4291b76a832dd1d1be2f52a5b715e31a98bf8634b19d8ace9177d24e4bca02093703135ef1438308e867b99a28f0e4023cd156c07b94eb93346b49b8adab6843af114924a5dfc23c646b1244e96bc3088134f67f9d3854a5894a3c44f1d68fdc9a8c76dbc7f15ddbca6f6930d
1787431071.0137558 vent discovery/pairing handshake (vent powered) RSSI spike: -45.0
  -> 255 f585a824670de4c1da0a0df279a1a9f6da15ca9f8149dc601824f1c9457aa5c7d52301a02ff496e8445a9f3b2c9c5f20a48502f682908008d513166d2a6ee862d54f7ff4715a4b3926e73a9ac982376a50bc4a78b2957bc23e92fc3b5bd7eca06ffa4eee2e8bbea2436ccc9cc1290e48c0f3ba384965bd325c61f8f5121203a8db9c1638d1eec825cb6e88a082304fae622cc525e4ffcb3028f3430a0af6fdcd770c61ad7828534937f824bfba1ff6efabc2f81f6f7cb1cdd701f1b00a8ee6ed330e8062e3db51c766be7815e9a91d30299b9b687c1a6695393986a9e83a47a7a5e21d7eb04cd8c60a4201173a73c74ea4a891b9dbc370e3f35cc0167dbc62
1787431071.014071 vent discovery/pairing handshake (vent powered) RSSI spike: -45.5
  -> 255 3cf6a37f3fd5184deee3f05b47e2eadde4447f4b7767b15643ca69615320c9b49817f04512b760aa537fcfffb0e5da28ee9c60e9f99784dd9afaba957bf6e1204dfbd03bbabc438e360479f46eac73be064d997407d81abd0cff8db54f47c2ac61bd27f689c2e11274940758561f7ddcebefb70a239d38aa6c2471ff18ffc49f94dd8b4dba24756d8542538ceb7e119dd33277cfe270179fbae76a4970cc4af3dfddffbd7d8221ccf1760f77ff065f8b3769a632b113462a688291a9d98d9adb41212e43607d88a5c26022be859158e6112f01c59e6e9faf34c8bb74d663adc0b0e3d9d52309faccbab68bb03b6f284318e8707b15f47f0fd8dcbaadca2294
1787431071.01436 vent discovery/pairing handshake (vent powered) RSSI spike: -45.0
  -> 255 ff2ea819ba8cf6ab08748cf53b5a0fbb966fa9d1631ed512cffb62bc9b7909207965c1e6f32b7fa8bb9f6c1903dd86fb4bb21c69ceddae4317f409a0b73f47a45f4ee3d4868a9def3270a20d3a5d0cfb706cff3b61378c0a0c024010656848ece9b132af8cf4e7feeb43231de0a4bfcc08d2dcdc8096cb03db9f9d1ad021202e88ce5fc3810f762b1e65a1bed07acd627ee38d953da61150b0f33340387d2e0b8a91bdeaf6ae07d6040e6c35cd23b5635c20495ad868a025ed63ba8fabef9127fb93d213be1b062da49e28ccefecad91cae3938a2f967865ecf17d0467cfdab0c237ba1b10c043c32db32b666d41edeb89f717e008a19ba8e4fa99ef6b51db
1787431071.014637 vent discovery/pairing handshake (vent powered) RSSI spike: -45.0
  -> 255 af9986786d87a3dab4e628beff39548fefb34e07b0857d4c97014199835d8f6f612df893eb27286ea4cd5b17838c06b7d9cd6ebb89e49ddb09c461e733d5328e4b0e380b935bf2d60beda47c7828f0b5d5fbe8f123111c34b19ef54dbb9654265c2193934b476cda7121b70673f0148a5f952714bc8f6db3e090652b0f44a7612b82860ed53e8ef8b1a7476af853c155efc65f0152a1e911cb92aaf4cf0b64fbb15ed0125a5d79370b5b3e01b9442f0f14cf5374e8f205016122ec4d617c9907a172aaee1427a8dd9a213289d5a1dcc0577c234694c1eb35d4386747aae13f4d6bf37f40cd4ba20bd22c0fa1502dbe18a395178c1a0e2124b39d7990a17c1a
1787431071.01489 vent discovery/pairing handshake (vent powered) RSSI spike: -45.0
  -> 255 4a3a57556b2f71aa2ad5b85532f125a0110b2d3bb0fe37503e9cbdbad0ac1fd3719f9b8e1955d0dafd6065ffe45f85ea9f006df75d11a48c66c381cb05525e2d7a89618a1068aed9a219df88362651f0fb52bc413ed6238c31c8b16dfcc7d9ff5a3e5946e077ab3d05f17e28bdf54354f513087edc75740d8fac6820e375b150e8485152ee48ab76c88fc1b8a2ed4bb01a565050ab4f30174f3baf5beb1f1000deaed16158524356e973f8287ed388851e6276b102daf5bb33d6d43f4d5ed92700b8f6d16df23108bba25dfedf4ec7d0a56dc5d70bb9ec847a8b9a0b58a4ca499cf250afe97c0724423a6b36c012025d8148ebda8596a879db81a8d830b4c3
1787431071.0151849 vent discovery/pairing handshake (vent powered) RSSI spike: -45.0
  -> 255 371b830a818a57471d7590fc546f279a4f4d08c4d3eb50babd1af22c7cdd7afc1ac646f2cf6cc73757e6d86d889d598a7bc8e2841f79492ef34962957e13e5cc0e7c70130ca30f801a0fd5d804db0b7353cc29992e6538f7649ad9f89f723460065b1317038ca45eb2cba6d18891fb11828be9637516da044650ece609c1dd3c5c32381a19097fd0189f0a74e2ada8e27a491326f4034c55203fed27d26cf848f070864ac0f77601fb8a60862522e4b259ab5b1a90119cb4e371732e619ed9a791325e5af4f45a90cd6dfa3a0db196ddbe47203b8518208d4eb5151294bb39e0ab812822ef769ad4774d520867a15106904948e7e9e8993e10bd27b291a67f
1787431071.015456 vent discovery/pairing handshake (vent powered) RSSI spike: -45.0
  -> 255 68c7ef6f461ba1ae23b7420e34d1a6a870559e30ae8fab8cf6dec7ef3c05d9fa77f491dd5261182f2db205138a1a33b933c8a724421d6784c16e51f4852504afc8296a5dd1e26d1051fcb73c35c64cb194046b6b3300388a3fc8e6c22899e18b730ba91d71e9e883bbda241e46785b992b5d65283e81988078c74c99675ee0535c260518e2672785a2526336cc1d6d53e57938e71d1f739976c5c18d984073eb3a7ed33d9162a1587343f149eb3ee39a3587148bff8438d01ab9ab8bbe63e346c17f76410e998f65bab3bde5bf58de956f5da0a867fd43aa4c04d64cf9ee4f5fb67acdf2d207235f8511da9d450ea59d06dc35d8b0c9b15d8f97a4ea09a79f
1787431071.0156999 vent discovery/pairing handshake (vent powered) RSSI spike: -45.0
  -> 255 78458947b600363a1103cca1c1aea326f9707cfd050e38d501eb4901bee52df016c9d7ae85685dfb1a58dc75e22099567f8be04457cfb11c52563dbbad9d65807508a0ece071b9a74cd3f8e500b4c29e59f2b8a9f2c976f8d9a3b00b301cb313789d357a4e3716bf7eb62cbf1cb95613ea27e161f0344d7cdf5e25842e165753af8c0694fab8745454f1848b27cf8ab1073567d78a9d22ee1d5c721db4c3c997cd4c0fcbaa858072b919b8c18f51ce0b031181603ea7d3c573fe224d97331f5c193e8f9a40a22ee3107d1f8e82591a7484afe8a5f09601a39a2d3c4ea2f1c5479c26020ed47fae414fe80c41d55ea99370d6f50fdf08cdc373ad49b0e83da0
1787431071.015954 vent discovery/pairing handshake (vent powered) RSSI spike: -45.5
  -> 255 8eafda435f2bbc00314476b1d98b98637dbb29719d4e16b78770f8bd214a0ff7584818369f0aceeb70b41ee95cb76ef1c968882b46f6d66d85f85d9b8004539e32dd34011b68cc315d30663316ccb80ae8ef3623614a927982d2f9245a969c915c8339a1b44999823dd0d97b43ad7265aab406e03b67b43e7f5bdb56dd16388f2a0072291f82f8f4f13ef7af3c7f4c2a77a8d962f9687901e3852736276c8bd4eee5132f35ed7d7291edd09c5d1b6be630dd492302a507bf85f6f476d24f3562c2730e722790fb7e2167be8ce9f3b804be4c8b96f0b0e0e093e708595449a10a8b2d33097251c984daa45b0d170bd9ffdf4bb3a8fe2ef314c38b8c51fdad6f
1787431071.016206 vent discovery/pairing handshake (vent powered) RSSI spike: -45.0
  -> 255 2aabf56c312f8ac72b5b18ce53990f30d86117bb9aa543e8de6c55e0d70de05c482b8ca4deb7f38104ad951ead6ecd034f3d57381632387d6e76750cd39b50fe0beb173774f22b9ba29af30d753eac52a7f25b8f04fe9dadc9f532529fa9960803090d492e2eb1d1a777a0652d7cdd870707805998381e14e708d1c2741cd1f7248719aa4c7c7b67c3de8ea123803929f6b1399e50b8279d9faa14493c604ff16a3c87a035f613d8529ea94b36cdb2f008165bc163346f65e8837b08605307eae03b2bde63789fab11f830920fbcd94bb2a719aeacededf1e03335f723c2dab3f909c48016eb086afc456ae78921ddc6a7a5a50aa2c54e419aaa8abacc2a1e
1787431071.0164402 vent discovery/pairing handshake (vent powered) RSSI spike: -45.5
  -> 255 6d513cb9404347df09f461acc5cb80baae36979c29b582dc8cf9bd9fc7ef91a845f43896ec038af643ba5dda3f51787a28fe6693c80fd49ccace3b8c25b87c00ad0f0b3ec87b5d6de8f115aa1d1ba21bc09a40d286aba8877052110c7e3437974b7766b09f11e95f8f1e41af7f570dc8229441841986beffbfa8352b7719ea9e51ac3096d2b6c18b1dd660b97fdaa250121b5f3fee2ea35ff7f47c26b8d56db44b856c268b79eb478140be0b0742bce5006e11d883a6547088bd8258ffffebd8da820e4279fe02ab6103c0d58ae17229a8054527dacac073a3095c091bc59ba0a2db62f3f40074748d9164c872b53cd49d6c96c06171c0221c36aa1c79c854
1787431071.016694 vent discovery/pairing handshake (vent powered) RSSI spike: -45.5
  -> 255 b3cbb69586d24cfbbffa3026c0c00833a2def787ac15d516e9d20ab8f77a521b15460f24b43b4d5138ee02a3c59b5a061df32e8f00fcfb8a4595a7b2493965be41da63f6c8f2b30b17269c98d21ff83e39f957b7b38b949ac80d4b940c834b58444579ce377df8fc9f41e817f680459fea1ae30fa8525851a1e0b38261caae16ae7d98aa276be2142a2d58ff91a95f3cabf6e4d52452807e8070b29c2ac6b17e7ef2bfd816596d8f97a973a145913c6f07eb0b3a2ff78902cc0767fde3ac9beded6f10fb3bd4576cc099fa044472fcb1571c116affd8910c2fa585debb3c8f5110c253e18ef1ad999f61a29cf19b4e07996bf1a4220673ad6ee8d1947095fc
1787431071.0169501 vent discovery/pairing handshake (vent powered) RSSI spike: -45.0
  -> 255 29769e431b6931352a16b8b9ea8b8e50ff623e7df7caac15a6df21e332e6b47749d33827c6dab25e0bd190b14782f21d8087f781ee61d8fae1b4770be3a7da0a965f119b501ec411b4d902620f747163cd8a962f68361d919eb84f3ca85504a7b26ed88d458a51ed516b20d89015af4ee145fd9d4ddca78ffd5f7d20b876238dfe4ff5000b4a550bdef0fceb02b6802baa35bafe625afc6bc49bc67e6a59d0bedad84501305dec4bc68aa54e6a863f7835d30ff07c672de1d046135876b42e3da98e14c6c119f95b5ac850cffed0ca231b07dc17e3edfe4ea261fb9000d2864057c3f74e68b58b591c385f1aa727a6d954792caa3fd8fff417fbded7e7ad53
1787431071.017223 vent discovery/pairing handshake (vent powered) RSSI spike: -45.0
  -> 255 4a98508727ded2b8258286a3a5e83664ab6f481ebe04bf32adba46bd9d8e0fe1a7f08587c696c0c4c3d2213057687cd39739b539000fbbfce43eaf195923c4a5ad93e0d43bbb2eb77940a22730ae969f2d2437963cd43c13cfc37b1070540185113568ddea9af8f21ad8f639ded7c75d47ceaff6ae5abfe83c03a85abc26fdde88f9bd969ec312ebeb7097cd9b5323c7ded56b1e6daedce854ebbbf89136c175175d64ff7af63cfbd9ae5912565ae8bec95e4766d01a6e238de2aed1b55795ac73979680a9a544464fad255f3bf4b7664ea9c7ae87dd2c6672c14d9b68a44d5c7c7780644ffa77a5a40bc3d648d81561270fe34c6e924d090ab57aab686018
1787431071.017476 vent discovery/pairing handshake (vent powered) RSSI spike: -45.0
  -> 255 f0e7318f819407132910811566ca7602b81bb6be0b246ddfe8cb59be3da39d5c42ba532223adaec04c64437c6281daff35016383d0ffb9097c4926fb5653323cb01aeeef6f9847f213fd1e7791be22c1d28ab40c2eb9ed64789f0f32af9c866b0b1cce31342b3866f6fd3b725c2c6f6d021b87b740b19aef3383522a2416fa51d9d4ad27fa3ef8a2d0214c031f708a1a8017cb127555f8f5b9b3150fbd524380ca8d4251a31e7c49c932cd9aed766fff4805f1e6a90861bcb4ad071e0b693da34c397b6b9f1e306291735c4086f3d76bc1e0f5d35ee9c5e921804d548e619886d2e3a7a8ecd011fc439838d7aafe679d6300ff50782ddb28bb554a7c9bddb0
1787431071.017766 vent discovery/pairing handshake (vent powered) RSSI spike: -45.5
  -> 255 1ed3a8b04855f23885e7f630b47862168cc27c956da2d0b4115eef8a68be82837ff01b3bdde3c63c5d193814effe32354e32ceeaf48f041da79f8c70583e0cb3af1b63582e6b1678ff4baf20279c4ec13f2f170ab0a998e8d891ba4fba6da1322e9a21c8bfeed4807e89e3222b3dffa5a57b6b609e1ac9bf4b6d945f34dfef27f409b00533766a10426f021cb3b28a4691c7ec478a506db2c9d0c11e3160ea502be27acd0c25fb8f05383b9a0b975305bf25b006313e8e461cf0b7390c24173bd6eab476b606dde122fee077b2c17d84ce286d37dd8120c5e66548d9720bf1d13d0f77998213a39136c69494c6d129aab54603a4e912a51ee062f63e09c039
1787431071.018044 vent discovery/pairing handshake (vent powered) RSSI spike: -45.5
  -> 255 3097ca7318f053c9679bb6fc7820b2d71d4e36bb866e9a7b5172a88006faf7358270195e64fc400a45de8236338e886f602dccbc11d13d24c1e70a273523c41b96ab3c781201a50f0b235df83182dd744c7546237fb29cf85366e60bf99a7e4e1dafb9daf6e3bf853eac9cc0f968142a1d780c35290344b0cb7416e3d59a09ba59214fc3d28952612a97a1383bcf759a55ebdb6c797038666083b78283baf8b40e2e34bd6e1b365fb4100d84f808c799f3a03647b9bfb781946f411c0c24363d145ff0986acaa39854d96ed9d611224382dc392083139df25409ecc7b682dcfae78f96209962f5141a58466dde93bde0c82b2807494710e0cdc33f7326a666
1787431071.0183198 vent discovery/pairing handshake (vent powered) RSSI spike: -45.0
  -> 255 afd6fc9ec8b35b54c87a23f0da5865fc06584732ea797f85babdfefb5a4d797df7071eb073774ca45d0bb42886ec1ab085427977f10ef4bc18176a1a82710375d9cee811d3aa196a962ff214cf8a4c1c5e99403483c4682488a14c1c8641791b16cb6dd8346910a5bee1eda49d4796233b08e390525ddf438c9c3b2092202220a558af2628b18d6476513f5dec17ef818c7d7acf9621ec482dfc216a11e633fdb6c9ac14ecc9f22488e894df27048e9d6d51ef2c3e1bd87be12a4f0b2b104d157ec8a31122dfa4f40550903900fe934c29675c603c80e1249c12826ed31eaa8c40f64a4e72e66da1c2ec7b9805375486a0cdffb2f8c44800f9b73946513265
1787431071.0185611 vent discovery/pairing handshake (vent powered) RSSI spike: -46.0
  -> 255 708451dd979b1b4f5853c1c39a3ed47b8f44cf5fa46c0e7267aa05d03e5919f364e297a7e89afdf5c7827eb5cec231652e480962ab7cbf703fdd1a59dd9a282e7e98e901e3e72874d3faf476477de466c40ae6c5358e6bc44f0c59d9d68e974f8b26316258b6174886db5d2faa38169edd0aa04b87e1bf33e429441f74c291af19a4f8012f7b90a8edf33c042fa87f1dc9ee5c3ddf74710994c34d304e995c9bf50d92deb582871bfb81732b4e5021c45ab2caab6dde624027e81727d8eeece0179d24c979299b92b505e45ec6c308994bbb52fe0291a332a79bd5253351dc3bc1f27478f05c8e142c8f4bc58d3b49c12625c83d7bc6d016983a677ccbb2f7
1787431071.0187929 vent discovery/pairing handshake (vent powered) RSSI spike: -71.5
  -> 255 d54776ce03c1c25f3971ff1669b5e95d806c44e7a14cef1c631fe207efb6acfa2f567bd8a6631fc2e25d754c4b147e725a57d2378a536c3d45de9667fd446814c44f9aaad558e152dc48781c7f24987a93a5f6cbb6e7716b3d163bb09b92b2128978d413a99b414214dd64e90d706dc80773f6d320115c31c72de078417422424c2d195a3f8df2f8f132103fe8b2b25f182883b6ceb331c6455feb08f75007901a93347b193bae55308f5419f7b595257312c678bb41c9a4c53fc2f78cbb9295351e1d21a73678ffe45cb35be7c224f083f17027fb651caaeb954eb3f3fed6d1c2ebed051018f20cf36fd670a9673804e33f6280a656dab39fa45282bc3262
  ...heartbeat: 520000 iters, 129.6s elapsed, 716 hits so far
  ...heartbeat: 540000 iters, 134.4s elapsed, 716 hits so far
  ...heartbeat: 560000 iters, 139.3s elapsed, 716 hits so far
  ...heartbeat: 580000 iters, 144.5s elapsed, 716 hits so far
  ...heartbeat: 600000 iters, 149.3s elapsed, 716 hits so far
1787431096.5835462 vent discovery/pairing handshake (vent powered) RSSI spike: -41.5
  -> 255 2fadc4b564da68136be25e6760da8ce83099e51fdb2fb4c9a31196a9807c1b1031630b1a9ea0c586f35fb7fbb04eb5045051c5d986fbd2dd42e0cb168e9b9c87224188abc5f1181529122f5c0e10ed9482a8046d0212b0d7c74f7279738ec5b94db1e2e7eec34dfea8f4bf57e8217c98ab86c7964633e92d5dc236218c06d444856d2268f960d411d19c03ea63f8625656e6823869f26975ff0520005865c2587115699ee6eb49350d405f83715c843306b0b913ccb2e979c54a9934349565d3be9c226525775e3872cfa9d608f1703f658fc3df9f5b2ca22ce36a8a5ee1a882ba18d01aa2b3a2b558ae6ab7286e0b203cce53e16974b469a87f80d9a9b4a0
1787431096.583824 vent discovery/pairing handshake (vent powered) RSSI spike: -41.5
  -> 255 f26001e20810614564a8dd0a0f9b534f28519b6e818aa2e05ce059db99e58a05c14576cf9f2bf4567385a98b1d8075b84d173a7d823c45a4a1befe1f7fd73ff4290cf56bff273da1f2c2a320377212e729e634805530252074880a2eaf043b428ef3afec6f422f9202e03285786277a1152794b2fefa4f3a3ac9acc06e1fa49e549ab6e85209693b28160a2aa9a3df7606f86d55e216b218391207239fc0b7b2545b0047345dc218c60b5bd05c63919ce9f309d4bd438c476c2b270798df6b35acc1260d16a3f6cc0d57a79d1d34089b5a8622a63a6c7d944929d7361e4c4417651cb15f500f05b85d945147e0cf81676d850f76042adaa154fd374b9d4fd0
1787431096.584054 vent discovery/pairing handshake (vent powered) RSSI spike: -41.5
  -> 255 ec46ee13018babd109bedc857879f71f45486cb937aa11f1c153e21b4a13985bbf4d5c06d37677f83aed89b853bf7992c1c6e92fd562f663d7cc4aae655b367ee33b3de4738f81ce09035aef94f67efb918f909d87b08c168831bc9ae16a734396a1d95dd5fdd88672587478681ff7a8ff438921f5e0792f9a5ab2dd6528b02e1f1b2673a43f86522b42173c8760b9156e3caa7cff8e072aa09c4f58f16f207164f12e3b4b180c1a1ac9dc0f37ccca1455e0ef7ff568f7242771734f69aa6484931ec8ea07c00de55bdbcea6a48623bcf13ca2e10906145e15be9b927b4024f0e06b4b93b77d3992a8f8ca8c41e9a94288dc8cc6a23f91c2cda24402021fca
1787431096.584325 vent discovery/pairing handshake (vent powered) RSSI spike: -41.5
  -> 255 dbcbda3a4c5779547672f712a2db9eb1c4a60346e24902a8adb60282e0135c8733fbcb737801d7b75790a70648c527f50b2e84e0a616dbc2a2e7a07c839d0a60944474c36c02e6efd3253247fb74767d642936fef0aca0f6583f12168c0c1afe7fa3f68a4b03f2db06b1823c2a03219fc6ffa2674467fca94f7a2518e3bc8e646d3ef7b9bbd5181f02e3e0a44550df1563c833063979b6d7e982c26092175297fef1a7c918633d3893c99af1ee6417b44c6772fef3f5087a6ea54e75d471a0be4a48c60838e9fb4b2fcdea971cc9a593f6ed6f736e5039b36dc3c97c89a3d47c3b9e30f22a3ba19e242ee93a0857cdc703c23a860caf8219aaa5167d29556a
1787431096.5845509 vent discovery/pairing handshake (vent powered) RSSI spike: -42.0
  -> 255 7d668931fe44eb633838bfc79cc74742109bb7c4fe6efb2f73e907ca1bc05b09c3e2441c57c5ccb3525761c2bf179948d800425781e84c70f37224bdf5e5db52cb18cc2c6d6aec70c84ffb01e587c7e846488892184f4f86364d15d1c404b203599c13f4327964fce0c631ed6391dbed1dc9342ecfad0581dfc06502f9cff8c0fcb41c5b3f3025bf03bd36ad4fc75d8953d31357063c5a40254f99e9c218637770d01dd857467426c9c9a1746f65e10b9acf4eed8a3ab5f816a388730613f5bb63678fb00636ecb270305d44d328707e2f80942d9c8817299c0b909ca2fb52b989c5a9d2fd4f06006243e41f51d67df98bf648d7f47b2c5ea52aae0fd660c2
1787431096.5848398 vent discovery/pairing handshake (vent powered) RSSI spike: -42.0
  -> 255 20d3f6fd2849060c419cc80592f9adf961011caf6c6eec3a446cfb45103769f5c9c19e2abe927f12081a399970ab16a3e0046ff17d3040d0894a2cfa5b1ec5826e495c244c39aea93d38d39445ade207a526eaee08e74de9ee25df17c3339de9cb2f47572e2ddb7a06e386e2b022a6c1354d70cbfec48d402a685246d5406ad82a5234809c8d6dd425a5bb7cc2cfb5bfb49b3e2dcd87509ceb612763e7df97d5b3d0eaf6d67d81f721c003cdc7aa832c05d54b2f37b67c8595d4b8760ea0f67fc5bbf20f1bd803ef1c2a5e16a3785cba4ad242fbeef1f1474787ccefff0e04580ef019a7b4f59baa42629e425911bc0dd6f7c9a2274409884145aae6d12bb2
1787431096.585123 vent discovery/pairing handshake (vent powered) RSSI spike: -42.0
  -> 255 67e18fe9e74334568f91aa1b8004f2d72a47963aee07bce00d48b8fe17bd825f897ae622d00d3bf3a0f26db51df888598be68ed78a76c8ca171f1371320ef7fb1089b64687c5a3c8f903946ffff42fb71c773a30f1ed0675455825be2ac4d27e7db741e208d505da802488b71d071af70f8bf0da8c92974770eba9f840262de43241f09e3302f4834d04a5909f2aa31f72195f3efa60fd9ccbff7a29b57c165bad1df99e4a1d05317c10e6fe46f53e6488e5e7076f06710e33ca2c5749807262f5dbded1a314809494399e77e3f3c5871b088bd7b6993405f9ba1f44e06e9d7e8de17fe7c713ca4b47a808657d5d92f25bfd7faba1dbbf5b8bfbbb5f79e80e
1787431096.585383 vent discovery/pairing handshake (vent powered) RSSI spike: -42.0
  -> 255 497ce2e567b5e6e45ec2fbd140f71a51263cf5d99df1df37158c305673b6a0900453a495024a30ea742252053f904d275f4fbcd4eb2d998526e8fc7c68cce0e74f8ca2c820a3c3a4611118bc2ace0c00499e915e0a5f2a01c803ff08206ac250a0bb62a68b014cb5b92e7abebe49247d853ab32db4a4bfc3e300fc08f499475ccd77a3dd9508231485e98b33473c0f23ac0ba12c15b176428b0c1d06573fe30364d470e5abe1b395a7cf6b205e8cf40a56a1bee0633703f08e55110e3b0e7a5f5438bd3b03d9c6d80b14bc5fcd4d7b47cc976478f05b6e496271fd8edfe1eb463404c13810c5bba299d324633173cd067795c0c7c9909f15fa79dd1ca6d0ca
1787431096.585644 vent discovery/pairing handshake (vent powered) RSSI spike: -42.5
  -> 255 638895ce6182080286566dda4e553fdd9c4362f53b7e5f5f41d7cceafc453d355d02e3972a921500c860023c9f986cc3387eaa8af582a042110c979d06f595e323332a6c8e0940497782803d801a8412303d2d9403a5191b7bba3f4d45979e59b87ddf067bf53a1ee33ff55a180555a979af67a189e92094fb3c3960d417dce5196feeaa1ca011dca3255d125792608ba19270067c4d657ef8fa579a77cb6dcde5f41e8d569f1f571f5cc41fdd14abb8eae3f6f7c24d10bca426f2b7c4da6326c407b0fbc5ff728394f0d73250cadb93faa245b8878fb8c0093814117e74858e5308454731ff4cdec8963c80c142282c03b0edb27950b17d4fbb506ba6f6f8
1787431096.585854 vent discovery/pairing handshake (vent powered) RSSI spike: -41.5
  -> 255 4d8ef0e40f3f84c8347f61652e3fbc2aca52cecbdd25ae6f0fe30b5370e8bfb613676aa3f009ba248171923c1414afbf6b302dda0e94bb1be4cf3c1b80de323848a2be18cf80391d20236d535893f1cef04019b0caefed6815fbf846bb4828d3f5d1158c500f6a9b335570cab739e8bac782e2b8b5b5a9cb4296a38bb020f9324d21659852f79e4dc02dc611470bdfee600f0f9dfabe6c6968f209f00518095e5a886cf46dba1bfdb31782df58f14e6a451dee1c1a8b6b17bdf70f4fc44ef71d7679a5d0a32e0199c990abbba166b36df4f19d8fa2edafcf463d6ffb4d645c966b22a24d70eac246d60e7685ec83b3b07dbfebb6d194cdccbc3813e3036fe3
1787431096.58614 vent discovery/pairing handshake (vent powered) RSSI spike: -42.0
  -> 255 8c29043406bd60682263d8ca67ce65db9f7b8cc504a7df7ce01c57777ce144016d14dd61c4f1c9db0ae1871027463e5fb33889b2381844adcda7ab8d1c77edb87b17575d0b413672f8aca5335641676d07dce01f0988c9e7194a021cf4a8bd996768188a644f4eb804e54239c93b9d4cf3de7af854117f4a43b616f90e7ace80cb6a073cb65caac4546d8741262e1770a760a2b2ba69278dc3cb7874ce5f63f4b6dea901c4c90e45f2d37117fdaeac092927e42d0324271e560e08479e93f10ce3fa93d69e273cd8131cf59b0fd589de8ba5140ce84c9a09af80575a413008c57e35cd7242aad7b80b1b1ad9e9e68325de424fd44c80c60d155f82b18ad367
1787431096.586394 vent discovery/pairing handshake (vent powered) RSSI spike: -43.0
  -> 255 7600115987598b887566f9c587d90bcfa07cf4bdeff70b0d258c65efb190108eb7a22a54c3dbc7e64649410820646a36df233a4dd2e1290bdbdfbcfc53043a0158f87fa2be7a351f9a46509f2ea02ca7eac846099da6c8b59ac04130136edb62f01f524f3bb3f93cb62d9dec5e747d02a772fe8628c66b29f3005ac4ea68c3ac45a1400fbbd8b491189c5447ce1319c52b0d97815a139ed8f36e0ede4e5c17853a7b1a8b81d93455152f938c6741cfe46383a70c702412e6cfee7d367840c000540737aefa4114f79750fae0d2b4cc9ca20378ea125096e821f92d0f76e29cc492dfb9fbe884094c7159f24610e1a7461170a0d59f26882cbccc50135536bc
1787431096.586656 vent discovery/pairing handshake (vent powered) RSSI spike: -43.0
  -> 255 9b64b83dfa2758ec04bfc12c9f5a28f75b9c4d4616e31ec7ee4a9282dbdf392104a5e4c2100bf91389cc58bf5f47db1a567bd4934231177b6280f271ee170e702a477ab82d954c45f31e635c126b67631a4500aff87a1f2a815796588fcbd60b4b54052a63a53a46d4f5fa9be04212643d4e161a4b80690b30c09927546aec03ada0fc03a0bf225f431bc9bd24ee23cb39236bd6d04cb580a4197903218d97710030cb1d0174850d91354ff3a9f24f73094187273095762a268dab0b4f350923ba5dcecb0c6288435cbbb6e5b5f7eb94a05d80b96e1cbe332a9a9c1e3ca6e2b114b06b3618446da8941d9a0c389245e8411265ad96cef99ee669ea89beb412
1787431096.586943 vent discovery/pairing handshake (vent powered) RSSI spike: -42.0
  -> 255 1e0a68b767a2081c06ceff03ef5ed855dc95fcb4d8ff2997ce3f5a80ed1e0adbed897dd11dd660c0410cbd1a745a09637077fffd905ab36e4c99f81502ba18b7fd8333fd4d98e4825ba4d4b4db56dcd306ee8573cb074e31c792edfb2a6c2f8d556903afcd2bfa1c050dc5858e64ceeb3eee4a49ea733a7cf47ad41f63850c0e3af218a04e839c2a4875d1f225ecf35dfd271c056cd932dd66cfe86316e5a2a9d27fc698fed050c4adcc33c38dae7b2f1978398f251ddcf4776dcfdf26a8f82a50cf4ae817e409481ae18f03398e2be9f3c2fd4938c4f2a8b2aa82d54218405ba67c908dda66adf83d27b99f185efde670ea1ec216862d02d7f545cf7c0fbc
1787431096.587168 vent discovery/pairing handshake (vent powered) RSSI spike: -43.0
  -> 255 198fd6eac8d3a6c9fd43b1e00de78bffbb0d994c0127d5585aca333d450af75c70c29af73752ffa17f8f301da3c4c14d0c4606cca226d8edacef8b8e4b6e263cd3a019156407e01b4a3323d2aa09d6f3a9ca76d437cd34f3fd27b0183c1e90e201f5b28d924767b941e3c37c68ef3dcb018b17cd70ee597ab4077bfe34714d9dcfcffea0e47fc6c6d3e64f9fc9b3257ea0c7f500f95f1b043967086bafd02611741b7bab4072450a804172068228fe2d8726567929fbb048ff579fab565195c4639453c790e6465a4f0506b9d50048c24eedb42612fb8a6e9942b31e391d1a9fbfafd0b01cba81830884c7e158b0653e1249bf3dc2b5538633c1958ce4c0cb
1787431096.58742 vent discovery/pairing handshake (vent powered) RSSI spike: -42.0
  -> 255 0be113b567ff44621ff872ca42ecac19a7873f054e6180c2a1eb5eef4028af77c07ffd6e8ee0f75c5ae11fcd206fc7be972ef9286fc013eb6f408045466a7e3812716040c147dc9d756459bfab29681c335681b0dd5f21da842af791d16e22cbe3e6c459c2a833c877452feb9fd44b5afbd554e4098850ec1adf6789c57bbdcbda98e03d4436430152997b59d06f51e050e47700a529939e41311eb75baf80d52b3a8009fe9e83473f1cb84e77b5f46b7acb7d75e68ffff732f795cd58c677bb38fabb7b44b810e073cf85df53f84b8c60a1ada7bedea1ce7355f435e96d08173b4f607460b21fc009c9b0154d1de95df98fd3495f2425a58e42fabae9b4cc
1787431096.5877051 vent discovery/pairing handshake (vent powered) RSSI spike: -42.5
  -> 255 241cf06326fad09a804e829cbad8a48c58b1c86bef3b87e404edc17222a52078e41a2c1bd417db0b70deb22f17eaf9fd8ffcac593152c28528463c2197d85cff75b2c04fb208b28dd5f4e1f56cc443e38de8a7e5f2e6c00ca8a2498bee673d443e0d409f3ca72c644bfc2f8506ab93be1ba4f691d4244eec28ad38a406a6a02144c133b1fd3bfad8d9ee78e5c73de0a8a3c998cd8764e49884180ec84a963f7efb725848446b977a833b94763bcf9d6cfc8b318394a8db843a0af1161442789ae1702f2ae1e7b7ca014a3a5f2e95899907b2bbb7b1b36feb87765fc128a7a8573cefb22376a1a4ca3c0f133a786a5b68855858e913b32724b451d3cc7b463d
1787431096.588016 vent discovery/pairing handshake (vent powered) RSSI spike: -41.5
  -> 255 28b08e6752ff5ca7e6357e0195e1172056ee8a4d812dbe8ecfebf1ccd1d072385a4c1ec19ac5629ffddc4702a2d7d08568ada72d7be9ee67fe7c912cf9dd28ee8a976258455e446f4ff64be6184ab54e680bc005fbbfd7c2d44597b7c06186bcbe393011ad39f0abb723ebd0edfac60d7a996bdbbdd152688e128c3c617a2f69f8398cbaf33adc5b8530080ef96f3dd4fb961fcecec8b2b6be4d9df38353599bcc455e13aa62654ede5c4466c9c3e3b7001c7a1a5d737ae00577e462dd3c85ef31d527a8fb202711fb0bdafe689025b9a24350eb07fd1c54a538d5c3480b76ad277154ac72fb4927f0b7e837933457f7084600e6ffb0c75f5f982acde8c125
1787431096.5882711 vent discovery/pairing handshake (vent powered) RSSI spike: -42.0
  -> 255 6313b610aa59cf289c513fa271830806e27a62168ce4fe17038ff67b75893115b0d4e764168ef1310e7cfebe09b713bc0b1b627b25337cd09857e3a3c95ba38eab8ce5a61c3c91a673f164adcad7e20f627652178cbd7e7c84967f376cc173350ebe3798b65721e55fde836da7c148909a33250a7f3b0919d97ea0e0a25b3110b94adcd086f8c0d151c5423efe8cc1213cccd33bdac7df66390023fdf5aa071a1633bda23b7d8a1ea97782b5626d1384d40553d238f189e70b1acccd4a677e204942832e5412553bfab9990f47f01cfd391144e54d3bafd494c22c701e2334151c3cca25274d9f87b33ff1b6db28020836dfa17d611c432e52b07a15789fff
1787431096.588539 vent discovery/pairing handshake (vent powered) RSSI spike: -41.0
  -> 255 474b7ecb30d7720e3b9376d5a362ec8cc3c5a8cf1038bd9ec43e6c3a40e7ff52f3057629ed2f1ce1c0f62b30e70f68a5380e1d1edd7861bcdcde9e9f6c2cb07e40693cc8d8f16f2d8d864799c456e7e133c0faa6b0bf72aed3c4de0c631d1d9c9981d9221137a0cfcebbb1c746ad5c4e5123d2a5f0237276efe535ea3eb0174b21dfb5e8383719969c3292dfc9f5b920333fb22d9e2d833b43814b0e4f734def1a7ad74d10cdbc980cfa79116c9cc2f901d1aee1f359788d64f68e33b48faf6831d3e5e7787546309aad7231514d137c590d1c124d87157918d21f7865e04e36c6fa6237be4a7aded85c3c0362ab0738153667f50b1c38eea966cecffc6193
1787431096.588765 vent discovery/pairing handshake (vent powered) RSSI spike: -42.5
  -> 255 bcac7f405a0ed073aed085ec6a78b056a6c2519d92c3b7c56c936d91e4f9d183f9f2329b497f863e69e63b4a33243a8efddb774953af353b5cc28ea288200834dbe74a4627f2bf99f5f0db9c734045bf93bd37fe47c549e88bd6600ce37971c4176d0bdc799c7701a8da73f850f9090eb739e13790d8f3374dd5b8d7492076ab9996143f6eaf8fc512a9a64acee4180607e586214efdcaab6f53670b035372a4a7e6a13d70cb1eb284e971a253f3922aa52340be13f31d382284e75159e980471638cf1d851c0198f4bff08a1d3c0c88fff1abf3405a1d86ebd96a7f4eddf267d1fda0cb5b201b39eb632ee2714817267df017bfbbc1c32121d7cde5d082f4
1787431096.589029 vent discovery/pairing handshake (vent powered) RSSI spike: -42.5
  -> 255 68e82bdef22acf5dbf9051e7151e74778d96413615e3f52409f26078d40a9c210d5d870d0d00738b30f759721b32a33d826c5faecdd3d66f4fc069e282cd77ceca06da73323698fe6c85c4577728e2bb7da33e974ba4a72ba896f0ee2a439dc088105308b06b985a675fdd20220d185b67d044f87cffe2dad2bb83b46a34232616aac34d0aeaee3ec435937e99c4bf8a5f5087669398ef06200187299b3241652b3c0148d2eae8d626ceaca6c224ccccbd763ef2292eabb6c1096994c258ca3f973939d2179ec2dc46a3cdf908c30bf0fcbf7aba2c0d78cf25c799535ca38aa251de578b72c016bb7c17b8c283e268e8841064b77e0179382b36cb5e9c3e6b
1787431096.5892868 vent discovery/pairing handshake (vent powered) RSSI spike: -41.5
  -> 255 6237e8e56288b2ad8d68dbf523adb95107d599e2f6ea1b2dad30d515d19597ffd7e938d1d4e2d7b3e2ad35b12fef5fe510fedc580fc3d13b74bb74a4a62eb923e58dae1355b7ef036d431c1e074a10173a84decaffc3cf9e686858344bf8b906c42063b492b0e0cba00edf97200643af8640b245385445d427db468a28ecece1018e8f36c8145c7bdfd026c03ff33dfa0cfb1eb833c409a398127885321488c286b88bb04810235593f4e892f7585a623f0224d0c70ea35474acdd88e892ff223cb96f807a4430f241cd7590038975ca9b15fb18e8f1d1bf9201043ccda791296badb16fb8a0a5881ece3d42e6e5ea2002f19ecd5a0f8205aa3611823adbe3
1787431096.5895538 vent discovery/pairing handshake (vent powered) RSSI spike: -42.0
  -> 255 5f152ad66405fa8a069f7247356801fe9a9f373219da4b9fb638efce56f5de5034cb3491956ec2bc81e2cbcdb41d7748e3319f9d8a65df78f48efadc839179310a3264d73a973bef8fb436cb127596319657b8e56aea01b3d4ad1ea51178917b0b473418b168f00dddd9118b2bda2ae99e8c45447fdc8189bdd0ff95cef734424613921da5f38036ba3833bdb6b563441b3d63d1816147eee69f117fec596a0e1986863b227858b3406b041f7133571a2c62efa4e2ee3f4ca1025590f4ec80d74979e5b7854d2b1b61f07c21e2eadf1cfd4d91bd95e4002c8d3f4575dff7726137e683a857323eaa5483f494b6dfddf582d77b417be43014d8a1edb98e9e0e
1787431096.589847 vent discovery/pairing handshake (vent powered) RSSI spike: -42.0
  -> 255 da4e8c6d9968f7d1dcc96a05c2e44ab0621f4f507f143226d304b83ad23c040d0e4e3076796259a8c319dd2891fb49426cf2a3c5307ffbc9d14f30fe3d5649304d6f6a0ce1f6e619f062b9e6912ec5ce9f72fe253a74ecf6587bf3ff94af53d3c143d36ca9140c684fc68af96fb896c7991388e12436e08e4f5a03f620942fe03c8668d5c8f5f83c13c9534453ec2337705e643576954d8234429e4ca82bc32383e75409e8370a22882c9a00969843c64f3118dd96e4acf81988df5336e42e4cead0ed3fbabfea93e9dff0390d8582deec1a378b90c3b95b4911629d43985e14514edced356e04ed23d4ab5a406781e84203046fd96aa09986c9414a689f43
1787431096.5901492 vent discovery/pairing handshake (vent powered) RSSI spike: -42.0
  -> 255 48de4daac0e13e8870502b33d0504b3e85bb7a2d665484dd56627dcefaccbc53f4b8ffb98e885d4faa0fb31382c93e5e08e62125fad2ac29a77dba7dbc8fd13d01398d65e0c4e37f5c051638e1b73bab10156781d0f64c4ff002d371b1137eec7fbaf20d529c3d2aae26e00e21b3218bc867464ff3ffb124d2d3e5b0a0d3689ff6f62c1950a17290f0130ab71b7ec581e9cd9c321b44c5bb69c082bf8900d0059238b18c9e943978fa63fe81f27283250082ff0b3d6ba2760374a1c26cbbb76ff207dd57eb2ded456dfc2b4c750b3e5818352637173442ec029b6381b165f3f0fa56ac699df134868496c5bdc587f03043ab8529b1ab7335f82f8d50659756
1787431096.590411 vent discovery/pairing handshake (vent powered) RSSI spike: -42.0
  -> 255 e08f8c64656270d1cfdf298939b4498f69f62b5eca7fde4e983988fd9f99765722e3f2aff3823ec59c2929ef9736e480dc621790f74f034befc9c2cea35f0546856eca71ce7f5643937848c54e42a4b9a3681fb1ba459843c6ca83dfd741448b7f9ead653845ab9c21700c525345cd61dbe696120e220d2811405b679ddbce2a0e8d28ddca50f0925e6337bd981e326b3d933a37a978d74251877e3f4999f42155af6fa9bfac9592950fca630e8c67fc9d4d5c36e9fec9472cbeeac9bb1877bbdb9498dc0bc1a4087572301d19e8164465d9c6647cd0b5ebf68c13b15344df521b1ce599f4d3f19ce0009ad7c62d1f8480c8450f34b98b42e0247e9f04b780
1787431096.5906281 vent discovery/pairing handshake (vent powered) RSSI spike: -41.5
  -> 255 554d1e117ee619bd4072e8634983a4eabd9e760566c3ed070611e94724abea2f46445da8db95c6f8ae1984f31330a27b1710c53814f7a97bfefd6d98f4a5ebedd28ba5251d1920a02fb0f353bd08294319c456cd2d379b20379373a4c0150d947440a0690bec2db81646d5a71b6c67dab6c704d040592c16ede0f392a6019e004b51f5adc1f0d48e8688d3bd505b543b05a0af75b24391c1183eac841c5c7a68e2149c8b383b8b1cb9a40304faa3a2d8302066a3cdcb499907a0199e5b5759dc10b36ac3f34684506627eb34ac3c2aefc8c8f99751901edb3a058efbad4ed0aad3f6655ee12bff08073a47b24ce8a018bbd6e207730a8957b5f110c913747c
1787431096.590889 vent discovery/pairing handshake (vent powered) RSSI spike: -43.0
  -> 255 f8ee367ad508c6d4f000dfa05686fcaec433a5a1ff017f8f026380bedebe8b9da9d0ff2dd025cff594e01a079909268c294dca52a91f72260a798aa42ac8ad6c80d0a2710843ee87b3c0727ed8f180e14c95e571d6a60b6c3dc36f2c2d3c3f1466f09d846f9e1fd5b7ec00749c60fe91f5826a189f2980da383b1b7694df758f2c8dc697b9774c075fd8c33658be8f63f1bea76497041c10e4a9c4744834ea64193a184b84bbce3449f6eca8aa3b86e257ecd900f1f19176e1cada41a64a226b7a0203ee35dacabb5f9d65226222ac758391dc41ebee351d8bfd69dca0c413710b1cbfd45fa3988c5cfe0eb3cd7dfd1fa58c5f68c8917d78a3ae1bfa916554
1787431096.591167 vent discovery/pairing handshake (vent powered) RSSI spike: -41.5
  -> 255 f86dd031240017b530b3b968e4d8611fbd57863d8e0075628e7c97a0186f3fc8a8c6d32596abfc3775a5a8c4b34f3393e3c6088bf061de9da4444d8cf044bc44b3dd01c8131c67f9a293dbe309c0c53e278cc131e63fd316c40df43458850f768f3b60d846fd473ad83f99453f967dc7a33a2e73e94f338dd059d8e78e513d196616f9f722ed53aee867c2876ac5405b7a5486045da7b27354e6d3cbdbbfdb07bd4cf6a6d4bcf15295144be9adfc9f690dd1ec31d5139e793bc4c12a15b9609450e627e4be6852bc43de46655486b7002ca78e8e9b28145edef9e692a65c1f1c2781ba569c58fc5d1cb809e1fa89458c13de5f6cbb323a0912ed6f094cd31a
1787431096.591418 vent discovery/pairing handshake (vent powered) RSSI spike: -41.5
  -> 255 01d527d9e1a951727c074c1f851b3ef01a67f0f1cb18f4efe351046b325a83bf1482492e15050dc9b3e76e33c96d44649e1386ce0f9a4c8e23048f1b2b62e821298f2b1de4aa9de2a2827af6ceebc3af798898422701db0e3b5b3e4a6240034007e9f427d84b6cfe4c3990bd19bf6cee17941b721f11f5e8ccdeaa136ecc329fa1d354281ba1412f73c5f714ec32559d9fcf27edbe688d3170848a99fb753f0580a4081028cdd400897b398c459ff048b25405efc752c8bbf36994eda733809c7bb12b67cecff3beb1fce5955ea1f02c11bf35982c654a18945e1a83f0669365a115652bfd049715222f0e85f4bdff3d60c952018c60eeaa4f424b5da0cf18
1787431096.5916312 vent discovery/pairing handshake (vent powered) RSSI spike: -42.0
  -> 255 66c3be2d4f5d28d82d0dd8d5c00a3eb6fee52c1981de72b36ad54ac72c0f441f76bd7af4bd41d2ab54bf30d2ec13e4e63c52802fdcc24e5cf0329f4eb7b0f3ef18c7743ab40e6b04a7ad492a235ebef76b6f1e33fdeddd9406dbe36cd9185f61f045134932de1859a7f742664934df20b2bd07ca2611eb7db39e43c8f3646a7ad20d7d4bb4213affe5a8574bd0232569f533e6114ac0230f3674e3a5471dcac2481193d60f20537f9410ef881ca8b955c7e45d95c136eaaf915cac483b44434052b46755d1690ccb480b0338c03a44375061a72f850b00a8c0aba74a969c0c92feed38d37ab4f25a094332a2280347f77d183085095bc189514b5c7c08ac50
1787431096.591902 vent discovery/pairing handshake (vent powered) RSSI spike: -41.5
  -> 255 7e0421231bdefff328b8f0a41cc59f5d726fcab0c96520b2f6b585d7829195be9df503abf237363a8fdc99c8be78c1b16ac310b98b86b3bca2cf3e1d87b54b08cc4b610d224a3338181be0630cfadf983a7e06c4fbe7e3cf7d08c12604a3e02d43d9d831f9d9aa8416083d37c85ee6b81075059f2ef2a25915cbff57a83cff10121ec677c266422ae03678b4aef556848c507fc038c5657c515c301253811743b41050ae55ead226184cb8793cd78296348ccf06b3404bff08eb810ecf1e2a12d0269d567a7a9849990df6692cadc0800a415998110e407cf69bffba38365bdeaf504d39ae12d85f7091b7a266789fd43d8d89829c006483d666570809a7ec
1787431096.59219 vent discovery/pairing handshake (vent powered) RSSI spike: -42.5
  -> 255 ddd1e121debf33560bb94a464dbaaa17ce0031cb3eaa6824d1c0d83580d39e8a66172122c0ac885b3fb34b3b4877b6e0890127910568a33772228d414a7861b7cad2114179730eb7d5f264c983ffbd7c9c0752c164b45d81b971c3899755e6be1c32f7cdc798239d029af9ffb6fedfbdb224fba32cbd676343ff057f293932ed3ce6cebb5c37c4874f2d8f5423a1d463bbfedb6fdd1ad081e9bfd919079200191b9c010d2d823b15ef12970f9a7e49bd0c9851970511c8546c8523d688af6f6db5a17c108b0ce25ff40d40611a5092962db0f3fa579a62ecc479400a0d47d4717d5a2a23aa7923df257bdd3a8c4ff5b779a73d85360ffe441e4a229fc2537d
1787431096.5924292 vent discovery/pairing handshake (vent powered) RSSI spike: -41.5
  -> 255 fc26cb14ea3f04906f23f2f819d9662a800958ef9e88244d24155adfbaf23ad6e75c0c34da4b9f9dde4ef2518f5a0c6fcdd79db05fbc38f5d111762882790f04c861f32fee6789d85c1588f918d99e62baf158584d4745b8d610dc0bb75cf948f5ef64a61c1f399bfafe645277f062c7db89f6f7741017fe674de3fb59be08b46911eb0617d518281ba1a2596649f586166011ea251d59f117f60c5100c7837c4cf3af6585f163db0827610dcc3a9c0e5cba46c3eeff5918ed33fcdb5f3c7d03a9d84004d979cbe9305b7c95aa73274676fba33e2a09de6ae9debcba8f9228701c504bf3dd64339b9371caf41dd6e718bfd4a0880588b7f7e8d6d4a472f304
1787431096.5926652 vent discovery/pairing handshake (vent powered) RSSI spike: -42.0
  -> 255 a0c21b3190d1c8233bdd7dc217a5dfb0d78c6ad64e3eb0a5ee753553fb360552aec5d5bb0f0359815657fcfa06061d297a41987f55ba671b1f934643031f7ba1697f35f955e021d598b81bad3eeb65bce3a17c1c345a0f13dc4fd45c68929b107bcc42320d6e241e355c1d4eec3e7653c0cf5b008698c48ed995a0de16b9cd0a57f89448b74fa3e93384cd6bbc778380839e4b761cea79f366cc45250bf88a51eb2721a0c1fb17dd9784e4ddf6e47da83bbd435d78d197ddff175852b9a86bcab7907a45b4a6760ab1a5e5f12cc16c80ce2216e5d6170fcc1a106d346c46e261ad6f6f6e38f32f76c7f910624888edccd7919ad6020c05c4a5eb4f77330e39
1787431096.5929081 vent discovery/pairing handshake (vent powered) RSSI spike: -42.0
  -> 255 e3739d80a53038a47e5d40a60395eab4b499a7188559e37faf2cc173c59025bd504f9b6760999962ef7f6f055c2abf104d279fc4d97098fd5abe926d97032e43411b59b2def4d6f2bd95541ad82e22fd537199a7adbb847cdd40136cbbc3fb2d8a61cef919d9014586eea44a11b5c6e6ec5c73e17cbdc7226d8254cef8ed6eaaf8697c7820285d40026b088e69894e95abf88e499f79e1ec636f1761122733e267c04467c08e5780eceda8578693aca393670b66b64321b8e03ff3894248d920d70d426afbe09cde3becfd07297e98825e7ce38b9e3d52502126cf48a634e52cfab60437c8e6c16a0e688112238e0cf4b506bdeedf47723b28b6b27cf8a71c
1787431096.593158 vent discovery/pairing handshake (vent powered) RSSI spike: -41.5
  -> 255 22acaa0dfbe9d0f83ba03c602c09b7e9b566bc9ef68e4eb7b3a93a75763164312edeeb68bf3808fc19abc2b04a59575663622a941f8c7cb583b95c25c7b777a604c68a767db58b65a9029fc0b615add2b11d1e38542a07173f3803ac413ff20b781ea0fa7f874a5c398ee592d8e307345a4825a0cd75e14fc06e0af504538da89d18675c02f467a9c36b82833cf30fd950d72f71c1fb5c9bdf5097df44cfbcb02e1a537eefd8a017f857b5b954725df9ac45f5d7effc5a3729233b603b97292c5a9d61c36ec53af50a1927d91a021fdfd9ba8bd655cdb7a61ce904c169d4dd434dfa5e45ae4d3629f3e58cec7e2bf37b9ea929470578fb0d8f9b09012e24d9
1787431096.5934122 vent discovery/pairing handshake (vent powered) RSSI spike: -41.5
  -> 255 e6518396ae1c690c5277ad09d62c66fac37189e7a896dbf27d27ca6bf2693315dc76783ec48f481d14eb5cafb389f833fd48be2e7ee96c0e8d9ae4f966a994906ead5aba225a72034ec00d02a5b202e6e3f0a57697085d9ff0d40432c9793147030c6dd7e324cc9fd839b529093dbd8b067d99b82bce9eb4af8850c71794f4433b37ff0fc7f9432fa2969ec501a54bf302b16c43fd655bc138bcb71eb878fce54a012c41bf5db6f83296e31f7478019d0f491acb80769e73305673f3db583066e160ee26411781f971fb8b8d2eb05d9a5f05b509ee50e1f3e2c00a7f302a843864dfc940bd164e3a4aadd315e9fb36b34ed68292cbb9bc12e55752b85803ae
1787431096.593659 vent discovery/pairing handshake (vent powered) RSSI spike: -42.0
  -> 255 cd735ec2a00c6dbf3bdc68a6763531fec999d3e7171cc2ebca2d846d91cf28425bb21e571f91a46e9ff5875db150cdaf6260620969f5845106a0671f37b7e667e7d0677065c174838dfaf26674c2d9d86f80ec551901392b767595b2edad990d42964086add79d6629c5103c62faad371f3a9e13bde5bae349e41de427161fba84c8d226065b1cd986264f2afcb2dee8ca517a0bde46ab5148119e7762df0444b697b930e9baf7187db3356b1bcd303f875670058ef6967efe917c8ab177e2585f6d8eb90ce95e1fcf79218603f3c52378f06c51d229e7444f6be82b66489fc062eef1140934f6f2defdb47ee768cf2ec5f0e5ecbb2fa10574a10ecf214c05
1787431096.59391 vent discovery/pairing handshake (vent powered) RSSI spike: -42.5
  -> 255 947ee039a1e3a77c63fa1dd8d743785b4ab6174732f5fa1b151aeecb1fdad5e62f19132191a8364151f7f4e5e73a0bd5e2474021578d3f3a2ab7041900710f04682abcbc02e0ef040786438e0f38f9e1de079b95f931e4b5b308f6555587ef37c48b8720378ae07b7e50d59d9540ddd4d20f4fb1f75f2cf37d880032f2bdd19c6d65904c3c3ab5c87171de75ed30bd281cdea68beefb7c181f7dd5a8949d216d5905fcf3af31ff2603fe50a59ba61b246eca524d388cbc1bafa90e165485d81208695b023c99d05fb2242caa7ea2de21d7fc726f9248a0f75b5a5a1edb250b1269dc37d7662c0ec84bb120a12f5ec61663c29caf34ceac3fada98961102a3a
1787431096.5941792 vent discovery/pairing handshake (vent powered) RSSI spike: -42.0
  -> 255 88c6c3597f54731dda847a22068419dfb7fe73c914e957a4b106985e17ab3d5c2c4407a0d7463ed6006eb3da2204380da5913618b37b7b3e21a425f9a90b5d21868347967226a0d22633ff651e74efc6305f7c5a34a288f4d43de3e9c749e4b920deefef514873b1fc1858bb271bd48dcfe4b66171275ffa683b300b875df31840812909962fe420531232d3367f834106d865497007c6a8a4e0b537159b1f7c41a4cddfb71280e21306d27663f45f8b81a101c37285722e324e12c608d6947869269cece580be994cd71b41763ea63b1364da3bdfbdaefcb25c68e0833c84815573e08a4c498220a57007765adcfcb03e3d13f0d833a805779b5730b53fdc
1787431096.594411 vent discovery/pairing handshake (vent powered) RSSI spike: -42.0
  -> 255 c6a746619f7ef08d1acc7bc54df0067c1942d91152c31a38b8bdd5d2b5eef02876432b4a5c83f49750115f70fd78e715712759a8b7c80d69aaa74ee0985e3f70fdfe03350819e485314f75f0127ae137e54834b98a3398a78c08f719c23e0df3b7bf1d47945178892b38b096de7b2401d144f235fefedfa35a4f98bf48d189105234b4eda82699fce460e33b138fe18cef09fa4368233eb9361c57cce628821c289c102b74b4ce5248110442a46eeab31f8dffb2301585bb87737d1c0a2149f44bcd7576f0bf6a90fb6220611334284553eec4d9f3f30e2494b1edc1430c0569a60efd5db0816cad53ec5f9daa45e5348b90031bae2265e505199ec387afa8
1787431096.5946639 vent discovery/pairing handshake (vent powered) RSSI spike: -42.5
  -> 255 f9a2a39f6055438b728bd7f8cf143aacbad2a1fb747af8ba0cb470742ba59889e92cac27d878d5aa7a4c78abe119b49c419a107ee2fe87eb7a5fb7bbe52279b4be866c092263b5bb9dc2923118c812055b89f853eb598d815487aa1de947764192257d781014d224c481c7880331c9d1e363ea32c3759db6d1ccd7ff61c87aaf27108ee1b6db45ae81e566d4c1d351aa75c64db180df5901875ed472666c12b1dc780f97564b1eef7f8bbfd5b0f3ed24b9288c16fa5df27c15b8c88c1a0483782b491dc5f833f0ce44a5c0c9664a1c7428f4822fe20bcd202db0fdfcd703f70f2d6500f86d99cbfda07e5b66e9534282cc7398147a18a55303889151e5bf10
1787431096.594934 vent discovery/pairing handshake (vent powered) RSSI spike: -41.5
  -> 255 f5ac7c9e934e309bc490b8529562006828cfa401704c5d3cc75fd268f95577ea0a151e651588999fd3c30035d9f34dcf4cf56676e11e04868cc3383e4a9c9e196d0549e7c669eb3130b0e49d1a41aca1fe320157a7d766491e8cc4a3df8249222eb76298d4fff2e3272d5346063fdb8fa73cf40ccf6fa44660c60f14d976e56721f9d607f3a03367e2aca43a789737067bd801d84f30eaea064cd9ee6a7e3a297648c54e207d28178a3b2409460c56ef8c9a346a4135de0ede07e7fe6cf2729d39ee32faccadbb74f993e3978883791d452e3750167422c5ba4e69104199d7757a9234c7b7d5845a7c2d0c50edbeb1dde4512ce354644ad9232a37f2de690b
1787431096.595191 vent discovery/pairing handshake (vent powered) RSSI spike: -41.0
  -> 255 14c2e386c6e091bfe80dd789359276d4f86bd83a0fb5f8cf2dcc73288882010a53312c071a0017e5c2ceb8faf4bce8129680f6ffbcc640e6c60bbfef2972c49a7620778515ae20188327cc28f9d9091f36eb235338ba1252c2a3622d5d3a8c70b6a876392391e9578b4905c44ebbc14fef7cad2ea16bc425131e8085156101d5fe137e774077e1ba0cdb2db00804bedda92e5f4a7b25fe96cb4294101c6ef6524736b40c92582b97160ea60ca14a7cb61a0701a29fcf28ca1bc805f5f074623af17a1eee098ffc0fe4fc517c1206c84e63db3dc47d2278f0cfae8b76f0584bf590fac7f27ba6abfda4b2bf6fa15c289847e5d5c8cccdc8d15d5f5cc1e46e19
1787431096.595408 vent discovery/pairing handshake (vent powered) RSSI spike: -41.5
  -> 255 330f2404973b35f6e302e94875839c7f29be8e17151188bf4d291f4ec5304f3b0ec6437717cb4d975cef67aa9739a8faf6c991ff6d52b2c70b43bef74b798daf5be6c199bce52a6bc9ad06bb0ece54cbb1a1a77b3bc1563727340d14efe65564bf9e3f6377330c4c9fc9c7eb43a41e7f7c3ad21edffc29810c0f97171ca8a244d4322fb6c2e7311ab2535e3ec1c8e72f981c498e617640c84a1555926e55810b7f7524f41b10703f568ffd75f338ec91f3107a1d5277802d93ebec38631d30e017449a86302c88fd61011e211b3524cd67ecd0a920cfdba3a26e2c515d1f920b948b52eb8e357e9f774a25e9f141fbf60bb0dc649b0dea941548d9953ec9c7
1787431096.595676 vent discovery/pairing handshake (vent powered) RSSI spike: -41.5
  -> 255 8c728d571c5f4581466c607cb6a9a2ff5b6089185d9eecf84e8665ab3491663bd8f818a070890d270e3fb334f70b961e09473bedfcb30a8f2b510e9c70b1abeac632ad51afe6daed1cc1382bbd20c3590157a21d56570c1fe61e76d340b49f391e752b90537e972f266af5bc93c3c78cb15fc9a4a983e243229d4af0704e7a1f5f96884e650a2aabc9a8e54c8f1c8179481262df083d0459fcb323ee2247d7ceac485256f46d3a4988ef0b253f0ddfb8e8fb23da2fd98c762525734ddc001a7b3d74f2bc4b3a6dc8a8520207ea85f6c4ce312694fdfa83bc576b77fd39e0f81003990753fb860c2fc25c70c95be215b91da3f66ed043eb4f05a7cb42aa45e8
1787431096.5959291 vent discovery/pairing handshake (vent powered) RSSI spike: -41.5
  -> 255 af5c645be3357a73feaacf6933f15271506e1ddda0ef09d3324973c1cc09f104172975f87ed18cfc0b13831d7fcf9da73089aebe03ebd61c3c718fe4ef834e8cb14e4b97e6f64920de11f903566d228e8875be670013ed5842825b146b277095040959030c5c7e596dc2296eb2b4bfd80aee29143e08231fff3ad3d3245d029472b340c3b4e4a4aa791f8779a9b632d2f2fbcd05e2452b09945190a91c90e7f00c00f031bd7987d87f2259707467b541bbbd7da65fa650929c96047d40eadb8192fc0fde9db462fac32a4bfe384cc1bb6d973994d771e368a9e95de9bffcb78df4fc24390c66eff42358808a6e7ac17b961fe8107a8bd2ffd2156141c3c799
1787431096.596192 vent discovery/pairing handshake (vent powered) RSSI spike: -43.0
  -> 255 3e2117aa8494a662021671f979f513ff5fe1efe551abb8c66cb38bf5a6178962c8f072a69ed7f9a599c4e90f3183bba17bc99f25bb3be895342232b5509fc5ed44017e4bca9a0c3c34a543b6ce6e0612b6e11c926c6d45c0c6f3e28f951a82ca75d83305e3c7a340b76df709abdc9aac461d1536c4a624edc65590205879037e8b61165f75ca4fc2d8435146ac34f34f4453c0d8cf975b27dd53216b466dbf7a7f2ae5293ee5593afa857b3584f7e14141663e39c421f3b38b5350be6084dfefa37e44964c196ca78a82ba73c37b2b41322cc5bcc5560bc513dce9d9f38e1ecd1b53aca5fa5d704e605c9cdf3cc8edd327276ba67d6fab1a8001bf505d9c43
1787431096.596446 vent discovery/pairing handshake (vent powered) RSSI spike: -41.5
  -> 255 5bd09387cab3a89a6eb442410782fbd89f70e31684b3bb056797ab109444f6146e3f7d0e0851f7fa5723ceb6479224353ce4d33313073b762c25fda7d2664c89deed9e3f27dda2406444a4391a1d7f9bc446ed727a04c2088f813b0d92e0efb0c2b87c48250618d1ad32106f061add0c013f00fd46b734485a847fb0f55e736486af1c4b757b424ed7ebaec08c4b2ccafb11acc19ae92086b44b8c305359e8302387006f81a458040815aa145fb66ee9a957ecc1f500058d78f7b01aee93272f39702c8d3c2d5fceb9498da95de63caeba61d35040898feefc129a5cde21c1c328a13f95e8d9ee598ef3eda8b67a1f34efac6497da7ed01fe470d23c1058cb
1787431096.596713 vent discovery/pairing handshake (vent powered) RSSI spike: -42.0
  -> 255 ee3fc82824643142dd9f05a1efe23911d0d4505196d7b0e3a3317f38486724d79a8099bad86b5d93426812acf289b95ee00d8fedf8d2285632f119f2d1b7059086b3e47a638126018df6b9a6d4d6ed27b06e7d27c6f22745c2a8be1ed9b47fd290f6306973e1ee9776933ed3378fe28246f9604ba43367d3c30d1c237321316fe0334bb5fd6711064326e34954340166c8e2a73180329c9444052c2f77cb21b949a6fc113b0f4d00f6d5cb480cda602338ffe1462b61b61d88a2da72943fd409e8401db239d12d43f0583de8653b97e203a6124a3bb1f03b735c3707292765e087370a9a2765ef9e0eb6042bea037a8a5816f082dafa21824beedc2b7ca71a
1787431096.5970292 vent discovery/pairing handshake (vent powered) RSSI spike: -41.5
  -> 255 200ec3e95059d15605f773960568260422a96a1b77bc8b676e7f5be5c00642ba80d0e6bef5eccd8ce73b8f089fa0185eae3c9d742f6682dbc1379b4ee8a174586ebe6c196960ad60ecada3290df6c6972d068d780c812b9c7976cb4340891f4657549d84d2887ff368049d9d69030695e275ab750ed19c38fb4c8c3c5b70f927dcdf8453e7485d2888e87e144c67c56061f0111467bb2065c9b529a880b24ecc48d8f1439b0be4ce4ec6fedccf1427ce59d76f25e65f797cf796c29cdacbbb7f9f16634365dfd8f268091f72dd912955a312c718a44590ae9a2061d1145c61e5b8709f3c552d954838c033223a70388c15a059d6c60712b5208192193833b5
1787431096.597322 vent discovery/pairing handshake (vent powered) RSSI spike: -41.5
  -> 255 4e52c78f990888aa4c38d57673563f9fa6282273a60b199df9862b77f0d791c62a150cf3123630380fd54ce5584511307cc8a9acb3d22c709a2f1e5465e657f3fdc53b30397007d2c6838b86c0f06da994efd557d333ac605103236a14a5b3e9b5e96743d3c9133a9655097ce2011c636fc650c1321dc8d568d885f1fe4ce3c6034751bc0b23ffa1e14394416bca02fc8a904103a30ce613e578ce8e08b378f8a61ead67eb093c8d4cc0d354fdb2986d79460b7ec2592110879420db64dac611bb6630bbc2d17d52ef3a95bff327d2a1a6b55472ce9a4e608f3b35c91d88140f3854b918c328640055e5ca1fe0dec516f9c8e9168cb9843f435eaaefcc8506
1787431096.597594 vent discovery/pairing handshake (vent powered) RSSI spike: -42.0
  -> 255 de1cedd6ea34b1899ac0311fcdd8b2572d36b8efecb16f0c513d9241ddd1f8408f0c3fff27f26746d4ff2c87993dd187d167113b80705d702921f538d1e0fc040f1fd7c04cd65ac591060b76ba8ffcd46eba2923aead8124d394b3bdc2bde875802a77f0ff3c8c84405030c432ecc66f344ab229c0e6650f2ac2fb38123b2b06110b96803a8973beebc843e10e965f1eb88b9773d3a5f13e6da52901e5dbeb40e605314003158f4e1022b0989ae2cfc5e2caca39266da386c915e555191b8a8d2eb025a3285cfdd4b098b59b74676ed3cc37cc0ba3fc06a1f25be45ef6b6dc6b2e7645b99187aa1e4eb8aaf973e50785c6253d310c281f37ff9754f73f60eb
1787431096.59786 vent discovery/pairing handshake (vent powered) RSSI spike: -41.5
  -> 255 031a8bbf6652cde06658c8a00ea69c8e182356d4bb0b23c514fc232f3dd50f005177cf5c1c505c2e9019f8b3ea8c41218a793bc9a9fff9bdcb53739e7f5c98350f5a7a5347d6f98cc0e6df4d4bc4cb91a533414cd3fe0e933087ded8dd8e47149e9309c28b52db3ba74914992ee4f67aa91def2f35610b113a9668d250846ad60fb2df37d1401610430a6d4a68e210d0205558516a92c2ecdeab6bea34724cb65c98cfff9cc162c57f0d21cdc46e0be0936d58af3461ca2df07d23885be00f53c4ff9de2f18024a54332b60b73d80ea35d389a19cb175685f834cc4a04eea5de463d55a63cf5750a95550e5509f8a4875d26f2cb70926e104f15ebbef27764
1787431096.598154 vent discovery/pairing handshake (vent powered) RSSI spike: -42.5
  -> 255 78e3b373edaf1ae4bb16bce78400e39c1b87c95c67ea9d60238b17c11994efbd48ebe278be3992bfd307995af274750b80728cc7c0fceb2b36a0890eefb58860b1bf3a8f40b488152f4dc8780170f2b20e3c4f544a4ff41da5b677464c098ffad04e19c6782339c9a30cf2ccb1dc61423fa045ade35501772809717bc0d22e26317c81f647bd363434fee32172e1b393cf6499b216f2f93ddbd2b5bde0301e5b77fa132b6609dbcb83df8e03e827c59717c2f1def58353da43b6df5f2b212f649ffa6c2fd7d7a6f0e17cdb92a41b389b29d2c19a3787ba6d9f064995b605f6b77f54eac1bbb3931e2a779748b144c05a7624e32c7fd0e6279b92bd495bb932
1787431096.59845 vent discovery/pairing handshake (vent powered) RSSI spike: -57.5
  -> 255 6b4887193c3a36dfdebe3628a4fc1759bd76644230a9f7ed82be0db79050509ab8f81cc69c4c4e4ef509efaf319187ccc44ebcc5b6f326871cd637e563093fea003962dafa9ea50bb5ece046f950e12ef2380799bcaf0338c188cdcc0c1b08f159c998c2d867a4e948721ebc6aae514f83dee32ba9867c7eea542ee9b8ea2d7c07f9ecbeb188e67224a8ca900e216f89e5ec6f3ff444fb67666375d2f53b61a6d0cfa5321dc5c4785e052bb47a69a0e4e5bdbef1544d7407c21787f3e88dd35b4bb542777b3b882735c4bff3d4a1b987ad7cf86a6f54419096c34d69d701c11ddd23891bf3bc727c43ce8d3f5262cc374e08336c9e19af4bf6670b2d1618ee
1787431096.6001742 vent discovery/pairing handshake (vent powered) RSSI spike: -51.5
  -> 255 eda79b83a7e2f23abb8c9c499bf1cbc49f250001711265a93c005d8f04e9deea452e7f67c2d6577b226786a11548a763a7fe99d6fc9fce3971435dca6d9183e7705ed26288e51b642b924c0697d1957f4c638825b339d925a0dc2d990c93e80f0e95995e46394420e7e127147dd8b1109e576bf41cf473a442ed940e6bc195b7568d6644482e19d3c0eafceccf38e23097bd984d7347fbbeb3ecbe19241faec8e82b64fc8af3044677459e58c1d489cb8e1245b81ba72684e59373513dabf6544cf5c8507264c19ee0309ce7e33a3637f9599f7481f9dc01016cbbc972405fa1f661cad6f3f69f7422cd2c5b953683a483d0b2b891069b45aba57692fefd11
1787431096.600437 vent discovery/pairing handshake (vent powered) RSSI spike: -51.0
  -> 255 6bf071df0726f8bf4bb621f38aef7ac8787cc8dcd05b45c3fef0e15c4a29f1cc312bcb6ec5887364fbd328a0f8798a03b4b0990860ff158d7d121dcc8f0b0daf2b029e2ca3e4cbfedfee3e0ef3889a3e8a172e82f90e07c82bb57cd8b9250057e8317b73d1cf1466d6ba6c3cc24f3ad90c8b3ba0b39c2e84e814470883229f2144e53c3e8aa46d86564b6e9b3141eaa947f6ea9c82e9bf0dca412983c0b45a8c8bc0fc8aa13ff2d9e2d4c55d58800ab205eebd63e5ccf7e7d8029dd7988e63cad20426263d40ab32496c2b82b97d2b7d074826eec115d9304357aaedf5abe94f0d2242921c03000ce794299c68ce08d2da9fbc04980dae4418b9c119c08c5c
1787431096.600655 vent discovery/pairing handshake (vent powered) RSSI spike: -51.5
  -> 255 609713cedf66f06104ef0f7ed6fe847b453778a5b6a6b0ad31321f47009e7a4d84f6b61204fc96b23ee8fe4c2c2541e7c783ca07f08c4c505204cecf258df8dd68bb5c4c90bbfb5bf1931775f8cda5b082883b8fe57f6dd0fc71fc440f5dd10babc3071de5b3cd1ed188b43904514bb1637b15740a083f949533b8c047a83627e836cbe19f75f0059d0d9eec8c7b52e724b19ff6138b6314e4209eb2aa2efcffc71b93c655a46f9294defc5d9c7ef140ac71d76f1f8533294f1c9a935790d4fd62016be5401d318ca64bbf6c37e4144df98d64b9af43da197ac4b657ccc54c7805b60422d0a8f7ea3821176518bd0d7dffa9640ad3a63365f8161606e00acd
1787431096.600905 vent discovery/pairing handshake (vent powered) RSSI spike: -51.5
  -> 255 154753cd04fb5ec4fbcda8390a046900b0c673fb7b2200bc0641e31c664cedb26b131b449e0269ea3d7ca601eaff5d76fec754cd39cf980c5a7e295e9e212990c6cc4db7984f14dc2038f28565ac122c028bc421696bf453e6408d5b536a5fcc26774fdf6f37dd6bf9fbbc14b875d698a29d33e3237546cc7ee8c5dbdcdd9310f05e959f71445b19993ce5653245972c2c4100f1a8c912f2dc4b2be0f1f9ca72fa81757c75d4199ac2031d8558da1502bf9db744490d0664f2bc6ff889024489835508d30a90769b66fec21d2c2f252e7b7e76fdbb745cc5ac2a1e1b92114a1a903fc298b9b74dc20cc2f97d5e2c1344e25ad2b1ba7f8aee226cb017163381
1787431096.601165 vent discovery/pairing handshake (vent powered) RSSI spike: -51.0
  -> 255 9866c451854839f98637922b2be78d686d5ff8f9b6caf88fadc9f0182c5d559a8a1d39f1cfc0a38090d68ae4edcadc2a84d05de4a9722267b3af2302a17d7fdc8f6b5472be4ee45490bdfaa65ca50f5001d20c2221d747adfa85c31ecbaa8f4cb578c107f50046a27d7cf784a8878a29a425502b872b985f98b28ab97cdf701c57bcc1addea46188b72d6d8e5b59f99e6d1892702a82f908cb0c0d2779b54721d17566e0c50b282de5ac0d4a9e9257bb6ddf16fe488da4217d5f1653c2ef87cb1c2a67c79787e9edbf0b58ff46e213bfcd08dbdfa8481d61b3b4b0ae7147008b99b67e67985b0590f21c6a2626ab717af8d92172880422fde93e115074eb88
1787431096.601436 vent discovery/pairing handshake (vent powered) RSSI spike: -51.5
  -> 255 f93935dde425fcadb52d55813ff81800f5685758e2fa1b93d7fd104862f6e64cb389ef34f48c08527c4faa10907c3ccb6987fe4724042345d8c2f44a3caa3b33e6808c3cc6b7ce4fe5d7832855fe482c20325ae65ed4fa200c9ef62de5d6cdd09c0cb7d78c494eb51421aa118393f7b80b7b83d31ee2e1b9d35d599840144952cdb2278e616859d94b31cba20080be584fd368ec3e84e8679082e27d99cde4c78ce12e08c595d2d5cdfddeea2c5e4312be74bbdc52cc8a4bff10ed5fc2ea0cf65d1e326858b764ad751db9aa40f5a2ab9d605796335e686a511ef4e5f06d9a9629b7ce4da98d5042876940fd216a7380ba8cd1c9b504f07e260c644cda4b4d
1787431096.601661 vent discovery/pairing handshake (vent powered) RSSI spike: -51.5
  -> 255 3a260753ad6551a235013fb11fee62a99662b1cb68a512eb64bb396b4b87d13d3bad7f7bf6c413e3c96569387efbad62df5f3199a24c114257a302a923ec14291819e41a7394d83013e312fc3a7a2aa717433ca4f19b07e08103edc8297bf68de78e00a81127e88f373e000809394e93a12ba42781da73d4e1492ec2c0e4f21ac2e4e38a3bb462ab0804c24e3711bd1021ff910ea6ff30a7f68f696fb56fb55d9ea6d067ed543953533cac336c20cb80bfc703cdb69ed6ade0771fea99cf9dedf89232fc9c7c2c215fcc224f1f89637394d07cef96b1e2a56c2d89cab807cfb0029d46e1481250483d2ae75948e855669fbe3cfa597fd66bbdfd5165881533
1787431096.6019142 vent discovery/pairing handshake (vent powered) RSSI spike: -50.5
  -> 255 d02953a230cc5931da7e9650a7c4348d1cd838851f967d888a8168602673eb852ce7e99c6fd7b863041caa5ee112edc591f7bf91c878393cdcf1404c321cbcbd227df6342444178076f1c33736af23a467774ec55f7bbca08108eebd4e07499653def48fb9996fe970f3ab467e3e89bce6c3e3302015bff6e04f2974831362efb771370690c43e1f5b4bcbc31185e671e15d4493c7d335f6fdf397c993b90de9ccdbb488aaad309f9c94f21a4d7c673b79880cef884c8ea9b22d398daaaf483a67cb50671c065c9301af862248396b1c8c163c5bce0fe10032d55c9d035352a26d20a64d48c11cc2c09525c85612452eef491c268c20b0eaa1fe32bd5902e4
1787431096.602168 vent discovery/pairing handshake (vent powered) RSSI spike: -51.0
  -> 255 0b41a8aee5e58d66c1c31b37872ebba058ef9ceb0b0f36f4e95e11fe711358bbb9fb234dd1a245debb9f143af69ff1b7fbae5ec240bd11a74e5d446263713e7cf61a6bb45bcc3044e0c9c9b1fa85f4580033e66d8a39ee68c3ebc24bbec6de1766d65a48ba6407a0a39c58ae58a04a21bce9c9c4ca3c8c2b00ec189cf608061cea768803802e04e82aadf244f1ee04f45abd220f06610a58ebf8d68d185e21d715d054a1e45bb0e50a73c13f0cb6ca8ce9973f74be02ad242d4aa28adb4c8073034af1cce3c3c8a3103aa9f12aa51ea2806070ad304561f43a8c8d75da583f8908922767d073f422d5f70ceaae9533de0121db97c7ee58653a1247dc489edf
1787431096.602405 vent discovery/pairing handshake (vent powered) RSSI spike: -51.0
  -> 255 4f636cfeb73903bd7d1b240cf8e88c3f0cf39bcdd92105662d06cc4cbc8c85b24e85fc6a0aa12f41512bc7d2885224fd5218dd49eed3c242678c635dcd089d6fe2c4051c4ae2d49b5fec9d9abc04149d64d7943af71ad012c06499c3cacc2c3a572429539d8e35eaf8d9c7a6c2adcd738235d58de175f25b5c18508af9dae55711798f77740376ca48952dd5d93f495b5e5c78c9a90add51050bbcf65f278ef9a9fb3f6926803b639785bc63893f3c3b61b606d2fc0a544728cc749a8a5f2e5e80113cbf44382a65d3987a171425db4600dfe89a5c6281732f61a188476ae916fa33c1f9b32753cb21893caa6267f41dee5f14b907546df5da0d66ac75ceb1
1787431096.6026409 vent discovery/pairing handshake (vent powered) RSSI spike: -50.5
  -> 255 1980ece8f102e1dccc761056161782a87286ab80250cbd372624752e973a2c9c96fc58f22cc0fb90493b5bb7aeac6d1c4aec37399a86f1014db5f97d1881f598fd13bafcf6f3f78ded5840a0a47b178bb943ff2eae2cbc4865f3c6ea8bf680d4f16a2df03a056d151181187af05d57a34dc8a5de2ae7ba989a9c2ac6ced18b9f10d8c2fc894aa1f47c6e1782430beee869ade485dc35aaf5fedeed0999510de8534f0e25b39839cb0f579085fb9ac976eeb81bd8af2dee77d285e3ee616b814cc19c0d0ccaf3e703b51a212088f710b1635d205c40b4a24b80a567006271ece8662b517d50bb6613d3fcfa3f400fe0656188fdd81e62f823888b83d921b514
1787431096.602853 vent discovery/pairing handshake (vent powered) RSSI spike: -52.0
  -> 255 7d6f31e9d7455369c4b065b09a4665ccdc6e25c7aaafdaa1c144b3a059e612f515cbf0d9a272d7f675b1c26b9cef42dce0ca1336138b5bcae2b4f9a63899ffb635686bc567cee69dc4130efe8ef0379d58208f0e5d4933eb86f0be3bc12788d2038ebc3b64e2ec500284b300e3089358a5cdb56aae340379b84700c975fb069a31a8645632d7a0e3cc0c60849fc705463330fe79b65322088f40c3671f0261c2ffff706f30d69703c655bd687bafe96d05d57923fb398266e80ce0bff6ea2de4c2b114d80e83d9883cb1ca3035e814858fcb0deb7dcd2d09fdc340685d614606389dc5b2884a27db4f114c1dce35ee3df323257566e98be41498b7e0cbbc72
1787431096.6031182 vent discovery/pairing handshake (vent powered) RSSI spike: -51.5
  -> 255 a00de8d34001fd6da310fc77239feafac9ed87440dc08a5e0c33c76f5dc8dba6020ac5045b6e07e9a8b99eb5f60e438e6de0f6e1e72b108d55d8b187080b8835ac54ea689bfb4317370a4dd5973c6bfbf22879cf3c8d5b1075868e1d648a2d6c2c04b32e178e46412f07c1d92eb804b6205a9d17319d4e67bcdb4636b37782b67b755516d28aa277cf730622de7abdfa20a7d060be2a4b16b05c1eb5e4258422e7f244945098cc04a854ee946e3a3def0e780befd777874f05e87b646d4f22c9ef13545333809b7c8853be02120ead2c444abba912967fefce45c33ca55e316c00c5615dc8a695030cee3a67065ba308cde8ef5b5d87645bd897f4f3a2cf55
1787431096.6033669 vent discovery/pairing handshake (vent powered) RSSI spike: -52.0
  -> 255 ca432d7d27a8dfbf60939e205f8fa215742dd116d75cbbdd937e6ee90dcc52cb36ddefdf2f5d560b09e3b3a4b809a728296778111dcbea7875f36e65d7536d08980bc048ca1ea89e42f8c77c74fe7915810a1c4e11d986d372a0ae094afd5964e511a51973ffec6508a4491a3256f2e7687ceb7c1ee1102f3a6708cf0ab187611d202b4cd1430a8d281366155ba10face45eeb60137853c102282a4abff189592c3e3127a40277931e4eacefbcbf13d464c5ed8832d676a99f17c928a9088be62cf17d0fb833bb3763a95c069eaf3fcbeeca0db37da778128fb528f8e1d56c29879728333ccfef7d5d272ec813436c91cfd3ac6766bfad63d5dd7e758e2b10
1787431096.603601 vent discovery/pairing handshake (vent powered) RSSI spike: -51.0
  -> 255 59a894d2c49e74bd7a5e26afda04b66c69388e0ac6b781c44f74c83892eeeff861dd912c0a64eeee4c3a89fe53d850e9dedb62a0eee17aee3955eda6917c37eb219730b0823787fdf4839f4975dbd49a099496c542938729478fdea218c62cb34d17631feb1b718f6fc922ecc40678aa00fb4cb51fb02502ec39b80f16b096b7455e8663c51fcc21f378d256a44db1b3245a36e8dffd524f0bf922574df5892219f0a146d341e84a07156c96a6db351d9664564268e56b95a0965428b3d865896cc2f5059a3bde12bc225791a7f5ddddad6e7c79087e6eba4f7b77a96ec96afb87ca4aec1ec699fac1d71c3d7a115270358f16980328a5a8b71441fcd7003a
1787431096.603842 vent discovery/pairing handshake (vent powered) RSSI spike: -50.5
  -> 255 61a9849bbcce938936ba7a9b985ed2c3109c505450c0b5650747c81b3a2e7db3b1ef660f888f1d57316a6d9fafaa843bcc0fb8552a64cf991974a06688f6af631b1612064a012e7acaf6006e591226ed55ddd3ade926d9b89710eddec882410e96ccf4e19d0012c652e420d3ca7d4049da63fcd31e0d29064eccfbe0a6c4be42ea4be342e7664d27d34b70032b939c3454356c4e54968e3a01ee65152ff6e7b03a935ad68f3e8f09e8ad1749f9eca5cb5068d581c7693d8bc120511caee3628776380ab3c76ea6bdb7d4f129779a3d4669f9d7d324dc4b04b5a5de1b991c2693c8dea06bb29f9c10ec05db531a107e11758a084d05c20e29a38ad004062b71
1787431096.604138 vent discovery/pairing handshake (vent powered) RSSI spike: -52.5
  -> 255 0f9a4046942befc37fecb0862410d114c01d58fe6c5cd58ac9872751929ac275fc6b4323b86bb431fbdc8ac381c52d116809e62d85a6a40012537319e76eafa2894ab5c6e78e7733ec4a7c1905b8c6030c89e0ad08166eba66cbd8c6465687dcd0187d4b182200a141227dd8d3529e92091a9a845eb93d819b01064c1b41b7d86533a8c6cdf0c8aca79ef84ae27008351d45d2fc0fe23e836fd54334a8f86d069c8bfc7d722de6c31aab715cfd509464e7f57b81421606efba9faccbec5649562cba7c98952f6fac5ad3dc302314986c63b0268a25d7c650256d1c29344dcfe3ddb64a16621965e3f495f82659ad52c2638be491923436b2f7e26012666259
1787431096.604413 vent discovery/pairing handshake (vent powered) RSSI spike: -52.0
  -> 255 a70ee517e8c12a8241c2044c8c17666f50b2a904b1d6b17a8a78e78112f18418e0744a45907b3c150d6d7cca2b1e7a2ae66033349e97554476568bda94d1c5f6f90c8687563023a2d4f1da8622a49aa9464af50eb206247be0b13785b13ec5d3bc4c5c32a24455bade18d8bbf01df5735c1dbd950fd4de7071ae9b685ec7a40a3d0e806308f1204f9d93befd6b45f911f0c4cbcf449497e320c1c6f1a4fc609f17f4e70a227789ac62f4d500a5149c28745f46a4171d0449203f660cd554bcb0047defe3f90fd9a7fc4acde5bc7c42ccaa28a0746e476318bdb2c853e701b938ef886cc68daba1b6f314d0b0d324daa919f9c45fa7adb58dc98291afe125aa
1787431096.6046631 vent discovery/pairing handshake (vent powered) RSSI spike: -50.5
  -> 255 679f9ed537c1811e221a1eec06f803fb46c31e0aed3947caaa49e5272da98b680526e37edb29bdfc8d13f79cd6d3e195d477db0306c9bbe182950c3ba1726bc03ddf40a58d429e93a572273608b6c56ea8969ac89ca78f478caff072da47ef9954dae22068cbd438a43de6ae4ef78c2c6a25a38ebb305629fa602526a97da8fd61aa6f92a3746c5c0301d865b50227567f7f9ad20ab89acc503d660e7048423fa47a9153ce1a2abedebfbf3aad0ac1c36575f9dd6d2c387fdfe604a1f375a7199d86c9e3c1577028e1f024680e1dd9306bd3be2aa48e56682de05504c100a81222aa393c1aff79d26c2a2197c0436a1d6715338db000fe3d436ab238b94b4f
1787431096.6049228 vent discovery/pairing handshake (vent powered) RSSI spike: -50.5
  -> 255 e2ad53c7e4d0a3b198ce5aa65d4ca79fc57ba8d6143f7731978e542822562d12521fd562e5af9b4e047b1e59ce07978d1257af0f811af1b7a051c1cf6b6f92370a41f2d597609799f78621c3e4be7642f21a80627697230d656de806616c9dabcae6140dc52ffa262167edf3f4443adf263ad4398e185b6f1bf07a50c07ec23c20b85b65b31e010f63884ffae8ff8aeb14d82162ddab7dbe742e89378fbc34f18aa70549007ce4f5c1a72b060fd35467bfbdc74f5867aff1ef6b9eea9835b92c4a8cd9dec5e675f9e72e9bc721fa82ef7ec715ca786ffd31e2f493d9817c33278a627e9f0d03657f65ee45e881b753b765427e8eb47b1d41cdd99342a50200
1787431096.605174 vent discovery/pairing handshake (vent powered) RSSI spike: -52.5
  -> 255 3e58b28c60f7374caa4dc66c50ce92eccd570ecdd538735d9e32312bd233829fbc851d07cadc243e91632ecf0c6d6ebd1bcffb73dcf74ed1a55243b109e42f228cfac5c8d9b6a7eae71a52881758363b6d3ce4e9eb4ac60f4a4d39189ce18d2ee10fefd27be7413ef7a9b3f1b9aef6fac3e550bbb20e3ab14786d1e237716966b7b8e847215b3be4a41ddf6ea59f6ccfc948e900c24669a79ee20ab7446f283a0795616a28ab8e3588236c582667c624bea842833e11fb1de80df3a316c5ee10a6bbd581d4928490c40914f98a4ed944edfe7ce506e676439f3f84b5aa53b883377f0a468dd03b1607b4f00be11ac027d6abd6eaf449181eff2293b937b052
1787431096.605429 vent discovery/pairing handshake (vent powered) RSSI spike: -51.5
  -> 255 83daff7d9c42ecb3e0d98e4571836cda6a3f6b35ccc7ed1a6cafe1235ddbdb87ccda7dc298bd4b395d2c243c33f5a70f6e65b019c11ad94edae33f3e267315661907acb0cb00011d03a8953f2cb91ca989052b2d01a3c415531666f7732943f1b1dbfc742043f3dc709a6ba81875a41eaeaa604569dcb9fda268ce918b12d9c0a77474fa925c8faef4f06db14ce43e26315d2fdc6d12f8f008cf6efd12f2901ef6a967063f8855e172ca4d2be5c569be5f829792d8ec50423e9479a51b904e714f7c5270b93c45b6e75487d240ebaf4671ef5849d084ef6ee3bc1d601a5720dd4e71f111d964d063d804fbede82b851e3719cfc14ea1529857f82784cca6e2
1787431096.605685 vent discovery/pairing handshake (vent powered) RSSI spike: -51.0
  -> 255 d05de9b1b5af6854b1e7b33a1c8e9e96bbed3241b85c3664f344d8017dde7cc7baf3d7e0e6252d96f3db4c4e0fd02e2a3e218b1f50dbc81b83617e5010b45fc5a02fbd24682458d0cc971c0406b7da401555fe70902d203c66314ebbc28732379548d37d8d34ab4508235c173a4225d8d687a7f290824837798eea06cef45d731f507a997361dbff6ae751ddc55daae55992497a37c91012362c646954f2d7566d8ca94c968f6fb1a2a7a78bcb55d8e1492771be8b98bf4ce1f73816d7cc871c8564b3bcbff58ff3b0b0ca5d59581c2a2df267ecaeb6bdfa00f50f102b4857493aaa3e5fea0bec0100e38c8f4def29e4a8af6372b1cb20d0a0c85686098058
1787431096.605931 vent discovery/pairing handshake (vent powered) RSSI spike: -52.5
  -> 255 23c72531b9b8180bf4733c5afa3370d400448df8fd6f449d1308263bf2955ccca73b3f42130143cd3467db9eba26966dbbc50e1306b7c93d43639016c2259909a62a539dce877c6046c02195036f957b1cb20689de8eeda854389a064834c25e35739aba0d0d7733ae9c82176b882fb991349a75d8fac996b8675c471660e9c5faeb2bdef2832a68224b414361603623602a204316ffb34adbba2f13c9b42883e95a0ffe3a805a54bf9eb2981dc6188714e7fbbc8d13cd0011bee3baceaefed3a4e9b965246798d67b8cd971e82dfddc8573b74ebf92d6ee0becacd3ae703d9102f263b2e41c29c664ec4fe8bc6e3a01f31be9aa7e8c499b64d3f0fcc233a1
1787431096.606186 vent discovery/pairing handshake (vent powered) RSSI spike: -51.0
  -> 255 9b9ba14cc93b90fae1ce86cb391e6580ac28c3585b40643e9e1aca5157a061d31bedc9eb8687035f847a59d8dbccb006e343ef1b51b8b62590087ff9efb431b83c6e83721dec018f7c0603c01ccb0d622e70036fbfb60e63ecd5670d7395aa4860287f59d5f5e398c32af3b839e2553eb8cc5e068edfa10cf3a40a2cc76c0dde4c9141fd5298f7be6a5189bc16da53f1d3c8b18b57273c76e9b3e7506151e7dc04e86659198ab02f6869c703ddc5461a7ee866af049657a3378bc5cdb811bfb12a333a32418ad43b0ce500cd48269ef9120c552eacd951a2d6e5ebd8bc38b47e1342f553d377cdfe92ed92d13117d9991cf75715d4c22d4a58504616e5467a
1787431096.606455 vent discovery/pairing handshake (vent powered) RSSI spike: -51.0
  -> 255 9c756fc3a6317b61006806e99b97ea8569a19e760df0359b2716b4b519ab41f209bd7025715d1e9abdea7f0b6e4d28b35794c6f766edbf2929a3ec6041244ee6ee43a3ba74739a703de1e8a8728861c7f0c8108023c5b66efd0ab09743fb8117563b380b0721cfa08267a9428a199238ec686e9881588d5853891d463f2c0eef4859a7f7462b54d2b7942a00b3699b564e11cedf10758c9298f26e2478cafac60f8b3687fc71d7fa39fb86f28cdc0ba37508b367645f37eaec79cab090b0d44fb365ce2755be3d7a7ed36c5b2fdc75ce43f1a0b6fd7a00d8374aeb091ffe92534580e574a7fbd93306cfa71246aa514b4148eb86c4200be348bec184c04e84
1787431096.606702 vent discovery/pairing handshake (vent powered) RSSI spike: -52.5
  -> 255 1f6e98fe54f2f3c5103568c03e0db81a3a050a9e1ffb686d4ae0544df69affa6732ed53b9137e7f1762d39e06d8cbbe32e5ee834c5f12f74f50376c5b3cfa4f6ce90db2c045a1eb72950bc4447a15e4045f987191ab196bfca3a82ef4930520aaa75791e2c8aacad9899a81b2387081afdc748f1af6363c0a5bd3e54d54e937142ccbe59c776e85c6266f365abd25d9d71cc10fc95c410403b771728aef0726760a57b19c30dad4c7a16e69797a0fdc3703dc8e86b9eed0bf8b2de05fe54c8af9a900c1f0fb189bbb938fc8afa54cea4f5404bb83f195ddc8790f2e1c15c2baeebd1174bcbc5f9330f5e40335669628cb12cb832c175ec41f5433bce795dd8
1787431096.607008 vent discovery/pairing handshake (vent powered) RSSI spike: -80.5
  -> 255 5b64522c4d0c4c6e245f4ef26f5beac2f4d870078fac6667c2b05e2d219ee51839fa3bfad3d4dda96ba35785b8020377824890b3ceebe52ee2f4cca580949efd02764206185fccbb19ae05b825707b2302b144b133ea52dd63037cfb111bfb1821852b6372edc051b0ff2f9c0e72a08bf2e62636bd4e0da54ae0258d85d0a15191b974b9556569d6f51af1bbae71c6b669809a44158c85e6bc928db32fda296e87a58ffb829532479bf8d1648a6066539e5ef793f303281f6fb8726470b3249ef85a312c2cfa1556e12b9d426384cc5ee5cb0b2f48b38cd7301e4c5f4069decf520f72eff15df432589e457ba4c19467d1a6bf95d079ad56a96a2a68b3bb45
1787431096.669048 vent discovery/pairing handshake (vent powered) RSSI spike: -54.0
  -> 255 6bea29536e9ba8c7ec86c8bf856c4ce04b59552f4afcb635579b22bd09f8feeb979ddc4974e2f3f8bb0876c8384f3de916af42b813afa6939c62a1785e563ca44faea445d0823af11d44c5173627b2cfb2aa47f7420b3e4fbed7e7782e0659a56cc410b1c7eded768929f01d902b98eeba7b0d93e803603c90487a19e68b4de52ba43a3c84749cb35047ffc88f348e5f3b03b0b97d7ea1fd9fab86a682d1dfd11dd5ca8ca5f4a21fc39573d2b9973206bf14bfc02d8d67ec07fc77db86bf22b50c8f8370db5fab055dd8b3e25a5bb693fa15a3e87a6096da0fe0e50d2966080bc0e82827385a9f8ed7fb73dc1f55a95f0e7b82652524d4b7976502408eabde
1787431096.669327 vent discovery/pairing handshake (vent powered) RSSI spike: -52.5
  -> 255 bb37276108a8e0b9415d0e614edc478f813d75654e785e875428b76dee346e16d76d1a5debe32883313531f3641dcb1f846576805c32028ad7336c809cd75aa08f23294002435dca68961a395221ee9511174ce5d909015bab7a944831c33a998e1b3d434db234172a6ed89c2f5e70e92805a6a21e62837e8b03e48f9bb5e5597779908b0985971392bb42903e6796b19fd1c97b882950e628c6ea3238b9c0ef21dbd9a13a274477f4c12af36a5dc26966bae3d922d105ac22a9798f37e9a1b7318647a639ab6e2088540b906a17cc287ec5b1200905421dfed0246ce7d45302f0214ed459584a5eceb3f330f5906f1300ec67b8213b67f59ec9bd68c12b33
1787431096.669575 vent discovery/pairing handshake (vent powered) RSSI spike: -53.0
  -> 255 4da9c2dc29dee03a0e57baaa5e7a19f661286fd9d8c7057d8f332398673ba1fe72f78151c23610a8d49672f1e09032b1c87d1e308f4be0dc7b7336fc920476fc7d86a39a5de3d6ae25da0e80308ae2f2dfa732b56b0d8eb48b9f622c5b9a4cacda5177af6c05decf662b818fca1e955156fc11a44316caf7eb931efc58fc178d7846cb6845f9e34a4f5a8789f968dd5a02147dfdc782ca49f4b9f2de4e095e3c8cc40bf4c3b0fcd8e334c39dbaa5aa93393055312890d92691ead5dfd61198d74f978da89c446d11bffc496e84afd2e845123b02bc7aca4343725ad1424e57abe6b269bede28d5243784673c50a2ecff00b3eb1349cd57f99fe521bf3fa78e
1787431096.669822 vent discovery/pairing handshake (vent powered) RSSI spike: -56.0
  -> 255 dfb517428ff6545d370dfb19f4f867d1cc02e40b82bed0c184ea8d74d0c87c52daebc4007c86a3c5c7ce0a6369493469001c30eda265807109ca4a05fa693e95f53a6e0424324ce9026f2fdcd945a7749a02a5f209ff6300cfe7d7762241526cdebcba5dc6628b9408456b0a06b4799ac085ee1c10d6928dc5820fd50482d1beacb4e37079b716c0c7c5e1790078b635391972a148015007d1dbc9e03087031da478d47185bce01afdcf4d82dc29c1f594d20adc72c1d002325b9931190c2268ada36a44786761f5d26e0a540482b35b71549ce53a226d064882c132e9a23621ec2fc8fff3aef998393acb2c37b40e9935cdb706d145bae3263639a40f76b3
1787431096.670062 vent discovery/pairing handshake (vent powered) RSSI spike: -52.0
  -> 255 fd497d0299206b61923a0f998848b43210d3da76ba028ac76a7af7573f7f134956f0d705c10dffc14dd9344d47cf2606e05543ce93b78237ee12d58a280b41b5dd7c8eceac51645a01e65b840d5f39795a47066eb6e66a09d4167da5197078223e56c8f99e40844c907506e1f4847510e937747758e6043bab75b73427c47beb44fe63ae4549d60023334717c83dc83f9555d24cc061f852c04f3f4d98943c94989611a3d869ae60c5fb4775b2f21e90a7be3a2ed0d3075384ebc99c74847d81ce2fe233ccb7de301dbaedc1cc46a8ac24a15c29f8dd6834a4968397e338f9fb0d14afff21d16cc3cdac40d9c8d15a781e340c5b2ca162f7e448ede60c7e9b
1787431096.6703281 vent discovery/pairing handshake (vent powered) RSSI spike: -53.5
  -> 255 0e7bab85d616cee193d407f7ac3ceeb5486c8aa0e278ffaa123f80c14af88550f5dac82042bbd5a6bcf8487fc4cdcfc37aa0381d163f28a4b3aaaed3f0305fc57184cb907c4bb24bc93bbf74d7d7e196971b96c76d4d2399cf7fb49200588dcbb809e01b9d7f0e356ff64e6923e63f81fc41b9939aba1140b4a811506aefedfc64fc98eeba835697d92c78a39e17e8c4db67579cf714f9819b14ff2bb7b3dce2aceee542f1f01f7a13d3d0861af015936f9c8f424d028698334003fbda2b754169fb240f8ad7613670494aa28479da5afc3def054c4fa52fb3d6106a33d8ee3fb4907656ae33f3879503dffa9e6df8d7b2257fc9773f1c09523feb18b9646b
1787431096.670578 vent discovery/pairing handshake (vent powered) RSSI spike: -52.5
  -> 255 ed2c4418debb73aa8bfbcc860fc0960f90659045e891c90094c9c107366ff317b5a7f71ee79cc3f3dd2bbd60dad1f90c66d40d49c4afefe4b793e90910ecc527a626241b56036d80160361b812ee45c4c7db21e4df94886770093e33a4dbe5b98ba1dc93db681b09d8dcee5c40c513e6eae4204d2a5fdf8e927bcd13342879abf8289e0c36705475e87129d412a775d5927ba439c5e7d5786749e5594130c74a65a4e706742a70ee1e5bf1f4db11a4665dc3473d6be292b7bd3b6d0a15f48a49dac11c8b24c1c7fcd7d08f8d2be9e0f4cce44a7bc5f7addd4192c7916a3fab1f85334a102d5d2c96b66cbfc66eee9ca2a45a6c9b5890f425a31089628e3a98
1787431096.670811 vent discovery/pairing handshake (vent powered) RSSI spike: -50.5
  -> 255 ccd39e93892e5c561bbc9e5132a907de7d026b86d12dcdee805863db3912e972fffd86dfa8ad08b51743b24b6ef84b8665fc78ae5c85e95034266b2c81707d8de57a0ed7c3cbbcbc691f52da23c84c132caac977684d07d68a5e7e0119b9910f46213bddd28799a2f321c2498e381bd50628cfd8951b2d55e1dd6c0c199e53a58cab839147fac34171d4b3bdd64af00e05ce3d22b5e9c96e26648e5c61c94fffb2dc2348664693bff83679173592d9f143e6a8e5e3ace498a93d2c5876656346d08027bf0209e4ced05b5147dc8de56b303626fa3c5bcae9b6da9c59e6c7fb0947081fb66eab7a0da51085aa1bc23fa75598dcdcd68b9b995ce69effa0defc
1787431096.671068 vent discovery/pairing handshake (vent powered) RSSI spike: -52.0
  -> 255 3cd9b8f0efbb920f9c684430c3666f4080e196c9eccaf296e1a38e1d1837cf1b63a94b7e27eb2c869ba0773a6e5045486b6e047516895170ad0c998418ccce8e93f8cfad03a52c037bd58ee81952fe8a601b0f39d4e6814f68a95dcd7433063dc7713ea595e0891b0beca5f7e2ada27fde826c51dd19fb7a09de62688ce60fe4012eee23cf31e37e0ecc005b40d6d18230177052fa9fb99dc0a77b29c37a19f9f44d0e4d50f69afec90694b2ae120b86227739e631cf6d2de37ed287ca6f23d3489cd565ec5ba93700489e231c3a56b00c1c43c81fadbbd0b60fc9cc7628c2fa035edc3c9e72bcbd6af6e240968f9443477c1a5f1f92346f46167270a36a0d
1787431096.67136 vent discovery/pairing handshake (vent powered) RSSI spike: -53.0
  -> 255 03a9188c82e152f5cb003b258b3d8d19bb41a891a5520909460f54177e29eb86fe7e78ab86cbcd46f843812cf680db53a34336468fed04eee26959cd36811c087743a43884a8255f89fda71ced76e18be9939f871300a86ab3d4ac2ca2cdb79cac70565461f778c0dfb582faa826ff92851b249235b2664927ba9e12a34b9a585fa22c3ddb7d27bf0f0c94c44c7dcf9787774b69917aab7f8f743cc768a41e4585cbb24efa17948b542c22af1be41f951dd9cc3583247aeae08375eefe8d820fff8e5289a110864d18f2b746a3cdd27bbb0a273fcb8a23000e0f4bd2d0f85a5e1de50a96b406c3d7a7c2f82b92a008bc65e3291dc71c76eb01831dbacf69b7
1787431096.671602 vent discovery/pairing handshake (vent powered) RSSI spike: -50.5
  -> 255 6bb5b2439f7a6415dff678586a04ce055d53a32b2f855d3cea16a8d4efb032a3efb9970b5d5c06c771098a6cc5c4bcbd52f32a35423354c1ea149e1fba7ac26cf764add04dd8e06474c0e1c0d792e7ef9d39abd559d25d58bf3b57f394cc5dc68e0a1d6fbef03817b2284f4bb03d145f8123b534672febd4e0f3789add2c29aecf3fc5102e56342d535498f0d938a41581adaa523faed892c1df3865aae8cdcc4cf929482d2335b01eadecaf50ffe84d449fecbf3c936a361a836226a69f97a72539a3975d4c6b12f7868c93c115011fbb4929694efdaa877bbfee0f59878922465b77c621bf7d01b49c60a1eaa09978d839cb3573a6badf4bc5f74e36293d
1787431096.671853 vent discovery/pairing handshake (vent powered) RSSI spike: -50.5
  -> 255 0a793ef379815356ce12160659cc7f2b9c6eb03cc85b3c24cbb536cd8e2c1a1290605ce28e8416831b53fdf4af14fd99e8b507dfaf0fa45200fb03b3d266ed05811c1ca38ca2c78b1ad13ca5a7ba60f40223e7a55bad0fddb47d359280b4ba092960113523d6b2645f122f7e0ea6923caa94cb03a2eb9516c8efb6e280cfd67ec2e32ed88787e2ecbcb72bc7104366d1a97c4640dc37f278373665af34dcd333b347be3cfb90717330ce066530133960efc97f1227489685e73c0caa343e476400470861a6be000620f6d27bab7c1cea9044c32a8c5921f016d445cd3bdfd5634804a1cd9ed311a9d584f3347f7af16f211e67ac5caf24e2cca151c4608dbc
1787431096.6721642 vent discovery/pairing handshake (vent powered) RSSI spike: -56.0
  -> 255 1483d56565b542f001c8abd43bb39e77101e7e7ca864255427958127f264a4acce050e9e0078444dd4e24469cfafb22232ee9dd41648ff960a1c748da140917a241657bddd03942ce1d2bf4ea41dddf8bd3901a67e6f6f65e58ed987e603f34af95f71d973f2cdbae714a5348bba024550b91a9a7050f5612848dc2b7461c8bd46ff324e7db09a9fbe84066b6d46ea90ad0725e4439b08fac940660d7002b67c117f71a68937d8f9bd86e84c5b2ab3ee4ceb5577552f919125b7f03dd64b85560a92ad6ec92a62f76e81813a465f3be7a5feead0b49d31eb88d39b3b23b6cd3fd4806767cbd6089a5feee29b4378a271047a3e9a8078205c7675a674aacfdd
1787431096.672426 vent discovery/pairing handshake (vent powered) RSSI spike: -52.5
  -> 255 b3029164819d02208d3478681dc8ab42d662640f2abc330d50f2d7b2f9fa40f0a737d9a3f59790610970ef2f1ecc0197b536b62ca2e3b91da1f0ecb75818eac3b29f24349be616e237deee072ecc4c67c737addfbaf1ba9efd64e170bd90cb071abf442409e069686eeb57387667f4b53576012dbb44befd1f752286d1831c784ea58c1964e5a61252be33165a783f88689aae6f928ec79d23677c3e0e64f1be0213c65be057310328941ab23bd3027cf62aabb855aa813efd965127e49cad0cb8b665751a8d2626e6ecd236c32f8053395f5ff36d6c9a799ae1bb4eaaa741c689112213c2fb55406c7d12833d4b21b54633873a53d2fc3136de61f6be1a7d
1787431096.6726542 vent discovery/pairing handshake (vent powered) RSSI spike: -52.5
  -> 255 480ed12b0a0eda966691ad589cfb7801e8fee7dc946a441f4047a8c04b6d7cf265e6ce54278676e94c229d6ae0159c70ffd1783d814c5bae9185fc6189eadb2bffb2071b8d6a57836e9436bedd5a48263e4fe16178a014ae84204b981ea971a48bc564018d97b648c59618ffc32a583ec26699791857489be93386b52ff89c8c03b736f3bf41f2decaa30a90e3ced85a27bbe4ccbca984e6dc4d1af380586869affe3c84239b2cc9b5567fe2f66c117e75ba5080e05d7562f0ac8a1654537ce77bf477c39b0cf2b9ec026909f131870e0fa672f668069261257ba5d61401136212832416ffb45ebda1c65d5aec0b8ce768221d4aa27e7bb2e023ed0b19cfaa
1787431096.672915 vent discovery/pairing handshake (vent powered) RSSI spike: -55.5
  -> 255 407d66993cf983c386aa43894999f60ce63f059149d8267550084ac49ed0cfaf35aff0152237823448d98f59f955e4a2d793cebd45238e725d38434332dce5825dc2a78fc996813e5528ff62a36efac563c56ed826e57290357976a98864ee94eb16be25d2a338c19e47244a92a25091f3486d23fd9f20bb53d3b599ce3a0223400cd1dbc36940f7003371e8dd5568e3714f370568b560787b7b8381ed6ab26540c8034414a7c27d56f5bb32264a81a953a84c8e1f64c13dc4c47128217855d78e56785446366d994c8741a1c0aa26a37e3f1134b6cc38c6187e9d9385437a96bbb2665a0626a1bcccbe08098520b92ef66794b05f564833052c14995e3be6
1787431096.6732259 vent discovery/pairing handshake (vent powered) RSSI spike: -59.5
  -> 255 c6889373c27678a56dda60546144f5a7fd33a7a0c01ade0016baffbf8f9fbd553d070042f8cfaf446cec3b1c764d470103c567685d519c2b11e9102bea73115ebae33ec8433ad59fa25e4348a57cfebe7bf1f827c11270f15f8e827c6de8af44bbc830a3fcf011509076a66d483eb9619c27c8f9c87d118eca74e78f94f20f0d77a4295e6d31cd037236cc47b88917b7fc3b42b6af5a17f04640517f30fbe3ab1c87e7fc31c17b0e95af9c2b4d0510a4e2b9f8b2f19b7c0acc4461fa13160aa8a5b98f7bf5cad15d86cce016d8f3e6cc3be9184064697e797d9e535f5e15c70faa5893b713c525fbb4ac53a90dcdbeefebf45150c023754e0c7228c5b9b34c
1787431096.67347 vent discovery/pairing handshake (vent powered) RSSI spike: -50.5
  -> 255 d69124aed38b50fd6599c1d1321abf2e95a36b7d5e719b3a5a31663af40d2c0e4236010a2a1ad519c44b96e54f78532072b11fef3f80a1bf2d1abf2ec449175f0135ca94e4000f712bf45c4605f8bce7ded2505464483967bc5ef726095cba4f4cf57a997e72aee9251161a37c12a26f2892f125a3e8f44a2ae0476d8597cf7eb11981c92b8bada697a3e2b4a6d3c9d036999d4b24382782805e4f48c85e63b3284c6ecdbfe458b85d965538a1af2504d38096f378d472b7db46243566a2dd5e6cab21860348a30627094eb61b9b895eccfe8dc900dd182a195bd8d7699a957d872793a2900ede830ef5ebca1dfffc4886efc5613d3065ef98beae57b6214d
1787431096.673686 vent discovery/pairing handshake (vent powered) RSSI spike: -52.5
  -> 255 b4b882655381109decf37cc41f506199bf83a0732f499fc66fe3a1b2ed99f67aaa5fd0bdd08eb2d7502ba6b30801ee1ddd4aa59c11773b931fd96ef2f7f027feee47d029e55b786cf8940fbeb928d072103a861325cf819b59371473c9a923c8139ded664bd11ce7c00acf04de229fe36692f66a947244c7a2f65f4d4ef950d0b2984067521404286b7449cfbfaa2189856067ef9bfd7d316af10fc51e4ae25ecd73d989aed06dd85fa581a44ed84f07482a8b8fff32dc522458d46311ec06db34e3df36c209924c2978f3a124df2e692a02be128e0b0fd31a3e53fd03555c1c7b1afb863b999dbcc75de063e4d1199c4557d6d7bdcdf7d65c0229c17b9036
1787431096.674009 vent discovery/pairing handshake (vent powered) RSSI spike: -50.5
  -> 255 db4c0c6c2ee88570aae771a72ef40c3300eec16187d2400932d7c21adc0b9c315b057185e319d6df8758cd5aa637ed660c26b8617f77b6aa25fe84c9794e23bac1c801a2ef61624befc160e57c74e8a1df89377ab70a32e3e08bca8631d0d8763f7db5c88018c4855da28f583f1c75cac649c0813179b3009482a64346634db10ff66066a68ceea5c426fa1b18cc47a01d7265d4fd86e314d4d58c405d31cf38c37045088830fe2d211561e73f676c336ac52c70380fedc0904d3c5fbd6f30c35be1d945e8d4a1f869564a4b9fff15bd717f25513728480a8981f2b6a8bcd685a50e68d9256c02497655e916ac6eaeaf041b76b0ecfcca9fd3ff45ce3aec6f
1787431096.67426 vent discovery/pairing handshake (vent powered) RSSI spike: -62.5
  -> 255 fdc48b08f9ac5dc263f0eb5031eef15936e2510e192cfc7e569a58e3e599f6673beb7138e85d1c93bc7afe983990d7fd72043c565e0611eab7a024290090d9bc5a68c2a6e53e8853fac7853659708fafb33971d1b0ad259f5aac36172d64de01faa97800fd81cd382a69dc05fa2bfc9cc379741759c6ebe0b5f0a9e3edeffde4013e9d728bb1e39b6e1118fcba3f7567b926e1f4e79dee040043cafff7102e8848cfb0c232831bc4f9024c997584a6631340d2e1ff8181827fba03c3329c1c55f7a0f076c3b91d6a8275a45ff02995e3da02f35c5db4c7c4e12421c25bbe182a915731655cdda2acb342b180b635347a5bd3bd8663a53e932d10c32060cde1
1787431096.6744971 vent discovery/pairing handshake (vent powered) RSSI spike: -55.5
  -> 255 21e2b4f794ab2b27d7f2025fbcbdb63101cb51a53b4be6546195a1264fb932ca76fc3febb736101ac6547a00ec85c6f2c100a0630ef3c97e4147d957eba31e2c01f17ad9bb4c66df872416bbdffb1e9d0bbf52ea02c53d2bc2c1f26d2e48454dfef524135c4346ac285ff2b76807a388cf5f16b719b07d329cefbacc271f4e454f6d4ff715341dc63a8ce0539d9b4f9661c7c2c469b8b2d1270199f7610694ed99b8f3a402141cfee81cb0971dafb378c8835adbf48cf2995f68581b4102916b3e8ddc7382050a028057d08d44b85df136826b7655878e4e9c01c6cd4be6cae542b1ef742cd942c53703b569f78ab2be9f78c1f1d94348f95dca0ba9c8d5d5
1787431096.674768 vent discovery/pairing handshake (vent powered) RSSI spike: -52.0
  -> 255 77fd1f1a12caa8c9a82e8f9ffeb17f65836d075fab3a354cb1532199609f1d7da46e95500fe8e7f1a50d2070175690eb9b63eca5013af8fdb80fe3a2253d41ab84741a6182abba2333beabd527fadff92e8122101d5d274039aad772f9bb433b1dd400f91c60f06b815f1840ff3b4f0aae2e43c331ffb174dd4fa188cf1f830e05f13e1f5f8b03368d5e21919f884825a8d8bc07734cb35d513087f96c5cbead08a9c8894194b5712437813617c30c8f2caf30e1ef8f75ef894c6c800b961617528c318ec2d82a7f2c41f17579f417b20c4c52cf6d10a97817cfe107a742ee6ac3ce397de6dcc53bbe07b2aa666a608627071809f3d74968c466bc569b0082
1787431096.675043 vent discovery/pairing handshake (vent powered) RSSI spike: -54.0
  -> 255 865d7a0ac42117e398ab493e727205f06e647500ec3e9cc5f03c7b1f38105b5f06bca93424fc52f5f034de9a0a31c8243494beaff61d3d493c10b6aa545c7afa19481ca7f25aae15e52bf838d4c164881c606ed0dc4c62f2e286decd497cbdb406987e5d3346628fdf8bcf14e1e335860e036491fc8291d97494ef2846f3b3756f859636e42748e599ff83c2fe9e8b932ffbf38ab5fa25d0f21418a66c2ecd421f89846c0fbc9bfafde96a1571378966d302469402e956674902191b515782f8994a3d4e5053f6abe2a58bc22ed02e2900fa109e010125d49e0a7f1db8bf6ea8aa7f3ee8eba4e452bdfecc66afd6411eb674a6fd939af433fbe556640c37b4
1787431096.675303 vent discovery/pairing handshake (vent powered) RSSI spike: -55.0
  -> 255 c9ac1fd220e58e59f1bed2bda4989c3b740f2f23d855c0d60fc3b6f832d619db344798232f9c3b24a5d7cb0133827d1bfe0fcf3f20e34235f600831bcd119f65823762069515483d63bd1c13733b28d84d6a633f8e45f3b3eeab96c2f6490ba4ba8743d257e74302e0f8263b053fedcb6da302b2556f57991909c7242db7832e6892c9af6fe8a2d3235c664e6320b5877c6f4c18f17552816a03e5cac1b3f4df603e2594418238c9cd8978f7760b5a902a071ac10575a0d2c5280164de16fc7fbe04750f803ce6c1dbb8041b333a2d75adcd0c8c6b8b27dd537a66524c2852e7616b825362a3237e87bbacc3f4c61c162aef06ca7b27f8c09239ef788bc747
1787431096.675563 vent discovery/pairing handshake (vent powered) RSSI spike: -57.5
  -> 255 0c3d18c6f700b8b70e8a9adceeeddc6e38ebc189b46181854369d98b41cb23c3d99c936213ec34fc99c776b5afc22d3cae60d7351a9410c9d0b255d5c1473f1cd76334763d0b5e18fac81e5a11de02f31fbf3b6e2e0678a64e864f351040b3bb6afc792074bea5983232f6be61d0d00b19dac817298e5a08549a7f8a7012f78ca01e2ee404091481bd7bd97521ac5458fedf50d729bd72e10a2541fb7cbd3fc7841e0bbdd57cc99b2f721963ab6b6d579f5a2509fb7e7e2c5e87282301f46a58512654594d769de9d63b249ae40807254a68117a1b6fbe6991a93cb4fcfa0697cbcf7dfe065f0b5149ae00bf71c73c7ce2604270395e1096cac6448c741a54
1787431096.675809 vent discovery/pairing handshake (vent powered) RSSI spike: -61.0
  -> 255 12434a95597fd764f7277ef5731d8f2e5df4aba49500c453b36c51a5983103bdd97b60e1489d7234dd04bdba7b66d0a561b2bd189366d9adac45063d6bd57fb4e57d2635433ef86ed9c339f383408210fb7fed0d4427e14930dd31a612d9387d7ef9d1b5af1874e458cccd3a0e9c05e263e3af5b547d8127bbec1825413a7725f5e3e12e7fcb3236d4ccebc28384874f3794a5293bd0c4e08ae5bf0e02a09e0e76e181e09ed9edb08242bfe4a832748a135dc41040673ff924d13cdc213c027531cd274d0da5eb0ab6da89efd5008b4cb225e397fea004d5470593f3e30a37e6439240e7725877a7f5dde29558f861974250cc8974ca15c44ef462f09bce14
1787431096.676162 vent discovery/pairing handshake (vent powered) RSSI spike: -64.0
  -> 255 5f6352ffd253f358b8e5ce048e13ef9ce6488327f43b06ca1fd66e72fd94ab7c8b086920a0b219ebed11989b61cb5d08299d609c50837e6d17195e8b890e92dfb4d1971bc2f59a75ba81df094cc620a80eda4105a028d5e17d7ffda1a581b9fbb2815b7796853b67522276de13665e29928fef5725ba09377c19e88587d396795494032ef80e0d044a2ba9c0ccfa2b68500e987e4bcbc2685d016b6587d9c1e41f95c855b942e4deb57957bc926b0735664466132322aacd4666e3e643e098f30033c65debf6f63e67c29e5cd803c41bb336440e2ba3a4366b436b513a98d6017cf26237f0e72d1f48eb4f68d83c191972033f749a231f112ed9b4dc05ada8
1787431096.6764128 vent discovery/pairing handshake (vent powered) RSSI spike: -52.0
  -> 255 2501453320295bfb5289b57400744cc622daed4c6536fdf941fbc8d4db5b89f0e5ae0ab6f9492e4998a88714b64ac6a731b3749ac4fb79de010067fd536be74df8b9ff61a2c97d3e86f6a6dbe25a3e907fc93b473f1f20879227841893b2b8c48a31214be314c94501ef5ee7d45468b7a7c36d1c295f521bff593942fba133d26e291d345a19db0f909d918ad001a4a93afbc28a9338e1eff25c1bcc0550a567b4a40fb5f96d2ce6509db7e1037edb537a17a2a0cc75429a6bff60abdb27f0fbc9cb97b7239379af156ca2238913a8f22436a0cf954a3edc204d6686631f5e4ae902a3c43906a32dc266e701d1ce49ab52cab0cbc1da589ddc73719bc7d623
1787431096.6766562 vent discovery/pairing handshake (vent powered) RSSI spike: -52.0
  -> 255 fa04093899cb6e992b8f638252b9a2b1c1fb850db6d7438213c295daf9ba81c0a4f56aba8f93840eccdc65b36671994d775567dc1f3035d2fdf34134b6e0e83c291a47f38c71731d45da0cde1e038b8c29184385896c8b411f065cec626d2c1f60acfe390269e2338fdfadc92c1125c6d5a923318c3bd870a2baf6a0b0d1e2309ba1da8e58dcca3e76230a4c17511cee4f6144e5733f940c84ff3321a5ddb5f42cd8f410cd40f405a328276c0351ebe00d3447281418d3452505422a58d2dd998036c4a2d418f2ec1f98ac864aad237aa11eee6f74c59cb663a0c82adce27a68674bbbcfbdc4bb70fd5730a19069581e5cf7872184702fff1b3d5c3189e19b
1787431096.676887 vent discovery/pairing handshake (vent powered) RSSI spike: -56.0
  -> 255 63a4d1b0244dd6f9ae90f166651c67d6fa11992f90f15387bd7b21a0d9e3175dd5df89a122bff5fa69074e527b8aedb45ab5aa3169176ff4c74292dfcede9268c4a6361ec9e222bbd410fa8ae8ce694842593e966a7cdf252c01e83032ac1af9af28747ef6fa59e4364163326ba79cebf70b7b099353a3270d3e4c0c4c96f2cdd592cc646b6ee4d8a1e8139751ce73f850f52287a936660de4d6ec670898e335af8e9b930f9442408d3be0d7684e4179af7176a068d7cb711fb3ea1657c4f2ea77210c88520ac32d9d7cd3ecd6ebd6b3b132a84b3b8e8fc8d5dde92a80d23f739771eb9343f093e44437d3440a8029abbb2f6e6a8f668c012b3281e4ee2e1a
1787431096.6771462 vent discovery/pairing handshake (vent powered) RSSI spike: -53.5
  -> 255 5e14e511f56293d4a40b748927b1c102767352992c9408ef173fee19479763c3671eb914cef52871f670f63c4b11258842fdfe8cd7622db9f7048915be3f7177625fb93b3578425f563e14f223a5011e07e8449d9d89836c57a9344e6f2486d984ad3d4d09286be22b7e6ff89ec2dc471d84299683007744c955bcdf329b4a201db1728f6c672f52ac65c8121ce3d707363cb25ce92cea38bf103e48caeb6007f68731719dbae997a03d77467e14954b93d0cf3f24fa6c6dc926b5083ccf1a0de566617474ebe12906f900f5b17cc6b23ce877c57d6f5c31fc2d9a986b61279a312082599250b2bec10679f2661cca546e997e3e7876c4668929693ac72ee6
1787431096.6773992 vent discovery/pairing handshake (vent powered) RSSI spike: -61.0
  -> 255 b7f2e605c03971057cb17364a351e30f7e1bd9e9241e8a5c02f2df874d5b60d2181b4d9b7bb5cafe0b06a34f2737925103840568d75ea4c6f0d1e8a90a7be92352603f0a12ae86f5b1d279f76b4ff90b89ff933f7b76360318c1c5b2cdfb5354a9c223807dba68ebe835df92d7c040fced4568ef5aa776d1d9a6adf5331cca6d635443d62dd1d5f3980ea72c3121c963f0598c13fb59b1141d029e46498771f6c8d1cdfad807c671f18131aaa38b8b2da2c9cfbe1600f8a181b3e9d8faf90110d262d0d8b74a53600e1a066bd67ed072e6e10458ef533ddedc536eccf88ad6f65a49232b7350fe55add0d61730776e52ab4b9a3a355d0c7f5a5cebdd271d3a
1787431096.677662 vent discovery/pairing handshake (vent powered) RSSI spike: -55.5
  -> 255 15cce2d0ea0f20001f2f15ec2479add2935aa47260a89042f663106ee7f7d0375ff267f5805b4c3ebf707373c3593faf1b4b90dfa982befcccd42dd03051799ce5249c44a041b25fd85e6f5f86bb72088a8edd4700916c285449c846d2ef582ecd33a6670cff0300c31d27762d2fb3d3d1123d5c95be784a3386c25bf63c1f5f0d1e274f7d931144da4962d1f0b8f2cdfd187fb201bc5919209974d75350330dfea3bff82817bf852958641933319142e5269c6510657e44a08b80f86a21e69e79ffb4219627b0c1dff0fd7190329cb8f254b450aa864c21afd7804c1f5e7cef5cde5035e0a6aa29aca5dcdf6fe31febb63b8477d5e22e89c26af81de5e032
1787431096.6778848 vent discovery/pairing handshake (vent powered) RSSI spike: -56.0
  -> 255 7e3434248a05882559eb2b368e84bf927a3c0d952c87ba58ee04cfd0d6710588940cebc94cd26d56d64963716ffd1c31f4c16543345b7aad285e791781ea0bbab7e96b890a007189474ceefaa0056f1f82950fac7c5887ecfefbc430ba5e3c489c1c82bab3028acccf5eae7760d2ceeb8cd677c58b7d3c257b00eda1f491128fb08cfbce5d5607fea9dd17921505f2a8e9d981c208ea5df241d36b096d83e7cd181b0ee509d9f762c2153a12d50ce3c466e41f897c3c72b7af9d935f6ec89d072877f8292cb1504afe8c3e8906e889dec0f06df89ca8f11cf78b4f099472c0bd2a632540b89dd517577408d52e98a9c72ef6e1e4dda16538b70a919fbbc2c6
1787431096.6781518 vent discovery/pairing handshake (vent powered) RSSI spike: -53.5
  -> 255 44e9a93434ccf6b530009e790f461415c2b0d49598b6ce8dfd46565e2f94289f92d9318eb4e45e6b998ea5f1be95808d7ef401d84d2cc301e0d17447863563b34fadf9376164cf6c17c8dc4ec2cd1b8d6d5313a66d509061f64f0ced5f22ef133f8daca0777af1521090fd27643cee818ec4eff6339b1be20c60311d32682182f4b0a33cb0e65752ae3b4f2ed8eca138e46bee135b139d28cf6d5828e82b6b9ae9452ccd12c911558473ff4f0c7115d1bc608d96d8c4def36d44369b8729587b098de18f778fe39c37eca232217d99a090949f0a0777a63c22758741a2fa7e6bdc80f2de96de61e47a4d3e76601f9e4f30862ccb20c09e6f138503b634a998
1787431096.6788428 vent discovery/pairing handshake (vent powered) RSSI spike: -52.5
  -> 255 d2024d5f15a8f263579c9a7f51fe4f1d697f8233bf0f370a87d35599cbf17dc8aa0b938ddbf75a4c67cb2fb2104540dba0d460dd3a084e40eea1c43184df20b5eb3be2a949700072bbdb88119e8f0d803e1bf1753daa2eaf0385f7c094770f8761eb31c4bf6b5d4fb6d4d9c3e80e31fbf286beca8ff6b906d388977b34cbc7b4194579df8a2e92a53eb576ea46eeea0da545f6e6b9db4f39c56307372f86926369aead6f5b237241bdba8632d0c9ae75565741aadb3b17ef05bc5fdb2b16c6c2250312a5b52fa1b1ea28233f3a684058a7b32b7dee396131069b75940a472c42298cf2a08b46cce0e9f144dffc83f8b4b785ff92b3af94659997d125fe36f4
1787431096.6791291 vent discovery/pairing handshake (vent powered) RSSI spike: -51.5
  -> 255 0adb0786c273d9d3ee6b4773be1f529e9f32fba02c8da8849460a51157eab880328cd16399e4b33970e09a3651dcb519f70b18ffba0f4900fd9a27ed634d83b7c4d0f968dcef528e391f4bc75ec5ac4876dbb54af40134d6f144427133f6cefb597b84daf17c23aa5e4ad53d65fa22511fdc5868f789e07c2332908c3cf4164db0bebf16e1a16ddc4de82c86b59d27af8db1afd1e18f377a7bcda1d95bffc41832b453ff263305441ead0d00ba3c38f1394b4f8104da9b82181b76196272e8dfc086b9be03dc0d48bf7c128d6f5ec0cf0d93756725d93c69d46b7c3f9fd1ca4c1ae77214648f9cd7c726e0a04c0d472f09f0b3a1c66071be0a09da6254d9e9
1787431096.679342 vent discovery/pairing handshake (vent powered) RSSI spike: -51.0
  -> 255 a6dacc5fdf2a0f53c943a3582c792e77d718f3d5dafa98bfcca026ad412f4649153a9d45bb2abff8d0619ca4db8e043eda79dc32354106ba8a3967c32c94a7a1f5bb8cd1f142d2436a8feb6c7546f9eee71cc4bff726574e4f5776780d3de2879d05ea61649e318e744f321e6dd543a088f247e397baf67b9d31fe7bfe7e44c4cbb5f7b8399d1aace8149155281c0a06a8d86a5abe8710282208471165c4e367274e0b11d9f3e08654d1c3e793c001cc4435a5d10fdb935075638bf2f126484176c9e4928fa0e2238f66c2ba7e8c22de19050c86b6628f9e4ee19db598988a11edf751788b212f4f7028b97acafc7b98a5ef8727872e7e7f1731788741e1da
1787431096.679614 vent discovery/pairing handshake (vent powered) RSSI spike: -51.0
  -> 255 a79fd7c724228691fb2ec67b961ac6014d1e440a58881f5ea1c3da9bd77a0f25a78cb499d908cc0b33313d249add9c3a8eec762267d1cf02ac54b1b5e53d9b357a5433ba30365dbc87d09f1468a834f626db0a7c9d15c262cca5e5dfe839df18eaa576a1464a732195d2a5af2a85d8a864c17ef041b5b7044735abf2030289effdae58b23bfdbf4f0e1b53f24a80843bfc063ca38fa13fd8abaa1e0eb6cbf3d63f8c5fbafa6684b5495edcd82216a0351e2620cdcfc06d95b01c128956dd2d3fc6b131d31a7736c107bb9ccefb6a8228f97bbbd90333b6e125bc3c28a9395bc23c128aae5ac6b8bed8826cbda24a851313a7886c10464c1c84e6f9479208a3
1787431096.67987 vent discovery/pairing handshake (vent powered) RSSI spike: -51.5
  -> 255 48e229931350464776e7710c02020d62eeb29ed24744103b77b6bc64bf822081f3670929783357c78ff3249206d31ad082a42c6e039007dbf6dacb1d76b2b93c142f86f1f832459ec914d0cff96d3ea967742953a995dc0c8ad0f1e68b4b1771dcb03cc4e82b488242b8374ca93b88f2205bf3ea332d40f93dc906bcf730ae1684e5f99fdd093738e81f3835438185f2a13ac7a5a468e66b52d56de4987b723dc9c648b517ba1af1aae34cd21229b0bd6961d336505d6b9d251064c3936013f65e454ab3a8d71d150a2d7c3128f52483f76c5b74144db1876a8d10bd9a3c0360321e5498ef687edd96ff9b7accb5e7720416f09358f6e925999c768c02b461
1787431096.6801999 vent discovery/pairing handshake (vent powered) RSSI spike: -51.0
  -> 255 3b09bdcbdd9fa9901e7e18f4ae053ae6c5961f76d5e40fdb9e32024383b9b44f9ae840dc440e61a523723644e184dc17dbdcc3b75c0f6c9beeaad402f005256c84ca0f92231f00e98622055966410cb51e14d8835cd72fd92e16f6782c39df81b17cec71af84e5bcdc272e55403b7c9d36b7c70d64e45a9c43899b3a06f0e46ce4eb519ea09e8580c141d5da1232be6b3cd9e8775892fcc375a22c231bbaa5a8de1f0283545e14a81cdb1dc3af0b34d5346c86d74d4e2c8e6ff55a3965661261527eb36155f505b0900396c60b34a098f9a361ae82ec4b7b16dec02c42a62f79b0f5dac667978d358d032f892e71b813e788290a42eabb60629025f6bd4cd4
1787431096.680476 vent discovery/pairing handshake (vent powered) RSSI spike: -51.0
  -> 255 1692fa3e64cde0e657e4696f157d4ce3ab3c969125cf3d3d6121d12bbb222f664849aab3c0d7af71e4e752d7520e39cf2c07493f1abfe1b37d2be1b5526e6e48081fe9654fda95fca5a2905441b5e9f0108e67c26d5db43c24439b44afa9fc94fcd51f642dfceed2c921ff68759b4c1ce6f1975aabb15207f9eb16d6a5302f93d9ea3947964251942fe782e7afa7e7ada10e407980f95ba3e8e243b38e05d7dc97767f9a82506e2f70ce728edd0cebb3014466ff11dce885d0696d14ef80b6df7c1313bff52ad63633ed3aa8c2672f6f6c897d3444238d5ba679a24d1b8eb5fb89e9e0a0921c91d70b87b03407c6459cb3a324ebe36962b8e1fd6fd79b5e50
1787431096.680741 vent discovery/pairing handshake (vent powered) RSSI spike: -51.0
  -> 255 4c841f35ba92e6c82d1989cd3b4c7ed688252dfd4f12b179e77b2095a5d9c47b8125d0bcf1c3f9f70f81910ba9e911c161a3fdc0e34249bba60c4de8772841012758494750d02c48d026460bc9d41acea85160960c5820c069c94ce067b0c3e4b8fb27caef6714e480f9ad5f5369c4cf8ff3ece5e1ec54fb6075a471e6676f5acfa6f8fe804b586fa08121bd29c1f817bbc190eacf1f6aeaf89b221e9f19d5b7808af4c815fe46c522b39e03bf7a97ad4979cd67f50cee2f2ad7482fdfd0e5867dd761c80bca11776d1e083308a78c67b9438a2cdc48379b68ca34376cb9fd993e7ca7422536f30b17300f547af24086d1ff592c52f74adfabf382be8f3a1f
1787431096.681074 vent discovery/pairing handshake (vent powered) RSSI spike: -51.5
  -> 255 9e26872f3775a74d6d9b61e01f10554042bc8c2a32ca6df31e85384fa37848ce2fb59a7f372c303d5ee5331807b8fe6568d08458c8c349fad778559883bb7063f3da5b66c7d4f06d158f3b09e0b12e7dcb495e6faab137c04f223538f91b9aa510164f0d8600f2edeeb64f8b59c3b1c08ec4c20921ddf49891f38a7a8887ad23ddec0ee0b1ff37dbaefc870c115878a758201754cd1596d49efe93fc8277fbb45ce14a0e7de2b17cfd12cc9067a04f9b9e427ccbba119751aaf543d6f12567287a0bbc2a0a4e64af843de4e1eddec2d8891fcfa8627350b53bb7de464abcd7f3b8d5cc96e622146071906a61824018a43be16599a8417a039beb756c29b003
1787431096.68131 vent discovery/pairing handshake (vent powered) RSSI spike: -51.5
  -> 255 4f94b19bc696da4b5c32be75375ba7416ada7c697cc8e527739e130b7ae7aeebd27a070d761387ebce5e970a0f4bad1c785ef8fc0748f42286e6bfd96b6721e57de14eebd25774f0bd0a7dcd4c748cbe09b5247ce5a675cdd0737603d5f1793a3f12161b3915d61512afff131e0ba9f64f95a65493175ae6492d1162da2bf1a8b8d770d0b90d2abf2dcc29177d59e55c6d2890812d2476d6cd900fb77d3e559640062740513d0af047280f1e70cf9e78af782d98d6eabc7071681c915403aee117a8be7805b068e25d1d0ac70f19a860c214bc630b941dfc593fdf142466f2b0466f80f89449e6cdf4369bd7dc8d4342aaf214d7d40d1da81ff2daa6eb3782
1787431096.681537 vent discovery/pairing handshake (vent powered) RSSI spike: -51.0
  -> 255 4f6c72654ee805ee4e6069bea493896ba45b818dd0330e056201b14b30f5c4b6edab6f5559daad21f92052b7327f5b711f4628a4cb83b55e4e27fe99335811ad43119db13ce1677cea50904ada63c5f228081af1ae09fae42188c85b850f19536a1fe2ed3ba28227e9bcc6714b2fb519725212896baa1c88f0cfc832fec20fbd83e5d384a6f0b27f41b21875bc89e1eb2a8b312ffcc79e3d734333f991587766edd08fd87902201737b4dcb58c325c3c223f64e1861b1339f0dbf3a4262551a4f525635166190a989829dde12740a31272ef0693e15348fc08efa5feace4dac4b57c7668539d4c9f2aa13e8942828fd4fa058af68827c49f34c6bb4222e147
1787431096.681756 vent discovery/pairing handshake (vent powered) RSSI spike: -51.0
  -> 255 9c6ef9d8515007bcab3e6d101b1a97ddb326d3d7c192b2b17031420f765196c0c3cbe30289c0644e7391905bf8c919789a0dd5e0d972b25931fb672a6cf7537f3210328bc144077f60b8dcc8e5e264bd4aa794c24eda8210cc789b8443dc95e85b8bbd94afc8a644b9d37e0c3d6f7c6251bd93e11575721e1fac65f8a4c6acff92e1556de6ef90105e744366a5f07c452f45739f21217bbcc0a7f67dbd6f60028dcfa3668b8e42021c2c104e5bce908f3ffd0f24e77f958d4b806f7a30c2c3b54374dba7bee6b0d3edd6b26e761213a0048f274873b7a6d5a809261eb675820bef3b632fbd53948a11b373fa8647ad4bf59ad57abc100c48c876a3917782b0
1787431096.68203 vent discovery/pairing handshake (vent powered) RSSI spike: -51.0
  -> 255 8ec4304ff21ab3388b9a79aa342e4dc9c72cca0d90c3081d07447e3af0640d6d5d1064670e30367877f02294dae76a51974f2cd40ab6ee897e01910ad5c88af3dc2c9c3efbb2d0040b01d30db9cbed646ebf89cd225f45edfa11e18d3b66e783a3b7975e7cb48e0b686b055d48f12f6af5b1427313fe18d1e8fc4fab5726d9d200283c2a49a286aede6ece1f113a112dab4b5da316132863243fd0d500741be7f6b5e0408c8b1b6888c581fb50a42cb521e1bbe7a67c4c77b7e3144e9a45254b6189cc24a89fc7ea1a8bbefcb0103955944a0e0934f9159f5f445340b46ca35bfa95d2007c1f21806bb3b33537de753a5f11d5d440a603547dff5475fc22f4
1787431096.682283 vent discovery/pairing handshake (vent powered) RSSI spike: -51.0
  -> 255 1d482e8366ec76507b5f37e365081963f6687a14ff8fc3b78cb8fbcad840b0f93d261f055bb134be320498d0847b2fef2c15d50369d9e88283a2012e8b78ad6da43f5d45ad6eb0e6e27bb55f904131e74f0386540d733ab72c0de45df13bd7801f399d46088470d476bc3476d28c2b294e30535176b2847939b68fb2d221912e0e96ce6bd0c65b87423ce431a65fc5b61c774456a0c48f697fd1d07753fa782a4f55faa8210bdc3b32013731bbf009db0d805cd97ad46ffb705dcdce31dcf0c4708db62ebe09e02b6abf2480bd972640a8fcdeb0a019cfe650068e54356c6b00a2d301f28aeadf8490aa639f97ea19b640a04ffd3344c8f70730f6f0bd7faf
1787431096.682515 vent discovery/pairing handshake (vent powered) RSSI spike: -51.0
  -> 255 b7c6e69eaf7a0f0f296e680112bd8f052cae81bb2048bb2737dd36cf25ebbfb4b97b513609baee73cf4e092db2cad0eec6bf958e454c25066f992c6555a73ff6844ed07dbb07cbd3dbe837ed2d003a02162fb0aca389e21565bf2c5042517bda81e8c9deeddb2df9bd8d5594d9f1a3263ab89eeee9007262432db69de0a343e7556de1e90d516fdf9a1993931af3231e2c3487e181213c0ef8921af4e738134ebd3f39da038fa0d9981071976b9e9162a2dd73bd48e1913af428df09217d7eaaf96819e109aad117032e2ed8583de97f296df1976b89ca5f6f909a64db2e1af5513b6ad47d41b2bb9adc7f4037295dc6c9e0590a0ca7a1f44c771b8b2a3bb6
1787431096.68277 vent discovery/pairing handshake (vent powered) RSSI spike: -51.0
  -> 255 e972f941ba27fe66351a07b287b55005bd8bdd42c7a996b3298e7fae261f72f96f69b5d34fb3a83184b25436771d57068781c69d516ef038c011449011fb2c0a6aff7e3915dd98f7c5b401175eadecd287fc22e57cc755209131ffaa88711074e350bbb534644b9b22f636633aba9dba8a05cd6d540e8af703aefbe1177b1581704d2838c6eed823590ceda0a471737d4f2c5dafb2ee7db7c0bca77d80e2c81402c641a7e4a6791bb4963f9068b672c0328ce7720fb6acf6b2d050abd76390f2cd95ca64a6bd95fb68c50e083bbac85ee858989054639f13e2953e72702154b3c3cf96817577a1283373530d43adec822066969904c4e6ce964e3beb97ddc6
1787431096.6830232 vent discovery/pairing handshake (vent powered) RSSI spike: -51.0
  -> 255 edd83a8bf9510deecc3e82996e9e8336a6c50a1ace87eef3f3510482d54336d64fd084aeaf8c4066b511d521b87ea29a229b36d1781deff10becebbe00242493a806105e76076536f1be114c2ba6beab26066c8afdd18009cd2062681f4a14859075dffd0a2c50f333d56f165315d075f2368552f5bab1699c3a9cb15706b817f3c28946249c062171f434afc2680c53d643ae2670532f58cdeb409bd06cb06552d8983e6df75a06beec4ff80d52a1e63d7b5566e340438c165501351d527ac5c61157afa67376a7b82cfd5d24470457cc4abe4337fd6f993b1a8c39e57961f5ee8a4474352400ba7fdfc7a2018903e3673a6776aa985146c3a8afc886ce58
1787431096.683274 vent discovery/pairing handshake (vent powered) RSSI spike: -51.5
  -> 255 e04863309814bf6c5b219ba532558775ae67acf58ff56957ff318ee21185b8fa6c68f6e6d30df0e61de61de359f5f0b7a6afb1d3a0add69d83c671d8e65c501f6cc39719d0c3372226b16321d549fb7face7531b6944851ccf0bf79e231b250f781ab0bf585149e5e50c2216158887fae475531e603e6d52f21adb5f6b81de0fd2882f8aae81f5ca38ead9d5bafee3fde51e8eabfe8a411cf111680eebed7f09c9562b4fbd0d36b4fda820ba36e7bb2e054fefaa1f65ac669a5f4a38b83da084920d71abe9a9efbd893fd542dbe0aaa450a95f6951039a76f87a45eb2376c0f2ac5326eade25c14932676d6fb35e8ed46f0b8854adfaad4848308f7ac13041
1787431096.683537 vent discovery/pairing handshake (vent powered) RSSI spike: -51.0
  -> 255 1bec225a5f16e0b679fd4510bfee14cc7105b58a625aa15abf7750df3c3d77c4cc2b62f83a1cf1871f7ff2c514930e98c4d2078063de527faf12ce88b6cf03d4cebbfd9cc6148d5575f2a47fcbedc2419c7a44312dc53ddb9850ef0351bfd523d9a105424a307a6b256c7817fe1f9e496bdeacc704d27dfb4c9fdb6cbf49a0f0b8c8d5a720d4b8e13d0891b9fe558f08115637249269481a21b8b5373cd74cfa1a0cc3561c8b0136fdbfc365bc412cec4795935285267360b25f41895eebf1970dbc63cd27c1f1f5a85f4ab064e1f1c6a7ebf9f9315ef38b83c6a58b4f02ff8f3bccd255a2dc40e68480aa36b9dfbf7a974364b8ff8a8204372e4e83ab36e2
1787431096.683854 vent discovery/pairing handshake (vent powered) RSSI spike: -80.5
  -> 255 c133f0ccbf45681b52a7b5c824a79dd7aedb90b8eabf23ddd2ef6eda3707bbeb3e318914fe97979f18866730e1edc402f8b4afb641a054d5e43f46a83dcfcdddef82d549d2057652a419d836bcd7498d69332751299c2f6d1aded49207d82463341037f0fd9abc3b677ec80be291f66f4ca86aefcb85246fb155a90a820bc16cc08d58d74cf7446c6ac604dfd41972eeec2b6e8602f2d3e338687353b6991df2572cf7bd3dad1212f4f64d0f5d3f64f0da9a130a2650c69668edbc0c2c24604461e9f3e9bc76847eeaff44d06e3fb5ee4e6737af8b8675957b8d37499f885929298ddee261b617093a58cca8ce78424c6559fe05b993c92e2305ee4af36663
1787431096.6913338 vent discovery/pairing handshake (vent powered) RSSI spike: -59.0
  -> 255 96a5692122d09b064262a5591fa72fb0ba7f9879b08b1b52a87dee04d94fb185980a06164ce5a9992adb1d84f00c1834d5e0681b453443b9d17b8c65d046866782e7f1daa04134485a90d5d57b37ea18b751aa4d35e373b9d925b14c291c4d6dc7ae5f7b0fd2fdae67492b73af884370fbafc78d6663dc5ac9f1486a452777136dde3d5798456db7d64018e338a46ff7932ec73b5dc6fb335a2b281ee36bc6b6f59f7cd12b37f374c791f0f512b0dcc542eb32d69cfabc1e7b739cefc908f010e08349417ccbe734fcfca4b9b0854d3440f31a357950ee387b39f04d0ca4045d5a6a07f7c905b1682d5c8a86c16902aae9d82591f8baffe587941419becbeb
1787431096.6916218 vent discovery/pairing handshake (vent powered) RSSI spike: -42.0
  -> 255 752d26c6ceb3b443c8d53371e03b9909b78162306bc076e049d028c13564c8ac1883811779c74910d29650016083fdfc4d8e2beca63d6d825b7b26f419ccec8affeecc57b01acacf6fd57f873c2f37972691945c22caf0ef7e2940533fcc3e44c333cc42ea5e25b622f91a859353385fff0b2c5519d8836febf725dabe83036a484daa8cf2819b6d353f3e693a660114ef82a74960645403c365872c192f36a25d762ab164a68e01660a7ae843bc2694a72da881910a989950014f12012ad7e538e81e7ba52e58a7ba038b8c4241fe9267cb4ce768f3c27b03b396dde5596a32e4c10f9ce1d8198ce383e502cf7f1915255f27070c3cd6579811b7b0f8a2e5
1787431096.691881 vent discovery/pairing handshake (vent powered) RSSI spike: -42.0
  -> 255 e2a0b72a57e37873f664a35a9df178f478f739bbed28283522748d0ab507ee18325600cf23a4d024c378bd26feb45e3e341ba65b2a168897f98755bc969fd2119f980e018a01b8ec1dce8afdd15dfbb8a90feaca7053a872a18b62f0f55ec77a98e7c32cac85f52896ceb8b82bb23bd08fa7f234d23304a33cc7f69fafe32429fe202a0070edc177c45fa759bac30ed91d527614854490e274ae6e59810a963c0d029cb85e09b8a745ebc0215028b73e2378cfdde2820784ea9af30d053bca58f6226fceb321cd4a948fcbd1ed5d9e0b18ecfc7a567a2001c1b0c525e22c2384073f3dfe9e35619ccef3b57499efa5c3f6904c0a199eb63c756105ba8a86ac
1787431096.692124 vent discovery/pairing handshake (vent powered) RSSI spike: -42.0
  -> 255 fef9fd98fd7bdc6e424483bb0269ec958fbafe51bccaa6a2ae626106cf247ffdc401e375031b04d6f3425cb8bef4e703aa2446635aafc93a843e98f2a7e191e82186ec9fc0fd98ab735110413eb0fad732ea3124aa7f02090ecfb5d3ae92811f80f65bec0dec2f4e6ea71ce48349b3ae6267d8a9cf226d78523f3148197c68aa3f155c5197a88cdd4319d69958169e75ffa813e82d90f932ead3f4e48fb2bd8c5faa4ce1603d3f3b0649c794e41094fe4ed4dab5a5c89e47e61701299ea743b0e05dd68d1fea035c6b54ec2a91c9b89406eb33e807ed43fca2b1a3371ea85f48d888a6fe2b760d167ca171edb3f8733297cc39bdd62b9fccc6b67b4b6aed96
1787431096.692332 vent discovery/pairing handshake (vent powered) RSSI spike: -42.5
  -> 255 f4f0ed95239661bf5e39ddae5e61ae44dc8b0809922267185f27cb5438f48b2c0a35c0584195263129c34c662261d5b0b8da0117b1161cade7a164b7753b4c7098143402215a9870e75cd5669622981418c4fb87048b95de0600e44842accd82699c8acb24a96684c688a653083f018c18dd39d0dcc52a5f704f0572179d53d3c7b1932bce245d704b75eef45866080820dd4592bac9ba181100e2368852956572bf7dcc463f5076dbe03c298b9adf0d6310d45b35a14bee9a71424d477239343dc4c763b1d47d345f49b152c58626a98f3f189df2ad4ec9b74f0eedb8dd6e93f5a5c6036dc79c4094232b46a2a23af01a6ec26083778279905e123d1f507f
1787431096.6926332 vent discovery/pairing handshake (vent powered) RSSI spike: -41.0
  -> 255 500a97401b56435f213898a9f496193e5728c3812bd9e53f8fdcd13db1265d8f249a8a66249d54066111890585d1d95ca4f377e70a0e3ccea921c484881a138f04b8f18b7fe94e44e28832a8879779e33b4c02480cd485b3676d0753e7e6dfb225b9c1b34d643b13b058ef155ad71e98418f49378a63a568ac35331b49115848809a483030036aeca6fe04de128aeb8a264ddb35d26dac8a6f92780fe1be7b6b144792fefbaab0c917bb88dea2668737ab0c1ad45a0c088bca2642603e22c7f12b86c5829fc8a57f44e74ee6e10b8a9c62604a07e74649f382078fa68cde80292613a3ff18d72d1d0f79e82ea4910bac0195ecdacd9d230179282687df8431
1787431096.6928582 vent discovery/pairing handshake (vent powered) RSSI spike: -42.5
  -> 255 c4178a6f70d00fccc2560707a4bd05814ea5bc5d8be1a9a299b2f1e148bc4df6dd32a2400fa5a39d6fd7e1836b303e5caba0852011f48130ba455a731991473e9d7906922f2ac7be91cc01e9e8d1ae01046ba80806c3ef25ed90b27b168cf04435e310fe15097b62ebed82efd1073a6ac3395d0051794e117e1edaffefaf0099a0a1afb95594ecf00a47d71838c846a807b04d6d40f9973da20759c7f647e1e4c148f179fbebf6368631bd0941d48a903328ff4fd752b7cd9a2ba21bca4373e730d748143461da14952b846c338ffc553a375ef0699dbc414a4ca942a2dddf9712d87958fe70d1acf80c5a63d11dac48baab7fdf896f8c718126536b58c8a7
1787431096.693116 vent discovery/pairing handshake (vent powered) RSSI spike: -43.0
  -> 255 0a3925722f19cecdcb057873ba4a934741ad46e956662792a8f4935d1aaf5655a73fb9bc3a9ced666a5eb38eba7e730e8268d37d2fa29b0cbb62bdbb35a5b530d6e1a9d0cb68e389cc40196e4fc6497a032b633a325c0e37f61d096fcf8069c5f281bf763d9c19aa7b2dd53bf12c44cb5feb0358ea55af8ca27ca3a6fffb1e86cf9a99b417bc38b7e6b66dab50d120b02e03b2c9dcad8bb085d57df69eec0294c3098c70cfd34e97d719caa912f5ee7772040c6ab67dfb97ce2f76219cd15ad1e11fb6fc65996879cefa29acd5b3aaddb515cc21629027ec674930429ce848939d3e6baa5d1d56841d387848cbf6080f2f76d58aa03f7a467db8b23229383b
1787431096.6933398 vent discovery/pairing handshake (vent powered) RSSI spike: -43.0
  -> 255 8d92b85e520bb23ce52512121192ab60f31d29d626dca3fc492716fda07ed447ec41bc2c159736d791ea303dcbe17cd3a925344dacf2bfd7a8eba4fa7d25231ecec55662ff75fef57474e9986172c649eac35ca0453525cfe8a002de7f9275ac670eb93727fd50dcd25b522d148ce756f87d4e4f9da8cf1a51bf72a0d2f262f15348628c544963ffaa580eca6db463054114b90f2b096140c53100875f3f8daacb8fa751ab19711edb9b7a3a3d3650d0254ca9ae019deb56480f5f78bc59e7c00255ed0ba2566e3616b50be4d5986f21fa3e32e80219f86158c7a5ed6407bafd14f81fac1e6027108565bb9d060e940e68df399a98849588505684ba2e43f7
1787431096.6935658 vent discovery/pairing handshake (vent powered) RSSI spike: -43.5
  -> 255 6fd6370b910fe4dcea7bd7a639ffbbb0d9194770ff710e697cda00a49142a29506f937ae82ead476736fc23d7d417a1db431dfcb9290645cbaea9bfcf8a9a2f2614d34b9e6f5407e9f0ff67bd22bd34c65926c7bb4ce1cee4bdde0b9331b00a816c02d6a380ad5bba3b2a8eb8a2ad36ca3293434fb8856768406782b98f672a489ab9884b3a8126d12863980f499192a543043cf4e4dd37719ec10dff7e778ad0891a6a6ddc0e9a9850b868309c2660814e35858f31ae69648de40c0ed6e46e23956c2673302204d81019767f452bc33cd05186ef448456b24e50c0cf14eccf856e5637a0da57a8cc0784bdbca1588db8b435c8bfb58e2ce9a653ae93c8efe
1787431096.6937711 vent discovery/pairing handshake (vent powered) RSSI spike: -42.0
  -> 255 e0f63bafc2008b5f9d9c075df2ce1cea97b0c00eb8e64b21da35632c961a21b35c905b1a1b0cb765ea1397c3048385a273911691f07a30c1c4ebf908e974b81e5c1190f73c91ec43be90db8bfb88b0e33071c9b45acb512ae82b05eb3d86e7dce73922905523dfc38990da7209836454090d990682e488edc38043e0ce9cfe1b0cb0bd0104e3504715195f105708c3adfc3fc42369a3fa463bdecbe76e19049c508cab9fe2fcbef31adb26100d7349985da0c6a1ea5494c40c67f762485875c0d3a315c1ea5f8256bf930b904d94eedb35243eaf6004abc7c88e00a9944df6435e280e1306428789ebb2bcd1c5d067047378d8697ce9da28fb909f1c96149b
1787431096.6940281 vent discovery/pairing handshake (vent powered) RSSI spike: -43.5
  -> 255 bfcd25a9522b40b4bc405f31d0d0f7209eefd87fc0a17435e9d5f13bffafb23462541c7998302c34ebfb6e401b0260f0f4efa6c3741e845f42953e43933065907489a053140da7b6909617ce7c8608e4f9c90a3cb005069a520eb2c29d8eab4f7998acdd396d1b456c43db8cb9f3e4063886bdde1ae6ba85be0ff0431a0efc28e98377cd529a2a2d25b39b7c455ecc9026ab9950c0080f3eeff60567150c1bce2d700c6a5da8ffbec27471bf92ae7f011f856efc04cc02407dad9df789fa639696d7cc520443e0f403b5420b828ebf976a0d684594b859afab5e8c6bc0324bc8dd892b82ecceee3aefcdc96568fbc3e2457ec36d6c31b22355617d8a41211a
1787431096.694273 vent discovery/pairing handshake (vent powered) RSSI spike: -44.0
  -> 255 561f25d80c16d62c5f3ef8c802a14e5059f736065a452ce8bfcbe066ee65bbe2ed815b3a2b2d6293e4e9e63611071741bbad7b48e128402425cf99e42179286c0793cfa4a2bf5781abee3f5add35e4bb28c7c169fbab6b30bc984e4b9b1ba924ff1d6811b80563b7d150a21f1313cbe458f311cfb5c00f43d9f4555d8e05518b569d2f668ebdd368b181ec196fcda1007c6e0227e813e2a34ab697b3c6d4d445591683a2cb542be2612abae91d752e1d9939009e18f028ad2206e8feeb2494eeb4d41375f2100a6606e9cc0b1402d84ce0d37ff4b31ea3bcd45d7b7aa2810a40a5240d28715743f529cc127429d780aa745b53fba76ab86cb769de0e313c1a
1787431096.6945431 vent discovery/pairing handshake (vent powered) RSSI spike: -43.0
  -> 255 a38b0b4b63b878cabdd78f9c178b1b5c717994a3ce0f2ba73dc6ecf4468c9cc7cc0b43b4ededb4abc24764042613d6c6c8528c22ca56f50242db82ad3055bb108d435d5e52126195c520128be75163c0d9b3429f25ed8fb7dda529d1ef31abbc04a9c67f12c0ba5400e40ddd84d729a07edca4e3bf76dca3745d87fac1c449d802643d4f8bb6d1d68a09f72aa3e947e0dc63275f7d888bc58a1ecccd8d2787a9b2f103251119d9b3283332b7bd2ad65e75f6bd61390bb8e0748fdf6eeff413704ec1c68f626e60e15df310e1216b0b3c347ef83ffbb78273ff88e9b17209846330b4c38e17d1da5f1042c270118b0ad5d9e2555f4b28ecbc3094c2e1cf6960
1787431096.694766 vent discovery/pairing handshake (vent powered) RSSI spike: -43.5
  -> 255 f82e58a8153c2eaa6135c264f86f721e859260341f5afde45e4d177d6384bbc1af71cb7aae8a6bd04751678333df531091f3020fd5e8fe0b9a760fa00e019cb997efc6e4d8c626d1c7cb8fa33042d9715c5519bb6c5ace75f58ac081d084840aa6ca45e99183fc2bf2404f152ab67a51412e467d3610a41e645a05c3917c6824edf07bc5e1e77fc2ff7f43d3f4df86a556c6420533ca1307a40217056abcaf2249c6decbd2fd4669b3635c0e26dc6971a5100bbcb0a4bafe240504ce2d317137578804fb0240f80dbc47aa5dda2abe0619692a0de8dca4e833298c20be655d283677a6b1cabdd9058f94b60970e98828b37168b334b12fee19531d4456aff2
1787431096.695005 vent discovery/pairing handshake (vent powered) RSSI spike: -43.5
  -> 255 17825058928133ec14526b9de4d916a8c751b7c455de54004c9dff0ea58f0c21666e4255062813af3cc426a08782a684b6203df0c81c2b702efa7f071222707add83239c4562baf1275fd7d8672c3f4458daa95ac91f493a42957fd1836aa9b088b97adc46e5ed0e4daf34b18ed42bc36c88e54b2ac0632eb171ff41dff9fdb03099fe335716a4aa8e3fef81d079208319a5412e8f3fbbc70df36be57e39189a9392f6e0d7978cbcb916475f9da92c98f3eb9266e303a44759ccfcab898770227d8107e4c4a09d7879f9a986165118643291bd29e378022dd0de5f45de2a2fb4cee70c27844d1fd9c1f2f8942ab36c33078fb6613691a18557319139ffef17
1787431096.695233 vent discovery/pairing handshake (vent powered) RSSI spike: -42.5
  -> 255 0af765a0be0dd8568772fad1d1b368234b9013e9d4783c0af9c2c3abb62fe093a402556bb45a9cb7c202b85f28d3681142bdb6de9e949bb95f057bb6fb1252d35d0293a272ef63155e505a525660f773920c3bee10cba14dc17810f527fb302f5a89f563e7b7b0fb85772450805cbc3a69e6a6e44b23c8a0db5264bf8b9b9e7c462d6e91d195249fdcf6a830e82cec7172d17c5dbdcd037d49e66dd72d5321991dfc176c2f905ff0b36b5212c90d834a5f359fd4d6ea5b8c77e6dfd48d145bea54340e88774041d88ab349faaeb4458c1f2ded8fe41c92015d6359e4bb6d9c3da91721f857718141f3e5f98eaf6ed4bb50dde60e41dba013bc432d1509921c
1787431096.695466 vent discovery/pairing handshake (vent powered) RSSI spike: -42.5
  -> 255 9ab62bb24e6133062c67892d24dce02ffdd82636b8eca6a71bd7a0ef1a374eea228c8abfba54b0791bc0c380857fc06514b2148639c1e5595bf754fb45b88181a6d31a31370d9defe4c90ce82bdd742d9ef2c58bd4be25f05b65ed0cf7d33ea3e88a701fa85160b70fd660fc20f8b518a7998d17e3a77ed40b532983ac921388478d76641ed1cdc1990c778045c47fb21701e6e7cb770b7f65cca4c3f9fa85c880e1da63d34b2ab0d3511f68cfb2cc9826c57ea2ddbcaf210d7be466afb27a6e0d40398fb478b0c10ee5fa153ef618db4864b69d98688688da2bb49cab6c7fb210ea61db7e8fd74ed6e185ac22e5bf7597bc4f256eef141eef47fe6b46ddda
1787431096.6957068 vent discovery/pairing handshake (vent powered) RSSI spike: -44.0
  -> 255 4d889c568b132a640ecdd246810aec7d780086b8997deaba398ef059f28340e759dfd7afb872a21a2027d41364bc5527e0a1ff8c58315ab621c1dee94a9dcc9c4576f93b96bcb88ebbb5ff5aa97382940333579a4cb614068f6faec6265cc339001700a8e9f1be449fcbaba6c8ac6d08011fed295af6840772fa1e0cf4e8de24f7eafd6ed9c236613040ce49b57a0dbc85bf6758d0aa1796145df831018bdb875ce121bbff463193bb2a608e639bddff8e029aea0ff8bd7f5c5d4299ae8aa1df7aeb6373952fbf524219ac98fadf52cd6154f2d1e8379ffab3391cda7d7790bf44a1b885d6aadc2e7ece208afe322e0e4e13fa9f1223f29efaae7fc41250af
1787431096.695922 vent discovery/pairing handshake (vent powered) RSSI spike: -42.0
  -> 255 c3b9ee8b3da01709f0fcbb32d925d398e7377af2fe69a2ccfaa048e2fe713e4575b11ba80b8d429fdf80edc5b97de79395d8111668e3cf8262544ec4fcde84f48d2a49ab70ce4add4a1713d54cf5484cc2f8cdb2055ceecb0cab063c2ddad464b27979881026a646f414b59f626a36e08981bf458b82f59d787ca40ddb90c667006ca3c9bf62826442660a8e0432dcf5c28b2d0f1cf257de31765f58a813d149da3cd10f68eb43d897c70ae12c1e412a567d01cf0637d560390097b9d7c76701bb486b7ee994c0f898850ad8c5cfd0e4a2232d478f4c738b1aa45b4bd22c3244d4e24af1ff0ffebc9f327995b9228e4426e10569ffdacbfaf1fe49fb9b46a9
1787431096.6961548 vent discovery/pairing handshake (vent powered) RSSI spike: -42.0
  -> 255 829581759c2b89cb1e07a9504b397883f20d3ff9eddbf2d4902739cc350103aa405228020e5ddff420534b5c29dd8880e5aa0e0c2bbe51b6b7d1c29e09731762bc939a66af52e87e36f966badfd86307476d9b950800ee6ea34343142fedc1357c7e7804abd881ae274f2a930b279cbf81b8580bd7af9b06f81dfce60082b3716fc80b2afae18fdba008d29b64789a1fbadb118251df9fe9465109e3ceeec11c1b7efc400918c30ffb769030389354c6d838b5010a4efb6c9c34c8acbb0bf2f4be656eeb03f917316bacc9643ac56ba0fefbe54d2373c46267fd40bf5ee9b4990fe86e6365bceb88a977a2589048c97f055aa765e2d8906659c749727f8157
1787431096.696403 vent discovery/pairing handshake (vent powered) RSSI spike: -42.0
  -> 255 9e5191fc2dc9c0d1c65a6619c42db86584449c12db3b57fd5ffa6b3a310e8cf069522c530953d3aa301b2f32b00b5f2d0221682631f5552ac6f741a360f388ce281905561f6424f7178ea470f3c66784c5fba66e35b41c84da2143aa8001d23a96f00305fbf649c3d8fcd22e21c2d873bc7fabae679a8afeef1097a2e158a4ac2239c1b4bf5922b9eddfb8ba55bd7b69a5db4efe124c95ed1515712f3fc0f52d906be43f42bb0695a17f1410105a8e0a36f83d0bb4511aa907c783a56e72c439dac88779fb37116c54bf93c6f19f52df83cc9ef6d29f3ded9a7c3e002fb7e69057efea8fcd4b8ff4f8c885a6977ef8781e84aeec90bf724bd2dd450bca661f
1787431096.696872 vent discovery/pairing handshake (vent powered) RSSI spike: -42.0
  -> 255 d16da918c7f20bbacb175b8c823fd5cdaacf2ac43b5b72100acd0e4074642e6afe5cb43adcfe32ac40c0307fbb3d53e1f231e35940318ecefd47a7e72bafd78638fe10dfce27f8f9a23a6752b44aa2bf4dd716a2439c2833e6c3e16e03524d6c2fc7f712444351878ec3a3e5e695684e576caaf211ad26409dc0acad4df20f39a043d63824b79fee4c820ade4f11185a7f27004f6aa5d7fad5f02e6e7ac10090fe5a74c9a263bfc08f5c7fad2dbc1eca29a9edc61187a627f10b978e6e085f532580da6dd46201f1a84668c30fede5b69afd6048e303d5e58aedfa3456c4237c3e21c3030db597d6b230bd027ad1864a46d62d532a1d45e00dc3a03e05f19d
1787431096.697234 vent discovery/pairing handshake (vent powered) RSSI spike: -42.0
  -> 255 9322d60f8905532fe1a5c215951552ed47e139e7c81a875d940c1719fd048a1ecd4d0767aa615160b617a5fa90ad0a30f1b91a6781cb4c85c538f0a5b7da18b14f922f5907f4f892f2df637c403b80e31abdf1ca7f82f3ee7119a3794f5df89c0979556519c360b0ef4a3c930bad2e980721168706e491b67659bca8710bed71922039178f0a15e369ec6aa6d7da3e2ad9aed1056b8d46140b2ab2f5f040e83265ac17abebd1c123a5b7e9a5c354e3bf6f9862bf2680305fa5ad91d792f95f963192af04a2419002b3acc14526009feeac7b901d50ac8f1e4b24420e312692e1d9d1b979dd99c8a062e231de6b497d6ccc0d16c657807187277df2c1a07af2
1787431096.69746 vent discovery/pairing handshake (vent powered) RSSI spike: -42.0
  -> 255 18d1efab88c65fdce4206b56a20c789bc4fa396e3eccdca9d738325cf3f448967c7eb9bbae70ae7fc6c46c76b99ffac387a6de2ba9b0622611fc7e8842fa9c2a4d8a124e7d0279d0fb1750775d5b3571e7e6c0cce18f4ac7168e4a082338cab96f4ad8ac7c7ca7fb36b4615a8f7323826560145b47f2870ae47c1633063d9d5c7b502ba13927b7adc675876b25471ef5ddc62ef8a84c3eed27bb0c8c169d5371045fa3780f1feaa50bc67076dc5be48f3d62c1fbe0b4fcf5f281cdf225a253bf05a98dec0b760b11e81d9670f5ecba39d2486d8edbf6e31f8ebb4095a0b448c6b03d561de2a462ab82fc0737be990c02afc519e125e29ae886070211171a6c
1787431096.6977222 vent discovery/pairing handshake (vent powered) RSSI spike: -43.0
  -> 255 d9d5e75ade9dea82c0faa888af36f850e4d95eb6472dcd64523b44ae6677e746ba0879fedb00920582da204c92eef202aa10faf7a24baeccedd394eb6e2fdc4aaa1560a538534837f40c73bea8ac1dbddb4d04445f2b66e14a89d06fe088da2dbe76b63a3981ab6b787fa98c3ceee294d44db31910c4f06ae24008cef334f1e8b1a5d8dec21339438a2cd50dee6f9ccdd0a6751756541c25af37e57f964afcdf8896c2389922482900d373d7d04cc5d3331adfa2be0a847c7e9692631ffc64275a3d263a8750278bab9fcde74657362a2b63de26d62cabb2a5749cfc24fa75273cb39988bcd957bfb97f768d7fdd77fd1a2f5d32ccf42e059f3badbf55fe78
1787431096.698015 vent discovery/pairing handshake (vent powered) RSSI spike: -42.0
  -> 255 71aefa8473fe10a8f9bdaaf63cd7f2fc1a238295e972965695eefb7306a8102f6ab0459a526e5a72a0d947343bbf76f324e81a4a5d438834e0e798599c638c1c696ffa055d38af1480cbfa4f68a2d021016482b21d65ca4ad8fc381c4391eb1b2048f408116c747840e8ff61d7a58c8c02c05092b3d026bb5fb7dee96c3617292e6f046a1a53e6b3ceb255bba20847f354df13b87ce864686d681ff0143016ee6a7f2b54417987ddb6a0742cce328a0296f448ecc407d16ac93b3e89db937eed93bd2a792bb2c39a320ab59d8e385bba1c7ec849f02e131713c96be194f65f10432c9255ba116e34ef2df018530b49b8dc9bcbbf70150a08a975b422ae52ee
1787431096.698231 vent discovery/pairing handshake (vent powered) RSSI spike: -42.5
  -> 255 078e4f23a28f8ad5d197f36a0906b4d66f311f1875dadafa3d12af98b0407cdbca423b3c2e4c9e7aa5d7e9452a8f6f777b83829598536d86ceb145e671ac528a9482d9eca5ccfe8d88bc11517e16ca23c3bed21242cb627f8f756432abb4abd44cc76f436538f2761782174cef9ff91689c271cba9f1f1e46fcf7562e376a3c029693d6beb98f1839e42fbb29aee06ff1043ee8ff181d0992b33325f3c0c0ddfacb5102d396ab66e2966d729ce55df8dceb5c8cd5a73d3a1419825131ea96ddbce0532a15a07851d86cf8e7e95376c20250a30f85fe0b17d80de244e28f8356751dc78e0d03105313ce3adfd9450b8be5c7b106f4d1049e864b359aa3f2e33
1787431096.6984599 vent discovery/pairing handshake (vent powered) RSSI spike: -71.5
  -> 255 4d29bd975a9156419482984b41b011447c1eed6610c6fac40d3cdee372d71f6c68401b41755613defec45f1c0f5392e3a4e4ec0bc186144b9ab4c1895c1a4aeb300766e767ee948bbb09f34aa2b109ad2be3191ccd6099483b417def01fc7260e467194eb360fe78c7b79e2f0c461a89f9cd5a217791398ff00189806e125c1c72e499f773aba40d1dd93ae457821287d117436f7764edb778a2d87098a0954ead4672deabe29e82efc10fb860e18ac8793e0d6dff3d0c690670a2c17749b2346a8a9b02552be52c7702d093fce71f7e57353f39fa9634815bd02bdb0461c121dc26f46d85d7f0c57b2bdf850287f8f7d19bedf9e43d34c90fc84556583304
  ...heartbeat: 620000 iters, 154.1s elapsed, 887 hits so far
  ...heartbeat: 640000 iters, 159.0s elapsed, 887 hits so far
  ...heartbeat: 660000 iters, 163.8s elapsed, 887 hits so far
  ...heartbeat: 680000 iters, 168.6s elapsed, 887 hits so far
  ...heartbeat: 700000 iters, 173.5s elapsed, 887 hits so far
1787431122.257271 vent discovery/pairing handshake (vent powered) RSSI spike: -41.5
  -> 255 9a8c82374f7e2c1f3d4a38972dcd8f7b349b01b4211b13e0d4ffde40364f837c67ed0c296283f54a2c8887fc84859d4f75e9e749af82d5fab22c6099dfd9693fa2cb253dbbea1ca568424c11baa6d239bc0b5c808331af95b9b4b405bd91e8df193549ebf586b66d9b0cbe95412de0ae0af4ae5897d20d5b059bbde9f8ec24a21b14198d975fa263ade885a90aa08d7fc56b30342c2d7aa6d0a78bcfd45de511a7ad2b72adbfd781cd562eb3a499161177dbd2a27bf519024292720065f876779f4b7197e6c95e061f5ef4bf0639d950c684c4a9d7e8ea8f163e1a8e36aa563b0e0b00e6e4fd3b3768c839ade743faa48bfcdb1ece9a2ec423f4f87c0e08a0
1787431122.257542 vent discovery/pairing handshake (vent powered) RSSI spike: -41.5
  -> 255 732c01058e2452bd69f15287425b2fe7c6e3d192c478cdbf59c259756dfb8fdb4e95fe7028b8bca44f1c4f88dddf2c4eb3770701c0ca9cc94f7e18fa119455b27231654af88578a9bf29be35b99fb8921651ffc27164ed3f7f57fb0be4d68b9bfb48c90d856adcde6c47770c88bc304057062ca2619832bca51cbf38f60e83f5ae844ed1bfe9995821e059356aac01a799fe70f3b4ac75720be7795fb7902792a96e7b0ee9d562e2af1b0219e41ec04b15a300c29b34c076848f69bb5e1898dc9d634cdbb08a702550dc11c1b914ca389edfd361c505fcde69920910a7fe65c35e815cbcc7f2334190021ad64109677deabd8693d924d601bd61c0c5194b69
1787431122.257793 vent discovery/pairing handshake (vent powered) RSSI spike: -41.5
  -> 255 6cf9f7ec308c87e9d1054db3ca2dc9a6f8f24ce05ce925389711893b9fe3be7a88798a509e8587e0f881b2397442b25058ed95ba7bf59188638ce003b75b2b5869419f3c5fe1a8c02d9c4d6c3b42702987d48e016273c5d42bdb84491212ef968399df4c848698c4fc0e2912b1d28bb2c846a03e477acf44acbb7488f0850ba72c69788b94ff045ffc1d6d7dcf42fb5effb8c887b82b9d4e8791e999832eba811d9d11ac3e5c70eb441005e4d1eefd0de17c6b83f9ba84a7b2f84415f5f58d7b60fd5751b5c3f1563de61bb2293b21b534bcd60d4cb589839cfa82b3f7e1a31fa0352c9628a10e2726e6d3a6cc19bacd2c4b45580080d8ba06d1007ff5ffa5
1787431122.258028 vent discovery/pairing handshake (vent powered) RSSI spike: -43.0
  -> 255 4b14e599cddcd3d0ce4aaecafa1142c2a2692733c93ca40da725fbae242bc93075ead26f3cf8192c0178bf8a92e3715d5f4cd1186026a5bccb07838f6b2b0ebd6f947b0e060ebc16e3b1ae378ffe6c0c613c4b16f3630337e014493237c599407345915896a0936e5fa64cf6b710a6993dc3474431069cfcee23c125387222e1f3505c1756b80d871d182cd4a2bd02569db92efdf1e7e857f246add45415f90baca393ab77719868f00184b83a7afc14e30c671c1905aa1bf1f91ebb508d231f9c257f19c544797e2f5dcc2faf5a102f700388b9207d9efe01b58a253a28e66a1a6e785c1211b4bd8b9726304e1307fc6b9a97be1144143730dedf7f22097b
1787431122.258262 vent discovery/pairing handshake (vent powered) RSSI spike: -42.5
  -> 255 ecea51aff534bd67fec82617372c00ae9c896a65a913d8d98a4ff0652bb1d49df401a09683e09cfb3c99071a18ef32915b75154d10b6872f5a98ab6e050886eaa9905f25e60b3845758569084e323ce96f86bc7de82ca488d74655be3af91f420c0db459a8a782ddaf42a7be405b40cbc40c8bdd5144512b41b97923a2c7ac6bb9d13048551729e444c0338c4abb3d7a5591c5f8cb8269ce28d3bfbc1aa7a1305c37211cff3cddcaadf03a922a7c7b239729e89b6f683d61d7666a4fa74d1bff2e451b72e72fc665813d96d341ae354c7ed5268d57dfc1e09e6f0bfb1948727e65720c2a4912ab9845a82456b6b4f6e120066190a5b8957d0f8cd93df7f80f
1787431122.258511 vent discovery/pairing handshake (vent powered) RSSI spike: -42.5
  -> 255 f95bde0019ca89b8da8e4d3680d6c21f3a6aa29f750c4d76d586dc80496711150f2176ba8cfc7f36bdf9bcd958be71b78c2265a97a5167f1368afff4ba73d3c2bb3d1e78aa9470c2eb63ac4a372b781094137a6e957d5d91dce9df3b876120fa62fd3911eadd90f4bb87283165a34b9c631f6564c55990b92c0827e93703b29b83d44ea86b655df66838094b262ec2dfe8a21822404fe4d5c8d3bbf72f4adee8b5381b5e1c24f45b15d9e6a494cc7cccadfcc98bcd6dccfd28ca473e91e01019d17dfdfc2bc03cd2f595fab0c73cefff031878ab61440183d4d32a591dab19b73320fe6a8274affe3b07374e339ad73110a35430fc525ff2bb24f09af57386
1787431122.258721 vent discovery/pairing handshake (vent powered) RSSI spike: -43.0
  -> 255 bf7769c439e4204b858098c0907a42381299da657d9df8c873e8bafdd38f9ce1682284f02c7f3726bcdb6be38137b604bde9eecb8cf076b00f35a5f307be34381d81e0d59ed59356551f1721744680fcb271d7a61cc18e75a52b2aaa37d529da39824df011488071c231e9e5216b877ac3bcffee3dd52f6e341adfe7ce3a39584400d4287629b1dd4d57143914d3a47f9a87bc9ade2e672315faa560cbe05b5f5131bb2916d83c84e6b85b3e76a8ab631d947360c7fcbae690c1813aae1b82370ef0d65092aa7cd795e7d605539e9dd20ad714a50c22cbed056b97f9c7d2f3272e4aede3d36d7aff8a8a4d3003cda0427d91c9ee67f647267436f874fdbad8
1787431122.2589922 vent discovery/pairing handshake (vent powered) RSSI spike: -43.5
  -> 255 0a82a4ddf403b273a2b28bb1af9c9909b380b391f182f9c49a96326d29c85c35cd9272d0becb6f37d87e42b63e16fafc7e001dd9bde00a2fd375d6f173faf46efece31aed9ff7785332ad9b384d5d96c311a4c6885aa92020da8c92dac16d8a1cc352bfe89ecfe150c9e74715fa3741a925c58b579e2b710c03d0bb035a1f32f8e5fdad666112192a5f30e2197e838dcd9d694d75f75d510e41b96088b6b4c831ce7247e9ed89c0f2a005176bde7a8dbe06998a648fda12b81e432e8c72081f0180817cf1bbc73b4fb9dece05519e30a2e4c595b8f8b8b11900e9c3ab37e7773343521fa341b874b8c225433c9c23db366159157a8f24519fe0b8ef72f0786
1787431122.25924 vent discovery/pairing handshake (vent powered) RSSI spike: -43.5
  -> 255 9a5b7b57f0f877342c3170b626c404233f17bd7c2978e1808f0a8ea12d3dd77c1e4d85884e7284b0c207848efaf77de2af4488e6388243631562683e950d35f6c54aff5234b1e011bf1f5e4ec5215c1f4bd2a444bc6aa9c84d1b856c743043a8ba49a991f363c596a5006197a6f6769c97fdeeda5380fbd5af814d320b1024b15b86804a87cee40dd545544c55cd989ac0c75015ef4fe6331012acad3015086233751f51f905139b3514c47b607b7f665dc773ba7c3e4ccfce7c9314f8f9f590e403b5a5964846b052b08aba66848333fce891b35ae0040d835afc2a28efe21d0f43e42d4d0583f8554960f536a3fbe24a512b1d5f8f030fa9d702117efcf1
1787431122.259488 vent discovery/pairing handshake (vent powered) RSSI spike: -41.0
  -> 255 d9c5eceb3514607232fe1bbdd56f8c8b0d443ff650b1d91e45efdf7737d2be7fdd9dee3719b10fa3074d161bd85a024e714d299f5ed09f2f673bfb09602d706d36ac4a0c42c134545de7add83b6ad7fd9a4fb3d7a090d8a245424bfcf8ddcce15114e3c86cc14b9eec6caff79d4055869b02030501aac4fbf1375e397ae8089b0cfeeccb3aaedf6717daca5b7a26687f148248c7f53898918bd25d730909e766f0a41eac46a0e6fe79fdb933d0b2db1fbaf7e4a1ba67dd26b5d94b83964b6021147b9e4b74416a9ee0796cb2cea4e407cb53908522f818f559565402cc46ceed9f2a46dcc4cb6c6a369bedf86625c073e1b298ce4d6d538be0f15821e228ee
1787431122.259705 vent discovery/pairing handshake (vent powered) RSSI spike: -41.5
  -> 255 785dd7cd6c15900fd8eb804504c97e1fff3add040703002923a5d06d75aa086406cc01f97d57f1b5916a793c64fc5359e007472a136756ac0fbe3a8154071226d3a1d23e37c2d4a6a1b478a82a3ce46e385b2a854278e688bd1978f99dcf5eef7e07119c3193777c6b6c8c8ec45f96f6d65fbf2722419c52116719c5c14ba70bde3295443db818f3909f9560f45fc834203bf40f70440be200184067de85cf2d37a0a4b2fd375be3f190e9797e85baf3fb75ecf9fc943369cffdfbd1d85d57574a5394b3d7ef6efa21fd059df6c0ae7ec2f0d0a73384cf29831b3c45b4183b59750ce9f62292447894c69ebc34156d209b0e2548f5c74c7ac4de5e0fd6cce7
1787431122.26002 vent discovery/pairing handshake (vent powered) RSSI spike: -45.0
  -> 255 1752d9f2606b6c60f33c14bc6d0929d06e41bfe90b0045803a24c590e11f25934a1cc87607bfcff403bf89163ef05820408c534e46c4f7c75fc2083c3d13d51e9af983f9eb93fd7378aa0267447396ce1212ac5330847edfdbb90a568947edb33420d513acb5916f79ebcbc897fd06815452ac67d8baaf227c72e0216d05a420985920321a6f3ec7297b514c72aabef04118317b2ed6183da0987630db4cfff2020886477a9f52e1d82dc49d0aba076de79e7bf4b14ab4173aa1eab4aff84a3cc798572894ea589f052e55709736ea3912b9eee3c7277886764c43da6e7c37ef5cbe1e23925c68f2d1bddf72b9114e5da54531809b5254908a7d61e2c01e25
1787431122.260225 vent discovery/pairing handshake (vent powered) RSSI spike: -41.0
  -> 255 8743e874667a5ac68934ccab7ab70fb4210c0f0d2c3c4dd1c6e5f4aee96a429c84cb5ce5c5d497c7f5c978ae3dacf790c39eec9b633b0e0607b2b30da6d85ca387e4bd24523ce028cc977279a7f20f4ada1a203c71f508329601ff1827c18fd2a08693258d2da4dcb7c2fa35f31a010d781d0632a623587676971403b1ef7468675f1e6c0144bb8e055282524eef8f1fe69df88656b07b791657f0641e0069b3bedf8fd2022a2d2009f5455f39234a98644ed8b6c826de8fbb63f8124397f76c05e0f18d25cb1a3f1417aab71a60f4c4b1d4a05a0d3f4fc7c0450354b4a2cd8425f94ee0451732d01c5682fcda7f1a586ab8b685fbaadd3e46385f3daed092
1787431122.2604642 vent discovery/pairing handshake (vent powered) RSSI spike: -45.0
  -> 255 360c8d5d11c2ccfad666e20456acbcde06de708bd9e2a2dc313bf686a5ffb386ee2d93d6c449edeb7d5578a47db276462f9a2a78be83bc8f320892f6fd2bec1bfa552d754d9afa970d806a1935aa289fc6ebdc9adc24d50d32b99c5019488637c43037a9fc321ed04bf3666e999c7ad9a01fe90c56f62c66200204508c9fecbb59f44e19b28cd4654c6a57e5c1d2710ae8e120a26f39bde063a3c3b890644804d3048ee65af203fdfb324eb89cbf723eb29694869c323f97374c55657dedd91c1e1aef46c45fe90043aa1d6a190370f022a5e4fd11ce99f14246a0b07df1ad570398c3b1a4521fa6c1e13aeec7919ec18cfb5eea0e0f9f4eef1a7fa8490e39
1787431122.260683 vent discovery/pairing handshake (vent powered) RSSI spike: -44.5
  -> 255 76e7926b44b4062df1f9e0b06144489dba2cc0f68893a26f4ca73d851cadb76082e9f4d7d8c00d923059165d3c24bd6cb204a0792fca675f1a74807b56d2ab92d181d148366ca3da1e2790fb4012039fb8c1d3a167ea141031cd1b89c4c9fb551df86d700f85c72993cd09129c0e83a131822a7fe729aee20534de86abbae35fca85f2ea6b12fa94ebd3c07df011c951f78e438c3a309177c3f86ee76d90c15938c9bee5c22dfedd6edd054c63d61b00f59915739f35edfca3d2a781f038ac89d1798a3a78d3bfc075939b9d1ea79e6ce47da816450e8dd3a36962b1bb300d82962b3249103953e7b6c99c09d712df0abc9d353b6464143672e9ba065b1205
1787431122.260898 vent discovery/pairing handshake (vent powered) RSSI spike: -44.5
  -> 255 1b33bcc18700e2c304fcb4a9c62be036c20165ade5f4168784f61d598e6ee4a3ca29b7bda1f560b341d4d4588370b30ce1d06ae24298da0466e7c19a1602f394f2940104198d5541aa4ad90fef8497205c211881d2fd5d77d014aa7d331d8c64ef403f175a29edadf56495a6db11baf26734c11fca91c792268f65e977e7d2b9da2fee69a86c4d9ff32707879645096ddbfca2f92802ea409f049ec51877c7bf53a21310c3b20bae03695f4de34654a85779050290610378b1b08fe95e00f5bd519ba76c0dd64b81a386d07721c9bd40e555eb904a258adea0cff6cad972b64b5e9487d38eda91d2516b5fc4ca0ace723bde18e71b658115c6c060c78665fc
1787431122.26126 vent discovery/pairing handshake (vent powered) RSSI spike: -41.0
  -> 255 435dc9c6cc643f71c056692c4b42f67852647bdce7f33a7ea22f2579963e6fdd5f20f0e958b23316226be2757217f2341aed762446a0317e28e0c14885d3aa054e8298274748795852b8e532e8424fd7ee9d68ac55b7def54ce1de8fd589da49b05b7c7c3812f8be640372be330c94de278d13b8bd6283c53a55859449f90ea984ffb8862f7da9e9f6c5f53196bd01f1516cff5779e0b90fa5a1c32d3f2acb22bdc8211769cb3292ba02bb2f77e978a7717d1df2b7343a85106702d4e7a79016167fc4b2e0d0cc9d758f80eac5e58fff8216bc5b4d92946fc6ce78ed446be0d93c30ce1819c5099f421758190906a4d4d5d9fef101c6b90bb7401f218107e7
1787431122.261513 vent discovery/pairing handshake (vent powered) RSSI spike: -44.5
  -> 255 e9eb51a8c1698e990d2fb1d9ae5880477308fb9ae199140a7a8d7aa30e81b78f8f2cc1b0bf25d63874d9317a0d5212862a5cd904af0de201839dc71cb8433416ae04085f25a31f2f73b35ad280299453e9a85b971ad4e54ff73f70e9c93ad982d818de359038bd16a47c853174a2efab85d845b63ed99b322b94c4b5462a21d02b53f50e0de98fc0300e9765b0809590520265b907c7a933816b881649bcdcfda7307536871ef15369fa32c10ef1ce71838339b3d0864f37110433e853af1eabf9413b584222e77d5eb5e0146376cca6a4cdfc5cc77b3108cc5a2d434e6411549a620d015760920f4f47315e398e3b054be93a7f731fc0b778505ac0c065fd
1787431122.2617621 vent discovery/pairing handshake (vent powered) RSSI spike: -45.0
  -> 255 0a455f21b5f0cda27eb0cadbb25b35acf978618699a64f447e8ed5cfda13834428383a33839e2f71526030c0344f8ef86d76b69bd08dd8252c87ade86d814c5e31f5d0da3ce97040c30366ecb6022dc35f432dee9587e4d7781115082b42e9798bbe1b06f142658e4cc613fed89aec942d5bd8a636c5b62f5ee786b240c3739977317cb8264cf6a32a071d29ced3228d8b33392c6b909e4c345eba4356f1850b8f39a2b1cc03035037cdad324d3c28ae8233e8e303b33700c152e664c849463b33e3c36ec20b6807fbfc4894cfe8df03b3efbcb916614c69366713b02e4b7b6c9af2c3ef061b21e08b0a94c6b53dcca3d6a7793bbde62ca7523e44396043bf
1787431122.262121 vent discovery/pairing handshake (vent powered) RSSI spike: -41.5
  -> 255 df918b25fa76258f2e782c41a1650290cfc73de969462ec0b43486c011f5966029106e0cc865c232fcb14dd0b9ed7d07efbcff5dc8a0b0acea0d1007d5411bb7ec14d5aad83442d2979b9016914f8e1f035fdb6f7c00ccebecdebef00a51c4b45ca3b77cd0c3a1c518cc43bfb8e8383561a02aa4278039a492db6cc3f9f0299fe63da91467c4679745f611ec22f69839a3cb944f5d9179cfb90a311f5aaeee33e5e06bf7357cc90021f85e422604a0b2345201211afafdf81eadf6b6996b120ad71f783fe90918ccae50b5ef8bac3a8bec45b0569599011c754cf56f494dbeef649e267408688efbe6d2790cbcd7e90290851862bed9c07b41cba3d37eb4a6
1787431122.2623758 vent discovery/pairing handshake (vent powered) RSSI spike: -42.5
  -> 255 bdb5b97b58588219821e03f4de31688cba4e34e3fe3f95d3015ee8eb1015f042bc9b285f682365a36c0ed8fe7affde10801ab7b064f23978fa0ef7637bd5137bb920a7901d413d7878738a601ff6f3dcb6256b9d7a5cddabc86ca77212e184852a6c50a280aa5b9c8bafbbb55cb91ce0e81380d0515a24ef28b7d03e33a6ca0d858fe3f819fd6ccfe3a11c8f26f32ed5a3c92694c38b7f7f25ce086a508de39d706327c6367d04c48754ce80db0bc28cf595b2d147d50bcba4757cffe2e44e1c1f481a162c44dfd9c266dc9a92c186fc0727789c393b3dc512a5a909473bcc9a880a6b20cb59e67be5119289644e261ac4882f2b26c033acb6a22c2079ceee
1787431122.26258 vent discovery/pairing handshake (vent powered) RSSI spike: -43.0
  -> 255 7e2f2d92f0e2c62b66e6d79e5c6772ce9d82a79372a623db4acb6a250e3a4a27c32ad4833c4324ad166b126b9513435c765a8c53644cdca57edd869e60afb2d3c1616f8e4a989726b76144e786389df821c147ad8526f8400aa733b4f1e41fd434ee426792ddbf5edac132630b6892caf640b2c7b7fc09113058a567baf7bb1a12f457cd3a2ca52aac47f8a4587fdf44e034c81dc013eb7c8d65ceecc6732559d8924741b8737c1632c4d3efef9440fa303d91b5750a88b4b08aec51744bfe5815ea40d541da1cc3469b5ef3c67508409aaed71fce470b8d168be7d193a41c377100e2b68fe5e5afb87613b0064b91a88a13816df475d5f1f58a22bddfde6a
1787431122.2628 vent discovery/pairing handshake (vent powered) RSSI spike: -41.5
  -> 255 d4a350f3ceb303d37feca5ab785df061a72d638f7d02b96edeca981fe15ea1ec785efaabe1e40bcaedc0c656770fdf38156c374c77d717d04509cf4a6130de80f9cff63b55512c191eee5d07faf87a9dc75d34ada7d706f7117c645d8d2f623ee906f626611a8c92fda4a3cca07fa013094acfb4f0f409ba76354091c3ffd9274710ee9a91ba427cd25d3c4e0f7ba88da3605bf50dc70deb391e2efacbe1ad5ff1d8026c6b18b530e01406b7187170cb28705a64dd0575fac174cce8a8ef0ae84ba44bef88262441d752e0f0cdacbf04fb584be5c0bf3053993ede22c3b53edb8fe98856de8e22502026e68413c23b27ae5ebe29c6c064d6661945ad8596b5
1787431122.263029 vent discovery/pairing handshake (vent powered) RSSI spike: -42.0
  -> 255 7105866d0c8cc19be21677d70dfaf23747e8cc8b11c8f3a1851b19874ef9c2c2cbd58544e4f92bcf88b0b4641078d5422764969f9ef9588f04feb224c5492b838230c0c7240ed835225b8c15281b2ee7be116342af82b37b258105d5f9fbcaf156ce00d063dfbc5b1ddd66818eb8d5f9e38ab377c07df48ece9b5b618a6f03736a800d9616557fe5e47bd85631f874ca367864d7a6db9c2fc737cff2959ac39a42032aac31772304c1765e1962ea596891a4c119c8316c2b9c52aec6109542a5af67a1ab9ec25cf7899051b83b0ca808543d3425102b9409293426b3270daa43c48086131f390ba9e1a68698842438b62beeb647d9a78eaa3ba07c8d6e666b
1787431122.2633321 vent discovery/pairing handshake (vent powered) RSSI spike: -43.5
  -> 255 f3c68df941bb30d50e01366f18fc34a2b7dbcdccebd26c4a4889e6d9b19210649a4948e11222957eab749b1cc2927e82bea387e29e650e3abbc3e901fd6c1a0173d083b9dd05f9b8e18e938c9dd635512d6791389ae4512cfa591855a1beee80c4f11836dbb947c8a577b0d44fa093559aefabe5f352af2d16a36717a6d7ce6304a53eb118d398543c4a83282d51d48690f77d886828eb9651487c36385237300dce804232db99013915fe42c34c0f6753603d045c040c7790c7c77d37b0afbf39c863dc15834a095b6f04ce70e438312d692bf30a0da3ad33727c0f9491ba8b3f5f6aa54841c6d0ae602fcbc017e623708a71733f90e5941606ab9bb681f9
1787431122.26365 vent discovery/pairing handshake (vent powered) RSSI spike: -42.5
  -> 255 097d925829a0abb1fcd449a45d5e4b91b72c4c02fbd179c114f2cdd2750c3ae12d5f9fa856f2ab13d2289f5cbfd96ccb9350c5a373071307a1abc34b8997cc21057bf93233c485aa1f0786e2fd6972e592fc4e35e62dff988a9a03ce3b8dafa67404c261acb960e13c7fcb460bed57bc10794aa91b3e4044b57b94689f70face7e1bc94e55b727fecb0f8ac4b9c71b931f5bed6dff527249bf55cfb596ca07cf7e013fc25b98be77411b9eaa00e639f46d953965180bb29157209246d508530517decb4b2513514a98e256911de2348bc818e7d4d45d9b17ce50a49331602009893d84131cd5c23c5589251634beb59f7a761502336ed6208361c0de89697b
1787431122.263944 vent discovery/pairing handshake (vent powered) RSSI spike: -42.0
  -> 255 48c0e9ed43d88b8be5085c2b695c1fec9d374a67ad0e52027bc2b4c020c8c13782003669a8f922746e0c204c4c891f8825615d5180aa1730014ef675ba85d8fa20c456df12b49ffb48090e04f07cb4dd8a3ac7a8249ff6c87c3239201f9e06c647919d17716e9481b47289d5ef2ed4e7254367aac9a17c46df1c954c0a87527211bfddceb8ae682be3066d1e70e3bffd8fbe82d5fe39f34bacb210b9d960d8c320e35953b15f144ebb70384495d3e58d7422d667375ba9537ce17a32c98d0089ca30802d98f50c172d38f28d77c82b5869fdcc153007ce24309b210d5e0c168ce1ee54cfd560627398d966402eed1eaecc68f26e14010ade7e0a43f77517c4
1787431122.264236 vent discovery/pairing handshake (vent powered) RSSI spike: -43.5
  -> 255 b9776404cc9d006dd81fba84f52964ce0716c9a578158858c4151a29838e0fd1b7c482359f7d78b0e4caff6d689b3802c09aa66b1083a52891fb9c59632f34f120e7da3cc29d490b2bef039c8c6f704d60f8e777f40f6f848f3ddb06aad9d736c2d03dd3d912174f293e9e2f61dc39362aa2c4a03f58c8ae761cd80018ffb87277835bf05db7161b9c0f0f633948cb0ccbed6b401a414503b8f5ecc9d51f1e147873ea5462d904ec1175fbabcb38bf5c626c0a1db9c1ccb99b3d3a5c5981d77836d9f74f0ccede9a6746319c6edc0c2a7fd6fa6f29d0aad162124b19651b2d9e7f9044e222cbb513ee043ae25e87703bffcf3c8bd44f18971932ab9aac4bd1
1787431122.2645068 vent discovery/pairing handshake (vent powered) RSSI spike: -42.0
  -> 255 0ac7e551da6149ec047d322d6788c6e37f90e88c72b755755a9da6b8f988b9d9a7a8abdbddd406986b7fdbc618e56be953d82ab740341ab98c37c650443c27b2c8832af09ee4a6c7c0df495dc4bd7ce9169d15f629df19616589f9d9181577d0a3e2dbf711962bb9229543803565f62075f1e29448165e469b9ab54528512dbee69e7a1fa24644e058991c6e42438628cbe34e0fc0859db0ff7e1ca71c741f0bcde2ffe25d2d41ef88bb6079f1e111a8e7f7d1d8fd9161bb11eedd6373cbc58e042f6cf376c05d67d502fa0b3c6b957b658664090b4980e24c3ba8a9a5e4b0c5f9984ffc3bd2482c5a8c324cae6733f85559e7a1e97288c86790f71f39bb1a
1787431122.264749 vent discovery/pairing handshake (vent powered) RSSI spike: -43.0
  -> 255 1289cc33c14c28879c75ce25c5664929b163791833b87e6508976e35ef2e5d3e8dd965906823a2e9ecf6ee307cddaa40bb36b4c42e17077a079a71c6dddcf857e8c1a65fe47244819b028b3cbe922987457cd49b705501ccf448b5bcde844f5d234e390ba211bcb90cc35ea08972a6684caf222a1f9b2da51e9c2d6133b0fbe06d2269f0ecec3878f989f70a43598bf1591c785c8e637829568df03c6c13e83fbac1bcd5478aa8429282d4f15784c3f62fab2b26c2e5aa49fb37dd3c3410e4f0c19dd4014a0d518fcf0301b1c63ef2c9f4f6d1e9fda60815f05a2e8e85b7af4add361b39239e0618ebb653c6e55acf88ad22324ccab78e1215189abe933e32
1787431122.265004 vent discovery/pairing handshake (vent powered) RSSI spike: -40.5
  -> 255 ee3072295deeaa423bd6f878c77644684b707695d580bff7c203902d54f1afd466904d1118c3adad0e61e5b23ca1aa08ac9c3e45a3e050e513d4fd1d14258b8391b52709c6a7745f79e4690dd96f10d9bed0123f43407bdff55a566adb30cce537b952234bae1547232b892c29bedfd7a298ed64d1853e356318ff80c4f6808d6f0ce93aefa77d5cf3805c057c23b76478ab03fe6b34e0e0493d76901bfc574a99e9311928c42e88a3c3bc715f42d775e4b8fab35fa8a9fd445df055c20cf24525d0bc87323bc5dfdc3ef784c02f2f337460001b07349e509206de6a67f4edc948f1e8260fb7ccff9a4c448caff190e8cf9e18b67f5b83e3ba0accd9f1dccf
1787431122.2652779 vent discovery/pairing handshake (vent powered) RSSI spike: -40.5
  -> 255 cfe161442ee9f3a9681e1fe5e0b7fb2040cabf263bd015a1255997366ab72778b0cfd6ac034fce004b1c21bc025a3f3ad063225b937296f1f3dc1a039ee2752bc0dfc79d0024dae015e5a30e254811508831180c8c70fe219df4886c7743bd93713e6ee18a2e68dee367218a520dfe11d75757cfe9afae579459755c3e977e8e282b25e0dfd148e10679b27d617a0914e8eb89c8f90500afc7a85c685435801e40cdeb3f41514fbf242ced0c7b741953130a2ad024afaac98e4c1fbf4393d8ec418ac1266e669a3f65319965f85143a6a8293d4c46d9fa778c544854b11327ac68138143288b6f852fae8e72cf87bd267c3d7fc133e9b72e4846acc61f70db
1787431122.2655292 vent discovery/pairing handshake (vent powered) RSSI spike: -41.0
  -> 255 462dc31008de31166fc479bf305828e64037b95c6c74eb8c2019fddcab6a93705a3caf2c1478e3ea93ec61bec541155b7ac50b6058f1ca9527354b969c17c41130e1ba666be7aae83fb88d95083cc8dd95bfeebc4a9a08c3a325ef92616260fb16361fb8f79d43a07e1ec737ac9e19342b32d9fbaa7f72056e3da5924c64a722422af02fcd01b39144760557f47ac24bb1fb878304cc1509b6055628b8f3ea6638ac0e2790c5ba7200cb04ae6e491bf319b0e38ebcf647dfa47fda1a2ebfab178bd2985852894262222c1335d9832e3ed216f8c7bb16c7cc8890ea562b0c7156289fb7508810995a2d7c9cc2b5944b51c44f0ffc047de2477993fe1837fa85
1787431122.2657762 vent discovery/pairing handshake (vent powered) RSSI spike: -41.0
  -> 255 92b89e74c18d15ba3204fbf0393622d3c20050bfe32145b0561f2d2b02f238dd964d7a2ef4e76a71eaa3f33c98bef70000515104d2560d0ddca58633bcc2ce5769705804bfde400940afa9d5695322f920368bece2425b06f0c062e8c6a338dc0df075dd3c40f079ff5f6b8c4cf8efc3947a841c254b939f18c9ee51774f47d9ac60455c5431bb15db0c143d8b63935e8e1ebac42d4bbb47823a7120634c2fbb6ed91570384f66fcb3214ad4d5cd28c6b6702ce04809212a6f1d811127a6bcf6eb76b68b3a8ed1d22ce4898ac2b56e54cc91500b16d9cb12a80945d6e287a43f49c6706ee3bc3d8144300b2009a68ad136d78d10ac32fd25800514c3a64518
1787431122.266028 vent discovery/pairing handshake (vent powered) RSSI spike: -42.5
  -> 255 1f29901b80f7359ed56b90871213316cf9d4bffda067c94df2b92636d9eb38e73e78d84c1fd243e13d8f9985e2088e2d94fa0cd37bde72dac8bf347f22d978f04245b695668349fa11abd28149ccdd9a01e7d5176d5c0fc705f5fc4d59bd626cf0917e5475e0dfd8899b91106657d894c188ac001f2b0f6b9c9f8f4f080241972c9d868459c20ede6ea32e9c73b25f268d963a36e42fb5228677420d551191fb30b6a113570b51eee4a9bc8f60e79b41468319c1047cecb451083fb3f5623f2ee5a2583e7ba0641ec19129383ed12e05b6075bdcc436de638993fae5474f9602099054c9cf7eec333f4a755a2db3a17b89e8572b4071e3cfd778604e706fdc
1787431122.2662668 vent discovery/pairing handshake (vent powered) RSSI spike: -41.0
  -> 255 11064fd577a6d5308dde75eee02a277c0201e9574e086243cec567b8f4f85a0f3490c200218aa4f0e9faab4dde46c028ed38daaa3b1dd5b0fe539adea3ba66d42af2ac36e0f86498f9d3a79b0ebfffebe99e8c1a2eb95de461e2b6aa16ea9c3fa6190393a20fe9ec499b8c6bf31090010c01afc8b4765f58c4f150435b3947f6a65772b40828a0c8e48372e283d233e7aa3d3ed30d78476d6b99bb9129aa3866b1a22588648fd4b4ca140dce3bb4a4d20f993024e5a870f92b05555352542071af83f49f87c70bb7a0504660783380bfecdd8ffe1b5f7425b0ee3c33012d15aafc98ae37b8c0e65d17699d67b5cdd0bdbce5efa7b81d83863eec29872a7cc5
1787431122.266516 vent discovery/pairing handshake (vent powered) RSSI spike: -44.0
  -> 255 b3701cae42ae78a890a6e8fd977d2d18228a3f66a649defca5e481c552eb6b00ac45a208851d1e9ae5c16795f4fa42dbac0dfe067d99762044d34e68190c1bb872471e2da6e9d41e735eec49fb1ba532c319e1b0f3d99491a3679d4fa3c29a4a9afa240201a97093931e2d3f62f53fd004908c6cfc2891eade64d807b6a02a62873720f7ad3c66a9b4e3fd5e5c462efcce40c0e1728a0f15cff5f82d6286e1e5d818ed29a3d520e6a7cada79dacbd9304cd45791f59e3317192210226ffb250095bd03821c9f2c0247ac5f2923b78d87cc3f900348bd39088882ed820ab4b63a25c0689839a378c785b1f8d1efeccc81ed4ae340a2a8f71f45e8a5f352373a
1787431122.266741 vent discovery/pairing handshake (vent powered) RSSI spike: -43.5
  -> 255 f4bf52dfa86741646135a10cf4c884a54cd92c28f39709cf70f62c363df7f5df9ea4b67129599af532bd3700c16d7c2ef6cf13f6fc4458348714ce23a9fdc75a589f6fa3b5ca0bca215602ab2071034744a728e22b30086faae832e839670591899bae067dbbf719ac4466c01fe513f29be87151b52904dcde276b1a3424fa07a344cae5d7793db55706fcf232c7cb8c2eb80587ab415ac92e163e530b99c9a9878de7e33bf275f829a6774003a92326aca9465bc6c7193730ec110be8beaf4bcf30bf0a7a1d4c129c6c4ef6acddee160b475a020471a33676a9a46e3fa055e99e7a3405d3f9c08b187220d92a7875cd8e062e3b44370938b6571967586a04
1787431122.267002 vent discovery/pairing handshake (vent powered) RSSI spike: -41.0
  -> 255 16c8e378bb8d18765f4a23da4eb571d7e90327e0aea3cc9b13a3a99400a5d48ddf852e54e1bc1f401a99e55a349dbf4f4af185f5c242e792927bfc96e1286bce438cbbee7c7925ae2702647271d0c0cb0dabe320302db1d586969d406f3220d20e65464082167f1ee57e120262818b56968768019607a73f39c8ce4209842ff43239129ae0c139f4c9ecf9c96b03db669872b4f45632860a51902652025c48c20429b4314708355491d10ec96a47f58d77914aebeb013db3c5a4161e0342b6106ca9a38d06c0ff0e2920dd45f5e7dbb8273e4c0f7f5fc9584d3825b3127f17a6bf4def16930d06cc8258331bef2b6bbe4d7437b9613dad8ac53deeda773057
1787431122.267209 vent discovery/pairing handshake (vent powered) RSSI spike: -42.0
  -> 255 6fb20b9f87e298aa44363a95ad9d3fa780df97667bdc06dbc4d264f24309cde0e0aacb00ac346888252cfe0a992e458b97eb8256f27c80d617c424f3feceefb805cfe45527b8c98712e916221121161c272d89ef697b60c89e12146722223fa85da198ddc397c979e5518554295b018c500b88c5993dc0f7921e613a578179e914afdbe77e04e1b8e9fb62fb4058271b66ffac0f3f83133228dfb608828b5233b09c06290d6cf5cf0fe296c90847e4f0257296e8902cd9b08969306648da02dc064d3d36c2aff47532d95ca204ea41dd39f3964e39233ed96a488e9f2bbdf32d39799e686000798d57d66cd65814b5c788514c7503a3e7513725ef7e2d5136
1787431122.267453 vent discovery/pairing handshake (vent powered) RSSI spike: -41.0
  -> 255 7a3c53b8e803c373680ca7bcb8d40060292126c4266e08d5e01934c3c578485cde55988478abd0f49f449fea79c1f545dc6ff319a40fc2cfdb5bfcba5f6213280cfcc99c63b618a85d9d810dcdbd861a2d4dc2c227eef1d08308259449582ccb5df729c4dc2aa17568b5d1a3ca51f87760d652e5db50a84157c5e59d45d34abf8d0b7fe974cc4802f5f76fd5f45bf6836b842a51221c3de6f6e46fc02262e8599704c34299506f391370a9e6656c8829bbbdc3f2f71c7ab594bf9cf9f1c16766156b03a11f89828d2d6112083eddd82cad025e073d5196f2e7a09f69eab38436cd17889958a5a74b98b571bb77e361b34674737cc86f4d7d38563404f496df
1787431122.2676659 vent discovery/pairing handshake (vent powered) RSSI spike: -45.0
  -> 255 0d6d7d42ed217cfd6502c4112b488fe50aeffb4a9db28e163f10052cc59901a5af7f56a5a9878c55eee3263263a1237f0180c8e30a9e93b28e7b1066c938e6259082668a4e09f55d860db48f351ee45397a7309ffd8b4ba495d1e70d1210c790056c3f105bb3ed8ab1f3338461d401318943d731b11ca59c7192e27f119f6d757c3285f898877a2bfa27ee9cc47715665e583eab93065df4248d22cc8b3030dcddb7e4e4813f9046508f2f1fb0edb5e8b7fd3d94262c0ca6922f2d7beb9e68e2d6bf283bd92df0763392f1606da6244a6d561cff2664e83c62e6b340fcf32c5a3b0834542355a41b4e5e522f84f0f53f2f015d85ecc5b31af0ea8e523de77d
1787431122.267974 vent discovery/pairing handshake (vent powered) RSSI spike: -42.5
  -> 255 b24fe2a1008e92d673fb4779b71cd1d431ea3bfbe44d22ad27a3ceef97e2e8d527d701d637a6ca44ec755a175107209237e6e65cdfd04c30f5fd5c08c18290e653285f2f9106989cb531877842e62380212a5763365c522d6294b2aae952c0c500c0236007828b2798ea16d65ff9999d983e65251bffa2d7d5d8669a85439a2cf293110dc37ce519874ed2001b5afffd4dfaca835e183656570a1d42b3e561f5f78a2fa15deb73e92bfb90f792e24e378cb4f849304a04b652ae3f53c7da05256d5cbd08fa5f18d123ee61836ccc223faa3387bcc2af131c1de4384d000f226ba67c8734899c30c5a02ecc23089bbe1183b0c93f4abef6c98e6e8ef89a9a5b
1787431122.268265 vent discovery/pairing handshake (vent powered) RSSI spike: -42.5
  -> 255 95a1fbe0af3d57b9b6f7748f295eaf34289a3b6168d638894ece0bc6ce7d036491ebb754a6472d8cdfe62eaee49ecc10efd87b3e646040a382b6938b423607fc766e8bc4dc135ec45c7ccf449064c43fb3620385446c1124bf30429da0a50d599347d51a31e144de8fd96c024cd2bd09f90803b6ea2cf4751bcfb6f44b8c6f9f73c3e7829f8f64d083aaee631dcd8c540cba2f20e4b710cc70c5a3077222676e54df6f07081f60d90745815cc282b3f08ddd316f3beb942616acdece0fd47743858e41bca61758d07c8896c8171df7a201802322a334050d32e604bca267a8304b2b4030bea448fd24d97b78c3f90c351ae8260a22a2162fe84bd673e66613
1787431122.268501 vent discovery/pairing handshake (vent powered) RSSI spike: -44.5
  -> 255 7dd710d2483b39d989b7e0def27ab5ad51cfbb2cc25204ce9da5ab0a58308144380ff56a43ba13fc23fa47912ef89000f7874c2d217d02e393c61d03e5fe0f0bff21349abae0c37de127f504a2dfcffc2ebf834d177785e09f58961b183404280e02637614fc790941b67e4a61ca3d8e9f0b7ecce164f32dec73d754b719d841467d85dc1f34525780b7bd4a898ffdd9a2ec4e87b6442a6f8494e7b5bc8d72f2a2d94facc337ab9cc7c8b09b4eae6e32c10456e235990bcd0e67bc28f9b1ec1fe3ab6624c784baf88fac0e2012d8b659020d29520e795214869f2ddf1a9388240f281b15e29530cae8463c38c038c900b7d5c0ab89462ad002c78ee18c7fcf
1787431122.2687192 vent discovery/pairing handshake (vent powered) RSSI spike: -43.0
  -> 255 85629ce18a55ff2f7b4fe03aa29c0204f2ae9627d9cbd1a7ac276059e3f53681f5113acebce38cf0baabe07cc7bd342bc438c7ee3ab7199df1a7e9abfab0476b257940f3a47199b6978c61b44d9e916e2e6f05fe56867c2ce7d934895cd5b1a8c5f1e4ddcaff74d123c23370bef9e19dc4f5ce55f7d0113a27ff7853e67b2053ab5029facc2bf7056d807ecfa54211381c4de2066340c812e5bcb99aecf4c01c73998428dfe3b143c26456865bf96afef7229b328980808a5dd6e4fb460fc3592376efa33438123d5c71179c3e3d261b91db4182b815e1c4ee701e21f421aa133c1784989d50809486b8b2aeafbc55d7bc48d80e5733a3c39ba660657c80a9
1787431122.2689211 vent discovery/pairing handshake (vent powered) RSSI spike: -43.5
  -> 255 d141b2fc8b5e57fc52fc57b84a294fe1dd9e7acc649f0cd48f68e974c7a333630f5c198beff89b4bfed93c3572f9ccb038371b12ea0edba08fdc7e107ddcd6d4aad00fe647b261ba3c9128b42dbd68ffdf7e0d139541378b704d015a8f6db7f343d81e4991277939bf9205832f4efe112f5c1696b154031d318446a194e0aa86304f6a2c67bcee60c445d419699825bb23b29e85280506f4fcf252b0dbddcf1e0d4abefb5dc2f699cb2a2b9c0408a3dd692bae3fd6dfee5322761f6883fdac2235c1e871fa423832ad4e64477ad127b9976740ce9a24541200d543b25ada1eeaf2622df7e645de2f58bdbdc127b8df25661e875ebc9f3923507374e2490c0b
1787431122.269156 vent discovery/pairing handshake (vent powered) RSSI spike: -42.5
  -> 255 044c7ba1f227459c63740e4cafb38e20d32f2c4faaf041c5d91fc66532f8b2f5e137beaf32420c95cb7c3dd7e35eb653e413ea98d31ad197f75e204ba965e508a275636d394d35e4efedad80b119fc355918a57844a5e4a13cac4bffa88e907e3f8c48024292457b29a87caaf17fdebf6b786a880b661ac0e2092c9a5005ef993a4326831ad0c13ba62dd684ca92259033ea457ba284c28a72de0f7b89140f5a7d4a4cdc2cf1f7e40d40003648f09a7e345cc3299684cba718b05d0f0c5f42d6777f6a3256260cd27f9339144542131c05b4a951f2be576066f18a8aa3e44d4e83eb156ee9503074a4d61872b2b573e1a1ae8ef7f3a1b1781d64f7610dcd83
1787431122.2693949 vent discovery/pairing handshake (vent powered) RSSI spike: -41.5
  -> 255 ef7c301ddc461df13c4e0bfbee4ae731203f4e32828df9541597b1a757e1e2898e25ac6ce43b6ef9d80903fb9afb2f06d9f10501e8b56dfb3389823065adbae0ec92ae739f4faf4c52759070b10a5cf16423444bdf0c284b38196e9b52cb6c1498beab3f082a5cacd7d8cf20b64b861cbe458558f9dc1adb2982fa45c243826e4abe4535bf7962ed5c5b653bf484f49e8b4ee03fd3dc5e376e2f93e1b7288255e17673ca9384523649a67790edb6b51eaa213492b6bf96810d907650938b2d0afb2f970ef17016ae4eea0206d1ac494b03f94dc3310ea148c8ce1ec7b0a92d0e42d579a21a5bf56a17fb27ed58be095683966475858341cc670cecb3f876b0
1787431122.269651 vent discovery/pairing handshake (vent powered) RSSI spike: -42.5
  -> 255 4df598433d1311c1dd9fd8e39c3b7293c40a3be633b59ac3e76381a544a856cfebf8cefbc5a03ef7b9da41fa1f4d0283f0a24a254fc1eda5697746782c006bcdb3e5721d5138d743776f1a88b9112e3c6c5cf88217ef6592ed9eac3a7d9a0d1d1cec230e453f42671c8c4986798dee14a7433a18087760a64c52aff0dcb86ecdd1ab2b57cea6178fdafa0b8cf84c5f0f34a3a839cc3953a68fdbe7d3c62079bd8815a8e9ca4036fa21e5bd658e42b622cf1363b39736811dd4cf4d3d1905f59136af8702525e18b801f1a9f52d6b3c55ebc432684b8b26ba18d46383ff0d9dc5b6dd3a33c0ee83bb8b0b9cc0284386bb349d727032a33c7be6a1e32bc92029
1787431122.2698822 vent discovery/pairing handshake (vent powered) RSSI spike: -42.5
  -> 255 eccd0082837d0b46538e9e5a5e1fdf6902e0323535d14f70126409589a8f38dcc9e0d960ed303831893f50ffa21087de368d7a2b63e111809538c7810f0719ee8e0f419733979ec89b1887eda815439c7fbe9a185d3816f710d0905e34dcc744cd505a83c04b5e39242226c2e3f31e714e894af86dec94e0735d7a908d6a53d168126354042080bdeb03fd2332700b1e05cbcdb4b70e0067f00c9a68779c323a2e8c19f4c3cf20de15351337cdd36228dcb1100d646e263ede2db8a3fb7bd853e84a236fea11dc03c6fd00a5d19f86185374005edc47327d40f3a28f6803bec82d26686caf90afe627d00371e19636c923aeda18e81cee0856c0b2f29e2eb0
1787431122.270133 vent discovery/pairing handshake (vent powered) RSSI spike: -42.5
  -> 255 9e36c0ee83190b742704b1bdf978a451a51d588ab5a49aabdd63020303e1f1bbe2402e801bd581d183f6db007bdc24e2dae91ed6453242bcde80ff62f1460d99ffebe560521114458ca986b2efc2c2ca1fb6deb76efdc22850d73b59e676a6be4a1c0557973076e4c4789e137a578a959fa6004bfd97f558f8ed3298442a9d63ffef27e9052edb91a1b1b87e17a9526207304eaf1d0ff9eb335744acb7c57346d1304bd0c24a479d33aada731e3b856daa948b8fde76693b00854d7d28a9bdb24b1579ce3f4245f62a5bdf1c4ba05b83c149067cc8fc668fb2c7b89da73df7cbc7b962384c1c30b5b1ec883488791aafb590fcbc482b32ffa771b0440d0d17
1787431122.27035 vent discovery/pairing handshake (vent powered) RSSI spike: -41.0
  -> 255 34702021ba5ec994b104f232aee8328e53dd537e6f556605aa72b0eb0d75476284f428e1052e23fc1dc80d0eefb728eb276e2b7e9456670c8721921bb2b6f6ba330e71a54187c9d916e3397ae06ac4509a81447ffe33c6ea6543d5e7edd5ad84ab32e06f254cd476b7a0e18233d6797d530bccc8c77c495d53e5c3697fd7f0f7c6e10156497cbe9262152b8f5e3b4952998458554c29e546030540812f3dfed65e19e2f36b158c660a23ba3303255a0701b6b03cf8f3db5c1771671ee2f9d2af76301c43681f8e4b71b175e509b0035f60a999b8effb525851621ebbbdafc70873a50cee86c32afc69d18ce7023908dc126d428d42c156bdcb9a63e5a8444b
1787431122.270636 vent discovery/pairing handshake (vent powered) RSSI spike: -41.0
  -> 255 b3e3982a38a7531dcefa6258a2686639c8ec924280a97cade94fde2fc8d4b636bca27dbd28bdbd630eb6c4dc55717701c5955d783c33bdffaf98b0455c6dc7242a89ffe7858161b4071292816210828dae9e11deb32731db3d199743c2e8f9581d49f6bfda7a255384e79d4a124ba50517d72e7e76fa814240869cba88a1458c21d4ff3e07be11ab172f835d1fa7f092eb2e3ebe39c9de2671c08b9b66b133e4a0897c0c8e9a823fc081be7c80c73209f67bed4eed7ca9452fdcb5500051e2270df7bc7f3828d1c619290fa4e61867899be06ad8624bf3d74b9e93100e48966de556830685ecea07741bed85dc3c59232abe608c076ff8132d3b8d0ec1e3e7
1787431122.27088 vent discovery/pairing handshake (vent powered) RSSI spike: -41.0
  -> 255 2055755d6c27cdfa31c56787c80f700d1ecc94e8e168dd43fe2bc8bc5daff8f009c1330d03c075792f1e942443088703748ecee5d7eb5d4321019496756a5d602afa3617caae65e5908840ef51321d8fddc74de44ee9c9ca9fb9403fa8d28cecfe1943f8b85056aa42c9ec6464bfd7f6f085e1c0af841f058102c3cd4b11223318070f2291d2458a482137683f1004ca1391170c55df1e483bda74215438b8044816fe8620fc5e8c2dc69b24f4704a015d2622b70f5a37ee75612c388b493b9ac8e04971f8f173c5858b14d4310dbf65f8401c386f192108fdc936dfca57b2d6a7ae0f0e6e7b072a42810f6a9fc11e1ea8ed7688dc16e732b7a1cfa3be70d9
1787431122.2711098 vent discovery/pairing handshake (vent powered) RSSI spike: -43.0
  -> 255 61a77c33b2bc254be67143a50734b1486405385f4689ccf15ba59c04e10095a7c3b60903e05359703fab0a50f3b75745768c37f9afc59e909e1eef655fc80716f9b7a56e0d3cedc6dca77bb6612793884ded6ceeec9b7fb487e6a6e2b98b58290947086b37394ef49f8e7b9b6a60a7747fef617f65d66cbc0e81fff0a8a8542779bd68ab8a04837590412352bee228ddf2ed9a0c775ea5a45fa9c57eea80774f0f544f20bf0c8aaaea637642ff90e767818ac03efcb19c469fd85efbfa179b8dbb0bd569a769f1ea7ba6b73231368379a183ac1a0cc2a9fcad71323ef4e8552e1508199a7d5f9f1105dc2964c5e804ac1434a93454357b984fdcb1091c4365
1787431122.271322 vent discovery/pairing handshake (vent powered) RSSI spike: -40.5
  -> 255 78dce065c021606826d44d67cfac5ea59c44473d53ac959e2ae874f200636b4dccc1e8d6038ae24707b953f729051b776df96094a00beccff6ee64dfbfdcca863dc8a53ce1913dd173482b83b834e31c7db90b2435b90bc88d5bcf86181fe995fbcad89ec36cdf44a4a41dcccf03d03e494deff7811add8c69f445b629c90d2ebb5c85915252ff04d847b18e846b49591be8c70390129b595e8414ea072b4236348296b8ec4f4010a01f6606d219cbe42033403d0d1de0474b941399a6ab78b417411c39b50464bada10ae62ffc00b3f2c1c89b03883ce90d65347392dd9984a2765336df743d5bce2c63d39a8861bb7ba71ea160295c34f8920be7df13071
1787431122.2715468 vent discovery/pairing handshake (vent powered) RSSI spike: -40.5
  -> 255 9550101658fe58204067b7cb4074fd7eced9d009f75bfbb770f57b6b604df56f2840dc741d26103b6e3fdea7c201931e762e0a64050d389fb8f78d9e82ae4c2382232964cfd699daf27a891d615ea4168bf4d95b7e3da0ad48ab6348ac31ba38901b739dc2bd1fa65263124daaab3fa400dee3c0a410ac161ed7ba5f084c58e85fda77ba9fa577fb294642faa5e371a2962d74902d218257f55f913e95579d81b7eaf2a4cb9a9c2120415f3743e2d36c4df1441f905905ef367d550c5f280f4034f1ce5b2f914e35d3b40017c9c9ec20d14126395142156e97bc00e408f0a7fe9812394378971b49607f149e12a6487c4bf1cde23d413a2f413ff175616bf2
1787431122.2717829 vent discovery/pairing handshake (vent powered) RSSI spike: -42.5
  -> 255 106f0512f7a75f8850605f4c57f84999bc9771671ae4807b97a7d30aba5febc88b7122cd1d4f407276a1dd1c4f6269bb6276f4ede2058a26c9796789dd5b8998b7ac93069045a0614e249f4509d789a8067e40b2c40bff22121c432ffc87fcf7dd156eefa12112400401cc69d51c3e7dde9b110f6737c69d7170094411b6dc5c2875e6b558417b07095a1858715e1c5020a0412d8f15c95cf88c633f66ca8b957c1fa4102dda790110e9972c0af1ae4b32b1494e8398616fa4c0d6a01c0980b747515cfb580cbf1eae868a66760b520e4340bee953cd847a5bf067524af996112e44d1d62f614e4b4f06ab916a6793f4fd6e852b829008e33de6156f996490
1787431122.272025 vent discovery/pairing handshake (vent powered) RSSI spike: -51.5
  -> 255 e99f4a7463be89927355b6e9f04b41e43f3e2d5326c10b70b1f8195ccc4c3e2d17181103440d81864ac089a8ccafcacc84619d220d39dbb9a09f5c63c2a11194a5ae3c86c57f8405fc56413a65e662f9dedfc7f71d47c01a87f800d7ae12edf60965301bdd0c67df7c4e855fcbefccc56ef98cbd79879d98469157b3157928d8f06290df3c4eb082e1c8b91aa9f83835d30f9557857ba481009a5652d666c2431dca0ac9fa592a15eee01f96e37c3956c99a05ded880e50c262d8c9b208e3712807506f555b077b42e315454b6f85ddd6623bbdce03a15bab4b3fcec85225b2ffd1d813243bb6779b3600be814f8e0358e753b565ce464b941b91a73d7568b
1787431122.2722728 vent discovery/pairing handshake (vent powered) RSSI spike: -79.0
  -> 255 a1f7c94877c3894435f7e0f75e3aa23b594ebd6b00ba3ad4ffb0fa7a1abb9e30bbc835f7ab8662bd25109b9da3a0db8130a8f2fa8f669dad5d43e06aa8cb4541c0b0204f525b1cf437fe717a0537ccece0290b8e8701f86bad08c61c121f4ad74cc368938558a49056c21103d644d413de28e326981ecd103fba73863ac6d73a301a107687b01b64285d456d2b162968360ea710afb0fbea4f228b6e09c69e9b138383039797d7c22d75c69f43ab18710fe248d05c36e7c9ae92963fe213f0db5c58e4e1004cb6430a60c6ad11eb25edb94792de67eb072e85bad2635c11e2f2c5cdd17f5f0df851654009995da08150c396a20cdaafc8382d8693a9c188e7
1787431122.2737799 vent discovery/pairing handshake (vent powered) RSSI spike: -50.5
  -> 255 a9096102f979f3ff5e8ed6539a86c5390dfdea547adc6eb71cf33ee81140a64543dc5fc81f540e31fb04b9500facf041d4222b94e073be4192af6e20df9da8569de6268cedc41ec7061c248afcd5e9c371f9f5c525851bfc74da41031be3d8c349e2f3a73dc139b1d8a730d170495321cc070e58d593671cbcc985cdd2b489fd446ffd62ecd77696b93767d817315cd5bb8fed0d76f5c1141971ed7f7c10b46895350f9cfffb3037725deb3e88cff2fdc38057cb81e8a12067a4e56fdaa6c1d0ee462cd4030f1879f4848a85785cfa83cefe967610f14130f0f428e0005a635e08470b83156af702df80b64beacea9a9eb68b91405dcc406c978683e9961a1
1787431122.2740202 vent discovery/pairing handshake (vent powered) RSSI spike: -50.5
  -> 255 b229d143b63a7bccfaac3acb9aa648a707b10750757eed0eb3df7e030284775d395e4095a6437e3da7f25ca35dfaf75f763e966d54df5e827a50ed3711a7c2db1360872315770190ef3958566e7f82733b06129d03dd3e3c637dd2f00c58394b0d4b988cd0d3b4276d4d7c24a34ae8963048d5d06faed18682a97658d19500375536d47e86409bcb86ae093dd77a33d41c29f21555e45527a7f05eea029ae6358f7b678f4005d9459fc2df5671c0358ccd8bfd0099270df7f09c31fff8fbce579a10903127bfdaf5d7cea3df6eeb301baccf59caaf0ba12846e65b67c2b57102132013e00a6eb10f78e88528da25f369d196436d4e8a24622a87f83cfa067e
1787431122.274271 vent discovery/pairing handshake (vent powered) RSSI spike: -50.0
  -> 255 15b4b73f24a1c79244646a4d30b7c0223e238488c801e5abdf066da761fb6d6c6645f9edd57d1c8d014083ee034b379ccf174ee1b25cafbc127b5d6ef0964bfe1e11441cf4cb5e1dd6536031a28844e229fc390da9e9443188474441e7fd931e55178d948139e557a17979b4ee928df60cce5c3242dc9afb78d1ef06e036a705b65a06da1ee5a289d91387c086e3aa7ba2adc734d6529691504023f9792d2efd951e5e9b750c885ffa3e4d2d0332a1a3c51cdd459ba898aa5b68e3f8106bf7f82b4778e2f718a006b0d2f849641f85f836edc1f402946d15f935eee293e641b6011229b9ef7669b36abd45b4ba62ee5217b54107342af32b4ddc7b875f6e71
1787431122.274505 vent discovery/pairing handshake (vent powered) RSSI spike: -50.5
  -> 255 b2a305bf94e0ef2c2092431c025e7aa30c5a61b3488d23ce93e1ef6f75d8bde30877c43ac9c6631d4b59bc754aee124489053ff37e7ca7f52cfabd571acaaffbc2d1c8dc76bda867e02688477601559ce2e460001c85e1366324ed0e2ffc2d686c83daa5f5673e331318964113fc67fc893a9faab045c1b506354b73273e1dd2c88c0a56b27951819c2303523bcd6175ac8304b55e6c954abed719056af813f0214463d8aa8f603dc6abb2f3aaad14ee8a177101ba88cf715b19ae07618ec168be7b731d1e5cb30d264d7b85712d5f74876829029f5609360d45d17f62efa5c05058ba10b85401b424f50a10069039f934b11d55a5d413f1f750c0f5fbf7e8
1787431122.274716 vent discovery/pairing handshake (vent powered) RSSI spike: -51.0
  -> 255 140ea8b192e078c1a68d2cfdf5e99e8a7241e5c8c6f2545356dd40a980763ab6a22bde23dfd85ae368fd8fadba8671119c63ad8be9d3a87dbcd73d5ff5ea652d70d6b772f2da9de170fcc1a56545f2bbd53f49d57b1e4de60df03f3c45caee077956d7d6b9041ed8e817dd92e9dab668e729c2a4bf521e455b083889f6bf0c8928d43ec586c1e4641b4f1e7b28c95741f628ae1cedc751cd2f04c5448e28c81b4cf374d5e22f98e9f1a5e0ad3ae86dab4d0e42ca5e9f41fb11efceb6601f96952a7436a582ff8fc52ac204eb0972f4c48e5807190a9b68074023dbfd17b1a57fa1c13e4c7d0efad7f0a7d4589066c13a1378bbbbf77289e706a8a93f3135cc
1787431122.2749991 vent discovery/pairing handshake (vent powered) RSSI spike: -51.0
  -> 255 9ed80aa4eb98063725c85f4f478f298af93ca3d26bd9f65f6cb5d5fa04611bc4662ba059e7f2a1885e81fc9edf9e43a92046794905bd81d16cc2549c8b6dacbe9fdc97a1a2b06fd9d9d92641768602d7944ab10adb37b6acbe3cb631e5cafa96fd26da3636b62eec7ec099420ca200b667c288620a1d1711737c9de24cce8aa1c5340295f86eb7c4f19a5577d001f582d047577ab4d999dd7416cdd57c5faa7ecf74c547b554aea51ad2020875a96159fe26fd48d0d13b43ba3475c4a09b50a75b3243f27147edbcb1cd4fa479e6e1a995b213723dd1038d366dae9047ded7746f9c54ebbae5f94bca2d37437aa3fde85fee8b07aee5965ea0784eb04b15b7
1787431122.275222 vent discovery/pairing handshake (vent powered) RSSI spike: -50.0
  -> 255 18b5a406abe2a54b8076fa6374af677bc247c6ce8885e47b478755d0c974a6ed9c9c14cc0c45bb6b6ef50595faa98528faec3495f85a7393215ad91ab129ba39d1a5c65f2e39c559369d8e2c3d12c3c95fa57515f57699f520ad7234d6581f4091590e7fd0260c3c8fa11c3042c9fd7ae03115fd932440490fa7de012c924f33b00dbc55029d06207743d182ed6d7a4726f56b9eea910ac20aa832e0e291358dfd0390da42f80318cc899a6818b400eb07339e003f4069f406da434358492f515bf5d7160e62ebecced572c0993aae98c9cb95894a362ea585c3b258b9ac196ef4508df5b15cca5720e3fd3ae27f42c208e648d63ece8c4141ccadae7779e3
1787431122.2754738 vent discovery/pairing handshake (vent powered) RSSI spike: -49.5
  -> 255 1fa045f000384e36050d138b3fe9dc6121998a1351253bef85bf3bf3386f001913b1b278d4f7195fde7beef59bf74bd94ff7e35eea06f870d3c66c4a485435994e151ba2e38c62150c11ab701d8b4afbf823db3a7981c8e92fe1ac82eeed6d37a789ed9a8920fe3b0f7a29f6f8cf0047e53787c380e9462c3df136327701163286be835f4fbcf49facbec01e9a901f839e17bef79b56e0cf90e0f8837ec0e6e60e2743d8cc3c19054f0e3604c8614d4816f62049114861c4bed25e25f0dfdce21a82107e96d5db5dfc066f126b28b23cc82115dbc7cad55d117269f1b7cdf53bf46ded28b3ccf09ffe14d00e67670a7419919a90de0d5df01de309f3de0c49
1787431122.2757068 vent discovery/pairing handshake (vent powered) RSSI spike: -50.0
  -> 255 6562ce0e4b8d80df73146ae6b5a238f08155304ff81d3fdea3c3a9f50a43cce454c1facb7bf66fd2807a6cb6a85f4f9268d37fbd2df931c2bc35d34fad2b86d64026979ca8933717eff263e4b790ab966af8e986207ded718e0968761589ed4cdc1f0c35a9551317b6847d9c7df8663e93df0ef4c18f347e6a8a64dd46e2ed53aeaf57762211704dfa30e98615477d2fcaee8b09370a3a35996114d077f12b94209fe5dff57d535e588340df36a1f808c356ffbf0216838cfaa041be3b51b34aa94638aee8fa87f3cb05af0166ec7b0cf3ab7a085fe336923cd2098f0fbb3b22ea39660c0276ed1d399d7d854e3963965d0c1fa190d653ef178e4afb6a9b6a
1787431122.276 vent discovery/pairing handshake (vent powered) RSSI spike: -50.0
  -> 255 18b99175a977d8de2bfa38cbe3707565e2ea45f693697fcb9565c9629e93cdb3fd14c49ae23fa971d5374bb4783bdceb71f111443be583d3ea87f7f99247ac56540c6640fe2af1a1821b9a19fc549fffb3a6156e29ca311e8c8abdcb7172618387444174d2e05e7f0664f7aacb18dcf3d93ff301ceba85552f43dbc5f6ba904f56a25cf99ea9c2fc081fb3dee34c66ecc207667b32ac77db8defd86bb08d8748c2e2ff6ef280ef8a55ce29dbe56c4ac6f3339220acc9230e3a08f7e8faab1f92b5bab955fa5eef63f72f096c8c0119209feddb67fd51bba1e3f477cd838f45511f9c28ac6352971bce9e21afecd96c50fbedfcc3aad01fda40da56dd757e1c
1787431122.2762182 vent discovery/pairing handshake (vent powered) RSSI spike: -50.0
  -> 255 c4806fd4685db978fea92815139d852e6bf3126e1a58153e818f39f138e4c97f1b62e87253f3d74c070e0618f746d2dbd6886a5c3f4e10760adcbbb71d7aa26be9b13a175757353dcbaefc3ae29fca6897fbd137f48259db3fad079d550f80678ced4cf9247490b487995901b6cf4c9e009328b3cd2239ef130625e559c690e69ffabb4890af5935b0f25ba29754c6375ad4868b2e8879d38ee37435407a512be04002792cf184e0a8621e11055b9ee4d8e9c1cd23feaab59a9d237e2d7a1e2c6d1c036191e06f018fd3c4050fb02df5420335b695492570516861366aa7638df107e4b24be256eaf8e75da82c6a96f34687b83cc447731a82537ff809fb4e
1787431122.2764401 vent discovery/pairing handshake (vent powered) RSSI spike: -49.5
  -> 255 a29d3f1d9ae94c12bcb0d5d4503e6947a6d0e93897102d3f88d17481726052b437264bed7d6f951cc502f7d982052c64581a219ec4c9065b9d044aca2a975c3bf70cb4151a5424010a321159ad4b898ea7fb9bc87a1fd448518dcfed9824066b8df11a32ed2992744af5bc97b7a6b3e0d23b770d306088244a638dcaf953a2eddca92dd9023ce294b957b4e59b29ea562252bfc7da35372a63322614b69347fa08dfa3529e3c59a6fab2e70fb3b63c9dcff55341110619eac1328661e11aae4b37eab811cf44e4694b7702eaac3debb1d54e1df0541801a862989a1a5b7785a69f94902b0fe34347e0b9253514e9927238b0487f0c61ee5f5890e6c271745c
1787431122.2766788 vent discovery/pairing handshake (vent powered) RSSI spike: -50.0
  -> 255 906a05892606455a7398babc2bbb64f10701d9799e7328a6dbbb9419c6a58ceb3c9aa073cb22ae30cfffd5025b3c597f36d700c5c023c36bfe1c78fa6ca69c1bf11f903b751256d300b0fb81dffbc11181f6edd13fb668bb5d67ba3cf66ee58ea1ca972a32ce4f5e29fa53df694f8ca622f23d79043f49eb90e61b8148fa8e8b5d66cb882ac51eb3fd9173d749e049c04055f1c226d586753d212789e4c0e9103c367bc53a584eb2fdbe17be1e2fe45a1401dd66bcd9d3365c48800ca283e77b941c91eea7120ff516aecc98b7ef3abb493e4b6eaad2ec1cdeb6ff31ed73482b3c1c970135c29a348bfe809e3f62bfb1cac75be018c5ab4de9866731c13b59
1787431122.276908 vent discovery/pairing handshake (vent powered) RSSI spike: -50.5
  -> 255 d398ab8be6e0d7381a8bec3d514f032816ec4e8a6236bc627e7586ec93945d5106d36ea83f0832607292650e806baff4d1ead38e53748bfb111aedc9223f1a73cf8d72bd1c60f3108c514448564eff0713087910ff2baf8fb66d00878edc5e51518089f6681da19b348a517c956a3b82a5e48afb91969df1390cbaaf1cbb924dd3c3303c31a3ec6d812633b8cb6c0ff7440b8cc15f8a65a35b3ddaf474f90e21f067fe69a49851fc91a78a445a127ee2113ff2c3a2c94ffcb8e1ece00bee64720a7a6664745c5464618e3382401aa791049d49ecdf2e0bbce102afa3a17252df9bf19b25f73eba505097fa170ca7dc709a6424c9611644dcdc663a54e8ae9e
1787431122.277146 vent discovery/pairing handshake (vent powered) RSSI spike: -51.0
  -> 255 587fec059ad4c7b3040a3512c977208d79fd09cd4f2033403b0860c05dfb32edc7afc0a1841118e7f9196ab59d403aa7b6ffdec01739cdfe969c3df4f96cb2aba90a8d971a59321956e864786934394b7cfa60aa8700f742afb486a70367882bb85d4d6a12777a2a69cf9a077f8a7107a7383d6f61073a8a5983541b68defe7c76b2e3b25116f566ea2746b963574beec5eab607a11f305ce38f79cf6140ba2bf32fcef76b8b81a414365bf8e577afa58ffdbcf3d6a38d72cbe7975c46bb4e8c1574bd95d59e559d1e8dca2b1b742d01f08d0800775cff1228ad9ff512ef15d6b1f3f54b01c5ffcfa568e54e3f5fc890803556fb07af907eeedbb7d16f29c4
1787431122.2773912 vent discovery/pairing handshake (vent powered) RSSI spike: -50.5
  -> 255 dca5b002c536ad043b3b977540748ff950cb1404d01138ec50a7ae59fc5aa20d52f2d0ba0674c6a12de1b2335c7fddaad6c3c93f9be54b13625e1b251521e7745caad8f5abed21b646747e1358b65bb737b7079ab1b1c45996b50d4f2905dd8135eafaf3c98d7f275a962d0e0f584528798ff70854111e519ba07dd28ae629991655eea0e86af24850afe80d8f5f5bedbfb283661df9ce6854502be4c6c7479a35f8f8263439c6598ae2f7d1b7a07e83058a7c48465e2ec6a0dcf715eb45a161c61f05b3ed7b80771f577aaf5f1fd7e67e010e5ae03741e89f84f71c67655433e6fc87dc376eecf28808d1d76d469c39636e4e76038cbc3f933f7926bd2c40
1787431122.27771 vent discovery/pairing handshake (vent powered) RSSI spike: -50.5
  -> 255 fde24baf68b163cfd44b95e9e43271183ec9ee2dcc7ff4f4c18e7df3f30467ac6933335af69f790e6e10261564d8f8f9c41dda7e430defc7be5520f7d1adda708b292215375662043d935e0a807ac008c1a07ffed1437d5b064c6eec4fcbfd38c3ed5709b878e336910d53764416b7f3e4b78ad39eb3ee90d76d86d218a4874152586b545f21441d1e2fc315496cabfbb3a96bdfe794fa0fc7c8da10c3fcbd7117685c06b4e123535ff3ad8237f5eb5e0baa2cc183b3fad7e6f81d6489b65b99a70b2ef17cbfc69316e751dff8ed0cfd2bd2b7f8f9b2dc12bdd1b9ac97cbb3e8ff78d6ed351e60de43d40034c62b58fd69dce0dd082bec1a40f38013d37a6b
1787431122.2779362 vent discovery/pairing handshake (vent powered) RSSI spike: -50.0
  -> 255 4e09c1fb5568b4e7d3a45b3002303e4cee558056a39dfe4bda292cea0c975e52baa49c8015b8bb61689253327f3b5891b22b35d98221251ffa529d52b37809ec520ee490b361af772ed41dbdd0eec10c443a10abd368317ab4a0905a3eeeadaa317f9f1c710ccf3d843cff82a4569f3d866104b6aa8404e4fb77acf43e1933e1f9fa2484cefcdc2ea85e03c9a43a46ab8b28ed83e4f46506b229cf14b76181151240396762ea41123c53870f6fb8254b1dce177725f809c4459251267315495504a041e7bba42504b2062443dd4f0560059c740286b26f675ca5d886ad209b4e0ce2b3cb77133c6546c2283a01193c0f0e5125ffd59dcb04ecd4c783774941
1787431122.278188 vent discovery/pairing handshake (vent powered) RSSI spike: -50.0
  -> 255 7e0facef4eda61e4226b71261cf2fc09ae24175904c3f94d6d50bb29ce4fc6cd5bdce5c352f9c33ea7f679efc38d836a1b771c890e4dc913462dee977544cec4011492f8578261d699f6994b2ed12585e19e570ad043abf7a5bfe083bce9584aaa9059d424de4d5f4a5e202fd305cc46e1d8d774672be7144108ebb3b6e4441caafc7daf4c0e8f133c9aa79dc1565c43b0095df5b90e5531c392b2eddf13e8b78f8b80256d305277b2e3883ace909f3ad6c7873036591452d2aced04fbcdee6dae70dc0611c42fae0fd8d881b629546ff6e971ba2b19f11f372798633be1bd2f68eb517f1aa3e982032092a7835e21d40b5c255e5e0eea1fb4b1091d060f37
1787431122.278404 vent discovery/pairing handshake (vent powered) RSSI spike: -50.0
  -> 255 66ddef74dd50147f151d471fb738a8ef426e3c3c7dbd9eed0353707bfecf9ad2c2ee6c047123c037f48c679b033b9913abaff933d1303355c1600dbbcf2974a4bf9b4846b4c78409227a7d1ef1ffff47dfdd5667315befacdf8e1ac9d4c06297ade81340acac03bf73b02c8de02e474159ed144549f3aabf788ca8c9ded680dc44f92c09d841be225699eeb87f5dcf1052681aa1d8fce29f1e7f9e620210727b9007657c60a3acd52b03818825d57c7a4b4dfbbbf54e55d72728208656a1c1b2e88926b724907eec415f7741472b4ba4aa2ba7e844e912750f7551b570b4415536d85a59afe32abc12dbdb8e696a818b4e25b0efe511e927e66c34e9b6974c
1787431122.278626 vent discovery/pairing handshake (vent powered) RSSI spike: -50.0
  -> 255 42d7c6ab65c1d888039884fb0fd42f733fefcb3a27beb49c89fd11b688db394fd9cea057d32bed13c2e7001defa415ce10d73108b0dc3b4ed51fe6385cb77820d59343bda2c2a023a1193e2dbfd5bb74bb6ec55cf6af82d8b42669afbf63631c5e7f81c78b008160f4134f9c9148c4a9424e42a22fdc6ab3f33bbfbdc4d1f22687bcfd4d09fed0495a7dfd3840e3af314fa06cb6796b1b80ddb27b2452b32610bd87a40a4e23ca879f71dd174825e8b66656fc41c90e9573898367142b47e7a8e4347f76f784a0ed479aceff14247880b4a252ef507d63e0f897b4d7d939bebeef849243629a065c95fb1b6e628a84acd8eb51b78070c452c79d1ae626965c
1787431122.278892 vent discovery/pairing handshake (vent powered) RSSI spike: -50.5
  -> 255 485c99530f1a25ccd073d8ff450afd3491b6aac3f91766e46e424c03a9c9aec875318127204cdc028632069fc3e5e2ca28d03fe4e5fdacec2c5a56d243da7c2a89c2fed59fc682fe8c2d881b959bf7267cc1ee86aba434e8969fe1a357b3e6c77563664c93e9ee1830a581bf5b25283414f65e29960f74c131b123eca8c9a4fcf277f5dd7af43ecdf10462b0e64b2a35ea6119e377f9f4a1faa512153e221e92b105c9914cdb6df56a513e7993144eea46b864c91235240f10060ed0347e46e24a9fc39d8d425c7d2587ad7642b541aa82b19e6e6ee28559f896c0f705df04265b83e3015810cf0679d1f55dd08776daebfbd5c07bfaa4c53a9466c8ca2270
1787431122.279128 vent discovery/pairing handshake (vent powered) RSSI spike: -50.0
  -> 255 ed809405fc8731a427a3d24de511f39ecfd4a30636a6f81dac5d0ec9fa99479ecd78c7f4194af62f536e5ee5d411a542f973f0362f7256fba37ac96a1c311420c86768a5c3ff4b3744e0cfae04ff5a77d3e68c060754b00ec523e6b3ce5abc81ca0c2436e0b317ffdd23af32efd1f7b6404f68d4d07e7d3a2066dfee417b3f749e7dd799c467dad1d43455eafbf943fece7adcd5a832cf3b55cbbe220ec11556d4c9e09953d28ae86e09cc993b79370b8ba209a8da65c6fe01eaa50682ece0e3e527914fcf8c9255978b97d384cf7ec1741dbb9087e71943b50596c3e2ffae6e811b3dfb52959165c28bf8dda5f0580f3e145ccb0c0da88cb71a0ac4d5c5a4
1787431122.27941 vent discovery/pairing handshake (vent powered) RSSI spike: -50.5
  -> 255 4f678b0c37326f9510730772200e5c0af6f9f665e6bba7718718468f060a3de6abd39d9597db578bdcc877ff817006819a20c723705ce3d8736e8c7a7c83a46390ea8fb19cad923e7c0a099b4fa4f5a354c792acd90c409c986c5863ff5ebdab10c7c0846b6c8c71817501580470b314501063fff3520a1c81e90cc373fdc791eb70d561468b6c86c71555448699624bdeabc2117001f95674b053806484b3cb0616cd5c379a30614dc24e83ef40f84e198b10a432a6b124bfa86c19f6878862818d7ea0d5c95d17daca6eb16290a01770cd0e645f494d7c269c107b492b433b3bfe211b6c9f7f46a7ac30d8e83d0e3b82f461cc40aac1afcc028ce71bca40
1787431122.2796621 vent discovery/pairing handshake (vent powered) RSSI spike: -50.0
  -> 255 f0d095d38d70768c08eb0d2ce466bb4748509f612cde535c2296a6c7078c39a136e4c0aed7e27589c2762d41b0bdd0ce60400e32e467d7998e74ea4344ba8c26173e595ec982d6bfc95db8c434a40e933bd058e21d94322a12d4220c71a96469f55a8c1fc26a7dbd7805252d90ce085d4a2ef413de7c6f11eceb81a9965f143e61f1d5b83f5d6a5f93f51028a06c537a67bb1e8ccb6722ed44c571a3a3e4eee1bb0290072b2ff12a009e9e8533203f412787e7b60cd0010196e2de62c3ef2eb3e2ad22a05fe9dd35e4348cd90012eda820a4d10ab7ec91065604fc430dbfa2e30d45a4f5a42ee66d8b13adafafe7d76f3e39dddb397d5e0120daebfa01f2b0
1787431122.279878 vent discovery/pairing handshake (vent powered) RSSI spike: -51.0
  -> 255 1b748916132d0f3f14e33339ad1a5a3e0e4e0e8801167af27bcecf5287b5d80451a4c05052099f587b0ef9fa7758884de68ed12f17877f0a4d0a000fbda5b6177340e02d3862144abfe72c50dc6f365033b1412bb41f39428a3be5a3b406df08117ac01a829bc693c8208f88247fd9f579b393d78fe8ae212c92319b4e3c75f834a165bf80058b8f41ceb557c1fca1b0260f5c8c2f10fa95164bcedf6986db69181028072b10820d0fd7b462c358fcb06fd86b39913143d06af513776d3fc0b36630f7010479429e8af8faccef3a5c04e3b9cb9d55f820028c8eb7c54f3ecf3cd385893c210d327b096ded9e9bfe05bb5ff7ad756f4b3dc05d9e492bd3c8b0
1787431122.280191 vent discovery/pairing handshake (vent powered) RSSI spike: -50.5
  -> 255 13999c6e98d5e2b18f0d6148002bcf6dcc8e654d8be99e89e38f90eed625274adcb964f606cf5bf39ff9d40834fb36959259d9a0ab0b6ce19181c7bc7a31cc8028ce7362626ab32e67b0a4a2234b1c89b19979f39ba00864b6b5181133fe1fb90e7665bc80ddf16f2a0dd60f95ee042d56d735c28a0e33ab0ba893f6fd9d5797a0490a05f94e6689e634c81b6fbb3a8891453821c3cc7db0f86d7fa46472a0b66a2a9de07865bfcc8223bb7a561f990711e93d5ea9cb466adbd4d5575e3153c1aa2b67967005b537c1c8804fc7c4281ac8812125a28f9521e1951cb8e70ff35a0eac32c6187980831ef7a7ff2413bdf84f997b52e49ce0c156eb0a10fa8024
1787431122.280451 vent discovery/pairing handshake (vent powered) RSSI spike: -51.0
  -> 255 d9f224e18f20a5503e4d598a1e1d4ed28f2f3d65a294e17cbe34cdbd1c6b9102581dced53e92a48a3dff4e4ac8292371f08759b61c6e0c93c7a0ee63f0e917ee1e141edc66de987ff415201b83931016759c89c6015787c922a4e28d41f7126faa11608f4a247cca071533d134f44278f16735be0e55daa4ab006e3308e54e947e84f4cdc680fc90116a4e097ed80f83b5925427ea3c7d172a91da42a760e04e6cb5557be5f6b42fe0023f056fc5cb0aef98e024886ad146425dca4574b8c070c1ddff8f407389af3a120bfd9fdecc62489bff0979fd8e0c9038fb6a2458b385544e3d47221df343b6af219613f78223c87927fd84bf941fefee1c3b941c87
1787431122.342866 vent discovery/pairing handshake (vent powered) RSSI spike: -51.0
  -> 255 f2c0b3107314335f19dd414391c44687405394a7c8ea7b3c93d6d6e46f1f1d507e6acc61b6e9e568c293ed43047e8fc3f7a086f84ac5cd9e059a0b2657ece95c08a426a47a3eb115cd591b4f46e5096908520b9e925027b9dac77fb260ed70ea8df57938ac48a8f65808d5dbc904c5cab7cd6f8b427de0b9be2ca60e978884da690f1e10707dcf7791f83dc1b161506d356a7e8389a66fb9974b617106482490ca7fc1bcfe6cffcdec2336158da8a8f876d8db78c8c5068fd2f2fa42c6ec1aeffe450b397e6c6bd80317774998a6f85628a5446de55d13333623ddd837ce74a6d4c83b497f7ebeb76b0eceb594451f768a5fd5ab6c6f71b6f0e44f38957a66
1787431122.343134 vent discovery/pairing handshake (vent powered) RSSI spike: -51.0
  -> 255 d20e8f771d82e8a3a34a2474b1084728769657ba267f9511d2605ddc0f9816e380b3ac6999613c0b7c2106ab975bc076af6ef0680caf64fe01ce8b739390be908f52c95c505ab6d90b47d306452c153a8589514195c54d5565ddbd6887d165023bfc4f20b86200181902c401f82e0eac784fdcf6734397264d39140f4aa3a5f60f0a3b83d9dd8b993aa943fcaf106a935385831b73170cec38022c01233c1bf8e9550fd32b0599cd92152866858c17de3c000ba87f0f30f475172d1c7403286218c27906b778a9a26bf5dbcd0f1e269eebe15005de0920acdc06b96b4255e855b09d178688fd6e8a700e1da244c5a3d6d07c56bbdcc654d9741046cf25ce0f
1787431122.343406 vent discovery/pairing handshake (vent powered) RSSI spike: -52.5
  -> 255 c21c8496481959a59a9b510004c3115f6c97f2a764457e8798c5196bc333b5a306c15115167ae90dc79ef15ee4614c277e21866735009797fa599356ec320a77cd81d9c5e93c4b7dc9d6cce7d269dd6c4d5557367277bfe8b44ce8076939d603d5ac79ff343f601617e92d8233d6e1bab1108ef112c443fae0835fc9f07c090ca3f3d53656a0a823fbb0867144c4e2b6ac97c4b1207eec8538a98b574a3bc6b7582a0611994d985c8e3606155ae2e6f369dc7aa1672dc1dfd9d33f8fdad0f4f01228bba57805a357306e065259bc24d57e3215050de66e38c03f89343e123bc166c35a7cef8493c8ec8bef104ecbf44bd3f6021e7b6acf9ca2a450ee19e0c9
1787431122.343641 vent discovery/pairing handshake (vent powered) RSSI spike: -51.5
  -> 255 0b0f9edbcf928c346813574ebdebeb8e5f6fa26fd2774f10979654111205c8f39d5c4dd56f2db02b215ea78e04c51e0c95381e02739007b19be6d2b680b90ce87ccfce72112cfec0ba6cface8077fe84bc4198d0b9246f7b98b04f74b260d03ce568ee33a06116081bc96856d11989b6ebc3008d9c4cc4b6b7a6923fd240257693ea571a1fa84121391a004b2a99ff5cc1b82775ee974eaeb323c05bd61072bde595bc67dd48af572e39ca1a06908cc4ebb5a63eae6bb01f1831dd8289927c5697964d9f3202487e47c7b3e8e40bb45921534dbc2baa0ff792f073acc360958525c20618410428374e66e930d7bf2710f2779b9ac8d73e9d9b72885eaad7e5
1787431122.343887 vent discovery/pairing handshake (vent powered) RSSI spike: -50.5
  -> 255 215c68a6933c521bb88060605a4b1e2dc93e2fbd5fcc16f45fc17dd62a777d5e5f4c340229af672731f3529d3ab251cdc86528b735ed97f07dd1100fe7e8e67734b6d00c8e3e7e8ae46c26c615cca8c424e74e1d6f05e3207d8da72dcd48ec8994a1770c983956159df21e7869b61d13944411b93a41ca589304bebd1b63b2cd4e2b19f894ee2d182cc4b871ff6c251d8f558eaaf86612e7adf31ab3b429d599d5ec1ec7c78509c1333c2356762545a5b6d1403dd5c76cc23081fba63bc27cd9e2dd08887200a46880a4ec1dd62b67d40667d37e5635ca5d3cbe4cab2ac5573a33e71f27139816e62bab0e5ea15e3106d3d370f34939f3426272a062b85f07
1787431122.344169 vent discovery/pairing handshake (vent powered) RSSI spike: -50.0
  -> 255 8b8ee3ccf6b96824c1045ef78429f6f08e10fb82d0d917f7bd110b8f6766cfd49b00f081ce6de961b69018f7eb02c5c93af87e988f2e470df51b77aa20d2634bfb89b9b782c7719489cb43581f5e355f7d8fd3128af8c59501689a12d2d1ec996107455410fe296c52fffe4b2ae77ad06f198aab097ff66bea89c449d1d0f88cadbf7d4a20e735edf488e9d3db0dac7f728a31dd400041c47aa00490130c8dae78f1f04c25b1609b999c3f33d2ac368562a0b0c2939c02d81206be4003adb4a11bf2a90cb42b680ff9b1c1b980673ddf6bbcbb9c4b013a283bb7659d42cf7ea9c7e80a4396088068f98afe8a93b8c49fb4ec3fdfa7086fab7cd06c1cbcd006
1787431122.344426 vent discovery/pairing handshake (vent powered) RSSI spike: -50.5
  -> 255 52075f9664335bd01d9ceab89ce09e96793ee9484427083c4c02953a2d37fed60e19f61a4f04bfbeb22fd2b3dcfb2e21452c89478407285358967aff089aff2491efa0f0c7ef008eabb1b812cafefead20144b310a19c42b1e20063a6c70afeb4cc68eccdbf5c81524aa5e884992fe3f41f46090d34a49a651576265482caa6d335a51e056efa1867a12005085f7a29af8a172efa25598bc82f7e3ef8ab1af47c7d42e7f0f78bbd29e6c263e6033de9b74c47c837e61b5ef24343b11f482b94f0ef73601c77650ea1500760897cb009eda2d33362f8106377bbd76df720102c986f47cd3f83945055026297977ca04ce60f039ff6ed8624a7b0cecec9c3cad
1787431122.344666 vent discovery/pairing handshake (vent powered) RSSI spike: -50.0
  -> 255 13329a1121512cabf68023fa3a8b2afe81661d7834eb0a3dc21309f9887fcd0c4a64c97987fda13d2b7fff8dbeb956bbe5524c6c03195997fdc1d235de7cc34bc34edcc68b5c60410bb0369794a7aed33c8fa18e17c4aa8ac69673cb8c17835c800a15caaf1878cf25ddf0165a012e420b17bcf9ff9a1b4816d4cf916e790302748e3bd2a29a84144df45346fb35612cd921a0e929dd558a62b2bc748a0e1d27887ff0e7720eeeee157d5a42ea3bef3af62b61f5a4cc29f66d6752ddd2016f3314b4eee9778fadc30a8fce8cdf3657dbb928f4d0bfc4735b25e545f60712c5a32a3b8768c5e6dc72ba1bb7078f632ed60b6e10b87f5c320063e3b338bce110
1787431122.344917 vent discovery/pairing handshake (vent powered) RSSI spike: -51.0
  -> 255 a888f939712f1399b3543468e533ef8f20414d27ed3f766b019887469700ddb53b0792a22ae93be2a553302266bf03660b8a703c7cda72304443ab8e38a5a3bb890b206806e0fc99d6a24f01d3f0f1e2f71078722c47069c745292ce0a0e72b1c2b9b185504ad3a05833ec2c4c7520282b4276091dae983dee37e0d98e3b54c374efd8d7ddf845af896cf00f5e12b4ece2007436b3a3d7e0d10683486e1ded40540cbc227c395c8dddccf81762b6e344707e643182552ac54f8f106692eb07322103e38c4ab942a0a87a482e3c10c57c838ab86d010fe3954842df62c1e736cfaf69d712cb521a58fb779923f4d3d2838500f64dbe790622392d42c964708a
1787431122.345189 vent discovery/pairing handshake (vent powered) RSSI spike: -49.5
  -> 255 67cb38e6e06b3753e2fe44367ef918112fafb9ba076dff3e1129bec22259e08903853c83a6f5860fca92650b1d63c872030266588ea91204b6adee81d0d2819f11df2611da597ea3d36103e8c15cdb9eb1de53c0a87b6aaaa1462c22bc354feeca8e589205f28d9f43caa88063b6e1c028965c18da5ea6c1f2dfbd0001bc760be6895f26f5850b4ddcbc750bcb556457755c6b85d50d0bf7d9e0f91525e720fe0bf4a6fbb50c9a094f307305a09e006b0f07b0b71061686d0280a1bf2193a210c4e10dfd431e8f1cd7aa53b9023d4aba5f2e0708b41677e9ad3ffdc6ede2c9547c2667cd5ec057518c28dfe0d3ebb5d045b1e4373af1aa7954264efdeef13b
1787431122.3454561 vent discovery/pairing handshake (vent powered) RSSI spike: -50.0
  -> 255 cf260c211779a9ca287434362226637bfcc9deeeafef0874aeb084159dc85a42d7f39a1da3e4eebea6f465a5dab3394365143b8589983638d6e43f9f1b430e5a64502034bfb59e420e80ac0770de481214cd2b4b976dff4caffddf39560e46453c5899380c4cfb28e0ff3fc94198ec40f424831fd0bb3d575a21c605c61ba1648e08a0877d734881a251d8ec6de0ad1f7c9df35243d088aaf59a2e3b1b46b28e5b48cd05bc8e36ac10cf3ebd2e83ac8d5eb7c24e1253b80d7553bf8e616a5fef7c95a536e9c54a51834c61f7f6f85eaafb569495669893236017071a6b109347cfa7ba90884e032e4125178b514a91e219ebc07fb3100ae959824e80fd50f6
1787431122.345682 vent discovery/pairing handshake (vent powered) RSSI spike: -50.5
  -> 255 9f10edfcfe573f686d5841575463c4ab3485f54ee6e851bf758bb06eaf08ae6033087e464b056bc47fb3032f8860b92e4ed0b0956860709e6833d3c7a41ee8ca6f1570511a4171e8213d5923fbfdd6cf94f87b5dda7fe46284bc57f3aba2381ec40c2d0a85e0dc98831ab7318e09a320bc8b59ca60e5df0ca2597175f260cfb604f7ff4397c826fbd8f3e677e18eb63a8fa6fbc55048548aa529949ccb4c7e6864006eea58be0b0584d33df9a09c49085a04c3112c3abc8f587da27a829581981326f935af83c01fb8f612889efe7d272a4c7c6820c879617780330001be6f8f2aab6ea2d1280c98c7453604ec4e089e8b074ff2bc016f7732f50593c4f670
1787431122.3460128 vent discovery/pairing handshake (vent powered) RSSI spike: -54.5
  -> 255 701be10f831c2c224e0142bb0041d352d13dcb23728b6b7bbaf875f95882118eb31e98e6594af7c29ce6bc4cf257525df36f8701db538bd5692bd9dc2e747ad1a3597e767a69e5647a3a197789c7e3a8ec954e8ef565ce9b77489e4c2023bdc4afb3d029cb3c22c357da00fceae813541123de88e9e913a89143f038dac023d3bda1ff10002a75406a76439e0e08e68ec2c12ca09f8f5275100995f8e8ba1e456c358ab246be24ec9f61cbf288384751463a05c0a02c2ef0381ede8540f0b90d03fb81f606d6fa7d62118195660040f2e962b86f7924312b16c7c3d4cbe539fd94058d809f9cee3c453df777a873ce188ce281ef77c0f3350e3f78adc93e95
1787431122.3462741 vent discovery/pairing handshake (vent powered) RSSI spike: -50.5
  -> 255 baebdb506682db7bbeee98ce24eca694e47717e3ecc4abcb959a9f49c9751829cdff795ce093fc91dac81e4aae576b777f15be93e3b704f62c81cdc55f61617817c17b79e8c2e7e677d47d8ca51e9c6e03814fffbcab875a497cc5c0c7583c2b303bbf3f8a47f5e2a8684c661a8b7277771c193f8882ebab15eaa28f87aced695d60cb90160b701f07ffb6d778436a700bec603894f17f864e34fa1fee891b52f9e7e7018863dad438db73716f2465d0ae289f7de74f0fe5e07c576c7c6bdcf2498239a438c909975faf0448ffd8f81de0f8587132ef95d4c59428ebd1c316011449cc0ce416df51eab7a4df2a18fdf313d3051b650d1d6fd14056b2b7c276
1787431122.346561 vent discovery/pairing handshake (vent powered) RSSI spike: -51.5
  -> 255 366de79c3b98a3a14c2b2fa72ed3706ba5146231ed47b03c2f1f61d6faf27d8d0f97ba966e6f20d3bf5e723b9be677127025b57e8fba5711fb4e723fdc9711a279d2b7acbdecaab0e4f40504de789f6c92e6b3e9c5ab204c23c3bd593a584c56f619061ea482c5af1a0b68396b754d29aac1d9c61710eaca7767fa933127bb2ccd250558a65d1829a0fd4eb71b80d29ef16a0c60901539d2c890b43651001ec2aff12aea5a91d3a09aae67a945e3691f626df690d15e4e606202b9e034b059558c8f663fcaad36cbf5e676de7e8434ada8b394f802460795a7e5bf0dce17ceed6bd2b9a464f40312ad58716259d7313c56a52bf06c5b3e2c5906f930603fdc
1787431122.346838 vent discovery/pairing handshake (vent powered) RSSI spike: -52.0
  -> 255 40a63a4f5277a9d8f52e645129961eb63b7d0c51efb01130b1ec759d31c9a1ae00d33592aa632c6bbcb82eef60be41d869d2a1dc1ff706d215136c8dd81b8fb143bad2142049b9364b5805a7117015511abc02b806ad43d0c66c009249c1cd40203aa87bb4543566964f2073c846002377287751464a4e8d0b8d1901bb468e394d001d2373561197e583b6e0c811645d55e2be4b828ae8388673ad4e63af77213142415385c4c8f69a3830e0c53afab5b807ef8b0ff1fcfcba51c1fd10a319f038b80eb99108997606dfcd7b2e2f0daa99c1e141e68ac42ae91c6589ee8480de9ac3b44afe02a3a362b47d843dad7e156755bb226ca6533b23a6ddf9c1120f
1787431122.3476229 vent discovery/pairing handshake (vent powered) RSSI spike: -52.5
  -> 255 8b78e3862a17b929667c6a2af1ae489d9528e107b8b27da89094066f6296ab07cf1fa1e82608dcdaef188cf497741bc2639dbf3a2b422d4bc845eeef0804bbc2c584cd8e6ee4581aea033d8a9c84a46d502e9c55d0ed357f1b08b855154d01a9e232b506f05e10a6cfa94797deca7281ed9750d9951cf38c86877e774e70c10c83475b0de862c0c3149dbe3b571215cbefb4801856d2c290e912774ed34a56c83954eee93a33544b6176585a5ad244c6297ca320ed7402be9ee6e95d869edcf872deba37d9c1a16f1de7aa720ffbd415132dbb40cfe576985f075ab28578e642f4ca66f3fb461c3eabb5dfdb652d636e00ea6cf0d6fefa8c3eb0a7af620089
1787431122.347887 vent discovery/pairing handshake (vent powered) RSSI spike: -50.5
  -> 255 2b5afa3463ddf41f1f69ea61d0abc4bc39cefd1b5d1b8f2cb7dd3a1847fd9d4d3afc07bd37afe996c19a52d03394b4368a7d33038bf16a0367cba5299ebea651ab8be2f7183f1d8af8a11ecbec6667ea2c18cad196035bfa8fc78c78ba0e1cf82d8795bffb1f58b36b99da11bcfb77b94a96b848432d3c614a1d4502212cad6eb15ff9770d0c58a9323a8bc888dd066e07c0971fd8a0e96b0085d8ebac7522dd2be0cafd3de1816ee880c0c7780176e8dea59afff3ce7d58f47130a579eec8e070beab790ecfb5fb0edf8dd485b34653085a0fa6c49f1639ab15358cb6c338e4fac9c92ee4ef934e05ac57e86a96842f7fb363970cc4f271a60e0fe14f0e40
1787431122.3481421 vent discovery/pairing handshake (vent powered) RSSI spike: -50.0
  -> 255 20d5ba289fb31288298f329d9ee620bc03ab641054892075fac82825e26775b43de28c2eca1c80147b77fbb22113dd29c190b5de885901e54559cccb67b20ed70682089a1f3c07b641a8ca13f8266543392008cc6192d50568b2021080aae26801bba6889c1eb1ccbd797f72565c0ba46a7a0ea69e86e85d326eb174a862f61de57b4b1a515627dd7b45561903aed663fa0ed6241fb3c79ca64d5cd8c55308abc3d60bd934975e96ec9a9f531e79dab577faf9a2cf648e150b403b9abbbf39b6a0f14e994ff5a789e166ef25b3b79244d5b44863dd096330934c62a03e19e7bac4a40ccaa969b7714945738f36240c1a2209a1cd526b557b4388ac7af672e3
1787431122.3484101 vent discovery/pairing handshake (vent powered) RSSI spike: -50.0
  -> 255 205f949feec6ee9ecebc970ac31264684f541334612ad0769b878f2efc23b828d35b924fcdb0ce343e056567f1cbe51054d349042ef9c480be051f3c3cd8386f610a9386faf7cfd2a08e618c6ef6ce9a8c8694a8c2db3e2849845d0ac0e96495d7cc065ae5134f5eee22633ef3aa778dacad2eba99349fbfe5e0b6833fea1ff8eb70cfe5c79a952303a43608f09212dcc51d74dbc0a38b8a825992d85e656d927ad71c8392698b2b4059e0b9908cb50fa1f710252a90f745f70e0987cc5e98fbaf7f8a1700e2d21e8e685bdde69048723fcf0d32370c185fddb3c4233f494652138db267d9acda40effffc56e130bd39f7ef4cd89dd0a08e9e7b8a46059a3a
1787431122.348635 vent discovery/pairing handshake (vent powered) RSSI spike: -50.5
  -> 255 39c45f0813e2288f4880bbc68de94fc6d28e99c404e56708a296cb432c5101805384010999699f41f2cee3f0ef00de039ee9bf54401e20e1d083fad3b9414bfbe26900b0502b07fd03037274d15dabd6f41e44f190ce45e16ecd2940c4956a8dce1dbcdafaf38372c87a2bfed89d6d47dd2b5abc79a4607b673da673a775c87fafa6a6b31d99baffa1c79eda8b390a3344826fd404efcfd13f35302901c8f7d199e734dba8b41fb2b183a0691908cd5e14da7b3754d5c07a3f78960823727e72024e7f3e745e423c8a8763312db2c6054fd6b85861390ea0e9f4ef4bbf71f096ae527a06546e09ab6675046e32774dd79b1cf66388338664470b0aca030b7f
1787431122.3488698 vent discovery/pairing handshake (vent powered) RSSI spike: -50.0
  -> 255 3a6f064d38ff3fb496e20ebcd89cef51c98e8e1af05bee8fd6700f5c2896aa6bc97a7f0632db4818102020b8aae9430e77052f60d0bfe5f33473cf728683888b46ec034c59b1a5fd23c2ef5f57cf501c6c1da63f623a9b79a9c0de098823e1692853ed08b9ccd79851c221efb2ade4860f8ec39cfd4773aabc918eecdeed9cd298561f83e78f888a906e53760c1e95c1fb93783591545da4ee6528dba34a3329d37c91cd01bb5e616729f21d773b3c155b142a62057848f1950fed84ecd60b9e12ffc7e5faf70493018429f6499183551e758650147e7cd03d4542ee37629ba50c44396b7002475f236674992859f931d25e0a59781c2b56050e0ac4649ed6
1787431122.349128 vent discovery/pairing handshake (vent powered) RSSI spike: -50.5
  -> 255 eb3502e02fe0967ebcd9f02f63107f83f1f14ac248f127949d048e9cc41204076a83a658fc9c1fa6e48d4099e1dc661bcc5a9712a7bd927a457d8a931cc0737f7a92aeb6d5ce833ec35173332ae8c1fd9bf423310ed32044e0f79270ac365400b9288a92673703d68e1cccbfc743c5f0967afaf48b3aee67b0efec72f6cca135771c1e148e068543f64c218ff24369238deb2fd2542a541353451f654fcd201531879a6e16e78532741beb504784b98a4e2ca9f26b20896bf32e06b1e905bf1987ff50ab3f65b5ce4850c37e05bf8161a43b4e9cd5981d35d1d345ab2de88f7c2333d4079e5974aa1bba7608ab614e26c9036f86685139d87fe20ea6d68d5f
1787431122.34939 vent discovery/pairing handshake (vent powered) RSSI spike: -50.5
  -> 255 d59a584bc4f93bcc96d079168e839945e00aea3052f64c203d3c096778cb4a1f2f99ec2a12f74d067e30fa0a30240901e65e0f18c884b4b6ebd0821f717831f634b52f249bb26c8a7f2113b406cf01ed553240d265c029e97268f37f01993ac6eb668bdf6dccffffb9568114f844a17a6cbca0abec6a1e20776b10a4f31849521060253a4fe6e5f9cb22dcbf933bd6fc6a445584009b14bbb8e103c2691144d7166115868e9331d8119ce373fab0b0dbfea3d4e7c1737aa30519306f9b73d0e6e4ff27b91b60c66d63566d1b9888ae734c014ae67c7bf04bf591ba7ccad11684ea18d8d9cc85db8e7e710629b83906151b8f5ee4474a4c0c4195d1d28cf9e1
1787431122.349643 vent discovery/pairing handshake (vent powered) RSSI spike: -50.0
  -> 255 d2b004cf5e0f1baa7029b151515316aa1f143d19c73c31736aa38426ad1190719e5b12977cb20dfe249fa3eda29c0e38466f8cf4841f8fdf7246d31fc9fe75e7b562764d61820e62b1798a1a39eb9327c6582af20a583afbdf75e4b4cbc11e9782d88592015d0625d2913b7f17129d5a9491b8372fd17efe3b9b3fdeee7df5b768494ffc5e37235ece655b81c4bcacc7e389d9e8f45ccdb142372ffb1c9ca06d83744a79abf8c4582c54e07936da98f2186db1623d5b583e1127d9fb1c847aefcfe06853b0d4fce3853376ed7773114c118338c24090983190817dc464e34f6b4b8f13b307898735b024da2c11e825167f8f8e1b1abbbe29ce704868822e4b
1787431122.349888 vent discovery/pairing handshake (vent powered) RSSI spike: -50.5
  -> 255 c87bfeef4505b853d8c932be4d27962a0f9c680cfcf3f0dcc02ce53b05f838750b033085f7e06de6e64c415e606a6d3ca22c783698a11cc29b60c512ded26434a6d0fd310e8053ae1f6eecd02c94d70d9353599745627dc0f55df66cc4cbd716f99f37a9ddf454d21baaef03bb7cfc17a3359cfa437cfeef4892114093b42e57363e4acad1b76078cb98504d5a66221f2bbd9189883729738c3ab2dbadd52bb657865377f8685c70b96d5ffc56e42b843cfcf9b622cfbebab0472a99cd0e08f2c75efa5b1cd242669764ae364ec1c704686332b8c984cc48426ac2b0b473f28f7d094901a24eefb08b7ab230c4e0673090595547ab61bcd96a0dbd4a8c0050
1787431122.350153 vent discovery/pairing handshake (vent powered) RSSI spike: -50.0
  -> 255 04bd279a60e6dfa1ec78af734322197356cf2e6ff87407441f28a78314e73c5571733d96d837a921fff0b79ee0dacb1c3ed9af0c8b7641bc377bb788b975691092139cc40d881a6bbc7620191cd59efc8357ec4bbc2ab56d1ef86537fb92681f1f3410f8abe543c69927e7b4ed1a507010dffc7bc4594e2c011202c8614cb02aa6e8a1eb5eda6ac025a22fe51d261201bd0b31a2aec83481846c8f4957a41186e05d618f0c61734aef02c2811e32992cef5d229fc30d9123cc19bb4e3d77914f280f4cad215ef4a54c7fbd8b92c3eb2c311ce7973ecfd637b08f8b535c0b4e80cf7eab9f879607ce4cb96f2f6b49a791976bcf202cea48495e702d903f9a88
1787431122.3504078 vent discovery/pairing handshake (vent powered) RSSI spike: -50.5
  -> 255 438f4fa7ad5fe211ad5b16342493a1f24e6a019c1d3067149ca122589e21f910cfdee492b389294ce37cd6042c4f661c97a10855fa62c3a7b3ef5b6667af92a81fb7fedf842a36bd3007cd06d5e5bb2fdf939bc2d7c0213945a87c20862ee7fdb4592b584f487fe820d56a38b8edd6f07b84ed0161fc5520f86fa758963423db04172732416dce9df0d8d29f5683b361c7a0307fd4e2d57f75813fffca0637d459168eca4d261685d244100f53e7af9b9c61ac8dc77fd6f433e3d1fad77bd7b168f2ffbeeec708670e9c19a6c18287c2f0f3d0dc6c0ba1aa246563712c4b5d0c1b4b6e39af16cc854497794b95388f9083dcf470b954bd98465e0c076b90ab
1787431122.350642 vent discovery/pairing handshake (vent powered) RSSI spike: -50.5
  -> 255 92455109e4c2618ecf9beb6c989c6909113461a3c46fab59408e66098b4ecf50e25d63539e02d5ecd907f88055f97c8f933050322d81541def4f42092ef5a7c86d09402738eaf33afcb1812fade3a0f1d03ff8a52c5420f89f888617327dd85fd53ddee84893d54ef12f3033d6cb265da524e48fd4370ea30a9e7a3aeb2d126d98f7141a9448a99ea3f96ce58a2a42df9cf0862b0348403a1b6e17f43e424bacbdf62bad01cb59364be3b0852669fd28f4f1ac1b28b52fd1e378714736a9371651c225518a18d0fa703bd469dfcf9d0101119a227f662f6692b72cfd925489636010466c6483799bedcafc001be4583059ebfd0c71416faeb3f7fd62c2efce
1787431122.3508859 vent discovery/pairing handshake (vent powered) RSSI spike: -50.0
  -> 255 bd41c305720c5534a6405200ae89c7ee9f47c59b389039f05eff96aa70d5ce86d7adf942950cb20949d455fec0cc74ba0f0e455bb24d1ee1afa2bd802550c06f1d66105f5702dc058454a6184497841426fb03aaae451a05fa3db75dfc328d287c3cc87a006d466e1b6a4d4e2a7aee01903f461f8a3034d2856b2f0db3357204b8d81d71016b169bf9c69a551ca0a66957962827e65d3683e0cb4b360930c31ab2a84694257e23451b0b63ae1df33475d39982050e815dee11fc18c72060b449b26cb3ad51d6300cfed5fc8f5db782048784d43b1cdee651c5841767ee1ca9b626f1b702d7b666baa697c2f6834cfc7851803e0e1fe8cc6e43fc264d77374f
1787431122.351124 vent discovery/pairing handshake (vent powered) RSSI spike: -50.5
  -> 255 c762f57b2cccdeb972307d509cd162e5ec3be5454de7f11dc118cc4c4637be8546bb461289496d9ca033bb1f3b3fb5504fc9f0dfb88590a31adf51caeaf90030938dec20fd60e06fb2afbeb107e99d108c41b161e6dc41ed08b4e7c1c94ebe069362b15f3d443dabd8c21c70425041ed81522d480eb7056453377a7bfd5a02f18a64aaddcfc64d9fa5cdc15008e07b459b39f03f010124ceb0e9049645046064ddb1f931ede203e22734f2b4dce0b208c62bdcf590f2b3a38dd66a563bc142813f11a7658afd27bdb730ee334b97145023c7e65195e212995a303fd1a2e17648fb014e4c606ca7949779dca3b90211da722328ccde160ca92eefaddd65dd5b
1787431122.351337 vent discovery/pairing handshake (vent powered) RSSI spike: -50.0
  -> 255 680e734c9432a151e378fc178f5793195f2af00380cccb807f1ea29cc977adaf9e5addf053607225dad174035ebefe66d10f34b3852ee88f6d1403e9ce4c171ca257db324d44837dd2d89420441d860dd2fa861bbf31f9206000679368ab11d783e0fb7246760e6ae1975f104609f8b5266ebc03a45a20b1f2ed06f10726d6c9d293cdbfc4569c2ba6e1e62878702bf8553a888e8683ba1290bbf50468a0238420b23ca4f079d4e2a60a9e09964718a03c9f13bd5895390c37a272a51c2feb6f0046ed0b5091f00774fed81f308aee7adbefa2ec85b9a187b7b0e7bff0093d9a7e9993f735014dd9a4484b848dd9922914238ce00fb429355464552e4da29f
1787431122.351559 vent discovery/pairing handshake (vent powered) RSSI spike: -50.0
  -> 255 40fbab0c01dba85089944fecbad09a9f9ce76af10220ebfe773501cfcff99e0a43616b3c7c7cd8ebdf87e33b4a22e1982b261b0e2e6a6978240563fbe181675e9af5825d688536d5e586f3192da1c414738f1a06fce94b11a8b11201ef9392782aceb6175230f07f40ee7aea22ee4dce4fa51e84c7d06506c2314edd4c6b20adb35722bd2efa427cfd82e423895f26fd7d2838ffc376ff5c920cb954f14308d21c45e501131129fa30cb702167fa112f6639a4d60e360ef3df46c7df9ee553b5d53f9c7e81cbba23675e0373cd95b3aef02577dc9239de080333e400f765e84ccdc8671776e3f49437bc6764820def0d985cd058a6f3627f819361ebb92240
1787431122.351776 vent discovery/pairing handshake (vent powered) RSSI spike: -50.0
  -> 255 39e7f7bae043267422000191b844a4441072a54ea7b4697551e2a86123f3e477944ce2912b681b806cfaddd216c1e8e53e802b0bf5ca230bf9b5f1cd1a1be01f0a301d3ac3aad74f924dbd6e7953e6402dd36e941c9db62c091d001873647a3b0b90a9e0dfd61a4d561a8fa192ee1b8b44beb462a511c4842434a9db050151b0ac189431fae45f709dfea837142970ab17667dca94b071842c71b3ef1b8e79f6747fcf41c7f7d644487c15fecc4b1ec32a7011591b42c6f15a8d7a33e2f8101c30313ba217d542130f38cec2cd13a11bd720a7818c4056f7443559cad8e5f7f96f55f2fbdefd7a7c6c8f37c99ce08d4a456acd3ad9b89f72cddba80a46fe81
1787431122.3520231 vent discovery/pairing handshake (vent powered) RSSI spike: -50.5
  -> 255 37aabf2c704441c499efce88f4c672f778597d3d60636d01e3df3192ec65567200dbbeba61926c369914efd047f35530a497ec59be763fd93f002fcfec199fc8bf421d5df0c4c16aac9c80b0c9407da89bf23d765257d3af12cd124e962dc648f9436e68d590f0fddc405ee396008bd51b8b6cc2f23b3efbb48bf76939d70e687d0db99b6c356688a9e76f19b6952a54f447f369da596fc5f08a8e7c2d4c4a6a3083ffce75872aa6eaef72b70e09f330f0117bc75cbeca3e0f70f3ac7e6b00163a3fe600e7e492df756f673961d7e27e0df99807d562d72bb4cedae3efce32c208923047faf66f00540103f98a25b33745dba2725165e4e654659a50f9bcf2
1787431122.352284 vent discovery/pairing handshake (vent powered) RSSI spike: -50.5
  -> 255 44363a272740f9640d598ffaee51fd1ba2e76a771e58e1f76ebd60d4e0fe00403f04786242ecf7d5a9a674bf20d80830befadd4e4c03cf23a27094f9aabdccf4f1aceed2ebe60130ca49076fb4a31fc033da3bd91aaafcdae8712effe373ccb30210317a80c63de4ab6ab0e8ceada630f2f46c7cb35877828e39f73493e7335ebdb054870c4d3ebbf005fd4e2add2bfbd352ca4423d248d0257cad4b3ec932e96f21b4034b0af276eaef6897d468139831a1d5055e0f1be3c6e8f06099ea5b14353afc8b3711d8d9f4e846737de505ba97971638bd5d25b92027571171379215504ec94d71bf8fb2359f42e89b1ff0647a7a350629b6fb7e75ecc145dfa28d
1787431122.3525279 vent discovery/pairing handshake (vent powered) RSSI spike: -50.5
  -> 255 87c40b054ab2d05f5b144fec9730b57b3034701a68b1e07187bcf3a7b3effc439b573ae88f1e338018dee8c88dc9a7eb3f4b36c25c8014a9ee26afa4db1edb88a4084f875e9993ae093990b05aaf677e3f8f3c6571f9719448fdcb43b881da6865f88c59bc180e3d0516b122cb9de1941464e5f572988fa34d0e0fed5c2cf06009b51c00dc00cca8e4b3227f1f2ff37e3d3b5082d44f6141c0f7554854d7bf09061026afb4350e4305c3afec2511c51d77876c0ad1e0d1577b4e3bca7acb448ef3598bee61ce6845faf52ec15bf9ae6285fef0402fd8ff0170123e7fabb10c1fe479a64605344b9cb3323a07e8c407925d8f200f56c6230445215e33a00c94
1787431122.352772 vent discovery/pairing handshake (vent powered) RSSI spike: -50.0
  -> 255 606dbb62c711060302f74762881df97b8a5db84b1149cb0527d6bb2068119c82bbd7bf38940ff13ffc164fea20dcf08390750fec0cd36c4af1dd611c0a9e6f04dcaa33514ddc829f870c5c0ba203d00e57422cbd91f6695e7a9e148b830ebcb6c03673a5b93ebf20d3022e23f6a1df1850d2faab8f6c9a3a73c896886b6f926d00aa17043a9d8248c9e050fe9925f6ed5a8842fc9744c7fe024002f3ccda925cbd20d185e7004c0ac96027c5e3df417b4fe91d8666c00e57397100bc877d641dcfcb0e04f2c9943fbf1bca733e8f23237d9fdb90dcfd78591e5b727a34fea9befb1a52c3cd661192ea220c526c164f995ad1876fdfb664da3a664c3f400a12
1787431122.35303 vent discovery/pairing handshake (vent powered) RSSI spike: -50.5
  -> 255 eace6731b865dc8c5fbf84a32fdbd70e731d623542f60d124466b6893721c8886aa422e880a418393938583541365b9e2120fb85ee217924bef94ea9459cd269821ee61426b2ed5b7d6aeb5331cdd13387560eb9a768ceaa828ad2484d28b17746443b54f3e9d6cbbf5d4271f945d0e52a67a2df6013649329da8bd8760ede8e0c3058746fde11d67e9df3477377278cc536b78662e71d81e8ae228c0b25821078a65e58eae6d82de46b60d5d971907742d49cdd686882d1a9ce6d01b4972c1fc8a2a0dbfc25cbee7c491894e834e9a0730c1e1ccb0101a2ffc5a186069b2a5b02a89446a8f4741e239ccb6e99e14ac9f2e5b9331896035ede4979944e01f9
1787431122.353272 vent discovery/pairing handshake (vent powered) RSSI spike: -50.5
  -> 255 bf72260977bff710d77d64111b9d3a4e194cff9943d831264dd84a01ca7e816953a729797423753712f2b223eb159199814f25eeef4d2b1e639eb387e1495e6ecb262665b9252db1cb995931cc47d5865e4798b76b34030c3030b57700ec32a16d856e340b39b2114c98ffc8476d4f779ba0b2ceba60e0cdf442496e596d127e3ac68f75fd4e5d87ec2146ecccce1bb3eb89266c6ff6d96875bc3ea139fbf8a1198de8dcc6d5222851b638ee9d71e091e7dd34c1cb156c5b656fd023c696764529521433c298f139c1238639c4f4f7e2561bea83c619676b82d9644e549bfa4743b75dec7900cb4c306f3e260212aed315537ea5973a0ce26b880067128596
1787431122.353483 vent discovery/pairing handshake (vent powered) RSSI spike: -50.0
  -> 255 c740ac000ae9a8ffd1ca9f7792920fe10c9bea5150a92aa95ab9db931f0ff533f4b2fd09046ca2ed0d6be38f1d391a598885814ebf681ed811748112992dc4f0c830c28591e11f10625be0db741de17fbfc6535552c90059050bfcdd75ad3c623158efd052ff72e61dcd1be39d7970d043600a897cc6de70f30b8d5587137912db678b506560b354e3f5335762e29c5e7e1d136722d515d94a7b0468b0796ceab0aa9be613cb13d41bba0846f0a8fc8de58ef586ee55adf0cba7709ee888b411071090fbd7d34f8c381bd931e01474c1a6fc1f55f1542c5ce35d6e1c1e552840872e5c44af5b017f7ac8ea2ddecd1a66c0a974665e71a266c6144abcf2bd05
1787431122.3537269 vent discovery/pairing handshake (vent powered) RSSI spike: -50.0
  -> 255 b05f8ca2c083157d572dc74da3e8faf92ff2c03ae28b0103e4aff9da3a8784b516b68f5ca2d75c6bd96f65e10e3f564496a076f7992af9bba92cd0365fa8f01e5c92d7c38f8affb57b2ab856f7bcbff82cbe6a08aa5e2ce7b7e31083a9e9237a28d18b42d7eb248a0e6c8fc1af6293448b67d9203faebae4ab1f0d145c395e0feec9d167f1ebcd8d50bc9223c178a1adc2627ec8d9b082f44ab2c60ce001c4b800a9b18885fd71c177d10414d77e300f6de2a8ea8a316c77063d18ba336047091dd2e75825460322eb93febb8656ffd597180d79e21a321f16ad594149346e4fd6b0c06171d121a93cdedcd8c03e5a2228b973f990c7ee65a1a60914b4f337
1787431122.354023 vent discovery/pairing handshake (vent powered) RSSI spike: -50.0
  -> 255 3eef965151d9729cb45d65deed1771bca0237dc203d44e7d3cbd72b3a0210359875710aba7694b75141a2c28699702951ead6a5b01c997629e47120700bb8bd1e2eb9f35f39b5ceb2f8979bdba9ec4c589e88651cba7d7f18dce9045883e58078ce647ad62365357d85273a8362390c6a71202b37951b6b48ac3022642a94cda8e6078342a273bca8f8588ccfc96d1874d0de102e2834262c4f3303e4fabf4422901678bd091f483b0cb8d0fc4432c132ae47004f0f8e0037fdfd7971fb97be77f9ef5743d0003c6aee098b1246c4c7497e86919399f54ed898c17bd838ea98142c578c1d46141a2f80b5f006f7f94eec28af29ffe1b679a5c11ce4d18c1c4
1787431122.354295 vent discovery/pairing handshake (vent powered) RSSI spike: -50.0
  -> 255 15124efc2786ad0ee000f9056406c75fb972e8e35e2f6265c4fc0cfdf14a9dfe0c8e4d0c062a25832ebe5edf149088be737c4c4938a90912fc878b4ae017fb59064ff7f23f003afaef3d8ee003971ac1c0d87a5c6cf623273735278ba01e633c01c26b1548e72765a767e0f7f58c4cd7d4e5f7654a99be1b527fa1f7b01522d317048b32fd771b03432135b6a632b4ca83d6ec6e39736f8288fda66fbcb4c82d6f510a58e267d6c378e9f8cf63c70b396e2751286668c0e0acae6719bf67338f772b619402378cfe05aa8f4c55b4cf60b2a3d795fa04aaeff24834b19a753d285a0f86e4a7c000738c8d66497ab44f6f49093cc33b4924a1fd53a992ca6253
1787431122.354531 vent discovery/pairing handshake (vent powered) RSSI spike: -50.5
  -> 255 a0cdb1f9ca875b1ec9ca409504c34a0a0e3d48209ee8476a746afd5dc14febd6c4a12b317a4677a7c5a032bfc0625fdd0a14dee7e84c577d9bc4090c94123c9f48d2b87c62a5fffaaff29b92311e664228ebd421e39600760b31a34ac09c24cc306f18eb6714570cc326fa2462b85ca11ac0f731ebe6fb69876f4cdd3f298e97bf39bbb1027a7eab34029b669f2a0cec75a40bf48e0c8b1fa968c714b5fe1c8ee28cea21e2a2e5a7f856fcd9360ae26abbf6b87c9c17859c34e7d8b3f9e0c604915e79a6515fc3cfb9b13d14c6bd3f8045cec0e4776c736d7a1aa2ba55ada716c08fc8b3648cefebc33ed239bb4695e0317727a6cca7d99a5197988f1bddde
1787431122.354765 vent discovery/pairing handshake (vent powered) RSSI spike: -50.5
  -> 255 478129c96704e0cb05139c3671b75ed4b47290ea06d8aec400db756c27857000e685e7a1c11d443a26ee1cb6f05b48ae36193238b6054c91e32223c0c655acadb4ca618027c2f706e06e809e452d42fe723e16cd75b2bf0a5094309b202e40bddbcf45a2a55280aa6b12488bb7f77144b23263fd35a9b2af45d683dafaed764738e1f808d171e5f45a6ef78123b4635536e0ea6cc63a25f774774bea79c65c247f75d5988e8407462a2fae04232e403b475dd58f4fa6f0bfb59ba71acb0dc92e9a4e361502908c90ab3f49b041ffe3e0d2a372da5722d8eb092de3a2efd0a92989fc72513ea12ef00df30fedcd8ee19f7ae88dc2bb5bb244ad52913eae790b
1787431122.3549938 vent discovery/pairing handshake (vent powered) RSSI spike: -50.5
  -> 255 5594d6a3b64eee659612aef12c0476cded307b519ec1530b9605cfda24f2cc2727d3dce36ff9fabb0eacc686248797a9e78159cbccba051c245fcd583c69758aa9597891c06c6ccf103b2dccee3755d24124a4b6b599ff17334a14ab87bacf0ab7602acf0f67f56a0d8d1517cb5bf23eb272f1c5046e8a0f041fb8a280d4cee5d498afac599b05c2868fe60b06af42e9bb3de1b71b7d4db8a7a473521cec889e31aedde6c3bf58a381f0da6ecb323e425c1395fc8238f090e233346bf0c0c173f606585b2fdcb58f3b3ce273d04955581c9fdaba61c89361e901d8b5b7799ab9fa8b594ce5f20194f189b4732c8d92e3edcbc1990b2cd9bc5705d654ed2b3a
1787431122.3552508 vent discovery/pairing handshake (vent powered) RSSI spike: -50.0
  -> 255 65fb2847cd8f14804cee47ae0b5054a96aaa58c9e36838af8ed24a9972a5845030ea292209ff6ed7fae010b00483ed6e43c9c25e2d75947e22364c16cb265372d4430d5b2df60f5141cb65d03f68a445944d89e32606805c92abc724709ad75d972a14359ed75c7671d12e137bde1b1ffc31d200cc89c8bf4f1bf588e8d846902b5c50a54367b19577f99d444e260a8da3ebd0730676d252df78101fc01f6921fea5c30a8d16321f962105011a0e27aabc9b86c919cdb36663373026b269f533552ce44a00adc916f77b7fc05315145d04bb8397b0fdb0eea509753eb4fbc338fbd07473ae482029b86fc52ee52052aa612a0310c4b8f7f786b9deb9cc3f78
1787431122.3554828 vent discovery/pairing handshake (vent powered) RSSI spike: -50.0
  -> 255 b59e7cfa9b319a71a7d08c595848083d86b1bf85bf07001ec9500f9bf19c9b60408c4af86e22e2513c34e04144e792dfead0692f46d9fc647d877ae232a27e4d825d65c9e499ba736d93c1392eafe5e1254f0a0fd10ddcd9d2c02d9fe6c7b66ba51d4c267db556303fd079f3f63d76680921c9250e7fb656b5dba723fa75a2c5cd03579870c60db35d0f196173d7e4ed46f06e0e59a8cd4f512a62ac1dfcb64f44c40e255d9e25d26c39cea861fe0b25b45c99a3ce354e1d46fbf1ddd54037fd20534c4fa4a3e225ee3c4a5563fb47eb75fdb3c2b8558f080e0b371b968f027c479b48c65dbd38c5fbc1e05bb36df21d96ea650747fd896423bf7939e687cd
1787431122.355714 vent discovery/pairing handshake (vent powered) RSSI spike: -50.0
  -> 255 ad327f4f4783ecba4e9039dd4bb90cda597d3aa3eebd27dfe83dffecb9874a3669cb8c39f440fa540d53dd85cc51717409d56ac658a014fdebfc4e24aa59eeb4ac792a433b03866ee77627c9ded0ce6279711830dc34c35d0268ac7be6d46ce30de2e63827e54bfb6991f68d9e9b78bfa6ed0e55de7969bb2ab3660b80beec6db3511e7bbfb305565a72679872002f35b05230b4400783b9c398235702fd086a3d5995b64c93e56233ca62986145250bc119bf6b799d736a366cd667c3eb2bbf17d7b11090bd54e61db335ea39e3bfc3f8589d1ff0d0b0e382b46cc27264445a5fd327f43f3952fd7c28d2c3cc240990b2628dd1b32980c4af53d5fd93c0c5
1787431122.356021 vent discovery/pairing handshake (vent powered) RSSI spike: -50.0
  -> 255 936d0e5bb6856d5bcf8b264379af7a403473e93d84d43cea85c3767783bee6e44551b3fe1be7464df1108f198712366eed1ceba8420076911144d7df3e544cfed3fb41cd8e4b975be2216e69e9415e9d183d417ee4e213c8275f63f1f6b6c81a60bb8b38aee5ededcce089df200bebc4517aa0f13d25752469d43d3daedc025dd001abd31597731ce259fdc5982d06e1d10d893cd0df6e66fc5ab147e71782a5f3e00693d717b4d8f08de27208eec1bbc9d5be3da0fc75003b8d62faf3a9e6481ef2ee026c9f14a475603825b3de99668f9619eb93d84b6e17aadc69a20624912b9b4d9a81bea8025aee6ef6dc480ae265d3a98a3f3143f4d8c2511d7dd4ae
1787431122.356286 vent discovery/pairing handshake (vent powered) RSSI spike: -50.0
  -> 255 0122c5461f3e0a215bb64ab99c01f8f7f1dcc60781117aa7ac8dbdd2365f7b8b3db50817c792059d97cb5b4c94a6059af265fe2892b5664acf9a94946f26d80f241126f2fc6a6e38b3f70a0b191a89d4e668bbe129da4885769fd28a1e3312f74ded4c881308a5abc98367d367c1f77d1189877f44ccc2fbcca363246c07e84ff63d994b5b93700dc7fe3a449f42942a148de704d98c606aaca9666d5a7ae4f03d26af6e587f4dc4f11e30332f9bf2b18bc117035f4ea3bf2bf204c81ba5d1b9f8f1dc4772f32a974cc54413e5193d7f19d48429408670d19085212d03dfb01d125b767dedce016079ac995f9db3cd4b7066de35108fcba82a41101b53b6dc
1787431122.3565388 vent discovery/pairing handshake (vent powered) RSSI spike: -50.0
  -> 255 3ba4450ecd6647f5520ede2ccbb592644796620ac5054a6094db5439661fef2dd6b7878076994daeda3d85a15de7850c358724564a33640f2658a454cf061291bc51e7860a57bb843354dc330f87fecae9f4a03abebe1e5192f61364271fac89214da6f1cdacba6a331ace06384ff7ce134f8341c1a952e27d6c2ee5564d678b4bd581d5a904615d364e212b4cabd18a437ab23dd733e500f5cdbdb3076440cd460b72f357f5e0f2a4b1b8e4aca079e9a230e53fdd3f55e56609a77db364df3584f42576bb4695226c07068458673c56b17c4c934e643afc7d86fc9e9194135a39893db77c4748da9599a47f907f21e050ff82fa203065dc8261db1324c398
1787431122.3567748 vent discovery/pairing handshake (vent powered) RSSI spike: -50.5
  -> 255 14760e30e8b954ef58081b89d92dd1bf5b0486db53d490435f0d5e38c558814121d24e28b4fa67f25ed49fa63fa414f663a50507106e5182b5fc29f47805ae32038172c56459d8ef112694920147ecd37104ffb6d48a0c8ed87881725f1cc5086d977e1badb8f9b1dfff87ccd707ba347eac2053beec6c77962ecbaa6a6bc6fc39401c4025acc7de8fcc1a0c26bb1d19bd930e823fc8552ed9c09af4307e727908b75fe2b3d066e40e15ec76775f0b145b30f2b20ef979143c2bb7b726723f8c8be5ee79d5e884767c03fae160646203bbf3bbb6f5884be8057422a5a608b6cf6fc2bc51e1f3b645e09063620b9aee4d31bea2608ac82bb0f87e1921cc85f4
1787431122.3570318 vent discovery/pairing handshake (vent powered) RSSI spike: -50.0
  -> 255 143982ff07e5bea02ccc177bbe97d981036cf98c24b5783ca7290229fa2a95259a437d0e39ff244e74ea2fcb2215d25b050a22643e216b1445a9ce79b725b248d31a73308bd44c8d08a20f2edfc52c5318929d1f7bc8ecfac899d30a6341c5af14c9410d6db56d7e3ce1a0df80139b96683ea8a60af3401d35a3abed2d0ec02c89c3a9890a875d85821bb23afecabaecc2d00fde2235acd3f8ff7d4c4587ea35d4565e63eec310c3fa43dbe0441d331eaab7d8f740f4643026fdfa20b342d9effbac42047759793d0f64eac9945f3e7ce42204904c12a95e3bd551c035582da9a9c1e287715ec88b779ef9f16c0e61da8f21e80abd8104f2cafa5201a3bfba
1787431122.3572779 vent discovery/pairing handshake (vent powered) RSSI spike: -50.0
  -> 255 dbf4323d37325ece1c1fcbc7740b67d249f972c5d8a93230ac4d1543c21b4c7c59ae385e97225af2ddee875fbdc542000d9b1e62191ecc1c138258c4437097db6a503987b147d1f976e4e92970b766700db67e69849818ead0264823fcf3eaeaaf24cd2534d5e6bd42ddd906de192609f951594c7c3c873a6bd0823edad0eb5969f0b74067069322067739bfbc893142f0786801d1273699321ce3e7bc501be9bd0cb23ed70d4765f631fde3a81ab23ff32b81f0ded4d562b52446b993b6c37d015f20b2eb418f86f137c69ea08d746de8cd804a29e8623df69d0dfbd04c4cc2d4c407051f7f59aac6321a07d5f9dc062914e2005183db7211d06be18b0fb0
1787431122.357524 vent discovery/pairing handshake (vent powered) RSSI spike: -80.0
  -> 255 d3b16479bf19aa3540ca7021542b04888e4d5777143d14a7e9d15764c44604bf8652c1c2c58df1a7c419aa58e3fb7fee51ab41fa24990f2efd9bd3cc2747fbcc7a98cd11c0af9c6a5400a6024bb3acd93962f170cfff6387fc43e7297534b5b5cb21c93963dc4f893eee269fc3183b31ef9708f9e9c708db15bc427ef63cb7cf8009d927ee751c7bcf3880b88175a76813bd7f0887efc82992c71b3d03beaee39f3f6b17722dd5c91e6d5b613b49a1ee762ad2f9029d332b325c808924ea9cd126d229dea0714e476c82870252377160e24f29edcb79bbf7370ff10ce3105597c4721a9aa14c01931f21dceedfe1a8b59be03b3b28dbba0eb8129cb1d83c31
1787431122.365109 vent discovery/pairing handshake (vent powered) RSSI spike: -46.5
  -> 255 123506dc94f649cef2ca6d4ef4a3ce0fa5b1eb54e1c7c0d72a96cd5ca100d768aab478430e0f7b7d8c2b28f6f549d9d2f4871869a9f69b03e6e07c623d25bc113fb4bae0483526740f6b1d94b5b92f018d3e541b57d0a5f826e22dcd0bc211cda9ee32c381fde20b9230ef7fa9bafd8c9eeec66394a4df858514fd192db842f86e3d1082411bfbac4823feba34b21744aac621d6d1981676d131bb05de452787e796b008d1d1b504062ae22d24c4cff5922e3461edbbb5e0864c84110eeb3a3ea2ac49534e560aedf1541df8831715eb1ea2759fcbb307242243ec82761f28693c826c4cec562b4df41c01a35336673fe166143e2889cc5c8ec5e11856a296
1787431122.365341 vent discovery/pairing handshake (vent powered) RSSI spike: -40.5
  -> 255 031fc612ce34e9f0b240469b75833328a98958d5c6a053e9f76183c97d769a95ffa0470c8c4a51d6c703dd38d780166c6f84903033e66fc06d3e86915dacfcf639d0b8a5b4fb1c1197e77a448343987bc911c1d20df02d4fff2a15e16793f6f68739c0da3e244b9398d7b7abf47cf21898df8a7fa45acec4b1b5a35b639cfde4ddd38bb1ca663f766d9fedab8b10044f531e06060b2f6200cf51e820d397407f8f57a490670714d1e114224b0101b374d0d399fccc21ef379ecdbca17e03c9acf0fe9d2ff6566788befc1e1b064da9e006d06b442af95f7901afc57bcc43a02f4971bf443be82e03b4dcfbdb2ffe98a9d926039f8a3fa52ac151f7ff5e52df
1787431122.365599 vent discovery/pairing handshake (vent powered) RSSI spike: -41.0
  -> 255 b67739b24d28724f0ba6a69f206bb5c3eb9f8e20803b609112603903cb4a6f273f51ce29840c5e3898bc2426e54b56bbc90f5a2bb1bafa44dc2dfd7d21bc57c8fb73029919a7df9e5ed42a8a2bbdf338d2af01a1744180f9491775bf59559cc23570a7dc1cf075da2511ecb6862536828998354886cca0d09e47a381c9b5461ef1c63408f28d33efd2ba879dd52676ea8b3a4c3417dba68cd3bb56ad340e5fa70e5ef11499292fd5459224a0da4632bc01754cefa58c2c2d85662d733079795d985809d75dcbb7f45c8516fd0c62bc5371ed1bad516944122f224b147c7d5db4a51b50c14ca6f327b8391adafea02465e7239e6cb458fb48e351a81d0ca469
1787431122.365834 vent discovery/pairing handshake (vent powered) RSSI spike: -41.0
  -> 255 8a60cbe6f386c1abe590b471342bbd8556d67690f0c3ede09d85251e996de356858f957c74d85816d46acb83214754eb8a2c14984ea7f8dbc0648a6e96f8e79a19c9c90d31cdc3e2e3f6831252f973832c581b35088720d974595c4411b48cbbb42712f1bb8abd5be2c1f6f673960b40218071df4193231ebc7f000fd3cbdeb7f2e81836bf555856a59243f39a8c2310589066f981112370c5c7aed9cc42b9086389bc3b10601f334ca667fc41f5a4fc2d64806fce2013c3ae51cbe59e0983d389db574c50a743f4b39748473e5f58e15b61384c17781eb2e8b131682457e4e0e97afd1ef5c052b39c7d06045fcf5a1060df5da1a4b87081348ab64597f7ab
1787431122.3661199 vent discovery/pairing handshake (vent powered) RSSI spike: -42.0
  -> 255 547ad25cf585bb38dfc3f63382908a040fc4f0425e931a35db0ffe56c0804da30e9b4398cd97dbd4fbb5371b29fc65c75f02af76f604fea5d6b30907af5de1ec8039653c23c40423f73964316c6709814382b4861d969ca658442dc3676fd75c3523e10a0bcb3d2b010afc8ba020b890e03fa995bb192b5488edb8ebd6907809a90670eca39e158fa1e810d20937c0fe181023d0f0c3a2649e05a1a9f5e1aca96bb12449cbee0f12348266c0c4f0f0a3f36f085f7d9929701ab45455402c92e63a79c6ca5d37eae25d0b4949c44ae7a86951f5f4db212631284e3831e76e7c8a5267ea7ac7882e4be749a9c9250b02b93abcbeb581a9ea8d947ead964b7a0e
1787431122.36639 vent discovery/pairing handshake (vent powered) RSSI spike: -42.0
  -> 255 74c04f23f58bbe464644cdcdfd23e04b3be8f1dd10047ef1b20ae7a79a876fca72ba6e9bcc20a0bce9f85ddb1c8383d3711774d7a0703c5769073f7e689b0832706f8ea6477a7d67466938cca81c58bd79e9bd4f6cf989f49c9b9306ac94f00a687147f7a90f44c295ed9ded30bd9cc85ed9197c7da1cff81e7922fe5aed8d85c982583384f60543881b1e41917bdec95abe6d2a04c26093a87b9c01e27006cee2c21560ddc1799a8123a41d2246dc35911bf09b86f1c1b480247ac77b3897170117fc8b7b95925a1395428534551426c16bd60a195d634d47b074ccfbb9e5193bc4cc024a0bf92c7aca7b2ffa369be3ce688738f87a626a6d3a4c8a4eaa4f
1787431122.366627 vent discovery/pairing handshake (vent powered) RSSI spike: -43.0
  -> 255 737f3696fe37611640b87bf623edf7b5e608c3ee50819e7b4ecde276a558bec4247222cbfc1abda1625f56468a1b537d4aca50670405f111ac47987a758ff7a165755e7aaa787517b483b9b2f6e2c49ddc95b8c695f11793831700f0e9eb3842c5eb979fce70223fb754f3210a687d5939dd9077273c7547fe1218962e4c2d0a3a6bae8a681020ad96370cf868599a21e7b06a11035959389b410215f2f1a6455f6958d42dc1819b13e287f43b140bfd363d2cdc8b83fe2b28fbf6e968b3e51e9196cfa43ec13e275bd80c44440b429265c808fddad4d6773309c137d20879de3e73bdb34923a200c5e4f026914305ab3fef48a6c63efea1dd1f24627e80df
1787431122.366855 vent discovery/pairing handshake (vent powered) RSSI spike: -41.0
  -> 255 d076db5d54ce8f71a33008a049084836e706573b503a1477e6a32289e08f9c0bc563c80b6b5e6f2b1c0fea85a256515eb93c936ff500b09a6f25a9359bf06d2ad3d9f897d153130450c0a4b62b7f1478f7cff9bf942169e1fe3b7b04f61e4a1a108186f2be301c733adfde0ed4f9d555c4723ce0ef7ed22eb0268fb0661329c9ff14f91d0e06c6c36c40cea325811814436babdf57f327763c38f0e3e34f431f2f2d43a668deeea9ea3f600779144af3bce04cee2f066379490349dc43e657b94c240ceb0d98dc156e3502f1c84545c210f2cd7ad00a0fd0f5fbca15ee37001e12398ae4c207872cd4efa03efa777a14ac285a8c4786ff4dfe78cf98c12fbd
1787431122.367109 vent discovery/pairing handshake (vent powered) RSSI spike: -41.0
  -> 255 291819ea3082973b1f994ff6ef3cb94cb34c53ae2db9d2fc43035b9578b303d65a634e94fe6c989b4976601bb2f26734b20a5a1d20ed18cd59cda26b9da42a212627a792778b89b43573bc9a9e30a1995c1566bdc8d93e2e4241e50a5c5a61ad659b8327604c3ca4d992c961fa1af2571f71f5eaedc02c64d5e07105d951f0b7b75a7015e15b403e143fec72913431d236d88e1506e92aeab9e7669e5b4b6d802e7bb25b19a847634e17059ceaf231aa5e71cb64d56ce558bbf11a32e52e5cd75ecef7a52a32dedc603637de685c128802f620d849f1a0eb1e49bac2ba68fb5d0a784b7720e957c63eca2c40c1242780cec9b90d7781a925173c3063b121c4
1787431122.367351 vent discovery/pairing handshake (vent powered) RSSI spike: -41.0
  -> 255 0f5f7d9ade825b21c1d1dddc5dd042088ae2cc26656e16ae4b1fec790364bf232dd2cebb20b8ce90fd0431bbf2277de9b0e4a1e3c2382ccfe1d6935cae11d3ac77e3d778af363604e1274f9aace8b57215e3d2a0ebb39d252a73b76e9f44c442beec8d96490352378d23562798fc30e05833f649db0acfe3861ea23a4c95e4552be8f0100bb41f6d947a63e898ccc1ba58b1508c75a46d58f347c1e3dbaaffc8caf2ae0c58be9293e75bb0feadbf22d4d950160bcec0237b80e068cd5e4d4cae105d0d2bc47f978c7e9d1a61f3ffa69b33e68efff345d73cd8ec0420f5876dafb905ee2af2f44dc83fa5424d9ad3e41d019320fa314852d220e7ee58676789
1787431122.3675919 vent discovery/pairing handshake (vent powered) RSSI spike: -40.5
  -> 255 7886e9c1ea95b7dea666775989cfe93d15040c17111a9adef5f55b33ce0191ac7b8accf7fd8d07b74c1311a311f6968e7ef459a2a329adedc58cee42cf3fbc145e9fcbf5298302210f575dceb9761d3910401bac2aaf0c0d3b2c75f1e6decf3d3469b70b1f3950e84ce392dd1b89911161bd6e1e8e3a67b12209878919e71c019f5a90908057c2157612b62a98737db20b0b0f9cc0d1f42bf2fd2d770485fb5e1208fee06fc64c111c99d9d1d09f410996eacd960a3aee6b8c6940ef10853cb7c128bc62297351a3d6641b06756c3cad01733d92d12a3c8815e793a74ca3102e22737d398d7385867bac2668d6fbda26f49f260d13ed72433f9d03e7698aa6
1787431122.367811 vent discovery/pairing handshake (vent powered) RSSI spike: -43.5
  -> 255 5615e85ea2ec9c6b57e9d1c666dfeb07f89e385185838a63060602d6a710c441edda32185694cb8ea35f80a06ed7d3dad7d3f41d6af0db52eccdfc082de86905c180079ac3d360d21339953ac8059a3c680f89792d854b47b7d71ea8ef5e6f831dfcfe0e2bf08413a718d4a39e82876e076cc5ee098d52ee08537adecb57947a6df0f1150186780950cbfaf50fc2cf2c18dc47693c36309609282967b1c643050ae6ce17ff0ccc090c9f8a256e3381d781f637cd65b0610d134b3135b5b7c1f9af63cfc7564d3bc03de668fca42862099ff92b4815ca81066b08beffc64a10621d36942aa6b0c00deafeb1eb08baaf82666f8ddbd878a68fb659af19713618
1787431122.368031 vent discovery/pairing handshake (vent powered) RSSI spike: -42.5
  -> 255 6d6872ffca89ac85966212eb7db1a990309bd86dbfc90878d82d26c116ec42a746c7b3cf01502367797d94ed30e20b6c55e25280ee5667991d46cd9150d2778c742b9f15ad158afe5f1c621dcfcaec7b047ec6e7441ded7a3af61ac5effe20ac4bbf9aca8ea74908c998ba7176e4dced1a477bff20143e44bbef00bc7d5b2b065b396a264eae222cdc530478f77c563028fab6c3a4ac3411e81bbaf7320e151d05605c2fc90e9656bd6fc381c1ac7f80dfebbc1a25a72f7f31f2bd7a58ebf26b96d485c02a57026d364f815d7995bd18834adbfe39e8cc53d120db1433b11f9abceb04dff2887d20ff68ef4800c2d73a1f3da3d4f30b81b01cb19974bb871e
1787431122.368295 vent discovery/pairing handshake (vent powered) RSSI spike: -44.0
  -> 255 cfde97623a81d643b4588bb5d95aeeb4109554366798e941b311940bb2866e0c397e10bb5f003316b76a53343b19d1f92cc91bb9608bafcc4f9aaa78626236dbd721250b7f870886a1b41d485d4e2c7d30921341b782d274b253bac3866abf7039331326861707f28250aa9d849458a6f9f07a962820f42a9c0557044028988f1eb8ffe05d3fc928536cbd3a7bb476b7793a360899cd72ae7b970ae0463d7d5fc65da7b1adafd4ef57505a5d55c55c6b2a2a64defb1f7e57ec0bf6178772a7a5c157604400244eb1dc9b8c810d1c4fc9ced14969c5d02b229f6ad40e6a10d6d6a8e67ec8c2feef76a870d65d95eab7c7490fa30a9e8ac513dc7cfb1bca4a48
1787431122.368528 vent discovery/pairing handshake (vent powered) RSSI spike: -40.0
  -> 255 e7046cbe62260aee173d295616f312add7c047933e85c4696fd0efbaafedff848ebacdc852a13229e768049d8c37d231daa8fb1b8d0098690a7a28173708aba2910806215181908295e582c5db72e0e3f55a66e9cd146f752e8cd3d6ec01e4b69e910ba2a5bd6cf1f0209edbb9b03292286d67312faad058ce32d9b3679a0e6d34cd5bcb252c90c3f79b067c36cb9624be54fdf30a9bf9a2308caddd5b93d791f92b65ac2d0317c7a4b397fcef21311d970b42562b2ec3a27964f9c79ee07c5ea4c20e40cf552f1ac25dc2cdd24fbe46609a2a10f10378fbf559de236f87d6015dea2b6dbbfdbf1259aaae513b09a9c4738e5f6abb62d288680613a3cbca3d
1787431122.3687522 vent discovery/pairing handshake (vent powered) RSSI spike: -43.5
  -> 255 e1a37a1e81737420d8011a4ff18fcf7298577c4431b780a1866d09bb2785adadd274c4033420e14f99dadd60a0785eb40ce4c89a6c767d31bb1ed6fcabbbc3ac70faa50275106220c48b7e8d258bf6a4e1e9f8e5e9ee0b269d2b8d882c071ec093fa304ed23ab91236fb099e42121f808c7b1a2ed10f06d49d77def81ef74ed1451b2a470f249e5d1d725d127e708c4505eba8a24bbed9a285c3577ed02c3de81bfc19e0c0fcb204503ef419cff443a2d4c3c767828b863ec794fb2e026c9fbf319617779f3ac86354ea33a3ec0b70202cd21ae39560681765596dde3c4bcd980960785a984f9a0c66e826e860742ee7f85d9e7798779fdb03ae646776b2e4
1787431122.369007 vent discovery/pairing handshake (vent powered) RSSI spike: -42.0
  -> 255 b17a42f1cb7231d875986f575d9a542d9c1dc8ee11915b67a3c297a986d1ba895721edc0a26e5493224843922c8a6d3d1700b0f58c2668e7395dcc58256421a60c635b528ba25128236ce0893b492adeca53f1968fb562910d65bfc56ed2431c1a780432896d204e8bc46314b72f795733a80defdf05633a206efb2a5bdb4cde25f2814b22bbf2347b6521d37dded43b2605bd175fce7c7987087cd70f9f45821454187960e71dd87dd3250ce180569f17de0ddbd2cd101a90338951c359f62e66c0afeee67c839686505ed841a4e3706b8dfab39fb81a5367c8e4c373b2adc0bb09ad29bd786444c0807c6e859679a35ad63139a06611311711440840e8c6
1787431122.3692858 vent discovery/pairing handshake (vent powered) RSSI spike: -42.0
  -> 255 cff8f6e3dddddae5fa3c7a20292292a2fd423acc9d189a8d915760a99f56930c1f0858bf28b1f05a794792f0eba9e3322ca42716dc242a74b52613cc4670a3df29b1b0feb5ef7773e3ddae03fb554cfcc444a9c03b5d8b9cc03efbf81867946a29fc397c7e2f5c5be07574d9f311749bdf55160d06e2593be5bfea7c02013852bebc8c6df4ff2a84978798ef2d1498904530022255a255c0a9201ceba4fc666ce67495ae29f1c6ad00f917cf4af1462567a51023ff074f19724a12e591e1399e9ee4ff3643caa38c99de00f2d7e37eab4eaafd683419b8678c4e60aabc80d8c1b4922b43960d72b11fd4ef1d6f2c04bd76741e339422c900ad6f243420cf78
1787431122.369529 vent discovery/pairing handshake (vent powered) RSSI spike: -41.5
  -> 255 0fda21264ec2a7425b27d1d90fe40f157f836de46a42ad4189e285f5ae39e2fff666ebd321f1f2e1279d20665f0a2dba0f72bed0b77a5032fe2c7ba23ff7186c932c7146b72b9b013f4e0e31d1f5927a3428d9279f9d371cc73ff96d3713ef5bc5f8869c3d49bf9d7040194250bb08ddfd8f696953b648221bf9fceeda7503bcde4dd74ec353913a1f301a83b588af24e63625c919924f0637af5892ff4536e3be1b63d70c0a15838dc263bbb9f797d4fd215d22274fcad854165160b6dd4bd2d0ad7c6656b498e3fcb1282deeb3f4645bf3d745a59b6c24f39086262563a40e0a1e9591e6914ce1ff36ff4b5ae845f4c1fb2c401c6a21cb8295c8ac86eff5
1787431122.369762 vent discovery/pairing handshake (vent powered) RSSI spike: -42.0
  -> 255 f6ea66581df6a4b4c91f92bf10140b6caffb7c5fd861f38c61a684ca78f1c1fcaca24ccd9e199f83108ec384cef5e8d6e7b19d2c6b94d178fbfd80e4e0e8aba302c73080213f64bdd10a61cca86dd221d809bed2f5f3842db6bda9c360d5b6c16805a285b5083224832bfb117061bf5fa9122b0480378fe74e305fd7d703e5e2ee45903eb1ebb248dc885d4f3acfbd9a43c4c3775dc9dbadd963f616437609d8875dbdd8234c328c78683c0eee199195a264ff4d0693aceaeccaadd81caa27b40a63294f6206ad348d679149df5cdb9cd8ddf8ccd5635b9c0db56b098bd62a3e774083806e3493b848047c0271b56e0556e6fe99070e3f8fede94da0456f75
1787431122.369998 vent discovery/pairing handshake (vent powered) RSSI spike: -40.5
  -> 255 e9fea6f644855fae4e5e8ff5c0cb1073cd2f8071762b80fa872520844c9040e46bc582729f3c39d8615b79c3501ffacad9bf2b3ec934dfbf434ebd6a03c38518fa45b6427324f9b19d830442cc22cf2b15996482ac9fc600adc873abd8dad93f6cb217538cc22e9e8ad8e9dd288fb321d51a71eb21067bdc5f40c550259e42b9c920944c5264f2a7756dd08db4badb08f167d57ec8838c7d2cc058d13cb20ef08ef96e7b476da958a002c588b182f70fdba438ff8cbccc72918324bf899082c46091ef7aa81b858d7bf2ed0ba315c2bb00910db98a6bd945765f93e03f38cc82857f97b8d4f79e42f30a81aaec610472a8356873b6681410d3512cdb3c5a2f
1787431122.370282 vent discovery/pairing handshake (vent powered) RSSI spike: -41.0
  -> 255 dd9b1ad9df99529a5ed785f10b76255d4a080b5b778d6a3d0e63618000ac459fb23af6ff3cbb165f1e09a447770628031e047e9d7eafe0ffa613d845bc24365fc50e87f17b4f5c09f2e3c23faccf01dc3f88428ed5aa79222764170deb300e05d7703fb53bf4044ceb7f077a21751e0fd7d8e6823c26cb52f55256d74871e82f25ca22cd5b62c4064288f9b7dc743753c1e182055875be764c07e32f205a1855e745f637408ae1105742885bdd9f7853b2795ad88100fde590ba63370503181cfcf9443c8b4a5a4964953324bb564a6b6fbd318bae21f10228d2919cbd1e5e1daf7bcadbd673f803f520e9e261cc16091d241eaffe409920f0f7b8fd216867
1787431122.370537 vent discovery/pairing handshake (vent powered) RSSI spike: -43.5
  -> 255 c7fe7e86de172b5ca5007bf16e27cb9ee993347eb0df027eaa1661c44d500d1c6df4e0013dfe342e24a1f825e89de10b016cc57edd74e8ff194c3c21e6220accca39d09a049eba6be8670c11a35bbd9f51a967900db5381eae5ab6b23e2672cc9d2e3bea4e201e4fe1cccf6433ad34c8a296789ead8023e030bc98297bb884a5be18967db2ae73bb0c66621aa4a177615088ba57b181586de382b1a27cdd0b9725f17110be183c54d312b18958fd0f50448677ece457f693cffa1e3cfbc49b7e20d3c7a6123e84bd9cab7548365adcb039be02f354ce6a2ad07c7b8a945ae0f31acefeda01dc8dcc8db03cbdd5e59e28619dbf8ed119410561d60313bc2520
1787431122.37077 vent discovery/pairing handshake (vent powered) RSSI spike: -41.5
  -> 255 e7bd1483ddd390347bea80d2b372900fd856063816db65f823d71fd5ddca75e886a53865c1d782f4cc730dea0ffadf17e4d50f6b9ba1cf1c5c3ce156414ea9e88717af0deabb937e2c063072bec88c18abf2256ccf72e5d3f82e8538542a8538f05db81e7c9c606a02955b9b4636be2b14f73bf70f8a6900575ba4a520f67f503857b5b8127580f4aea22bce650501948d006b0d607466db91160c869b9b38e7c57ad8c12ade9c4a89f2da85216dd28aedba591841604c40b68ed5ffed680cb590dfd6b7a34338881c9d166c8288773de5622a607a404cb30e2933d6045135a3bbe7399077bab6c8e81517318164e009db98097f61457568d7d3798b3ccffb
1787431122.3710022 vent discovery/pairing handshake (vent powered) RSSI spike: -41.5
  -> 255 772b1e1610badd21b1f21e217f8ed58c7031866e9784fcb0b3f447312c93197427ff96d9f1a42c2d657065e0cf2fe486e03029049d7807859c89c89de9506991ddabfdfaa6d499bb3192384ce3ce97adbc719e5bbee22bcd53c9b4c19817c2090c787581f62d6b9ed4c6954a0b6101370c31f081661cd5e4bd22b01e5b79486dc97ceef4058534e411e675bf8b4776df6ff28bfe1472d6beb882716304defcb6d5e14e8e48a1bf229ee51933a6db26da07502c60a4c547f3c6c01fc405c814faf1f0888ecefbbccf2a6c41029a5e21079741d1c6ea0964a71725853f962dfe6a1f827c28f4b15f348b4880f45299346079cf2e3acb3d0fbe7c8d3a16f601d0
1787431122.3712242 vent discovery/pairing handshake (vent powered) RSSI spike: -41.5
  -> 255 c2ee6bca4a44574557778680e2122a20b3a30a657dbcf60634d802a928a19e6e6d3e2c519e29a2becf25896d3f0a72825e3ec3e2f9738f90cef018e78659fc804381239042863a0468bd911c0bcfb865f4a7a910a694bd06c403c2d476f81a17eb4386402212fb4ef4178651ec203100c7acf57183e2711d8dcfc9e5bc99d4524cd7cf69855f9f8f14cb2dc89fb9317fc8928807ab79f88cff3be39892aacb89718aa9612a1f0cefac1e178f949e650b4db65f028e3cc4940c58a13315cfd1953f66f474403ec088ac3e313296b8b2e84a9bd19b81282f299cadb67d217ea52080d1eca982094317f23b1b546f227aa4cbd76afadba9706a3d060c3db424ca
1787431122.371467 vent discovery/pairing handshake (vent powered) RSSI spike: -41.5
  -> 255 8cbaf867d043b43e1ba8b9665130d18f6f2ffafd4bb02b9a2ee6dea1bd1b5ff1b523db5b3998c80b08334faf242f03677e3f58aedae1eef682594bce85d50a48a86ac2195b307322b821f4a15d0cf0548045176f5bea611d5f8bfec43178d292c6ed6b7157f46366f26a80d3f048b8462d550d540775215b2559185f3a70fa264e3d461917a24a81f64d32f392f2de9290bd1ae3379d1d565d51a35a7e072af014823f4274e7e3e7ea27ac036439a6f184a3d914d9146c7f43b5d217c068c13c629731262df0af83d7d5b7a6703590356e6e3e93dfc024109a678507d7f9a079932d9496cc8303150dcb65bb9e2427cb9c1adcabc4ebcc3a4481a5f6f27678
1787431122.3716888 vent discovery/pairing handshake (vent powered) RSSI spike: -42.5
  -> 255 34295b63f6933f37ee386b9fcb0bede88d4e33ff05d793e697d5b7e538c3c0ae76f51f3b2529a48acb753fdb2cbd1ae9a0e42d89fe13fa6298f910bda3e3e873555cd12e1b2d018eaa8b3f57165726e6203f2e9597da3b9d24f12ee01c35e16f3774be069b62853d8aa8a8ef6d9acbd20f7ce5e7b7955653bbc23bc8f6b8c407125c3456ff07c72073cebb829526cb377c501aff868015594fe9181513ac44177a4876b6a43fd9bf31a3fcbf0de782ba65461de03d9b224cd13e505637cad94e67011f4fb2b68e001ede7ddabb6d7e6201e2796baaacbd1417a91877dea42ff0396bc37853afc2b0dd6538d86ab8b9298bec632292783c38264d33627dfed2
1787431122.3718998 vent discovery/pairing handshake (vent powered) RSSI spike: -41.5
  -> 255 f7ac46f96cfafdaf4a7178a5e5d060e63e7828bc11ab193a79ceeff666bdc8ec3dc45ac3acf176c0b4edf74bc1e2f228431794911ab81b5947743965ffb02b3f1c466fff018d62b54dbc4a2eca3f93ef761382afa8a48e2f3ff6f5c70d4334523d78cf61a592386bdadab23553aff8448309bf040cee1ef1b6e6466a943ba0d37a1c1c1e1d95e647b9090d4d9e4d5d408533be66f752b52d999d95d0d5e348805e25f2a3e01ffd1e5e4a506ec3401f10d38a66002aa212b3d7805c42a90fe5265f4891d9b948e5ec7c5d8f8d4ca0e64c85e3efea4083c1f6889eee5a7a6c625a922ada9cbc0a92daec110a329c4c74c153a587e32fc92c14985152ad0aa405
1787431122.3721511 vent discovery/pairing handshake (vent powered) RSSI spike: -73.5
  -> 255 3410d16ef1b41e933c4f3b11eaed8dae2d87005ad240f6c9214f853c6544c4f57450dbc617c183a40b2e36248e257a031eb21613c544dd9b2d58c0c253e8afd850f454bcef38dbccb27cf3374addc848e653e4557359c36508442d9e2e2cbb6493134dd94643caf21c608efb8e4e6f3bd3adb9477deea470a955391671b900aec80d341ea7086f53809724ebf066844a3a15a4776c56b22547b955051caf0c4db1bb402f308f4119d3719509c91a8003ca7e79038e70813b2de382636466a93c7cb94268620fa2dc60b1fa0ffaf14d1bad01d3cf31fb9f110aa3d7d1f666d4f480ed4d6673eb3a25ab98cd03ac473025e5967ce244f51c36cc1afbdca9dda5
  ...heartbeat: 720000 iters, 178.3s elapsed, 1063 hits so far
  ...heartbeat: 740000 iters, 183.1s elapsed, 1063 hits so far
  ...heartbeat: 760000 iters, 188.0s elapsed, 1063 hits so far
  ...heartbeat: 780000 iters, 192.8s elapsed, 1063 hits so far
  ...heartbeat: 800000 iters, 197.7s elapsed, 1063 hits so far
1787431147.930675 vent discovery/pairing handshake (vent powered) RSSI spike: -46.5
  -> 255 f149b7ae42a9f9687bb2ce62cff39ac4634c5d214a852fa35aee313f7aae48ef987f10d5983f3e23196028db37839628235d929307e1ed9097b5b80c29a47dd38b524e5ec3613c2c1c4931fdc1d132b7b62792f4d15e76195b93f203ca61ebd80f0f1e1b9aca86414d1688c8610157501dde89ab017cc8b01de155231d611ce72c68a3808a50ca4dd72d25bae01797b86c662956ae0a192ac652b4febfa0bcfc6ae385dae30a90aa971b0a52eaf95191f31c0f978fdfa4f521e3340b8058d3094c6344d35047f4a54fb346059602d788be4407aa0ea9fbd758033a5ad00079f0b1dc8bd1c8ee5343889aa0e7ea585e1f71ce95f2011ea594515075711fed91
1787431147.930945 vent discovery/pairing handshake (vent powered) RSSI spike: -41.0
  -> 255 21f38f2a52debfb0c0c8595988cf480883797c5625f07bf2e3a8880e0d96466ea71821360c1e9f44960112ac003a7d6dbddf996c6da2d04446e94399f7118ed5e4e73c75f2b615ff97f716bdef2d9dc7453191180edb2a4386170894bc34ccd2a3110626a1b2f70f5a839f615e81f4dc6630a6cb13f008604765751e017241a408814f40feb13c4b89226feece87bd718426905b23ea023de3dc8dd7ac347f0afb673b267140701049f2cc8b0de9b1ce7d9ccd8e10693d778bb3b7cc851759e8a4d6b524d1bbab6bcc35fb2de6956695052cf2ac4acb9f27a8188f6bc40ff10c3979661a182adcaec22ff28e979891b590bbe78af309b7d1febab201ad6f8e
1787431147.931232 vent discovery/pairing handshake (vent powered) RSSI spike: -42.0
  -> 255 1d9751123ba7485f693e2444f1382cf87137737dacde1fed393cb2b5333267007f4d2120bd65954b71930ea21189880cc62042e6e15b079278436b5faefae47349feac767ddc67903410be5d4894b89a1eb5b6ff5c015e67505a5b80c0ab28833f7349fce71e9b4118c00485f3fa27f78afd249ef26caba878007f908c3c26959824c0375bfd3516799d7bf6f5d5570ec90c7d93d23bcc16fcc6eb9d2984153793a0b3c7844f4ab16fecaeb7f6ed98a7546b44c878fb0d0e93bd18caa268305ed3456ee113a6948d6b5c07193e0df632ec616b8d79d86cdd30603ba7ddb79abc8ddff5f8e88d6ca9c03dfb93e42abd73abf9bcdba0ec6f05f56e8df28e5b8d
1787431147.9315982 vent discovery/pairing handshake (vent powered) RSSI spike: -40.5
  -> 255 8e20dc4a7f5dfa24f24092f41a349666e55618e3dc6a1bba11280a8b761e7bb30402918ff1990b368d936a9ec6af1610049ac6ece7982d43d0d163bdc5bf1c1fc53d6405da74b2d37611f04df8512258f9629d6418d0086b4762bae5d2c6be79ae341a093aa1571693349bf1e46ab22fa1d8bb040753601874d069b55f2d721666297491450c927f0bad8328918e4df2f1fc3ab52ceacc3d9bf4943fc090086d7701ec31c744ecad0b8ecc81e8d914752f0c7afc775ff39149e7b21dd8805e67ec17270616f453339993d63b702f11873a988e78f522f0afd56c8e8230134e4367cf70c64ac617cf0d93b607c9bb08a1e4b02dc66dd38743b7748df558ea88
1787431147.931881 vent discovery/pairing handshake (vent powered) RSSI spike: -41.0
  -> 255 f6fca9cc5c48bbd4c2f9936e2aeda09aeeab808015b4cf33d233c09513a90e9170cda8703e4982201800b084309450c5066e3c9ff527ccbbe805ddf6d8240d217ba1efb4b7dac439c72a4bd58ebf5864cf5a0da1cba9281b329f1c3675e887ab298de66c365148b9313cdc2d55cd51e3ca5caa65fd189a15e75af08086f48fb8ecb59003975c29299ae74c31c647b465f60de738c681608d08c8da357cf083bb891471f734de67fd9b12fdf38c331014162b15de77f5e74e68286568ccdb37107b67eb0063808f0117289625c1a1a327fb677f991abdce25aec63502ae77deb9e821b788db3c47a278610ced2001179a24321d56cbe009a7dea2047f3ff4b0
1787431147.9321458 vent discovery/pairing handshake (vent powered) RSSI spike: -43.0
  -> 255 653231d323fa1275d9931051d8068bc7d11c047117d14ceb9ecfd61c9899be71ddd1a3b4fdafa6d4cd671bc52620bb1230ec26dc5ed7c2c340430ec65bf6795098aed87ae6b54903bee2f8977f3a30c624453f38dd3b068fafc12c33fc17c17b6b8c3db64e417c7a14bc1d61665270282bf9b2f2d4383d36e770de0b0cedcc5b95d53e4fc17658277e1b3bf6e28c09feaf162384d2d30d47bfe5b838c0c13766a35c04364a65ece11ecd21d6cd0f11b5519a96ba183fa6bfe749d2a561e58b4ebac49e5b46d62cc468a0216c728f0f493de897647a674c54f89e2a5580fec752c4c5453c915e27d7c89b37ab7b1dc593c6dc8f8cc1962cc6321d528e8cc453
1787431147.932417 vent discovery/pairing handshake (vent powered) RSSI spike: -40.5
  -> 255 2706a97ad426f25926c9154aa4ead0d3e2d4c13f19dd7a224b1878525132bd97d013a6486dcc49ed86f23659c764ce1bb2a7f4f2995938880c502905f78351195b0679225da8b000582d4eba3e9658560b5f3df277e6d6bcb4a142aeaa4e42d18bd5532f35195de4ffef3ee4c54bfb185838f71e057a126b183c66d9cdf29da132b60756895d5e4146c65f16b1bd183d35a0a0406253063d0be59b03fb41d96c1341497070295bf71c93de4a5588d8ea6cb02d5530100b766e4ea11e3ca424ec4fc20448fce43f239572792c97d89d8c2415557a300d01c2953caf1fc2511ccb3df3506c1502f018a1187f3996081523ac7b37c4941475258f48541cf29dd1
1787431147.932713 vent discovery/pairing handshake (vent powered) RSSI spike: -44.5
  -> 255 cd94aec161931b2315c060be830f1e8481877cc00086caee59db6a622443d380a23ea8b78aff2bfdd892cd5dd0250dc26ac0318876173d79fbca7aa4af6a80d0fcdc4b288f03022b678b3363c72931c0fe82a27dd75ff1ffcea5d132834b81eb7b53264b26407113c7710522b9bc038d6f6b7043ba9157c3c4f9a401f59bfd0a4d0af4f35ccd212e6a6f89e4c3bda8cf7b97e675a1ba8e8912d25928cbd3579d79626ab8afc3d558580551f7098d2300421b7932c71638dc03b49bf45a85ae7f840946716ea4de0225d74b3eea9e8ac41d094bbc7209ba92ef1f1e059e886b40de0ed68d6037c108138c319c88a188785d10baeb0b9d8e2f06739c682d27f7
1787431147.932993 vent discovery/pairing handshake (vent powered) RSSI spike: -41.0
  -> 255 8e1b90a0214fd858398cf946d32ec9a688a3cea09556c19a5b7a6b443747312e0661c43babd1db2d71a9916b90236f8c8de509626043ab400870f0da0388f0d10f37dedfd309fc7cb70fd116c9b6e35fcc49e079094399dbc829e35c02678abde5efba12a24d7d08daa1e87c34fb8ff2fab731037a10980704e1f7f7e698beec5384158eb70d9704c1c6ba02e29d695fec30c6016d5304012c5bc649fd59078d049582b33458effe497038eb933082d6e59e0feb083a8865cac86d8a7bf51374c8ac0a5ea1f690a8ddb808bfa9d01d7c59c959d217e174a24d3f85bbf038c4f8340e6bf474554c2c540aea459bff7b03fd61a6cfbfa9efdbaacd93e4a06140
1787431147.9332428 vent discovery/pairing handshake (vent powered) RSSI spike: -43.0
  -> 255 676965d4207d47bb0c32dec6350fd3609566ec540bee9e7aa1a15f7c7a32ca395e1c934365a0042b298fde3a199eb90b799d1598eca5ef6e3777ec60cf613942c20817b72006419295473a6677cbd2c2a5cde123500cf43510349b194d8366f541091b921d8b0300779757bf35af7276b765f3704e171d132591ec703bf34b22104bcff41336085fcd86236d383faf774517d1217beaeec79d6297f597edb8b72db47ea9b4311a3575f014b6e4abeb2fa2e1b02b47fa491dc345985cb4b0704e932bfcd2ecab671b6d1d0061bc4fcb5e620cfa789c2e9a0b9f1df10f4183ca63466c6997867ee3fa18d0f07fe0542fa73abe65097f76d287de9f9e17a478e0
1787431147.9334579 vent discovery/pairing handshake (vent powered) RSSI spike: -46.0
  -> 255 9d91240438469676356e77078286e283a66df383f993ddab19b6fa5f0f9dfd8e96f2e5ce76ff149c07ecffb4905d48a9f817a98f0025f71b205e8a76f9979cdf491001a0ca3196df080b9f8d3cec40c0ebdb82f69c988162868a12d4e0bbcd223765c500330587c29786f355dfa7f06419812fe628e902617fffd4b8fae88f0c1c285eec16f9d82dcdbe8b25ee837c0ce5e2fa6c2f75bca763d9df7131e89110c0f6620fa852fa0c239bc50a5e1689c7fb11e91686915b4beec97cea47b65e759b3d0dbbe2f04ff2d5f96efe813bc1dde410104fc9b43c84f054711e89ba1db3e3be0e743cea48d24e2b075c93f7309d6b18df001703957dfb08f340be57c5
1787431147.933687 vent discovery/pairing handshake (vent powered) RSSI spike: -40.5
  -> 255 ec1a6976fe5aaa5a29309d6c4f80d647f506ca558faa280e4365b3638601226c591f035ef95458e83bbabee1c4c5e62976b1789cfb0d82831e047a3a592cc93aa3779854810b92c88e0edb6a8d23d60a181e08f21acae919ca750f9347dbdfebe447459ba5f7ba7b0e14eca025afa3dfa6728d06deb4dab17361b7520bdf8bd488acff6d36bc569ff0078a64532434b8c9e77d050c92d42ca65a181a6c37b9dfeddbb5aa6f86dd33e3dc45006d2e4a6a9b959e6a383e47a26defd133262633592264fd596f409196c435d11187a84c9ec97e8964bab3ffe245203108b672c4f112b7068fca5b9058c2070b2bd7eb7cbefe7ce0bf613559561c4a44d82c44fc
1787431147.933921 vent discovery/pairing handshake (vent powered) RSSI spike: -46.0
  -> 255 9f3c0bf8891b33e62076be9c9684a97f28eff05f329bddd8ef9ae6869407793b71c2ad255638c27a528fc1518532566a62495556bc04f125fc25fba1e48b3297f25cc5e09684b011754c83f12f43d7d8cc7c4dd129fc88e7c97b673972bf90dc88b557b699275f34358ea775e62a13162f25d651d2b350fdb58a10347735056c25dee3faf6f389f4704e01ecb7ae0000e602fdaebf3dc2a60bfa0eba02e5aee7ce465dfe3796abadbc3482fa8b6c2ccdb9e0c83ab50e1b3889fe966c89bd1c2110315e396c203726a156d1b79dcfc52c670cb2f4b1cb2f328f10164cf47357e3dde4744abf5031d7a8036a0720732815d84cc38b6e078f031a7128b7a85b69
1787431147.934191 vent discovery/pairing handshake (vent powered) RSSI spike: -45.5
  -> 255 7fc03fc8bb4100587f2f189996e6c475f3cce5439f44a8c640a058da71b5d1813f5e460843e124902a7a784275ed77839e2c7cf9c9ac42fe466d36756b91a38035e042557e4f55db050adeb611b96212e2c0353dfcae3d05f7c314fba352d25839d7eab837ec627ee083a17621dfec06377ff60e6785dedb9e159629b036d8ec8f5cfd957a48d4758291b1e2dbb4d57f38afc30e0335be1ed8e192d3d9818c06a257a20f63ec14d2ae652654347f5db165bc838a62e4a3cd549f8df61f89234ef5315b6c8fcdca45b15ac38b97d7799cabcd902e4533235a5eb93c2cb18740637b1abf0173d50d2832ae0a84b814d5b010825979113a6b802049fa36be97a6
1787431147.93446 vent discovery/pairing handshake (vent powered) RSSI spike: -43.0
  -> 255 7a3ca6e4af9df69b6ca8ed71597e24c1c020760a6e328336cb78f4b1d386a33dc53bbc4eb667f48cf2278975fb2fbff92a770c293840559f827ac526244de5312778b3c62b667881589beed1c4bce52177161922568667a1e5c330830ca65cca1a813b7aff240f227154706f0240acd55e5e3ea1beb251cadf54611125dd513c79404086c62e223535b344154c9511ee42e9c44280b4ba3ca5c61642c5e9a2f628b7a4adacadbc01e8266289733f0e592cd423d35e7616d0d2d19955b9a70143c245ade110893b283b42f2855b67c8d2d6ce4ecbf29b8feff6ea8eb746065efe1e0f81d5c22d61efb8b3d9f962ae34aa94983815b4f54c2ba6bfafad7970cc
1787431147.93471 vent discovery/pairing handshake (vent powered) RSSI spike: -41.0
  -> 255 22e06fe474b87df01ddf87278cac41142e30ae694e55fa90421d3e8214d40a60703a7b9c7a9368a14f85c1e5092ba8f1a075ee5162b9e384cd01b7275b584791a6c79179704f2ec022c5a257c677d0e1324a8d6dc40c2712b56bb23e832d96fdc31ca69ef2267355cd8ec0ef2a651241a6e178f1bbf6b04b2b7995d4619864eebfccca413f6bd3a9a107f6c3c1bb38d65d7fcdca03a33591c38e6442ce177c35f259e1e6befb6d8ff5f79f1affacfbe607d02b20b764e3d3b010b8882059e6252df8dc68adc704220908cb96062ed17c4737901c71044def7cccefe8be5b7abd4b195ea53c187d023bf2b44fca539441a5e90aa0c8db11c0754e314f6bb392
1787431147.934985 vent discovery/pairing handshake (vent powered) RSSI spike: -46.0
  -> 255 4a05687a476f6c44842fec1b9d3d9cf1be1ff71142aa8ee86d33664ffe67c8483c9a7b9c473e60d860aaf52e10f7b102b13f9a68608a8a44edb8e39b8143b478d7c22203df716bb27166b5b5189d3058aaef392f6c092c5b7a8b739501638442e3fdc41eed82fd4c10604c041500b7422b938494ec687262e47506e54f44d1378ae027d91833175e8d7cf96f535f0840324d3d202c97aca8d1f2bb818829e15f1bc760021344591fec576ee61a9990ea76702c9e9f1338b98cf0eded479f5870ba23a309b5c5255e98015bb437e87da1b3e73bff3be3fb8ddf3ac0397d891911335fc0f969c26109f28553da872f86decdbcb6dc82f70f29a75237c6af29ef
1787431147.935211 vent discovery/pairing handshake (vent powered) RSSI spike: -46.0
  -> 255 1acb15a5e0742306b62765a3ce582a9f0953368b55881b79c2489c17d3f2df4ae48760149c5dc80af6054c6bdc9452a18ba6e1c7ed80f69655bf5910271a6d111bdcc3b9adc2d5f5916478d45ef33f09b03fb1a44620df66de1687c61350b8e79bd3f814d53f41ba6577385e583d1fd407cc31e7c608f71e2c6d43947d779d8fe930df3b6c3df340f74c7d22fec709346226b831efd5cae1740500ff0703970762bf4a5fa44ea334fd76247097fcf722db0c609bb12ee76c2d0cc9a31cfdeddd4e4397bdf8a861e2f9f7d1198eb440a65242015493c253a20442a2d1ffa48340ee4af631e588d68c3b0ea03c7b60e76b7adee991137ec3109023cad99b99d5
1787431147.9354298 vent discovery/pairing handshake (vent powered) RSSI spike: -43.0
  -> 255 6d81fcfd806428345dae1b535c4cb02fb59cd9f690bb86081b911bb188b2320d20a614c206e87ad6e772364a90d61e57961e97b3d42322fbd1936dcdc88df6adddaba0bc98f4027f4cc678accff9c4a442739ace23e2448f8c38478a32412932719b054ac5d9b7c88d64507e292739c37f3492f460634f72bf21cefca7a21ea938780d6ad9621e3b641a4dc2bada4e4d9238a8f5245f6a8ce76a4e6119aa7f09d6e4e5a7c046da10f91cad6e3632c2f60cea0616d348ef6158d000464952e267a19267bf55fec0abd08759e98ff8d51192e51223a094f7b9050c9fe4de6496e7757dbaffc47f993d41502dde2956c47a3a47e67002fa91abd4703787fe222a
1787431147.93568 vent discovery/pairing handshake (vent powered) RSSI spike: -40.5
  -> 255 d012cab6b39f2f060366f8a8b2a1394231780d40a6fba351b9e78ccc100abb30ccc48f8d7f138328d7d15a5bd74f01c4060d6339d93bead88f0c9611fe696915dc19254cb68f0058f0eee1e5c5d82d883664ae99a80bd78db40ce4d3be1c86b0790421617f79b458506a5a44b5345830c21ca0b0d424665661f60cc69833ddadc5ac7c9370e39f8b9bb01aaca1afc74664abff9b5c7b4ea0c629b32769bceb621291b4258be5a59c23da2f690518de1e58ca99b2683a99842a933278e250530abeaf1b083ca43dd81da905119288844eec3202c99a7dfe38a9a4e4324ae6f1b324db5ef00c01ffdd1741f4a254d7482a65a4ded94627c59ecf33b6092a0549
1787431147.935928 vent discovery/pairing handshake (vent powered) RSSI spike: -45.0
  -> 255 4cb976babdcab009b221911fd6f9d0d3b6d2f0398fd32a0fa129f786915c2b7e5286f3d9b5856e818707209d3f5784e119b81774fd6d58c5f9f57d007906b082def43df7656ea9a888860800b788fc8b7991a05f628841ac0fed3138828ecc90d2df48606ef9819aa919568e55b9104204ff516e02d7adcf75518b80d245e6763cd5e7ec4b78739fc64a0b1821633d17a3a03779b7717afb6e83ed7f35a49f10a5d0574ba6135208def03703b0987ed1995a047c28418d1c502ef4c83ee21e9df1877120dc7f89fde899187df18da9a7b6c67bba84f2f81c0eb800eafd7e2f95bb2f326d1f8bd4645452c1b02fc478fc8a7ae9ca3ccbfd9dde0890308c377f
1787431147.936151 vent discovery/pairing handshake (vent powered) RSSI spike: -44.5
  -> 255 42e62248178fb2222534982565e7fbea3805e5daaa004cd91c21a000724ff422cdacf2e7f2cc3adbba32e1886e49f31701314739fad869e5fa41886a5104958b66f0681f74f0c8e40ed79beeff7709ee8fc6139ca87ccbbb5488fdb4bf5d658c55c3d61c5a90d5f5e79453758ba24b3835547c0309ff45f7049009f28691637126a3cfb0f46a24ef7b737cc2b565a96d168392a88525a27f79d3ccf4899736ef1e61d919de0ea582ab197c99d5d315807603f7b303105de0184640d503a7387171c38284e0d7dabc13517e0d5d17d6f7cc0faddd0d043c30ea41ccf79fef1f07cbd98345eb9a3930e7ffd3b6fd2d9f2585ef6f4ff50c5db86b0932033709ae
1787431147.936382 vent discovery/pairing handshake (vent powered) RSSI spike: -43.0
  -> 255 b1251d36eeeb61e67e54bc26c2de240eda31af82bc5407cf1c997341bfbfb8f2aa1143b5b83715df14c399ce967659f1c4e45e5f4f288b053b955edb2f604f1f018e01bb654ef880cf0d14061d8fddb7b9679031906c4ab28247d6f849a9ea6081ec9403da3d7f5180f3e9eedf399ba0580a6d3a401efe1cec2f0fb4d6d7afed28a7a1d8ca7030bcf5aa6682a06a670dce3c10bc31dde90026ade5310c23e3c2b785980c5bb59a0032604b312b43ccdb4ecca2748e10f4d7176486f0c1cf393604344ffba3531642ea0b541a0ce533861c4ba377f4475c1e3b1e9648348efffd23cac538127b944e0137ac4ae497f1e1b6986334ca219e805b06dfd763e0a8
1787431147.936618 vent discovery/pairing handshake (vent powered) RSSI spike: -42.5
  -> 255 c56b309874ac5ee8a5a23120ee66fd812c4995e0a9e599c059605c72d2b87778738a73e127ad2d1b69825a918d91af8e210986353e8b7c654fc84ec1969c47455d04fb5b5e523e12e25ee94e12364ca5395489548bf9148c3ef9fa3551779df68c0f683023d15d7943e91e21330fed525de7a8b3e77d18d0a48dae22e2613cbc44edcc913c1f934e10d651a1943a80c99d9205610e0dd6457ffb864507fe2356579ef8d20bc468c2795fcac3c57327118addfe73b4e4272f8c299e4234467bae8fbcd65c7014e859024ce7bfad600cc7135160add8653a646178a3eddf8d14638d9706bbbd9878e1fece39f9a2c801c7b05416c6f3e7fea1d090d4b1573d44
1787431147.936853 vent discovery/pairing handshake (vent powered) RSSI spike: -44.5
  -> 255 388e43f2ac829abf44d81b6506cc6268e5129c39e9d76a600a4395aa9fd5aa14a1297f5197d22b99886fe9f429e66e7a3caf9d4ed3f1dd39d038abd9a23557009e53e977922196ae1bb3cb261cb407f686808cf5bfa6eab4de0cd98452669a61e1d0c920e4c34f5095ce93a850cfa7f0a32753ecc6e7d516a9424068fbdfb24dc70a6ba1aee46fce105028ce70367b3a138c1e5ed99c0b27e46f65319c013fc5fe87057ac674712f82af0bd0ac03b82e4e98f1cf489b7b64927969435dcea38abb90decc2a18cda2bdb709b1d189f30b9f89ad55900eef0b46646a34b40a2c257b482425a9bd95a3fdf489d6660140a928a890653566940ca33fe5c0a2613f
1787431147.937108 vent discovery/pairing handshake (vent powered) RSSI spike: -43.0
  -> 255 d42c3e6fe3843e91a6d6855399d1647143fcc6ffc001a267a568061c5829a870199184133c9550150938703c39e76538944aa53a8f8b1f41caf820c05e3f4fca3f5f89faf070a1df1597a44e39637ccf8aaaae2cf230e64267dd053142f0e2d87d608e82ce0e3b4a6cc1efc9f58bb506bdfcbf9ee7c247b7e7778c5dd2ce27fa15d03c8219022e8efc197f42bd461572113270406047ace715a38418009c81a8a4c6dd1ab257168b6a7096f0eefb0087d44d53d3e090b3b37b7e3d07e845c64cb447103c7f4fb1a9eabfee0d90258808505f1d8cea789b35ccbc3e5887f75efced7062087b4e8658aa325daa8b3f11f3c3dfcb509d6fab06895e94e900824f
1787431147.9373388 vent discovery/pairing handshake (vent powered) RSSI spike: -40.5
  -> 255 8c85421cdcc76f10c1a8e0f746d9f9e0b77737cd715fca3e87380f96c72a44559d143eb808019e4c005d23c2b80503de3908f8d6c2febee9887ab570084e8158007ad8109b5c4d0234176075b2ee9e8f5973214442fc7a47d9cc92cdf741f2cc86a3a2f5caf0b19bf570f87c03767f3eae6cd7c0a0dcaa16dbf94d3f2e5784d26c5ec5b9c57bf45658258f7816a6a282c7a8ba3b6858f150efe1bd47849c12610c9b46ea0d9a506cd5b673917029a667826afaedf3e7b0bd68ffb1231a3ee8ceac307c8f14fcfebcc2302fceb771982fb823b619fc0382ac81e71627355ee8e87a9f9a85b747bfbdb8b80b1375c42202a9eee027766fca379e954acf3abbe4
1787431147.9375832 vent discovery/pairing handshake (vent powered) RSSI spike: -41.0
  -> 255 7e2d6e7c2372b74fff64af6ec41606ba96c99a4ba2ea5c650f12ff8fd4055b2d1d2bc5ac0020b17ee92c36a46f975903886e592a7678063fbb4f97c31bde1ce055d6611935e87679310a9c499537ca083f0ac0d5ebf5e7f5466a6db2a512c6eae6c719e203df9fc9497e385e9b3fce322d605f982ce03ec5bdb39397ff121dd88476e7981c64b3d409e97f752249cf985084196eb889ea52ff24b03481290b3dba72ce70c8b608c8beb50156874b7ae9471642ebe61c4e5fb3eccffe2649704b4b9f005270a1e811096a047ae12987f8ee85461d85673f49ef1055bcb11fd20ccab6b897d8a1a536de15edc708b43e67dd41b845b5e2eb5a47f1b660b9b88d
1787431147.9378078 vent discovery/pairing handshake (vent powered) RSSI spike: -42.5
  -> 255 a0ccff506e32deb75d4b5bb1f82001067a71f097814bb616c100e55c1d17ce2bfe3f74499d3f466fef399cbbdff58ab78b139f3be033d9f599bae77ebe2d5304095340e2f3c710f99e931b02fa242752e7fbea156051622595ce0beda72ab49c1daadfa31e0b5658b4cf6ccdfc8f729061c6138e6d6cd4c3d8b8a8bd7af5ac9343f1f80702820947cb3a4789b4c3e3aa5ffb6485555bb29e19b0d3a50ff6948cd4bf8317153784d538c49fa382e794649320fb5b613a0aaf2603755ad4834069a8d694b2a0182e1fa5aab74e3adab26c0301daa307a8ee601110d8ac0aac720dd795765fe6e7c2782bbcbb55bc7b774cd3d683edddbd5610fbff8bd2fd5852
1787431147.938106 vent discovery/pairing handshake (vent powered) RSSI spike: -43.0
  -> 255 5d4d7ae0dd3d5ae06a54bdb944697e0bf5dca9caf847c2d5ac0e6b2ffaf5839c7c06ef4bc790aa10fca8ba17d8a4d790194c0447ce1ec3b8830559980711bc0615d4068c8b60413bf8c63cc10bab4238d23d302ab95daae1c786e7b87dc7d3a368938262b48acb306b0dbd576b36e6209c0c12c6be4f72a577d63e61cb8ddc8a86215daffd22b7e6902b8f81242d729ca70f645f7c5f758669116e8ce1f5e4a0aae1ff2013b50572761b79540fc340f81fc215e3d0b77c2c71bf5537232183cb638dd3c1286136af3678f84acb754093eb0240ad51ee1a72358f2d346f55edfe18e3aa735c173f81f9167f5f554215f0773a1aac902173c1f2535349d47a1f
1787431147.9383192 vent discovery/pairing handshake (vent powered) RSSI spike: -39.5
  -> 255 ac0ce333f30ce435c8b385511cdb19e47e3f95b0640a455ee284dc24f6a6704ec565f03e3102fae0f9602beba4a7c4e478b732ecb49a0a5a6c250588d3beffb55db81afadeb2b37ad442fdae5f8a5ab41b732773dc7fb97741f2b97644130d8f33cae7ca60deb2a5a3009b8911a16a16a4b07ba5373280f882aee244db13874ac29085f1943e8c064c6714904437a36de692d845c783148c422117634be73904d043a1198ea336af9430b0cb859f082ce2ccbb7c270f1f68ae95b964e6b67831e6a774b15f3ab89cecb225d0676ffef7aa2bc17b36e5b57e7f425ea51e9a6cee0a341fd79bf6df3420021fa369737d151dbc7086a986ce16ed3cc479bdfc6b
1787431147.938529 vent discovery/pairing handshake (vent powered) RSSI spike: -41.5
  -> 255 ff8d5e0bd6074f4363440147d26658b85de7de5a9117a16f3c791771986b970fce2747694f6b2d06abad528b59e2986f9c1dc103d5e4eed03ef70ebdc140d2761da0031002f3e2ca789f3c5432a89e33f85e02f3aecc58be9b524b854db66ef68f3bb0c5a6541ec13680ef8149fcf1ae7f6186cdd55006f87e33e9b2c23cb35ed004da16de923aff2fa595b72f8969c936fba95b3b34414f514d6cdff5c7aa9649d52343ae3ba5a96ba1b5b98867ab1beab3c0a6852e87f554978c1950097134ddc049fa37c17a025d539e192090f718efac76372e822cf667969875d3c611b3e0deac96caec7a527622ae814306aa0ec868673efdfd25c4bb8bd0e28bb40b
1787431147.938755 vent discovery/pairing handshake (vent powered) RSSI spike: -41.5
  -> 255 52e229ed4740beea6b87123c9c049f6a3bb587d23aafb25f4fec2923fa0833b2a9bf1ffbe8d05bcd8b1f5e33bd8485435d69325083705a84a4de66c3daf59de8ab701ddead11bad1c76764226dc3117f6136ceef5ad6f451f2a1bc996a5df007c04a60f84214680600ebd17c9b91ed25a16bc7fd341b29baaa693f6a0471611350c370973eff596052022bb2058eb9d6e033f3ae830a2b117f048c65104ebab493d8c918d3f2063221a8bbcb3ef35bf53b1e0dfdc042f267480bfdcf692f72c1cb6df82d7e16853d223d6af96d1f09dd27756264bc7156dbd1c74f42a66979082ea384c8889ddc301b74a1b9977f312f095c45c1fe2579e75ba70bf97b568a
1787431147.938993 vent discovery/pairing handshake (vent powered) RSSI spike: -41.0
  -> 255 5da423b13b2d418ef784e5dd2b7761e8ee0d90cef5abaf3ea9048a69816f197387469e29309ee3b88610bb93a1042781c1bd38ba3b58f99c5f508f13670cf7dcc19789b01c8f88baf8c6c05775661673e348d15399e608adbe0cfc43b91dc743d30e05c9da17b388372067c2803f409780e54a3d73e9c300366d978ba86130005376d72ee3ea026da1d4d61202acfc33dba0f2d036594bc4212826bd252392a42bce17118200ad1b9cfd89f5219ecfa060ffb8b933b92a0ec0b95972ba7a880931fa00a84af06d700b28cd228d0f2d24a5bc26bb0ed0632b8f21d65343dfd3f4bbeb15479dab6ee983d01300c0b58d81d4397f35bc5c11801e0204fdb8ee17
1787431147.9392698 vent discovery/pairing handshake (vent powered) RSSI spike: -41.0
  -> 255 dc6aba67d0cd74b81727d2feffb14f7a59e7e09f65447ac8c3d1fb3f2f6128a986006dc8245b0128b6a127a5e21858f8bc5995a8c96ff2c16d431de59c1ef22332d353f59eef57b25698708b30a401b6e05cf79b5954acf2e6e1896a1746eba036bdf8557381092686a0fd43761ea65c22566e52d363cc8ce2893541fd0fa435871b9a31c25e81d3a675b54c133d688908b5eeed90abe48302a1c5c9927ff3ea3a683a88ebf7830bb9343c75a58caac896622447332fde6d7428ea271de9d92efd53ee5e02d3c64d56d3b2e4a11381e732e71e98f910fbb579c34f51b19b977bf29913df90f50f26e5664d710309cffc03040b2a01603cc734510eb54e2136
1787431147.93953 vent discovery/pairing handshake (vent powered) RSSI spike: -42.5
  -> 255 1b854611e253fa6d84a13d8f2d47392f0d948d12af5590c2d53824b197a171189a652cea35981900d81ee5b746f9f3e05d07c8815937ca528d7ea74d1186fa1dd7f34566e87b2bfe31985d7843bdff6690c452f9c8271422f686904baa52b9176487732ca70fea14b9c508d09934a771443ad051c1607459fec53fa2cc10c8f31f0f4e79ad4dfa2088085b4e51a054b5cf9d6ddab84d80309fef037c0f82900f34529af0940501dc176ad7df1352bbd422517e1b045e545d2110617931aa362b0b9e910bc77e23b4de9cca3060e2584976614816707688d04041737b6c0f0e2006d964218ce2a83d2cedc80e3136a0189ad9aca3e769e773994360f3652378
1787431147.939766 vent discovery/pairing handshake (vent powered) RSSI spike: -43.0
  -> 255 81ae946365ba5911cc4fd9fef6c7f9c017a8367a005cd9413d7cfd80d07eefb551160b5fc77a7ff897867f5f1844b1c76745c51517d3fbe9eb2975840c8291256328c54bbed89a30fbe2ef9c6737091c86edbbf4d00d1a013058f522ade417eae7ace8b8d1e4b7ee06279cc4fbdcc46e7a2897ac6d401265058d1ded08857201f7033158a94a93fb96b30c647aab148bbf4f123bbc8796f4940ba86e96230f569f26abe462243b0e46ee6a747cdf15d6d5c0258caf7896bc82d5915eda083516abca97464ea617365f0f0a07be0b2a1f45c1fe902107c28fe74f12fd60bc0f0913cf5cb7cd3fb5cf7344671e9318bdb4bc0b3dfc7a04ccaa5f2d389a515cda
1787431147.9401128 vent discovery/pairing handshake (vent powered) RSSI spike: -42.5
  -> 255 1278de427d36f00f7a08647b34cb63a7f9815ebf008e4363d7d61298cbdebdf63835e235abf6da61ce02e8095a21dff5dcd852c6b8f23f668d115bf02b70428c89fbea954ea9e53f33e04ebd3e36e68e5b14a989a20ec3761e517d47e091c99d32acd5cb7239dc98e0390d8e436ffa11fcb31f4f415aeb8058adb6dbaad1596b0e84692b1c781e50c48448f66f92a080279dc54e4a8a37ebc9ba2cb7e03f03d7c6cfb0989206b3a67bf1cb0b3925014f86e74a23c061d205957caa3eaf0c2a69e633f2a515cea0a7b85c6ecebeb959af5c247204a13746dc6f695737144d48cc2d16d7810e02b453ecce2ac04f40708b2901c4e70c9ba2109f9ca9429881c8
1787431147.9403782 vent discovery/pairing handshake (vent powered) RSSI spike: -41.0
  -> 255 e0d1b3f42defe7b13458126738171e4ff0065a2f2884b6dc19e96c77b4fb595ab71a5965c6940362d1ce4c131cb3f50299eea8f8c66efd6c030e5dc3104b15efd35b6d324ef43cb7b0e5c48b7f30722fa16efe395face66b4470593bef38236dc1a78f8a99a21b3e25cd51e5975e00a2b4487b7e7bc75f15ed195d7b51a97d5da892823f727f0567eb6490d344616b4a7b3b3c083f68ba8255ce4c7027bf713b42486cb4c6d612f4e04ecde79dfd4e199cb4cf2ee36133af1cdc9fa30625e59eb50017c92964a0fd75d90f355c0b2d6f33388f1c1d129f4539367ffe5c5be8db36b8e1135c260378786a0999c03a806f99124db44696ba3f22bc5805627e33
1787431147.940622 vent discovery/pairing handshake (vent powered) RSSI spike: -40.5
  -> 255 7708510145a71a51d7d52b058319cf65e0166608da79e74fcd084d652eff693dc7e004cd8473736f4e84709324ab6f2a18667aab125a516d360d32dd28e17e55f5a4d0e4af7306332c0b0428008ff3f4bbf3d2bf66b48c57cd6d2ea28a38a63ee1202ed047965734d46c66662728cd77e28777af318748ee354afe2c4f58472b18d28cbc98274f98b1326a053bacee9893bda47562b253e3dc30ee3825713cc66f99e7e0095f3dede384fe41b275a8de69b5d785e61a4eeb753e12c38f524cc919b2ff13035e347eb7e8ee3d22a2001320706d88b9d2d21f30450fdaf32db7068dde3e2b7e11de91d01080ae182a09f461f945202a04ba6fa860198a88d889
1787431147.940872 vent discovery/pairing handshake (vent powered) RSSI spike: -43.5
  -> 255 3df1594f5bba65e4698d3ba91d97db08c704a19ace14592f7816e7cee4960852faf5e4d5a05f2c6dc674a4dfacdbbf6940e318158df713836911763ad4e228f9a19f81aef37831348ce42e729587cb45993a84a504d50de27d66270abf11d79023ce8c04c3d731fada72d65f704ee0520b6d1558c556e082cac0ee08cb719504dc72680b1763a839bf83820f76185a9676db396ec42b5834c3f32193293891ee735afffa3c3524a65085f571ae6b7a724c0b2818d01db9863a1b83be83663b0edaaba15c4a449ee2a027b03e826658377410a99ab730019a0d2ffafe4ce13437de43c6df6c7fd98ff4f7124cb04b793a5bc39287b7a8ea92976359d47ef42b
1787431147.941128 vent discovery/pairing handshake (vent powered) RSSI spike: -42.0
  -> 255 feff47f293a0d8c8598271a138ad50025dee33c39c7da00ced79fe96629e393f0a17ce87f000eafa3ce1e92c5385cd14c9aa5174ed339918ad110e6583a808f8226d1c335aba03664064afb33fd2c6c3da7bb447a5d2df5b43e342d99800f0c73e4b5486b05e570b9a104daa40cc2c713828fb6f8162f75c0f8b67b6d165c502abe3f6290e7a9b4d81ba898ae356a866389fae830f0579256d5ab4cf6689abead814571452e5f214b464c76b91d8fd16f1959062edea46b4768fc539535b20bed4367b18abf05aa1b801670790b08297a09b65bc0d92e0d6af2905a89035d8333e31abc96ee053ff397e8b34d78857105a0dc759d6dfea61ff43c816199e4c
1787431147.94139 vent discovery/pairing handshake (vent powered) RSSI spike: -41.0
  -> 255 3a69925dc7458ee869451e721ef9da733c249774e5e7591370acd386fbe569303534a0f794393b47f6fcd8b4dd468bb61faaf6061c76a5a3c561ac27be8f0d5d5132624f6755970b75ea8831c13907d3d1c522349afcd1219c5063449505df4f7b99cbd5d537b1d97d3c51e4272bed212a70045179a925a69a31371ead3be04914ecef5afdea4763a4c970fe60d0a447f6168cf662e88d72f6bfdb041fce9bd2bfcbced3870b92703963d9a7ad4f97bd81c95a50fb2e674af22702f80df1a81351f9f6ff836dfd74b43f3fdd8a3d27f76b1b75b2904b85e7e50c09650ca216072e13825f5c9ba5243daa769a0ca0556467a71762d751921873fc25e440a8dd
1787431147.941617 vent discovery/pairing handshake (vent powered) RSSI spike: -41.0
  -> 255 23853d72b74df317ba2d2902835c675e0f8f2eecd774b7abf078f0cea259bffbd72fcd951ac70751bf0ea956352abd0420e2eb8de376e65109170659ae764c9d8830be1865d8afa3b4c5a8d65a0562d1d82af49c85eea690d9b75b172c6af1b41b518a7647e20d257090ca3934b6d64a6445dfbdf25333e90f2d96b32700c51f4250c7bd4d10c9ac83d6b19e46eabbd5296ddc89c901f45520eb78714c38434da3f0e78b81824e450810aed4fe7c8073768fbc50a655dab2dc1d9d2e8398e37e3d70f68d6b41178e0608d59bfa4be76c376a79e7e15f841414b1d7c80b67db263cfd3dccbf0730eb20392a8a4f22203a07635151b85119549663e2e3f038ff
1787431147.941853 vent discovery/pairing handshake (vent powered) RSSI spike: -41.0
  -> 255 3733ced4a58ffe633b3a1f0dae18e6f56294b09f47c09bd71ccd8eef46ae83bc1c3c9834ed4430c28bb5e03a308d8643df75c085d5c8341c610431a336c29d0425b77ec33bdb3f8115c89404d41168984c08414299421a0770bdf8b5c1e97199763d56fd648df49f3c56a70acda34a5a62ebdadae91deae4f0023b7b3b0476b0dfa4b2e3b576a853c9810a4d51aaeeaad971582384e86e53d9ecde05c9442d150e401052a49624b0bc09ed1050c91140c89d0b99ea0c9b0e9d33d2c29ea1ebe85cd31fa7d32f1740020219f6a624509eb9b4544a7ed91ae9487ff39dda9258b0d7147efad7a6828fe6d79552b54572977cb723a8f4125898e75b3b1e4624a7
1787431147.942106 vent discovery/pairing handshake (vent powered) RSSI spike: -42.0
  -> 255 a3392e9827bdb55c4712e44f40d3eb44c9874fd5196f156015834485481da20fcc8b36e83276d23f1d81ed4fdad5a8330dbebefd66d5fe09b882726c54c21061e34e95c095d89364c3d8272c530fc783b9b6c1598ee7ff4cc98fd6f945396de86b9f4de61a889a3039ded4374e39c6535e1f870ca2401d5791187a1bbeec46270025dd9f4187ee68ef8785542311933c0fe3db8b10ff9023ad281677fbb88e3f9e6239a82c76605b4ff7ec497fcc9cae5290a290db7b42b67079bbfec174bbd9cad3d7bb08d7905f35244861f8915425f3197ebbc425ba526195a5ab3472f2c5c537c982fdcc2f29255204bcc2d93cc210612f2bdc1471aabd061e1677c3bd
1787431147.942338 vent discovery/pairing handshake (vent powered) RSSI spike: -40.5
  -> 255 0ffed7db25f459474d544f1785876b40c296a8e5d46717c8e4b1b776f566e83609d193af0b899de6576eff6fa630f476239fe08d97ae7ab2891b5c09c61e3d0be3504f546c76a5dab60e1f6574ceb95a265ea4afeac8f49780a8918954275db0dfb70ece6ba5ee06fe7ea891aa135015157622898e13c21100d3b2b30833e18d28415fd28999603830891b1bec63d0cdc731b78fca60e72827948e59edfc76b1c493a5554c5d23d7cbe460f6d320a5d360482775783b3813e7bf3f815fe3d4449517d70080c0752a98f90a3bca183c9281b745083341362b58d4273ff0f14c9d0e3024581047e256e6aa74dd1b69e9d8de7846fd61e179d6fbb6a23ffd72ed
1787431147.942549 vent discovery/pairing handshake (vent powered) RSSI spike: -42.5
  -> 255 cdf47a978c2425cb6876c17db20f2c33d3dbf08d3787a3c7cfe3bc65c1088ddae1a6a707f8dd8363f9647ce511591e5749652aa233b60f270824401ec103aa63737b41191efe9e38087fabbea6a4bccc9341d8e295f991a087ddcfc07224a0f873871ce2549b6454349f3ff9565302a9073d16415c1aa4b329e4c2bc51aa7df5eb006e251ea3da54486cade87d024c31d0c90786877da545d23452fb7fd0e372bbe308cecb16f533d4b50713d825bb8cecd03bc9c6b2af0f443aa5e039b4d37b66e3f140b3338d471aa3b42c3abdcbbafe6c65b5d235042bca069bb523b7914924502799924e8ec2514b87fae2f6d2de4a4b274009ad73e3be1329556344a7
1787431147.942768 vent discovery/pairing handshake (vent powered) RSSI spike: -42.5
  -> 255 e9aa3099bf3d89d02ebc8c2e2863881aee82cc453897b68ce5e2b3669f9d5478f20199a1881726f038fb4682e3e7cad683edc9ebf4b298c0054febb8e84632986b0fea9f73d1f52013725872771f3cbde0bab02130d0d6b512eebfb37192b2bf6925baf3b79f1695fc47532358b71cafad6c544b6e690633b813f330f94ac0e1d2430686f6e5335d3195be51e97c50cff6f65c86ef000c6ae78c9aa929531286c124e754a69dd567a53b11169dfe4a81f5df29c2d4fe5e15904495cefdcc2fb44ac7685bb11a79caf6e2f19e87ba27d9f7972146c11888bd3947968632a01b84b52168ad6fb384bc82ca9dbe9e99b7fb3f2a77d41a68ea5424512e972c2345
1787431147.943004 vent discovery/pairing handshake (vent powered) RSSI spike: -42.5
  -> 255 fabb5f420ea612370789ee099d5f4149f778012b6d03380813eae289434cfbe9da300eab3ea7236ab617b29e2bb20519c83ceef625c8161a31f07bc7e4c72911a00d81ab2b5f3736211a7291aadf36d270042e10861f274a3a608c21f73de22b24db7b30f4cdc0ddee0c4c822a8c579658202fdd749940c534535dc7a1880063dd368dee65f40aa01dd92671fb232855187e8491bcc8efbfccda78f24b99814c808b72abd6558dab1b8a707216d4609856ce8b14655889ce55cc7a72969a766085e57198e42fc15f4b5febef206d2b443980810f061da5f46203e7e0ef919f500db68823c2a30f611636c967d39de3c58834925c189907bd73761445dcf2c0
1787431147.94329 vent discovery/pairing handshake (vent powered) RSSI spike: -42.5
  -> 255 a7aba34aa838c3362ce4fd904097ad735fbd6b9c8d33030f307d425693acf07dfee7153178479ce2aa56d92628dea7c73089b6990e9a05286fd6b0781f8b7b7bb2c05470c8e439530e44261f9a293bf76a57e2f085af38a326a3d9b144b57d5ce2e27cbad740d0ac371e851fb8e3f71031f8ae699d09618ef5290e57e59839cdfcf000275a02abc166294e133a2b34fa23a4253a7b01f8ece0be27d7c9f5fed79ee878d0dcc21184217434b8637daac96e6b1b129c89680df814303c2b81f48133069c17930e5e0ea2b94119b73db682973a15f39ffa0315cc532055001cb07d28f32c309c1e20ec1798eaf99e32389464e4dd33e96f5b61cd1d618d1054a6
1787431147.943533 vent discovery/pairing handshake (vent powered) RSSI spike: -41.0
  -> 255 bcbb70364027d99b1aee7ae95d9640e1e709b07e9fd374d68b70bfafec37f8d9f342d32d6086f3c098cde132a5d7e65ac07ee2132e657a99b001b40c22334bb0ccecfba659ee042053ae1b714a497426418d4fc5a7a6e82747546746fb5acf6f7381ffd4fefa5c54c28e037c3ac01fce3c2cde8e289b66b34eb890d5d1c0814768aaa605c2fe889b1c534d61542701c53fd28173b984309e4fad3cd55b1336e8df9bf180b0fb985c083a3ad01e44ac97cb9b29ec5472117418df532dcb90a5c09bedf3278de7d00f6a9507b3f300183ba2bfd36eccbf10af087e4780e27de7764d4e7300a24769d4b7fd8100cf29e4ae2f4a1fb345d71cdf0386b05d21b765
1787431147.943774 vent discovery/pairing handshake (vent powered) RSSI spike: -46.0
  -> 255 c8438562adc122af27cc22053132d1e476fae322086b080847bfcd2481afb31a3ce4bb12019354b62e2409c83c4adf180a0b41c356064255996815a98ab2762656a7a67416b655809db3270b1f0ab0ba5d21bced6dbe6a6f5cbdcd60ef4259940aeed4c1ab4967d303c7afa1d9fcb80f73339ae8d183ff01f791f254c003727114d737ae6d73ea576ae912cd2b1c6fc6be669e979a91cc542bb6702b881084bdb532e1f601cc41959d20f674a497df8b8c3095f184901e390ab6abaed9b9e82bc61d1d3cb76662e7f609670382f5d62b12a39d66ac034fa7686b7b34927416a1a739d7c56304ae8962591cbc6b84ebe4303a56cd1e48e96fb083352042a659
1787431147.944014 vent discovery/pairing handshake (vent powered) RSSI spike: -42.0
  -> 255 00d168242de832dc0a36462c21138eba5bebca20fb83dc7cc853ae39016119343063c1539942db59788dbe776dce9cf97de8f45e2c6ef081cb71139d570c1eb5d423c2435b15b36f66857d8eae8bceeb18f4e6af9d9f7ff61543b66d73ba65079477b30c32a7855087324e2daa3df170167d0c50eff6fa712d6c20c4fb0b78322b4f90b712ba9945f1738fd0997ce1ea156d81b803aa8bc06588b9fb6cd056e7be3a9a17fa33772debd931382d20ade6034f8937a91d651ff9cff6118a83e289dd72fc9857ed0e871c09fe27bc436c12b6e32e0e152bd42f156836b794d1c01dcdb65d4253dfc97f3f372fd487e7fd01efadd86bf9e3de15844579330fab85
1787431147.944271 vent discovery/pairing handshake (vent powered) RSSI spike: -43.0
  -> 255 80fc907cd8c1148d8bf849e45d81afd8bc3c6915af0763bfe3e0d3e6595387e10b469617c6d378d092c9d702ce4fd5a00c640d71c6ba8b2d93415805c48f07f261d1b7eb581293caa36b6e1909852582558cf245c5cebcf2d1c50f780d0f500c3e67d826f673d6d9e34f3055079e7f2ebc2e9981dcba1ba4c11a2947901d8a7dd0c88c11b65e328144b64d5c7c5fc970a82d830d4bb058bdc02a6a9f0cef3311ed087d9eb0689f2c8e0eb088a2444c74ec04b60eb21f1be0a2064074051166ed07d8bffd8dc41f46102cee8f971c685cdd916a99a3e0be29f4f7014a8109c7247ce70666ac578463a9001b0d1e725887dbf78022f3019271391f9b5b7d55d6
1787431147.944533 vent discovery/pairing handshake (vent powered) RSSI spike: -44.5
  -> 255 4dfb43218d2efa08ec4acc270c412ed74ef4ed43bec98738bd9409b20acd74f764e20a065fae17fc8f73b0565cb646c852fc9daebd198a297737e165d26a41d4f5c67d2d006053477e24b809c46ca161734c5c3ecb9bf6b0afc58ea8b30f30b5d5d6e9d0f8869bba86ee36bcc1957fe4dd33ca8d46bf9252f34975630b8f2e99a30fc27e345c5e67bab188c3abc2c22eed211eed76daf980214441fffa7066df29d45ba1a276cc17078d3c828f8d4f9a7242648a599129e6467950f99568a109004853d560eb74b16c877bc0c318c17aa2ee9285ea0ead6058d238e214205a0e42d321f3dc1a6f46d369f93224735c83019979567b62f2eff273e7eab8bb2e
1787431147.944792 vent discovery/pairing handshake (vent powered) RSSI spike: -41.0
  -> 255 154043e2d6f0b3c51912b115fd5147c3f8adcd99590ffdabb33c75574f2608e5d14a11a330a9256571e0d58c19e9b48769554fadb8cc046d80f50b2419bc3a7774f0bdb08dc42e7f54b4163a8b8c0d91eaba57a5519698a96ff59b802c0d50ad9113ee4d97e12680fc90ac46f6c710bd5450889910808a4ae3e54cb37b3cf6eed1051d2ecf7d844ccdee855464e9fb4d5b462fc95cf30797682ac7a4535c0e6794907845216a817176b8636f97a2c511fa72498feaf96b65dfff888035d887350f9d785969c1e1c169101ba6662cf9e28dfdc7b235297b40d0fdd89127901c29506dc4602a015c90b8d7eb1ce46a8562c28688b9ca380d4efc981db89827f5
1787431147.945046 vent discovery/pairing handshake (vent powered) RSSI spike: -43.0
  -> 255 6f34d76607089ee73066d64b5c221202249b2e89c9f5eed220bd462bff681e6b0833e6038f27afa738eb75505005c08fd81673731efcb16981310d9348acfe5bd396c7be4e21f6d58d3a615f62b9ee02a6cd440499a63785b23e283eec3c23b515e29a0bc818cbe155211215a095bb75b37bc12698643f6e2ff47c97cec9bbb4a2786d52a6af3108a9e57a31b7d86aee1a63e7cc8a3360b1d8162d0793e9dd7b52400c816d4f50928805df110fbbb0eaa7c0bad9e881af4967c0b107ffa5f8079a79d58fc42db09b9706ee84c13f67d1e3671a6d7c9014fc7984f3a78134f9bd9a7d15df73fb9e78272378e21526b55bff1ca63731fef68be3b62e4969aeb8
1787431147.94529 vent discovery/pairing handshake (vent powered) RSSI spike: -40.5
  -> 255 120e84fe067955147a34f8ac790780fe520b5116671e3baabbf2adb701fbd0fee901784308a7e61f86ee512acb971292799bec431bf121d4ed160bfdae0ea98339df3063152f61c78235d8453b82a6becdd62b89c62918699830a581a4ab0150718952a62a39f3ca79859f7e6a79287f3cb331614d373c2be6864404e7a6db71131c5c2542c2467f5a66a6b7ebd1d2a262b9478993b194c26521408548f6e6e44a903abc34ef8eeadcfdd9970537e694e255114afcb4e936280780a9e5fd976b59a9c714b2df1142e4696a3ade2f8ccb1ee3688cb155d135700e5b9988f1213b4cb6875c79909f52489e289b8f33145338ad37358905a3307e4e9daec4cbad
1787431147.945533 vent discovery/pairing handshake (vent powered) RSSI spike: -52.5
  -> 255 31822c6593c1f31e088a98637c059fd4dfc3a4e26583682dffff630d542bbe13d2eedd6da574cd4bb67780bb71d5023b3259b7e62a2cdd35c9a967830bf1f7c600fb058d0c00aecbcd09148de16f627196babd958678f20b62f3764bf29ea5ce1be11b690129112cfe270692619f2de719b1559f7f2bb0e9a09005901074b740ae74178dd86d3a49ae8a6af145fae22a33d4ea28c4732785d1108b98ad6479ec5bd3a707494b373a2e622d4858cbb2b9e4356ecb3918bc06788f10abc97348fb667b8478046e6011cff7f5b0ec584f3800232d17d017df8067830bd556744ada559e5df60099e9341c5eeec46d910545ad932d4cf285b6e203f2e34036e019
1787431147.947228 vent discovery/pairing handshake (vent powered) RSSI spike: -42.0
  -> 255 0812c855bb0320a9daffdec115af0f69de67f963ece139272a5326a0a7fa4ae61307642e49161059cd96a05508dea1f5e92751429e7b4a1ff176b341181fa165816b0c50067b507b44b0189e976690fe5e8fc1927971e87245d7ee6d736c6c64bf30b277819ea9b5a61390acaea0456d2925baa25fa4c36c84ad88d848bee337c6dbb5a18429d5fda7f98de3ac1c1bf3db28dd772f57bcc8f7f631710b5ccf5abe07df3c31cf14d15b25da18b6b5131d1357d76019669842cac0200e333261a22bc688d734161eb3471cf2c848472fa17c6ba3a63784145bfe4314216f3f4bcecb905476ffb6b0c9b62d6ae309cf231bebf94104bdb397fffa09ee556000e8
1787431147.947477 vent discovery/pairing handshake (vent powered) RSSI spike: -42.0
  -> 255 4375782cd4147bea2c088fa329e0fe2ce9b5e114f4b27b70046225f24589daf1f1560b6704689d6872971eff057d7a46f8ef9bbcb043ac564430f339fbdbcb6d0ecb47f89ddf78ea74c8afe1e7fe2e168201a7b361edb676e71b0829618c967f9fafa8b567399eaade5bc80a7353c328481972b4ff2d6e07e22c71be026f2fd98a57e16641d5fc810574c76c2ab9fb172d0683458c0a546e0b3e162aecf7edba57328f08dfcf8d2724b64b443e90724a3d8a8819dc4b7e4935ad94121c128e48ff5de1b6fc11f347bd825db6a62ccb59f086ded87501fe51db1c628fb522250ad8397bbdfbf75112c67f12de9c408d4ab4788e17b40ab0161fd5b1e3a9d09b
1787431147.947697 vent discovery/pairing handshake (vent powered) RSSI spike: -42.0
  -> 255 015283fa8cb64e3dd9bc53362252c6bf502631f894c5e4037afcb58a20ed0ac69a109334053f7acaf181060ad2a5853d8f2db38fb8c1fb21cd564f2533f5250c02fc8a805f932d815c61e780dc907e1978a131f78c02bd73cdb597c2fea5f2a88eac5be57361c6b2451e02e44a63e0373d2a441c2de9345f9e10b38ce1dff981df973995013d69d952f0ebdd419d8614cf3230926f743d852be941b49963e88d013168ce57d03e2c4bde649ca4dfc8943fa8fc7aa8b2e6ea3b68afca37e884e0b422bd73659af10ad270944abc9f3d3f48972959b205ecd5b1c5bbde6b53396017dd7b82fe48e5cc457fd5174824e5c0a0ab526eb0da653a5668fec304c084
1787431147.948001 vent discovery/pairing handshake (vent powered) RSSI spike: -42.0
  -> 255 3eab520d5a0d6327f25ea3bf9681cf614c0350ffb4ac31603163f4a580d3f08eb9270e7a735e866c575dc4f6c423bcedc3c6ad0c700a586335a3438a2ad44bd51204a1c3ffa8fdbe239227e7ac00732439bcb62ba57e492e40e9fb70d7e8d4fcc2b2669ebf07d97884f4d73eb2740221c7edf087697c4ba1b77337127fc70bfb43ceb9e93162e73293331083187d439e707bf407bb7060ccd0797ea5df59fdc048a09223d876c3ace41011e4f45d833208f0b6a9118ff64460a46b41e912fc5d83c5677f2f49531174cef643779e78ccbc4500ed4f7f650139b4bcc4e6773ff528816a4ed30b14fa17121c96d183e29dec022f7e90a46405c4b46819e16fe9
1787431147.948253 vent discovery/pairing handshake (vent powered) RSSI spike: -42.0
  -> 255 adc54507637aeb7b9700a6e12b04648e0659a0cfeb639797b1469bb9c9dc032d39b3be80b365d8ca4354210efaab6b4dae9606c9d73d5e220da91be2f956ab093c4ee4122ed4df30aad5b00500a601ea38310d52af2ac72dc2b4641356584308a5b731c440ff686f193d56b0b1632d02d3f6c37c4d51d0ce90fc1c3ee6afa3a622d507f04506a1f3eaf3d1b2048d42a6cddf2547a0ddb057b9cbb4a3575894e1c78a2cdffe9d5ea7e60efecf34c5653fa6e9118f10857b15cae14d7888120bb810b8c5ed1164e60ad31d6ed82742c23c5fe43f595a99435e9bbd1d8eadbc3ad8b794f476beb2e16551eed946ac382f8c079154f21b1ef61dfaaedc5102a3aa
1787431147.9484868 vent discovery/pairing handshake (vent powered) RSSI spike: -42.0
  -> 255 3e0a94ba0808d9ad4030daf8c698e802a4b25b381c56e73e6794ce99db1a90771aab2d431e3f57e7dbb51ea60d473e0d1f8fcdf3c1e84e3ba360782c08f0508c55c0e739f3ccd202182eec26a0106121fa4384f07a62cfd21d2fe373e7b3590ceeb69c1af43f7ea5023ca12191b3daa023287a78eb37037430056a74a07d885810fd30fe0f853a24170031f0e4f7f346c64fc2eb6380cd46d03e3973b7a06f88972c8488d38239ef53ddab5e1b07b7d131200cfb3c383fa3bcc4f7fc3cc27ce612a9e97a041ee8411a2e571ff021e936ed86626d5de9da625d38af81bed401cd0cce93185abb5eabfcc0a2c4682d4e5ca197cdfc447ff6589c6f42e0a49cf3
1787431147.948703 vent discovery/pairing handshake (vent powered) RSSI spike: -42.0
  -> 255 46ff94ae24fdf1dcbf0ab3ce47a69e0b55b46805f05f7b63a19a962743bba025570fc80f302a1a0272b4b90f4b9d307e6e2a9adffe816a54b49e45fb816287cd4a9362df2917103e031d971ec80db1b4df2b283480a34639e89bbf90b9806efcc7695cfdd27034c4d22726852ab2dea9d60b17dd46e0f8e00e41d5dc1903600215c9cf598c3f9df3ecbdb7d6aeb02fc3a85f1d64cf0ac52d764638db56f3e82d9859104e1f7f48e1036799e9d3b55fc5bb717c17f8901a7c6323186ffe79459497600ad836f11112537b90422d5633f6e346bd785514cbebd4e033f08019e70b842b6dc51266a2a3c50b77abfd70476e3a1c4d4e97f1104948db1f372af496
1787431147.948997 vent discovery/pairing handshake (vent powered) RSSI spike: -42.0
  -> 255 af5d4b3d353be67619b5115edd708c85be4e126625803894c45a822d13c5893d7700ea424982ae0f803ab418dfc61846cd86f6e565d95074ec2dc59917697a4acfe4ffa74434f4b41bd09b8c8e865909ef71adf68fff27a84a3a74fc18589806dfc17d89ab42f99ed5e7f9e1a94a0f4cc508629bbb7b33652e122923be5600fd0fe6001eb07dfedb75319e87d3c71bfa7fea51fac709f72bca9508f275c1f90d5bbdfa53d8c6f804f971b373f42cfdc9a96cf6c396d9d93593ff295ce88acf9387a227dab8d7ef07eace4367256de3099636d5fe100791bddbae30652034c666480d1c87e8c6a307371d65022adc01450ed9b0c2931b4fdb298fac50f984a8
1787431147.949242 vent discovery/pairing handshake (vent powered) RSSI spike: -42.0
  -> 255 0e5a309d351225ce905225309d4ae2fab3374bccf89e8765a556c27729e5a525a0c9b0cba41243c95376de6eaf9e01428e91d65a2fda168844820007239ee2f9c2393e32240c2fca1093e10c805806a3f9ca812e4912bab99cfba1d3a327538a347e2ac9658391c9ad41e7365bba713ee44f99ac6ddaad46a59fa200713f58c563557fb018a7a1a865be03d0b5f6d7c556697c64018ddf3dcd8dddadfece339c26602907f0e2bfe88baebfe956ccbb88703ef9c013222eb4e5d92348bbf8d504b58e6fdd2b8792d3ec86d5539df46223bfdc548e8cd160a2dcf9c1df1525fd640d109f6f4028b2852135817f9de14fd9f6a405bd359d990da61526761bd3c7
1787431147.949468 vent discovery/pairing handshake (vent powered) RSSI spike: -42.0
  -> 255 38630685205ba81d71cf9d91eff32a85e72881d5d40fd77868dff8d8df00cd9c6aec082bb07e1a2ce5d4d274fb30a4926d2d3b08591dc4be05c43425ee5559cfdfa3c1169d8e960d63a7238974e4a8553b78d401daa365b239ebb53796bed2b29dc3dfe704872f9afa5ba0c15cffd08738b190b6ab9b80d97169d3985c6c171b7a7ba9101c05ff689905c41504b3a73108822daa40aa967473b03f19cf5bfe3d419b9e2873b46caa0844a961e47a58679f583d62a46a184adddda3f2a586f3e3221d1011d0f6921e8611e7a3ef32d2d5d70cbc5c12ac64da15506882be74928e243e4ccc5d895adee33f16444099da85cd7b100f99988c802822d909f9d9fb
1787431147.949708 vent discovery/pairing handshake (vent powered) RSSI spike: -42.0
  -> 255 ba8807e033d33ab584493fe69d043ef9b58c7dc1ea010b24ce635f5773b61d6cfa27fee5e501c2534ffebbb153fbad530c9d964580ebc3481a79bc6f713827c7d8ab74c76a55131e54483e4cb17639c77a8c9d503eecb4d3ea8f997c65fdcf63dcfce81b199f8184c2cacf49bf737e33ddec815d50314d1d13d42c193195dc6429f69510050de207523ac541c7c7d98a4f401d262deb6abf6ca40e3acac1ba03f79e7705fd5a7477878fbf37fe608622e6e847ddfa74cfddb76dad51a0af03f49daaa03f4054ae8831fdcd3968ec8e66488862d968721ff300b900785fedc47c9c0d942f06d01495d8cf950a6b1b3786c7ebc7bb422413c8bdbb3a981803c0
1787431147.950007 vent discovery/pairing handshake (vent powered) RSSI spike: -42.0
  -> 255 3a4741f8d1ca2fa2bbaa27ecebbeb612b4a82d46734a1071c20ce2072006b9f238c6c770538202ffc4a47eee8ba2be1290566441f5622f3862a83250c83cccf4757e842cc11ee8653c1da363edbf9865140a2c616c2f87c95fef06c911a84297c05d49581c8ba870dd781186a04ac5f86ad9ab3a219694e7cbcc25b61fd168ae3fadebea52c1411820feb6675b50e3783e7f1459befe9e3a578b7707dd3c91330226866287aeeae5fc196e78e8306ad945fffb2684ba505d4ec619c8938b3bfe13f33acc8fd150c0a9d2df3dba3b8db34d66e99a7ce4659d0c63c7ecbfb3e2b1cf9368f9d2d0b1f2fae472939f1a4a16e5d765e4501ffb906062a226c60bcb
1787431147.950249 vent discovery/pairing handshake (vent powered) RSSI spike: -42.0
  -> 255 f3383ca933631f60ffc2358e923f8af072a80c7d3ca1764874d5b4b757a7680a566bb4bcce5c63a041404b29fe2d5f6e9fadc6e0abd75b7b3b7e5486af0411afddfa6c0ae28de5a8e4e01e7bdcf460533e1a6cc2aaa7770b9a5b8905861e4eb7e940a80e9bed1b976c3da6ba3e4fbadfd69736df5189e38fae540ccbea76109c374ec34f7c5e54c957ec73b9e02e09ca7132f0fc481a624b411a9be3b738e36d2d5a7575beb4fdc6431435f981aba07e2ecb45b058fe3c0670e45c1f1e2920dadc15734d6d80d60f2a6ae6f5575810666a04799166405b116f5f750c8bd164855ebb1cf200e928bab9644ff74e515dba42584c6b8aec402d20685c68a2a183
1787431147.9504828 vent discovery/pairing handshake (vent powered) RSSI spike: -42.0
  -> 255 eb12bd6020c886bb19d0a82a4050bf28ea6b5729bf8e0bf0393d78b61cceec9618b9d66868155d56694bb28e7e404178bfdc9e33f0a96826edfe432b4e311a995555623c894aa079ffabd563fa762fbedf7a12e000681b3cb9ed73601d48fefd6a7639b8065fe35a9e1718093100d505ab763d0eb83c422c8ab39b2cd1f46cdb8dbbc8436b7106fc5b9b69cb359c6ece26c66616a40db0f095f482fee0b4348527687c2c146308ab8349b62896512cd38f3af1eee52ce3ea2cc1e606d08921a2ee214708f94b8faa14e673e30898ea14e591e002c0c4fc4c05364f66fc1dbae54c6ffb4487ab4c1ac7b761970f0221a6216e7a1786b9e550a8c2ade81c73df
1787431147.950709 vent discovery/pairing handshake (vent powered) RSSI spike: -42.0
  -> 255 a31817e83ebe9241fd97038b353019558c93763668429c57d284ef026f9ae08fccd8426adc2f31ba33cd36c55e285a1be26c7912309e81e687a3f2b4197d3432e4ec65c7018ade14f24f19afb718975e5931aa71f06083b3475f5963992e50442e4b9d1487c543b61bd3f9ced905156b51ef5333083c5f728c9209d9f719319c71a11acf5fb9309da098ce2083c08b45e3355787b132c78a3223645b8af32b45c2a20f0de7644327753d8d7a65c94d964405e68a8ede4edf5fee1d77806c3f63ff85b1a83e0643797303ef9a611a72a5ce05ba5c16d6b8004eeca51fdccb724ed00f381d5fab9b0122253017a071bd19418e8abb54ef9a8011ee6f0298997d
1787431147.9509199 vent discovery/pairing handshake (vent powered) RSSI spike: -42.0
  -> 255 8cacbc1a7bd54ad82d824c53ab34fd25b0acd0f5cb6b770a21fe7a35975faed05d430bde7641e713fe7fa1a7f4a3c815ec9bbac906baaab0cafc092244a1991adb1c081ff200d9eba296c1030a7cda02c719b0b72438c1d1d8ec55a64f89f6ad6dafe08f902fd7c367e8ec2072039d67df9c7d46f06e798a00589bfaf1184f2e042c159d06e97d0fd9501ffe9e5268a246d30d94f0cdbcaf450810e4ff242315cd01d86b0937bb870dcb9482b9c1ce0049d02e0408a927f091214a5844162357956cd62744ee9a9db019066068763615bd4d2da91f3994cd32f606f4961648ea320afcd426dfdbf74ffa9edc47ff2a1c48e1f46955547ea08044efa0be3e1a
1787431147.9511402 vent discovery/pairing handshake (vent powered) RSSI spike: -42.0
  -> 255 c71c0b6b209d9aec4e55fad432f422aad13d4a37f95d7308fa50adc1df33f81c3cf1da9420ddcad158b3a4a3d49f6d4a8576aff0c4e58a2973f22cba09175ae006f860a0dcd7891bc1f878e1751651f804b9e26b522edc7fe38f7322a2248ae7e915a68d139434f7c107e979852c123b4ac27ed62c054487a3755cc4882d5eb353e904f15c1149ed227925b39c9bb02fd58bedd76d2e57f9a7d292eda9ebc43649b560bc7fb670efdfb94fe291ed940b8b39610138c38327f3b0c625f81aff3f31c33c8817a04eb574e72a9e38c9b4a00a3a01b0d55ada9b596ada5e4d242dffc88ad0603a270080da888b31a481ffe48643cd086888ae799c8645a57996e4
1787431147.951437 vent discovery/pairing handshake (vent powered) RSSI spike: -42.0
  -> 255 95c3e83aa77212b6f61edd4c5ea82c1892b15923c2574080cfffaaa75e022bed4a45bbaf24a99b8eaea2f003313c924be9e58b439f8537058bb70794e36f2e85d2b917cdb328eb270d4f1e71cccf509b08dc8d7fcdeb049df973d57cf97e91338c00e306f5e6f4e726d8e6d84427234eeadf86ffb43107915f5f6b37b477a5ac83ff88f6b6da31a8ba34ac78a70d21ba4b7b96bef77bd7f942aec5c93ee7deef03326b74cf0bddc5be8fb55f619b1c034f1a8c73a34faa3105ef5bac7fecdda3d14960d69fefb95a621b5ce3159ca6a4daea96aa963e4110e337e7f6b65e4130c0bea1274f62c0e9f40cd9f65c30e46402f60700eb70b63d3327af76ec65e3
1787431147.951676 vent discovery/pairing handshake (vent powered) RSSI spike: -42.0
  -> 255 8e94e173ca8f1a5fc41183e71eb001c1847d1df00346f46704595877fe07009c47ac7ca3c93b29408dffe5653b68121263c820438967323df2ce9acf8b3e88e342bfe346fe12bc4efcc15c88a5f9f62f8a99e6ef2e5d61d329cedcd74eb3fc80ddad4e6dc73092211fc0fece55b5b02a28346208e0a2572ca16e90d62c6127f443997b9f6e846817908a6fe08570223c92369facbf00cbe2e3c8b4271a21e70dc761d09c7688c928f7a77cf2087d4e8a1f4fe1f9633867c071218fa67112c44d18b898730c123140511b8cee121de112bf1e8d88079669abafde4719956ae2ebac488a723b5a8f867b5ccd9b2da66ee6a83e0fcce9142d86871be7e36d70e7
1787431147.951915 vent discovery/pairing handshake (vent powered) RSSI spike: -42.0
  -> 255 a159653a6628e5e3e93b5622baa170e2fdb41685624b039d6fa4604c4bb075dfcd7098e896e4498c3142bf8972911ed84a2dfa0a5403120958eb5e5ca9ef9821532badea1d9c6862911ce347581b9642f5c581461b730b5adabbba8adfe86e704e619b9e0fb4f120b59d8a36de1807fe771302326f087981216c9afcdc5ff1f67052a05923f98770a705090adb7264fb4e9925122fe96e54844b4179509177df551682b3ff56b4ce0690095b73c7ed873cab167c7307c178167efc418479e74697a9124c3ac8baed82b31adecd54e68d7c28458012233d7c31a0895dad1a106350a3990a11d7d3ad7d2dcef37a3c12cb28627ac8d25f3d26df4b7e121c804d
1787431147.952137 vent discovery/pairing handshake (vent powered) RSSI spike: -42.0
  -> 255 f72a2958a64032bc5e89072306b87d32c1033565adddbd1ae02adf59afd4643cb9d98a28958a0231b9c8f1ff447712c20820d80ab82c4f5df66b2bf0d6910566622a298d5ed27ec717ee5bd81a627243a870d73fe339a60c3b45bb688a8831ca23ddbaa0662feeffc89a84969cbc4c039ffd264203852c740f4b816cdd5a2aa40b0a19d80860057755a823a25c5643197343be6812bf97c25a968f8b56fd860363d75291cfea582d183be8a06f0a32dd581e5d275fe23e1014adda7069cfd767254fde57bb7da932b5015f2a9ddecc6718bfa0e528bb5ee0cf7fb304cabb90090517232e0152062c4133b622c1ea4baa8769f0ac586f7f44c9495743b9276b
1787431147.952396 vent discovery/pairing handshake (vent powered) RSSI spike: -42.5
  -> 255 fb02f1147c0e97d8425ef1b87ab5b95fedb60f04025d4f9c06dc4df08c68896d41fc6e2532bac67c17a8677eea8626a6851eb92ad4cf3639ed13f47e2d2bc12e3c1c838f89beb0625764af17a6afc1dca635ccec9b572ef71b76adc517653e13efedea3a1f52fe9d1841cf13813a0d9c2400dcc58e729c99ec0530072b14c66af98604d191cbee75a7cf6707dfc13eeee7976ce7207def1942f6d9513dcebb82abeecc7f86a47ec7f2345c85623b50079c900182c81985e1a43d0a45378e69868830d2a2db59b9819b29308789fd8dfd4a54522cc40cfed858273c08e599d9c3184550ffca93c2c4bda105d3b690122aea3f30fc9ddc277faef81b951d98b9
1787431147.952616 vent discovery/pairing handshake (vent powered) RSSI spike: -42.0
  -> 255 834adec10012c6fc1bb6947efbb62131cb0f9e38b133cb0430e0160071ef3f591f5bb813faeaea7957327db3a09018dc2f96750ced87ded8662aae61d92cb0e851de0e22973f6fb48a1aafdecc9a79b470c2c2e72c25eedec0270af9f0b67c8f239f775ccacca3554fffe748c963d64cef200baf213a69f796fc2a6587eff79a9c9a289cdd3467b8cf3e7d350ac580373c9a6998c71e855af80655348408ce934d66450e392769d15c95b8fc17ce670790265d54d21564fa188b7a5c4f5aa325c01dec83dbaa12605c762b6407fec073e5c6e275efbab9ec27f1e550e7dd2cf9fc67f175b0118320d897720bb3d47d951ec6687658e34aab0eb26f08ec52fc
1787431147.952864 vent discovery/pairing handshake (vent powered) RSSI spike: -42.0
  -> 255 f8d5e35c9a5dbbad7be43b5d078325c21e2e6dc1537075f832ca4f98bdd2da79972808a1fea8eaf3c2c3aea83b26f0b5015c35ba3127d1e54194235a70b4ac646835614af3a3cbc4b0de57875e1c0cc8f332cd0cf93d77105ef3cabb2ef6889ef30d61c1c7a78bf3f9e09748ddebb9df25dd98e90171b3a20adb2fac3e11f350be23d42cd609dd753db67f8e13e2c4c56730b07d67bda126dc51e36a96d69ea465b4cee694b6422788e412dc889a6c5375fec979a6bff245fcb899a72525801ddea03d97a9e13da6718483a95f18345bad2caa67b89eacde5f4e46edb16300dcba9d431e122cc8316b3c234e6e8fc8772707ff2a6d60955686f7cc18fa5469
1787431147.9531038 vent discovery/pairing handshake (vent powered) RSSI spike: -42.0
  -> 255 ff3ae316546fb3740ce3ea83140518b8d668b729c028f77260fd15610c8cce16e3beb6f05672d2e52ec36eb334a5c041186a585497fd73e1f222752bd38cffbc9ccf8321493496e85b69e0c125b76a32c2d31accfb8106c205e6984f42c7d7d4e99ee75d5e62e60112ea3b9fa38e7ef058918a88b2f21d4c472853e6ec373e9462d690b81ef63b1a230b6c15f1cd7452c4483687ba2eeea77f81ca59a0a158df2f92440968ae5ec8c05659f869db59a0913b3a2b21ae1facb1448f37d23009e5e3d3447af81279967e312d098cf819a8270d0586eb0686dfefb2adee2f312a4c1f8ea2619278992f31d40d55d84da69c16f8870b81d00ae360edd3f9e46b64
1787431147.9533231 vent discovery/pairing handshake (vent powered) RSSI spike: -42.0
  -> 255 f238dd6594fa50f8d808ebf7450082d1d2048e2344c95913ee36ffc2bcd7cfc1e360ba748d17742c23aefefb2141d57e9e40aefabc3b3b29dbe03b94df0463e8a8066ce36e927f38c877f64cc6d8d6c507641e6180cc3af6e57c435ec8da27c580990c311f67d1788d3b6002912f9387f2f9c005a8a3ceefd3a313705167aceae25e5e5eee3fcfe0d22a485cb221ad37cc0f8b7f68753ae6dd33ae162e212db5dc9576cb5ea7ff640849d9fc1712069bc1713943dfdf769f0320eaed30fb447294e4cee6d083a23a89988a7d7f92a7f0dafb564b1776415201698d2f26762af5b82058651459a53eeeb1314e21a409ffe1073a18fd2be51d3527bc83855716
1787431147.9535449 vent discovery/pairing handshake (vent powered) RSSI spike: -42.0
  -> 255 b3c626225cd9b9a183a7c42f30afbe9f4cab8b833df3e098cb9c9b33a890ac6a5b70c31c03ef37accf1a84f1600c30c1fba2fb11f2770764bcd328af609149d0acf4694051685aff86c645ebb02ddfd0a5424c8924d961ce01f011afb9a03f6ddae8afd1e654f9f01561ed299411f7ae3f28b90290b7bd164598fdc7e33ebd96837828815ee240759e73c4675e47954aead6ca0f96b977e35e39a3d10a3561c33d79417b4fda15e574d1e8db7b6eb1c211027b4b54983845e3edd2f912a54397f0eeaffa92d4ae36009604cddb96ea2faf42bc461c6ccfd555f1dbaf17483ea57178f2a5459e627bba61d8db4edae47fe09893e1da8c816198921814240230
1787431147.953783 vent discovery/pairing handshake (vent powered) RSSI spike: -42.5
  -> 255 1e51be8f93f7ec44d016115fbf7a2ba42a756b2eec86c9f905a544a6cb8f689e62e72d8a2b52d18a6fccb5d794f851aa267f420e7cad7022bff28d84e8015989669f330ffd8aa5a70eb8832fde97de12d94b388f169958c1fa44db5fed8fcc19a12938fe5aa37f56c9499fe4f0b6006d91c7eebeb97c5121d83b303a8c084f3d81b3f57110b0e73415f4bf907f118502052e9f9402f0922b76138c0779b16407de186805bdbdad1f493bcb90b96973ca68c282b05bc186bed71822fe7f541e05176f70f33f942d0c703a39ecd3e29047d91c06668f990a86768e28b937990a012b91cf74568bb595c0dfb679873637ce0a5fb62402c8912e043ea7bf36d00a
1787431147.95403 vent discovery/pairing handshake (vent powered) RSSI spike: -66.5
  -> 255 620a9eba8ec19fc06ec04dc7e131253754f5938570f6327df7f8b91ec29ea97aa630084272060cb7da0c3533cc8137d7916f0e67530908f1f443eb0daea40137bc964cde1ff4aae56456ebc5b260a26437de1b08619dffbb9c6bac820056d64d06fc87fe8ca89118be66bedede9641fc96c328a19fc33d9028d798bc517d62a69bf70c12cc96e6dfeef473f685dfc1337fbbaa0e5b5145fd01228fca7fa6112312b828cc4a636b1f4990489f48ed2a725b00a4b0d0639d15409e3fcfd6c11e0bed01ada140ce3a0b80ed09f01fc6608f65570bc195605e9848137a84ed8fd07658b7cd7300adb08ed9ce3672d5dbc39bd9a23ac13eeeba1d02d08d3a456f5c
1787431148.01612 vent discovery/pairing handshake (vent powered) RSSI spike: -46.5
  -> 255 00ab3f2211f9d434642695a30d35cc854c2541285f8f3715e7430edf3e3a844de790977369d83ce3c20ed13f812de204db2b498963aa0895f975bb88e6a12e5b6143970edb8340cd6a03923bf84d97a38cd6096f8f1f97466d90dd6331c30a7b2c454f8f27df0a31f9d74244cbbbbaf4b91933bfe49a1601ed94be9bafc2ff39b91336c8251c7c90381316a4e65d866f5722986d0831cf6e7040e9a643c31e7b487045797e5e5d7fb9e1da93ad91eb58faa936d08ec7fe74ff8164e3efc1cb65f56ce950e92ca740fa7492d3a334becc365d0213b8741615e67987cca7633fbd2499a13a70e40e7bb259ffe689629ec5e6e97636ea2015176e9276a2373932
1787431148.0163798 vent discovery/pairing handshake (vent powered) RSSI spike: -43.5
  -> 255 f48c82571ed8550c9c0b83486ab3297f5cbb93151e30c015a36614a3957307692757831a062f2209535d1b32b9c5ec354b2892b3f36cdb2874a5c26ecbef317f0512e9da36a297fa9be81be37a334e76e5fa2c458bb6ea61c0d87b8a6bd4e37ca42146a363569a841da21e16dada3992d37b6a794febd0f7fff47849ca8472ab255a9388230ccbcfc8589a26e204401a43b508e6ec478b88c91ddeecf764ded49fe139dd952c159fb1291223e58e506fe9255b2618b9b055801b4e1debe8e7cc528aacc4015e0312d2b615cc15fe332ae0d01f7b38d7dfd0f6aa7f62a1dc2f0894d0dbd0f36ea169cb8176642faffd948f2cc734a791e39695b499f0289c6b
1787431148.016643 vent discovery/pairing handshake (vent powered) RSSI spike: -43.0
  -> 255 b29144e668a07746e993433c96803707206ce59a35d7ccfea0ff4ae9decdd4748bf6da340647ec8222e19086ee7cd4269474a1e2dc430667905350037c921fff3781e897fdcc68bd6a42324572a2a2db0b6c450bed16125aec143a3642b1b488138f3798efe0d2ce548778e4157b574bdae9384091d6911045a7e5586ea831edfaeeeae224045d99495dc60985cf9731b62cec1cc3b1e9eaf085703a52b35e50ef6e76ffec6b8dad8e99e14444f90612e198ecc8adacf7b679f21f0ca8d2b6d1fd3656bf38e1c3f9b6a54da3e5afdccfa142f8038ffbfba047f9a5ce1b94ac62ac3cce46749c057a91f7164757a25d3e0bb59f1234d42fd3246bc023f6e44e
1787431148.016951 vent discovery/pairing handshake (vent powered) RSSI spike: -44.5
  -> 255 f7b0d86af0f2cdc6e0ab9bcdde1703984bdf13976bbde7d70116fc828363c60698883f70d4a2f0446f856a1b9b401a7e35746446f84d49c776808234f79bbd1777ce993986c83a1a920ecd5ab50981b498b9ac3a5ca72f6713734237672f39e4aafa3035569e7373172bc27c63e68c4050010ef6d2650cbcaf64f77567998e9129cabb218491e80efaab3402fe4fc4cfe83edb1e352c23a14098a0de4046fcaf8800450531ddc8c442c991d3ec41cf8bf9f909ba2182afcbf609921bd6b88cff9c74c9366d8d4834c14e076d7b74598fc6b408238ddcbb94de7fe66abeb90027e23e3f5ad5332d8576e4ab449caf0a883795d96ebab034bd374b7edc5e069b
1787431148.0173 vent discovery/pairing handshake (vent powered) RSSI spike: -44.0
  -> 255 5e3def6990aa50eae677a916d561ab0bed40eeabd80e1dbeb2f47da00c8d4bb0b6f23f8b4d35622372e6c27910d92d38891dff3393255bbb0040352b127b5249f90c347d9457a958eb21cd31540c166d1e85a5723ae01e055e6239105bd7dcd26e0d7a5f528368b80a53cb4c5b6a76dbb5f3d7f60acf958a83590ebbda461a0a22e197dfa87b350fea230601b4d578e44bd9adb97e701183a1040fb9e559aedfb9b35988582dba98e92502d5a01a739624164cdb39d0dc8178fe00335e0552587b789663d0e824f771539f1ce23027c13d270765f1e34eb03158a3c4f3454ca4d8d1c2e7d0b20ce15dbf961f8617fa87336777a01a6013f8d9e52644baf189
1787431148.017577 vent discovery/pairing handshake (vent powered) RSSI spike: -42.5
  -> 255 b582c11bf42fc58db26916fbcbfe5b090249668c4255c43268bfac6def73fcb3eee9505f265c0be227fd9e2d38b101ccc0e26fec4f4b53841401d01684120b4e8cf174e06848afd38d7e30baede9bf09e54a36e1fce5504368eeb476ae08c4270fb4b5d1da67d8cd516aea38587ef7daeefd5c237fc58a65edea589306d92b62633c978df411fcbe8fa2a3df5d24393566c36c40899a86db63992827698a032b5334533007056c340591990073d191d67c4b41ab4b1886756c91777aca8466308a0805ac461c8cf5f0ec76accdacd7973893b3e123c16689531eae20f82f28d85f3d82b066953cd276a415236779f4bc75c18a0781d038954af0d85d30bcd6
  ...heartbeat: 820000 iters, 202.5s elapsed, 1158 hits so far
1787431148.017878 vent discovery/pairing handshake (vent powered) RSSI spike: -44.0
  -> 255 d4f941203d18349706f59cfbc84a8044123049363a83202bdc78c0698a35c219479241c17eff29fd21ae779a631153034b6b86f60f0e09837e4e9d2fed726f064747f38d968bfe613af7bc7201b66bdf355f847062c731e9379f7c67bb053acbb80d681a414f0a27f5c9936643c982b0caf5e251ca84f422a7274e2e28b2ff196ddf4c9261aeef5637f1ea1341bb5c7f6a64c9b7e3a71cf2a6b184adc5e97ce3e849faec7dc890656fc03a140920612ca5dc6010e7e8a747de7cda1db517f3b284135b261bc741f92c9f5aa84802f2127abadb0586285dd2fd2871b5bbcbc5bc47a65ff20d580f81354e1a5e81bf010dafcd72538079b3cb216b46d7248c98
1787431148.018157 vent discovery/pairing handshake (vent powered) RSSI spike: -42.5
  -> 255 3e70e5d83aaf11dbfc16056a11db62b3f11bf04853625147a7a7e3015ac037e5a388ce04b03f40dad80633e2827408933303105c57c1b1c132d6ad309acdc9f0380dc6a6ac763b91d3caec146ec8cc4ec4132fced61875e41416be7abc803470029156d1034e7efdc3d945756f092b322cef8a6e98a8cd6345f56af4d25a1cfeff1da48ef56ab7094f9b5a1d79375864ec0532e561bddc6b46bc8c31d69170769f9870c32eb2f686f3d5dfb96d2f0abe09ea0bb6f4aa08dfc219875eca5751320e3aadca14bcd56c20c723c399925fd3303debace077f0a44f5da707bfc729b18e09ef9fd0499f11f9e963d0ede15415b677d9af344d47ab02880174e2902d
1787431148.0184388 vent discovery/pairing handshake (vent powered) RSSI spike: -43.0
  -> 255 d82b40b4be28c932c04b821998c35b17c578738f5dd269cad11c5898262da3946d3c2a1f7a055129146cdf8b46318b3ce62cef22ad082f642400cc31a2af3c72f0f94e03bdd65a60d1eb41edf6419f0aa4909856dbd3bea4e0850a5625e77ee10b9d1c6df930c0117b2c2e21b680594d6c338270261ccc2491ebb09ed42ad1255d3a357ed87a808cc35cba354a07ed9ef4f7289080c2d83d6aa44100b303924abf189d9ceebab43bb2209563bafd25c02a48714460414ad5048636a225d384b8106ef7ac96eaf495ee19f3d7bf30d8be51afcd90649390a4e33ad38f519254b798e19bd5ec84ccc1bb80ffd5d9c7ed57a278e0a8a1df82673e14af65ad9b29
1787431148.0187032 vent discovery/pairing handshake (vent powered) RSSI spike: -42.0
  -> 255 0dc0eeac361e63f7a19326148e28ec4a4567605bc90238974c9d55d4bf26dbe9920f33b9a263afa5763a20a872d278a9e62e40af45d6c26544afb7078804d4714f8e8f5e106df4c09c65da08e586a17f5b8e84e9c6e06efc3257abf630cb3ea8d56f06120a86d456c60b8ed9bb63686db6ae8a9f8ee516d87f0c5885714e9791f91eb335cbce15dd3a41d6f56855a78ce15344f57dae9851486e104d7c7336fc43768118eb61e1bddffd7f742f59d64fe0d3870bbb748c439b2c9193ed170245e36c4f2d1e127fd6458f561f14a5c7d9fd468990f35f2caf6db18199caa2de332fba0bf21f7c6a7e2c32abdbc46a4cd27c59cad9fe48e2beaa91eb26bbf878
1787431148.018993 vent discovery/pairing handshake (vent powered) RSSI spike: -42.0
  -> 255 40f140fc83eefb9ef6cd987fbd9c0ccb2ff2770622fe258ad0d7bf353b840c37bb2b3d400f36862113487fa442bbe43d2082682389c1c0964ee29e0316597fb6c376d6b31d31a6428fa9da33dae3f57cef6c33f087f656d95f62634015cd8863962ed5ba3a19855c1c3305e81f3e494fcc91d4fbab01814867983d833784a69182c99d4ad61b3b2661482ecd150aa4b6881c3cc28426ec02c9e4484e71676145c470d0ec861c0d0e7f6002f98a954d4e1a0e292a6f38abf16f7696570dadcb851d9819df19493dc92f815075f00f0c18ff3b337df6f22b8ea865dcfd25ef8def5105f1b41f187e0a002f4937158db97c21623b4320569b2ed6783068752248
1787431148.019285 vent discovery/pairing handshake (vent powered) RSSI spike: -44.0
  -> 255 bf005a4cdef1ceabdbbefd9f21ca97730e9f1743210126cb1c3024d7936004df4dd7e9cd45722c15edd9c6cbbb9263a20b39221e47d0b4fc1e7798413776ae0c134e64c7ebc7264c1d845d756557f1ac16785d6f1b16c6bb81e8ef48f2b74b417aa92f86cd8ccb244cd9a951e1fe496dcfa1782d51c5e61d4b59061ceb1ec972911e2eb68041ce9a381b3c745d4d7ea9566b95b2fe16b46df444864d71d3925c2b49fa1842442ce20aab6ea5c07752f4342832439d02234530a81fe17433f5020c0a02961a9c85e9fbbd4ddc51b03da49dc5e8a013aa387b289e53285836853c9fdb31e2199278e5acd491dc38c9fad0bef12c3da30b7976b7efe964d8ec84
1787431148.0195599 vent discovery/pairing handshake (vent powered) RSSI spike: -42.5
  -> 255 17ba6f463d3f24028db278b58fdf65f18ea21f14dc2cc14067762827b78755114a8aff3b4bf6d2b2e2909cd9d5bbe8db0aa43d9b86c2e1e22e663360a9cb26654abd69a9f9d26d1fb0f6f30f901f3736f776161ce0dd72a82381ac3a66b4f0bda2278ae1aed9d8f6e61ed2556bef71fef55005c38cdfc20224a1491a4bba61788e095e4a2bb5422aa4fc752829e10d1985a8779389e930af279701769e4f66cec052d6151add9bf05de99ecc82111bb81893e4afdbbf4ac87bd51defefc18f668fb4d6b7781a77c950589b4d81d325eca68437829c35abca07e9802733b1e09f6c1b56d5cc631f734a980b048f3b33295d482c69df41132a819ff1d91adf2c
1787431148.019834 vent discovery/pairing handshake (vent powered) RSSI spike: -43.0
  -> 255 a4cd9e24f4a0b5ecb4f3a6c9afeac5724e50e6d4363b0b51fe4f5cc770e9a3868e8f49495305d8da01902549aeee5e472fedad9bd9fd6902ea2082f8ffd6212c93f853ead689c6c8d38f9567b7a1f131a9e994e07ea0c1971de42971aafc682dc49b368e491e48e342c7937f410660c5d4f61f94ffbf299266e402aeb864ee37bb70f007a26ef84f33b923c1f21c88a2044ded5fb1dfd3221082f1f8532f7a68261e9db3deed8c7a89235955d5ffd823a947060b6010f2929d653268f9519c4a9612afadc6fa9fc4e3de6ada7e46fe3b7a40cda33b95daba91f37e604cd05f0e0df9c2a8be7829f8ea883146647adf5c023a46ed78fbb71598c475dbb5b0bf
1787431148.020139 vent discovery/pairing handshake (vent powered) RSSI spike: -44.5
  -> 255 07e4e13bf99c0065c44e8d3d15bd55f6ece2752eeb891800ec1b1ff116a5ccc01b51ad72e3820db04909de667f4f132babae81de1f39f9760cff4a8f28ad3d99396653ea72c17608dbacd84ec4b56c6800cbe90b30b985cb668e7b17e88228e263f403a6cc77f9b61c7f65799e3d0d08fbcbae74cc3006aa3b2c4102747d257f336cd4612a94c4e3b1d81edc482c4bf2059bf673af6bf9b49f7142fa4a347f3e79dcb79c9af26fc278f2807f6926acf9198b19eb06b83dfa81718165494098dec23c5b8a2b9ff7e88f81c95a16f82a6e19193cd2ee781fb048d688165f4f4e7aaab2ae1d8a4528d54c2bb52b2d6f92675f877d5f83dd971f8776b5efa891c6
1787431148.020397 vent discovery/pairing handshake (vent powered) RSSI spike: -43.5
  -> 255 c30024a8803e60084f52f64511a3cf6fac18987a2abaea732513842be53f3247372fee5038c3909b3b50ef400430f37343ab870813631514501477d712c8ff65383731e043c52c909149a6e6a75b4963132266f537192d291e2ac0cf6d05c113d20a91dbd1990a5e3519a25f635e2ed4bda577feb803ffce33ec7b7d9a78c8a3f05d0093fc26e59e41e5e3f15fb5080f97b97520422c69a9cd81fde5e6f7a94eed9fd660af2a0bfb1a2f15c28e96b75e31e5139dc8544808c85d517077e8e2220ede4a50be9437ad95b7b512a147e6cbb96cfc15c0e3feb1106ac0cd707443d1f0b8e7e94178ed6c46b893257712ce57aad993e4f4afb537fbf21a2244cbce
1787431148.020658 vent discovery/pairing handshake (vent powered) RSSI spike: -42.5
  -> 255 0fec06f435c10cff35a86296b37683754548c4198631224d25c2e4b3e3a8aa3322b1055fc45a37eb42d4b40678d308d26a675948a402b1a92e658f34a5d8a1339dc27cc5a38ce8444520b84499973fff54d99bda1677387a673a7ce60f7c45229e31921f56687d5904bbc7bf8459b8d23cc3b650552bf0073511f5fc3c1bddc2b9d28552b094f590ebedcd52c845d9f2ee4bfe6226978a4b7e4e0a6ecd96209a76be87e8b4d8fe255bc233217b3c7f8ab24eb8ff76d4d31843266b7431bf9d24e8983d0d4df57841c496bd411b4f93a7d88361e832db70c1979e0da4e3854323fa29af440dd43ec698cd00b4e29c417c65e7097e12e77f8aee2cdb7f28937c
1787431148.020889 vent discovery/pairing handshake (vent powered) RSSI spike: -42.0
  -> 255 b8abd12cc56607f1a46c9f84a56848724fc48f9fe0e4fdb6e14ae0c5707af4e6997c3f8caf7780c00e0829c76cf2dd5d9ce18e99df4b3e1d845ff8ed885a77f6502e98697a09fb271c2f7758fac682472471c07765d53412b1c7b4555b450fb9e84997f266e239be6865d4deffb12422dea55e0ba25f8c0e98afb7e102cdc428b4974aaf96fbe7e6ed71660e6af48f5ee0d53b7591aa037ce305c29bbf636872cb881eb187271ce0953ea041d4037c6c2f5fdb992e3101f49fb3d0fcdb3f12b8061980eacd34ecb99c6985c79bceecbf6bd3cb4f3d44ebb71b792e66b47d779b1607725cf020bbad117a4f9afb6addb19386bc3c76017e80c6caa9ce8817eb
1787431148.021151 vent discovery/pairing handshake (vent powered) RSSI spike: -46.5
  -> 255 5cf7f6857e9a28b963d40b004ee351240c822153ce3f5b368cef64da0858a8db3511e6ee882db83f917ec5f48c413158415467c25c5b3e2c209ab5d3ce61c2ff4ee433dc64fb968310e4b5474841439c3729f2b93ef0cde4236a5eb381b499c48356153bdfd86fa843f3ba422925c3ad65a95bce00e5ff67146372ef7d13b376d4530f1c5eac6192ea9105b154e6f27315f1ff51278ad6601db15c3b0c16082a75494aec320524358f1cdb85bb5c52653733741759bd632c1e3ff7476e109671c43113465aa6bbb8c975a870e781f26ebb2b7c3dfb805c6643873bcd18fef4b03099dc1c6dac4b27fcebec580f61cd7f69444c86e772b7b753f2b5c12791bd
1787431148.021396 vent discovery/pairing handshake (vent powered) RSSI spike: -44.0
  -> 255 5d4147fc1827f7006211884089e40b742deb74ca6f264ac8490a3b2c5e2298969a30dcf40fb327f28bfe0aa9b058c5a4fa7c658be6cf7836080d5cad3a18306c8a287f64f5e4ac6a86b7b6c0247b4d9c0a88ceb2c5f538df94376a19af61f80d97bb319d06e6074263997022110220c3aa5597980df2aaa37824f883d2932a23a6de5c95d8ff35bffb2f06a3abe815e5987997a150aaaf0effcaf30de5636ef1357acdae797f33f55341389786a6a39c58361a337692fd74f5466f001a166d9ca5ed78037eb8ca6a43480bf7813266c2b32d32b6c056fdb371ba61f4fc1455e2ecd319722a4e8dc69bd709ddd8d87f9ca4905370e1e765c04a06df533b9a60
1787431148.021627 vent discovery/pairing handshake (vent powered) RSSI spike: -44.0
  -> 255 6339111f52909c6f831c4b3c0acf0f0ecac23bb170dcd517e13f2493e083ce99e6c77a4b2627d8559c5f044ecbbae7a0545d32e882ff68ad8be8f8e401435f5d76fa26e7e92f2e3a8f841861f7fbda2ac2cd29ec6b9c66ad6f87a4b906ec9c0cb71a75bf43679018f8df9bd0d008a8c136c117c2ecefe61644966b2183fb5d0b08c45ba8fd142853520d24ac13ddffd499e9af3870d5835b34e4f1d9e14c2d3b18fd8361788950b4976c4077a6f59dd22be7eb0389de14cd7bb37d36c7e854dc685d19a3b0de24bf3f0ee5d58f10173058b28378c6ecc1011cf0378def07c969947f2994e4b6dbae8dae54a0b505340991232a02b41db3185869597e28acb1
1787431148.021868 vent discovery/pairing handshake (vent powered) RSSI spike: -43.0
  -> 255 ea67ee2dfc29197d79b26d329e5f25db3078fbaf3581ee0225ee258b1620d64a39251b0fb6325adb759627cceb465b39cdc152030fa13267da6f359bf7c096c23464638a67914ccd3f3b3a7b0a2d775b20a607f23eaa488b6b89d28a5fbc5b94d08e23b2c7f060e759318d99102c3da304ee6b2b4610f6cf9a47c6eba8d9f673d534925c21ce8e60832e2527aaeb682542b3761dcc3ba16d3e623db77530fd7f2d325197a955b548460c331aa2385d7f9df6fd529a272a0fa0322bc87696817084438a8c2cc1ff0d7073acd82af161097bb1128e2fce89fa7144cbb0be7acf21e7a69c7e4f5592c13135e2a66f37bd1acc3c97be5130c7f5711f8e70d9f9e0
1787431148.0221398 vent discovery/pairing handshake (vent powered) RSSI spike: -42.5
  -> 255 c97ad2589cd0a31f38f27300ab7db3772c8fa4894c0bbbbfa4537e148b105c36c46014c92814072237e5f3ad93b237a16b903d1803970272f24561c771aa7e1aeaf0a02faafeb861e62cd18f411efef2afd88df78d7166d0fdf6a5fbc0d7afcb0e3f04dfa1ca23ca6d8174e13428229c7d1c2b81cea26c9a5984ae6bd8042e03f207e5cdaaed695b67ba495d48fceca4873860ee16ab5c861f684af354fae407063f78bd8fa6a508b0e73937c804d8fa5814a0f9bf164e52afb075af7374fe492373e87c7a519f02ab97d5a2dd29f697a76df125b7666598dbbcfe4faa7968d7a799d90ebf563f188313b1426184e36376b61e89229ccbe4edcff82f0ec808
1787431148.022399 vent discovery/pairing handshake (vent powered) RSSI spike: -43.0
  -> 255 aaa823824c9ee97d8f318776239e9c1633bc538fa80428dfabe395deafc72ec5858eb953a5951cc76340becea0062a7f4c541133163fee16a08b6a2ac9a888a2a55b7665f5e8db4e514c170886c9ca08506c4cedfb4cf11b0679cb093d2663325ae9cd47f01d6221665e4e3f707a6a22b5c1c4f580827fd019d5ecf0e8e044f70cb972d27b787d0fc23c97df4b9d1249a460149d828ce9986b1cab81efe82efc0e11b19cc4257b5112c0cc252db0406f7e3847507b74ec43d1b27654d9edb61e93090218a65a27b777a60d7638b944491f47df2e8436b89ecde316aaad28f429230f7596b61a79265d9608701ed14facc95fedf0744493b85168efcfdb91c4
1787431148.022652 vent discovery/pairing handshake (vent powered) RSSI spike: -42.0
  -> 255 7e830337f15404bc240f0d1c73161b627d6d15f02f9d4655387b6ffaf7da01041e1e1308007a0fe6122d3efaab3ffe1af8c73f65a1fcd958df638c75ea607a0cb49094ad24fb4825dd84011055b8589cf3600075019c714f0580756411eb0b83a6d49e9598a3929be70a49d832f0ce6c1d86f1827869f0638f508bdcc87a093870b68e23d6b9b8e9a0b6fba9b1d9eed5650212aac8cbc19675eb71c48788ef6b19b0b0c90ec914a547bce69d9f52d717fbe5ea19729144bac3a1b9cff0963524074aa996eb3817b6fab772a15288d4120caa1d67ddaca10e3b8526ac182dd0eb3171d4cb0c7b92562a47142b83e0e9d1d21f01f8c916d08fb304b5d4bb6a36
1787431148.022903 vent discovery/pairing handshake (vent powered) RSSI spike: -43.0
  -> 255 b1161fd2a5c1bcbfbd6d746867fd180a894b83f09c3ae235d0f5165c6bec7a577ac14c660a56f48dee25b82c673083ff40cc867af28bd0cd8c0c3e274357bc98d8f4913146a70b4c0f8db93f03be1dcdac3a18c2ed2439f25eb0a57859ac41a9fed806bc836f66405311b5a00efab362eaca36d2cc0a13b55cec6a769f736ff8288435a750993c61a8f510b99274c0f3205ae62a094215971f3d391784505354e9fdb79e1d2220eeb12a52e8133cd05f3f1b017870933d9a2a2691fc9aebe67338bb02db1ed0fcbe448663d5dd61f4fc3790e17785e4951b78272a7e2075095b0b9ddc9a7c99dc0dd01438e5ddb8d05b4b792ed8796f3071296f0b58bce4a7
1787431148.023211 vent discovery/pairing handshake (vent powered) RSSI spike: -42.5
  -> 255 519894b394e26f425071374d4a4e26ef76c981eae45b132906c138a6361307365c7bb6221dee38c0e4a86494f92c2264cbe2363c8d3a3a1cf8d7e086d7b2f43d8ae93c7519a26919ac337b06430cb3897d1e9f2a1c3daea538e640ff19d58db7f4b7b75dbaafcea8132d6c932c991b5522778d3eb80317101a507c61e19f81b1cb69fb163f28d3d68ea89f7caf50cb077fc13662b54989d6284ad28bab748ff36fa9ce61961d02aa5217b13afb7a28256576da22e5f04b86c6c81c489e9751c30b7febf9c71ea937d0b432223258319ed57d740d5c33a0483e46a92c88bb009d97b1485ada596b45cd2958d7253be590166176f95ff819d5900d861ed53730
1787431148.0235 vent discovery/pairing handshake (vent powered) RSSI spike: -43.0
  -> 255 2ab4a58cd2c530e341a0fb52342b358cceab5fae8de8b0769322de485bf03a343e58fb80475b415c98180cbf83db4c04b8443fad2524b7cf5a18e19be7a47f36d3fd82b3170e2fc19567662d6baf8107d0cdf7dc3bf07632c612b3aae5b35df5975325934e1ea5d5111b04f390f79caaa667f39b84daefffae28f4de8c9226190d27fe7cdac7a6342376e3b4e58b55c3773a3ffd9532d40c7963ef5d41dd7b6d9b13bcb987bbbff350e1f321958c7d73be5ac7f10a7ce69f8808fa892b089ecdf4a6b5b9841d28d55ac570d3f77233340bc46b7fa007685b0e5fb788f76529fc51e1025743afb421c1147cb60d0a242fcb967c2c918764a3ddcd306094fa16
1787431148.023746 vent discovery/pairing handshake (vent powered) RSSI spike: -42.5
  -> 255 e2bef0966244b777bce406e8612ae915e014d29728047a0d5553051005e04fc3b3ad7eace50e6ca7679f44e21160aacbf39aa545cfdef39327f47b7b1dfedcf83953e2113a50153c0e6569c288dbac0aec191bbd44f7a9f3fe8ce5383e006654fe6d43da3f0d83a3716fee72c67ca04940f743263eae45d56356d12fd7a27baf4b3be6737ea55a4810b0024ff8b3fb8b40270f08e1c5c69099dafc7cc597074c6a0909ae88caf0111f9b3d5a084d01dc5635eba680e698db4917c5804e4250fa3e7805360682ef4bc755ee4d0bd0c3281f4a113e503e09c845ee420650858335808717386318f6498610cb98c89f9bfb897f7b43f44f80c13bd31045feaa77
1787431148.024006 vent discovery/pairing handshake (vent powered) RSSI spike: -44.5
  -> 255 bbeb9cca547dbf97deabfe23b428b564ee5800c9e8d59a411f582401dd48b8e44de77b3928a97065ae6bd0c8b956214237bc4d11978c3354daaca7647645f666540987984c3c560fdb29a7ccb2b78ab369c9fe1dcb6bbe39f3014ea69f28d2deae2c8d399e2366c775dbbe8b32dee4c312a3fe38c5ff651016edbfc714549f72892ad398f11ab0627b01b1298ecdbe3068ab41e5eff7d211e25e850ac3480fc839ca9126ac8d302fed33aca28efbb97a0cabe3250bfa39c3e871254d2df0f6b541a21ea1c355542b39d41c95770a5188bbda62c949ed04f6a07b89d3ec86b00939cf19063c90effb8f2e602d6c98d7eaa75c32550f941aa4358c65245f0f67
1787431148.0242538 vent discovery/pairing handshake (vent powered) RSSI spike: -45.5
  -> 255 bb95cf65f0cc12b83e850dd185e5c8c5678f0479bed0129d83332677e6fddcc05fb333036b527ab9c0f59827ee0be406bec156de9eeb4133188f13231371680e0fdf6de8c480c08358805e7c2a4a1d73468d2489769fa3ac98b4c481b1f77111a5e8853ec657a2127d2557ee72d2be7920603b3fccbd588c1c7efbe002d6144d6f5b8de1861e8aa41fdc9d1b436fc62446ecc9d6056e234e8cfb9d112d6a731da33b002af1b439da0e49dd074e12dd11aa7696b1fceb7dff69280fb3cc7c9bbfb1b1f046b45fe00291ed853b71c3a8f25de1aa5f2ed1029e1dfe74bb0b082bb9f8d4b0614ade5bc326ed5fc9c07af5db0568946f9dc71f81c0bb71a7ac260c
1787431148.024503 vent discovery/pairing handshake (vent powered) RSSI spike: -43.0
  -> 255 14e336fcf900501ccad42930fadc830fbea5147b259bd3969cf4b8de472f927275e1c47e6370c657a9b6c78d58bdb200c0806ecff8c596d4c675c9dc7ba337c5e402dd172635757a0b152d6851ff277d4cf8535fb6ea7f183e0569134c9aeca23df8deec3aca85f41d73f42a39fcef76cc363d5f30d598a1720148334a8efb28289d5db372fe7d065aaef872af6fa9f2ed674d53e263d011279dfd976ffc1fa9a2cb9200572acb9fde10195e2ec794fa5afab330636b4a691435fc3448aabd08769e919a56b363a207d28661324632a2650a09a8384c82fbfb320dbf7bb812bc6ca1aefb6e3f1cbff16c7e667153dbfdf26d78cba9efffbfc96c90c9a8e2f1
1787431148.024757 vent discovery/pairing handshake (vent powered) RSSI spike: -42.5
  -> 255 19f691f518f63446da3b013cf6c3c55d8190bbeeb67500ac79a6a892fb9500450f827d7807d3cc94103e229df0de9095d510f54fe67be6146ea3f314f23b4818f5f9ab3c01080b1be6758cef660724afc0f9c5ed9b084a8e6e781cc82f1de36df430f54a3e022ca03900bb570fa2dac58f7a730b0cdef99fc43206e80a3812f3dcbdd37b70ecd7fe179abd64015894d25d189ab0d57f0c9d1c8c31c8410be53eb411c1efdcec0b59dcf4a49cf265973fc66b5e728f0839be105da73ab4c1b7798c270be7d5bc411e2ce37eee9560322ac5b149b43274bcedff3e848dd2d0b4e198a2830fd95c460663bf1c249e1ecdeb1d76613ca9a644877de3d6fd21f4b8
1787431148.024995 vent discovery/pairing handshake (vent powered) RSSI spike: -42.5
  -> 255 cfd4ae7224cbd38b414ee21bf32ce450532a9820f7b2bc0c40645f09cf79e98510c6a4ee7e3afb8e6211d4f36390dfd9005d57cfd1e5397ad27427e4d30d824d465426bf50568f188aa03826ce0c3529b601c9bb0ef4dcb5d5cb7beca4f35ad7060e7829d94866384fdae328c72aed39bc41ebbc63bf3ddecc6cb8a71c86af132f1c75c7d2731b7f11f97e5425a150eb1525176c7dcb5ceb2bbc8c2a57035788c627af3d3d85a067cfd661256b2d181ea8ef215b870300072bc912625c334d860617e2b9fd8d9d3c5364b289c04a06e51491af1379cd447c9b404ae280205b3490918e673dd932c6b440e382cdffb97a38f762c9c4c888f82d8dc9a6f958a9
1787431148.025262 vent discovery/pairing handshake (vent powered) RSSI spike: -42.5
  -> 255 36ad67d0470c9d3b8b34aeae39e28704e8afda8f8cc679e8c2245f3cc3a9beb628f5c6e105142a3537aab11d834ddbcf1e1f30c9dda9a1f7062c331e3b9dffb98993d382babc19d8201442d9a2849345d8b796f011f8d6258e97852d65939c118bb29cdeb4a7eba858be2e855cd6a3b4a1d62e2db1c423c584323d35c798d22c9166022d825bad83ec9f80409036a3a1e91221b75a694b569d1dd59c33f19f0a721e8957d9ab4d5e31ed2873cbcb44a12286cf4667d3db4fa502b8fc37602f0525b71903037d3d9ca38f7b54fc0aa079bfd85318304159f89371c7268015fa36fc74535f37021f8d3c97aa3ada96388d037c3c497a89539fb7df311397fd96
1787431148.025533 vent discovery/pairing handshake (vent powered) RSSI spike: -43.0
  -> 255 1fd94ca892de49850bea5f9739ffbed83d212627d4edbb596bd4e9a2fcea002602a92d202f974fbd7374f38fbb92142121fb42fbc6f06e83cccefee180f8704fe7cfae7bcbfd5076bc77839ef5c08aefccedcedb9fe0cc3ee2aecf9912d4fda800198ef0f4464b7abff554cb2431d93cdc4e8d57193d74ffaa7201f76e5cdfe3d1d88edfa237081af2a3653dd38f9d4a53b1ec5128cbfc4587f4d06a3f4e686452797a965bcbf5492d963f197a9368ba7c734ebe13e23a92615043fdf3072c2cae8e61b56cfc444272c8b79bb6ee4ff8d12a884ee7306aa7f89b8eb03976f5c836e40de4f2821a7a51b8928ee7708eb35b66c571ec810b2c5fd2ac97f660b7
1787431148.025825 vent discovery/pairing handshake (vent powered) RSSI spike: -42.5
  -> 255 e6bde1070c0f308120d6b806b6a0669e4d48a9fc44447f760bf6c8b224c1da7f29d16e0c41799477cdd3a2f6551afa71dcf17ef49f5eba84e53cd37058ef27e3b1bcb6da67f59afa71b504a6d255d1ed93e6f7c112649e3ab75d9096070b05e6e388226e30c3a0876c568bb30fe389fadb4b41dc616b899e739df6c589e2e62a01993a4584b6404c63b5ff42c9b33fb9f079fa9f7182840e0238b1fc1902e580421001204862618020cf2efe6b72a01805bdedce33e62b7939c44e5f177f9a4e43114e1cc590df8dfaf98ba727e5369c3af708a302b507da12635c3401bd58b61462877e0bb9e07057d525e3d17c38455317d32a49cc33111ff51f2b324fd8
1787431148.0261388 vent discovery/pairing handshake (vent powered) RSSI spike: -44.0
  -> 255 48547d94e0129118269b09132bc4190e955cecac95aaad908be0ff403e0fa51993ed888505a865fd50b78d4b961c1cef985ec2b1bb0b57d1defc88edf06a810e2a1d753935ddb252dbc65e3728d22588adbb6d9e136e1651cff5b8a8b4ba5907846b932653397193d7fc777cd8cc71e605636c38ad9a0a5c4600950dbb453b0e501847bf48e811a7fc11e649e7f7ae4f742fded05425d03c41bb2c0048faec1ceb9c84ef39af3cd17985d386c1081414145bed211a17cec2ff3048fd00874e79d2b18a1f41519b4f4a3552307aeb6701b9fce3dc3f54ce01c6af4b0024e2761666211096678d8023f7af53bb7bdd8f850e41e8fc3c35071381283e444784c4
1787431148.026399 vent discovery/pairing handshake (vent powered) RSSI spike: -42.0
  -> 255 48dbe9da08afcedc5f1bae0b871791a9b49b48c547de74e79ffb3d0da72a1fc5095662e512b25c29f181f74b890d72d8d4b3076967b6b2b57c41e45607ff3b019a5a9e2699fa304e4af56fe09d40808c3d40763071ea03b4dd67ae443ce9f7faa7518147857206f2413e8e69eee24046c72a31daac3b8957a8355d8a96598f57b7eeefc5d9201f74e3bc97480a1399390068941ea6499ffdd4c3b6082f69cb70e50aaa3a18408c438afe34903a02ef0252c42aab842f09f2d179c39331bdb69f80166a2f3d2091c26cee03876efac2f256be3e879ab50e26b38a8599397378660638ab029c2f888892caf0864089254e3e8fc47c8454ef1a566f1aa2bc15f3
1787431148.026658 vent discovery/pairing handshake (vent powered) RSSI spike: -43.0
  -> 255 dd2a6788b19890accb1d7b0d890d34e2b27542639bbac1c4d64e4d40ee2b6034a2c6a09e27417b252303449a8f3d9a643e09d6bb6c1e028846865a1233f349b14c30e907c7001c6f41c8ac5dc0f2159ebdd8047a608e55778d995f2af70c3bab01e8fe258e5dfb5fc8e0d99a4d9fffbe371c03f4b351f2ffdc30dd26ac1b26e5b4201852bf7582cb00921be81aeb2f515861e0b0671ea37b3bfc6871351f224aff37cceed6933c8a9c074fadb9c4dae953ddcae19ca263eafbb50a97c040f5de6b6414fdeaa5fb377f5ea6b4b33b84aec020bd5274f5c2cf7ae29272a48dca05ee66ce012e74a0591e13f10d998034c0286a86a5f10c6029048e632a3b3117
1787431148.026933 vent discovery/pairing handshake (vent powered) RSSI spike: -44.0
  -> 255 01e7ce9ee2f2662afe24185ccaf2303e050a8fc1cde4040e84fb9b7bc9cabed699ee7755c4cd8214b859d7ab7453170b6a9c0aab1e5a3a5f0b0bcb58978f09d3f4df9075d22c9b52924a43fda861e65f7b3691443e80c0cb547f6a6fd7e3867a3bc7243d5100c6fffde3ebcb6d1a9e1f5c7c2ac438429a6327dea7fceb8051f55953ec7c3937c3cd0106815d9997cb5a594c937bcd5cf413a62d209377367f6ff1f250a33627c8cc1ba974c415bfb1dd06fd357324ddea0f6861f1ada4dba72b81a98472c0f7407a23b1ea9bd794656898690916df82baef89c0055f0cd9ba8e8c74451e6ffb7cdde5cd0c529a766dc89265c48910f7e43d16676c5da0f2fb
1787431148.027179 vent discovery/pairing handshake (vent powered) RSSI spike: -42.5
  -> 255 ef8185b5ec212ed5a539709635d6e14c6b452643cf70a8a067cdca557b7af7f0ef75242070c916f36de5f73e71f5b91dec4d541f41ea6c50bb78c54cac472c827c1cb978862f4d0dfc4fb11843aad3f641d185710669dce7ed97620f856672995992852064675988d1b7f017327a8bf08cc65e02002ab1978215cf63b20d904cd63471db962aa51f7dbe9c7def785f4035ec1a286264e5af414c95ee7f1345a32a04d36e7d82c04104092f0ce5d85e6b7a1140d05ac2a4130c1063de1ab7899a62dd4f7bf1d0f8139a37c22af9eaccb43a18caaf665f61be43fe8c05cda1a41878578efbd862613c50957f53d7c4ba51e276d7e62e2c8f5bed0f49ea10c89c
1787431148.0273979 vent discovery/pairing handshake (vent powered) RSSI spike: -42.5
  -> 255 4f5f196968d3a77b7cdf046f7dac229d4038fd0d6c08c903a1087092e63e7c1d60df37a7b02f27e052a6ac758a73d8468fe4d427bf37848de739908a6bc10419953bf5ce0c53f727385f02917e64b0c465b82f889a6fdc7eb789c980e935bcab5108a04b4276254896776ab8e9ca7fabd433cd5be8f76c915fd1bbe5f897fcde17c4ee7ca740be209f8d5067f2881c860a02c70d0fbb78f636c53596d3028d07339dc6b47a6fca77fc5ded780ea6732260e94a72c64a7d1139fc90a78c3c7304a5a7ea43f68ee866d93f496c2efa3439182a81396ffe03b9b4a2ae685d81355eb43d2e3b54a7ab8ac14684ebb1d2e4cad797e5e934a10a27b8bbf26a716f39
1787431148.02764 vent discovery/pairing handshake (vent powered) RSSI spike: -43.5
  -> 255 45fcf9fee449b403f44727f22a76d7475451e6df2e012ec643925360eae47187a36563f9a1e1b00665e55a7c88357c6f2407f3563f41f4d07236993d40bef9364e57d785de77c9256208d5908225f51b9ca5d9b1ec42248fd933deb8ba7b3acc6b4d13ab3d444c1c2cb97575399d11de66e9394abedee0fad317e26a60df51a54a4269e23073bb9b41abc3fca7b68a9ab9359b376f492200ebee9b7c0144d2fd9aeaac862d5409241d76091860ce6dffb09f15312db7f5b3c6dea0db5520c217512947bfe7c76857279131d2749e66c2435dd90f3b31d8bc9bdcc95e0fa8394f740767d13e90b340e37d04272a557dd57ca1f1cf7250f9d1100924b96c6cc8
1787431148.02786 vent discovery/pairing handshake (vent powered) RSSI spike: -44.0
  -> 255 5e1a2d303169468490f04e7873c23df491ee05d966b871be6b9796cdd4dcaccc7e1cd97d33ec4a45f80588c662bfff643e8e6cc42998bbea7ad5d1c9110e0efbde7f796cbe519905b225af35c198ad3908bf8f80283be3c1abeda9ff57c6b54bd4f83771d3b9b0166a3327f402fe47ac483c9e5e228b946a9c4bbf896950948d16da925d759169512aae96e2db1390df8f830626d326ae366f796739f5eab857c37873e18024b9767577c0f59281543abdca45b2247fce332d6082f496bbb895d76b11ddf49e77fbbf56890fc51a0ea66466226ba4b740f10cd2c663ee888824144bd4fb4ae4970526e92fe3034d9bb05c736e3a3079a91c53db23ef9ada83
1787431148.028142 vent discovery/pairing handshake (vent powered) RSSI spike: -43.0
  -> 255 834c488fde28af4610c066d6b509e5c2d1887447a77ca578358511dacfde3d1ac74e25e14733561feec9f0cad5055732e370f5be7207cec2aad706fab2b053e889cad850882671e1765117c006e334788a5f68528311231fe9d062ef23d3d303b4d75b3f32e3a91604092ddcffc31616af626870a3cab8f31735eec5e93381fea8ddea66d12a79f1bd7f47c10e70dc0178c99d7a0f01a3aad8ce8d4baad357b13c69a311ff86922cd49ae95fd9889061b97c84de159d17883c7f960a1106cb6e558211e744945f19fafa3b62bad4f8d6405c424cd41a455143034d4fb67ba257209267f199f6e1eee972d66bef5b06cbb51280ac13fc5e4e7f1c83b2b1e197
1787431148.028386 vent discovery/pairing handshake (vent powered) RSSI spike: -41.5
  -> 255 38d9a054a81a2166e4db82c7fb80a09314b9804953b3d94f2d57e9478c768df41b5fdf7ed3331f42a7ae1c06544bf38a9b9f080316cb1de3f40b593d978f5c8d6d13506f80067580ca5572d6836d8c0e7fe78560ca367ebe45098da5fbf36ec77cbebd8339b6a3c2e05432982d45797980a9cc1c19fdad42d920692003309afeb8fbfbf9e4453771905279c833df8ca2ea2abae12866497c2876b68a33e04b0e800d2228b7ed72630abb9930604754749180270e5f7cdf98b525cc9d5c827731eb210fe63db9f7b4c5cd99abfafa816dd57d6b435df51aeaad786263ded1a3c7b17ba36030964dc5c0142a30df4dfe413f9bf54735298922f8c7fb4c3e8149
1787431148.0286841 vent discovery/pairing handshake (vent powered) RSSI spike: -43.0
  -> 255 ef5ca7be1bb6383767f8b4dd63198feaedd1207dbb317cd77ccc632a0498cfb8b5256271dc7a446daa58c8a808addae8ef169132e65c8cb4477ecba05a5e849dd3f8db2b27c5610cccf24f2b0a8285c33da85df8918c033c11f20bac270b835801c52b8e487680622171b80a30f1b1be8140f80d7d2f73943efc8a4b2db744a5f2d4c3921d31348c3b65207b45cb7ffa63118f575d5cf21d0ed1ca3e0e4aa57430b1425b194eed0756fe40720b803a18d962604073a09c166b0d9f1ef43bf07049d41b990afb1192772d982a82b2a6bad292e6d32ab0243a5d8cc566af3a147f79125305ddcf8abd8ef090479a0a6e65ed37f1aeb400e8a4204c552b7cb8c6
1787431148.028991 vent discovery/pairing handshake (vent powered) RSSI spike: -43.5
  -> 255 fc0467bed240246cbad8306c97e31af382ba79e59f560ef0f6f6adebd958fa642e64b36485d3e4037d8ce4b9c49e50e8c03ab841261d96be1de2ae3a6051f6baec156c61a96e61e9f571c9b6ec809486c543e7119c685767910da967b4d61951bf364619d43ec656826bd8a7a1b132b60d8ce473c225ca7f21d514ae9f8880cb09685b7b53fc69161d7069c9a141e328f2b1f09a846f7b1154b2f963d321994ab1f1f61b979d3cd1b7b71f73ee43cf5b07842f64e05137d5b35ed4dc5b61e6787e909987d9516f96151fd76414c6b970d688c8689fd15084eec293e6f67959b7bc687288bd6fd1a4642fa4be056a62fd668dce22afa20b18e1666abba481a5
1787431148.0292852 vent discovery/pairing handshake (vent powered) RSSI spike: -45.5
  -> 255 3f82cd768a4f56c8a3bbecc91abcd5dc9c9e28fbf49398f25692189f411a5a37d8fee0430d3b02888d21ebf409f7f9160565e5c0ad98c8c0713307527e037c7f32b7e2ab13987f0c419658122b100b57333d4ad2d4d838057632f4197e70f8e3d536e9668369d29dd2f66cdef4bde5cd6d6318b5d691ad87effd95a8c57eb9b1df9324fd1e7e01ea95c5394cbd869adbc9431c0727cf6e560906059c627ec495a3177fb46733446cad829ab012f7112e26baba4501a0b85c826f74d73a9d9187f695b61789106faeb3aa05cfaa9cf3a0fa1e04fcaa38eda835714ef1051d58f3ea7dcacf168e381904cae72a2ee5b17dd52d5c35d6e752d59701f06250eab7
1787431148.029571 vent discovery/pairing handshake (vent powered) RSSI spike: -42.5
  -> 255 24b2cd10f1810cc4ffa20bdfc8269af7eaae72987397f9ab76e3c2d7a6721753a56b48b31db9209d0b1c9b74a1e30ef3129c349a6666a83e9352ea3ee40f3c20639856542ce6a8cc2754adf1cb202d7e9fc05155a7f44bb3152d5399d2f2bea34556d64a451c0c6fa342032fd60945009767df1b35d05a4c5ee8b7dd4f5d919aed93581c1fe3ed98feebc99761f924f5984b301c47d7e5c0327d61bed39ed387034ee66b9e2c6285076e29e0a1af31640423e240ca69c124a6a98744796e251ffe9bf32e74fa190f335ba9fdee909659b4b34e9f85517b97482d1dfca19d127a270bca31d78b7828c691332029190b26c31a071f34feec4f1f07a91682ca97
1787431148.029873 vent discovery/pairing handshake (vent powered) RSSI spike: -43.0
  -> 255 d982bbe5d0db6217af255cfdc6bf8d9a0f543be458ed3ad26138db271cb62a22d06b5020febf8bda612e927e24584708701ecab7130202f326c8d4fc0e4cf65a0def94d3170cd9ad4451e60bc3582c48bc99cfd2659f3e1a2f2b60f163f5cde3643e261c91a587da57acf615f9e235871e22038f7e684eacf7fbb6da81dddd13cd440fd28b7f64be4ac52e51dd896cec73b51dec96779b542f337ed901a9935a3fd8cf8e79570313ece53c464ea0c97a4fce2d3f2271055d5e2c653414f0d3ff90d1efeb929a5d824c5d86c6ba90d09078e34c69003c0e3c4d3012ebed28778579e2485944e74269ed00e31c8a9852399ebddf210148f035506a450c887cdd
1787431148.030185 vent discovery/pairing handshake (vent powered) RSSI spike: -44.0
  -> 255 945bcc7e45726c787fdfad4174567a93f52d86ffd851aa29f3f770a2cae7fde71622a9ea1248c1a92eafc55c54582cda9a268c202c258ef2bae9df707406134c8cb8d95ef57dccdb947f898425a42698de5907d75367c420c8119ea4650717bfeeae095683c2a0b53d2ba7238d2bf130c0e1b1289ceab906c715b2671bb835ae21da9b65c0e55bdd416d7bfff1ac0152f0441838065c1b675d08d4c26597c28a020f827682820c013cac08f786346a0f62223f3620d419605ffd5b207ee6eec433bf069e6015a29e00c126de1bb52e8f6252046fc52c19c4e1816f54d7bca59cd57a8dfe625f2deffe0dee7705f9f844db6c5b89f370857c4e50601a9e21b0
1787431148.03046 vent discovery/pairing handshake (vent powered) RSSI spike: -44.5
  -> 255 306b0fe20bac99dc83fd8055af15eae316c0f0244722aff54881b5cf979e760c8ff2255d29239ea56972a54292b7202e8a17481afd95945070e5efd35018081e057e8293e1d6788e54bc267c3fa76954395ffa6de99e33dee2b18c7044c1bb3f3f3a5ed794d670cc5cf8bcb7923ce06c9acbaa9bfed9e73db76e91c927312fd9c3ce36d6803d56f8ef3da599daa1c9511d8f2d2c3b7a45fab5cc5b94c97a47cd6ac52dbbc7bc5d906dcef70c4e009de143fe1a69569678d3bc0f682ab222602f8e4f71cc90c489eba65885128ee10bc6bf632db5267a90b61a271735ad9fb9b6ad8497b9185bcedc8dc8f3a2f28a1735b6986e1767c9a72d751c8a86de8cee
1787431148.030695 vent discovery/pairing handshake (vent powered) RSSI spike: -44.0
  -> 255 a399fc22227c44602a1a0b4a5ccd697a434e0e2b5047411eace5bfa139885000ce051b94034b1e4ebd052ab3740d9eb2734cd3e87a91064c992d27b947784a697b4c522f9a4f7254afad688493f52a594bd72a1836d80442f095cd5111f3b25a40971dceaf41fc6c16dade9fbe2f5b390df4b3b4765780a3a1045cfc178ecf83e46ec889b3e9b737373a398047810f5d2cadcc41d58f9d907b9ced6215931f571d1d3e74657d124e14da4f5ef1ba6b93bddec65cd331d72ff265c590807342889a1e02f763ca3b5d7d4c4c69e90b38ba590bc736861045e28a002c4529b14c0753ea548862de4829f429abe0c413eec99769e2e5e1770c9887de52df75391b
1787431148.0309062 vent discovery/pairing handshake (vent powered) RSSI spike: -51.0
  -> 255 899014fedcb26e7db780863b631cf054a1a64094b9c251df5fc196c366401895a5f8dbeaae1d9549fe15b2f66968442f3eddd8b8c35cccad1b321d11f047870c292af7fd186071221bb92ffa35fd56ce808453c0dc93970d2c84241edccf078c5c31335f405228483bf42f339de1e29245fb41a56958b41d597a4f51383d2dd70c2c48d35c1fafc1625e05eb91ca8931772b5b91c92dbe3331bef4364849112ad94a3692c7c46e5d1159ec4ceb7017ed4bcd2e8adb512493582cc043b16e1ca6452e0b57d2c71e205278d6e90545495e46752cc0d8fa3c86c22a29bb3fbfcbb825cdf853d7c791c8d4097ad3f50cbe51282c6af0ec5e1e6292b77619bef503
1787431148.038904 vent discovery/pairing handshake (vent powered) RSSI spike: -47.0
  -> 255 106b5ad7659c17836fb0d11f27781a2e55a6112c9b3b0a44b47a278bf7b3905378c16c1cfc4927b33228c276e5fd5d18d78667660309c29a5884f29acde4b2cf6d538816e5254c1f929acd9941eea917183d9505e846139a3f45da0fe6244deebda9d0b5b5f9f37780564c3610c6a7869a77b27f4c109600f0e60799de13b2405ae54c295148a08631ceb8e04fd992876ad371a27cf0474a67cb5994461b20c63446fdb46a4ab0460d97de7c6f0fdf61fb7a807ef8abf10cb5a0bb0d2cea91ff29419cabaa416027a5005792dc9b75856870d71d212dace19d58624c4c44c721f813d8705bcb2dd8903056d61eec5b88e0d97c4a71d5e0a3edc6a6f7e0642f
1787431148.039142 vent discovery/pairing handshake (vent powered) RSSI spike: -41.5
  -> 255 6e1d0c8ec7aaf2010d6b26371517c27f284fec9e9f98a92b335cfbc56fe50d7a88334fedd6a11b33ad9f9923b6901df838c321a176db191df652eae44c0dd6e04dc31d95ab24a4341a9a16bdcd4e19ce3d435d75b867b8c8371d8603b60d18fd23a67f53fd31088bb0c17d3196d07a88b908d38d2d9fc0310e1f6eff0c0dd6f355eced32b3f14c6d1c7dc4a84fe91f688f6f3b255ce7f80ed42a5cb05a90944f6ff8d2b9a6027006055b1b9fdb59b3c7884a37677c0e8abf5e793426227eede26b75599b6be6e77d67d5e4dc1a712bbdd1aa3c588d917c4242d931666d22578d86f77e26f99ba132f721b84529c2530c9435dea28bb75d659e4abd0767f7c9
1787431148.039393 vent discovery/pairing handshake (vent powered) RSSI spike: -40.5
  -> 255 3bed83336e80cdd5334a1af80b9cbec64d3233f522a3d6714c1524ab459733a446d239b81bbf05af70b336169de0efba5b8c621c34cad64b4e024a0a436fbc47199f0173ad1f1702a62467440c76fa4dd3365aeca05e08676581a90bc396f5de49bc5a63c1304ac9f37f23e8810001b0322cbfd86ff4fb0dcf911a81c1eb8468a84f1432ee1dd439f8b0d7e291971f1cd03af3193abb882e2fdef9174bff3fd07a04dda63a020dd9820c81fa61637a40171191bcee57dd17e8d52150f5de3473b07680e56ef2229712ad6f0bb5f01f086008837d67649ac0e11538bbf1de96b19a192885ff4e1cf26c46858df2623e58b6ae409207d141291b2a4fdbbff3c4
1787431148.039676 vent discovery/pairing handshake (vent powered) RSSI spike: -43.0
  -> 255 87a2c6310aa2b23b6970c1adec3cc0991f72289a1ec07fce696aed10804cda87fd2e5ccb172f2ee5088523e387df1513e0c2fefcbfe582a91748acbbd3df6438807c166779ca5e29cccecbbf4e8a247ad65118e8cf167c233a25c4c40049988dc2fb21e735992600da2f52dd704db7cb0456a4236cd8202f0b91c754d09cc990a14e1002cff42248bbca0820a755fd4c00189507ab6af61ffc8c3b08bd997ec30dfac3056069d4f36b87273476223cff27fd50d94eda1fea720106ff6c4c3b080905929934b12ad9690052529b9d0c7b932841054c0a2875d75473ad6c8511339dc5cdd41af72e9fd53ffbcae5db4cb85857249630457d932d9c1a92a145c4
1787431148.0400121 vent discovery/pairing handshake (vent powered) RSSI spike: -42.0
  -> 255 4fe408f743999f5100565c395d78a9ba7ecfe0eea4a7d9605fc0267396416688e24746682054d5eaf2b4343dde4aed5dc267c74cf4a5c428575208a7c73f11715763df4482c5bf43ee1837c65ee07ceef8ba2c266548beaefa4a5ad636296240fe7ca25e80f2576d9359ebe128fd85b4606faea30c48fac22a9a0ffae9ed5fac7b6ffa956caa71fb293960e1b5989059f4fc180fcad1f3120ac03f4dd59c500219ca9992dd743ee19b3c8f6111840b0874c72f0ffc7031361095f3cd209814210dd05fb791fc35bd42902b0423870d1e67e95e22c4f1e6ae48b644852e08933acde85adda3249446ea66e20ec97781d8535d9df2971d899bfc5c259f8cc98b
1787431148.04025 vent discovery/pairing handshake (vent powered) RSSI spike: -43.5
  -> 255 1d35f004054616b7c1ce597678e2afc80a087c7d4d686e5ec215a0b9ef3547baa6d6dc657fa8c4007bc07936b9456289aa09a07d504041d4bf48af637182de99c5dcb9f628da1bed1a3b8c55d8375f0e92d1928083f71b329f8c98188ffa20b40f126170161242189204d0aaac164f2008b5c06616f7ba208c0c5ff085c85631ee7aef885be2e23390ff3cafdef3a0837df1f633b232770ad24285381cac95696ee2ad2e8f7cfd1f0b9b1ec102c2e4f36459fd8c690b1722cb6e534088f4f95bddd03caeef969648d7bc3d605de8393b33b183e31c3bd03530c482c09fd6bea5a5b41accd230a64d645a5d96ae8d503e7d864db56c47ee5c33fa4fc0819377
1787431148.04051 vent discovery/pairing handshake (vent powered) RSSI spike: -43.5
  -> 255 38e74f9e5a2657e00ec8d2fc9b4a0486adc8172f1678a5abcc234e1ab1e6f432a95bec75f79bfbddd43a4e87d7bde663b99e1727db9d14d21392d37179848aa516f26d3132b6ee05d3fd3cd80953087d391e531fceabd0d48218ded9d43e9fefc9da62f9792238bfab4ad0a78e5dc5ed78daa26b11a17ae8f9151d43b241d698d8a1fe2c0ce70f3bceedbbfb45c3c140514f708cb90cfe61552b97ac6488d5ebffcfa7405d868550055317e407369d1768d3cf97d5bffa9eb19f644d3540838d80bf49e48a7007a5b6d07de29f6b99ee7ec2ea387d6319f8979caedb8042df03cfbd792ad880e803d6aa333fa621df3e91415e225cdd31edb14352adf433a7
1787431148.0407429 vent discovery/pairing handshake (vent powered) RSSI spike: -44.0
  -> 255 6ce60e37403a7e419df08fdf14e18ab65443f60f46b4ec87e3c429a6199c2cae1076eea3e0a51b982e11862c7c42a8ff1ae5a082f9ed0135da6bda9ae890ff780f10891544ed857b1b3bc6e9842007fb10ce8dc0c77740ed524a18fe69712a6ef91d4d4b59a487015d41aae2e1d2aa74e0fd3ad83b945d4ec270a469970264e67fa7e5ba28657fa8df252b7f4b22d1d342bacc2acf91f9c66be7177053d90862f9fef9e62dd0aad42aaaf13457f8472024ed17a36bd1f91c850e8c3cf7a78c505d84ceea86559c1c9f151e45a219e6c47764ece39913d320504a095feafe93e1e80512e94c371881045ff8936a2dcae0c90548e2632ae88f8b00e0a6abc1cc
1787431148.0409899 vent discovery/pairing handshake (vent powered) RSSI spike: -40.5
  -> 255 36694f2fced9e168498ff708c153ec44b797f049b0afb8724ffb5cd463b7e54ae9ef8808690fca04cf49ffc25d05e137b191ebf38ddfbc42a554e8866db7bcf4276bbf5f27ce3d00ccc9581834aefc1d0cf9c4dcb86249d9ba9fd383e8fda8a331d75cd477ba8e7ccec178453e419984cd498ee2319124d3a5dec00beeb994c2c871e2fe4f86f46b502939a49279b801f8124b175638ad8f501d0014f91aad37cfb1884ebcc4f5c48abfe1a334e18120375cde50a6291d3c0eee19f615a8bbdbc228a28ce62e2c56b1a47fb3930f2d344828bfd657b87cb1c0613b7c62c469ee66561358ddae75917b0776c0dba255a021e545ca3cad5ef5a4c0804ea3ff0e
1787431148.041246 vent discovery/pairing handshake (vent powered) RSSI spike: -46.0
  -> 255 dd59f7750924d5d6ffc9bcedb6b3adad88abd80633aa21c36ef6d636f87eeeb0c006a5abb7a4a9f6273f30b4c1ef79198e4ae96f7bbd8b7ca84959b8982ca0b1040d3ec19b78ee8efaff226e26bd8fd98e013ae82fe7416c20372de7999f298d8a37ee0e07f081d5ec47d1773a83f22f4e62ba8dae521c3c41d80a15759c6dd4e7528b3068c6aa7057126f5adcfcebf067e2cc7b8294156319855354879c83c1a57f97126a5fc65d8dbf9d53c760bd2d75d799c4c074964453e89df6eaf8d31e4328680179b347283efb35f05feb9270868598f49ad177b770113475a5470a6633cf9931364d61dd4585298f4363922f1ae2f20ef1732ea52262f7f1f12711
1787431148.0414798 vent discovery/pairing handshake (vent powered) RSSI spike: -41.0
  -> 255 adb3fb66fe46ed8ae69c2181c8b9bb5fa83ec63ad97d7857588cfcf3d17375b3089c75c64c90e58145fe6e2eba27c65bc4587093d6f6f869267da71d0bd1c630cc5a5cb0dbfc75a0c47154b5cdf8c4387dbd77be4762640a248bb47cbd269687c79bd2cb762c4f919dd209a7e327f9b5297b833e27136980faea783540293fadd3bb840606e95a165fb83e4c07e3d0a38e43aa870f9fa95e53019e36e23a3235c76adc5aee7fe27100d227ff6e36576f32fef8b671cc42e6fe852099bf1fb4ef237b0460666bec82b83a25c6802bef6325bd8e55b4292cbd5ce3d2fb3e5bd406e103cd8fc9dba3c80ad2090e624a7ebd91900e7d15acdf5f0b28daf8098bd0
1787431148.0417159 vent discovery/pairing handshake (vent powered) RSSI spike: -46.0
  -> 255 905ee19e88e9bab1b9e2612989613ab81aefc1b781510394c51784ca7fc41214298df2cb1f1cd4f3cf941d143804c50bfbe4b84a21484a7cd0447ebc1b1781eb3b97cc61f19ce68e2361f89000a581ade668bbd3b0c6b06802f7d43788bb53ed8e62ea9bb15dc32ff9a27399140306e32d14ceff1bd937b6b9d153ace17a94b0c64ae5b974441091a939a9141a7643534aea57033b86343fc62c2566c4420cd52a043bdf6e58b3650717a6244bcba433d550681622fcb665a7c4ea6f76f320421377afe9adc0952860c4cc77700d046ca28bca9db44093ce20dde04132fffd4d096953c31a3aadd32e5c6cb5213e619871d4d5140bf377cc2d8022503943aa
1787431148.042018 vent discovery/pairing handshake (vent powered) RSSI spike: -42.0
  -> 255 19cbc3dd4b74796dec02d012ecd509e438e6ef62f5076180fc5bf2783892453b8291951712ad817e319822f31c079c8ec780a99e7a52ce6d4d227633ee2d5036e20c111dbd9fb30253cee0bf2e73a1cba17097385f0263f8051a75c0a304a9b8a5df99d010965abf235c505af79c70bb16c9f00ee0ca608ef74174827031bc8764fff046ad801a369400239d25fff0f5152ed916d8de1f7d8b15203ddc35cd6f4697caf988c4d5a4c299c035f12840ff7aaaf56eb11c0ea205d02254b3e4e024f7e1e1aafea61c22316e7e409810e2c8a6b14a92920d98c04e4efd37b09040695ec343856ef1613db186deacad85f6d998be7d6592c66fe1c5525e4c770b65
1787431148.042254 vent discovery/pairing handshake (vent powered) RSSI spike: -46.0
  -> 255 a8edc5f7773aae0ba2afc70109fe1d3265490fa51569d38a845d60389a4ea3e516d0bdb1e865293b6d6b9a83c6d363a1320432e78971428a44a8e9da76521ce3db8d0229c6121b3ae09875538e2beee6b4a8fba39ed4dda704f54eed8fcdb98b1c4b3bca8356a360f95caf8bc2b316056b3e3f3e5137bff66bbae45c81c328500d7192a2efa6bb219d378fb1e7b83785d6c6625352483fa60cd45d8975381fede533605e5e2b3ad87ebede7cc596b83c44958387557d6f22c7680fc77b5c26dc380fe0e66e3b04189bfe2af7000bcc3e132ec320f99780c9bdc5aeab86e5c280348ab3a1f69b776ee27b33400f45ba3cc7ef0b887e333108f282e4027004ca
1787431148.042478 vent discovery/pairing handshake (vent powered) RSSI spike: -42.5
  -> 255 7490dfbe1fe6d1eb55d9efe9a03c96219abd8826a1b508d3bfda0727795161431ab87e413d933c9147bbeb6e7332b4314176237b7b34a0b66d678454fa27ecea0990f9017157232cd33c79144961b0740bf6cf9eabfd50cb94fa8d33f2c3b3f71bb845acee623139008d7bb6f7c7b14b22acf82a7d12a5b4fc830227e21aeb821f0e86ebb125365173fc2ea3b61241a267191fce62ad1ffca0a594aaee4d8941ad305e831d8114b27ec81d76c1b91bea97127020203cf354e9a6d5939abb04eb0937df33c4c6107a7b3c53a682c5628119f2f99db48061ac7a613ebc68e12d0bc81bee2a941bd2a980133545f01ff7d5ba803de4c46fa16d911b73067ccb26
1787431148.04271 vent discovery/pairing handshake (vent powered) RSSI spike: -45.5
  -> 255 6cd7c8d7d030680ea61c3576d74e862cbf6612c3bac6e4562d699d4fa91de6724cff65a58c48085ce1f31ebe2e67d1e0e170f24338a7e1eca82add73b027ca539e5ca456532753cef28b5d6033bdd0d90676ae8bbd04290aea9de0c4cdd766019dcc84ccdd6dbe228ee2391d8720f78c6f869e8a19976cd07366390f7c5456af35c862b380c52714d205e9053a97f2b28387edb031300499eee229c536de99e5e4b0b7ed0e397061878e82fbe848326c6463e3aba52737208dc9acd4f834a3a549acb3a6801fae46e3573f1b0d20918c7c6af3d2170e4cf5260ee38747cb1bd2898bc3e36d58e262566ef241ad14169f10c7071bf73e80a4d9bf7a0ffeb502
1787431148.042994 vent discovery/pairing handshake (vent powered) RSSI spike: -39.5
  -> 255 0027447885c95ba06933704b14b43007c1e935b0665536613b78bba83fd172b1bb905c65bfda89659509b16931174489998f798af65d629d571ade170d705e7e8a71938b72d0f384519e7f1481ee8b5c6c1eed376625aaf12f8852e8fdb562681e5a3ac486e2ac5a1c4e72c108f8527698e4cb06bf0f4a5dd2b0253a8690b0fcc263e8a5164afbf94f281899d360017e485b05adc3e71b0a2b9b2be86d3ce49ed514fa4073943e17cc401fe7c5b4feff470eaf95887032c57656f3900e77b48c4ac009497ea18e869e982ef3db9326aafa27c87f759f6f7d963efc950a00af9a796717d7deadd8e8d83b4a5d07ab055d42823bf6efecd4adc88808d451c26b
1787431148.043249 vent discovery/pairing handshake (vent powered) RSSI spike: -41.0
  -> 255 19a71214dbeb30fdce24878ff961f55e1d4fc166a058c86f30524a8efb7f382f25621606bba6766e9ebfd0b4665106e9c688cefde92f75e921cc665f2180c66de1e394ef93214a8763ccc7ab960048eb4a3c6731ca762e817192a77cede23e595e18191430e1ae7a5a8c6c82cb97018b58e6f86f54da06b99ce586c5e641d7d5867bc3d745a61515a847f57019ef1b9ac40a887bac74425984634bb1b15166da66fe68d3b4101f67b7d3566387e250925cb23487d0973fc2f94e9c90ef4b16c35b84048af64ab1dd5751ee31b90c11c02ad6a1fd1be1c93e7c234619b00dd7b88d5c534ce2c7023e197b11e9c0108f5d8a49c814f02a52432581eca1cda426
1787431148.0434508 vent discovery/pairing handshake (vent powered) RSSI spike: -41.0
  -> 255 0497b49d3815f0a8752065cf33932d438ae94f3448d2510f7348e9cf8945d72242c2857efb21dee03e541e8a92c3eafdda797eed5b7c9b08bcb297cfaef9af88c9c08deb6a00cb84440047fc3cd889eeeb558c0c768af86560408289b1b80f59027802b63f334f76213d1f4b06f62d3a746f37cb868b399c5df3608ef5ffe0e1c6131be92ce6808ff70c7cfcb15fa0dd2eb30edc25960bf847125e935a3adbe1d6d4d08f0b0e61d65e87d1418cf51ac9527d5826a5a7b81d47512c9b540f23dbf0fecf33dbea0a7e4256e5550076116e06e906445195f1c11bf7c4900ab46d615299a3d76817cc1d9e7954cabb76650ffe7a974fe3d8403886008f84cff09d
1787431148.0437388 vent discovery/pairing handshake (vent powered) RSSI spike: -40.5
  -> 255 fb9fc7dad9fc892d3bc64e1e4c5555ed22578ebaf79da284f874dc3640bbfbbdbb2bbec44c584d329ca8d7b3e33ff41e86098582dfa5091f49bc331da6abbf1ce78e724f4420e1aeaffcc7d0e939e1a50fc1e288846a1e70999cd7816bb34e2788e90fc9c7e641cc860b137a5952233789f4ca798c55c64bd9130c528d514e1a3b09c41d417a986711c379687dcf5a32df9ab21200d7e0c03b966e5f5ccdad4dbc99578ce6f0fe8e7fe4e4c1380c5613e1489294b999d67ade50a8420bf23cd6f5ab3c91458ab90aece6c6167373026998e4306758bd84defde3c0f7cfa51d5eacc3deb212aa16a6bb95ccf11161bb1e0d1d76c1dd37a56a611cc4c36715e9
1787431148.0440052 vent discovery/pairing handshake (vent powered) RSSI spike: -45.0
  -> 255 7367a6e020911da3ce8ebd28443de23811bc7dd2b67a17e9737296056102f038ad4a24d33178d7923bb3255f4a5785b17635c095a234393d111928422760db7921c2a3c04d9d1d449ec3e05b9a00ce92cafb137177fa354c57a4fe9eeedb4f250240041d184716866396e4cbf93ddba2fb21632a6baefd8e262e226b0ab0d79b954a33f2d953bd51fbde25e8743598a8438430cbcf927a09d831e1f8bf703bc786f505866c84ebde720c60385d9cd0603794f85afe79f696ccc429aaab8d6ac94b41dcbff4bf2e680c214576c4f9c4a2c34d9c8440add5486093a5dc1c2b6010f67877945166fe8f41717bd4073baf9f6e5a95924329575a15bff78a491408
1787431148.044242 vent discovery/pairing handshake (vent powered) RSSI spike: -42.0
  -> 255 e95d3016c930859e97586de08d3054d5dab700ab8be954d997f7e7aee72ad69af214f2a222ad16b50310fd336d7e3d53804902bbfb6c934babd0304678495f7934f09c38dd1e85fdef11a7adc9ffdd1cbc25d13b86c54955b372bd7b4b6e4665c5a75018f5fcec86602447b9942cb0cda45aa4fb23dff6d695b700c2b09684832b274a2c3e602a8ecdd64fee6ffafc23095f2b8b20b10c5890ec7e413a4900e3316e53a52e53d416470fd8a27fde9d12f83d1c45f57ca348124b55e852d8af9e8a1f1703b512124fceb32fe637ec9aeaf2077ce74908adb7155e8f63c3deab338ee064a4cc99290eced2349fc175697842a0cd9376d603025a439303fd2981
1787431148.044508 vent discovery/pairing handshake (vent powered) RSSI spike: -42.5
  -> 255 6ef64856d499dfb420797011c0b42c863e04c33d9920c549fc749104c4bec2548c6d1f7889b669f639d7341d3dacc9b0b4e037ecc898b48bbdb2722a426e221d2a4940ef60656e99ee4c35faf2f96fb4cef1c52aad7bf9e8536362d34d1326be6be17d67d4524e1a76558aea410714b44a8e86dfd32b9d2d18799154dff0925ce86a1d9a3bc8c042a6f42dd064c0b96b6774ce8db181ececc0a400cc2669b2fc44989a3b040b795043013b771bcb1a60d34af3388651808bea98bcc102f7769c530948b179146cc619e218c1cc300cf33b9ef432cc7cfcf6393d1ebfc4ac635948517c0bb337f1e30a082964abae1416c3cf27faaf08e9a03f962d57723065
1787431148.044759 vent discovery/pairing handshake (vent powered) RSSI spike: -41.0
  -> 255 10fbbc603a14f46c8b2ec06bb8cd74f36037e30ad7f8cbe4d850f0715058e58df5e711cd14f089f5ef5a8042e703a00214a09844942e7e4e4cd3b468c0712c876144a6a60e8d0a8b5d148caa938db6c1ca65239d49d4210e788ee5fc0043b5ddea095ab7259e3599fc2290731aa799f2283fb36ec2d705ceed47190a773f7851d18c1a7f7da4124f56bdb30fdc9ab1f110d06aad7560ab46410e707e28c09ec8ff7c1bdc7e288579504607621a6cd1911efc81272349c5d1e6203507a5aa98d5d8239114562bddd904f4c52377d31b83c01a0d1dfb4df780deeeb8c725bc88419ce65f9602225e361d5f6eaffd028f88ce9bc189f1eef1fba71270f90f6d7f
1787431148.0449831 vent discovery/pairing handshake (vent powered) RSSI spike: -39.5
  -> 255 b9c16d19b5e6cd964c1ba68505cf97f694647b6c570fc7771c2b6bc6908c9f53c465d5af615696568fe19f9c02e8e9ab844ac1e1c27c687b91edfc390f8268ab8d3a22291b4bdeb81725ccf4346554042681694dabf6a1bed4ab58b0c18d1752ce89510e8d70850d05c5526620653fc21ce48945fbfe3d4160704dfa4895e89552016ce3197a0fcf54217d44c262af852bfb57831ef076c7341378895a6072c419f617dd4af9c91efe2e0f1c82f0441fe5e103fa8fc49b3a24fcca721723f05ce23dc77b74573eb7bd297ede02173e807c9ade3bf2af41353d86db907c7b8dd0749342ae50c4495fd8a66395965e234ed0f8b49f42866497eb3a98e7c2083c
1787431148.045221 vent discovery/pairing handshake (vent powered) RSSI spike: -41.0
  -> 255 3dcc118628a71e089c0245da6fa34a1942f3914add086746f96b7a3ad1dcd769d0879508be6c68026a802e9fd63bf36a9295927d994330119973234650fbabe350e0642cda3a649c3ce7a14863b05ee55fd09935a2ff7485e0883db102318c13d60308e7cd226e8dd0aab34770d297a1de55a92587067e2d0b3ff5bf4672c241408fa632b7a86af77fb2d71777ce7c9295eba286ce62e9e0368f5abdb8556b40aab23320acbbbc21e94a15576f2b0d0a717fb72674fdfa7a082dcbabc89bd20bdb28513573e0127adfdd2f82f4f1b7b0b2daac26429b23f4e07477ff07b3f0cc5a090411a69dd3951d8f9bdbe67f2d9988cc35d3d2cbbe2169b3464c10f563
1787431148.045446 vent discovery/pairing handshake (vent powered) RSSI spike: -54.5
  -> 255 82253636448812e0ff1e37983846a6c611baa343887999597282b47a238c76527ac484f3c80135df8fb98b015cfe14bcfdf713c12c2b4110b2ef5d9c6a5fe58fe4beb14f9ad9fae237466084b2a07cb0dc36cf9a2263440cd7e5f959a3aadb547c1793fd8479656847105f20f67eeefa1ad19aa1477c22d3bc45b46e71e3e1b71f211141ca084de86b8832e9209c458680df1266a32222f8edcc4e2473734f2355074a36dcd77851a5f98ffb15c4795de58d7a4aea00a51fed18634b6261b474cfc3f5a560f7a78c99f03dcb2095923e0bcaa042f54187fd8d822c4c9fbb81e17d56812e524e57b0c80611c206782fb2b45dbe1e2cbe5bc9c0772cedbc390e
  ...heartbeat: 840000 iters, 207.4s elapsed, 1235 hits so far
  ...heartbeat: 860000 iters, 212.2s elapsed, 1235 hits so far
  ...heartbeat: 880000 iters, 217.0s elapsed, 1235 hits so far
  ...heartbeat: 900000 iters, 221.8s elapsed, 1235 hits so far
  ...heartbeat: 920000 iters, 226.7s elapsed, 1235 hits so far
1787431173.604388 vent discovery/pairing handshake (vent powered) RSSI spike: -41.0
  -> 255 065e29e4fb4aa4f769050d2012237d27b8259f00661d2c955805d1648acf0b4f7b6b963e2954541461a6ddae691056efa75f26ac9c21cec32b014bdec3c64e086c0a61dd0014d221fe043a8692a29e79918f11da4986c450a1ab231d2498c72c3b2b56d94db64e10f2b283d4747b3e3f546d9648e4905177e8854f0c37826840f05bb5960aba10113882901bb8d10d91837c8443b8403c8c6803ed08ebd5f50746b2492e80753538e5f1b01821631db8e1041dea76c7ab2f1f83226b6c0f18d57822b83b3c06adec1daf5b78a9b7307ec8039b21ae9c9cf38395c70080e5855d4da1e0b70169649669abb89c60e68777fa186dc564e08892e1ba7f59ee3985
1787431173.604641 vent discovery/pairing handshake (vent powered) RSSI spike: -41.0
  -> 255 c5492487b921b66b0003032ea1d25ae0e1b8b371da2edae8c8a9b671fbcc25891d233173eb7f23c95072faf056c73d499791c120b7eb82796c6e45ef72084ced361e72be6e364d8257743e0502284a468a4b7f1568e9554a9b27884c5dea4917ff3835fa0e59e354d8fcd97849b6da4a8559f7c29fe35a20b369617a1afb73dc8f30e6220e0aedd975c37775c30af8ba3e7a9e9e03249036b4aa415e6e170bee4ed4a35428aa7d6659c0b0b9978da4a097ea2bf9fe61dd6688731ef88c21adba68bb60d5289d99bec482679c47aab42435bcc8c045a347dda862e04089a2ed198a4f4be3828b2a63b7565fdd44f45db9dcaeb7958d65e0349fadf87068b8e6
1787431173.604906 vent discovery/pairing handshake (vent powered) RSSI spike: -41.0
  -> 255 543a4108d9767a447fbb701677cd9e1db13440f4f15af1fd0fbffb296821d36d628b8f21133ed30e47d269f53dc5b2585002ebd091eb259973186a610a875fc5eb05df892cdd61cc01ba6acd8804ad3071757d84a868a10c2ba1c823287d8ad6def907c3f6b559966c4e4d30f5cf96a09061b78d0fdbf2c3963d239cbe68e7d68b6b3de3ebf0f6c69be0ad1a1f089db5b7a34139d8fc899afe5099f0a476ee74fe363802643873bb756caccf26158870e7ec91796f89dd4bbe00be4c8a6065838a84197cee182d4bac5c2e4504f10d278c01a18254eb0f480d3df16700de7918286565dc278d2e89be8791e9f70ee600c78859501a3f5a037f0d361b657c74
1787431173.6051478 vent discovery/pairing handshake (vent powered) RSSI spike: -40.5
  -> 255 a9e2b480721d1dfd7cb38209315e90c271d25b4a06af06e9325d0a849cbe6b2c78d4153233af38b222c984565916c23ef486b7e87a2b6c4ab9b7178d645f3a4c24c4625394f1f02a186b40475ccffdcfb15a288c924f994907efeffc7213927f836068726273e88ee0bf6eeec8f214fa57c934270fad36c2dcf12b8ba42c5bb1f2e3d5755a281da8855749add7659b722dfd20d27c49f16b0f8faf6ebcf6e581469c2055da932ae5d62dcf218d0bdc048947b3d1cc1630e190982d8a0877813237baa2fa65e2073caf95cb0511aee65fbc692523ccebc402e4e2bce2a2b66611bd6f4f9ca94a22c4b88e12e8320c9ca52b380c248f6bf902e5ad3e6c970fd3
1787431173.605407 vent discovery/pairing handshake (vent powered) RSSI spike: -40.5
  -> 255 1989b26ca8201fc6e1c6c8f5cd0d888e817480078325da258c98ce1f5d4b271cef13c340a9767b7d24639cb597b262369d36fdab057b32f7b4577b73ca431f8dfc9537dcfcf8460f4e87c28582a332c9dcf9d53845f3b484c3bc3c723eb9a1f3bc1351716538b1f71e36d1566d2be0679c7320f1a2be877de3304522504caff6c7cdc094c32f8f623482b1508b7c8c34d40199612bedad5f16fc215a701c96f0535baabfdcfa66df92e24bb1b6602efa21d703ae9575b1143c9d2ff8756d54e84320afde5248e942af80aa8184033ed53f4b7c4b22b97e1cf162aa42433fe084db7934e98747857edaf81bc3fa7d5645f2106ea06fc1f6c9c74f6bbddf0a17
1787431173.605653 vent discovery/pairing handshake (vent powered) RSSI spike: -41.0
  -> 255 328ed9af2b0b5bcdfbd6e46b7911f9be088778cde75e4f97cbfb80c33e8791f0eeb57ba651194da12b0c95fe3b28f24a772a327444e42c786d72811b1eef45dfe7a537a7ada6e7b7e00298fe6501002de9302a2866fa6952d422df529ec7b06b411be9d5211c392a2f2b3e2e4aca3e9fea0a20bdba65766539c98fc10d687bbe7bc88d068b503b7f1734fc637939d9898dc8179c0c87fdcf09e124009a4da73ae41779102f76e65906d0ae91bb49e9aa830913c14bac243d3a384a500e643d01991fd52ccfe3be5d65d994f09ed8deaa194e819f71edf268f71a392cf5749f6447b7497a8cd48e3f7185c339b3e7a2ae54bf7758617a7bc6723258e90738a3
1787431173.605907 vent discovery/pairing handshake (vent powered) RSSI spike: -42.0
  -> 255 9aea0abec8609caafbc5828c027bdeec265fa676d138b6773e80cb0946182a1cdcd4db469ae23418bab2183fdff9ae7627f7b99cf1180033b3a25bf8ebd4ffe9a0b7d6b2ae952d5c505a1726b88667ced7d5b3f99d3bf7ef43c5063d771a90590284025cd9253b2f5056c2799f1548a77ab47fc33983c30411bf30ec6163ce001f708261a3e63ee8c326bd1f493a975e8227853e177d1ad81c64c482c5091c194410b3542b9825674131aad42214b480685af89e3182dc89deaeee10c0e40d39fe48a2ab9e7b70170f1605b1319bdedacf90ec30d684bf12b095a5fbf247ebdf903b49ff72f024650e912aa611c217c5266180d31113cb77fff4bddc7f8cc0
1787431173.606127 vent discovery/pairing handshake (vent powered) RSSI spike: -42.0
  -> 255 91db74ea2d58e307c389390ab177c1e0cff9191fb1fa9e1271379088475cc0f64196c72bbb824783a52cfbe41ba36f4ee0baf5d0f19850c69eeb17e55315dd8abe3dadb2dc4e3fbe71683e52006ef62395c23718ed090fc91ee5ba4e561cacc8f4b2043c03ef000f3dc0d1957203feee6a82e1d8dcc08f331b0591bedc106ffa578c9bba096c3482ee86561921e6371b00a6f489c320c3377254b62a48fe1c551ed8f77b15dfa457cc5b91263349745b2e27fc75afed6a7676a217e246e960145e0b0f83fcac771138aa32fd1dc286bd881ad83121fabe5e37b52b825c48803218623ed2f33c9415f8aac67d6ff20d6b062f88e61720db77963eaf570ae852
1787431173.606414 vent discovery/pairing handshake (vent powered) RSSI spike: -44.0
  -> 255 22e67c5ad198003358820006a540656f62f827adca5bdfd619cccd98fe174c07ecc599ce6cee21c840215b1b39bd485b731b0e8ba4d27add758786008540ecb54e4f9331176c921707fed1c5d890e5861995214cd42d3b524af0c57256cc2d73c86864e3d0c1e78b3603050a05eb349d23f705d52718c72492fede3d85b447e5368066ee4d7f138e7d57edc4afa24e21c9437c8f2530d61363a2c69ba88c53029d74d2e3a2f6a03b40de3ee5fa333df13042548a3897ec89d2572698d64f3192638978339fd0076e78cce324f31ff842e063081061352befa96fca93fcbf52bbe11f867b0c511309c217a4bed183c5d86f8182beaee1c931984913df6147a6
1787431173.606699 vent discovery/pairing handshake (vent powered) RSSI spike: -40.5
  -> 255 9eb8e801a887bebf2e73e41232cd4d78914ed476ce47bca50a365aa40fea57bfccb6301a90eb03075e892fba6e4997780e877d0b34d5ae03c224be2c5e546203e074111dea0f48dc50cc3b6a6fda35e50e7871ee7cf58b416d533380264f49d23db8b08640d9ad831665231cfcc889c3400de89b7397ca3733dec13b75c437dbb9a071a593d38a10b815ebf24f46e2db54140893d6fb1353c1ba1597743b07090cbc05136b8307fac2d195e4b04162e81e1f11fa348e5b88882ebec5e37645db89c182515b1bfd6f593d8baaeaf6f71edb26ef3e18bae48afae3c6e4837bb82aaa6dfb960edab6e75d8ada22d53b0788e35d8d6b8974790fe803d570430dc8
1787431173.6069918 vent discovery/pairing handshake (vent powered) RSSI spike: -44.5
  -> 255 1bb0dc915c28c1a4b9481905d445f4f56f7dded91dc0dfc55841bd67d9a906b0a2f4c39dbd83d2c458743d978ef8f26f68c8ecf5b7a168beeed1f91d98896f0f1e8cc0e6748fd2ca82d2ac191b04fd01f403b9a364f4dc3592f67a809dd303419fbafa43d3c4856960bd8dc489af9713b3c4ff7174688b1f045cc2cf139d48fd402041f072aeb7e7f5e921785f2c2c42f9196a7558cd0b7a159e4c9dfe3de2c907f8def1809f982a80df40ca089df0c81d5d98f2c81411912811b2c5db430b85799c8fb8419319da41519d0444a6f71006ed18e866c68d19bace3ae890a2ab736c689d51ac3c58d6ac0b3624326be0c303ed9fd572f271444405992c87ccd8
1787431173.607261 vent discovery/pairing handshake (vent powered) RSSI spike: -39.5
  -> 255 c89fa780d3a05a5869eb4734bc1fef17abf3c7ddfb97fa67e72049981c137c2d8095a0056a112bf5f2a030d1c9c06ef2ab1196c709d27a5fce2d40779752e2b814c5b6022629704a48426a02cc55b6ae20e101ff5a1562448b12efd99a8ceee88c78428c8fa1fe08300efde3b6e595eb9658e91a4efa17e652690f80b3e4ce63847a748947e71430cbc97a2dacfbe6080f1bc2921d330454d8ecb6c7d1f323b865f497bc80d90f85f1c8e2a5ada865d4e240a3f6e5c341f73731f99af4d260a3e8dbb19952b1bd5bc2a8ad2cf2f328a401128e7e098777ce997fda54c5c3309468af8959668c2b61d3e8a903e70abc6d998d6e59a2b054999b635ef98480c5
1787431173.607593 vent discovery/pairing handshake (vent powered) RSSI spike: -44.5
  -> 255 d08173f6e7669b061e641fd080d2edad0532d8711045fe36567eda1300949a6465ea2b02aac45fb924e854c0ca202e327099d10aba86ce1d73594fc46f3b25f248f99978cb01fd033d10635832d7a24a8c5e50faa217419874849f24183d85f7e22f2bf6f076bfa44c4a017bd8fb6b90e17b817befcd93416e26c9469f3afe25e20816af350bdf9e5a96387a2880945282e27c498029726e58cbbb5d6611bb6ed47e884d744ea624b72fcd3edfb5a187d84f9add4d34362b62a704021ab524840b571b880e4361ecf06f850f80f86f6fa95a65f91e7d03b33de35902734bf2164755243584b44341932b71bffbda70da598e3a14001387d66371cf2669e1cc
1787431173.607889 vent discovery/pairing handshake (vent powered) RSSI spike: -44.5
  -> 255 d06c8a851890432c446004ed9f052efb9c5559806b2664aac4c453a68e60306301811022ed35f482d7e31d8b3e102266b969931c527c4114f3742282fbbc700a17699a59f24bce36f067f1bc5d5773b4587c56644cac9c2c6e8e6ba2e9cea5ce807d52d7d0a0ef089a1fe635be213f504de1ed467638454bab980a9cb4d2103ee5c3c60774b3d53d7845cf0d9b2c5ec6b6beb7c07cf84cfb85febe65b22e6a9e540f3fe62bbb5dcaad38b3c80b21465a1a68029057fc886ade7c9ce2bb37ee82325797d8cd21f579557eaaa74eae005c1417bf681b4a43171c1ef65ac7106f5c88832da4cf799827da9901b6206c81630a65fe9defda9d5831e3e47a7d353e
1787431173.608145 vent discovery/pairing handshake (vent powered) RSSI spike: -42.0
  -> 255 d7139fb778a39f4b8019e93d84a019fc149c0d66705b88e8ca362a0f5c7998c0136386e7a8fe7a58cc2ad2d2c9af0f01d3f645e3c05a1ce3221f4e3d52cbddf2dc21137e7371e95ebb8fec49fdb10219a5d043a18ba56af3886858976cbf9402a31cf90e10ca752b4c116020a8f9c5d2103fc80ed454359e0df82e29f40fed2b8b9175dfffc192b01eb34350a58e8f69376bb117312d662fd0058fa29678f082ea57a389c690616bb2568fb7a75aa636af5c345108d12c7a102f075ffeacfbcfbb065b79a0be1b9649f87ebf2824e3fb97d2756838735980982a5ae71fac941a42572c72ab597b53aa5c54bde6d3fb2f9d0c7f22aafc47b84b99834895fa39
1787431173.6084118 vent discovery/pairing handshake (vent powered) RSSI spike: -44.5
  -> 255 e95190cc5fe9f86a053e650f874387db691c15dbe7024cb2dbb8793aaccd1da299d32886b0069f80302bfa6fb77787b13cdb549930c4dd4486b627e9dfa03ac1894908cbd1ced8f114a27287e0219cadbdce3c96e3292ebf0d4215952703ba5794806500c092dbd2794100e26cb19c6e3087e2173a8b10389d73942ee145d5bf3d54673bf87968e713bda10b1b7fc11e9a037539321ae1e230436054d8c882369b5cd4e3de65ad2461a64742f8920d112e0c76ef4dc5d230277fbdd9e691f0ebf959835285cb57294c09ae02a4acee9c4b30b87d9e67576b58e170bd9189ac72e53f67c40ddbbe8c9698a8044c78876ea414fd18be2eb2a15006827d386b0c
1787431173.608663 vent discovery/pairing handshake (vent powered) RSSI spike: -40.5
  -> 255 776afbf2009813e0fed2e91b38eae7745a3278f43dda4578916069c4dabc57d2e1235e796d37b0224cc518d0940b3e103a0046905541a9a26bcd43f9967d94379496cdb6d3f0965bd97dd285dcc3844d58d576c9b57719121be99a84d255ad31586a3c811ab5b6669cf7fca9241638ef8fe551d8819ce04976c5ae139b987f05caf08933f32f520dca16cc0ae10a015b3b3f9c69f4a65545ee53dd651f5b711de70f6e8bf5ad26bb67caf0cd4005751c0269adc1826f08f86f12681f343b6a92774a7a9a4c1abf839ddd90fbb7c2f957a2a3f08a4cc35b9dabe15635dda076e2f49a4581c6950bd16b86276a2cbab5d8d9696a46438a364b0e84e9172286aa
1787431173.608882 vent discovery/pairing handshake (vent powered) RSSI spike: -43.0
  -> 255 6d0a67d4690438b0fa3f0efcce75adf71169eab6f59b8152bdd12c525f2b71d0db540c5f990a470f2b9ddc5ac831fdf400143137da355b51ed1f23cf06594e494a8f0f5eeaf5aa10c51f45ffc6f2053bafa4e31cf9f5b8e9ec075ffe5aa490a26c2f4f27ef1376076a02d3dd3a80b6121bc2c506b154e401a451c3c1abb569f541ff95388f0b0b7030d5f17578a381730c08c5617abb8bdfe2df70b332d49619cfcd5c395eb374961a0ce0fa7c791639e136306bc8838ebb963d120120d5a94aa543aa63423b1cc4d81c4420b95228258ca8c386c91bf9af7a0bed89d224ee296ba128c59dda002177b079ba48e839a9cee367c332c6a73ad1e9a3a4d2c27f
1787431173.609171 vent discovery/pairing handshake (vent powered) RSSI spike: -40.0
  -> 255 886aa0924cc6aceb7ae37e20fe543c6d1f37dac4c358eba7f4813afb2afcbe5ed1a513f0481f8a0b1ee652a6b07d576791fdb5cee4108b6632d09d9075caeb27b5c714fd981f88b1c87c89329bc93e6fa4e07d4cf80d1ea41258e438d5ed9941f587334ebf0be09cc09cb8ce581bb0eb38ddd44db66f28da2bba8a8be783071d3bb1611375adbb0dba28cb133e1f7e6e99dc6cac8a4bd959ebfc39c52dcc7120be94ad91ae482a5cd44e1025955d421de7665f3fc7c5cfcdabc934439e9fb95a457b2a8cf36e55ae1d26e8782f82813dff7fb658a4435ff3adf91074a3f977892021b71ccfc3ef6b8b0663696525fa169afe55c6e782d8e1263516218cf2e3
1787431173.609459 vent discovery/pairing handshake (vent powered) RSSI spike: -40.5
  -> 255 1ca443145ae752bc30027c73d571990dab6f81804669e12b18ff394d8dcacc6027bcdb58db6888d5dbab7443f55bcdfd7ff7874ea1b724dba219c55dc3e79c0ab82991b898ca7322f2facd052bba145df10ddf9cd880be8ad47c3befda37dabe2a50a08d4c44d52deba12d7c41217c058e6ad3dd54ca8bc9f9aa4bc856df07c4a95b719685430f0c096dfe723d836bb95f2d50a3c78ff978059afad1b38afdad1249a319635136cc798ec254aa2671bcd7c09a11653af5e9108b9f3c7672b461e4dd559f9cacef78dcd7f6654067a2aff80f31a324e761bdced9a6ac21f062ba1c848cf619da76cd043f324a921675f8e449144df375eeaf74a393f5151dc0
1787431173.609715 vent discovery/pairing handshake (vent powered) RSSI spike: -44.5
  -> 255 a99e3d3820043c970825c2b3dc3ccab27dcc03400c73d4040b3eea29ed13a9427a3759283433cb8e206eb79bac2081a812ade0fe7c15b86d5f3dda54dc9f93557afb7ea165e908e95fec7d1805c68fff984cf80ef5bf6b0729a2c940d2534149d6beaa8f64fbaedb797e6e683cd0c220721b4694594b4276cfa65eca64ebfbdb20b80d9ff8184ed3973408ef3f27d8cdf17961b21e35585f7f972f031ff00f78ba797b33dfaa31467844401413f47cf843a2301e57ffa3abb1d239c6fde4a4a88fa0694e1b3193c83edd464719270290251c56730edcc789ef6484b26062a82e915fb3e81fe54039d90489bd68739989b3d2c5c2943bfa71b25b1201e8b03b
1787431173.6099951 vent discovery/pairing handshake (vent powered) RSSI spike: -41.5
  -> 255 82d7f6ad1ca79416b8c961cf399f268eed8fe94d1a724a8e59290c890755c8951b1c7ea8d1d4791e93bdb05247ecd1b8b7212ecfadb146b0b03bf1f92cef5cea25a4009ff6fe7470ada05e987f94ccfcabd9809463a47ab828e70d4a48c840f6f6235a87da19a2a996212e6079e345e77be1d31cfa44907daca4529cde93a00c8e9af3dd117e79dd5fcf8ee345875f4fdd0b4ac42681d1e5dddb6cf6429edb38373b839302556667fe2eef6390da89fb8e1fe42e5a9308704563ded02e60bff7db1b3668fe68a04dc790f1c8096867a68e163fac36b68bf6a3a6c67bfed3199380199ea7aa82a353b0ee33f5302d56f7659a1bf5d2a1ba0e1c83700a1bfdf3
1787431173.610219 vent discovery/pairing handshake (vent powered) RSSI spike: -40.0
  -> 255 46641e06cd19a8c1a3a9eaaf7a65757bc58dad9a7c2d449f55a9c14c569aa74598fb10c9c6758ec6b8180ce0957fb75c7d177a468a91d46640db96d54bbbd6e805b61aca4631156cd5b4d2aeb161621abf29d495ee44f3bf543c5702672d00aa84e61624b719f1810f97f32ff61dc8a8bf79c735712b7ce7e4117cc6f6b0d4c6deb6d5d815c353b5fd886eca5f99720f7f62ae7e683bfc0779d2376a73368ef45aecc2ff876664a4313c500304a74d25722db57307cce37117e9e191260a8f834a110b9cc27df8fcc26ad668b748f6f62f712c44815ce5a5f84bd619dbfbdf0c63e590ea7bfe0402d7136ce7c9f9a8dd097ee7936052da45112d9d0db5c478
1787431173.61049 vent discovery/pairing handshake (vent powered) RSSI spike: -42.5
  -> 255 721b3b01818cd77196896983320c27cd829357171789f492db6da496e47cc3c8f98661fffffffffffffffffffffffc0003311b8001f003b09dff6c1801cdb8ec1f8cfb7f01b17df3ffa7611ce6da4773fbf18089fb8f1a701d9a9cdc17a4fe4c5443b6b9bd4b402e3270f7ed439d057fffffffffffffffffffffffffffffffffffffffffffffffffffffffffffffffffffffffffffffffffffffffffffffffffffffffffffffffffffffffd466a3aa3c1ebd30eed5c8a81ee0d49f722f8d7916fb08c6288c9f4b494e86614f50aa2cdb15fcdf4662eb562123c261266a814ffba61461e0d830329e2dec468680199e2965281dfad6d6dbe6963202e27182e6
1787431173.61075 vent discovery/pairing handshake (vent powered) RSSI spike: -43.0
  -> 255 77c5b0cd7d9d73b133c8aa716748483b3cba715b13518d67805760b481ea173d6beee5507ee98f412b753deff81b03f330bbad7e7b5c02019f213d3bfd9d862615ad98f6c6448ed09f1c0ec601781883a9ac6f219ff76f4e37332577da142cbd9d8be2ee702fbb6c03c7e8dab382b9abec517639ab8836cc590f379c9994bb1eeee1f26cbb20827f27490ca0925b4924b493a1e21f43c411f04190071f3c180007d00003f00008885c0007801d84effb70180e263701ffe20c4fff89e031e2447048131c862209f388e1380f008013a10f0c00187ec6448fa1133bce441711f01064901bce3fff3e303244030481e39f0270f2d23627f5bb56ea41803709bf
1787431173.6110258 vent discovery/pairing handshake (vent powered) RSSI spike: -40.0
  -> 255 fb7c10cda12de6110a9bac98c3eff2611a5ba5a62d3d9b2c01dd29c45b7ec972bee5a0f588d334595a50544a2f582594edd823a442f137e532b8af279c2019ff0c22a226837951724d0f591d5645791f8322604354ee18fe43f77f2c7fcdd095d22d070f27fab10f3067711f1304f75d3a9c52e51d0abef901d7cf1c3140c7fe6ca76eaaba6ff746601cae3f1c520108af2cb4e2b2b510872427964a687cfd9242b112dfc5478a45f1e0662d6551b765f8bf7acaabf9ab01e8e5a7fe3eee2dea259d7f7c0e2b5222cff36ac43d37e684d694ca9c6195b405a6ee65b7daebbae666807b2a751f96689a17482905746e351de8282afece3ae77a36b74f853b5d
1787431173.611267 vent discovery/pairing handshake (vent powered) RSSI spike: -42.5
  -> 255 ec4056326d0bc301e61b7a873944fc8e4cca0278c7a8535d93e83df30a80dd60749c2ee64abd7545a88bfb5af59c71a13682841541cc24fc17314e7ea82d0e5fd59847d78b60f3d797e31bad6aac18aa8f34ef37b46296faf814e8fe751765a1f88898da7469239bcc9f390bac9002387c022bc5522fe3ecc595b96d0a5980c7dfc4cc7b753d967ddac107b97bf6d13fb74607f45e482090b394ff139d65d07408ad7b4aa5510dc005e235a6b02f902f87b34eb206be72acf66ad7d338c9434e2ef9f20df20f1ffb381f91962c6f6cc57adaee4bf628f27730d3cf21fdb34ad3482bd569ee4230503fadaf14494f10dd41fe3e1881a702613197075acb1640
1787431173.61157 vent discovery/pairing handshake (vent powered) RSSI spike: -40.5
  -> 255 0ef6e35b3f4203758da8fc4d3181ea2c02842b8b578fe30a3036cef54364b9e0bc0fbaa5f638cacc73936d9e7855ed44b16a0c6685367ebeab52f93678248ef30366a538e8a857e2e87b66ea8b947cb9a3ce9a11d4e084a2bd4d9cafe82881205771e347f0916b0b009499b8888cbdfabd518e2effafd234f6d8771a1778e83f8273ea18f1f2d7b012d1df586b3193e5fa78a781ef5c1f596d87e28befb9dad807c91a8afe19ea8c5c5683f151ed904d56c701edc673766b106a49588a17d6e6e98e7f5e747359f2e3a8e763d5b20a84ca3ecfffffef09bcd6c7ba18b1cb6532799f85cc6a4e965e1e411f0e83e69e2bf93edc72136374b854f7e612db959f
1787431173.611866 vent discovery/pairing handshake (vent powered) RSSI spike: -41.0
  -> 255 f0a8a966f206ff7ac86e20670930827c513df103a2cbc6c7dd6747e8640d998fbacc27d0ce6c1f28351b7b5150cf57c18d95282fdbe6c6100ddfde7b20c933bd09d6c2b2afe91307e1b52eb861c356345df01eaa6ba42aa8e221074f110beba5c6385392d861fc6a05191d2d4f373df17f54fb41f691fc324d0fa7252d8952230b0b1ef8b8eb4a0d4391f2d0e5ae3ceeb58121760e88363ab6dd48e6310343ddd7338140c06a5c1ca261d52d59116f261c0d896cc295f8a5bf5ddf14181bf9fcf9015111bbc70fa111065d5ac7d50eaa78804454162417881f084225dd0a8b48bdf6d4d3b1314ca7d13d0c0a7246641ee31d53590901ea2987543eb09ba20b
1787431173.612133 vent discovery/pairing handshake (vent powered) RSSI spike: -41.5
  -> 255 f74ff7688a8b9ec7c11aa948095cf9f0e3337fbfc00b81a66157a3dd97ee2ecc9aaefb98e56043f7380b100249dfa2737e6ff193538e845af6846c7ca4cd8e31f0b4a5746cfd369ccb77ebe230dd27065b76499688b4aba51c3a11b8dfdc71c7d96fc9b864a2f9cb285be239c7db8009b9c1b4fa4da3f6693c879c6885d785dd66f4b5eabf805582275c6f573d63cb7bf39151844a39492ce6c4a7f2baaff5015e232fae4adac8b16a605589e3b5602baaf0391d294d440f3507407452500f05b37d89c2237d7e4617a0423225db0c02c3c47bdde7c1569c93a2ff3c333704ac25d3d5912400244ded5a7afd25f85085b23b70b832a85f8772b3e8cb18a740
1787431173.6123781 vent discovery/pairing handshake (vent powered) RSSI spike: -41.5
  -> 255 e4f7fd21c3099c0fb5ce0b88f693151c134facd0421abe5c971210c53a219bac381a5f47ae9891763318fde077156fc2938285aabfe9ce04e44731918851b7fb66c79ab0010227aa05a97cd88be5f1a52e8892466051eef26e244b7172ab9ec43240a6e4138643b3b7a5025243bb1b25381028cc9e81eff4d102a0715c25376773e1588029ff7338ddaf20548af3587b67a76e02784e73025e719e601367459ddce047fbfd43c56db11cb2ff6a32c30ff4f10155e6372609908acdb4eea01a7346595b3105c6de7a23598bc23d51343afa73340126f7a3826229e86157efddf75392cf0eabcbb5381a10e5cbb7374fb6093c12498068a3206099eb96fca755
1787431173.612677 vent discovery/pairing handshake (vent powered) RSSI spike: -40.0
  -> 255 4eed7b2a870dd8bc9a45d385c81277d9db18ff72d643a4c8d3f94c755c3f6c011be6e66d26b801d95648267d2bf5b4ed6d6887f639bb42f9e01b53bae0f31694c5d42585868f270b6b30edbf978f091f14330fbe25bc048b85bca9038c4591e76a151385070b0361b12d8f45f88b594834db142c763154ce681823cae4b03d3340efe0ac0f4de0fc7c2454f4244126e5a57cac5ce4cadff5635e9b9b732237f8e8ced4d8fd07dc989dde380ac92efee2c9ce8220a1088973d7601654a99ef823ecc04b9107f81bd1b2c25486a0e0e4843c5a6ffaaffc6b3625d6af646b33d61b48df26a52d708bfa39ed3dbedf29195e1e3c7bddeb00fea9a6a44ca1734523
1787431173.612994 vent discovery/pairing handshake (vent powered) RSSI spike: -40.5
  -> 255 98a5d8acfd650705e8a0fb8730f74454ccf07f2433c52159cef0db05fe1c24095ea0c01647afc7c4091cd94b7707745f07da2dd3fde796e7d0e1a37e3dadb4261abdc2a1e35d24dc9b895f85954fa38655b14f1495b28571b03cae870bfe372e4ed7e479479724fac9ffe4210c8e7c5efb4d06b34648ef07590e330a7ea78f7e001eebaed25ed5614cf921bf2ca017583684eddaaad9d3c644be7bce9462d481f2b8a2b9c878c87cb24445e4ac04e5e6b9537f5e7bdc73a573c42d2b49c76fd4143b10b91e5b4df8f3e3676c47ac7e935ff788abbac28131a869b961bd47a6f922e48e598460eb1d9186a5b1231c71588ed3e105457edb7c0d887b6923eb88
1787431173.613303 vent discovery/pairing handshake (vent powered) RSSI spike: -40.5
  -> 255 1da30a57dd0ed39f1542a068be38141ea9dbdced72b0935bad02a84b7becbba4dfefe8ccc12a6954ccf24afa533acede885bc119d6369695f64f7d0004f5398ee3de2e0cd94da34fdb698218eee7d26a88311d23c7a9b0a3d8b0c66d4a703b153231c771f74b3e851f901a620023018a7dede8ad0b87c314ad8d0326648f997662201901c3be7169525efd511abf3214d585437d2f14132fbaeb2cecb74e22c3eebde9a2d70288819b5ab3f4c637e78f2b9635b3014963a2bb0a2f29602ab64734282c2c02598e064452e160d9a9c6b36860a4c5b340056fa73995a7a971515472b72ad3cdc7c551ddbf710b537656de0e0ce1ea5174569ab750afa372a33d
1787431173.6136398 vent discovery/pairing handshake (vent powered) RSSI spike: -42.5
  -> 255 e6f86c0ac131f8cf19cfb1ec03111530ca1e77bd9a40d2e43bbdf5ca6ed85f685ab11211fc1908b719fd6edf790c3632358103429f4303bccd6a91839b89432cc7f1bd212efbafb88d62cea133839b3ee57217a093c5462a83f3ced47fd201eb83a9570d32a99cfc43970c8b802eb7b6ab1da2e904f33f6aa595344f66315b892ec23bfc83b90a43300a0281f661bec84f7b4fca3aac6140a654803e882ca1c7c90b239fd4e5076a6dec4f4f188db811faf6bedf69c382d554969372ae0eae260101fe92b7754c6643cf904825047164e4d52bfcad318339da7ff88410b6edca8519b9c88e0eefedf0c2d0a2b1a33adaa85447b566e5d13810d2a74d84e817
1787431173.614014 vent discovery/pairing handshake (vent powered) RSSI spike: -40.5
  -> 255 d6eafc67f8c8df6fa380ada2422e986f42b6ef3cb01c0116c4a5b50e3eabad0ca11249691af6834def665926a2d1e7c47b503d8d18884cf25a9b0437ed99db41f515b776060a7b593df21b5f446a694200254dfa463ae499ea9ec3f557c607b45a6149af5178ee0a1c80354f2ef9bcb6820530d407f8a9a323fc335c6ed197095fcc857c15f738382c2d2f11dc443850835f2bcc69a16524b93ea68c0ee981b634d47b41153a00a0d2ceeac378c84be6cea975211ace6415107049ebb8aa5689b49ee4471a2e4bba9db2f2fdfb5eda735d0adc469cd9b49d30037bcd6e2c816e24f583159e306f7b2da0dbf904e08c354807dc9f62eff0e423c40ca5116d00
1787431173.614252 vent discovery/pairing handshake (vent powered) RSSI spike: -40.5
  -> 255 8ee4cc01d5760ef2b2a76142f9f3660ae8a9cde871877aeeaf299a40e73dff7ccacb9943abc21edd2687a5aa7682485a5b7c1dcecf63d3ec24a1dc6bc0a18ed3518418fb48f00fbd23cf6c0e3f092063f97ac6d31826e8dea9739256a7ca4d47b43dfb871c936743fd60613c12b77c9d69ce09dab210a9e0de4d20c0f4137c5ead7874cb6de3feb9089aa738a580fbe9afba754ffa04574e30b36af9f8582bee887cffc6fe9d0bb73d0b227ece7f2443608935a560f0214555ea20583ae78c286c66c573e69dae652a342741ce991e92e38ac7342670089505aa5b56b830972fe3cd60c5b36814bd29c18cf6279c24da6a31ad7bb91240f4d53c428aee4846
1787431173.614538 vent discovery/pairing handshake (vent powered) RSSI spike: -41.5
  -> 255 e12138b73846fa36b3b123c994820d80bdaa7a1681828cd97347fb37cbeb476874fe60dfb7a0079bffaa98e081e919d7e15c4bb698c4450cabecc76a922b1a2fecc3113915abefb0458b7219ff6cc8b948e56f29d6200fa3af9235d381eda13086583ed197e7aa20a997c253496fc7d9bc00a6b827728e3a5eaa05937096e244ae81e074055d8e925884f480f7986fa55f890396f5c5d92009d272728a47a6c026a766882c2d7ccb740cf9340fa6f6bf0a4c390b95c3d8c1668c8ad12cf87bab73d880107f764ab792cf6f1011b85f10bf43c140f3e63e1dfd67a4ab2e30d2f25e6789fe26967930c0e0be1d564fc503f9a0b5361442f0e578400ccea63090
1787431173.614789 vent discovery/pairing handshake (vent powered) RSSI spike: -40.5
  -> 255 0f1bc61575120a07a70af735fe11c2ed21cdbf87373840dce954f2a44bec9290274ea252d7d879b1b3566dc5e396d483cf3dd869d0295ccf2ba1f7fe0004e010829f4f70a7511ee827082192f7299f2524be1ca4bb70bcaec28ebfe0139674b40f1816a4acf5f759eca211ffea4da3950345ae023e3e232511429bc298ee769c47111ff967446422f57a701b0d35ec386539f6e81469cec404d8588978a01aeb9bff95c83d1ae901dd26c26599583dab1b12e52db1fcf300435e8aaa217ade917e683d15b7c4481729b593025ee6f9dfe538612fea02ae7ed6952f953605dc264cc1ebae44f2d4611571783aba7d54ec33fc60ced62bad5cca0ca17d65ccd3
1787431173.615055 vent discovery/pairing handshake (vent powered) RSSI spike: -40.5
  -> 255 4acb51b22e680c22458f0005ac105a3a15253cfc72ba6114a5c675622d877593fa9b459c107d71927d786c7f038193426e8600b9737cc582890639819c5d50b304978ede22ad7fac771c48827e6d1921cbba2b506aa41a3354a7cf39ff6ce344479544af6a1313b8cea305a28f79b6306e1e1eda6bd9e930222257048210cf49d9525d7e8c46fe5b4cc6941a725f1f7829d0d96eb2c7f8515e5c45b8fc47099fd66297feb2badefc3306b2150f70562a8fe11fd929121fac36b250a38fcd6d52ebf9f62fe420b032179301d624e2e860a7ba9bb9e96a7695e18439e25158f91d0d7c83f4492cf8f0ee830f247c9f52912bae15dfc0c96b0f13b8ea455c6821
1787431173.615277 vent discovery/pairing handshake (vent powered) RSSI spike: -41.0
  -> 255 4967787bea11e59e5a626c1d5b63a1863ffb82bab9c5fed33c5ee81e1d7d3aff2f602d49beef9b18b8f6fe378ac5e879d818dd1f73f38f5afcfd84bd1b60116bb4d5b6b525e6cf009eda6d81c53eda81c94fef79eb64c7240175166d3e8787fabd1a9ce68b3e132fde04ee9a6b8ed3fe8cd66458a874566da13523b7d03cbb221448580f43c5cb1a0cb28fcd95f000935f8ad2ff8d877bee83580d781a5d9446845b6c0f2869ca6608a880e7f360427d2f5a58e05a55da900c7e684837c3a5e973f0706c7abe19c45c82f619fed430f5c607789e381023a083a06531e0ae10b410abe43fd25d146c4eaa168e00af105fe082be846b6430198e20ddf8a7018c
1787431173.615527 vent discovery/pairing handshake (vent powered) RSSI spike: -44.0
  -> 255 2fa73cf680881f00f8dc916bdff7bc1fe8d18cff204c0b08a98723b61bb48c0058dd272517d23950e66a58a79a6e1f99d720a9bdf99595fca17cf5ecb2d6c72a8642748207163de33a4175fd19b15de0d696112dab6b4515351a86a086125848bd282d7264f6702ee920724b8eb45df9152e9a8e3d4aaf2de5952a4a4626d7705c35756e9a65b791d0bf0584a74b9698ad25d0860911ade440bac13f61365e7556cd8d2f6c03b9f006605e4d5c77320bee86fa7a558247b4c81abc7eb9b6fa0f4732d36bdb9d164174ef8fbe3a8005cbaff8435066f1edd62a129c7db7379d1051234a365f3694907f76ade86d65c03d0cbec1b1614fcb2ec340f2e0d98e50
1787431173.615793 vent discovery/pairing handshake (vent powered) RSSI spike: -43.0
  -> 255 20a7f394f9e17c10e13829a7debb39b3fe00780d55b86a96c148a02239b12c0f16f96904530cc122628e5c9ae96ade497bff559e56d0fcc427f77a21bcbf2114455f9cc0133b7854da8750eb2042baad77c311be69a837ab58870b92ada525984a50a3995c3a95c88b2b901cb0dcb8d02f657632655dab654b603bd76ece7aac0f6adb4e8a0ca6be2c72f8b3a761df128210bcfda99c5529d31918aaf271d86aacbfdfb291789a48df68d7114839d0f55fbdc6c8b291ab18c3052a4c341bbe81ad549579b2fee96d73355a3e6559d703abf778cc10c57113f93b1b14e35a45b8b8e8b01a59a54bf3b7bb487e11a62e144b54dca511db4e7f27d6e2025d05d3
1787431173.616138 vent discovery/pairing handshake (vent powered) RSSI spike: -43.0
  -> 255 e002d4439758a20d2b47f60ae06ed0f90c9a1e835edf3b9218770cd275b95b478e471acc5be6c1352350ce18c59e3a7bc97d2bf9d0b609ec506780cef424ca478be4035e409d4fd85f6beeb5fc045f426efaa02cfca7b72a8e635fe43d808f6e67cfa665ef66350293110319e78b5129cffe2b623da8f013b6393546518577b0c7856146b1d602296c191f50b74a78425c38cdd525d07f92a4d3a0b3a3f34670048f628f41f484413600a594bc43a15608ebe5cebd6a7d08be1df0b32af2deb38721277ffa77495d44e5bb8d138f563409578c462b1f61980c382b3a6f4cf9d97d9efcf85e2164e9bf5e0abd3530734e0ebb1738dbf00d9cf468a8c44702a7
1787431173.616391 vent discovery/pairing handshake (vent powered) RSSI spike: -39.5
  -> 255 af849831ebca6385fc4e421febe118256fdbb27093f47fd6d7022093b937c8add6e95fd3f5e24fe9208305ec0b9fff08f4167a70943d7ec43c8d7416eda8805ac5b95ae88afa933d3dcb31ea1cb3e69fdc8083cfae8e2418306e55fc50398fefaec933a296baeafb3ffcd8d89f815df32233f1b5ecc950b7e3d839a45d52e03e2d124666402f2c4b4d250babd12c2bafdb313429921d69172d84b9ef8a99bf08807309e5396d2d7fe3e76eb461bc761d3e5edbc229cb9a4fc23f3b272c4a81c8d5cb56657d05cb6593483a9e8bed3ca42fb8e2b1640ca34c3f9c9dcbad377b7348d2d30f096d3624cf04ac393c981de88db43ba6a1be9d09f25644ac1351c4
1787431173.616668 vent discovery/pairing handshake (vent powered) RSSI spike: -41.5
  -> 255 2c5b5a2b78ce6caa8c9fb598d5fbf90a5037634d877e2e53fda17f4700e9238446d2dd009f012455cd56b84ce64fdc01e00170ba21ed4bf73673b23c9f4ceb788b98d23b2a39452c0665121cd09b916410169432d823eb51976306f13e03a9e5ac640e23163267a1e714ca743416ffced8226b35b7c97a6de691cd05b2e374bb489b9aaac1ce5486604c8de93ec731fbad8241cad1fa8ca1c9de7658ccd1c17059baa9b3349a18251fbec5011337605fe5f10e29249aeead25812fc6e0c914eec3121083f6532f4630cd1343e2deff2c612ce14529776b052256a41261620a94fcc6414adee12720bffb0c13700e9f3cf705dd9eda6d4562453851459239c5
1787431173.616916 vent discovery/pairing handshake (vent powered) RSSI spike: -41.0
  -> 255 12d3cd9d630a59461e1570d07d7af98bddfbab7e0da93697b40c640fdfc825fd853ada863d0fb4fccd8bb8ec5012bb79e4a39ca0ba367ace66f93f4fc7d11da6dba843f2fe92d619145da58efd12c8af2f8a48ff71b1f1fe3416ca886640c10f8570830dc5be78e65ea97cf0d6a06a16119db1d08698e48b7b39f7a6f3f286c7eec1168c6dfe958404158b686137854df4cda327d1b0824661bbe6693dea70723cf29c4023b83c8f62b0039a898c2e745d560040e78225c112417674bc7cfc3ab3774d0e2ecb91220c84ef48f8cf161511d4c0bb433b0247aab7157aadcad4195f60e8fcdb15390d0da8cf30191da5574c2977f985979a4ac60c15f0b955fd
1787431173.61714 vent discovery/pairing handshake (vent powered) RSSI spike: -42.0
  -> 255 853810f626e68a585b19972d12860cf160f6907fefaae626f2c51d0d1e903b446025e360732493fb471ada87ce8fe720c0063c36df4ad7782c732e3aa4c13e84351efca5f5cbc8c836508511139633d5402ab45fc06ee03f4dc270ae2fd8a362632bd088d1d73ca98623408a993e0330302ff80b98761a66a1dc02824ba3ccb28c1591231e97e5a95ebe7078bd1712c0ed064c1deec0770c9eb6ad1c92497e3ea1c90dcc0868917e07c32498c7ce79d217334df612d405f53b1a0a36dbd28a2fb8c9f9862d41ad7de849ac4815960d9058322810c172a5d9b66468b7b7f1686af2fcc07da8fedbe7d09da9a861569ed7ec27c3fdbdd37ca8055cf6460f0be6
1787431173.617398 vent discovery/pairing handshake (vent powered) RSSI spike: -41.0
  -> 255 7515e706ea50f4d3b440817b227e9f0028c668043e0c9fbc5ff2bf52c6eb69ebc1cc7102d6c5a738045abbda452210e4e628fe81d3403455c6108a8b9c250501cc0aa173f9ff4c7331a618b8a5a3a04fcf9f49668987979e314ea8eb15bdff1b7de2fc8f696622f411b4d2759c2300b454311b9e56754c89de442e7fea823b6147c2cd8174bd1540d986a5fc9adff3470a29d0a301569275b7611393a644114063f5a5514123231cd8c90aa445a01f7fb6e95ad63761d6f75b86aece49137958ca5cad5f6cebd09a00168751c52afc1bbbd68c76902dab4ec79d723b462467f0a9967dcba837e4274f3c6ea23d0163750d1a5386d19261601790cfdbad498f
1787431173.6176472 vent discovery/pairing handshake (vent powered) RSSI spike: -39.5
  -> 255 cdd076dee80f8cbdbfc9e979f110734f6268be8a193e0bc16fc41f7077c7e053538cdfe00b884df25adcc6eeab0a7af9323993c008e41fdf969a4dc8bc7618b5a834ec80123ab6e13c55ebc142cdf44352c08465d4a15bd297e96a03aab916cd1f94c9d54bb115b095e3d5f1bf29a6ae9b314e43908a5c2fee5543d7395f67dd2b47ae4001d17adfa97b348344150fc8f6dd58af9e985af5a9580e5a854c6b2b14260294a3148982469fa595dca030679541fb50753862a0cfa9afcfa3c1d7f24922707dd0a74c1cea62929cb9fe3399ab3e6d2723a0b54e5ca12011fa57fdae22cd38d4d0db325d8c66d3d447f45d930182467f5dd162299f81c342eac3b9
1787431173.617883 vent discovery/pairing handshake (vent powered) RSSI spike: -40.5
  -> 255 f84bb459cb3fa56c4425eec497bfb732ffd3141264b2b73a373666eef62cfc2e5ef9db7134a9cd068219408aabaaa53954e3b4cc13f1e8438c70cb8e869c1d5a1a38bbc240769abfda44f6a5958af1578b4b552f7491630aaad779e049f1a4c7938f01fb9fff1bcbfacaf077f574fc448340108e38a05bd69d737c23534784734ec3790f227c78e4b5d639a995569edec0082d03d81009d726cf24b42a6cc14ab37d6dee732033e871342efe02ff1b8582f61634907c981cdea1807e9763b0c225ff301d272c56741a00939f54143241dafe258505475283f9c168f1820a186ac75b9405fa159d67f869a211738f9867ad75520a8b7cb18e1f718649de9c1b
1787431173.618145 vent discovery/pairing handshake (vent powered) RSSI spike: -43.0
  -> 255 95ac0f37fde83998c7d7eff59fef71cbc71118c269dcfe95420b6175076ea4e21dd8a235020437285bcdcfaf5327760b7cbda6e58de7636c4085f1fa9b6826308a15b9fd55ba8cbfdbf6d917686edcc2dbb0da802545e7bcf1b3e7e80c447a51eadf19a0b414aa1f553660e2f0d4267b7c9ea73ebde78af23d891561ba83429c0520fa3484d042f7a4c2508727e74ce593f04bd2e6c52feed39f682b7b3c5aeca718f3dbf5d2b5c21112599fb6526792aefd20c9814b94d7408f18fed7268e56e0775486b9669f7bdc4520155c8757d9f0ce04e7fb1e23664e9e86e106617c3de4763dcb7b14f160041d79a3453a3fb282592ac23b206c05adb5e66b7bdac9
1787431173.6184042 vent discovery/pairing handshake (vent powered) RSSI spike: -39.5
  -> 255 3c6bf98f2f17d4f1026c60e923ba4ad354f88a2a2ae97986689d20e5dd5fff0d512c9679aee05701903e2741b97a189a3e61a58bb2716773c09f19368cff5e0b45abc7e359219d5fbd0f5805fe6d3ef632a4fc1f075272136eb673510bc7242caf2b60dc689d24df485eaa0c2b0aa485ae4a0e1287adfd40c9bd0824bfbb8606165823b9172ff3ac3a3719b2c981c248e6871ad4a258f141d8ef06f263c06313b02721a4d38b7e221742a63b9fe1f7adea9605d3deaf0746fcc06da5f2a07ee621056454099d7375362aa3d1ecb8b21445785c3b1e71532d7ef3f48a7dd17265170ff6f4abe4f4ab629336c103d8889ed575c6160a6e76cf04a5d5aec11e82
1787431173.618641 vent discovery/pairing handshake (vent powered) RSSI spike: -41.0
  -> 255 7d482958f8d89955b72ec2212620d26a3a9827a732e64a0db3f4be2c14289403d77d6d8980f63d0dad1bd55622c437d39928c59f2cc8da7f7b209c0721d2591d826fbd64f764c7cef4420167b53d1e889e9e89a555d8903bbaf523be74de17fe63ea4069077a8750d839d7f7a2453a5e22f75b6f7873b4cad8f5d695bf7f9dbb4bfa42102259a6a9f488c191ab5fb0f984f51d72c3ecc1287ce628675f085d9eadd67293b737ce295bd29d82d1badcedac0fc6592bf64a83dda2442ee3c3f02c52431b0320676c4dc73622c56b40243a7a3311173adf9cddbf8953ee3ad15777d45c903d72142e7b0b3fec585f2ea52efeaa74563c80d1e392aab2a1bd5d72
1787431173.618878 vent discovery/pairing handshake (vent powered) RSSI spike: -40.5
  -> 255 f7fa55cba39381bcc43ca33a3a6ffcae5dcb567736c16607d1285b6c832c6b71f3b17af01d4cb4fb7914af42560fd44b78cc1a25d0d83b7fed685e1b7597d1fe4cf512ef05a88f5aaf8a4f682f223bb39e6997a5c6bb57a18671943fc36d99ae4dab7e4f7300841a7dc2b59cc2f2a8802eed10d0d5e3a3bee4c28752de59de15fc7dd89eca1db7017c3697568e16fc1634b5d69e9fa3b1696cacce71bb50e83a9d61bdc143b9f857a93418f82956ff582a0e52784c5e6ea80f583ba066d7c61d35f63b9e5db3d64c6612d7c3e83bd743867d08294297fc860e287b54270f84a70f37b8a8280ef6777db9f90ed54550191523184544c27b9677e054b2552c20
1787431173.619145 vent discovery/pairing handshake (vent powered) RSSI spike: -69.0
  -> 255 893e140f3f55378fbab0fd41e35f5d6b7fac44195b6650b25bc5a5272e98d3303d38cba1f7232f9d05c10b094ed98cceaa50aa75a610f6bb39469dbcf6ab0664212cfe778276430ba8af333e9b420fee0de4e4b62b4fb916cd3a1e148c1c6c62584950cd8834a109f12abe60066c82f9b539261b7e7bec3735eae0d429a7494788080917b39053dfe90a52df550bb4db7291ef79af6ba06ce0f323408f333a3a266e618b80656b38060eb020bff0bf0be9d7e831bca6fc43aee2b7d00e0b47845f2639fb40e22267c1e76f29f2c7c0b63915ee59b88efb116e48ab5e872063b11da1f697cdb2efcdc1364669cf7e084f171cf79609def2dcdca972086b4b2d
1787431173.620908 vent discovery/pairing handshake (vent powered) RSSI spike: -41.5
  -> 255 f3746f2329a3a48ec32ad1576df0fe2c80b87a6da3b0b9c14f1ad2ce7371327c4b4b8a43dc181677e69307c455b3da5cd6444987d5ed3a4a76fa7ece54c11c21494b04c42d7443ada050d0a04a9c44e45e869c8f8f3ccffe0dbabce6944ba8bb55033440c53c2cd90bb66f986eb574093a7f39753fa11c01477b34b290462b6b7c4dce8cb157cf90ef4ec74a38f4c969b16b44cc02edb05f644b40249d935bb0d6b3c64111b8b20b0c78a65258f6056d08155a1d5449b14b7ec7893303d02c8b3052a22d6b2ade071a4f035f0265c6fff234033cc611cb25ad3d8ebc85e421d73b6e0684525cb0aae49a711ad6d943252f17d4e8ff06ef2e3ed447cb9793d5
1787431173.6211488 vent discovery/pairing handshake (vent powered) RSSI spike: -41.5
  -> 255 1ec4a2891aee3612035b2db0774e9e17360b9390a127e3c446b427a41807c289eb0ff5dd03107c7088ccad7732a94bef778fd39606c39d451248d3ea8da8f1a531b854b476f1491257deed96f575bf4df7fddc2ae2f968b9bef83a3e5d1dbe275f28e15716a78eecbed9557cf0787b75ce394c21ae81b6914178669c41571af557f399f89f1c8b14e7c82db44abdad050df483ab6f063664c66826a5e5ba4d910bf04c12667e5d951a5c13b7a2e27fe2b14c4b616b1901692b7b43e02e73b8547080cb6621e503add9d3902fd1927438e620031e473f64c70f2ec5e29dfb3ac6ea069fbb43d7c2384004834541f593dfa82391466f8a52e04948e57ca2924c
1787431173.621411 vent discovery/pairing handshake (vent powered) RSSI spike: -41.5
  -> 255 2e317f4089a16152b22085bd479b5d79c265e9e4180c7bf58969240a7960e03a823a95ea6479fcde221b4e41abc62f64b4801ee129543febe5193cc072617cdc4479eb421cdc1b76a6e724d561c74fcc7e9d880e0184f9f63dc8f79f26d06bb179035f31c8e3bd1a7377a32ad860301f659efb1e80a2f1a7bcd2cd511d4d30c898460400846893f8424aabab16730b7452179c8821642f88782ecf85206a0ffeac42c78e18880255c031caf4b3aafd72677da3f028b2a750c5efa9a055aad5b75c14b4a0e74397102e99484f4e69904c14f80b501462e2061f005a47cf630c6bc017a6f3dd92cdb70f5c6f6b020f99bc79f8c5e75b00b370eb1660e1fe6305
1787431173.6216278 vent discovery/pairing handshake (vent powered) RSSI spike: -41.5
  -> 255 a53f9c8371d274a67959eb1a345be2854173364508223aa244ddb5aad006c611f17899a9922b92e6ffcf3d57a98ef7b797ea59a0163b91db0e7c443c49d1ef30b53fb7b669b1db6eb0e53005b94bad88279b8a88443ecd5a0f7de03aee1369d64ecd106da455ad037f2fb9eb905b4fe4615fe2f1a3b7939dd0220b43212f8d0393ada341f204e3e876f387f9d5e5219c55c2a56ffb519a0787da16c2df06f94dcbf2f896d804c962e6a893f0c9a56132317490a691b2e42a518799140c758cc5f84282a742422b9de58b1f581ed022b0e1d6467aaf3c95eb81749e089bc1cd5f1f43328199794a09c11e49c54613675af63a8807af45d9917dee7f6d706abf
1787431173.621883 vent discovery/pairing handshake (vent powered) RSSI spike: -41.5
  -> 255 2aa59ca231db1717939bfbf3287ac147c5508e3ca4615dd6baa4adb51b1f338c7e7a960fb579e831ae08011d29dc58042ebf06e93e708c21432a6db4ce60f28567c20ca3367c8f28357034e12392f4755653a678af98e88e7461ab040e05e1f99273f6479ec3a473b80a869279b2e838cd2008218c0b6ced79b6c60c7547b2a672ca9fe9c5f1a44e78c749aba139dbeac6393f46f1e5f28c7bfc15306c58cd4e24fdb03b02e2fbe7107797a5daf78f8623e596e15aee4450f2a17efc25bdaf8d536cfc6093aa845c976d5307a3fab33d1f6d9f15037254ee39689f7a8cc37eadfc9347a3a1555057b6ba6a24cc2ef764be6696bb80ef462330c70c35b991be
1787431173.622145 vent discovery/pairing handshake (vent powered) RSSI spike: -41.5
  -> 255 e10c61965d6d09d7b85c48392fe65406a9b522406c1530f2931f07e5fc4e58c450b785f6de96758e57b94d0875d5808cc9ce36edad95d0c5f8257b946178638aeed97374e8df1f41f20c5ebfd174f101c11aaeabe6ae1f30f2be2fb2f948694703a4bd68d4611032864f9015c536d7d2e850443bcd33597f2e1e2ea0e3ab340d871f1209bb83d66386c089af1c7fa4a405c07ced0dbd349320c87b8c01fc02975d05d4fb1b51e8147bd336ac6c28262af60230c1d9bf246791f2b04f9d164900592f4d4b5b9366c22eb9fe45ce26412db68a6029e53571b288fc4a42c72cc1aeb309d41628a689a664af0d54c9264910f6756901e30012ed10306cfada8521
1787431173.622438 vent discovery/pairing handshake (vent powered) RSSI spike: -41.5
  -> 255 77c4bb01fc9469f009348a3b5b0c5e381a4430d896a771c9e8441fb5009a05b71768b4c6d74477dea7f9e7df5d7d5f0b8ee51b168fc998b36db094e4236f495730c6684cb8bf8ce83b7304401a151c160965c0e7da81977d165fa77ffa44f26da1f23c6a0bdd8898c4f093aa9d395bc39c05f8cf6110c27d46c7bffff56287cfd47f962f3d968aba0992c31798b0c9c11e3e161c0af878b2f169756c02bf8dee05136d6e0a19edd18279f3de8f5ded827942de555768c837e8dbae153491adff367b4fac698850fc615aadedb90fdae5b153565589e7b2b91a876b6cf0d3f8815b7c5ddd2eb3cc32dc34fea0665a935cd08a191e5c60d7dfbbfcb6ae104efb
1787431173.622721 vent discovery/pairing handshake (vent powered) RSSI spike: -41.5
  -> 255 ec20192d1ed4cf551b32a20415aa93c6cbe4c009ad5c0875401207acd5828adca69f2c9544bc8eb51bb20ee3aec656100ca88bc9bde470f3c9c59e57fc914e26ae4e9089ac084f0c0b6b87d56c324ff1737fb75c18b07dc538d5473555b5c4f07def4db9259c6b491e9fd3a60ff5e04d24c60180b87d7e2cd8c82be7d328f9d9de6d0d653d29c3b3082882cdfa904d135fe55d350f16f56f08b4a74b7a72cb5a76b78a3b32aff074986eb403f97b54a934fe6e97019e18fa882d067f94497ed05bff42c785206da86dae6aab56791f152275a771aa90051792dc0f13a7b2c8e9055a9244bb2f839c70251f017fba26afe499a72b15610c4be2ff769578fef9
1787431173.62305 vent discovery/pairing handshake (vent powered) RSSI spike: -41.5
  -> 255 d4d01ebb26dab815ea1ffa255c3589f303c0d7321f85d740d9b8a89738b1df284c0735034ff5c58c69fdf97dc873b6b126549910e610a3f8a999d2cfcbb68e7df7609ca30655d5e831ce5b80babd0245d0961167466ad25ce105351f6db87fe64b5209aa0cde9f618b5b28042edc14b8c71f6dbc25b12111d1721fc4f35790746a065a304535ae2c631f33e9efa3e64daef6a6fcd37caffc12e983962648ae89e3eae38d39f5af70a85c16f87129b9474681a1affe939e59683d188a69dbe4180683b67b601c26029d3da6b7779d709f53833925cc172a2ae88cbcc5bd614bde04bb0e831a86f8ff2181bd42c05fb68e552dda6a0172594a998792bb189110
1787431173.623306 vent discovery/pairing handshake (vent powered) RSSI spike: -41.5
  -> 255 f414e9f6ec625bd129e56cb1553d9db8002c50168477eb9a61ff3f9590674b28bb32f9c42304064cee156ae2bca0143031d8820379949ae4853496a5c71e0c046d943cea1b149b62ffec807f4a6ae8c05160dc790f241154aef7a91b347a232612fdebc546ff8a9bd60931d217a4d31b0c1831eb31bdbd34ec30fedaeb62832ce7f452842c49f83e548c5a98a31f03f1406764df3159a48ef203aee185c099f7401abed8806607c8749a2735e0abf40b914721afc6768f1b5941963547f950106970d2a6e25f93820dc770bc166be756333d5eae79a5b6fda7711eb56e724c0618035a8159d2f07cf5f08f7cbff3b9ad8554299d44d3c7411ded4ce6908cf9
1787431173.62356 vent discovery/pairing handshake (vent powered) RSSI spike: -41.5
  -> 255 493ac52e9c6713a88cbea8d1faad2c3dac5ac11eedaadb2538fc4dd5d06fe39274371d6397b099d0e69cd32991991926ddfd12a28fbaa67349535f3319a0cb010cb87852cdc840fc4a807606e3b8afca4d0461913d057ad165ebb437878c3d864b25a4a188019eec645ab08cd8c6128640e04c7c6d2c28333dbf72d72cf3a2a51a0d99ad5b335a458b3bef71a35159582ee0f4b94a465843b523eab3d63ae856d2e17e9a337e7b7fd4587fd18032b7fb34e3301d371ba2442657fc6df36107ae16700fed565983002f1ebed7e763fcced47130fed94994d9adda7c7f2729d5dc2a10adfb72acae6426b4116c3cf43eb7c667d6598812f3a91fcf5debae84f8
1787431173.623793 vent discovery/pairing handshake (vent powered) RSSI spike: -41.5
  -> 255 06e3453314bcaa7b399247a34b0c1e0b209d0c858e22094cd0ed6a10bfa8df411d1ab4578d16bf36310d6ee26d1cc104651e24ebbe65dd6457fbedece8f9dacb929ae8a6ae0e4324d0d274e7c3dc5fed927ffda5aeb809b45926e63ea18fedea41a100f8a1db23718a24f1c0dac581dc12d6501f76f6e52f651ed0178950e4518bff1191b6cb1839ead890acae11a58374accb781e01b9e0698af1287e31ef7e30c4d3c57375b0f80626071371fb7e631d72ab23c76391f46fc63bb7b9ec316527131cd18f483c252e52b31d1b149c8b6d2dd976259128765f2898bfa820ec533dfcedac3ce9ee8a1229dd2eb6786aa5b25c4c940eae93eec1eb379002b69d
1787431173.6241019 vent discovery/pairing handshake (vent powered) RSSI spike: -41.5
  -> 255 4f9f86b263715b99ec868eb6b2a6416bde20d852d669098bb4cfd07399b09e47e692e1bd2882584fb42d3ff59a0144bc91266f61bc32c51e7e99b54dcd42eb706217f2e8ea5e4a1a16be75408df7c4877570241f269dc1e0dddb0753f279182f3b2348686a25ed91c69b1fac327afc1037964d5df4ed2ea57aec433d12c0788adb89641b6dcf005fbb9f7b38303f9fce4079de3a766497af8a35295709f784af2b5ca72b0ce73b2ab81823589a7bd21338588204cb1924a96ceb2005f54559493e6bd24e53ae249c3a79c01a35278587a4cef05a43957786690b67b1dbe9804a59509c60ecd2e899b3ee48ee871663e4e7f321cfea703e685f46c07bb1fbec
1787431173.6243641 vent discovery/pairing handshake (vent powered) RSSI spike: -41.5
  -> 255 40df9cc8f5aa80e9f3612e6f860ef36a6e8fc43cc5eb8f4381e58a8ee1932d125e677158bdc04d14c45cdc35d742a0e3b716bb45be2a09c0a31d7072ad31dc06900de44a21268cf8881418a944327f06527e6becd3daea2fdee2eeabb5b92224eb6c50b228770361036a03d7d8cfef341d3a740388d92b47ca3998d842960aba77f1bc1e8e82eff581fcb7d1830ed7d82b47a100a93cc0077db1bcfc9d095555b051e98070445ec0759e6c22d786abdcd69244fa704eedfbf8787bac21c4bf199d70fe634b8eb456adff2ffc80c26b62c67bbb5d658f9c6737bfc167880dff65fcbf327405c69493a7c0406da58606b64073cfa5d02b5fdc7985f8c7d3b139
1787431173.624614 vent discovery/pairing handshake (vent powered) RSSI spike: -41.5
  -> 255 7aa3dbe6814db9c258c6a6edfbc4e2b6e19c67d0f0958df9ba0a832305fb549e014a8a794afc76d4c3116a6e006ec85b506034860a66c0c06c0f946dee5ea2825ff51ac340446e1da5423ad299b54e971bdf539efc441675940acbc767fbc7e85ca4933ac716e0a1caa6b5fcdef1c0f02d4fefdf31a2c31991ee28abf01c54adddded91f0c073e25b54d13f93cbbaa5e3fa952ad1260a25eed34423d03d817ad810cfda3213ddaeca574135400a04e801c5cdcae0f1772597f0394fe3cb4f59757194c05dedbe81ad72fdd6dc0e3f7f57f4adfd0e50809c90617119f0bec5ad8216a7375ff9fc990d687748caccc8b7e86774e0ded03624bcd47adf18adf9c
1787431173.624871 vent discovery/pairing handshake (vent powered) RSSI spike: -41.5
  -> 255 0ed59d958c22e20f2fc87c166b155e89b124b38270c2ba6ca898d5e74227af27f4ed721f7c641303c1fd9b8d3cb2dc93be2650550474a3fd9e4acac6ced95169b6477b588124622e5209ecf8f453861595c96a577508688398ff9f3dcfb2ce17d601c9f3b2ed46733ceb1f8dd1a84ff85f800fe7405b1dce230ca03fa5f004c7b8d45fe1e58436f2c44e41829136d3fcf502895d9189b2ea5623a607c33c80156cbe402365a6eda3874119065a1e6f34dbc7910aeccf21c05ee913522a2ecce69b389f58fbf88203ddb8c3c8ae3afadd6f77da2ba1a1422faadc38144620b0504713ad8e031935e992d934e09e3e385dca52e1a6ce8d8478ddda673aaf0f15
1787431173.625154 vent discovery/pairing handshake (vent powered) RSSI spike: -41.5
  -> 255 da059812949767e0125b14959dc39b4ce16ef73c53c9dcd8d04c253ec96a48ded5aece96a84c7b767ba1a288d678b152f6415de11508e58f1249d1d182018e8725cff8afcc9e80d2677173018831ed324c4f04de1b07543e2776b1bf354f5d7564870d94ab5be65488ee00d4735f071bf3b44a52f23ee741fc90df00cf0fdfe24d7390d98e9fe9222eb1ffc03446c7c2933142f761ca963793aac39065de410b2364a38c8820bbbc2a0d78815bd025f506d5a3109d266a0223ddbf325d07456227ba78f7898a1f642beb33c869f4166a795d86f74e50c068c1518080668f2a884296eee179cd17d204dd735a0fc3a8b5057fd877a5bc551f21fc364a07e45b
1787431173.62538 vent discovery/pairing handshake (vent powered) RSSI spike: -41.5
  -> 255 bffd72ec9f0a8c11fef16194f5ad2386bc1367a54dae3a24c84a6c56d9a82219600b6d9f4d79b4c0b36cf7538073e161afd78159dc30e104d74d6818cca058b4005734936084ad668e8012de91ed3dff5bac9b4e9869753c36626e76cd8d5ce2a2e6cc1b43bf2b8cc30244e5f8b0c0ff194aa6378dc7441a612c05204b4f790ab246787e8506e40fc491afd161dccb615e635bd20c74b2ded3dcc4d2ad7e4cfe3639c75ff5f338eec3a2b196a2fb9f9472461cc309989601734101e23cf8254cfec0f1780fcf627e9c948761ac777f6a27a1d237ff20001358bf66c0a11e49f8853d950c149989127549c0b4a778e24ce55943ff60dfc333cbd4cb0bc8ac95
1787431173.62563 vent discovery/pairing handshake (vent powered) RSSI spike: -41.5
  -> 255 3248efc31d6ee50e520987962d4a27f1169ec4ab17851ddf64220788bd8a11935c81d01f32264925677b6145b1ce6d850b5b082630e5a9ca0bd0aa2cfd76816f7f31336af3e5f7f8467da34afd97221a8d5201c9d7be8cf5e2b878cbc3f6678c90f41a4a4fc009a21d2a33af25c1979ba9ae0e79a3711bde40fa54a0bec966593b6597cf7c6503e1348559f9a65ee64cc6a97a9dd81b7114b31a65e383f28601fe264ace5c00f8068aa2e6b92fb431c1f8b7df7458b3f87864507b2c001fe7d07310632c393ac6821f9afa9e01cc5b8301c483e4b3aad6accce1232e2448c05baaa4e2eaa0bae9054e2644790ec59355fae2c68ee2941f535f689a9fcd796d
1787431173.625909 vent discovery/pairing handshake (vent powered) RSSI spike: -41.5
  -> 255 f76aa26976823be630b14abf7209ef3cae41ee1f0ee95f25ffec8d905591b0d99c1991fa679b6c6a74e5bd90f00f6bef219bc5ae8dd035bf4cae6cae36743568e4680203cb3fea8d2195d61779ad1ad12469474b1278676e20d99c4d0b1c5f716e752bc0095125f1e052c267dc4bf66c43d93fd0c70588e0ee6170effaf14054a2b3775f1e1830c3a2f42b821187b634161f35f9ab9eed09c66deb5a367cc49fb47301845cef9dec1b9dff66232c90d189ca4bfff92457b7b64557ff81fd0f12f9a4792866fa0a4a87dffa8a7f231809539f72c6ff662cdf2f899534be86483a268737b7547bc3576e8be124a3ebfc4b8782b4a39ff3e8c8fcfb65163397d9
1787431173.626179 vent discovery/pairing handshake (vent powered) RSSI spike: -42.0
  -> 255 75258cd84ad4c354004e4eab6aac1c9a962c188ad0498917eefb2bf373ecfa08567adf597da60e573fdb0d34dab59cedbaeae06e207950f6d9e2e6356ce9d6fc54ad7dae251f2b22347e714890c0eaea7de72f6ea6adf7852de747756cd1820dd66737e39bf5cc7625be4a5c5a91c0cd550e970286ecbac24f6410ef4a73eb0a62fd10ed3b99f361d2330f5b7aa4f2cd8ab2862e6fc3d75257583736e0da634e04561bc87f944158d84e6939d086b48b1494bc3a8be0530979b61660c868e659eda7ec4a787d761bd7b1d46920c773c96e59df002defbd05eb8c62803f3de906ea275c2dd454063c98b18a54a4c1fb2c06791eabfa06d7b3f50cedbd261299
1787431173.6264389 vent discovery/pairing handshake (vent powered) RSSI spike: -42.0
  -> 255 cf34c9fafba905e0c5c0381ce6c278b35d6e5f28368c30ea6c523563ad7c5a07dbe1d83104a20d5cbf2209828669ffe42638e4c4d15824756c78b8c594b3a4f8a53800458fdb4592273cf28933ba528744ff068ab102b25ae2536a3db282be700abbc5ba0255251ff93d7d67fb1a82640e2dff81c85a2e0ffd537b67e7c729387fb05c8c79115a5b461e3bf594c0a0b35f7b799be7765459c5df180dc553c25a27124e0b11fdb22a1fa0012953f7e691e81b483c5be50e37de559c25eaaa531eae05075b0fd0616afb964dff1f81687b54289128d72f0c3b2089c10f5f5726e109af1523c02c97fae8f596df0bf7159bfeb622bee17f9676917982b3d69a91
1787431173.626683 vent discovery/pairing handshake (vent powered) RSSI spike: -41.5
  -> 255 225d24ec158986277cb00ef08cba19ce77bffa9f769a271669d80275e3fcf41b02f1195f4037841236184037af4c4e7d55c9c62e3cb877319175b708fd8433dbfd3ea14e707e1d9e17a38875d1e2474ea464c1a6acf5c5f29e0ffa8dce2794395743cd7a20f0e480ad639aa9aa668c31de6d64e8bb41fcfa711bba22d17ab4961d18205fe6db097d84106985a9d0aa28301940a78b12f36fb38c0f0986decd74bcacf67c1df1b08537dad2b349751f00d8acdc2415752a75fbe00792b240812e3cf9b0a0dd061e405ed8c22439d4e00a0b35ed3a9a48f8c6458a63cb5a35a0ec5a48899ac7a00f4ba86953a954f89f7b7c70fe905ed99f1cb30203658688fb
1787431173.626994 vent discovery/pairing handshake (vent powered) RSSI spike: -42.0
  -> 255 24659a96dfc25aa27572a4a6bfb41280923b7f99beba19e857bc5dd8b4ac3b774daea11977f877a74499437efe3317fe1a9f8af5238d037015ad97e59b76694aa034eb1bc3cf82d1353c5c3d3ea0949309aa69f309ecb95d2883cf1fd954084a4d43a3d8b70f60dce9783e747caf6f52e512076297012d097a4a52827fac9b4f9e15e5b1c5203ef04cade56289e2cd61042fea55259669f75c5d1f287d0cebc498009bf0118d196aa5b3fe0c8ef0da2d78dd074cfb8d77e93e7b985edbd1db0ecb17fe2d8f402c83338581d3af9becff0fef2718c69702026556d7464e8bad5e55bdf3f861897a4e26b452fee14b9519a39f780c033960a6df7cf65c466c63
1787431173.627258 vent discovery/pairing handshake (vent powered) RSSI spike: -41.5
  -> 255 7f3b73f2fafc8544b1177e9445d984274a03fcc8a8b3e72b33f09eb9f9c8d16c8dd5b8807474073a07d56000319f9bc60380f1589145919ae087846250dd84f4184040d70138d7dc5703cbb79e16108330ad238d4b3217f9275dd8943e18a395f06ae92d84528db68c813edcbcb74cd3e2d046f7e6508db626ecbafbcbb05e6b5c368e240d7d0025e2f55c58dda1186d8dc5cd676c594baff5ea4721ef4012c8b0e6d902e5e222fbd9278a2b73f723beffe0475eceb098b957ffa4f900ad060b431c5aa1dee8ed7e081e6f6afcad3eeaf8f54cbe3257d477b89b9b4e31408d47719ac4ceb78ac11ee221859b99b5e3a37a1bc7d48fce83ee1bf93de7f1b70e
1787431173.6275141 vent discovery/pairing handshake (vent powered) RSSI spike: -41.5
  -> 255 c4980af8239ff8bf8eb33aa7f2a2d314cbf13c162ddefc4e4d4ee2723137d0743180970fffcc7e875c71763f7fd13ac00ebe091e7111e1b213bea10a573a7a4ed3d29ecfad973dd2579511ecc6f2fde5cd85f425c7d3e7be7203c412d91713073cdaf61f3ec5bfd330e3e1bfdeeff24fa79629076633c65ca6269b88bb66d563727b01950dbcc7987e0fff92d2954a6c1eaa763db13410a5d8f62c7082b2bc0ed7e7c6745e4a58b131ec596826293982ea8bd0796fe65cc7ab432e3ceb90078a7160e8657b8fbfba2598e4cb7a28e018025fbf1f4f7fcb98213350a72df0d1df387db078274f5a8ec3d91a7a5425c378e545026df94c5bb9e0d367569f304c
1787431173.627758 vent discovery/pairing handshake (vent powered) RSSI spike: -73.0
  -> 255 88aeb1e299e0d92ae8a48ffaae8cf6ef39504a4860a7678b4ae12dc1fcb9f8ece72e190950a1ed448222b5a7382d4a65110179781885e60b9c072309d2740109334378476b3cda570f0fc8d74a1ecbec644b8098f138929c60ea2a8addb0470e783de6bc4f69a1ee89ec5ad75f0ac340e8ae048ac69239091d44d3eef227aed4ac9ee5b8b17a2bb38e9959f1c5500942022075026c8011a4f1af92df3e405491a1bce20832d07acd551998df0c62441a43911b2062c1feab1740f2744f3e415281b2766d41107591d3b775393ed1551483346d13562edb3abd1861caf567f26f5a5faa47b8d54c44fa158dfec210e6be04c67a9b3393db8a1f59545cff99f5
1787431173.689732 vent discovery/pairing handshake (vent powered) RSSI spike: -49.5
  -> 255 3bb7ce77e8d55928b017c3130520de03db95296540f87b1dc22cadb39f9b2244a5f1f3b211df94e76aace5a2dd9b4f6d695ea43be3268807e53216e4f1cffaa3d5e68396c86022975e853500537a1f47ef696396a27cbd4c1c7640f565ffbe4c1d22aba27c06264831834e87a7d81e309f37c73eaae9880e3a8a3c17fe4194fcc062ce35e55764ac00433c46e1fc169838b9e0f175813d4eaa022dfe02884fec2be1174d93f2d63c7f0a7b3eb8981b3ff1a7808ed9e2bf0272ea2aa7358b8c414557226f5e747080356f4573d1ec7258338f8d8eaf0a4a6b136f5d1a866b142d7e30772efb0c420840854d97ff954e21ca19f3461fc15095a135f23fb12cd5
1787431173.690014 vent discovery/pairing handshake (vent powered) RSSI spike: -47.0
  -> 255 7df09558902982f1d40f1de5fe5ba6697d5ea8c9bbba4f0930b5609c8581942f05c1b2b3abcd9c1fff4f82092ad7c6bf5ddba3b40dc7befb6bdbf07cbc57b4cd06047b3987a5b99fe8736dc6ef4d51c3a75c825268f766ce73fe52393f6ae9a9b020f250d367b6488527f53224149706a002d94177702fed869704a06c647cc1304198bbfd68b403dedbc6d5118917663005ff83915c3a7517128579849fefa91712624a42ea5a055ceae7e9f038afa9b47d7121d53c69b453827d2edeac9ec53707f9f690b2be0fead8b1586fb12eb09c9a3d8456c03b1f36c46f2509a07af73fc61c1e823c9adc6a2aff2f3ecd29a0a7a587832d606fd4e15853bc281ec6
1787431173.6903 vent discovery/pairing handshake (vent powered) RSSI spike: -47.0
  -> 255 f28ca3d44cb5a2cd7ea757f396ba7bbd2394fa71f068401469947280e26de877f19e2f8eac1d64e9b47a95b74622356f653738d5d3251570420e75cf4b4c6590bfe624aa08992c7bc160491d4696ec3389701af0e0e2a101e9779d7dfdb9e87d8cf6cf41104606efdf1104ce60e0cfc66d053a69dca6b6449e3e4cce3c06c8aa6491cbb8036bc0698f2f0b02e6dd1fb56053b1aa9fe7824eec8b65a202d3bb32714e5ecb00d7c1956c60f82fe33737ef74d082811403eb3579fac6c03509cef1d059108fd4ee5cefdcd972c9a72c78361abba3b2e286629ad97adae9124efddccb8fbb3fd3d358129c1a05ea01c407496cbe0fe916e03d54e63da42a2cef2d
1787431173.690569 vent discovery/pairing handshake (vent powered) RSSI spike: -46.0
  -> 255 080b72341ed93ea9f1c561f868fe225af21891d184b54fc57f526800ca8b5281f1447a92cd64e19b0810bea9cf7931fdad4e355d62ac8ea1390c292960fba326582c3232a6e298a06f58717f40ca8f7664edbcf75300de51174678aae481b7f665f1ac8771b6e119ac0abb4b97917f6fa30273d6705fc681311fcf004deb26725bfdae60e4e1d0e93f61d920403bf1355848c1d5b24e63d01523ac95efde03e5f3c4c6f916cb071913d880fc8cd5cc2ee204f7ac8339e46453ac3f16c910d072c47ab3e441a03286ff211b880c152ce2fea569c151b0080b5e9cc6f42cefdd217b2e0f001ad964f8f5a5fc13153bacc8055a2c892fc7ebd74217b21e2c2425
1787431173.690888 vent discovery/pairing handshake (vent powered) RSSI spike: -45.0
  -> 255 f79767480c3876e39b66366071217b349a69ff508ec54f14a53f3bf45f633529f32c44b59f0d1f894a560d528ed11ee9901e64ad349e52bfab1f60ef7e48ddf69b46f7d74cd013f9ff3bedbc32b058be639ffbf2c5db9ffcf2df136fc0ea8ca069f5ef11979d416d5b9b8210a30857fdfaf44c03097e324307b79559990e9e8b73f7ccae417b074b8acdb94a77b4683e9c2cb73c4cdd6e371007a7673abab7e2191a9b89735a3851dff55f87cd47ca91ae100ead3c63ad37f26f92cd5c641206e0e7de4c05595d4034a97f8ba9b0ac8e6e3f0122c3009f2019e9b447e517ce1de934b9ae609603c2ef4e8df93bb6c5ff500a6cec58c8008b5c67989eceaf3c
1787431173.691157 vent discovery/pairing handshake (vent powered) RSSI spike: -47.5
  -> 255 2b6e691833f8233aef73a0ab4d0945138e9cb1089fd1b3357f213273cc53c1ca67ff8247bc52e8b53c38abf85be34b75467800184f1e39ee0f4fd023b9b311acccc335e59d5dac9911355216e8c3c5136fca04066004127310f0cf621a21c814bf531d26fafc892b95e6fcce7297e3637684124ec595d7e545a78246e4c93265ba084f81e0433e23c835861ceb485ce2e678bf29ec9af6b379418848d1dd13db49dafedf3e775a0a2e2b496150abbc1207800592db4f6c19395ac292760b75898326d01cc04b4f69f31dc688f052d894bf0010cd63157893f678ac2af98385fb5bf71aee4bedea50c23c2cb2e0505fc5e8084752f4de26070bc9d933c3280d
1787431173.691448 vent discovery/pairing handshake (vent powered) RSSI spike: -65.0
  -> 255 72204936d6aeb90c12edbb329420341bf7cc16a56fd8d9c551b43f5fffab2510c11d9b22c170ac7a9001bb57ee02f06ee613cf30b3de8cf7220dd1650671ddf985dcc22ee4377bd99267f0057709d36e463db3220207c83d37a27c2717322fa05439ce4af89a461ab4e2e33ab1ca2b43f21cea0cf86132c4e4a44de10422b4ae4f7008e1a16ef9695bc5071a91c94117960e3b1c9d91f9e53ee771596b45e10c5cc1540bc8fc5e933fde6e64f977efcdb710a3063c3baabac0f0b4b1cb39a7232a73ebfdbc3ba2b0d40d6014da2074c542f16847f358c17cf80ea22608b434b221ed9006c51da9f51e98a48280339f87e81bd566dc28858fff4b85829f817f
1787431173.6917608 vent discovery/pairing handshake (vent powered) RSSI spike: -46.0
  -> 255 6ad148cfdb7522b75b2a7583443641efda6fa5722e43a901b7ee4f5965b39fe9529a2332bc66c2f0f8f18cea60acffe063e9a6841b4e2ed242086d471ae28a7cec3e946c9873ebd9695819885b15acd0c76116f061df406d7dc160513b6e4610c3d79330e8fbdb7489ee3327b8b11e6894e6bb6f551ef760de104c1617745fa2629bb6c021a8ef4a8344b8f9bd48fa5e6b6ad74aa90106d59ce4d0fb8dc3e300958b21a5356a3946a8c0d7cb18eb3c006deb3b418220d7df8507e6219b5f79e10345314d1bbcb68c73b0a9f5a27f4cd7a3e8135905779a81e3a29f5ca26f7ca0bd7810125612a625c6d344d01d1e83cfb4e3cfaa5fa610dde01a62e2fc0f46
1787431173.692037 vent discovery/pairing handshake (vent powered) RSSI spike: -48.0
  -> 255 1c8080bec170765bfeae59749328b3685f526732c5608892144be7b50bb923bf7addad68d631dc5cd679f29b0acb4eb62f00a5be0625abe9b1c61649af37017a88368aa79caa9ef33eff1730559a404042c263165fcf6af0c716b0b992bca823051896ecb5739d68475e55c45ac01a052e362bd75a6819cb7d979fb97494e75333c9c8ec5ef9c4d378f9bef81bb217b126f6550e1b3f8d8f416a838ce9f08f9626f0203a40aba53c347c39bbdfb60d029a5cb034731c76bb103467b0dfe1795c8e0d69d7bd9f4150eb593af612cd87b539910311e81f97be42c4d62655c346ad2afd6d9da30854c909409bc24394fee56a3d81de37ec1380720514fd2e007e
1787431173.692288 vent discovery/pairing handshake (vent powered) RSSI spike: -42.0
  -> 255 d03854e88a40ec5a0c2cfaa309bfce10c8dd029a70235e998631c0a3897c9f02d129197d67e506262c2670f4b37eaa1bb93529b8909a3bd42400568973f3a017431d31da416068d7f42ec03f765057f782e7817bd942cf4701ec0fde3a4810556e64a88f51a26b980f516f2021e7ef0db8e81faa5f2d6aa6950e237001b32c290c0a859c2c844c810c3962996e08ebf067907a2f931ba704f4dcfb6c6af9cc7dbd5ffb1b925f2fde80b295fafbf99f8d29ddaabf74cab253690d2ba5870f6c4e6f8a104470a84ba3523c8471ff9251bd58c0a9b56cc4858b0e4d2475ed5a7a023beaeaf087a4d1fb45b0fd75f9557ed64bcf33b9fa0e2080bfb65865b8b2ad
1787431173.692545 vent discovery/pairing handshake (vent powered) RSSI spike: -42.0
  -> 255 e5c3afdbdece4bb35c8752c9dcb92f2f01d8212104533df26c340dd067079b0b8ec757609bd93dd0ff6496800bac1e045b5046b5e9633d2a941ae7060806a3adea41024bd8477b67a50449cc67343a975b65799affec8e4dadc0088e326e2d1b09fd695c6d99df95337a3bd067e66c3e1bc77e52d390ea23d8591fa3905fa7a76303dc6ee6670e51e590310327ff8e59968f1b037e8be1bdc4f34bd5d3870fc490561aeff79e83a108e4932825880b4b1050aff09a55dd03384a728aa006092beb3b2e39ca5b622a75461b1bc3f9904b4e1b3edfbbef3c1ab2283f4c1bae4f32063f4c398d85fc0a1d914a110654cbcba2a2712d1dd1c1077e5875d6ede856
1787431173.6927931 vent discovery/pairing handshake (vent powered) RSSI spike: -44.0
  -> 255 21b52e47b18a23b038cfc6e1af6cbef7dea43baa88e166df70f5cf7b2c8bac8b32bd1e1d165f9d25b2eb59314a128f38ec1641940a6438903ac3562d5686ea86b47f5c62f2ac8b85d41fb412d0e244c2e476ad90f263792ca198f4e756d923cb8342906bbf3858a1b0361a76e52151a2e4729683e92058bcf8a015bc645dc3ed2e04d1729b91955786fd05f3a407c1d145184d8aafc35b9363eb86c5bd30e77337e4a005ffc0105c519a9f4de026021359088df709c9408d0a12d03a9ba0fcc06fdddae5d8367a3d97a503c6b361fa61eadb27890ad36bfb84b3487cac87413c8f9dcd834058ba3fe8e71ce7362bbba00a698b8ca444042466f6183119a64c
1787431173.6931682 vent discovery/pairing handshake (vent powered) RSSI spike: -54.5
  -> 255 e08cb49e5e5838c2de1b9dbf6084b9c0432a175b85050b2f4ca86572af95721bb1a7190da4c6b6fcb3d8b0a543b6f6e6acc9f3051a52b655cfb609edf9da24328d3cb2ab8648406059dc9cff0dc59cb642a5f55059bec214eef9cb688bc2663cc61cb4f4ae835b3f90558fd1beb77fb35132240fe608fd41586556045971117e8f3baef032372c5af814e803f7d017c3a8659daefcbfcfc35dea38037e3bf0debd1dfae6489233a10d687789f37c82e1aba9b57894a5f7596efa98a727cb52adbfc6604c1aad79a1f938f263e585fb367e376c4e35f44d9bb17eb7867786dbcfb7561dca1018420052dd84dc39815b7932bc76a91aa02ef203446e6c020fab
1787431173.6934242 vent discovery/pairing handshake (vent powered) RSSI spike: -49.5
  -> 255 c70085d8c4e841bc01d44f49ad58eaafd2778bbba484e0273fa2fa1a5664aad42331924ddff36c3bfd5c9fb027648e7b0e4628bb5426551e7226f83dc644067b293b32801871812385cf66ea69748d61b9a7cf7d723208ff3f3eb195492a225d52a525bc75012292ef5dbe1d301110bdfe69036046d06e045075bfb23b9d3f6cd17e05f7f8f7f9baabfb9ec01b7619f42339ec33f26f2eee5c92747b784135da93083e5402f53cb58b0e1819482bdb7c465901c4b2c88bb005a12d023703494d52930ca77410b8e6e7898fa9820f912da44cbf4abb1ba99f05a896326c24e23e772b898aaf9f6d889a007dfbdbbfe63885b3de7fc76f1b41b5252694437f75
1787431173.6937149 vent discovery/pairing handshake (vent powered) RSSI spike: -66.0
  -> 255 1cca60adbff2a0d148e880b7e4c0e9369839b405790c4414138216d19de2b350b7faeeab5823548e0f8940737b850607f9736962c6ec2d1af2b0ce8bd6fbdf252a804efac6d85ffe6974a3fbe6f4bd386d107c011ef9b083fcdefe63b088c173ee9d55aab8e575e24bd2ccfba8bded9b0fa4ef9408eeeb5511ab30e1f0abb814b9d23626c965d89c0bbeecffdfc813c186fa7de737e2a2b61e207160f1de83ce8a4bd86210fe79c23975658ae76c9973af4e2f3873fbc508c90ff58764198156d137890c3556fb7226782be32d80a61606dc63f73c282315cb219743d1e1bb43463ff39b79b81d161e16ec393930c2989e74d0160bcbeab8d5916a240b3851
1787431173.694002 vent discovery/pairing handshake (vent powered) RSSI spike: -58.0
  -> 255 95703a7a4ca5b19eac86212ae087ff9f6958eeb45c4d5adfc5a7448a56b716fdf120529ef2ca588178055aff6ef8b53a4374c1cf7d34f703526a036b880d6d0a93f4f5420f6d354aa3461ba8b3657baacec55f9db2e577b0000ce3d6088c9b29e8f55a2e01361df8803a2e90ecde4389fa977a3c46c7fc7c6fdb07cb427c331474e4e7e726dcbdce18c5c1c15eb0175216b2add0697c32d767965cc042f84b84b39234cbd969c03981c36790361f3400afb19fe25ab6baa752e02dccb528c81a2d5590f4b64cfa7fcd61f3814a5257b1e2fe8471c4b50baca8183a81a431c900d3fbac8dc78d6baeda38865e56ff4176502c169ad7c93aa62022cdd1bac068
1787431173.694321 vent discovery/pairing handshake (vent powered) RSSI spike: -42.0
  -> 255 356122e29aca64de7980a029c3390d0c5939be77e43e170240f5a96f6154d6cf751eae0558802dba29a41ae39a1d076b3027b4bfff6921d90153752ea3b9092c64689baff0de045fe661dc6b641edae5cebc5eb877ccf2d8f72881319301f9d9a53508e2cab3da0477e163826f851dc5cf43acbbdb7677c9b94721a41d6bc3c9de2501cc4625009d1cee6ec0fbfc205d9ddc5971297f5db09fea40edcd8c8e3f6dffa04a5eb5763abe1334f7c1e487d10097932095eaaa260cad5664575574da623ce9b6b0c9ade3a12954b0100adb6e1090a09be6ae0b2bb36e3c21adf4072090b5fea92cf7b771bf6805577c11a20f2864c44c83405b762a7a4b53dca85a
1787431173.694605 vent discovery/pairing handshake (vent powered) RSSI spike: -41.5
  -> 255 0d5118169f3a836d524ff5f731c0b833a9d1261c21ffd1dbe0e6902d03395ab36a7e4356b0f28733120c86edcff809bdba2ef9ec15a9c8abf182f7891b095b2210298fab288f5cd25f78627bcea7d62623b95055a7cf375581c67d6cfe7244768c95d9b71c4970ba3f7c9c7997e0938837ae4282a4c740dae36f8712c96d69ba591eaae2f3157fe30a884e05f47704d292d2c08b3d9918d9f021a2f1254228421518201a78942c4cd3bfa9ac98ca83edcce80431c2312b25179a54e192bec381fef7f2ee9feef159b36d564b9504ccab9969fdc56cbbe8f6e564ebe16c10f52fce593fd680c6a9a5e028488b63efe55f663f6f0986535b56936c582ccd5493
1787431173.694907 vent discovery/pairing handshake (vent powered) RSSI spike: -69.5
  -> 255 acb6f1fdfee423fe0b1bdc37d653ec3f43cc77b3df44845c7c2e341682c23659860864839c8c54e321305527d3db0b0fd88182e41fd3b520d30557b3bf8d9da245681cd2b0446ffea3afe12c55cea8bee8548dec0d15c0b461be5c384b4d17ea72dd8ba21bf199f2dc67356ff69b5f43631fc3f71ac7cf09ee842c3ef0edd411e5492bcb7722f2bd656f8bdf4416f67e7acd9314a16854b7c8009994e7d463cc83c19653dc660af29897515a6f6d61a02f87307b6de8edd12d591d81c29cbb0f264d0f452066bc530314bdda8cf8df5af34cd33c9a83c2c2f4ddc5569514c8ffe43d70e05ba007f77b63ca3b03a115c0f80ba022b1b7d7ac712d3e76981864
1787431173.695211 vent discovery/pairing handshake (vent powered) RSSI spike: -45.0
  -> 255 042358c03fd3daa2de64d4969ffcfed751c79f417f1c8703ff937bf7feef469329bd13c6f5acb158f17a5be321df97e99b288c4cfa33da7d2d77fe1187e181d2057c7318b929bf4e16a4e981a9e5b15f4512b678abef0777efa80f4cdcf31b5a0e48ee70aa849066f73be01a6ad51658a961d837582f93faedecdd6b64e0db55c2fe644b0547bfaf7c9c6cc2c4af2170651b9bb8bc115e52686498958838a1d6e9b812f19c9f1dfaa23df9d31d59a015607113be8ce8cb604062ddf10860161b546dc83496526af264f62bc7b136ddb34ff337853caca85615b531994142c65eaa6841952f9838a19a0111ec3c1c4992a25b0c8044dc013c93b48a2a7e8f92
1787431173.695529 vent discovery/pairing handshake (vent powered) RSSI spike: -58.0
  -> 255 4f50c2c71e932a9e63b631a4ad814ede5ab8924826c66e7a05535cd061c484bca8b926a09d15ed4e3bc547bd9a02e89f9519817f814995a7c6dd97350e29171d3dfeab4354d511bd90f17401d5dc3b1816c8dbd82a3b71c43681653383cd171911027166e21881532f09e1ecadf3956308d91c05ecf52c63c7bc7b0a87842a9265b85cd8cf97e17a97524028c4300184995d4bc1707971eb3c2a8a3aa07b0a6e07fd3ca5d1277de008a68ef970ae0533762085f19796c3a4ffb0a403d9ddfacfe29051be08af7c371ed78eb5b94d4c248ffe8c114eb5208ec852179c55678d3abbbeef0c8cbc00dd8c2cb750d8df5f20a1d7d749f5f34c8634c4b1dfe700b8
1787431173.69581 vent discovery/pairing handshake (vent powered) RSSI spike: -67.0
  -> 255 908e7a23a8f59f47811a76cc3de5868e1d0bc6cb000847fbd2005c44592dca1842c36d99d70405b49c0f2dffe3e748ffb4ea9c30841faf4c358cc9dfb974adfb2e3432d17575b9eb62a4b16c3c3310091b95dacd5056001b8d3aadce851c07c5613c1ea2b73221e0de92f8c8805fca0001a3f0d9dd0c1c75fbbc2138a31a677762475f1f40af9fb6fa8eb72c7cbd4906b520e83d040d9dc02f9f3876fcab71c0676d43f594701ec57a338fa3d02fee4c5e2491f0794419f5372171041f4cf09bae6dfc46fe21b52aecf6e6b270ed87ac40fdf14945c0010d97ca8c7e9967442f6617d3795408282a0d56a0ce54ac91347a0c9f00e0ef9bfe042111f4f01778
1787431173.696125 vent discovery/pairing handshake (vent powered) RSSI spike: -60.0
  -> 255 c23e6c943e8e366abe26c5f57041adcbc448b35707da99719ac80d374521ffa4a49e9c65e621824974d5fea1da1f923340c38b6d4311efb62341380f3a51bc3561387d56dcb671f339f46728207b8e3a3571c357e819e2ce284ce866d87185ea36bc702bba7e6c0ee5cd5ae3d4fbc834da412ebef81e6f9aff14c0589bfc372169093e890b030ed0c7eea34acc4d36e67aeb088a8a5805b75ba76b84dd331e9b1280f91855ed8fa8524c2a5c56fe7257993b8ac1307d1a671b6916a635cbae21785a461156522c9e7f4df82aaa8d318edbd8f1374ff827e389579de119cd83ac83e8550e0c95fc34e2a9a8a4848c4004c6b9789b9b6efeb0285a9c457d32e1
1787431173.6964018 vent discovery/pairing handshake (vent powered) RSSI spike: -50.0
  -> 255 f26f6b7ecc674399b882527aaab5ab42b64c4f5c6589fd400858af13bfddf2790971847744fecc6cef282c49223e87101b595efc4fa79dc3489e473fa232a1b07f7d4d216023345b7c55e6fa3aa20425c79f9e5a5e377be0df7b87b5248d3d4bdecd1882b8e87ceff8de62bf9a59a80c0bc0629cf1876d8c8668c9f03585d5c325023bad4f14ebbc1917f3642bad9b15fc4c9f9e9a2bf26222c4a0fbbf223605a9e6a69d70b8d19e4336f3a4607f260a6ae546c8f20048c54e063343621a872f1204e53103d28ca1290279183790f6e5287868c7cefa81e18e3e1c32a6be6f74f4c933f1e9737d9b75253073a775750f169778dc53be69d51ec53d944ea22e
1787431173.696689 vent discovery/pairing handshake (vent powered) RSSI spike: -43.0
  -> 255 2dedb817016471c04cd9f4844eeda022f722fceb2ff20ec9721148969c043c4e8b21cd41e001191f1e0613aff9da8fd301ea061130083301524a074841fd4c230d9dddb0332a7f4d00193f037c9b94e2596447a1fa516a236ebccb902540c7e0c79628b7e3312d8546e10200f9d1f575f9676c423c4fcd00d2f3980bbc01d0577562cfa7767447c6c374e6a31a4027d38c59c5c743bb628d2ae4ad96172edda00275f0f18353e35c0249be1c537c275d4f378b609e50b1c9ac4d3a79911f4a20e3bba5a8e4f27c9b2db6ba1c2331a78fc98845abd48cf4b1699a8ccc45c5c70703a5fb97a7995de884fc5f2d561e44452ce3692f26393d9b4b0e6fe64f5e95
1787431173.697014 vent discovery/pairing handshake (vent powered) RSSI spike: -45.5
  -> 255 0be0be5a22fa52aef2132255bc32dcd9de506ea59c769ba8476428387b03008fb22fedfdfa86c734b54ff281b0dee49af645d320d968797489f4036e650a5bcd142a5970e06dfbd5064e9f1dc834f53fffc74d2ae8690d73b6227670dfcfd230f1d94a49090dc69d6bf4e5b95646878e7286b3a90ade6934d4da12cbb10077684de7e113d059c20e357f26b56359fee387f49a3b5953fabc5d66270ca6317761d6713fe215b535d0ba19c525b9cf176265fed93b003dd1fef9c723f7dbd0146d7107612997e34815874d176c7f133287cf0ee4ea2de98cffdc3ddead358bae1f2703781b8fe01281667d90b76196da9f8c6b4b42a867879f2af188c103970c
1787431173.697346 vent discovery/pairing handshake (vent powered) RSSI spike: -50.0
  -> 255 7621bbab9a78e48c70f23f914468a5c0bc5f557d029a2cf9e53991eb79b78498bb86518b11ba4ca9126cc01a613a99c9c4d0ed914dce53f9c045cefc63783fd3e9691ddfd9c2c840daa0febfab4b45a087a4a1b35f37e490ee007882d72ecdba53294938a7f840e6ab5e6d51a6b9f7be0923b94ef037dbb520fff31d9390c1be1d9c94d6715d679bca9e7b7f45d8735808999761d983a524e4027ac10415b4bca8ee8f163f9500786fee6ffcfea6f7583634aed443d72bab15c03ed58c833e18b72a0d8fdb609a3f0dc25de965b3840ee7c629a07742c8168213fe880b371183c0ed55f20f4d3f47eb718f5642f34d5060bbeca8efa1adb8efbd9081c678ed
1787431173.6984162 vent discovery/pairing handshake (vent powered) RSSI spike: -41.5
  -> 255 979f05277423e13f78b5e6618659840d9d0863e5dee5b98a2b977ae6e206ac29f897ea57d57a0be15df6d6083699e2de4df0f9ba440525ce20ae59118c4e3810ec0cd06b2f7165c1f4416c168e26c6bab93b101e911d2bd04c8a1f12b6404ba4f689562d4a1fe7f1ea81f2e59247740ded5b7a75507774b102cbed1f68f71f121e6874a5d92f47b9ee96d335dd4f0b63e0634020f4661591df93a89890250779501e4d43b8869fdd1b8bcefd0f7de07434b3097dd7d9cd2a7493830def35793064af49f465bc4425d3b96a0d73fcef8998ef4be8432e4930f262721def49ec8ecafe5053de0beaf4c1eba9ca70cbfffa80dbc41e76df46bc026de81e886957
1787431173.698684 vent discovery/pairing handshake (vent powered) RSSI spike: -41.5
  -> 255 f1af1e497c758816a2545714d6b45978304cdabae137d879d4ea2ed8f13a76bd1e5eb735438b02d964dcb52697ad85eeca8dda147164b5b002a5e682b1fd0a03e4e4438888355d04130e66401d55413d3cabc278818cf05bf452ec08b63402225783b2fb8d080c3c9c891ee9186bfa70ad8ed1d0411c6f84c14f671db4873a216d2f187192114e04294066798e05af08673b66e8d3852d0ab2933e2b76b4a199a6f19b243483e782f91a2d1319261c9bd8dc09088aa8983dc6204bec862fbef22b86cebf57e06cdf49902682c8882077a32fa014b279cddfecfdd4fab12ffbd045ba1086ceb4f532778fd43c2d78d371f3f9b2b4a6a10e20c2e29c1d066a4f
1787431173.6989372 vent discovery/pairing handshake (vent powered) RSSI spike: -41.5
  -> 255 0b5fb91fbb01c79df1976aaef41c24a1fae4450e4162417700991f38cac376d0c4c58b3c54622414dfac547c3ffa21a0c3528fc0e9539f8474fcba5843b6506cab7e1b8fe3e2bf2a992f3dfb33fde2e120179f8414614d55c76dca17577d8c4ad00345840adda75e5a21eba904f16ecb742a4dfcfe0c122cf5aad123a55d1c8d0eed2956d2976799deb8cbab95d8edd8e105df14af16d95ecbcc69749addce3a5c38716b40ee384e19aad68df9da2a4a47263a66635f8d889b30d0f6e6c11767eba12ac6c87a837aef692f1279ca111c014f88967c8cc9fcb4fcdd0c81d8dcce399b4792511c26fd71625d645f32c41f6e38666e187b98fa2d0798af4c740b
1787431173.6991959 vent discovery/pairing handshake (vent powered) RSSI spike: -41.5
  -> 255 e7b9a3fa77d464a0ead38bd60f86d3af1c5c31c5effc39d57ee5e33fe30db6e3ebd3da28bb83a5759119c02fbf246df10d40d83009902bbefc16230ef0a8a250ddbdc5c745f1a907cd51bf6356bd1bdc6e05bac188e7f76564f2624086321f2745968291c9cfd06a7e63f3fb9f8b4ee0ff250eacbcb53c96c27c4364417542b1e58b249d35551fc60c304cbcad78b353ed1a41e613a2c04088ffa392233a521166dde9a107771e2e8f073503d723b5d3be7268c3f99d7dc63b6ad3c7e6f5dec746d105b9ebd9c007c14a78f0f822e7694dcdeab6a84f0bbe074fe4381eeb119750ad40d00c7bc5c2997ecaa479339e08ac7e6ff7e51cc96bf0fe84d25f0e44
1787431173.699435 vent discovery/pairing handshake (vent powered) RSSI spike: -41.5
  -> 255 aabdcf8397713bbf9ced0a7a008ab2051a9c4bcdfae58dd5ddd2759e63e7b084bb7f96c67202af93e1fab4b286088fe87da5e6ca921dce7588c8ffd339c270476e17e1895582f7a220c02fc9ab09153e47ca246e45053d330849e8506322c35a188141d76e5314582952d77af241dc1020803827df160bcde8d9b778b5ea76ad63cd0e713d2b5101a89d890df7de3c1e0e34ce4a241cb4b54caacfcafd59510f45eafe13ea50a732f021f931f11a7302db041ae8a35e57b7cf5e8ab40942c4201e81b3768d23e485a3be767b9aa457f984b8aa3e315fe0512543280723493f1d22668527568f9416bd446cbd2371da60a7002b519b2f6dcf047f0df7698a95
1787431173.699671 vent discovery/pairing handshake (vent powered) RSSI spike: -41.5
  -> 255 3feb8bd998a12019963c64058f83b16308fc4a1cfb2fa8f50fd47ec845884bfd6e4e9d38833d0e79fe69370d1597a0ba164dc0122faba5d44c163c82c1feb168fa668f398a7c77ebbdbfacf2fb2fcd1801dbaafdcf03bc4ec8b7863992a4b337484bdad1ca70503e50d335b23dd14e960102f3a31ca018030ccb839d0aa3ea92386a9d38058098017099f5efa5f752a0cea7ab54f80bb83b9f99c969a83116ee862a8510af1b30f3a63f43c891ba755aa331043d97d848fccbead532e57148dcdce9294c620237b66f088004ee15379019cd13b3983b03005b81e14f2d2d07a30d6ca16c05c0ebb4dd9bd93e3c05b23b21897cfca4e6fd3ae41d6f004dd4ec
1787431173.6999738 vent discovery/pairing handshake (vent powered) RSSI spike: -41.5
  -> 255 4280dc2bba3e822155585e4ef94480707aa2715b1d9db3351ffbb407a537c7234b1d5a59ede0e92dceeac3b4595b09742ec2fe12d64dffb54ae1fe1864a0ed0bc180bf96a1612413f9e7293822a44197c0606b901b60c588c93da1f6d061302ee74a1a9c0ea887eb10ac16b925582c916f79affa79ccb73976a249bb901e92884968d2197dae0c3d6cc78b0a58b32aa06ebfbe53a27efb545a87ee6007e72e14c8c57e7132577785f122266c6170c32075feea05cf079de114cf79342806f76568ce7f2a481c40ea6a25f84b30a0922c906d50662396e0fd128510caf4b24db854ec08b4fe6220e44b4e1299a8827038769a69b58b74bd597b131639c56923
1787431173.700196 vent discovery/pairing handshake (vent powered) RSSI spike: -41.5
  -> 255 e3f59039d65fb768316ff952862e7183bf64d877468f44c376388baaf2e35ec4b57fd3fcc5c75b2697cb470c2cbc3aa75494e29d42c5794c44903bf57794434d76148f14df9355f30bb68a7f3df6b7b2ea80c968eb0bdde74e329844d9d83d6cf31da1a2afc38e44a31cbd62f577d0768d12756cb4ee73e0a92743dc0363e931c08144435878b3c27783610d576261f3db617cba6058c2f9a170d826226f77e46bd4df4c1969a6a926075db10c7155a237fff018bba069c1d0cc78756133e3615f767767cec3eb14339e1ad2229838286ab2c7216b20027746d840774d352f767c252fb08e7712852cd2a955e311e74bf2e363d74655dc1e741049eef9e628
1787431173.700395 vent discovery/pairing handshake (vent powered) RSSI spike: -41.5
  -> 255 69d76948e3f96fd22e5ba775a44d139798f7c4d1a302f83fc83ce4b31b5420f6b5bcd6feb7ffcf154e1c35398a4b5e1ff5172126c6c16000c40a2f9f891fc47860138671830f45a803b621ae0efc4c583f5ea49cfff2727e8d27f1c9fd1ac70fab84658c8d5be5f2ab931c20f810c481f6ba874c9af8763671291ddac3482d41ec9b10538f634858063dc9f7ffb21469bc3df285bd4f604e8adadd2a4fa1799c6dac9e55ea6da4571c503cc91409830244d62e9f6385d251842f29da8d599567712b01eb078d95be14ed41d8d873a49ab0660bdfc7d1f3cdbe1fec695166085bd6511f93f1b453cabb01d0ec8fa613985a54552b2b93ddf7ff5b3c58b15f67
1787431173.700616 vent discovery/pairing handshake (vent powered) RSSI spike: -41.5
  -> 255 f62b03a502da582d45dcb66eba16de9f9959da46555d321e978652a05a2c9c52bd214ea2e57a284c530f98cf00f54a4c5ec63041e936759a1c46e69d76b95cc0607a76f68d008f5d5bdac494cc91be0e5bd00c2f99710a02a3e85a2dc7bea61952728695210dd5b26642967ed511f21781704e4934a757ba4e07c2f5baee9d7040b273fc4497efec7912290a6368e4888f10aad3430eb2cfade01b987c1394ef5addf5fa9f18d187b6ac59a6f655bf4afe7f0c137e8484380ac384dd3f70fd702c8b815c523baa643a1a61a22763b0a60611fce12d12cecca3d1ebb58cd8b0896eeb001bd2973833fe757c773578df6ac96afc2ba539dc3d5e7b5e1309ceb4
1787431173.7008572 vent discovery/pairing handshake (vent powered) RSSI spike: -41.5
  -> 255 b03c4a86b8cf6b7a74e813e02161cd65c91e6e2f9ffe52706f8d91b106e992a0d71cb26e315ac99e1b27d83a3ece939ef24d69d43e6a27b23e90a65f7555fdccea007c36f54ccf38acef8605374eff79980c8da03690819cb2ec15f1d2d626c38e49bb3a44a8cdf179724e260c8919732c48c950dfb90539469bb5aa5cddf5b106fb6f583ce4e2f4d297127e53083bb6b1071d8e745910343ecaf8003cc129d8c9edccfc085401fdd93783300c1a47e295bc102b7ed429353b143fa37bff29ff8d13454e2c33334143ff04ccbec5928d0638188388b1896bf33797640b6dee9e20f18a5f65316d11bc6b87c6d06caeee1354bcf3121032f39ddae24606e62c
1787431173.701076 vent discovery/pairing handshake (vent powered) RSSI spike: -41.5
  -> 255 d7c14c099928ec8dba494717565f054874e108b2b675fb3a60da0241401f0ee55c666f0418ac0d28b0903c261a391b28fd4c02b54fe0c36461661cda44347df4193acfb31e95a7f028e34a420a23a8e4b89c0fd23c8f4d2eddc8182f1fd04532f87defd9bc839d5062be4252a5dccaffd55017800b27ef9eb340ea986e5b3818a7f6c459ede83064b0dfd6ba2c2c3d32ba9e7fead684dd9ee1abdacd2e34ada9fe62bfc12690df1faf8bc4676a53de2384b08f300249d54a52f6f352e99fd26bf5490dc26eded60460d3f94cd312d3df49b61d9cb21cf9eec56771851ff7538f0638d0eac9faf9ebb0c102a2b4ac4f442c07a82009162f6901c9b9401ab473
1787431173.7012758 vent discovery/pairing handshake (vent powered) RSSI spike: -41.5
  -> 255 d709a88e46d2d97e595198097b498f7528ee1cddf4bc9bfe7e6712ebd90b72df8578b4229d35197e5e3ac169c7859443ed156f2d440077f4117fb754977ea676fe01df8de9a08202a2c296b60875cb726a2b863ff001e356df4bff47fe4539ee001347a7a730cf67ed8f9eb84998369f2727660b8965d05d43061ee1a61108fa8ed7bc14283200650356534114972a103d9df2c518cfd9912f1914248e5133fc4c8b9c1878c037cefcb3ec4d9825c220483b43b64971a48c81b7a180768d5fd0bddb67f989de2a2707e24e14cc908e6ab4f438744fefceea8487d1307a4165bd73a189ebb4a39be7558d73bfee47d545b15637e22f97bae4ac3d4a6163656b
1787431173.701493 vent discovery/pairing handshake (vent powered) RSSI spike: -41.5
  -> 255 d14bd58e3999238a72ca6d76703a2c19d84fdb02b037bf122c9c1da8c8d75dea06a40a7f6db5471db50d2e1b955f382e33034316c4ec12418f73ec48e239b38232af2ecff8838089eecf198997bb939495a8cd007cb0a990832eb8c62d291c30e44e7afd1a31704f477ab9d3b7dc7f018578cb343ccb4340235da29b94f570613d3c44eb56cf764ee9f2ec359d3cf8b92d73c972d21bd4a55331d0264a62427956facfa4ce9b114bbd8b59a34169c08abd221adc31c8e8a7a39348b1c8c5df880a0be852b9cb4ccc0de3e7c202401dd24edfe20ecb1214a6bc6b2eade0e781ac704c0a0f590cbeb3f7e13bb4941f9e2bdcbc4ad94a3055d6249d2ea1962fc5
1787431173.7017128 vent discovery/pairing handshake (vent powered) RSSI spike: -41.5
  -> 255 b6bdb5d8c0ba327cb545d07b6cf9c3973ce41c5703632a434ceec844309d4f20752f0fdfb1bc5148ac77541541330fe0bd74f522e53eec6abc33ad667488eea4e67bc25ef2b5e7b3a987f81f6419688fdbb04df87b16a40fa706fd8245bc898be57e3cc94ca27e05cf3586179995de4bd20fc5b60e1337e90179f66d8e71917696530f781294421b0fa98ef019233c17ae62e43f7d5f209c0b5207c619b5a5d89db8ee6f947beb390fb8d0720184c364fd86de9429154505e6fe1d24a0e6d564047af4a43c9aef3e41c97924f54d305bfff1bdc671d4bc3501b490e9b74da3d698eedc928f55218bb247fa949cf142ead7af1cc473416bccd76c5b7bffec3a
1787431173.701976 vent discovery/pairing handshake (vent powered) RSSI spike: -41.5
  -> 255 1a617ec29594f5f0c30c784ec564aa2be2a101ee8bd9414dc28a043f3a21af9dee80ba7d5dc3e407a6bfacb8cf86daec0c44e04f8919bb38176c897da13ab71c262b55e1d14831d44d5e078004399f7c50f2397da3e52c1db93b9a22060191a1dd40f71d9c05a390e2630f5728a6f7c62a712ec4c97d4551f65a9fe71c2ed47413b39ffcfcf644089b29112a3adbf161f788c66c1627f7683e4fc3f09634bb11313f9c4e8a427a55c46d83f62675a3b482318c70a05737f1b9048ab61a7977c086cb264d168b37c8d8797510dd0f628e0189c8c38638bfd1e722b6f79170bc8c742770f8977ff99cb050476d3acef139418aab509aad7f682871eb2097d6ec
1787431173.702249 vent discovery/pairing handshake (vent powered) RSSI spike: -41.5
  -> 255 729d898eb29aa06287df205e17e4b16e9f2274149e90d4082ca0af9a0158238c52f8925a1fb36888fc3e64bc4667582924a540eb62bb8a2aad7ad9f4064aae4333e30c79e68981e43609254c50f5f0c91dad506a4cd8ea09198c32cb5493ea07f0c0d2446230b7017e1ceed91fede8394c66a182076718a85165a462eba09da036e969476cb133b896784640681f02fa8667cbc936585f6146ade3f110789e5cba657af784daec0cb5c1f6a222b466aa7239b59b65be0e1e206182854e8041807fd77845bbcb97d4d7b32977ae437f735ce825565ce9d1d2714fb4a34ac3c15e0956c523b4b3f8a4018832509e9dd9a40d07346f85fc6cfe3e400038fe9dfd
1787431173.702486 vent discovery/pairing handshake (vent powered) RSSI spike: -41.5
  -> 255 5bdea3f06858123a69f74463f431cf7388524633e87d7e888457feb727ea6b0ddbbcd21157c911cc1accbcede56c3f7fa67ef7da4cf23f6d455be85f74e3f83c7a3aaa37435dc9660a4186c6f0f218d84f13b117ba5d5402e9ca9b0ae441c12203e076c306e1c5ee6c604289a481d3be06ccceefa1c32d865e03aef4283a9c990d514fbf1e825b67ec7c53ba1dbe8587aa803190a210c92f484f90834763e9643c33d7987d26ed3e76829f0c13677bda41f570122e1fbb101eeb6827dec230dc9093dfef99d3436ba25fe70caed6960cc63246ac079607ab559eb57ba750c58fd42e09638e7a1cff80c510da922eb2025c788cb9b2240c198c83a2bf97dd89
1787431173.702712 vent discovery/pairing handshake (vent powered) RSSI spike: -41.5
  -> 255 1b76da0483123f7d52228ce3c9b04af966037a53dfaff6f0d07c0819f5f15eebec7d8469fab11f6dd3b9d0e3b20ec4516105f4fb506c410b3ed8f92ada7a399136f6e7f970210e2d7891968dd9130bb9db7c811d2400bbb776aeafa2554dbd8959024a490f9184bedee6b94cfc9483093d511153870bd127fee94137c3b098512daedea887e7d2daf767269012b44e198790d0ca2dca979d23531e291634b7f8c50c343f185c723cd221c09a724fb4e2d93228f5c783db5680921706863ebe1d3e5b96ab8cef5de1ec7f8637bbea992913215b648cced787c44ccfdd16214407c87692207f42cb44d185e67379b88bdc68d1a0f19b3e5699f8d09279efb535
1787431173.702979 vent discovery/pairing handshake (vent powered) RSSI spike: -41.5
  -> 255 2b9691570453c2c44d45727203aa0b1af89ce958f39b0c719cb3da8691a26562db1352afb6b3e03df20fe675105a9348d67a5de0b20bbd644ea9e8b8e736b683266a779ec192f7f348f4a2166834997c1db668842bbdf6cb4d0ece3e266cc4c701a5b0e3541f26c5cd9e24295874cc252d7b08e5f84d098aa97812d7d6ac031ef564ba548be1c1671eb5ffe952a31f1385245659e0823155e30af65ceb48157c6633ffc1a0ba55a08999d5385b3bf6b8b7eb78c16e4418d46f683816e738073aceeb40ae1e88fd479203fa0c341795568c66db828308f45c9998b3a6fe1a525162337824300dc4b71c05b03fd8999833888a6bfb46f9beec04d6eb4300bd77
1787431173.703202 vent discovery/pairing handshake (vent powered) RSSI spike: -41.5
  -> 255 0eadbc661888ad1d0e5230f4a6407681e079e7ebc19508f0a75de55b7d26888d6e7a5cecf6766b107182afca3701b8b0ae8ac36d6feba94db961bf8205baf0ac08dbf69077d6dcc54dcba07407057e5e10ff9f9ba5461bd414217c985a5e63990062a07eb06b9703c169d6b1f85db73a2b5840d9f68eab1422d3bd8dcf6fe5aa12f54cad91f4b99d764316bca3c5e4ff1e113ac0464a01e40f46be06e655c0c025ca70efdd192f3ad64ced38e2ce73ae15fcdb8d7ed3a0cc650b0ecc2efa0b8ea343f2fc71dd5d2a04a6246fd2b4515cf77ff5ee3b17faa02cd43e35ef90d1993f14ccd6890656693c8ffbb4ea600aa383d5c4d5d2bcc59f28c231fffa22e7
1787431173.703409 vent discovery/pairing handshake (vent powered) RSSI spike: -41.5
  -> 255 1322f3b36458f4444d94ec47a05ab763b92e65de846f259edb94eee25aa195f4c279bb98d44a2436e7f59d02a58ed86b02235ff4ebb3cc8ad8d561fd23bfe85e7a62db0be7e585cf054491797a42c1372755cae1b930ed19881b89e17c64c2a3fed045d5c2c24e07c465fed6f30495c1c2b7f88fe5ecf665012143754a777e17c7f834edf42c2f4c5176314c32055a98a40fc3b573ddda3e7d0af9b44fd11fcf1d24698662e693df3bfff7f5640dcc2c56346ceb54d47cf4463c5666002bb8bd42c10bff369c0049828be680888d3cd407d43c89290e34ef3db1ca72ff32552d1c1ab462c03892591fd389475f2b0dab86c80bb2b1e1963e920c3950ee205e
1787431173.703656 vent discovery/pairing handshake (vent powered) RSSI spike: -41.5
  -> 255 173452d4293d93afe70dc1315ffb27c792376f36cf0f71ceb57156f649fc378f96bc4758940055e737af0f3a4f9116f805c199ffdc5082e75ca948e07a633ab8eda1006171c0c2bc59391372ec1d2e35d97280b4eb4e006b59bbae3937aca215c81ec57ca999e0c814e90b145ade8483e5595aafa6abd272c0aa004372090e583f63d3e0092cef03a82457072a9e1985a23f63f02bf3a4ca1c313f88c9902b863f9de36dbc44342bae528444b8fd386477f7e6959c7e22c2587018c004cba7570d700eb7c970e6e3747f4fb09f93515f4182284a080e7de515640ffe6489fb491404ac305cac99fcf297c013f21d679efbebb13f27784148cabca0703727d7
1787431173.703876 vent discovery/pairing handshake (vent powered) RSSI spike: -41.5
  -> 255 4a81071943258ca7db10075817023a0525ff6c4d313966ef7e383520a595edaea2281df5cd5950f3bfc4ed5db9816055846dd2d1d57b8fef9cf901afb9ac4672bfa2b3f9a4c407f748dc1ad91e4c3b43be9acaffbf0b4f008f01406ad2f74147d3476d4a4897971e77c802811bd35bc1d8227f27fa7ff6782e1315c8b220949797451904fe30b633dab835b2b3d9124cd1e1600e3b63a502de5616ec599e16f6d4bb12b55be1bd84fa6aecc392100e077be9ba5b3327711527f479170faf7a3c71135d794e10509362b95045a8d09d66b911552ba54691b610242e108fdac92b01972e332e1a820e3b6fe4f02bcf99a106cd6b6e262a14c0525e85c90156ec
1787431173.704124 vent discovery/pairing handshake (vent powered) RSSI spike: -41.5
  -> 255 d5bc519538708addb2e4340d47c5529d48a6593e334e5ecd1f80d91b5e7bf8a750d5ce87ce8f0ac60f211c469bf3227dab48ee2ee60b4176a82a24d573672d4202bf82c5b01eb05d0f35dee23272274b24acef5ee4d85b8ad83a8d9b901d43fcd91f1dd513dee9b1aaff9b9e9763402ed562c4b4079fbcdae2f6a76f46894829004d7dbb9b0e6eafeb0b0d9d5476a35523c7b04d737754956193484283cc100705ead2fce167f89ff7bec339b09616034289188f87bf90ecd8666a736c5433be23f9818c192aa712d1c75a519dbb068ccb65429256f77d5dae5e9baceb573e27f2da204321b74eaa7f6c936fc585a141962ae917b489817b4521c83316505c
1787431173.704373 vent discovery/pairing handshake (vent powered) RSSI spike: -41.5
  -> 255 f15ece1dc992ffc4003ff55e9c95262c775b3af9ea291f9250062bc2adf635d9395553d86b74d3aac6c64be186317065b2bc7c2178c062744a4d00a48da591e7a4386cbf461fc3750909e487b80e150a4d7fed8f223855788c8c5309030c46013d7a0325a73916d7da22f3473f544043483c08894c9aba5269280ffbe3481fd1468169c5b41f1a3fbabfb722abfe5ff667e561c9f2ca5618326888b3abc1567a916fe0d5690e2277def24ade9fbd12b919d849593a68f5c9aeb7849ccce233a677864385e899a130fa4142cbf834ce8eb27703d438c13fa9cf865f3e9c11bd763d9e25efd311c7ab71f7825ad7c6174c57527520bf64e78cc2a3df2caa8639
1787431173.70459 vent discovery/pairing handshake (vent powered) RSSI spike: -78.5
  -> 255 79fdcbf22cadb5abf233ea8b9336016cdf9b7c374d883461bf3ceb384195c672445d478238c978dda9378ed55a059dbe00132be41d5952f8a693c7a3ac1122b9c0ac67acfb3e205f16ee7db9cc14851fbb9dd0f15260334c216a960c6b14ed4f82ed32288186e0d3db120c31d48e410b8471c4fe52e92b17f083cf17612c8d175e2366c66437a10b6510e39b913461db2a04036f634891fcfb004fb0e11594da9383457ec027cab94fe483ac8678cfeca849a60330d58de155efff07fbc5b89ff157bd5c6db2d33b645d6cf93e88309f94147cf42ef3ab495ed1ea4e6fb800da442b0329be3a0d98afa798551ed28a2188161cde26a0493eb5e481e73956be
1787431173.712235 vent discovery/pairing handshake (vent powered) RSSI spike: -41.0
  -> 255 190ca10d8db3fb9422d6763b2dbce3694b1c02e948b638ee497237c18839eef30189b156d2d6cddbb14a0d9ad1089b55815eccf12b89904019b63157431ad21cbde6adce7864bf838df0065136a2c6b3e852df9aca781cb3993c6395e3144623851994128d006465667cc61051887d2b8f30904577f37ddd235df0354e41680a47d4c7858577f6b150e9baa864cf22171e1ff8cdb55f3f067bbff4b8cb392ce8d37cb91f6b90cdbb25a04a02c9e31fb9bf799d4dd30f430ef353d539bebeb3fd67d0a3cf8f9706f10b1e6415bc776f0b25d68a403cfc599a70bb717a41da6123da74b206dd2fabdfb1479590cb6cfd705d156b87f135f046299734bede94e6
1787431173.712506 vent discovery/pairing handshake (vent powered) RSSI spike: -40.5
  -> 255 f3f9f7681d73fcb11c8a798292a32ba7e0fdcdc1f7767c781cefcc423d267a8619ce71cc397e10cc58e3a97d403c587a6bacc1f377e8e30305aeaa53f516d93d15795e9f24c98f5d0b8f224c8c40093a9ef7acff0623b3afed158bc6402a227dcb51076c3bd4238723dbd11042b828da8bbf5ed6650a449b2ffaf28ff4af1960ca0122928f84f1aaf8f7ee2cb5571c098046d505d1982181db93c6838d07dbb05cdf18ce7402c914be6535d77113afcac56c14d28da539d4cb67631a535c20ec0bd4209a3d68aea384db6cffd46c9dd5d8b22b69eea5127dd0557195b44714b9b45c42c121d27973409e4e31dc610a9c6a0824ee7dbd20dc9b3e0ea3165fb1
1787431173.712727 vent discovery/pairing handshake (vent powered) RSSI spike: -40.5
  -> 255 4acc3ab27f20fe40b6efc15d826eb4a61b0ed58516157303471a5460e9cb00bfecb5b42dbee79aa8ac8f3353e936b4256e0d3a486247985d6dc3c63438bdb28f976a1010dfa0e3f0883a04f363f01374fff219833a3432c94c1e1352f5fc805c326409e9206dbafa2397477ed5d18ae0686d52b03ac9cd17300279c8e611deb34ff81c7ab297fd5467690d42c30af3efa178c874890fdfa7998b099c7611eaa6e9c28400e9e50fb1ecaf60a79cf0d9aeff5f66c4a7c1c1a878d62227c084c683b515b37fcf157e13364d7ba4bc968f5a151bf8690a0bb5c8c9274c05e31e6d08e0123cf5dbde618bffb7f9bdfd0874ef90d31466a574f7f707f9999be23faa
1787431173.712984 vent discovery/pairing handshake (vent powered) RSSI spike: -40.5
  -> 255 6fded8793fd5f5fc010b8b44ddeef809dda8aba163d841b33edf1e85e7cc6e641a35c432d63af03f6b46c3c481c9c1d2284d6dcceac250889e64349048a884b89ea466b5c12c3bf42723c761a023161299a61da6177c10d787867812ab12573658fb3721b5bf34b038d027f9393bc61812a4e2f6e69fb2c227a5786c95117ff2cad9e6e0918d59f4bd04b8a4cbbff671764fadc93df114ce2d89732f4b24308b6ea309cd360b37e2b37cd9ae3f5523c7edf92050efdf760911331b1acb82dca2fe1750342f2a376e6e3d68b9a93cd8dc7061b4a29469b4cb4cff49ecc9e7ca29993b2f9968cabb73200aa6a2adf3e16464dfe82cdfa6f015f030d5d362733c
1787431173.713239 vent discovery/pairing handshake (vent powered) RSSI spike: -41.0
  -> 255 39c84e34c8870a6fd880750fdaa81f09e8385e33058f37db7efb8dc88aa889aaaa69058ceb2b0dc5c79fa91ad09b172c86de65fb016f13cd894c6bad96bd8424b65ab272ba8609afc1316e81d42d39f4bee9253c28a16d6f0f88ce626487a12256c3f9113c94562179528d2e909c147d4ffa8d5e9de18011bd7b51eb3271be4564ee8e2f575255f5a838f08f559544333cc1acece49126aaa21c89dfd3ca912d3c246fcbe6f14fc4098db0c1c7cbefed1f7aa22d2fd2e4378328d8faaab0e80c652025ccd1387a4dd52c333524abe5a440b29234590e54149ef8233868fa3a4fc63d7b00f7776ea8753d62cd2e662d52fe4c2f8fe4e0d6869e50feae6bc113
1787431173.713567 vent discovery/pairing handshake (vent powered) RSSI spike: -39.5
  -> 255 3c6bdc261fadf216601c741756b4a21928a6dcf553600e8e0c3ce978ccb6d217f51d7eb17fa95ed1caedba82dd0b90cb99dff9c86ad43062b11af77d65a1b41ae204eac863a12e9e8d0450e0d4e19fa61504dc6aa1219319122368ba4da9da27c634e785c36917d70fe4f1539f77c5893643c9c8a8628631beaec5bb1b8401e03dfd3960ad5077b1bb3b7170326ab4a2b11586676c621cc0936d465a086b426868d937263ba517e75ad805b41abf8ea7de48d1a348ce5c0de69d5bcb8a1cbdc644862ae3260b21a5ace9b3dc560168f45bacd5c7dbb2d9fb0ff29dccbc8a165e5bccc0a0a78806ed0d1c21d5fbf8c1666e5f2d232f997047fafc4e54882f83
1787431173.7138188 vent discovery/pairing handshake (vent powered) RSSI spike: -42.0
  -> 255 acd7905539ae4dfeafcbce551d52859db7bf212fe87020ddc5ac1f892efce119449b35acf5f4d0671683f490a7263c92339dc51423c75460c32f7f9ca22908f52d17c99d7593b527f43cb785fb10356c006f8b6a1bf7cfdacf182cdfa478183b4e951f6974c2a8c96f907647816eea0f5a1ec12f232bd52ea82b7c11b18429ab2a927eea1720f9dcb2f617a01e47436580f8851545814b71f65b683be1835be29d15ed00a26d7511c87e95c76ed0d589f1da946ecf0adbaba785df001f2f7b57f25ac50c28aeb729e3443767a2c1f858134255b52dcf0e8a52da7c215d87cdf3399a18f99d6625eedfa5957500fc6d09842def792cbc8886ee8eeba31317f7
1787431173.7141278 vent discovery/pairing handshake (vent powered) RSSI spike: -42.0
  -> 255 04a701d5c52d80cc5da4b364c68645319525ced276496dfd59bd8d94a0535432818392f6b049239d9afad179ff955aa4c7a2107988790c5e10856a66d6243c2a2d277c7032a37e88ffd6bbff94d99974ee673742c68c08a8c02b704b98a68c16e823ee416889d9e5ecd371a95bb3037333db595fe4611d3245881ca8f4ea999e7c1d42038acb1202a7358d613f710ed756b0d42ac3584e4908c3f99fe658f647d3396036004163f0ace3c172c5f1b35e8edc60f1e109f21ae67692cc690d68ce6932aea4269dce60b34a4cd1a5c3c8550644232f2d1e26595c7b327cd5e6a86aa66b4a7a7f3de9300d975720323ab036d7fd1296fc70258f2981681c28e92a
1787431173.714373 vent discovery/pairing handshake (vent powered) RSSI spike: -43.0
  -> 255 5944744428d7d14f6c2e523126c362dfd6a3f8f5ce48ab69cf7ecc5183fe2c3d6c61942d8224c637dd64850c3f39143b9be8cc1b7a15d6861802c0c1c9002bac997559f2e162435ab9227e247636a658cc6e4d6ad58c1f58cac109cedff27c11023b66e3112ad0ee627aaa62c2e8b3c2f5a63db9e8bbde9614c193cac9c774e06112042f7c062469cb9efc256805e0bbe4ea4fbdcdba5ea80a98df1461f22cb4101d484f93019b2e57cbc641a2a5dd4fea142f0d3dc4e0a9e3748ddd8e78e37ebe8e312c4a542794e74d1da51e0acbe500f2c837f08867309fdbafcdc4d65df1efe792086293a58fe39ba81ddeff161464eec988d5cc04c0351a81144e19a2
1787431173.7146492 vent discovery/pairing handshake (vent powered) RSSI spike: -40.0
  -> 255 71c64746fe49aae38ad5767cc47ddba78e1d2f7e73d749e3991008ca77403f0c464db9bbe7431764d1d9c94c3f26aea57e638e99f1ad3783f7426fa1157e3f82fc5ed97e3a287735d1c4e73681c4c67a4d5285f129d8c28f05159bde630acd7968c7880d485254459b368e2fb2b9eb20cf0a7122a8136c2ce4f59b3e45f0ac8869f531a3f61e220d2e2866d18e3fcbb0c7360cd9a6c01d6e2ca757ed1ce521fbf7e75425cdd50b4128ac04a315891ed23b723a7fefc14983e40001dff5a67de010f244a206471793b86e1d886aef1d879f593a402e44283fd4cb0d4b059bcf9388fb79957a54983127ff1333b6aa9ef0222c7e861569f7afc179ac3b61bec0
1787431173.714869 vent discovery/pairing handshake (vent powered) RSSI spike: -42.0
  -> 255 4b07e69c08c44da7f7719508cdd30a018fe1b0cf126a9556b4ba327efbb65750d19e7ada9ecaa7134c885dcba75cfe1aadf02e7a441205f59cfcbb532e1d4bce37c5a7e4614e4fce99f26bedbdc7647792ff492f0a2fef3c0a45ebbac9eb1a420573d4ced35c37e28e42010bb43abcd430c97f404fce8450a682f284f00b943d2ab54dc026725e961d3c287e1000dc944a310d03c2e4f8c61a43969ae4c0c1a4fe3a146904896d26d179a6c8b39778d0a35c7cf90b0fb2e3893070b63ebe98159252cdf9b3e7ee5efdc9261c979755813277e525b31b8d1617f6edf01023ba75aa9a12356d60bf34cd3beeeec0574c2a70932b57bcea45edf8d90de051bfa3
1787431173.715132 vent discovery/pairing handshake (vent powered) RSSI spike: -41.5
  -> 255 65d1a217dc7a1eed61bf002b16f7b51111b23d9cb24f45e322ce241c88a732e222a2311a32c6e2ef626815b88f8de92a0d643645eb82a3c0243311e2175eedf5588abcf05383efe8edf5ad2913d9a44c024a12731ea7f28447778ed3411675708c819ec2ed4acbebea249d86873f63e428622e1a54ee3eaf6948441290f159aacc3779503a9ad73033bf7e37e74dedb79c2bce4462f17c1977eb7ee11cabd8eadb217034bf643dff8b5b969286a635fe3f6a33d2b82898cf8cabff4b874fcfbd9598312b830f0bf8bad4c1f7cd250a142ba15807bfb0545e6f7242fc54c57e5096f660bb0b14739149f635bb9b5f8dbf305f3217a5b458236681681e783718
1787431173.71538 vent discovery/pairing handshake (vent powered) RSSI spike: -43.0
  -> 255 a6110b37fce43a521e0eb56bceb88eef7f3b987f9c73ccc4bbae2c386059aa49b2d3dd28e41d2bdf4c663e9d1924190e57db76b31ad51e9721bed35c584f6f2437b402c1bbfe06eb290c12402a4e4f1d89e273ca38171deacb76b6654501b0210986e840923aa5bea60a87d44273014a60ef2279df266e9ff37c78fe57fc07fa6208a362bc5909c429596e7ab30459d95202774a4e40a7c7870780bebbc533c22039b588cb0f63c45bf82547a3b51ad1ba2d3a8809887ff3393d32041b76b4af4f401b8c9e55157e8bafd06c6c7df7af9f6702e880511128eb798c0dbf9014a14a062ab64d056234142a89878f7d500181b315beff7e9b74084776ff7a29dc
1787431173.7156322 vent discovery/pairing handshake (vent powered) RSSI spike: -39.5
  -> 255 4f44760d5ccca7e0b240437f6ebe0132b1b2efc0a020e4cb3f7861d565f6b6daa67e3189a6f77e7c649d17ee7814144816ff4a97ec4fff2073d2c19c324b97ce758c704caf74f26ed43de68be2076c84061e0ac31164165c2cbf99e3ba70eeea6d5cb2f06f3987d0c270e61d20831fbdb8a646da5beca47840c4216c773c56824a067a4a330fa95f481761bb5e967f41c6b071641b2314c84b024212604aab5d60637b41768fa0070747d48e85ebbf0b9821dd400278a27c1a2e340223c5c8e155f7ce6cdeb2cc15c6525e5466e6d7f6668ed89e6fb10ce6ac9751a05bcff2ef2c4e110a0b78224c01679959ad3129870c363a416e30aa93fd85c4471cf129
1787431173.715872 vent discovery/pairing handshake (vent powered) RSSI spike: -43.0
  -> 255 6f41efd0b7cfc817741befbb1fce033912524a1dafd494020230950a787171c1d95bb70c957ff7f2e4451fa10a953d6f979a81cbdb7fe7b7c1be004d18120a0e35967731f0127a022925ac86b8d751d5a2a83276a25487ff90109b4ad3b847719053cb561200de638a77f5b66dcde1cccd7a5b16d19a49ffb52e5143ff0c3adc31bd9780a1b32f92b53755f6d79a5022fc51982363c90dd7265b8ffaf634f2e2e11ae0aa5b934014362ef9cf084601bc6e108967ae579b151dab493c366cc4cc832eb01742a32c90eff658e7c0adc1fa25fef198539e0669d398a19eb3400e9e03a823e80466db219ac349714f6befd8031a80369725a88171d1b9d3b998e3
1787431173.716125 vent discovery/pairing handshake (vent powered) RSSI spike: -41.5
  -> 255 d8f3faba1080f0f96e6b5bfc264750d111138ca2440facedacc3b9a04f7d510b56c2b35e5b2e420c4d3821ed17d7b1a7d43ba5188854076a4e18beb669cf9d6d82e82314bb4c27b342abf1211dc917db986ef932eca13e96d0abfa4ce1e302836ce566632cb086be210730cb4d222062043198644e704698e0958c5211ab422d0721633a65c3de6fa14f33f3316de18591d444ae432c7c2ed7a27a66fb58820f5637850d98d73b52410b3f6972c67f54a0cce68dfee35fa107469b801a78e493e3762bd2a1b6370ee7de252b90119540088a5917bc3db78f7326f0f007339f06e4cf2c1db4e39482fde152c54dedd7c01f7b25be9b8f04c703864bfa95406a
1787431173.71639 vent discovery/pairing handshake (vent powered) RSSI spike: -43.0
  -> 255 8451de59a953862194adc579ef07cf61c49a5aa60da59770882f5e91628eef8d92cfc5a102e4ce19f009de3c4aa4b4dc0375ce802134b547f9121ebc255cc8d14f4cf9a3bb6c18cf449100b2280ccd4f863247b5a65a182027c408dd29d342337b1e79fc4c4ac835b0f1191404aede29f77a8926d0c01aeac849967974aac2aa3fb3c0729d0d94e8c8adc88d7cbb02ea7bad35aac078a094f96e89c7a3a2e37981be3f3c42c9129b9a2818ef932cd06b3b341acc58d3a4c677f1f3554dbe5367c9b18993c7bbacaef6c16704e115a00143996c6c691719c061154c174a3b80673e59736dcc04f915259393840cbeb7dd7f1ab2575765bf06b123df6d9aa0ef
1787431173.716626 vent discovery/pairing handshake (vent powered) RSSI spike: -41.5
  -> 255 321110aea4fb72285bcfd3309efe6fd02a50aed0b6e890f8cc3ae7342c00fef17bca7fb1a61d83f7d4f91f1838df991e9b41aa30623d596f55a5ce5a32fb5028c1045b836055ded2a59f194b3b331441e0a9acb7fa0717dee0ed1e3921f630325f7001e655505d0151f5c812eafb363e3e11e2322f4c87e653b63869784fee1718525726b9b0e7440ac224635f90484bcd4e11060334f91d0e57903d47badd658bf63e631adfcb64154eb30fcc75f6b692b5cd2d6c78bd321ddc29e7942ddc701373a3aeecf79b08028878838fbe158c472accdcfa47d1537ac32a1e4b25f1f5b71cc2b633ecfb8867155874346f89e108c5a0ffb59cd66375a9a6d582fa42
1787431173.716871 vent discovery/pairing handshake (vent powered) RSSI spike: -41.0
  -> 255 074dc378f3c7f306b34f0500bd24459ccccbcf8d81befbbceed695ce0fa08157c8781986383a14aed1072935c2178dcccbb7c6d21594a5e59092f34ed07471e02f375108b01f67c1edcc36edabaf148332555f2e7d8b431a6ac63f4cba74a8e6533f1e43449dc5c461454d2a97302f5e388942566ef466376e4bd2779c3b04d40351ae71bc991ef7ae85d2b925c480e5acc74b06b5147fc595f0e38eb41bd9c92c701a84119a60604c9a72a300194e3232f18f20c38345de4042e880f89001848499d6a4e97a53bb26095e243133a0350bf5e5ed540f57b2f9887b3374e3e7adf7f89586ba1c09326b8005ac332264027b255d1e9e33a6da13adbd19d5e962
1787431173.717124 vent discovery/pairing handshake (vent powered) RSSI spike: -40.5
  -> 255 352786ee0bab5fdebacba93328f84735ea643810aebd4f54b63e09afe27143ddd3c06e54d7c343e5b35a24af5e2bdf39cf9bbb83dea907fd7cbbbf32d44fa08edc9b6f40a3e72f8e311f3c98929ef1dba97cd0fcc9fb11409a6922fb880c7fa080d97779ee454fd29fd57da7bb36839cad48364afcd02c31b6a07790eb5470e9487138cee0e7d79482e88c075d3f503b0ca4893dc1fdacc3811b0beee630d5bb432207605009098d8aab79dcdf2be52e75f1ffea1bc2c3d5d9d96005810a4c6a5731d8f6c9349b438b8c805b6446c79306a3f98220ef60fa8b90cb8514eda4bb04f212e92bcafe61ae027c764c8d97efa6c1f7588541f94a67f28bfc02c318
1787431173.717377 vent discovery/pairing handshake (vent powered) RSSI spike: -40.5
  -> 255 5245116518383ed1538cd2910a4cbdaa4a28dcc17e9b12984503fec44707b5f179276d0382ab9fabbb7d78d329183f183261ad44bb217ca554737329cf529222645983feffa153570c5a796cc5d846c3b2bcab011f44ae946fb84218bd7ba4fa84d99d81cf7e1336ec6949541d239df71b144ee1d337cbe998befbf82ab2455e9ff7544fc629c22d2de33bcbf168a9521668078ad1c5350c595bb4d50f437c5475f1159ba440066f9bec221c23c026f8d576565f27955ae7e021aa1c2f8d94cf22c3af6f5d524788d9a220a56c38b7409c43c0a46ff0a956f293fdce1e0cf8b3b1436d95b3fe91d6c0169a557abf148c4074664b210c7608e99f29d8fc9f61
1787431173.717647 vent discovery/pairing handshake (vent powered) RSSI spike: -41.0
  -> 255 f6e83bac4b00c0abe95103afe2969324f7b451bb1d41962abad0c45d93fb5fc090971ca9cdcac10bceffba6fdfe63826630a6c0b1be990d049fde15ca24bbfce4c0a9d0ef801fd2a813507f1326bb365dd859b47bc8e14a660f390df106c82a47134bea3515df2d58d6e50ba73f93c7faca41de9cbbe3ef7b4c99a5dbc99d84f09535c45292c105a9e42cb3f6e6628fd1550bf830ed99db33de78351179a8c3f6c4b626877a3b8afdf7bd7a43917eee93b09379fa0d19bc2920f4ee6733f7bd7ad5190de97f1303d6438dd165f11f0b46181f187fc952a18d671027f7948899b626969a5427acaaa66ec9fed789f030a5558fa75e506f44f2d3bd5208cfc8c
1787431173.71791 vent discovery/pairing handshake (vent powered) RSSI spike: -40.5
  -> 255 e9735961aac0ea98a93e231549376384fe90e9e2a1ec687a06cb9d8a04126c4512547ee832178acfe1d128cde12b28cb757d94f9f074780b493a7deeb60f407fb63fbc2d21e874ce8967fd3fe3fa9ed246f886398ef34ef5bd859b060ad7331d5bc353d1b2790965fb79cc5fbf475c01395007f3ffd1141556ff0b0196a6416a86007ad2cae0bf62b7aa5b8ef6b1a7277a2bf7fcf97002851362f7cb839306ba2ead6fa7baeb68401159c353b625b7920f98ed7330f95aca9d0706a33186bca57c8718bccd04352e0af9d51c965abd12f335a4a3e78531d2449ecf44e420774c9c6329dbc08aa038d292bf39022179f137eed6d837dfb21798e2cf3ce565ce
1787431173.718153 vent discovery/pairing handshake (vent powered) RSSI spike: -42.5
  -> 255 67ca8e9d45d1d864cb53b8f73580224ecd724bcff43dd6f77679a48b000ed8a71db48b8f2d3297c4d832ad8660804fcaf07bd9fd53fd59ecdc040ad90b22ed3a99370d72cfa16ffef7f837a3d8f8c725fe67e05f1d48669d8c4a9a182b9e1b2ba0a5be2f33b503596f40462409802566dd4b4e20d8ebce80aa2e66db8ac116002b8ad3759b9090e348720bc09a7be7458620636e16e6a6c1683705bfc49786213b37dd2d428f3df5c19af81e08a73bbfb6cb8aafd25b4922ecdb64371b8f4834e0357830813973ba40b3fd9255decd5e4fafb42a88e3f7f9b7b580848b1241134b1881e347e931b2d3c1e127e918d4b033c494f831a4f07f2a6fc67ffc02b6
1787431173.718388 vent discovery/pairing handshake (vent powered) RSSI spike: -41.0
  -> 255 0e840288a464b26a4c7cb0d6c67c8b5dd8d27269a3115d5d2b3fd69779c0f2f846a0250016da6e8f6ea2e9ef43d6a1f87bf7fc09237104b654d74db5cc96b27976bd43d55e7127d773414207e5c47bb6ca27014d3ed11c059486123280f51292b35f4f840c14957776bfeadfe8b8328be442c1aa246758a6140f3c878ffe3b15368111e3966fc3dbe50aabf32fa577c10bcb75c8228d104602e135b9f9e2d56ff8953d103a26086b03deda000fa6cb1b82c7ae5361e2a674fb1e026b756223b9d69ea627b43cfd9e33886046e4881f99b1ac9f5cc45ab6a08d76733c6d11f27e6817d2f9e23df4c00b1a75b7e47d88e0e3604c77affc76f252af7d45c586da
1787431173.718612 vent discovery/pairing handshake (vent powered) RSSI spike: -42.5
  -> 255 d9ffac5758db803097af1505b99f6dfa7a747aa3161cd29df1c4d0ef850d07b3d9bb16589bfd6b0128358bb420f9c0e9159af039104dd76dd06dbdf3b864abe15ee08291d9457e92f94398b90df523ce103746a0412bf604954161330c834a2e54fa524861a20b2c2bfd39ceaaa9c0244ec456c2637db34b0b1467f988a0da1e0ccac6cdc67247820199e66f5b3cb1fc0835ca878722287daf521b2eb9979e3112b0bfc874e7e5e845c6b8d09ace6f6ec90ebf1849f6ae85db5e38f1110676580c506484c93609f85a3002677ceb035b9472ecb0fa0035586dc4a2f4142aa94994a62e0bb795cd28c085fb5ea89b8ce043638d51bcb3df8ac88608ee340c52
1787431173.7188668 vent discovery/pairing handshake (vent powered) RSSI spike: -40.5
  -> 255 87a88c7097ce573a6e096835cd4afb933a5b15eb71d687f1a4b382a0740fbf4e2d5ae8c0bb363b976a34fd303ccd350934b72175e497410af29a7fcf493f4954509281796c0132eac76640d75fcac58c7278f9ce95c6395800fea1936c29640b1f4bc5280a01632fbfa1071ea33c596ac3add43a390351648cb3378f2ff41fcbef452087b999ec91f10656a5ffd87614df753b93a71da343b9e63fdb05058177350682e62d52d5fdd531175a9f4d62422141c753b25bef05c95cb955bc14460bfea56556329b2b65aeab0fb36ba25de82320845e714bde0495636103a0ea4501ce5421c4ba28d36dfe3ea7e4341453c30ff9d8485f86223cf1acafd04e4e71
1787431173.7191098 vent discovery/pairing handshake (vent powered) RSSI spike: -73.0
  -> 255 0bc8d5863b8e6b3bbae75cf22d58f1e484168983d1692728ee402bfcd07ae7f06142dad019974155e3d59e5ad6c86161e6b2840bde82ac236f6e35e57ac424cea43cd957a99bdc9d0829be17a746465dd9ad0e998fba77035cdf156905787c70e20fa7bf414c2caa66622eb0796197809a4841676e3cf8953a99265ee6518910d7fd2557fb6dbbbd988717956d896762b8fd282894a2decf76f108626c773c05c641ee07440192906177419a1ade8c124df4ac349be49d2a34937cfcd399db7b9f9e713e5a86da949b9719c010f9e073d77673c3763769cc4a82999f656ca4981b98f5f3e5ce7108baac0de1f505fb23383864027b3d163caeb77c8ec17d3e
  ...heartbeat: 940000 iters, 231.5s elapsed, 1400 hits so far
  ...heartbeat: 960000 iters, 236.3s elapsed, 1400 hits so far
  ...heartbeat: 980000 iters, 241.2s elapsed, 1400 hits so far
  ...heartbeat: 1000000 iters, 246.0s elapsed, 1400 hits so far
  ...heartbeat: 1020000 iters, 250.8s elapsed, 1400 hits so far
