name,type,start_time,duration,"error","data"
"ch0","data",2.3116615,0.000082,"framing",0x00
"ch1","data",2.312662,0.000082,"framing",0x00
"ch1","data",2.475066,0.000082,"framing",0x73
"ch1","data",2.4751995,0.000082,"framing",0x6C
"ch1","data",2.4753325,0.000082,,0x00
"ch1","data",2.475426,0.000082,,0x6C
"ch1","data",2.4755195,0.000082,"framing",0x9C
"ch1","data",2.475653,0.000082,"framing",0x9E
"ch1","data",2.475773,0.000082,,0x7C
"ch1","data",2.4758665,0.000082,,0x00
"ch1","data",2.47596,0.000082,"framing",0x8C
"ch1","data",2.476067,0.000082,,0x6C
"ch1","data",2.47616,0.000082,"framing",0xE0
"ch1","data",2.476267,0.000082,,0x7C
"ch1","data",2.4763735,0.000082,"framing",0x02
"ch1","data",2.476494,0.000082,"framing",0x0C
"ch1","data",2.4766275,0.000082,"framing",0x0C
"ch1","data",2.476761,0.000082,"framing",0x0C
"ch1","data",2.476894,0.000082,"framing",0x8C
"ch1","data",2.4770275,0.000082,"framing",0x0C
"ch1","data",2.477161,0.000082,"framing",0x6C
"ch1","data",2.4772945,0.000082,"framing",0xEC
"ch1","data",2.477428,0.000082,,0x0C
"ch1","data",2.477535,0.000082,"framing",0x63
"ch1","data",2.4776415,0.000082,,0x7C
"ch1","data",2.477735,0.000082,,0x8E
"ch1","data",2.477842,0.000082,"framing",0x83
"ch1","data",2.477975,0.000082,"framing",0x02
"ch1","data",2.4780955,0.000082,"framing",0xEC
"ch1","data",2.478242,0.000082,"framing",0x12
"ch1","data",2.4783755,0.000082,"framing",0x92
"ch1","data",2.478509,0.000082,"framing",0x72
"ch1","data",2.4786425,0.000082,"framing",0x92
"ch1","data",2.478776,0.000082,,0x62
"ch1","data",2.478896,0.000082,"framing",0x6C
"ch1","data",2.4790295,0.000082,,0x0C
"ch1","data",2.4791365,0.000082,"framing",0x63
"ch1","data",2.4792965,0.000082,"framing",0x8C
"ch1","data",2.4794435,0.000082,,0xF3
"ch1","data",2.4795365,0.000082,,0x6E
"ch1","data",2.47967,0.000082,"framing",0x6E
"ch1","data",2.4797905,0.000082,"framing",0x9F
"ch1","data",2.479964,0.000082,,0x6C
"ch1","data",2.4800705,0.000082,,0x6E
"ch1","data",2.480204,0.000082,"framing",0x6E
"ch1","data",2.480324,0.000082,"framing",0x9C
"ch1","data",2.480431,0.000082,"framing",0xE2
"ch1","data",2.4805375,0.000082,,0xEC
"ch1","data",2.480631,0.000082,"framing",0x0C
"ch1","data",2.480738,0.000082,,0x63
"ch1","data",2.4808445,0.000082,,0x1C
"ch1","data",2.480938,0.000082,,0x70
"ch1","data",2.4810315,0.000082,,0xEC
"ch1","data",2.481125,0.000082,"framing",0x8E
"ch1","data",2.4812315,0.000082,"framing",0x6C
"ch1","data",2.4813385,0.000082,"framing",0x72
"ch1","data",2.481472,0.000082,"framing",0x6C
"ch1","data",2.4816055,0.000082,"framing",0x73
"ch1","data",2.481739,0.000082,"framing",0x6C
"ch1","data",2.4831115,0.000082,,0x70
"ch1","data",2.4832185,0.000082,,0xF2
"ch1","data",2.483312,0.000082,,0x6E
"ch1","data",2.4834055,0.000082,"framing",0xE0
"ch1","data",2.483512,0.000082,,0x10
"ch1","data",2.483619,0.000082,"framing",0x03
"ch1","data",2.483739,0.000082,"framing",0x0C
"ch1","data",2.4838725,0.000082,"framing",0x0C
"ch1","data",2.4840195,0.000082,"framing",0x83
"ch1","data",2.4841395,0.000082,"framing",0x0C
"ch1","data",2.484273,0.000082,"framing",0x6C
"ch1","data",2.4844065,0.000082,"framing",0x0C
"ch1","data",2.48454,0.000082,"framing",0x0C
"ch1","data",2.484673,0.000082,"framing",0x0C
"ch1","data",2.4848065,0.000082,"framing",0x0C
"ch1","data",2.48494,0.000082,"framing",0x0C
"ch1","data",2.4850735,0.000082,,0x0C
"ch1","data",2.4851805,0.000082,"framing",0x63
"ch1","data",2.4853405,0.000082,,0x0C
"ch1","data",2.4854475,0.000082,,0x6F
"ch1","data",2.4855405,0.000082,"framing",0xE2
"ch1","data",2.4856475,0.000082,,0x7C
"ch1","data",2.4857545,0.000082,"framing",0x03
"ch1","data",2.4858745,0.000082,"framing",0x6C
"ch1","data",2.486008,0.000082,"framing",0xEC
"ch1","data",2.4861415,0.000082,"framing",0x8C
"ch1","data",2.486275,0.000082,"framing",0x0C
"ch1","data",2.486408,0.000082,,0x0C
"ch1","data",2.486515,0.000082,"framing",0x62
"ch1","data",2.486675,0.000082,"framing",0x8C
"ch1","data",2.486822,0.000082,,0xF2
"ch1","data",2.4869155,0.000082,,0x6F
"ch1","data",2.487049,0.000082,,0x6F
"ch1","data",2.4871425,0.000082,"framing",0xEF
"ch1","data",2.487249,0.000082,,0x00
"ch1","data",2.4873425,0.000082,"framing",0x6C
"ch1","data",2.487476,0.000082,,0x8C
"ch1","data",2.4875695,0.000082,"framing",0x8F
"ch1","data",2.487743,0.000082,,0x6C
"ch1","data",2.4878495,0.000082,"framing",0x60
"ch1","data",2.4879565,0.000082,,0x03
"ch1","data",2.4891015,0.000082,,0x90
"ch1","data",2.489208,0.000082,"framing",0x12
"ch1","data",2.4893415,0.000082,,0x12
"ch1","data",2.489435,0.000082,"framing",0x6E
"ch1","data",2.4895685,0.000082,"framing",0x6E
"ch1","data",2.4897285,0.000082,"framing",0x0C
"ch1","data",2.489862,0.000082,,0x6C
"ch1","data",2.489969,0.000082,"framing",0x60
"ch1","data",2.4900755,0.000082,,0x02
"ch1","data",2.490169,0.000082,,0x0E
"ch1","data",2.490276,0.000082,,0x03
"ch1","data",2.4903695,0.000082,,0x6F
"ch1","data",2.490476,0.000082,,0x72
"ch1","data",2.4905695,0.000082,,0x8E
"ch1","data",2.4906765,0.000082,"framing",0x93
"ch1","data",2.4908095,0.000082,,0x92
"ch1","data",2.490903,0.000082,"framing",0x6E
"ch1","data",2.4910635,0.000082,"framing",0x0C
"ch1","data",2.491197,0.000082,"framing",0x0C
"ch1","data",2.4913435,0.000082,"framing",0x72
"ch1","data",2.4914635,0.000082,"framing",0x0C
"ch1","data",2.491597,0.000082,,0x6C
"ch1","data",2.491704,0.000082,"framing",0x60
"ch1","data",2.4918105,0.000082,,0x02
"ch1","data",2.491904,0.000082,,0x70
"ch1","data",2.492011,0.000082,,0xF3
"ch1","data",2.4921045,0.000082,,0x6F
"ch1","data",2.4921975,0.000082,"framing",0xE0
"ch1","data",2.4923045,0.000082,,0x10
"ch1","data",2.4924115,0.000082,"framing",0x03
"ch1","data",2.4925315,0.000082,"framing",0x0C
"ch1","data",2.492665,0.000082,"framing",0x0C
"ch1","data",2.4928115,0.000082,"framing",0x72
"ch1","data",2.492932,0.000082,,0x8C
"ch1","data",2.493025,0.000082,"framing",0x9C
"ch1","data",2.4931585,0.000082,"framing",0x9C
"ch1","data",2.4932655,0.000082,"framing",0xE2
"ch1","data",2.493372,0.000082,,0xE0
"ch1","data",2.4934655,0.000082,"framing",0x0C
"ch1","data",2.493599,0.000082,"framing",0x0C
"ch1","data",2.4937325,0.000082,"framing",0x0C
"ch1","data",2.493866,0.000082,,0x0C
"ch1","data",2.493973,0.000082,"framing",0x63
"ch1","data",2.494133,0.000082,,0x0C
"ch1","data",2.4942395,0.000082,,0x6E
"ch1","data",2.494333,0.000082,"framing",0xE2
"ch1","data",2.49444,0.000082,,0x7C
"ch1","data",2.4945465,0.000082,"framing",0x02
"ch1","data",2.494667,0.000082,,0x8C
"ch1","data",2.49476,0.000082,"framing",0x8E
"ch1","data",2.4948805,0.000082,,0x1C
"ch1","data",2.4949735,0.000082,,0x8C
"ch1","data",2.495067,0.000082,,0x0C
"ch1","data",2.495174,0.000082,"framing",0x62
"ch1","data",2.495334,0.000082,"framing",0x8C
"ch1","data",2.495481,0.000082,,0xF3
"ch1","data",2.4955745,0.000082,,0x6F
"ch1","data",2.495708,0.000082,,0x6F
"ch1","data",2.495801,0.000082,"framing",0xEE
"ch1","data",2.495908,0.000082,,0x00
"ch1","data",2.4960015,0.000082,"framing",0x0C
"ch1","data",2.496135,0.000082,"framing",0x0C
"ch1","data",2.4962685,0.000082,,0x6C
"ch1","data",2.496375,0.000082,"framing",0x60
"ch1","data",2.496482,0.000082,,0x03
"ch1","data",2.4969285,0.000082,,0x90
"ch1","data",2.497035,0.000082,"framing",0x12
"ch1","data",2.4971685,0.000082,,0x12
"ch1","data",2.497262,0.000082,"framing",0x6E
"ch1","data",2.4973955,0.000082,"framing",0x6E
"ch1","data",2.4975555,0.000082,"framing",0x0C
"ch1","data",2.497689,0.000082,,0x6C
"ch1","data",2.497796,0.000082,"framing",0x60
"ch1","data",2.4979025,0.000082,,0x02
"ch1","data",2.497996,0.000082,,0x0E
"ch1","data",2.498103,0.000082,,0x03
"ch1","data",2.498196,0.000082,,0x6E
"ch1","data",2.498303,0.000082,,0x72
"ch1","data",2.4983965,0.000082,,0x8F
"ch1","data",2.498503,0.000082,"framing",0x92
"ch1","data",2.4986365,0.000082,,0x92
"ch1","data",2.49873,0.000082,"framing",0x6E
"ch1","data",2.49889,0.000082,"framing",0x0C
"ch1","data",2.4990235,0.000082,"framing",0x0C
"ch1","data",2.4991705,0.000082,"framing",0x92
"ch1","data",2.4992905,0.000082,"framing",0xEC
"ch1","data",2.4994375,0.000082,,0x93
"ch1","data",2.499531,0.000082,"framing",0x60
"ch1","data",2.4996375,0.000082,,0x02
"ch1","data",2.499731,0.000082,,0x0E
"ch1","data",2.499838,0.000082,"framing",0x73
"ch1","data",2.499971,0.000082,"framing",0x92
"ch1","data",2.5001045,0.000082,,0x92
"ch1","data",2.500198,0.000082,"framing",0x6E
"ch1","data",2.5003585,0.000082,"framing",0x0C
"ch1","data",2.5004915,0.000082,"framing",0x0C
"ch1","data",2.5006385,0.000082,"framing",0x92
"ch1","data",2.5007585,0.000082,"framing",0xEC
"ch1","data",2.5009055,0.000082,,0x92
"ch1","data",2.500999,0.000082,"framing",0x60
"ch1","data",2.5011055,0.000082,,0x02
"ch1","data",2.501199,0.000082,"framing",0x72
"ch1","data",2.5013325,0.000082,"framing",0x6C
"ch1","data",2.501466,0.000082,,0x8C
"ch1","data",2.501573,0.000082,"framing",0x63
"ch1","data",2.501706,0.000082,,0xF2
"ch1","data",2.5017995,0.000082,,0x6E
"ch1","data",2.501933,0.000082,"framing",0x6E
"ch1","data",2.502053,0.000082,"framing",0x9E
"ch1","data",2.5022265,0.000082,,0x8C
"ch1","data",2.50232,0.000082,"framing",0x9E
"ch1","data",2.502427,0.000082,"framing",0x70
"ch1","data",2.5025335,0.000082,,0x7C
"ch1","data",2.502627,0.000082,,0x0C
"ch1","data",2.5027205,0.000082,"framing",0x8E
"ch1","data",2.5028675,0.000082,,0x63
"ch1","data",2.5029605,0.000082,"framing",0x70
"ch1","data",2.5030675,0.000082,,0x00
"ch1","data",2.503161,0.000082,,0x6C
"ch1","data",2.5032675,0.000082,"framing",0x62
"ch1","data",2.503428,0.000082,"framing",0x8C
"ch1","data",2.5035745,0.000082,,0x12
"ch1","data",2.503668,0.000082,,0x6E
"ch1","data",2.503775,0.000082,,0x70
"ch1","data",2.5038685,0.000082,,0x60
"ch1","data",2.503975,0.000082,"framing",0x12
"ch1","data",2.5041085,0.000082,"framing",0x62
"ch1","data",2.504242,0.000082,"framing",0x82
"ch1","data",2.5043755,0.000082,"framing",0x12
"ch1","data",2.504509,0.000082,"framing",0x63
"ch1","data",2.5046425,0.000082,"framing",0x93
"ch1","data",2.504776,0.000082,"framing",0x63
"ch1","data",2.5049095,0.000082,"framing",0x83
"ch1","data",2.5050425,0.000082,,0xF2
"ch1","data",2.505136,0.000082,"framing",0x6E
"ch1","data",2.5052695,0.000082,"framing",0x6E
"ch1","data",2.505443,0.000082,"framing",0xF2
"ch1","data",2.5055765,0.000082,,0x92
"ch1","data",2.50567,0.000082,,0x6E
"ch1","data",2.5057635,0.000082,"framing",0xE0
"ch1","data",2.50587,0.000082,,0x62
"ch1","data",2.505977,0.000082,,0x82
"ch1","data",2.5060705,0.000082,"framing",0x6F
"ch1","data",2.506204,0.000082,,0x63
"ch1","data",2.5063105,0.000082,,0x70
"ch1","data",2.506404,0.000082,,0x7E
"ch1","data",2.506511,0.000082,,0x93
"ch1","data",2.506604,0.000082,,0x6E
"ch1","data",2.5066975,0.000082,"framing",0x0E
"ch1","data",2.5068045,0.000082,"framing",0x6C
"ch1","data",2.506938,0.000082,"framing",0x1C
"ch1","data",2.5070445,0.000082,,0x82
"ch1","data",2.507138,0.000082,,0x6E
"ch1","data",2.5072315,0.000082,"framing",0xE0
"ch1","data",2.5073385,0.000082,,0x8F
"ch1","data",2.507445,0.000082,,0x02
"ch1","data",2.5075385,0.000082,"framing",0x6E
"ch1","data",2.5076985,0.000082,"framing",0xEC
"ch1","data",2.5078185,0.000082,"framing",0x92
"ch1","data",2.507939,0.000082,"framing",0x6F
"ch1","data",2.5080455,0.000082,,0x7E
"ch1","data",2.508139,0.000082,,0x12
"ch1","data",2.508246,0.000082,,0x63
"ch1","data",2.508366,0.000082,"framing",0x0C
"ch1","data",2.5084995,0.000082,"framing",0x0C
"ch1","data",2.508633,0.000082,"framing",0x0C
"ch1","data",2.5087665,0.000082,"framing",0xEC
"ch1","data",2.5089,0.000082,"framing",0x8C
"ch1","data",2.509033,0.000082,"framing",0x0C
"ch1","data",2.5091665,0.000082,,0x6C
"ch1","data",2.5092735,0.000082,"framing",0x6C
"ch1","data",2.50938,0.000082,,0x70
"ch1","data",2.5094735,0.000082,,0x62
"ch1","data",2.5095805,0.000082,"framing",0x83
"ch1","data",2.509714,0.000082,,0x93
"ch1","data",2.5098075,0.000082,"framing",0x60
"ch1","data",2.509914,0.000082,,0x02
"ch1","data",2.5100075,0.000082,"framing",0x1C
"ch1","data",2.510114,0.000082,,0x82
"ch1","data",2.5102075,0.000082,,0x6E
"ch1","data",2.510301,0.000082,"framing",0xE0
"ch1","data",2.510408,0.000082,,0x8F
"ch1","data",2.5105145,0.000082,,0x02
"ch1","data",2.510608,0.000082,"framing",0x6E
"ch1","data",2.510768,0.000082,,0x6C
"ch1","data",2.510875,0.000082,,0x6C
"ch1","data",2.5110085,0.000082,"framing",0x6E
"ch1","data",2.5111285,0.000082,"framing",0x9C
"ch1","data",2.5112355,0.000082,"framing",0xE3
"ch1","data",2.511342,0.000082,,0xEC
"ch1","data",2.5114355,0.000082,"framing",0x0C
"ch1","data",2.511569,0.000082,"framing",0x0C
"ch1","data",2.5117025,0.000082,"framing",0x0C
"ch1","data",2.511836,0.000082,"framing",0x6C
"ch1","data",2.511956,0.000082,"framing",0x92
"ch1","data",2.512076,0.000082,,0x6C
"ch1","data",2.5122095,0.000082,,0x6C
"ch1","data",2.512303,0.000082,"framing",0x0E
"ch1","data",2.51241,0.000082,"framing",0x6C
"ch1","data",2.512543,0.000082,"framing",0x1C
"ch1","data",2.51265,0.000082,,0x82
"ch1","data",2.5127435,0.000082,,0x6E
"ch1","data",2.512837,0.000082,"framing",0xE0
"ch1","data",2.5129435,0.000082,,0x8E
"ch1","data",2.5130505,0.000082,,0x03
"ch1","data",2.513144,0.000082,"framing",0x6F
"ch1","data",2.513304,0.000082,"framing",0xEC
"ch1","data",2.513424,0.000082,"framing",0x12
"ch1","data",2.513584,0.000082,"framing",0x92
"ch1","data",2.5137175,0.000082,"framing",0x92
"ch1","data",2.513851,0.000082,"framing",0x82
"ch1","data",2.5139845,0.000082,,0x62
"ch1","data",2.5141045,0.000082,"framing",0x0C
"ch1","data",2.514238,0.000082,"framing",0x0C
"ch1","data",2.5143715,0.000082,,0x0C
"ch1","data",2.514465,0.000082,"framing",0x8E
"ch1","data",2.5146385,0.000082,"framing",0x0C
"ch1","data",2.514772,0.000082,,0x6C
"ch1","data",2.514879,0.000082,"framing",0x6C
"ch1","data",2.5150125,0.000082,"framing",0x6C
"ch1","data",2.515119,0.000082,,0x7E
"ch1","data",2.5152125,0.000082,"framing",0x72
"ch1","data",2.515346,0.000082,"framing",0x6C
"ch1","data",2.5154795,0.000082,"framing",0x73
"ch1","data",2.515613,0.000082,"framing",0x6C
"ch1","data",2.5329875,0.000082,"framing",0x0C
"ch1","data",2.533094,0.000082,,0xF2
"ch1","data",2.5331875,0.000082,,0x6E
"ch1","data",2.533321,0.000082,"framing",0x6E
"ch1","data",2.533441,0.000082,"framing",0x9E
"ch1","data",2.533548,0.000082,"framing",0xEC
"ch1","data",2.5336545,0.000082,,0x7C
"ch1","data",2.5337615,0.000082,"framing",0xF3
"ch1","data",2.533895,0.000082,"framing",0x03
"ch1","data",2.534015,0.000082,"framing",0x8C
"ch1","data",2.534162,0.000082,,0xF3
"ch1","data",2.534255,0.000082,,0x6E
"ch1","data",2.5343485,0.000082,"framing",0xEE
"ch1","data",2.5344555,0.000082,,0x00
"ch1","data",2.534549,0.000082,"framing",0x0C
"ch1","data",2.5346825,0.000082,,0x8C
"ch1","data",2.534789,0.000082,,0x62
"ch1","data",2.5348825,0.000082,"framing",0x0E
"ch1","data",2.534989,0.000082,"framing",0x6C
"ch1","data",2.563699,0.000082,,0x0C
"ch1","data",2.5638055,0.000082,,0xF2
"ch1","data",2.563899,0.000082,,0x6E
"ch1","data",2.5640325,0.000082,"framing",0x6E
"ch1","data",2.5641525,0.000082,"framing",0x9E
"ch1","data",2.564326,0.000082,,0x8C
"ch1","data",2.564433,0.000082,,0x6F
"ch1","data",2.5645665,0.000082,"framing",0x6F
"ch1","data",2.5646865,0.000082,"framing",0x9F
"ch1","data",2.56486,0.000082,"framing",0xEC
"ch1","data",2.5650065,0.000082,"framing",0x92
"ch1","data",2.56514,0.000082,"framing",0x82
"ch1","data",2.5652735,0.000082,,0x92
"ch1","data",2.565367,0.000082,"framing",0x60
"ch1","data",2.565474,0.000082,,0x03
"ch1","data",2.565567,0.000082,,0x7E
"ch1","data",2.565674,0.000082,"framing",0x82
"ch1","data",2.5658075,0.000082,"framing",0x12
"ch1","data",2.565941,0.000082,"framing",0x13
"ch1","data",2.566061,0.000082,"framing",0x0C
"ch1","data",2.5661945,0.000082,,0x8C
"ch1","data",2.566301,0.000082,,0x6E
"ch1","data",2.5664345,0.000082,"framing",0x6E
"ch1","data",2.566555,0.000082,"framing",0x9F
"ch1","data",2.5667285,0.000082,"framing",0xEC
"ch1","data",2.566875,0.000082,"framing",0x92
"ch1","data",2.5670085,0.000082,"framing",0x82
"ch1","data",2.567142,0.000082,,0x92
"ch1","data",2.5672355,0.000082,"framing",0x60
"ch1","data",2.567342,0.000082,,0x02
"ch1","data",2.5674355,0.000082,,0x7E
"ch1","data",2.5675425,0.000082,"framing",0x82
"ch1","data",2.567676,0.000082,"framing",0x13
"ch1","data",2.5678095,0.000082,"framing",0x63
"ch1","data",2.5679295,0.000082,"framing",0x0C
"ch1","data",2.568063,0.000082,,0x8C
"ch1","data",2.5681695,0.000082,,0x6E
"ch1","data",2.568303,0.000082,"framing",0x6E
"ch1","data",2.5684235,0.000082,"framing",0x9F
"ch1","data",2.568597,0.000082,"framing",0xEC
"ch1","data",2.5687435,0.000082,"framing",0x92
"ch1","data",2.568877,0.000082,"framing",0x82
"ch1","data",2.5690105,0.000082,,0x92
"ch1","data",2.569104,0.000082,"framing",0x60
"ch1","data",2.5692105,0.000082,,0x02
"ch1","data",2.569304,0.000082,,0xFC
"ch1","data",2.5693975,0.000082,,0x8C
"ch1","data",2.569531,0.000082,"framing",0x0C
"ch1","data",2.5696645,0.000082,"framing",0x0C
"ch1","data",2.569798,0.000082,"framing",0x0C
"ch1","data",2.5699295,0.000082,,0xFF
"ch1","data",2.570778,0.000082,,0x33
"ch1","data",2.5708645,0.000082,,0x66
"ch1","data",2.5709515,0.000082,,0x63
"ch1","data",2.571038,0.000082,,0x2C
"ch1","data",2.571125,0.000082,,0x30
"ch1","data",2.5712115,0.000082,,0x78
"ch1","data",2.5712985,0.000082,,0x33
"ch1","data",2.571385,0.000082,,0x66
"ch1","data",2.571472,0.000082,,0x63
"ch1","data",2.5715585,0.000082,,0x30
"ch1","data",2.5716455,0.000082,,0x30
"ch1","data",2.571732,0.000082,,0x30
"ch1","data",2.5852625,0.000082,,0x8C
"ch1","data",2.5853695,0.000082,"framing",0xE3
"ch1","data",2.585503,0.000082,"framing",0x03
"ch1","data",2.585623,0.000082,"framing",0xEC
"ch1","data",2.58577,0.000082,"framing",0x13
"ch1","data",2.5859035,0.000082,,0x83
"ch1","data",2.5859965,0.000082,"framing",0x6E
"ch1","data",2.586157,0.000082,"framing",0xEC
"ch1","data",2.586304,0.000082,"framing",0x93
"ch1","data",2.5864375,0.000082,"framing",0x73
"ch1","data",2.586571,0.000082,"framing",0x83
"ch1","data",2.5867045,0.000082,,0xF3
"ch1","data",2.5867975,0.000082,"framing",0x6E
"ch1","data",2.5869045,0.000082,,0x7C
"ch1","data",2.586998,0.000082,,0xEC
"ch1","data",2.5870915,0.000082,"framing",0x0C
"ch1","data",2.587225,0.000082,"framing",0x6C
"ch1","data",2.5873585,0.000082,"framing",0x0C
"ch1","data",2.587492,0.000082,"framing",0x6C
"ch1","data",2.5876255,0.000082,"framing",0x6C
"ch1","data",2.587759,0.000082,,0x6C
"ch1","data",2.5878655,0.000082,"framing",0x60
"ch1","data",2.5879725,0.000082,,0x02
"ch1","data",2.588066,0.000082,,0x1C
"ch1","data",2.588173,0.000082,"framing",0x63
"ch1","data",2.5883065,0.000082,"framing",0x93
"ch1","data",2.58844,0.000082,"framing",0x13
"ch1","data",2.5885735,0.000082,"framing",0x03
"ch1","data",2.5886935,0.000082,,0x0C
"ch1","data",2.588787,0.000082,"framing",0x9F
"ch1","data",2.588907,0.000082,,0x7C
"ch1","data",2.5890005,0.000082,,0x02
"ch1","data",2.5891075,0.000082,"framing",0x73
"ch1","data",2.589241,0.000082,"framing",0x93
"ch1","data",2.5893745,0.000082,"framing",0x03
"ch1","data",2.5894945,0.000082,,0x6C
"ch1","data",2.589588,0.000082,"framing",0x9C
"ch1","data",2.5897345,0.000082,,0x6E
"ch1","data",2.589828,0.000082,"framing",0xE0
"ch1","data",2.589935,0.000082,,0x0C
"ch1","data",2.590042,0.000082,,0x83
"ch1","data",2.590135,0.000082,,0x6E
"ch1","data",2.5902285,0.000082,"framing",0xE2
"ch1","data",2.5903355,0.000082,,0x00
"ch1","data",2.590429,0.000082,"framing",0x0C
"ch1","data",2.5905625,0.000082,,0x6C
"ch1","data",2.590669,0.000082,"framing",0x60
"ch1","data",2.590776,0.000082,,0x02
"ch1","data",2.5908695,0.000082,,0x8C
"ch1","data",2.590976,0.000082,"framing",0xE2
"ch1","data",2.5911095,0.000082,,0x72
"ch1","data",2.5912165,0.000082,"framing",0x92
"ch1","data",2.5913635,0.000082,"framing",0x6C
"ch1","data",2.591497,0.000082,"framing",0x8C
"ch1","data",2.5916305,0.000082,,0x6C
"ch1","data",2.5917505,0.000082,"framing",0x12
"ch1","data",2.5918975,0.000082,"framing",0x8C
"ch1","data",2.592031,0.000082,"framing",0x0C
"ch1","data",2.5921645,0.000082,"framing",0x0C
"ch1","data",2.592298,0.000082,"framing",0x0C
"ch1","data",2.5924315,0.000082,,0x6C
"ch1","data",2.592538,0.000082,"framing",0x60
"ch1","data",2.592645,0.000082,,0x02
"ch1","data",2.5927385,0.000082,,0x8C
"ch1","data",2.592845,0.000082,"framing",0xE2
"ch1","data",2.5929785,0.000082,,0x72
"ch1","data",2.5930855,0.000082,"framing",0x92
"ch1","data",2.5932325,0.000082,"framing",0x6C
"ch1","data",2.593366,0.000082,"framing",0xEC
"ch1","data",2.5934995,0.000082,,0x6C
"ch1","data",2.5936195,0.000082,"framing",0x12
"ch1","data",2.5937665,0.000082,"framing",0x8C
"ch1","data",2.5939,0.000082,"framing",0x0C
"ch1","data",2.5940335,0.000082,"framing",0x0C
"ch1","data",2.594167,0.000082,"framing",0x0C
"ch1","data",2.5943005,0.000082,,0x6C
"ch1","data",2.594407,0.000082,"framing",0x60
"ch1","data",2.594514,0.000082,,0x02
"ch1","data",2.5946075,0.000082,,0x8C
"ch1","data",2.594714,0.000082,"framing",0xE2
"ch1","data",2.5948475,0.000082,,0x72
"ch1","data",2.5949545,0.000082,"framing",0x92
"ch1","data",2.5951015,0.000082,"framing",0x6C
"ch1","data",2.595235,0.000082,,0x0C
"ch1","data",2.5953285,0.000082,"framing",0x8F
"ch1","data",2.595435,0.000082,"framing",0x9E
"ch1","data",2.595542,0.000082,"framing",0x80
"ch1","data",2.595677,0.000082,,0x0D
"ch1","data",2.595764,0.000082,,0x0A
"ch1","data",2.5958505,0.000082,,0x53
"ch1","data",2.5959375,0.000082,,0x79
"ch1","data",2.596024,0.000082,,0x73
"ch1","data",2.596111,0.000082,,0x74
"ch1","data",2.5961975,0.000082,,0x65
"ch1","data",2.5962845,0.000082,,0x6D
"ch1","data",2.596371,0.000082,,0x20
"ch1","data",2.596458,0.000082,,0x69
"ch1","data",2.5965445,0.000082,,0x6E
"ch1","data",2.5966315,0.000082,,0x69
"ch1","data",2.596718,0.000082,,0x74
"ch1","data",2.596805,0.000082,,0x2E
"ch1","data",2.5968915,0.000082,,0x2E
"ch1","data",2.5969785,0.000082,,0x2E
"ch1","data",2.597065,0.000082,,0x0D
"ch1","data",2.597152,0.000082,,0x0A
"ch1","data",2.5972385,0.000082,,0x0D
"ch1","data",2.5973255,0.000082,,0x0A
"ch1","data",2.597412,0.000082,,0x47
"ch1","data",2.597499,0.000082,,0x6C
"ch1","data",2.5975855,0.000082,,0x6F
"ch1","data",2.5976725,0.000082,,0x62
"ch1","data",2.597759,0.000082,,0x61
"ch1","data",2.597846,0.000082,,0x6C
"ch1","data",2.5979325,0.000082,,0x20
"ch1","data",2.5980195,0.000082,,0x63
"ch1","data",2.598106,0.000082,,0x6F
"ch1","data",2.598193,0.000082,,0x6E
"ch1","data",2.5982795,0.000082,,0x73
"ch1","data",2.5983665,0.000082,,0x74
"ch1","data",2.598453,0.000082,,0x72
"ch1","data",2.59854,0.000082,,0x75
"ch1","data",2.5986265,0.000082,,0x63
"ch1","data",2.5987135,0.000082,,0x74
"ch1","data",2.5988,0.000082,,0x6F
"ch1","data",2.598887,0.000082,,0x72
"ch1","data",2.5989735,0.000082,,0x73
"ch1","data",2.5990605,0.000082,,0x20
"ch1","data",2.599147,0.000082,,0x69
"ch1","data",2.599234,0.000082,,0x6E
"ch1","data",2.5993205,0.000082,,0x76
"ch1","data",2.5994075,0.000082,,0x6F
"ch1","data",2.599494,0.000082,,0x6B
"ch1","data",2.599581,0.000082,,0x65
"ch1","data",2.5996675,0.000082,,0x64
"ch1","data",2.5997545,0.000082,,0x0D
"ch1","data",2.599841,0.000082,,0x0A
"ch1","data",2.6005715,0.000082,,0x45
"ch1","data",2.6006585,0.000082,,0x5A
"ch1","data",2.600745,0.000082,,0x46
"ch1","data",2.600832,0.000082,,0x4C
"ch1","data",2.6009185,0.000082,,0x41
"ch1","data",2.6010055,0.000082,,0x47
"ch1","data",2.601092,0.000082,,0x3A
"ch1","data",2.601179,0.000082,,0x35
"ch1","data",2.6012655,0.000082,,0x64
"ch1","data",2.6013525,0.000082,,0x63
"ch1","data",2.601439,0.000082,,0x36
"ch1","data",2.601526,0.000082,,0x0D
"ch1","data",2.6016125,0.000082,,0x0A
"ch1","data",2.6016995,0.000082,,0x52
"ch1","data",2.601786,0.000082,,0x45
"ch1","data",2.601873,0.000082,,0x4C
"ch1","data",2.6019595,0.000082,,0x45
"ch1","data",2.6020465,0.000082,,0x41
"ch1","data",2.602133,0.000082,,0x53
"ch1","data",2.60222,0.000082,,0x45
"ch1","data",2.6023065,0.000082,,0x3A
"ch1","data",2.6023935,0.000082,,0x20
"ch1","data",2.60248,0.000082,,0x44
"ch1","data",2.602567,0.000082,,0x65
"ch1","data",2.6026535,0.000082,,0x76
"ch1","data",2.6027405,0.000082,,0x69
"ch1","data",2.602827,0.000082,,0x63
"ch1","data",2.602914,0.000082,,0x65
"ch1","data",2.6030005,0.000082,,0x20
"ch1","data",2.6030875,0.000082,,0x74
"ch1","data",2.603174,0.000082,,0x79
"ch1","data",2.603261,0.000082,,0x70
"ch1","data",2.6033475,0.000082,,0x65
"ch1","data",2.6034345,0.000082,,0x20
"ch1","data",2.603521,0.000082,,0x64
"ch1","data",2.603608,0.000082,,0x65
"ch1","data",2.6036945,0.000082,,0x74
"ch1","data",2.6037815,0.000082,,0x65
"ch1","data",2.603868,0.000082,,0x63
"ch1","data",2.603955,0.000082,,0x74
"ch1","data",2.6040415,0.000082,,0x65
"ch1","data",2.6041285,0.000082,,0x64
"ch1","data",2.604215,0.000082,,0x3A
"ch1","data",2.604302,0.000082,,0x32
"ch1","data",2.6043885,0.000082,,0x0D
"ch1","data",2.6044755,0.000082,,0x0A
"ch1","data",2.604562,0.000082,,0x73
"ch1","data",2.604649,0.000082,,0x6C
"ch1","data",2.6047355,0.000082,,0x65
"ch1","data",2.6048225,0.000082,,0x65
"ch1","data",2.604909,0.000082,,0x70
"ch1","data",2.604996,0.000082,,0x20
"ch1","data",2.6050825,0.000082,,0x64
"ch1","data",2.6051695,0.000082,,0x69
"ch1","data",2.605256,0.000082,,0x73
"ch1","data",2.605343,0.000082,,0x61
"ch1","data",2.6054295,0.000082,,0x62
"ch1","data",2.6055165,0.000082,,0x6C
"ch1","data",2.605603,0.000082,,0x65
"ch1","data",2.60569,0.000082,,0x0D
"ch1","data",2.6057765,0.000082,,0x0A
"ch1","data",3.1223425,0.000082,,0x0D
"ch1","data",3.1224295,0.000082,,0x0A
"ch1","data",3.122516,0.000082,,0x00
"ch1","data",3.122603,0.000082,,0x7B
"ch1","data",3.1226895,0.000082,,0x10
"ch1","data",3.1227765,0.000082,,0x00
"ch1","data",3.122863,0.000082,,0x01
"ch1","data",3.12295,0.000082,,0x00
"ch1","data",3.1230365,0.000082,,0x15
"ch1","data",3.1231235,0.000082,,0x00
"ch1","data",3.12321,0.000082,,0x01
"ch1","data",3.123297,0.000082,,0x00
"ch1","data",3.1233835,0.000082,,0x00
"ch1","data",3.1234705,0.000082,,0x00
"ch1","data",3.123557,0.000082,,0x00
"ch1","data",3.123644,0.000082,,0x00
"ch1","data",3.1237305,0.000082,,0x00
"ch1","data",3.1238175,0.000082,,0x00
"ch1","data",3.123904,0.000082,,0x4B
"ch1","data",3.123991,0.000082,,0x7A
"ch1","data",3.1240775,0.000082,,0x7D
"ch1","data",3.1241645,0.000082,,0x0D
"ch1","data",3.124251,0.000082,,0x0A
"ch1","data",3.125898,0.000082,,0x6D
"ch1","data",3.125985,0.000082,,0x6F
"ch1","data",3.1260715,0.000082,,0x64
"ch1","data",3.1261585,0.000082,,0x65
"ch1","data",3.126245,0.000082,,0x20
"ch1","data",3.126332,0.000082,,0x3A
"ch1","data",3.1264185,0.000082,,0x20
"ch1","data",3.1265055,0.000082,,0x73
"ch1","data",3.126592,0.000082,,0x74
"ch1","data",3.126679,0.000082,,0x61
"ch1","data",3.1267655,0.000082,,0x28
"ch1","data",3.1268525,0.000082,,0x61
"ch1","data",3.126939,0.000082,,0x63
"ch1","data",3.127026,0.000082,,0x3A
"ch1","data",3.1271125,0.000082,,0x30
"ch1","data",3.1271995,0.000082,,0x62
"ch1","data",3.127286,0.000082,,0x3A
"ch1","data",3.127373,0.000082,,0x66
"ch1","data",3.1274595,0.000082,,0x62
"ch1","data",3.1275465,0.000082,,0x3A
"ch1","data",3.127633,0.000082,,0x65
"ch1","data",3.12772,0.000082,,0x30
"ch1","data",3.1278065,0.000082,,0x3A
"ch1","data",3.1278935,0.000082,,0x63
"ch1","data",3.12798,0.000082,,0x33
"ch1","data",3.128067,0.000082,,0x3A
"ch1","data",3.1281535,0.000082,,0x63
"ch1","data",3.1282405,0.000082,,0x39
"ch1","data",3.128327,0.000082,,0x29
"ch1","data",3.128414,0.000082,,0x0D
"ch1","data",3.1285005,0.000082,,0x0A
"ch1","data",3.1285875,0.000082,,0x61
"ch1","data",3.128674,0.000082,,0x64
"ch1","data",3.128761,0.000082,,0x64
"ch1","data",3.1288475,0.000082,,0x20
"ch1","data",3.1289345,0.000082,,0x69
"ch1","data",3.129021,0.000082,,0x66
"ch1","data",3.129108,0.000082,,0x30
"ch1","data",3.1291945,0.000082,,0x0D
"ch1","data",3.1292815,0.000082,,0x0A
"ch0","data",3.385495,0.000082,,0xDD
"ch0","data",3.3855795,0.000082,,0x02
"ch0","data",3.3856645,0.000082,,0x00
"ch0","data",3.385749,0.000082,,0x0F
"ch0","data",3.3858335,0.000082,,0x00
"ch0","data",3.3859185,0.000082,,0x7B
"ch0","data",3.386003,0.000082,,0x0C
"ch0","data",3.3860875,0.000082,,0x00
"ch0","data",3.386172,0.000082,,0x11
"ch0","data",3.3862565,0.000082,,0x00
"ch0","data",3.386341,0.000082,,0x04
"ch0","data",3.386426,0.000082,,0x00
"ch0","data",3.3865105,0.000082,,0x00
"ch0","data",3.386595,0.000082,,0x00
"ch0","data",3.3866795,0.000082,,0x01
"ch0","data",3.3867645,0.000082,,0x00
"ch0","data",3.386849,0.000082,,0xC0
"ch0","data",3.3869335,0.000082,,0x70
"ch0","data",3.3870185,0.000082,,0x7D
"ch1","data",3.3874055,0.000082,,0x0D
"ch1","data",3.387492,0.000082,,0x0A
"ch1","data",3.387579,0.000082,,0x00
"ch1","data",3.3876655,0.000082,,0x7B
"ch1","data",3.3877525,0.000082,,0x38
"ch1","data",3.387839,0.000082,,0x00
"ch1","data",3.387926,0.000082,,0x01
"ch1","data",3.3880125,0.000082,,0x00
"ch1","data",3.3880995,0.000082,,0x05
"ch1","data",3.388186,0.000082,,0x00
"ch1","data",3.388273,0.000082,,0x01
"ch1","data",3.3883595,0.000082,,0x00
"ch1","data",3.3884465,0.000082,,0x00
"ch1","data",3.388533,0.000082,,0x00
"ch1","data",3.38862,0.000082,,0x46
"ch1","data",3.3887065,0.000082,,0x81
"ch1","data",3.3887935,0.000082,,0x9E
"ch1","data",3.38888,0.000082,,0xE3
"ch1","data",3.388967,0.000082,,0x00
"ch1","data",3.3890535,0.000082,,0x1D
"ch1","data",3.3891405,0.000082,,0x00
"ch1","data",3.389227,0.000082,,0x0F
"ch1","data",3.389314,0.000082,,0x01
"ch1","data",3.3894005,0.000082,,0x01
"ch1","data",3.3894875,0.000082,,0x00
"ch1","data",3.389574,0.000082,,0x00
"ch1","data",3.389661,0.000082,,0x98
"ch1","data",3.3897475,0.000082,,0x00
"ch1","data",3.3898345,0.000082,,0x9F
"ch1","data",3.389921,0.000082,,0x00
"ch1","data",3.390008,0.000082,,0x01
"ch1","data",3.3900945,0.000082,,0x00
"ch1","data",3.3901815,0.000082,,0x00
"ch1","data",3.390268,0.000082,,0x00
"ch1","data",3.390355,0.000082,,0x61
"ch1","data",3.3904415,0.000082,,0x07
"ch1","data",3.3905285,0.000082,,0x73
"ch1","data",3.390615,0.000082,,0x62
"ch1","data",3.390702,0.000082,,0x00
"ch1","data",3.3907885,0.000082,,0x00
"ch1","data",3.3908755,0.000082,,0x00
"ch1","data",3.390962,0.000082,,0x00
"ch1","data",3.391049,0.000082,,0xFF
"ch1","data",3.3911355,0.000082,,0x0F
"ch1","data",3.3912225,0.000082,,0x04
"ch1","data",3.391309,0.000082,,0x40
"ch1","data",3.391396,0.000082,,0x0C
"ch1","data",3.3914825,0.000082,,0xFE
"ch1","data",3.3915695,0.000082,,0x00
"ch1","data",3.391656,0.000082,,0x00
"ch1","data",3.391743,0.000082,,0x00
"ch1","data",3.3918295,0.000082,,0x01
"ch1","data",3.3919165,0.000082,,0x00
"ch1","data",3.392003,0.000082,,0x13
"ch1","data",3.39209,0.000082,,0x00
"ch1","data",3.3921765,0.000082,,0x00
"ch1","data",3.3922635,0.000082,,0x2C
"ch1","data",3.39235,0.000082,,0xCC
"ch1","data",3.392437,0.000082,,0x57
"ch1","data",3.3925235,0.000082,,0x00
"ch1","data",3.3926105,0.000082,,0x7D
"ch1","data",3.392697,0.000082,,0x0D
"ch1","data",3.392784,0.000082,,0x0A
"ch0","data",3.5225965,0.000082,,0xDD
"ch0","data",3.522681,0.000082,,0x02
"ch0","data",3.5227655,0.000082,,0x00
"ch0","data",3.52285,0.000082,,0x17
"ch0","data",3.5229345,0.000082,,0x00
"ch0","data",3.523019,0.000082,,0x7B
"ch0","data",3.523104,0.000082,,0x14
"ch0","data",3.5231885,0.000082,,0x00
"ch0","data",3.523273,0.000082,,0x11
"ch0","data",3.523358,0.000082,,0x00
"ch0","data",3.5234425,0.000082,,0x07
"ch0","data",3.523527,0.000082,,0x00
"ch0","data",3.523612,0.000082,,0x00
"ch0","data",3.5236965,0.000082,,0x00
"ch0","data",3.523781,0.000082,,0x01
"ch0","data",3.523866,0.000082,,0x00
"ch0","data",3.5239505,0.000082,,0x98
"ch0","data",3.524035,0.000082,,0x00
"ch0","data",3.5241195,0.000082,,0x9F
"ch0","data",3.524204,0.000082,,0x00
"ch0","data",3.5242885,0.000082,,0x01
"ch0","data",3.5243735,0.000082,,0x00
"ch0","data",3.524458,0.000082,,0x00
"ch0","data",3.5245425,0.000082,,0x00
"ch0","data",3.5246275,0.000082,,0xD6
"ch0","data",3.524712,0.000082,,0xEB
"ch0","data",3.5247965,0.000082,,0x7D
"ch0","data",3.524881,0.000082,,0xDD
"ch0","data",3.524966,0.000082,,0x02
"ch0","data",3.5250505,0.000082,,0x00
"ch0","data",3.525135,0.000082,,0x17
"ch0","data",3.5252195,0.000082,,0x00
"ch0","data",3.5253045,0.000082,,0x7B
"ch0","data",3.525389,0.000082,,0x14
"ch0","data",3.5254735,0.000082,,0x00
"ch0","data",3.5255585,0.000082,,0x11
"ch0","data",3.525643,0.000082,,0x00
"ch0","data",3.5257275,0.000082,,0x0E
"ch0","data",3.5258125,0.000082,,0x00
"ch0","data",3.525897,0.000082,,0x00
"ch0","data",3.5259815,0.000082,,0x00
"ch0","data",3.5260665,0.000082,,0x01
"ch0","data",3.526151,0.000082,,0x00
"ch0","data",3.526236,0.000082,,0x06
"ch0","data",3.5263205,0.000082,,0x00
"ch0","data",3.526405,0.000082,,0x04
"ch0","data",3.5264895,0.000082,,0x40
"ch0","data",3.5265745,0.000082,,0x96
"ch0","data",3.526659,0.000082,,0xF3
"ch0","data",3.5267435,0.000082,,0x00
"ch0","data",3.526828,0.000082,,0x00
"ch0","data",3.526913,0.000082,,0x26
"ch0","data",3.5269975,0.000082,,0x14
"ch0","data",3.527082,0.000082,,0x7D
"ch0","data",3.5271665,0.000082,,0xDD
"ch0","data",3.527251,0.000082,,0x02
"ch0","data",3.5273355,0.000082,,0x00
"ch0","data",3.52742,0.000082,,0x13
"ch0","data",3.527505,0.000082,,0x00
"ch0","data",3.5275895,0.000082,,0x7B
"ch0","data",3.527674,0.000082,,0x10
"ch0","data",3.527759,0.000082,,0x00
"ch0","data",3.5278435,0.000082,,0x11
"ch0","data",3.527928,0.000082,,0x00
"ch0","data",3.528013,0.000082,,0x08
"ch0","data",3.5280975,0.000082,,0x00
"ch0","data",3.528182,0.000082,,0x00
"ch0","data",3.5282665,0.000082,,0x00
"ch0","data",3.528351,0.000082,,0x01
"ch0","data",3.528436,0.000082,,0x00
"ch0","data",3.5285205,0.000082,,0x04
"ch0","data",3.528605,0.000082,,0x00
"ch0","data",3.5286895,0.000082,,0x00
"ch0","data",3.528774,0.000082,,0x00
"ch0","data",3.528859,0.000082,,0x34
"ch0","data",3.5289435,0.000082,,0x99
"ch0","data",3.529028,0.000082,,0x7D
"ch0","data",3.529113,0.000082,,0xDD
"ch0","data",3.5291975,0.000082,,0x02
"ch0","data",3.529282,0.000082,,0x00
"ch0","data",3.5293665,0.000082,,0x17
"ch0","data",3.529451,0.000082,,0x00
"ch0","data",3.5295355,0.000082,,0x7B
"ch0","data",3.5296205,0.000082,,0x14
"ch0","data",3.529705,0.000082,,0x00
"ch0","data",3.5297895,0.000082,,0x11
"ch0","data",3.5298745,0.000082,,0x00
"ch0","data",3.529959,0.000082,,0x0E
"ch0","data",3.5300435,0.000082,,0x00
"ch0","data",3.530128,0.000082,,0x00
"ch0","data",3.530213,0.000082,,0x00
"ch0","data",3.530297,0.000082,,0x01
"ch0","data",3.530382,0.000082,,0x00
"ch0","data",3.5304665,0.000082,,0x0A
"ch0","data",3.530551,0.000082,,0x00
"ch0","data",3.5306355,0.000082,,0x00
"ch0","data",3.5307205,0.000082,,0x01
"ch0","data",3.530805,0.000082,,0x00
"ch0","data",3.5308895,0.000082,,0x00
"ch0","data",3.530974,0.000082,,0x84
"ch0","data",3.5310585,0.000082,,0x21
"ch0","data",3.5311435,0.000082,,0x12
"ch0","data",3.531228,0.000082,,0x00
"ch0","data",3.5313125,0.000082,,0x7D
"ch0","data",3.5313975,0.000082,,0xDD
"ch0","data",3.531482,0.000082,,0x02
"ch0","data",3.531567,0.000082,,0x00
"ch0","data",3.5316515,0.000082,,0x17
"ch0","data",3.531736,0.000082,,0x00
"ch0","data",3.5318205,0.000082,,0x7B
"ch0","data",3.5319055,0.000082,,0x14
"ch0","data",3.53199,0.000082,,0x00
"ch0","data",3.5320745,0.000082,,0x11
"ch0","data",3.5321595,0.000082,,0x00
"ch0","data",3.532244,0.000082,,0x0E
"ch0","data",3.5323285,0.000082,,0x00
"ch0","data",3.5324135,0.000082,,0x00
"ch0","data",3.532498,0.000082,,0x00
"ch0","data",3.532583,0.000082,,0x01
"ch0","data",3.5326675,0.000082,,0x00
"ch0","data",3.532752,0.000082,,0x07
"ch0","data",3.5328365,0.000082,,0x00
"ch0","data",3.532921,0.000082,,0x0C
"ch0","data",3.5330055,0.000082,,0xFE
"ch0","data",3.53309,0.000082,,0x00
"ch0","data",3.5331745,0.000082,,0x01
"ch0","data",3.533259,0.000082,,0x00
"ch0","data",3.5333435,0.000082,,0x00
"ch0","data",3.5334285,0.000082,,0x15
"ch0","data",3.533513,0.000082,,0xD3
"ch0","data",3.5335975,0.000082,,0x7D
"ch0","data",3.5835195,0.000082,,0xDD
"ch0","data",3.583604,0.000082,,0x02
"ch0","data",3.583689,0.000082,,0x00
"ch0","data",3.5837735,0.000082,,0x15
"ch0","data",3.583858,0.000082,,0x00
"ch0","data",3.5839425,0.000082,,0x7B
"ch0","data",3.5840275,0.000082,,0x12
"ch0","data",3.5841115,0.000082,,0x00
"ch0","data",3.5841965,0.000082,,0x11
"ch0","data",3.584281,0.000082,,0x00
"ch0","data",3.5843655,0.000082,,0x18
"ch0","data",3.58445,0.000082,,0x00
"ch0","data",3.584535,0.000082,,0x00
"ch0","data",3.5846195,0.000082,,0x00
"ch0","data",3.584704,0.000082,,0x01
"ch0","data",3.584789,0.000082,,0x00
"ch0","data",3.5848735,0.000082,,0x00
"ch0","data",3.584958,0.000082,,0x13
"ch0","data",3.585043,0.000082,,0x00
"ch0","data",3.5851275,0.000082,,0x00
"ch0","data",3.5852125,0.000082,,0x2C
"ch0","data",3.585297,0.000082,,0xCC
"ch0","data",3.5853815,0.000082,,0xFF
"ch0","data",3.5854665,0.000082,,0x14
"ch0","data",3.585551,0.000082,,0x7D
"ch0","data",3.5857715,0.000082,,0xDD
"ch0","data",3.585856,0.000082,,0x02
"ch0","data",3.5859405,0.000082,,0x00
"ch0","data",3.586025,0.000082,,0x3B
"ch0","data",3.5861095,0.000082,,0x00
"ch0","data",3.586194,0.000082,,0x7B
"ch0","data",3.5862785,0.000082,,0x38
"ch0","data",3.586363,0.000082,,0x00
"ch0","data",3.586448,0.000082,,0x11
"ch0","data",3.5865325,0.000082,,0x00
"ch0","data",3.586617,0.000082,,0x05
"ch0","data",3.586702,0.000082,,0x00
"ch0","data",3.5867865,0.000082,,0x00
"ch0","data",3.586871,0.000082,,0x00
"ch0","data",3.586956,0.000082,,0x01
"ch0","data",3.5870405,0.000082,,0x00
"ch0","data",3.587125,0.000082,,0x46
"ch0","data",3.58721,0.000082,,0x81
"ch0","data",3.5872945,0.000082,,0x9E
"ch0","data",3.587379,0.000082,,0xE3
"ch0","data",3.587464,0.000082,,0x00
"ch0","data",3.5875485,0.000082,,0x1D
"ch0","data",3.5876335,0.000082,,0x00
"ch0","data",3.5877175,0.000082,,0x0F
"ch0","data",3.587802,0.000082,,0x01
"ch0","data",3.587887,0.000082,,0x01
"ch0","data",3.5879715,0.000082,,0x00
"ch0","data",3.588056,0.000082,,0x00
"ch0","data",3.5881405,0.000082,,0x98
"ch0","data",3.5882255,0.000082,,0x00
"ch0","data",3.58831,0.000082,,0x9F
"ch0","data",3.5883945,0.000082,,0x00
"ch0","data",3.588479,0.000082,,0x01
"ch0","data",3.588564,0.000082,,0x00
"ch0","data",3.5886485,0.000082,,0x00
"ch0","data",3.5887335,0.000082,,0x00
"ch0","data",3.588818,0.000082,,0x61
"ch0","data",3.5889025,0.000082,,0x07
"ch0","data",3.5889875,0.000082,,0x73
"ch0","data",3.589072,0.000082,,0x62
"ch0","data",3.5891565,0.000082,,0x00
"ch0","data",3.589241,0.000082,,0x00
"ch0","data",3.589326,0.000082,,0x00
"ch0","data",3.5894105,0.000082,,0x00
"ch0","data",3.589495,0.000082,,0xFF
"ch0","data",3.5895795,0.000082,,0x0F
"ch0","data",3.5896645,0.000082,,0x04
"ch0","data",3.589749,0.000082,,0x40
"ch0","data",3.589834,0.000082,,0x0C
"ch0","data",3.5899185,0.000082,,0xFE
"ch0","data",3.590003,0.000082,,0x00
"ch0","data",3.5900875,0.000082,,0x00
"ch0","data",3.590172,0.000082,,0x00
"ch0","data",3.5902565,0.000082,,0x01
"ch0","data",3.590341,0.000082,,0x00
"ch0","data",3.590426,0.000082,,0x13
"ch0","data",3.5905105,0.000082,,0x00
"ch0","data",3.590595,0.000082,,0x00
"ch0","data",3.5906795,0.000082,,0x2C
"ch0","data",3.5907645,0.000082,,0xCC
"ch0","data",3.590849,0.000082,,0xA8
"ch0","data",3.5909335,0.000082,,0x86
"ch0","data",3.5910185,0.000082,,0x7D
"ch1","data",3.631336,0.000082,,0x0D
"ch1","data",3.6314225,0.000082,,0x0A
"ch1","data",3.6315095,0.000082,,0x00
"ch1","data",3.631596,0.000082,,0x7B
"ch1","data",3.631683,0.000082,,0x12
"ch1","data",3.6317695,0.000082,,0x00
"ch1","data",3.6318565,0.000082,,0x01
"ch1","data",3.631943,0.000082,,0x00
"ch1","data",3.63203,0.000082,,0x07
"ch1","data",3.6321165,0.000082,,0x00
"ch1","data",3.6322035,0.000082,,0x01
"ch1","data",3.63229,0.000082,,0x00
"ch1","data",3.632377,0.000082,,0x00
"ch1","data",3.6324635,0.000082,,0x00
"ch1","data",3.6325505,0.000082,,0x04
"ch1","data",3.632637,0.000082,,0x03
"ch1","data",3.632724,0.000082,,0x00
"ch1","data",3.6328105,0.000082,,0x00
"ch1","data",3.6328975,0.000082,,0x00
"ch1","data",3.632984,0.000082,,0x00
"ch1","data",3.633071,0.000082,,0x9D
"ch1","data",3.6331575,0.000082,,0x87
"ch1","data",3.6332445,0.000082,,0x7D
"ch1","data",3.633331,0.000082,,0x0D
"ch1","data",3.633418,0.000082,,0x0A
"ch0","data",3.641741,0.000082,,0xDD
"ch0","data",3.641826,0.000082,,0x02
"ch0","data",3.6419105,0.000082,,0x00
"ch0","data",3.641995,0.000082,,0x3B
"ch0","data",3.64208,0.000082,,0x00
"ch0","data",3.6421645,0.000082,,0x7B
"ch0","data",3.642249,0.000082,,0x38
"ch0","data",3.642334,0.000082,,0x00
"ch0","data",3.6424185,0.000082,,0x11
"ch0","data",3.6425035,0.000082,,0x00
"ch0","data",3.642588,0.000082,,0x01
"ch0","data",3.6426725,0.000082,,0x00
"ch0","data",3.6427575,0.000082,,0x00
"ch0","data",3.642842,0.000082,,0x00
"ch0","data",3.6429265,0.000082,,0x01
"ch0","data",3.6430115,0.000082,,0x00
"ch0","data",3.643096,0.000082,,0x46
"ch0","data",3.643181,0.000082,,0x81
"ch0","data",3.6432655,0.000082,,0x9E
"ch0","data",3.64335,0.000082,,0xE3
"ch0","data",3.643435,0.000082,,0x00
"ch0","data",3.6435195,0.000082,,0x1D
"ch0","data",3.643604,0.000082,,0x00
"ch0","data",3.643689,0.000082,,0x0F
"ch0","data",3.6437735,0.000082,,0x20
"ch0","data",3.643858,0.000082,,0x00
"ch0","data",3.643943,0.000082,,0x01
"ch0","data",3.6440275,0.000082,,0x0B
"ch0","data",3.644112,0.000082,,0xA5
"ch0","data",3.644197,0.000082,,0x27
"ch0","data",3.6442815,0.000082,,0x56
"ch0","data",3.644366,0.000082,,0x9D
"ch0","data",3.6444505,0.000082,,0x00
"ch0","data",3.6445355,0.000082,,0x00
"ch0","data",3.64462,0.000082,,0x00
"ch0","data",3.6447045,0.000082,,0x00
"ch0","data",3.644789,0.000082,,0x00
"ch0","data",3.6448735,0.000082,,0x00
"ch0","data",3.644958,0.000082,,0x61
"ch0","data",3.645043,0.000082,,0x07
"ch0","data",3.6451275,0.000082,,0x73
"ch0","data",3.6452125,0.000082,,0x62
"ch0","data",3.645297,0.000082,,0x28
"ch0","data",3.6453815,0.000082,,0x00
"ch0","data",3.6454665,0.000082,,0x7E
"ch0","data",3.645551,0.000082,,0x00
"ch0","data",3.645636,0.000082,,0x00
"ch0","data",3.6457205,0.000082,,0x88
"ch0","data",3.645805,0.000082,,0x00
"ch0","data",3.64589,0.000082,,0x00
"ch0","data",3.6459745,0.000082,,0x98
"ch0","data",3.646059,0.000082,,0x00
"ch0","data",3.646144,0.000082,,0x9F
"ch0","data",3.6462285,0.000082,,0x00
"ch0","data",3.6463135,0.000082,,0x01
"ch0","data",3.646398,0.000082,,0x00
"ch0","data",3.6464825,0.000082,,0x00
"ch0","data",3.6465675,0.000082,,0x00
"ch0","data",3.646652,0.000082,,0x82
"ch0","data",3.6467365,0.000082,,0x0D
"ch0","data",3.6468215,0.000082,,0xBA
"ch0","data",3.646906,0.000082,,0x0B
"ch0","data",3.6469905,0.000082,,0x7D
"ch0","data",3.647075,0.000082,,0xDD
"ch0","data",3.6471595,0.000082,,0x02
"ch0","data",3.6472445,0.000082,,0x00
"ch0","data",3.647329,0.000082,,0x13
"ch0","data",3.6474135,0.000082,,0x00
"ch0","data",3.6474985,0.000082,,0x7B
"ch0","data",3.647583,0.000082,,0x10
"ch0","data",3.647668,0.000082,,0x00
"ch0","data",3.6477525,0.000082,,0x11
"ch0","data",3.647837,0.000082,,0x00
"ch0","data",3.647922,0.000082,,0x08
"ch0","data",3.6480065,0.000082,,0x00
"ch0","data",3.648091,0.000082,,0x00
"ch0","data",3.648176,0.000082,,0x00
"ch0","data",3.6482605,0.000082,,0x01
"ch0","data",3.6483455,0.000082,,0x00
"ch0","data",3.64843,0.000082,,0x04
"ch0","data",3.6485145,0.000082,,0x00
"ch0","data",3.648599,0.000082,,0x00
"ch0","data",3.6486835,0.000082,,0x00
"ch0","data",3.648768,0.000082,,0x34
"ch0","data",3.648853,0.000082,,0x99
"ch0","data",3.6489375,0.000082,,0x7D
"ch1","data",5.7979855,0.000082,,0x0D
"ch1","data",5.7980725,0.000082,,0x0A
"ch1","data",5.798159,0.000082,,0x00
"ch1","data",5.798246,0.000082,,0x7B
"ch1","data",5.7983325,0.000082,,0x10
"ch1","data",5.7984195,0.000082,,0x00
"ch1","data",5.798506,0.000082,,0x01
"ch1","data",5.798593,0.000082,,0x00
"ch1","data",5.7986795,0.000082,,0x08
"ch1","data",5.7987665,0.000082,,0x00
"ch1","data",5.798853,0.000082,,0x01
"ch1","data",5.79894,0.000082,,0x00
"ch1","data",5.7990265,0.000082,,0x00
"ch1","data",5.7991135,0.000082,,0x00
"ch1","data",5.7992,0.000082,,0x05
"ch1","data",5.799287,0.000082,,0x08
"ch1","data",5.7993735,0.000082,,0x10
"ch1","data",5.7994605,0.000082,,0x40
"ch1","data",5.799547,0.000082,,0xB5
"ch1","data",5.799634,0.000082,,0x38
"ch1","data",5.7997205,0.000082,,0x7D
"ch1","data",5.7998075,0.000082,,0x0D
"ch1","data",5.799894,0.000082,,0x0A
"ch1","data",6.1577905,0.000082,,0x73
"ch1","data",6.1578775,0.000082,,0x63
"ch1","data",6.157964,0.000082,,0x61
"ch1","data",6.158051,0.000082,,0x6E
"ch1","data",6.1581375,0.000082,,0x64
"ch1","data",6.1582245,0.000082,,0x6F
"ch1","data",6.158311,0.000082,,0x6E
"ch1","data",6.158398,0.000082,,0x65
"ch1","data",6.1584845,0.000082,,0x0D
"ch1","data",6.1585715,0.000082,,0x0A
"ch1","data",6.158658,0.000082,,0x6E
"ch1","data",6.158745,0.000082,,0x6F
"ch1","data",6.1588315,0.000082,,0x20
"ch1","data",6.1589185,0.000082,,0x47
"ch1","data",6.159005,0.000082,,0x69
"ch1","data",6.159092,0.000082,,0x70
"ch1","data",6.1591785,0.000082,,0x73
"ch1","data",6.1592655,0.000082,,0x79
"ch1","data",6.159352,0.000082,,0x20
"ch1","data",6.159439,0.000082,,0x44
"ch1","data",6.1595255,0.000082,,0x61
"ch1","data",6.1596125,0.000082,,0x6E
"ch1","data",6.159699,0.000082,,0x67
"ch1","data",6.159786,0.000082,,0x65
"ch1","data",6.1598725,0.000082,,0x72
"ch1","data",6.1599595,0.000082,,0x20
"ch1","data",6.160046,0.000082,,0x49
"ch1","data",6.160133,0.000082,,0x4F
"ch1","data",6.1602195,0.000082,,0x54
"ch1","data",6.1603065,0.000082,,0x20
"ch1","data",6.160393,0.000082,,0x66
"ch1","data",6.16048,0.000082,,0x6F
"ch1","data",6.1605665,0.000082,,0x75
"ch1","data",6.1606535,0.000082,,0x6E
"ch1","data",6.16074,0.000082,,0x64
"ch1","data",6.160827,0.000082,,0x2C
"ch1","data",6.1609135,0.000082,,0x20
"ch1","data",6.1610005,0.000082,,0x72
"ch1","data",6.161087,0.000082,,0x65
"ch1","data",6.161174,0.000082,,0x63
"ch1","data",6.1612605,0.000082,,0x6F
"ch1","data",6.1613475,0.000082,,0x6E
"ch1","data",6.161434,0.000082,,0x6E
"ch1","data",6.161521,0.000082,,0x65
"ch1","data",6.1616075,0.000082,,0x63
"ch1","data",6.1616945,0.000082,,0x74
"ch1","data",6.161781,0.000082,,0x20
"ch1","data",6.161868,0.000082,,0x61
"ch1","data",6.1619545,0.000082,,0x66
"ch1","data",6.1620415,0.000082,,0x74
"ch1","data",6.162128,0.000082,,0x65
"ch1","data",6.162215,0.000082,,0x72
"ch1","data",6.1623015,0.000082,,0x20
"ch1","data",6.1623885,0.000082,,0x31
"ch1","data",6.162475,0.000082,,0x73
"ch1","data",6.162562,0.000082,,0x0D
"ch1","data",6.1626485,0.000082,,0x0A
"ch1","data",6.258094,0.000082,,0x72
"ch1","data",6.2581805,0.000082,,0x65
"ch1","data",6.2582675,0.000082,,0x63
"ch1","data",6.258354,0.000082,,0x6F
"ch1","data",6.258441,0.000082,,0x6E
"ch1","data",6.2585275,0.000082,,0x6E
"ch1","data",6.2586145,0.000082,,0x65
"ch1","data",6.258701,0.000082,,0x63
"ch1","data",6.258788,0.000082,,0x74
"ch1","data",6.2588745,0.000082,,0x0D
"ch1","data",6.2589615,0.000082,,0x0A
"ch1","data",9.109137,0.000082,,0x73
"ch1","data",9.1092235,0.000082,,0x63
"ch1","data",9.1093105,0.000082,,0x61
"ch1","data",9.109397,0.000082,,0x6E
"ch1","data",9.109484,0.000082,,0x64
"ch1","data",9.1095705,0.000082,,0x6F
"ch1","data",9.1096575,0.000082,,0x6E
"ch1","data",9.109744,0.000082,,0x65
"ch1","data",9.109831,0.000082,,0x0D
"ch1","data",9.1099175,0.000082,,0x0A
"ch1","data",9.1100045,0.000082,,0x73
"ch1","data",9.110091,0.000082,,0x74
"ch1","data",9.110178,0.000082,,0x61
"ch1","data",9.1102645,0.000082,,0x74
"ch1","data",9.1103515,0.000082,,0x65
"ch1","data",9.110438,0.000082,,0x3A
"ch1","data",9.110525,0.000082,,0x20
"ch1","data",9.1106115,0.000082,,0x30
"ch1","data",9.1106985,0.000082,,0x20
"ch1","data",9.110785,0.000082,,0x2D
"ch1","data",9.110872,0.000082,,0x3E
"ch1","data",9.1109585,0.000082,,0x20
"ch1","data",9.1110455,0.000082,,0x32
"ch1","data",9.111132,0.000082,,0x20
"ch1","data",9.111219,0.000082,,0x28
"ch1","data",9.1113055,0.000082,,0x62
"ch1","data",9.1113925,0.000082,,0x30
"ch1","data",9.111479,0.000082,,0x29
"ch1","data",9.111566,0.000082,,0x0D
"ch1","data",9.1116525,0.000082,,0x0A
"ch0","data",9.119072,0.000082,,0xDD
"ch0","data",9.1191565,0.000082,,0x02
"ch0","data",9.119241,0.000082,,0x00
"ch0","data",9.119326,0.000082,,0x3B
"ch0","data",9.1194105,0.000082,,0x00
"ch0","data",9.119495,0.000082,,0x7B
"ch0","data",9.11958,0.000082,,0x38
"ch0","data",9.1196645,0.000082,,0x00
"ch0","data",9.1197495,0.000082,,0x11
"ch0","data",9.119834,0.000082,,0x00
"ch0","data",9.1199185,0.000082,,0x01
"ch0","data",9.1200035,0.000082,,0x00
"ch0","data",9.120088,0.000082,,0x00
"ch0","data",9.1201725,0.000082,,0x00
"ch0","data",9.1202575,0.000082,,0x01
"ch0","data",9.120342,0.000082,,0x00
"ch0","data",9.1204265,0.000082,,0x46
"ch0","data",9.1205115,0.000082,,0x81
"ch0","data",9.120596,0.000082,,0x9E
"ch0","data",9.1206805,0.000082,,0xE3
"ch0","data",9.1207655,0.000082,,0x00
"ch0","data",9.12085,0.000082,,0x1D
"ch0","data",9.120935,0.000082,,0x00
"ch0","data",9.1210195,0.000082,,0x0F
"ch0","data",9.121104,0.000082,,0x20
"ch0","data",9.121189,0.000082,,0x00
"ch0","data",9.1212735,0.000082,,0x01
"ch0","data",9.1213575,0.000082,,0x0B
"ch0","data",9.1214425,0.000082,,0xA5
"ch0","data",9.121527,0.000082,,0x27
"ch0","data",9.1216115,0.000082,,0x56
"ch0","data",9.121696,0.000082,,0x9D
"ch0","data",9.121781,0.000082,,0x00
"ch0","data",9.1218655,0.000082,,0x00
"ch0","data",9.12195,0.000082,,0x00
"ch0","data",9.122035,0.000082,,0x00
"ch0","data",9.1221195,0.000082,,0x00
"ch0","data",9.122204,0.000082,,0x00
"ch0","data",9.1222885,0.000082,,0x61
"ch0","data",9.122373,0.000082,,0x07
"ch0","data",9.1224575,0.000082,,0x00
"ch0","data",9.1225425,0.000082,,0x00
"ch0","data",9.122627,0.000082,,0x28
"ch0","data",9.1227115,0.000082,,0x00
"ch0","data",9.1227965,0.000082,,0x7E
"ch0","data",9.122881,0.000082,,0x00
"ch0","data",9.1229655,0.000082,,0x00
"ch0","data",9.1230505,0.000082,,0x88
"ch0","data",9.123135,0.000082,,0x00
"ch0","data",9.1232195,0.000082,,0x00
"ch0","data",9.123304,0.000082,,0x98
"ch0","data",9.1233885,0.000082,,0x00
"ch0","data",9.123473,0.000082,,0x9F
"ch0","data",9.1235575,0.000082,,0x00
"ch1","data",9.123607,0.000082,,0x73
"ch0","data",9.123642,0.000082,,0x01
"ch1","data",9.123694,0.000082,,0x74
"ch0","data",9.1237265,0.000082,,0x00
"ch1","data",9.1237805,0.000082,,0x61
"ch0","data",9.1238115,0.000082,,0x00
"ch1","data",9.1238675,0.000082,,0x74
"ch0","data",9.123896,0.000082,,0x00
"ch1","data",9.123954,0.000082,,0x65
"ch0","data",9.123981,0.000082,,0x82
"ch1","data",9.124041,0.000082,,0x3A
"ch0","data",9.1240655,0.000082,,0x0D
"ch1","data",9.1241275,0.000082,,0x20
"ch0","data",9.12415,0.000082,,0x26
"ch1","data",9.1242145,0.000082,,0x32
"ch0","data",9.124235,0.000082,,0x58
"ch1","data",9.124301,0.000082,,0x20
"ch0","data",9.1243195,0.000082,,0x7D
"ch1","data",9.124388,0.000082,,0x2D
"ch0","data",9.124404,0.000082,,0xDD
"ch1","data",9.1244745,0.000082,,0x3E
"ch0","data",9.1244895,0.000082,,0x02
"ch1","data",9.1245615,0.000082,,0x20
"ch0","data",9.124574,0.000082,,0x00
"ch1","data",9.124648,0.000082,,0x33
"ch0","data",9.1246585,0.000082,,0x0F
"ch1","data",9.124735,0.000082,,0x20
"ch0","data",9.124743,0.000082,,0x00
"ch1","data",9.1248215,0.000082,,0x28
"ch0","data",9.124828,0.000082,,0x7B
"ch1","data",9.1249085,0.000082,,0x30
"ch0","data",9.1249125,0.000082,,0x0C
"ch1","data",9.124995,0.000082,,0x29
"ch0","data",9.124997,0.000082,,0x00
"ch0","data",9.125082,0.000082,,0x11
"ch1","data",9.125082,0.000082,,0x0D
"ch0","data",9.1251665,0.000082,,0x00
"ch1","data",9.1251685,0.000082,,0x0A
"ch0","data",9.125251,0.000082,,0x00
"ch0","data",9.125336,0.000082,,0x00
"ch0","data",9.1254205,0.000082,,0x00
"ch0","data",9.125505,0.000082,,0x00
"ch0","data",9.12559,0.000082,,0x01
"ch0","data",9.1256745,0.000082,,0x00
"ch0","data",9.1257595,0.000082,,0x61
"ch0","data",9.125844,0.000082,,0x76
"ch0","data",9.1259285,0.000082,,0x7D
"ch1","data",9.1348215,0.000082,,0x73
"ch1","data",9.134908,0.000082,,0x74
"ch1","data",9.134995,0.000082,,0x61
"ch1","data",9.1350815,0.000082,,0x74
"ch1","data",9.1351685,0.000082,,0x65
"ch1","data",9.135255,0.000082,,0x3A
"ch1","data",9.135342,0.000082,,0x20
"ch1","data",9.1354285,0.000082,,0x33
"ch1","data",9.1355155,0.000082,,0x20
"ch1","data",9.135602,0.000082,,0x2D
"ch1","data",9.135689,0.000082,,0x3E
"ch1","data",9.1357755,0.000082,,0x20
"ch1","data",9.1358625,0.000082,,0x35
"ch1","data",9.135949,0.000082,,0x20
"ch1","data",9.136036,0.000082,,0x28
"ch1","data",9.1361225,0.000082,,0x31
"ch1","data",9.1362095,0.000082,,0x30
"ch1","data",9.136296,0.000082,,0x29
"ch1","data",9.136383,0.000082,,0x0D
"ch1","data",9.1364695,0.000082,,0x0A
"ch1","data",9.1365565,0.000082,,0x61
"ch1","data",9.136643,0.000082,,0x64
"ch1","data",9.13673,0.000082,,0x64
"ch1","data",9.1368165,0.000082,,0x20
"ch1","data",9.1369035,0.000082,,0x30
"ch1","data",9.13699,0.000082,,0x0D
"ch1","data",9.137077,0.000082,,0x0A
"ch1","data",9.1371635,0.000082,,0x61
"ch1","data",9.1372505,0.000082,,0x69
"ch1","data",9.137337,0.000082,,0x64
"ch1","data",9.137424,0.000082,,0x20
"ch1","data",9.1375105,0.000082,,0x31
"ch1","data",9.1375975,0.000082,,0x37
"ch1","data",9.137684,0.000082,,0x0D
"ch1","data",9.137771,0.000082,,0x0A
"ch1","data",9.1378575,0.000082,,0x63
"ch1","data",9.1379445,0.000082,,0x6E
"ch1","data",9.138031,0.000082,,0x74
"ch1","data",9.138118,0.000082,,0x20
"ch1","data",9.1382045,0.000082,,0x0D
"ch1","data",9.1382915,0.000082,,0x0A
"ch1","data",9.148515,0.000082,,0x0D
"ch1","data",9.148602,0.000082,,0x0A
"ch1","data",9.1486885,0.000082,,0x63
"ch1","data",9.1487755,0.000082,,0x6F
"ch1","data",9.148862,0.000082,,0x6E
"ch1","data",9.148949,0.000082,,0x6E
"ch1","data",9.1490355,0.000082,,0x65
"ch1","data",9.1491225,0.000082,,0x63
"ch1","data",9.149209,0.000082,,0x74
"ch1","data",9.149296,0.000082,,0x65
"ch1","data",9.1493825,0.000082,,0x64
"ch1","data",9.1494695,0.000082,,0x20
"ch1","data",9.149556,0.000082,,0x77
"ch1","data",9.149643,0.000082,,0x69
"ch1","data",9.1497295,0.000082,,0x74
"ch1","data",9.1498165,0.000082,,0x68
"ch1","data",9.149903,0.000082,,0x20
"ch1","data",9.14999,0.000082,,0x47
"ch1","data",9.1500765,0.000082,,0x69
"ch1","data",9.1501635,0.000082,,0x70
"ch1","data",9.15025,0.000082,,0x73
"ch1","data",9.150337,0.000082,,0x79
"ch1","data",9.1504235,0.000082,,0x20
"ch1","data",9.1505105,0.000082,,0x44
"ch1","data",9.150597,0.000082,,0x61
"ch1","data",9.150684,0.000082,,0x6E
"ch1","data",9.1507705,0.000082,,0x67
"ch1","data",9.1508575,0.000082,,0x65
"ch1","data",9.150944,0.000082,,0x72
"ch1","data",9.151031,0.000082,,0x20
"ch1","data",9.1511175,0.000082,,0x49
"ch1","data",9.1512045,0.000082,,0x4F
"ch1","data",9.151291,0.000082,,0x54
"ch1","data",9.151378,0.000082,,0x2C
"ch1","data",9.1514645,0.000082,,0x20
"ch1","data",9.1515515,0.000082,,0x63
"ch1","data",9.151638,0.000082,,0x68
"ch1","data",9.151725,0.000082,,0x61
"ch1","data",9.1518115,0.000082,,0x6E
"ch1","data",9.1518985,0.000082,,0x6E
"ch1","data",9.151985,0.000082,,0x65
"ch1","data",9.152072,0.000082,,0x6C
"ch1","data",9.1521585,0.000082,,0x20
"ch1","data",9.1522455,0.000082,,0x31
"ch1","data",9.152332,0.000082,,0x0D
"ch1","data",9.152419,0.000082,,0x0A
"ch1","data",9.1525055,0.000082,,0x64
"ch1","data",9.1525925,0.000082,,0x68
"ch1","data",9.152679,0.000082,,0x63
"ch1","data",9.152766,0.000082,,0x70
"ch1","data",9.1528525,0.000082,,0x20
"ch1","data",9.1529395,0.000082,,0x63
"ch1","data",9.153026,0.000082,,0x6C
"ch1","data",9.153113,0.000082,,0x69
"ch1","data",9.1531995,0.000082,,0x65
"ch1","data",9.1532865,0.000082,,0x6E
"ch1","data",9.153373,0.000082,,0x74
"ch1","data",9.15346,0.000082,,0x20
"ch1","data",9.1535465,0.000082,,0x73
"ch1","data",9.1536335,0.000082,,0x74
"ch1","data",9.15372,0.000082,,0x61
"ch1","data",9.153807,0.000082,,0x72
"ch1","data",9.1538935,0.000082,,0x74
"ch1","data",9.1539805,0.000082,,0x2E
"ch1","data",9.154067,0.000082,,0x2E
"ch1","data",9.154154,0.000082,,0x2E
"ch1","data",9.1542405,0.000082,,0x0D
"ch1","data",9.1543275,0.000082,,0x0A
"ch1","data",10.254576,0.000082,,0x69
"ch1","data",10.2546625,0.000082,,0x70
"ch1","data",10.2547495,0.000082,,0x3A
"ch1","data",10.254836,0.000082,,0x31
"ch1","data",10.254923,0.000082,,0x39
"ch1","data",10.2550095,0.000082,,0x32
"ch1","data",10.2550965,0.000082,,0x2E
"ch1","data",10.255183,0.000082,,0x31
"ch1","data",10.25527,0.000082,,0x36
"ch1","data",10.2553565,0.000082,,0x38
"ch1","data",10.2554435,0.000082,,0x2E
"ch1","data",10.25553,0.000082,,0x31
"ch1","data",10.255617,0.000082,,0x2E
"ch1","data",10.2557035,0.000082,,0x35
"ch1","data",10.2557905,0.000082,,0x35
"ch1","data",10.255877,0.000082,,0x2C
"ch1","data",10.255964,0.000082,,0x6D
"ch1","data",10.2560505,0.000082,,0x61
"ch1","data",10.2561375,0.000082,,0x73
"ch1","data",10.256224,0.000082,,0x6B
"ch1","data",10.256311,0.000082,,0x3A
"ch1","data",10.2563975,0.000082,,0x32
"ch1","data",10.2564845,0.000082,,0x35
"ch1","data",10.256571,0.000082,,0x35
"ch1","data",10.256658,0.000082,,0x2E
"ch1","data",10.2567445,0.000082,,0x32
"ch1","data",10.2568315,0.000082,,0x35
"ch1","data",10.256918,0.000082,,0x35
"ch1","data",10.257005,0.000082,,0x2E
"ch1","data",10.2570915,0.000082,,0x32
"ch1","data",10.2571785,0.000082,,0x35
"ch1","data",10.257265,0.000082,,0x35
"ch1","data",10.257352,0.000082,,0x2E
"ch1","data",10.2574385,0.000082,,0x30
"ch1","data",10.2575255,0.000082,,0x2C
"ch1","data",10.257612,0.000082,,0x67
"ch1","data",10.257699,0.000082,,0x77
"ch1","data",10.2577855,0.000082,,0x3A
"ch1","data",10.2578725,0.000082,,0x31
"ch1","data",10.257959,0.000082,,0x39
"ch1","data",10.258046,0.000082,,0x32
"ch1","data",10.2581325,0.000082,,0x2E
"ch1","data",10.2582195,0.000082,,0x31
"ch1","data",10.258306,0.000082,,0x36
"ch1","data",10.258393,0.000082,,0x38
"ch1","data",10.2584795,0.000082,,0x2E
"ch1","data",10.2585665,0.000082,,0x31
"ch1","data",10.258653,0.000082,,0x2E
"ch1","data",10.25874,0.000082,,0x31
"ch1","data",10.2588265,0.000082,,0x0D
"ch1","data",10.2589135,0.000082,,0x0A
"ch1","data",11.4292125,0.000082,,0x0D
"ch1","data",11.4292995,0.000082,,0x0A
"ch1","data",11.429386,0.000082,,0x00
"ch1","data",11.429473,0.000082,,0x7B
"ch1","data",11.4295595,0.000082,,0x10
"ch1","data",11.4296465,0.000082,,0x00
"ch1","data",11.429733,0.000082,,0x01
"ch1","data",11.42982,0.000082,,0x00
"ch1","data",11.4299065,0.000082,,0x08
"ch1","data",11.4299935,0.000082,,0x00
"ch1","data",11.43008,0.000082,,0x01
"ch1","data",11.430167,0.000082,,0x00
"ch1","data",11.4302535,0.000082,,0x00
"ch1","data",11.4303405,0.000082,,0x00
"ch1","data",11.430427,0.000082,,0x05
"ch1","data",11.430514,0.000082,,0xD8
"ch1","data",11.4306005,0.000082,,0x21
"ch1","data",11.4306875,0.000082,,0x40
"ch1","data",11.430774,0.000082,,0x85
"ch1","data",11.430861,0.000082,,0x6B
"ch1","data",11.4309475,0.000082,,0x7D
"ch1","data",11.4310345,0.000082,,0x0D
"ch1","data",11.431121,0.000082,,0x0A
"ch1","data",11.9474515,0.000082,,0x0D
"ch1","data",11.947538,0.000082,,0x0A
"ch1","data",11.947625,0.000082,,0x00
"ch1","data",11.9477115,0.000082,,0x7B
"ch1","data",11.9477985,0.000082,,0x2B
"ch1","data",11.947885,0.000082,,0x00
"ch1","data",11.947972,0.000082,,0x01
"ch1","data",11.9480585,0.000082,,0x00
"ch1","data",11.9481455,0.000082,,0x10
"ch1","data",11.948232,0.000082,,0x00
"ch1","data",11.948319,0.000082,,0x01
"ch1","data",11.9484055,0.000082,,0x00
"ch1","data",11.9484925,0.000082,,0x00
"ch1","data",11.948579,0.000082,,0x00
"ch1","data",11.948666,0.000082,,0x4B
"ch1","data",11.9487525,0.000082,,0x68
"ch1","data",11.9488395,0.000082,,0x72
"ch1","data",11.948926,0.000082,,0x72
"ch1","data",11.949013,0.000082,,0x55
"ch1","data",11.9490995,0.000082,,0x4F
"ch1","data",11.9491865,0.000082,,0x76
"ch1","data",11.949273,0.000082,,0x4A
"ch1","data",11.94936,0.000082,,0x79
"ch1","data",11.9494465,0.000082,,0x64
"ch1","data",11.9495335,0.000082,,0x73
"ch1","data",11.94962,0.000082,,0x63
"ch1","data",11.949707,0.000082,,0x74
"ch1","data",11.9497935,0.000082,,0x45
"ch1","data",11.9498805,0.000082,,0x58
"ch1","data",11.949967,0.000082,,0x50
"ch1","data",11.950054,0.000082,,0x41
"ch1","data",11.9501405,0.000082,,0x45
"ch1","data",11.9502275,0.000082,,0x56
"ch1","data",11.950314,0.000082,,0x4E
"ch1","data",11.950401,0.000082,,0x4F
"ch1","data",11.9504875,0.000082,,0x45
"ch1","data",11.9505745,0.000082,,0x45
"ch1","data",11.950661,0.000082,,0x63
"ch1","data",11.950748,0.000082,,0x70
"ch1","data",11.9508345,0.000082,,0x68
"ch1","data",11.9509215,0.000082,,0x55
"ch1","data",11.951008,0.000082,,0x6A
"ch1","data",11.951095,0.000082,,0x56
"ch1","data",11.9511815,0.000082,,0x52
"ch1","data",11.9512685,0.000082,,0x00
"ch1","data",11.951355,0.000082,,0x61
"ch1","data",11.951442,0.000082,,0xBC
"ch1","data",11.9515285,0.000082,,0x7D
"ch1","data",11.9516155,0.000082,,0x0D
"ch1","data",11.951702,0.000082,,0x0A
"ch1","data",11.951789,0.000082,,0x0D
"ch1","data",11.9518755,0.000082,,0x0A
"ch1","data",11.9519625,0.000082,,0x00
"ch1","data",11.952049,0.000082,,0x7B
"ch1","data",11.952136,0.000082,,0x0C
"ch1","data",11.9522225,0.000082,,0x00
"ch1","data",11.9523095,0.000082,,0x01
"ch1","data",11.952396,0.000082,,0x00
"ch1","data",11.952483,0.000082,,0x03
"ch1","data",11.9525695,0.000082,,0x00
"ch1","data",11.9526565,0.000082,,0x01
"ch1","data",11.952743,0.000082,,0x00
"ch1","data",11.95283,0.000082,,0x00
"ch1","data",11.9529165,0.000082,,0x00
"ch1","data",11.9530035,0.000082,,0xB0
"ch1","data",11.95309,0.000082,,0xC0
"ch1","data",11.953177,0.000082,,0x7D
"ch1","data",11.9532635,0.000082,,0x0D
"ch1","data",11.9533505,0.000082,,0x0A
"ch1","data",12.4843495,0.000082,,0x0D
"ch1","data",12.4844365,0.000082,,0x0A
"ch1","data",12.484523,0.000082,,0x00
"ch1","data",12.48461,0.000082,,0x7B
"ch1","data",12.4846965,0.000082,,0x38
"ch1","data",12.4847835,0.000082,,0x00
"ch1","data",12.48487,0.000082,,0x01
"ch1","data",12.484957,0.000082,,0x00
"ch1","data",12.4850435,0.000082,,0x05
"ch1","data",12.4851305,0.000082,,0x00
"ch1","data",12.485217,0.000082,,0x01
"ch1","data",12.485304,0.000082,,0x00
"ch1","data",12.4853905,0.000082,,0x00
"ch1","data",12.4854775,0.000082,,0x00
"ch1","data",12.485564,0.000082,,0x46
"ch1","data",12.485651,0.000082,,0x81
"ch1","data",12.4857375,0.000082,,0x9E
"ch1","data",12.4858245,0.000082,,0xE3
"ch1","data",12.485911,0.000082,,0x00
"ch1","data",12.485998,0.000082,,0x1D
"ch1","data",12.4860845,0.000082,,0x00
"ch1","data",12.4861715,0.000082,,0x0F
"ch1","data",12.486258,0.000082,,0x00
"ch1","data",12.486345,0.000082,,0x01
"ch1","data",12.4864315,0.000082,,0x00
"ch1","data",12.4865185,0.000082,,0x00
"ch1","data",12.486605,0.000082,,0x00
"ch1","data",12.486692,0.000082,,0x00
"ch1","data",12.4867785,0.000082,,0x00
"ch1","data",12.4868655,0.000082,,0x00
"ch1","data",12.486952,0.000082,,0x09
"ch1","data",12.487039,0.000082,,0x00
"ch1","data",12.4871255,0.000082,,0x16
"ch1","data",12.4872125,0.000082,,0x25
"ch1","data",12.487299,0.000082,,0x61
"ch1","data",12.487386,0.000082,,0x07
"ch1","data",12.4874725,0.000082,,0x73
"ch1","data",12.4875595,0.000082,,0x62
"ch1","data",12.487646,0.000082,,0x00
"ch1","data",12.487733,0.000082,,0x00
"ch1","data",12.4878195,0.000082,,0xFF
"ch1","data",12.4879065,0.000082,,0x04
"ch1","data",12.487993,0.000082,,0xFF
"ch1","data",12.48808,0.000082,,0x0F
"ch1","data",12.4881665,0.000082,,0x04
"ch1","data",12.4882535,0.000082,,0x40
"ch1","data",12.48834,0.000082,,0x0C
"ch1","data",12.488427,0.000082,,0xFE
"ch1","data",12.4885135,0.000082,,0x00
"ch1","data",12.4886005,0.000082,,0x00
"ch1","data",12.488687,0.000082,,0x00
"ch1","data",12.488774,0.000082,,0x01
"ch1","data",12.4888605,0.000082,,0x00
"ch1","data",12.4889475,0.000082,,0x13
"ch1","data",12.489034,0.000082,,0x00
"ch1","data",12.489121,0.000082,,0x00
"ch1","data",12.4892075,0.000082,,0x2C
"ch1","data",12.4892945,0.000082,,0xCC
"ch1","data",12.489381,0.000082,,0xBF
"ch1","data",12.489468,0.000082,,0xCF
"ch1","data",12.4895545,0.000082,,0x7D
"ch1","data",12.4896415,0.000082,,0x0D
"ch1","data",12.489728,0.000082,,0x0A
"ch1","data",12.489815,0.000082,,0x0D
"ch1","data",12.4899015,0.000082,,0x0A
"ch1","data",12.4899885,0.000082,,0x0D
"ch1","data",12.490075,0.000082,,0x0A
"ch1","data",12.490162,0.000082,,0x00
"ch1","data",12.4902485,0.000082,,0x7B
"ch1","data",12.4903355,0.000082,,0x0C
"ch1","data",12.490422,0.000082,,0x00
"ch1","data",12.490509,0.000082,,0x01
"ch1","data",12.4905955,0.000082,,0x00
"ch1","data",12.4906825,0.000082,,0x03
"ch1","data",12.490769,0.000082,,0x00
"ch1","data",12.490856,0.000082,,0x01
"ch1","data",12.4909425,0.000082,,0x00
"ch1","data",12.4910295,0.000082,,0x00
"ch1","data",12.491116,0.000082,,0x00
"ch1","data",12.491203,0.000082,,0xB0
"ch1","data",12.4912895,0.000082,,0xC0
"ch1","data",12.4913765,0.000082,,0x7D
"ch1","data",12.491463,0.000082,,0x0D
"ch1","data",12.4915495,0.000082,,0x0A
"ch0","data",12.540511,0.000082,,0xDD
"ch0","data",12.540596,0.000082,,0x02
"ch0","data",12.5406805,0.000082,,0x00
"ch0","data",12.540765,0.000082,,0x3B
"ch0","data",12.5408495,0.000082,,0x00
"ch0","data",12.5409345,0.000082,,0x7B
"ch0","data",12.541019,0.000082,,0x38
"ch0","data",12.5411035,0.000082,,0x00
"ch0","data",12.541188,0.000082,,0x11
"ch0","data",12.5412725,0.000082,,0x00
"ch0","data",12.5413575,0.000082,,0x05
"ch0","data",12.541442,0.000082,,0x00
"ch0","data",12.541527,0.000082,,0x00
"ch0","data",12.5416115,0.000082,,0x00
"ch0","data",12.541696,0.000082,,0x01
"ch0","data",12.541781,0.000082,,0x00
"ch0","data",12.5418655,0.000082,,0x46
"ch0","data",12.5419505,0.000082,,0x81
"ch0","data",12.542035,0.000082,,0x9E
"ch0","data",12.5421195,0.000082,,0xE3
"ch0","data",12.5422045,0.000082,,0x00
"ch0","data",12.542289,0.000082,,0x1D
"ch0","data",12.5423735,0.000082,,0x00
"ch0","data",12.5424585,0.000082,,0x0F
"ch0","data",12.542543,0.000082,,0x00
"ch0","data",12.5426275,0.000082,,0x01
"ch0","data",12.5427125,0.000082,,0x00
"ch0","data",12.542797,0.000082,,0x00
"ch0","data",12.542882,0.000082,,0x00
"ch0","data",12.5429665,0.000082,,0x00
"ch0","data",12.543051,0.000082,,0x00
"ch0","data",12.543136,0.000082,,0x00
"ch0","data",12.5432205,0.000082,,0x09
"ch0","data",12.5433055,0.000082,,0x00
"ch0","data",12.54339,0.000082,,0x16
"ch0","data",12.5434745,0.000082,,0x25
"ch0","data",12.5435595,0.000082,,0x61
"ch0","data",12.543644,0.000082,,0x07
"ch0","data",12.543729,0.000082,,0x73
"ch0","data",12.5438135,0.000082,,0x62
"ch0","data",12.543898,0.000082,,0x00
"ch0","data",12.543983,0.000082,,0x00
"ch0","data",12.5440675,0.000082,,0xFF
"ch0","data",12.5441525,0.000082,,0x04
"ch0","data",12.544237,0.000082,,0xFF
"ch0","data",12.5443215,0.000082,,0x0F
"ch0","data",12.5444065,0.000082,,0x04
"ch0","data",12.544491,0.000082,,0x40
"ch0","data",12.5445755,0.000082,,0x0C
"ch0","data",12.5446605,0.000082,,0xFE
"ch0","data",12.544745,0.000082,,0x00
"ch0","data",12.54483,0.000082,,0x00
"ch0","data",12.5449145,0.000082,,0x00
"ch0","data",12.544999,0.000082,,0x01
"ch0","data",12.545084,0.000082,,0x00
"ch0","data",12.5451685,0.000082,,0x13
"ch0","data",12.545253,0.000082,,0x00
"ch0","data",12.545338,0.000082,,0x00
"ch0","data",12.5454225,0.000082,,0x2C
"ch0","data",12.5455075,0.000082,,0xCC
"ch0","data",12.545592,0.000082,,0x40
"ch0","data",12.5456765,0.000082,,0x49
"ch0","data",12.5457615,0.000082,,0x7D
"ch0","data",14.919707,0.000082,,0xDD
"ch0","data",14.9197915,0.000082,,0x02
"ch0","data",14.919876,0.000082,,0x00
"ch0","data",14.919961,0.000082,,0x3B
"ch0","data",14.9200455,0.000082,,0x00
"ch0","data",14.9201305,0.000082,,0x7B
"ch0","data",14.920215,0.000082,,0x38
"ch0","data",14.9202995,0.000082,,0x00
"ch0","data",14.9203845,0.000082,,0x11
"ch0","data",14.920469,0.000082,,0x00
"ch0","data",14.9205535,0.000082,,0x01
"ch0","data",14.9206385,0.000082,,0x00
"ch0","data",14.920723,0.000082,,0x00
"ch0","data",14.920808,0.000082,,0x00
"ch0","data",14.9208925,0.000082,,0x01
"ch0","data",14.920977,0.000082,,0x00
"ch0","data",14.921062,0.000082,,0x46
"ch0","data",14.9211465,0.000082,,0x81
"ch0","data",14.9212315,0.000082,,0x9E
"ch0","data",14.921316,0.000082,,0xE3
"ch0","data",14.9214005,0.000082,,0x00
"ch0","data",14.9214855,0.000082,,0x1D
"ch0","data",14.92157,0.000082,,0x00
"ch0","data",14.9216545,0.000082,,0x0F
"ch0","data",14.9217395,0.000082,,0x20
"ch0","data",14.921824,0.000082,,0x00
"ch0","data",14.921909,0.000082,,0x01
"ch0","data",14.9219935,0.000082,,0x0B
"ch0","data",14.922078,0.000082,,0xA5
"ch0","data",14.922163,0.000082,,0x27
"ch0","data",14.9222475,0.000082,,0x56
"ch0","data",14.922332,0.000082,,0x9D
"ch0","data",14.922417,0.000082,,0x00
"ch0","data",14.9225015,0.000082,,0x00
"ch0","data",14.9225865,0.000082,,0x00
"ch0","data",14.922671,0.000082,,0x00
"ch0","data",14.9227555,0.000082,,0x00
"ch0","data",14.9228405,0.000082,,0x00
"ch0","data",14.922925,0.000082,,0x61
"ch0","data",14.92301,0.000082,,0x07
"ch0","data",14.9230945,0.000082,,0x73
"ch0","data",14.923179,0.000082,,0x62
"ch0","data",14.923264,0.000082,,0x28
"ch0","data",14.9233485,0.000082,,0x00
"ch0","data",14.923433,0.000082,,0x7E
"ch0","data",14.923518,0.000082,,0x00
"ch0","data",14.9236025,0.000082,,0x00
"ch0","data",14.923687,0.000082,,0x88
"ch0","data",14.923772,0.000082,,0x00
"ch0","data",14.9238565,0.000082,,0x00
"ch0","data",14.923941,0.000082,,0x98
"ch0","data",14.924026,0.000082,,0x00
"ch0","data",14.9241105,0.000082,,0x9F
"ch0","data",14.924195,0.000082,,0x00
"ch0","data",14.9242795,0.000082,,0x09
"ch0","data",14.924364,0.000082,,0x00
"ch0","data",14.924449,0.000082,,0x00
"ch0","data",14.9245335,0.000082,,0x00
"ch0","data",14.924618,0.000082,,0x82
"ch0","data",14.9247025,0.000082,,0x0D
"ch0","data",14.9247875,0.000082,,0xF8
"ch0","data",14.924872,0.000082,,0x06
"ch0","data",14.9249565,0.000082,,0x7D
"ch0","data",14.9748905,0.000082,,0xDD
"ch0","data",14.974975,0.000082,,0x02
"ch0","data",14.97506,0.000082,,0x00
"ch0","data",14.9751445,0.000082,,0x0F
"ch0","data",14.9752295,0.000082,,0x00
"ch0","data",14.975314,0.000082,,0x7B
"ch0","data",14.9753985,0.000082,,0x0C
"ch0","data",14.9754835,0.000082,,0x00
"ch0","data",14.975568,0.000082,,0x11
"ch0","data",14.975653,0.000082,,0x00
"ch0","data",14.9757375,0.000082,,0x00
"ch0","data",14.975822,0.000082,,0x00
"ch0","data",14.975907,0.000082,,0x00
"ch0","data",14.9759915,0.000082,,0x00
"ch0","data",14.976076,0.000082,,0x01
"ch0","data",14.976161,0.000082,,0x00
"ch0","data",14.9762455,0.000082,,0x61
"ch0","data",14.9763305,0.000082,,0x76
"ch0","data",14.976415,0.000082,,0x7D
"ch1","data",15.2329265,0.000082,,0x0D
"ch1","data",15.233013,0.000082,,0x0A
"ch1","data",15.2331,0.000082,,0x00
"ch1","data",15.2331865,0.000082,,0x7B
"ch1","data",15.2332735,0.000082,,0x38
"ch1","data",15.23336,0.000082,,0x00
"ch1","data",15.233447,0.000082,,0x01
"ch1","data",15.2335335,0.000082,,0x00
"ch1","data",15.2336205,0.000082,,0x05
"ch1","data",15.233707,0.000082,,0x00
"ch1","data",15.233794,0.000082,,0x01
"ch1","data",15.2338805,0.000082,,0x00
"ch1","data",15.2339675,0.000082,,0x00
"ch1","data",15.234054,0.000082,,0x00
"ch1","data",15.234141,0.000082,,0x46
"ch1","data",15.2342275,0.000082,,0x81
"ch1","data",15.2343145,0.000082,,0x9E
"ch1","data",15.234401,0.000082,,0xE3
"ch1","data",15.234488,0.000082,,0x00
"ch1","data",15.2345745,0.000082,,0x1D
"ch1","data",15.2346615,0.000082,,0x00
"ch1","data",15.234748,0.000082,,0x0F
"ch1","data",15.234835,0.000082,,0x00
"ch1","data",15.2349215,0.000082,,0x01
"ch1","data",15.2350085,0.000082,,0x00
"ch1","data",15.235095,0.000082,,0x00
"ch1","data",15.235182,0.000082,,0x00
"ch1","data",15.2352685,0.000082,,0x00
"ch1","data",15.2353555,0.000082,,0x00
"ch1","data",15.235442,0.000082,,0x00
"ch1","data",15.235529,0.000082,,0x09
"ch1","data",15.2356155,0.000082,,0x00
"ch1","data",15.2357025,0.000082,,0x16
"ch1","data",15.235789,0.000082,,0x25
"ch1","data",15.235876,0.000082,,0x61
"ch1","data",15.2359625,0.000082,,0x07
"ch1","data",15.2360495,0.000082,,0x73
"ch1","data",15.236136,0.000082,,0x62
"ch1","data",15.236223,0.000082,,0x00
"ch1","data",15.2363095,0.000082,,0x00
"ch1","data",15.2363965,0.000082,,0xFF
"ch1","data",15.236483,0.000082,,0x04
"ch1","data",15.23657,0.000082,,0xFF
"ch1","data",15.2366565,0.000082,,0x0F
"ch1","data",15.2367435,0.000082,,0x04
"ch1","data",15.23683,0.000082,,0x40
"ch1","data",15.236917,0.000082,,0x0C
"ch1","data",15.2370035,0.000082,,0xFE
"ch1","data",15.2370905,0.000082,,0x00
"ch1","data",15.237177,0.000082,,0x00
"ch1","data",15.237264,0.000082,,0x00
"ch1","data",15.2373505,0.000082,,0x01
"ch1","data",15.2374375,0.000082,,0x00
"ch1","data",15.237524,0.000082,,0x13
"ch1","data",15.237611,0.000082,,0x00
"ch1","data",15.2376975,0.000082,,0x00
"ch1","data",15.2377845,0.000082,,0x2C
"ch1","data",15.237871,0.000082,,0xCC
"ch1","data",15.237958,0.000082,,0xBF
"ch1","data",15.2380445,0.000082,,0xCF
"ch1","data",15.2381315,0.000082,,0x7D
"ch1","data",15.238218,0.000082,,0x0D
"ch1","data",15.238305,0.000082,,0x0A
"ch1","data",15.2383915,0.000082,,0x0D
"ch1","data",15.2384785,0.000082,,0x0A
"ch1","data",15.238565,0.000082,,0x0D
"ch1","data",15.238652,0.000082,,0x0A
"ch1","data",15.2387385,0.000082,,0x00
"ch1","data",15.2388255,0.000082,,0x7B
"ch1","data",15.238912,0.000082,,0x0C
"ch1","data",15.238999,0.000082,,0x00
"ch1","data",15.2390855,0.000082,,0x01
"ch1","data",15.2391725,0.000082,,0x00
"ch1","data",15.239259,0.000082,,0x03
"ch1","data",15.239346,0.000082,,0x00
"ch1","data",15.2394325,0.000082,,0x01
"ch1","data",15.2395195,0.000082,,0x00
"ch1","data",15.239606,0.000082,,0x00
"ch1","data",15.239693,0.000082,,0x00
"ch1","data",15.2397795,0.000082,,0xB0
"ch1","data",15.2398665,0.000082,,0xC0
"ch1","data",15.239953,0.000082,,0x7D
"ch1","data",15.24004,0.000082,,0x0D
"ch1","data",15.2401265,0.000082,,0x0A
"ch1","data",19.135201,0.000082,,0x70
"ch1","data",19.1352875,0.000082,,0x6D
"ch1","data",19.1353745,0.000082,,0x20
"ch1","data",19.135461,0.000082,,0x6F
"ch1","data",19.135548,0.000082,,0x70
"ch1","data",19.1356345,0.000082,,0x65
"ch1","data",19.1357215,0.000082,,0x6E
"ch1","data",19.135808,0.000082,,0x2C
"ch1","data",19.135895,0.000082,,0x74
"ch1","data",19.1359815,0.000082,,0x79
"ch1","data",19.1360685,0.000082,,0x70
"ch1","data",19.136155,0.000082,,0x65
"ch1","data",19.136242,0.000082,,0x3A
"ch1","data",19.1363285,0.000082,,0x30
"ch1","data",19.1364155,0.000082,,0x20
"ch1","data",19.136502,0.000082,,0x30
"ch1","data",19.136589,0.000082,,0x0D
"ch1","data",19.1366755,0.000082,,0x0A
"ch0","data",21.1365525,0.000082,,0xDD
"ch0","data",21.1366375,0.000082,,0x02
"ch0","data",21.136722,0.000082,,0x00
"ch0","data",21.136807,0.000082,,0x3B
"ch0","data",21.1368915,0.000082,,0x00
"ch0","data",21.136976,0.000082,,0x7B
"ch0","data",21.137061,0.000082,,0x38
"ch0","data",21.1371455,0.000082,,0x00
"ch0","data",21.1372305,0.000082,,0x11
"ch0","data",21.137315,0.000082,,0x00
"ch0","data",21.1373995,0.000082,,0x01
"ch0","data",21.1374845,0.000082,,0x00
"ch0","data",21.137569,0.000082,,0x00
"ch0","data",21.137654,0.000082,,0x00
"ch0","data",21.1377385,0.000082,,0x01
"ch0","data",21.137823,0.000082,,0x00
"ch0","data",21.137908,0.000082,,0x46
"ch0","data",21.1379925,0.000082,,0x81
"ch0","data",21.138077,0.000082,,0x9E
"ch0","data",21.138162,0.000082,,0xE3
"ch0","data",21.1382465,0.000082,,0x00
"ch0","data",21.1383315,0.000082,,0x1D
"ch0","data",21.138416,0.000082,,0x00
"ch0","data",21.1385005,0.000082,,0x0F
"ch0","data",21.1385855,0.000082,,0x20
"ch0","data",21.13867,0.000082,,0x00
"ch0","data",21.138755,0.000082,,0x01
"ch0","data",21.1388395,0.000082,,0x0B
"ch0","data",21.138924,0.000082,,0xA5
"ch0","data",21.139009,0.000082,,0x27
"ch0","data",21.1390935,0.000082,,0x56
"ch0","data",21.1391785,0.000082,,0x9D
"ch0","data",21.139263,0.000082,,0x00
"ch0","data",21.1393475,0.000082,,0x00
"ch0","data",21.1394325,0.000082,,0x00
"ch0","data",21.139517,0.000082,,0x00
"ch0","data",21.1396015,0.000082,,0x00
"ch0","data",21.1396865,0.000082,,0x00
"ch0","data",21.139771,0.000082,,0x61
"ch0","data",21.139856,0.000082,,0x07
"ch0","data",21.1399405,0.000082,,0x73
"ch0","data",21.140025,0.000082,,0x62
"ch0","data",21.14011,0.000082,,0x28
"ch0","data",21.1401945,0.000082,,0x00
"ch0","data",21.140279,0.000082,,0x7E
"ch0","data",21.140364,0.000082,,0x00
"ch0","data",21.1404485,0.000082,,0x00
"ch0","data",21.140533,0.000082,,0x88
"ch0","data",21.1406175,0.000082,,0x00
"ch0","data",21.140702,0.000082,,0x00
"ch0","data",21.140787,0.000082,,0x98
"ch0","data",21.1408715,0.000082,,0x00
"ch0","data",21.140956,0.000082,,0x9F
"ch0","data",21.1410405,0.000082,,0x00
"ch0","data",21.141125,0.000082,,0x09
"ch0","data",21.14121,0.000082,,0x00
"ch0","data",21.1412945,0.000082,,0x00
"ch0","data",21.141379,0.000082,,0x00
"ch0","data",21.1414635,0.000082,,0x82
"ch0","data",21.141548,0.000082,,0x0D
"ch0","data",21.141633,0.000082,,0xF8
"ch0","data",21.1417175,0.000082,,0x06
"ch0","data",21.141802,0.000082,,0x7D
"ch0","data",21.1418865,0.000082,,0xDD
"ch0","data",21.141971,0.000082,,0x02
"ch0","data",21.142056,0.000082,,0x00
"ch0","data",21.14214,0.000082,,0x0F
"ch0","data",21.1422245,0.000082,,0x00
"ch0","data",21.1423095,0.000082,,0x7B
"ch0","data",21.142394,0.000082,,0x0C
"ch0","data",21.1424785,0.000082,,0x00
"ch0","data",21.142563,0.000082,,0x11
"ch0","data",21.1426475,0.000082,,0x00
"ch0","data",21.1427325,0.000082,,0x00
"ch0","data",21.142817,0.000082,,0x00
"ch0","data",21.142902,0.000082,,0x00
"ch0","data",21.1429865,0.000082,,0x00
"ch0","data",21.143071,0.000082,,0x01
"ch0","data",21.143156,0.000082,,0x00
"ch0","data",21.1432405,0.000082,,0x61
"ch0","data",21.143325,0.000082,,0x76
"ch0","data",21.14341,0.000082,,0x7D
"ch1","data",21.616897,0.000082,,0x0D
"ch1","data",21.6169835,0.000082,,0x0A
"ch1","data",21.6170705,0.000082,,0x00
"ch1","data",21.617157,0.000082,,0x7B
"ch1","data",21.617244,0.000082,,0x38
"ch1","data",21.6173305,0.000082,,0x00
"ch1","data",21.6174175,0.000082,,0x01
"ch1","data",21.617504,0.000082,,0x00
"ch1","data",21.617591,0.000082,,0x05
"ch1","data",21.6176775,0.000082,,0x00
"ch1","data",21.6177645,0.000082,,0x01
"ch1","data",21.617851,0.000082,,0x00
"ch1","data",21.617938,0.000082,,0x00
"ch1","data",21.6180245,0.000082,,0x00
"ch1","data",21.6181115,0.000082,,0x46
"ch1","data",21.618198,0.000082,,0x81
"ch1","data",21.618285,0.000082,,0x9E
"ch1","data",21.6183715,0.000082,,0xE3
"ch1","data",21.6184585,0.000082,,0x00
"ch1","data",21.618545,0.000082,,0x1D
"ch1","data",21.618632,0.000082,,0x00
"ch1","data",21.6187185,0.000082,,0x0F
"ch1","data",21.6188055,0.000082,,0x00
"ch1","data",21.618892,0.000082,,0x01
"ch1","data",21.618979,0.000082,,0x00
"ch1","data",21.6190655,0.000082,,0x00
"ch1","data",21.6191525,0.000082,,0x00
"ch1","data",21.619239,0.000082,,0x00
"ch1","data",21.619326,0.000082,,0x00
"ch1","data",21.6194125,0.000082,,0x00
"ch1","data",21.6194995,0.000082,,0x09
"ch1","data",21.619586,0.000082,,0x00
"ch1","data",21.619673,0.000082,,0x16
"ch1","data",21.6197595,0.000082,,0x25
"ch1","data",21.6198465,0.000082,,0x61
"ch1","data",21.619933,0.000082,,0x07
"ch1","data",21.62002,0.000082,,0x73
"ch1","data",21.6201065,0.000082,,0x62
"ch1","data",21.6201935,0.000082,,0x00
"ch1","data",21.62028,0.000082,,0x00
"ch1","data",21.620367,0.000082,,0xFF
"ch1","data",21.6204535,0.000082,,0x04
"ch1","data",21.6205405,0.000082,,0xFF
"ch1","data",21.620627,0.000082,,0x0F
"ch1","data",21.620714,0.000082,,0x04
"ch1","data",21.6208005,0.000082,,0x40
"ch1","data",21.6208875,0.000082,,0x0C
"ch1","data",21.620974,0.000082,,0xFE
"ch1","data",21.621061,0.000082,,0x00
"ch1","data",21.6211475,0.000082,,0x00
"ch1","data",21.6212345,0.000082,,0x00
"ch1","data",21.621321,0.000082,,0x01
"ch1","data",21.621408,0.000082,,0x00
"ch1","data",21.6214945,0.000082,,0x13
"ch1","data",21.6215815,0.000082,,0x00
"ch1","data",21.621668,0.000082,,0x00
"ch1","data",21.621755,0.000082,,0x2C
"ch1","data",21.6218415,0.000082,,0xCC
"ch1","data",21.6219285,0.000082,,0xBF
"ch1","data",21.622015,0.000082,,0xCF
"ch1","data",21.622102,0.000082,,0x7D
"ch1","data",21.6221885,0.000082,,0x0D
"ch1","data",21.6222755,0.000082,,0x0A
"ch1","data",21.622362,0.000082,,0x0D
"ch1","data",21.622449,0.000082,,0x0A
"ch1","data",21.6225355,0.000082,,0x0D
"ch1","data",21.6226225,0.000082,,0x0A
"ch1","data",21.622709,0.000082,,0x00
"ch1","data",21.622796,0.000082,,0x7B
"ch1","data",21.6228825,0.000082,,0x0C
"ch1","data",21.6229695,0.000082,,0x00
"ch1","data",21.623056,0.000082,,0x01
"ch1","data",21.623143,0.000082,,0x00
"ch1","data",21.6232295,0.000082,,0x03
"ch1","data",21.6233165,0.000082,,0x00
"ch1","data",21.623403,0.000082,,0x01
"ch1","data",21.62349,0.000082,,0x00
"ch1","data",21.6235765,0.000082,,0x00
"ch1","data",21.6236635,0.000082,,0x00
"ch1","data",21.62375,0.000082,,0xB0
"ch1","data",21.623837,0.000082,,0xC0
"ch1","data",21.6239235,0.000082,,0x7D
"ch1","data",21.6240105,0.000082,,0x0D
"ch1","data",21.624097,0.000082,,0x0A
"ch0","data",27.5385775,0.000082,,0xDD
"ch0","data",27.5386625,0.000082,,0x02
"ch0","data",27.538747,0.000082,,0x00
"ch0","data",27.5388315,0.000082,,0x3B
"ch0","data",27.5389165,0.000082,,0x00
"ch0","data",27.539001,0.000082,,0x7B
"ch0","data",27.5390855,0.000082,,0x38
"ch0","data",27.5391705,0.000082,,0x00
"ch0","data",27.539255,0.000082,,0x11
"ch0","data",27.53934,0.000082,,0x00
"ch0","data",27.5394245,0.000082,,0x01
"ch0","data",27.539509,0.000082,,0x00
"ch0","data",27.539594,0.000082,,0x00
"ch0","data",27.5396785,0.000082,,0x00
"ch0","data",27.539763,0.000082,,0x01
"ch0","data",27.539848,0.000082,,0x00
"ch0","data",27.5399325,0.000082,,0x46
"ch0","data",27.540017,0.000082,,0x81
"ch0","data",27.540102,0.000082,,0x9E
"ch0","data",27.5401865,0.000082,,0xE3
"ch0","data",27.5402715,0.000082,,0x00
"ch0","data",27.540356,0.000082,,0x1D
"ch0","data",27.5404405,0.000082,,0x00
"ch0","data",27.5405255,0.000082,,0x0F
"ch0","data",27.54061,0.000082,,0x20
"ch0","data",27.5406945,0.000082,,0x00
"ch0","data",27.5407795,0.000082,,0xD4
"ch0","data",27.540864,0.000082,,0x0A
"ch0","data",27.5409485,0.000082,,0xA5
"ch0","data",27.5410335,0.000082,,0x27
"ch0","data",27.541118,0.000082,,0x56
"ch0","data",27.541203,0.000082,,0x95
"ch0","data",27.5412875,0.000082,,0x00
"ch0","data",27.541372,0.000082,,0x00
"ch0","data",27.541457,0.000082,,0x00
"ch0","data",27.5415415,0.000082,,0x00
"ch0","data",27.5416265,0.000082,,0x00
"ch0","data",27.541711,0.000082,,0x00
"ch0","data",27.5417955,0.000082,,0x61
"ch0","data",27.5418805,0.000082,,0x07
"ch0","data",27.541965,0.000082,,0x73
"ch0","data",27.5420495,0.000082,,0x62
"ch0","data",27.5421345,0.000082,,0x29
"ch0","data",27.542219,0.000082,,0x00
"ch0","data",27.542304,0.000082,,0x60
"ch0","data",27.5423885,0.000082,,0x00
"ch0","data",27.542473,0.000082,,0x00
"ch0","data",27.542558,0.000082,,0x88
"ch0","data",27.5426425,0.000082,,0x00
"ch0","data",27.542727,0.000082,,0x00
"ch0","data",27.542812,0.000082,,0x98
"ch0","data",27.5428965,0.000082,,0x00
"ch0","data",27.5429815,0.000082,,0x9F
"ch0","data",27.543066,0.000082,,0x00
"ch0","data",27.5431505,0.000082,,0x09
"ch0","data",27.5432355,0.000082,,0x00
"ch0","data",27.54332,0.000082,,0x00
"ch0","data",27.5434045,0.000082,,0x00
"ch0","data",27.5434895,0.000082,,0x08
"ch0","data",27.543574,0.000082,,0x0E
"ch0","data",27.5436585,0.000082,,0x03
"ch0","data",27.5437435,0.000082,,0xC3
"ch0","data",27.543828,0.000082,,0x7D
"ch0","data",27.543913,0.000082,,0xDD
"ch0","data",27.5439975,0.000082,,0x02
"ch0","data",27.544082,0.000082,,0x00
"ch0","data",27.544167,0.000082,,0x0F
"ch0","data",27.5442515,0.000082,,0x00
"ch0","data",27.5443365,0.000082,,0x7B
"ch0","data",27.544421,0.000082,,0x0C
"ch0","data",27.5445055,0.000082,,0x00
"ch0","data",27.5445905,0.000082,,0x11
"ch0","data",27.544675,0.000082,,0x00
"ch0","data",27.5447595,0.000082,,0x00
"ch0","data",27.5448445,0.000082,,0x00
"ch0","data",27.544929,0.000082,,0x00
"ch0","data",27.545014,0.000082,,0x00
"ch0","data",27.5450985,0.000082,,0x01
"ch0","data",27.545183,0.000082,,0x00
"ch0","data",27.545268,0.000082,,0x61
"ch0","data",27.5453525,0.000082,,0x76
"ch0","data",27.5454375,0.000082,,0x7D
"ch0","data",27.545522,0.000082,,0xDD
"ch0","data",27.5456065,0.000082,,0x02
"ch0","data",27.5456915,0.000082,,0x00
"ch0","data",27.545776,0.000082,,0x0F
"ch0","data",27.5458605,0.000082,,0x00
"ch0","data",27.5459455,0.000082,,0x7B
"ch0","data",27.54603,0.000082,,0x0C
"ch0","data",27.546115,0.000082,,0x00
"ch0","data",27.5461995,0.000082,,0x11
"ch0","data",27.546284,0.000082,,0x00
"ch0","data",27.546369,0.000082,,0x0B
"ch0","data",27.5464535,0.000082,,0x00
"ch0","data",27.546538,0.000082,,0x00
"ch0","data",27.546623,0.000082,,0x00
"ch0","data",27.5467075,0.000082,,0x01
"ch0","data",27.5467925,0.000082,,0x00
"ch0","data",27.546877,0.000082,,0xC3
"ch0","data",27.5469615,0.000082,,0xB5
"ch0","data",27.5470465,0.000082,,0x7D
"ch0","data",27.547131,0.000082,,0xDD
"ch0","data",27.5472155,0.000082,,0x02
"ch0","data",27.5473005,0.000082,,0x00
"ch0","data",27.547385,0.000082,,0x13
"ch0","data",27.5474695,0.000082,,0x00
"ch0","data",27.547554,0.000082,,0x7B
"ch0","data",27.5476385,0.000082,,0x10
"ch0","data",27.5477235,0.000082,,0x00
"ch0","data",27.547808,0.000082,,0x11
"ch0","data",27.547893,0.000082,,0x00
"ch0","data",27.5479775,0.000082,,0x0F
"ch0","data",27.548062,0.000082,,0x00
"ch0","data",27.5481465,0.000082,,0x00
"ch0","data",27.5482315,0.000082,,0x00
"ch0","data",27.548316,0.000082,,0x01
"ch0","data",27.5484005,0.000082,,0x00
"ch0","data",27.5484855,0.000082,,0x02
"ch0","data",27.54857,0.000082,,0xF1
"ch0","data",27.548655,0.000082,,0x00
"ch0","data",27.5487395,0.000082,,0x00
"ch0","data",27.548824,0.000082,,0x35
"ch0","data",27.548909,0.000082,,0x76
"ch0","data",27.5489935,0.000082,,0x7D
"ch0","data",27.549078,0.000082,,0xDD
"ch0","data",27.549163,0.000082,,0x02
"ch0","data",27.5492475,0.000082,,0x00
"ch0","data",27.549332,0.000082,,0x13
"ch0","data",27.549417,0.000082,,0x00
"ch0","data",27.5495015,0.000082,,0x7B
"ch0","data",27.5495865,0.000082,,0x10
"ch0","data",27.549671,0.000082,,0x00
"ch0","data",27.5497555,0.000082,,0x11
"ch0","data",27.5498405,0.000082,,0x00
"ch0","data",27.549925,0.000082,,0x0F
"ch0","data",27.5500095,0.000082,,0x00
"ch0","data",27.5500945,0.000082,,0x00
"ch0","data",27.550179,0.000082,,0x00
"ch0","data",27.550264,0.000082,,0x01
"ch0","data",27.5503485,0.000082,,0x00
"ch0","data",27.5504335,0.000082,,0x05
"ch0","data",27.550518,0.000082,,0xF1
"ch0","data",27.5506025,0.000082,,0x00
"ch0","data",27.5506875,0.000082,,0x00
"ch0","data",27.550772,0.000082,,0x18
"ch0","data",27.5508565,0.000082,,0x27
"ch0","data",27.550941,0.000082,,0x7D
"ch1","data",27.5514695,0.000082,,0x0D
"ch1","data",27.5515565,0.000082,,0x0A
"ch1","data",27.551643,0.000082,,0x00
"ch1","data",27.55173,0.000082,,0x7B
"ch1","data",27.5518165,0.000082,,0x6D
"ch1","data",27.5519035,0.000082,,0x00
"ch1","data",27.55199,0.000082,,0x01
"ch1","data",27.552077,0.000082,,0x00
"ch1","data",27.5521635,0.000082,,0x02
"ch1","data",27.5522505,0.000082,,0x00
"ch1","data",27.552337,0.000082,,0x01
"ch1","data",27.552424,0.000082,,0x00
"ch1","data",27.5525105,0.000082,,0x00
"ch1","data",27.5525975,0.000082,,0x00
"ch1","data",27.552684,0.000082,,0x47
"ch1","data",27.552771,0.000082,,0x69
"ch1","data",27.5528575,0.000082,,0x70
"ch1","data",27.5529445,0.000082,,0x73
"ch1","data",27.553031,0.000082,,0x79
"ch1","data",27.553118,0.000082,,0x20
"ch1","data",27.5532045,0.000082,,0x44
"ch1","data",27.5532915,0.000082,,0x61
"ch1","data",27.553378,0.000082,,0x6E
"ch1","data",27.553465,0.000082,,0x67
"ch1","data",27.5535515,0.000082,,0x65
"ch1","data",27.5536385,0.000082,,0x72
"ch1","data",27.553725,0.000082,,0x20
"ch1","data",27.553812,0.000082,,0x49
"ch1","data",27.5538985,0.000082,,0x4F
"ch1","data",27.5539855,0.000082,,0x54
"ch1","data",27.554072,0.000082,,0x00
"ch1","data",27.554159,0.000082,,0x00
"ch1","data",27.5542455,0.000082,,0x00
"ch1","data",27.5543325,0.000082,,0x00
"ch1","data",27.554419,0.000082,,0x00
"ch1","data",27.554506,0.000082,,0x00
"ch1","data",27.5545925,0.000082,,0x00
"ch1","data",27.5546795,0.000082,,0x00
"ch1","data",27.554766,0.000082,,0x00
"ch1","data",27.554853,0.000082,,0x00
"ch1","data",27.5549395,0.000082,,0x00
"ch1","data",27.5550265,0.000082,,0x00
"ch1","data",27.555113,0.000082,,0x00
"ch1","data",27.5552,0.000082,,0x00
"ch1","data",27.5552865,0.000082,,0x00
"ch1","data",27.5553735,0.000082,,0x00
"ch1","data",27.55546,0.000082,,0x63
"ch1","data",27.555547,0.000082,,0x68
"ch1","data",27.5556335,0.000082,,0x61
"ch1","data",27.5557205,0.000082,,0x6D
"ch1","data",27.555807,0.000082,,0x62
"ch1","data",27.555894,0.000082,,0x65
"ch1","data",27.5559805,0.000082,,0x72
"ch1","data",27.5560675,0.000082,,0x6F
"ch1","data",27.556154,0.000082,,0x66
"ch1","data",27.556241,0.000082,,0x73
"ch1","data",27.5563275,0.000082,,0x65
"ch1","data",27.5564145,0.000082,,0x63
"ch1","data",27.556501,0.000082,,0x72
"ch1","data",27.556588,0.000082,,0x65
"ch1","data",27.5566745,0.000082,,0x74
"ch1","data",27.5567615,0.000082,,0x73
"ch1","data",27.556848,0.000082,,0x00
"ch1","data",27.556935,0.000082,,0x00
"ch1","data",27.5570215,0.000082,,0x00
"ch1","data",27.5571085,0.000082,,0x00
"ch1","data",27.557195,0.000082,,0x00
"ch1","data",27.557282,0.000082,,0x00
"ch1","data",27.5573685,0.000082,,0x00
"ch1","data",27.5574555,0.000082,,0x00
"ch1","data",27.557542,0.000082,,0x00
"ch1","data",27.557629,0.000082,,0x00
"ch1","data",27.5577155,0.000082,,0x00
"ch1","data",27.5578025,0.000082,,0x00
"ch1","data",27.557889,0.000082,,0x00
"ch1","data",27.557976,0.000082,,0x00
"ch1","data",27.5580625,0.000082,,0x00
"ch1","data",27.5581495,0.000082,,0x00
"ch1","data",27.558236,0.000082,,0x00
"ch1","data",27.558323,0.000082,,0x00
"ch1","data",27.5584095,0.000082,,0x00
"ch1","data",27.5584965,0.000082,,0x00
"ch1","data",27.558583,0.000082,,0x00
"ch1","data",27.55867,0.000082,,0x00
"ch1","data",27.5587565,0.000082,,0x00
"ch1","data",27.5588435,0.000082,,0x00
"ch1","data",27.55893,0.000082,,0x00
"ch1","data",27.559017,0.000082,,0x00
"ch1","data",27.5591035,0.000082,,0x00
"ch1","data",27.5591905,0.000082,,0x00
"ch1","data",27.559277,0.000082,,0x00
"ch1","data",27.559364,0.000082,,0x00
"ch1","data",27.5594505,0.000082,,0x00
"ch1","data",27.5595375,0.000082,,0x00
"ch1","data",27.559624,0.000082,,0x00
"ch1","data",27.559711,0.000082,,0x00
"ch1","data",27.5597975,0.000082,,0x00
"ch1","data",27.5598845,0.000082,,0x00
"ch1","data",27.559971,0.000082,,0x00
"ch1","data",27.560058,0.000082,,0x00
"ch1","data",27.5601445,0.000082,,0x00
"ch1","data",27.5602315,0.000082,,0x00
"ch1","data",27.560318,0.000082,,0x00
"ch1","data",27.560405,0.000082,,0x00
"ch1","data",27.5604915,0.000082,,0x00
"ch1","data",27.5605785,0.000082,,0x00
"ch1","data",27.560665,0.000082,,0x00
"ch1","data",27.560752,0.000082,,0x00
"ch1","data",27.5608385,0.000082,,0x00
"ch1","data",27.5609255,0.000082,,0x00
"ch1","data",27.561012,0.000082,,0xB4
"ch1","data",27.561099,0.000082,,0x25
"ch1","data",27.5611855,0.000082,,0xC8
"ch1","data",27.5612725,0.000082,,0x7D
"ch1","data",27.561359,0.000082,,0x0D
"ch1","data",27.561446,0.000082,,0x0A
"ch1","data",27.5615325,0.000082,,0x0D
"ch1","data",27.5616195,0.000082,,0x0A
"ch1","data",27.561706,0.000082,,0x00
"ch1","data",27.561793,0.000082,,0x7B
"ch1","data",27.5618795,0.000082,,0x2D
"ch1","data",27.5619665,0.000082,,0x00
"ch1","data",27.562053,0.000082,,0x01
"ch1","data",27.56214,0.000082,,0x00
"ch1","data",27.5622265,0.000082,,0x1B
"ch1","data",27.5623135,0.000082,,0x00
"ch1","data",27.5624,0.000082,,0x01
"ch1","data",27.562487,0.000082,,0x00
"ch1","data",27.5625735,0.000082,,0x00
"ch1","data",27.5626605,0.000082,,0x00
"ch1","data",27.562747,0.000082,,0x68
"ch1","data",27.562834,0.000082,,0x74
"ch1","data",27.5629205,0.000082,,0x74
"ch1","data",27.5630075,0.000082,,0x70
"ch1","data",27.563094,0.000082,,0x3A
"ch1","data",27.563181,0.000082,,0x2F
"ch1","data",27.5632675,0.000082,,0x2F
"ch1","data",27.5633545,0.000082,,0x61
"ch1","data",27.563441,0.000082,,0x70
"ch1","data",27.563528,0.000082,,0x69
"ch1","data",27.5636145,0.000082,,0x2E
"ch1","data",27.5637015,0.000082,,0x66
"ch1","data",27.563788,0.000082,,0x6C
"ch1","data",27.563875,0.000082,,0x61
"ch1","data",27.5639615,0.000082,,0x69
"ch1","data",27.5640485,0.000082,,0x72
"ch1","data",27.564135,0.000082,,0x2E
"ch1","data",27.564222,0.000082,,0x63
"ch1","data",27.5643085,0.000082,,0x6F
"ch1","data",27.5643955,0.000082,,0x3A
"ch1","data",27.564482,0.000082,,0x38
"ch1","data",27.564569,0.000082,,0x30
"ch1","data",27.5646555,0.000082,,0x00
"ch1","data",27.5647425,0.000082,,0x00
"ch1","data",27.564829,0.000082,,0x00
"ch1","data",27.564916,0.000082,,0x00
"ch1","data",27.5650025,0.000082,,0x00
"ch1","data",27.5650895,0.000082,,0x00
"ch1","data",27.565176,0.000082,,0x00
"ch1","data",27.565263,0.000082,,0x00
"ch1","data",27.5653495,0.000082,,0x00
"ch1","data",27.5654365,0.000082,,0x00
"ch1","data",27.565523,0.000082,,0x00
"ch1","data",27.56561,0.000082,,0xEA
"ch1","data",27.5656965,0.000082,,0x09
"ch1","data",27.5657835,0.000082,,0x7D
"ch1","data",27.56587,0.000082,,0x0D
"ch1","data",27.565957,0.000082,,0x0A
"ch1","data",27.8375875,0.000082,,0x0D
"ch1","data",27.8376745,0.000082,,0x0A
"ch1","data",27.837761,0.000082,,0x00
"ch1","data",27.837848,0.000082,,0x7B
"ch1","data",27.8379345,0.000082,,0x38
"ch1","data",27.8380215,0.000082,,0x00
"ch1","data",27.838108,0.000082,,0x01
"ch1","data",27.838195,0.000082,,0x00
"ch1","data",27.8382815,0.000082,,0x05
"ch1","data",27.8383685,0.000082,,0x00
"ch1","data",27.838455,0.000082,,0x01
"ch1","data",27.838542,0.000082,,0x00
"ch1","data",27.8386285,0.000082,,0x00
"ch1","data",27.8387155,0.000082,,0x00
"ch1","data",27.838802,0.000082,,0x46
"ch1","data",27.838889,0.000082,,0x81
"ch1","data",27.8389755,0.000082,,0x9E
"ch1","data",27.8390625,0.000082,,0xE3
"ch1","data",27.839149,0.000082,,0x00
"ch1","data",27.839236,0.000082,,0x1D
"ch1","data",27.8393225,0.000082,,0x00
"ch1","data",27.8394095,0.000082,,0x0F
"ch1","data",27.839496,0.000082,,0x00
"ch1","data",27.839583,0.000082,,0x01
"ch1","data",27.8396695,0.000082,,0x00
"ch1","data",27.8397565,0.000082,,0x00
"ch1","data",27.839843,0.000082,,0x00
"ch1","data",27.83993,0.000082,,0x00
"ch1","data",27.8400165,0.000082,,0x00
"ch1","data",27.8401035,0.000082,,0x00
"ch1","data",27.84019,0.000082,,0x09
"ch1","data",27.840277,0.000082,,0x00
"ch1","data",27.8403635,0.000082,,0x16
"ch1","data",27.8404505,0.000082,,0x25
"ch1","data",27.840537,0.000082,,0x61
"ch1","data",27.840624,0.000082,,0x07
"ch1","data",27.8407105,0.000082,,0x73
"ch1","data",27.8407975,0.000082,,0x62
"ch1","data",27.840884,0.000082,,0x00
"ch1","data",27.840971,0.000082,,0x00
"ch1","data",27.8410575,0.000082,,0xFF
"ch1","data",27.8411445,0.000082,,0x04
"ch1","data",27.841231,0.000082,,0xFF
"ch1","data",27.841318,0.000082,,0x0F
"ch1","data",27.8414045,0.000082,,0x04
"ch1","data",27.8414915,0.000082,,0x40
"ch1","data",27.841578,0.000082,,0x0C
"ch1","data",27.841665,0.000082,,0xFE
"ch1","data",27.8417515,0.000082,,0x00
"ch1","data",27.8418385,0.000082,,0x00
"ch1","data",27.841925,0.000082,,0x00
"ch1","data",27.842012,0.000082,,0x01
"ch1","data",27.8420985,0.000082,,0x00
"ch1","data",27.8421855,0.000082,,0x13
"ch1","data",27.842272,0.000082,,0x00
"ch1","data",27.842359,0.000082,,0x00
"ch1","data",27.8424455,0.000082,,0x2C
"ch1","data",27.8425325,0.000082,,0xCC
"ch1","data",27.842619,0.000082,,0xBF
"ch1","data",27.842706,0.000082,,0xCF
"ch1","data",27.8427925,0.000082,,0x7D
"ch1","data",27.8428795,0.000082,,0x0D
"ch1","data",27.842966,0.000082,,0x0A
"ch1","data",27.843053,0.000082,,0x0D
"ch1","data",27.8431395,0.000082,,0x0A
"ch1","data",27.8432265,0.000082,,0x0D
"ch1","data",27.843313,0.000082,,0x0A
"ch1","data",27.8434,0.000082,,0x00
"ch1","data",27.8434865,0.000082,,0x7B
"ch1","data",27.8435735,0.000082,,0x0C
"ch1","data",27.84366,0.000082,,0x00
"ch1","data",27.843747,0.000082,,0x01
"ch1","data",27.8438335,0.000082,,0x00
"ch1","data",27.8439205,0.000082,,0x03
"ch1","data",27.844007,0.000082,,0x00
"ch1","data",27.844094,0.000082,,0x01
"ch1","data",27.8441805,0.000082,,0x00
"ch1","data",27.8442675,0.000082,,0x00
"ch1","data",27.844354,0.000082,,0x00
"ch1","data",27.844441,0.000082,,0xB0
"ch1","data",27.8445275,0.000082,,0xC0
"ch1","data",27.8446145,0.000082,,0x7D
"ch1","data",27.844701,0.000082,,0x0D
"ch1","data",27.844788,0.000082,,0x0A
"ch1","data",28.337097,0.000082,,0x0D
"ch1","data",28.3371835,0.000082,,0x0A
"ch1","data",28.3372705,0.000082,,0x00
"ch1","data",28.337357,0.000082,,0x7B
"ch1","data",28.337444,0.000082,,0x0C
"ch1","data",28.3375305,0.000082,,0x00
"ch1","data",28.3376175,0.000082,,0x01
"ch1","data",28.337704,0.000082,,0x00
"ch1","data",28.337791,0.000082,,0x03
"ch1","data",28.3378775,0.000082,,0x00
"ch1","data",28.3379645,0.000082,,0x01
"ch1","data",28.338051,0.000082,,0x00
"ch1","data",28.338138,0.000082,,0x00
"ch1","data",28.3382245,0.000082,,0x00
"ch1","data",28.3383115,0.000082,,0xB0
"ch1","data",28.338398,0.000082,,0xC0
"ch1","data",28.338485,0.000082,,0x7D
"ch1","data",28.3385715,0.000082,,0x0D
"ch1","data",28.3386585,0.000082,,0x0A
"ch0","data",33.6199145,0.000082,,0xDD
"ch0","data",33.619999,0.000082,,0x02
"ch0","data",33.6200835,0.000082,,0x00
"ch0","data",33.6201685,0.000082,,0x3B
"ch0","data",33.620253,0.000082,,0x00
"ch0","data",33.620338,0.000082,,0x7B
"ch0","data",33.6204225,0.000082,,0x38
"ch0","data",33.620507,0.000082,,0x00
"ch0","data",33.620592,0.000082,,0x11
"ch0","data",33.6206765,0.000082,,0x00
"ch0","data",33.6207615,0.000082,,0x01
"ch0","data",33.620846,0.000082,,0x00
"ch0","data",33.6209305,0.000082,,0x00
"ch0","data",33.6210155,0.000082,,0x00
"ch0","data",33.6211,0.000082,,0x01
"ch0","data",33.621185,0.000082,,0x00
"ch0","data",33.6212695,0.000082,,0x46
"ch0","data",33.621354,0.000082,,0x81
"ch0","data",33.621439,0.000082,,0x9E
"ch0","data",33.6215235,0.000082,,0xE3
"ch0","data",33.6216085,0.000082,,0x00
"ch0","data",33.621693,0.000082,,0x1D
"ch0","data",33.6217775,0.000082,,0x00
"ch0","data",33.6218625,0.000082,,0x0F
"ch0","data",33.621947,0.000082,,0x20
"ch0","data",33.622032,0.000082,,0x00
"ch0","data",33.6221165,0.000082,,0xD4
"ch0","data",33.622201,0.000082,,0x0A
"ch0","data",33.622286,0.000082,,0xA5
"ch0","data",33.6223705,0.000082,,0x27
"ch0","data",33.622455,0.000082,,0x56
"ch0","data",33.62254,0.000082,,0x95
"ch0","data",33.6226245,0.000082,,0x00
"ch0","data",33.6227095,0.000082,,0x00
"ch0","data",33.622794,0.000082,,0x00
"ch0","data",33.6228785,0.000082,,0x00
"ch0","data",33.6229635,0.000082,,0x00
"ch0","data",33.623048,0.000082,,0x00
"ch0","data",33.6231325,0.000082,,0x61
"ch0","data",33.6232175,0.000082,,0x07
"ch0","data",33.623302,0.000082,,0x73
"ch0","data",33.623387,0.000082,,0x62
"ch0","data",33.6234715,0.000082,,0x29
"ch0","data",33.623556,0.000082,,0x00
"ch0","data",33.623641,0.000082,,0x60
"ch0","data",33.6237255,0.000082,,0x00
"ch0","data",33.6238105,0.000082,,0x00
"ch0","data",33.623895,0.000082,,0x88
"ch0","data",33.62398,0.000082,,0x00
"ch0","data",33.6240645,0.000082,,0x00
"ch0","data",33.624149,0.000082,,0x98
"ch0","data",33.624234,0.000082,,0x00
"ch0","data",33.6243185,0.000082,,0x9F
"ch0","data",33.624403,0.000082,,0x00
"ch0","data",33.624488,0.000082,,0x09
"ch0","data",33.6245725,0.000082,,0x00
"ch0","data",33.6246575,0.000082,,0x00
"ch0","data",33.624742,0.000082,,0x00
"ch0","data",33.6248265,0.000082,,0x08
"ch0","data",33.6249115,0.000082,,0x0E
"ch0","data",33.624996,0.000082,,0x03
"ch0","data",33.625081,0.000082,,0xC3
"ch0","data",33.6251655,0.000082,,0x7D
"ch0","data",33.62525,0.000082,,0xDD
"ch0","data",33.625335,0.000082,,0x02
"ch0","data",33.6254195,0.000082,,0x00
"ch0","data",33.6255045,0.000082,,0x0F
"ch0","data",33.625589,0.000082,,0x00
"ch0","data",33.6256735,0.000082,,0x7B
"ch0","data",33.6257585,0.000082,,0x0C
"ch0","data",33.625843,0.000082,,0x00
"ch0","data",33.625928,0.000082,,0x11
"ch0","data",33.6260125,0.000082,,0x00
"ch0","data",33.626097,0.000082,,0x00
"ch0","data",33.626182,0.000082,,0x00
"ch0","data",33.6262665,0.000082,,0x00
"ch0","data",33.6263515,0.000082,,0x00
"ch0","data",33.626436,0.000082,,0x01
"ch0","data",33.6265205,0.000082,,0x00
"ch0","data",33.6266055,0.000082,,0x61
"ch0","data",33.62669,0.000082,,0x76
"ch0","data",33.6267745,0.000082,,0x7D
"ch1","data",33.9130425,0.000082,,0x0D
"ch1","data",33.9131295,0.000082,,0x0A
"ch1","data",33.913216,0.000082,,0x00
"ch1","data",33.913303,0.000082,,0x7B
"ch1","data",33.9133895,0.000082,,0x38
"ch1","data",33.9134765,0.000082,,0x00
"ch1","data",33.913563,0.000082,,0x01
"ch1","data",33.91365,0.000082,,0x00
"ch1","data",33.9137365,0.000082,,0x05
"ch1","data",33.9138235,0.000082,,0x00
"ch1","data",33.91391,0.000082,,0x01
"ch1","data",33.913997,0.000082,,0x00
"ch1","data",33.9140835,0.000082,,0x00
"ch1","data",33.9141705,0.000082,,0x00
"ch1","data",33.914257,0.000082,,0x46
"ch1","data",33.914344,0.000082,,0x81
"ch1","data",33.9144305,0.000082,,0x9E
"ch1","data",33.9145175,0.000082,,0xE3
"ch1","data",33.914604,0.000082,,0x00
"ch1","data",33.914691,0.000082,,0x1D
"ch1","data",33.9147775,0.000082,,0x00
"ch1","data",33.9148645,0.000082,,0x0F
"ch1","data",33.914951,0.000082,,0x00
"ch1","data",33.915038,0.000082,,0x01
"ch1","data",33.9151245,0.000082,,0x00
"ch1","data",33.9152115,0.000082,,0x00
"ch1","data",33.915298,0.000082,,0x00
"ch1","data",33.915385,0.000082,,0x00
"ch1","data",33.9154715,0.000082,,0x00
"ch1","data",33.9155585,0.000082,,0x00
"ch1","data",33.915645,0.000082,,0x09
"ch1","data",33.915732,0.000082,,0x00
"ch1","data",33.9158185,0.000082,,0x16
"ch1","data",33.9159055,0.000082,,0x25
"ch1","data",33.915992,0.000082,,0x61
"ch1","data",33.916079,0.000082,,0x07
"ch1","data",33.9161655,0.000082,,0x73
"ch1","data",33.9162525,0.000082,,0x62
"ch1","data",33.916339,0.000082,,0x00
"ch1","data",33.916426,0.000082,,0x00
"ch1","data",33.9165125,0.000082,,0xFF
"ch1","data",33.9165995,0.000082,,0x04
"ch1","data",33.916686,0.000082,,0xFF
"ch1","data",33.916773,0.000082,,0x0F
"ch1","data",33.9168595,0.000082,,0x04
"ch1","data",33.9169465,0.000082,,0x40
"ch1","data",33.917033,0.000082,,0x0C
"ch1","data",33.91712,0.000082,,0xFE
"ch1","data",33.9172065,0.000082,,0x00
"ch1","data",33.9172935,0.000082,,0x00
"ch1","data",33.91738,0.000082,,0x00
"ch1","data",33.917467,0.000082,,0x01
"ch1","data",33.9175535,0.000082,,0x00
"ch1","data",33.9176405,0.000082,,0x13
"ch1","data",33.917727,0.000082,,0x00
"ch1","data",33.917814,0.000082,,0x00
"ch1","data",33.9179005,0.000082,,0x2C
"ch1","data",33.9179875,0.000082,,0xCC
"ch1","data",33.918074,0.000082,,0xBF
"ch1","data",33.918161,0.000082,,0xCF
"ch1","data",33.9182475,0.000082,,0x7D
"ch1","data",33.9183345,0.000082,,0x0D
"ch1","data",33.918421,0.000082,,0x0A
"ch1","data",33.918508,0.000082,,0x0D
"ch1","data",33.9185945,0.000082,,0x0A
"ch1","data",33.9186815,0.000082,,0x0D
"ch1","data",33.918768,0.000082,,0x0A
"ch1","data",33.918855,0.000082,,0x00
"ch1","data",33.9189415,0.000082,,0x7B
"ch1","data",33.9190285,0.000082,,0x0C
"ch1","data",33.919115,0.000082,,0x00
"ch1","data",33.919202,0.000082,,0x01
"ch1","data",33.9192885,0.000082,,0x00
"ch1","data",33.9193755,0.000082,,0x03
"ch1","data",33.919462,0.000082,,0x00
"ch1","data",33.919549,0.000082,,0x01
"ch1","data",33.9196355,0.000082,,0x00
"ch1","data",33.9197225,0.000082,,0x00
"ch1","data",33.919809,0.000082,,0x00
"ch1","data",33.919896,0.000082,,0xB0
"ch1","data",33.9199825,0.000082,,0xC0
"ch1","data",33.9200695,0.000082,,0x7D
"ch1","data",33.920156,0.000082,,0x0D
"ch1","data",33.920243,0.000082,,0x0A
"ch0","data",39.836769,0.000082,,0xDD
"ch0","data",39.8368535,0.000082,,0x02
"ch0","data",39.8369385,0.000082,,0x00
"ch0","data",39.837023,0.000082,,0x3B
"ch0","data",39.8371075,0.000082,,0x00
"ch0","data",39.837192,0.000082,,0x7B
"ch0","data",39.8372765,0.000082,,0x38
"ch0","data",39.8373615,0.000082,,0x00
"ch0","data",39.837446,0.000082,,0x11
"ch0","data",39.8375305,0.000082,,0x00
"ch0","data",39.8376155,0.000082,,0x01
"ch0","data",39.8377,0.000082,,0x00
"ch0","data",39.8377845,0.000082,,0x00
"ch0","data",39.8378695,0.000082,,0x00
"ch0","data",39.837954,0.000082,,0x01
"ch0","data",39.838039,0.000082,,0x00
"ch0","data",39.8381235,0.000082,,0x46
"ch0","data",39.838208,0.000082,,0x81
"ch0","data",39.838293,0.000082,,0x9E
"ch0","data",39.8383775,0.000082,,0xE3
"ch0","data",39.838462,0.000082,,0x00
"ch0","data",39.838547,0.000082,,0x1D
"ch0","data",39.8386315,0.000082,,0x00
"ch0","data",39.8387165,0.000082,,0x0F
"ch0","data",39.838801,0.000082,,0x20
"ch0","data",39.8388855,0.000082,,0x00
"ch0","data",39.8389705,0.000082,,0xD4
"ch0","data",39.839055,0.000082,,0x0A
"ch0","data",39.83914,0.000082,,0xA5
"ch0","data",39.8392245,0.000082,,0x27
"ch0","data",39.839309,0.000082,,0x56
"ch0","data",39.839394,0.000082,,0x95
"ch0","data",39.8394785,0.000082,,0x00
"ch0","data",39.8395635,0.000082,,0x00
"ch0","data",39.839648,0.000082,,0x00
"ch0","data",39.8397325,0.000082,,0x00
"ch0","data",39.8398175,0.000082,,0x00
"ch0","data",39.839902,0.000082,,0x00
"ch0","data",39.839987,0.000082,,0x61
"ch0","data",39.8400715,0.000082,,0x07
"ch0","data",39.840156,0.000082,,0x73
"ch0","data",39.840241,0.000082,,0x62
"ch0","data",39.8403255,0.000082,,0x29
"ch0","data",39.84041,0.000082,,0x00
"ch0","data",39.840495,0.000082,,0x60
"ch0","data",39.8405795,0.000082,,0x00
"ch0","data",39.8406645,0.000082,,0x00
"ch0","data",39.840749,0.000082,,0x88
"ch0","data",39.8408335,0.000082,,0x00
"ch0","data",39.8409185,0.000082,,0x00
"ch0","data",39.841003,0.000082,,0x98
"ch0","data",39.8410875,0.000082,,0x00
"ch0","data",39.8411725,0.000082,,0x9F
"ch0","data",39.841257,0.000082,,0x00
"ch0","data",39.841342,0.000082,,0x09
"ch0","data",39.8414265,0.000082,,0x00
"ch0","data",39.841511,0.000082,,0x00
"ch0","data",39.841596,0.000082,,0x00
"ch0","data",39.8416805,0.000082,,0x08
"ch0","data",39.841765,0.000082,,0x0E
"ch0","data",39.84185,0.000082,,0x03
"ch0","data",39.8419345,0.000082,,0xC3
"ch0","data",39.8420195,0.000082,,0x7D
"ch0","data",39.842104,0.000082,,0xDD
"ch0","data",39.842189,0.000082,,0x02
"ch0","data",39.8422735,0.000082,,0x00
"ch0","data",39.842358,0.000082,,0x0F
"ch0","data",39.842443,0.000082,,0x00
"ch0","data",39.8425275,0.000082,,0x7B
"ch0","data",39.8426125,0.000082,,0x0C
"ch0","data",39.842697,0.000082,,0x00
"ch0","data",39.8427815,0.000082,,0x11
"ch0","data",39.8428665,0.000082,,0x00
"ch0","data",39.842951,0.000082,,0x00
"ch0","data",39.8430355,0.000082,,0x00
"ch0","data",39.8431205,0.000082,,0x00
"ch0","data",39.843205,0.000082,,0x00
"ch0","data",39.84329,0.000082,,0x01
"ch0","data",39.8433745,0.000082,,0x00
"ch0","data",39.843459,0.000082,,0x61
"ch0","data",39.843544,0.000082,,0x76
"ch0","data",39.8436285,0.000082,,0x7D
"ch1","data",42.058286,0.000082,,0x0D
"ch1","data",42.058373,0.000082,,0x0A
"ch1","data",42.0584595,0.000082,,0x00
"ch1","data",42.0585465,0.000082,,0x7B
"ch1","data",42.058633,0.000082,,0x38
"ch1","data",42.05872,0.000082,,0x00
"ch1","data",42.0588065,0.000082,,0x01
"ch1","data",42.0588935,0.000082,,0x00
"ch1","data",42.05898,0.000082,,0x05
"ch1","data",42.059067,0.000082,,0x00
"ch1","data",42.0591535,0.000082,,0x01
"ch1","data",42.0592405,0.000082,,0x00
"ch1","data",42.059327,0.000082,,0x00
"ch1","data",42.059414,0.000082,,0x00
"ch1","data",42.0595005,0.000082,,0x46
"ch1","data",42.0595875,0.000082,,0x81
"ch1","data",42.059674,0.000082,,0x9E
"ch1","data",42.059761,0.000082,,0xE3
"ch1","data",42.0598475,0.000082,,0x00
"ch1","data",42.0599345,0.000082,,0x1D
"ch1","data",42.060021,0.000082,,0x00
"ch1","data",42.060108,0.000082,,0x0F
"ch1","data",42.0601945,0.000082,,0x00
"ch1","data",42.0602815,0.000082,,0x01
"ch1","data",42.060368,0.000082,,0x00
"ch1","data",42.060455,0.000082,,0x00
"ch1","data",42.0605415,0.000082,,0x00
"ch1","data",42.0606285,0.000082,,0x00
"ch1","data",42.060715,0.000082,,0x00
"ch1","data",42.060802,0.000082,,0x00
"ch1","data",42.0608885,0.000082,,0x09
"ch1","data",42.0609755,0.000082,,0x00
"ch1","data",42.061062,0.000082,,0x16
"ch1","data",42.061149,0.000082,,0x25
"ch1","data",42.0612355,0.000082,,0x61
"ch1","data",42.0613225,0.000082,,0x07
"ch1","data",42.061409,0.000082,,0x73
"ch1","data",42.061496,0.000082,,0x62
"ch1","data",42.0615825,0.000082,,0x00
"ch1","data",42.0616695,0.000082,,0x00
"ch1","data",42.061756,0.000082,,0xFF
"ch1","data",42.061843,0.000082,,0x04
"ch1","data",42.0619295,0.000082,,0xFF
"ch1","data",42.0620165,0.000082,,0x0F
"ch1","data",42.062103,0.000082,,0x04
"ch1","data",42.06219,0.000082,,0x40
"ch1","data",42.0622765,0.000082,,0x0C
"ch1","data",42.0623635,0.000082,,0xFE
"ch1","data",42.06245,0.000082,,0x00
"ch1","data",42.062537,0.000082,,0x00
"ch1","data",42.0626235,0.000082,,0x00
"ch1","data",42.0627105,0.000082,,0x01
"ch1","data",42.062797,0.000082,,0x00
"ch1","data",42.062884,0.000082,,0x13
"ch1","data",42.0629705,0.000082,,0x00
"ch1","data",42.0630575,0.000082,,0x00
"ch1","data",42.063144,0.000082,,0x2C
"ch1","data",42.063231,0.000082,,0xCC
"ch1","data",42.0633175,0.000082,,0xBF
"ch1","data",42.0634045,0.000082,,0xCF
"ch1","data",42.063491,0.000082,,0x7D
"ch1","data",42.063578,0.000082,,0x0D
"ch1","data",42.0636645,0.000082,,0x0A
"ch1","data",42.0637515,0.000082,,0x0D
"ch1","data",42.063838,0.000082,,0x0A
"ch1","data",42.063925,0.000082,,0x0D
"ch1","data",42.0640115,0.000082,,0x0A
"ch1","data",42.0640985,0.000082,,0x00
"ch1","data",42.064185,0.000082,,0x7B
"ch1","data",42.064272,0.000082,,0x0C
"ch1","data",42.0643585,0.000082,,0x00
"ch1","data",42.0644455,0.000082,,0x01
"ch1","data",42.064532,0.000082,,0x00
"ch1","data",42.064619,0.000082,,0x03
"ch1","data",42.0647055,0.000082,,0x00
"ch1","data",42.0647925,0.000082,,0x01
"ch1","data",42.064879,0.000082,,0x00
"ch1","data",42.064966,0.000082,,0x00
"ch1","data",42.0650525,0.000082,,0x00
"ch1","data",42.0651395,0.000082,,0xB0
"ch1","data",42.065226,0.000082,,0xC0
"ch1","data",42.065313,0.000082,,0x7D
"ch1","data",42.0653995,0.000082,,0x0D
"ch1","data",42.0654865,0.000082,,0x0A
"ch0","data",46.0538175,0.000082,,0xDD
"ch0","data",46.0539025,0.000082,,0x02
"ch0","data",46.053987,0.000082,,0x00
"ch0","data",46.054072,0.000082,,0x3B
"ch0","data",46.0541565,0.000082,,0x00
"ch0","data",46.054241,0.000082,,0x7B
"ch0","data",46.054326,0.000082,,0x38
"ch0","data",46.0544105,0.000082,,0x00
"ch0","data",46.054495,0.000082,,0x11
"ch0","data",46.05458,0.000082,,0x00
"ch0","data",46.0546645,0.000082,,0x01
"ch0","data",46.0547495,0.000082,,0x00
"ch0","data",46.054834,0.000082,,0x00
"ch0","data",46.0549185,0.000082,,0x00
"ch0","data",46.0550035,0.000082,,0x01
"ch0","data",46.055088,0.000082,,0x00
"ch0","data",46.0551725,0.000082,,0x46
"ch0","data",46.0552575,0.000082,,0x81
"ch0","data",46.055342,0.000082,,0x9E
"ch0","data",46.055427,0.000082,,0xE3
"ch0","data",46.0555115,0.000082,,0x00
"ch0","data",46.0555965,0.000082,,0x1D
"ch0","data",46.055681,0.000082,,0x00
"ch0","data",46.0557655,0.000082,,0x0F
"ch0","data",46.0558505,0.000082,,0x20
"ch0","data",46.055935,0.000082,,0x00
"ch0","data",46.05602,0.000082,,0xD4
"ch0","data",46.0561045,0.000082,,0x0A
"ch0","data",46.056189,0.000082,,0xA5
"ch0","data",46.056274,0.000082,,0x27
"ch0","data",46.0563585,0.000082,,0x56
"ch0","data",46.056443,0.000082,,0x95
"ch0","data",46.056528,0.000082,,0x00
"ch0","data",46.0566125,0.000082,,0x00
"ch0","data",46.0566975,0.000082,,0x00
"ch0","data",46.056782,0.000082,,0x00
"ch0","data",46.0568665,0.000082,,0x00
"ch0","data",46.0569515,0.000082,,0x00
"ch0","data",46.057036,0.000082,,0x61
"ch0","data",46.057121,0.000082,,0x07
"ch0","data",46.0572055,0.000082,,0x73
"ch0","data",46.05729,0.000082,,0x62
"ch0","data",46.057375,0.000082,,0x29
"ch0","data",46.0574595,0.000082,,0x00
"ch0","data",46.0575445,0.000082,,0x60
"ch0","data",46.057629,0.000082,,0x00
"ch0","data",46.0577135,0.000082,,0x00
"ch0","data",46.0577985,0.000082,,0x88
"ch0","data",46.057883,0.000082,,0x00
"ch0","data",46.0579675,0.000082,,0x00
"ch0","data",46.0580525,0.000082,,0x98
"ch0","data",46.058137,0.000082,,0x00
"ch0","data",46.058222,0.000082,,0x9F
"ch0","data",46.0583065,0.000082,,0x00
"ch0","data",46.058391,0.000082,,0x09
"ch0","data",46.058476,0.000082,,0x00
"ch0","data",46.0585605,0.000082,,0x00
"ch0","data",46.0586455,0.000082,,0x00
"ch0","data",46.05873,0.000082,,0x08
"ch0","data",46.0588145,0.000082,,0x0E
"ch0","data",46.0588995,0.000082,,0x03
"ch0","data",46.058984,0.000082,,0xC3
"ch0","data",46.059069,0.000082,,0x7D
"ch0","data",46.0591535,0.000082,,0xDD
"ch0","data",46.059238,0.000082,,0x02
"ch0","data",46.059323,0.000082,,0x00
"ch0","data",46.0594075,0.000082,,0x0F
"ch0","data",46.0594925,0.000082,,0x00
"ch0","data",46.059577,0.000082,,0x7B
"ch0","data",46.0596615,0.000082,,0x0C
"ch0","data",46.0597465,0.000082,,0x00
"ch0","data",46.059831,0.000082,,0x11
"ch0","data",46.0599155,0.000082,,0x00
"ch0","data",46.0600005,0.000082,,0x00
"ch0","data",46.060085,0.000082,,0x00
"ch0","data",46.06017,0.000082,,0x00
"ch0","data",46.0602545,0.000082,,0x00
"ch0","data",46.060339,0.000082,,0x01
"ch0","data",46.060424,0.000082,,0x00
"ch0","data",46.0605085,0.000082,,0x61
"ch0","data",46.0605935,0.000082,,0x76
"ch0","data",46.060678,0.000082,,0x7D
"ch1","data",46.469357,0.000082,,0x0D
"ch1","data",46.4694435,0.000082,,0x0A
"ch1","data",46.4695305,0.000082,,0x00
"ch1","data",46.469617,0.000082,,0x7B
"ch1","data",46.469704,0.000082,,0x38
"ch1","data",46.4697905,0.000082,,0x00
"ch1","data",46.4698775,0.000082,,0x01
"ch1","data",46.469964,0.000082,,0x00
"ch1","data",46.470051,0.000082,,0x05
"ch1","data",46.4701375,0.000082,,0x00
"ch1","data",46.4702245,0.000082,,0x01
"ch1","data",46.470311,0.000082,,0x00
"ch1","data",46.470398,0.000082,,0x00
"ch1","data",46.4704845,0.000082,,0x00
"ch1","data",46.4705715,0.000082,,0x46
"ch1","data",46.470658,0.000082,,0x81
"ch1","data",46.470745,0.000082,,0x9E
"ch1","data",46.4708315,0.000082,,0xE3
"ch1","data",46.4709185,0.000082,,0x00
"ch1","data",46.471005,0.000082,,0x1D
"ch1","data",46.471092,0.000082,,0x00
"ch1","data",46.4711785,0.000082,,0x0F
"ch1","data",46.4712655,0.000082,,0x00
"ch1","data",46.471352,0.000082,,0x01
"ch1","data",46.471439,0.000082,,0x00
"ch1","data",46.4715255,0.000082,,0x00
"ch1","data",46.4716125,0.000082,,0x00
"ch1","data",46.471699,0.000082,,0x00
"ch1","data",46.471786,0.000082,,0x00
"ch1","data",46.4718725,0.000082,,0x00
"ch1","data",46.4719595,0.000082,,0x09
"ch1","data",46.472046,0.000082,,0x00
"ch1","data",46.472133,0.000082,,0x16
"ch1","data",46.4722195,0.000082,,0x25
"ch1","data",46.4723065,0.000082,,0x61
"ch1","data",46.472393,0.000082,,0x07
"ch1","data",46.47248,0.000082,,0x73
"ch1","data",46.4725665,0.000082,,0x62
"ch1","data",46.4726535,0.000082,,0x00
"ch1","data",46.47274,0.000082,,0x00
"ch1","data",46.472827,0.000082,,0xFF
"ch1","data",46.4729135,0.000082,,0x04
"ch1","data",46.4730005,0.000082,,0xFF
"ch1","data",46.473087,0.000082,,0x0F
"ch1","data",46.473174,0.000082,,0x04
"ch1","data",46.4732605,0.000082,,0x40
"ch1","data",46.4733475,0.000082,,0x0C
"ch1","data",46.473434,0.000082,,0xFE
"ch1","data",46.473521,0.000082,,0x00
"ch1","data",46.4736075,0.000082,,0x00
"ch1","data",46.4736945,0.000082,,0x00
"ch1","data",46.473781,0.000082,,0x01
"ch1","data",46.473868,0.000082,,0x00
"ch1","data",46.4739545,0.000082,,0x13
"ch1","data",46.4740415,0.000082,,0x00
"ch1","data",46.474128,0.000082,,0x00
"ch1","data",46.474215,0.000082,,0x2C
"ch1","data",46.4743015,0.000082,,0xCC
"ch1","data",46.4743885,0.000082,,0xBF
"ch1","data",46.474475,0.000082,,0xCF
"ch1","data",46.474562,0.000082,,0x7D
"ch1","data",46.4746485,0.000082,,0x0D
"ch1","data",46.4747355,0.000082,,0x0A
"ch1","data",46.474822,0.000082,,0x0D
"ch1","data",46.474909,0.000082,,0x0A
"ch1","data",46.4749955,0.000082,,0x0D
"ch1","data",46.4750825,0.000082,,0x0A
"ch1","data",46.475169,0.000082,,0x00
"ch1","data",46.475256,0.000082,,0x7B
"ch1","data",46.4753425,0.000082,,0x0C
"ch1","data",46.4754295,0.000082,,0x00
"ch1","data",46.475516,0.000082,,0x01
"ch1","data",46.475603,0.000082,,0x00
"ch1","data",46.4756895,0.000082,,0x03
"ch1","data",46.4757765,0.000082,,0x00
"ch1","data",46.475863,0.000082,,0x01
"ch1","data",46.47595,0.000082,,0x00
"ch1","data",46.4760365,0.000082,,0x00
"ch1","data",46.4761235,0.000082,,0x00
"ch1","data",46.47621,0.000082,,0xB0
"ch1","data",46.476297,0.000082,,0xC0
"ch1","data",46.4763835,0.000082,,0x7D
"ch1","data",46.4764705,0.000082,,0x0D
"ch1","data",46.476557,0.000082,,0x0A
"ch0","data",52.405971,0.000082,,0xDD
"ch0","data",52.4060555,0.000082,,0x02
"ch0","data",52.40614,0.000082,,0x00
"ch0","data",52.4062245,0.000082,,0x3B
"ch0","data",52.406309,0.000082,,0x00
"ch0","data",52.406394,0.000082,,0x7B
"ch0","data",52.4064785,0.000082,,0x38
"ch0","data",52.406563,0.000082,,0x00
"ch0","data",52.4066475,0.000082,,0x11
"ch0","data",52.4067325,0.000082,,0x00
"ch0","data",52.406817,0.000082,,0x01
"ch0","data",52.4069015,0.000082,,0x00
"ch0","data",52.4069865,0.000082,,0x00
"ch0","data",52.407071,0.000082,,0x00
"ch0","data",52.4071555,0.000082,,0x01
"ch0","data",52.40724,0.000082,,0x00
"ch0","data",52.407325,0.000082,,0x46
"ch0","data",52.4074095,0.000082,,0x81
"ch0","data",52.407494,0.000082,,0x9E
"ch0","data",52.4075785,0.000082,,0xE3
"ch0","data",52.407663,0.000082,,0x00
"ch0","data",52.407748,0.000082,,0x1D
"ch0","data",52.4078325,0.000082,,0x00
"ch0","data",52.407917,0.000082,,0x0F
"ch0","data",52.408002,0.000082,,0x20
"ch0","data",52.4080865,0.000082,,0x00
"ch0","data",52.408171,0.000082,,0xA7
"ch0","data",52.4082555,0.000082,,0x0A
"ch0","data",52.40834,0.000082,,0xA5
"ch0","data",52.408425,0.000082,,0x27
"ch0","data",52.4085095,0.000082,,0x56
"ch0","data",52.408594,0.000082,,0x8F
"ch0","data",52.408679,0.000082,,0x00
"ch0","data",52.4087635,0.000082,,0x00
"ch0","data",52.4088485,0.000082,,0x00
"ch0","data",52.408933,0.000082,,0x00
"ch0","data",52.4090175,0.000082,,0x00
"ch0","data",52.4091025,0.000082,,0x00
"ch0","data",52.409187,0.000082,,0x61
"ch0","data",52.409272,0.000082,,0x07
"ch0","data",52.4093565,0.000082,,0x73
"ch0","data",52.4094415,0.000082,,0x62
"ch0","data",52.409526,0.000082,,0x2A
"ch0","data",52.4096105,0.000082,,0x00
"ch0","data",52.4096955,0.000082,,0x63
"ch0","data",52.40978,0.000082,,0x00
"ch0","data",52.409865,0.000082,,0x00
"ch0","data",52.4099495,0.000082,,0x88
"ch0","data",52.410034,0.000082,,0x00
"ch0","data",52.410119,0.000082,,0x00
"ch0","data",52.4102035,0.000082,,0x98
"ch0","data",52.4102885,0.000082,,0x00
"ch0","data",52.410373,0.000082,,0x9F
"ch0","data",52.4104575,0.000082,,0x00
"ch0","data",52.4105425,0.000082,,0x09
"ch0","data",52.410627,0.000082,,0x00
"ch0","data",52.410712,0.000082,,0x00
"ch0","data",52.4107965,0.000082,,0x00
"ch0","data",52.4108815,0.000082,,0x08
"ch0","data",52.410966,0.000082,,0x0E
"ch0","data",52.4110505,0.000082,,0x89
"ch0","data",52.411135,0.000082,,0xCE
"ch0","data",52.41122,0.000082,,0x7D
"ch0","data",52.4113045,0.000082,,0xDD
"ch0","data",52.411389,0.000082,,0x02
"ch0","data",52.4114735,0.000082,,0x00
"ch0","data",52.4115585,0.000082,,0x13
"ch0","data",52.411643,0.000082,,0x00
"ch0","data",52.411728,0.000082,,0x7B
"ch0","data",52.4118125,0.000082,,0x10
"ch0","data",52.411897,0.000082,,0x00
"ch0","data",52.411982,0.000082,,0x11
"ch0","data",52.4120665,0.000082,,0x00
"ch0","data",52.412151,0.000082,,0x08
"ch0","data",52.412236,0.000082,,0x00
"ch0","data",52.4123205,0.000082,,0x00
"ch0","data",52.412405,0.000082,,0x00
"ch0","data",52.4124895,0.000082,,0x01
"ch0","data",52.4125745,0.000082,,0x00
"ch0","data",52.412659,0.000082,,0x04
"ch0","data",52.412744,0.000082,,0x00
"ch0","data",52.4128285,0.000082,,0x00
"ch0","data",52.4129135,0.000082,,0x00
"ch0","data",52.412998,0.000082,,0x34
"ch0","data",52.4130825,0.000082,,0x99
"ch0","data",52.413167,0.000082,,0x7D
"ch0","data",52.413252,0.000082,,0xDD
"ch0","data",52.4133365,0.000082,,0x02
"ch0","data",52.413421,0.000082,,0x00
"ch0","data",52.413506,0.000082,,0x0F
"ch0","data",52.4135905,0.000082,,0x00
"ch0","data",52.413675,0.000082,,0x7B
"ch0","data",52.4137595,0.000082,,0x0C
"ch0","data",52.4138445,0.000082,,0x00
"ch0","data",52.413929,0.000082,,0x11
"ch0","data",52.4140135,0.000082,,0x00
"ch0","data",52.4140985,0.000082,,0x00
"ch0","data",52.414183,0.000082,,0x00
"ch0","data",52.4142675,0.000082,,0x00
"ch0","data",52.414352,0.000082,,0x00
"ch0","data",52.414437,0.000082,,0x01
"ch0","data",52.4145215,0.000082,,0x00
"ch0","data",52.414606,0.000082,,0x61
"ch0","data",52.4146905,0.000082,,0x76
"ch0","data",52.4147755,0.000082,,0x7D
"ch0","data",52.41486,0.000082,,0xDD
"ch0","data",52.4149445,0.000082,,0x02
"ch0","data",52.415029,0.000082,,0x00
"ch0","data",52.415114,0.000082,,0x0F
"ch0","data",52.4151985,0.000082,,0x00
"ch0","data",52.415283,0.000082,,0x7B
"ch0","data",52.415368,0.000082,,0x0C
"ch0","data",52.4154525,0.000082,,0x00
"ch0","data",52.415537,0.000082,,0x11
"ch0","data",52.4156215,0.000082,,0x00
"ch0","data",52.4157065,0.000082,,0x0B
"ch0","data",52.415791,0.000082,,0x00
"ch0","data",52.4158755,0.000082,,0x00
"ch0","data",52.4159605,0.000082,,0x00
"ch0","data",52.416045,0.000082,,0x01
"ch0","data",52.4161295,0.000082,,0x00
"ch0","data",52.4162145,0.000082,,0xC3
"ch0","data",52.416299,0.000082,,0xB5
"ch0","data",52.416384,0.000082,,0x7D
"ch1","data",52.6934005,0.000082,,0x0D
"ch1","data",52.6934875,0.000082,,0x0A
"ch1","data",52.693574,0.000082,,0x00
"ch1","data",52.693661,0.000082,,0x7B
"ch1","data",52.6937475,0.000082,,0x0C
"ch1","data",52.6938345,0.000082,,0x00
"ch1","data",52.693921,0.000082,,0x01
"ch1","data",52.694008,0.000082,,0x00
"ch1","data",52.6940945,0.000082,,0x03
"ch1","data",52.6941815,0.000082,,0x00
"ch1","data",52.694268,0.000082,,0x01
"ch1","data",52.694355,0.000082,,0x00
"ch1","data",52.6944415,0.000082,,0x00
"ch1","data",52.6945285,0.000082,,0x00
"ch1","data",52.694615,0.000082,,0xB0
"ch1","data",52.694702,0.000082,,0xC0
"ch1","data",52.6947885,0.000082,,0x7D
"ch1","data",52.6948755,0.000082,,0x0D
"ch1","data",52.694962,0.000082,,0x0A
"ch1","data",52.8483305,0.000082,,0x0D
"ch1","data",52.8484175,0.000082,,0x0A
"ch1","data",52.848504,0.000082,,0x00
"ch1","data",52.848591,0.000082,,0x7B
"ch1","data",52.8486775,0.000082,,0x38
"ch1","data",52.8487645,0.000082,,0x00
"ch1","data",52.848851,0.000082,,0x01
"ch1","data",52.848938,0.000082,,0x00
"ch1","data",52.8490245,0.000082,,0x05
"ch1","data",52.8491115,0.000082,,0x00
"ch1","data",52.849198,0.000082,,0x01
"ch1","data",52.849285,0.000082,,0x00
"ch1","data",52.8493715,0.000082,,0x00
"ch1","data",52.8494585,0.000082,,0x00
"ch1","data",52.849545,0.000082,,0x46
"ch1","data",52.849632,0.000082,,0x81
"ch1","data",52.8497185,0.000082,,0x9E
"ch1","data",52.8498055,0.000082,,0xE3
"ch1","data",52.849892,0.000082,,0x00
"ch1","data",52.849979,0.000082,,0x1D
"ch1","data",52.8500655,0.000082,,0x00
"ch1","data",52.8501525,0.000082,,0x0F
"ch1","data",52.850239,0.000082,,0x00
"ch1","data",52.850326,0.000082,,0x01
"ch1","data",52.8504125,0.000082,,0x00
"ch1","data",52.8504995,0.000082,,0x00
"ch1","data",52.850586,0.000082,,0x00
"ch1","data",52.850673,0.000082,,0x00
"ch1","data",52.8507595,0.000082,,0x00
"ch1","data",52.8508465,0.000082,,0x00
"ch1","data",52.850933,0.000082,,0x09
"ch1","data",52.85102,0.000082,,0x00
"ch1","data",52.8511065,0.000082,,0x16
"ch1","data",52.8511935,0.000082,,0x25
"ch1","data",52.85128,0.000082,,0x61
"ch1","data",52.851367,0.000082,,0x07
"ch1","data",52.8514535,0.000082,,0x73
"ch1","data",52.8515405,0.000082,,0x62
"ch1","data",52.851627,0.000082,,0x00
"ch1","data",52.851714,0.000082,,0x00
"ch1","data",52.8518005,0.000082,,0xFF
"ch1","data",52.8518875,0.000082,,0x04
"ch1","data",52.851974,0.000082,,0xFF
"ch1","data",52.852061,0.000082,,0x0F
"ch1","data",52.8521475,0.000082,,0x04
"ch1","data",52.8522345,0.000082,,0x40
"ch1","data",52.852321,0.000082,,0x0C
"ch1","data",52.852408,0.000082,,0xFE
"ch1","data",52.8524945,0.000082,,0x00
"ch1","data",52.8525815,0.000082,,0x00
"ch1","data",52.852668,0.000082,,0x00
"ch1","data",52.852755,0.000082,,0x01
"ch1","data",52.8528415,0.000082,,0x00
"ch1","data",52.8529285,0.000082,,0x13
"ch1","data",52.853015,0.000082,,0x00
"ch1","data",52.853102,0.000082,,0x00
"ch1","data",52.8531885,0.000082,,0x2C
"ch1","data",52.8532755,0.000082,,0xCC
"ch1","data",52.853362,0.000082,,0xBF
"ch1","data",52.853449,0.000082,,0xCF
"ch1","data",52.8535355,0.000082,,0x7D
"ch1","data",52.8536225,0.000082,,0x0D
"ch1","data",52.853709,0.000082,,0x0A
"ch1","data",52.853796,0.000082,,0x0D
"ch1","data",52.8538825,0.000082,,0x0A
"ch1","data",52.8539695,0.000082,,0x0D
"ch1","data",52.854056,0.000082,,0x0A
"ch1","data",52.854143,0.000082,,0x00
"ch1","data",52.8542295,0.000082,,0x7B
"ch1","data",52.8543165,0.000082,,0x0C
"ch1","data",52.854403,0.000082,,0x00
"ch1","data",52.85449,0.000082,,0x01
"ch1","data",52.8545765,0.000082,,0x00
"ch1","data",52.8546635,0.000082,,0x03
"ch1","data",52.85475,0.000082,,0x00
"ch1","data",52.854837,0.000082,,0x01
"ch1","data",52.8549235,0.000082,,0x00
"ch1","data",52.8550105,0.000082,,0x00
"ch1","data",52.855097,0.000082,,0x00
"ch1","data",52.855184,0.000082,,0xB0
"ch1","data",52.8552705,0.000082,,0xC0
"ch1","data",52.8553575,0.000082,,0x7D
"ch1","data",52.855444,0.000082,,0x0D
"ch1","data",52.855531,0.000082,,0x0A
"ch1","data",53.2308085,0.000082,,0x0D
"ch1","data",53.230895,0.000082,,0x0A
"ch1","data",53.230982,0.000082,,0x00
"ch1","data",53.2310685,0.000082,,0x7B
"ch1","data",53.2311555,0.000082,,0x0C
"ch1","data",53.231242,0.000082,,0x00
"ch1","data",53.231329,0.000082,,0x01
"ch1","data",53.2314155,0.000082,,0x00
"ch1","data",53.2315025,0.000082,,0x03
"ch1","data",53.231589,0.000082,,0x00
"ch1","data",53.231676,0.000082,,0x01
"ch1","data",53.2317625,0.000082,,0x00
"ch1","data",53.2318495,0.000082,,0x00
"ch1","data",53.231936,0.000082,,0x00
"ch1","data",53.232023,0.000082,,0xB0
"ch1","data",53.2321095,0.000082,,0xC0
"ch1","data",53.2321965,0.000082,,0x7D
"ch1","data",53.232283,0.000082,,0x0D
"ch1","data",53.23237,0.000082,,0x0A
"ch1","data",53.6936345,0.000082,,0x0D
"ch1","data",53.6937215,0.000082,,0x0A
"ch1","data",53.693808,0.000082,,0x00
"ch1","data",53.693895,0.000082,,0x7B
"ch1","data",53.6939815,0.000082,,0x10
"ch1","data",53.6940685,0.000082,,0x00
"ch1","data",53.694155,0.000082,,0x01
"ch1","data",53.694242,0.000082,,0x00
"ch1","data",53.6943285,0.000082,,0x08
"ch1","data",53.6944155,0.000082,,0x00
"ch1","data",53.694502,0.000082,,0x01
"ch1","data",53.694589,0.000082,,0x00
"ch1","data",53.6946755,0.000082,,0x00
"ch1","data",53.6947625,0.000082,,0x00
"ch1","data",53.694849,0.000082,,0x05
"ch1","data",53.694936,0.000082,,0x08
"ch1","data",53.6950225,0.000082,,0x10
"ch1","data",53.6951095,0.000082,,0x40
"ch1","data",53.695196,0.000082,,0xB5
"ch1","data",53.695283,0.000082,,0x38
"ch1","data",53.6953695,0.000082,,0x7D
"ch1","data",53.6954565,0.000082,,0x0D
"ch1","data",53.695543,0.000082,,0x0A
"ch0","data",58.4880545,0.000082,,0xDD
"ch0","data",58.4881395,0.000082,,0x02
"ch0","data",58.488224,0.000082,,0x00
"ch0","data",58.4883085,0.000082,,0x3B
"ch0","data",58.4883935,0.000082,,0x00
"ch0","data",58.488478,0.000082,,0x7B
"ch0","data",58.4885625,0.000082,,0x38
"ch0","data",58.4886475,0.000082,,0x00
"ch0","data",58.488732,0.000082,,0x11
"ch0","data",58.4888165,0.000082,,0x00
"ch0","data",58.488901,0.000082,,0x01
"ch0","data",58.4889855,0.000082,,0x00
"ch0","data",58.4890705,0.000082,,0x00
"ch0","data",58.489155,0.000082,,0x00
"ch0","data",58.48924,0.000082,,0x01
"ch0","data",58.4893245,0.000082,,0x00
"ch0","data",58.489409,0.000082,,0x46
"ch0","data",58.489494,0.000082,,0x81
"ch0","data",58.4895785,0.000082,,0x9E
"ch0","data",58.4896635,0.000082,,0xE3
"ch0","data",58.489748,0.000082,,0x00
"ch0","data",58.4898325,0.000082,,0x1D
"ch0","data",58.4899175,0.000082,,0x00
"ch0","data",58.490002,0.000082,,0x0F
"ch0","data",58.490087,0.000082,,0x20
"ch0","data",58.4901715,0.000082,,0x00
"ch0","data",58.490256,0.000082,,0xA7
"ch0","data",58.490341,0.000082,,0x0A
"ch0","data",58.4904255,0.000082,,0xA5
"ch0","data",58.4905105,0.000082,,0x27
"ch0","data",58.490595,0.000082,,0x56
"ch0","data",58.49068,0.000082,,0x8F
"ch0","data",58.4907645,0.000082,,0x00
"ch0","data",58.490849,0.000082,,0x00
"ch0","data",58.490934,0.000082,,0x00
"ch0","data",58.4910185,0.000082,,0x00
"ch0","data",58.491103,0.000082,,0x00
"ch0","data",58.491188,0.000082,,0x00
"ch0","data",58.4912725,0.000082,,0x61
"ch0","data",58.4913575,0.000082,,0x07
"ch0","data",58.491442,0.000082,,0x73
"ch0","data",58.4915265,0.000082,,0x62
"ch0","data",58.4916115,0.000082,,0x2A
"ch0","data",58.491696,0.000082,,0x00
"ch0","data",58.491781,0.000082,,0x63
"ch0","data",58.4918655,0.000082,,0x00
"ch0","data",58.49195,0.000082,,0x00
"ch0","data",58.492035,0.000082,,0x88
"ch0","data",58.4921195,0.000082,,0x00
"ch0","data",58.4922045,0.000082,,0x00
"ch0","data",58.492289,0.000082,,0x98
"ch0","data",58.4923735,0.000082,,0x00
"ch0","data",58.4924585,0.000082,,0x9F
"ch0","data",58.492543,0.000082,,0x00
"ch0","data",58.492628,0.000082,,0x09
"ch0","data",58.4927125,0.000082,,0x00
"ch0","data",58.492797,0.000082,,0x00
"ch0","data",58.492882,0.000082,,0x00
"ch0","data",58.4929665,0.000082,,0x08
"ch0","data",58.4930515,0.000082,,0x0E
"ch0","data",58.493136,0.000082,,0x89
"ch0","data",58.4932205,0.000082,,0xCE
"ch0","data",58.4933055,0.000082,,0x7D
"ch0","data",58.49339,0.000082,,0xDD
"ch0","data",58.493475,0.000082,,0x02
"ch0","data",58.4935595,0.000082,,0x00
"ch0","data",58.4936445,0.000082,,0x0F
"ch0","data",58.493729,0.000082,,0x00
"ch0","data",58.4938135,0.000082,,0x7B
"ch0","data",58.4938985,0.000082,,0x0C
"ch0","data",58.493983,0.000082,,0x00
"ch0","data",58.494068,0.000082,,0x11
"ch0","data",58.4941525,0.000082,,0x00
"ch0","data",58.4942375,0.000082,,0x00
"ch0","data",58.494322,0.000082,,0x00
"ch0","data",58.4944065,0.000082,,0x00
"ch0","data",58.4944915,0.000082,,0x00
"ch0","data",58.494576,0.000082,,0x01
"ch0","data",58.494661,0.000082,,0x00
"ch0","data",58.4947455,0.000082,,0x61
"ch0","data",58.4948305,0.000082,,0x76
"ch0","data",58.494915,0.000082,,0x7D
"ch1","data",58.790458,0.000082,,0x0D
"ch1","data",58.790545,0.000082,,0x0A
"ch1","data",58.7906315,0.000082,,0x00
"ch1","data",58.7907185,0.000082,,0x7B
"ch1","data",58.790805,0.000082,,0x38
"ch1","data",58.790892,0.000082,,0x00
"ch1","data",58.7909785,0.000082,,0x01
"ch1","data",58.7910655,0.000082,,0x00
"ch1","data",58.791152,0.000082,,0x05
"ch1","data",58.791239,0.000082,,0x00
"ch1","data",58.7913255,0.000082,,0x01
"ch1","data",58.7914125,0.000082,,0x00
"ch1","data",58.791499,0.000082,,0x00
"ch1","data",58.791586,0.000082,,0x00
"ch1","data",58.7916725,0.000082,,0x46
"ch1","data",58.7917595,0.000082,,0x81
"ch1","data",58.791846,0.000082,,0x9E
"ch1","data",58.791933,0.000082,,0xE3
"ch1","data",58.7920195,0.000082,,0x00
"ch1","data",58.7921065,0.000082,,0x1D
"ch1","data",58.792193,0.000082,,0x00
"ch1","data",58.79228,0.000082,,0x0F
"ch1","data",58.7923665,0.000082,,0x00
"ch1","data",58.7924535,0.000082,,0x01
"ch1","data",58.79254,0.000082,,0x00
"ch1","data",58.792627,0.000082,,0x00
"ch1","data",58.7927135,0.000082,,0x00
"ch1","data",58.7928005,0.000082,,0x00
"ch1","data",58.792887,0.000082,,0x00
"ch1","data",58.792974,0.000082,,0x00
"ch1","data",58.7930605,0.000082,,0x09
"ch1","data",58.7931475,0.000082,,0x00
"ch1","data",58.793234,0.000082,,0x16
"ch1","data",58.793321,0.000082,,0x25
"ch1","data",58.7934075,0.000082,,0x61
"ch1","data",58.7934945,0.000082,,0x07
"ch1","data",58.793581,0.000082,,0x73
"ch1","data",58.793668,0.000082,,0x62
"ch1","data",58.7937545,0.000082,,0x00
"ch1","data",58.7938415,0.000082,,0x00
"ch1","data",58.793928,0.000082,,0xFF
"ch1","data",58.794015,0.000082,,0x04
"ch1","data",58.7941015,0.000082,,0xFF
"ch1","data",58.7941885,0.000082,,0x0F
"ch1","data",58.794275,0.000082,,0x04
"ch1","data",58.794362,0.000082,,0x40
"ch1","data",58.7944485,0.000082,,0x0C
"ch1","data",58.7945355,0.000082,,0xFE
"ch1","data",58.794622,0.000082,,0x00
"ch1","data",58.794709,0.000082,,0x00
"ch1","data",58.7947955,0.000082,,0x00
"ch1","data",58.7948825,0.000082,,0x01
"ch1","data",58.794969,0.000082,,0x00
"ch1","data",58.795056,0.000082,,0x13
"ch1","data",58.7951425,0.000082,,0x00
"ch1","data",58.7952295,0.000082,,0x00
"ch1","data",58.795316,0.000082,,0x2C
"ch1","data",58.795403,0.000082,,0xCC
"ch1","data",58.7954895,0.000082,,0xBF
"ch1","data",58.7955765,0.000082,,0xCF
"ch1","data",58.795663,0.000082,,0x7D
"ch1","data",58.79575,0.000082,,0x0D
"ch1","data",58.7958365,0.000082,,0x0A
"ch1","data",58.7959235,0.000082,,0x0D
"ch1","data",58.79601,0.000082,,0x0A
"ch1","data",58.7960965,0.000082,,0x0D
"ch1","data",58.7961835,0.000082,,0x0A
"ch1","data",58.79627,0.000082,,0x00
"ch1","data",58.796357,0.000082,,0x7B
"ch1","data",58.7964435,0.000082,,0x0C
"ch1","data",58.7965305,0.000082,,0x00
"ch1","data",58.796617,0.000082,,0x01
"ch1","data",58.796704,0.000082,,0x00
"ch1","data",58.7967905,0.000082,,0x03
"ch1","data",58.7968775,0.000082,,0x00
"ch1","data",58.796964,0.000082,,0x01
"ch1","data",58.797051,0.000082,,0x00
"ch1","data",58.7971375,0.000082,,0x00
"ch1","data",58.7972245,0.000082,,0x00
"ch1","data",58.797311,0.000082,,0xB0
"ch1","data",58.797398,0.000082,,0xC0
"ch1","data",58.7974845,0.000082,,0x7D
"ch1","data",58.7975715,0.000082,,0x0D
"ch1","data",58.797658,0.000082,,0x0A
"ch0","data",64.7051375,0.000082,,0xDD
"ch0","data",64.705222,0.000082,,0x02
"ch0","data",64.7053065,0.000082,,0x00
"ch0","data",64.705391,0.000082,,0x3B
"ch0","data",64.705476,0.000082,,0x00
"ch0","data",64.7055605,0.000082,,0x7B
"ch0","data",64.705645,0.000082,,0x38
"ch0","data",64.7057295,0.000082,,0x00
"ch0","data",64.7058145,0.000082,,0x11
"ch0","data",64.705899,0.000082,,0x00
"ch0","data",64.7059835,0.000082,,0x01
"ch0","data",64.7060685,0.000082,,0x00
"ch0","data",64.706153,0.000082,,0x00
"ch0","data",64.706238,0.000082,,0x00
"ch0","data",64.7063225,0.000082,,0x01
"ch0","data",64.706407,0.000082,,0x00
"ch0","data",64.706492,0.000082,,0x46
"ch0","data",64.7065765,0.000082,,0x81
"ch0","data",64.706661,0.000082,,0x9E
"ch0","data",64.706746,0.000082,,0xE3
"ch0","data",64.7068305,0.000082,,0x00
"ch0","data",64.706915,0.000082,,0x1D
"ch0","data",64.7069995,0.000082,,0x00
"ch0","data",64.7070845,0.000082,,0x0F
"ch0","data",64.707169,0.000082,,0x20
"ch0","data",64.7072535,0.000082,,0x00
"ch0","data",64.707338,0.000082,,0xA7
"ch0","data",64.707423,0.000082,,0x0A
"ch0","data",64.707507,0.000082,,0xA5
"ch0","data",64.7075915,0.000082,,0x27
"ch0","data",64.7076765,0.000082,,0x56
"ch0","data",64.707761,0.000082,,0x8F
"ch0","data",64.7078455,0.000082,,0x00
"ch0","data",64.7079305,0.000082,,0x00
"ch0","data",64.708015,0.000082,,0x00
"ch0","data",64.7080995,0.000082,,0x00
"ch0","data",64.708184,0.000082,,0x00
"ch0","data",64.708269,0.000082,,0x00
"ch0","data",64.7083535,0.000082,,0x61
"ch0","data",64.7084375,0.000082,,0x07
"ch0","data",64.708522,0.000082,,0x73
"ch0","data",64.708607,0.000082,,0x62
"ch0","data",64.7086915,0.000082,,0x2A
"ch0","data",64.708776,0.000082,,0x00
"ch0","data",64.7088605,0.000082,,0x63
"ch0","data",64.708945,0.000082,,0x00
"ch0","data",64.70903,0.000082,,0x00
"ch0","data",64.7091145,0.000082,,0x88
"ch0","data",64.709199,0.000082,,0x00
"ch0","data",64.7092835,0.000082,,0x00
"ch0","data",64.709368,0.000082,,0x98
"ch0","data",64.709453,0.000082,,0x00
"ch0","data",64.7095375,0.000082,,0x9F
"ch0","data",64.709622,0.000082,,0x00
"ch0","data",64.7097065,0.000082,,0x09
"ch0","data",64.7097915,0.000082,,0x00
"ch0","data",64.709876,0.000082,,0x00
"ch0","data",64.7099605,0.000082,,0x00
"ch0","data",64.710045,0.000082,,0x08
"ch0","data",64.7101295,0.000082,,0x0E
"ch0","data",64.710214,0.000082,,0x89
"ch0","data",64.710299,0.000082,,0xCE
"ch0","data",64.7103835,0.000082,,0x7D
"ch0","data",64.710468,0.000082,,0xDD
"ch0","data",64.7105525,0.000082,,0x02
"ch0","data",64.710637,0.000082,,0x00
"ch0","data",64.7107215,0.000082,,0x0F
"ch0","data",64.7108065,0.000082,,0x00
"ch0","data",64.710891,0.000082,,0x7B
"ch0","data",64.7109755,0.000082,,0x0C
"ch0","data",64.7110605,0.000082,,0x00
"ch0","data",64.711145,0.000082,,0x11
"ch0","data",64.7112295,0.000082,,0x00
"ch0","data",64.7113145,0.000082,,0x00
"ch0","data",64.711399,0.000082,,0x00
"ch0","data",64.711484,0.000082,,0x00
"ch0","data",64.7115685,0.000082,,0x00
"ch0","data",64.711653,0.000082,,0x01
"ch0","data",64.711738,0.000082,,0x00
"ch0","data",64.7118225,0.000082,,0x61
"ch0","data",64.711907,0.000082,,0x76
"ch0","data",64.711992,0.000082,,0x7D
"ch1","data",65.0092815,0.000082,,0x0D
"ch1","data",65.009368,0.000082,,0x0A
"ch1","data",65.009455,0.000082,,0x00
"ch1","data",65.0095415,0.000082,,0x7B
"ch1","data",65.0096285,0.000082,,0x38
"ch1","data",65.009715,0.000082,,0x00
"ch1","data",65.009802,0.000082,,0x01
"ch1","data",65.0098885,0.000082,,0x00
"ch1","data",65.0099755,0.000082,,0x05
"ch1","data",65.010062,0.000082,,0x00
"ch1","data",65.010149,0.000082,,0x01
"ch1","data",65.0102355,0.000082,,0x00
"ch1","data",65.0103225,0.000082,,0x00
"ch1","data",65.010409,0.000082,,0x00
"ch1","data",65.010496,0.000082,,0x46
"ch1","data",65.0105825,0.000082,,0x81
"ch1","data",65.0106695,0.000082,,0x9E
"ch1","data",65.010756,0.000082,,0xE3
"ch1","data",65.010843,0.000082,,0x00
"ch1","data",65.0109295,0.000082,,0x1D
"ch1","data",65.0110165,0.000082,,0x00
"ch1","data",65.011103,0.000082,,0x0F
"ch1","data",65.01119,0.000082,,0x00
"ch1","data",65.0112765,0.000082,,0x01
"ch1","data",65.0113635,0.000082,,0x00
"ch1","data",65.01145,0.000082,,0x00
"ch1","data",65.011537,0.000082,,0x00
"ch1","data",65.0116235,0.000082,,0x00
"ch1","data",65.0117105,0.000082,,0x00
"ch1","data",65.011797,0.000082,,0x00
"ch1","data",65.011884,0.000082,,0x09
"ch1","data",65.0119705,0.000082,,0x00
"ch1","data",65.0120575,0.000082,,0x16
"ch1","data",65.012144,0.000082,,0x25
"ch1","data",65.012231,0.000082,,0x61
"ch1","data",65.0123175,0.000082,,0x07
"ch1","data",65.0124045,0.000082,,0x73
"ch1","data",65.012491,0.000082,,0x62
"ch1","data",65.012578,0.000082,,0x00
"ch1","data",65.0126645,0.000082,,0x00
"ch1","data",65.0127515,0.000082,,0xFF
"ch1","data",65.012838,0.000082,,0x04
"ch1","data",65.012925,0.000082,,0xFF
"ch1","data",65.0130115,0.000082,,0x0F
"ch1","data",65.0130985,0.000082,,0x04
"ch1","data",65.013185,0.000082,,0x40
"ch1","data",65.013272,0.000082,,0x0C
"ch1","data",65.0133585,0.000082,,0xFE
"ch1","data",65.0134455,0.000082,,0x00
"ch1","data",65.013532,0.000082,,0x00
"ch1","data",65.013619,0.000082,,0x00
"ch1","data",65.0137055,0.000082,,0x01
"ch1","data",65.0137925,0.000082,,0x00
"ch1","data",65.013879,0.000082,,0x13
"ch1","data",65.013966,0.000082,,0x00
"ch1","data",65.0140525,0.000082,,0x00
"ch1","data",65.0141395,0.000082,,0x2C
"ch1","data",65.014226,0.000082,,0xCC
"ch1","data",65.014313,0.000082,,0xBF
"ch1","data",65.0143995,0.000082,,0xCF
"ch1","data",65.0144865,0.000082,,0x7D
"ch1","data",65.014573,0.000082,,0x0D
"ch1","data",65.01466,0.000082,,0x0A
"ch1","data",65.0147465,0.000082,,0x0D
"ch1","data",65.0148335,0.000082,,0x0A
"ch1","data",65.01492,0.000082,,0x0D
"ch1","data",65.015007,0.000082,,0x0A
"ch1","data",65.0150935,0.000082,,0x00
"ch1","data",65.0151805,0.000082,,0x7B
"ch1","data",65.015267,0.000082,,0x0C
"ch1","data",65.015354,0.000082,,0x00
"ch1","data",65.0154405,0.000082,,0x01
"ch1","data",65.0155275,0.000082,,0x00
"ch1","data",65.015614,0.000082,,0x03
"ch1","data",65.015701,0.000082,,0x00
"ch1","data",65.0157875,0.000082,,0x01
"ch1","data",65.0158745,0.000082,,0x00
"ch1","data",65.015961,0.000082,,0x00
"ch1","data",65.016048,0.000082,,0x00
"ch1","data",65.0161345,0.000082,,0xB0
"ch1","data",65.0162215,0.000082,,0xC0
"ch1","data",65.016308,0.000082,,0x7D
"ch1","data",65.016395,0.000082,,0x0D
"ch1","data",65.0164815,0.000082,,0x0A
"ch0","data",70.9218565,0.000082,,0xDD
"ch0","data",70.9219415,0.000082,,0x02
"ch0","data",70.922026,0.000082,,0x00
"ch0","data",70.9221105,0.000082,,0x3B
"ch0","data",70.9221955,0.000082,,0x00
"ch0","data",70.92228,0.000082,,0x7B
"ch0","data",70.9223645,0.000082,,0x38
"ch0","data",70.9224495,0.000082,,0x00
"ch0","data",70.9225345,0.000082,,0x11
"ch0","data",70.922619,0.000082,,0x00
"ch0","data",70.9227035,0.000082,,0x01
"ch0","data",70.922788,0.000082,,0x00
"ch0","data",70.922873,0.000082,,0x00
"ch0","data",70.9229575,0.000082,,0x00
"ch0","data",70.923042,0.000082,,0x01
"ch0","data",70.9231265,0.000082,,0x00
"ch0","data",70.9232115,0.000082,,0x46
"ch0","data",70.923296,0.000082,,0x81
"ch0","data",70.9233805,0.000082,,0x9E
"ch0","data",70.923465,0.000082,,0xE3
"ch0","data",70.9235495,0.000082,,0x00
"ch0","data",70.9236345,0.000082,,0x1D
"ch0","data",70.923719,0.000082,,0x00
"ch0","data",70.9238035,0.000082,,0x0F
"ch0","data",70.923888,0.000082,,0x20
"ch0","data",70.923973,0.000082,,0x00
"ch0","data",70.9240575,0.000082,,0xA7
"ch0","data",70.924142,0.000082,,0x0A
"ch0","data",70.924227,0.000082,,0xA5
"ch0","data",70.9243115,0.000082,,0x27
"ch0","data",70.924396,0.000082,,0x56
"ch0","data",70.9244805,0.000082,,0x8F
"ch0","data",70.924565,0.000082,,0x00
"ch0","data",70.92465,0.000082,,0x00
"ch0","data",70.9247345,0.000082,,0x00
"ch0","data",70.9248195,0.000082,,0x00
"ch0","data",70.924904,0.000082,,0x00
"ch0","data",70.9249885,0.000082,,0x00
"ch0","data",70.9250735,0.000082,,0x61
"ch0","data",70.925158,0.000082,,0x07
"ch0","data",70.9252425,0.000082,,0x73
"ch0","data",70.9253275,0.000082,,0x62
"ch0","data",70.925412,0.000082,,0x2A
"ch0","data",70.9254965,0.000082,,0x00
"ch0","data",70.9255815,0.000082,,0x63
"ch0","data",70.925666,0.000082,,0x00
"ch0","data",70.925751,0.000082,,0x00
"ch0","data",70.9258355,0.000082,,0x88
"ch0","data",70.92592,0.000082,,0x00
"ch0","data",70.926005,0.000082,,0x00
"ch0","data",70.9260895,0.000082,,0x98
"ch0","data",70.926174,0.000082,,0x00
"ch0","data",70.926259,0.000082,,0x9F
"ch0","data",70.9263435,0.000082,,0x00
"ch0","data",70.926428,0.000082,,0x09
"ch0","data",70.926513,0.000082,,0x00
"ch0","data",70.9265975,0.000082,,0x00
"ch0","data",70.926682,0.000082,,0x00
"ch0","data",70.926767,0.000082,,0x08
"ch0","data",70.9268515,0.000082,,0x0E
"ch0","data",70.926936,0.000082,,0x89
"ch0","data",70.927021,0.000082,,0xCE
"ch0","data",70.9271055,0.000082,,0x7D
"ch0","data",70.92719,0.000082,,0xDD
"ch0","data",70.9272745,0.000082,,0x02
"ch0","data",70.9273595,0.000082,,0x00
"ch0","data",70.927444,0.000082,,0x0F
"ch0","data",70.927529,0.000082,,0x00
"ch0","data",70.9276135,0.000082,,0x7B
"ch0","data",70.927698,0.000082,,0x0C
"ch0","data",70.9277825,0.000082,,0x00
"ch0","data",70.9278675,0.000082,,0x11
"ch0","data",70.927952,0.000082,,0x00
"ch0","data",70.9280365,0.000082,,0x00
"ch0","data",70.928121,0.000082,,0x00
"ch0","data",70.9282055,0.000082,,0x00
"ch0","data",70.9282905,0.000082,,0x00
"ch0","data",70.928375,0.000082,,0x01
"ch0","data",70.92846,0.000082,,0x00
"ch0","data",70.9285445,0.000082,,0x61
"ch0","data",70.928629,0.000082,,0x76
"ch0","data",70.928714,0.000082,,0x7D
"ch1","data",71.2620995,0.000082,,0x0D
"ch1","data",71.262186,0.000082,,0x0A
"ch1","data",71.262273,0.000082,,0x00
"ch1","data",71.2623595,0.000082,,0x7B
"ch1","data",71.2624465,0.000082,,0x38
"ch1","data",71.262533,0.000082,,0x00
"ch1","data",71.26262,0.000082,,0x01
"ch1","data",71.2627065,0.000082,,0x00
"ch1","data",71.2627935,0.000082,,0x05
"ch1","data",71.26288,0.000082,,0x00
"ch1","data",71.262967,0.000082,,0x01
"ch1","data",71.2630535,0.000082,,0x00
"ch1","data",71.2631405,0.000082,,0x00
"ch1","data",71.263227,0.000082,,0x00
"ch1","data",71.263314,0.000082,,0x46
"ch1","data",71.2634005,0.000082,,0x81
"ch1","data",71.2634875,0.000082,,0x9E
"ch1","data",71.263574,0.000082,,0xE3
"ch1","data",71.263661,0.000082,,0x00
"ch1","data",71.2637475,0.000082,,0x1D
"ch1","data",71.2638345,0.000082,,0x00
"ch1","data",71.263921,0.000082,,0x0F
"ch1","data",71.264008,0.000082,,0x00
"ch1","data",71.2640945,0.000082,,0x01
"ch1","data",71.2641815,0.000082,,0x00
"ch1","data",71.264268,0.000082,,0x00
"ch1","data",71.264355,0.000082,,0x00
"ch1","data",71.2644415,0.000082,,0x00
"ch1","data",71.2645285,0.000082,,0x00
"ch1","data",71.264615,0.000082,,0x00
"ch1","data",71.264702,0.000082,,0x09
"ch1","data",71.2647885,0.000082,,0x00
"ch1","data",71.2648755,0.000082,,0x16
"ch1","data",71.264962,0.000082,,0x25
"ch1","data",71.265049,0.000082,,0x61
"ch1","data",71.2651355,0.000082,,0x07
"ch1","data",71.2652225,0.000082,,0x73
"ch1","data",71.265309,0.000082,,0x62
"ch1","data",71.265396,0.000082,,0x00
"ch1","data",71.2654825,0.000082,,0x00
"ch1","data",71.2655695,0.000082,,0xFF
"ch1","data",71.265656,0.000082,,0x04
"ch1","data",71.265743,0.000082,,0xFF
"ch1","data",71.2658295,0.000082,,0x0F
"ch1","data",71.2659165,0.000082,,0x04
"ch1","data",71.266003,0.000082,,0x40
"ch1","data",71.26609,0.000082,,0x0C
"ch1","data",71.2661765,0.000082,,0xFE
"ch1","data",71.2662635,0.000082,,0x00
"ch1","data",71.26635,0.000082,,0x00
"ch1","data",71.266437,0.000082,,0x00
"ch1","data",71.2665235,0.000082,,0x01
"ch1","data",71.2666105,0.000082,,0x00
"ch1","data",71.266697,0.000082,,0x13
"ch1","data",71.266784,0.000082,,0x00
"ch1","data",71.2668705,0.000082,,0x00
"ch1","data",71.2669575,0.000082,,0x2C
"ch1","data",71.267044,0.000082,,0xCC
"ch1","data",71.267131,0.000082,,0xBF
"ch1","data",71.2672175,0.000082,,0xCF
"ch1","data",71.2673045,0.000082,,0x7D
"ch1","data",71.267391,0.000082,,0x0D
"ch1","data",71.267478,0.000082,,0x0A
"ch1","data",71.2675645,0.000082,,0x0D
"ch1","data",71.2676515,0.000082,,0x0A
"ch1","data",71.267738,0.000082,,0x0D
"ch1","data",71.267825,0.000082,,0x0A
"ch1","data",71.2679115,0.000082,,0x00
"ch1","data",71.2679985,0.000082,,0x7B
"ch1","data",71.268085,0.000082,,0x0C
"ch1","data",71.268172,0.000082,,0x00
"ch1","data",71.2682585,0.000082,,0x01
"ch1","data",71.2683455,0.000082,,0x00
"ch1","data",71.268432,0.000082,,0x03
"ch1","data",71.268519,0.000082,,0x00
"ch1","data",71.2686055,0.000082,,0x01
"ch1","data",71.2686925,0.000082,,0x00
"ch1","data",71.268779,0.000082,,0x00
"ch1","data",71.268866,0.000082,,0x00
"ch1","data",71.2689525,0.000082,,0xB0
"ch1","data",71.2690395,0.000082,,0xC0
"ch1","data",71.269126,0.000082,,0x7D
"ch1","data",71.269213,0.000082,,0x0D
"ch1","data",71.2692995,0.000082,,0x0A
"ch0","data",77.274114,0.000082,,0xDD
"ch0","data",77.274199,0.000082,,0x02
"ch0","data",77.2742835,0.000082,,0x00
"ch0","data",77.274368,0.000082,,0x3B
"ch0","data",77.2744525,0.000082,,0x00
"ch0","data",77.274537,0.000082,,0x7B
"ch0","data",77.274622,0.000082,,0x38
"ch0","data",77.2747065,0.000082,,0x00
"ch0","data",77.2747915,0.000082,,0x11
"ch0","data",77.274876,0.000082,,0x00
"ch0","data",77.2749605,0.000082,,0x01
"ch0","data",77.2750455,0.000082,,0x00
"ch0","data",77.27513,0.000082,,0x00
"ch0","data",77.2752145,0.000082,,0x00
"ch0","data",77.2752995,0.000082,,0x01
"ch0","data",77.275384,0.000082,,0x00
"ch0","data",77.275469,0.000082,,0x46
"ch0","data",77.2755535,0.000082,,0x81
"ch0","data",77.275638,0.000082,,0x9E
"ch0","data",77.275723,0.000082,,0xE3
"ch0","data",77.2758075,0.000082,,0x00
"ch0","data",77.2758925,0.000082,,0x1D
"ch0","data",77.275977,0.000082,,0x00
"ch0","data",77.2760615,0.000082,,0x0F
"ch0","data",77.2761465,0.000082,,0x20
"ch0","data",77.276231,0.000082,,0x00
"ch0","data",77.2763155,0.000082,,0xA4
"ch0","data",77.2764005,0.000082,,0x0A
"ch0","data",77.276485,0.000082,,0xA4
"ch0","data",77.2765695,0.000082,,0x27
"ch0","data",77.2766545,0.000082,,0x55
"ch0","data",77.276739,0.000082,,0xC1
"ch0","data",77.276824,0.000082,,0x00
"ch0","data",77.2769085,0.000082,,0x00
"ch0","data",77.276993,0.000082,,0x00
"ch0","data",77.277078,0.000082,,0x00
"ch0","data",77.2771625,0.000082,,0x00
"ch0","data",77.2772475,0.000082,,0x00
"ch0","data",77.277332,0.000082,,0x61
"ch0","data",77.2774165,0.000082,,0x07
"ch0","data",77.2775015,0.000082,,0x73
"ch0","data",77.277586,0.000082,,0x62
"ch0","data",77.277671,0.000082,,0x2A
"ch0","data",77.2777555,0.000082,,0x00
"ch0","data",77.27784,0.000082,,0x61
"ch0","data",77.2779245,0.000082,,0x00
"ch0","data",77.2780095,0.000082,,0x00
"ch0","data",77.278094,0.000082,,0x88
"ch0","data",77.2781785,0.000082,,0x00
"ch0","data",77.2782635,0.000082,,0x00
"ch0","data",77.278348,0.000082,,0x98
"ch0","data",77.2784325,0.000082,,0x00
"ch0","data",77.2785175,0.000082,,0x9F
"ch0","data",77.278602,0.000082,,0x00
"ch0","data",77.2786865,0.000082,,0x09
"ch0","data",77.2787715,0.000082,,0x00
"ch0","data",77.278856,0.000082,,0x00
"ch0","data",77.2789405,0.000082,,0x00
"ch0","data",77.279025,0.000082,,0x08
"ch0","data",77.27911,0.000082,,0x0E
"ch0","data",77.2791945,0.000082,,0x57
"ch0","data",77.279279,0.000082,,0x43
"ch0","data",77.2793635,0.000082,,0x7D
"ch0","data",77.2794485,0.000082,,0xDD
"ch0","data",77.279533,0.000082,,0x02
"ch0","data",77.2796175,0.000082,,0x00
"ch0","data",77.279702,0.000082,,0x0F
"ch0","data",77.279787,0.000082,,0x00
"ch0","data",77.2798715,0.000082,,0x7B
"ch0","data",77.279956,0.000082,,0x0C
"ch0","data",77.2800405,0.000082,,0x00
"ch0","data",77.280125,0.000082,,0x11
"ch0","data",77.28021,0.000082,,0x00
"ch0","data",77.2802945,0.000082,,0x00
"ch0","data",77.280379,0.000082,,0x00
"ch0","data",77.280464,0.000082,,0x00
"ch0","data",77.2805485,0.000082,,0x00
"ch0","data",77.280633,0.000082,,0x01
"ch0","data",77.2807175,0.000082,,0x00
"ch0","data",77.2808025,0.000082,,0x61
"ch0","data",77.280887,0.000082,,0x76
"ch0","data",77.280972,0.000082,,0x7D
"ch0","data",77.2810565,0.000082,,0xDD
"ch0","data",77.281141,0.000082,,0x02
"ch0","data",77.2812255,0.000082,,0x00
"ch0","data",77.28131,0.000082,,0x0F
"ch0","data",77.281395,0.000082,,0x00
"ch0","data",77.2814795,0.000082,,0x7B
"ch0","data",77.281564,0.000082,,0x0C
"ch0","data",77.2816485,0.000082,,0x00
"ch0","data",77.2817335,0.000082,,0x11
"ch0","data",77.281818,0.000082,,0x00
"ch0","data",77.281903,0.000082,,0x0B
"ch0","data",77.2819875,0.000082,,0x00
"ch0","data",77.282072,0.000082,,0x00
"ch0","data",77.282157,0.000082,,0x00
"ch0","data",77.2822415,0.000082,,0x01
"ch0","data",77.282326,0.000082,,0x00
"ch0","data",77.282411,0.000082,,0xC3
"ch0","data",77.2824955,0.000082,,0xB5
"ch0","data",77.28258,0.000082,,0x7D
"ch1","data",77.6949405,0.000082,,0x0D
"ch1","data",77.6950275,0.000082,,0x0A
"ch1","data",77.695114,0.000082,,0x00
"ch1","data",77.695201,0.000082,,0x7B
"ch1","data",77.6952875,0.000082,,0x38
"ch1","data",77.6953745,0.000082,,0x00
"ch1","data",77.695461,0.000082,,0x01
"ch1","data",77.695548,0.000082,,0x00
"ch1","data",77.6956345,0.000082,,0x05
"ch1","data",77.6957215,0.000082,,0x00
"ch1","data",77.695808,0.000082,,0x01
"ch1","data",77.695895,0.000082,,0x00
"ch1","data",77.6959815,0.000082,,0x00
"ch1","data",77.6960685,0.000082,,0x00
"ch1","data",77.696155,0.000082,,0x46
"ch1","data",77.696242,0.000082,,0x81
"ch1","data",77.6963285,0.000082,,0x9E
"ch1","data",77.6964155,0.000082,,0xE3
"ch1","data",77.696502,0.000082,,0x00
"ch1","data",77.696589,0.000082,,0x1D
"ch1","data",77.6966755,0.000082,,0x00
"ch1","data",77.6967625,0.000082,,0x0F
"ch1","data",77.696849,0.000082,,0x00
"ch1","data",77.696936,0.000082,,0x01
"ch1","data",77.6970225,0.000082,,0x00
"ch1","data",77.6971095,0.000082,,0x00
"ch1","data",77.697196,0.000082,,0x00
"ch1","data",77.697283,0.000082,,0x00
"ch1","data",77.6973695,0.000082,,0x00
"ch1","data",77.6974565,0.000082,,0x00
"ch1","data",77.697543,0.000082,,0x09
"ch1","data",77.69763,0.000082,,0x00
"ch1","data",77.6977165,0.000082,,0x16
"ch1","data",77.6978035,0.000082,,0x25
"ch1","data",77.69789,0.000082,,0x61
"ch1","data",77.697977,0.000082,,0x07
"ch1","data",77.6980635,0.000082,,0x73
"ch1","data",77.6981505,0.000082,,0x62
"ch1","data",77.698237,0.000082,,0x00
"ch1","data",77.698324,0.000082,,0x00
"ch1","data",77.6984105,0.000082,,0xFF
"ch1","data",77.6984975,0.000082,,0x04
"ch1","data",77.698584,0.000082,,0xFF
"ch1","data",77.698671,0.000082,,0x0F
"ch1","data",77.6987575,0.000082,,0x04
"ch1","data",77.6988445,0.000082,,0x40
"ch1","data",77.698931,0.000082,,0x0C
"ch1","data",77.699018,0.000082,,0xFE
"ch1","data",77.6991045,0.000082,,0x00
"ch1","data",77.6991915,0.000082,,0x00
"ch1","data",77.699278,0.000082,,0x00
"ch1","data",77.699365,0.000082,,0x01
"ch1","data",77.6994515,0.000082,,0x00
"ch1","data",77.6995385,0.000082,,0x13
"ch1","data",77.699625,0.000082,,0x00
"ch1","data",77.699712,0.000082,,0x00
"ch1","data",77.6997985,0.000082,,0x2C
"ch1","data",77.6998855,0.000082,,0xCC
"ch1","data",77.699972,0.000082,,0xBF
"ch1","data",77.700059,0.000082,,0xCF
"ch1","data",77.7001455,0.000082,,0x7D
"ch1","data",77.7002325,0.000082,,0x0D
"ch1","data",77.700319,0.000082,,0x0A
"ch1","data",77.700406,0.000082,,0x0D
"ch1","data",77.7004925,0.000082,,0x0A
"ch1","data",77.7005795,0.000082,,0x0D
"ch1","data",77.700666,0.000082,,0x0A
"ch1","data",77.700753,0.000082,,0x00
"ch1","data",77.7008395,0.000082,,0x7B
"ch1","data",77.7009265,0.000082,,0x0C
"ch1","data",77.701013,0.000082,,0x00
"ch1","data",77.7011,0.000082,,0x01
"ch1","data",77.7011865,0.000082,,0x00
"ch1","data",77.7012735,0.000082,,0x03
"ch1","data",77.70136,0.000082,,0x00
"ch1","data",77.701447,0.000082,,0x01
"ch1","data",77.7015335,0.000082,,0x00
"ch1","data",77.7016205,0.000082,,0x00
"ch1","data",77.701707,0.000082,,0x00
"ch1","data",77.701794,0.000082,,0xB0
"ch1","data",77.7018805,0.000082,,0xC0
"ch1","data",77.7019675,0.000082,,0x7D
"ch1","data",77.702054,0.000082,,0x0D
"ch1","data",77.702141,0.000082,,0x0A
"ch1","data",78.1765745,0.000082,,0x0D
"ch1","data",78.1766615,0.000082,,0x0A
"ch1","data",78.176748,0.000082,,0x00
"ch1","data",78.176835,0.000082,,0x7B
"ch1","data",78.1769215,0.000082,,0x0C
"ch1","data",78.1770085,0.000082,,0x00
"ch1","data",78.177095,0.000082,,0x01
"ch1","data",78.177182,0.000082,,0x00
"ch1","data",78.1772685,0.000082,,0x03
"ch1","data",78.1773555,0.000082,,0x00
"ch1","data",78.177442,0.000082,,0x01
"ch1","data",78.177529,0.000082,,0x00
"ch1","data",78.1776155,0.000082,,0x00
"ch1","data",78.1777025,0.000082,,0x00
"ch1","data",78.177789,0.000082,,0xB0
"ch1","data",78.177876,0.000082,,0xC0
"ch1","data",78.1779625,0.000082,,0x7D
"ch1","data",78.1780495,0.000082,,0x0D
"ch1","data",78.178136,0.000082,,0x0A
"ch0","data",83.3557415,0.000082,,0xDD
"ch0","data",83.355826,0.000082,,0x02
"ch0","data",83.355911,0.000082,,0x00
"ch0","data",83.3559955,0.000082,,0x3B
"ch0","data",83.3560805,0.000082,,0x00
"ch0","data",83.356165,0.000082,,0x7B
"ch0","data",83.3562495,0.000082,,0x38
"ch0","data",83.3563345,0.000082,,0x00
"ch0","data",83.356419,0.000082,,0x11
"ch0","data",83.356504,0.000082,,0x00
"ch0","data",83.3565885,0.000082,,0x01
"ch0","data",83.356673,0.000082,,0x00
"ch0","data",83.356758,0.000082,,0x00
"ch0","data",83.3568425,0.000082,,0x00
"ch0","data",83.3569275,0.000082,,0x01
"ch0","data",83.357012,0.000082,,0x00
"ch0","data",83.3570965,0.000082,,0x46
"ch0","data",83.3571815,0.000082,,0x81
"ch0","data",83.357266,0.000082,,0x9E
"ch0","data",83.3573505,0.000082,,0xE3
"ch0","data",83.3574355,0.000082,,0x00
"ch0","data",83.35752,0.000082,,0x1D
"ch0","data",83.357605,0.000082,,0x00
"ch0","data",83.3576895,0.000082,,0x0F
"ch0","data",83.357774,0.000082,,0x20
"ch0","data",83.357859,0.000082,,0x00
"ch0","data",83.3579435,0.000082,,0xA4
"ch0","data",83.3580285,0.000082,,0x0A
"ch0","data",83.358113,0.000082,,0xA4
"ch0","data",83.3581975,0.000082,,0x27
"ch0","data",83.3582825,0.000082,,0x55
"ch0","data",83.358367,0.000082,,0xC1
"ch0","data",83.358452,0.000082,,0x00
"ch0","data",83.3585365,0.000082,,0x00
"ch0","data",83.358621,0.000082,,0x00
"ch0","data",83.358706,0.000082,,0x00
"ch0","data",83.3587905,0.000082,,0x00
"ch0","data",83.358875,0.000082,,0x00
"ch0","data",83.35896,0.000082,,0x61
"ch0","data",83.3590445,0.000082,,0x07
"ch0","data",83.3591295,0.000082,,0x73
"ch0","data",83.359214,0.000082,,0x62
"ch0","data",83.3592985,0.000082,,0x2A
"ch0","data",83.3593835,0.000082,,0x00
"ch0","data",83.359468,0.000082,,0x61
"ch0","data",83.359553,0.000082,,0x00
"ch0","data",83.3596375,0.000082,,0x00
"ch0","data",83.359722,0.000082,,0x88
"ch0","data",83.359807,0.000082,,0x00
"ch0","data",83.3598915,0.000082,,0x00
"ch0","data",83.359976,0.000082,,0x98
"ch0","data",83.360061,0.000082,,0x00
"ch0","data",83.3601455,0.000082,,0x9F
"ch0","data",83.3602305,0.000082,,0x00
"ch0","data",83.360315,0.000082,,0x09
"ch0","data",83.3603995,0.000082,,0x00
"ch0","data",83.3604845,0.000082,,0x00
"ch0","data",83.360569,0.000082,,0x00
"ch0","data",83.3606535,0.000082,,0x08
"ch0","data",83.3607385,0.000082,,0x0E
"ch0","data",83.360823,0.000082,,0x57
"ch0","data",83.360908,0.000082,,0x43
"ch0","data",83.3609925,0.000082,,0x7D
"ch0","data",83.361077,0.000082,,0xDD
"ch0","data",83.3611615,0.000082,,0x02
"ch0","data",83.361246,0.000082,,0x00
"ch0","data",83.361331,0.000082,,0x0F
"ch0","data",83.361415,0.000082,,0x00
"ch0","data",83.3614995,0.000082,,0x7B
"ch0","data",83.3615845,0.000082,,0x0C
"ch0","data",83.361669,0.000082,,0x00
"ch0","data",83.3617535,0.000082,,0x11
"ch0","data",83.361838,0.000082,,0x00
"ch0","data",83.3619225,0.000082,,0x00
"ch0","data",83.3620075,0.000082,,0x00
"ch0","data",83.362092,0.000082,,0x00
"ch0","data",83.3621765,0.000082,,0x00
"ch0","data",83.362261,0.000082,,0x01
"ch0","data",83.3623455,0.000082,,0x00
"ch0","data",83.36243,0.000082,,0x61
"ch0","data",83.362515,0.000082,,0x76
"ch0","data",83.3625995,0.000082,,0x7D
"ch1","data",83.660714,0.000082,,0x0D
"ch1","data",83.660801,0.000082,,0x0A
"ch1","data",83.6608875,0.000082,,0x00
"ch1","data",83.6609745,0.000082,,0x7B
"ch1","data",83.661061,0.000082,,0x38
"ch1","data",83.661148,0.000082,,0x00
"ch1","data",83.6612345,0.000082,,0x01
"ch1","data",83.6613215,0.000082,,0x00
"ch1","data",83.661408,0.000082,,0x05
"ch1","data",83.661495,0.000082,,0x00
"ch1","data",83.6615815,0.000082,,0x01
"ch1","data",83.6616685,0.000082,,0x00
"ch1","data",83.661755,0.000082,,0x00
"ch1","data",83.661842,0.000082,,0x00
"ch1","data",83.6619285,0.000082,,0x46
"ch1","data",83.6620155,0.000082,,0x81
"ch1","data",83.662102,0.000082,,0x9E
"ch1","data",83.662189,0.000082,,0xE3
"ch1","data",83.6622755,0.000082,,0x00
"ch1","data",83.6623625,0.000082,,0x1D
"ch1","data",83.662449,0.000082,,0x00
"ch1","data",83.662536,0.000082,,0x0F
"ch1","data",83.6626225,0.000082,,0x00
"ch1","data",83.6627095,0.000082,,0x01
"ch1","data",83.662796,0.000082,,0x00
"ch1","data",83.662883,0.000082,,0x00
"ch1","data",83.6629695,0.000082,,0x00
"ch1","data",83.6630565,0.000082,,0x00
"ch1","data",83.663143,0.000082,,0x00
"ch1","data",83.66323,0.000082,,0x00
"ch1","data",83.6633165,0.000082,,0x09
"ch1","data",83.6634035,0.000082,,0x00
"ch1","data",83.66349,0.000082,,0x16
"ch1","data",83.663577,0.000082,,0x25
"ch1","data",83.6636635,0.000082,,0x61
"ch1","data",83.6637505,0.000082,,0x07
"ch1","data",83.663837,0.000082,,0x73
"ch1","data",83.663924,0.000082,,0x62
"ch1","data",83.6640105,0.000082,,0x00
"ch1","data",83.6640975,0.000082,,0x00
"ch1","data",83.664184,0.000082,,0xFF
"ch1","data",83.664271,0.000082,,0x04
"ch1","data",83.6643575,0.000082,,0xFF
"ch1","data",83.6644445,0.000082,,0x0F
"ch1","data",83.664531,0.000082,,0x04
"ch1","data",83.664618,0.000082,,0x40
"ch1","data",83.6647045,0.000082,,0x0C
"ch1","data",83.6647915,0.000082,,0xFE
"ch1","data",83.664878,0.000082,,0x00
"ch1","data",83.664965,0.000082,,0x00
"ch1","data",83.6650515,0.000082,,0x00
"ch1","data",83.6651385,0.000082,,0x01
"ch1","data",83.665225,0.000082,,0x00
"ch1","data",83.665312,0.000082,,0x13
"ch1","data",83.6653985,0.000082,,0x00
"ch1","data",83.6654855,0.000082,,0x00
"ch1","data",83.665572,0.000082,,0x2C
"ch1","data",83.665659,0.000082,,0xCC
"ch1","data",83.6657455,0.000082,,0xBF
"ch1","data",83.6658325,0.000082,,0xCF
"ch1","data",83.665919,0.000082,,0x7D
"ch1","data",83.666006,0.000082,,0x0D
"ch1","data",83.6660925,0.000082,,0x0A
"ch1","data",83.6661795,0.000082,,0x0D
"ch1","data",83.666266,0.000082,,0x0A
"ch1","data",83.666353,0.000082,,0x0D
"ch1","data",83.6664395,0.000082,,0x0A
"ch1","data",83.6665265,0.000082,,0x00
"ch1","data",83.666613,0.000082,,0x7B
"ch1","data",83.6667,0.000082,,0x0C
"ch1","data",83.6667865,0.000082,,0x00
"ch1","data",83.6668735,0.000082,,0x01
"ch1","data",83.66696,0.000082,,0x00
"ch1","data",83.667047,0.000082,,0x03
"ch1","data",83.6671335,0.000082,,0x00
"ch1","data",83.6672205,0.000082,,0x01
"ch1","data",83.667307,0.000082,,0x00
"ch1","data",83.667394,0.000082,,0x00
"ch1","data",83.6674805,0.000082,,0x00
"ch1","data",83.6675675,0.000082,,0xB0
"ch1","data",83.667654,0.000082,,0xC0
"ch1","data",83.667741,0.000082,,0x7D
"ch1","data",83.6678275,0.000082,,0x0D
"ch1","data",83.6679145,0.000082,,0x0A
"ch0","data",89.5728695,0.000082,,0xDD
"ch0","data",89.5729545,0.000082,,0x02
"ch0","data",89.573039,0.000082,,0x00
"ch0","data",89.573124,0.000082,,0x3B
"ch0","data",89.5732085,0.000082,,0x00
"ch0","data",89.573293,0.000082,,0x7B
"ch0","data",89.573378,0.000082,,0x38
"ch0","data",89.5734625,0.000082,,0x00
"ch0","data",89.5735475,0.000082,,0x11
"ch0","data",89.573632,0.000082,,0x00
"ch0","data",89.5737165,0.000082,,0x01
"ch0","data",89.5738015,0.000082,,0x00
"ch0","data",89.573886,0.000082,,0x00
"ch0","data",89.573971,0.000082,,0x00
"ch0","data",89.5740555,0.000082,,0x01
"ch0","data",89.57414,0.000082,,0x00
"ch0","data",89.574225,0.000082,,0x46
"ch0","data",89.5743095,0.000082,,0x81
"ch0","data",89.5743945,0.000082,,0x9E
"ch0","data",89.574479,0.000082,,0xE3
"ch0","data",89.5745635,0.000082,,0x00
"ch0","data",89.5746485,0.000082,,0x1D
"ch0","data",89.574733,0.000082,,0x00
"ch0","data",89.574818,0.000082,,0x0F
"ch0","data",89.5749025,0.000082,,0x20
"ch0","data",89.574987,0.000082,,0x00
"ch0","data",89.575072,0.000082,,0xA4
"ch0","data",89.5751565,0.000082,,0x0A
"ch0","data",89.5752415,0.000082,,0xA4
"ch0","data",89.575326,0.000082,,0x27
"ch0","data",89.5754105,0.000082,,0x55
"ch0","data",89.5754955,0.000082,,0xC1
"ch0","data",89.57558,0.000082,,0x00
"ch0","data",89.5756645,0.000082,,0x00
"ch0","data",89.5757495,0.000082,,0x00
"ch0","data",89.575834,0.000082,,0x00
"ch0","data",89.575919,0.000082,,0x00
"ch0","data",89.5760035,0.000082,,0x00
"ch0","data",89.5760885,0.000082,,0x61
"ch0","data",89.576173,0.000082,,0x07
"ch0","data",89.5762575,0.000082,,0x73
"ch0","data",89.5763425,0.000082,,0x62
"ch0","data",89.576427,0.000082,,0x2A
"ch0","data",89.5765115,0.000082,,0x00
"ch0","data",89.5765965,0.000082,,0x61
"ch0","data",89.576681,0.000082,,0x00
"ch0","data",89.576766,0.000082,,0x00
"ch0","data",89.5768505,0.000082,,0x88
"ch0","data",89.576935,0.000082,,0x00
"ch0","data",89.57702,0.000082,,0x00
"ch0","data",89.5771045,0.000082,,0x98
"ch0","data",89.5771895,0.000082,,0x00
"ch0","data",89.577274,0.000082,,0x9F
"ch0","data",89.5773585,0.000082,,0x00
"ch0","data",89.5774435,0.000082,,0x09
"ch0","data",89.577528,0.000082,,0x00
"ch0","data",89.577613,0.000082,,0x00
"ch0","data",89.5776975,0.000082,,0x00
"ch0","data",89.577782,0.000082,,0x08
"ch0","data",89.577867,0.000082,,0x0E
"ch0","data",89.5779515,0.000082,,0x57
"ch0","data",89.5780365,0.000082,,0x43
"ch0","data",89.578121,0.000082,,0x7D
"ch0","data",89.5782055,0.000082,,0xDD
"ch0","data",89.5782905,0.000082,,0x02
"ch0","data",89.578375,0.000082,,0x00
"ch0","data",89.57846,0.000082,,0x0F
"ch0","data",89.5785445,0.000082,,0x00
"ch0","data",89.578629,0.000082,,0x7B
"ch0","data",89.578714,0.000082,,0x0C
"ch0","data",89.5787985,0.000082,,0x00
"ch0","data",89.5788835,0.000082,,0x11
"ch0","data",89.578968,0.000082,,0x00
"ch0","data",89.5790525,0.000082,,0x00
"ch0","data",89.5791375,0.000082,,0x00
"ch0","data",89.579222,0.000082,,0x00
"ch0","data",89.5793065,0.000082,,0x00
"ch0","data",89.5793915,0.000082,,0x01
"ch0","data",89.579476,0.000082,,0x00
"ch0","data",89.579561,0.000082,,0x61
"ch0","data",89.5796455,0.000082,,0x76
"ch0","data",89.57973,0.000082,,0x7D
"ch1","data",89.885357,0.000082,,0x0D
"ch1","data",89.885444,0.000082,,0x0A
"ch1","data",89.8855305,0.000082,,0x00
"ch1","data",89.8856175,0.000082,,0x7B
"ch1","data",89.885704,0.000082,,0x38
"ch1","data",89.885791,0.000082,,0x00
"ch1","data",89.8858775,0.000082,,0x01
"ch1","data",89.8859645,0.000082,,0x00
"ch1","data",89.886051,0.000082,,0x05
"ch1","data",89.886138,0.000082,,0x00
"ch1","data",89.8862245,0.000082,,0x01
"ch1","data",89.8863115,0.000082,,0x00
"ch1","data",89.886398,0.000082,,0x00
"ch1","data",89.886485,0.000082,,0x00
"ch1","data",89.8865715,0.000082,,0x46
"ch1","data",89.8866585,0.000082,,0x81
"ch1","data",89.886745,0.000082,,0x9E
"ch1","data",89.886832,0.000082,,0xE3
"ch1","data",89.8869185,0.000082,,0x00
"ch1","data",89.8870055,0.000082,,0x1D
"ch1","data",89.887092,0.000082,,0x00
"ch1","data",89.887179,0.000082,,0x0F
"ch1","data",89.8872655,0.000082,,0x00
"ch1","data",89.8873525,0.000082,,0x01
"ch1","data",89.887439,0.000082,,0x00
"ch1","data",89.887526,0.000082,,0x00
"ch1","data",89.8876125,0.000082,,0x00
"ch1","data",89.8876995,0.000082,,0x00
"ch1","data",89.887786,0.000082,,0x00
"ch1","data",89.887873,0.000082,,0x00
"ch1","data",89.8879595,0.000082,,0x09
"ch1","data",89.8880465,0.000082,,0x00
"ch1","data",89.888133,0.000082,,0x16
"ch1","data",89.88822,0.000082,,0x25
"ch1","data",89.8883065,0.000082,,0x61
"ch1","data",89.8883935,0.000082,,0x07
"ch1","data",89.88848,0.000082,,0x73
"ch1","data",89.888567,0.000082,,0x62
"ch1","data",89.8886535,0.000082,,0x00
"ch1","data",89.8887405,0.000082,,0x00
"ch1","data",89.888827,0.000082,,0xFF
"ch1","data",89.888914,0.000082,,0x04
"ch1","data",89.8890005,0.000082,,0xFF
"ch1","data",89.8890875,0.000082,,0x0F
"ch1","data",89.889174,0.000082,,0x04
"ch1","data",89.889261,0.000082,,0x40
"ch1","data",89.8893475,0.000082,,0x0C
"ch1","data",89.8894345,0.000082,,0xFE
"ch1","data",89.889521,0.000082,,0x00
"ch1","data",89.889608,0.000082,,0x00
"ch1","data",89.8896945,0.000082,,0x00
"ch1","data",89.8897815,0.000082,,0x01
"ch1","data",89.889868,0.000082,,0x00
"ch1","data",89.889955,0.000082,,0x13
"ch1","data",89.8900415,0.000082,,0x00
"ch1","data",89.8901285,0.000082,,0x00
"ch1","data",89.890215,0.000082,,0x2C
"ch1","data",89.890302,0.000082,,0xCC
"ch1","data",89.8903885,0.000082,,0xBF
"ch1","data",89.8904755,0.000082,,0xCF
"ch1","data",89.890562,0.000082,,0x7D
"ch1","data",89.890649,0.000082,,0x0D
"ch1","data",89.8907355,0.000082,,0x0A
"ch1","data",89.8908225,0.000082,,0x0D
"ch1","data",89.890909,0.000082,,0x0A
"ch1","data",89.890996,0.000082,,0x0D
"ch1","data",89.8910825,0.000082,,0x0A
"ch1","data",89.8911695,0.000082,,0x00
"ch1","data",89.891256,0.000082,,0x7B
"ch1","data",89.891343,0.000082,,0x0C
"ch1","data",89.8914295,0.000082,,0x00
"ch1","data",89.8915165,0.000082,,0x01
"ch1","data",89.891603,0.000082,,0x00
"ch1","data",89.89169,0.000082,,0x03
"ch1","data",89.8917765,0.000082,,0x00
"ch1","data",89.8918635,0.000082,,0x01
"ch1","data",89.89195,0.000082,,0x00
"ch1","data",89.892037,0.000082,,0x00
"ch1","data",89.8921235,0.000082,,0x00
"ch1","data",89.8922105,0.000082,,0xB0
"ch1","data",89.892297,0.000082,,0xC0
"ch1","data",89.892384,0.000082,,0x7D
"ch1","data",89.8924705,0.000082,,0x0D
"ch1","data",89.8925575,0.000082,,0x0A
"ch0","data",95.789745,0.000082,,0xDD
"ch0","data",95.7898295,0.000082,,0x02
"ch0","data",95.789914,0.000082,,0x00
"ch0","data",95.7899985,0.000082,,0x3B
"ch0","data",95.7900835,0.000082,,0x00
"ch0","data",95.790168,0.000082,,0x7B
"ch0","data",95.7902525,0.000082,,0x38
"ch0","data",95.7903375,0.000082,,0x00
"ch0","data",95.790422,0.000082,,0x11
"ch0","data",95.7905065,0.000082,,0x00
"ch0","data",95.7905915,0.000082,,0x01
"ch0","data",95.790676,0.000082,,0x00
"ch0","data",95.7907605,0.000082,,0x00
"ch0","data",95.7908455,0.000082,,0x00
"ch0","data",95.79093,0.000082,,0x01
"ch0","data",95.7910145,0.000082,,0x00
"ch0","data",95.7910995,0.000082,,0x46
"ch0","data",95.791184,0.000082,,0x81
"ch0","data",95.7912685,0.000082,,0x9E
"ch0","data",95.7913535,0.000082,,0xE3
"ch0","data",95.791438,0.000082,,0x00
"ch0","data",95.7915225,0.000082,,0x1D
"ch0","data",95.7916075,0.000082,,0x00
"ch0","data",95.791692,0.000082,,0x0F
"ch0","data",95.791777,0.000082,,0x20
"ch0","data",95.7918615,0.000082,,0x00
"ch0","data",95.791946,0.000082,,0xA4
"ch0","data",95.792031,0.000082,,0x0A
"ch0","data",95.7921155,0.000082,,0xA4
"ch0","data",95.7922,0.000082,,0x27
"ch0","data",95.792285,0.000082,,0x55
"ch0","data",95.7923695,0.000082,,0xC1
"ch0","data",95.792454,0.000082,,0x00
"ch0","data",95.792539,0.000082,,0x00
"ch0","data",95.7926235,0.000082,,0x00
"ch0","data",95.7927085,0.000082,,0x00
"ch0","data",95.792793,0.000082,,0x00
"ch0","data",95.7928775,0.000082,,0x00
"ch0","data",95.7929625,0.000082,,0x61
"ch0","data",95.793047,0.000082,,0x07
"ch0","data",95.793132,0.000082,,0x73
"ch0","data",95.7932165,0.000082,,0x62
"ch0","data",95.793301,0.000082,,0x2A
"ch0","data",95.793386,0.000082,,0x00
"ch0","data",95.7934705,0.000082,,0x61
"ch0","data",95.793555,0.000082,,0x00
"ch0","data",95.79364,0.000082,,0x00
"ch0","data",95.7937245,0.000082,,0x88
"ch0","data",95.793809,0.000082,,0x00
"ch0","data",95.793894,0.000082,,0x00
"ch0","data",95.7939785,0.000082,,0x98
"ch0","data",95.7940635,0.000082,,0x00
"ch0","data",95.794148,0.000082,,0x9F
"ch0","data",95.7942325,0.000082,,0x00
"ch0","data",95.794317,0.000082,,0x09
"ch0","data",95.794402,0.000082,,0x00
"ch0","data",95.7944865,0.000082,,0x00
"ch0","data",95.794571,0.000082,,0x00
"ch0","data",95.794656,0.000082,,0x08
"ch0","data",95.7947405,0.000082,,0x0E
"ch0","data",95.794825,0.000082,,0x57
"ch0","data",95.79491,0.000082,,0x43
"ch0","data",95.7949945,0.000082,,0x7D
"ch0","data",95.7950795,0.000082,,0xDD
"ch0","data",95.795164,0.000082,,0x02
"ch0","data",95.7952485,0.000082,,0x00
"ch0","data",95.795333,0.000082,,0x0F
"ch0","data",95.795418,0.000082,,0x00
"ch0","data",95.7955025,0.000082,,0x7B
"ch0","data",95.7955875,0.000082,,0x0C
"ch0","data",95.795672,0.000082,,0x00
"ch0","data",95.7957565,0.000082,,0x11
"ch0","data",95.795841,0.000082,,0x00
"ch0","data",95.795926,0.000082,,0x00
"ch0","data",95.7960105,0.000082,,0x00
"ch0","data",95.796095,0.000082,,0x00
"ch0","data",95.7961795,0.000082,,0x00
"ch0","data",95.7962645,0.000082,,0x01
"ch0","data",95.796349,0.000082,,0x00
"ch0","data",95.7964335,0.000082,,0x61
"ch0","data",95.7965185,0.000082,,0x76
"ch0","data",95.796603,0.000082,,0x7D
"ch1","data",96.0802285,0.000082,,0x0D
"ch1","data",96.080315,0.000082,,0x0A
"ch1","data",96.080402,0.000082,,0x00
"ch1","data",96.0804885,0.000082,,0x7B
"ch1","data",96.0805755,0.000082,,0x38
"ch1","data",96.080662,0.000082,,0x00
"ch1","data",96.080749,0.000082,,0x01
"ch1","data",96.0808355,0.000082,,0x00
"ch1","data",96.0809225,0.000082,,0x05
"ch1","data",96.081009,0.000082,,0x00
"ch1","data",96.081096,0.000082,,0x01
"ch1","data",96.0811825,0.000082,,0x00
"ch1","data",96.0812695,0.000082,,0x00
"ch1","data",96.081356,0.000082,,0x00
"ch1","data",96.081443,0.000082,,0x46
"ch1","data",96.0815295,0.000082,,0x81
"ch1","data",96.0816165,0.000082,,0x9E
"ch1","data",96.081703,0.000082,,0xE3
"ch1","data",96.08179,0.000082,,0x00
"ch1","data",96.0818765,0.000082,,0x1D
"ch1","data",96.0819635,0.000082,,0x00
"ch1","data",96.08205,0.000082,,0x0F
"ch1","data",96.082137,0.000082,,0x00
"ch1","data",96.0822235,0.000082,,0x01
"ch1","data",96.0823105,0.000082,,0x00
"ch1","data",96.082397,0.000082,,0x00
"ch1","data",96.082484,0.000082,,0x00
"ch1","data",96.0825705,0.000082,,0x00
"ch1","data",96.0826575,0.000082,,0x00
"ch1","data",96.082744,0.000082,,0x00
"ch1","data",96.082831,0.000082,,0x09
"ch1","data",96.0829175,0.000082,,0x00
"ch1","data",96.0830045,0.000082,,0x16
"ch1","data",96.083091,0.000082,,0x25
"ch1","data",96.083178,0.000082,,0x61
"ch1","data",96.0832645,0.000082,,0x07
"ch1","data",96.0833515,0.000082,,0x73
"ch1","data",96.083438,0.000082,,0x62
"ch1","data",96.083525,0.000082,,0x00
"ch1","data",96.0836115,0.000082,,0x00
"ch1","data",96.0836985,0.000082,,0xFF
"ch1","data",96.083785,0.000082,,0x04
"ch1","data",96.083872,0.000082,,0xFF
"ch1","data",96.0839585,0.000082,,0x0F
"ch1","data",96.0840455,0.000082,,0x04
"ch1","data",96.084132,0.000082,,0x40
"ch1","data",96.084219,0.000082,,0x0C
"ch1","data",96.0843055,0.000082,,0xFE
"ch1","data",96.0843925,0.000082,,0x00
"ch1","data",96.084479,0.000082,,0x00
"ch1","data",96.084566,0.000082,,0x00
"ch1","data",96.0846525,0.000082,,0x01
"ch1","data",96.0847395,0.000082,,0x00
"ch1","data",96.084826,0.000082,,0x13
"ch1","data",96.084913,0.000082,,0x00
"ch1","data",96.0849995,0.000082,,0x00
"ch1","data",96.0850865,0.000082,,0x2C
"ch1","data",96.085173,0.000082,,0xCC
"ch1","data",96.08526,0.000082,,0xBF
"ch1","data",96.0853465,0.000082,,0xCF
"ch1","data",96.0854335,0.000082,,0x7D
"ch1","data",96.08552,0.000082,,0x0D
"ch1","data",96.085607,0.000082,,0x0A
"ch1","data",96.0856935,0.000082,,0x0D
"ch1","data",96.0857805,0.000082,,0x0A
"ch1","data",96.085867,0.000082,,0x0D
"ch1","data",96.085954,0.000082,,0x0A
"ch1","data",96.0860405,0.000082,,0x00
"ch1","data",96.0861275,0.000082,,0x7B
"ch1","data",96.086214,0.000082,,0x0C
"ch1","data",96.086301,0.000082,,0x00
"ch1","data",96.0863875,0.000082,,0x01
"ch1","data",96.0864745,0.000082,,0x00
"ch1","data",96.086561,0.000082,,0x03
"ch1","data",96.086648,0.000082,,0x00
"ch1","data",96.0867345,0.000082,,0x01
"ch1","data",96.0868215,0.000082,,0x00
"ch1","data",96.086908,0.000082,,0x00
"ch1","data",96.086995,0.000082,,0x00
"ch1","data",96.0870815,0.000082,,0xB0
"ch1","data",96.0871685,0.000082,,0xC0
"ch1","data",96.087255,0.000082,,0x7D
"ch1","data",96.087342,0.000082,,0x0D
"ch1","data",96.0874285,0.000082,,0x0A
"ch0","data",102.1417525,0.000082,,0xDD
"ch0","data",102.1418375,0.000082,,0x02
"ch0","data",102.141922,0.000082,,0x00
"ch0","data",102.1420065,0.000082,,0x3B
"ch0","data",102.142091,0.000082,,0x00
"ch0","data",102.1421755,0.000082,,0x7B
"ch0","data",102.14226,0.000082,,0x38
"ch0","data",102.1423445,0.000082,,0x00
"ch0","data",102.142429,0.000082,,0x11
"ch0","data",102.1425135,0.000082,,0x00
"ch0","data",102.142598,0.000082,,0x01
"ch0","data",102.1426825,0.000082,,0x00
"ch0","data",102.142767,0.000082,,0x00
"ch0","data",102.1428515,0.000082,,0x00
"ch0","data",102.142936,0.000082,,0x01
"ch0","data",102.143021,0.000082,,0x00
"ch0","data",102.1431055,0.000082,,0x46
"ch0","data",102.14319,0.000082,,0x81
"ch0","data",102.1432745,0.000082,,0x9E
"ch0","data",102.1433595,0.000082,,0xE3
"ch0","data",102.143444,0.000082,,0x00
"ch0","data",102.1435285,0.000082,,0x1D
"ch0","data",102.143613,0.000082,,0x00
"ch0","data",102.143698,0.000082,,0x0F
"ch0","data",102.1437825,0.000082,,0x20
"ch0","data",102.143867,0.000082,,0x00
"ch0","data",102.1439515,0.000082,,0xCE
"ch0","data",102.144036,0.000082,,0x0A
"ch0","data",102.1441205,0.000082,,0xA5
"ch0","data",102.144205,0.000082,,0x27
"ch0","data",102.14429,0.000082,,0x56
"ch0","data",102.144374,0.000082,,0x91
"ch0","data",102.1444585,0.000082,,0x00
"ch0","data",102.1445435,0.000082,,0x00
"ch0","data",102.144628,0.000082,,0x00
"ch0","data",102.1447125,0.000082,,0x00
"ch0","data",102.144797,0.000082,,0x00
"ch0","data",102.144882,0.000082,,0x00
"ch0","data",102.1449665,0.000082,,0x61
"ch0","data",102.145051,0.000082,,0x07
"ch0","data",102.1451355,0.000082,,0x73
"ch0","data",102.1452205,0.000082,,0x62
"ch0","data",102.145305,0.000082,,0x29
"ch0","data",102.1453895,0.000082,,0x00
"ch0","data",102.145474,0.000082,,0x60
"ch0","data",102.145559,0.000082,,0x00
"ch0","data",102.1456435,0.000082,,0x00
"ch0","data",102.145728,0.000082,,0x88
"ch0","data",102.1458125,0.000082,,0x00
"ch0","data",102.1458975,0.000082,,0x00
"ch0","data",102.145982,0.000082,,0x98
"ch0","data",102.1460665,0.000082,,0x00
"ch0","data",102.1461515,0.000082,,0x9F
"ch0","data",102.146236,0.000082,,0x00
"ch0","data",102.1463205,0.000082,,0x09
"ch0","data",102.1464055,0.000082,,0x00
"ch0","data",102.14649,0.000082,,0x00
"ch0","data",102.1465745,0.000082,,0x00
"ch0","data",102.146659,0.000082,,0x2E
"ch0","data",102.146744,0.000082,,0x0E
"ch0","data",102.1468285,0.000082,,0x06
"ch0","data",102.146913,0.000082,,0x46
"ch0","data",102.1469975,0.000082,,0x7D
"ch0","data",102.147082,0.000082,,0xDD
"ch0","data",102.147167,0.000082,,0x02
"ch0","data",102.1472515,0.000082,,0x00
"ch0","data",102.147336,0.000082,,0x13
"ch0","data",102.1474205,0.000082,,0x00
"ch0","data",102.1475055,0.000082,,0x7B
"ch0","data",102.14759,0.000082,,0x10
"ch0","data",102.1476745,0.000082,,0x00
"ch0","data",102.147759,0.000082,,0x11
"ch0","data",102.147844,0.000082,,0x00
"ch0","data",102.1479285,0.000082,,0x08
"ch0","data",102.148013,0.000082,,0x00
"ch0","data",102.148098,0.000082,,0x00
"ch0","data",102.1481825,0.000082,,0x00
"ch0","data",102.148267,0.000082,,0x01
"ch0","data",102.1483515,0.000082,,0x00
"ch0","data",102.1484365,0.000082,,0x04
"ch0","data",102.148521,0.000082,,0x00
"ch0","data",102.1486055,0.000082,,0x00
"ch0","data",102.14869,0.000082,,0x00
"ch0","data",102.148775,0.000082,,0x34
"ch0","data",102.1488595,0.000082,,0x99
"ch0","data",102.148944,0.000082,,0x7D
"ch0","data",102.1490285,0.000082,,0xDD
"ch0","data",102.1491135,0.000082,,0x02
"ch0","data",102.149198,0.000082,,0x00
"ch0","data",102.1492825,0.000082,,0x0F
"ch0","data",102.1493675,0.000082,,0x00
"ch0","data",102.149452,0.000082,,0x7B
"ch0","data",102.1495365,0.000082,,0x0C
"ch0","data",102.1496215,0.000082,,0x00
"ch0","data",102.149706,0.000082,,0x11
"ch0","data",102.1497905,0.000082,,0x00
"ch0","data",102.149875,0.000082,,0x00
"ch0","data",102.1499595,0.000082,,0x00
"ch0","data",102.1500445,0.000082,,0x00
"ch0","data",102.150129,0.000082,,0x00
"ch0","data",102.1502135,0.000082,,0x01
"ch0","data",102.150298,0.000082,,0x00
"ch0","data",102.150383,0.000082,,0x61
"ch0","data",102.1504675,0.000082,,0x76
"ch0","data",102.150552,0.000082,,0x7D
"ch0","data",102.1506365,0.000082,,0xDD
"ch0","data",102.150721,0.000082,,0x02
"ch0","data",102.150806,0.000082,,0x00
"ch0","data",102.1508905,0.000082,,0x0F
"ch0","data",102.150975,0.000082,,0x00
"ch0","data",102.15106,0.000082,,0x7B
"ch0","data",102.151144,0.000082,,0x0C
"ch0","data",102.151229,0.000082,,0x00
"ch0","data",102.1513135,0.000082,,0x11
"ch0","data",102.151398,0.000082,,0x00
"ch0","data",102.1514825,0.000082,,0x0B
"ch0","data",102.1515675,0.000082,,0x00
"ch0","data",102.151652,0.000082,,0x00
"ch0","data",102.1517365,0.000082,,0x00
"ch0","data",102.151821,0.000082,,0x01
"ch0","data",102.151906,0.000082,,0x00
"ch0","data",102.1519905,0.000082,,0xC3
"ch0","data",102.152075,0.000082,,0xB5
"ch0","data",102.1521595,0.000082,,0x7D
"ch1","data",102.6856755,0.000082,,0x0D
"ch1","data",102.6857625,0.000082,,0x0A
"ch1","data",102.685849,0.000082,,0x00
"ch1","data",102.685936,0.000082,,0x7B
"ch1","data",102.6860225,0.000082,,0x38
"ch1","data",102.6861095,0.000082,,0x00
"ch1","data",102.686196,0.000082,,0x01
"ch1","data",102.686283,0.000082,,0x00
"ch1","data",102.6863695,0.000082,,0x05
"ch1","data",102.6864565,0.000082,,0x00
"ch1","data",102.686543,0.000082,,0x01
"ch1","data",102.68663,0.000082,,0x00
"ch1","data",102.6867165,0.000082,,0x00
"ch1","data",102.6868035,0.000082,,0x00
"ch1","data",102.68689,0.000082,,0x46
"ch1","data",102.686977,0.000082,,0x81
"ch1","data",102.6870635,0.000082,,0x9E
"ch1","data",102.6871505,0.000082,,0xE3
"ch1","data",102.687237,0.000082,,0x00
"ch1","data",102.687324,0.000082,,0x1D
"ch1","data",102.6874105,0.000082,,0x00
"ch1","data",102.6874975,0.000082,,0x0F
"ch1","data",102.687584,0.000082,,0x00
"ch1","data",102.687671,0.000082,,0x01
"ch1","data",102.6877575,0.000082,,0x00
"ch1","data",102.6878445,0.000082,,0x00
"ch1","data",102.687931,0.000082,,0x00
"ch1","data",102.688018,0.000082,,0x00
"ch1","data",102.6881045,0.000082,,0x00
"ch1","data",102.6881915,0.000082,,0x00
"ch1","data",102.688278,0.000082,,0x09
"ch1","data",102.688365,0.000082,,0x00
"ch1","data",102.6884515,0.000082,,0x16
"ch1","data",102.6885385,0.000082,,0x25
"ch1","data",102.688625,0.000082,,0x61
"ch1","data",102.688712,0.000082,,0x07
"ch1","data",102.6887985,0.000082,,0x73
"ch1","data",102.6888855,0.000082,,0x62
"ch1","data",102.688972,0.000082,,0x00
"ch1","data",102.689059,0.000082,,0x00
"ch1","data",102.6891455,0.000082,,0xFF
"ch1","data",102.6892325,0.000082,,0x04
"ch1","data",102.689319,0.000082,,0xFF
"ch1","data",102.689406,0.000082,,0x0F
"ch1","data",102.6894925,0.000082,,0x04
"ch1","data",102.6895795,0.000082,,0x40
"ch1","data",102.689666,0.000082,,0x0C
"ch1","data",102.689753,0.000082,,0xFE
"ch1","data",102.6898395,0.000082,,0x00
"ch1","data",102.6899265,0.000082,,0x00
"ch1","data",102.690013,0.000082,,0x00
"ch1","data",102.6901,0.000082,,0x01
"ch1","data",102.6901865,0.000082,,0x00
"ch1","data",102.6902735,0.000082,,0x13
"ch1","data",102.69036,0.000082,,0x00
"ch1","data",102.690447,0.000082,,0x00
"ch1","data",102.6905335,0.000082,,0x2C
"ch1","data",102.6906205,0.000082,,0xCC
"ch1","data",102.690707,0.000082,,0xBF
"ch1","data",102.690794,0.000082,,0xCF
"ch1","data",102.6908805,0.000082,,0x7D
"ch1","data",102.6909675,0.000082,,0x0D
"ch1","data",102.691054,0.000082,,0x0A
"ch1","data",102.691141,0.000082,,0x0D
"ch1","data",102.6912275,0.000082,,0x0A
"ch1","data",102.6913145,0.000082,,0x0D
"ch1","data",102.691401,0.000082,,0x0A
"ch1","data",102.691488,0.000082,,0x00
"ch1","data",102.6915745,0.000082,,0x7B
"ch1","data",102.6916615,0.000082,,0x0C
"ch1","data",102.691748,0.000082,,0x00
"ch1","data",102.691835,0.000082,,0x01
"ch1","data",102.6919215,0.000082,,0x00
"ch1","data",102.6920085,0.000082,,0x03
"ch1","data",102.692095,0.000082,,0x00
"ch1","data",102.692182,0.000082,,0x01
"ch1","data",102.6922685,0.000082,,0x00
"ch1","data",102.6923555,0.000082,,0x00
"ch1","data",102.692442,0.000082,,0x00
"ch1","data",102.692529,0.000082,,0xB0
"ch1","data",102.6926155,0.000082,,0xC0
"ch1","data",102.6927025,0.000082,,0x7D
"ch1","data",102.692789,0.000082,,0x0D
"ch1","data",102.692876,0.000082,,0x0A
"ch1","data",103.109075,0.000082,,0x0D
"ch1","data",103.109162,0.000082,,0x0A
"ch1","data",103.1092485,0.000082,,0x00
"ch1","data",103.1093355,0.000082,,0x7B
"ch1","data",103.109422,0.000082,,0x0C
"ch1","data",103.109509,0.000082,,0x00
"ch1","data",103.1095955,0.000082,,0x01
"ch1","data",103.1096825,0.000082,,0x00
"ch1","data",103.109769,0.000082,,0x03
"ch1","data",103.109856,0.000082,,0x00
"ch1","data",103.1099425,0.000082,,0x01
"ch1","data",103.1100295,0.000082,,0x00
"ch1","data",103.110116,0.000082,,0x00
"ch1","data",103.110203,0.000082,,0x00
"ch1","data",103.1102895,0.000082,,0xB0
"ch1","data",103.1103765,0.000082,,0xC0
"ch1","data",103.110463,0.000082,,0x7D
"ch1","data",103.11055,0.000082,,0x0D
"ch1","data",103.1106365,0.000082,,0x0A
"ch1","data",103.5102435,0.000082,,0x0D
"ch1","data",103.5103305,0.000082,,0x0A
"ch1","data",103.510417,0.000082,,0x00
"ch1","data",103.510504,0.000082,,0x7B
"ch1","data",103.5105905,0.000082,,0x10
"ch1","data",103.5106775,0.000082,,0x00
"ch1","data",103.510764,0.000082,,0x01
"ch1","data",103.510851,0.000082,,0x00
"ch1","data",103.5109375,0.000082,,0x08
"ch1","data",103.5110245,0.000082,,0x00
"ch1","data",103.511111,0.000082,,0x01
"ch1","data",103.511198,0.000082,,0x00
"ch1","data",103.5112845,0.000082,,0x00
"ch1","data",103.5113715,0.000082,,0x00
"ch1","data",103.511458,0.000082,,0x05
"ch1","data",103.511545,0.000082,,0x08
"ch1","data",103.5116315,0.000082,,0x10
"ch1","data",103.5117185,0.000082,,0x40
"ch1","data",103.511805,0.000082,,0xB5
"ch1","data",103.511892,0.000082,,0x38
"ch1","data",103.5119785,0.000082,,0x7D
"ch1","data",103.5120655,0.000082,,0x0D
"ch1","data",103.512152,0.000082,,0x0A
"ch0","data",108.2231655,0.000082,,0xDD
"ch0","data",108.2232505,0.000082,,0x02
"ch0","data",108.223335,0.000082,,0x00
"ch0","data",108.2234195,0.000082,,0x3B
"ch0","data",108.2235045,0.000082,,0x00
"ch0","data",108.223589,0.000082,,0x7B
"ch0","data",108.2236735,0.000082,,0x38
"ch0","data",108.2237585,0.000082,,0x00
"ch0","data",108.223843,0.000082,,0x11
"ch0","data",108.223928,0.000082,,0x00
"ch0","data",108.2240125,0.000082,,0x01
"ch0","data",108.224097,0.000082,,0x00
"ch0","data",108.224182,0.000082,,0x00
"ch0","data",108.2242665,0.000082,,0x00
"ch0","data",108.2243515,0.000082,,0x01
"ch0","data",108.224436,0.000082,,0x00
"ch0","data",108.2245205,0.000082,,0x46
"ch0","data",108.2246055,0.000082,,0x81
"ch0","data",108.22469,0.000082,,0x9E
"ch0","data",108.224775,0.000082,,0xE3
"ch0","data",108.2248595,0.000082,,0x00
"ch0","data",108.224944,0.000082,,0x1D
"ch0","data",108.225029,0.000082,,0x00
"ch0","data",108.2251135,0.000082,,0x0F
"ch0","data",108.225198,0.000082,,0x20
"ch0","data",108.225283,0.000082,,0x00
"ch0","data",108.2253675,0.000082,,0xCE
"ch0","data",108.225452,0.000082,,0x0A
"ch0","data",108.225537,0.000082,,0xA5
"ch0","data",108.2256215,0.000082,,0x27
"ch0","data",108.2257065,0.000082,,0x56
"ch0","data",108.225791,0.000082,,0x91
"ch0","data",108.2258755,0.000082,,0x00
"ch0","data",108.2259605,0.000082,,0x00
"ch0","data",108.226045,0.000082,,0x00
"ch0","data",108.2261295,0.000082,,0x00
"ch0","data",108.2262145,0.000082,,0x00
"ch0","data",108.226299,0.000082,,0x00
"ch0","data",108.226384,0.000082,,0x61
"ch0","data",108.2264685,0.000082,,0x07
"ch0","data",108.226553,0.000082,,0x73
"ch0","data",108.226638,0.000082,,0x62
"ch0","data",108.2267225,0.000082,,0x29
"ch0","data",108.226807,0.000082,,0x00
"ch0","data",108.226892,0.000082,,0x60
"ch0","data",108.2269765,0.000082,,0x00
"ch0","data",108.2270615,0.000082,,0x00
"ch0","data",108.227146,0.000082,,0x88
"ch0","data",108.2272305,0.000082,,0x00
"ch0","data",108.2273155,0.000082,,0x00
"ch0","data",108.2274,0.000082,,0x98
"ch0","data",108.2274845,0.000082,,0x00
"ch0","data",108.2275695,0.000082,,0x9F
"ch0","data",108.227654,0.000082,,0x00
"ch0","data",108.227739,0.000082,,0x09
"ch0","data",108.2278235,0.000082,,0x00
"ch0","data",108.227908,0.000082,,0x00
"ch0","data",108.227993,0.000082,,0x00
"ch0","data",108.2280775,0.000082,,0x2E
"ch0","data",108.2281625,0.000082,,0x0E
"ch0","data",108.228247,0.000082,,0x06
"ch0","data",108.2283315,0.000082,,0x46
"ch0","data",108.2284165,0.000082,,0x7D
"ch0","data",108.228501,0.000082,,0xDD
"ch0","data",108.2285855,0.000082,,0x02
"ch0","data",108.2286705,0.000082,,0x00
"ch0","data",108.228755,0.000082,,0x0F
"ch0","data",108.2288395,0.000082,,0x00
"ch0","data",108.2289245,0.000082,,0x7B
"ch0","data",108.229009,0.000082,,0x0C
"ch0","data",108.229094,0.000082,,0x00
"ch0","data",108.2291785,0.000082,,0x11
"ch0","data",108.229263,0.000082,,0x00
"ch0","data",108.229348,0.000082,,0x00
"ch0","data",108.2294325,0.000082,,0x00
"ch0","data",108.2295175,0.000082,,0x00
"ch0","data",108.229602,0.000082,,0x00
"ch0","data",108.2296865,0.000082,,0x01
"ch0","data",108.2297715,0.000082,,0x00
"ch0","data",108.229856,0.000082,,0x61
"ch0","data",108.2299405,0.000082,,0x76
"ch0","data",108.230025,0.000082,,0x7D
"ch1","data",108.527025,0.000082,,0x0D
"ch1","data",108.527112,0.000082,,0x0A
"ch1","data",108.5271985,0.000082,,0x00
"ch1","data",108.5272855,0.000082,,0x7B
"ch1","data",108.527372,0.000082,,0x38
"ch1","data",108.527459,0.000082,,0x00
"ch1","data",108.5275455,0.000082,,0x01
"ch1","data",108.5276325,0.000082,,0x00
"ch1","data",108.527719,0.000082,,0x05
"ch1","data",108.527806,0.000082,,0x00
"ch1","data",108.5278925,0.000082,,0x01
"ch1","data",108.5279795,0.000082,,0x00
"ch1","data",108.528066,0.000082,,0x00
"ch1","data",108.528153,0.000082,,0x00
"ch1","data",108.5282395,0.000082,,0x46
"ch1","data",108.5283265,0.000082,,0x81
"ch1","data",108.528413,0.000082,,0x9E
"ch1","data",108.5285,0.000082,,0xE3
"ch1","data",108.5285865,0.000082,,0x00
"ch1","data",108.5286735,0.000082,,0x1D
"ch1","data",108.52876,0.000082,,0x00
"ch1","data",108.528847,0.000082,,0x0F
"ch1","data",108.5289335,0.000082,,0x00
"ch1","data",108.5290205,0.000082,,0x01
"ch1","data",108.529107,0.000082,,0x00
"ch1","data",108.529194,0.000082,,0x00
"ch1","data",108.5292805,0.000082,,0x00
"ch1","data",108.5293675,0.000082,,0x00
"ch1","data",108.529454,0.000082,,0x00
"ch1","data",108.529541,0.000082,,0x00
"ch1","data",108.5296275,0.000082,,0x09
"ch1","data",108.5297145,0.000082,,0x00
"ch1","data",108.529801,0.000082,,0x16
"ch1","data",108.529888,0.000082,,0x25
"ch1","data",108.5299745,0.000082,,0x61
"ch1","data",108.5300615,0.000082,,0x07
"ch1","data",108.530148,0.000082,,0x73
"ch1","data",108.530235,0.000082,,0x62
"ch1","data",108.5303215,0.000082,,0x00
"ch1","data",108.5304085,0.000082,,0x00
"ch1","data",108.530495,0.000082,,0xFF
"ch1","data",108.530582,0.000082,,0x04
"ch1","data",108.5306685,0.000082,,0xFF
"ch1","data",108.5307555,0.000082,,0x0F
"ch1","data",108.530842,0.000082,,0x04
"ch1","data",108.530929,0.000082,,0x40
"ch1","data",108.5310155,0.000082,,0x0C
"ch1","data",108.5311025,0.000082,,0xFE
"ch1","data",108.531189,0.000082,,0x00
"ch1","data",108.531276,0.000082,,0x00
"ch1","data",108.5313625,0.000082,,0x00
"ch1","data",108.5314495,0.000082,,0x01
"ch1","data",108.531536,0.000082,,0x00
"ch1","data",108.531623,0.000082,,0x13
"ch1","data",108.5317095,0.000082,,0x00
"ch1","data",108.5317965,0.000082,,0x00
"ch1","data",108.531883,0.000082,,0x2C
"ch1","data",108.53197,0.000082,,0xCC
"ch1","data",108.5320565,0.000082,,0xBF
"ch1","data",108.5321435,0.000082,,0xCF
"ch1","data",108.53223,0.000082,,0x7D
"ch1","data",108.532317,0.000082,,0x0D
"ch1","data",108.5324035,0.000082,,0x0A
"ch1","data",108.5324905,0.000082,,0x0D
"ch1","data",108.532577,0.000082,,0x0A
"ch1","data",108.532664,0.000082,,0x0D
"ch1","data",108.5327505,0.000082,,0x0A
"ch1","data",108.5328375,0.000082,,0x00
"ch1","data",108.532924,0.000082,,0x7B
"ch1","data",108.533011,0.000082,,0x0C
"ch1","data",108.5330975,0.000082,,0x00
"ch1","data",108.5331845,0.000082,,0x01
"ch1","data",108.533271,0.000082,,0x00
"ch1","data",108.533358,0.000082,,0x03
"ch1","data",108.5334445,0.000082,,0x00
"ch1","data",108.5335315,0.000082,,0x01
"ch1","data",108.533618,0.000082,,0x00
"ch1","data",108.533705,0.000082,,0x00
"ch1","data",108.5337915,0.000082,,0x00
"ch1","data",108.5338785,0.000082,,0xB0
"ch1","data",108.533965,0.000082,,0xC0
"ch1","data",108.534052,0.000082,,0x7D
"ch1","data",108.5341385,0.000082,,0x0D
"ch1","data",108.5342255,0.000082,,0x0A
"ch0","data",114.4399055,0.000082,,0xDD
"ch0","data",114.43999,0.000082,,0x02
"ch0","data",114.440075,0.000082,,0x00
"ch0","data",114.4401595,0.000082,,0x3B
"ch0","data",114.440244,0.000082,,0x00
"ch0","data",114.4403285,0.000082,,0x7B
"ch0","data",114.4404135,0.000082,,0x38
"ch0","data",114.440498,0.000082,,0x00
"ch0","data",114.4405825,0.000082,,0x11
"ch0","data",114.440667,0.000082,,0x00
"ch0","data",114.440752,0.000082,,0x01
"ch0","data",114.4408365,0.000082,,0x00
"ch0","data",114.440921,0.000082,,0x00
"ch0","data",114.4410055,0.000082,,0x00
"ch0","data",114.4410905,0.000082,,0x01
"ch0","data",114.441175,0.000082,,0x00
"ch0","data",114.4412595,0.000082,,0x46
"ch0","data",114.4413445,0.000082,,0x81
"ch0","data",114.441429,0.000082,,0x9E
"ch0","data",114.4415135,0.000082,,0xE3
"ch0","data",114.4415985,0.000082,,0x00
"ch0","data",114.441683,0.000082,,0x1D
"ch0","data",114.4417675,0.000082,,0x00
"ch0","data",114.4418525,0.000082,,0x0F
"ch0","data",114.441937,0.000082,,0x20
"ch0","data",114.4420215,0.000082,,0x00
"ch0","data",114.4421065,0.000082,,0xCE
"ch0","data",114.442191,0.000082,,0x0A
"ch0","data",114.4422755,0.000082,,0xA5
"ch0","data",114.44236,0.000082,,0x27
"ch0","data",114.442445,0.000082,,0x56
"ch0","data",114.4425295,0.000082,,0x91
"ch0","data",114.442614,0.000082,,0x00
"ch0","data",114.442699,0.000082,,0x00
"ch0","data",114.4427835,0.000082,,0x00
"ch0","data",114.4428685,0.000082,,0x00
"ch0","data",114.442953,0.000082,,0x00
"ch0","data",114.4430375,0.000082,,0x00
"ch0","data",114.4431225,0.000082,,0x61
"ch0","data",114.443207,0.000082,,0x07
"ch0","data",114.4432915,0.000082,,0x73
"ch0","data",114.4433765,0.000082,,0x62
"ch0","data",114.443461,0.000082,,0x29
"ch0","data",114.443546,0.000082,,0x00
"ch0","data",114.4436305,0.000082,,0x60
"ch0","data",114.443715,0.000082,,0x00
"ch0","data",114.4438,0.000082,,0x00
"ch0","data",114.4438845,0.000082,,0x88
"ch0","data",114.443969,0.000082,,0x00
"ch0","data",114.444054,0.000082,,0x00
"ch0","data",114.4441385,0.000082,,0x98
"ch0","data",114.444223,0.000082,,0x00
"ch0","data",114.4443075,0.000082,,0x9F
"ch0","data",114.4443925,0.000082,,0x00
"ch0","data",114.444477,0.000082,,0x09
"ch0","data",114.4445615,0.000082,,0x00
"ch0","data",114.444646,0.000082,,0x00
"ch0","data",114.4447305,0.000082,,0x00
"ch0","data",114.444815,0.000082,,0x2E
"ch0","data",114.4448995,0.000082,,0x0E
"ch0","data",114.444984,0.000082,,0x06
"ch0","data",114.4450685,0.000082,,0x46
"ch0","data",114.445153,0.000082,,0x7D
"ch0","data",114.4452375,0.000082,,0xDD
"ch0","data",114.445322,0.000082,,0x02
"ch0","data",114.445407,0.000082,,0x00
"ch0","data",114.4454915,0.000082,,0x0F
"ch0","data",114.445576,0.000082,,0x00
"ch0","data",114.4456605,0.000082,,0x7B
"ch0","data",114.445745,0.000082,,0x0C
"ch0","data",114.4458295,0.000082,,0x00
"ch0","data",114.4459145,0.000082,,0x11
"ch0","data",114.445999,0.000082,,0x00
"ch0","data",114.4460835,0.000082,,0x00
"ch0","data",114.446168,0.000082,,0x00
"ch0","data",114.446253,0.000082,,0x00
"ch0","data",114.4463375,0.000082,,0x00
"ch0","data",114.446422,0.000082,,0x01
"ch0","data",114.446507,0.000082,,0x00
"ch0","data",114.4465915,0.000082,,0x61
"ch0","data",114.446676,0.000082,,0x76
"ch0","data",114.4467605,0.000082,,0x7D
"ch1","data",114.7273045,0.000082,,0x0D
"ch1","data",114.727391,0.000082,,0x0A
"ch1","data",114.727478,0.000082,,0x00
"ch1","data",114.7275645,0.000082,,0x7B
"ch1","data",114.7276515,0.000082,,0x38
"ch1","data",114.727738,0.000082,,0x00
"ch1","data",114.727825,0.000082,,0x01
"ch1","data",114.7279115,0.000082,,0x00
"ch1","data",114.7279985,0.000082,,0x05
"ch1","data",114.728085,0.000082,,0x00
"ch1","data",114.728172,0.000082,,0x01
"ch1","data",114.7282585,0.000082,,0x00
"ch1","data",114.7283455,0.000082,,0x00
"ch1","data",114.728432,0.000082,,0x00
"ch1","data",114.728519,0.000082,,0x46
"ch1","data",114.7286055,0.000082,,0x81
"ch1","data",114.7286925,0.000082,,0x9E
"ch1","data",114.728779,0.000082,,0xE3
"ch1","data",114.728866,0.000082,,0x00
"ch1","data",114.7289525,0.000082,,0x1D
"ch1","data",114.7290395,0.000082,,0x00
"ch1","data",114.729126,0.000082,,0x0F
"ch1","data",114.729213,0.000082,,0x00
"ch1","data",114.7292995,0.000082,,0x01
"ch1","data",114.7293865,0.000082,,0x00
"ch1","data",114.729473,0.000082,,0x00
"ch1","data",114.72956,0.000082,,0x00
"ch1","data",114.7296465,0.000082,,0x00
"ch1","data",114.7297335,0.000082,,0x00
"ch1","data",114.72982,0.000082,,0x00
"ch1","data",114.729907,0.000082,,0x09
"ch1","data",114.7299935,0.000082,,0x00
"ch1","data",114.7300805,0.000082,,0x16
"ch1","data",114.730167,0.000082,,0x25
"ch1","data",114.730254,0.000082,,0x61
"ch1","data",114.7303405,0.000082,,0x07
"ch1","data",114.7304275,0.000082,,0x73
"ch1","data",114.730514,0.000082,,0x62
"ch1","data",114.730601,0.000082,,0x00
"ch1","data",114.7306875,0.000082,,0x00
"ch1","data",114.7307745,0.000082,,0xFF
"ch1","data",114.730861,0.000082,,0x04
"ch1","data",114.730948,0.000082,,0xFF
"ch1","data",114.7310345,0.000082,,0x0F
"ch1","data",114.7311215,0.000082,,0x04
"ch1","data",114.731208,0.000082,,0x40
"ch1","data",114.731295,0.000082,,0x0C
"ch1","data",114.7313815,0.000082,,0xFE
"ch1","data",114.7314685,0.000082,,0x00
"ch1","data",114.731555,0.000082,,0x00
"ch1","data",114.731642,0.000082,,0x00
"ch1","data",114.7317285,0.000082,,0x01
"ch1","data",114.7318155,0.000082,,0x00
"ch1","data",114.731902,0.000082,,0x13
"ch1","data",114.731989,0.000082,,0x00
"ch1","data",114.7320755,0.000082,,0x00
"ch1","data",114.7321625,0.000082,,0x2C
"ch1","data",114.732249,0.000082,,0xCC
"ch1","data",114.732336,0.000082,,0xBF
"ch1","data",114.7324225,0.000082,,0xCF
"ch1","data",114.7325095,0.000082,,0x7D
"ch1","data",114.732596,0.000082,,0x0D
"ch1","data",114.732683,0.000082,,0x0A
"ch1","data",114.7327695,0.000082,,0x0D
"ch1","data",114.7328565,0.000082,,0x0A
"ch1","data",114.732943,0.000082,,0x0D
"ch1","data",114.73303,0.000082,,0x0A
"ch1","data",114.7331165,0.000082,,0x00
"ch1","data",114.7332035,0.000082,,0x7B
"ch1","data",114.73329,0.000082,,0x0C
"ch1","data",114.733377,0.000082,,0x00
"ch1","data",114.7334635,0.000082,,0x01
"ch1","data",114.7335505,0.000082,,0x00
"ch1","data",114.733637,0.000082,,0x03
"ch1","data",114.733724,0.000082,,0x00
"ch1","data",114.7338105,0.000082,,0x01
"ch1","data",114.7338975,0.000082,,0x00
"ch1","data",114.733984,0.000082,,0x00
"ch1","data",114.734071,0.000082,,0x00
"ch1","data",114.7341575,0.000082,,0xB0
"ch1","data",114.7342445,0.000082,,0xC0
"ch1","data",114.734331,0.000082,,0x7D
"ch1","data",114.734418,0.000082,,0x0D
"ch1","data",114.7345045,0.000082,,0x0A
"ch0","data",120.6568395,0.000082,,0xDD
"ch0","data",120.656924,0.000082,,0x02
"ch0","data",120.6570085,0.000082,,0x00
"ch0","data",120.6570935,0.000082,,0x3B
"ch0","data",120.657178,0.000082,,0x00
"ch0","data",120.6572625,0.000082,,0x7B
"ch0","data",120.6573475,0.000082,,0x38
"ch0","data",120.657432,0.000082,,0x00
"ch0","data",120.657517,0.000082,,0x11
"ch0","data",120.6576015,0.000082,,0x00
"ch0","data",120.657686,0.000082,,0x01
"ch0","data",120.657771,0.000082,,0x00
"ch0","data",120.6578555,0.000082,,0x00
"ch0","data",120.65794,0.000082,,0x00
"ch0","data",120.6580245,0.000082,,0x01
"ch0","data",120.6581095,0.000082,,0x00
"ch0","data",120.658194,0.000082,,0x46
"ch0","data",120.6582785,0.000082,,0x81
"ch0","data",120.6583635,0.000082,,0x9E
"ch0","data",120.658448,0.000082,,0xE3
"ch0","data",120.658533,0.000082,,0x00
"ch0","data",120.6586175,0.000082,,0x1D
"ch0","data",120.658702,0.000082,,0x00
"ch0","data",120.6587865,0.000082,,0x0F
"ch0","data",120.658871,0.000082,,0x20
"ch0","data",120.658956,0.000082,,0x00
"ch0","data",120.6590405,0.000082,,0xCE
"ch0","data",120.6591245,0.000082,,0x0A
"ch0","data",120.6592095,0.000082,,0xA5
"ch0","data",120.659294,0.000082,,0x27
"ch0","data",120.6593785,0.000082,,0x56
"ch0","data",120.659463,0.000082,,0x91
"ch0","data",120.6595475,0.000082,,0x00
"ch0","data",120.6596325,0.000082,,0x00
"ch0","data",120.659717,0.000082,,0x00
"ch0","data",120.6598015,0.000082,,0x00
"ch0","data",120.659886,0.000082,,0x00
"ch0","data",120.659971,0.000082,,0x00
"ch0","data",120.6600555,0.000082,,0x61
"ch0","data",120.6601405,0.000082,,0x07
"ch0","data",120.660225,0.000082,,0x73
"ch0","data",120.6603095,0.000082,,0x62
"ch0","data",120.6603945,0.000082,,0x29
"ch0","data",120.660479,0.000082,,0x00
"ch0","data",120.6605635,0.000082,,0x60
"ch0","data",120.6606485,0.000082,,0x00
"ch0","data",120.660733,0.000082,,0x00
"ch0","data",120.660818,0.000082,,0x88
"ch0","data",120.6609025,0.000082,,0x00
"ch0","data",120.660987,0.000082,,0x00
"ch0","data",120.661072,0.000082,,0x98
"ch0","data",120.6611565,0.000082,,0x00
"ch0","data",120.6612415,0.000082,,0x9F
"ch0","data",120.661326,0.000082,,0x00
"ch0","data",120.6614105,0.000082,,0x09
"ch0","data",120.6614955,0.000082,,0x00
"ch0","data",120.66158,0.000082,,0x00
"ch0","data",120.6616645,0.000082,,0x00
"ch0","data",120.6617495,0.000082,,0x2E
"ch0","data",120.661834,0.000082,,0x0E
"ch0","data",120.661919,0.000082,,0x06
"ch0","data",120.6620035,0.000082,,0x46
"ch0","data",120.662088,0.000082,,0x7D
"ch0","data",120.662173,0.000082,,0xDD
"ch0","data",120.6622575,0.000082,,0x02
"ch0","data",120.662342,0.000082,,0x00
"ch0","data",120.662427,0.000082,,0x0F
"ch0","data",120.6625115,0.000082,,0x00
"ch0","data",120.6625965,0.000082,,0x7B
"ch0","data",120.662681,0.000082,,0x0C
"ch0","data",120.6627655,0.000082,,0x00
"ch0","data",120.6628505,0.000082,,0x11
"ch0","data",120.662935,0.000082,,0x00
"ch0","data",120.66302,0.000082,,0x00
"ch0","data",120.6631045,0.000082,,0x00
"ch0","data",120.663189,0.000082,,0x00
"ch0","data",120.663274,0.000082,,0x00
"ch0","data",120.6633585,0.000082,,0x01
"ch0","data",120.6634435,0.000082,,0x00
"ch0","data",120.663528,0.000082,,0x61
"ch0","data",120.6636125,0.000082,,0x76
"ch0","data",120.6636975,0.000082,,0x7D
"ch1","data",120.9645775,0.000082,,0x0D
"ch1","data",120.964664,0.000082,,0x0A
"ch1","data",120.964751,0.000082,,0x00
"ch1","data",120.9648375,0.000082,,0x7B
"ch1","data",120.9649245,0.000082,,0x38
"ch1","data",120.965011,0.000082,,0x00
"ch1","data",120.965098,0.000082,,0x01
"ch1","data",120.9651845,0.000082,,0x00
"ch1","data",120.9652715,0.000082,,0x05
"ch1","data",120.965358,0.000082,,0x00
"ch1","data",120.965445,0.000082,,0x01
"ch1","data",120.9655315,0.000082,,0x00
"ch1","data",120.9656185,0.000082,,0x00
"ch1","data",120.965705,0.000082,,0x00
"ch1","data",120.965792,0.000082,,0x46
"ch1","data",120.9658785,0.000082,,0x81
"ch1","data",120.9659655,0.000082,,0x9E
"ch1","data",120.966052,0.000082,,0xE3
"ch1","data",120.966139,0.000082,,0x00
"ch1","data",120.9662255,0.000082,,0x1D
"ch1","data",120.9663125,0.000082,,0x00
"ch1","data",120.966399,0.000082,,0x0F
"ch1","data",120.966486,0.000082,,0x00
"ch1","data",120.9665725,0.000082,,0x01
"ch1","data",120.9666595,0.000082,,0x00
"ch1","data",120.966746,0.000082,,0x00
"ch1","data",120.966833,0.000082,,0x00
"ch1","data",120.9669195,0.000082,,0x00
"ch1","data",120.9670065,0.000082,,0x00
"ch1","data",120.967093,0.000082,,0x00
"ch1","data",120.96718,0.000082,,0x09
"ch1","data",120.9672665,0.000082,,0x00
"ch1","data",120.9673535,0.000082,,0x16
"ch1","data",120.96744,0.000082,,0x25
"ch1","data",120.967527,0.000082,,0x61
"ch1","data",120.9676135,0.000082,,0x07
"ch1","data",120.9677005,0.000082,,0x73
"ch1","data",120.967787,0.000082,,0x62
"ch1","data",120.967874,0.000082,,0x00
"ch1","data",120.9679605,0.000082,,0x00
"ch1","data",120.9680475,0.000082,,0xFF
"ch1","data",120.968134,0.000082,,0x04
"ch1","data",120.968221,0.000082,,0xFF
"ch1","data",120.9683075,0.000082,,0x0F
"ch1","data",120.9683945,0.000082,,0x04
"ch1","data",120.968481,0.000082,,0x40
"ch1","data",120.968568,0.000082,,0x0C
"ch1","data",120.9686545,0.000082,,0xFE
"ch1","data",120.9687415,0.000082,,0x00
"ch1","data",120.968828,0.000082,,0x00
"ch1","data",120.968915,0.000082,,0x00
"ch1","data",120.9690015,0.000082,,0x01
"ch1","data",120.9690885,0.000082,,0x00
"ch1","data",120.969175,0.000082,,0x13
"ch1","data",120.969262,0.000082,,0x00
"ch1","data",120.9693485,0.000082,,0x00
"ch1","data",120.9694355,0.000082,,0x2C
"ch1","data",120.969522,0.000082,,0xCC
"ch1","data",120.969609,0.000082,,0xBF
"ch1","data",120.9696955,0.000082,,0xCF
"ch1","data",120.9697825,0.000082,,0x7D
"ch1","data",120.969869,0.000082,,0x0D
"ch1","data",120.969956,0.000082,,0x0A
"ch1","data",120.9700425,0.000082,,0x0D
"ch1","data",120.9701295,0.000082,,0x0A
"ch1","data",120.970216,0.000082,,0x0D
"ch1","data",120.970303,0.000082,,0x0A
"ch1","data",120.9703895,0.000082,,0x00
"ch1","data",120.9704765,0.000082,,0x7B
"ch1","data",120.970563,0.000082,,0x0C
"ch1","data",120.97065,0.000082,,0x00
"ch1","data",120.9707365,0.000082,,0x01
"ch1","data",120.9708235,0.000082,,0x00
"ch1","data",120.97091,0.000082,,0x03
"ch1","data",120.970997,0.000082,,0x00
"ch1","data",120.9710835,0.000082,,0x01
"ch1","data",120.9711705,0.000082,,0x00
"ch1","data",120.971257,0.000082,,0x00
"ch1","data",120.971344,0.000082,,0x00
"ch1","data",120.9714305,0.000082,,0xB0
"ch1","data",120.9715175,0.000082,,0xC0
"ch1","data",120.971604,0.000082,,0x7D
"ch1","data",120.971691,0.000082,,0x0D
"ch1","data",120.9717775,0.000082,,0x0A
"ch0","data",126.2279885,0.000082,,0xDD
"ch0","data",126.2280735,0.000082,,0x01
"ch0","data",126.228158,0.000082,,0x00
"ch0","data",126.2282425,0.000082,,0x0A
"ch0","data",126.2283275,0.000082,,0x50
"ch0","data",126.228412,0.000082,,0x65
"ch0","data",126.228497,0.000082,,0x65
"ch0","data",126.2285815,0.000082,,0x72
"ch0","data",126.228666,0.000082,,0x20
"ch0","data",126.228751,0.000082,,0x61
"ch0","data",126.2288355,0.000082,,0x64
"ch0","data",126.22892,0.000082,,0x64
"ch0","data",126.229005,0.000082,,0x65
"ch0","data",126.2290895,0.000082,,0x64
"ch0","data",127.0089185,0.000082,,0xDD
"ch0","data",127.009003,0.000082,,0x02
"ch0","data",127.009088,0.000082,,0x00
"ch0","data",127.0091725,0.000082,,0x3B
"ch0","data",127.009257,0.000082,,0x00
"ch0","data",127.009342,0.000082,,0x7B
"ch0","data",127.0094265,0.000082,,0x38
"ch0","data",127.0095115,0.000082,,0x00
"ch0","data",127.009596,0.000082,,0x11
"ch0","data",127.009681,0.000082,,0x00
"ch0","data",127.0097655,0.000082,,0x01
"ch0","data",127.00985,0.000082,,0x00
"ch0","data",127.009935,0.000082,,0x00
"ch0","data",127.0100195,0.000082,,0x00
"ch0","data",127.010104,0.000082,,0x01
"ch0","data",127.010189,0.000082,,0x00
"ch0","data",127.0102735,0.000082,,0x46
"ch0","data",127.010358,0.000082,,0x81
"ch0","data",127.010443,0.000082,,0x9E
"ch0","data",127.0105275,0.000082,,0xE3
"ch0","data",127.0106125,0.000082,,0x00
"ch0","data",127.010697,0.000082,,0x1D
"ch0","data",127.0107815,0.000082,,0x00
"ch0","data",127.0108665,0.000082,,0x0F
"ch0","data",127.010951,0.000082,,0x20
"ch0","data",127.0110355,0.000082,,0x00
"ch0","data",127.0111205,0.000082,,0xDE
"ch0","data",127.011205,0.000082,,0x0A
"ch0","data",127.01129,0.000082,,0xA5
"ch0","data",127.0113745,0.000082,,0x27
"ch0","data",127.011459,0.000082,,0x56
"ch0","data",127.011544,0.000082,,0x9B
"ch0","data",127.0116285,0.000082,,0x00
"ch0","data",127.011713,0.000082,,0x00
"ch0","data",127.011798,0.000082,,0x00
"ch0","data",127.0118825,0.000082,,0x00
"ch0","data",127.0119675,0.000082,,0x00
"ch0","data",127.012052,0.000082,,0x00
"ch0","data",127.0121365,0.000082,,0x61
"ch0","data",127.0122215,0.000082,,0x07
"ch0","data",127.012306,0.000082,,0x73
"ch0","data",127.012391,0.000082,,0x62
"ch0","data",127.0124755,0.000082,,0x29
"ch0","data",127.01256,0.000082,,0x00
"ch0","data",127.012645,0.000082,,0x68
"ch0","data",127.0127295,0.000082,,0x00
"ch0","data",127.0128145,0.000082,,0x00
"ch0","data",127.012899,0.000082,,0x88
"ch0","data",127.0129835,0.000082,,0x00
"ch0","data",127.0130685,0.000082,,0x00
"ch0","data",127.013153,0.000082,,0x98
"ch0","data",127.0132375,0.000082,,0x00
"ch0","data",127.0133225,0.000082,,0x9F
"ch0","data",127.013407,0.000082,,0x00
"ch0","data",127.013492,0.000082,,0x09
"ch0","data",127.0135765,0.000082,,0x00
"ch0","data",127.013661,0.000082,,0x00
"ch0","data",127.013746,0.000082,,0x00
"ch0","data",127.0138305,0.000082,,0x2E
"ch0","data",127.0139155,0.000082,,0x0E
"ch0","data",127.014,0.000082,,0xC0
"ch0","data",127.0140845,0.000082,,0x02
"ch0","data",127.0141695,0.000082,,0x7D
"ch0","data",127.014254,0.000082,,0xDD
"ch0","data",127.0143385,0.000082,,0x02
"ch0","data",127.0144235,0.000082,,0x00
"ch0","data",127.014508,0.000082,,0x0F
"ch0","data",127.014593,0.000082,,0x00
"ch0","data",127.0146775,0.000082,,0x7B
"ch0","data",127.014762,0.000082,,0x0C
"ch0","data",127.014847,0.000082,,0x00
"ch0","data",127.0149315,0.000082,,0x11
"ch0","data",127.015016,0.000082,,0x00
"ch0","data",127.015101,0.000082,,0x00
"ch0","data",127.0151855,0.000082,,0x00
"ch0","data",127.0152705,0.000082,,0x00
"ch0","data",127.015355,0.000082,,0x00
"ch0","data",127.0154395,0.000082,,0x01
"ch0","data",127.0155245,0.000082,,0x00
"ch0","data",127.015609,0.000082,,0x61
"ch0","data",127.015694,0.000082,,0x76
"ch0","data",127.0157785,0.000082,,0x7D
"ch0","data",127.015863,0.000082,,0xDD
"ch0","data",127.015948,0.000082,,0x02
"ch0","data",127.0160325,0.000082,,0x00
"ch0","data",127.016117,0.000082,,0x0F
"ch0","data",127.016202,0.000082,,0x00
"ch0","data",127.0162865,0.000082,,0x7B
"ch0","data",127.016371,0.000082,,0x0C
"ch0","data",127.016456,0.000082,,0x00
"ch0","data",127.0165405,0.000082,,0x11
"ch0","data",127.016625,0.000082,,0x00
"ch0","data",127.0167095,0.000082,,0x0B
"ch0","data",127.0167945,0.000082,,0x00
"ch0","data",127.016879,0.000082,,0x00
"ch0","data",127.0169635,0.000082,,0x00
"ch0","data",127.0170485,0.000082,,0x01
"ch0","data",127.017133,0.000082,,0x00
"ch0","data",127.017218,0.000082,,0xC3
"ch0","data",127.0173025,0.000082,,0xB5
"ch0","data",127.017387,0.000082,,0x7D
"ch1","data",127.3639165,0.000082,,0x0D
"ch1","data",127.364003,0.000082,,0x0A
"ch1","data",127.36409,0.000082,,0x00
"ch1","data",127.3641765,0.000082,,0x7B
"ch1","data",127.3642635,0.000082,,0x38
"ch1","data",127.36435,0.000082,,0x00
"ch1","data",127.364437,0.000082,,0x01
"ch1","data",127.3645235,0.000082,,0x00
"ch1","data",127.3646105,0.000082,,0x05
"ch1","data",127.364697,0.000082,,0x00
"ch1","data",127.364784,0.000082,,0x01
"ch1","data",127.3648705,0.000082,,0x00
"ch1","data",127.3649575,0.000082,,0x00
"ch1","data",127.365044,0.000082,,0x00
"ch1","data",127.365131,0.000082,,0x46
"ch1","data",127.3652175,0.000082,,0x81
"ch1","data",127.3653045,0.000082,,0x9E
"ch1","data",127.365391,0.000082,,0xE3
"ch1","data",127.365478,0.000082,,0x00
"ch1","data",127.3655645,0.000082,,0x1D
"ch1","data",127.3656515,0.000082,,0x00
"ch1","data",127.365738,0.000082,,0x0F
"ch1","data",127.365825,0.000082,,0x00
"ch1","data",127.3659115,0.000082,,0x01
"ch1","data",127.3659985,0.000082,,0x00
"ch1","data",127.366085,0.000082,,0x00
"ch1","data",127.366172,0.000082,,0x00
"ch1","data",127.3662585,0.000082,,0x00
"ch1","data",127.3663455,0.000082,,0x00
"ch1","data",127.366432,0.000082,,0x00
"ch1","data",127.366519,0.000082,,0x09
"ch1","data",127.3666055,0.000082,,0x00
"ch1","data",127.3666925,0.000082,,0x16
"ch1","data",127.366779,0.000082,,0x25
"ch1","data",127.366866,0.000082,,0x61
"ch1","data",127.3669525,0.000082,,0x07
"ch1","data",127.3670395,0.000082,,0x73
"ch1","data",127.367126,0.000082,,0x62
"ch1","data",127.367213,0.000082,,0x00
"ch1","data",127.3672995,0.000082,,0x00
"ch1","data",127.3673865,0.000082,,0xFF
"ch1","data",127.367473,0.000082,,0x04
"ch1","data",127.36756,0.000082,,0xFF
"ch1","data",127.3676465,0.000082,,0x0F
"ch1","data",127.3677335,0.000082,,0x04
"ch1","data",127.36782,0.000082,,0x40
"ch1","data",127.367907,0.000082,,0x0C
"ch1","data",127.3679935,0.000082,,0xFE
"ch1","data",127.3680805,0.000082,,0x00
"ch1","data",127.368167,0.000082,,0x00
"ch1","data",127.368254,0.000082,,0x00
"ch1","data",127.3683405,0.000082,,0x01
"ch1","data",127.3684275,0.000082,,0x00
"ch1","data",127.368514,0.000082,,0x13
"ch1","data",127.368601,0.000082,,0x00
"ch1","data",127.3686875,0.000082,,0x00
"ch1","data",127.3687745,0.000082,,0x2C
"ch1","data",127.368861,0.000082,,0xCC
"ch1","data",127.368948,0.000082,,0xBF
"ch1","data",127.3690345,0.000082,,0xCF
"ch1","data",127.3691215,0.000082,,0x7D
"ch1","data",127.369208,0.000082,,0x0D
"ch1","data",127.369295,0.000082,,0x0A
"ch1","data",127.3693815,0.000082,,0x0D
"ch1","data",127.3694685,0.000082,,0x0A
"ch1","data",127.369555,0.000082,,0x0D
"ch1","data",127.369642,0.000082,,0x0A
"ch1","data",127.3697285,0.000082,,0x00
"ch1","data",127.3698155,0.000082,,0x7B
"ch1","data",127.369902,0.000082,,0x0C
"ch1","data",127.369989,0.000082,,0x00
"ch1","data",127.3700755,0.000082,,0x01
"ch1","data",127.3701625,0.000082,,0x00
"ch1","data",127.370249,0.000082,,0x03
"ch1","data",127.370336,0.000082,,0x00
"ch1","data",127.3704225,0.000082,,0x01
"ch1","data",127.370509,0.000082,,0x00
"ch1","data",127.370596,0.000082,,0x00
"ch1","data",127.3706825,0.000082,,0x00
"ch1","data",127.3707695,0.000082,,0xB0
"ch1","data",127.370856,0.000082,,0xC0
"ch1","data",127.370943,0.000082,,0x7D
"ch1","data",127.3710295,0.000082,,0x0D
"ch1","data",127.3711165,0.000082,,0x0A
"ch1","data",128.082892,0.000082,,0x0D
"ch1","data",128.0829785,0.000082,,0x0A
"ch1","data",128.0830655,0.000082,,0x00
"ch1","data",128.083152,0.000082,,0x7B
"ch1","data",128.083239,0.000082,,0x0C
"ch1","data",128.0833255,0.000082,,0x00
"ch1","data",128.0834125,0.000082,,0x01
"ch1","data",128.083499,0.000082,,0x00
"ch1","data",128.083586,0.000082,,0x03
"ch1","data",128.0836725,0.000082,,0x00
"ch1","data",128.0837595,0.000082,,0x01
"ch1","data",128.083846,0.000082,,0x00
"ch1","data",128.0839325,0.000082,,0x00
"ch1","data",128.0840195,0.000082,,0x00
"ch1","data",128.084106,0.000082,,0xB0
"ch1","data",128.084193,0.000082,,0xC0
"ch1","data",128.0842795,0.000082,,0x7D
"ch1","data",128.0843665,0.000082,,0x0D
"ch1","data",128.084453,0.000082,,0x0A
"ch0","data",133.0900575,0.000082,,0xDD
"ch0","data",133.0901425,0.000082,,0x02
"ch0","data",133.090227,0.000082,,0x00
"ch0","data",133.0903115,0.000082,,0x3B
"ch0","data",133.090396,0.000082,,0x00
"ch0","data",133.090481,0.000082,,0x7B
"ch0","data",133.0905655,0.000082,,0x38
"ch0","data",133.09065,0.000082,,0x00
"ch0","data",133.0907345,0.000082,,0x11
"ch0","data",133.0908195,0.000082,,0x00
"ch0","data",133.090904,0.000082,,0x01
"ch0","data",133.0909885,0.000082,,0x00
"ch0","data",133.0910735,0.000082,,0x00
"ch0","data",133.091158,0.000082,,0x00
"ch0","data",133.0912425,0.000082,,0x01
"ch0","data",133.0913275,0.000082,,0x00
"ch0","data",133.091412,0.000082,,0x46
"ch0","data",133.0914965,0.000082,,0x81
"ch0","data",133.091581,0.000082,,0x9E
"ch0","data",133.091666,0.000082,,0xE3
"ch0","data",133.0917505,0.000082,,0x00
"ch0","data",133.091835,0.000082,,0x1D
"ch0","data",133.09192,0.000082,,0x00
"ch0","data",133.0920045,0.000082,,0x0F
"ch0","data",133.092089,0.000082,,0x20
"ch0","data",133.0921735,0.000082,,0x00
"ch0","data",133.0922585,0.000082,,0xDE
"ch0","data",133.092343,0.000082,,0x0A
"ch0","data",133.0924275,0.000082,,0xA5
"ch0","data",133.092512,0.000082,,0x27
"ch0","data",133.0925965,0.000082,,0x56
"ch0","data",133.092681,0.000082,,0x9B
"ch0","data",133.0927655,0.000082,,0x00
"ch0","data",133.09285,0.000082,,0x00
"ch0","data",133.0929345,0.000082,,0x00
"ch0","data",133.093019,0.000082,,0x00
"ch0","data",133.0931035,0.000082,,0x00
"ch0","data",133.093188,0.000082,,0x00
"ch0","data",133.0932725,0.000082,,0x61
"ch0","data",133.0933575,0.000082,,0x07
"ch0","data",133.093442,0.000082,,0x73
"ch0","data",133.0935265,0.000082,,0x62
"ch0","data",133.093611,0.000082,,0x29
"ch0","data",133.0936955,0.000082,,0x00
"ch0","data",133.09378,0.000082,,0x68
"ch0","data",133.0938645,0.000082,,0x00
"ch0","data",133.0939495,0.000082,,0x00
"ch0","data",133.094034,0.000082,,0x88
"ch0","data",133.0941185,0.000082,,0x00
"ch0","data",133.094203,0.000082,,0x00
"ch0","data",133.094288,0.000082,,0x98
"ch0","data",133.0943725,0.000082,,0x00
"ch0","data",133.094457,0.000082,,0x9F
"ch0","data",133.094542,0.000082,,0x00
"ch0","data",133.0946265,0.000082,,0x09
"ch0","data",133.094711,0.000082,,0x00
"ch0","data",133.094796,0.000082,,0x00
"ch0","data",133.0948805,0.000082,,0x00
"ch0","data",133.094965,0.000082,,0x2E
"ch0","data",133.0950495,0.000082,,0x0E
"ch0","data",133.0951345,0.000082,,0xC0
"ch0","data",133.095219,0.000082,,0x02
"ch0","data",133.0953035,0.000082,,0x7D
"ch0","data",133.095388,0.000082,,0xDD
"ch0","data",133.095473,0.000082,,0x02
"ch0","data",133.0955575,0.000082,,0x00
"ch0","data",133.095642,0.000082,,0x0F
"ch0","data",133.0957265,0.000082,,0x00
"ch0","data",133.0958115,0.000082,,0x7B
"ch0","data",133.095896,0.000082,,0x0C
"ch0","data",133.0959805,0.000082,,0x00
"ch0","data",133.096065,0.000082,,0x11
"ch0","data",133.0961495,0.000082,,0x00
"ch0","data",133.096234,0.000082,,0x00
"ch0","data",133.0963185,0.000082,,0x00
"ch0","data",133.096403,0.000082,,0x00
"ch0","data",133.096488,0.000082,,0x00
"ch0","data",133.0965725,0.000082,,0x01
"ch0","data",133.096657,0.000082,,0x00
"ch0","data",133.096742,0.000082,,0x61
"ch0","data",133.0968265,0.000082,,0x76
"ch0","data",133.096911,0.000082,,0x7D
"ch1","data",133.6208245,0.000082,,0x0D
"ch1","data",133.6209115,0.000082,,0x0A
"ch1","data",133.620998,0.000082,,0x00
"ch1","data",133.621085,0.000082,,0x7B
"ch1","data",133.6211715,0.000082,,0x38
"ch1","data",133.6212585,0.000082,,0x00
"ch1","data",133.621345,0.000082,,0x01
"ch1","data",133.621432,0.000082,,0x00
"ch1","data",133.6215185,0.000082,,0x05
"ch1","data",133.6216055,0.000082,,0x00
"ch1","data",133.621692,0.000082,,0x01
"ch1","data",133.621779,0.000082,,0x00
"ch1","data",133.6218655,0.000082,,0x00
"ch1","data",133.6219525,0.000082,,0x00
"ch1","data",133.622039,0.000082,,0x46
"ch1","data",133.622126,0.000082,,0x81
"ch1","data",133.6222125,0.000082,,0x9E
"ch1","data",133.6222995,0.000082,,0xE3
"ch1","data",133.622386,0.000082,,0x00
"ch1","data",133.622473,0.000082,,0x1D
"ch1","data",133.6225595,0.000082,,0x00
"ch1","data",133.6226465,0.000082,,0x0F
"ch1","data",133.622733,0.000082,,0x00
"ch1","data",133.62282,0.000082,,0x01
"ch1","data",133.6229065,0.000082,,0x00
"ch1","data",133.6229935,0.000082,,0x00
"ch1","data",133.62308,0.000082,,0x00
"ch1","data",133.623167,0.000082,,0x00
"ch1","data",133.6232535,0.000082,,0x00
"ch1","data",133.6233405,0.000082,,0x00
"ch1","data",133.623427,0.000082,,0x09
"ch1","data",133.623514,0.000082,,0x00
"ch1","data",133.6236005,0.000082,,0x16
"ch1","data",133.6236875,0.000082,,0x25
"ch1","data",133.623774,0.000082,,0x61
"ch1","data",133.623861,0.000082,,0x07
"ch1","data",133.6239475,0.000082,,0x73
"ch1","data",133.6240345,0.000082,,0x62
"ch1","data",133.624121,0.000082,,0x00
"ch1","data",133.624208,0.000082,,0x00
"ch1","data",133.6242945,0.000082,,0xFF
"ch1","data",133.6243815,0.000082,,0x04
"ch1","data",133.624468,0.000082,,0xFF
"ch1","data",133.624555,0.000082,,0x0F
"ch1","data",133.6246415,0.000082,,0x04
"ch1","data",133.6247285,0.000082,,0x40
"ch1","data",133.624815,0.000082,,0x0C
"ch1","data",133.624902,0.000082,,0xFE
"ch1","data",133.6249885,0.000082,,0x00
"ch1","data",133.6250755,0.000082,,0x00
"ch1","data",133.625162,0.000082,,0x00
"ch1","data",133.625249,0.000082,,0x01
"ch1","data",133.6253355,0.000082,,0x00
"ch1","data",133.6254225,0.000082,,0x13
"ch1","data",133.625509,0.000082,,0x00
"ch1","data",133.625596,0.000082,,0x00
"ch1","data",133.6256825,0.000082,,0x2C
"ch1","data",133.6257695,0.000082,,0xCC
"ch1","data",133.625856,0.000082,,0xBF
"ch1","data",133.625943,0.000082,,0xCF
"ch1","data",133.6260295,0.000082,,0x7D
"ch1","data",133.6261165,0.000082,,0x0D
"ch1","data",133.626203,0.000082,,0x0A
"ch1","data",133.62629,0.000082,,0x0D
"ch1","data",133.6263765,0.000082,,0x0A
"ch1","data",133.6264635,0.000082,,0x0D
"ch1","data",133.62655,0.000082,,0x0A
"ch1","data",133.626637,0.000082,,0x00
"ch1","data",133.6267235,0.000082,,0x7B
"ch1","data",133.6268105,0.000082,,0x0C
"ch1","data",133.626897,0.000082,,0x00
"ch1","data",133.626984,0.000082,,0x01
"ch1","data",133.6270705,0.000082,,0x00
"ch1","data",133.6271575,0.000082,,0x03
"ch1","data",133.627244,0.000082,,0x00
"ch1","data",133.627331,0.000082,,0x01
"ch1","data",133.6274175,0.000082,,0x00
"ch1","data",133.6275045,0.000082,,0x00
"ch1","data",133.627591,0.000082,,0x00
"ch1","data",133.627678,0.000082,,0xB0
"ch1","data",133.6277645,0.000082,,0xC0
"ch1","data",133.6278515,0.000082,,0x7D
"ch1","data",133.627938,0.000082,,0x0D
"ch1","data",133.628025,0.000082,,0x0A
"ch0","data",139.3067285,0.000082,,0xDD
"ch0","data",139.306813,0.000082,,0x02
"ch0","data",139.3068975,0.000082,,0x00
"ch0","data",139.3069825,0.000082,,0x3B
"ch0","data",139.307067,0.000082,,0x00
"ch0","data",139.307152,0.000082,,0x7B
"ch0","data",139.3072365,0.000082,,0x38
"ch0","data",139.307321,0.000082,,0x00
"ch0","data",139.307406,0.000082,,0x11
"ch0","data",139.3074905,0.000082,,0x00
"ch0","data",139.3075755,0.000082,,0x01
"ch0","data",139.30766,0.000082,,0x00
"ch0","data",139.3077445,0.000082,,0x00
"ch0","data",139.3078295,0.000082,,0x00
"ch0","data",139.307914,0.000082,,0x01
"ch0","data",139.307999,0.000082,,0x00
"ch0","data",139.3080835,0.000082,,0x46
"ch0","data",139.308168,0.000082,,0x81
"ch0","data",139.3082525,0.000082,,0x9E
"ch0","data",139.3083375,0.000082,,0xE3
"ch0","data",139.308422,0.000082,,0x00
"ch0","data",139.308507,0.000082,,0x1D
"ch0","data",139.3085915,0.000082,,0x00
"ch0","data",139.308676,0.000082,,0x0F
"ch0","data",139.308761,0.000082,,0x20
"ch0","data",139.3088455,0.000082,,0x00
"ch0","data",139.3089305,0.000082,,0xDE
"ch0","data",139.309015,0.000082,,0x0A
"ch0","data",139.3090995,0.000082,,0xA5
"ch0","data",139.3091845,0.000082,,0x27
"ch0","data",139.309269,0.000082,,0x56
"ch0","data",139.309354,0.000082,,0x9B
"ch0","data",139.3094385,0.000082,,0x00
"ch0","data",139.3095235,0.000082,,0x00
"ch0","data",139.309608,0.000082,,0x00
"ch0","data",139.3096925,0.000082,,0x00
"ch0","data",139.309777,0.000082,,0x00
"ch0","data",139.309862,0.000082,,0x00
"ch0","data",139.3099465,0.000082,,0x61
"ch0","data",139.3100315,0.000082,,0x07
"ch0","data",139.310116,0.000082,,0x73
"ch0","data",139.3102005,0.000082,,0x62
"ch0","data",139.3102855,0.000082,,0x29
"ch0","data",139.31037,0.000082,,0x00
"ch0","data",139.310455,0.000082,,0x68
"ch0","data",139.3105395,0.000082,,0x00
"ch0","data",139.310624,0.000082,,0x00
"ch0","data",139.310709,0.000082,,0x88
"ch0","data",139.3107935,0.000082,,0x00
"ch0","data",139.310878,0.000082,,0x00
"ch0","data",139.3109625,0.000082,,0x98
"ch0","data",139.3110475,0.000082,,0x00
"ch0","data",139.311132,0.000082,,0x9F
"ch0","data",139.3112165,0.000082,,0x00
"ch0","data",139.311301,0.000082,,0x09
"ch0","data",139.3113855,0.000082,,0x00
"ch0","data",139.3114705,0.000082,,0x00
"ch0","data",139.311555,0.000082,,0x00
"ch0","data",139.31164,0.000082,,0x2E
"ch0","data",139.3117245,0.000082,,0x0E
"ch0","data",139.311809,0.000082,,0xC0
"ch0","data",139.311894,0.000082,,0x02
"ch0","data",139.3119785,0.000082,,0x7D
"ch0","data",139.3120635,0.000082,,0xDD
"ch0","data",139.312148,0.000082,,0x02
"ch0","data",139.3122325,0.000082,,0x00
"ch0","data",139.3123175,0.000082,,0x0F
"ch0","data",139.312402,0.000082,,0x00
"ch0","data",139.312487,0.000082,,0x7B
"ch0","data",139.3125715,0.000082,,0x0C
"ch0","data",139.312656,0.000082,,0x00
"ch0","data",139.312741,0.000082,,0x11
"ch0","data",139.3128255,0.000082,,0x00
"ch0","data",139.31291,0.000082,,0x00
"ch0","data",139.312995,0.000082,,0x00
"ch0","data",139.3130795,0.000082,,0x00
"ch0","data",139.3131645,0.000082,,0x00
"ch0","data",139.313249,0.000082,,0x01
"ch0","data",139.3133335,0.000082,,0x00
"ch0","data",139.3134185,0.000082,,0x61
"ch0","data",139.313503,0.000082,,0x76
"ch0","data",139.313588,0.000082,,0x7D
"ch1","data",139.652129,0.000082,,0x0D
"ch1","data",139.6522155,0.000082,,0x0A
"ch1","data",139.6523025,0.000082,,0x00
"ch1","data",139.652389,0.000082,,0x7B
"ch1","data",139.652476,0.000082,,0x38
"ch1","data",139.6525625,0.000082,,0x00
"ch1","data",139.6526495,0.000082,,0x01
"ch1","data",139.652736,0.000082,,0x00
"ch1","data",139.652823,0.000082,,0x05
"ch1","data",139.6529095,0.000082,,0x00
"ch1","data",139.6529965,0.000082,,0x01
"ch1","data",139.653083,0.000082,,0x00
"ch1","data",139.65317,0.000082,,0x00
"ch1","data",139.6532565,0.000082,,0x00
"ch1","data",139.6533435,0.000082,,0x46
"ch1","data",139.65343,0.000082,,0x81
"ch1","data",139.653517,0.000082,,0x9E
"ch1","data",139.6536035,0.000082,,0xE3
"ch1","data",139.6536905,0.000082,,0x00
"ch1","data",139.653777,0.000082,,0x1D
"ch1","data",139.653864,0.000082,,0x00
"ch1","data",139.6539505,0.000082,,0x0F
"ch1","data",139.6540375,0.000082,,0x00
"ch1","data",139.654124,0.000082,,0x01
"ch1","data",139.654211,0.000082,,0x00
"ch1","data",139.6542975,0.000082,,0x00
"ch1","data",139.6543845,0.000082,,0x00
"ch1","data",139.654471,0.000082,,0x00
"ch1","data",139.654558,0.000082,,0x00
"ch1","data",139.6546445,0.000082,,0x00
"ch1","data",139.6547315,0.000082,,0x09
"ch1","data",139.654818,0.000082,,0x00
"ch1","data",139.654905,0.000082,,0x16
"ch1","data",139.6549915,0.000082,,0x25
"ch1","data",139.6550785,0.000082,,0x61
"ch1","data",139.655165,0.000082,,0x07
"ch1","data",139.655252,0.000082,,0x73
"ch1","data",139.6553385,0.000082,,0x62
"ch1","data",139.6554255,0.000082,,0x00
"ch1","data",139.655512,0.000082,,0x00
"ch1","data",139.655599,0.000082,,0xFF
"ch1","data",139.6556855,0.000082,,0x04
"ch1","data",139.6557725,0.000082,,0xFF
"ch1","data",139.655859,0.000082,,0x0F
"ch1","data",139.655946,0.000082,,0x04
"ch1","data",139.6560325,0.000082,,0x40
"ch1","data",139.6561195,0.000082,,0x0C
"ch1","data",139.656206,0.000082,,0xFE
"ch1","data",139.656293,0.000082,,0x00
"ch1","data",139.6563795,0.000082,,0x00
"ch1","data",139.6564665,0.000082,,0x00
"ch1","data",139.656553,0.000082,,0x01
"ch1","data",139.65664,0.000082,,0x00
"ch1","data",139.6567265,0.000082,,0x13
"ch1","data",139.6568135,0.000082,,0x00
"ch1","data",139.6569,0.000082,,0x00
"ch1","data",139.656987,0.000082,,0x2C
"ch1","data",139.6570735,0.000082,,0xCC
"ch1","data",139.65716,0.000082,,0xBF
"ch1","data",139.657247,0.000082,,0xCF
"ch1","data",139.6573335,0.000082,,0x7D
"ch1","data",139.6574205,0.000082,,0x0D
"ch1","data",139.657507,0.000082,,0x0A
"ch1","data",139.657594,0.000082,,0x0D
"ch1","data",139.6576805,0.000082,,0x0A
"ch1","data",139.6577675,0.000082,,0x0D
"ch1","data",139.657854,0.000082,,0x0A
"ch1","data",139.657941,0.000082,,0x00
"ch1","data",139.6580275,0.000082,,0x7B
"ch1","data",139.6581145,0.000082,,0x0C
"ch1","data",139.658201,0.000082,,0x00
"ch1","data",139.658288,0.000082,,0x01
"ch1","data",139.6583745,0.000082,,0x00
"ch1","data",139.6584615,0.000082,,0x03
"ch1","data",139.658548,0.000082,,0x00
"ch1","data",139.658635,0.000082,,0x01
"ch1","data",139.6587215,0.000082,,0x00
"ch1","data",139.6588085,0.000082,,0x00
"ch1","data",139.658895,0.000082,,0x00
"ch1","data",139.658982,0.000082,,0xB0
"ch1","data",139.6590685,0.000082,,0xC0
"ch1","data",139.6591555,0.000082,,0x7D
"ch1","data",139.659242,0.000082,,0x0D
"ch1","data",139.659329,0.000082,,0x0A
"ch0","data",145.523465,0.000082,,0xDD
"ch0","data",145.5235495,0.000082,,0x02
"ch0","data",145.523634,0.000082,,0x00
"ch0","data",145.523719,0.000082,,0x3B
"ch0","data",145.5238035,0.000082,,0x00
"ch0","data",145.5238885,0.000082,,0x7B
"ch0","data",145.523973,0.000082,,0x38
"ch0","data",145.5240575,0.000082,,0x00
"ch0","data",145.5241425,0.000082,,0x11
"ch0","data",145.524227,0.000082,,0x00
"ch0","data",145.5243115,0.000082,,0x01
"ch0","data",145.5243965,0.000082,,0x00
"ch0","data",145.524481,0.000082,,0x00
"ch0","data",145.5245655,0.000082,,0x00
"ch0","data",145.5246505,0.000082,,0x01
"ch0","data",145.524735,0.000082,,0x00
"ch0","data",145.52482,0.000082,,0x46
"ch0","data",145.5249045,0.000082,,0x81
"ch0","data",145.524989,0.000082,,0x9E
"ch0","data",145.525074,0.000082,,0xE3
"ch0","data",145.5251585,0.000082,,0x00
"ch0","data",145.525243,0.000082,,0x1D
"ch0","data",145.525328,0.000082,,0x00
"ch0","data",145.5254125,0.000082,,0x0F
"ch0","data",145.525497,0.000082,,0x20
"ch0","data",145.525582,0.000082,,0x00
"ch0","data",145.5256665,0.000082,,0xDE
"ch0","data",145.5257515,0.000082,,0x0A
"ch0","data",145.525836,0.000082,,0xA5
"ch0","data",145.5259205,0.000082,,0x27
"ch0","data",145.5260055,0.000082,,0x56
"ch0","data",145.52609,0.000082,,0x9B
"ch0","data",145.526175,0.000082,,0x00
"ch0","data",145.5262595,0.000082,,0x00
"ch0","data",145.526344,0.000082,,0x00
"ch0","data",145.526429,0.000082,,0x00
"ch0","data",145.5265135,0.000082,,0x00
"ch0","data",145.526598,0.000082,,0x00
"ch0","data",145.526683,0.000082,,0x61
"ch0","data",145.5267675,0.000082,,0x07
"ch0","data",145.5268525,0.000082,,0x73
"ch0","data",145.526937,0.000082,,0x62
"ch0","data",145.5270215,0.000082,,0x29
"ch0","data",145.527106,0.000082,,0x00
"ch0","data",145.527191,0.000082,,0x68
"ch0","data",145.5272755,0.000082,,0x00
"ch0","data",145.52736,0.000082,,0x00
"ch0","data",145.527445,0.000082,,0x88
"ch0","data",145.5275295,0.000082,,0x00
"ch0","data",145.527614,0.000082,,0x00
"ch0","data",145.527699,0.000082,,0x98
"ch0","data",145.5277835,0.000082,,0x00
"ch0","data",145.527868,0.000082,,0x9F
"ch0","data",145.527953,0.000082,,0x00
"ch0","data",145.5280375,0.000082,,0x09
"ch0","data",145.5281225,0.000082,,0x00
"ch0","data",145.528207,0.000082,,0x00
"ch0","data",145.5282915,0.000082,,0x00
"ch0","data",145.5283765,0.000082,,0x2E
"ch0","data",145.528461,0.000082,,0x0E
"ch0","data",145.528546,0.000082,,0xC0
"ch0","data",145.5286305,0.000082,,0x02
"ch0","data",145.528715,0.000082,,0x7D
"ch0","data",145.5288,0.000082,,0xDD
"ch0","data",145.5288845,0.000082,,0x02
"ch0","data",145.528969,0.000082,,0x00
"ch0","data",145.529054,0.000082,,0x0F
"ch0","data",145.5291385,0.000082,,0x00
"ch0","data",145.5292235,0.000082,,0x7B
"ch0","data",145.529308,0.000082,,0x0C
"ch0","data",145.5293925,0.000082,,0x00
"ch0","data",145.5294775,0.000082,,0x11
"ch0","data",145.529562,0.000082,,0x00
"ch0","data",145.5296465,0.000082,,0x00
"ch0","data",145.5297315,0.000082,,0x00
"ch0","data",145.529816,0.000082,,0x00
"ch0","data",145.5299005,0.000082,,0x00
"ch0","data",145.5299855,0.000082,,0x01
"ch0","data",145.53007,0.000082,,0x00
"ch0","data",145.530155,0.000082,,0x61
"ch0","data",145.5302395,0.000082,,0x76
"ch0","data",145.530324,0.000082,,0x7D
"ch1","data",146.658923,0.000082,,0x0D
"ch1","data",146.65901,0.000082,,0x0A
"ch1","data",146.6590965,0.000082,,0x00
"ch1","data",146.6591835,0.000082,,0x7B
"ch1","data",146.65927,0.000082,,0x38
"ch1","data",146.659357,0.000082,,0x00
"ch1","data",146.6594435,0.000082,,0x01
"ch1","data",146.6595305,0.000082,,0x00
"ch1","data",146.659617,0.000082,,0x05
"ch1","data",146.659704,0.000082,,0x00
"ch1","data",146.6597905,0.000082,,0x01
"ch1","data",146.6598775,0.000082,,0x00
"ch1","data",146.659964,0.000082,,0x00
"ch1","data",146.660051,0.000082,,0x00
"ch1","data",146.6601375,0.000082,,0x46
"ch1","data",146.6602245,0.000082,,0x81
"ch1","data",146.660311,0.000082,,0x9E
"ch1","data",146.660398,0.000082,,0xE3
"ch1","data",146.6604845,0.000082,,0x00
"ch1","data",146.6605715,0.000082,,0x1D
"ch1","data",146.660658,0.000082,,0x00
"ch1","data",146.660745,0.000082,,0x0F
"ch1","data",146.6608315,0.000082,,0x00
"ch1","data",146.6609185,0.000082,,0x01
"ch1","data",146.661005,0.000082,,0x00
"ch1","data",146.661092,0.000082,,0x00
"ch1","data",146.6611785,0.000082,,0x00
"ch1","data",146.6612655,0.000082,,0x00
"ch1","data",146.661352,0.000082,,0x00
"ch1","data",146.661439,0.000082,,0x00
"ch1","data",146.6615255,0.000082,,0x09
"ch1","data",146.6616125,0.000082,,0x00
"ch1","data",146.661699,0.000082,,0x16
"ch1","data",146.661786,0.000082,,0x25
"ch1","data",146.6618725,0.000082,,0x61
"ch1","data",146.6619595,0.000082,,0x07
"ch1","data",146.662046,0.000082,,0x73
"ch1","data",146.662133,0.000082,,0x62
"ch1","data",146.6622195,0.000082,,0x00
"ch1","data",146.6623065,0.000082,,0x00
"ch1","data",146.662393,0.000082,,0xFF
"ch1","data",146.66248,0.000082,,0x04
"ch1","data",146.6625665,0.000082,,0xFF
"ch1","data",146.6626535,0.000082,,0x0F
"ch1","data",146.66274,0.000082,,0x04
"ch1","data",146.662827,0.000082,,0x40
"ch1","data",146.6629135,0.000082,,0x0C
"ch1","data",146.6630005,0.000082,,0xFE
"ch1","data",146.663087,0.000082,,0x00
"ch1","data",146.663174,0.000082,,0x00
"ch1","data",146.6632605,0.000082,,0x00
"ch1","data",146.6633475,0.000082,,0x01
"ch1","data",146.663434,0.000082,,0x00
"ch1","data",146.663521,0.000082,,0x13
"ch1","data",146.6636075,0.000082,,0x00
"ch1","data",146.6636945,0.000082,,0x00
"ch1","data",146.663781,0.000082,,0x2C
"ch1","data",146.663868,0.000082,,0xCC
"ch1","data",146.6639545,0.000082,,0xBF
"ch1","data",146.6640415,0.000082,,0xCF
"ch1","data",146.664128,0.000082,,0x7D
"ch1","data",146.664215,0.000082,,0x0D
"ch1","data",146.6643015,0.000082,,0x0A
"ch1","data",146.6643885,0.000082,,0x0D
"ch1","data",146.664475,0.000082,,0x0A
"ch1","data",146.664562,0.000082,,0x0D
"ch1","data",146.6646485,0.000082,,0x0A
"ch1","data",146.6647355,0.000082,,0x00
"ch1","data",146.664822,0.000082,,0x7B
"ch1","data",146.664909,0.000082,,0x0C
"ch1","data",146.6649955,0.000082,,0x00
"ch1","data",146.6650825,0.000082,,0x01
"ch1","data",146.665169,0.000082,,0x00
"ch1","data",146.665256,0.000082,,0x03
"ch1","data",146.6653425,0.000082,,0x00
"ch1","data",146.6654295,0.000082,,0x01
"ch1","data",146.665516,0.000082,,0x00
"ch1","data",146.665603,0.000082,,0x00
"ch1","data",146.6656895,0.000082,,0x00
"ch1","data",146.6657765,0.000082,,0xB0
"ch1","data",146.665863,0.000082,,0xC0
"ch1","data",146.66595,0.000082,,0x7D
"ch1","data",146.6660365,0.000082,,0x0D
"ch1","data",146.6661235,0.000082,,0x0A
"ch0","data",151.8822535,0.000082,,0xDD
"ch0","data",151.8823385,0.000082,,0x02
"ch0","data",151.882423,0.000082,,0x00
"ch0","data",151.8825075,0.000082,,0x3B
"ch0","data",151.8825925,0.000082,,0x00
"ch0","data",151.882677,0.000082,,0x7B
"ch0","data",151.8827615,0.000082,,0x38
"ch0","data",151.882846,0.000082,,0x00
"ch0","data",151.882931,0.000082,,0x11
"ch0","data",151.8830155,0.000082,,0x00
"ch0","data",151.8831,0.000082,,0x01
"ch0","data",151.8831845,0.000082,,0x00
"ch0","data",151.883269,0.000082,,0x00
"ch0","data",151.8833535,0.000082,,0x00
"ch0","data",151.8834385,0.000082,,0x01
"ch0","data",151.883523,0.000082,,0x00
"ch0","data",151.883608,0.000082,,0x46
"ch0","data",151.8836925,0.000082,,0x81
"ch0","data",151.883777,0.000082,,0x9E
"ch0","data",151.883862,0.000082,,0xE3
"ch0","data",151.8839465,0.000082,,0x00
"ch0","data",151.8840315,0.000082,,0x1D
"ch0","data",151.884116,0.000082,,0x00
"ch0","data",151.8842005,0.000082,,0x0F
"ch0","data",151.8842855,0.000082,,0x20
"ch0","data",151.88437,0.000082,,0x00
"ch0","data",151.8844545,0.000082,,0xFE
"ch0","data",151.8845395,0.000082,,0x0A
"ch0","data",151.884624,0.000082,,0xA5
"ch0","data",151.884709,0.000082,,0x27
"ch0","data",151.8847935,0.000082,,0x56
"ch0","data",151.884878,0.000082,,0x9B
"ch0","data",151.884963,0.000082,,0x00
"ch0","data",151.8850475,0.000082,,0x00
"ch0","data",151.8851325,0.000082,,0x00
"ch0","data",151.885217,0.000082,,0x00
"ch0","data",151.8853015,0.000082,,0x00
"ch0","data",151.8853865,0.000082,,0x00
"ch0","data",151.885471,0.000082,,0x61
"ch0","data",151.8855555,0.000082,,0x07
"ch0","data",151.8856405,0.000082,,0x73
"ch0","data",151.885725,0.000082,,0x62
"ch0","data",151.88581,0.000082,,0x28
"ch0","data",151.8858945,0.000082,,0x00
"ch0","data",151.8859795,0.000082,,0x64
"ch0","data",151.886064,0.000082,,0x00
"ch0","data",151.8861485,0.000082,,0x00
"ch0","data",151.886233,0.000082,,0x88
"ch0","data",151.8863175,0.000082,,0x00
"ch0","data",151.886402,0.000082,,0x00
"ch0","data",151.886487,0.000082,,0x98
"ch0","data",151.8865715,0.000082,,0x00
"ch0","data",151.886656,0.000082,,0x9F
"ch0","data",151.886741,0.000082,,0x00
"ch0","data",151.8868255,0.000082,,0x09
"ch0","data",151.88691,0.000082,,0x00
"ch0","data",151.8869945,0.000082,,0x00
"ch0","data",151.8870795,0.000082,,0x00
"ch0","data",151.8871635,0.000082,,0x41
"ch0","data",151.887248,0.000082,,0x0E
"ch0","data",151.8873325,0.000082,,0x40
"ch0","data",151.8874175,0.000082,,0xDE
"ch0","data",151.887502,0.000082,,0x7D
"ch0","data",151.890429,0.000082,,0xDD
"ch0","data",151.890514,0.000082,,0x02
"ch0","data",151.8905985,0.000082,,0x00
"ch0","data",151.8906835,0.000082,,0x3B
"ch0","data",151.890768,0.000082,,0x00
"ch0","data",151.8908525,0.000082,,0x7B
"ch0","data",151.8909375,0.000082,,0x38
"ch0","data",151.891022,0.000082,,0x00
"ch0","data",151.8911065,0.000082,,0x11
"ch0","data",151.8911915,0.000082,,0x00
"ch0","data",151.891276,0.000082,,0x01
"ch0","data",151.891361,0.000082,,0x00
"ch0","data",151.8914455,0.000082,,0x00
"ch0","data",151.89153,0.000082,,0x00
"ch0","data",151.891615,0.000082,,0x01
"ch0","data",151.8916995,0.000082,,0x00
"ch0","data",151.891784,0.000082,,0x00
"ch0","data",151.891869,0.000082,,0x12
"ch0","data",151.8919535,0.000082,,0x4B
"ch0","data",151.892038,0.000082,,0x00
"ch0","data",151.892123,0.000082,,0x38
"ch0","data",151.8922075,0.000082,,0x0D
"ch0","data",151.8922925,0.000082,,0x16
"ch0","data",151.892377,0.000082,,0xFD
"ch0","data",151.8924615,0.000082,,0x03
"ch0","data",151.8925465,0.000082,,0x00
"ch0","data",151.892631,0.000082,,0x46
"ch0","data",151.8927155,0.000082,,0x09
"ch0","data",151.8928005,0.000082,,0xA5
"ch0","data",151.892885,0.000082,,0x27
"ch0","data",151.8929695,0.000082,,0x2F
"ch0","data",151.8930545,0.000082,,0x0D
"ch0","data",151.893139,0.000082,,0xCB
"ch0","data",151.8932235,0.000082,,0xFF
"ch0","data",151.893308,0.000082,,0x64
"ch0","data",151.893393,0.000082,,0x00
"ch0","data",151.8934775,0.000082,,0xEE
"ch0","data",151.893562,0.000082,,0x02
"ch0","data",151.8936465,0.000082,,0x00
"ch0","data",151.8937315,0.000082,,0x00
"ch0","data",151.893816,0.000082,,0x00
"ch0","data",151.8939005,0.000082,,0x00
"ch0","data",151.8939855,0.000082,,0x00
"ch0","data",151.89407,0.000082,,0x00
"ch0","data",151.894155,0.000082,,0x0A
"ch0","data",151.8942395,0.000082,,0x04
"ch0","data",151.894324,0.000082,,0x00
"ch0","data",151.894409,0.000082,,0x00
"ch0","data",151.8944935,0.000082,,0x00
"ch0","data",151.894578,0.000082,,0x00
"ch0","data",151.894663,0.000082,,0x00
"ch0","data",151.8947475,0.000082,,0x00
"ch0","data",151.894832,0.000082,,0x06
"ch0","data",151.894917,0.000082,,0x01
"ch0","data",151.8950015,0.000082,,0x00
"ch0","data",151.895086,0.000082,,0x00
"ch0","data",151.895171,0.000082,,0x00
"ch0","data",151.8952555,0.000082,,0x00
"ch0","data",151.8953405,0.000082,,0x00
"ch0","data",151.895425,0.000082,,0x00
"ch0","data",151.8955095,0.000082,,0xF1
"ch0","data",151.8955945,0.000082,,0x89
"ch0","data",151.895679,0.000082,,0x7D
"ch0","data",151.945642,0.000082,,0xDD
"ch0","data",151.9457265,0.000082,,0x02
"ch0","data",151.945811,0.000082,,0x00
"ch0","data",151.9458955,0.000082,,0x0F
"ch0","data",151.94598,0.000082,,0x00
"ch0","data",151.9460645,0.000082,,0x7B
"ch0","data",151.946149,0.000082,,0x0C
"ch0","data",151.946234,0.000082,,0x00
"ch0","data",151.9463185,0.000082,,0x11
"ch0","data",151.9464035,0.000082,,0x00
"ch0","data",151.946488,0.000082,,0x00
"ch0","data",151.9465725,0.000082,,0x00
"ch0","data",151.946657,0.000082,,0x00
"ch0","data",151.946742,0.000082,,0x00
"ch0","data",151.9468265,0.000082,,0x01
"ch0","data",151.946911,0.000082,,0x00
"ch0","data",151.946996,0.000082,,0x61
"ch0","data",151.9470805,0.000082,,0x76
"ch0","data",151.947165,0.000082,,0x7D
"ch0","data",151.94725,0.000082,,0xDD
"ch0","data",151.9473345,0.000082,,0x02
"ch0","data",151.9474195,0.000082,,0x00
"ch0","data",151.947504,0.000082,,0x0F
"ch0","data",151.9475885,0.000082,,0x00
"ch0","data",151.9476735,0.000082,,0x7B
"ch0","data",151.947758,0.000082,,0x0C
"ch0","data",151.9478425,0.000082,,0x00
"ch0","data",151.9479275,0.000082,,0x11
"ch0","data",151.948012,0.000082,,0x00
"ch0","data",151.9480965,0.000082,,0x0B
"ch0","data",151.9481815,0.000082,,0x00
"ch0","data",151.948266,0.000082,,0x00
"ch0","data",151.9483505,0.000082,,0x00
"ch0","data",151.9484355,0.000082,,0x01
"ch0","data",151.94852,0.000082,,0x00
"ch0","data",151.948605,0.000082,,0xC3
"ch0","data",151.9486895,0.000082,,0xB5
"ch0","data",151.948774,0.000082,,0x7D
"ch1","data",152.3417905,0.000082,,0x0D
"ch1","data",152.341877,0.000082,,0x0A
"ch1","data",152.341964,0.000082,,0x00
"ch1","data",152.3420505,0.000082,,0x7B
"ch1","data",152.3421375,0.000082,,0x38
"ch1","data",152.342224,0.000082,,0x00
"ch1","data",152.342311,0.000082,,0x01
"ch1","data",152.3423975,0.000082,,0x00
"ch1","data",152.3424845,0.000082,,0x05
"ch1","data",152.342571,0.000082,,0x00
"ch1","data",152.342658,0.000082,,0x01
"ch1","data",152.3427445,0.000082,,0x00
"ch1","data",152.3428315,0.000082,,0x00
"ch1","data",152.342918,0.000082,,0x00
"ch1","data",152.343005,0.000082,,0x46
"ch1","data",152.3430915,0.000082,,0x81
"ch1","data",152.3431785,0.000082,,0x9E
"ch1","data",152.343265,0.000082,,0xE3
"ch1","data",152.343352,0.000082,,0x00
"ch1","data",152.3434385,0.000082,,0x1D
"ch1","data",152.3435255,0.000082,,0x00
"ch1","data",152.343612,0.000082,,0x0F
"ch1","data",152.343699,0.000082,,0x00
"ch1","data",152.3437855,0.000082,,0x01
"ch1","data",152.3438725,0.000082,,0x00
"ch1","data",152.343959,0.000082,,0x00
"ch1","data",152.344046,0.000082,,0x00
"ch1","data",152.3441325,0.000082,,0x00
"ch1","data",152.3442195,0.000082,,0x00
"ch1","data",152.344306,0.000082,,0x00
"ch1","data",152.344393,0.000082,,0x09
"ch1","data",152.3444795,0.000082,,0x00
"ch1","data",152.3445665,0.000082,,0x16
"ch1","data",152.344653,0.000082,,0x25
"ch1","data",152.34474,0.000082,,0x61
"ch1","data",152.3448265,0.000082,,0x07
"ch1","data",152.3449135,0.000082,,0x73
"ch1","data",152.345,0.000082,,0x62
"ch1","data",152.345087,0.000082,,0x00
"ch1","data",152.3451735,0.000082,,0x00
"ch1","data",152.3452605,0.000082,,0xFF
"ch1","data",152.345347,0.000082,,0x04
"ch1","data",152.345434,0.000082,,0xFF
"ch1","data",152.3455205,0.000082,,0x0F
"ch1","data",152.3456075,0.000082,,0x04
"ch1","data",152.345694,0.000082,,0x40
"ch1","data",152.345781,0.000082,,0x0C
"ch1","data",152.3458675,0.000082,,0xFE
"ch1","data",152.3459545,0.000082,,0x00
"ch1","data",152.346041,0.000082,,0x00
"ch1","data",152.346128,0.000082,,0x00
"ch1","data",152.3462145,0.000082,,0x01
"ch1","data",152.3463015,0.000082,,0x00
"ch1","data",152.346388,0.000082,,0x13
"ch1","data",152.346475,0.000082,,0x00
"ch1","data",152.3465615,0.000082,,0x00
"ch1","data",152.3466485,0.000082,,0x2C
"ch1","data",152.346735,0.000082,,0xCC
"ch1","data",152.346822,0.000082,,0xBF
"ch1","data",152.3469085,0.000082,,0xCF
"ch1","data",152.3469955,0.000082,,0x7D
"ch1","data",152.347082,0.000082,,0x0D
"ch1","data",152.347169,0.000082,,0x0A
"ch1","data",152.3472555,0.000082,,0x0D
"ch1","data",152.3473425,0.000082,,0x0A
"ch1","data",152.347429,0.000082,,0x00
"ch1","data",152.347516,0.000082,,0x7B
"ch1","data",152.3476025,0.000082,,0x38
"ch1","data",152.3476895,0.000082,,0x00
"ch1","data",152.347776,0.000082,,0x01
"ch1","data",152.347863,0.000082,,0x00
"ch1","data",152.3479495,0.000082,,0x05
"ch1","data",152.3480365,0.000082,,0x00
"ch1","data",152.348123,0.000082,,0x01
"ch1","data",152.34821,0.000082,,0x00
"ch1","data",152.3482965,0.000082,,0x00
"ch1","data",152.3483835,0.000082,,0x00
"ch1","data",152.34847,0.000082,,0x00
"ch1","data",152.348557,0.000082,,0x12
"ch1","data",152.3486435,0.000082,,0x4B
"ch1","data",152.3487305,0.000082,,0x00
"ch1","data",152.348817,0.000082,,0x38
"ch1","data",152.348904,0.000082,,0x0D
"ch1","data",152.3489905,0.000082,,0x16
"ch1","data",152.3490775,0.000082,,0xFD
"ch1","data",152.349164,0.000082,,0x00
"ch1","data",152.349251,0.000082,,0x00
"ch1","data",152.3493375,0.000082,,0x00
"ch1","data",152.3494245,0.000082,,0x00
"ch1","data",152.349511,0.000082,,0x64
"ch1","data",152.349598,0.000082,,0x00
"ch1","data",152.3496845,0.000082,,0x00
"ch1","data",152.3497715,0.000082,,0x00
"ch1","data",152.349858,0.000082,,0x3E
"ch1","data",152.349945,0.000082,,0x00
"ch1","data",152.3500315,0.000082,,0xFF
"ch1","data",152.3501185,0.000082,,0x41
"ch1","data",152.350205,0.000082,,0x04
"ch1","data",152.350292,0.000082,,0x00
"ch1","data",152.3503785,0.000082,,0x00
"ch1","data",152.3504655,0.000082,,0x00
"ch1","data",152.350552,0.000082,,0x90
"ch1","data",152.350639,0.000082,,0x01
"ch1","data",152.3507255,0.000082,,0x14
"ch1","data",152.3508125,0.000082,,0x00
"ch1","data",152.350899,0.000082,,0x00
"ch1","data",152.350986,0.000082,,0x00
"ch1","data",152.3510725,0.000082,,0x00
"ch1","data",152.3511595,0.000082,,0x00
"ch1","data",152.351246,0.000082,,0x00
"ch1","data",152.351333,0.000082,,0x00
"ch1","data",152.3514195,0.000082,,0x00
"ch1","data",152.3515065,0.000082,,0x00
"ch1","data",152.351593,0.000082,,0x00
"ch1","data",152.35168,0.000082,,0x00
"ch1","data",152.3517665,0.000082,,0x00
"ch1","data",152.3518535,0.000082,,0x00
"ch1","data",152.35194,0.000082,,0x00
"ch1","data",152.352027,0.000082,,0x00
"ch1","data",152.3521135,0.000082,,0x00
"ch1","data",152.3522005,0.000082,,0x00
"ch1","data",152.352287,0.000082,,0x5F
"ch1","data",152.352374,0.000082,,0xBB
"ch1","data",152.3524605,0.000082,,0x7D
"ch1","data",152.3525475,0.000082,,0x0D
"ch1","data",152.352634,0.000082,,0x0A
"ch1","data",152.352721,0.000082,,0x0D
"ch1","data",152.3528075,0.000082,,0x0A
"ch1","data",152.3528945,0.000082,,0x0D
"ch1","data",152.352981,0.000082,,0x0A
"ch1","data",152.353068,0.000082,,0x00
"ch1","data",152.3531545,0.000082,,0x7B
"ch1","data",152.3532415,0.000082,,0x0C
"ch1","data",152.353328,0.000082,,0x00
"ch1","data",152.353415,0.000082,,0x01
"ch1","data",152.3535015,0.000082,,0x00
"ch1","data",152.3535885,0.000082,,0x03
"ch1","data",152.353675,0.000082,,0x00
"ch1","data",152.353762,0.000082,,0x01
"ch1","data",152.3538485,0.000082,,0x00
"ch1","data",152.3539355,0.000082,,0x00
"ch1","data",152.354022,0.000082,,0x00
"ch1","data",152.354109,0.000082,,0xB0
"ch1","data",152.3541955,0.000082,,0xC0
"ch1","data",152.3542825,0.000082,,0x7D
"ch1","data",152.354369,0.000082,,0x0D
"ch1","data",152.354456,0.000082,,0x0A
"ch1","data",152.692957,0.000082,,0x0D
"ch1","data",152.6930435,0.000082,,0x0A
"ch1","data",152.6931305,0.000082,,0x00
"ch1","data",152.693217,0.000082,,0x7B
"ch1","data",152.693304,0.000082,,0x0C
"ch1","data",152.6933905,0.000082,,0x00
"ch1","data",152.6934775,0.000082,,0x01
"ch1","data",152.693564,0.000082,,0x00
"ch1","data",152.693651,0.000082,,0x03
"ch1","data",152.6937375,0.000082,,0x00
"ch1","data",152.6938245,0.000082,,0x01
"ch1","data",152.693911,0.000082,,0x00
"ch1","data",152.693998,0.000082,,0x00
"ch1","data",152.6940845,0.000082,,0x00
"ch1","data",152.6941715,0.000082,,0xB0
"ch1","data",152.694258,0.000082,,0xC0
"ch1","data",152.694345,0.000082,,0x7D
"ch1","data",152.6944315,0.000082,,0x0D
"ch1","data",152.6945185,0.000082,,0x0A
"ch1","data",153.568235,0.000082,,0x0D
"ch1","data",153.568322,0.000082,,0x0A
"ch1","data",153.5684085,0.000082,,0x00
"ch1","data",153.5684955,0.000082,,0x7B
"ch1","data",153.568582,0.000082,,0x0C
"ch1","data",153.568669,0.000082,,0x00
"ch1","data",153.5687555,0.000082,,0x01
"ch1","data",153.5688425,0.000082,,0x00
"ch1","data",153.568929,0.000082,,0x03
"ch1","data",153.569016,0.000082,,0x00
"ch1","data",153.5691025,0.000082,,0x01
"ch1","data",153.5691895,0.000082,,0x00
"ch1","data",153.569276,0.000082,,0x00
"ch1","data",153.569363,0.000082,,0x00
"ch1","data",153.5694495,0.000082,,0xB0
"ch1","data",153.5695365,0.000082,,0xC0
"ch1","data",153.569623,0.000082,,0x7D
"ch1","data",153.56971,0.000082,,0x0D
"ch1","data",153.5697965,0.000082,,0x0A
"ch0","data",157.906767,0.000082,,0xDD
"ch0","data",157.9068515,0.000082,,0x02
"ch0","data",157.906936,0.000082,,0x00
"ch0","data",157.907021,0.000082,,0x3B
"ch0","data",157.9071055,0.000082,,0x00
"ch0","data",157.9071905,0.000082,,0x7B
"ch0","data",157.907275,0.000082,,0x38
"ch0","data",157.9073595,0.000082,,0x00
"ch0","data",157.9074445,0.000082,,0x11
"ch0","data",157.907529,0.000082,,0x00
"ch0","data",157.9076135,0.000082,,0x01
"ch0","data",157.907698,0.000082,,0x00
"ch0","data",157.907783,0.000082,,0x00
"ch0","data",157.9078675,0.000082,,0x00
"ch0","data",157.907952,0.000082,,0x01
"ch0","data",157.908037,0.000082,,0x00
"ch0","data",157.9081215,0.000082,,0x46
"ch0","data",157.908206,0.000082,,0x81
"ch0","data",157.908291,0.000082,,0x9E
"ch0","data",157.9083755,0.000082,,0xE3
"ch0","data",157.90846,0.000082,,0x00
"ch0","data",157.9085445,0.000082,,0x1D
"ch0","data",157.9086295,0.000082,,0x00
"ch0","data",157.908714,0.000082,,0x0F
"ch0","data",157.9087985,0.000082,,0x20
"ch0","data",157.9088835,0.000082,,0x00
"ch0","data",157.908968,0.000082,,0xFE
"ch0","data",157.9090525,0.000082,,0x0A
"ch0","data",157.909137,0.000082,,0xA5
"ch0","data",157.909222,0.000082,,0x27
"ch0","data",157.9093065,0.000082,,0x56
"ch0","data",157.909391,0.000082,,0x9B
"ch0","data",157.9094755,0.000082,,0x00
"ch0","data",157.9095605,0.000082,,0x00
"ch0","data",157.909645,0.000082,,0x00
"ch0","data",157.9097295,0.000082,,0x00
"ch0","data",157.909814,0.000082,,0x00
"ch0","data",157.9098985,0.000082,,0x00
"ch0","data",157.909983,0.000082,,0x61
"ch0","data",157.910068,0.000082,,0x07
"ch0","data",157.9101525,0.000082,,0x73
"ch0","data",157.910237,0.000082,,0x62
"ch0","data",157.910322,0.000082,,0x28
"ch0","data",157.9104065,0.000082,,0x00
"ch0","data",157.9104915,0.000082,,0x64
"ch0","data",157.910576,0.000082,,0x00
"ch0","data",157.9106605,0.000082,,0x00
"ch0","data",157.910745,0.000082,,0x88
"ch0","data",157.91083,0.000082,,0x00
"ch0","data",157.9109145,0.000082,,0x00
"ch0","data",157.910999,0.000082,,0x98
"ch0","data",157.911084,0.000082,,0x00
"ch0","data",157.9111685,0.000082,,0x9F
"ch0","data",157.9112535,0.000082,,0x00
"ch0","data",157.911338,0.000082,,0x09
"ch0","data",157.9114225,0.000082,,0x00
"ch0","data",157.9115075,0.000082,,0x00
"ch0","data",157.911592,0.000082,,0x00
"ch0","data",157.911677,0.000082,,0x41
"ch0","data",157.9117615,0.000082,,0x0E
"ch0","data",157.911846,0.000082,,0x40
"ch0","data",157.911931,0.000082,,0xDE
"ch0","data",157.9120155,0.000082,,0x7D
"ch0","data",157.9121,0.000082,,0xDD
"ch0","data",157.912185,0.000082,,0x02
"ch0","data",157.9122695,0.000082,,0x00
"ch0","data",157.912354,0.000082,,0x0F
"ch0","data",157.912439,0.000082,,0x00
"ch0","data",157.9125235,0.000082,,0x7B
"ch0","data",157.912608,0.000082,,0x0C
"ch0","data",157.9126925,0.000082,,0x00
"ch0","data",157.9127775,0.000082,,0x11
"ch0","data",157.912862,0.000082,,0x00
"ch0","data",157.9129465,0.000082,,0x00
"ch0","data",157.9130315,0.000082,,0x00
"ch0","data",157.913116,0.000082,,0x00
"ch0","data",157.913201,0.000082,,0x00
"ch0","data",157.9132855,0.000082,,0x01
"ch0","data",157.91337,0.000082,,0x00
"ch0","data",157.913455,0.000082,,0x61
"ch0","data",157.9135395,0.000082,,0x76
"ch0","data",157.913624,0.000082,,0x7D
"ch1","data",158.252454,0.000082,,0x0D
"ch1","data",158.252541,0.000082,,0x0A
"ch1","data",158.2526275,0.000082,,0x00
"ch1","data",158.2527145,0.000082,,0x7B
"ch1","data",158.252801,0.000082,,0x38
"ch1","data",158.252888,0.000082,,0x00
"ch1","data",158.2529745,0.000082,,0x01
"ch1","data",158.2530615,0.000082,,0x00
"ch1","data",158.253148,0.000082,,0x05
"ch1","data",158.253235,0.000082,,0x00
"ch1","data",158.2533215,0.000082,,0x01
"ch1","data",158.2534085,0.000082,,0x00
"ch1","data",158.253495,0.000082,,0x00
"ch1","data",158.253582,0.000082,,0x00
"ch1","data",158.2536685,0.000082,,0x46
"ch1","data",158.2537555,0.000082,,0x81
"ch1","data",158.253842,0.000082,,0x9E
"ch1","data",158.253929,0.000082,,0xE3
"ch1","data",158.2540155,0.000082,,0x00
"ch1","data",158.2541025,0.000082,,0x1D
"ch1","data",158.254189,0.000082,,0x00
"ch1","data",158.254276,0.000082,,0x0F
"ch1","data",158.2543625,0.000082,,0x00
"ch1","data",158.2544495,0.000082,,0x01
"ch1","data",158.254536,0.000082,,0x00
"ch1","data",158.254623,0.000082,,0x00
"ch1","data",158.2547095,0.000082,,0x00
"ch1","data",158.2547965,0.000082,,0x00
"ch1","data",158.254883,0.000082,,0x00
"ch1","data",158.25497,0.000082,,0x00
"ch1","data",158.2550565,0.000082,,0x09
"ch1","data",158.2551435,0.000082,,0x00
"ch1","data",158.25523,0.000082,,0x16
"ch1","data",158.255317,0.000082,,0x25
"ch1","data",158.2554035,0.000082,,0x61
"ch1","data",158.2554905,0.000082,,0x07
"ch1","data",158.255577,0.000082,,0x73
"ch1","data",158.255664,0.000082,,0x62
"ch1","data",158.2557505,0.000082,,0x00
"ch1","data",158.2558375,0.000082,,0x00
"ch1","data",158.255924,0.000082,,0xFF
"ch1","data",158.256011,0.000082,,0x04
"ch1","data",158.2560975,0.000082,,0xFF
"ch1","data",158.2561845,0.000082,,0x0F
"ch1","data",158.256271,0.000082,,0x04
"ch1","data",158.256358,0.000082,,0x40
"ch1","data",158.2564445,0.000082,,0x0C
"ch1","data",158.2565315,0.000082,,0xFE
"ch1","data",158.256618,0.000082,,0x00
"ch1","data",158.256705,0.000082,,0x00
"ch1","data",158.2567915,0.000082,,0x00
"ch1","data",158.2568785,0.000082,,0x01
"ch1","data",158.256965,0.000082,,0x00
"ch1","data",158.257052,0.000082,,0x13
"ch1","data",158.2571385,0.000082,,0x00
"ch1","data",158.2572255,0.000082,,0x00
"ch1","data",158.257312,0.000082,,0x2C
"ch1","data",158.257399,0.000082,,0xCC
"ch1","data",158.2574855,0.000082,,0xBF
"ch1","data",158.2575725,0.000082,,0xCF
"ch1","data",158.257659,0.000082,,0x7D
"ch1","data",158.257746,0.000082,,0x0D
"ch1","data",158.2578325,0.000082,,0x0A
"ch1","data",158.2579195,0.000082,,0x0D
"ch1","data",158.258006,0.000082,,0x0A
"ch1","data",158.258093,0.000082,,0x0D
"ch1","data",158.2581795,0.000082,,0x0A
"ch1","data",158.2582665,0.000082,,0x00
"ch1","data",158.258353,0.000082,,0x7B
"ch1","data",158.25844,0.000082,,0x0C
"ch1","data",158.2585265,0.000082,,0x00
"ch1","data",158.2586135,0.000082,,0x01
"ch1","data",158.2587,0.000082,,0x00
"ch1","data",158.258787,0.000082,,0x03
"ch1","data",158.2588735,0.000082,,0x00
"ch1","data",158.2589605,0.000082,,0x01
"ch1","data",158.259047,0.000082,,0x00
"ch1","data",158.259134,0.000082,,0x00
"ch1","data",158.2592205,0.000082,,0x00
"ch1","data",158.2593075,0.000082,,0xB0
"ch1","data",158.259394,0.000082,,0xC0
"ch1","data",158.259481,0.000082,,0x7D
"ch1","data",158.2595675,0.000082,,0x0D
"ch1","data",158.2596545,0.000082,,0x0A
"ch0","data",164.173625,0.000082,,0xDD
"ch0","data",164.17371,0.000082,,0x02
"ch0","data",164.1737945,0.000082,,0x00
"ch0","data",164.1738795,0.000082,,0x3B
"ch0","data",164.173964,0.000082,,0x00
"ch0","data",164.1740485,0.000082,,0x7B
"ch0","data",164.1741335,0.000082,,0x38
"ch0","data",164.174218,0.000082,,0x00
"ch0","data",164.1743025,0.000082,,0x11
"ch0","data",164.1743875,0.000082,,0x00
"ch0","data",164.174472,0.000082,,0x01
"ch0","data",164.174557,0.000082,,0x00
"ch0","data",164.1746415,0.000082,,0x00
"ch0","data",164.174726,0.000082,,0x00
"ch0","data",164.1748105,0.000082,,0x01
"ch0","data",164.1748955,0.000082,,0x00
"ch0","data",164.17498,0.000082,,0x46
"ch0","data",164.175065,0.000082,,0x81
"ch0","data",164.1751495,0.000082,,0x9E
"ch0","data",164.175234,0.000082,,0xE3
"ch0","data",164.175319,0.000082,,0x00
"ch0","data",164.1754035,0.000082,,0x1D
"ch0","data",164.1754885,0.000082,,0x00
"ch0","data",164.175573,0.000082,,0x0F
"ch0","data",164.1756575,0.000082,,0x20
"ch0","data",164.175742,0.000082,,0x00
"ch0","data",164.175827,0.000082,,0xFE
"ch0","data",164.1759115,0.000082,,0x0A
"ch0","data",164.175996,0.000082,,0xA5
"ch0","data",164.1760805,0.000082,,0x27
"ch0","data",164.1761655,0.000082,,0x56
"ch0","data",164.17625,0.000082,,0x9B
"ch0","data",164.176335,0.000082,,0x00
"ch0","data",164.1764195,0.000082,,0x00
"ch0","data",164.176504,0.000082,,0x00
"ch0","data",164.1765885,0.000082,,0x00
"ch0","data",164.176673,0.000082,,0x00
"ch0","data",164.1767575,0.000082,,0x00
"ch0","data",164.1768425,0.000082,,0x61
"ch0","data",164.176927,0.000082,,0x07
"ch0","data",164.1770115,0.000082,,0x73
"ch0","data",164.1770965,0.000082,,0x62
"ch0","data",164.177181,0.000082,,0x28
"ch0","data",164.177266,0.000082,,0x00
"ch0","data",164.1773505,0.000082,,0x64
"ch0","data",164.177435,0.000082,,0x00
"ch0","data",164.1775195,0.000082,,0x00
"ch0","data",164.1776045,0.000082,,0x88
"ch0","data",164.177689,0.000082,,0x00
"ch0","data",164.1777735,0.000082,,0x00
"ch0","data",164.1778585,0.000082,,0x98
"ch0","data",164.177943,0.000082,,0x00
"ch0","data",164.178028,0.000082,,0x9F
"ch0","data",164.1781125,0.000082,,0x00
"ch0","data",164.178197,0.000082,,0x09
"ch0","data",164.178282,0.000082,,0x00
"ch0","data",164.1783665,0.000082,,0x00
"ch0","data",164.178451,0.000082,,0x00
"ch0","data",164.178536,0.000082,,0x41
"ch0","data",164.1786205,0.000082,,0x0E
"ch0","data",164.178705,0.000082,,0x40
"ch0","data",164.17879,0.000082,,0xDE
"ch0","data",164.1788745,0.000082,,0x7D
"ch0","data",164.1789595,0.000082,,0xDD
"ch0","data",164.179044,0.000082,,0x02
"ch0","data",164.1791285,0.000082,,0x00
"ch0","data",164.179213,0.000082,,0x0F
"ch0","data",164.179298,0.000082,,0x00
"ch0","data",164.1793825,0.000082,,0x7B
"ch0","data",164.1794675,0.000082,,0x0C
"ch0","data",164.179552,0.000082,,0x00
"ch0","data",164.1796365,0.000082,,0x11
"ch0","data",164.1797215,0.000082,,0x00
"ch0","data",164.179806,0.000082,,0x00
"ch0","data",164.1798905,0.000082,,0x00
"ch0","data",164.179975,0.000082,,0x00
"ch0","data",164.18006,0.000082,,0x00
"ch0","data",164.1801445,0.000082,,0x01
"ch0","data",164.180229,0.000082,,0x00
"ch0","data",164.1803135,0.000082,,0x61
"ch0","data",164.180398,0.000082,,0x76
"ch0","data",164.180483,0.000082,,0x7D
"ch1","data",164.4759425,0.000082,,0x0D
"ch1","data",164.4760295,0.000082,,0x0A
"ch1","data",164.476116,0.000082,,0x00
"ch1","data",164.476203,0.000082,,0x7B
"ch1","data",164.4762895,0.000082,,0x38
"ch1","data",164.4763765,0.000082,,0x00
"ch1","data",164.476463,0.000082,,0x01
"ch1","data",164.47655,0.000082,,0x00
"ch1","data",164.4766365,0.000082,,0x05
"ch1","data",164.4767235,0.000082,,0x00
"ch1","data",164.47681,0.000082,,0x01
"ch1","data",164.476897,0.000082,,0x00
"ch1","data",164.4769835,0.000082,,0x00
"ch1","data",164.4770705,0.000082,,0x00
"ch1","data",164.477157,0.000082,,0x46
"ch1","data",164.477244,0.000082,,0x81
"ch1","data",164.4773305,0.000082,,0x9E
"ch1","data",164.4774175,0.000082,,0xE3
"ch1","data",164.477504,0.000082,,0x00
"ch1","data",164.477591,0.000082,,0x1D
"ch1","data",164.4776775,0.000082,,0x00
"ch1","data",164.4777645,0.000082,,0x0F
"ch1","data",164.477851,0.000082,,0x00
"ch1","data",164.477938,0.000082,,0x01
"ch1","data",164.4780245,0.000082,,0x00
"ch1","data",164.4781115,0.000082,,0x00
"ch1","data",164.478198,0.000082,,0x00
"ch1","data",164.478285,0.000082,,0x00
"ch1","data",164.4783715,0.000082,,0x00
"ch1","data",164.4784585,0.000082,,0x00
"ch1","data",164.478545,0.000082,,0x09
"ch1","data",164.478632,0.000082,,0x00
"ch1","data",164.4787185,0.000082,,0x16
"ch1","data",164.4788055,0.000082,,0x25
"ch1","data",164.478892,0.000082,,0x61
"ch1","data",164.478979,0.000082,,0x07
"ch1","data",164.4790655,0.000082,,0x73
"ch1","data",164.4791525,0.000082,,0x62
"ch1","data",164.479239,0.000082,,0x00
"ch1","data",164.479326,0.000082,,0x00
"ch1","data",164.4794125,0.000082,,0xFF
"ch1","data",164.4794995,0.000082,,0x04
"ch1","data",164.479586,0.000082,,0xFF
"ch1","data",164.479673,0.000082,,0x0F
"ch1","data",164.4797595,0.000082,,0x04
"ch1","data",164.4798465,0.000082,,0x40
"ch1","data",164.479933,0.000082,,0x0C
"ch1","data",164.48002,0.000082,,0xFE
"ch1","data",164.4801065,0.000082,,0x00
"ch1","data",164.4801935,0.000082,,0x00
"ch1","data",164.48028,0.000082,,0x00
"ch1","data",164.480367,0.000082,,0x01
"ch1","data",164.4804535,0.000082,,0x00
"ch1","data",164.4805405,0.000082,,0x13
"ch1","data",164.480627,0.000082,,0x00
"ch1","data",164.480714,0.000082,,0x00
"ch1","data",164.4808005,0.000082,,0x2C
"ch1","data",164.4808875,0.000082,,0xCC
"ch1","data",164.480974,0.000082,,0xBF
"ch1","data",164.481061,0.000082,,0xCF
"ch1","data",164.4811475,0.000082,,0x7D
"ch1","data",164.4812345,0.000082,,0x0D
"ch1","data",164.481321,0.000082,,0x0A
"ch1","data",164.481408,0.000082,,0x0D
"ch1","data",164.4814945,0.000082,,0x0A
"ch1","data",164.4815815,0.000082,,0x0D
"ch1","data",164.481668,0.000082,,0x0A
"ch1","data",164.481755,0.000082,,0x00
"ch1","data",164.4818415,0.000082,,0x7B
"ch1","data",164.4819285,0.000082,,0x0C
"ch1","data",164.482015,0.000082,,0x00
"ch1","data",164.482102,0.000082,,0x01
"ch1","data",164.4821885,0.000082,,0x00
"ch1","data",164.4822755,0.000082,,0x03
"ch1","data",164.482362,0.000082,,0x00
"ch1","data",164.482449,0.000082,,0x01
"ch1","data",164.4825355,0.000082,,0x00
"ch1","data",164.4826225,0.000082,,0x00
"ch1","data",164.482709,0.000082,,0x00
"ch1","data",164.482796,0.000082,,0xB0
"ch1","data",164.4828825,0.000082,,0xC0
"ch1","data",164.4829695,0.000082,,0x7D
"ch1","data",164.483056,0.000082,,0x0D
"ch1","data",164.483143,0.000082,,0x0A
"ch0","data",170.390841,0.000082,,0xDD
"ch0","data",170.3909255,0.000082,,0x02
"ch0","data",170.39101,0.000082,,0x00
"ch0","data",170.3910945,0.000082,,0x3B
"ch0","data",170.3911795,0.000082,,0x00
"ch0","data",170.391264,0.000082,,0x7B
"ch0","data",170.3913485,0.000082,,0x38
"ch0","data",170.3914335,0.000082,,0x00
"ch0","data",170.391518,0.000082,,0x11
"ch0","data",170.3916025,0.000082,,0x00
"ch0","data",170.391687,0.000082,,0x01
"ch0","data",170.391772,0.000082,,0x00
"ch0","data",170.3918565,0.000082,,0x00
"ch0","data",170.391941,0.000082,,0x00
"ch0","data",170.392026,0.000082,,0x01
"ch0","data",170.3921105,0.000082,,0x00
"ch0","data",170.392195,0.000082,,0x46
"ch0","data",170.39228,0.000082,,0x81
"ch0","data",170.3923645,0.000082,,0x9E
"ch0","data",170.392449,0.000082,,0xE3
"ch0","data",170.3925335,0.000082,,0x00
"ch0","data",170.392618,0.000082,,0x1D
"ch0","data",170.392703,0.000082,,0x00
"ch0","data",170.3927875,0.000082,,0x0F
"ch0","data",170.3928725,0.000082,,0x20
"ch0","data",170.392957,0.000082,,0x00
"ch0","data",170.393042,0.000082,,0xFE
"ch0","data",170.3931265,0.000082,,0x0A
"ch0","data",170.393211,0.000082,,0xA5
"ch0","data",170.3932955,0.000082,,0x27
"ch0","data",170.3933805,0.000082,,0x56
"ch0","data",170.393465,0.000082,,0x9B
"ch0","data",170.3935495,0.000082,,0x00
"ch0","data",170.393634,0.000082,,0x00
"ch0","data",170.393719,0.000082,,0x00
"ch0","data",170.3938035,0.000082,,0x00
"ch0","data",170.393888,0.000082,,0x00
"ch0","data",170.3939725,0.000082,,0x00
"ch0","data",170.3940575,0.000082,,0x61
"ch0","data",170.394142,0.000082,,0x07
"ch0","data",170.394227,0.000082,,0x73
"ch0","data",170.3943115,0.000082,,0x62
"ch0","data",170.3943965,0.000082,,0x28
"ch0","data",170.394481,0.000082,,0x00
"ch0","data",170.3945655,0.000082,,0x64
"ch0","data",170.3946505,0.000082,,0x00
"ch0","data",170.394735,0.000082,,0x00
"ch0","data",170.39482,0.000082,,0x88
"ch0","data",170.3949045,0.000082,,0x00
"ch0","data",170.394989,0.000082,,0x00
"ch0","data",170.3950735,0.000082,,0x98
"ch0","data",170.3951585,0.000082,,0x00
"ch0","data",170.395243,0.000082,,0x9F
"ch0","data",170.3953275,0.000082,,0x00
"ch0","data",170.395412,0.000082,,0x09
"ch0","data",170.395497,0.000082,,0x00
"ch0","data",170.3955815,0.000082,,0x00
"ch0","data",170.395666,0.000082,,0x00
"ch0","data",170.3957505,0.000082,,0x41
"ch0","data",170.3958355,0.000082,,0x0E
"ch0","data",170.39592,0.000082,,0x40
"ch0","data",170.3960045,0.000082,,0xDE
"ch0","data",170.396089,0.000082,,0x7D
"ch0","data",170.3961735,0.000082,,0xDD
"ch0","data",170.3962585,0.000082,,0x02
"ch0","data",170.396343,0.000082,,0x00
"ch0","data",170.3964275,0.000082,,0x0F
"ch0","data",170.3965125,0.000082,,0x00
"ch0","data",170.396597,0.000082,,0x7B
"ch0","data",170.396682,0.000082,,0x0C
"ch0","data",170.3967665,0.000082,,0x00
"ch0","data",170.396851,0.000082,,0x11
"ch0","data",170.396936,0.000082,,0x00
"ch0","data",170.3970205,0.000082,,0x00
"ch0","data",170.3971055,0.000082,,0x00
"ch0","data",170.39719,0.000082,,0x00
"ch0","data",170.3972745,0.000082,,0x00
"ch0","data",170.3973595,0.000082,,0x01
"ch0","data",170.397444,0.000082,,0x00
"ch0","data",170.3975285,0.000082,,0x61
"ch0","data",170.3976135,0.000082,,0x76
"ch0","data",170.397698,0.000082,,0x7D
"ch1","data",170.674981,0.000082,,0x0D
"ch1","data",170.6750675,0.000082,,0x0A
"ch1","data",170.6751545,0.000082,,0x00
"ch1","data",170.675241,0.000082,,0x7B
"ch1","data",170.675328,0.000082,,0x38
"ch1","data",170.6754145,0.000082,,0x00
"ch1","data",170.6755015,0.000082,,0x01
"ch1","data",170.675588,0.000082,,0x00
"ch1","data",170.675675,0.000082,,0x05
"ch1","data",170.6757615,0.000082,,0x00
"ch1","data",170.6758485,0.000082,,0x01
"ch1","data",170.675935,0.000082,,0x00
"ch1","data",170.676022,0.000082,,0x00
"ch1","data",170.6761085,0.000082,,0x00
"ch1","data",170.6761955,0.000082,,0x46
"ch1","data",170.676282,0.000082,,0x81
"ch1","data",170.676369,0.000082,,0x9E
"ch1","data",170.6764555,0.000082,,0xE3
"ch1","data",170.6765425,0.000082,,0x00
"ch1","data",170.676629,0.000082,,0x1D
"ch1","data",170.676716,0.000082,,0x00
"ch1","data",170.6768025,0.000082,,0x0F
"ch1","data",170.6768895,0.000082,,0x00
"ch1","data",170.676976,0.000082,,0x01
"ch1","data",170.677063,0.000082,,0x00
"ch1","data",170.6771495,0.000082,,0x00
"ch1","data",170.6772365,0.000082,,0x00
"ch1","data",170.677323,0.000082,,0x00
"ch1","data",170.67741,0.000082,,0x00
"ch1","data",170.6774965,0.000082,,0x00
"ch1","data",170.6775835,0.000082,,0x09
"ch1","data",170.67767,0.000082,,0x00
"ch1","data",170.677757,0.000082,,0x16
"ch1","data",170.6778435,0.000082,,0x25
"ch1","data",170.6779305,0.000082,,0x61
"ch1","data",170.678017,0.000082,,0x07
"ch1","data",170.678104,0.000082,,0x73
"ch1","data",170.6781905,0.000082,,0x62
"ch1","data",170.6782775,0.000082,,0x00
"ch1","data",170.678364,0.000082,,0x00
"ch1","data",170.678451,0.000082,,0xFF
"ch1","data",170.6785375,0.000082,,0x04
"ch1","data",170.6786245,0.000082,,0xFF
"ch1","data",170.678711,0.000082,,0x0F
"ch1","data",170.678798,0.000082,,0x04
"ch1","data",170.6788845,0.000082,,0x40
"ch1","data",170.6789715,0.000082,,0x0C
"ch1","data",170.679058,0.000082,,0xFE
"ch1","data",170.679145,0.000082,,0x00
"ch1","data",170.6792315,0.000082,,0x00
"ch1","data",170.6793185,0.000082,,0x00
"ch1","data",170.679405,0.000082,,0x01
"ch1","data",170.679492,0.000082,,0x00
"ch1","data",170.6795785,0.000082,,0x13
"ch1","data",170.6796655,0.000082,,0x00
"ch1","data",170.679752,0.000082,,0x00
"ch1","data",170.679839,0.000082,,0x2C
"ch1","data",170.6799255,0.000082,,0xCC
"ch1","data",170.6800125,0.000082,,0xBF
"ch1","data",170.680099,0.000082,,0xCF
"ch1","data",170.680186,0.000082,,0x7D
"ch1","data",170.6802725,0.000082,,0x0D
"ch1","data",170.6803595,0.000082,,0x0A
"ch1","data",170.680446,0.000082,,0x0D
"ch1","data",170.680533,0.000082,,0x0A
"ch1","data",170.6806195,0.000082,,0x0D
"ch1","data",170.6807065,0.000082,,0x0A
"ch1","data",170.680793,0.000082,,0x00
"ch1","data",170.68088,0.000082,,0x7B
"ch1","data",170.6809665,0.000082,,0x0C
"ch1","data",170.6810535,0.000082,,0x00
"ch1","data",170.68114,0.000082,,0x01
"ch1","data",170.681227,0.000082,,0x00
"ch1","data",170.6813135,0.000082,,0x03
"ch1","data",170.6814005,0.000082,,0x00
"ch1","data",170.681487,0.000082,,0x01
"ch1","data",170.681574,0.000082,,0x00
"ch1","data",170.6816605,0.000082,,0x00
"ch1","data",170.6817475,0.000082,,0x00
"ch1","data",170.681834,0.000082,,0xB0
"ch1","data",170.681921,0.000082,,0xC0
"ch1","data",170.6820075,0.000082,,0x7D
"ch1","data",170.6820945,0.000082,,0x0D
"ch1","data",170.682181,0.000082,,0x0A
"ch0","data",176.743285,0.000082,,0xDD
"ch0","data",176.7433695,0.000082,,0x02
"ch0","data",176.743454,0.000082,,0x00
"ch0","data",176.7435385,0.000082,,0x3B
"ch0","data",176.743623,0.000082,,0x00
"ch0","data",176.743708,0.000082,,0x7B
"ch0","data",176.7437925,0.000082,,0x38
"ch0","data",176.743877,0.000082,,0x00
"ch0","data",176.743962,0.000082,,0x11
"ch0","data",176.7440465,0.000082,,0x00
"ch0","data",176.744131,0.000082,,0x01
"ch0","data",176.744216,0.000082,,0x00
"ch0","data",176.7443005,0.000082,,0x00
"ch0","data",176.744385,0.000082,,0x00
"ch0","data",176.7444695,0.000082,,0x01
"ch0","data",176.7445545,0.000082,,0x00
"ch0","data",176.744639,0.000082,,0x46
"ch0","data",176.7447235,0.000082,,0x81
"ch0","data",176.744808,0.000082,,0x9E
"ch0","data",176.7448925,0.000082,,0xE3
"ch0","data",176.744977,0.000082,,0x00
"ch0","data",176.745062,0.000082,,0x1D
"ch0","data",176.7451465,0.000082,,0x00
"ch0","data",176.745231,0.000082,,0x0F
"ch0","data",176.7453155,0.000082,,0x20
"ch0","data",176.7454,0.000082,,0x00
"ch0","data",176.745485,0.000082,,0xFD
"ch0","data",176.7455695,0.000082,,0x0A
"ch0","data",176.7456545,0.000082,,0xA5
"ch0","data",176.745739,0.000082,,0x27
"ch0","data",176.7458235,0.000082,,0x56
"ch0","data",176.745908,0.000082,,0xAF
"ch0","data",176.745993,0.000082,,0x00
"ch0","data",176.7460775,0.000082,,0x00
"ch0","data",176.746162,0.000082,,0x00
"ch0","data",176.746247,0.000082,,0x00
"ch0","data",176.7463315,0.000082,,0x00
"ch0","data",176.746416,0.000082,,0x00
"ch0","data",176.746501,0.000082,,0x61
"ch0","data",176.7465855,0.000082,,0x07
"ch0","data",176.74667,0.000082,,0x73
"ch0","data",176.746755,0.000082,,0x62
"ch0","data",176.7468395,0.000082,,0x28
"ch0","data",176.7469245,0.000082,,0x00
"ch0","data",176.747009,0.000082,,0x60
"ch0","data",176.7470935,0.000082,,0x00
"ch0","data",176.7471785,0.000082,,0x00
"ch0","data",176.747263,0.000082,,0x88
"ch0","data",176.7473475,0.000082,,0x00
"ch0","data",176.7474325,0.000082,,0x00
"ch0","data",176.747517,0.000082,,0x98
"ch0","data",176.747602,0.000082,,0x00
"ch0","data",176.7476865,0.000082,,0x9F
"ch0","data",176.747771,0.000082,,0x00
"ch0","data",176.747856,0.000082,,0x09
"ch0","data",176.7479405,0.000082,,0x00
"ch0","data",176.7480255,0.000082,,0x00
"ch0","data",176.74811,0.000082,,0x00
"ch0","data",176.7481945,0.000082,,0x54
"ch0","data",176.7482795,0.000082,,0x0E
"ch0","data",176.748364,0.000082,,0x11
"ch0","data",176.748449,0.000082,,0xF5
"ch0","data",176.7485335,0.000082,,0x7D
"ch0","data",176.748618,0.000082,,0xDD
"ch0","data",176.748703,0.000082,,0x02
"ch0","data",176.7487875,0.000082,,0x00
"ch0","data",176.748872,0.000082,,0x0F
"ch0","data",176.7489565,0.000082,,0x00
"ch0","data",176.7490415,0.000082,,0x7B
"ch0","data",176.7491255,0.000082,,0x0C
"ch0","data",176.7492105,0.000082,,0x00
"ch0","data",176.749295,0.000082,,0x11
"ch0","data",176.7493795,0.000082,,0x00
"ch0","data",176.749464,0.000082,,0x00
"ch0","data",176.749549,0.000082,,0x00
"ch0","data",176.7496335,0.000082,,0x00
"ch0","data",176.749718,0.000082,,0x00
"ch0","data",176.749803,0.000082,,0x01
"ch0","data",176.7498875,0.000082,,0x00
"ch0","data",176.749972,0.000082,,0x61
"ch0","data",176.750057,0.000082,,0x76
"ch0","data",176.7501415,0.000082,,0x7D
"ch0","data",176.750226,0.000082,,0xDD
"ch0","data",176.7503105,0.000082,,0x02
"ch0","data",176.7503955,0.000082,,0x00
"ch0","data",176.75048,0.000082,,0x0F
"ch0","data",176.750565,0.000082,,0x00
"ch0","data",176.7506495,0.000082,,0x7B
"ch0","data",176.750734,0.000082,,0x0C
"ch0","data",176.750819,0.000082,,0x00
"ch0","data",176.7509035,0.000082,,0x11
"ch0","data",176.750988,0.000082,,0x00
"ch0","data",176.751073,0.000082,,0x0B
"ch0","data",176.7511575,0.000082,,0x00
"ch0","data",176.751242,0.000082,,0x00
"ch0","data",176.7513265,0.000082,,0x00
"ch0","data",176.7514115,0.000082,,0x01
"ch0","data",176.751496,0.000082,,0x00
"ch0","data",176.7515805,0.000082,,0xC3
"ch0","data",176.7516655,0.000082,,0xB5
"ch0","data",176.75175,0.000082,,0x7D
"ch1","data",177.025359,0.000082,,0x0D
"ch1","data",177.0254455,0.000082,,0x0A
"ch1","data",177.0255325,0.000082,,0x00
"ch1","data",177.025619,0.000082,,0x7B
"ch1","data",177.025706,0.000082,,0x38
"ch1","data",177.0257925,0.000082,,0x00
"ch1","data",177.0258795,0.000082,,0x01
"ch1","data",177.025966,0.000082,,0x00
"ch1","data",177.026053,0.000082,,0x05
"ch1","data",177.0261395,0.000082,,0x00
"ch1","data",177.0262265,0.000082,,0x01
"ch1","data",177.026313,0.000082,,0x00
"ch1","data",177.0264,0.000082,,0x00
"ch1","data",177.0264865,0.000082,,0x00
"ch1","data",177.0265735,0.000082,,0x46
"ch1","data",177.02666,0.000082,,0x81
"ch1","data",177.026747,0.000082,,0x9E
"ch1","data",177.0268335,0.000082,,0xE3
"ch1","data",177.0269205,0.000082,,0x00
"ch1","data",177.027007,0.000082,,0x1D
"ch1","data",177.027094,0.000082,,0x00
"ch1","data",177.0271805,0.000082,,0x0F
"ch1","data",177.0272675,0.000082,,0x00
"ch1","data",177.027354,0.000082,,0x01
"ch1","data",177.027441,0.000082,,0x00
"ch1","data",177.0275275,0.000082,,0x00
"ch1","data",177.0276145,0.000082,,0x00
"ch1","data",177.027701,0.000082,,0x00
"ch1","data",177.027788,0.000082,,0x00
"ch1","data",177.0278745,0.000082,,0x00
"ch1","data",177.0279615,0.000082,,0x09
"ch1","data",177.028048,0.000082,,0x00
"ch1","data",177.028135,0.000082,,0x16
"ch1","data",177.0282215,0.000082,,0x25
"ch1","data",177.0283085,0.000082,,0x61
"ch1","data",177.028395,0.000082,,0x07
"ch1","data",177.028482,0.000082,,0x73
"ch1","data",177.0285685,0.000082,,0x62
"ch1","data",177.0286555,0.000082,,0x00
"ch1","data",177.028742,0.000082,,0x00
"ch1","data",177.028829,0.000082,,0xFF
"ch1","data",177.0289155,0.000082,,0x04
"ch1","data",177.0290025,0.000082,,0xFF
"ch1","data",177.029089,0.000082,,0x0F
"ch1","data",177.029176,0.000082,,0x04
"ch1","data",177.0292625,0.000082,,0x40
"ch1","data",177.0293495,0.000082,,0x0C
"ch1","data",177.029436,0.000082,,0xFE
"ch1","data",177.029523,0.000082,,0x00
"ch1","data",177.0296095,0.000082,,0x00
"ch1","data",177.0296965,0.000082,,0x00
"ch1","data",177.029783,0.000082,,0x01
"ch1","data",177.02987,0.000082,,0x00
"ch1","data",177.0299565,0.000082,,0x13
"ch1","data",177.0300435,0.000082,,0x00
"ch1","data",177.03013,0.000082,,0x00
"ch1","data",177.030217,0.000082,,0x2C
"ch1","data",177.0303035,0.000082,,0xCC
"ch1","data",177.0303905,0.000082,,0xBF
"ch1","data",177.030477,0.000082,,0xCF
"ch1","data",177.030564,0.000082,,0x7D
"ch1","data",177.0306505,0.000082,,0x0D
"ch1","data",177.0307375,0.000082,,0x0A
"ch1","data",177.030824,0.000082,,0x0D
"ch1","data",177.030911,0.000082,,0x0A
"ch1","data",177.0309975,0.000082,,0x0D
"ch1","data",177.0310845,0.000082,,0x0A
"ch1","data",177.031171,0.000082,,0x00
"ch1","data",177.031258,0.000082,,0x7B
"ch1","data",177.0313445,0.000082,,0x0C
"ch1","data",177.0314315,0.000082,,0x00
"ch1","data",177.031518,0.000082,,0x01
"ch1","data",177.031605,0.000082,,0x00
"ch1","data",177.0316915,0.000082,,0x03
"ch1","data",177.0317785,0.000082,,0x00
"ch1","data",177.031865,0.000082,,0x01
"ch1","data",177.031952,0.000082,,0x00
"ch1","data",177.0320385,0.000082,,0x00
"ch1","data",177.0321255,0.000082,,0x00
"ch1","data",177.032212,0.000082,,0xB0
"ch1","data",177.032299,0.000082,,0xC0
"ch1","data",177.0323855,0.000082,,0x7D
"ch1","data",177.0324725,0.000082,,0x0D
"ch1","data",177.032559,0.000082,,0x0A
"ch0","data",177.6077695,0.000082,,0xDD
"ch0","data",177.607854,0.000082,,0x02
"ch0","data",177.6079385,0.000082,,0x00
"ch0","data",177.6080235,0.000082,,0x3B
"ch0","data",177.608108,0.000082,,0x00
"ch0","data",177.6081925,0.000082,,0x7B
"ch0","data",177.6082775,0.000082,,0x38
"ch0","data",177.608362,0.000082,,0x00
"ch0","data",177.608447,0.000082,,0x11
"ch0","data",177.6085315,0.000082,,0x00
"ch0","data",177.608616,0.000082,,0x01
"ch0","data",177.608701,0.000082,,0x00
"ch0","data",177.6087855,0.000082,,0x00
"ch0","data",177.6088705,0.000082,,0x00
"ch0","data",177.608955,0.000082,,0x01
"ch0","data",177.6090395,0.000082,,0x00
"ch0","data",177.6091245,0.000082,,0x00
"ch0","data",177.609209,0.000082,,0x12
"ch0","data",177.609294,0.000082,,0x4B
"ch0","data",177.6093785,0.000082,,0x00
"ch0","data",177.609463,0.000082,,0x38
"ch0","data",177.609548,0.000082,,0x0D
"ch0","data",177.6096325,0.000082,,0x16
"ch0","data",177.6097175,0.000082,,0xFD
"ch0","data",177.609802,0.000082,,0x03
"ch0","data",177.6098865,0.000082,,0x00
"ch0","data",177.6099715,0.000082,,0x46
"ch0","data",177.610056,0.000082,,0x09
"ch0","data",177.610141,0.000082,,0xA5
"ch0","data",177.6102255,0.000082,,0x27
"ch0","data",177.61031,0.000082,,0x2F
"ch0","data",177.610395,0.000082,,0x19
"ch0","data",177.6104795,0.000082,,0xCE
"ch0","data",177.6105645,0.000082,,0xFF
"ch0","data",177.610649,0.000082,,0x64
"ch0","data",177.6107335,0.000082,,0x00
"ch0","data",177.6108185,0.000082,,0xEE
"ch0","data",177.610903,0.000082,,0x02
"ch0","data",177.6109875,0.000082,,0x00
"ch0","data",177.6110725,0.000082,,0x00
"ch0","data",177.611157,0.000082,,0x00
"ch0","data",177.611242,0.000082,,0x00
"ch0","data",177.6113265,0.000082,,0x00
"ch0","data",177.611411,0.000082,,0x00
"ch0","data",177.611496,0.000082,,0x0A
"ch0","data",177.6115805,0.000082,,0x04
"ch0","data",177.6116655,0.000082,,0x00
"ch0","data",177.61175,0.000082,,0x00
"ch0","data",177.6118345,0.000082,,0x00
"ch0","data",177.6119195,0.000082,,0x00
"ch0","data",177.612004,0.000082,,0x00
"ch0","data",177.6120885,0.000082,,0x00
"ch0","data",177.6121735,0.000082,,0x06
"ch0","data",177.612258,0.000082,,0x01
"ch0","data",177.612343,0.000082,,0x00
"ch0","data",177.6124275,0.000082,,0x00
"ch0","data",177.6125125,0.000082,,0x00
"ch0","data",177.612597,0.000082,,0x00
"ch0","data",177.6126815,0.000082,,0x00
"ch0","data",177.6127665,0.000082,,0x00
"ch0","data",177.612851,0.000082,,0x41
"ch0","data",177.6129355,0.000082,,0x33
"ch0","data",177.6130205,0.000082,,0x7D
"ch1","data",177.6259625,0.000082,,0x0D
"ch1","data",177.626049,0.000082,,0x0A
"ch1","data",177.626136,0.000082,,0x00
"ch1","data",177.6262225,0.000082,,0x7B
"ch1","data",177.6263095,0.000082,,0x0C
"ch1","data",177.626396,0.000082,,0x00
"ch1","data",177.626483,0.000082,,0x01
"ch1","data",177.6265695,0.000082,,0x00
"ch1","data",177.6266565,0.000082,,0x03
"ch1","data",177.626743,0.000082,,0x00
"ch1","data",177.62683,0.000082,,0x01
"ch1","data",177.6269165,0.000082,,0x00
"ch1","data",177.6270035,0.000082,,0x00
"ch1","data",177.62709,0.000082,,0x00
"ch1","data",177.627177,0.000082,,0xB0
"ch1","data",177.6272635,0.000082,,0xC0
"ch1","data",177.6273505,0.000082,,0x7D
"ch1","data",177.627437,0.000082,,0x0D
"ch1","data",177.627524,0.000082,,0x0A
"ch0","data",177.646574,0.000082,,0xDD
"ch0","data",177.6466585,0.000082,,0x01
"ch0","data",177.6467435,0.000082,,0x00
"ch0","data",177.646828,0.000082,,0x0C
"ch0","data",177.6469125,0.000082,,0x54
"ch0","data",177.6469975,0.000082,,0x58
"ch0","data",177.647082,0.000082,,0x20
"ch0","data",177.647167,0.000082,,0x73
"ch0","data",177.6472515,0.000082,,0x75
"ch0","data",177.647336,0.000082,,0x63
"ch0","data",177.647421,0.000082,,0x63
"ch0","data",177.6475055,0.000082,,0x65
"ch0","data",177.6475905,0.000082,,0x65
"ch0","data",177.647675,0.000082,,0x64
"ch0","data",177.6477595,0.000082,,0x65
"ch0","data",177.6478445,0.000082,,0x64
"ch0","data",182.774952,0.000082,,0xDD
"ch0","data",182.775037,0.000082,,0x02
"ch0","data",182.7751215,0.000082,,0x00
"ch0","data",182.775206,0.000082,,0x3B
"ch0","data",182.775291,0.000082,,0x00
"ch0","data",182.7753755,0.000082,,0x7B
"ch0","data",182.7754605,0.000082,,0x38
"ch0","data",182.775545,0.000082,,0x00
"ch0","data",182.7756295,0.000082,,0x11
"ch0","data",182.7757145,0.000082,,0x00
"ch0","data",182.775799,0.000082,,0x01
"ch0","data",182.7758835,0.000082,,0x00
"ch0","data",182.7759685,0.000082,,0x00
"ch0","data",182.776053,0.000082,,0x00
"ch0","data",182.7761375,0.000082,,0x01
"ch0","data",182.7762225,0.000082,,0x00
"ch0","data",182.776307,0.000082,,0x46
"ch0","data",182.7763915,0.000082,,0x81
"ch0","data",182.776476,0.000082,,0x9E
"ch0","data",182.776561,0.000082,,0xE3
"ch0","data",182.7766455,0.000082,,0x00
"ch0","data",182.77673,0.000082,,0x1D
"ch0","data",182.7768145,0.000082,,0x00
"ch0","data",182.776899,0.000082,,0x0F
"ch0","data",182.776984,0.000082,,0x20
"ch0","data",182.7770685,0.000082,,0x00
"ch0","data",182.777153,0.000082,,0xFD
"ch0","data",182.777238,0.000082,,0x0A
"ch0","data",182.7773225,0.000082,,0xA5
"ch0","data",182.7774075,0.000082,,0x27
"ch0","data",182.777492,0.000082,,0x56
"ch0","data",182.7775765,0.000082,,0xAF
"ch0","data",182.7776615,0.000082,,0x00
"ch0","data",182.777746,0.000082,,0x00
"ch0","data",182.7778305,0.000082,,0x00
"ch0","data",182.7779155,0.000082,,0x00
"ch0","data",182.778,0.000082,,0x00
"ch0","data",182.778085,0.000082,,0x00
"ch0","data",182.7781695,0.000082,,0x61
"ch0","data",182.778254,0.000082,,0x07
"ch0","data",182.778339,0.000082,,0x73
"ch0","data",182.7784235,0.000082,,0x62
"ch0","data",182.7785085,0.000082,,0x28
"ch0","data",182.778593,0.000082,,0x00
"ch0","data",182.7786775,0.000082,,0x60
"ch0","data",182.7787625,0.000082,,0x00
"ch0","data",182.778847,0.000082,,0x00
"ch0","data",182.778932,0.000082,,0x88
"ch0","data",182.7790165,0.000082,,0x00
"ch0","data",182.779101,0.000082,,0x00
"ch0","data",182.779186,0.000082,,0x98
"ch0","data",182.7792705,0.000082,,0x00
"ch0","data",182.779355,0.000082,,0x9F
"ch0","data",182.77944,0.000082,,0x00
"ch0","data",182.7795245,0.000082,,0x09
"ch0","data",182.779609,0.000082,,0x00
"ch0","data",182.779694,0.000082,,0x00
"ch0","data",182.7797785,0.000082,,0x00
"ch0","data",182.7798635,0.000082,,0x54
"ch0","data",182.779948,0.000082,,0x0E
"ch0","data",182.7800325,0.000082,,0x11
"ch0","data",182.7801175,0.000082,,0xF5
"ch0","data",182.780202,0.000082,,0x7D
"ch0","data",182.830123,0.000082,,0xDD
"ch0","data",182.8302075,0.000082,,0x02
"ch0","data",182.8302925,0.000082,,0x00
"ch0","data",182.830377,0.000082,,0x0F
"ch0","data",182.8304615,0.000082,,0x00
"ch0","data",182.8305465,0.000082,,0x7B
"ch0","data",182.830631,0.000082,,0x0C
"ch0","data",182.8307155,0.000082,,0x00
"ch0","data",182.8308,0.000082,,0x11
"ch0","data",182.8308845,0.000082,,0x00
"ch0","data",182.830969,0.000082,,0x00
"ch0","data",182.831054,0.000082,,0x00
"ch0","data",182.831138,0.000082,,0x00
"ch0","data",182.8312225,0.000082,,0x00
"ch0","data",182.8313075,0.000082,,0x01
"ch0","data",182.831392,0.000082,,0x00
"ch0","data",182.8314765,0.000082,,0x61
"ch0","data",182.8315615,0.000082,,0x76
"ch0","data",182.831646,0.000082,,0x7D
"ch1","data",183.1403265,0.000082,,0x0D
"ch1","data",183.140413,0.000082,,0x0A
"ch1","data",183.1405,0.000082,,0x00
"ch1","data",183.1405865,0.000082,,0x7B
"ch1","data",183.1406735,0.000082,,0x38
"ch1","data",183.14076,0.000082,,0x00
"ch1","data",183.140847,0.000082,,0x01
"ch1","data",183.1409335,0.000082,,0x00
"ch1","data",183.1410205,0.000082,,0x05
"ch1","data",183.141107,0.000082,,0x00
"ch1","data",183.141194,0.000082,,0x01
"ch1","data",183.1412805,0.000082,,0x00
"ch1","data",183.1413675,0.000082,,0x00
"ch1","data",183.141454,0.000082,,0x00
"ch1","data",183.141541,0.000082,,0x46
"ch1","data",183.1416275,0.000082,,0x81
"ch1","data",183.1417145,0.000082,,0x9E
"ch1","data",183.141801,0.000082,,0xE3
"ch1","data",183.141888,0.000082,,0x00
"ch1","data",183.1419745,0.000082,,0x1D
"ch1","data",183.1420615,0.000082,,0x00
"ch1","data",183.142148,0.000082,,0x0F
"ch1","data",183.142235,0.000082,,0x00
"ch1","data",183.1423215,0.000082,,0x01
"ch1","data",183.1424085,0.000082,,0x00
"ch1","data",183.142495,0.000082,,0x00
"ch1","data",183.142582,0.000082,,0x00
"ch1","data",183.1426685,0.000082,,0x00
"ch1","data",183.1427555,0.000082,,0x00
"ch1","data",183.142842,0.000082,,0x00
"ch1","data",183.142929,0.000082,,0x09
"ch1","data",183.1430155,0.000082,,0x00
"ch1","data",183.1431025,0.000082,,0x16
"ch1","data",183.143189,0.000082,,0x25
"ch1","data",183.143276,0.000082,,0x61
"ch1","data",183.1433625,0.000082,,0x07
"ch1","data",183.1434495,0.000082,,0x73
"ch1","data",183.143536,0.000082,,0x62
"ch1","data",183.143623,0.000082,,0x00
"ch1","data",183.1437095,0.000082,,0x00
"ch1","data",183.1437965,0.000082,,0xFF
"ch1","data",183.143883,0.000082,,0x04
"ch1","data",183.14397,0.000082,,0xFF
"ch1","data",183.1440565,0.000082,,0x0F
"ch1","data",183.1441435,0.000082,,0x04
"ch1","data",183.14423,0.000082,,0x40
"ch1","data",183.144317,0.000082,,0x0C
"ch1","data",183.1444035,0.000082,,0xFE
"ch1","data",183.1444905,0.000082,,0x00
"ch1","data",183.144577,0.000082,,0x00
"ch1","data",183.144664,0.000082,,0x00
"ch1","data",183.1447505,0.000082,,0x01
"ch1","data",183.1448375,0.000082,,0x00
"ch1","data",183.144924,0.000082,,0x13
"ch1","data",183.145011,0.000082,,0x00
"ch1","data",183.1450975,0.000082,,0x00
"ch1","data",183.1451845,0.000082,,0x2C
"ch1","data",183.145271,0.000082,,0xCC
"ch1","data",183.145358,0.000082,,0xBF
"ch1","data",183.1454445,0.000082,,0xCF
"ch1","data",183.1455315,0.000082,,0x7D
"ch1","data",183.145618,0.000082,,0x0D
"ch1","data",183.145705,0.000082,,0x0A
"ch1","data",183.1457915,0.000082,,0x0D
"ch1","data",183.1458785,0.000082,,0x0A
"ch1","data",183.145965,0.000082,,0x00
"ch1","data",183.146052,0.000082,,0x7B
"ch1","data",183.1461385,0.000082,,0x38
"ch1","data",183.1462255,0.000082,,0x00
"ch1","data",183.146312,0.000082,,0x01
"ch1","data",183.146399,0.000082,,0x00
"ch1","data",183.1464855,0.000082,,0x05
"ch1","data",183.1465725,0.000082,,0x00
"ch1","data",183.146659,0.000082,,0x01
"ch1","data",183.146746,0.000082,,0x00
"ch1","data",183.1468325,0.000082,,0x00
"ch1","data",183.1469195,0.000082,,0x00
"ch1","data",183.147006,0.000082,,0x00
"ch1","data",183.147093,0.000082,,0x12
"ch1","data",183.1471795,0.000082,,0x4B
"ch1","data",183.1472665,0.000082,,0x00
"ch1","data",183.147353,0.000082,,0x38
"ch1","data",183.14744,0.000082,,0x0D
"ch1","data",183.1475265,0.000082,,0x16
"ch1","data",183.1476135,0.000082,,0xFD
"ch1","data",183.1477,0.000082,,0x00
"ch1","data",183.147787,0.000082,,0x00
"ch1","data",183.1478735,0.000082,,0x00
"ch1","data",183.1479605,0.000082,,0x00
"ch1","data",183.148047,0.000082,,0x00
"ch1","data",183.148134,0.000082,,0x00
"ch1","data",183.1482205,0.000082,,0x00
"ch1","data",183.1483075,0.000082,,0x00
"ch1","data",183.148394,0.000082,,0x3E
"ch1","data",183.148481,0.000082,,0x00
"ch1","data",183.1485675,0.000082,,0xFF
"ch1","data",183.1486545,0.000082,,0x41
"ch1","data",183.148741,0.000082,,0x04
"ch1","data",183.148828,0.000082,,0x00
"ch1","data",183.1489145,0.000082,,0x00
"ch1","data",183.1490015,0.000082,,0x00
"ch1","data",183.149088,0.000082,,0x90
"ch1","data",183.149175,0.000082,,0x01
"ch1","data",183.1492615,0.000082,,0x14
"ch1","data",183.1493485,0.000082,,0x00
"ch1","data",183.149435,0.000082,,0x00
"ch1","data",183.149522,0.000082,,0x00
"ch1","data",183.1496085,0.000082,,0x00
"ch1","data",183.1496955,0.000082,,0x00
"ch1","data",183.149782,0.000082,,0x00
"ch1","data",183.149869,0.000082,,0x00
"ch1","data",183.1499555,0.000082,,0x00
"ch1","data",183.1500425,0.000082,,0x00
"ch1","data",183.150129,0.000082,,0x00
"ch1","data",183.150216,0.000082,,0x00
"ch1","data",183.1503025,0.000082,,0x00
"ch1","data",183.1503895,0.000082,,0x00
"ch1","data",183.150476,0.000082,,0x00
"ch1","data",183.150563,0.000082,,0x00
"ch1","data",183.1506495,0.000082,,0x00
"ch1","data",183.1507365,0.000082,,0x00
"ch1","data",183.150823,0.000082,,0xBA
"ch1","data",183.15091,0.000082,,0x74
"ch1","data",183.1509965,0.000082,,0x7D
"ch1","data",183.1510835,0.000082,,0x0D
"ch1","data",183.15117,0.000082,,0x0A
"ch1","data",183.151257,0.000082,,0x0D
"ch1","data",183.1513435,0.000082,,0x0A
"ch1","data",183.1514305,0.000082,,0x0D
"ch1","data",183.151517,0.000082,,0x0A
"ch1","data",183.151604,0.000082,,0x00
"ch1","data",183.1516905,0.000082,,0x7B
"ch1","data",183.1517775,0.000082,,0x0C
"ch1","data",183.151864,0.000082,,0x00
"ch1","data",183.151951,0.000082,,0x01
"ch1","data",183.1520375,0.000082,,0x00
"ch1","data",183.1521245,0.000082,,0x03
"ch1","data",183.152211,0.000082,,0x00
"ch1","data",183.152298,0.000082,,0x01
"ch1","data",183.1523845,0.000082,,0x00
"ch1","data",183.1524715,0.000082,,0x00
"ch1","data",183.152558,0.000082,,0x00
"ch1","data",183.152645,0.000082,,0xB0
"ch1","data",183.1527315,0.000082,,0xC0
"ch1","data",183.1528185,0.000082,,0x7D
"ch1","data",183.152905,0.000082,,0x0D
"ch1","data",183.152992,0.000082,,0x0A
"ch0","data",188.9917705,0.000082,,0xDD
"ch0","data",188.991855,0.000082,,0x02
"ch0","data",188.9919395,0.000082,,0x00
"ch0","data",188.992024,0.000082,,0x3B
"ch0","data",188.992109,0.000082,,0x00
"ch0","data",188.9921935,0.000082,,0x7B
"ch0","data",188.992278,0.000082,,0x38
"ch0","data",188.9923625,0.000082,,0x00
"ch0","data",188.9924475,0.000082,,0x11
"ch0","data",188.992532,0.000082,,0x00
"ch0","data",188.9926165,0.000082,,0x01
"ch0","data",188.9927015,0.000082,,0x00
"ch0","data",188.992786,0.000082,,0x00
"ch0","data",188.9928705,0.000082,,0x00
"ch0","data",188.9929555,0.000082,,0x01
"ch0","data",188.99304,0.000082,,0x00
"ch0","data",188.9931245,0.000082,,0x46
"ch0","data",188.993209,0.000082,,0x81
"ch0","data",188.9932935,0.000082,,0x9E
"ch0","data",188.993378,0.000082,,0xE3
"ch0","data",188.993463,0.000082,,0x00
"ch0","data",188.9935475,0.000082,,0x1D
"ch0","data",188.993632,0.000082,,0x00
"ch0","data",188.9937165,0.000082,,0x0F
"ch0","data",188.9938015,0.000082,,0x20
"ch0","data",188.993886,0.000082,,0x00
"ch0","data",188.9939705,0.000082,,0xFD
"ch0","data",188.994055,0.000082,,0x0A
"ch0","data",188.9941395,0.000082,,0xA5
"ch0","data",188.9942245,0.000082,,0x27
"ch0","data",188.994309,0.000082,,0x56
"ch0","data",188.9943935,0.000082,,0xAF
"ch0","data",188.994478,0.000082,,0x00
"ch0","data",188.9945625,0.000082,,0x00
"ch0","data",188.994647,0.000082,,0x00
"ch0","data",188.994732,0.000082,,0x00
"ch0","data",188.9948165,0.000082,,0x00
"ch0","data",188.994901,0.000082,,0x00
"ch0","data",188.994986,0.000082,,0x61
"ch0","data",188.9950705,0.000082,,0x07
"ch0","data",188.995155,0.000082,,0x73
"ch0","data",188.9952395,0.000082,,0x62
"ch0","data",188.9953245,0.000082,,0x28
"ch0","data",188.995409,0.000082,,0x00
"ch0","data",188.995494,0.000082,,0x60
"ch0","data",188.9955785,0.000082,,0x00
"ch0","data",188.995663,0.000082,,0x00
"ch0","data",188.995748,0.000082,,0x88
"ch0","data",188.9958325,0.000082,,0x00
"ch0","data",188.995917,0.000082,,0x00
"ch0","data",188.996002,0.000082,,0x98
"ch0","data",188.9960865,0.000082,,0x00
"ch0","data",188.9961715,0.000082,,0x9F
"ch0","data",188.996256,0.000082,,0x00
"ch0","data",188.9963405,0.000082,,0x09
"ch0","data",188.9964255,0.000082,,0x00
"ch0","data",188.99651,0.000082,,0x00
"ch0","data",188.9965945,0.000082,,0x00
"ch0","data",188.9966795,0.000082,,0x54
"ch0","data",188.996764,0.000082,,0x0E
"ch0","data",188.996849,0.000082,,0x11
"ch0","data",188.9969335,0.000082,,0xF5
"ch0","data",188.997018,0.000082,,0x7D
"ch0","data",188.9971025,0.000082,,0xDD
"ch0","data",188.9971875,0.000082,,0x02
"ch0","data",188.997272,0.000082,,0x00
"ch0","data",188.9973565,0.000082,,0x0F
"ch0","data",188.9974415,0.000082,,0x00
"ch0","data",188.997526,0.000082,,0x7B
"ch0","data",188.9976105,0.000082,,0x0C
"ch0","data",188.997695,0.000082,,0x00
"ch0","data",188.9977795,0.000082,,0x11
"ch0","data",188.9978645,0.000082,,0x00
"ch0","data",188.997949,0.000082,,0x00
"ch0","data",188.9980335,0.000082,,0x00
"ch0","data",188.9981185,0.000082,,0x00
"ch0","data",188.998203,0.000082,,0x00
"ch0","data",188.998288,0.000082,,0x01
"ch0","data",188.9983725,0.000082,,0x00
"ch0","data",188.998457,0.000082,,0x61
"ch0","data",188.998542,0.000082,,0x76
"ch0","data",188.9986265,0.000082,,0x7D
"ch1","data",189.7286285,0.000082,,0x0D
"ch1","data",189.7287155,0.000082,,0x0A
"ch1","data",189.728802,0.000082,,0x00
"ch1","data",189.728889,0.000082,,0x7B
"ch1","data",189.7289755,0.000082,,0x38
"ch1","data",189.7290625,0.000082,,0x00
"ch1","data",189.729149,0.000082,,0x01
"ch1","data",189.729236,0.000082,,0x00
"ch1","data",189.7293225,0.000082,,0x05
"ch1","data",189.7294095,0.000082,,0x00
"ch1","data",189.729496,0.000082,,0x01
"ch1","data",189.729583,0.000082,,0x00
"ch1","data",189.7296695,0.000082,,0x00
"ch1","data",189.7297565,0.000082,,0x00
"ch1","data",189.729843,0.000082,,0x46
"ch1","data",189.72993,0.000082,,0x81
"ch1","data",189.7300165,0.000082,,0x9E
"ch1","data",189.7301035,0.000082,,0xE3
"ch1","data",189.73019,0.000082,,0x00
"ch1","data",189.730277,0.000082,,0x1D
"ch1","data",189.7303635,0.000082,,0x00
"ch1","data",189.7304505,0.000082,,0x0F
"ch1","data",189.730537,0.000082,,0x00
"ch1","data",189.730624,0.000082,,0x01
"ch1","data",189.7307105,0.000082,,0x00
"ch1","data",189.7307975,0.000082,,0x00
"ch1","data",189.730884,0.000082,,0x00
"ch1","data",189.730971,0.000082,,0x00
"ch1","data",189.7310575,0.000082,,0x00
"ch1","data",189.7311445,0.000082,,0x00
"ch1","data",189.731231,0.000082,,0x09
"ch1","data",189.731318,0.000082,,0x00
"ch1","data",189.7314045,0.000082,,0x16
"ch1","data",189.7314915,0.000082,,0x25
"ch1","data",189.731578,0.000082,,0x61
"ch1","data",189.731665,0.000082,,0x07
"ch1","data",189.7317515,0.000082,,0x73
"ch1","data",189.7318385,0.000082,,0x62
"ch1","data",189.731925,0.000082,,0x00
"ch1","data",189.732012,0.000082,,0x00
"ch1","data",189.7320985,0.000082,,0xFF
"ch1","data",189.7321855,0.000082,,0x04
"ch1","data",189.732272,0.000082,,0xFF
"ch1","data",189.732359,0.000082,,0x0F
"ch1","data",189.7324455,0.000082,,0x04
"ch1","data",189.7325325,0.000082,,0x40
"ch1","data",189.732619,0.000082,,0x0C
"ch1","data",189.732706,0.000082,,0xFE
"ch1","data",189.7327925,0.000082,,0x00
"ch1","data",189.7328795,0.000082,,0x00
"ch1","data",189.732966,0.000082,,0x00
"ch1","data",189.733053,0.000082,,0x01
"ch1","data",189.7331395,0.000082,,0x00
"ch1","data",189.7332265,0.000082,,0x13
"ch1","data",189.733313,0.000082,,0x00
"ch1","data",189.7334,0.000082,,0x00
"ch1","data",189.7334865,0.000082,,0x2C
"ch1","data",189.7335735,0.000082,,0xCC
"ch1","data",189.73366,0.000082,,0xBF
"ch1","data",189.733747,0.000082,,0xCF
"ch1","data",189.7338335,0.000082,,0x7D
"ch1","data",189.7339205,0.000082,,0x0D
"ch1","data",189.734007,0.000082,,0x0A
"ch1","data",189.734094,0.000082,,0x0D
"ch1","data",189.7341805,0.000082,,0x0A
"ch1","data",189.7342675,0.000082,,0x00
"ch1","data",189.734354,0.000082,,0x7B
"ch1","data",189.734441,0.000082,,0x38
"ch1","data",189.7345275,0.000082,,0x00
"ch1","data",189.7346145,0.000082,,0x01
"ch1","data",189.734701,0.000082,,0x00
"ch1","data",189.734788,0.000082,,0x05
"ch1","data",189.7348745,0.000082,,0x00
"ch1","data",189.7349615,0.000082,,0x01
"ch1","data",189.735048,0.000082,,0x00
"ch1","data",189.735135,0.000082,,0x00
"ch1","data",189.7352215,0.000082,,0x00
"ch1","data",189.7353085,0.000082,,0x00
"ch1","data",189.735395,0.000082,,0x12
"ch1","data",189.735482,0.000082,,0x4B
"ch1","data",189.7355685,0.000082,,0x00
"ch1","data",189.7356555,0.000082,,0x38
"ch1","data",189.735742,0.000082,,0x0D
"ch1","data",189.735829,0.000082,,0x16
"ch1","data",189.7359155,0.000082,,0xFD
"ch1","data",189.7360025,0.000082,,0x00
"ch1","data",189.736089,0.000082,,0x00
"ch1","data",189.736176,0.000082,,0x00
"ch1","data",189.7362625,0.000082,,0x00
"ch1","data",189.7363495,0.000082,,0x00
"ch1","data",189.736436,0.000082,,0x00
"ch1","data",189.736523,0.000082,,0x00
"ch1","data",189.7366095,0.000082,,0x00
"ch1","data",189.7366965,0.000082,,0x3E
"ch1","data",189.736783,0.000082,,0x00
"ch1","data",189.73687,0.000082,,0xFF
"ch1","data",189.7369565,0.000082,,0x41
"ch1","data",189.7370435,0.000082,,0x04
"ch1","data",189.73713,0.000082,,0x00
"ch1","data",189.737217,0.000082,,0x00
"ch1","data",189.7373035,0.000082,,0x00
"ch1","data",189.7373905,0.000082,,0x90
"ch1","data",189.737477,0.000082,,0x01
"ch1","data",189.737564,0.000082,,0x14
"ch1","data",189.7376505,0.000082,,0x00
"ch1","data",189.7377375,0.000082,,0x00
"ch1","data",189.737824,0.000082,,0x00
"ch1","data",189.737911,0.000082,,0x00
"ch1","data",189.7379975,0.000082,,0x00
"ch1","data",189.7380845,0.000082,,0x00
"ch1","data",189.738171,0.000082,,0x00
"ch1","data",189.738258,0.000082,,0x00
"ch1","data",189.7383445,0.000082,,0x00
"ch1","data",189.7384315,0.000082,,0x00
"ch1","data",189.738518,0.000082,,0x00
"ch1","data",189.738605,0.000082,,0x00
"ch1","data",189.7386915,0.000082,,0x00
"ch1","data",189.7387785,0.000082,,0x00
"ch1","data",189.738865,0.000082,,0x00
"ch1","data",189.738952,0.000082,,0x00
"ch1","data",189.7390385,0.000082,,0x00
"ch1","data",189.7391255,0.000082,,0xBA
"ch1","data",189.739212,0.000082,,0x74
"ch1","data",189.739299,0.000082,,0x7D
"ch1","data",189.7393855,0.000082,,0x0D
"ch1","data",189.7394725,0.000082,,0x0A
"ch1","data",189.739559,0.000082,,0x0D
"ch1","data",189.739646,0.000082,,0x0A
"ch1","data",189.7397325,0.000082,,0x0D
"ch1","data",189.7398195,0.000082,,0x0A
"ch1","data",189.739906,0.000082,,0x00
"ch1","data",189.739993,0.000082,,0x7B
"ch1","data",189.7400795,0.000082,,0x0C
"ch1","data",189.7401665,0.000082,,0x00
"ch1","data",189.740253,0.000082,,0x01
"ch1","data",189.74034,0.000082,,0x00
"ch1","data",189.7404265,0.000082,,0x03
"ch1","data",189.7405135,0.000082,,0x00
"ch1","data",189.7406,0.000082,,0x01
"ch1","data",189.740687,0.000082,,0x00
"ch1","data",189.7407735,0.000082,,0x00
"ch1","data",189.7408605,0.000082,,0x00
"ch1","data",189.740947,0.000082,,0xB0
"ch1","data",189.741034,0.000082,,0xC0
"ch1","data",189.7411205,0.000082,,0x7D
"ch1","data",189.7412075,0.000082,,0x0D
"ch1","data",189.741294,0.000082,,0x0A
"ch0","data",195.2582465,0.000082,,0xDD
"ch0","data",195.258331,0.000082,,0x02
"ch0","data",195.258416,0.000082,,0x00
"ch0","data",195.2585005,0.000082,,0x3B
"ch0","data",195.258585,0.000082,,0x00
"ch0","data",195.25867,0.000082,,0x7B
"ch0","data",195.2587545,0.000082,,0x38
"ch0","data",195.258839,0.000082,,0x00
"ch0","data",195.2589235,0.000082,,0x11
"ch0","data",195.2590085,0.000082,,0x00
"ch0","data",195.259093,0.000082,,0x01
"ch0","data",195.2591775,0.000082,,0x00
"ch0","data",195.259262,0.000082,,0x00
"ch0","data",195.259347,0.000082,,0x00
"ch0","data",195.2594315,0.000082,,0x01
"ch0","data",195.259516,0.000082,,0x00
"ch0","data",195.2596005,0.000082,,0x46
"ch0","data",195.2596855,0.000082,,0x81
"ch0","data",195.25977,0.000082,,0x9E
"ch0","data",195.2598545,0.000082,,0xE3
"ch0","data",195.2599395,0.000082,,0x00
"ch0","data",195.260024,0.000082,,0x1D
"ch0","data",195.2601085,0.000082,,0x00
"ch0","data",195.2601935,0.000082,,0x0F
"ch0","data",195.260278,0.000082,,0x20
"ch0","data",195.2603625,0.000082,,0x00
"ch0","data",195.260447,0.000082,,0xFD
"ch0","data",195.2605315,0.000082,,0x0A
"ch0","data",195.260616,0.000082,,0xA5
"ch0","data",195.260701,0.000082,,0x27
"ch0","data",195.2607855,0.000082,,0x56
"ch0","data",195.26087,0.000082,,0xAF
"ch0","data",195.260955,0.000082,,0x00
"ch0","data",195.2610395,0.000082,,0x00
"ch0","data",195.261124,0.000082,,0x00
"ch0","data",195.2612085,0.000082,,0x00
"ch0","data",195.261293,0.000082,,0x00
"ch0","data",195.261378,0.000082,,0x00
"ch0","data",195.2614625,0.000082,,0x61
"ch0","data",195.261547,0.000082,,0x07
"ch0","data",195.261632,0.000082,,0x73
"ch0","data",195.2617165,0.000082,,0x62
"ch0","data",195.261801,0.000082,,0x28
"ch0","data",195.2618855,0.000082,,0x00
"ch0","data",195.26197,0.000082,,0x60
"ch0","data",195.2620545,0.000082,,0x00
"ch0","data",195.2621395,0.000082,,0x00
"ch0","data",195.262224,0.000082,,0x88
"ch0","data",195.2623085,0.000082,,0x00
"ch0","data",195.2623935,0.000082,,0x00
"ch0","data",195.262478,0.000082,,0x98
"ch0","data",195.2625625,0.000082,,0x00
"ch0","data",195.2626475,0.000082,,0x9F
"ch0","data",195.262732,0.000082,,0x00
"ch0","data",195.262817,0.000082,,0x09
"ch0","data",195.2629015,0.000082,,0x00
"ch0","data",195.262986,0.000082,,0x00
"ch0","data",195.263071,0.000082,,0x00
"ch0","data",195.2631555,0.000082,,0x54
"ch0","data",195.26324,0.000082,,0x0E
"ch0","data",195.2633245,0.000082,,0x11
"ch0","data",195.2634095,0.000082,,0xF5
"ch0","data",195.263494,0.000082,,0x7D
"ch0","data",195.2635785,0.000082,,0xDD
"ch0","data",195.2636635,0.000082,,0x02
"ch0","data",195.263748,0.000082,,0x00
"ch0","data",195.263833,0.000082,,0x0F
"ch0","data",195.2639175,0.000082,,0x00
"ch0","data",195.264002,0.000082,,0x7B
"ch0","data",195.2640865,0.000082,,0x0C
"ch0","data",195.2641715,0.000082,,0x00
"ch0","data",195.264256,0.000082,,0x11
"ch0","data",195.264341,0.000082,,0x00
"ch0","data",195.2644255,0.000082,,0x00
"ch0","data",195.26451,0.000082,,0x00
"ch0","data",195.2645945,0.000082,,0x00
"ch0","data",195.2646795,0.000082,,0x00
"ch0","data",195.264764,0.000082,,0x01
"ch0","data",195.2648485,0.000082,,0x00
"ch0","data",195.2649335,0.000082,,0x61
"ch0","data",195.265018,0.000082,,0x76
"ch0","data",195.2651025,0.000082,,0x7D
"ch1","data",195.577155,0.000082,,0x0D
"ch1","data",195.577242,0.000082,,0x0A
"ch1","data",195.5773285,0.000082,,0x00
"ch1","data",195.5774155,0.000082,,0x7B
"ch1","data",195.577502,0.000082,,0x38
"ch1","data",195.577589,0.000082,,0x00
"ch1","data",195.5776755,0.000082,,0x01
"ch1","data",195.5777625,0.000082,,0x00
"ch1","data",195.577849,0.000082,,0x05
"ch1","data",195.577936,0.000082,,0x00
"ch1","data",195.5780225,0.000082,,0x01
"ch1","data",195.5781095,0.000082,,0x00
"ch1","data",195.578196,0.000082,,0x00
"ch1","data",195.578283,0.000082,,0x00
"ch1","data",195.5783695,0.000082,,0x46
"ch1","data",195.5784565,0.000082,,0x81
"ch1","data",195.578543,0.000082,,0x9E
"ch1","data",195.57863,0.000082,,0xE3
"ch1","data",195.5787165,0.000082,,0x00
"ch1","data",195.5788035,0.000082,,0x1D
"ch1","data",195.57889,0.000082,,0x00
"ch1","data",195.578977,0.000082,,0x0F
"ch1","data",195.5790635,0.000082,,0x00
"ch1","data",195.5791505,0.000082,,0x01
"ch1","data",195.579237,0.000082,,0x00
"ch1","data",195.579324,0.000082,,0x00
"ch1","data",195.5794105,0.000082,,0x00
"ch1","data",195.5794975,0.000082,,0x00
"ch1","data",195.579584,0.000082,,0x00
"ch1","data",195.579671,0.000082,,0x00
"ch1","data",195.5797575,0.000082,,0x09
"ch1","data",195.5798445,0.000082,,0x00
"ch1","data",195.579931,0.000082,,0x16
"ch1","data",195.580018,0.000082,,0x25
"ch1","data",195.5801045,0.000082,,0x61
"ch1","data",195.5801915,0.000082,,0x07
"ch1","data",195.580278,0.000082,,0x73
"ch1","data",195.580365,0.000082,,0x62
"ch1","data",195.5804515,0.000082,,0x00
"ch1","data",195.5805385,0.000082,,0x00
"ch1","data",195.580625,0.000082,,0xFF
"ch1","data",195.580712,0.000082,,0x04
"ch1","data",195.5807985,0.000082,,0xFF
"ch1","data",195.5808855,0.000082,,0x0F
"ch1","data",195.580972,0.000082,,0x04
"ch1","data",195.581059,0.000082,,0x40
"ch1","data",195.5811455,0.000082,,0x0C
"ch1","data",195.5812325,0.000082,,0xFE
"ch1","data",195.581319,0.000082,,0x00
"ch1","data",195.581406,0.000082,,0x00
"ch1","data",195.5814925,0.000082,,0x00
"ch1","data",195.5815795,0.000082,,0x01
"ch1","data",195.581666,0.000082,,0x00
"ch1","data",195.581753,0.000082,,0x13
"ch1","data",195.5818395,0.000082,,0x00
"ch1","data",195.5819265,0.000082,,0x00
"ch1","data",195.582013,0.000082,,0x2C
"ch1","data",195.5821,0.000082,,0xCC
"ch1","data",195.5821865,0.000082,,0xBF
"ch1","data",195.5822735,0.000082,,0xCF
"ch1","data",195.58236,0.000082,,0x7D
"ch1","data",195.582447,0.000082,,0x0D
"ch1","data",195.5825335,0.000082,,0x0A
"ch1","data",195.5826205,0.000082,,0x0D
"ch1","data",195.582707,0.000082,,0x0A
"ch1","data",195.582794,0.000082,,0x00
"ch1","data",195.5828805,0.000082,,0x7B
"ch1","data",195.5829675,0.000082,,0x38
"ch1","data",195.583054,0.000082,,0x00
"ch1","data",195.583141,0.000082,,0x01
"ch1","data",195.5832275,0.000082,,0x00
"ch1","data",195.5833145,0.000082,,0x05
"ch1","data",195.583401,0.000082,,0x00
"ch1","data",195.583488,0.000082,,0x01
"ch1","data",195.5835745,0.000082,,0x00
"ch1","data",195.5836615,0.000082,,0x00
"ch1","data",195.583748,0.000082,,0x00
"ch1","data",195.583835,0.000082,,0x00
"ch1","data",195.5839215,0.000082,,0x12
"ch1","data",195.5840085,0.000082,,0x4B
"ch1","data",195.584095,0.000082,,0x00
"ch1","data",195.584182,0.000082,,0x38
"ch1","data",195.5842685,0.000082,,0x0D
"ch1","data",195.5843555,0.000082,,0x16
"ch1","data",195.584442,0.000082,,0xFD
"ch1","data",195.584529,0.000082,,0x00
"ch1","data",195.5846155,0.000082,,0x00
"ch1","data",195.5847025,0.000082,,0x00
"ch1","data",195.584789,0.000082,,0x00
"ch1","data",195.584876,0.000082,,0x00
"ch1","data",195.5849625,0.000082,,0x00
"ch1","data",195.5850495,0.000082,,0x00
"ch1","data",195.585136,0.000082,,0x00
"ch1","data",195.585223,0.000082,,0x3E
"ch1","data",195.5853095,0.000082,,0x00
"ch1","data",195.5853965,0.000082,,0xFF
"ch1","data",195.585483,0.000082,,0x41
"ch1","data",195.58557,0.000082,,0x04
"ch1","data",195.5856565,0.000082,,0x00
"ch1","data",195.5857435,0.000082,,0x00
"ch1","data",195.58583,0.000082,,0x00
"ch1","data",195.585917,0.000082,,0x90
"ch1","data",195.5860035,0.000082,,0x01
"ch1","data",195.5860905,0.000082,,0x14
"ch1","data",195.586177,0.000082,,0x00
"ch1","data",195.586264,0.000082,,0x00
"ch1","data",195.5863505,0.000082,,0x00
"ch1","data",195.5864375,0.000082,,0x00
"ch1","data",195.586524,0.000082,,0x00
"ch1","data",195.586611,0.000082,,0x00
"ch1","data",195.5866975,0.000082,,0x00
"ch1","data",195.5867845,0.000082,,0x00
"ch1","data",195.586871,0.000082,,0x00
"ch1","data",195.586958,0.000082,,0x00
"ch1","data",195.5870445,0.000082,,0x00
"ch1","data",195.5871315,0.000082,,0x00
"ch1","data",195.587218,0.000082,,0x00
"ch1","data",195.587305,0.000082,,0x00
"ch1","data",195.5873915,0.000082,,0x00
"ch1","data",195.5874785,0.000082,,0x00
"ch1","data",195.587565,0.000082,,0x00
"ch1","data",195.587652,0.000082,,0xBA
"ch1","data",195.5877385,0.000082,,0x74
"ch1","data",195.5878255,0.000082,,0x7D
"ch1","data",195.587912,0.000082,,0x0D
"ch1","data",195.587999,0.000082,,0x0A
"ch1","data",195.5880855,0.000082,,0x0D
"ch1","data",195.5881725,0.000082,,0x0A
"ch1","data",195.588259,0.000082,,0x0D
"ch1","data",195.588346,0.000082,,0x0A
"ch1","data",195.5884325,0.000082,,0x00
"ch1","data",195.5885195,0.000082,,0x7B
"ch1","data",195.588606,0.000082,,0x0C
"ch1","data",195.588693,0.000082,,0x00
"ch1","data",195.5887795,0.000082,,0x01
"ch1","data",195.5888665,0.000082,,0x00
"ch1","data",195.588953,0.000082,,0x03
"ch1","data",195.58904,0.000082,,0x00
"ch1","data",195.5891265,0.000082,,0x01
"ch1","data",195.5892135,0.000082,,0x00
"ch1","data",195.5893,0.000082,,0x00
"ch1","data",195.589387,0.000082,,0x00
"ch1","data",195.5894735,0.000082,,0xB0
"ch1","data",195.5895605,0.000082,,0xC0
"ch1","data",195.589647,0.000082,,0x7D
"ch1","data",195.589734,0.000082,,0x0D
"ch1","data",195.5898205,0.000082,,0x0A
"ch0","data",201.6101765,0.000082,,0xDD
"ch0","data",201.6102615,0.000082,,0x02
"ch0","data",201.610346,0.000082,,0x00
"ch0","data",201.610431,0.000082,,0x3B
"ch0","data",201.6105155,0.000082,,0x00
"ch0","data",201.6106,0.000082,,0x7B
"ch0","data",201.610685,0.000082,,0x38
"ch0","data",201.6107695,0.000082,,0x00
"ch0","data",201.610854,0.000082,,0x11
"ch0","data",201.610939,0.000082,,0x00
"ch0","data",201.6110235,0.000082,,0x01
"ch0","data",201.611108,0.000082,,0x00
"ch0","data",201.611193,0.000082,,0x00
"ch0","data",201.6112775,0.000082,,0x00
"ch0","data",201.611362,0.000082,,0x01
"ch0","data",201.611447,0.000082,,0x00
"ch0","data",201.6115315,0.000082,,0x46
"ch0","data",201.6116165,0.000082,,0x81
"ch0","data",201.611701,0.000082,,0x9E
"ch0","data",201.6117855,0.000082,,0xE3
"ch0","data",201.61187,0.000082,,0x00
"ch0","data",201.6119545,0.000082,,0x1D
"ch0","data",201.6120395,0.000082,,0x00
"ch0","data",201.612124,0.000082,,0x0F
"ch0","data",201.6122085,0.000082,,0x20
"ch0","data",201.612293,0.000082,,0x00
"ch0","data",201.612378,0.000082,,0x02
"ch0","data",201.6124625,0.000082,,0x0B
"ch0","data",201.612547,0.000082,,0xA5
"ch0","data",201.6126315,0.000082,,0x27
"ch0","data",201.612716,0.000082,,0x56
"ch0","data",201.612801,0.000082,,0x89
"ch0","data",201.6128855,0.000082,,0x00
"ch0","data",201.61297,0.000082,,0x00
"ch0","data",201.6130545,0.000082,,0x00
"ch0","data",201.6131395,0.000082,,0x00
"ch0","data",201.613224,0.000082,,0x00
"ch0","data",201.6133085,0.000082,,0x00
"ch0","data",201.613393,0.000082,,0x61
"ch0","data",201.6134775,0.000082,,0x07
"ch0","data",201.6135625,0.000082,,0x73
"ch0","data",201.613647,0.000082,,0x62
"ch0","data",201.6137315,0.000082,,0x28
"ch0","data",201.613816,0.000082,,0x00
"ch0","data",201.6139005,0.000082,,0x65
"ch0","data",201.6139855,0.000082,,0x00
"ch0","data",201.61407,0.000082,,0x00
"ch0","data",201.6141545,0.000082,,0x88
"ch0","data",201.614239,0.000082,,0x00
"ch0","data",201.614324,0.000082,,0x00
"ch0","data",201.6144085,0.000082,,0x98
"ch0","data",201.614493,0.000082,,0x00
"ch0","data",201.6145775,0.000082,,0x9F
"ch0","data",201.614662,0.000082,,0x00
"ch0","data",201.614747,0.000082,,0x09
"ch0","data",201.6148315,0.000082,,0x00
"ch0","data",201.6149165,0.000082,,0x00
"ch0","data",201.615001,0.000082,,0x00
"ch0","data",201.6150855,0.000082,,0x54
"ch0","data",201.6151705,0.000082,,0x0E
"ch0","data",201.615255,0.000082,,0xE2
"ch0","data",201.6153395,0.000082,,0xEB
"ch0","data",201.615424,0.000082,,0x7D
"ch0","data",201.615509,0.000082,,0xDD
"ch0","data",201.6155935,0.000082,,0x02
"ch0","data",201.6156785,0.000082,,0x00
"ch0","data",201.615763,0.000082,,0x13
"ch0","data",201.6158475,0.000082,,0x00
"ch0","data",201.6159325,0.000082,,0x7B
"ch0","data",201.616017,0.000082,,0x10
"ch0","data",201.6161015,0.000082,,0x00
"ch0","data",201.6161865,0.000082,,0x11
"ch0","data",201.616271,0.000082,,0x00
"ch0","data",201.6163555,0.000082,,0x08
"ch0","data",201.61644,0.000082,,0x00
"ch0","data",201.616525,0.000082,,0x00
"ch0","data",201.6166095,0.000082,,0x00
"ch0","data",201.616694,0.000082,,0x01
"ch0","data",201.6167785,0.000082,,0x00
"ch0","data",201.6168635,0.000082,,0x04
"ch0","data",201.616948,0.000082,,0x00
"ch0","data",201.6170325,0.000082,,0x00
"ch0","data",201.617117,0.000082,,0x00
"ch0","data",201.617202,0.000082,,0x34
"ch0","data",201.6172865,0.000082,,0x99
"ch0","data",201.617371,0.000082,,0x7D
"ch0","data",201.617456,0.000082,,0xDD
"ch0","data",201.6175405,0.000082,,0x02
"ch0","data",201.617625,0.000082,,0x00
"ch0","data",201.61771,0.000082,,0x0F
"ch0","data",201.6177945,0.000082,,0x00
"ch0","data",201.6178795,0.000082,,0x7B
"ch0","data",201.617964,0.000082,,0x0C
"ch0","data",201.6180485,0.000082,,0x00
"ch0","data",201.6181335,0.000082,,0x11
"ch0","data",201.618218,0.000082,,0x00
"ch0","data",201.618303,0.000082,,0x00
"ch0","data",201.6183875,0.000082,,0x00
"ch0","data",201.618472,0.000082,,0x00
"ch0","data",201.618557,0.000082,,0x00
"ch0","data",201.6186415,0.000082,,0x01
"ch0","data",201.618726,0.000082,,0x00
"ch0","data",201.618811,0.000082,,0x61
"ch0","data",201.6188955,0.000082,,0x76
"ch0","data",201.6189805,0.000082,,0x7D
"ch0","data",201.619065,0.000082,,0xDD
"ch0","data",201.6191495,0.000082,,0x02
"ch0","data",201.6192345,0.000082,,0x00
"ch0","data",201.619319,0.000082,,0x0F
"ch0","data",201.6194035,0.000082,,0x00
"ch0","data",201.6194885,0.000082,,0x7B
"ch0","data",201.619573,0.000082,,0x0C
"ch0","data",201.6196575,0.000082,,0x00
"ch0","data",201.6197425,0.000082,,0x11
"ch0","data",201.619827,0.000082,,0x00
"ch0","data",201.6199115,0.000082,,0x0B
"ch0","data",201.619996,0.000082,,0x00
"ch0","data",201.6200805,0.000082,,0x00
"ch0","data",201.6201655,0.000082,,0x00
"ch0","data",201.62025,0.000082,,0x01
"ch0","data",201.6203345,0.000082,,0x00
"ch0","data",201.6204195,0.000082,,0xC3
"ch0","data",201.620504,0.000082,,0xB5
"ch0","data",201.6205885,0.000082,,0x7D
"ch1","data",202.0102725,0.000082,,0x0D
"ch1","data",202.010359,0.000082,,0x0A
"ch1","data",202.010446,0.000082,,0x00
"ch1","data",202.0105325,0.000082,,0x7B
"ch1","data",202.0106195,0.000082,,0x38
"ch1","data",202.010706,0.000082,,0x00
"ch1","data",202.010793,0.000082,,0x01
"ch1","data",202.0108795,0.000082,,0x00
"ch1","data",202.0109665,0.000082,,0x05
"ch1","data",202.011053,0.000082,,0x00
"ch1","data",202.01114,0.000082,,0x01
"ch1","data",202.0112265,0.000082,,0x00
"ch1","data",202.0113135,0.000082,,0x00
"ch1","data",202.0114,0.000082,,0x00
"ch1","data",202.011487,0.000082,,0x46
"ch1","data",202.0115735,0.000082,,0x81
"ch1","data",202.0116605,0.000082,,0x9E
"ch1","data",202.011747,0.000082,,0xE3
"ch1","data",202.011834,0.000082,,0x00
"ch1","data",202.0119205,0.000082,,0x1D
"ch1","data",202.0120075,0.000082,,0x00
"ch1","data",202.012094,0.000082,,0x0F
"ch1","data",202.012181,0.000082,,0x00
"ch1","data",202.0122675,0.000082,,0x01
"ch1","data",202.0123545,0.000082,,0x00
"ch1","data",202.012441,0.000082,,0x00
"ch1","data",202.012528,0.000082,,0x00
"ch1","data",202.0126145,0.000082,,0x00
"ch1","data",202.0127015,0.000082,,0x00
"ch1","data",202.012788,0.000082,,0x00
"ch1","data",202.012875,0.000082,,0x09
"ch1","data",202.0129615,0.000082,,0x00
"ch1","data",202.0130485,0.000082,,0x16
"ch1","data",202.013135,0.000082,,0x25
"ch1","data",202.013222,0.000082,,0x61
"ch1","data",202.0133085,0.000082,,0x07
"ch1","data",202.0133955,0.000082,,0x73
"ch1","data",202.013482,0.000082,,0x62
"ch1","data",202.013569,0.000082,,0x00
"ch1","data",202.0136555,0.000082,,0x00
"ch1","data",202.0137425,0.000082,,0xFF
"ch1","data",202.013829,0.000082,,0x04
"ch1","data",202.013916,0.000082,,0xFF
"ch1","data",202.0140025,0.000082,,0x0F
"ch1","data",202.0140895,0.000082,,0x04
"ch1","data",202.014176,0.000082,,0x40
"ch1","data",202.014263,0.000082,,0x0C
"ch1","data",202.0143495,0.000082,,0xFE
"ch1","data",202.0144365,0.000082,,0x00
"ch1","data",202.014523,0.000082,,0x00
"ch1","data",202.01461,0.000082,,0x00
"ch1","data",202.0146965,0.000082,,0x01
"ch1","data",202.0147835,0.000082,,0x00
"ch1","data",202.01487,0.000082,,0x13
"ch1","data",202.014957,0.000082,,0x00
"ch1","data",202.0150435,0.000082,,0x00
"ch1","data",202.0151305,0.000082,,0x2C
"ch1","data",202.015217,0.000082,,0xCC
"ch1","data",202.015304,0.000082,,0xBF
"ch1","data",202.0153905,0.000082,,0xCF
"ch1","data",202.0154775,0.000082,,0x7D
"ch1","data",202.015564,0.000082,,0x0D
"ch1","data",202.015651,0.000082,,0x0A
"ch1","data",202.0157375,0.000082,,0x0D
"ch1","data",202.0158245,0.000082,,0x0A
"ch1","data",202.015911,0.000082,,0x00
"ch1","data",202.015998,0.000082,,0x7B
"ch1","data",202.0160845,0.000082,,0x38
"ch1","data",202.0161715,0.000082,,0x00
"ch1","data",202.016258,0.000082,,0x01
"ch1","data",202.016345,0.000082,,0x00
"ch1","data",202.0164315,0.000082,,0x05
"ch1","data",202.0165185,0.000082,,0x00
"ch1","data",202.016605,0.000082,,0x01
"ch1","data",202.016692,0.000082,,0x00
"ch1","data",202.0167785,0.000082,,0x00
"ch1","data",202.0168655,0.000082,,0x00
"ch1","data",202.016952,0.000082,,0x00
"ch1","data",202.017039,0.000082,,0x12
"ch1","data",202.0171255,0.000082,,0x4B
"ch1","data",202.0172125,0.000082,,0x00
"ch1","data",202.017299,0.000082,,0x38
"ch1","data",202.017386,0.000082,,0x0D
"ch1","data",202.0174725,0.000082,,0x16
"ch1","data",202.0175595,0.000082,,0xFD
"ch1","data",202.017646,0.000082,,0x00
"ch1","data",202.017733,0.000082,,0x00
"ch1","data",202.0178195,0.000082,,0x00
"ch1","data",202.0179065,0.000082,,0x00
"ch1","data",202.017993,0.000082,,0x00
"ch1","data",202.01808,0.000082,,0x00
"ch1","data",202.0181665,0.000082,,0x00
"ch1","data",202.0182535,0.000082,,0x00
"ch1","data",202.01834,0.000082,,0x3E
"ch1","data",202.018427,0.000082,,0x00
"ch1","data",202.0185135,0.000082,,0xFF
"ch1","data",202.0186005,0.000082,,0x41
"ch1","data",202.018687,0.000082,,0x04
"ch1","data",202.018774,0.000082,,0x00
"ch1","data",202.0188605,0.000082,,0x00
"ch1","data",202.0189475,0.000082,,0x00
"ch1","data",202.019034,0.000082,,0x90
"ch1","data",202.019121,0.000082,,0x01
"ch1","data",202.0192075,0.000082,,0x14
"ch1","data",202.0192945,0.000082,,0x00
"ch1","data",202.019381,0.000082,,0x00
"ch1","data",202.019468,0.000082,,0x00
"ch1","data",202.0195545,0.000082,,0x00
"ch1","data",202.0196415,0.000082,,0x00
"ch1","data",202.019728,0.000082,,0x00
"ch1","data",202.019815,0.000082,,0x00
"ch1","data",202.0199015,0.000082,,0x00
"ch1","data",202.0199885,0.000082,,0x00
"ch1","data",202.020075,0.000082,,0x00
"ch1","data",202.020162,0.000082,,0x00
"ch1","data",202.0202485,0.000082,,0x00
"ch1","data",202.0203355,0.000082,,0x00
"ch1","data",202.020422,0.000082,,0x00
"ch1","data",202.020509,0.000082,,0x00
"ch1","data",202.0205955,0.000082,,0x00
"ch1","data",202.0206825,0.000082,,0x00
"ch1","data",202.020769,0.000082,,0xBA
"ch1","data",202.020856,0.000082,,0x74
"ch1","data",202.0209425,0.000082,,0x7D
"ch1","data",202.0210295,0.000082,,0x0D
"ch1","data",202.021116,0.000082,,0x0A
"ch1","data",202.021203,0.000082,,0x0D
"ch1","data",202.0212895,0.000082,,0x0A
"ch1","data",202.0213765,0.000082,,0x0D
"ch1","data",202.021463,0.000082,,0x0A
"ch1","data",202.02155,0.000082,,0x00
"ch1","data",202.0216365,0.000082,,0x7B
"ch1","data",202.0217235,0.000082,,0x0C
"ch1","data",202.02181,0.000082,,0x00
"ch1","data",202.021897,0.000082,,0x01
"ch1","data",202.0219835,0.000082,,0x00
"ch1","data",202.0220705,0.000082,,0x03
"ch1","data",202.022157,0.000082,,0x00
"ch1","data",202.022244,0.000082,,0x01
"ch1","data",202.0223305,0.000082,,0x00
"ch1","data",202.0224175,0.000082,,0x00
"ch1","data",202.022504,0.000082,,0x00
"ch1","data",202.022591,0.000082,,0xB0
"ch1","data",202.0226775,0.000082,,0xC0
"ch1","data",202.0227645,0.000082,,0x7D
"ch1","data",202.022851,0.000082,,0x0D
"ch1","data",202.022938,0.000082,,0x0A
"ch1","data",202.425022,0.000082,,0x0D
"ch1","data",202.425109,0.000082,,0x0A
"ch1","data",202.4251955,0.000082,,0x00
"ch1","data",202.4252825,0.000082,,0x7B
"ch1","data",202.425369,0.000082,,0x0C
"ch1","data",202.425456,0.000082,,0x00
"ch1","data",202.4255425,0.000082,,0x01
"ch1","data",202.4256295,0.000082,,0x00
"ch1","data",202.425716,0.000082,,0x03
"ch1","data",202.425803,0.000082,,0x00
"ch1","data",202.4258895,0.000082,,0x01
"ch1","data",202.4259765,0.000082,,0x00
"ch1","data",202.426063,0.000082,,0x00
"ch1","data",202.42615,0.000082,,0x00
"ch1","data",202.4262365,0.000082,,0xB0
"ch1","data",202.4263235,0.000082,,0xC0
"ch1","data",202.42641,0.000082,,0x7D
"ch1","data",202.426497,0.000082,,0x0D
"ch1","data",202.4265835,0.000082,,0x0A
"ch1","data",202.8968685,0.000082,,0x0D
"ch1","data",202.8969555,0.000082,,0x0A
"ch1","data",202.897042,0.000082,,0x00
"ch1","data",202.897129,0.000082,,0x7B
"ch1","data",202.8972155,0.000082,,0x10
"ch1","data",202.8973025,0.000082,,0x00
"ch1","data",202.897389,0.000082,,0x01
"ch1","data",202.897476,0.000082,,0x00
"ch1","data",202.8975625,0.000082,,0x08
"ch1","data",202.8976495,0.000082,,0x00
"ch1","data",202.897736,0.000082,,0x01
"ch1","data",202.897823,0.000082,,0x00
"ch1","data",202.8979095,0.000082,,0x00
"ch1","data",202.8979965,0.000082,,0x00
"ch1","data",202.898083,0.000082,,0x05
"ch1","data",202.89817,0.000082,,0x08
"ch1","data",202.8982565,0.000082,,0x10
"ch1","data",202.8983435,0.000082,,0x40
"ch1","data",202.89843,0.000082,,0xB5
"ch1","data",202.898517,0.000082,,0x38
"ch1","data",202.8986035,0.000082,,0x7D
"ch1","data",202.8986905,0.000082,,0x0D
"ch1","data",202.898777,0.000082,,0x0A
"ch0","data",203.2810585,0.000082,,0xDD
"ch0","data",203.2811435,0.000082,,0x02
"ch0","data",203.281228,0.000082,,0x00
"ch0","data",203.2813125,0.000082,,0x3B
"ch0","data",203.281397,0.000082,,0x00
"ch0","data",203.281482,0.000082,,0x7B
"ch0","data",203.2815665,0.000082,,0x38
"ch0","data",203.281651,0.000082,,0x00
"ch0","data",203.281736,0.000082,,0x11
"ch0","data",203.2818205,0.000082,,0x00
"ch0","data",203.281905,0.000082,,0x01
"ch0","data",203.28199,0.000082,,0x00
"ch0","data",203.2820745,0.000082,,0x00
"ch0","data",203.2821595,0.000082,,0x00
"ch0","data",203.282244,0.000082,,0x01
"ch0","data",203.2823285,0.000082,,0x00
"ch0","data",203.2824135,0.000082,,0x00
"ch0","data",203.282498,0.000082,,0x12
"ch0","data",203.282583,0.000082,,0x4B
"ch0","data",203.2826675,0.000082,,0x00
"ch0","data",203.282752,0.000082,,0x38
"ch0","data",203.282837,0.000082,,0x0D
"ch0","data",203.2829215,0.000082,,0x16
"ch0","data",203.283006,0.000082,,0xFD
"ch0","data",203.283091,0.000082,,0x03
"ch0","data",203.2831755,0.000082,,0x00
"ch0","data",203.2832605,0.000082,,0x45
"ch0","data",203.283345,0.000082,,0x09
"ch0","data",203.2834295,0.000082,,0xA5
"ch0","data",203.2835145,0.000082,,0x27
"ch0","data",203.283599,0.000082,,0x2F
"ch0","data",203.2836835,0.000082,,0x05
"ch0","data",203.2837685,0.000082,,0xCE
"ch0","data",203.283853,0.000082,,0xFF
"ch0","data",203.283938,0.000082,,0x64
"ch0","data",203.2840225,0.000082,,0x00
"ch0","data",203.284107,0.000082,,0xEE
"ch0","data",203.284192,0.000082,,0x02
"ch0","data",203.2842765,0.000082,,0x00
"ch0","data",203.284361,0.000082,,0x00
"ch0","data",203.284446,0.000082,,0x00
"ch0","data",203.2845305,0.000082,,0x00
"ch0","data",203.2846155,0.000082,,0x00
"ch0","data",203.2847,0.000082,,0x00
"ch0","data",203.2847845,0.000082,,0x0A
"ch0","data",203.2848695,0.000082,,0x04
"ch0","data",203.284954,0.000082,,0x00
"ch0","data",203.2850385,0.000082,,0x00
"ch0","data",203.2851235,0.000082,,0x00
"ch0","data",203.285208,0.000082,,0x00
"ch0","data",203.285293,0.000082,,0x00
"ch0","data",203.2853775,0.000082,,0x00
"ch0","data",203.285462,0.000082,,0x06
"ch0","data",203.285547,0.000082,,0x01
"ch0","data",203.2856315,0.000082,,0x00
"ch0","data",203.2857165,0.000082,,0x00
"ch0","data",203.285801,0.000082,,0x00
"ch0","data",203.2858855,0.000082,,0x00
"ch0","data",203.2859705,0.000082,,0x00
"ch0","data",203.286055,0.000082,,0x00
"ch0","data",203.28614,0.000082,,0xAC
"ch0","data",203.2862245,0.000082,,0x7C
"ch0","data",203.286309,0.000082,,0x7D
"ch0","data",203.319866,0.000082,,0xDD
"ch0","data",203.3199505,0.000082,,0x01
"ch0","data",203.3200355,0.000082,,0x00
"ch0","data",203.32012,0.000082,,0x0C
"ch0","data",203.320205,0.000082,,0x54
"ch0","data",203.3202895,0.000082,,0x58
"ch0","data",203.320374,0.000082,,0x20
"ch0","data",203.320459,0.000082,,0x73
"ch0","data",203.3205435,0.000082,,0x75
"ch0","data",203.320628,0.000082,,0x63
"ch0","data",203.320713,0.000082,,0x63
"ch0","data",203.3207975,0.000082,,0x65
"ch0","data",203.320882,0.000082,,0x65
"ch0","data",203.320967,0.000082,,0x64
"ch0","data",203.3210515,0.000082,,0x65
"ch0","data",203.321136,0.000082,,0x64
"ch0","data",207.6414255,0.000082,,0xDD
"ch0","data",207.64151,0.000082,,0x02
"ch0","data",207.641595,0.000082,,0x00
"ch0","data",207.6416795,0.000082,,0x3B
"ch0","data",207.641764,0.000082,,0x00
"ch0","data",207.641849,0.000082,,0x7B
"ch0","data",207.6419335,0.000082,,0x38
"ch0","data",207.6420185,0.000082,,0x00
"ch0","data",207.642103,0.000082,,0x11
"ch0","data",207.6421875,0.000082,,0x00
"ch0","data",207.6422725,0.000082,,0x01
"ch0","data",207.642357,0.000082,,0x00
"ch0","data",207.6424415,0.000082,,0x00
"ch0","data",207.6425265,0.000082,,0x00
"ch0","data",207.642611,0.000082,,0x01
"ch0","data",207.642696,0.000082,,0x00
"ch0","data",207.6427805,0.000082,,0x46
"ch0","data",207.642865,0.000082,,0x81
"ch0","data",207.64295,0.000082,,0x9E
"ch0","data",207.6430345,0.000082,,0xE3
"ch0","data",207.6431195,0.000082,,0x00
"ch0","data",207.643204,0.000082,,0x1D
"ch0","data",207.6432885,0.000082,,0x00
"ch0","data",207.6433735,0.000082,,0x0F
"ch0","data",207.643458,0.000082,,0x20
"ch0","data",207.6435425,0.000082,,0x00
"ch0","data",207.6436275,0.000082,,0x02
"ch0","data",207.643712,0.000082,,0x0B
"ch0","data",207.643797,0.000082,,0xA5
"ch0","data",207.6438815,0.000082,,0x27
"ch0","data",207.643966,0.000082,,0x56
"ch0","data",207.644051,0.000082,,0x89
"ch0","data",207.6441355,0.000082,,0x00
"ch0","data",207.6442205,0.000082,,0x00
"ch0","data",207.644305,0.000082,,0x00
"ch0","data",207.6443895,0.000082,,0x00
"ch0","data",207.6444745,0.000082,,0x00
"ch0","data",207.644559,0.000082,,0x00
"ch0","data",207.6446435,0.000082,,0x61
"ch0","data",207.644728,0.000082,,0x07
"ch0","data",207.644813,0.000082,,0x73
"ch0","data",207.6448975,0.000082,,0x62
"ch0","data",207.6449825,0.000082,,0x28
"ch0","data",207.645067,0.000082,,0x00
"ch0","data",207.6451515,0.000082,,0x65
"ch0","data",207.6452365,0.000082,,0x00
"ch0","data",207.645321,0.000082,,0x00
"ch0","data",207.6454055,0.000082,,0x88
"ch0","data",207.6454905,0.000082,,0x00
"ch0","data",207.645575,0.000082,,0x00
"ch0","data",207.64566,0.000082,,0x98
"ch0","data",207.6457445,0.000082,,0x00
"ch0","data",207.645829,0.000082,,0x9F
"ch0","data",207.645914,0.000082,,0x00
"ch0","data",207.6459985,0.000082,,0x09
"ch0","data",207.6460835,0.000082,,0x00
"ch0","data",207.646168,0.000082,,0x00
"ch0","data",207.6462525,0.000082,,0x00
"ch0","data",207.6463375,0.000082,,0x54
"ch0","data",207.646422,0.000082,,0x0E
"ch0","data",207.646507,0.000082,,0xE2
"ch0","data",207.6465915,0.000082,,0xEB
"ch0","data",207.646676,0.000082,,0x7D
"ch0","data",207.696607,0.000082,,0xDD
"ch0","data",207.6966915,0.000082,,0x02
"ch0","data",207.6967765,0.000082,,0x00
"ch0","data",207.696861,0.000082,,0x0F
"ch0","data",207.6969455,0.000082,,0x00
"ch0","data",207.6970305,0.000082,,0x7B
"ch0","data",207.697115,0.000082,,0x0C
"ch0","data",207.6972,0.000082,,0x00
"ch0","data",207.6972845,0.000082,,0x11
"ch0","data",207.697369,0.000082,,0x00
"ch0","data",207.697454,0.000082,,0x00
"ch0","data",207.6975385,0.000082,,0x00
"ch0","data",207.697623,0.000082,,0x00
"ch0","data",207.697708,0.000082,,0x00
"ch0","data",207.6977925,0.000082,,0x01
"ch0","data",207.697877,0.000082,,0x00
"ch0","data",207.697962,0.000082,,0x61
"ch0","data",207.6980465,0.000082,,0x76
"ch0","data",207.6981315,0.000082,,0x7D
"ch1","data",208.087462,0.000082,,0x0D
"ch1","data",208.0875485,0.000082,,0x0A
"ch1","data",208.0876355,0.000082,,0x00
"ch1","data",208.087722,0.000082,,0x7B
"ch1","data",208.087809,0.000082,,0x38
"ch1","data",208.0878955,0.000082,,0x00
"ch1","data",208.0879825,0.000082,,0x01
"ch1","data",208.088069,0.000082,,0x00
"ch1","data",208.088156,0.000082,,0x05
"ch1","data",208.0882425,0.000082,,0x00
"ch1","data",208.0883295,0.000082,,0x01
"ch1","data",208.088416,0.000082,,0x00
"ch1","data",208.088503,0.000082,,0x00
"ch1","data",208.0885895,0.000082,,0x00
"ch1","data",208.0886765,0.000082,,0x46
"ch1","data",208.088763,0.000082,,0x81
"ch1","data",208.08885,0.000082,,0x9E
"ch1","data",208.0889365,0.000082,,0xE3
"ch1","data",208.0890235,0.000082,,0x00
"ch1","data",208.08911,0.000082,,0x1D
"ch1","data",208.089197,0.000082,,0x00
"ch1","data",208.0892835,0.000082,,0x0F
"ch1","data",208.0893705,0.000082,,0x00
"ch1","data",208.089457,0.000082,,0x01
"ch1","data",208.089544,0.000082,,0x00
"ch1","data",208.0896305,0.000082,,0x00
"ch1","data",208.0897175,0.000082,,0x00
"ch1","data",208.089804,0.000082,,0x00
"ch1","data",208.089891,0.000082,,0x00
"ch1","data",208.0899775,0.000082,,0x00
"ch1","data",208.0900645,0.000082,,0x09
"ch1","data",208.090151,0.000082,,0x00
"ch1","data",208.090238,0.000082,,0x16
"ch1","data",208.0903245,0.000082,,0x25
"ch1","data",208.0904115,0.000082,,0x61
"ch1","data",208.090498,0.000082,,0x07
"ch1","data",208.090585,0.000082,,0x73
"ch1","data",208.0906715,0.000082,,0x62
"ch1","data",208.0907585,0.000082,,0x00
"ch1","data",208.090845,0.000082,,0x00
"ch1","data",208.090932,0.000082,,0xFF
"ch1","data",208.0910185,0.000082,,0x04
"ch1","data",208.0911055,0.000082,,0xFF
"ch1","data",208.091192,0.000082,,0x0F
"ch1","data",208.091279,0.000082,,0x04
"ch1","data",208.0913655,0.000082,,0x40
"ch1","data",208.0914525,0.000082,,0x0C
"ch1","data",208.091539,0.000082,,0xFE
"ch1","data",208.091626,0.000082,,0x00
"ch1","data",208.0917125,0.000082,,0x00
"ch1","data",208.0917995,0.000082,,0x00
"ch1","data",208.091886,0.000082,,0x01
"ch1","data",208.091973,0.000082,,0x00
"ch1","data",208.0920595,0.000082,,0x13
"ch1","data",208.0921465,0.000082,,0x00
"ch1","data",208.092233,0.000082,,0x00
"ch1","data",208.09232,0.000082,,0x2C
"ch1","data",208.0924065,0.000082,,0xCC
"ch1","data",208.0924935,0.000082,,0xBF
"ch1","data",208.09258,0.000082,,0xCF
"ch1","data",208.092667,0.000082,,0x7D
"ch1","data",208.0927535,0.000082,,0x0D
"ch1","data",208.0928405,0.000082,,0x0A
"ch1","data",208.092927,0.000082,,0x0D
"ch1","data",208.093014,0.000082,,0x0A
"ch1","data",208.0931005,0.000082,,0x00
"ch1","data",208.0931875,0.000082,,0x7B
"ch1","data",208.093274,0.000082,,0x38
"ch1","data",208.093361,0.000082,,0x00
"ch1","data",208.0934475,0.000082,,0x01
"ch1","data",208.0935345,0.000082,,0x00
"ch1","data",208.093621,0.000082,,0x05
"ch1","data",208.093708,0.000082,,0x00
"ch1","data",208.0937945,0.000082,,0x01
"ch1","data",208.0938815,0.000082,,0x00
"ch1","data",208.093968,0.000082,,0x00
"ch1","data",208.094055,0.000082,,0x00
"ch1","data",208.0941415,0.000082,,0x00
"ch1","data",208.094228,0.000082,,0x12
"ch1","data",208.094315,0.000082,,0x4B
"ch1","data",208.0944015,0.000082,,0x00
"ch1","data",208.0944885,0.000082,,0x38
"ch1","data",208.094575,0.000082,,0x0D
"ch1","data",208.094662,0.000082,,0x16
"ch1","data",208.0947485,0.000082,,0xFD
"ch1","data",208.0948355,0.000082,,0x00
"ch1","data",208.094922,0.000082,,0x00
"ch1","data",208.095009,0.000082,,0x00
"ch1","data",208.0950955,0.000082,,0x00
"ch1","data",208.0951825,0.000082,,0x64
"ch1","data",208.095269,0.000082,,0x00
"ch1","data",208.095356,0.000082,,0x00
"ch1","data",208.0954425,0.000082,,0x00
"ch1","data",208.0955295,0.000082,,0x3E
"ch1","data",208.095616,0.000082,,0x00
"ch1","data",208.095703,0.000082,,0xFF
"ch1","data",208.0957895,0.000082,,0x41
"ch1","data",208.0958765,0.000082,,0x04
"ch1","data",208.095963,0.000082,,0x00
"ch1","data",208.09605,0.000082,,0x00
"ch1","data",208.0961365,0.000082,,0x00
"ch1","data",208.0962235,0.000082,,0x90
"ch1","data",208.09631,0.000082,,0x01
"ch1","data",208.096397,0.000082,,0x14
"ch1","data",208.0964835,0.000082,,0x00
"ch1","data",208.0965705,0.000082,,0x00
"ch1","data",208.096657,0.000082,,0x00
"ch1","data",208.096744,0.000082,,0x00
"ch1","data",208.0968305,0.000082,,0x00
"ch1","data",208.0969175,0.000082,,0x00
"ch1","data",208.097004,0.000082,,0x00
"ch1","data",208.097091,0.000082,,0x00
"ch1","data",208.0971775,0.000082,,0x00
"ch1","data",208.0972645,0.000082,,0x00
"ch1","data",208.097351,0.000082,,0x00
"ch1","data",208.097438,0.000082,,0x00
"ch1","data",208.0975245,0.000082,,0x00
"ch1","data",208.0976115,0.000082,,0x00
"ch1","data",208.097698,0.000082,,0x00
"ch1","data",208.097785,0.000082,,0x00
"ch1","data",208.0978715,0.000082,,0x00
"ch1","data",208.0979585,0.000082,,0x5F
"ch1","data",208.098045,0.000082,,0xBB
"ch1","data",208.098132,0.000082,,0x7D
"ch1","data",208.0982185,0.000082,,0x0D
"ch1","data",208.0983055,0.000082,,0x0A
"ch1","data",208.098392,0.000082,,0x0D
"ch1","data",208.098479,0.000082,,0x0A
"ch1","data",208.0985655,0.000082,,0x0D
"ch1","data",208.0986525,0.000082,,0x0A
"ch1","data",208.098739,0.000082,,0x00
"ch1","data",208.098826,0.000082,,0x7B
"ch1","data",208.0989125,0.000082,,0x0C
"ch1","data",208.0989995,0.000082,,0x00
"ch1","data",208.099086,0.000082,,0x01
"ch1","data",208.099173,0.000082,,0x00
"ch1","data",208.0992595,0.000082,,0x03
"ch1","data",208.0993465,0.000082,,0x00
"ch1","data",208.099433,0.000082,,0x01
"ch1","data",208.09952,0.000082,,0x00
"ch1","data",208.0996065,0.000082,,0x00
"ch1","data",208.0996935,0.000082,,0x00
"ch1","data",208.09978,0.000082,,0xB0
"ch1","data",208.099867,0.000082,,0xC0
"ch1","data",208.0999535,0.000082,,0x7D
"ch1","data",208.1000405,0.000082,,0x0D
"ch1","data",208.100127,0.000082,,0x0A
"ch0","data",213.8579865,0.000082,,0xDD
"ch0","data",213.8580715,0.000082,,0x02
"ch0","data",213.858156,0.000082,,0x00
"ch0","data",213.858241,0.000082,,0x3B
"ch0","data",213.8583255,0.000082,,0x00
"ch0","data",213.85841,0.000082,,0x7B
"ch0","data",213.858495,0.000082,,0x38
"ch0","data",213.8585795,0.000082,,0x00
"ch0","data",213.858664,0.000082,,0x11
"ch0","data",213.858749,0.000082,,0x00
"ch0","data",213.8588335,0.000082,,0x01
"ch0","data",213.8589185,0.000082,,0x00
"ch0","data",213.859003,0.000082,,0x00
"ch0","data",213.8590875,0.000082,,0x00
"ch0","data",213.8591725,0.000082,,0x01
"ch0","data",213.859257,0.000082,,0x00
"ch0","data",213.8593415,0.000082,,0x46
"ch0","data",213.8594265,0.000082,,0x81
"ch0","data",213.859511,0.000082,,0x9E
"ch0","data",213.8595955,0.000082,,0xE3
"ch0","data",213.85968,0.000082,,0x00
"ch0","data",213.859765,0.000082,,0x1D
"ch0","data",213.8598495,0.000082,,0x00
"ch0","data",213.859934,0.000082,,0x0F
"ch0","data",213.8600185,0.000082,,0x20
"ch0","data",213.8601035,0.000082,,0x00
"ch0","data",213.860188,0.000082,,0x02
"ch0","data",213.860272,0.000082,,0x0B
"ch0","data",213.860357,0.000082,,0xA5
"ch0","data",213.8604415,0.000082,,0x27
"ch0","data",213.860526,0.000082,,0x56
"ch0","data",213.860611,0.000082,,0x89
"ch0","data",213.8606955,0.000082,,0x00
"ch0","data",213.86078,0.000082,,0x00
"ch0","data",213.8608645,0.000082,,0x00
"ch0","data",213.8609495,0.000082,,0x00
"ch0","data",213.861034,0.000082,,0x00
"ch0","data",213.8611185,0.000082,,0x00
"ch0","data",213.8612035,0.000082,,0x61
"ch0","data",213.861288,0.000082,,0x07
"ch0","data",213.861373,0.000082,,0x73
"ch0","data",213.8614575,0.000082,,0x62
"ch0","data",213.8615425,0.000082,,0x28
"ch0","data",213.861627,0.000082,,0x00
"ch0","data",213.8617115,0.000082,,0x65
"ch0","data",213.8617965,0.000082,,0x00
"ch0","data",213.861881,0.000082,,0x00
"ch0","data",213.8619655,0.000082,,0x88
"ch0","data",213.8620505,0.000082,,0x00
"ch0","data",213.862135,0.000082,,0x00
"ch0","data",213.86222,0.000082,,0x98
"ch0","data",213.8623045,0.000082,,0x00
"ch0","data",213.862389,0.000082,,0x9F
"ch0","data",213.862474,0.000082,,0x00
"ch0","data",213.8625585,0.000082,,0x09
"ch0","data",213.862643,0.000082,,0x00
"ch0","data",213.862728,0.000082,,0x00
"ch0","data",213.8628125,0.000082,,0x00
"ch0","data",213.8628975,0.000082,,0x54
"ch0","data",213.862982,0.000082,,0x0E
"ch0","data",213.8630665,0.000082,,0xE2
"ch0","data",213.8631515,0.000082,,0xEB
"ch0","data",213.863236,0.000082,,0x7D
"ch0","data",213.863321,0.000082,,0xDD
"ch0","data",213.8634055,0.000082,,0x02
"ch0","data",213.86349,0.000082,,0x00
"ch0","data",213.863575,0.000082,,0x0F
"ch0","data",213.8636595,0.000082,,0x00
"ch0","data",213.863744,0.000082,,0x7B
"ch0","data",213.863829,0.000082,,0x0C
"ch0","data",213.8639135,0.000082,,0x00
"ch0","data",213.863998,0.000082,,0x11
"ch0","data",213.864083,0.000082,,0x00
"ch0","data",213.8641675,0.000082,,0x00
"ch0","data",213.864252,0.000082,,0x00
"ch0","data",213.8643365,0.000082,,0x00
"ch0","data",213.8644215,0.000082,,0x00
"ch0","data",213.864506,0.000082,,0x01
"ch0","data",213.864591,0.000082,,0x00
"ch0","data",213.8646755,0.000082,,0x61
"ch0","data",213.86476,0.000082,,0x76
"ch0","data",213.8648445,0.000082,,0x7D
"ch1","data",214.129303,0.000082,,0x0D
"ch1","data",214.12939,0.000082,,0x0A
"ch1","data",214.1294765,0.000082,,0x00
"ch1","data",214.1295635,0.000082,,0x7B
"ch1","data",214.12965,0.000082,,0x38
"ch1","data",214.129737,0.000082,,0x00
"ch1","data",214.1298235,0.000082,,0x01
"ch1","data",214.1299105,0.000082,,0x00
"ch1","data",214.129997,0.000082,,0x05
"ch1","data",214.130084,0.000082,,0x00
"ch1","data",214.1301705,0.000082,,0x01
"ch1","data",214.1302575,0.000082,,0x00
"ch1","data",214.130344,0.000082,,0x00
"ch1","data",214.130431,0.000082,,0x00
"ch1","data",214.1305175,0.000082,,0x46
"ch1","data",214.1306045,0.000082,,0x81
"ch1","data",214.130691,0.000082,,0x9E
"ch1","data",214.130778,0.000082,,0xE3
"ch1","data",214.1308645,0.000082,,0x00
"ch1","data",214.1309515,0.000082,,0x1D
"ch1","data",214.131038,0.000082,,0x00
"ch1","data",214.131125,0.000082,,0x0F
"ch1","data",214.1312115,0.000082,,0x00
"ch1","data",214.1312985,0.000082,,0x01
"ch1","data",214.131385,0.000082,,0x00
"ch1","data",214.131472,0.000082,,0x00
"ch1","data",214.1315585,0.000082,,0x00
"ch1","data",214.1316455,0.000082,,0x00
"ch1","data",214.131732,0.000082,,0x00
"ch1","data",214.131819,0.000082,,0x00
"ch1","data",214.1319055,0.000082,,0x09
"ch1","data",214.1319925,0.000082,,0x00
"ch1","data",214.132079,0.000082,,0x16
"ch1","data",214.132166,0.000082,,0x25
"ch1","data",214.1322525,0.000082,,0x61
"ch1","data",214.1323395,0.000082,,0x07
"ch1","data",214.132426,0.000082,,0x73
"ch1","data",214.132513,0.000082,,0x62
"ch1","data",214.1325995,0.000082,,0x00
"ch1","data",214.1326865,0.000082,,0x00
"ch1","data",214.132773,0.000082,,0xFF
"ch1","data",214.13286,0.000082,,0x04
"ch1","data",214.1329465,0.000082,,0xFF
"ch1","data",214.1330335,0.000082,,0x0F
"ch1","data",214.13312,0.000082,,0x04
"ch1","data",214.133207,0.000082,,0x40
"ch1","data",214.1332935,0.000082,,0x0C
"ch1","data",214.1333805,0.000082,,0xFE
"ch1","data",214.133467,0.000082,,0x00
"ch1","data",214.133554,0.000082,,0x00
"ch1","data",214.1336405,0.000082,,0x00
"ch1","data",214.1337275,0.000082,,0x01
"ch1","data",214.133814,0.000082,,0x00
"ch1","data",214.133901,0.000082,,0x13
"ch1","data",214.1339875,0.000082,,0x00
"ch1","data",214.1340745,0.000082,,0x00
"ch1","data",214.134161,0.000082,,0x2C
"ch1","data",214.134248,0.000082,,0xCC
"ch1","data",214.1343345,0.000082,,0xBF
"ch1","data",214.1344215,0.000082,,0xCF
"ch1","data",214.134508,0.000082,,0x7D
"ch1","data",214.134595,0.000082,,0x0D
"ch1","data",214.1346815,0.000082,,0x0A
"ch1","data",214.1347685,0.000082,,0x0D
"ch1","data",214.134855,0.000082,,0x0A
"ch1","data",214.134942,0.000082,,0x00
"ch1","data",214.1350285,0.000082,,0x7B
"ch1","data",214.1351155,0.000082,,0x38
"ch1","data",214.135202,0.000082,,0x00
"ch1","data",214.135289,0.000082,,0x01
"ch1","data",214.1353755,0.000082,,0x00
"ch1","data",214.1354625,0.000082,,0x05
"ch1","data",214.135549,0.000082,,0x00
"ch1","data",214.135636,0.000082,,0x01
"ch1","data",214.1357225,0.000082,,0x00
"ch1","data",214.1358095,0.000082,,0x00
"ch1","data",214.135896,0.000082,,0x00
"ch1","data",214.135983,0.000082,,0x00
"ch1","data",214.1360695,0.000082,,0x12
"ch1","data",214.1361565,0.000082,,0x4B
"ch1","data",214.136243,0.000082,,0x00
"ch1","data",214.13633,0.000082,,0x38
"ch1","data",214.1364165,0.000082,,0x0D
"ch1","data",214.1365035,0.000082,,0x16
"ch1","data",214.13659,0.000082,,0xFD
"ch1","data",214.136677,0.000082,,0x00
"ch1","data",214.1367635,0.000082,,0x00
"ch1","data",214.1368505,0.000082,,0x00
"ch1","data",214.136937,0.000082,,0x00
"ch1","data",214.137024,0.000082,,0x64
"ch1","data",214.1371105,0.000082,,0x00
"ch1","data",214.1371975,0.000082,,0x00
"ch1","data",214.137284,0.000082,,0x00
"ch1","data",214.137371,0.000082,,0x3E
"ch1","data",214.1374575,0.000082,,0x00
"ch1","data",214.1375445,0.000082,,0xFF
"ch1","data",214.137631,0.000082,,0x41
"ch1","data",214.137718,0.000082,,0x04
"ch1","data",214.1378045,0.000082,,0x00
"ch1","data",214.1378915,0.000082,,0x00
"ch1","data",214.137978,0.000082,,0x00
"ch1","data",214.138065,0.000082,,0x90
"ch1","data",214.1381515,0.000082,,0x01
"ch1","data",214.1382385,0.000082,,0x14
"ch1","data",214.138325,0.000082,,0x00
"ch1","data",214.138412,0.000082,,0x00
"ch1","data",214.1384985,0.000082,,0x00
"ch1","data",214.1385855,0.000082,,0x00
"ch1","data",214.138672,0.000082,,0x00
"ch1","data",214.138759,0.000082,,0x00
"ch1","data",214.1388455,0.000082,,0x00
"ch1","data",214.1389325,0.000082,,0x00
"ch1","data",214.139019,0.000082,,0x00
"ch1","data",214.139106,0.000082,,0x00
"ch1","data",214.1391925,0.000082,,0x00
"ch1","data",214.1392795,0.000082,,0x00
"ch1","data",214.139366,0.000082,,0x00
"ch1","data",214.139453,0.000082,,0x00
"ch1","data",214.1395395,0.000082,,0x00
"ch1","data",214.1396265,0.000082,,0x00
"ch1","data",214.139713,0.000082,,0x00
"ch1","data",214.1398,0.000082,,0x5F
"ch1","data",214.1398865,0.000082,,0xBB
"ch1","data",214.1399735,0.000082,,0x7D
"ch1","data",214.14006,0.000082,,0x0D
"ch1","data",214.140147,0.000082,,0x0A
"ch1","data",214.1402335,0.000082,,0x0D
"ch1","data",214.1403205,0.000082,,0x0A
"ch1","data",214.140407,0.000082,,0x0D
"ch1","data",214.140494,0.000082,,0x0A
"ch1","data",214.1405805,0.000082,,0x00
"ch1","data",214.1406675,0.000082,,0x7B
"ch1","data",214.140754,0.000082,,0x0C
"ch1","data",214.1408405,0.000082,,0x00
"ch1","data",214.1409275,0.000082,,0x01
"ch1","data",214.141014,0.000082,,0x00
"ch1","data",214.141101,0.000082,,0x03
"ch1","data",214.1411875,0.000082,,0x00
"ch1","data",214.1412745,0.000082,,0x01
"ch1","data",214.141361,0.000082,,0x00
"ch1","data",214.141448,0.000082,,0x00
"ch1","data",214.1415345,0.000082,,0x00
"ch1","data",214.1416215,0.000082,,0xB0
"ch1","data",214.141708,0.000082,,0xC0
"ch1","data",214.141795,0.000082,,0x7D
"ch1","data",214.1418815,0.000082,,0x0D
"ch1","data",214.1419685,0.000082,,0x0A
"ch0","data",220.124658,0.000082,,0xDD
"ch0","data",220.1247425,0.000082,,0x02
"ch0","data",220.1248275,0.000082,,0x00
"ch0","data",220.124912,0.000082,,0x3B
"ch0","data",220.1249965,0.000082,,0x00
"ch0","data",220.1250815,0.000082,,0x7B
"ch0","data",220.125166,0.000082,,0x38
"ch0","data",220.1252505,0.000082,,0x00
"ch0","data",220.1253355,0.000082,,0x11
"ch0","data",220.12542,0.000082,,0x00
"ch0","data",220.1255045,0.000082,,0x01
"ch0","data",220.125589,0.000082,,0x00
"ch0","data",220.125674,0.000082,,0x00
"ch0","data",220.1257585,0.000082,,0x00
"ch0","data",220.125843,0.000082,,0x01
"ch0","data",220.125928,0.000082,,0x00
"ch0","data",220.1260125,0.000082,,0x46
"ch0","data",220.1260975,0.000082,,0x81
"ch0","data",220.126182,0.000082,,0x9E
"ch0","data",220.1262665,0.000082,,0xE3
"ch0","data",220.1263515,0.000082,,0x00
"ch0","data",220.126436,0.000082,,0x1D
"ch0","data",220.126521,0.000082,,0x00
"ch0","data",220.1266055,0.000082,,0x0F
"ch0","data",220.12669,0.000082,,0x20
"ch0","data",220.126775,0.000082,,0x00
"ch0","data",220.1268595,0.000082,,0x02
"ch0","data",220.126944,0.000082,,0x0B
"ch0","data",220.127029,0.000082,,0xA5
"ch0","data",220.1271135,0.000082,,0x27
"ch0","data",220.1271985,0.000082,,0x56
"ch0","data",220.127283,0.000082,,0x89
"ch0","data",220.1273675,0.000082,,0x00
"ch0","data",220.1274525,0.000082,,0x00
"ch0","data",220.127537,0.000082,,0x00
"ch0","data",220.1276215,0.000082,,0x00
"ch0","data",220.1277065,0.000082,,0x00
"ch0","data",220.127791,0.000082,,0x00
"ch0","data",220.127876,0.000082,,0x61
"ch0","data",220.1279605,0.000082,,0x07
"ch0","data",220.128045,0.000082,,0x73
"ch0","data",220.12813,0.000082,,0x62
"ch0","data",220.1282145,0.000082,,0x28
"ch0","data",220.1282995,0.000082,,0x00
"ch0","data",220.128384,0.000082,,0x65
"ch0","data",220.1284685,0.000082,,0x00
"ch0","data",220.128553,0.000082,,0x00
"ch0","data",220.1286375,0.000082,,0x88
"ch0","data",220.1287225,0.000082,,0x00
"ch0","data",220.128807,0.000082,,0x00
"ch0","data",220.1288915,0.000082,,0x98
"ch0","data",220.1289765,0.000082,,0x00
"ch0","data",220.129061,0.000082,,0x9F
"ch0","data",220.1291455,0.000082,,0x00
"ch0","data",220.1292305,0.000082,,0x09
"ch0","data",220.129315,0.000082,,0x00
"ch0","data",220.1293995,0.000082,,0x00
"ch0","data",220.1294845,0.000082,,0x00
"ch0","data",220.129569,0.000082,,0x54
"ch0","data",220.1296535,0.000082,,0x0E
"ch0","data",220.1297385,0.000082,,0xE2
"ch0","data",220.129823,0.000082,,0xEB
"ch0","data",220.129908,0.000082,,0x7D
"ch0","data",220.1299925,0.000082,,0xDD
"ch0","data",220.130077,0.000082,,0x02
"ch0","data",220.130162,0.000082,,0x00
"ch0","data",220.1302465,0.000082,,0x0F
"ch0","data",220.1303315,0.000082,,0x00
"ch0","data",220.130416,0.000082,,0x7B
"ch0","data",220.1305005,0.000082,,0x0C
"ch0","data",220.130585,0.000082,,0x00
"ch0","data",220.1306695,0.000082,,0x11
"ch0","data",220.1307545,0.000082,,0x00
"ch0","data",220.130839,0.000082,,0x00
"ch0","data",220.1309235,0.000082,,0x00
"ch0","data",220.1310085,0.000082,,0x00
"ch0","data",220.131093,0.000082,,0x00
"ch0","data",220.1311775,0.000082,,0x01
"ch0","data",220.1312625,0.000082,,0x00
"ch0","data",220.131347,0.000082,,0x61
"ch0","data",220.131432,0.000082,,0x76
"ch0","data",220.1315165,0.000082,,0x7D
"ch1","data",220.4528075,0.000082,,0x0D
"ch1","data",220.452894,0.000082,,0x0A
"ch1","data",220.452981,0.000082,,0x00
"ch1","data",220.4530675,0.000082,,0x7B
"ch1","data",220.4531545,0.000082,,0x38
"ch1","data",220.453241,0.000082,,0x00
"ch1","data",220.453328,0.000082,,0x01
"ch1","data",220.4534145,0.000082,,0x00
"ch1","data",220.4535015,0.000082,,0x05
"ch1","data",220.453588,0.000082,,0x00
"ch1","data",220.453675,0.000082,,0x01
"ch1","data",220.4537615,0.000082,,0x00
"ch1","data",220.4538485,0.000082,,0x00
"ch1","data",220.453935,0.000082,,0x00
"ch1","data",220.454022,0.000082,,0x46
"ch1","data",220.4541085,0.000082,,0x81
"ch1","data",220.4541955,0.000082,,0x9E
"ch1","data",220.454282,0.000082,,0xE3
"ch1","data",220.454369,0.000082,,0x00
"ch1","data",220.4544555,0.000082,,0x1D
"ch1","data",220.4545425,0.000082,,0x00
"ch1","data",220.454629,0.000082,,0x0F
"ch1","data",220.454716,0.000082,,0x00
"ch1","data",220.4548025,0.000082,,0x01
"ch1","data",220.4548895,0.000082,,0x00
"ch1","data",220.454976,0.000082,,0x00
"ch1","data",220.455063,0.000082,,0x00
"ch1","data",220.4551495,0.000082,,0x00
"ch1","data",220.4552365,0.000082,,0x00
"ch1","data",220.455323,0.000082,,0x00
"ch1","data",220.45541,0.000082,,0x09
"ch1","data",220.4554965,0.000082,,0x00
"ch1","data",220.4555835,0.000082,,0x16
"ch1","data",220.45567,0.000082,,0x25
"ch1","data",220.455757,0.000082,,0x61
"ch1","data",220.4558435,0.000082,,0x07
"ch1","data",220.4559305,0.000082,,0x73
"ch1","data",220.456017,0.000082,,0x62
"ch1","data",220.456104,0.000082,,0x00
"ch1","data",220.4561905,0.000082,,0x00
"ch1","data",220.4562775,0.000082,,0xFF
"ch1","data",220.456364,0.000082,,0x04
"ch1","data",220.456451,0.000082,,0xFF
"ch1","data",220.4565375,0.000082,,0x0F
"ch1","data",220.4566245,0.000082,,0x04
"ch1","data",220.456711,0.000082,,0x40
"ch1","data",220.456798,0.000082,,0x0C
"ch1","data",220.4568845,0.000082,,0xFE
"ch1","data",220.4569715,0.000082,,0x00
"ch1","data",220.457058,0.000082,,0x00
"ch1","data",220.457145,0.000082,,0x00
"ch1","data",220.4572315,0.000082,,0x01
"ch1","data",220.4573185,0.000082,,0x00
"ch1","data",220.457405,0.000082,,0x13
"ch1","data",220.457492,0.000082,,0x00
"ch1","data",220.4575785,0.000082,,0x00
"ch1","data",220.4576655,0.000082,,0x2C
"ch1","data",220.457752,0.000082,,0xCC
"ch1","data",220.457839,0.000082,,0xBF
"ch1","data",220.4579255,0.000082,,0xCF
"ch1","data",220.4580125,0.000082,,0x7D
"ch1","data",220.458099,0.000082,,0x0D
"ch1","data",220.458186,0.000082,,0x0A
"ch1","data",220.4582725,0.000082,,0x0D
"ch1","data",220.4583595,0.000082,,0x0A
"ch1","data",220.458446,0.000082,,0x00
"ch1","data",220.458533,0.000082,,0x7B
"ch1","data",220.4586195,0.000082,,0x38
"ch1","data",220.4587065,0.000082,,0x00
"ch1","data",220.458793,0.000082,,0x01
"ch1","data",220.45888,0.000082,,0x00
"ch1","data",220.4589665,0.000082,,0x05
"ch1","data",220.4590535,0.000082,,0x00
"ch1","data",220.45914,0.000082,,0x01
"ch1","data",220.459227,0.000082,,0x00
"ch1","data",220.4593135,0.000082,,0x00
"ch1","data",220.4594005,0.000082,,0x00
"ch1","data",220.459487,0.000082,,0x00
"ch1","data",220.459574,0.000082,,0x12
"ch1","data",220.4596605,0.000082,,0x4B
"ch1","data",220.4597475,0.000082,,0x00
"ch1","data",220.459834,0.000082,,0x38
"ch1","data",220.459921,0.000082,,0x0D
"ch1","data",220.4600075,0.000082,,0x16
"ch1","data",220.4600945,0.000082,,0xFD
"ch1","data",220.460181,0.000082,,0x00
"ch1","data",220.460268,0.000082,,0x00
"ch1","data",220.4603545,0.000082,,0x00
"ch1","data",220.4604415,0.000082,,0x00
"ch1","data",220.460528,0.000082,,0x64
"ch1","data",220.460615,0.000082,,0x00
"ch1","data",220.4607015,0.000082,,0x00
"ch1","data",220.4607885,0.000082,,0x00
"ch1","data",220.460875,0.000082,,0x3E
"ch1","data",220.460962,0.000082,,0x00
"ch1","data",220.4610485,0.000082,,0xFF
"ch1","data",220.4611355,0.000082,,0x41
"ch1","data",220.461222,0.000082,,0x04
"ch1","data",220.461309,0.000082,,0x00
"ch1","data",220.4613955,0.000082,,0x00
"ch1","data",220.4614825,0.000082,,0x00
"ch1","data",220.461569,0.000082,,0x90
"ch1","data",220.461656,0.000082,,0x01
"ch1","data",220.4617425,0.000082,,0x14
"ch1","data",220.4618295,0.000082,,0x00
"ch1","data",220.461916,0.000082,,0x00
"ch1","data",220.462003,0.000082,,0x00
"ch1","data",220.4620895,0.000082,,0x00
"ch1","data",220.4621765,0.000082,,0x00
"ch1","data",220.462263,0.000082,,0x00
"ch1","data",220.46235,0.000082,,0x00
"ch1","data",220.4624365,0.000082,,0x00
"ch1","data",220.4625235,0.000082,,0x00
"ch1","data",220.46261,0.000082,,0x00
"ch1","data",220.462697,0.000082,,0x00
"ch1","data",220.4627835,0.000082,,0x00
"ch1","data",220.4628705,0.000082,,0x00
"ch1","data",220.462957,0.000082,,0x00
"ch1","data",220.463044,0.000082,,0x00
"ch1","data",220.4631305,0.000082,,0x00
"ch1","data",220.4632175,0.000082,,0x00
"ch1","data",220.463304,0.000082,,0x5F
"ch1","data",220.463391,0.000082,,0xBB
"ch1","data",220.4634775,0.000082,,0x7D
"ch1","data",220.4635645,0.000082,,0x0D
"ch1","data",220.463651,0.000082,,0x0A
"ch1","data",220.463738,0.000082,,0x0D
"ch1","data",220.4638245,0.000082,,0x0A
"ch1","data",220.4639115,0.000082,,0x0D
"ch1","data",220.463998,0.000082,,0x0A
"ch1","data",220.464085,0.000082,,0x00
"ch1","data",220.4641715,0.000082,,0x7B
"ch1","data",220.4642585,0.000082,,0x0C
"ch1","data",220.464345,0.000082,,0x00
"ch1","data",220.464432,0.000082,,0x01
"ch1","data",220.4645185,0.000082,,0x00
"ch1","data",220.4646055,0.000082,,0x03
"ch1","data",220.464692,0.000082,,0x00
"ch1","data",220.464779,0.000082,,0x01
"ch1","data",220.4648655,0.000082,,0x00
"ch1","data",220.4649525,0.000082,,0x00
"ch1","data",220.465039,0.000082,,0x00
"ch1","data",220.465126,0.000082,,0xB0
"ch1","data",220.4652125,0.000082,,0xC0
"ch1","data",220.4652995,0.000082,,0x7D
"ch1","data",220.465386,0.000082,,0x0D
"ch1","data",220.465473,0.000082,,0x0A
"ch0","data",226.4763615,0.000082,,0xDD
"ch0","data",226.476446,0.000082,,0x02
"ch0","data",226.4765305,0.000082,,0x00
"ch0","data",226.476615,0.000082,,0x3B
"ch0","data",226.4766995,0.000082,,0x00
"ch0","data",226.4767845,0.000082,,0x7B
"ch0","data",226.476869,0.000082,,0x38
"ch0","data",226.4769535,0.000082,,0x00
"ch0","data",226.477038,0.000082,,0x11
"ch0","data",226.4771225,0.000082,,0x00
"ch0","data",226.4772075,0.000082,,0x01
"ch0","data",226.477292,0.000082,,0x00
"ch0","data",226.4773765,0.000082,,0x00
"ch0","data",226.477461,0.000082,,0x00
"ch0","data",226.477546,0.000082,,0x01
"ch0","data",226.4776305,0.000082,,0x00
"ch0","data",226.477715,0.000082,,0x46
"ch0","data",226.4778,0.000082,,0x81
"ch0","data",226.4778845,0.000082,,0x9E
"ch0","data",226.477969,0.000082,,0xE3
"ch0","data",226.4780535,0.000082,,0x00
"ch0","data",226.4781385,0.000082,,0x1D
"ch0","data",226.478223,0.000082,,0x00
"ch0","data",226.4783075,0.000082,,0x0F
"ch0","data",226.4783925,0.000082,,0x20
"ch0","data",226.478477,0.000082,,0x00
"ch0","data",226.478562,0.000082,,0x18
"ch0","data",226.4786465,0.000082,,0x0B
"ch0","data",226.478731,0.000082,,0xA5
"ch0","data",226.4788155,0.000082,,0x27
"ch0","data",226.4789005,0.000082,,0x56
"ch0","data",226.478985,0.000082,,0x97
"ch0","data",226.4790695,0.000082,,0x00
"ch0","data",226.4791545,0.000082,,0x00
"ch0","data",226.479239,0.000082,,0x00
"ch0","data",226.4793235,0.000082,,0x00
"ch0","data",226.4794085,0.000082,,0x00
"ch0","data",226.479493,0.000082,,0x00
"ch0","data",226.479578,0.000082,,0x61
"ch0","data",226.4796625,0.000082,,0x07
"ch0","data",226.479747,0.000082,,0x73
"ch0","data",226.479832,0.000082,,0x62
"ch0","data",226.4799165,0.000082,,0x28
"ch0","data",226.480001,0.000082,,0x00
"ch0","data",226.4800855,0.000082,,0x67
"ch0","data",226.4801705,0.000082,,0x00
"ch0","data",226.480255,0.000082,,0x00
"ch0","data",226.4803395,0.000082,,0x88
"ch0","data",226.480424,0.000082,,0x00
"ch0","data",226.480509,0.000082,,0x00
"ch0","data",226.4805935,0.000082,,0x98
"ch0","data",226.480678,0.000082,,0x00
"ch0","data",226.480763,0.000082,,0x9F
"ch0","data",226.4808475,0.000082,,0x00
"ch0","data",226.4809325,0.000082,,0x09
"ch0","data",226.481017,0.000082,,0x00
"ch0","data",226.4811015,0.000082,,0x00
"ch0","data",226.4811865,0.000082,,0x00
"ch0","data",226.481271,0.000082,,0x54
"ch0","data",226.481356,0.000082,,0x0E
"ch0","data",226.4814405,0.000082,,0x7B
"ch0","data",226.481525,0.000082,,0x7B
"ch0","data",226.48161,0.000082,,0x7D
"ch0","data",226.4816945,0.000082,,0xDD
"ch0","data",226.481779,0.000082,,0x02
"ch0","data",226.481864,0.000082,,0x00
"ch0","data",226.4819485,0.000082,,0x0F
"ch0","data",226.482033,0.000082,,0x00
"ch0","data",226.482118,0.000082,,0x7B
"ch0","data",226.4822025,0.000082,,0x0C
"ch0","data",226.4822875,0.000082,,0x00
"ch0","data",226.482372,0.000082,,0x11
"ch0","data",226.4824565,0.000082,,0x00
"ch0","data",226.4825415,0.000082,,0x00
"ch0","data",226.482626,0.000082,,0x00
"ch0","data",226.4827105,0.000082,,0x00
"ch0","data",226.4827955,0.000082,,0x00
"ch0","data",226.48288,0.000082,,0x01
"ch0","data",226.4829645,0.000082,,0x00
"ch0","data",226.483049,0.000082,,0x61
"ch0","data",226.4831335,0.000082,,0x76
"ch0","data",226.483218,0.000082,,0x7D
"ch0","data",226.483303,0.000082,,0xDD
"ch0","data",226.4833875,0.000082,,0x02
"ch0","data",226.483472,0.000082,,0x00
"ch0","data",226.4835565,0.000082,,0x0F
"ch0","data",226.483641,0.000082,,0x00
"ch0","data",226.483726,0.000082,,0x7B
"ch0","data",226.4838105,0.000082,,0x0C
"ch0","data",226.483895,0.000082,,0x00
"ch0","data",226.48398,0.000082,,0x11
"ch0","data",226.4840645,0.000082,,0x00
"ch0","data",226.4841495,0.000082,,0x0B
"ch0","data",226.484234,0.000082,,0x00
"ch0","data",226.4843185,0.000082,,0x00
"ch0","data",226.4844035,0.000082,,0x00
"ch0","data",226.484488,0.000082,,0x01
"ch0","data",226.4845725,0.000082,,0x00
"ch0","data",226.484657,0.000082,,0xC3
"ch0","data",226.4847415,0.000082,,0xB5
"ch0","data",226.4848265,0.000082,,0x7D
"ch1","data",226.7920875,0.000082,,0x0D
"ch1","data",226.7921745,0.000082,,0x0A
"ch1","data",226.792261,0.000082,,0x00
"ch1","data",226.792348,0.000082,,0x7B
"ch1","data",226.7924345,0.000082,,0x38
"ch1","data",226.7925215,0.000082,,0x00
"ch1","data",226.792608,0.000082,,0x01
"ch1","data",226.792695,0.000082,,0x00
"ch1","data",226.7927815,0.000082,,0x05
"ch1","data",226.7928685,0.000082,,0x00
"ch1","data",226.792955,0.000082,,0x01
"ch1","data",226.793042,0.000082,,0x00
"ch1","data",226.7931285,0.000082,,0x00
"ch1","data",226.7932155,0.000082,,0x00
"ch1","data",226.793302,0.000082,,0x46
"ch1","data",226.793389,0.000082,,0x81
"ch1","data",226.7934755,0.000082,,0x9E
"ch1","data",226.7935625,0.000082,,0xE3
"ch1","data",226.793649,0.000082,,0x00
"ch1","data",226.793736,0.000082,,0x1D
"ch1","data",226.7938225,0.000082,,0x00
"ch1","data",226.7939095,0.000082,,0x0F
"ch1","data",226.793996,0.000082,,0x00
"ch1","data",226.794083,0.000082,,0x01
"ch1","data",226.7941695,0.000082,,0x00
"ch1","data",226.7942565,0.000082,,0x00
"ch1","data",226.794343,0.000082,,0x00
"ch1","data",226.79443,0.000082,,0x00
"ch1","data",226.7945165,0.000082,,0x00
"ch1","data",226.7946035,0.000082,,0x00
"ch1","data",226.79469,0.000082,,0x09
"ch1","data",226.794777,0.000082,,0x00
"ch1","data",226.7948635,0.000082,,0x16
"ch1","data",226.7949505,0.000082,,0x25
"ch1","data",226.795037,0.000082,,0x61
"ch1","data",226.795124,0.000082,,0x07
"ch1","data",226.7952105,0.000082,,0x73
"ch1","data",226.7952975,0.000082,,0x62
"ch1","data",226.795384,0.000082,,0x00
"ch1","data",226.795471,0.000082,,0x00
"ch1","data",226.7955575,0.000082,,0xFF
"ch1","data",226.7956445,0.000082,,0x04
"ch1","data",226.795731,0.000082,,0xFF
"ch1","data",226.795818,0.000082,,0x0F
"ch1","data",226.7959045,0.000082,,0x04
"ch1","data",226.7959915,0.000082,,0x40
"ch1","data",226.796078,0.000082,,0x0C
"ch1","data",226.796165,0.000082,,0xFE
"ch1","data",226.7962515,0.000082,,0x00
"ch1","data",226.7963385,0.000082,,0x00
"ch1","data",226.796425,0.000082,,0x00
"ch1","data",226.796512,0.000082,,0x01
"ch1","data",226.7965985,0.000082,,0x00
"ch1","data",226.7966855,0.000082,,0x13
"ch1","data",226.796772,0.000082,,0x00
"ch1","data",226.796859,0.000082,,0x00
"ch1","data",226.7969455,0.000082,,0x2C
"ch1","data",226.7970325,0.000082,,0xCC
"ch1","data",226.797119,0.000082,,0xBF
"ch1","data",226.797206,0.000082,,0xCF
"ch1","data",226.7972925,0.000082,,0x7D
"ch1","data",226.7973795,0.000082,,0x0D
"ch1","data",226.797466,0.000082,,0x0A
"ch1","data",226.797553,0.000082,,0x0D
"ch1","data",226.7976395,0.000082,,0x0A
"ch1","data",226.7977265,0.000082,,0x00
"ch1","data",226.797813,0.000082,,0x7B
"ch1","data",226.7979,0.000082,,0x38
"ch1","data",226.7979865,0.000082,,0x00
"ch1","data",226.7980735,0.000082,,0x01
"ch1","data",226.79816,0.000082,,0x00
"ch1","data",226.798247,0.000082,,0x05
"ch1","data",226.7983335,0.000082,,0x00
"ch1","data",226.7984205,0.000082,,0x01
"ch1","data",226.798507,0.000082,,0x00
"ch1","data",226.798594,0.000082,,0x00
"ch1","data",226.7986805,0.000082,,0x00
"ch1","data",226.7987675,0.000082,,0x00
"ch1","data",226.798854,0.000082,,0x12
"ch1","data",226.798941,0.000082,,0x4B
"ch1","data",226.7990275,0.000082,,0x00
"ch1","data",226.7991145,0.000082,,0x38
"ch1","data",226.799201,0.000082,,0x0D
"ch1","data",226.799288,0.000082,,0x16
"ch1","data",226.7993745,0.000082,,0xFD
"ch1","data",226.7994615,0.000082,,0x00
"ch1","data",226.799548,0.000082,,0x00
"ch1","data",226.799635,0.000082,,0x00
"ch1","data",226.7997215,0.000082,,0x00
"ch1","data",226.7998085,0.000082,,0x64
"ch1","data",226.799895,0.000082,,0x00
"ch1","data",226.799982,0.000082,,0x00
"ch1","data",226.8000685,0.000082,,0x00
"ch1","data",226.8001555,0.000082,,0x3E
"ch1","data",226.800242,0.000082,,0x00
"ch1","data",226.800329,0.000082,,0xFF
"ch1","data",226.8004155,0.000082,,0x41
"ch1","data",226.8005025,0.000082,,0x04
"ch1","data",226.800589,0.000082,,0x00
"ch1","data",226.800676,0.000082,,0x00
"ch1","data",226.8007625,0.000082,,0x00
"ch1","data",226.8008495,0.000082,,0x90
"ch1","data",226.800936,0.000082,,0x01
"ch1","data",226.801023,0.000082,,0x14
"ch1","data",226.8011095,0.000082,,0x00
"ch1","data",226.8011965,0.000082,,0x00
"ch1","data",226.801283,0.000082,,0x00
"ch1","data",226.80137,0.000082,,0x00
"ch1","data",226.8014565,0.000082,,0x00
"ch1","data",226.8015435,0.000082,,0x00
"ch1","data",226.80163,0.000082,,0x00
"ch1","data",226.801717,0.000082,,0x00
"ch1","data",226.8018035,0.000082,,0x00
"ch1","data",226.8018905,0.000082,,0x00
"ch1","data",226.801977,0.000082,,0x00
"ch1","data",226.802064,0.000082,,0x00
"ch1","data",226.8021505,0.000082,,0x00
"ch1","data",226.8022375,0.000082,,0x00
"ch1","data",226.802324,0.000082,,0x00
"ch1","data",226.802411,0.000082,,0x00
"ch1","data",226.8024975,0.000082,,0x00
"ch1","data",226.8025845,0.000082,,0x5F
"ch1","data",226.802671,0.000082,,0xBB
"ch1","data",226.802758,0.000082,,0x7D
"ch1","data",226.8028445,0.000082,,0x0D
"ch1","data",226.8029315,0.000082,,0x0A
"ch1","data",226.803018,0.000082,,0x0D
"ch1","data",226.803105,0.000082,,0x0A
"ch1","data",226.8031915,0.000082,,0x0D
"ch1","data",226.8032785,0.000082,,0x0A
"ch1","data",226.803365,0.000082,,0x00
"ch1","data",226.803452,0.000082,,0x7B
"ch1","data",226.8035385,0.000082,,0x0C
"ch1","data",226.8036255,0.000082,,0x00
"ch1","data",226.803712,0.000082,,0x01
"ch1","data",226.803799,0.000082,,0x00
"ch1","data",226.8038855,0.000082,,0x03
"ch1","data",226.8039725,0.000082,,0x00
"ch1","data",226.804059,0.000082,,0x01
"ch1","data",226.804146,0.000082,,0x00
"ch1","data",226.8042325,0.000082,,0x00
"ch1","data",226.8043195,0.000082,,0x00
"ch1","data",226.804406,0.000082,,0xB0
"ch1","data",226.804493,0.000082,,0xC0
"ch1","data",226.8045795,0.000082,,0x7D
"ch1","data",226.8046665,0.000082,,0x0D
"ch1","data",226.804753,0.000082,,0x0A
"ch1","data",227.3978295,0.000082,,0x0D
"ch1","data",227.3979165,0.000082,,0x0A
"ch1","data",227.398003,0.000082,,0x00
"ch1","data",227.39809,0.000082,,0x7B
"ch1","data",227.3981765,0.000082,,0x0C
"ch1","data",227.3982635,0.000082,,0x00
"ch1","data",227.39835,0.000082,,0x01
"ch1","data",227.398437,0.000082,,0x00
"ch1","data",227.3985235,0.000082,,0x03
"ch1","data",227.3986105,0.000082,,0x00
"ch1","data",227.398697,0.000082,,0x01
"ch1","data",227.398784,0.000082,,0x00
"ch1","data",227.3988705,0.000082,,0x00
"ch1","data",227.3989575,0.000082,,0x00
"ch1","data",227.399044,0.000082,,0xB0
"ch1","data",227.399131,0.000082,,0xC0
"ch1","data",227.3992175,0.000082,,0x7D
"ch1","data",227.3993045,0.000082,,0x0D
"ch1","data",227.399391,0.000082,,0x0A
"ch0","data",230.0565535,0.000082,,0xDD
"ch0","data",230.0566385,0.000082,,0x02
"ch0","data",230.056723,0.000082,,0x00
"ch0","data",230.0568075,0.000082,,0x3B
"ch0","data",230.056892,0.000082,,0x00
"ch0","data",230.0569765,0.000082,,0x7B
"ch0","data",230.0570615,0.000082,,0x38
"ch0","data",230.057146,0.000082,,0x00
"ch0","data",230.0572305,0.000082,,0x11
"ch0","data",230.057315,0.000082,,0x00
"ch0","data",230.0574,0.000082,,0x01
"ch0","data",230.0574845,0.000082,,0x00
"ch0","data",230.057569,0.000082,,0x00
"ch0","data",230.0576535,0.000082,,0x00
"ch0","data",230.057738,0.000082,,0x01
"ch0","data",230.057823,0.000082,,0x00
"ch0","data",230.0579075,0.000082,,0x00
"ch0","data",230.057992,0.000082,,0x12
"ch0","data",230.0580765,0.000082,,0x4B
"ch0","data",230.058161,0.000082,,0x00
"ch0","data",230.058246,0.000082,,0x38
"ch0","data",230.0583305,0.000082,,0x0D
"ch0","data",230.058415,0.000082,,0x16
"ch0","data",230.0585,0.000082,,0xFD
"ch0","data",230.0585845,0.000082,,0x03
"ch0","data",230.058669,0.000082,,0x00
"ch0","data",230.058754,0.000082,,0x46
"ch0","data",230.0588385,0.000082,,0x09
"ch0","data",230.0589235,0.000082,,0xA5
"ch0","data",230.059008,0.000082,,0x27
"ch0","data",230.0590925,0.000082,,0x2F
"ch0","data",230.0591775,0.000082,,0x7D
"ch0","data",230.059262,0.000082,,0xCD
"ch0","data",230.059347,0.000082,,0xFF
"ch0","data",230.0594315,0.000082,,0x00
"ch0","data",230.059516,0.000082,,0x00
"ch0","data",230.059601,0.000082,,0xEE
"ch0","data",230.0596855,0.000082,,0x02
"ch0","data",230.05977,0.000082,,0x00
"ch0","data",230.0598545,0.000082,,0x00
"ch0","data",230.0599395,0.000082,,0x00
"ch0","data",230.060024,0.000082,,0x00
"ch0","data",230.0601085,0.000082,,0x00
"ch0","data",230.0601935,0.000082,,0x00
"ch0","data",230.060278,0.000082,,0x0A
"ch0","data",230.0603625,0.000082,,0x04
"ch0","data",230.0604475,0.000082,,0x00
"ch0","data",230.060532,0.000082,,0x00
"ch0","data",230.060617,0.000082,,0x00
"ch0","data",230.0607015,0.000082,,0x00
"ch0","data",230.060786,0.000082,,0x00
"ch0","data",230.060871,0.000082,,0x00
"ch0","data",230.0609555,0.000082,,0x06
"ch0","data",230.06104,0.000082,,0x01
"ch0","data",230.061125,0.000082,,0x00
"ch0","data",230.0612095,0.000082,,0x00
"ch0","data",230.0612945,0.000082,,0x00
"ch0","data",230.061379,0.000082,,0x00
"ch0","data",230.0614635,0.000082,,0x00
"ch0","data",230.0615485,0.000082,,0x00
"ch0","data",230.061633,0.000082,,0x5D
"ch0","data",230.0617175,0.000082,,0x5E
"ch0","data",230.061802,0.000082,,0x7D
"ch0","data",230.0953765,0.000082,,0xDD
"ch0","data",230.095461,0.000082,,0x01
"ch0","data",230.095546,0.000082,,0x00
"ch0","data",230.0956305,0.000082,,0x0C
"ch0","data",230.095715,0.000082,,0x54
"ch0","data",230.0958,0.000082,,0x58
"ch0","data",230.0958845,0.000082,,0x20
"ch0","data",230.095969,0.000082,,0x73
"ch0","data",230.096054,0.000082,,0x75
"ch0","data",230.0961385,0.000082,,0x63
"ch0","data",230.096223,0.000082,,0x63
"ch0","data",230.096308,0.000082,,0x65
"ch0","data",230.0963925,0.000082,,0x65
"ch0","data",230.096477,0.000082,,0x64
"ch0","data",230.096562,0.000082,,0x65
"ch0","data",230.0966465,0.000082,,0x64
"ch0","data",232.507535,0.000082,,0xDD
"ch0","data",232.5076195,0.000082,,0x02
"ch0","data",232.507704,0.000082,,0x00
"ch0","data",232.507789,0.000082,,0x3B
"ch0","data",232.5078735,0.000082,,0x00
"ch0","data",232.507958,0.000082,,0x7B
"ch0","data",232.508043,0.000082,,0x38
"ch0","data",232.5081275,0.000082,,0x00
"ch0","data",232.5082125,0.000082,,0x11
"ch0","data",232.508297,0.000082,,0x00
"ch0","data",232.5083815,0.000082,,0x01
"ch0","data",232.508466,0.000082,,0x00
"ch0","data",232.5085505,0.000082,,0x00
"ch0","data",232.5086355,0.000082,,0x00
"ch0","data",232.50872,0.000082,,0x01
"ch0","data",232.5088045,0.000082,,0x00
"ch0","data",232.5088895,0.000082,,0x46
"ch0","data",232.508974,0.000082,,0x81
"ch0","data",232.5090585,0.000082,,0x9E
"ch0","data",232.509143,0.000082,,0xE3
"ch0","data",232.5092275,0.000082,,0x00
"ch0","data",232.5093125,0.000082,,0x1D
"ch0","data",232.509397,0.000082,,0x00
"ch0","data",232.5094815,0.000082,,0x0F
"ch0","data",232.5095665,0.000082,,0x20
"ch0","data",232.509651,0.000082,,0x00
"ch0","data",232.5097355,0.000082,,0x18
"ch0","data",232.5098205,0.000082,,0x0B
"ch0","data",232.509905,0.000082,,0xA5
"ch0","data",232.50999,0.000082,,0x27
"ch0","data",232.5100745,0.000082,,0x56
"ch0","data",232.510159,0.000082,,0x97
"ch0","data",232.5102435,0.000082,,0x00
"ch0","data",232.510328,0.000082,,0x00
"ch0","data",232.510413,0.000082,,0x00
"ch0","data",232.5104975,0.000082,,0x00
"ch0","data",232.5105825,0.000082,,0x00
"ch0","data",232.510667,0.000082,,0x00
"ch0","data",232.5107515,0.000082,,0x61
"ch0","data",232.510836,0.000082,,0x07
"ch0","data",232.510921,0.000082,,0x73
"ch0","data",232.5110055,0.000082,,0x62
"ch0","data",232.51109,0.000082,,0x28
"ch0","data",232.5111745,0.000082,,0x00
"ch0","data",232.5112595,0.000082,,0x67
"ch0","data",232.5113435,0.000082,,0x00
"ch0","data",232.5114285,0.000082,,0x00
"ch0","data",232.511513,0.000082,,0x88
"ch0","data",232.5115975,0.000082,,0x00
"ch0","data",232.511682,0.000082,,0x00
"ch0","data",232.511767,0.000082,,0x98
"ch0","data",232.5118515,0.000082,,0x00
"ch0","data",232.511936,0.000082,,0x9F
"ch0","data",232.512021,0.000082,,0x00
"ch0","data",232.5121055,0.000082,,0x09
"ch0","data",232.51219,0.000082,,0x00
"ch0","data",232.512275,0.000082,,0x00
"ch0","data",232.5123595,0.000082,,0x00
"ch0","data",232.512444,0.000082,,0x54
"ch0","data",232.512529,0.000082,,0x0E
"ch0","data",232.5126135,0.000082,,0x7B
"ch0","data",232.512698,0.000082,,0x7B
"ch0","data",232.512783,0.000082,,0x7D
"ch0","data",232.562701,0.000082,,0xDD
"ch0","data",232.562786,0.000082,,0x02
"ch0","data",232.5628705,0.000082,,0x00
"ch0","data",232.562955,0.000082,,0x0F
"ch0","data",232.56304,0.000082,,0x00
"ch0","data",232.5631245,0.000082,,0x7B
"ch0","data",232.563209,0.000082,,0x0C
"ch0","data",232.563294,0.000082,,0x00
"ch0","data",232.5633785,0.000082,,0x11
"ch0","data",232.563463,0.000082,,0x00
"ch0","data",232.563548,0.000082,,0x00
"ch0","data",232.5636325,0.000082,,0x00
"ch0","data",232.5637175,0.000082,,0x00
"ch0","data",232.563802,0.000082,,0x00
"ch0","data",232.5638865,0.000082,,0x01
"ch0","data",232.563971,0.000082,,0x00
"ch0","data",232.5640555,0.000082,,0x61
"ch0","data",232.5641405,0.000082,,0x76
"ch0","data",232.564225,0.000082,,0x7D
"ch1","data",232.692586,0.000082,,0x0D
"ch1","data",232.692673,0.000082,,0x0A
"ch1","data",232.6927595,0.000082,,0x00
"ch1","data",232.6928465,0.000082,,0x7B
"ch1","data",232.692933,0.000082,,0x0C
"ch1","data",232.69302,0.000082,,0x00
"ch1","data",232.6931065,0.000082,,0x01
"ch1","data",232.6931935,0.000082,,0x00
"ch1","data",232.69328,0.000082,,0x03
"ch1","data",232.693367,0.000082,,0x00
"ch1","data",232.6934535,0.000082,,0x01
"ch1","data",232.6935405,0.000082,,0x00
"ch1","data",232.693627,0.000082,,0x00
"ch1","data",232.693714,0.000082,,0x00
"ch1","data",232.6938005,0.000082,,0xB0
"ch1","data",232.6938875,0.000082,,0xC0
"ch1","data",232.693974,0.000082,,0x7D
"ch1","data",232.694061,0.000082,,0x0D
"ch1","data",232.6941475,0.000082,,0x0A
"ch1","data",232.841403,0.000082,,0x0D
"ch1","data",232.84149,0.000082,,0x0A
"ch1","data",232.8415765,0.000082,,0x00
"ch1","data",232.8416635,0.000082,,0x7B
"ch1","data",232.84175,0.000082,,0x38
"ch1","data",232.841837,0.000082,,0x00
"ch1","data",232.8419235,0.000082,,0x01
"ch1","data",232.8420105,0.000082,,0x00
"ch1","data",232.842097,0.000082,,0x05
"ch1","data",232.842184,0.000082,,0x00
"ch1","data",232.8422705,0.000082,,0x01
"ch1","data",232.8423575,0.000082,,0x00
"ch1","data",232.842444,0.000082,,0x00
"ch1","data",232.842531,0.000082,,0x00
"ch1","data",232.8426175,0.000082,,0x46
"ch1","data",232.8427045,0.000082,,0x81
"ch1","data",232.842791,0.000082,,0x9E
"ch1","data",232.842878,0.000082,,0xE3
"ch1","data",232.8429645,0.000082,,0x00
"ch1","data",232.8430515,0.000082,,0x1D
"ch1","data",232.843138,0.000082,,0x00
"ch1","data",232.843225,0.000082,,0x0F
"ch1","data",232.8433115,0.000082,,0x00
"ch1","data",232.8433985,0.000082,,0x01
"ch1","data",232.843485,0.000082,,0x00
"ch1","data",232.843572,0.000082,,0x00
"ch1","data",232.8436585,0.000082,,0x00
"ch1","data",232.8437455,0.000082,,0x00
"ch1","data",232.843832,0.000082,,0x00
"ch1","data",232.843919,0.000082,,0x00
"ch1","data",232.8440055,0.000082,,0x09
"ch1","data",232.8440925,0.000082,,0x00
"ch1","data",232.844179,0.000082,,0x16
"ch1","data",232.844266,0.000082,,0x25
"ch1","data",232.8443525,0.000082,,0x61
"ch1","data",232.8444395,0.000082,,0x07
"ch1","data",232.844526,0.000082,,0x73
"ch1","data",232.844613,0.000082,,0x62
"ch1","data",232.8446995,0.000082,,0x00
"ch1","data",232.8447865,0.000082,,0x00
"ch1","data",232.844873,0.000082,,0xFF
"ch1","data",232.84496,0.000082,,0x04
"ch1","data",232.8450465,0.000082,,0xFF
"ch1","data",232.8451335,0.000082,,0x0F
"ch1","data",232.84522,0.000082,,0x04
"ch1","data",232.845307,0.000082,,0x40
"ch1","data",232.8453935,0.000082,,0x0C
"ch1","data",232.8454805,0.000082,,0xFE
"ch1","data",232.845567,0.000082,,0x00
"ch1","data",232.845654,0.000082,,0x00
"ch1","data",232.8457405,0.000082,,0x00
"ch1","data",232.8458275,0.000082,,0x01
"ch1","data",232.845914,0.000082,,0x00
"ch1","data",232.846001,0.000082,,0x13
"ch1","data",232.8460875,0.000082,,0x00
"ch1","data",232.8461745,0.000082,,0x00
"ch1","data",232.846261,0.000082,,0x2C
"ch1","data",232.846348,0.000082,,0xCC
"ch1","data",232.8464345,0.000082,,0xBF
"ch1","data",232.8465215,0.000082,,0xCF
"ch1","data",232.846608,0.000082,,0x7D
"ch1","data",232.846695,0.000082,,0x0D
"ch1","data",232.8467815,0.000082,,0x0A
"ch1","data",232.8468685,0.000082,,0x0D
"ch1","data",232.846955,0.000082,,0x0A
"ch1","data",232.847042,0.000082,,0x00
"ch1","data",232.8471285,0.000082,,0x7B
"ch1","data",232.8472155,0.000082,,0x38
"ch1","data",232.847302,0.000082,,0x00
"ch1","data",232.847389,0.000082,,0x01
"ch1","data",232.8474755,0.000082,,0x00
"ch1","data",232.8475625,0.000082,,0x05
"ch1","data",232.847649,0.000082,,0x00
"ch1","data",232.847736,0.000082,,0x01
"ch1","data",232.8478225,0.000082,,0x00
"ch1","data",232.8479095,0.000082,,0x00
"ch1","data",232.847996,0.000082,,0x00
"ch1","data",232.848083,0.000082,,0x00
"ch1","data",232.8481695,0.000082,,0x12
"ch1","data",232.8482565,0.000082,,0x4B
"ch1","data",232.848343,0.000082,,0x00
"ch1","data",232.84843,0.000082,,0x38
"ch1","data",232.8485165,0.000082,,0x0D
"ch1","data",232.8486035,0.000082,,0x16
"ch1","data",232.84869,0.000082,,0xFD
"ch1","data",232.848777,0.000082,,0x00
"ch1","data",232.8488635,0.000082,,0x00
"ch1","data",232.8489505,0.000082,,0x00
"ch1","data",232.849037,0.000082,,0x00
"ch1","data",232.849124,0.000082,,0x64
"ch1","data",232.8492105,0.000082,,0x00
"ch1","data",232.8492975,0.000082,,0x00
"ch1","data",232.849384,0.000082,,0x00
"ch1","data",232.849471,0.000082,,0x3E
"ch1","data",232.8495575,0.000082,,0x00
"ch1","data",232.8496445,0.000082,,0xFF
"ch1","data",232.849731,0.000082,,0x41
"ch1","data",232.849818,0.000082,,0x04
"ch1","data",232.8499045,0.000082,,0x00
"ch1","data",232.8499915,0.000082,,0x00
"ch1","data",232.850078,0.000082,,0x00
"ch1","data",232.850165,0.000082,,0x90
"ch1","data",232.8502515,0.000082,,0x01
"ch1","data",232.8503385,0.000082,,0x14
"ch1","data",232.850425,0.000082,,0x00
"ch1","data",232.850512,0.000082,,0x00
"ch1","data",232.8505985,0.000082,,0x00
"ch1","data",232.8506855,0.000082,,0x00
"ch1","data",232.850772,0.000082,,0x00
"ch1","data",232.850859,0.000082,,0x00
"ch1","data",232.8509455,0.000082,,0x00
"ch1","data",232.8510325,0.000082,,0x00
"ch1","data",232.851119,0.000082,,0x00
"ch1","data",232.851206,0.000082,,0x00
"ch1","data",232.8512925,0.000082,,0x00
"ch1","data",232.8513795,0.000082,,0x00
"ch1","data",232.851466,0.000082,,0x00
"ch1","data",232.851553,0.000082,,0x00
"ch1","data",232.8516395,0.000082,,0x00
"ch1","data",232.8517265,0.000082,,0x00
"ch1","data",232.851813,0.000082,,0x00
"ch1","data",232.8519,0.000082,,0x5F
"ch1","data",232.8519865,0.000082,,0xBB
"ch1","data",232.8520735,0.000082,,0x7D
"ch1","data",232.85216,0.000082,,0x0D
"ch1","data",232.852247,0.000082,,0x0A
"ch1","data",232.8523335,0.000082,,0x0D
"ch1","data",232.8524205,0.000082,,0x0A
"ch1","data",232.852507,0.000082,,0x0D
"ch1","data",232.852594,0.000082,,0x0A
"ch1","data",232.8526805,0.000082,,0x00
"ch1","data",232.8527675,0.000082,,0x7B
"ch1","data",232.852854,0.000082,,0x0C
"ch1","data",232.852941,0.000082,,0x00
"ch1","data",232.8530275,0.000082,,0x01
"ch1","data",232.8531145,0.000082,,0x00
"ch1","data",232.853201,0.000082,,0x03
"ch1","data",232.853288,0.000082,,0x00
"ch1","data",232.8533745,0.000082,,0x01
"ch1","data",232.8534615,0.000082,,0x00
"ch1","data",232.853548,0.000082,,0x00
"ch1","data",232.853635,0.000082,,0x00
"ch1","data",232.8537215,0.000082,,0xB0
"ch1","data",232.8538085,0.000082,,0xC0
"ch1","data",232.853895,0.000082,,0x7D
"ch1","data",232.853982,0.000082,,0x0D
"ch1","data",232.8540685,0.000082,,0x0A
"ch0","data",238.723481,0.000082,,0xDD
"ch0","data",238.7235655,0.000082,,0x02
"ch0","data",238.72365,0.000082,,0x00
"ch0","data",238.7237345,0.000082,,0x3B
"ch0","data",238.7238195,0.000082,,0x00
"ch0","data",238.723904,0.000082,,0x7B
"ch0","data",238.7239885,0.000082,,0x38
"ch0","data",238.7240735,0.000082,,0x00
"ch0","data",238.724158,0.000082,,0x11
"ch0","data",238.7242425,0.000082,,0x00
"ch0","data",238.7243275,0.000082,,0x01
"ch0","data",238.724412,0.000082,,0x00
"ch0","data",238.724497,0.000082,,0x00
"ch0","data",238.7245815,0.000082,,0x00
"ch0","data",238.724666,0.000082,,0x01
"ch0","data",238.724751,0.000082,,0x00
"ch0","data",238.7248355,0.000082,,0x46
"ch0","data",238.72492,0.000082,,0x81
"ch0","data",238.725005,0.000082,,0x9E
"ch0","data",238.7250895,0.000082,,0xE3
"ch0","data",238.725174,0.000082,,0x00
"ch0","data",238.725259,0.000082,,0x1D
"ch0","data",238.7253435,0.000082,,0x00
"ch0","data",238.7254285,0.000082,,0x0F
"ch0","data",238.725513,0.000082,,0x20
"ch0","data",238.7255975,0.000082,,0x00
"ch0","data",238.725682,0.000082,,0x18
"ch0","data",238.7257665,0.000082,,0x0B
"ch0","data",238.725851,0.000082,,0xA5
"ch0","data",238.7259355,0.000082,,0x27
"ch0","data",238.7260205,0.000082,,0x56
"ch0","data",238.726105,0.000082,,0x97
"ch0","data",238.7261895,0.000082,,0x00
"ch0","data",238.7262745,0.000082,,0x00
"ch0","data",238.726359,0.000082,,0x00
"ch0","data",238.7264435,0.000082,,0x00
"ch0","data",238.726528,0.000082,,0x00
"ch0","data",238.7266125,0.000082,,0x00
"ch0","data",238.7266975,0.000082,,0x61
"ch0","data",238.726782,0.000082,,0x07
"ch0","data",238.7268665,0.000082,,0x73
"ch0","data",238.726951,0.000082,,0x62
"ch0","data",238.727036,0.000082,,0x28
"ch0","data",238.7271205,0.000082,,0x00
"ch0","data",238.7272055,0.000082,,0x67
"ch0","data",238.72729,0.000082,,0x00
"ch0","data",238.7273745,0.000082,,0x00
"ch0","data",238.727459,0.000082,,0x88
"ch0","data",238.7275435,0.000082,,0x00
"ch0","data",238.7276285,0.000082,,0x00
"ch0","data",238.7277125,0.000082,,0x98
"ch0","data",238.727797,0.000082,,0x00
"ch0","data",238.727882,0.000082,,0x9F
"ch0","data",238.7279665,0.000082,,0x00
"ch0","data",238.728051,0.000082,,0x09
"ch0","data",238.7281355,0.000082,,0x00
"ch0","data",238.7282205,0.000082,,0x00
"ch0","data",238.728305,0.000082,,0x00
"ch0","data",238.7283895,0.000082,,0x54
"ch0","data",238.7284745,0.000082,,0x0E
"ch0","data",238.728559,0.000082,,0x7B
"ch0","data",238.728644,0.000082,,0x7B
"ch0","data",238.7287285,0.000082,,0x7D
"ch0","data",238.728813,0.000082,,0xDD
"ch0","data",238.728898,0.000082,,0x02
"ch0","data",238.7289825,0.000082,,0x00
"ch0","data",238.729067,0.000082,,0x0F
"ch0","data",238.729152,0.000082,,0x00
"ch0","data",238.7292365,0.000082,,0x7B
"ch0","data",238.729321,0.000082,,0x0C
"ch0","data",238.729406,0.000082,,0x00
"ch0","data",238.7294905,0.000082,,0x11
"ch0","data",238.7295755,0.000082,,0x00
"ch0","data",238.72966,0.000082,,0x00
"ch0","data",238.7297445,0.000082,,0x00
"ch0","data",238.7298295,0.000082,,0x00
"ch0","data",238.729914,0.000082,,0x00
"ch0","data",238.7299985,0.000082,,0x01
"ch0","data",238.7300835,0.000082,,0x00
"ch0","data",238.730168,0.000082,,0x61
"ch0","data",238.7302525,0.000082,,0x76
"ch0","data",238.7303375,0.000082,,0x7D
"ch1","data",239.1066365,0.000082,,0x0D
"ch1","data",239.106723,0.000082,,0x0A
"ch1","data",239.10681,0.000082,,0x00
"ch1","data",239.1068965,0.000082,,0x7B
"ch1","data",239.1069835,0.000082,,0x38
"ch1","data",239.10707,0.000082,,0x00
"ch1","data",239.107157,0.000082,,0x01
"ch1","data",239.1072435,0.000082,,0x00
"ch1","data",239.1073305,0.000082,,0x05
"ch1","data",239.107417,0.000082,,0x00
"ch1","data",239.107504,0.000082,,0x01
"ch1","data",239.1075905,0.000082,,0x00
"ch1","data",239.1076775,0.000082,,0x00
"ch1","data",239.107764,0.000082,,0x00
"ch1","data",239.107851,0.000082,,0x46
"ch1","data",239.1079375,0.000082,,0x81
"ch1","data",239.1080245,0.000082,,0x9E
"ch1","data",239.108111,0.000082,,0xE3
"ch1","data",239.108198,0.000082,,0x00
"ch1","data",239.1082845,0.000082,,0x1D
"ch1","data",239.1083715,0.000082,,0x00
"ch1","data",239.108458,0.000082,,0x0F
"ch1","data",239.108545,0.000082,,0x00
"ch1","data",239.1086315,0.000082,,0x01
"ch1","data",239.1087185,0.000082,,0x00
"ch1","data",239.108805,0.000082,,0x00
"ch1","data",239.108892,0.000082,,0x00
"ch1","data",239.1089785,0.000082,,0x00
"ch1","data",239.1090655,0.000082,,0x00
"ch1","data",239.109152,0.000082,,0x00
"ch1","data",239.109239,0.000082,,0x09
"ch1","data",239.1093255,0.000082,,0x00
"ch1","data",239.1094125,0.000082,,0x16
"ch1","data",239.109499,0.000082,,0x25
"ch1","data",239.109586,0.000082,,0x61
"ch1","data",239.1096725,0.000082,,0x07
"ch1","data",239.1097595,0.000082,,0x73
"ch1","data",239.109846,0.000082,,0x62
"ch1","data",239.109933,0.000082,,0x00
"ch1","data",239.1100195,0.000082,,0x00
"ch1","data",239.1101065,0.000082,,0xFF
"ch1","data",239.110193,0.000082,,0x04
"ch1","data",239.11028,0.000082,,0xFF
"ch1","data",239.1103665,0.000082,,0x0F
"ch1","data",239.1104535,0.000082,,0x04
"ch1","data",239.11054,0.000082,,0x40
"ch1","data",239.110627,0.000082,,0x0C
"ch1","data",239.1107135,0.000082,,0xFE
"ch1","data",239.1108005,0.000082,,0x00
"ch1","data",239.110887,0.000082,,0x00
"ch1","data",239.110974,0.000082,,0x00
"ch1","data",239.1110605,0.000082,,0x01
"ch1","data",239.1111475,0.000082,,0x00
"ch1","data",239.111234,0.000082,,0x13
"ch1","data",239.111321,0.000082,,0x00
"ch1","data",239.1114075,0.000082,,0x00
"ch1","data",239.1114945,0.000082,,0x2C
"ch1","data",239.111581,0.000082,,0xCC
"ch1","data",239.111668,0.000082,,0xBF
"ch1","data",239.1117545,0.000082,,0xCF
"ch1","data",239.1118415,0.000082,,0x7D
"ch1","data",239.111928,0.000082,,0x0D
"ch1","data",239.112015,0.000082,,0x0A
"ch1","data",239.1121015,0.000082,,0x0D
"ch1","data",239.1121885,0.000082,,0x0A
"ch1","data",239.112275,0.000082,,0x00
"ch1","data",239.112362,0.000082,,0x7B
"ch1","data",239.1124485,0.000082,,0x38
"ch1","data",239.1125355,0.000082,,0x00
"ch1","data",239.112622,0.000082,,0x01
"ch1","data",239.112709,0.000082,,0x00
"ch1","data",239.1127955,0.000082,,0x05
"ch1","data",239.1128825,0.000082,,0x00
"ch1","data",239.112969,0.000082,,0x01
"ch1","data",239.113056,0.000082,,0x00
"ch1","data",239.1131425,0.000082,,0x00
"ch1","data",239.1132295,0.000082,,0x00
"ch1","data",239.113316,0.000082,,0x00
"ch1","data",239.113403,0.000082,,0x12
"ch1","data",239.1134895,0.000082,,0x4B
"ch1","data",239.1135765,0.000082,,0x00
"ch1","data",239.113663,0.000082,,0x38
"ch1","data",239.11375,0.000082,,0x0D
"ch1","data",239.1138365,0.000082,,0x16
"ch1","data",239.1139235,0.000082,,0xFD
"ch1","data",239.11401,0.000082,,0x00
"ch1","data",239.114097,0.000082,,0x00
"ch1","data",239.1141835,0.000082,,0x00
"ch1","data",239.1142705,0.000082,,0x00
"ch1","data",239.114357,0.000082,,0x64
"ch1","data",239.114444,0.000082,,0x00
"ch1","data",239.1145305,0.000082,,0x00
"ch1","data",239.1146175,0.000082,,0x00
"ch1","data",239.114704,0.000082,,0x3E
"ch1","data",239.114791,0.000082,,0x00
"ch1","data",239.1148775,0.000082,,0xFF
"ch1","data",239.1149645,0.000082,,0x41
"ch1","data",239.115051,0.000082,,0x04
"ch1","data",239.115138,0.000082,,0x00
"ch1","data",239.1152245,0.000082,,0x00
"ch1","data",239.1153115,0.000082,,0x00
"ch1","data",239.115398,0.000082,,0x90
"ch1","data",239.115485,0.000082,,0x01
"ch1","data",239.1155715,0.000082,,0x14
"ch1","data",239.1156585,0.000082,,0x00
"ch1","data",239.115745,0.000082,,0x00
"ch1","data",239.115832,0.000082,,0x00
"ch1","data",239.1159185,0.000082,,0x00
"ch1","data",239.1160055,0.000082,,0x00
"ch1","data",239.116092,0.000082,,0x00
"ch1","data",239.116179,0.000082,,0x00
"ch1","data",239.1162655,0.000082,,0x00
"ch1","data",239.1163525,0.000082,,0x00
"ch1","data",239.116439,0.000082,,0x00
"ch1","data",239.116526,0.000082,,0x00
"ch1","data",239.1166125,0.000082,,0x00
"ch1","data",239.1166995,0.000082,,0x00
"ch1","data",239.116786,0.000082,,0x00
"ch1","data",239.116873,0.000082,,0x00
"ch1","data",239.1169595,0.000082,,0x00
"ch1","data",239.1170465,0.000082,,0x00
"ch1","data",239.117133,0.000082,,0x5F
"ch1","data",239.11722,0.000082,,0xBB
"ch1","data",239.1173065,0.000082,,0x7D
"ch1","data",239.1173935,0.000082,,0x0D
"ch1","data",239.11748,0.000082,,0x0A
"ch1","data",239.117567,0.000082,,0x0D
"ch1","data",239.1176535,0.000082,,0x0A
"ch1","data",239.1177405,0.000082,,0x0D
"ch1","data",239.117827,0.000082,,0x0A
"ch1","data",239.117914,0.000082,,0x00
"ch1","data",239.1180005,0.000082,,0x7B
"ch1","data",239.1180875,0.000082,,0x0C
"ch1","data",239.118174,0.000082,,0x00
"ch1","data",239.118261,0.000082,,0x01
"ch1","data",239.1183475,0.000082,,0x00
"ch1","data",239.1184345,0.000082,,0x03
"ch1","data",239.118521,0.000082,,0x00
"ch1","data",239.118608,0.000082,,0x01
"ch1","data",239.1186945,0.000082,,0x00
"ch1","data",239.1187815,0.000082,,0x00
"ch1","data",239.118868,0.000082,,0x00
"ch1","data",239.118955,0.000082,,0xB0
"ch1","data",239.1190415,0.000082,,0xC0
"ch1","data",239.1191285,0.000082,,0x7D
"ch1","data",239.119215,0.000082,,0x0D
"ch1","data",239.119302,0.000082,,0x0A
"ch0","data",244.9899225,0.000082,,0xDD
"ch0","data",244.990007,0.000082,,0x02
"ch0","data",244.9900915,0.000082,,0x00
"ch0","data",244.9901765,0.000082,,0x3B
"ch0","data",244.990261,0.000082,,0x00
"ch0","data",244.9903455,0.000082,,0x7B
"ch0","data",244.99043,0.000082,,0x38
"ch0","data",244.990515,0.000082,,0x00
"ch0","data",244.9905995,0.000082,,0x11
"ch0","data",244.990684,0.000082,,0x00
"ch0","data",244.990769,0.000082,,0x01
"ch0","data",244.9908535,0.000082,,0x00
"ch0","data",244.990938,0.000082,,0x00
"ch0","data",244.9910225,0.000082,,0x00
"ch0","data",244.991107,0.000082,,0x01
"ch0","data",244.991192,0.000082,,0x00
"ch0","data",244.9912765,0.000082,,0x46
"ch0","data",244.991361,0.000082,,0x81
"ch0","data",244.9914455,0.000082,,0x9E
"ch0","data",244.9915305,0.000082,,0xE3
"ch0","data",244.991615,0.000082,,0x00
"ch0","data",244.9916995,0.000082,,0x1D
"ch0","data",244.9917845,0.000082,,0x00
"ch0","data",244.991869,0.000082,,0x0F
"ch0","data",244.9919535,0.000082,,0x20
"ch0","data",244.992038,0.000082,,0x00
"ch0","data",244.992123,0.000082,,0x18
"ch0","data",244.9922075,0.000082,,0x0B
"ch0","data",244.992292,0.000082,,0xA5
"ch0","data",244.9923765,0.000082,,0x27
"ch0","data",244.992461,0.000082,,0x56
"ch0","data",244.9925455,0.000082,,0x97
"ch0","data",244.9926305,0.000082,,0x00
"ch0","data",244.992715,0.000082,,0x00
"ch0","data",244.9927995,0.000082,,0x00
"ch0","data",244.992884,0.000082,,0x00
"ch0","data",244.992969,0.000082,,0x00
"ch0","data",244.9930535,0.000082,,0x00
"ch0","data",244.993138,0.000082,,0x61
"ch0","data",244.9932225,0.000082,,0x07
"ch0","data",244.9933075,0.000082,,0x73
"ch0","data",244.993392,0.000082,,0x62
"ch0","data",244.9934765,0.000082,,0x28
"ch0","data",244.993561,0.000082,,0x00
"ch0","data",244.9936455,0.000082,,0x67
"ch0","data",244.9937305,0.000082,,0x00
"ch0","data",244.993815,0.000082,,0x00
"ch0","data",244.9938995,0.000082,,0x88
"ch0","data",244.9939845,0.000082,,0x00
"ch0","data",244.994069,0.000082,,0x00
"ch0","data",244.9941535,0.000082,,0x98
"ch0","data",244.994238,0.000082,,0x00
"ch0","data",244.9943225,0.000082,,0x9F
"ch0","data",244.9944075,0.000082,,0x00
"ch0","data",244.994492,0.000082,,0x09
"ch0","data",244.9945765,0.000082,,0x00
"ch0","data",244.9946615,0.000082,,0x00
"ch0","data",244.994746,0.000082,,0x00
"ch0","data",244.9948305,0.000082,,0x54
"ch0","data",244.9949155,0.000082,,0x0E
"ch0","data",244.995,0.000082,,0x7B
"ch0","data",244.9950845,0.000082,,0x7B
"ch0","data",244.9951695,0.000082,,0x7D
"ch0","data",244.995254,0.000082,,0xDD
"ch0","data",244.995339,0.000082,,0x02
"ch0","data",244.9954235,0.000082,,0x00
"ch0","data",244.995508,0.000082,,0x0F
"ch0","data",244.995593,0.000082,,0x00
"ch0","data",244.9956775,0.000082,,0x7B
"ch0","data",244.995762,0.000082,,0x0C
"ch0","data",244.995847,0.000082,,0x00
"ch0","data",244.9959315,0.000082,,0x11
"ch0","data",244.9960165,0.000082,,0x00
"ch0","data",244.996101,0.000082,,0x00
"ch0","data",244.9961855,0.000082,,0x00
"ch0","data",244.9962705,0.000082,,0x00
"ch0","data",244.996355,0.000082,,0x00
"ch0","data",244.99644,0.000082,,0x01
"ch0","data",244.9965245,0.000082,,0x00
"ch0","data",244.996609,0.000082,,0x61
"ch0","data",244.996694,0.000082,,0x76
"ch0","data",244.9967785,0.000082,,0x7D
"ch1","data",245.7539915,0.000082,,0x0D
"ch1","data",245.7540785,0.000082,,0x0A
"ch1","data",245.754165,0.000082,,0x00
"ch1","data",245.754252,0.000082,,0x7B
"ch1","data",245.7543385,0.000082,,0x38
"ch1","data",245.7544255,0.000082,,0x00
"ch1","data",245.754512,0.000082,,0x01
"ch1","data",245.754599,0.000082,,0x00
"ch1","data",245.7546855,0.000082,,0x05
"ch1","data",245.7547725,0.000082,,0x00
"ch1","data",245.754859,0.000082,,0x01
"ch1","data",245.754946,0.000082,,0x00
"ch1","data",245.7550325,0.000082,,0x00
"ch1","data",245.7551195,0.000082,,0x00
"ch1","data",245.755206,0.000082,,0x46
"ch1","data",245.755293,0.000082,,0x81
"ch1","data",245.7553795,0.000082,,0x9E
"ch1","data",245.7554665,0.000082,,0xE3
"ch1","data",245.755553,0.000082,,0x00
"ch1","data",245.75564,0.000082,,0x1D
"ch1","data",245.7557265,0.000082,,0x00
"ch1","data",245.7558135,0.000082,,0x0F
"ch1","data",245.7559,0.000082,,0x00
"ch1","data",245.755987,0.000082,,0x01
"ch1","data",245.7560735,0.000082,,0x00
"ch1","data",245.7561605,0.000082,,0x00
"ch1","data",245.756247,0.000082,,0x00
"ch1","data",245.756334,0.000082,,0x00
"ch1","data",245.7564205,0.000082,,0x00
"ch1","data",245.7565075,0.000082,,0x00
"ch1","data",245.756594,0.000082,,0x09
"ch1","data",245.756681,0.000082,,0x00
"ch1","data",245.7567675,0.000082,,0x16
"ch1","data",245.7568545,0.000082,,0x25
"ch1","data",245.756941,0.000082,,0x61
"ch1","data",245.757028,0.000082,,0x07
"ch1","data",245.7571145,0.000082,,0x73
"ch1","data",245.7572015,0.000082,,0x62
"ch1","data",245.757288,0.000082,,0x00
"ch1","data",245.757375,0.000082,,0x00
"ch1","data",245.7574615,0.000082,,0xFF
"ch1","data",245.7575485,0.000082,,0x04
"ch1","data",245.757635,0.000082,,0xFF
"ch1","data",245.757722,0.000082,,0x0F
"ch1","data",245.7578085,0.000082,,0x04
"ch1","data",245.7578955,0.000082,,0x40
"ch1","data",245.757982,0.000082,,0x0C
"ch1","data",245.758069,0.000082,,0xFE
"ch1","data",245.7581555,0.000082,,0x00
"ch1","data",245.7582425,0.000082,,0x00
"ch1","data",245.758329,0.000082,,0x00
"ch1","data",245.758416,0.000082,,0x01
"ch1","data",245.7585025,0.000082,,0x00
"ch1","data",245.7585895,0.000082,,0x13
"ch1","data",245.758676,0.000082,,0x00
"ch1","data",245.758763,0.000082,,0x00
"ch1","data",245.7588495,0.000082,,0x2C
"ch1","data",245.7589365,0.000082,,0xCC
"ch1","data",245.759023,0.000082,,0xBF
"ch1","data",245.75911,0.000082,,0xCF
"ch1","data",245.7591965,0.000082,,0x7D
"ch1","data",245.7592835,0.000082,,0x0D
"ch1","data",245.75937,0.000082,,0x0A
"ch1","data",245.759457,0.000082,,0x0D
"ch1","data",245.7595435,0.000082,,0x0A
"ch1","data",245.7596305,0.000082,,0x00
"ch1","data",245.759717,0.000082,,0x7B
"ch1","data",245.759804,0.000082,,0x38
"ch1","data",245.7598905,0.000082,,0x00
"ch1","data",245.7599775,0.000082,,0x01
"ch1","data",245.760064,0.000082,,0x00
"ch1","data",245.760151,0.000082,,0x05
"ch1","data",245.7602375,0.000082,,0x00
"ch1","data",245.7603245,0.000082,,0x01
"ch1","data",245.760411,0.000082,,0x00
"ch1","data",245.760498,0.000082,,0x00
"ch1","data",245.7605845,0.000082,,0x00
"ch1","data",245.7606715,0.000082,,0x00
"ch1","data",245.760758,0.000082,,0x12
"ch1","data",245.760845,0.000082,,0x4B
"ch1","data",245.7609315,0.000082,,0x00
"ch1","data",245.7610185,0.000082,,0x38
"ch1","data",245.761105,0.000082,,0x0D
"ch1","data",245.761192,0.000082,,0x16
"ch1","data",245.7612785,0.000082,,0xFD
"ch1","data",245.7613655,0.000082,,0x00
"ch1","data",245.761452,0.000082,,0x00
"ch1","data",245.761539,0.000082,,0x00
"ch1","data",245.7616255,0.000082,,0x00
"ch1","data",245.7617125,0.000082,,0x64
"ch1","data",245.761799,0.000082,,0x00
"ch1","data",245.761886,0.000082,,0x00
"ch1","data",245.7619725,0.000082,,0x00
"ch1","data",245.7620595,0.000082,,0x3E
"ch1","data",245.762146,0.000082,,0x00
"ch1","data",245.762233,0.000082,,0xFF
"ch1","data",245.7623195,0.000082,,0x41
"ch1","data",245.7624065,0.000082,,0x04
"ch1","data",245.762493,0.000082,,0x00
"ch1","data",245.76258,0.000082,,0x00
"ch1","data",245.7626665,0.000082,,0x00
"ch1","data",245.7627535,0.000082,,0x90
"ch1","data",245.76284,0.000082,,0x01
"ch1","data",245.762927,0.000082,,0x14
"ch1","data",245.7630135,0.000082,,0x00
"ch1","data",245.7631005,0.000082,,0x00
"ch1","data",245.763187,0.000082,,0x00
"ch1","data",245.763274,0.000082,,0x00
"ch1","data",245.7633605,0.000082,,0x00
"ch1","data",245.7634475,0.000082,,0x00
"ch1","data",245.763534,0.000082,,0x00
"ch1","data",245.763621,0.000082,,0x00
"ch1","data",245.7637075,0.000082,,0x00
"ch1","data",245.7637945,0.000082,,0x00
"ch1","data",245.763881,0.000082,,0x00
"ch1","data",245.763968,0.000082,,0x00
"ch1","data",245.7640545,0.000082,,0x00
"ch1","data",245.7641415,0.000082,,0x00
"ch1","data",245.764228,0.000082,,0x00
"ch1","data",245.764315,0.000082,,0x00
"ch1","data",245.7644015,0.000082,,0x00
"ch1","data",245.7644885,0.000082,,0x5F
"ch1","data",245.764575,0.000082,,0xBB
"ch1","data",245.764662,0.000082,,0x7D
"ch1","data",245.7647485,0.000082,,0x0D
"ch1","data",245.7648355,0.000082,,0x0A
"ch1","data",245.764922,0.000082,,0x0D
"ch1","data",245.765009,0.000082,,0x0A
"ch1","data",245.7650955,0.000082,,0x0D
"ch1","data",245.7651825,0.000082,,0x0A
"ch1","data",245.765269,0.000082,,0x00
"ch1","data",245.765356,0.000082,,0x7B
"ch1","data",245.7654425,0.000082,,0x0C
"ch1","data",245.7655295,0.000082,,0x00
"ch1","data",245.765616,0.000082,,0x01
"ch1","data",245.765703,0.000082,,0x00
"ch1","data",245.7657895,0.000082,,0x03
"ch1","data",245.7658765,0.000082,,0x00
"ch1","data",245.765963,0.000082,,0x01
"ch1","data",245.76605,0.000082,,0x00
"ch1","data",245.7661365,0.000082,,0x00
"ch1","data",245.7662235,0.000082,,0x00
"ch1","data",245.76631,0.000082,,0xB0
"ch1","data",245.766397,0.000082,,0xC0
"ch1","data",245.7664835,0.000082,,0x7D
"ch1","data",245.7665705,0.000082,,0x0D
"ch1","data",245.766657,0.000082,,0x0A
"ch0","data",251.341605,0.000082,,0xDD
"ch0","data",251.3416895,0.000082,,0x02
"ch0","data",251.3417745,0.000082,,0x00
"ch0","data",251.341859,0.000082,,0x3B
"ch0","data",251.3419435,0.000082,,0x00
"ch0","data",251.3420285,0.000082,,0x7B
"ch0","data",251.342113,0.000082,,0x38
"ch0","data",251.3421975,0.000082,,0x00
"ch0","data",251.342282,0.000082,,0x11
"ch0","data",251.3423665,0.000082,,0x00
"ch0","data",251.3424515,0.000082,,0x01
"ch0","data",251.342536,0.000082,,0x00
"ch0","data",251.3426205,0.000082,,0x00
"ch0","data",251.342705,0.000082,,0x00
"ch0","data",251.34279,0.000082,,0x01
"ch0","data",251.3428745,0.000082,,0x00
"ch0","data",251.342959,0.000082,,0x46
"ch0","data",251.343044,0.000082,,0x81
"ch0","data",251.3431285,0.000082,,0x9E
"ch0","data",251.3432135,0.000082,,0xE3
"ch0","data",251.343298,0.000082,,0x00
"ch0","data",251.3433825,0.000082,,0x1D
"ch0","data",251.3434675,0.000082,,0x00
"ch0","data",251.343552,0.000082,,0x0F
"ch0","data",251.343637,0.000082,,0x20
"ch0","data",251.3437215,0.000082,,0x00
"ch0","data",251.343806,0.000082,,0x06
"ch0","data",251.343891,0.000082,,0x0B
"ch0","data",251.3439755,0.000082,,0xA5
"ch0","data",251.34406,0.000082,,0x27
"ch0","data",251.3441445,0.000082,,0x56
"ch0","data",251.3442295,0.000082,,0xAF
"ch0","data",251.344314,0.000082,,0x00
"ch0","data",251.3443985,0.000082,,0x00
"ch0","data",251.3444835,0.000082,,0x00
"ch0","data",251.344568,0.000082,,0x00
"ch0","data",251.3446525,0.000082,,0x00
"ch0","data",251.344737,0.000082,,0x00
"ch0","data",251.344822,0.000082,,0x61
"ch0","data",251.3449065,0.000082,,0x07
"ch0","data",251.344991,0.000082,,0x73
"ch0","data",251.3450755,0.000082,,0x62
"ch0","data",251.3451605,0.000082,,0x28
"ch0","data",251.345245,0.000082,,0x00
"ch0","data",251.34533,0.000082,,0x62
"ch0","data",251.3454145,0.000082,,0x00
"ch0","data",251.3454995,0.000082,,0x00
"ch0","data",251.3455835,0.000082,,0x88
"ch0","data",251.3456685,0.000082,,0x00
"ch0","data",251.345753,0.000082,,0x00
"ch0","data",251.3458375,0.000082,,0x98
"ch0","data",251.345922,0.000082,,0x00
"ch0","data",251.3460065,0.000082,,0x9F
"ch0","data",251.3460915,0.000082,,0x00
"ch0","data",251.346176,0.000082,,0x09
"ch0","data",251.346261,0.000082,,0x00
"ch0","data",251.3463455,0.000082,,0x00
"ch0","data",251.34643,0.000082,,0x00
"ch0","data",251.346515,0.000082,,0x54
"ch0","data",251.346599,0.000082,,0x0E
"ch0","data",251.3466835,0.000082,,0x82
"ch0","data",251.346768,0.000082,,0x3E
"ch0","data",251.346853,0.000082,,0x7D
"ch0","data",251.3469375,0.000082,,0xDD
"ch0","data",251.347022,0.000082,,0x02
"ch0","data",251.3471065,0.000082,,0x00
"ch0","data",251.347191,0.000082,,0x0F
"ch0","data",251.3472755,0.000082,,0x00
"ch0","data",251.34736,0.000082,,0x7B
"ch0","data",251.347445,0.000082,,0x0C
"ch0","data",251.3475295,0.000082,,0x00
"ch0","data",251.347614,0.000082,,0x11
"ch0","data",251.3476985,0.000082,,0x00
"ch0","data",251.347783,0.000082,,0x00
"ch0","data",251.347868,0.000082,,0x00
"ch0","data",251.3479525,0.000082,,0x00
"ch0","data",251.348037,0.000082,,0x00
"ch0","data",251.3481215,0.000082,,0x01
"ch0","data",251.3482065,0.000082,,0x00
"ch0","data",251.348291,0.000082,,0x61
"ch0","data",251.3483755,0.000082,,0x76
"ch0","data",251.34846,0.000082,,0x7D
"ch0","data",251.3485445,0.000082,,0xDD
"ch0","data",251.3486295,0.000082,,0x02
"ch0","data",251.348714,0.000082,,0x00
"ch0","data",251.3487985,0.000082,,0x0F
"ch0","data",251.348883,0.000082,,0x00
"ch0","data",251.348968,0.000082,,0x7B
"ch0","data",251.3490525,0.000082,,0x0C
"ch0","data",251.3491375,0.000082,,0x00
"ch0","data",251.349222,0.000082,,0x11
"ch0","data",251.3493065,0.000082,,0x00
"ch0","data",251.349391,0.000082,,0x0B
"ch0","data",251.3494755,0.000082,,0x00
"ch0","data",251.3495605,0.000082,,0x00
"ch0","data",251.349645,0.000082,,0x00
"ch0","data",251.3497295,0.000082,,0x01
"ch0","data",251.349814,0.000082,,0x00
"ch0","data",251.3498985,0.000082,,0xC3
"ch0","data",251.3499835,0.000082,,0xB5
"ch0","data",251.350068,0.000082,,0x7D
"ch1","data",251.8465905,0.000082,,0x0D
"ch1","data",251.8466775,0.000082,,0x0A
"ch1","data",251.846764,0.000082,,0x00
"ch1","data",251.846851,0.000082,,0x7B
"ch1","data",251.8469375,0.000082,,0x38
"ch1","data",251.8470245,0.000082,,0x00
"ch1","data",251.847111,0.000082,,0x01
"ch1","data",251.847198,0.000082,,0x00
"ch1","data",251.8472845,0.000082,,0x05
"ch1","data",251.8473715,0.000082,,0x00
"ch1","data",251.847458,0.000082,,0x01
"ch1","data",251.847545,0.000082,,0x00
"ch1","data",251.8476315,0.000082,,0x00
"ch1","data",251.8477185,0.000082,,0x00
"ch1","data",251.847805,0.000082,,0x46
"ch1","data",251.847892,0.000082,,0x81
"ch1","data",251.8479785,0.000082,,0x9E
"ch1","data",251.8480655,0.000082,,0xE3
"ch1","data",251.848152,0.000082,,0x00
"ch1","data",251.848239,0.000082,,0x1D
"ch1","data",251.8483255,0.000082,,0x00
"ch1","data",251.8484125,0.000082,,0x0F
"ch1","data",251.848499,0.000082,,0x00
"ch1","data",251.848586,0.000082,,0x01
"ch1","data",251.8486725,0.000082,,0x00
"ch1","data",251.8487595,0.000082,,0x00
"ch1","data",251.848846,0.000082,,0x00
"ch1","data",251.848933,0.000082,,0x00
"ch1","data",251.8490195,0.000082,,0x00
"ch1","data",251.8491065,0.000082,,0x00
"ch1","data",251.849193,0.000082,,0x09
"ch1","data",251.84928,0.000082,,0x00
"ch1","data",251.8493665,0.000082,,0x16
"ch1","data",251.8494535,0.000082,,0x25
"ch1","data",251.84954,0.000082,,0x61
"ch1","data",251.849627,0.000082,,0x07
"ch1","data",251.8497135,0.000082,,0x73
"ch1","data",251.8498005,0.000082,,0x62
"ch1","data",251.849887,0.000082,,0x00
"ch1","data",251.849974,0.000082,,0x00
"ch1","data",251.8500605,0.000082,,0xFF
"ch1","data",251.8501475,0.000082,,0x04
"ch1","data",251.850234,0.000082,,0xFF
"ch1","data",251.850321,0.000082,,0x0F
"ch1","data",251.8504075,0.000082,,0x04
"ch1","data",251.8504945,0.000082,,0x40
"ch1","data",251.850581,0.000082,,0x0C
"ch1","data",251.850668,0.000082,,0xFE
"ch1","data",251.8507545,0.000082,,0x00
"ch1","data",251.8508415,0.000082,,0x00
"ch1","data",251.850928,0.000082,,0x00
"ch1","data",251.851015,0.000082,,0x01
"ch1","data",251.8511015,0.000082,,0x00
"ch1","data",251.8511885,0.000082,,0x13
"ch1","data",251.851275,0.000082,,0x00
"ch1","data",251.851362,0.000082,,0x00
"ch1","data",251.8514485,0.000082,,0x2C
"ch1","data",251.8515355,0.000082,,0xCC
"ch1","data",251.851622,0.000082,,0xBF
"ch1","data",251.851709,0.000082,,0xCF
"ch1","data",251.8517955,0.000082,,0x7D
"ch1","data",251.8518825,0.000082,,0x0D
"ch1","data",251.851969,0.000082,,0x0A
"ch1","data",251.852056,0.000082,,0x0D
"ch1","data",251.8521425,0.000082,,0x0A
"ch1","data",251.8522295,0.000082,,0x00
"ch1","data",251.852316,0.000082,,0x7B
"ch1","data",251.852403,0.000082,,0x38
"ch1","data",251.8524895,0.000082,,0x00
"ch1","data",251.8525765,0.000082,,0x01
"ch1","data",251.852663,0.000082,,0x00
"ch1","data",251.85275,0.000082,,0x05
"ch1","data",251.8528365,0.000082,,0x00
"ch1","data",251.8529235,0.000082,,0x01
"ch1","data",251.85301,0.000082,,0x00
"ch1","data",251.853097,0.000082,,0x00
"ch1","data",251.8531835,0.000082,,0x00
"ch1","data",251.8532705,0.000082,,0x00
"ch1","data",251.853357,0.000082,,0x12
"ch1","data",251.853444,0.000082,,0x4B
"ch1","data",251.8535305,0.000082,,0x00
"ch1","data",251.8536175,0.000082,,0x38
"ch1","data",251.853704,0.000082,,0x0D
"ch1","data",251.853791,0.000082,,0x16
"ch1","data",251.8538775,0.000082,,0xFD
"ch1","data",251.8539645,0.000082,,0x00
"ch1","data",251.854051,0.000082,,0x00
"ch1","data",251.854138,0.000082,,0x00
"ch1","data",251.8542245,0.000082,,0x00
"ch1","data",251.8543115,0.000082,,0x64
"ch1","data",251.854398,0.000082,,0x00
"ch1","data",251.854485,0.000082,,0x00
"ch1","data",251.8545715,0.000082,,0x00
"ch1","data",251.8546585,0.000082,,0x3E
"ch1","data",251.854745,0.000082,,0x00
"ch1","data",251.854832,0.000082,,0xFF
"ch1","data",251.8549185,0.000082,,0x41
"ch1","data",251.8550055,0.000082,,0x04
"ch1","data",251.855092,0.000082,,0x00
"ch1","data",251.855179,0.000082,,0x00
"ch1","data",251.8552655,0.000082,,0x00
"ch1","data",251.8553525,0.000082,,0x90
"ch1","data",251.855439,0.000082,,0x01
"ch1","data",251.855526,0.000082,,0x14
"ch1","data",251.8556125,0.000082,,0x00
"ch1","data",251.8556995,0.000082,,0x00
"ch1","data",251.855786,0.000082,,0x00
"ch1","data",251.855873,0.000082,,0x00
"ch1","data",251.8559595,0.000082,,0x00
"ch1","data",251.8560465,0.000082,,0x00
"ch1","data",251.856133,0.000082,,0x00
"ch1","data",251.85622,0.000082,,0x00
"ch1","data",251.8563065,0.000082,,0x00
"ch1","data",251.8563935,0.000082,,0x00
"ch1","data",251.85648,0.000082,,0x00
"ch1","data",251.856567,0.000082,,0x00
"ch1","data",251.8566535,0.000082,,0x00
"ch1","data",251.8567405,0.000082,,0x00
"ch1","data",251.856827,0.000082,,0x00
"ch1","data",251.856914,0.000082,,0x00
"ch1","data",251.8570005,0.000082,,0x00
"ch1","data",251.8570875,0.000082,,0x5F
"ch1","data",251.857174,0.000082,,0xBB
"ch1","data",251.857261,0.000082,,0x7D
"ch1","data",251.8573475,0.000082,,0x0D
"ch1","data",251.8574345,0.000082,,0x0A
"ch1","data",251.857521,0.000082,,0x0D
"ch1","data",251.857608,0.000082,,0x0A
"ch1","data",251.8576945,0.000082,,0x0D
"ch1","data",251.8577815,0.000082,,0x0A
"ch1","data",251.857868,0.000082,,0x00
"ch1","data",251.8579545,0.000082,,0x7B
"ch1","data",251.8580415,0.000082,,0x0C
"ch1","data",251.858128,0.000082,,0x00
"ch1","data",251.858215,0.000082,,0x01
"ch1","data",251.8583015,0.000082,,0x00
"ch1","data",251.8583885,0.000082,,0x03
"ch1","data",251.858475,0.000082,,0x00
"ch1","data",251.858562,0.000082,,0x01
"ch1","data",251.8586485,0.000082,,0x00
"ch1","data",251.8587355,0.000082,,0x00
"ch1","data",251.858822,0.000082,,0x00
"ch1","data",251.858909,0.000082,,0xB0
"ch1","data",251.8589955,0.000082,,0xC0
"ch1","data",251.8590825,0.000082,,0x7D
"ch1","data",251.859169,0.000082,,0x0D
"ch1","data",251.859256,0.000082,,0x0A
"ch1","data",252.1761625,0.000082,,0x0D
"ch1","data",252.176249,0.000082,,0x0A
"ch1","data",252.176336,0.000082,,0x00
"ch1","data",252.1764225,0.000082,,0x7B
"ch1","data",252.1765095,0.000082,,0x0C
"ch1","data",252.176596,0.000082,,0x00
"ch1","data",252.176683,0.000082,,0x01
"ch1","data",252.1767695,0.000082,,0x00
"ch1","data",252.1768565,0.000082,,0x03
"ch1","data",252.176943,0.000082,,0x00
"ch1","data",252.17703,0.000082,,0x01
"ch1","data",252.1771165,0.000082,,0x00
"ch1","data",252.1772035,0.000082,,0x00
"ch1","data",252.17729,0.000082,,0x00
"ch1","data",252.177377,0.000082,,0xB0
"ch1","data",252.1774635,0.000082,,0xC0
"ch1","data",252.1775505,0.000082,,0x7D
"ch1","data",252.177637,0.000082,,0x0D
"ch1","data",252.177724,0.000082,,0x0A
"ch0","data",256.832162,0.000082,,0xDD
"ch0","data",256.8322465,0.000082,,0x02
"ch0","data",256.832331,0.000082,,0x00
"ch0","data",256.832416,0.000082,,0x3B
"ch0","data",256.8325005,0.000082,,0x00
"ch0","data",256.832585,0.000082,,0x7B
"ch0","data",256.8326695,0.000082,,0x38
"ch0","data",256.832754,0.000082,,0x00
"ch0","data",256.832839,0.000082,,0x11
"ch0","data",256.8329235,0.000082,,0x00
"ch0","data",256.833008,0.000082,,0x01
"ch0","data",256.8330925,0.000082,,0x00
"ch0","data",256.833177,0.000082,,0x00
"ch0","data",256.8332615,0.000082,,0x00
"ch0","data",256.833346,0.000082,,0x01
"ch0","data",256.833431,0.000082,,0x00
"ch0","data",256.8335155,0.000082,,0x00
"ch0","data",256.8336,0.000082,,0x12
"ch0","data",256.8336845,0.000082,,0x4B
"ch0","data",256.833769,0.000082,,0x00
"ch0","data",256.8338535,0.000082,,0x38
"ch0","data",256.8339385,0.000082,,0x0D
"ch0","data",256.834023,0.000082,,0x16
"ch0","data",256.834108,0.000082,,0xFD
"ch0","data",256.8341925,0.000082,,0x03
"ch0","data",256.8342775,0.000082,,0x00
"ch0","data",256.8343615,0.000082,,0x46
"ch0","data",256.8344465,0.000082,,0x09
"ch0","data",256.834531,0.000082,,0xA5
"ch0","data",256.8346155,0.000082,,0x27
"ch0","data",256.8347,0.000082,,0x2F
"ch0","data",256.834785,0.000082,,0x01
"ch0","data",256.8348695,0.000082,,0xCF
"ch0","data",256.834954,0.000082,,0xFF
"ch0","data",256.8350385,0.000082,,0x64
"ch0","data",256.835123,0.000082,,0x00
"ch0","data",256.835208,0.000082,,0xEE
"ch0","data",256.8352925,0.000082,,0x02
"ch0","data",256.835377,0.000082,,0x00
"ch0","data",256.8354615,0.000082,,0x00
"ch0","data",256.8355465,0.000082,,0x00
"ch0","data",256.835631,0.000082,,0x00
"ch0","data",256.8357155,0.000082,,0x00
"ch0","data",256.8358005,0.000082,,0x00
"ch0","data",256.835885,0.000082,,0x0A
"ch0","data",256.8359695,0.000082,,0x04
"ch0","data",256.8360545,0.000082,,0x00
"ch0","data",256.836139,0.000082,,0x00
"ch0","data",256.8362235,0.000082,,0x00
"ch0","data",256.836308,0.000082,,0x00
"ch0","data",256.836393,0.000082,,0x00
"ch0","data",256.8364775,0.000082,,0x00
"ch0","data",256.836562,0.000082,,0x06
"ch0","data",256.836647,0.000082,,0x01
"ch0","data",256.8367315,0.000082,,0x00
"ch0","data",256.836816,0.000082,,0x00
"ch0","data",256.836901,0.000082,,0x00
"ch0","data",256.8369855,0.000082,,0x00
"ch0","data",256.83707,0.000082,,0x00
"ch0","data",256.8371545,0.000082,,0x00
"ch0","data",256.837239,0.000082,,0x8D
"ch0","data",256.837324,0.000082,,0x1F
"ch0","data",256.8374085,0.000082,,0x7D
"ch0","data",256.8709645,0.000082,,0xDD
"ch0","data",256.871049,0.000082,,0x01
"ch0","data",256.871134,0.000082,,0x00
"ch0","data",256.8712185,0.000082,,0x0C
"ch0","data",256.871303,0.000082,,0x54
"ch0","data",256.8713875,0.000082,,0x58
"ch0","data",256.8714725,0.000082,,0x20
"ch0","data",256.871557,0.000082,,0x73
"ch0","data",256.8716415,0.000082,,0x75
"ch0","data",256.8717265,0.000082,,0x63
"ch0","data",256.871811,0.000082,,0x63
"ch0","data",256.8718955,0.000082,,0x65
"ch0","data",256.8719805,0.000082,,0x65
"ch0","data",256.872065,0.000082,,0x64
"ch0","data",256.87215,0.000082,,0x65
"ch0","data",256.8722345,0.000082,,0x64
"ch0","data",257.3730705,0.000082,,0xDD
"ch0","data",257.3731555,0.000082,,0x02
"ch0","data",257.37324,0.000082,,0x00
"ch0","data",257.373325,0.000082,,0x3B
"ch0","data",257.3734095,0.000082,,0x00
"ch0","data",257.373494,0.000082,,0x7B
"ch0","data",257.373579,0.000082,,0x38
"ch0","data",257.3736635,0.000082,,0x00
"ch0","data",257.3737485,0.000082,,0x11
"ch0","data",257.373833,0.000082,,0x00
"ch0","data",257.3739175,0.000082,,0x01
"ch0","data",257.3740025,0.000082,,0x00
"ch0","data",257.374087,0.000082,,0x00
"ch0","data",257.3741715,0.000082,,0x00
"ch0","data",257.3742565,0.000082,,0x01
"ch0","data",257.374341,0.000082,,0x00
"ch0","data",257.374426,0.000082,,0x46
"ch0","data",257.3745105,0.000082,,0x81
"ch0","data",257.374595,0.000082,,0x9E
"ch0","data",257.37468,0.000082,,0xE3
"ch0","data",257.3747645,0.000082,,0x00
"ch0","data",257.3748495,0.000082,,0x1D
"ch0","data",257.374934,0.000082,,0x00
"ch0","data",257.3750185,0.000082,,0x0F
"ch0","data",257.3751035,0.000082,,0x20
"ch0","data",257.375188,0.000082,,0x00
"ch0","data",257.3752725,0.000082,,0x06
"ch0","data",257.375357,0.000082,,0x0B
"ch0","data",257.375442,0.000082,,0xA5
"ch0","data",257.3755265,0.000082,,0x27
"ch0","data",257.375611,0.000082,,0x56
"ch0","data",257.375696,0.000082,,0xAF
"ch0","data",257.3757805,0.000082,,0x00
"ch0","data",257.375865,0.000082,,0x00
"ch0","data",257.37595,0.000082,,0x00
"ch0","data",257.3760345,0.000082,,0x00
"ch0","data",257.3761195,0.000082,,0x00
"ch0","data",257.376204,0.000082,,0x00
"ch0","data",257.3762885,0.000082,,0x61
"ch0","data",257.3763735,0.000082,,0x07
"ch0","data",257.376458,0.000082,,0x73
"ch0","data",257.3765425,0.000082,,0x62
"ch0","data",257.376627,0.000082,,0x28
"ch0","data",257.376712,0.000082,,0x00
"ch0","data",257.3767965,0.000082,,0x62
"ch0","data",257.376881,0.000082,,0x00
"ch0","data",257.376966,0.000082,,0x00
"ch0","data",257.3770505,0.000082,,0x88
"ch0","data",257.377135,0.000082,,0x00
"ch0","data",257.37722,0.000082,,0x00
"ch0","data",257.3773045,0.000082,,0x98
"ch0","data",257.377389,0.000082,,0x00
"ch0","data",257.377474,0.000082,,0x9F
"ch0","data",257.3775585,0.000082,,0x00
"ch0","data",257.377643,0.000082,,0x09
"ch0","data",257.377728,0.000082,,0x00
"ch0","data",257.3778125,0.000082,,0x00
"ch0","data",257.377897,0.000082,,0x00
"ch0","data",257.3779815,0.000082,,0x54
"ch0","data",257.378066,0.000082,,0x0E
"ch0","data",257.378151,0.000082,,0x82
"ch0","data",257.3782355,0.000082,,0x3E
"ch0","data",257.37832,0.000082,,0x7D
"ch0","data",257.4282495,0.000082,,0xDD
"ch0","data",257.4283345,0.000082,,0x02
"ch0","data",257.428419,0.000082,,0x00
"ch0","data",257.4285035,0.000082,,0x0F
"ch0","data",257.428588,0.000082,,0x00
"ch0","data",257.428673,0.000082,,0x7B
"ch0","data",257.4287575,0.000082,,0x0C
"ch0","data",257.428842,0.000082,,0x00
"ch0","data",257.4289265,0.000082,,0x11
"ch0","data",257.429011,0.000082,,0x00
"ch0","data",257.4290955,0.000082,,0x00
"ch0","data",257.4291805,0.000082,,0x00
"ch0","data",257.429265,0.000082,,0x00
"ch0","data",257.4293495,0.000082,,0x00
"ch0","data",257.4294345,0.000082,,0x01
"ch0","data",257.429519,0.000082,,0x00
"ch0","data",257.4296035,0.000082,,0x61
"ch0","data",257.429688,0.000082,,0x76
"ch0","data",257.4297725,0.000082,,0x7D
"ch1","data",257.9221615,0.000082,,0x0D
"ch1","data",257.922248,0.000082,,0x0A
"ch1","data",257.922335,0.000082,,0x00
"ch1","data",257.9224215,0.000082,,0x7B
"ch1","data",257.9225085,0.000082,,0x38
"ch1","data",257.922595,0.000082,,0x00
"ch1","data",257.922682,0.000082,,0x01
"ch1","data",257.9227685,0.000082,,0x00
"ch1","data",257.9228555,0.000082,,0x05
"ch1","data",257.922942,0.000082,,0x00
"ch1","data",257.923029,0.000082,,0x01
"ch1","data",257.9231155,0.000082,,0x00
"ch1","data",257.9232025,0.000082,,0x00
"ch1","data",257.923289,0.000082,,0x00
"ch1","data",257.923376,0.000082,,0x46
"ch1","data",257.9234625,0.000082,,0x81
"ch1","data",257.9235495,0.000082,,0x9E
"ch1","data",257.923636,0.000082,,0xE3
"ch1","data",257.923723,0.000082,,0x00
"ch1","data",257.9238095,0.000082,,0x1D
"ch1","data",257.9238965,0.000082,,0x00
"ch1","data",257.923983,0.000082,,0x0F
"ch1","data",257.92407,0.000082,,0x00
"ch1","data",257.9241565,0.000082,,0x01
"ch1","data",257.9242435,0.000082,,0x00
"ch1","data",257.92433,0.000082,,0x00
"ch1","data",257.924417,0.000082,,0x00
"ch1","data",257.9245035,0.000082,,0x00
"ch1","data",257.9245905,0.000082,,0x00
"ch1","data",257.924677,0.000082,,0x00
"ch1","data",257.924764,0.000082,,0x09
"ch1","data",257.9248505,0.000082,,0x00
"ch1","data",257.9249375,0.000082,,0x16
"ch1","data",257.925024,0.000082,,0x25
"ch1","data",257.925111,0.000082,,0x61
"ch1","data",257.9251975,0.000082,,0x07
"ch1","data",257.9252845,0.000082,,0x73
"ch1","data",257.925371,0.000082,,0x62
"ch1","data",257.925458,0.000082,,0x00
"ch1","data",257.9255445,0.000082,,0x00
"ch1","data",257.9256315,0.000082,,0xFF
"ch1","data",257.925718,0.000082,,0x04
"ch1","data",257.925805,0.000082,,0xFF
"ch1","data",257.9258915,0.000082,,0x0F
"ch1","data",257.9259785,0.000082,,0x04
"ch1","data",257.926065,0.000082,,0x40
"ch1","data",257.926152,0.000082,,0x0C
"ch1","data",257.9262385,0.000082,,0xFE
"ch1","data",257.9263255,0.000082,,0x00
"ch1","data",257.926412,0.000082,,0x00
"ch1","data",257.926499,0.000082,,0x00
"ch1","data",257.9265855,0.000082,,0x01
"ch1","data",257.9266725,0.000082,,0x00
"ch1","data",257.926759,0.000082,,0x13
"ch1","data",257.926846,0.000082,,0x00
"ch1","data",257.9269325,0.000082,,0x00
"ch1","data",257.9270195,0.000082,,0x2C
"ch1","data",257.927106,0.000082,,0xCC
"ch1","data",257.927193,0.000082,,0xBF
"ch1","data",257.9272795,0.000082,,0xCF
"ch1","data",257.9273665,0.000082,,0x7D
"ch1","data",257.927453,0.000082,,0x0D
"ch1","data",257.92754,0.000082,,0x0A
"ch1","data",257.9276265,0.000082,,0x0D
"ch1","data",257.9277135,0.000082,,0x0A
"ch1","data",257.9278,0.000082,,0x00
"ch1","data",257.927887,0.000082,,0x7B
"ch1","data",257.9279735,0.000082,,0x38
"ch1","data",257.9280605,0.000082,,0x00
"ch1","data",257.928147,0.000082,,0x01
"ch1","data",257.928234,0.000082,,0x00
"ch1","data",257.9283205,0.000082,,0x05
"ch1","data",257.9284075,0.000082,,0x00
"ch1","data",257.928494,0.000082,,0x01
"ch1","data",257.928581,0.000082,,0x00
"ch1","data",257.9286675,0.000082,,0x00
"ch1","data",257.9287545,0.000082,,0x00
"ch1","data",257.928841,0.000082,,0x00
"ch1","data",257.928928,0.000082,,0x12
"ch1","data",257.9290145,0.000082,,0x4B
"ch1","data",257.9291015,0.000082,,0x00
"ch1","data",257.929188,0.000082,,0x38
"ch1","data",257.929275,0.000082,,0x0D
"ch1","data",257.9293615,0.000082,,0x16
"ch1","data",257.9294485,0.000082,,0xFD
"ch1","data",257.929535,0.000082,,0x00
"ch1","data",257.929622,0.000082,,0x00
"ch1","data",257.9297085,0.000082,,0x00
"ch1","data",257.9297955,0.000082,,0x00
"ch1","data",257.929882,0.000082,,0x00
"ch1","data",257.929969,0.000082,,0x00
"ch1","data",257.9300555,0.000082,,0x00
"ch1","data",257.9301425,0.000082,,0x00
"ch1","data",257.930229,0.000082,,0x3E
"ch1","data",257.930316,0.000082,,0x00
"ch1","data",257.9304025,0.000082,,0xFF
"ch1","data",257.9304895,0.000082,,0x41
"ch1","data",257.930576,0.000082,,0x04
"ch1","data",257.930663,0.000082,,0x00
"ch1","data",257.9307495,0.000082,,0x00
"ch1","data",257.9308365,0.000082,,0x00
"ch1","data",257.930923,0.000082,,0x90
"ch1","data",257.93101,0.000082,,0x01
"ch1","data",257.9310965,0.000082,,0x14
"ch1","data",257.9311835,0.000082,,0x00
"ch1","data",257.93127,0.000082,,0x00
"ch1","data",257.931357,0.000082,,0x00
"ch1","data",257.9314435,0.000082,,0x00
"ch1","data",257.9315305,0.000082,,0x00
"ch1","data",257.931617,0.000082,,0x00
"ch1","data",257.931704,0.000082,,0x00
"ch1","data",257.9317905,0.000082,,0x00
"ch1","data",257.9318775,0.000082,,0x00
"ch1","data",257.931964,0.000082,,0x00
"ch1","data",257.932051,0.000082,,0x00
"ch1","data",257.9321375,0.000082,,0x00
"ch1","data",257.9322245,0.000082,,0x00
"ch1","data",257.932311,0.000082,,0x00
"ch1","data",257.932398,0.000082,,0x00
"ch1","data",257.9324845,0.000082,,0x00
"ch1","data",257.9325715,0.000082,,0x00
"ch1","data",257.932658,0.000082,,0xBA
"ch1","data",257.932745,0.000082,,0x74
"ch1","data",257.9328315,0.000082,,0x7D
"ch1","data",257.9329185,0.000082,,0x0D
"ch1","data",257.933005,0.000082,,0x0A
"ch1","data",257.933092,0.000082,,0x0D
"ch1","data",257.9331785,0.000082,,0x0A
"ch1","data",257.9332655,0.000082,,0x0D
"ch1","data",257.933352,0.000082,,0x0A
"ch1","data",257.933439,0.000082,,0x00
"ch1","data",257.9335255,0.000082,,0x7B
"ch1","data",257.9336125,0.000082,,0x0C
"ch1","data",257.933699,0.000082,,0x00
"ch1","data",257.933786,0.000082,,0x01
"ch1","data",257.9338725,0.000082,,0x00
"ch1","data",257.9339595,0.000082,,0x03
"ch1","data",257.934046,0.000082,,0x00
"ch1","data",257.934133,0.000082,,0x01
"ch1","data",257.9342195,0.000082,,0x00
"ch1","data",257.9343065,0.000082,,0x00
"ch1","data",257.934393,0.000082,,0x00
"ch1","data",257.93448,0.000082,,0xB0
"ch1","data",257.9345665,0.000082,,0xC0
"ch1","data",257.9346535,0.000082,,0x7D
"ch1","data",257.93474,0.000082,,0x0D
"ch1","data",257.934827,0.000082,,0x0A
"ch0","data",263.5897785,0.000082,,0xDD
"ch0","data",263.589863,0.000082,,0x02
"ch0","data",263.589948,0.000082,,0x00
"ch0","data",263.5900325,0.000082,,0x3B
"ch0","data",263.5901175,0.000082,,0x00
"ch0","data",263.590202,0.000082,,0x7B
"ch0","data",263.5902865,0.000082,,0x38
"ch0","data",263.5903715,0.000082,,0x00
"ch0","data",263.590456,0.000082,,0x11
"ch0","data",263.5905405,0.000082,,0x00
"ch0","data",263.5906255,0.000082,,0x01
"ch0","data",263.59071,0.000082,,0x00
"ch0","data",263.5907945,0.000082,,0x00
"ch0","data",263.5908795,0.000082,,0x00
"ch0","data",263.590964,0.000082,,0x01
"ch0","data",263.5910485,0.000082,,0x00
"ch0","data",263.5911335,0.000082,,0x46
"ch0","data",263.591218,0.000082,,0x81
"ch0","data",263.5913025,0.000082,,0x9E
"ch0","data",263.5913875,0.000082,,0xE3
"ch0","data",263.591472,0.000082,,0x00
"ch0","data",263.5915565,0.000082,,0x1D
"ch0","data",263.5916415,0.000082,,0x00
"ch0","data",263.591726,0.000082,,0x0F
"ch0","data",263.5918105,0.000082,,0x20
"ch0","data",263.5918955,0.000082,,0x00
"ch0","data",263.59198,0.000082,,0x06
"ch0","data",263.592065,0.000082,,0x0B
"ch0","data",263.5921495,0.000082,,0xA5
"ch0","data",263.592234,0.000082,,0x27
"ch0","data",263.592319,0.000082,,0x56
"ch0","data",263.5924035,0.000082,,0xAF
"ch0","data",263.592488,0.000082,,0x00
"ch0","data",263.592573,0.000082,,0x00
"ch0","data",263.5926575,0.000082,,0x00
"ch0","data",263.592742,0.000082,,0x00
"ch0","data",263.5928265,0.000082,,0x00
"ch0","data",263.5929115,0.000082,,0x00
"ch0","data",263.592996,0.000082,,0x61
"ch0","data",263.5930805,0.000082,,0x07
"ch0","data",263.5931655,0.000082,,0x73
"ch0","data",263.59325,0.000082,,0x62
"ch0","data",263.593335,0.000082,,0x28
"ch0","data",263.5934195,0.000082,,0x00
"ch0","data",263.593504,0.000082,,0x62
"ch0","data",263.5935885,0.000082,,0x00
"ch0","data",263.5936735,0.000082,,0x00
"ch0","data",263.593758,0.000082,,0x88
"ch0","data",263.5938425,0.000082,,0x00
"ch0","data",263.593927,0.000082,,0x00
"ch0","data",263.5940115,0.000082,,0x98
"ch0","data",263.5940965,0.000082,,0x00
"ch0","data",263.594181,0.000082,,0x9F
"ch0","data",263.594266,0.000082,,0x00
"ch0","data",263.5943505,0.000082,,0x09
"ch0","data",263.594435,0.000082,,0x00
"ch0","data",263.59452,0.000082,,0x00
"ch0","data",263.5946045,0.000082,,0x00
"ch0","data",263.5946895,0.000082,,0x54
"ch0","data",263.594774,0.000082,,0x0E
"ch0","data",263.5948585,0.000082,,0x82
"ch0","data",263.5949435,0.000082,,0x3E
"ch0","data",263.595028,0.000082,,0x7D
"ch0","data",263.595113,0.000082,,0xDD
"ch0","data",263.5951975,0.000082,,0x02
"ch0","data",263.595282,0.000082,,0x00
"ch0","data",263.595367,0.000082,,0x0F
"ch0","data",263.5954515,0.000082,,0x00
"ch0","data",263.595536,0.000082,,0x7B
"ch0","data",263.595621,0.000082,,0x0C
"ch0","data",263.5957055,0.000082,,0x00
"ch0","data",263.5957905,0.000082,,0x11
"ch0","data",263.595875,0.000082,,0x00
"ch0","data",263.5959595,0.000082,,0x00
"ch0","data",263.596044,0.000082,,0x00
"ch0","data",263.5961285,0.000082,,0x00
"ch0","data",263.5962135,0.000082,,0x00
"ch0","data",263.596298,0.000082,,0x01
"ch0","data",263.596383,0.000082,,0x00
"ch0","data",263.5964675,0.000082,,0x61
"ch0","data",263.596552,0.000082,,0x76
"ch0","data",263.5966365,0.000082,,0x7D
"ch1","data",264.035546,0.000082,,0x0D
"ch1","data",264.0356325,0.000082,,0x0A
"ch1","data",264.0357195,0.000082,,0x00
"ch1","data",264.035806,0.000082,,0x7B
"ch1","data",264.035893,0.000082,,0x38
"ch1","data",264.0359795,0.000082,,0x00
"ch1","data",264.0360665,0.000082,,0x01
"ch1","data",264.036153,0.000082,,0x00
"ch1","data",264.03624,0.000082,,0x05
"ch1","data",264.0363265,0.000082,,0x00
"ch1","data",264.0364135,0.000082,,0x01
"ch1","data",264.0365,0.000082,,0x00
"ch1","data",264.036587,0.000082,,0x00
"ch1","data",264.0366735,0.000082,,0x00
"ch1","data",264.0367605,0.000082,,0x46
"ch1","data",264.036847,0.000082,,0x81
"ch1","data",264.036934,0.000082,,0x9E
"ch1","data",264.0370205,0.000082,,0xE3
"ch1","data",264.0371075,0.000082,,0x00
"ch1","data",264.037194,0.000082,,0x1D
"ch1","data",264.037281,0.000082,,0x00
"ch1","data",264.0373675,0.000082,,0x0F
"ch1","data",264.0374545,0.000082,,0x00
"ch1","data",264.037541,0.000082,,0x01
"ch1","data",264.037628,0.000082,,0x00
"ch1","data",264.0377145,0.000082,,0x00
"ch1","data",264.0378015,0.000082,,0x00
"ch1","data",264.037888,0.000082,,0x00
"ch1","data",264.037975,0.000082,,0x00
"ch1","data",264.0380615,0.000082,,0x00
"ch1","data",264.0381485,0.000082,,0x09
"ch1","data",264.038235,0.000082,,0x00
"ch1","data",264.038322,0.000082,,0x16
"ch1","data",264.0384085,0.000082,,0x25
"ch1","data",264.0384955,0.000082,,0x61
"ch1","data",264.038582,0.000082,,0x07
"ch1","data",264.038669,0.000082,,0x73
"ch1","data",264.0387555,0.000082,,0x62
"ch1","data",264.0388425,0.000082,,0x00
"ch1","data",264.038929,0.000082,,0x00
"ch1","data",264.039016,0.000082,,0xFF
"ch1","data",264.0391025,0.000082,,0x04
"ch1","data",264.0391895,0.000082,,0xFF
"ch1","data",264.039276,0.000082,,0x0F
"ch1","data",264.039363,0.000082,,0x04
"ch1","data",264.0394495,0.000082,,0x40
"ch1","data",264.0395365,0.000082,,0x0C
"ch1","data",264.039623,0.000082,,0xFE
"ch1","data",264.03971,0.000082,,0x00
"ch1","data",264.0397965,0.000082,,0x00
"ch1","data",264.0398835,0.000082,,0x00
"ch1","data",264.03997,0.000082,,0x01
"ch1","data",264.040057,0.000082,,0x00
"ch1","data",264.0401435,0.000082,,0x13
"ch1","data",264.0402305,0.000082,,0x00
"ch1","data",264.040317,0.000082,,0x00
"ch1","data",264.040404,0.000082,,0x2C
"ch1","data",264.0404905,0.000082,,0xCC
"ch1","data",264.0405775,0.000082,,0xBF
"ch1","data",264.040664,0.000082,,0xCF
"ch1","data",264.040751,0.000082,,0x7D
"ch1","data",264.0408375,0.000082,,0x0D
"ch1","data",264.0409245,0.000082,,0x0A
"ch1","data",264.041011,0.000082,,0x0D
"ch1","data",264.041098,0.000082,,0x0A
"ch1","data",264.0411845,0.000082,,0x00
"ch1","data",264.0412715,0.000082,,0x7B
"ch1","data",264.041358,0.000082,,0x38
"ch1","data",264.041445,0.000082,,0x00
"ch1","data",264.0415315,0.000082,,0x01
"ch1","data",264.0416185,0.000082,,0x00
"ch1","data",264.041705,0.000082,,0x05
"ch1","data",264.041792,0.000082,,0x00
"ch1","data",264.0418785,0.000082,,0x01
"ch1","data",264.0419655,0.000082,,0x00
"ch1","data",264.042052,0.000082,,0x00
"ch1","data",264.042139,0.000082,,0x00
"ch1","data",264.0422255,0.000082,,0x00
"ch1","data",264.0423125,0.000082,,0x12
"ch1","data",264.042399,0.000082,,0x4B
"ch1","data",264.042486,0.000082,,0x00
"ch1","data",264.0425725,0.000082,,0x38
"ch1","data",264.0426595,0.000082,,0x0D
"ch1","data",264.042746,0.000082,,0x16
"ch1","data",264.042833,0.000082,,0xFD
"ch1","data",264.0429195,0.000082,,0x00
"ch1","data",264.0430065,0.000082,,0x00
"ch1","data",264.043093,0.000082,,0x00
"ch1","data",264.04318,0.000082,,0x00
"ch1","data",264.0432665,0.000082,,0x00
"ch1","data",264.0433535,0.000082,,0x00
"ch1","data",264.04344,0.000082,,0x00
"ch1","data",264.043527,0.000082,,0x00
"ch1","data",264.0436135,0.000082,,0x3E
"ch1","data",264.0437005,0.000082,,0x00
"ch1","data",264.043787,0.000082,,0xFF
"ch1","data",264.043874,0.000082,,0x41
"ch1","data",264.0439605,0.000082,,0x04
"ch1","data",264.0440475,0.000082,,0x00
"ch1","data",264.044134,0.000082,,0x00
"ch1","data",264.044221,0.000082,,0x00
"ch1","data",264.0443075,0.000082,,0x90
"ch1","data",264.0443945,0.000082,,0x01
"ch1","data",264.044481,0.000082,,0x14
"ch1","data",264.044568,0.000082,,0x00
"ch1","data",264.0446545,0.000082,,0x00
"ch1","data",264.0447415,0.000082,,0x00
"ch1","data",264.044828,0.000082,,0x00
"ch1","data",264.044915,0.000082,,0x00
"ch1","data",264.0450015,0.000082,,0x00
"ch1","data",264.0450885,0.000082,,0x00
"ch1","data",264.045175,0.000082,,0x00
"ch1","data",264.045262,0.000082,,0x00
"ch1","data",264.0453485,0.000082,,0x00
"ch1","data",264.0454355,0.000082,,0x00
"ch1","data",264.045522,0.000082,,0x00
"ch1","data",264.045609,0.000082,,0x00
"ch1","data",264.0456955,0.000082,,0x00
"ch1","data",264.0457825,0.000082,,0x00
"ch1","data",264.045869,0.000082,,0x00
"ch1","data",264.045956,0.000082,,0x00
"ch1","data",264.0460425,0.000082,,0xBA
"ch1","data",264.0461295,0.000082,,0x74
"ch1","data",264.046216,0.000082,,0x7D
"ch1","data",264.046303,0.000082,,0x0D
"ch1","data",264.0463895,0.000082,,0x0A
"ch1","data",264.0464765,0.000082,,0x0D
"ch1","data",264.046563,0.000082,,0x0A
"ch1","data",264.04665,0.000082,,0x0D
"ch1","data",264.0467365,0.000082,,0x0A
"ch1","data",264.0468235,0.000082,,0x00
"ch1","data",264.04691,0.000082,,0x7B
"ch1","data",264.046997,0.000082,,0x0C
"ch1","data",264.0470835,0.000082,,0x00
"ch1","data",264.0471705,0.000082,,0x01
"ch1","data",264.047257,0.000082,,0x00
"ch1","data",264.047344,0.000082,,0x03
"ch1","data",264.0474305,0.000082,,0x00
"ch1","data",264.0475175,0.000082,,0x01
"ch1","data",264.047604,0.000082,,0x00
"ch1","data",264.047691,0.000082,,0x00
"ch1","data",264.0477775,0.000082,,0x00
"ch1","data",264.0478645,0.000082,,0xB0
"ch1","data",264.047951,0.000082,,0xC0
"ch1","data",264.048038,0.000082,,0x7D
"ch1","data",264.0481245,0.000082,,0x0D
"ch1","data",264.0482115,0.000082,,0x0A
"ch0","data",269.8561925,0.000082,,0xDD
"ch0","data",269.8562775,0.000082,,0x02
"ch0","data",269.856362,0.000082,,0x00
"ch0","data",269.8564465,0.000082,,0x3B
"ch0","data",269.856531,0.000082,,0x00
"ch0","data",269.856616,0.000082,,0x7B
"ch0","data",269.8567005,0.000082,,0x38
"ch0","data",269.8567855,0.000082,,0x00
"ch0","data",269.85687,0.000082,,0x11
"ch0","data",269.8569545,0.000082,,0x00
"ch0","data",269.857039,0.000082,,0x01
"ch0","data",269.8571235,0.000082,,0x00
"ch0","data",269.857208,0.000082,,0x00
"ch0","data",269.857293,0.000082,,0x00
"ch0","data",269.8573775,0.000082,,0x01
"ch0","data",269.8574625,0.000082,,0x00
"ch0","data",269.857547,0.000082,,0x46
"ch0","data",269.8576315,0.000082,,0x81
"ch0","data",269.8577165,0.000082,,0x9E
"ch0","data",269.857801,0.000082,,0xE3
"ch0","data",269.8578855,0.000082,,0x00
"ch0","data",269.85797,0.000082,,0x1D
"ch0","data",269.858055,0.000082,,0x00
"ch0","data",269.8581395,0.000082,,0x0F
"ch0","data",269.858224,0.000082,,0x20
"ch0","data",269.858309,0.000082,,0x00
"ch0","data",269.8583935,0.000082,,0x06
"ch0","data",269.858478,0.000082,,0x0B
"ch0","data",269.858563,0.000082,,0xA5
"ch0","data",269.8586475,0.000082,,0x27
"ch0","data",269.858732,0.000082,,0x56
"ch0","data",269.8588165,0.000082,,0xAF
"ch0","data",269.8589015,0.000082,,0x00
"ch0","data",269.858986,0.000082,,0x00
"ch0","data",269.859071,0.000082,,0x00
"ch0","data",269.8591555,0.000082,,0x00
"ch0","data",269.85924,0.000082,,0x00
"ch0","data",269.859325,0.000082,,0x00
"ch0","data",269.8594095,0.000082,,0x61
"ch0","data",269.859494,0.000082,,0x07
"ch0","data",269.859579,0.000082,,0x73
"ch0","data",269.8596635,0.000082,,0x62
"ch0","data",269.859748,0.000082,,0x28
"ch0","data",269.859833,0.000082,,0x00
"ch0","data",269.8599175,0.000082,,0x62
"ch0","data",269.860002,0.000082,,0x00
"ch0","data",269.8600865,0.000082,,0x00
"ch0","data",269.860171,0.000082,,0x88
"ch0","data",269.860256,0.000082,,0x00
"ch0","data",269.8603405,0.000082,,0x00
"ch0","data",269.860425,0.000082,,0x98
"ch0","data",269.86051,0.000082,,0x00
"ch0","data",269.8605945,0.000082,,0x9F
"ch0","data",269.8606795,0.000082,,0x00
"ch0","data",269.860764,0.000082,,0x09
"ch0","data",269.8608485,0.000082,,0x00
"ch0","data",269.860933,0.000082,,0x00
"ch0","data",269.861018,0.000082,,0x00
"ch0","data",269.8611025,0.000082,,0x54
"ch0","data",269.861187,0.000082,,0x0E
"ch0","data",269.8612715,0.000082,,0x82
"ch0","data",269.8613565,0.000082,,0x3E
"ch0","data",269.861441,0.000082,,0x7D
"ch0","data",269.8615255,0.000082,,0xDD
"ch0","data",269.8616105,0.000082,,0x02
"ch0","data",269.861695,0.000082,,0x00
"ch0","data",269.8617795,0.000082,,0x0F
"ch0","data",269.8618645,0.000082,,0x00
"ch0","data",269.861949,0.000082,,0x7B
"ch0","data",269.862034,0.000082,,0x0C
"ch0","data",269.8621185,0.000082,,0x00
"ch0","data",269.862203,0.000082,,0x11
"ch0","data",269.862288,0.000082,,0x00
"ch0","data",269.8623725,0.000082,,0x00
"ch0","data",269.862457,0.000082,,0x00
"ch0","data",269.8625415,0.000082,,0x00
"ch0","data",269.862626,0.000082,,0x00
"ch0","data",269.862711,0.000082,,0x01
"ch0","data",269.8627955,0.000082,,0x00
"ch0","data",269.8628805,0.000082,,0x61
"ch0","data",269.862965,0.000082,,0x76
"ch0","data",269.8630495,0.000082,,0x7D
"ch1","data",270.1211005,0.000082,,0x0D
"ch1","data",270.1211875,0.000082,,0x0A
"ch1","data",270.121274,0.000082,,0x00
"ch1","data",270.121361,0.000082,,0x7B
"ch1","data",270.1214475,0.000082,,0x38
"ch1","data",270.1215345,0.000082,,0x00
"ch1","data",270.121621,0.000082,,0x01
"ch1","data",270.121708,0.000082,,0x00
"ch1","data",270.1217945,0.000082,,0x05
"ch1","data",270.1218815,0.000082,,0x00
"ch1","data",270.121968,0.000082,,0x01
"ch1","data",270.122055,0.000082,,0x00
"ch1","data",270.1221415,0.000082,,0x00
"ch1","data",270.1222285,0.000082,,0x00
"ch1","data",270.122315,0.000082,,0x46
"ch1","data",270.122402,0.000082,,0x81
"ch1","data",270.1224885,0.000082,,0x9E
"ch1","data",270.1225755,0.000082,,0xE3
"ch1","data",270.122662,0.000082,,0x00
"ch1","data",270.122749,0.000082,,0x1D
"ch1","data",270.1228355,0.000082,,0x00
"ch1","data",270.1229225,0.000082,,0x0F
"ch1","data",270.123009,0.000082,,0x00
"ch1","data",270.123096,0.000082,,0x01
"ch1","data",270.1231825,0.000082,,0x00
"ch1","data",270.1232695,0.000082,,0x00
"ch1","data",270.123356,0.000082,,0x00
"ch1","data",270.123443,0.000082,,0x00
"ch1","data",270.1235295,0.000082,,0x00
"ch1","data",270.1236165,0.000082,,0x00
"ch1","data",270.123703,0.000082,,0x09
"ch1","data",270.12379,0.000082,,0x00
"ch1","data",270.1238765,0.000082,,0x16
"ch1","data",270.1239635,0.000082,,0x25
"ch1","data",270.12405,0.000082,,0x61
"ch1","data",270.124137,0.000082,,0x07
"ch1","data",270.1242235,0.000082,,0x73
"ch1","data",270.1243105,0.000082,,0x62
"ch1","data",270.124397,0.000082,,0x00
"ch1","data",270.124484,0.000082,,0x00
"ch1","data",270.1245705,0.000082,,0xFF
"ch1","data",270.1246575,0.000082,,0x04
"ch1","data",270.124744,0.000082,,0xFF
"ch1","data",270.124831,0.000082,,0x0F
"ch1","data",270.1249175,0.000082,,0x04
"ch1","data",270.1250045,0.000082,,0x40
"ch1","data",270.125091,0.000082,,0x0C
"ch1","data",270.125178,0.000082,,0xFE
"ch1","data",270.1252645,0.000082,,0x00
"ch1","data",270.1253515,0.000082,,0x00
"ch1","data",270.125438,0.000082,,0x00
"ch1","data",270.125525,0.000082,,0x01
"ch1","data",270.1256115,0.000082,,0x00
"ch1","data",270.1256985,0.000082,,0x13
"ch1","data",270.125785,0.000082,,0x00
"ch1","data",270.125872,0.000082,,0x00
"ch1","data",270.1259585,0.000082,,0x2C
"ch1","data",270.1260455,0.000082,,0xCC
"ch1","data",270.126132,0.000082,,0xBF
"ch1","data",270.126219,0.000082,,0xCF
"ch1","data",270.1263055,0.000082,,0x7D
"ch1","data",270.1263925,0.000082,,0x0D
"ch1","data",270.126479,0.000082,,0x0A
"ch1","data",270.126566,0.000082,,0x0D
"ch1","data",270.1266525,0.000082,,0x0A
"ch1","data",270.1267395,0.000082,,0x00
"ch1","data",270.126826,0.000082,,0x7B
"ch1","data",270.126913,0.000082,,0x38
"ch1","data",270.1269995,0.000082,,0x00
"ch1","data",270.1270865,0.000082,,0x01
"ch1","data",270.127173,0.000082,,0x00
"ch1","data",270.12726,0.000082,,0x05
"ch1","data",270.1273465,0.000082,,0x00
"ch1","data",270.1274335,0.000082,,0x01
"ch1","data",270.12752,0.000082,,0x00
"ch1","data",270.127607,0.000082,,0x00
"ch1","data",270.1276935,0.000082,,0x00
"ch1","data",270.1277805,0.000082,,0x00
"ch1","data",270.127867,0.000082,,0x12
"ch1","data",270.127954,0.000082,,0x4B
"ch1","data",270.1280405,0.000082,,0x00
"ch1","data",270.1281275,0.000082,,0x38
"ch1","data",270.128214,0.000082,,0x0D
"ch1","data",270.128301,0.000082,,0x16
"ch1","data",270.1283875,0.000082,,0xFD
"ch1","data",270.1284745,0.000082,,0x00
"ch1","data",270.128561,0.000082,,0x00
"ch1","data",270.128648,0.000082,,0x00
"ch1","data",270.1287345,0.000082,,0x00
"ch1","data",270.1288215,0.000082,,0x00
"ch1","data",270.128908,0.000082,,0x00
"ch1","data",270.128995,0.000082,,0x00
"ch1","data",270.1290815,0.000082,,0x00
"ch1","data",270.1291685,0.000082,,0x3E
"ch1","data",270.129255,0.000082,,0x00
"ch1","data",270.129342,0.000082,,0xFF
"ch1","data",270.1294285,0.000082,,0x41
"ch1","data",270.1295155,0.000082,,0x04
"ch1","data",270.129602,0.000082,,0x00
"ch1","data",270.129689,0.000082,,0x00
"ch1","data",270.1297755,0.000082,,0x00
"ch1","data",270.1298625,0.000082,,0x90
"ch1","data",270.129949,0.000082,,0x01
"ch1","data",270.130036,0.000082,,0x14
"ch1","data",270.1301225,0.000082,,0x00
"ch1","data",270.1302095,0.000082,,0x00
"ch1","data",270.130296,0.000082,,0x00
"ch1","data",270.130383,0.000082,,0x00
"ch1","data",270.1304695,0.000082,,0x00
"ch1","data",270.1305565,0.000082,,0x00
"ch1","data",270.130643,0.000082,,0x00
"ch1","data",270.13073,0.000082,,0x00
"ch1","data",270.1308165,0.000082,,0x00
"ch1","data",270.1309035,0.000082,,0x00
"ch1","data",270.13099,0.000082,,0x00
"ch1","data",270.131077,0.000082,,0x00
"ch1","data",270.1311635,0.000082,,0x00
"ch1","data",270.1312505,0.000082,,0x00
"ch1","data",270.131337,0.000082,,0x00
"ch1","data",270.131424,0.000082,,0x00
"ch1","data",270.1315105,0.000082,,0x00
"ch1","data",270.1315975,0.000082,,0xBA
"ch1","data",270.131684,0.000082,,0x74
"ch1","data",270.131771,0.000082,,0x7D
"ch1","data",270.1318575,0.000082,,0x0D
"ch1","data",270.1319445,0.000082,,0x0A
"ch1","data",270.132031,0.000082,,0x0D
"ch1","data",270.132118,0.000082,,0x0A
"ch1","data",270.1322045,0.000082,,0x0D
"ch1","data",270.1322915,0.000082,,0x0A
"ch1","data",270.132378,0.000082,,0x00
"ch1","data",270.132465,0.000082,,0x7B
"ch1","data",270.1325515,0.000082,,0x0C
"ch1","data",270.1326385,0.000082,,0x00
"ch1","data",270.132725,0.000082,,0x01
"ch1","data",270.132812,0.000082,,0x00
"ch1","data",270.1328985,0.000082,,0x03
"ch1","data",270.1329855,0.000082,,0x00
"ch1","data",270.133072,0.000082,,0x01
"ch1","data",270.133159,0.000082,,0x00
"ch1","data",270.1332455,0.000082,,0x00
"ch1","data",270.1333325,0.000082,,0x00
"ch1","data",270.133419,0.000082,,0xB0
"ch1","data",270.133506,0.000082,,0xC0
"ch1","data",270.1335925,0.000082,,0x7D
"ch1","data",270.1336795,0.000082,,0x0D
"ch1","data",270.133766,0.000082,,0x0A
"ch0","data",276.2081905,0.000082,,0xDD
"ch0","data",276.208275,0.000082,,0x02
"ch0","data",276.20836,0.000082,,0x00
"ch0","data",276.2084445,0.000082,,0x3B
"ch0","data",276.208529,0.000082,,0x00
"ch0","data",276.2086135,0.000082,,0x7B
"ch0","data",276.2086985,0.000082,,0x38
"ch0","data",276.208783,0.000082,,0x00
"ch0","data",276.2088675,0.000082,,0x11
"ch0","data",276.2089525,0.000082,,0x00
"ch0","data",276.209037,0.000082,,0x01
"ch0","data",276.2091215,0.000082,,0x00
"ch0","data",276.209206,0.000082,,0x00
"ch0","data",276.2092905,0.000082,,0x00
"ch0","data",276.2093755,0.000082,,0x01
"ch0","data",276.20946,0.000082,,0x00
"ch0","data",276.2095445,0.000082,,0x46
"ch0","data",276.2096295,0.000082,,0x81
"ch0","data",276.209714,0.000082,,0x9E
"ch0","data",276.209799,0.000082,,0xE3
"ch0","data",276.2098835,0.000082,,0x00
"ch0","data",276.209968,0.000082,,0x1D
"ch0","data",276.210053,0.000082,,0x00
"ch0","data",276.2101375,0.000082,,0x0F
"ch0","data",276.210222,0.000082,,0x20
"ch0","data",276.2103065,0.000082,,0x00
"ch0","data",276.2103915,0.000082,,0x11
"ch0","data",276.210476,0.000082,,0x0B
"ch0","data",276.2105605,0.000082,,0xA5
"ch0","data",276.210645,0.000082,,0x27
"ch0","data",276.21073,0.000082,,0x55
"ch0","data",276.2108145,0.000082,,0x9B
"ch0","data",276.210899,0.000082,,0x00
"ch0","data",276.210984,0.000082,,0x00
"ch0","data",276.2110685,0.000082,,0x00
"ch0","data",276.2111535,0.000082,,0x00
"ch0","data",276.211238,0.000082,,0x00
"ch0","data",276.2113225,0.000082,,0x00
"ch0","data",276.2114075,0.000082,,0x61
"ch0","data",276.211492,0.000082,,0x07
"ch0","data",276.2115765,0.000082,,0x73
"ch0","data",276.211661,0.000082,,0x62
"ch0","data",276.211746,0.000082,,0x28
"ch0","data",276.2118305,0.000082,,0x00
"ch0","data",276.211915,0.000082,,0x63
"ch0","data",276.2119995,0.000082,,0x00
"ch0","data",276.2120845,0.000082,,0x00
"ch0","data",276.212169,0.000082,,0x88
"ch0","data",276.2122535,0.000082,,0x00
"ch0","data",276.2123385,0.000082,,0x00
"ch0","data",276.212423,0.000082,,0x98
"ch0","data",276.2125075,0.000082,,0x00
"ch0","data",276.212592,0.000082,,0x9F
"ch0","data",276.212677,0.000082,,0x00
"ch0","data",276.2127615,0.000082,,0x09
"ch0","data",276.212846,0.000082,,0x00
"ch0","data",276.212931,0.000082,,0x00
"ch0","data",276.2130155,0.000082,,0x00
"ch0","data",276.2131,0.000082,,0x54
"ch0","data",276.213185,0.000082,,0x0E
"ch0","data",276.2132695,0.000082,,0x2D
"ch0","data",276.2133545,0.000082,,0xD9
"ch0","data",276.213439,0.000082,,0x7D
"ch0","data",276.2135235,0.000082,,0xDD
"ch0","data",276.2136085,0.000082,,0x02
"ch0","data",276.213693,0.000082,,0x00
"ch0","data",276.2137775,0.000082,,0x0F
"ch0","data",276.2138625,0.000082,,0x00
"ch0","data",276.213947,0.000082,,0x7B
"ch0","data",276.2140315,0.000082,,0x0C
"ch0","data",276.214116,0.000082,,0x00
"ch0","data",276.2142005,0.000082,,0x11
"ch0","data",276.2142855,0.000082,,0x00
"ch0","data",276.21437,0.000082,,0x00
"ch0","data",276.2144545,0.000082,,0x00
"ch0","data",276.2145395,0.000082,,0x00
"ch0","data",276.214624,0.000082,,0x00
"ch0","data",276.2147085,0.000082,,0x01
"ch0","data",276.2147935,0.000082,,0x00
"ch0","data",276.214878,0.000082,,0x61
"ch0","data",276.214963,0.000082,,0x76
"ch0","data",276.2150475,0.000082,,0x7D
"ch0","data",276.215132,0.000082,,0xDD
"ch0","data",276.215217,0.000082,,0x02
"ch0","data",276.2153015,0.000082,,0x00
"ch0","data",276.215386,0.000082,,0x0F
"ch0","data",276.2154705,0.000082,,0x00
"ch0","data",276.215555,0.000082,,0x7B
"ch0","data",276.21564,0.000082,,0x0C
"ch0","data",276.2157245,0.000082,,0x00
"ch0","data",276.2158095,0.000082,,0x11
"ch0","data",276.215894,0.000082,,0x00
"ch0","data",276.2159785,0.000082,,0x0B
"ch0","data",276.2160635,0.000082,,0x00
"ch0","data",276.216148,0.000082,,0x00
"ch0","data",276.2162325,0.000082,,0x00
"ch0","data",276.2163175,0.000082,,0x01
"ch0","data",276.216402,0.000082,,0x00
"ch0","data",276.2164865,0.000082,,0xC3
"ch0","data",276.216571,0.000082,,0xB5
"ch0","data",276.216656,0.000082,,0x7D
"ch1","data",276.6129745,0.000082,,0x0D
"ch1","data",276.6130615,0.000082,,0x0A
"ch1","data",276.613148,0.000082,,0x00
"ch1","data",276.613235,0.000082,,0x7B
"ch1","data",276.6133215,0.000082,,0x38
"ch1","data",276.6134085,0.000082,,0x00
"ch1","data",276.613495,0.000082,,0x01
"ch1","data",276.613582,0.000082,,0x00
"ch1","data",276.6136685,0.000082,,0x05
"ch1","data",276.6137555,0.000082,,0x00
"ch1","data",276.613842,0.000082,,0x01
"ch1","data",276.613929,0.000082,,0x00
"ch1","data",276.6140155,0.000082,,0x00
"ch1","data",276.6141025,0.000082,,0x00
"ch1","data",276.614189,0.000082,,0x46
"ch1","data",276.614276,0.000082,,0x81
"ch1","data",276.6143625,0.000082,,0x9E
"ch1","data",276.6144495,0.000082,,0xE3
"ch1","data",276.614536,0.000082,,0x00
"ch1","data",276.614623,0.000082,,0x1D
"ch1","data",276.6147095,0.000082,,0x00
"ch1","data",276.6147965,0.000082,,0x0F
"ch1","data",276.614883,0.000082,,0x00
"ch1","data",276.61497,0.000082,,0x01
"ch1","data",276.6150565,0.000082,,0x00
"ch1","data",276.6151435,0.000082,,0x00
"ch1","data",276.61523,0.000082,,0x00
"ch1","data",276.615317,0.000082,,0x00
"ch1","data",276.6154035,0.000082,,0x00
"ch1","data",276.6154905,0.000082,,0x00
"ch1","data",276.615577,0.000082,,0x09
"ch1","data",276.615664,0.000082,,0x00
"ch1","data",276.6157505,0.000082,,0x16
"ch1","data",276.6158375,0.000082,,0x25
"ch1","data",276.615924,0.000082,,0x61
"ch1","data",276.616011,0.000082,,0x07
"ch1","data",276.6160975,0.000082,,0x73
"ch1","data",276.6161845,0.000082,,0x62
"ch1","data",276.616271,0.000082,,0x00
"ch1","data",276.616358,0.000082,,0x00
"ch1","data",276.6164445,0.000082,,0xFF
"ch1","data",276.6165315,0.000082,,0x04
"ch1","data",276.616618,0.000082,,0xFF
"ch1","data",276.616705,0.000082,,0x0F
"ch1","data",276.6167915,0.000082,,0x04
"ch1","data",276.6168785,0.000082,,0x40
"ch1","data",276.616965,0.000082,,0x0C
"ch1","data",276.617052,0.000082,,0xFE
"ch1","data",276.6171385,0.000082,,0x00
"ch1","data",276.6172255,0.000082,,0x00
"ch1","data",276.617312,0.000082,,0x00
"ch1","data",276.617399,0.000082,,0x01
"ch1","data",276.6174855,0.000082,,0x00
"ch1","data",276.6175725,0.000082,,0x13
"ch1","data",276.617659,0.000082,,0x00
"ch1","data",276.617746,0.000082,,0x00
"ch1","data",276.6178325,0.000082,,0x2C
"ch1","data",276.6179195,0.000082,,0xCC
"ch1","data",276.618006,0.000082,,0xBF
"ch1","data",276.618093,0.000082,,0xCF
"ch1","data",276.6181795,0.000082,,0x7D
"ch1","data",276.6182665,0.000082,,0x0D
"ch1","data",276.618353,0.000082,,0x0A
"ch1","data",276.61844,0.000082,,0x0D
"ch1","data",276.6185265,0.000082,,0x0A
"ch1","data",276.6186135,0.000082,,0x00
"ch1","data",276.6187,0.000082,,0x7B
"ch1","data",276.618787,0.000082,,0x38
"ch1","data",276.6188735,0.000082,,0x00
"ch1","data",276.6189605,0.000082,,0x01
"ch1","data",276.619047,0.000082,,0x00
"ch1","data",276.619134,0.000082,,0x05
"ch1","data",276.6192205,0.000082,,0x00
"ch1","data",276.6193075,0.000082,,0x01
"ch1","data",276.619394,0.000082,,0x00
"ch1","data",276.619481,0.000082,,0x00
"ch1","data",276.6195675,0.000082,,0x00
"ch1","data",276.6196545,0.000082,,0x00
"ch1","data",276.619741,0.000082,,0x12
"ch1","data",276.619828,0.000082,,0x4B
"ch1","data",276.6199145,0.000082,,0x00
"ch1","data",276.6200015,0.000082,,0x38
"ch1","data",276.620088,0.000082,,0x0D
"ch1","data",276.620175,0.000082,,0x16
"ch1","data",276.6202615,0.000082,,0xFD
"ch1","data",276.6203485,0.000082,,0x00
"ch1","data",276.620435,0.000082,,0x00
"ch1","data",276.620522,0.000082,,0x00
"ch1","data",276.6206085,0.000082,,0x00
"ch1","data",276.6206955,0.000082,,0x00
"ch1","data",276.620782,0.000082,,0x00
"ch1","data",276.620869,0.000082,,0x00
"ch1","data",276.6209555,0.000082,,0x00
"ch1","data",276.6210425,0.000082,,0x3E
"ch1","data",276.621129,0.000082,,0x00
"ch1","data",276.621216,0.000082,,0xFF
"ch1","data",276.6213025,0.000082,,0x41
"ch1","data",276.6213895,0.000082,,0x04
"ch1","data",276.621476,0.000082,,0x00
"ch1","data",276.621563,0.000082,,0x00
"ch1","data",276.6216495,0.000082,,0x00
"ch1","data",276.6217365,0.000082,,0x90
"ch1","data",276.621823,0.000082,,0x01
"ch1","data",276.62191,0.000082,,0x14
"ch1","data",276.6219965,0.000082,,0x00
"ch1","data",276.6220835,0.000082,,0x00
"ch1","data",276.62217,0.000082,,0x00
"ch1","data",276.622257,0.000082,,0x00
"ch1","data",276.6223435,0.000082,,0x00
"ch1","data",276.6224305,0.000082,,0x00
"ch1","data",276.622517,0.000082,,0x00
"ch1","data",276.622604,0.000082,,0x00
"ch1","data",276.6226905,0.000082,,0x00
"ch1","data",276.6227775,0.000082,,0x00
"ch1","data",276.622864,0.000082,,0x00
"ch1","data",276.622951,0.000082,,0x00
"ch1","data",276.6230375,0.000082,,0x00
"ch1","data",276.6231245,0.000082,,0x00
"ch1","data",276.623211,0.000082,,0x00
"ch1","data",276.623298,0.000082,,0x00
"ch1","data",276.6233845,0.000082,,0x00
"ch1","data",276.6234715,0.000082,,0xBA
"ch1","data",276.623558,0.000082,,0x74
"ch1","data",276.623645,0.000082,,0x7D
"ch1","data",276.6237315,0.000082,,0x0D
"ch1","data",276.6238185,0.000082,,0x0A
"ch1","data",276.623905,0.000082,,0x0D
"ch1","data",276.623992,0.000082,,0x0A
"ch1","data",276.6240785,0.000082,,0x0D
"ch1","data",276.6241655,0.000082,,0x0A
"ch1","data",276.624252,0.000082,,0x00
"ch1","data",276.624339,0.000082,,0x7B
"ch1","data",276.6244255,0.000082,,0x0C
"ch1","data",276.6245125,0.000082,,0x00
"ch1","data",276.624599,0.000082,,0x01
"ch1","data",276.624686,0.000082,,0x00
"ch1","data",276.6247725,0.000082,,0x03
"ch1","data",276.6248595,0.000082,,0x00
"ch1","data",276.624946,0.000082,,0x01
"ch1","data",276.625033,0.000082,,0x00
"ch1","data",276.6251195,0.000082,,0x00
"ch1","data",276.6252065,0.000082,,0x00
"ch1","data",276.625293,0.000082,,0xB0
"ch1","data",276.62538,0.000082,,0xC0
"ch1","data",276.6254665,0.000082,,0x7D
"ch1","data",276.6255535,0.000082,,0x0D
"ch1","data",276.62564,0.000082,,0x0A
"ch1","data",277.131137,0.000082,,0x0D
"ch1","data",277.131224,0.000082,,0x0A
"ch1","data",277.1313105,0.000082,,0x00
"ch1","data",277.1313975,0.000082,,0x7B
"ch1","data",277.131484,0.000082,,0x0C
"ch1","data",277.131571,0.000082,,0x00
"ch1","data",277.1316575,0.000082,,0x01
"ch1","data",277.1317445,0.000082,,0x00
"ch1","data",277.131831,0.000082,,0x03
"ch1","data",277.131918,0.000082,,0x00
"ch1","data",277.1320045,0.000082,,0x01
"ch1","data",277.1320915,0.000082,,0x00
"ch1","data",277.132178,0.000082,,0x00
"ch1","data",277.132265,0.000082,,0x00
"ch1","data",277.1323515,0.000082,,0xB0
"ch1","data",277.1324385,0.000082,,0xC0
"ch1","data",277.132525,0.000082,,0x7D
"ch1","data",277.132612,0.000082,,0x0D
"ch1","data",277.1326985,0.000082,,0x0A
"ch0","data",282.2894355,0.000082,,0xDD
"ch0","data",282.28952,0.000082,,0x02
"ch0","data",282.289605,0.000082,,0x00
"ch0","data",282.2896895,0.000082,,0x3B
"ch0","data",282.289774,0.000082,,0x00
"ch0","data",282.289859,0.000082,,0x7B
"ch0","data",282.2899435,0.000082,,0x38
"ch0","data",282.2900285,0.000082,,0x00
"ch0","data",282.290113,0.000082,,0x11
"ch0","data",282.2901975,0.000082,,0x00
"ch0","data",282.2902825,0.000082,,0x01
"ch0","data",282.290367,0.000082,,0x00
"ch0","data",282.2904515,0.000082,,0x00
"ch0","data",282.290536,0.000082,,0x00
"ch0","data",282.2906205,0.000082,,0x01
"ch0","data",282.2907055,0.000082,,0x00
"ch0","data",282.29079,0.000082,,0x46
"ch0","data",282.2908745,0.000082,,0x81
"ch0","data",282.290959,0.000082,,0x9E
"ch0","data",282.291044,0.000082,,0xE3
"ch0","data",282.2911285,0.000082,,0x00
"ch0","data",282.291213,0.000082,,0x1D
"ch0","data",282.291298,0.000082,,0x00
"ch0","data",282.2913825,0.000082,,0x0F
"ch0","data",282.2914675,0.000082,,0x20
"ch0","data",282.291552,0.000082,,0x00
"ch0","data",282.2916365,0.000082,,0x11
"ch0","data",282.2917215,0.000082,,0x0B
"ch0","data",282.291806,0.000082,,0xA5
"ch0","data",282.2918905,0.000082,,0x27
"ch0","data",282.2919755,0.000082,,0x55
"ch0","data",282.29206,0.000082,,0x9B
"ch0","data",282.292145,0.000082,,0x00
"ch0","data",282.2922295,0.000082,,0x00
"ch0","data",282.292314,0.000082,,0x00
"ch0","data",282.292399,0.000082,,0x00
"ch0","data",282.2924835,0.000082,,0x00
"ch0","data",282.292568,0.000082,,0x00
"ch0","data",282.292653,0.000082,,0x61
"ch0","data",282.2927375,0.000082,,0x07
"ch0","data",282.2928225,0.000082,,0x73
"ch0","data",282.292907,0.000082,,0x62
"ch0","data",282.2929915,0.000082,,0x28
"ch0","data",282.2930765,0.000082,,0x00
"ch0","data",282.293161,0.000082,,0x63
"ch0","data",282.2932455,0.000082,,0x00
"ch0","data",282.2933305,0.000082,,0x00
"ch0","data",282.293415,0.000082,,0x88
"ch0","data",282.2934995,0.000082,,0x00
"ch0","data",282.2935845,0.000082,,0x00
"ch0","data",282.293669,0.000082,,0x98
"ch0","data",282.2937535,0.000082,,0x00
"ch0","data",282.2938385,0.000082,,0x9F
"ch0","data",282.293923,0.000082,,0x00
"ch0","data",282.2940075,0.000082,,0x09
"ch0","data",282.2940925,0.000082,,0x00
"ch0","data",282.294177,0.000082,,0x00
"ch0","data",282.2942615,0.000082,,0x00
"ch0","data",282.2943465,0.000082,,0x54
"ch0","data",282.294431,0.000082,,0x0E
"ch0","data",282.2945155,0.000082,,0x2D
"ch0","data",282.2946005,0.000082,,0xD9
"ch0","data",282.294685,0.000082,,0x7D
"ch0","data",282.29477,0.000082,,0xDD
"ch0","data",282.2948545,0.000082,,0x02
"ch0","data",282.294939,0.000082,,0x00
"ch0","data",282.295024,0.000082,,0x0F
"ch0","data",282.2951085,0.000082,,0x00
"ch0","data",282.2951935,0.000082,,0x7B
"ch0","data",282.295278,0.000082,,0x0C
"ch0","data",282.2953625,0.000082,,0x00
"ch0","data",282.2954475,0.000082,,0x11
"ch0","data",282.295532,0.000082,,0x00
"ch0","data",282.2956165,0.000082,,0x00
"ch0","data",282.2957015,0.000082,,0x00
"ch0","data",282.295786,0.000082,,0x00
"ch0","data",282.295871,0.000082,,0x00
"ch0","data",282.2959555,0.000082,,0x01
"ch0","data",282.29604,0.000082,,0x00
"ch0","data",282.296125,0.000082,,0x61
"ch0","data",282.2962095,0.000082,,0x76
"ch0","data",282.296294,0.000082,,0x7D
"ch1","data",282.6052185,0.000082,,0x0D
"ch1","data",282.6053055,0.000082,,0x0A
"ch1","data",282.605392,0.000082,,0x00
"ch1","data",282.605479,0.000082,,0x7B
"ch1","data",282.6055655,0.000082,,0x38
"ch1","data",282.6056525,0.000082,,0x00
"ch1","data",282.605739,0.000082,,0x01
"ch1","data",282.605826,0.000082,,0x00
"ch1","data",282.6059125,0.000082,,0x05
"ch1","data",282.6059995,0.000082,,0x00
"ch1","data",282.606086,0.000082,,0x01
"ch1","data",282.606173,0.000082,,0x00
"ch1","data",282.6062595,0.000082,,0x00
"ch1","data",282.6063465,0.000082,,0x00
"ch1","data",282.606433,0.000082,,0x46
"ch1","data",282.60652,0.000082,,0x81
"ch1","data",282.6066065,0.000082,,0x9E
"ch1","data",282.6066935,0.000082,,0xE3
"ch1","data",282.60678,0.000082,,0x00
"ch1","data",282.606867,0.000082,,0x1D
"ch1","data",282.6069535,0.000082,,0x00
"ch1","data",282.6070405,0.000082,,0x0F
"ch1","data",282.607127,0.000082,,0x00
"ch1","data",282.607214,0.000082,,0x01
"ch1","data",282.6073005,0.000082,,0x00
"ch1","data",282.6073875,0.000082,,0x00
"ch1","data",282.607474,0.000082,,0x00
"ch1","data",282.607561,0.000082,,0x00
"ch1","data",282.6076475,0.000082,,0x00
"ch1","data",282.6077345,0.000082,,0x00
"ch1","data",282.607821,0.000082,,0x09
"ch1","data",282.607908,0.000082,,0x00
"ch1","data",282.6079945,0.000082,,0x16
"ch1","data",282.6080815,0.000082,,0x25
"ch1","data",282.608168,0.000082,,0x61
"ch1","data",282.608255,0.000082,,0x07
"ch1","data",282.6083415,0.000082,,0x73
"ch1","data",282.6084285,0.000082,,0x62
"ch1","data",282.608515,0.000082,,0x00
"ch1","data",282.608602,0.000082,,0x00
"ch1","data",282.6086885,0.000082,,0xFF
"ch1","data",282.6087755,0.000082,,0x04
"ch1","data",282.608862,0.000082,,0xFF
"ch1","data",282.608949,0.000082,,0x0F
"ch1","data",282.6090355,0.000082,,0x04
"ch1","data",282.6091225,0.000082,,0x40
"ch1","data",282.609209,0.000082,,0x0C
"ch1","data",282.609296,0.000082,,0xFE
"ch1","data",282.6093825,0.000082,,0x00
"ch1","data",282.6094695,0.000082,,0x00
"ch1","data",282.609556,0.000082,,0x00
"ch1","data",282.609643,0.000082,,0x01
"ch1","data",282.6097295,0.000082,,0x00
"ch1","data",282.6098165,0.000082,,0x13
"ch1","data",282.609903,0.000082,,0x00
"ch1","data",282.60999,0.000082,,0x00
"ch1","data",282.6100765,0.000082,,0x2C
"ch1","data",282.6101635,0.000082,,0xCC
"ch1","data",282.61025,0.000082,,0xBF
"ch1","data",282.610337,0.000082,,0xCF
"ch1","data",282.6104235,0.000082,,0x7D
"ch1","data",282.6105105,0.000082,,0x0D
"ch1","data",282.610597,0.000082,,0x0A
"ch1","data",282.610684,0.000082,,0x0D
"ch1","data",282.6107705,0.000082,,0x0A
"ch1","data",282.6108575,0.000082,,0x0D
"ch1","data",282.610944,0.000082,,0x0A
"ch1","data",282.611031,0.000082,,0x00
"ch1","data",282.6111175,0.000082,,0x7B
"ch1","data",282.6112045,0.000082,,0x0C
"ch1","data",282.611291,0.000082,,0x00
"ch1","data",282.611378,0.000082,,0x01
"ch1","data",282.6114645,0.000082,,0x00
"ch1","data",282.6115515,0.000082,,0x03
"ch1","data",282.611638,0.000082,,0x00
"ch1","data",282.611725,0.000082,,0x01
"ch1","data",282.6118115,0.000082,,0x00
"ch1","data",282.6118985,0.000082,,0x00
"ch1","data",282.611985,0.000082,,0x00
"ch1","data",282.612072,0.000082,,0xB0
"ch1","data",282.6121585,0.000082,,0xC0
"ch1","data",282.6122455,0.000082,,0x7D
"ch1","data",282.612332,0.000082,,0x0D
"ch1","data",282.612419,0.000082,,0x0A
"ch0","data",283.504545,0.000082,,0xDD
"ch0","data",283.5046295,0.000082,,0x02
"ch0","data",283.504714,0.000082,,0x00
"ch0","data",283.504799,0.000082,,0x3B
"ch0","data",283.5048835,0.000082,,0x00
"ch0","data",283.504968,0.000082,,0x7B
"ch0","data",283.505053,0.000082,,0x38
"ch0","data",283.5051375,0.000082,,0x00
"ch0","data",283.5052225,0.000082,,0x11
"ch0","data",283.505307,0.000082,,0x00
"ch0","data",283.5053915,0.000082,,0x01
"ch0","data",283.5054765,0.000082,,0x00
"ch0","data",283.505561,0.000082,,0x00
"ch0","data",283.5056455,0.000082,,0x00
"ch0","data",283.50573,0.000082,,0x01
"ch0","data",283.5058145,0.000082,,0x00
"ch0","data",283.5058995,0.000082,,0x00
"ch0","data",283.505984,0.000082,,0x12
"ch0","data",283.506069,0.000082,,0x4B
"ch0","data",283.5061535,0.000082,,0x00
"ch0","data",283.506238,0.000082,,0x38
"ch0","data",283.506323,0.000082,,0x0D
"ch0","data",283.5064075,0.000082,,0x16
"ch0","data",283.506492,0.000082,,0xFD
"ch0","data",283.506577,0.000082,,0x03
"ch0","data",283.5066615,0.000082,,0x00
"ch0","data",283.506746,0.000082,,0x46
"ch0","data",283.506831,0.000082,,0x09
"ch0","data",283.5069155,0.000082,,0xA5
"ch0","data",283.507,0.000082,,0x27
"ch0","data",283.507085,0.000082,,0x2F
"ch0","data",283.5071695,0.000082,,0x71
"ch0","data",283.5072545,0.000082,,0xCE
"ch0","data",283.507339,0.000082,,0xFF
"ch0","data",283.5074235,0.000082,,0x64
"ch0","data",283.5075085,0.000082,,0x00
"ch0","data",283.507593,0.000082,,0xEE
"ch0","data",283.5076775,0.000082,,0x02
"ch0","data",283.5077625,0.000082,,0x00
"ch0","data",283.507847,0.000082,,0x00
"ch0","data",283.507932,0.000082,,0x00
"ch0","data",283.5080165,0.000082,,0x00
"ch0","data",283.508101,0.000082,,0x00
"ch0","data",283.508186,0.000082,,0x00
"ch0","data",283.5082705,0.000082,,0x0A
"ch0","data",283.508355,0.000082,,0x04
"ch0","data",283.50844,0.000082,,0x00
"ch0","data",283.5085245,0.000082,,0x00
"ch0","data",283.508609,0.000082,,0x00
"ch0","data",283.508694,0.000082,,0x00
"ch0","data",283.5087785,0.000082,,0x00
"ch0","data",283.508863,0.000082,,0x00
"ch0","data",283.508948,0.000082,,0x06
"ch0","data",283.5090325,0.000082,,0x01
"ch0","data",283.509117,0.000082,,0x00
"ch0","data",283.5092015,0.000082,,0x00
"ch0","data",283.5092865,0.000082,,0x00
"ch0","data",283.509371,0.000082,,0x00
"ch0","data",283.509456,0.000082,,0x00
"ch0","data",283.5095405,0.000082,,0x00
"ch0","data",283.509625,0.000082,,0xF6
"ch0","data",283.50971,0.000082,,0xE5
"ch0","data",283.5097945,0.000082,,0x7D
"ch0","data",283.5433685,0.000082,,0xDD
"ch0","data",283.543453,0.000082,,0x01
"ch0","data",283.5435375,0.000082,,0x00
"ch0","data",283.543622,0.000082,,0x0C
"ch0","data",283.543707,0.000082,,0x54
"ch0","data",283.5437915,0.000082,,0x58
"ch0","data",283.5438765,0.000082,,0x20
"ch0","data",283.5439605,0.000082,,0x73
"ch0","data",283.5440455,0.000082,,0x75
"ch0","data",283.54413,0.000082,,0x63
"ch0","data",283.5442145,0.000082,,0x63
"ch0","data",283.544299,0.000082,,0x65
"ch0","data",283.544384,0.000082,,0x65
"ch0","data",283.5444685,0.000082,,0x64
"ch0","data",283.544553,0.000082,,0x65
"ch0","data",283.5446375,0.000082,,0x64
"ch0","data",288.4559115,0.000082,,0xDD
"ch0","data",288.455996,0.000082,,0x02
"ch0","data",288.456081,0.000082,,0x00
"ch0","data",288.4561655,0.000082,,0x3B
"ch0","data",288.45625,0.000082,,0x00
"ch0","data",288.4563345,0.000082,,0x7B
"ch0","data",288.4564195,0.000082,,0x38
"ch0","data",288.456504,0.000082,,0x00
"ch0","data",288.4565885,0.000082,,0x11
"ch0","data",288.4566735,0.000082,,0x00
"ch0","data",288.456758,0.000082,,0x01
"ch0","data",288.4568425,0.000082,,0x00
"ch0","data",288.456927,0.000082,,0x00
"ch0","data",288.457012,0.000082,,0x00
"ch0","data",288.4570965,0.000082,,0x01
"ch0","data",288.457181,0.000082,,0x00
"ch0","data",288.457266,0.000082,,0x46
"ch0","data",288.4573505,0.000082,,0x81
"ch0","data",288.457435,0.000082,,0x9E
"ch0","data",288.45752,0.000082,,0xE3
"ch0","data",288.4576045,0.000082,,0x00
"ch0","data",288.457689,0.000082,,0x1D
"ch0","data",288.4577735,0.000082,,0x00
"ch0","data",288.4578585,0.000082,,0x0F
"ch0","data",288.457943,0.000082,,0x20
"ch0","data",288.4580275,0.000082,,0x00
"ch0","data",288.458112,0.000082,,0x11
"ch0","data",288.458197,0.000082,,0x0B
"ch0","data",288.4582815,0.000082,,0xA5
"ch0","data",288.458366,0.000082,,0x27
"ch0","data",288.458451,0.000082,,0x55
"ch0","data",288.4585355,0.000082,,0x9B
"ch0","data",288.45862,0.000082,,0x00
"ch0","data",288.4587045,0.000082,,0x00
"ch0","data",288.458789,0.000082,,0x00
"ch0","data",288.458874,0.000082,,0x00
"ch0","data",288.4589585,0.000082,,0x00
"ch0","data",288.4590435,0.000082,,0x00
"ch0","data",288.459128,0.000082,,0x61
"ch0","data",288.4592125,0.000082,,0x07
"ch0","data",288.459297,0.000082,,0x73
"ch0","data",288.459382,0.000082,,0x62
"ch0","data",288.4594665,0.000082,,0x28
"ch0","data",288.459551,0.000082,,0x00
"ch0","data",288.459636,0.000082,,0x63
"ch0","data",288.4597205,0.000082,,0x00
"ch0","data",288.459805,0.000082,,0x00
"ch0","data",288.4598895,0.000082,,0x88
"ch0","data",288.4599745,0.000082,,0x00
"ch0","data",288.460059,0.000082,,0x00
"ch0","data",288.4601435,0.000082,,0x98
"ch0","data",288.4602285,0.000082,,0x00
"ch0","data",288.460313,0.000082,,0x9F
"ch0","data",288.4603975,0.000082,,0x00
"ch0","data",288.4604825,0.000082,,0x09
"ch0","data",288.460567,0.000082,,0x00
"ch0","data",288.4606515,0.000082,,0x00
"ch0","data",288.4607365,0.000082,,0x00
"ch0","data",288.460821,0.000082,,0x54
"ch0","data",288.4609055,0.000082,,0x0E
"ch0","data",288.46099,0.000082,,0x2D
"ch0","data",288.461075,0.000082,,0xD9
"ch0","data",288.4611595,0.000082,,0x7D
"ch0","data",288.51108,0.000082,,0xDD
"ch0","data",288.511165,0.000082,,0x02
"ch0","data",288.5112495,0.000082,,0x00
"ch0","data",288.511334,0.000082,,0x0F
"ch0","data",288.511419,0.000082,,0x00
"ch0","data",288.5115035,0.000082,,0x7B
"ch0","data",288.511588,0.000082,,0x0C
"ch0","data",288.511673,0.000082,,0x00
"ch0","data",288.5117575,0.000082,,0x11
"ch0","data",288.511842,0.000082,,0x00
"ch0","data",288.511927,0.000082,,0x00
"ch0","data",288.5120115,0.000082,,0x00
"ch0","data",288.512096,0.000082,,0x00
"ch0","data",288.512181,0.000082,,0x00
"ch0","data",288.5122655,0.000082,,0x01
"ch0","data",288.51235,0.000082,,0x00
"ch0","data",288.5124345,0.000082,,0x61
"ch0","data",288.512519,0.000082,,0x76
"ch0","data",288.5126035,0.000082,,0x7D
"ch1","data",288.8080565,0.000082,,0x0D
"ch1","data",288.8081435,0.000082,,0x0A
"ch1","data",288.80823,0.000082,,0x00
"ch1","data",288.808317,0.000082,,0x7B
"ch1","data",288.8084035,0.000082,,0x38
"ch1","data",288.8084905,0.000082,,0x00
"ch1","data",288.808577,0.000082,,0x01
"ch1","data",288.808664,0.000082,,0x00
"ch1","data",288.8087505,0.000082,,0x05
"ch1","data",288.8088375,0.000082,,0x00
"ch1","data",288.808924,0.000082,,0x01
"ch1","data",288.809011,0.000082,,0x00
"ch1","data",288.8090975,0.000082,,0x00
"ch1","data",288.8091845,0.000082,,0x00
"ch1","data",288.809271,0.000082,,0x46
"ch1","data",288.809358,0.000082,,0x81
"ch1","data",288.8094445,0.000082,,0x9E
"ch1","data",288.8095315,0.000082,,0xE3
"ch1","data",288.809618,0.000082,,0x00
"ch1","data",288.809705,0.000082,,0x1D
"ch1","data",288.8097915,0.000082,,0x00
"ch1","data",288.8098785,0.000082,,0x0F
"ch1","data",288.809965,0.000082,,0x00
"ch1","data",288.810052,0.000082,,0x01
"ch1","data",288.8101385,0.000082,,0x00
"ch1","data",288.8102255,0.000082,,0x00
"ch1","data",288.810312,0.000082,,0x00
"ch1","data",288.810399,0.000082,,0x00
"ch1","data",288.8104855,0.000082,,0x00
"ch1","data",288.8105725,0.000082,,0x00
"ch1","data",288.810659,0.000082,,0x09
"ch1","data",288.810746,0.000082,,0x00
"ch1","data",288.8108325,0.000082,,0x16
"ch1","data",288.8109195,0.000082,,0x25
"ch1","data",288.811006,0.000082,,0x61
"ch1","data",288.811093,0.000082,,0x07
"ch1","data",288.8111795,0.000082,,0x73
"ch1","data",288.8112665,0.000082,,0x62
"ch1","data",288.811353,0.000082,,0x00
"ch1","data",288.81144,0.000082,,0x00
"ch1","data",288.8115265,0.000082,,0xFF
"ch1","data",288.8116135,0.000082,,0x04
"ch1","data",288.8117,0.000082,,0xFF
"ch1","data",288.811787,0.000082,,0x0F
"ch1","data",288.8118735,0.000082,,0x04
"ch1","data",288.8119605,0.000082,,0x40
"ch1","data",288.812047,0.000082,,0x0C
"ch1","data",288.812134,0.000082,,0xFE
"ch1","data",288.8122205,0.000082,,0x00
"ch1","data",288.8123075,0.000082,,0x00
"ch1","data",288.812394,0.000082,,0x00
"ch1","data",288.812481,0.000082,,0x01
"ch1","data",288.8125675,0.000082,,0x00
"ch1","data",288.8126545,0.000082,,0x13
"ch1","data",288.812741,0.000082,,0x00
"ch1","data",288.812828,0.000082,,0x00
"ch1","data",288.8129145,0.000082,,0x2C
"ch1","data",288.8130015,0.000082,,0xCC
"ch1","data",288.813088,0.000082,,0xBF
"ch1","data",288.813175,0.000082,,0xCF
"ch1","data",288.8132615,0.000082,,0x7D
"ch1","data",288.8133485,0.000082,,0x0D
"ch1","data",288.813435,0.000082,,0x0A
"ch1","data",288.813522,0.000082,,0x0D
"ch1","data",288.8136085,0.000082,,0x0A
"ch1","data",288.8136955,0.000082,,0x00
"ch1","data",288.813782,0.000082,,0x7B
"ch1","data",288.813869,0.000082,,0x38
"ch1","data",288.8139555,0.000082,,0x00
"ch1","data",288.8140425,0.000082,,0x01
"ch1","data",288.814129,0.000082,,0x00
"ch1","data",288.814216,0.000082,,0x05
"ch1","data",288.8143025,0.000082,,0x00
"ch1","data",288.8143895,0.000082,,0x01
"ch1","data",288.814476,0.000082,,0x00
"ch1","data",288.814563,0.000082,,0x00
"ch1","data",288.8146495,0.000082,,0x00
"ch1","data",288.8147365,0.000082,,0x00
"ch1","data",288.814823,0.000082,,0x12
"ch1","data",288.81491,0.000082,,0x4B
"ch1","data",288.8149965,0.000082,,0x00
"ch1","data",288.8150835,0.000082,,0x38
"ch1","data",288.81517,0.000082,,0x0D
"ch1","data",288.815257,0.000082,,0x16
"ch1","data",288.8153435,0.000082,,0xFD
"ch1","data",288.8154305,0.000082,,0x00
"ch1","data",288.815517,0.000082,,0x00
"ch1","data",288.815604,0.000082,,0x00
"ch1","data",288.8156905,0.000082,,0x00
"ch1","data",288.8157775,0.000082,,0x00
"ch1","data",288.815864,0.000082,,0x00
"ch1","data",288.815951,0.000082,,0x00
"ch1","data",288.8160375,0.000082,,0x00
"ch1","data",288.8161245,0.000082,,0x3E
"ch1","data",288.816211,0.000082,,0x00
"ch1","data",288.816298,0.000082,,0xFF
"ch1","data",288.8163845,0.000082,,0x41
"ch1","data",288.8164715,0.000082,,0x04
"ch1","data",288.816558,0.000082,,0x00
"ch1","data",288.816645,0.000082,,0x00
"ch1","data",288.8167315,0.000082,,0x00
"ch1","data",288.8168185,0.000082,,0x90
"ch1","data",288.816905,0.000082,,0x01
"ch1","data",288.816992,0.000082,,0x14
"ch1","data",288.8170785,0.000082,,0x00
"ch1","data",288.8171655,0.000082,,0x00
"ch1","data",288.817252,0.000082,,0x00
"ch1","data",288.817339,0.000082,,0x00
"ch1","data",288.8174255,0.000082,,0x00
"ch1","data",288.8175125,0.000082,,0x00
"ch1","data",288.817599,0.000082,,0x00
"ch1","data",288.817686,0.000082,,0x00
"ch1","data",288.8177725,0.000082,,0x00
"ch1","data",288.8178595,0.000082,,0x00
"ch1","data",288.817946,0.000082,,0x00
"ch1","data",288.818033,0.000082,,0x00
"ch1","data",288.8181195,0.000082,,0x00
"ch1","data",288.8182065,0.000082,,0x00
"ch1","data",288.818293,0.000082,,0x00
"ch1","data",288.81838,0.000082,,0x00
"ch1","data",288.8184665,0.000082,,0x00
"ch1","data",288.8185535,0.000082,,0xBA
"ch1","data",288.81864,0.000082,,0x74
"ch1","data",288.818727,0.000082,,0x7D
"ch1","data",288.8188135,0.000082,,0x0D
"ch1","data",288.8189005,0.000082,,0x0A
"ch1","data",288.818987,0.000082,,0x0D
"ch1","data",288.819074,0.000082,,0x0A
"ch1","data",288.8191605,0.000082,,0x0D
"ch1","data",288.8192475,0.000082,,0x0A
"ch1","data",288.819334,0.000082,,0x00
"ch1","data",288.819421,0.000082,,0x7B
"ch1","data",288.8195075,0.000082,,0x0C
"ch1","data",288.8195945,0.000082,,0x00
"ch1","data",288.819681,0.000082,,0x01
"ch1","data",288.819768,0.000082,,0x00
"ch1","data",288.8198545,0.000082,,0x03
"ch1","data",288.8199415,0.000082,,0x00
"ch1","data",288.820028,0.000082,,0x01
"ch1","data",288.820115,0.000082,,0x00
"ch1","data",288.8202015,0.000082,,0x00
"ch1","data",288.8202885,0.000082,,0x00
"ch1","data",288.820375,0.000082,,0xB0
"ch1","data",288.820462,0.000082,,0xC0
"ch1","data",288.8205485,0.000082,,0x7D
"ch1","data",288.8206355,0.000082,,0x0D
"ch1","data",288.820722,0.000082,,0x0A
"ch0","data",294.6723935,0.000082,,0xDD
"ch0","data",294.6724785,0.000082,,0x02
"ch0","data",294.672563,0.000082,,0x00
"ch0","data",294.672648,0.000082,,0x3B
"ch0","data",294.6727325,0.000082,,0x00
"ch0","data",294.672817,0.000082,,0x7B
"ch0","data",294.672902,0.000082,,0x38
"ch0","data",294.6729865,0.000082,,0x00
"ch0","data",294.673071,0.000082,,0x11
"ch0","data",294.673156,0.000082,,0x00
"ch0","data",294.6732405,0.000082,,0x01
"ch0","data",294.673325,0.000082,,0x00
"ch0","data",294.67341,0.000082,,0x00
"ch0","data",294.6734945,0.000082,,0x00
"ch0","data",294.673579,0.000082,,0x01
"ch0","data",294.6736635,0.000082,,0x00
"ch0","data",294.6737485,0.000082,,0x46
"ch0","data",294.673833,0.000082,,0x81
"ch0","data",294.6739175,0.000082,,0x9E
"ch0","data",294.6740025,0.000082,,0xE3
"ch0","data",294.674087,0.000082,,0x00
"ch0","data",294.6741715,0.000082,,0x1D
"ch0","data",294.6742565,0.000082,,0x00
"ch0","data",294.674341,0.000082,,0x0F
"ch0","data",294.674426,0.000082,,0x20
"ch0","data",294.6745105,0.000082,,0x00
"ch0","data",294.674595,0.000082,,0x11
"ch0","data",294.67468,0.000082,,0x0B
"ch0","data",294.6747645,0.000082,,0xA5
"ch0","data",294.674849,0.000082,,0x27
"ch0","data",294.6749335,0.000082,,0x55
"ch0","data",294.675018,0.000082,,0x9B
"ch0","data",294.6751025,0.000082,,0x00
"ch0","data",294.6751875,0.000082,,0x00
"ch0","data",294.675272,0.000082,,0x00
"ch0","data",294.6753565,0.000082,,0x00
"ch0","data",294.6754415,0.000082,,0x00
"ch0","data",294.675526,0.000082,,0x00
"ch0","data",294.6756105,0.000082,,0x61
"ch0","data",294.675695,0.000082,,0x07
"ch0","data",294.67578,0.000082,,0x73
"ch0","data",294.6758645,0.000082,,0x62
"ch0","data",294.675949,0.000082,,0x28
"ch0","data",294.676034,0.000082,,0x00
"ch0","data",294.6761185,0.000082,,0x63
"ch0","data",294.676203,0.000082,,0x00
"ch0","data",294.6762875,0.000082,,0x00
"ch0","data",294.676372,0.000082,,0x88
"ch0","data",294.676457,0.000082,,0x00
"ch0","data",294.6765415,0.000082,,0x00
"ch0","data",294.6766265,0.000082,,0x98
"ch0","data",294.676711,0.000082,,0x00
"ch0","data",294.676796,0.000082,,0x9F
"ch0","data",294.67688,0.000082,,0x00
"ch0","data",294.676965,0.000082,,0x09
"ch0","data",294.6770495,0.000082,,0x00
"ch0","data",294.677134,0.000082,,0x00
"ch0","data",294.6772185,0.000082,,0x00
"ch0","data",294.6773035,0.000082,,0x54
"ch0","data",294.677388,0.000082,,0x0E
"ch0","data",294.677473,0.000082,,0x2D
"ch0","data",294.6775575,0.000082,,0xD9
"ch0","data",294.677642,0.000082,,0x7D
"ch0","data",294.6777265,0.000082,,0xDD
"ch0","data",294.677811,0.000082,,0x02
"ch0","data",294.6778955,0.000082,,0x00
"ch0","data",294.6779805,0.000082,,0x0F
"ch0","data",294.678065,0.000082,,0x00
"ch0","data",294.6781495,0.000082,,0x7B
"ch0","data",294.6782345,0.000082,,0x0C
"ch0","data",294.678319,0.000082,,0x00
"ch0","data",294.6784035,0.000082,,0x11
"ch0","data",294.678488,0.000082,,0x00
"ch0","data",294.678573,0.000082,,0x00
"ch0","data",294.6786575,0.000082,,0x00
"ch0","data",294.678742,0.000082,,0x00
"ch0","data",294.678827,0.000082,,0x00
"ch0","data",294.6789115,0.000082,,0x01
"ch0","data",294.678996,0.000082,,0x00
"ch0","data",294.679081,0.000082,,0x61
"ch0","data",294.6791655,0.000082,,0x76
"ch0","data",294.6792505,0.000082,,0x7D
"ch1","data",295.0070075,0.000082,,0x0D
"ch1","data",295.0070945,0.000082,,0x0A
"ch1","data",295.007181,0.000082,,0x00
"ch1","data",295.007268,0.000082,,0x7B
"ch1","data",295.0073545,0.000082,,0x38
"ch1","data",295.0074415,0.000082,,0x00
"ch1","data",295.007528,0.000082,,0x01
"ch1","data",295.007615,0.000082,,0x00
"ch1","data",295.0077015,0.000082,,0x05
"ch1","data",295.0077885,0.000082,,0x00
"ch1","data",295.007875,0.000082,,0x01
"ch1","data",295.007962,0.000082,,0x00
"ch1","data",295.0080485,0.000082,,0x00
"ch1","data",295.0081355,0.000082,,0x00
"ch1","data",295.008222,0.000082,,0x46
"ch1","data",295.008309,0.000082,,0x81
"ch1","data",295.0083955,0.000082,,0x9E
"ch1","data",295.0084825,0.000082,,0xE3
"ch1","data",295.008569,0.000082,,0x00
"ch1","data",295.008656,0.000082,,0x1D
"ch1","data",295.0087425,0.000082,,0x00
"ch1","data",295.0088295,0.000082,,0x0F
"ch1","data",295.008916,0.000082,,0x00
"ch1","data",295.009003,0.000082,,0x01
"ch1","data",295.0090895,0.000082,,0x00
"ch1","data",295.0091765,0.000082,,0x00
"ch1","data",295.009263,0.000082,,0x00
"ch1","data",295.00935,0.000082,,0x00
"ch1","data",295.0094365,0.000082,,0x00
"ch1","data",295.0095235,0.000082,,0x00
"ch1","data",295.00961,0.000082,,0x09
"ch1","data",295.009697,0.000082,,0x00
"ch1","data",295.0097835,0.000082,,0x16
"ch1","data",295.0098705,0.000082,,0x25
"ch1","data",295.009957,0.000082,,0x61
"ch1","data",295.010044,0.000082,,0x07
"ch1","data",295.0101305,0.000082,,0x73
"ch1","data",295.0102175,0.000082,,0x62
"ch1","data",295.010304,0.000082,,0x00
"ch1","data",295.010391,0.000082,,0x00
"ch1","data",295.0104775,0.000082,,0xFF
"ch1","data",295.0105645,0.000082,,0x04
"ch1","data",295.010651,0.000082,,0xFF
"ch1","data",295.010738,0.000082,,0x0F
"ch1","data",295.0108245,0.000082,,0x04
"ch1","data",295.0109115,0.000082,,0x40
"ch1","data",295.010998,0.000082,,0x0C
"ch1","data",295.011085,0.000082,,0xFE
"ch1","data",295.0111715,0.000082,,0x00
"ch1","data",295.0112585,0.000082,,0x00
"ch1","data",295.011345,0.000082,,0x00
"ch1","data",295.011432,0.000082,,0x01
"ch1","data",295.0115185,0.000082,,0x00
"ch1","data",295.0116055,0.000082,,0x13
"ch1","data",295.011692,0.000082,,0x00
"ch1","data",295.011779,0.000082,,0x00
"ch1","data",295.0118655,0.000082,,0x2C
"ch1","data",295.0119525,0.000082,,0xCC
"ch1","data",295.012039,0.000082,,0xBF
"ch1","data",295.012126,0.000082,,0xCF
"ch1","data",295.0122125,0.000082,,0x7D
"ch1","data",295.0122995,0.000082,,0x0D
"ch1","data",295.012386,0.000082,,0x0A
"ch1","data",295.012473,0.000082,,0x0D
"ch1","data",295.0125595,0.000082,,0x0A
"ch1","data",295.0126465,0.000082,,0x00
"ch1","data",295.012733,0.000082,,0x7B
"ch1","data",295.01282,0.000082,,0x38
"ch1","data",295.0129065,0.000082,,0x00
"ch1","data",295.0129935,0.000082,,0x01
"ch1","data",295.01308,0.000082,,0x00
"ch1","data",295.013167,0.000082,,0x05
"ch1","data",295.0132535,0.000082,,0x00
"ch1","data",295.0133405,0.000082,,0x01
"ch1","data",295.013427,0.000082,,0x00
"ch1","data",295.013514,0.000082,,0x00
"ch1","data",295.0136005,0.000082,,0x00
"ch1","data",295.0136875,0.000082,,0x00
"ch1","data",295.013774,0.000082,,0x12
"ch1","data",295.013861,0.000082,,0x4B
"ch1","data",295.0139475,0.000082,,0x00
"ch1","data",295.0140345,0.000082,,0x38
"ch1","data",295.014121,0.000082,,0x0D
"ch1","data",295.014208,0.000082,,0x16
"ch1","data",295.0142945,0.000082,,0xFD
"ch1","data",295.0143815,0.000082,,0x00
"ch1","data",295.014468,0.000082,,0x00
"ch1","data",295.014555,0.000082,,0x00
"ch1","data",295.0146415,0.000082,,0x00
"ch1","data",295.0147285,0.000082,,0x64
"ch1","data",295.014815,0.000082,,0x00
"ch1","data",295.014902,0.000082,,0x00
"ch1","data",295.0149885,0.000082,,0x00
"ch1","data",295.0150755,0.000082,,0x3E
"ch1","data",295.015162,0.000082,,0x00
"ch1","data",295.015249,0.000082,,0xFF
"ch1","data",295.0153355,0.000082,,0x41
"ch1","data",295.0154225,0.000082,,0x04
"ch1","data",295.015509,0.000082,,0x00
"ch1","data",295.015596,0.000082,,0x00
"ch1","data",295.0156825,0.000082,,0x00
"ch1","data",295.0157695,0.000082,,0x90
"ch1","data",295.015856,0.000082,,0x01
"ch1","data",295.015943,0.000082,,0x14
"ch1","data",295.0160295,0.000082,,0x00
"ch1","data",295.0161165,0.000082,,0x00
"ch1","data",295.016203,0.000082,,0x00
"ch1","data",295.01629,0.000082,,0x00
"ch1","data",295.0163765,0.000082,,0x00
"ch1","data",295.0164635,0.000082,,0x00
"ch1","data",295.01655,0.000082,,0x00
"ch1","data",295.016637,0.000082,,0x00
"ch1","data",295.0167235,0.000082,,0x00
"ch1","data",295.0168105,0.000082,,0x00
"ch1","data",295.016897,0.000082,,0x00
"ch1","data",295.016984,0.000082,,0x00
"ch1","data",295.0170705,0.000082,,0x00
"ch1","data",295.0171575,0.000082,,0x00
"ch1","data",295.017244,0.000082,,0x00
"ch1","data",295.017331,0.000082,,0x00
"ch1","data",295.0174175,0.000082,,0x00
"ch1","data",295.0175045,0.000082,,0x5F
"ch1","data",295.017591,0.000082,,0xBB
"ch1","data",295.017678,0.000082,,0x7D
"ch1","data",295.0177645,0.000082,,0x0D
"ch1","data",295.0178515,0.000082,,0x0A
"ch1","data",295.017938,0.000082,,0x0D
"ch1","data",295.018025,0.000082,,0x0A
"ch1","data",295.0181115,0.000082,,0x0D
"ch1","data",295.0181985,0.000082,,0x0A
"ch1","data",295.018285,0.000082,,0x00
"ch1","data",295.018372,0.000082,,0x7B
"ch1","data",295.0184585,0.000082,,0x0C
"ch1","data",295.0185455,0.000082,,0x00
"ch1","data",295.018632,0.000082,,0x01
"ch1","data",295.018719,0.000082,,0x00
"ch1","data",295.0188055,0.000082,,0x03
"ch1","data",295.0188925,0.000082,,0x00
"ch1","data",295.018979,0.000082,,0x01
"ch1","data",295.019066,0.000082,,0x00
"ch1","data",295.0191525,0.000082,,0x00
"ch1","data",295.0192395,0.000082,,0x00
"ch1","data",295.019326,0.000082,,0xB0
"ch1","data",295.019413,0.000082,,0xC0
"ch1","data",295.0194995,0.000082,,0x7D
"ch1","data",295.0195865,0.000082,,0x0D
"ch1","data",295.019673,0.000082,,0x0A
"ch0","data",301.0741755,0.000082,,0xDD
"ch0","data",301.0742605,0.000082,,0x02
"ch0","data",301.074345,0.000082,,0x00
"ch0","data",301.0744295,0.000082,,0x3B
"ch0","data",301.0745145,0.000082,,0x00
"ch0","data",301.074599,0.000082,,0x7B
"ch0","data",301.074684,0.000082,,0x38
"ch0","data",301.0747685,0.000082,,0x00
"ch0","data",301.074853,0.000082,,0x11
"ch0","data",301.074938,0.000082,,0x00
"ch0","data",301.0750225,0.000082,,0x01
"ch0","data",301.0751075,0.000082,,0x00
"ch0","data",301.075192,0.000082,,0x00
"ch0","data",301.0752765,0.000082,,0x00
"ch0","data",301.0753615,0.000082,,0x01
"ch0","data",301.075446,0.000082,,0x00
"ch0","data",301.0755305,0.000082,,0x46
"ch0","data",301.0756155,0.000082,,0x81
"ch0","data",301.0757,0.000082,,0x9E
"ch0","data",301.0757845,0.000082,,0xE3
"ch0","data",301.075869,0.000082,,0x00
"ch0","data",301.075954,0.000082,,0x1D
"ch0","data",301.0760385,0.000082,,0x00
"ch0","data",301.076123,0.000082,,0x0F
"ch0","data",301.0762075,0.000082,,0x20
"ch0","data",301.0762925,0.000082,,0x00
"ch0","data",301.076377,0.000082,,0x00
"ch0","data",301.0764615,0.000082,,0x0B
"ch0","data",301.076546,0.000082,,0xA5
"ch0","data",301.076631,0.000082,,0x27
"ch0","data",301.0767155,0.000082,,0x56
"ch0","data",301.0768,0.000082,,0x93
"ch0","data",301.0768845,0.000082,,0x00
"ch0","data",301.0769695,0.000082,,0x00
"ch0","data",301.077054,0.000082,,0x00
"ch0","data",301.0771385,0.000082,,0x00
"ch0","data",301.077223,0.000082,,0x00
"ch0","data",301.0773075,0.000082,,0x00
"ch0","data",301.0773925,0.000082,,0x61
"ch0","data",301.077477,0.000082,,0x07
"ch0","data",301.0775615,0.000082,,0x73
"ch0","data",301.077646,0.000082,,0x62
"ch0","data",301.077731,0.000082,,0x28
"ch0","data",301.0778155,0.000082,,0x00
"ch0","data",301.0779,0.000082,,0x66
"ch0","data",301.077985,0.000082,,0x00
"ch0","data",301.0780695,0.000082,,0x00
"ch0","data",301.0781545,0.000082,,0x88
"ch0","data",301.078239,0.000082,,0x00
"ch0","data",301.0783235,0.000082,,0x00
"ch0","data",301.0784085,0.000082,,0x98
"ch0","data",301.078493,0.000082,,0x00
"ch0","data",301.078578,0.000082,,0x9F
"ch0","data",301.0786625,0.000082,,0x00
"ch0","data",301.078747,0.000082,,0x09
"ch0","data",301.078832,0.000082,,0x00
"ch0","data",301.0789165,0.000082,,0x00
"ch0","data",301.0790015,0.000082,,0x00
"ch0","data",301.079086,0.000082,,0x67
"ch0","data",301.0791705,0.000082,,0x0E
"ch0","data",301.079255,0.000082,,0xB7
"ch0","data",301.07934,0.000082,,0x82
"ch0","data",301.0794245,0.000082,,0x7D
"ch0","data",301.079509,0.000082,,0xDD
"ch0","data",301.079594,0.000082,,0x02
"ch0","data",301.0796785,0.000082,,0x00
"ch0","data",301.0797635,0.000082,,0x13
"ch0","data",301.079848,0.000082,,0x00
"ch0","data",301.079933,0.000082,,0x7B
"ch0","data",301.0800175,0.000082,,0x10
"ch0","data",301.080102,0.000082,,0x00
"ch0","data",301.0801865,0.000082,,0x11
"ch0","data",301.080271,0.000082,,0x00
"ch0","data",301.0803555,0.000082,,0x08
"ch0","data",301.0804405,0.000082,,0x00
"ch0","data",301.080525,0.000082,,0x00
"ch0","data",301.0806095,0.000082,,0x00
"ch0","data",301.0806945,0.000082,,0x01
"ch0","data",301.080779,0.000082,,0x00
"ch0","data",301.080864,0.000082,,0x04
"ch0","data",301.0809485,0.000082,,0x00
"ch0","data",301.081033,0.000082,,0x00
"ch0","data",301.081118,0.000082,,0x00
"ch0","data",301.0812025,0.000082,,0x34
"ch0","data",301.0812875,0.000082,,0x99
"ch0","data",301.081372,0.000082,,0x7D
"ch0","data",301.0814565,0.000082,,0xDD
"ch0","data",301.0815415,0.000082,,0x02
"ch0","data",301.081626,0.000082,,0x00
"ch0","data",301.081711,0.000082,,0x0F
"ch0","data",301.0817955,0.000082,,0x00
"ch0","data",301.08188,0.000082,,0x7B
"ch0","data",301.081965,0.000082,,0x0C
"ch0","data",301.0820495,0.000082,,0x00
"ch0","data",301.082134,0.000082,,0x11
"ch0","data",301.082219,0.000082,,0x00
"ch0","data",301.0823035,0.000082,,0x00
"ch0","data",301.0823885,0.000082,,0x00
"ch0","data",301.082473,0.000082,,0x00
"ch0","data",301.0825575,0.000082,,0x00
"ch0","data",301.0826425,0.000082,,0x01
"ch0","data",301.082727,0.000082,,0x00
"ch0","data",301.082812,0.000082,,0x61
"ch0","data",301.0828965,0.000082,,0x76
"ch0","data",301.082981,0.000082,,0x7D
"ch0","data",301.083066,0.000082,,0xDD
"ch0","data",301.0831505,0.000082,,0x02
"ch0","data",301.083235,0.000082,,0x00
"ch0","data",301.08332,0.000082,,0x0F
"ch0","data",301.0834045,0.000082,,0x00
"ch0","data",301.083489,0.000082,,0x7B
"ch0","data",301.083574,0.000082,,0x0C
"ch0","data",301.0836585,0.000082,,0x00
"ch0","data",301.0837435,0.000082,,0x11
"ch0","data",301.083828,0.000082,,0x00
"ch0","data",301.0839125,0.000082,,0x0B
"ch0","data",301.0839975,0.000082,,0x00
"ch0","data",301.084082,0.000082,,0x00
"ch0","data",301.084167,0.000082,,0x00
"ch0","data",301.0842515,0.000082,,0x01
"ch0","data",301.0843365,0.000082,,0x00
"ch0","data",301.084421,0.000082,,0xC3
"ch0","data",301.0845055,0.000082,,0xB5
"ch0","data",301.0845905,0.000082,,0x7D
"ch1","data",301.5624755,0.000082,,0x0D
"ch1","data",301.5625625,0.000082,,0x0A
"ch1","data",301.562649,0.000082,,0x00
"ch1","data",301.562736,0.000082,,0x7B
"ch1","data",301.5628225,0.000082,,0x38
"ch1","data",301.5629095,0.000082,,0x00
"ch1","data",301.562996,0.000082,,0x01
"ch1","data",301.563083,0.000082,,0x00
"ch1","data",301.5631695,0.000082,,0x05
"ch1","data",301.5632565,0.000082,,0x00
"ch1","data",301.563343,0.000082,,0x01
"ch1","data",301.56343,0.000082,,0x00
"ch1","data",301.5635165,0.000082,,0x00
"ch1","data",301.5636035,0.000082,,0x00
"ch1","data",301.56369,0.000082,,0x46
"ch1","data",301.563777,0.000082,,0x81
"ch1","data",301.5638635,0.000082,,0x9E
"ch1","data",301.5639505,0.000082,,0xE3
"ch1","data",301.564037,0.000082,,0x00
"ch1","data",301.564124,0.000082,,0x1D
"ch1","data",301.5642105,0.000082,,0x00
"ch1","data",301.5642975,0.000082,,0x0F
"ch1","data",301.564384,0.000082,,0x00
"ch1","data",301.564471,0.000082,,0x01
"ch1","data",301.5645575,0.000082,,0x00
"ch1","data",301.5646445,0.000082,,0x00
"ch1","data",301.564731,0.000082,,0x00
"ch1","data",301.564818,0.000082,,0x00
"ch1","data",301.5649045,0.000082,,0x00
"ch1","data",301.5649915,0.000082,,0x00
"ch1","data",301.565078,0.000082,,0x09
"ch1","data",301.565165,0.000082,,0x00
"ch1","data",301.5652515,0.000082,,0x16
"ch1","data",301.5653385,0.000082,,0x25
"ch1","data",301.565425,0.000082,,0x61
"ch1","data",301.565512,0.000082,,0x07
"ch1","data",301.5655985,0.000082,,0x73
"ch1","data",301.5656855,0.000082,,0x62
"ch1","data",301.565772,0.000082,,0x00
"ch1","data",301.565859,0.000082,,0x00
"ch1","data",301.5659455,0.000082,,0xFF
"ch1","data",301.5660325,0.000082,,0x04
"ch1","data",301.566119,0.000082,,0xFF
"ch1","data",301.566206,0.000082,,0x0F
"ch1","data",301.5662925,0.000082,,0x04
"ch1","data",301.5663795,0.000082,,0x40
"ch1","data",301.566466,0.000082,,0x0C
"ch1","data",301.566553,0.000082,,0xFE
"ch1","data",301.5666395,0.000082,,0x00
"ch1","data",301.5667265,0.000082,,0x00
"ch1","data",301.566813,0.000082,,0x00
"ch1","data",301.5669,0.000082,,0x01
"ch1","data",301.5669865,0.000082,,0x00
"ch1","data",301.5670735,0.000082,,0x13
"ch1","data",301.56716,0.000082,,0x00
"ch1","data",301.567247,0.000082,,0x00
"ch1","data",301.5673335,0.000082,,0x2C
"ch1","data",301.5674205,0.000082,,0xCC
"ch1","data",301.567507,0.000082,,0xBF
"ch1","data",301.567594,0.000082,,0xCF
"ch1","data",301.5676805,0.000082,,0x7D
"ch1","data",301.5677675,0.000082,,0x0D
"ch1","data",301.567854,0.000082,,0x0A
"ch1","data",301.567941,0.000082,,0x0D
"ch1","data",301.5680275,0.000082,,0x0A
"ch1","data",301.5681145,0.000082,,0x00
"ch1","data",301.568201,0.000082,,0x7B
"ch1","data",301.568288,0.000082,,0x38
"ch1","data",301.5683745,0.000082,,0x00
"ch1","data",301.5684615,0.000082,,0x01
"ch1","data",301.568548,0.000082,,0x00
"ch1","data",301.568635,0.000082,,0x05
"ch1","data",301.5687215,0.000082,,0x00
"ch1","data",301.5688085,0.000082,,0x01
"ch1","data",301.568895,0.000082,,0x00
"ch1","data",301.568982,0.000082,,0x00
"ch1","data",301.5690685,0.000082,,0x00
"ch1","data",301.5691555,0.000082,,0x00
"ch1","data",301.569242,0.000082,,0x12
"ch1","data",301.569329,0.000082,,0x4B
"ch1","data",301.5694155,0.000082,,0x00
"ch1","data",301.5695025,0.000082,,0x38
"ch1","data",301.569589,0.000082,,0x0D
"ch1","data",301.569676,0.000082,,0x16
"ch1","data",301.5697625,0.000082,,0xFD
"ch1","data",301.5698495,0.000082,,0x00
"ch1","data",301.569936,0.000082,,0x00
"ch1","data",301.570023,0.000082,,0x00
"ch1","data",301.5701095,0.000082,,0x00
"ch1","data",301.5701965,0.000082,,0x64
"ch1","data",301.570283,0.000082,,0x00
"ch1","data",301.57037,0.000082,,0x00
"ch1","data",301.5704565,0.000082,,0x00
"ch1","data",301.5705435,0.000082,,0x3E
"ch1","data",301.57063,0.000082,,0x00
"ch1","data",301.570717,0.000082,,0xFF
"ch1","data",301.5708035,0.000082,,0x41
"ch1","data",301.5708905,0.000082,,0x04
"ch1","data",301.570977,0.000082,,0x00
"ch1","data",301.571064,0.000082,,0x00
"ch1","data",301.5711505,0.000082,,0x00
"ch1","data",301.5712375,0.000082,,0x90
"ch1","data",301.571324,0.000082,,0x01
"ch1","data",301.571411,0.000082,,0x14
"ch1","data",301.5714975,0.000082,,0x00
"ch1","data",301.5715845,0.000082,,0x00
"ch1","data",301.571671,0.000082,,0x00
"ch1","data",301.571758,0.000082,,0x00
"ch1","data",301.5718445,0.000082,,0x00
"ch1","data",301.5719315,0.000082,,0x00
"ch1","data",301.572018,0.000082,,0x00
"ch1","data",301.572105,0.000082,,0x00
"ch1","data",301.5721915,0.000082,,0x00
"ch1","data",301.5722785,0.000082,,0x00
"ch1","data",301.572365,0.000082,,0x00
"ch1","data",301.572452,0.000082,,0x00
"ch1","data",301.5725385,0.000082,,0x00
"ch1","data",301.5726255,0.000082,,0x00
"ch1","data",301.572712,0.000082,,0x00
"ch1","data",301.572799,0.000082,,0x00
"ch1","data",301.5728855,0.000082,,0x00
"ch1","data",301.5729725,0.000082,,0x5F
"ch1","data",301.573059,0.000082,,0xBB
"ch1","data",301.573146,0.000082,,0x7D
"ch1","data",301.5732325,0.000082,,0x0D
"ch1","data",301.5733195,0.000082,,0x0A
"ch1","data",301.573406,0.000082,,0x0D
"ch1","data",301.573493,0.000082,,0x0A
"ch1","data",301.5735795,0.000082,,0x0D
"ch1","data",301.5736665,0.000082,,0x0A
"ch1","data",301.573753,0.000082,,0x00
"ch1","data",301.57384,0.000082,,0x7B
"ch1","data",301.5739265,0.000082,,0x0C
"ch1","data",301.5740135,0.000082,,0x00
"ch1","data",301.5741,0.000082,,0x01
"ch1","data",301.574187,0.000082,,0x00
"ch1","data",301.5742735,0.000082,,0x03
"ch1","data",301.5743605,0.000082,,0x00
"ch1","data",301.574447,0.000082,,0x01
"ch1","data",301.574534,0.000082,,0x00
"ch1","data",301.5746205,0.000082,,0x00
"ch1","data",301.5747075,0.000082,,0x00
"ch1","data",301.574794,0.000082,,0xB0
"ch1","data",301.574881,0.000082,,0xC0
"ch1","data",301.5749675,0.000082,,0x7D
"ch1","data",301.5750545,0.000082,,0x0D
"ch1","data",301.575141,0.000082,,0x0A
"ch1","data",302.100133,0.000082,,0x0D
"ch1","data",302.10022,0.000082,,0x0A
"ch1","data",302.1003065,0.000082,,0x00
"ch1","data",302.1003935,0.000082,,0x7B
"ch1","data",302.10048,0.000082,,0x0C
"ch1","data",302.100567,0.000082,,0x00
"ch1","data",302.1006535,0.000082,,0x01
"ch1","data",302.1007405,0.000082,,0x00
"ch1","data",302.100827,0.000082,,0x03
"ch1","data",302.100914,0.000082,,0x00
"ch1","data",302.1010005,0.000082,,0x01
"ch1","data",302.1010875,0.000082,,0x00
"ch1","data",302.101174,0.000082,,0x00
"ch1","data",302.101261,0.000082,,0x00
"ch1","data",302.1013475,0.000082,,0xB0
"ch1","data",302.1014345,0.000082,,0xC0
"ch1","data",302.101521,0.000082,,0x7D
"ch1","data",302.101608,0.000082,,0x0D
"ch1","data",302.1016945,0.000082,,0x0A
"ch1","data",302.364683,0.000082,,0x0D
"ch1","data",302.36477,0.000082,,0x0A
"ch1","data",302.3648565,0.000082,,0x00
"ch1","data",302.3649435,0.000082,,0x7B
"ch1","data",302.36503,0.000082,,0x10
"ch1","data",302.365117,0.000082,,0x00
"ch1","data",302.3652035,0.000082,,0x01
"ch1","data",302.3652905,0.000082,,0x00
"ch1","data",302.365377,0.000082,,0x08
"ch1","data",302.365464,0.000082,,0x00
"ch1","data",302.3655505,0.000082,,0x01
"ch1","data",302.3656375,0.000082,,0x00
"ch1","data",302.365724,0.000082,,0x00
"ch1","data",302.365811,0.000082,,0x00
"ch1","data",302.3658975,0.000082,,0x05
"ch1","data",302.3659845,0.000082,,0x08
"ch1","data",302.366071,0.000082,,0x10
"ch1","data",302.366158,0.000082,,0x40
"ch1","data",302.3662445,0.000082,,0xB5
"ch1","data",302.3663315,0.000082,,0x38
"ch1","data",302.366418,0.000082,,0x7D
"ch1","data",302.366505,0.000082,,0x0D
"ch1","data",302.3665915,0.000082,,0x0A
"ch0","data",307.1552855,0.000082,,0xDD
"ch0","data",307.15537,0.000082,,0x02
"ch0","data",307.1554545,0.000082,,0x00
"ch0","data",307.1555395,0.000082,,0x3B
"ch0","data",307.155624,0.000082,,0x00
"ch0","data",307.1557085,0.000082,,0x7B
"ch0","data",307.1557935,0.000082,,0x38
"ch0","data",307.155878,0.000082,,0x00
"ch0","data",307.1559625,0.000082,,0x11
"ch0","data",307.1560475,0.000082,,0x00
"ch0","data",307.156132,0.000082,,0x01
"ch0","data",307.156217,0.000082,,0x00
"ch0","data",307.1563015,0.000082,,0x00
"ch0","data",307.156386,0.000082,,0x00
"ch0","data",307.156471,0.000082,,0x01
"ch0","data",307.1565555,0.000082,,0x00
"ch0","data",307.15664,0.000082,,0x46
"ch0","data",307.156725,0.000082,,0x81
"ch0","data",307.1568095,0.000082,,0x9E
"ch0","data",307.1568945,0.000082,,0xE3
"ch0","data",307.156979,0.000082,,0x00
"ch0","data",307.1570635,0.000082,,0x1D
"ch0","data",307.157148,0.000082,,0x00
"ch0","data",307.157233,0.000082,,0x0F
"ch0","data",307.1573175,0.000082,,0x20
"ch0","data",307.157402,0.000082,,0x00
"ch0","data",307.1574865,0.000082,,0x00
"ch0","data",307.1575715,0.000082,,0x0B
"ch0","data",307.157656,0.000082,,0xA5
"ch0","data",307.1577405,0.000082,,0x27
"ch0","data",307.157825,0.000082,,0x56
"ch0","data",307.1579095,0.000082,,0x93
"ch0","data",307.1579945,0.000082,,0x00
"ch0","data",307.158079,0.000082,,0x00
"ch0","data",307.1581635,0.000082,,0x00
"ch0","data",307.1582485,0.000082,,0x00
"ch0","data",307.158333,0.000082,,0x00
"ch0","data",307.1584175,0.000082,,0x00
"ch0","data",307.158502,0.000082,,0x61
"ch0","data",307.158587,0.000082,,0x07
"ch0","data",307.1586715,0.000082,,0x73
"ch0","data",307.158756,0.000082,,0x62
"ch0","data",307.158841,0.000082,,0x28
"ch0","data",307.1589255,0.000082,,0x00
"ch0","data",307.15901,0.000082,,0x66
"ch0","data",307.159095,0.000082,,0x00
"ch0","data",307.1591795,0.000082,,0x00
"ch0","data",307.1592645,0.000082,,0x88
"ch0","data",307.159349,0.000082,,0x00
"ch0","data",307.1594335,0.000082,,0x00
"ch0","data",307.1595185,0.000082,,0x98
"ch0","data",307.159603,0.000082,,0x00
"ch0","data",307.1596875,0.000082,,0x9F
"ch0","data",307.1597725,0.000082,,0x00
"ch0","data",307.159857,0.000082,,0x09
"ch0","data",307.159942,0.000082,,0x00
"ch0","data",307.1600265,0.000082,,0x00
"ch0","data",307.160111,0.000082,,0x00
"ch0","data",307.160196,0.000082,,0x67
"ch0","data",307.1602805,0.000082,,0x0E
"ch0","data",307.160365,0.000082,,0xB7
"ch0","data",307.1604495,0.000082,,0x82
"ch0","data",307.1605345,0.000082,,0x7D
"ch0","data",307.160619,0.000082,,0xDD
"ch0","data",307.1607035,0.000082,,0x02
"ch0","data",307.1607885,0.000082,,0x00
"ch0","data",307.160873,0.000082,,0x0F
"ch0","data",307.160958,0.000082,,0x00
"ch0","data",307.1610425,0.000082,,0x7B
"ch0","data",307.161127,0.000082,,0x0C
"ch0","data",307.1612115,0.000082,,0x00
"ch0","data",307.1612965,0.000082,,0x11
"ch0","data",307.161381,0.000082,,0x00
"ch0","data",307.1614655,0.000082,,0x00
"ch0","data",307.16155,0.000082,,0x00
"ch0","data",307.161635,0.000082,,0x00
"ch0","data",307.1617195,0.000082,,0x00
"ch0","data",307.161804,0.000082,,0x01
"ch0","data",307.1618885,0.000082,,0x00
"ch0","data",307.161973,0.000082,,0x61
"ch0","data",307.1620575,0.000082,,0x76
"ch0","data",307.162142,0.000082,,0x7D
"ch1","data",307.4815485,0.000082,,0x0D
"ch1","data",307.4816355,0.000082,,0x0A
"ch1","data",307.481722,0.000082,,0x00
"ch1","data",307.481809,0.000082,,0x7B
"ch1","data",307.4818955,0.000082,,0x38
"ch1","data",307.4819825,0.000082,,0x00
"ch1","data",307.482069,0.000082,,0x01
"ch1","data",307.482156,0.000082,,0x00
"ch1","data",307.4822425,0.000082,,0x05
"ch1","data",307.4823295,0.000082,,0x00
"ch1","data",307.482416,0.000082,,0x01
"ch1","data",307.482503,0.000082,,0x00
"ch1","data",307.4825895,0.000082,,0x00
"ch1","data",307.4826765,0.000082,,0x00
"ch1","data",307.482763,0.000082,,0x46
"ch1","data",307.48285,0.000082,,0x81
"ch1","data",307.4829365,0.000082,,0x9E
"ch1","data",307.4830235,0.000082,,0xE3
"ch1","data",307.48311,0.000082,,0x00
"ch1","data",307.483197,0.000082,,0x1D
"ch1","data",307.4832835,0.000082,,0x00
"ch1","data",307.4833705,0.000082,,0x0F
"ch1","data",307.483457,0.000082,,0x00
"ch1","data",307.483544,0.000082,,0x01
"ch1","data",307.4836305,0.000082,,0x00
"ch1","data",307.4837175,0.000082,,0x00
"ch1","data",307.483804,0.000082,,0x00
"ch1","data",307.483891,0.000082,,0x00
"ch1","data",307.4839775,0.000082,,0x00
"ch1","data",307.4840645,0.000082,,0x00
"ch1","data",307.484151,0.000082,,0x09
"ch1","data",307.484238,0.000082,,0x00
"ch1","data",307.4843245,0.000082,,0x16
"ch1","data",307.4844115,0.000082,,0x25
"ch1","data",307.484498,0.000082,,0x61
"ch1","data",307.484585,0.000082,,0x07
"ch1","data",307.4846715,0.000082,,0x73
"ch1","data",307.4847585,0.000082,,0x62
"ch1","data",307.484845,0.000082,,0x00
"ch1","data",307.484932,0.000082,,0x00
"ch1","data",307.4850185,0.000082,,0xFF
"ch1","data",307.4851055,0.000082,,0x04
"ch1","data",307.485192,0.000082,,0xFF
"ch1","data",307.485279,0.000082,,0x0F
"ch1","data",307.4853655,0.000082,,0x04
"ch1","data",307.4854525,0.000082,,0x40
"ch1","data",307.485539,0.000082,,0x0C
"ch1","data",307.485626,0.000082,,0xFE
"ch1","data",307.4857125,0.000082,,0x00
"ch1","data",307.4857995,0.000082,,0x00
"ch1","data",307.485886,0.000082,,0x00
"ch1","data",307.485973,0.000082,,0x01
"ch1","data",307.4860595,0.000082,,0x00
"ch1","data",307.4861465,0.000082,,0x13
"ch1","data",307.486233,0.000082,,0x00
"ch1","data",307.48632,0.000082,,0x00
"ch1","data",307.4864065,0.000082,,0x2C
"ch1","data",307.4864935,0.000082,,0xCC
"ch1","data",307.48658,0.000082,,0xBF
"ch1","data",307.486667,0.000082,,0xCF
"ch1","data",307.4867535,0.000082,,0x7D
"ch1","data",307.4868405,0.000082,,0x0D
"ch1","data",307.486927,0.000082,,0x0A
"ch1","data",307.487014,0.000082,,0x0D
"ch1","data",307.4871005,0.000082,,0x0A
"ch1","data",307.4871875,0.000082,,0x0D
"ch1","data",307.487274,0.000082,,0x0A
"ch1","data",307.487361,0.000082,,0x00
"ch1","data",307.4874475,0.000082,,0x7B
"ch1","data",307.4875345,0.000082,,0x0C
"ch1","data",307.487621,0.000082,,0x00
"ch1","data",307.487708,0.000082,,0x01
"ch1","data",307.4877945,0.000082,,0x00
"ch1","data",307.4878815,0.000082,,0x03
"ch1","data",307.487968,0.000082,,0x00
"ch1","data",307.488055,0.000082,,0x01
"ch1","data",307.4881415,0.000082,,0x00
"ch1","data",307.4882285,0.000082,,0x00
"ch1","data",307.488315,0.000082,,0x00
"ch1","data",307.488402,0.000082,,0xB0
"ch1","data",307.4884885,0.000082,,0xC0
"ch1","data",307.4885755,0.000082,,0x7D
"ch1","data",307.488662,0.000082,,0x0D
"ch1","data",307.488749,0.000082,,0x0A
"ch0","data",310.2800545,0.000082,,0xDD
"ch0","data",310.280139,0.000082,,0x02
"ch0","data",310.2802235,0.000082,,0x00
"ch0","data",310.2803085,0.000082,,0x3B
"ch0","data",310.280393,0.000082,,0x00
"ch0","data",310.2804775,0.000082,,0x7B
"ch0","data",310.2805625,0.000082,,0x38
"ch0","data",310.280647,0.000082,,0x00
"ch0","data",310.2807315,0.000082,,0x11
"ch0","data",310.2808165,0.000082,,0x00
"ch0","data",310.280901,0.000082,,0x01
"ch0","data",310.2809855,0.000082,,0x00
"ch0","data",310.2810705,0.000082,,0x00
"ch0","data",310.281155,0.000082,,0x00
"ch0","data",310.2812395,0.000082,,0x01
"ch0","data",310.281324,0.000082,,0x00
"ch0","data",310.2814085,0.000082,,0x00
"ch0","data",310.281493,0.000082,,0x12
"ch0","data",310.281578,0.000082,,0x4B
"ch0","data",310.2816625,0.000082,,0x00
"ch0","data",310.281747,0.000082,,0x38
"ch0","data",310.2818315,0.000082,,0x0D
"ch0","data",310.281916,0.000082,,0x16
"ch0","data",310.282001,0.000082,,0xFD
"ch0","data",310.282085,0.000082,,0x03
"ch0","data",310.2821695,0.000082,,0x00
"ch0","data",310.2822545,0.000082,,0x46
"ch0","data",310.282339,0.000082,,0x09
"ch0","data",310.2824235,0.000082,,0xA5
"ch0","data",310.2825085,0.000082,,0x27
"ch0","data",310.282593,0.000082,,0x2F
"ch0","data",310.282678,0.000082,,0x05
"ch0","data",310.2827625,0.000082,,0xCF
"ch0","data",310.282847,0.000082,,0xFF
"ch0","data",310.282932,0.000082,,0x00
"ch0","data",310.2830165,0.000082,,0x00
"ch0","data",310.283101,0.000082,,0xEE
"ch0","data",310.283186,0.000082,,0x02
"ch0","data",310.2832705,0.000082,,0x00
"ch0","data",310.283355,0.000082,,0x00
"ch0","data",310.28344,0.000082,,0x00
"ch0","data",310.2835245,0.000082,,0x00
"ch0","data",310.283609,0.000082,,0x00
"ch0","data",310.283694,0.000082,,0x00
"ch0","data",310.2837785,0.000082,,0x0A
"ch0","data",310.283863,0.000082,,0x04
"ch0","data",310.2839475,0.000082,,0x00
"ch0","data",310.2840325,0.000082,,0x00
"ch0","data",310.284117,0.000082,,0x00
"ch0","data",310.2842015,0.000082,,0x00
"ch0","data",310.284286,0.000082,,0x00
"ch0","data",310.284371,0.000082,,0x00
"ch0","data",310.2844555,0.000082,,0x06
"ch0","data",310.2845405,0.000082,,0x01
"ch0","data",310.284625,0.000082,,0x00
"ch0","data",310.2847095,0.000082,,0x00
"ch0","data",310.2847945,0.000082,,0x00
"ch0","data",310.284879,0.000082,,0x00
"ch0","data",310.2849635,0.000082,,0x00
"ch0","data",310.2850485,0.000082,,0x00
"ch0","data",310.285133,0.000082,,0x4D
"ch0","data",310.285218,0.000082,,0x3E
"ch0","data",310.2853025,0.000082,,0x7D
"ch0","data",310.318877,0.000082,,0xDD
"ch0","data",310.3189615,0.000082,,0x01
"ch0","data",310.319046,0.000082,,0x00
"ch0","data",310.319131,0.000082,,0x0C
"ch0","data",310.3192155,0.000082,,0x54
"ch0","data",310.3193,0.000082,,0x58
"ch0","data",310.319385,0.000082,,0x20
"ch0","data",310.3194695,0.000082,,0x73
"ch0","data",310.3195545,0.000082,,0x75
"ch0","data",310.319639,0.000082,,0x63
"ch0","data",310.3197235,0.000082,,0x63
"ch0","data",310.319808,0.000082,,0x65
"ch0","data",310.319893,0.000082,,0x65
"ch0","data",310.3199775,0.000082,,0x64
"ch0","data",310.320062,0.000082,,0x65
"ch0","data",310.3201465,0.000082,,0x64
"ch0","data",313.3221855,0.000082,,0xDD
"ch0","data",313.32227,0.000082,,0x02
"ch0","data",313.3223545,0.000082,,0x00
"ch0","data",313.3224395,0.000082,,0x3B
"ch0","data",313.322524,0.000082,,0x00
"ch0","data",313.3226085,0.000082,,0x7B
"ch0","data",313.322693,0.000082,,0x38
"ch0","data",313.322778,0.000082,,0x00
"ch0","data",313.3228625,0.000082,,0x11
"ch0","data",313.322947,0.000082,,0x00
"ch0","data",313.3230315,0.000082,,0x01
"ch0","data",313.3231165,0.000082,,0x00
"ch0","data",313.323201,0.000082,,0x00
"ch0","data",313.323286,0.000082,,0x00
"ch0","data",313.3233705,0.000082,,0x01
"ch0","data",313.323455,0.000082,,0x00
"ch0","data",313.32354,0.000082,,0x46
"ch0","data",313.3236245,0.000082,,0x81
"ch0","data",313.323709,0.000082,,0x9E
"ch0","data",313.323794,0.000082,,0xE3
"ch0","data",313.3238785,0.000082,,0x00
"ch0","data",313.323963,0.000082,,0x1D
"ch0","data",313.3240475,0.000082,,0x00
"ch0","data",313.3241325,0.000082,,0x0F
"ch0","data",313.324217,0.000082,,0x20
"ch0","data",313.324302,0.000082,,0x00
"ch0","data",313.3243865,0.000082,,0x00
"ch0","data",313.324471,0.000082,,0x0B
"ch0","data",313.324556,0.000082,,0xA5
"ch0","data",313.3246405,0.000082,,0x27
"ch0","data",313.3247255,0.000082,,0x56
"ch0","data",313.32481,0.000082,,0x93
"ch0","data",313.3248945,0.000082,,0x00
"ch0","data",313.3249795,0.000082,,0x00
"ch0","data",313.325064,0.000082,,0x00
"ch0","data",313.325149,0.000082,,0x00
"ch0","data",313.3252335,0.000082,,0x00
"ch0","data",313.325318,0.000082,,0x00
"ch0","data",313.325403,0.000082,,0x61
"ch0","data",313.3254875,0.000082,,0x07
"ch0","data",313.325572,0.000082,,0x73
"ch0","data",313.325657,0.000082,,0x62
"ch0","data",313.3257415,0.000082,,0x28
"ch0","data",313.325826,0.000082,,0x00
"ch0","data",313.3259105,0.000082,,0x66
"ch0","data",313.3259955,0.000082,,0x00
"ch0","data",313.32608,0.000082,,0x00
"ch0","data",313.326165,0.000082,,0x88
"ch0","data",313.3262495,0.000082,,0x00
"ch0","data",313.326334,0.000082,,0x00
"ch0","data",313.3264185,0.000082,,0x98
"ch0","data",313.3265035,0.000082,,0x00
"ch0","data",313.326588,0.000082,,0x9F
"ch0","data",313.3266725,0.000082,,0x00
"ch0","data",313.326757,0.000082,,0x09
"ch0","data",313.326842,0.000082,,0x00
"ch0","data",313.3269265,0.000082,,0x00
"ch0","data",313.327011,0.000082,,0x00
"ch0","data",313.3270955,0.000082,,0x67
"ch0","data",313.32718,0.000082,,0x0E
"ch0","data",313.327265,0.000082,,0xB7
"ch0","data",313.3273495,0.000082,,0x82
"ch0","data",313.327434,0.000082,,0x7D
"ch0","data",313.3773555,0.000082,,0xDD
"ch0","data",313.37744,0.000082,,0x02
"ch0","data",313.377525,0.000082,,0x00
"ch0","data",313.3776095,0.000082,,0x0F
"ch0","data",313.377694,0.000082,,0x00
"ch0","data",313.377779,0.000082,,0x7B
"ch0","data",313.3778635,0.000082,,0x0C
"ch0","data",313.377948,0.000082,,0x00
"ch0","data",313.378033,0.000082,,0x11
"ch0","data",313.3781175,0.000082,,0x00
"ch0","data",313.378202,0.000082,,0x00
"ch0","data",313.3782865,0.000082,,0x00
"ch0","data",313.378371,0.000082,,0x00
"ch0","data",313.378456,0.000082,,0x00
"ch0","data",313.3785405,0.000082,,0x01
"ch0","data",313.378625,0.000082,,0x00
"ch0","data",313.37871,0.000082,,0x61
"ch0","data",313.3787945,0.000082,,0x76
"ch0","data",313.378879,0.000082,,0x7D
"ch1","data",313.8264645,0.000082,,0x0D
"ch1","data",313.826551,0.000082,,0x0A
"ch1","data",313.826638,0.000082,,0x00
"ch1","data",313.8267245,0.000082,,0x7B
"ch1","data",313.8268115,0.000082,,0x38
"ch1","data",313.826898,0.000082,,0x00
"ch1","data",313.826985,0.000082,,0x01
"ch1","data",313.8270715,0.000082,,0x00
"ch1","data",313.8271585,0.000082,,0x05
"ch1","data",313.827245,0.000082,,0x00
"ch1","data",313.827332,0.000082,,0x01
"ch1","data",313.8274185,0.000082,,0x00
"ch1","data",313.8275055,0.000082,,0x00
"ch1","data",313.827592,0.000082,,0x00
"ch1","data",313.827679,0.000082,,0x46
"ch1","data",313.8277655,0.000082,,0x81
"ch1","data",313.8278525,0.000082,,0x9E
"ch1","data",313.827939,0.000082,,0xE3
"ch1","data",313.828026,0.000082,,0x00
"ch1","data",313.8281125,0.000082,,0x1D
"ch1","data",313.8281995,0.000082,,0x00
"ch1","data",313.828286,0.000082,,0x0F
"ch1","data",313.828373,0.000082,,0x00
"ch1","data",313.8284595,0.000082,,0x01
"ch1","data",313.8285465,0.000082,,0x00
"ch1","data",313.828633,0.000082,,0x00
"ch1","data",313.82872,0.000082,,0x00
"ch1","data",313.8288065,0.000082,,0x00
"ch1","data",313.8288935,0.000082,,0x00
"ch1","data",313.82898,0.000082,,0x00
"ch1","data",313.829067,0.000082,,0x09
"ch1","data",313.8291535,0.000082,,0x00
"ch1","data",313.8292405,0.000082,,0x16
"ch1","data",313.829327,0.000082,,0x25
"ch1","data",313.829414,0.000082,,0x61
"ch1","data",313.8295005,0.000082,,0x07
"ch1","data",313.8295875,0.000082,,0x73
"ch1","data",313.829674,0.000082,,0x62
"ch1","data",313.829761,0.000082,,0x00
"ch1","data",313.8298475,0.000082,,0x00
"ch1","data",313.8299345,0.000082,,0xFF
"ch1","data",313.830021,0.000082,,0x04
"ch1","data",313.830108,0.000082,,0xFF
"ch1","data",313.8301945,0.000082,,0x0F
"ch1","data",313.8302815,0.000082,,0x04
"ch1","data",313.830368,0.000082,,0x40
"ch1","data",313.830455,0.000082,,0x0C
"ch1","data",313.8305415,0.000082,,0xFE
"ch1","data",313.8306285,0.000082,,0x00
"ch1","data",313.830715,0.000082,,0x00
"ch1","data",313.830802,0.000082,,0x00
"ch1","data",313.8308885,0.000082,,0x01
"ch1","data",313.8309755,0.000082,,0x00
"ch1","data",313.831062,0.000082,,0x13
"ch1","data",313.831149,0.000082,,0x00
"ch1","data",313.8312355,0.000082,,0x00
"ch1","data",313.8313225,0.000082,,0x2C
"ch1","data",313.831409,0.000082,,0xCC
"ch1","data",313.831496,0.000082,,0xBF
"ch1","data",313.8315825,0.000082,,0xCF
"ch1","data",313.8316695,0.000082,,0x7D
"ch1","data",313.831756,0.000082,,0x0D
"ch1","data",313.831843,0.000082,,0x0A
"ch1","data",313.8319295,0.000082,,0x0D
"ch1","data",313.8320165,0.000082,,0x0A
"ch1","data",313.832103,0.000082,,0x00
"ch1","data",313.83219,0.000082,,0x7B
"ch1","data",313.8322765,0.000082,,0x38
"ch1","data",313.8323635,0.000082,,0x00
"ch1","data",313.83245,0.000082,,0x01
"ch1","data",313.832537,0.000082,,0x00
"ch1","data",313.8326235,0.000082,,0x05
"ch1","data",313.8327105,0.000082,,0x00
"ch1","data",313.832797,0.000082,,0x01
"ch1","data",313.832884,0.000082,,0x00
"ch1","data",313.8329705,0.000082,,0x00
"ch1","data",313.8330575,0.000082,,0x00
"ch1","data",313.833144,0.000082,,0x00
"ch1","data",313.833231,0.000082,,0x12
"ch1","data",313.8333175,0.000082,,0x4B
"ch1","data",313.8334045,0.000082,,0x00
"ch1","data",313.833491,0.000082,,0x38
"ch1","data",313.833578,0.000082,,0x0D
"ch1","data",313.8336645,0.000082,,0x16
"ch1","data",313.8337515,0.000082,,0xFD
"ch1","data",313.833838,0.000082,,0x00
"ch1","data",313.833925,0.000082,,0x00
"ch1","data",313.8340115,0.000082,,0x00
"ch1","data",313.8340985,0.000082,,0x00
"ch1","data",313.834185,0.000082,,0x64
"ch1","data",313.834272,0.000082,,0x00
"ch1","data",313.8343585,0.000082,,0x00
"ch1","data",313.8344455,0.000082,,0x00
"ch1","data",313.834532,0.000082,,0x3E
"ch1","data",313.834619,0.000082,,0x00
"ch1","data",313.8347055,0.000082,,0xFF
"ch1","data",313.8347925,0.000082,,0x41
"ch1","data",313.834879,0.000082,,0x04
"ch1","data",313.834966,0.000082,,0x00
"ch1","data",313.8350525,0.000082,,0x00
"ch1","data",313.8351395,0.000082,,0x00
"ch1","data",313.835226,0.000082,,0x90
"ch1","data",313.835313,0.000082,,0x01
"ch1","data",313.8353995,0.000082,,0x14
"ch1","data",313.8354865,0.000082,,0x00
"ch1","data",313.835573,0.000082,,0x00
"ch1","data",313.83566,0.000082,,0x00
"ch1","data",313.8357465,0.000082,,0x00
"ch1","data",313.8358335,0.000082,,0x00
"ch1","data",313.83592,0.000082,,0x00
"ch1","data",313.836007,0.000082,,0x00
"ch1","data",313.8360935,0.000082,,0x00
"ch1","data",313.8361805,0.000082,,0x00
"ch1","data",313.836267,0.000082,,0x00
"ch1","data",313.836354,0.000082,,0x00
"ch1","data",313.8364405,0.000082,,0x00
"ch1","data",313.8365275,0.000082,,0x00
"ch1","data",313.836614,0.000082,,0x00
"ch1","data",313.836701,0.000082,,0x00
"ch1","data",313.8367875,0.000082,,0x00
"ch1","data",313.8368745,0.000082,,0x00
"ch1","data",313.836961,0.000082,,0x5F
"ch1","data",313.837048,0.000082,,0xBB
"ch1","data",313.8371345,0.000082,,0x7D
"ch1","data",313.8372215,0.000082,,0x0D
"ch1","data",313.837308,0.000082,,0x0A
"ch1","data",313.837395,0.000082,,0x0D
"ch1","data",313.8374815,0.000082,,0x0A
"ch1","data",313.8375685,0.000082,,0x0D
"ch1","data",313.837655,0.000082,,0x0A
"ch1","data",313.837742,0.000082,,0x00
"ch1","data",313.8378285,0.000082,,0x7B
"ch1","data",313.8379155,0.000082,,0x0C
"ch1","data",313.838002,0.000082,,0x00
"ch1","data",313.838089,0.000082,,0x01
"ch1","data",313.8381755,0.000082,,0x00
"ch1","data",313.8382625,0.000082,,0x03
"ch1","data",313.838349,0.000082,,0x00
"ch1","data",313.838436,0.000082,,0x01
"ch1","data",313.8385225,0.000082,,0x00
"ch1","data",313.8386095,0.000082,,0x00
"ch1","data",313.838696,0.000082,,0x00
"ch1","data",313.838783,0.000082,,0xB0
"ch1","data",313.8388695,0.000082,,0xC0
"ch1","data",313.8389565,0.000082,,0x7D
"ch1","data",313.839043,0.000082,,0x0D
"ch1","data",313.83913,0.000082,,0x0A
"ch0","data",319.5391915,0.000082,,0xDD
"ch0","data",319.539276,0.000082,,0x02
"ch0","data",319.5393605,0.000082,,0x00
"ch0","data",319.5394455,0.000082,,0x3B
"ch0","data",319.53953,0.000082,,0x00
"ch0","data",319.5396145,0.000082,,0x7B
"ch0","data",319.5396995,0.000082,,0x38
"ch0","data",319.539784,0.000082,,0x00
"ch0","data",319.539869,0.000082,,0x11
"ch0","data",319.5399535,0.000082,,0x00
"ch0","data",319.540038,0.000082,,0x01
"ch0","data",319.540123,0.000082,,0x00
"ch0","data",319.5402075,0.000082,,0x00
"ch0","data",319.5402925,0.000082,,0x00
"ch0","data",319.540377,0.000082,,0x01
"ch0","data",319.5404615,0.000082,,0x00
"ch0","data",319.5405465,0.000082,,0x46
"ch0","data",319.540631,0.000082,,0x81
"ch0","data",319.5407155,0.000082,,0x9E
"ch0","data",319.5408,0.000082,,0xE3
"ch0","data",319.540885,0.000082,,0x00
"ch0","data",319.5409695,0.000082,,0x1D
"ch0","data",319.541054,0.000082,,0x00
"ch0","data",319.5411385,0.000082,,0x0F
"ch0","data",319.541223,0.000082,,0x20
"ch0","data",319.5413075,0.000082,,0x00
"ch0","data",319.5413925,0.000082,,0x00
"ch0","data",319.541477,0.000082,,0x0B
"ch0","data",319.541562,0.000082,,0xA5
"ch0","data",319.5416465,0.000082,,0x27
"ch0","data",319.541731,0.000082,,0x56
"ch0","data",319.5418155,0.000082,,0x93
"ch0","data",319.5419,0.000082,,0x00
"ch0","data",319.541985,0.000082,,0x00
"ch0","data",319.5420695,0.000082,,0x00
"ch0","data",319.542154,0.000082,,0x00
"ch0","data",319.5422385,0.000082,,0x00
"ch0","data",319.542323,0.000082,,0x00
"ch0","data",319.5424075,0.000082,,0x61
"ch0","data",319.5424925,0.000082,,0x07
"ch0","data",319.542577,0.000082,,0x73
"ch0","data",319.5426615,0.000082,,0x62
"ch0","data",319.542746,0.000082,,0x28
"ch0","data",319.5428305,0.000082,,0x00
"ch0","data",319.5429155,0.000082,,0x66
"ch0","data",319.543,0.000082,,0x00
"ch0","data",319.5430845,0.000082,,0x00
"ch0","data",319.543169,0.000082,,0x88
"ch0","data",319.543254,0.000082,,0x00
"ch0","data",319.5433385,0.000082,,0x00
"ch0","data",319.543423,0.000082,,0x98
"ch0","data",319.543508,0.000082,,0x00
"ch0","data",319.5435925,0.000082,,0x9F
"ch0","data",319.543677,0.000082,,0x00
"ch0","data",319.5437615,0.000082,,0x09
"ch0","data",319.543846,0.000082,,0x00
"ch0","data",319.543931,0.000082,,0x00
"ch0","data",319.5440155,0.000082,,0x00
"ch0","data",319.5441005,0.000082,,0x67
"ch0","data",319.544185,0.000082,,0x0E
"ch0","data",319.5442695,0.000082,,0xB7
"ch0","data",319.5443545,0.000082,,0x82
"ch0","data",319.544439,0.000082,,0x7D
"ch0","data",319.5445235,0.000082,,0xDD
"ch0","data",319.544608,0.000082,,0x02
"ch0","data",319.544693,0.000082,,0x00
"ch0","data",319.5447775,0.000082,,0x0F
"ch0","data",319.544862,0.000082,,0x00
"ch0","data",319.5449465,0.000082,,0x7B
"ch0","data",319.545031,0.000082,,0x0C
"ch0","data",319.545116,0.000082,,0x00
"ch0","data",319.5452005,0.000082,,0x11
"ch0","data",319.5452855,0.000082,,0x00
"ch0","data",319.54537,0.000082,,0x00
"ch0","data",319.5454545,0.000082,,0x00
"ch0","data",319.5455395,0.000082,,0x00
"ch0","data",319.545624,0.000082,,0x00
"ch0","data",319.5457085,0.000082,,0x01
"ch0","data",319.545793,0.000082,,0x00
"ch0","data",319.5458775,0.000082,,0x61
"ch0","data",319.5459625,0.000082,,0x76
"ch0","data",319.546047,0.000082,,0x7D
"ch1","data",320.7922905,0.000082,,0x0D
"ch1","data",320.7923775,0.000082,,0x0A
"ch1","data",320.792464,0.000082,,0x00
"ch1","data",320.792551,0.000082,,0x7B
"ch1","data",320.7926375,0.000082,,0x38
"ch1","data",320.7927245,0.000082,,0x00
"ch1","data",320.792811,0.000082,,0x01
"ch1","data",320.792898,0.000082,,0x00
"ch1","data",320.7929845,0.000082,,0x05
"ch1","data",320.7930715,0.000082,,0x00
"ch1","data",320.793158,0.000082,,0x01
"ch1","data",320.793245,0.000082,,0x00
"ch1","data",320.7933315,0.000082,,0x00
"ch1","data",320.7934185,0.000082,,0x00
"ch1","data",320.793505,0.000082,,0x46
"ch1","data",320.793592,0.000082,,0x81
"ch1","data",320.7936785,0.000082,,0x9E
"ch1","data",320.7937655,0.000082,,0xE3
"ch1","data",320.793852,0.000082,,0x00
"ch1","data",320.793939,0.000082,,0x1D
"ch1","data",320.7940255,0.000082,,0x00
"ch1","data",320.7941125,0.000082,,0x0F
"ch1","data",320.794199,0.000082,,0x00
"ch1","data",320.794286,0.000082,,0x01
"ch1","data",320.7943725,0.000082,,0x00
"ch1","data",320.7944595,0.000082,,0x00
"ch1","data",320.794546,0.000082,,0x00
"ch1","data",320.794633,0.000082,,0x00
"ch1","data",320.7947195,0.000082,,0x00
"ch1","data",320.7948065,0.000082,,0x00
"ch1","data",320.794893,0.000082,,0x09
"ch1","data",320.79498,0.000082,,0x00
"ch1","data",320.7950665,0.000082,,0x16
"ch1","data",320.7951535,0.000082,,0x25
"ch1","data",320.79524,0.000082,,0x61
"ch1","data",320.795327,0.000082,,0x07
"ch1","data",320.7954135,0.000082,,0x73
"ch1","data",320.7955005,0.000082,,0x62
"ch1","data",320.795587,0.000082,,0x00
"ch1","data",320.795674,0.000082,,0x00
"ch1","data",320.7957605,0.000082,,0xFF
"ch1","data",320.7958475,0.000082,,0x04
"ch1","data",320.795934,0.000082,,0xFF
"ch1","data",320.796021,0.000082,,0x0F
"ch1","data",320.7961075,0.000082,,0x04
"ch1","data",320.7961945,0.000082,,0x40
"ch1","data",320.796281,0.000082,,0x0C
"ch1","data",320.796368,0.000082,,0xFE
"ch1","data",320.7964545,0.000082,,0x00
"ch1","data",320.7965415,0.000082,,0x00
"ch1","data",320.796628,0.000082,,0x00
"ch1","data",320.796715,0.000082,,0x01
"ch1","data",320.7968015,0.000082,,0x00
"ch1","data",320.7968885,0.000082,,0x13
"ch1","data",320.796975,0.000082,,0x00
"ch1","data",320.797062,0.000082,,0x00
"ch1","data",320.7971485,0.000082,,0x2C
"ch1","data",320.7972355,0.000082,,0xCC
"ch1","data",320.797322,0.000082,,0xBF
"ch1","data",320.797409,0.000082,,0xCF
"ch1","data",320.7974955,0.000082,,0x7D
"ch1","data",320.7975825,0.000082,,0x0D
"ch1","data",320.797669,0.000082,,0x0A
"ch1","data",320.797756,0.000082,,0x0D
"ch1","data",320.7978425,0.000082,,0x0A
"ch1","data",320.7979295,0.000082,,0x00
"ch1","data",320.798016,0.000082,,0x7B
"ch1","data",320.798103,0.000082,,0x38
"ch1","data",320.7981895,0.000082,,0x00
"ch1","data",320.7982765,0.000082,,0x01
"ch1","data",320.798363,0.000082,,0x00
"ch1","data",320.79845,0.000082,,0x05
"ch1","data",320.7985365,0.000082,,0x00
"ch1","data",320.7986235,0.000082,,0x01
"ch1","data",320.79871,0.000082,,0x00
"ch1","data",320.798797,0.000082,,0x00
"ch1","data",320.7988835,0.000082,,0x00
"ch1","data",320.7989705,0.000082,,0x00
"ch1","data",320.799057,0.000082,,0x12
"ch1","data",320.799144,0.000082,,0x4B
"ch1","data",320.7992305,0.000082,,0x00
"ch1","data",320.7993175,0.000082,,0x38
"ch1","data",320.799404,0.000082,,0x0D
"ch1","data",320.799491,0.000082,,0x16
"ch1","data",320.7995775,0.000082,,0xFD
"ch1","data",320.7996645,0.000082,,0x00
"ch1","data",320.799751,0.000082,,0x00
"ch1","data",320.799838,0.000082,,0x00
"ch1","data",320.7999245,0.000082,,0x00
"ch1","data",320.8000115,0.000082,,0x64
"ch1","data",320.800098,0.000082,,0x00
"ch1","data",320.800185,0.000082,,0x00
"ch1","data",320.8002715,0.000082,,0x00
"ch1","data",320.8003585,0.000082,,0x3E
"ch1","data",320.800445,0.000082,,0x00
"ch1","data",320.800532,0.000082,,0xFF
"ch1","data",320.8006185,0.000082,,0x41
"ch1","data",320.8007055,0.000082,,0x04
"ch1","data",320.800792,0.000082,,0x00
"ch1","data",320.800879,0.000082,,0x00
"ch1","data",320.8009655,0.000082,,0x00
"ch1","data",320.8010525,0.000082,,0x90
"ch1","data",320.801139,0.000082,,0x01
"ch1","data",320.801226,0.000082,,0x14
"ch1","data",320.8013125,0.000082,,0x00
"ch1","data",320.8013995,0.000082,,0x00
"ch1","data",320.801486,0.000082,,0x00
"ch1","data",320.801573,0.000082,,0x00
"ch1","data",320.8016595,0.000082,,0x00
"ch1","data",320.8017465,0.000082,,0x00
"ch1","data",320.801833,0.000082,,0x00
"ch1","data",320.80192,0.000082,,0x00
"ch1","data",320.8020065,0.000082,,0x00
"ch1","data",320.8020935,0.000082,,0x00
"ch1","data",320.80218,0.000082,,0x00
"ch1","data",320.802267,0.000082,,0x00
"ch1","data",320.8023535,0.000082,,0x00
"ch1","data",320.8024405,0.000082,,0x00
"ch1","data",320.802527,0.000082,,0x00
"ch1","data",320.802614,0.000082,,0x00
"ch1","data",320.8027005,0.000082,,0x00
"ch1","data",320.8027875,0.000082,,0x5F
"ch1","data",320.802874,0.000082,,0xBB
"ch1","data",320.802961,0.000082,,0x7D
"ch1","data",320.8030475,0.000082,,0x0D
"ch1","data",320.8031345,0.000082,,0x0A
"ch1","data",320.803221,0.000082,,0x0D
"ch1","data",320.803308,0.000082,,0x0A
"ch1","data",320.8033945,0.000082,,0x0D
"ch1","data",320.8034815,0.000082,,0x0A
"ch1","data",320.803568,0.000082,,0x00
"ch1","data",320.803655,0.000082,,0x7B
"ch1","data",320.8037415,0.000082,,0x0C
"ch1","data",320.8038285,0.000082,,0x00
"ch1","data",320.803915,0.000082,,0x01
"ch1","data",320.804002,0.000082,,0x00
"ch1","data",320.8040885,0.000082,,0x03
"ch1","data",320.8041755,0.000082,,0x00
"ch1","data",320.804262,0.000082,,0x01
"ch1","data",320.804349,0.000082,,0x00
"ch1","data",320.8044355,0.000082,,0x00
"ch1","data",320.8045225,0.000082,,0x00
"ch1","data",320.804609,0.000082,,0xB0
"ch1","data",320.804696,0.000082,,0xC0
"ch1","data",320.8047825,0.000082,,0x7D
"ch1","data",320.8048695,0.000082,,0x0D
"ch1","data",320.804956,0.000082,,0x0A
"ch0","data",325.9412265,0.000082,,0xDD
"ch0","data",325.941311,0.000082,,0x02
"ch0","data",325.941396,0.000082,,0x00
"ch0","data",325.9414805,0.000082,,0x3B
"ch0","data",325.941565,0.000082,,0x00
"ch0","data",325.94165,0.000082,,0x7B
"ch0","data",325.9417345,0.000082,,0x38
"ch0","data",325.9418195,0.000082,,0x00
"ch0","data",325.941904,0.000082,,0x11
"ch0","data",325.9419885,0.000082,,0x00
"ch0","data",325.942073,0.000082,,0x01
"ch0","data",325.942158,0.000082,,0x00
"ch0","data",325.9422425,0.000082,,0x00
"ch0","data",325.9423275,0.000082,,0x00
"ch0","data",325.942412,0.000082,,0x01
"ch0","data",325.9424965,0.000082,,0x00
"ch0","data",325.9425815,0.000082,,0x46
"ch0","data",325.942666,0.000082,,0x81
"ch0","data",325.942751,0.000082,,0x9E
"ch0","data",325.9428355,0.000082,,0xE3
"ch0","data",325.94292,0.000082,,0x00
"ch0","data",325.9430045,0.000082,,0x1D
"ch0","data",325.9430895,0.000082,,0x00
"ch0","data",325.943174,0.000082,,0x0F
"ch0","data",325.943259,0.000082,,0x20
"ch0","data",325.9433435,0.000082,,0x00
"ch0","data",325.943428,0.000082,,0xF9
"ch0","data",325.943513,0.000082,,0x0A
"ch0","data",325.9435975,0.000082,,0xA5
"ch0","data",325.9436825,0.000082,,0x27
"ch0","data",325.943767,0.000082,,0x56
"ch0","data",325.9438515,0.000082,,0x8B
"ch0","data",325.943936,0.000082,,0x00
"ch0","data",325.944021,0.000082,,0x00
"ch0","data",325.9441055,0.000082,,0x00
"ch0","data",325.94419,0.000082,,0x00
"ch0","data",325.944275,0.000082,,0x00
"ch0","data",325.9443595,0.000082,,0x00
"ch0","data",325.9444445,0.000082,,0x61
"ch0","data",325.944529,0.000082,,0x07
"ch0","data",325.9446135,0.000082,,0x73
"ch0","data",325.9446985,0.000082,,0x62
"ch0","data",325.944783,0.000082,,0x28
"ch0","data",325.9448675,0.000082,,0x00
"ch0","data",325.9449525,0.000082,,0x68
"ch0","data",325.945037,0.000082,,0x00
"ch0","data",325.945122,0.000082,,0x00
"ch0","data",325.9452065,0.000082,,0x88
"ch0","data",325.945291,0.000082,,0x00
"ch0","data",325.945376,0.000082,,0x00
"ch0","data",325.9454605,0.000082,,0x98
"ch0","data",325.9455455,0.000082,,0x00
"ch0","data",325.94563,0.000082,,0x9F
"ch0","data",325.9457145,0.000082,,0x00
"ch0","data",325.9457995,0.000082,,0x09
"ch0","data",325.945884,0.000082,,0x00
"ch0","data",325.945969,0.000082,,0x00
"ch0","data",325.9460535,0.000082,,0x00
"ch0","data",325.946138,0.000082,,0x54
"ch0","data",325.9462225,0.000082,,0x0E
"ch0","data",325.9463075,0.000082,,0x86
"ch0","data",325.946392,0.000082,,0xA8
"ch0","data",325.946477,0.000082,,0x7D
"ch0","data",325.9465615,0.000082,,0xDD
"ch0","data",325.946646,0.000082,,0x02
"ch0","data",325.9467305,0.000082,,0x00
"ch0","data",325.9468155,0.000082,,0x0F
"ch0","data",325.9469,0.000082,,0x00
"ch0","data",325.9469845,0.000082,,0x7B
"ch0","data",325.9470695,0.000082,,0x0C
"ch0","data",325.947154,0.000082,,0x00
"ch0","data",325.9472385,0.000082,,0x11
"ch0","data",325.947323,0.000082,,0x00
"ch0","data",325.947408,0.000082,,0x00
"ch0","data",325.9474925,0.000082,,0x00
"ch0","data",325.947577,0.000082,,0x00
"ch0","data",325.9476615,0.000082,,0x00
"ch0","data",325.9477465,0.000082,,0x01
"ch0","data",325.947831,0.000082,,0x00
"ch0","data",325.9479155,0.000082,,0x61
"ch0","data",325.9480005,0.000082,,0x76
"ch0","data",325.948085,0.000082,,0x7D
"ch0","data",325.9481695,0.000082,,0xDD
"ch0","data",325.948254,0.000082,,0x02
"ch0","data",325.9483385,0.000082,,0x00
"ch0","data",325.9484235,0.000082,,0x0F
"ch0","data",325.948508,0.000082,,0x00
"ch0","data",325.9485925,0.000082,,0x7B
"ch0","data",325.9486775,0.000082,,0x0C
"ch0","data",325.948762,0.000082,,0x00
"ch0","data",325.9488465,0.000082,,0x11
"ch0","data",325.948931,0.000082,,0x00
"ch0","data",325.949016,0.000082,,0x0B
"ch0","data",325.9491005,0.000082,,0x00
"ch0","data",325.949185,0.000082,,0x00
"ch0","data",325.9492695,0.000082,,0x00
"ch0","data",325.9493545,0.000082,,0x01
"ch0","data",325.949439,0.000082,,0x00
"ch0","data",325.9495235,0.000082,,0xC3
"ch0","data",325.949608,0.000082,,0xB5
"ch0","data",325.949693,0.000082,,0x7D
"ch1","data",326.236503,0.000082,,0x0D
"ch1","data",326.23659,0.000082,,0x0A
"ch1","data",326.2366765,0.000082,,0x00
"ch1","data",326.2367635,0.000082,,0x7B
"ch1","data",326.23685,0.000082,,0x38
"ch1","data",326.236937,0.000082,,0x00
"ch1","data",326.2370235,0.000082,,0x01
"ch1","data",326.2371105,0.000082,,0x00
"ch1","data",326.237197,0.000082,,0x05
"ch1","data",326.237284,0.000082,,0x00
"ch1","data",326.2373705,0.000082,,0x01
"ch1","data",326.2374575,0.000082,,0x00
"ch1","data",326.237544,0.000082,,0x00
"ch1","data",326.237631,0.000082,,0x00
"ch1","data",326.2377175,0.000082,,0x46
"ch1","data",326.2378045,0.000082,,0x81
"ch1","data",326.237891,0.000082,,0x9E
"ch1","data",326.237978,0.000082,,0xE3
"ch1","data",326.2380645,0.000082,,0x00
"ch1","data",326.2381515,0.000082,,0x1D
"ch1","data",326.238238,0.000082,,0x00
"ch1","data",326.238325,0.000082,,0x0F
"ch1","data",326.2384115,0.000082,,0x00
"ch1","data",326.2384985,0.000082,,0x01
"ch1","data",326.238585,0.000082,,0x00
"ch1","data",326.238672,0.000082,,0x00
"ch1","data",326.2387585,0.000082,,0x00
"ch1","data",326.2388455,0.000082,,0x00
"ch1","data",326.238932,0.000082,,0x00
"ch1","data",326.239019,0.000082,,0x00
"ch1","data",326.2391055,0.000082,,0x09
"ch1","data",326.2391925,0.000082,,0x00
"ch1","data",326.239279,0.000082,,0x16
"ch1","data",326.239366,0.000082,,0x25
"ch1","data",326.2394525,0.000082,,0x61
"ch1","data",326.2395395,0.000082,,0x07
"ch1","data",326.239626,0.000082,,0x73
"ch1","data",326.239713,0.000082,,0x62
"ch1","data",326.2397995,0.000082,,0x00
"ch1","data",326.2398865,0.000082,,0x00
"ch1","data",326.239973,0.000082,,0xFF
"ch1","data",326.24006,0.000082,,0x04
"ch1","data",326.2401465,0.000082,,0xFF
"ch1","data",326.2402335,0.000082,,0x0F
"ch1","data",326.24032,0.000082,,0x04
"ch1","data",326.240407,0.000082,,0x40
"ch1","data",326.2404935,0.000082,,0x0C
"ch1","data",326.2405805,0.000082,,0xFE
"ch1","data",326.240667,0.000082,,0x00
"ch1","data",326.240754,0.000082,,0x00
"ch1","data",326.2408405,0.000082,,0x00
"ch1","data",326.2409275,0.000082,,0x01
"ch1","data",326.241014,0.000082,,0x00
"ch1","data",326.241101,0.000082,,0x13
"ch1","data",326.2411875,0.000082,,0x00
"ch1","data",326.2412745,0.000082,,0x00
"ch1","data",326.241361,0.000082,,0x2C
"ch1","data",326.241448,0.000082,,0xCC
"ch1","data",326.2415345,0.000082,,0xBF
"ch1","data",326.2416215,0.000082,,0xCF
"ch1","data",326.241708,0.000082,,0x7D
"ch1","data",326.241795,0.000082,,0x0D
"ch1","data",326.2418815,0.000082,,0x0A
"ch1","data",326.2419685,0.000082,,0x0D
"ch1","data",326.242055,0.000082,,0x0A
"ch1","data",326.242142,0.000082,,0x00
"ch1","data",326.2422285,0.000082,,0x7B
"ch1","data",326.2423155,0.000082,,0x38
"ch1","data",326.242402,0.000082,,0x00
"ch1","data",326.242489,0.000082,,0x01
"ch1","data",326.2425755,0.000082,,0x00
"ch1","data",326.2426625,0.000082,,0x05
"ch1","data",326.242749,0.000082,,0x00
"ch1","data",326.242836,0.000082,,0x01
"ch1","data",326.2429225,0.000082,,0x00
"ch1","data",326.2430095,0.000082,,0x00
"ch1","data",326.243096,0.000082,,0x00
"ch1","data",326.243183,0.000082,,0x00
"ch1","data",326.2432695,0.000082,,0x12
"ch1","data",326.2433565,0.000082,,0x4B
"ch1","data",326.243443,0.000082,,0x00
"ch1","data",326.24353,0.000082,,0x38
"ch1","data",326.2436165,0.000082,,0x0D
"ch1","data",326.2437035,0.000082,,0x16
"ch1","data",326.24379,0.000082,,0xFD
"ch1","data",326.243877,0.000082,,0x00
"ch1","data",326.2439635,0.000082,,0x00
"ch1","data",326.2440505,0.000082,,0x00
"ch1","data",326.244137,0.000082,,0x00
"ch1","data",326.244224,0.000082,,0x64
"ch1","data",326.2443105,0.000082,,0x00
"ch1","data",326.2443975,0.000082,,0x00
"ch1","data",326.244484,0.000082,,0x00
"ch1","data",326.244571,0.000082,,0x3E
"ch1","data",326.2446575,0.000082,,0x00
"ch1","data",326.2447445,0.000082,,0xFF
"ch1","data",326.244831,0.000082,,0x41
"ch1","data",326.244918,0.000082,,0x04
"ch1","data",326.2450045,0.000082,,0x00
"ch1","data",326.2450915,0.000082,,0x00
"ch1","data",326.245178,0.000082,,0x00
"ch1","data",326.245265,0.000082,,0x90
"ch1","data",326.2453515,0.000082,,0x01
"ch1","data",326.2454385,0.000082,,0x14
"ch1","data",326.245525,0.000082,,0x00
"ch1","data",326.245612,0.000082,,0x00
"ch1","data",326.2456985,0.000082,,0x00
"ch1","data",326.2457855,0.000082,,0x00
"ch1","data",326.245872,0.000082,,0x00
"ch1","data",326.245959,0.000082,,0x00
"ch1","data",326.2460455,0.000082,,0x00
"ch1","data",326.2461325,0.000082,,0x00
"ch1","data",326.246219,0.000082,,0x00
"ch1","data",326.246306,0.000082,,0x00
"ch1","data",326.2463925,0.000082,,0x00
"ch1","data",326.2464795,0.000082,,0x00
"ch1","data",326.246566,0.000082,,0x00
"ch1","data",326.246653,0.000082,,0x00
"ch1","data",326.2467395,0.000082,,0x00
"ch1","data",326.2468265,0.000082,,0x00
"ch1","data",326.246913,0.000082,,0x00
"ch1","data",326.247,0.000082,,0x5F
"ch1","data",326.2470865,0.000082,,0xBB
"ch1","data",326.2471735,0.000082,,0x7D
"ch1","data",326.24726,0.000082,,0x0D
"ch1","data",326.247347,0.000082,,0x0A
"ch1","data",326.2474335,0.000082,,0x0D
"ch1","data",326.2475205,0.000082,,0x0A
"ch1","data",326.247607,0.000082,,0x0D
"ch1","data",326.247694,0.000082,,0x0A
"ch1","data",326.2477805,0.000082,,0x00
"ch1","data",326.2478675,0.000082,,0x7B
"ch1","data",326.247954,0.000082,,0x0C
"ch1","data",326.248041,0.000082,,0x00
"ch1","data",326.2481275,0.000082,,0x01
"ch1","data",326.2482145,0.000082,,0x00
"ch1","data",326.248301,0.000082,,0x03
"ch1","data",326.248388,0.000082,,0x00
"ch1","data",326.2484745,0.000082,,0x01
"ch1","data",326.2485615,0.000082,,0x00
"ch1","data",326.248648,0.000082,,0x00
"ch1","data",326.248735,0.000082,,0x00
"ch1","data",326.2488215,0.000082,,0xB0
"ch1","data",326.2489085,0.000082,,0xC0
"ch1","data",326.248995,0.000082,,0x7D
"ch1","data",326.249082,0.000082,,0x0D
"ch1","data",326.2491685,0.000082,,0x0A
"ch1","data",326.8437955,0.000082,,0x0D
"ch1","data",326.8438825,0.000082,,0x0A
"ch1","data",326.843969,0.000082,,0x00
"ch1","data",326.844056,0.000082,,0x7B
"ch1","data",326.8441425,0.000082,,0x0C
"ch1","data",326.8442295,0.000082,,0x00
"ch1","data",326.844316,0.000082,,0x01
"ch1","data",326.844403,0.000082,,0x00
"ch1","data",326.8444895,0.000082,,0x03
"ch1","data",326.8445765,0.000082,,0x00
"ch1","data",326.844663,0.000082,,0x01
"ch1","data",326.84475,0.000082,,0x00
"ch1","data",326.8448365,0.000082,,0x00
"ch1","data",326.8449235,0.000082,,0x00
"ch1","data",326.84501,0.000082,,0xB0
"ch1","data",326.845097,0.000082,,0xC0
"ch1","data",326.8451835,0.000082,,0x7D
"ch1","data",326.8452705,0.000082,,0x0D
"ch1","data",326.845357,0.000082,,0x0A
"ch0","data",332.0226985,0.000082,,0xDD
"ch0","data",332.022783,0.000082,,0x02
"ch0","data",332.0228675,0.000082,,0x00
"ch0","data",332.0229525,0.000082,,0x3B
"ch0","data",332.023037,0.000082,,0x00
"ch0","data",332.0231215,0.000082,,0x7B
"ch0","data",332.023206,0.000082,,0x38
"ch0","data",332.0232905,0.000082,,0x00
"ch0","data",332.0233755,0.000082,,0x11
"ch0","data",332.02346,0.000082,,0x00
"ch0","data",332.0235445,0.000082,,0x01
"ch0","data",332.0236295,0.000082,,0x00
"ch0","data",332.023714,0.000082,,0x00
"ch0","data",332.023799,0.000082,,0x00
"ch0","data",332.0238835,0.000082,,0x01
"ch0","data",332.023968,0.000082,,0x00
"ch0","data",332.024053,0.000082,,0x46
"ch0","data",332.0241375,0.000082,,0x81
"ch0","data",332.024222,0.000082,,0x9E
"ch0","data",332.024307,0.000082,,0xE3
"ch0","data",332.0243915,0.000082,,0x00
"ch0","data",332.024476,0.000082,,0x1D
"ch0","data",332.024561,0.000082,,0x00
"ch0","data",332.0246455,0.000082,,0x0F
"ch0","data",332.02473,0.000082,,0x20
"ch0","data",332.0248145,0.000082,,0x00
"ch0","data",332.0248995,0.000082,,0xF9
"ch0","data",332.024984,0.000082,,0x0A
"ch0","data",332.025069,0.000082,,0xA5
"ch0","data",332.0251535,0.000082,,0x27
"ch0","data",332.025238,0.000082,,0x56
"ch0","data",332.025323,0.000082,,0x8B
"ch0","data",332.0254075,0.000082,,0x00
"ch0","data",332.025492,0.000082,,0x00
"ch0","data",332.0255765,0.000082,,0x00
"ch0","data",332.025661,0.000082,,0x00
"ch0","data",332.025746,0.000082,,0x00
"ch0","data",332.0258305,0.000082,,0x00
"ch0","data",332.025915,0.000082,,0x61
"ch0","data",332.0259995,0.000082,,0x07
"ch0","data",332.0260845,0.000082,,0x73
"ch0","data",332.026169,0.000082,,0x62
"ch0","data",332.0262535,0.000082,,0x28
"ch0","data",332.0263385,0.000082,,0x00
"ch0","data",332.026423,0.000082,,0x68
"ch0","data",332.0265075,0.000082,,0x00
"ch0","data",332.026592,0.000082,,0x00
"ch0","data",332.026677,0.000082,,0x88
"ch0","data",332.0267615,0.000082,,0x00
"ch0","data",332.026846,0.000082,,0x00
"ch0","data",332.0269305,0.000082,,0x98
"ch0","data",332.027015,0.000082,,0x00
"ch0","data",332.0271,0.000082,,0x9F
"ch0","data",332.0271845,0.000082,,0x00
"ch0","data",332.027269,0.000082,,0x09
"ch0","data",332.0273535,0.000082,,0x00
"ch0","data",332.0274385,0.000082,,0x00
"ch0","data",332.027523,0.000082,,0x00
"ch0","data",332.0276075,0.000082,,0x54
"ch0","data",332.027692,0.000082,,0x0E
"ch0","data",332.027777,0.000082,,0x86
"ch0","data",332.0278615,0.000082,,0xA8
"ch0","data",332.027946,0.000082,,0x7D
"ch0","data",332.0280305,0.000082,,0xDD
"ch0","data",332.0281155,0.000082,,0x02
"ch0","data",332.0282,0.000082,,0x00
"ch0","data",332.0282845,0.000082,,0x0F
"ch0","data",332.0283695,0.000082,,0x00
"ch0","data",332.028454,0.000082,,0x7B
"ch0","data",332.0285385,0.000082,,0x0C
"ch0","data",332.028623,0.000082,,0x00
"ch0","data",332.0287075,0.000082,,0x11
"ch0","data",332.0287925,0.000082,,0x00
"ch0","data",332.028877,0.000082,,0x00
"ch0","data",332.0289615,0.000082,,0x00
"ch0","data",332.029046,0.000082,,0x00
"ch0","data",332.029131,0.000082,,0x00
"ch0","data",332.0292155,0.000082,,0x01
"ch0","data",332.0293,0.000082,,0x00
"ch0","data",332.0293845,0.000082,,0x61
"ch0","data",332.029469,0.000082,,0x76
"ch0","data",332.029554,0.000082,,0x7D
"ch1","data",332.372204,0.000082,,0x0D
"ch1","data",332.3722905,0.000082,,0x0A
"ch1","data",332.3723775,0.000082,,0x00
"ch1","data",332.372464,0.000082,,0x7B
"ch1","data",332.372551,0.000082,,0x38
"ch1","data",332.3726375,0.000082,,0x00
"ch1","data",332.3727245,0.000082,,0x01
"ch1","data",332.372811,0.000082,,0x00
"ch1","data",332.372898,0.000082,,0x05
"ch1","data",332.3729845,0.000082,,0x00
"ch1","data",332.3730715,0.000082,,0x01
"ch1","data",332.373158,0.000082,,0x00
"ch1","data",332.373245,0.000082,,0x00
"ch1","data",332.3733315,0.000082,,0x00
"ch1","data",332.3734185,0.000082,,0x46
"ch1","data",332.373505,0.000082,,0x81
"ch1","data",332.373592,0.000082,,0x9E
"ch1","data",332.3736785,0.000082,,0xE3
"ch1","data",332.3737655,0.000082,,0x00
"ch1","data",332.373852,0.000082,,0x1D
"ch1","data",332.373939,0.000082,,0x00
"ch1","data",332.3740255,0.000082,,0x0F
"ch1","data",332.3741125,0.000082,,0x00
"ch1","data",332.374199,0.000082,,0x01
"ch1","data",332.374286,0.000082,,0x00
"ch1","data",332.3743725,0.000082,,0x00
"ch1","data",332.3744595,0.000082,,0x00
"ch1","data",332.374546,0.000082,,0x00
"ch1","data",332.374633,0.000082,,0x00
"ch1","data",332.3747195,0.000082,,0x00
"ch1","data",332.3748065,0.000082,,0x09
"ch1","data",332.374893,0.000082,,0x00
"ch1","data",332.37498,0.000082,,0x16
"ch1","data",332.3750665,0.000082,,0x25
"ch1","data",332.3751535,0.000082,,0x61
"ch1","data",332.37524,0.000082,,0x07
"ch1","data",332.375327,0.000082,,0x73
"ch1","data",332.3754135,0.000082,,0x62
"ch1","data",332.3755005,0.000082,,0x00
"ch1","data",332.375587,0.000082,,0x00
"ch1","data",332.375674,0.000082,,0xFF
"ch1","data",332.3757605,0.000082,,0x04
"ch1","data",332.3758475,0.000082,,0xFF
"ch1","data",332.375934,0.000082,,0x0F
"ch1","data",332.376021,0.000082,,0x04
"ch1","data",332.3761075,0.000082,,0x40
"ch1","data",332.3761945,0.000082,,0x0C
"ch1","data",332.376281,0.000082,,0xFE
"ch1","data",332.376368,0.000082,,0x00
"ch1","data",332.3764545,0.000082,,0x00
"ch1","data",332.3765415,0.000082,,0x00
"ch1","data",332.376628,0.000082,,0x01
"ch1","data",332.376715,0.000082,,0x00
"ch1","data",332.3768015,0.000082,,0x13
"ch1","data",332.3768885,0.000082,,0x00
"ch1","data",332.376975,0.000082,,0x00
"ch1","data",332.377062,0.000082,,0x2C
"ch1","data",332.3771485,0.000082,,0xCC
"ch1","data",332.3772355,0.000082,,0xBF
"ch1","data",332.377322,0.000082,,0xCF
"ch1","data",332.377409,0.000082,,0x7D
"ch1","data",332.3774955,0.000082,,0x0D
"ch1","data",332.3775825,0.000082,,0x0A
"ch1","data",332.377669,0.000082,,0x0D
"ch1","data",332.377756,0.000082,,0x0A
"ch1","data",332.3778425,0.000082,,0x0D
"ch1","data",332.3779295,0.000082,,0x0A
"ch1","data",332.378016,0.000082,,0x00
"ch1","data",332.378103,0.000082,,0x7B
"ch1","data",332.3781895,0.000082,,0x0C
"ch1","data",332.3782765,0.000082,,0x00
"ch1","data",332.378363,0.000082,,0x01
"ch1","data",332.37845,0.000082,,0x00
"ch1","data",332.3785365,0.000082,,0x03
"ch1","data",332.3786235,0.000082,,0x00
"ch1","data",332.37871,0.000082,,0x01
"ch1","data",332.378797,0.000082,,0x00
"ch1","data",332.3788835,0.000082,,0x00
"ch1","data",332.3789705,0.000082,,0x00
"ch1","data",332.379057,0.000082,,0xB0
"ch1","data",332.379144,0.000082,,0xC0
"ch1","data",332.3792305,0.000082,,0x7D
"ch1","data",332.3793175,0.000082,,0x0D
"ch1","data",332.379404,0.000082,,0x0A
"ch0","data",337.035716,0.000082,,0xDD
"ch0","data",337.0358005,0.000082,,0x02
"ch0","data",337.0358855,0.000082,,0x00
"ch0","data",337.03597,0.000082,,0x3B
"ch0","data",337.0360545,0.000082,,0x00
"ch0","data",337.036139,0.000082,,0x7B
"ch0","data",337.0362235,0.000082,,0x38
"ch0","data",337.0363085,0.000082,,0x00
"ch0","data",337.036393,0.000082,,0x11
"ch0","data",337.0364775,0.000082,,0x00
"ch0","data",337.036562,0.000082,,0x01
"ch0","data",337.036647,0.000082,,0x00
"ch0","data",337.0367315,0.000082,,0x00
"ch0","data",337.036816,0.000082,,0x00
"ch0","data",337.036901,0.000082,,0x01
"ch0","data",337.0369855,0.000082,,0x00
"ch0","data",337.0370705,0.000082,,0x00
"ch0","data",337.037155,0.000082,,0x12
"ch0","data",337.0372395,0.000082,,0x4B
"ch0","data",337.0373245,0.000082,,0x00
"ch0","data",337.037409,0.000082,,0x38
"ch0","data",337.0374935,0.000082,,0x0D
"ch0","data",337.037578,0.000082,,0x16
"ch0","data",337.037663,0.000082,,0xFD
"ch0","data",337.0377475,0.000082,,0x03
"ch0","data",337.037832,0.000082,,0x00
"ch0","data",337.0379165,0.000082,,0x45
"ch0","data",337.0380015,0.000082,,0x09
"ch0","data",337.038086,0.000082,,0xA5
"ch0","data",337.0381705,0.000082,,0x27
"ch0","data",337.0382555,0.000082,,0x2F
"ch0","data",337.03834,0.000082,,0x09
"ch0","data",337.0384245,0.000082,,0xCA
"ch0","data",337.0385095,0.000082,,0xFF
"ch0","data",337.038594,0.000082,,0x64
"ch0","data",337.038679,0.000082,,0x00
"ch0","data",337.0387635,0.000082,,0xEE
"ch0","data",337.0388485,0.000082,,0x02
"ch0","data",337.038933,0.000082,,0x00
"ch0","data",337.0390175,0.000082,,0x00
"ch0","data",337.0391025,0.000082,,0x00
"ch0","data",337.039187,0.000082,,0x00
"ch0","data",337.0392715,0.000082,,0x00
"ch0","data",337.0393565,0.000082,,0x00
"ch0","data",337.039441,0.000082,,0x0A
"ch0","data",337.0395255,0.000082,,0x04
"ch0","data",337.03961,0.000082,,0x00
"ch0","data",337.039695,0.000082,,0x00
"ch0","data",337.0397795,0.000082,,0x00
"ch0","data",337.039864,0.000082,,0x00
"ch0","data",337.0399485,0.000082,,0x00
"ch0","data",337.040033,0.000082,,0x00
"ch0","data",337.040118,0.000082,,0x06
"ch0","data",337.0402025,0.000082,,0x01
"ch0","data",337.040287,0.000082,,0x00
"ch0","data",337.0403715,0.000082,,0x00
"ch0","data",337.0404565,0.000082,,0x00
"ch0","data",337.040541,0.000082,,0x00
"ch0","data",337.0406255,0.000082,,0x00
"ch0","data",337.04071,0.000082,,0x00
"ch0","data",337.040795,0.000082,,0xD0
"ch0","data",337.0408795,0.000082,,0xEA
"ch0","data",337.040964,0.000082,,0x7D
"ch0","data",337.0745405,0.000082,,0xDD
"ch0","data",337.0746255,0.000082,,0x01
"ch0","data",337.07471,0.000082,,0x00
"ch0","data",337.0747945,0.000082,,0x0C
"ch0","data",337.074879,0.000082,,0x54
"ch0","data",337.0749635,0.000082,,0x58
"ch0","data",337.075048,0.000082,,0x20
"ch0","data",337.075133,0.000082,,0x73
"ch0","data",337.0752175,0.000082,,0x75
"ch0","data",337.075302,0.000082,,0x63
"ch0","data",337.0753865,0.000082,,0x63
"ch0","data",337.075471,0.000082,,0x65
"ch0","data",337.0755555,0.000082,,0x65
"ch0","data",337.0756405,0.000082,,0x64
"ch0","data",337.075725,0.000082,,0x65
"ch0","data",337.0758095,0.000082,,0x64
"ch0","data",338.1892345,0.000082,,0xDD
"ch0","data",338.1893195,0.000082,,0x02
"ch0","data",338.189404,0.000082,,0x00
"ch0","data",338.1894885,0.000082,,0x3B
"ch0","data",338.1895735,0.000082,,0x00
"ch0","data",338.189658,0.000082,,0x7B
"ch0","data",338.1897425,0.000082,,0x38
"ch0","data",338.1898275,0.000082,,0x00
"ch0","data",338.189912,0.000082,,0x11
"ch0","data",338.1899965,0.000082,,0x00
"ch0","data",338.1900815,0.000082,,0x01
"ch0","data",338.190166,0.000082,,0x00
"ch0","data",338.1902505,0.000082,,0x00
"ch0","data",338.1903355,0.000082,,0x00
"ch0","data",338.19042,0.000082,,0x01
"ch0","data",338.1905045,0.000082,,0x00
"ch0","data",338.1905895,0.000082,,0x46
"ch0","data",338.190674,0.000082,,0x81
"ch0","data",338.190759,0.000082,,0x9E
"ch0","data",338.1908435,0.000082,,0xE3
"ch0","data",338.190928,0.000082,,0x00
"ch0","data",338.191013,0.000082,,0x1D
"ch0","data",338.1910975,0.000082,,0x00
"ch0","data",338.191182,0.000082,,0x0F
"ch0","data",338.191267,0.000082,,0x20
"ch0","data",338.1913515,0.000082,,0x00
"ch0","data",338.191436,0.000082,,0xF9
"ch0","data",338.191521,0.000082,,0x0A
"ch0","data",338.1916055,0.000082,,0xA5
"ch0","data",338.19169,0.000082,,0x27
"ch0","data",338.191775,0.000082,,0x56
"ch0","data",338.1918595,0.000082,,0x8B
"ch0","data",338.1919445,0.000082,,0x00
"ch0","data",338.192029,0.000082,,0x00
"ch0","data",338.1921135,0.000082,,0x00
"ch0","data",338.1921985,0.000082,,0x00
"ch0","data",338.192283,0.000082,,0x00
"ch0","data",338.1923675,0.000082,,0x00
"ch0","data",338.1924525,0.000082,,0x61
"ch0","data",338.192537,0.000082,,0x07
"ch0","data",338.1926215,0.000082,,0x73
"ch0","data",338.1927065,0.000082,,0x62
"ch0","data",338.192791,0.000082,,0x28
"ch0","data",338.1928755,0.000082,,0x00
"ch0","data",338.1929605,0.000082,,0x68
"ch0","data",338.193045,0.000082,,0x00
"ch0","data",338.1931295,0.000082,,0x00
"ch0","data",338.1932145,0.000082,,0x88
"ch0","data",338.193299,0.000082,,0x00
"ch0","data",338.1933835,0.000082,,0x00
"ch0","data",338.1934685,0.000082,,0x98
"ch0","data",338.193553,0.000082,,0x00
"ch0","data",338.193638,0.000082,,0x9F
"ch0","data",338.1937225,0.000082,,0x00
"ch0","data",338.193807,0.000082,,0x09
"ch0","data",338.193892,0.000082,,0x00
"ch0","data",338.1939765,0.000082,,0x00
"ch0","data",338.194061,0.000082,,0x00
"ch0","data",338.194146,0.000082,,0x54
"ch0","data",338.1942305,0.000082,,0x0E
"ch0","data",338.194315,0.000082,,0x86
"ch0","data",338.1944,0.000082,,0xA8
"ch0","data",338.1944845,0.000082,,0x7D
"ch0","data",338.2444135,0.000082,,0xDD
"ch0","data",338.2444985,0.000082,,0x02
"ch0","data",338.244583,0.000082,,0x00
"ch0","data",338.2446675,0.000082,,0x0F
"ch0","data",338.2447525,0.000082,,0x00
"ch0","data",338.244837,0.000082,,0x7B
"ch0","data",338.2449215,0.000082,,0x0C
"ch0","data",338.2450065,0.000082,,0x00
"ch0","data",338.245091,0.000082,,0x11
"ch0","data",338.2451755,0.000082,,0x00
"ch0","data",338.2452605,0.000082,,0x00
"ch0","data",338.245345,0.000082,,0x00
"ch0","data",338.24543,0.000082,,0x00
"ch0","data",338.2455145,0.000082,,0x00
"ch0","data",338.245599,0.000082,,0x01
"ch0","data",338.245684,0.000082,,0x00
"ch0","data",338.2457685,0.000082,,0x61
"ch0","data",338.245853,0.000082,,0x76
"ch0","data",338.245938,0.000082,,0x7D
"ch1","data",338.5212715,0.000082,,0x0D
"ch1","data",338.521358,0.000082,,0x0A
"ch1","data",338.521445,0.000082,,0x00
"ch1","data",338.5215315,0.000082,,0x7B
"ch1","data",338.5216185,0.000082,,0x38
"ch1","data",338.521705,0.000082,,0x00
"ch1","data",338.521792,0.000082,,0x01
"ch1","data",338.5218785,0.000082,,0x00
"ch1","data",338.5219655,0.000082,,0x05
"ch1","data",338.522052,0.000082,,0x00
"ch1","data",338.522139,0.000082,,0x01
"ch1","data",338.5222255,0.000082,,0x00
"ch1","data",338.5223125,0.000082,,0x00
"ch1","data",338.522399,0.000082,,0x00
"ch1","data",338.522486,0.000082,,0x46
"ch1","data",338.5225725,0.000082,,0x81
"ch1","data",338.5226595,0.000082,,0x9E
"ch1","data",338.522746,0.000082,,0xE3
"ch1","data",338.522833,0.000082,,0x00
"ch1","data",338.5229195,0.000082,,0x1D
"ch1","data",338.5230065,0.000082,,0x00
"ch1","data",338.523093,0.000082,,0x0F
"ch1","data",338.52318,0.000082,,0x00
"ch1","data",338.5232665,0.000082,,0x01
"ch1","data",338.5233535,0.000082,,0x00
"ch1","data",338.52344,0.000082,,0x00
"ch1","data",338.523527,0.000082,,0x00
"ch1","data",338.5236135,0.000082,,0x00
"ch1","data",338.5237005,0.000082,,0x00
"ch1","data",338.523787,0.000082,,0x00
"ch1","data",338.523874,0.000082,,0x09
"ch1","data",338.5239605,0.000082,,0x00
"ch1","data",338.5240475,0.000082,,0x16
"ch1","data",338.524134,0.000082,,0x25
"ch1","data",338.524221,0.000082,,0x61
"ch1","data",338.5243075,0.000082,,0x07
"ch1","data",338.5243945,0.000082,,0x73
"ch1","data",338.524481,0.000082,,0x62
"ch1","data",338.524568,0.000082,,0x00
"ch1","data",338.5246545,0.000082,,0x00
"ch1","data",338.5247415,0.000082,,0xFF
"ch1","data",338.524828,0.000082,,0x04
"ch1","data",338.524915,0.000082,,0xFF
"ch1","data",338.5250015,0.000082,,0x0F
"ch1","data",338.5250885,0.000082,,0x04
"ch1","data",338.525175,0.000082,,0x40
"ch1","data",338.525262,0.000082,,0x0C
"ch1","data",338.5253485,0.000082,,0xFE
"ch1","data",338.5254355,0.000082,,0x00
"ch1","data",338.525522,0.000082,,0x00
"ch1","data",338.525609,0.000082,,0x00
"ch1","data",338.5256955,0.000082,,0x01
"ch1","data",338.5257825,0.000082,,0x00
"ch1","data",338.525869,0.000082,,0x13
"ch1","data",338.525956,0.000082,,0x00
"ch1","data",338.5260425,0.000082,,0x00
"ch1","data",338.526129,0.000082,,0x2C
"ch1","data",338.526216,0.000082,,0xCC
"ch1","data",338.5263025,0.000082,,0xBF
"ch1","data",338.5263895,0.000082,,0xCF
"ch1","data",338.526476,0.000082,,0x7D
"ch1","data",338.526563,0.000082,,0x0D
"ch1","data",338.5266495,0.000082,,0x0A
"ch1","data",338.5267365,0.000082,,0x0D
"ch1","data",338.526823,0.000082,,0x0A
"ch1","data",338.52691,0.000082,,0x00
"ch1","data",338.5269965,0.000082,,0x7B
"ch1","data",338.5270835,0.000082,,0x38
"ch1","data",338.52717,0.000082,,0x00
"ch1","data",338.527257,0.000082,,0x01
"ch1","data",338.5273435,0.000082,,0x00
"ch1","data",338.5274305,0.000082,,0x05
"ch1","data",338.527517,0.000082,,0x00
"ch1","data",338.527604,0.000082,,0x01
"ch1","data",338.5276905,0.000082,,0x00
"ch1","data",338.5277775,0.000082,,0x00
"ch1","data",338.527864,0.000082,,0x00
"ch1","data",338.527951,0.000082,,0x00
"ch1","data",338.5280375,0.000082,,0x12
"ch1","data",338.5281245,0.000082,,0x4B
"ch1","data",338.528211,0.000082,,0x00
"ch1","data",338.528298,0.000082,,0x38
"ch1","data",338.5283845,0.000082,,0x0D
"ch1","data",338.5284715,0.000082,,0x16
"ch1","data",338.528558,0.000082,,0xFD
"ch1","data",338.528645,0.000082,,0x00
"ch1","data",338.5287315,0.000082,,0x00
"ch1","data",338.5288185,0.000082,,0x00
"ch1","data",338.528905,0.000082,,0x00
"ch1","data",338.528992,0.000082,,0x00
"ch1","data",338.5290785,0.000082,,0x00
"ch1","data",338.5291655,0.000082,,0x00
"ch1","data",338.529252,0.000082,,0x00
"ch1","data",338.529339,0.000082,,0x3E
"ch1","data",338.5294255,0.000082,,0x00
"ch1","data",338.5295125,0.000082,,0xFF
"ch1","data",338.529599,0.000082,,0x41
"ch1","data",338.529686,0.000082,,0x04
"ch1","data",338.5297725,0.000082,,0x00
"ch1","data",338.5298595,0.000082,,0x00
"ch1","data",338.529946,0.000082,,0x00
"ch1","data",338.530033,0.000082,,0x90
"ch1","data",338.5301195,0.000082,,0x01
"ch1","data",338.5302065,0.000082,,0x14
"ch1","data",338.530293,0.000082,,0x00
"ch1","data",338.53038,0.000082,,0x00
"ch1","data",338.5304665,0.000082,,0x00
"ch1","data",338.5305535,0.000082,,0x00
"ch1","data",338.53064,0.000082,,0x00
"ch1","data",338.530727,0.000082,,0x00
"ch1","data",338.5308135,0.000082,,0x00
"ch1","data",338.5309005,0.000082,,0x00
"ch1","data",338.530987,0.000082,,0x00
"ch1","data",338.531074,0.000082,,0x00
"ch1","data",338.5311605,0.000082,,0x00
"ch1","data",338.5312475,0.000082,,0x00
"ch1","data",338.531334,0.000082,,0x00
"ch1","data",338.531421,0.000082,,0x00
"ch1","data",338.5315075,0.000082,,0x00
"ch1","data",338.5315945,0.000082,,0x00
"ch1","data",338.531681,0.000082,,0x00
"ch1","data",338.531768,0.000082,,0xBA
"ch1","data",338.5318545,0.000082,,0x74
"ch1","data",338.5319415,0.000082,,0x7D
"ch1","data",338.532028,0.000082,,0x0D
"ch1","data",338.532115,0.000082,,0x0A
"ch1","data",338.5322015,0.000082,,0x0D
"ch1","data",338.5322885,0.000082,,0x0A
"ch1","data",338.532375,0.000082,,0x0D
"ch1","data",338.532462,0.000082,,0x0A
"ch1","data",338.5325485,0.000082,,0x00
"ch1","data",338.5326355,0.000082,,0x7B
"ch1","data",338.532722,0.000082,,0x0C
"ch1","data",338.532809,0.000082,,0x00
"ch1","data",338.5328955,0.000082,,0x01
"ch1","data",338.5329825,0.000082,,0x00
"ch1","data",338.533069,0.000082,,0x03
"ch1","data",338.533156,0.000082,,0x00
"ch1","data",338.5332425,0.000082,,0x01
"ch1","data",338.5333295,0.000082,,0x00
"ch1","data",338.533416,0.000082,,0x00
"ch1","data",338.533503,0.000082,,0x00
"ch1","data",338.5335895,0.000082,,0xB0
"ch1","data",338.5336765,0.000082,,0xC0
"ch1","data",338.533763,0.000082,,0x7D
"ch1","data",338.53385,0.000082,,0x0D
"ch1","data",338.5339365,0.000082,,0x0A
"ch0","data",344.405501,0.000082,,0xDD
"ch0","data",344.4055855,0.000082,,0x02
"ch0","data",344.4056705,0.000082,,0x00
"ch0","data",344.405755,0.000082,,0x3B
"ch0","data",344.4058395,0.000082,,0x00
"ch0","data",344.405924,0.000082,,0x7B
"ch0","data",344.406009,0.000082,,0x38
"ch0","data",344.4060935,0.000082,,0x00
"ch0","data",344.406178,0.000082,,0x11
"ch0","data",344.406263,0.000082,,0x00
"ch0","data",344.4063475,0.000082,,0x01
"ch0","data",344.406432,0.000082,,0x00
"ch0","data",344.406517,0.000082,,0x00
"ch0","data",344.4066015,0.000082,,0x00
"ch0","data",344.4066865,0.000082,,0x01
"ch0","data",344.406771,0.000082,,0x00
"ch0","data",344.4068555,0.000082,,0x46
"ch0","data",344.40694,0.000082,,0x81
"ch0","data",344.4070245,0.000082,,0x9E
"ch0","data",344.407109,0.000082,,0xE3
"ch0","data",344.407194,0.000082,,0x00
"ch0","data",344.4072785,0.000082,,0x1D
"ch0","data",344.407363,0.000082,,0x00
"ch0","data",344.407448,0.000082,,0x0F
"ch0","data",344.4075325,0.000082,,0x20
"ch0","data",344.407617,0.000082,,0x00
"ch0","data",344.407702,0.000082,,0xF9
"ch0","data",344.4077865,0.000082,,0x0A
"ch0","data",344.4078715,0.000082,,0xA5
"ch0","data",344.407956,0.000082,,0x27
"ch0","data",344.4080405,0.000082,,0x56
"ch0","data",344.4081255,0.000082,,0x8B
"ch0","data",344.40821,0.000082,,0x00
"ch0","data",344.408295,0.000082,,0x00
"ch0","data",344.4083795,0.000082,,0x00
"ch0","data",344.408464,0.000082,,0x00
"ch0","data",344.408549,0.000082,,0x00
"ch0","data",344.4086335,0.000082,,0x00
"ch0","data",344.408718,0.000082,,0x61
"ch0","data",344.408803,0.000082,,0x07
"ch0","data",344.4088875,0.000082,,0x73
"ch0","data",344.408972,0.000082,,0x62
"ch0","data",344.409057,0.000082,,0x28
"ch0","data",344.4091415,0.000082,,0x00
"ch0","data",344.409226,0.000082,,0x68
"ch0","data",344.409311,0.000082,,0x00
"ch0","data",344.4093955,0.000082,,0x00
"ch0","data",344.40948,0.000082,,0x88
"ch0","data",344.4095645,0.000082,,0x00
"ch0","data",344.4096495,0.000082,,0x00
"ch0","data",344.409734,0.000082,,0x98
"ch0","data",344.4098185,0.000082,,0x00
"ch0","data",344.409903,0.000082,,0x9F
"ch0","data",344.4099875,0.000082,,0x00
"ch0","data",344.4100725,0.000082,,0x09
"ch0","data",344.410157,0.000082,,0x00
"ch0","data",344.4102415,0.000082,,0x00
"ch0","data",344.410326,0.000082,,0x00
"ch0","data",344.410411,0.000082,,0x54
"ch0","data",344.4104955,0.000082,,0x0E
"ch0","data",344.41058,0.000082,,0x86
"ch0","data",344.4106645,0.000082,,0xA8
"ch0","data",344.4107495,0.000082,,0x7D
"ch0","data",344.410834,0.000082,,0xDD
"ch0","data",344.4109185,0.000082,,0x02
"ch0","data",344.411003,0.000082,,0x00
"ch0","data",344.411088,0.000082,,0x0F
"ch0","data",344.4111725,0.000082,,0x00
"ch0","data",344.411257,0.000082,,0x7B
"ch0","data",344.4113415,0.000082,,0x0C
"ch0","data",344.4114265,0.000082,,0x00
"ch0","data",344.411511,0.000082,,0x11
"ch0","data",344.4115955,0.000082,,0x00
"ch0","data",344.41168,0.000082,,0x00
"ch0","data",344.4117645,0.000082,,0x00
"ch0","data",344.4118495,0.000082,,0x00
"ch0","data",344.411934,0.000082,,0x00
"ch0","data",344.4120185,0.000082,,0x01
"ch0","data",344.412103,0.000082,,0x00
"ch0","data",344.4121875,0.000082,,0x61
"ch0","data",344.4122725,0.000082,,0x76
"ch0","data",344.412357,0.000082,,0x7D
"ch1","data",344.8552955,0.000082,,0x0D
"ch1","data",344.8553825,0.000082,,0x0A
"ch1","data",344.855469,0.000082,,0x00
"ch1","data",344.855556,0.000082,,0x7B
"ch1","data",344.8556425,0.000082,,0x38
"ch1","data",344.8557295,0.000082,,0x00
"ch1","data",344.855816,0.000082,,0x01
"ch1","data",344.855903,0.000082,,0x00
"ch1","data",344.8559895,0.000082,,0x05
"ch1","data",344.8560765,0.000082,,0x00
"ch1","data",344.856163,0.000082,,0x01
"ch1","data",344.85625,0.000082,,0x00
"ch1","data",344.8563365,0.000082,,0x00
"ch1","data",344.8564235,0.000082,,0x00
"ch1","data",344.85651,0.000082,,0x46
"ch1","data",344.856597,0.000082,,0x81
"ch1","data",344.8566835,0.000082,,0x9E
"ch1","data",344.8567705,0.000082,,0xE3
"ch1","data",344.856857,0.000082,,0x00
"ch1","data",344.856944,0.000082,,0x1D
"ch1","data",344.8570305,0.000082,,0x00
"ch1","data",344.8571175,0.000082,,0x0F
"ch1","data",344.857204,0.000082,,0x00
"ch1","data",344.857291,0.000082,,0x01
"ch1","data",344.8573775,0.000082,,0x00
"ch1","data",344.8574645,0.000082,,0x00
"ch1","data",344.857551,0.000082,,0x00
"ch1","data",344.857638,0.000082,,0x00
"ch1","data",344.8577245,0.000082,,0x00
"ch1","data",344.8578115,0.000082,,0x00
"ch1","data",344.857898,0.000082,,0x09
"ch1","data",344.857985,0.000082,,0x00
"ch1","data",344.8580715,0.000082,,0x16
"ch1","data",344.8581585,0.000082,,0x25
"ch1","data",344.858245,0.000082,,0x61
"ch1","data",344.858332,0.000082,,0x07
"ch1","data",344.8584185,0.000082,,0x73
"ch1","data",344.8585055,0.000082,,0x62
"ch1","data",344.858592,0.000082,,0x00
"ch1","data",344.858679,0.000082,,0x00
"ch1","data",344.8587655,0.000082,,0xFF
"ch1","data",344.8588525,0.000082,,0x04
"ch1","data",344.858939,0.000082,,0xFF
"ch1","data",344.859026,0.000082,,0x0F
"ch1","data",344.8591125,0.000082,,0x04
"ch1","data",344.8591995,0.000082,,0x40
"ch1","data",344.859286,0.000082,,0x0C
"ch1","data",344.859373,0.000082,,0xFE
"ch1","data",344.8594595,0.000082,,0x00
"ch1","data",344.8595465,0.000082,,0x00
"ch1","data",344.859633,0.000082,,0x00
"ch1","data",344.85972,0.000082,,0x01
"ch1","data",344.8598065,0.000082,,0x00
"ch1","data",344.8598935,0.000082,,0x13
"ch1","data",344.85998,0.000082,,0x00
"ch1","data",344.860067,0.000082,,0x00
"ch1","data",344.8601535,0.000082,,0x2C
"ch1","data",344.8602405,0.000082,,0xCC
"ch1","data",344.860327,0.000082,,0xBF
"ch1","data",344.860414,0.000082,,0xCF
"ch1","data",344.8605005,0.000082,,0x7D
"ch1","data",344.8605875,0.000082,,0x0D
"ch1","data",344.860674,0.000082,,0x0A
"ch1","data",344.860761,0.000082,,0x0D
"ch1","data",344.8608475,0.000082,,0x0A
"ch1","data",344.8609345,0.000082,,0x00
"ch1","data",344.861021,0.000082,,0x7B
"ch1","data",344.861108,0.000082,,0x38
"ch1","data",344.8611945,0.000082,,0x00
"ch1","data",344.8612815,0.000082,,0x01
"ch1","data",344.861368,0.000082,,0x00
"ch1","data",344.861455,0.000082,,0x05
"ch1","data",344.8615415,0.000082,,0x00
"ch1","data",344.8616285,0.000082,,0x01
"ch1","data",344.861715,0.000082,,0x00
"ch1","data",344.861802,0.000082,,0x00
"ch1","data",344.8618885,0.000082,,0x00
"ch1","data",344.8619755,0.000082,,0x00
"ch1","data",344.862062,0.000082,,0x12
"ch1","data",344.862149,0.000082,,0x4B
"ch1","data",344.8622355,0.000082,,0x00
"ch1","data",344.8623225,0.000082,,0x38
"ch1","data",344.862409,0.000082,,0x0D
"ch1","data",344.862496,0.000082,,0x16
"ch1","data",344.8625825,0.000082,,0xFD
"ch1","data",344.8626695,0.000082,,0x00
"ch1","data",344.862756,0.000082,,0x00
"ch1","data",344.862843,0.000082,,0x00
"ch1","data",344.8629295,0.000082,,0x00
"ch1","data",344.8630165,0.000082,,0x00
"ch1","data",344.863103,0.000082,,0x00
"ch1","data",344.86319,0.000082,,0x00
"ch1","data",344.8632765,0.000082,,0x00
"ch1","data",344.8633635,0.000082,,0x3E
"ch1","data",344.86345,0.000082,,0x00
"ch1","data",344.863537,0.000082,,0xFF
"ch1","data",344.8636235,0.000082,,0x41
"ch1","data",344.8637105,0.000082,,0x04
"ch1","data",344.863797,0.000082,,0x00
"ch1","data",344.863884,0.000082,,0x00
"ch1","data",344.8639705,0.000082,,0x00
"ch1","data",344.8640575,0.000082,,0x90
"ch1","data",344.864144,0.000082,,0x01
"ch1","data",344.864231,0.000082,,0x14
"ch1","data",344.8643175,0.000082,,0x00
"ch1","data",344.8644045,0.000082,,0x00
"ch1","data",344.864491,0.000082,,0x00
"ch1","data",344.864578,0.000082,,0x00
"ch1","data",344.8646645,0.000082,,0x00
"ch1","data",344.8647515,0.000082,,0x00
"ch1","data",344.864838,0.000082,,0x00
"ch1","data",344.864925,0.000082,,0x00
"ch1","data",344.8650115,0.000082,,0x00
"ch1","data",344.8650985,0.000082,,0x00
"ch1","data",344.865185,0.000082,,0x00
"ch1","data",344.865272,0.000082,,0x00
"ch1","data",344.8653585,0.000082,,0x00
"ch1","data",344.8654455,0.000082,,0x00
"ch1","data",344.865532,0.000082,,0x00
"ch1","data",344.865619,0.000082,,0x00
"ch1","data",344.8657055,0.000082,,0x00
"ch1","data",344.8657925,0.000082,,0xBA
"ch1","data",344.865879,0.000082,,0x74
"ch1","data",344.865966,0.000082,,0x7D
"ch1","data",344.8660525,0.000082,,0x0D
"ch1","data",344.8661395,0.000082,,0x0A
"ch1","data",344.866226,0.000082,,0x0D
"ch1","data",344.866313,0.000082,,0x0A
"ch1","data",344.8663995,0.000082,,0x0D
"ch1","data",344.8664865,0.000082,,0x0A
"ch1","data",344.866573,0.000082,,0x00
"ch1","data",344.86666,0.000082,,0x7B
"ch1","data",344.8667465,0.000082,,0x0C
"ch1","data",344.8668335,0.000082,,0x00
"ch1","data",344.86692,0.000082,,0x01
"ch1","data",344.867007,0.000082,,0x00
"ch1","data",344.8670935,0.000082,,0x03
"ch1","data",344.8671805,0.000082,,0x00
"ch1","data",344.867267,0.000082,,0x01
"ch1","data",344.867354,0.000082,,0x00
"ch1","data",344.8674405,0.000082,,0x00
"ch1","data",344.8675275,0.000082,,0x00
"ch1","data",344.867614,0.000082,,0xB0
"ch1","data",344.867701,0.000082,,0xC0
"ch1","data",344.8677875,0.000082,,0x7D
"ch1","data",344.8678745,0.000082,,0x0D
"ch1","data",344.867961,0.000082,,0x0A
"ch0","data",350.8068815,0.000082,,0xDD
"ch0","data",350.806966,0.000082,,0x02
"ch0","data",350.8070505,0.000082,,0x00
"ch0","data",350.8071355,0.000082,,0x3B
"ch0","data",350.80722,0.000082,,0x00
"ch0","data",350.8073045,0.000082,,0x7B
"ch0","data",350.807389,0.000082,,0x38
"ch0","data",350.807474,0.000082,,0x00
"ch0","data",350.8075585,0.000082,,0x11
"ch0","data",350.807643,0.000082,,0x00
"ch0","data",350.807728,0.000082,,0x01
"ch0","data",350.8078125,0.000082,,0x00
"ch0","data",350.8078975,0.000082,,0x00
"ch0","data",350.807982,0.000082,,0x00
"ch0","data",350.8080665,0.000082,,0x01
"ch0","data",350.8081515,0.000082,,0x00
"ch0","data",350.808236,0.000082,,0x46
"ch0","data",350.8083205,0.000082,,0x81
"ch0","data",350.8084055,0.000082,,0x9E
"ch0","data",350.80849,0.000082,,0xE3
"ch0","data",350.8085745,0.000082,,0x00
"ch0","data",350.8086595,0.000082,,0x1D
"ch0","data",350.808744,0.000082,,0x00
"ch0","data",350.808829,0.000082,,0x0F
"ch0","data",350.8089135,0.000082,,0x20
"ch0","data",350.808998,0.000082,,0x00
"ch0","data",350.809083,0.000082,,0xEB
"ch0","data",350.8091675,0.000082,,0x0A
"ch0","data",350.8092525,0.000082,,0xA5
"ch0","data",350.809337,0.000082,,0x27
"ch0","data",350.8094215,0.000082,,0x56
"ch0","data",350.8095065,0.000082,,0x97
"ch0","data",350.809591,0.000082,,0x00
"ch0","data",350.8096755,0.000082,,0x00
"ch0","data",350.8097605,0.000082,,0x00
"ch0","data",350.809845,0.000082,,0x00
"ch0","data",350.80993,0.000082,,0x00
"ch0","data",350.8100145,0.000082,,0x00
"ch0","data",350.8100995,0.000082,,0x61
"ch0","data",350.810184,0.000082,,0x07
"ch0","data",350.8102685,0.000082,,0x73
"ch0","data",350.810353,0.000082,,0x62
"ch0","data",350.8104375,0.000082,,0x29
"ch0","data",350.810522,0.000082,,0x00
"ch0","data",350.810607,0.000082,,0x8D
"ch0","data",350.8106915,0.000082,,0x00
"ch0","data",350.810776,0.000082,,0x00
"ch0","data",350.8108605,0.000082,,0x88
"ch0","data",350.810945,0.000082,,0x00
"ch0","data",350.81103,0.000082,,0x00
"ch0","data",350.8111145,0.000082,,0x98
"ch0","data",350.811199,0.000082,,0x00
"ch0","data",350.8112835,0.000082,,0x9F
"ch0","data",350.8113685,0.000082,,0x00
"ch0","data",350.811453,0.000082,,0x09
"ch0","data",350.8115375,0.000082,,0x00
"ch0","data",350.8116225,0.000082,,0x00
"ch0","data",350.811707,0.000082,,0x00
"ch0","data",350.811792,0.000082,,0x67
"ch0","data",350.8118765,0.000082,,0x0E
"ch0","data",350.811961,0.000082,,0x7B
"ch0","data",350.812046,0.000082,,0x62
"ch0","data",350.8121305,0.000082,,0x7D
"ch0","data",350.812215,0.000082,,0xDD
"ch0","data",350.8122995,0.000082,,0x02
"ch0","data",350.8123845,0.000082,,0x00
"ch0","data",350.812469,0.000082,,0x0F
"ch0","data",350.8125535,0.000082,,0x00
"ch0","data",350.8126385,0.000082,,0x7B
"ch0","data",350.812723,0.000082,,0x0C
"ch0","data",350.812808,0.000082,,0x00
"ch0","data",350.8128925,0.000082,,0x11
"ch0","data",350.812977,0.000082,,0x00
"ch0","data",350.813062,0.000082,,0x00
"ch0","data",350.8131465,0.000082,,0x00
"ch0","data",350.813231,0.000082,,0x00
"ch0","data",350.8133155,0.000082,,0x00
"ch0","data",350.8134005,0.000082,,0x01
"ch0","data",350.813485,0.000082,,0x00
"ch0","data",350.8135695,0.000082,,0x61
"ch0","data",350.813654,0.000082,,0x76
"ch0","data",350.813739,0.000082,,0x7D
"ch0","data",350.8138235,0.000082,,0xDD
"ch0","data",350.813908,0.000082,,0x02
"ch0","data",350.8139925,0.000082,,0x00
"ch0","data",350.8140775,0.000082,,0x0F
"ch0","data",350.814162,0.000082,,0x00
"ch0","data",350.814247,0.000082,,0x7B
"ch0","data",350.8143315,0.000082,,0x0C
"ch0","data",350.814416,0.000082,,0x00
"ch0","data",350.814501,0.000082,,0x11
"ch0","data",350.8145855,0.000082,,0x00
"ch0","data",350.81467,0.000082,,0x0B
"ch0","data",350.814755,0.000082,,0x00
"ch0","data",350.8148395,0.000082,,0x00
"ch0","data",350.8149245,0.000082,,0x00
"ch0","data",350.815009,0.000082,,0x01
"ch0","data",350.8150935,0.000082,,0x00
"ch0","data",350.8151785,0.000082,,0xC3
"ch0","data",350.815263,0.000082,,0xB5
"ch0","data",350.815348,0.000082,,0x7D
"ch1","data",351.0815705,0.000082,,0x0D
"ch1","data",351.081657,0.000082,,0x0A
"ch1","data",351.081744,0.000082,,0x00
"ch1","data",351.0818305,0.000082,,0x7B
"ch1","data",351.0819175,0.000082,,0x38
"ch1","data",351.082004,0.000082,,0x00
"ch1","data",351.082091,0.000082,,0x01
"ch1","data",351.0821775,0.000082,,0x00
"ch1","data",351.0822645,0.000082,,0x05
"ch1","data",351.082351,0.000082,,0x00
"ch1","data",351.082438,0.000082,,0x01
"ch1","data",351.0825245,0.000082,,0x00
"ch1","data",351.0826115,0.000082,,0x00
"ch1","data",351.082698,0.000082,,0x00
"ch1","data",351.082785,0.000082,,0x46
"ch1","data",351.0828715,0.000082,,0x81
"ch1","data",351.0829585,0.000082,,0x9E
"ch1","data",351.083045,0.000082,,0xE3
"ch1","data",351.083132,0.000082,,0x00
"ch1","data",351.0832185,0.000082,,0x1D
"ch1","data",351.0833055,0.000082,,0x00
"ch1","data",351.083392,0.000082,,0x0F
"ch1","data",351.083479,0.000082,,0x00
"ch1","data",351.0835655,0.000082,,0x01
"ch1","data",351.0836525,0.000082,,0x00
"ch1","data",351.083739,0.000082,,0x00
"ch1","data",351.083826,0.000082,,0x00
"ch1","data",351.0839125,0.000082,,0x00
"ch1","data",351.0839995,0.000082,,0x00
"ch1","data",351.084086,0.000082,,0x00
"ch1","data",351.084173,0.000082,,0x09
"ch1","data",351.0842595,0.000082,,0x00
"ch1","data",351.0843465,0.000082,,0x16
"ch1","data",351.084433,0.000082,,0x25
"ch1","data",351.08452,0.000082,,0x61
"ch1","data",351.0846065,0.000082,,0x07
"ch1","data",351.0846935,0.000082,,0x73
"ch1","data",351.08478,0.000082,,0x62
"ch1","data",351.084867,0.000082,,0x00
"ch1","data",351.0849535,0.000082,,0x00
"ch1","data",351.0850405,0.000082,,0xFF
"ch1","data",351.085127,0.000082,,0x04
"ch1","data",351.085214,0.000082,,0xFF
"ch1","data",351.0853005,0.000082,,0x0F
"ch1","data",351.0853875,0.000082,,0x04
"ch1","data",351.085474,0.000082,,0x40
"ch1","data",351.085561,0.000082,,0x0C
"ch1","data",351.0856475,0.000082,,0xFE
"ch1","data",351.0857345,0.000082,,0x00
"ch1","data",351.085821,0.000082,,0x00
"ch1","data",351.085908,0.000082,,0x00
"ch1","data",351.0859945,0.000082,,0x01
"ch1","data",351.0860815,0.000082,,0x00
"ch1","data",351.086168,0.000082,,0x13
"ch1","data",351.086255,0.000082,,0x00
"ch1","data",351.0863415,0.000082,,0x00
"ch1","data",351.0864285,0.000082,,0x2C
"ch1","data",351.086515,0.000082,,0xCC
"ch1","data",351.086602,0.000082,,0xBF
"ch1","data",351.0866885,0.000082,,0xCF
"ch1","data",351.0867755,0.000082,,0x7D
"ch1","data",351.086862,0.000082,,0x0D
"ch1","data",351.086949,0.000082,,0x0A
"ch1","data",351.0870355,0.000082,,0x0D
"ch1","data",351.0871225,0.000082,,0x0A
"ch1","data",351.087209,0.000082,,0x00
"ch1","data",351.087296,0.000082,,0x7B
"ch1","data",351.0873825,0.000082,,0x38
"ch1","data",351.0874695,0.000082,,0x00
"ch1","data",351.087556,0.000082,,0x01
"ch1","data",351.087643,0.000082,,0x00
"ch1","data",351.0877295,0.000082,,0x05
"ch1","data",351.0878165,0.000082,,0x00
"ch1","data",351.087903,0.000082,,0x01
"ch1","data",351.08799,0.000082,,0x00
"ch1","data",351.0880765,0.000082,,0x00
"ch1","data",351.0881635,0.000082,,0x00
"ch1","data",351.08825,0.000082,,0x00
"ch1","data",351.0883365,0.000082,,0x12
"ch1","data",351.0884235,0.000082,,0x4B
"ch1","data",351.08851,0.000082,,0x00
"ch1","data",351.088597,0.000082,,0x38
"ch1","data",351.0886835,0.000082,,0x0D
"ch1","data",351.0887705,0.000082,,0x16
"ch1","data",351.088857,0.000082,,0xFD
"ch1","data",351.088944,0.000082,,0x00
"ch1","data",351.0890305,0.000082,,0x00
"ch1","data",351.0891175,0.000082,,0x00
"ch1","data",351.089204,0.000082,,0x00
"ch1","data",351.089291,0.000082,,0x00
"ch1","data",351.0893775,0.000082,,0x00
"ch1","data",351.0894645,0.000082,,0x00
"ch1","data",351.089551,0.000082,,0x00
"ch1","data",351.089638,0.000082,,0x3E
"ch1","data",351.0897245,0.000082,,0x00
"ch1","data",351.0898115,0.000082,,0xFF
"ch1","data",351.089898,0.000082,,0x41
"ch1","data",351.089985,0.000082,,0x04
"ch1","data",351.0900715,0.000082,,0x00
"ch1","data",351.0901585,0.000082,,0x00
"ch1","data",351.090245,0.000082,,0x00
"ch1","data",351.090332,0.000082,,0x90
"ch1","data",351.0904185,0.000082,,0x01
"ch1","data",351.0905055,0.000082,,0x14
"ch1","data",351.090592,0.000082,,0x00
"ch1","data",351.090679,0.000082,,0x00
"ch1","data",351.0907655,0.000082,,0x00
"ch1","data",351.0908525,0.000082,,0x00
"ch1","data",351.090939,0.000082,,0x00
"ch1","data",351.091026,0.000082,,0x00
"ch1","data",351.0911125,0.000082,,0x00
"ch1","data",351.0911995,0.000082,,0x00
"ch1","data",351.091286,0.000082,,0x00
"ch1","data",351.091373,0.000082,,0x00
"ch1","data",351.0914595,0.000082,,0x00
"ch1","data",351.0915465,0.000082,,0x00
"ch1","data",351.091633,0.000082,,0x00
"ch1","data",351.09172,0.000082,,0x00
"ch1","data",351.0918065,0.000082,,0x00
"ch1","data",351.0918935,0.000082,,0x00
"ch1","data",351.09198,0.000082,,0x00
"ch1","data",351.092067,0.000082,,0xBA
"ch1","data",351.0921535,0.000082,,0x74
"ch1","data",351.0922405,0.000082,,0x7D
"ch1","data",351.092327,0.000082,,0x0D
"ch1","data",351.092414,0.000082,,0x0A
"ch1","data",351.0925005,0.000082,,0x0D
"ch1","data",351.0925875,0.000082,,0x0A
"ch1","data",351.092674,0.000082,,0x0D
"ch1","data",351.092761,0.000082,,0x0A
"ch1","data",351.0928475,0.000082,,0x00
"ch1","data",351.0929345,0.000082,,0x7B
"ch1","data",351.093021,0.000082,,0x0C
"ch1","data",351.093108,0.000082,,0x00
"ch1","data",351.0931945,0.000082,,0x01
"ch1","data",351.0932815,0.000082,,0x00
"ch1","data",351.093368,0.000082,,0x03
"ch1","data",351.093455,0.000082,,0x00
"ch1","data",351.0935415,0.000082,,0x01
"ch1","data",351.0936285,0.000082,,0x00
"ch1","data",351.093715,0.000082,,0x00
"ch1","data",351.093802,0.000082,,0x00
"ch1","data",351.0938885,0.000082,,0xB0
"ch1","data",351.0939755,0.000082,,0xC0
"ch1","data",351.094062,0.000082,,0x7D
"ch1","data",351.094149,0.000082,,0x0D
"ch1","data",351.0942355,0.000082,,0x0A
"ch1","data",351.6082885,0.000082,,0x0D
"ch1","data",351.6083755,0.000082,,0x0A
"ch1","data",351.608462,0.000082,,0x00
"ch1","data",351.608549,0.000082,,0x7B
"ch1","data",351.6086355,0.000082,,0x0C
"ch1","data",351.6087225,0.000082,,0x00
"ch1","data",351.608809,0.000082,,0x01
"ch1","data",351.608896,0.000082,,0x00
"ch1","data",351.6089825,0.000082,,0x03
"ch1","data",351.6090695,0.000082,,0x00
"ch1","data",351.609156,0.000082,,0x01
"ch1","data",351.609243,0.000082,,0x00
"ch1","data",351.6093295,0.000082,,0x00
"ch1","data",351.6094165,0.000082,,0x00
"ch1","data",351.609503,0.000082,,0xB0
"ch1","data",351.60959,0.000082,,0xC0
"ch1","data",351.6096765,0.000082,,0x7D
"ch1","data",351.6097635,0.000082,,0x0D
"ch1","data",351.60985,0.000082,,0x0A
"ch0","data",356.8879975,0.000082,,0xDD
"ch0","data",356.8880825,0.000082,,0x02
"ch0","data",356.888167,0.000082,,0x00
"ch0","data",356.888252,0.000082,,0x3B
"ch0","data",356.8883365,0.000082,,0x00
"ch0","data",356.888421,0.000082,,0x7B
"ch0","data",356.888506,0.000082,,0x38
"ch0","data",356.8885905,0.000082,,0x00
"ch0","data",356.888675,0.000082,,0x11
"ch0","data",356.88876,0.000082,,0x00
"ch0","data",356.8888445,0.000082,,0x01
"ch0","data",356.8889295,0.000082,,0x00
"ch0","data",356.889014,0.000082,,0x00
"ch0","data",356.8890985,0.000082,,0x00
"ch0","data",356.8891835,0.000082,,0x01
"ch0","data",356.889268,0.000082,,0x00
"ch0","data",356.889353,0.000082,,0x46
"ch0","data",356.8894375,0.000082,,0x81
"ch0","data",356.889522,0.000082,,0x9E
"ch0","data",356.8896065,0.000082,,0xE3
"ch0","data",356.889691,0.000082,,0x00
"ch0","data",356.889776,0.000082,,0x1D
"ch0","data",356.8898605,0.000082,,0x00
"ch0","data",356.889945,0.000082,,0x0F
"ch0","data",356.89003,0.000082,,0x20
"ch0","data",356.8901145,0.000082,,0x00
"ch0","data",356.8901995,0.000082,,0xEB
"ch0","data",356.8902835,0.000082,,0x0A
"ch0","data",356.890368,0.000082,,0xA5
"ch0","data",356.890453,0.000082,,0x27
"ch0","data",356.8905375,0.000082,,0x56
"ch0","data",356.890622,0.000082,,0x97
"ch0","data",356.8907065,0.000082,,0x00
"ch0","data",356.8907915,0.000082,,0x00
"ch0","data",356.890876,0.000082,,0x00
"ch0","data",356.8909605,0.000082,,0x00
"ch0","data",356.891045,0.000082,,0x00
"ch0","data",356.89113,0.000082,,0x00
"ch0","data",356.8912145,0.000082,,0x61
"ch0","data",356.891299,0.000082,,0x07
"ch0","data",356.891384,0.000082,,0x73
"ch0","data",356.8914685,0.000082,,0x62
"ch0","data",356.891553,0.000082,,0x29
"ch0","data",356.8916375,0.000082,,0x00
"ch0","data",356.8917225,0.000082,,0x8D
"ch0","data",356.891807,0.000082,,0x00
"ch0","data",356.8918915,0.000082,,0x00
"ch0","data",356.8919765,0.000082,,0x88
"ch0","data",356.892061,0.000082,,0x00
"ch0","data",356.8921455,0.000082,,0x00
"ch0","data",356.89223,0.000082,,0x98
"ch0","data",356.8923145,0.000082,,0x00
"ch0","data",356.8923995,0.000082,,0x9F
"ch0","data",356.892484,0.000082,,0x00
"ch0","data",356.8925685,0.000082,,0x09
"ch0","data",356.892653,0.000082,,0x00
"ch0","data",356.892738,0.000082,,0x00
"ch0","data",356.8928225,0.000082,,0x00
"ch0","data",356.892907,0.000082,,0x67
"ch0","data",356.8929915,0.000082,,0x0E
"ch0","data",356.8930765,0.000082,,0x7B
"ch0","data",356.893161,0.000082,,0x62
"ch0","data",356.8932455,0.000082,,0x7D
"ch0","data",356.89333,0.000082,,0xDD
"ch0","data",356.8934145,0.000082,,0x02
"ch0","data",356.893499,0.000082,,0x00
"ch0","data",356.893584,0.000082,,0x0F
"ch0","data",356.8936685,0.000082,,0x00
"ch0","data",356.8937535,0.000082,,0x7B
"ch0","data",356.893838,0.000082,,0x0C
"ch0","data",356.8939225,0.000082,,0x00
"ch0","data",356.894007,0.000082,,0x11
"ch0","data",356.894092,0.000082,,0x00
"ch0","data",356.8941765,0.000082,,0x00
"ch0","data",356.894261,0.000082,,0x00
"ch0","data",356.894346,0.000082,,0x00
"ch0","data",356.8944305,0.000082,,0x00
"ch0","data",356.894515,0.000082,,0x01
"ch0","data",356.8946,0.000082,,0x00
"ch0","data",356.8946845,0.000082,,0x61
"ch0","data",356.8947695,0.000082,,0x76
"ch0","data",356.894854,0.000082,,0x7D
"ch1","data",357.5219515,0.000082,,0x0D
"ch1","data",357.522038,0.000082,,0x0A
"ch1","data",357.522125,0.000082,,0x00
"ch1","data",357.5222115,0.000082,,0x7B
"ch1","data",357.5222985,0.000082,,0x38
"ch1","data",357.522385,0.000082,,0x00
"ch1","data",357.522472,0.000082,,0x01
"ch1","data",357.5225585,0.000082,,0x00
"ch1","data",357.5226455,0.000082,,0x05
"ch1","data",357.522732,0.000082,,0x00
"ch1","data",357.522819,0.000082,,0x01
"ch1","data",357.5229055,0.000082,,0x00
"ch1","data",357.5229925,0.000082,,0x00
"ch1","data",357.523079,0.000082,,0x00
"ch1","data",357.523166,0.000082,,0x46
"ch1","data",357.5232525,0.000082,,0x81
"ch1","data",357.5233395,0.000082,,0x9E
"ch1","data",357.523426,0.000082,,0xE3
"ch1","data",357.523513,0.000082,,0x00
"ch1","data",357.5235995,0.000082,,0x1D
"ch1","data",357.5236865,0.000082,,0x00
"ch1","data",357.523773,0.000082,,0x0F
"ch1","data",357.52386,0.000082,,0x00
"ch1","data",357.5239465,0.000082,,0x01
"ch1","data",357.5240335,0.000082,,0x00
"ch1","data",357.52412,0.000082,,0x00
"ch1","data",357.524207,0.000082,,0x00
"ch1","data",357.5242935,0.000082,,0x00
"ch1","data",357.5243805,0.000082,,0x00
"ch1","data",357.524467,0.000082,,0x00
"ch1","data",357.524554,0.000082,,0x09
"ch1","data",357.5246405,0.000082,,0x00
"ch1","data",357.5247275,0.000082,,0x16
"ch1","data",357.524814,0.000082,,0x25
"ch1","data",357.524901,0.000082,,0x61
"ch1","data",357.5249875,0.000082,,0x07
"ch1","data",357.5250745,0.000082,,0x73
"ch1","data",357.525161,0.000082,,0x62
"ch1","data",357.525248,0.000082,,0x00
"ch1","data",357.5253345,0.000082,,0x00
"ch1","data",357.5254215,0.000082,,0xFF
"ch1","data",357.525508,0.000082,,0x04
"ch1","data",357.525595,0.000082,,0xFF
"ch1","data",357.5256815,0.000082,,0x0F
"ch1","data",357.5257685,0.000082,,0x04
"ch1","data",357.525855,0.000082,,0x40
"ch1","data",357.525942,0.000082,,0x0C
"ch1","data",357.5260285,0.000082,,0xFE
"ch1","data",357.5261155,0.000082,,0x00
"ch1","data",357.526202,0.000082,,0x00
"ch1","data",357.526289,0.000082,,0x00
"ch1","data",357.5263755,0.000082,,0x01
"ch1","data",357.5264625,0.000082,,0x00
"ch1","data",357.526549,0.000082,,0x13
"ch1","data",357.526636,0.000082,,0x00
"ch1","data",357.5267225,0.000082,,0x00
"ch1","data",357.5268095,0.000082,,0x2C
"ch1","data",357.526896,0.000082,,0xCC
"ch1","data",357.526983,0.000082,,0xBF
"ch1","data",357.5270695,0.000082,,0xCF
"ch1","data",357.5271565,0.000082,,0x7D
"ch1","data",357.527243,0.000082,,0x0D
"ch1","data",357.52733,0.000082,,0x0A
"ch1","data",357.5274165,0.000082,,0x0D
"ch1","data",357.5275035,0.000082,,0x0A
"ch1","data",357.52759,0.000082,,0x0D
"ch1","data",357.527677,0.000082,,0x0A
"ch1","data",357.5277635,0.000082,,0x00
"ch1","data",357.5278505,0.000082,,0x7B
"ch1","data",357.527937,0.000082,,0x0C
"ch1","data",357.528024,0.000082,,0x00
"ch1","data",357.5281105,0.000082,,0x01
"ch1","data",357.5281975,0.000082,,0x00
"ch1","data",357.528284,0.000082,,0x03
"ch1","data",357.528371,0.000082,,0x00
"ch1","data",357.5284575,0.000082,,0x01
"ch1","data",357.5285445,0.000082,,0x00
"ch1","data",357.528631,0.000082,,0x00
"ch1","data",357.528718,0.000082,,0x00
"ch1","data",357.5288045,0.000082,,0xB0
"ch1","data",357.5288915,0.000082,,0xC0
"ch1","data",357.528978,0.000082,,0x7D
"ch1","data",357.529065,0.000082,,0x0D
"ch1","data",357.5291515,0.000082,,0x0A
"ch0","data",362.7090295,0.000082,,0xDD
"ch0","data",362.709114,0.000082,,0x02
"ch0","data",362.709199,0.000082,,0x00
"ch0","data",362.7092835,0.000082,,0x3B
"ch0","data",362.709368,0.000082,,0x00
"ch0","data",362.7094525,0.000082,,0x7B
"ch0","data",362.709537,0.000082,,0x38
"ch0","data",362.709622,0.000082,,0x00
"ch0","data",362.7097065,0.000082,,0x11
"ch0","data",362.709791,0.000082,,0x00
"ch0","data",362.7098755,0.000082,,0x01
"ch0","data",362.7099605,0.000082,,0x00
"ch0","data",362.710045,0.000082,,0x00
"ch0","data",362.7101295,0.000082,,0x00
"ch0","data",362.710214,0.000082,,0x01
"ch0","data",362.710299,0.000082,,0x00
"ch0","data",362.7103835,0.000082,,0x00
"ch0","data",362.710468,0.000082,,0x12
"ch0","data",362.7105525,0.000082,,0x4B
"ch0","data",362.7106375,0.000082,,0x00
"ch0","data",362.710722,0.000082,,0x38
"ch0","data",362.7108065,0.000082,,0x0D
"ch0","data",362.710891,0.000082,,0x16
"ch0","data",362.710976,0.000082,,0xFD
"ch0","data",362.71106,0.000082,,0x03
"ch0","data",362.711145,0.000082,,0x00
"ch0","data",362.7112295,0.000082,,0x45
"ch0","data",362.711314,0.000082,,0x09
"ch0","data",362.7113985,0.000082,,0xA5
"ch0","data",362.7114835,0.000082,,0x27
"ch0","data",362.711568,0.000082,,0x2F
"ch0","data",362.7116525,0.000082,,0x05
"ch0","data",362.7117375,0.000082,,0xCC
"ch0","data",362.711822,0.000082,,0xFF
"ch0","data",362.711907,0.000082,,0x64
"ch0","data",362.7119915,0.000082,,0x00
"ch0","data",362.712076,0.000082,,0xEE
"ch0","data",362.712161,0.000082,,0x02
"ch0","data",362.7122455,0.000082,,0x00
"ch0","data",362.71233,0.000082,,0x00
"ch0","data",362.712415,0.000082,,0x00
"ch0","data",362.7124995,0.000082,,0x00
"ch0","data",362.712584,0.000082,,0x00
"ch0","data",362.712669,0.000082,,0x00
"ch0","data",362.7127535,0.000082,,0x0A
"ch0","data",362.712838,0.000082,,0x04
"ch0","data",362.712923,0.000082,,0x00
"ch0","data",362.7130075,0.000082,,0x00
"ch0","data",362.713092,0.000082,,0x00
"ch0","data",362.713177,0.000082,,0x00
"ch0","data",362.7132615,0.000082,,0x00
"ch0","data",362.7133465,0.000082,,0x00
"ch0","data",362.713431,0.000082,,0x06
"ch0","data",362.7135155,0.000082,,0x01
"ch0","data",362.7136005,0.000082,,0x00
"ch0","data",362.713685,0.000082,,0x00
"ch0","data",362.7137695,0.000082,,0x00
"ch0","data",362.7138545,0.000082,,0x00
"ch0","data",362.713939,0.000082,,0x00
"ch0","data",362.714024,0.000082,,0x00
"ch0","data",362.7141085,0.000082,,0x84
"ch0","data",362.714193,0.000082,,0x35
"ch0","data",362.714278,0.000082,,0x7D
"ch0","data",362.7478475,0.000082,,0xDD
"ch0","data",362.747932,0.000082,,0x01
"ch0","data",362.7480165,0.000082,,0x00
"ch0","data",362.748101,0.000082,,0x0C
"ch0","data",362.748186,0.000082,,0x54
"ch0","data",362.7482705,0.000082,,0x58
"ch0","data",362.748355,0.000082,,0x20
"ch0","data",362.74844,0.000082,,0x73
"ch0","data",362.7485245,0.000082,,0x75
"ch0","data",362.7486095,0.000082,,0x63
"ch0","data",362.748694,0.000082,,0x63
"ch0","data",362.7487785,0.000082,,0x65
"ch0","data",362.748863,0.000082,,0x65
"ch0","data",362.7489475,0.000082,,0x64
"ch0","data",362.7490325,0.000082,,0x65
"ch0","data",362.749117,0.000082,,0x64
"ch0","data",363.054793,0.000082,,0xDD
"ch0","data",363.0548775,0.000082,,0x02
"ch0","data",363.054962,0.000082,,0x00
"ch0","data",363.055047,0.000082,,0x3B
"ch0","data",363.0551315,0.000082,,0x00
"ch0","data",363.055216,0.000082,,0x7B
"ch0","data",363.055301,0.000082,,0x38
"ch0","data",363.0553855,0.000082,,0x00
"ch0","data",363.05547,0.000082,,0x11
"ch0","data",363.055555,0.000082,,0x00
"ch0","data",363.0556395,0.000082,,0x01
"ch0","data",363.0557245,0.000082,,0x00
"ch0","data",363.055809,0.000082,,0x00
"ch0","data",363.0558935,0.000082,,0x00
"ch0","data",363.0559785,0.000082,,0x01
"ch0","data",363.056063,0.000082,,0x00
"ch0","data",363.0561475,0.000082,,0x46
"ch0","data",363.056232,0.000082,,0x81
"ch0","data",363.056317,0.000082,,0x9E
"ch0","data",363.0564015,0.000082,,0xE3
"ch0","data",363.056486,0.000082,,0x00
"ch0","data",363.0565705,0.000082,,0x1D
"ch0","data",363.0566555,0.000082,,0x00
"ch0","data",363.05674,0.000082,,0x0F
"ch0","data",363.0568245,0.000082,,0x20
"ch0","data",363.0569095,0.000082,,0x00
"ch0","data",363.056994,0.000082,,0xEB
"ch0","data",363.0570785,0.000082,,0x0A
"ch0","data",363.0571635,0.000082,,0xA5
"ch0","data",363.057248,0.000082,,0x27
"ch0","data",363.057333,0.000082,,0x56
"ch0","data",363.0574175,0.000082,,0x97
"ch0","data",363.057502,0.000082,,0x00
"ch0","data",363.057587,0.000082,,0x00
"ch0","data",363.0576715,0.000082,,0x00
"ch0","data",363.0577565,0.000082,,0x00
"ch0","data",363.057841,0.000082,,0x00
"ch0","data",363.0579255,0.000082,,0x00
"ch0","data",363.0580105,0.000082,,0x61
"ch0","data",363.058095,0.000082,,0x07
"ch0","data",363.0581795,0.000082,,0x73
"ch0","data",363.0582645,0.000082,,0x62
"ch0","data",363.058349,0.000082,,0x29
"ch0","data",363.0584335,0.000082,,0x00
"ch0","data",363.0585185,0.000082,,0x8D
"ch0","data",363.058603,0.000082,,0x00
"ch0","data",363.058688,0.000082,,0x00
"ch0","data",363.0587725,0.000082,,0x88
"ch0","data",363.058857,0.000082,,0x00
"ch0","data",363.058942,0.000082,,0x00
"ch0","data",363.0590265,0.000082,,0x98
"ch0","data",363.059111,0.000082,,0x00
"ch0","data",363.059196,0.000082,,0x9F
"ch0","data",363.0592805,0.000082,,0x00
"ch0","data",363.0593655,0.000082,,0x09
"ch0","data",363.05945,0.000082,,0x00
"ch0","data",363.0595345,0.000082,,0x00
"ch0","data",363.0596195,0.000082,,0x00
"ch0","data",363.059704,0.000082,,0x67
"ch0","data",363.0597885,0.000082,,0x0E
"ch0","data",363.0598735,0.000082,,0x7B
"ch0","data",363.059958,0.000082,,0x62
"ch0","data",363.060043,0.000082,,0x7D
"ch0","data",363.109965,0.000082,,0xDD
"ch0","data",363.1100495,0.000082,,0x02
"ch0","data",363.1101345,0.000082,,0x00
"ch0","data",363.110219,0.000082,,0x0F
"ch0","data",363.1103035,0.000082,,0x00
"ch0","data",363.110388,0.000082,,0x7B
"ch0","data",363.110473,0.000082,,0x0C
"ch0","data",363.1105575,0.000082,,0x00
"ch0","data",363.110642,0.000082,,0x11
"ch0","data",363.110727,0.000082,,0x00
"ch0","data",363.1108115,0.000082,,0x00
"ch0","data",363.1108965,0.000082,,0x00
"ch0","data",363.110981,0.000082,,0x00
"ch0","data",363.1110655,0.000082,,0x00
"ch0","data",363.1111505,0.000082,,0x01
"ch0","data",363.111235,0.000082,,0x00
"ch0","data",363.1113195,0.000082,,0x61
"ch0","data",363.1114045,0.000082,,0x76
"ch0","data",363.111489,0.000082,,0x7D
"ch1","data",363.387084,0.000082,,0x0D
"ch1","data",363.387171,0.000082,,0x0A
"ch1","data",363.3872575,0.000082,,0x00
"ch1","data",363.3873445,0.000082,,0x7B
"ch1","data",363.387431,0.000082,,0x38
"ch1","data",363.387518,0.000082,,0x00
"ch1","data",363.3876045,0.000082,,0x01
"ch1","data",363.3876915,0.000082,,0x00
"ch1","data",363.387778,0.000082,,0x05
"ch1","data",363.387865,0.000082,,0x00
"ch1","data",363.3879515,0.000082,,0x01
"ch1","data",363.3880385,0.000082,,0x00
"ch1","data",363.388125,0.000082,,0x00
"ch1","data",363.388212,0.000082,,0x00
"ch1","data",363.3882985,0.000082,,0x46
"ch1","data",363.3883855,0.000082,,0x81
"ch1","data",363.388472,0.000082,,0x9E
"ch1","data",363.388559,0.000082,,0xE3
"ch1","data",363.3886455,0.000082,,0x00
"ch1","data",363.3887325,0.000082,,0x1D
"ch1","data",363.388819,0.000082,,0x00
"ch1","data",363.388906,0.000082,,0x0F
"ch1","data",363.3889925,0.000082,,0x00
"ch1","data",363.3890795,0.000082,,0x01
"ch1","data",363.389166,0.000082,,0x00
"ch1","data",363.389253,0.000082,,0x00
"ch1","data",363.3893395,0.000082,,0x00
"ch1","data",363.3894265,0.000082,,0x00
"ch1","data",363.389513,0.000082,,0x00
"ch1","data",363.3896,0.000082,,0x00
"ch1","data",363.3896865,0.000082,,0x09
"ch1","data",363.3897735,0.000082,,0x00
"ch1","data",363.38986,0.000082,,0x16
"ch1","data",363.389947,0.000082,,0x25
"ch1","data",363.3900335,0.000082,,0x61
"ch1","data",363.3901205,0.000082,,0x07
"ch1","data",363.390207,0.000082,,0x73
"ch1","data",363.390294,0.000082,,0x62
"ch1","data",363.3903805,0.000082,,0x00
"ch1","data",363.3904675,0.000082,,0x00
"ch1","data",363.390554,0.000082,,0xFF
"ch1","data",363.390641,0.000082,,0x04
"ch1","data",363.3907275,0.000082,,0xFF
"ch1","data",363.3908145,0.000082,,0x0F
"ch1","data",363.390901,0.000082,,0x04
"ch1","data",363.390988,0.000082,,0x40
"ch1","data",363.3910745,0.000082,,0x0C
"ch1","data",363.3911615,0.000082,,0xFE
"ch1","data",363.391248,0.000082,,0x00
"ch1","data",363.391335,0.000082,,0x00
"ch1","data",363.3914215,0.000082,,0x00
"ch1","data",363.3915085,0.000082,,0x01
"ch1","data",363.391595,0.000082,,0x00
"ch1","data",363.391682,0.000082,,0x13
"ch1","data",363.3917685,0.000082,,0x00
"ch1","data",363.3918555,0.000082,,0x00
"ch1","data",363.391942,0.000082,,0x2C
"ch1","data",363.392029,0.000082,,0xCC
"ch1","data",363.3921155,0.000082,,0xBF
"ch1","data",363.3922025,0.000082,,0xCF
"ch1","data",363.392289,0.000082,,0x7D
"ch1","data",363.392376,0.000082,,0x0D
"ch1","data",363.3924625,0.000082,,0x0A
"ch1","data",363.3925495,0.000082,,0x0D
"ch1","data",363.392636,0.000082,,0x0A
"ch1","data",363.392723,0.000082,,0x00
"ch1","data",363.3928095,0.000082,,0x7B
"ch1","data",363.3928965,0.000082,,0x38
"ch1","data",363.392983,0.000082,,0x00
"ch1","data",363.39307,0.000082,,0x01
"ch1","data",363.3931565,0.000082,,0x00
"ch1","data",363.3932435,0.000082,,0x05
"ch1","data",363.39333,0.000082,,0x00
"ch1","data",363.393417,0.000082,,0x01
"ch1","data",363.3935035,0.000082,,0x00
"ch1","data",363.3935905,0.000082,,0x00
"ch1","data",363.393677,0.000082,,0x00
"ch1","data",363.393764,0.000082,,0x00
"ch1","data",363.3938505,0.000082,,0x12
"ch1","data",363.3939375,0.000082,,0x4B
"ch1","data",363.394024,0.000082,,0x00
"ch1","data",363.394111,0.000082,,0x38
"ch1","data",363.3941975,0.000082,,0x0D
"ch1","data",363.3942845,0.000082,,0x16
"ch1","data",363.394371,0.000082,,0xFD
"ch1","data",363.394458,0.000082,,0x00
"ch1","data",363.3945445,0.000082,,0x00
"ch1","data",363.3946315,0.000082,,0x00
"ch1","data",363.394718,0.000082,,0x00
"ch1","data",363.394805,0.000082,,0x00
"ch1","data",363.3948915,0.000082,,0x00
"ch1","data",363.3949785,0.000082,,0x00
"ch1","data",363.395065,0.000082,,0x00
"ch1","data",363.395152,0.000082,,0x3E
"ch1","data",363.3952385,0.000082,,0x00
"ch1","data",363.3953255,0.000082,,0xFF
"ch1","data",363.395412,0.000082,,0x41
"ch1","data",363.395499,0.000082,,0x04
"ch1","data",363.3955855,0.000082,,0x00
"ch1","data",363.3956725,0.000082,,0x00
"ch1","data",363.395759,0.000082,,0x00
"ch1","data",363.395846,0.000082,,0x90
"ch1","data",363.3959325,0.000082,,0x01
"ch1","data",363.3960195,0.000082,,0x14
"ch1","data",363.396106,0.000082,,0x00
"ch1","data",363.396193,0.000082,,0x00
"ch1","data",363.3962795,0.000082,,0x00
"ch1","data",363.3963665,0.000082,,0x00
"ch1","data",363.396453,0.000082,,0x00
"ch1","data",363.39654,0.000082,,0x00
"ch1","data",363.3966265,0.000082,,0x00
"ch1","data",363.3967135,0.000082,,0x00
"ch1","data",363.3968,0.000082,,0x00
"ch1","data",363.396887,0.000082,,0x00
"ch1","data",363.3969735,0.000082,,0x00
"ch1","data",363.3970605,0.000082,,0x00
"ch1","data",363.397147,0.000082,,0x00
"ch1","data",363.397234,0.000082,,0x00
"ch1","data",363.3973205,0.000082,,0x00
"ch1","data",363.3974075,0.000082,,0x00
"ch1","data",363.397494,0.000082,,0x00
"ch1","data",363.397581,0.000082,,0xBA
"ch1","data",363.3976675,0.000082,,0x74
"ch1","data",363.3977545,0.000082,,0x7D
"ch1","data",363.397841,0.000082,,0x0D
"ch1","data",363.397928,0.000082,,0x0A
"ch1","data",363.3980145,0.000082,,0x0D
"ch1","data",363.3981015,0.000082,,0x0A
"ch1","data",363.398188,0.000082,,0x0D
"ch1","data",363.398275,0.000082,,0x0A
"ch1","data",363.3983615,0.000082,,0x00
"ch1","data",363.3984485,0.000082,,0x7B
"ch1","data",363.398535,0.000082,,0x0C
"ch1","data",363.398622,0.000082,,0x00
"ch1","data",363.3987085,0.000082,,0x01
"ch1","data",363.3987955,0.000082,,0x00
"ch1","data",363.398882,0.000082,,0x03
"ch1","data",363.398969,0.000082,,0x00
"ch1","data",363.3990555,0.000082,,0x01
"ch1","data",363.3991425,0.000082,,0x00
"ch1","data",363.399229,0.000082,,0x00
"ch1","data",363.399316,0.000082,,0x00
"ch1","data",363.3994025,0.000082,,0xB0
"ch1","data",363.3994895,0.000082,,0xC0
"ch1","data",363.399576,0.000082,,0x7D
"ch1","data",363.399663,0.000082,,0x0D
"ch1","data",363.3997495,0.000082,,0x0A
"ch0","data",369.2711175,0.000082,,0xDD
"ch0","data",369.271202,0.000082,,0x02
"ch0","data",369.271287,0.000082,,0x00
"ch0","data",369.2713715,0.000082,,0x3B
"ch0","data",369.271456,0.000082,,0x00
"ch0","data",369.2715405,0.000082,,0x7B
"ch0","data",369.271625,0.000082,,0x38
"ch0","data",369.27171,0.000082,,0x00
"ch0","data",369.2717945,0.000082,,0x11
"ch0","data",369.271879,0.000082,,0x00
"ch0","data",369.2719635,0.000082,,0x01
"ch0","data",369.2720485,0.000082,,0x00
"ch0","data",369.272133,0.000082,,0x00
"ch0","data",369.2722175,0.000082,,0x00
"ch0","data",369.2723025,0.000082,,0x01
"ch0","data",369.272387,0.000082,,0x00
"ch0","data",369.2724715,0.000082,,0x46
"ch0","data",369.272556,0.000082,,0x81
"ch0","data",369.272641,0.000082,,0x9E
"ch0","data",369.2727255,0.000082,,0xE3
"ch0","data",369.27281,0.000082,,0x00
"ch0","data",369.2728945,0.000082,,0x1D
"ch0","data",369.272979,0.000082,,0x00
"ch0","data",369.273064,0.000082,,0x0F
"ch0","data",369.2731485,0.000082,,0x20
"ch0","data",369.273233,0.000082,,0x00
"ch0","data",369.273318,0.000082,,0xEB
"ch0","data",369.2734025,0.000082,,0x0A
"ch0","data",369.2734875,0.000082,,0xA5
"ch0","data",369.273572,0.000082,,0x27
"ch0","data",369.2736565,0.000082,,0x56
"ch0","data",369.2737415,0.000082,,0x97
"ch0","data",369.273826,0.000082,,0x00
"ch0","data",369.2739105,0.000082,,0x00
"ch0","data",369.2739955,0.000082,,0x00
"ch0","data",369.27408,0.000082,,0x00
"ch0","data",369.274165,0.000082,,0x00
"ch0","data",369.2742495,0.000082,,0x00
"ch0","data",369.274334,0.000082,,0x61
"ch0","data",369.274419,0.000082,,0x07
"ch0","data",369.2745035,0.000082,,0x73
"ch0","data",369.274588,0.000082,,0x62
"ch0","data",369.274673,0.000082,,0x29
"ch0","data",369.2747575,0.000082,,0x00
"ch0","data",369.274842,0.000082,,0x8D
"ch0","data",369.2749265,0.000082,,0x00
"ch0","data",369.2750115,0.000082,,0x00
"ch0","data",369.275096,0.000082,,0x88
"ch0","data",369.2751805,0.000082,,0x00
"ch0","data",369.275265,0.000082,,0x00
"ch0","data",369.2753495,0.000082,,0x98
"ch0","data",369.2754345,0.000082,,0x00
"ch0","data",369.275519,0.000082,,0x9F
"ch0","data",369.2756035,0.000082,,0x00
"ch0","data",369.2756885,0.000082,,0x09
"ch0","data",369.275773,0.000082,,0x00
"ch0","data",369.2758575,0.000082,,0x00
"ch0","data",369.275942,0.000082,,0x00
"ch0","data",369.2760265,0.000082,,0x67
"ch0","data",369.276111,0.000082,,0x0E
"ch0","data",369.276196,0.000082,,0x7B
"ch0","data",369.2762805,0.000082,,0x62
"ch0","data",369.276365,0.000082,,0x7D
"ch0","data",369.2764495,0.000082,,0xDD
"ch0","data",369.276534,0.000082,,0x02
"ch0","data",369.276619,0.000082,,0x00
"ch0","data",369.2767035,0.000082,,0x0F
"ch0","data",369.276788,0.000082,,0x00
"ch0","data",369.276873,0.000082,,0x7B
"ch0","data",369.2769575,0.000082,,0x0C
"ch0","data",369.2770425,0.000082,,0x00
"ch0","data",369.277127,0.000082,,0x11
"ch0","data",369.2772115,0.000082,,0x00
"ch0","data",369.2772965,0.000082,,0x00
"ch0","data",369.277381,0.000082,,0x00
"ch0","data",369.2774655,0.000082,,0x00
"ch0","data",369.2775505,0.000082,,0x00
"ch0","data",369.277635,0.000082,,0x01
"ch0","data",369.2777195,0.000082,,0x00
"ch0","data",369.2778045,0.000082,,0x61
"ch0","data",369.277889,0.000082,,0x76
"ch0","data",369.2779735,0.000082,,0x7D
"ch1","data",369.547718,0.000082,,0x0D
"ch1","data",369.5478045,0.000082,,0x0A
"ch1","data",369.5478915,0.000082,,0x00
"ch1","data",369.547978,0.000082,,0x7B
"ch1","data",369.548065,0.000082,,0x38
"ch1","data",369.5481515,0.000082,,0x00
"ch1","data",369.5482385,0.000082,,0x01
"ch1","data",369.548325,0.000082,,0x00
"ch1","data",369.548412,0.000082,,0x05
"ch1","data",369.5484985,0.000082,,0x00
"ch1","data",369.5485855,0.000082,,0x01
"ch1","data",369.548672,0.000082,,0x00
"ch1","data",369.548759,0.000082,,0x00
"ch1","data",369.5488455,0.000082,,0x00
"ch1","data",369.5489325,0.000082,,0x46
"ch1","data",369.549019,0.000082,,0x81
"ch1","data",369.549106,0.000082,,0x9E
"ch1","data",369.5491925,0.000082,,0xE3
"ch1","data",369.5492795,0.000082,,0x00
"ch1","data",369.549366,0.000082,,0x1D
"ch1","data",369.549453,0.000082,,0x00
"ch1","data",369.5495395,0.000082,,0x0F
"ch1","data",369.5496265,0.000082,,0x00
"ch1","data",369.549713,0.000082,,0x01
"ch1","data",369.5498,0.000082,,0x00
"ch1","data",369.5498865,0.000082,,0x00
"ch1","data",369.5499735,0.000082,,0x00
"ch1","data",369.55006,0.000082,,0x00
"ch1","data",369.550147,0.000082,,0x00
"ch1","data",369.5502335,0.000082,,0x00
"ch1","data",369.5503205,0.000082,,0x09
"ch1","data",369.550407,0.000082,,0x00
"ch1","data",369.550494,0.000082,,0x16
"ch1","data",369.5505805,0.000082,,0x25
"ch1","data",369.5506675,0.000082,,0x61
"ch1","data",369.550754,0.000082,,0x07
"ch1","data",369.550841,0.000082,,0x73
"ch1","data",369.5509275,0.000082,,0x62
"ch1","data",369.5510145,0.000082,,0x00
"ch1","data",369.551101,0.000082,,0x00
"ch1","data",369.551188,0.000082,,0xFF
"ch1","data",369.5512745,0.000082,,0x04
"ch1","data",369.5513615,0.000082,,0xFF
"ch1","data",369.551448,0.000082,,0x0F
"ch1","data",369.551535,0.000082,,0x04
"ch1","data",369.5516215,0.000082,,0x40
"ch1","data",369.5517085,0.000082,,0x0C
"ch1","data",369.551795,0.000082,,0xFE
"ch1","data",369.551882,0.000082,,0x00
"ch1","data",369.5519685,0.000082,,0x00
"ch1","data",369.5520555,0.000082,,0x00
"ch1","data",369.552142,0.000082,,0x01
"ch1","data",369.552229,0.000082,,0x00
"ch1","data",369.5523155,0.000082,,0x13
"ch1","data",369.5524025,0.000082,,0x00
"ch1","data",369.552489,0.000082,,0x00
"ch1","data",369.552576,0.000082,,0x2C
"ch1","data",369.5526625,0.000082,,0xCC
"ch1","data",369.5527495,0.000082,,0xBF
"ch1","data",369.552836,0.000082,,0xCF
"ch1","data",369.552923,0.000082,,0x7D
"ch1","data",369.5530095,0.000082,,0x0D
"ch1","data",369.5530965,0.000082,,0x0A
"ch1","data",369.553183,0.000082,,0x0D
"ch1","data",369.55327,0.000082,,0x0A
"ch1","data",369.5533565,0.000082,,0x00
"ch1","data",369.5534435,0.000082,,0x7B
"ch1","data",369.55353,0.000082,,0x38
"ch1","data",369.553617,0.000082,,0x00
"ch1","data",369.5537035,0.000082,,0x01
"ch1","data",369.5537905,0.000082,,0x00
"ch1","data",369.553877,0.000082,,0x05
"ch1","data",369.553964,0.000082,,0x00
"ch1","data",369.5540505,0.000082,,0x01
"ch1","data",369.5541375,0.000082,,0x00
"ch1","data",369.554224,0.000082,,0x00
"ch1","data",369.554311,0.000082,,0x00
"ch1","data",369.5543975,0.000082,,0x00
"ch1","data",369.5544845,0.000082,,0x12
"ch1","data",369.554571,0.000082,,0x4B
"ch1","data",369.554658,0.000082,,0x00
"ch1","data",369.5547445,0.000082,,0x38
"ch1","data",369.5548315,0.000082,,0x0D
"ch1","data",369.554918,0.000082,,0x16
"ch1","data",369.555005,0.000082,,0xFD
"ch1","data",369.5550915,0.000082,,0x00
"ch1","data",369.5551785,0.000082,,0x00
"ch1","data",369.555265,0.000082,,0x00
"ch1","data",369.555352,0.000082,,0x00
"ch1","data",369.5554385,0.000082,,0x00
"ch1","data",369.5555255,0.000082,,0x00
"ch1","data",369.555612,0.000082,,0x00
"ch1","data",369.555699,0.000082,,0x00
"ch1","data",369.5557855,0.000082,,0x3E
"ch1","data",369.5558725,0.000082,,0x00
"ch1","data",369.555959,0.000082,,0xFF
"ch1","data",369.556046,0.000082,,0x41
"ch1","data",369.5561325,0.000082,,0x04
"ch1","data",369.5562195,0.000082,,0x00
"ch1","data",369.556306,0.000082,,0x00
"ch1","data",369.556393,0.000082,,0x00
"ch1","data",369.5564795,0.000082,,0x90
"ch1","data",369.5565665,0.000082,,0x01
"ch1","data",369.556653,0.000082,,0x14
"ch1","data",369.55674,0.000082,,0x00
"ch1","data",369.5568265,0.000082,,0x00
"ch1","data",369.5569135,0.000082,,0x00
"ch1","data",369.557,0.000082,,0x00
"ch1","data",369.557087,0.000082,,0x00
"ch1","data",369.5571735,0.000082,,0x00
"ch1","data",369.5572605,0.000082,,0x00
"ch1","data",369.557347,0.000082,,0x00
"ch1","data",369.557434,0.000082,,0x00
"ch1","data",369.5575205,0.000082,,0x00
"ch1","data",369.5576075,0.000082,,0x00
"ch1","data",369.557694,0.000082,,0x00
"ch1","data",369.557781,0.000082,,0x00
"ch1","data",369.5578675,0.000082,,0x00
"ch1","data",369.5579545,0.000082,,0x00
"ch1","data",369.558041,0.000082,,0x00
"ch1","data",369.558128,0.000082,,0x00
"ch1","data",369.5582145,0.000082,,0xBA
"ch1","data",369.5583015,0.000082,,0x74
"ch1","data",369.558388,0.000082,,0x7D
"ch1","data",369.558475,0.000082,,0x0D
"ch1","data",369.5585615,0.000082,,0x0A
"ch1","data",369.5586485,0.000082,,0x0D
"ch1","data",369.558735,0.000082,,0x0A
"ch1","data",369.558822,0.000082,,0x0D
"ch1","data",369.5589085,0.000082,,0x0A
"ch1","data",369.5589955,0.000082,,0x00
"ch1","data",369.559082,0.000082,,0x7B
"ch1","data",369.559169,0.000082,,0x0C
"ch1","data",369.5592555,0.000082,,0x00
"ch1","data",369.5593425,0.000082,,0x01
"ch1","data",369.559429,0.000082,,0x00
"ch1","data",369.559516,0.000082,,0x03
"ch1","data",369.5596025,0.000082,,0x00
"ch1","data",369.5596895,0.000082,,0x01
"ch1","data",369.559776,0.000082,,0x00
"ch1","data",369.559863,0.000082,,0x00
"ch1","data",369.5599495,0.000082,,0x00
"ch1","data",369.5600365,0.000082,,0xB0
"ch1","data",369.560123,0.000082,,0xC0
"ch1","data",369.56021,0.000082,,0x7D
"ch1","data",369.5602965,0.000082,,0x0D
"ch1","data",369.5603835,0.000082,,0x0A
"ch0","data",375.6727835,0.000082,,0xDD
"ch0","data",375.672868,0.000082,,0x02
"ch0","data",375.6729525,0.000082,,0x00
"ch0","data",375.673037,0.000082,,0x3B
"ch0","data",375.673122,0.000082,,0x00
"ch0","data",375.673206,0.000082,,0x7B
"ch0","data",375.673291,0.000082,,0x38
"ch0","data",375.6733755,0.000082,,0x00
"ch0","data",375.67346,0.000082,,0x11
"ch0","data",375.673545,0.000082,,0x00
"ch0","data",375.6736295,0.000082,,0x01
"ch0","data",375.6737145,0.000082,,0x00
"ch0","data",375.673799,0.000082,,0x00
"ch0","data",375.6738835,0.000082,,0x00
"ch0","data",375.673968,0.000082,,0x01
"ch0","data",375.6740525,0.000082,,0x00
"ch0","data",375.6741375,0.000082,,0x46
"ch0","data",375.674222,0.000082,,0x81
"ch0","data",375.6743065,0.000082,,0x9E
"ch0","data",375.674391,0.000082,,0xE3
"ch0","data",375.6744755,0.000082,,0x00
"ch0","data",375.6745605,0.000082,,0x1D
"ch0","data",375.674645,0.000082,,0x00
"ch0","data",375.6747295,0.000082,,0x0F
"ch0","data",375.674814,0.000082,,0x20
"ch0","data",375.6748985,0.000082,,0x00
"ch0","data",375.6749835,0.000082,,0xF3
"ch0","data",375.675068,0.000082,,0x0A
"ch0","data",375.675153,0.000082,,0xA5
"ch0","data",375.6752375,0.000082,,0x27
"ch0","data",375.675322,0.000082,,0x56
"ch0","data",375.6754065,0.000082,,0xA1
"ch0","data",375.6754915,0.000082,,0x00
"ch0","data",375.675576,0.000082,,0x00
"ch0","data",375.6756605,0.000082,,0x00
"ch0","data",375.6757455,0.000082,,0x00
"ch0","data",375.67583,0.000082,,0x00
"ch0","data",375.6759145,0.000082,,0x00
"ch0","data",375.675999,0.000082,,0x61
"ch0","data",375.676084,0.000082,,0x07
"ch0","data",375.6761685,0.000082,,0x73
"ch0","data",375.676253,0.000082,,0x62
"ch0","data",375.676338,0.000082,,0x29
"ch0","data",375.6764225,0.000082,,0x00
"ch0","data",375.676507,0.000082,,0x7C
"ch0","data",375.6765915,0.000082,,0x00
"ch0","data",375.6766765,0.000082,,0x00
"ch0","data",375.676761,0.000082,,0x88
"ch0","data",375.6768455,0.000082,,0x00
"ch0","data",375.67693,0.000082,,0x00
"ch0","data",375.677015,0.000082,,0x98
"ch0","data",375.6770995,0.000082,,0x00
"ch0","data",375.677184,0.000082,,0x9F
"ch0","data",375.6772685,0.000082,,0x00
"ch0","data",375.6773535,0.000082,,0x09
"ch0","data",375.677438,0.000082,,0x00
"ch0","data",375.6775225,0.000082,,0x00
"ch0","data",375.677607,0.000082,,0x00
"ch0","data",375.677692,0.000082,,0x41
"ch0","data",375.6777765,0.000082,,0x0E
"ch0","data",375.677861,0.000082,,0x2B
"ch0","data",375.6779455,0.000082,,0x67
"ch0","data",375.6780305,0.000082,,0x7D
"ch0","data",375.678115,0.000082,,0xDD
"ch0","data",375.6781995,0.000082,,0x02
"ch0","data",375.6782845,0.000082,,0x00
"ch0","data",375.678369,0.000082,,0x0F
"ch0","data",375.6784535,0.000082,,0x00
"ch0","data",375.6785385,0.000082,,0x7B
"ch0","data",375.678623,0.000082,,0x0C
"ch0","data",375.6787075,0.000082,,0x00
"ch0","data",375.678792,0.000082,,0x11
"ch0","data",375.6788765,0.000082,,0x00
"ch0","data",375.6789615,0.000082,,0x00
"ch0","data",375.679046,0.000082,,0x00
"ch0","data",375.6791305,0.000082,,0x00
"ch0","data",375.679215,0.000082,,0x00
"ch0","data",375.6793,0.000082,,0x01
"ch0","data",375.6793845,0.000082,,0x00
"ch0","data",375.679469,0.000082,,0x61
"ch0","data",375.6795535,0.000082,,0x76
"ch0","data",375.6796385,0.000082,,0x7D
"ch0","data",375.679723,0.000082,,0xDD
"ch0","data",375.6798075,0.000082,,0x02
"ch0","data",375.6798925,0.000082,,0x00
"ch0","data",375.679977,0.000082,,0x0F
"ch0","data",375.6800615,0.000082,,0x00
"ch0","data",375.680146,0.000082,,0x7B
"ch0","data",375.6802305,0.000082,,0x0C
"ch0","data",375.6803155,0.000082,,0x00
"ch0","data",375.6804,0.000082,,0x11
"ch0","data",375.6804845,0.000082,,0x00
"ch0","data",375.6805695,0.000082,,0x0B
"ch0","data",375.680654,0.000082,,0x00
"ch0","data",375.680739,0.000082,,0x00
"ch0","data",375.6808235,0.000082,,0x00
"ch0","data",375.680908,0.000082,,0x01
"ch0","data",375.6809925,0.000082,,0x00
"ch0","data",375.681077,0.000082,,0xC3
"ch0","data",375.681162,0.000082,,0xB5
"ch0","data",375.6812465,0.000082,,0x7D
"ch1","data",375.935671,0.000082,,0x0D
"ch1","data",375.935758,0.000082,,0x0A
"ch1","data",375.9358445,0.000082,,0x00
"ch1","data",375.9359315,0.000082,,0x7B
"ch1","data",375.936018,0.000082,,0x38
"ch1","data",375.936105,0.000082,,0x00
"ch1","data",375.9361915,0.000082,,0x01
"ch1","data",375.9362785,0.000082,,0x00
"ch1","data",375.936365,0.000082,,0x05
"ch1","data",375.936452,0.000082,,0x00
"ch1","data",375.9365385,0.000082,,0x01
"ch1","data",375.9366255,0.000082,,0x00
"ch1","data",375.936712,0.000082,,0x00
"ch1","data",375.936799,0.000082,,0x00
"ch1","data",375.9368855,0.000082,,0x46
"ch1","data",375.9369725,0.000082,,0x81
"ch1","data",375.937059,0.000082,,0x9E
"ch1","data",375.937146,0.000082,,0xE3
"ch1","data",375.9372325,0.000082,,0x00
"ch1","data",375.9373195,0.000082,,0x1D
"ch1","data",375.937406,0.000082,,0x00
"ch1","data",375.937493,0.000082,,0x0F
"ch1","data",375.9375795,0.000082,,0x00
"ch1","data",375.9376665,0.000082,,0x01
"ch1","data",375.937753,0.000082,,0x00
"ch1","data",375.93784,0.000082,,0x00
"ch1","data",375.9379265,0.000082,,0x00
"ch1","data",375.9380135,0.000082,,0x00
"ch1","data",375.9381,0.000082,,0x00
"ch1","data",375.938187,0.000082,,0x00
"ch1","data",375.9382735,0.000082,,0x09
"ch1","data",375.9383605,0.000082,,0x00
"ch1","data",375.938447,0.000082,,0x16
"ch1","data",375.938534,0.000082,,0x25
"ch1","data",375.9386205,0.000082,,0x61
"ch1","data",375.9387075,0.000082,,0x07
"ch1","data",375.938794,0.000082,,0x73
"ch1","data",375.938881,0.000082,,0x62
"ch1","data",375.9389675,0.000082,,0x00
"ch1","data",375.9390545,0.000082,,0x00
"ch1","data",375.939141,0.000082,,0xFF
"ch1","data",375.939228,0.000082,,0x04
"ch1","data",375.9393145,0.000082,,0xFF
"ch1","data",375.9394015,0.000082,,0x0F
"ch1","data",375.939488,0.000082,,0x04
"ch1","data",375.939575,0.000082,,0x40
"ch1","data",375.9396615,0.000082,,0x0C
"ch1","data",375.9397485,0.000082,,0xFE
"ch1","data",375.939835,0.000082,,0x00
"ch1","data",375.939922,0.000082,,0x00
"ch1","data",375.9400085,0.000082,,0x00
"ch1","data",375.9400955,0.000082,,0x01
"ch1","data",375.940182,0.000082,,0x00
"ch1","data",375.940269,0.000082,,0x13
"ch1","data",375.9403555,0.000082,,0x00
"ch1","data",375.9404425,0.000082,,0x00
"ch1","data",375.940529,0.000082,,0x2C
"ch1","data",375.940616,0.000082,,0xCC
"ch1","data",375.9407025,0.000082,,0xBF
"ch1","data",375.9407895,0.000082,,0xCF
"ch1","data",375.940876,0.000082,,0x7D
"ch1","data",375.940963,0.000082,,0x0D
"ch1","data",375.9410495,0.000082,,0x0A
"ch1","data",375.9411365,0.000082,,0x0D
"ch1","data",375.941223,0.000082,,0x0A
"ch1","data",375.94131,0.000082,,0x00
"ch1","data",375.9413965,0.000082,,0x7B
"ch1","data",375.9414835,0.000082,,0x38
"ch1","data",375.94157,0.000082,,0x00
"ch1","data",375.941657,0.000082,,0x01
"ch1","data",375.9417435,0.000082,,0x00
"ch1","data",375.9418305,0.000082,,0x05
"ch1","data",375.941917,0.000082,,0x00
"ch1","data",375.942004,0.000082,,0x01
"ch1","data",375.9420905,0.000082,,0x00
"ch1","data",375.9421775,0.000082,,0x00
"ch1","data",375.942264,0.000082,,0x00
"ch1","data",375.942351,0.000082,,0x00
"ch1","data",375.9424375,0.000082,,0x12
"ch1","data",375.9425245,0.000082,,0x4B
"ch1","data",375.942611,0.000082,,0x00
"ch1","data",375.942698,0.000082,,0x38
"ch1","data",375.9427845,0.000082,,0x0D
"ch1","data",375.9428715,0.000082,,0x16
"ch1","data",375.942958,0.000082,,0xFD
"ch1","data",375.943045,0.000082,,0x00
"ch1","data",375.9431315,0.000082,,0x00
"ch1","data",375.9432185,0.000082,,0x00
"ch1","data",375.943305,0.000082,,0x00
"ch1","data",375.943392,0.000082,,0x00
"ch1","data",375.9434785,0.000082,,0x00
"ch1","data",375.9435655,0.000082,,0x00
"ch1","data",375.943652,0.000082,,0x00
"ch1","data",375.943739,0.000082,,0x3E
"ch1","data",375.9438255,0.000082,,0x00
"ch1","data",375.9439125,0.000082,,0xFF
"ch1","data",375.943999,0.000082,,0x41
"ch1","data",375.944086,0.000082,,0x04
"ch1","data",375.9441725,0.000082,,0x00
"ch1","data",375.9442595,0.000082,,0x00
"ch1","data",375.944346,0.000082,,0x00
"ch1","data",375.944433,0.000082,,0x90
"ch1","data",375.9445195,0.000082,,0x01
"ch1","data",375.9446065,0.000082,,0x14
"ch1","data",375.944693,0.000082,,0x00
"ch1","data",375.94478,0.000082,,0x00
"ch1","data",375.9448665,0.000082,,0x00
"ch1","data",375.9449535,0.000082,,0x00
"ch1","data",375.94504,0.000082,,0x00
"ch1","data",375.945127,0.000082,,0x00
"ch1","data",375.9452135,0.000082,,0x00
"ch1","data",375.9453005,0.000082,,0x00
"ch1","data",375.945387,0.000082,,0x00
"ch1","data",375.945474,0.000082,,0x00
"ch1","data",375.9455605,0.000082,,0x00
"ch1","data",375.9456475,0.000082,,0x00
"ch1","data",375.945734,0.000082,,0x00
"ch1","data",375.945821,0.000082,,0x00
"ch1","data",375.9459075,0.000082,,0x00
"ch1","data",375.9459945,0.000082,,0x00
"ch1","data",375.946081,0.000082,,0x00
"ch1","data",375.946168,0.000082,,0xBA
"ch1","data",375.9462545,0.000082,,0x74
"ch1","data",375.9463415,0.000082,,0x7D
"ch1","data",375.946428,0.000082,,0x0D
"ch1","data",375.946515,0.000082,,0x0A
"ch1","data",375.9466015,0.000082,,0x0D
"ch1","data",375.9466885,0.000082,,0x0A
"ch1","data",375.946775,0.000082,,0x0D
"ch1","data",375.946862,0.000082,,0x0A
"ch1","data",375.9469485,0.000082,,0x00
"ch1","data",375.9470355,0.000082,,0x7B
"ch1","data",375.947122,0.000082,,0x0C
"ch1","data",375.947209,0.000082,,0x00
"ch1","data",375.9472955,0.000082,,0x01
"ch1","data",375.9473825,0.000082,,0x00
"ch1","data",375.947469,0.000082,,0x03
"ch1","data",375.947556,0.000082,,0x00
"ch1","data",375.9476425,0.000082,,0x01
"ch1","data",375.9477295,0.000082,,0x00
"ch1","data",375.947816,0.000082,,0x00
"ch1","data",375.947903,0.000082,,0x00
"ch1","data",375.9479895,0.000082,,0xB0
"ch1","data",375.9480765,0.000082,,0xC0
"ch1","data",375.948163,0.000082,,0x7D
"ch1","data",375.94825,0.000082,,0x0D
"ch1","data",375.9483365,0.000082,,0x0A
"ch1","data",377.340442,0.000082,,0x0D
"ch1","data",377.3405285,0.000082,,0x0A
"ch1","data",377.3406155,0.000082,,0x00
"ch1","data",377.340702,0.000082,,0x7B
"ch1","data",377.340789,0.000082,,0x0C
"ch1","data",377.3408755,0.000082,,0x00
"ch1","data",377.3409625,0.000082,,0x01
"ch1","data",377.341049,0.000082,,0x00
"ch1","data",377.341136,0.000082,,0x03
"ch1","data",377.3412225,0.000082,,0x00
"ch1","data",377.3413095,0.000082,,0x01
"ch1","data",377.341396,0.000082,,0x00
"ch1","data",377.341483,0.000082,,0x00
"ch1","data",377.3415695,0.000082,,0x00
"ch1","data",377.3416565,0.000082,,0xB0
"ch1","data",377.341743,0.000082,,0xC0
"ch1","data",377.34183,0.000082,,0x7D
"ch1","data",377.3419165,0.000082,,0x0D
"ch1","data",377.3420035,0.000082,,0x0A
"ch0","data",381.7537715,0.000082,,0xDD
"ch0","data",381.753856,0.000082,,0x02
"ch0","data",381.753941,0.000082,,0x00
"ch0","data",381.7540255,0.000082,,0x3B
"ch0","data",381.75411,0.000082,,0x00
"ch0","data",381.7541945,0.000082,,0x7B
"ch0","data",381.754279,0.000082,,0x38
"ch0","data",381.754364,0.000082,,0x00
"ch0","data",381.7544485,0.000082,,0x11
"ch0","data",381.7545335,0.000082,,0x00
"ch0","data",381.754618,0.000082,,0x01
"ch0","data",381.7547025,0.000082,,0x00
"ch0","data",381.7547875,0.000082,,0x00
"ch0","data",381.754872,0.000082,,0x00
"ch0","data",381.7549565,0.000082,,0x01
"ch0","data",381.755041,0.000082,,0x00
"ch0","data",381.755126,0.000082,,0x46
"ch0","data",381.7552105,0.000082,,0x81
"ch0","data",381.7552955,0.000082,,0x9E
"ch0","data",381.75538,0.000082,,0xE3
"ch0","data",381.7554645,0.000082,,0x00
"ch0","data",381.755549,0.000082,,0x1D
"ch0","data",381.755634,0.000082,,0x00
"ch0","data",381.7557185,0.000082,,0x0F
"ch0","data",381.755803,0.000082,,0x20
"ch0","data",381.755888,0.000082,,0x00
"ch0","data",381.7559725,0.000082,,0xF3
"ch0","data",381.7560575,0.000082,,0x0A
"ch0","data",381.756142,0.000082,,0xA5
"ch0","data",381.7562265,0.000082,,0x27
"ch0","data",381.756311,0.000082,,0x56
"ch0","data",381.756396,0.000082,,0xA1
"ch0","data",381.7564805,0.000082,,0x00
"ch0","data",381.756565,0.000082,,0x00
"ch0","data",381.75665,0.000082,,0x00
"ch0","data",381.7567345,0.000082,,0x00
"ch0","data",381.756819,0.000082,,0x00
"ch0","data",381.7569035,0.000082,,0x00
"ch0","data",381.756988,0.000082,,0x61
"ch0","data",381.757073,0.000082,,0x07
"ch0","data",381.7571575,0.000082,,0x73
"ch0","data",381.757242,0.000082,,0x62
"ch0","data",381.7573265,0.000082,,0x29
"ch0","data",381.7574115,0.000082,,0x00
"ch0","data",381.757496,0.000082,,0x7C
"ch0","data",381.7575805,0.000082,,0x00
"ch0","data",381.757665,0.000082,,0x00
"ch0","data",381.75775,0.000082,,0x88
"ch0","data",381.7578345,0.000082,,0x00
"ch0","data",381.7579195,0.000082,,0x00
"ch0","data",381.758004,0.000082,,0x98
"ch0","data",381.7580885,0.000082,,0x00
"ch0","data",381.7581735,0.000082,,0x9F
"ch0","data",381.758258,0.000082,,0x00
"ch0","data",381.7583425,0.000082,,0x09
"ch0","data",381.7584275,0.000082,,0x00
"ch0","data",381.758512,0.000082,,0x00
"ch0","data",381.758597,0.000082,,0x00
"ch0","data",381.7586815,0.000082,,0x41
"ch0","data",381.758766,0.000082,,0x0E
"ch0","data",381.758851,0.000082,,0x2B
"ch0","data",381.7589355,0.000082,,0x67
"ch0","data",381.75902,0.000082,,0x7D
"ch0","data",381.759105,0.000082,,0xDD
"ch0","data",381.7591895,0.000082,,0x02
"ch0","data",381.7592745,0.000082,,0x00
"ch0","data",381.759359,0.000082,,0x0F
"ch0","data",381.7594435,0.000082,,0x00
"ch0","data",381.7595285,0.000082,,0x7B
"ch0","data",381.759613,0.000082,,0x0C
"ch0","data",381.7596975,0.000082,,0x00
"ch0","data",381.759782,0.000082,,0x11
"ch0","data",381.7598665,0.000082,,0x00
"ch0","data",381.7599515,0.000082,,0x00
"ch0","data",381.760036,0.000082,,0x00
"ch0","data",381.7601205,0.000082,,0x00
"ch0","data",381.7602055,0.000082,,0x00
"ch0","data",381.76029,0.000082,,0x01
"ch0","data",381.7603745,0.000082,,0x00
"ch0","data",381.7604595,0.000082,,0x61
"ch0","data",381.760544,0.000082,,0x76
"ch0","data",381.7606285,0.000082,,0x7D
"ch1","data",382.0269765,0.000082,,0x0D
"ch1","data",382.0270635,0.000082,,0x0A
"ch1","data",382.02715,0.000082,,0x00
"ch1","data",382.027237,0.000082,,0x7B
"ch1","data",382.0273235,0.000082,,0x38
"ch1","data",382.0274105,0.000082,,0x00
"ch1","data",382.027497,0.000082,,0x01
"ch1","data",382.027584,0.000082,,0x00
"ch1","data",382.0276705,0.000082,,0x05
"ch1","data",382.0277575,0.000082,,0x00
"ch1","data",382.027844,0.000082,,0x01
"ch1","data",382.027931,0.000082,,0x00
"ch1","data",382.0280175,0.000082,,0x00
"ch1","data",382.0281045,0.000082,,0x00
"ch1","data",382.028191,0.000082,,0x46
"ch1","data",382.028278,0.000082,,0x81
"ch1","data",382.0283645,0.000082,,0x9E
"ch1","data",382.0284515,0.000082,,0xE3
"ch1","data",382.028538,0.000082,,0x00
"ch1","data",382.028625,0.000082,,0x1D
"ch1","data",382.0287115,0.000082,,0x00
"ch1","data",382.0287985,0.000082,,0x0F
"ch1","data",382.028885,0.000082,,0x00
"ch1","data",382.028972,0.000082,,0x01
"ch1","data",382.0290585,0.000082,,0x00
"ch1","data",382.0291455,0.000082,,0x00
"ch1","data",382.029232,0.000082,,0x00
"ch1","data",382.029319,0.000082,,0x00
"ch1","data",382.0294055,0.000082,,0x00
"ch1","data",382.0294925,0.000082,,0x00
"ch1","data",382.029579,0.000082,,0x09
"ch1","data",382.029666,0.000082,,0x00
"ch1","data",382.0297525,0.000082,,0x16
"ch1","data",382.0298395,0.000082,,0x25
"ch1","data",382.029926,0.000082,,0x61
"ch1","data",382.030013,0.000082,,0x07
"ch1","data",382.0300995,0.000082,,0x73
"ch1","data",382.0301865,0.000082,,0x62
"ch1","data",382.030273,0.000082,,0x00
"ch1","data",382.03036,0.000082,,0x00
"ch1","data",382.0304465,0.000082,,0xFF
"ch1","data",382.0305335,0.000082,,0x04
"ch1","data",382.03062,0.000082,,0xFF
"ch1","data",382.030707,0.000082,,0x0F
"ch1","data",382.0307935,0.000082,,0x04
"ch1","data",382.0308805,0.000082,,0x40
"ch1","data",382.030967,0.000082,,0x0C
"ch1","data",382.031054,0.000082,,0xFE
"ch1","data",382.0311405,0.000082,,0x00
"ch1","data",382.0312275,0.000082,,0x00
"ch1","data",382.031314,0.000082,,0x00
"ch1","data",382.031401,0.000082,,0x01
"ch1","data",382.0314875,0.000082,,0x00
"ch1","data",382.0315745,0.000082,,0x13
"ch1","data",382.031661,0.000082,,0x00
"ch1","data",382.031748,0.000082,,0x00
"ch1","data",382.0318345,0.000082,,0x2C
"ch1","data",382.0319215,0.000082,,0xCC
"ch1","data",382.032008,0.000082,,0xBF
"ch1","data",382.032095,0.000082,,0xCF
"ch1","data",382.0321815,0.000082,,0x7D
"ch1","data",382.0322685,0.000082,,0x0D
"ch1","data",382.032355,0.000082,,0x0A
"ch1","data",382.032442,0.000082,,0x0D
"ch1","data",382.0325285,0.000082,,0x0A
"ch1","data",382.0326155,0.000082,,0x0D
"ch1","data",382.032702,0.000082,,0x0A
"ch1","data",382.032789,0.000082,,0x00
"ch1","data",382.0328755,0.000082,,0x7B
"ch1","data",382.0329625,0.000082,,0x0C
"ch1","data",382.033049,0.000082,,0x00
"ch1","data",382.033136,0.000082,,0x01
"ch1","data",382.0332225,0.000082,,0x00
"ch1","data",382.0333095,0.000082,,0x03
"ch1","data",382.033396,0.000082,,0x00
"ch1","data",382.033483,0.000082,,0x01
"ch1","data",382.0335695,0.000082,,0x00
"ch1","data",382.0336565,0.000082,,0x00
"ch1","data",382.033743,0.000082,,0x00
"ch1","data",382.03383,0.000082,,0xB0
"ch1","data",382.0339165,0.000082,,0xC0
"ch1","data",382.0340035,0.000082,,0x7D
"ch1","data",382.03409,0.000082,,0x0D
"ch1","data",382.034177,0.000082,,0x0A
"ch0","data",387.969918,0.000082,,0xDD
"ch0","data",387.970003,0.000082,,0x02
"ch0","data",387.9700875,0.000082,,0x00
"ch0","data",387.970172,0.000082,,0x3B
"ch0","data",387.970257,0.000082,,0x00
"ch0","data",387.9703415,0.000082,,0x7B
"ch0","data",387.970426,0.000082,,0x38
"ch0","data",387.970511,0.000082,,0x00
"ch0","data",387.9705955,0.000082,,0x11
"ch0","data",387.97068,0.000082,,0x00
"ch0","data",387.970765,0.000082,,0x01
"ch0","data",387.9708495,0.000082,,0x00
"ch0","data",387.9709345,0.000082,,0x00
"ch0","data",387.971019,0.000082,,0x00
"ch0","data",387.9711035,0.000082,,0x01
"ch0","data",387.9711885,0.000082,,0x00
"ch0","data",387.971273,0.000082,,0x46
"ch0","data",387.9713575,0.000082,,0x81
"ch0","data",387.9714425,0.000082,,0x9E
"ch0","data",387.971527,0.000082,,0xE3
"ch0","data",387.971612,0.000082,,0x00
"ch0","data",387.9716965,0.000082,,0x1D
"ch0","data",387.971781,0.000082,,0x00
"ch0","data",387.971866,0.000082,,0x0F
"ch0","data",387.9719505,0.000082,,0x20
"ch0","data",387.9720355,0.000082,,0x00
"ch0","data",387.97212,0.000082,,0xF3
"ch0","data",387.9722045,0.000082,,0x0A
"ch0","data",387.9722895,0.000082,,0xA5
"ch0","data",387.972374,0.000082,,0x27
"ch0","data",387.9724585,0.000082,,0x56
"ch0","data",387.9725435,0.000082,,0xA1
"ch0","data",387.972628,0.000082,,0x00
"ch0","data",387.972713,0.000082,,0x00
"ch0","data",387.9727975,0.000082,,0x00
"ch0","data",387.972882,0.000082,,0x00
"ch0","data",387.972967,0.000082,,0x00
"ch0","data",387.9730515,0.000082,,0x00
"ch0","data",387.973136,0.000082,,0x61
"ch0","data",387.973221,0.000082,,0x07
"ch0","data",387.9733055,0.000082,,0x73
"ch0","data",387.97339,0.000082,,0x62
"ch0","data",387.9734745,0.000082,,0x29
"ch0","data",387.973559,0.000082,,0x00
"ch0","data",387.973644,0.000082,,0x7C
"ch0","data",387.9737285,0.000082,,0x00
"ch0","data",387.9738135,0.000082,,0x00
"ch0","data",387.973898,0.000082,,0x88
"ch0","data",387.9739825,0.000082,,0x00
"ch0","data",387.9740675,0.000082,,0x00
"ch0","data",387.974152,0.000082,,0x98
"ch0","data",387.9742365,0.000082,,0x00
"ch0","data",387.9743215,0.000082,,0x9F
"ch0","data",387.974406,0.000082,,0x00
"ch0","data",387.9744905,0.000082,,0x09
"ch0","data",387.9745755,0.000082,,0x00
"ch0","data",387.97466,0.000082,,0x00
"ch0","data",387.9747445,0.000082,,0x00
"ch0","data",387.9748295,0.000082,,0x41
"ch0","data",387.974914,0.000082,,0x0E
"ch0","data",387.974999,0.000082,,0x2B
"ch0","data",387.9750835,0.000082,,0x67
"ch0","data",387.975168,0.000082,,0x7D
"ch0","data",387.975253,0.000082,,0xDD
"ch0","data",387.9753375,0.000082,,0x02
"ch0","data",387.975422,0.000082,,0x00
"ch0","data",387.975507,0.000082,,0x0F
"ch0","data",387.9755915,0.000082,,0x00
"ch0","data",387.975676,0.000082,,0x7B
"ch0","data",387.975761,0.000082,,0x0C
"ch0","data",387.9758455,0.000082,,0x00
"ch0","data",387.9759305,0.000082,,0x11
"ch0","data",387.976015,0.000082,,0x00
"ch0","data",387.9760995,0.000082,,0x00
"ch0","data",387.9761845,0.000082,,0x00
"ch0","data",387.976269,0.000082,,0x00
"ch0","data",387.9763535,0.000082,,0x00
"ch0","data",387.9764385,0.000082,,0x01
"ch0","data",387.976523,0.000082,,0x00
"ch0","data",387.9766075,0.000082,,0x61
"ch0","data",387.9766925,0.000082,,0x76
"ch0","data",387.976777,0.000082,,0x7D
"ch1","data",388.3029815,0.000082,,0x0D
"ch1","data",388.3030685,0.000082,,0x0A
"ch1","data",388.303155,0.000082,,0x00
"ch1","data",388.303242,0.000082,,0x7B
"ch1","data",388.3033285,0.000082,,0x38
"ch1","data",388.3034155,0.000082,,0x00
"ch1","data",388.303502,0.000082,,0x01
"ch1","data",388.303589,0.000082,,0x00
"ch1","data",388.3036755,0.000082,,0x05
"ch1","data",388.3037625,0.000082,,0x00
"ch1","data",388.303849,0.000082,,0x01
"ch1","data",388.303936,0.000082,,0x00
"ch1","data",388.3040225,0.000082,,0x00
"ch1","data",388.3041095,0.000082,,0x00
"ch1","data",388.304196,0.000082,,0x46
"ch1","data",388.304283,0.000082,,0x81
"ch1","data",388.3043695,0.000082,,0x9E
"ch1","data",388.3044565,0.000082,,0xE3
"ch1","data",388.304543,0.000082,,0x00
"ch1","data",388.30463,0.000082,,0x1D
"ch1","data",388.3047165,0.000082,,0x00
"ch1","data",388.3048035,0.000082,,0x0F
"ch1","data",388.30489,0.000082,,0x00
"ch1","data",388.304977,0.000082,,0x01
"ch1","data",388.3050635,0.000082,,0x00
"ch1","data",388.3051505,0.000082,,0x00
"ch1","data",388.305237,0.000082,,0x00
"ch1","data",388.305324,0.000082,,0x00
"ch1","data",388.3054105,0.000082,,0x00
"ch1","data",388.3054975,0.000082,,0x00
"ch1","data",388.305584,0.000082,,0x09
"ch1","data",388.305671,0.000082,,0x00
"ch1","data",388.3057575,0.000082,,0x16
"ch1","data",388.3058445,0.000082,,0x25
"ch1","data",388.305931,0.000082,,0x61
"ch1","data",388.306018,0.000082,,0x07
"ch1","data",388.3061045,0.000082,,0x73
"ch1","data",388.3061915,0.000082,,0x62
"ch1","data",388.306278,0.000082,,0x00
"ch1","data",388.306365,0.000082,,0x00
"ch1","data",388.3064515,0.000082,,0xFF
"ch1","data",388.3065385,0.000082,,0x04
"ch1","data",388.306625,0.000082,,0xFF
"ch1","data",388.306712,0.000082,,0x0F
"ch1","data",388.3067985,0.000082,,0x04
"ch1","data",388.3068855,0.000082,,0x40
"ch1","data",388.306972,0.000082,,0x0C
"ch1","data",388.307059,0.000082,,0xFE
"ch1","data",388.3071455,0.000082,,0x00
"ch1","data",388.3072325,0.000082,,0x00
"ch1","data",388.307319,0.000082,,0x00
"ch1","data",388.307406,0.000082,,0x01
"ch1","data",388.3074925,0.000082,,0x00
"ch1","data",388.3075795,0.000082,,0x13
"ch1","data",388.307666,0.000082,,0x00
"ch1","data",388.307753,0.000082,,0x00
"ch1","data",388.3078395,0.000082,,0x2C
"ch1","data",388.3079265,0.000082,,0xCC
"ch1","data",388.308013,0.000082,,0xBF
"ch1","data",388.3081,0.000082,,0xCF
"ch1","data",388.3081865,0.000082,,0x7D
"ch1","data",388.3082735,0.000082,,0x0D
"ch1","data",388.30836,0.000082,,0x0A
"ch1","data",388.308447,0.000082,,0x0D
"ch1","data",388.3085335,0.000082,,0x0A
"ch1","data",388.3086205,0.000082,,0x0D
"ch1","data",388.308707,0.000082,,0x0A
"ch1","data",388.308794,0.000082,,0x00
"ch1","data",388.3088805,0.000082,,0x7B
"ch1","data",388.3089675,0.000082,,0x0C
"ch1","data",388.309054,0.000082,,0x00
"ch1","data",388.309141,0.000082,,0x01
"ch1","data",388.3092275,0.000082,,0x00
"ch1","data",388.3093145,0.000082,,0x03
"ch1","data",388.309401,0.000082,,0x00
"ch1","data",388.309488,0.000082,,0x01
"ch1","data",388.3095745,0.000082,,0x00
"ch1","data",388.3096615,0.000082,,0x00
"ch1","data",388.309748,0.000082,,0x00
"ch1","data",388.309835,0.000082,,0xB0
"ch1","data",388.3099215,0.000082,,0xC0
"ch1","data",388.3100085,0.000082,,0x7D
"ch1","data",388.310095,0.000082,,0x0D
"ch1","data",388.310182,0.000082,,0x0A
"ch0","data",389.484685,0.000082,,0xDD
"ch0","data",389.48477,0.000082,,0x02
"ch0","data",389.4848545,0.000082,,0x00
"ch0","data",389.484939,0.000082,,0x3B
"ch0","data",389.485024,0.000082,,0x00
"ch0","data",389.4851085,0.000082,,0x7B
"ch0","data",389.485193,0.000082,,0x38
"ch0","data",389.485278,0.000082,,0x00
"ch0","data",389.4853625,0.000082,,0x11
"ch0","data",389.485447,0.000082,,0x00
"ch0","data",389.485532,0.000082,,0x01
"ch0","data",389.4856165,0.000082,,0x00
"ch0","data",389.4857015,0.000082,,0x00
"ch0","data",389.485786,0.000082,,0x00
"ch0","data",389.4858705,0.000082,,0x01
"ch0","data",389.485955,0.000082,,0x00
"ch0","data",389.4860395,0.000082,,0x00
"ch0","data",389.4861245,0.000082,,0x12
"ch0","data",389.486209,0.000082,,0x4B
"ch0","data",389.4862935,0.000082,,0x00
"ch0","data",389.4863785,0.000082,,0x38
"ch0","data",389.486463,0.000082,,0x0D
"ch0","data",389.4865475,0.000082,,0x16
"ch0","data",389.486632,0.000082,,0xFD
"ch0","data",389.486717,0.000082,,0x03
"ch0","data",389.4868015,0.000082,,0x00
"ch0","data",389.486886,0.000082,,0x45
"ch0","data",389.486971,0.000082,,0x09
"ch0","data",389.4870555,0.000082,,0xA5
"ch0","data",389.48714,0.000082,,0x27
"ch0","data",389.4872245,0.000082,,0x31
"ch0","data",389.487309,0.000082,,0x59
"ch0","data",389.487394,0.000082,,0xCE
"ch0","data",389.4874785,0.000082,,0xFF
"ch0","data",389.487563,0.000082,,0x00
"ch0","data",389.487648,0.000082,,0x00
"ch0","data",389.4877325,0.000082,,0xEE
"ch0","data",389.487817,0.000082,,0x02
"ch0","data",389.4879015,0.000082,,0x00
"ch0","data",389.487986,0.000082,,0x00
"ch0","data",389.488071,0.000082,,0x00
"ch0","data",389.4881555,0.000082,,0x00
"ch0","data",389.48824,0.000082,,0x00
"ch0","data",389.488325,0.000082,,0x00
"ch0","data",389.4884095,0.000082,,0x0A
"ch0","data",389.488494,0.000082,,0x04
"ch0","data",389.488579,0.000082,,0x00
"ch0","data",389.4886635,0.000082,,0x00
"ch0","data",389.488748,0.000082,,0x00
"ch0","data",389.4888325,0.000082,,0x00
"ch0","data",389.4889175,0.000082,,0x00
"ch0","data",389.489002,0.000082,,0x00
"ch0","data",389.4890865,0.000082,,0x06
"ch0","data",389.4891715,0.000082,,0x01
"ch0","data",389.489256,0.000082,,0x00
"ch0","data",389.4893405,0.000082,,0x00
"ch0","data",389.4894255,0.000082,,0x00
"ch0","data",389.48951,0.000082,,0x00
"ch0","data",389.4895945,0.000082,,0x00
"ch0","data",389.4896795,0.000082,,0x00
"ch0","data",389.489764,0.000082,,0x21
"ch0","data",389.4898485,0.000082,,0x74
"ch0","data",389.489933,0.000082,,0x7D
"ch0","data",389.523506,0.000082,,0xDD
"ch0","data",389.523591,0.000082,,0x01
"ch0","data",389.5236755,0.000082,,0x00
"ch0","data",389.5237605,0.000082,,0x0C
"ch0","data",389.523845,0.000082,,0x54
"ch0","data",389.5239295,0.000082,,0x58
"ch0","data",389.5240145,0.000082,,0x20
"ch0","data",389.524099,0.000082,,0x73
"ch0","data",389.5241835,0.000082,,0x75
"ch0","data",389.524268,0.000082,,0x63
"ch0","data",389.524353,0.000082,,0x63
"ch0","data",389.5244375,0.000082,,0x65
"ch0","data",389.524522,0.000082,,0x65
"ch0","data",389.524607,0.000082,,0x64
"ch0","data",389.5246915,0.000082,,0x65
"ch0","data",389.524776,0.000082,,0x64
"ch0","data",394.1365975,0.000082,,0xDD
"ch0","data",394.136682,0.000082,,0x02
"ch0","data",394.1367665,0.000082,,0x00
"ch0","data",394.136851,0.000082,,0x3B
"ch0","data",394.136936,0.000082,,0x00
"ch0","data",394.1370205,0.000082,,0x7B
"ch0","data",394.137105,0.000082,,0x38
"ch0","data",394.1371895,0.000082,,0x00
"ch0","data",394.1372745,0.000082,,0x11
"ch0","data",394.137359,0.000082,,0x00
"ch0","data",394.1374435,0.000082,,0x01
"ch0","data",394.1375285,0.000082,,0x00
"ch0","data",394.137613,0.000082,,0x00
"ch0","data",394.1376975,0.000082,,0x00
"ch0","data",394.137782,0.000082,,0x01
"ch0","data",394.1378665,0.000082,,0x00
"ch0","data",394.137951,0.000082,,0x46
"ch0","data",394.138036,0.000082,,0x81
"ch0","data",394.1381205,0.000082,,0x9E
"ch0","data",394.138205,0.000082,,0xE3
"ch0","data",394.13829,0.000082,,0x00
"ch0","data",394.1383745,0.000082,,0x1D
"ch0","data",394.138459,0.000082,,0x00
"ch0","data",394.1385435,0.000082,,0x0F
"ch0","data",394.1386285,0.000082,,0x20
"ch0","data",394.138713,0.000082,,0x00
"ch0","data",394.1387975,0.000082,,0xF3
"ch0","data",394.138882,0.000082,,0x0A
"ch0","data",394.138967,0.000082,,0xA5
"ch0","data",394.1390515,0.000082,,0x27
"ch0","data",394.139136,0.000082,,0x56
"ch0","data",394.139221,0.000082,,0xA1
"ch0","data",394.1393055,0.000082,,0x00
"ch0","data",394.13939,0.000082,,0x00
"ch0","data",394.139475,0.000082,,0x00
"ch0","data",394.1395595,0.000082,,0x00
"ch0","data",394.1396445,0.000082,,0x00
"ch0","data",394.139729,0.000082,,0x00
"ch0","data",394.1398135,0.000082,,0x61
"ch0","data",394.1398985,0.000082,,0x07
"ch0","data",394.139983,0.000082,,0x73
"ch0","data",394.140068,0.000082,,0x62
"ch0","data",394.1401525,0.000082,,0x29
"ch0","data",394.140237,0.000082,,0x00
"ch0","data",394.140322,0.000082,,0x7C
"ch0","data",394.1404065,0.000082,,0x00
"ch0","data",394.140491,0.000082,,0x00
"ch0","data",394.140576,0.000082,,0x88
"ch0","data",394.1406605,0.000082,,0x00
"ch0","data",394.140745,0.000082,,0x00
"ch0","data",394.1408295,0.000082,,0x98
"ch0","data",394.140914,0.000082,,0x00
"ch0","data",394.140999,0.000082,,0x9F
"ch0","data",394.1410835,0.000082,,0x00
"ch0","data",394.141168,0.000082,,0x09
"ch0","data",394.1412525,0.000082,,0x00
"ch0","data",394.1413375,0.000082,,0x00
"ch0","data",394.141422,0.000082,,0x00
"ch0","data",394.1415065,0.000082,,0x41
"ch0","data",394.141591,0.000082,,0x0E
"ch0","data",394.141676,0.000082,,0x2B
"ch0","data",394.1417605,0.000082,,0x67
"ch0","data",394.141845,0.000082,,0x7D
"ch0","data",394.1917595,0.000082,,0xDD
"ch0","data",394.191844,0.000082,,0x02
"ch0","data",394.191929,0.000082,,0x00
"ch0","data",394.1920135,0.000082,,0x0F
"ch0","data",394.192098,0.000082,,0x00
"ch0","data",394.1921825,0.000082,,0x7B
"ch0","data",394.192267,0.000082,,0x0C
"ch0","data",394.1923515,0.000082,,0x00
"ch0","data",394.1924365,0.000082,,0x11
"ch0","data",394.192521,0.000082,,0x00
"ch0","data",394.1926055,0.000082,,0x00
"ch0","data",394.19269,0.000082,,0x00
"ch0","data",394.192775,0.000082,,0x00
"ch0","data",394.1928595,0.000082,,0x00
"ch0","data",394.192944,0.000082,,0x01
"ch0","data",394.193029,0.000082,,0x00
"ch0","data",394.1931135,0.000082,,0x61
"ch0","data",394.193198,0.000082,,0x76
"ch0","data",394.193283,0.000082,,0x7D
"ch1","data",394.523111,0.000082,,0x0D
"ch1","data",394.5231975,0.000082,,0x0A
"ch1","data",394.5232845,0.000082,,0x00
"ch1","data",394.523371,0.000082,,0x7B
"ch1","data",394.523458,0.000082,,0x38
"ch1","data",394.5235445,0.000082,,0x00
"ch1","data",394.5236315,0.000082,,0x01
"ch1","data",394.523718,0.000082,,0x00
"ch1","data",394.523805,0.000082,,0x05
"ch1","data",394.5238915,0.000082,,0x00
"ch1","data",394.5239785,0.000082,,0x01
"ch1","data",394.524065,0.000082,,0x00
"ch1","data",394.524152,0.000082,,0x00
"ch1","data",394.5242385,0.000082,,0x00
"ch1","data",394.5243255,0.000082,,0x46
"ch1","data",394.524412,0.000082,,0x81
"ch1","data",394.524499,0.000082,,0x9E
"ch1","data",394.5245855,0.000082,,0xE3
"ch1","data",394.5246725,0.000082,,0x00
"ch1","data",394.524759,0.000082,,0x1D
"ch1","data",394.524846,0.000082,,0x00
"ch1","data",394.5249325,0.000082,,0x0F
"ch1","data",394.5250195,0.000082,,0x00
"ch1","data",394.525106,0.000082,,0x01
"ch1","data",394.525193,0.000082,,0x00
"ch1","data",394.5252795,0.000082,,0x00
"ch1","data",394.5253665,0.000082,,0x00
"ch1","data",394.525453,0.000082,,0x00
"ch1","data",394.52554,0.000082,,0x00
"ch1","data",394.5256265,0.000082,,0x00
"ch1","data",394.5257135,0.000082,,0x09
"ch1","data",394.5258,0.000082,,0x00
"ch1","data",394.525887,0.000082,,0x16
"ch1","data",394.5259735,0.000082,,0x25
"ch1","data",394.5260605,0.000082,,0x61
"ch1","data",394.526147,0.000082,,0x07
"ch1","data",394.526234,0.000082,,0x73
"ch1","data",394.5263205,0.000082,,0x62
"ch1","data",394.5264075,0.000082,,0x00
"ch1","data",394.526494,0.000082,,0x00
"ch1","data",394.526581,0.000082,,0xFF
"ch1","data",394.5266675,0.000082,,0x04
"ch1","data",394.5267545,0.000082,,0xFF
"ch1","data",394.526841,0.000082,,0x0F
"ch1","data",394.526928,0.000082,,0x04
"ch1","data",394.5270145,0.000082,,0x40
"ch1","data",394.5271015,0.000082,,0x0C
"ch1","data",394.527188,0.000082,,0xFE
"ch1","data",394.527275,0.000082,,0x00
"ch1","data",394.5273615,0.000082,,0x00
"ch1","data",394.5274485,0.000082,,0x00
"ch1","data",394.527535,0.000082,,0x01
"ch1","data",394.527622,0.000082,,0x00
"ch1","data",394.5277085,0.000082,,0x13
"ch1","data",394.5277955,0.000082,,0x00
"ch1","data",394.527882,0.000082,,0x00
"ch1","data",394.527969,0.000082,,0x2C
"ch1","data",394.5280555,0.000082,,0xCC
"ch1","data",394.5281425,0.000082,,0xBF
"ch1","data",394.528229,0.000082,,0xCF
"ch1","data",394.528316,0.000082,,0x7D
"ch1","data",394.5284025,0.000082,,0x0D
"ch1","data",394.5284895,0.000082,,0x0A
"ch1","data",394.528576,0.000082,,0x0D
"ch1","data",394.528663,0.000082,,0x0A
"ch1","data",394.5287495,0.000082,,0x00
"ch1","data",394.5288365,0.000082,,0x7B
"ch1","data",394.528923,0.000082,,0x38
"ch1","data",394.52901,0.000082,,0x00
"ch1","data",394.5290965,0.000082,,0x01
"ch1","data",394.5291835,0.000082,,0x00
"ch1","data",394.52927,0.000082,,0x05
"ch1","data",394.529357,0.000082,,0x00
"ch1","data",394.5294435,0.000082,,0x01
"ch1","data",394.5295305,0.000082,,0x00
"ch1","data",394.529617,0.000082,,0x00
"ch1","data",394.529704,0.000082,,0x00
"ch1","data",394.5297905,0.000082,,0x00
"ch1","data",394.5298775,0.000082,,0x12
"ch1","data",394.529964,0.000082,,0x4B
"ch1","data",394.530051,0.000082,,0x00
"ch1","data",394.5301375,0.000082,,0x38
"ch1","data",394.5302245,0.000082,,0x0D
"ch1","data",394.530311,0.000082,,0x16
"ch1","data",394.530398,0.000082,,0xFD
"ch1","data",394.5304845,0.000082,,0x00
"ch1","data",394.5305715,0.000082,,0x00
"ch1","data",394.530658,0.000082,,0x00
"ch1","data",394.530745,0.000082,,0x00
"ch1","data",394.5308315,0.000082,,0x00
"ch1","data",394.5309185,0.000082,,0x00
"ch1","data",394.531005,0.000082,,0x00
"ch1","data",394.531092,0.000082,,0x00
"ch1","data",394.5311785,0.000082,,0x3E
"ch1","data",394.5312655,0.000082,,0x00
"ch1","data",394.531352,0.000082,,0xFF
"ch1","data",394.531439,0.000082,,0x41
"ch1","data",394.5315255,0.000082,,0x04
"ch1","data",394.5316125,0.000082,,0x00
"ch1","data",394.531699,0.000082,,0x00
"ch1","data",394.531786,0.000082,,0x00
"ch1","data",394.5318725,0.000082,,0x90
"ch1","data",394.5319595,0.000082,,0x01
"ch1","data",394.532046,0.000082,,0x14
"ch1","data",394.532133,0.000082,,0x00
"ch1","data",394.5322195,0.000082,,0x00
"ch1","data",394.5323065,0.000082,,0x00
"ch1","data",394.532393,0.000082,,0x00
"ch1","data",394.53248,0.000082,,0x00
"ch1","data",394.5325665,0.000082,,0x00
"ch1","data",394.5326535,0.000082,,0x00
"ch1","data",394.53274,0.000082,,0x00
"ch1","data",394.532827,0.000082,,0x00
"ch1","data",394.5329135,0.000082,,0x00
"ch1","data",394.5330005,0.000082,,0x00
"ch1","data",394.533087,0.000082,,0x00
"ch1","data",394.533174,0.000082,,0x00
"ch1","data",394.5332605,0.000082,,0x00
"ch1","data",394.5333475,0.000082,,0x00
"ch1","data",394.533434,0.000082,,0x00
"ch1","data",394.533521,0.000082,,0x00
"ch1","data",394.5336075,0.000082,,0xBA
"ch1","data",394.5336945,0.000082,,0x74
"ch1","data",394.533781,0.000082,,0x7D
"ch1","data",394.533868,0.000082,,0x0D
"ch1","data",394.5339545,0.000082,,0x0A
"ch1","data",394.5340415,0.000082,,0x0D
"ch1","data",394.534128,0.000082,,0x0A
"ch1","data",394.534215,0.000082,,0x0D
"ch1","data",394.5343015,0.000082,,0x0A
"ch1","data",394.5343885,0.000082,,0x00
"ch1","data",394.534475,0.000082,,0x7B
"ch1","data",394.534562,0.000082,,0x0C
"ch1","data",394.5346485,0.000082,,0x00
"ch1","data",394.5347355,0.000082,,0x01
"ch1","data",394.534822,0.000082,,0x00
"ch1","data",394.534909,0.000082,,0x03
"ch1","data",394.5349955,0.000082,,0x00
"ch1","data",394.5350825,0.000082,,0x01
"ch1","data",394.535169,0.000082,,0x00
"ch1","data",394.535256,0.000082,,0x00
"ch1","data",394.5353425,0.000082,,0x00
"ch1","data",394.5354295,0.000082,,0xB0
"ch1","data",394.535516,0.000082,,0xC0
"ch1","data",394.535603,0.000082,,0x7D
"ch1","data",394.5356895,0.000082,,0x0D
"ch1","data",394.5357765,0.000082,,0x0A
"ch0","data",400.4882345,0.000082,,0xDD
"ch0","data",400.488319,0.000082,,0x02
"ch0","data",400.488404,0.000082,,0x00
"ch0","data",400.4884885,0.000082,,0x3B
"ch0","data",400.488573,0.000082,,0x00
"ch0","data",400.488658,0.000082,,0x7B
"ch0","data",400.4887425,0.000082,,0x38
"ch0","data",400.4888275,0.000082,,0x00
"ch0","data",400.488912,0.000082,,0x11
"ch0","data",400.4889965,0.000082,,0x00
"ch0","data",400.4890815,0.000082,,0x01
"ch0","data",400.489166,0.000082,,0x00
"ch0","data",400.4892505,0.000082,,0x00
"ch0","data",400.4893355,0.000082,,0x00
"ch0","data",400.48942,0.000082,,0x01
"ch0","data",400.489505,0.000082,,0x00
"ch0","data",400.4895895,0.000082,,0x46
"ch0","data",400.489674,0.000082,,0x81
"ch0","data",400.489759,0.000082,,0x9E
"ch0","data",400.4898435,0.000082,,0xE3
"ch0","data",400.489928,0.000082,,0x00
"ch0","data",400.490013,0.000082,,0x1D
"ch0","data",400.4900975,0.000082,,0x00
"ch0","data",400.4901825,0.000082,,0x0F
"ch0","data",400.490267,0.000082,,0x20
"ch0","data",400.4903515,0.000082,,0x00
"ch0","data",400.4904365,0.000082,,0xEB
"ch0","data",400.490521,0.000082,,0x0A
"ch0","data",400.4906055,0.000082,,0xA5
"ch0","data",400.4906905,0.000082,,0x27
"ch0","data",400.490775,0.000082,,0x56
"ch0","data",400.49086,0.000082,,0x97
"ch0","data",400.4909445,0.000082,,0x00
"ch0","data",400.491029,0.000082,,0x00
"ch0","data",400.491114,0.000082,,0x00
"ch0","data",400.4911985,0.000082,,0x00
"ch0","data",400.491283,0.000082,,0x00
"ch0","data",400.4913675,0.000082,,0x00
"ch0","data",400.491452,0.000082,,0x61
"ch0","data",400.491537,0.000082,,0x07
"ch0","data",400.4916215,0.000082,,0x73
"ch0","data",400.491706,0.000082,,0x62
"ch0","data",400.4917905,0.000082,,0x28
"ch0","data",400.4918755,0.000082,,0x00
"ch0","data",400.49196,0.000082,,0x62
"ch0","data",400.4920445,0.000082,,0x00
"ch0","data",400.4921295,0.000082,,0x00
"ch0","data",400.492214,0.000082,,0x88
"ch0","data",400.492299,0.000082,,0x00
"ch0","data",400.4923835,0.000082,,0x00
"ch0","data",400.492468,0.000082,,0x98
"ch0","data",400.492553,0.000082,,0x00
"ch0","data",400.4926375,0.000082,,0x9F
"ch0","data",400.492722,0.000082,,0x00
"ch0","data",400.492807,0.000082,,0x09
"ch0","data",400.4928915,0.000082,,0x00
"ch0","data",400.4929765,0.000082,,0x00
"ch0","data",400.493061,0.000082,,0x00
"ch0","data",400.4931455,0.000082,,0x7A
"ch0","data",400.4932305,0.000082,,0x0E
"ch0","data",400.493315,0.000082,,0x32
"ch0","data",400.4933995,0.000082,,0x5C
"ch0","data",400.4934845,0.000082,,0x7D
"ch0","data",400.493569,0.000082,,0xDD
"ch0","data",400.4936535,0.000082,,0x02
"ch0","data",400.4937385,0.000082,,0x00
"ch0","data",400.493823,0.000082,,0x0F
"ch0","data",400.493908,0.000082,,0x00
"ch0","data",400.4939925,0.000082,,0x7B
"ch0","data",400.494077,0.000082,,0x0C
"ch0","data",400.494162,0.000082,,0x00
"ch0","data",400.4942465,0.000082,,0x11
"ch0","data",400.494331,0.000082,,0x00
"ch0","data",400.4944155,0.000082,,0x00
"ch0","data",400.4945005,0.000082,,0x00
"ch0","data",400.494585,0.000082,,0x00
"ch0","data",400.4946695,0.000082,,0x00
"ch0","data",400.4947545,0.000082,,0x01
"ch0","data",400.494839,0.000082,,0x00
"ch0","data",400.494924,0.000082,,0x61
"ch0","data",400.4950085,0.000082,,0x76
"ch0","data",400.495093,0.000082,,0x7D
"ch0","data",400.495178,0.000082,,0xDD
"ch0","data",400.4952625,0.000082,,0x02
"ch0","data",400.495347,0.000082,,0x00
"ch0","data",400.495432,0.000082,,0x0F
"ch0","data",400.4955165,0.000082,,0x00
"ch0","data",400.495601,0.000082,,0x7B
"ch0","data",400.495686,0.000082,,0x0C
"ch0","data",400.4957705,0.000082,,0x00
"ch0","data",400.4958555,0.000082,,0x11
"ch0","data",400.49594,0.000082,,0x00
"ch0","data",400.4960245,0.000082,,0x0B
"ch0","data",400.4961095,0.000082,,0x00
"ch0","data",400.496194,0.000082,,0x00
"ch0","data",400.4962785,0.000082,,0x00
"ch0","data",400.4963635,0.000082,,0x01
"ch0","data",400.496448,0.000082,,0x00
"ch0","data",400.4965325,0.000082,,0xC3
"ch0","data",400.4966175,0.000082,,0xB5
"ch0","data",400.496702,0.000082,,0x7D
"ch1","data",401.7290975,0.000082,,0x0D
"ch1","data",401.7291845,0.000082,,0x0A
"ch1","data",401.729271,0.000082,,0x00
"ch1","data",401.729358,0.000082,,0x7B
"ch1","data",401.7294445,0.000082,,0x38
"ch1","data",401.7295315,0.000082,,0x00
"ch1","data",401.729618,0.000082,,0x01
"ch1","data",401.729705,0.000082,,0x00
"ch1","data",401.7297915,0.000082,,0x05
"ch1","data",401.7298785,0.000082,,0x00
"ch1","data",401.729965,0.000082,,0x01
"ch1","data",401.730052,0.000082,,0x00
"ch1","data",401.7301385,0.000082,,0x00
"ch1","data",401.7302255,0.000082,,0x00
"ch1","data",401.730312,0.000082,,0x46
"ch1","data",401.730399,0.000082,,0x81
"ch1","data",401.7304855,0.000082,,0x9E
"ch1","data",401.7305725,0.000082,,0xE3
"ch1","data",401.730659,0.000082,,0x00
"ch1","data",401.730746,0.000082,,0x1D
"ch1","data",401.7308325,0.000082,,0x00
"ch1","data",401.7309195,0.000082,,0x0F
"ch1","data",401.731006,0.000082,,0x00
"ch1","data",401.731093,0.000082,,0x01
"ch1","data",401.7311795,0.000082,,0x00
"ch1","data",401.7312665,0.000082,,0x00
"ch1","data",401.731353,0.000082,,0x00
"ch1","data",401.73144,0.000082,,0x00
"ch1","data",401.7315265,0.000082,,0x00
"ch1","data",401.7316135,0.000082,,0x00
"ch1","data",401.7317,0.000082,,0x09
"ch1","data",401.731787,0.000082,,0x00
"ch1","data",401.7318735,0.000082,,0x16
"ch1","data",401.7319605,0.000082,,0x25
"ch1","data",401.732047,0.000082,,0x61
"ch1","data",401.732134,0.000082,,0x07
"ch1","data",401.7322205,0.000082,,0x73
"ch1","data",401.7323075,0.000082,,0x62
"ch1","data",401.732394,0.000082,,0x00
"ch1","data",401.732481,0.000082,,0x00
"ch1","data",401.7325675,0.000082,,0xFF
"ch1","data",401.7326545,0.000082,,0x04
"ch1","data",401.732741,0.000082,,0xFF
"ch1","data",401.732828,0.000082,,0x0F
"ch1","data",401.7329145,0.000082,,0x04
"ch1","data",401.7330015,0.000082,,0x40
"ch1","data",401.733088,0.000082,,0x0C
"ch1","data",401.733175,0.000082,,0xFE
"ch1","data",401.7332615,0.000082,,0x00
"ch1","data",401.7333485,0.000082,,0x00
"ch1","data",401.733435,0.000082,,0x00
"ch1","data",401.733522,0.000082,,0x01
"ch1","data",401.7336085,0.000082,,0x00
"ch1","data",401.7336955,0.000082,,0x13
"ch1","data",401.733782,0.000082,,0x00
"ch1","data",401.733869,0.000082,,0x00
"ch1","data",401.7339555,0.000082,,0x2C
"ch1","data",401.7340425,0.000082,,0xCC
"ch1","data",401.734129,0.000082,,0xBF
"ch1","data",401.734216,0.000082,,0xCF
"ch1","data",401.7343025,0.000082,,0x7D
"ch1","data",401.7343895,0.000082,,0x0D
"ch1","data",401.734476,0.000082,,0x0A
"ch1","data",401.734563,0.000082,,0x0D
"ch1","data",401.7346495,0.000082,,0x0A
"ch1","data",401.7347365,0.000082,,0x00
"ch1","data",401.734823,0.000082,,0x7B
"ch1","data",401.73491,0.000082,,0x38
"ch1","data",401.7349965,0.000082,,0x00
"ch1","data",401.7350835,0.000082,,0x01
"ch1","data",401.73517,0.000082,,0x00
"ch1","data",401.735257,0.000082,,0x05
"ch1","data",401.7353435,0.000082,,0x00
"ch1","data",401.7354305,0.000082,,0x01
"ch1","data",401.735517,0.000082,,0x00
"ch1","data",401.735604,0.000082,,0x00
"ch1","data",401.7356905,0.000082,,0x00
"ch1","data",401.7357775,0.000082,,0x00
"ch1","data",401.735864,0.000082,,0x12
"ch1","data",401.735951,0.000082,,0x4B
"ch1","data",401.7360375,0.000082,,0x00
"ch1","data",401.7361245,0.000082,,0x38
"ch1","data",401.736211,0.000082,,0x0D
"ch1","data",401.736298,0.000082,,0x16
"ch1","data",401.7363845,0.000082,,0xFD
"ch1","data",401.7364715,0.000082,,0x00
"ch1","data",401.736558,0.000082,,0x00
"ch1","data",401.736645,0.000082,,0x00
"ch1","data",401.7367315,0.000082,,0x00
"ch1","data",401.7368185,0.000082,,0x00
"ch1","data",401.736905,0.000082,,0x00
"ch1","data",401.7369915,0.000082,,0x00
"ch1","data",401.7370785,0.000082,,0x00
"ch1","data",401.737165,0.000082,,0x3E
"ch1","data",401.737252,0.000082,,0x00
"ch1","data",401.7373385,0.000082,,0xFF
"ch1","data",401.7374255,0.000082,,0x41
"ch1","data",401.737512,0.000082,,0x04
"ch1","data",401.737599,0.000082,,0x00
"ch1","data",401.7376855,0.000082,,0x00
"ch1","data",401.7377725,0.000082,,0x00
"ch1","data",401.737859,0.000082,,0x90
"ch1","data",401.737946,0.000082,,0x01
"ch1","data",401.7380325,0.000082,,0x14
"ch1","data",401.7381195,0.000082,,0x00
"ch1","data",401.738206,0.000082,,0x00
"ch1","data",401.738293,0.000082,,0x00
"ch1","data",401.7383795,0.000082,,0x00
"ch1","data",401.7384665,0.000082,,0x00
"ch1","data",401.738553,0.000082,,0x00
"ch1","data",401.73864,0.000082,,0x00
"ch1","data",401.7387265,0.000082,,0x00
"ch1","data",401.7388135,0.000082,,0x00
"ch1","data",401.7389,0.000082,,0x00
"ch1","data",401.738987,0.000082,,0x00
"ch1","data",401.7390735,0.000082,,0x00
"ch1","data",401.7391605,0.000082,,0x00
"ch1","data",401.739247,0.000082,,0x00
"ch1","data",401.739334,0.000082,,0x00
"ch1","data",401.7394205,0.000082,,0x00
"ch1","data",401.7395075,0.000082,,0x00
"ch1","data",401.739594,0.000082,,0xBA
"ch1","data",401.739681,0.000082,,0x74
"ch1","data",401.7397675,0.000082,,0x7D
"ch1","data",401.7398545,0.000082,,0x0D
"ch1","data",401.739941,0.000082,,0x0A
"ch1","data",401.740028,0.000082,,0x0D
"ch1","data",401.7401145,0.000082,,0x0A
"ch1","data",401.7402015,0.000082,,0x0D
"ch1","data",401.740288,0.000082,,0x0A
"ch1","data",401.740375,0.000082,,0x00
"ch1","data",401.7404615,0.000082,,0x7B
"ch1","data",401.7405485,0.000082,,0x0C
"ch1","data",401.740635,0.000082,,0x00
"ch1","data",401.740722,0.000082,,0x01
"ch1","data",401.7408085,0.000082,,0x00
"ch1","data",401.7408955,0.000082,,0x03
"ch1","data",401.740982,0.000082,,0x00
"ch1","data",401.741069,0.000082,,0x01
"ch1","data",401.7411555,0.000082,,0x00
"ch1","data",401.7412425,0.000082,,0x00
"ch1","data",401.741329,0.000082,,0x00
"ch1","data",401.741416,0.000082,,0xB0
"ch1","data",401.7415025,0.000082,,0xC0
"ch1","data",401.7415895,0.000082,,0x7D
"ch1","data",401.741676,0.000082,,0x0D
"ch1","data",401.741763,0.000082,,0x0A
"ch1","data",402.3215925,0.000082,,0x0D
"ch1","data",402.321679,0.000082,,0x0A
"ch1","data",402.321766,0.000082,,0x00
"ch1","data",402.3218525,0.000082,,0x7B
"ch1","data",402.3219395,0.000082,,0x0C
"ch1","data",402.322026,0.000082,,0x00
"ch1","data",402.322113,0.000082,,0x01
"ch1","data",402.3221995,0.000082,,0x00
"ch1","data",402.3222865,0.000082,,0x03
"ch1","data",402.322373,0.000082,,0x00
"ch1","data",402.32246,0.000082,,0x01
"ch1","data",402.3225465,0.000082,,0x00
"ch1","data",402.3226335,0.000082,,0x00
"ch1","data",402.32272,0.000082,,0x00
"ch1","data",402.322807,0.000082,,0xB0
"ch1","data",402.3228935,0.000082,,0xC0
"ch1","data",402.3229805,0.000082,,0x7D
"ch1","data",402.323067,0.000082,,0x0D
"ch1","data",402.323154,0.000082,,0x0A
"ch0","data",406.6194625,0.000082,,0xDD
"ch0","data",406.6195475,0.000082,,0x02
"ch0","data",406.619632,0.000082,,0x00
"ch0","data",406.619717,0.000082,,0x3B
"ch0","data",406.6198015,0.000082,,0x00
"ch0","data",406.619886,0.000082,,0x7B
"ch0","data",406.6199705,0.000082,,0x38
"ch0","data",406.620055,0.000082,,0x00
"ch0","data",406.62014,0.000082,,0x11
"ch0","data",406.6202245,0.000082,,0x00
"ch0","data",406.620309,0.000082,,0x01
"ch0","data",406.6203935,0.000082,,0x00
"ch0","data",406.620478,0.000082,,0x00
"ch0","data",406.620563,0.000082,,0x00
"ch0","data",406.6206475,0.000082,,0x01
"ch0","data",406.620732,0.000082,,0x00
"ch0","data",406.6208165,0.000082,,0x46
"ch0","data",406.6209015,0.000082,,0x81
"ch0","data",406.620986,0.000082,,0x9E
"ch0","data",406.6210705,0.000082,,0xE3
"ch0","data",406.6211555,0.000082,,0x00
"ch0","data",406.62124,0.000082,,0x1D
"ch0","data",406.6213245,0.000082,,0x00
"ch0","data",406.6214095,0.000082,,0x0F
"ch0","data",406.621494,0.000082,,0x20
"ch0","data",406.621579,0.000082,,0x00
"ch0","data",406.6216635,0.000082,,0xEB
"ch0","data",406.621748,0.000082,,0x0A
"ch0","data",406.6218325,0.000082,,0xA5
"ch0","data",406.621917,0.000082,,0x27
"ch0","data",406.6220015,0.000082,,0x56
"ch0","data",406.6220865,0.000082,,0x97
"ch0","data",406.622171,0.000082,,0x00
"ch0","data",406.6222555,0.000082,,0x00
"ch0","data",406.6223405,0.000082,,0x00
"ch0","data",406.622425,0.000082,,0x00
"ch0","data",406.62251,0.000082,,0x00
"ch0","data",406.6225945,0.000082,,0x00
"ch0","data",406.622679,0.000082,,0x61
"ch0","data",406.622764,0.000082,,0x07
"ch0","data",406.6228485,0.000082,,0x73
"ch0","data",406.622933,0.000082,,0x62
"ch0","data",406.623018,0.000082,,0x28
"ch0","data",406.6231025,0.000082,,0x00
"ch0","data",406.623187,0.000082,,0x62
"ch0","data",406.6232715,0.000082,,0x00
"ch0","data",406.6233565,0.000082,,0x00
"ch0","data",406.623441,0.000082,,0x88
"ch0","data",406.6235255,0.000082,,0x00
"ch0","data",406.6236105,0.000082,,0x00
"ch0","data",406.623695,0.000082,,0x98
"ch0","data",406.6237795,0.000082,,0x00
"ch0","data",406.6238645,0.000082,,0x9F
"ch0","data",406.623949,0.000082,,0x00
"ch0","data",406.6240335,0.000082,,0x09
"ch0","data",406.624118,0.000082,,0x00
"ch0","data",406.624203,0.000082,,0x00
"ch0","data",406.6242875,0.000082,,0x00
"ch0","data",406.624372,0.000082,,0x7A
"ch0","data",406.6244565,0.000082,,0x0E
"ch0","data",406.6245415,0.000082,,0x32
"ch0","data",406.624626,0.000082,,0x5C
"ch0","data",406.624711,0.000082,,0x7D
"ch0","data",406.6247955,0.000082,,0xDD
"ch0","data",406.62488,0.000082,,0x02
"ch0","data",406.624965,0.000082,,0x00
"ch0","data",406.6250495,0.000082,,0x0F
"ch0","data",406.6251345,0.000082,,0x00
"ch0","data",406.625219,0.000082,,0x7B
"ch0","data",406.6253035,0.000082,,0x0C
"ch0","data",406.6253885,0.000082,,0x00
"ch0","data",406.625473,0.000082,,0x11
"ch0","data",406.625558,0.000082,,0x00
"ch0","data",406.6256425,0.000082,,0x00
"ch0","data",406.625727,0.000082,,0x00
"ch0","data",406.625812,0.000082,,0x00
"ch0","data",406.6258965,0.000082,,0x00
"ch0","data",406.625981,0.000082,,0x01
"ch0","data",406.626066,0.000082,,0x00
"ch0","data",406.6261505,0.000082,,0x61
"ch0","data",406.6262355,0.000082,,0x76
"ch0","data",406.62632,0.000082,,0x7D
"ch1","data",407.0870045,0.000082,,0x0D
"ch1","data",407.087091,0.000082,,0x0A
"ch1","data",407.087178,0.000082,,0x00
"ch1","data",407.0872645,0.000082,,0x7B
"ch1","data",407.0873515,0.000082,,0x38
"ch1","data",407.087438,0.000082,,0x00
"ch1","data",407.087525,0.000082,,0x01
"ch1","data",407.0876115,0.000082,,0x00
"ch1","data",407.0876985,0.000082,,0x05
"ch1","data",407.087785,0.000082,,0x00
"ch1","data",407.087872,0.000082,,0x01
"ch1","data",407.0879585,0.000082,,0x00
"ch1","data",407.0880455,0.000082,,0x00
"ch1","data",407.088132,0.000082,,0x00
"ch1","data",407.088219,0.000082,,0x46
"ch1","data",407.0883055,0.000082,,0x81
"ch1","data",407.0883925,0.000082,,0x9E
"ch1","data",407.088479,0.000082,,0xE3
"ch1","data",407.088566,0.000082,,0x00
"ch1","data",407.0886525,0.000082,,0x1D
"ch1","data",407.0887395,0.000082,,0x00
"ch1","data",407.088826,0.000082,,0x0F
"ch1","data",407.088913,0.000082,,0x00
"ch1","data",407.0889995,0.000082,,0x01
"ch1","data",407.0890865,0.000082,,0x00
"ch1","data",407.089173,0.000082,,0x00
"ch1","data",407.08926,0.000082,,0x00
"ch1","data",407.0893465,0.000082,,0x00
"ch1","data",407.0894335,0.000082,,0x00
"ch1","data",407.08952,0.000082,,0x00
"ch1","data",407.089607,0.000082,,0x09
"ch1","data",407.0896935,0.000082,,0x00
"ch1","data",407.0897805,0.000082,,0x16
"ch1","data",407.089867,0.000082,,0x25
"ch1","data",407.089954,0.000082,,0x61
"ch1","data",407.0900405,0.000082,,0x07
"ch1","data",407.0901275,0.000082,,0x73
"ch1","data",407.090214,0.000082,,0x62
"ch1","data",407.090301,0.000082,,0x00
"ch1","data",407.0903875,0.000082,,0x00
"ch1","data",407.0904745,0.000082,,0xFF
"ch1","data",407.090561,0.000082,,0x04
"ch1","data",407.090648,0.000082,,0xFF
"ch1","data",407.0907345,0.000082,,0x0F
"ch1","data",407.0908215,0.000082,,0x04
"ch1","data",407.090908,0.000082,,0x40
"ch1","data",407.090995,0.000082,,0x0C
"ch1","data",407.0910815,0.000082,,0xFE
"ch1","data",407.0911685,0.000082,,0x00
"ch1","data",407.091255,0.000082,,0x00
"ch1","data",407.091342,0.000082,,0x00
"ch1","data",407.0914285,0.000082,,0x01
"ch1","data",407.0915155,0.000082,,0x00
"ch1","data",407.091602,0.000082,,0x13
"ch1","data",407.091689,0.000082,,0x00
"ch1","data",407.0917755,0.000082,,0x00
"ch1","data",407.0918625,0.000082,,0x2C
"ch1","data",407.091949,0.000082,,0xCC
"ch1","data",407.092036,0.000082,,0xBF
"ch1","data",407.0921225,0.000082,,0xCF
"ch1","data",407.0922095,0.000082,,0x7D
"ch1","data",407.092296,0.000082,,0x0D
"ch1","data",407.092383,0.000082,,0x0A
"ch1","data",407.0924695,0.000082,,0x0D
"ch1","data",407.0925565,0.000082,,0x0A
"ch1","data",407.092643,0.000082,,0x0D
"ch1","data",407.09273,0.000082,,0x0A
"ch1","data",407.0928165,0.000082,,0x00
"ch1","data",407.0929035,0.000082,,0x7B
"ch1","data",407.09299,0.000082,,0x0C
"ch1","data",407.093077,0.000082,,0x00
"ch1","data",407.0931635,0.000082,,0x01
"ch1","data",407.0932505,0.000082,,0x00
"ch1","data",407.093337,0.000082,,0x03
"ch1","data",407.093424,0.000082,,0x00
"ch1","data",407.0935105,0.000082,,0x01
"ch1","data",407.0935975,0.000082,,0x00
"ch1","data",407.093684,0.000082,,0x00
"ch1","data",407.093771,0.000082,,0x00
"ch1","data",407.0938575,0.000082,,0xB0
"ch1","data",407.0939445,0.000082,,0xC0
"ch1","data",407.094031,0.000082,,0x7D
"ch1","data",407.094118,0.000082,,0x0D
"ch1","data",407.0942045,0.000082,,0x0A
"ch0","data",412.8360765,0.000082,,0xDD
"ch0","data",412.836161,0.000082,,0x02
"ch0","data",412.836246,0.000082,,0x00
"ch0","data",412.8363305,0.000082,,0x3B
"ch0","data",412.836415,0.000082,,0x00
"ch0","data",412.8365,0.000082,,0x7B
"ch0","data",412.8365845,0.000082,,0x38
"ch0","data",412.8366695,0.000082,,0x00
"ch0","data",412.836754,0.000082,,0x11
"ch0","data",412.8368385,0.000082,,0x00
"ch0","data",412.836923,0.000082,,0x01
"ch0","data",412.8370075,0.000082,,0x00
"ch0","data",412.8370925,0.000082,,0x00
"ch0","data",412.837177,0.000082,,0x00
"ch0","data",412.8372615,0.000082,,0x01
"ch0","data",412.837346,0.000082,,0x00
"ch0","data",412.837431,0.000082,,0x46
"ch0","data",412.8375155,0.000082,,0x81
"ch0","data",412.8376,0.000082,,0x9E
"ch0","data",412.837685,0.000082,,0xE3
"ch0","data",412.8377695,0.000082,,0x00
"ch0","data",412.837854,0.000082,,0x1D
"ch0","data",412.837939,0.000082,,0x00
"ch0","data",412.8380235,0.000082,,0x0F
"ch0","data",412.838108,0.000082,,0x20
"ch0","data",412.8381925,0.000082,,0x00
"ch0","data",412.838277,0.000082,,0xEB
"ch0","data",412.8383615,0.000082,,0x0A
"ch0","data",412.8384465,0.000082,,0xA5
"ch0","data",412.838531,0.000082,,0x27
"ch0","data",412.838616,0.000082,,0x56
"ch0","data",412.8387005,0.000082,,0x97
"ch0","data",412.838785,0.000082,,0x00
"ch0","data",412.8388695,0.000082,,0x00
"ch0","data",412.8389545,0.000082,,0x00
"ch0","data",412.839039,0.000082,,0x00
"ch0","data",412.8391235,0.000082,,0x00
"ch0","data",412.839208,0.000082,,0x00
"ch0","data",412.839293,0.000082,,0x61
"ch0","data",412.8393775,0.000082,,0x07
"ch0","data",412.839462,0.000082,,0x73
"ch0","data",412.839547,0.000082,,0x62
"ch0","data",412.8396315,0.000082,,0x28
"ch0","data",412.839716,0.000082,,0x00
"ch0","data",412.839801,0.000082,,0x62
"ch0","data",412.8398855,0.000082,,0x00
"ch0","data",412.83997,0.000082,,0x00
"ch0","data",412.840055,0.000082,,0x88
"ch0","data",412.8401395,0.000082,,0x00
"ch0","data",412.8402245,0.000082,,0x00
"ch0","data",412.840309,0.000082,,0x98
"ch0","data",412.8403935,0.000082,,0x00
"ch0","data",412.8404785,0.000082,,0x9F
"ch0","data",412.840563,0.000082,,0x00
"ch0","data",412.840648,0.000082,,0x09
"ch0","data",412.8407325,0.000082,,0x00
"ch0","data",412.840817,0.000082,,0x00
"ch0","data",412.840902,0.000082,,0x00
"ch0","data",412.8409865,0.000082,,0x7A
"ch0","data",412.8410715,0.000082,,0x0E
"ch0","data",412.841156,0.000082,,0x32
"ch0","data",412.8412405,0.000082,,0x5C
"ch0","data",412.8413255,0.000082,,0x7D
"ch0","data",412.84141,0.000082,,0xDD
"ch0","data",412.8414945,0.000082,,0x02
"ch0","data",412.8415795,0.000082,,0x00
"ch0","data",412.841664,0.000082,,0x0F
"ch0","data",412.8417485,0.000082,,0x00
"ch0","data",412.8418335,0.000082,,0x7B
"ch0","data",412.841918,0.000082,,0x0C
"ch0","data",412.842003,0.000082,,0x00
"ch0","data",412.8420875,0.000082,,0x11
"ch0","data",412.842172,0.000082,,0x00
"ch0","data",412.842257,0.000082,,0x00
"ch0","data",412.8423415,0.000082,,0x00
"ch0","data",412.842426,0.000082,,0x00
"ch0","data",412.842511,0.000082,,0x00
"ch0","data",412.8425955,0.000082,,0x01
"ch0","data",412.8426805,0.000082,,0x00
"ch0","data",412.842765,0.000082,,0x61
"ch0","data",412.8428495,0.000082,,0x76
"ch0","data",412.8429345,0.000082,,0x7D
"ch1","data",413.2347485,0.000082,,0x0D
"ch1","data",413.234835,0.000082,,0x0A
"ch1","data",413.234922,0.000082,,0x00
"ch1","data",413.2350085,0.000082,,0x7B
"ch1","data",413.2350955,0.000082,,0x38
"ch1","data",413.235182,0.000082,,0x00
"ch1","data",413.235269,0.000082,,0x01
"ch1","data",413.2353555,0.000082,,0x00
"ch1","data",413.2354425,0.000082,,0x05
"ch1","data",413.235529,0.000082,,0x00
"ch1","data",413.235616,0.000082,,0x01
"ch1","data",413.2357025,0.000082,,0x00
"ch1","data",413.2357895,0.000082,,0x00
"ch1","data",413.235876,0.000082,,0x00
"ch1","data",413.235963,0.000082,,0x46
"ch1","data",413.2360495,0.000082,,0x81
"ch1","data",413.2361365,0.000082,,0x9E
"ch1","data",413.236223,0.000082,,0xE3
"ch1","data",413.23631,0.000082,,0x00
"ch1","data",413.2363965,0.000082,,0x1D
"ch1","data",413.2364835,0.000082,,0x00
"ch1","data",413.23657,0.000082,,0x0F
"ch1","data",413.236657,0.000082,,0x00
"ch1","data",413.2367435,0.000082,,0x01
"ch1","data",413.2368305,0.000082,,0x00
"ch1","data",413.236917,0.000082,,0x00
"ch1","data",413.237004,0.000082,,0x00
"ch1","data",413.2370905,0.000082,,0x00
"ch1","data",413.2371775,0.000082,,0x00
"ch1","data",413.237264,0.000082,,0x00
"ch1","data",413.237351,0.000082,,0x09
"ch1","data",413.2374375,0.000082,,0x00
"ch1","data",413.2375245,0.000082,,0x16
"ch1","data",413.237611,0.000082,,0x25
"ch1","data",413.237698,0.000082,,0x61
"ch1","data",413.2377845,0.000082,,0x07
"ch1","data",413.2378715,0.000082,,0x73
"ch1","data",413.237958,0.000082,,0x62
"ch1","data",413.238045,0.000082,,0x00
"ch1","data",413.2381315,0.000082,,0x00
"ch1","data",413.2382185,0.000082,,0xFF
"ch1","data",413.238305,0.000082,,0x04
"ch1","data",413.238392,0.000082,,0xFF
"ch1","data",413.2384785,0.000082,,0x0F
"ch1","data",413.2385655,0.000082,,0x04
"ch1","data",413.238652,0.000082,,0x40
"ch1","data",413.238739,0.000082,,0x0C
"ch1","data",413.2388255,0.000082,,0xFE
"ch1","data",413.2389125,0.000082,,0x00
"ch1","data",413.238999,0.000082,,0x00
"ch1","data",413.239086,0.000082,,0x00
"ch1","data",413.2391725,0.000082,,0x01
"ch1","data",413.2392595,0.000082,,0x00
"ch1","data",413.239346,0.000082,,0x13
"ch1","data",413.239433,0.000082,,0x00
"ch1","data",413.2395195,0.000082,,0x00
"ch1","data",413.2396065,0.000082,,0x2C
"ch1","data",413.239693,0.000082,,0xCC
"ch1","data",413.23978,0.000082,,0xBF
"ch1","data",413.2398665,0.000082,,0xCF
"ch1","data",413.2399535,0.000082,,0x7D
"ch1","data",413.24004,0.000082,,0x0D
"ch1","data",413.240127,0.000082,,0x0A
"ch1","data",413.2402135,0.000082,,0x0D
"ch1","data",413.2403005,0.000082,,0x0A
"ch1","data",413.240387,0.000082,,0x0D
"ch1","data",413.240474,0.000082,,0x0A
"ch1","data",413.2405605,0.000082,,0x00
"ch1","data",413.2406475,0.000082,,0x7B
"ch1","data",413.240734,0.000082,,0x0C
"ch1","data",413.240821,0.000082,,0x00
"ch1","data",413.2409075,0.000082,,0x01
"ch1","data",413.2409945,0.000082,,0x00
"ch1","data",413.241081,0.000082,,0x03
"ch1","data",413.241168,0.000082,,0x00
"ch1","data",413.2412545,0.000082,,0x01
"ch1","data",413.2413415,0.000082,,0x00
"ch1","data",413.241428,0.000082,,0x00
"ch1","data",413.241515,0.000082,,0x00
"ch1","data",413.2416015,0.000082,,0xB0
"ch1","data",413.2416885,0.000082,,0xC0
"ch1","data",413.241775,0.000082,,0x7D
"ch1","data",413.241862,0.000082,,0x0D
"ch1","data",413.2419485,0.000082,,0x0A
"ch0","data",415.1582065,0.000082,,0xDD
"ch0","data",415.1582915,0.000082,,0x02
"ch0","data",415.158376,0.000082,,0x00
"ch0","data",415.158461,0.000082,,0x3B
"ch0","data",415.1585455,0.000082,,0x00
"ch0","data",415.15863,0.000082,,0x7B
"ch0","data",415.158715,0.000082,,0x38
"ch0","data",415.1587995,0.000082,,0x00
"ch0","data",415.158884,0.000082,,0x11
"ch0","data",415.158969,0.000082,,0x00
"ch0","data",415.1590535,0.000082,,0x01
"ch0","data",415.1591385,0.000082,,0x00
"ch0","data",415.159223,0.000082,,0x00
"ch0","data",415.1593075,0.000082,,0x00
"ch0","data",415.159392,0.000082,,0x01
"ch0","data",415.1594765,0.000082,,0x00
"ch0","data",415.1595615,0.000082,,0x00
"ch0","data",415.159646,0.000082,,0x12
"ch0","data",415.1597305,0.000082,,0x4B
"ch0","data",415.159815,0.000082,,0x00
"ch0","data",415.1599,0.000082,,0x38
"ch0","data",415.1599845,0.000082,,0x0D
"ch0","data",415.160069,0.000082,,0x16
"ch0","data",415.1601535,0.000082,,0xFD
"ch0","data",415.1602385,0.000082,,0x03
"ch0","data",415.160323,0.000082,,0x00
"ch0","data",415.1604075,0.000082,,0x45
"ch0","data",415.1604925,0.000082,,0x09
"ch0","data",415.160577,0.000082,,0xA5
"ch0","data",415.1606615,0.000082,,0x27
"ch0","data",415.1607465,0.000082,,0x2F
"ch0","data",415.160831,0.000082,,0x1D
"ch0","data",415.160916,0.000082,,0xCF
"ch0","data",415.1610005,0.000082,,0xFF
"ch0","data",415.161085,0.000082,,0x00
"ch0","data",415.16117,0.000082,,0x00
"ch0","data",415.1612545,0.000082,,0xEE
"ch0","data",415.161339,0.000082,,0x02
"ch0","data",415.1614235,0.000082,,0x00
"ch0","data",415.161508,0.000082,,0x00
"ch0","data",415.161593,0.000082,,0x00
"ch0","data",415.1616775,0.000082,,0x00
"ch0","data",415.161762,0.000082,,0x00
"ch0","data",415.161847,0.000082,,0x00
"ch0","data",415.1619315,0.000082,,0x0A
"ch0","data",415.1620165,0.000082,,0x04
"ch0","data",415.162101,0.000082,,0x00
"ch0","data",415.1621855,0.000082,,0x00
"ch0","data",415.1622705,0.000082,,0x00
"ch0","data",415.162355,0.000082,,0x00
"ch0","data",415.1624395,0.000082,,0x00
"ch0","data",415.1625245,0.000082,,0x00
"ch0","data",415.162609,0.000082,,0x06
"ch0","data",415.162694,0.000082,,0x01
"ch0","data",415.1627785,0.000082,,0x00
"ch0","data",415.162863,0.000082,,0x00
"ch0","data",415.162948,0.000082,,0x00
"ch0","data",415.1630325,0.000082,,0x00
"ch0","data",415.1631175,0.000082,,0x00
"ch0","data",415.163202,0.000082,,0x00
"ch0","data",415.1632865,0.000082,,0x5B
"ch0","data",415.1633715,0.000082,,0x82
"ch0","data",415.163456,0.000082,,0x7D
"ch0","data",415.2764995,0.000082,,0xDD
"ch0","data",415.2765845,0.000082,,0x01
"ch0","data",415.276669,0.000082,,0x00
"ch0","data",415.2767535,0.000082,,0x0E
"ch0","data",415.276838,0.000082,,0x54
"ch0","data",415.276923,0.000082,,0x58
"ch0","data",415.2770075,0.000082,,0x20
"ch0","data",415.277092,0.000082,,0x66
"ch0","data",415.277177,0.000082,,0x61
"ch0","data",415.2772615,0.000082,,0x69
"ch0","data",415.2773465,0.000082,,0x6C
"ch0","data",415.277431,0.000082,,0x65
"ch0","data",415.2775155,0.000082,,0x64
"ch0","data",415.2776005,0.000082,,0x3A
"ch0","data",415.277685,0.000082,,0x20
"ch0","data",415.2777695,0.000082,,0x30
"ch0","data",415.2778545,0.000082,,0x78
"ch0","data",415.277939,0.000082,,0x63
"ch0","data",415.3909075,0.000082,,0xDD
"ch0","data",415.3909925,0.000082,,0x01
"ch0","data",415.391077,0.000082,,0x00
"ch0","data",415.3911615,0.000082,,0x0E
"ch0","data",415.391246,0.000082,,0x54
"ch0","data",415.391331,0.000082,,0x58
"ch0","data",415.3914155,0.000082,,0x20
"ch0","data",415.3915,0.000082,,0x66
"ch0","data",415.3915845,0.000082,,0x61
"ch0","data",415.3916695,0.000082,,0x69
"ch0","data",415.391754,0.000082,,0x6C
"ch0","data",415.3918385,0.000082,,0x65
"ch0","data",415.3919235,0.000082,,0x64
"ch0","data",415.392008,0.000082,,0x3A
"ch0","data",415.392093,0.000082,,0x20
"ch0","data",415.3921775,0.000082,,0x30
"ch0","data",415.392262,0.000082,,0x78
"ch0","data",415.3923465,0.000082,,0x63
"ch0","data",419.0028295,0.000082,,0xDD
"ch0","data",419.002914,0.000082,,0x02
"ch0","data",419.002999,0.000082,,0x00
"ch0","data",419.0030835,0.000082,,0x3B
"ch0","data",419.003168,0.000082,,0x00
"ch0","data",419.0032525,0.000082,,0x7B
"ch0","data",419.0033375,0.000082,,0x38
"ch0","data",419.003422,0.000082,,0x00
"ch0","data",419.003507,0.000082,,0x11
"ch0","data",419.0035915,0.000082,,0x00
"ch0","data",419.003676,0.000082,,0x01
"ch0","data",419.0037605,0.000082,,0x00
"ch0","data",419.0038455,0.000082,,0x00
"ch0","data",419.00393,0.000082,,0x00
"ch0","data",419.0040145,0.000082,,0x01
"ch0","data",419.004099,0.000082,,0x00
"ch0","data",419.0041835,0.000082,,0x46
"ch0","data",419.0042685,0.000082,,0x81
"ch0","data",419.004353,0.000082,,0x9E
"ch0","data",419.0044375,0.000082,,0xE3
"ch0","data",419.004522,0.000082,,0x00
"ch0","data",419.004607,0.000082,,0x1D
"ch0","data",419.0046915,0.000082,,0x00
"ch0","data",419.004776,0.000082,,0x0F
"ch0","data",419.004861,0.000082,,0x20
"ch0","data",419.0049455,0.000082,,0x00
"ch0","data",419.00503,0.000082,,0xEB
"ch0","data",419.0051145,0.000082,,0x0A
"ch0","data",419.005199,0.000082,,0xA5
"ch0","data",419.005284,0.000082,,0x27
"ch0","data",419.0053685,0.000082,,0x56
"ch0","data",419.005453,0.000082,,0x97
"ch0","data",419.005538,0.000082,,0x00
"ch0","data",419.0056225,0.000082,,0x00
"ch0","data",419.0057075,0.000082,,0x00
"ch0","data",419.005792,0.000082,,0x00
"ch0","data",419.0058765,0.000082,,0x00
"ch0","data",419.0059615,0.000082,,0x00
"ch0","data",419.006046,0.000082,,0x61
"ch0","data",419.006131,0.000082,,0x07
"ch0","data",419.0062155,0.000082,,0x73
"ch0","data",419.0063,0.000082,,0x62
"ch0","data",419.006385,0.000082,,0x28
"ch0","data",419.0064695,0.000082,,0x00
"ch0","data",419.006554,0.000082,,0x62
"ch0","data",419.006639,0.000082,,0x00
"ch0","data",419.0067235,0.000082,,0x00
"ch0","data",419.0068085,0.000082,,0x88
"ch0","data",419.006893,0.000082,,0x00
"ch0","data",419.006978,0.000082,,0x00
"ch0","data",419.0070625,0.000082,,0x98
"ch0","data",419.007147,0.000082,,0x00
"ch0","data",419.007232,0.000082,,0x9F
"ch0","data",419.0073165,0.000082,,0x00
"ch0","data",419.007401,0.000082,,0x09
"ch0","data",419.007486,0.000082,,0x00
"ch0","data",419.0075705,0.000082,,0x00
"ch0","data",419.0076555,0.000082,,0x00
"ch0","data",419.00774,0.000082,,0x7A
"ch0","data",419.0078245,0.000082,,0x0E
"ch0","data",419.007909,0.000082,,0x32
"ch0","data",419.007994,0.000082,,0x5C
"ch0","data",419.0080785,0.000082,,0x7D
"ch0","data",419.0579975,0.000082,,0xDD
"ch0","data",419.058082,0.000082,,0x02
"ch0","data",419.0581665,0.000082,,0x00
"ch0","data",419.0582515,0.000082,,0x0F
"ch0","data",419.058336,0.000082,,0x00
"ch0","data",419.0584205,0.000082,,0x7B
"ch0","data",419.0585055,0.000082,,0x0C
"ch0","data",419.05859,0.000082,,0x00
"ch0","data",419.0586745,0.000082,,0x11
"ch0","data",419.0587595,0.000082,,0x00
"ch0","data",419.058844,0.000082,,0x00
"ch0","data",419.058929,0.000082,,0x00
"ch0","data",419.059013,0.000082,,0x00
"ch0","data",419.059098,0.000082,,0x00
"ch0","data",419.0591825,0.000082,,0x01
"ch0","data",419.059267,0.000082,,0x00
"ch0","data",419.0593515,0.000082,,0x61
"ch0","data",419.0594365,0.000082,,0x76
"ch0","data",419.059521,0.000082,,0x7D
"ch1","data",419.404045,0.000082,,0x0D
"ch1","data",419.404132,0.000082,,0x0A
"ch1","data",419.4042185,0.000082,,0x00
"ch1","data",419.4043055,0.000082,,0x7B
"ch1","data",419.404392,0.000082,,0x38
"ch1","data",419.404479,0.000082,,0x00
"ch1","data",419.4045655,0.000082,,0x01
"ch1","data",419.4046525,0.000082,,0x00
"ch1","data",419.404739,0.000082,,0x05
"ch1","data",419.404826,0.000082,,0x00
"ch1","data",419.4049125,0.000082,,0x01
"ch1","data",419.4049995,0.000082,,0x00
"ch1","data",419.405086,0.000082,,0x00
"ch1","data",419.405173,0.000082,,0x00
"ch1","data",419.4052595,0.000082,,0x46
"ch1","data",419.4053465,0.000082,,0x81
"ch1","data",419.405433,0.000082,,0x9E
"ch1","data",419.40552,0.000082,,0xE3
"ch1","data",419.4056065,0.000082,,0x00
"ch1","data",419.4056935,0.000082,,0x1D
"ch1","data",419.40578,0.000082,,0x00
"ch1","data",419.405867,0.000082,,0x0F
"ch1","data",419.4059535,0.000082,,0x00
"ch1","data",419.4060405,0.000082,,0x01
"ch1","data",419.406127,0.000082,,0x00
"ch1","data",419.406214,0.000082,,0x00
"ch1","data",419.4063005,0.000082,,0x00
"ch1","data",419.4063875,0.000082,,0x00
"ch1","data",419.406474,0.000082,,0x00
"ch1","data",419.406561,0.000082,,0x00
"ch1","data",419.4066475,0.000082,,0x09
"ch1","data",419.4067345,0.000082,,0x00
"ch1","data",419.406821,0.000082,,0x16
"ch1","data",419.406908,0.000082,,0x25
"ch1","data",419.4069945,0.000082,,0x61
"ch1","data",419.4070815,0.000082,,0x07
"ch1","data",419.407168,0.000082,,0x73
"ch1","data",419.407255,0.000082,,0x62
"ch1","data",419.4073415,0.000082,,0x00
"ch1","data",419.4074285,0.000082,,0x00
"ch1","data",419.407515,0.000082,,0xFF
"ch1","data",419.407602,0.000082,,0x04
"ch1","data",419.4076885,0.000082,,0xFF
"ch1","data",419.4077755,0.000082,,0x0F
"ch1","data",419.407862,0.000082,,0x04
"ch1","data",419.407949,0.000082,,0x40
"ch1","data",419.4080355,0.000082,,0x0C
"ch1","data",419.4081225,0.000082,,0xFE
"ch1","data",419.408209,0.000082,,0x00
"ch1","data",419.408296,0.000082,,0x00
"ch1","data",419.4083825,0.000082,,0x00
"ch1","data",419.4084695,0.000082,,0x01
"ch1","data",419.408556,0.000082,,0x00
"ch1","data",419.408643,0.000082,,0x13
"ch1","data",419.4087295,0.000082,,0x00
"ch1","data",419.4088165,0.000082,,0x00
"ch1","data",419.408903,0.000082,,0x2C
"ch1","data",419.40899,0.000082,,0xCC
"ch1","data",419.4090765,0.000082,,0xBF
"ch1","data",419.4091635,0.000082,,0xCF
"ch1","data",419.40925,0.000082,,0x7D
"ch1","data",419.409337,0.000082,,0x0D
"ch1","data",419.4094235,0.000082,,0x0A
"ch1","data",419.4095105,0.000082,,0x0D
"ch1","data",419.409597,0.000082,,0x0A
"ch1","data",419.409684,0.000082,,0x00
"ch1","data",419.4097705,0.000082,,0x7B
"ch1","data",419.4098575,0.000082,,0x38
"ch1","data",419.409944,0.000082,,0x00
"ch1","data",419.410031,0.000082,,0x01
"ch1","data",419.4101175,0.000082,,0x00
"ch1","data",419.4102045,0.000082,,0x05
"ch1","data",419.410291,0.000082,,0x00
"ch1","data",419.410378,0.000082,,0x01
"ch1","data",419.4104645,0.000082,,0x00
"ch1","data",419.4105515,0.000082,,0x00
"ch1","data",419.410638,0.000082,,0x00
"ch1","data",419.410725,0.000082,,0x00
"ch1","data",419.4108115,0.000082,,0x12
"ch1","data",419.4108985,0.000082,,0x4B
"ch1","data",419.410985,0.000082,,0x00
"ch1","data",419.411072,0.000082,,0x38
"ch1","data",419.4111585,0.000082,,0x0D
"ch1","data",419.4112455,0.000082,,0x16
"ch1","data",419.411332,0.000082,,0xFD
"ch1","data",419.411419,0.000082,,0x00
"ch1","data",419.4115055,0.000082,,0x00
"ch1","data",419.4115925,0.000082,,0x00
"ch1","data",419.411679,0.000082,,0x00
"ch1","data",419.411766,0.000082,,0x00
"ch1","data",419.4118525,0.000082,,0x00
"ch1","data",419.4119395,0.000082,,0x00
"ch1","data",419.412026,0.000082,,0x00
"ch1","data",419.412113,0.000082,,0x3E
"ch1","data",419.4121995,0.000082,,0x00
"ch1","data",419.4122865,0.000082,,0xFF
"ch1","data",419.412373,0.000082,,0x41
"ch1","data",419.41246,0.000082,,0x04
"ch1","data",419.4125465,0.000082,,0x00
"ch1","data",419.4126335,0.000082,,0x00
"ch1","data",419.41272,0.000082,,0x00
"ch1","data",419.412807,0.000082,,0x90
"ch1","data",419.4128935,0.000082,,0x01
"ch1","data",419.4129805,0.000082,,0x14
"ch1","data",419.413067,0.000082,,0x00
"ch1","data",419.413154,0.000082,,0x00
"ch1","data",419.4132405,0.000082,,0x00
"ch1","data",419.4133275,0.000082,,0x00
"ch1","data",419.413414,0.000082,,0x00
"ch1","data",419.413501,0.000082,,0x00
"ch1","data",419.4135875,0.000082,,0x00
"ch1","data",419.4136745,0.000082,,0x00
"ch1","data",419.413761,0.000082,,0x00
"ch1","data",419.413848,0.000082,,0x00
"ch1","data",419.4139345,0.000082,,0x00
"ch1","data",419.4140215,0.000082,,0x00
"ch1","data",419.414108,0.000082,,0x00
"ch1","data",419.414195,0.000082,,0x00
"ch1","data",419.4142815,0.000082,,0x00
"ch1","data",419.4143685,0.000082,,0x00
"ch1","data",419.414455,0.000082,,0x00
"ch1","data",419.414542,0.000082,,0xBA
"ch1","data",419.4146285,0.000082,,0x74
"ch1","data",419.4147155,0.000082,,0x7D
"ch1","data",419.414802,0.000082,,0x0D
"ch1","data",419.414889,0.000082,,0x0A
"ch1","data",419.4149755,0.000082,,0x0D
"ch1","data",419.4150625,0.000082,,0x0A
"ch1","data",419.415149,0.000082,,0x0D
"ch1","data",419.415236,0.000082,,0x0A
"ch1","data",419.4153225,0.000082,,0x00
"ch1","data",419.4154095,0.000082,,0x7B
"ch1","data",419.415496,0.000082,,0x0C
"ch1","data",419.415583,0.000082,,0x00
"ch1","data",419.4156695,0.000082,,0x01
"ch1","data",419.4157565,0.000082,,0x00
"ch1","data",419.415843,0.000082,,0x03
"ch1","data",419.41593,0.000082,,0x00
"ch1","data",419.4160165,0.000082,,0x01
"ch1","data",419.4161035,0.000082,,0x00
"ch1","data",419.41619,0.000082,,0x00
"ch1","data",419.416277,0.000082,,0x00
"ch1","data",419.4163635,0.000082,,0xB0
"ch1","data",419.4164505,0.000082,,0xC0
"ch1","data",419.416537,0.000082,,0x7D
"ch1","data",419.416624,0.000082,,0x0D
"ch1","data",419.4167105,0.000082,,0x0A
